Sequence Number: 141
00>
00>
Printing STS0 CIR
00>
00>
_________________________________
00>
-45,15,
-4,-7,
3,40,
-16,21,
-13,29,
20,31,
2,-36,
48,-22,
-14,42,
14,77,
-37,48,
-16,7,
7,-4,
-47,8,
-4,-20,
14,-3,
-20,-5,
-34,-9,
22,-7,
42,-26,
50,-3,
25,-21,
36,48,
-7,36,
9,12,
80,1,
-8,-25,
6,7,
-15,27,
-14,31,
9,-3,
49,-2,
24,25,
18,-1,
-31,19,
-6,15,
22,30,
66,60,
48,10,
2,-8,
12,-41,
50,-7,
-3,24,
21,30,
-34,-3,
-33,37,
-48,31,
-26,23,
50,-50,
33,-55,
-11,26,
-34,14,
-10,27,
68,2,
18,55,
4,3,
-25,16,
1,17,
38,2,
-8,-21,
1,26,
34,25,
-20,-16,
-10,39,
-25,55,
6,16,
-14,-48,
-8,-59,
-60,45,
-43,97,
-63,60,
10,-2,
10,-35,
30,-18,
6,25,
6,42,
-5,48,
-23,35,
-20,33,
-32,-24,
-56,-8,
-109,-12,
-85,-10,
-27,-13,
38,-45,
-48,46,
-11,58,
-47,1,
1,56,
79,11,
109,-2,
45,-8,
43,-31,
39,37,
4,151,
21,-14,
85,-42,
42,-26,
3,-55,
16,-6,
-22,-19,
-3,-4,
8,5,
-46,-7,
-21,19,
11,32,
6,-9,
27,11,
-10,55,
-2,58,
19,35,
-3,38,
-22,-54,
9,29,
-31,2,
-57,11,
-27,-3,
8,6,
-1,41,
0,28,
-10,-18,
70,34,
-41,-32,
37,18,
17,-14,
-7,46,
-24,93,
-2,7,
31,52,
-51,-33,
-22,-1,
-3,-9,
33,31,
-19,1,
79,33,
10,-2,
6,47,
4,3,
-7,12,
43,1,
-19,-21,
-32,-21,
-41,30,
-13,14,
2,-14,
-34,11,
-103,-11,
-75,-25,
-88,-16,
-8,63,
-24,-7,
18,-12,
-18,-41,
42,-10,
31,-9,
14,10,
-5,58,
27,92,
27,63,
15,40,
8,4,
-4,36,
14,-16,
35,-21,
-8,-6,
16,6,
4,41,
7,7,
-36,72,
11,-21,
-19,7,
-13,25,
-13,32,
-86,-9,
-61,-10,
22,-14,
-49,-28,
8,19,
25,44,
23,29,
74,11,
-19,20,
44,20,
-5,35,
1,23,
-79,-8,
-7,-60,
11,-6,
-39,10,
34,72,
18,27,
50,-1,
28,9,
32,33,
30,-25,
22,-15,
52,-43,
37,4,
-7,-21,
6,-55,
-17,-21,
-32,1,
37,47,
9,16,
-32,31,
-17,2,
14,31,
-18,-11,
9,40,
-36,-31,
-37,33,
-13,33,
11,110,
13,55,
18,13,
-33,17,
-24,32,
-9,14,
65,92,
28,-23,
2,-54,
-26,-50,
-2,-35,
39,28,
32,-23,
32,31,
77,1,
7,26,
41,-13,
26,-6,
-8,-51,
-15,15,
18,63,
11,55,
50,29,
-4,-18,
33,-25,
-47,15,
-64,-43,
-12,21,
11,34,
66,36,
64,-2,
24,21,
-29,-19,
-40,6,
-27,5,
17,-36,
62,-42,
4,13,
-40,-2,
-16,-11,
-25,-2,
-10,53,
-41,22,
25,-49,
-2,-45,
43,-73,
78,9,
80,11,
4,-5,
18,20,
-29,-9,
65,-56,
16,36,
22,71,
25,53,
12,-11,
-62,-72,
-11,-40,
-28,-22,
29,-4,
42,18,
56,24,
11,0,
32,20,
-27,26,
-39,29,
-16,29,
45,48,
42,-27,
-15,-20,
-16,-35,
-7,23,
-35,-22,
-46,-5,
1,37,
-22,29,
42,3,
36,-65,
-30,33,
-23,70,
39,40,
57,2,
-2,-2,
-23,51,
23,66,
4,99,
59,57,
45,38,
-33,8,
11,6,
6,-12,
10,-20,
-6,12,
12,24,
37,27,
40,18,
-18,-29,
-11,38,
52,0,
39,27,
2,1,
-53,57,
-56,-29,
-46,-8,
-41,-4,
20,2,
12,-7,
8,-1,
37,-73,
-21,-37,
33,4,
43,8,
-2,-6,
-78,-41,
-70,18,
12,47,
28,-37,
26,4,
10,69,
46,13,
-1,-39,
11,5,
-19,26,
-22,-32,
2,-16,
-43,-1,
-21,-6,
-4,-9,
7,-33,
14,-7,
-17,37,
46,84,
56,-21,
56,17,
50,5,
-15,-38,
40,40,
7,103,
-7,6,
22,-171,
-214,-1318,
-308,-6697,
594,-8147,
1161,-8104,
317,-2658,
-1768,1960,
-1658,926,
221,-792,
2526,-520,
3470,781,
2218,882,
668,439,
-184,811,
-570,1675,
-756,1483,
-330,537,
57,-192,
629,-328,
967,-47,
1636,17,
1903,-687,
1237,-636,
316,-7,
-41,45,
78,-108,
49,-168,
24,23,
-79,338,
-112,358,
-38,246,
114,-45,
62,-20,
-104,95,
-334,270,
-120,112,
66,106,
80,-16,
-1,-15,
21,110,
253,131,
454,38,
231,71,
-178,65,
-154,8,
-136,-24,
-131,9,
-131,89,
-75,64,
-12,24,
-27,54,
18,26,
35,90,
-77,381,
-227,131,
-268,-133,
-178,-239,
-80,-43,
-17,280,
57,451,
-19,365,
-4,258,
-30,187,
-71,-73,
-9,-176,
46,-139,
348,-51,
361,-8,
281,31,
81,23,
-148,134,
-126,167,
-92,79,
-188,41,
-62,7,
153,93,
213,318,
200,464,
22,699,
-205,637,
-223,240,
-260,-52,
-289,-161,
-116,15,
-11,65,
5,65,
-3,52,
-16,46,
43,84,
172,37,
175,29,
127,4,
-14,61,
7,48,
34,66,
43,74,
54,10,
-23,38,
90,-42,
77,41,
89,35,
36,133,
59,199,
-69,145,
-67,79,
-91,79,
-76,114,
-88,57,
-79,83,
-102,145,
-134,154,
-64,114,
15,97,
30,121,
30,75,
20,9,
37,41,
-5,138,
31,64,
106,30,
-1,56,
-86,150,
-124,182,
-80,129,
-55,106,
-91,117,
-185,178,
-186,188,
-54,107,
-6,97,
14,47,
-27,38,
-107,79,
-83,76,
-81,123,
-69,151,
-56,49,
-107,28,
-114,42,
-54,72,
-20,47,
27,23,
-2,67,
-12,95,
-24,91,
-55,160,
34,55,
34,-6,
110,36,
54,56,
15,73,
-10,80,
-9,133,
-18,50,
-115,97,
-61,72,
-24,41,
-31,100,
-24,64,
-74,92,
-37,35,
00>
_________________________________
00>
00>
Printing STS1 CIR
00>
00>
_________________________________
00>
-54,-14,
-40,20,
-19,41,
19,36,
7,27,
-29,70,
-19,-11,
1,14,
9,79,
26,27,
33,50,
15,33,
-7,46,
-28,49,
49,40,
9,-12,
-73,-46,
-99,31,
-35,23,
18,18,
82,58,
15,88,
-2,74,
-10,17,
-25,44,
-20,52,
-51,27,
-16,34,
-24,45,
-30,-2,
-14,31,
15,54,
-31,-11,
-9,0,
27,24,
17,-6,
31,17,
-35,-21,
-26,-4,
-22,9,
23,24,
28,33,
29,62,
-11,32,
24,22,
67,19,
86,6,
49,26,
-15,64,
-33,18,
-5,62,
13,59,
-9,88,
39,30,
24,6,
13,-5,
-31,-41,
-37,-21,
-31,11,
-11,18,
-9,16,
23,40,
26,0,
8,-9,
-25,23,
-37,37,
-18,-12,
-12,-27,
17,-38,
21,-8,
11,-34,
-34,24,
-75,93,
-96,55,
-64,66,
-36,94,
-7,3,
35,31,
26,-19,
-92,-14,
-73,8,
-37,21,
-57,34,
-66,49,
-3,127,
33,38,
31,-29,
-14,-30,
13,27,
-21,145,
54,88,
18,-30,
28,-14,
20,3,
-20,52,
36,39,
-6,35,
-19,63,
-20,4,
-58,-3,
-34,67,
9,24,
24,-49,
-40,-21,
-52,17,
-103,-10,
-25,46,
20,18,
3,3,
60,21,
-8,44,
-14,86,
-40,27,
-26,9,
71,-38,
33,-32,
21,-29,
27,-45,
43,27,
16,-35,
-47,-33,
0,25,
12,-60,
10,-29,
26,10,
6,1,
44,-10,
7,8,
-44,58,
-68,103,
27,4,
11,3,
-26,15,
-9,-33,
1,-22,
50,13,
-3,-68,
43,21,
5,44,
21,82,
26,44,
10,54,
49,34,
-4,-1,
-29,8,
-102,-26,
8,19,
-26,32,
-15,35,
7,51,
-12,8,
19,32,
31,61,
30,-23,
42,-34,
6,71,
6,45,
29,27,
38,-11,
28,7,
25,-9,
10,66,
17,29,
-20,29,
28,69,
-39,18,
-76,32,
-51,12,
12,-16,
38,-21,
43,-40,
51,26,
49,15,
20,33,
49,47,
83,73,
51,38,
1,22,
-67,31,
-3,76,
41,54,
13,21,
30,23,
11,31,
-14,70,
-44,15,
-3,10,
-9,-36,
-9,11,
-6,-18,
0,-30,
6,29,
71,6,
59,63,
53,-1,
19,20,
32,42,
-42,4,
18,-3,
-1,21,
-10,37,
10,3,
-25,-9,
5,30,
19,1,
-2,-9,
-6,5,
15,16,
10,20,
-35,-79,
-29,40,
-31,65,
-17,79,
-28,66,
-42,44,
-42,47,
-13,21,
54,15,
-19,48,
27,56,
-16,48,
43,14,
66,61,
25,60,
9,29,
51,23,
38,36,
-13,46,
71,5,
15,-7,
87,-31,
75,1,
38,30,
6,0,
-72,23,
15,32,
-4,43,
-50,50,
-68,21,
45,24,
26,7,
13,50,
-18,69,
-43,29,
10,21,
18,17,
-65,72,
-53,71,
-18,47,
-11,17,
25,69,
-5,80,
3,50,
20,55,
25,-19,
-25,27,
48,36,
86,-15,
95,-22,
26,-16,
-47,82,
-86,9,
-38,-13,
20,-39,
25,5,
61,19,
40,-20,
-26,-12,
-36,19,
23,24,
69,91,
11,11,
21,39,
10,49,
-65,20,
-42,42,
4,51,
-5,60,
-16,1,
-68,18,
-24,16,
-18,48,
-18,-22,
17,24,
8,3,
-18,14,
34,-35,
25,-25,
-12,-37,
-31,-62,
15,8,
-16,23,
-5,51,
79,-49,
27,-28,
49,49,
-48,-13,
-72,-32,
4,40,
39,-7,
52,-24,
23,23,
-12,40,
17,17,
16,-4,
39,4,
-52,19,
-20,22,
24,-7,
42,-16,
103,-66,
13,38,
-47,54,
-26,41,
-34,-32,
-9,-16,
-3,32,
-6,36,
64,-39,
25,16,
-21,13,
-25,20,
-11,44,
-50,36,
30,71,
-5,23,
1,-30,
-72,3,
-24,28,
22,-22,
46,13,
-87,27,
-45,19,
-21,-19,
17,-6,
18,26,
43,42,
14,49,
-52,32,
29,22,
44,3,
-22,58,
14,39,
-9,-1,
38,44,
36,37,
48,-40,
-15,-10,
-42,-17,
27,15,
65,3,
-102,-66,
-460,-1113,
-1068,-5403,
-277,-8092,
209,-7699,
-850,-1813,
-2630,2709,
-2747,1572,
-1915,-2038,
-2333,-5173,
-2821,-5189,
-2381,-2710,
-1069,-457,
-72,-253,
406,-1197,
626,-1899,
550,-1046,
401,37,
423,812,
658,107,
1234,91,
1185,451,
397,430,
-519,289,
-530,-227,
-187,-435,
215,-267,
374,137,
267,250,
157,220,
36,308,
-50,374,
-65,381,
-67,452,
-113,637,
-34,192,
170,218,
230,530,
142,476,
171,357,
187,197,
138,-154,
162,-275,
259,-59,
257,178,
177,220,
97,229,
87,196,
66,217,
257,180,
306,187,
150,3,
-4,17,
-53,-62,
-33,-29,
35,16,
15,118,
-129,271,
-327,334,
-287,188,
-4,-73,
54,-107,
10,-101,
-84,6,
-76,-7,
85,-23,
418,62,
388,53,
233,89,
49,53,
117,-96,
310,-55,
327,238,
165,312,
42,213,
246,345,
253,358,
296,409,
181,648,
-24,827,
-175,413,
-211,10,
-223,-315,
-51,-61,
-42,4,
-13,162,
-15,190,
-81,118,
-27,-24,
-52,-115,
66,6,
150,266,
48,267,
-17,190,
-9,91,
35,30,
68,1,
71,-12,
71,41,
63,-30,
59,40,
40,90,
57,59,
25,83,
87,108,
125,110,
76,84,
85,73,
58,101,
15,152,
48,166,
100,111,
22,141,
-2,189,
-8,165,
20,41,
53,80,
80,98,
96,140,
36,147,
-16,120,
32,171,
81,213,
152,257,
69,155,
51,63,
-16,95,
26,116,
28,145,
28,153,
20,133,
10,34,
65,57,
34,241,
-6,246,
32,127,
63,140,
81,106,
54,123,
36,106,
-40,103,
-11,107,
29,155,
56,116,
7,137,
25,95,
-16,82,
-41,97,
-29,48,
122,82,
92,138,
58,131,
-7,103,
-15,146,
22,178,
11,166,
-18,136,
-25,50,
-25,38,
-17,92,
39,39,
00>
_________________________________
00>
_________________________________
Sequence Number: 144
00>
00>
Printing STS0 CIR
00>
00>
_________________________________
00>
-13,53,
21,22,
-15,24,
-2,0,
16,53,
-12,22,
-8,-20,
-46,-44,
10,-43,
-58,37,
-44,35,
24,-40,
0,17,
-39,-5,
-15,-13,
-76,21,
-59,-8,
3,20,
-8,32,
-11,22,
38,13,
2,18,
83,22,
19,-65,
-39,-50,
39,-29,
51,-29,
32,24,
1,11,
-5,25,
-14,12,
38,-15,
16,8,
-33,29,
-63,20,
0,36,
34,-9,
54,-2,
85,10,
8,13,
18,-15,
-1,44,
43,37,
5,46,
-6,-10,
-57,-17,
-27,-10,
48,-15,
34,49,
92,30,
49,15,
6,34,
-10,57,
19,-44,
24,-64,
-24,7,
-41,0,
-4,-66,
-14,-74,
-51,-13,
13,39,
16,4,
6,-31,
10,-62,
55,-8,
62,28,
41,43,
-11,-3,
-42,-26,
-2,-6,
-10,-21,
30,13,
-42,10,
-24,1,
3,15,
-9,28,
-65,26,
2,61,
38,36,
23,64,
23,57,
-34,-3,
33,-17,
-1,-64,
-2,-75,
-52,-26,
-3,21,
-5,53,
-28,2,
8,-18,
59,43,
11,64,
26,-43,
-30,-9,
40,2,
-26,-29,
-75,11,
-6,53,
50,22,
-1,27,
-10,8,
-25,20,
-45,37,
-37,22,
-38,12,
-6,51,
-11,-7,
33,-11,
27,29,
-11,39,
11,-11,
43,35,
18,14,
-58,32,
-27,-55,
-2,50,
-22,69,
21,13,
11,29,
-14,36,
31,26,
40,84,
-18,5,
-14,-5,
-42,62,
-18,55,
5,-44,
0,12,
-9,-22,
-64,49,
-56,9,
6,2,
-37,-8,
-38,-8,
-87,-14,
-49,-6,
-26,58,
-7,45,
15,12,
23,-4,
-1,23,
18,80,
-27,94,
-46,-15,
-61,-29,
-64,12,
-15,21,
-18,16,
14,43,
-29,26,
-67,15,
-4,22,
-42,-19,
8,-29,
-23,15,
5,7,
18,12,
8,27,
8,54,
25,90,
-3,40,
24,-28,
10,8,
35,81,
41,57,
29,-13,
52,-10,
44,51,
33,63,
26,27,
-23,-2,
27,46,
75,-72,
53,-41,
-25,-22,
-42,-4,
59,23,
10,28,
13,-16,
-19,-14,
15,22,
81,25,
43,15,
36,4,
-13,34,
-19,38,
-42,-8,
18,32,
-31,21,
-1,22,
-11,55,
15,45,
45,21,
18,11,
4,106,
-54,16,
-7,44,
-13,-33,
-2,-7,
-1,-17,
-40,-9,
-18,5,
-24,-44,
-59,1,
-38,23,
37,-32,
25,-39,
6,-2,
-29,68,
58,-9,
-40,-46,
74,-12,
69,50,
120,14,
45,37,
8,-6,
-2,-38,
5,37,
-6,11,
-38,21,
-17,-6,
6,29,
-4,7,
-69,21,
-44,23,
-47,-31,
-20,33,
19,82,
30,60,
-30,-5,
-31,-12,
-23,26,
21,20,
52,58,
1,52,
-35,45,
-14,56,
-29,82,
-4,-6,
58,-3,
-14,22,
-18,26,
-2,18,
-11,-1,
43,-5,
69,34,
92,38,
94,-6,
16,16,
16,69,
-10,-21,
-20,-37,
15,32,
16,58,
35,7,
-12,-19,
5,-53,
27,-2,
30,-5,
105,-25,
83,63,
44,23,
60,41,
-8,58,
-56,-51,
-35,-88,
25,19,
34,10,
3,13,
-25,87,
42,50,
57,31,
57,-31,
93,-20,
14,41,
3,76,
-42,40,
-15,9,
32,6,
30,-27,
-27,-15,
-24,-3,
-23,4,
-12,22,
-5,-33,
-9,36,
7,65,
-33,50,
38,-18,
67,-11,
82,-35,
24,-31,
11,-17,
-29,19,
-21,16,
-46,-1,
-9,9,
21,62,
14,40,
-25,29,
-55,27,
-40,57,
-11,54,
15,-18,
127,-66,
33,-60,
5,37,
-32,20,
12,-47,
-50,15,
-39,37,
11,23,
-4,14,
56,-11,
54,18,
-10,77,
-38,58,
-33,29,
-19,34,
-31,22,
-18,36,
-46,42,
-4,-9,
11,19,
4,28,
-19,34,
55,40,
47,17,
36,31,
38,24,
-65,26,
-14,7,
-29,-92,
-41,-28,
-59,2,
-33,34,
48,4,
54,31,
7,10,
-8,-22,
6,67,
-14,41,
18,44,
-17,39,
-40,-24,
-24,-3,
-51,0,
-43,27,
7,-10,
50,29,
60,-53,
78,-5,
-25,22,
-5,-25,
-41,16,
24,684,
-148,4794,
-1283,8034,
-1973,8017,
-2146,7636,
84,-560,
1001,-3383,
296,-854,
406,488,
1951,-380,
3101,-1686,
1540,-1412,
-514,-122,
-2209,1108,
-2363,1277,
-1013,495,
26,-35,
180,-257,
-637,-121,
-1113,-218,
-1560,-425,
-367,-263,
512,-470,
484,-311,
164,9,
-9,298,
-47,-34,
-81,-360,
-108,-410,
-79,-364,
-64,-183,
-50,-197,
-34,-172,
-76,-386,
10,-122,
85,-45,
342,44,
206,45,
75,-194,
-99,-260,
-305,-282,
-455,-242,
-568,-230,
-410,-154,
-235,-216,
109,-334,
412,-303,
430,-127,
204,-53,
-81,84,
-59,2,
0,27,
147,-27,
109,-239,
81,-330,
10,-158,
-11,-74,
79,-62,
118,14,
88,175,
-3,182,
-141,117,
-201,89,
-96,240,
-65,327,
-159,484,
-150,-25,
-92,-71,
-222,-367,
-163,-508,
-73,-565,
80,-179,
178,-94,
177,-86,
195,-272,
111,-429,
166,-522,
607,-695,
883,-544,
522,-158,
206,120,
92,314,
81,7,
124,-7,
52,-77,
-22,-183,
-39,-126,
-35,-127,
-44,-211,
77,-157,
73,-128,
50,-73,
3,-6,
55,28,
87,122,
81,38,
32,-60,
-23,-193,
-7,-2,
5,-1,
15,-41,
-60,-91,
-55,-227,
19,-141,
15,-59,
59,1,
22,80,
88,-74,
63,-118,
112,-134,
66,-107,
87,-82,
71,-90,
109,-88,
70,-5,
51,12,
65,-53,
22,-33,
26,-168,
-43,-98,
-33,-91,
2,-38,
46,-58,
35,28,
-10,49,
74,49,
85,-6,
-26,23,
-21,-15,
17,15,
43,-9,
110,-16,
70,-34,
39,-31,
10,-54,
14,-72,
2,-31,
-26,-37,
-118,-27,
-81,-90,
-20,-90,
48,-81,
-75,-55,
-87,-107,
-40,-85,
-67,-89,
-12,-41,
-26,-27,
-79,-60,
-37,-78,
18,-130,
46,-45,
42,-19,
31,-3,
53,-28,
38,-52,
5,-15,
00>
_________________________________
00>
00>
Printing STS1 CIR
00>
00>
_________________________________
00>
14,-34,
14,-5,
-23,54,
47,-23,
35,-39,
42,14,
-47,7,
0,71,
11,33,
39,22,
-9,25,
16,-17,
33,43,
0,-22,
-61,2,
-66,-8,
28,22,
8,67,
52,-16,
-31,-55,
-16,-49,
29,33,
52,9,
-27,-7,
-51,-78,
27,1,
46,52,
-4,35,
29,36,
2,50,
-43,-8,
-9,-54,
0,40,
6,58,
12,-73,
29,-38,
14,-61,
53,45,
10,27,
72,-72,
1,-12,
17,-41,
20,13,
32,-19,
-22,-45,
-34,-18,
-44,-12,
-30,6,
-28,21,
-17,2,
-26,10,
-2,-40,
-38,25,
-33,36,
23,60,
46,31,
-25,-42,
-9,-37,
13,-34,
26,-70,
-9,-24,
44,34,
-43,52,
10,9,
30,-18,
36,2,
-18,-8,
21,-67,
29,-65,
-10,-21,
22,17,
-72,-4,
26,-9,
38,53,
-3,42,
-45,59,
10,-9,
24,-60,
8,-31,
16,31,
80,72,
73,-23,
-59,-20,
54,45,
102,25,
104,10,
121,-13,
37,-7,
-10,-74,
20,-59,
-5,-21,
47,-62,
12,-46,
-29,-15,
-2,2,
-17,-2,
-7,-7,
-18,13,
0,-2,
43,-26,
58,-9,
54,30,
31,26,
9,45,
-42,9,
-50,-21,
76,-68,
-1,-1,
-129,28,
-97,43,
-4,1,
16,-13,
20,-16,
-4,5,
-21,37,
-10,63,
23,46,
119,19,
53,53,
1,-28,
-13,-26,
-40,-77,
10,-44,
9,18,
-20,33,
-32,36,
-16,141,
-28,28,
6,17,
25,7,
27,-111,
4,-25,
-21,7,
-25,22,
-4,21,
14,-35,
23,-37,
11,13,
-34,-2,
-9,-13,
-9,-1,
-10,-25,
-26,-51,
36,-14,
15,2,
44,10,
38,9,
35,-4,
-6,15,
68,-26,
65,-23,
76,-24,
34,-26,
52,-17,
-33,15,
-85,-11,
-3,28,
48,99,
-18,64,
44,0,
7,22,
40,-16,
3,-68,
9,3,
-1,50,
-51,59,
-99,10,
-42,12,
0,30,
5,27,
29,-8,
-42,16,
-50,-31,
-38,-1,
5,-25,
-34,12,
34,-36,
9,-9,
19,17,
46,91,
64,10,
-14,-61,
-37,0,
30,-43,
12,0,
1,-32,
-44,21,
-69,-6,
23,50,
-52,-40,
-11,-1,
9,95,
31,57,
2,-13,
-23,-9,
25,-34,
85,67,
62,1,
44,34,
25,-48,
31,-19,
1,-79,
-18,-51,
29,-53,
44,21,
4,-6,
-1,33,
-33,17,
-41,14,
36,36,
13,36,
-47,-4,
-3,10,
-6,6,
36,18,
71,10,
-11,-4,
-35,-41,
-16,31,
-50,-11,
-14,1,
-55,-9,
-11,44,
4,-6,
32,-18,
0,-20,
-11,-60,
0,-5,
-1,-1,
24,44,
-39,-9,
-7,26,
6,22,
-3,-24,
-38,13,
-61,38,
-30,9,
-12,-10,
43,2,
-2,-2,
45,-18,
13,3,
-10,86,
-7,45,
14,34,
25,50,
31,30,
16,4,
57,3,
69,-1,
-2,36,
-4,41,
-18,62,
-23,74,
42,102,
-1,13,
-18,-21,
-30,-70,
27,-75,
42,1,
19,114,
-46,46,
-78,5,
-83,-57,
45,-24,
27,18,
1,18,
-7,-11,
5,-4,
12,2,
28,31,
52,61,
105,64,
71,65,
9,37,
39,29,
113,-23,
137,23,
86,2,
55,0,
-3,-25,
-9,-32,
-17,16,
-5,23,
29,-54,
25,-35,
6,9,
-17,-13,
-20,8,
16,-57,
-39,-52,
35,-40,
91,79,
48,11,
52,26,
-23,90,
-10,29,
53,54,
-10,8,
7,-14,
-16,30,
27,62,
25,20,
22,5,
11,-25,
34,-10,
10,83,
7,33,
29,29,
24,8,
-47,25,
-31,20,
-10,-16,
49,-50,
65,-3,
73,37,
-9,61,
-21,5,
6,-12,
2,30,
16,29,
35,2,
20,-38,
26,39,
76,11,
0,18,
1,-26,
36,-52,
91,6,
114,-35,
5,-26,
9,-33,
6,52,
1,75,
20,49,
31,51,
-23,27,
-23,28,
-24,37,
40,60,
13,14,
20,25,
-54,42,
-32,5,
42,17,
27,-32,
-14,-39,
-27,-61,
-19,-5,
16,35,
-3,35,
25,-6,
56,-41,
78,6,
22,74,
192,650,
271,3784,
-842,7913,
-1740,7874,
-1069,5367,
1307,-911,
1568,-2125,
-523,-430,
-2598,-389,
-2988,-1784,
-2048,-2173,
-908,-1052,
95,-545,
1183,-1051,
2253,-1633,
1893,-1092,
557,-182,
-481,139,
-1153,-216,
-1545,-388,
-2062,-773,
-1216,-120,
-307,-34,
252,-52,
424,-2,
139,63,
-15,-267,
69,-551,
89,-517,
-180,-220,
-636,200,
-509,431,
-9,365,
436,534,
441,137,
280,45,
155,-147,
-36,-119,
-122,137,
-195,300,
-463,317,
-560,24,
-346,-351,
40,-331,
172,-182,
96,-130,
-171,-74,
-218,76,
-31,154,
216,220,
389,50,
264,-1,
191,-339,
115,-271,
167,-287,
80,-50,
16,-94,
-222,-378,
-334,-447,
-265,-277,
-250,-192,
-273,-170,
-153,-116,
-146,48,
-164,57,
-55,107,
-5,-4,
142,52,
308,127,
263,184,
170,211,
120,35,
39,-41,
51,-152,
-37,-257,
-42,-339,
56,-312,
383,-483,
735,-541,
724,-249,
293,58,
-47,257,
-125,15,
-36,-2,
-2,59,
-12,6,
47,25,
67,-44,
42,74,
119,133,
10,94,
10,25,
8,-44,
56,-44,
17,12,
64,11,
80,56,
73,-10,
82,-12,
-15,-4,
-185,-52,
-132,-79,
-24,-106,
-12,-64,
4,-6,
26,52,
47,71,
45,110,
69,67,
100,13,
45,-74,
16,-52,
31,2,
68,31,
91,-19,
62,-5,
41,19,
-10,21,
-19,33,
4,-12,
-47,12,
-37,-18,
-9,35,
-54,37,
-12,-13,
42,-53,
94,-134,
91,-81,
113,44,
116,-2,
63,-32,
125,-12,
155,-163,
137,-113,
106,-119,
5,-5,
-59,55,
-30,43,
37,92,
48,4,
77,46,
54,50,
52,-3,
48,-13,
-13,-28,
30,24,
-26,17,
58,41,
63,25,
43,-27,
37,-69,
52,-4,
78,4,
64,6,
72,-20,
-22,41,
-24,40,
00>
_________________________________
00>
RX Timestamp: 137996021038
00>
Clock Offset: -1428.223 Hz, 0.179 ppm
00>
RX Timestamp: 139067926019
00>
Clock Offset: -699.234 Hz, 0.088 ppm
00>
_________________________________
Sequence Number: 21
00>
00>
Printing STS0 CIR
00>
00>
_________________________________
00>
9,26,
10,79,
-14,28,
18,-20,
9,-65,
-36,-135,
-10,-49,
-10,-12,
-2,70,
28,14,
75,28,
83,-50,
23,-69,
11,-71,
1,-3,
16,53,
51,21,
12,84,
-13,22,
5,24,
18,31,
57,59,
47,62,
7,-10,
1,-88,
19,-49,
12,-7,
26,73,
-26,59,
-37,61,
-33,-5,
6,-52,
-23,9,
-23,16,
-38,-5,
39,14,
-29,2,
-4,3,
-62,-19,
-4,29,
42,-16,
-2,-1,
45,38,
55,43,
39,12,
55,-26,
46,19,
7,54,
-31,40,
-29,3,
16,29,
-57,-10,
-70,-52,
-40,-57,
-37,-18,
20,50,
0,21,
19,-8,
-60,-13,
-26,-28,
7,7,
67,30,
34,33,
14,-36,
-50,-16,
-14,-55,
10,-28,
8,-12,
39,-1,
47,75,
9,-9,
20,-38,
-9,-1,
-16,-4,
-11,11,
7,-22,
-49,-32,
-48,-5,
-39,53,
28,47,
8,47,
-14,91,
-28,-16,
8,-52,
15,21,
20,31,
38,71,
63,157,
37,27,
13,20,
5,0,
18,21,
54,56,
-26,0,
-18,-1,
-25,6,
-43,6,
-58,11,
8,-21,
77,-26,
38,22,
14,120,
14,80,
9,-6,
57,-44,
64,-22,
39,-6,
-60,59,
-8,21,
15,-74,
2,-29,
26,8,
-48,53,
-46,-29,
-23,-28,
29,-25,
-5,-89,
-66,-27,
-45,-95,
-90,-2,
-44,46,
7,43,
-27,10,
-16,-33,
33,-43,
65,-33,
64,-8,
-8,-4,
13,11,
-41,-17,
30,-18,
51,-27,
44,62,
3,66,
-18,82,
95,-42,
53,-49,
-30,-2,
-53,7,
-4,99,
28,-21,
-6,-36,
-24,-17,
12,60,
87,74,
51,-30,
3,-34,
-13,-31,
11,37,
32,65,
41,35,
38,4,
-15,6,
-11,55,
65,-22,
-48,16,
-14,27,
30,8,
13,-9,
-37,22,
-56,13,
-40,-2,
7,22,
10,2,
40,39,
44,24,
32,-24,
64,21,
10,12,
-19,-29,
-10,-34,
-5,-5,
-6,-32,
33,16,
-7,-14,
36,-30,
70,-84,
48,44,
-15,29,
37,4,
-61,-2,
-60,-73,
-4,-44,
32,-14,
82,14,
-5,4,
33,-32,
-28,17,
15,30,
52,-9,
-17,-39,
36,26,
-51,28,
-41,11,
15,-5,
-2,18,
24,22,
36,73,
19,40,
30,65,
29,-39,
-25,-28,
-46,-3,
-43,12,
-45,-57,
-59,-61,
-63,-32,
1,-38,
52,-62,
16,0,
56,21,
4,12,
27,-29,
-42,-46,
-44,-80,
-7,-28,
18,5,
49,-10,
4,24,
-15,-2,
28,33,
-28,1,
-46,-5,
-22,49,
-22,36,
-32,-21,
3,-18,
-31,0,
3,5,
52,88,
19,-25,
43,-6,
14,-6,
-3,-28,
17,-30,
-19,60,
-11,13,
-13,-11,
4,14,
63,13,
7,13,
11,26,
-27,40,
2,-3,
-28,-56,
14,-49,
-7,-91,
28,-4,
-18,35,
-14,15,
56,14,
140,51,
94,-5,
0,14,
7,49,
-13,37,
-21,77,
-33,-7,
-28,-30,
-23,-40,
-7,-47,
1,9,
2,23,
-55,31,
-8,44,
-28,7,
9,-10,
70,90,
43,-7,
-41,-42,
-12,-41,
56,-36,
37,-37,
10,-26,
47,-1,
32,20,
14,56,
-15,68,
28,98,
-52,10,
0,0,
22,-19,
13,48,
5,40,
-82,54,
-5,69,
46,-4,
-20,-39,
-34,-98,
-53,-15,
18,-7,
-18,-20,
38,-29,
-46,27,
-38,-13,
44,33,
39,-5,
-57,26,
-6,-22,
-16,-29,
86,-45,
-33,42,
-30,29,
28,4,
20,-8,
50,-43,
45,-77,
43,-19,
7,40,
2,87,
-9,33,
-36,-58,
-58,-36,
-96,17,
-35,6,
-59,53,
19,39,
33,-23,
-16,39,
-13,-8,
-17,86,
-20,1,
-11,-24,
5,-41,
-28,-38,
-8,-20,
19,-11,
-65,-45,
41,-10,
58,23,
44,-40,
32,-72,
47,-19,
53,38,
49,4,
15,-16,
7,5,
34,12,
71,0,
39,-38,
-17,-66,
-44,-38,
-3,-44,
42,-2,
39,11,
55,-2,
5,-13,
17,55,
44,8,
3,-1,
-8,3,
-9,-37,
26,38,
-31,25,
63,-72,
713,-633,
4771,-2994,
7590,-3855,
7766,-3184,
3879,-1553,
-2028,-718,
-1900,-984,
615,-200,
2054,1902,
1520,3627,
518,2583,
13,826,
-664,203,
-1571,209,
-1722,131,
-744,-86,
166,-45,
639,259,
426,805,
657,1376,
1650,1546,
1164,911,
333,372,
-55,64,
137,46,
209,-55,
-67,-104,
-313,-4,
-348,32,
-158,77,
162,126,
50,8,
-104,-108,
-331,-256,
-59,-98,
38,107,
35,134,
-113,-27,
-151,28,
21,233,
191,452,
17,268,
-145,-22,
-83,-134,
-29,-115,
-69,-91,
-81,-102,
-48,-106,
17,-27,
2,9,
-43,6,
-32,17,
-355,19,
-302,-241,
-224,-338,
3,-181,
-33,-38,
-156,147,
-314,276,
-298,177,
-207,92,
-122,3,
25,-35,
75,-52,
118,-23,
237,228,
188,357,
91,246,
-69,115,
-134,4,
-199,29,
-73,-32,
-64,-144,
-15,-221,
-78,-37,
-124,235,
-197,390,
-518,431,
-738,196,
-434,-39,
-147,-95,
73,-114,
15,-39,
58,11,
35,31,
-90,6,
-23,12,
-22,77,
73,205,
104,225,
12,177,
-39,136,
-97,62,
-90,53,
17,41,
22,29,
-14,2,
-35,76,
-39,25,
-4,24,
-19,91,
-33,128,
-76,65,
-64,-50,
-124,-51,
-96,-106,
-126,-101,
-99,-53,
-108,16,
-92,39,
-33,68,
-69,78,
-66,44,
-161,8,
7,-67,
-16,-23,
-149,36,
-31,79,
-80,69,
-55,27,
-32,33,
-5,-3,
-36,20,
-121,-26,
-193,-49,
-209,-8,
-215,16,
-137,3,
-73,21,
-146,61,
-34,-74,
-57,-75,
-130,-39,
-107,-27,
-92,-9,
-60,58,
-94,-41,
-42,-69,
-77,-94,
-31,-30,
2,-1,
20,76,
16,77,
-25,66,
-31,14,
-68,6,
-36,71,
-21,32,
-64,26,
-63,17,
-87,11,
-65,-35,
-126,-26,
-155,-65,
-48,36,
-16,18,
-27,-13,
00>
_________________________________
00>
00>
Printing STS1 CIR
00>
00>
_________________________________
00>
-1,84,
37,65,
18,28,
26,12,
-39,-23,
-27,-30,
-35,-55,
-37,29,
-5,-4,
15,27,
0,1,
8,-11,
-39,82,
20,18,
-38,29,
-25,47,
-38,6,
39,20,
12,-8,
8,0,
25,-3,
13,24,
-11,-8,
8,19,
52,-13,
33,-15,
5,28,
-40,-24,
13,24,
53,-11,
9,21,
14,40,
-16,53,
-1,-10,
10,1,
25,5,
59,-26,
22,-39,
9,-44,
-49,-38,
-51,-13,
-12,-4,
18,59,
55,8,
55,4,
-21,-3,
-13,12,
-2,50,
14,-4,
13,-5,
-28,36,
-65,36,
-7,-48,
22,-14,
29,-22,
34,-42,
-56,-37,
4,-58,
54,-16,
12,7,
-42,56,
-13,5,
50,31,
11,60,
-1,95,
17,28,
16,50,
-3,22,
29,-4,
-7,44,
-9,7,
11,-38,
38,-3,
42,44,
75,53,
31,4,
5,0,
25,-30,
41,0,
28,-5,
22,1,
-3,33,
6,72,
3,-19,
-70,0,
-38,-37,
-20,0,
-67,60,
-32,9,
-42,57,
-29,39,
-62,-17,
-39,-61,
5,-62,
-13,-30,
20,-23,
8,-15,
-28,17,
-40,-36,
45,1,
67,88,
31,66,
28,-5,
94,-25,
46,-74,
-25,-2,
9,37,
9,79,
90,31,
23,-76,
42,-52,
33,13,
42,-48,
-19,-17,
0,27,
-9,-4,
8,20,
61,92,
11,75,
-5,38,
-51,-37,
-27,-4,
29,48,
-30,40,
-50,18,
-34,54,
-8,-2,
-3,-14,
12,28,
25,28,
27,-9,
-4,0,
14,16,
69,-27,
34,17,
-16,-62,
-41,-36,
-54,-66,
-24,-7,
72,-10,
113,-59,
40,-5,
14,8,
16,-21,
-42,41,
28,12,
59,-10,
5,18,
17,-37,
15,-33,
7,21,
25,15,
37,-64,
-2,57,
-26,24,
25,-4,
25,15,
4,-48,
-12,-65,
-44,-28,
19,-17,
18,-27,
45,-3,
80,-36,
39,-29,
23,-6,
34,-11,
-61,-35,
-64,44,
-38,16,
48,38,
48,-28,
40,10,
48,-14,
-32,-22,
-26,5,
3,4,
9,81,
-21,-26,
-19,37,
-45,-14,
-35,-8,
-36,-1,
5,-34,
14,-55,
31,-51,
-21,67,
-51,56,
17,11,
10,17,
18,-45,
-62,-7,
-44,4,
-3,36,
15,-3,
-29,0,
-10,5,
34,-28,
25,-4,
-25,-16,
-14,-14,
-5,-66,
-29,-57,
-42,16,
43,36,
-59,42,
23,31,
-7,23,
-3,-9,
9,20,
29,70,
7,15,
-3,44,
4,19,
-45,27,
-40,-54,
-7,-105,
49,-77,
-7,23,
2,15,
39,66,
67,40,
-32,26,
26,19,
-14,-6,
-15,-6,
15,-23,
-66,28,
-17,52,
-1,-51,
10,-73,
20,-26,
-16,43,
-16,53,
5,-40,
-38,-102,
-107,-58,
-28,-11,
-12,43,
7,22,
7,-32,
-57,-79,
-30,-45,
-53,11,
-28,5,
41,20,
15,30,
7,-70,
45,-40,
109,8,
35,-2,
-27,-17,
-10,-34,
-27,-12,
48,25,
53,-4,
20,-6,
-23,45,
8,25,
28,10,
32,-42,
-44,-71,
-58,-85,
-38,-26,
46,13,
106,12,
13,-91,
-15,-80,
-25,-39,
-2,-54,
35,37,
0,-12,
-41,5,
-5,-11,
20,-17,
29,-1,
39,-37,
11,5,
28,20,
-23,-4,
-61,-20,
-2,27,
-3,39,
82,2,
46,-24,
56,-5,
55,18,
50,51,
7,35,
3,3,
16,22,
44,-55,
-26,-34,
7,-17,
19,26,
5,23,
66,10,
23,61,
11,14,
-27,2,
35,-10,
94,9,
26,17,
28,-10,
14,16,
-7,24,
-34,1,
9,-30,
67,50,
-45,3,
4,26,
-35,30,
24,2,
-48,5,
-98,-35,
-10,45,
26,64,
55,-27,
-16,-49,
-40,0,
-7,56,
39,29,
32,17,
75,58,
33,25,
9,-26,
33,-59,
104,17,
53,27,
-10,-57,
-8,-68,
47,-27,
46,19,
-14,-22,
11,-18,
-15,-40,
-4,30,
-31,-23,
-14,-10,
1,13,
58,-26,
13,-13,
41,-24,
113,-60,
57,-56,
-11,-42,
3,0,
54,-9,
74,9,
-18,-34,
3,14,
1,-2,
-9,17,
-19,4,
87,-99,
778,-610,
4241,-2328,
7661,-3066,
7558,-2513,
2636,-1645,
-2977,-1321,
-2802,-1807,
1030,-2130,
4259,-3287,
4316,-3860,
1949,-3111,
15,-1550,
13,-411,
1128,-80,
1909,-38,
1260,54,
187,321,
-598,703,
70,704,
249,1192,
6,1467,
-228,774,
-573,-113,
-130,-390,
288,-266,
369,19,
126,208,
3,257,
-57,191,
-181,162,
-275,92,
-210,-40,
-153,-138,
-178,-123,
-32,46,
-53,238,
-333,397,
-368,323,
-307,325,
-101,343,
278,157,
389,99,
173,259,
-18,377,
-144,331,
-183,253,
-225,255,
-191,217,
-134,297,
-136,329,
11,164,
3,-10,
55,23,
52,-8,
-92,-49,
-218,-51,
-497,-59,
-535,-162,
-241,-250,
131,-133,
201,-17,
159,-1,
-18,-80,
-49,-68,
54,26,
56,336,
85,392,
-8,258,
-118,135,
103,81,
113,156,
-16,254,
-204,116,
-205,-93,
-198,-80,
-195,184,
-269,343,
-509,426,
-763,295,
-457,106,
-90,-76,
123,-77,
-11,-28,
-45,-39,
-70,34,
-112,-19,
-59,-61,
-4,-10,
-33,-85,
-68,-65,
-184,148,
-170,136,
-150,75,
-97,29,
-30,-53,
-13,-49,
-18,80,
-70,178,
45,50,
36,63,
-40,72,
-58,-26,
-95,-33,
-23,44,
-118,129,
-94,133,
-91,136,
-58,114,
-74,96,
-27,67,
-33,108,
-90,137,
-120,121,
-159,77,
21,76,
13,87,
-46,178,
-34,68,
-91,44,
-76,105,
-101,143,
-101,175,
-145,204,
-81,127,
-85,47,
-31,61,
-116,72,
-125,37,
-43,90,
-105,53,
-27,53,
-50,35,
-253,96,
-248,31,
-183,60,
-91,85,
-140,44,
-99,101,
-150,183,
-126,121,
-68,75,
-34,-16,
-45,45,
-108,44,
-153,59,
-80,10,
37,40,
15,129,
-5,123,
7,48,
-83,65,
-72,32,
-91,14,
-63,26,
-45,35,
-44,135,
-46,43,
00>
_________________________________
00>
_________________________________
Sequence Number: 24
00>
00>
Printing STS0 CIR
00>
00>
_________________________________
00>
9,25,
-57,78,
-58,49,
-22,25,
5,35,
13,-2,
42,0,
12,57,
4,63,
7,-6,
-25,66,
-37,47,
-80,38,
6,10,
-48,-45,
12,-26,
27,-15,
18,15,
-34,-57,
18,-28,
19,18,
64,2,
36,-53,
68,-20,
18,-27,
35,3,
-1,52,
10,7,
-22,64,
7,24,
44,29,
-2,15,
-15,-14,
-55,-61,
37,24,
19,-16,
-65,-71,
14,-33,
7,-22,
7,37,
38,29,
28,79,
51,13,
-32,-11,
-54,20,
-28,-9,
-11,13,
-19,27,
-22,-25,
-15,-33,
-12,3,
24,30,
17,19,
5,9,
-10,28,
-63,-1,
-46,39,
21,70,
43,57,
4,16,
-18,16,
12,4,
-40,4,
-12,25,
3,26,
5,-25,
31,-8,
15,36,
3,-11,
14,12,
6,-13,
-16,-103,
6,14,
9,2,
70,25,
4,36,
-5,-25,
-13,34,
21,-4,
-2,-18,
-58,-53,
-10,-17,
-6,-21,
59,-32,
4,9,
-3,3,
0,41,
-38,-10,
1,-49,
47,-65,
39,-56,
14,37,
-61,-45,
-38,-43,
0,12,
-25,103,
-39,52,
28,-43,
20,-55,
44,-64,
38,42,
2,-10,
11,51,
9,56,
-9,9,
3,0,
32,-7,
49,8,
31,-1,
-44,-22,
-30,-6,
-38,-37,
22,-48,
26,-50,
-5,29,
-41,-30,
64,-52,
13,-1,
-12,37,
-37,-3,
28,-30,
-13,-46,
-11,-98,
-70,1,
-11,38,
51,19,
24,-18,
-17,-3,
-8,-74,
8,-36,
13,37,
23,17,
-58,0,
20,56,
51,20,
84,-4,
-1,-53,
-2,-32,
31,-88,
64,-18,
66,12,
19,62,
36,-55,
-32,-50,
-27,10,
20,-16,
23,-21,
-18,-65,
-13,-26,
-8,-13,
51,17,
-58,97,
-5,57,
-8,44,
3,27,
-2,2,
45,-26,
-28,2,
-22,-24,
-33,-41,
-14,-21,
5,15,
38,-49,
10,-37,
51,10,
29,24,
1,31,
15,-17,
1,-63,
-30,-92,
-21,-31,
34,15,
92,65,
61,2,
4,-38,
4,-59,
-26,-41,
31,13,
7,24,
47,1,
-18,9,
-5,-60,
19,38,
44,31,
67,10,
58,62,
25,12,
29,-8,
0,15,
-17,14,
15,33,
26,34,
57,-32,
-72,-100,
15,-18,
73,-25,
44,-22,
8,33,
7,28,
42,-25,
54,-30,
56,12,
46,79,
15,-3,
43,-20,
34,-17,
21,116,
30,64,
6,-50,
-13,-47,
-49,-19,
-23,26,
32,48,
16,14,
9,-19,
46,-46,
6,-51,
-3,-71,
11,-28,
-9,67,
10,101,
29,2,
-29,-49,
11,-62,
-34,-66,
-31,-57,
-6,-20,
31,0,
-14,6,
-37,-55,
-69,-2,
22,27,
8,8,
23,10,
47,-39,
26,-1,
91,23,
66,37,
27,5,
10,-2,
1,-53,
-25,9,
-1,22,
-39,33,
22,53,
-44,-9,
3,13,
-20,-45,
6,-66,
-11,56,
10,36,
31,34,
55,-19,
39,33,
42,43,
8,29,
11,-55,
80,-96,
31,-21,
25,-86,
75,19,
17,28,
17,31,
-18,1,
21,18,
51,31,
56,-33,
39,-5,
23,8,
-46,38,
-3,19,
7,-43,
24,10,
-8,26,
33,16,
-35,64,
-32,-24,
-10,-6,
18,37,
50,11,
16,-15,
26,-54,
53,-76,
42,-5,
-14,33,
-15,-35,
54,-12,
-38,5,
-65,28,
-8,33,
20,34,
4,-42,
48,-70,
45,-14,
-9,31,
-14,9,
-29,68,
-29,71,
-24,19,
57,48,
53,64,
50,-7,
47,18,
-24,-3,
37,2,
47,-39,
-45,-47,
-3,-24,
-20,52,
83,64,
60,78,
54,115,
0,123,
12,133,
-12,108,
54,43,
-30,17,
8,57,
29,19,
14,-73,
32,-65,
62,-24,
1,19,
-24,-6,
-41,-14,
-53,23,
-5,-7,
112,-38,
32,-69,
-19,-18,
12,-76,
0,-79,
26,-63,
52,-81,
40,-7,
35,14,
37,10,
1,39,
-23,34,
-24,-2,
52,-9,
57,15,
33,5,
35,57,
9,-31,
-1,11,
-45,26,
54,37,
51,-14,
-3,-20,
-7,26,
8,-20,
33,22,
74,-18,
67,25,
50,26,
-2,19,
3,44,
-401,94,
-3379,177,
-8092,-471,
-8131,-1265,
-7881,-1710,
-340,-136,
2852,849,
954,234,
-270,63,
274,1382,
1457,2886,
1280,1783,
79,-221,
-1035,-1983,
-1230,-2411,
-523,-1163,
-10,-123,
408,128,
156,-616,
165,-1147,
347,-1711,
143,-676,
476,213,
373,347,
38,148,
-176,57,
-33,-19,
333,-2,
333,-58,
326,-112,
193,-196,
83,-199,
57,-151,
311,-272,
123,-290,
5,-48,
-20,162,
18,211,
245,201,
280,10,
200,-215,
214,-357,
180,-422,
128,-322,
118,-221,
281,-96,
337,305,
229,385,
56,189,
-48,74,
1,36,
6,161,
2,284,
128,165,
323,146,
204,54,
152,-4,
195,47,
188,117,
-39,58,
-122,1,
-145,-206,
-138,-234,
-138,-66,
-171,14,
-381,-22,
-44,-105,
21,-164,
181,-146,
326,-119,
497,-68,
223,98,
43,177,
34,266,
165,290,
316,233,
352,142,
580,383,
504,717,
292,559,
125,263,
113,-27,
71,-145,
49,-91,
111,-56,
143,-34,
114,-123,
84,-78,
96,-46,
90,16,
94,159,
36,121,
47,-13,
13,10,
-69,11,
11,72,
37,67,
197,107,
78,139,
56,128,
100,38,
52,-17,
228,16,
153,18,
86,34,
46,1,
35,-2,
22,20,
56,32,
132,85,
139,136,
73,23,
77,34,
161,109,
15,95,
-23,20,
-8,48,
59,40,
138,30,
105,4,
98,11,
112,73,
116,-1,
80,-49,
-16,-26,
-37,-2,
31,0,
23,7,
5,5,
67,60,
26,61,
-14,66,
13,102,
67,36,
109,34,
47,-77,
17,30,
-3,22,
30,-72,
38,-12,
12,-25,
35,-27,
19,-36,
16,5,
42,-3,
147,-69,
12,-75,
26,-141,
46,-157,
54,-67,
92,-5,
41,81,
46,49,
37,22,
00>
_________________________________
00>
00>
Printing STS1 CIR
00>
00>
_________________________________
00>
29,45,
-18,45,
-20,36,
6,52,
21,-4,
-22,-6,
-15,-60,
-29,-56,
-15,1,
-37,65,
-55,51,
-42,29,
-19,4,
18,6,
-18,24,
18,23,
-28,-19,
-5,-45,
-8,-8,
32,28,
30,11,
62,9,
49,50,
86,-18,
36,-72,
8,-135,
-38,-66,
-65,18,
-46,-37,
7,-10,
17,29,
0,3,
10,-17,
-21,-1,
-29,-42,
-73,-29,
4,26,
-23,46,
-24,52,
-13,43,
-7,9,
49,39,
5,43,
40,31,
32,38,
18,-58,
-7,-5,
21,112,
37,89,
27,63,
35,16,
-32,-32,
14,-25,
-16,57,
17,16,
33,48,
4,110,
24,58,
9,82,
35,-18,
40,26,
43,26,
-14,-5,
21,-39,
60,-30,
59,-3,
16,-6,
1,-45,
6,2,
-15,29,
13,39,
13,-22,
5,-118,
26,-117,
67,-48,
38,28,
-28,-10,
-21,14,
19,97,
51,91,
100,47,
-34,45,
-10,41,
17,40,
-28,33,
7,19,
27,35,
-32,33,
21,-2,
7,-52,
29,-24,
25,-9,
-21,7,
-26,10,
59,26,
38,8,
54,-33,
63,-19,
5,-31,
-6,-10,
9,-10,
-12,7,
-42,-65,
-48,51,
-1,36,
-8,22,
-61,19,
-27,-29,
39,53,
39,62,
31,57,
17,15,
-4,38,
-1,42,
63,15,
16,2,
-32,-29,
19,-28,
40,-10,
78,2,
-6,-10,
11,-64,
22,21,
-14,-1,
54,18,
35,44,
48,12,
5,18,
52,26,
-2,48,
42,19,
-1,41,
-7,39,
47,18,
63,5,
-13,-32,
-25,-81,
-5,-88,
19,-80,
63,-10,
33,0,
36,11,
2,32,
66,29,
112,29,
62,13,
60,45,
-18,21,
7,56,
16,3,
71,19,
51,-22,
26,54,
-10,84,
-43,50,
40,-4,
90,35,
14,0,
18,37,
32,-2,
-21,-11,
-56,-8,
-68,16,
-2,-37,
76,-20,
45,11,
57,35,
78,33,
46,42,
25,69,
45,16,
42,22,
76,58,
94,-15,
69,-49,
56,-55,
38,-17,
19,-5,
28,-2,
-41,-13,
42,12,
-1,20,
25,-23,
15,-14,
23,-2,
-1,-7,
2,-42,
0,-18,
-47,39,
1,-17,
28,-66,
78,-45,
-8,-42,
37,13,
-17,11,
-23,16,
30,4,
24,-23,
-7,28,
79,10,
26,-52,
23,-6,
32,-8,
5,52,
16,-14,
4,22,
56,-92,
31,-40,
69,13,
47,10,
61,13,
-37,-11,
-59,22,
-11,86,
-14,20,
-19,9,
45,-50,
61,-47,
20,-8,
-11,9,
-106,-14,
-33,51,
3,53,
66,65,
41,54,
20,30,
-29,7,
-40,-5,
-18,-4,
4,39,
21,22,
17,23,
-30,-31,
-9,-29,
29,9,
116,58,
123,72,
-15,4,
6,-3,
-20,-78,
7,-47,
32,-19,
27,-16,
77,57,
25,75,
30,87,
26,24,
-23,-3,
-19,19,
-7,-6,
-14,14,
-22,55,
-8,47,
-7,18,
11,15,
26,52,
47,34,
16,47,
24,2,
26,5,
9,-6,
-26,54,
21,9,
4,-9,
42,56,
19,64,
-20,31,
25,2,
8,47,
46,46,
28,6,
38,7,
21,42,
-16,25,
-59,11,
21,15,
54,70,
14,24,
30,23,
49,-15,
-21,-47,
24,-18,
-6,8,
-45,46,
-14,94,
55,67,
73,60,
108,53,
62,45,
1,47,
-23,4,
17,-1,
38,67,
86,55,
-31,23,
-11,-11,
26,-23,
8,15,
52,-44,
-55,26,
18,37,
6,38,
-10,43,
-2,-18,
44,22,
68,47,
16,41,
27,2,
-36,8,
17,-3,
21,0,
77,-65,
16,16,
-18,24,
2,33,
12,-37,
-38,66,
-38,36,
-71,58,
46,94,
21,36,
-10,-5,
19,-15,
29,68,
-60,29,
-9,30,
68,13,
54,6,
34,71,
0,24,
45,-1,
-26,-47,
-56,20,
-16,19,
4,31,
35,13,
73,-17,
13,-44,
30,37,
-18,11,
-16,37,
28,-6,
38,62,
8,-5,
-12,-14,
34,-26,
15,-18,
-16,23,
43,78,
55,15,
40,-32,
-21,-30,
88,27,
35,1,
65,-26,
36,0,
26,74,
12,8,
-434,103,
-2848,178,
-7618,-587,
-7969,-1612,
-6200,-1252,
430,894,
2274,1475,
583,-146,
81,-2122,
1393,-3023,
2156,-2098,
1208,-816,
491,130,
844,971,
1491,1809,
1190,1647,
244,642,
-276,-170,
53,-989,
266,-1389,
613,-1827,
184,-1012,
52,-368,
192,169,
113,397,
-21,175,
200,18,
439,42,
447,18,
311,-99,
-128,-507,
-469,-581,
-451,-236,
-651,61,
-153,191,
27,141,
228,119,
88,56,
-155,-105,
-256,-123,
-273,-334,
16,-597,
357,-420,
306,0,
136,172,
134,119,
61,-109,
-90,-156,
-89,-5,
-184,186,
-12,332,
31,254,
289,243,
313,151,
319,226,
112,126,
196,102,
415,-146,
575,-227,
327,-149,
143,-155,
152,-246,
112,-264,
11,-138,
-89,-79,
-129,-52,
-21,89,
-9,265,
0,369,
-117,212,
-178,88,
-50,54,
19,100,
-12,146,
36,45,
56,-27,
123,-112,
314,16,
572,396,
424,585,
157,271,
30,118,
22,44,
14,75,
-128,72,
-127,-44,
-163,-5,
-47,58,
-66,62,
-125,81,
-93,23,
-39,-11,
9,-10,
30,55,
4,78,
43,34,
107,1,
137,58,
-24,147,
25,73,
70,-12,
93,-67,
141,-2,
53,16,
21,105,
-39,51,
-139,-30,
19,33,
16,54,
0,55,
32,40,
122,41,
18,62,
5,68,
-11,100,
-17,20,
4,-13,
38,-1,
82,-46,
23,-41,
30,-77,
56,-58,
103,-31,
67,10,
58,-17,
69,71,
46,134,
31,156,
52,54,
7,-2,
18,3,
30,28,
109,110,
99,108,
10,25,
-30,33,
23,-12,
16,-85,
-12,16,
-29,24,
-14,10,
-7,46,
7,14,
17,43,
93,63,
84,71,
41,56,
26,47,
27,155,
92,-22,
39,-31,
1,10,
83,18,
16,53,
00>
_________________________________
00>
RX Timestamp: 278035849766
00>
Clock Offset: -784.779 Hz, 0.098 ppm
00>
RX Timestamp: 279108087537
00>
Clock Offset: -1718.330 Hz, 0.215 ppm
00>
_________________________________
Sequence Number: 157
00>
00>
Printing STS0 CIR
00>
00>
_________________________________
00>
-31,59,
-54,-20,
-48,-49,
31,-3,
-97,-9,
13,-88,
-12,-82,
56,27,
58,2,
51,-55,
24,-16,
39,-63,
29,-19,
3,-52,
-114,4,
-15,-27,
-51,-26,
-22,-22,
-10,-33,
-42,11,
1,-10,
-9,-22,
22,-41,
3,-46,
20,52,
-61,41,
-18,-13,
34,-24,
35,-14,
24,10,
10,87,
47,-29,
6,43,
20,-34,
12,-75,
-22,-47,
-43,3,
-12,40,
1,37,
-26,30,
-6,23,
-11,22,
13,25,
89,10,
50,9,
35,2,
18,-34,
36,-57,
37,-2,
42,43,
32,-8,
39,-54,
39,-42,
14,-16,
4,87,
18,8,
5,-32,
-63,-30,
-46,22,
-45,-2,
3,-100,
63,-24,
21,57,
-50,94,
-38,57,
-45,-20,
-22,-2,
17,-30,
3,-38,
14,-5,
-47,-6,
-48,32,
-2,-18,
-63,-1,
1,-28,
3,28,
5,-7,
36,-38,
-13,-38,
-28,-89,
-14,-22,
21,-14,
-38,-39,
-20,-22,
-29,-36,
-98,-13,
-2,18,
20,-21,
22,13,
35,-14,
-1,36,
-41,31,
11,28,
-22,-64,
-41,-1,
4,36,
-55,-15,
-36,-89,
-35,-133,
-44,8,
19,18,
24,84,
82,-13,
101,20,
24,9,
13,-4,
-10,-17,
18,-9,
-33,-42,
-104,29,
-16,17,
37,-40,
41,24,
5,50,
26,5,
-9,30,
20,24,
-8,-8,
-23,9,
30,48,
-20,91,
-38,8,
4,-44,
56,-16,
52,13,
-1,-28,
-29,17,
-28,-84,
17,-131,
-9,-51,
-27,-40,
0,54,
74,51,
93,20,
1,-7,
-12,-24,
-12,31,
27,-12,
7,40,
48,38,
19,-9,
-77,-42,
-17,-24,
22,15,
46,40,
34,60,
-13,63,
-19,-3,
-99,2,
-16,-36,
5,7,
6,55,
-123,21,
-76,13,
-30,-8,
44,23,
18,11,
-20,9,
11,3,
-5,30,
4,-2,
76,27,
61,64,
7,3,
-58,56,
-77,50,
-42,-2,
-60,75,
-29,69,
-29,77,
1,74,
-35,-20,
-62,-20,
-38,-54,
-47,19,
-10,67,
35,44,
-44,-10,
-30,-25,
42,-1,
52,12,
-51,21,
-67,-29,
-86,1,
6,-9,
89,12,
124,-8,
48,-82,
-8,-12,
8,36,
15,-9,
6,-43,
5,-36,
24,13,
2,8,
-24,36,
49,-8,
-1,13,
3,-24,
-26,-12,
-10,12,
-2,28,
-21,28,
0,70,
53,29,
12,-19,
-5,-48,
11,-16,
-17,-14,
-100,10,
-90,-46,
39,3,
15,11,
-32,43,
-7,25,
-64,18,
-10,68,
52,23,
-46,38,
-12,26,
5,11,
15,25,
34,-26,
77,19,
10,-12,
-29,-16,
-20,-46,
-31,-26,
-49,-41,
16,-52,
-10,20,
90,63,
63,4,
12,47,
4,62,
-22,48,
-14,-53,
23,12,
63,-12,
33,-15,
7,10,
27,48,
-25,9,
7,-18,
38,4,
72,-29,
47,10,
16,10,
-28,58,
-31,14,
2,21,
35,-47,
22,-65,
-9,-6,
-11,-10,
14,23,
43,-33,
14,-6,
75,-18,
17,-7,
-62,-27,
34,-29,
15,-32,
-33,-6,
-18,-60,
38,-56,
81,-44,
45,-11,
-7,-27,
-29,12,
-58,48,
-17,68,
30,57,
11,2,
-26,1,
-21,8,
-43,-50,
17,-43,
62,22,
100,29,
24,63,
3,16,
32,-80,
33,-65,
62,-14,
10,50,
-17,17,
-60,1,
-4,-12,
17,8,
38,-26,
14,-32,
23,-32,
32,-54,
-18,-38,
52,53,
46,17,
11,-42,
8,1,
-70,48,
1,-24,
-14,-2,
-15,13,
-7,-4,
-11,-70,
-17,-53,
-5,-9,
23,49,
-12,35,
32,-33,
71,-59,
21,-30,
-70,-2,
-3,-79,
10,-23,
34,-6,
25,-29,
5,-37,
23,10,
10,-42,
-15,-60,
48,-60,
89,-33,
23,9,
-46,31,
-7,-13,
-15,-15,
-19,22,
-65,61,
-16,16,
43,9,
-29,16,
-31,9,
-56,-20,
-47,-30,
2,-4,
74,17,
28,41,
38,35,
-21,-24,
-14,4,
-10,91,
21,38,
13,21,
-14,43,
7,6,
18,26,
12,37,
23,-57,
51,-41,
84,-182,
929,-979,
3580,-3187,
6054,-4413,
5486,-3646,
939,-1049,
-2083,4,
-1153,-290,
848,5,
1541,1449,
1161,2285,
633,1489,
104,488,
-692,258,
-1392,537,
-1257,412,
-411,87,
310,-103,
510,151,
553,604,
987,944,
1114,665,
682,327,
94,70,
-9,28,
151,-43,
64,-69,
-72,0,
-279,103,
-274,142,
-46,95,
113,10,
67,-40,
-182,-43,
-289,-113,
-130,-47,
59,58,
24,71,
56,20,
-3,67,
57,125,
109,174,
52,157,
-91,-7,
-112,-129,
-56,-120,
-75,-155,
-111,-51,
-19,-64,
54,-55,
-33,-50,
-93,11,
-132,-41,
-234,57,
-160,-104,
-94,-195,
-2,-140,
-60,-76,
-187,148,
-274,132,
-177,113,
-143,57,
-75,50,
69,-155,
116,-114,
141,-24,
102,107,
174,185,
138,185,
-12,26,
-39,15,
-81,-51,
-48,-70,
-59,-58,
-48,-35,
-14,107,
-66,299,
-188,395,
-353,363,
-405,150,
-247,-71,
-78,-205,
-15,-302,
-88,-171,
-57,-58,
-53,25,
-71,141,
-40,114,
5,100,
85,59,
151,81,
33,122,
-71,80,
-75,11,
-54,-21,
-73,25,
-81,36,
-30,49,
-22,65,
-20,-25,
12,14,
-69,52,
-135,73,
-176,44,
-136,38,
-93,-4,
-54,-70,
-88,-56,
-110,-43,
-47,25,
-31,62,
-64,81,
-140,68,
-24,18,
-27,149,
-53,73,
-102,12,
-35,-41,
56,-4,
-30,49,
-35,33,
-91,10,
-66,73,
-76,61,
-101,-1,
-106,-58,
-164,-41,
-170,-51,
-167,-5,
-85,33,
-86,-12,
-29,-15,
-73,-32,
-120,-10,
-54,54,
-93,3,
-124,47,
-72,25,
-31,-8,
-11,21,
11,11,
-38,12,
-81,-19,
-89,66,
-30,71,
-46,-2,
-47,28,
-62,22,
12,69,
4,80,
-35,93,
-65,103,
-83,54,
-78,43,
-53,25,
-31,24,
23,25,
-49,-3,
-65,-68,
-6,-118,
0,-113,
23,-46,
00>
_________________________________
00>
00>
Printing STS1 CIR
00>
00>
_________________________________
00>
37,-5,
48,-64,
-23,-50,
-59,7,
-2,-12,
-16,51,
-14,26,
-25,-31,
-52,18,
-26,-19,
-20,-29,
17,15,
8,5,
-45,35,
-16,70,
-6,47,
-5,-62,
33,-76,
-55,-85,
-26,-71,
22,-3,
-12,27,
5,41,
32,-1,
18,-16,
-11,-37,
-27,71,
-24,17,
-4,24,
-77,-23,
19,22,
33,40,
107,-64,
58,-17,
37,49,
-43,7,
-13,-61,
-26,-42,
-50,-11,
-62,116,
-77,91,
-103,-24,
-101,-83,
-36,50,
12,52,
-12,-39,
-92,2,
-51,41,
-12,76,
-84,-48,
-73,-14,
-8,106,
57,153,
4,104,
48,16,
-48,-10,
-12,-12,
9,-63,
74,-63,
11,8,
-47,-28,
-90,0,
-32,31,
53,7,
-24,-18,
-54,-53,
8,-66,
-27,23,
25,-32,
31,-75,
-25,-33,
-14,-77,
10,28,
-7,-10,
-66,-14,
-32,12,
-70,71,
-74,73,
29,65,
42,37,
11,-25,
0,-25,
-75,24,
48,61,
59,7,
-47,0,
-42,-30,
18,38,
-34,47,
-1,29,
-46,42,
26,-19,
3,57,
73,60,
-11,-5,
7,-6,
-16,34,
-64,-14,
-149,-35,
-100,-2,
-41,21,
-16,-39,
22,43,
-64,51,
-37,10,
7,-57,
-18,-10,
-10,69,
-78,1,
-41,-39,
-16,-71,
-58,-73,
15,-87,
-1,-32,
-5,-37,
-6,21,
23,-18,
-8,-41,
-71,60,
-66,50,
-95,17,
-27,-17,
15,10,
-52,8,
-59,-25,
1,-33,
26,-17,
-48,-78,
-84,-58,
18,25,
-1,3,
-8,11,
-20,-6,
-23,-31,
-31,23,
10,-30,
28,-36,
-2,-58,
54,1,
64,37,
60,58,
39,15,
55,52,
1,81,
-25,36,
43,35,
48,69,
-23,-1,
-63,-15,
-50,-39,
20,-42,
18,51,
-45,29,
-46,-1,
-15,-22,
-21,-18,
-53,41,
0,-20,
16,8,
-4,50,
10,48,
-45,105,
-24,37,
-38,24,
-57,30,
13,30,
14,20,
-29,-9,
-62,-33,
17,57,
19,111,
-48,28,
-141,-33,
-49,-58,
23,-4,
-10,-21,
39,-70,
-103,-11,
-55,-30,
12,-20,
-11,50,
33,-25,
-14,9,
-20,-2,
-20,54,
2,17,
7,-14,
19,38,
36,-5,
2,-2,
21,-33,
-27,69,
-31,81,
-5,8,
-73,-24,
41,-23,
32,4,
4,-45,
-9,-25,
74,2,
-19,-88,
-87,-18,
-106,-44,
15,32,
24,48,
-9,38,
-54,6,
-101,-49,
-37,-24,
-18,7,
2,31,
-27,21,
17,74,
6,46,
-41,-22,
-16,-29,
-40,12,
-55,-84,
-49,-99,
-10,-24,
-47,-7,
-45,6,
-19,2,
39,-10,
-55,-33,
-34,-44,
-54,-17,
-17,-34,
-27,-26,
-45,25,
-1,7,
-22,40,
-13,39,
-18,-41,
-16,2,
-114,-11,
-56,-9,
25,29,
77,31,
8,-45,
-16,-13,
17,19,
50,30,
-52,-42,
-63,11,
-21,25,
-84,2,
-41,-5,
35,-10,
-14,-21,
-24,-62,
-16,-65,
61,-81,
75,-26,
-19,-25,
6,2,
11,24,
-48,19,
-48,21,
-30,-7,
40,-12,
44,68,
66,-34,
25,-50,
12,-34,
22,-43,
12,13,
30,-14,
4,44,
-47,-46,
-27,72,
-10,45,
-46,48,
23,43,
-21,8,
76,42,
4,47,
-49,61,
-66,36,
-27,-56,
-3,-74,
-9,61,
-14,116,
-5,65,
24,-46,
-5,-18,
9,-1,
-12,-33,
-4,-17,
57,13,
58,37,
-17,-51,
-17,27,
-12,37,
0,24,
73,-11,
46,2,
-7,-24,
23,22,
-28,31,
61,39,
-6,-4,
27,5,
12,-11,
-65,11,
-44,-1,
-47,42,
-26,79,
-38,90,
-1,-11,
23,-19,
47,24,
14,119,
-42,67,
-2,-11,
-40,61,
-8,-26,
-81,-33,
-8,-75,
-8,-24,
45,24,
-39,47,
-77,10,
1,-6,
-15,69,
-2,53,
22,-20,
31,-19,
-1,19,
46,56,
6,45,
4,24,
-29,20,
-106,12,
-27,-29,
-19,-78,
-43,29,
-25,45,
-15,31,
-49,85,
-18,18,
3,36,
9,22,
59,5,
83,30,
-32,-17,
-22,61,
0,36,
-9,-11,
18,-41,
52,-59,
551,-828,
2707,-2918,
5182,-4429,
4611,-3930,
268,-1444,
-2854,-216,
-1927,-658,
539,-1766,
1840,-3033,
1375,-3248,
79,-2186,
-502,-803,
144,-185,
1130,-293,
1390,-527,
749,-238,
13,213,
-284,587,
173,686,
533,942,
427,805,
-109,302,
-374,-123,
-126,-266,
157,-96,
235,127,
61,161,
-28,227,
-46,227,
-51,214,
-66,164,
-229,216,
-324,260,
-354,239,
-259,132,
-209,299,
-160,290,
-187,288,
-79,223,
3,232,
235,98,
201,-61,
156,92,
97,232,
13,235,
-129,176,
-132,156,
-82,257,
-59,259,
-44,216,
-14,74,
-58,12,
-26,22,
35,12,
44,50,
-120,-1,
-333,-94,
-422,-39,
-308,-73,
-94,-28,
73,10,
93,-60,
13,-76,
26,-80,
186,36,
226,231,
156,211,
72,201,
29,100,
59,-46,
25,-7,
127,220,
72,272,
-73,137,
-127,144,
-155,237,
-246,389,
-328,423,
-308,361,
-176,104,
45,-58,
154,-192,
-6,-113,
-59,-14,
-69,162,
-75,155,
-19,1,
34,-23,
45,-18,
-4,45,
-146,167,
-176,116,
-149,82,
-96,21,
37,23,
32,19,
71,109,
-11,121,
-37,39,
-54,75,
-32,21,
-14,48,
6,39,
-30,82,
8,133,
28,115,
7,93,
3,55,
-32,95,
12,117,
-35,119,
-57,95,
-90,96,
-103,85,
7,16,
-40,23,
-19,21,
43,70,
36,77,
78,47,
-15,8,
29,113,
9,156,
-51,135,
-47,117,
-5,56,
-7,68,
-50,85,
5,62,
-15,36,
-59,88,
-70,84,
-27,83,
-127,27,
-111,36,
-10,11,
-8,-9,
34,78,
-2,170,
-84,62,
-64,34,
-45,91,
36,118,
-16,150,
-67,65,
-31,36,
123,21,
66,19,
-2,72,
13,150,
-21,100,
36,41,
-33,26,
-82,75,
-59,70,
25,103,
28,-4,
-76,6,
-126,82,
-52,73,
-22,52,
00>
_________________________________
00>
_________________________________
Sequence Number: 160
00>
00>
Printing STS0 CIR
00>
00>
_________________________________
00>
31,-30,
-4,-10,
-46,4,
9,7,
30,-29,
66,44,
5,-60,
-2,-42,
-43,-9,
22,16,
52,-33,
10,21,
-36,3,
-33,9,
-22,12,
-7,9,
-98,7,
44,-49,
21,-21,
32,2,
22,66,
24,22,
18,23,
2,75,
66,-21,
23,-11,
8,46,
-16,33,
-32,45,
-19,25,
-11,-29,
11,-2,
-51,25,
-27,14,
50,18,
43,16,
-29,39,
20,143,
-23,31,
64,43,
35,-8,
20,-6,
8,40,
39,12,
-6,5,
-2,24,
10,54,
58,97,
0,-28,
-46,16,
-22,-10,
-24,16,
34,29,
55,45,
-9,49,
4,5,
65,14,
29,22,
45,88,
-13,14,
32,58,
56,55,
-32,17,
-28,39,
-20,-6,
23,-7,
-50,35,
38,-8,
-12,71,
-43,59,
-25,8,
1,-1,
-2,13,
6,-22,
-28,-20,
33,-51,
-84,35,
-28,23,
-11,2,
-16,-27,
26,5,
53,21,
-35,18,
-22,70,
13,65,
42,44,
-58,-58,
43,-8,
85,-9,
58,-28,
-20,23,
-18,10,
19,42,
19,2,
21,33,
-76,-16,
-25,3,
-29,-24,
1,-72,
-66,-71,
-5,-61,
-21,-20,
18,-9,
-3,-18,
18,23,
4,14,
-39,-10,
-51,-12,
-46,43,
-18,16,
-11,36,
-20,4,
-39,-3,
-51,-19,
19,46,
-12,12,
30,9,
12,33,
3,-24,
-23,8,
56,23,
6,62,
-19,-54,
101,35,
92,-15,
5,13,
-30,-16,
-15,-42,
26,-43,
7,4,
20,12,
-9,83,
17,116,
35,105,
5,97,
13,-24,
-19,-14,
-30,13,
-24,-5,
4,45,
30,12,
-9,-3,
-39,103,
-32,12,
6,2,
-17,-42,
-39,-37,
-29,-5,
37,-62,
38,-74,
-40,-46,
-16,47,
40,12,
76,12,
38,29,
5,28,
-13,42,
-24,38,
-58,-25,
7,-22,
-13,-124,
14,21,
5,9,
47,101,
30,96,
33,127,
-28,93,
67,-51,
51,-45,
-8,27,
-50,39,
47,-10,
17,-21,
-10,-50,
-21,-20,
20,91,
40,64,
-34,36,
-62,63,
-70,29,
7,66,
23,83,
10,72,
-16,3,
-11,-57,
-43,-61,
-19,-69,
-37,-59,
-46,26,
-84,-8,
-40,-24,
4,-47,
-18,20,
22,18,
67,22,
6,-13,
-4,-102,
-2,-85,
30,-80,
69,28,
24,45,
8,3,
10,-23,
51,-43,
8,19,
31,44,
19,-5,
2,-71,
1,-35,
34,30,
-11,20,
-93,-69,
-12,-34,
-7,-7,
-8,-14,
-76,-5,
21,-19,
-48,38,
-20,4,
-39,41,
-49,91,
-13,-2,
18,6,
-44,20,
58,23,
28,100,
-15,19,
21,11,
-5,32,
-14,40,
32,36,
-10,-13,
11,-22,
3,12,
3,-13,
8,8,
48,58,
11,-25,
30,47,
23,-19,
76,14,
-12,-9,
-61,19,
-22,6,
22,-15,
16,-56,
-68,-22,
-65,48,
31,-14,
-20,-5,
28,4,
-2,-26,
-19,-3,
53,-30,
-14,-88,
-43,-14,
-36,-25,
-25,-15,
11,-3,
5,-20,
4,45,
2,46,
-52,54,
-15,-10,
46,2,
56,62,
34,69,
-45,-23,
-51,-30,
-20,14,
-20,28,
9,-12,
-20,23,
51,60,
-33,-3,
-65,-54,
-11,-1,
7,-10,
-65,-2,
68,33,
27,50,
27,23,
10,11,
60,-27,
21,-63,
-41,37,
10,41,
7,33,
-12,-22,
-75,-47,
-42,-26,
-64,-37,
8,0,
18,4,
-19,-21,
-32,-31,
38,-80,
-6,-25,
-5,-40,
-17,-24,
-20,8,
6,-42,
6,-48,
-26,-60,
-34,-39,
0,-31,
28,33,
48,13,
-21,-14,
-14,28,
30,28,
-5,-16,
-9,29,
-22,35,
0,44,
-17,-6,
20,22,
-10,27,
-88,0,
-34,19,
11,-70,
17,-53,
-22,-15,
-26,-26,
7,-31,
19,-2,
54,12,
53,37,
0,42,
13,-22,
14,-30,
14,-56,
-72,-21,
-49,14,
-15,-58,
22,-64,
37,-20,
33,29,
1,27,
-22,33,
24,52,
13,18,
-25,14,
23,-13,
0,-70,
-15,-9,
-67,10,
-28,55,
-2,7,
-30,-53,
-49,-15,
-73,5,
-3,37,
-52,57,
-759,396,
-5090,2142,
-7956,2653,
-8084,1891,
-7319,1115,
881,-162,
3246,-441,
614,-112,
-100,560,
1428,1881,
2841,2357,
1584,869,
-434,-666,
-2140,-1821,
-2074,-1651,
-755,-634,
73,124,
333,-30,
-186,-706,
-293,-1230,
-280,-1488,
91,-413,
692,135,
432,176,
104,151,
-181,76,
20,-191,
294,-312,
266,-355,
204,-315,
135,-248,
110,-191,
149,-179,
352,-325,
60,-143,
40,32,
129,277,
104,252,
156,40,
189,-299,
124,-423,
59,-562,
23,-553,
-49,-394,
90,-252,
367,-44,
621,202,
376,214,
105,180,
-74,71,
-10,40,
26,82,
164,193,
282,74,
279,-109,
164,-77,
136,-85,
170,1,
64,85,
-59,88,
-126,30,
-224,-76,
-157,-60,
-219,63,
-342,121,
-508,79,
-50,-117,
-35,-118,
188,-355,
290,-397,
389,-436,
150,-67,
108,61,
159,167,
288,17,
494,-10,
594,118,
954,442,
793,617,
272,410,
8,180,
-240,63,
19,81,
56,57,
186,-28,
192,-113,
103,-124,
106,-75,
112,-38,
101,-68,
105,-21,
23,39,
-9,28,
-28,21,
60,90,
53,49,
67,34,
133,-72,
-20,-12,
-19,0,
7,-41,
72,-55,
140,-23,
118,9,
107,-34,
14,-24,
19,54,
31,49,
90,85,
145,8,
116,-35,
96,-8,
158,-20,
156,-19,
23,47,
-12,-31,
38,-44,
104,31,
131,-1,
28,22,
23,-46,
72,-76,
124,-56,
38,-56,
53,-26,
-19,17,
11,9,
65,-15,
58,-4,
96,39,
58,69,
46,94,
109,57,
103,-29,
127,-14,
61,-40,
76,-8,
-4,-115,
2,-157,
82,-26,
38,46,
50,38,
36,10,
41,-15,
107,-26,
45,-64,
35,-53,
7,-100,
-18,-168,
76,-59,
63,-10,
63,3,
9,7,
8,38,
17,26,
52,11,
61,1,
54,-4,
00>
_________________________________
00>
00>
Printing STS1 CIR
00>
00>
_________________________________
00>
99,74,
-18,46,
50,-42,
-3,-15,
-7,67,
-7,22,
28,61,
88,60,
-1,15,
-39,-6,
-27,28,
2,57,
3,67,
27,61,
-30,19,
57,-32,
-18,-12,
-29,-3,
8,15,
-1,-12,
38,-46,
24,-19,
-36,-33,
-25,-20,
21,-5,
12,10,
11,10,
18,28,
-10,29,
24,-9,
8,-22,
-26,-51,
24,23,
10,53,
10,26,
39,6,
36,-19,
-12,47,
62,58,
54,19,
4,48,
2,-13,
0,15,
14,36,
6,23,
7,41,
-16,71,
81,14,
58,41,
25,39,
-1,2,
-19,-10,
40,83,
33,52,
77,52,
70,7,
32,-18,
37,17,
-28,68,
-70,41,
-71,12,
-27,-13,
44,1,
12,50,
81,9,
87,38,
62,26,
12,13,
23,-16,
1,-39,
12,-10,
-43,24,
-38,3,
-63,41,
38,-21,
55,41,
17,71,
19,27,
-18,39,
-36,-24,
11,20,
62,30,
18,-11,
-26,-24,
6,68,
22,41,
-6,33,
-21,-31,
9,18,
20,49,
84,38,
40,-27,
30,6,
68,43,
22,10,
-8,27,
-20,16,
19,12,
18,-7,
-14,52,
16,44,
0,36,
75,27,
41,-8,
-14,-5,
-18,11,
-33,-37,
-42,-53,
15,-27,
38,-2,
26,17,
-10,27,
-10,40,
8,5,
-29,7,
16,26,
22,65,
36,82,
-9,49,
60,-5,
65,6,
-41,18,
-42,-15,
-37,-1,
1,34,
-27,40,
-51,25,
-54,-9,
-26,-7,
44,14,
53,20,
-3,55,
-1,-33,
46,-8,
1,15,
-27,94,
37,19,
24,66,
8,40,
-16,-7,
32,6,
1,5,
20,64,
-10,27,
31,48,
49,72,
1,32,
-129,9,
-7,-59,
15,-45,
69,-2,
-1,42,
-36,19,
12,-24,
-13,-16,
-19,21,
-11,-33,
10,25,
11,9,
25,-45,
41,-65,
10,-1,
26,11,
-17,-52,
21,-8,
6,-10,
-16,-18,
-24,24,
30,-9,
84,20,
71,-6,
38,13,
-27,-6,
-20,-41,
-21,-8,
20,66,
-23,67,
5,48,
46,18,
-17,99,
24,87,
10,65,
42,-32,
43,38,
17,30,
25,19,
31,-34,
13,-37,
20,-9,
37,49,
8,27,
28,-59,
-24,9,
28,23,
25,0,
-11,59,
-28,41,
-16,20,
-20,-27,
20,-64,
2,23,
-6,53,
2,-35,
-14,-76,
2,-51,
3,3,
2,-28,
43,69,
78,23,
56,-10,
25,17,
-68,45,
15,14,
38,58,
25,57,
44,11,
-14,30,
-34,8,
-1,-51,
28,15,
-9,71,
-70,48,
-31,3,
33,-15,
4,-11,
8,30,
18,-18,
92,63,
22,108,
-14,78,
1,103,
18,6,
-16,-6,
-17,-18,
-30,-29,
-44,-18,
21,-24,
19,-71,
9,-31,
-36,-73,
0,-56,
28,17,
-67,59,
-31,42,
33,47,
5,11,
-18,-41,
-65,35,
-57,38,
30,10,
4,19,
-38,-4,
-2,81,
-11,40,
28,-21,
-21,-18,
-10,-17,
39,24,
12,24,
63,26,
44,69,
36,102,
13,-45,
73,-39,
12,-28,
43,5,
-20,-53,
-66,-23,
-6,12,
-15,-49,
2,-18,
1,9,
-61,58,
-14,26,
-4,5,
-27,40,
-41,-37,
-18,-6,
13,-40,
17,-94,
-13,-32,
24,-42,
-35,-22,
-18,0,
-54,77,
-13,35,
3,38,
6,83,
-10,-11,
-19,-8,
18,0,
91,10,
32,-42,
55,-7,
49,-41,
-18,11,
4,44,
-9,26,
27,64,
31,21,
44,11,
37,27,
51,-19,
-29,-33,
-5,-41,
-15,-8,
-29,11,
-37,-6,
65,45,
20,100,
26,68,
91,24,
-8,-50,
13,-8,
31,-16,
27,-57,
36,-89,
13,-41,
35,35,
10,20,
8,-8,
17,47,
10,34,
12,15,
-4,-15,
9,87,
15,49,
1,1,
-5,-32,
-10,-12,
20,-29,
38,30,
0,56,
53,-16,
-2,-6,
25,38,
17,24,
70,13,
30,62,
-16,70,
-8,47,
1,37,
-8,-65,
17,-58,
42,21,
-12,34,
-36,22,
-34,47,
52,123,
55,-12,
29,-37,
50,-36,
31,33,
32,129,
-590,456,
-3939,1798,
-7798,2461,
-7932,1702,
-4661,1063,
1889,744,
2574,519,
99,-706,
-513,-2601,
642,-3515,
1135,-2686,
620,-1155,
685,-179,
1710,580,
2529,1216,
1618,1144,
297,384,
-401,-453,
-201,-1141,
-126,-1611,
-174,-2031,
-316,-1089,
103,-261,
263,175,
213,262,
6,70,
187,-179,
421,-98,
472,-137,
90,-311,
-319,-418,
-446,-245,
-288,123,
-229,607,
68,463,
80,336,
351,138,
94,42,
-308,-23,
-382,5,
-380,-270,
-127,-549,
230,-450,
263,-3,
192,68,
42,-120,
-161,-214,
-238,-158,
-183,98,
-167,374,
88,333,
102,232,
497,117,
305,19,
162,39,
37,12,
114,-125,
226,-440,
308,-505,
148,-306,
94,-255,
86,-303,
39,-168,
-124,-62,
-167,-81,
-158,-193,
26,-60,
23,130,
-28,253,
-32,237,
-41,158,
-20,102,
18,80,
88,-101,
215,-235,
250,-209,
320,-82,
619,178,
788,501,
471,466,
59,173,
-202,-31,
25,-33,
62,80,
-54,119,
-28,55,
-99,41,
-39,70,
-41,152,
-102,157,
-89,187,
0,127,
23,76,
107,69,
114,108,
-5,29,
-10,9,
-21,27,
-14,46,
20,-24,
-1,-151,
51,-78,
44,-15,
7,60,
41,-23,
-76,-80,
-32,4,
53,71,
-16,58,
-3,51,
133,0,
133,5,
71,75,
30,83,
28,109,
2,140,
63,20,
14,-3,
-25,-8,
0,0,
6,50,
46,-37,
61,-80,
52,7,
28,31,
95,42,
70,70,
85,92,
109,90,
52,85,
20,-13,
63,-42,
145,39,
135,41,
27,-14,
1,-59,
37,-64,
-36,53,
0,62,
11,48,
9,59,
18,14,
-13,46,
-38,-32,
18,-26,
44,-27,
35,31,
52,45,
135,32,
46,-14,
1,-12,
-51,100,
5,43,
57,36,
70,10,
25,22,
31,-14,
51,11,
00>
_________________________________
00>
RX Timestamp: 418065775921
00>
Clock Offset: -1301.765 Hz, 0.163 ppm
00>
RX Timestamp: 419137395718
00>
Clock Offset: -1480.293 Hz, 0.185 ppm
00>
_________________________________
Sequence Number: 37
00>
00>
Printing STS0 CIR
00>
00>
_________________________________
00>
1,-44,
12,9,
43,22,
45,-7,
-98,53,
-65,-3,
-24,-25,
-12,-38,
-21,41,
-22,47,
-43,13,
2,52,
102,57,
71,16,
-8,5,
4,-49,
-8,-11,
8,-37,
-15,-64,
-12,19,
-30,27,
-42,-10,
5,-19,
49,-6,
-4,44,
-11,-10,
26,-16,
37,-6,
-33,46,
-3,1,
2,-26,
3,-11,
19,63,
-46,13,
-37,25,
12,-39,
71,5,
11,-5,
21,18,
51,67,
23,15,
9,-11,
6,24,
49,3,
33,-29,
4,37,
-22,-27,
1,-33,
3,-30,
-28,-27,
-9,34,
-3,80,
-13,78,
-47,91,
12,62,
-80,147,
-64,53,
-4,-26,
-26,-44,
20,-76,
56,-65,
32,-17,
-1,-9,
6,-9,
41,-33,
41,-8,
26,18,
41,34,
6,-5,
0,-11,
-60,-42,
-14,-8,
15,17,
36,17,
-5,17,
-22,30,
64,7,
51,-54,
-21,-22,
7,12,
48,31,
63,13,
14,12,
-2,49,
-3,-43,
79,31,
41,35,
37,21,
-51,28,
-25,-20,
31,-9,
12,-37,
25,34,
12,-15,
26,-11,
55,-29,
27,-43,
1,-21,
22,-53,
-14,24,
-6,75,
-4,21,
35,0,
61,-7,
15,62,
-23,77,
14,11,
-23,-17,
-77,-74,
-40,-60,
42,3,
-8,-18,
1,12,
-40,42,
22,18,
-23,20,
50,-14,
1,-26,
6,12,
-11,23,
1,-20,
-1,-29,
23,-17,
20,6,
24,31,
77,38,
11,-31,
16,-5,
2,-33,
40,-16,
-2,-19,
4,-42,
40,17,
25,32,
-9,16,
8,-3,
-19,5,
-31,-16,
-53,23,
-11,3,
50,-33,
29,-2,
-17,-4,
-12,-27,
51,28,
56,-2,
22,20,
8,-10,
-43,0,
13,-41,
-9,-27,
-50,-26,
20,5,
46,11,
-12,-14,
-11,32,
24,13,
79,22,
58,41,
36,37,
58,5,
40,42,
8,-20,
13,-21,
69,-10,
-29,19,
-61,38,
40,22,
-43,5,
5,21,
2,61,
18,-55,
2,-54,
29,-22,
-7,-29,
-24,-21,
-2,-54,
45,-16,
13,7,
27,26,
32,12,
-16,42,
11,20,
13,-11,
0,15,
18,-44,
-10,-38,
17,-63,
32,-40,
19,-15,
-28,5,
-10,29,
43,3,
88,14,
23,-40,
17,-48,
36,-62,
31,2,
8,5,
45,-62,
55,-90,
-31,-106,
16,22,
23,56,
65,-6,
5,-17,
27,26,
-20,7,
10,18,
-16,25,
-1,16,
-41,-5,
23,22,
-72,-18,
-15,-23,
-66,-57,
24,17,
19,9,
-18,36,
-15,6,
32,-63,
61,12,
-28,-2,
-48,-6,
-36,30,
-19,-20,
-1,-41,
-56,2,
-26,28,
-37,24,
5,22,
-70,-41,
19,-62,
64,-14,
21,14,
-15,60,
-7,29,
-32,-5,
54,11,
85,-4,
30,-10,
2,-48,
16,-11,
45,24,
15,-10,
48,44,
17,2,
-20,14,
41,-44,
20,-14,
15,59,
-15,35,
-53,11,
-61,-89,
-23,-21,
-32,-10,
-3,44,
-3,45,
-18,25,
-3,9,
41,87,
75,43,
39,29,
2,-26,
-52,-18,
13,-6,
20,7,
90,-19,
74,-4,
22,-10,
-63,55,
-5,1,
39,3,
18,4,
-11,14,
-10,19,
-15,4,
-11,12,
5,4,
24,-21,
-28,-51,
-49,-8,
69,20,
14,55,
-30,61,
-46,30,
-17,28,
20,56,
51,-29,
101,45,
48,-39,
-24,43,
33,10,
-34,56,
-27,27,
32,-17,
18,21,
18,49,
35,24,
-24,60,
-1,37,
22,-18,
35,25,
35,-66,
78,-65,
55,-32,
17,-27,
9,-13,
-20,-33,
-65,24,
-72,-27,
-46,1,
-20,14,
58,51,
11,17,
-67,21,
66,-83,
98,-27,
51,17,
63,15,
52,-14,
13,-18,
42,39,
27,10,
61,1,
4,-16,
34,-19,
-13,39,
-27,81,
-69,67,
-23,38,
-18,-1,
75,22,
87,111,
-18,97,
-21,-7,
24,5,
10,-50,
9,1,
23,24,
30,57,
41,-67,
13,-42,
46,27,
34,-22,
-51,-36,
-11,20,
-28,-44,
86,50,
24,20,
14,46,
-15,5,
26,-2,
42,-4,
-58,-46,
-405,-740,
-1851,-4858,
-2002,-8028,
-1333,-8119,
-642,-5172,
-893,1745,
-1300,2087,
-279,-477,
1941,-1461,
3667,-649,
2764,147,
996,174,
200,639,
-35,1658,
-161,1971,
-183,902,
-48,-52,
338,-466,
780,-269,
1327,-338,
2058,-1244,
1143,-944,
470,-372,
94,2,
120,-135,
94,-189,
61,-7,
18,282,
27,383,
78,256,
141,-24,
158,-71,
12,158,
-179,375,
-141,133,
87,44,
153,111,
10,74,
17,156,
179,94,
399,-9,
346,-10,
21,141,
-150,93,
-162,3,
-144,51,
-149,67,
-60,78,
-19,40,
5,56,
-54,23,
-82,49,
-6,450,
-136,356,
-214,112,
-151,-70,
-51,-34,
127,247,
152,453,
127,414,
106,317,
55,211,
-34,90,
-26,-62,
46,-90,
241,-192,
242,-100,
139,-43,
76,69,
48,101,
-67,149,
-85,35,
-168,62,
-170,26,
62,91,
311,215,
347,407,
356,568,
124,684,
-126,387,
-184,127,
-332,-64,
-145,36,
-58,32,
0,71,
12,-15,
23,12,
5,-36,
167,-67,
199,-73,
156,-1,
49,26,
14,108,
37,91,
23,111,
10,30,
7,-48,
10,-116,
-8,-12,
23,-12,
-20,8,
24,94,
-26,210,
-36,110,
-126,94,
-145,31,
-98,49,
-52,95,
24,142,
22,149,
54,128,
6,119,
41,88,
83,126,
2,5,
-69,23,
-1,38,
-34,71,
-1,30,
8,18,
37,-24,
51,51,
15,121,
41,167,
-18,104,
-151,187,
-169,200,
-85,137,
-25,195,
-27,113,
24,-18,
-47,-36,
-44,13,
-5,60,
19,139,
12,114,
-68,101,
-52,90,
42,-17,
-41,0,
1,79,
41,158,
49,67,
40,31,
40,54,
16,104,
-30,102,
-33,54,
41,-54,
45,-45,
39,55,
36,71,
1,123,
-23,133,
20,113,
64,113,
25,79,
00>
_________________________________
00>
00>
Printing STS1 CIR
00>
00>
_________________________________
00>
12,-4,
19,0,
23,-23,
52,-16,
63,-1,
93,-7,
72,32,
28,-35,
-38,24,
-32,35,
21,39,
-12,-28,
-3,0,
-14,36,
61,74,
-2,38,
45,-8,
41,-52,
-13,-60,
-1,-4,
-32,-12,
20,-2,
26,-17,
38,-37,
18,-34,
0,-19,
-29,2,
-6,-13,
111,-56,
91,6,
26,-13,
3,-22,
30,9,
0,-7,
-10,-49,
8,22,
40,-14,
-62,2,
-49,-11,
-38,-57,
44,-64,
-19,12,
-25,2,
-13,-15,
13,4,
27,3,
-15,-14,
18,7,
-30,17,
36,-30,
-28,8,
-18,-7,
7,-94,
43,15,
60,34,
119,-28,
59,-7,
29,-13,
41,20,
32,17,
-21,1,
69,7,
5,33,
-55,0,
9,15,
13,-17,
21,1,
14,51,
51,93,
86,6,
62,-23,
39,-44,
3,12,
-103,49,
31,27,
39,34,
-18,4,
-105,-4,
-21,8,
-37,41,
-6,10,
-21,27,
2,32,
27,-23,
-21,33,
-32,33,
-19,-19,
13,-24,
-63,37,
-91,45,
-19,-12,
69,-31,
26,16,
14,15,
1,56,
44,51,
15,46,
26,45,
17,-3,
-16,-5,
2,-14,
40,9,
80,5,
21,-1,
52,-36,
-7,-39,
12,-84,
70,-23,
68,29,
25,16,
14,37,
34,66,
31,-9,
14,25,
2,56,
35,9,
20,-27,
8,-17,
63,-17,
-40,93,
-43,26,
-9,-58,
35,34,
-8,-17,
5,4,
30,50,
21,38,
-45,49,
-17,-1,
-11,17,
57,54,
29,28,
58,49,
63,40,
21,29,
5,71,
-15,40,
-29,13,
-15,-9,
-16,4,
-14,-44,
-20,-49,
-7,-2,
-27,52,
2,104,
-16,61,
0,39,
-20,62,
10,-20,
64,-4,
71,2,
15,64,
11,31,
-41,11,
-48,18,
-17,-46,
-28,22,
18,27,
15,-34,
4,-27,
18,-4,
24,83,
31,60,
2,25,
54,49,
-21,14,
-89,-5,
4,33,
33,39,
35,60,
-37,4,
-69,7,
-67,58,
-38,15,
-56,-18,
-15,10,
12,7,
-14,-25,
14,-44,
15,-14,
-24,23,
-45,31,
-96,10,
-54,-3,
-4,7,
-10,50,
19,-9,
-28,-20,
-17,-30,
19,-21,
30,36,
-14,-2,
-51,-40,
-52,0,
-64,25,
-21,28,
19,52,
-10,-16,
60,-24,
31,-13,
14,5,
-9,-39,
-19,-32,
56,0,
45,38,
-12,82,
-60,15,
-6,-9,
-17,-6,
32,36,
3,45,
-62,15,
13,29,
-28,32,
-91,36,
-63,70,
13,18,
83,76,
7,35,
-45,32,
-30,65,
28,94,
17,66,
58,-17,
3,23,
-33,-29,
-6,-13,
26,34,
51,-17,
35,-29,
30,-46,
13,46,
-22,16,
-65,33,
-62,2,
-54,2,
-23,-50,
13,-20,
-28,49,
-25,0,
-17,-22,
30,-27,
21,-31,
68,44,
6,-2,
-73,32,
-41,23,
-42,-23,
-31,14,
-23,-50,
16,-18,
-51,-7,
-66,60,
-34,32,
-63,-43,
59,-21,
-4,-38,
49,-12,
-15,-6,
-13,-9,
46,-53,
79,-38,
72,4,
-43,37,
-66,69,
-73,47,
-4,-23,
-23,-75,
-19,-21,
5,25,
74,44,
30,12,
-26,2,
-6,8,
24,69,
37,27,
73,36,
62,72,
33,27,
14,36,
33,67,
20,-16,
70,32,
98,-2,
8,-7,
1,-11,
-28,49,
-28,43,
18,51,
24,41,
41,31,
46,7,
2,42,
113,-22,
96,-47,
49,-24,
-70,-60,
-109,-86,
-74,-65,
-42,-38,
8,12,
-23,-49,
21,33,
15,-38,
-5,2,
-4,-10,
-20,40,
33,23,
7,-16,
-22,63,
-110,62,
-33,50,
-15,-35,
-32,11,
21,-4,
18,-17,
-20,28,
36,13,
52,91,
48,52,
-14,-14,
-85,-44,
-57,23,
-16,35,
-63,41,
-14,-1,
-10,2,
7,32,
23,-11,
25,-25,
14,34,
13,32,
7,72,
-13,17,
7,-2,
-7,15,
-25,-2,
-25,13,
-37,12,
9,-2,
43,39,
119,-13,
147,-32,
78,-52,
-69,-24,
10,19,
45,-13,
39,-35,
87,26,
25,-16,
57,48,
21,27,
-5,34,
-6,41,
-103,-39,
-429,-821,
-1470,-4173,
-1742,-7906,
-1063,-7762,
-1083,-3763,
-1922,2321,
-2612,2782,
-2137,-792,
-2621,-4196,
-3221,-4776,
-2988,-2764,
-1592,-466,
-406,-129,
219,-1082,
339,-1949,
298,-1408,
328,-244,
625,774,
802,158,
1229,-36,
1504,165,
595,250,
-368,401,
-665,-45,
-232,-425,
230,-429,
370,-131,
287,118,
137,118,
136,151,
173,291,
96,369,
1,465,
32,724,
-105,237,
61,155,
206,456,
209,352,
251,367,
234,108,
42,-196,
18,-289,
162,-135,
320,100,
264,176,
191,268,
141,299,
158,189,
271,133,
342,127,
149,28,
13,18,
-64,42,
-55,82,
-56,108,
-32,178,
-114,309,
-309,390,
-325,309,
-129,9,
24,-73,
-6,-68,
-123,2,
-105,19,
152,32,
391,37,
408,42,
276,43,
121,117,
69,3,
182,-75,
244,49,
141,138,
42,142,
127,251,
268,324,
339,433,
334,625,
135,837,
2,579,
-76,156,
-105,-88,
-102,19,
-87,47,
-103,170,
-33,151,
-59,46,
-106,-26,
-205,-99,
-79,-94,
79,143,
124,265,
60,223,
16,147,
7,57,
38,37,
40,54,
116,163,
10,45,
-26,59,
-10,78,
-21,169,
1,153,
31,113,
58,175,
35,116,
139,114,
143,45,
45,86,
88,133,
109,150,
41,170,
-4,186,
-33,149,
5,40,
32,46,
24,133,
19,100,
6,110,
63,117,
73,193,
133,221,
181,235,
48,177,
80,72,
57,67,
60,104,
48,130,
22,71,
28,170,
0,16,
3,31,
81,217,
11,167,
-46,114,
37,94,
55,122,
37,151,
29,217,
72,181,
70,121,
57,135,
50,146,
31,119,
21,124,
51,119,
19,-11,
84,-1,
105,76,
87,85,
10,66,
-33,15,
-13,63,
58,161,
24,121,
16,144,
15,104,
00>
_________________________________
00>
_________________________________
Sequence Number: 40
00>
00>
Printing STS0 CIR
00>
00>
_________________________________
00>
-40,-22,
-26,16,
-2,51,
66,16,
64,-35,
25,48,
-29,-10,
-71,34,
19,64,
1,-16,
54,-32,
-4,56,
-34,27,
-13,-39,
20,-14,
47,-7,
92,11,
21,-16,
3,5,
-8,-31,
26,-1,
39,12,
32,-9,
63,68,
43,1,
39,18,
42,54,
-2,2,
-16,1,
43,-10,
46,37,
38,26,
33,28,
22,11,
-4,-43,
-93,-9,
28,12,
31,-1,
25,1,
-3,-14,
45,2,
27,-72,
56,-29,
19,-1,
59,27,
54,18,
-12,11,
31,-63,
-6,-40,
50,-17,
32,-55,
-39,-38,
-22,-41,
-4,35,
10,-17,
-11,2,
46,9,
42,-28,
29,15,
8,-10,
-57,27,
10,-2,
-7,20,
17,60,
-21,-6,
-6,-14,
-27,22,
-50,51,
-78,-55,
-26,-66,
-32,33,
0,41,
-14,11,
-38,22,
-15,45,
20,-57,
-43,-2,
-35,-4,
-17,-6,
-15,1,
54,-75,
-35,-54,
7,1,
-29,96,
12,45,
-9,-27,
72,3,
51,45,
11,18,
4,54,
17,69,
33,12,
-54,0,
16,-30,
-20,-3,
26,34,
12,-39,
-20,-19,
-15,8,
-28,0,
32,-30,
3,-15,
-48,48,
3,8,
8,-21,
17,-10,
-7,-18,
84,8,
10,27,
-18,25,
23,-3,
-25,-70,
22,-35,
27,-11,
40,-1,
-41,-26,
-61,-30,
-28,-42,
-3,31,
-2,-5,
11,32,
30,62,
24,38,
39,13,
51,-56,
-31,-33,
-15,16,
1,-18,
-4,-33,
47,8,
-4,26,
55,51,
10,-26,
44,-34,
92,29,
65,127,
8,104,
-10,31,
-13,-12,
-29,-23,
24,7,
-16,-9,
-23,-33,
74,-19,
101,-26,
99,-27,
14,-49,
30,29,
4,32,
-33,32,
-35,-56,
3,-67,
65,74,
68,39,
45,45,
19,-15,
81,-36,
29,-8,
67,4,
41,-40,
29,-50,
-66,-53,
0,-44,
71,45,
7,54,
10,23,
-7,30,
16,-13,
-15,89,
6,37,
28,26,
-10,-6,
-13,17,
-41,7,
4,21,
24,22,
-17,-8,
55,-32,
28,-36,
-17,29,
-24,85,
14,11,
-28,-12,
-7,13,
-24,-31,
-6,-19,
2,29,
10,-12,
-51,32,
-23,43,
-33,17,
35,3,
-38,-4,
5,-17,
-21,14,
-2,-14,
41,-34,
75,-39,
12,31,
14,-48,
-13,-39,
-7,-71,
-30,-15,
-20,38,
-13,98,
-41,46,
-20,-43,
-37,-60,
-41,-44,
49,46,
8,31,
0,-1,
-30,-41,
52,19,
29,7,
22,-23,
34,-36,
22,-44,
41,52,
31,39,
-13,-58,
1,-30,
18,-46,
44,-32,
66,56,
15,6,
6,-20,
-23,-38,
-8,19,
33,18,
-37,-17,
43,17,
-22,-74,
-29,-71,
-25,-57,
-7,-3,
-20,-78,
3,41,
-12,24,
-24,-32,
-51,-65,
-37,-56,
29,12,
2,4,
57,-97,
8,-42,
47,-1,
44,-36,
5,-46,
42,41,
50,29,
25,13,
23,4,
84,-24,
62,-1,
71,23,
61,13,
17,10,
21,31,
-15,66,
-46,46,
34,-28,
19,46,
13,-1,
-16,19,
-50,10,
-50,38,
36,-16,
38,10,
25,43,
-10,35,
4,26,
80,-44,
-3,-18,
13,8,
30,58,
-28,37,
-2,6,
-19,12,
-33,9,
60,84,
18,13,
41,32,
-40,-57,
-35,-46,
-29,-49,
24,84,
63,21,
-10,-65,
-7,-73,
47,-74,
-9,23,
-15,43,
-31,80,
-47,50,
8,-22,
-9,-6,
-32,-21,
-15,-8,
-39,63,
35,49,
62,-24,
10,-4,
6,-27,
59,-30,
7,17,
-7,-32,
-47,2,
-4,-51,
-30,1,
-72,-27,
-127,18,
-23,-35,
0,17,
53,24,
7,-11,
18,8,
4,42,
4,21,
32,28,
-10,68,
-39,-15,
9,36,
39,48,
4,33,
37,-13,
12,16,
-65,63,
-19,-33,
-50,-10,
-23,36,
-40,26,
-23,92,
30,85,
30,5,
4,-11,
-42,27,
-15,46,
-9,41,
-23,16,
-7,43,
49,52,
9,-6,
38,-16,
2,-28,
-14,-2,
-23,-26,
-17,-6,
-6,61,
6,38,
-7,-44,
17,-37,
57,36,
8,46,
18,-27,
17,-30,
9,57,
7,76,
-306,212,
-2652,1310,
-7662,2781,
-8061,2137,
-8066,1419,
-1338,59,
3124,-409,
1502,-241,
-122,233,
736,1235,
2648,2236,
2329,1459,
363,-70,
-1486,-1335,
-2229,-1872,
-1194,-1169,
-176,-187,
369,-44,
-61,-598,
-371,-1175,
-378,-1536,
-126,-759,
415,23,
577,262,
239,209,
-176,85,
-174,-59,
186,-273,
286,-250,
258,-314,
174,-291,
120,-167,
131,-210,
362,-299,
72,-216,
35,-23,
55,151,
76,242,
167,58,
218,-250,
152,-388,
78,-629,
115,-647,
48,-482,
119,-349,
194,-216,
460,111,
393,322,
88,210,
-98,99,
-35,-59,
39,-36,
81,121,
313,47,
456,-79,
307,-83,
145,-88,
127,-53,
87,-6,
-15,-24,
-108,-15,
-157,-96,
-27,-109,
-42,-96,
-165,17,
-418,66,
-122,-137,
-57,-171,
28,-229,
447,-328,
519,-327,
332,-31,
158,143,
120,183,
230,68,
377,-24,
398,-23,
703,262,
837,520,
537,472,
137,262,
-104,142,
7,107,
43,132,
63,89,
218,-95,
129,-180,
28,-134,
105,-117,
112,-104,
36,-118,
-32,-65,
13,0,
36,1,
31,41,
-1,94,
78,80,
213,-43,
52,-90,
-34,-83,
-12,-83,
59,-47,
221,-13,
199,-11,
91,-16,
64,-20,
2,42,
7,-55,
31,49,
97,43,
187,15,
158,-89,
83,-88,
129,-45,
64,88,
65,32,
35,42,
121,59,
140,62,
151,-55,
109,-20,
26,-40,
48,-41,
52,-10,
45,-29,
20,-36,
33,-24,
58,-38,
65,-40,
51,-24,
-7,-47,
-33,-36,
6,-52,
51,-6,
124,-4,
86,57,
42,-9,
-7,-37,
17,-98,
35,-61,
67,-31,
134,-8,
11,13,
24,-37,
42,-33,
147,-147,
-2,-114,
-29,-163,
-42,-162,
68,-117,
103,-34,
24,25,
66,11,
40,-12,
00>
_________________________________
00>
00>
Printing STS1 CIR
00>
00>
_________________________________
00>
52,8,
15,-12,
-29,1,
-46,52,
-25,21,
-28,78,
-6,50,
-45,-13,
18,-63,
-7,-56,
-16,-10,
-4,-15,
39,19,
-10,19,
-10,20,
-11,87,
87,49,
111,-14,
8,-5,
20,15,
10,-25,
-43,33,
-47,-2,
-11,40,
-21,8,
15,59,
28,10,
34,-10,
60,29,
13,25,
-34,1,
-63,-32,
-37,-18,
-69,-21,
16,6,
38,-16,
16,-9,
21,-66,
-31,-8,
15,37,
22,59,
25,45,
14,-23,
-5,-41,
-50,-7,
11,41,
-51,46,
-25,58,
-19,30,
23,88,
12,40,
21,16,
58,-24,
-29,-44,
-49,-8,
-25,-29,
30,-42,
40,21,
0,-26,
-19,40,
-14,-77,
16,-45,
25,-29,
9,-46,
-38,-61,
-124,38,
-5,0,
12,13,
-48,-23,
-18,40,
-20,5,
46,20,
12,-19,
-19,-31,
-9,-83,
-11,59,
-4,68,
24,56,
43,-12,
86,-44,
57,-10,
-60,-1,
44,-4,
14,-7,
-39,-22,
-87,-4,
-51,-36,
-5,-4,
3,82,
42,68,
49,29,
-12,-40,
-29,25,
29,16,
-8,2,
-26,5,
-50,111,
-33,73,
-78,37,
-11,-39,
-2,2,
22,38,
-17,-22,
25,-12,
-26,31,
15,33,
21,39,
-6,-78,
-58,5,
63,-21,
-2,-46,
14,-6,
1,-44,
-13,0,
-26,7,
-40,-21,
-6,4,
-16,82,
29,12,
20,30,
-29,15,
15,-19,
-28,0,
-8,50,
12,42,
-7,-20,
-5,11,
-61,-35,
-5,35,
-52,70,
33,43,
-4,34,
-54,11,
-22,-20,
-2,-13,
-27,7,
-101,-147,
-35,-75,
23,-51,
24,45,
-14,10,
33,2,
38,43,
77,-5,
60,0,
6,-3,
-5,-24,
-10,10,
-15,57,
-14,13,
-8,4,
-15,11,
34,28,
5,-7,
40,44,
28,4,
12,-4,
-13,-5,
-1,35,
-41,13,
-12,-24,
30,-64,
19,-28,
27,32,
35,17,
36,-10,
10,-25,
6,-16,
-6,-61,
19,-57,
15,-43,
-42,29,
11,-17,
44,-23,
63,17,
64,27,
18,53,
17,38,
51,-14,
77,39,
-8,57,
-13,5,
28,33,
-16,-43,
-31,-24,
13,-6,
43,-52,
16,-13,
-7,68,
46,30,
27,-57,
32,-47,
10,10,
47,-24,
34,-24,
44,36,
46,24,
-16,25,
-52,24,
47,43,
6,11,
-8,-17,
-12,15,
-26,-47,
-35,-33,
45,5,
-31,20,
-7,12,
51,-18,
-27,40,
-48,17,
-12,30,
-13,25,
-60,-19,
1,-64,
-8,-27,
12,-49,
-11,-60,
-29,-30,
52,15,
24,30,
0,5,
33,-26,
20,-28,
41,8,
72,40,
1,-15,
44,-1,
-1,28,
15,92,
42,-2,
-13,-28,
-24,-78,
22,-106,
73,-85,
44,-20,
29,20,
17,-10,
-22,-42,
7,-22,
-28,-6,
-9,29,
4,25,
-47,-28,
-4,49,
-12,-1,
5,50,
32,-3,
36,22,
78,121,
37,96,
23,-40,
37,-48,
12,9,
-7,21,
7,-36,
59,-21,
18,-49,
-8,-69,
14,-42,
59,37,
60,-14,
20,40,
-4,16,
65,98,
-1,65,
-33,-3,
-49,-30,
-55,29,
23,52,
17,7,
-28,-11,
-35,-9,
-9,29,
20,4,
9,-8,
29,21,
12,19,
-4,-32,
-18,16,
24,-33,
13,-71,
41,-39,
-26,-14,
2,-3,
20,-15,
-10,-12,
-9,28,
18,80,
-2,67,
-13,21,
-27,-51,
-1,4,
63,9,
23,-13,
-12,21,
-24,33,
14,-10,
-25,-38,
51,5,
44,-2,
30,0,
-5,9,
19,22,
-8,-15,
-22,17,
-11,-22,
-36,0,
-10,-35,
33,21,
2,-2,
21,-42,
-23,-90,
7,-108,
-49,-100,
11,-38,
43,-11,
62,-6,
63,-92,
34,-40,
-21,-19,
32,7,
55,-11,
45,33,
51,34,
28,-9,
-4,33,
-47,15,
-23,-47,
28,-13,
16,-41,
79,-26,
-4,26,
20,62,
15,19,
92,28,
76,45,
-22,22,
-34,56,
9,5,
47,-24,
37,-11,
-45,9,
-108,12,
-78,-4,
24,30,
-3,2,
47,29,
-20,53,
7,31,
-43,38,
-15,-23,
12,-69,
-18,48,
-42,-18,
-26,65,
-57,-20,
-14,18,
-240,255,
-2121,1312,
-6998,2680,
-7887,2112,
-6885,1462,
252,718,
3039,584,
835,-247,
-618,-1784,
125,-3334,
1060,-3210,
741,-1684,
394,-354,
1133,434,
2271,1077,
2107,1187,
729,633,
-245,-84,
-428,-978,
-325,-1387,
-239,-1933,
-254,-1248,
-140,-486,
172,116,
233,360,
22,205,
58,-48,
342,-174,
420,-118,
247,-158,
-324,-383,
-565,-313,
-333,56,
-214,464,
1,519,
149,417,
205,207,
198,-34,
-42,-79,
-319,-40,
-489,-205,
-266,-476,
106,-465,
343,-232,
255,55,
108,-4,
-33,-202,
-223,-238,
-181,-19,
-97,176,
130,247,
96,174,
256,102,
322,90,
413,78,
170,87,
131,-6,
234,-293,
355,-562,
247,-402,
86,-277,
85,-272,
128,-199,
31,-66,
-117,-153,
-106,-139,
55,-55,
43,116,
74,308,
5,259,
48,138,
-30,85,
-34,85,
105,50,
200,-92,
301,-140,
295,-119,
501,84,
793,350,
683,487,
249,310,
-52,151,
-37,-29,
8,62,
-53,156,
-87,120,
-81,130,
-79,121,
-39,94,
11,75,
-33,69,
-42,-8,
19,24,
-18,53,
26,66,
7,33,
0,40,
25,27,
22,18,
19,-14,
4,-99,
62,-144,
42,-55,
66,25,
50,63,
34,14,
-57,36,
-70,7,
-37,70,
26,60,
81,14,
94,17,
88,27,
46,76,
46,65,
57,26,
106,91,
55,24,
42,-63,
22,-60,
44,-36,
37,-38,
4,-54,
13,-15,
36,-31,
62,6,
145,66,
131,110,
57,79,
47,41,
27,41,
70,86,
90,97,
70,63,
78,76,
16,16,
61,-21,
-1,-71,
11,-25,
-24,54,
-43,71,
13,5,
46,15,
6,22,
61,33,
18,-86,
-47,-71,
-8,-24,
-4,15,
43,-43,
99,63,
60,27,
76,31,
70,84,
00>
_________________________________
00>
RX Timestamp: 558061750415
00>
Clock Offset: -1867.104 Hz, 0.234 ppm
00>
RX Timestamp: 559132786538
00>
Clock Offset: -1160.431 Hz, 0.145 ppm
00>
_________________________________
Sequence Number: 173
00>
00>
Printing STS0 CIR
00>
00>
_________________________________
00>
78,29,
71,15,
-64,43,
-39,53,
7,27,
9,50,
23,48,
-42,70,
-33,48,
-22,23,
58,51,
1,38,
-7,64,
29,65,
37,-1,
113,18,
36,-70,
5,-28,
-2,-55,
35,9,
60,2,
59,-12,
-10,0,
-11,-42,
13,-29,
53,-25,
99,16,
41,37,
8,60,
-42,-12,
65,-38,
100,96,
66,18,
20,15,
25,-1,
-21,-43,
26,-27,
60,-15,
45,96,
25,70,
36,-31,
15,-41,
60,32,
15,79,
-25,7,
-49,-40,
-50,7,
48,35,
24,5,
-1,-6,
57,-33,
44,5,
105,37,
44,-23,
75,6,
22,-2,
27,-96,
66,-77,
11,16,
26,31,
55,0,
44,-3,
36,19,
0,22,
24,2,
108,-52,
98,-90,
30,-30,
12,-58,
-2,39,
19,42,
-30,10,
-39,21,
40,-36,
23,-7,
2,-63,
22,10,
-31,21,
34,17,
57,38,
27,74,
-17,63,
-77,63,
-45,78,
-77,90,
53,75,
-12,-17,
-75,18,
-11,2,
55,-16,
30,3,
-19,8,
66,70,
35,64,
-8,3,
17,-84,
54,-97,
52,7,
68,51,
22,50,
13,0,
-25,-57,
-2,-3,
35,45,
59,47,
65,10,
24,6,
-30,49,
61,72,
138,16,
41,-5,
22,42,
28,-1,
86,-34,
118,-54,
68,11,
117,61,
-2,101,
33,-2,
35,-34,
62,38,
84,17,
-26,11,
-102,19,
-31,9,
12,23,
55,-2,
74,24,
4,17,
33,-34,
52,-43,
51,6,
95,22,
13,34,
-20,-35,
15,2,
49,-6,
33,-13,
-8,7,
-3,78,
55,69,
45,34,
98,-24,
75,-17,
-11,60,
-31,29,
49,-4,
21,-65,
-1,-16,
-37,-33,
73,28,
60,39,
87,-24,
80,-2,
67,-1,
92,59,
7,-10,
20,-21,
29,10,
38,17,
28,-70,
18,-3,
59,27,
25,44,
27,60,
15,-30,
37,3,
8,-19,
-41,-40,
-35,-16,
-8,-20,
-47,-15,
12,71,
75,113,
117,36,
23,-41,
-9,-13,
-68,48,
-56,-27,
17,-39,
26,-34,
-64,50,
-16,61,
-15,74,
45,-30,
74,2,
21,7,
9,-52,
7,41,
40,51,
23,76,
-9,5,
-16,-28,
-29,33,
21,31,
-32,52,
9,93,
12,13,
35,-71,
67,21,
7,21,
80,32,
16,21,
-26,-64,
0,-20,
38,75,
56,89,
35,-20,
46,-72,
10,-37,
14,59,
44,52,
-11,35,
-21,19,
24,-45,
63,14,
21,-1,
-42,6,
73,20,
127,36,
44,2,
-20,56,
-30,54,
19,7,
-26,-5,
-51,-18,
9,-72,
24,30,
25,9,
0,20,
-53,-46,
-33,-62,
73,-22,
122,29,
72,21,
17,-44,
44,19,
-9,5,
26,-4,
44,-11,
77,19,
15,17,
29,45,
-5,-3,
-27,-33,
-14,25,
27,59,
106,79,
85,-10,
92,-2,
34,-15,
38,51,
-19,52,
11,61,
-20,55,
12,20,
-11,31,
-63,-21,
-22,67,
74,47,
9,47,
45,39,
87,89,
81,-17,
-16,-87,
-23,-92,
5,-44,
12,1,
9,179,
101,105,
-8,41,
-4,-36,
85,-35,
99,43,
71,-8,
4,25,
67,93,
46,79,
54,68,
24,31,
-8,-7,
5,23,
30,13,
-11,68,
27,52,
37,49,
57,30,
61,66,
25,69,
-28,60,
-32,61,
44,85,
84,63,
47,50,
34,0,
26,-43,
125,-20,
70,-59,
-9,41,
-34,-2,
65,32,
14,18,
24,22,
32,-18,
15,2,
46,13,
38,-14,
-7,-3,
21,85,
52,11,
43,50,
62,12,
36,-8,
30,2,
84,0,
22,48,
39,2,
37,67,
7,71,
-10,36,
13,51,
90,-38,
100,44,
50,14,
62,-21,
41,-5,
-2,-60,
65,9,
2,27,
29,61,
50,58,
52,26,
-28,24,
-18,46,
15,26,
52,61,
51,-33,
10,-3,
61,57,
37,-18,
40,-24,
36,5,
70,15,
69,32,
26,-44,
38,9,
56,12,
81,-2,
80,23,
6,43,
48,103,
56,46,
164,180,
926,1603,
2555,5075,
2837,7064,
1984,5610,
607,321,
440,-2185,
539,-614,
-384,1154,
-1982,1245,
-2362,650,
-1338,216,
-408,-243,
-78,-985,
-132,-1544,
-9,-1199,
77,-273,
57,307,
-336,439,
-826,502,
-1189,956,
-842,934,
-348,544,
-65,20,
-11,-46,
74,40,
74,23,
39,-83,
-9,-258,
-114,-225,
-135,-23,
-124,161,
-31,23,
-23,-233,
20,-357,
53,-173,
-62,-56,
-47,76,
6,23,
-141,-78,
-268,30,
-256,78,
-47,9,
31,-60,
79,-72,
114,15,
148,-11,
99,-59,
11,-64,
128,52,
54,38,
-18,52,
-85,-140,
-7,-243,
174,-146,
221,-24,
173,16,
42,-81,
-48,-309,
-82,-307,
-149,-257,
-71,-164,
-31,-66,
72,86,
24,105,
-33,195,
-221,68,
-264,16,
-141,29,
68,46,
95,-8,
38,-26,
128,-21,
141,54,
77,-65,
-98,-77,
-260,-138,
-303,-269,
-250,-396,
-127,-392,
127,-160,
224,0,
163,9,
17,-66,
-50,-11,
5,-15,
-15,-16,
-45,19,
-45,-4,
-77,36,
-94,101,
7,5,
46,-92,
-53,-117,
-31,30,
-89,67,
-42,7,
-18,10,
-9,31,
-47,15,
-43,16,
-10,1,
12,-56,
51,-73,
112,-77,
114,-67,
85,-6,
130,27,
86,15,
69,-33,
25,-127,
38,-187,
-34,-136,
-46,-47,
-9,-37,
3,-28,
17,-16,
-64,-16,
-52,-57,
7,-55,
34,-25,
30,-67,
15,-73,
-57,-65,
21,-96,
40,-83,
-2,-121,
104,-126,
107,-64,
52,-4,
-35,1,
67,-48,
4,-34,
41,-4,
46,-3,
8,-10,
8,-6,
34,-37,
53,-33,
12,-58,
6,-60,
77,-1,
81,31,
14,-10,
-39,-51,
27,-6,
-5,98,
16,15,
55,36,
9,-81,
5,-62,
-45,-88,
7,-59,
57,-84,
40,-23,
24,-36,
50,-1,
29,-28,
70,-32,
97,17,
00>
_________________________________
00>
00>
Printing STS1 CIR
00>
00>
_________________________________
00>
-33,14,
33,15,
3,25,
-44,44,
-81,11,
0,-5,
32,12,
13,-49,
-73,-96,
-40,-42,
-40,119,
-16,62,
-16,3,
-14,17,
27,31,
42,67,
-7,-26,
-96,-44,
-78,-33,
-24,-8,
4,32,
70,-1,
35,60,
53,69,
-19,93,
-95,27,
-34,2,
2,17,
-1,34,
1,24,
-24,7,
26,-57,
7,-46,
-17,-49,
-30,-77,
-28,-49,
20,-52,
96,-20,
83,75,
44,100,
-22,-13,
-71,-13,
-29,-36,
23,-53,
18,10,
26,24,
51,-31,
50,-56,
58,-14,
35,54,
-54,116,
-83,87,
-32,-8,
59,-27,
72,21,
45,16,
-26,76,
38,105,
86,101,
41,-42,
95,-24,
49,-55,
2,-18,
8,11,
52,-20,
91,-83,
115,-41,
23,-69,
69,-68,
103,-36,
54,-35,
16,-64,
-27,-12,
37,-58,
22,-57,
35,-59,
43,-29,
-9,0,
-15,-53,
11,-80,
12,-24,
-20,-72,
44,-84,
146,-17,
129,50,
94,23,
-12,-2,
36,23,
12,37,
-5,77,
80,36,
118,63,
115,-10,
67,69,
65,38,
53,-23,
29,-60,
79,-64,
116,29,
95,26,
-4,-14,
-71,72,
-20,63,
99,45,
24,-8,
52,17,
22,56,
8,-37,
-35,-29,
-15,-39,
62,24,
51,98,
20,65,
31,5,
31,-43,
-3,-19,
40,8,
-8,4,
45,16,
-23,63,
-7,60,
-11,5,
14,-65,
46,-2,
109,67,
70,0,
51,-35,
-28,9,
-55,44,
-24,42,
-52,28,
-65,72,
37,106,
100,59,
76,-7,
27,30,
44,65,
56,63,
35,18,
21,45,
79,-9,
36,-1,
41,-36,
11,-34,
29,-39,
-7,13,
-64,-39,
-26,-34,
-42,24,
-3,46,
78,30,
115,24,
48,-64,
49,-36,
-13,0,
-35,-71,
-1,40,
31,54,
112,21,
68,-57,
57,-13,
56,-37,
9,30,
16,57,
-38,65,
-3,36,
31,3,
10,52,
43,39,
17,-7,
26,-20,
-8,-31,
6,41,
25,11,
11,-6,
44,-55,
64,-4,
60,1,
40,9,
71,39,
39,43,
11,-24,
-56,-1,
-28,14,
42,-82,
79,38,
54,44,
63,49,
30,-17,
-6,-112,
9,-22,
27,58,
-10,40,
23,-21,
3,-40,
79,20,
120,20,
63,-34,
9,36,
71,-3,
13,-11,
79,-56,
56,3,
3,79,
6,13,
7,-13,
83,-60,
63,-68,
27,24,
-51,86,
-4,80,
11,32,
13,-34,
45,22,
65,6,
21,22,
-23,-11,
21,8,
83,-14,
-16,-17,
-29,-45,
-81,-3,
-8,80,
6,57,
-18,51,
-31,28,
-13,22,
24,-14,
50,3,
59,16,
44,-17,
23,14,
-10,-3,
-25,18,
-70,-85,
-102,-33,
-16,35,
71,52,
96,59,
33,23,
6,12,
64,41,
108,15,
96,-72,
47,-56,
29,29,
36,28,
36,-22,
30,-43,
-49,39,
-109,12,
-20,-1,
12,13,
64,-55,
44,-20,
20,38,
8,2,
47,-72,
5,-14,
40,41,
-24,115,
15,53,
55,-56,
1,-67,
-58,-11,
38,-8,
-16,-7,
-52,1,
51,-17,
39,6,
25,-1,
18,7,
-18,-23,
-54,20,
-12,30,
25,6,
-3,-53,
6,-101,
34,-12,
-10,65,
31,88,
29,38,
41,52,
26,20,
51,13,
12,21,
25,-6,
27,3,
-85,-37,
-28,48,
-8,-21,
57,-52,
-8,20,
-5,22,
-5,45,
12,-39,
-16,-64,
-44,-63,
-26,-81,
47,10,
56,-33,
14,-43,
-5,-80,
67,-7,
5,45,
45,-65,
-4,-51,
-52,2,
3,38,
32,27,
45,-27,
70,-65,
10,-45,
21,11,
32,35,
21,48,
34,-7,
57,-5,
-2,13,
-26,-49,
0,2,
38,17,
-31,-48,
-43,-14,
27,4,
4,13,
26,85,
-18,41,
1,-11,
42,-12,
83,35,
62,32,
82,7,
84,37,
30,41,
30,94,
73,40,
25,-26,
-44,-39,
94,-23,
72,-9,
38,14,
46,-26,
22,-21,
17,-81,
-11,-11,
13,-22,
-24,6,
-5,26,
44,38,
12,26,
35,56,
230,220,
946,1576,
1914,4752,
2015,6781,
1567,5003,
1227,-180,
1460,-2625,
1548,-877,
1630,1865,
2325,3187,
2611,2426,
1919,715,
737,-199,
-93,404,
-182,1346,
-97,1454,
-100,671,
-333,-175,
-530,-442,
-781,-57,
-1070,59,
-736,-20,
-100,-247,
353,-214,
336,147,
123,250,
-70,147,
-188,-21,
-218,-89,
-156,-97,
-126,-126,
-18,-230,
-51,-285,
-94,-434,
-20,-446,
-56,-252,
-163,-226,
-214,-277,
-254,-279,
-168,-222,
-165,-7,
-76,171,
-115,217,
-242,-2,
-223,-197,
-161,-199,
-105,-167,
-62,-118,
-182,-78,
-283,-77,
-232,-51,
-123,-14,
-39,73,
-78,88,
-77,50,
-14,-83,
61,-124,
114,-302,
187,-258,
200,-85,
51,54,
55,49,
63,40,
181,23,
61,13,
-78,44,
-204,-29,
-183,-20,
-74,-11,
25,100,
-61,102,
-106,35,
-178,-62,
-103,-89,
-73,-86,
-142,-183,
-232,-258,
-279,-406,
-225,-543,
-53,-485,
98,-222,
148,79,
83,57,
42,-66,
23,-87,
23,-71,
89,-52,
126,-21,
144,53,
103,16,
37,-71,
-31,-164,
-33,-225,
-53,-141,
-26,-106,
63,4,
36,-30,
-27,-31,
-62,65,
-103,35,
9,36,
18,26,
5,6,
12,-11,
-82,-65,
-83,-25,
-119,-94,
-37,-5,
13,7,
-51,-19,
-76,-80,
-106,-32,
-2,-57,
46,-96,
90,-108,
62,-68,
42,-7,
-8,46,
13,-30,
-30,-60,
-106,-49,
-146,-111,
-72,-173,
-13,-173,
-20,-65,
-89,13,
-39,-18,
-55,-75,
3,-127,
-31,-77,
-32,-59,
-12,14,
-27,-6,
-10,-88,
3,-153,
-58,-135,
-41,-95,
-35,-98,
9,-171,
-18,-81,
5,-16,
6,17,
30,-15,
-36,-74,
-37,-73,
24,-58,
-31,14,
-18,10,
-63,-59,
-77,-47,
-121,-87,
-66,-48,
-33,-40,
-37,-9,
63,-52,
91,-126,
60,-33,
26,-21,
26,-49,
-22,-77,
00>
_________________________________
00>
_________________________________
Sequence Number: 176
00>
00>
Printing STS0 CIR
00>
00>
_________________________________
00>
27,37,
55,30,
-2,6,
20,1,
39,15,
60,40,
52,-19,
58,11,
-11,18,
-40,38,
-28,56,
-2,8,
6,-2,
14,-3,
41,11,
-30,44,
-17,55,
-21,30,
-56,-28,
43,-14,
19,-1,
23,55,
-12,16,
-42,3,
-42,10,
62,-30,
11,4,
39,0,
49,-7,
5,-6,
21,48,
-33,-15,
-9,-6,
-4,25,
-15,20,
-26,60,
5,56,
-20,8,
-25,-18,
-8,9,
-88,5,
-40,-14,
49,39,
8,-3,
27,37,
-16,55,
-30,18,
10,13,
36,10,
-6,-21,
-19,-47,
42,-34,
45,-35,
-26,-50,
-27,-29,
-21,-24,
1,-11,
14,29,
13,78,
22,-6,
17,-5,
-29,16,
-26,24,
17,77,
0,17,
1,11,
-20,8,
-5,-46,
-1,2,
-45,52,
57,18,
27,-3,
12,-43,
54,16,
61,15,
51,53,
-18,39,
-7,60,
-15,-76,
38,-42,
47,6,
29,0,
29,-15,
44,-10,
-28,36,
-30,93,
6,30,
-2,15,
59,9,
34,11,
-3,-13,
9,7,
38,19,
36,3,
-4,6,
-10,11,
-39,41,
-17,48,
4,29,
41,45,
18,101,
-21,10,
-30,-61,
-13,-77,
63,-50,
62,44,
-41,-22,
-11,-36,
-27,-26,
4,27,
-31,44,
-1,75,
-26,-28,
-26,-33,
-14,7,
38,13,
-9,35,
-43,74,
6,53,
52,63,
-47,-38,
-4,-101,
45,-31,
1,-28,
-23,13,
-9,18,
26,19,
19,9,
8,-5,
-25,-42,
-31,-20,
20,-42,
37,-16,
-64,-42,
-38,-58,
9,-38,
2,-36,
44,47,
-2,18,
8,-16,
-20,-37,
-12,45,
30,54,
-59,17,
-57,-69,
7,-42,
-6,-35,
29,-16,
-30,69,
-9,13,
-1,-24,
-1,5,
44,27,
65,-3,
45,-23,
48,-8,
14,87,
18,48,
62,140,
11,95,
19,12,
-9,-56,
37,-50,
32,12,
50,66,
-23,33,
45,2,
41,20,
17,50,
0,-23,
24,2,
11,-40,
-8,70,
-64,40,
-54,21,
35,42,
53,55,
37,60,
47,56,
-24,21,
33,-57,
61,-45,
-38,-51,
3,-37,
55,83,
-4,3,
8,-11,
6,-11,
4,49,
-7,17,
-9,20,
9,52,
-14,58,
-56,-9,
36,-105,
31,-25,
-50,39,
34,68,
-29,48,
14,18,
95,-10,
23,48,
3,-4,
51,3,
68,-12,
51,1,
2,50,
-24,29,
-31,2,
31,-4,
-27,-28,
-32,-46,
5,-26,
23,35,
-17,-47,
-15,-40,
6,20,
7,28,
72,-22,
-21,20,
-39,40,
-8,-3,
-67,-49,
-27,-44,
18,8,
-6,17,
-26,-16,
0,5,
48,-41,
-22,13,
-28,17,
-20,8,
64,70,
-22,27,
-13,9,
29,-9,
59,-5,
89,1,
23,42,
-21,13,
-56,26,
-36,28,
-27,-12,
33,63,
11,14,
-15,24,
-25,-45,
-25,-60,
39,-81,
12,43,
-20,99,
33,44,
-6,-63,
14,-31,
-56,34,
69,38,
57,-1,
12,-21,
1,-50,
-25,-16,
-26,16,
69,23,
55,66,
24,26,
79,31,
42,-16,
-13,15,
-22,-14,
4,0,
-13,54,
-1,69,
51,62,
-8,-7,
-33,58,
18,7,
-33,-1,
8,-12,
75,-37,
45,29,
10,10,
28,24,
12,-21,
-51,-4,
-30,-19,
-14,-29,
-93,15,
-9,-10,
14,-2,
-4,-28,
11,43,
17,40,
34,30,
-6,42,
22,47,
56,54,
46,40,
26,1,
34,-24,
53,-33,
26,41,
1,-5,
-55,9,
6,11,
-30,-16,
-41,14,
71,35,
62,8,
15,18,
-85,18,
-38,93,
26,17,
49,35,
0,-23,
72,-10,
57,-73,
-5,55,
31,82,
21,105,
10,35,
21,7,
-11,-13,
-32,15,
-27,46,
-39,-8,
-9,-19,
28,13,
-25,39,
-31,52,
-5,-41,
-11,29,
10,64,
-13,-86,
-38,-58,
-21,-25,
82,22,
77,9,
34,17,
33,-2,
-34,-45,
21,-83,
25,-70,
31,42,
13,81,
-2,82,
2,-31,
79,49,
47,2,
2,0,
-9,-41,
10,-38,
-9,-15,
-45,45,
3,-29,
-5,8,
34,-5,
71,-105,
812,-945,
4895,-4563,
7064,-5567,
7335,-5094,
4962,-2741,
-1643,1117,
-2457,1440,
-178,86,
-246,-594,
-2333,-1052,
-3452,-753,
-1495,46,
936,495,
2676,804,
2212,732,
659,237,
-225,-73,
-204,250,
505,699,
682,1076,
833,1245,
-45,338,
-728,-14,
-396,-68,
-57,-104,
136,-8,
-72,248,
-197,413,
-241,363,
-107,294,
-50,280,
-84,233,
-122,261,
-140,421,
30,172,
-2,62,
-173,-289,
-113,-97,
-111,141,
20,324,
41,461,
99,495,
202,489,
153,419,
68,335,
-295,139,
-534,-66,
-310,-202,
-113,-161,
74,-17,
43,67,
-32,-13,
-345,-27,
-307,158,
-277,258,
-160,170,
-136,146,
-117,85,
37,17,
154,-92,
165,-8,
219,119,
162,107,
191,-26,
307,-121,
308,-99,
15,26,
-11,45,
-265,375,
-220,411,
-298,479,
-201,105,
-154,-119,
-202,-82,
-381,69,
-475,213,
-594,186,
-1002,-62,
-827,-275,
-305,-220,
-10,-141,
161,-97,
-11,-31,
-38,-2,
-54,123,
-25,179,
29,204,
35,162,
-1,151,
-25,61,
-65,-29,
-39,-17,
-32,-32,
9,-25,
9,-55,
-50,-7,
-141,50,
-99,118,
-13,-9,
-18,27,
5,52,
-76,119,
-126,66,
-97,4,
-49,27,
-44,21,
-46,4,
-5,-5,
-121,10,
-130,-43,
-15,7,
-14,66,
-50,43,
-94,-10,
-55,-30,
-58,-8,
-172,29,
-159,106,
-119,140,
-59,116,
-38,73,
-53,103,
-80,73,
-43,2,
12,-19,
40,-84,
91,-74,
18,33,
-43,25,
-43,-8,
26,20,
4,-46,
-91,19,
-96,69,
0,69,
89,57,
42,81,
16,53,
34,51,
-62,44,
-25,28,
-51,64,
70,73,
-15,56,
-31,47,
-69,83,
38,32,
62,55,
8,104,
-63,141,
-94,118,
-30,53,
-10,5,
-5,7,
-56,26,
-70,66,
00>
_________________________________
00>
00>
Printing STS1 CIR
00>
00>
_________________________________
00>
-12,-10,
27,-59,
25,30,
80,7,
45,-4,
-73,-28,
-31,-32,
30,-59,
-48,42,
-1,45,
-50,26,
38,20,
73,15,
38,18,
30,36,
22,22,
-35,33,
-13,5,
27,15,
53,20,
-54,72,
-35,39,
62,16,
76,44,
88,13,
87,101,
3,22,
36,-9,
-73,46,
-96,-7,
-47,15,
-12,22,
70,4,
0,-28,
-29,-12,
-37,-10,
-14,-8,
-32,11,
-31,21,
-22,-4,
-26,-27,
7,-7,
7,34,
37,17,
62,7,
26,-1,
-21,-37,
-44,9,
-7,-27,
-14,-27,
-12,-28,
-3,51,
-22,-9,
13,35,
35,-17,
39,-27,
39,-18,
-6,-51,
43,-18,
26,19,
52,40,
48,4,
-4,63,
3,19,
34,15,
2,38,
3,38,
-46,1,
-22,-5,
51,1,
78,80,
92,59,
-33,3,
-42,-22,
-50,-32,
-1,44,
5,-25,
8,19,
48,-82,
-20,-13,
-46,5,
-32,9,
64,-15,
80,-15,
8,12,
-87,41,
-14,30,
-54,-12,
29,14,
6,28,
22,36,
-24,-87,
-7,-48,
22,-20,
30,-1,
-1,-45,
-83,52,
-56,47,
4,13,
15,-20,
-15,-12,
5,8,
76,-46,
34,-39,
-19,-52,
-34,-27,
-2,15,
-8,57,
23,56,
18,97,
44,-2,
16,1,
31,23,
-5,37,
-23,34,
26,34,
79,-7,
28,17,
-4,-34,
1,-22,
26,-43,
22,-25,
-8,-2,
1,-61,
-26,-63,
-16,-43,
15,40,
25,-29,
14,-32,
-17,22,
-13,20,
62,17,
25,-4,
53,52,
38,65,
-2,32,
4,0,
-16,20,
-13,-44,
20,-26,
42,22,
74,29,
-15,50,
6,65,
64,21,
-43,-12,
-66,10,
-54,53,
-11,-41,
16,49,
-5,35,
7,50,
10,62,
89,-19,
-4,-36,
-26,35,
2,-20,
26,64,
29,50,
0,-10,
6,6,
-3,-24,
-65,-38,
-1,1,
7,24,
-16,7,
6,98,
0,84,
9,16,
-44,9,
22,10,
-25,14,
-70,30,
-83,53,
-44,39,
-7,2,
-62,27,
-101,-49,
-54,-18,
24,27,
-4,29,
4,36,
-23,-6,
7,-32,
26,8,
-21,53,
10,25,
46,17,
78,14,
45,35,
-16,36,
-23,-5,
-73,16,
5,21,
87,9,
48,8,
18,71,
9,48,
21,72,
68,13,
9,-28,
13,29,
24,3,
14,-31,
-2,-95,
-63,-51,
-51,23,
4,-6,
31,-7,
46,16,
-48,21,
26,99,
25,-11,
43,13,
19,-22,
5,-18,
-1,-19,
56,30,
-24,20,
-3,28,
-36,20,
-6,61,
17,46,
59,-12,
-11,41,
-55,-11,
-54,62,
-22,-7,
42,46,
4,64,
16,-38,
43,-6,
-12,-15,
-2,34,
-26,50,
-24,69,
-31,24,
-29,86,
-46,7,
-16,31,
22,-24,
13,-51,
-115,16,
-46,33,
-46,27,
64,10,
6,36,
35,81,
-9,5,
1,-21,
9,5,
49,2,
-31,-67,
-11,-82,
21,4,
9,-8,
-5,39,
-25,47,
27,12,
-43,37,
30,23,
1,-5,
51,-13,
53,5,
-15,43,
-50,9,
-45,-34,
2,25,
-20,-11,
44,-35,
50,-54,
18,26,
-14,-1,
-40,-18,
-17,-17,
-11,-54,
14,-3,
39,-9,
16,78,
2,46,
-51,14,
-42,-41,
-8,-10,
-29,14,
-34,-15,
-22,2,
-29,72,
-50,0,
-28,-12,
-10,-12,
-127,46,
-39,37,
-42,-33,
-26,18,
12,16,
18,5,
72,-18,
17,5,
90,17,
32,34,
14,50,
-21,3,
24,15,
41,-16,
2,36,
-39,36,
33,-9,
8,-16,
-19,-47,
89,1,
38,-26,
-11,1,
15,-11,
-8,-34,
-69,1,
-18,-35,
-32,38,
-50,2,
-49,34,
-3,26,
36,-22,
-35,74,
-63,66,
-61,17,
-27,31,
41,13,
18,11,
-5,-24,
29,-39,
25,-1,
58,-29,
7,15,
-34,0,
22,32,
-23,-36,
-5,23,
-22,53,
40,17,
45,-46,
-35,-80,
19,9,
13,56,
9,-15,
19,21,
0,10,
-37,-6,
0,-21,
14,19,
-11,97,
10,76,
68,58,
36,5,
38,23,
23,5,
-20,20,
-25,-129,
481,-822,
3488,-3949,
6564,-5381,
6879,-4808,
2158,-1972,
-2646,188,
-1974,439,
638,836,
1553,2435,
611,3633,
-67,2756,
-172,1024,
-739,144,
-2021,-110,
-2821,-295,
-1715,-361,
-194,-143,
753,534,
804,978,
902,1397,
931,1649,
740,696,
-56,118,
-326,-127,
-290,-155,
-25,23,
-163,252,
-314,290,
-237,274,
248,274,
658,177,
480,-87,
165,-415,
-47,-631,
-188,-265,
-124,-80,
-284,123,
-80,145,
260,-53,
360,-13,
499,231,
281,483,
-91,491,
-254,204,
-192,4,
-1,105,
256,115,
201,15,
89,-124,
-48,-240,
-227,-158,
-223,-23,
-492,290,
-396,166,
-298,76,
-190,-2,
-141,157,
-85,494,
-39,554,
21,373,
90,317,
16,254,
87,86,
122,-16,
149,46,
79,59,
-111,-94,
-168,-213,
-190,-407,
-76,-218,
53,-123,
25,-83,
-35,-107,
-33,111,
-136,283,
-205,265,
-315,209,
-750,56,
-1017,-155,
-601,-262,
-161,-113,
74,-61,
30,-36,
-7,-100,
57,-176,
72,-92,
46,-47,
27,-23,
7,-29,
24,12,
-6,-27,
-44,-23,
-12,7,
-74,24,
-61,-3,
9,34,
-67,6,
-39,-81,
32,10,
63,34,
21,145,
-39,131,
-52,59,
-20,0,
-21,6,
22,-4,
32,-88,
18,-65,
27,-69,
-25,28,
-39,33,
-46,33,
11,-86,
-49,-106,
-16,-85,
32,-12,
7,-43,
23,28,
-38,27,
-32,12,
-50,72,
-50,86,
-21,79,
34,8,
-9,0,
-59,-32,
-129,-54,
-60,-24,
-20,29,
-34,49,
-28,55,
-22,4,
-127,2,
-144,-1,
-87,22,
-46,61,
38,71,
-11,-21,
-27,-22,
-1,-32,
7,2,
10,-1,
-6,-36,
-10,20,
-29,51,
-58,28,
-44,51,
-40,48,
20,57,
-102,22,
-119,-50,
-45,-54,
-7,6,
-34,37,
-66,6,
-32,-10,
00>
_________________________________
00>
RX Timestamp: 698060512781
00>
Clock Offset: -1484.013 Hz, 0.186 ppm
00>
RX Timestamp: 699132019921
00>
Clock Offset: -2309.704 Hz, 0.289 ppm
00>
_________________________________
Sequence Number: 53
00>
00>
Printing STS0 CIR
00>
00>
_________________________________
00>
40,-72,
17,-8,
6,1,
4,-7,
-5,7,
17,23,
-2,3,
-14,14,
34,39,
35,19,
2,48,
2,-32,
63,-49,
11,-2,
-5,3,
5,29,
-21,18,
14,2,
9,14,
26,-10,
17,-6,
-1,-24,
4,2,
17,13,
-2,36,
-24,6,
-60,70,
-8,62,
33,47,
5,-4,
5,-31,
-2,-79,
-4,-2,
26,24,
-2,4,
-18,4,
14,6,
13,25,
4,1,
-7,4,
-7,48,
-16,38,
-76,34,
31,57,
47,62,
10,4,
14,18,
5,-21,
6,-31,
-6,-3,
-4,7,
-7,-8,
1,10,
-13,-3,
8,2,
-41,12,
-30,21,
-54,26,
-29,3,
34,-1,
7,72,
7,0,
29,-18,
-15,-53,
34,-17,
12,-16,
6,5,
19,7,
2,-18,
-17,-9,
2,3,
-39,-18,
7,16,
28,-7,
40,-23,
13,-40,
-20,6,
4,9,
20,4,
32,-16,
22,-46,
15,-3,
-4,7,
4,11,
26,18,
4,11,
0,4,
-4,-12,
1,69,
-10,38,
-35,34,
1,-16,
3,-7,
4,14,
1,-20,
-18,-10,
76,-27,
1,8,
-1,2,
4,7,
57,-4,
20,-1,
2,-11,
11,-11,
-4,27,
7,14,
32,-42,
19,-10,
-14,2,
12,1,
0,21,
-1,60,
-37,32,
-10,11,
12,3,
0,-9,
3,-14,
8,4,
-2,0,
-4,-6,
-11,28,
-7,8,
-36,29,
-27,-12,
-19,-45,
4,3,
-10,-26,
-12,-17,
45,-49,
8,-26,
-5,-1,
-12,16,
-12,-21,
1,-13,
7,-5,
-46,36,
36,19,
30,18,
35,11,
24,7,
8,43,
15,-9,
4,-7,
10,-17,
53,-24,
-3,2,
0,-3,
19,1,
31,1,
7,20,
-4,-1,
-17,25,
24,15,
7,-3,
-25,-10,
-46,-35,
-3,16,
9,-1,
-13,-17,
37,-78,
44,-31,
-14,25,
-4,-2,
11,15,
6,11,
-18,4,
6,-4,
0,-10,
-25,8,
-79,28,
-41,21,
-1,-25,
43,26,
-1,12,
14,-20,
-40,18,
-47,-18,
7,5,
-10,1,
-3,6,
-13,-10,
-7,-7,
2,-9,
27,23,
-6,12,
37,-10,
51,-18,
11,-5,
19,-2,
-7,-9,
-1,4,
69,-34,
11,21,
5,8,
2,0,
-13,11,
31,36,
7,-17,
0,0,
49,-26,
47,-15,
26,22,
-14,37,
30,22,
-1,6,
4,-4,
-21,27,
30,-56,
16,-63,
1,0,
-6,4,
-1,-13,
11,1,
8,-2,
-7,-2,
-4,-23,
3,-14,
19,-22,
10,-7,
19,-57,
-10,-3,
-5,7,
-10,37,
20,34,
-15,25,
-18,5,
-17,3,
-2,18,
21,4,
-6,16,
1,3,
-7,14,
37,-41,
32,-33,
11,-47,
-7,-29,
19,-26,
12,7,
12,-9,
24,8,
4,-34,
2,-2,
-1,13,
-5,11,
4,-14,
-13,-10,
1,1,
-27,6,
14,-63,
22,-35,
88,-56,
-36,-25,
-2,12,
-1,10,
6,1,
36,31,
12,30,
24,-37,
-3,5,
-13,-8,
5,23,
12,5,
-1,4,
4,30,
78,-8,
53,-16,
26,-40,
54,12,
15,-13,
-4,-3,
20,10,
37,-57,
-10,-56,
21,-14,
-3,12,
7,8,
9,-13,
-4,-6,
-5,6,
13,66,
-10,-4,
-5,58,
-27,64,
10,24,
2,4,
15,-3,
3,21,
-8,10,
12,2,
35,2,
4,3,
-25,0,
-33,21,
5,7,
6,-2,
4,-50,
1,-16,
16,4,
63,-57,
15,-56,
5,25,
10,-2,
-10,-28,
63,2,
107,-20,
-3,23,
9,8,
18,5,
15,-49,
31,18,
4,5,
-16,-3,
-2,75,
12,47,
39,35,
4,-39,
2,-13,
-2,-2,
1,-12,
4,-58,
18,-56,
13,1,
1,-5,
13,14,
-7,36,
10,13,
7,2,
42,18,
8,0,
-9,44,
-30,39,
-26,17,
-6,2,
0,-3,
5,27,
28,72,
36,-9,
-27,-4,
7,-3,
-8,-18,
-24,-22,
1,-4,
-5,-3,
-4,25,
-3,-31,
-6,-17,
56,-14,
-11,-29,
23,18,
-4,11,
15,4,
109,-33,
61,-6,
9,-6,
0,2,
4,6,
32,30,
18,14,
-20,-17,
-1707,-797,
-7308,-4198,
-7178,-5187,
-6179,-4895,
-977,-415,
300,1844,
-26,61,
-26,-455,
1260,-2404,
1719,-1649,
286,-213,
66,18,
227,237,
401,592,
145,275,
11,13,
-400,-436,
360,-808,
704,-994,
1099,-1929,
-108,-1056,
-134,-1304,
18,-9,
26,39,
-22,-129,
-87,-7,
17,47,
49,32,
123,116,
33,-44,
-34,-103,
5,2,
374,377,
9,302,
43,75,
122,5,
52,18,
51,101,
10,-4,
25,-124,
378,-384,
178,20,
-33,79,
-6,15,
-35,26,
11,78,
27,49,
10,2,
35,34,
39,8,
71,20,
138,102,
308,403,
76,392,
-19,19,
-4,55,
127,146,
344,111,
113,23,
41,26,
78,84,
49,108,
-14,-14,
-7,0,
-101,-211,
210,-296,
226,-237,
160,-167,
88,29,
28,105,
-4,14,
-4,90,
-94,227,
9,-10,
124,-36,
64,17,
179,117,
296,377,
106,192,
12,18,
-229,63,
-76,184,
-24,95,
-10,128,
93,74,
81,48,
9,-5,
-8,-73,
57,-345,
100,-241,
58,-41,
23,11,
60,47,
40,29,
24,8,
6,-3,
34,42,
-15,54,
-30,7,
32,-11,
62,60,
75,75,
2,27,
10,89,
-81,187,
-123,208,
-30,45,
-13,15,
20,31,
83,100,
43,57,
9,12,
174,73,
46,28,
15,-7,
36,-26,
61,74,
33,82,
-1,11,
11,68,
17,85,
104,82,
11,33,
6,22,
28,74,
97,177,
48,83,
6,7,
97,89,
31,28,
-5,75,
4,135,
123,138,
63,185,
13,-4,
19,39,
45,73,
24,33,
-21,36,
13,20,
2,5,
17,19,
29,13,
-1,1,
100,124,
-11,-36,
-45,18,
21,-11,
66,39,
51,41,
2,4,
-14,35,
28,158,
00>
_________________________________
00>
00>
Printing STS1 CIR
00>
00>
_________________________________
00>
6,-26,
56,-1,
1,-13,
-8,2,
3,2,
-14,17,
-8,11,
-11,11,
-16,-39,
8,-9,
-7,-34,
-15,18,
-35,8,
32,16,
46,-52,
69,-9,
25,-48,
-44,38,
26,9,
19,0,
61,1,
17,-5,
9,3,
-29,7,
-8,65,
17,5,
15,24,
-6,2,
41,5,
23,5,
-43,-48,
16,-62,
57,-24,
0,-7,
-16,2,
-1,-7,
-22,-22,
16,6,
0,2,
-15,-16,
20,10,
52,-61,
51,-47,
0,4,
-14,50,
4,-1,
65,21,
18,117,
52,57,
4,-7,
-15,16,
19,9,
11,13,
13,3,
10,6,
17,14,
9,56,
-20,55,
16,47,
15,15,
32,-7,
17,-18,
9,-4,
4,67,
18,43,
-19,24,
14,-7,
23,6,
4,-12,
16,-8,
3,14,
6,-11,
18,13,
37,-20,
19,9,
11,-42,
-38,-2,
-11,-1,
-10,25,
-12,1,
22,0,
61,-21,
4,0,
11,-1,
12,-20,
10,12,
26,7,
25,10,
20,10,
31,5,
28,8,
3,13,
13,31,
13,-54,
29,-73,
-24,-46,
-29,-38,
-1,3,
2,-11,
-3,-6,
-19,-23,
16,43,
9,11,
3,-10,
9,-49,
-58,5,
-15,17,
-34,22,
61,-24,
-4,-35,
-2,21,
-27,18,
-5,11,
16,15,
26,-16,
12,6,
25,-13,
-5,1,
-2,1,
14,18,
52,20,
62,56,
30,36,
-27,1,
54,-27,
-4,10,
28,-17,
41,-76,
82,-44,
19,-24,
5,-10,
11,0,
14,-11,
-8,-17,
9,2,
-70,18,
26,-25,
27,-13,
41,-58,
-19,-8,
-17,-19,
17,6,
22,5,
-42,-22,
-13,-37,
-8,12,
26,-3,
8,8,
31,4,
20,-10,
-6,-16,
-8,11,
41,1,
31,-24,
33,-23,
16,-14,
-10,-6,
-5,-7,
5,-31,
5,-8,
-4,-2,
13,4,
11,5,
4,9,
31,21,
-3,0,
-8,-5,
11,-21,
-8,30,
32,32,
11,32,
2,43,
50,-18,
27,24,
59,24,
-27,-10,
53,1,
34,-8,
8,13,
8,-2,
9,5,
-14,12,
-12,-2,
-32,4,
21,-16,
44,43,
48,37,
-8,26,
27,-31,
11,-52,
33,-10,
27,-61,
-15,-56,
0,-12,
-3,0,
6,0,
22,26,
3,-9,
-16,2,
-32,17,
23,-44,
59,-60,
43,-64,
2,-16,
-35,41,
3,-26,
30,-17,
51,-83,
28,-63,
-34,7,
-35,37,
-16,19,
5,3,
-8,3,
12,-7,
-30,-9,
30,3,
18,27,
-11,40,
30,36,
6,-38,
26,3,
28,31,
42,12,
69,36,
-12,-8,
20,6,
13,9,
24,13,
29,40,
13,15,
-15,-3,
35,-16,
67,-10,
36,-3,
31,48,
20,72,
-5,-15,
-6,-18,
4,4,
0,-20,
-19,23,
0,17,
-7,-6,
37,5,
0,17,
-22,-1,
-46,47,
0,49,
-5,-10,
4,13,
41,5,
4,38,
26,21,
35,-21,
-13,89,
18,88,
4,29,
5,14,
7,6,
-29,-6,
-19,-2,
-1,15,
48,-16,
32,-18,
-3,-11,
8,-28,
7,-11,
18,13,
-19,-21,
45,-41,
38,-46,
51,-15,
6,24,
-20,15,
3,-2,
36,-25,
13,-14,
14,17,
19,6,
-2,77,
6,29,
12,74,
12,28,
28,3,
19,3,
-8,2,
0,89,
6,48,
-7,3,
1,19,
-11,-7,
8,5,
-2,-22,
32,10,
-1,-7,
-28,60,
-17,58,
-30,64,
21,29,
35,-48,
6,-4,
6,-10,
16,31,
22,65,
10,11,
10,-19,
0,5,
4,15,
2,35,
-2,-3,
10,6,
12,47,
-3,76,
8,45,
-8,18,
62,20,
36,3,
64,26,
15,99,
21,96,
22,24,
-2,9,
-2,-3,
-27,-11,
-13,8,
22,-10,
30,-1,
26,-40,
26,39,
75,-7,
21,-87,
-5,-27,
9,-12,
-19,21,
46,63,
108,10,
36,-6,
0,10,
15,-10,
-28,-27,
-11,-43,
2,0,
-12,9,
18,-18,
25,-30,
28,-3,
12,8,
-2,-22,
31,-35,
3,5,
25,-30,
87,-8,
-43,-10,
4,-18,
-1,5,
41,13,
23,1,
-122,-42,
-1892,-398,
-7514,-3137,
-7649,-4352,
-6470,-3639,
-838,556,
892,3613,
-509,870,
-3310,113,
-6415,-668,
-5299,295,
-1243,507,
-107,111,
-98,-47,
-499,-432,
-465,-458,
-21,-79,
712,-70,
668,-275,
596,-776,
1017,-1250,
838,-326,
326,418,
-272,571,
-1086,241,
-448,-233,
4,-293,
339,-186,
54,-40,
53,4,
153,48,
195,156,
113,74,
737,222,
287,236,
148,34,
352,-33,
530,22,
503,286,
163,-117,
160,-119,
-146,-328,
-113,-301,
275,-164,
81,-38,
64,14,
173,110,
138,77,
61,-2,
372,-72,
162,-157,
58,-36,
15,58,
64,-27,
113,-18,
54,30,
166,230,
147,594,
95,505,
-108,167,
-23,22,
-16,2,
-38,20,
-33,53,
0,13,
165,-117,
248,-332,
119,-153,
124,-49,
52,-24,
-14,-270,
151,-199,
504,-75,
241,14,
309,75,
416,-83,
113,-21,
113,35,
461,307,
382,339,
35,47,
-97,48,
-115,46,
-28,122,
-10,96,
73,63,
159,146,
-4,46,
-294,54,
-168,30,
141,62,
223,-15,
72,5,
39,17,
22,38,
18,24,
5,2,
162,13,
92,-41,
56,-25,
78,11,
107,18,
115,96,
63,-4,
296,-21,
288,-55,
274,-42,
184,-52,
38,-13,
41,13,
70,44,
117,68,
45,13,
236,92,
70,37,
2,-8,
65,-7,
102,-22,
123,41,
95,-20,
248,28,
284,31,
278,61,
180,-41,
32,-4,
34,8,
100,22,
119,51,
45,16,
127,77,
21,80,
21,68,
140,54,
199,85,
273,133,
56,15,
157,93,
164,79,
232,52,
153,-11,
35,7,
37,-1,
64,41,
40,12,
29,12,
81,-9,
38,-47,
70,-18,
117,-79,
147,-36,
96,-13,
81,24,
141,17,
121,28,
00>
_________________________________
00>
_________________________________
Sequence Number: 56
00>
00>
Printing STS0 CIR
00>
00>
_________________________________
00>
45,-46,
26,14,
40,59,
24,-31,
16,-33,
-14,-34,
-15,-32,
-27,26,
74,39,
50,-3,
47,-47,
17,15,
1,71,
3,28,
72,37,
-4,58,
-34,13,
-22,-17,
-72,5,
-24,-5,
-9,16,
63,26,
51,19,
9,21,
8,-36,
-2,-20,
-3,-8,
-33,-27,
10,-60,
13,-56,
19,-3,
103,32,
69,0,
28,-80,
-2,-62,
28,-17,
8,9,
8,20,
18,-43,
46,-11,
-28,-7,
-6,-12,
-19,1,
11,-43,
-5,-71,
11,-20,
90,4,
35,16,
-19,-15,
20,23,
-14,-38,
18,-20,
43,-1,
-7,4,
47,-4,
46,24,
67,51,
19,33,
-18,31,
42,-17,
56,-109,
44,-43,
32,-64,
56,16,
9,-29,
20,-46,
-29,33,
-83,3,
3,-14,
-42,-35,
-15,-67,
68,-5,
24,-45,
20,-9,
-41,41,
-13,56,
43,2,
52,-21,
51,-36,
-8,40,
42,72,
3,16,
33,10,
55,52,
59,56,
4,33,
9,50,
-27,38,
8,-28,
15,-24,
13,-48,
-22,-19,
-23,-17,
7,-1,
-50,13,
3,9,
-23,17,
-9,8,
59,-17,
38,18,
36,67,
-7,40,
15,1,
5,5,
-19,-70,
-18,-13,
23,-22,
-29,-20,
-9,10,
5,23,
-31,44,
-23,98,
-25,47,
20,-3,
33,17,
5,3,
28,-35,
81,12,
33,-3,
-23,45,
7,48,
-56,52,
14,8,
19,-5,
10,-2,
9,-4,
24,38,
39,9,
19,43,
2,-16,
-7,18,
160,21,
112,33,
99,44,
40,91,
2,40,
-55,25,
7,-39,
93,-55,
8,-71,
10,19,
-4,3,
-39,45,
-13,-13,
5,-29,
35,-20,
11,16,
-52,50,
-66,45,
-21,64,
-34,21,
56,36,
28,-52,
18,24,
58,-4,
13,-16,
37,26,
23,4,
23,-5,
-45,18,
-27,6,
70,-11,
28,-4,
34,58,
32,27,
34,-2,
72,-20,
50,-17,
3,32,
-5,56,
-16,47,
9,-25,
38,-31,
36,-15,
10,-20,
70,-14,
64,20,
50,1,
52,-21,
78,-23,
25,2,
-42,-24,
5,49,
-53,-44,
17,-10,
69,-28,
28,-45,
-11,22,
-30,26,
-26,24,
-75,37,
17,24,
19,-49,
-3,-17,
-9,38,
31,-21,
86,3,
77,19,
6,19,
-19,25,
-21,-38,
1,21,
36,37,
63,-32,
35,-36,
-16,58,
-32,10,
62,-20,
28,-27,
24,-57,
40,-22,
80,34,
97,-5,
87,-39,
69,-96,
27,-1,
6,-23,
68,-37,
37,-65,
-41,-25,
2,67,
-18,20,
-4,54,
48,13,
37,-4,
-24,-39,
-49,51,
-73,-8,
-41,-23,
-14,-44,
6,-41,
29,13,
-3,-17,
-26,9,
58,-22,
-13,-8,
-54,36,
19,37,
42,74,
28,-10,
26,-73,
-6,-69,
6,19,
-60,-6,
-11,37,
-12,8,
30,-10,
7,-25,
7,54,
-13,24,
-19,-22,
-17,-68,
-36,-71,
-17,8,
-17,14,
31,7,
73,-49,
22,26,
36,17,
-15,-3,
-19,-24,
-68,-34,
-70,-16,
12,16,
53,-17,
23,12,
41,3,
-21,-5,
-24,50,
18,13,
9,-6,
-13,18,
15,-17,
23,24,
38,-34,
32,-18,
-40,-1,
-20,16,
-24,61,
-31,31,
-40,-26,
-39,-34,
28,-48,
52,-46,
1,-12,
-19,48,
50,30,
4,-10,
-5,-48,
54,-7,
28,-33,
-34,-11,
-103,14,
-127,-5,
-45,-99,
48,50,
32,60,
-1,18,
40,-5,
77,36,
95,36,
38,18,
-7,-9,
-40,11,
13,13,
21,-16,
-43,6,
-29,22,
-40,-5,
-67,-8,
-22,11,
13,64,
-15,-47,
75,-35,
73,-6,
59,-27,
73,-1,
78,-30,
27,22,
-8,62,
-11,-24,
19,-18,
57,-33,
55,3,
22,27,
47,-4,
1,-35,
5,-3,
-71,62,
-41,24,
3,-37,
91,-22,
31,65,
-7,65,
-59,47,
-17,1,
-32,32,
59,28,
-22,56,
-9,-28,
-63,5,
-35,-2,
-78,-24,
22,-45,
48,47,
15,55,
-1,5,
64,-44,
137,-25,
20,66,
38,-15,
22,-59,
0,19,
0,220,
-252,2013,
-1905,7628,
-3143,7969,
-3550,7827,
-1693,3200,
1202,-2602,
1071,-2090,
73,43,
929,228,
3157,-927,
3149,-1418,
680,-577,
-1541,472,
-2835,1025,
-2023,631,
-439,73,
294,-183,
-233,-246,
-864,-334,
-1267,-570,
-1142,-529,
161,-351,
665,-378,
321,-98,
67,150,
-75,113,
-21,-267,
23,-459,
-72,-448,
-61,-328,
-68,-222,
-83,-252,
-83,-413,
-79,-262,
-34,-62,
42,-9,
376,26,
219,-91,
59,-284,
-150,-282,
-299,-372,
-395,-363,
-315,-234,
-266,-204,
-124,-281,
350,-398,
606,-251,
366,-47,
31,121,
-110,125,
40,32,
133,15,
303,-294,
199,-479,
94,-368,
80,-191,
107,-152,
210,-146,
210,9,
14,160,
-145,110,
-216,-15,
-140,48,
-85,190,
-165,359,
-126,156,
-58,-16,
-52,-119,
-14,-623,
-21,-598,
19,-452,
123,-62,
247,17,
304,-98,
374,-351,
238,-395,
482,-521,
937,-532,
918,-266,
370,-51,
60,68,
-18,13,
47,-43,
29,-38,
2,-219,
-37,-143,
-31,-86,
-74,-98,
-2,-86,
65,-118,
145,-80,
61,4,
44,29,
75,25,
9,-69,
73,-42,
18,-95,
10,-77,
10,-3,
-31,-44,
32,-128,
82,-206,
73,-133,
27,-20,
67,9,
49,-17,
-4,-37,
45,-78,
119,-61,
159,-113,
67,-62,
60,-68,
81,-104,
105,-71,
26,-19,
28,-19,
34,-65,
144,-81,
123,-151,
-24,-95,
55,-106,
73,-36,
60,18,
37,5,
-10,-21,
-6,-8,
-51,-21,
-17,-4,
17,27,
50,-47,
16,28,
24,-2,
57,-71,
54,-33,
57,-140,
12,-19,
-16,-21,
-19,-17,
21,-126,
38,-42,
79,-140,
42,-129,
-41,-108,
-81,-94,
26,-83,
-2,-79,
33,-18,
27,-39,
-20,-114,
57,-109,
87,-77,
20,14,
75,3,
55,-24,
55,-25,
50,-66,
4,-90,
2,-52,
00>
_________________________________
00>
00>
Printing STS1 CIR
00>
00>
_________________________________
00>
50,68,
32,5,
83,-2,
15,5,
52,25,
6,-27,
31,-30,
-16,-10,
-7,5,
-12,9,
-5,-51,
-26,33,
-10,45,
59,47,
13,18,
38,-19,
-4,9,
-3,82,
-34,106,
-38,-66,
1,-32,
41,1,
1,-9,
51,-12,
78,-19,
13,-36,
12,23,
69,41,
2,53,
61,55,
37,72,
48,-47,
-3,-40,
-25,-38,
-15,-17,
8,-12,
1,-27,
9,-24,
25,1,
11,14,
16,-4,
37,9,
28,51,
105,47,
38,30,
-42,22,
27,14,
39,-11,
-17,-56,
-29,-26,
23,-17,
8,40,
30,-15,
-42,-19,
-72,62,
-38,0,
-11,-28,
45,32,
51,113,
-75,33,
-25,47,
-11,19,
-25,-45,
31,2,
40,-71,
42,70,
0,74,
9,28,
-10,65,
-2,32,
5,17,
98,12,
-29,-31,
-61,-55,
-44,15,
14,80,
9,57,
-43,17,
-6,22,
18,-3,
43,97,
43,81,
-21,7,
-41,-5,
17,11,
35,12,
26,61,
62,32,
10,33,
-4,-20,
-52,-2,
5,32,
12,21,
-2,-5,
25,10,
-2,24,
-26,80,
8,32,
19,-3,
-64,-36,
-121,-5,
-105,-37,
-11,-17,
58,72,
53,8,
-32,-40,
47,13,
12,1,
20,31,
71,25,
52,-17,
69,32,
4,9,
22,4,
-2,21,
-52,40,
-134,-64,
-128,-95,
-72,21,
69,78,
76,-16,
29,-9,
15,2,
87,-2,
21,-42,
36,3,
23,-3,
14,17,
-8,15,
40,67,
39,41,
-11,21,
31,-8,
64,-61,
8,-13,
-17,26,
-36,-43,
-12,-10,
35,7,
29,59,
69,68,
60,34,
72,-18,
28,-25,
29,-5,
14,-41,
11,65,
61,90,
23,5,
35,7,
39,-28,
18,0,
20,-20,
4,-48,
-22,-10,
1,-9,
-15,45,
10,-6,
7,33,
23,-39,
-23,10,
0,2,
44,-35,
14,-30,
67,11,
91,47,
34,40,
-34,-24,
-60,-29,
-75,49,
-35,5,
64,7,
60,47,
18,64,
-17,50,
-14,-22,
23,-46,
-1,-26,
-78,-55,
-38,-45,
-45,8,
-52,-5,
44,10,
81,31,
15,69,
-3,75,
2,10,
-12,-37,
18,56,
75,33,
78,42,
83,33,
54,29,
42,48,
-57,60,
62,46,
101,21,
-5,8,
-14,41,
-33,-3,
-10,23,
41,35,
-7,13,
37,54,
73,44,
-12,36,
10,15,
3,11,
-9,-41,
-7,-11,
14,-42,
5,23,
77,15,
52,14,
-1,10,
-8,-3,
31,-44,
80,8,
5,1,
-22,15,
84,15,
32,95,
17,26,
68,15,
14,18,
40,45,
22,34,
16,-42,
-26,-38,
-6,-64,
-42,-8,
-49,18,
42,46,
-68,40,
26,-19,
19,28,
83,-22,
-27,-28,
18,-31,
14,-29,
-42,-24,
6,-2,
-19,24,
17,19,
30,13,
38,1,
52,24,
64,-61,
-15,-9,
-94,59,
-54,-1,
84,-109,
26,-6,
40,1,
-37,16,
46,24,
89,30,
44,24,
25,-1,
1,-7,
19,1,
-23,24,
32,34,
-46,101,
32,21,
41,11,
50,49,
26,-42,
-4,3,
-1,42,
88,28,
21,15,
-6,-12,
-14,-1,
-22,11,
15,45,
-1,-1,
-14,-15,
39,7,
28,24,
93,20,
-26,-23,
46,-74,
90,35,
118,22,
-13,27,
40,-34,
-9,-51,
-17,40,
-15,2,
55,-55,
128,44,
102,72,
24,63,
20,15,
65,-61,
64,9,
59,9,
18,89,
-31,73,
-73,24,
63,1,
1,41,
32,28,
-30,-2,
-53,-1,
-1,9,
-31,19,
-4,65,
-4,88,
-17,46,
-52,26,
-13,-10,
-10,16,
9,63,
25,18,
69,22,
24,-16,
-49,-4,
-36,-26,
-26,-16,
-20,32,
1,82,
47,92,
9,28,
8,37,
-15,0,
-28,-33,
72,18,
34,12,
75,-34,
33,2,
44,32,
16,28,
44,-1,
0,-6,
45,29,
-23,-16,
-68,-41,
-75,-64,
-29,-4,
-15,-7,
-49,21,
-34,19,
6,-41,
10,14,
42,-2,
60,80,
47,43,
3,52,
14,1,
-47,-6,
12,46,
41,242,
-290,1556,
-2432,6071,
-4504,7292,
-4620,6504,
-381,1530,
2738,-1396,
1159,-999,
-1364,-793,
-2551,-2172,
-1876,-3354,
-875,-2311,
-118,-719,
873,-323,
2393,-607,
2807,-688,
1468,-217,
43,132,
-1028,-325,
-1216,-654,
-1545,-1139,
-1191,-1069,
-826,-278,
136,9,
420,-14,
396,93,
151,-74,
159,-387,
241,-457,
103,-352,
-446,-125,
-719,164,
-301,311,
0,519,
278,551,
285,167,
232,38,
266,-186,
-53,-2,
-206,213,
-376,139,
-507,-136,
-308,-436,
39,-423,
307,-172,
232,-71,
-39,-61,
-273,1,
-263,111,
-87,252,
219,184,
244,103,
207,-55,
254,-327,
274,-266,
211,-167,
111,-124,
62,-352,
-101,-584,
-144,-482,
-147,-271,
-116,-222,
-89,-231,
-52,-84,
-150,19,
-163,68,
-53,-41,
114,38,
223,154,
220,234,
130,197,
85,88,
77,48,
78,53,
49,-99,
46,-304,
133,-345,
320,-307,
811,-293,
988,-167,
601,18,
123,118,
-35,178,
48,90,
40,126,
-38,101,
6,19,
6,35,
-40,82,
-10,109,
96,102,
48,56,
81,56,
123,30,
98,-8,
107,14,
56,2,
35,63,
-36,-10,
-16,4,
-98,-44,
-59,-82,
-25,4,
49,-18,
68,5,
34,-5,
33,-36,
-14,32,
38,91,
71,78,
103,22,
94,-45,
53,3,
34,61,
-9,39,
41,-11,
74,28,
47,59,
59,-11,
-63,-48,
-61,-24,
-32,-65,
-50,-9,
-14,-50,
6,-36,
60,14,
118,-71,
104,-80,
72,-39,
60,5,
103,-13,
78,14,
105,27,
151,21,
118,-7,
74,42,
80,27,
31,-6,
5,-52,
23,-14,
21,4,
22,21,
-3,13,
14,23,
-46,-18,
4,-21,
35,-42,
-40,-18,
-26,-49,
0,12,
97,-6,
63,-5,
40,-6,
-1,-38,
76,-83,
82,-29,
14,-34,
-13,30,
45,19,
00>
_________________________________
00>
RX Timestamp: 837733435205
00>
Clock Offset: -2082.825 Hz, 0.261 ppm
00>
RX Timestamp: 838805212712
00>
Clock Offset: -1803.875 Hz, 0.226 ppm
00>
_________________________________
Sequence Number: 188
00>
00>
Printing STS0 CIR
00>
00>
_________________________________
00>
77,22,
22,-27,
41,-69,
27,0,
6,80,
-3,18,
1,45,
78,72,
52,56,
-10,2,
-63,2,
75,-6,
73,24,
-7,-12,
59,36,
39,47,
-1,30,
1,-10,
-5,-31,
31,-50,
31,32,
-41,69,
-54,37,
-14,67,
39,46,
17,-31,
43,-30,
40,-29,
49,34,
43,74,
26,112,
-5,-30,
24,27,
24,88,
12,25,
-11,18,
-1,94,
52,37,
54,24,
34,21,
12,-24,
-8,-6,
-43,-62,
-32,14,
-27,-24,
20,-51,
30,-15,
14,13,
13,3,
17,45,
36,8,
47,-17,
66,6,
52,60,
-24,-25,
36,-5,
25,77,
-18,105,
5,69,
22,1,
35,-30,
28,-24,
54,-22,
42,25,
-6,32,
-35,4,
-49,24,
10,20,
69,-63,
106,44,
66,-11,
-47,-10,
-41,-14,
-52,-72,
3,-7,
11,5,
12,53,
36,127,
6,65,
76,-88,
78,-106,
-4,-115,
-3,-11,
-14,34,
6,91,
-33,58,
-33,13,
-9,28,
33,10,
32,-56,
5,-35,
17,24,
-33,-53,
-45,-1,
19,32,
40,55,
-6,18,
19,-31,
-27,4,
4,-21,
-35,-23,
13,12,
31,3,
-29,-32,
34,-7,
50,-37,
37,-6,
1,60,
33,-11,
112,12,
129,28,
49,-11,
-41,7,
13,34,
0,73,
57,34,
104,-38,
109,38,
44,10,
30,-3,
61,0,
42,23,
-6,18,
-15,-23,
-60,25,
-40,13,
25,28,
72,9,
58,89,
87,54,
42,21,
33,-30,
6,-62,
-22,-53,
-43,12,
-62,82,
-3,101,
-36,11,
-23,1,
-26,15,
-48,37,
-9,62,
2,-6,
-4,53,
59,-11,
24,49,
-27,20,
-5,71,
-46,9,
-35,15,
19,18,
52,33,
47,26,
23,18,
-45,-10,
23,37,
56,6,
81,-23,
63,48,
39,92,
-7,70,
-40,30,
24,74,
62,-2,
40,-38,
50,-23,
-10,-30,
-61,36,
45,4,
-59,-75,
-126,3,
-56,35,
50,25,
38,57,
35,56,
7,-15,
56,-3,
35,-42,
37,11,
-59,2,
-70,-24,
-6,39,
-28,-22,
10,40,
-11,-7,
44,-53,
72,-32,
-35,-17,
-61,102,
22,81,
-25,17,
-70,-34,
-6,4,
37,47,
34,45,
-21,53,
59,63,
21,66,
4,47,
20,37,
15,-21,
-1,-40,
-26,-35,
15,24,
63,21,
75,39,
107,-20,
32,-10,
74,-16,
27,-47,
-21,2,
15,-90,
-9,-40,
-20,20,
8,3,
-32,-13,
-17,24,
102,6,
14,1,
-71,37,
-33,23,
7,-11,
43,-13,
64,47,
84,58,
42,-14,
13,2,
33,6,
2,-22,
-26,47,
-24,11,
-93,49,
-68,4,
-68,14,
16,23,
3,-38,
-1,-26,
-51,-9,
5,59,
27,47,
78,-18,
-47,-6,
-42,-29,
14,6,
9,-15,
-17,-27,
13,20,
56,29,
64,50,
11,1,
-26,-56,
25,73,
-20,78,
40,119,
20,16,
58,-34,
39,-12,
-33,58,
-68,28,
-1,8,
36,-30,
43,-15,
-2,-7,
7,18,
-16,40,
24,-57,
-21,-26,
5,64,
58,52,
77,74,
38,6,
-46,-112,
63,-99,
5,-34,
22,-4,
44,-9,
35,92,
-5,90,
24,80,
-31,-15,
34,-78,
22,-27,
-76,16,
-38,47,
-31,50,
-41,-5,
27,27,
65,11,
-11,5,
-76,-49,
-66,-65,
-13,-1,
39,38,
-22,39,
4,-24,
-54,-82,
14,1,
-37,36,
37,18,
-70,34,
-63,2,
-46,6,
26,-29,
-15,-17,
40,-20,
39,-32,
-20,8,
-38,36,
34,18,
-54,-44,
-32,-62,
-31,-35,
20,12,
12,-14,
-18,-10,
-16,12,
-33,13,
20,24,
-40,24,
20,35,
0,31,
102,67,
42,37,
19,20,
-3,40,
20,4,
-21,41,
-109,-3,
-8,-63,
-39,-26,
21,-5,
63,9,
59,30,
-34,-21,
-2,76,
-17,13,
16,-15,
7,-62,
-6,-32,
-46,26,
-98,85,
-7,67,
-59,1,
-52,-15,
34,-24,
-36,4,
8,-57,
20,-62,
43,-1,
59,30,
9,21,
-19,-24,
40,-65,
41,14,
77,42,
-299,-277,
-1852,-2032,
-4208,-5405,
-4689,-6705,
-3259,-5039,
-59,181,
1183,2144,
505,708,
-313,-55,
-743,1233,
-599,2470,
-85,1667,
347,-235,
468,-1823,
468,-2022,
314,-964,
35,81,
95,379,
501,-146,
854,-531,
983,-713,
432,-173,
-29,403,
-92,520,
-73,78,
-7,-75,
141,62,
270,159,
310,115,
230,41,
189,43,
201,-59,
123,33,
175,90,
151,126,
-17,91,
-89,194,
-35,159,
53,91,
256,30,
348,-25,
352,-6,
401,-94,
377,-115,
300,-64,
137,204,
5,439,
-53,288,
-141,130,
-55,-67,
17,-52,
-28,-36,
-61,121,
42,207,
142,158,
171,152,
84,167,
53,106,
-91,50,
-152,72,
-46,-80,
15,-90,
22,-45,
-30,-11,
-84,-184,
-117,-221,
-29,-75,
93,26,
260,139,
351,123,
312,141,
128,78,
-7,100,
-23,112,
44,104,
170,221,
200,370,
100,508,
-103,575,
-144,376,
-127,101,
-94,-95,
-63,-60,
-4,36,
94,86,
162,-33,
161,18,
101,69,
110,121,
155,22,
54,95,
65,142,
17,61,
25,60,
13,9,
-44,-4,
-4,50,
62,59,
47,22,
71,0,
115,-2,
113,109,
105,112,
54,151,
76,39,
119,32,
-22,26,
28,17,
6,64,
-47,72,
64,120,
148,79,
96,47,
93,77,
35,172,
-53,108,
-78,129,
-19,87,
88,55,
39,92,
84,94,
42,74,
65,26,
36,-36,
28,34,
75,105,
67,-32,
70,-2,
73,57,
22,75,
-18,52,
1,27,
88,61,
24,29,
44,-12,
59,19,
-16,47,
-29,39,
24,18,
87,49,
99,35,
90,84,
58,20,
66,15,
30,38,
83,-11,
75,-57,
61,-32,
97,-35,
154,34,
24,27,
-4,-12,
11,31,
8,111,
14,131,
11,107,
57,65,
00>
_________________________________
00>
00>
Printing STS1 CIR
00>
00>
_________________________________
00>
-17,7,
-9,15,
-56,21,
-29,25,
32,36,
42,-12,
23,-3,
-2,18,
2,43,
18,23,
2,-6,
-26,95,
-67,106,
-22,4,
-26,-8,
3,-10,
-36,69,
29,1,
-23,25,
-46,-20,
-54,-18,
17,-63,
21,7,
19,-30,
-14,72,
-57,44,
-71,37,
-8,68,
43,112,
40,81,
-18,38,
-45,4,
-10,-60,
25,32,
-11,63,
3,-10,
70,-44,
-51,3,
-21,88,
-35,31,
-99,46,
4,4,
30,-9,
29,45,
18,84,
-59,72,
-37,-25,
-20,7,
-47,-13,
-10,41,
-49,26,
68,13,
-3,33,
22,-19,
37,57,
48,1,
24,-34,
24,48,
3,52,
10,57,
-2,16,
23,-14,
4,35,
42,1,
6,-27,
-10,19,
-9,-14,
-5,-2,
0,-18,
-16,-1,
8,-21,
-12,25,
-5,33,
-11,53,
-71,25,
-45,11,
-39,-35,
27,22,
57,67,
51,78,
-45,32,
15,-41,
80,-31,
98,-64,
-43,-28,
-93,-42,
34,-38,
38,-27,
-28,59,
-16,68,
-28,35,
-43,21,
-27,27,
-31,26,
-19,12,
-62,-6,
-21,-47,
23,22,
-18,14,
40,28,
59,10,
40,-7,
61,-9,
83,-1,
23,-42,
19,-7,
51,-7,
46,20,
-65,1,
-103,-33,
-13,-23,
28,55,
45,24,
13,3,
-11,-2,
22,50,
41,125,
-11,55,
-14,5,
-40,-31,
4,50,
14,-36,
28,-18,
-19,38,
-7,53,
52,65,
14,88,
-35,46,
-1,38,
-60,-18,
-6,8,
35,38,
7,60,
-44,65,
14,21,
-46,46,
-72,9,
-15,-5,
-47,33,
33,21,
-29,23,
-24,-36,
55,-40,
40,10,
46,-54,
3,108,
2,3,
37,-36,
40,-49,
5,11,
-71,41,
-49,28,
-9,51,
-38,14,
-12,-20,
-10,-39,
50,-32,
-42,20,
-26,73,
-22,53,
9,-22,
-11,-7,
20,-6,
-9,1,
16,-19,
-10,32,
-22,-27,
-78,36,
-17,-15,
-31,36,
-13,11,
51,-2,
83,5,
93,-8,
-12,85,
-20,72,
-39,66,
-62,-28,
-25,-59,
1,-27,
32,-14,
45,-25,
29,-4,
31,-31,
-27,-33,
-8,-11,
-23,-17,
31,-66,
-31,-47,
-43,-4,
-29,-6,
-24,47,
56,45,
3,51,
-1,-39,
-3,9,
71,42,
-2,27,
4,-17,
-1,-64,
98,0,
76,29,
4,-17,
4,-55,
-37,-56,
-69,7,
-32,61,
-34,33,
-33,42,
30,-8,
62,-10,
56,-6,
35,38,
-33,1,
-48,54,
-25,-8,
20,-4,
-8,2,
33,104,
57,100,
54,27,
40,3,
42,36,
-10,57,
26,86,
52,63,
-4,43,
-90,-49,
-71,-56,
-72,-69,
-14,-35,
9,-58,
51,32,
109,32,
36,60,
-59,29,
-14,17,
56,56,
22,46,
-29,-22,
-87,3,
-64,65,
-39,44,
36,-9,
51,75,
31,97,
45,77,
6,-93,
-20,-57,
-24,-44,
-51,4,
42,49,
-2,1,
-11,42,
32,49,
-52,23,
-50,23,
-65,22,
-5,48,
48,83,
76,80,
47,39,
8,-57,
-7,-75,
31,1,
-20,0,
-31,4,
65,16,
43,13,
26,47,
25,18,
-7,27,
2,-17,
21,-16,
-37,33,
-30,-8,
14,3,
16,-29,
38,-20,
91,-32,
86,39,
9,1,
-15,-9,
85,-1,
9,19,
-27,-8,
-14,1,
35,18,
-11,44,
-32,-28,
-18,22,
-33,-49,
-5,29,
0,-19,
-69,7,
-60,-36,
17,-22,
34,-27,
-28,-14,
-60,-20,
41,43,
22,23,
2,25,
20,-5,
29,-15,
-5,-15,
-31,-7,
34,-20,
4,-36,
21,-20,
14,-5,
23,-24,
-23,29,
-47,64,
-25,-47,
22,-39,
5,-22,
39,50,
-24,-12,
-73,-7,
-25,-16,
-11,-5,
29,34,
50,46,
-87,29,
-9,-29,
7,-10,
19,-58,
11,0,
44,44,
0,62,
15,60,
-3,35,
16,-14,
28,-11,
-32,13,
-7,-24,
59,-73,
-4,-24,
-50,-30,
-59,33,
12,-24,
39,-76,
34,-141,
-2,-13,
-8,15,
12,8,
-21,-20,
11,-5,
26,43,
-19,72,
0,20,
-59,21,
-89,-11,
-73,57,
-384,-231,
-1797,-1551,
-4043,-4483,
-4408,-5695,
-2696,-3195,
-121,1047,
807,2006,
764,197,
1392,-1036,
2367,-669,
2381,-73,
1264,52,
211,345,
-170,1095,
-150,1822,
-209,1567,
-141,538,
175,-225,
684,-500,
1111,-471,
1300,-619,
776,-485,
240,-130,
-65,189,
-82,175,
20,59,
142,51,
273,181,
259,282,
207,-15,
107,-302,
-36,-317,
-143,-150,
-385,12,
-368,197,
-244,222,
52,224,
45,51,
-51,-148,
-146,-303,
-52,-389,
205,-267,
269,-60,
105,94,
17,136,
83,34,
79,-114,
96,-190,
2,-98,
-153,84,
-142,271,
-42,245,
110,240,
160,178,
86,164,
34,103,
98,63,
218,81,
254,49,
226,-26,
196,-48,
171,1,
54,-26,
-30,-106,
-106,-213,
-44,-141,
7,-81,
23,0,
-150,37,
-211,81,
-90,40,
-77,-19,
-35,62,
18,166,
101,183,
233,134,
134,190,
58,443,
-35,557,
-148,473,
-128,221,
-64,-38,
-8,-126,
-92,28,
-113,-41,
-85,5,
-35,-28,
-44,-60,
-55,-21,
-114,4,
-113,-11,
-40,26,
-39,78,
-60,87,
-17,9,
-7,-38,
-33,-23,
-18,57,
60,-15,
33,84,
78,95,
36,47,
75,-41,
58,12,
-46,164,
-94,73,
-99,12,
-53,-21,
-97,81,
-24,58,
68,50,
37,6,
-28,36,
-70,-2,
-77,-6,
-2,-3,
59,61,
-71,3,
-56,-18,
-94,71,
36,6,
123,-40,
57,-3,
-31,17,
42,40,
-40,1,
-7,16,
-33,75,
-67,74,
35,59,
39,47,
37,78,
77,114,
68,58,
-43,15,
-80,-16,
11,71,
58,66,
-28,51,
-82,17,
-151,12,
-35,86,
117,53,
91,88,
69,34,
70,45,
59,52,
9,44,
32,-19,
47,10,
-55,85,
0,131,
-4,95,
-6,86,
-34,43,
11,-16,
40,-12,
00>
_________________________________
00>
_________________________________
Sequence Number: 191
00>
00>
Printing STS0 CIR
00>
00>
_________________________________
00>
-35,-42,
-9,-71,
-18,-16,
49,-31,
24,-17,
-33,19,
-55,12,
-79,-89,
-38,-32,
20,32,
-4,-16,
38,-71,
45,14,
-49,-35,
-103,6,
-69,-17,
-5,-26,
9,-65,
15,-97,
-11,-32,
3,8,
5,44,
6,52,
-36,44,
-23,-55,
54,-49,
-3,-10,
-21,36,
-45,77,
-5,42,
0,31,
32,-9,
73,11,
25,-37,
-4,-89,
-26,-65,
-58,-23,
15,20,
48,63,
31,90,
50,55,
61,-37,
1,-48,
-28,-36,
-60,57,
-19,16,
-7,-64,
-59,2,
-64,36,
-47,57,
-53,130,
57,74,
45,28,
37,-19,
8,-28,
0,18,
-58,52,
-47,-25,
-8,12,
-9,-34,
32,52,
4,37,
33,-24,
-14,-26,
-54,66,
3,9,
-4,11,
5,47,
-102,45,
-100,4,
-48,-10,
-85,-16,
-54,-68,
-9,33,
-20,113,
-77,61,
-8,-35,
32,-36,
-2,-13,
21,-21,
-6,23,
13,0,
-3,13,
-76,28,
-22,71,
49,84,
-12,17,
0,-8,
-19,86,
-49,84,
-48,77,
16,31,
48,-7,
14,14,
-44,54,
-30,16,
4,20,
6,-78,
19,4,
21,6,
-18,-12,
-11,-57,
6,14,
-4,70,
-11,59,
-21,30,
0,19,
-32,63,
-4,73,
4,6,
-23,-57,
-40,11,
39,43,
3,107,
30,128,
-66,23,
-33,-46,
-18,-16,
-43,53,
-18,49,
-55,81,
-88,61,
-47,89,
-12,23,
-24,-12,
-60,-64,
80,-32,
58,27,
-23,67,
-61,7,
-86,1,
13,-49,
-32,29,
-19,27,
-27,6,
6,64,
36,-4,
-24,20,
-53,49,
-29,46,
-20,-7,
-9,-59,
-25,12,
33,36,
61,70,
9,-35,
-35,28,
-38,-106,
-34,3,
26,-14,
-36,0,
-37,-64,
25,-67,
72,30,
6,43,
-34,3,
11,-2,
-36,-18,
-21,-35,
-16,4,
-99,-28,
-50,-30,
-49,-3,
-73,80,
-51,-39,
3,-35,
-78,55,
-20,118,
41,33,
69,-45,
74,-37,
22,37,
-30,-30,
-11,13,
-8,-6,
-13,46,
-20,85,
39,109,
-14,107,
-24,-36,
-52,-88,
-39,2,
50,25,
3,23,
5,65,
-26,-22,
-84,56,
-64,-9,
-10,-61,
5,28,
-23,-19,
26,41,
-39,16,
-45,-2,
-3,48,
-21,70,
-17,63,
18,18,
-4,35,
-58,-27,
30,29,
89,40,
1,42,
-17,-43,
-30,31,
-40,108,
-4,-23,
-13,40,
-11,48,
39,57,
16,52,
27,19,
-42,-41,
-55,-15,
-76,46,
-57,0,
11,10,
30,-33,
56,-6,
-33,35,
-19,41,
-42,-37,
-22,14,
14,-12,
61,44,
-23,10,
-70,-15,
-87,5,
-5,22,
21,-7,
-36,-38,
-16,-9,
4,5,
-44,35,
-41,-45,
49,21,
-45,-15,
-43,-39,
62,-54,
46,57,
-26,70,
38,79,
-10,17,
46,-7,
41,-96,
18,-31,
-11,42,
-30,40,
-63,31,
11,-52,
-22,9,
-30,40,
61,39,
7,4,
14,-11,
7,65,
-15,155,
48,93,
55,30,
-33,3,
14,-71,
25,-116,
-13,-44,
-1,6,
38,29,
110,68,
22,45,
-11,30,
-12,29,
28,5,
19,18,
56,84,
56,51,
-38,-18,
-47,30,
-59,17,
-23,66,
-42,-2,
11,-19,
33,9,
10,30,
-4,41,
-25,13,
-9,-32,
-20,22,
-70,-9,
-10,-17,
-17,-43,
82,9,
35,-56,
-4,-6,
-35,-2,
-43,-50,
-16,7,
-40,13,
-10,-48,
21,-52,
-14,-35,
-3,-38,
21,87,
-2,44,
57,16,
-11,32,
-49,44,
-36,54,
-37,-62,
12,-21,
-14,-36,
-36,18,
-80,30,
-9,25,
48,-34,
-46,3,
-56,17,
-18,-32,
-45,6,
-8,41,
-22,-14,
-78,-3,
-40,-6,
-10,11,
-9,-48,
33,-57,
-4,1,
-54,57,
-101,18,
-20,-13,
-1,-43,
32,-63,
11,-73,
-4,22,
51,-29,
49,30,
42,47,
-36,24,
-61,-85,
27,-115,
31,-71,
28,-53,
24,-2,
-15,23,
-32,48,
-36,33,
2,47,
40,23,
-10,41,
0,47,
26,21,
-36,-11,
-11,-17,
-103,57,
-1078,262,
-4356,304,
-7282,-87,
-6727,-470,
-1822,163,
1440,1185,
765,1007,
-625,-419,
-435,-2121,
349,-2645,
415,-1745,
277,-565,
668,173,
1231,512,
1112,520,
446,235,
-196,-113,
-301,-398,
-29,-786,
-179,-1376,
-409,-1391,
-328,-816,
-9,-179,
62,28,
-76,4,
-77,-17,
136,40,
318,91,
374,48,
144,-37,
-87,-108,
3,-39,
146,186,
310,166,
131,73,
90,-82,
-55,-133,
-6,53,
26,46,
52,-127,
43,-269,
79,-139,
107,104,
16,189,
9,282,
65,209,
-2,135,
-64,55,
-116,29,
-31,-35,
73,-20,
131,62,
218,43,
153,213,
-67,211,
-56,153,
110,27,
265,89,
386,49,
266,69,
148,33,
109,88,
32,119,
-55,96,
-114,11,
-21,-161,
8,-240,
48,-174,
47,-32,
17,36,
52,10,
9,49,
-28,138,
-11,96,
122,-100,
171,-238,
364,-157,
447,-31,
376,91,
170,162,
-33,200,
-185,198,
-54,120,
45,-13,
159,-5,
89,-79,
16,-23,
-4,-111,
-25,-165,
11,-53,
30,-1,
63,47,
83,-77,
51,-110,
86,-56,
77,-5,
38,-84,
18,-80,
82,17,
-59,58,
4,51,
88,-6,
137,73,
65,60,
25,19,
25,7,
9,40,
70,62,
110,40,
61,72,
104,-39,
89,-19,
70,16,
24,-8,
87,-63,
-32,-15,
-27,88,
52,-18,
53,-75,
109,32,
86,57,
63,72,
65,41,
98,-1,
55,28,
89,126,
178,101,
116,68,
69,12,
-23,-43,
52,-40,
41,16,
10,64,
97,88,
83,39,
20,76,
18,66,
56,61,
46,19,
-8,61,
-109,65,
-42,27,
18,-71,
-34,-49,
-25,-16,
105,8,
106,9,
82,71,
105,-6,
7,-76,
31,-23,
62,5,
27,-2,
95,-31,
66,-35,
69,24,
-20,39,
23,-17,
2,65,
-1,39,
-21,95,
00>
_________________________________
00>
00>
Printing STS1 CIR
00>
00>
_________________________________
00>
-30,118,
-2,-29,
-15,21,
-102,47,
-57,11,
-7,51,
3,29,
-28,-21,
-16,-28,
5,46,
26,39,
42,-8,
-79,-1,
-32,5,
-43,17,
38,39,
-2,1,
-63,-55,
-25,11,
33,9,
41,73,
12,87,
2,48,
5,34,
0,41,
-2,6,
-10,-38,
-76,-55,
-1,-4,
-30,-4,
5,39,
-36,41,
-2,42,
9,-47,
20,-22,
-5,-37,
-76,-1,
-56,40,
24,30,
-34,-14,
-14,-84,
-52,-91,
-41,-22,
-37,1,
-63,57,
1,22,
24,23,
81,42,
-46,85,
-32,28,
28,-1,
-1,16,
-17,-23,
-70,-44,
-111,-39,
-17,-5,
14,-7,
-19,35,
-70,22,
-18,58,
-26,45,
13,19,
-41,-41,
12,48,
-11,34,
-34,3,
-81,-28,
-10,-7,
-41,15,
31,39,
10,41,
40,75,
51,31,
75,40,
3,2,
-27,-10,
0,-16,
9,82,
67,131,
75,49,
-5,-17,
4,-3,
-11,68,
-21,57,
-47,-9,
-81,10,
-86,43,
-11,50,
-8,-74,
-39,41,
-30,5,
-53,-17,
31,1,
2,33,
19,-32,
-31,63,
8,9,
51,-92,
30,-62,
-63,28,
-65,59,
-23,-3,
-53,9,
-38,-28,
3,56,
-34,16,
-65,14,
-48,-7,
-7,1,
46,53,
-2,94,
5,-2,
34,-29,
-7,-92,
-28,-26,
1,44,
-73,98,
-53,62,
0,62,
34,59,
-90,-32,
-37,-12,
18,-33,
56,31,
-16,46,
7,40,
10,50,
-39,12,
-11,37,
60,68,
53,51,
11,63,
-3,54,
-65,-1,
-6,9,
-25,23,
-46,53,
-32,-2,
-43,18,
-19,-12,
-22,-47,
22,14,
-2,50,
-57,18,
-94,-53,
-64,-1,
-75,69,
-70,71,
-1,-1,
46,32,
13,69,
13,137,
28,74,
28,66,
-19,-2,
-45,52,
-74,8,
-75,79,
-53,75,
45,10,
11,-3,
-10,11,
-9,45,
-48,4,
0,31,
-39,16,
-42,34,
47,76,
-22,69,
59,25,
-22,26,
-53,40,
-30,46,
12,34,
-11,9,
53,62,
-22,-28,
12,-8,
-8,2,
25,-4,
-10,7,
15,57,
18,-3,
30,14,
-53,39,
-5,74,
74,33,
14,42,
-14,-31,
-40,-25,
41,-15,
35,-22,
-34,-28,
-57,-49,
24,14,
61,35,
29,-33,
-3,-3,
49,11,
37,-14,
78,-15,
11,11,
22,51,
-27,72,
19,4,
40,23,
29,37,
0,12,
-16,28,
-40,28,
-40,53,
68,-34,
48,52,
23,99,
27,95,
34,87,
-2,73,
-20,-27,
-60,-58,
-18,-41,
-26,11,
-6,62,
103,27,
33,15,
-68,61,
-33,87,
-41,86,
3,77,
26,-6,
15,7,
30,-4,
43,46,
72,27,
-16,-29,
-10,-32,
39,29,
51,85,
77,-42,
32,3,
40,13,
57,46,
6,28,
16,58,
15,60,
20,25,
21,-45,
30,-28,
22,-43,
12,-96,
29,-25,
41,-7,
101,-8,
37,11,
-44,73,
-61,13,
19,11,
37,-28,
52,-37,
77,62,
54,63,
60,-47,
15,-33,
-14,28,
4,13,
6,43,
26,14,
27,5,
-4,-31,
-13,56,
7,8,
-1,-28,
38,3,
9,30,
55,-53,
68,-47,
-31,-28,
22,46,
2,17,
-55,33,
-18,55,
2,55,
-47,34,
22,38,
30,-19,
53,61,
-20,32,
-68,57,
50,35,
18,22,
37,59,
43,2,
37,42,
-2,15,
8,-34,
-6,-64,
34,11,
24,21,
65,6,
12,42,
-16,105,
-33,54,
-1,27,
50,6,
30,-21,
66,7,
17,28,
-35,20,
30,69,
76,45,
50,3,
31,25,
20,18,
-17,-11,
6,-2,
-4,0,
-6,31,
-22,71,
0,22,
51,14,
32,33,
8,-80,
14,-87,
25,10,
56,-16,
-63,9,
-45,27,
-10,-22,
0,-62,
-40,-68,
-2,-32,
-52,-21,
48,-15,
-24,-38,
-9,16,
-3,17,
-19,2,
-20,-41,
-35,16,
29,-10,
-17,-1,
-20,-31,
7,22,
21,53,
-8,123,
-28,58,
29,77,
15,39,
-47,37,
-67,26,
35,-55,
-83,56,
-942,198,
-3823,205,
-6765,-264,
-6283,-417,
-1506,721,
2002,2047,
1281,1780,
-1427,927,
-3469,839,
-3465,1363,
-1747,1553,
-221,1060,
-123,74,
-1097,-555,
-1549,-629,
-883,-422,
63,-240,
577,-230,
468,-589,
323,-1003,
183,-879,
237,-211,
116,359,
-93,318,
-282,60,
-175,-167,
-23,-181,
177,-102,
141,-85,
171,-104,
187,-44,
262,68,
398,98,
448,87,
223,2,
158,-71,
235,-36,
314,-48,
213,-48,
66,-117,
-232,-100,
-239,-126,
-51,-268,
146,-246,
248,-184,
177,-70,
188,-88,
183,-87,
132,-212,
46,-177,
53,-134,
-25,-23,
53,-4,
79,62,
63,-24,
71,55,
140,224,
227,223,
58,146,
-46,14,
-16,-29,
-37,44,
-36,67,
-53,47,
-65,-88,
29,-200,
65,-218,
47,-116,
-13,29,
-71,51,
11,-54,
95,-65,
124,-16,
44,51,
157,11,
283,-137,
448,-203,
550,-97,
550,77,
351,84,
45,118,
-169,79,
-80,113,
46,59,
124,76,
14,42,
-35,48,
-115,34,
-128,75,
30,54,
137,22,
200,29,
137,4,
56,1,
6,-24,
-61,-18,
-28,-25,
75,-30,
65,-22,
39,6,
-19,8,
38,45,
22,38,
118,3,
53,-53,
55,-2,
102,-5,
83,0,
101,-1,
18,-11,
102,-23,
101,-30,
116,-3,
101,14,
24,33,
-2,-15,
52,-20,
86,-29,
85,-51,
123,-37,
100,21,
164,-10,
105,-28,
85,-55,
91,17,
7,44,
17,-21,
73,39,
74,16,
-42,35,
0,-48,
82,-57,
76,2,
144,17,
75,-13,
26,-50,
64,-68,
19,-33,
41,-36,
119,-61,
94,-45,
37,-15,
63,16,
79,41,
59,-61,
-34,-124,
1,-122,
30,-26,
106,0,
118,8,
59,-54,
-20,-38,
16,-60,
60,24,
110,11,
78,-59,
91,-20,
32,-44,
68,-68,
78,-120,
48,-87,
00>
_________________________________
00>
RX Timestamp: 977744862454
00>
Clock Offset: -2027.035 Hz, 0.254 ppm
00>
RX Timestamp: 978816616924
00>
Clock Offset: -2216.721 Hz, 0.278 ppm
00>
_________________________________
Sequence Number: 68
00>
00>
Printing STS0 CIR
00>
00>
_________________________________
00>
-43,-20,
1,8,
40,24,
53,3,
11,-14,
-33,-47,
-24,8,
-51,-19,
55,8,
53,6,
38,49,
6,51,
-16,81,
-2,39,
50,-1,
-25,-59,
-38,10,
29,1,
-20,15,
-3,50,
67,71,
66,66,
52,11,
39,0,
37,-22,
-6,15,
-13,-17,
78,-7,
3,-33,
33,-73,
21,-3,
23,57,
35,59,
76,-27,
27,-3,
23,-27,
-41,-22,
-9,-20,
26,-45,
-30,22,
-24,39,
8,48,
61,-49,
46,-53,
34,-1,
33,25,
4,62,
52,-11,
22,-56,
46,-51,
28,-25,
48,-43,
23,-74,
15,-31,
50,0,
81,23,
61,12,
1,-21,
5,-18,
2,20,
64,28,
71,10,
25,-6,
72,3,
10,13,
3,-13,
15,0,
42,-85,
22,2,
-19,2,
-17,-27,
36,21,
12,54,
-20,-9,
26,3,
20,52,
-21,97,
-19,57,
27,7,
-11,30,
26,-19,
20,-3,
6,36,
81,148,
20,-4,
65,70,
75,1,
27,-1,
5,19,
-9,38,
72,14,
37,-37,
-24,-68,
-82,-55,
24,26,
75,-32,
80,-28,
31,-49,
-11,-57,
48,26,
42,16,
26,13,
6,12,
4,26,
-21,0,
-30,-19,
7,45,
62,29,
41,-75,
-23,-41,
-15,-18,
-29,-3,
24,-63,
-22,11,
35,-20,
36,-15,
-50,-24,
-62,-16,
-39,4,
87,11,
19,-23,
-12,-14,
31,20,
60,48,
-2,40,
33,-46,
2,-16,
-46,9,
-79,77,
-42,27,
10,-48,
42,5,
5,-6,
80,47,
44,-9,
-22,32,
-37,3,
-6,-9,
-9,-34,
-27,-21,
-4,37,
-20,84,
-23,77,
-38,7,
-3,-19,
13,-11,
-1,16,
46,59,
33,36,
-8,16,
-45,-23,
-78,6,
30,-36,
17,12,
-21,8,
55,22,
42,-17,
81,-67,
-14,23,
-39,45,
25,-2,
92,-4,
68,36,
75,-12,
20,-16,
54,2,
93,8,
29,-19,
-76,-35,
13,-19,
44,-5,
42,41,
-16,3,
10,-43,
22,-61,
7,-9,
-44,-34,
-23,41,
-17,25,
26,39,
-38,12,
-36,7,
10,3,
40,-15,
29,-38,
52,35,
2,-15,
15,-12,
8,23,
-6,19,
13,7,
-4,-57,
-21,-19,
15,-1,
-27,39,
-8,-30,
-118,4,
-113,8,
-70,-59,
93,-8,
86,7,
12,18,
-24,1,
-26,41,
0,106,
56,72,
38,-28,
22,-32,
-39,-36,
-46,-43,
-68,23,
-56,-21,
-42,-22,
-41,-47,
-16,-56,
-16,38,
38,-9,
58,-35,
11,-62,
56,-49,
1,-23,
52,-18,
60,38,
16,-31,
-8,-64,
25,-39,
-2,-40,
-31,-30,
-2,27,
-38,-9,
17,67,
28,12,
-26,-10,
-41,3,
18,15,
30,31,
22,-56,
-43,-34,
33,-21,
33,18,
84,17,
76,20,
67,17,
-31,-4,
-27,30,
11,35,
-7,-39,
37,7,
46,-20,
63,17,
-24,34,
-4,8,
-29,22,
21,64,
55,-1,
-53,30,
5,42,
29,19,
-32,-11,
-43,4,
-43,12,
17,1,
18,26,
-11,86,
-5,80,
15,73,
54,-3,
27,32,
56,19,
13,-15,
43,11,
-36,6,
-5,-19,
-21,-62,
-35,20,
-26,34,
-39,-7,
-37,-31,
-20,28,
-3,38,
-27,46,
50,19,
34,-1,
38,-23,
30,-16,
54,26,
30,1,
-34,-47,
7,-35,
-59,2,
-28,-19,
35,36,
77,5,
52,-23,
79,67,
-31,21,
-7,20,
-15,14,
43,31,
24,-21,
25,-94,
76,-73,
-27,-3,
-1,14,
30,-14,
-5,-32,
-20,-20,
-40,7,
-88,-32,
-82,-34,
-59,30,
44,10,
57,-63,
0,-81,
32,-48,
44,-21,
105,56,
65,64,
1,45,
-37,-59,
-41,-47,
0,-1,
-23,-33,
-38,4,
-57,-27,
-45,-18,
-16,1,
33,32,
63,35,
44,11,
25,-6,
-15,-40,
26,-75,
24,-26,
9,44,
68,-17,
23,-63,
-30,-64,
-18,-30,
-49,-40,
-11,7,
1,8,
-70,23,
-39,42,
-14,-19,
46,21,
40,-8,
0,-9,
47,12,
52,5,
11,4,
34,11,
-24,-58,
24,-73,
40,-795,
749,-5088,
2238,-8041,
2925,-7964,
3074,-7063,
-162,658,
-1412,2965,
-251,663,
-311,-333,
-2020,359,
-3326,1364,
-1522,991,
757,26,
2625,-937,
2512,-973,
1029,-353,
-85,28,
-98,286,
662,316,
1010,513,
1374,712,
363,355,
-488,497,
-430,199,
-152,-47,
51,-223,
112,58,
57,425,
64,453,
102,343,
137,246,
63,154,
60,220,
25,532,
-1,42,
-66,-16,
-283,-110,
-135,-121,
-10,126,
185,240,
259,365,
389,439,
382,387,
283,218,
198,198,
-51,180,
-413,187,
-368,212,
-170,29,
5,-118,
20,-20,
-129,-37,
-213,64,
-105,184,
-83,320,
9,225,
-4,234,
-131,230,
-102,127,
-10,-90,
179,-64,
313,-70,
363,-81,
172,-191,
65,-285,
176,-290,
117,51,
103,125,
79,434,
75,437,
9,435,
-105,123,
-225,11,
-222,71,
-313,324,
-329,486,
-346,487,
-837,570,
-946,406,
-563,119,
-198,-120,
80,-148,
31,35,
10,23,
54,203,
51,164,
77,172,
79,118,
89,155,
60,152,
-4,124,
-37,54,
-58,-6,
-68,-17,
-67,-115,
-64,-21,
-107,47,
-106,108,
19,54,
3,38,
24,62,
55,110,
-70,94,
-53,60,
-60,-29,
42,-64,
-71,14,
-13,45,
-70,95,
-59,128,
30,83,
18,32,
-59,31,
-101,79,
-60,9,
-90,-29,
-100,49,
-74,94,
-55,153,
0,68,
61,40,
17,89,
24,57,
16,-15,
15,-35,
60,-69,
18,-44,
16,-62,
5,12,
-101,51,
-69,-41,
-61,-41,
-38,1,
-11,51,
-34,110,
46,23,
7,-34,
52,-29,
61,22,
8,75,
36,78,
-6,52,
15,-9,
20,41,
27,113,
-1,81,
48,0,
19,-25,
65,81,
22,134,
-14,204,
-33,68,
-27,25,
-11,46,
-18,22,
-70,8,
25,59,
24,93,
00>
_________________________________
00>
00>
Printing STS1 CIR
00>
00>
_________________________________
00>
-63,-20,
12,9,
-5,62,
18,-9,
-71,16,
-34,-18,
-50,62,
-3,18,
-13,-28,
15,-15,
-1,-24,
11,12,
48,1,
51,14,
3,39,
18,-8,
17,5,
45,29,
36,1,
-5,-15,
16,-27,
63,-11,
54,-70,
-12,-22,
12,31,
28,-22,
69,1,
82,32,
25,48,
-21,-45,
38,2,
64,5,
27,-14,
-23,11,
12,-25,
13,11,
23,-55,
-25,-24,
17,-35,
-4,13,
21,22,
30,16,
38,66,
53,4,
11,-24,
-14,15,
6,54,
-8,70,
71,-8,
61,15,
38,3,
-93,-31,
-79,-43,
-41,-35,
-69,-65,
-49,-8,
6,40,
67,23,
51,11,
98,-65,
58,-64,
13,1,
17,7,
26,-11,
32,5,
-7,-30,
-18,27,
69,-10,
25,41,
28,7,
2,-65,
-74,-21,
-35,36,
-49,31,
40,56,
14,-4,
51,-3,
51,66,
31,24,
-39,-54,
-48,-89,
38,6,
24,50,
84,28,
43,12,
31,-12,
50,-12,
26,26,
11,33,
4,62,
1,38,
3,53,
1,56,
-1,9,
-17,5,
-13,25,
12,10,
48,5,
13,6,
71,11,
74,57,
-27,38,
30,80,
46,-44,
31,-23,
-48,34,
-35,63,
22,-26,
9,44,
11,64,
9,-31,
26,-24,
32,10,
-13,8,
-82,7,
-25,66,
-14,-1,
1,-8,
-41,21,
2,8,
44,-21,
46,16,
2,8,
-62,-33,
-1,23,
-32,27,
12,-8,
-35,-17,
-27,-48,
58,-28,
0,43,
20,53,
20,0,
25,5,
-21,-3,
-1,-104,
26,-111,
11,-5,
-97,35,
-86,46,
-1,-23,
1,-25,
-13,25,
-111,76,
-43,13,
6,-29,
6,-26,
41,11,
42,-17,
23,1,
-12,75,
-25,33,
-38,-2,
7,3,
25,-9,
86,56,
131,43,
26,24,
22,70,
41,68,
12,-6,
-72,28,
-48,-28,
52,-6,
48,22,
92,58,
74,47,
36,-30,
-13,-10,
-70,22,
-28,1,
-54,-13,
-15,-14,
-10,1,
-36,-9,
-7,-8,
-18,-3,
-24,-33,
37,6,
20,28,
-76,25,
-64,-6,
17,24,
21,56,
13,15,
51,-48,
-30,-28,
46,-17,
-5,-16,
10,-9,
3,90,
60,16,
44,-25,
29,-2,
16,5,
83,13,
44,33,
37,39,
11,18,
-15,11,
-38,46,
-10,2,
21,33,
24,-36,
-20,-37,
26,9,
-2,25,
-3,34,
15,2,
24,52,
-3,-40,
-33,-74,
-57,-26,
-22,7,
-10,33,
11,58,
-27,46,
6,38,
-19,-15,
-4,-24,
7,39,
28,6,
1,-3,
34,-41,
12,-38,
42,-3,
46,15,
-6,38,
-21,-8,
-35,0,
-48,78,
-7,24,
-30,32,
8,33,
35,26,
3,-13,
-25,-7,
3,24,
15,29,
-40,40,
-47,43,
-46,21,
33,-37,
12,-50,
-75,-8,
-36,21,
-105,30,
-91,60,
-40,45,
-28,-7,
37,3,
39,73,
73,27,
43,17,
57,-9,
12,48,
11,1,
41,53,
31,-34,
-10,-66,
-8,-9,
-15,-27,
-35,-35,
-16,45,
-31,65,
-53,39,
3,16,
30,-15,
61,0,
-12,34,
-11,1,
3,-14,
-40,27,
-9,28,
-14,-7,
8,43,
31,60,
97,50,
92,69,
68,-47,
48,-18,
11,2,
13,-37,
44,-21,
37,64,
-5,57,
-9,-22,
-2,7,
12,3,
8,-4,
26,-10,
24,38,
28,27,
53,25,
22,43,
16,51,
-41,-14,
-25,-81,
-28,-45,
-25,51,
-1,52,
-39,75,
34,36,
-12,15,
13,-25,
26,-5,
13,30,
67,-19,
68,50,
69,57,
88,116,
-18,35,
37,-2,
24,56,
29,-28,
52,-14,
-32,5,
-24,66,
-26,-5,
10,-22,
21,-22,
17,33,
-11,45,
-13,64,
12,32,
-42,42,
-30,61,
-34,-23,
-10,-35,
-5,23,
27,23,
5,25,
-6,22,
33,23,
-45,9,
-12,42,
-53,78,
1,25,
0,24,
43,-9,
-13,34,
25,40,
54,39,
43,57,
23,45,
-6,26,
-25,22,
-14,26,
-7,7,
-18,5,
21,42,
34,-62,
6,-75,
-51,-138,
-52,-819,
600,-4098,
2485,-7809,
3399,-7589,
1848,-4575,
-1593,888,
-1815,1777,
561,564,
2446,988,
2614,2531,
1672,2548,
671,1211,
-228,557,
-1433,928,
-2584,1222,
-1994,707,
-523,48,
604,3,
1078,409,
1400,686,
1842,1121,
1109,343,
233,150,
-275,121,
-360,13,
-30,-26,
33,232,
-118,458,
-81,419,
286,175,
685,-98,
448,-292,
-34,-353,
-353,-563,
-356,-139,
-270,-24,
-184,195,
-16,62,
186,-192,
285,-240,
512,-86,
527,257,
223,431,
-84,279,
-161,93,
-13,89,
273,53,
286,-32,
87,-120,
-159,-213,
-283,-20,
-159,58,
-259,434,
-185,333,
-180,281,
-80,79,
23,242,
174,527,
215,662,
213,407,
200,259,
164,272,
96,175,
151,-64,
205,-150,
104,-86,
-54,-5,
-223,-33,
-394,-164,
-239,-225,
-120,-120,
-25,-48,
-57,32,
43,136,
40,250,
37,294,
-117,332,
-459,413,
-887,354,
-704,68,
-193,-65,
92,-115,
45,30,
14,1,
54,-72,
94,-14,
-13,16,
20,-27,
33,-100,
-23,-136,
-14,-34,
-15,-23,
-85,3,
-143,-6,
-92,-3,
-1,-19,
-4,8,
-58,24,
-82,-20,
-21,-37,
54,50,
41,111,
20,118,
-17,48,
-28,-30,
10,-30,
36,-31,
-10,-52,
-13,-26,
-33,9,
-14,69,
-98,106,
-124,87,
-113,-27,
-36,-34,
-80,-27,
-127,-62,
-18,-103,
18,-72,
33,40,
-8,78,
24,43,
18,65,
1,56,
-5,57,
-47,47,
-129,45,
-119,58,
-85,4,
-75,67,
-6,-14,
-29,15,
-125,95,
-151,68,
-130,12,
50,-23,
99,-26,
87,13,
62,44,
-15,-15,
-60,11,
-71,-21,
-26,4,
-9,16,
18,-21,
2,12,
5,13,
2,18,
113,104,
39,69,
-16,40,
22,-6,
-18,-27,
-58,42,
-29,72,
-64,44,
-15,-8,
-37,25,
00>
_________________________________
00>
_________________________________
Sequence Number: 71
00>
00>
Printing STS0 CIR
00>
00>
_________________________________
00>
-8,17,
-18,5,
-13,16,
38,6,
66,94,
17,89,
64,115,
59,-19,
46,-128,
-22,-102,
-8,60,
-42,55,
-4,78,
-16,-22,
-15,5,
9,8,
58,19,
10,0,
-54,62,
-63,51,
-42,30,
-95,-10,
-85,59,
-70,4,
-45,16,
-40,63,
3,21,
5,52,
32,-28,
46,-12,
3,-55,
42,-35,
62,27,
37,-3,
50,6,
39,-7,
-1,-9,
-96,-7,
-39,-29,
-65,67,
-37,25,
-19,31,
-37,6,
-19,-62,
18,28,
-22,8,
-96,14,
-32,-10,
-18,12,
-39,-14,
-38,54,
-76,12,
-45,-68,
-26,-63,
-15,-26,
-82,-4,
-43,15,
1,-17,
131,38,
64,77,
-35,12,
-77,-12,
-73,15,
-6,-23,
10,-11,
-10,7,
-14,-27,
-17,4,
-11,38,
-39,96,
-31,24,
41,-36,
59,-42,
46,-33,
15,78,
-5,-33,
-12,-49,
-59,26,
-18,68,
57,114,
46,106,
-42,58,
-75,29,
-25,7,
-35,76,
-60,68,
-39,76,
46,79,
67,-6,
70,-84,
-15,45,
-52,69,
-52,25,
21,-35,
-38,-57,
42,-34,
43,-8,
12,-11,
-9,-24,
4,18,
14,17,
45,44,
82,3,
1,33,
6,96,
41,33,
28,51,
-65,40,
-23,-81,
-5,-74,
32,11,
-39,43,
-82,3,
46,20,
-25,28,
-78,37,
-52,50,
54,54,
83,28,
6,29,
63,25,
12,42,
-19,51,
-15,67,
20,-16,
-56,75,
-35,-45,
-71,-58,
49,-49,
113,-17,
18,-2,
-22,9,
12,36,
56,31,
-19,61,
53,17,
25,0,
-3,49,
-3,0,
-15,-9,
-18,-26,
-71,13,
26,-22,
80,-21,
59,-98,
57,-27,
27,-6,
9,-16,
23,57,
4,12,
20,-20,
86,-50,
21,-25,
-46,60,
-33,65,
-25,47,
-7,18,
-14,-49,
-69,11,
17,47,
26,-17,
4,2,
5,-52,
-27,45,
12,43,
-47,78,
-41,3,
-23,-32,
14,-75,
22,-22,
68,41,
-16,91,
5,97,
-29,35,
-56,38,
-22,38,
-12,51,
-20,113,
-10,44,
25,40,
-42,36,
-24,-18,
-41,-100,
-32,-71,
61,-65,
53,-27,
42,44,
-30,28,
-4,-30,
14,-63,
-15,-25,
-35,43,
-53,47,
-115,53,
-75,30,
-61,-31,
-3,5,
7,37,
-68,30,
-66,40,
-27,9,
61,48,
19,32,
-6,14,
-57,39,
-58,23,
63,72,
99,49,
-20,-14,
-54,43,
26,-39,
57,11,
56,51,
39,35,
-38,-32,
7,-56,
-13,-49,
-6,-39,
9,-40,
22,-26,
-39,-32,
20,-44,
-49,4,
-16,34,
66,6,
62,-27,
58,10,
-19,13,
-64,-19,
13,-17,
35,-47,
73,12,
-12,39,
8,-8,
20,3,
27,7,
8,-46,
58,20,
103,78,
-16,138,
9,70,
-4,-77,
-54,-56,
-6,-9,
4,101,
41,67,
10,-11,
-16,5,
-30,-20,
-27,20,
-19,20,
-29,10,
-39,-29,
-14,-29,
30,-95,
25,18,
8,-14,
10,-69,
-22,-63,
53,-4,
145,24,
10,5,
-14,-35,
-12,-166,
10,-103,
35,6,
-14,65,
-56,64,
-46,6,
-42,-99,
-48,-47,
29,34,
54,39,
48,20,
-27,-51,
-56,-45,
-29,0,
83,10,
68,-29,
68,-13,
32,-10,
1,49,
-39,11,
-11,20,
-18,31,
-42,-47,
56,-28,
46,8,
47,27,
103,-7,
35,-18,
-6,7,
-27,13,
27,26,
-20,49,
-29,-39,
30,29,
28,-7,
32,-19,
33,-55,
89,-27,
9,-50,
-32,92,
33,63,
-6,60,
-19,39,
-27,7,
-99,81,
-71,1,
22,41,
7,50,
-92,114,
-40,76,
-43,11,
-5,15,
47,-26,
23,22,
-2,-15,
-29,-26,
54,30,
32,54,
106,34,
-17,13,
-18,-4,
-34,-18,
-68,-28,
6,10,
-32,20,
-124,-2,
-29,10,
4,25,
-33,-9,
20,-60,
37,-25,
1,-6,
-29,4,
-45,71,
10,14,
-40,26,
-45,1,
-43,56,
1,-9,
4,57,
-9,16,
-4,-43,
-28,-53,
-44,-5,
-4,45,
-1,18,
-65,35,
-16,-41,
7,-32,
12,13,
-55,12,
-69,34,
44,50,
71,6,
-129,-48,
-1077,-691,
-3856,-3016,
-5557,-5002,
-4545,-4556,
-1168,-504,
368,2242,
-218,1210,
-186,-955,
1026,-1983,
1824,-1774,
1295,-1040,
514,-157,
506,726,
738,1382,
543,1175,
43,345,
-133,-274,
125,-501,
559,-680,
727,-1255,
468,-1327,
201,-677,
93,-2,
41,54,
-71,-150,
-145,-159,
-65,74,
149,217,
170,245,
138,80,
45,-87,
-14,-38,
62,191,
27,272,
38,101,
77,-4,
102,-62,
56,15,
87,5,
211,-124,
284,-203,
137,-36,
47,146,
-87,116,
-108,134,
-106,134,
-30,129,
-49,117,
-22,25,
-64,94,
-41,118,
63,179,
178,256,
30,248,
-183,183,
-83,77,
36,130,
189,196,
211,286,
190,208,
194,92,
-33,26,
-138,-40,
-113,11,
-61,-75,
144,-147,
182,-141,
148,-14,
92,14,
4,44,
-56,69,
50,79,
21,67,
3,83,
97,12,
287,17,
453,119,
448,339,
246,378,
6,275,
-225,36,
-297,6,
-108,35,
12,-7,
57,48,
39,144,
-11,78,
15,41,
87,-77,
104,-69,
44,-14,
77,-5,
100,55,
54,47,
25,1,
-97,19,
-47,45,
-38,16,
-2,54,
-8,114,
47,108,
38,65,
-31,41,
-20,57,
11,69,
-6,126,
20,61,
30,111,
104,149,
66,117,
52,57,
78,120,
88,115,
21,84,
9,47,
39,43,
7,62,
-27,132,
4,51,
21,82,
5,50,
14,48,
16,63,
31,149,
15,84,
11,161,
62,163,
47,208,
16,110,
-16,41,
-29,45,
-87,30,
39,150,
51,145,
29,65,
62,33,
63,44,
20,101,
-32,66,
4,13,
-24,25,
6,117,
-7,44,
11,64,
30,-9,
95,23,
9,23,
-35,3,
18,43,
19,18,
38,20,
37,-2,
7,81,
24,76,
00>
_________________________________
00>
00>
Printing STS1 CIR
00>
00>
_________________________________
00>
0,39,
-25,34,
22,19,
3,27,
35,57,
-43,-3,
40,-25,
-8,24,
-56,4,
-38,49,
-5,66,
-53,4,
37,24,
17,48,
39,38,
84,42,
18,37,
-15,-47,
56,-27,
-8,17,
-16,9,
7,-30,
51,-27,
49,20,
-42,21,
19,10,
27,-16,
93,-7,
82,-17,
78,-1,
84,22,
4,28,
-60,-39,
-91,-56,
11,-6,
65,27,
51,14,
74,-16,
49,-61,
30,14,
34,-41,
9,-47,
35,25,
34,127,
-9,82,
21,6,
-36,-11,
-6,0,
14,-7,
-4,17,
-20,-15,
-74,1,
-10,10,
-68,18,
-72,-5,
-24,-25,
-63,62,
-72,75,
15,51,
52,109,
20,36,
4,-6,
-101,-3,
-12,46,
32,45,
41,73,
98,28,
37,25,
-59,78,
58,25,
108,77,
-39,38,
-51,35,
-3,-47,
32,-31,
8,15,
-65,-16,
-78,58,
-10,-5,
25,17,
-19,9,
60,59,
78,37,
44,11,
-1,-11,
-30,54,
21,0,
29,-58,
81,1,
81,-24,
84,7,
-38,18,
-7,24,
-15,-4,
65,-36,
35,-16,
-15,-16,
-68,-25,
-46,1,
-81,55,
-62,15,
-9,22,
25,65,
5,75,
-65,63,
-74,54,
69,78,
-25,45,
16,53,
-40,49,
2,0,
-24,85,
-27,60,
-18,11,
32,-3,
-68,-46,
-53,15,
3,37,
62,11,
65,-76,
41,-29,
-5,50,
-72,1,
2,-42,
12,-52,
-25,41,
-23,15,
-14,61,
16,26,
14,46,
-58,70,
-94,14,
-7,7,
-4,72,
-16,54,
-31,21,
14,-19,
13,-42,
4,18,
35,24,
-42,-17,
41,26,
-26,-89,
-24,-63,
-51,-15,
-60,-67,
-72,35,
-117,78,
-75,0,
-29,7,
61,43,
14,44,
-17,20,
-12,10,
-4,0,
-13,122,
-79,47,
-72,-47,
18,-51,
137,52,
82,32,
49,59,
-45,37,
-9,7,
-44,59,
-45,76,
-10,136,
21,141,
-38,53,
-10,45,
11,60,
63,77,
-5,72,
-42,116,
-66,38,
-10,19,
-39,35,
2,52,
36,11,
-26,-42,
-86,-19,
-44,-7,
-48,6,
13,9,
-4,87,
-28,-18,
-17,-53,
-36,-39,
-14,91,
-58,109,
-8,128,
14,70,
147,50,
10,-12,
-31,1,
0,-9,
19,-15,
38,3,
24,13,
-19,-27,
-8,37,
-7,-11,
-12,26,
20,9,
25,74,
-68,53,
-61,57,
21,50,
9,35,
44,91,
24,71,
-55,-23,
-86,-21,
-89,70,
-56,39,
-27,-2,
13,-1,
-30,-7,
8,61,
-1,74,
6,38,
-37,99,
14,101,
-16,21,
-7,29,
-55,60,
-12,46,
-8,64,
41,63,
-4,18,
7,17,
13,25,
45,24,
-29,21,
-26,-34,
-6,-22,
19,-3,
17,-29,
-24,-18,
-47,5,
-47,26,
-23,30,
30,42,
-11,75,
-50,35,
-78,54,
27,-18,
26,-59,
35,56,
47,1,
51,29,
-45,-25,
-77,-68,
-115,16,
-98,-6,
-58,64,
0,8,
2,15,
37,-39,
3,-24,
-31,98,
52,50,
25,2,
0,-2,
57,-6,
-68,58,
-81,-24,
-33,10,
-9,103,
-57,66,
-104,-12,
-121,-52,
-85,-19,
-15,27,
22,-5,
13,-37,
32,-49,
13,22,
25,148,
63,106,
27,67,
-6,-4,
46,-1,
-58,12,
-71,30,
-30,58,
19,13,
32,-47,
-9,-23,
-77,-39,
-101,22,
-64,56,
-29,11,
-41,33,
21,12,
-17,115,
-57,90,
-28,21,
-28,-2,
-38,-11,
-15,5,
42,-6,
81,-4,
52,-51,
-3,-64,
-129,-61,
-43,29,
-52,37,
-99,37,
-60,20,
-7,-3,
-18,21,
21,-16,
-18,31,
12,63,
121,59,
114,-30,
-5,28,
-46,12,
-84,4,
16,38,
-26,58,
-56,67,
13,-2,
-104,77,
-41,25,
59,74,
60,1,
49,-32,
-25,-45,
-59,0,
-44,75,
38,44,
27,90,
113,129,
44,49,
-74,47,
-52,-25,
-30,-23,
23,-6,
86,-26,
54,-26,
50,-6,
-19,27,
17,52,
29,62,
-27,8,
16,-6,
62,-55,
-28,-95,
-10,-13,
55,13,
68,-11,
73,27,
20,32,
-58,-13,
-26,-33,
-176,-36,
-1023,-628,
-3437,-2973,
-4938,-5335,
-4228,-4564,
-1434,-151,
167,2965,
-447,1882,
-2047,-629,
-3489,-1990,
-3802,-1546,
-2440,-191,
-784,541,
-135,-39,
-549,-1175,
-767,-1397,
-345,-784,
230,-38,
562,216,
611,-215,
913,-570,
836,-387,
363,-12,
-111,300,
-289,104,
-222,-96,
10,-174,
174,14,
244,45,
169,73,
232,146,
181,209,
198,244,
270,364,
293,346,
148,197,
272,191,
317,93,
348,102,
280,55,
159,-56,
-45,-172,
-59,-206,
69,-144,
240,23,
224,162,
232,178,
227,140,
235,4,
200,-12,
149,67,
-44,75,
-98,28,
-36,-10,
34,-36,
-48,37,
68,163,
25,287,
-26,365,
-52,237,
-72,25,
-75,-35,
-72,-64,
-95,-89,
-54,-5,
-1,-47,
164,-16,
196,-15,
231,70,
-1,27,
-46,-107,
79,-2,
154,18,
128,-12,
82,25,
158,129,
327,225,
550,293,
548,400,
353,436,
132,275,
-58,57,
-236,-19,
-162,73,
-100,60,
47,67,
39,-27,
-84,-9,
-140,62,
-120,68,
-24,21,
6,76,
173,178,
159,132,
-15,116,
-77,-17,
-27,-82,
93,-36,
60,60,
-10,90,
-18,36,
22,-5,
-25,24,
-23,61,
62,109,
126,41,
134,9,
105,46,
37,80,
98,122,
106,66,
50,102,
142,95,
68,93,
20,74,
12,33,
-13,74,
2,70,
0,47,
57,75,
80,95,
-7,123,
109,130,
107,61,
75,76,
61,4,
79,49,
37,11,
33,81,
46,111,
23,78,
35,40,
39,42,
54,60,
74,86,
44,20,
33,-1,
-16,-3,
68,4,
67,19,
85,41,
107,41,
130,29,
106,47,
104,65,
66,65,
42,59,
45,33,
51,22,
17,-37,
43,17,
107,-35,
10,-46,
-9,58,
-43,81,
00>
_________________________________
00>
RX Timestamp: 18262207161
00>
Clock Offset: -535.583 Hz, 0.067 ppm
00>
RX Timestamp: 19334681493
00>
Clock Offset: -1227.379 Hz, 0.154 ppm
00>
_________________________________
Sequence Number: 204
00>
00>
Printing STS0 CIR
00>
00>
_________________________________
00>
29,-12,
0,-8,
49,-7,
21,-46,
13,-28,
11,-67,
29,-3,
88,53,
95,-8,
25,34,
-39,7,
-20,-24,
47,17,
-11,-8,
-19,27,
-5,-142,
2,-96,
-36,-15,
21,103,
3,-1,
17,-14,
-49,-52,
-47,30,
-83,23,
-12,48,
10,52,
50,-7,
38,32,
-9,65,
18,47,
37,24,
60,48,
94,52,
-1,25,
58,103,
-31,35,
-30,34,
-37,-19,
7,-44,
97,-19,
20,14,
-19,36,
35,22,
-9,-69,
-16,59,
50,5,
62,23,
39,-29,
13,-1,
-21,-46,
72,-6,
19,-61,
35,-33,
85,-69,
0,51,
8,91,
2,-31,
17,29,
20,17,
-2,5,
-57,6,
-42,46,
-50,23,
58,12,
-12,2,
-14,-14,
-44,53,
8,29,
20,13,
55,18,
43,38,
40,6,
35,-38,
-38,6,
-40,23,
42,73,
41,87,
-36,73,
-37,7,
-5,12,
41,40,
28,13,
79,50,
-32,18,
-22,36,
-11,13,
-19,23,
21,49,
-20,19,
32,13,
19,-9,
50,-49,
68,-41,
16,-31,
-3,64,
0,76,
-14,-52,
23,-25,
69,-46,
51,-121,
9,-33,
45,-21,
21,11,
6,71,
38,45,
23,17,
-16,-37,
-20,-12,
24,49,
-21,24,
-5,41,
25,51,
-9,45,
-28,-12,
9,-54,
-14,-9,
-3,18,
2,-82,
-9,-43,
-44,-16,
-38,9,
14,22,
20,40,
-67,46,
6,15,
30,4,
24,34,
-12,22,
13,6,
-7,-36,
-49,-30,
31,-39,
33,-51,
110,-91,
45,-3,
0,52,
-8,88,
24,-30,
-6,11,
-31,58,
-34,-16,
-16,22,
-2,30,
53,3,
-16,44,
-14,92,
-30,7,
5,-10,
6,-19,
-22,-17,
-3,20,
40,21,
29,-5,
29,18,
11,37,
-32,15,
-88,31,
24,17,
10,56,
6,41,
9,8,
41,-22,
5,-64,
27,-2,
23,-15,
95,-29,
-9,27,
-52,15,
26,44,
1,22,
38,57,
21,43,
-3,24,
26,70,
10,-16,
60,-20,
16,0,
8,-10,
32,52,
-20,61,
-17,52,
7,61,
59,-31,
8,15,
-22,-29,
-4,18,
3,2,
56,70,
17,-16,
8,16,
-7,-45,
-13,10,
-23,26,
-22,3,
8,43,
-12,-26,
28,-31,
91,28,
55,62,
7,63,
-2,18,
13,21,
14,13,
14,58,
2,-3,
41,-14,
5,45,
-19,15,
-29,67,
24,67,
101,81,
36,-55,
1,-35,
-67,8,
25,40,
19,34,
1,-17,
-5,12,
-9,30,
5,125,
-74,51,
-6,-6,
19,4,
58,-3,
22,-38,
29,18,
-3,29,
-13,33,
-60,55,
-89,-7,
-6,34,
44,9,
54,-6,
-6,26,
-1,15,
31,16,
-9,22,
5,31,
-66,0,
5,17,
76,21,
22,-8,
24,10,
-16,25,
24,-13,
-20,69,
27,6,
26,-21,
14,-2,
-14,64,
-3,66,
-22,95,
-17,78,
34,41,
32,11,
25,52,
24,27,
24,-1,
19,65,
4,42,
-20,63,
-45,41,
35,-20,
42,7,
22,36,
57,1,
46,-11,
44,41,
23,18,
-21,13,
20,19,
-27,37,
-70,3,
-37,-60,
-16,-22,
0,21,
-14,42,
1,38,
-32,-5,
39,-2,
-2,-42,
15,6,
44,13,
-27,-27,
30,-37,
-2,9,
31,-15,
32,-8,
14,-16,
-28,-54,
-11,-4,
35,20,
14,17,
24,-17,
0,-13,
48,-46,
-12,-27,
1,62,
-46,-7,
-27,35,
-75,-81,
-19,-55,
-17,-22,
46,26,
10,49,
-33,-10,
8,-89,
21,6,
18,49,
-3,-19,
-19,-34,
27,-69,
16,16,
-11,-8,
70,21,
52,68,
25,59,
18,71,
39,92,
93,20,
18,25,
-2,25,
5,-9,
3,21,
26,69,
-20,63,
17,11,
81,24,
-3,3,
0,13,
56,18,
12,-22,
-12,65,
-22,22,
31,55,
24,-26,
-24,31,
-52,-46,
-45,-40,
43,-69,
54,-52,
55,3,
5,7,
-26,-35,
37,-14,
18,-33,
-57,-37,
-23,-7,
53,10,
-7,23,
8,-8,
22,18,
-1,-2,
653,68,
4643,954,
7859,2813,
7770,3673,
6818,3482,
-427,-211,
-2630,-1562,
-590,-320,
325,-238,
-194,-2017,
-1089,-3496,
-909,-1752,
-134,537,
631,2402,
714,2584,
278,1081,
-27,-57,
-267,-98,
-197,748,
-357,1179,
-693,1655,
-272,466,
-406,-423,
-177,-436,
-36,-113,
162,125,
-21,190,
-407,58,
-420,84,
-360,128,
-231,96,
-139,123,
-175,82,
-521,19,
-109,123,
-2,21,
57,-240,
48,-204,
-167,-116,
-185,143,
-212,281,
-287,359,
-300,446,
-205,366,
-209,215,
-332,-63,
-262,-432,
-147,-372,
-25,-222,
50,-61,
17,-5,
56,-52,
5,-151,
-193,-121,
-328,-56,
-153,40,
-128,-14,
-82,-122,
-26,-99,
20,48,
-12,136,
101,215,
96,224,
236,74,
321,81,
400,53,
50,13,
14,9,
-257,30,
-322,37,
-575,-50,
-180,-126,
-51,-213,
-104,-254,
-211,-300,
-397,-309,
-356,-194,
-446,-702,
-268,-860,
-51,-567,
33,-186,
133,32,
-11,50,
-64,38,
-179,36,
-115,73,
-83,90,
-65,49,
-111,-7,
-143,6,
-71,-82,
9,-76,
-5,-15,
15,-10,
27,-77,
65,-24,
33,-23,
-88,-41,
-10,18,
4,2,
-6,106,
-82,20,
-146,-103,
-60,-75,
-84,-13,
-65,2,
4,46,
-46,-2,
-69,-47,
-106,-30,
-101,-74,
-124,-41,
-71,-82,
-121,-108,
44,-122,
36,-86,
22,-25,
-54,-9,
-114,-33,
-64,16,
-32,5,
-28,2,
-68,-4,
0,26,
-18,57,
25,156,
20,85,
70,-34,
12,-52,
30,-74,
-5,32,
1,56,
-32,28,
-70,16,
-91,-27,
-45,-71,
14,2,
41,42,
-2,32,
-54,110,
-5,39,
-63,-13,
-54,-21,
-80,27,
-77,-9,
-165,41,
-6,91,
-5,115,
-106,135,
-25,29,
-130,-17,
-22,-16,
47,19,
41,43,
39,-66,
-11,-31,
-50,-39,
-113,75,
-86,22,
00>
_________________________________
00>
00>
Printing STS1 CIR
00>
00>
_________________________________
00>
15,-39,
8,32,
58,27,
-4,-54,
-16,-8,
-45,-23,
-21,26,
-48,40,
-7,15,
55,-28,
63,8,
3,57,
4,-10,
-4,-15,
13,31,
-20,73,
3,39,
-51,43,
-60,27,
-27,14,
-1,16,
-66,-13,
-33,-40,
-11,-66,
-16,-36,
63,23,
24,-25,
34,-38,
-21,-17,
22,42,
36,19,
7,49,
20,-11,
-6,-18,
-23,24,
-10,30,
27,7,
-25,21,
-5,-1,
-51,15,
-4,20,
12,-15,
-42,-12,
-8,16,
0,32,
-11,32,
-51,32,
25,-44,
26,-70,
30,32,
2,-13,
-1,-32,
-14,22,
-19,94,
27,75,
72,35,
-12,37,
-48,104,
-7,-19,
42,-6,
-14,7,
-4,-23,
9,-3,
45,36,
41,66,
26,22,
29,-24,
60,-35,
24,-16,
64,-13,
-28,-11,
-81,2,
-36,25,
30,-15,
47,1,
12,33,
-79,27,
-57,23,
-13,73,
37,26,
-12,-5,
-24,27,
-43,11,
-1,18,
-6,-10,
-5,-38,
50,-68,
25,10,
-5,28,
48,1,
38,-49,
10,-3,
24,-7,
-28,-24,
-14,10,
-10,56,
-61,56,
-1,29,
13,-16,
18,-8,
60,34,
23,2,
-11,-67,
-32,-36,
-29,-66,
-26,-9,
46,1,
60,29,
39,39,
19,59,
-4,14,
-31,-40,
14,-5,
49,27,
87,50,
41,-47,
14,-37,
3,6,
18,-3,
33,28,
7,-31,
-14,8,
-68,50,
39,-17,
-4,11,
-5,-2,
3,3,
-73,-1,
-55,-9,
36,7,
26,17,
-15,130,
-24,65,
-54,7,
-3,-37,
30,13,
-38,-3,
-33,-13,
-39,-42,
-9,-51,
3,-17,
-14,-27,
45,-6,
51,3,
42,-52,
0,-15,
-11,27,
-58,30,
-44,-12,
-49,-33,
53,-15,
71,5,
0,32,
-108,-2,
-74,-2,
8,0,
54,3,
-37,40,
-12,19,
31,26,
-6,-7,
-12,-7,
8,-56,
36,-94,
9,-131,
8,-20,
17,4,
0,26,
-33,-8,
-55,37,
-102,55,
-44,22,
2,-33,
12,-31,
-23,-22,
-67,59,
-57,26,
-14,10,
27,-12,
4,-24,
-6,28,
35,-9,
49,-22,
-3,-7,
2,-8,
38,12,
20,-9,
7,-55,
-40,-11,
-24,11,
-1,4,
-3,-8,
13,-41,
8,20,
44,-12,
-32,27,
-1,26,
14,76,
-10,6,
25,16,
36,-43,
62,-39,
-25,-12,
-35,24,
-30,75,
-54,23,
-46,-7,
-40,-44,
-35,29,
-25,35,
22,41,
-53,47,
-7,20,
34,6,
-48,32,
-94,-28,
-17,2,
-50,36,
-5,37,
-3,2,
-44,32,
1,7,
71,32,
58,-18,
31,46,
10,43,
60,33,
65,-5,
13,7,
4,53,
-3,43,
0,-27,
-69,12,
-93,2,
-13,33,
34,-34,
44,18,
29,44,
-6,84,
-20,-21,
25,-20,
-13,-29,
-29,-62,
47,-38,
46,-65,
102,-2,
86,79,
26,-4,
11,36,
-47,-15,
-26,-6,
39,54,
78,12,
-31,9,
-29,-14,
51,-25,
56,16,
-4,-13,
-5,-1,
5,46,
34,56,
43,-18,
-36,40,
-26,21,
-24,-4,
36,-9,
5,-9,
-57,21,
19,27,
10,30,
25,46,
9,37,
31,20,
-33,13,
-19,30,
24,-10,
36,-18,
47,7,
43,41,
19,4,
-32,59,
0,0,
-40,-25,
-23,-29,
5,32,
-8,39,
-26,19,
-38,-20,
-13,-28,
-6,64,
-5,75,
-43,23,
-21,26,
-31,42,
25,10,
-16,1,
-1,-23,
-2,26,
-9,70,
3,37,
-3,9,
13,20,
56,50,
34,26,
75,-38,
29,2,
30,-23,
56,-97,
57,-84,
7,-46,
-26,69,
-29,59,
-30,41,
42,64,
4,70,
-25,53,
-5,-3,
-24,-11,
-11,-42,
-10,-87,
26,-27,
-2,42,
-49,50,
-42,67,
1,23,
-37,56,
83,36,
35,2,
25,14,
2,-36,
-19,50,
3,-29,
-47,-39,
8,1,
59,79,
92,51,
77,0,
-23,29,
-41,37,
15,24,
-29,17,
15,-29,
-12,-43,
13,6,
-10,29,
-14,-37,
54,-27,
74,13,
25,1,
8,64,
4,39,
-27,-8,
-2,22,
506,34,
3595,834,
7515,3161,
7413,4164,
4607,2482,
-730,-1452,
-1710,-2043,
-549,276,
-1056,2118,
-2704,2293,
-2813,1388,
-1249,488,
-426,-256,
-727,-1399,
-1017,-2461,
-545,-1828,
27,-435,
109,548,
-443,1047,
-696,1284,
-1103,1587,
-442,1042,
-191,257,
-60,-251,
80,-317,
91,-25,
-253,60,
-474,-148,
-458,-175,
-305,16,
6,531,
213,452,
273,32,
501,-220,
176,-327,
85,-185,
-262,-290,
-189,-76,
137,114,
277,246,
282,530,
-60,564,
-347,221,
-251,-157,
-117,-262,
-46,-102,
-73,173,
17,301,
138,0,
213,-165,
19,-298,
26,-178,
-377,-407,
-280,-226,
-162,-184,
-11,-86,
-125,28,
-463,198,
-674,205,
-454,117,
-280,126,
-276,102,
-65,135,
58,165,
86,125,
52,132,
-5,-29,
33,-176,
205,-260,
178,-126,
140,-3,
40,-27,
-6,-142,
-86,-147,
-272,-95,
-323,-62,
-252,-108,
-321,-444,
-235,-817,
-33,-656,
122,-167,
153,-9,
30,-6,
55,-46,
137,67,
91,65,
92,32,
45,-7,
110,-29,
133,-14,
108,2,
22,5,
25,-24,
34,-62,
-27,-66,
-49,-25,
-39,28,
49,-6,
-8,46,
-47,115,
-75,146,
-10,121,
-43,25,
-17,-45,
-1,-60,
-13,-3,
52,5,
66,23,
59,20,
-10,8,
-80,-93,
-39,-99,
-37,-42,
27,-22,
34,-61,
45,-49,
16,-94,
53,-63,
-27,-6,
7,22,
-14,47,
-64,16,
-98,5,
-99,-41,
-75,-35,
-108,-7,
-48,-107,
4,-167,
41,-58,
-11,26,
28,16,
21,41,
-61,-131,
37,-79,
-46,-93,
-21,-56,
-2,14,
-2,60,
43,-25,
3,-10,
21,-24,
25,25,
64,20,
32,28,
-9,-17,
-84,-93,
-23,-60,
-16,28,
-25,25,
-44,37,
-13,-8,
-58,-37,
-11,-8,
61,12,
8,-55,
-61,25,
-10,13,
-13,-23,
-58,-32,
00>
_________________________________
00>
_________________________________
Sequence Number: 207
00>
00>
Printing STS0 CIR
00>
00>
_________________________________
00>
17,20,
-39,-9,
-8,12,
35,-3,
17,-12,
-31,-118,
-47,-42,
-92,-38,
-49,-24,
-5,-15,
-6,-14,
27,-7,
-6,1,
58,-8,
8,-17,
59,9,
106,17,
34,-20,
3,-46,
14,-4,
-2,-9,
-39,-43,
11,-13,
19,4,
28,-6,
-34,21,
19,-90,
47,-19,
-24,53,
-26,5,
-7,-42,
2,-42,
29,-58,
-15,-10,
19,-20,
23,7,
-4,30,
-19,6,
-46,5,
39,-3,
39,-9,
53,7,
13,-17,
41,-13,
1,-20,
77,17,
-18,73,
23,1,
0,-57,
-15,18,
-14,49,
-29,62,
73,55,
90,18,
-17,-50,
-39,-1,
-29,-9,
31,8,
26,-25,
10,19,
-34,-30,
-26,-44,
-43,-19,
-25,13,
30,-38,
37,-27,
-27,12,
-46,4,
0,-5,
6,54,
90,18,
-3,16,
-12,24,
-59,39,
1,-54,
-14,-15,
2,10,
38,35,
9,-39,
-23,-13,
-12,8,
2,6,
-26,-24,
-31,-13,
-26,7,
-53,8,
-106,15,
-51,12,
-8,-21,
5,2,
20,-37,
29,-24,
23,2,
15,-35,
45,-40,
26,-34,
23,34,
-11,-3,
-7,-14,
-3,12,
21,6,
8,-8,
-1,-35,
-88,-2,
-84,-43,
26,-24,
5,14,
23,-59,
3,-27,
0,-19,
18,-50,
12,-57,
54,-11,
17,14,
-50,-15,
-22,13,
9,-14,
3,13,
9,-22,
83,16,
44,-54,
30,-100,
-29,2,
-31,-30,
10,-22,
28,16,
37,85,
51,-44,
-3,-52,
-19,-3,
-65,43,
-28,19,
1,-4,
45,6,
30,39,
16,19,
3,-5,
40,9,
104,-14,
27,-49,
-22,-26,
37,69,
24,67,
40,34,
10,-26,
-53,-87,
-44,-91,
-39,48,
-6,80,
23,13,
28,24,
-35,-50,
26,-52,
8,1,
43,-20,
-49,-10,
-28,-25,
25,-49,
45,-42,
27,-52,
89,-45,
32,-9,
10,55,
-9,33,
2,-8,
-28,-86,
45,-4,
65,-5,
41,-56,
63,-84,
-23,-5,
11,-1,
-5,21,
-28,-25,
-73,59,
-7,-18,
-23,-3,
-47,-2,
20,2,
28,18,
39,-13,
30,-17,
37,2,
-22,4,
-7,13,
-31,-12,
11,-11,
42,28,
-9,-12,
-56,-58,
-21,-54,
-44,-71,
15,14,
23,17,
-9,-17,
19,4,
7,30,
17,4,
-46,-45,
-31,-20,
-63,-7,
-44,18,
11,-36,
26,-46,
74,-2,
-16,-42,
-15,-44,
-5,-17,
-38,-35,
34,-8,
-4,-54,
13,-13,
-10,1,
23,73,
27,31,
-59,-6,
-29,53,
16,-44,
12,31,
61,-24,
-36,-29,
-64,37,
9,37,
23,10,
12,14,
25,-23,
56,41,
74,-23,
44,4,
5,9,
79,-23,
128,47,
102,54,
32,36,
5,-34,
-10,-55,
12,-30,
-34,4,
-117,8,
-60,31,
-44,-61,
-45,-16,
17,-2,
81,-47,
-3,-38,
-8,-31,
-16,54,
50,24,
-24,7,
-4,37,
-84,-28,
16,-1,
14,17,
61,62,
36,41,
34,29,
-18,-37,
-12,-12,
-46,36,
-2,36,
17,14,
36,41,
-29,7,
-9,4,
-53,7,
72,31,
50,73,
33,-21,
4,-15,
-52,-36,
10,-98,
16,-40,
23,1,
20,15,
33,-2,
50,-61,
-43,-39,
-31,-2,
-60,15,
-44,22,
-38,14,
-65,-59,
-56,-15,
50,-18,
-53,31,
-46,53,
28,0,
-2,27,
13,10,
-2,23,
-13,1,
-6,20,
21,-34,
34,-11,
12,38,
16,29,
17,30,
66,36,
37,54,
8,30,
-11,45,
0,-13,
10,-20,
26,41,
26,38,
45,-1,
-4,-33,
31,22,
1,-1,
41,-44,
14,-21,
48,31,
-51,3,
-7,31,
-24,7,
28,-26,
-12,22,
-49,-35,
13,39,
2,-15,
-17,6,
-15,1,
31,51,
4,-11,
1,57,
5,27,
-6,10,
-48,-47,
-43,-13,
-97,-11,
-87,39,
-39,-26,
-25,-12,
-21,-1,
20,-3,
27,8,
60,54,
4,13,
1,4,
-3,-74,
7,-60,
-43,-65,
39,7,
73,44,
13,8,
-16,-50,
-12,4,
8,-6,
26,29,
36,45,
-3,-46,
-17,0,
20,-15,
-12,-17,
-3,-51,
-51,-29,
-44,-170,
43,-1573,
1041,-7153,
2118,-8083,
2516,-7881,
288,-1658,
-2191,1703,
-1348,336,
767,-645,
2950,212,
3330,1521,
1855,1056,
439,554,
-359,917,
-955,1657,
-962,1268,
-372,204,
192,-315,
903,-133,
1064,224,
1747,368,
1749,-207,
1194,-351,
211,108,
6,141,
90,-52,
81,-198,
-63,16,
-122,290,
-186,338,
-13,117,
193,-98,
111,-1,
-143,174,
-347,264,
-106,17,
68,46,
121,62,
-35,85,
60,90,
179,193,
409,123,
227,125,
-76,36,
-150,24,
-141,-59,
-217,-47,
-201,11,
-49,6,
0,67,
-41,12,
-69,13,
-29,101,
-141,258,
-278,82,
-235,-115,
-117,-114,
-81,79,
-51,357,
-18,403,
19,367,
-1,295,
-74,110,
-25,-178,
-4,-203,
35,-204,
253,41,
231,91,
120,80,
-39,6,
-178,-8,
-146,71,
-126,21,
-161,-43,
-56,-15,
53,197,
97,371,
133,531,
-100,655,
-308,556,
-245,151,
-213,-147,
-201,-193,
-81,-54,
13,41,
-20,87,
-39,72,
32,88,
52,45,
218,50,
255,8,
120,64,
25,81,
-2,107,
56,70,
50,-26,
-22,1,
-10,3,
-25,135,
-33,45,
-22,11,
-55,54,
13,104,
-73,64,
-61,61,
-175,10,
-193,-17,
-106,-46,
-29,19,
-61,125,
-46,146,
-4,176,
24,126,
58,147,
-19,79,
8,-18,
-43,-29,
-18,11,
-24,65,
-12,29,
-42,35,
-87,72,
-49,158,
-49,76,
-37,50,
-84,37,
-120,157,
-188,154,
-105,85,
-62,102,
-58,-33,
-94,-21,
-65,-8,
-73,45,
59,126,
-41,60,
-65,98,
-134,6,
-82,-51,
-32,17,
-8,35,
-30,18,
-57,37,
-9,4,
0,16,
-23,65,
-18,-15,
-57,-21,
-28,-28,
31,24,
37,110,
-22,40,
-55,63,
-131,68,
-30,79,
-35,30,
00>
_________________________________
00>
00>
Printing STS1 CIR
00>
00>
_________________________________
00>
17,5,
-23,24,
-18,-25,
-90,67,
-39,35,
43,85,
58,0,
27,0,
7,35,
51,-36,
10,24,
-61,5,
11,-38,
-7,-65,
-21,-24,
-18,44,
6,41,
49,19,
1,71,
5,32,
39,18,
15,28,
-11,2,
-29,41,
-59,9,
16,0,
17,30,
32,13,
-11,-23,
-9,-11,
3,21,
17,37,
16,24,
-10,25,
-20,-30,
-17,51,
-17,21,
24,19,
52,1,
-14,-14,
-9,10,
-19,-38,
0,1,
15,17,
12,23,
-60,41,
-53,67,
6,34,
27,-36,
2,25,
-27,-3,
-17,23,
-44,31,
31,8,
79,34,
64,20,
41,16,
72,-30,
24,-20,
1,-12,
20,12,
17,69,
-17,59,
-18,42,
6,-16,
33,63,
45,114,
-26,76,
-14,16,
-7,-13,
7,-27,
-19,-54,
-31,-37,
-23,-38,
10,-13,
-22,16,
-47,-33,
-18,-26,
15,-30,
-13,2,
34,24,
16,-8,
-19,-10,
-43,3,
-23,39,
-21,71,
1,58,
-30,16,
-40,19,
-25,35,
41,70,
21,44,
-60,7,
-47,2,
-21,38,
11,12,
5,31,
27,-4,
12,45,
-30,25,
3,12,
24,15,
89,-28,
49,26,
12,40,
-19,73,
5,6,
99,-89,
32,-30,
39,26,
16,9,
52,-27,
18,-34,
-18,26,
-30,32,
-17,59,
-27,0,
-18,10,
-73,28,
-53,-35,
-76,-22,
-13,13,
-57,7,
-27,4,
-28,16,
12,15,
25,-47,
3,-67,
10,-3,
-20,47,
-64,37,
-30,-4,
24,-1,
9,46,
-62,26,
5,13,
-49,-38,
3,13,
-38,47,
3,70,
45,-8,
-3,15,
-20,-58,
7,15,
-4,53,
-35,66,
-31,31,
-47,-42,
-7,19,
-12,68,
-12,85,
-40,9,
-38,0,
8,37,
19,5,
18,53,
-11,88,
17,28,
23,7,
-19,-30,
4,-5,
13,29,
66,16,
10,13,
6,-3,
-14,24,
30,30,
71,-21,
10,-11,
-38,46,
-64,-9,
-52,-25,
63,5,
110,-37,
6,-49,
-33,5,
50,-15,
-5,-14,
15,44,
48,45,
63,24,
-6,0,
-54,20,
-63,8,
-58,-3,
-53,-17,
-53,83,
8,-9,
23,-3,
45,34,
10,51,
-31,59,
-52,29,
-18,29,
-68,-33,
10,-22,
3,2,
-23,-5,
-43,8,
50,-1,
52,27,
14,-16,
3,-68,
-34,-15,
68,44,
77,76,
46,40,
12,-27,
-32,5,
-13,24,
-11,9,
24,19,
13,19,
41,-9,
-13,-7,
-30,-27,
9,13,
5,-20,
-15,-9,
13,-15,
80,1,
65,-8,
-45,-12,
-19,-1,
-17,-23,
6,21,
62,17,
53,81,
9,57,
55,36,
83,17,
24,10,
-26,14,
-5,31,
-16,62,
-15,64,
-54,26,
-51,17,
-33,75,
28,50,
-11,57,
-13,44,
9,-40,
-22,-40,
22,-28,
51,0,
78,67,
71,68,
85,54,
-11,-4,
-23,-19,
-28,-3,
6,-30,
19,-14,
39,8,
29,10,
50,56,
0,6,
-76,-12,
-34,46,
4,7,
8,51,
-22,68,
-3,25,
33,36,
73,15,
48,19,
19,47,
0,14,
-2,-27,
-26,-40,
-6,-11,
-41,22,
36,-1,
21,-16,
29,24,
17,64,
-1,33,
45,101,
8,-3,
26,25,
-23,28,
63,44,
119,-1,
104,13,
19,-8,
-3,34,
15,-9,
29,10,
17,31,
55,27,
-1,113,
-9,28,
-1,0,
55,35,
48,21,
21,4,
2,-14,
-19,18,
5,13,
-2,-22,
-9,36,
42,-42,
-7,-6,
-41,20,
-46,11,
40,30,
46,31,
11,46,
14,32,
-13,-7,
29,16,
-16,11,
-24,19,
18,-52,
24,31,
-22,-6,
93,11,
89,-51,
49,-43,
16,3,
-22,35,
-14,46,
30,19,
82,-5,
65,25,
110,70,
68,70,
52,80,
41,-2,
7,-2,
20,-23,
68,-49,
18,113,
-20,80,
32,97,
-1,40,
-45,41,
-33,5,
-34,17,
-1,-27,
-4,-35,
22,24,
-30,-6,
-17,24,
-21,4,
-7,30,
9,11,
-20,88,
-14,-25,
3,-59,
18,85,
9,59,
-1,17,
24,0,
30,-32,
-30,-222,
106,-1556,
1177,-6119,
2675,-7881,
2652,-6966,
-743,-1105,
-3646,1821,
-2743,240,
-726,-2722,
-141,-5385,
-863,-5304,
-1373,-2665,
-828,-510,
50,-305,
958,-1171,
1245,-1641,
769,-756,
313,219,
266,825,
777,364,
1322,566,
970,642,
191,499,
-576,83,
-364,-408,
111,-463,
409,-129,
359,184,
226,283,
86,237,
65,255,
-68,375,
-194,407,
-197,534,
-204,576,
21,149,
153,244,
92,511,
-33,505,
102,367,
229,132,
290,-236,
387,-258,
334,86,
267,225,
61,259,
-24,355,
-20,416,
77,258,
160,267,
152,265,
49,61,
36,27,
42,-4,
62,33,
28,58,
-73,153,
-234,207,
-316,230,
-244,82,
-90,22,
-11,-24,
-21,-52,
-49,-81,
66,-47,
203,34,
332,185,
286,133,
174,178,
39,117,
96,-11,
211,71,
151,244,
76,282,
-34,251,
-30,309,
50,380,
48,552,
-173,780,
-400,711,
-220,273,
-56,-55,
-30,-192,
-60,-9,
-69,5,
-124,120,
-87,82,
-32,-9,
-92,-90,
2,-207,
24,-13,
52,268,
-39,271,
-88,152,
-169,58,
-17,35,
53,44,
66,81,
74,101,
23,32,
38,37,
49,77,
56,72,
10,126,
13,183,
110,216,
79,207,
69,204,
10,116,
-7,140,
6,125,
80,211,
5,179,
-67,193,
-52,146,
-42,-7,
36,42,
-10,133,
51,184,
48,159,
46,145,
27,151,
30,206,
-19,89,
37,45,
25,54,
8,137,
23,111,
-35,121,
-46,139,
25,141,
49,82,
33,107,
-90,184,
-119,217,
-46,137,
17,135,
43,122,
-1,117,
-2,127,
-18,113,
33,72,
52,187,
34,104,
-1,76,
-27,49,
-15,105,
56,69,
84,79,
77,85,
39,133,
2,100,
-3,86,
-28,88,
40,145,
48,162,
00>
_________________________________
00>
RX Timestamp: 158275294345
00>
Clock Offset: -1063.728 Hz, 0.133 ppm
00>
RX Timestamp: 159346951012
00>
Clock Offset: -1383.591 Hz, 0.173 ppm
00>
_________________________________
Sequence Number: 84
00>
00>
Printing STS0 CIR
00>
00>
_________________________________
00>
-8,10,
4,-11,
18,31,
12,-18,
27,-24,
-42,1,
24,12,
13,3,
18,12,
-34,45,
-28,56,
-23,45,
0,0,
28,26,
44,28,
28,-22,
6,8,
-35,-14,
10,-64,
5,-51,
-40,-76,
-20,6,
9,14,
-1,20,
-1,-3,
7,-8,
38,-1,
-18,45,
10,-2,
37,-2,
31,-35,
-13,-5,
3,-2,
5,-68,
8,-21,
-17,-57,
2,-31,
44,47,
22,17,
31,-15,
2,2,
8,6,
10,29,
20,17,
12,-6,
4,-20,
2,2,
42,8,
-3,-10,
28,56,
-23,0,
-18,18,
-23,2,
6,-58,
15,-13,
25,-37,
-2,9,
-26,15,
22,-51,
41,-29,
4,2,
-41,25,
-40,-16,
-6,4,
7,1,
43,18,
30,19,
18,26,
39,23,
1,37,
1,58,
21,-5,
4,2,
-5,-10,
18,-16,
66,19,
5,1,
-12,2,
2,-12,
45,-11,
1,13,
36,116,
38,57,
42,57,
44,57,
13,15,
3,-7,
-30,35,
-5,3,
19,-39,
35,-33,
57,-18,
1,-5,
12,48,
-12,34,
-53,21,
-19,-4,
7,20,
-5,77,
11,92,
40,87,
-22,-14,
-18,-46,
-13,-30,
5,-9,
-18,-5,
9,-14,
-58,5,
-7,6,
2,42,
38,40,
15,22,
-12,11,
24,-74,
72,1,
81,-14,
50,-19,
-19,-7,
8,-41,
15,-49,
11,1,
-39,13,
-69,-18,
-31,19,
-5,1,
15,-4,
36,-1,
-9,38,
-17,8,
12,24,
-23,31,
-28,25,
-1,50,
-53,30,
-9,18,
12,12,
-5,1,
-18,-17,
-27,4,
28,21,
-10,19,
6,5,
0,-23,
-18,-16,
6,1,
5,39,
94,46,
127,51,
147,59,
-10,45,
-46,5,
-17,0,
-7,-3,
3,-25,
-34,-64,
-20,18,
8,16,
81,3,
4,20,
19,3,
-9,6,
70,41,
-6,30,
38,-6,
35,33,
38,76,
-24,65,
-37,17,
-18,-9,
-16,42,
23,-10,
4,21,
-1,-5,
9,-3,
-32,-24,
-13,18,
-9,1,
-16,78,
87,19,
27,32,
42,32,
33,4,
-14,-14,
-42,-2,
6,0,
9,-17,
-28,-10,
-17,13,
10,4,
18,0,
-3,7,
-5,-9,
10,-11,
-22,-13,
13,17,
-22,44,
39,44,
-47,30,
-11,34,
-24,10,
9,-2,
4,6,
15,-26,
62,-44,
10,20,
38,-5,
16,27,
-8,-28,
14,3,
9,10,
-40,13,
-27,16,
-25,-3,
-59,4,
13,10,
22,4,
5,-3,
-12,13,
-94,68,
-48,38,
0,-6,
-20,-10,
-20,-42,
25,-3,
19,19,
38,42,
-28,29,
-11,31,
-1,30,
-15,-20,
21,-72,
24,-24,
-9,10,
-8,7,
30,53,
48,-11,
1,-1,
-15,-10,
-28,44,
18,5,
10,-3,
6,27,
-26,3,
-20,24,
-47,-26,
-49,6,
-28,0,
17,-3,
-5,3,
43,-16,
20,27,
10,-4,
3,11,
-25,28,
-19,58,
13,-32,
15,9,
12,-32,
-81,33,
-30,36,
-57,6,
25,64,
37,24,
-23,-1,
-12,-2,
-27,-30,
44,-14,
-12,-5,
5,-27,
15,0,
19,-16,
36,14,
-4,11,
-35,-5,
-63,-20,
-20,-7,
12,-4,
-1,-28,
-13,57,
-14,36,
-12,10,
18,-7,
23,-40,
35,-3,
3,16,
-2,3,
-24,43,
10,9,
0,-2,
13,7,
-62,25,
-72,-6,
-75,-37,
-108,56,
41,20,
28,23,
11,-7,
29,28,
47,62,
30,29,
-9,-5,
-53,2,
2,-45,
25,6,
14,-3,
35,-6,
35,11,
24,-17,
-15,-67,
29,18,
-19,19,
-12,-13,
-2,18,
21,-6,
-3,-4,
-14,-26,
1,4,
41,-25,
44,11,
-8,-2,
1,13,
9,-12,
-28,23,
-14,37,
-39,9,
2,28,
22,39,
-9,12,
9,-10,
-53,29,
26,8,
-24,-3,
8,-9,
19,-24,
-10,6,
-34,15,
-15,13,
14,14,
1,28,
8,29,
-22,11,
-18,-49,
19,-19,
5,3,
12,1,
5,-11,
35,-59,
31,-38,
4,-2,
-20,25,
-16,21,
0,8,
7,65,
116,2698,
-996,8010,
-1778,7969,
-2398,7872,
-1431,3987,
346,-1192,
276,-578,
30,30,
490,-35,
2639,-1339,
1619,-1098,
10,-81,
-1231,707,
-2321,1213,
-864,376,
-55,6,
155,-394,
-498,-52,
-919,-231,
-1441,-458,
-1232,-248,
-13,-471,
268,-345,
52,3,
6,62,
-171,21,
63,-338,
-14,-107,
0,-264,
-125,-225,
-97,-68,
-5,-45,
-126,-729,
-95,-106,
37,7,
175,-21,
255,-123,
146,-104,
-15,-92,
-49,-45,
-267,-65,
-616,-135,
-420,-28,
-34,-61,
59,-229,
541,-395,
469,-194,
40,-6,
106,41,
-50,50,
74,43,
120,31,
157,-280,
107,-311,
94,-173,
-7,-23,
77,-48,
223,-149,
83,-7,
-8,40,
-181,124,
-300,233,
-178,176,
-4,68,
-88,642,
-250,-19,
-213,-112,
-261,-196,
-28,-887,
15,-585,
71,-242,
24,-2,
134,-5,
358,-208,
476,-494,
34,-96,
797,-641,
1446,-905,
645,-294,
43,-6,
60,304,
-7,1,
-3,-43,
-40,-121,
13,-282,
-59,-113,
-14,-35,
-4,-14,
35,-75,
70,-122,
125,-54,
17,-3,
87,-26,
85,-29,
44,6,
20,-4,
53,-173,
-36,-20,
38,23,
-12,5,
-60,-173,
8,-163,
45,-74,
-7,-25,
13,-21,
-37,-29,
40,-59,
3,-11,
99,-112,
124,-77,
45,-41,
11,-21,
75,-142,
117,5,
54,1,
98,-14,
134,-120,
102,-162,
44,-73,
-9,-23,
5,-24,
95,-183,
31,-44,
11,4,
32,20,
16,22,
11,-15,
13,-10,
14,-31,
9,35,
-11,35,
-23,-31,
98,-139,
92,-99,
32,-60,
5,-6,
-12,6,
-78,-37,
-33,-19,
-8,9,
74,-23,
60,-40,
-47,-7,
-9,-14,
-97,-169,
-131,-59,
-100,-39,
-161,-86,
-61,-202,
-7,-94,
13,-42,
7,-4,
29,-6,
150,-63,
116,-97,
3,-22,
6,-41,
-43,-66,
-5,-36,
00>
_________________________________
00>
00>
Printing STS1 CIR
00>
00>
_________________________________
00>
13,-8,
22,-22,
-22,-19,
-43,0,
-12,-19,
-10,16,
8,37,
9,27,
3,40,
50,63,
-19,0,
-15,-6,
16,25,
-1,52,
-26,68,
-12,58,
-9,10,
-2,108,
-52,20,
-39,0,
-7,3,
16,-19,
27,31,
-7,1,
-1,1,
1,-18,
25,46,
18,16,
-15,-2,
-15,-19,
10,-31,
8,4,
40,-8,
14,18,
-29,22,
-55,23,
-79,-13,
-5,33,
12,-9,
18,-4,
-13,27,
28,43,
71,-1,
30,-5,
16,18,
-8,18,
-4,13,
0,-24,
15,-7,
-19,-5,
-5,-24,
30,20,
41,41,
-21,65,
-27,13,
3,7,
1,21,
20,44,
5,20,
-9,-15,
11,-5,
-12,-18,
-30,2,
-2,2,
-13,1,
-8,-29,
-22,-3,
-58,35,
-64,6,
-16,4,
-6,52,
-16,-3,
41,-4,
133,-35,
131,-6,
36,12,
3,-8,
-24,11,
37,15,
51,21,
6,-7,
-17,47,
22,30,
22,18,
53,15,
-1,-31,
25,15,
3,2,
4,4,
15,34,
18,50,
42,35,
5,2,
-28,12,
-17,-5,
9,-1,
14,17,
0,4,
20,66,
50,60,
46,58,
5,1,
1,-37,
-8,-9,
27,2,
63,24,
41,-11,
29,8,
14,11,
-4,20,
-29,14,
-33,8,
-5,22,
3,46,
-62,20,
-50,-36,
-56,-17,
16,6,
48,20,
5,28,
-7,-8,
57,-1,
54,-17,
21,1,
-8,21,
-6,42,
-7,35,
-20,5,
-9,5,
22,44,
17,18,
44,-12,
49,6,
51,59,
28,-18,
-4,25,
24,11,
-14,1,
-8,-21,
16,26,
10,-2,
-14,10,
75,-41,
43,-23,
18,-4,
3,-25,
-6,57,
42,62,
36,77,
31,-13,
-52,31,
14,10,
-21,32,
4,-9,
25,-32,
0,-26,
-13,-8,
20,37,
33,17,
38,35,
-5,16,
-25,0,
65,-37,
33,-41,
62,4,
-6,6,
-32,-31,
23,4,
4,45,
-35,48,
-45,85,
13,21,
14,5,
0,6,
14,-4,
26,-21,
16,17,
31,64,
81,2,
-2,32,
83,21,
34,4,
26,-14,
4,5,
2,-25,
20,-11,
0,32,
20,39,
9,26,
-8,8,
-32,-3,
15,-5,
5,-11,
-32,2,
8,17,
30,12,
43,32,
8,64,
15,5,
-4,-6,
-8,3,
-12,55,
6,52,
22,32,
2,9,
21,19,
2,13,
8,16,
10,-24,
-3,12,
-68,-9,
-95,7,
-71,37,
-16,-20,
25,11,
4,-6,
1,-30,
60,-48,
66,-33,
32,-6,
26,-2,
-8,11,
-7,18,
-18,9,
34,8,
22,-78,
42,41,
109,42,
96,34,
58,32,
-15,29,
9,15,
-29,30,
9,80,
-42,94,
-2,52,
5,-7,
10,30,
1,-17,
-35,6,
25,-4,
26,-4,
83,-11,
37,8,
34,43,
45,14,
42,-15,
24,5,
12,13,
-45,5,
-69,-20,
-18,24,
19,19,
11,33,
9,31,
-9,32,
0,14,
21,-26,
-15,47,
23,29,
6,41,
3,20,
49,1,
-3,9,
31,-7,
36,0,
-12,-7,
20,20,
-7,20,
11,-3,
50,-17,
1,14,
1,22,
0,-21,
-6,-16,
21,-12,
17,-36,
-26,18,
-39,42,
5,14,
13,15,
-14,3,
5,-77,
-10,-35,
8,5,
28,-6,
65,-3,
-22,30,
14,6,
38,40,
14,37,
9,45,
15,19,
8,-16,
-11,8,
0,0,
-16,-15,
66,-15,
45,-12,
30,11,
26,12,
0,6,
-6,6,
-17,10,
4,-6,
-3,-37,
-8,2,
-3,0,
34,-30,
-9,23,
38,-13,
-1,3,
16,15,
13,-24,
24,4,
-29,-17,
15,1,
42,0,
24,10,
7,-13,
-11,-11,
6,-47,
20,36,
106,54,
21,54,
29,-13,
-37,22,
25,-15,
18,-23,
36,-13,
1,-8,
-27,35,
7,7,
-13,4,
-6,-7,
-22,-28,
0,5,
19,24,
12,24,
22,3,
14,-5,
37,6,
1,38,
15,26,
44,-20,
2,-26,
-26,-13,
-13,-11,
-8,-1,
33,0,
23,5,
5,30,
19,159,
37,1931,
-1532,7968,
-2716,7981,
-2596,7293,
548,1202,
1645,-1249,
23,-212,
-1184,-381,
-2723,-1895,
-2088,-2524,
-570,-914,
-21,-170,
359,-258,
1760,-915,
1793,-828,
286,-116,
-106,19,
-1137,-208,
-1340,-442,
-2039,-870,
-907,-823,
-757,36,
50,-59,
436,12,
246,111,
-148,-199,
-81,-366,
24,-142,
26,-101,
-641,225,
-836,432,
-80,155,
246,702,
570,253,
377,120,
290,21,
183,-33,
-30,29,
-33,104,
-396,132,
-806,-107,
-587,-544,
-67,-300,
52,-49,
58,-19,
-168,-2,
-329,111,
-73,73,
104,373,
363,43,
220,18,
278,-104,
193,-452,
384,-434,
47,-57,
-40,-55,
-454,-555,
-585,-899,
-250,-473,
-16,-86,
-9,-57,
-84,-21,
-193,166,
-112,93,
-67,191,
62,22,
196,84,
375,139,
370,160,
193,77,
27,21,
83,32,
104,-58,
-87,-358,
-124,-348,
9,-116,
223,-224,
1110,-633,
1089,-439,
185,-28,
47,196,
-19,57,
43,36,
55,87,
32,135,
-45,100,
5,21,
76,86,
82,71,
47,126,
75,80,
19,19,
47,1,
148,-19,
83,9,
-2,9,
-7,-65,
12,-19,
-32,-16,
-40,12,
-102,-103,
-37,-56,
3,-23,
63,1,
-19,12,
-17,42,
38,38,
9,15,
30,11,
100,-17,
113,-24,
23,5,
60,67,
105,25,
27,4,
94,60,
43,18,
24,19,
4,-6,
-13,-17,
-61,-109,
23,-81,
20,-55,
23,0,
25,-35,
79,-46,
152,-15,
64,0,
59,44,
12,1,
56,-27,
125,-33,
126,-165,
91,-78,
-14,10,
-90,22,
-129,3,
-61,-1,
26,32,
22,19,
-12,26,
-25,13,
-9,-37,
23,-8,
11,-69,
30,-11,
10,13,
46,8,
19,-77,
69,-95,
1,-6,
68,-3,
54,-2,
53,-14,
60,35,
-10,19,
26,4,
99,-25,
11,13,
00>
_________________________________
00>
_________________________________
Sequence Number: 87
00>
00>
Printing STS0 CIR
00>
00>
_________________________________
00>
7,4,
-58,22,
1,-29,
26,22,
42,-28,
-5,-29,
-4,-4,
40,-23,
-11,-57,
-13,-21,
-7,-16,
-4,-4,
-21,61,
-25,27,
-4,-15,
-5,-11,
-8,-41,
-7,-22,
0,-21,
33,-40,
24,30,
-22,37,
-41,68,
-30,99,
-25,19,
-36,73,
-7,38,
-14,26,
11,83,
-1,41,
54,-42,
69,-47,
1,-40,
8,-2,
3,26,
38,-34,
-46,-13,
-62,-9,
34,-31,
47,-50,
12,-21,
12,-15,
-26,-42,
-46,-36,
-36,-19,
-43,76,
-53,-6,
-23,57,
17,33,
35,-24,
-10,-24,
-1,-4,
0,5,
-46,5,
-27,-43,
10,1,
-3,-83,
-34,-94,
-15,-80,
10,-4,
-17,-52,
37,-97,
29,-78,
-2,-8,
3,24,
-41,-30,
-4,6,
48,1,
33,-5,
7,-38,
25,18,
-24,16,
-42,39,
29,33,
-40,17,
7,-23,
53,-21,
68,-8,
55,22,
47,-15,
15,-35,
3,15,
22,-31,
-4,-49,
5,-10,
-68,-70,
-61,16,
-3,-2,
4,-12,
-31,-29,
-36,-15,
-17,-13,
-36,16,
22,-34,
-3,-45,
-25,31,
12,-2,
-5,-64,
27,-15,
-29,27,
-24,40,
-30,72,
-18,76,
3,32,
23,-54,
43,-27,
39,-2,
21,-11,
33,-75,
9,-39,
-32,16,
-29,-2,
-5,-8,
-4,-4,
-34,-52,
-6,-59,
-1,-48,
-13,-56,
-22,-4,
-77,16,
-27,-11,
42,7,
-2,9,
-1,-25,
-13,-37,
-5,-42,
-36,5,
-24,10,
28,-20,
17,-52,
-12,-27,
2,-19,
-21,-19,
14,-33,
9,-52,
-5,-62,
-61,-41,
23,-38,
-37,-62,
30,7,
16,39,
-10,51,
49,24,
69,-40,
15,-24,
-31,15,
12,31,
4,7,
25,53,
-13,-31,
18,23,
65,29,
-19,-33,
-68,-22,
-19,72,
-107,7,
-89,5,
-34,-56,
-10,5,
83,5,
-53,20,
-41,-7,
-59,-2,
-49,-91,
-9,-56,
-52,2,
6,17,
-15,20,
-26,-43,
46,-32,
48,-4,
8,30,
-5,30,
-18,-20,
2,0,
5,34,
-9,33,
-30,-21,
-11,-5,
37,-45,
-22,59,
-82,27,
-39,45,
-69,50,
6,49,
-8,-12,
-16,-52,
0,-4,
-6,-13,
-5,-15,
-16,-40,
-46,-29,
4,12,
-30,29,
-13,4,
60,-1,
-7,-23,
68,-10,
32,16,
23,-38,
-22,-88,
-4,-99,
-44,-55,
-26,-22,
15,33,
26,96,
6,34,
3,-24,
24,-69,
-12,-34,
17,-40,
-44,-72,
-30,20,
81,19,
2,3,
-47,4,
25,-60,
67,-13,
-18,0,
8,-11,
-75,-65,
18,-17,
-31,69,
-5,-16,
3,31,
27,16,
-41,-9,
-30,41,
-9,0,
-22,49,
-44,-18,
-45,-4,
63,-11,
-3,-21,
-13,42,
-29,54,
21,-10,
40,-14,
49,46,
-27,56,
22,25,
26,-73,
6,-88,
3,34,
5,7,
27,15,
-5,-20,
-39,35,
11,50,
3,99,
0,54,
-7,15,
-65,-74,
-9,-16,
-19,56,
-25,39,
49,26,
37,20,
33,47,
26,46,
33,29,
35,72,
8,19,
-22,25,
8,33,
41,18,
23,25,
3,18,
35,-33,
-25,-14,
36,-13,
-37,-32,
-31,29,
5,-25,
-20,-1,
-19,3,
18,-37,
8,-8,
-17,-4,
-37,4,
-4,47,
13,62,
-35,-12,
-5,-6,
33,-50,
22,-33,
-75,-6,
-39,-11,
31,-11,
-1,12,
21,-12,
22,-26,
46,12,
-38,105,
-46,113,
-11,48,
11,-7,
-10,-55,
-31,-17,
-6,-25,
22,52,
-41,-7,
-65,-51,
-41,-100,
-19,9,
16,15,
-43,-9,
-45,-73,
7,-24,
21,-3,
-56,27,
-17,-22,
-10,35,
7,56,
15,-23,
-11,-71,
-40,66,
-11,87,
-9,-5,
-17,-54,
29,-38,
8,-28,
28,1,
11,-64,
35,-37,
60,11,
52,-66,
26,-55,
14,-41,
-10,94,
-21,86,
9,-9,
-10,19,
20,-4,
-13,14,
21,-7,
30,-36,
35,-15,
7,5,
7,32,
-8,31,
-55,69,
-13,8,
8,-48,
36,17,
63,11,
13,-27,
10,3,
22,-22,
-3,-27,
9,-8,
33,-54,
-10,-12,
-26,5,
44,2,
72,-25,
1005,463,
5507,2883,
7347,4732,
6863,5078,
2392,1773,
-809,-2582,
-106,-1957,
494,728,
-618,2797,
-2145,2974,
-1639,1671,
-591,431,
-570,-583,
-1104,-1442,
-1007,-1441,
-300,-519,
180,208,
132,732,
-467,797,
-867,1327,
-296,2076,
-38,1435,
-105,335,
-125,-71,
107,83,
198,110,
57,-69,
-228,-195,
-301,-289,
-266,-132,
-25,139,
-36,51,
-143,-222,
-128,-474,
31,-177,
-64,30,
-50,61,
11,-99,
-64,-68,
-90,112,
-176,411,
-257,233,
-39,-134,
2,-232,
53,-188,
13,-209,
-19,-134,
-30,-30,
20,-10,
50,-31,
23,-64,
-14,-71,
-225,-244,
-91,-267,
136,-207,
136,40,
19,-45,
-239,-215,
-395,-267,
-291,-254,
-167,-216,
-54,-138,
162,-6,
178,1,
140,75,
-95,255,
-234,326,
-220,283,
-153,6,
-60,-231,
-36,-248,
-25,-131,
58,-100,
55,-139,
-176,-41,
-335,-8,
-477,-74,
-587,-246,
-483,-480,
-132,-295,
115,-111,
299,-31,
38,-87,
-39,-56,
-166,-24,
-107,-33,
-67,-17,
-50,12,
-94,259,
-110,262,
-71,73,
-12,-93,
-63,-76,
-60,28,
-91,46,
-41,-10,
-70,32,
-1,-86,
46,-10,
65,-24,
45,-53,
-41,-78,
-28,-132,
26,-89,
29,-118,
41,-178,
-15,-137,
-6,-91,
-30,-59,
-72,-59,
-69,-12,
-40,-18,
-128,-16,
-126,-26,
43,-39,
8,-14,
22,-91,
12,-18,
-39,-23,
-12,-1,
-54,-20,
-47,-34,
-37,-84,
-50,-119,
-34,-149,
-91,-233,
-127,-188,
-83,-156,
-51,-109,
-47,-85,
15,-70,
15,-103,
-21,-112,
6,-127,
-15,-76,
-10,-64,
2,-107,
-1,-92,
-25,-17,
22,-6,
0,-97,
44,-28,
3,-12,
21,42,
19,-3,
52,-19,
30,-28,
-2,5,
-56,1,
-6,-63,
-31,-61,
-58,-48,
-81,-91,
-15,-122,
-8,-97,
0,7,
00>
_________________________________
00>
00>
Printing STS1 CIR
00>
00>
_________________________________
00>
13,-34,
23,-12,
-2,38,
23,41,
-1,36,
-2,-67,
12,17,
-10,33,
26,-3,
38,64,
85,22,
26,14,
16,14,
40,57,
-27,61,
-31,37,
19,-36,
5,-42,
24,-2,
59,19,
53,27,
109,26,
60,0,
29,-33,
27,28,
75,26,
0,13,
-11,-20,
-19,-5,
-5,17,
-46,-45,
-68,-11,
-3,8,
45,11,
24,-36,
33,3,
47,34,
-6,30,
-43,35,
7,20,
36,29,
66,75,
-17,38,
-15,-11,
24,5,
-34,36,
-96,-1,
22,-56,
33,8,
27,-17,
-22,-16,
-1,10,
40,-27,
56,61,
-14,72,
18,-4,
-21,-5,
-14,-47,
-53,-103,
3,-46,
71,-47,
79,-19,
17,-4,
-43,12,
-25,7,
13,-12,
33,-7,
34,-12,
4,-29,
34,-59,
43,-19,
60,-9,
43,-4,
-9,8,
-35,-58,
22,-9,
17,38,
3,6,
-4,-62,
21,-62,
-6,14,
-24,30,
-22,12,
14,-1,
-21,-29,
-63,-8,
42,-92,
49,-71,
9,-6,
-9,35,
-46,27,
-1,5,
14,-4,
32,-8,
51,-50,
71,-47,
17,-1,
-9,34,
-1,-7,
36,38,
-9,-4,
-8,27,
29,-7,
-11,14,
-24,-11,
30,-37,
34,24,
-26,30,
-69,77,
-19,41,
20,-35,
17,-20,
11,-16,
-70,28,
63,31,
6,18,
5,12,
12,41,
31,3,
58,-18,
52,-39,
-25,51,
-39,43,
14,68,
10,35,
-14,25,
-21,29,
29,10,
14,-26,
44,-91,
26,-69,
-8,-45,
-35,12,
-9,9,
64,-30,
83,-36,
4,-8,
63,53,
40,68,
54,24,
117,-39,
81,-46,
38,-69,
44,-23,
16,43,
-12,38,
-60,45,
-34,-5,
20,-46,
-3,-37,
-11,75,
-2,40,
-20,-11,
45,35,
39,38,
12,22,
-21,24,
-41,12,
-1,-8,
32,2,
-16,0,
-20,26,
-59,34,
-72,3,
-1,4,
1,33,
13,15,
0,48,
27,44,
4,30,
-25,81,
42,43,
3,-8,
9,-27,
9,-21,
-6,53,
-27,2,
26,-5,
14,-20,
26,8,
-1,11,
13,28,
16,-17,
4,52,
11,-36,
-48,-26,
1,-19,
41,-6,
11,-37,
5,31,
23,44,
83,5,
36,-71,
-5,-46,
-28,19,
-4,23,
-8,43,
51,16,
-9,7,
-60,5,
-67,-13,
-1,-66,
-8,45,
-4,73,
6,35,
10,38,
54,-8,
-23,1,
20,14,
15,15,
-13,14,
-18,-14,
55,-38,
-2,18,
50,-23,
41,5,
51,-24,
30,-61,
3,-60,
-36,-9,
40,25,
37,34,
62,7,
51,3,
21,-16,
-21,-14,
6,45,
38,42,
71,30,
31,58,
5,27,
-46,2,
-26,-4,
86,48,
45,58,
56,23,
-15,0,
17,-44,
8,-14,
-5,-16,
-28,-5,
-36,8,
42,51,
16,1,
-8,-25,
-29,-5,
-17,-22,
-34,-28,
1,-57,
-6,12,
-59,-26,
-35,-17,
5,-5,
32,-5,
27,8,
-31,-25,
-15,18,
35,20,
35,-1,
-13,34,
15,22,
15,13,
19,-1,
-31,11,
-55,12,
-89,49,
-47,-50,
10,-59,
73,-11,
29,39,
-19,-28,
-41,-10,
-3,15,
54,-22,
51,-43,
-7,43,
4,25,
13,17,
-2,0,
-5,-1,
-28,0,
20,-27,
7,4,
-21,46,
-23,7,
62,-53,
72,18,
48,21,
14,1,
-35,-70,
-37,3,
-17,-4,
18,21,
16,35,
10,6,
-14,-20,
-19,-29,
-7,-18,
-1,-34,
-52,20,
-83,34,
-27,-3,
-21,-32,
-49,31,
-66,1,
-44,8,
-3,-34,
-25,-23,
-8,-27,
39,-28,
-49,-4,
-43,5,
-20,36,
-4,-30,
10,34,
12,17,
29,0,
36,5,
72,22,
-60,-5,
-44,18,
-4,50,
-9,3,
-9,1,
2,-23,
-15,13,
24,12,
14,22,
-25,3,
-46,44,
6,-14,
12,-46,
-24,-28,
5,-6,
-50,48,
-20,37,
-4,39,
12,64,
83,-6,
5,-5,
13,26,
-2,-27,
25,-50,
4,-58,
16,-60,
-78,11,
-3,7,
42,54,
-3,2,
-21,-35,
-11,1,
21,-12,
45,32,
-2,12,
-24,36,
140,45,
1064,265,
5013,2174,
7220,4683,
6668,4886,
2155,563,
-870,-3361,
66,-3086,
2547,-368,
5285,1199,
5741,835,
3621,-341,
1076,-673,
270,-55,
799,866,
1259,1410,
633,884,
-192,198,
-877,-126,
-452,372,
-752,886,
-1119,740,
-673,172,
-114,-534,
395,-268,
454,59,
107,268,
-274,180,
-263,123,
-224,89,
-181,5,
-262,-95,
-363,-191,
-435,-281,
-562,-412,
-85,-134,
-127,33,
-454,-105,
-445,-149,
-433,-53,
-256,74,
160,229,
190,343,
-146,348,
-248,145,
-319,19,
-281,-50,
-239,-73,
-174,44,
-235,77,
-349,95,
-59,88,
-12,73,
33,-4,
-12,-61,
-73,-53,
-101,-82,
-100,-223,
-57,-367,
55,-286,
111,-123,
132,-1,
151,13,
141,-52,
88,13,
-6,137,
-247,274,
-177,145,
-139,64,
-32,-31,
110,-62,
-40,46,
-296,49,
-311,-31,
-213,-64,
-334,-80,
-516,-16,
-571,-69,
-737,-257,
-688,-473,
-330,-338,
65,-83,
297,133,
53,-2,
62,-109,
-23,-75,
-6,-111,
2,-14,
108,-7,
179,38,
45,19,
-195,-74,
-197,-91,
-118,-117,
-66,-164,
6,-81,
-47,15,
-56,13,
-135,-5,
-21,35,
-67,23,
-85,-31,
-108,-126,
-60,-64,
-61,21,
-137,89,
-137,21,
-91,13,
-111,-2,
-106,-27,
-168,-7,
-197,-19,
-175,-16,
-102,-54,
-163,-69,
-20,7,
-17,8,
-63,-52,
-98,-112,
-150,-59,
-205,-36,
-178,-36,
-152,-41,
-226,-18,
-153,-54,
-76,-21,
-94,23,
-100,37,
-77,15,
-80,-22,
-55,-53,
6,-10,
-48,-19,
-198,-74,
-125,-117,
-86,-82,
-74,-22,
-55,-32,
-120,-58,
-168,-5,
-130,-58,
-79,-81,
-65,-16,
-107,-22,
-116,-55,
-83,-15,
25,-15,
-1,79,
-64,89,
-98,-9,
-147,-27,
-100,-9,
-82,4,
-69,11,
-71,28,
-118,11,
-90,-6,
00>
_________________________________
00>
RX Timestamp: 297949346869
00>
Clock Offset: -546.741 Hz, 0.068 ppm
00>
RX Timestamp: 299021006088
00>
Clock Offset: -1186.466 Hz, 0.149 ppm
00>
_________________________________
Sequence Number: 219
00>
00>
Printing STS0 CIR
00>
00>
_________________________________
00>
51,-2,
1,27,
-61,10,
25,61,
10,9,
42,9,
37,16,
18,12,
-42,39,
-22,2,
3,18,
-18,10,
-28,-19,
3,-13,
9,12,
39,-8,
21,-2,
-3,13,
-1,17,
65,40,
76,-45,
44,62,
13,3,
23,-4,
40,-53,
-43,3,
-35,-8,
-42,15,
-19,36,
11,-6,
-27,-17,
-11,-15,
-63,-57,
-52,38,
-14,21,
45,-20,
-5,-5,
20,-61,
25,-27,
63,-28,
64,6,
-42,73,
-1,-33,
-21,-47,
-36,31,
-23,22,
-7,23,
-7,-14,
-19,29,
-51,-5,
-71,-8,
-65,-22,
8,43,
24,84,
-35,35,
-18,11,
23,-16,
7,-12,
14,52,
4,8,
11,-48,
11,-43,
34,-11,
-26,-20,
67,-24,
78,10,
81,14,
113,51,
-18,-33,
-50,-51,
-18,-47,
94,46,
26,44,
-40,17,
-85,33,
-57,10,
-6,-29,
-22,36,
-4,27,
-4,55,
2,75,
62,34,
53,16,
42,18,
-48,21,
-17,-15,
-8,23,
60,1,
64,77,
22,79,
47,19,
65,-67,
61,-40,
20,-46,
-11,-13,
42,17,
45,-11,
18,-18,
20,2,
-11,13,
-4,14,
64,-8,
-3,55,
20,72,
27,40,
40,73,
77,7,
-10,7,
61,-41,
22,-16,
24,15,
-3,-11,
-23,-36,
-73,36,
-20,39,
-59,-28,
-12,-47,
-2,50,
-13,-12,
0,26,
51,-49,
-6,1,
-11,-9,
15,54,
41,6,
50,68,
32,2,
42,-48,
101,-50,
64,-32,
8,-12,
85,-5,
-8,48,
-33,12,
-14,-28,
40,-48,
-19,38,
69,39,
71,38,
96,58,
27,-40,
5,-40,
-21,-44,
-49,-14,
-35,6,
-57,35,
-19,30,
-19,-16,
34,2,
44,20,
20,47,
-7,-23,
-50,30,
-51,4,
-53,24,
-18,55,
25,-25,
33,-45,
32,-23,
20,-17,
85,-51,
117,-25,
158,9,
124,21,
-22,-23,
-68,-21,
28,34,
9,-10,
12,13,
30,23,
-32,-22,
-23,68,
-18,9,
-30,-67,
-29,-53,
-47,-30,
-39,43,
76,-16,
57,-21,
95,27,
36,39,
55,8,
-8,-36,
7,4,
-19,16,
-60,49,
-15,-7,
24,-63,
10,-44,
-29,-29,
15,24,
-51,15,
18,-41,
25,-6,
21,19,
35,9,
24,-28,
50,14,
43,24,
-4,17,
45,21,
-52,25,
2,4,
-19,-5,
22,73,
85,34,
19,43,
58,35,
92,-73,
33,2,
103,3,
115,33,
-16,38,
18,-12,
16,0,
6,-10,
60,45,
-39,101,
-34,4,
2,-62,
-59,-52,
-57,-11,
-68,-37,
-39,-33,
-55,-18,
-2,26,
-2,59,
18,57,
-45,6,
-31,-35,
-46,-28,
110,-71,
131,-57,
34,15,
4,11,
2,30,
52,-18,
28,-18,
17,31,
-46,8,
-29,62,
-24,3,
5,14,
-67,27,
-36,-1,
4,-15,
44,-2,
45,3,
49,-11,
55,-34,
11,0,
13,14,
46,-7,
77,-34,
32,-20,
41,-16,
0,-80,
38,7,
20,13,
-57,-44,
-31,-28,
-16,-10,
52,43,
55,24,
30,26,
30,26,
41,-16,
16,27,
22,-11,
-15,77,
-1,22,
-2,34,
24,-1,
48,-27,
62,-16,
-9,23,
-10,70,
28,-5,
44,7,
86,27,
79,30,
8,5,
16,25,
-24,19,
-12,-46,
-38,2,
12,23,
3,-36,
89,-66,
14,13,
3,20,
-19,27,
52,-6,
46,-7,
15,22,
97,5,
31,-19,
-2,-12,
-41,-14,
-7,46,
31,9,
-19,12,
-53,6,
17,-29,
9,-21,
-47,-6,
-104,-9,
-38,31,
-98,51,
45,11,
10,-59,
46,-92,
-6,-4,
-15,17,
15,41,
-52,24,
-21,-64,
-59,-35,
24,15,
50,-9,
94,-53,
12,26,
7,20,
13,-49,
-46,-72,
-44,-6,
27,4,
-23,39,
-57,-13,
61,-44,
4,41,
17,-32,
-10,-20,
1,-91,
13,-31,
8,20,
49,23,
45,8,
48,22,
45,-62,
-13,-68,
32,-107,
31,-28,
53,24,
35,47,
-18,-49,
-32,23,
-7,31,
-6,2,
-48,-2,
16,81,
215,712,
787,4591,
564,8009,
-123,8031,
-155,5574,
1259,-1324,
1792,-1921,
254,410,
-2129,1231,
-3826,177,
-2858,-547,
-999,-326,
-11,-577,
452,-1543,
618,-1829,
419,-810,
42,67,
-377,530,
-863,150,
-1424,108,
-2317,828,
-1418,699,
-582,249,
-31,-87,
11,64,
-66,245,
-7,121,
72,-214,
96,-464,
-26,-301,
-124,44,
-80,36,
16,-186,
361,-451,
275,-105,
41,-19,
-63,62,
-11,27,
26,-97,
-134,-78,
-438,11,
-415,1,
-38,-85,
162,-93,
188,-56,
143,-9,
104,-47,
98,-43,
79,-4,
-53,-10,
-27,3,
-47,-50,
72,-426,
200,-231,
290,-29,
179,105,
143,37,
75,-254,
21,-453,
5,-373,
19,-303,
43,-137,
63,137,
44,226,
-11,168,
-241,89,
-308,7,
-352,-3,
-320,-125,
9,-87,
154,-102,
89,-78,
156,-65,
82,-81,
-46,-179,
-209,-330,
-267,-389,
-173,-609,
123,-723,
238,-417,
261,-86,
359,193,
239,25,
98,12,
44,-90,
2,-117,
-2,-37,
-32,-39,
-117,39,
-229,87,
-207,-9,
-82,-34,
-29,-58,
32,-106,
-84,-123,
-65,-14,
-21,-20,
3,-20,
-21,-32,
-8,-5,
-11,-14,
32,-61,
17,-104,
42,-75,
116,-132,
86,-113,
52,-94,
84,-113,
147,-71,
103,-104,
-46,-122,
-72,-134,
-24,-89,
49,-213,
42,-5,
47,-30,
48,-74,
33,-50,
23,-32,
23,39,
30,-47,
82,-38,
-29,-128,
44,-120,
106,-82,
163,-174,
147,-187,
99,-148,
61,16,
31,-12,
-21,17,
76,0,
73,-105,
39,-115,
76,-70,
68,-51,
36,-70,
134,-44,
64,-32,
-4,-48,
83,-57,
48,-12,
-32,8,
37,14,
36,-13,
49,-77,
55,10,
55,54,
-43,-98,
-35,-58,
11,-76,
-59,-36,
26,-145,
17,-112,
15,-77,
-12,-34,
29,-16,
-5,-3,
-22,25,
-4,-7,
33,5,
00>
_________________________________
00>
00>
Printing STS1 CIR
00>
00>
_________________________________
00>
27,22,
97,12,
39,48,
12,-52,
-29,0,
18,34,
-45,95,
-43,50,
36,-52,
92,-30,
50,-9,
-3,16,
-11,12,
-31,-38,
10,-4,
28,54,
51,72,
72,7,
63,-5,
12,26,
-21,45,
8,140,
28,74,
67,-14,
35,-29,
49,-38,
35,14,
23,13,
9,9,
38,-2,
66,-25,
47,31,
18,111,
-109,62,
-104,64,
-8,-39,
95,2,
1,26,
7,30,
41,19,
-22,15,
-38,-39,
-51,18,
-39,30,
-28,25,
-20,12,
-18,30,
1,20,
-3,-31,
-16,-24,
-66,11,
-24,9,
18,-27,
47,4,
-6,23,
-17,38,
0,98,
-67,84,
0,37,
7,57,
4,29,
-15,-18,
-38,32,
-11,-2,
44,77,
-58,-32,
-44,-49,
-6,-32,
17,-59,
5,19,
-40,88,
-70,-8,
-46,-72,
-23,-43,
-4,28,
-13,47,
-33,24,
-37,-36,
5,14,
13,37,
45,-2,
67,-3,
37,12,
69,31,
-14,0,
-66,37,
-32,75,
1,6,
-48,-15,
-30,49,
-24,-28,
-23,-36,
-8,-14,
-40,39,
18,-17,
-8,-37,
6,-82,
81,-3,
88,-49,
-10,-85,
-12,-50,
-9,-8,
2,-36,
2,-60,
5,30,
30,47,
67,-14,
-8,13,
-34,-26,
57,3,
50,26,
24,35,
-94,88,
-43,50,
-52,40,
-55,7,
-50,-21,
-22,32,
24,-31,
100,80,
19,40,
14,43,
-27,24,
13,26,
16,53,
0,-3,
11,-9,
-26,-15,
-44,-61,
19,-32,
51,-22,
-3,3,
-20,15,
-33,22,
-11,-2,
11,1,
-33,33,
16,30,
7,14,
47,-5,
-17,-43,
-27,24,
-30,-19,
8,11,
51,18,
46,6,
-5,22,
-28,29,
-7,-11,
16,-57,
23,-29,
17,-52,
69,0,
41,70,
-26,28,
-21,9,
-9,-3,
27,0,
21,11,
-7,52,
-21,61,
2,16,
-13,9,
41,-4,
-23,88,
11,24,
13,-38,
-50,-58,
-24,-1,
-8,-2,
0,-16,
-18,-9,
18,41,
-15,58,
-17,21,
-26,-2,
13,-1,
-3,-7,
-16,-12,
10,-56,
-19,9,
-73,40,
-43,-24,
-8,40,
-13,3,
-115,-82,
-82,-18,
-8,-35,
-24,-8,
19,13,
-42,43,
27,-19,
35,-8,
94,27,
47,42,
14,11,
13,-49,
16,-32,
26,-24,
39,32,
-5,-39,
24,-15,
-64,-14,
-20,-7,
43,-1,
-5,30,
0,-48,
22,-22,
37,-52,
25,-23,
37,-6,
-3,30,
-33,-14,
-23,-7,
66,50,
85,80,
34,52,
14,19,
-30,34,
-10,7,
7,5,
-28,-6,
3,-23,
-8,-10,
64,-12,
73,-30,
-8,34,
-8,31,
-11,44,
-55,2,
6,-45,
-3,-8,
24,12,
10,3,
59,-15,
2,-38,
4,45,
16,32,
-6,32,
-19,37,
29,83,
-28,18,
-12,15,
-40,-2,
-19,69,
1,63,
-7,26,
4,10,
40,42,
39,-52,
34,-23,
7,-16,
25,-17,
4,35,
-34,62,
-48,-29,
-27,-6,
38,-6,
34,32,
-35,45,
20,35,
10,45,
-73,-13,
-68,67,
-65,107,
-42,73,
-38,11,
11,-42,
-14,-18,
-20,42,
-33,-1,
36,-25,
17,64,
2,-1,
21,13,
-100,-69,
-84,-22,
-7,-24,
31,53,
-8,54,
-12,-44,
-6,-54,
1,-9,
-37,5,
-18,4,
39,12,
9,-12,
37,-31,
21,3,
59,-4,
1,16,
-19,18,
-48,45,
-7,8,
3,-28,
-26,4,
-30,75,
-63,16,
20,-3,
4,79,
26,20,
54,32,
11,13,
-31,28,
-51,14,
-58,11,
-70,21,
-16,87,
-21,7,
13,9,
-35,-20,
-29,-7,
-80,-3,
5,22,
-3,3,
6,1,
-6,21,
12,27,
17,55,
-18,12,
-32,73,
21,21,
4,31,
31,53,
13,20,
-39,9,
-19,15,
4,107,
-30,-9,
-37,-41,
-9,-17,
29,0,
44,26,
40,34,
11,54,
26,27,
-36,15,
-105,29,
-95,13,
-16,11,
-16,-25,
-29,-14,
-77,-16,
-73,-45,
-40,-22,
12,50,
33,26,
42,48,
0,-34,
-4,-11,
35,-3,
322,680,
1086,3892,
900,7957,
230,7934,
516,4757,
1878,-1701,
2772,-2620,
1937,841,
2070,4437,
2627,5343,
2658,3467,
1593,824,
457,125,
-228,919,
-503,1966,
-408,1518,
-335,297,
-500,-738,
-639,-214,
-1123,-93,
-1589,-185,
-767,-255,
269,-425,
522,89,
229,457,
-161,341,
-290,48,
-303,-143,
-197,-178,
-144,-132,
-118,-235,
-44,-348,
-57,-421,
-19,-782,
-17,-206,
-61,-111,
-192,-491,
-137,-396,
-180,-379,
-259,-173,
-129,260,
-211,400,
-258,284,
-328,-121,
-241,-212,
-157,-282,
-98,-251,
-135,-174,
-205,-146,
-257,-207,
-129,4,
-58,-4,
-34,35,
-24,5,
-98,1,
23,-62,
147,-302,
268,-356,
243,-324,
106,-125,
41,34,
65,48,
100,114,
57,118,
-76,109,
-253,-47,
-286,-58,
-123,-44,
-55,-190,
-1,60,
-95,92,
-191,-30,
-181,-164,
16,-167,
-124,-252,
-266,-377,
-316,-428,
-217,-652,
-10,-880,
126,-589,
157,-59,
222,264,
158,142,
129,30,
140,-35,
103,-126,
97,-151,
121,30,
139,117,
133,1,
31,-209,
-30,-293,
2,-243,
51,-173,
26,3,
-58,111,
-89,15,
-63,-63,
-40,-35,
4,16,
13,27,
76,22,
68,-52,
28,-97,
4,-79,
-87,-103,
-101,-112,
-67,-120,
-13,-68,
-31,-58,
-82,-166,
-94,-271,
-71,-186,
-62,-179,
42,-45,
52,-49,
-25,-121,
-26,-174,
87,-126,
-40,-72,
-75,-60,
-74,-48,
-50,-159,
-92,-180,
-23,-43,
-15,-25,
-27,-65,
-8,-147,
-11,-91,
9,-98,
-21,-22,
-30,-48,
3,-205,
9,-120,
27,-158,
-7,-88,
-47,-118,
-41,-146,
-77,-167,
-46,-109,
-10,-55,
-54,-22,
-60,-71,
-45,-95,
-30,-68,
15,-114,
29,-18,
-15,-16,
-47,-102,
-143,-86,
-73,-93,
7,-49,
25,-90,
-18,-114,
-104,-149,
-77,-101,
-22,-27,
-44,-102,
-22,-140,
1,-113,
-19,-110,
00>
_________________________________
00>
_________________________________
Sequence Number: 222
00>
00>
Printing STS0 CIR
00>
00>
_________________________________
00>
-60,-74,
-23,-83,
16,11,
50,-24,
-18,14,
-32,28,
-3,17,
12,-25,
102,-69,
12,5,
20,50,
-27,-21,
29,21,
-31,8,
-20,12,
-92,-10,
-101,-31,
-17,15,
24,14,
5,18,
6,18,
-41,16,
43,-37,
64,43,
43,3,
-61,-45,
-47,-18,
-42,-1,
54,31,
69,12,
38,-28,
-9,9,
-32,33,
-26,20,
-37,3,
-56,-36,
1,-64,
-30,27,
-30,20,
66,7,
-2,-31,
40,-13,
43,29,
1,-7,
-68,7,
-32,-63,
-36,-47,
-27,-5,
-47,19,
18,13,
-21,27,
1,-2,
-34,35,
-15,35,
24,50,
-43,-23,
-37,-24,
2,-25,
39,-17,
-5,-14,
5,-45,
-1,-47,
-21,-14,
-48,3,
-23,102,
-13,112,
-34,66,
-45,37,
-39,63,
-28,-25,
-73,53,
44,-32,
42,10,
51,-34,
5,6,
39,-28,
12,58,
0,-5,
-12,-17,
-16,4,
7,0,
-39,52,
-28,-19,
-28,-43,
0,21,
25,-64,
-8,-44,
-55,-20,
-57,-49,
-42,-3,
-32,40,
-56,37,
-57,-15,
-9,-62,
-37,-96,
-40,12,
-13,31,
-37,-8,
31,15,
96,-43,
51,-36,
7,3,
13,53,
-20,-17,
-17,-18,
-40,23,
-27,-14,
-7,-86,
-29,4,
5,42,
81,-24,
89,-47,
80,34,
64,8,
21,19,
-48,5,
-25,43,
31,-5,
42,-29,
1,-38,
36,20,
84,-27,
-8,8,
0,8,
-6,21,
36,87,
40,-49,
69,-53,
33,-40,
2,17,
-11,1,
16,40,
5,-10,
-1,-2,
-3,32,
-44,-53,
-13,-77,
-23,12,
-16,56,
8,27,
-30,-30,
-13,3,
-13,32,
0,42,
-20,28,
-34,-38,
-5,-42,
24,16,
-18,69,
-52,81,
-57,82,
28,53,
-10,-42,
-35,-41,
-2,-26,
6,-23,
22,-95,
5,-49,
41,-9,
50,17,
-8,85,
-17,18,
-3,-38,
-57,-64,
-69,-39,
-27,-15,
-9,-50,
38,-7,
18,18,
19,41,
35,76,
31,34,
-19,40,
32,32,
25,19,
-1,-31,
-32,-94,
-10,-52,
-35,23,
18,55,
-21,-31,
35,-15,
21,14,
82,76,
78,65,
20,-45,
-17,31,
-26,13,
-9,-11,
6,6,
50,30,
11,54,
-31,36,
-8,19,
4,-19,
-14,43,
-20,93,
-33,108,
17,98,
-70,11,
-10,-52,
81,-32,
4,52,
-56,-32,
29,-104,
44,-78,
-5,18,
-21,-43,
-28,-66,
-33,-108,
-17,-37,
50,-20,
24,-90,
37,-50,
48,-57,
44,-30,
9,56,
-83,4,
19,11,
27,-37,
30,19,
46,68,
-5,8,
-21,-19,
27,-48,
35,-15,
-35,29,
36,63,
43,49,
30,101,
37,76,
-11,27,
-4,11,
-55,45,
-24,43,
-16,-18,
24,23,
50,62,
14,30,
-39,63,
-40,57,
17,26,
-3,-10,
39,-5,
-2,37,
21,17,
3,1,
19,81,
46,13,
2,-4,
-31,30,
10,-19,
-56,17,
-35,57,
-13,-11,
-38,-29,
-18,-5,
63,33,
1,11,
-21,-44,
15,-36,
30,-22,
71,-19,
-17,7,
-19,9,
27,-34,
18,4,
20,42,
-10,38,
-34,-22,
-49,-41,
-29,22,
20,-33,
-34,-21,
2,20,
5,-1,
-3,17,
21,-81,
8,-13,
54,48,
11,17,
13,71,
-14,-3,
23,-6,
-10,76,
55,30,
65,0,
65,-63,
5,-5,
-9,36,
-18,-12,
-38,-48,
-16,22,
24,-12,
-3,-3,
-47,-89,
-31,-43,
-16,-48,
8,-25,
-23,-4,
-76,25,
-44,55,
-54,9,
-4,9,
-35,-39,
-49,-9,
47,33,
62,69,
18,74,
0,26,
-12,44,
0,37,
36,-58,
17,-12,
11,27,
5,37,
-16,33,
25,33,
5,43,
10,-18,
-3,-56,
4,-27,
5,61,
-43,-28,
-8,7,
-15,-18,
22,8,
20,54,
-54,76,
-101,60,
-9,11,
20,-32,
-46,-21,
-42,-24,
-8,39,
-16,49,
13,55,
-36,9,
-32,11,
-13,21,
-43,126,
-35,106,
-48,53,
-51,-19,
-14,-53,
24,37,
-14,66,
59,54,
16,73,
48,-12,
-28,-5,
-38,34,
21,-16,
32,15,
333,42,
2677,553,
7703,2646,
7795,3752,
7588,4100,
1797,1113,
-2770,-1851,
-1634,-1075,
206,-45,
271,-1381,
-748,-3589,
-1142,-3079,
-421,-383,
420,2077,
817,3143,
418,1974,
30,317,
-281,-365,
-328,450,
-400,1066,
-675,1468,
-486,1077,
-331,-177,
-379,-705,
-103,-320,
212,-28,
104,117,
-320,14,
-464,-14,
-430,30,
-345,148,
-270,169,
-254,39,
-486,-17,
-221,64,
-24,-72,
72,-237,
216,-461,
18,-291,
-239,10,
-296,315,
-384,423,
-349,509,
-293,443,
-230,239,
-310,70,
-307,-372,
-91,-514,
62,-275,
-33,-61,
-6,58,
-27,24,
11,-61,
-144,-150,
-273,-62,
-296,9,
-208,-1,
-137,-81,
-28,-109,
62,9,
74,134,
-7,239,
78,224,
242,97,
350,63,
465,185,
14,173,
-35,110,
-110,90,
-569,-22,
-559,-14,
-324,-177,
-64,-255,
19,-245,
-130,-259,
-446,-344,
-500,-384,
-492,-708,
-394,-1028,
-104,-881,
46,-375,
138,-22,
61,99,
-14,-11,
-19,-20,
-191,-57,
-140,60,
-66,61,
-134,45,
-150,33,
-159,-43,
-49,-42,
-33,-22,
47,-33,
103,-66,
104,-75,
-30,-125,
-89,-167,
-15,-94,
10,-18,
10,-19,
-82,66,
-96,-11,
-123,-104,
-111,-75,
-18,-92,
25,9,
19,107,
-77,84,
-10,-104,
60,-62,
-73,-36,
-86,49,
-101,-30,
-23,-23,
-9,66,
5,19,
-24,-28,
-43,-73,
-51,-92,
-9,-29,
-9,-3,
-77,27,
-35,56,
12,-3,
36,13,
36,-6,
21,51,
-19,7,
19,-43,
68,-34,
33,18,
-12,-5,
-80,7,
-73,-134,
-30,-59,
-28,4,
27,19,
-15,94,
6,81,
-1,-19,
-56,0,
-116,-14,
-105,-31,
-50,24,
-114,-61,
-34,-64,
-14,32,
11,58,
-126,63,
-30,27,
11,0,
1,-20,
-18,-80,
-88,8,
-74,-13,
-64,-71,
-10,-80,
00>
_________________________________
00>
00>
Printing STS1 CIR
00>
00>
_________________________________
00>
8,-6,
2,-47,
-4,13,
30,36,
1,103,
16,99,
14,35,
0,59,
44,17,
20,30,
10,28,
-14,-10,
-47,-16,
64,-64,
36,1,
37,-39,
56,-1,
15,34,
-12,-28,
-27,-65,
0,-39,
-25,26,
-58,31,
20,-32,
12,-35,
-27,-37,
46,34,
22,-7,
39,-10,
-20,-77,
-3,-56,
14,20,
66,116,
-22,80,
-17,14,
57,9,
44,-26,
14,-14,
20,-30,
14,-48,
4,-8,
1,33,
47,-7,
85,-36,
109,-39,
83,44,
-50,46,
-37,-7,
13,-3,
1,32,
18,31,
44,-3,
25,51,
11,59,
-41,82,
-27,-3,
11,34,
7,13,
7,15,
7,0,
48,-56,
16,-41,
-33,-8,
56,15,
30,67,
19,56,
-2,85,
-22,26,
10,37,
-3,-13,
-18,26,
-21,23,
-11,-11,
-81,-4,
-28,37,
-41,103,
-35,62,
-28,1,
-67,-41,
-51,13,
-20,-56,
-8,10,
-2,26,
68,39,
57,-1,
56,-40,
37,-106,
-1,15,
-27,25,
23,31,
62,42,
45,94,
-25,93,
-20,-22,
19,-3,
56,8,
42,79,
43,53,
30,72,
94,112,
22,144,
-57,139,
42,136,
26,87,
74,80,
-9,-14,
13,-22,
-39,-39,
43,-56,
-46,3,
62,-20,
56,-7,
65,35,
-9,40,
-20,90,
89,86,
55,19,
5,1,
-42,-6,
45,11,
111,11,
39,-1,
70,58,
95,55,
67,7,
-12,-18,
24,3,
52,-14,
43,-43,
27,93,
-19,55,
-18,80,
-15,14,
-23,-5,
-37,23,
-12,0,
-17,34,
47,79,
9,105,
5,87,
74,74,
83,19,
-26,42,
-24,40,
-18,-3,
3,-44,
40,-47,
102,-38,
45,-64,
56,-68,
74,-53,
-2,6,
-77,19,
-62,-36,
53,-7,
45,50,
2,98,
-14,106,
5,22,
-17,-17,
-4,-12,
32,9,
4,36,
30,25,
48,61,
21,71,
35,75,
61,87,
33,19,
38,-19,
30,-46,
81,25,
96,43,
26,-6,
-14,16,
27,-29,
54,12,
34,-9,
-7,34,
-22,6,
2,36,
-24,21,
-25,-5,
34,26,
35,23,
48,70,
87,25,
12,-95,
40,-43,
19,25,
28,47,
106,64,
50,32,
-11,63,
-26,9,
23,-30,
35,-98,
10,-70,
30,-44,
19,1,
-15,13,
40,45,
-9,74,
-79,85,
-5,89,
22,86,
85,42,
16,86,
-46,61,
-24,4,
4,28,
3,25,
4,65,
55,44,
74,66,
38,46,
19,55,
0,24,
51,-7,
-4,26,
34,18,
13,91,
25,24,
1,-3,
41,-87,
40,-31,
-58,-58,
-21,28,
-54,107,
-7,68,
-34,8,
1,25,
-33,-16,
-2,-26,
67,64,
33,35,
18,74,
-25,71,
48,28,
37,17,
1,21,
-49,28,
10,-37,
-18,3,
-113,-20,
-54,37,
19,68,
78,63,
24,-6,
-62,-26,
-46,1,
-13,77,
34,65,
3,35,
39,10,
-4,100,
-61,17,
33,-25,
29,1,
14,1,
49,-20,
25,-70,
6,20,
-3,-41,
37,5,
64,45,
36,2,
-13,91,
-13,49,
-4,57,
-19,74,
-19,45,
61,10,
38,-115,
-28,-38,
-28,13,
-42,101,
-27,66,
-21,38,
57,38,
-15,80,
-57,58,
-73,46,
3,15,
-29,-14,
-49,17,
25,-24,
66,30,
55,51,
60,-5,
26,25,
-18,-24,
-37,47,
-34,-9,
-7,-13,
-20,-33,
-26,6,
-8,28,
-12,47,
-21,33,
8,-2,
30,15,
36,29,
46,39,
26,-20,
-30,14,
16,4,
-21,60,
-1,93,
30,-3,
-19,6,
35,-38,
4,22,
10,24,
59,43,
-19,-38,
20,54,
-44,78,
26,15,
-4,26,
-9,-1,
-65,53,
23,28,
1,3,
22,-13,
60,-37,
38,-42,
7,-49,
31,25,
2,-16,
10,24,
52,51,
10,40,
10,6,
-31,-34,
9,-24,
8,26,
45,50,
23,66,
32,60,
5,0,
71,2,
80,0,
72,-4,
-30,38,
-28,13,
0,24,
-5,-2,
37,5,
48,81,
6,66,
27,27,
42,79,
33,15,
283,21,
2193,658,
6654,3523,
7136,5233,
6062,4936,
803,-221,
-1639,-2931,
-908,-737,
-1066,1637,
-2783,2261,
-3549,1358,
-2140,635,
-695,-39,
-433,-1150,
-656,-2596,
-530,-2695,
-160,-1194,
-38,99,
-481,885,
-767,959,
-1387,1429,
-1051,1203,
-461,733,
-140,-142,
65,-403,
93,-159,
-136,99,
-468,-50,
-500,-290,
-401,-105,
-181,486,
97,770,
315,340,
500,-63,
418,-352,
257,-282,
155,-270,
-43,-256,
28,6,
203,238,
241,457,
-57,537,
-333,398,
-313,-17,
-69,-193,
-77,-176,
-217,57,
-112,287,
129,233,
241,19,
130,-225,
80,-227,
-120,-253,
-361,-255,
-220,-275,
-14,-126,
-49,-80,
-417,61,
-704,139,
-592,137,
-420,72,
-290,92,
-244,10,
23,115,
211,200,
102,268,
-21,28,
42,-154,
126,-266,
229,-160,
271,0,
64,17,
40,-30,
-75,-15,
-263,-32,
-384,-68,
-411,-42,
-383,-284,
-231,-795,
14,-914,
91,-410,
51,-1,
55,128,
21,2,
51,15,
109,59,
110,57,
102,23,
59,-24,
44,26,
46,77,
66,7,
143,-68,
124,-26,
54,-69,
15,-42,
-28,-38,
-56,13,
-21,49,
-29,62,
-90,61,
-114,94,
-61,-2,
-16,-20,
-12,3,
-8,48,
-25,67,
5,-1,
88,-16,
76,-21,
14,36,
-8,32,
-26,-74,
98,-43,
127,-52,
83,-63,
48,-62,
-23,-98,
63,9,
35,60,
3,77,
-92,39,
-126,-2,
-27,15,
29,-56,
-54,1,
-66,-93,
-6,-107,
3,-61,
4,-27,
44,-93,
68,-57,
52,-60,
35,-74,
-27,-116,
-13,-112,
7,9,
2,47,
14,88,
76,46,
54,11,
-8,-58,
24,-78,
-74,-78,
-52,22,
-37,-31,
12,-48,
95,-53,
46,-40,
-25,1,
40,20,
-8,-52,
26,-49,
-12,-65,
-6,-35,
89,-36,
25,-10,
6,-66,
00>
_________________________________
00>
RX Timestamp: 438000452685
00>
Clock Offset: -2536.583 Hz, 0.318 ppm
00>
RX Timestamp: 439072072993
00>
Clock Offset: -1576.996 Hz, 0.197 ppm
00>
_________________________________
Sequence Number: 99
00>
00>
Printing STS0 CIR
00>
00>
_________________________________
00>
50,19,
28,-5,
19,-48,
-59,-46,
-44,15,
-45,2,
-4,-11,
1,2,
41,-13,
40,16,
-24,68,
-13,-12,
-27,-22,
16,58,
-8,37,
1,69,
-9,68,
62,-16,
34,-81,
36,16,
-52,31,
-39,-125,
-7,-48,
12,11,
-5,41,
19,-19,
30,80,
48,23,
18,10,
-10,17,
40,0,
10,29,
-8,7,
2,-5,
-33,44,
10,34,
-7,91,
2,39,
8,-28,
-20,17,
16,39,
-6,27,
36,11,
-2,56,
-64,0,
-4,-21,
55,-15,
33,-6,
8,9,
25,45,
58,46,
99,56,
26,53,
-19,57,
-28,14,
-32,-9,
-3,86,
33,46,
26,-18,
8,-39,
-42,12,
-29,-29,
-23,-16,
86,-28,
-63,-40,
-7,70,
13,98,
28,32,
-39,5,
-25,-12,
-58,7,
-42,-10,
7,-13,
5,-9,
-58,30,
-35,-25,
21,-19,
54,-9,
56,13,
83,21,
60,33,
-28,13,
-58,44,
31,9,
74,3,
-35,43,
-62,5,
36,-32,
49,-98,
-13,-73,
8,-5,
-37,7,
-28,-12,
48,-24,
36,-1,
-34,2,
-7,25,
-3,20,
-17,-51,
26,-36,
39,51,
-7,99,
-37,-8,
48,4,
-65,-47,
-21,36,
4,44,
-33,19,
-10,111,
-8,-3,
32,-16,
44,1,
13,25,
53,14,
22,-60,
1,-45,
-36,0,
37,6,
1,-32,
41,2,
-12,30,
-2,22,
-3,79,
-36,-9,
-42,-14,
56,-36,
-14,-14,
-3,-14,
34,-13,
46,30,
92,23,
91,36,
48,-5,
37,29,
6,-19,
-44,4,
-47,-19,
-7,30,
49,28,
-42,49,
-16,-86,
-99,-99,
68,-4,
56,-60,
8,-26,
3,-19,
126,-8,
157,-89,
38,-46,
-19,-57,
-18,69,
13,42,
3,-5,
-1,-48,
-23,-61,
24,-4,
106,-20,
-28,-10,
-36,-8,
-49,-20,
-8,-21,
8,-74,
107,-36,
71,-66,
57,14,
21,-11,
-8,-6,
106,-20,
27,-7,
-3,-33,
-40,-67,
-47,-14,
17,14,
-28,20,
21,-15,
31,-44,
44,-90,
-5,-31,
39,28,
8,22,
64,-48,
54,-13,
68,43,
-23,36,
80,44,
42,-4,
-18,-41,
-42,1,
-87,19,
14,2,
30,-28,
21,52,
-56,79,
-99,67,
-59,34,
-80,45,
-17,-26,
-17,-18,
-84,18,
58,31,
31,-45,
0,14,
11,26,
60,11,
52,0,
-36,-12,
15,79,
-31,69,
19,-38,
66,-38,
59,-47,
18,-13,
-11,12,
16,-37,
-33,-117,
-19,-94,
-70,83,
-69,0,
-45,-17,
78,-19,
70,-21,
28,28,
-49,10,
19,31,
15,-43,
0,-21,
9,38,
-19,66,
-24,4,
-30,-6,
-32,-28,
-32,-128,
-18,-121,
-18,31,
-18,18,
59,-2,
40,-38,
1,-28,
24,-48,
4,-31,
26,9,
-37,48,
44,-5,
11,-21,
-24,48,
-1,56,
36,39,
15,-63,
-52,-48,
-16,-76,
7,-61,
18,-40,
7,20,
-34,30,
34,29,
39,-35,
27,-17,
25,-44,
8,-32,
32,-12,
17,3,
17,14,
28,-73,
-8,-20,
11,61,
19,0,
40,-55,
-11,-83,
-22,-59,
14,-42,
-5,-34,
-18,-1,
-33,-4,
-52,54,
-23,14,
22,16,
22,-46,
-9,-69,
5,-1,
21,5,
62,-31,
64,-2,
51,18,
101,46,
32,12,
-36,-12,
-83,-63,
-75,-68,
-38,14,
-28,15,
17,12,
34,1,
-21,-41,
-8,-59,
-17,-31,
1,-2,
73,-19,
-9,-4,
-34,1,
-42,94,
22,82,
34,26,
40,70,
-28,95,
-13,55,
-4,-28,
41,-55,
29,-62,
35,-22,
69,29,
8,-29,
28,-28,
-19,-33,
9,-30,
-53,-33,
10,-41,
21,-33,
-3,12,
1,39,
-29,-7,
23,68,
8,91,
54,8,
26,-15,
-27,-12,
-55,-31,
-22,-55,
68,18,
31,54,
34,-40,
-30,-64,
-36,-18,
45,74,
57,15,
-2,21,
-43,15,
11,62,
46,-10,
-20,10,
53,-31,
6,29,
-39,67,
-67,59,
-88,36,
8,18,
46,-46,
-1,-29,
-8,-12,
-11,-5,
18,11,
-55,-39,
-226,-223,
-1204,-1577,
-3219,-4824,
-3787,-6522,
-2557,-4862,
-593,220,
-224,2163,
-408,575,
370,-1199,
1780,-1372,
2088,-856,
1207,-441,
350,175,
224,1011,
262,1557,
166,1162,
-40,198,
-107,-359,
381,-449,
916,-613,
1211,-1105,
716,-953,
338,-460,
98,-54,
86,17,
-27,-146,
-125,-99,
-47,110,
145,230,
189,211,
154,-25,
91,-145,
41,41,
-18,324,
56,262,
143,-29,
191,-97,
97,-67,
10,62,
112,29,
194,-99,
206,-60,
78,-3,
-87,82,
-168,104,
-113,57,
-85,51,
-1,94,
12,-5,
35,92,
-18,75,
-19,58,
63,213,
51,211,
-97,196,
-139,79,
-99,-28,
57,32,
107,201,
75,284,
107,262,
27,152,
-61,23,
-95,-124,
-9,-123,
47,-44,
165,-99,
201,-86,
169,-17,
34,82,
-33,165,
10,118,
-37,198,
-120,117,
-43,23,
121,-45,
335,105,
387,275,
302,482,
104,462,
-97,228,
-209,6,
-213,-6,
-40,23,
31,12,
6,21,
37,-36,
49,47,
116,-60,
125,-135,
140,-93,
80,27,
40,37,
18,34,
34,-21,
45,-14,
38,-21,
33,66,
-28,115,
-92,114,
-71,52,
56,20,
114,-23,
2,77,
-55,128,
-131,42,
-49,50,
3,41,
-38,92,
-7,102,
33,58,
31,-1,
67,44,
46,103,
51,11,
-11,29,
-14,33,
49,21,
22,47,
3,3,
-9,-2,
-1,58,
6,67,
28,58,
33,91,
-59,132,
-46,184,
9,83,
60,44,
44,40,
-33,55,
-38,50,
-44,149,
-15,84,
9,116,
39,48,
-10,136,
-12,115,
-23,68,
49,17,
39,-51,
46,7,
29,61,
4,41,
-37,56,
-20,-34,
28,-27,
41,24,
-4,30,
-9,-43,
15,25,
36,67,
22,73,
0,78,
25,60,
67,47,
40,0,
18,-14,
-16,-59,
-86,26,
-30,20,
00>
_________________________________
00>
00>
Printing STS1 CIR
00>
00>
_________________________________
00>
91,-13,
22,-50,
2,-29,
8,-22,
20,-39,
104,-18,
27,14,
81,-56,
-17,-62,
11,9,
-28,41,
-36,17,
-9,-19,
57,5,
73,80,
78,14,
-17,-49,
-76,11,
38,-17,
83,22,
69,29,
41,65,
41,58,
-19,43,
17,68,
-45,72,
1,-10,
-50,-52,
-17,47,
38,95,
14,99,
-19,-9,
-85,-28,
5,-46,
-13,2,
-16,-60,
-1,-59,
-25,-48,
-39,62,
-7,-2,
5,-12,
59,-18,
-31,4,
24,8,
39,53,
51,-7,
10,-4,
14,43,
-19,23,
-5,-35,
73,-33,
70,-23,
54,3,
75,-16,
19,-35,
11,-30,
102,7,
-19,26,
-68,11,
-3,1,
24,22,
17,22,
-71,65,
38,2,
73,-103,
38,-77,
24,-52,
-3,-12,
34,44,
-10,82,
41,25,
36,29,
-61,-71,
2,-28,
38,-48,
-11,5,
4,-26,
-22,36,
26,-4,
49,-41,
29,1,
17,-17,
3,8,
-6,79,
-37,55,
-27,16,
83,8,
21,18,
22,-26,
21,-64,
52,-4,
43,-34,
40,-43,
41,-54,
56,-10,
-10,5,
-6,40,
9,3,
7,39,
-17,44,
27,49,
70,5,
-32,-49,
-52,-10,
-10,38,
-24,32,
-34,-41,
2,-50,
33,-55,
16,-67,
43,5,
-11,56,
-37,-58,
-46,-85,
-77,-14,
-38,86,
8,61,
-20,-12,
6,-83,
-30,56,
-31,43,
-85,-22,
10,-17,
53,65,
42,54,
26,16,
-21,33,
-22,-10,
-18,-15,
49,-29,
-43,15,
-107,-14,
-22,28,
68,14,
57,9,
-5,-9,
-6,-50,
-64,2,
-32,29,
-17,3,
31,42,
25,74,
42,23,
13,59,
-28,20,
-12,-5,
21,-18,
-8,-50,
-17,-85,
-8,-27,
-44,-64,
-20,-65,
17,-58,
14,-36,
14,4,
-38,45,
-34,66,
-16,35,
15,39,
-5,8,
-5,-74,
57,-5,
-46,-32,
8,41,
-14,83,
0,58,
6,-27,
-22,-84,
-34,-46,
-12,-17,
21,39,
20,54,
20,52,
-17,34,
4,15,
38,69,
19,7,
-32,56,
21,40,
48,59,
0,23,
-11,3,
11,30,
33,-14,
48,37,
31,49,
23,-9,
9,3,
-71,-14,
-72,6,
-53,-35,
-34,-7,
10,-6,
5,-9,
-48,-19,
-38,-80,
-24,-47,
97,16,
67,43,
26,29,
34,-12,
70,-23,
46,10,
-3,15,
51,-5,
29,-39,
36,-52,
-34,29,
-49,-15,
2,6,
-13,24,
38,84,
28,60,
-5,-35,
-40,-48,
-19,44,
51,25,
-36,24,
29,2,
40,-36,
47,28,
9,37,
-3,8,
7,-35,
27,-20,
33,-4,
-33,58,
-31,47,
36,27,
123,8,
-32,92,
-73,0,
-38,4,
-41,-27,
-37,-14,
-58,15,
-80,5,
-29,-45,
-53,-25,
18,32,
-7,-44,
0,-98,
20,58,
-2,2,
74,21,
63,-10,
-13,99,
-74,37,
23,33,
24,-5,
-28,13,
-22,12,
22,2,
36,-49,
-2,-98,
18,12,
31,35,
44,42,
-15,-30,
-84,-60,
13,-30,
48,15,
51,-52,
44,-14,
-7,-18,
-116,11,
-39,-17,
-18,-21,
-4,2,
-27,-2,
11,-4,
26,23,
-18,-54,
25,-65,
23,-79,
31,-19,
36,65,
-10,51,
52,-5,
28,-81,
20,-41,
-10,28,
2,-9,
-5,4,
-16,-11,
-36,12,
62,44,
121,27,
-4,-41,
-57,91,
-36,60,
-28,-16,
16,4,
22,23,
45,70,
26,61,
-82,65,
-4,85,
42,-14,
30,-25,
3,-24,
49,-28,
2,-24,
24,-9,
32,-9,
-20,46,
13,21,
16,4,
-10,31,
-38,44,
21,-11,
65,52,
50,38,
-37,32,
14,40,
59,-29,
-5,-57,
-66,23,
-23,-15,
16,-41,
-27,-26,
-8,-37,
22,-63,
53,-28,
3,42,
-8,-18,
6,2,
19,31,
11,23,
-12,-4,
13,46,
64,-23,
33,-16,
88,-17,
-8,10,
48,21,
-64,52,
-38,66,
-98,47,
14,14,
-7,-16,
44,-17,
37,-73,
54,-123,
30,-86,
-34,36,
-45,9,
-2,-36,
66,-1,
62,-14,
51,28,
-169,-100,
-1159,-1314,
-2872,-4366,
-3489,-6312,
-2617,-4308,
-970,670,
-548,2924,
-1077,1051,
-2055,-1569,
-2948,-2578,
-2930,-1881,
-1821,-407,
-532,241,
3,-423,
-173,-1248,
-307,-1364,
-29,-560,
321,166,
577,276,
746,-185,
1129,-469,
793,-181,
191,174,
-309,280,
-334,3,
-45,-239,
134,-129,
220,44,
213,66,
133,17,
166,70,
187,190,
172,352,
172,461,
152,397,
92,164,
187,122,
199,188,
278,294,
310,99,
171,-87,
26,-271,
41,-236,
225,-133,
333,21,
243,64,
174,145,
167,168,
226,80,
270,61,
170,-58,
-37,-38,
-110,16,
10,24,
56,39,
64,112,
-1,167,
-28,329,
-72,324,
-102,91,
-31,-32,
15,-56,
-93,-86,
-164,-97,
-62,-80,
125,-145,
205,-38,
107,81,
-3,141,
-48,-10,
-26,-60,
143,37,
252,128,
227,228,
145,220,
177,220,
247,220,
315,333,
363,435,
266,502,
87,222,
-108,-38,
-227,-107,
-130,20,
-34,52,
30,83,
42,43,
3,9,
-105,-60,
-45,-17,
-9,-10,
59,73,
129,132,
140,70,
20,143,
-44,39,
67,-23,
115,-32,
75,-32,
42,20,
18,37,
85,79,
56,73,
71,68,
150,77,
154,79,
158,49,
98,33,
109,69,
99,79,
122,-5,
133,100,
111,44,
58,52,
78,71,
105,-16,
182,-38,
201,9,
101,8,
-18,19,
22,54,
57,-47,
157,83,
114,117,
91,119,
135,34,
79,-38,
43,2,
42,64,
25,95,
-22,24,
-41,66,
27,115,
80,190,
174,148,
104,41,
58,61,
102,48,
92,61,
71,31,
65,45,
104,-12,
110,-69,
24,82,
56,62,
100,80,
102,79,
147,-27,
142,-45,
95,-9,
81,45,
93,62,
56,51,
71,6,
17,17,
1,71,
79,113,
78,90,
59,6,
60,49,
97,89,
00>
_________________________________
00>
_________________________________
Sequence Number: 102
00>
00>
Printing STS0 CIR
00>
00>
_________________________________
00>
30,12,
19,54,
16,24,
20,7,
-7,-29,
-26,-70,
-30,-68,
64,-16,
67,18,
-38,33,
28,77,
-11,27,
36,64,
46,27,
-35,32,
-24,14,
-10,1,
42,42,
66,51,
61,0,
-30,-4,
-5,-19,
-3,29,
-34,43,
18,-13,
4,-6,
-20,-23,
21,26,
110,52,
19,79,
-28,-15,
-12,-63,
-35,36,
19,18,
-34,14,
-13,0,
-10,17,
-58,23,
-40,37,
22,67,
-20,24,
-20,98,
4,81,
-16,4,
46,4,
97,-19,
44,30,
26,38,
13,21,
-33,11,
-15,-27,
2,-30,
0,15,
12,29,
39,51,
39,23,
29,1,
63,12,
40,-33,
27,-35,
-124,17,
-12,74,
23,57,
9,43,
18,33,
43,57,
-20,35,
-53,40,
-56,-25,
-17,-26,
-10,-3,
54,-54,
96,-15,
41,-11,
-7,14,
38,53,
2,79,
-50,30,
-17,-22,
-9,-73,
-34,-13,
-38,40,
-13,58,
20,6,
-13,10,
-3,-18,
13,-21,
45,23,
38,-7,
-10,46,
58,56,
11,64,
-29,40,
42,27,
61,6,
-64,7,
-32,-48,
-75,17,
8,23,
58,-80,
84,-5,
17,4,
24,-48,
7,9,
32,1,
22,17,
-24,-47,
-71,-23,
-59,34,
-41,10,
31,4,
-24,-20,
-21,13,
4,-6,
60,-35,
49,0,
5,86,
-5,43,
-15,84,
20,-9,
26,-5,
-8,-4,
-3,56,
3,34,
-20,42,
-19,23,
60,-30,
45,-41,
11,-35,
32,42,
7,13,
52,66,
15,68,
56,53,
29,26,
4,6,
-31,-31,
40,-30,
-20,63,
33,53,
-22,49,
-71,16,
-50,-7,
-5,21,
43,35,
6,11,
19,-55,
-33,-82,
66,-27,
10,-18,
26,35,
38,62,
29,-28,
64,47,
-72,16,
-16,6,
21,17,
76,105,
26,28,
30,59,
25,-7,
18,-58,
40,-47,
51,5,
14,51,
-5,68,
-13,67,
69,-4,
78,-30,
73,-96,
34,-53,
11,13,
3,111,
69,98,
57,6,
-66,-86,
6,-37,
87,-7,
44,55,
15,-14,
0,-11,
54,85,
38,81,
37,35,
0,25,
18,10,
-24,2,
16,8,
35,-121,
34,-85,
12,-15,
-13,81,
35,122,
-26,85,
-32,-23,
-18,27,
17,26,
56,22,
66,18,
122,-2,
94,-19,
60,-4,
-20,7,
-10,-16,
-28,47,
-48,39,
-5,11,
17,-8,
70,3,
67,-5,
13,44,
50,-22,
-16,8,
27,41,
27,19,
24,-39,
77,-53,
31,-55,
-1,4,
-20,27,
-43,-14,
15,23,
22,60,
64,79,
40,3,
-17,-59,
-38,-5,
27,-42,
-42,-8,
-6,-15,
-5,32,
112,25,
18,-8,
-31,4,
-23,14,
-9,19,
-27,-36,
7,75,
26,12,
32,45,
37,80,
73,37,
11,30,
-6,15,
-48,16,
20,-43,
-8,-29,
-30,-51,
6,32,
26,54,
-43,-6,
-26,-34,
-46,41,
23,20,
57,65,
78,3,
-10,25,
-53,-14,
15,40,
-10,18,
-53,16,
-1,-2,
-8,-66,
2,-89,
42,-37,
36,-56,
9,-27,
19,56,
-13,53,
66,102,
16,85,
10,51,
20,-24,
35,-25,
47,6,
53,-37,
3,17,
7,0,
-8,-4,
53,-34,
70,-7,
19,60,
-30,45,
-19,1,
27,19,
75,8,
36,-41,
13,-42,
-19,22,
12,22,
35,3,
-4,-53,
24,25,
46,45,
56,43,
48,47,
4,28,
7,61,
36,41,
78,-4,
7,23,
-5,28,
16,-4,
50,-6,
65,-15,
0,-19,
43,-69,
38,-76,
-6,-66,
-49,-8,
-55,-54,
-8,-16,
5,23,
-8,28,
1,-8,
-3,0,
-25,49,
-57,106,
34,60,
28,18,
27,-63,
20,-25,
18,-5,
9,-36,
51,-86,
3,-61,
4,-82,
-9,-41,
70,12,
83,14,
-1,-27,
-35,-33,
9,-2,
36,83,
9,95,
-23,-61,
18,-36,
36,-38,
47,-12,
-1,-33,
86,-54,
33,-23,
21,22,
45,103,
63,4,
52,-1,
-7,12,
-3,-7,
-25,-32,
7,-52,
49,-21,
77,50,
29,-3,
-30,2,
-91,57,
-1052,1030,
-5887,3967,
-7568,4499,
-7757,3822,
-4994,1804,
2085,-877,
2610,-906,
171,-48,
313,751,
2464,1597,
3302,1332,
1283,178,
-1133,-750,
-2715,-1341,
-2158,-1079,
-538,-416,
278,44,
133,-278,
-393,-863,
-540,-1288,
-672,-1258,
147,-290,
799,79,
460,123,
5,93,
-262,-27,
114,-262,
323,-397,
254,-410,
138,-363,
65,-299,
69,-221,
191,-235,
188,-256,
-29,-90,
0,58,
176,269,
159,189,
183,-197,
16,-393,
-86,-512,
-92,-571,
-80,-480,
-108,-312,
139,-249,
427,-52,
544,169,
333,167,
134,50,
3,-81,
32,53,
74,122,
301,-80,
305,-210,
243,-188,
202,-131,
143,-40,
203,24,
117,129,
17,90,
-87,-84,
-181,-157,
-150,-44,
-243,132,
-268,227,
-160,-31,
0,-80,
28,-107,
553,-429,
338,-392,
379,-315,
211,-20,
155,136,
280,96,
425,-49,
554,-116,
724,-38,
1080,301,
979,490,
382,318,
21,209,
-112,77,
14,-12,
69,4,
253,-215,
136,-254,
28,-212,
71,-135,
100,-79,
173,-18,
199,1,
58,51,
23,80,
-31,68,
-78,134,
17,108,
98,-20,
80,-43,
21,-44,
-10,-22,
20,-56,
120,-110,
171,-34,
133,32,
69,-21,
15,-37,
22,-44,
112,27,
158,38,
93,7,
65,31,
80,60,
109,59,
72,4,
50,-7,
26,32,
117,-1,
122,-119,
139,-109,
48,-60,
30,27,
54,24,
-43,-8,
-15,23,
39,-3,
67,21,
-22,48,
-26,28,
43,66,
-3,24,
38,50,
55,76,
146,12,
173,1,
75,-37,
42,-4,
2,-4,
-20,-85,
36,-156,
87,-57,
62,-7,
-26,18,
-22,13,
76,-63,
79,-127,
44,-137,
2,-3,
-30,-74,
-11,-132,
59,-79,
131,13,
59,-56,
24,39,
88,86,
113,74,
55,-42,
78,-50,
00>
_________________________________
00>
00>
Printing STS1 CIR
00>
00>
_________________________________
00>
16,-32,
25,45,
39,105,
37,63,
107,60,
-21,63,
41,117,
55,33,
4,-26,
-19,-3,
26,14,
61,111,
61,-39,
63,-68,
38,-36,
1,9,
-55,59,
-48,46,
70,28,
36,67,
36,105,
-8,32,
15,14,
-62,17,
40,22,
34,-4,
-2,2,
2,-36,
-23,-7,
17,-3,
22,33,
52,-15,
39,-3,
22,-16,
-37,74,
-22,58,
-4,49,
-39,-29,
-48,-102,
-96,-1,
-70,17,
37,16,
33,-61,
14,-32,
63,-12,
48,-15,
-11,-19,
7,-45,
31,23,
47,46,
-53,41,
-44,30,
5,-19,
14,23,
50,7,
31,-41,
65,-28,
-21,41,
-36,53,
7,-18,
37,-58,
13,-84,
16,-76,
43,-21,
-22,0,
27,19,
43,31,
10,56,
28,3,
2,23,
-22,1,
0,-54,
-3,15,
24,-75,
9,-27,
48,-5,
102,-27,
19,4,
-22,23,
-15,39,
95,-15,
104,12,
41,-8,
13,11,
61,-7,
32,35,
3,1,
-13,-58,
57,6,
72,19,
22,3,
30,38,
-59,70,
26,50,
-26,93,
-21,53,
117,27,
33,52,
32,62,
-18,85,
-16,10,
36,60,
40,69,
61,13,
-81,-45,
-2,5,
19,-20,
76,60,
36,37,
-25,-13,
-65,49,
-44,-6,
-38,-2,
3,-36,
-7,-9,
-16,14,
-43,13,
19,53,
12,-18,
16,-14,
-6,16,
-11,2,
55,-3,
-10,-15,
-18,-29,
51,13,
45,37,
15,14,
-13,-39,
-12,-19,
24,20,
34,0,
83,5,
15,86,
25,49,
14,45,
59,58,
42,24,
38,6,
93,47,
5,72,
-19,4,
5,33,
44,59,
37,-25,
31,-3,
11,27,
39,57,
11,11,
8,24,
-8,11,
-38,-60,
-31,-85,
-36,-77,
36,-43,
-26,23,
73,50,
1,28,
-32,6,
-33,-8,
47,-2,
8,-4,
50,56,
15,57,
58,15,
29,-1,
2,30,
53,20,
12,-62,
45,-42,
45,26,
8,66,
31,18,
12,58,
29,-2,
43,32,
58,-13,
-53,-10,
-29,-21,
-6,-32,
31,-49,
40,59,
8,40,
-33,4,
14,11,
1,5,
-45,35,
-39,3,
4,-13,
47,-6,
-4,50,
-11,-41,
38,-5,
3,-33,
-48,-35,
-27,-5,
3,-8,
-10,-42,
-18,-31,
-96,-80,
58,-11,
23,-4,
-33,-2,
-2,-17,
77,43,
31,97,
21,30,
8,-16,
24,18,
6,14,
62,3,
55,29,
13,97,
59,23,
52,3,
42,-47,
42,53,
81,6,
32,23,
49,49,
17,-35,
-69,-45,
15,1,
-2,8,
36,58,
-10,18,
-6,-1,
1,-36,
46,-104,
16,-58,
3,-40,
11,-86,
-80,-64,
-52,18,
5,24,
7,-8,
62,28,
110,133,
76,79,
24,54,
12,60,
-6,-26,
-15,-21,
-5,-16,
36,-1,
16,-11,
-4,-12,
38,-13,
93,44,
100,57,
63,17,
69,20,
35,100,
38,20,
58,35,
98,-18,
62,13,
30,52,
-32,43,
2,-22,
76,53,
60,116,
51,117,
9,40,
-23,0,
17,-1,
-27,61,
-15,53,
-49,-31,
-18,-33,
28,41,
29,-20,
-68,-38,
-2,-36,
2,42,
10,39,
-2,91,
17,94,
0,27,
-6,92,
80,29,
90,9,
30,-25,
2,44,
-16,69,
7,-60,
25,15,
51,41,
25,20,
34,-5,
67,24,
-11,17,
-41,43,
1,72,
26,86,
76,41,
125,11,
74,21,
-10,-32,
-57,-31,
-10,9,
72,13,
-9,10,
25,-41,
-74,-31,
-51,-59,
-15,42,
-33,68,
-5,88,
-26,83,
0,32,
-33,6,
-10,25,
-17,59,
-44,-1,
-20,89,
25,-3,
-14,-20,
-9,-30,
-51,-50,
-75,-39,
62,79,
6,22,
15,5,
-113,-33,
-24,-57,
-21,-41,
16,34,
27,-32,
-17,5,
-15,37,
-33,28,
48,-9,
4,22,
12,59,
66,56,
29,-7,
-18,-6,
-34,27,
1,46,
17,1,
3,-32,
-3,-44,
-18,0,
59,8,
6,36,
9,-18,
-32,14,
12,46,
20,73,
0,18,
-31,5,
48,29,
15,79,
-71,145,
-896,898,
-4861,3362,
-7582,3939,
-7599,3193,
-2311,1406,
2929,275,
2032,-170,
-533,-1113,
-1091,-2948,
128,-3765,
561,-2628,
322,-985,
808,18,
2192,547,
2783,834,
1540,675,
111,204,
-615,-608,
-447,-1124,
-500,-1730,
-566,-1759,
-545,-855,
89,-74,
342,215,
176,166,
69,-100,
216,-265,
395,-221,
360,-287,
-114,-397,
-632,-364,
-522,-38,
-196,400,
-65,734,
162,320,
165,160,
305,-45,
48,31,
-291,79,
-395,15,
-552,-286,
-222,-476,
229,-262,
349,-14,
274,121,
-27,-70,
-306,-142,
-307,-13,
-127,177,
124,341,
199,313,
172,169,
516,-162,
351,-42,
143,70,
123,32,
122,-259,
182,-537,
182,-554,
94,-355,
31,-287,
34,-238,
-43,-96,
-167,-35,
-242,-9,
13,1,
87,205,
156,350,
94,460,
-23,254,
-33,94,
-45,66,
-29,40,
68,-96,
189,-221,
201,-217,
292,-156,
725,124,
940,402,
476,427,
34,207,
-71,8,
-27,86,
-48,140,
-126,113,
-137,34,
-22,74,
25,110,
-94,142,
-138,63,
-40,-17,
42,47,
107,40,
132,32,
59,64,
1,51,
48,45,
-6,26,
-4,-49,
-44,-73,
8,-110,
28,-49,
51,27,
3,58,
5,-22,
13,-2,
64,44,
14,42,
50,76,
8,6,
99,-45,
49,46,
10,137,
-11,162,
65,99,
59,83,
198,82,
72,-42,
24,22,
-22,-14,
30,-65,
138,-29,
104,38,
43,11,
-4,3,
57,15,
104,49,
42,6,
22,30,
100,81,
-6,20,
67,71,
150,56,
113,2,
-15,29,
-12,99,
-48,-5,
-22,29,
37,66,
13,43,
18,13,
-35,78,
-19,72,
38,23,
36,-18,
58,-54,
-34,-73,
-3,-54,
53,-90,
98,-48,
103,59,
-37,-7,
64,34,
119,108,
95,47,
2,36,
43,35,
00>
_________________________________
00>
RX Timestamp: 577997483620
00>
Clock Offset: -1450.539 Hz, 0.182 ppm
00>
RX Timestamp: 579068981043
00>
Clock Offset: -1588.154 Hz, 0.199 ppm
00>
_________________________________
Sequence Number: 235
00>
00>
Printing STS0 CIR
00>
00>
_________________________________
00>
-19,-17,
-25,-67,
3,66,
-34,121,
63,105,
-1,7,
-41,-5,
-44,-27,
-64,-62,
-55,-16,
-30,24,
7,47,
-57,8,
-29,18,
-30,30,
-35,4,
-19,19,
33,-15,
10,35,
-8,6,
-47,16,
15,66,
52,56,
88,21,
38,13,
54,11,
11,-26,
-67,-64,
-49,-26,
33,31,
14,-7,
31,19,
-14,-29,
6,-52,
25,-54,
8,7,
-7,-34,
-39,43,
9,57,
59,-43,
64,-49,
42,-24,
-8,-35,
39,20,
3,15,
-43,-26,
-56,26,
-6,51,
27,26,
95,87,
152,66,
86,32,
-6,-4,
-70,-31,
-20,-37,
4,31,
52,40,
23,25,
-16,59,
-59,37,
-32,-24,
15,4,
-2,13,
-35,-3,
-20,-52,
24,-33,
96,7,
59,-27,
-12,38,
-15,-14,
-5,27,
-32,12,
10,14,
83,26,
78,23,
-9,10,
-54,69,
-56,5,
11,13,
-3,-63,
-63,23,
14,9,
48,11,
44,-71,
43,34,
-33,81,
85,59,
28,46,
-33,49,
25,116,
38,46,
72,-98,
-38,-113,
-26,-76,
63,56,
21,76,
-13,34,
1,-44,
-11,-105,
-45,-128,
-80,-99,
-51,4,
-4,-14,
59,-28,
57,-41,
22,-44,
-2,-37,
-85,32,
-36,-4,
79,27,
67,51,
-29,79,
-40,24,
0,-3,
-21,-27,
-8,-82,
-18,-51,
55,5,
11,9,
-3,86,
-16,97,
-33,-11,
-36,14,
29,38,
37,-22,
76,-57,
25,-85,
27,-63,
29,-64,
30,-57,
2,-45,
8,-30,
72,-17,
-23,-9,
-12,45,
29,73,
-2,-70,
-39,-95,
16,-55,
-42,-18,
-52,79,
-85,30,
-10,8,
70,17,
74,-90,
19,-138,
-19,67,
6,53,
-36,71,
-59,24,
40,-2,
41,47,
47,-3,
6,31,
25,51,
-18,58,
33,27,
-34,-9,
-52,-6,
-16,32,
19,15,
-2,-30,
77,-66,
31,75,
-34,-6,
57,10,
39,-6,
61,19,
59,58,
77,3,
26,-44,
-25,-36,
-63,-43,
-27,-30,
-71,-45,
-59,62,
-77,110,
1,24,
22,40,
12,-51,
-33,-27,
-81,17,
-40,-8,
40,-96,
58,-61,
-6,-52,
4,55,
-9,-62,
48,-119,
64,-75,
46,-21,
5,39,
26,55,
-93,9,
-14,40,
14,40,
-25,2,
85,34,
75,61,
-27,8,
47,-1,
12,-27,
-41,27,
-22,-36,
-37,-1,
-70,4,
-93,29,
-64,-18,
19,-4,
-23,-16,
-32,51,
-25,19,
24,44,
-35,-48,
16,15,
69,-15,
-40,-49,
-4,8,
15,-12,
-38,-10,
-48,12,
-3,6,
15,-39,
-20,-52,
-63,-29,
0,14,
64,62,
98,63,
-36,47,
-25,-4,
-48,-3,
-6,-7,
26,0,
-32,11,
-67,33,
-72,6,
-88,-23,
-10,-34,
-20,-40,
61,-16,
40,-19,
40,74,
-38,-31,
-56,14,
4,44,
-48,17,
35,2,
88,-26,
41,-75,
-79,-50,
-8,33,
-37,12,
-88,-35,
-74,-31,
-32,21,
51,97,
16,80,
14,74,
22,13,
-17,-4,
-9,106,
-10,47,
22,-8,
36,-3,
82,33,
6,40,
-50,-86,
-4,-15,
-46,29,
-34,37,
-39,6,
-52,-5,
9,42,
-33,35,
58,-8,
24,-15,
-52,-97,
-66,-28,
-73,18,
-61,37,
6,12,
-37,54,
23,28,
27,-66,
46,-61,
31,-28,
-1,-18,
-50,67,
19,35,
87,19,
68,9,
66,-20,
-42,-7,
-79,-28,
-12,-6,
27,-18,
7,30,
26,-19,
64,-19,
-13,-81,
-37,-41,
-56,17,
32,99,
-11,109,
-81,40,
-5,26,
43,21,
-16,26,
-54,-48,
-40,-37,
-48,-10,
25,-11,
7,-13,
-38,-4,
24,57,
48,73,
20,-2,
4,-17,
39,-44,
-34,-31,
70,-11,
52,-19,
6,-40,
0,-40,
-51,28,
-1,46,
10,-11,
12,-6,
-3,-88,
-60,-33,
-46,-20,
-7,13,
-14,7,
-83,59,
-13,12,
-35,-29,
-3,-29,
76,-2,
31,9,
29,-77,
4,26,
10,-6,
84,-16,
68,-7,
-47,36,
-89,18,
-28,-39,
10,-7,
-15,27,
25,69,
19,9,
-9,-113,
-239,-876,
-554,-2841,
-638,-4837,
-321,-4231,
-334,-963,
-626,1107,
-607,566,
290,-576,
1219,-632,
1484,-176,
936,-8,
297,39,
-15,606,
-149,1025,
-205,949,
-152,264,
10,-185,
252,-255,
540,-184,
787,-265,
705,-315,
409,-230,
109,-52,
-28,-10,
-59,-23,
-35,-15,
-35,102,
38,150,
-35,160,
26,67,
103,19,
-26,-6,
-65,-1,
-119,129,
1,106,
103,27,
27,-28,
-97,20,
-50,168,
65,140,
124,42,
15,20,
-87,82,
-135,158,
-121,43,
-46,12,
-100,39,
-45,-4,
15,16,
51,0,
-39,60,
-46,113,
-99,158,
-65,70,
-148,-38,
-110,-61,
20,45,
80,144,
81,183,
-31,200,
35,143,
35,36,
33,-68,
4,-151,
16,-79,
128,30,
195,13,
152,-2,
16,36,
-78,61,
-19,117,
-48,35,
-43,-33,
-18,-57,
63,30,
62,150,
198,254,
8,304,
-72,280,
-33,152,
-112,-14,
-111,-67,
-98,-62,
24,-23,
130,-34,
55,61,
45,98,
56,32,
145,-46,
177,-63,
72,-55,
-74,4,
-49,110,
-4,80,
45,29,
-55,-24,
13,-17,
7,18,
73,-7,
-14,10,
52,-4,
1,101,
34,69,
12,121,
-4,134,
16,84,
-24,82,
-62,71,
-71,99,
-32,18,
2,11,
-11,23,
3,40,
-26,67,
35,92,
85,83,
81,-1,
73,1,
43,-19,
38,78,
12,71,
6,149,
-28,100,
-45,179,
-66,144,
-37,106,
-21,66,
-16,36,
-79,28,
-76,-32,
-20,45,
-44,15,
39,7,
73,-20,
-41,79,
-1,106,
-17,65,
11,-4,
-56,-2,
-35,35,
-65,3,
-67,-66,
31,-47,
18,57,
2,9,
-4,6,
-3,10,
49,25,
96,-10,
15,-36,
-33,-39,
62,5,
57,36,
8,8,
19,109,
27,138,
93,89,
19,30,
10,37,
-25,34,
00>
_________________________________
00>
00>
Printing STS1 CIR
00>
00>
_________________________________
00>
11,-12,
67,59,
29,50,
13,-20,
15,-7,
17,-19,
8,9,
-19,-16,
-24,-6,
-47,10,
48,-21,
47,82,
-15,72,
-2,12,
57,36,
92,-31,
36,-43,
79,-15,
58,23,
8,12,
-34,9,
28,-13,
-14,21,
-82,-6,
-7,-1,
22,7,
67,53,
31,88,
47,100,
76,91,
75,32,
-20,63,
7,43,
-25,10,
-46,14,
-27,-5,
80,-62,
58,-59,
76,-14,
27,13,
-3,0,
17,-21,
18,-24,
-15,-31,
44,-28,
25,-12,
11,-17,
68,-85,
57,-4,
13,10,
-7,40,
75,-47,
78,23,
41,-58,
20,-11,
-25,-20,
10,76,
45,74,
89,-27,
-10,69,
-27,61,
2,56,
37,32,
42,5,
9,62,
-29,148,
-25,67,
-7,-6,
44,-35,
38,50,
18,81,
-24,21,
32,57,
33,67,
-17,11,
-12,-46,
9,-75,
-23,-43,
-11,-13,
-16,8,
57,-22,
13,-15,
-28,82,
-10,31,
22,66,
101,95,
78,42,
-13,15,
16,-69,
23,-14,
48,-23,
41,-9,
38,-3,
-50,-45,
-57,-4,
-10,-44,
103,-12,
44,11,
12,59,
-30,-32,
-66,-57,
-57,-64,
-3,-22,
-92,38,
50,-25,
35,-64,
65,-53,
-65,-76,
-79,-8,
-19,62,
13,130,
50,53,
43,19,
2,8,
70,60,
83,-7,
-21,-21,
-51,3,
22,47,
42,-12,
11,7,
-32,-39,
-60,38,
43,26,
-46,54,
-3,-5,
28,-4,
-6,57,
-3,46,
-48,-30,
47,-103,
64,-57,
36,12,
80,30,
47,-14,
11,14,
9,65,
-4,31,
-47,-4,
-19,-86,
3,-59,
-53,-57,
49,25,
56,0,
8,9,
14,21,
40,-7,
19,75,
46,59,
57,13,
-2,35,
5,41,
-43,6,
-23,-13,
-76,42,
-4,43,
-39,0,
5,42,
9,-12,
116,-61,
-22,-18,
-79,46,
31,39,
120,47,
83,36,
-33,1,
-14,48,
46,41,
36,-13,
37,-100,
25,-84,
-1,-12,
47,9,
32,-12,
7,-5,
45,-6,
68,17,
12,-5,
3,-28,
-24,23,
-33,-46,
38,-78,
8,18,
9,80,
-37,101,
-40,24,
9,125,
74,-12,
10,-18,
-90,19,
-85,-71,
14,-17,
58,-8,
68,35,
38,0,
31,-33,
48,-14,
88,31,
59,81,
-15,-61,
-4,8,
96,61,
104,46,
47,64,
61,38,
1,48,
60,-19,
59,32,
58,4,
-4,-62,
-24,-18,
-15,-42,
-8,-3,
42,-28,
-6,24,
29,-52,
-6,-74,
35,-46,
19,-8,
65,-17,
19,-36,
94,-34,
36,46,
14,-3,
9,-33,
46,41,
65,10,
40,47,
21,-9,
-17,-55,
5,-39,
17,-32,
-15,-48,
-53,-26,
-20,56,
49,2,
-4,-8,
-32,-24,
21,6,
16,78,
15,57,
-16,58,
2,-81,
-9,-32,
17,16,
-18,5,
-43,-11,
12,-61,
57,-13,
-73,-56,
-126,5,
-26,13,
-14,-20,
26,17,
34,19,
10,-58,
21,-104,
-92,43,
-77,23,
46,26,
-55,16,
-76,4,
-16,13,
0,9,
111,-66,
94,-1,
44,35,
13,-15,
-70,-12,
-88,5,
-13,-36,
47,-53,
46,-59,
-57,-50,
-32,33,
-13,12,
44,7,
43,-37,
6,-4,
23,-29,
-22,1,
16,-22,
52,-4,
5,-6,
-21,-17,
46,-13,
104,80,
16,88,
-16,17,
-61,-29,
15,37,
20,-32,
44,-62,
11,-34,
51,52,
55,-5,
-19,-39,
26,-30,
-12,-59,
45,-25,
-12,-100,
-67,-45,
-20,58,
-20,54,
3,31,
70,76,
4,-83,
-60,-73,
47,-37,
31,18,
28,14,
-56,92,
-62,36,
-26,-29,
27,-46,
76,27,
35,-59,
39,-16,
32,-20,
48,40,
43,0,
-37,-60,
39,-16,
103,17,
6,-60,
-48,23,
-15,20,
-19,51,
-2,8,
-32,12,
-73,-56,
-30,-28,
12,55,
51,75,
29,14,
37,-8,
34,-41,
47,-52,
37,-16,
22,-20,
-28,-34,
2,-20,
24,25,
-36,94,
18,-16,
9,-79,
-102,-46,
-15,23,
73,35,
45,-20,
-28,-17,
-73,-76,
-363,-637,
-1095,-2401,
-1515,-4333,
-1209,-3727,
-756,-564,
-648,1585,
-728,982,
-909,-837,
-1332,-1901,
-1577,-1759,
-1276,-774,
-573,36,
-59,-108,
92,-655,
28,-883,
138,-554,
247,-8,
315,224,
444,173,
611,0,
591,10,
217,37,
-145,78,
-220,-87,
-112,-181,
-47,-62,
99,1,
221,83,
115,69,
78,108,
-28,133,
-51,171,
73,224,
121,218,
40,83,
114,104,
187,86,
191,194,
200,129,
177,-10,
49,-152,
97,-78,
179,-27,
151,70,
98,115,
80,92,
110,67,
163,67,
186,43,
143,112,
41,54,
-14,24,
-80,-45,
-58,-44,
-45,-63,
1,10,
-70,91,
-133,156,
-56,36,
87,-14,
-51,-74,
-46,2,
-12,-31,
-49,-48,
36,-31,
153,-21,
132,14,
11,13,
-1,-8,
-1,29,
85,42,
178,48,
126,12,
113,24,
99,85,
204,211,
194,240,
162,394,
92,374,
3,209,
-28,-4,
-101,-112,
-46,-138,
7,0,
113,98,
9,136,
-67,-42,
2,-43,
-25,-70,
-50,47,
34,167,
40,121,
29,47,
-8,16,
36,21,
-27,23,
3,11,
104,98,
56,26,
37,16,
-26,-31,
-47,-61,
13,-5,
48,40,
28,110,
9,6,
1,-26,
30,-6,
65,98,
21,10,
7,17,
87,71,
114,93,
66,128,
-10,79,
49,49,
8,74,
-17,-22,
-19,55,
55,84,
81,44,
72,63,
-5,43,
-73,85,
-42,23,
129,7,
105,39,
36,63,
21,149,
22,73,
1,7,
-19,64,
-22,71,
-5,120,
33,122,
87,81,
64,30,
40,55,
50,47,
-10,62,
0,83,
18,-6,
77,-35,
60,54,
-4,41,
-54,27,
30,-15,
80,-25,
57,-7,
-4,35,
-36,44,
18,7,
-23,-55,
57,-18,
49,100,
-23,43,
-68,-60,
2,-69,
74,60,
68,85,
00>
_________________________________
00>
_________________________________
Sequence Number: 238
00>
00>
Printing STS0 CIR
00>
00>
_________________________________
00>
-18,7,
7,-68,
46,44,
36,1,
-22,-43,
60,-57,
53,-43,
-6,-50,
-16,-9,
0,76,
-45,69,
-25,13,
-59,-59,
-51,-46,
-28,-58,
-10,-15,
-29,3,
-30,-15,
37,12,
-3,-14,
42,7,
-14,63,
-27,30,
-40,20,
-16,-11,
-34,-98,
-7,-34,
25,-30,
2,51,
-72,-45,
-48,41,
-4,22,
9,-14,
32,-26,
8,-17,
-48,9,
12,-53,
-6,16,
4,21,
-47,44,
19,48,
2,43,
-7,36,
-49,-16,
-24,23,
31,-15,
33,-63,
16,-12,
4,6,
-41,-13,
-22,-58,
59,49,
51,109,
-9,28,
-8,9,
-15,21,
-44,-5,
-26,3,
-17,-26,
5,12,
20,0,
-9,-42,
-4,40,
6,-6,
-22,42,
-15,-11,
-40,5,
16,3,
-56,35,
-5,63,
24,67,
-43,91,
-10,-40,
13,-78,
-11,-38,
-1,-8,
28,-36,
76,11,
44,-45,
-14,-29,
-26,-17,
-43,79,
26,102,
-3,22,
-56,-1,
39,-6,
12,8,
-11,41,
-40,-7,
17,-73,
5,-7,
-3,-5,
39,-64,
-22,17,
-26,35,
5,-48,
14,-24,
-75,-44,
-17,16,
52,36,
-41,80,
-46,21,
-50,45,
-40,-41,
-14,-21,
18,-51,
21,-10,
37,96,
24,10,
20,17,
1,-46,
-30,-36,
-57,2,
-20,37,
-48,-27,
19,11,
-67,35,
-38,98,
-25,32,
-58,0,
-7,-1,
43,36,
42,51,
13,4,
5,23,
-60,-11,
-26,34,
-10,-16,
67,18,
-37,-18,
26,-28,
-36,-51,
-17,5,
3,0,
-1,-37,
-37,-67,
-55,-69,
-27,17,
1,-74,
-15,-62,
-60,-70,
-43,27,
-12,-7,
-55,4,
-54,-30,
33,-35,
20,51,
43,17,
77,-47,
19,-33,
8,-48,
50,-66,
-22,-37,
3,-19,
26,4,
50,3,
32,38,
30,67,
-54,58,
-25,12,
37,-60,
-12,-57,
-40,-31,
-26,-42,
16,36,
42,-43,
47,-46,
61,-36,
-21,-53,
-58,-11,
-31,-25,
-33,-35,
25,19,
61,91,
-13,-48,
10,-16,
14,-24,
55,-36,
54,-49,
-14,-47,
-71,-61,
-51,8,
-45,-13,
14,-6,
33,-15,
39,-9,
-11,-85,
-14,-26,
-5,-19,
6,53,
32,35,
13,6,
61,-73,
16,-49,
4,14,
31,11,
-47,0,
-13,31,
-6,-2,
-11,32,
-5,-43,
83,12,
12,-15,
-7,-36,
-73,-3,
21,-6,
7,-33,
-10,38,
17,23,
18,39,
-49,-19,
-17,-35,
-21,-81,
13,22,
-3,-30,
34,12,
-24,-11,
-79,-7,
-35,8,
-31,22,
-50,4,
-15,-17,
-7,-31,
51,-9,
3,-60,
-25,53,
43,14,
38,-1,
61,20,
-56,29,
-92,31,
-76,6,
-3,-50,
40,-8,
36,-16,
1,19,
-5,24,
16,4,
32,92,
6,-39,
-36,16,
-87,-7,
8,-51,
-43,-35,
58,3,
35,50,
63,52,
90,-4,
-43,-53,
-19,-28,
-34,-20,
12,-20,
59,-40,
29,-4,
3,35,
13,19,
-8,47,
29,67,
46,-19,
5,-43,
-21,-66,
-9,-20,
-12,12,
-22,-7,
26,-73,
68,-39,
16,-30,
-12,-38,
-57,2,
-44,-22,
8,3,
6,22,
69,21,
17,-60,
41,21,
60,20,
17,24,
27,-35,
14,-35,
39,-14,
38,-29,
56,7,
13,8,
-12,-15,
16,-54,
37,39,
-39,-26,
-22,21,
-11,60,
57,59,
20,-4,
-15,45,
-44,-34,
2,-4,
1,15,
-28,30,
43,-24,
41,-81,
50,-30,
101,24,
56,11,
3,53,
-25,36,
0,-40,
44,-11,
-16,50,
18,71,
18,12,
62,-22,
12,13,
63,-21,
84,-92,
0,19,
-16,94,
-16,18,
16,-7,
59,55,
-18,-54,
-44,-58,
7,-37,
-12,-35,
-48,48,
-100,-18,
19,-40,
-8,-6,
20,-28,
25,-4,
45,5,
22,69,
-44,60,
-26,23,
-1,29,
-3,71,
15,51,
20,7,
56,8,
23,8,
52,-20,
47,-27,
-12,-37,
10,-55,
18,24,
10,32,
21,36,
19,62,
24,0,
-20,27,
-2,61,
34,16,
-13,12,
5,4,
9,3,
52,44,
29,17,
-29,44,
-768,-347,
-4351,-2956,
-6927,-5642,
-6731,-6229,
-5174,-5470,
598,707,
2154,2679,
506,520,
-513,183,
-556,2222,
-108,3817,
225,2036,
252,-649,
124,-2857,
215,-2838,
209,-1095,
52,85,
244,190,
550,-604,
864,-837,
1276,-1130,
372,-191,
201,672,
82,542,
3,109,
-94,-100,
84,-66,
392,122,
413,162,
349,35,
201,-33,
177,-23,
195,28,
444,133,
113,-3,
-15,68,
-138,201,
-94,120,
97,110,
331,-8,
435,-141,
515,-231,
502,-322,
359,-280,
363,-106,
322,198,
176,487,
-23,404,
-88,146,
-4,-33,
9,-68,
-38,47,
-38,169,
75,153,
220,144,
158,66,
141,91,
97,196,
-51,273,
-146,178,
-92,-53,
-41,-272,
-17,-281,
-118,-205,
-193,-167,
-139,-204,
70,-73,
138,-69,
377,130,
463,211,
478,180,
175,185,
-15,235,
-62,263,
137,294,
284,400,
305,569,
194,1122,
-39,1162,
-167,611,
-190,144,
-205,-138,
19,-60,
46,-13,
178,2,
106,13,
123,-39,
118,-6,
145,9,
99,88,
85,113,
49,97,
67,51,
-55,36,
-97,25,
-23,72,
51,99,
164,92,
7,20,
5,-22,
82,-30,
150,-38,
163,141,
16,95,
11,116,
-55,71,
50,16,
41,53,
-2,99,
68,157,
86,86,
105,22,
106,64,
102,115,
30,90,
13,88,
-10,70,
29,88,
121,96,
76,83,
92,3,
96,10,
43,128,
15,17,
20,27,
23,-63,
58,-41,
4,-17,
6,-7,
97,99,
32,30,
69,6,
9,46,
47,20,
93,68,
57,-5,
27,23,
3,-37,
26,-58,
99,-37,
30,26,
44,64,
82,5,
65,-26,
38,-62,
145,52,
95,-59,
80,-84,
191,-85,
77,-12,
85,51,
-35,62,
-33,-9,
-2,45,
-17,26,
-9,49,
69,10,
00>
_________________________________
00>
00>
Printing STS1 CIR
00>
00>
_________________________________
00>
20,60,
11,45,
16,-13,
-16,1,
-33,22,
-1,43,
-46,15,
-66,30,
-38,22,
-11,12,
61,35,
70,-33,
70,19,
28,32,
-14,-23,
-17,5,
-7,46,
15,59,
-23,72,
-43,91,
19,36,
65,-31,
-10,-37,
-71,-92,
-8,-8,
37,13,
40,-15,
-1,-58,
33,-57,
69,1,
15,86,
-22,40,
34,-24,
-102,-46,
-30,-54,
-7,-25,
-17,-26,
-30,59,
0,62,
11,20,
38,37,
37,37,
18,-24,
-52,-3,
-26,-12,
-43,-22,
-24,-17,
21,1,
-2,45,
22,45,
43,23,
28,39,
-33,39,
-51,56,
-13,-40,
42,15,
-6,-36,
-16,-10,
50,50,
29,-47,
20,-70,
44,-34,
54,-15,
26,-15,
66,-63,
43,-8,
50,-1,
74,-15,
27,-42,
-30,9,
-19,-15,
-24,22,
1,4,
17,5,
15,20,
-43,-35,
-79,23,
-115,93,
-41,-12,
26,17,
0,-61,
-41,-49,
-112,0,
16,42,
12,-37,
20,9,
31,0,
9,0,
28,-7,
-31,-28,
-43,-36,
4,36,
16,-22,
27,-21,
-9,-35,
-13,22,
-4,31,
-18,13,
24,-40,
-8,-16,
84,43,
-52,37,
-17,46,
-29,-13,
-3,-29,
63,-9,
55,25,
13,18,
-32,-44,
-34,-5,
-29,25,
-20,46,
64,-16,
85,-7,
11,28,
-17,31,
-46,-21,
-120,22,
-78,-8,
21,-34,
69,-19,
34,-26,
-34,3,
-63,-111,
11,-23,
-29,23,
17,-33,
52,-12,
34,-30,
36,-26,
56,-14,
-4,36,
12,22,
-21,29,
-28,8,
-64,-71,
-60,-35,
-11,-47,
20,-27,
35,-60,
84,-46,
17,5,
-27,-52,
-97,-24,
-69,36,
29,63,
5,72,
28,49,
84,-3,
71,-26,
82,-22,
-29,-26,
-8,-58,
36,-23,
20,-49,
-10,-16,
41,-35,
34,-57,
-39,-23,
4,9,
-26,-29,
-33,-52,
-8,-20,
-27,6,
-31,-37,
11,22,
24,-10,
-43,6,
-15,-36,
-38,-113,
17,-8,
-20,22,
41,56,
-40,42,
-22,24,
-15,10,
-9,-30,
-1,14,
20,-69,
46,-22,
-20,-42,
-60,13,
-20,12,
-24,-29,
-3,-51,
-6,-38,
-22,-2,
-28,10,
31,-39,
33,-5,
38,5,
-19,-13,
-30,57,
-53,51,
-49,-25,
17,3,
68,30,
18,29,
-20,65,
-44,-24,
-77,-38,
-31,54,
-59,43,
-17,59,
27,-6,
52,-16,
48,-3,
1,23,
37,-14,
59,-117,
41,-53,
-15,37,
16,55,
-42,19,
-47,15,
-20,22,
30,-19,
61,50,
-25,70,
-13,66,
32,-27,
5,-19,
-13,-5,
-37,47,
-52,66,
-12,-6,
35,-24,
21,-11,
17,-42,
-16,15,
-24,-1,
-44,-5,
-11,34,
-46,3,
17,-8,
-26,-13,
-5,46,
-11,72,
-5,-7,
62,24,
7,-5,
1,-42,
53,-36,
-33,-21,
29,-24,
-11,-15,
7,47,
-6,11,
-75,37,
3,30,
57,-20,
52,13,
115,26,
76,12,
31,31,
20,11,
-78,3,
-26,54,
9,15,
13,10,
19,4,
8,15,
15,12,
32,15,
5,-6,
-25,-16,
14,-56,
21,27,
95,-11,
79,37,
-46,32,
19,32,
-8,43,
12,53,
-26,36,
54,16,
27,4,
29,-2,
33,10,
46,7,
-21,-14,
-7,-16,
-8,4,
-30,-9,
-27,-5,
7,31,
19,12,
-4,25,
-19,24,
-58,-38,
-78,-66,
-41,28,
11,49,
-3,26,
-81,54,
-37,33,
-12,42,
26,33,
-12,-9,
-36,20,
0,42,
26,5,
-12,-18,
-27,5,
1,-12,
32,23,
-48,-51,
-48,-30,
4,13,
-20,29,
-16,56,
-43,-71,
1,-35,
0,13,
-18,46,
14,-13,
-4,-73,
-5,-3,
-82,4,
-73,-11,
25,-36,
17,-24,
-65,18,
-54,-6,
-9,-9,
-7,27,
-33,45,
-37,60,
-45,-40,
-2,23,
53,35,
-11,93,
36,45,
42,7,
-11,-4,
20,-9,
32,-31,
44,-58,
33,-42,
29,-28,
66,78,
43,-22,
10,5,
-16,45,
18,7,
20,-55,
-8,-17,
-56,-20,
-22,1,
-15,-21,
6,-29,
23,-7,
6,-56,
-55,100,
-106,84,
-780,-211,
-3767,-2195,
-6557,-5512,
-6230,-6266,
-3655,-3503,
431,1986,
1067,2471,
733,-243,
1960,-1894,
3448,-1352,
3047,-472,
1329,-75,
398,458,
227,1779,
282,2911,
-52,2230,
-193,578,
156,-493,
748,-731,
1096,-890,
1747,-1230,
805,-959,
223,-221,
-21,284,
-113,366,
-84,21,
245,50,
378,278,
396,243,
272,-90,
159,-591,
-111,-586,
-341,-120,
-743,136,
-322,309,
-196,248,
-38,369,
15,97,
-67,-221,
-248,-321,
-187,-530,
127,-409,
370,-88,
144,218,
10,238,
94,94,
124,-277,
77,-301,
-110,-134,
-280,154,
-157,319,
-90,232,
255,437,
251,291,
179,239,
12,155,
152,75,
540,-57,
612,-34,
322,7,
226,-38,
230,-66,
161,-47,
-63,-152,
-69,-216,
-15,-206,
-57,93,
-168,174,
-379,253,
-314,59,
-215,-5,
-55,41,
34,84,
179,106,
272,98,
250,66,
192,147,
243,493,
40,987,
-196,825,
-182,224,
-92,-76,
25,-94,
-7,-28,
-116,-31,
-28,-63,
-84,-18,
-60,-28,
-185,20,
-134,-55,
-89,0,
-54,11,
-9,86,
-5,85,
-25,45,
29,-67,
36,-10,
40,38,
97,29,
100,-20,
102,-51,
109,-4,
70,112,
19,82,
-5,42,
-18,-29,
-33,-25,
-15,80,
-3,82,
37,74,
35,38,
8,91,
-75,84,
-86,-12,
21,-50,
27,-53,
100,76,
-22,98,
-5,-21,
5,-15,
116,-13,
50,62,
-2,67,
2,45,
-7,24,
17,40,
-32,68,
-29,99,
23,50,
62,98,
63,54,
5,67,
-21,151,
6,134,
14,51,
0,57,
-24,8,
-27,-84,
-14,-39,
-8,0,
-31,9,
-37,72,
-4,68,
35,56,
82,8,
155,-61,
49,-58,
52,18,
83,-32,
47,55,
67,70,
13,74,
97,69,
104,65,
53,109,
-54,89,
-74,115,
00>
_________________________________
00>
RX Timestamp: 717992594114
00>
Clock Offset: -1431.942 Hz, 0.179 ppm
00>
RX Timestamp: 719064089004
00>
Clock Offset: -2365.494 Hz, 0.296 ppm
00>
_________________________________
Sequence Number: 115
00>
00>
Printing STS0 CIR
00>
00>
_________________________________
00>
47,-17,
58,-23,
30,59,
9,21,
-45,21,
30,-67,
13,-39,
12,-5,
-7,-3,
67,49,
-11,50,
22,-21,
7,6,
21,51,
-11,32,
-11,37,
29,43,
13,-13,
9,-32,
49,-36,
80,-33,
22,-20,
-12,39,
-62,22,
8,-19,
32,24,
67,-57,
28,-48,
-19,36,
-7,-12,
30,22,
18,44,
-64,-16,
13,-16,
-19,-17,
83,-26,
42,5,
47,-58,
15,-42,
-52,49,
19,48,
22,-14,
7,13,
-20,75,
4,24,
11,12,
22,0,
3,-3,
31,26,
13,44,
38,-8,
32,36,
53,28,
26,5,
40,-6,
44,-15,
10,-2,
19,-49,
49,-11,
-6,6,
15,-10,
-15,9,
1,17,
18,25,
-10,46,
-10,36,
30,18,
15,25,
-23,26,
-10,-26,
-17,24,
-9,-4,
33,0,
19,7,
44,3,
57,27,
-36,6,
-29,6,
8,-5,
79,62,
5,10,
-36,-24,
3,-80,
49,-44,
25,-27,
87,34,
13,75,
-13,51,
-12,-48,
10,-10,
2,15,
-10,52,
60,66,
37,5,
24,28,
34,-54,
43,1,
26,21,
78,-27,
118,-73,
128,-71,
62,-89,
47,-40,
-17,-25,
3,6,
38,22,
45,-9,
13,-45,
35,-2,
32,-39,
48,5,
37,-7,
7,1,
6,32,
26,82,
67,12,
41,21,
64,-17,
-17,21,
39,73,
11,-4,
8,-53,
35,88,
54,97,
34,53,
43,-11,
-15,22,
-39,-46,
-6,-36,
-56,-1,
-48,1,
-14,37,
-9,47,
-31,-20,
52,-9,
107,41,
23,8,
5,-10,
2,-27,
-9,-27,
4,-32,
-13,-8,
-13,25,
41,9,
16,48,
-18,-6,
26,66,
10,8,
42,-14,
-10,-43,
-60,22,
33,87,
2,21,
-8,-18,
47,12,
55,38,
-22,42,
9,9,
-18,-39,
41,40,
32,41,
29,-18,
-6,29,
-5,64,
-17,50,
-4,38,
25,4,
52,-28,
-25,-30,
-49,-31,
-50,11,
-39,15,
56,28,
-25,17,
-61,54,
-54,29,
-28,-9,
11,-47,
10,-33,
64,18,
39,13,
36,-20,
20,-11,
46,29,
-23,-4,
31,28,
94,-4,
70,4,
25,-5,
-3,24,
-17,53,
4,1,
-29,5,
14,-47,
9,-6,
25,-12,
-9,-21,
-20,16,
16,54,
6,108,
-32,-15,
7,-61,
14,-5,
9,42,
17,-5,
-20,-19,
-29,-11,
36,27,
39,-5,
18,66,
44,-24,
57,-61,
106,-86,
74,-23,
-8,-37,
-8,-50,
21,-28,
9,13,
22,50,
18,-20,
29,12,
20,7,
34,74,
1,42,
-29,15,
-17,-3,
-15,-6,
-33,-7,
-91,14,
-32,-26,
24,4,
15,110,
-10,30,
-27,60,
0,15,
14,12,
56,15,
66,1,
67,-48,
90,-19,
21,-40,
37,-16,
14,27,
-27,-8,
-32,-32,
4,1,
33,-29,
-65,59,
-23,25,
31,-28,
12,-59,
26,-13,
-24,26,
1,20,
16,8,
-12,-31,
12,-19,
-13,33,
-59,-10,
47,-54,
-22,13,
-45,43,
-24,62,
62,-7,
38,54,
-4,34,
-4,-51,
34,-34,
34,14,
-33,14,
-5,-36,
46,-36,
-14,-7,
-14,20,
36,-17,
-11,3,
41,-20,
45,13,
34,70,
28,38,
22,9,
4,15,
-23,-89,
33,-37,
-6,-30,
-46,-20,
-3,-21,
52,44,
46,4,
22,8,
29,17,
37,6,
48,29,
54,-9,
8,-5,
-22,61,
0,-3,
34,-61,
-39,-34,
-38,-47,
-58,-4,
10,18,
22,30,
13,-7,
7,37,
-18,40,
-19,19,
78,-31,
135,-50,
37,-98,
5,-36,
-62,-18,
-29,20,
-17,39,
-21,-20,
17,5,
25,15,
-11,4,
-17,12,
-40,-22,
-6,-9,
3,12,
22,47,
14,52,
20,29,
79,57,
23,-43,
-32,-19,
-63,-29,
12,-53,
31,16,
-9,35,
-20,32,
-32,-13,
-3,4,
13,-3,
42,35,
-5,25,
10,-27,
41,-62,
52,-46,
-19,-23,
19,25,
8,82,
35,3,
53,-5,
77,68,
31,52,
-25,24,
-18,35,
-36,-8,
29,-3,
9,9,
-332,-278,
-2452,-2548,
-5022,-6564,
-4549,-7332,
-3267,-5930,
-424,930,
-340,2855,
-435,247,
623,-1733,
2791,-2188,
2871,-1266,
1177,-372,
344,287,
422,1247,
520,1864,
226,1156,
6,206,
-28,-539,
658,-573,
1131,-791,
1634,-1641,
809,-1175,
499,-685,
110,45,
1,11,
-49,-243,
-27,-125,
25,186,
110,351,
143,238,
60,-45,
67,-154,
42,59,
29,441,
-117,235,
25,10,
178,42,
47,64,
74,118,
119,-17,
222,-242,
401,-230,
168,98,
-75,182,
-164,74,
-142,57,
-56,97,
-9,71,
-20,42,
9,26,
-11,55,
62,17,
108,205,
-47,252,
-152,195,
-176,36,
-117,23,
19,122,
105,298,
123,292,
130,251,
70,95,
-59,-137,
-100,-153,
-137,-118,
56,-241,
326,-213,
327,-172,
231,-75,
56,59,
-33,181,
-12,128,
-116,119,
-137,91,
26,42,
261,61,
365,168,
481,358,
390,679,
127,476,
-86,174,
-343,-25,
-139,91,
-32,43,
20,92,
71,27,
13,115,
14,33,
80,10,
46,-153,
108,-54,
38,0,
28,70,
22,93,
139,-20,
53,2,
73,40,
58,61,
-35,33,
-19,12,
14,42,
46,19,
52,172,
5,88,
-7,99,
1,59,
1,58,
-48,129,
-5,126,
51,97,
113,149,
101,62,
68,87,
37,100,
34,13,
4,4,
43,31,
5,110,
-62,63,
-7,55,
-15,25,
5,87,
78,149,
60,101,
38,152,
-40,231,
-2,265,
-7,166,
-15,85,
2,85,
62,-22,
8,14,
23,50,
4,118,
-7,149,
49,111,
53,169,
14,153,
-7,139,
5,77,
24,70,
-14,56,
31,42,
-13,77,
23,38,
98,117,
61,-7,
93,-44,
131,35,
89,58,
6,113,
19,92,
38,142,
141,188,
59,109,
40,112,
-25,33,
-32,77,
19,56,
00>
_________________________________
00>
00>
Printing STS1 CIR
00>
00>
_________________________________
00>
-21,-17,
16,36,
20,81,
16,-11,
29,11,
-35,-8,
-86,-33,
-22,-52,
-26,-26,
-12,15,
-7,26,
-12,0,
-51,-39,
17,-36,
58,-16,
34,55,
36,29,
5,21,
-30,3,
-10,-51,
24,-15,
2,82,
-1,39,
-58,4,
-64,-11,
42,29,
10,52,
17,49,
-3,52,
1,-4,
-10,61,
2,58,
-31,-18,
-14,3,
-16,1,
56,-42,
57,-34,
43,-79,
6,-72,
-65,31,
-57,58,
-25,14,
13,-68,
19,-17,
31,-17,
57,30,
-31,5,
-32,-25,
-61,1,
-27,0,
0,16,
31,2,
103,-11,
31,28,
35,-16,
-19,-33,
37,-4,
33,6,
59,-41,
3,-61,
-21,-48,
-21,28,
-47,3,
16,16,
-12,-27,
-32,-15,
-26,-18,
43,-12,
6,12,
-53,22,
-44,36,
-11,19,
59,38,
44,-10,
-41,-8,
-49,-40,
-4,-26,
22,-32,
-8,51,
37,-8,
-29,2,
2,73,
18,98,
-23,-43,
47,-32,
35,-51,
14,34,
43,45,
31,-15,
-39,47,
-35,8,
-27,26,
64,-2,
34,-11,
52,-16,
29,27,
-5,22,
6,77,
-21,-14,
-15,56,
52,3,
68,-19,
-6,-40,
10,-52,
-30,13,
-11,63,
-46,-26,
13,-23,
25,-9,
47,23,
9,-6,
-12,-21,
12,-55,
8,20,
10,19,
28,-48,
38,-2,
20,-8,
-77,41,
-25,102,
25,26,
1,4,
32,18,
-5,35,
22,-14,
6,-32,
-14,61,
-41,75,
8,-5,
19,-28,
-37,-77,
-12,8,
-22,-8,
-17,39,
36,18,
39,-8,
51,-18,
-15,59,
-20,85,
-36,39,
-16,0,
-5,39,
27,9,
4,65,
9,84,
37,57,
26,23,
-48,40,
-21,31,
7,45,
17,14,
31,7,
-14,21,
-28,56,
-27,-18,
-100,-44,
-34,13,
18,30,
32,10,
29,4,
-33,14,
-38,13,
-25,50,
21,6,
24,-22,
10,22,
-24,34,
25,21,
22,28,
-24,50,
26,54,
3,85,
3,31,
-12,73,
-4,53,
42,76,
35,37,
-16,-4,
-3,-25,
31,-34,
71,24,
33,47,
-9,-23,
47,-55,
13,-14,
-51,-8,
-59,4,
-20,-24,
63,69,
2,11,
-5,41,
-6,22,
-51,18,
-50,34,
16,43,
-2,36,
11,56,
51,53,
-7,-20,
4,4,
19,-40,
53,15,
-6,14,
60,-51,
56,-6,
1,-30,
14,-1,
10,4,
6,5,
-44,17,
-25,-4,
-15,-24,
-4,-2,
22,-12,
-22,11,
3,14,
77,-9,
-35,-6,
-5,-21,
-37,27,
6,31,
8,30,
29,43,
-31,10,
-17,-46,
0,-6,
1,16,
-52,5,
-25,-4,
12,-2,
-19,-36,
-52,-11,
-27,28,
-47,-7,
-33,-38,
-37,6,
-41,8,
-22,37,
39,-1,
-13,-23,
16,40,
6,54,
64,27,
-11,29,
-30,-2,
-57,-31,
35,-57,
84,-19,
59,51,
-6,-32,
36,-46,
8,-5,
4,31,
-1,3,
27,-1,
20,-35,
9,41,
-45,14,
-58,-45,
-99,-68,
-76,0,
42,78,
34,31,
-28,-49,
-65,-49,
-35,39,
10,-12,
-21,63,
-1,2,
-18,-38,
17,-33,
22,-65,
63,-62,
17,1,
23,25,
-23,5,
8,42,
-55,4,
-27,-17,
-59,-66,
-82,-24,
-67,-20,
18,-29,
18,-37,
-16,16,
-5,25,
0,41,
2,-37,
24,-31,
21,41,
24,63,
2,-25,
7,23,
55,-15,
20,-17,
-32,-85,
-31,-20,
-1,-25,
-22,45,
-24,2,
-68,17,
41,19,
37,-35,
0,-17,
2,0,
-16,-40,
16,9,
13,-3,
36,-30,
23,-32,
29,-46,
31,-43,
41,1,
13,-23,
-13,50,
-30,31,
80,10,
47,27,
31,-7,
8,-3,
-29,48,
-14,27,
-26,-13,
-11,-56,
3,4,
15,78,
42,49,
45,-16,
-9,-48,
-12,-15,
14,-15,
31,-37,
29,18,
31,18,
35,38,
4,74,
0,39,
11,23,
-3,19,
37,20,
9,33,
-18,15,
1,-14,
-33,11,
-86,34,
17,52,
14,55,
10,60,
-24,6,
33,-3,
3,-6,
-54,10,
-71,-25,
-401,-321,
-2015,-2230,
-4426,-6529,
-4155,-7414,
-2875,-5096,
-888,1436,
-1198,3880,
-1900,729,
-3343,-2350,
-4685,-3545,
-4260,-2155,
-2036,-205,
-568,172,
-228,-666,
-421,-1762,
-316,-1561,
82,-483,
629,253,
708,4,
1039,-357,
1563,-426,
885,-70,
143,503,
-491,316,
-541,-196,
-118,-423,
215,-212,
346,4,
265,66,
225,102,
191,189,
155,308,
161,365,
305,624,
93,368,
130,98,
367,204,
352,134,
373,270,
347,61,
106,-110,
-42,-428,
97,-376,
352,-79,
358,63,
273,136,
196,189,
204,149,
203,48,
308,106,
143,-25,
39,-29,
-10,-54,
24,-1,
66,24,
21,99,
25,263,
21,358,
-58,278,
-105,43,
-23,-46,
-72,-76,
-8,4,
-11,7,
77,-26,
187,-105,
334,-96,
213,-40,
182,114,
20,-16,
123,-151,
253,-51,
217,62,
130,98,
138,138,
347,209,
397,249,
511,454,
491,804,
186,685,
-57,186,
-216,-63,
-190,-62,
-61,72,
-3,132,
62,115,
-5,34,
-167,16,
-237,-71,
-66,41,
101,99,
165,159,
130,140,
99,124,
-66,117,
2,61,
76,16,
126,80,
129,-30,
83,-15,
9,6,
24,70,
108,61,
69,-13,
118,38,
177,110,
172,63,
148,5,
71,26,
100,-12,
132,55,
150,115,
78,145,
142,185,
56,60,
23,42,
130,54,
135,22,
105,99,
78,67,
183,152,
168,199,
260,218,
160,109,
84,74,
44,9,
75,59,
96,76,
49,76,
48,47,
11,12,
63,58,
55,159,
17,163,
88,192,
8,81,
130,23,
120,47,
166,90,
131,75,
94,106,
77,64,
67,95,
66,94,
2,32,
46,115,
56,42,
92,-10,
167,72,
147,31,
170,90,
98,83,
42,101,
62,136,
143,138,
145,79,
61,77,
17,58,
44,62,
00>
_________________________________
00>
_________________________________
Sequence Number: 118
00>
00>
Printing STS0 CIR
00>
00>
_________________________________
00>
49,-6,
27,-17,
0,-57,
-47,-28,
-28,21,
-6,18,
-41,3,
-26,4,
5,29,
-15,0,
-18,-39,
-25,-89,
3,-6,
107,73,
85,-25,
-47,-37,
8,-53,
48,28,
39,59,
-21,19,
-39,-11,
-65,41,
-5,-9,
42,-52,
29,5,
6,6,
20,0,
-1,-31,
-46,32,
-43,-2,
10,15,
-7,12,
6,-23,
7,-48,
26,29,
28,37,
2,46,
39,-17,
75,49,
48,15,
100,-14,
94,-48,
21,-40,
-30,20,
-3,-20,
61,36,
2,42,
24,63,
46,24,
62,-55,
44,-70,
-62,23,
-24,-29,
29,-17,
48,-56,
96,-44,
99,-44,
82,61,
10,69,
14,-5,
-32,36,
2,1,
7,-15,
32,-3,
1,-39,
35,-89,
40,-40,
50,-83,
13,-92,
-43,-19,
-92,23,
-3,22,
73,25,
55,-29,
-14,-44,
21,-97,
22,-70,
17,-76,
42,-22,
67,44,
14,22,
-14,-33,
-36,-90,
57,-109,
26,-69,
-11,40,
-1,-8,
75,-32,
21,-10,
-42,47,
12,35,
-10,8,
47,-26,
82,29,
77,-26,
73,7,
83,63,
26,-11,
1,-115,
14,-81,
-37,-16,
-53,-54,
13,-19,
-35,50,
-17,71,
-29,-58,
-5,-168,
54,-36,
27,60,
17,16,
-22,20,
-13,23,
-73,9,
1,-40,
58,-18,
21,-58,
41,15,
54,-3,
5,-34,
33,-29,
64,-11,
91,-5,
38,-48,
80,41,
58,-1,
-2,-56,
-16,-30,
42,-15,
23,-48,
44,-24,
6,-80,
-62,-55,
9,-20,
7,15,
-48,64,
-35,3,
18,11,
-58,68,
-10,-23,
12,-50,
-14,-30,
52,38,
8,90,
-7,50,
-1,28,
26,-50,
12,-44,
-13,6,
11,11,
1,37,
-28,39,
-35,32,
-11,41,
-23,-24,
-4,-90,
30,-42,
44,-7,
15,-34,
7,-60,
11,-70,
31,-35,
11,-31,
1,-70,
34,5,
-26,-34,
15,-26,
1,-84,
31,30,
-70,79,
-32,5,
45,-48,
-51,21,
0,23,
-5,21,
3,-26,
49,13,
-9,18,
53,-15,
56,7,
2,-69,
-66,-70,
4,-20,
60,-19,
32,9,
59,-35,
14,22,
35,74,
64,-10,
10,-84,
-31,27,
-51,-23,
-105,-43,
-58,-36,
-69,4,
-8,34,
16,-44,
-2,-15,
47,-80,
103,-68,
90,-40,
75,-15,
9,-24,
34,-89,
-12,-38,
22,-37,
-30,-31,
15,50,
-69,20,
-5,11,
-6,16,
26,-36,
105,-49,
43,-30,
41,7,
-49,8,
-5,68,
42,27,
-42,-8,
-59,-20,
37,30,
122,-21,
81,-36,
17,-24,
31,-53,
79,8,
74,49,
12,12,
-48,13,
-96,2,
-86,-22,
-30,7,
-17,-16,
-16,16,
-60,-8,
79,14,
78,-15,
55,-69,
7,-19,
-14,-34,
15,41,
81,-8,
49,-41,
32,-28,
19,-32,
-40,-64,
-47,-56,
-18,-6,
56,8,
84,30,
49,-49,
-28,32,
-9,-16,
-35,11,
-4,41,
6,44,
-20,-56,
-23,-71,
7,-84,
-16,-87,
30,-30,
21,-1,
-7,-99,
-34,-130,
28,-60,
19,-8,
31,-17,
92,-60,
132,-25,
24,-46,
-22,92,
32,57,
-17,-36,
19,-30,
-34,-18,
27,-36,
-8,-9,
43,-32,
31,10,
-21,-11,
-44,-10,
-73,0,
9,-47,
-6,-37,
-2,-48,
-14,-8,
-9,11,
6,45,
33,73,
18,-11,
7,-1,
25,-22,
11,0,
11,4,
-6,-27,
-23,-34,
-1,-22,
-4,11,
-50,-18,
-43,8,
-47,-8,
-17,-41,
62,12,
10,1,
-50,7,
-38,29,
16,-1,
29,-28,
20,-81,
8,-30,
11,40,
35,2,
-30,12,
10,-13,
7,0,
73,-70,
67,-14,
101,24,
37,43,
17,-18,
-27,12,
11,39,
31,0,
11,9,
-29,0,
-18,16,
1,-8,
24,24,
-24,-40,
19,-33,
67,11,
16,-53,
-83,-28,
-10,50,
83,12,
85,-35,
22,-9,
27,-15,
29,8,
-63,1,
16,-10,
21,-56,
13,-48,
45,-60,
107,-44,
77,-13,
66,26,
54,89,
74,72,
49,-3,
37,-12,
32,-32,
5,-53,
4,-35,
-4,11,
0,11,
-11,-11,
-36,-143,
-900,-874,
-3348,-3638,
-5099,-6064,
-4601,-6100,
-1601,-2143,
1042,1723,
1069,1507,
-6,-45,
-629,343,
-687,2033,
-226,2384,
175,838,
283,-1085,
343,-2072,
309,-1515,
121,-415,
40,221,
327,-82,
769,-533,
1030,-747,
717,-576,
199,113,
23,486,
-13,315,
-97,37,
-117,-54,
72,60,
290,137,
281,18,
212,29,
189,-7,
112,85,
163,109,
318,164,
165,93,
-32,105,
-133,159,
-80,206,
165,97,
334,-37,
317,-89,
321,-130,
298,-145,
220,-46,
244,28,
89,142,
35,296,
-79,179,
-76,41,
-8,-87,
10,6,
-151,167,
-121,153,
48,29,
176,-17,
161,38,
41,134,
-6,189,
-123,43,
-126,-52,
-39,-138,
27,-163,
7,-203,
-182,-192,
-203,-124,
-107,-104,
50,16,
193,30,
351,186,
315,221,
173,161,
-75,192,
-105,146,
3,143,
189,250,
264,381,
205,531,
27,622,
-163,482,
-163,261,
-149,0,
-142,-51,
-2,2,
59,44,
124,87,
168,58,
88,81,
110,37,
77,18,
50,51,
-29,91,
10,78,
-7,37,
-106,1,
-55,-42,
-26,74,
76,149,
107,102,
55,2,
72,-1,
82,4,
102,65,
85,127,
4,91,
-12,-14,
3,-15,
61,77,
59,81,
30,86,
-18,43,
20,-40,
-5,-28,
37,120,
-33,146,
22,52,
-76,80,
-51,97,
-11,59,
69,96,
72,39,
104,58,
74,95,
34,101,
67,52,
3,-13,
0,9,
-9,-31,
-11,-20,
30,5,
-59,83,
-25,-7,
97,-4,
31,54,
51,72,
14,39,
-14,-12,
33,-37,
39,-29,
85,16,
55,21,
18,40,
91,-9,
42,5,
38,-23,
43,8,
116,-16,
98,-24,
89,-38,
31,33,
-26,95,
-19,35,
30,-7,
95,-9,
13,106,
49,58,
00>
_________________________________
00>
00>
Printing STS1 CIR
00>
00>
_________________________________
00>
-1,33,
6,69,
19,100,
-29,-5,
-29,7,
-56,-17,
-21,75,
-18,0,
10,-16,
0,62,
-32,56,
-35,76,
3,112,
-37,83,
10,29,
69,22,
84,3,
-12,27,
-57,56,
51,65,
28,98,
18,58,
-30,33,
-18,30,
7,39,
29,24,
43,-28,
5,-22,
-37,34,
-60,2,
-45,129,
78,47,
65,28,
-40,0,
-48,-29,
-35,-11,
44,28,
29,84,
62,12,
18,-12,
12,28,
-32,-5,
-3,-11,
-10,79,
-37,77,
17,112,
57,79,
45,85,
-45,93,
-11,48,
-45,-1,
-33,20,
23,51,
-16,42,
-61,21,
26,-21,
67,-17,
54,20,
7,14,
2,44,
-30,80,
-55,49,
-4,73,
43,40,
78,7,
14,12,
-22,54,
18,44,
40,53,
31,-3,
-22,38,
-4,54,
-30,36,
3,-27,
-43,-16,
45,-40,
-8,16,
19,-29,
18,-24,
-3,-18,
53,-5,
-11,21,
-9,45,
-74,85,
53,77,
6,15,
-66,-11,
-97,4,
-59,22,
-21,15,
28,114,
-26,54,
-24,11,
-76,41,
-77,20,
-33,85,
-23,36,
21,51,
52,-9,
89,-45,
31,65,
-33,49,
-70,0,
-4,47,
14,-10,
-5,-36,
-121,-54,
-113,51,
-41,89,
71,123,
68,81,
-8,45,
-41,45,
31,36,
19,-18,
20,-37,
0,-9,
5,-14,
-3,-16,
-13,-12,
-25,-88,
15,-58,
17,28,
44,2,
97,-75,
32,12,
-11,64,
-8,27,
-59,-6,
12,-23,
-36,-24,
-51,20,
-34,27,
-13,77,
48,-13,
74,-71,
-30,-79,
-92,27,
-152,3,
-34,6,
25,66,
37,28,
-10,22,
-34,53,
-20,63,
-43,57,
-49,27,
-60,-24,
-49,20,
-36,52,
-15,16,
-21,9,
31,1,
1,33,
60,-17,
86,-45,
42,-23,
6,95,
-32,18,
-1,20,
5,-43,
5,-35,
17,21,
47,27,
66,29,
15,35,
20,11,
-7,40,
-87,17,
-59,-2,
-3,-11,
43,-10,
14,22,
22,-22,
16,-2,
44,-15,
40,3,
-4,46,
14,40,
19,-17,
-4,-87,
-5,-51,
-21,-68,
68,-61,
44,-30,
15,-86,
-15,13,
38,-2,
63,-1,
-2,15,
8,20,
-28,13,
-12,-14,
-91,11,
-40,77,
13,60,
16,91,
10,45,
20,62,
-30,86,
-24,57,
-15,-24,
-10,-4,
-1,21,
-33,-20,
56,-21,
-14,-74,
-82,-49,
-49,4,
-24,-2,
14,-53,
16,-35,
33,0,
52,66,
8,65,
-106,24,
-107,-3,
-38,-4,
75,-12,
69,4,
-1,-12,
79,14,
84,25,
49,7,
8,-30,
4,-10,
53,7,
15,28,
33,11,
2,-9,
73,-70,
74,-24,
-26,-37,
-113,39,
-33,70,
2,43,
-73,14,
-37,-13,
-17,14,
-16,55,
-55,21,
46,10,
32,12,
-7,7,
6,19,
25,-48,
53,-100,
11,-40,
23,-8,
37,26,
72,121,
44,35,
54,-9,
38,-23,
57,-49,
34,-20,
-76,-7,
-19,18,
72,32,
19,-51,
38,-71,
7,-82,
104,-14,
66,-81,
18,-34,
-59,20,
-98,86,
27,-8,
-4,-26,
-58,41,
-19,80,
-66,66,
3,0,
57,83,
24,23,
-38,3,
-10,-31,
-25,-14,
0,-8,
48,-42,
80,-23,
11,-16,
-19,64,
-14,41,
-60,41,
-54,25,
47,-39,
9,-1,
-13,44,
-22,55,
23,68,
89,-14,
105,-3,
-11,10,
-81,-22,
-59,24,
2,58,
13,-1,
30,25,
23,-24,
-49,-50,
-35,-5,
-19,30,
-25,-10,
-9,37,
-53,43,
-38,60,
-32,-9,
52,-34,
59,13,
38,-34,
24,-13,
38,-70,
22,21,
-3,-53,
-18,-58,
-39,34,
-45,77,
46,23,
98,-25,
18,-66,
-29,-32,
-92,7,
-26,6,
18,48,
96,44,
103,7,
37,-23,
1,32,
0,59,
60,13,
50,20,
11,16,
56,10,
33,-71,
-24,-16,
-54,-47,
-62,42,
36,-14,
6,-13,
-6,28,
9,22,
-31,-63,
13,-2,
34,-1,
-35,42,
-35,-13,
-6,-31,
-26,-14,
33,21,
41,38,
55,-10,
-10,-38,
32,-23,
-37,-10,
-5,25,
-118,-10,
-1010,-473,
-3459,-2293,
-5483,-4431,
-4723,-4021,
-1325,-447,
908,1883,
998,1040,
891,-779,
1682,-1165,
2482,-773,
1836,-363,
687,-59,
126,675,
175,1667,
161,1861,
-9,1105,
21,81,
362,-587,
843,-654,
1265,-897,
985,-818,
360,-447,
53,135,
40,299,
-64,182,
-35,37,
192,158,
322,276,
252,136,
216,-185,
52,-310,
-176,-214,
-347,-40,
-415,145,
-236,116,
-35,143,
87,80,
9,2,
-125,-194,
-95,-305,
38,-379,
223,-277,
242,38,
62,168,
62,100,
151,-39,
136,-176,
13,-111,
-88,43,
-150,176,
-33,273,
64,274,
270,263,
219,217,
116,141,
90,79,
200,58,
368,12,
364,-49,
277,-70,
336,-22,
219,-30,
85,-106,
-16,-160,
-37,-109,
-48,-42,
23,126,
-108,201,
-187,154,
-132,28,
-153,-50,
-62,-37,
48,4,
128,36,
228,65,
250,151,
199,262,
152,471,
-35,569,
-120,292,
3,40,
18,-47,
-27,-16,
-97,-34,
-12,23,
-41,-6,
-92,-66,
-70,19,
-17,-9,
1,13,
-32,55,
-35,126,
-72,160,
-62,148,
8,63,
14,34,
-6,-37,
-33,11,
47,7,
46,-6,
83,11,
64,29,
4,60,
-4,88,
4,41,
34,47,
7,60,
-1,47,
17,57,
66,102,
108,98,
28,52,
23,10,
-28,35,
-14,31,
36,44,
6,95,
-23,110,
-10,9,
-11,6,
-12,34,
55,15,
54,22,
61,60,
-21,31,
31,45,
0,149,
-18,169,
-46,121,
-88,79,
-17,27,
40,83,
52,108,
57,73,
41,28,
58,6,
56,7,
42,-33,
-11,11,
-36,11,
-35,10,
-52,-29,
36,61,
111,37,
27,57,
-41,88,
-51,62,
-3,8,
47,46,
49,-4,
22,2,
34,68,
63,32,
77,21,
47,42,
00>
_________________________________
00>
RX Timestamp: 857953852239
00>
Clock Offset: -1681.137 Hz, 0.210 ppm
00>
RX Timestamp: 859025664561
00>
Clock Offset: -1197.624 Hz, 0.150 ppm
00>
_________________________________
Sequence Number: 251
00>
00>
Printing STS0 CIR
00>
00>
_________________________________
00>
53,16,
14,19,
-24,-20,
7,-25,
-9,-3,
28,59,
15,-43,
32,-7,
35,-21,
81,16,
19,75,
-22,22,
-52,64,
-10,45,
-22,-18,
13,30,
-65,16,
-12,-9,
-62,-13,
17,-22,
-41,-21,
4,-45,
-25,-51,
-16,-33,
21,-9,
5,-18,
8,41,
-10,-1,
-1,-2,
80,11,
31,71,
30,86,
32,-37,
73,-63,
36,-26,
-38,74,
18,52,
2,34,
-32,-8,
-16,18,
20,59,
-14,9,
-44,-10,
-88,-2,
-53,15,
13,-31,
-13,-64,
42,-25,
60,0,
121,13,
20,0,
-34,54,
-23,-13,
33,-10,
-21,2,
-40,44,
-64,27,
61,92,
-1,1,
-36,-26,
-22,-41,
-13,37,
6,23,
34,-27,
-22,5,
-4,22,
-9,35,
-3,-3,
4,2,
5,64,
34,122,
59,71,
35,-13,
55,-11,
-30,36,
-18,37,
20,40,
-13,46,
25,41,
18,16,
45,-13,
53,-37,
89,3,
13,31,
74,14,
-8,-42,
6,-54,
11,-45,
-36,90,
24,71,
23,6,
23,4,
36,45,
29,56,
20,7,
31,-14,
-3,28,
77,52,
56,17,
4,11,
-75,3,
19,1,
-13,15,
6,-20,
15,16,
65,-11,
16,0,
13,26,
27,57,
43,82,
17,-4,
25,-3,
16,7,
46,7,
21,33,
12,-58,
19,-39,
-13,-69,
-2,-55,
30,-5,
3,32,
-2,36,
-1,38,
-14,24,
48,21,
79,-49,
-26,-45,
-10,-29,
-102,-18,
-78,24,
-44,-44,
-13,-66,
-19,-7,
40,-20,
1,-23,
4,-36,
24,-48,
4,-37,
9,-64,
1,-10,
39,-2,
14,-24,
-20,-69,
-13,18,
8,16,
52,3,
78,-5,
30,-36,
3,-34,
11,42,
10,33,
-13,-19,
44,-41,
-23,-69,
32,37,
-22,-20,
-32,-40,
-71,43,
-37,-11,
42,8,
43,0,
45,-5,
41,-1,
35,19,
21,-57,
22,-31,
14,6,
-24,24,
19,2,
2,-39,
50,-19,
21,5,
9,36,
14,24,
37,-23,
-12,32,
23,45,
35,-10,
50,-18,
-31,22,
-43,21,
-27,-67,
-2,-66,
16,-26,
-46,27,
29,45,
29,75,
67,76,
12,57,
28,30,
35,-29,
20,-2,
29,29,
25,44,
44,-19,
61,13,
30,-1,
-7,-49,
-12,-129,
-21,-107,
1,11,
48,28,
6,-44,
-12,-24,
-35,-30,
14,26,
70,-7,
5,-23,
-47,50,
-13,34,
45,-21,
-12,-20,
26,43,
-27,17,
28,61,
19,77,
7,-17,
15,-54,
21,-45,
15,17,
-26,37,
-65,-3,
-19,44,
12,20,
36,20,
35,-32,
-26,-21,
-17,-32,
58,-58,
34,-43,
-12,-26,
3,-3,
-16,41,
-74,22,
-4,14,
47,-41,
34,4,
57,-13,
-6,44,
5,-16,
-8,-32,
12,32,
35,1,
-28,20,
-10,40,
29,42,
16,76,
-11,102,
27,-22,
87,8,
63,-10,
50,17,
-91,19,
-83,-32,
28,-60,
-5,-29,
17,37,
-69,62,
29,87,
53,20,
45,51,
-21,3,
-37,-47,
9,-6,
46,35,
-13,73,
-30,-28,
5,-3,
79,-30,
62,19,
77,38,
33,25,
-15,-10,
37,-5,
62,17,
-13,2,
50,-54,
-29,-65,
12,-78,
-10,-63,
14,-15,
-22,68,
-29,-9,
14,11,
40,51,
35,42,
24,-1,
28,39,
44,-21,
45,-6,
-36,-65,
-12,-55,
8,-49,
38,-25,
10,-11,
42,40,
100,-26,
11,-39,
16,33,
-20,80,
22,94,
60,21,
31,33,
2,7,
-22,36,
-34,74,
-31,31,
-10,52,
24,51,
-9,24,
19,-16,
54,36,
42,70,
7,21,
-37,33,
-15,-2,
-7,-36,
28,-6,
54,-32,
41,-8,
53,-8,
60,-75,
-13,-1,
24,3,
20,52,
13,53,
36,86,
50,116,
-4,29,
5,48,
-12,31,
-16,-30,
-5,3,
-51,3,
-18,118,
-31,99,
39,-2,
-3,13,
5,25,
-16,7,
-24,-1,
1,26,
73,106,
68,58,
58,34,
119,-67,
56,-5,
21,-3,
13,33,
30,38,
6,9,
-12,32,
-53,8,
-52,9,
-45,-13,
194,-174,
1715,-1342,
6696,-3998,
7720,-3955,
7550,-3088,
740,-751,
-2920,-628,
-863,-779,
1341,373,
1964,2839,
1067,3674,
396,1952,
-155,487,
-1071,188,
-1979,168,
-1525,56,
-406,-57,
399,-48,
500,580,
493,1032,
947,1765,
1147,1218,
901,660,
84,154,
-47,22,
96,-74,
191,-87,
-90,4,
-267,70,
-318,125,
-129,82,
146,94,
40,69,
-308,40,
-251,-113,
-44,-13,
3,118,
25,75,
-109,-19,
-57,88,
38,221,
214,379,
-24,112,
-211,-147,
-131,-169,
-36,-154,
-26,-94,
-93,-73,
-21,-27,
-81,-40,
-69,-71,
-24,-113,
-122,-90,
-323,-16,
-239,-117,
-64,-240,
65,-172,
-87,-89,
-347,88,
-388,88,
-345,27,
-213,101,
38,30,
219,-82,
175,-82,
243,16,
188,362,
132,298,
98,236,
9,79,
-104,-96,
-75,-29,
-125,-33,
-93,-146,
-29,-75,
-149,268,
-219,349,
-359,435,
-636,359,
-563,80,
-271,-121,
12,-251,
-10,-223,
-36,-68,
-55,-36,
-25,65,
-52,83,
-42,67,
13,72,
176,164,
164,262,
4,162,
-62,78,
-78,70,
-76,25,
-7,57,
34,72,
1,88,
-69,8,
-41,-44,
-9,10,
-11,24,
-155,101,
-109,11,
-122,-45,
-80,-91,
-18,-81,
-89,-4,
-117,-70,
-116,-23,
-141,89,
-102,100,
-93,73,
-98,47,
-43,71,
35,118,
-3,108,
-63,28,
-51,31,
-46,-2,
-36,-37,
-41,34,
-25,52,
-93,116,
-137,86,
-163,-19,
-238,-86,
-233,-58,
-120,0,
-67,25,
-18,50,
-51,37,
-91,-4,
-96,-15,
-88,30,
-167,77,
-212,14,
-151,5,
-10,39,
21,-1,
-59,1,
-72,-12,
-29,83,
-8,68,
-42,48,
-49,-29,
15,35,
46,32,
38,57,
47,35,
-57,56,
-67,39,
-87,34,
-78,72,
-54,39,
-52,24,
-25,-7,
00>
_________________________________
00>
00>
Printing STS1 CIR
00>
00>
_________________________________
00>
-17,9,
-3,5,
8,10,
41,3,
52,15,
18,63,
34,112,
41,37,
53,-45,
86,-31,
55,31,
84,49,
61,32,
35,26,
-32,-25,
-5,-41,
-5,-4,
4,48,
-47,53,
-45,27,
14,9,
-18,102,
15,96,
42,93,
15,-18,
33,-60,
34,-22,
69,24,
51,57,
19,83,
14,49,
27,18,
64,30,
37,9,
2,41,
52,6,
37,11,
27,31,
58,93,
28,41,
4,4,
-37,-34,
-80,39,
36,83,
28,86,
-64,36,
-13,-30,
-1,-64,
2,12,
-7,5,
3,-22,
-11,-18,
-30,-9,
0,-74,
21,-36,
21,-25,
21,-31,
31,11,
-12,-29,
-53,27,
36,41,
4,-52,
17,18,
-11,43,
-48,53,
3,-37,
6,-9,
53,-18,
27,16,
-35,87,
19,55,
39,37,
36,61,
33,47,
50,39,
29,38,
29,27,
-33,-4,
8,22,
10,47,
32,51,
6,-66,
-7,18,
3,23,
16,-5,
-23,8,
11,58,
-29,3,
-20,-14,
-26,-67,
-42,-34,
12,-35,
42,-43,
15,-33,
-15,28,
11,27,
5,49,
34,12,
32,-12,
38,3,
45,-16,
45,-33,
33,11,
23,-28,
-6,44,
17,55,
42,6,
1,33,
55,48,
-11,35,
-23,58,
5,-1,
-35,29,
-13,34,
25,16,
30,12,
-16,-2,
10,90,
12,84,
-8,97,
-15,2,
14,21,
47,36,
5,-49,
-39,-38,
58,-4,
88,55,
9,37,
16,45,
22,22,
-5,-35,
12,-17,
10,40,
51,82,
68,76,
21,50,
-16,-32,
-12,-45,
74,-38,
34,-67,
80,-3,
21,2,
17,-3,
-14,81,
11,31,
-18,11,
39,-22,
32,-2,
31,-14,
6,-38,
-13,3,
6,16,
4,14,
-33,72,
-19,54,
17,35,
-14,-28,
0,-5,
-37,9,
-36,47,
-40,-1,
28,-26,
14,27,
6,25,
-12,4,
26,35,
33,-6,
53,18,
-13,27,
-12,-46,
25,40,
-28,40,
21,12,
74,2,
65,13,
46,21,
-22,24,
-23,35,
18,-5,
-9,17,
-7,44,
63,88,
40,118,
42,76,
29,-5,
98,-30,
0,47,
20,8,
88,35,
61,95,
44,76,
-15,80,
3,51,
-2,59,
-18,14,
11,-14,
53,-17,
-20,-37,
-63,-51,
-27,-21,
27,-68,
26,6,
1,-10,
-39,-19,
24,-25,
11,3,
-3,53,
51,-13,
-51,6,
-51,-55,
-26,-6,
8,-29,
21,-9,
17,-19,
-16,-37,
-35,-54,
-10,-53,
39,58,
11,13,
-55,-31,
-26,-64,
-3,7,
7,-46,
-7,-54,
-27,-57,
7,-15,
27,52,
-2,42,
12,35,
21,64,
19,24,
10,14,
15,39,
-38,-116,
-12,-87,
-19,-31,
41,-2,
51,7,
37,81,
53,17,
-21,20,
39,-14,
7,59,
-6,30,
42,45,
47,2,
41,-29,
-1,0,
34,-84,
39,14,
0,-25,
16,-71,
-7,3,
45,-25,
90,-1,
-15,-31,
-12,-18,
6,-17,
-34,6,
12,19,
51,8,
1,11,
-19,22,
2,-17,
-28,-3,
-45,19,
-29,28,
-35,43,
-1,47,
58,-27,
22,-21,
3,-6,
5,11,
16,15,
27,2,
10,-43,
42,25,
-3,-21,
-38,-37,
-34,-36,
13,16,
-31,22,
7,14,
8,65,
-6,74,
-11,76,
-14,27,
-3,-11,
25,25,
58,-57,
17,-45,
-61,10,
-38,25,
31,36,
-1,44,
24,82,
32,23,
38,5,
7,28,
-17,31,
13,18,
27,44,
28,-39,
12,-4,
-10,43,
-15,25,
49,-8,
71,-2,
51,8,
18,110,
42,63,
23,31,
63,-57,
58,6,
19,13,
39,-79,
8,-45,
-13,11,
-30,-34,
-13,34,
1,26,
2,24,
-10,31,
-32,40,
5,31,
59,-53,
18,2,
-11,-4,
-6,59,
-53,-4,
-59,-50,
31,32,
34,23,
50,14,
-12,-45,
-41,23,
-33,31,
-46,28,
-6,9,
33,-2,
4,-11,
96,34,
38,24,
61,20,
23,79,
-47,56,
-40,-8,
-3,-19,
105,-13,
66,-17,
14,30,
27,28,
23,4,
13,-32,
-14,-21,
177,-265,
1347,-1380,
5330,-4272,
7236,-4674,
6315,-3848,
-368,-1249,
-4315,-808,
-1921,-1546,
1500,-3047,
3354,-4486,
2487,-4578,
519,-2789,
-325,-970,
380,-272,
1692,-387,
2012,-488,
880,-85,
-66,395,
-153,815,
355,915,
643,1422,
196,1162,
-337,401,
-479,-379,
26,-533,
392,-276,
363,69,
132,317,
-32,269,
-97,214,
-259,171,
-358,182,
-398,142,
-480,227,
-421,196,
-55,57,
-92,215,
-190,367,
-339,415,
-81,372,
145,188,
351,6,
324,28,
129,304,
-6,374,
-152,266,
-228,240,
-166,238,
-115,279,
-72,330,
46,237,
52,64,
53,15,
52,70,
4,95,
-6,40,
-198,70,
-365,20,
-375,-20,
-159,-161,
28,-80,
119,-32,
72,-126,
41,-117,
61,-9,
116,169,
96,336,
51,212,
-32,160,
0,-16,
92,7,
131,161,
-112,342,
-167,285,
-184,214,
-199,282,
-210,437,
-346,511,
-673,515,
-764,361,
-402,92,
-16,-50,
98,-178,
2,-91,
-9,-95,
-67,-8,
-124,23,
-91,-37,
60,-165,
40,-155,
-127,15,
-176,154,
-192,182,
-167,131,
-154,6,
-33,-70,
22,-28,
-13,51,
-41,109,
48,30,
44,8,
-18,93,
-107,91,
-46,57,
-59,121,
13,172,
-56,212,
-49,212,
-80,148,
-90,109,
-148,194,
-133,205,
-126,181,
-131,166,
-79,133,
42,98,
32,161,
-50,77,
-86,36,
-80,91,
-11,213,
-18,195,
-100,160,
-89,118,
-92,87,
-71,58,
-97,114,
-136,95,
-86,54,
-68,75,
-83,69,
-39,85,
-74,19,
-156,87,
-153,100,
-124,67,
-49,122,
-87,115,
-85,183,
-135,190,
-128,69,
-63,64,
-49,103,
-73,96,
-71,66,
-25,108,
35,164,
31,194,
51,219,
32,133,
-55,83,
-61,52,
15,64,
23,75,
-55,107,
-66,95,
-37,48,
00>
_________________________________
00>
_________________________________
Sequence Number: 254
00>
00>
Printing STS0 CIR
00>
00>
_________________________________
00>
-45,29,
36,43,
36,76,
1,-1,
-99,6,
-2,-39,
47,42,
76,47,
51,40,
-25,31,
-32,-67,
46,-10,
94,80,
24,51,
17,19,
14,-6,
-38,-56,
-95,-26,
-40,-2,
-73,-10,
-43,55,
-43,23,
-40,-13,
0,12,
15,-14,
-3,-1,
1,49,
-14,19,
-33,-17,
50,-63,
41,-24,
-25,10,
11,69,
18,2,
-1,-34,
-12,-4,
50,-12,
9,-48,
17,-20,
27,33,
-12,38,
-41,10,
-33,-8,
23,12,
30,41,
-23,73,
17,11,
-31,8,
-71,-64,
-65,-70,
-59,-62,
0,-58,
-29,66,
-47,66,
-28,57,
-13,4,
19,59,
18,29,
-32,61,
44,17,
-30,-7,
-58,17,
-22,35,
56,1,
10,22,
-1,44,
39,6,
4,39,
-9,2,
-16,78,
-11,23,
-18,93,
6,29,
-29,20,
-58,31,
5,43,
63,68,
102,-14,
-26,-31,
-1,-25,
-40,7,
-20,-78,
-23,-32,
-45,-42,
17,56,
106,96,
77,35,
36,18,
-32,0,
-76,12,
-51,33,
27,58,
34,4,
2,44,
23,-30,
-24,-35,
-40,-8,
-50,21,
-14,16,
25,-24,
-8,6,
34,16,
21,-12,
-45,-4,
-44,7,
-102,1,
-13,-43,
16,-61,
9,-57,
-66,-15,
-14,30,
-5,27,
-54,-53,
25,24,
-1,20,
45,18,
48,31,
-41,77,
-29,38,
21,9,
57,-47,
15,-7,
14,31,
-17,21,
-39,32,
-27,50,
18,46,
39,-19,
24,-34,
-31,-67,
-66,-93,
-47,-9,
30,71,
-38,42,
-26,-2,
-23,13,
38,81,
87,86,
56,50,
63,-15,
25,-16,
-20,-16,
-3,62,
-25,49,
-50,17,
30,22,
34,-8,
-14,16,
-11,43,
58,-27,
-64,5,
-50,-27,
-43,-16,
-32,27,
-30,27,
-5,87,
60,27,
53,-17,
9,18,
24,-27,
22,39,
40,-7,
14,2,
79,-28,
33,-9,
43,50,
68,52,
39,-15,
-37,-32,
4,-38,
65,18,
74,54,
36,51,
26,5,
2,16,
-30,52,
33,-28,
-55,-69,
-50,-60,
-32,-64,
12,10,
21,70,
-21,6,
24,11,
-38,28,
-11,25,
19,-44,
61,-2,
17,51,
-13,92,
-47,1,
-3,26,
6,-55,
66,-21,
40,-16,
21,-41,
-19,-58,
18,-44,
9,-5,
-17,41,
-11,31,
4,12,
16,-38,
31,9,
-23,-9,
22,27,
47,27,
24,8,
41,19,
24,27,
33,62,
-21,98,
34,69,
56,72,
32,19,
0,-6,
-66,-19,
39,6,
-16,-45,
30,15,
-32,26,
-84,31,
25,-19,
30,-5,
1,22,
-1,-52,
0,-36,
-3,-20,
-22,41,
40,-4,
31,13,
-5,14,
-25,7,
-18,56,
62,45,
17,6,
62,40,
-6,5,
-7,-27,
44,-38,
32,-26,
0,-66,
-47,-83,
-27,-84,
43,40,
53,42,
51,66,
-5,-27,
-42,76,
-49,6,
48,-14,
30,-17,
56,-8,
13,26,
-38,-15,
24,-5,
-39,12,
-5,2,
-44,13,
-75,99,
-3,-4,
0,3,
-2,-43,
9,16,
-11,-12,
-45,-40,
11,-45,
3,-41,
-36,32,
54,-2,
62,-39,
-39,-73,
-22,-93,
-10,-24,
35,22,
31,100,
41,0,
41,-24,
45,4,
-28,-13,
-27,-6,
-52,-10,
35,-7,
64,27,
-20,112,
62,41,
-14,46,
0,-21,
-10,45,
23,19,
-30,-33,
-23,-70,
-40,28,
53,-29,
52,68,
3,51,
53,102,
77,57,
38,5,
-7,23,
-41,21,
-27,27,
-24,87,
21,41,
56,24,
40,23,
17,0,
-23,15,
5,53,
0,7,
-3,-38,
-1,48,
26,-4,
16,-29,
95,2,
72,29,
70,19,
26,-3,
-61,5,
-31,-5,
-91,5,
-18,40,
-1,23,
-21,28,
12,-1,
-11,-6,
31,-29,
59,-4,
91,32,
121,18,
37,22,
59,-4,
27,0,
21,19,
23,-17,
-39,-8,
27,-30,
29,24,
13,34,
10,-33,
37,-50,
17,-56,
93,-19,
21,9,
-13,42,
-35,17,
-86,-17,
-7,18,
55,36,
0,25,
74,-20,
654,-795,
4226,-4190,
6734,-5754,
7121,-5219,
6121,-3554,
-1033,716,
-2797,1584,
-413,268,
-148,-522,
-2165,-1048,
-3563,-900,
-1802,-159,
672,457,
2614,779,
2512,756,
945,369,
-99,6,
-130,302,
502,716,
705,1092,
840,1287,
70,392,
-757,78,
-529,-80,
-67,-91,
203,-47,
52,117,
-188,401,
-157,419,
-137,342,
-106,220,
2,166,
-39,243,
-140,377,
31,124,
-37,-31,
-218,-223,
-195,-76,
-116,169,
-28,306,
117,406,
249,565,
152,607,
30,482,
-54,367,
-267,192,
-526,-30,
-359,-168,
-160,-66,
97,-10,
22,15,
-36,-37,
-234,-110,
-192,86,
-177,243,
-101,216,
-145,166,
-257,20,
-179,-104,
38,-126,
122,-117,
259,84,
254,64,
218,-113,
184,-212,
237,-62,
76,169,
83,154,
-108,388,
-258,395,
-368,434,
-276,124,
-238,-110,
-255,-112,
-407,78,
-489,218,
-604,217,
-956,-1,
-1065,-237,
-522,-252,
-119,-204,
162,-87,
-18,25,
-47,-10,
-105,180,
-18,151,
105,166,
34,96,
-57,102,
-139,109,
-145,57,
-71,-34,
-19,-75,
-39,-102,
17,-51,
-52,21,
-77,64,
-201,-12,
-28,-22,
-7,11,
-46,70,
-70,96,
-139,127,
-63,-10,
20,-15,
39,53,
-43,153,
-64,85,
-146,17,
-96,9,
-31,6,
37,97,
-41,-3,
-97,-74,
-80,-130,
-46,-114,
-94,-37,
-64,64,
-26,112,
-73,100,
-105,72,
-93,65,
-6,103,
22,12,
12,-22,
-47,-60,
-61,-85,
4,0,
-8,58,
-4,66,
-6,17,
-14,9,
-41,2,
-67,-1,
-28,88,
-21,90,
-23,2,
21,43,
16,83,
40,108,
2,109,
-53,95,
2,57,
-28,42,
-22,131,
-76,97,
-40,-5,
27,56,
-46,166,
-58,98,
-43,58,
1,-18,
-34,66,
-38,80,
-8,0,
-50,28,
-26,2,
-13,45,
-6,48,
-34,53,
11,76,
00>
_________________________________
00>
00>
Printing STS1 CIR
00>
00>
_________________________________
00>
-8,39,
62,35,
1,24,
83,87,
32,49,
43,73,
-8,38,
32,18,
-1,39,
3,29,
-9,-1,
48,13,
13,-6,
-31,11,
-23,19,
44,1,
38,-26,
88,4,
25,-23,
27,16,
-6,50,
-5,82,
26,19,
-13,-18,
-9,-67,
53,-19,
6,-60,
10,-1,
-1,46,
13,-21,
-8,36,
23,30,
53,-24,
48,41,
30,83,
31,82,
46,28,
15,-66,
-17,-5,
-25,28,
-23,13,
-26,39,
-3,35,
-1,-57,
-1,-112,
-31,-105,
-10,-58,
-22,53,
-17,65,
13,34,
41,77,
40,47,
-12,13,
49,-10,
-7,-6,
32,-37,
-11,55,
-63,14,
55,8,
31,-75,
-14,-39,
-83,5,
6,35,
-2,54,
-3,42,
16,37,
29,-1,
10,-5,
-43,21,
5,35,
17,23,
69,-19,
-12,-42,
-59,4,
-42,30,
-48,8,
-43,-4,
-61,37,
-26,14,
-15,-36,
-34,-20,
3,-66,
50,-33,
-19,-30,
-33,-23,
-31,35,
-26,-22,
12,47,
-19,9,
10,-38,
24,-1,
27,-2,
20,-7,
-49,42,
25,53,
10,58,
-18,106,
50,55,
-14,14,
1,17,
6,-12,
-30,-1,
-4,20,
0,62,
-14,21,
16,34,
30,-13,
20,-2,
-18,24,
11,56,
49,20,
102,-40,
18,-14,
-20,25,
-10,34,
49,-48,
-15,-22,
38,23,
25,-25,
40,-43,
-14,-3,
-19,2,
9,16,
19,36,
93,42,
1,27,
48,-36,
28,-92,
43,-55,
-20,-15,
-1,43,
11,-1,
13,30,
3,4,
31,44,
43,96,
98,53,
46,53,
24,71,
-2,43,
31,37,
53,-38,
20,-6,
-16,8,
15,10,
-4,-4,
0,-16,
71,-58,
-24,-23,
-40,87,
22,69,
23,15,
8,-25,
-54,-10,
1,13,
27,40,
29,50,
-7,25,
-10,37,
30,15,
-9,55,
-31,-5,
-30,-1,
-8,25,
21,46,
-8,8,
34,-58,
55,-10,
10,-18,
31,19,
17,56,
3,55,
-10,15,
-44,-9,
-1,-25,
4,2,
-11,-34,
-7,-50,
-10,-9,
45,-18,
16,-38,
25,-1,
6,42,
33,34,
100,70,
45,57,
20,24,
27,69,
23,31,
-7,-4,
-29,-31,
-13,-15,
-17,-6,
35,37,
-30,-12,
1,5,
12,3,
36,21,
32,31,
-12,14,
-16,-32,
-5,-20,
44,-48,
91,-14,
6,3,
27,31,
58,43,
37,-2,
14,39,
17,108,
53,111,
-3,46,
76,-22,
68,22,
79,92,
9,-14,
-50,-17,
-58,20,
23,41,
74,-11,
55,16,
29,-15,
22,-17,
-27,15,
-2,53,
-17,69,
28,88,
38,18,
7,9,
-45,-44,
-81,20,
-71,41,
-9,95,
-6,44,
-1,-3,
0,-16,
2,23,
-60,28,
-13,38,
-29,32,
10,11,
-34,-38,
6,-43,
14,11,
5,66,
-50,12,
6,7,
32,34,
13,13,
27,44,
51,-17,
18,-5,
43,10,
-17,53,
-4,60,
13,-2,
63,6,
72,13,
28,-21,
43,-22,
4,17,
-24,-28,
2,-4,
17,36,
35,6,
33,75,
-20,18,
12,-20,
-53,-31,
-8,-28,
-13,64,
8,56,
-22,18,
4,52,
29,34,
38,-48,
21,7,
-7,-8,
-4,34,
7,20,
30,76,
41,57,
-18,65,
-41,37,
-16,3,
12,83,
-40,41,
-27,17,
-21,-62,
-13,45,
20,50,
19,11,
-15,51,
-7,52,
27,14,
-11,-20,
-8,0,
-21,-47,
32,-17,
62,37,
33,-44,
-7,6,
21,55,
37,102,
-27,79,
3,26,
17,36,
17,48,
10,-3,
34,4,
59,-14,
31,0,
38,-23,
62,-31,
21,-71,
-6,-15,
22,51,
28,42,
65,44,
-31,21,
-40,16,
-19,36,
-56,30,
-29,56,
46,15,
43,23,
47,8,
46,48,
-40,22,
-16,-1,
19,-8,
28,4,
42,29,
-6,69,
54,46,
-12,17,
-49,23,
35,-9,
37,20,
66,-12,
-4,71,
-55,48,
-48,-18,
-35,-5,
-68,15,
-15,80,
13,38,
51,14,
23,40,
1,-49,
105,-100,
486,-931,
2904,-3932,
5794,-6036,
6124,-5495,
2810,-2770,
-2305,449,
-2224,831,
547,823,
1903,2217,
1119,3546,
313,2897,
53,1205,
-577,283,
-1939,165,
-2889,38,
-2038,-178,
-399,-131,
671,256,
869,879,
1053,1321,
1186,1726,
818,720,
25,195,
-345,-55,
-296,-123,
49,33,
-77,246,
-310,358,
-267,342,
110,259,
619,138,
535,-120,
89,-393,
-69,-649,
-227,-272,
-228,-142,
-286,108,
-33,78,
351,-163,
415,-169,
615,-17,
460,274,
74,343,
-268,129,
-246,76,
-27,146,
256,232,
314,93,
82,-104,
-171,-256,
-245,-157,
-191,-57,
-409,219,
-273,231,
-277,163,
-104,52,
-40,219,
23,550,
112,607,
82,357,
85,227,
111,223,
135,168,
229,16,
183,-30,
122,6,
-72,37,
-169,-107,
-120,-289,
-6,-286,
3,-144,
21,-51,
-56,-48,
-112,114,
-134,315,
-167,332,
-253,283,
-575,184,
-861,-20,
-622,-183,
-101,-126,
107,-82,
69,-19,
24,-60,
93,-133,
151,-99,
11,-132,
-1,-126,
0,-70,
7,-26,
16,-12,
56,-37,
-10,-15,
-99,0,
-86,27,
-42,62,
5,49,
53,52,
23,68,
33,123,
67,185,
79,108,
26,76,
-15,19,
-85,12,
-15,5,
19,-21,
4,5,
-38,-45,
-11,-1,
-49,13,
-79,38,
-97,21,
-155,-11,
-108,-66,
-61,-55,
-149,-38,
-81,76,
66,31,
23,47,
45,96,
-23,91,
7,108,
-23,57,
-51,25,
-71,31,
-103,14,
-82,43,
-62,-22,
-35,13,
-4,94,
6,113,
-92,54,
-55,6,
-67,19,
-31,27,
1,67,
-4,41,
33,23,
-10,-34,
30,-45,
31,-33,
4,20,
-59,30,
4,67,
22,84,
45,109,
30,95,
3,64,
20,86,
-35,52,
-55,0,
-108,-68,
-30,-22,
-26,6,
-80,-27,
-30,39,
-28,44,
-15,34,
-64,-9,
-21,14,
00>
_________________________________
00>
RX Timestamp: 997937949693
00>
Clock Offset: -271.511 Hz, 0.034 ppm
00>
RX Timestamp: 999009126087
00>
Clock Offset: -1372.433 Hz, 0.172 ppm
00>
_________________________________
Sequence Number: 131
00>
00>
Printing STS0 CIR
00>
00>
_________________________________
00>
6,-15,
23,-15,
54,-54,
18,-30,
-8,16,
-18,39,
44,39,
-41,36,
-46,-10,
-121,44,
-48,38,
4,-4,
97,40,
-1,-34,
-36,32,
-21,-14,
56,7,
5,-78,
69,-89,
103,-49,
70,1,
10,-23,
3,-4,
-24,-10,
38,34,
-21,-18,
-1,28,
-39,7,
-91,31,
-44,56,
-26,39,
-33,-61,
8,-18,
20,10,
40,13,
4,-56,
16,10,
-47,-16,
-20,12,
24,-10,
52,18,
69,20,
8,45,
-58,-27,
-71,8,
27,27,
73,34,
90,65,
66,98,
-47,-10,
4,-78,
16,-22,
18,103,
14,90,
0,43,
-41,-2,
-21,-22,
58,0,
64,-53,
90,16,
-16,20,
28,57,
8,-31,
-8,-43,
22,23,
-62,4,
48,-12,
20,17,
-34,35,
-39,17,
32,73,
-4,62,
-43,-5,
-46,-34,
-85,-48,
-55,-9,
40,5,
76,91,
41,45,
0,-51,
-37,-15,
5,-47,
25,5,
40,21,
33,76,
62,-21,
21,-19,
25,-101,
48,-38,
-9,4,
15,23,
34,-9,
1,-20,
-45,2,
-16,70,
20,11,
10,-49,
-7,0,
-39,12,
-25,-3,
-41,-3,
-48,-34,
2,-23,
38,-16,
75,-13,
76,-13,
17,-22,
15,-8,
-47,-7,
-37,38,
37,-15,
9,-19,
2,4,
-6,63,
-12,4,
16,45,
13,-28,
-4,-11,
-100,-30,
-3,-10,
26,30,
95,13,
58,35,
-3,33,
13,19,
66,-17,
60,-68,
-84,-10,
-76,-26,
-56,76,
-52,-2,
-49,-33,
-41,38,
0,65,
63,57,
-6,58,
-21,14,
-29,20,
8,11,
-15,-30,
37,57,
-17,68,
32,-7,
72,-10,
55,11,
99,-25,
29,-54,
10,-53,
-80,14,
-55,-13,
26,2,
115,6,
103,-12,
32,13,
17,30,
35,44,
36,64,
-38,46,
-35,-14,
-6,-59,
-28,23,
14,-5,
39,71,
55,14,
19,5,
7,-31,
43,70,
52,75,
24,8,
26,-10,
2,41,
2,25,
68,48,
35,-87,
52,-51,
39,-3,
-16,40,
-24,69,
37,55,
79,-34,
49,-12,
18,1,
26,-40,
70,7,
2,54,
-7,5,
-1,-11,
-8,-10,
40,-10,
-27,5,
-11,18,
34,3,
23,-31,
0,-3,
-6,-23,
50,14,
86,31,
-12,-20,
-36,-1,
-22,-12,
40,-6,
38,9,
67,-14,
71,5,
33,23,
60,62,
-102,78,
-40,38,
-12,-14,
-55,-8,
2,89,
56,66,
52,41,
61,-42,
-8,-60,
32,-66,
-5,-45,
-71,-31,
-116,51,
24,83,
-8,-2,
33,-104,
44,37,
26,47,
-47,-24,
-49,35,
-45,28,
-34,48,
-34,6,
103,-35,
-40,-14,
-48,103,
13,30,
64,58,
43,32,
55,-26,
61,-54,
80,-21,
56,-14,
68,41,
41,-4,
52,10,
69,-13,
22,18,
53,-49,
-40,-29,
-47,-21,
-40,0,
3,23,
43,-46,
30,16,
-42,40,
70,7,
53,41,
60,-9,
48,41,
-2,4,
85,-15,
29,7,
1,40,
-27,37,
39,20,
63,37,
92,-48,
72,11,
95,-23,
49,-4,
-22,-24,
-69,-27,
3,40,
-31,48,
8,47,
26,6,
64,-48,
16,-85,
-5,21,
-16,-23,
-18,-11,
82,32,
56,-31,
56,62,
28,28,
-20,32,
-3,19,
10,89,
72,29,
67,-7,
46,35,
18,129,
16,44,
-24,-13,
-53,8,
16,13,
61,42,
67,-28,
48,-23,
44,-43,
10,-37,
-76,61,
-54,16,
25,2,
25,18,
27,-8,
70,-5,
-7,-78,
25,-65,
-42,-29,
-33,39,
25,24,
69,33,
-1,-3,
63,40,
62,8,
58,-11,
63,-4,
25,-81,
21,-43,
-35,-18,
-10,-70,
0,-38,
15,-16,
5,-23,
14,-9,
-35,32,
-56,-21,
-76,16,
-25,77,
-2,42,
-22,21,
-23,-24,
86,-46,
42,-18,
-2,-7,
-39,57,
-93,74,
-31,-1,
17,-7,
18,-29,
51,27,
37,-23,
-21,-16,
-59,75,
-21,-7,
16,-20,
33,-42,
106,-47,
-13,-16,
24,-54,
-1,-36,
-77,-27,
-44,4,
-36,-26,
6,-23,
74,20,
-27,4,
56,-39,
29,-6,
31,-28,
19,673,
-219,3241,
-954,6858,
-1543,7299,
-770,3926,
1136,-791,
1540,-1310,
50,324,
-1690,564,
-2476,-397,
-1908,-744,
-773,-288,
90,-463,
665,-1252,
809,-1386,
451,-705,
-30,152,
-329,298,
-618,11,
-1183,-89,
-1598,226,
-1162,273,
-390,-13,
33,-88,
28,144,
-24,276,
1,113,
137,-219,
177,-334,
18,-214,
-121,49,
-90,109,
105,-12,
186,-219,
55,-196,
-123,-135,
-89,-61,
-14,37,
-19,-57,
-97,-70,
-250,-52,
-182,-96,
-7,-121,
157,-29,
203,10,
178,80,
136,13,
86,-24,
13,-46,
47,75,
93,14,
83,-62,
59,-298,
120,-137,
161,29,
132,159,
114,-48,
36,-179,
150,-170,
182,-213,
178,-214,
33,-21,
31,123,
0,179,
48,145,
-114,4,
-279,-177,
-296,-128,
-168,-46,
58,-77,
113,-73,
146,-34,
186,29,
117,16,
29,-73,
-70,-288,
-145,-409,
-52,-422,
130,-404,
217,-274,
231,-26,
133,188,
102,91,
108,37,
30,-57,
-5,-36,
-10,-39,
-26,-26,
-83,-36,
-170,-40,
-122,-38,
-26,17,
50,-58,
14,-47,
-68,46,
-75,-1,
-1,23,
58,-9,
-1,12,
4,-7,
8,-87,
21,-90,
38,-56,
52,-52,
90,-37,
152,-14,
179,14,
171,-18,
54,14,
35,-33,
-62,-113,
-24,-111,
57,-129,
-14,-12,
-26,-55,
15,-46,
2,-90,
44,-86,
47,15,
35,25,
80,-11,
99,-9,
111,-153,
80,-139,
152,-90,
144,-123,
157,-94,
131,-118,
57,63,
-37,117,
-80,41,
-24,-89,
52,-112,
21,-64,
19,33,
-4,55,
-2,-21,
-18,-40,
42,-102,
96,-72,
21,-6,
56,-24,
17,-56,
42,-137,
20,-95,
-10,23,
-8,27,
-66,-53,
-17,-79,
-4,-139,
13,-38,
81,-70,
38,-12,
7,-18,
00>
_________________________________
00>
00>
Printing STS1 CIR
00>
00>
_________________________________
00>
40,3,
55,4,
8,37,
10,-24,
29,13,
28,33,
29,46,
54,-21,
11,70,
-14,68,
2,-20,
-54,-74,
43,-63,
49,-32,
58,-5,
108,1,
54,21,
33,48,
31,38,
18,-15,
-4,22,
36,-21,
26,4,
-32,-30,
13,-31,
-13,-30,
-110,-49,
-25,12,
-12,-6,
8,17,
40,49,
-31,12,
-56,9,
-30,30,
2,15,
-56,76,
-65,17,
90,-8,
29,43,
22,21,
-60,5,
-8,28,
77,-13,
8,-33,
-16,-28,
-57,-48,
-129,6,
-84,19,
11,16,
36,70,
32,54,
-86,72,
-45,28,
3,2,
32,-12,
-31,-21,
17,56,
45,-28,
28,16,
8,32,
-36,16,
-27,8,
32,-36,
-19,17,
-26,-12,
10,-40,
34,-57,
28,9,
20,29,
-29,22,
-23,-61,
35,-8,
35,-36,
51,29,
-8,44,
-28,54,
-29,50,
37,59,
26,-9,
39,-5,
103,-5,
12,-12,
-63,-67,
-43,7,
56,-10,
58,11,
55,-8,
-65,30,
22,-53,
86,32,
13,-40,
13,-35,
-12,-12,
-6,-29,
-33,32,
36,37,
24,61,
-30,-47,
-27,-10,
-40,-33,
-26,43,
0,65,
-14,98,
25,62,
58,-20,
19,-16,
-39,18,
19,-8,
44,2,
12,-22,
-14,22,
-27,-1,
36,46,
6,-57,
58,-56,
27,-2,
-10,55,
40,68,
40,-29,
68,-83,
25,-13,
0,30,
-65,81,
-61,-6,
-24,-77,
-50,16,
-30,75,
-21,63,
41,-55,
75,-51,
33,11,
22,41,
-8,-21,
-15,-21,
-29,-34,
-24,-20,
-129,13,
-85,-11,
-23,-36,
-18,5,
30,54,
-43,87,
12,82,
-68,-6,
-21,-50,
12,-73,
51,22,
-64,68,
-77,70,
1,38,
17,9,
40,-20,
-85,27,
-80,28,
-49,11,
2,-74,
13,-98,
-43,-24,
7,51,
-14,85,
-29,10,
-122,-88,
2,-20,
-18,-25,
-40,-13,
-40,13,
42,7,
19,-18,
-50,-80,
-29,-13,
-44,11,
-25,-27,
-11,-71,
31,16,
70,73,
11,-14,
-39,-65,
-56,17,
-1,14,
35,49,
-12,-41,
-68,-51,
-71,-41,
-11,80,
26,65,
55,30,
35,-49,
-6,-42,
-66,39,
-29,35,
32,41,
56,-36,
24,-20,
25,-14,
-33,10,
-15,7,
75,104,
36,6,
-91,-44,
-42,-77,
28,-73,
-95,7,
-38,-23,
-33,-34,
-67,52,
29,-7,
132,-23,
61,51,
8,42,
-30,-4,
-29,9,
33,-17,
-7,-4,
-19,50,
-2,-9,
-51,-52,
-30,-31,
-14,6,
-58,9,
16,45,
45,9,
-39,-19,
-11,-24,
31,12,
-11,-31,
21,-5,
48,36,
-1,36,
-69,21,
-71,67,
-56,-82,
2,-38,
34,-21,
16,7,
3,-26,
23,-76,
95,13,
73,-50,
-10,-38,
2,-42,
-65,-12,
10,87,
16,53,
22,-21,
-15,-29,
71,9,
8,42,
-2,-44,
-110,-44,
-28,40,
-19,31,
32,47,
16,55,
69,32,
59,36,
45,-2,
-28,43,
-63,28,
-21,6,
-45,-18,
60,-31,
-24,37,
-23,45,
-65,-52,
5,-103,
-7,-46,
9,-6,
-1,22,
-13,30,
-103,38,
-31,89,
-26,-9,
20,26,
4,26,
-65,19,
-35,34,
17,20,
-42,43,
-35,-2,
11,-19,
25,-25,
22,-20,
68,-19,
-62,38,
-87,31,
-48,15,
45,-65,
13,-100,
-37,-24,
-27,-50,
37,-42,
125,-32,
48,-34,
-18,-14,
3,-20,
45,18,
78,-2,
-8,17,
-45,-20,
36,-27,
23,-29,
31,30,
-43,49,
44,38,
16,88,
-20,77,
-45,11,
-7,-22,
28,23,
-32,60,
35,54,
-74,3,
-28,-14,
-14,-28,
-10,-34,
7,75,
16,40,
27,39,
55,28,
2,-24,
14,-25,
19,26,
2,24,
5,-59,
-1,-56,
-19,31,
33,6,
18,87,
-5,22,
10,-11,
-53,-16,
31,54,
32,-3,
-5,-85,
-25,-3,
14,-27,
8,12,
28,9,
9,-9,
72,27,
-46,8,
-20,1,
60,40,
20,30,
18,17,
-4,39,
31,-37,
36,-42,
-17,-4,
-34,-27,
16,-3,
84,-1,
7,8,
50,45,
47,-30,
49,-57,
31,-44,
67,-40,
130,466,
-317,2596,
-1639,5999,
-2427,6685,
-719,3379,
1807,-574,
2452,-1133,
1060,950,
1,3234,
222,4195,
970,3145,
1076,1128,
379,75,
-485,479,
-989,1212,
-782,1021,
-391,175,
-86,-498,
-209,-503,
-724,-493,
-955,-572,
-476,-433,
226,-152,
420,202,
133,285,
-138,181,
-201,-24,
-162,-184,
-72,-240,
-77,-223,
-5,-194,
129,-207,
179,-250,
208,-472,
144,-326,
43,-210,
37,-347,
2,-330,
-50,-284,
-199,-171,
-284,77,
-218,257,
-219,78,
-192,-159,
-52,-214,
14,-166,
36,-231,
-36,-212,
-106,-196,
-49,-161,
2,-58,
83,-65,
33,-20,
3,-34,
12,-71,
109,-36,
148,-115,
305,-141,
299,-7,
147,44,
-51,72,
-93,24,
-20,99,
53,94,
-11,52,
-173,-102,
-247,-223,
-121,-148,
-60,-82,
-86,-8,
-50,-15,
-77,-64,
3,-87,
48,-124,
4,-195,
-71,-221,
-35,-424,
106,-579,
159,-637,
172,-331,
183,-22,
75,186,
-39,130,
-32,47,
6,-39,
144,-38,
67,17,
51,27,
43,46,
7,-52,
-1,-101,
-31,-110,
91,-126,
103,-111,
81,30,
25,14,
-21,-34,
43,-134,
22,-60,
-27,-36,
13,-45,
92,10,
-13,-20,
-14,-41,
-22,-121,
67,-106,
26,-100,
-56,-34,
-10,-22,
-9,-104,
0,-141,
16,-116,
-23,-131,
25,-132,
-14,-49,
-6,-20,
-3,-25,
17,-62,
47,-64,
58,-14,
49,-57,
57,-124,
12,-65,
-35,-57,
-1,-16,
-20,-56,
1,-84,
8,-33,
12,-1,
-10,7,
55,-53,
130,-73,
126,-114,
-9,-122,
-58,-55,
-36,-33,
38,-5,
116,-69,
78,-86,
22,-75,
-8,-42,
10,-25,
17,-105,
80,-73,
94,-17,
26,-52,
-100,-10,
-132,-92,
-99,-9,
-26,-64,
-20,-74,
16,-82,
-73,-14,
-48,99,
00>
_________________________________
00>
_________________________________
Sequence Number: 134
00>
00>
Printing STS0 CIR
00>
00>
_________________________________
00>
-15,22,
27,-30,
94,70,
40,-8,
47,-6,
63,-7,
-15,57,
-6,39,
39,0,
-42,-24,
-58,-13,
29,15,
-24,-32,
-20,-19,
-29,54,
-42,1,
11,7,
10,15,
-7,-18,
134,-18,
136,-5,
141,-4,
85,-19,
-10,51,
-18,50,
-33,-35,
55,-31,
22,-72,
-41,-21,
-7,6,
-2,-89,
23,-35,
-8,5,
30,24,
-7,-26,
12,-11,
51,12,
50,5,
1,50,
-64,51,
-37,20,
-27,12,
-17,10,
-6,-11,
-48,-40,
-76,-20,
-52,52,
65,44,
1,33,
9,27,
16,24,
91,-5,
81,-29,
22,-32,
11,-31,
-36,15,
-63,5,
-2,-24,
31,-9,
18,55,
-50,19,
-32,3,
-5,19,
14,28,
7,10,
-25,-50,
-13,8,
61,-59,
66,-34,
26,-30,
8,11,
19,-33,
-63,-25,
-24,23,
5,-54,
23,7,
4,-5,
23,-9,
-54,36,
12,68,
48,37,
11,17,
26,5,
-2,51,
25,17,
102,23,
104,-12,
30,-14,
3,19,
-28,20,
8,-42,
0,15,
-65,39,
-23,26,
-7,-9,
48,32,
33,19,
-66,26,
-70,-64,
16,-41,
73,-19,
80,-35,
33,42,
17,-44,
35,0,
-13,34,
-48,32,
-79,31,
-11,8,
1,1,
36,8,
38,-3,
16,14,
-17,-51,
-24,-21,
-73,-23,
-119,-9,
-68,19,
55,69,
117,52,
43,15,
6,-25,
-24,38,
-46,-7,
-35,-22,
6,16,
26,44,
-22,25,
-5,15,
9,20,
0,74,
-18,4,
-64,-15,
-2,-38,
-47,-17,
-4,-27,
-39,0,
43,-6,
1,36,
12,0,
21,0,
0,15,
-33,1,
-22,-23,
-58,23,
49,-22,
29,-36,
51,5,
42,20,
48,24,
41,-24,
24,-48,
-5,-41,
24,-28,
-9,-66,
40,49,
-29,86,
-21,2,
0,-13,
-60,73,
-31,63,
16,53,
-2,2,
37,19,
17,52,
12,34,
0,11,
-48,-37,
11,2,
10,-13,
-34,55,
11,116,
-53,41,
-41,25,
-33,2,
33,-6,
8,16,
-15,22,
72,66,
117,6,
101,32,
50,41,
-67,26,
-35,-48,
3,8,
14,22,
3,37,
0,17,
-75,46,
2,9,
15,-1,
-9,7,
-24,70,
-47,29,
9,10,
-2,-20,
43,-26,
-8,-19,
-15,-24,
21,-13,
-26,31,
-10,65,
-1,26,
19,-24,
64,-87,
-3,-42,
22,21,
-9,50,
34,24,
38,-13,
-15,-47,
24,20,
-5,7,
5,15,
15,7,
-34,-42,
-39,-66,
-20,-33,
20,-9,
11,-31,
-26,-16,
1,47,
49,-15,
22,12,
-27,63,
-25,-18,
-16,10,
45,54,
46,26,
43,31,
24,-23,
13,-67,
-4,18,
-50,1,
-58,-4,
-43,48,
-107,78,
-75,-41,
33,-34,
-13,38,
-24,25,
22,-42,
-7,-14,
-77,32,
-74,8,
-33,11,
16,-8,
70,57,
8,8,
-17,38,
-6,37,
4,70,
-59,23,
-26,46,
-34,44,
-24,45,
9,65,
-46,-30,
40,41,
69,-13,
18,10,
29,37,
3,52,
-65,15,
-7,-44,
-33,-12,
2,8,
25,-85,
-28,19,
46,33,
-34,47,
-33,20,
-45,45,
-25,53,
48,-34,
-12,-12,
20,-46,
29,-24,
-19,30,
78,-68,
20,-63,
-7,-21,
29,59,
6,-44,
-39,7,
-37,35,
2,32,
61,-27,
55,7,
13,49,
5,24,
-4,38,
52,16,
61,16,
31,65,
-57,40,
-128,-28,
-33,-32,
-29,-4,
-9,24,
-25,41,
2,-33,
-34,3,
-13,-18,
33,9,
-9,14,
17,-27,
-18,-12,
41,-26,
16,4,
45,118,
43,81,
-8,36,
-39,45,
-62,30,
-41,1,
-12,32,
-27,37,
-60,38,
-34,-11,
-16,2,
-40,17,
26,41,
-7,34,
-32,58,
16,43,
23,-32,
15,15,
-26,22,
-17,-39,
14,-13,
30,-10,
67,26,
27,-12,
-25,-38,
17,-33,
0,65,
22,27,
36,-72,
10,4,
79,55,
24,57,
11,-5,
-2,38,
48,17,
14,15,
53,-33,
56,-6,
-37,-17,
40,-7,
-64,70,
-25,20,
6,-14,
152,253,
579,2561,
911,7870,
149,8044,
-409,8021,
-282,2207,
369,-3348,
192,-2073,
84,130,
1216,-307,
2898,-2186,
2261,-2339,
231,-565,
-1425,1127,
-2280,1915,
-1534,1187,
-299,210,
142,-282,
-536,-39,
-1103,79,
-1538,49,
-1008,-65,
32,-474,
424,-535,
209,-167,
112,175,
-65,161,
-160,-233,
-209,-360,
-321,-309,
-283,-138,
-186,-138,
-129,-114,
-151,-327,
-202,-74,
-43,-2,
143,-2,
321,-27,
131,-121,
-129,-240,
-291,-122,
-534,-119,
-599,-99,
-508,-150,
-224,-159,
-87,-331,
202,-417,
344,-304,
205,-106,
135,-10,
-23,28,
39,1,
216,-9,
183,-234,
48,-320,
-104,-260,
-88,-132,
88,-106,
216,-11,
246,88,
97,171,
-75,232,
-175,279,
-113,293,
59,382,
55,516,
-58,68,
-57,24,
-90,-19,
-192,-553,
-282,-590,
-51,-432,
145,-127,
244,-49,
158,-223,
96,-441,
129,-487,
362,-703,
749,-843,
635,-499,
324,-79,
152,195,
2,42,
30,5,
-31,-2,
-84,-282,
-72,-145,
-48,-138,
-79,-67,
-122,-77,
-38,-195,
65,-141,
58,-43,
87,32,
94,83,
67,-1,
23,-10,
36,-123,
53,-82,
75,-20,
40,3,
26,-126,
-17,-162,
-20,-140,
48,-40,
2,-46,
-28,-58,
1,-33,
39,-48,
113,-74,
68,-31,
-3,15,
-34,-55,
67,-76,
27,14,
21,36,
32,51,
7,-27,
29,-88,
18,-71,
-2,-17,
-27,-55,
-1,-76,
-22,-42,
-4,30,
-11,-3,
23,12,
16,27,
10,8,
49,6,
40,-13,
5,45,
20,24,
55,-73,
24,-95,
3,-109,
-43,-9,
-23,41,
-63,-16,
-55,6,
39,-45,
50,-50,
-1,-24,
-86,11,
-3,-114,
-32,-162,
-55,-19,
-43,-1,
-78,12,
-92,-72,
-95,-140,
-24,-64,
6,-64,
-32,-3,
-10,-21,
43,-90,
75,-141,
40,-124,
-7,-87,
00>
_________________________________
00>
00>
Printing STS1 CIR
00>
00>
_________________________________
00>
5,-9,
9,-7,
-3,-44,
-104,30,
-54,-4,
-66,20,
28,-5,
122,4,
-4,-61,
11,2,
-34,-58,
-9,-38,
2,-11,
-54,45,
-46,54,
-24,-10,
-54,31,
15,-14,
-55,-32,
-65,-23,
-28,6,
-1,13,
-48,36,
-4,85,
-20,66,
-14,26,
-1,-23,
23,18,
-8,-5,
-14,-39,
-9,-8,
-37,-32,
-8,-5,
24,28,
41,-6,
68,-20,
105,25,
24,-48,
-26,-33,
-35,24,
8,8,
19,4,
-11,-26,
23,21,
-52,-10,
-20,34,
-34,-50,
-21,15,
14,7,
14,41,
2,50,
-29,68,
-6,19,
3,20,
98,10,
104,-80,
45,-51,
-69,-66,
-68,-21,
-64,34,
7,23,
-46,9,
-6,-37,
-5,-10,
-57,30,
5,28,
-8,-30,
29,17,
14,-23,
13,12,
7,-8,
-5,-58,
-60,-17,
-3,105,
-41,50,
-24,45,
-9,-17,
6,43,
16,22,
33,-48,
-45,5,
19,-27,
77,27,
70,8,
50,30,
41,-13,
-45,11,
-33,-5,
-1,-20,
45,26,
-3,-26,
1,60,
-43,-6,
-11,-50,
-4,4,
-23,-13,
-25,-51,
-19,19,
-7,3,
-1,47,
-6,-19,
-4,50,
44,60,
26,35,
-35,39,
-8,46,
-45,15,
-46,28,
15,27,
-36,57,
-8,-2,
-3,-29,
8,-47,
-34,16,
14,38,
-20,62,
-112,69,
-102,-3,
8,14,
22,-53,
7,-8,
39,46,
72,-22,
35,2,
1,41,
3,42,
-6,67,
18,41,
-20,51,
8,32,
54,14,
23,14,
17,-21,
-11,-24,
32,-47,
-27,-90,
-9,-4,
-36,24,
-42,-9,
-48,-19,
57,53,
-14,25,
-27,29,
-16,7,
-35,-18,
2,33,
2,9,
-38,16,
-50,-7,
-49,-15,
4,-21,
-13,-8,
40,15,
58,-25,
30,-22,
-15,19,
-2,6,
-23,18,
-12,1,
-9,-15,
-13,8,
-28,34,
-30,20,
11,-2,
67,9,
90,-9,
53,2,
-61,17,
0,15,
-11,40,
-13,24,
-9,-45,
-18,-13,
-14,-9,
38,0,
-5,-40,
27,-11,
-12,17,
-2,56,
24,0,
74,24,
80,33,
-6,31,
48,23,
15,-39,
25,7,
-34,68,
-24,13,
34,-4,
15,41,
-6,41,
28,-25,
0,-6,
-51,-14,
31,-3,
22,18,
22,54,
-5,32,
-72,39,
10,6,
43,-36,
15,-40,
-3,-38,
-14,-35,
-20,-8,
12,20,
39,-5,
-1,-44,
10,32,
7,2,
6,34,
31,-9,
-30,0,
43,11,
-48,19,
-8,51,
-9,7,
12,-6,
30,-35,
9,53,
-1,-2,
1,34,
26,43,
0,30,
-38,33,
-4,64,
-19,85,
-40,55,
4,-2,
-27,-37,
-34,-49,
42,30,
-19,22,
-58,57,
-60,-23,
-34,-28,
24,-18,
57,0,
51,7,
29,18,
-11,45,
-56,-21,
-38,65,
13,47,
-26,-25,
-97,-54,
-51,-12,
-66,51,
-8,28,
-8,-20,
-66,-45,
-82,-57,
37,-28,
7,-2,
4,-25,
-50,60,
-18,13,
2,5,
-39,75,
-71,49,
-93,32,
-58,9,
-38,-13,
72,-51,
2,-15,
10,10,
7,-9,
-16,-66,
8,-53,
19,-18,
3,-75,
-6,-2,
-8,-47,
4,-26,
-46,-31,
127,6,
41,-22,
65,-14,
-26,-75,
-28,19,
-2,34,
-30,28,
12,-14,
0,-15,
-3,68,
35,43,
-8,-12,
-5,-21,
-35,-11,
-10,45,
-12,31,
-97,19,
-117,10,
-79,26,
-18,-9,
22,-37,
-8,16,
-40,-47,
-68,9,
-51,-23,
0,-11,
-14,-31,
7,21,
37,61,
47,-18,
6,5,
14,32,
27,-48,
85,-14,
99,-53,
-21,-9,
-84,-26,
-46,-27,
-9,12,
-32,108,
-21,56,
-69,59,
-39,33,
-11,-22,
9,-48,
49,-50,
-10,-27,
25,4,
27,3,
20,32,
19,-8,
6,-49,
17,-6,
27,-5,
32,-52,
36,-35,
58,-5,
13,-48,
38,-33,
1,53,
-17,-4,
6,-49,
-33,-11,
46,-1,
1,23,
-32,-30,
-30,-41,
71,-56,
42,-5,
2,26,
-36,2,
-65,-37,
-1,0,
11,-34,
31,-16,
-31,31,
-61,46,
-7,29,
171,245,
713,2000,
1173,7241,
336,8014,
-252,7611,
602,710,
1428,-2825,
137,-1164,
-1860,98,
-3529,-824,
-3369,-1956,
-1848,-1338,
-303,-567,
671,-919,
1704,-2082,
1913,-1995,
977,-722,
-112,194,
-1014,119,
-1434,-77,
-2012,-327,
-1499,-183,
-718,61,
94,-95,
439,-109,
302,-36,
-92,-41,
-104,-377,
-9,-480,
-136,-385,
-401,102,
-432,472,
-84,418,
350,423,
583,142,
344,28,
214,-90,
133,-166,
15,56,
-53,373,
-218,472,
-555,310,
-510,-23,
-180,-289,
166,-284,
160,-204,
-78,-65,
-265,147,
-123,251,
154,198,
375,-81,
298,-40,
135,-178,
37,-402,
120,-436,
102,-188,
20,-64,
-260,-240,
-430,-429,
-356,-329,
-246,-166,
-234,-60,
-204,-90,
-132,64,
-91,140,
-101,156,
-114,24,
61,-8,
206,-9,
293,165,
203,162,
129,124,
70,62,
10,-50,
-66,-202,
-177,-266,
-143,-265,
48,-411,
469,-698,
794,-494,
478,-123,
132,114,
-26,93,
-43,25,
33,25,
6,78,
37,45,
60,39,
91,97,
89,116,
55,87,
63,60,
93,-19,
24,-6,
74,-105,
39,-89,
-28,-15,
-73,-44,
-42,4,
-76,3,
-135,7,
-104,-17,
-91,-46,
2,-94,
70,-47,
26,-25,
60,23,
89,108,
47,74,
58,14,
36,-101,
22,-115,
7,-36,
120,-13,
94,-31,
81,-20,
22,-46,
6,-16,
-16,57,
-14,16,
-26,-13,
-53,-67,
-106,-107,
32,-62,
80,-65,
25,-85,
64,-75,
117,-46,
144,-63,
35,-45,
5,-28,
0,-22,
29,-56,
113,-82,
47,-134,
-28,-17,
-112,-27,
-59,52,
49,106,
102,63,
27,21,
49,99,
56,-7,
23,-19,
18,-85,
43,-99,
-49,-81,
-38,-37,
67,-41,
24,1,
61,-8,
-36,-34,
33,-13,
79,-96,
89,-40,
-9,-19,
23,5,
48,-55,
24,-51,
00>
_________________________________
00>
RX Timestamp: 38416272606
00>
Clock Offset: -1000.500 Hz, 0.125 ppm
00>
RX Timestamp: 39486974909
00>
Clock Offset: -1974.964 Hz, 0.247 ppm
00>
_________________________________
Sequence Number: 11
00>
00>
Printing STS0 CIR
00>
00>
_________________________________
00>
55,-6,
37,-63,
47,-6,
89,18,
36,8,
25,49,
19,36,
5,-31,
2,-4,
-33,-24,
-37,-29,
48,1,
20,-18,
46,-28,
31,-52,
64,-43,
52,-56,
20,17,
-14,-14,
59,57,
57,40,
120,84,
61,69,
-12,68,
36,-7,
37,-74,
29,-63,
27,4,
22,-4,
11,-32,
-19,7,
-30,-3,
-26,11,
7,-27,
41,-9,
13,27,
15,28,
19,25,
58,-9,
46,-20,
4,3,
-17,69,
1,26,
-4,32,
53,-28,
33,42,
-40,-13,
-16,-2,
12,27,
-14,24,
-46,-13,
-32,-32,
-78,-27,
-70,-41,
-55,19,
8,-7,
70,5,
52,-1,
6,-12,
-46,-2,
29,-47,
29,47,
50,44,
13,36,
31,-1,
34,-43,
16,-53,
40,5,
-21,36,
-34,26,
104,-21,
29,4,
40,12,
17,17,
-1,-6,
-53,-78,
-37,-90,
-7,2,
-28,19,
7,21,
110,19,
64,15,
28,6,
-25,64,
37,-9,
6,-77,
36,-40,
18,51,
3,79,
25,24,
10,-34,
-9,-90,
13,44,
32,28,
21,19,
14,-30,
-63,26,
-24,16,
-8,-13,
28,-28,
-10,-27,
14,-29,
24,23,
-3,-19,
-10,2,
54,-16,
43,-44,
49,33,
26,-14,
0,-35,
9,-15,
-1,-11,
0,26,
47,33,
44,17,
37,10,
-19,-9,
-12,14,
-46,-2,
28,47,
80,58,
29,22,
15,-62,
8,-8,
-10,62,
14,67,
-7,42,
-35,-13,
-3,-14,
0,-23,
14,5,
-13,24,
-2,-44,
-10,-58,
-36,-78,
8,11,
6,50,
20,-1,
-60,1,
8,-63,
25,32,
67,73,
36,87,
71,31,
53,-55,
6,-6,
-39,-8,
-42,-13,
-37,-9,
-43,-29,
-2,7,
-15,33,
-5,3,
33,-19,
10,21,
40,-53,
57,-10,
49,5,
73,26,
71,41,
37,79,
7,-19,
0,-48,
66,-42,
17,-9,
58,-3,
2,-56,
50,-29,
62,-53,
25,-24,
20,16,
25,-65,
-1,-16,
-17,58,
15,27,
-9,46,
-47,-3,
-27,3,
-53,-4,
-15,-39,
-47,-17,
-52,-53,
56,-64,
62,-7,
25,4,
17,-43,
-22,19,
47,2,
77,-27,
10,-29,
26,-46,
73,25,
11,23,
6,-44,
-42,-63,
47,-45,
3,-3,
-1,-61,
-33,-6,
-9,3,
13,81,
-10,24,
32,-23,
2,-59,
-58,-7,
-10,35,
-10,31,
60,24,
81,-18,
38,13,
-2,-21,
1,42,
63,36,
58,31,
51,-67,
-23,37,
6,42,
-8,40,
-6,-20,
71,-2,
60,20,
4,1,
10,13,
14,15,
8,104,
-23,10,
-1,-14,
62,-28,
64,38,
30,41,
-30,-27,
-10,-1,
24,14,
9,5,
-16,-38,
53,-3,
47,28,
-10,28,
-7,33,
31,-3,
55,-72,
-60,-23,
-94,12,
-41,11,
-25,3,
-56,-33,
-17,-11,
15,10,
19,4,
23,17,
-83,56,
-12,-22,
20,-94,
45,-66,
17,11,
-2,24,
1,17,
-26,38,
65,2,
-13,34,
0,40,
41,23,
14,30,
20,-35,
-8,-17,
-31,35,
-28,95,
-29,0,
27,-20,
-7,6,
26,-16,
21,2,
-32,-47,
-12,-55,
-4,-4,
14,41,
66,17,
82,43,
-25,16,
-40,-60,
-34,-65,
19,-21,
10,94,
-21,41,
2,-42,
22,-64,
9,-58,
61,-51,
-9,3,
-22,35,
3,48,
37,-34,
-26,2,
12,9,
57,35,
2,7,
28,-9,
46,-42,
17,0,
55,44,
13,78,
-5,-5,
10,33,
45,48,
21,37,
0,3,
-27,-61,
-96,-62,
-90,-56,
-47,-9,
63,-22,
0,66,
25,-1,
8,-40,
-18,-41,
-37,2,
-22,-74,
-10,-13,
-40,9,
2,44,
-30,-10,
-55,21,
-20,27,
-61,-28,
-24,-11,
14,-6,
27,3,
16,-11,
27,22,
26,15,
-13,41,
-44,1,
-35,-63,
-34,-34,
-11,5,
6,54,
22,31,
-17,-2,
75,6,
121,-77,
8,-20,
16,4,
43,1,
14,11,
-5,-30,
3,-38,
-20,42,
-13,-11,
21,-11,
18,-16,
31,6,
-16,-8,
54,2,
40,-123,
397,-1168,
2970,-5887,
4713,-7309,
5147,-6783,
1731,-2317,
-2427,742,
-1752,54,
684,-404,
2775,1002,
2928,2475,
1623,1766,
399,647,
-532,630,
-1342,1183,
-1421,1032,
-586,269,
142,-126,
719,-33,
846,505,
1308,911,
1972,404,
1425,166,
348,145,
-28,59,
91,-47,
122,-136,
-14,-46,
-179,118,
-250,264,
-9,211,
157,51,
70,25,
-179,66,
-452,122,
-185,-32,
29,79,
20,130,
-68,89,
-72,150,
84,200,
400,288,
235,193,
-109,29,
-162,-67,
-169,-80,
-139,-51,
-147,-39,
-54,-16,
-46,-8,
-148,-58,
-103,-11,
-86,59,
-269,268,
-304,50,
-188,-201,
-71,-221,
-82,-89,
-176,137,
-243,236,
-205,247,
-133,195,
-39,72,
-8,-128,
16,-157,
17,-105,
308,261,
305,261,
305,306,
17,173,
-100,22,
-159,73,
-73,14,
-189,-57,
-148,-45,
-68,205,
58,429,
-10,514,
-288,660,
-517,522,
-343,148,
-168,-146,
-15,-314,
-81,-77,
-34,-56,
-25,51,
-62,81,
-78,44,
24,95,
174,114,
214,101,
59,56,
-69,37,
-41,63,
-1,102,
1,75,
25,77,
-35,48,
89,65,
55,77,
50,85,
30,126,
-41,79,
-133,88,
-151,3,
-166,20,
-148,36,
-112,9,
-87,-11,
-117,54,
-104,119,
20,89,
30,100,
-48,60,
-102,95,
-41,30,
-11,74,
-73,165,
-43,43,
-47,50,
-56,44,
-70,15,
-88,84,
-75,76,
-127,57,
-124,5,
-222,16,
-230,21,
-158,36,
-74,1,
30,-6,
-36,42,
-72,29,
-161,-28,
-152,9,
-53,94,
-44,75,
-143,14,
-44,10,
-94,30,
-74,37,
-43,-32,
-1,20,
22,-6,
-26,83,
-8,70,
0,64,
-7,-3,
2,10,
-52,107,
2,122,
-90,73,
-83,65,
-97,68,
-70,82,
-32,7,
26,20,
-2,6,
-9,7,
00>
_________________________________
00>
00>
Printing STS1 CIR
00>
00>
_________________________________
00>
35,53,
-27,54,
4,-12,
32,-31,
5,0,
11,-15,
-16,38,
-29,-7,
-16,46,
-39,12,
-6,-64,
12,58,
-38,36,
-17,30,
18,38,
-29,73,
-53,18,
-26,-18,
18,-41,
36,20,
34,44,
54,41,
-54,36,
-33,-39,
7,12,
21,15,
14,-4,
34,-9,
24,-1,
6,7,
18,37,
9,14,
-3,28,
-23,0,
-44,18,
-21,-83,
16,-10,
11,1,
29,-8,
102,13,
58,22,
-26,38,
17,46,
68,57,
2,29,
-27,27,
7,8,
-5,-13,
-19,7,
-19,45,
-1,9,
59,4,
28,-13,
31,-2,
-6,65,
23,41,
-23,20,
-31,62,
-24,66,
-22,0,
26,0,
35,21,
9,11,
-27,-56,
-28,-30,
43,-16,
10,-70,
14,-18,
35,-7,
57,5,
9,20,
-31,-62,
2,-53,
-13,-45,
20,-33,
29,-42,
-27,-44,
-41,-16,
9,37,
9,49,
-31,10,
24,9,
-10,2,
13,-3,
79,21,
97,48,
57,-68,
-43,-52,
-8,-50,
29,15,
58,-16,
62,28,
83,53,
86,-12,
13,4,
-22,-23,
-6,8,
10,-16,
-30,12,
-35,56,
46,7,
37,-1,
-3,-54,
-43,-17,
-8,1,
0,-17,
25,18,
33,-15,
-21,-11,
13,31,
15,4,
-14,-2,
-43,-14,
-41,45,
-18,34,
-10,-7,
-37,-23,
-31,42,
26,49,
77,37,
42,7,
-13,50,
2,65,
15,94,
30,54,
49,-12,
13,38,
-25,18,
25,-19,
-8,8,
5,31,
1,33,
10,-1,
-23,0,
4,21,
-16,51,
-32,30,
-4,87,
11,69,
2,24,
29,60,
36,-59,
-9,6,
-7,25,
-7,55,
22,28,
34,5,
-4,84,
35,73,
57,49,
46,36,
29,-12,
3,-14,
-10,31,
-10,68,
12,-14,
-3,-74,
2,-62,
14,13,
79,18,
85,49,
44,24,
-4,40,
28,49,
13,-38,
37,1,
-2,39,
-9,34,
49,-20,
66,49,
30,-29,
-29,-33,
-23,40,
-39,63,
0,38,
-17,-16,
-34,-14,
-6,-45,
-12,24,
-103,22,
-50,-19,
-17,22,
-17,93,
60,3,
-21,7,
-17,26,
-19,80,
-47,50,
-12,50,
-6,-15,
30,12,
-21,20,
36,-27,
55,26,
5,19,
83,58,
41,66,
124,62,
89,43,
36,41,
-51,16,
-72,23,
-20,23,
-35,25,
17,80,
42,36,
-11,24,
6,45,
26,-9,
23,-3,
0,-2,
-8,43,
-54,15,
-29,16,
-67,41,
-12,52,
13,20,
-11,-19,
-33,-56,
-18,25,
22,95,
-14,71,
7,19,
33,-46,
13,-32,
15,9,
-7,-8,
-51,-23,
-101,-11,
-50,2,
30,3,
40,-42,
35,18,
-52,53,
-43,64,
2,73,
-56,61,
-42,8,
-12,-45,
-12,-3,
-6,25,
-36,-12,
-39,15,
-16,77,
-21,14,
-43,6,
-30,0,
-37,103,
20,68,
-4,37,
-21,20,
13,9,
10,-36,
-14,-28,
-17,14,
-3,56,
-44,42,
-25,33,
30,-7,
25,67,
-20,49,
-27,-3,
13,34,
-20,37,
-51,38,
-13,69,
-16,19,
12,-32,
17,-15,
-51,-25,
-45,31,
38,48,
-14,91,
26,53,
36,25,
143,15,
139,46,
99,31,
47,31,
-24,-19,
24,-8,
16,43,
47,19,
68,-3,
48,-31,
27,17,
22,71,
-6,55,
55,65,
64,23,
49,2,
-16,32,
-45,54,
-20,-4,
13,36,
8,32,
-12,40,
-73,-11,
-66,34,
-79,-1,
-22,-26,
1,14,
-4,1,
-24,-6,
3,0,
1,29,
36,49,
5,58,
-24,-3,
-33,-14,
-79,34,
-89,-7,
-48,51,
-11,12,
4,6,
-40,-11,
9,55,
40,37,
1,18,
19,56,
32,66,
8,10,
-2,-1,
-13,38,
-6,53,
77,51,
50,15,
59,-23,
11,-41,
-34,27,
19,-32,
-6,18,
79,-5,
66,27,
16,29,
-47,13,
33,-9,
58,-27,
46,-10,
-3,-6,
-25,-14,
-22,12,
-39,-41,
3,-39,
41,-9,
24,35,
-15,56,
-28,28,
-5,35,
-47,8,
-16,47,
6,32,
47,11,
8,-195,
194,-1482,
1427,-5553,
3117,-7647,
3230,-6852,
-117,-1903,
-3483,1503,
-3072,465,
-783,-2478,
206,-5268,
-374,-5455,
-1093,-3067,
-868,-764,
-60,-337,
881,-1084,
1222,-1524,
739,-771,
280,136,
100,849,
629,437,
1056,697,
898,948,
218,669,
-537,166,
-421,-300,
39,-430,
288,-135,
311,167,
130,275,
53,233,
45,237,
-40,269,
-183,338,
-210,459,
-316,622,
-29,159,
54,211,
36,503,
-3,521,
72,438,
126,159,
259,-166,
375,-205,
346,104,
270,306,
136,296,
55,280,
32,303,
78,240,
163,267,
184,249,
34,19,
-7,-17,
40,5,
83,89,
15,129,
-138,118,
-361,202,
-501,189,
-324,4,
-61,-59,
95,-83,
62,-88,
-38,-54,
-35,-50,
114,4,
231,226,
238,194,
79,180,
-1,150,
81,-6,
227,97,
165,271,
42,279,
-90,245,
-112,404,
6,413,
-27,528,
-216,739,
-396,794,
-291,374,
-69,-43,
101,-214,
48,-48,
16,12,
4,83,
-80,21,
-66,-19,
11,-148,
19,-155,
65,-29,
2,253,
-73,219,
-137,172,
-107,117,
-46,30,
21,26,
50,87,
50,142,
25,97,
-31,60,
-34,83,
-33,171,
-34,193,
-4,205,
21,180,
70,135,
42,204,
25,136,
-19,120,
17,123,
8,120,
13,135,
-8,123,
-32,147,
-16,26,
-12,36,
7,110,
29,140,
38,178,
17,172,
5,207,
14,228,
1,199,
3,136,
-21,89,
30,97,
9,138,
11,134,
-21,99,
2,123,
40,41,
26,95,
-40,202,
-124,179,
-49,155,
-33,147,
5,131,
17,134,
26,174,
19,156,
-8,75,
15,118,
31,133,
11,123,
-19,101,
-21,108,
16,33,
30,74,
60,114,
84,145,
16,133,
1,161,
46,132,
33,163,
-6,159,
18,127,
-20,110,
-46,154,
00>
_________________________________
00>
_________________________________
Sequence Number: 14
00>
00>
Printing STS0 CIR
00>
00>
_________________________________
00>
3,54,
15,27,
-35,44,
-67,-14,
4,-44,
51,-11,
23,-17,
22,-4,
31,-14,
-10,12,
-14,-13,
-58,23,
-3,35,
14,35,
-28,-1,
5,-6,
58,-43,
20,-25,
-5,-68,
-18,-2,
-46,-39,
-14,-5,
3,61,
-28,30,
-74,28,
-45,61,
-19,-2,
7,82,
5,36,
-3,39,
-60,-47,
65,49,
22,32,
-2,20,
-14,39,
-77,71,
-4,39,
-12,-45,
-7,-43,
-18,-26,
-15,-39,
33,10,
15,-40,
-18,28,
-43,46,
-18,-5,
22,-5,
-44,20,
1,-42,
31,12,
-26,-77,
20,-56,
30,-26,
-22,-8,
-42,42,
-30,7,
-48,-15,
-27,-11,
-10,-38,
9,27,
-11,13,
9,23,
-46,44,
-10,-9,
50,17,
-8,-41,
-60,43,
-45,44,
-46,-20,
10,20,
1,-7,
-17,34,
40,59,
29,5,
1,41,
-26,39,
-59,5,
5,-2,
-27,55,
-38,-21,
-16,-58,
6,2,
3,-20,
32,13,
58,32,
15,48,
-26,1,
32,20,
-7,31,
-27,28,
-30,24,
8,-85,
41,9,
-40,-51,
40,14,
57,33,
11,10,
-13,12,
-20,45,
-12,78,
34,42,
15,-41,
5,-17,
-20,38,
45,48,
37,52,
-4,23,
-76,-32,
-7,-35,
59,-10,
-26,-49,
-9,-41,
-33,-7,
-69,11,
-87,-16,
-2,2,
8,8,
-22,18,
-47,-30,
-44,-24,
-11,-24,
-23,-5,
5,100,
31,30,
25,29,
61,27,
18,74,
-91,79,
-13,24,
-5,5,
11,-28,
-59,-57,
-13,-40,
27,19,
-32,2,
-53,-24,
-31,-38,
-7,-34,
58,-10,
54,-47,
3,48,
-29,43,
10,45,
14,86,
-26,58,
20,21,
82,58,
26,108,
30,60,
3,9,
40,37,
1,-5,
18,10,
-11,-9,
-20,31,
8,9,
-34,-39,
-50,4,
-18,-4,
-38,38,
-54,27,
16,9,
45,-41,
30,18,
-14,-3,
27,24,
-39,24,
31,-12,
23,20,
-65,-65,
-53,-40,
24,-31,
25,7,
-4,-12,
90,10,
10,17,
-7,6,
-22,43,
6,24,
-43,18,
-23,-60,
23,-50,
-38,-18,
-17,4,
-7,-8,
-46,-56,
-26,-71,
49,73,
19,34,
2,24,
33,22,
31,-8,
17,-17,
15,-34,
-14,-34,
-22,1,
-19,39,
31,55,
-22,72,
-19,-74,
-23,-67,
12,-34,
24,24,
13,-12,
-7,36,
34,1,
45,26,
-48,-24,
-27,-23,
36,45,
38,38,
52,-61,
21,-56,
2,-58,
32,83,
54,67,
52,64,
-10,0,
-22,-29,
-19,9,
0,52,
33,35,
-10,17,
-42,-26,
1,12,
49,5,
34,18,
1,23,
6,16,
-49,-18,
-11,3,
22,60,
33,56,
-16,5,
-67,30,
-1,6,
-14,38,
-45,25,
-10,15,
25,-32,
58,-15,
-44,-22,
90,26,
9,-23,
-25,-1,
11,7,
-26,97,
-17,12,
-1,-18,
12,4,
0,19,
4,-33,
-10,23,
-12,60,
-15,44,
-96,43,
-67,-9,
8,16,
85,27,
-6,-31,
-56,-35,
-14,-3,
-10,22,
-64,36,
-58,0,
-29,-55,
-55,-30,
82,26,
56,-19,
29,-14,
37,16,
40,20,
33,21,
0,-18,
30,-58,
30,-25,
63,6,
36,-38,
25,-33,
24,10,
23,32,
7,19,
-39,9,
-14,17,
-7,-2,
-19,12,
-21,30,
-55,-19,
19,-32,
-13,11,
-24,20,
-45,-17,
44,24,
0,66,
42,-62,
26,-11,
18,32,
10,-4,
19,14,
-29,17,
47,63,
32,25,
-1,44,
-51,17,
-53,6,
4,13,
12,25,
59,16,
11,46,
25,72,
27,63,
39,15,
8,-32,
-14,-11,
-33,18,
-16,6,
-2,79,
16,12,
46,24,
25,8,
-40,19,
-35,61,
-33,9,
52,-46,
-26,21,
-18,47,
23,50,
5,-24,
-12,-3,
13,0,
-20,-11,
-90,5,
22,-14,
81,-9,
113,89,
87,40,
-38,20,
10,-32,
-4,44,
-14,91,
-2,57,
-10,-4,
11,1,
20,-4,
2,-37,
-34,-38,
41,-10,
32,37,
-16,17,
-26,9,
-49,36,
-19,15,
65,16,
32,-13,
-12,-33,
-1,25,
22,-2,
240,-423,
2445,-3316,
5900,-6269,
6577,-5980,
6427,-5035,
119,-6,
-2719,1975,
-804,672,
37,-330,
-1580,-713,
-3658,-559,
-2352,33,
164,290,
2313,511,
2780,608,
1280,365,
10,42,
-254,131,
529,510,
879,867,
1018,1232,
341,539,
-532,163,
-595,57,
-198,-118,
138,-109,
221,58,
-72,438,
-83,408,
28,388,
11,306,
-46,179,
-70,201,
-146,415,
105,166,
10,30,
-151,-152,
-229,-172,
-220,83,
-13,311,
135,426,
229,586,
225,570,
157,399,
78,291,
-252,181,
-548,0,
-457,-25,
-204,-39,
-39,-69,
-10,-11,
-93,-77,
-107,-128,
-127,58,
-169,276,
-125,218,
-110,101,
-209,38,
-223,-112,
-30,-141,
121,-101,
216,-5,
251,75,
200,-65,
172,-222,
333,-282,
83,30,
86,84,
-45,242,
-201,407,
-335,427,
-229,156,
-197,-110,
-253,-97,
-325,28,
-469,186,
-396,167,
-856,75,
-977,-89,
-625,-195,
-134,-163,
76,-198,
-5,-67,
-11,-17,
-37,131,
-84,172,
-100,217,
-2,176,
-8,157,
-110,111,
-174,57,
-201,13,
-1,-25,
4,-22,
-43,-19,
-74,-30,
-57,-2,
-83,19,
-43,-15,
59,22,
7,48,
-101,139,
-115,200,
-98,31,
-43,-8,
40,3,
37,43,
-49,76,
-93,-1,
-47,-12,
-67,-63,
-2,48,
-76,104,
-141,138,
-74,17,
-22,34,
0,-42,
-10,8,
-24,46,
-9,76,
25,63,
-13,79,
-28,57,
-8,12,
0,-2,
-18,17,
38,31,
11,27,
-53,37,
3,61,
-21,61,
-29,54,
-40,56,
-38,23,
-20,98,
23,81,
-15,-3,
46,66,
75,117,
-2,48,
-61,27,
-69,-15,
-100,-29,
-42,23,
-17,82,
-2,100,
40,68,
16,23,
3,36,
12,105,
-21,121,
-57,60,
-11,55,
-73,67,
-47,43,
00>
_________________________________
00>
00>
Printing STS1 CIR
00>
00>
_________________________________
00>
28,-42,
35,25,
5,3,
54,40,
-17,44,
21,47,
67,28,
51,65,
11,6,
17,64,
3,-23,
-13,-64,
-13,-25,
-30,30,
-26,35,
-65,-18,
-13,-12,
21,-16,
-34,-18,
-53,19,
24,8,
70,8,
29,21,
-5,93,
-19,94,
-29,64,
22,39,
50,43,
55,-8,
39,5,
-49,-2,
-54,-9,
-21,-13,
-9,-33,
19,-31,
-9,-7,
16,3,
-4,-7,
-41,-2,
-1,4,
-39,-71,
-69,-106,
0,-5,
37,75,
42,-13,
31,-33,
58,-18,
-11,-28,
-10,17,
15,10,
-18,36,
-27,40,
-14,39,
1,23,
-62,43,
2,-18,
-22,-28,
43,31,
-21,53,
-57,50,
-57,33,
-4,-36,
-6,0,
28,14,
9,80,
32,27,
65,15,
39,-14,
98,-13,
43,26,
43,35,
6,-14,
20,58,
49,80,
-13,-24,
39,-19,
42,-31,
5,19,
47,10,
59,-49,
97,19,
56,-11,
14,-25,
-23,45,
-89,57,
-12,4,
19,33,
3,8,
62,66,
6,15,
-29,27,
-9,37,
52,62,
17,62,
8,28,
22,0,
-15,2,
6,1,
43,9,
22,-46,
-19,18,
32,44,
44,99,
-9,-86,
8,-96,
35,-16,
26,1,
-21,101,
-20,-3,
31,-2,
6,2,
-22,17,
-8,38,
11,0,
15,-14,
-35,-12,
-67,42,
-48,19,
-22,21,
-32,-8,
-13,-2,
27,-22,
-11,37,
11,64,
13,57,
11,65,
45,-27,
-29,-39,
-2,-56,
-5,14,
-10,41,
34,56,
18,-4,
36,-26,
35,-17,
-14,-53,
-42,-35,
-72,-56,
48,-13,
50,-25,
5,37,
-19,29,
38,43,
36,43,
-12,15,
25,22,
40,-37,
10,6,
-16,-10,
-11,61,
6,51,
18,20,
31,8,
27,-9,
19,-7,
34,-37,
-34,-25,
-30,-32,
31,-34,
26,-3,
2,-45,
11,9,
-68,27,
10,15,
19,24,
10,22,
-28,61,
-31,-16,
9,-18,
39,84,
69,17,
16,-28,
-24,-12,
5,-22,
89,-19,
33,-6,
12,-6,
51,5,
11,-3,
65,-18,
27,6,
24,49,
2,-30,
0,-36,
4,-15,
7,36,
51,22,
86,16,
8,24,
-5,60,
27,31,
15,-40,
-47,-51,
-13,9,
6,5,
124,-6,
99,28,
-10,8,
-44,44,
-22,-51,
22,-18,
-3,41,
11,4,
29,-19,
1,16,
10,20,
75,68,
58,4,
-4,20,
-16,5,
-18,-13,
-6,-9,
29,-3,
17,16,
26,64,
-13,-60,
-58,-67,
-67,-28,
32,48,
54,14,
26,5,
-49,-18,
42,-45,
60,-53,
50,-19,
42,44,
8,50,
-61,14,
25,-13,
45,-52,
71,-58,
36,20,
27,-2,
32,-6,
28,-98,
8,-71,
-24,-38,
-30,-20,
43,38,
9,3,
-62,-19,
-48,-19,
-40,53,
-38,27,
-13,14,
10,0,
-2,-56,
-18,-26,
42,19,
38,55,
59,-14,
-5,-9,
38,-14,
16,27,
44,46,
102,50,
78,10,
11,17,
-26,6,
4,-87,
17,-108,
30,21,
60,5,
19,-30,
-4,-23,
-37,40,
-31,-9,
13,-49,
35,-13,
55,-13,
65,41,
30,81,
39,92,
-14,-6,
33,0,
36,56,
53,11,
46,14,
-30,13,
-14,-7,
-19,28,
-37,22,
-37,11,
4,1,
44,-3,
12,72,
-31,24,
-35,-25,
-32,-27,
-3,0,
-47,57,
-63,68,
-1,38,
21,-43,
35,-47,
24,12,
-48,-1,
1,38,
34,-9,
-1,-83,
76,-73,
94,37,
49,51,
40,72,
-26,-16,
-25,5,
2,21,
27,40,
5,43,
11,-21,
-4,-45,
27,27,
31,35,
61,-10,
40,6,
-68,13,
-69,28,
-11,54,
-37,65,
-18,38,
-18,-14,
17,-19,
-2,2,
-27,22,
52,44,
20,7,
-2,-12,
-38,-64,
-20,-14,
11,15,
52,40,
145,9,
51,-7,
23,-8,
0,17,
57,14,
22,75,
-41,24,
35,8,
14,14,
-27,7,
-12,12,
-24,47,
-26,-33,
18,-21,
2,-10,
35,-70,
-13,-66,
46,-30,
68,23,
77,21,
20,-18,
8,-50,
4,-31,
51,35,
24,-11,
28,-72,
393,-639,
2313,-2855,
5840,-5717,
6564,-5350,
4480,-3516,
-1451,-123,
-2799,803,
-109,752,
1486,1865,
1196,3394,
296,3254,
38,1507,
-421,370,
-1625,30,
-2757,-82,
-2178,-259,
-581,-213,
458,105,
771,853,
844,1277,
1067,1782,
853,919,
285,347,
-278,13,
-362,-140,
-102,-78,
-39,163,
-244,361,
-332,340,
-47,256,
521,143,
643,-60,
302,-319,
80,-522,
-209,-327,
-218,-194,
-298,-11,
-148,80,
216,-6,
392,-107,
631,21,
535,287,
128,423,
-202,255,
-243,64,
-18,48,
157,179,
260,119,
168,-60,
-3,-265,
-213,-124,
-150,-61,
-362,171,
-305,159,
-312,108,
-180,40,
-178,155,
-70,499,
-42,615,
36,455,
-8,309,
63,284,
143,193,
203,100,
215,11,
196,-20,
-18,3,
-114,-85,
-166,-229,
-45,-267,
6,-115,
-10,9,
-21,-42,
-61,88,
-96,293,
-138,335,
-272,309,
-665,198,
-989,-76,
-726,-223,
-163,-137,
125,-52,
49,-31,
2,-70,
17,-114,
86,6,
32,-2,
29,-80,
48,-94,
73,-115,
29,-67,
-24,-105,
-42,-28,
-65,-45,
-12,-5,
26,10,
-37,55,
-37,40,
73,5,
86,26,
104,97,
63,82,
31,74,
3,24,
-12,26,
50,6,
41,-37,
-15,-69,
8,-47,
3,12,
-31,29,
-114,1,
-55,-47,
-34,-115,
-57,-82,
-25,-37,
-95,-30,
-18,-16,
26,28,
27,6,
102,-8,
56,10,
61,84,
-10,74,
-96,47,
-93,5,
-80,-1,
-9,-17,
-4,-68,
-55,-28,
-20,-41,
-29,-16,
-93,-4,
-85,32,
-36,26,
25,58,
61,52,
-26,-44,
-9,0,
5,-5,
-27,-19,
-30,19,
22,3,
8,25,
4,11,
16,20,
-68,15,
3,41,
3,71,
15,-3,
-20,-15,
-14,-26,
-15,-83,
-19,-2,
-82,13,
00>
_________________________________
00>
RX Timestamp: 178441875445
00>
Clock Offset: -1112.080 Hz, 0.139 ppm
00>
RX Timestamp: 179513567428
00>
Clock Offset: -2253.914 Hz, 0.282 ppm
00>
_________________________________
Sequence Number: 147
00>
00>
Printing STS0 CIR
00>
00>
_________________________________
00>
-13,-20,
-12,45,
24,2,
-28,37,
-6,11,
12,-6,
31,-11,
-14,-57,
-46,7,
-116,-14,
-55,-41,
8,4,
22,-14,
-44,-57,
-47,-1,
43,-63,
59,19,
49,65,
-26,49,
-24,32,
-1,-18,
5,18,
18,28,
-57,-20,
-73,-71,
-31,-90,
-37,-92,
-35,-25,
-87,4,
-11,-1,
0,40,
-6,23,
17,39,
0,-41,
-48,-33,
-20,-15,
31,9,
19,37,
-39,19,
24,81,
59,26,
-18,40,
-24,-53,
-32,3,
63,48,
55,44,
9,55,
-9,65,
-7,28,
-55,-8,
39,-74,
2,13,
-37,-19,
-96,7,
-53,51,
13,95,
49,-3,
-6,-70,
13,3,
5,14,
13,-2,
32,41,
-1,-1,
-5,-40,
-4,18,
17,35,
43,-5,
-45,6,
-91,14,
-74,9,
-28,-24,
20,-22,
22,39,
-7,-4,
-9,-37,
25,14,
-18,51,
2,64,
-10,19,
-16,99,
-9,95,
7,35,
32,-62,
51,-51,
37,9,
-5,54,
61,48,
46,96,
-21,-21,
-34,-15,
15,17,
18,116,
24,24,
-15,28,
-42,-45,
38,46,
-30,-54,
10,-102,
40,-10,
-17,26,
39,32,
-7,36,
19,-9,
1,7,
-8,1,
9,53,
-23,-9,
37,45,
75,13,
88,22,
57,16,
31,6,
38,64,
19,9,
79,-51,
65,-74,
11,11,
-2,16,
11,-47,
13,-52,
-50,-36,
-34,33,
-26,-8,
20,-15,
34,22,
21,5,
-18,22,
30,-10,
-28,-61,
-13,-6,
-31,13,
-11,14,
-57,37,
30,91,
81,46,
111,-7,
105,-32,
16,4,
-1,-26,
-46,-67,
69,-30,
25,18,
-5,-9,
-10,5,
-6,-44,
75,-32,
-62,37,
-16,-9,
-6,6,
29,3,
33,-17,
-4,-21,
22,-10,
-11,67,
-5,27,
9,-5,
-50,17,
-43,34,
-45,18,
37,59,
9,44,
6,55,
27,-40,
-4,22,
8,-39,
2,-20,
-24,5,
21,61,
41,85,
14,29,
-19,-14,
8,23,
-60,57,
11,21,
-28,-2,
-73,46,
-67,90,
10,-22,
30,22,
-6,19,
-1,-40,
49,-37,
35,-6,
-6,18,
66,92,
66,108,
48,59,
-10,8,
-67,-11,
-13,-9,
-15,15,
36,0,
-4,6,
59,21,
6,-30,
-24,-37,
3,-74,
32,-24,
-26,38,
-5,30,
-5,29,
97,85,
22,-15,
-16,-4,
-53,-10,
16,44,
6,-14,
-11,-12,
-4,76,
-17,76,
17,15,
-69,-1,
-84,29,
-6,121,
-44,124,
-32,73,
-7,16,
-18,-4,
4,30,
-8,-13,
13,-44,
-29,-28,
-51,45,
-8,48,
-41,17,
-44,69,
-53,-8,
-39,-43,
20,-44,
-11,29,
-39,55,
23,74,
45,24,
-49,44,
-47,54,
39,41,
1,11,
6,24,
32,87,
10,82,
-7,24,
-16,63,
16,83,
49,109,
21,-8,
20,-69,
-26,15,
-79,34,
-21,-35,
-25,79,
-26,23,
80,-25,
110,-33,
9,11,
-87,-19,
-54,27,
18,16,
50,-9,
35,9,
-46,13,
10,7,
15,-35,
-31,27,
-82,52,
28,30,
14,29,
-49,118,
-41,35,
38,33,
33,-3,
21,16,
-9,-22,
-40,38,
-33,35,
35,-2,
37,37,
-37,-21,
-6,4,
13,78,
80,80,
-16,34,
-17,19,
-15,64,
-1,55,
-9,9,
-1,0,
-79,-23,
-49,12,
-5,36,
-66,0,
-92,74,
3,-9,
4,-7,
53,26,
29,-24,
9,19,
11,19,
61,38,
27,-14,
-19,-24,
-43,71,
57,90,
-9,92,
-7,19,
-6,3,
36,-44,
40,-21,
5,-27,
-17,12,
55,-8,
-44,25,
-42,-21,
-2,-49,
-25,-63,
-39,-6,
-39,45,
21,69,
-25,10,
65,16,
115,15,
49,-18,
-15,6,
-70,-26,
-24,-23,
91,3,
39,11,
21,110,
67,13,
87,115,
110,38,
22,-3,
-38,-33,
5,-33,
114,63,
12,32,
-35,95,
21,97,
21,57,
16,122,
2,25,
66,22,
6,9,
-41,-14,
-12,43,
-36,-53,
-47,0,
-24,55,
-28,-24,
2,-22,
40,-19,
36,-28,
101,7,
26,35,
-72,32,
-46,10,
-12,-14,
-21,-44,
13,-124,
381,-725,
2130,-3156,
4614,-5615,
4925,-5279,
1791,-2152,
-1587,283,
-1640,104,
396,-226,
1774,709,
1826,1840,
1138,1571,
353,628,
-475,414,
-1130,801,
-1270,721,
-592,178,
46,-129,
428,3,
668,397,
1030,734,
1395,646,
893,362,
235,169,
-15,104,
112,-37,
97,-142,
-13,-46,
-218,160,
-218,207,
-85,164,
165,32,
159,14,
-57,102,
-268,104,
-104,161,
9,181,
52,30,
-24,28,
-44,109,
52,215,
245,323,
128,172,
-59,51,
-162,-13,
-129,-124,
-130,-127,
-115,-65,
-86,-61,
-55,-33,
-10,-51,
6,-10,
-112,88,
-170,150,
-187,-4,
-163,-122,
-77,-154,
-73,34,
-158,69,
-292,43,
-198,95,
-126,111,
-58,33,
9,-81,
84,-116,
81,-74,
77,74,
140,283,
137,258,
91,94,
14,-63,
-57,21,
-78,-29,
-154,40,
-72,-78,
-111,160,
-20,257,
-105,358,
-220,406,
-306,337,
-324,144,
-210,-114,
-70,-210,
-21,-99,
-58,-39,
-73,63,
-62,53,
-64,28,
20,82,
28,118,
75,87,
33,70,
35,64,
5,63,
-27,56,
74,75,
74,14,
79,-15,
46,20,
-19,14,
47,-16,
-75,24,
-93,22,
-60,93,
-97,28,
-142,-74,
-110,-48,
-25,50,
-75,111,
-73,58,
-6,47,
-61,104,
-56,88,
-91,85,
-114,108,
-39,55,
-84,16,
-26,62,
-107,77,
-121,14,
-33,-25,
-43,36,
19,70,
12,126,
-31,95,
-98,101,
-156,30,
-143,-35,
-78,16,
-85,-13,
-52,27,
-70,-55,
-55,-48,
-32,42,
-7,62,
-55,42,
-4,96,
-23,37,
-68,1,
-36,8,
-41,72,
-114,116,
27,100,
-29,26,
-34,55,
11,110,
-3,67,
-43,2,
1,44,
-51,110,
-124,143,
-104,122,
-61,58,
-70,109,
-89,44,
00>
_________________________________
00>
00>
Printing STS1 CIR
00>
00>
_________________________________
00>
24,24,
-32,-13,
-15,83,
31,59,
20,-14,
41,14,
17,-35,
73,-11,
69,-11,
-58,22,
-31,44,
-4,48,
35,36,
-1,37,
26,-25,
33,-81,
52,2,
-9,43,
-57,41,
-12,38,
95,13,
94,44,
-14,17,
50,-52,
45,-18,
46,104,
27,58,
-3,-30,
-9,-1,
53,8,
54,22,
20,24,
14,27,
13,-69,
23,-31,
-36,-33,
-26,-7,
74,7,
78,35,
-51,78,
6,58,
-51,53,
67,30,
31,-10,
-101,37,
-54,0,
-15,10,
41,56,
110,31,
9,15,
-18,-37,
-62,-26,
-59,26,
10,-10,
19,20,
10,-10,
27,-43,
0,-8,
-94,73,
6,79,
82,62,
57,57,
-16,56,
-34,-2,
-49,-10,
-38,-20,
-33,-48,
13,2,
-6,4,
14,-33,
51,-12,
30,15,
-3,0,
1,-25,
29,48,
28,27,
26,-63,
39,-30,
91,-28,
91,152,
65,7,
44,-3,
40,-3,
-11,71,
70,79,
71,-17,
34,-8,
-27,46,
-47,48,
-1,70,
-65,62,
7,-52,
-37,-23,
-49,-59,
62,-16,
57,-17,
86,-63,
69,-1,
-54,-35,
-67,13,
-1,39,
-17,31,
68,-1,
-11,-18,
63,-9,
28,23,
19,-38,
18,-78,
-75,-27,
-35,59,
56,46,
85,-29,
96,4,
44,-25,
-77,5,
-79,11,
-1,5,
23,59,
6,18,
7,-46,
30,10,
-23,68,
-104,121,
-69,97,
2,14,
39,7,
7,102,
35,69,
108,41,
47,79,
12,54,
-10,-1,
8,16,
70,-47,
78,-19,
92,-58,
31,-52,
2,63,
-25,22,
-57,17,
-51,-42,
15,79,
54,70,
-12,20,
-12,6,
-12,56,
-4,88,
7,-70,
-35,-39,
-96,34,
-55,8,
23,-78,
29,-102,
6,-54,
5,-32,
45,8,
-11,38,
-10,-26,
-34,-25,
-29,-104,
-124,-40,
-14,-33,
18,-35,
31,-57,
2,-63,
59,25,
39,93,
5,74,
53,47,
42,19,
-13,31,
-64,22,
9,76,
28,18,
26,-45,
28,-17,
119,44,
114,94,
30,40,
-53,65,
-34,58,
-18,32,
70,40,
37,93,
10,44,
-5,1,
41,0,
66,12,
30,10,
14,46,
-16,10,
19,-8,
-13,73,
-67,46,
2,-25,
-22,-11,
32,45,
-24,61,
-5,40,
56,-27,
21,-75,
24,-13,
-3,14,
-80,26,
-42,42,
-44,4,
-8,1,
-1,13,
40,-50,
93,20,
-16,4,
-14,9,
28,22,
60,9,
10,40,
19,-24,
25,-43,
60,21,
-8,54,
-53,55,
-25,29,
6,51,
38,32,
72,10,
33,24,
3,-10,
76,-30,
24,-44,
30,26,
5,12,
-35,-40,
47,30,
147,78,
86,88,
46,-36,
-53,21,
3,-12,
4,33,
24,77,
38,60,
-57,-16,
14,-48,
37,-21,
46,8,
2,42,
15,42,
50,7,
47,-24,
61,-17,
71,-12,
11,99,
-89,82,
-52,36,
41,-60,
27,-47,
14,27,
28,42,
31,8,
-38,-10,
-7,33,
-3,-2,
3,105,
-6,70,
-1,20,
-36,-58,
-36,-10,
-56,3,
-22,27,
36,53,
16,20,
-10,22,
67,33,
40,45,
60,55,
32,78,
0,107,
-47,82,
-64,39,
1,62,
15,60,
-46,-23,
0,-41,
65,-22,
-17,35,
-14,-24,
-20,-19,
9,-12,
-32,15,
19,36,
-29,54,
11,-38,
-19,-17,
6,42,
0,-14,
-1,-14,
51,120,
50,74,
46,82,
91,-5,
38,-99,
-6,-91,
-48,-64,
65,50,
74,45,
8,9,
17,38,
5,35,
29,38,
12,8,
-37,35,
-2,-1,
2,-41,
29,18,
42,29,
3,74,
-90,66,
-56,72,
15,61,
-23,55,
34,4,
107,-72,
108,-23,
41,-50,
28,40,
98,27,
7,-8,
-44,-80,
-73,-94,
-21,-34,
76,-63,
-10,-21,
-6,17,
2,-27,
37,-4,
54,66,
33,77,
10,-26,
9,-8,
3,20,
31,16,
32,35,
67,76,
56,46,
-34,0,
2,38,
98,18,
82,38,
-3,50,
-67,18,
-61,-85,
-15,-92,
7,-53,
-53,-17,
-95,-17,
-99,37,
-62,96,
-2,94,
14,-39,
173,-697,
1403,-2894,
3565,-5418,
3857,-5413,
821,-2299,
-2518,376,
-2476,364,
-371,-1337,
922,-3216,
714,-3853,
-230,-2729,
-738,-980,
-134,-151,
798,-446,
1236,-934,
872,-653,
227,56,
-63,486,
250,566,
676,670,
682,730,
210,477,
-283,110,
-325,-251,
-15,-337,
234,-136,
198,148,
104,261,
76,199,
29,166,
-57,184,
-136,217,
-194,182,
-290,389,
-171,278,
-22,276,
-43,363,
-48,302,
0,288,
110,183,
201,-47,
225,-83,
226,15,
175,230,
135,339,
-6,241,
-88,222,
-17,183,
37,255,
145,162,
87,89,
56,-70,
44,-24,
123,43,
87,67,
-76,41,
-240,31,
-268,1,
-197,-21,
-12,-23,
110,-41,
78,-91,
-26,-50,
-44,15,
108,51,
224,185,
132,210,
-12,171,
-115,166,
-7,75,
67,26,
120,104,
-26,119,
-109,141,
-95,135,
-58,285,
-86,463,
-188,531,
-352,448,
-284,254,
-69,30,
45,-110,
41,-95,
-2,-30,
-92,80,
-53,42,
-42,-3,
-69,-155,
-19,-148,
-12,-65,
-18,45,
-96,112,
-127,96,
-76,56,
9,60,
2,32,
15,-1,
40,91,
79,-6,
14,17,
-62,93,
-80,19,
-103,40,
-41,13,
22,116,
54,117,
-12,94,
-19,99,
-8,77,
-10,24,
-19,97,
-14,146,
8,147,
19,129,
16,77,
-34,52,
-3,18,
29,80,
38,172,
21,157,
28,124,
-9,87,
-55,35,
-63,59,
-15,-23,
50,16,
21,117,
-77,118,
16,65,
85,31,
36,89,
-52,145,
-88,96,
-153,137,
-75,95,
-44,85,
-43,118,
1,105,
28,62,
37,39,
56,70,
-13,87,
43,90,
-6,89,
-68,92,
30,72,
-5,37,
34,50,
30,140,
28,118,
4,59,
-26,67,
-77,121,
-43,66,
00>
_________________________________
00>
_________________________________
Sequence Number: 150
00>
00>
Printing STS0 CIR
00>
00>
_________________________________
00>
61,31,
17,19,
16,-56,
-4,-45,
-3,-45,
36,14,
55,4,
14,19,
-18,-27,
19,-47,
-22,-2,
-79,55,
-60,90,
-35,-8,
-28,-25,
23,-57,
24,10,
42,-2,
6,37,
26,14,
-23,-41,
-23,-76,
-12,-57,
-4,3,
-13,85,
33,-17,
8,-7,
19,-59,
-23,-9,
-45,31,
-37,18,
0,-13,
28,-44,
-25,49,
-3,44,
55,41,
39,31,
10,35,
0,20,
23,32,
30,32,
-6,-7,
14,-49,
9,-50,
14,-3,
-39,-8,
-39,6,
-73,-17,
-52,-38,
12,-47,
30,-26,
-31,-46,
-33,-45,
-25,-46,
-25,46,
38,-7,
17,17,
-6,0,
-10,-60,
1,3,
-45,30,
-2,38,
-68,39,
-21,24,
-27,-28,
-4,12,
3,10,
-8,-32,
-42,25,
-16,21,
6,34,
-127,33,
-25,32,
34,4,
24,-41,
-46,-62,
-39,-9,
27,18,
52,41,
72,49,
-9,2,
-76,-11,
-49,-27,
-51,-23,
28,-41,
7,-58,
21,35,
-27,11,
-21,-3,
-23,11,
63,31,
16,88,
10,49,
-4,24,
12,46,
-15,9,
-36,-1,
-2,1,
34,33,
25,20,
-4,34,
16,55,
22,-23,
-50,-9,
-26,9,
6,-17,
70,25,
56,23,
5,42,
-32,55,
-24,18,
45,94,
-18,30,
-34,64,
-93,13,
-26,-12,
-19,-42,
1,-56,
26,31,
-6,34,
21,-57,
-15,-33,
-17,12,
-23,11,
-10,35,
25,36,
31,29,
62,39,
-2,-3,
-52,-9,
-87,70,
8,39,
26,38,
19,6,
2,4,
50,-9,
11,-19,
7,27,
-4,-3,
51,-58,
98,-43,
54,32,
50,106,
-18,19,
22,-29,
22,-18,
84,12,
12,27,
5,-16,
28,4,
13,-61,
15,-90,
39,-56,
3,-24,
-1,32,
6,53,
-64,-14,
-20,11,
3,-50,
61,8,
28,1,
-6,-40,
6,-47,
9,-41,
8,2,
-9,-3,
-41,26,
-16,-19,
-7,-10,
41,27,
48,20,
52,1,
-13,-18,
-16,18,
5,24,
3,-15,
51,-34,
-8,-21,
-75,9,
-53,-27,
20,48,
13,32,
40,-27,
26,-3,
-29,6,
-15,-12,
-74,-45,
12,-26,
37,1,
-5,-19,
-26,-27,
-27,22,
-26,-2,
-14,-69,
-6,-31,
10,6,
61,12,
27,-30,
13,49,
24,-16,
23,-27,
-28,29,
-14,-42,
-22,39,
-44,29,
-59,26,
-9,31,
-75,-4,
8,-10,
26,-25,
30,-101,
-32,-146,
-13,-114,
-39,-99,
-81,-9,
5,60,
1,-23,
36,44,
-7,38,
-95,19,
-65,73,
-41,44,
-35,42,
-6,-8,
24,5,
-43,-40,
-23,8,
33,3,
36,7,
62,66,
57,9,
20,11,
26,50,
3,-9,
-39,10,
-53,-38,
57,-18,
91,12,
61,63,
-10,52,
-12,22,
-1,23,
114,-38,
-29,-59,
-11,-32,
-48,-17,
-31,52,
-12,-2,
31,-26,
29,24,
115,36,
83,0,
22,42,
-4,19,
16,-43,
65,-25,
-8,5,
9,66,
26,34,
9,-6,
-22,-67,
-10,-56,
-11,-23,
-17,-9,
-8,12,
16,24,
37,-16,
32,-7,
76,-45,
-11,2,
-24,-15,
-5,23,
-5,-20,
-20,2,
14,38,
43,11,
-1,-1,
23,-40,
-6,31,
-15,52,
-40,-2,
-34,-47,
-46,-16,
23,-2,
18,10,
-15,6,
-63,-31,
-5,-29,
-26,-93,
-33,-44,
-41,-51,
-45,-24,
-28,30,
42,82,
-9,1,
4,-56,
42,2,
8,89,
15,23,
16,9,
36,71,
19,50,
3,51,
-40,16,
-41,-21,
-42,-6,
-65,12,
12,2,
22,51,
-53,-18,
-13,2,
15,27,
19,-56,
-38,-45,
-74,-43,
-49,-36,
29,-6,
34,48,
5,-19,
-70,-81,
-29,-31,
40,-60,
29,-47,
21,36,
13,19,
-4,47,
8,34,
33,5,
17,-52,
55,-28,
27,-35,
65,-56,
-16,60,
-24,64,
47,52,
25,6,
-18,-4,
-6,-32,
-11,-25,
64,92,
43,105,
3,26,
50,6,
10,-11,
47,13,
19,22,
13,-16,
46,-7,
44,12,
34,-16,
27,-6,
-7,-46,
-35,-35,
298,-260,
2628,-2030,
7088,-4489,
7519,-4102,
7531,-3251,
739,-184,
-3050,1099,
-1244,462,
183,-234,
-1017,-1011,
-3198,-1566,
-2556,-783,
-194,184,
1869,942,
2543,1265,
1316,775,
127,74,
-275,11,
308,613,
509,1100,
697,1473,
303,652,
-487,83,
-626,-156,
-195,-167,
147,-119,
128,-27,
-164,287,
-233,413,
-171,424,
-90,324,
-24,240,
-16,154,
-218,376,
13,248,
61,166,
-68,-58,
-162,-189,
-181,-87,
-97,182,
19,356,
71,520,
88,521,
85,379,
-30,258,
-238,136,
-505,5,
-398,-216,
-199,-184,
-23,-124,
1,-7,
5,-26,
-51,-67,
-159,-25,
-272,147,
-198,196,
-104,99,
-86,-49,
-109,-149,
40,-220,
127,-73,
260,119,
241,183,
250,26,
262,-116,
362,-173,
56,140,
32,176,
-8,223,
-332,350,
-408,355,
-293,171,
-170,-90,
-156,-203,
-296,-85,
-488,107,
-485,107,
-816,-90,
-915,-385,
-570,-350,
-190,-228,
65,-95,
43,-47,
24,27,
-25,82,
-98,117,
-32,111,
-101,6,
-65,64,
-126,55,
-180,24,
-147,-75,
-96,-19,
-11,-32,
-34,-54,
-8,-59,
-75,43,
-153,48,
-25,-6,
7,20,
5,49,
-5,121,
-161,125,
-90,-8,
-56,-40,
46,-23,
55,20,
67,27,
-122,81,
-204,13,
-143,25,
-66,3,
-59,18,
-182,29,
-132,-75,
-35,-89,
-89,-146,
-120,-49,
-138,-11,
-48,-49,
-46,31,
-46,68,
-98,95,
-98,52,
-6,-12,
-55,30,
0,47,
-1,64,
-42,28,
-83,19,
-28,-13,
14,28,
-41,-66,
-72,9,
-143,156,
-2,103,
14,32,
124,33,
29,100,
-28,36,
-39,41,
-74,-9,
-61,-3,
-40,38,
23,51,
-69,157,
46,16,
53,61,
-5,83,
-66,120,
-137,45,
-53,-7,
-28,-2,
-46,6,
-122,-8,
-43,21,
-71,7,
-75,70,
-63,64,
00>
_________________________________
00>
00>
Printing STS1 CIR
00>
00>
_________________________________
00>
58,19,
7,20,
-23,33,
1,4,
3,-10,
28,-26,
29,28,
-53,35,
-68,65,
-6,-9,
-21,-6,
51,-20,
10,-51,
1,-42,
-25,-1,
-56,14,
-56,-9,
-4,-3,
7,-40,
-53,-39,
0,42,
5,2,
26,-25,
45,-32,
20,-26,
-16,-35,
-8,59,
-4,17,
33,-49,
28,-7,
20,-7,
6,-54,
31,-2,
42,11,
15,24,
43,6,
44,-40,
43,-29,
-60,-17,
-65,20,
16,-32,
68,24,
62,46,
26,46,
32,-15,
47,68,
-27,7,
-40,5,
20,-4,
-13,-14,
2,0,
38,48,
8,59,
61,59,
6,-13,
-7,-32,
-8,-40,
-9,-3,
-48,8,
19,39,
-6,-1,
25,-36,
7,-21,
41,78,
-7,53,
51,-7,
11,12,
-33,-13,
5,65,
68,64,
-14,44,
-30,-38,
-61,-70,
-2,3,
-40,55,
14,57,
80,81,
37,-7,
-9,1,
-60,-16,
-24,1,
-4,17,
29,-44,
51,35,
15,35,
-10,-35,
35,-8,
28,-29,
-42,-15,
-45,-55,
23,-13,
32,65,
20,44,
12,23,
40,7,
8,42,
3,20,
28,-39,
21,-40,
22,-32,
41,-17,
39,13,
7,41,
45,26,
-24,10,
-40,17,
-10,-46,
-33,-33,
-16,-12,
48,-4,
25,46,
29,-25,
39,-52,
5,-7,
4,6,
-51,34,
-27,16,
-32,-7,
54,-26,
11,-34,
-35,-2,
7,14,
17,-30,
-36,61,
-27,-18,
17,14,
-26,49,
10,30,
-46,-27,
23,-44,
75,-74,
114,11,
61,56,
67,52,
20,-10,
54,59,
8,34,
-18,78,
-20,62,
17,-44,
3,6,
10,5,
41,2,
-46,19,
-34,-32,
-42,41,
-20,-15,
10,13,
-6,3,
5,21,
-26,-8,
-40,80,
-39,24,
39,40,
11,32,
-4,3,
-40,50,
-20,33,
39,7,
45,4,
12,-26,
69,56,
98,18,
42,61,
39,57,
32,66,
9,-34,
40,-73,
-25,-25,
15,5,
11,36,
-15,9,
7,-26,
8,3,
-4,-29,
-38,-9,
-78,-16,
31,-24,
18,14,
6,26,
13,20,
15,-6,
30,35,
-33,22,
54,-36,
27,18,
57,59,
-41,10,
-43,-29,
-32,38,
80,3,
10,35,
19,6,
14,-14,
-25,-39,
-45,-99,
2,-35,
-21,-35,
-41,-61,
-3,4,
26,-24,
84,46,
76,15,
44,2,
-19,-28,
9,-35,
-22,-33,
30,29,
29,-23,
-7,35,
22,-51,
-2,-25,
-27,-40,
13,-45,
20,-8,
43,24,
38,93,
-12,49,
-74,9,
-64,-64,
-31,-9,
-9,31,
-6,-12,
-27,-11,
-25,-20,
27,9,
57,-19,
109,71,
71,93,
46,70,
-33,6,
-32,2,
65,-3,
-7,-58,
-66,-46,
-76,7,
-35,-14,
-2,27,
39,-9,
57,-22,
20,-15,
-14,-16,
21,-35,
-25,10,
8,17,
-36,11,
-46,-8,
-9,16,
2,-11,
-29,0,
-14,-31,
-4,-44,
-3,-60,
-28,4,
-41,-19,
-76,-19,
-19,-53,
-16,-57,
38,-26,
75,15,
59,22,
15,-3,
-6,9,
-8,-17,
0,22,
45,4,
4,53,
5,17,
12,-5,
87,-43,
37,-41,
-21,-23,
4,-39,
0,17,
-57,59,
-3,18,
-60,-64,
-93,-30,
-29,-19,
29,34,
27,-17,
25,-22,
-9,-87,
13,-51,
-16,-17,
6,12,
19,28,
-12,100,
30,-29,
32,22,
-30,-28,
0,-25,
-5,-14,
43,-4,
-8,-35,
24,-21,
3,-28,
41,23,
81,30,
-18,49,
-20,102,
33,21,
-15,3,
-59,-38,
-50,-64,
-19,-63,
-23,-15,
-21,-19,
7,13,
12,-49,
6,-50,
41,-9,
38,-15,
31,55,
70,62,
5,-5,
44,-20,
41,16,
24,-9,
14,4,
3,-84,
22,-24,
-47,40,
-6,100,
24,42,
43,66,
-1,24,
-12,-27,
-9,-57,
-24,-83,
63,-29,
2,-53,
2,-21,
-16,-21,
-3,-19,
13,17,
44,32,
0,7,
-27,-10,
-92,-82,
-35,-86,
-35,-21,
-44,19,
12,31,
10,-46,
50,-49,
52,-20,
78,-62,
64,-25,
-23,-5,
-40,45,
-13,25,
-24,28,
178,-330,
1848,-1845,
6331,-4513,
7465,-4268,
6275,-2994,
-658,-578,
-3202,95,
-627,433,
1127,1678,
785,3417,
-199,3492,
-264,1796,
-326,369,
-1274,-177,
-2576,-478,
-2351,-651,
-815,-403,
267,13,
540,844,
531,1289,
623,1984,
591,1161,
354,559,
-208,-62,
-301,-242,
-31,-223,
-10,73,
-357,292,
-459,257,
-210,254,
425,292,
619,148,
321,-210,
182,-567,
-114,-382,
-115,-157,
-188,2,
-119,51,
94,-46,
324,-84,
531,43,
511,370,
82,485,
-204,239,
-223,29,
-153,40,
131,156,
251,104,
157,-66,
122,-215,
-151,-201,
-127,-179,
-335,28,
-299,124,
-376,35,
-184,-15,
-84,78,
-41,398,
-113,574,
-93,422,
-81,284,
-21,305,
66,183,
199,31,
285,-32,
213,-4,
-72,63,
-106,-103,
-159,-247,
-4,-288,
50,-193,
-6,-94,
-36,23,
-119,32,
-115,220,
-166,279,
-257,211,
-521,87,
-953,-146,
-829,-304,
-251,-277,
89,-116,
101,31,
15,25,
48,-54,
112,-97,
64,-26,
49,-75,
13,-98,
71,-36,
72,0,
28,-28,
-101,-45,
-19,-52,
-19,-4,
-39,-24,
-60,-23,
-59,-35,
10,-22,
-6,9,
71,129,
-1,186,
-87,128,
22,0,
82,-105,
64,35,
61,-41,
15,-29,
5,-48,
-59,-54,
-43,7,
-65,11,
1,-30,
-39,-52,
-24,-5,
18,-30,
-46,-18,
-20,-13,
2,-18,
14,53,
1,118,
-68,90,
-98,18,
-42,14,
-12,21,
24,31,
-92,-27,
-165,-83,
-49,-35,
-30,-28,
-37,-51,
-25,41,
-150,18,
-42,18,
-69,-20,
-33,-16,
26,-25,
-76,-1,
15,-37,
56,-3,
-8,50,
-2,30,
45,-25,
-22,-10,
-75,34,
-16,23,
3,78,
16,38,
-1,19,
-19,-1,
-86,-22,
-56,5,
-72,6,
-50,-98,
-33,-169,
17,-122,
-51,-51,
-2,-14,
-14,-59,
00>
_________________________________
00>
RX Timestamp: 318435623165
00>
Clock Offset: -1662.540 Hz, 0.208 ppm
00>
RX Timestamp: 319507152334
00>
Clock Offset: -1971.245 Hz, 0.247 ppm
00>
_________________________________
Sequence Number: 27
00>
00>
Printing STS0 CIR
00>
00>
_________________________________
00>
27,68,
92,-6,
53,-30,
-3,2,
-58,20,
-110,48,
-25,62,
48,31,
-17,-4,
40,4,
66,16,
-2,-12,
15,-10,
-13,20,
-50,-23,
-17,-66,
-28,-10,
-17,19,
-23,41,
21,-3,
-14,10,
-1,-29,
47,3,
87,46,
78,-34,
-10,-43,
27,-35,
10,-37,
-38,23,
10,-21,
-9,-7,
-13,19,
-4,11,
34,44,
-12,1,
-7,-2,
28,12,
46,29,
-18,27,
-16,46,
-13,80,
48,46,
4,48,
-32,8,
-18,23,
6,-14,
-8,-85,
-18,-5,
-16,93,
-16,65,
-50,17,
-14,32,
42,-10,
47,46,
-8,11,
37,-30,
36,2,
39,-21,
-10,22,
-7,3,
-2,-37,
-55,-12,
-74,23,
-65,74,
25,4,
98,-25,
81,12,
33,53,
52,1,
-32,-41,
-49,-14,
14,55,
22,42,
73,39,
26,38,
-22,18,
-22,-44,
29,28,
49,9,
29,25,
78,36,
-53,25,
-15,-19,
43,4,
66,-9,
23,1,
-36,-45,
-90,-5,
-6,5,
4,3,
-5,-2,
-92,48,
-65,25,
-4,-25,
12,15,
-6,-55,
-84,-26,
0,23,
53,29,
11,-37,
-71,-11,
-67,32,
-103,70,
20,85,
17,48,
41,34,
110,12,
35,-80,
-27,-31,
-3,66,
65,44,
50,34,
84,30,
-72,-8,
-70,52,
-7,10,
-66,6,
-20,3,
-39,-95,
-9,-30,
15,-2,
53,9,
19,99,
-28,-1,
-37,-39,
-7,79,
25,14,
-32,29,
-44,47,
-31,77,
-45,47,
-37,22,
-96,-46,
-56,-2,
56,15,
8,56,
-57,-5,
5,-65,
47,-13,
46,36,
16,31,
0,16,
35,3,
16,7,
-11,-38,
-21,-37,
-6,-30,
-21,-27,
-40,-25,
-9,-66,
-12,-24,
28,9,
-30,63,
-30,81,
-39,87,
35,31,
-4,17,
-26,-45,
-26,4,
-13,59,
15,-31,
76,22,
-45,19,
-73,54,
-43,-27,
10,-19,
-40,22,
-29,10,
-3,46,
-15,54,
-47,48,
-31,43,
-8,43,
-46,10,
-63,-55,
-43,-15,
-16,14,
-8,31,
-20,24,
-9,91,
-13,87,
-48,-36,
-84,32,
-23,91,
-21,92,
-15,75,
-25,-59,
42,47,
12,11,
11,60,
48,-41,
-17,-28,
-29,-30,
-120,-2,
-3,0,
1,44,
-70,38,
-23,13,
-12,53,
-11,-19,
17,31,
38,12,
-51,57,
-63,17,
-88,3,
29,-39,
26,-130,
40,13,
-74,84,
-11,10,
3,12,
31,-21,
-65,26,
-89,-26,
-62,20,
-47,-23,
-3,27,
-33,59,
-10,30,
-14,33,
-32,30,
39,29,
49,71,
10,65,
42,-27,
-39,-17,
-70,-48,
17,-29,
-7,-13,
62,23,
0,62,
-107,29,
-19,-14,
3,-68,
11,-1,
-24,-85,
-60,-9,
-12,-55,
-38,-15,
-23,64,
-19,26,
-52,9,
32,13,
21,67,
71,78,
96,60,
34,41,
-40,18,
-85,-16,
-34,54,
99,100,
-25,61,
-31,21,
-15,-12,
5,-55,
-9,-7,
12,-1,
-43,20,
-20,24,
-4,31,
-20,28,
-33,-22,
26,67,
21,68,
-23,91,
-32,-16,
22,-15,
11,42,
-4,19,
-57,31,
-7,-33,
-32,-20,
-10,-114,
-26,-46,
-57,-70,
-95,-63,
-24,-14,
-61,106,
-79,104,
-17,23,
-27,13,
-36,35,
-5,34,
27,91,
-17,79,
-50,72,
8,1,
-15,2,
3,66,
46,31,
-5,55,
9,38,
67,71,
91,89,
34,79,
19,16,
21,-25,
-2,3,
-55,1,
-60,-1,
45,20,
-3,57,
-22,90,
-38,-4,
18,34,
15,25,
-42,32,
-35,35,
-24,-46,
-67,19,
13,20,
-36,-21,
-45,48,
-4,-46,
5,-6,
-9,-41,
-18,23,
-32,-51,
-38,9,
4,62,
31,39,
-6,37,
-17,8,
-29,58,
9,21,
14,-1,
-2,7,
72,-29,
86,15,
80,-16,
-5,3,
-13,-17,
25,-8,
23,1,
-38,31,
-36,-14,
-21,-16,
-12,-12,
-31,19,
-19,18,
-46,15,
-52,1,
-17,-50,
-86,-35,
-44,-16,
93,2,
4,3,
-18,-17,
-83,-18,
-16,1,
31,4,
-17,-24,
-35,19,
-42,42,
-54,665,
-560,3057,
-1911,6531,
-2609,6945,
-1280,3601,
1153,-577,
1653,-975,
55,288,
-1644,335,
-2341,-711,
-1789,-927,
-804,-525,
137,-521,
757,-1094,
945,-1189,
583,-601,
-23,164,
-355,305,
-694,7,
-1182,-237,
-1593,53,
-1097,79,
-413,20,
-9,-97,
-41,26,
-127,170,
-60,58,
43,-185,
59,-276,
67,-201,
-79,-7,
-57,-43,
64,-46,
209,-157,
132,-115,
37,-75,
-149,31,
-50,75,
-58,-36,
-107,-113,
-273,-153,
-175,-126,
35,-84,
176,87,
226,100,
118,49,
148,-22,
112,-51,
31,-62,
-40,-24,
15,-13,
9,-115,
39,-187,
139,-103,
148,112,
207,183,
112,31,
59,-164,
39,-311,
41,-331,
52,-213,
-12,-99,
-35,43,
-101,80,
-90,112,
-157,81,
-213,-60,
-155,-139,
-41,-30,
49,-18,
128,-5,
105,12,
85,55,
54,79,
0,-70,
-177,-279,
-170,-421,
-11,-523,
152,-480,
217,-341,
230,-35,
187,216,
59,105,
-6,-24,
-36,-69,
7,-36,
4,-49,
-44,-39,
-120,-30,
-152,-64,
-120,-86,
-53,-87,
25,-95,
-41,-80,
-1,-40,
13,-43,
-13,-65,
46,-81,
76,-14,
48,18,
14,-10,
7,-39,
-14,24,
87,42,
24,29,
10,67,
44,18,
-6,-10,
-6,-127,
-33,20,
91,0,
72,-32,
63,-28,
58,-35,
111,-44,
44,48,
33,4,
3,-22,
-7,1,
29,-23,
69,14,
47,35,
-3,-18,
37,-57,
125,-34,
149,-60,
147,-100,
118,-92,
81,-96,
60,-73,
125,30,
96,-13,
123,-28,
53,-48,
49,-80,
80,-79,
113,-33,
-20,24,
-47,-29,
6,-24,
52,34,
9,110,
-97,13,
-12,-29,
-19,-20,
33,-70,
37,-41,
-2,-15,
-1,-29,
-36,-5,
0,81,
-17,49,
-30,11,
11,-33,
33,19,
22,32,
23,8,
62,16,
00>
_________________________________
00>
00>
Printing STS1 CIR
00>
00>
_________________________________
00>
22,-23,
-10,-4,
37,15,
63,1,
71,57,
-5,53,
15,21,
8,-30,
1,0,
78,-31,
30,-11,
-2,-78,
-17,26,
21,60,
28,42,
32,-15,
-18,-33,
2,-42,
37,-20,
15,-21,
-9,-38,
-36,-16,
59,9,
31,3,
-68,23,
-91,-67,
-46,5,
-63,74,
11,23,
9,31,
-20,-22,
35,-62,
16,-7,
28,-62,
46,-52,
96,-15,
86,-25,
34,11,
9,69,
135,34,
63,5,
9,-59,
2,47,
-21,43,
-10,50,
37,-41,
41,-43,
33,-33,
-12,20,
23,-3,
10,4,
4,-24,
40,66,
66,25,
-7,-59,
-56,-2,
56,57,
64,-18,
43,-62,
9,28,
80,74,
22,43,
29,57,
-29,63,
26,-22,
20,-10,
-16,69,
-9,32,
10,-8,
-67,-28,
2,-46,
17,18,
13,10,
-30,-25,
14,54,
-50,-53,
-96,-10,
-9,7,
-31,53,
74,54,
25,58,
1,-17,
-4,-35,
34,-36,
81,41,
80,77,
70,-21,
26,-28,
10,-52,
-22,6,
26,16,
48,100,
27,21,
-43,-39,
-23,-42,
-10,-48,
45,8,
39,-27,
-5,34,
47,39,
-8,44,
-38,33,
1,-18,
-49,31,
-16,-8,
-46,15,
-18,7,
42,17,
49,54,
19,-14,
-14,-19,
13,30,
30,19,
60,-44,
-17,-25,
55,37,
86,10,
78,-31,
23,-54,
12,19,
-6,91,
23,33,
60,-10,
-24,-44,
-4,42,
3,55,
37,58,
21,-12,
46,-26,
57,-29,
42,32,
37,39,
-15,2,
-3,-23,
-1,23,
-4,-48,
9,-24,
14,-19,
-9,-13,
-5,21,
-14,19,
-2,10,
18,-14,
-9,12,
50,-10,
50,-20,
37,39,
-11,11,
10,58,
27,46,
-9,1,
-5,26,
84,7,
17,5,
-29,60,
42,63,
32,-19,
2,-49,
-47,-24,
-4,-2,
37,38,
-3,69,
27,21,
-24,-29,
-54,-33,
-6,11,
-2,-25,
16,15,
41,-15,
-10,-15,
-77,-37,
-42,34,
-4,124,
58,49,
41,49,
20,22,
-22,13,
-24,75,
24,46,
79,68,
90,40,
-32,-15,
-25,13,
12,31,
27,109,
26,53,
4,66,
4,-12,
12,43,
20,82,
-23,102,
58,41,
65,34,
-6,-21,
-30,-5,
74,0,
15,-9,
17,36,
16,81,
106,-9,
72,26,
73,33,
-1,-11,
-31,-77,
-5,-34,
69,62,
-12,81,
-23,76,
31,-37,
-36,-16,
-43,-58,
-26,2,
-40,53,
50,16,
-12,-42,
-6,15,
90,-2,
17,46,
-27,37,
-45,-32,
-55,-7,
-23,39,
21,42,
20,41,
86,-60,
-22,-5,
3,-35,
27,27,
53,26,
67,50,
133,63,
1,54,
-8,20,
-21,-72,
-16,19,
34,-5,
3,-4,
-18,18,
-22,74,
-39,77,
31,52,
54,0,
39,18,
47,-25,
28,-51,
31,-78,
46,-9,
4,-1,
46,29,
-4,-17,
-51,51,
3,-12,
-9,14,
96,6,
-13,-12,
3,15,
11,30,
7,-60,
37,-63,
-22,5,
-8,-77,
21,-3,
30,12,
19,8,
51,21,
48,28,
3,-29,
2,-71,
43,-89,
6,-14,
-2,50,
-14,26,
38,15,
-6,31,
-32,55,
-51,100,
13,3,
43,-39,
67,-47,
28,7,
-62,-39,
17,37,
20,-80,
55,-90,
-18,-42,
-1,48,
46,12,
69,36,
-10,-34,
-16,32,
9,38,
11,-3,
101,82,
77,80,
93,59,
-3,0,
-17,37,
32,-3,
0,-17,
-9,-3,
-42,-45,
21,85,
-2,98,
80,78,
75,34,
-15,60,
-72,17,
-33,4,
6,2,
8,34,
27,152,
27,-34,
55,-11,
34,-9,
-6,41,
41,98,
54,28,
-44,-9,
5,25,
38,43,
73,77,
3,39,
-61,-3,
16,-28,
-36,-10,
-75,1,
-46,88,
16,57,
26,98,
-5,78,
18,49,
24,-13,
21,32,
-42,-3,
9,33,
35,-57,
65,-23,
43,5,
17,-17,
50,-32,
121,70,
148,55,
95,-27,
36,-21,
-56,-32,
-24,46,
37,71,
53,8,
13,-28,
-31,-8,
-71,-45,
12,-42,
39,-10,
95,122,
51,541,
-588,2535,
-2293,5589,
-3120,6232,
-1152,3289,
1961,-313,
2690,-913,
997,832,
-266,2988,
-209,4048,
491,3085,
872,1167,
358,159,
-590,500,
-1134,1034,
-830,917,
-288,258,
-16,-418,
-270,-563,
-685,-552,
-893,-618,
-339,-450,
279,-132,
296,194,
80,284,
-170,148,
-132,-60,
-65,-218,
-24,-220,
19,-120,
130,-127,
171,-200,
231,-253,
236,-359,
133,-281,
-24,-224,
-8,-285,
-23,-295,
13,-387,
-80,-196,
-119,66,
-220,176,
-230,117,
-170,-118,
-71,-263,
-20,-278,
40,-275,
-22,-257,
-38,-217,
-89,-124,
-56,-86,
-9,-32,
-7,19,
29,-11,
36,24,
32,18,
113,-84,
239,-105,
278,-76,
114,38,
12,64,
-62,88,
25,131,
24,-34,
-39,-71,
-222,-118,
-218,-257,
-146,-216,
-8,-119,
6,36,
3,67,
-95,-58,
-39,-35,
88,-95,
141,-99,
57,-272,
81,-415,
113,-527,
300,-509,
317,-353,
152,-108,
26,90,
58,195,
95,120,
127,-56,
79,-47,
85,65,
50,90,
71,77,
99,82,
84,-70,
32,-184,
45,-134,
73,-28,
28,37,
6,69,
42,50,
-28,-31,
-7,-48,
-2,-52,
73,-54,
0,-70,
69,-96,
74,-65,
20,-119,
1,-85,
25,-72,
-49,-100,
-25,-131,
-22,-46,
25,-55,
42,-5,
54,-68,
67,-79,
33,-104,
-31,-25,
-6,-26,
-10,-44,
62,-45,
-55,8,
-33,-76,
-53,-165,
-69,-108,
-8,-77,
-1,-88,
57,-100,
-20,-91,
5,-61,
53,-55,
85,-94,
9,-1,
-67,-32,
52,-67,
58,-94,
24,-170,
23,-136,
7,-81,
20,-4,
-4,-63,
6,-116,
62,-98,
1,-132,
-34,-72,
-14,-7,
29,-66,
56,0,
36,-64,
-68,-27,
-40,-149,
15,-147,
3,-90,
-17,-32,
-23,-52,
46,-60,
81,-116,
31,-60,
2,-78,
-4,-33,
00>
_________________________________
00>
_________________________________
Sequence Number: 30
00>
00>
Printing STS0 CIR
00>
00>
_________________________________
00>
-18,37,
-17,6,
-11,3,
41,-107,
-2,-25,
16,-3,
22,-12,
15,-3,
0,56,
46,11,
52,-4,
62,7,
12,22,
-20,-6,
29,7,
-5,-51,
29,31,
28,-3,
53,28,
21,-45,
-5,-33,
32,37,
8,46,
-10,-52,
5,-65,
72,-1,
44,115,
9,46,
-25,14,
-23,9,
-42,17,
2,19,
-4,-25,
34,56,
31,-9,
15,38,
0,80,
21,24,
71,-3,
-3,-16,
-43,-25,
-29,4,
-31,-2,
22,30,
13,-18,
15,6,
41,-45,
-26,-22,
-30,57,
34,32,
76,-40,
-31,-93,
-16,36,
-66,-8,
26,-34,
-8,-54,
28,-8,
8,-19,
22,17,
-36,70,
8,93,
60,-1,
2,61,
4,81,
-19,29,
44,61,
41,2,
68,-7,
70,-47,
6,-28,
-36,-6,
-21,65,
73,68,
77,52,
75,-24,
-28,56,
-45,3,
-44,-26,
-10,-11,
-68,25,
-62,-32,
29,-5,
51,-9,
0,63,
28,70,
-25,-35,
-46,16,
30,-2,
20,13,
25,44,
-15,-35,
-49,-28,
-38,-28,
34,39,
98,22,
78,2,
-13,9,
7,-14,
-26,0,
-62,70,
5,93,
14,24,
-35,-12,
-93,-21,
-50,12,
-40,11,
-1,-7,
-11,-15,
18,-67,
54,-26,
-46,-5,
-28,57,
-4,-19,
12,-45,
-65,-107,
-70,-22,
-31,-25,
30,5,
23,-71,
15,-7,
41,18,
33,54,
-21,17,
-15,53,
-31,-40,
-4,-47,
4,22,
-49,38,
-63,-3,
-1,34,
-24,28,
-10,38,
-4,85,
17,5,
-57,-36,
22,-4,
42,40,
11,7,
-4,-37,
-27,-1,
-14,-20,
16,21,
81,17,
17,-29,
7,-24,
66,-19,
0,-25,
-25,-19,
-92,13,
-45,22,
-13,47,
13,44,
-11,-16,
18,17,
-14,4,
7,55,
-32,29,
-20,-1,
12,2,
-4,25,
-11,18,
-32,-13,
-33,-38,
21,-2,
21,-9,
14,59,
-29,62,
-34,-48,
-65,-25,
-50,-73,
4,-26,
-30,11,
11,-46,
0,8,
-8,16,
26,-16,
40,-36,
3,-21,
-20,41,
-5,-7,
7,-62,
57,-8,
79,-3,
87,41,
32,-26,
57,27,
96,-28,
28,1,
18,1,
43,24,
-7,12,
-27,24,
35,39,
15,-20,
-8,-31,
34,-13,
18,-28,
55,56,
90,71,
43,56,
16,20,
17,32,
-9,3,
-8,-26,
-34,-69,
-50,4,
63,37,
1,6,
-42,-69,
11,-61,
-9,-16,
12,-13,
8,-15,
16,33,
24,-12,
-100,21,
-49,-6,
-37,-15,
56,30,
23,15,
4,44,
6,49,
17,21,
-27,-13,
-4,5,
-17,-13,
8,-19,
51,15,
27,-20,
3,5,
1,-9,
-21,-29,
6,-28,
-10,-66,
35,-12,
32,-44,
21,5,
-26,18,
-11,-8,
-9,-77,
31,36,
5,2,
15,-44,
5,-63,
4,1,
-46,-19,
4,-17,
-1,14,
8,-9,
-41,-30,
-11,-22,
27,-19,
14,6,
7,13,
35,39,
118,9,
94,-11,
26,30,
-18,7,
-28,0,
22,51,
4,-8,
11,49,
38,49,
16,15,
16,9,
-14,20,
-36,-15,
-40,-1,
-11,18,
17,29,
17,35,
19,-4,
-1,-4,
-41,-63,
6,-45,
80,-22,
-9,42,
-36,24,
23,6,
17,-36,
42,44,
-4,3,
32,47,
-4,88,
-27,67,
-37,-22,
-11,-53,
60,-23,
41,-1,
0,19,
23,11,
-14,25,
-11,51,
-3,5,
2,-18,
15,16,
20,38,
3,26,
-39,15,
-17,3,
-3,-5,
41,-32,
76,-3,
51,-71,
48,5,
12,47,
10,9,
14,41,
26,-11,
64,-19,
11,12,
52,49,
51,56,
3,-39,
-6,41,
-27,9,
-22,-1,
-77,46,
-69,7,
25,-47,
21,-20,
4,-19,
-95,15,
5,4,
35,26,
42,-12,
-58,-97,
-29,-81,
15,-59,
107,13,
69,32,
29,16,
7,-2,
26,113,
37,83,
33,14,
20,-7,
9,-19,
70,21,
27,30,
-28,37,
1,-34,
14,-47,
-6,-6,
-26,-58,
6,-65,
20,15,
-29,72,
-30,-5,
21,-3,
-5,24,
-7,63,
12,-7,
25,-49,
19,18,
53,6,
-163,140,
-1782,1667,
-6494,5074,
-7512,5123,
-7596,4371,
-2207,868,
2843,-1449,
1807,-848,
-84,172,
778,882,
3121,1217,
3020,558,
557,-321,
-1651,-794,
-2758,-1090,
-1668,-737,
-253,-87,
357,63,
-135,-380,
-488,-827,
-646,-1263,
-551,-892,
357,-229,
731,0,
311,98,
-87,179,
-241,-15,
42,-276,
192,-386,
252,-392,
165,-344,
39,-272,
66,-202,
189,-255,
63,-270,
-20,-183,
81,30,
261,239,
231,74,
87,-213,
-7,-345,
-125,-468,
-101,-660,
-121,-510,
-11,-290,
113,-252,
495,-37,
452,163,
248,104,
67,86,
-21,-60,
22,44,
71,69,
369,66,
388,-128,
272,-129,
217,-61,
239,54,
206,67,
51,73,
-105,81,
-179,14,
-279,-40,
-296,8,
-220,89,
-358,155,
-96,-69,
-20,-131,
9,-212,
410,-466,
432,-451,
264,-221,
177,-45,
171,78,
253,-21,
397,-164,
481,-195,
869,-103,
1131,205,
710,272,
225,145,
6,146,
48,82,
99,77,
94,-11,
188,-141,
70,-228,
52,-188,
47,-137,
124,-107,
152,-101,
126,-3,
63,77,
27,68,
49,89,
88,125,
77,78,
143,-46,
92,-11,
27,7,
9,-4,
100,-67,
262,-81,
191,-71,
63,-3,
20,47,
-6,-18,
0,-69,
124,-65,
179,19,
221,31,
93,-38,
73,-31,
178,0,
111,51,
72,25,
45,15,
110,23,
148,-14,
89,28,
66,26,
35,-42,
40,-96,
74,2,
19,13,
-7,3,
22,-80,
-34,-76,
-24,-39,
67,49,
14,17,
-1,12,
-10,-7,
98,-58,
117,-91,
90,-25,
21,-26,
-7,-62,
-66,-92,
9,-67,
114,-63,
111,-85,
87,-15,
59,-60,
61,-48,
132,-84,
-45,-94,
-51,-59,
-71,-113,
8,-155,
158,-63,
117,-2,
78,-26,
29,-16,
40,-12,
00>
_________________________________
00>
00>
Printing STS1 CIR
00>
00>
_________________________________
00>
85,5,
67,24,
35,18,
-17,81,
46,82,
50,-19,
48,-72,
-18,25,
21,17,
-38,97,
20,39,
-20,-43,
36,30,
24,76,
35,11,
-9,-24,
-26,59,
-20,48,
-29,42,
-27,41,
-6,47,
-29,25,
-10,-2,
-20,-67,
-27,-30,
-9,17,
51,79,
30,116,
-32,14,
30,15,
49,55,
-30,-37,
-43,-11,
-72,-6,
-6,8,
6,55,
34,36,
18,-38,
15,-27,
-31,27,
18,41,
-11,-6,
39,-21,
83,-30,
60,-24,
-16,17,
13,31,
-71,24,
-12,11,
20,-10,
-8,-10,
19,-50,
57,19,
61,30,
17,17,
5,-17,
-63,-2,
-46,-27,
2,-20,
15,59,
-47,78,
40,48,
-5,-16,
-40,-21,
23,23,
14,74,
17,49,
31,87,
35,63,
-6,44,
-36,-19,
-69,46,
-8,-8,
25,-2,
68,57,
11,48,
-39,58,
0,33,
10,11,
8,-17,
-5,-29,
37,32,
111,5,
47,25,
43,13,
41,33,
43,35,
17,0,
-4,-37,
15,6,
50,-17,
35,-6,
27,-43,
-2,-41,
-34,21,
-2,43,
-4,-7,
24,-38,
51,19,
50,22,
-16,-10,
-79,-15,
-8,-52,
-17,14,
33,66,
26,7,
28,-33,
72,-2,
41,-6,
-32,9,
-17,80,
-35,22,
8,-70,
-2,-114,
1,-38,
3,-34,
119,25,
71,35,
12,-9,
-38,39,
35,-9,
23,-59,
26,-17,
21,-12,
27,-20,
23,-17,
35,26,
-14,-72,
22,-55,
-1,21,
28,35,
-7,-27,
47,-44,
5,-2,
44,61,
16,57,
-3,6,
18,-2,
-14,5,
-66,24,
15,5,
35,-19,
-53,-25,
-45,68,
-33,36,
-27,-16,
-11,-9,
5,25,
35,18,
63,-18,
11,-9,
21,19,
8,33,
70,31,
42,13,
-36,-30,
15,-4,
20,15,
60,130,
36,34,
-19,15,
-29,-36,
-59,31,
-11,58,
-1,-9,
43,-30,
69,-11,
-8,-32,
-29,-3,
-17,33,
43,11,
103,112,
2,45,
50,-41,
24,-67,
-15,-97,
-16,-66,
-1,-13,
-20,-6,
55,-51,
56,56,
79,79,
66,6,
20,57,
48,51,
54,44,
60,2,
5,-47,
0,43,
-13,1,
19,-69,
-8,-17,
-31,0,
4,-32,
56,3,
57,-42,
40,-56,
-4,13,
14,15,
45,57,
26,27,
-2,-29,
-65,-24,
-122,4,
22,31,
38,19,
37,69,
-13,54,
23,83,
-38,35,
9,-17,
-1,-34,
11,26,
47,36,
-6,-35,
29,-1,
-30,-34,
-2,-52,
-12,8,
53,-13,
17,1,
-24,29,
-14,-10,
37,-5,
14,5,
19,8,
23,-9,
8,46,
-53,55,
-22,-4,
2,3,
44,-18,
56,-9,
55,-3,
31,28,
23,-36,
8,-22,
-4,-8,
25,47,
7,78,
-45,77,
-9,24,
-29,-20,
-45,-3,
27,30,
3,-23,
2,-43,
21,-25,
46,34,
3,51,
-21,58,
-85,37,
26,-20,
67,-34,
55,-67,
-19,-72,
-52,-30,
-7,9,
-2,24,
-6,10,
9,-18,
0,-4,
-10,-32,
20,-40,
4,37,
-26,9,
-3,73,
61,51,
-8,-3,
27,24,
54,15,
2,65,
-23,52,
24,14,
4,55,
-19,6,
-20,0,
-25,-30,
8,24,
25,69,
32,19,
35,70,
29,59,
-33,27,
7,12,
22,-18,
-3,-13,
-25,-50,
-16,-7,
9,-42,
21,-2,
70,-57,
70,23,
30,17,
-6,-14,
-48,12,
1,6,
20,38,
47,36,
-54,13,
37,-6,
50,3,
45,-15,
-20,-53,
-32,0,
5,28,
26,22,
-60,-27,
-11,9,
8,-13,
-32,44,
-30,17,
20,20,
43,-10,
83,-26,
40,-13,
57,20,
-28,-34,
19,32,
84,15,
33,17,
17,34,
-11,-16,
-7,19,
22,21,
-5,34,
26,32,
8,0,
-51,8,
-26,35,
-5,-47,
-62,85,
17,18,
29,13,
-24,-6,
-29,-33,
-5,-40,
35,-44,
20,-9,
30,33,
90,-14,
1,-80,
-12,-57,
66,-80,
42,1,
32,40,
-51,-12,
-83,-27,
15,-24,
39,45,
17,-52,
8,-49,
-70,-54,
-71,-4,
28,-24,
58,-4,
16,23,
-94,274,
-1207,1673,
-5103,5037,
-6872,5341,
-6200,4304,
-30,909,
3148,-517,
967,-537,
-1188,-1380,
-1384,-3176,
-392,-3755,
-37,-2200,
195,-670,
1110,-34,
2554,232,
2691,424,
1148,361,
-157,-17,
-675,-744,
-665,-1117,
-897,-1684,
-754,-1246,
-501,-521,
268,44,
441,231,
122,147,
-105,-108,
157,-292,
356,-319,
183,-224,
-344,-190,
-641,-58,
-300,180,
-59,488,
181,559,
159,269,
187,123,
209,-92,
-72,-19,
-260,54,
-468,5,
-481,-244,
-125,-437,
172,-259,
280,-41,
173,15,
-96,-155,
-286,-166,
-192,6,
-58,203,
216,186,
196,106,
282,-5,
393,-147,
425,-125,
191,-17,
181,-43,
163,-289,
135,-625,
98,-554,
46,-382,
-25,-318,
-74,-249,
-236,-138,
-184,-58,
-160,-26,
61,-61,
141,102,
260,290,
167,367,
40,334,
39,183,
59,82,
158,25,
179,-114,
131,-244,
197,-215,
503,-158,
938,0,
965,242,
392,278,
50,179,
-28,63,
2,81,
22,124,
-26,59,
-54,4,
58,27,
27,135,
-25,147,
-121,109,
28,59,
48,39,
52,48,
111,-7,
62,-14,
-2,-3,
1,-46,
58,-41,
18,-42,
-28,-62,
-21,-155,
57,-76,
51,14,
31,7,
54,-59,
79,-10,
2,38,
-5,37,
-9,13,
37,-2,
98,0,
129,14,
45,46,
-44,18,
46,38,
68,69,
92,91,
38,5,
-14,-27,
-37,-52,
-20,-65,
-6,-34,
30,3,
98,-17,
38,-42,
19,-24,
47,28,
79,46,
46,21,
35,20,
46,-11,
78,-2,
108,6,
138,-8,
7,-63,
36,-64,
42,-11,
-15,27,
-3,52,
15,19,
24,53,
1,14,
-13,4,
67,13,
65,-34,
83,-8,
-42,-25,
-32,-25,
38,-30,
68,10,
90,41,
61,38,
87,38,
40,30,
00>
_________________________________
00>
RX Timestamp: 458423784967
00>
Clock Offset: -1346.397 Hz, 0.169 ppm
00>
RX Timestamp: 459494925023
00>
Clock Offset: -2071.667 Hz, 0.259 ppm
00>
_________________________________
Sequence Number: 163
00>
00>
Printing STS0 CIR
00>
00>
_________________________________
00>
-66,2,
-77,-32,
19,-65,
70,-3,
-46,5,
-19,-16,
0,-95,
-67,-2,
-67,-37,
37,-14,
-33,30,
-9,30,
-56,21,
-34,-19,
-11,-54,
-42,-19,
-28,-44,
15,-40,
41,-49,
27,27,
43,5,
33,15,
-16,-33,
-31,7,
4,19,
67,24,
5,-24,
-24,-68,
-40,-36,
41,-41,
65,21,
2,54,
27,12,
4,21,
48,38,
72,28,
46,5,
46,49,
-2,32,
48,59,
25,52,
-32,20,
-9,-34,
-15,-2,
-28,19,
16,41,
-6,0,
27,4,
31,-51,
17,-100,
38,-102,
-8,-43,
31,-5,
-8,-77,
13,-85,
-6,-8,
24,-12,
-1,-6,
-48,12,
13,-17,
38,19,
41,-8,
10,38,
-27,69,
14,6,
-1,13,
50,-45,
48,7,
60,19,
10,-5,
47,33,
18,14,
18,-70,
32,-20,
-41,24,
-66,33,
-49,-7,
-57,-64,
-60,-63,
-63,4,
34,14,
5,-56,
23,-47,
42,-76,
76,-72,
47,-26,
26,-1,
48,-21,
37,-26,
32,-104,
-16,-18,
31,13,
17,31,
41,26,
59,-50,
29,-16,
26,2,
58,19,
9,33,
-2,35,
12,-17,
-20,-34,
45,3,
65,16,
48,21,
8,-35,
22,-15,
3,28,
-37,-52,
40,9,
58,-28,
15,6,
-31,23,
-82,-27,
26,-59,
98,-72,
36,-31,
-23,-1,
-27,3,
38,6,
18,-10,
12,36,
67,41,
97,57,
-6,-19,
-28,7,
-38,-20,
33,4,
45,27,
57,-55,
-22,50,
-27,44,
-82,58,
-86,58,
-53,61,
-31,50,
-1,-25,
53,9,
71,72,
76,23,
56,3,
7,-23,
-31,22,
-20,-26,
-26,-42,
-51,1,
-42,-25,
29,-24,
-2,15,
-2,41,
-3,-23,
27,-77,
54,-57,
33,-31,
58,24,
24,3,
30,27,
-22,57,
-20,16,
21,-68,
15,-59,
-22,-49,
0,33,
-22,-34,
21,-80,
25,-51,
-14,-10,
-1,53,
42,-9,
32,-12,
9,46,
-8,-1,
85,-8,
40,5,
-17,-6,
35,-18,
-12,-43,
-38,1,
-8,6,
-12,54,
-47,14,
-27,28,
-72,-26,
-28,-59,
85,29,
87,55,
119,9,
78,-14,
70,15,
11,56,
-58,50,
31,28,
88,16,
43,61,
-57,38,
-21,-23,
16,8,
-51,34,
9,20,
3,-37,
-51,-3,
-74,-49,
-76,-13,
58,69,
72,1,
21,36,
2,-39,
4,-18,
27,3,
-23,34,
26,-36,
111,-15,
21,20,
28,-38,
-40,-75,
-15,-34,
0,5,
5,82,
20,57,
-56,42,
-72,-6,
-35,-82,
-32,-104,
-26,5,
21,-6,
-7,-46,
29,-81,
-4,20,
94,-34,
5,0,
-40,20,
8,-57,
19,-28,
49,18,
27,45,
78,32,
38,-29,
36,25,
22,20,
23,-28,
-27,-70,
-16,-66,
-47,-26,
32,15,
5,-33,
-58,77,
-3,32,
68,-59,
84,-57,
70,40,
14,-3,
-12,29,
-36,-28,
-33,-32,
-66,4,
24,21,
90,77,
69,12,
4,83,
12,4,
23,42,
-14,-12,
26,-38,
-3,-66,
-8,-8,
-14,-51,
-13,-23,
41,-4,
-1,40,
-8,119,
54,43,
13,75,
62,7,
31,15,
-15,33,
10,-22,
-52,-14,
-53,56,
0,-2,
-22,0,
72,40,
41,16,
-24,-1,
14,52,
3,48,
83,13,
-20,33,
9,-28,
26,19,
1,-30,
-19,-19,
-27,-18,
-12,-54,
34,-37,
68,5,
24,87,
31,60,
27,-33,
22,-61,
-9,3,
16,13,
49,45,
-35,62,
-11,-21,
-14,-22,
-18,-60,
-28,-72,
29,-23,
57,-6,
-3,-14,
-4,-2,
29,-15,
57,-23,
39,-36,
54,-9,
-42,-17,
-15,13,
-7,-12,
36,67,
-1,75,
-56,79,
29,95,
23,43,
63,-15,
29,-1,
11,57,
-49,-45,
23,-9,
23,20,
79,-63,
72,-9,
31,9,
51,-13,
35,-46,
-18,7,
69,78,
93,81,
74,20,
17,-17,
-38,-69,
60,-19,
-5,17,
-31,60,
-47,-8,
2,48,
-16,-14,
42,22,
32,-34,
21,-15,
42,17,
361,-104,
2079,-693,
5889,-1376,
7388,-1101,
4955,-635,
-233,-713,
-1779,-1078,
-264,-439,
971,1015,
652,2375,
87,2354,
41,1260,
-171,187,
-1016,-152,
-1403,-214,
-1003,-240,
-142,-102,
314,197,
342,654,
363,1181,
728,1516,
680,1009,
205,341,
-101,129,
-75,-4,
192,43,
131,-33,
-72,-47,
-270,-31,
-251,16,
5,125,
69,166,
-34,109,
-207,-69,
-188,-71,
-74,74,
-4,28,
7,-56,
-94,-145,
-79,80,
-20,327,
33,282,
-108,51,
-99,-136,
-56,-165,
29,-93,
54,-52,
-86,-32,
-81,-42,
-32,-22,
18,-34,
-46,-11,
-147,55,
-166,-36,
-87,-156,
81,-283,
98,-175,
9,-43,
-140,88,
-204,31,
-249,-23,
-176,24,
-17,4,
138,-98,
127,-32,
95,102,
41,317,
-18,288,
-102,104,
-75,-29,
-62,-7,
-69,6,
-37,-47,
4,-87,
-57,-7,
-97,171,
-232,294,
-367,249,
-507,119,
-366,-67,
-124,-157,
55,-195,
49,-214,
37,-82,
-68,39,
-38,19,
43,86,
56,73,
-50,91,
-30,81,
49,126,
1,-6,
-103,-1,
-70,21,
-44,91,
21,55,
11,35,
-43,9,
-63,-19,
13,-23,
-27,-61,
-79,40,
-87,13,
-32,16,
-96,-70,
-71,-115,
-18,-80,
-54,-134,
-82,-71,
-86,-23,
-100,86,
-18,116,
-29,15,
-70,-38,
-62,-30,
-45,3,
-60,68,
7,29,
-30,15,
-15,-2,
-32,33,
-2,41,
-59,-39,
-44,-98,
-78,-127,
-102,-73,
-209,-89,
-86,-78,
-45,-25,
-96,-35,
-80,49,
-109,24,
-21,-14,
-54,-13,
-62,22,
-12,-22,
-46,-16,
36,-42,
41,-86,
-21,-59,
-3,-23,
24,43,
30,69,
-2,-52,
3,-67,
-38,6,
21,17,
7,20,
-26,68,
-49,-51,
-106,-81,
-86,-23,
-68,21,
-55,-43,
-14,-64,
26,17,
-49,-12,
-9,-109,
-57,-68,
-16,8,
-14,-48,
-20,-101,
00>
_________________________________
00>
00>
Printing STS1 CIR
00>
00>
_________________________________
00>
1,103,
-24,4,
-31,-32,
-32,-27,
16,-29,
-32,55,
-39,35,
-7,41,
60,17,
60,9,
45,-20,
42,14,
86,38,
109,7,
26,-11,
-92,-30,
-32,-24,
8,30,
19,-26,
-126,76,
-91,45,
-7,-17,
81,-33,
-40,48,
-89,91,
-46,33,
27,8,
-58,-47,
-67,4,
-25,-15,
-22,14,
-30,14,
-24,37,
15,-9,
-17,17,
-61,56,
-51,2,
3,-28,
14,-71,
-78,-28,
-67,34,
-24,-7,
48,17,
19,44,
-66,95,
-63,47,
-17,-34,
-32,12,
-20,1,
15,-33,
-27,-1,
-32,19,
8,24,
17,37,
29,20,
-52,-29,
0,-12,
27,9,
-16,20,
2,40,
-56,-40,
3,-32,
28,-6,
88,3,
12,17,
26,60,
20,17,
14,10,
4,-33,
21,50,
20,51,
65,20,
23,9,
-4,-40,
-44,-24,
43,-36,
67,-67,
33,-71,
7,-58,
46,42,
64,-9,
6,-28,
-25,-14,
-15,28,
-2,48,
81,-15,
103,-38,
-4,3,
-63,-44,
-67,-10,
-22,-7,
-1,61,
-47,-2,
-27,-11,
-50,-4,
55,-9,
-12,78,
-45,54,
-14,41,
-4,62,
51,-4,
34,-9,
38,-10,
-56,-2,
-37,32,
-23,14,
-12,-26,
43,-9,
69,29,
61,4,
40,-38,
63,-20,
-15,-28,
-49,42,
-50,97,
17,21,
70,-71,
1,-47,
30,-10,
5,101,
14,51,
8,4,
-16,26,
29,19,
34,-39,
-37,-35,
-19,-11,
-46,-15,
-18,-46,
-67,-21,
9,-87,
-11,-52,
54,-4,
82,28,
30,30,
52,-51,
7,-28,
78,-8,
23,-43,
-18,-42,
-22,-3,
-1,29,
4,33,
32,30,
15,40,
-1,6,
33,-34,
-7,24,
35,116,
5,64,
-105,56,
-9,-47,
6,-38,
49,-29,
-6,-5,
-8,-47,
-24,68,
-28,22,
-42,-8,
-22,-57,
-12,14,
-18,-25,
-67,26,
-35,9,
-87,43,
-31,-33,
-6,-10,
-47,-15,
5,-53,
29,-56,
-35,-7,
17,-3,
4,21,
35,21,
54,32,
-51,6,
-95,-18,
1,-83,
58,-8,
4,64,
23,2,
15,-10,
-2,-9,
43,10,
-5,5,
17,-33,
21,-54,
-9,-25,
-49,-36,
-73,-32,
-39,-21,
-18,13,
8,-8,
-21,32,
-8,57,
-14,106,
-30,59,
-48,21,
-16,7,
74,-9,
53,0,
-16,25,
43,13,
-8,-3,
-44,-29,
-41,-60,
-4,-96,
-14,-59,
12,-41,
0,-48,
-20,37,
-26,79,
17,55,
4,32,
29,-14,
-35,23,
-63,-5,
4,-19,
-34,2,
20,-23,
9,0,
47,-5,
72,-23,
23,-40,
8,25,
-41,-16,
-108,-40,
-47,-49,
-28,-34,
45,4,
-21,-38,
-57,-16,
-79,-3,
-17,0,
5,-9,
-25,20,
-13,44,
-9,2,
-36,-31,
-53,4,
-9,-48,
13,-52,
-51,-48,
-30,-43,
-16,-36,
-27,-65,
-5,1,
5,37,
-35,-22,
-4,-15,
-61,4,
-110,87,
-88,29,
30,25,
1,-13,
15,23,
-95,-20,
-2,-17,
29,29,
10,108,
32,-1,
-104,0,
16,27,
10,-5,
33,-11,
-20,-30,
49,-24,
13,38,
-11,24,
2,5,
-33,-11,
-44,51,
-29,0,
-29,50,
-58,74,
-32,47,
13,56,
-54,-7,
-58,21,
-90,14,
20,-15,
27,-58,
-24,51,
-106,14,
-39,94,
34,4,
58,-4,
-16,-5,
-16,-69,
-7,-109,
-50,-35,
48,63,
82,97,
30,58,
-34,-49,
-9,-70,
-8,-48,
-36,73,
-44,2,
-40,25,
-36,87,
-34,76,
10,-21,
44,-77,
-63,-95,
-50,-16,
21,-3,
0,82,
-78,53,
-21,-32,
-31,-6,
-69,-30,
-18,54,
-43,0,
30,18,
50,43,
79,32,
69,50,
12,-29,
20,25,
44,48,
53,40,
54,90,
22,59,
23,-5,
60,-28,
42,17,
95,79,
40,46,
30,93,
18,64,
-18,-25,
2,-6,
26,16,
5,43,
-23,118,
14,88,
23,152,
-9,56,
2,41,
0,-19,
5,-8,
-13,82,
15,79,
-34,49,
-28,85,
-13,57,
-23,44,
29,66,
75,2,
280,-275,
1897,-916,
5335,-1857,
6849,-1943,
4314,-1441,
-944,-1068,
-2751,-1128,
-558,-1144,
2233,-1587,
3324,-2328,
2354,-2433,
598,-1525,
-106,-510,
619,94,
1465,199,
1399,186,
500,215,
-243,339,
-380,565,
-5,839,
79,1112,
-52,724,
-228,82,
-175,-308,
114,-182,
283,58,
120,177,
-61,149,
-177,214,
-141,205,
-123,117,
-191,95,
-324,41,
-469,48,
-434,3,
-147,120,
-182,142,
-222,187,
-245,228,
-141,146,
79,19,
267,27,
211,156,
80,222,
-60,212,
-154,205,
-184,149,
-152,147,
-48,151,
-31,232,
-37,135,
-29,32,
-2,-11,
53,62,
-30,82,
-122,48,
-190,-48,
-244,-137,
-166,-200,
-51,-79,
2,-4,
24,-6,
-20,-2,
35,-93,
155,11,
136,126,
44,219,
-58,176,
-179,88,
-41,7,
28,29,
-64,106,
-85,152,
-127,65,
-137,20,
-173,176,
-278,258,
-399,324,
-529,228,
-471,67,
-231,-23,
213,-38,
202,-118,
-18,-70,
-77,-43,
-105,-33,
-86,-21,
57,-32,
95,-29,
55,-63,
-21,-43,
-70,43,
-145,87,
-68,17,
41,43,
44,52,
33,24,
-101,5,
-95,83,
-16,-25,
9,-31,
-25,49,
-56,49,
-79,68,
-40,26,
-44,144,
-89,176,
-109,162,
-94,139,
-34,43,
-17,76,
-53,63,
-141,59,
-154,-11,
-87,-52,
-29,4,
-47,49,
-64,65,
-70,36,
-59,34,
-74,48,
-87,144,
-78,87,
-112,76,
-117,71,
-104,31,
-47,-5,
-2,6,
-69,37,
2,67,
-135,74,
-93,64,
-164,74,
-136,53,
-90,44,
-22,61,
-39,80,
-106,46,
-79,46,
-21,78,
35,60,
-19,78,
-69,153,
-62,90,
19,19,
29,23,
52,31,
22,74,
-40,78,
6,93,
-2,-33,
23,35,
-45,-11,
-105,8,
-96,66,
-56,105,
-82,15,
-46,-15,
-44,20,
-104,80,
-22,74,
-38,26,
00>
_________________________________
00>
_________________________________
Sequence Number: 166
00>
00>
Printing STS0 CIR
00>
00>
_________________________________
00>
72,22,
51,42,
-2,36,
64,-15,
60,-22,
54,16,
35,-34,
24,68,
17,102,
8,45,
11,-29,
14,17,
29,13,
2,2,
23,21,
109,-26,
99,1,
20,-47,
46,6,
-71,92,
-40,29,
-11,18,
-5,49,
-39,1,
-6,-34,
39,21,
11,13,
31,37,
-5,38,
-17,20,
32,-32,
80,-12,
53,-7,
-27,25,
0,13,
-39,26,
-61,1,
-60,-4,
17,40,
20,45,
-30,65,
-8,53,
10,38,
34,54,
39,3,
-11,-36,
33,15,
-63,-22,
4,-77,
21,-26,
16,26,
-3,-55,
48,5,
64,27,
76,-14,
20,11,
12,-18,
-14,-30,
38,-18,
6,-10,
-48,27,
-28,30,
-17,-45,
8,-48,
12,41,
48,100,
98,79,
80,-16,
97,46,
88,-12,
-71,-74,
-27,-52,
28,21,
-12,-7,
31,36,
-16,40,
-1,-8,
3,27,
31,-29,
-6,39,
-63,27,
7,8,
-21,0,
8,-41,
69,9,
72,-24,
13,71,
39,85,
2,28,
14,-24,
19,2,
68,26,
33,29,
-2,25,
5,-60,
24,-76,
15,0,
39,58,
2,28,
8,5,
-14,37,
11,25,
25,-5,
7,-102,
8,-39,
-26,7,
-9,-25,
34,-42,
70,71,
45,43,
-16,9,
-33,-1,
-63,-21,
13,0,
6,3,
51,41,
-1,-21,
25,-57,
15,-55,
-60,-48,
36,71,
-21,23,
41,-43,
-29,-25,
44,-62,
-20,6,
15,-29,
21,-1,
3,-78,
-20,-9,
13,-53,
58,64,
51,-4,
-9,16,
53,-35,
89,-123,
46,-86,
63,14,
-12,52,
-31,37,
45,-48,
33,-39,
64,3,
35,33,
13,72,
-25,2,
34,-16,
81,-42,
31,-27,
26,31,
67,-8,
54,40,
10,-42,
1,-60,
21,-11,
-48,8,
-38,30,
-16,-4,
0,-41,
2,16,
-9,8,
1,-23,
6,13,
39,-38,
22,-57,
-48,-23,
-7,-11,
-16,-34,
18,-20,
40,14,
-10,58,
-66,72,
-23,29,
16,-71,
53,-21,
-13,32,
-11,8,
17,-40,
6,-53,
6,-21,
40,31,
57,38,
44,-46,
-26,-64,
45,-44,
8,-17,
1,-20,
-10,-3,
-125,-24,
-47,-38,
-28,-38,
-7,-40,
-8,16,
10,-24,
-38,-5,
-7,19,
16,11,
21,46,
41,8,
74,77,
64,44,
46,-6,
46,-61,
36,-76,
-18,-62,
-31,22,
-43,14,
42,-17,
-19,-12,
-17,-10,
7,0,
20,4,
23,-47,
16,-26,
43,-105,
9,41,
-9,39,
-27,-46,
54,-62,
53,-66,
-13,-6,
-22,-19,
-37,45,
-16,31,
28,-49,
19,33,
-25,5,
6,30,
-23,10,
-30,11,
-76,89,
-34,35,
6,17,
9,-2,
8,8,
-17,7,
-53,45,
16,27,
-51,-21,
51,-47,
18,-32,
-15,18,
9,35,
36,0,
76,-35,
22,-54,
54,9,
22,33,
-9,-44,
33,-7,
-42,-56,
-36,21,
11,-14,
-6,-25,
30,55,
-8,60,
-34,68,
-4,5,
25,19,
28,-8,
38,-13,
19,1,
-36,-36,
-14,-5,
-65,-5,
-2,-6,
57,68,
68,37,
52,57,
-29,81,
-1,22,
-22,-3,
-22,-14,
53,-3,
81,-40,
-3,-21,
-42,63,
-44,74,
1,28,
33,7,
-23,25,
-42,81,
-41,45,
-7,40,
26,36,
20,105,
-78,54,
-48,61,
-67,25,
-1,-7,
-60,10,
-29,-3,
20,39,
-2,23,
11,-18,
26,-37,
-33,3,
-10,17,
-20,-26,
1,-96,
31,7,
38,42,
-24,17,
16,-8,
31,-71,
47,45,
10,66,
38,57,
-4,57,
-28,55,
-2,61,
8,-14,
59,-30,
-10,-20,
-19,68,
56,12,
30,-80,
-24,-42,
13,-36,
18,-25,
27,-19,
2,9,
-9,-22,
30,6,
18,6,
-9,24,
-10,-21,
-25,9,
56,-3,
1,14,
-1,46,
-73,61,
-68,-19,
-63,7,
-23,-62,
49,-64,
15,-65,
7,36,
37,46,
-48,59,
5,-21,
-40,-19,
-12,-29,
41,3,
-42,36,
-29,18,
36,-46,
32,-13,
9,-36,
48,15,
13,-28,
-32,-26,
-5,11,
125,119,
1220,1168,
4935,5367,
5628,7101,
5007,7364,
2295,4273,
-1053,-2246,
-1080,-2413,
2,-151,
740,-504,
1049,-2954,
707,-3563,
18,-1100,
-386,1546,
-691,3270,
-788,2377,
-319,533,
-42,-298,
-370,35,
-799,543,
-1275,721,
-1292,828,
-358,-215,
-17,-831,
80,-405,
183,23,
113,206,
-190,-6,
-370,-164,
-320,-136,
-254,-94,
-155,-98,
-173,-75,
-257,-111,
-348,-120,
-47,2,
94,-59,
277,-283,
132,-189,
-116,-142,
-297,18,
-498,91,
-541,195,
-448,144,
-291,97,
-212,-77,
-55,-380,
78,-502,
79,-411,
13,-54,
-44,148,
8,58,
59,-16,
-29,-264,
-159,-305,
-204,-324,
-87,-191,
-74,-135,
-7,-174,
101,-73,
28,80,
4,191,
-30,299,
20,212,
169,230,
266,336,
48,158,
-45,28,
-147,-10,
-534,-449,
-478,-276,
-330,-171,
-13,-145,
93,-156,
57,-311,
-122,-424,
-194,-435,
-108,-691,
113,-1082,
291,-921,
248,-454,
205,-61,
69,95,
12,5,
-10,-5,
-211,-187,
-155,-25,
-152,37,
-155,32,
-136,-85,
-152,-133,
-22,-143,
-15,-102,
91,-82,
53,-51,
42,23,
-12,-37,
-57,-84,
-50,-67,
16,-20,
42,-7,
-47,5,
-66,-135,
-63,-168,
-54,-109,
17,-45,
-3,37,
-10,81,
-23,-68,
54,-182,
7,-159,
-63,-62,
-94,-33,
-52,-100,
25,-171,
90,-27,
76,-16,
-34,-92,
-67,-128,
-53,-206,
-40,-123,
-57,-26,
-45,-83,
-76,-9,
-38,2,
5,65,
61,45,
57,39,
8,7,
-64,-36,
-26,-41,
11,10,
22,11,
-17,-133,
-56,-14,
-81,-52,
7,-49,
-30,-33,
-63,94,
-67,65,
4,38,
2,-87,
-7,-48,
-87,-18,
-63,-1,
-101,-55,
-59,-28,
39,-18,
51,13,
-85,-21,
-85,11,
-29,-64,
-16,-24,
-14,-54,
-28,-152,
-20,-139,
-49,-107,
-40,-44,
-10,-2,
00>
_________________________________
00>
00>
Printing STS1 CIR
00>
00>
_________________________________
00>
-3,71,
7,11,
-81,25,
-57,29,
-48,7,
-22,-4,
-38,9,
-5,6,
19,-31,
-33,3,
28,-17,
88,-15,
41,41,
56,-21,
28,-18,
8,54,
60,24,
40,54,
59,78,
5,24,
-37,87,
-4,48,
59,36,
36,19,
10,-2,
-52,14,
-56,44,
-22,11,
14,10,
38,-11,
47,21,
-8,-14,
17,-62,
63,-33,
6,60,
-25,83,
0,-12,
51,-50,
-56,25,
13,9,
0,-16,
31,7,
-28,33,
-7,18,
-5,42,
44,-9,
2,-22,
-4,-16,
-12,18,
-19,-39,
17,-6,
20,34,
65,-29,
42,-11,
52,-4,
29,15,
-54,1,
10,-14,
8,16,
72,-16,
78,-8,
-13,15,
0,33,
15,20,
32,-24,
35,1,
7,13,
-12,17,
-30,26,
-20,31,
-9,-27,
38,24,
20,34,
27,18,
-36,69,
26,99,
45,72,
21,59,
-29,-75,
11,-84,
52,-43,
41,79,
62,36,
67,-1,
-13,-43,
-5,-4,
92,-8,
16,-31,
-33,-20,
-37,0,
-27,-33,
-17,-90,
-50,-5,
44,42,
9,45,
-9,-30,
3,-52,
26,31,
55,27,
9,9,
-14,22,
43,26,
1,21,
79,-17,
15,-72,
35,-28,
43,15,
18,5,
46,70,
-12,24,
8,19,
65,-25,
26,-7,
6,-53,
21,-2,
-62,53,
-40,43,
-7,19,
60,30,
6,17,
-101,35,
-47,21,
-7,-32,
62,37,
41,36,
-9,-36,
39,-19,
9,38,
-6,8,
-5,11,
28,-32,
50,-52,
-38,21,
-43,39,
-43,-34,
-65,-6,
-17,-41,
23,50,
-15,0,
-27,7,
100,-6,
5,-25,
25,6,
-23,-71,
-24,-63,
42,-53,
18,26,
-19,51,
-56,7,
76,-35,
-10,-43,
-14,68,
-46,46,
-96,59,
-23,64,
-15,28,
3,11,
-48,-24,
14,29,
20,22,
-26,20,
-14,-3,
33,16,
66,47,
1,27,
-9,44,
-2,-19,
-8,-83,
-5,22,
39,66,
39,62,
-5,31,
62,42,
36,56,
24,8,
-22,12,
-13,-12,
9,34,
-12,-12,
5,-13,
-16,37,
-73,37,
-1,-40,
31,-24,
-8,23,
-6,50,
-26,10,
-55,42,
-71,-9,
13,38,
10,30,
45,112,
-35,54,
0,2,
1,52,
-11,35,
6,32,
-25,21,
11,-87,
45,4,
73,34,
-54,80,
-57,6,
-34,27,
-2,33,
-8,-8,
55,-44,
51,-49,
-4,21,
-12,0,
25,35,
-17,-27,
-18,4,
40,28,
-2,-2,
50,-45,
13,-23,
-26,58,
-19,60,
-28,48,
16,29,
40,56,
26,-2,
19,3,
17,16,
-13,21,
-20,51,
56,16,
35,-47,
72,-26,
-22,17,
-59,26,
11,-59,
40,22,
72,-2,
43,-4,
19,8,
57,53,
-33,-17,
-13,-5,
-32,25,
-47,53,
-36,59,
-24,69,
15,11,
-4,32,
18,7,
24,39,
89,-2,
-19,29,
-89,73,
-36,30,
-34,44,
-26,-5,
0,-11,
-25,58,
-15,68,
-1,48,
20,28,
-56,4,
-12,-14,
5,3,
1,35,
47,87,
28,57,
-9,66,
-50,4,
-86,35,
-71,77,
5,78,
10,25,
5,13,
46,29,
53,-18,
31,5,
-20,-8,
-26,5,
27,-50,
50,29,
69,15,
63,42,
35,50,
34,62,
-6,41,
-13,-9,
-22,-8,
11,50,
-15,35,
-31,57,
4,76,
37,-23,
17,9,
-9,-5,
-57,-7,
6,-36,
-1,-26,
39,-5,
1,10,
-15,-24,
-46,-34,
-53,-20,
20,39,
6,70,
14,15,
7,33,
16,14,
54,64,
14,22,
6,-2,
32,28,
-5,26,
11,13,
-49,15,
-10,20,
-11,15,
-3,15,
63,3,
25,0,
-39,32,
-9,61,
-14,-26,
-4,-6,
-35,-9,
-80,22,
-59,17,
-8,49,
46,-11,
30,0,
7,28,
-1,80,
-30,129,
-54,-15,
-53,46,
2,61,
36,72,
43,10,
7,71,
9,-1,
-13,-27,
-36,1,
6,59,
-35,55,
9,55,
10,-2,
-29,-22,
-52,-46,
20,41,
42,-20,
38,-72,
-19,-24,
-20,16,
-30,3,
45,-35,
171,37,
1050,871,
3782,4958,
4291,7618,
3420,7525,
1286,1931,
99,-2807,
-270,-1718,
-1222,517,
-3127,914,
-3988,-280,
-2687,-557,
-809,-267,
106,-713,
562,-2084,
781,-2650,
611,-1401,
151,-89,
-692,564,
-1043,455,
-1669,514,
-1757,558,
-901,521,
-93,-116,
191,-311,
215,-202,
-23,75,
-283,-206,
-245,-422,
-235,-316,
-298,148,
-208,598,
105,462,
444,168,
670,36,
346,-167,
217,-174,
0,-357,
21,-46,
98,358,
93,469,
-310,640,
-558,235,
-358,-126,
16,-228,
33,-135,
-74,-55,
-166,134,
-26,184,
132,132,
293,-44,
204,-139,
131,-216,
-107,-447,
-90,-376,
3,-205,
53,-107,
-272,-110,
-604,-132,
-582,-129,
-353,-74,
-245,-125,
-219,-131,
49,-32,
130,215,
36,232,
-59,25,
131,-121,
270,-177,
454,-101,
329,-4,
146,-51,
102,-64,
55,-14,
-95,-119,
-233,-228,
-232,-272,
-116,-377,
55,-794,
329,-882,
392,-405,
168,14,
-9,149,
37,84,
99,68,
99,113,
1,73,
-25,9,
123,-14,
116,150,
16,108,
85,77,
65,-7,
64,-13,
73,-32,
58,-65,
-30,-23,
-29,-38,
-2,30,
0,19,
-78,45,
-131,68,
-61,19,
13,-84,
8,-104,
-90,-59,
-43,-50,
15,-4,
63,-6,
17,-44,
21,14,
-53,8,
45,-17,
42,-15,
80,-97,
15,-18,
34,8,
7,-104,
4,-24,
-29,-17,
-60,39,
-88,40,
-82,-9,
-22,-35,
-3,-55,
10,-64,
-28,-170,
30,-144,
38,-79,
94,-74,
35,-111,
88,-58,
124,-113,
-2,-116,
2,-57,
8,-28,
-32,28,
22,45,
10,74,
23,3,
30,34,
40,16,
58,-62,
19,-69,
-14,-33,
-36,-18,
0,-22,
15,10,
26,34,
36,54,
92,-84,
98,-63,
10,-37,
-55,-70,
-35,-83,
49,38,
75,41,
62,23,
28,-11,
00>
_________________________________
00>
RX Timestamp: 598455264582
00>
Clock Offset: -2246.475 Hz, 0.281 ppm
00>
RX Timestamp: 599527394330
00>
Clock Offset: -1312.923 Hz, 0.164 ppm
00>
_________________________________
Sequence Number: 43
00>
00>
Printing STS0 CIR
00>
00>
_________________________________
00>
37,-35,
38,63,
23,6,
24,147,
47,92,
53,101,
-3,59,
-22,-13,
37,-1,
10,19,
0,29,
40,-40,
29,-59,
33,3,
37,-29,
27,33,
81,5,
5,27,
2,-7,
-6,14,
62,109,
96,48,
137,-9,
103,-57,
8,22,
-2,-6,
3,49,
9,48,
97,-16,
93,33,
-8,85,
-3,40,
42,-40,
37,-11,
22,13,
-25,0,
16,-37,
35,-12,
8,31,
12,57,
49,-43,
71,-59,
66,-8,
21,58,
-5,29,
77,-73,
64,-25,
91,-63,
29,-15,
20,-3,
-30,-39,
-57,-23,
-44,-7,
9,-21,
99,32,
102,63,
33,32,
24,43,
-21,-32,
80,-30,
75,19,
24,26,
35,15,
37,15,
-4,30,
-12,-30,
14,-54,
43,3,
-8,17,
-56,-3,
-48,54,
-12,28,
47,-61,
-16,-31,
29,-39,
15,-12,
37,39,
-60,29,
-75,48,
5,19,
7,-8,
30,-7,
49,-25,
79,-55,
66,67,
65,67,
38,-60,
-13,-70,
-13,-16,
13,69,
60,-11,
16,-30,
-26,-32,
-4,-7,
53,47,
-26,-30,
45,-4,
100,-49,
30,-24,
26,-37,
0,-28,
25,-3,
38,-29,
35,-32,
20,45,
12,9,
-2,66,
10,17,
0,27,
33,-19,
-7,-27,
5,-64,
44,-10,
51,-4,
-3,5,
0,-15,
-61,-2,
2,50,
-17,16,
-5,-63,
3,7,
-11,59,
-13,54,
-3,35,
-4,-10,
60,-148,
67,-86,
89,74,
80,149,
79,53,
54,-10,
-31,4,
13,5,
32,-38,
75,14,
38,-26,
-28,15,
30,-4,
19,-9,
21,-23,
33,26,
11,-7,
75,22,
-39,39,
22,-41,
34,-28,
-14,-14,
-53,33,
14,31,
1,72,
-26,-13,
-38,58,
46,-12,
45,-20,
-19,-75,
55,-58,
50,-34,
-37,18,
-1,39,
-59,71,
11,-6,
-25,-45,
-12,14,
-12,65,
-17,18,
38,4,
67,18,
35,26,
-53,40,
-6,26,
43,-4,
92,-56,
0,43,
-73,40,
-60,75,
11,19,
62,48,
109,4,
49,-25,
-56,-9,
-30,-68,
26,-1,
-9,25,
10,23,
-16,-39,
-22,24,
32,58,
63,4,
29,-23,
1,42,
-1,38,
-48,4,
77,2,
31,14,
21,24,
-36,4,
-47,-13,
5,27,
45,24,
32,58,
57,13,
99,-26,
129,0,
57,44,
12,71,
-9,-15,
-25,-68,
-58,-40,
-87,39,
25,59,
-33,55,
6,23,
-45,12,
-22,20,
2,28,
50,55,
25,-48,
49,-56,
115,-30,
73,18,
75,-62,
57,-37,
23,26,
7,89,
9,-3,
15,6,
-41,-7,
-64,84,
-21,3,
-16,-33,
0,72,
52,21,
42,-2,
25,-87,
35,-23,
63,31,
36,18,
50,10,
5,9,
-69,-41,
58,-70,
69,-47,
83,-53,
11,-9,
-41,-5,
13,-34,
7,20,
5,49,
15,19,
41,-61,
-18,-9,
-30,-16,
-29,3,
49,75,
36,25,
3,46,
-9,-2,
-26,-51,
-24,11,
-46,-11,
21,-6,
-7,106,
-45,59,
5,74,
-8,50,
14,12,
-48,4,
-11,-38,
-1,30,
85,19,
42,39,
-1,76,
36,41,
55,58,
54,20,
21,17,
58,18,
82,-6,
70,-42,
100,-19,
-35,15,
61,10,
55,8,
64,21,
52,45,
36,58,
42,-20,
1,-9,
-23,79,
-67,-8,
-26,-1,
48,41,
-28,85,
20,117,
45,4,
-16,58,
52,22,
21,74,
1,25,
92,0,
65,5,
14,48,
112,64,
96,59,
63,78,
24,39,
9,12,
-56,-5,
-42,19,
7,-3,
-61,-59,
-55,-76,
63,-9,
134,97,
85,99,
-8,3,
21,-14,
33,68,
57,85,
106,35,
125,11,
124,46,
68,26,
52,54,
37,3,
58,-11,
40,-7,
-15,-25,
57,28,
26,41,
-21,16,
24,-3,
25,4,
14,-36,
16,89,
22,80,
6,-5,
12,-8,
-11,7,
1,9,
44,33,
13,50,
-81,55,
-104,-22,
-48,-77,
34,-47,
55,35,
39,-34,
63,-3,
110,-28,
80,32,
-30,74,
-50,41,
46,-48,
-2,-27,
-180,-308,
-761,-2065,
-1537,-5872,
-1428,-7302,
-904,-4655,
-641,481,
-849,1888,
-400,85,
914,-1086,
2149,-684,
2134,-178,
1096,-22,
192,346,
-162,1063,
-139,1365,
-166,939,
-66,69,
165,-269,
556,-241,
1043,-294,
1325,-709,
943,-620,
457,-227,
136,115,
82,81,
14,-70,
-124,-87,
-59,203,
55,347,
151,252,
133,14,
27,-108,
-50,44,
-95,186,
-17,272,
56,111,
80,17,
36,69,
32,18,
167,7,
264,-56,
273,-72,
77,43,
-32,150,
-71,182,
-61,123,
-75,108,
-64,63,
-3,1,
30,-54,
4,29,
-78,69,
-28,206,
-63,141,
-124,43,
-151,-30,
-131,-7,
3,73,
55,240,
30,343,
48,282,
27,135,
-25,-32,
-94,-117,
-84,-117,
55,-146,
175,21,
179,18,
113,42,
26,24,
19,21,
-8,69,
-68,62,
-99,43,
31,78,
101,224,
221,328,
228,431,
122,469,
24,389,
-126,172,
-193,-31,
-163,-63,
-13,6,
81,58,
92,25,
60,-13,
24,50,
12,-58,
72,-68,
99,5,
60,9,
79,86,
28,92,
46,30,
90,-81,
29,-103,
44,44,
35,74,
35,72,
32,105,
71,43,
44,46,
-39,56,
-26,27,
36,88,
-1,119,
-13,128,
50,34,
20,10,
52,56,
50,120,
69,81,
41,72,
-80,89,
-21,40,
98,66,
41,19,
2,22,
-58,-17,
-44,-12,
26,40,
-6,45,
0,27,
4,129,
-27,107,
-31,187,
-18,128,
-24,77,
-65,0,
-88,40,
-42,76,
-10,72,
-66,55,
-20,17,
28,95,
12,68,
-33,56,
-56,38,
-32,18,
-37,-49,
7,0,
-3,-18,
-35,75,
-16,87,
-19,23,
-21,109,
-19,89,
28,71,
68,-18,
49,16,
20,72,
4,83,
-24,86,
-11,26,
28,-33,
43,-44,
00>
_________________________________
00>
00>
Printing STS1 CIR
00>
00>
_________________________________
00>
-76,-3,
-34,17,
-66,-45,
-42,-34,
42,-35,
52,-16,
9,36,
54,-15,
-50,-31,
-36,-16,
-54,-66,
15,-24,
37,42,
83,-20,
26,-9,
3,-4,
-9,-49,
-12,-3,
-6,40,
41,-50,
4,-96,
15,-27,
47,-15,
23,10,
-7,11,
-13,-2,
-48,-4,
31,-16,
36,-108,
1,-68,
61,25,
-27,81,
12,19,
30,9,
-16,-51,
-91,12,
-20,62,
-7,20,
-11,14,
34,-4,
46,7,
46,-23,
-74,3,
-7,83,
51,53,
4,50,
-9,26,
-48,-3,
7,-4,
-5,26,
-27,15,
-73,8,
47,0,
-61,32,
-93,14,
-70,-26,
-28,18,
-66,25,
-90,72,
33,8,
63,-10,
38,58,
1,18,
38,-23,
72,-32,
18,-10,
62,-15,
-38,15,
-6,39,
-61,45,
-7,-1,
-56,-52,
-72,1,
-3,-2,
61,-36,
-15,24,
-30,21,
-5,-22,
-58,-57,
-24,-7,
-17,24,
-30,-24,
-45,-2,
-4,-18,
-11,-5,
-25,-15,
-39,16,
-14,-11,
-13,-35,
-50,-20,
40,25,
-4,53,
-69,-28,
-88,-18,
-21,3,
18,15,
18,-19,
-63,-81,
-48,-44,
-8,21,
13,88,
50,89,
-18,-17,
-22,-49,
41,-44,
32,-48,
57,-23,
6,-78,
-56,37,
6,-9,
46,-16,
-9,-63,
16,-33,
22,20,
54,27,
67,-7,
29,3,
-22,-8,
18,-10,
56,-103,
-46,-61,
-124,-28,
-72,47,
5,-19,
71,-97,
32,23,
-14,0,
25,79,
23,39,
-27,-60,
-20,-35,
4,2,
63,1,
-12,41,
-83,-35,
-15,-51,
-1,-35,
-21,-35,
-21,-17,
-56,-29,
-81,46,
-36,32,
-29,38,
-6,47,
-21,26,
-18,-36,
-7,19,
26,58,
35,3,
-23,21,
28,-28,
-3,-61,
10,-2,
28,37,
31,71,
4,15,
-11,12,
-20,54,
18,-6,
2,-27,
7,-43,
-37,-22,
13,60,
34,53,
-14,91,
-34,28,
-20,-31,
8,-64,
20,-40,
-8,-1,
-45,-64,
13,-58,
53,-48,
-1,-10,
33,-26,
35,21,
21,27,
-22,45,
6,49,
-24,-5,
-15,13,
-1,21,
-57,7,
-4,-12,
33,-68,
37,-59,
43,-60,
-2,-9,
41,-64,
-65,30,
-28,42,
-27,43,
-23,23,
-58,21,
-64,79,
-46,-47,
18,-28,
4,-36,
3,-18,
-24,-15,
-37,-49,
-81,35,
-16,1,
-51,-49,
9,-5,
2,-47,
5,-7,
27,10,
-50,5,
3,30,
38,-4,
-11,-22,
20,9,
98,-11,
6,-18,
-25,14,
-29,-32,
17,43,
83,-28,
53,-47,
14,-106,
-16,-114,
-13,-55,
61,-13,
81,-6,
19,-16,
-32,-88,
-11,-15,
42,42,
50,52,
41,24,
-56,-57,
-36,-34,
-81,-14,
-63,66,
-49,66,
18,11,
24,-30,
10,-40,
49,26,
47,-2,
-28,-1,
-46,30,
-47,51,
-21,1,
-43,-10,
-14,41,
-3,36,
-84,-30,
-145,-51,
14,-3,
105,2,
56,-3,
40,44,
56,-4,
42,-32,
56,2,
-2,5,
1,16,
6,75,
-10,-18,
-18,-81,
28,1,
-18,-23,
-30,0,
-21,81,
-27,47,
-44,20,
-32,42,
51,23,
59,32,
-5,35,
-8,-40,
-8,-67,
5,-8,
25,9,
69,50,
-82,78,
-52,66,
-4,44,
28,36,
34,53,
58,-1,
-39,1,
-93,18,
-14,15,
18,35,
46,36,
1,10,
-31,-7,
-10,6,
17,48,
79,37,
57,-35,
10,40,
50,26,
12,-9,
-12,-37,
13,7,
58,57,
-9,62,
28,10,
4,25,
4,-11,
27,23,
16,-4,
23,-17,
22,-4,
-56,32,
-33,49,
8,71,
-14,-4,
5,-7,
30,11,
10,-57,
28,-6,
11,-22,
-16,-5,
82,26,
88,-6,
37,65,
-35,61,
13,-16,
18,-13,
-20,-24,
-35,-38,
53,-36,
102,-36,
44,8,
3,2,
-11,26,
-12,15,
5,-9,
36,-27,
42,16,
-34,32,
-33,10,
90,36,
23,5,
-54,-41,
-97,-4,
-76,27,
-9,2,
18,43,
-6,124,
-16,49,
-18,-28,
-71,8,
-23,-37,
15,-50,
73,6,
77,24,
4,-12,
-43,-42,
-59,-100,
-207,-259,
-966,-1694,
-1950,-4993,
-2027,-6562,
-1518,-3851,
-1046,908,
-1161,2469,
-1275,412,
-1764,-2042,
-2426,-3059,
-2416,-2041,
-1513,-460,
-451,152,
133,-544,
158,-1411,
74,-1325,
128,-403,
389,267,
528,334,
831,-66,
1092,-142,
731,-14,
56,234,
-302,83,
-265,-181,
-10,-245,
99,-60,
153,122,
174,102,
188,126,
123,181,
20,260,
2,416,
18,522,
127,415,
139,185,
205,149,
258,244,
224,186,
195,100,
123,-102,
66,-275,
95,-132,
237,-9,
197,95,
200,135,
201,170,
113,116,
143,51,
135,5,
140,43,
60,67,
68,72,
51,56,
-26,25,
27,55,
-41,192,
-134,333,
-203,233,
-150,39,
-73,-139,
-10,-67,
-67,-45,
-55,-2,
-27,-47,
220,-5,
377,52,
286,53,
159,57,
-24,-10,
18,-22,
87,2,
102,114,
168,135,
229,117,
268,191,
362,277,
334,437,
215,511,
52,440,
-34,139,
-91,-92,
-100,-181,
-114,-45,
-46,38,
15,118,
18,22,
-12,31,
-72,0,
-40,30,
81,63,
57,181,
109,180,
5,171,
-16,34,
-1,40,
44,34,
53,38,
118,118,
56,-1,
-10,56,
-24,72,
1,52,
-11,52,
19,85,
50,114,
84,132,
70,114,
61,100,
83,54,
66,47,
46,115,
35,139,
2,162,
85,113,
95,104,
91,142,
-9,51,
33,88,
94,41,
30,34,
35,59,
79,125,
46,72,
50,-2,
56,12,
18,-6,
47,-20,
16,52,
-36,32,
-21,63,
3,120,
46,176,
66,143,
2,23,
88,36,
72,102,
89,109,
45,-7,
-25,30,
18,19,
18,77,
128,47,
131,27,
25,65,
18,50,
49,0,
94,26,
141,63,
66,25,
30,79,
-25,-9,
-10,40,
21,26,
79,113,
24,32,
-26,97,
00>
_________________________________
00>
_________________________________
Sequence Number: 46
00>
00>
Printing STS0 CIR
00>
00>
_________________________________
00>
6,49,
-14,6,
2,37,
-14,41,
24,0,
-30,-61,
19,-35,
-21,27,
-13,-27,
-52,-82,
-56,-134,
-46,-62,
-28,75,
-15,13,
29,11,
-10,9,
-22,21,
-33,42,
6,1,
77,-6,
106,-16,
71,51,
-11,-8,
58,30,
61,-8,
64,29,
67,90,
14,-18,
6,-81,
38,-49,
17,4,
-16,-11,
8,-12,
-36,-3,
35,-13,
-32,-52,
56,-52,
-4,-1,
27,30,
-37,-32,
-68,-132,
-38,-43,
-19,-43,
-46,-29,
-54,59,
6,73,
30,23,
-26,2,
-29,74,
-82,57,
-19,-11,
8,-42,
-46,-51,
8,-52,
-12,11,
21,-17,
27,4,
35,-29,
50,-27,
55,-65,
-24,-26,
-43,-22,
15,1,
-15,17,
-6,62,
37,4,
61,11,
-52,-23,
-60,42,
-37,28,
-26,22,
22,-7,
-3,-39,
50,4,
34,6,
-17,-19,
-27,17,
-49,11,
24,-34,
13,-28,
-38,6,
3,0,
-22,1,
-58,-11,
1,30,
12,24,
-10,-28,
5,16,
28,28,
55,88,
32,71,
-22,77,
-45,-22,
39,-25,
10,-28,
22,3,
58,-40,
14,-38,
-8,-77,
33,9,
51,84,
44,53,
14,-34,
-2,14,
15,49,
-26,-20,
-22,-10,
-65,-5,
17,31,
-21,3,
-1,-43,
48,52,
33,24,
17,4,
49,-11,
-19,-23,
-46,-8,
-72,-2,
-70,6,
-12,-42,
66,13,
-15,-19,
-12,-3,
-14,-79,
25,-7,
49,7,
76,20,
48,-7,
1,-2,
1,-27,
-36,2,
-40,-9,
-40,17,
31,7,
23,-35,
86,-32,
68,25,
35,53,
35,67,
-2,69,
48,-5,
61,-25,
29,-19,
19,-51,
-64,-59,
25,-15,
72,8,
70,1,
-4,-2,
-35,21,
-13,17,
-2,27,
41,-34,
34,25,
14,43,
-23,-19,
-33,-41,
9,43,
12,10,
-11,-31,
-41,-43,
-24,-32,
9,41,
-21,9,
39,16,
37,37,
17,21,
5,65,
25,57,
8,51,
-1,43,
-24,43,
-140,17,
-108,-5,
28,11,
36,5,
61,-54,
-70,-44,
4,-21,
-18,7,
34,-29,
-15,29,
-12,43,
-56,14,
-45,5,
2,53,
-4,17,
-12,-8,
29,45,
48,16,
23,-42,
25,-64,
19,-13,
77,-52,
11,-60,
14,-33,
1,-52,
-5,-19,
-23,52,
25,-40,
9,-62,
-9,-8,
8,15,
-37,30,
-21,5,
35,40,
-11,6,
-79,-39,
-13,-51,
-34,14,
19,23,
-35,15,
21,43,
40,55,
-61,-20,
20,-3,
29,4,
49,23,
17,16,
-36,-55,
79,16,
25,51,
21,7,
13,-43,
-4,-24,
-8,-71,
-42,-28,
-38,13,
-20,5,
64,48,
50,-3,
53,-20,
1,79,
-9,38,
-29,8,
-25,10,
-30,2,
-49,-34,
5,21,
2,-5,
1,-29,
-47,-31,
10,11,
-19,44,
0,90,
-11,-40,
-25,-54,
35,-13,
22,51,
-9,22,
-3,-34,
64,-27,
23,43,
9,48,
6,12,
-16,-30,
-32,-32,
35,-36,
53,63,
34,23,
-32,-40,
-40,46,
-1,21,
62,17,
45,-29,
-9,-8,
3,4,
37,32,
-85,45,
-63,32,
-19,14,
29,10,
77,28,
33,-59,
-26,-55,
9,-48,
11,-104,
46,-14,
45,-4,
17,-1,
26,-3,
20,41,
6,24,
-66,-17,
-49,34,
37,-35,
-15,18,
-53,-13,
-87,-1,
26,15,
8,9,
-23,43,
-34,-36,
35,-10,
-1,5,
15,5,
-55,24,
-23,-41,
-32,-28,
-57,24,
-32,39,
-6,82,
-43,23,
2,27,
93,23,
58,10,
0,27,
-26,-7,
27,-18,
58,13,
24,-29,
-1,-34,
-84,-66,
-51,-81,
-49,-73,
67,-72,
19,37,
34,-6,
7,-26,
-7,-28,
13,59,
40,81,
-2,36,
0,-64,
43,-50,
-11,-71,
47,-51,
94,22,
68,47,
13,-9,
-58,-24,
-9,-10,
-44,38,
-37,37,
14,47,
19,-5,
14,-59,
65,-13,
-7,18,
-22,-2,
-1,25,
92,22,
47,-5,
51,-44,
-17,27,
-9,-4,
-8,-4,
56,-48,
34,-26,
18,10,
47,-20,
48,-9,
48,31,
3,45,
-21,43,
25,13,
26,-23,
-60,-12,
94,-113,
1224,-1122,
5847,-4407,
7383,-4677,
7595,-4083,
4073,-1707,
-2143,1032,
-2258,991,
-75,56,
-412,-739,
-2519,-1403,
-3163,-1151,
-975,-106,
1187,568,
2697,1104,
1962,1002,
474,406,
-234,-63,
-17,267,
514,773,
660,1204,
673,1229,
-244,310,
-763,-53,
-315,-88,
97,-87,
309,-33,
-100,244,
-264,374,
-158,369,
-142,300,
-123,269,
-144,217,
-190,315,
-252,256,
-44,-2,
-118,-159,
-152,-335,
-37,-160,
-15,153,
49,336,
90,495,
101,628,
234,560,
113,396,
-62,298,
-430,72,
-483,-116,
-292,-153,
-67,-158,
39,-48,
-20,-37,
-82,-131,
-326,17,
-356,256,
-211,254,
-171,143,
-194,88,
-256,-42,
-141,-136,
75,-101,
134,32,
192,108,
155,-13,
151,-156,
291,-148,
109,26,
9,64,
15,89,
-424,533,
-302,557,
-249,301,
-138,9,
-108,-152,
-205,-62,
-407,32,
-456,88,
-628,6,
-948,-259,
-787,-427,
-291,-261,
7,-143,
96,-17,
47,-10,
16,38,
-81,191,
-125,204,
-21,76,
-48,90,
-96,152,
-146,29,
-69,-39,
-4,-80,
-22,-74,
11,-57,
-6,-4,
-30,-38,
-14,-31,
-23,9,
-21,-30,
8,5,
-37,111,
-109,49,
-196,46,
-85,42,
-51,68,
13,57,
-10,-52,
-116,-37,
-123,-1,
-77,-4,
-36,84,
-59,39,
-153,58,
-198,-3,
-76,-59,
-58,-46,
-33,-20,
-83,16,
-150,105,
-49,-1,
-18,-20,
-2,11,
28,34,
-18,-17,
44,-10,
110,-6,
89,22,
39,-5,
-38,8,
-4,-12,
27,20,
8,4,
-4,-14,
-94,21,
-86,6,
-46,26,
10,34,
106,82,
6,89,
-14,62,
-54,14,
-108,54,
-62,32,
-70,129,
-28,58,
-25,58,
47,31,
1,13,
-25,102,
-102,123,
-111,78,
-72,38,
-23,30,
00>
_________________________________
00>
00>
Printing STS1 CIR
00>
00>
_________________________________
00>
-45,-100,
-9,-45,
43,18,
38,31,
-36,13,
5,-8,
-44,-31,
-54,-22,
-55,-21,
52,-32,
41,10,
4,-4,
-56,-95,
-5,-30,
-14,-2,
-26,-36,
-15,-13,
-72,-117,
22,-83,
2,-21,
2,-15,
-16,12,
-19,12,
-37,-33,
-47,-51,
-16,-82,
-10,-108,
-46,4,
-38,19,
33,38,
76,10,
95,-18,
16,-39,
-8,-8,
29,-16,
41,-46,
-18,-16,
-76,-13,
-46,-13,
49,-45,
17,-36,
2,3,
20,14,
21,-32,
15,-70,
-12,-64,
-11,-40,
36,-57,
86,8,
30,29,
-83,-63,
-54,-36,
-49,2,
19,-7,
82,2,
56,28,
48,48,
6,33,
36,49,
-4,-13,
32,-74,
56,20,
9,106,
-25,58,
-19,9,
6,-27,
18,15,
-32,6,
-10,-13,
-9,-100,
18,-47,
-4,-35,
-73,-31,
-17,-19,
-28,-1,
-93,7,
-18,59,
-74,-4,
-61,-9,
18,-1,
55,51,
42,65,
10,26,
31,27,
-64,11,
-19,-55,
74,12,
38,12,
-48,-27,
-63,-16,
-43,34,
2,2,
5,-35,
-3,27,
-30,-5,
-40,-32,
-30,-6,
-7,-37,
15,-1,
26,17,
75,33,
89,12,
16,-18,
12,-42,
39,16,
34,57,
-19,45,
1,-16,
-17,-82,
-8,-58,
-13,22,
-29,-29,
-48,-7,
-48,-28,
-14,62,
38,16,
29,-36,
43,-50,
33,-49,
-18,-15,
-44,-1,
-11,0,
26,4,
11,11,
-22,61,
33,-7,
-5,-26,
-45,27,
33,80,
-21,36,
-12,-43,
19,-10,
51,2,
23,41,
-4,8,
-25,20,
1,17,
7,5,
18,-29,
-17,21,
57,3,
36,17,
14,-17,
-16,19,
36,-2,
48,29,
-11,34,
-11,11,
2,-9,
39,-15,
23,31,
-53,-23,
-19,-24,
0,-21,
-24,-45,
31,20,
52,70,
75,26,
21,-20,
-24,-23,
-12,16,
-21,23,
-40,-31,
2,2,
56,7,
-27,38,
-42,6,
-53,-16,
-8,21,
54,55,
41,-16,
15,-42,
82,-45,
-3,10,
-8,-30,
-7,-21,
75,-10,
63,68,
11,27,
59,-13,
-12,9,
12,43,
2,26,
-11,39,
-40,-10,
-50,-92,
27,-33,
46,-8,
34,31,
-21,44,
-21,10,
0,55,
-50,-12,
-12,-18,
-22,-21,
-11,17,
-18,38,
-51,3,
-22,-56,
-16,62,
19,56,
-46,-30,
-17,-49,
13,-7,
49,1,
-14,46,
50,18,
35,-49,
17,-25,
-13,-64,
21,-27,
39,8,
121,-28,
62,8,
-23,-25,
-49,-4,
-4,19,
0,20,
18,37,
-21,-95,
-67,-61,
-12,-31,
-1,-8,
27,21,
-12,-34,
25,-50,
-14,-30,
-31,-16,
40,-10,
69,7,
39,54,
6,-57,
-9,-26,
-9,21,
-38,-9,
27,17,
-10,-4,
22,54,
33,78,
58,-43,
-4,3,
-35,62,
-14,10,
2,-3,
32,46,
-34,-52,
-34,-12,
0,2,
31,-6,
8,55,
30,21,
9,19,
39,6,
38,62,
8,116,
47,64,
52,14,
40,16,
-4,35,
27,-1,
10,-32,
-69,-11,
-19,-42,
9,-24,
12,-47,
-19,-20,
-8,-31,
-62,57,
-8,60,
18,-7,
63,-9,
57,-66,
3,26,
43,63,
77,33,
5,-2,
-12,-3,
24,73,
-12,48,
-6,11,
11,85,
29,35,
53,-2,
93,-11,
-31,-37,
53,28,
-3,14,
-15,33,
-9,-16,
-98,-45,
-66,20,
61,25,
92,41,
68,-12,
8,-35,
-17,-48,
-9,-51,
-41,-8,
-3,63,
-41,75,
-3,11,
11,-4,
25,-57,
8,-57,
27,-41,
-37,3,
15,-23,
32,-27,
71,6,
27,45,
-57,54,
-5,23,
14,84,
63,2,
77,-6,
7,26,
-38,-27,
-25,-27,
23,-4,
-10,63,
18,42,
38,1,
20,-4,
28,-26,
9,-56,
-21,-15,
-18,-6,
-20,16,
42,3,
-54,43,
-40,78,
18,91,
41,41,
18,19,
14,-35,
3,12,
8,-47,
36,-71,
16,-42,
14,-66,
-31,49,
26,-11,
-16,-13,
-29,-57,
-47,-28,
-8,-21,
11,-27,
-7,-24,
35,14,
16,19,
50,40,
75,-31,
-61,-3,
11,-26,
-30,-26,
-7,27,
3,83,
6,1,
114,-224,
955,-1120,
4767,-3799,
7268,-4496,
7060,-3621,
1378,-1290,
-2946,8,
-1582,327,
753,1142,
1095,2919,
34,3682,
-371,2364,
-319,728,
-844,-87,
-2091,-458,
-2489,-653,
-1306,-494,
-53,-173,
555,495,
514,1037,
590,1619,
654,1537,
609,701,
-94,53,
-315,-243,
-182,-266,
43,52,
-147,305,
-367,279,
-326,188,
173,274,
581,234,
396,-51,
111,-426,
-74,-670,
-189,-337,
-162,-163,
-219,25,
73,-25,
343,-57,
519,3,
562,360,
228,591,
-140,395,
-232,75,
-146,-22,
55,105,
194,216,
200,41,
166,-220,
-87,-300,
-125,-138,
-143,47,
-384,197,
-319,164,
-182,-13,
-151,19,
-216,212,
-215,514,
-159,392,
-23,277,
-54,270,
-75,238,
44,79,
228,-38,
261,11,
30,137,
-113,-52,
-193,-194,
-187,-352,
-117,-282,
-77,-154,
-27,-115,
-34,-74,
-161,109,
-184,286,
-179,185,
-258,118,
-619,-41,
-762,-226,
-402,-311,
59,-154,
209,22,
66,15,
28,-64,
117,-100,
140,-22,
-10,-8,
33,-79,
26,-114,
55,-104,
1,-56,
12,-78,
24,-26,
-89,-63,
-32,-50,
-12,-34,
-35,-67,
3,-45,
28,37,
66,89,
44,126,
-49,25,
-51,1,
-58,-43,
-83,-37,
-7,-8,
-22,13,
-7,-50,
4,-1,
23,-6,
-63,-4,
-98,-25,
20,-47,
-63,-123,
-49,-26,
-79,-18,
-80,-28,
20,19,
45,45,
65,77,
-24,101,
-80,43,
-33,0,
-5,-61,
-91,-74,
-83,-17,
-53,-81,
-45,-95,
1,-86,
-3,-25,
-25,-12,
-29,17,
-140,-75,
-101,-68,
-50,23,
-27,-8,
-66,26,
10,-28,
20,-93,
-1,-46,
41,-91,
60,-50,
54,-26,
-1,-88,
-52,-17,
-70,4,
-39,-43,
-26,-4,
-16,-22,
-86,-9,
-41,-11,
-1,-23,
-10,-84,
00>
_________________________________
00>
RX Timestamp: 738472428704
00>
Clock Offset: -1186.466 Hz, 0.149 ppm
00>
RX Timestamp: 739543284610
00>
Clock Offset: -2116.299 Hz, 0.265 ppm
00>
_________________________________
Sequence Number: 179
00>
00>
Printing STS0 CIR
00>
00>
_________________________________
00>
35,12,
67,-7,
2,-6,
15,51,
-5,53,
19,8,
26,-11,
39,-44,
80,3,
9,-60,
61,-19,
21,23,
-40,44,
-14,50,
-35,24,
17,-18,
5,-7,
8,-16,
-20,-38,
25,-14,
26,-65,
-43,23,
-42,66,
8,2,
57,-50,
36,-14,
69,0,
3,43,
-12,19,
38,45,
-10,37,
45,-8,
-35,19,
-9,28,
93,74,
38,45,
-22,33,
-35,52,
24,-63,
-40,-80,
-1,31,
-24,21,
-16,-40,
-57,27,
-15,75,
26,23,
43,12,
72,16,
56,-8,
21,7,
4,-46,
-18,14,
-37,3,
12,59,
53,-32,
-19,-3,
-13,16,
32,-29,
43,-12,
-12,-33,
16,-2,
-13,-15,
-6,54,
-27,46,
-19,36,
48,-46,
17,0,
-2,27,
-25,-32,
43,-112,
-12,-51,
-34,18,
-42,-5,
-14,-44,
48,-35,
-20,-44,
1,10,
4,12,
15,-14,
38,20,
25,15,
-38,-4,
-73,9,
-17,-56,
43,-9,
-91,-19,
-20,-4,
-28,34,
-29,-11,
-7,-44,
33,-22,
18,20,
59,-68,
33,-62,
66,5,
29,24,
4,55,
5,43,
42,-38,
-33,60,
-23,21,
-15,34,
-9,1,
6,9,
-7,-4,
-3,25,
38,39,
15,22,
-1,3,
-60,-25,
-85,-49,
-14,-2,
-24,-45,
17,-34,
53,41,
28,-39,
5,-27,
-50,-23,
24,16,
-16,28,
16,11,
-8,0,
0,92,
31,56,
62,38,
42,-22,
-23,0,
-25,-11,
-6,18,
11,-23,
12,65,
3,4,
-31,-22,
21,11,
-34,5,
26,13,
-23,26,
3,-1,
16,5,
-11,-8,
17,3,
23,-23,
18,-19,
34,37,
-14,-4,
-1,33,
-1,-3,
30,51,
-10,57,
-22,68,
60,15,
42,-29,
-58,13,
-5,-2,
-7,43,
-13,18,
6,20,
-4,16,
-46,0,
-34,-45,
8,-30,
9,-11,
-49,-34,
26,-78,
38,-68,
31,-6,
-7,8,
-29,-58,
53,55,
32,-8,
43,-19,
34,4,
15,0,
-16,28,
-24,37,
3,44,
9,-6,
18,15,
-28,15,
-44,31,
-21,23,
-50,53,
-15,23,
0,30,
-5,21,
-53,-26,
0,-29,
39,7,
18,-31,
-35,-4,
-34,-2,
-20,15,
69,-3,
79,0,
-36,57,
13,87,
-11,97,
27,-18,
25,1,
-17,-7,
-3,17,
-69,4,
-70,-37,
-30,-2,
-10,14,
1,27,
-70,-5,
-3,-27,
27,-4,
20,-22,
-74,31,
-29,9,
-42,3,
-8,46,
35,42,
30,55,
52,14,
30,53,
3,6,
12,40,
8,41,
-4,-22,
29,-9,
48,6,
12,-16,
-11,10,
21,-40,
27,55,
30,61,
-70,32,
-29,-20,
-31,-38,
-7,19,
-75,47,
8,55,
-37,-38,
-14,21,
9,47,
-41,16,
9,15,
40,-12,
-24,70,
37,48,
-24,66,
-36,50,
-57,77,
11,63,
59,44,
12,17,
39,-10,
-12,-43,
12,17,
31,35,
-19,13,
-16,-31,
-26,4,
7,-22,
-11,22,
11,-85,
2,-20,
16,59,
-4,33,
53,29,
57,-13,
34,36,
0,47,
1,32,
15,-5,
10,23,
46,28,
27,-14,
16,-32,
34,33,
-7,14,
72,-42,
-18,-103,
-19,-81,
-48,4,
-2,56,
-9,89,
33,51,
18,29,
-26,-17,
-69,6,
-1,45,
-2,0,
32,28,
60,-36,
56,41,
12,12,
-36,78,
-9,32,
-28,29,
98,-26,
-4,-50,
-10,-50,
-28,-41,
7,13,
58,50,
19,-2,
-4,28,
10,-21,
42,-49,
46,-43,
17,4,
10,25,
13,46,
-34,-6,
-4,-28,
-54,47,
-24,9,
58,-19,
18,-4,
2,1,
38,13,
-5,56,
-5,22,
-3,14,
36,31,
-1,45,
0,39,
11,53,
27,81,
8,54,
-6,44,
-32,14,
19,40,
34,34,
1,44,
-42,-50,
-19,31,
-1,52,
-7,-32,
2,11,
29,25,
7,23,
-20,14,
-1,-28,
-15,71,
0,61,
14,77,
-17,49,
-28,-27,
15,1,
57,66,
-12,0,
-85,-35,
-63,-65,
-17,-14,
-41,21,
50,17,
29,-15,
54,-87,
989,-341,
6171,-1518,
8035,-1050,
8022,-339,
2855,-135,
-1980,-1397,
-1166,-1380,
728,232,
1194,2692,
172,3753,
-248,2338,
-213,617,
-778,-78,
-1682,-371,
-1664,-459,
-538,-238,
170,60,
512,554,
163,1089,
213,1770,
889,2026,
756,1251,
115,325,
-75,41,
102,104,
197,64,
-37,-12,
-216,-107,
-284,-69,
-184,33,
130,170,
66,92,
-191,-102,
-423,-336,
-72,-152,
-9,46,
52,130,
20,-11,
-50,30,
-11,205,
23,473,
-93,289,
-231,21,
-95,-103,
-3,-77,
-14,-87,
-131,-119,
-21,-76,
15,-4,
7,71,
-28,52,
-99,3,
-364,-53,
-217,-261,
35,-277,
134,-143,
-51,2,
-310,-37,
-446,-6,
-291,-43,
-279,21,
-252,-6,
87,-37,
120,-17,
157,30,
-10,303,
-6,312,
-46,274,
-104,139,
-103,4,
-171,-87,
-69,-71,
-60,-232,
-14,-138,
-124,76,
-228,196,
-409,262,
-749,188,
-752,-41,
-374,-188,
-32,-237,
125,-305,
-33,-115,
-14,-32,
-53,84,
-99,33,
-47,23,
-40,47,
-25,156,
17,250,
-35,132,
-59,30,
-99,-4,
-60,-5,
-21,66,
54,77,
3,55,
-3,12,
28,26,
49,5,
10,50,
-65,43,
-113,9,
-66,-2,
-88,-163,
-58,-145,
-54,-108,
-51,-30,
-65,-21,
-102,26,
-126,9,
-22,60,
-114,26,
-91,-19,
-11,-36,
0,-4,
-103,-13,
-22,-27,
-15,-60,
-13,-51,
-81,-38,
-100,12,
-12,24,
-58,-40,
-117,-51,
-187,-92,
-156,-97,
-96,-115,
-37,-44,
-11,22,
56,31,
-3,-28,
-56,-52,
-108,-49,
-78,-73,
-47,-20,
-47,6,
-27,-38,
-32,-25,
-39,-49,
-50,-42,
4,-67,
3,-35,
-41,-33,
-28,2,
-40,0,
-10,41,
-30,48,
-152,75,
-99,84,
-105,1,
-98,-22,
-102,-13,
-119,23,
9,6,
10,11,
-50,-11,
-60,-30,
-32,-10,
00>
_________________________________
00>
00>
Printing STS1 CIR
00>
00>
_________________________________
00>
70,7,
7,8,
0,-18,
37,-28,
-6,-47,
-68,-56,
-20,10,
-8,-36,
10,13,
-8,9,
33,-15,
-3,-14,
10,-37,
37,-3,
-7,-36,
7,-70,
-4,-22,
-41,28,
-53,-10,
-40,25,
-66,52,
80,38,
61,95,
3,43,
43,89,
22,70,
43,11,
40,45,
9,21,
-9,21,
-30,18,
-36,35,
-13,-3,
10,26,
-69,64,
-23,43,
0,2,
-42,36,
14,30,
13,9,
57,-65,
28,18,
-17,-19,
27,-69,
-25,2,
-14,4,
20,39,
-29,30,
0,-21,
44,-19,
16,-3,
5,113,
44,63,
34,18,
-14,-32,
-42,-50,
-23,-37,
1,-18,
60,-12,
-26,29,
-11,46,
-4,-11,
-105,-2,
-84,1,
-7,-35,
4,-32,
33,-56,
29,-79,
0,-33,
2,-41,
33,40,
67,25,
0,6,
10,-98,
-25,-64,
1,9,
37,56,
62,42,
-4,58,
22,62,
7,28,
3,12,
106,69,
16,33,
0,1,
-20,52,
37,-36,
44,-20,
39,27,
38,92,
5,149,
30,40,
24,9,
-11,-10,
-8,10,
5,-15,
53,-38,
-9,30,
15,-17,
27,-61,
23,-19,
-24,10,
-5,63,
-3,21,
28,-37,
-19,-18,
-10,-5,
-56,-26,
-35,30,
48,38,
56,-23,
9,-47,
-9,-31,
1,3,
4,46,
-1,-21,
-3,-74,
66,-23,
26,16,
50,24,
7,8,
6,1,
46,-93,
47,-114,
77,-31,
77,-31,
37,14,
-5,9,
-3,6,
-17,28,
35,14,
16,63,
42,15,
29,-50,
17,-32,
6,-20,
-37,9,
82,61,
60,27,
27,-40,
-56,7,
6,-37,
-31,-29,
-24,-57,
17,-38,
55,-8,
34,35,
11,13,
-14,19,
-45,-34,
-19,2,
11,-82,
0,-57,
-15,16,
-21,26,
-45,18,
-12,10,
-24,-10,
-41,2,
-32,-49,
-34,-42,
-10,-61,
-34,-50,
-9,21,
16,-62,
42,-17,
66,-38,
60,39,
23,36,
41,-26,
-23,-1,
-51,40,
3,20,
34,34,
8,-20,
21,-21,
13,22,
10,46,
-42,26,
-1,-9,
-25,36,
-48,66,
55,-26,
67,-11,
7,4,
-1,16,
-16,37,
-55,23,
-47,18,
19,0,
22,30,
10,12,
-62,-11,
-4,1,
19,-24,
37,-48,
62,-56,
-16,-4,
-26,46,
-46,69,
-22,-53,
54,-27,
-104,-40,
-81,-12,
-16,8,
-19,38,
-2,7,
23,-62,
-9,-31,
9,-19,
8,-43,
-1,-16,
3,-6,
10,15,
75,14,
0,19,
-15,-1,
-33,-18,
-2,-44,
46,-46,
29,-7,
14,62,
18,8,
-13,-2,
44,-30,
-13,-9,
-66,-20,
19,30,
20,16,
49,12,
26,11,
26,-44,
-21,-42,
-33,70,
-81,-8,
-38,18,
19,57,
1,40,
56,36,
-21,-54,
-5,-9,
-1,3,
71,-36,
23,-94,
36,-59,
3,5,
-13,43,
13,61,
12,-18,
43,-55,
-4,-51,
5,-58,
23,-36,
17,11,
-1,35,
51,19,
-6,7,
8,14,
-1,51,
-31,12,
-11,26,
22,57,
43,29,
61,56,
53,10,
-7,-2,
-12,6,
-7,28,
17,-9,
-6,-14,
-11,62,
42,75,
-50,17,
-44,-4,
-8,33,
33,55,
20,41,
11,26,
27,45,
18,23,
2,32,
-41,28,
-55,1,
37,2,
38,-1,
-16,-12,
-57,-2,
-66,8,
27,31,
33,21,
12,-36,
7,12,
11,24,
-25,-21,
-95,-15,
37,-26,
0,37,
-20,10,
-4,-60,
-50,48,
13,32,
16,-1,
0,-40,
5,-3,
11,35,
-6,5,
74,40,
3,5,
-1,-18,
-25,15,
2,-20,
-16,9,
96,-24,
84,-7,
-30,48,
-24,-19,
-13,-5,
-47,-18,
6,28,
-23,-24,
-12,21,
5,4,
83,-21,
38,-96,
41,-97,
57,-22,
20,26,
46,-15,
38,-28,
-37,-15,
62,1,
16,102,
31,10,
-24,53,
-38,32,
-7,13,
13,-4,
-23,11,
-20,27,
54,0,
-5,5,
44,-60,
1,-20,
7,26,
-6,62,
3,-4,
3,21,
28,16,
104,3,
11,-52,
-9,-24,
-31,101,
71,-65,
1074,-441,
5313,-1400,
7966,-1006,
7618,-387,
1822,-858,
-2868,-2185,
-1904,-2435,
1641,-1806,
4696,-2226,
4770,-2907,
2385,-2467,
299,-1132,
195,-227,
1304,244,
2017,333,
1126,298,
32,314,
-700,477,
-34,719,
17,1303,
-246,1242,
-378,526,
-432,-402,
116,-516,
484,-172,
350,167,
-37,286,
-111,241,
-137,175,
-193,130,
-275,81,
-424,38,
-515,15,
-692,8,
-121,4,
-145,146,
-390,271,
-425,293,
-316,295,
-101,209,
268,134,
324,207,
130,383,
-75,355,
-207,197,
-231,46,
-213,52,
-179,117,
-137,160,
-104,159,
-18,42,
31,16,
18,-3,
-4,59,
-66,29,
-125,-57,
-302,-224,
-373,-306,
-153,-315,
29,-113,
140,10,
138,27,
106,-149,
106,-81,
27,102,
-121,249,
-38,113,
-89,63,
-44,6,
-3,-51,
-27,51,
-131,156,
-193,73,
-259,-12,
-309,54,
-332,230,
-399,290,
-721,231,
-890,31,
-417,-109,
-23,-98,
322,-113,
6,-91,
-34,-96,
-47,14,
-103,-21,
-65,-87,
111,-123,
109,-133,
-39,7,
-242,108,
-252,71,
-151,31,
-85,-45,
61,-51,
34,-10,
-24,55,
-98,86,
-53,-76,
-27,-89,
-30,9,
-65,72,
-46,29,
-73,52,
-121,97,
-148,109,
-113,67,
-16,68,
-68,52,
-105,37,
-110,35,
-91,33,
-109,-1,
-157,-4,
-37,-2,
-7,24,
-18,18,
-27,101,
-93,92,
-136,22,
-146,64,
-143,66,
-140,177,
-92,140,
-99,73,
-65,36,
-53,52,
-118,39,
-121,28,
-165,29,
-7,42,
-47,80,
-196,73,
-167,-40,
-55,-7,
-61,29,
-35,12,
-51,84,
-167,106,
-66,41,
-39,35,
-27,38,
-65,73,
-115,26,
-101,28,
-71,62,
-52,14,
-13,56,
-77,32,
-62,143,
-21,156,
-70,107,
-105,30,
-99,-10,
-80,68,
-89,92,
-64,42,
-41,13,
-117,20,
00>
_________________________________
00>
_________________________________
Sequence Number: 182
00>
00>
Printing STS0 CIR
00>
00>
_________________________________
00>
18,2,
-11,23,
-54,47,
5,103,
22,33,
36,45,
5,54,
34,21,
1,28,
-37,6,
-31,48,
19,-4,
30,31,
10,9,
19,19,
-35,-9,
-14,-22,
-18,-26,
-32,-13,
5,18,
7,50,
-25,62,
-5,-7,
41,-12,
30,-30,
14,53,
-28,5,
31,6,
-27,-1,
21,50,
39,38,
25,53,
27,62,
17,54,
-45,4,
-40,-57,
-7,14,
12,12,
-18,4,
-12,6,
-19,10,
-13,-22,
24,-32,
39,4,
37,-13,
46,30,
-6,22,
-46,-56,
-48,-22,
-13,-2,
34,40,
9,0,
-10,-1,
-71,23,
-43,40,
-77,34,
-54,8,
-33,33,
78,-25,
34,18,
13,-5,
16,-49,
31,65,
12,113,
-18,-3,
31,-2,
34,-67,
16,-47,
-18,-38,
-28,-4,
1,5,
-3,-8,
-25,-8,
26,50,
18,28,
4,5,
-19,-21,
41,22,
10,94,
2,33,
-16,21,
93,58,
44,40,
12,46,
-14,15,
15,24,
-15,33,
-42,-2,
-9,-27,
37,-98,
-9,-32,
15,27,
27,21,
43,-3,
21,-36,
92,10,
73,-28,
23,-37,
38,-28,
-6,-11,
16,-24,
-27,32,
37,-45,
65,-69,
57,-31,
-18,-20,
64,38,
37,105,
17,76,
-25,39,
-77,-15,
26,3,
28,26,
-1,17,
-35,34,
-6,46,
34,21,
15,-7,
7,-2,
42,-38,
24,-74,
-16,37,
8,19,
-2,-2,
17,-36,
-28,-7,
-14,-12,
-16,32,
17,28,
-2,19,
68,2,
56,13,
-7,0,
-7,1,
33,34,
31,-5,
105,10,
-34,-17,
-46,-11,
43,41,
28,29,
-17,-58,
-13,77,
-12,15,
7,-70,
-23,-73,
24,6,
21,82,
-15,15,
26,-15,
104,-61,
128,-42,
95,-3,
19,-1,
-103,-26,
-59,29,
-22,1,
-62,15,
36,-37,
0,-34,
35,-51,
78,-22,
72,74,
22,1,
-7,6,
60,47,
48,27,
61,1,
43,16,
7,1,
-10,0,
41,27,
46,-2,
12,-29,
15,14,
39,-33,
16,-29,
-3,36,
-13,58,
17,47,
38,65,
-2,45,
62,1,
35,21,
81,22,
26,6,
-17,39,
7,-22,
9,-1,
5,6,
-21,-25,
32,-74,
44,16,
5,-5,
30,38,
20,12,
45,-76,
60,-93,
63,-36,
39,-28,
20,-24,
-15,-26,
15,-38,
-3,-61,
31,13,
2,81,
2,-5,
66,5,
-9,-3,
-4,61,
34,24,
59,18,
28,65,
70,-26,
74,-12,
43,-47,
43,-54,
-4,-7,
-34,19,
12,-70,
5,20,
-4,-5,
-6,-22,
30,35,
28,29,
12,-19,
35,10,
56,6,
2,11,
-29,15,
-27,11,
-90,18,
-85,20,
-26,-13,
-28,-69,
47,-7,
35,-12,
13,39,
39,62,
52,67,
-8,28,
29,-21,
-31,-130,
-74,-40,
-49,26,
33,-5,
67,3,
-1,16,
-35,39,
13,31,
-33,46,
-55,10,
7,8,
-12,-48,
46,-52,
19,-48,
-26,8,
50,56,
104,21,
39,-37,
-2,-72,
72,-113,
-41,56,
-54,22,
16,64,
-24,8,
-21,-37,
12,-8,
-28,-12,
-34,-8,
38,37,
68,19,
-31,53,
-29,-38,
15,28,
-22,18,
5,21,
76,-32,
24,-59,
35,-38,
39,-1,
-1,5,
-52,-52,
12,27,
62,37,
-40,-10,
-48,-17,
-30,-96,
48,4,
-13,43,
15,-13,
-38,27,
15,20,
22,9,
58,5,
66,-20,
88,2,
37,-8,
0,-41,
0,-23,
-23,-39,
-6,55,
-26,158,
22,24,
14,-16,
45,31,
11,30,
-12,-32,
7,-13,
13,18,
-3,19,
8,-17,
-18,-47,
-47,-83,
-18,1,
24,-57,
9,56,
0,-10,
-23,-6,
45,19,
6,-41,
4,-125,
-18,-75,
-62,-26,
-40,2,
-12,-25,
-16,-5,
50,0,
28,-2,
-36,-20,
-16,33,
35,1,
15,-13,
-21,-19,
87,41,
47,38,
-41,-5,
-4,-30,
53,31,
-50,34,
-12,44,
24,45,
-45,6,
0,-10,
10,-20,
10,-2,
50,-49,
-15,-29,
-9,-1,
-31,-15,
-8,37,
-48,-32,
3,-1,
-16,65,
-9,-23,
-6,-33,
362,299,
2554,2701,
5520,6679,
5342,7202,
4329,6989,
48,107,
-1560,-3062,
-482,-901,
253,96,
760,-1371,
864,-3471,
208,-2467,
-312,-8,
-624,2181,
-750,2761,
-484,1345,
-77,60,
-147,-360,
-602,346,
-979,626,
-1308,845,
-489,245,
-98,-595,
7,-578,
72,-179,
178,138,
-51,191,
-352,-91,
-356,-202,
-334,-130,
-266,-50,
-216,-12,
-181,-79,
-377,-191,
-133,4,
20,-26,
217,-154,
170,-71,
50,-100,
-201,-54,
-320,45,
-477,170,
-548,164,
-374,174,
-316,78,
-253,-131,
-27,-499,
144,-448,
157,-196,
85,-3,
-2,20,
25,-39,
67,-135,
-72,-221,
-266,-267,
-203,-204,
-122,-150,
-86,-162,
55,-2,
143,96,
96,138,
-17,208,
-118,151,
52,121,
142,228,
182,411,
-55,37,
-43,10,
-224,-67,
-321,-200,
-383,-323,
-140,-181,
80,-133,
168,-127,
2,-283,
-186,-480,
-261,-459,
-79,-879,
206,-1030,
309,-632,
184,-146,
207,166,
-12,21,
-27,-6,
-110,-36,
-101,-101,
-165,20,
-118,75,
-119,46,
-107,-66,
-150,-122,
-18,-133,
21,-81,
5,22,
73,41,
90,-42,
53,-90,
-42,-127,
-29,-18,
-69,37,
-46,15,
-24,-47,
-14,-132,
-43,-174,
-43,-74,
-53,-48,
4,3,
28,-81,
4,-85,
24,-100,
-1,1,
-47,-49,
-32,-33,
23,-84,
6,-70,
-21,-62,
37,-28,
-39,-40,
-120,-90,
-92,-48,
-7,-57,
-53,6,
-106,-5,
-34,13,
12,-38,
-1,-19,
-20,-25,
48,26,
-50,17,
-28,86,
-48,60,
-92,100,
-9,18,
-3,-95,
32,-66,
-36,-15,
-17,-12,
-58,27,
-76,36,
-47,1,
-39,-4,
-40,-76,
-67,-49,
-85,-6,
-94,18,
-96,-11,
-82,34,
-21,-10,
-85,18,
-136,-91,
-127,-52,
-45,-63,
-7,-54,
-3,-59,
-20,-86,
33,-42,
00>
_________________________________
00>
00>
Printing STS1 CIR
00>
00>
_________________________________
00>
34,21,
-2,52,
62,22,
2,28,
45,22,
47,58,
59,9,
77,4,
38,-9,
-12,-4,
6,2,
-4,-20,
4,18,
35,-2,
102,53,
34,9,
14,-43,
14,12,
43,56,
23,83,
36,8,
-42,3,
-12,100,
-15,50,
-38,32,
-57,48,
-26,23,
47,-43,
32,-9,
44,30,
-44,-8,
34,8,
-18,-13,
0,27,
15,13,
36,-17,
10,-16,
33,4,
67,-70,
74,-19,
74,-53,
-7,5,
-13,26,
43,23,
72,35,
96,-2,
18,-6,
5,24,
-15,42,
-23,-34,
4,-36,
18,-9,
57,15,
103,-32,
73,36,
38,33,
46,29,
89,14,
84,70,
-22,36,
7,11,
36,-31,
-32,-18,
-61,13,
-62,22,
-33,21,
-8,60,
-16,26,
-1,-38,
-29,-28,
-94,13,
-38,36,
-13,59,
19,23,
68,36,
50,-14,
7,68,
41,-3,
108,8,
12,23,
-37,-1,
65,-16,
131,-29,
68,37,
3,46,
-62,40,
-65,55,
-9,37,
-15,64,
6,58,
-43,32,
18,36,
-6,-8,
4,40,
-16,0,
6,-29,
-1,-65,
24,-58,
6,-23,
39,-27,
-3,-12,
-40,7,
15,2,
-29,-16,
-46,30,
-43,27,
8,-43,
15,-24,
-30,-8,
-59,-38,
-1,20,
-30,-15,
3,28,
20,6,
4,-12,
21,38,
26,-3,
31,-5,
65,-54,
51,-6,
49,18,
-33,28,
-84,18,
10,40,
3,45,
7,15,
-29,61,
-14,-3,
3,9,
-36,28,
-43,-52,
-12,-6,
40,31,
-2,95,
37,33,
41,3,
-5,-55,
-25,-45,
10,18,
5,45,
-22,35,
-36,-17,
-34,61,
-10,7,
13,-1,
-17,18,
10,-18,
-28,-2,
-42,24,
-7,23,
24,-23,
33,-2,
26,44,
0,58,
7,-7,
9,12,
-23,18,
-17,10,
1,-12,
56,-32,
34,-82,
34,-31,
-19,5,
-20,-19,
-18,2,
77,-11,
0,42,
-18,31,
-19,57,
-13,8,
-2,81,
3,21,
23,71,
37,47,
89,68,
-3,31,
-28,13,
5,18,
15,18,
32,-35,
55,-22,
6,3,
38,18,
-18,65,
1,32,
10,30,
20,34,
20,62,
-26,9,
-4,-6,
22,-33,
26,-12,
-5,5,
-21,16,
-15,28,
2,40,
-1,-1,
-44,6,
-22,62,
-25,-3,
10,16,
74,-48,
-83,-63,
-59,-18,
-55,65,
-13,59,
-28,42,
-38,38,
0,22,
-34,-7,
-15,1,
2,-23,
1,13,
-15,-35,
-25,-56,
18,4,
-30,-6,
-57,20,
-37,26,
2,36,
41,25,
9,20,
5,17,
-17,-28,
-3,-9,
25,61,
-38,48,
-71,10,
-31,11,
83,36,
16,-14,
-9,-14,
25,-28,
-3,14,
-23,40,
-11,-17,
19,18,
-21,-7,
2,52,
-49,33,
41,11,
27,38,
52,29,
54,39,
18,29,
-6,8,
-50,56,
-86,46,
-26,69,
85,40,
55,18,
11,-15,
-8,-4,
26,-8,
7,4,
10,17,
28,-22,
50,27,
-6,28,
-51,-40,
-34,-24,
9,27,
55,-2,
118,-6,
20,45,
-23,49,
-77,10,
6,18,
34,79,
39,26,
33,42,
4,18,
-2,28,
-59,58,
-33,-38,
12,-36,
13,-10,
-6,10,
67,-83,
74,-25,
14,-79,
19,-23,
-33,-56,
24,26,
-8,18,
-89,36,
-13,-23,
-25,-25,
-21,0,
-18,-56,
-65,-26,
-40,6,
-2,26,
0,-11,
-89,75,
-31,49,
-46,53,
58,56,
29,110,
-54,30,
-66,-9,
-15,17,
14,25,
23,64,
82,11,
40,58,
-22,93,
5,27,
19,2,
55,71,
21,-17,
14,-36,
13,18,
8,34,
-16,62,
19,-2,
48,-41,
-8,34,
-36,33,
-46,23,
-5,-23,
38,-46,
-24,-1,
-21,19,
8,-6,
9,58,
-34,53,
-27,22,
-10,9,
21,-13,
23,10,
42,47,
11,4,
-14,-4,
-40,-16,
-37,-16,
13,3,
58,59,
69,-12,
60,65,
14,-5,
-39,-29,
-18,25,
11,19,
36,24,
-52,4,
-54,27,
-52,26,
-57,-3,
5,20,
6,5,
56,12,
31,37,
1,13,
-2,-11,
94,17,
459,242,
2306,2040,
5045,6304,
4784,7205,
3202,5275,
343,-986,
-362,-2689,
-613,-228,
-1920,1181,
-3486,658,
-3355,-131,
-1574,-172,
-279,-397,
204,-1316,
443,-2540,
563,-2055,
364,-609,
-129,302,
-949,606,
-1375,611,
-1967,794,
-992,570,
-418,148,
24,-313,
214,-359,
140,-50,
-180,-53,
-278,-281,
-259,-332,
-253,-132,
-231,409,
-25,575,
281,259,
591,124,
482,-173,
258,-128,
10,-191,
21,-80,
120,178,
164,247,
-94,498,
-398,429,
-529,122,
-214,-124,
28,-236,
-33,-134,
-151,107,
-135,237,
106,130,
276,46,
297,-242,
201,-155,
-68,-442,
-121,-315,
-71,-373,
8,-81,
-29,-76,
-407,-59,
-632,-127,
-405,-72,
-238,-25,
-263,-88,
-151,-71,
-42,110,
25,181,
16,210,
-8,-27,
172,-157,
261,-171,
305,-67,
170,-9,
80,-10,
58,-41,
-77,-40,
-83,-119,
-245,-143,
-190,-163,
-139,-420,
126,-872,
374,-704,
272,-161,
185,73,
79,108,
97,38,
173,60,
13,71,
92,70,
62,44,
95,-9,
195,65,
139,53,
7,23,
1,0,
63,-87,
79,-76,
116,-44,
9,16,
-29,10,
27,4,
-46,36,
-113,21,
-36,-4,
-51,-61,
-12,-74,
48,-70,
2,-13,
24,0,
79,-3,
68,26,
72,-16,
-33,-43,
-20,-106,
21,-52,
66,-65,
36,19,
15,-4,
75,-49,
60,-12,
-20,-23,
-40,32,
-45,81,
-37,-26,
-29,-5,
-38,-76,
-16,-93,
2,-114,
21,-91,
72,-72,
31,-62,
42,-7,
-7,-55,
-29,-16,
-46,-114,
-3,-90,
11,-39,
-3,25,
-12,40,
42,16,
51,59,
67,-12,
49,54,
60,-17,
46,-19,
47,-20,
13,-27,
3,-39,
-57,83,
-45,24,
-33,-29,
8,-94,
-52,-97,
19,-90,
-1,-3,
-51,-47,
3,-49,
65,-75,
00>
_________________________________
00>
RX Timestamp: 878435356687
00>
Clock Offset: -1755.524 Hz, 0.220 ppm
00>
RX Timestamp: 879506556134
00>
Clock Offset: -1294.327 Hz, 0.162 ppm
00>
_________________________________
Sequence Number: 59
00>
00>
Printing STS0 CIR
00>
00>
_________________________________
00>
-29,-70,
0,16,
44,2,
-24,17,
6,68,
4,77,
49,-3,
73,-16,
30,6,
-28,9,
-8,32,
50,65,
39,72,
75,41,
42,-32,
61,25,
20,-15,
0,29,
11,13,
31,17,
-38,37,
-5,-18,
13,37,
-1,35,
-68,101,
-102,5,
-57,-8,
39,18,
70,8,
-31,81,
-73,79,
0,47,
30,12,
45,-25,
66,93,
18,80,
-29,-18,
-115,-71,
-73,-13,
-11,60,
4,91,
19,67,
-66,-30,
-74,-58,
-22,44,
-2,-17,
-34,-50,
12,-8,
70,0,
-16,17,
-4,-39,
39,46,
-38,22,
-58,32,
-95,-2,
-81,58,
-20,59,
-38,-11,
-1,-10,
45,6,
-26,18,
-56,-50,
-23,15,
-5,26,
64,16,
-50,69,
3,87,
-32,72,
-61,26,
-8,-25,
89,-13,
91,13,
-8,-20,
-70,3,
-20,-13,
-12,47,
3,30,
2,64,
28,-3,
5,14,
-15,15,
-39,32,
8,14,
28,-13,
-29,40,
-62,-18,
-38,-1,
-94,72,
-52,59,
31,38,
-3,8,
4,-56,
-35,-1,
-22,-28,
-85,-52,
-26,-30,
19,40,
45,8,
-38,21,
-43,66,
-3,17,
-69,25,
2,74,
-26,-27,
-38,-40,
-59,-7,
9,-1,
31,59,
33,19,
-8,3,
-24,8,
-1,10,
-37,62,
-87,-31,
-41,44,
38,42,
14,62,
-97,-63,
-35,-89,
-59,-36,
-4,38,
4,57,
-11,-36,
-27,-4,
27,26,
12,30,
4,27,
-61,64,
-14,12,
-9,-14,
-31,-18,
-17,14,
-38,17,
-75,89,
-2,77,
32,5,
28,-84,
-57,-62,
-99,40,
8,-27,
-3,-9,
3,49,
-14,-12,
-51,-20,
-19,-93,
-31,-26,
14,30,
-90,21,
-59,-36,
44,-47,
30,-16,
-1,16,
-6,18,
-28,-17,
-72,-46,
-38,6,
-35,18,
6,73,
-54,43,
-29,47,
10,-28,
60,-110,
1,-38,
9,16,
20,7,
2,-24,
5,23,
-36,-23,
-74,-34,
-65,34,
-17,36,
-50,62,
-70,-30,
-29,16,
-23,54,
75,82,
28,29,
42,-15,
27,-37,
2,6,
45,72,
-38,11,
-39,-74,
-52,0,
-16,26,
-33,34,
-31,34,
-8,18,
-66,-14,
10,3,
-30,112,
-18,87,
-18,-13,
-114,8,
-49,25,
-12,80,
-11,63,
-59,93,
-44,64,
-2,38,
5,-28,
-3,-86,
25,-114,
-31,-13,
-3,-47,
7,-47,
-31,-46,
-9,-60,
8,-118,
-98,-49,
-105,-56,
-84,40,
-12,47,
5,-8,
-26,-35,
-33,-26,
-95,73,
-21,75,
8,27,
-2,3,
-1,9,
1,-25,
-6,54,
-23,58,
-58,-71,
41,-50,
47,-30,
-30,-1,
-61,-23,
-33,-68,
-37,-85,
26,12,
4,-43,
23,-18,
26,-29,
-70,-12,
-74,-3,
-29,6,
-43,-7,
-52,-10,
-30,38,
-22,-29,
-32,-57,
-9,42,
-32,97,
-108,16,
-89,33,
-36,16,
5,95,
23,103,
-19,16,
-59,-42,
25,-27,
26,1,
51,19,
-10,-23,
20,-50,
22,-32,
20,1,
1,-17,
-46,-63,
-24,-40,
2,41,
9,15,
-13,7,
-56,0,
-73,-24,
23,-33,
20,29,
1,74,
-1,40,
-60,-33,
-57,-43,
-16,28,
-30,51,
-2,13,
33,38,
34,62,
13,50,
-45,45,
-85,6,
-25,-26,
-46,-23,
38,-27,
-40,34,
21,-24,
-16,-45,
-22,-60,
4,-79,
-18,-10,
55,14,
2,-5,
50,-5,
-2,26,
-14,7,
-9,14,
-7,-43,
-8,-25,
-14,-42,
-18,14,
41,-12,
28,60,
-13,36,
-14,-18,
-29,-32,
-38,6,
-25,-2,
-58,-50,
-55,-17,
-63,0,
-5,-15,
-17,29,
-72,6,
-25,-11,
-47,-9,
11,-13,
4,-31,
-28,-15,
-25,4,
-70,27,
-17,-37,
-43,1,
14,43,
-14,101,
55,-22,
22,-3,
-88,-10,
-44,-7,
-53,38,
-70,-24,
-14,-65,
-23,-36,
3,-21,
8,121,
43,92,
8,92,
-67,14,
50,-8,
24,24,
-5,39,
-40,60,
-28,1,
-31,-26,
9,-31,
44,8,
-30,2,
4,-35,
25,-87,
-15,-42,
-38,12,
122,153,
1375,1118,
3965,3785,
5115,5553,
3733,4280,
727,-93,
-240,-2250,
213,-761,
-91,1309,
-1404,1968,
-1954,1455,
-1178,733,
-453,-37,
-501,-884,
-705,-1424,
-455,-1085,
-88,-280,
99,315,
-221,482,
-658,755,
-866,1348,
-580,1234,
-199,664,
-89,125,
-69,108,
26,171,
7,187,
-24,-106,
-177,-246,
-193,-221,
-99,78,
-35,205,
40,4,
-41,-257,
-123,-336,
-145,-33,
-81,55,
42,16,
27,18,
-101,81,
-148,266,
-164,170,
-210,3,
-16,-130,
64,-80,
131,-76,
9,-116,
3,-144,
-49,-89,
-10,-13,
4,97,
-57,8,
-163,-83,
-42,-244,
50,-250,
135,-46,
69,-10,
-68,-100,
-140,-233,
-137,-325,
-97,-219,
-171,-144,
-75,-86,
79,47,
131,125,
28,209,
-209,174,
-290,78,
-319,-15,
-91,-111,
0,-124,
27,-102,
23,-82,
107,-24,
13,-91,
-225,-83,
-336,-98,
-460,-208,
-340,-342,
-179,-376,
57,-322,
110,-171,
174,-1,
64,-21,
2,5,
-73,-54,
-59,-41,
-29,-36,
-76,29,
-97,172,
-134,175,
-127,8,
-52,-94,
-68,-43,
-114,-46,
-81,1,
-42,90,
-89,19,
-16,22,
-23,18,
3,27,
-32,-6,
-59,-75,
12,-116,
44,-47,
66,-23,
-30,-35,
-10,-68,
61,-93,
-9,-69,
-129,-74,
-104,-14,
-20,-44,
-25,-54,
-78,-32,
17,-29,
-24,-77,
-52,14,
33,28,
-16,39,
-36,6,
25,-72,
-78,-143,
-30,-62,
17,-150,
45,-148,
-65,-221,
-17,-165,
-35,-78,
-121,-9,
-80,-125,
-30,-58,
-45,-40,
-54,25,
-30,-60,
13,-66,
27,-79,
26,-22,
-13,33,
11,-23,
18,-50,
-55,-64,
-30,-56,
-36,-46,
-13,-72,
-39,29,
-37,11,
-39,-72,
-65,-54,
-69,-32,
-120,-5,
-87,-44,
-14,-108,
-16,-103,
-20,-20,
17,-1,
-51,-10,
-44,-6,
-27,-52,
5,1,
54,31,
69,22,
00>
_________________________________
00>
00>
Printing STS1 CIR
00>
00>
_________________________________
00>
-26,28,
-47,11,
-48,42,
-84,33,
36,-19,
-1,5,
5,58,
10,53,
-16,-14,
83,18,
35,58,
-18,67,
-61,26,
-25,-6,
10,-43,
-9,-15,
-128,42,
-152,38,
-29,36,
-1,9,
6,-49,
-23,-63,
30,-32,
16,46,
1,-11,
-66,-1,
-5,10,
49,4,
13,-35,
2,57,
30,-7,
26,49,
-13,77,
-91,39,
-32,3,
-38,24,
-56,0,
-47,46,
-82,35,
-91,17,
-109,68,
-16,-48,
-24,-11,
23,32,
72,64,
36,-32,
6,-9,
-15,40,
-18,35,
-46,30,
-33,-19,
-23,-29,
-10,-37,
29,20,
28,41,
-79,27,
-48,26,
13,-15,
30,2,
-34,10,
-11,42,
-6,23,
-2,51,
-69,14,
-120,-48,
-39,-26,
-34,3,
33,12,
69,-2,
54,21,
123,11,
59,42,
50,-26,
-88,30,
-80,48,
-8,8,
-19,3,
-34,40,
-24,4,
10,-37,
-18,-2,
-22,-27,
89,-30,
72,79,
26,38,
10,101,
10,43,
-17,75,
-46,62,
-66,35,
24,16,
59,-40,
15,31,
10,72,
-61,41,
-80,35,
-42,9,
-47,-1,
-17,31,
6,-12,
32,34,
53,11,
45,-40,
23,-19,
4,23,
-22,19,
-13,9,
18,-42,
36,6,
3,-25,
-16,87,
-47,51,
-24,23,
67,-6,
-14,5,
-1,-38,
23,60,
66,62,
108,-13,
34,-15,
4,8,
27,1,
-4,-51,
-65,-30,
-13,52,
41,-10,
-46,5,
3,-34,
-16,-11,
-6,-45,
50,-98,
55,-8,
71,-6,
6,60,
-17,48,
-73,16,
19,-20,
-25,-5,
-46,46,
-33,26,
34,74,
23,-1,
58,22,
-58,42,
-43,30,
-38,-4,
53,12,
26,21,
-14,41,
-29,58,
-27,60,
-8,22,
-2,36,
24,-27,
5,4,
-35,-3,
-41,-51,
-100,-32,
-23,-47,
-52,-38,
-63,43,
47,56,
17,47,
-7,31,
66,21,
81,66,
38,88,
133,20,
13,12,
-1,12,
17,-11,
-6,-24,
-42,-22,
-28,28,
-4,-3,
27,-7,
12,-51,
-12,-26,
21,73,
0,9,
-9,38,
2,-2,
-61,53,
-88,66,
-18,77,
19,36,
28,59,
20,-33,
35,42,
-20,62,
17,82,
-19,-36,
40,-17,
47,-8,
23,50,
11,-16,
-66,32,
-11,25,
-17,-32,
-17,10,
-6,39,
-45,31,
-76,36,
-63,37,
64,64,
75,33,
6,9,
-39,63,
-50,58,
-73,40,
6,12,
57,-7,
56,55,
47,41,
-37,44,
-7,20,
35,42,
9,38,
-42,41,
-19,-23,
-40,14,
-11,61,
-17,35,
1,68,
134,91,
56,2,
40,2,
-1,65,
-6,85,
19,-58,
119,-11,
44,-17,
-33,79,
-59,72,
-52,80,
33,53,
24,91,
-50,74,
2,66,
-4,52,
2,67,
15,108,
47,40,
49,-6,
38,-22,
57,28,
15,41,
17,34,
11,-26,
5,7,
17,43,
-8,49,
8,35,
-29,-2,
-34,7,
-90,34,
-20,-14,
-23,0,
-2,-24,
0,48,
-22,33,
-18,0,
-1,46,
4,19,
32,6,
27,-31,
17,6,
-58,-9,
22,0,
20,41,
-41,-7,
-25,-11,
-8,-8,
-8,-57,
48,-11,
-11,-12,
-21,-14,
10,7,
16,101,
-47,57,
11,24,
8,15,
0,-45,
-2,34,
-95,-2,
24,-21,
21,-18,
48,21,
39,104,
11,53,
22,35,
89,8,
98,126,
-23,95,
-46,-38,
15,17,
-3,-24,
49,27,
57,25,
17,-1,
47,-3,
0,5,
-8,15,
29,8,
-36,-15,
-5,-42,
34,22,
79,38,
104,41,
34,46,
28,-48,
2,-7,
25,65,
-13,18,
24,-34,
41,9,
48,54,
22,80,
7,28,
8,-31,
-57,-120,
-42,6,
-29,42,
-83,96,
-89,-25,
-29,14,
-31,25,
74,8,
129,20,
56,19,
-16,78,
-4,11,
-6,-6,
69,36,
7,52,
18,45,
12,6,
4,-28,
31,11,
-22,-20,
-44,6,
-18,32,
-28,-1,
-32,28,
42,73,
-7,28,
-10,42,
9,18,
48,76,
44,41,
280,101,
1535,859,
4193,3090,
5362,4848,
4006,3509,
785,-742,
-383,-2894,
688,-1324,
2397,768,
3718,1533,
3530,827,
1962,-205,
570,-486,
216,315,
666,1245,
786,1290,
305,690,
-328,102,
-671,-18,
-689,401,
-886,726,
-661,481,
-244,-50,
208,-220,
332,2,
136,216,
-18,159,
-175,121,
-252,40,
-242,-42,
-135,-75,
-107,-105,
-249,-242,
-259,-285,
-150,-329,
-174,-138,
-336,-87,
-355,-60,
-303,-46,
-206,10,
-56,223,
133,282,
86,178,
-136,148,
-350,110,
-328,0,
-230,-107,
-187,-71,
-137,61,
-208,74,
-170,56,
-41,28,
-5,8,
46,39,
-34,40,
-56,-38,
-8,-190,
15,-290,
30,-253,
13,-136,
134,17,
84,75,
53,47,
97,7,
52,45,
-82,154,
-156,169,
-217,76,
-179,-60,
-30,-46,
-59,126,
-122,112,
-187,-26,
-84,-35,
-80,-64,
-230,-26,
-416,-10,
-509,-143,
-519,-286,
-343,-321,
-50,-124,
125,30,
193,91,
96,4,
87,-41,
18,-21,
-53,50,
28,78,
134,42,
185,31,
107,17,
-109,-81,
-194,-121,
-74,-127,
-14,-72,
64,17,
-25,37,
-67,88,
-104,78,
-32,90,
27,85,
47,7,
23,20,
-3,-35,
-113,32,
-158,35,
-135,-9,
-113,71,
-94,14,
-85,-21,
-185,71,
-78,-26,
41,-22,
19,-39,
-56,-73,
-93,-13,
-86,12,
-11,-51,
-45,-27,
-74,-40,
-76,-35,
-46,4,
5,13,
-189,-47,
-159,18,
-163,3,
-36,-20,
-87,-21,
-76,38,
-64,-113,
-98,-88,
-91,48,
-98,4,
-70,-113,
-38,-69,
-10,-64,
55,9,
-10,-5,
-60,22,
-198,27,
-140,-2,
-89,39,
-90,102,
-68,27,
-58,6,
-8,-23,
-66,-56,
-53,4,
-77,-40,
-123,-23,
-81,23,
-38,-42,
-7,-23,
-76,-36,
-90,12,
-68,-93,
-65,-69,
-54,5,
-98,18,
-101,3,
-57,-20,
-28,8,
00>
_________________________________
00>
_________________________________
Sequence Number: 62
00>
00>
Printing STS0 CIR
00>
00>
_________________________________
00>
35,-23,
15,-28,
45,22,
-25,63,
1,-13,
3,-19,
10,-7,
-46,34,
-33,71,
-2,-38,
22,-3,
54,43,
32,24,
49,33,
43,74,
-33,59,
0,25,
-17,-9,
-16,-10,
4,21,
65,33,
20,20,
1,55,
-6,-14,
-39,31,
-40,-43,
-18,20,
37,2,
-22,27,
-59,30,
33,-5,
35,22,
52,31,
31,3,
54,21,
45,32,
23,63,
65,56,
-29,32,
21,-26,
37,13,
17,9,
0,25,
-11,12,
32,-10,
-8,-16,
15,-1,
34,-14,
60,-16,
-4,-42,
-39,12,
-18,49,
-14,19,
-53,4,
-39,34,
60,37,
82,-57,
39,-21,
-36,-60,
-74,70,
-8,9,
-34,57,
27,33,
-17,-16,
23,14,
-16,-20,
-19,-2,
-45,-25,
-47,-44,
-15,-50,
-41,-30,
59,16,
46,-4,
-7,-8,
59,-15,
-8,-32,
-27,72,
45,18,
-30,-27,
-63,-40,
13,-42,
17,-9,
36,1,
72,19,
58,15,
37,6,
-20,-40,
-73,-29,
-51,45,
4,47,
34,67,
49,3,
12,-58,
-22,-23,
-14,13,
-24,11,
-8,33,
-23,-22,
-3,-62,
102,25,
37,4,
55,26,
-45,-16,
-14,15,
35,27,
18,20,
-11,-12,
-49,39,
-24,67,
-11,40,
-20,44,
-46,-19,
-1,29,
-18,70,
-30,31,
-5,55,
-6,36,
-8,15,
-28,5,
-34,26,
26,-19,
7,35,
33,42,
12,-26,
42,-17,
1,10,
29,5,
26,12,
18,40,
12,33,
10,8,
35,11,
26,53,
24,24,
-6,-19,
-29,87,
18,45,
-10,28,
45,10,
-8,89,
-55,15,
-5,9,
-17,-1,
6,16,
-7,-37,
5,11,
-16,-20,
2,-62,
-47,-30,
-27,21,
10,-29,
64,12,
-11,48,
2,51,
38,-18,
26,43,
25,2,
29,45,
84,-4,
101,-74,
44,-16,
20,10,
102,35,
61,35,
20,-32,
41,20,
51,-31,
-8,24,
47,25,
68,-7,
23,8,
12,6,
-5,-13,
-19,8,
-22,24,
-18,-24,
-2,47,
38,-11,
11,-29,
35,-6,
-29,33,
-33,7,
-8,81,
3,-20,
7,-24,
6,-45,
29,-50,
48,-28,
-13,-51,
-47,6,
8,51,
-4,46,
-10,30,
-15,26,
31,40,
-13,5,
-13,-5,
-1,-4,
-33,1,
48,-39,
25,-55,
43,-29,
-9,-42,
-20,-6,
43,22,
59,-4,
36,-34,
48,-18,
20,-22,
16,30,
17,8,
-59,35,
-13,-61,
32,-46,
-29,-15,
-30,-24,
26,6,
18,-7,
-4,15,
-43,19,
-38,63,
50,65,
13,-9,
17,24,
17,-19,
20,-20,
29,-14,
23,-53,
-46,-73,
-44,-52,
-58,-41,
8,-1,
-87,19,
-21,33,
-1,34,
26,41,
-39,30,
3,11,
-2,-19,
-2,7,
-24,-29,
-36,15,
-53,34,
2,-43,
-61,3,
-19,44,
-78,17,
50,-7,
13,84,
18,37,
34,1,
15,-42,
63,-71,
43,-22,
47,-2,
45,45,
-58,43,
17,-6,
0,-11,
25,-3,
34,-7,
39,51,
100,-3,
-9,14,
-25,62,
28,62,
27,12,
-59,-1,
1,-10,
10,25,
14,44,
48,69,
46,27,
8,1,
-8,8,
31,-12,
-4,17,
-7,-19,
-4,-11,
4,-15,
49,-44,
48,11,
27,30,
-12,63,
-46,57,
-6,42,
3,21,
13,-4,
-48,4,
-35,-1,
-12,51,
-6,-12,
29,-6,
67,17,
-11,55,
-22,4,
7,1,
23,-6,
-6,-36,
-8,30,
43,85,
16,38,
-22,2,
-29,24,
-20,-15,
-22,21,
-55,18,
-74,11,
0,17,
15,-13,
-95,14,
-8,2,
64,-36,
50,25,
-4,5,
-13,28,
28,-28,
23,15,
17,41,
1,57,
-11,4,
16,-41,
54,-51,
10,-8,
45,39,
32,-9,
50,13,
38,25,
13,26,
38,25,
32,-2,
65,-50,
-18,-17,
-4,-6,
-43,-1,
51,30,
-2,-20,
26,-47,
8,-19,
49,74,
-8,22,
22,14,
23,-35,
42,53,
20,70,
-1,63,
32,-24,
45,10,
58,26,
63,-26,
-55,-31,
66,-20,
-11,-46,
-53,67,
-526,933,
-3666,5192,
-5994,6850,
-6484,6418,
-4860,4013,
1033,-1050,
2186,-1835,
245,-274,
365,505,
2403,600,
3426,168,
1454,-224,
-846,-320,
-2662,-408,
-2376,-360,
-812,-199,
146,-65,
120,-328,
-565,-579,
-783,-912,
-1040,-1165,
-93,-364,
653,-173,
401,-50,
46,78,
-206,129,
-101,-161,
66,-404,
77,-402,
63,-275,
-1,-139,
-2,-70,
59,-171,
157,-427,
-21,-67,
99,50,
281,233,
246,173,
138,-58,
-72,-220,
-125,-425,
-241,-627,
-342,-533,
-208,-350,
-68,-293,
327,-229,
580,-11,
357,60,
148,105,
-109,32,
-69,-11,
-5,-20,
177,-6,
209,-135,
167,-185,
21,-184,
94,-157,
161,-13,
186,217,
24,233,
-46,14,
-217,-92,
-191,-81,
-125,140,
-200,310,
-270,171,
-34,-80,
14,-110,
196,-465,
84,-382,
195,-430,
176,-28,
165,92,
232,121,
353,-65,
391,-219,
465,-253,
923,-98,
961,111,
442,163,
81,153,
-144,117,
-49,-66,
-1,-76,
171,-189,
39,-117,
36,-125,
-11,-126,
51,-132,
108,-88,
109,-2,
30,72,
70,29,
97,44,
45,30,
28,-20,
88,-1,
165,28,
32,41,
-22,13,
-1,-60,
131,-100,
202,-76,
116,-43,
58,-31,
97,-58,
65,-13,
107,-3,
65,-29,
106,10,
70,42,
19,-11,
77,-71,
133,0,
88,113,
71,100,
92,38,
140,-56,
155,-144,
3,-68,
4,-57,
96,-69,
175,-42,
25,-3,
-34,21,
-96,-7,
15,-6,
30,54,
32,52,
58,56,
7,34,
-22,17,
35,-61,
72,-56,
85,-87,
15,-41,
27,23,
15,-4,
-27,-60,
-17,-30,
46,-15,
63,-60,
-8,-5,
4,-77,
-28,-115,
-34,-107,
-37,-35,
-4,-34,
-56,-90,
-1,-68,
96,-48,
100,-32,
16,-25,
20,14,
179,-6,
134,-23,
93,38,
24,-8,
00>
_________________________________
00>
00>
Printing STS1 CIR
00>
00>
_________________________________
00>
93,54,
15,25,
-19,-7,
-54,-36,
-10,-25,
21,-24,
10,10,
55,5,
-9,17,
11,-14,
12,-23,
17,14,
7,34,
8,-48,
33,-21,
46,-33,
-11,32,
-18,-25,
28,28,
-3,30,
-15,0,
-18,-23,
20,56,
45,55,
61,26,
23,0,
66,-39,
45,-33,
37,23,
-25,12,
-22,-12,
-18,-7,
-10,-7,
-4,2,
41,3,
15,-4,
2,10,
7,-16,
-14,-33,
-41,47,
-21,52,
9,50,
32,67,
40,56,
18,17,
44,4,
15,5,
-39,0,
-42,0,
0,-20,
17,-28,
-60,-13,
-13,26,
-18,-8,
-53,-12,
-39,8,
-27,28,
22,46,
82,70,
67,10,
6,-43,
4,-41,
15,-24,
24,57,
27,-24,
-42,-4,
-12,26,
10,85,
108,97,
132,136,
81,20,
66,-46,
100,-31,
16,14,
-30,9,
-73,30,
-24,30,
9,18,
28,14,
60,-3,
30,-36,
-4,-35,
59,13,
1,52,
90,80,
16,112,
17,21,
67,-27,
1,-2,
-37,-14,
-39,-2,
-87,-14,
-57,34,
-79,27,
-7,23,
8,17,
41,41,
69,-4,
64,3,
56,68,
85,21,
74,27,
24,-22,
3,34,
32,-6,
32,45,
-11,83,
-14,85,
-41,4,
8,8,
109,39,
75,-14,
-9,-4,
-6,67,
23,-10,
1,-38,
-74,21,
-84,8,
20,-3,
59,-3,
1,-31,
-38,23,
11,48,
65,128,
7,104,
-20,42,
60,13,
39,10,
84,-2,
39,63,
56,8,
73,-4,
105,89,
90,56,
82,28,
-8,-28,
-44,-2,
-11,-34,
35,7,
-21,-7,
22,52,
-2,16,
-27,3,
-29,3,
10,-9,
62,-31,
61,9,
83,-12,
12,19,
-24,63,
-47,70,
39,14,
11,13,
44,-7,
16,-50,
-32,-4,
-39,25,
25,-10,
37,-42,
-12,7,
66,-27,
72,60,
45,44,
42,-68,
24,-27,
16,8,
27,-5,
27,-44,
4,-43,
15,45,
4,102,
1,56,
1,-67,
17,-6,
0,-26,
25,5,
20,-15,
0,10,
61,31,
-62,42,
-4,79,
11,69,
-21,57,
59,-3,
47,-18,
1,31,
7,17,
-50,15,
21,-5,
14,11,
-12,15,
-36,-31,
4,-52,
-5,36,
42,3,
82,24,
12,-38,
78,13,
-18,32,
23,30,
30,-8,
54,13,
41,-40,
44,82,
43,96,
29,72,
-12,-31,
-67,-31,
-31,27,
19,-32,
16,-17,
-44,69,
12,19,
-16,23,
-2,-69,
20,-4,
63,92,
-3,69,
38,87,
6,17,
24,3,
52,-6,
55,-43,
51,-23,
7,-10,
-54,55,
10,23,
-1,5,
19,2,
83,95,
90,19,
-58,-15,
10,34,
52,11,
2,26,
-20,0,
15,79,
17,-1,
72,-13,
69,21,
-36,21,
-33,45,
-24,12,
-2,10,
-46,-14,
-58,-8,
-97,28,
25,28,
17,28,
18,19,
41,14,
11,34,
17,50,
29,58,
3,47,
21,44,
12,51,
13,-28,
-27,-49,
39,6,
70,48,
77,14,
43,70,
130,36,
68,44,
5,40,
-5,68,
-23,0,
20,53,
22,31,
56,-14,
26,-4,
-61,8,
-32,-20,
24,21,
18,63,
-22,36,
-24,18,
-20,22,
-42,-38,
1,5,
14,-54,
-25,2,
-34,59,
24,40,
13,14,
25,35,
27,50,
64,-4,
21,2,
21,86,
-5,91,
-10,2,
18,-13,
8,8,
-11,42,
-18,37,
-33,26,
8,-44,
48,53,
-3,103,
-47,0,
-45,31,
22,23,
67,-7,
56,-48,
-9,12,
51,54,
33,11,
1,-12,
-30,-3,
39,-66,
12,-54,
-1,5,
43,30,
13,7,
-40,8,
4,-10,
61,21,
48,63,
26,15,
-21,44,
-9,78,
38,21,
15,15,
38,21,
57,10,
44,6,
15,-25,
1,-12,
-50,10,
-16,-32,
-37,20,
-7,51,
12,48,
38,41,
-13,55,
-37,-39,
-27,-12,
-30,3,
41,9,
-35,-1,
70,40,
38,-3,
-7,22,
-29,-11,
-47,37,
0,-55,
43,-19,
31,41,
11,21,
7,-14,
-8,-2,
63,137,
-419,916,
-2920,4123,
-6062,6075,
-6310,5412,
-2355,2396,
2412,-277,
1948,-595,
-575,-736,
-1805,-2168,
-1049,-3426,
-272,-2626,
44,-993,
661,-191,
1947,-81,
2739,0,
1718,220,
263,169,
-631,-319,
-745,-887,
-936,-1306,
-1090,-1533,
-823,-601,
31,-83,
323,39,
289,177,
-9,8,
145,-279,
332,-309,
323,-285,
-118,-221,
-662,-96,
-432,151,
-42,389,
236,684,
312,370,
204,211,
317,-19,
35,34,
-245,184,
-345,188,
-664,-75,
-451,-442,
-41,-444,
214,-173,
252,-88,
81,-112,
-91,-145,
-189,86,
-118,186,
82,312,
153,145,
179,52,
420,-258,
311,-199,
237,-102,
117,22,
100,-189,
56,-545,
88,-484,
29,-239,
17,-236,
-19,-253,
-70,-76,
-110,91,
-140,59,
-50,78,
95,64,
175,141,
227,189,
74,192,
49,117,
64,98,
104,35,
104,-115,
129,-222,
157,-189,
291,-167,
647,-106,
914,112,
557,231,
108,156,
-129,84,
-60,-30,
11,62,
-46,113,
-82,82,
-48,125,
10,113,
75,192,
-23,177,
-10,118,
33,85,
126,26,
122,-10,
64,16,
-75,-17,
-55,-9,
19,-6,
14,23,
48,6,
-46,-58,
40,-86,
87,-27,
118,-2,
102,16,
43,19,
34,75,
31,45,
11,57,
69,-22,
17,-42,
29,-23,
31,81,
40,172,
53,88,
110,52,
191,-44,
82,0,
-7,-9,
25,-52,
-3,-116,
-10,-115,
45,-49,
75,-13,
83,-78,
89,2,
78,27,
-13,20,
4,38,
52,56,
110,74,
102,140,
147,49,
145,14,
39,-15,
27,-2,
27,47,
-57,37,
-78,16,
-29,46,
66,-7,
140,-51,
122,-31,
49,-10,
46,-28,
33,16,
-15,23,
-19,19,
38,-25,
19,-25,
-37,-31,
1,-15,
99,2,
127,43,
64,19,
25,23,
39,8,
97,-7,
00>
_________________________________
00>
RX Timestamp: 1018386504603
00>
Clock Offset: -1710.892 Hz, 0.214 ppm
00>
RX Timestamp: 1019457944185
00>
Clock Offset: -1848.507 Hz, 0.231 ppm
00>
_________________________________
Sequence Number: 195
00>
00>
Printing STS0 CIR
00>
00>
_________________________________
00>
37,21,
33,-8,
-66,-12,
-38,7,
58,-2,
31,14,
-16,31,
11,41,
20,8,
5,15,
25,23,
32,3,
5,-20,
44,13,
82,28,
39,-15,
-22,28,
13,-11,
26,19,
78,-22,
-29,19,
15,-24,
34,-49,
-49,15,
-7,25,
-18,42,
-44,40,
-16,76,
-21,45,
94,-44,
76,-16,
-30,45,
-31,63,
5,-3,
10,26,
-69,-8,
-53,19,
34,43,
-6,-8,
93,-39,
96,-18,
37,-1,
-31,-15,
20,-33,
71,39,
73,12,
61,-55,
31,-27,
-1,29,
-12,80,
-27,84,
-12,60,
-7,-69,
20,7,
41,-55,
53,-4,
32,55,
-24,33,
-22,29,
31,2,
-6,-31,
6,9,
-50,-4,
7,-10,
-22,20,
-29,-16,
13,39,
20,-14,
15,-38,
-3,22,
-14,46,
44,-10,
33,7,
35,6,
38,31,
64,-4,
28,34,
22,32,
38,37,
32,51,
21,-6,
5,1,
-9,-46,
24,-34,
7,-51,
17,29,
35,-15,
53,-31,
1,-46,
-74,-15,
-74,-1,
-9,-12,
37,13,
13,27,
-3,14,
-1,50,
-50,27,
-17,-14,
-26,-39,
-7,-17,
-46,-34,
-53,9,
11,3,
29,-36,
43,-32,
73,46,
44,-20,
2,-51,
8,-35,
18,5,
39,-57,
96,7,
26,-14,
-6,-26,
15,29,
-19,56,
-12,3,
14,-29,
11,-77,
32,-85,
47,-40,
33,-22,
19,-17,
41,-5,
51,-7,
33,-8,
43,14,
51,-20,
3,-32,
-21,43,
21,92,
31,14,
12,-34,
83,20,
-3,-27,
-6,-6,
4,26,
-38,14,
6,5,
66,9,
66,39,
-4,88,
31,-3,
-30,-61,
-80,-7,
4,22,
51,29,
11,-24,
-26,22,
-26,-25,
89,-14,
98,-4,
102,55,
63,-31,
-19,-3,
16,-43,
41,-26,
-1,-35,
5,3,
25,-25,
72,-34,
-9,-19,
24,98,
13,-14,
-17,-26,
-28,-21,
37,47,
13,33,
0,27,
-59,23,
1,6,
35,54,
-7,-46,
-30,84,
17,123,
41,58,
23,-18,
57,-21,
53,-47,
35,-26,
-5,-5,
-24,40,
21,9,
-28,-17,
-15,-49,
56,-8,
20,13,
-15,84,
35,64,
12,-6,
-35,-12,
-1,-48,
1,-30,
14,-26,
30,41,
-12,-26,
17,-4,
68,-10,
-35,113,
-67,47,
-22,25,
-16,58,
8,0,
28,-3,
30,13,
12,53,
37,41,
-1,-39,
-2,-42,
14,-30,
-14,-30,
-22,16,
-3,13,
31,63,
-93,66,
-10,12,
-3,-5,
-10,-52,
-4,44,
63,-21,
46,9,
18,-44,
32,56,
25,3,
33,15,
30,-9,
21,-33,
27,-13,
-34,11,
11,-3,
-16,8,
-86,-19,
-78,-16,
-34,7,
-59,13,
-19,55,
4,67,
37,9,
35,-103,
29,-80,
29,7,
44,40,
102,63,
29,37,
23,9,
22,40,
-35,50,
-33,2,
-35,-7,
-27,-57,
5,-7,
-15,-34,
-31,21,
-41,69,
-21,24,
-58,-10,
-44,5,
-16,5,
-8,1,
27,-31,
16,53,
18,54,
34,66,
40,0,
32,4,
80,30,
-47,8,
35,10,
53,33,
78,-22,
24,9,
-4,74,
-3,28,
-50,23,
34,22,
12,-6,
35,-8,
-17,69,
-42,89,
9,-12,
-33,-2,
-2,14,
45,36,
77,-37,
-4,-66,
9,-22,
-16,-38,
16,-19,
27,10,
100,31,
42,15,
29,22,
-3,23,
-10,-24,
-62,7,
-108,51,
-63,31,
-18,0,
56,-14,
13,-33,
-13,83,
-8,73,
-70,22,
72,5,
61,-13,
40,-35,
27,3,
22,-49,
61,76,
9,-18,
63,26,
35,-3,
25,-21,
-20,-6,
-19,-71,
-13,-6,
-11,16,
-6,60,
28,-13,
-41,-44,
-31,-28,
48,-23,
35,-27,
5,-41,
-36,-25,
-22,15,
14,16,
-34,14,
-15,43,
27,19,
49,37,
-3,-5,
17,-5,
9,25,
36,-2,
43,-7,
23,37,
1,57,
3,8,
7,-98,
24,-30,
36,-25,
11,-52,
54,-17,
31,-21,
-49,36,
-46,57,
-5,-12,
23,-27,
109,-16,
20,-23,
-3,-50,
29,-1,
1,-15,
58,12,
1,25,
141,118,
1154,1174,
4504,5557,
5043,7265,
4256,7246,
1266,1718,
224,-3082,
686,-1479,
40,1133,
-2087,2416,
-3431,1817,
-2123,796,
-628,-55,
-379,-1084,
-630,-2119,
-408,-1896,
13,-632,
100,306,
-366,605,
-908,591,
-1510,1028,
-1145,1755,
-601,1304,
-228,215,
-34,-28,
48,238,
144,295,
88,-6,
-84,-259,
-117,-306,
-99,-109,
-25,176,
33,51,
83,-279,
100,-427,
74,-94,
-158,60,
-44,146,
71,-11,
-13,-19,
-231,100,
-434,294,
-288,114,
46,-164,
184,-154,
137,-53,
90,-76,
101,-81,
127,-60,
98,35,
-17,-15,
40,-22,
-56,-69,
-100,-357,
114,-340,
250,-134,
207,26,
53,-12,
-50,-256,
-29,-435,
-87,-333,
-84,-228,
-56,-64,
16,104,
145,113,
84,139,
-305,186,
-353,222,
-420,161,
-218,-27,
-28,-185,
60,-202,
34,-185,
61,-157,
50,-23,
-190,-46,
-338,-153,
-507,-332,
-503,-697,
-253,-696,
75,-350,
257,-167,
287,2,
85,-32,
7,28,
-60,-16,
-2,-64,
-28,-110,
-15,-53,
-126,132,
-168,190,
-67,32,
-19,-51,
-97,-105,
-124,-36,
-90,39,
-14,39,
18,41,
-31,78,
10,-13,
34,36,
-21,-35,
-29,-25,
-39,-66,
52,-78,
135,-76,
54,-82,
-4,-86,
4,-75,
-16,-135,
-34,-64,
-110,-54,
-69,-24,
-38,-136,
12,-99,
12,-71,
21,-44,
-22,-32,
-57,-5,
-38,-62,
-8,10,
-45,14,
-46,-35,
-97,-104,
-56,-130,
-32,-196,
8,-219,
45,-250,
76,-110,
34,-108,
31,-47,
51,2,
65,-57,
19,-231,
-17,-168,
-47,-100,
-5,-39,
-17,-32,
-51,-39,
-37,-82,
22,-45,
32,-102,
15,-12,
-59,0,
-34,-55,
35,-24,
20,-53,
-15,-41,
-86,-2,
-121,-38,
15,-48,
-32,-56,
-68,-43,
-57,-103,
18,-96,
-40,-101,
00>
_________________________________
00>
00>
Printing STS1 CIR
00>
00>
_________________________________
00>
-25,-2,
-22,3,
-54,37,
-30,-16,
5,22,
6,36,
-24,25,
14,39,
8,50,
-18,6,
2,29,
7,14,
29,112,
-10,72,
-8,3,
3,40,
10,-5,
-13,56,
-7,43,
10,25,
-30,13,
-12,9,
5,32,
43,-1,
94,-5,
15,-36,
-72,27,
-59,19,
-21,44,
42,39,
1,-51,
-37,33,
-40,38,
-1,-16,
4,-40,
-60,-35,
-19,16,
-12,15,
2,54,
63,-49,
15,-21,
-10,-24,
-42,21,
-13,38,
46,21,
47,-23,
-53,-52,
15,-19,
50,14,
-9,-12,
4,24,
22,18,
5,-2,
-17,13,
-9,48,
29,43,
-22,29,
-7,47,
4,5,
26,-32,
35,81,
14,0,
-42,53,
14,94,
35,41,
16,49,
-14,9,
18,37,
-5,23,
-24,-14,
56,-50,
122,-47,
63,-35,
23,-10,
2,-23,
11,-53,
55,-22,
39,28,
56,-57,
30,-96,
27,-40,
2,36,
35,51,
41,-13,
11,1,
-10,19,
-58,3,
-95,54,
-68,68,
-42,96,
-24,49,
4,69,
17,22,
-39,23,
-91,61,
-99,49,
45,35,
65,-10,
21,22,
-16,1,
-58,-5,
-61,15,
11,-12,
64,-38,
46,-31,
-61,1,
-52,-20,
9,36,
10,69,
6,101,
-40,90,
-39,8,
-24,-8,
-2,9,
3,14,
-24,52,
-50,-52,
0,14,
-49,31,
2,15,
39,-21,
32,42,
-13,-12,
-21,-39,
-27,12,
2,21,
-6,-4,
22,16,
37,31,
9,-13,
-7,-75,
12,33,
21,35,
12,43,
52,89,
74,-6,
10,33,
-50,28,
2,75,
10,25,
53,26,
148,17,
41,41,
-41,-16,
13,47,
25,69,
4,32,
-18,61,
-15,-60,
-32,-28,
11,-53,
-32,11,
47,-9,
18,22,
-44,-35,
-34,-42,
-14,13,
47,23,
8,21,
60,-38,
-2,-4,
-8,-27,
23,45,
-11,22,
22,-62,
-5,-1,
-30,-25,
-37,26,
7,38,
17,-1,
-4,18,
19,58,
-7,13,
44,62,
84,69,
-24,9,
-54,-1,
-36,9,
-21,26,
30,-55,
17,-17,
-2,8,
-30,-26,
14,-30,
13,-25,
-37,20,
-68,22,
-25,20,
6,13,
-8,27,
-48,5,
-43,9,
-26,24,
26,93,
78,126,
3,57,
41,34,
-26,43,
26,-37,
13,-20,
-42,38,
-26,-9,
35,66,
-24,84,
-7,38,
65,12,
10,-15,
-26,14,
-51,79,
-22,28,
-38,-59,
0,-35,
22,16,
31,30,
18,18,
30,3,
-22,3,
-13,5,
-17,-46,
56,6,
56,62,
74,-12,
5,-23,
-71,-1,
36,2,
36,44,
-17,47,
-10,39,
81,57,
26,30,
-115,-27,
-122,27,
-65,-17,
19,-61,
35,7,
-51,-19,
-58,-11,
-92,-24,
-63,74,
-17,55,
-58,120,
-37,21,
-6,24,
-13,32,
-3,-5,
51,31,
23,14,
85,-55,
-9,7,
-11,73,
-29,88,
-68,24,
-39,40,
25,62,
70,-11,
6,-29,
10,1,
20,-24,
20,-7,
-9,4,
-32,4,
-1,-3,
43,-40,
47,-1,
43,-12,
30,9,
-24,4,
-15,5,
-40,-47,
-55,30,
-23,111,
26,58,
37,53,
10,-12,
43,-37,
79,-23,
-7,78,
20,63,
68,43,
32,-1,
28,6,
27,-59,
17,41,
-26,44,
40,27,
88,13,
30,39,
-37,69,
25,40,
-11,51,
-38,-4,
-34,21,
-13,39,
22,1,
-72,10,
-50,-11,
-1,1,
-36,4,
45,83,
16,51,
49,-38,
6,50,
-42,65,
-44,45,
-10,-11,
24,49,
2,17,
-31,75,
-55,24,
-32,9,
2,22,
-3,24,
-63,11,
34,32,
46,53,
26,42,
24,27,
-35,11,
-58,39,
-3,-6,
21,31,
-51,84,
-15,43,
-10,95,
35,45,
-25,7,
61,-10,
16,-12,
-21,-13,
1,11,
20,23,
41,14,
35,-18,
-34,-51,
-89,12,
-31,-16,
23,4,
55,69,
54,42,
-20,-13,
-55,-6,
-1,-62,
1,-23,
-17,15,
-43,18,
-59,23,
3,-45,
-36,84,
-17,23,
12,109,
33,90,
22,15,
24,3,
47,-4,
-26,1,
-15,17,
209,92,
1275,906,
4462,4475,
5299,6904,
4507,6547,
1490,554,
370,-3993,
1323,-2558,
2908,887,
4764,3161,
5124,2612,
3431,656,
1120,-354,
295,137,
535,1411,
808,1976,
280,1129,
-410,208,
-769,-203,
-689,371,
-1183,680,
-1164,368,
-542,-142,
257,-531,
652,-67,
397,328,
15,370,
-313,101,
-349,17,
-260,-71,
-213,-115,
-187,-234,
-150,-354,
-234,-409,
-271,-580,
-49,-94,
-232,-94,
-346,-150,
-398,-253,
-372,-174,
-191,9,
-20,328,
-24,409,
-314,243,
-416,57,
-339,-63,
-248,-132,
-202,-162,
-219,-101,
-350,-72,
-340,91,
-111,99,
-51,97,
18,37,
-8,13,
49,-50,
18,-167,
46,-314,
93,-399,
191,-269,
118,-8,
65,129,
94,107,
178,87,
63,-9,
-87,14,
-302,119,
-191,140,
-155,12,
-82,1,
-57,143,
-175,188,
-151,-69,
-162,-122,
-146,-220,
-351,-192,
-412,-178,
-564,-285,
-651,-596,
-472,-765,
-84,-357,
102,-23,
223,116,
77,-5,
34,-19,
-1,-70,
-65,-92,
7,11,
134,55,
87,80,
-53,-26,
-253,-149,
-214,-232,
-128,-156,
-60,-124,
-15,10,
-33,23,
-92,4,
-140,62,
-47,53,
-66,42,
-35,-85,
6,-137,
-43,-80,
-29,-1,
-129,62,
-153,93,
-121,-4,
-42,-20,
-62,-24,
-155,-66,
-213,-69,
-163,-99,
-149,-123,
-86,-139,
-32,6,
-27,19,
-44,-44,
-60,-95,
-65,-49,
-95,-54,
-100,-77,
-94,-53,
-140,-128,
-61,-75,
-95,-57,
-67,-26,
-84,-11,
-61,-45,
-64,-65,
-113,8,
0,12,
-31,-20,
-91,-141,
-71,-127,
-105,-67,
-146,28,
-62,61,
-71,29,
-53,-95,
-88,-77,
-80,-71,
-116,-49,
-107,-58,
-50,-85,
-88,-97,
-86,27,
-68,69,
-55,110,
-108,-27,
-127,-45,
-103,-50,
-72,-51,
-145,-55,
-110,21,
-148,-42,
00>
_________________________________
00>
_________________________________
Sequence Number: 198
00>
00>
Printing STS0 CIR
00>
00>
_________________________________
00>
2,2,
24,-30,
7,5,
99,14,
34,-47,
-17,-7,
-71,43,
2,4,
58,-35,
42,8,
-30,5,
-16,-32,
2,-28,
106,17,
84,24,
72,4,
-6,5,
9,-2,
74,-1,
21,30,
10,43,
-10,41,
19,-73,
33,58,
35,0,
23,-36,
34,-51,
17,-20,
-26,12,
-40,18,
14,9,
23,18,
-20,30,
16,8,
58,7,
48,37,
36,-23,
43,-10,
12,63,
23,9,
23,11,
-47,-17,
-8,-20,
-85,-5,
-48,-11,
84,37,
22,24,
23,-48,
-16,-2,
1,-9,
-40,25,
-56,25,
-31,20,
81,-43,
46,26,
-9,36,
11,6,
56,50,
20,59,
-3,13,
-44,48,
23,20,
11,5,
-46,15,
-70,-7,
-22,58,
56,53,
22,8,
-3,38,
34,74,
72,71,
79,14,
17,-25,
42,11,
-35,-9,
-19,26,
25,42,
53,46,
15,3,
10,4,
4,-35,
13,-38,
10,-34,
5,-54,
75,-41,
-19,38,
43,19,
27,67,
9,74,
10,-21,
-10,-20,
-64,20,
-30,30,
11,30,
-13,-4,
-1,-7,
-39,-14,
-17,43,
-27,3,
-43,12,
-42,0,
59,-1,
49,-26,
17,52,
-40,-19,
-60,-14,
-34,44,
-29,65,
-21,-26,
-21,-67,
25,-55,
67,27,
2,9,
-56,16,
16,-25,
-18,-16,
69,34,
82,31,
-32,47,
44,23,
6,-16,
-87,-42,
-96,-62,
-26,-25,
21,11,
-7,-10,
-15,43,
-34,48,
-14,1,
10,45,
-64,-19,
-75,-8,
-31,-28,
43,32,
-11,68,
5,-39,
-30,-3,
38,18,
10,51,
1,82,
-11,23,
47,10,
78,9,
-34,-13,
-24,-49,
-14,-5,
-17,-32,
-19,-34,
-23,56,
7,41,
-10,-13,
29,-16,
24,8,
6,41,
46,13,
-20,-39,
64,-17,
-49,3,
-60,1,
-15,48,
19,-4,
-20,-38,
-70,-7,
-64,-4,
-1,18,
51,34,
30,101,
8,48,
-19,48,
-10,66,
5,4,
23,57,
-15,41,
-26,41,
-31,-15,
25,19,
26,-3,
-20,-28,
2,-13,
32,-41,
-17,-24,
-40,-2,
-9,19,
-6,41,
0,35,
-7,-18,
-49,-15,
-27,60,
5,44,
12,-8,
22,-23,
-7,-47,
41,-1,
-13,78,
35,21,
16,-10,
15,5,
12,-40,
-29,82,
-1,53,
8,28,
-53,-50,
-22,45,
-11,10,
-5,21,
35,76,
47,101,
38,15,
49,33,
18,-37,
-35,19,
11,39,
-41,25,
-1,-41,
-1,-33,
-7,38,
20,24,
55,56,
63,68,
61,37,
99,-29,
112,19,
46,80,
-66,-3,
-10,-2,
23,45,
50,37,
40,21,
-4,56,
9,28,
17,5,
-10,-1,
54,37,
27,16,
61,-1,
26,20,
62,38,
-1,-16,
-22,-7,
22,-20,
59,-18,
47,42,
78,-12,
69,-13,
68,21,
1,-16,
25,42,
18,87,
0,60,
-39,20,
-14,6,
13,-1,
-9,1,
-36,28,
35,30,
-5,2,
-47,39,
-40,58,
4,28,
23,45,
1,45,
-38,15,
-23,14,
-32,-7,
-12,-42,
-36,-4,
-22,-21,
-3,17,
3,1,
-21,27,
-14,-30,
-31,58,
31,61,
29,78,
38,34,
30,7,
22,18,
-18,58,
-18,70,
50,57,
59,31,
-8,-6,
-41,-59,
47,-9,
27,31,
83,-6,
31,-50,
7,-33,
-12,31,
14,-13,
3,-13,
36,19,
30,-63,
92,-23,
23,37,
19,47,
10,-33,
-53,-1,
-6,65,
69,48,
12,54,
-9,27,
13,12,
10,-3,
-14,-40,
0,7,
-11,-14,
-49,-39,
0,-39,
10,-50,
37,49,
10,22,
12,42,
17,52,
25,45,
15,-2,
-15,30,
-29,52,
8,27,
24,-57,
-21,35,
45,23,
57,-24,
22,-33,
59,10,
23,-13,
-25,39,
-23,21,
2,42,
12,68,
-2,49,
-53,13,
-34,26,
-34,9,
-22,-19,
32,-30,
69,-2,
76,-26,
47,-2,
1,39,
27,79,
-39,-2,
-69,88,
27,94,
-14,62,
50,17,
-5,-32,
-45,-47,
-30,32,
-24,71,
40,39,
-21,43,
-8,684,
-611,4799,
-2128,7971,
-2850,7908,
-3096,7332,
12,-515,
1418,-3178,
252,-762,
255,414,
2013,-256,
3450,-1391,
1940,-1170,
-454,-187,
-2428,699,
-2749,849,
-1305,313,
-18,-104,
245,-381,
-634,-209,
-1088,-424,
-1599,-665,
-490,-311,
422,-432,
419,-262,
200,27,
-73,260,
-152,-12,
-161,-345,
-124,-364,
-48,-336,
-57,-287,
-65,-209,
-43,-210,
19,-386,
3,-73,
112,26,
328,94,
227,80,
107,-101,
-175,-182,
-317,-250,
-502,-389,
-526,-392,
-462,-290,
-192,-204,
53,-254,
317,-258,
363,-103,
199,-37,
24,50,
-59,-51,
7,-10,
92,-68,
64,-144,
62,-317,
17,-256,
17,-241,
114,-136,
219,39,
155,103,
23,110,
-209,87,
-227,69,
-51,238,
-46,357,
-127,433,
44,1,
-22,-64,
-50,-253,
-70,-424,
2,-465,
143,-226,
192,-85,
238,-13,
248,-243,
260,-433,
277,-482,
752,-588,
929,-367,
603,-81,
189,13,
18,109,
-7,17,
-11,-1,
-34,-107,
-52,-145,
-96,-176,
-74,-77,
4,-94,
13,-188,
62,-220,
105,-134,
87,-4,
61,109,
25,53,
79,-34,
95,-87,
91,-132,
-10,-17,
-5,16,
-14,16,
-75,-112,
24,-240,
55,-87,
61,-12,
87,22,
3,6,
-8,-142,
61,-104,
97,-31,
27,-41,
52,-52,
44,-123,
113,-200,
17,44,
15,37,
-63,-4,
53,8,
104,-125,
-29,-157,
9,-61,
5,-29,
40,18,
36,-6,
-61,-54,
-43,-9,
37,69,
36,-14,
53,2,
-28,-38,
-42,-26,
-28,4,
-10,-55,
78,13,
31,-28,
8,-13,
20,25,
-29,-12,
-183,4,
-19,-63,
30,-27,
47,-49,
-37,-97,
-69,-101,
-36,-88,
23,-98,
8,9,
-29,-12,
-14,-85,
-7,-95,
40,-102,
-13,23,
-16,7,
-20,51,
86,-17,
62,-103,
38,-92,
-39,-29,
-15,-7,
48,-42,
00>
_________________________________
00>
00>
Printing STS1 CIR
00>
00>
_________________________________
00>
-9,-22,
-7,-103,
23,-8,
37,-36,
73,-83,
80,-32,
66,31,
-45,-4,
-33,0,
-72,-43,
-58,-37,
-62,-16,
10,27,
49,-47,
88,-64,
33,-6,
-11,33,
-23,-13,
31,36,
9,23,
21,-58,
6,-90,
35,-34,
23,1,
-21,-24,
-21,18,
-61,-2,
-15,-13,
49,7,
9,41,
-39,66,
-49,30,
-5,83,
-34,106,
-78,-6,
-47,21,
-46,-4,
-50,19,
-7,48,
-27,-23,
-6,-55,
46,-79,
80,27,
45,72,
12,85,
0,52,
48,23,
9,-17,
-19,13,
68,-23,
15,30,
-21,1,
6,-44,
-8,19,
1,39,
1,8,
-7,27,
-19,-42,
17,-67,
-16,10,
20,28,
45,30,
72,28,
20,44,
8,28,
68,37,
47,29,
58,3,
41,5,
42,5,
-13,-12,
-13,-51,
-30,-38,
1,18,
-26,94,
-12,68,
-3,4,
-69,27,
-77,20,
-78,-24,
4,20,
69,87,
13,44,
21,54,
-30,36,
56,-12,
55,-5,
37,14,
69,30,
28,13,
-4,6,
0,27,
-15,-15,
26,46,
37,-14,
20,-34,
18,-44,
16,3,
-36,49,
-30,52,
-24,-3,
-23,-42,
-19,-73,
-39,-30,
-2,78,
-38,39,
-21,52,
7,55,
5,45,
-8,59,
51,41,
37,37,
-9,20,
-26,-33,
-19,35,
21,49,
12,86,
20,61,
33,-51,
-34,-67,
-4,-10,
18,43,
6,19,
-12,30,
-30,-25,
-57,-20,
-34,44,
-3,56,
-33,-12,
-4,14,
-20,-11,
-50,-41,
-10,-5,
-7,-10,
125,-10,
68,41,
-6,2,
-49,19,
24,44,
44,-15,
31,-8,
-32,55,
-7,65,
27,37,
52,27,
98,-40,
31,28,
31,8,
66,-24,
21,-37,
10,17,
-16,28,
-78,37,
-100,44,
-67,7,
-40,-38,
33,-14,
52,2,
31,-36,
-13,11,
-8,26,
18,33,
17,28,
10,61,
-33,96,
-56,25,
-40,-13,
19,-31,
40,43,
30,58,
33,9,
43,8,
72,35,
14,61,
30,53,
28,-25,
21,8,
3,19,
-16,43,
-4,-1,
-13,-12,
99,11,
118,-11,
72,-25,
-27,-43,
-80,3,
-36,35,
-4,39,
-33,8,
9,7,
-4,-25,
-30,46,
-29,33,
14,44,
15,54,
3,43,
22,24,
-61,-81,
-65,-39,
-10,5,
-15,41,
-40,43,
-27,19,
-8,18,
-3,-6,
2,-7,
-110,21,
-68,0,
32,-17,
48,-27,
-45,38,
-2,24,
21,60,
-17,2,
41,-18,
4,-5,
6,16,
-19,40,
76,51,
13,-31,
-22,6,
-38,-5,
-41,7,
65,39,
73,10,
69,-5,
-31,28,
-5,49,
-8,7,
18,-29,
21,3,
27,21,
-1,-26,
6,-35,
13,-77,
-33,-50,
-56,-10,
-96,61,
-92,47,
-57,49,
23,21,
54,34,
25,12,
5,-26,
67,-56,
107,-28,
52,-29,
-37,-5,
-61,-55,
-29,-42,
-13,-2,
52,17,
18,18,
-12,19,
-49,4,
102,26,
26,2,
-32,11,
-127,64,
-134,-8,
22,-21,
56,-17,
82,15,
54,-26,
-10,-34,
2,-115,
69,-55,
48,-13,
7,-26,
-1,-34,
55,-5,
51,87,
18,29,
-7,-15,
-63,-27,
-26,-24,
58,-2,
78,40,
48,41,
-67,28,
-84,45,
4,48,
29,-6,
55,-10,
4,14,
11,11,
39,13,
18,-4,
-10,1,
3,41,
0,64,
-15,34,
28,-32,
36,-64,
10,-54,
-14,14,
-22,-32,
7,-87,
32,-33,
12,-8,
-11,68,
40,64,
-22,58,
26,72,
-37,-6,
15,-20,
-36,54,
-7,21,
53,-15,
119,11,
-4,103,
-93,59,
-19,-24,
38,-38,
39,14,
43,24,
45,39,
48,-12,
75,31,
86,-3,
-7,34,
22,69,
40,51,
19,35,
61,-8,
16,14,
59,-28,
35,-10,
52,17,
122,1,
58,-43,
30,-53,
0,0,
13,-19,
30,21,
-3,16,
-32,6,
-48,17,
20,8,
47,31,
98,33,
20,32,
-13,32,
13,20,
-45,45,
-49,42,
-12,-32,
-9,-27,
4,-5,
-65,-50,
-63,-24,
52,65,
120,771,
-408,3906,
-2197,7875,
-3161,7776,
-2030,5216,
1571,-720,
2089,-1970,
-499,-618,
-2526,-898,
-2836,-2477,
-1926,-2700,
-802,-1340,
328,-604,
1638,-939,
2799,-1359,
2179,-849,
623,-37,
-528,170,
-1052,-300,
-1312,-591,
-1888,-1084,
-1173,-399,
-371,-175,
285,-77,
372,32,
70,85,
-98,-222,
82,-532,
179,-509,
-22,-359,
-536,66,
-458,300,
79,389,
371,637,
470,250,
254,99,
196,-48,
65,-53,
-181,237,
-238,335,
-586,247,
-642,-151,
-370,-411,
28,-335,
198,-205,
84,-121,
-221,-99,
-238,111,
-29,165,
186,225,
206,47,
192,14,
326,-368,
214,-341,
214,-259,
113,-61,
110,-150,
-74,-498,
-190,-616,
-208,-368,
-208,-209,
-162,-192,
-135,-85,
-117,97,
-204,147,
-149,171,
128,23,
231,45,
300,166,
169,163,
84,168,
63,66,
90,19,
97,-45,
-6,-166,
-55,-282,
64,-307,
434,-365,
918,-385,
840,-169,
287,74,
20,141,
-17,70,
60,80,
52,166,
16,67,
-14,50,
43,92,
68,197,
1,258,
-13,154,
40,44,
123,21,
141,-8,
135,-36,
38,-62,
-13,-22,
16,32,
-94,-2,
-131,-4,
-183,-75,
-11,-63,
81,-102,
56,-50,
106,-36,
106,-86,
73,-3,
45,-15,
69,59,
59,73,
-16,34,
41,27,
69,-20,
109,33,
52,4,
88,-28,
73,-96,
75,-29,
51,27,
-2,26,
-71,13,
-106,-3,
-65,-17,
67,-10,
90,61,
90,-16,
111,-2,
129,58,
69,48,
163,20,
151,54,
154,71,
150,0,
108,-16,
88,-54,
25,50,
-25,20,
-45,0,
16,70,
-45,42,
-10,62,
28,44,
55,-72,
34,-30,
9,-60,
6,-14,
55,-5,
-19,-6,
4,13,
66,-33,
45,-42,
17,26,
9,-19,
61,-62,
122,-35,
61,55,
29,8,
-17,-28,
60,-23,
78,1,
00>
_________________________________
00>
RX Timestamp: 58867046682
00>
Clock Offset: -1595.593 Hz, 0.200 ppm
00>
RX Timestamp: 59938353651
00>
Clock Offset: -1800.156 Hz, 0.225 ppm
00>
_________________________________
Sequence Number: 75
00>
00>
Printing STS0 CIR
00>
00>
_________________________________
00>
-30,48,
61,63,
32,-44,
2,-72,
83,27,
91,-24,
52,-19,
1,70,
-22,73,
-36,-30,
-19,-74,
62,45,
-12,108,
-31,19,
55,21,
45,51,
66,49,
-8,-5,
-62,-2,
-20,21,
-14,40,
10,-15,
-4,35,
-72,60,
-41,151,
-37,12,
54,0,
6,-9,
44,35,
55,32,
21,4,
40,9,
17,-9,
12,9,
-33,-9,
-7,-44,
51,-40,
34,34,
38,40,
-14,22,
-6,56,
17,107,
6,27,
-14,-48,
36,-69,
37,-40,
49,44,
10,3,
-16,49,
27,-15,
85,54,
44,41,
19,-36,
-52,29,
38,59,
52,11,
10,-33,
25,-40,
-17,16,
33,-26,
-10,-52,
61,-21,
55,-8,
62,9,
66,-5,
16,11,
-24,107,
7,101,
54,32,
20,12,
1,14,
46,48,
57,78,
-27,19,
2,61,
65,14,
108,-51,
60,21,
19,-16,
-23,28,
-22,17,
38,-4,
80,-10,
37,12,
-56,45,
23,-12,
54,12,
154,60,
41,28,
93,-1,
53,29,
48,48,
19,4,
1,-19,
30,28,
71,18,
70,3,
-3,-42,
15,-54,
-45,49,
-91,61,
2,17,
49,36,
67,3,
21,21,
2,-10,
65,82,
-14,-24,
-7,-17,
71,7,
67,82,
59,0,
-51,-11,
7,39,
15,86,
66,36,
58,29,
28,11,
-12,-26,
18,8,
9,19,
43,22,
84,55,
21,-34,
0,-29,
61,-1,
25,33,
37,17,
-77,8,
5,7,
75,51,
0,39,
-9,3,
27,14,
90,-1,
23,-4,
-17,16,
-53,37,
-10,-11,
-37,-3,
-18,-78,
-22,25,
49,112,
61,38,
104,38,
93,8,
40,-24,
3,-39,
-27,-10,
-6,-20,
19,-2,
39,2,
30,-4,
28,-18,
21,47,
71,15,
92,9,
19,63,
24,38,
-95,8,
-10,-92,
61,-42,
3,-12,
82,27,
11,55,
-12,81,
3,75,
49,39,
60,-16,
22,9,
50,5,
73,105,
71,-10,
36,-88,
-27,-75,
-6,45,
-21,47,
-13,35,
52,79,
74,74,
15,15,
-8,5,
47,-28,
24,28,
60,-76,
101,-70,
22,-13,
17,-13,
9,-43,
-1,-18,
43,5,
11,6,
15,-34,
23,0,
77,30,
49,109,
-7,101,
-16,52,
39,10,
53,7,
5,50,
56,70,
3,18,
-40,-43,
33,64,
56,58,
45,-8,
25,-36,
75,-46,
52,27,
-83,-24,
6,-8,
9,50,
-37,59,
-51,70,
-82,5,
27,-39,
-26,8,
79,-47,
53,-9,
24,37,
71,23,
100,-58,
-9,24,
-53,45,
-33,17,
28,-79,
20,-67,
2,3,
-17,44,
-27,47,
-40,37,
29,18,
41,19,
67,6,
31,-37,
-32,-21,
-49,-9,
-7,-20,
25,41,
62,-14,
78,60,
18,31,
-28,-32,
56,-50,
-20,-49,
43,-35,
47,-44,
53,37,
33,21,
18,-19,
-36,39,
-28,17,
29,28,
35,-6,
11,22,
94,-20,
3,-26,
91,-42,
46,-18,
74,34,
19,-31,
43,-86,
-27,-48,
-102,60,
0,141,
69,22,
72,-53,
-11,-26,
-28,-9,
-25,5,
43,1,
24,49,
9,118,
45,2,
26,-53,
-8,63,
-26,123,
9,78,
80,-77,
134,-19,
32,-32,
-15,-30,
0,-115,
8,-99,
-32,-102,
48,-11,
95,12,
134,-20,
35,1,
-9,47,
31,11,
58,34,
43,-5,
61,-1,
-37,-22,
-68,-44,
-12,6,
35,-50,
17,-17,
19,-54,
-1,-57,
-32,19,
1,37,
14,62,
67,-16,
52,1,
-25,-29,
-83,-47,
-40,6,
-21,27,
25,-10,
7,37,
82,44,
14,-7,
62,-2,
82,6,
43,-20,
33,-11,
10,10,
13,68,
-1,19,
36,54,
6,38,
-38,4,
-59,70,
-105,4,
-18,10,
67,32,
46,-9,
54,67,
78,69,
11,84,
2,54,
14,-3,
10,33,
31,3,
-1,-15,
62,-61,
61,-41,
111,22,
109,17,
59,-7,
66,-69,
-14,-34,
13,5,
29,6,
38,60,
3,43,
9,-6,
17,-65,
24,59,
2,82,
3,13,
-172,-56,
-1280,-597,
-4332,-2457,
-6165,-4360,
-5205,-3921,
-1218,-448,
706,2081,
74,1162,
-262,-942,
929,-2136,
1754,-1914,
1333,-1080,
586,-202,
668,715,
985,1330,
746,1107,
194,343,
-152,-255,
53,-542,
521,-818,
683,-1359,
389,-1420,
137,-770,
32,-79,
5,40,
-56,-71,
-74,-39,
40,83,
192,232,
214,191,
70,43,
43,-174,
28,-46,
73,248,
130,401,
25,212,
98,22,
48,-11,
6,83,
60,-59,
154,-157,
263,-232,
202,-172,
81,12,
-46,83,
-108,41,
-81,35,
-31,83,
-44,72,
25,-34,
66,-54,
85,-38,
151,115,
167,193,
-20,137,
-135,73,
-162,21,
-74,111,
109,227,
256,289,
171,205,
225,94,
138,57,
-106,-34,
-173,-51,
-25,-159,
195,-334,
251,-296,
281,-132,
114,41,
82,138,
85,36,
-10,82,
-38,63,
-38,2,
108,26,
349,26,
433,74,
435,238,
283,385,
141,352,
-146,140,
-194,20,
-62,77,
-6,25,
77,21,
92,30,
88,59,
87,0,
119,-160,
95,-120,
122,-19,
82,43,
72,-7,
115,-15,
89,-41,
123,-48,
11,-13,
41,-13,
13,-42,
-1,-34,
66,-33,
156,77,
96,86,
29,111,
-53,136,
6,128,
30,66,
15,112,
21,118,
75,35,
-12,23,
78,24,
142,57,
93,40,
35,-10,
36,0,
-37,-3,
20,14,
10,10,
24,-43,
25,-28,
17,29,
-47,71,
19,176,
63,187,
79,125,
89,220,
51,189,
13,89,
-17,-22,
-39,47,
-52,104,
68,142,
153,107,
136,18,
65,-2,
-6,-47,
-15,5,
28,20,
57,59,
75,79,
16,108,
15,-33,
47,-56,
39,63,
97,146,
12,68,
13,30,
76,43,
80,33,
76,24,
96,14,
58,16,
58,5,
23,76,
-40,104,
-75,96,
00>
_________________________________
00>
00>
Printing STS1 CIR
00>
00>
_________________________________
00>
46,1,
14,-30,
80,3,
20,41,
34,-24,
88,-79,
92,-132,
-2,-48,
-16,-7,
-31,-31,
76,-8,
78,-25,
36,17,
46,-4,
50,40,
91,91,
84,7,
-8,-43,
-76,-78,
-18,13,
110,43,
-7,40,
-19,89,
-61,29,
-31,-24,
-19,-41,
4,24,
48,13,
27,-5,
-12,22,
46,36,
116,45,
113,52,
25,36,
-64,-26,
-7,69,
23,67,
-26,-28,
-26,-79,
25,10,
51,14,
103,56,
57,-9,
-21,-38,
10,5,
-15,-12,
88,-20,
27,19,
-40,-34,
-47,-30,
60,13,
17,24,
28,-3,
11,9,
41,25,
60,46,
-33,56,
-19,23,
-25,19,
7,8,
-58,101,
36,-20,
7,-8,
38,-13,
40,49,
12,11,
-51,30,
-15,49,
12,6,
25,-65,
-29,-36,
-60,-2,
-81,49,
8,1,
16,3,
-7,6,
-19,-15,
33,35,
75,96,
10,13,
66,-3,
77,6,
9,33,
6,-12,
43,20,
50,18,
55,-22,
54,-30,
36,13,
-42,-49,
-71,-9,
5,-29,
45,27,
85,12,
50,14,
-13,72,
8,4,
26,25,
70,48,
90,-21,
64,-4,
58,-21,
24,-16,
28,-13,
-6,13,
40,-27,
27,-68,
-6,-19,
23,-12,
59,15,
75,10,
78,8,
10,27,
29,74,
-14,22,
-7,-40,
46,-99,
61,-62,
-12,-54,
-2,38,
7,48,
27,-35,
56,-79,
-2,-44,
19,-46,
-10,-35,
15,-13,
40,50,
18,89,
33,30,
20,56,
38,87,
64,68,
105,12,
-12,29,
29,-17,
48,-22,
88,14,
61,-25,
56,2,
-17,43,
-19,28,
-21,-20,
-11,-9,
-11,4,
1,1,
10,-10,
51,80,
69,109,
-14,40,
-11,20,
15,29,
-26,0,
-22,-67,
57,39,
52,64,
9,0,
63,-41,
71,36,
41,41,
68,-59,
-35,-13,
-36,-21,
-66,-33,
-24,-12,
-22,36,
-2,77,
71,11,
47,-75,
-68,-43,
-103,-24,
32,42,
28,28,
4,120,
6,38,
26,-61,
-14,-66,
-30,-12,
68,18,
-54,-39,
-20,-34,
-2,55,
20,13,
29,20,
-4,4,
-26,34,
31,41,
-24,88,
-27,79,
-8,44,
23,19,
56,70,
66,-3,
-2,-84,
-32,-95,
16,-27,
14,0,
-23,20,
-15,33,
69,41,
139,-7,
8,-33,
-42,-22,
-5,-20,
34,-10,
24,-51,
15,9,
-26,-44,
-72,-47,
-7,-68,
18,41,
31,72,
40,-4,
-16,-89,
6,-27,
-6,51,
-17,-24,
49,8,
-13,-16,
-5,-25,
-41,-31,
-36,-11,
-17,-3,
31,4,
7,-65,
-28,-12,
-9,60,
10,-3,
-1,-52,
14,-72,
31,-16,
5,-16,
-60,24,
-12,-1,
48,0,
29,40,
-49,76,
-59,12,
-95,-13,
-6,-9,
62,30,
18,2,
13,36,
25,48,
56,64,
12,49,
-55,76,
-23,26,
19,-42,
-11,-36,
-9,-10,
-43,7,
-22,-1,
8,16,
70,60,
40,51,
66,-10,
36,39,
-43,44,
-59,-14,
-63,-34,
28,-45,
20,-119,
-61,-52,
-19,-72,
6,-42,
6,-36,
-11,-37,
-31,-13,
-19,-54,
37,7,
46,2,
73,33,
32,28,
16,28,
-73,-17,
-5,-3,
16,73,
-2,3,
51,37,
4,-15,
-7,-7,
16,-5,
-34,-49,
-5,-35,
20,-65,
22,24,
51,9,
33,56,
-66,-3,
-59,-24,
3,26,
-45,-56,
9,-134,
57,-49,
132,5,
94,-45,
10,-91,
-57,-38,
9,-67,
88,-2,
13,-21,
37,-23,
-1,22,
78,12,
51,4,
9,18,
1,-37,
-32,-52,
-19,-23,
29,14,
52,-18,
0,45,
35,-88,
-44,18,
-14,66,
-18,92,
13,53,
-22,56,
-9,-4,
60,21,
39,39,
-2,56,
-59,20,
-39,30,
-61,-32,
32,-8,
5,-40,
53,-33,
-1,-22,
-87,-28,
-26,-20,
58,19,
22,45,
16,16,
-27,-91,
18,-86,
-9,-46,
-28,14,
17,63,
-30,-34,
-49,0,
-82,-45,
-29,-21,
-28,-69,
4,-34,
25,8,
-1,7,
-67,-14,
-9,-60,
9,-88,
8,-61,
3,-17,
3,48,
-88,24,
-1236,-385,
-3996,-1979,
-6009,-3810,
-5157,-3268,
-1319,330,
883,2964,
38,1996,
-2078,-126,
-3802,-891,
-3827,-331,
-2202,561,
-523,736,
-71,-128,
-663,-1031,
-986,-1245,
-565,-693,
228,-258,
734,-64,
609,-472,
762,-817,
754,-659,
374,-66,
-84,395,
-319,256,
-212,-163,
-62,-234,
189,-130,
168,-59,
229,-77,
181,-39,
153,85,
273,314,
362,330,
379,386,
221,84,
226,-44,
231,-53,
301,3,
218,-47,
90,-110,
-114,-187,
-114,-293,
158,-203,
248,-167,
298,-31,
283,42,
163,51,
118,-73,
241,-63,
225,-18,
44,10,
-51,27,
-45,10,
37,9,
44,-2,
23,157,
108,260,
52,313,
-18,224,
-64,62,
-120,-111,
-109,-80,
-73,-28,
-20,-19,
154,-72,
235,-120,
272,-144,
225,-28,
83,-48,
51,-94,
42,-104,
136,-43,
190,80,
120,82,
196,44,
390,27,
559,35,
591,182,
488,251,
222,164,
4,11,
-115,-80,
-21,-43,
40,1,
81,94,
64,43,
-44,40,
-122,-42,
-149,-30,
-12,-19,
52,58,
122,71,
81,56,
60,31,
-7,54,
27,64,
55,-21,
54,-8,
92,-5,
83,49,
99,67,
33,-11,
-43,93,
11,48,
40,-55,
49,-10,
99,-62,
124,15,
116,13,
95,-58,
138,25,
122,108,
114,104,
17,70,
2,61,
58,-1,
100,16,
93,-70,
58,5,
38,48,
55,17,
54,50,
163,18,
85,76,
48,78,
46,47,
38,27,
118,38,
98,7,
61,-25,
1,-22,
115,20,
185,21,
25,13,
-5,84,
-12,78,
155,15,
109,-2,
213,-12,
202,9,
44,-6,
65,-6,
86,-61,
52,24,
40,-55,
7,2,
109,-34,
82,21,
74,10,
68,-28,
81,-11,
39,7,
35,40,
83,-27,
85,53,
128,48,
97,21,
00>
_________________________________
00>
_________________________________
Sequence Number: 78
00>
00>
Printing STS0 CIR
00>
00>
_________________________________
00>
67,117,
30,-7,
-29,-19,
17,-16,
-33,-28,
25,-6,
-62,-74,
-27,-60,
4,-9,
16,10,
-7,-10,
-11,35,
0,20,
4,-20,
28,-7,
-10,0,
-13,58,
-47,48,
-30,-27,
-39,-46,
17,14,
11,64,
-4,14,
18,29,
-12,-62,
8,-30,
-7,31,
-57,7,
-56,-70,
37,-22,
-6,-35,
-15,-3,
25,-56,
2,-39,
-10,10,
-5,41,
32,54,
-10,24,
-15,37,
-23,41,
32,33,
26,19,
52,54,
-8,-20,
-35,-2,
-21,-23,
-7,6,
51,-10,
59,-65,
26,-53,
34,71,
-19,59,
-20,30,
11,2,
-10,23,
34,-39,
-1,34,
8,24,
74,12,
32,5,
5,-38,
28,-49,
9,6,
24,24,
6,-49,
47,-29,
-22,-38,
3,-17,
39,-24,
60,-13,
-8,61,
47,42,
92,-9,
116,-8,
69,-10,
-8,-5,
-48,-31,
-1,-11,
-13,7,
-16,80,
-7,-22,
5,-47,
44,-29,
-4,-33,
29,61,
-14,65,
50,71,
79,1,
11,11,
21,18,
19,15,
0,13,
-63,-11,
3,-13,
-11,-12,
1,66,
-82,50,
-10,62,
53,-45,
66,-82,
113,-89,
84,-53,
0,-5,
62,21,
108,-58,
45,-16,
-1,-6,
30,-39,
20,-19,
-14,14,
-9,-5,
-7,0,
-55,-55,
-6,11,
47,10,
85,31,
32,4,
23,-6,
4,-1,
12,-57,
91,9,
139,-8,
17,14,
15,-8,
-73,-34,
27,-3,
-33,-14,
-34,42,
-46,24,
27,23,
57,40,
22,32,
-28,39,
10,41,
1,76,
-28,31,
-87,27,
-41,46,
-75,6,
22,-14,
34,21,
-21,-2,
-6,-3,
-18,-6,
-10,-26,
43,-43,
-62,25,
-55,12,
-136,-9,
-61,0,
-14,0,
25,-4,
36,-26,
38,-81,
41,-1,
-27,24,
-14,56,
18,54,
-16,10,
50,97,
-14,31,
-8,39,
20,7,
26,-21,
-13,-59,
-22,-8,
10,-24,
88,35,
-8,5,
-35,11,
-10,-13,
-12,-51,
-21,-54,
0,8,
-5,42,
51,30,
-56,-34,
-16,5,
-30,19,
10,-22,
-27,55,
-8,73,
31,-49,
67,2,
127,-16,
96,-15,
50,-17,
-11,-10,
-38,-13,
-65,34,
-29,31,
-84,76,
18,2,
35,18,
29,4,
34,23,
9,20,
-7,29,
-32,-14,
-51,58,
-77,70,
-37,26,
-60,35,
-12,-40,
55,4,
46,6,
27,47,
38,46,
26,65,
-39,-12,
-23,-12,
-39,24,
-39,58,
-7,41,
-32,-23,
32,-121,
108,4,
158,-33,
69,0,
11,-12,
23,-18,
-35,11,
-39,-44,
-82,23,
-39,19,
-39,-16,
-42,23,
-17,115,
-12,-14,
10,-48,
-6,-12,
36,95,
50,40,
79,-2,
-1,4,
2,12,
-28,-59,
14,30,
36,39,
-38,50,
-74,26,
-30,-17,
-5,44,
-8,82,
21,22,
-26,-4,
-22,-85,
-13,34,
10,-3,
29,-18,
15,-8,
-20,-19,
9,19,
-25,22,
-27,11,
22,-34,
27,-50,
-7,47,
-10,33,
-48,70,
3,34,
-23,-14,
-7,-21,
-79,-11,
-56,-12,
-12,19,
22,57,
15,-26,
-46,-15,
18,13,
13,-35,
76,-46,
33,8,
35,61,
28,-6,
25,-46,
-11,-34,
37,7,
-27,16,
-42,-33,
49,-27,
47,-58,
34,-31,
20,46,
44,21,
32,24,
-7,13,
5,27,
28,43,
-29,-53,
32,-13,
-30,31,
1,60,
53,-9,
91,-25,
21,41,
-104,16,
-25,30,
-25,43,
49,-6,
20,-17,
39,-19,
-35,10,
-71,65,
14,77,
-27,27,
-11,-41,
-40,-25,
12,45,
25,-4,
46,44,
51,-3,
-37,-32,
-17,-34,
35,32,
-48,27,
-13,-146,
-36,-19,
9,14,
-18,-28,
15,-59,
-18,-52,
15,-35,
4,54,
-21,126,
-27,56,
6,59,
63,-26,
7,25,
-23,-6,
-49,-61,
-3,38,
63,-16,
-39,-23,
-25,-1,
51,54,
54,33,
6,-4,
12,9,
4,-78,
19,-76,
35,-8,
-30,-7,
34,4,
61,21,
34,15,
17,-39,
-20,-14,
14,46,
-35,15,
-16,15,
43,47,
-5,22,
-10,4,
51,0,
-5,0,
-41,-21,
-51,-27,
-387,-662,
-1827,-4988,
-2141,-8042,
-1564,-8107,
-829,-7442,
78,941,
236,3493,
82,733,
-401,-151,
-1662,1352,
-2230,2940,
-843,1776,
599,-289,
1782,-2091,
1749,-2031,
736,-689,
5,212,
45,306,
840,-192,
1313,-247,
1736,-297,
532,17,
-149,714,
-215,474,
-106,99,
-13,-261,
212,-49,
232,313,
320,329,
310,323,
170,141,
85,101,
83,192,
203,393,
88,45,
-14,26,
-260,126,
-238,71,
28,169,
190,149,
388,105,
588,15,
626,30,
497,-68,
323,83,
127,311,
-221,383,
-286,261,
-156,61,
-125,-106,
-46,-21,
-118,1,
-82,75,
26,212,
74,314,
87,175,
61,181,
-112,168,
-264,84,
-192,-80,
-35,-193,
97,-243,
117,-168,
31,-254,
-90,-374,
22,-399,
96,3,
105,37,
179,284,
243,292,
261,463,
22,253,
-175,82,
-155,96,
-77,370,
57,544,
-45,596,
-388,870,
-576,849,
-408,369,
-195,95,
-29,-149,
59,-23,
66,-2,
101,132,
118,177,
137,93,
110,112,
70,113,
75,100,
17,97,
-62,101,
-52,-13,
-76,32,
-11,-16,
-73,44,
-46,54,
-27,244,
40,51,
65,40,
33,-18,
60,98,
40,244,
-30,149,
-7,32,
-60,-52,
-29,-7,
-5,102,
19,128,
52,37,
55,71,
4,45,
4,48,
-83,126,
-11,34,
-31,33,
-37,68,
2,98,
44,115,
-26,91,
31,90,
38,82,
-7,73,
1,3,
-9,-31,
-23,-93,
-63,15,
-26,13,
0,-12,
-71,67,
-31,7,
9,-1,
-23,11,
-31,169,
46,139,
19,-2,
34,-5,
25,1,
146,-19,
112,41,
90,66,
38,25,
55,8,
109,-3,
34,-15,
24,78,
83,-1,
63,-23,
77,-10,
39,67,
85,113,
37,60,
25,-18,
-30,-3,
00>
_________________________________
00>
00>
Printing STS1 CIR
00>
00>
_________________________________
00>
43,44,
19,9,
-43,16,
-31,26,
28,51,
30,87,
-36,38,
-19,-6,
26,-35,
90,-3,
23,61,
-44,79,
-27,49,
-19,53,
57,-9,
81,51,
59,92,
16,112,
36,50,
11,7,
66,-5,
-15,64,
-85,43,
13,4,
76,33,
67,31,
12,-20,
-54,44,
26,22,
38,47,
27,20,
-38,-6,
-43,-19,
-32,43,
30,66,
-2,63,
-26,30,
52,-3,
27,38,
37,52,
13,-13,
31,0,
35,-30,
22,-22,
51,39,
19,98,
11,76,
-1,11,
-61,5,
-31,-33,
22,-9,
-14,43,
-3,13,
96,-1,
-8,-38,
38,-21,
38,-13,
57,21,
-41,-71,
-31,-57,
-57,-62,
56,48,
-5,46,
32,93,
50,90,
-24,33,
-29,7,
-18,-5,
-25,48,
2,74,
24,26,
80,32,
104,13,
65,41,
38,103,
29,1,
59,11,
95,-30,
5,-9,
37,43,
29,52,
36,64,
-3,78,
-32,-5,
-57,37,
-32,41,
22,24,
48,30,
10,-30,
44,5,
52,-13,
27,69,
33,10,
-6,-3,
-28,17,
-1,40,
40,18,
1,35,
-16,9,
43,-21,
23,-8,
28,4,
-1,79,
52,80,
-19,5,
-96,16,
50,54,
89,8,
95,-56,
30,17,
-28,23,
-54,92,
-34,17,
-5,-30,
-9,37,
19,58,
12,53,
5,83,
-22,64,
-33,4,
14,57,
44,36,
17,6,
-1,25,
36,30,
-2,34,
51,3,
-8,7,
1,71,
-39,66,
-25,-27,
-57,6,
-20,44,
-10,99,
74,15,
37,31,
55,38,
40,12,
16,46,
78,5,
41,36,
32,26,
88,12,
71,17,
-8,2,
-75,-43,
-50,30,
3,35,
36,62,
25,11,
18,-8,
-4,64,
-120,26,
-100,28,
-10,66,
20,35,
0,42,
9,1,
50,-56,
46,-34,
34,9,
6,1,
-11,13,
-7,76,
27,68,
45,53,
52,19,
-8,21,
-107,20,
-61,37,
-51,66,
-35,8,
-3,-39,
-15,3,
-33,13,
-12,-9,
10,-39,
-62,-53,
-12,4,
-16,54,
35,76,
57,6,
-1,-15,
-14,16,
63,8,
17,32,
36,8,
-12,59,
-5,59,
37,31,
21,3,
-64,62,
-43,56,
4,7,
53,-63,
60,54,
28,60,
4,-4,
-31,8,
32,81,
103,63,
52,30,
-49,40,
-34,70,
-21,39,
-7,85,
32,115,
72,33,
49,-54,
18,-13,
37,18,
75,46,
3,27,
51,58,
80,78,
77,38,
38,18,
0,26,
-80,8,
-14,8,
32,48,
25,-5,
34,41,
15,4,
30,-4,
-10,36,
7,27,
-28,6,
3,23,
91,17,
51,-17,
87,-10,
9,34,
-11,5,
-3,53,
8,50,
-13,0,
-32,-18,
-70,-47,
-29,6,
37,43,
6,-5,
-19,7,
22,67,
42,86,
46,63,
38,76,
34,53,
-19,5,
-74,4,
-53,13,
-55,55,
-65,91,
20,39,
39,66,
2,54,
-9,-26,
-22,12,
-25,29,
-35,16,
15,42,
9,21,
-23,-4,
-4,-26,
-84,23,
-45,-6,
1,19,
-40,62,
-35,67,
4,49,
55,-8,
47,30,
31,14,
-7,4,
-13,38,
33,24,
76,23,
77,0,
41,40,
71,39,
23,16,
-1,19,
123,-65,
39,32,
46,34,
58,8,
42,23,
35,9,
77,-37,
-21,-20,
28,31,
-24,90,
38,55,
33,13,
47,-20,
-34,-47,
3,-2,
-23,37,
-60,48,
34,-25,
35,-30,
-10,3,
-17,-27,
23,-73,
0,-25,
32,-21,
0,23,
1,57,
23,101,
75,88,
82,20,
63,45,
2,19,
9,19,
-54,-37,
-63,-17,
-1,5,
54,29,
7,30,
-32,-63,
-12,-6,
4,20,
9,71,
-6,69,
-82,-37,
-24,-39,
36,34,
-41,13,
-42,37,
-54,-7,
58,29,
3,4,
8,22,
46,23,
88,22,
101,37,
51,35,
-34,33,
42,44,
23,110,
45,27,
-7,55,
20,-11,
-15,-31,
32,-35,
14,9,
-59,0,
-104,44,
-21,28,
67,-5,
22,-27,
-5,-33,
-43,-36,
-6,-51,
23,-34,
25,57,
23,37,
-56,-1,
-478,-582,
-1755,-3916,
-2284,-7842,
-1476,-7909,
-847,-4773,
-776,1536,
-485,2390,
707,196,
2611,-302,
3723,866,
2839,1219,
1133,622,
10,600,
-809,1552,
-1465,2323,
-1270,1485,
-428,242,
483,-500,
1240,-176,
1801,-47,
2078,-65,
1144,-307,
231,-9,
-178,281,
-328,212,
-78,7,
150,203,
159,463,
93,410,
242,143,
472,-417,
223,-510,
-214,-255,
-647,-238,
-570,87,
-304,79,
-51,266,
39,102,
18,-248,
62,-338,
373,-448,
617,-208,
455,153,
38,257,
-94,219,
47,106,
234,-73,
264,-123,
4,-138,
-218,-131,
-171,108,
-64,147,
29,529,
39,413,
-71,287,
-101,117,
69,198,
368,312,
513,314,
395,133,
289,39,
237,68,
158,43,
17,-55,
85,-137,
145,1,
-51,86,
-250,45,
-376,108,
-267,-36,
-96,-66,
-40,-19,
-53,47,
84,109,
197,237,
165,240,
99,313,
-144,526,
-501,666,
-458,362,
-186,56,
27,-130,
44,-70,
24,-19,
54,-174,
17,-98,
-40,-71,
-45,10,
-64,-11,
-28,-73,
25,-6,
25,18,
-8,40,
-84,97,
-77,45,
-28,9,
-20,12,
-106,99,
-51,20,
-52,50,
-4,31,
105,3,
8,65,
-34,91,
-21,44,
-26,-6,
-72,-40,
-71,-11,
-68,-34,
-21,58,
5,120,
-47,133,
-99,35,
-78,18,
-34,10,
-5,10,
-23,78,
-22,46,
32,23,
51,66,
119,89,
90,105,
99,59,
-16,41,
-16,44,
-48,46,
-66,80,
-131,94,
-51,55,
-61,90,
-97,72,
-99,45,
-94,128,
-87,122,
16,49,
10,-6,
16,-21,
57,-73,
59,-72,
-18,-19,
20,58,
15,55,
-15,69,
-30,31,
-15,56,
5,111,
56,16,
38,26,
-2,48,
-64,46,
-44,56,
-66,-23,
-84,15,
-9,0,
00>
_________________________________
00>
RX Timestamp: 198885067921
00>
Clock Offset: -2160.931 Hz, 0.271 ppm
00>
RX Timestamp: 199956673906
00>
Clock Offset: -1041.412 Hz, 0.130 ppm
00>
_________________________________
Sequence Number: 211
00>
00>
Printing STS0 CIR
00>
00>
_________________________________
00>
51,39,
-26,5,
-14,25,
-47,-4,
32,-10,
19,-12,
38,-20,
-49,-54,
-80,-41,
-38,-19,
9,21,
29,-51,
-10,-26,
-14,-19,
17,10,
-4,41,
-19,-16,
40,-72,
35,-82,
51,-52,
71,3,
9,14,
30,0,
-19,-17,
-8,-10,
35,7,
14,33,
-48,-4,
-16,35,
31,76,
59,32,
25,8,
12,-11,
2,-21,
93,-24,
57,3,
-24,11,
-25,7,
27,47,
-8,-1,
-65,-43,
-4,-46,
48,-45,
18,-53,
-3,-28,
7,-23,
22,3,
-37,59,
15,47,
59,-16,
8,-36,
25,-5,
10,44,
-16,11,
7,-26,
-35,14,
-8,-27,
21,-29,
29,-48,
-8,24,
-49,-8,
-3,34,
-5,-60,
34,42,
33,27,
44,20,
-90,73,
-82,44,
-60,38,
-20,15,
-61,62,
-47,42,
-3,42,
25,15,
37,15,
38,-41,
27,16,
-67,-31,
-16,-22,
25,-12,
67,-32,
39,46,
-37,40,
-59,24,
-29,-6,
28,-31,
-16,11,
1,10,
-3,-14,
49,-46,
56,-27,
29,8,
53,-27,
-11,-19,
3,15,
-48,4,
-16,57,
20,66,
-9,33,
-43,-4,
-47,5,
-27,-22,
-1,-18,
35,-21,
42,-15,
-4,-55,
49,-47,
52,25,
-56,21,
-6,33,
-1,20,
-42,29,
15,7,
-16,59,
-30,27,
1,-22,
-26,14,
45,-75,
34,14,
21,12,
7,14,
7,-7,
23,-30,
-1,43,
21,-50,
21,-15,
45,-11,
50,4,
3,18,
-15,31,
124,-18,
90,-29,
87,-36,
-4,1,
-15,-20,
-10,-45,
-1,-61,
45,75,
93,56,
35,14,
47,16,
-22,14,
53,63,
20,107,
-4,50,
73,52,
49,9,
36,23,
10,47,
-36,4,
-20,58,
9,39,
21,32,
25,-19,
-27,3,
-39,-10,
17,26,
95,49,
41,60,
4,-12,
-13,-48,
-6,28,
116,14,
97,-8,
104,1,
37,23,
33,-31,
31,-20,
22,65,
-10,39,
-13,25,
-53,29,
9,-1,
39,35,
15,17,
14,3,
43,15,
2,-62,
-84,12,
35,-21,
81,-19,
88,-51,
11,-4,
-29,9,
15,8,
16,-7,
8,-32,
38,22,
23,-26,
31,-17,
-53,-13,
0,-19,
28,-40,
-3,-14,
-7,30,
12,54,
-19,13,
2,25,
33,-26,
21,-1,
-30,-16,
20,-5,
35,-61,
35,-19,
-16,14,
-12,-16,
-46,51,
25,50,
41,27,
15,-3,
-12,40,
2,9,
-45,-1,
16,-29,
-1,-46,
-2,-48,
-17,11,
-4,-42,
17,-80,
5,-44,
-20,-6,
-27,30,
24,-15,
-13,36,
-4,5,
25,18,
19,6,
94,-8,
53,-2,
-17,-16,
5,14,
2,23,
49,12,
54,-58,
72,-31,
47,-32,
56,5,
42,11,
36,-24,
0,-64,
-20,-32,
-10,20,
14,-15,
-50,14,
0,7,
-7,15,
-1,-11,
1,-15,
4,23,
51,36,
-12,1,
28,41,
-1,21,
5,25,
-63,-6,
-38,-7,
38,-9,
64,1,
90,-57,
4,-13,
47,-49,
-7,1,
-58,39,
15,22,
27,26,
32,-20,
-35,38,
21,28,
6,25,
51,14,
-3,-11,
30,-35,
27,-48,
49,31,
23,50,
-2,13,
43,-49,
-7,-19,
-77,12,
-5,-37,
9,-31,
82,-4,
79,34,
66,19,
10,-18,
20,0,
73,7,
10,1,
-31,-3,
-36,18,
11,-3,
14,40,
-2,44,
30,59,
49,50,
40,13,
12,-33,
-19,-25,
-77,28,
-22,7,
10,-15,
34,75,
45,64,
39,36,
25,-12,
-41,-27,
36,3,
32,0,
78,-14,
28,39,
-7,73,
-4,44,
29,23,
55,-25,
28,96,
3,30,
10,35,
-4,-33,
-26,14,
53,19,
4,0,
42,-59,
35,11,
49,-22,
101,24,
34,36,
-59,-7,
-23,8,
1,26,
19,33,
7,8,
3,16,
3,2,
-19,-18,
17,-6,
24,12,
50,-35,
-25,-49,
-19,25,
-59,27,
-82,40,
93,63,
77,57,
45,57,
58,8,
93,2,
43,9,
-44,-2,
-5,21,
13,-38,
20,52,
31,39,
132,159,
855,1636,
2865,6837,
2520,7907,
1809,7748,
548,897,
914,-2582,
733,-739,
-313,1071,
-2513,1446,
-3336,587,
-1731,114,
-458,-164,
-84,-970,
-38,-1934,
92,-1538,
116,-350,
24,443,
-559,503,
-1197,391,
-1820,630,
-1198,856,
-735,849,
-175,16,
-53,-29,
-56,136,
43,179,
53,-33,
6,-266,
-17,-293,
-61,-103,
-84,126,
-20,-27,
89,-209,
236,-396,
175,-88,
-73,-21,
-68,21,
10,-12,
-10,-43,
-215,40,
-411,169,
-279,50,
11,-97,
141,-101,
153,-83,
51,-76,
46,-106,
-13,-45,
-34,-68,
-63,-6,
-49,10,
-79,-96,
3,-266,
219,-213,
274,10,
137,130,
52,-50,
-8,-288,
-2,-329,
-18,-235,
-8,-215,
49,-60,
131,137,
104,109,
-32,140,
-396,91,
-388,93,
-282,-3,
-80,-47,
8,-121,
52,-166,
82,-90,
224,-83,
120,-119,
-181,-196,
-208,-231,
-260,-391,
-206,-626,
4,-595,
106,-273,
270,17,
223,73,
63,1,
-10,-26,
-25,-108,
13,-86,
-49,-63,
-57,26,
-153,76,
-193,61,
-64,-26,
-48,-54,
-28,-89,
-93,-93,
-53,-38,
-85,13,
-21,-18,
-21,12,
42,8,
5,-7,
-27,-31,
-61,-114,
0,-93,
28,-64,
151,-71,
110,-110,
102,-86,
72,-78,
42,-99,
7,-100,
-37,-119,
-51,-83,
-66,-132,
62,-79,
52,-3,
52,-41,
44,-99,
60,-60,
4,-37,
45,-57,
-3,-45,
-18,-110,
-8,-88,
-7,-114,
77,-162,
92,-281,
103,-257,
64,-126,
6,-41,
-58,-76,
-5,-6,
54,-50,
77,-95,
20,-74,
-19,-68,
37,-65,
3,-85,
32,-113,
24,-92,
28,-46,
61,-64,
17,-68,
6,-57,
17,-70,
-30,-74,
-42,-22,
-54,-13,
-57,-64,
-32,-82,
-27,-77,
-27,-81,
6,-95,
60,-145,
59,-146,
26,-69,
34,17,
1,-16,
54,-12,
62,-76,
00>
_________________________________
00>
00>
Printing STS1 CIR
00>
00>
_________________________________
00>
-3,-41,
-45,-43,
2,-11,
71,-8,
72,-6,
25,24,
-49,20,
-48,9,
48,-25,
-22,-43,
-65,-100,
28,-42,
17,10,
-3,21,
13,-9,
1,52,
28,10,
19,3,
13,-40,
-24,-22,
97,55,
68,2,
46,-7,
-41,-38,
-11,33,
8,-2,
4,8,
36,34,
48,39,
22,46,
1,15,
25,-19,
23,43,
32,-54,
-11,-18,
24,15,
66,41,
10,37,
-15,55,
-32,18,
-40,14,
18,-14,
10,-9,
22,44,
-6,-16,
0,-23,
6,-27,
7,-12,
26,77,
-11,28,
46,87,
85,-13,
59,-19,
12,-18,
-28,-31,
-57,20,
-19,-12,
-9,12,
-5,-11,
21,17,
9,2,
-9,31,
30,41,
-4,34,
-18,43,
33,62,
0,13,
28,50,
27,47,
12,13,
-5,17,
-49,7,
-32,42,
36,66,
18,-21,
6,45,
-11,28,
11,17,
-9,40,
-23,15,
3,52,
-23,52,
-32,6,
-38,-11,
15,-14,
11,-7,
16,25,
-42,54,
-25,-16,
57,-23,
74,10,
80,5,
54,39,
-4,31,
33,10,
-21,-19,
10,-9,
-39,47,
-69,40,
-61,1,
-11,20,
30,30,
21,-79,
-52,-20,
1,-71,
-12,34,
19,31,
18,11,
10,13,
1,49,
-2,20,
5,-8,
26,1,
70,2,
42,-30,
72,-2,
-20,-23,
1,23,
-44,60,
-53,43,
-1,-18,
24,-90,
64,-43,
29,-9,
-24,-14,
-17,-11,
-45,23,
-32,4,
-14,-10,
-2,-35,
-25,60,
20,24,
23,27,
20,17,
30,-28,
-29,16,
-15,-36,
6,-6,
32,-44,
5,18,
-71,25,
-74,2,
-13,55,
5,76,
-24,-31,
-11,-15,
-23,48,
-64,34,
-67,-5,
-68,-29,
29,-10,
83,31,
-1,-53,
-15,-52,
-21,23,
-14,32,
25,18,
25,34,
-1,42,
-10,87,
-7,28,
28,47,
25,-4,
-6,-6,
12,-16,
-46,23,
-60,25,
-17,-4,
-7,-38,
7,-18,
59,25,
6,-11,
9,6,
-27,10,
-24,8,
12,36,
25,38,
15,62,
-6,26,
12,2,
2,10,
37,9,
19,-5,
7,6,
-18,-26,
-12,33,
-32,27,
-3,54,
-28,59,
-2,4,
-11,3,
-5,23,
42,-18,
3,11,
-23,-29,
72,-24,
74,-6,
31,12,
-10,44,
0,35,
13,29,
-32,49,
-56,-4,
-35,-12,
-23,-17,
44,13,
17,10,
-45,38,
-29,14,
51,-37,
-8,-50,
-3,-29,
-24,69,
46,31,
48,61,
21,0,
36,-6,
10,8,
37,-10,
63,4,
65,58,
83,11,
17,-4,
53,-12,
38,18,
23,0,
100,-15,
28,12,
-2,29,
-33,21,
-53,11,
-109,26,
-35,40,
11,1,
82,-35,
76,-61,
36,36,
-9,7,
9,-26,
-9,-3,
-6,2,
-80,-12,
-63,34,
-46,-5,
-37,13,
-1,31,
56,-4,
39,11,
-53,-1,
-9,7,
-17,35,
6,17,
-41,62,
-25,49,
8,26,
31,27,
29,-4,
17,-35,
-23,19,
-49,-19,
-12,1,
29,23,
-24,96,
-51,27,
-78,36,
-31,11,
-9,17,
-9,31,
-42,46,
-2,20,
-34,21,
-13,-29,
-12,10,
-37,45,
-40,-47,
27,-5,
31,-23,
-17,12,
-34,26,
6,17,
-19,1,
35,37,
17,18,
-42,-52,
-40,2,
-1,44,
-1,54,
26,42,
19,-2,
-11,0,
-40,60,
-24,41,
-12,-27,
-14,-4,
46,-1,
12,-43,
-53,-7,
-9,27,
-10,41,
-38,25,
-21,39,
-3,29,
-19,35,
-9,0,
53,7,
16,-70,
28,-48,
56,-12,
70,14,
-5,68,
-7,75,
-10,49,
-3,25,
-51,19,
-19,60,
30,66,
53,37,
7,55,
3,27,
37,-61,
59,-29,
57,51,
26,-20,
53,0,
28,22,
61,38,
0,39,
-63,27,
-54,-40,
31,-28,
62,-40,
17,23,
11,6,
24,19,
56,49,
58,21,
-9,-8,
25,79,
65,58,
74,-12,
68,18,
50,1,
-15,29,
-5,-26,
65,-34,
86,-103,
73,-78,
59,-66,
-21,-34,
23,20,
21,34,
39,9,
222,201,
1011,1426,
2685,5930,
2644,7824,
1892,7005,
1133,173,
1815,-3353,
1962,-1228,
2303,1985,
3314,4224,
3755,3548,
2461,1113,
873,-37,
132,340,
-26,1475,
-66,1761,
-171,800,
-417,-111,
-739,-477,
-826,109,
-1329,210,
-943,-48,
-295,-321,
497,-278,
581,185,
300,451,
-88,256,
-295,-35,
-221,-122,
-113,-86,
-87,-144,
-58,-248,
-39,-336,
-95,-464,
-75,-507,
-67,-62,
-258,-155,
-316,-220,
-307,-350,
-261,-122,
-178,30,
-51,368,
-114,366,
-368,114,
-310,-28,
-228,-137,
-172,-244,
-133,-176,
-160,-90,
-229,-92,
-223,-79,
-64,-21,
6,-3,
-29,-4,
-71,-28,
19,-74,
40,-177,
239,-308,
308,-339,
334,-61,
85,65,
20,114,
15,156,
114,101,
49,119,
-121,31,
-389,-35,
-277,-32,
-173,-72,
-23,-49,
-19,84,
-113,2,
-209,-80,
-162,-151,
-124,-185,
-246,-295,
-269,-261,
-319,-375,
-281,-684,
-117,-778,
23,-285,
172,33,
191,213,
92,72,
65,-10,
-10,-94,
-20,-173,
58,-34,
161,52,
141,57,
58,-51,
-35,-193,
-36,-164,
-32,-123,
36,-50,
55,-1,
-22,44,
-94,28,
-53,25,
24,4,
23,7,
40,-2,
-15,-149,
12,-155,
-64,-63,
-80,-82,
-137,-31,
-140,-44,
-78,-18,
-80,-47,
-110,-82,
-119,-102,
-63,-80,
-27,-109,
-39,-96,
32,13,
-21,3,
-80,-41,
-101,-124,
-81,-100,
-67,-141,
-114,-166,
-138,-172,
-197,-164,
-46,-36,
-39,-36,
-14,-50,
19,-54,
-19,-40,
-8,-54,
-88,0,
-77,24,
-48,-53,
-3,-116,
-5,-163,
-20,-77,
-148,-89,
-90,-152,
-66,-167,
-92,-119,
-29,-96,
-56,-22,
-71,12,
-61,-70,
-25,-80,
-63,-51,
-49,-36,
-91,-2,
-78,-1,
-54,-63,
-37,-58,
-59,-24,
-92,-60,
-67,-73,
-54,-78,
-103,-49,
-53,-9,
-26,-32,
-35,-46,
-18,-88,
00>
_________________________________
00>
_________________________________
Sequence Number: 214
00>
00>
Printing STS0 CIR
00>
00>
_________________________________
00>
21,-21,
33,5,
60,4,
78,-50,
35,-30,
-23,-50,
9,-35,
22,-72,
19,-88,
-73,65,
9,80,
36,20,
-10,53,
-42,83,
-23,42,
7,-6,
52,-17,
67,-57,
2,-52,
10,-18,
-12,29,
38,39,
42,-14,
46,-3,
69,53,
36,30,
-14,-7,
30,40,
45,51,
73,93,
17,15,
48,-4,
-10,-3,
-40,3,
-12,23,
-13,2,
1,5,
-59,62,
24,42,
58,60,
32,53,
-30,-30,
-58,38,
-61,-37,
3,-43,
-7,0,
36,-22,
22,24,
-2,-22,
-17,-47,
-10,13,
-41,6,
-7,-3,
65,-28,
33,8,
44,38,
8,21,
-31,15,
-34,-49,
49,-3,
25,29,
-53,-16,
17,-30,
-2,-28,
-49,-22,
46,35,
46,21,
-17,3,
25,16,
-17,-39,
-1,-23,
12,-13,
50,-49,
36,41,
-35,1,
-67,-42,
33,-36,
35,31,
10,30,
0,70,
-6,29,
-46,-7,
-53,-84,
11,-44,
64,8,
50,39,
-29,-19,
-10,-19,
9,-10,
-18,-21,
21,-14,
-43,-38,
15,0,
61,19,
17,42,
-20,26,
34,37,
46,-26,
-10,-27,
26,10,
29,20,
13,5,
65,16,
80,106,
21,10,
-33,-37,
-26,-65,
-34,10,
-25,-33,
-3,-33,
83,-36,
5,-5,
19,-56,
48,-64,
5,-1,
-11,63,
-40,49,
-9,23,
27,-29,
-3,-26,
-20,-35,
13,-20,
-1,70,
31,34,
-11,26,
-25,8,
-11,-77,
-44,-56,
30,-47,
10,-69,
11,-75,
-33,-72,
46,-6,
4,20,
-9,0,
-20,70,
-7,24,
64,-85,
15,-81,
-14,-23,
36,-26,
44,57,
10,-20,
-64,-3,
11,-34,
39,18,
-37,15,
-39,-28,
-24,-61,
14,38,
21,110,
-2,118,
-59,22,
-13,-6,
56,-29,
29,-38,
13,-41,
-21,-35,
43,-22,
28,-54,
-24,-12,
35,52,
-20,30,
-39,-15,
4,-25,
-77,-9,
-5,-37,
7,-47,
-1,-4,
17,-18,
36,-46,
-4,15,
6,3,
39,24,
3,-6,
42,-13,
33,-40,
34,-45,
23,-38,
33,-12,
0,76,
-19,88,
35,49,
16,27,
14,2,
10,-33,
29,20,
41,-1,
22,13,
-33,-44,
51,-71,
26,-35,
-5,-43,
-6,19,
-13,44,
24,-40,
-1,7,
27,115,
1,105,
-29,56,
-63,41,
-17,-10,
13,8,
8,36,
11,0,
39,-17,
32,18,
-9,-20,
0,-17,
-10,-12,
5,-34,
47,5,
-21,16,
47,30,
-30,25,
-2,47,
22,-14,
-22,-17,
-31,-5,
10,-14,
24,-32,
53,-22,
34,-21,
31,-50,
30,-13,
69,7,
-4,-30,
-53,-10,
-36,-46,
-8,-87,
22,14,
7,51,
9,-11,
12,-45,
36,-81,
2,-73,
-20,-10,
-35,75,
16,41,
36,46,
21,29,
23,14,
22,-15,
-47,-29,
-24,4,
-28,-35,
4,-75,
1,-58,
-18,2,
-16,30,
-35,-11,
0,-49,
-32,2,
8,42,
-22,57,
7,42,
-87,-1,
-6,15,
-80,26,
2,-7,
-18,6,
-3,-37,
47,-8,
21,-26,
38,37,
24,16,
-42,8,
10,-17,
20,6,
-20,-74,
52,-52,
0,-8,
25,0,
37,-55,
37,-40,
-5,1,
39,-16,
49,29,
-2,41,
-2,64,
-41,70,
2,6,
-6,-35,
19,-26,
36,-42,
44,-72,
29,-4,
2,-32,
2,-39,
71,-20,
-14,-30,
-47,-37,
-50,41,
31,-11,
52,-54,
29,-7,
57,40,
-3,47,
11,75,
41,9,
-16,6,
15,-58,
99,-18,
126,0,
20,13,
36,-24,
-42,-71,
-13,16,
-15,10,
18,-18,
1,18,
15,36,
-25,28,
32,14,
94,-43,
28,-50,
-42,-31,
-29,25,
23,65,
57,3,
-4,-18,
-18,-52,
-5,-46,
20,39,
-7,19,
8,48,
49,-2,
44,-21,
17,-41,
-28,-74,
-88,-51,
36,-13,
41,-41,
50,2,
61,55,
82,34,
-5,48,
-56,13,
15,-37,
43,-1,
74,-25,
-9,-17,
6,-16,
12,-57,
56,-52,
25,-27,
14,18,
54,21,
58,-35,
26,-8,
-25,-23,
-6,-42,
84,-4,
4,-51,
21,-58,
-50,18,
-697,306,
-5137,1280,
-8108,1388,
-8155,665,
-7400,74,
941,-121,
3174,24,
588,-39,
-211,507,
1176,1851,
2579,2609,
1614,1130,
-280,-670,
-1828,-1999,
-1777,-2030,
-663,-877,
69,39,
280,-78,
-117,-990,
-142,-1496,
-93,-1771,
117,-459,
655,338,
412,308,
-2,143,
-220,-26,
13,-141,
322,-254,
306,-247,
284,-283,
157,-195,
103,-146,
165,-156,
423,-204,
53,-151,
40,38,
49,204,
29,245,
152,16,
155,-252,
133,-409,
78,-616,
112,-634,
140,-496,
210,-334,
322,-78,
381,204,
208,236,
54,164,
-85,40,
14,-27,
44,40,
130,114,
263,20,
390,-10,
222,-72,
102,11,
140,117,
-5,192,
-150,146,
-155,-30,
-164,-175,
-130,-108,
-221,55,
-300,65,
-357,-59,
16,-192,
38,-170,
312,-321,
398,-270,
498,-309,
219,-10,
67,191,
156,184,
298,80,
525,55,
629,111,
923,428,
766,731,
319,565,
-15,230,
-225,-16,
5,-60,
46,22,
180,-24,
110,-75,
106,-123,
81,-97,
138,-115,
167,-46,
169,14,
54,90,
34,65,
-48,6,
-57,36,
22,67,
78,58,
90,71,
39,-18,
54,-20,
49,-119,
99,-105,
162,-6,
107,45,
71,68,
-6,15,
32,-59,
121,-11,
92,22,
142,54,
123,-3,
102,16,
111,-38,
125,50,
-15,101,
-32,83,
71,35,
89,-23,
169,77,
94,21,
51,-72,
129,-74,
89,-8,
40,-14,
31,-10,
-30,-26,
-60,-58,
-50,-39,
-66,-5,
61,54,
-37,45,
-32,53,
9,90,
33,37,
42,-111,
15,-49,
-6,-41,
-16,-19,
7,-70,
22,-89,
19,-55,
106,24,
98,37,
27,8,
75,0,
138,-32,
14,-43,
8,-73,
29,-141,
51,-95,
78,-88,
26,-44,
16,14,
47,81,
89,56,
83,-44,
00>
_________________________________
00>
00>
Printing STS1 CIR
00>
00>
_________________________________
00>
42,23,
-24,-25,
-15,37,
-35,90,
-13,5,
-40,19,
21,20,
34,22,
80,65,
11,-32,
38,24,
3,11,
50,21,
52,77,
-21,8,
63,33,
21,28,
-59,36,
-35,42,
6,11,
40,3,
10,-2,
-51,44,
-58,45,
-17,7,
13,-39,
32,3,
50,-29,
8,-6,
-23,-11,
-82,-44,
-38,3,
17,41,
40,27,
-11,-25,
-3,-35,
1,-7,
-49,9,
5,20,
-16,-1,
3,-18,
10,11,
54,25,
-35,21,
-7,30,
59,21,
-1,-34,
-21,-67,
1,34,
-10,-22,
-16,-44,
-7,-32,
71,-4,
58,40,
33,34,
24,11,
-10,-19,
-60,3,
-48,40,
-50,26,
-33,-12,
34,-79,
0,-21,
-15,48,
37,-1,
13,-25,
-64,-64,
-40,-16,
-17,25,
50,19,
66,-22,
29,-37,
-35,-6,
45,6,
-12,-22,
-56,-37,
-23,-37,
7,-31,
59,-34,
42,-118,
0,-12,
-11,0,
3,44,
-4,-1,
-20,-11,
-3,53,
-8,25,
-13,30,
27,49,
53,-28,
59,9,
53,-10,
-11,45,
-7,2,
40,42,
-1,29,
23,45,
15,-15,
-1,-6,
12,-44,
-7,2,
-3,-91,
21,-27,
47,24,
51,3,
-69,-13,
-9,-17,
77,10,
56,140,
-43,77,
-4,-7,
-6,-33,
15,-16,
-1,0,
1,-44,
54,38,
5,-8,
-39,-33,
-10,-4,
-18,-37,
-34,-73,
-6,-40,
19,8,
-32,-3,
-44,-7,
-57,-55,
-29,47,
36,39,
14,0,
7,4,
-32,-34,
1,4,
48,29,
12,11,
18,8,
57,42,
44,44,
70,64,
-33,57,
-23,32,
-27,38,
-1,-48,
6,-49,
-12,37,
-19,5,
-64,14,
9,2,
32,-12,
27,-14,
2,42,
-32,63,
-23,56,
15,3,
2,-36,
47,-43,
47,-25,
7,80,
-11,55,
4,0,
26,-6,
8,6,
-9,-3,
30,30,
30,50,
-18,-9,
-31,-52,
7,-11,
-2,-19,
75,-7,
-21,12,
-55,-28,
41,-20,
13,2,
1,-59,
46,-41,
24,-46,
-23,4,
-61,-20,
-55,13,
-52,16,
3,30,
-14,-29,
13,9,
-3,12,
15,-48,
-79,-47,
-10,-16,
16,40,
-1,-11,
2,-6,
7,-5,
64,-35,
-2,-21,
6,69,
-4,-6,
-17,-78,
34,-12,
-20,5,
14,-28,
38,-29,
27,-116,
-16,-3,
11,3,
0,35,
7,84,
-6,-6,
-43,19,
-9,29,
-19,-18,
-33,24,
-22,18,
-12,39,
18,74,
-2,44,
-23,1,
5,63,
-33,57,
-26,37,
-37,28,
-21,23,
-22,-47,
-31,16,
-12,76,
-53,16,
-3,-35,
-40,-14,
-55,-30,
-33,-66,
19,-44,
-35,-6,
-24,-23,
-18,-45,
-60,-40,
-11,-30,
16,-15,
34,3,
23,6,
-22,44,
-1,-2,
34,-27,
33,-23,
-13,-1,
-7,15,
-4,-46,
36,-12,
67,44,
16,53,
34,113,
33,73,
-38,-22,
-78,-44,
-29,-35,
-29,-63,
6,25,
61,28,
16,0,
-35,-27,
-99,-48,
-76,-33,
-60,-26,
-63,72,
-118,117,
-21,58,
-12,55,
-38,28,
-59,63,
56,33,
-12,-5,
-23,28,
-65,-23,
-27,-32,
4,-7,
-28,12,
28,-11,
52,31,
-36,-18,
-5,-9,
35,-37,
19,-4,
24,14,
53,-7,
-44,46,
2,42,
39,-17,
89,-20,
28,4,
-8,-18,
-1,-1,
-37,12,
-37,21,
2,96,
29,36,
28,8,
1,23,
7,52,
-3,67,
28,-25,
57,-68,
63,21,
-3,-20,
-40,-30,
-26,-7,
-49,30,
-3,-14,
16,34,
-28,-11,
-21,2,
58,40,
-37,-19,
29,5,
23,79,
43,64,
81,12,
12,18,
-18,58,
32,55,
24,42,
48,53,
24,-8,
48,17,
-24,11,
-57,26,
-31,58,
-13,24,
-29,-4,
71,-5,
37,54,
27,68,
4,30,
9,10,
-58,15,
19,65,
-32,29,
-15,5,
-38,-15,
-42,-46,
23,4,
9,-3,
16,28,
23,25,
59,6,
54,-3,
21,20,
29,3,
58,90,
-36,0,
-38,-37,
-18,-4,
0,-2,
35,28,
22,32,
10,23,
19,41,
11,21,
-60,18,
-80,72,
-824,425,
-4336,1213,
-8023,1002,
-7913,218,
-4526,318,
1728,1018,
2356,733,
212,-686,
-48,-2520,
1327,-3272,
1633,-2465,
791,-953,
664,170,
1508,1051,
2179,1798,
1398,1395,
207,378,
-412,-490,
-169,-1185,
-35,-1557,
204,-2018,
-216,-1056,
14,-171,
191,219,
173,331,
20,108,
213,-87,
545,-47,
454,-37,
76,-215,
-419,-484,
-505,-253,
-285,176,
-279,553,
26,456,
85,332,
312,125,
107,-12,
-228,-55,
-368,-80,
-462,-441,
-98,-608,
266,-433,
228,-38,
90,118,
55,-35,
-47,-197,
-147,-157,
-97,90,
-66,308,
106,226,
150,162,
556,37,
445,18,
301,112,
54,97,
79,-27,
315,-270,
409,-312,
258,-230,
132,-228,
113,-224,
37,-116,
-167,-104,
-204,-2,
-90,-7,
84,117,
61,200,
58,314,
-49,244,
-134,168,
-50,65,
45,31,
150,2,
274,-69,
303,-111,
294,-74,
561,233,
673,640,
388,574,
21,148,
-173,-7,
-39,-93,
-32,-21,
-133,23,
-112,-17,
-76,2,
-3,12,
-54,53,
-67,58,
-24,47,
-8,82,
68,63,
23,130,
-75,153,
-77,60,
13,39,
82,86,
23,107,
34,38,
60,-78,
108,-55,
62,-20,
39,30,
57,43,
-35,12,
-18,87,
-42,45,
-29,20,
18,25,
68,22,
74,-30,
44,72,
-35,122,
10,86,
33,43,
-35,6,
-17,10,
10,-25,
29,11,
26,-41,
27,-62,
32,-40,
4,-18,
13,21,
57,47,
89,95,
116,107,
44,91,
-3,81,
27,44,
32,30,
125,-17,
72,92,
25,89,
-13,55,
-31,-84,
-3,-37,
44,-25,
-13,14,
-14,64,
35,72,
-35,21,
17,23,
99,44,
43,27,
29,50,
8,-11,
-9,-2,
-9,4,
71,-27,
82,48,
40,27,
46,30,
21,-48,
8,-25,
00>
_________________________________
00>
RX Timestamp: 338895664208
00>
Clock Offset: -1190.186 Hz, 0.149 ppm
00>
RX Timestamp: 339967171879
00>
Clock Offset: -1257.134 Hz, 0.157 ppm
00>
_________________________________
Sequence Number: 91
00>
00>
Printing STS0 CIR
00>
00>
_________________________________
00>
-25,4,
0,-21,
3,11,
-53,3,
-13,-3,
-91,25,
-52,61,
-68,-21,
-44,-42,
23,-59,
27,-17,
4,6,
7,-23,
8,-1,
26,38,
-41,8,
-70,-73,
16,-7,
48,47,
-32,58,
-40,39,
-36,13,
-71,-15,
-67,-26,
11,42,
64,-16,
41,7,
-5,14,
-11,-62,
23,-30,
103,7,
68,30,
65,23,
41,58,
39,27,
59,48,
-12,13,
10,90,
41,82,
0,33,
17,7,
-44,-54,
-77,-45,
-66,22,
4,41,
22,92,
-25,5,
-43,-17,
8,84,
22,71,
-51,-4,
-34,-24,
-28,28,
60,11,
63,42,
28,-4,
1,51,
14,18,
33,41,
15,60,
-28,-22,
-57,32,
-29,-8,
24,-35,
41,-46,
1,-27,
-19,-12,
-48,19,
-39,33,
34,13,
2,5,
-37,-63,
36,-41,
18,-27,
10,-29,
-2,18,
-13,-14,
17,73,
42,55,
27,69,
-55,-1,
32,-4,
78,141,
23,77,
-49,-13,
16,54,
33,61,
39,72,
65,102,
-19,14,
-72,10,
-65,60,
-51,24,
33,-5,
78,34,
27,51,
65,46,
12,35,
-16,-3,
-52,-53,
-84,-43,
-37,-22,
40,12,
64,-51,
5,14,
-25,-10,
4,-19,
-17,-35,
-60,-35,
-60,26,
-53,34,
-7,48,
-13,20,
20,45,
-4,13,
41,65,
13,-9,
8,15,
-1,-4,
17,15,
16,-3,
-44,40,
16,-12,
84,53,
28,-28,
24,-35,
-3,36,
43,28,
-13,41,
51,-4,
2,-8,
22,50,
45,12,
35,-48,
62,36,
49,-8,
-23,-37,
98,4,
79,-54,
61,56,
0,83,
65,53,
26,31,
70,44,
15,4,
39,-24,
-42,-58,
-25,5,
-39,-17,
-37,40,
1,-93,
37,-49,
-3,-4,
-17,-6,
-13,1,
56,-4,
-34,-44,
-8,-13,
7,25,
-16,42,
25,-6,
-9,-50,
23,-126,
16,-93,
-47,-15,
32,7,
68,5,
5,-31,
-25,19,
81,-26,
138,22,
60,36,
0,7,
-61,-27,
61,-78,
75,2,
50,81,
27,79,
-13,43,
64,14,
22,-12,
-35,17,
-42,115,
26,100,
78,58,
57,-41,
-14,8,
44,24,
62,-16,
-19,-24,
4,-17,
19,4,
-36,18,
40,18,
6,34,
-16,21,
-75,-32,
2,-7,
-4,-24,
0,19,
11,-10,
-14,-39,
-25,-28,
16,20,
15,78,
-82,-38,
-23,-23,
90,-3,
55,-18,
35,-21,
10,-54,
64,26,
5,54,
-12,-34,
-50,2,
50,-65,
106,13,
12,72,
9,14,
23,-50,
24,-19,
17,9,
-61,-7,
-8,-48,
19,-21,
11,26,
-80,1,
-85,-84,
-48,14,
67,29,
48,1,
-3,-99,
34,-33,
11,-33,
-22,-60,
-78,-53,
-27,-36,
62,51,
25,39,
-25,15,
16,-25,
49,-25,
-6,-42,
-50,-35,
-24,-59,
-29,31,
14,47,
20,2,
15,4,
21,-9,
6,25,
-18,-66,
25,-6,
70,9,
84,38,
30,-11,
44,-34,
-32,37,
89,101,
78,96,
17,-26,
5,-10,
5,-12,
-15,118,
-76,112,
-83,39,
-15,14,
53,-91,
-21,-106,
7,-98,
-16,-15,
36,73,
61,18,
78,37,
2,-22,
-54,6,
-12,98,
-41,66,
-62,39,
16,-37,
-21,-8,
20,29,
-13,17,
-28,-18,
2,-3,
-20,-37,
-19,-18,
35,-34,
41,2,
-18,7,
-55,-21,
-68,-41,
-6,-30,
49,14,
-42,52,
-48,2,
14,16,
25,12,
-33,36,
49,-7,
49,-66,
25,11,
39,11,
32,-6,
12,58,
-35,62,
40,-49,
-20,-46,
4,-18,
5,-87,
34,66,
17,62,
-29,38,
-4,6,
-32,16,
-33,21,
-39,9,
-13,-9,
18,21,
45,62,
7,-16,
47,-21,
33,-22,
72,-12,
-17,-33,
2,-108,
8,-62,
-12,0,
-10,15,
16,23,
9,65,
-16,42,
-87,20,
-17,-14,
11,9,
48,5,
-26,-4,
-6,37,
5,30,
18,-55,
-23,-20,
-12,-5,
-57,83,
5,51,
-39,97,
-54,49,
7,-33,
54,-35,
-10,-32,
46,13,
41,-22,
212,-164,
1562,-789,
5243,-2157,
7196,-2297,
5421,-1506,
96,-613,
-1985,-636,
-581,-503,
994,663,
972,2167,
364,2421,
65,1404,
-172,377,
-890,3,
-1395,-18,
-1037,-132,
-232,-150,
373,132,
348,498,
374,950,
741,1347,
739,1024,
464,498,
22,188,
-40,58,
114,-17,
68,-90,
-55,-1,
-276,-32,
-239,63,
-11,80,
36,85,
22,-7,
-191,-86,
-228,-96,
-86,52,
-73,58,
47,-96,
8,-56,
33,125,
78,209,
102,275,
-3,97,
-100,-129,
-57,-226,
-40,-166,
-32,-103,
-127,-83,
-145,-14,
-27,38,
-22,24,
-51,-37,
-238,11,
-281,-65,
-112,-136,
15,-135,
24,-167,
-39,-33,
-193,53,
-299,33,
-304,5,
-69,-44,
103,12,
169,-48,
148,-43,
40,21,
-54,253,
-23,306,
-86,262,
-35,104,
-73,-2,
-70,48,
-148,-38,
-82,-67,
-5,-23,
-187,183,
-211,298,
-327,322,
-444,147,
-437,-31,
-163,-117,
23,-147,
75,-206,
56,-88,
28,5,
-36,33,
-96,46,
-80,45,
11,62,
92,120,
58,117,
-1,77,
-80,16,
-3,-28,
-29,94,
30,71,
-27,64,
-59,22,
-67,-18,
-29,-59,
67,-29,
-7,-3,
-93,4,
-121,-86,
-56,-98,
21,-87,
-35,-86,
-125,-57,
-113,-15,
-94,-30,
-161,-1,
-57,120,
40,115,
-33,-12,
-154,-46,
-111,-86,
-57,-66,
2,30,
-39,9,
-64,27,
-54,-7,
-76,-31,
-27,-37,
39,-31,
-11,-46,
-94,-69,
-164,-79,
-139,-52,
-69,-41,
-50,2,
40,32,
-2,39,
-25,-1,
-17,-28,
-11,-1,
-55,144,
-43,127,
-38,-9,
-34,-18,
-53,-17,
1,-13,
-57,10,
-23,-1,
2,-72,
-23,-58,
61,-20,
81,10,
-6,-14,
-92,44,
-61,41,
-28,89,
-33,14,
-55,34,
-94,9,
-131,-35,
-74,-25,
-40,-1,
-23,86,
20,29,
-50,-50,
-50,-29,
00>
_________________________________
00>
00>
Printing STS1 CIR
00>
00>
_________________________________
00>
12,27,
27,66,
10,-23,
11,81,
30,87,
36,67,
36,46,
-25,68,
-17,10,
-4,68,
3,54,
46,34,
-11,15,
-20,-24,
-79,12,
32,-1,
26,23,
6,62,
19,55,
-49,33,
35,-30,
-2,1,
18,61,
41,127,
30,91,
-16,49,
-14,16,
-19,53,
15,43,
-8,29,
31,-16,
7,46,
-36,21,
-40,2,
-46,26,
67,43,
53,110,
14,67,
-72,39,
5,-37,
-4,15,
-18,25,
37,19,
1,14,
-50,-5,
-49,60,
-42,-3,
23,-39,
-11,-57,
35,-31,
15,13,
-28,-5,
-29,-18,
14,16,
-17,28,
14,-46,
88,-83,
11,-48,
-70,-28,
-96,-4,
-25,27,
80,32,
64,18,
-1,21,
-35,61,
-69,32,
-21,32,
1,38,
80,35,
103,117,
-7,109,
-10,31,
8,5,
-63,16,
16,10,
58,47,
63,62,
-11,84,
7,-5,
-1,-22,
-28,-8,
-9,81,
-2,90,
26,95,
19,39,
-16,-7,
29,65,
122,73,
47,57,
61,90,
56,-45,
53,5,
3,45,
46,87,
13,4,
-11,-27,
-14,5,
32,-14,
21,-23,
45,-44,
-23,-7,
-37,-3,
-60,-33,
23,-2,
22,8,
-3,-82,
-70,2,
-33,35,
42,-9,
113,7,
14,11,
2,-2,
0,-18,
6,-60,
54,-83,
31,-32,
45,-59,
34,22,
-8,15,
38,-43,
-12,48,
0,71,
65,-29,
79,-16,
23,26,
14,20,
-3,2,
-25,-5,
-24,64,
9,143,
23,104,
49,31,
-95,-63,
-75,-59,
7,-5,
54,-15,
86,10,
-17,-9,
-74,32,
-42,43,
-13,33,
-13,25,
-67,41,
-22,-13,
23,-9,
102,-31,
38,14,
45,109,
-1,63,
-60,-3,
-48,-26,
-8,42,
13,148,
24,104,
41,80,
21,-41,
41,3,
53,112,
0,80,
-30,63,
-50,40,
8,9,
2,33,
1,22,
-25,22,
25,37,
62,34,
128,-21,
57,19,
-19,46,
37,52,
-81,31,
-16,15,
24,36,
-12,-9,
-114,-23,
-109,2,
9,-48,
36,-134,
27,-150,
53,16,
51,98,
38,58,
45,-27,
-39,-18,
-23,-51,
-3,58,
13,18,
25,-15,
33,22,
69,57,
124,32,
37,28,
44,33,
47,12,
48,-34,
-8,9,
-68,7,
50,77,
14,52,
-31,-25,
-73,22,
-17,36,
48,88,
11,80,
22,-8,
44,-64,
95,24,
34,49,
-30,24,
-38,-29,
-29,-42,
17,-28,
-32,-5,
-16,-3,
40,46,
23,-24,
-4,-55,
-19,-22,
-70,-13,
10,10,
-2,-4,
82,-31,
25,62,
38,-9,
50,2,
39,23,
41,85,
66,11,
60,-27,
43,-44,
14,8,
10,-16,
-17,14,
48,47,
57,2,
-47,18,
-29,-31,
-1,-19,
40,58,
11,22,
37,-2,
47,51,
33,60,
33,66,
-9,98,
31,70,
-14,29,
13,6,
-11,26,
30,69,
35,53,
-19,123,
-32,100,
60,60,
7,1,
58,-38,
1,-9,
-9,-6,
32,-9,
108,25,
23,31,
25,-18,
-8,32,
-1,11,
30,-4,
-14,-6,
-42,-21,
17,6,
1,52,
29,46,
25,24,
-72,-24,
-12,-35,
42,49,
98,8,
44,15,
12,10,
-22,-9,
-25,6,
26,-12,
5,14,
65,39,
7,47,
30,33,
71,87,
-7,63,
-7,11,
29,-32,
24,22,
56,4,
5,-53,
50,-34,
41,2,
-25,89,
32,57,
53,52,
33,-28,
10,51,
-46,113,
-48,59,
-6,1,
65,-14,
66,68,
25,82,
-7,38,
20,3,
1,66,
52,40,
67,55,
-4,19,
29,29,
-51,-14,
-71,27,
-26,56,
-8,15,
34,79,
36,46,
69,-9,
76,-46,
-3,-41,
-22,74,
59,48,
95,-33,
21,-5,
-27,-20,
-2,21,
-11,16,
39,97,
29,53,
-2,44,
-57,73,
14,7,
63,-8,
12,22,
28,26,
38,65,
25,94,
-16,55,
12,8,
-6,-72,
22,-65,
-60,12,
-41,52,
5,-20,
8,-6,
-17,0,
-1,-13,
23,55,
65,81,
51,1,
289,-199,
1563,-801,
4794,-1811,
6783,-2021,
4785,-1621,
-451,-1141,
-2742,-1245,
-768,-1288,
1916,-1553,
3121,-2249,
2328,-2473,
637,-1740,
-146,-567,
475,156,
1501,175,
1511,-2,
588,172,
-195,341,
-389,518,
11,817,
192,1105,
31,801,
-187,134,
-151,-315,
21,-275,
252,-37,
113,93,
-35,162,
-150,172,
-131,154,
-117,125,
-243,136,
-310,54,
-398,104,
-384,129,
-233,110,
-227,214,
-249,171,
-169,189,
-76,174,
91,200,
297,60,
241,48,
56,113,
2,299,
-81,263,
-115,209,
-143,184,
-75,187,
-64,246,
-92,212,
-7,32,
16,3,
55,7,
40,53,
-19,33,
-99,-82,
-270,-91,
-281,-117,
-86,-114,
42,-25,
34,-40,
-44,30,
21,53,
130,26,
84,187,
-59,336,
-111,309,
-132,239,
-8,22,
62,12,
92,107,
-14,155,
-132,129,
-228,109,
-206,165,
-286,213,
-418,304,
-517,350,
-500,138,
-227,-39,
90,-74,
208,-102,
124,-47,
-3,-20,
-104,-13,
-74,13,
1,-17,
87,-84,
100,-71,
-36,17,
-131,108,
-149,75,
-123,-19,
-58,-21,
95,27,
109,56,
20,73,
-69,102,
-56,53,
-52,-14,
2,78,
-9,80,
-69,88,
13,112,
-30,33,
-37,42,
-86,127,
-62,75,
-130,136,
-59,90,
-55,50,
-60,30,
-64,71,
19,30,
18,72,
-20,73,
-2,110,
-51,149,
-18,26,
-70,37,
-131,107,
-87,148,
-55,132,
-32,53,
-64,60,
-5,80,
-23,25,
-98,-28,
-42,16,
34,19,
-1,22,
-59,-32,
-61,90,
-112,132,
-70,91,
-104,55,
-74,44,
-83,69,
-76,38,
-65,56,
-51,95,
-80,75,
2,33,
-42,60,
-13,86,
-7,2,
-41,-9,
-63,11,
6,167,
25,188,
30,110,
-36,49,
-15,-38,
-73,46,
-48,63,
-54,46,
-25,13,
-40,-13,
-26,29,
14,68,
00>
_________________________________
00>
_________________________________
Sequence Number: 94
00>
00>
Printing STS0 CIR
00>
00>
_________________________________
00>
-21,-93,
-45,-42,
-31,50,
21,20,
49,14,
-17,28,
-11,55,
23,18,
-1,-48,
20,-16,
72,-31,
63,-17,
38,101,
26,138,
17,35,
38,-23,
27,-72,
-2,31,
26,36,
40,43,
54,-6,
21,-12,
-19,9,
-8,-1,
-5,32,
-32,-39,
3,-56,
-36,-49,
51,-23,
-7,-4,
19,17,
0,34,
31,-23,
28,-39,
83,-61,
-20,-84,
-59,41,
-9,76,
-20,44,
8,8,
69,5,
21,-70,
31,39,
-1,-6,
80,-20,
-5,11,
-16,19,
-12,13,
-95,28,
-69,10,
-22,-59,
0,-33,
-3,-32,
42,-73,
73,-41,
-25,29,
-37,1,
38,-3,
13,-25,
-21,-45,
-33,-49,
-21,27,
-10,28,
-23,14,
52,-29,
18,6,
-13,13,
-6,19,
-14,34,
43,-61,
11,-1,
74,-8,
52,7,
17,14,
6,-4,
-46,-20,
36,9,
13,56,
-4,-42,
37,-30,
76,-47,
11,12,
-13,-5,
10,-10,
38,-2,
7,33,
8,58,
72,-20,
16,61,
-45,-8,
-8,-5,
56,-41,
52,-12,
25,21,
60,35,
1,23,
-15,-34,
-16,-38,
-16,-29,
32,-10,
11,34,
-41,36,
-90,68,
10,6,
38,10,
20,26,
22,15,
-3,26,
-1,11,
35,61,
87,35,
65,13,
-18,23,
67,32,
24,-61,
16,-77,
1,66,
-66,68,
-7,24,
44,-13,
9,9,
27,88,
-26,124,
57,39,
24,-85,
-1,2,
-7,-11,
7,39,
60,26,
-77,54,
-41,76,
-38,-2,
-33,88,
-86,40,
-43,20,
2,22,
17,-3,
-16,42,
6,-10,
40,4,
30,7,
20,73,
3,20,
-29,-40,
-13,-46,
5,-10,
27,46,
5,30,
-95,3,
-31,32,
-62,71,
-8,101,
34,-24,
65,-60,
9,-14,
10,-47,
14,-3,
20,67,
-30,4,
-40,-27,
1,-65,
-37,-26,
35,21,
11,26,
-34,2,
-33,25,
4,-6,
-19,32,
40,13,
33,-2,
-7,13,
13,69,
-15,73,
-13,20,
8,-29,
-2,34,
27,60,
18,18,
31,46,
39,37,
31,-7,
-38,7,
-4,6,
64,-42,
-3,8,
-4,-9,
-4,-24,
6,30,
21,54,
8,34,
-19,-34,
-7,-22,
-27,18,
-3,60,
33,19,
22,17,
73,46,
-2,9,
-4,-16,
24,-60,
11,-6,
18,20,
-30,49,
-25,-6,
13,-37,
-12,4,
-14,-5,
-8,33,
-42,100,
-43,112,
-14,47,
-42,24,
8,40,
11,10,
25,13,
-8,40,
74,28,
4,17,
29,17,
-15,-34,
-48,66,
-4,20,
18,-26,
66,40,
62,48,
23,18,
-18,-14,
75,-30,
86,-28,
75,-19,
83,-21,
1,46,
63,135,
63,2,
54,-27,
38,-86,
41,-90,
37,-25,
-55,81,
-19,76,
31,6,
61,33,
42,27,
-8,-73,
18,-51,
76,-4,
36,20,
18,-27,
6,-46,
-27,6,
24,-9,
-2,13,
-23,-2,
-54,-31,
15,-13,
40,14,
-10,-31,
7,-20,
23,-10,
56,3,
6,50,
-30,44,
-22,47,
-56,48,
-14,-20,
49,-23,
-4,-33,
-16,12,
-99,-7,
-86,58,
-19,-17,
-25,33,
-2,60,
-7,-6,
26,3,
40,-18,
40,-29,
62,-19,
29,-15,
-34,-25,
5,4,
-2,-55,
-10,-31,
-19,-30,
4,50,
58,35,
-24,3,
14,16,
15,6,
45,-4,
41,-63,
35,-23,
74,-5,
39,-8,
58,-5,
4,-29,
-30,-3,
-67,-13,
-30,-56,
32,-63,
-11,-35,
22,28,
18,14,
53,39,
74,-4,
56,20,
7,5,
-31,28,
-13,-37,
36,43,
45,21,
-25,-45,
-2,-26,
2,-67,
1,-12,
42,-50,
79,-15,
61,26,
-21,49,
-3,37,
36,-5,
-17,-11,
30,-56,
3,12,
15,-38,
1,-10,
-57,24,
-70,29,
7,6,
68,-4,
28,-10,
40,-5,
23,13,
2,-46,
45,37,
102,8,
65,17,
50,9,
-2,19,
-11,-10,
18,-3,
30,-14,
55,0,
-3,-24,
-9,-23,
-29,87,
-25,18,
15,-15,
36,-5,
-15,9,
5,-55,
1,0,
11,21,
9,77,
62,100,
801,1023,
3484,5449,
3912,7680,
3321,7845,
2049,5945,
-712,-1830,
-1039,-2986,
-161,-348,
621,-64,
1434,-2251,
1435,-3377,
314,-1459,
-525,922,
-1260,2726,
-1088,2267,
-327,766,
124,-107,
-188,-132,
-700,447,
-1140,584,
-1500,638,
-334,-112,
107,-742,
147,-483,
145,13,
59,223,
-178,17,
-366,-243,
-339,-242,
-260,-172,
-198,-108,
-135,-44,
-217,-69,
-332,-251,
-92,-2,
22,-39,
294,-224,
233,-155,
-52,-133,
-348,-14,
-477,-10,
-598,32,
-600,98,
-360,73,
-278,-83,
-94,-361,
99,-559,
76,-377,
-9,-161,
25,16,
23,-13,
103,-40,
41,-266,
-136,-383,
-134,-360,
-66,-126,
-5,-117,
67,-84,
171,6,
139,28,
8,130,
-108,303,
-11,296,
94,260,
193,397,
80,342,
-57,50,
-32,22,
-411,-397,
-402,-490,
-352,-393,
-28,-212,
63,-107,
93,-148,
8,-300,
-101,-598,
-42,-700,
242,-1066,
378,-873,
284,-375,
162,47,
57,234,
-20,43,
-16,15,
-130,-182,
-109,-113,
-104,-37,
-149,-19,
-92,-65,
-71,-61,
22,-42,
23,-29,
38,20,
69,-36,
49,-56,
33,-78,
36,-96,
-45,-84,
20,11,
49,-12,
-6,-47,
-80,-137,
-98,-159,
-42,-118,
2,-42,
-66,8,
1,-29,
38,-91,
15,-84,
6,-105,
-76,-125,
-59,-125,
-41,-110,
86,-95,
115,-49,
127,-21,
66,7,
-66,30,
-18,-51,
-19,-138,
-72,-28,
-78,-98,
-61,-75,
-5,22,
23,48,
11,43,
-28,15,
-43,-27,
-72,-50,
60,-23,
52,-50,
41,-33,
-42,-17,
-38,-114,
-129,-98,
-33,-2,
-33,46,
-90,50,
-122,58,
-102,-13,
-5,-14,
57,-16,
-27,53,
-106,-42,
-114,-48,
-94,8,
-40,48,
-78,36,
-203,111,
-117,32,
-64,-127,
-16,-101,
-26,-35,
71,-9,
57,-102,
54,-39,
-53,-25,
00>
_________________________________
00>
00>
Printing STS1 CIR
00>
00>
_________________________________
00>
34,27,
17,52,
-68,-4,
-15,-26,
17,-36,
72,-18,
55,3,
47,-9,
-28,-21,
-24,8,
22,-64,
24,-59,
-38,-39,
-35,-22,
-22,-44,
-43,-13,
-6,-12,
-30,-5,
-12,15,
-53,37,
-22,-23,
-22,36,
-13,6,
20,-68,
11,-21,
-14,16,
-32,12,
25,16,
6,-12,
13,64,
9,47,
11,16,
-26,52,
-12,12,
4,53,
12,-9,
-45,0,
-25,32,
-1,17,
-7,7,
-8,55,
43,9,
55,1,
-14,-56,
13,-68,
0,-68,
48,-26,
83,-45,
6,3,
8,26,
-30,50,
4,-3,
106,57,
85,7,
95,14,
54,15,
14,-31,
32,64,
44,22,
46,6,
53,-15,
-19,-1,
22,-1,
46,-42,
65,-60,
-7,-9,
-45,17,
3,31,
-2,56,
-12,74,
-22,48,
18,69,
5,-27,
14,-50,
-6,36,
13,7,
-35,-24,
-24,44,
-31,44,
-26,-2,
-5,-29,
-20,31,
8,13,
1,1,
3,14,
12,6,
-51,-10,
-1,-19,
-24,16,
3,10,
22,-15,
72,-90,
73,-55,
-36,-38,
-5,-7,
5,3,
11,-9,
-23,22,
-14,9,
29,48,
44,12,
10,-61,
50,-51,
60,-24,
51,6,
-2,66,
-23,-43,
-47,-38,
-9,32,
-26,9,
29,25,
-20,-36,
-40,10,
-19,-29,
-9,-15,
47,-1,
4,-34,
33,-5,
73,28,
6,13,
-57,14,
-7,-33,
18,10,
39,37,
-58,10,
21,40,
25,63,
29,29,
5,34,
-7,-19,
10,-8,
27,43,
-14,-10,
-24,-1,
-27,22,
-2,87,
49,54,
5,-29,
-19,-20,
-51,6,
42,42,
60,100,
52,41,
5,-12,
-60,-79,
-7,-35,
48,-11,
45,-1,
27,-77,
22,25,
43,-5,
-19,41,
20,48,
-19,57,
11,3,
-14,19,
19,-48,
36,9,
20,-8,
1,11,
34,58,
51,58,
63,-9,
26,22,
-2,6,
16,-9,
16,-23,
-8,-43,
17,-37,
-21,-21,
27,-24,
-8,40,
-35,76,
-30,44,
-38,19,
-9,-18,
68,41,
-3,35,
11,-2,
-47,20,
-29,77,
6,36,
13,14,
-26,24,
-5,79,
62,-14,
57,-24,
26,50,
36,78,
36,-34,
13,-40,
37,-42,
39,-6,
26,-29,
-3,-24,
-38,53,
24,13,
37,-10,
48,-5,
-25,3,
9,21,
89,10,
-37,-18,
-68,9,
-60,-18,
-1,-13,
48,-55,
-3,-8,
-68,29,
-10,111,
28,34,
47,-19,
24,-16,
-85,31,
-66,19,
-9,-38,
53,35,
38,25,
12,26,
-11,22,
40,-3,
54,13,
21,8,
-33,-13,
-28,-5,
-74,-41,
-35,8,
-29,21,
35,52,
48,-16,
35,0,
69,21,
27,-34,
-19,-3,
4,15,
5,4,
47,39,
67,15,
22,57,
39,58,
2,11,
-31,25,
15,4,
-7,11,
26,44,
81,47,
27,45,
93,-37,
33,-13,
-10,-34,
-8,-57,
-72,-60,
-12,-79,
24,-117,
32,-99,
18,23,
44,84,
13,84,
26,66,
31,39,
-10,-28,
15,1,
-4,6,
13,-78,
-33,-70,
-41,-34,
-47,54,
25,100,
-61,52,
26,21,
41,-21,
32,40,
-20,22,
24,24,
-20,-10,
29,-36,
-14,-4,
36,35,
47,73,
-37,59,
-27,-31,
16,47,
-19,47,
26,31,
51,3,
48,17,
52,2,
-32,-1,
57,-55,
99,-68,
51,29,
-42,-17,
-26,-39,
-13,41,
-47,58,
44,-52,
39,17,
-25,21,
-2,-23,
-45,3,
-8,9,
21,-51,
37,-59,
-2,-61,
45,-4,
54,5,
44,-43,
-5,-40,
22,-28,
14,18,
13,36,
-30,-29,
2,-60,
-15,-36,
-7,14,
-49,42,
-20,34,
6,14,
10,47,
15,24,
-24,28,
16,-55,
1,-7,
-25,20,
31,-4,
43,-30,
68,-26,
29,69,
-20,32,
-28,35,
-45,-17,
-17,6,
32,-12,
-53,59,
-3,62,
6,2,
-9,2,
-54,-4,
-56,46,
19,8,
105,-24,
108,-16,
54,-8,
-1,4,
-87,7,
-5,-22,
-13,-24,
12,-38,
-7,-25,
4,19,
12,66,
-7,32,
32,-54,
-45,-24,
81,104,
775,923,
2587,4721,
2980,7759,
2200,7624,
1227,3115,
596,-2360,
128,-1983,
-1131,259,
-2998,598,
-3734,-524,
-2660,-901,
-964,-447,
139,-704,
887,-1785,
1225,-2367,
945,-1481,
207,-173,
-649,422,
-1117,402,
-1610,381,
-1945,284,
-1085,373,
-210,-101,
195,-324,
217,-170,
-4,-15,
-176,-241,
-172,-453,
-132,-383,
-277,22,
-432,500,
-140,472,
325,287,
676,122,
457,-113,
277,-77,
-31,-327,
-11,-128,
112,241,
3,447,
-281,566,
-612,238,
-467,-177,
-46,-217,
90,-148,
-72,-66,
-236,132,
-39,251,
160,173,
310,-69,
277,-136,
203,-170,
-33,-563,
-62,-451,
-14,-230,
103,-75,
-161,-89,
-438,-136,
-457,-207,
-290,-154,
-277,-103,
-142,-19,
-88,174,
-57,296,
5,263,
-108,142,
23,-74,
161,-82,
472,-80,
404,-24,
180,-37,
16,-48,
-14,-83,
-51,-98,
-172,-189,
-246,-245,
-156,-351,
140,-623,
483,-735,
505,-427,
224,-13,
-13,139,
-71,51,
14,25,
39,102,
46,107,
53,50,
74,-21,
117,-2,
59,86,
119,85,
62,-3,
69,-35,
95,-14,
93,-19,
57,-1,
45,-42,
115,16,
63,-14,
0,20,
-84,-5,
-130,-16,
-72,-58,
12,-3,
94,19,
102,61,
64,79,
45,25,
0,-25,
19,-33,
-58,-93,
-9,-101,
72,-52,
106,0,
31,-25,
12,-32,
77,-32,
31,-59,
35,-6,
-48,26,
-65,-8,
-71,-31,
-84,-11,
12,-23,
30,-50,
30,-88,
51,-122,
63,-45,
74,-48,
58,-45,
55,-41,
64,-42,
41,-117,
103,-159,
16,-31,
-26,-1,
-49,76,
-19,91,
-14,71,
46,0,
7,-11,
85,-63,
14,-24,
-1,8,
14,-43,
16,-17,
63,-24,
22,-35,
-27,-97,
-25,-54,
-4,-36,
-14,-70,
-14,-72,
-21,-119,
-7,-56,
26,-51,
47,1,
00>
_________________________________
00>
RX Timestamp: 478914412567
00>
Clock Offset: -2250.195 Hz, 0.282 ppm
00>
RX Timestamp: 479986347247
00>
Clock Offset: -1811.314 Hz, 0.227 ppm
00>
_________________________________
Sequence Number: 227
00>
00>
Printing STS0 CIR
00>
00>
_________________________________
00>
-78,-49,
-29,28,
-22,31,
-42,9,
-54,0,
-43,67,
-59,9,
-19,32,
-40,-34,
-74,5,
-43,-60,
31,-89,
56,-87,
14,74,
-17,68,
22,59,
43,-36,
-15,-50,
47,-35,
79,-28,
88,-27,
12,-36,
-10,-42,
25,-84,
27,65,
-26,-39,
-74,5,
-26,35,
-28,-19,
13,-26,
54,-28,
31,9,
-37,-29,
-73,12,
-61,7,
14,-4,
32,6,
9,16,
15,42,
-53,54,
-55,54,
-28,14,
11,-7,
42,60,
-25,23,
-39,55,
-25,90,
-16,-45,
4,-92,
10,-8,
-24,55,
-45,42,
-20,-19,
-2,-53,
68,-5,
12,-9,
-8,1,
18,4,
21,32,
51,-65,
11,-19,
-28,90,
-88,59,
-46,-38,
58,-42,
5,-25,
-24,-38,
37,23,
11,-2,
-9,85,
-39,-4,
-49,-14,
-12,-34,
102,-38,
9,-46,
-74,19,
3,-23,
34,-79,
9,15,
-106,35,
-85,68,
-54,-4,
-8,16,
-35,-36,
-29,13,
0,1,
-44,17,
-9,87,
-3,59,
-7,11,
-81,23,
11,-41,
13,-31,
-10,50,
-15,-9,
-39,19,
31,-51,
25,38,
18,-9,
5,-44,
-33,3,
-46,19,
57,88,
94,3,
-10,19,
-113,29,
-124,46,
-54,-4,
-3,33,
55,-9,
28,-1,
-5,-28,
-62,-70,
-67,-48,
3,12,
-20,-14,
-13,-13,
-13,79,
-12,119,
27,61,
16,-32,
2,-3,
-1,24,
47,79,
-34,0,
-65,-42,
-2,-16,
-73,29,
-52,0,
9,24,
-33,22,
-42,-32,
-26,-48,
5,-63,
21,-8,
54,11,
73,75,
81,-37,
89,46,
73,79,
24,91,
-6,-31,
-22,13,
-43,69,
-2,-3,
8,-12,
28,-20,
44,65,
-39,24,
20,28,
-4,-74,
-7,-116,
31,-87,
21,-46,
26,21,
47,-28,
7,-13,
-10,-7,
-64,36,
-39,93,
-15,29,
-10,-25,
28,-7,
34,21,
-59,-13,
-60,15,
7,57,
39,96,
-32,-9,
-106,4,
-97,12,
-26,24,
-24,65,
16,25,
-18,12,
35,-50,
43,-35,
-24,-48,
-85,-38,
-14,-46,
7,-13,
-13,9,
-32,1,
-59,11,
-15,78,
9,49,
-53,7,
17,-46,
13,31,
21,68,
-53,56,
-16,-26,
-52,-15,
-22,-114,
8,-77,
-25,8,
-44,-31,
26,62,
20,36,
12,4,
9,15,
-18,-16,
-19,-24,
-26,24,
62,-51,
1,4,
-18,-27,
11,-47,
-15,0,
25,85,
24,32,
68,-10,
30,-41,
13,-4,
49,40,
46,56,
-34,55,
-67,3,
-11,-19,
11,-111,
-17,-66,
-95,-34,
-41,-56,
27,50,
-49,26,
-54,-7,
2,-23,
26,-48,
23,-41,
-38,8,
-28,56,
64,9,
26,-49,
131,29,
11,18,
-10,-4,
-61,-64,
-7,-51,
-46,32,
-10,38,
17,49,
28,-1,
36,-1,
-27,-32,
-64,-27,
-41,-10,
-17,-25,
21,33,
27,14,
76,9,
149,29,
11,-8,
-15,22,
-27,9,
-64,-15,
-55,31,
-74,29,
6,-55,
-13,6,
-97,80,
-3,14,
-6,-39,
5,-38,
51,40,
-34,17,
-41,-23,
-66,-2,
-36,-83,
21,-39,
46,5,
-9,14,
29,-22,
42,-6,
-1,-17,
23,34,
14,7,
-53,53,
-42,-49,
-39,-24,
-24,-63,
2,-14,
-2,-16,
-19,-21,
-5,73,
83,71,
33,-41,
54,-61,
-2,-46,
15,-25,
46,-57,
50,-50,
-40,-29,
17,21,
-38,33,
-3,0,
44,-40,
81,-3,
-21,-6,
-49,28,
-130,-50,
-145,14,
-55,20,
-32,9,
-42,20,
-46,-26,
32,-77,
42,-26,
-34,-51,
3,-56,
-28,-126,
-48,-48,
45,0,
39,44,
-22,23,
34,4,
75,-57,
14,24,
40,33,
24,69,
-37,20,
-18,-23,
32,-22,
26,-27,
7,-6,
4,5,
-47,43,
23,8,
43,114,
30,35,
78,-3,
48,22,
-55,26,
-18,53,
-60,24,
25,-16,
-27,31,
-29,34,
-71,34,
39,-30,
-12,-64,
-38,-12,
-25,-59,
-23,-50,
-24,-31,
7,21,
23,-4,
35,-65,
-45,-13,
-77,-59,
-73,-3,
-49,38,
1,-14,
22,-32,
-51,49,
-23,61,
-18,32,
5,-26,
24,-30,
119,138,
367,1431,
688,5050,
464,7470,
194,6276,
587,982,
1094,-1951,
703,-705,
-575,865,
-2097,717,
-2438,-74,
-1561,-174,
-479,-296,
99,-879,
281,-1488,
330,-1196,
150,-276,
-111,342,
-481,232,
-1000,73,
-1534,345,
-1207,531,
-613,364,
-165,-56,
24,-60,
37,33,
2,85,
0,-82,
82,-306,
66,-321,
-58,-129,
-73,75,
-27,25,
101,-152,
99,-293,
90,-120,
-55,2,
-90,27,
45,-48,
-72,-64,
-211,57,
-300,-9,
-174,-71,
79,-110,
214,45,
148,39,
70,-62,
140,-77,
125,-77,
19,-21,
-17,-63,
5,-39,
17,-163,
99,-166,
183,-60,
180,41,
142,49,
104,-4,
13,-178,
70,-281,
16,-345,
23,-221,
64,12,
24,93,
6,176,
-61,124,
-216,51,
-362,-2,
-241,-53,
49,-73,
134,-22,
36,-74,
96,-24,
92,-53,
30,-89,
-133,-202,
-237,-281,
-237,-399,
-136,-447,
59,-416,
127,-153,
111,43,
128,121,
40,49,
-6,-48,
-29,-101,
-50,-125,
-8,-38,
-4,-32,
-37,-26,
-61,-18,
-15,-5,
-63,-121,
-20,-103,
-34,-40,
-8,31,
24,11,
57,-30,
143,-61,
113,-38,
82,-30,
3,-95,
-50,-198,
0,-130,
-6,-51,
46,-71,
65,-69,
85,-69,
25,-156,
-7,-72,
-10,-69,
-67,-92,
-64,-130,
-13,-73,
-88,-165,
-46,-74,
-40,-107,
58,-24,
59,-32,
3,5,
-38,-126,
-90,-62,
8,-163,
64,-168,
43,-116,
43,-84,
41,-156,
76,-189,
100,-162,
24,-74,
-27,14,
11,-37,
80,-112,
33,-110,
-20,-60,
-25,-47,
8,-79,
38,-105,
39,-17,
30,-48,
-21,-43,
-11,-3,
17,64,
-18,41,
25,-45,
18,-87,
16,-48,
-11,23,
-15,-7,
-17,-105,
39,-40,
-24,-41,
62,-40,
66,-66,
00>
_________________________________
00>
00>
Printing STS1 CIR
00>
00>
_________________________________
00>
62,-54,
83,-28,
-27,18,
7,19,
29,87,
14,49,
31,-12,
29,-70,
6,-19,
-19,-25,
-46,30,
-27,29,
-1,55,
-21,-8,
6,35,
-31,8,
-61,44,
-9,-7,
-14,70,
14,42,
-4,89,
-47,-11,
0,-1,
48,4,
99,108,
60,21,
9,51,
-17,-34,
-65,-33,
-27,-98,
92,0,
60,-20,
52,-14,
-16,-7,
-2,-37,
17,27,
102,28,
3,82,
35,40,
76,21,
76,-24,
64,-21,
12,-26,
-44,6,
-74,20,
-84,19,
-60,49,
-13,-33,
31,60,
27,74,
-39,10,
-20,-41,
-31,4,
-36,0,
-10,53,
-22,-1,
-54,2,
-40,45,
-14,47,
-32,56,
24,37,
-7,29,
-104,-18,
-74,-86,
22,-44,
87,36,
20,16,
-29,-65,
4,-61,
16,31,
36,90,
-4,119,
96,-37,
83,25,
9,-48,
13,-21,
-53,81,
-37,-9,
92,-7,
136,-3,
61,38,
43,-75,
-39,-52,
-6,3,
-24,22,
6,79,
47,17,
22,-21,
-2,-5,
-22,-13,
28,42,
65,63,
8,52,
-11,15,
-4,50,
20,21,
0,-58,
-59,52,
30,35,
-16,20,
-42,41,
-53,73,
28,13,
26,-18,
14,-17,
40,-36,
34,16,
-49,15,
-2,-92,
11,-80,
58,-13,
27,81,
41,10,
7,-1,
-35,-94,
-7,-27,
21,-16,
-4,55,
44,49,
21,61,
101,-15,
48,-14,
21,21,
-8,33,
15,69,
24,46,
2,45,
33,40,
41,-28,
57,57,
25,58,
33,57,
-37,-3,
-39,10,
38,47,
92,0,
61,-11,
15,-5,
98,22,
58,44,
17,82,
6,24,
25,-44,
100,-42,
24,15,
1,-1,
32,24,
17,12,
31,19,
-54,-27,
-19,-35,
1,-22,
28,-39,
12,15,
12,24,
86,12,
53,1,
48,37,
16,1,
18,58,
51,-12,
-5,-37,
-46,-65,
39,-14,
6,-15,
14,-15,
41,-138,
19,-46,
4,-66,
19,11,
-17,21,
16,18,
6,22,
8,66,
31,-49,
77,-44,
109,-19,
49,-53,
-87,-38,
-69,-32,
-48,32,
40,81,
65,-24,
-45,-17,
-98,-79,
-57,-3,
-15,-28,
24,-17,
32,23,
51,3,
3,-4,
-56,34,
-19,-6,
4,18,
-69,27,
-51,49,
22,-37,
0,24,
-31,0,
-74,-12,
15,-20,
-12,15,
16,46,
-9,73,
-101,-7,
-43,-20,
-2,2,
22,17,
67,3,
-18,-48,
-40,-6,
-3,46,
-13,25,
-32,40,
59,52,
-42,55,
31,16,
0,75,
22,61,
-39,-53,
58,-81,
-12,-1,
16,31,
26,17,
-24,-22,
-29,-60,
13,-31,
23,-46,
-64,-45,
-131,-3,
-16,10,
7,31,
43,-24,
55,-1,
81,-40,
-18,-62,
-87,-36,
-65,-53,
-2,-11,
-42,9,
28,31,
27,11,
2,-16,
0,20,
-62,1,
-95,-5,
7,-19,
109,-13,
97,29,
77,5,
19,-20,
45,-75,
-75,14,
-61,64,
53,74,
78,3,
26,-62,
1,-39,
-26,-1,
23,28,
22,52,
86,44,
42,20,
-14,24,
-1,-26,
-34,-32,
-108,22,
-83,50,
24,108,
47,112,
29,70,
-22,17,
-54,3,
-24,31,
18,15,
45,9,
-5,23,
-56,-21,
-2,-1,
13,37,
42,21,
67,58,
24,23,
-6,47,
14,46,
30,27,
25,58,
51,51,
-4,0,
49,34,
-21,19,
-17,-28,
-11,45,
30,10,
4,28,
53,-11,
34,-12,
-10,36,
-25,71,
-16,23,
58,34,
29,-19,
26,-55,
99,-17,
110,16,
39,75,
36,54,
-31,18,
14,37,
6,112,
0,52,
7,-35,
21,-9,
63,-39,
50,-6,
-13,59,
-21,41,
6,88,
67,-20,
62,-69,
-10,12,
36,48,
76,13,
45,25,
15,60,
8,-17,
4,-80,
20,-55,
54,-40,
23,-7,
29,11,
-3,6,
32,3,
20,7,
21,35,
-7,11,
12,-24,
111,16,
23,-6,
32,8,
23,-2,
2,-22,
12,64,
6,41,
-11,-32,
-78,28,
-85,-5,
-69,-47,
-9,69,
35,-16,
-12,23,
-74,40,
-43,80,
3,61,
-75,23,
-14,43,
-12,83,
13,43,
74,193,
324,1285,
333,4486,
-192,7051,
-149,5891,
999,832,
2061,-2011,
1776,-731,
1065,1911,
1120,3665,
1648,3380,
1603,1654,
913,231,
-125,175,
-580,1064,
-617,1423,
-405,729,
-299,-151,
-400,-616,
-694,-347,
-1086,-313,
-833,-307,
-203,-272,
369,-119,
354,203,
65,236,
-110,85,
-92,-99,
-168,-123,
-122,-143,
-127,-120,
-21,-157,
5,-310,
106,-352,
79,-450,
9,-255,
-89,-264,
-112,-236,
-127,-256,
-132,-207,
-193,-49,
-171,177,
-172,217,
-225,46,
-208,-159,
-107,-254,
-117,-300,
-74,-287,
-162,-293,
-230,-239,
-193,-255,
-134,-86,
-16,-13,
-8,-10,
-35,-46,
-47,41,
53,-72,
239,-190,
286,-265,
138,-109,
85,132,
-3,191,
45,122,
103,73,
37,61,
-124,-13,
-262,-132,
-148,-152,
-52,-152,
-5,7,
8,110,
-86,-7,
-96,-78,
10,-194,
7,-225,
-22,-251,
-123,-414,
-198,-504,
-39,-612,
125,-502,
134,-207,
38,131,
64,202,
36,92,
40,48,
-19,-76,
2,-80,
68,-83,
90,-29,
77,31,
106,-64,
20,-130,
10,-180,
32,-143,
-23,-53,
-13,23,
-17,4,
-36,-44,
-5,-102,
-23,-34,
28,18,
-32,-11,
19,-91,
29,-58,
-41,-25,
-89,-60,
-90,59,
-11,-41,
-6,-80,
-32,-70,
-99,-114,
-54,-73,
-61,-119,
31,-107,
54,-97,
-15,-30,
-12,-58,
-37,-51,
-6,-35,
-63,-69,
-26,-19,
-31,-121,
-2,-57,
-26,-81,
-36,-127,
-106,-106,
-83,-151,
-65,-119,
-8,-41,
49,-21,
3,-9,
-35,-2,
20,-76,
30,-157,
34,-142,
-1,-70,
16,-63,
60,-66,
18,-115,
-26,-88,
-21,-98,
17,-23,
-99,-19,
-88,-70,
-35,-106,
-37,-67,
1,-82,
-4,-55,
-47,-47,
-40,-110,
-45,-64,
6,-70,
25,-65,
22,-105,
00>
_________________________________
00>
_________________________________
Sequence Number: 230
00>
00>
Printing STS0 CIR
00>
00>
_________________________________
00>
-58,-37,
-90,42,
14,34,
80,-29,
15,-20,
49,16,
77,18,
10,-18,
0,8,
-12,10,
28,53,
28,7,
-18,-87,
10,-39,
53,-25,
80,33,
3,60,
-42,34,
-15,44,
24,21,
-25,-25,
10,-13,
-57,-2,
32,33,
4,-20,
-1,11,
-41,0,
-15,24,
48,-22,
72,76,
50,38,
-5,32,
-28,-8,
6,-15,
32,80,
26,42,
-58,5,
5,50,
39,35,
64,-14,
31,-42,
9,34,
40,4,
115,18,
10,-34,
13,-43,
3,-17,
27,22,
-12,-8,
26,-19,
-25,-49,
-7,-49,
-14,2,
25,8,
56,15,
2,80,
-38,147,
-23,21,
6,-19,
37,-8,
28,28,
75,25,
47,20,
60,1,
-8,-37,
-39,-34,
-1,18,
11,-23,
-19,-96,
-12,-60,
-19,-14,
8,43,
-44,46,
46,-13,
35,-33,
29,-32,
29,-56,
57,-12,
17,-13,
-16,0,
-42,38,
-47,-27,
4,-10,
-20,-19,
-7,-9,
40,38,
36,49,
7,-1,
-26,6,
2,13,
-8,-41,
-31,-72,
34,-35,
-20,32,
23,5,
33,-22,
45,20,
12,-8,
26,13,
2,-3,
17,21,
32,35,
28,55,
41,41,
32,-56,
41,-50,
-47,-4,
-65,13,
-2,-9,
42,51,
-21,-42,
-4,-37,
30,26,
25,39,
-42,21,
-40,-63,
-68,-94,
-40,-81,
-45,-8,
-40,48,
24,-91,
-17,-26,
34,-59,
9,-19,
-31,51,
46,45,
37,20,
81,-33,
45,-28,
35,29,
-21,44,
-33,7,
-31,19,
18,5,
36,64,
51,16,
82,-1,
74,50,
28,-2,
-20,-29,
21,60,
23,24,
1,-2,
30,-3,
-34,-22,
-65,-61,
-104,-12,
-89,97,
38,83,
8,56,
34,29,
19,37,
46,4,
13,14,
-17,-2,
17,4,
44,51,
87,106,
-24,61,
-30,43,
26,45,
25,-9,
19,4,
27,14,
53,89,
89,106,
17,55,
-14,-20,
-31,-36,
-7,43,
104,61,
48,32,
33,-75,
-42,-39,
-13,-3,
-35,-31,
-35,30,
-26,-8,
-14,42,
15,123,
59,74,
2,48,
60,25,
-46,-20,
-14,-1,
-11,67,
-41,-50,
-39,-56,
29,-73,
-56,-35,
-14,-51,
25,50,
52,115,
26,43,
-11,-55,
14,-28,
-17,18,
-37,-2,
-16,-36,
4,42,
-76,11,
-40,29,
17,-28,
65,-18,
45,2,
11,-3,
5,9,
-19,51,
30,20,
-4,17,
-23,34,
25,-22,
-33,-22,
35,-35,
6,-19,
35,-32,
-13,27,
20,-10,
-12,-68,
-9,0,
-14,-18,
9,-20,
-40,22,
-39,27,
-8,12,
-59,22,
32,4,
-31,-54,
21,-4,
54,17,
56,67,
-1,-11,
-17,-35,
13,-33,
61,41,
-12,25,
5,8,
12,43,
22,36,
16,-14,
-36,-51,
30,31,
-17,32,
0,54,
-9,-12,
-2,-21,
14,-33,
-31,-36,
-8,-3,
-28,-34,
16,-11,
-34,-20,
33,26,
-37,33,
-44,46,
-10,65,
-45,13,
-10,-15,
33,21,
4,24,
53,93,
45,74,
70,77,
3,28,
-108,-20,
-53,-6,
-7,13,
-43,-10,
-60,44,
-14,31,
-40,9,
-8,7,
-47,-10,
17,-54,
32,-6,
83,67,
52,62,
18,45,
-73,-24,
-91,-44,
-5,-39,
-15,-6,
-53,-39,
-57,-27,
-135,-43,
-77,-50,
19,0,
1,23,
15,21,
-9,-9,
-2,-32,
-36,-53,
-7,18,
-1,73,
-57,98,
-17,2,
32,-43,
-45,2,
-52,66,
1,69,
41,0,
-10,42,
-67,24,
-112,-11,
-29,-37,
-29,12,
-18,26,
-73,37,
-35,-35,
-29,-51,
-64,-84,
-22,-10,
24,76,
-23,19,
-52,17,
-13,48,
-8,130,
78,61,
20,-51,
-54,-24,
-75,17,
-21,30,
42,-15,
34,15,
49,-8,
18,8,
-60,16,
-30,-2,
95,-5,
26,-10,
-15,5,
-25,-33,
-63,8,
28,-10,
12,4,
-12,-10,
-27,13,
-16,-6,
-2,7,
11,19,
74,64,
71,66,
67,20,
-44,-14,
29,10,
32,13,
55,-5,
8,-18,
-12,-52,
41,4,
-36,38,
21,20,
-2,62,
-109,-24,
-356,758,
-2853,4703,
-5357,6873,
-6041,6516,
-5332,5092,
572,-658,
2448,-2129,
451,-415,
262,519,
2331,579,
3720,120,
1822,-249,
-724,-268,
-2837,-281,
-2792,-254,
-1080,-128,
99,84,
202,-169,
-589,-480,
-901,-774,
-1158,-1161,
-231,-380,
627,-133,
537,-37,
176,107,
-134,121,
-180,-179,
7,-433,
44,-450,
-7,-318,
3,-292,
-27,-192,
-7,-193,
136,-399,
-10,-47,
76,77,
279,187,
222,132,
118,-144,
-61,-243,
-177,-406,
-307,-599,
-281,-592,
-265,-366,
-104,-289,
163,-232,
503,-174,
456,-8,
164,25,
-95,10,
-82,-70,
29,19,
179,46,
215,-143,
209,-232,
76,-83,
72,-83,
103,-90,
186,103,
26,151,
-80,145,
-211,-12,
-272,58,
-240,209,
-238,266,
-330,181,
-161,-132,
-48,-111,
123,-348,
125,-393,
257,-418,
173,-86,
216,8,
252,50,
348,-138,
344,-256,
524,-241,
1039,-168,
1015,24,
595,178,
183,164,
-81,136,
-19,2,
2,-4,
82,-217,
-2,-141,
16,-142,
17,-134,
32,-153,
100,-148,
120,-98,
41,-12,
47,29,
23,9,
41,40,
50,52,
40,-3,
181,-135,
-22,-30,
-61,-46,
-66,-79,
21,-94,
131,-92,
74,-65,
39,-71,
26,-51,
12,4,
45,19,
95,-92,
110,-105,
91,-39,
7,-18,
97,-36,
183,-52,
120,65,
115,73,
10,25,
40,23,
110,-41,
-27,-31,
50,-60,
32,-87,
107,-49,
53,5,
0,-27,
-16,44,
33,14,
-6,-20,
23,29,
58,-40,
5,-7,
-33,-49,
34,24,
75,-44,
81,-50,
14,-35,
-35,-67,
-29,-57,
-98,-41,
33,-36,
26,-63,
-7,-47,
-41,-83,
-63,-52,
15,-57,
52,-86,
21,-15,
-5,-16,
-20,-83,
-9,-165,
-4,-143,
21,-58,
35,17,
16,46,
40,35,
45,24,
76,8,
53,-47,
00>
_________________________________
00>
00>
Printing STS1 CIR
00>
00>
_________________________________
00>
21,-80,
5,46,
38,30,
0,11,
76,12,
104,41,
41,5,
19,-15,
-31,10,
-39,26,
-30,44,
-49,-5,
-7,-5,
3,13,
4,44,
16,23,
-18,-5,
31,33,
-14,33,
-36,86,
-15,18,
33,26,
19,29,
6,17,
-5,40,
-2,47,
22,33,
55,-2,
63,74,
94,51,
-4,16,
-32,-22,
13,-46,
94,-55,
25,-16,
43,-5,
-16,-18,
-21,13,
-33,40,
-68,67,
-45,39,
26,24,
8,53,
7,29,
-26,32,
36,14,
4,25,
13,15,
-4,27,
-13,4,
-12,-41,
-13,-95,
-7,41,
54,28,
64,59,
101,9,
25,20,
-31,18,
-22,-3,
58,18,
96,61,
11,48,
-26,53,
26,91,
25,36,
34,25,
16,2,
-50,31,
20,25,
-1,22,
32,28,
-8,26,
-38,45,
-17,37,
12,125,
-35,63,
-35,-46,
-25,-60,
-7,-29,
19,6,
22,45,
11,44,
-42,59,
34,-22,
-2,16,
-34,-38,
45,17,
17,83,
-37,90,
-10,5,
-55,-15,
9,-5,
37,32,
21,12,
26,-17,
-4,1,
-32,11,
-61,26,
-9,93,
-48,38,
-28,-5,
0,-35,
36,10,
-22,3,
26,20,
-11,15,
-3,-29,
4,-15,
0,55,
27,25,
18,14,
-16,-5,
-2,32,
-15,10,
34,79,
41,66,
-13,55,
20,-29,
-5,0,
4,-40,
-36,24,
-83,49,
-88,7,
-21,80,
-6,95,
19,113,
23,47,
-1,24,
-25,30,
14,-30,
59,15,
-4,27,
10,82,
-3,47,
-20,47,
-18,40,
29,56,
45,13,
0,50,
2,66,
10,26,
41,-10,
0,-27,
27,20,
-1,55,
47,17,
34,44,
25,-34,
-18,-13,
-6,-30,
66,13,
-45,59,
6,99,
29,63,
4,36,
-36,50,
27,24,
46,18,
16,-19,
-1,-22,
-54,80,
1,-33,
13,-8,
-29,-39,
-35,-5,
-2,-8,
-3,-16,
-18,61,
1,62,
-3,63,
-13,71,
19,21,
26,1,
-56,52,
7,51,
47,25,
22,-11,
-12,42,
-36,8,
23,57,
20,28,
37,45,
42,80,
0,68,
-4,65,
36,64,
-30,66,
-1,-9,
-2,45,
5,27,
47,34,
23,45,
43,42,
25,76,
-36,35,
-61,125,
25,9,
31,50,
25,100,
65,57,
-8,125,
59,132,
17,55,
23,58,
10,-32,
4,-9,
-36,-23,
-44,-8,
0,11,
-32,36,
15,49,
23,65,
-22,6,
13,61,
16,-23,
8,2,
57,-28,
31,10,
21,-18,
-20,15,
-32,55,
-32,57,
-11,48,
22,77,
19,18,
27,44,
-25,40,
-48,-20,
-6,17,
-5,-40,
-21,33,
14,-31,
34,-2,
-35,25,
-26,-16,
-72,-75,
-5,-25,
15,41,
-46,13,
-49,25,
13,38,
54,0,
36,33,
52,78,
25,10,
-4,-10,
-77,40,
-60,51,
-33,3,
-27,34,
-27,67,
10,44,
43,18,
3,75,
-26,31,
-28,89,
16,82,
20,-18,
-20,-28,
-28,72,
46,85,
43,114,
35,25,
-41,47,
-46,33,
-1,63,
-27,8,
3,78,
-11,91,
2,61,
-1,50,
59,13,
10,57,
-39,80,
-23,41,
14,96,
86,85,
73,108,
26,-17,
-51,-12,
-14,-38,
-9,15,
-34,53,
-30,38,
9,44,
13,57,
-20,-3,
-14,-5,
-2,4,
-8,-2,
-5,22,
-84,97,
-69,19,
-62,-27,
-135,27,
-47,71,
-67,65,
-40,7,
-43,8,
-36,61,
-31,53,
-10,-10,
17,-26,
-10,11,
0,42,
13,59,
-23,-29,
-4,60,
-44,47,
-16,-26,
0,14,
-13,52,
-67,32,
-82,-7,
-65,-62,
39,-25,
-7,82,
11,72,
-28,38,
-68,21,
-20,93,
-93,68,
4,40,
-113,24,
3,54,
15,12,
44,-25,
-16,-60,
-32,23,
-21,71,
-6,62,
-84,30,
-55,-44,
-48,-11,
3,-44,
50,16,
-21,38,
-26,29,
18,43,
15,63,
32,14,
-10,-42,
13,-27,
8,-7,
38,43,
48,44,
23,45,
-4,80,
5,89,
22,71,
-3,42,
-66,37,
-38,22,
-28,129,
-312,939,
-2181,4070,
-4773,6764,
-5334,6217,
-2831,3443,
2084,-663,
2268,-1229,
-449,-730,
-2093,-1793,
-1787,-3245,
-847,-2896,
-259,-1155,
528,-332,
1780,-482,
2743,-572,
1929,-213,
408,31,
-706,-67,
-946,-731,
-1149,-1183,
-1307,-1452,
-877,-561,
-137,-174,
291,-25,
320,133,
80,109,
140,-120,
339,-315,
292,-293,
-170,-161,
-612,51,
-511,234,
-61,431,
258,705,
391,397,
243,251,
340,-27,
167,-15,
-144,158,
-347,252,
-647,126,
-592,-251,
-145,-393,
270,-187,
196,-28,
-13,-74,
-213,-106,
-169,20,
-16,174,
83,311,
174,180,
148,11,
350,-418,
307,-286,
222,-63,
98,78,
28,-193,
-40,-551,
-107,-659,
-79,-349,
-52,-181,
-101,-142,
-129,-45,
-242,68,
-228,31,
-152,35,
144,30,
267,181,
313,346,
102,369,
-72,272,
-9,116,
50,-12,
60,-209,
102,-255,
116,-287,
243,-266,
622,-211,
925,-94,
649,128,
117,172,
-18,106,
25,40,
69,107,
-35,43,
-16,33,
-7,6,
40,69,
43,112,
-28,95,
18,87,
29,39,
39,14,
58,43,
43,73,
11,0,
0,-11,
7,-2,
-7,-37,
-60,-48,
-96,-78,
-11,-92,
76,-39,
25,-3,
40,0,
31,1,
41,26,
10,58,
73,72,
82,37,
96,-15,
31,6,
37,42,
51,73,
34,60,
51,-11,
87,5,
88,-2,
4,18,
-38,22,
31,-33,
51,-44,
57,-30,
15,-106,
93,-60,
77,13,
65,5,
42,6,
40,-1,
42,-23,
23,42,
71,39,
212,-39,
55,12,
12,0,
-40,-1,
-67,22,
-17,36,
-24,91,
-64,89,
12,45,
12,20,
-31,1,
11,3,
54,-7,
54,26,
10,6,
8,-10,
51,17,
72,18,
14,17,
31,-21,
69,10,
96,18,
87,20,
57,55,
49,48,
35,7,
00>
_________________________________
00>
RX Timestamp: 618933551072
00>
Clock Offset: -1617.908 Hz, 0.203 ppm
00>
RX Timestamp: 620004924078
00>
Clock Offset: -2826.691 Hz, 0.354 ppm
00>
_________________________________
Sequence Number: 107
00>
00>
Printing STS0 CIR
00>
00>
_________________________________
00>
-17,-78,
-2,-26,
-41,7,
14,-18,
6,14,
14,-12,
-23,-10,
-12,-6,
4,2,
5,56,
-36,-30,
-11,-27,
0,-51,
-41,-41,
-24,17,
52,10,
-61,-11,
-4,-2,
-11,-61,
56,-76,
11,-62,
-28,-46,
-20,59,
-65,46,
-14,41,
29,-14,
23,-44,
10,-5,
27,27,
-42,19,
-98,17,
-11,-15,
-12,-66,
-27,-29,
-25,29,
70,-19,
21,-27,
-46,-10,
-25,28,
-10,45,
45,56,
26,26,
28,-23,
-27,-26,
10,-102,
-18,-44,
-26,30,
11,21,
-53,21,
-54,-25,
7,15,
-30,-26,
-73,15,
-91,-27,
-53,-3,
28,3,
44,12,
24,24,
11,40,
-9,81,
-23,62,
-79,-10,
-95,-57,
-23,2,
6,24,
27,64,
-47,-23,
-72,5,
-113,17,
-62,2,
-27,-3,
-13,-28,
-23,35,
-38,5,
-23,-9,
-42,4,
-19,39,
-1,73,
31,-37,
13,-27,
-117,-15,
-75,16,
-26,43,
-28,-16,
12,-44,
9,6,
8,56,
-7,-31,
26,-13,
46,-13,
-22,3,
4,-42,
18,16,
-4,55,
-58,62,
4,36,
42,12,
37,-26,
-3,-72,
-32,34,
0,120,
-35,69,
-37,65,
4,33,
56,24,
66,12,
-66,-43,
-8,-20,
15,49,
35,48,
98,-11,
0,-40,
-25,28,
-25,77,
41,64,
-34,25,
-49,36,
-23,8,
-17,-56,
77,-97,
20,-65,
-6,-19,
-25,-53,
-51,-54,
19,-8,
58,22,
86,78,
62,63,
-22,93,
-4,22,
5,-19,
27,-64,
45,-9,
-3,-1,
-58,-27,
53,-93,
42,-62,
93,-140,
-28,-63,
-65,-23,
-9,11,
11,24,
14,32,
0,54,
-8,48,
64,26,
0,18,
-21,38,
-55,-15,
-8,40,
39,62,
61,0,
22,16,
-34,10,
2,27,
13,16,
47,12,
61,57,
61,70,
-9,-38,
-52,54,
9,52,
34,34,
15,78,
-7,16,
-38,-64,
-52,0,
33,88,
34,85,
45,-19,
78,-81,
-25,-64,
-81,56,
-24,106,
53,57,
-17,79,
14,62,
3,130,
39,97,
-2,-8,
29,-22,
-16,-68,
-3,-21,
41,17,
7,-2,
-62,57,
-13,100,
25,94,
0,-48,
-13,-45,
-47,-32,
-10,17,
28,-23,
-21,-4,
-65,42,
-34,63,
-2,-20,
45,15,
21,54,
-2,36,
-43,5,
-28,48,
-52,52,
-45,20,
4,40,
-25,-3,
-42,-33,
68,-34,
-17,-23,
38,6,
-18,1,
-1,43,
8,38,
-37,-63,
-16,-36,
35,-75,
47,-41,
-27,91,
-34,79,
-29,-3,
-12,2,
-5,48,
-69,-4,
-17,12,
32,18,
3,56,
-2,66,
11,63,
11,19,
39,-22,
36,38,
37,35,
52,-28,
27,-66,
12,-88,
-25,-32,
-11,10,
-6,36,
-6,38,
2,-36,
-14,-57,
46,-53,
14,16,
-51,49,
-29,-23,
18,-36,
36,2,
-2,-50,
13,-29,
-34,-93,
-93,-14,
3,-5,
-10,-14,
-11,-46,
-45,-65,
-5,39,
40,-17,
53,-30,
0,-40,
44,-25,
-19,54,
13,17,
-1,52,
0,26,
-7,-17,
-18,2,
-8,20,
-40,-4,
-31,-21,
-12,79,
-16,-4,
5,-53,
33,-48,
23,34,
27,17,
50,30,
19,-61,
-4,-36,
32,-36,
63,36,
-53,44,
-41,5,
-32,35,
-32,-6,
-3,8,
40,46,
3,1,
-82,-45,
-46,-42,
6,43,
108,-8,
101,65,
1,68,
-40,44,
-42,43,
-10,-19,
-57,45,
-13,-8,
68,-21,
39,51,
38,17,
-20,22,
-24,-56,
9,24,
56,12,
22,56,
47,81,
10,3,
2,-1,
22,49,
10,68,
-93,-42,
-37,-44,
-82,34,
19,61,
17,36,
-20,103,
-22,24,
-69,17,
-69,28,
13,30,
26,15,
-20,-22,
0,30,
-5,93,
-30,21,
32,10,
38,23,
48,-44,
50,-38,
55,1,
3,-31,
-13,-83,
-87,43,
-74,62,
25,50,
66,-46,
42,-57,
29,-56,
-31,-66,
-22,2,
2,48,
-50,53,
-40,82,
-15,50,
47,1,
55,9,
36,88,
-44,32,
21,-38,
15,0,
-68,-4,
29,-59,
33,-45,
9,80,
-61,48,
44,34,
181,76,
1144,940,
3545,3679,
4670,5785,
3670,4991,
933,486,
-66,-2219,
263,-1057,
-63,1043,
-1390,1766,
-2103,1334,
-1414,715,
-479,73,
-316,-776,
-474,-1404,
-377,-1180,
-60,-352,
5,287,
-279,580,
-662,668,
-963,1136,
-656,1216,
-278,702,
-78,1,
-36,-157,
5,103,
28,191,
42,40,
-104,-191,
-161,-355,
-113,-114,
0,98,
-40,35,
-40,-305,
12,-396,
-3,-169,
-129,-23,
-19,67,
7,1,
-67,-3,
-215,54,
-195,129,
-112,-2,
-31,-119,
146,-170,
218,-50,
164,-31,
-28,-123,
-68,-180,
-74,-57,
1,37,
-86,53,
-110,-71,
-136,-175,
-7,-168,
143,-79,
206,-42,
71,-70,
-118,-221,
-172,-284,
-166,-234,
-51,-137,
53,10,
90,103,
72,68,
-61,100,
-243,109,
-273,85,
-236,96,
16,-9,
44,-180,
-25,-186,
-13,-74,
86,-78,
43,-102,
-108,-28,
-275,-47,
-351,-185,
-323,-359,
-139,-462,
23,-285,
201,-54,
223,78,
51,-48,
-8,-1,
-102,14,
-29,21,
-22,20,
-53,-5,
-78,55,
-139,75,
-118,41,
-25,-30,
-7,-38,
15,-24,
31,86,
5,68,
-77,94,
-4,5,
-13,12,
45,6,
3,29,
9,-15,
-70,-50,
-28,-126,
75,-103,
61,-21,
26,12,
25,-77,
8,-106,
-74,-77,
-112,-5,
-74,9,
-21,-4,
-69,-96,
-23,-17,
-2,24,
-42,16,
-43,53,
38,-22,
-69,-52,
-22,-51,
-58,-9,
-119,-54,
16,-77,
-20,-146,
11,-131,
-42,-134,
-37,-106,
-44,-70,
-38,-29,
23,-52,
-5,-83,
-18,-6,
-55,-53,
-12,-125,
29,-39,
14,-45,
10,-136,
-32,-128,
-72,-47,
10,8,
-11,-18,
-27,-23,
-62,-40,
-20,-2,
-45,-51,
50,-36,
-49,19,
-49,22,
-63,-54,
-88,-65,
-71,-29,
3,-50,
51,-123,
00>
_________________________________
00>
00>
Printing STS1 CIR
00>
00>
_________________________________
00>
88,10,
6,-9,
54,12,
-38,11,
-6,52,
13,31,
85,-53,
10,-38,
-7,-65,
18,-14,
-2,-18,
-47,-24,
27,-6,
1,-2,
-61,-42,
23,-122,
30,-56,
24,-48,
-4,10,
1,-35,
-20,54,
-33,40,
-11,-32,
59,-88,
7,-91,
27,-10,
73,29,
-24,-16,
-62,4,
-8,1,
-18,-42,
-6,-19,
31,-1,
8,-23,
13,-15,
-7,-33,
-29,45,
-10,3,
-76,36,
-69,33,
46,-60,
30,-1,
-45,61,
-41,29,
37,9,
0,-2,
17,-4,
33,38,
48,36,
-14,-26,
46,-36,
67,-46,
31,15,
-3,-11,
36,-51,
30,-29,
57,-22,
-20,20,
-78,43,
-6,-16,
102,30,
94,10,
-7,-8,
9,-2,
19,-33,
1,-58,
12,-16,
7,27,
-26,83,
0,75,
3,0,
-53,-53,
13,-48,
-5,45,
3,31,
46,17,
30,-48,
-18,-21,
-28,22,
55,23,
26,-42,
34,8,
-26,-7,
4,-18,
87,8,
5,23,
-6,19,
-16,0,
-26,71,
23,68,
85,-16,
24,-38,
-83,18,
-53,33,
18,44,
-64,-37,
-17,26,
10,5,
-31,5,
-97,-81,
-49,-58,
11,16,
5,52,
64,28,
-13,-39,
-21,0,
29,-3,
51,12,
32,5,
-84,-10,
-85,-16,
-23,18,
18,12,
89,7,
64,-33,
-54,37,
-52,37,
-37,62,
12,21,
72,-9,
57,-8,
-2,14,
-91,10,
-14,-15,
34,-30,
5,47,
16,60,
35,73,
-32,26,
-16,-54,
47,-37,
8,41,
60,50,
34,53,
-23,-5,
-62,25,
-67,6,
-27,-27,
-10,30,
-25,-14,
34,81,
41,18,
58,29,
50,11,
15,-97,
51,-9,
96,32,
-2,29,
25,22,
32,-27,
1,-16,
-12,-64,
18,-75,
-39,-28,
-5,42,
44,-14,
73,41,
90,21,
10,68,
-31,-21,
-5,-28,
67,-42,
50,18,
-17,0,
3,-22,
35,-13,
-26,13,
17,5,
40,-44,
22,-59,
-78,-6,
-130,1,
-11,35,
48,33,
81,-38,
10,-14,
27,21,
5,52,
82,-14,
57,-28,
4,6,
12,32,
-10,-20,
-30,-3,
29,-102,
44,-53,
7,-18,
-9,58,
-33,21,
25,-5,
-4,-76,
20,-88,
4,-76,
22,-22,
-13,69,
8,21,
51,13,
-9,-15,
20,19,
57,56,
-24,-28,
-37,-6,
-8,-15,
6,9,
81,25,
14,-26,
37,-6,
-39,14,
-65,34,
-35,-19,
-31,-13,
45,-1,
22,8,
-14,-36,
-2,-13,
3,81,
-20,152,
-12,139,
19,46,
-2,-39,
-6,-21,
-51,-15,
-49,49,
47,28,
101,-2,
108,2,
29,50,
-11,15,
-6,2,
80,22,
101,39,
-4,13,
-11,-20,
-13,10,
-32,1,
-30,24,
19,14,
14,17,
-12,40,
25,13,
-23,30,
-33,-41,
0,-4,
22,52,
47,54,
56,-17,
27,-35,
2,-6,
-48,60,
-50,25,
-23,18,
34,48,
3,102,
-15,43,
-48,-87,
-11,-43,
96,2,
82,28,
134,-14,
32,4,
-60,20,
16,5,
13,2,
50,-60,
22,-48,
-38,-50,
-16,45,
22,0,
-20,-37,
17,4,
16,60,
-9,11,
-29,-41,
-14,-61,
-51,-2,
49,-23,
57,38,
-30,-3,
-22,7,
-70,-5,
-3,13,
-12,17,
71,13,
0,50,
33,35,
5,-30,
-8,-10,
-21,-11,
30,-23,
-78,14,
-38,-51,
-69,-32,
-23,19,
10,21,
48,44,
88,-12,
116,-80,
31,-60,
47,-5,
-31,33,
-50,10,
-18,57,
20,25,
32,42,
37,-27,
-20,-30,
-66,-41,
-33,30,
-48,54,
-16,56,
27,28,
-26,-12,
-55,95,
-38,80,
-90,69,
-32,99,
13,37,
31,-17,
-5,-67,
-62,-71,
-11,6,
-55,96,
-43,30,
0,-38,
-42,-34,
12,12,
76,1,
65,-13,
3,35,
-27,7,
-66,-19,
-41,-35,
30,-27,
-18,3,
13,73,
-101,107,
-24,1,
-29,6,
1,8,
-7,28,
66,69,
37,30,
-13,15,
-29,22,
11,-33,
16,13,
-24,32,
35,-8,
-31,10,
-6,42,
19,-17,
51,-78,
-33,-70,
-19,-19,
14,16,
25,48,
12,14,
205,95,
1297,598,
3903,2483,
5547,4329,
4433,3480,
1071,-377,
-527,-2887,
345,-1719,
2156,448,
3677,1392,
3691,763,
2175,-332,
527,-616,
145,178,
599,1122,
796,1236,
313,670,
-284,41,
-624,-80,
-578,318,
-812,738,
-705,492,
-401,14,
87,-322,
269,-179,
307,157,
59,256,
-173,140,
-230,-12,
-184,-54,
-158,-16,
-210,-39,
-248,-191,
-198,-316,
-300,-298,
-196,-56,
-359,-73,
-275,-19,
-323,-27,
-239,58,
-126,120,
84,215,
41,276,
-130,218,
-285,130,
-289,22,
-185,-45,
-217,-104,
-184,-59,
-263,-2,
-200,31,
-123,41,
-31,80,
55,16,
18,-57,
-22,-9,
-15,-175,
-17,-158,
70,-305,
132,-187,
90,-38,
40,54,
19,-16,
63,36,
68,41,
-2,117,
-123,123,
-127,7,
-104,-65,
-42,-91,
45,37,
-52,71,
-153,27,
-85,22,
-12,-71,
-187,-129,
-408,-67,
-524,-103,
-501,-265,
-429,-397,
-222,-236,
33,0,
227,73,
119,0,
-38,-27,
-64,-40,
41,-14,
87,-65,
119,-52,
57,21,
7,-29,
-94,-94,
-110,-121,
2,-143,
5,-8,
59,44,
-31,0,
-30,-21,
-99,22,
-83,1,
-31,-14,
-2,-16,
-34,-34,
-26,-69,
-29,-42,
-88,3,
-121,-11,
-144,-45,
-64,-63,
-64,9,
-81,-46,
-73,-33,
-105,-40,
-104,-3,
-87,-52,
-134,-44,
-91,-46,
-52,47,
0,31,
-90,-12,
-70,21,
-82,-9,
-22,33,
-91,-12,
-44,-59,
-133,-39,
-120,-56,
-67,-4,
-66,27,
-41,29,
-65,-36,
-83,-14,
-86,-111,
-85,-88,
-88,-131,
-35,-61,
26,-16,
1,27,
-63,6,
-87,-13,
-158,-39,
-49,-39,
-78,4,
-133,-6,
-84,-74,
-30,-65,
-85,-37,
-23,16,
-82,39,
-95,93,
-37,-10,
-65,-26,
-51,12,
-100,-13,
-96,-99,
00>
_________________________________
00>
_________________________________
Sequence Number: 110
00>
00>
Printing STS0 CIR
00>
00>
_________________________________
00>
-24,-44,
30,-43,
33,-54,
44,32,
15,50,
40,81,
-17,13,
-16,-11,
3,-11,
47,46,
-20,12,
-80,-32,
-85,-73,
-5,15,
19,33,
47,59,
4,-19,
2,-44,
41,-60,
-26,-7,
-74,-28,
54,33,
33,35,
-8,15,
-8,-37,
4,4,
-38,84,
-34,40,
-41,44,
17,47,
51,15,
-19,-12,
-3,-24,
15,-27,
-9,27,
-1,36,
-4,35,
14,22,
30,44,
42,22,
39,-22,
12,12,
-37,25,
69,61,
45,31,
32,37,
36,53,
67,24,
18,-30,
-3,49,
-23,-36,
-78,1,
-52,3,
-7,-57,
45,-28,
55,-19,
27,-6,
-9,59,
36,39,
57,-20,
39,-35,
26,-8,
-46,-55,
86,-41,
49,20,
-1,2,
-67,-29,
-27,-38,
22,11,
42,51,
-28,30,
-51,-42,
-46,-1,
10,-9,
-30,53,
10,2,
26,30,
-4,1,
-30,-33,
-24,-42,
-16,-64,
42,12,
-80,6,
-53,-46,
-25,-13,
34,-9,
12,3,
-12,19,
-75,-69,
-40,-5,
1,46,
27,4,
26,-48,
-20,1,
47,35,
21,7,
60,-11,
28,24,
-68,66,
-43,13,
-18,-11,
-59,32,
12,31,
113,-10,
-3,-1,
-76,-8,
-56,24,
52,42,
87,25,
17,27,
-39,2,
-43,-6,
-47,4,
-64,-44,
-18,-54,
-37,-45,
-70,-98,
-36,-46,
6,-12,
39,-15,
28,28,
21,-7,
-103,45,
-40,63,
-1,19,
27,-21,
-71,-37,
-12,6,
10,-22,
-4,-6,
29,-24,
-19,31,
-20,27,
-1,-18,
-9,-6,
86,-32,
18,25,
-10,30,
17,-24,
-6,-30,
37,-10,
23,17,
17,-4,
-13,12,
31,-4,
-9,20,
-53,17,
-2,-22,
-35,-18,
-28,-68,
-12,-1,
-33,17,
-30,-20,
-56,42,
17,25,
-49,63,
-36,-28,
-38,-10,
-10,-85,
62,-21,
33,-12,
-8,-71,
-5,1,
-10,5,
81,89,
83,19,
14,43,
32,14,
-86,12,
-24,40,
61,-13,
82,-12,
36,-22,
40,7,
1,29,
-25,2,
18,-21,
-38,28,
44,48,
22,36,
50,101,
15,69,
-4,-39,
18,-44,
29,-17,
-4,-30,
46,-49,
36,-62,
-30,-15,
-23,-12,
-36,-7,
-32,21,
-43,76,
-4,46,
51,26,
9,43,
15,23,
20,26,
-23,-40,
-56,-11,
-19,11,
-33,86,
-29,39,
13,-1,
35,-42,
-42,21,
1,8,
26,1,
3,33,
23,24,
-34,-31,
-2,1,
-55,-48,
-82,-19,
-42,67,
-4,19,
20,15,
-18,-14,
-13,10,
-78,41,
-45,46,
-7,21,
31,-20,
23,-30,
9,-57,
0,-52,
-50,46,
-47,-26,
-22,-45,
-14,-67,
17,-42,
-30,-7,
-24,14,
41,8,
0,-15,
-16,37,
1,90,
8,34,
-33,-13,
-35,-24,
15,-16,
-25,80,
-71,72,
17,40,
68,0,
100,-10,
-12,48,
-25,92,
-12,20,
-33,-2,
-101,-34,
-13,2,
0,-14,
30,6,
29,1,
3,-26,
11,-38,
25,46,
14,84,
93,59,
94,60,
35,55,
-43,-13,
8,-95,
8,-32,
-11,-15,
-32,60,
-73,-16,
-43,12,
-26,0,
-70,85,
-33,96,
29,-7,
6,25,
-30,-60,
-16,21,
-10,34,
1,56,
30,25,
-13,-11,
5,-22,
1,-50,
20,1,
-15,19,
-38,9,
-18,39,
-10,41,
-17,7,
58,-27,
66,5,
2,-1,
72,16,
75,23,
48,49,
-2,26,
-55,-31,
-5,-23,
-19,11,
-56,34,
-109,10,
-54,-15,
4,-10,
54,23,
29,19,
16,13,
14,-33,
-61,-28,
4,-77,
-5,-29,
-38,44,
24,56,
71,58,
9,44,
23,2,
10,6,
11,0,
24,-20,
35,2,
17,-1,
-16,12,
-15,-29,
-43,4,
-46,-9,
-24,-8,
-13,-16,
49,-36,
19,49,
-21,69,
-2,20,
-31,59,
-61,21,
-10,15,
21,-20,
-32,18,
-32,56,
-22,22,
-6,29,
16,28,
54,4,
126,57,
93,61,
43,53,
-9,-17,
-65,-22,
-45,-13,
58,-34,
10,-38,
2,16,
-45,-4,
1,15,
-28,62,
19,50,
-59,64,
-316,805,
-2980,4851,
-5458,7010,
-6091,6647,
-5478,4987,
613,-705,
2447,-2132,
457,-384,
196,526,
2229,595,
3810,170,
1898,-247,
-655,-306,
-2786,-281,
-2710,-359,
-1086,-188,
60,-9,
224,-247,
-520,-569,
-881,-988,
-1128,-1240,
-194,-464,
603,-242,
438,-20,
76,88,
-112,111,
-85,-181,
79,-385,
66,-391,
57,-360,
-26,-231,
22,-181,
8,-250,
104,-392,
-35,-100,
41,44,
263,203,
111,207,
43,11,
-64,-246,
-157,-420,
-253,-521,
-196,-524,
-172,-401,
-89,-239,
215,-226,
519,-42,
356,-22,
73,8,
-166,53,
-87,-104,
-29,-43,
96,-102,
156,-170,
268,-283,
147,-123,
105,-77,
157,-13,
54,174,
-89,181,
-143,153,
-248,71,
-229,46,
-200,218,
-216,274,
-318,210,
-107,-145,
-39,-119,
190,-427,
204,-420,
336,-418,
124,-149,
191,28,
195,36,
349,-93,
456,-238,
467,-222,
945,-152,
1049,47,
546,162,
119,196,
-168,189,
-19,-15,
-7,-36,
-3,-132,
-4,-152,
-44,-135,
-18,-158,
25,-120,
70,-90,
87,-124,
68,-6,
20,-5,
58,47,
60,63,
77,34,
90,-9,
193,-114,
47,-23,
19,-35,
43,-13,
68,-78,
69,-173,
83,-47,
12,-27,
-15,-75,
-42,-79,
0,-23,
134,17,
155,-51,
58,-27,
-2,-45,
92,-71,
135,-25,
69,3,
55,23,
69,60,
104,-60,
100,-142,
29,-120,
10,-23,
37,-89,
40,-56,
2,-68,
6,3,
9,61,
14,24,
-64,-5,
17,-22,
30,-21,
71,59,
56,50,
76,-5,
96,44,
82,-21,
15,1,
-23,1,
-85,-51,
-31,-83,
-12,-90,
-26,-4,
-13,-6,
-62,-96,
-39,-72,
-4,-62,
-45,-81,
-22,-30,
-15,-18,
-79,-97,
52,-101,
119,-131,
21,-50,
-37,-24,
-31,-15,
84,-71,
124,-65,
65,-65,
5,-15,
-43,-46,
00>
_________________________________
00>
00>
Printing STS1 CIR
00>
00>
_________________________________
00>
24,58,
-34,10,
25,-3,
86,40,
57,34,
17,26,
-16,28,
13,17,
53,-14,
-43,28,
-68,52,
-64,34,
-20,36,
-1,9,
-16,-11,
-17,-58,
4,19,
33,59,
22,65,
10,23,
32,26,
3,30,
-15,59,
18,35,
14,22,
-40,7,
-18,2,
-48,4,
-40,-7,
46,24,
13,-23,
-36,46,
-54,11,
-23,-40,
0,-15,
7,56,
-13,34,
-9,13,
40,-16,
67,-43,
65,19,
8,23,
-1,58,
8,62,
-9,5,
15,-20,
-24,-42,
-22,-16,
6,-18,
31,50,
28,61,
-18,53,
-20,40,
-6,24,
-17,-2,
13,78,
51,37,
62,-9,
5,16,
31,59,
17,21,
41,-82,
8,-36,
1,-6,
-9,12,
-18,20,
-92,72,
-79,-18,
-47,-23,
-37,-2,
12,28,
10,47,
-1,18,
-11,69,
-17,48,
20,-11,
34,0,
71,-35,
85,15,
39,18,
26,4,
4,-43,
23,-43,
75,-28,
97,31,
-45,-5,
-19,8,
-70,10,
-3,-6,
69,46,
25,39,
-16,65,
-59,49,
43,59,
4,24,
3,67,
0,27,
-28,15,
-5,-15,
-8,-26,
-61,-9,
-17,-86,
-4,-65,
38,18,
-3,13,
-40,27,
-59,-28,
-68,12,
5,26,
54,75,
-17,23,
-36,0,
9,27,
33,46,
123,38,
113,70,
108,86,
26,49,
26,3,
21,24,
15,60,
-19,35,
-26,85,
10,8,
22,-32,
9,-14,
42,-29,
19,-22,
0,47,
-20,44,
-30,4,
-33,45,
33,84,
29,48,
31,29,
72,5,
7,20,
4,15,
-35,40,
-74,111,
-7,62,
-3,-20,
23,22,
53,32,
27,-35,
90,-40,
18,18,
-90,-22,
-80,-22,
-25,-28,
32,85,
32,112,
56,43,
4,-17,
41,-30,
21,28,
64,67,
14,-3,
-4,14,
-30,57,
47,15,
44,44,
72,98,
62,26,
84,11,
66,-42,
7,36,
39,43,
70,27,
-12,36,
-79,49,
-59,49,
-14,16,
0,-16,
58,64,
42,24,
90,-31,
23,-58,
-8,-17,
-1,49,
37,72,
-21,65,
1,38,
-16,1,
-37,-34,
-19,-2,
43,30,
32,71,
2,43,
-47,17,
-22,46,
-3,22,
62,1,
2,8,
-22,-17,
-16,-6,
0,-8,
18,39,
-15,68,
54,-15,
39,20,
70,35,
54,9,
8,11,
-40,5,
24,26,
27,37,
18,-6,
5,25,
15,30,
-64,70,
-10,15,
12,-15,
29,-7,
-2,15,
-10,-88,
-7,-40,
-41,37,
21,22,
113,-6,
-39,-18,
-4,9,
15,16,
30,135,
63,22,
24,37,
3,-31,
-63,-22,
27,40,
35,43,
54,29,
6,-17,
-5,27,
-24,8,
-45,-17,
53,-49,
14,29,
12,20,
47,4,
45,-39,
20,-8,
9,42,
-33,94,
39,42,
60,40,
28,46,
-28,83,
-25,11,
52,-37,
7,22,
-28,40,
-14,95,
-40,92,
-30,13,
-40,50,
-95,40,
-63,40,
20,14,
43,-13,
-11,-42,
-27,-50,
41,-37,
38,4,
32,22,
28,51,
5,26,
-43,-71,
11,-92,
60,29,
70,54,
36,37,
23,13,
43,67,
-19,49,
9,-25,
42,45,
30,37,
10,62,
10,45,
-19,-10,
4,1,
-37,-8,
32,57,
1,19,
-12,-10,
61,35,
85,29,
15,35,
10,66,
32,1,
52,1,
-30,-37,
-58,-37,
-38,1,
-30,31,
39,50,
50,47,
46,107,
67,94,
6,27,
45,-5,
26,39,
69,79,
67,46,
40,24,
35,47,
41,47,
-53,-9,
-67,-44,
32,-35,
29,21,
0,36,
-15,-32,
-14,-58,
-10,-12,
-20,-43,
-10,-6,
7,13,
7,21,
-39,88,
-27,39,
-14,-33,
44,-39,
8,-51,
2,-47,
104,33,
2,99,
-30,-1,
-15,-37,
-2,-57,
17,-12,
5,38,
29,8,
1,70,
17,54,
-29,65,
21,17,
53,-1,
20,0,
-4,-3,
3,19,
25,15,
16,20,
-7,32,
-45,-16,
-28,2,
21,26,
45,93,
38,28,
44,40,
18,54,
-14,29,
20,81,
-329,882,
-2301,4063,
-5049,6692,
-5588,6086,
-2856,3214,
2138,-557,
2336,-1069,
-443,-743,
-2050,-1934,
-1645,-3394,
-722,-2959,
-133,-1196,
572,-276,
1872,-225,
2834,-373,
1960,-96,
362,54,
-659,-181,
-908,-783,
-1100,-1144,
-1282,-1541,
-860,-691,
24,-259,
379,9,
343,83,
28,11,
71,-234,
319,-359,
299,-309,
-113,-262,
-499,-71,
-376,148,
-20,402,
186,644,
316,269,
234,150,
321,-71,
68,-42,
-254,223,
-328,203,
-550,39,
-418,-319,
-93,-456,
267,-271,
267,-82,
47,-78,
-234,-130,
-285,-55,
-66,177,
110,264,
186,157,
142,31,
396,-276,
338,-208,
301,-119,
166,-30,
5,-145,
-165,-537,
-95,-594,
-24,-343,
52,-201,
-3,-187,
-110,-100,
-254,75,
-322,110,
-183,87,
116,35,
277,154,
428,314,
240,344,
132,235,
80,11,
82,-67,
178,-138,
201,-226,
216,-245,
273,-248,
646,-205,
984,-25,
678,169,
187,147,
-2,149,
38,110,
83,142,
0,167,
-22,58,
-3,13,
30,77,
-25,70,
-66,185,
-48,201,
34,69,
54,65,
121,53,
83,3,
-29,2,
13,9,
10,2,
-27,15,
-74,-23,
-108,-126,
-60,-78,
60,-52,
46,2,
72,-17,
-8,-19,
43,-8,
114,-2,
72,50,
31,-24,
104,-59,
150,-41,
123,58,
45,160,
4,35,
24,-19,
38,-49,
71,-7,
-62,28,
6,-15,
70,-50,
68,-70,
78,-41,
-4,5,
-21,-22,
-9,-22,
21,0,
58,-9,
57,33,
78,-1,
86,28,
124,12,
280,41,
229,-56,
72,-24,
20,-20,
7,-4,
-21,63,
-1,82,
-7,34,
20,65,
-33,12,
-45,-2,
-33,-11,
45,-13,
-15,-94,
-38,-9,
-33,5,
29,-20,
50,23,
60,16,
59,45,
101,51,
146,46,
110,27,
44,41,
8,27,
-4,-8,
38,21,
00>
_________________________________
00>
RX Timestamp: 758937578414
00>
Clock Offset: -2305.984 Hz, 0.289 ppm
00>
RX Timestamp: 760009446547
00>
Clock Offset: 78.106 Hz, -0.010 ppm
00>
_________________________________
Sequence Number: 243
00>
00>
Printing STS0 CIR
00>
00>
_________________________________
00>
35,34,
43,42,
57,50,
10,-5,
-20,9,
-4,-7,
-61,-27,
-31,4,
-5,-20,
-62,21,
-30,48,
-28,13,
-12,-15,
2,-47,
-41,-38,
-10,-56,
9,-5,
0,32,
14,74,
22,30,
48,-2,
3,-24,
59,62,
64,6,
31,11,
12,-22,
-24,-19,
4,12,
5,-8,
-21,28,
-32,64,
-24,14,
-17,24,
52,23,
48,-3,
-7,1,
-3,-35,
27,-14,
44,-38,
54,-13,
37,-64,
30,7,
47,9,
19,24,
36,11,
69,32,
7,16,
18,19,
-9,-27,
17,13,
-28,42,
16,28,
3,76,
13,-8,
-56,56,
-48,-53,
-75,-44,
84,7,
69,17,
27,-4,
-61,-30,
-15,-45,
-23,10,
36,7,
37,55,
-11,16,
-22,24,
-4,-27,
3,-52,
-11,33,
55,29,
81,19,
78,-4,
83,7,
-7,-40,
-28,-21,
48,-3,
18,42,
-9,77,
-13,-5,
-7,13,
52,-23,
-37,-18,
-28,-3,
4,33,
38,31,
67,-25,
42,83,
46,77,
28,-10,
-21,-22,
0,-7,
-1,-44,
-11,53,
44,23,
18,-28,
9,-26,
-34,-32,
-56,-62,
-12,-20,
27,7,
15,-26,
-8,-58,
23,39,
50,32,
9,-4,
2,-19,
-28,-5,
-29,42,
-55,12,
2,4,
97,11,
58,-8,
34,9,
45,16,
44,22,
5,1,
-14,-29,
2,14,
8,-36,
33,-41,
-15,-61,
16,0,
20,16,
-3,12,
-27,37,
-11,2,
3,-3,
-16,-18,
-13,12,
-28,58,
8,-27,
14,0,
-13,-19,
-10,-26,
-48,-1,
-20,16,
50,37,
16,-42,
27,-38,
15,-12,
20,45,
-31,-35,
-27,-31,
32,18,
22,12,
-5,3,
-1,-15,
14,-2,
19,3,
2,7,
-1,41,
23,-4,
-2,-10,
49,-13,
-22,32,
-11,32,
-52,35,
-22,54,
-11,-56,
31,-27,
5,-12,
-41,19,
-18,43,
-11,21,
11,2,
-56,-33,
-52,21,
-26,41,
20,31,
98,3,
7,12,
-26,-21,
44,-10,
82,1,
29,19,
-20,8,
-15,8,
-20,21,
-13,32,
26,13,
-8,-21,
-27,5,
-41,-35,
-68,-60,
7,-53,
-37,-52,
12,-33,
10,-22,
46,-43,
41,11,
79,16,
30,-51,
3,-20,
-22,-54,
19,-20,
2,7,
-22,-6,
28,68,
72,39,
97,90,
69,-94,
25,-40,
-20,-23,
-6,37,
2,60,
-11,-3,
-5,-3,
-28,-6,
-17,-68,
-47,-85,
-113,23,
-70,1,
-16,-52,
-13,-27,
-41,-24,
-8,-17,
-34,15,
1,5,
-16,-3,
17,-45,
39,-17,
-12,-8,
45,-17,
-5,-31,
-12,-32,
-42,-38,
-22,-43,
-9,-10,
-40,-33,
20,41,
-1,-10,
-19,-33,
-50,13,
19,39,
-5,10,
-15,-8,
-40,12,
90,16,
55,-50,
6,-10,
10,-55,
20,13,
47,-47,
46,13,
-16,44,
-25,-2,
-69,-63,
-3,-9,
6,-56,
-37,-19,
7,23,
38,-9,
38,-27,
78,3,
15,-20,
-12,-25,
6,-1,
-20,-4,
-42,48,
1,32,
-24,46,
-35,35,
21,-15,
7,-40,
27,3,
-25,-98,
1,-22,
52,-42,
-26,-18,
-26,1,
-14,-5,
-1,9,
18,64,
-11,18,
73,-32,
39,-4,
55,18,
42,-5,
-56,-85,
-74,-88,
8,-70,
77,-42,
7,-25,
-33,2,
48,-49,
27,-50,
56,-30,
20,21,
4,-52,
1,-9,
-22,41,
-3,27,
30,-25,
19,-21,
14,-15,
42,34,
70,19,
33,-39,
-8,2,
-61,13,
10,-51,
48,-10,
12,-72,
-36,-9,
-23,38,
-5,26,
3,10,
-4,-60,
27,8,
-42,37,
-20,-3,
-4,15,
-10,-24,
-9,41,
-30,9,
-5,-3,
57,59,
83,-18,
44,-32,
-42,7,
-12,-2,
8,2,
-10,9,
5,27,
10,4,
-34,-81,
-12,1,
7,46,
-17,-67,
27,-65,
-29,2,
-18,-10,
-3,-1,
22,-39,
27,37,
18,24,
61,51,
-3,19,
8,-19,
49,35,
-10,8,
-57,-83,
-64,-16,
-10,9,
-21,59,
-25,-46,
0,-39,
38,-66,
45,23,
56,36,
71,3,
-37,-10,
46,-54,
76,15,
36,36,
11,61,
-311,744,
-2599,4788,
-4940,7240,
-5459,6856,
-2842,3434,
1911,-438,
2108,-197,
-296,403,
-2346,-686,
-2801,-2556,
-1704,-2126,
-478,-759,
448,-584,
1284,-1079,
1507,-1057,
752,-288,
-40,214,
-779,210,
-845,-513,
-1251,-978,
-2275,-723,
-1493,-217,
-487,-163,
18,-118,
-24,43,
-218,155,
-26,89,
176,-164,
260,-288,
124,-213,
-70,-8,
-71,30,
127,-14,
490,-142,
176,49,
-10,-40,
-38,-19,
-7,10,
20,-93,
-85,-162,
-386,-342,
-307,-352,
132,-173,
118,-20,
124,72,
155,66,
164,74,
83,13,
62,3,
23,9,
22,4,
20,-99,
231,-376,
258,-140,
233,101,
48,206,
89,112,
184,-93,
208,-212,
192,-187,
136,-174,
26,-43,
-63,184,
-46,171,
-63,100,
-223,-159,
-230,-201,
-180,-227,
17,-285,
101,-62,
177,-14,
152,-60,
123,62,
85,108,
47,-90,
25,-299,
82,-452,
262,-622,
522,-511,
378,-184,
212,101,
113,287,
21,35,
-3,-4,
-14,-73,
102,-35,
55,-38,
19,-32,
-135,-37,
-132,-74,
-101,-96,
22,-81,
40,-87,
89,-11,
-11,-6,
-32,27,
-6,-43,
7,-13,
-1,4,
-12,8,
5,-88,
4,-110,
97,-82,
106,3,
179,103,
157,23,
110,-21,
68,-28,
114,-72,
119,-63,
-20,-22,
-3,-77,
87,-98,
89,-167,
-25,-23,
-19,6,
32,-88,
-10,15,
8,-60,
32,-26,
48,-31,
97,-91,
13,-117,
47,-46,
150,-46,
259,-20,
263,3,
148,-23,
84,-15,
89,-91,
64,13,
54,34,
179,-97,
133,-78,
30,-67,
40,-11,
87,-53,
90,35,
102,15,
59,8,
31,-29,
2,-76,
-4,-66,
79,-41,
68,-88,
95,-45,
26,40,
7,50,
42,-44,
-9,-103,
73,-148,
80,-83,
142,-24,
33,-4,
65,58,
00>
_________________________________
00>
00>
Printing STS1 CIR
00>
00>
_________________________________
00>
36,-2,
-35,50,
-38,50,
34,49,
48,81,
-37,93,
-24,7,
3,11,
-25,0,
12,75,
-16,15,
62,7,
-16,-22,
-23,-7,
14,24,
-60,48,
-23,8,
17,-23,
-4,1,
-19,30,
-49,5,
-50,-6,
-66,-62,
-49,-44,
-10,-82,
-4,-9,
3,25,
-19,35,
16,69,
-54,84,
-32,2,
21,-1,
-52,-4,
-44,24,
15,-48,
-13,-76,
57,-12,
56,31,
121,106,
135,82,
130,103,
107,1,
100,-75,
70,-67,
40,-8,
66,7,
72,7,
48,29,
-38,-6,
4,-2,
83,-11,
30,27,
34,-19,
15,21,
5,8,
46,84,
14,14,
-54,-12,
-49,-7,
47,17,
58,22,
20,50,
17,21,
3,-3,
-1,-23,
-3,-20,
4,16,
-36,57,
-23,20,
-42,21,
-50,8,
-28,26,
8,53,
19,19,
-12,20,
-25,56,
17,47,
18,-7,
-20,22,
21,-8,
4,-15,
1,23,
-61,6,
3,70,
9,30,
1,30,
44,0,
70,15,
92,35,
-15,72,
33,-69,
-83,-26,
4,-12,
31,-50,
67,-1,
79,59,
25,14,
-19,39,
-51,13,
3,75,
49,36,
13,-5,
10,-37,
46,19,
39,43,
70,34,
82,-19,
70,-37,
18,-27,
30,42,
23,31,
3,-36,
27,-10,
19,-31,
25,-38,
-55,26,
-9,17,
44,75,
8,34,
-1,-16,
-33,-46,
-82,-56,
22,-36,
-1,-17,
3,-18,
41,52,
26,42,
-19,27,
-20,8,
-2,-22,
-2,-54,
-61,-14,
-26,-46,
-23,4,
16,41,
59,69,
85,73,
10,65,
2,41,
56,-28,
44,38,
-3,36,
-59,50,
-48,13,
-8,20,
9,-10,
21,-6,
13,23,
-10,14,
-33,-8,
-6,64,
27,83,
62,65,
-9,6,
-9,24,
-42,30,
-21,10,
3,-20,
-24,37,
22,26,
-12,-21,
25,4,
-7,86,
-11,55,
-15,27,
8,2,
-76,72,
-4,1,
-11,-31,
8,29,
-59,46,
-88,3,
39,34,
26,-3,
9,8,
49,-14,
5,13,
25,6,
-4,-29,
3,37,
34,26,
-21,35,
28,36,
-4,14,
14,13,
15,9,
16,-29,
-5,-9,
-22,-2,
-13,27,
15,15,
12,6,
0,11,
12,30,
21,9,
13,-32,
23,1,
14,37,
-16,28,
-38,26,
-57,-46,
-34,-4,
-50,23,
-42,26,
4,41,
7,54,
-38,10,
-16,-24,
-13,-20,
-46,27,
-31,25,
29,21,
6,-10,
-10,22,
-65,-14,
49,-8,
21,-31,
-47,19,
-9,-16,
-7,22,
6,19,
45,52,
71,14,
110,-10,
45,-26,
6,-38,
43,-6,
11,-36,
-12,10,
-4,15,
-104,17,
-23,15,
-70,-7,
22,-3,
10,-9,
2,19,
-34,44,
-4,-11,
-79,-49,
-16,18,
-4,45,
31,44,
24,-38,
-42,-53,
-33,2,
-17,21,
66,26,
-1,-21,
-20,-60,
-25,-47,
32,-15,
73,29,
28,29,
-72,38,
-125,30,
-39,-1,
-1,28,
-27,30,
-6,37,
43,43,
-1,67,
28,26,
-8,34,
82,23,
32,18,
15,-26,
32,-51,
26,15,
55,-5,
-16,48,
-6,12,
-9,6,
15,28,
3,29,
-30,30,
4,-32,
61,-61,
25,-19,
-12,-10,
-41,13,
34,32,
40,85,
-11,-8,
42,26,
58,69,
39,17,
37,44,
18,37,
-10,-81,
-5,-7,
29,7,
-3,39,
4,3,
6,-43,
20,-34,
-46,-28,
-18,-34,
-50,19,
-55,40,
-10,47,
-32,97,
8,1,
-32,65,
-56,72,
10,35,
31,-14,
48,18,
13,-29,
-6,-16,
16,13,
-3,24,
10,30,
2,-7,
-2,-9,
-64,48,
53,24,
-11,39,
1,2,
-17,-10,
-43,4,
-44,15,
-2,-36,
35,5,
8,-37,
52,-22,
1,-4,
-9,20,
-62,-6,
4,-23,
-70,5,
15,27,
72,43,
9,90,
-36,56,
-64,39,
-23,10,
-15,17,
26,2,
-21,30,
-45,30,
-8,41,
90,41,
82,-12,
-16,-11,
0,5,
35,6,
27,55,
-37,37,
16,-21,
9,-23,
20,-9,
49,1,
-8,-31,
40,-22,
49,7,
78,14,
-14,100,
-295,718,
-2267,3724,
-5341,6409,
-5855,5963,
-1931,2941,
3222,-72,
3788,257,
452,1924,
-1731,4421,
-1685,5454,
-217,3977,
672,1358,
224,340,
-907,552,
-1749,1016,
-1226,612,
-340,-134,
216,-918,
-276,-641,
-746,-892,
-897,-1322,
-312,-688,
498,-37,
289,450,
-77,498,
-265,157,
-199,-247,
-48,-315,
15,-161,
41,-124,
184,-138,
257,-259,
368,-255,
569,-446,
179,-101,
-19,-242,
147,-567,
127,-430,
106,-379,
-96,-255,
-240,13,
-345,96,
-244,-104,
-75,-244,
-1,-247,
74,-274,
93,-271,
2,-224,
3,-195,
-9,-285,
2,-29,
43,-4,
21,51,
6,-1,
71,-31,
144,-51,
286,-56,
467,26,
440,127,
128,186,
-29,95,
-62,93,
-63,127,
-33,88,
-99,27,
-246,-198,
-228,-243,
-98,-209,
69,-144,
19,-17,
-89,-46,
-129,-211,
63,-253,
120,-269,
130,-231,
94,-284,
168,-407,
355,-585,
679,-579,
433,-248,
70,36,
-142,256,
-13,128,
31,46,
93,-43,
117,-45,
144,5,
84,122,
-14,235,
45,101,
88,-102,
93,-181,
118,-119,
113,-19,
60,31,
19,31,
32,-70,
44,-125,
8,15,
16,-22,
2,-48,
34,-93,
122,-69,
136,-56,
100,-149,
8,-162,
19,-154,
-19,-110,
44,-66,
58,-95,
68,-145,
61,-127,
162,-88,
192,-110,
70,-19,
48,-39,
75,-42,
59,-97,
38,-67,
79,-45,
31,-162,
95,-210,
83,-214,
71,-87,
66,-37,
17,-47,
27,-102,
59,-93,
37,-22,
-2,-55,
79,-21,
21,-84,
121,-188,
110,-112,
59,-76,
16,-92,
6,-74,
32,-146,
61,-183,
8,-129,
19,-34,
57,-80,
83,-131,
134,-112,
125,-49,
63,-123,
-66,-114,
-89,-109,
-14,-128,
93,-79,
45,-51,
6,-14,
40,-112,
76,-131,
123,-126,
00>
_________________________________
00>
_________________________________
Sequence Number: 246
00>
00>
Printing STS0 CIR
00>
00>
_________________________________
00>
17,-12,
37,32,
32,-19,
-3,8,
-6,-22,
14,54,
14,11,
34,-11,
-16,-16,
-24,33,
-53,38,
-15,32,
33,-35,
14,-22,
9,39,
41,-33,
78,13,
-1,-25,
-82,-16,
-2,49,
7,-13,
-11,52,
21,-13,
-69,-22,
-18,1,
-24,-51,
-11,-94,
-47,-7,
-47,13,
-57,60,
16,-14,
58,7,
4,18,
-8,72,
-7,117,
-34,47,
-31,18,
-68,-38,
-37,25,
45,48,
70,9,
71,-7,
89,-48,
8,16,
-7,-3,
56,-17,
26,-39,
25,5,
3,55,
-50,-16,
-104,52,
-100,48,
-38,-5,
56,14,
-19,15,
14,-1,
10,48,
30,41,
16,10,
48,-32,
12,-43,
-61,65,
-131,-11,
-88,-11,
-26,-34,
38,-50,
17,-82,
48,-34,
30,-26,
61,-8,
-25,-16,
2,-17,
48,7,
1,-30,
25,-111,
-15,-80,
-3,20,
26,69,
-25,20,
-12,-51,
4,14,
8,23,
20,52,
2,62,
8,65,
-2,-55,
15,-49,
13,-49,
5,-15,
28,98,
10,8,
-26,-23,
22,7,
40,30,
44,6,
5,14,
62,-4,
50,-91,
11,-63,
5,41,
20,20,
10,-44,
61,-23,
135,-15,
50,27,
-24,105,
-63,56,
33,-3,
56,-8,
74,-37,
31,31,
-44,15,
-85,-17,
-11,18,
35,66,
62,22,
32,-36,
-67,-20,
9,-21,
66,-52,
-9,-52,
3,32,
33,5,
36,21,
27,-38,
52,-105,
-9,-61,
-6,22,
39,113,
13,39,
70,-56,
79,-11,
37,-5,
-14,-30,
-11,78,
65,27,
108,-2,
52,30,
10,17,
-51,40,
-41,58,
-13,40,
19,2,
56,5,
35,-45,
19,7,
38,-14,
21,-25,
19,15,
59,-40,
63,-66,
69,-72,
60,-23,
66,-32,
4,-74,
-12,16,
35,-62,
95,4,
47,5,
15,78,
-1,44,
-33,-10,
34,26,
74,-5,
-21,-39,
-35,10,
6,-59,
10,-42,
20,4,
-19,32,
-46,9,
24,-37,
29,-9,
114,4,
29,0,
70,30,
60,4,
34,37,
23,40,
22,23,
49,65,
41,35,
6,59,
49,20,
52,24,
-66,-42,
38,-12,
82,-85,
87,-73,
6,-51,
54,-129,
-37,-42,
13,41,
42,-34,
26,22,
17,-24,
97,13,
84,-30,
60,1,
71,78,
4,33,
-17,40,
2,-23,
-27,8,
17,-19,
30,-11,
36,-59,
5,-150,
2,-68,
-24,-49,
20,-45,
9,14,
-16,71,
2,51,
-87,43,
-108,3,
11,45,
37,42,
8,-14,
-19,27,
43,-10,
-4,59,
-13,17,
15,38,
0,65,
80,27,
102,-22,
22,8,
53,89,
-9,18,
-9,-45,
-13,-69,
-4,-82,
-85,-66,
44,-42,
13,-65,
-96,-47,
14,77,
-51,72,
-81,21,
-71,12,
46,-35,
96,-21,
53,-16,
15,31,
60,35,
-13,70,
-89,-48,
-18,-14,
59,-85,
34,-32,
67,4,
14,35,
42,-29,
56,52,
10,2,
8,-55,
70,-15,
104,-21,
56,14,
-12,37,
-1,43,
3,14,
3,-60,
-9,12,
-38,20,
6,28,
9,-8,
-5,-40,
14,46,
-25,21,
3,-7,
32,16,
70,-4,
22,-78,
26,-5,
29,-12,
6,29,
52,54,
67,46,
36,47,
43,-20,
80,-38,
3,-60,
6,11,
3,60,
15,-47,
24,-15,
9,8,
49,22,
-25,-82,
49,30,
67,-13,
-29,-61,
-21,-87,
27,8,
19,-1,
-2,8,
-45,11,
-92,-32,
-1,14,
8,-38,
-59,-3,
-13,-38,
-43,27,
-38,-25,
73,-21,
-83,30,
-73,62,
6,27,
-20,14,
-4,-17,
25,-80,
-14,-92,
20,-51,
-57,-47,
-34,-9,
-12,9,
-27,-3,
-15,-46,
26,10,
105,-3,
69,-2,
2,18,
-43,28,
5,29,
50,33,
72,10,
70,17,
-37,11,
-42,66,
-37,42,
-17,74,
31,3,
9,-12,
-20,4,
-44,-29,
-63,-59,
33,9,
-37,30,
5,1,
-28,-19,
47,-20,
30,4,
24,21,
18,-8,
75,34,
57,-29,
-33,-17,
-14,24,
-96,-26,
-67,9,
-184,-65,
-1391,-1156,
-4362,-4056,
-5647,-5947,
-4566,-5177,
-699,-813,
1201,1758,
785,888,
-135,-122,
-554,830,
-332,2282,
62,1950,
267,197,
382,-1507,
437,-2015,
264,-1232,
26,-170,
-88,272,
360,-74,
700,-578,
941,-809,
554,-446,
118,223,
2,501,
-19,221,
-98,-118,
27,-162,
206,62,
323,96,
267,49,
191,-25,
160,34,
137,-9,
209,85,
246,110,
16,19,
-96,62,
-167,230,
-35,204,
148,109,
298,-86,
298,-176,
268,-191,
185,-112,
307,-134,
223,50,
122,246,
-59,261,
-140,131,
-75,28,
17,-5,
-90,81,
-131,172,
60,141,
189,112,
170,114,
83,110,
31,143,
-60,31,
-93,64,
-52,-22,
-1,-65,
-10,-80,
-121,-54,
-153,-151,
-140,-211,
-32,-97,
94,-50,
235,105,
274,158,
257,151,
185,179,
10,161,
-122,91,
-53,193,
48,320,
101,380,
69,538,
-53,639,
-89,511,
-108,235,
-92,-10,
-40,27,
-10,65,
96,16,
80,-27,
170,-41,
130,-8,
21,-26,
41,22,
53,46,
-23,61,
-5,29,
45,-85,
-68,7,
19,20,
26,95,
22,51,
32,41,
32,11,
64,18,
2,27,
19,81,
59,36,
97,80,
65,44,
20,-9,
38,-15,
-8,45,
-7,62,
3,69,
66,25,
47,4,
26,84,
-73,52,
38,3,
68,-29,
34,21,
15,-24,
-48,59,
11,11,
15,31,
41,43,
38,15,
49,6,
33,-25,
16,-39,
-16,-19,
66,58,
3,75,
-59,-14,
4,57,
59,76,
41,78,
-5,44,
54,8,
48,16,
-10,-7,
-41,-66,
-39,-52,
1,38,
-16,-34,
15,12,
37,-63,
70,-51,
45,-20,
68,31,
2,19,
40,-1,
79,-21,
97,40,
25,-22,
-63,54,
-49,44,
-25,14,
24,1,
6,-3,
-37,16,
-20,12,
52,-17,
00>
_________________________________
00>
00>
Printing STS1 CIR
00>
00>
_________________________________
00>
-20,-27,
-36,-24,
-2,-25,
44,-88,
16,-58,
-7,-36,
-22,-25,
-51,-37,
3,-7,
-24,14,
19,13,
-78,91,
-90,-6,
-52,-50,
-18,-3,
-18,21,
12,47,
43,-14,
-54,-48,
-53,0,
-37,4,
1,14,
-36,-52,
-34,-97,
-6,-13,
-14,4,
-29,36,
35,38,
2,-11,
8,-21,
1,50,
25,9,
-25,-65,
-4,-16,
-6,46,
-40,49,
-72,76,
-31,27,
53,-34,
60,-27,
9,-7,
-15,-44,
-22,-53,
6,-23,
5,-60,
-18,-50,
-57,-22,
46,-9,
24,-11,
9,-34,
23,-48,
27,6,
-52,12,
-23,-17,
15,42,
58,-55,
30,-32,
-14,-25,
-61,-10,
-41,36,
11,15,
-1,-1,
-90,-64,
-62,-66,
-20,-29,
24,51,
42,69,
-34,-53,
-10,-41,
-18,49,
1,-32,
-35,-1,
50,5,
-24,-16,
-39,-41,
-37,-15,
-10,35,
-10,15,
11,-18,
-14,-34,
-26,-41,
35,-37,
59,-46,
30,-12,
-45,76,
-64,25,
24,0,
70,22,
-1,-11,
6,3,
-51,-70,
-84,-67,
-67,6,
-35,46,
52,34,
52,-17,
-1,-68,
34,-34,
-31,53,
-108,98,
-82,18,
-43,-90,
45,-90,
81,-2,
24,31,
55,11,
-16,-16,
-61,-1,
-9,-48,
96,11,
74,25,
30,51,
30,-54,
-22,-25,
1,-27,
17,-49,
63,-48,
19,-32,
-9,-40,
22,-40,
5,-22,
-61,-57,
-73,-14,
-2,-5,
10,-6,
-34,-78,
-26,-61,
16,-18,
44,19,
-4,8,
38,71,
-43,37,
-62,71,
-35,38,
6,4,
-9,78,
-21,28,
-44,-38,
-39,-118,
-61,-83,
-22,-49,
2,-25,
75,26,
108,37,
66,37,
-21,1,
-4,-22,
86,-29,
42,-25,
-55,50,
-57,-23,
47,13,
37,39,
60,49,
40,45,
5,16,
-37,6,
30,-1,
1,-35,
12,-24,
-23,-40,
-26,32,
-68,17,
-48,27,
-41,38,
4,24,
56,-2,
28,-21,
2,48,
25,0,
3,-61,
-37,-29,
-77,-15,
-28,-3,
-64,8,
32,5,
16,11,
7,41,
-23,64,
-12,34,
-8,114,
-27,-5,
-25,-6,
28,-15,
32,7,
22,12,
0,-23,
4,-67,
46,15,
76,45,
-17,15,
-6,-98,
-49,-57,
31,-34,
49,14,
17,-44,
19,-66,
-4,7,
100,82,
57,71,
11,-21,
-25,14,
2,68,
50,-27,
23,5,
75,30,
50,32,
-12,29,
-32,-26,
-24,36,
-52,24,
-4,42,
-2,5,
-10,44,
-5,34,
42,18,
1,-4,
-10,-66,
16,10,
-10,67,
-42,51,
-20,2,
-40,-3,
2,77,
83,65,
45,60,
54,-12,
1,9,
-43,47,
2,2,
18,-8,
19,-33,
-33,-36,
-16,47,
42,5,
33,28,
-26,35,
-18,-6,
64,-11,
122,-48,
67,-7,
35,-41,
75,-45,
-9,-37,
-16,-26,
-7,16,
-15,78,
91,29,
102,-45,
30,6,
0,13,
-1,33,
-20,-63,
-18,-10,
19,47,
17,-52,
-5,-6,
-89,-64,
-54,-40,
-40,-5,
-21,19,
-21,24,
48,53,
17,12,
16,-20,
8,16,
-25,72,
33,-21,
53,21,
-12,24,
-36,13,
-5,56,
42,22,
30,1,
-5,-5,
-2,27,
-2,119,
-3,83,
91,71,
99,54,
27,-10,
6,-63,
5,10,
29,-14,
87,29,
79,18,
92,74,
-19,16,
-43,42,
-14,-36,
-41,-26,
33,17,
5,-9,
54,9,
23,17,
34,-3,
53,-39,
-32,-41,
12,25,
77,40,
45,53,
32,100,
96,24,
8,-18,
-61,-3,
-22,49,
25,-11,
-24,-22,
-27,17,
-65,-7,
16,18,
-34,-24,
30,-41,
32,49,
-15,7,
-16,11,
43,62,
24,82,
66,88,
49,71,
57,-18,
22,-36,
-11,64,
57,79,
87,57,
67,26,
-39,20,
-16,73,
46,38,
15,-12,
-45,-60,
47,-80,
114,-32,
72,-51,
-8,-37,
-9,-33,
12,-54,
-2,-46,
32,38,
-10,62,
-24,47,
3,89,
83,-2,
47,10,
-25,7,
-61,-9,
26,-17,
22,-3,
38,-54,
50,11,
62,23,
-98,9,
-239,-147,
-1284,-912,
-3569,-3488,
-4543,-5429,
-3425,-4111,
-613,144,
665,2122,
667,685,
1083,-809,
2011,-823,
2353,-232,
1474,-71,
342,82,
-152,801,
-170,1674,
-118,1664,
-84,768,
49,-113,
440,-453,
936,-570,
1237,-658,
834,-592,
354,-291,
16,117,
-149,279,
-125,128,
80,-16,
225,219,
308,369,
290,186,
205,-222,
51,-370,
-211,-262,
-341,-4,
-375,177,
-159,196,
25,237,
112,146,
-33,19,
-88,-158,
-44,-320,
240,-329,
355,-153,
259,89,
48,201,
22,144,
116,39,
139,-121,
58,-109,
-64,-52,
-105,157,
-80,329,
53,412,
215,274,
139,153,
16,145,
-52,154,
153,113,
304,63,
304,-31,
230,-43,
161,-20,
180,-83,
3,-107,
-79,-137,
-12,-85,
-14,58,
-96,170,
-165,229,
-182,208,
-97,62,
-74,5,
14,-8,
43,29,
185,126,
194,198,
234,123,
172,225,
21,458,
-139,485,
-158,211,
-65,-47,
-10,-144,
-6,-64,
-32,-38,
-71,0,
8,-17,
-2,4,
-54,20,
-86,2,
29,-4,
38,33,
-55,92,
-21,75,
-35,104,
-27,58,
65,39,
29,21,
46,-27,
28,55,
45,6,
107,-4,
51,53,
38,39,
54,-29,
14,-28,
33,-5,
-44,-8,
-51,3,
52,74,
95,78,
69,-39,
20,26,
-6,75,
44,11,
77,-7,
22,12,
18,87,
3,-23,
57,-58,
110,-77,
74,6,
22,30,
6,87,
-30,26,
-54,48,
-22,93,
-24,48,
9,54,
16,42,
5,15,
40,-38,
64,60,
81,81,
60,16,
13,-50,
-7,-8,
-29,9,
43,42,
-26,-58,
-30,-4,
-7,-11,
60,-14,
62,-19,
24,3,
24,-9,
56,12,
60,12,
14,-23,
55,-17,
88,-34,
49,5,
66,77,
1,95,
-42,105,
-17,69,
79,27,
51,0,
12,-31,
39,-47,
00>
_________________________________
00>
RX Timestamp: 898947629521
00>
Clock Offset: -1580.715 Hz, 0.198 ppm
00>
RX Timestamp: 900018968224
00>
Clock Offset: -1104.641 Hz, 0.138 ppm
00>
_________________________________
Sequence Number: 123
00>
00>
Printing STS0 CIR
00>
00>
_________________________________
00>
-31,-66,
9,-50,
67,-18,
26,15,
-29,31,
-25,69,
54,25,
8,0,
58,-26,
5,6,
31,54,
57,-35,
-15,-79,
-9,-17,
-27,9,
-39,23,
47,-15,
49,-28,
57,-6,
-17,-31,
-14,35,
-19,0,
-67,28,
56,48,
-37,33,
1,27,
21,29,
55,30,
13,-46,
-37,-47,
-74,7,
-49,54,
25,23,
0,-92,
45,18,
78,76,
-28,-45,
-11,-72,
-4,-28,
-16,-5,
6,-25,
-14,-67,
14,-38,
-12,-1,
47,18,
-22,6,
-63,-30,
-15,-6,
11,-78,
83,-82,
-3,-105,
-12,31,
12,43,
-17,48,
-5,21,
-2,-10,
-18,37,
-10,52,
-17,3,
-69,-14,
-27,-24,
-9,-34,
-14,31,
65,31,
-42,-20,
-43,-32,
-21,23,
52,26,
9,4,
39,-1,
67,21,
1,43,
-2,45,
-56,36,
10,11,
-69,25,
29,19,
46,-25,
80,36,
17,75,
29,19,
-24,-48,
-67,-47,
2,-51,
-5,-2,
11,51,
-11,45,
-17,2,
-3,30,
25,65,
-6,46,
-31,56,
-37,50,
34,51,
67,79,
1,70,
-33,-37,
-16,-59,
-16,-74,
-42,-52,
-21,-95,
-11,-47,
-11,-34,
-52,11,
12,-2,
69,-26,
42,117,
5,41,
8,99,
1,-14,
22,56,
51,20,
53,20,
-19,34,
9,12,
-10,-18,
22,62,
46,26,
25,80,
21,27,
38,45,
-52,-5,
-1,24,
41,44,
-46,9,
-30,-33,
-46,-42,
30,-66,
90,22,
77,-30,
0,72,
-2,69,
-25,37,
68,0,
59,-65,
-119,-23,
-60,-48,
46,51,
83,-9,
88,1,
6,-93,
-46,11,
-30,120,
12,49,
18,0,
13,-25,
-46,44,
31,27,
77,32,
41,3,
31,-15,
5,35,
-18,46,
20,-23,
-11,45,
25,67,
19,32,
3,90,
-36,19,
-11,0,
4,35,
56,50,
51,68,
-4,20,
-3,55,
46,12,
37,8,
69,-14,
95,11,
16,27,
3,-31,
-4,-18,
44,-37,
24,-5,
-76,63,
-47,17,
-46,-67,
23,-31,
73,-1,
16,-28,
-46,32,
-53,54,
-110,-5,
29,-17,
-2,-80,
22,-40,
-30,5,
19,-13,
-6,20,
36,20,
55,47,
89,-48,
71,41,
50,16,
9,55,
21,-13,
1,-3,
-35,-6,
16,-39,
22,-25,
25,-53,
-27,-30,
30,-37,
9,24,
16,93,
-38,41,
2,-11,
45,18,
70,11,
38,25,
54,70,
57,21,
25,31,
56,51,
36,67,
23,35,
30,-7,
-53,-16,
28,13,
-33,-50,
-79,26,
-18,39,
-52,-34,
-21,-83,
41,41,
19,36,
-35,6,
-19,-58,
20,-30,
75,-2,
24,-12,
-52,26,
-57,31,
-141,37,
-49,6,
25,-16,
-18,-18,
43,-68,
70,-17,
33,-49,
-30,-16,
6,-18,
-64,-23,
24,-65,
0,14,
-24,39,
-2,42,
20,7,
34,23,
-27,48,
-7,51,
34,-87,
3,-60,
-46,17,
-85,38,
-26,64,
-10,24,
14,-19,
-31,-21,
25,-24,
-1,-4,
22,-10,
21,66,
13,63,
4,64,
30,108,
24,-7,
-15,-19,
-45,30,
-73,45,
23,-16,
65,46,
-21,63,
-25,-18,
-75,-77,
13,-91,
30,-13,
25,45,
-45,12,
-46,55,
-8,-26,
-54,21,
-13,-41,
-36,-50,
-59,-17,
27,-38,
11,-37,
18,-7,
-1,-21,
11,-51,
-46,28,
-17,73,
35,76,
46,28,
13,80,
-33,75,
42,-57,
38,-74,
1,12,
-11,-5,
-27,50,
-8,16,
-12,-37,
91,-65,
-56,-3,
-91,51,
2,4,
11,-10,
-43,0,
53,-11,
-18,-11,
19,10,
-24,56,
52,63,
5,29,
-9,51,
59,15,
69,45,
25,17,
-56,-54,
-7,-17,
38,-64,
48,-73,
-24,-53,
-49,4,
-30,-65,
-23,-1,
-40,58,
1,67,
-20,30,
-68,3,
-94,66,
-48,4,
-52,54,
-18,58,
37,35,
1,43,
31,-36,
44,25,
-41,-29,
-10,-47,
34,-9,
45,70,
11,-20,
-14,38,
-50,-30,
-26,18,
-8,29,
-21,64,
-52,47,
38,25,
-12,-4,
99,20,
95,19,
-38,31,
-62,-23,
44,-23,
186,-164,
1556,-811,
5081,-2147,
7085,-2334,
5311,-1505,
100,-538,
-1982,-703,
-515,-583,
996,673,
974,2159,
405,2380,
176,1391,
-179,480,
-844,110,
-1489,16,
-1132,-24,
-317,-104,
257,2,
343,433,
353,932,
796,1311,
801,904,
505,428,
15,114,
-51,90,
111,-33,
149,-52,
-73,-47,
-323,-20,
-274,78,
-10,102,
79,132,
-2,48,
-249,-53,
-287,-175,
-133,-27,
7,122,
-21,31,
-58,-19,
-26,172,
75,305,
88,276,
-30,144,
-48,12,
-19,-40,
-80,-104,
-51,-118,
-118,-112,
-38,-64,
41,-78,
3,15,
-21,35,
-122,41,
-110,-43,
-124,-99,
-9,-166,
12,-71,
-86,0,
-284,54,
-351,-16,
-286,-40,
-133,14,
-8,42,
128,-93,
146,-41,
212,69,
25,154,
-2,177,
-58,170,
-30,84,
-69,62,
-118,-36,
-57,-121,
-48,-84,
-64,-9,
-91,158,
-107,248,
-335,282,
-469,147,
-436,-32,
-136,-104,
124,-184,
84,-211,
-39,-139,
-3,-8,
-16,56,
-45,19,
-59,77,
74,101,
53,136,
76,125,
3,60,
-66,104,
-34,46,
-24,127,
-12,74,
-39,-42,
-4,9,
-4,35,
8,-26,
0,-6,
-12,43,
-89,36,
-88,16,
-64,-5,
-96,-9,
-95,33,
-55,-27,
-91,-97,
-58,0,
-112,31,
-31,75,
-41,78,
-61,57,
-40,43,
-32,28,
-19,-25,
-51,-51,
-43,-31,
-15,1,
-40,10,
-56,61,
-108,42,
-21,-25,
-84,-107,
-82,-88,
-146,-29,
-137,17,
-116,-56,
-23,-17,
54,-19,
-26,-74,
-121,-8,
-102,29,
-24,29,
-39,26,
-36,-43,
-27,-5,
-35,-5,
-34,-14,
-21,-19,
-9,-7,
-29,25,
-14,96,
-47,43,
-42,23,
-23,-11,
-38,-67,
-24,-72,
-4,-14,
-11,43,
7,56,
-12,7,
-24,0,
-60,-4,
00>
_________________________________
00>
00>
Printing STS1 CIR
00>
00>
_________________________________
00>
79,-36,
26,20,
16,45,
1,64,
29,47,
-41,-2,
-21,-27,
14,8,
29,-41,
-5,-43,
-76,35,
-63,8,
71,6,
95,54,
82,68,
32,3,
-53,-68,
-45,-31,
9,-15,
42,35,
47,17,
80,-3,
0,19,
-28,-10,
16,4,
12,7,
32,49,
-26,97,
-62,92,
-60,-15,
30,-23,
87,120,
8,63,
-45,22,
11,-52,
8,-18,
-29,10,
-50,20,
-63,44,
11,17,
-47,-70,
-47,-4,
-47,-10,
25,6,
83,-16,
25,-41,
-97,50,
-60,95,
6,12,
62,-39,
53,-38,
80,-28,
-20,-29,
-26,-50,
-14,55,
4,-4,
9,7,
29,1,
37,-19,
84,-20,
58,27,
50,10,
-64,35,
-30,32,
20,34,
20,-13,
30,14,
26,28,
-4,-23,
-95,-7,
-65,32,
-4,-14,
22,-21,
5,-63,
-56,-64,
-22,-40,
-27,0,
4,114,
76,62,
71,14,
73,-34,
10,-32,
52,18,
49,66,
1,2,
9,-34,
8,-41,
64,-2,
-1,48,
-86,-15,
-23,-28,
-20,-49,
-1,49,
39,15,
48,23,
39,40,
39,-3,
-31,16,
-53,16,
13,-39,
98,-27,
93,14,
23,50,
22,12,
17,39,
6,23,
35,-29,
60,-32,
35,-56,
-23,40,
11,-16,
17,-87,
20,-11,
17,13,
38,49,
32,10,
35,-4,
34,23,
12,22,
7,7,
1,-46,
10,55,
-6,97,
-19,15,
-15,-5,
-85,2,
-19,-39,
-42,44,
2,52,
-43,37,
15,5,
-13,-21,
-30,-33,
-43,7,
6,4,
28,65,
51,119,
28,-8,
4,-8,
-9,-8,
-13,-39,
11,30,
12,27,
17,-13,
3,-66,
-11,-24,
50,-4,
92,-47,
58,-57,
11,-21,
1,34,
26,-15,
20,-80,
14,9,
-18,-36,
46,28,
70,0,
-9,-26,
-41,-19,
-22,52,
-33,22,
-44,-38,
55,-12,
-12,29,
-40,49,
20,51,
76,-25,
10,-50,
-6,18,
39,74,
71,-9,
21,5,
-18,10,
6,36,
-9,49,
57,53,
25,-45,
17,-35,
-1,-52,
3,-21,
66,-6,
83,32,
65,35,
45,-21,
-18,-63,
-6,-45,
44,-37,
60,52,
51,54,
110,12,
80,-15,
52,95,
-15,71,
74,55,
-12,4,
-18,-3,
-39,52,
11,22,
32,-4,
71,-38,
26,-2,
44,14,
83,-28,
26,-44,
23,-45,
-6,27,
39,17,
27,28,
28,12,
-17,-46,
54,-27,
69,-4,
62,13,
-42,48,
38,111,
31,4,
18,-70,
60,-79,
21,-10,
3,67,
-50,27,
-100,-41,
-60,-58,
5,-24,
50,3,
57,75,
4,-3,
42,10,
-32,-6,
47,-6,
76,77,
-31,8,
-61,-17,
-92,5,
-19,80,
-9,43,
45,18,
40,-14,
63,-13,
11,-2,
-15,-44,
20,-71,
77,-36,
62,23,
-8,44,
-14,63,
10,23,
95,12,
26,-4,
16,45,
-22,4,
14,-6,
51,-53,
42,-22,
74,-30,
17,-29,
11,-35,
3,7,
9,-4,
-15,6,
-21,1,
-55,49,
-44,-20,
29,13,
86,44,
74,10,
-17,-27,
-51,-28,
-43,-25,
8,-7,
20,-11,
-7,-14,
-65,15,
-27,2,
-5,41,
5,82,
73,73,
85,-1,
68,0,
-10,24,
-6,-5,
-40,59,
11,91,
11,26,
8,8,
-30,3,
-39,35,
35,-35,
7,-71,
-16,-48,
38,48,
53,2,
-10,63,
21,59,
-14,11,
-30,65,
60,15,
64,-28,
28,-70,
-20,-48,
-30,-7,
5,51,
20,14,
67,22,
94,-13,
20,72,
5,32,
-4,34,
54,30,
14,-10,
47,23,
25,-12,
64,-4,
26,-58,
-15,-30,
-103,-32,
-41,27,
12,16,
24,46,
20,3,
15,-59,
19,-98,
41,-122,
84,-78,
54,-5,
70,-19,
60,17,
94,-31,
-21,46,
-20,60,
-40,12,
-32,1,
63,53,
104,51,
69,-21,
71,-67,
-5,-31,
25,48,
34,55,
15,89,
49,33,
-22,18,
-78,-9,
-33,24,
-44,5,
-45,59,
49,47,
29,17,
84,-26,
44,-50,
32,20,
4,78,
-52,56,
-67,20,
-1,14,
22,63,
36,26,
193,-263,
1333,-1130,
4221,-2828,
5993,-3448,
4050,-2578,
-775,-967,
-2941,-614,
-1009,-1015,
1562,-1920,
2614,-2882,
1748,-2932,
229,-1742,
-235,-476,
515,34,
1534,-204,
1439,-261,
592,8,
-74,357,
-201,593,
169,711,
365,993,
214,691,
-124,175,
-215,-251,
-1,-313,
220,-118,
155,109,
24,158,
-56,158,
-94,132,
-181,111,
-279,123,
-279,119,
-394,128,
-367,153,
-185,96,
-206,285,
-62,271,
-154,274,
-86,165,
127,40,
273,30,
248,56,
76,178,
-70,214,
-108,218,
-139,169,
-48,125,
19,189,
82,216,
90,148,
33,81,
20,7,
9,-12,
-41,-6,
-72,-29,
-82,-12,
-302,-78,
-303,-132,
-151,-117,
-5,-75,
89,-96,
45,-106,
-19,-98,
55,-51,
137,164,
145,246,
9,178,
-104,162,
-5,67,
92,29,
85,92,
-24,124,
-144,121,
-101,114,
-161,175,
-212,261,
-356,413,
-497,365,
-359,235,
-181,73,
18,-89,
116,-96,
71,-62,
32,33,
-42,55,
-35,64,
-1,-16,
94,-133,
47,-130,
-63,89,
-69,90,
-134,100,
-160,80,
-25,90,
95,-1,
124,-44,
40,12,
-85,71,
-57,12,
2,50,
-25,73,
-42,46,
-59,40,
-83,45,
-87,108,
26,64,
-65,106,
-102,61,
-78,83,
-76,134,
-96,155,
-136,62,
-75,83,
-11,91,
1,43,
18,-30,
-13,20,
-52,55,
-88,95,
-89,98,
-25,74,
-12,112,
3,105,
14,91,
4,62,
21,68,
-20,91,
-68,68,
-91,20,
-21,3,
-26,17,
-18,48,
-136,100,
-128,111,
4,60,
41,44,
7,26,
-104,11,
-107,16,
-94,35,
-72,14,
-57,56,
-51,122,
-30,100,
-35,101,
13,78,
33,90,
3,137,
44,152,
17,119,
12,108,
-76,19,
-24,95,
-2,94,
00>
_________________________________
00>
_________________________________
Sequence Number: 126
00>
00>
Printing STS0 CIR
00>
00>
_________________________________
00>
-10,16,
-32,-43,
72,9,
42,16,
82,9,
-72,-30,
-4,-37,
8,-42,
34,-55,
25,7,
3,18,
-16,-21,
49,-21,
54,-14,
25,1,
31,46,
49,-2,
87,3,
9,61,
-38,17,
-21,20,
19,-44,
-7,-26,
-44,1,
-29,82,
33,18,
-62,19,
-34,22,
46,2,
10,13,
21,-1,
37,-39,
48,-44,
20,31,
2,-17,
45,-3,
52,0,
27,35,
-9,13,
-45,-28,
-3,-5,
8,22,
-63,31,
-26,24,
-42,34,
22,-32,
25,-51,
2,-14,
41,-4,
-9,-33,
-15,-41,
3,-36,
5,-21,
-26,-33,
22,22,
-9,-11,
-17,-68,
-28,-41,
7,-54,
61,49,
-57,-17,
-14,23,
2,-22,
27,50,
35,23,
-5,8,
24,-27,
-1,26,
-13,1,
-30,10,
11,1,
-1,-46,
20,38,
-9,1,
-4,-59,
-22,-39,
1,-5,
-32,25,
8,67,
-7,-4,
4,5,
5,-35,
-45,-49,
-51,13,
-88,-3,
-1,-17,
43,-13,
57,44,
-76,-32,
10,-12,
-3,9,
23,12,
-9,-16,
-25,28,
-42,-3,
7,-62,
10,-18,
8,39,
49,0,
-3,6,
59,-22,
79,-53,
12,4,
-46,-17,
-44,5,
14,16,
7,19,
21,24,
-39,31,
-50,36,
14,49,
18,-11,
30,-9,
-35,14,
-16,48,
-20,1,
-51,-9,
-46,-51,
29,-102,
61,-27,
32,12,
6,-8,
22,-1,
25,-2,
25,-24,
14,-35,
-48,-27,
-81,6,
-32,11,
-30,24,
-60,-52,
14,-34,
12,2,
96,-71,
31,14,
-47,-6,
-39,-15,
32,-52,
11,-85,
22,54,
-55,42,
-8,35,
-119,-39,
-96,-44,
-18,61,
42,8,
-3,-41,
-18,-3,
15,12,
39,38,
-18,57,
-21,41,
32,44,
11,27,
-55,-6,
-86,57,
-50,46,
-35,39,
-21,52,
-26,3,
-44,2,
-37,-22,
-16,9,
-50,11,
-27,0,
-43,83,
20,58,
15,-1,
-3,-35,
-38,-38,
44,-11,
-32,14,
-57,22,
-27,9,
10,-12,
84,-36,
15,20,
-29,-35,
-3,-47,
30,-10,
76,14,
8,-65,
-87,-59,
-54,-72,
17,-19,
44,-26,
-64,-72,
-22,-12,
54,-9,
13,-5,
44,-22,
16,-9,
32,24,
-10,-13,
48,-17,
20,4,
35,19,
22,48,
-46,9,
-41,27,
-29,-15,
-61,-23,
-63,15,
-12,-11,
30,-23,
28,13,
-52,15,
10,39,
38,-3,
15,-55,
-10,-57,
-27,0,
21,-6,
58,6,
19,-15,
-3,-10,
8,-20,
11,23,
22,42,
15,-11,
57,-11,
-10,-5,
43,-42,
114,-30,
70,-42,
13,-48,
-23,-18,
13,37,
4,44,
33,-13,
-31,22,
-35,33,
9,17,
20,45,
75,23,
38,22,
31,11,
53,30,
-81,-8,
20,5,
-11,1,
15,18,
122,38,
101,32,
31,8,
1,12,
25,9,
21,14,
5,-34,
15,-63,
11,-27,
-69,-9,
-63,-15,
-59,-35,
-3,-21,
33,4,
33,-25,
-20,4,
81,48,
39,6,
83,11,
17,-7,
-51,-80,
-38,0,
-17,-30,
-11,-22,
-32,-60,
-41,-36,
-26,-12,
-17,19,
-4,-21,
-18,28,
-19,-10,
8,-6,
40,6,
79,25,
25,25,
-43,69,
13,24,
-21,77,
-24,20,
-23,-41,
13,-30,
52,-25,
51,63,
-45,8,
-25,-4,
66,-59,
-2,-9,
-64,4,
-19,35,
-18,-10,
-28,-5,
-3,33,
-67,56,
-5,33,
39,45,
-7,-5,
-20,21,
-2,-2,
-9,-2,
-5,-37,
7,-40,
21,-9,
9,-2,
39,8,
70,-46,
72,-16,
82,20,
73,-26,
-30,-35,
-12,24,
38,74,
28,-17,
-14,-82,
-41,7,
-35,-29,
38,15,
-24,81,
-21,-5,
-34,-48,
-19,-17,
-37,-47,
-42,17,
1,38,
-16,39,
67,48,
24,3,
-1,-45,
2,-60,
58,-39,
-7,-1,
-13,26,
-38,32,
6,68,
-4,25,
16,51,
4,27,
25,-7,
-40,-14,
2,12,
21,60,
-15,8,
32,35,
-8,28,
-34,12,
-56,-26,
-18,-64,
-30,40,
-20,17,
6,37,
48,8,
30,132,
480,1168,
1480,6470,
1104,8051,
379,8059,
-124,6229,
-25,-2011,
121,-3097,
44,-398,
612,82,
2150,-1718,
2480,-2772,
702,-1224,
-883,720,
-2116,2189,
-1877,1715,
-655,415,
40,-167,
-220,-210,
-1028,160,
-1432,137,
-1658,191,
-342,-183,
358,-680,
268,-383,
129,46,
33,279,
-100,-5,
-188,-324,
-267,-411,
-257,-302,
-213,-236,
-172,-204,
-142,-255,
-243,-382,
-134,-48,
-32,-15,
288,4,
256,-83,
-14,-290,
-321,-183,
-497,-94,
-636,-174,
-630,-186,
-408,-115,
-295,-152,
-43,-362,
312,-413,
281,-221,
253,-111,
147,-4,
166,-10,
222,-36,
266,-236,
33,-334,
-115,-380,
-41,-151,
23,-289,
84,-258,
135,-136,
126,45,
-18,232,
-202,271,
-135,261,
14,223,
50,373,
-44,198,
-28,26,
-71,15,
-233,-452,
-243,-467,
-144,-486,
19,-218,
184,-50,
288,-185,
185,-436,
64,-523,
164,-668,
482,-874,
655,-678,
408,-288,
117,76,
-63,137,
-94,15,
-54,-15,
-122,-154,
-66,-109,
-69,-106,
-73,-129,
-147,-115,
-120,-83,
-10,-45,
39,-93,
26,-79,
38,-64,
-14,-24,
13,-67,
30,-120,
120,-130,
64,-14,
29,-20,
1,-89,
-46,-140,
-37,-230,
33,-107,
98,-48,
26,48,
-41,-17,
43,-20,
5,-34,
102,-69,
-55,-67,
51,-35,
26,-118,
70,-69,
103,21,
102,29,
42,-13,
55,-69,
37,-162,
42,-58,
-43,-75,
-80,-122,
-28,-72,
-34,-54,
2,19,
17,101,
-65,106,
-53,95,
52,-27,
43,-34,
94,9,
90,21,
50,-104,
-31,-63,
-40,-41,
-30,-34,
59,-9,
-49,-2,
-95,-23,
-59,-62,
-11,-78,
-28,-32,
-94,-31,
-46,-52,
-14,-87,
-69,-105,
-115,25,
-108,9,
-102,-92,
-58,-142,
-18,-106,
-14,-12,
21,-43,
40,-60,
91,-104,
22,-56,
-41,-95,
-25,-102,
-34,-70,
00>
_________________________________
00>
00>
Printing STS1 CIR
00>
00>
_________________________________
00>
-31,-11,
-23,29,
2,9,
94,-13,
95,-30,
121,-41,
78,-51,
24,-50,
-17,-25,
-39,-11,
-17,-14,
-28,25,
-20,3,
19,37,
-51,51,
-34,-19,
10,-38,
3,39,
49,-43,
31,-52,
24,-34,
4,33,
-100,66,
-8,-55,
1,-97,
12,-11,
89,73,
70,89,
25,-38,
-1,-46,
58,32,
29,0,
23,35,
55,12,
71,63,
95,-16,
119,43,
-21,25,
12,-13,
1,-15,
-30,-19,
-67,32,
-38,33,
-70,15,
25,-29,
9,-41,
9,14,
-26,-13,
-50,70,
20,34,
-20,-51,
-41,-6,
-7,45,
1,53,
79,5,
46,-55,
49,24,
2,46,
-18,29,
-70,-7,
-33,-15,
12,6,
3,26,
19,28,
4,-41,
-4,22,
-2,120,
-59,-43,
-108,-9,
-31,-1,
31,11,
57,-24,
31,-1,
20,12,
-31,-25,
-26,-7,
24,53,
-14,-14,
91,12,
69,-74,
-19,-24,
-43,-42,
-20,90,
0,44,
17,10,
59,33,
-16,-28,
-17,-29,
-41,17,
5,38,
9,-1,
-10,-16,
-3,41,
3,77,
17,90,
-11,3,
-10,-28,
4,-7,
-13,33,
0,-32,
9,-23,
21,0,
61,-42,
6,12,
-26,29,
-17,8,
14,-60,
51,-57,
14,-10,
16,-12,
11,-38,
25,-42,
-26,-41,
-13,41,
47,-24,
3,-55,
12,-37,
-4,30,
6,25,
48,9,
-22,-6,
58,31,
26,-17,
23,2,
31,29,
36,8,
51,-66,
24,-39,
52,-15,
34,-16,
65,-70,
0,-39,
-41,-21,
-1,-37,
47,-19,
31,-16,
4,6,
51,28,
102,-18,
34,16,
10,30,
-1,4,
8,-14,
48,15,
10,59,
-5,34,
-80,0,
-14,-10,
-31,17,
48,41,
7,71,
-2,41,
14,-9,
17,-40,
-8,-54,
-17,-13,
16,-30,
22,20,
18,39,
37,-14,
17,-2,
13,-24,
13,-30,
-11,-16,
-48,-2,
-45,-53,
47,-22,
56,-9,
21,-3,
13,2,
60,17,
29,44,
13,9,
-1,-39,
1,5,
1,38,
19,28,
35,72,
25,-13,
22,48,
-17,70,
39,41,
57,2,
25,-40,
17,-12,
23,26,
49,48,
55,59,
60,71,
49,51,
97,4,
40,-12,
76,-2,
37,50,
16,92,
-30,15,
39,4,
6,7,
-11,2,
9,-15,
-2,27,
21,101,
32,55,
28,-46,
-48,-27,
-22,16,
106,-2,
34,29,
9,53,
-4,-3,
20,-9,
38,-22,
43,-28,
-47,7,
-36,38,
47,36,
6,14,
-37,36,
-40,66,
42,17,
43,25,
20,3,
46,45,
-5,34,
-25,51,
66,10,
-4,-4,
-28,-5,
-21,8,
40,-7,
-32,-2,
14,1,
42,0,
52,21,
-43,19,
-7,6,
94,-18,
56,56,
26,52,
26,14,
-4,-8,
2,12,
-75,33,
3,-25,
-29,-6,
15,-28,
29,-14,
68,26,
52,5,
-3,54,
15,42,
-29,3,
4,-14,
7,73,
4,30,
52,-43,
62,-52,
37,-24,
22,-49,
32,4,
34,-3,
93,36,
46,-24,
45,25,
18,22,
0,-4,
28,36,
-89,22,
18,32,
53,-17,
22,6,
30,16,
-3,65,
-54,-10,
-28,85,
-7,44,
-32,4,
36,-4,
52,-6,
66,23,
-6,-24,
-1,-38,
-26,-33,
52,8,
13,14,
37,38,
41,60,
-77,22,
-5,-2,
21,-2,
6,74,
-9,-7,
-6,2,
-1,-28,
27,-11,
27,25,
-1,32,
30,-27,
22,-7,
-20,2,
63,-16,
39,-40,
19,-1,
0,23,
-18,23,
21,32,
-1,-32,
42,-47,
46,13,
6,-10,
32,60,
13,18,
-39,33,
32,30,
31,120,
73,65,
65,2,
73,28,
45,-8,
50,-33,
15,-24,
51,-26,
102,15,
39,12,
62,13,
29,-43,
30,6,
-7,-1,
9,36,
30,-43,
11,-21,
14,-19,
42,8,
71,-5,
16,18,
-31,12,
-18,-22,
10,-12,
10,-52,
61,14,
84,41,
-1,33,
-16,59,
-61,-14,
-53,-47,
37,-19,
57,20,
77,-22,
-65,9,
-11,7,
-16,19,
43,10,
80,31,
520,1049,
1498,5278,
1097,7991,
246,7798,
354,3269,
1104,-2127,
648,-1951,
-1190,-37,
-3074,-46,
-3589,-1496,
-2440,-1577,
-832,-667,
237,-623,
1199,-1606,
1879,-2175,
1370,-1261,
281,-80,
-696,425,
-1253,59,
-1750,-75,
-1932,-107,
-1053,163,
-66,-89,
309,-242,
309,-179,
83,-47,
-117,-276,
-68,-479,
-37,-382,
-196,-99,
-391,430,
-168,443,
260,324,
636,324,
373,-49,
163,-61,
78,-285,
49,3,
33,359,
-201,427,
-469,402,
-546,100,
-327,-241,
35,-286,
100,-196,
-99,-73,
-232,86,
-244,235,
76,132,
382,75,
351,-34,
272,-80,
84,-565,
6,-392,
106,-235,
95,-69,
-118,-140,
-346,-363,
-410,-371,
-255,-203,
-188,-112,
-210,-124,
-143,-21,
-49,199,
-31,195,
-17,62,
67,-65,
235,-58,
401,85,
251,170,
108,65,
106,-30,
85,-99,
15,-153,
-68,-295,
-45,-283,
58,-288,
291,-528,
648,-674,
619,-359,
232,19,
34,156,
20,77,
80,59,
85,202,
31,63,
117,60,
93,127,
92,137,
85,127,
62,90,
6,27,
85,-49,
76,-56,
60,-48,
-3,-25,
11,-34,
65,-82,
54,-7,
-52,-24,
-129,-46,
-87,-28,
-49,-46,
0,-47,
-1,-27,
8,87,
131,93,
145,79,
44,17,
30,-2,
-7,-108,
32,-85,
131,-66,
87,62,
11,24,
64,13,
68,-28,
76,25,
16,-38,
-107,-52,
-86,-27,
-47,-29,
-8,-38,
28,-65,
-7,-37,
82,-89,
137,-75,
109,-49,
91,-78,
105,-45,
71,0,
144,-28,
227,-133,
108,-82,
29,6,
-12,-11,
-27,-4,
30,49,
60,91,
64,52,
56,22,
-11,-5,
12,-9,
32,-65,
12,-31,
-4,-75,
-4,-28,
7,-31,
7,-104,
-17,-105,
-6,-17,
-14,-11,
124,34,
136,-18,
27,-18,
36,-61,
9,-9,
94,2,
67,-36,
00>
_________________________________
00>
RX Timestamp: 1038936278991
00>
Clock Offset: -1052.570 Hz, 0.132 ppm
00>
RX Timestamp: 1040007602349
00>
Clock Offset: -662.041 Hz, 0.083 ppm
00>
_________________________________
Sequence Number: 3
00>
00>
Printing STS0 CIR
00>
00>
_________________________________
00>
-11,-8,
-31,-27,
-29,-44,
-3,-43,
-7,-29,
71,-10,
47,39,
-34,21,
-108,-65,
-23,0,
-6,42,
22,-6,
79,25,
30,-93,
5,-78,
72,-105,
50,-59,
8,3,
23,9,
56,17,
46,29,
9,-19,
-15,-32,
34,-16,
45,-18,
38,-31,
-4,-39,
-28,-38,
-22,52,
1,96,
-6,-13,
-29,-29,
51,-3,
84,54,
67,-45,
28,-42,
38,-82,
37,-29,
24,-47,
-29,54,
-12,59,
-47,-13,
-2,-69,
12,-73,
67,-68,
25,-77,
91,-29,
92,-42,
14,-69,
-13,-76,
-14,2,
19,65,
23,14,
-35,35,
-20,52,
-48,108,
2,76,
-41,-25,
-16,1,
-19,42,
-7,3,
5,-4,
41,-31,
28,-19,
35,-9,
-70,-56,
42,31,
73,24,
39,-14,
2,-29,
41,-16,
28,-80,
0,51,
-7,85,
29,103,
10,6,
-16,-70,
-18,-40,
-31,-32,
-43,12,
9,26,
23,31,
74,-113,
-36,-55,
-34,26,
-22,11,
2,15,
71,-43,
55,-17,
55,38,
26,-18,
-23,-15,
-21,10,
-45,76,
-107,49,
33,30,
11,-17,
-88,22,
-12,32,
8,19,
63,26,
7,18,
17,-72,
-16,-100,
63,37,
100,66,
-6,89,
0,-1,
-22,-59,
28,-12,
1,19,
-34,23,
-56,31,
-36,61,
-12,48,
13,31,
-12,-6,
-48,11,
16,-48,
-67,-10,
60,-36,
99,-9,
59,-37,
-31,-42,
-95,7,
12,46,
12,-6,
-40,-64,
-60,-1,
-71,-9,
-35,-1,
-20,-8,
-88,-7,
-77,-13,
-38,-16,
30,-92,
30,-14,
-41,-77,
-76,-25,
-37,2,
-8,38,
28,24,
35,14,
4,-7,
24,11,
69,-68,
132,-69,
31,42,
1,-38,
-50,-31,
59,6,
34,23,
26,15,
38,-53,
64,-58,
74,-49,
42,-53,
-27,-56,
-56,56,
-73,69,
4,7,
35,10,
-50,-23,
-30,73,
-45,53,
-5,68,
-68,-20,
-51,-32,
-55,-1,
18,36,
60,-24,
-9,42,
-42,-47,
-55,20,
-43,-39,
-14,-92,
10,-53,
53,-2,
105,-23,
1,13,
37,-68,
1,-29,
-46,39,
-62,54,
-4,53,
21,-32,
-3,-83,
-34,-74,
-2,47,
2,16,
73,-9,
39,-15,
-17,-15,
37,-38,
57,-40,
53,-20,
-6,37,
-8,2,
66,-79,
53,-10,
-27,-8,
-14,-59,
5,-19,
-4,24,
-65,41,
-35,-26,
56,-32,
46,31,
-14,24,
-27,-4,
-51,-30,
52,9,
65,-12,
50,-9,
-3,-2,
-74,-1,
-8,34,
-82,-51,
2,-19,
-33,28,
19,41,
13,-47,
-88,-59,
-58,4,
37,-23,
34,-31,
14,-49,
-20,12,
-61,-12,
-6,43,
41,10,
11,-19,
35,-32,
-37,-102,
-87,-47,
8,31,
13,-9,
60,6,
16,-34,
28,-43,
9,40,
73,43,
102,38,
42,64,
9,8,
7,8,
-6,-27,
19,2,
34,16,
56,51,
-16,-69,
24,-41,
93,18,
48,63,
-33,-50,
28,-8,
47,-13,
53,19,
-26,-2,
-14,-83,
-47,-20,
-2,-51,
21,-59,
82,6,
4,-31,
-52,-86,
-60,-60,
-10,-35,
-31,26,
-37,0,
-8,-18,
-14,-62,
-59,-50,
17,-9,
-33,-60,
-44,-65,
-16,-94,
14,-13,
-15,67,
35,51,
43,-1,
22,-15,
13,-12,
112,26,
62,31,
6,-46,
17,-98,
-72,-57,
-30,-9,
5,-56,
-27,-50,
-14,-18,
34,-30,
19,8,
-77,-33,
-63,-44,
-45,-30,
-67,-30,
-31,-57,
-4,-21,
-48,66,
8,-31,
89,-38,
56,-16,
120,0,
65,67,
-2,29,
-7,24,
66,32,
67,5,
38,3,
14,-95,
25,-14,
167,-39,
93,3,
10,65,
19,0,
-27,3,
27,-37,
-13,36,
-70,-27,
-20,3,
19,7,
48,10,
-53,39,
56,66,
21,19,
74,-37,
16,55,
32,43,
20,3,
42,27,
27,-67,
-72,-46,
-60,52,
-7,57,
-42,-30,
2,-71,
-6,26,
76,13,
67,55,
23,34,
-22,-37,
-27,-46,
-70,-75,
-46,49,
18,93,
50,21,
64,-24,
30,-28,
42,9,
-40,63,
-13,23,
-47,23,
8,-88,
81,-31,
48,6,
110,-190,
809,-1426,
3108,-4309,
4982,-5736,
4172,-4488,
189,-897,
-2011,410,
-856,-128,
1070,-77,
1934,1221,
1592,1925,
909,1253,
100,410,
-774,490,
-1259,718,
-1102,585,
-378,144,
185,-87,
558,164,
846,584,
1376,848,
1295,532,
693,258,
23,149,
-112,107,
27,-15,
94,-74,
-35,29,
-180,211,
-191,174,
-55,74,
114,-33,
56,59,
-175,101,
-273,104,
-48,42,
52,55,
108,61,
38,-32,
-23,91,
127,228,
153,165,
38,125,
-18,1,
-100,-56,
-144,-138,
-84,-167,
-144,-20,
-81,50,
-40,12,
-27,-33,
-99,-22,
-161,101,
-217,115,
-185,-41,
-124,-201,
-96,-92,
-40,88,
-107,239,
-163,260,
-200,216,
-139,176,
-37,39,
44,-118,
117,-107,
120,34,
134,208,
112,200,
49,148,
-105,61,
-197,69,
-116,15,
-47,-23,
-78,-12,
-54,-30,
-18,159,
32,354,
-137,461,
-268,378,
-350,277,
-257,16,
-97,-149,
26,-165,
-33,-83,
-52,-54,
-15,0,
-43,45,
-14,32,
104,60,
87,160,
69,60,
51,74,
-99,25,
-54,116,
-27,59,
-29,52,
-17,50,
-39,33,
-4,48,
19,58,
-11,21,
-21,7,
-38,20,
-101,70,
-150,122,
-166,18,
-82,-21,
-54,-19,
-89,-11,
-76,36,
-58,88,
-143,131,
-143,121,
-127,130,
-96,134,
-64,42,
-48,-43,
14,75,
-42,64,
-70,25,
-77,32,
4,81,
-16,107,
-48,86,
-100,90,
-170,46,
-157,135,
-159,13,
-78,-17,
-24,-22,
-21,7,
-47,-18,
-38,8,
-106,16,
-135,11,
-46,43,
-44,20,
-69,79,
-51,85,
112,-37,
36,-36,
-82,-11,
-79,-6,
10,5,
-13,54,
-64,57,
-82,11,
-22,-85,
36,-121,
-72,-17,
-40,189,
-29,144,
-99,127,
-139,36,
-146,1,
00>
_________________________________
00>
00>
Printing STS1 CIR
00>
00>
_________________________________
00>
13,-27,
-6,-14,
-5,29,
47,-4,
-8,11,
-8,4,
19,23,
7,3,
21,-67,
7,-66,
-17,24,
-86,40,
-37,75,
-15,47,
0,11,
-51,-14,
-42,-89,
-21,3,
26,48,
81,41,
46,-10,
48,-65,
20,57,
6,49,
13,33,
-16,25,
-7,71,
-38,68,
56,20,
20,-3,
27,0,
-65,15,
-103,80,
-21,11,
-14,58,
2,17,
-26,6,
31,57,
21,11,
-4,13,
18,14,
-29,9,
11,-42,
-10,11,
-2,55,
-22,80,
-17,81,
-3,32,
9,30,
2,9,
-32,-26,
-41,-82,
11,-33,
35,9,
0,21,
12,-42,
-19,-42,
9,38,
6,32,
8,2,
19,15,
72,75,
88,77,
19,39,
-52,46,
-16,-7,
9,55,
85,21,
22,65,
-7,32,
-52,-22,
0,-65,
25,-29,
-32,-82,
59,-8,
27,38,
27,-6,
-3,-37,
-16,-13,
37,18,
35,-8,
-35,-36,
6,4,
29,35,
1,24,
5,0,
37,4,
55,25,
67,32,
72,14,
-7,-7,
-64,35,
0,24,
-49,31,
-33,-23,
0,8,
-19,66,
-25,94,
29,60,
55,10,
39,-16,
-1,30,
18,4,
-16,-32,
-38,-7,
0,-53,
23,-50,
26,35,
13,24,
-6,-49,
-57,-40,
-22,-17,
0,44,
13,-42,
13,32,
-5,28,
58,10,
41,12,
-14,42,
81,-17,
48,18,
36,60,
-23,43,
19,-7,
79,19,
25,-23,
20,-43,
21,-39,
0,-30,
29,17,
72,-9,
-33,99,
-18,83,
16,80,
-11,-12,
36,49,
-45,39,
-47,7,
28,30,
85,63,
57,71,
-7,38,
-47,-21,
1,-6,
96,-38,
40,-5,
79,32,
63,49,
-6,87,
30,31,
41,-7,
27,45,
-49,-1,
17,-28,
11,-28,
1,60,
83,122,
-38,90,
-32,49,
-36,27,
18,21,
59,62,
41,21,
37,73,
73,84,
49,-3,
42,-14,
-30,-18,
-34,-17,
-36,0,
6,59,
0,44,
16,-12,
28,-11,
-13,8,
19,-53,
60,4,
72,7,
79,-76,
38,-30,
-18,70,
-4,74,
25,-5,
8,-83,
-50,1,
-31,12,
-24,27,
67,8,
81,11,
52,16,
-24,-28,
-22,-31,
19,8,
31,-23,
26,23,
6,0,
25,-72,
4,9,
4,59,
-26,93,
-16,12,
-34,-32,
-26,26,
-22,76,
6,86,
8,-33,
-15,-36,
-8,15,
-59,-22,
16,20,
13,53,
46,62,
-8,18,
62,1,
24,-74,
15,4,
95,33,
112,34,
129,53,
51,-55,
-23,-26,
12,-16,
54,28,
65,-4,
15,-66,
24,0,
38,-9,
36,20,
27,13,
-25,2,
31,-13,
71,-27,
112,-30,
49,14,
15,62,
7,-28,
62,-17,
64,-68,
28,-11,
10,23,
1,56,
0,-24,
12,-55,
-10,-122,
-1,-72,
23,-7,
-6,60,
54,7,
92,-32,
45,-7,
5,71,
32,19,
7,-4,
31,-15,
-2,-13,
51,-21,
36,-58,
68,-66,
18,-54,
37,43,
-21,60,
63,68,
48,30,
136,-51,
109,37,
25,107,
21,63,
28,-29,
74,45,
80,51,
157,54,
80,-63,
18,-27,
26,27,
26,24,
-3,-5,
95,-13,
67,-46,
17,7,
-37,33,
40,70,
41,49,
44,67,
53,9,
65,-21,
70,-76,
101,22,
13,70,
15,51,
-27,33,
1,36,
-11,14,
-31,-4,
9,-13,
19,-79,
23,-57,
34,-10,
25,33,
-1,27,
-14,-41,
0,-89,
-31,-84,
1,-4,
32,29,
-2,49,
-17,35,
8,-43,
25,-90,
12,-13,
45,68,
64,-26,
-35,-53,
4,-88,
-16,-56,
31,-31,
53,-18,
-14,-24,
-33,-22,
-51,-17,
19,-67,
46,-63,
-2,13,
-15,40,
72,11,
46,-1,
37,-13,
-13,35,
-5,25,
-4,-1,
-18,-89,
-6,-26,
36,-4,
44,-20,
38,-48,
56,22,
56,-12,
-15,3,
-18,14,
25,47,
56,45,
-29,27,
-33,-17,
21,9,
23,42,
82,37,
70,-35,
1,-52,
-27,18,
-41,-15,
-1,-43,
40,-1,
10,-17,
35,-8,
-2,-5,
50,-12,
-17,-6,
2,3,
24,-131,
518,-1347,
2225,-4231,
3652,-5969,
2701,-4577,
-734,-829,
-2857,831,
-1677,-239,
208,-2211,
811,-3668,
134,-3536,
-682,-1887,
-642,-390,
235,-171,
1109,-758,
1192,-927,
636,-378,
102,268,
77,583,
455,551,
887,741,
669,617,
23,328,
-334,-73,
-160,-262,
87,-231,
212,-22,
213,159,
68,167,
49,202,
8,162,
-129,180,
-199,294,
-235,354,
-251,331,
-51,246,
7,347,
18,415,
22,418,
13,232,
126,98,
225,-89,
296,-39,
211,96,
129,262,
42,342,
12,254,
25,213,
64,234,
109,208,
105,217,
72,53,
62,-19,
31,4,
64,33,
46,30,
-33,24,
-140,78,
-233,69,
-99,-7,
40,-83,
117,-54,
52,-46,
-51,-35,
48,4,
134,18,
244,159,
89,216,
11,184,
24,58,
102,25,
85,88,
50,170,
28,122,
16,108,
-45,230,
-32,303,
-17,435,
-231,528,
-307,403,
-231,129,
-49,-27,
32,-96,
-4,-75,
5,-24,
-85,33,
-112,56,
-106,17,
-35,9,
-38,-28,
-35,30,
-58,155,
-97,199,
-86,151,
9,37,
7,16,
74,72,
58,58,
66,41,
24,25,
-16,64,
-35,72,
-46,78,
-27,43,
-7,122,
12,93,
22,69,
-5,38,
5,26,
-17,52,
18,135,
21,143,
22,131,
-2,127,
-34,113,
3,80,
9,64,
6,54,
52,61,
82,97,
77,98,
53,157,
21,115,
-5,117,
-22,83,
-32,53,
2,35,
-7,5,
0,63,
0,19,
43,106,
77,107,
8,112,
-48,81,
-88,111,
-90,122,
-8,102,
28,16,
2,33,
21,99,
-55,111,
-23,41,
45,0,
23,89,
-10,99,
-19,12,
-19,-3,
12,59,
20,66,
-7,69,
-31,56,
17,61,
17,26,
9,6,
17,76,
00>
_________________________________
00>
_________________________________
Sequence Number: 6
00>
00>
Printing STS0 CIR
00>
00>
_________________________________
00>
-40,39,
-19,7,
16,21,
-87,16,
-65,-4,
-71,-40,
37,49,
57,22,
12,-19,
-8,-23,
-26,97,
-53,125,
18,87,
29,38,
-39,29,
-43,-14,
78,30,
25,37,
6,15,
82,9,
75,18,
77,-26,
34,11,
23,45,
40,-7,
18,33,
-52,32,
-60,7,
-2,6,
41,25,
5,3,
91,-35,
44,8,
-43,-46,
-49,6,
111,18,
83,27,
-17,52,
-49,43,
-6,14,
3,-11,
-11,-23,
0,2,
-8,-4,
-14,43,
55,55,
-43,-45,
34,-13,
63,18,
20,77,
6,-1,
-70,-12,
-67,-8,
-1,42,
38,23,
97,-19,
29,-54,
-6,-17,
65,-46,
40,-44,
48,-10,
-15,17,
-4,37,
-31,-1,
11,-7,
17,61,
30,-2,
45,75,
5,46,
0,50,
5,38,
-23,0,
-9,-40,
-17,-61,
-8,-25,
-16,-3,
-8,8,
-62,82,
-108,42,
-26,67,
36,69,
85,54,
114,-38,
58,-7,
96,25,
67,16,
-20,38,
-21,7,
-15,-51,
-1,-22,
32,12,
-2,24,
-24,32,
12,2,
58,33,
106,37,
29,49,
-37,-15,
12,110,
-54,27,
-82,5,
-29,34,
28,-17,
55,-38,
35,-15,
-11,-15,
41,-28,
91,-48,
30,-10,
-8,14,
-14,29,
-36,-3,
71,18,
28,-38,
116,-17,
107,14,
-27,13,
57,-12,
-1,56,
-9,38,
-27,-4,
34,-37,
60,-44,
-20,-4,
-34,80,
20,0,
33,-26,
3,15,
-46,6,
-46,-13,
22,28,
42,16,
15,24,
-29,23,
16,-45,
32,76,
-46,52,
-7,38,
12,23,
-45,-27,
-16,-8,
-15,43,
16,58,
72,7,
63,56,
26,50,
4,55,
-6,65,
1,57,
19,58,
-19,65,
-38,20,
-25,-2,
-17,-28,
-20,-72,
-22,45,
39,11,
13,-4,
-7,-37,
1,-19,
6,41,
-29,32,
61,14,
-41,-7,
-52,-12,
-29,44,
40,64,
41,1,
34,58,
-35,24,
-68,-19,
65,3,
39,-66,
-13,-15,
-33,13,
10,45,
-16,70,
-2,-19,
50,-19,
30,27,
31,18,
84,45,
22,57,
-33,48,
25,119,
-9,21,
29,-40,
1,-41,
63,46,
43,44,
-13,75,
-76,41,
-7,5,
-27,0,
-32,13,
27,20,
17,8,
41,7,
25,29,
-19,22,
-5,-22,
-38,-4,
-50,12,
-48,13,
17,-17,
18,23,
-4,22,
-38,40,
16,24,
-36,32,
-51,66,
-60,5,
-28,-35,
-4,-60,
-6,-2,
-19,-1,
4,-8,
60,9,
14,29,
26,84,
-17,21,
-56,34,
-17,39,
45,7,
47,15,
-13,39,
-102,-7,
-71,28,
-80,7,
-105,-9,
-38,35,
7,60,
5,29,
-45,-5,
5,40,
-34,70,
21,77,
24,33,
83,-2,
27,-39,
-16,-12,
-75,30,
-32,-4,
34,-18,
53,-8,
-14,-7,
37,-6,
33,80,
39,89,
14,28,
61,29,
12,32,
46,0,
-29,-16,
-41,-26,
22,-2,
24,-34,
18,-18,
-16,18,
-58,18,
-58,10,
25,135,
31,34,
42,14,
-20,-4,
-5,50,
0,70,
62,44,
35,44,
-43,25,
-41,20,
-26,13,
-13,13,
-37,-22,
-13,46,
26,-32,
63,-14,
58,2,
52,27,
42,89,
-7,44,
-26,16,
21,67,
71,5,
79,-9,
0,79,
-61,47,
-5,-7,
51,-9,
27,7,
24,6,
40,19,
63,17,
92,-35,
-5,-30,
-16,39,
41,1,
-21,2,
-1,34,
-84,-29,
1,-17,
46,-40,
-54,-40,
38,2,
2,58,
32,-7,
16,30,
-47,43,
-2,72,
-56,19,
47,28,
47,-52,
-19,-4,
3,32,
14,24,
-3,15,
-10,13,
8,36,
24,51,
12,61,
-30,60,
10,28,
94,-25,
82,20,
63,10,
-56,31,
-45,42,
-29,8,
1,-25,
30,21,
-63,-44,
-23,26,
32,55,
5,-2,
22,47,
54,59,
17,18,
-14,-11,
-23,7,
21,1,
39,-11,
2,17,
-45,65,
-20,20,
48,48,
31,19,
38,-12,
-29,28,
32,44,
21,19,
-26,55,
-9,15,
6,42,
43,911,
-710,5712,
-2364,7965,
-3109,7914,
-2865,6732,
343,-1202,
1335,-3186,
233,-481,
388,398,
2260,-521,
3493,-1585,
1525,-1043,
-638,50,
-2433,1021,
-2324,1019,
-901,344,
69,-103,
77,-339,
-745,-160,
-1080,-299,
-1395,-540,
-294,-290,
451,-488,
367,-269,
74,-7,
-137,155,
-169,-97,
-53,-455,
-102,-458,
-34,-339,
3,-166,
-45,-175,
-45,-270,
5,-465,
32,-62,
115,-15,
340,103,
208,108,
39,-188,
-167,-288,
-284,-295,
-528,-333,
-591,-325,
-388,-237,
-212,-229,
20,-292,
378,-331,
395,-211,
170,10,
-121,162,
-86,51,
9,57,
204,-64,
167,-181,
137,-353,
29,-242,
44,-157,
163,-37,
190,82,
80,187,
-51,178,
-162,149,
-195,193,
-171,280,
-98,348,
-131,294,
-36,-49,
-31,-70,
-19,-441,
-37,-471,
11,-462,
82,-224,
179,-9,
247,-42,
273,-252,
293,-439,
331,-493,
826,-595,
932,-437,
519,-97,
143,41,
-113,182,
-93,-13,
-101,-47,
-95,-190,
-50,-103,
21,-165,
-10,-133,
-44,-130,
-12,-133,
51,-36,
82,-30,
99,-17,
24,71,
13,84,
87,-15,
134,-47,
156,-140,
59,-15,
-9,-5,
27,-21,
-17,-114,
61,-203,
24,-109,
35,-94,
24,-54,
30,-58,
106,-7,
49,-18,
105,-11,
44,-74,
31,-79,
38,-150,
109,-146,
-3,34,
38,7,
28,15,
88,-15,
77,-143,
38,-50,
30,-95,
-34,-65,
-40,-79,
18,-8,
66,-1,
73,-8,
28,82,
3,58,
33,-22,
39,-47,
47,27,
64,25,
12,-42,
47,-93,
44,-60,
16,-14,
13,27,
-40,-72,
-81,-86,
-33,-116,
9,-30,
-58,-27,
-31,-80,
10,-37,
-28,-99,
-64,-81,
-51,19,
-82,15,
-94,-46,
-15,-99,
56,-183,
32,-131,
10,11,
56,40,
85,13,
137,-84,
-10,8,
18,-59,
-32,-29,
00>
_________________________________
00>
00>
Printing STS1 CIR
00>
00>
_________________________________
00>
36,-76,
-32,12,
-7,-4,
-1,-38,
26,-6,
-48,-44,
-10,-16,
13,-15,
-13,-81,
-38,46,
7,61,
-19,38,
-21,-13,
-3,15,
-46,13,
47,-45,
-63,-22,
27,-21,
-19,-76,
7,-12,
32,-22,
38,48,
45,-23,
47,-25,
-4,-4,
42,11,
8,73,
-73,-13,
-45,2,
-4,-15,
-35,1,
65,-53,
-11,-2,
-22,-12,
1,0,
39,-5,
12,29,
59,-22,
44,42,
57,85,
35,27,
34,-34,
33,-51,
86,9,
-17,49,
-33,-2,
25,-46,
24,-32,
26,-5,
-25,-45,
-30,-89,
-9,-16,
-5,-23,
28,16,
-36,18,
-68,57,
-57,-44,
36,-105,
49,-61,
3,-37,
4,7,
46,46,
72,8,
9,-26,
-74,-29,
-80,-29,
-72,-39,
6,-49,
27,-32,
-59,10,
-6,5,
-15,-35,
6,-51,
12,-60,
9,-27,
8,55,
2,10,
26,24,
-12,48,
-31,90,
19,-14,
-5,18,
-94,52,
-36,1,
-41,-11,
44,8,
45,19,
-35,32,
2,3,
44,-26,
69,-31,
73,29,
14,13,
-21,46,
-16,19,
-16,-14,
51,33,
32,18,
20,44,
-34,-59,
-54,-2,
-88,31,
-76,-24,
-42,3,
-2,9,
3,23,
54,-12,
67,78,
37,29,
32,38,
33,47,
-10,2,
38,-20,
4,11,
32,6,
16,21,
42,40,
73,33,
-15,47,
7,3,
17,6,
-21,-11,
-12,38,
4,-53,
33,18,
33,22,
26,-43,
-21,-26,
6,-6,
33,-70,
-13,-6,
-46,50,
25,30,
-30,16,
-25,-72,
-15,-69,
-26,-20,
-26,-13,
-117,-7,
-51,-34,
19,-21,
5,19,
-40,-5,
3,13,
-2,-7,
12,5,
-18,-73,
9,4,
36,-12,
17,24,
26,-22,
67,24,
58,-31,
-32,-15,
-55,-2,
-45,41,
8,-33,
31,26,
44,6,
38,49,
22,-40,
-26,-79,
58,-64,
18,3,
36,11,
-28,62,
-6,11,
0,-27,
4,40,
-25,33,
-82,-36,
-71,-63,
9,-8,
4,37,
-34,-28,
1,0,
10,-19,
19,-2,
-61,-21,
-72,-28,
-10,-72,
-31,67,
45,-8,
34,72,
53,73,
88,31,
25,-21,
36,-31,
65,42,
41,3,
23,-41,
24,-14,
32,26,
11,12,
5,2,
47,22,
74,-5,
36,-44,
31,14,
7,55,
-28,26,
-14,78,
25,58,
-7,77,
30,29,
74,-37,
34,-65,
4,-50,
11,-17,
-65,-57,
-26,69,
-53,46,
-48,1,
40,-24,
38,4,
-47,32,
72,14,
68,42,
1,-33,
-15,-39,
-8,-7,
45,45,
64,90,
47,10,
19,-16,
-38,4,
7,67,
-41,34,
11,15,
43,-71,
42,15,
53,50,
44,60,
73,-11,
15,-28,
-9,14,
34,74,
32,9,
27,-43,
-32,-46,
-39,-35,
-4,-15,
26,32,
71,58,
64,56,
18,-2,
4,61,
-39,35,
-26,69,
-38,32,
-16,-70,
12,-79,
24,7,
49,57,
-16,8,
38,8,
44,-10,
40,-63,
-43,-45,
-37,-12,
-22,-9,
32,0,
102,-52,
4,-34,
-27,3,
-33,-13,
63,-14,
-28,-32,
-26,-81,
-21,-4,
-30,64,
24,20,
22,18,
7,-23,
22,-30,
-30,-24,
10,2,
40,-41,
117,13,
93,-4,
3,-45,
39,8,
-67,-10,
-10,-47,
19,-10,
38,-15,
19,27,
5,23,
-5,16,
60,7,
49,44,
-11,-19,
2,-46,
28,-77,
-8,8,
-46,7,
-64,-19,
-36,15,
1,-32,
25,-10,
13,-18,
-7,43,
38,12,
-30,49,
-9,40,
44,37,
18,30,
-32,27,
-8,32,
80,-32,
56,-52,
-40,10,
-58,-7,
-37,14,
-50,-71,
-10,-22,
-4,-26,
-6,42,
2,19,
72,-37,
42,-32,
44,-72,
3,17,
17,66,
13,56,
21,47,
16,20,
31,3,
-3,-19,
67,-22,
-19,-4,
-33,44,
-38,18,
41,1,
9,9,
-5,-46,
34,11,
-19,4,
15,67,
-12,-4,
-6,-10,
-79,4,
19,21,
53,54,
-1,5,
8,-33,
-2,-76,
17,-33,
26,-18,
15,-9,
21,-54,
15,4,
93,64,
-14,803,
-1010,4492,
-3332,7610,
-4143,7350,
-2128,4147,
1861,-847,
1938,-1526,
-618,-545,
-2494,-1330,
-2471,-2961,
-1494,-2765,
-495,-1166,
473,-398,
1785,-662,
2829,-959,
2062,-530,
503,-51,
-568,-66,
-1026,-439,
-1341,-787,
-1709,-1227,
-1163,-478,
-145,-140,
371,-17,
437,57,
39,-16,
2,-276,
205,-420,
246,-416,
-107,-264,
-595,64,
-437,295,
53,355,
398,622,
463,239,
361,176,
299,-90,
96,-102,
-150,175,
-280,278,
-650,147,
-638,-208,
-168,-384,
200,-194,
197,-53,
64,-104,
-240,-121,
-210,15,
6,168,
236,262,
309,93,
157,43,
303,-315,
218,-221,
236,-88,
144,4,
1,-88,
-167,-363,
-234,-458,
-176,-247,
-163,-222,
-147,-216,
-123,-168,
-126,75,
-196,99,
-149,17,
148,-11,
277,82,
370,252,
269,257,
143,177,
44,64,
53,-28,
39,-120,
3,-297,
-39,-297,
74,-266,
486,-328,
949,-243,
704,2,
227,137,
-15,122,
-73,29,
36,53,
-30,186,
-12,160,
56,147,
55,91,
52,97,
31,54,
7,110,
53,84,
90,19,
10,-10,
33,-21,
60,-18,
45,-71,
-27,-30,
-46,-71,
-90,-83,
-4,-142,
-16,-90,
-13,-74,
92,-57,
24,-54,
-31,-68,
-37,49,
86,43,
66,92,
64,37,
67,56,
146,18,
87,-27,
100,0,
90,60,
21,34,
146,28,
49,-23,
14,-121,
-75,-95,
-53,-146,
-19,-116,
38,-29,
64,32,
51,-49,
50,-42,
78,1,
97,-2,
105,44,
97,24,
53,22,
139,44,
179,31,
123,-19,
52,-19,
17,-21,
-14,-6,
-56,-2,
39,24,
21,-12,
35,49,
16,-19,
42,-34,
0,2,
20,-64,
-6,-62,
46,-37,
28,-60,
-35,-142,
-6,-78,
46,15,
60,15,
15,35,
8,22,
9,46,
26,65,
-11,-18,
-65,-21,
-41,9,
00>
_________________________________
00>
RX Timestamp: 79440921618
00>
Clock Offset: -1528.645 Hz, 0.191 ppm
00>
RX Timestamp: 80512415984
00>
Clock Offset: -1454.258 Hz, 0.182 ppm
00>
_________________________________
Sequence Number: 139
00>
00>
Printing STS0 CIR
00>
00>
_________________________________
00>
-58,31,
14,-12,
-52,27,
1,70,
11,-33,
-35,3,
-125,22,
-35,75,
31,100,
20,63,
45,52,
-65,38,
34,-7,
34,15,
16,27,
18,73,
36,51,
22,22,
41,-5,
88,15,
73,-60,
21,-56,
-22,-16,
-20,30,
41,74,
57,-11,
21,31,
30,70,
89,7,
77,3,
22,15,
58,25,
100,26,
37,-40,
-59,13,
-77,29,
-38,16,
-13,-6,
-2,14,
37,64,
-40,74,
-10,-41,
-29,-56,
30,-28,
36,-2,
55,4,
22,84,
-47,83,
36,42,
47,11,
51,4,
31,7,
25,-18,
40,34,
64,-3,
30,-31,
62,29,
47,25,
14,110,
49,58,
37,-5,
14,-13,
-55,51,
24,25,
79,42,
68,46,
50,-53,
12,4,
-27,-16,
-6,27,
-8,-13,
35,-1,
-5,57,
-15,48,
-30,69,
-13,47,
41,41,
-5,-39,
-26,-26,
-29,-1,
-52,46,
37,30,
43,17,
100,42,
53,-46,
-25,8,
11,-46,
12,-37,
23,19,
3,16,
24,66,
-39,-37,
-33,-41,
-48,-16,
-6,34,
-7,80,
70,82,
-18,87,
-23,36,
-112,67,
-63,42,
-50,-31,
-28,51,
-8,-12,
7,23,
-5,-3,
9,-64,
52,15,
111,42,
24,38,
-16,11,
12,-69,
-6,4,
6,15,
67,-29,
63,-24,
-14,69,
-7,-43,
-1,39,
-43,15,
-87,12,
-22,1,
5,-80,
24,-35,
-18,21,
-34,-18,
4,-17,
86,51,
85,59,
47,-24,
2,-1,
35,58,
-56,22,
-12,-41,
27,-9,
17,83,
43,66,
26,-5,
47,-109,
-23,-109,
-29,-39,
-35,-15,
3,4,
11,82,
38,9,
-80,53,
-14,54,
36,-3,
94,-8,
31,28,
32,9,
-13,-26,
-7,7,
21,37,
4,12,
9,-7,
-10,2,
15,-22,
31,-52,
31,-67,
21,3,
11,-36,
45,-35,
62,-82,
-44,34,
-27,20,
7,-4,
128,51,
-77,104,
6,50,
27,108,
27,14,
19,43,
-40,7,
14,-29,
70,-6,
43,51,
14,30,
3,-1,
44,-40,
-11,4,
13,-22,
30,-16,
-5,-49,
-25,-31,
20,5,
-3,24,
35,110,
63,50,
91,-4,
71,6,
49,25,
-26,46,
-65,1,
-59,9,
14,35,
-4,6,
-7,25,
4,46,
7,-10,
32,21,
8,-119,
14,-40,
67,56,
5,-29,
16,-31,
-26,-61,
4,-30,
-22,15,
41,50,
35,32,
-6,41,
-76,24,
-16,13,
-15,-13,
50,1,
47,8,
6,-22,
35,-29,
61,-49,
27,-49,
32,-3,
7,-58,
2,19,
25,20,
-53,47,
5,7,
12,27,
42,0,
-6,56,
-28,57,
43,30,
-6,-101,
-24,-27,
4,43,
-1,74,
41,54,
-1,21,
-43,15,
-33,25,
-73,-41,
-16,28,
13,23,
38,26,
111,-6,
42,-55,
56,30,
37,35,
-50,41,
12,21,
6,55,
5,18,
5,-12,
31,45,
-8,-2,
-65,26,
-52,21,
10,-13,
-36,28,
-24,-30,
35,6,
124,-40,
40,-10,
-26,-46,
16,23,
34,45,
38,33,
-8,15,
2,65,
5,46,
32,28,
19,24,
20,44,
11,10,
84,-57,
97,-143,
4,-68,
-25,-43,
-24,-26,
30,25,
67,90,
89,25,
67,0,
27,-26,
-32,22,
-2,43,
-37,16,
-13,7,
-1,-59,
-54,-48,
8,-102,
-5,-40,
-23,14,
-7,56,
28,68,
106,-17,
82,-30,
-12,-81,
-45,9,
0,-35,
12,47,
18,12,
33,-8,
75,5,
126,0,
77,-28,
52,42,
59,14,
-2,-46,
27,-35,
23,-86,
-29,-7,
-36,-45,
67,-7,
98,-80,
-15,17,
0,-40,
-39,-11,
-28,18,
-51,5,
7,75,
32,40,
-26,15,
-5,-88,
-26,27,
3,-19,
-36,-10,
23,15,
1,11,
-23,4,
-36,2,
-10,-31,
-16,-1,
21,-53,
-34,-20,
1,25,
-24,-29,
50,-21,
36,56,
-65,81,
-114,59,
13,28,
100,-1,
60,24,
-12,-25,
-14,-21,
39,41,
-31,42,
23,-41,
26,-62,
28,34,
12,80,
-56,101,
-16,2,
-74,-12,
-24,-40,
1,-57,
20,-14,
-191,250,
-1326,1454,
-4276,3828,
-6259,4625,
-5006,3432,
-160,742,
2165,-23,
716,434,
-1210,-157,
-1656,-1701,
-1130,-2224,
-527,-1365,
160,-346,
1075,-274,
1530,-452,
1072,-212,
193,1,
-258,49,
-513,-265,
-714,-724,
-1139,-1058,
-1020,-865,
-524,-449,
-50,-95,
-17,27,
-175,105,
-84,81,
154,-25,
262,-86,
278,-96,
23,-92,
-96,-43,
11,-76,
271,-16,
436,16,
222,2,
108,-67,
45,31,
67,27,
26,-21,
-116,-182,
-166,-163,
-29,-91,
124,27,
172,160,
165,228,
110,181,
129,39,
33,16,
41,22,
24,18,
78,-58,
224,-75,
182,-23,
161,97,
75,139,
91,118,
126,7,
231,-112,
306,-194,
330,-183,
220,-28,
44,97,
-16,199,
-118,136,
-160,-64,
-164,-235,
-106,-275,
54,-193,
53,-56,
71,-54,
126,-26,
75,76,
126,94,
95,65,
105,-112,
105,-207,
207,-329,
391,-276,
402,-113,
206,55,
10,237,
-101,243,
52,113,
139,32,
92,31,
67,45,
60,-19,
57,-101,
-24,-141,
-5,-73,
10,-56,
77,-103,
73,-103,
88,-74,
-13,-104,
19,5,
63,-19,
19,-10,
-5,-29,
23,-20,
85,90,
112,-20,
89,-110,
42,-16,
100,28,
141,1,
121,51,
112,5,
113,-37,
64,-77,
64,4,
38,-3,
130,-47,
120,7,
103,56,
56,-23,
17,-54,
41,-58,
115,-20,
192,-24,
100,-39,
104,-48,
107,-33,
59,-2,
122,20,
234,23,
215,66,
69,16,
56,-61,
41,-17,
38,31,
60,69,
104,-8,
87,-13,
110,-32,
81,-103,
38,-47,
-25,10,
55,-12,
127,20,
90,30,
33,14,
-2,-11,
8,25,
67,68,
94,25,
128,0,
53,-18,
102,-50,
28,-95,
-13,-83,
25,-9,
58,-59,
00>
_________________________________
00>
00>
Printing STS1 CIR
00>
00>
_________________________________
00>
-54,-64,
17,-63,
45,4,
-7,127,
3,98,
-26,-40,
25,-62,
65,-44,
46,13,
14,-5,
-60,-17,
-62,-32,
-74,-44,
-10,-21,
54,-31,
-9,-60,
-78,37,
-28,17,
51,14,
-21,-1,
-46,-38,
-15,15,
4,31,
1,26,
9,25,
71,66,
33,87,
-56,31,
8,57,
37,41,
-35,35,
-23,-20,
8,23,
4,-56,
31,16,
-24,-16,
13,-2,
-57,-50,
47,-15,
73,-3,
66,39,
10,98,
21,22,
-13,23,
6,13,
77,29,
79,64,
46,-16,
16,35,
51,34,
-16,-7,
-28,-28,
-44,11,
5,-11,
108,19,
25,31,
-7,5,
62,-28,
67,-55,
34,9,
-17,-93,
-35,-104,
81,35,
100,-10,
47,34,
-23,0,
4,-2,
-8,35,
-15,-3,
47,-39,
86,68,
13,45,
32,3,
10,-10,
11,18,
22,132,
-93,-7,
-20,36,
61,-22,
67,15,
18,44,
12,-41,
-13,-75,
0,-30,
1,9,
-23,26,
-17,86,
32,-3,
40,-59,
-5,-37,
41,-46,
32,-17,
105,-11,
22,62,
-36,83,
52,-46,
51,14,
-13,-48,
-7,40,
-4,43,
38,48,
64,80,
7,3,
96,32,
105,73,
44,48,
3,12,
0,-15,
-44,4,
-10,25,
20,76,
84,30,
130,-70,
13,-59,
-60,51,
-43,12,
74,-44,
87,-103,
7,-63,
-15,46,
-41,80,
71,63,
59,14,
42,-20,
103,26,
46,15,
2,-13,
-49,-53,
67,-28,
77,-10,
-3,20,
-58,0,
-46,-6,
-4,-42,
40,-81,
-15,-56,
41,-30,
-27,-32,
38,-34,
43,-9,
52,28,
71,12,
20,35,
-23,-35,
-45,-17,
-61,-25,
30,2,
-12,-33,
-75,-15,
-63,-5,
-19,61,
-9,-30,
56,-70,
10,-13,
36,66,
18,71,
44,27,
64,0,
26,-32,
36,3,
70,64,
-11,17,
16,43,
52,34,
-7,25,
23,16,
70,-21,
89,-43,
85,26,
38,19,
73,9,
49,-5,
-8,-77,
-22,-97,
44,-55,
57,40,
-13,31,
-13,-17,
18,-25,
95,-18,
9,-36,
-32,29,
19,26,
5,8,
47,16,
52,89,
70,0,
0,7,
-14,24,
7,14,
46,23,
53,-18,
117,30,
106,-3,
15,-35,
-52,57,
-47,84,
29,24,
48,-16,
41,-44,
49,-5,
18,13,
68,4,
87,8,
50,1,
-3,-11,
-7,-21,
-17,-88,
28,-19,
96,-58,
99,19,
53,-6,
-27,10,
9,-21,
46,22,
-16,-1,
26,89,
8,34,
15,24,
33,46,
-21,64,
-11,-1,
80,68,
94,103,
38,42,
24,-66,
6,-3,
21,63,
27,103,
92,34,
11,10,
5,-41,
23,-62,
-6,-7,
-9,34,
-7,-7,
88,-12,
61,23,
25,14,
8,23,
-72,14,
-65,-53,
1,-17,
6,-45,
27,64,
8,59,
46,11,
-13,-11,
-21,16,
-15,2,
1,30,
50,-15,
92,-29,
58,-40,
-34,7,
10,-88,
99,-79,
79,-69,
51,-44,
45,57,
28,37,
11,37,
47,99,
2,47,
81,8,
46,20,
40,-17,
-14,-8,
64,-3,
-27,-8,
-5,-16,
34,3,
75,-19,
53,94,
-15,22,
-3,51,
-20,1,
7,2,
3,-52,
-16,-16,
-77,23,
-122,-7,
0,3,
-8,55,
18,26,
12,12,
25,10,
0,-19,
-38,-37,
0,24,
3,-18,
-19,-38,
13,32,
4,-4,
40,53,
13,22,
11,-10,
30,-55,
50,34,
52,89,
-9,108,
-29,-11,
102,35,
-17,73,
64,34,
70,-40,
-11,-31,
-16,35,
32,16,
-6,9,
39,70,
31,17,
-16,12,
48,25,
37,35,
59,44,
11,-3,
14,8,
83,13,
21,13,
43,-33,
2,-30,
20,-12,
35,75,
-8,15,
-28,139,
-18,37,
25,6,
39,-20,
52,-70,
57,-7,
27,20,
19,39,
-33,4,
25,-3,
66,-9,
26,-9,
-18,41,
-65,-17,
-60,41,
-85,22,
-32,6,
55,-27,
31,44,
72,25,
26,20,
24,21,
53,65,
8,55,
35,-46,
21,-43,
19,45,
11,22,
41,20,
105,40,
11,-20,
-16,-17,
43,-15,
-40,241,
-1016,1223,
-3733,3242,
-5882,4149,
-4407,3267,
533,1148,
3222,424,
1568,901,
-1042,2120,
-2229,3310,
-1489,3406,
-99,2161,
405,723,
-322,80,
-1290,284,
-1447,464,
-727,158,
12,-286,
301,-578,
-196,-694,
-520,-1035,
-335,-786,
90,-234,
320,269,
180,385,
-163,236,
-210,-35,
-79,-194,
8,-237,
68,-192,
118,-142,
166,-127,
229,-183,
374,-176,
426,-122,
240,-61,
200,-237,
132,-300,
148,-334,
89,-185,
-72,-52,
-260,33,
-206,-36,
-84,-274,
-45,-302,
108,-273,
129,-156,
72,-101,
56,-157,
66,-161,
26,-130,
-7,23,
8,32,
22,71,
28,31,
84,53,
172,102,
255,59,
301,-11,
165,41,
4,100,
-122,101,
-44,147,
21,122,
15,-23,
-8,-202,
50,-287,
63,-245,
101,-160,
32,-72,
-80,-115,
-82,-166,
83,-151,
108,-220,
170,-90,
177,-172,
188,-374,
261,-460,
477,-392,
407,-230,
243,-21,
-56,119,
-56,138,
59,55,
56,5,
51,-26,
120,-84,
55,-12,
1,1,
32,154,
52,-26,
155,-116,
164,-139,
136,-60,
187,31,
54,12,
-77,-100,
-47,-46,
2,-80,
1,-74,
6,-36,
44,39,
-16,14,
43,-24,
10,-72,
15,-114,
61,-46,
84,-106,
31,-58,
-4,-122,
11,-185,
-53,-148,
73,-166,
78,-104,
93,-7,
63,13,
42,-48,
13,-34,
69,-116,
-13,-114,
-50,-146,
-40,-93,
45,-114,
86,-86,
93,-69,
85,-95,
12,-73,
38,-66,
81,-62,
48,-63,
58,-5,
-62,-12,
51,-126,
104,-36,
76,-30,
30,32,
82,24,
129,-59,
3,-65,
68,-8,
52,-56,
40,-53,
30,-58,
35,-117,
41,-108,
138,-23,
134,4,
38,-22,
-26,-73,
-7,-119,
117,-65,
104,-59,
98,2,
78,-56,
00>
_________________________________
00>
_________________________________
Sequence Number: 142
00>
00>
Printing STS0 CIR
00>
00>
_________________________________
00>
-6,38,
16,-4,
7,15,
105,-123,
88,-15,
50,-18,
85,94,
21,44,
37,28,
14,-6,
-3,30,
-16,-58,
-22,29,
-15,79,
7,74,
-59,9,
-10,-4,
-1,-27,
30,-49,
73,8,
24,-22,
-10,-6,
-5,55,
-21,-39,
15,-44,
44,-7,
5,36,
16,10,
66,-11,
35,-40,
-7,23,
-26,68,
-3,86,
-9,11,
-1,-2,
-38,43,
6,0,
-6,24,
90,21,
24,19,
-24,-28,
10,17,
46,31,
61,-34,
-24,32,
-52,73,
51,30,
6,-22,
48,-62,
-7,-86,
32,7,
-23,-39,
-26,30,
-42,67,
-86,64,
59,-24,
17,-48,
11,-34,
-30,13,
-27,-33,
62,-28,
75,9,
-41,-21,
-48,-24,
-41,-46,
2,-41,
-7,-6,
-20,2,
-31,34,
-29,31,
-26,13,
-34,-9,
20,-24,
-30,13,
-8,-76,
24,-66,
56,-108,
14,-21,
-42,-2,
-49,0,
-31,-58,
-86,14,
-10,5,
41,0,
42,-18,
32,3,
36,53,
68,8,
43,17,
7,27,
40,25,
-17,-12,
-25,-62,
-43,-41,
3,12,
-7,37,
-8,-30,
39,-1,
24,-44,
56,-82,
46,-5,
72,-2,
25,-92,
-8,-33,
52,-15,
72,-4,
29,4,
-25,33,
7,-33,
-16,-29,
9,-48,
11,-27,
44,0,
-8,-19,
-19,-9,
35,-38,
26,-4,
92,-50,
65,-83,
28,11,
10,30,
-8,17,
14,28,
-30,-2,
-13,44,
72,85,
45,3,
10,28,
-5,2,
-7,7,
-14,15,
-47,62,
13,12,
30,32,
7,-15,
52,22,
62,-28,
9,-11,
-26,-41,
53,-54,
44,17,
51,-15,
8,77,
8,69,
-9,17,
-19,-60,
67,-48,
18,-6,
30,23,
29,21,
-15,90,
52,48,
37,-93,
14,-58,
-22,-27,
27,31,
42,-4,
-26,-24,
-2,-43,
28,37,
27,40,
4,-17,
10,36,
24,18,
-4,10,
-30,65,
-13,22,
-55,-52,
-29,-45,
26,-42,
37,-12,
30,-25,
-41,10,
-26,-18,
-37,-5,
26,-29,
43,12,
-8,17,
-16,-77,
32,-65,
56,-38,
63,-39,
90,-24,
12,54,
12,32,
18,61,
33,9,
66,-5,
-21,25,
-1,16,
-30,0,
-54,23,
8,-64,
31,-7,
43,-24,
22,-5,
34,28,
47,-13,
-38,5,
-12,-54,
105,36,
5,15,
13,2,
77,-26,
74,22,
-31,29,
12,-22,
-45,27,
-13,-7,
-2,70,
-3,34,
-58,120,
9,-24,
36,-38,
-18,-86,
35,-81,
70,-47,
63,26,
54,6,
77,43,
23,-30,
55,10,
73,17,
-20,32,
12,-12,
18,-11,
13,-7,
11,0,
48,-3,
48,-24,
70,-1,
-30,-20,
2,-11,
17,5,
4,-27,
-44,-7,
-6,16,
-36,7,
-16,2,
0,-63,
53,-13,
87,81,
-2,78,
36,27,
-24,40,
-62,49,
4,9,
35,-10,
29,-37,
-19,-50,
28,-11,
-8,69,
56,92,
55,55,
2,59,
32,22,
-28,-48,
-8,-64,
37,10,
42,61,
81,1,
36,13,
69,21,
-21,-58,
41,-70,
59,-2,
13,15,
-13,-24,
-61,10,
43,14,
70,-16,
13,-5,
19,61,
-3,29,
15,-12,
-42,-10,
43,-25,
74,-25,
-13,79,
-10,61,
26,-5,
26,-16,
29,-4,
-46,-8,
-110,-5,
-27,18,
3,67,
-6,24,
-25,-45,
-10,-18,
-36,-25,
66,19,
84,-36,
106,-58,
11,-2,
44,61,
-14,-11,
47,-20,
8,8,
-13,22,
39,40,
-17,14,
15,48,
96,71,
61,30,
18,14,
-20,-7,
-59,42,
-92,62,
-67,41,
-27,80,
45,2,
34,35,
8,-1,
0,11,
-10,19,
51,46,
50,-4,
-10,-6,
6,-74,
14,-95,
-8,-76,
8,-5,
23,24,
120,-88,
61,-39,
55,-33,
5,-4,
-23,-69,
4,-26,
30,-61,
-14,-45,
9,-34,
97,67,
19,39,
14,14,
4,-9,
66,2,
-9,-58,
7,-58,
34,-31,
39,2,
69,20,
-10,51,
-53,48,
-48,20,
-39,-26,
-13,20,
-23,14,
31,48,
60,100,
37,27,
40,-50,
-51,-102,
-714,-668,
-3987,-4411,
-5211,-6843,
-4673,-7198,
-3111,-5822,
772,1335,
1430,2786,
178,354,
-504,122,
-959,2195,
-747,3578,
-8,1685,
425,-663,
745,-2515,
712,-2261,
299,-846,
43,74,
230,88,
761,-546,
1222,-778,
1368,-919,
489,-16,
63,738,
-49,452,
-94,107,
-38,-140,
112,-79,
366,198,
421,208,
400,120,
316,48,
148,45,
180,54,
426,109,
201,-73,
85,24,
-176,172,
-189,156,
97,180,
256,58,
397,-64,
553,-278,
517,-273,
347,-158,
297,17,
182,307,
-2,528,
-63,400,
-34,160,
-49,-63,
-27,18,
-65,89,
-54,262,
69,259,
147,211,
88,126,
52,111,
-10,48,
-138,-23,
-82,-87,
-78,-51,
3,-39,
-95,-188,
-113,-272,
-124,-387,
40,-429,
197,-170,
199,-126,
453,237,
414,338,
451,393,
110,207,
-117,168,
-144,260,
35,418,
147,506,
140,594,
-55,937,
-277,859,
-218,370,
-176,5,
-84,-174,
64,-30,
67,8,
232,151,
114,19,
95,-75,
95,7,
149,-48,
182,79,
52,150,
39,96,
-16,43,
-44,-16,
-45,-20,
-5,-3,
54,61,
108,126,
-15,30,
-40,54,
42,87,
116,19,
168,120,
79,89,
5,90,
-13,16,
24,34,
42,125,
7,86,
-14,79,
-18,10,
94,34,
40,72,
-62,135,
-156,120,
-85,117,
-15,121,
12,128,
100,145,
62,69,
9,63,
83,49,
63,173,
76,85,
4,21,
-25,-13,
-45,-55,
21,-59,
-40,-37,
-45,7,
6,33,
-25,44,
11,64,
75,64,
78,57,
60,33,
30,48,
106,-40,
88,44,
89,111,
43,52,
51,-50,
33,-51,
68,20,
68,67,
92,92,
6,27,
73,-9,
140,70,
138,18,
90,64,
6,36,
9,-14,
-9,87,
36,82,
65,100,
22,53,
50,18,
00>
_________________________________
00>
00>
Printing STS1 CIR
00>
00>
_________________________________
00>
13,0,
25,23,
18,-9,
-9,-9,
10,20,
57,5,
27,-23,
-17,-38,
-27,21,
-20,29,
-5,65,
26,65,
40,69,
36,49,
79,3,
16,26,
-58,21,
-12,58,
-42,-10,
-37,12,
14,82,
17,71,
8,10,
-4,-59,
0,-14,
-6,5,
-64,-4,
-120,0,
-48,-38,
11,-4,
33,63,
-31,47,
-79,14,
24,-27,
-17,24,
-43,29,
25,2,
9,0,
-61,-17,
29,13,
53,29,
26,-43,
0,-19,
-23,16,
-4,25,
-35,-6,
0,-16,
5,0,
-19,22,
-63,-12,
-60,44,
-4,54,
-32,40,
-20,43,
-36,77,
-21,30,
37,-32,
31,12,
25,36,
29,-49,
45,-39,
23,-60,
-19,-2,
10,-41,
18,-47,
-19,-6,
-9,-63,
11,-33,
26,-5,
35,6,
-4,-28,
27,42,
-8,42,
27,28,
-37,61,
36,14,
45,-15,
47,-46,
19,30,
67,61,
10,56,
-39,15,
-31,36,
-54,52,
-28,94,
-37,50,
48,37,
61,71,
-9,66,
-14,-49,
-68,-70,
-8,-72,
80,-85,
39,-54,
-13,35,
6,43,
-4,-38,
28,-31,
10,30,
11,14,
64,4,
79,0,
20,-74,
-14,-56,
27,-28,
45,37,
88,67,
0,20,
-34,-27,
-25,46,
0,32,
0,43,
-19,66,
-45,4,
-20,-85,
1,-62,
31,-34,
24,-12,
-26,40,
8,-3,
8,-12,
-21,-36,
9,-9,
19,68,
0,39,
-18,27,
-4,5,
-11,33,
-3,69,
35,-35,
6,33,
25,-3,
-17,39,
-41,40,
-23,27,
9,8,
22,-6,
37,-27,
50,-11,
42,14,
-7,-76,
-26,-3,
-54,62,
-50,21,
4,-2,
-8,34,
-15,25,
-11,33,
-42,89,
-34,21,
17,52,
0,44,
10,27,
2,-4,
-30,-15,
-48,-15,
54,3,
37,3,
-46,14,
-34,-21,
-40,-47,
37,-2,
33,-10,
-3,4,
-73,37,
-21,-11,
37,-33,
65,34,
1,-3,
-25,54,
53,11,
93,25,
68,17,
52,-61,
7,-47,
34,-9,
-22,-5,
-15,23,
-3,-45,
-6,-94,
66,-57,
73,-30,
69,46,
-15,35,
-53,-51,
-48,-22,
-11,49,
10,-6,
22,51,
54,-21,
21,-1,
6,-11,
-43,-61,
-39,-80,
-13,-21,
17,-4,
36,55,
36,39,
9,2,
41,27,
12,35,
16,36,
36,-13,
-22,13,
-7,61,
3,-10,
20,5,
-23,38,
-24,27,
0,9,
-26,18,
-32,-18,
-11,-3,
16,-3,
46,13,
-9,-12,
-35,-4,
17,-29,
32,31,
82,-13,
22,-31,
1,-43,
-36,12,
19,31,
7,29,
0,3,
5,41,
14,10,
-15,49,
-3,61,
-21,-7,
-21,12,
18,36,
25,-6,
37,39,
-14,-12,
-5,23,
4,49,
43,90,
2,56,
11,28,
-38,-59,
-30,-36,
57,20,
70,-9,
21,3,
-9,-16,
27,12,
-2,8,
-5,52,
-10,71,
59,26,
-4,-23,
35,-20,
17,-10,
4,34,
-91,33,
-43,-21,
-34,-34,
74,24,
62,-25,
12,0,
-18,16,
15,22,
-17,0,
0,56,
-21,49,
-34,26,
-56,37,
-42,32,
-5,-4,
54,11,
71,49,
59,-13,
31,-19,
1,55,
-51,16,
-50,-30,
17,39,
23,19,
23,13,
-82,-56,
-81,-64,
11,-10,
15,-62,
-67,-19,
-55,-11,
22,9,
18,19,
-1,21,
-19,20,
-56,-12,
14,-48,
-22,4,
-43,22,
-54,-5,
-17,-45,
35,-4,
87,-8,
1,21,
-56,-48,
-19,-66,
41,11,
24,-33,
36,55,
-17,24,
28,57,
64,10,
93,-22,
47,-25,
-5,1,
-2,41,
-33,38,
-31,-43,
-46,-7,
22,29,
80,-3,
30,-21,
55,-32,
49,15,
-27,76,
-39,30,
-40,-25,
-63,39,
-2,27,
32,17,
20,-16,
54,16,
-34,31,
-12,-25,
-6,70,
37,16,
-12,42,
-3,44,
-5,32,
10,50,
23,27,
17,112,
-23,22,
2,-49,
37,-39,
80,-25,
5,-5,
-39,2,
-18,78,
-11,28,
21,56,
28,45,
-7,19,
-12,-1,
18,30,
-72,27,
-84,0,
-128,-36,
-962,-477,
-3961,-3074,
-5912,-6094,
-5129,-6373,
-2400,-2655,
277,2166,
573,1983,
858,-493,
2400,-1712,
3602,-1000,
2849,-214,
1155,118,
267,735,
28,1929,
-143,2684,
-293,1769,
-173,283,
440,-704,
1023,-829,
1395,-909,
1766,-930,
779,-748,
163,-86,
-36,289,
-131,291,
-23,44,
291,147,
388,329,
311,279,
251,-116,
115,-653,
-90,-489,
-419,-105,
-677,153,
-345,265,
-134,194,
87,270,
83,83,
-115,-223,
-108,-364,
124,-569,
458,-408,
458,68,
148,312,
15,261,
57,42,
71,-209,
-50,-249,
-168,-81,
-283,57,
-103,162,
15,154,
318,475,
211,406,
44,355,
-55,182,
146,72,
569,38,
596,32,
334,-9,
221,-26,
189,16,
-26,7,
-123,-201,
-53,-187,
19,-69,
-28,122,
-155,159,
-288,168,
-212,62,
-166,58,
-52,21,
-14,55,
104,153,
298,214,
336,175,
275,302,
167,704,
-81,1012,
-235,689,
-200,139,
-146,-34,
10,-60,
-96,1,
-157,-93,
-81,-104,
-63,-11,
-63,4,
-116,-45,
-104,-63,
-97,8,
-64,-24,
-42,4,
14,62,
-20,87,
-17,36,
59,-21,
19,68,
-54,60,
12,17,
117,-79,
139,-33,
78,-1,
-52,96,
-77,37,
16,-39,
-28,7,
-41,39,
-22,55,
4,80,
15,84,
57,110,
-41,91,
-107,45,
-71,57,
-5,43,
26,-17,
11,-12,
-15,-32,
-2,-36,
52,11,
72,142,
86,74,
59,4,
4,-21,
-6,40,
-55,123,
-64,121,
-80,122,
-43,97,
-46,104,
-56,125,
17,174,
-1,136,
22,54,
-13,-12,
18,-48,
-22,-16,
-19,2,
38,31,
12,-4,
-8,42,
-29,62,
-38,52,
26,77,
-69,54,
-16,52,
45,8,
61,32,
37,69,
-39,54,
-25,-6,
-26,27,
22,69,
21,95,
3,26,
-14,21,
-37,25,
00>
_________________________________
00>
RX Timestamp: 219460357721
00>
Clock Offset: -1435.661 Hz, 0.180 ppm
00>
RX Timestamp: 220531754302
00>
Clock Offset: -1904.297 Hz, 0.238 ppm
00>
_________________________________
Sequence Number: 19
00>
00>
Printing STS0 CIR
00>
00>
_________________________________
00>
-12,-51,
5,3,
11,71,
-10,49,
34,80,
77,-23,
4,-30,
38,4,
-1,-14,
-6,40,
4,-46,
0,40,
32,-28,
20,-14,
24,-2,
21,32,
57,-9,
12,-19,
7,-29,
-34,-41,
-28,-3,
-8,32,
26,16,
0,23,
-11,54,
-13,1,
9,20,
45,38,
53,-55,
-30,8,
7,47,
-33,0,
-40,-42,
93,37,
47,-10,
52,-28,
-1,40,
71,-38,
46,18,
18,10,
-30,-5,
-55,-4,
-37,-50,
-17,34,
-4,17,
13,90,
-55,67,
-9,10,
-55,-13,
-34,-46,
-19,0,
-28,-1,
33,70,
9,59,
40,57,
-14,65,
73,-6,
47,-37,
-32,-28,
-6,-42,
1,27,
23,18,
76,14,
21,-30,
-40,-1,
-3,-24,
22,-16,
24,-19,
-20,8,
-44,31,
41,-18,
8,25,
11,133,
18,38,
-31,64,
27,23,
22,6,
23,-9,
-47,-13,
-25,35,
-10,64,
-14,3,
24,2,
23,34,
-15,22,
-39,-5,
-25,29,
17,-23,
-21,8,
-56,-26,
-35,27,
-29,-21,
-37,-16,
23,-57,
22,-8,
-6,-33,
-71,15,
-64,-28,
-30,25,
6,1,
19,8,
19,94,
-9,81,
-3,65,
27,17,
-12,-40,
-11,-7,
-18,-14,
-38,41,
2,-9,
28,0,
9,49,
13,17,
31,43,
14,-8,
30,18,
-49,32,
13,16,
50,71,
25,51,
2,9,
26,25,
42,-3,
27,-42,
-21,-37,
-42,13,
-44,29,
-15,31,
6,25,
14,-3,
-34,-34,
-16,-31,
14,77,
47,38,
49,55,
15,-59,
-3,-81,
28,-9,
11,36,
35,-16,
20,18,
-24,-23,
-69,21,
21,31,
7,-22,
-6,1,
52,68,
32,89,
-14,64,
28,5,
-70,12,
-12,-25,
-68,69,
-51,40,
-25,70,
-15,48,
-16,10,
3,-9,
-21,-36,
71,-35,
46,-38,
-12,-21,
-51,-12,
-33,46,
2,85,
3,-53,
-58,12,
7,13,
-19,-19,
-7,-53,
-32,6,
-5,-14,
14,-23,
-32,-5,
-21,7,
15,10,
47,-64,
-5,-7,
7,-19,
-32,-11,
-16,4,
-75,-21,
-45,-34,
-49,-20,
31,25,
-7,44,
-65,-26,
-35,54,
25,102,
31,5,
52,9,
8,14,
26,24,
73,71,
21,61,
-25,63,
-32,81,
2,64,
-43,41,
-2,34,
31,25,
46,93,
16,41,
21,-41,
1,10,
14,-45,
18,11,
-16,9,
54,32,
-33,2,
-40,3,
-62,13,
-91,54,
-1,35,
59,23,
10,-26,
48,-14,
10,-59,
14,18,
12,19,
39,98,
12,58,
37,58,
9,21,
6,-27,
-4,-59,
-45,-73,
-23,-46,
-12,33,
36,40,
10,28,
14,-21,
23,-78,
15,-36,
7,-42,
-6,-16,
0,3,
12,-8,
-13,-23,
6,-41,
23,-19,
21,-18,
37,24,
17,51,
65,90,
36,42,
20,47,
56,-16,
60,-13,
7,46,
0,21,
-15,35,
13,74,
-39,83,
-16,18,
19,53,
43,-8,
5,-11,
-11,-44,
-43,-77,
-41,49,
-29,72,
-2,30,
-34,-27,
17,12,
13,-7,
52,46,
25,26,
-34,-1,
-12,69,
-4,67,
38,7,
83,-30,
44,-27,
22,-29,
-72,-18,
-15,-36,
45,29,
61,47,
14,-1,
30,28,
-6,-7,
12,-19,
8,-39,
2,21,
10,86,
-44,78,
13,-7,
31,30,
-25,-2,
-9,27,
-32,28,
-17,-44,
-40,-28,
-37,55,
-46,60,
-87,8,
-51,46,
20,20,
54,10,
16,-43,
-18,-30,
-50,40,
-25,65,
22,-30,
-16,-4,
11,14,
8,37,
35,47,
-7,6,
3,28,
10,8,
2,-22,
-54,-49,
0,4,
28,45,
8,36,
-20,64,
-19,100,
6,34,
35,-2,
-45,21,
-1,12,
0,15,
-45,21,
-44,47,
-32,29,
82,51,
67,89,
10,54,
34,20,
5,-4,
-27,-51,
10,2,
32,11,
14,-2,
-3,28,
-46,9,
-8,-8,
3,-18,
76,-47,
30,20,
14,71,
-29,51,
60,-40,
37,-27,
22,23,
-43,94,
-12,31,
30,29,
61,-25,
-14,160,
-1045,1405,
-4975,5311,
-6718,5963,
-6861,5245,
-1872,1604,
2978,-180,
1747,562,
-1223,267,
-2821,-1853,
-2387,-3300,
-1172,-2142,
-109,-672,
956,-442,
1979,-720,
1921,-402,
732,36,
-268,197,
-725,-367,
-731,-828,
-1153,-1437,
-1812,-1190,
-1269,-626,
-279,-273,
61,-123,
-111,20,
-141,95,
74,18,
316,-120,
343,-212,
102,-211,
-186,-157,
-36,-54,
293,-8,
451,104,
52,-20,
-37,-102,
-144,-94,
6,68,
16,-70,
-110,-245,
-285,-424,
-69,-361,
197,-92,
217,35,
135,164,
153,160,
169,113,
104,67,
-1,67,
-24,24,
-34,-43,
9,-69,
413,-159,
417,174,
183,329,
-18,247,
3,14,
312,-222,
302,-322,
255,-252,
277,-161,
143,44,
110,228,
15,238,
-79,198,
-172,-71,
-131,-212,
-82,-184,
94,-240,
207,-108,
169,-51,
157,-27,
102,113,
9,146,
40,-215,
98,-430,
215,-524,
492,-477,
648,-241,
392,57,
177,277,
12,193,
68,62,
69,18,
99,2,
196,-69,
121,-24,
-7,-91,
-118,-182,
-156,-110,
30,-147,
89,-21,
37,25,
87,3,
9,-52,
-1,-82,
-10,19,
18,-10,
36,38,
27,-1,
75,-59,
54,-56,
146,7,
165,47,
136,92,
203,69,
169,70,
106,26,
126,11,
174,-34,
122,-96,
56,-109,
63,-112,
57,-30,
32,-12,
-19,-3,
-13,-2,
-24,30,
20,17,
79,-49,
96,-91,
101,-105,
125,-113,
115,-66,
140,6,
209,20,
226,38,
128,39,
83,-25,
41,-100,
-7,-29,
-4,-55,
90,36,
148,40,
179,-26,
124,-103,
185,-73,
132,-4,
64,39,
65,3,
27,-2,
82,-25,
139,44,
63,-19,
44,-85,
49,-83,
5,2,
37,-14,
72,-105,
27,-50,
74,-10,
117,-19,
140,14,
171,-27,
103,-73,
18,-44,
23,-1,
10,-14,
44,47,
53,28,
00>
_________________________________
00>
00>
Printing STS1 CIR
00>
00>
_________________________________
00>
-61,8,
-38,12,
-10,-32,
31,-46,
51,-25,
40,23,
-42,23,
-94,62,
-39,-6,
-14,-22,
-77,-25,
20,38,
2,25,
41,-3,
87,-28,
-36,-32,
-19,-54,
-67,31,
-21,-46,
-11,-35,
-5,15,
-33,42,
4,32,
54,28,
17,-20,
-20,26,
-35,23,
-26,48,
40,20,
12,-5,
-16,53,
-39,32,
4,-20,
22,18,
51,26,
14,2,
33,-11,
13,-42,
-1,-45,
0,-79,
-7,26,
8,51,
49,38,
30,-9,
46,-2,
12,24,
-12,8,
53,-22,
45,-9,
-32,21,
26,37,
51,41,
27,28,
41,5,
29,6,
67,9,
72,40,
38,21,
-9,24,
30,-22,
-4,-8,
4,27,
-32,27,
6,52,
-28,40,
-15,-6,
-35,-23,
-20,12,
34,21,
34,90,
13,90,
14,-18,
-87,-39,
-23,-48,
-31,-8,
-22,37,
38,90,
-3,-14,
24,-33,
25,23,
39,-22,
38,8,
24,23,
-21,12,
-4,19,
-48,12,
-57,-5,
9,28,
22,-17,
-18,-72,
-29,-91,
-53,-47,
34,-39,
59,-49,
2,-4,
16,24,
28,54,
6,-26,
3,-6,
30,43,
59,40,
98,54,
53,-26,
10,-10,
83,-3,
69,-21,
60,50,
9,55,
-9,23,
23,40,
59,29,
15,1,
-27,46,
-21,63,
-3,-42,
0,-40,
-12,-45,
-32,-19,
38,17,
90,56,
111,70,
116,-1,
28,21,
-4,59,
7,36,
46,2,
1,3,
6,40,
-4,-64,
-9,-18,
14,70,
20,62,
76,-23,
51,13,
15,49,
8,73,
86,37,
29,52,
1,52,
32,-29,
39,56,
43,46,
69,-49,
39,-14,
12,40,
78,25,
-13,28,
-5,7,
8,67,
31,58,
16,6,
-15,-25,
58,41,
61,30,
89,8,
72,-20,
42,26,
59,12,
11,48,
50,92,
108,39,
86,23,
-14,8,
2,24,
37,35,
48,-32,
50,4,
-12,120,
43,63,
44,-20,
2,-14,
26,4,
29,46,
14,4,
7,55,
21,-4,
-10,27,
60,65,
-37,-1,
-40,3,
-28,27,
65,8,
-34,-51,
27,-29,
-67,20,
38,-1,
-26,7,
-29,-16,
-43,-42,
-32,-12,
53,26,
101,30,
48,5,
37,-13,
12,-71,
-8,-56,
-23,24,
69,96,
135,61,
9,55,
-98,12,
-98,-34,
-34,65,
69,42,
49,30,
-12,24,
-11,7,
12,-50,
10,-87,
-15,-38,
-5,27,
9,15,
-3,4,
-17,-25,
42,-31,
3,28,
-13,-1,
-24,-24,
-1,29,
27,75,
61,67,
26,4,
4,-58,
56,-5,
15,1,
2,-14,
-3,-32,
47,7,
25,12,
30,38,
-55,28,
-60,15,
-23,0,
-17,-24,
-25,34,
27,57,
26,19,
-37,-33,
11,-3,
-17,47,
-7,75,
-30,15,
3,8,
16,39,
50,35,
84,25,
-9,-77,
-36,-60,
-17,59,
28,13,
13,16,
-25,82,
-19,24,
-23,44,
21,-3,
16,10,
-20,-42,
-24,-10,
-60,-36,
-20,-71,
-23,8,
61,51,
47,49,
14,22,
-52,-12,
-15,-20,
-36,10,
56,-29,
54,-28,
49,-29,
-31,-3,
21,-9,
-51,-35,
-54,-16,
-33,-35,
-9,-28,
34,7,
-11,85,
-71,114,
-40,77,
-80,59,
-26,-42,
-10,-69,
-5,26,
52,31,
53,5,
45,-53,
16,-28,
37,44,
79,49,
89,71,
87,67,
28,83,
-2,26,
-64,8,
6,-37,
14,4,
49,14,
40,11,
24,11,
40,-25,
48,22,
22,9,
29,-33,
-10,69,
-69,38,
8,-15,
32,-14,
7,30,
-30,53,
-17,20,
2,-43,
52,-53,
2,-12,
32,52,
22,21,
-24,22,
5,0,
-30,-11,
39,-2,
-30,8,
-26,-56,
-60,-79,
-60,-7,
3,56,
4,98,
-41,95,
-83,30,
-70,-11,
-109,14,
-19,43,
49,3,
56,35,
-9,33,
-69,7,
1,-48,
34,21,
-19,-9,
0,83,
28,82,
51,19,
95,66,
14,10,
-42,4,
15,-9,
19,15,
10,16,
60,61,
-1,69,
2,-30,
-7,-13,
-20,223,
-696,1452,
-3768,5044,
-6096,6370,
-5995,5560,
-438,1903,
4405,-85,
3183,965,
-582,3198,
-2613,5308,
-1985,5527,
-118,3517,
710,1206,
-68,355,
-1506,741,
-2131,1068,
-1277,464,
-287,-377,
172,-899,
-445,-667,
-805,-1051,
-663,-1237,
-24,-629,
524,202,
195,557,
-248,346,
-332,-57,
-178,-333,
11,-276,
11,-187,
87,-171,
136,-216,
294,-302,
454,-477,
527,-475,
73,-101,
-14,-255,
154,-424,
238,-386,
105,-317,
-114,-291,
-369,-24,
-361,33,
-306,-193,
-177,-395,
19,-329,
173,-367,
152,-312,
47,-291,
-56,-319,
-123,-256,
-62,-93,
58,-41,
-17,-4,
20,25,
73,4,
129,-30,
369,-19,
454,8,
293,103,
-18,86,
-88,34,
-72,68,
49,167,
-19,146,
-58,6,
-260,-321,
-155,-212,
-69,-201,
95,-128,
-27,-50,
-130,-164,
-99,-304,
54,-257,
122,-194,
132,-284,
100,-404,
242,-573,
531,-669,
765,-563,
461,-241,
104,99,
-85,260,
53,99,
53,28,
87,16,
145,35,
122,61,
7,145,
-6,113,
97,-14,
178,-197,
249,-183,
146,-50,
113,57,
-30,77,
-37,-31,
-35,-155,
4,-139,
-41,-35,
-33,-39,
51,-29,
112,-55,
93,-79,
73,-107,
89,-132,
51,-141,
45,-154,
81,-88,
82,-38,
52,-98,
18,-83,
94,-117,
175,-67,
143,-64,
65,23,
63,14,
75,8,
129,-47,
98,-75,
103,-119,
124,-101,
159,-144,
101,-196,
61,-140,
55,-143,
118,-144,
108,-94,
70,-69,
71,-66,
98,-41,
53,32,
113,-9,
123,-113,
131,-145,
112,-60,
67,-98,
49,-26,
87,-93,
129,-163,
87,-165,
117,-102,
57,-76,
69,-144,
60,-134,
93,-82,
83,-93,
27,-77,
2,-40,
-52,-56,
18,-82,
72,-99,
79,-51,
150,15,
64,-42,
50,-158,
82,-92,
131,-61,
128,-87,
90,-96,
104,-92,
00>
_________________________________
00>
_________________________________
Sequence Number: 22
00>
00>
Printing STS0 CIR
00>
00>
_________________________________
00>
13,16,
-32,7,
29,6,
34,-22,
55,-76,
119,-79,
71,-7,
49,1,
23,1,
25,7,
-27,51,
-16,1,
-5,10,
-15,-31,
63,-5,
18,10,
48,-4,
-42,-24,
-5,-19,
0,-40,
-54,10,
-74,61,
-23,24,
-32,33,
-15,24,
85,-20,
22,30,
-13,25,
54,69,
51,87,
18,-16,
-11,10,
-13,23,
17,-4,
-48,-14,
25,0,
64,49,
68,-36,
31,-22,
55,8,
-11,-14,
-22,66,
34,48,
19,11,
-32,-4,
-7,14,
27,83,
77,20,
6,14,
20,-21,
-2,-18,
74,-50,
52,4,
-19,59,
24,36,
43,-28,
4,-7,
1,-19,
-58,-8,
-11,-56,
60,-21,
17,51,
34,29,
-27,26,
34,24,
29,14,
26,15,
-15,-11,
-43,25,
-71,56,
-59,64,
-74,3,
-51,-10,
13,-41,
-20,-48,
24,-11,
-12,11,
74,72,
-42,67,
-58,3,
20,-73,
70,-40,
34,-20,
6,4,
25,9,
9,-25,
21,26,
-23,35,
-2,-12,
48,9,
17,-37,
-2,-18,
-14,5,
-42,-43,
27,4,
42,50,
61,2,
3,-40,
-23,-60,
12,-4,
38,40,
88,-38,
97,-18,
69,-15,
13,-1,
-21,22,
-11,41,
18,23,
-12,-11,
-5,10,
-24,-27,
8,-10,
44,-95,
35,-120,
13,-53,
-33,-38,
7,8,
15,70,
49,54,
-3,33,
13,53,
-15,-25,
47,-18,
-4,-17,
-19,-23,
32,-28,
-43,-63,
-22,11,
-77,3,
-52,4,
-36,13,
-31,8,
28,-31,
19,-21,
52,-17,
39,4,
19,-21,
-45,16,
1,-23,
8,-37,
-55,33,
-86,11,
-14,-37,
4,21,
44,12,
33,16,
-5,1,
-4,45,
-21,-60,
45,9,
38,47,
27,30,
-13,72,
8,35,
39,29,
14,43,
22,56,
4,-8,
-8,39,
11,12,
-23,101,
10,13,
22,-23,
52,14,
34,106,
-3,-23,
-22,-21,
-34,-6,
-39,12,
-43,-38,
-59,-31,
-45,-25,
36,-22,
43,4,
-7,-3,
31,-22,
11,-3,
0,48,
31,15,
26,56,
24,34,
-37,41,
9,18,
-58,52,
-11,27,
18,-39,
14,-18,
-6,-69,
19,52,
39,69,
0,41,
-10,-28,
6,-6,
-41,-31,
-35,-35,
-6,-30,
-6,-63,
112,-2,
45,4,
-22,18,
-16,15,
27,-31,
-6,-22,
-14,-60,
11,-59,
-57,69,
24,56,
13,-3,
-65,-53,
-23,-29,
-6,-49,
6,18,
11,-53,
16,-1,
9,32,
26,20,
-16,23,
12,-48,
-8,-14,
-23,-14,
-52,17,
21,39,
-3,0,
39,-9,
60,1,
0,-30,
44,-47,
18,24,
24,-20,
85,-47,
47,-22,
60,-36,
-34,-2,
-40,-9,
-51,36,
14,22,
-45,40,
-87,32,
-73,-7,
-23,28,
45,-6,
106,-2,
50,27,
-16,-7,
-65,2,
-3,1,
-13,20,
0,10,
33,-17,
-12,19,
-19,7,
-56,12,
-81,31,
-35,15,
55,2,
-7,-53,
12,28,
-9,17,
-12,22,
-1,-10,
-7,-27,
24,-11,
0,-9,
-18,-7,
-16,-1,
-32,-42,
35,-21,
79,-37,
6,-39,
-55,-51,
-35,-15,
9,31,
42,-57,
-31,25,
-52,22,
12,-1,
-41,-12,
-64,70,
-92,64,
-107,67,
-11,6,
-27,-65,
-54,-38,
2,-4,
12,-37,
-29,-45,
-99,23,
-25,37,
-40,-70,
21,-70,
20,-58,
14,-39,
16,20,
-13,33,
14,16,
8,10,
9,44,
14,18,
-25,14,
9,8,
-25,31,
45,1,
-12,-6,
1,11,
44,-9,
1,14,
16,33,
30,61,
18,44,
22,-30,
58,-32,
92,-20,
-51,-15,
-80,-69,
-11,7,
-3,55,
8,-67,
13,-89,
-21,-51,
-29,3,
23,32,
-20,6,
14,51,
22,-1,
30,6,
19,32,
-27,44,
-16,19,
-68,31,
-41,-32,
15,-11,
-20,33,
31,28,
-55,-48,
-26,-39,
9,11,
-23,25,
5,-69,
20,-44,
35,-13,
-10,40,
-53,37,
-36,54,
-52,15,
35,8,
62,-50,
56,-13,
-45,-37,
-10,-41,
35,1,
25,23,
48,-1,
21,-12,
-10,34,
-32,-12,
-379,-433,
-1901,-3764,
-3208,-7737,
-2672,-7946,
-2015,-7659,
66,220,
693,3427,
224,986,
-445,-121,
-1462,1332,
-1953,3041,
-871,2105,
369,-100,
1249,-2007,
1430,-2300,
736,-988,
36,86,
31,442,
606,-147,
1160,-331,
1542,-422,
508,-123,
-20,544,
-140,524,
-150,106,
-5,-122,
163,-55,
349,266,
362,270,
321,226,
313,110,
186,112,
181,131,
351,325,
88,52,
10,33,
-195,85,
-163,65,
3,144,
257,123,
383,100,
547,-29,
567,-22,
418,-32,
282,166,
187,402,
-157,581,
-242,387,
-152,147,
-36,-86,
29,-40,
-50,25,
-162,116,
5,227,
155,456,
137,232,
61,140,
23,158,
-98,148,
-172,-128,
-53,-219,
38,-280,
22,-239,
-13,-196,
-112,-228,
-198,-354,
53,-13,
86,-8,
227,147,
370,382,
365,495,
118,200,
-70,122,
-96,158,
-26,274,
-19,487,
19,523,
-242,911,
-411,909,
-331,393,
-234,68,
-77,-99,
-7,6,
-1,23,
141,116,
174,145,
177,137,
66,88,
4,101,
-32,142,
85,152,
6,100,
-43,-11,
-24,-31,
-38,-54,
-13,9,
1,73,
-2,67,
86,-19,
60,11,
100,74,
44,134,
49,182,
30,118,
17,113,
8,36,
27,49,
31,65,
1,42,
-85,205,
-110,125,
9,109,
46,14,
42,64,
-48,84,
-30,66,
-79,71,
-45,62,
23,161,
61,98,
-13,52,
3,73,
26,85,
53,34,
78,57,
24,108,
65,38,
87,33,
22,14,
-10,13,
62,-10,
46,-14,
91,10,
13,42,
48,97,
38,26,
61,20,
42,-12,
75,-41,
62,6,
11,71,
-4,164,
-7,104,
54,78,
59,1,
-25,77,
-28,52,
-56,44,
-30,43,
63,40,
61,72,
65,63,
7,17,
-51,42,
-8,87,
-3,199,
15,48,
00>
_________________________________
00>
00>
Printing STS1 CIR
00>
00>
_________________________________
00>
-42,18,
-28,41,
-40,13,
36,67,
57,58,
-14,67,
-33,46,
30,-35,
40,-17,
-11,62,
-12,62,
0,39,
90,-73,
2,-1,
30,60,
53,28,
50,28,
71,14,
-13,-18,
-12,29,
32,0,
90,14,
16,30,
-73,69,
-23,28,
-14,31,
32,-15,
70,-4,
39,46,
37,-7,
4,-6,
-32,-9,
-46,18,
33,87,
15,1,
8,-10,
3,15,
-10,20,
-30,24,
-7,-32,
35,56,
-65,107,
2,54,
1,55,
43,16,
43,-10,
46,44,
-44,-5,
22,13,
-14,36,
-8,26,
11,39,
22,0,
1,-9,
-19,-14,
3,-40,
12,-16,
11,13,
23,-58,
76,-23,
-9,-20,
14,-17,
-9,51,
44,3,
45,-22,
59,14,
34,28,
7,-4,
17,-11,
65,-59,
60,-23,
15,12,
46,49,
-22,11,
-33,-3,
-53,-58,
-29,-17,
21,-9,
-23,57,
8,40,
-31,40,
-79,49,
-62,20,
-37,-11,
-38,-35,
-23,54,
-50,38,
-57,11,
21,33,
24,60,
-13,31,
28,1,
40,-25,
56,-58,
14,-53,
28,19,
-9,-35,
69,47,
0,-22,
-20,-6,
30,-1,
38,66,
0,58,
-21,-21,
-7,0,
14,77,
-16,33,
-6,18,
18,-12,
62,38,
-16,33,
-12,10,
52,-13,
42,-5,
13,-6,
-4,39,
0,4,
-2,66,
63,55,
66,88,
12,25,
-18,44,
-24,6,
-37,19,
-8,0,
66,-4,
23,14,
23,-26,
-27,-6,
-14,-35,
-4,-14,
5,13,
32,25,
19,0,
48,4,
65,-43,
-18,-54,
14,1,
38,-29,
3,-44,
-9,-35,
-3,-37,
18,-16,
-12,12,
0,-3,
-39,-4,
-11,75,
-6,-5,
42,-3,
40,18,
20,17,
60,54,
54,12,
17,78,
-8,9,
-56,-31,
-79,3,
-17,24,
54,12,
14,-4,
75,19,
-20,34,
-21,-22,
-7,-61,
23,-12,
30,-1,
59,5,
23,-61,
45,-33,
46,46,
-6,54,
-5,5,
55,-3,
-9,13,
1,69,
-25,85,
-13,71,
19,50,
9,17,
24,-9,
12,31,
24,-11,
3,-18,
19,15,
57,9,
8,19,
35,28,
38,26,
9,28,
28,-16,
3,-29,
-37,-46,
13,29,
-11,-21,
-6,-24,
22,32,
84,33,
-8,-12,
8,6,
15,-67,
14,-32,
-2,12,
16,12,
-10,-6,
60,52,
13,41,
35,64,
-42,-13,
9,31,
2,28,
10,11,
56,-31,
36,-15,
27,24,
12,-19,
-17,-13,
50,-20,
-7,-11,
-7,-22,
-22,-21,
2,-12,
86,21,
41,7,
42,20,
1,41,
21,24,
3,-48,
-13,-11,
-9,29,
-58,31,
-32,20,
-11,71,
5,33,
65,8,
14,13,
-23,-26,
75,-6,
46,-52,
50,-21,
12,28,
-38,86,
32,106,
52,57,
62,-25,
25,-44,
52,-15,
51,-3,
-16,-39,
27,-24,
61,-59,
102,19,
66,24,
60,-14,
36,-26,
25,14,
51,8,
-6,-3,
-31,-23,
31,27,
47,27,
97,23,
2,32,
-3,67,
22,123,
-56,94,
14,41,
-1,12,
-3,-48,
-1,11,
30,-16,
62,41,
75,23,
-4,72,
-39,65,
-28,2,
18,-1,
36,57,
-15,27,
15,6,
38,-6,
65,19,
65,-13,
17,34,
-15,57,
-9,61,
33,71,
27,12,
8,43,
5,55,
95,105,
26,89,
-11,43,
-50,5,
-84,9,
-85,21,
-14,68,
37,41,
73,0,
32,-15,
6,-36,
5,-51,
33,-48,
4,-65,
-59,-33,
16,-35,
18,-38,
19,33,
42,36,
-35,23,
50,1,
48,-29,
10,-55,
54,-14,
12,-12,
-12,-20,
28,69,
-23,49,
31,25,
51,-12,
3,-18,
-24,24,
-21,6,
-17,7,
-3,25,
49,41,
62,-23,
50,-4,
7,34,
-58,26,
-1,6,
40,4,
2,-69,
6,1,
10,12,
16,-36,
28,-14,
6,21,
40,10,
19,-13,
-26,28,
-9,20,
50,48,
96,-19,
20,-18,
16,7,
13,66,
-6,30,
-23,47,
-17,19,
17,19,
31,18,
64,-1,
28,22,
13,32,
-24,23,
-400,-373,
-1946,-2803,
-3463,-7277,
-2875,-7758,
-1818,-5483,
-483,1248,
-178,2699,
538,272,
2039,-780,
3363,36,
2944,874,
1371,585,
192,580,
-478,1445,
-963,2340,
-831,1896,
-290,556,
382,-193,
1143,-361,
1467,-356,
2106,-367,
1128,-503,
399,-229,
-91,221,
-299,216,
-143,3,
165,110,
259,398,
237,432,
323,195,
393,-314,
194,-463,
-177,-220,
-675,-227,
-538,103,
-284,89,
-107,171,
15,91,
21,-177,
21,-294,
220,-473,
479,-278,
484,40,
180,249,
-30,229,
6,143,
168,-31,
183,-159,
-75,-104,
-267,-72,
-219,115,
-96,89,
17,336,
82,278,
-45,326,
-6,182,
49,199,
354,265,
461,251,
328,119,
297,23,
211,19,
190,76,
83,-51,
11,-61,
-12,-99,
-95,75,
-161,104,
-257,165,
-229,19,
-71,-10,
-28,27,
-63,-24,
-49,50,
175,183,
237,212,
169,327,
42,564,
-246,894,
-447,687,
-274,147,
-138,-196,
-42,-13,
1,-28,
-59,-85,
40,-25,
42,25,
-46,24,
-50,10,
-102,32,
-49,-4,
-15,6,
12,60,
-48,38,
-62,29,
-25,-56,
45,-14,
90,-27,
18,11,
3,4,
90,-17,
28,-17,
58,53,
30,62,
26,0,
-8,-25,
-25,-31,
-38,9,
-35,6,
-43,38,
-16,111,
-56,167,
-67,35,
-129,-37,
-73,21,
-42,42,
-35,22,
-25,3,
35,6,
2,-1,
81,18,
79,-9,
118,27,
56,37,
19,42,
42,11,
-21,15,
-3,40,
-8,37,
-73,-2,
-37,30,
-62,82,
-121,157,
-47,154,
-55,136,
38,42,
83,4,
39,-70,
-12,-58,
-15,-57,
-14,33,
-8,58,
4,47,
31,30,
18,19,
58,-5,
-33,18,
-80,-11,
-31,15,
-1,49,
2,62,
-4,28,
-30,-37,
30,-17,
-21,70,
16,56,
-26,54,
00>
_________________________________
00>
RX Timestamp: 359516845805
00>
Clock Offset: -1502.609 Hz, 0.188 ppm
00>
RX Timestamp: 360589163460
00>
Clock Offset: -1324.081 Hz, 0.166 ppm
00>