Sequence Number: 193
00>
00>
Printing STS0 CIR
00>
00>
_________________________________
00>
-12,-28,
-28,57,
0,-3,
-10,48,
41,3,
-26,51,
-31,31,
9,-27,
7,-25,
1,-5,
-41,36,
-4,-17,
2,-36,
26,-24,
43,21,
40,-9,
4,-20,
53,-67,
-22,-29,
23,30,
31,-13,
-27,-29,
14,-46,
27,-57,
74,-73,
102,-72,
-32,-78,
31,16,
34,35,
107,24,
42,20,
106,32,
84,-24,
103,1,
24,-7,
-2,21,
10,-60,
11,-36,
-18,11,
-52,1,
-56,38,
15,39,
30,36,
-2,77,
-11,7,
-19,-2,
-47,14,
-20,19,
27,-2,
14,-5,
25,-2,
-6,-2,
-30,-15,
63,7,
9,-33,
36,24,
-13,42,
36,31,
-28,32,
75,3,
59,15,
23,39,
32,55,
19,27,
38,-14,
29,4,
-19,47,
33,-15,
-57,16,
-58,32,
-52,22,
-60,-2,
-7,21,
13,27,
-7,13,
78,100,
12,25,
-49,33,
-92,-10,
-121,-33,
-98,-34,
-15,20,
39,78,
22,-1,
2,-10,
-28,21,
-20,74,
29,72,
41,76,
14,3,
21,57,
32,68,
18,-16,
-26,-55,
5,-3,
-52,23,
-76,71,
-6,-38,
24,-53,
21,-10,
19,52,
-23,66,
-4,7,
-56,80,
23,81,
9,64,
27,17,
32,36,
-46,94,
-63,38,
-51,14,
-36,33,
32,12,
40,69,
50,-20,
45,16,
38,-27,
64,-9,
65,32,
44,23,
-16,21,
-1,-19,
-66,13,
-92,18,
-32,22,
53,27,
81,8,
19,-36,
6,-23,
13,7,
23,-6,
-18,-9,
-13,47,
54,4,
-22,7,
28,-28,
19,-2,
63,-57,
-25,44,
6,2,
38,24,
14,32,
15,1,
21,9,
-26,-2,
-6,10,
26,12,
41,42,
0,-5,
0,-58,
64,16,
36,29,
-4,16,
55,67,
-5,13,
-57,-21,
14,0,
28,15,
2,2,
-72,26,
-44,0,
-56,-19,
3,16,
46,15,
60,-2,
44,-56,
-34,-24,
7,66,
-42,34,
33,78,
-36,54,
43,21,
11,-3,
-74,-24,
-30,22,
-40,-11,
-28,-41,
-34,8,
2,-2,
-36,22,
-25,51,
1,77,
35,29,
69,64,
41,77,
5,-16,
58,-39,
9,-41,
75,-11,
17,-13,
-30,-6,
-49,-11,
-48,-1,
33,32,
37,-33,
-10,-60,
29,34,
21,30,
10,11,
-2,-12,
26,-53,
-47,-73,
-5,-29,
10,-26,
-70,80,
-8,44,
23,-15,
-13,32,
-31,-6,
2,26,
68,18,
22,33,
-13,55,
5,27,
-31,42,
69,-36,
83,-66,
82,-27,
-40,-10,
-16,-4,
97,-19,
8,11,
-49,-2,
-31,16,
-11,24,
-9,42,
5,17,
-6,-39,
11,16,
58,56,
27,62,
20,27,
25,116,
4,24,
-14,-5,
38,-10,
41,55,
29,7,
14,40,
23,15,
1,3,
0,-20,
40,-30,
61,1,
25,-12,
7,-41,
50,-2,
43,55,
-48,42,
-100,53,
-39,95,
35,-6,
16,12,
23,86,
-13,14,
-51,21,
-2,57,
30,-23,
23,-47,
8,-7,
-53,31,
-4,39,
7,-37,
33,-10,
5,-28,
-15,-72,
3,-1,
24,-47,
18,-3,
29,-41,
49,22,
46,38,
6,-22,
34,-94,
-24,31,
-53,26,
15,7,
84,20,
30,9,
45,29,
77,25,
-57,-19,
-37,-33,
-80,-33,
-40,-34,
-40,-26,
-44,-3,
-10,19,
35,-2,
11,-36,
-38,-13,
-36,-72,
-30,56,
26,20,
45,-55,
8,-36,
18,-3,
40,45,
-12,18,
-33,-76,
-75,2,
-64,4,
-10,-28,
22,-12,
64,-4,
33,-1,
-4,-34,
35,-45,
19,9,
-2,-6,
-15,19,
-74,8,
11,15,
54,-31,
-59,51,
-9,76,
-17,-2,
-24,-33,
10,12,
0,-16,
-15,15,
4,32,
39,27,
-9,55,
-2,-29,
23,-50,
12,-38,
2,-67,
-9,-75,
19,22,
13,56,
14,-11,
47,-20,
22,-74,
75,-12,
38,26,
83,-12,
26,50,
40,40,
-4,2,
8,-5,
15,-24,
54,-24,
93,-24,
28,12,
-40,13,
-3,28,
76,-14,
6,40,
37,39,
28,5,
43,-35,
20,-6,
11,26,
24,39,
-22,39,
-12,80,
287,606,
1631,3009,
3804,5851,
4304,6549,
2703,3524,
70,-1256,
-928,-1734,
-583,1692,
-267,6098,
-725,7316,
-1120,7325,
-740,6554,
-148,3746,
13,588,
-27,-851,
-5,-1249,
151,-1502,
163,-2294,
-63,-1397,
-451,-407,
-986,122,
-698,230,
-669,-186,
-511,-594,
-378,-642,
-40,-225,
268,-176,
215,-371,
54,-448,
-76,-288,
-95,-333,
27,-264,
178,-102,
267,-58,
164,-44,
59,-91,
-128,-325,
-209,-202,
-166,35,
41,277,
321,282,
471,61,
344,-8,
171,-278,
98,-497,
38,-278,
-57,19,
-239,145,
-391,180,
-432,22,
-262,9,
-100,14,
101,-57,
18,-135,
112,-154,
212,-124,
375,-60,
465,15,
358,25,
88,22,
-116,-82,
-59,-254,
-42,-383,
55,-425,
47,-307,
-36,-109,
-133,-2,
-173,48,
-188,-171,
-73,-153,
77,-115,
104,-111,
115,-64,
89,-11,
233,3,
370,-39,
338,-52,
159,45,
-115,0,
-265,-112,
-316,-158,
-294,-164,
-178,-87,
-41,-183,
64,-365,
111,-325,
-7,-223,
-94,-133,
-181,-126,
-126,-33,
-27,-21,
65,-32,
57,-30,
73,-132,
13,-134,
-95,-161,
-52,-171,
-151,-152,
-237,-60,
-133,-101,
-59,-320,
96,-301,
68,-253,
-52,-194,
-92,-24,
-53,12,
-48,39,
-168,65,
-213,-3,
-136,-136,
-7,-176,
36,-129,
39,-134,
33,-60,
48,20,
44,-11,
50,-148,
1,-114,
14,-68,
41,-26,
16,-5,
-13,0,
-8,-5,
4,-64,
-15,-195,
-16,-88,
-6,-100,
72,-86,
63,-61,
66,-76,
64,-68,
35,-37,
-46,-217,
-15,-122,
23,-136,
33,-67,
38,-20,
62,14,
152,-11,
222,-38,
116,-139,
100,-107,
15,-97,
33,-153,
39,-173,
125,-106,
114,-97,
-10,-95,
15,-175,
10,-117,
-17,-55,
6,2,
43,-41,
13,-28,
24,-23,
00>
_________________________________
00>
00>
Printing STS1 CIR
00>
00>
_________________________________
00>
-71,107,
26,-44,
15,-34,
52,80,
89,72,
14,63,
-25,-5,
-63,-15,
-28,35,
-14,104,
67,40,
46,38,
40,13,
-8,17,
-2,-13,
9,13,
-7,35,
3,12,
-17,23,
28,86,
-1,88,
56,-37,
139,-34,
66,-13,
10,4,
85,23,
77,-34,
31,36,
15,49,
-1,51,
17,53,
-12,19,
-56,59,
-32,-12,
-2,33,
2,4,
-35,-34,
19,-24,
44,-15,
33,15,
12,24,
97,6,
26,20,
-2,-1,
-49,-30,
-36,-34,
14,-51,
-76,42,
-11,28,
22,62,
72,33,
-6,-21,
-19,43,
-9,11,
3,-44,
-16,31,
-8,-26,
-45,-16,
-50,18,
-6,6,
36,-37,
27,-104,
-1,-34,
17,16,
40,88,
11,-57,
-27,-93,
-7,-21,
34,-16,
25,-2,
81,4,
-24,-3,
-43,-26,
-39,9,
3,-15,
85,41,
60,13,
2,-5,
17,-49,
63,39,
65,72,
18,-25,
-10,-2,
47,8,
-6,72,
11,6,
-5,-12,
29,-4,
90,2,
21,-7,
48,56,
57,-28,
-22,-3,
56,14,
35,11,
48,-20,
26,24,
19,9,
-5,40,
27,14,
28,-29,
53,41,
-14,40,
-17,36,
-15,-20,
-17,-4,
110,-40,
37,80,
19,73,
11,28,
7,-15,
-10,35,
-110,81,
-71,6,
-7,20,
44,-20,
54,-30,
11,21,
-30,24,
-44,77,
-102,11,
-62,2,
-25,18,
31,17,
83,-38,
31,25,
3,51,
0,27,
9,84,
4,83,
-3,-29,
-5,-22,
41,7,
-37,3,
3,3,
92,33,
34,-19,
15,-5,
26,-49,
-51,8,
-61,2,
20,-61,
28,-19,
80,-54,
35,-34,
6,-20,
-26,74,
-17,78,
-20,38,
-14,58,
-12,33,
-48,56,
-37,16,
-91,15,
-14,-49,
54,11,
13,37,
-40,-53,
2,-48,
45,-12,
15,-44,
76,-64,
47,-47,
-13,32,
-11,69,
52,-27,
82,-25,
46,-2,
3,32,
21,-11,
5,-32,
-15,-13,
-19,-7,
35,-25,
52,0,
45,19,
17,-41,
23,-93,
32,-70,
47,7,
35,30,
12,-14,
13,-52,
121,-32,
92,-20,
81,1,
-26,30,
-8,32,
20,30,
10,51,
68,-20,
9,-46,
6,-78,
11,-11,
38,31,
-21,36,
-99,-29,
-32,-45,
-43,22,
35,72,
28,19,
73,-32,
7,-38,
-1,30,
-61,21,
-60,-5,
-10,-8,
74,31,
25,26,
21,21,
73,-1,
16,-45,
-12,-11,
-11,-40,
24,-56,
12,-22,
-59,11,
21,50,
-32,-37,
26,-8,
-29,-7,
-37,-1,
-25,5,
-11,38,
52,-23,
44,10,
-7,79,
46,41,
48,20,
9,-20,
9,26,
51,63,
4,-8,
55,-1,
62,-53,
17,-36,
14,-29,
-3,11,
0,-8,
-6,73,
4,-11,
-67,-16,
-7,-54,
38,-6,
39,47,
23,-1,
29,5,
-83,43,
-156,22,
-110,-4,
-61,38,
-10,-49,
-11,-41,
-9,1,
8,-2,
50,-38,
64,71,
-7,62,
15,49,
31,-20,
39,-63,
32,-42,
-82,34,
-82,70,
-126,29,
-62,23,
-50,28,
13,7,
-1,-80,
3,-95,
42,-10,
54,51,
26,-20,
-80,46,
-9,16,
-12,-33,
-13,14,
27,58,
20,-81,
55,-38,
29,13,
-7,-9,
33,-3,
66,51,
25,36,
-4,43,
-22,20,
12,41,
36,61,
28,49,
53,23,
31,51,
-46,-36,
-45,-98,
15,-91,
31,-47,
26,-42,
72,-53,
-30,-32,
-98,-2,
-57,46,
-36,82,
-8,35,
-10,-23,
0,-6,
-43,34,
-21,50,
-10,45,
-13,19,
83,12,
67,-28,
65,-14,
60,16,
-27,41,
45,35,
-1,65,
1,40,
-16,66,
-20,81,
21,56,
24,6,
-3,16,
-12,1,
16,28,
-17,-13,
-6,6,
28,-45,
-65,5,
-31,30,
-45,-17,
48,-44,
8,-116,
23,-26,
-11,-4,
27,7,
21,-7,
-18,41,
-61,44,
-14,19,
15,4,
28,2,
2,30,
49,-9,
-29,21,
-26,11,
-76,-7,
22,25,
-12,-2,
-4,28,
-39,64,
-96,41,
-55,-28,
28,22,
25,25,
27,13,
-20,20,
-24,57,
123,650,
478,3150,
1335,6477,
1814,7463,
1605,6204,
706,944,
-222,-1414,
-1221,-1529,
-2193,-2274,
-2450,-4449,
-616,-5381,
1792,-3546,
2374,-479,
620,735,
-622,67,
-372,-900,
449,-1421,
802,-2079,
382,-1077,
69,-257,
-138,25,
-245,229,
-211,-309,
-95,-455,
9,-88,
-36,299,
-57,212,
-133,3,
-250,-129,
-260,-100,
-155,21,
-4,297,
-16,370,
-97,88,
-112,-9,
-52,-14,
33,109,
37,200,
12,97,
127,-215,
303,-342,
390,-255,
209,-56,
-33,-150,
-62,-210,
139,-161,
181,115,
166,232,
38,192,
-77,25,
-49,18,
21,29,
14,26,
-78,24,
84,0,
330,-57,
564,-160,
484,-306,
251,-303,
94,-303,
108,-40,
38,57,
13,5,
-56,-142,
-100,-158,
-117,-17,
-89,-50,
-46,-69,
-24,-79,
25,-77,
23,-155,
-37,-133,
-10,11,
8,228,
67,331,
123,368,
125,222,
66,64,
-47,-21,
-204,-126,
-175,-223,
-107,-219,
-22,-86,
-51,-13,
-161,-25,
-97,-31,
15,-41,
-26,-97,
-78,-106,
-72,-109,
7,-41,
-49,-115,
-70,0,
-104,65,
-62,77,
-11,98,
-21,128,
-59,115,
-57,-10,
-59,3,
17,-20,
-7,-91,
44,-56,
22,-35,
-29,-24,
75,-114,
62,-62,
-87,54,
-82,66,
-39,29,
-70,56,
24,99,
21,55,
70,10,
23,8,
88,27,
50,-24,
-10,-36,
-6,17,
-39,105,
-38,136,
-17,76,
73,-55,
51,-99,
58,-42,
-35,76,
23,81,
57,85,
98,23,
134,69,
126,34,
21,16,
-61,-29,
-49,-49,
-53,-1,
-54,89,
-14,22,
-91,34,
-106,49,
-42,112,
-60,18,
68,-41,
61,-40,
23,43,
-38,50,
-8,39,
71,47,
141,-3,
90,-35,
97,-64,
59,13,
-30,22,
8,20,
-37,37,
-18,58,
00>
_________________________________
00>
_________________________________
Sequence Number: 196
00>
00>
Printing STS0 CIR
00>
00>
_________________________________
00>
19,-43,
35,-32,
62,56,
18,42,
-35,-2,
-15,-26,
34,-16,
38,-4,
34,6,
-25,54,
17,107,
51,76,
51,-10,
20,-17,
34,-2,
-38,-5,
-52,-26,
21,16,
60,38,
91,33,
13,11,
25,41,
-36,34,
-6,28,
30,28,
54,-22,
-28,6,
3,-112,
8,-68,
-13,11,
-5,19,
-3,56,
-31,4,
25,21,
-20,24,
13,21,
-43,11,
-26,-4,
-74,-16,
-59,1,
-97,-9,
-43,3,
-12,-4,
36,24,
48,41,
12,21,
0,67,
28,78,
36,57,
47,-27,
55,28,
-33,70,
-11,40,
-23,-15,
-19,44,
-30,10,
-48,-10,
28,-40,
49,-21,
24,4,
-20,31,
-7,27,
-17,45,
-50,95,
-42,33,
-35,-1,
68,68,
15,6,
-18,3,
-19,-11,
-18,-11,
-44,12,
-42,-21,
-31,-60,
-5,-54,
25,-20,
-31,42,
17,25,
11,14,
-44,-26,
19,5,
7,54,
42,6,
24,57,
12,5,
10,-48,
53,-31,
62,31,
82,21,
24,91,
-6,-11,
29,4,
-22,28,
21,-40,
22,-40,
-67,-33,
-58,-38,
-3,-25,
70,-20,
12,17,
23,-22,
13,19,
52,-51,
-7,5,
66,16,
94,-79,
25,44,
-75,31,
-65,11,
7,-76,
22,-6,
-8,-10,
-3,41,
16,57,
-21,12,
-1,46,
3,23,
-2,-59,
-24,-17,
-23,-12,
20,12,
53,71,
21,-37,
77,52,
25,-16,
20,-34,
6,24,
-59,-8,
-58,-19,
-4,17,
52,1,
-11,35,
-52,16,
-35,41,
34,16,
16,1,
42,6,
24,-42,
70,13,
33,-8,
-54,2,
9,33,
15,-14,
-1,17,
-3,3,
46,-10,
42,-13,
-9,28,
-40,14,
-23,-22,
16,-8,
46,-9,
-5,17,
-32,-6,
-14,9,
-24,-66,
-23,-20,
-21,10,
8,-25,
-7,-53,
30,19,
9,104,
-14,28,
-26,-2,
40,-4,
-27,28,
10,13,
-19,24,
-37,-1,
30,-23,
66,-74,
29,2,
6,-40,
17,-105,
8,-55,
35,16,
-14,35,
21,27,
68,23,
11,-3,
-5,16,
-30,33,
25,4,
27,17,
4,23,
15,5,
21,-17,
4,-53,
-8,25,
23,-51,
11,-55,
87,18,
2,-29,
-30,-49,
-72,-1,
-27,-3,
-12,95,
22,81,
33,59,
32,-15,
-25,-35,
-26,42,
-41,50,
-14,32,
-65,-68,
10,-24,
19,-71,
-3,-82,
35,-9,
-41,12,
-9,46,
20,41,
13,8,
-51,25,
38,3,
76,15,
73,-4,
34,-48,
75,-17,
-55,-58,
-49,-39,
-2,-69,
18,-158,
-45,-51,
2,-14,
-16,17,
43,39,
28,1,
-26,-3,
-43,2,
-44,-36,
10,-3,
-24,23,
-39,19,
-50,-3,
48,-34,
-63,-7,
2,35,
14,-8,
-5,43,
33,-4,
11,-42,
-36,-14,
-69,29,
-71,7,
-11,-51,
94,-17,
49,-8,
28,7,
-20,76,
-44,53,
-12,-40,
-106,-51,
1,-67,
10,-36,
24,55,
2,46,
-52,43,
0,38,
21,-14,
-19,-40,
14,-23,
89,1,
127,18,
92,33,
29,30,
0,7,
1,-40,
34,-32,
3,-113,
14,-74,
51,-42,
38,55,
-18,60,
-10,42,
-68,-13,
-26,-75,
18,-25,
13,63,
-14,39,
10,-1,
29,-49,
54,-59,
-25,60,
-17,-23,
15,46,
18,48,
29,22,
24,-13,
40,-12,
-6,-37,
9,-11,
54,-20,
24,9,
-18,0,
25,-29,
-19,-41,
-56,-10,
-1,-4,
15,-20,
16,-8,
-18,21,
-7,-10,
-2,-17,
-27,7,
-7,-63,
23,31,
16,-2,
-27,-9,
-44,-16,
-11,-16,
16,-5,
53,-5,
41,-30,
10,-10,
-19,-16,
-44,41,
1,-35,
2,17,
-19,74,
-73,60,
-55,4,
-29,-23,
3,-18,
-2,-11,
-21,-21,
-21,38,
-53,-8,
-86,-6,
-56,-50,
-4,5,
-3,9,
-28,44,
2,102,
14,105,
18,139,
55,34,
69,-96,
23,-15,
30,50,
16,37,
8,-42,
32,-3,
38,-8,
-35,-3,
-48,-54,
-51,44,
-8,0,
-31,-47,
-10,0,
11,-5,
27,10,
35,19,
-52,-23,
-41,-3,
-11,-16,
-16,-124,
-37,-1367,
-74,-4904,
383,-7371,
1358,-7229,
1558,-2666,
540,1939,
-1158,2515,
-5175,731,
-7517,-757,
-7565,-1261,
-6181,-744,
492,1199,
3730,2077,
1980,873,
42,-24,
-421,397,
-187,1506,
62,1969,
250,340,
483,147,
797,-387,
683,-188,
603,3,
765,215,
84,195,
10,227,
365,185,
67,-299,
-22,-561,
4,-401,
-17,-79,
-47,138,
-95,172,
-220,28,
-213,-57,
-54,64,
90,467,
201,480,
277,429,
377,407,
11,447,
-24,474,
215,491,
270,182,
353,0,
156,62,
-21,89,
-8,62,
27,105,
1,50,
-257,-4,
-329,22,
-298,227,
-103,172,
-185,222,
-224,251,
-45,314,
-36,281,
0,262,
68,212,
292,209,
217,197,
85,179,
40,125,
58,-66,
218,-43,
288,53,
333,58,
276,50,
230,-155,
183,-210,
17,-101,
1,128,
-19,142,
-87,-10,
-72,-127,
-94,-167,
180,-96,
367,-135,
332,-103,
192,-2,
153,176,
160,91,
136,72,
23,79,
-16,107,
-35,71,
122,56,
40,-85,
6,-77,
-9,-67,
34,52,
119,147,
81,123,
2,156,
-90,53,
-87,-36,
-35,-62,
17,32,
73,29,
-43,94,
-18,153,
39,124,
83,101,
17,108,
14,125,
25,65,
9,15,
74,7,
25,70,
50,-13,
27,22,
32,49,
-7,88,
-69,10,
3,13,
45,78,
9,72,
77,12,
86,-6,
16,26,
8,84,
169,103,
96,20,
51,37,
43,9,
49,-56,
61,-75,
43,-21,
31,68,
-2,22,
57,3,
24,35,
49,58,
29,9,
90,-8,
20,-48,
20,-48,
19,-28,
36,-42,
134,-15,
146,-52,
69,-42,
43,-31,
-56,-16,
-42,53,
36,28,
83,54,
48,144,
56,39,
41,-1,
28,36,
10,48,
18,52,
56,9,
00>
_________________________________
00>
00>
Printing STS1 CIR
00>
00>
_________________________________
00>
11,-12,
41,61,
22,66,
5,-37,
37,-14,
53,-25,
-24,33,
-10,4,
-55,-41,
-16,-10,
43,51,
29,-20,
-37,-61,
-45,0,
3,-6,
42,34,
27,-48,
0,-101,
7,-44,
-45,-16,
-16,65,
61,8,
42,-42,
2,-23,
-53,26,
-44,-30,
63,-46,
11,-4,
-15,16,
-38,1,
-63,22,
-64,4,
11,29,
10,67,
-3,68,
25,7,
-4,-27,
-51,56,
-25,-13,
67,-26,
59,-15,
-4,-6,
-61,-32,
-9,-5,
10,2,
3,35,
35,59,
13,34,
-50,9,
-11,-52,
23,-57,
26,-37,
-7,-6,
25,-13,
43,-22,
-19,8,
-47,4,
-55,15,
69,-9,
24,57,
-15,-22,
-21,-48,
-46,2,
-27,-32,
-39,27,
-21,-20,
2,-73,
-23,-77,
1,-41,
6,-28,
21,-15,
69,-49,
43,-94,
0,-12,
-22,37,
-35,62,
-42,8,
32,13,
99,5,
70,9,
-15,54,
15,-6,
33,33,
-2,49,
-50,10,
-51,18,
11,-29,
15,-19,
-8,6,
45,-26,
-6,5,
2,28,
11,67,
8,84,
-47,30,
-9,-4,
12,-23,
2,-3,
-9,-29,
20,-42,
6,-40,
10,-1,
15,14,
-28,-70,
-40,-53,
-12,7,
-17,8,
6,5,
42,-68,
27,-83,
-14,-10,
-65,-4,
-4,8,
40,10,
14,50,
10,46,
-38,19,
9,13,
61,25,
42,-7,
-8,33,
-51,29,
-33,44,
8,80,
24,53,
13,31,
50,71,
-46,41,
-23,-1,
-43,-45,
-29,-2,
-32,29,
-27,13,
42,-36,
35,22,
40,28,
-5,21,
-9,-13,
16,-12,
-12,-20,
49,-82,
43,-44,
64,-8,
68,2,
76,94,
6,-6,
44,-52,
52,11,
18,17,
4,24,
-21,-11,
3,-52,
-13,-12,
34,3,
-61,-46,
-55,-8,
-34,41,
60,65,
23,-13,
66,45,
17,63,
15,29,
-17,-88,
39,-37,
25,-8,
52,-9,
5,-62,
-19,-5,
-41,-43,
22,58,
43,-46,
-22,45,
-64,-27,
-78,-13,
-3,-52,
23,-7,
-8,26,
-17,22,
-6,23,
-40,7,
-29,-1,
35,13,
-15,27,
-10,53,
-28,32,
-4,-42,
-3,11,
71,-16,
-45,-12,
-57,-18,
-23,-1,
1,23,
22,84,
-11,-33,
21,-1,
-29,43,
-5,-1,
20,-7,
-7,-14,
-29,9,
-4,45,
1,33,
-14,62,
21,25,
-40,-15,
44,2,
35,-5,
-8,24,
-15,-7,
-17,-7,
34,-12,
-4,84,
-52,67,
-34,28,
-58,-35,
-7,-41,
-21,-60,
40,51,
-11,23,
15,-8,
28,27,
-7,46,
38,-19,
-11,-34,
-17,32,
12,31,
-5,1,
12,37,
1,46,
49,5,
49,13,
15,19,
-86,-8,
-52,15,
-34,3,
-20,-37,
22,33,
-32,-10,
6,-12,
-33,-14,
-11,26,
4,-2,
6,60,
105,-10,
45,18,
-42,-34,
-58,20,
-34,-35,
-63,-45,
-31,36,
5,36,
-18,25,
-21,34,
-20,6,
-33,-62,
-51,-124,
14,14,
2,11,
40,-20,
20,-15,
-5,45,
-38,45,
43,55,
6,40,
17,0,
29,-40,
4,51,
27,15,
28,17,
-9,-10,
14,-25,
43,52,
29,53,
46,-4,
-10,-3,
-33,52,
-6,45,
-31,-32,
-3,60,
65,-8,
-23,-42,
-63,21,
12,69,
29,45,
2,-18,
39,-70,
64,-22,
-36,70,
-5,71,
45,80,
-14,41,
-10,-5,
29,62,
13,42,
15,12,
66,-4,
45,57,
21,74,
43,18,
38,-15,
-1,20,
-103,25,
-45,-49,
19,13,
-14,22,
7,45,
-9,68,
5,27,
47,-13,
51,47,
17,-9,
-42,35,
-32,-8,
-43,42,
57,82,
-8,29,
62,-54,
-52,-71,
5,27,
47,17,
26,-36,
5,-62,
6,24,
3,34,
-44,33,
-13,-13,
63,1,
18,35,
-2,76,
-30,56,
-31,-12,
31,28,
12,18,
-26,81,
-12,79,
-3,12,
35,65,
3,29,
-2,3,
-5,-24,
53,-39,
-12,42,
-39,7,
-5,-20,
-29,-63,
-17,-32,
23,31,
32,-4,
58,81,
-32,49,
12,-29,
-14,-25,
25,21,
7,15,
57,16,
58,12,
5,-121,
515,-1066,
2272,-3750,
4538,-5449,
5250,-4560,
2468,-663,
-79,1646,
-206,579,
1954,-2157,
5177,-4000,
6713,-4098,
6480,-4069,
4511,-3729,
1854,-2090,
160,-348,
-487,558,
-627,659,
-934,719,
-1608,820,
-1328,82,
-570,221,
111,237,
-46,424,
-352,647,
-663,722,
-574,12,
-360,-382,
-314,-437,
-436,-245,
-339,38,
-246,198,
-449,371,
-619,250,
-540,68,
-364,90,
-79,203,
-10,383,
-12,455,
-156,327,
-228,102,
-354,-56,
-385,-170,
-258,-91,
-55,78,
71,201,
-21,185,
-110,89,
-217,161,
-163,120,
-88,115,
-134,80,
-227,50,
-254,78,
-411,224,
-291,196,
-200,110,
-179,90,
-235,115,
-84,157,
-54,210,
1,179,
30,214,
-90,186,
-227,272,
-308,177,
-283,148,
-241,186,
-152,187,
-52,257,
21,217,
63,81,
80,-91,
36,-245,
36,-80,
21,16,
-32,-7,
-143,-143,
-114,-62,
-31,71,
26,251,
13,305,
-140,190,
-291,28,
-183,-82,
-51,7,
14,14,
-45,163,
-70,133,
-142,322,
-193,158,
-130,58,
-227,1,
-239,-39,
-94,64,
-53,98,
-87,191,
-84,167,
-75,153,
-82,208,
-43,86,
-50,125,
4,151,
-37,119,
-123,92,
-109,116,
-13,30,
-13,79,
-5,123,
-164,160,
-104,217,
-62,137,
-89,32,
-122,-39,
-55,-27,
-78,14,
-146,27,
-190,7,
-120,59,
-9,103,
-21,139,
-78,146,
-155,62,
-145,17,
-151,29,
-157,57,
-158,176,
-83,55,
-80,-67,
-73,-48,
-87,-34,
-25,2,
-12,44,
-56,118,
-138,155,
-78,109,
-112,95,
-84,77,
-85,-3,
-22,53,
-52,31,
-53,-41,
-71,52,
-22,82,
-97,120,
-40,113,
-72,36,
-63,28,
-60,50,
-107,74,
-106,42,
-28,106,
33,64,
-25,76,
-56,75,
-24,59,
-124,69,
00>
_________________________________
00>
RX Timestamp: 247841600962
00>
Clock Offset: -334.740 Hz, 0.042 ppm
00>
RX Timestamp: 248916753342
00>
Clock Offset: 420.284 Hz, -0.053 ppm
00>
_________________________________
Sequence Number: 73
00>
00>
Printing STS0 CIR
00>
00>
_________________________________
00>
-14,20,
45,19,
-6,-8,
-21,-14,
15,50,
-30,53,
61,-10,
107,-24,
61,-81,
62,-65,
-4,36,
34,64,
23,25,
77,-14,
46,-23,
152,37,
68,82,
69,-49,
32,13,
-58,56,
-23,15,
-38,0,
8,36,
-17,41,
-30,1,
-26,21,
17,-78,
25,5,
-3,45,
-21,57,
-24,7,
-33,-26,
-23,-30,
-10,51,
17,-5,
12,35,
8,13,
-1,-11,
10,-31,
35,-24,
40,-29,
6,27,
23,74,
-65,32,
-18,-27,
13,3,
50,-12,
31,12,
8,2,
47,-11,
18,20,
36,71,
17,30,
28,-27,
30,-5,
5,85,
-15,54,
12,68,
-38,-4,
-28,50,
1,22,
24,9,
-24,-39,
-57,-14,
-12,-2,
7,-10,
13,86,
-56,4,
33,-9,
64,-56,
79,-58,
55,-33,
49,-53,
3,-55,
14,38,
-3,21,
-52,5,
-87,53,
12,26,
65,-8,
57,-28,
52,24,
8,42,
-27,42,
3,29,
-24,-6,
-43,1,
24,-15,
-5,-4,
-3,38,
25,-32,
0,54,
2,-35,
58,-18,
133,39,
79,2,
-10,-22,
-8,40,
16,55,
43,17,
7,-10,
12,-49,
-37,-39,
-41,8,
11,32,
-3,31,
11,-23,
33,-6,
7,-54,
-50,-13,
-12,-3,
-58,-15,
-75,4,
-64,-57,
-19,9,
88,12,
71,-20,
39,26,
31,4,
-2,15,
37,29,
-32,-11,
45,3,
-24,-50,
15,-61,
-37,33,
-58,-63,
10,-16,
32,-53,
50,22,
1,21,
9,8,
-2,45,
18,38,
56,-30,
11,-10,
14,56,
64,35,
21,-6,
-38,14,
-44,57,
-90,41,
0,39,
-19,11,
-24,6,
45,-1,
-33,8,
-3,20,
-29,49,
15,2,
32,-4,
6,-19,
7,19,
-1,20,
48,16,
17,13,
35,-26,
9,-40,
104,47,
94,68,
25,41,
-6,31,
4,6,
-34,3,
6,-25,
-10,-47,
24,-19,
14,17,
37,60,
94,31,
11,22,
5,11,
78,-14,
183,72,
130,31,
91,15,
35,8,
65,-19,
-28,43,
-41,33,
-41,6,
-29,-11,
-61,-19,
-79,38,
-6,43,
74,-1,
23,-22,
5,13,
-29,91,
-2,68,
-18,-11,
-55,-53,
-3,25,
-61,58,
36,24,
33,9,
52,16,
-14,46,
17,-13,
51,46,
39,22,
-8,-5,
-10,-88,
-11,-68,
-8,-16,
76,-8,
-15,-6,
-10,12,
-73,29,
49,-27,
63,-35,
65,33,
61,-56,
31,-3,
71,-40,
82,-26,
64,-45,
20,-20,
-5,21,
5,16,
-4,2,
17,-13,
81,60,
78,57,
67,42,
33,-25,
-1,28,
-14,12,
-2,12,
-22,-14,
-55,-16,
-14,14,
-18,65,
-64,-3,
17,-41,
24,-39,
-59,-25,
-33,3,
-44,8,
-44,-22,
-29,21,
38,-2,
39,-14,
0,24,
18,30,
20,-1,
-38,23,
5,9,
6,1,
-35,-4,
-41,22,
37,-11,
47,-36,
65,-24,
-58,-4,
-96,26,
-63,-50,
13,-24,
5,18,
-56,-31,
32,8,
62,-52,
41,49,
-19,107,
6,88,
-65,-34,
-58,-17,
-10,-36,
15,10,
-15,50,
-88,-1,
-159,-36,
-108,-45,
-55,-18,
-39,-15,
-12,-14,
-36,-12,
-34,-1,
60,33,
10,7,
-55,-30,
-92,7,
17,26,
2,41,
7,-45,
-8,-84,
64,-46,
46,-20,
1,-23,
-61,-17,
-38,-16,
46,26,
10,-9,
16,-15,
-5,-2,
12,26,
-2,14,
-24,-20,
9,-57,
27,-40,
42,21,
41,-6,
107,44,
92,35,
85,24,
19,-8,
30,-23,
37,43,
38,35,
-8,-10,
-11,-16,
-60,-12,
-54,29,
-70,57,
3,71,
56,-24,
-15,1,
-35,74,
-18,-16,
-62,-19,
-20,-8,
-4,64,
-12,37,
51,-22,
33,-1,
21,16,
24,33,
-36,12,
19,-33,
-7,-47,
11,25,
-1,-15,
-37,-57,
-29,25,
75,10,
52,41,
-16,70,
-41,-17,
-34,-16,
-6,-20,
9,42,
-3,23,
-12,9,
139,-6,
44,21,
52,29,
7,-47,
49,-79,
25,49,
5,77,
3,25,
-32,19,
-55,16,
-46,7,
18,58,
117,18,
47,-4,
191,400,
1334,2421,
3513,5776,
4055,7003,
3297,4454,
505,-555,
-933,-1803,
-778,948,
-662,5695,
-650,7817,
-944,7825,
-1024,7133,
-449,3987,
-29,880,
-75,-800,
-121,-1217,
97,-1404,
184,-2106,
107,-1854,
-205,-638,
-1042,-126,
-725,161,
-664,-333,
-430,-636,
-349,-903,
-146,-369,
105,-151,
169,-326,
46,-402,
-101,-336,
-61,-311,
92,-327,
163,-190,
136,-54,
104,-60,
99,-141,
-83,-318,
-230,-153,
-308,-29,
-93,296,
219,227,
338,104,
158,-15,
65,-232,
109,-482,
-20,-238,
-128,-68,
-284,128,
-380,149,
-398,101,
-206,82,
-52,42,
35,-37,
71,-98,
130,-71,
207,-72,
464,-107,
375,42,
303,79,
149,20,
-7,-25,
-75,-180,
-36,-329,
18,-360,
68,-290,
-23,-56,
-48,47,
-41,-63,
-58,-272,
13,-213,
111,-136,
182,-187,
168,-221,
143,-56,
243,1,
393,-37,
433,-49,
225,6,
-61,18,
-336,-204,
-357,-163,
-364,-226,
-172,-156,
-56,-156,
-26,-293,
59,-272,
-14,-209,
-154,-133,
-240,-214,
-159,-96,
-81,-11,
33,11,
64,-106,
19,-120,
-31,-60,
-22,-68,
-90,-131,
-119,-116,
-109,-89,
-78,-174,
33,-312,
90,-283,
52,-191,
-32,-133,
-112,-108,
-32,-10,
-72,-40,
-127,-15,
-156,-49,
-83,-81,
-35,-98,
46,-206,
78,-117,
36,-154,
32,-69,
37,-50,
5,-94,
28,-125,
-35,-69,
31,-120,
53,-111,
46,-4,
-6,-42,
-59,-143,
-3,-161,
-30,-176,
-29,-11,
15,-46,
41,-66,
30,-127,
-8,-114,
12,-129,
81,-185,
-56,-153,
-25,-149,
22,-93,
2,-110,
-53,-40,
-36,-29,
39,-55,
45,-159,
30,-124,
-19,-90,
25,-150,
-16,-97,
-7,-92,
55,-83,
62,-69,
13,-146,
25,-66,
-46,-134,
56,-107,
-5,-137,
8,-39,
38,-9,
00>
_________________________________
00>
00>
Printing STS1 CIR
00>
00>
_________________________________
00>
18,59,
1,5,
9,-22,
40,-55,
24,-55,
3,48,
30,53,
36,-16,
32,-24,
12,18,
-26,51,
-29,-4,
-75,-26,
31,2,
25,47,
-49,-2,
-77,1,
-5,7,
-56,11,
30,-53,
11,-2,
-8,-15,
-29,-34,
-28,-33,
-26,-20,
-27,-39,
21,-73,
56,-77,
56,31,
-3,28,
27,-20,
-17,-7,
-54,61,
39,33,
87,38,
-5,11,
-6,30,
28,-3,
-21,-12,
15,-55,
41,-47,
60,-27,
16,-16,
1,34,
-32,61,
-5,46,
-28,55,
2,70,
-32,59,
5,12,
47,-11,
-27,65,
-22,-54,
-8,-75,
18,-30,
47,51,
17,8,
19,-40,
-23,-85,
2,-34,
-16,16,
72,-8,
-27,14,
-23,-60,
-13,23,
-41,-19,
-3,-52,
33,-28,
31,-1,
10,5,
84,24,
11,8,
56,-23,
68,-42,
19,-3,
24,47,
36,55,
0,34,
-13,-6,
-20,41,
-49,-59,
-15,-43,
-28,-18,
46,20,
45,-44,
-1,46,
-61,-26,
-45,-10,
-78,-54,
20,60,
60,39,
-10,55,
-10,-55,
3,-7,
69,23,
12,-24,
-24,31,
-72,0,
-11,-32,
32,-4,
1,19,
-32,44,
-5,16,
-15,27,
21,-15,
2,-69,
76,-42,
20,14,
0,65,
-43,2,
-67,-8,
-37,62,
-22,32,
-30,20,
29,3,
42,65,
42,46,
1,-53,
17,-116,
-66,-39,
-26,-32,
-29,-10,
-34,12,
66,5,
40,-40,
19,-98,
60,-24,
43,-17,
70,8,
-13,2,
3,6,
21,11,
-33,-9,
-40,9,
-20,48,
48,92,
99,0,
-33,37,
10,29,
-14,13,
35,34,
43,13,
53,-15,
38,-18,
69,-79,
36,-60,
36,-10,
-11,-21,
-41,5,
24,-20,
39,40,
-19,48,
-68,-33,
3,-35,
102,43,
58,47,
-18,20,
-25,10,
35,-10,
27,-3,
22,11,
24,-46,
86,-24,
14,18,
13,47,
0,30,
-15,3,
-23,50,
-6,12,
18,26,
-2,30,
-6,28,
33,-11,
45,-22,
26,-88,
3,-64,
-20,-8,
-53,54,
19,39,
28,-8,
-52,-44,
-31,6,
39,38,
-12,-7,
-107,16,
-123,22,
-47,1,
27,10,
-7,39,
-10,-1,
61,-26,
50,11,
28,-10,
-20,47,
-10,11,
-35,-17,
21,-22,
53,-19,
63,-60,
47,52,
41,56,
18,5,
43,-22,
89,-48,
57,6,
80,21,
3,-38,
14,-8,
-40,-18,
0,48,
37,24,
118,34,
67,30,
15,-78,
20,-61,
10,7,
-30,-38,
-54,-33,
-75,-53,
29,-9,
44,-21,
89,-3,
24,36,
-1,16,
-13,13,
-2,0,
-11,-60,
-18,-17,
20,-24,
39,-15,
86,22,
51,39,
25,48,
-4,-42,
-55,-60,
46,6,
16,49,
-28,22,
72,-15,
122,-33,
38,36,
-7,-17,
2,-16,
23,-23,
29,-26,
-25,35,
-11,45,
13,-22,
-36,34,
19,59,
14,44,
25,40,
104,8,
41,7,
35,0,
9,-7,
-48,4,
-54,2,
-4,-18,
-20,18,
-23,70,
22,26,
-3,-68,
-29,-34,
-19,8,
2,28,
21,32,
71,9,
-5,-13,
-17,-5,
27,-7,
-3,-2,
16,20,
1,56,
77,1,
3,-22,
-18,-58,
-6,-95,
-2,-16,
20,63,
-12,37,
-37,1,
-2,-6,
-14,28,
-63,12,
-64,-5,
-39,29,
-76,89,
-20,85,
22,11,
48,-25,
21,-1,
17,0,
41,-44,
51,7,
75,51,
82,53,
87,-23,
19,4,
10,12,
-70,5,
-55,-31,
5,3,
32,13,
24,16,
-25,32,
-42,-8,
-5,-17,
8,46,
11,18,
-44,35,
-36,3,
5,-3,
-8,81,
5,11,
103,3,
71,28,
39,-7,
-12,79,
-3,74,
10,-44,
81,-53,
39,14,
45,-18,
74,33,
49,-24,
-19,-10,
9,46,
25,5,
-25,56,
12,-36,
-42,10,
-35,14,
82,-21,
3,31,
33,18,
42,31,
59,65,
-4,24,
-21,-7,
-56,34,
34,12,
4,-105,
35,-19,
61,1,
-12,4,
-34,-64,
26,19,
64,-6,
132,57,
102,62,
-35,29,
-70,-24,
-15,-4,
20,-33,
10,-10,
-7,51,
39,433,
140,2611,
914,6460,
1476,7877,
1650,6824,
994,1539,
-74,-1055,
-1320,-1475,
-2336,-2118,
-2540,-4142,
-639,-5411,
1999,-3871,
2397,-753,
679,844,
-712,323,
-556,-741,
310,-1452,
822,-2007,
496,-1641,
126,-563,
-86,-83,
-109,259,
-78,-225,
-128,-564,
-67,-212,
-43,230,
-55,252,
-49,115,
-81,-132,
-194,-176,
-134,71,
-112,277,
-92,346,
-113,101,
-114,-149,
78,15,
145,92,
-10,275,
-23,195,
177,-35,
394,-211,
472,-317,
272,-182,
39,-193,
-12,-190,
87,-42,
129,118,
90,257,
5,174,
-50,66,
-84,129,
-17,131,
14,118,
68,74,
144,-6,
319,32,
618,-115,
659,-280,
493,-381,
232,-318,
83,-72,
11,35,
11,-32,
-66,-107,
-90,-204,
-166,-95,
18,-7,
26,31,
119,-18,
52,-54,
14,-123,
-4,-74,
-1,102,
24,295,
77,321,
135,224,
147,195,
36,122,
-76,76,
-196,-123,
-124,-238,
-81,-241,
-70,-248,
-135,-116,
-171,-41,
-81,37,
-1,98,
-117,19,
-142,-71,
-17,-104,
42,-141,
34,-167,
-21,-69,
-94,44,
-90,178,
-54,131,
-23,99,
-23,58,
-1,9,
52,20,
66,55,
-36,16,
-26,-20,
-27,-19,
-15,-66,
53,-29,
-43,27,
-130,57,
-91,46,
-53,63,
-84,83,
-34,49,
3,5,
32,-4,
43,-59,
62,-5,
24,2,
50,8,
-11,10,
-14,-3,
-39,49,
-15,123,
-21,52,
-39,-12,
-2,-62,
-21,19,
-9,49,
-61,35,
-45,59,
52,-12,
-20,31,
-11,29,
-17,9,
-31,-62,
17,-12,
-88,-27,
-49,26,
-43,102,
-111,19,
-53,-21,
-16,-7,
38,-48,
2,-55,
27,-64,
-30,-11,
-52,41,
6,12,
32,-12,
26,22,
35,-12,
77,-18,
67,-4,
-7,-21,
20,-8,
23,-20,
00>
_________________________________
00>
_________________________________
Sequence Number: 76
00>
00>
Printing STS0 CIR
00>
00>
_________________________________
00>
11,20,
3,0,
18,-24,
7,2,
15,-13,
8,-29,
27,23,
108,47,
63,21,
69,16,
4,3,
-16,20,
-4,-14,
6,-34,
-8,-66,
6,-50,
-7,-35,
-20,4,
5,-8,
-12,22,
3,-16,
-16,2,
-25,32,
36,-14,
9,-16,
18,50,
25,25,
-5,32,
-20,-10,
16,-10,
-1,16,
-19,49,
37,39,
10,73,
-10,12,
-4,-5,
12,-4,
0,10,
-24,-62,
-4,-33,
17,-13,
67,-1,
-2,11,
-23,52,
-28,-1,
-22,-18,
7,12,
11,-34,
-20,-5,
-24,35,
83,72,
19,20,
-7,-6,
1,-20,
-66,6,
-10,41,
-23,22,
-60,62,
32,15,
22,-27,
77,49,
73,19,
48,4,
28,19,
45,54,
-33,-34,
22,28,
2,22,
3,19,
-14,6,
41,-17,
-52,-6,
-29,-23,
-24,17,
12,3,
-8,17,
44,-1,
-52,14,
-12,31,
-13,35,
26,-2,
59,-15,
68,5,
12,7,
19,-5,
-1,8,
68,2,
13,24,
6,31,
-60,1,
-3,7,
5,2,
10,-37,
49,29,
2,43,
10,32,
9,29,
42,-28,
15,-7,
17,15,
9,10,
14,-6,
20,-13,
8,-46,
1,-5,
-7,24,
15,-15,
-18,13,
53,36,
-13,24,
-8,34,
-6,-7,
-21,-45,
-37,-25,
-8,8,
-10,7,
4,-7,
8,-13,
64,-24,
40,58,
-19,7,
-10,3,
23,30,
47,-38,
18,-1,
25,-25,
14,8,
-24,16,
13,-8,
-7,-26,
8,-6,
-8,2,
13,5,
-2,-2,
59,-15,
-25,-47,
-15,-57,
-21,38,
0,9,
10,18,
40,22,
-54,37,
-43,52,
-12,22,
16,28,
-47,-9,
-2,6,
13,14,
7,16,
-10,8,
29,-12,
13,32,
27,30,
42,-41,
21,-11,
-10,57,
6,43,
17,-22,
34,-43,
17,-8,
-18,17,
-7,-8,
57,10,
5,20,
8,17,
-30,15,
45,-12,
55,10,
81,-3,
33,-4,
-4,45,
11,49,
7,-20,
-14,-62,
33,-96,
-16,-70,
2,18,
-39,57,
14,18,
7,10,
0,5,
-5,3,
56,-47,
92,-28,
81,65,
32,26,
12,14,
-17,51,
-4,-34,
1,-33,
23,-8,
17,-38,
-23,12,
-60,46,
14,38,
-10,4,
-4,5,
-4,9,
-91,55,
5,7,
-33,17,
-46,76,
-17,-13,
6,-34,
33,60,
29,27,
8,61,
-41,129,
51,29,
18,-17,
67,4,
15,0,
3,-9,
-27,-2,
-4,-26,
-19,14,
6,2,
-43,5,
20,5,
25,23,
13,101,
35,20,
-7,37,
-18,85,
2,22,
-72,-13,
22,23,
6,11,
-7,11,
12,18,
5,-6,
9,25,
53,4,
10,-17,
-19,-18,
-32,2,
34,-7,
-15,2,
19,-23,
44,-66,
-4,3,
-36,-24,
8,-17,
14,14,
7,-1,
8,6,
-19,40,
-38,63,
-26,44,
-31,61,
34,19,
31,-40,
72,46,
18,80,
46,29,
16,77,
23,9,
-36,-53,
-6,-13,
4,14,
-8,8,
4,4,
21,-18,
-41,-27,
-25,-2,
-12,55,
2,1,
2,68,
-35,30,
-21,62,
14,35,
18,25,
-52,-28,
21,27,
-8,20,
2,13,
13,-6,
17,-3,
70,36,
84,12,
63,15,
-3,-23,
2,4,
-23,-16,
27,18,
-43,-40,
29,-58,
-3,-15,
-2,-15,
13,28,
-23,-13,
-4,-3,
9,-7,
1,-7,
-32,-22,
13,4,
20,0,
-30,10,
14,13,
-20,17,
12,-29,
20,-9,
-17,-9,
-29,2,
46,44,
-4,18,
-41,15,
3,11,
4,8,
-17,25,
-1,-12,
21,17,
-4,36,
-58,19,
-33,-14,
5,-23,
85,-13,
8,38,
30,17,
21,22,
48,33,
3,1,
-65,-36,
-11,-1,
1,-23,
-8,12,
-51,-32,
-42,41,
-60,-2,
-16,18,
14,-2,
3,33,
-50,27,
11,15,
-10,52,
-16,44,
19,-25,
-29,24,
-36,39,
-1,11,
7,11,
-18,-1,
63,-15,
6,-50,
38,19,
63,-2,
-5,22,
7,-4,
29,-17,
-27,-26,
-3,-41,
47,-46,
-5,-17,
48,12,
48,25,
-8,10,
9,-1,
-21,-339,
-928,-3602,
-1675,-8021,
-1121,-8141,
1001,-5729,
327,207,
-691,2497,
-4235,3759,
-8108,2030,
-8176,1520,
-8008,326,
-963,-314,
3886,1171,
2652,1076,
78,29,
-31,92,
-10,387,
823,3113,
588,742,
635,155,
948,-632,
289,22,
467,-378,
920,39,
282,30,
89,-28,
206,-110,
392,97,
-474,-527,
-550,-410,
-2,-14,
3,38,
-14,150,
-190,115,
-251,-83,
-36,11,
243,369,
205,132,
219,293,
524,351,
98,310,
-4,247,
154,249,
520,224,
852,347,
371,197,
17,16,
1,-2,
0,15,
-53,38,
-160,83,
-200,43,
-311,510,
-87,64,
-213,495,
-306,420,
-54,199,
-57,211,
-41,412,
155,107,
595,271,
436,212,
22,10,
-4,10,
15,-30,
216,-31,
301,32,
323,116,
360,-65,
133,-3,
198,-467,
54,-268,
11,-36,
-2,29,
-52,131,
-227,-70,
-441,-197,
12,-110,
47,-6,
44,-56,
88,-24,
208,143,
273,113,
238,110,
141,300,
43,63,
-11,168,
52,-33,
64,-106,
36,-116,
-54,-48,
65,20,
178,96,
203,117,
9,13,
0,37,
4,20,
-25,-1,
75,29,
96,78,
80,127,
21,43,
20,106,
76,152,
39,102,
32,40,
0,22,
52,-7,
173,45,
255,129,
23,19,
19,1,
37,-4,
59,87,
-5,38,
-2,34,
-5,4,
3,0,
13,-17,
58,-21,
24,-1,
15,-2,
87,75,
151,55,
175,95,
74,46,
-9,8,
0,3,
-3,9,
20,-2,
38,-13,
70,36,
81,-1,
50,12,
-7,26,
70,-55,
28,-45,
7,13,
6,-62,
-13,-18,
-28,-23,
-1,8,
7,7,
20,0,
38,12,
77,43,
16,29,
38,16,
89,37,
35,18,
13,31,
48,99,
-22,71,
2,61,
37,42,
00>
_________________________________
00>
00>
Printing STS1 CIR
00>
00>
_________________________________
00>
-7,-27,
31,-51,
-1,7,
-11,20,
9,12,
13,8,
39,-16,
-26,11,
-25,8,
3,-14,
-4,-18,
4,-1,
-25,17,
-45,-24,
-55,-22,
-46,-36,
-59,-2,
-57,25,
5,-17,
-18,25,
-2,16,
55,-35,
-2,37,
-41,14,
-58,7,
-50,19,
-28,25,
-10,12,
-6,30,
-31,-29,
-109,-46,
-49,-18,
-17,43,
-20,71,
20,9,
-5,11,
2,3,
12,-17,
29,7,
94,-4,
34,31,
-21,29,
10,-7,
13,-17,
-37,49,
11,-76,
9,20,
0,-1,
79,48,
17,55,
1,26,
-11,-1,
7,1,
-1,7,
3,-21,
-63,4,
-54,-11,
-45,8,
12,-1,
14,-5,
22,-25,
-14,-14,
-23,-32,
2,-17,
1,-37,
-9,14,
-12,11,
-15,27,
-1,3,
-7,13,
45,-40,
-22,15,
39,30,
-7,80,
1,-6,
6,-4,
15,6,
116,42,
57,50,
80,47,
16,-4,
-4,24,
1,9,
-16,10,
20,-6,
-20,2,
-30,5,
-60,-55,
-45,-40,
-15,-33,
-14,-21,
-21,-15,
-5,29,
-9,-2,
-46,-20,
-43,-26,
-6,-16,
-11,7,
1,0,
7,-17,
-2,7,
3,33,
-17,15,
-75,19,
-24,-4,
-9,-4,
18,24,
0,7,
-3,13,
-14,-11,
22,33,
-6,14,
22,8,
29,42,
-8,-1,
-13,2,
-32,52,
-5,22,
4,-46,
52,-1,
3,-24,
-47,41,
15,14,
-9,17,
15,20,
-22,-25,
-31,-16,
1,28,
-17,34,
31,-17,
3,-12,
-7,26,
4,4,
-6,14,
-12,40,
31,-8,
25,-23,
-37,-4,
32,16,
19,1,
-8,37,
-15,39,
33,16,
37,-12,
-8,-18,
14,-12,
-7,12,
-12,31,
-15,23,
-10,-11,
57,2,
31,58,
23,21,
30,-20,
0,5,
-4,7,
-54,79,
-15,16,
22,-34,
14,-8,
1,-9,
7,-32,
1,-19,
-4,15,
-9,0,
-31,25,
-1,46,
70,31,
-6,1,
29,-11,
-16,7,
-3,7,
41,-44,
33,-20,
-6,-27,
12,-34,
-27,-43,
-39,-10,
21,-6,
26,-31,
9,-30,
-22,27,
10,34,
35,51,
85,44,
68,-36,
14,-8,
-27,1,
-6,4,
88,7,
22,7,
18,10,
9,-38,
-4,39,
-8,14,
-6,-5,
-4,16,
11,-5,
9,18,
-1,-28,
-24,-8,
21,-4,
16,7,
1,14,
19,-2,
11,-2,
-16,-3,
8,-8,
40,10,
20,20,
9,22,
6,-5,
21,-9,
3,-3,
6,-26,
-44,-10,
-26,-18,
-21,-20,
3,-6,
3,7,
27,-10,
-26,-12,
-37,-44,
-21,-10,
-41,-9,
-28,66,
-9,-2,
17,-19,
33,-13,
15,25,
55,-35,
71,77,
28,42,
47,-33,
13,-4,
-14,17,
-2,32,
47,52,
79,54,
56,35,
-20,42,
-8,20,
-11,11,
-14,16,
-17,34,
17,-23,
22,-11,
70,31,
9,38,
1,48,
2,15,
6,-1,
28,-13,
-15,30,
27,40,
41,49,
19,29,
18,-8,
6,-1,
14,-14,
23,-24,
-10,1,
21,-30,
10,-15,
12,26,
20,-18,
-13,21,
-8,35,
29,-32,
6,52,
23,16,
29,31,
39,42,
30,78,
-6,3,
3,-3,
-4,-2,
-33,46,
-11,28,
-24,-48,
-5,19,
-52,-7,
-8,-6,
-2,-9,
-15,38,
-45,1,
-2,-11,
41,35,
7,64,
21,-16,
0,4,
5,0,
3,8,
-8,25,
16,59,
-52,-10,
2,12,
31,-6,
23,-12,
1,21,
-73,87,
30,8,
30,24,
47,47,
-32,34,
-37,14,
9,1,
15,-9,
13,4,
0,11,
-17,35,
19,43,
-10,23,
-68,80,
8,14,
10,0,
18,-21,
28,-61,
-8,-38,
-16,-23,
-19,34,
-39,21,
-6,2,
7,-3,
26,9,
-1,-2,
17,-6,
-11,-14,
-19,23,
70,11,
34,-20,
38,-10,
-1,-3,
-41,15,
-11,-30,
-6,-30,
-3,-36,
5,3,
13,2,
11,-9,
5,-7,
8,-14,
-48,25,
-84,11,
-62,-19,
-18,25,
-31,-1,
6,-5,
-10,12,
-68,-19,
-15,15,
-43,-2,
-47,9,
-19,20,
2,-7,
-8,-4,
28,-36,
247,-383,
1703,-2976,
2920,-6780,
3978,-6901,
2640,-2882,
99,223,
-75,328,
749,-896,
4441,-5625,
5231,-6136,
5200,-6156,
4452,-6068,
1883,-2792,
79,-140,
-158,216,
-292,367,
-456,484,
-1864,2083,
-991,439,
-285,38,
-129,250,
56,99,
-65,218,
-578,759,
-340,427,
-331,-237,
-500,-419,
-422,-321,
-302,139,
-44,80,
-140,199,
-258,332,
-325,311,
-355,210,
-96,161,
199,232,
-235,557,
10,103,
-52,106,
-150,165,
-302,-63,
-227,-171,
-55,-30,
93,65,
43,212,
-21,77,
-102,145,
-131,163,
-111,129,
-30,199,
-43,216,
-60,51,
-468,483,
-52,55,
-87,108,
-204,256,
-129,150,
93,104,
195,175,
114,155,
-102,247,
-19,48,
-80,110,
-194,204,
-218,226,
-191,290,
70,210,
172,152,
-128,378,
43,56,
30,-37,
87,-128,
23,-163,
-33,-35,
-30,-8,
-125,-39,
-122,10,
-5,-9,
-17,43,
-14,76,
-80,166,
-233,189,
-258,-1,
-59,3,
26,92,
16,40,
-10,91,
-154,230,
-102,256,
-23,12,
-149,-104,
-147,-7,
-294,321,
-16,11,
-13,47,
-41,91,
-82,144,
-95,263,
36,120,
88,51,
-102,228,
-9,21,
-14,13,
-91,102,
-33,53,
55,10,
61,43,
6,104,
-201,347,
-27,31,
-15,29,
-5,25,
-20,40,
-90,176,
-8,59,
-8,45,
-193,298,
16,47,
2,66,
-32,73,
-109,67,
-7,14,
13,36,
-4,119,
-240,356,
-34,27,
-28,35,
-28,17,
-20,19,
-58,69,
-56,28,
-41,41,
-205,281,
-18,53,
-9,33,
-69,87,
-45,50,
-44,-8,
-101,-56,
-105,-30,
-149,105,
7,11,
-20,36,
-34,40,
-6,21,
-29,82,
-142,46,
-69,-4,
-172,166,
10,68,
10,49,
-28,73,
-21,61,
1,-7,
-15,-12,
00>
_________________________________
00>
RX Timestamp: 388153407358
00>
Clock Offset: -11.158 Hz, 0.001 ppm
00>
RX Timestamp: 389229201252
00>
Clock Offset: -308.704 Hz, 0.039 ppm
00>
_________________________________
Sequence Number: 209
00>
00>
Printing STS0 CIR
00>
00>
_________________________________
00>
-39,-70,
63,-32,
-33,44,
36,64,
1,-2,
-30,-45,
-32,-46,
-54,-74,
-70,22,
-47,8,
53,0,
49,-20,
1,-129,
19,-112,
27,-94,
-10,-56,
19,-44,
47,10,
27,14,
-7,43,
-28,37,
-34,93,
-1,-14,
42,18,
7,32,
62,-2,
14,4,
-41,43,
-60,76,
-95,95,
18,0,
3,21,
-32,1,
-12,28,
-18,-3,
-84,-8,
24,-20,
40,-53,
-6,-5,
-10,-32,
-2,3,
20,-7,
58,-46,
-14,-25,
-55,2,
35,42,
12,-37,
47,3,
3,-15,
16,4,
38,29,
36,47,
64,-15,
-19,-25,
-38,42,
33,45,
41,-8,
-15,-33,
-68,-12,
21,55,
40,126,
-23,106,
16,48,
15,4,
24,58,
32,-17,
11,-17,
-16,38,
-14,43,
-73,27,
3,58,
10,45,
109,-16,
40,-4,
36,68,
33,63,
-2,-11,
-4,-17,
-5,16,
-17,0,
-25,53,
-40,35,
55,-3,
64,4,
96,9,
-5,4,
-3,48,
10,16,
-5,-29,
-8,-73,
33,25,
43,6,
63,30,
-39,21,
-57,60,
-48,80,
12,43,
-42,2,
-23,33,
-9,18,
34,28,
14,37,
-2,67,
26,79,
50,37,
-8,13,
-3,11,
4,79,
32,97,
-16,91,
1,123,
38,65,
55,-4,
4,54,
43,49,
25,5,
-17,-33,
-27,-46,
21,-24,
-17,-16,
-76,68,
-38,5,
-11,18,
65,18,
-14,11,
53,-33,
65,-19,
44,-70,
14,-89,
-13,-72,
-15,-6,
-12,30,
11,-24,
-55,-11,
-6,23,
-26,9,
37,-38,
37,-64,
-2,-32,
31,-6,
14,25,
19,-18,
3,-21,
-48,-29,
-47,42,
34,98,
16,48,
-25,21,
-19,-11,
-30,-62,
-26,11,
78,54,
3,71,
19,-42,
-29,19,
-2,32,
-16,13,
-20,18,
-21,16,
-24,42,
-55,-11,
-10,-21,
69,-68,
44,15,
4,-38,
11,-44,
-2,21,
6,-7,
63,22,
25,37,
-16,116,
-13,87,
18,29,
-20,-30,
-57,6,
-30,-31,
-7,-49,
43,-73,
24,44,
17,85,
45,75,
13,38,
61,-13,
35,15,
25,23,
30,23,
38,8,
56,-43,
34,32,
46,-85,
-2,-13,
63,76,
75,-4,
7,-37,
16,-47,
33,-19,
3,51,
-34,92,
0,29,
-16,9,
-16,71,
69,-7,
-15,-27,
10,8,
-14,-101,
1,7,
-3,49,
-9,-19,
-6,-12,
5,-33,
19,14,
14,49,
22,26,
44,72,
62,26,
56,26,
93,-26,
37,53,
-23,51,
-44,87,
-12,68,
22,59,
-73,104,
21,76,
61,56,
50,-14,
49,-4,
-23,-43,
-34,15,
14,46,
-7,-43,
51,-40,
62,-51,
14,-51,
13,-31,
-22,1,
43,54,
3,57,
-23,68,
35,34,
9,57,
43,8,
35,0,
-39,-1,
1,-7,
14,-41,
52,7,
85,28,
0,0,
-32,-61,
-28,-32,
-24,26,
22,23,
-29,7,
15,6,
16,2,
-66,30,
26,31,
11,0,
-45,25,
-50,-6,
-3,51,
21,6,
-29,29,
30,18,
-40,19,
34,-39,
65,-51,
54,69,
14,60,
-16,-14,
2,-6,
14,-8,
61,46,
85,57,
-10,46,
16,18,
70,-41,
1,-72,
11,5,
13,-43,
-3,-22,
34,38,
29,-80,
11,-79,
32,-46,
3,-25,
33,-42,
80,-101,
41,-45,
-16,-32,
33,19,
51,15,
46,48,
5,-17,
-25,-48,
-66,-14,
16,-4,
49,-5,
73,64,
45,-12,
13,-59,
77,-49,
63,-30,
79,-64,
86,-12,
-6,-6,
-25,12,
46,-18,
-44,-25,
-42,-83,
-36,-18,
-45,-54,
50,17,
20,50,
1,-1,
60,-2,
25,-36,
-29,-76,
29,-80,
57,-114,
65,-6,
-3,58,
25,52,
9,67,
41,18,
12,21,
99,65,
104,59,
46,-15,
28,28,
16,30,
-15,82,
16,16,
-28,44,
-47,99,
-42,36,
-21,-69,
-30,-50,
-14,10,
1,24,
7,15,
28,-20,
2,24,
13,-12,
7,11,
-6,-12,
3,51,
-16,-51,
-23,-89,
30,-53,
9,0,
29,-40,
14,-20,
71,-68,
-25,-36,
-474,380,
-2579,2160,
-5682,4274,
-6670,4321,
-3697,2579,
691,-568,
1591,-1318,
-928,-211,
-5425,59,
-7744,-590,
-7884,-903,
-7230,-795,
-4091,-317,
-852,-167,
636,-457,
1138,-370,
1333,-93,
2005,-54,
1742,254,
720,-165,
233,-964,
-43,-706,
327,-777,
537,-694,
1053,-399,
521,-107,
282,133,
472,134,
569,32,
445,-174,
387,-38,
359,133,
211,171,
93,194,
94,129,
188,93,
322,-209,
208,-283,
23,-197,
-177,76,
-372,409,
-120,491,
-1,289,
307,41,
387,-26,
286,-84,
238,-129,
90,-265,
-7,-322,
-91,-315,
-152,-210,
-123,-163,
-82,-127,
-3,-4,
11,73,
41,182,
10,368,
-12,390,
57,131,
72,-91,
96,-214,
185,-163,
261,-65,
338,67,
263,23,
125,-109,
20,-98,
92,-50,
267,-107,
167,9,
108,98,
61,139,
154,104,
96,11,
39,122,
63,336,
-25,462,
-14,214,
68,-121,
173,-338,
136,-322,
128,-276,
145,-104,
89,-29,
248,-3,
165,65,
108,-43,
142,-184,
200,-335,
155,-214,
73,-27,
47,-46,
145,-15,
132,-72,
145,-100,
171,-153,
168,-162,
164,-188,
107,-155,
182,19,
436,-47,
235,-11,
138,-72,
77,-49,
138,-30,
55,19,
43,0,
40,9,
92,-44,
99,-102,
42,-65,
101,46,
59,63,
38,33,
106,48,
88,34,
89,102,
148,9,
144,6,
84,-12,
159,11,
40,-19,
61,30,
127,5,
177,-47,
103,-56,
61,25,
78,79,
115,67,
110,25,
101,40,
84,19,
195,-43,
124,-21,
119,0,
57,50,
69,23,
31,13,
35,48,
14,73,
96,125,
114,-15,
110,19,
124,34,
146,-52,
132,-42,
74,36,
120,48,
117,-70,
87,-74,
92,-39,
115,-3,
128,11,
85,27,
10,-34,
90,-33,
00>
_________________________________
00>
00>
Printing STS1 CIR
00>
00>
_________________________________
00>
-47,-8,
-24,-27,
-4,-18,
10,38,
27,25,
53,-43,
17,1,
-58,66,
-10,60,
17,48,
-10,-53,
3,-55,
32,21,
-13,-39,
-46,-41,
31,-36,
-8,56,
8,12,
-56,49,
-30,69,
-8,37,
32,4,
-49,49,
-18,46,
7,82,
58,16,
17,5,
-3,-11,
26,66,
19,40,
63,-23,
60,39,
0,92,
-28,57,
25,20,
84,0,
94,-1,
-56,8,
8,-2,
17,-24,
115,-16,
37,-13,
4,-29,
-44,45,
-25,11,
-12,-6,
-3,-42,
58,33,
-20,29,
5,-23,
-3,-55,
8,10,
34,130,
-29,26,
54,7,
19,89,
-5,73,
47,35,
-5,-32,
19,-3,
46,-20,
-33,11,
-5,17,
43,65,
58,-27,
-35,1,
1,-19,
5,30,
-21,-9,
-12,8,
30,-37,
-2,42,
-9,12,
17,23,
66,-18,
8,13,
-9,-11,
4,-5,
45,13,
79,19,
2,36,
3,50,
29,29,
27,22,
2,-58,
17,-16,
47,4,
29,0,
33,79,
12,-5,
-18,-23,
9,-30,
-48,36,
-9,34,
3,-33,
-35,5,
-13,23,
9,-11,
-8,-12,
-31,17,
-28,18,
-50,29,
2,15,
44,-1,
128,-9,
53,-22,
23,-56,
-29,40,
-3,104,
88,76,
15,56,
8,9,
32,40,
26,2,
41,1,
-26,58,
22,20,
-20,-26,
-56,-21,
43,-37,
44,-51,
-49,-23,
-41,-53,
27,54,
42,87,
83,87,
-19,37,
-66,-24,
-81,-20,
-7,9,
-18,-19,
51,17,
30,11,
-19,-18,
24,-18,
19,20,
-25,-17,
-2,10,
-15,-29,
31,13,
6,11,
19,38,
19,48,
-34,-5,
25,66,
16,31,
62,56,
26,30,
20,39,
33,26,
19,32,
39,50,
-1,-17,
-22,4,
-34,59,
24,48,
39,22,
-20,37,
82,74,
39,30,
59,-10,
3,22,
87,40,
46,1,
63,28,
-22,50,
17,-26,
48,-13,
35,-49,
10,-6,
-4,44,
26,97,
47,38,
67,80,
52,53,
2,73,
-49,34,
14,48,
-2,2,
21,11,
31,-1,
-15,37,
-3,24,
27,25,
32,-16,
34,-61,
1,12,
23,30,
-8,-1,
-36,-30,
-11,-3,
66,-22,
-30,-17,
42,5,
22,-15,
-26,-5,
-4,-12,
1,-58,
27,-1,
14,-12,
-9,112,
-5,46,
5,18,
15,56,
-4,13,
18,29,
51,20,
-3,75,
-1,18,
52,-9,
6,66,
63,24,
25,34,
53,-53,
34,-71,
-32,-9,
-83,22,
-12,30,
6,-16,
42,4,
75,-56,
4,-1,
16,-11,
33,17,
-74,-24,
24,-16,
30,-22,
18,-47,
-41,33,
-30,7,
-62,-48,
-8,-31,
-51,-33,
1,47,
46,-8,
76,-55,
34,8,
-48,49,
2,37,
49,-35,
-47,-46,
6,-11,
54,-3,
61,25,
3,-15,
33,-20,
43,50,
4,25,
47,46,
8,13,
-3,46,
-12,-17,
27,-62,
69,-106,
41,-61,
-29,28,
18,10,
9,22,
41,-25,
59,4,
27,27,
62,-17,
6,-29,
-36,-32,
-42,-41,
61,-18,
68,-18,
-14,32,
14,17,
58,-46,
89,-47,
29,105,
-36,71,
-32,-1,
-11,-17,
106,71,
22,-21,
-10,-60,
45,-34,
3,-22,
-40,-53,
-10,-55,
9,22,
-19,-12,
14,-21,
63,-55,
86,22,
-29,82,
-59,1,
-25,-1,
8,-5,
-17,9,
31,33,
-6,56,
-14,-2,
35,-30,
16,-37,
-6,-40,
23,-33,
-7,4,
85,-19,
36,-25,
2,-66,
-47,20,
-29,34,
10,-14,
67,-26,
-20,-38,
32,9,
22,66,
6,107,
-45,48,
-58,13,
35,40,
5,3,
-8,-32,
26,-19,
48,-34,
-40,-52,
24,-8,
88,8,
64,79,
33,15,
-24,17,
-19,-15,
-9,-40,
39,34,
51,3,
28,82,
-9,87,
-45,21,
59,16,
-8,38,
-68,-11,
-29,-40,
7,-34,
-21,-16,
42,52,
68,-10,
107,-49,
55,-26,
33,-24,
-9,29,
28,-26,
47,-35,
-24,-43,
-57,19,
-3,50,
0,47,
-12,29,
-28,-30,
-55,-14,
-56,42,
-6,80,
40,54,
-17,10,
-609,115,
-2791,462,
-6623,972,
-8045,745,
-6564,622,
-1114,175,
1257,-483,
1854,-1243,
2738,-2301,
4467,-2571,
4970,-245,
3088,2633,
280,2555,
-448,475,
142,-881,
723,-423,
1009,552,
1701,1095,
1684,986,
641,338,
97,-19,
-11,-121,
516,-190,
736,-144,
317,10,
-178,9,
-346,-31,
-139,-147,
79,-213,
198,-148,
-7,-19,
-282,66,
-305,-84,
-70,-218,
88,-123,
28,102,
-166,162,
-181,-26,
-122,-1,
-39,117,
78,260,
131,434,
240,275,
205,65,
140,21,
24,47,
-59,60,
-86,16,
-62,-1,
-79,-101,
-82,-139,
-101,-92,
-175,-105,
-67,-44,
-60,124,
-143,393,
-74,536,
162,550,
325,418,
256,272,
-14,68,
-20,21,
42,-39,
165,-42,
216,-57,
103,-85,
53,3,
67,48,
-2,64,
91,-42,
168,-50,
232,-56,
79,-13,
-83,8,
-254,-42,
-320,39,
-205,114,
-59,35,
120,-112,
167,-169,
240,-137,
306,-61,
333,-11,
132,-75,
113,-187,
27,-93,
41,-32,
52,-94,
45,-66,
71,-60,
65,51,
114,91,
78,-40,
-13,-51,
13,-71,
-64,-29,
-29,-17,
-40,-66,
-42,-85,
19,-46,
79,-94,
91,18,
70,-44,
76,105,
42,102,
66,42,
86,86,
-24,-140,
-50,-189,
20,-75,
-22,-28,
-31,12,
-50,11,
17,-56,
46,-29,
107,17,
44,-26,
57,47,
10,-50,
-5,18,
-51,-14,
-32,-45,
12,-52,
52,-4,
46,27,
-51,25,
17,-29,
-6,-81,
1,24,
-8,-29,
50,-65,
18,-36,
-1,14,
85,-42,
31,51,
-10,-8,
-60,2,
3,-42,
1,-52,
10,21,
62,45,
17,1,
32,9,
43,4,
61,-46,
29,-102,
28,-90,
25,-35,
19,-2,
29,74,
12,56,
31,29,
58,66,
76,67,
58,73,
-25,-20,
00>
_________________________________
00>
_________________________________
Sequence Number: 212
00>
00>
Printing STS0 CIR
00>
00>
_________________________________
00>
19,22,
16,49,
-16,2,
-54,17,
-7,5,
-36,-17,
-62,-17,
-68,-49,
24,15,
92,34,
41,55,
2,5,
-13,101,
-5,47,
-74,-21,
-53,-35,
30,-46,
12,-6,
-6,-13,
18,61,
38,54,
23,-15,
77,9,
24,-7,
-76,16,
-66,-26,
39,0,
18,46,
-6,-19,
9,-64,
-18,51,
-12,78,
-16,93,
-1,29,
30,-29,
-41,26,
-22,30,
48,-12,
49,-1,
-2,7,
0,6,
37,-25,
14,18,
-6,-31,
14,47,
10,78,
68,63,
13,97,
9,31,
-46,91,
-40,-33,
1,-55,
-20,-73,
41,19,
5,9,
-15,38,
33,-11,
-35,-14,
-34,-16,
-15,-63,
17,-46,
19,-10,
-5,37,
-37,6,
-12,7,
-5,-68,
-17,2,
-17,3,
-24,-44,
-40,30,
-21,-18,
-10,-50,
-43,-44,
-25,-3,
39,38,
-46,55,
-56,53,
-40,59,
-66,37,
33,-7,
-32,-7,
-1,1,
-25,-35,
5,-16,
55,20,
63,-17,
36,-30,
36,0,
-1,53,
18,39,
-24,-18,
44,21,
-10,37,
1,-45,
-8,20,
-3,-99,
-78,-9,
-38,-15,
-7,50,
-43,9,
-22,11,
-26,8,
-69,34,
7,-22,
-30,43,
-17,79,
-27,-6,
-51,-9,
-2,-14,
10,22,
-22,46,
33,3,
14,28,
10,84,
0,23,
22,-24,
-1,17,
-66,-17,
-30,10,
35,6,
-11,-15,
2,22,
-15,41,
50,65,
40,34,
47,27,
56,10,
-42,29,
52,-4,
-8,-48,
-15,-65,
-3,-68,
45,-3,
42,4,
26,28,
74,58,
17,109,
-13,-59,
-5,-94,
5,-31,
26,-88,
2,-86,
22,-76,
-33,40,
-36,15,
-58,30,
13,3,
0,-67,
2,-14,
-54,34,
-116,50,
-112,6,
-106,-11,
-50,18,
-13,-25,
11,0,
18,67,
8,84,
-47,30,
34,-107,
-27,-103,
24,-69,
17,-1,
32,50,
36,36,
-38,-54,
-21,-72,
-90,-34,
-24,9,
-24,-34,
36,26,
53,51,
-10,12,
-7,19,
57,28,
55,6,
-22,2,
-24,-7,
38,-31,
9,-35,
-43,41,
-6,9,
11,-5,
-22,-26,
-14,-33,
34,-45,
-27,-73,
-13,-13,
4,54,
-9,31,
81,43,
55,77,
-12,81,
-77,20,
-24,-3,
29,13,
41,13,
13,-9,
-18,24,
-32,9,
-37,19,
29,-21,
82,-43,
70,4,
19,65,
-12,32,
-80,27,
0,3,
26,-22,
32,-24,
42,74,
29,15,
14,-43,
-12,42,
25,23,
50,-17,
32,-22,
-40,-4,
-76,85,
-2,54,
13,-17,
30,-37,
23,24,
-31,59,
-9,-10,
-35,-7,
32,24,
-21,-27,
2,41,
-13,-23,
3,-16,
-56,-10,
1,-43,
-32,25,
57,35,
9,33,
-36,51,
-32,30,
-16,0,
-33,-31,
-10,-23,
-9,3,
4,-16,
4,1,
7,30,
17,-37,
-60,-21,
-24,-4,
-22,36,
7,66,
-1,75,
-7,67,
-20,18,
8,-4,
-24,-44,
-29,-44,
-20,-9,
-28,63,
-4,10,
-16,-14,
-13,10,
4,22,
45,-1,
39,-24,
-10,35,
-20,51,
16,33,
52,-1,
0,31,
-11,17,
0,37,
-38,-2,
-8,-53,
-13,45,
-8,5,
40,-72,
62,-28,
-3,-36,
-47,12,
-83,-14,
9,-47,
22,-58,
-17,-1,
7,-7,
25,-19,
-9,51,
7,52,
60,29,
9,20,
0,16,
7,9,
37,-1,
12,27,
-12,-12,
4,18,
11,20,
30,15,
-8,2,
2,-12,
16,36,
-1,27,
5,13,
31,26,
13,-4,
-38,-37,
-9,-19,
1,-21,
44,-23,
65,-50,
32,-16,
20,14,
70,25,
47,24,
-3,-29,
-10,27,
-60,1,
7,-71,
-5,-78,
-14,-13,
40,60,
-24,54,
5,6,
-16,-52,
44,-11,
21,-43,
-10,-2,
33,-3,
3,19,
39,37,
19,-27,
24,-23,
-6,-7,
13,-108,
4,-58,
2,64,
5,34,
-16,77,
32,-59,
2,16,
6,35,
11,22,
-68,-29,
-71,-27,
-21,30,
-9,17,
19,50,
12,78,
25,50,
-3,20,
4,27,
33,74,
24,8,
-14,-53,
39,8,
-9,-15,
-45,-74,
-75,-1450,
190,-4928,
1531,-7353,
2588,-7190,
2152,-2398,
630,2220,
-1379,2359,
-5414,-271,
-7580,-2500,
-7668,-3073,
-5988,-1391,
342,1634,
2997,2682,
1496,918,
25,-201,
-332,355,
-199,1597,
-307,1815,
-147,310,
397,213,
818,-93,
593,83,
574,362,
608,534,
159,470,
110,331,
341,106,
70,-286,
76,-551,
-31,-501,
49,-140,
-48,192,
-78,205,
-102,-98,
-138,-49,
-33,29,
81,488,
198,569,
221,427,
272,273,
37,249,
9,263,
166,353,
170,257,
180,87,
-63,-22,
-124,-48,
-84,-91,
77,-21,
15,83,
-120,58,
-283,79,
-348,120,
-158,132,
-197,116,
-75,173,
-31,204,
-23,226,
-144,308,
1,295,
73,201,
72,200,
24,77,
14,25,
112,-33,
114,99,
203,3,
217,79,
357,84,
271,-31,
121,-158,
91,-53,
5,92,
11,118,
-17,-8,
-111,-143,
-98,-169,
220,-150,
389,-48,
382,3,
148,21,
58,150,
78,65,
58,89,
-24,208,
-14,78,
20,69,
47,72,
-5,-12,
-21,-62,
-37,-111,
23,17,
31,100,
34,207,
-24,120,
-67,67,
-64,-49,
28,9,
54,58,
57,79,
-87,128,
-89,93,
-27,118,
43,107,
14,63,
10,24,
24,-17,
42,24,
110,159,
100,128,
19,65,
34,16,
8,13,
-11,44,
-63,17,
-94,25,
-35,-17,
12,-19,
81,-7,
104,23,
26,40,
6,19,
138,62,
95,35,
25,0,
-5,-9,
30,13,
34,26,
59,-7,
133,21,
149,-15,
155,52,
74,100,
2,63,
8,17,
38,-61,
12,-106,
27,-178,
42,-133,
-9,9,
41,63,
56,28,
19,-13,
-4,-62,
-31,-25,
-59,7,
33,29,
90,5,
23,143,
-3,77,
13,82,
32,41,
10,-54,
11,-53,
38,22,
-21,50,
00>
_________________________________
00>
00>
Printing STS1 CIR
00>
00>
_________________________________
00>
24,-23,
-22,17,
-31,60,
-26,-27,
7,-51,
16,-22,
38,31,
86,-26,
14,49,
-14,-19,
2,-12,
-1,-43,
64,-47,
79,-13,
71,52,
60,45,
-15,96,
-29,31,
10,53,
39,53,
17,10,
2,37,
44,32,
69,100,
32,68,
-64,65,
-12,4,
-5,15,
-19,111,
-53,70,
23,88,
108,3,
36,-4,
52,-27,
-35,-2,
47,27,
-14,-30,
-28,-14,
-8,5,
41,13,
-6,3,
3,-23,
17,48,
26,36,
92,-68,
-27,-63,
4,43,
-5,40,
-19,7,
-39,-25,
22,-61,
41,-10,
12,92,
7,27,
-39,18,
-26,51,
-40,20,
-55,21,
-45,16,
22,-5,
39,33,
21,77,
15,39,
97,1,
83,-36,
89,21,
70,-25,
91,-37,
-43,-39,
-31,-60,
-21,-60,
49,-21,
-45,22,
-10,54,
34,-68,
91,-119,
16,-12,
-78,-21,
-46,-14,
-12,-70,
-22,-57,
-36,-11,
-45,1,
-19,28,
18,10,
-23,28,
-20,37,
30,46,
-27,73,
12,78,
2,18,
19,37,
-5,86,
4,118,
25,49,
48,83,
-10,37,
-27,38,
12,72,
29,65,
-37,4,
-83,13,
-3,4,
-2,54,
-79,32,
-12,23,
14,-26,
75,13,
-14,-17,
-11,3,
-4,31,
28,-20,
-12,-3,
-32,-13,
6,28,
-5,91,
42,5,
-13,-54,
0,-77,
2,-35,
-14,-2,
-33,80,
-41,-33,
-63,-104,
8,-69,
23,-28,
35,11,
-38,23,
-50,-14,
9,-46,
28,-23,
-1,41,
33,23,
-8,21,
-16,0,
22,-42,
39,43,
-12,37,
-5,31,
40,8,
14,-14,
-19,-36,
-21,-28,
59,-50,
-48,-62,
-18,-28,
11,26,
39,51,
1,8,
-24,-34,
-29,8,
-20,16,
31,54,
21,44,
-12,2,
37,57,
14,-25,
20,-14,
33,43,
-6,45,
-2,-21,
13,-13,
30,-36,
55,25,
-22,55,
1,-5,
63,13,
53,38,
17,62,
44,13,
43,11,
62,39,
30,102,
-23,67,
28,42,
19,37,
28,29,
16,38,
49,10,
-4,-28,
-13,-44,
33,17,
5,-65,
-38,-75,
-88,-107,
40,32,
43,24,
72,21,
34,-47,
92,-30,
23,-58,
-57,-47,
-74,7,
-55,-7,
0,-52,
18,-10,
37,14,
32,3,
25,68,
74,51,
61,87,
6,26,
28,-86,
38,-38,
46,59,
-35,68,
36,16,
40,21,
70,-52,
-2,-54,
-12,-18,
-43,23,
10,60,
58,4,
-47,-31,
-109,20,
-34,31,
29,37,
73,16,
37,-23,
-15,-62,
-1,-69,
-8,-37,
9,30,
-22,60,
-4,35,
17,16,
20,-31,
-39,43,
56,21,
73,-43,
28,-37,
22,39,
-1,18,
35,-51,
17,-1,
57,-12,
-11,-46,
-9,-53,
22,-42,
48,-37,
7,44,
-4,4,
-15,-4,
29,34,
-8,34,
-35,-47,
-14,-16,
-43,29,
-17,56,
43,41,
46,-3,
92,-92,
30,-74,
-16,-36,
-30,44,
-14,19,
45,-46,
81,-12,
35,52,
18,-19,
44,-30,
33,-16,
7,26,
-47,30,
-16,-42,
2,-20,
41,2,
15,36,
-19,63,
37,37,
3,4,
-34,3,
-66,-2,
35,43,
35,83,
20,5,
59,22,
36,33,
-27,1,
13,17,
-27,3,
1,-9,
12,-25,
47,4,
8,32,
23,15,
46,26,
62,-14,
3,-20,
-23,-32,
-23,-73,
-53,-34,
-19,38,
51,-7,
37,19,
52,-47,
-5,13,
30,36,
-5,5,
-28,-32,
-15,55,
6,6,
4,21,
-24,-6,
38,2,
29,-43,
61,-46,
-48,-1,
-21,8,
-4,4,
25,9,
-10,37,
22,24,
52,6,
47,2,
17,50,
15,10,
51,-26,
28,45,
93,49,
-3,30,
-13,9,
-49,20,
-7,-5,
81,60,
41,-8,
10,2,
-48,60,
6,25,
21,64,
41,28,
-35,13,
-17,33,
-9,14,
62,1,
76,57,
-21,16,
23,53,
15,23,
-23,-34,
-32,-72,
-59,-29,
-59,-1,
-119,-18,
-19,-20,
-53,83,
-17,43,
22,-68,
-17,-108,
-58,-91,
-18,-33,
-22,-19,
-8,-4,
18,-15,
41,-142,
355,-985,
1825,-3466,
4103,-5379,
4964,-4490,
2580,-684,
84,1620,
-300,831,
1435,-1662,
4579,-3558,
6114,-3988,
5982,-4112,
4363,-3797,
1740,-2134,
226,-351,
-331,556,
-539,680,
-826,639,
-1525,609,
-1308,159,
-542,186,
-121,184,
-184,406,
-479,637,
-713,636,
-498,-4,
-148,-460,
-173,-468,
-318,-300,
-302,-48,
-247,266,
-300,468,
-527,346,
-563,108,
-436,92,
-154,238,
55,396,
-34,409,
-105,285,
-272,94,
-319,-109,
-367,-266,
-132,-148,
-11,58,
-65,253,
-62,281,
-208,181,
-372,136,
-318,176,
-104,74,
-50,243,
-131,118,
-218,171,
-318,246,
-138,117,
-150,-33,
-191,2,
-194,91,
-47,230,
61,297,
167,282,
68,193,
-68,114,
-294,207,
-366,167,
-295,90,
-279,211,
-169,176,
-87,222,
10,146,
23,101,
17,-83,
86,-199,
81,-197,
-22,-61,
-56,6,
-60,-67,
-95,-119,
3,-14,
116,224,
66,283,
-112,115,
-304,-104,
-254,-25,
-40,60,
24,137,
-58,120,
-91,152,
-127,274,
-175,256,
-176,110,
-193,6,
-254,67,
-178,99,
-34,101,
-71,146,
-94,235,
-113,199,
-126,200,
-23,138,
5,184,
-51,35,
-70,85,
-82,21,
-66,96,
-33,175,
-29,72,
-7,87,
-55,178,
-137,55,
-36,81,
-63,25,
-49,29,
-9,4,
-124,39,
-126,97,
-75,89,
-42,103,
-12,107,
-35,76,
-56,35,
-59,33,
-33,0,
-37,-33,
-44,83,
-92,158,
-123,34,
-65,16,
8,30,
-29,22,
-36,-22,
-74,-26,
-37,61,
-78,117,
-40,98,
-68,62,
-69,88,
-47,97,
-41,7,
-59,-13,
-154,-43,
-91,3,
-53,44,
-48,29,
-49,67,
-79,28,
-15,38,
-45,47,
-92,74,
-102,43,
-45,87,
-50,85,
-112,75,
-113,75,
-107,7,
-104,61,
-95,-14,
00>
_________________________________
00>
RX Timestamp: 528395448548
00>
Clock Offset: 643.444 Hz, -0.081 ppm
00>
RX Timestamp: 529467392203
00>
Clock Offset: 316.143 Hz, -0.040 ppm
00>
_________________________________
Sequence Number: 89
00>
00>
Printing STS0 CIR
00>
00>
_________________________________
00>
15,0,
23,20,
-9,14,
42,10,
23,13,
-22,-11,
45,38,
-14,-4,
9,-52,
-29,-13,
-82,8,
-27,3,
-27,32,
19,-48,
73,51,
7,8,
-4,4,
-15,-43,
-15,35,
-12,52,
-18,-45,
-35,-33,
-35,47,
36,46,
79,9,
-6,-5,
-65,30,
-62,-42,
10,-37,
57,-24,
-50,15,
7,36,
-16,19,
-54,-51,
-1,-62,
-19,15,
-46,-22,
-24,-22,
-70,9,
49,40,
17,64,
28,48,
-26,14,
-4,11,
8,-79,
-43,-83,
6,-66,
7,57,
-1,41,
-23,4,
-1,-50,
56,66,
14,82,
9,25,
-42,-55,
22,-40,
25,38,
18,21,
22,33,
-8,97,
30,76,
-29,59,
-37,14,
4,-14,
-11,-33,
-14,34,
10,32,
54,-63,
-2,-28,
-39,-64,
-29,0,
-2,43,
-35,-13,
7,42,
49,-16,
27,-9,
34,-35,
-16,1,
-15,56,
12,72,
-24,57,
5,11,
-14,32,
25,31,
54,15,
17,81,
-79,-46,
-25,-82,
-7,22,
-6,125,
27,-6,
70,-99,
31,-68,
15,29,
-18,52,
10,35,
-20,55,
24,-18,
-11,-1,
18,48,
-24,41,
-7,-4,
14,14,
-23,4,
29,-16,
32,16,
-9,29,
44,39,
16,53,
9,89,
-53,19,
-6,-23,
22,-20,
-14,17,
-19,22,
-22,73,
-22,23,
-23,41,
43,5,
40,-22,
-14,20,
2,33,
-70,10,
-52,60,
-10,48,
76,-7,
8,4,
24,0,
-36,-34,
-36,-89,
-1,-29,
-21,-67,
30,-43,
9,-37,
-64,55,
0,39,
-28,2,
62,-29,
54,-22,
60,10,
-27,22,
0,24,
-8,-29,
-6,-43,
-20,104,
-17,129,
-9,65,
29,33,
18,-38,
64,-55,
-21,4,
-6,26,
5,1,
10,6,
33,17,
32,-23,
48,-70,
27,13,
12,65,
15,65,
29,-18,
-15,3,
-15,-24,
28,33,
-3,24,
54,-18,
-25,10,
-42,100,
18,42,
10,30,
-5,-32,
-7,53,
16,92,
75,73,
51,91,
43,-5,
3,-4,
-4,19,
18,7,
41,6,
-54,-40,
-95,-27,
-47,15,
29,10,
9,47,
24,-7,
-31,3,
1,-84,
-36,-63,
41,-40,
-18,28,
-40,62,
-29,59,
52,7,
-7,89,
-23,51,
-10,-17,
1,18,
-28,20,
7,8,
-5,40,
11,34,
27,14,
35,-45,
21,-77,
7,-44,
-12,-1,
21,-18,
-15,-89,
7,14,
33,56,
17,5,
46,23,
54,3,
44,27,
79,26,
19,-60,
4,-33,
-25,0,
15,47,
42,-9,
66,-44,
44,31,
-37,77,
27,22,
86,-32,
7,-24,
-72,-5,
-128,-14,
-94,-7,
-32,2,
-23,47,
24,29,
-10,7,
-30,-47,
-28,-54,
-2,-79,
-35,-72,
-20,-57,
21,-18,
27,55,
25,17,
41,-2,
13,-2,
-13,-21,
-24,-11,
-32,29,
76,5,
13,-11,
18,-20,
34,-6,
18,-50,
-4,-35,
17,21,
30,45,
-34,18,
-2,5,
-16,-17,
-1,27,
12,38,
-5,54,
13,21,
21,6,
-4,-7,
-23,70,
-44,29,
-44,13,
-15,56,
-49,54,
-3,69,
67,28,
47,93,
48,24,
-32,17,
13,-50,
-6,-16,
-50,-20,
-15,-41,
-40,24,
-35,49,
-13,22,
42,15,
22,-72,
-6,-26,
-52,-44,
12,-62,
-28,3,
33,-20,
63,21,
52,29,
-9,-12,
-47,38,
1,-20,
-20,-15,
-38,-13,
-10,-32,
0,45,
-2,95,
-23,-2,
-34,23,
3,31,
78,-40,
-18,-12,
-42,53,
-22,34,
-8,-22,
48,5,
-33,31,
-39,9,
-11,-11,
10,-72,
30,-4,
-28,85,
-21,-39,
-26,8,
21,-23,
31,5,
-29,-35,
-44,12,
-31,27,
-35,71,
-15,28,
6,6,
-2,9,
-37,-6,
-56,-23,
29,-20,
-29,9,
63,-12,
-5,6,
-34,24,
-17,52,
-11,40,
-17,-39,
-29,-57,
-11,-10,
-9,16,
14,68,
20,9,
-29,-8,
-41,36,
-19,46,
11,65,
24,44,
12,40,
16,31,
86,-28,
71,-78,
62,-50,
15,-29,
58,-40,
33,-48,
-52,-12,
35,-104,
514,-1085,
2312,-4028,
4016,-6147,
4118,-5927,
1231,-1826,
-942,1471,
-596,1188,
1825,-1104,
5850,-2629,
7526,-2540,
7421,-2204,
5830,-1729,
2455,-895,
258,283,
-644,824,
-941,703,
-1283,583,
-1810,780,
-1229,158,
-326,456,
180,775,
130,744,
-178,783,
-557,816,
-758,607,
-400,232,
-425,110,
-598,151,
-384,250,
-225,259,
-223,219,
-256,7,
-206,-115,
-77,-260,
-151,-150,
-185,-16,
-130,278,
-25,313,
87,132,
251,-152,
42,-365,
-110,-338,
-246,-123,
-509,-11,
-483,47,
-172,72,
22,168,
156,230,
262,368,
173,424,
123,103,
12,-11,
-34,-92,
-105,-111,
-30,-163,
-62,-252,
-200,-295,
-94,-247,
-61,-219,
-110,-56,
-104,106,
-152,109,
-202,79,
-273,62,
-186,134,
-80,128,
7,60,
-3,98,
-58,157,
-84,99,
-2,-22,
-43,-20,
-111,65,
-93,128,
-119,-27,
-211,-370,
-119,-360,
-45,15,
-6,315,
10,414,
15,300,
-8,231,
-132,81,
-318,31,
-326,90,
-192,105,
-114,144,
-82,238,
-219,164,
-113,17,
-141,-73,
-150,-73,
-114,5,
-80,121,
-102,200,
-74,171,
-67,152,
0,173,
-27,92,
-93,101,
-172,177,
-195,130,
-144,111,
-159,171,
-123,86,
-11,46,
-15,96,
-13,76,
-10,116,
-19,98,
-87,96,
-123,56,
-69,19,
-49,58,
-141,24,
-130,-35,
-70,98,
-4,125,
-32,111,
-85,0,
-111,-63,
-98,-2,
-130,85,
-151,64,
-162,38,
-56,64,
-30,41,
-52,13,
-35,-2,
-65,16,
-80,-23,
-53,39,
-108,147,
-132,85,
-105,55,
-60,-9,
-44,59,
-54,21,
-102,-2,
-173,-7,
-144,1,
-51,71,
-112,99,
-91,53,
-105,104,
-86,31,
-55,35,
-76,94,
-34,66,
-130,-17,
-102,27,
-88,24,
-55,44,
-14,-9,
-13,16,
-52,72,
-68,99,
-21,102,
00>
_________________________________
00>
00>
Printing STS1 CIR
00>
00>
_________________________________
00>
31,-40,
4,7,
86,3,
82,11,
12,-12,
16,-18,
56,-42,
-23,1,
65,58,
68,43,
99,44,
52,43,
-4,56,
-31,6,
-63,23,
13,28,
-24,14,
-32,51,
58,69,
-18,39,
-18,-9,
-37,-35,
-108,8,
16,-7,
-14,87,
-9,-3,
60,-97,
54,-109,
5,9,
-7,20,
40,57,
34,21,
32,-14,
-10,-32,
13,68,
50,85,
-22,-9,
-17,-23,
-35,-112,
-23,-60,
-16,19,
52,45,
18,48,
-44,50,
10,5,
42,27,
6,22,
5,-23,
-30,-32,
-25,-23,
6,-19,
52,-74,
27,8,
-29,-8,
13,-12,
-27,-10,
-9,2,
-4,-12,
19,16,
7,12,
38,16,
52,29,
58,-21,
11,9,
-4,40,
-10,86,
-3,36,
-60,37,
-18,25,
10,-33,
31,-47,
45,50,
-11,18,
3,-43,
58,-9,
40,34,
10,-1,
-12,15,
-17,8,
17,27,
-34,-7,
-30,23,
40,-69,
-28,-86,
-47,-102,
-26,-74,
-48,1,
-56,-24,
22,35,
-12,1,
-1,24,
30,61,
68,-3,
23,-17,
38,-6,
-11,10,
21,-14,
-31,21,
34,8,
1,-48,
-19,-25,
-3,-14,
20,-40,
37,13,
-27,73,
-75,31,
-69,-58,
-6,-38,
-20,-66,
-32,-17,
43,-19,
12,-19,
26,-53,
7,28,
59,-4,
132,-58,
32,-29,
-115,-20,
4,-37,
33,-7,
-35,-29,
8,-24,
38,21,
32,44,
-14,16,
-16,-18,
50,-93,
-13,-67,
-60,1,
-13,36,
29,31,
9,32,
-64,3,
-42,-16,
-11,-10,
53,11,
14,27,
-80,27,
33,-38,
57,-83,
70,10,
11,21,
21,2,
18,12,
-5,20,
45,-34,
35,-46,
46,-23,
-14,3,
-33,6,
-68,-32,
-18,-9,
-43,-24,
-18,-29,
32,-27,
42,-9,
45,-38,
9,52,
23,84,
-11,61,
-26,24,
15,23,
55,57,
72,3,
33,-1,
-33,28,
-40,-80,
-1,31,
4,47,
54,16,
79,-15,
25,-10,
-16,2,
-63,-4,
-2,-7,
9,-14,
19,6,
-13,-15,
-35,-39,
-24,93,
16,-27,
-35,-85,
-7,7,
6,10,
-33,16,
-21,26,
68,-18,
54,8,
41,43,
-11,-19,
39,-55,
27,44,
-4,45,
-6,-47,
55,-26,
46,9,
1,79,
44,55,
73,58,
65,-9,
53,-81,
20,-59,
31,101,
27,12,
14,-26,
2,-46,
16,22,
44,51,
6,46,
39,2,
38,1,
49,-91,
82,-79,
16,-35,
23,85,
8,37,
-43,6,
-18,-5,
-8,15,
32,27,
47,66,
18,-26,
4,-61,
-3,-4,
67,-9,
41,81,
23,59,
37,22,
26,-46,
36,4,
27,-16,
35,-24,
-17,12,
17,21,
-22,24,
41,-29,
92,-8,
42,3,
26,13,
30,23,
11,16,
23,21,
-3,-64,
-40,-61,
-100,-38,
-58,3,
51,61,
25,7,
-66,4,
-56,62,
62,-41,
40,-62,
47,-20,
1,61,
-20,41,
34,38,
5,33,
6,-44,
-37,44,
6,-8,
26,-20,
-16,-75,
-37,-29,
-19,-21,
-46,23,
30,-33,
-28,-30,
44,-24,
47,21,
14,33,
41,-5,
36,34,
12,42,
28,-22,
-5,-52,
-23,87,
1,90,
9,38,
1,4,
27,-32,
-3,-41,
-2,-5,
22,-40,
-53,-101,
-3,-25,
-9,-88,
43,-54,
19,-55,
26,-10,
-55,-49,
17,-20,
-37,-19,
-5,-21,
7,-51,
0,-29,
-12,17,
22,-12,
92,-66,
11,51,
23,25,
48,13,
40,-16,
16,-56,
25,8,
-6,7,
1,19,
61,-25,
8,122,
0,27,
-5,8,
35,11,
18,2,
46,15,
11,-10,
-12,-77,
-3,-50,
24,-56,
67,-15,
17,-35,
-15,-14,
-50,-3,
-5,-38,
19,-60,
11,14,
-5,78,
2,15,
47,27,
14,13,
-20,-34,
-52,7,
-40,33,
38,-7,
-18,-63,
-34,-100,
4,-68,
29,-71,
28,-75,
44,-66,
26,-16,
12,-31,
18,5,
25,17,
-80,30,
-24,74,
14,-33,
19,-53,
-43,-43,
35,-33,
-80,-5,
31,-22,
14,-13,
-9,17,
-8,16,
72,-41,
800,-573,
3492,-1955,
6692,-3329,
7378,-3417,
4447,-2128,
251,-88,
-1123,1096,
-1350,2007,
-2016,3291,
-3564,3440,
-4228,681,
-2749,-1955,
-400,-1855,
245,0,
-151,838,
-719,322,
-1251,-339,
-2027,-405,
-1472,-426,
-549,-154,
32,-212,
66,45,
-295,222,
-344,94,
-115,-102,
206,-83,
272,1,
105,107,
42,163,
-78,133,
110,-34,
256,-207,
319,-29,
85,131,
-51,156,
44,20,
336,-100,
189,-29,
85,17,
-111,-10,
-300,-149,
-308,-217,
-302,-34,
-215,131,
-141,116,
-56,-53,
96,-90,
197,-93,
156,20,
206,139,
210,254,
177,124,
99,-9,
-4,-107,
-12,-282,
67,-438,
-55,-478,
-355,-354,
-501,-103,
-310,-59,
39,19,
49,-12,
-38,112,
-79,162,
-182,177,
-98,111,
-26,61,
-59,26,
-135,9,
-116,19,
-118,82,
-88,27,
-36,7,
154,-26,
241,-112,
253,-180,
114,-238,
32,-94,
-82,47,
-62,255,
-131,309,
-236,289,
-162,179,
-91,139,
-66,148,
-35,71,
-10,-12,
14,42,
-38,155,
-64,86,
-83,3,
-77,24,
-5,45,
51,-2,
123,41,
49,-44,
68,-39,
107,47,
90,41,
22,32,
-100,-29,
-33,-44,
-68,-11,
-50,75,
-54,45,
-21,92,
-81,117,
45,130,
55,96,
29,98,
13,16,
9,-51,
-7,-2,
43,69,
17,108,
70,67,
103,29,
34,21,
31,18,
91,-59,
78,-90,
-5,10,
-52,-4,
-34,6,
-2,-36,
40,-38,
71,-11,
87,29,
123,-78,
97,-25,
24,14,
-14,18,
25,22,
-8,-3,
5,11,
-46,55,
39,33,
149,-24,
68,27,
-1,34,
-12,41,
9,32,
-13,31,
16,-5,
42,87,
-15,-19,
17,8,
4,-20,
-4,-23,
-37,-62,
28,16,
52,-13,
-14,35,
-23,-16,
-39,-23,
-23,12,
28,39,
-25,26,
00>
_________________________________
00>
_________________________________
Sequence Number: 92
00>
00>
Printing STS0 CIR
00>
00>
_________________________________
00>
11,4,
-8,-20,
-47,5,
8,37,
29,-14,
3,-9,
-48,-23,
-33,-30,
29,-53,
8,34,
-7,25,
16,-15,
5,-15,
-29,-1,
60,60,
46,31,
25,-53,
1,10,
-16,39,
-18,47,
66,23,
52,-13,
38,40,
18,72,
-39,0,
-19,-76,
30,-72,
8,-46,
49,-26,
-24,-21,
-5,28,
14,10,
12,-7,
-21,-16,
-19,71,
25,72,
18,-3,
64,-7,
-10,-7,
70,-6,
-7,-7,
39,-55,
18,-65,
31,-41,
140,-25,
-12,56,
-19,51,
-58,7,
-10,-19,
-4,-32,
15,0,
67,-29,
51,-2,
-16,27,
12,-2,
-27,-27,
-58,-8,
-25,-104,
18,-39,
18,-66,
9,21,
-28,42,
11,-16,
-10,-24,
-15,-60,
8,6,
-14,85,
20,-14,
4,4,
-80,-63,
-77,-11,
31,46,
-19,-16,
-13,49,
-17,46,
-10,106,
-1,-5,
-6,-87,
-9,-42,
-18,56,
32,8,
39,-24,
42,9,
-48,11,
-102,-13,
-54,22,
35,18,
28,-9,
8,-44,
-5,10,
-4,94,
10,-11,
49,34,
-73,-28,
-29,17,
22,23,
-19,11,
12,26,
-9,37,
0,-8,
-70,12,
-48,-35,
40,12,
32,27,
13,121,
46,49,
16,-25,
-1,-13,
32,51,
-20,53,
-74,24,
-16,43,
-33,-27,
-36,-34,
-4,-32,
57,-43,
44,-22,
75,-42,
44,-82,
-5,-4,
-6,29,
8,-57,
-3,-55,
8,-14,
39,36,
50,71,
11,3,
-29,10,
-29,12,
-61,2,
-22,-61,
55,-43,
34,19,
29,43,
39,69,
-10,-53,
-21,-103,
-14,-49,
-19,34,
-6,-8,
-18,-26,
-20,-52,
6,35,
13,-19,
3,9,
-23,62,
-26,72,
60,0,
62,30,
-27,25,
-19,35,
-10,-102,
54,-46,
17,-50,
18,18,
31,-5,
-82,-88,
-24,-36,
-42,44,
-18,55,
-60,38,
1,3,
13,4,
9,46,
-25,6,
-41,-77,
5,-68,
30,32,
-8,89,
-16,19,
8,20,
-56,132,
-19,47,
-56,-25,
-43,-73,
-18,-15,
17,11,
-32,41,
15,3,
54,35,
75,18,
51,30,
43,-12,
39,23,
-8,43,
-46,-30,
11,8,
13,2,
18,26,
-7,-11,
4,33,
-44,-10,
1,-119,
18,-7,
20,11,
47,80,
39,14,
49,-1,
-7,-9,
-3,-7,
2,-44,
11,44,
3,48,
5,30,
43,11,
-121,-37,
-58,-39,
-29,-23,
11,13,
-28,18,
-91,-15,
13,-12,
-41,-20,
-52,-66,
-14,6,
-33,76,
52,19,
9,-47,
34,-46,
2,22,
32,-8,
8,5,
33,-40,
49,-20,
46,-12,
23,7,
-15,23,
92,6,
-4,29,
47,27,
-25,-15,
-58,22,
19,-10,
87,-4,
26,-8,
24,36,
31,45,
34,27,
73,31,
-26,0,
-20,45,
-16,41,
4,66,
-21,14,
-111,-14,
-74,-22,
40,-64,
32,33,
39,66,
28,83,
22,66,
30,62,
-9,53,
53,0,
-5,-15,
-28,-76,
1,12,
19,12,
2,21,
-32,-17,
-20,-3,
-25,-37,
44,-48,
8,-37,
13,52,
-39,11,
-7,46,
-11,8,
-29,-6,
14,-33,
-9,1,
-7,24,
0,39,
29,-39,
17,-23,
-33,38,
-48,15,
-2,-12,
22,-50,
43,-88,
32,-57,
-8,17,
-2,-5,
-28,25,
33,13,
-8,-45,
60,-9,
-27,-11,
2,-10,
-22,-32,
-3,26,
49,0,
-37,-12,
-8,-40,
7,4,
23,73,
-31,78,
-48,36,
-7,71,
-12,86,
11,-50,
54,-39,
26,0,
35,27,
13,15,
20,36,
2,7,
-52,12,
-4,-36,
21,-40,
52,-3,
13,34,
-7,5,
-26,16,
-19,-38,
-4,-3,
15,-17,
41,-33,
-38,9,
-2,16,
-16,14,
-10,8,
-8,7,
-28,-50,
0,-1,
-52,-3,
-13,-17,
-4,-69,
29,-30,
5,-17,
-7,28,
18,-37,
-31,-2,
-33,-1,
-3,-33,
14,-19,
-4,39,
-24,23,
39,-7,
67,57,
-36,15,
19,-7,
-11,-48,
52,25,
22,-5,
-9,57,
-9,65,
-36,91,
-56,41,
-22,-41,
18,-78,
-44,-25,
-56,65,
41,266,
195,2250,
255,6369,
51,7948,
-1106,7156,
-1017,932,
-79,-2720,
2054,-2678,
6937,-1102,
7982,-357,
7917,306,
3565,269,
-2164,-1149,
-3721,-1595,
-1189,-411,
179,-56,
281,-696,
55,-1888,
-384,-1524,
-476,-299,
-506,-33,
-617,351,
-513,187,
-459,-51,
-648,-188,
-70,-184,
-77,-216,
-331,-63,
46,476,
145,670,
26,285,
1,-17,
-13,-197,
41,-290,
105,-24,
58,7,
-71,-120,
-144,-299,
-271,-378,
-215,-425,
-208,-443,
64,-344,
74,-346,
-282,-310,
-154,-200,
-102,-159,
81,-138,
92,-78,
-22,-21,
-161,-17,
-192,-166,
-6,-92,
183,-100,
279,-109,
292,-88,
255,-163,
125,-153,
59,-228,
64,-281,
-142,-230,
-198,-207,
-257,-152,
-133,-68,
-53,-1,
-72,-7,
-136,75,
-225,-16,
-210,-41,
-266,16,
-277,153,
-194,270,
-64,269,
34,72,
3,-105,
18,-106,
128,1,
117,111,
90,115,
-232,79,
-300,131,
-274,112,
-180,-106,
-211,-127,
-225,-83,
-137,-89,
57,-95,
74,-117,
-14,-109,
-129,-13,
0,78,
-9,74,
33,54,
-86,-43,
-112,-56,
-23,-79,
39,-84,
88,1,
104,85,
63,-3,
-14,-29,
34,-99,
72,-8,
-38,-17,
-17,-82,
-16,-235,
23,-97,
55,-106,
38,-3,
-66,1,
-38,-27,
-61,-62,
-62,-61,
-79,-107,
-82,-41,
-115,-77,
-125,-38,
-87,-15,
13,-14,
14,-69,
-31,5,
-35,111,
-69,135,
-37,73,
-69,-75,
-23,-68,
41,-65,
47,-7,
19,115,
-60,20,
-49,31,
-6,7,
-54,-20,
-56,-58,
-36,-38,
38,12,
-10,-16,
-81,45,
-31,78,
-56,130,
-97,54,
-52,39,
-35,17,
0,29,
-23,-48,
11,-23,
59,-51,
26,-99,
2,-19,
-74,-74,
-68,-105,
19,-70,
62,23,
-19,10,
-27,15,
-38,56,
-53,-7,
9,-110,
-8,-117,
-22,-97,
00>
_________________________________
00>
00>
Printing STS1 CIR
00>
00>
_________________________________
00>
-30,-20,
24,0,
10,58,
34,4,
17,-15,
-50,-29,
-75,-44,
-5,-13,
4,33,
14,-28,
11,-27,
24,1,
-15,-83,
-31,-73,
-53,-67,
20,-27,
17,25,
35,27,
12,33,
45,70,
32,30,
34,42,
-20,-19,
-47,12,
-39,65,
-39,128,
57,58,
115,55,
67,18,
2,10,
33,-11,
5,-23,
12,-16,
19,-23,
-1,-1,
-16,55,
15,-5,
18,24,
113,9,
80,40,
73,-22,
2,40,
86,-10,
43,29,
-5,3,
-39,25,
-20,-18,
17,-50,
0,-50,
6,7,
10,0,
38,6,
19,23,
26,63,
18,-12,
18,-59,
-7,-9,
-12,-6,
-6,0,
52,-19,
10,38,
-52,83,
-33,27,
-20,20,
11,61,
-18,-26,
-1,14,
29,-28,
39,-7,
-18,-80,
4,4,
-10,2,
-34,35,
-17,-27,
-22,-19,
-39,-53,
-67,-34,
17,-42,
32,-42,
26,-65,
-5,25,
22,7,
27,36,
-18,50,
-13,29,
-35,10,
-36,14,
-19,61,
53,2,
94,47,
6,9,
1,-15,
-22,-23,
-20,-46,
-35,-21,
23,13,
28,23,
39,-34,
53,32,
41,30,
-38,23,
-40,-25,
-31,-27,
56,-21,
10,-43,
29,13,
4,53,
-29,36,
-42,28,
12,12,
3,52,
-50,18,
-43,48,
-2,34,
5,54,
65,-76,
72,20,
40,20,
-28,-9,
5,-81,
-26,-31,
-54,-24,
31,-3,
83,-25,
52,-69,
33,26,
-71,12,
-50,29,
-44,-6,
-52,-17,
-14,-19,
25,27,
-25,-15,
35,-88,
28,-14,
-16,5,
-6,4,
-21,-12,
-2,-27,
30,6,
94,-38,
21,-51,
13,-40,
9,-72,
-50,-10,
-17,46,
16,22,
-1,30,
36,8,
26,20,
-18,39,
-51,19,
15,34,
-39,24,
-4,27,
25,24,
-32,12,
49,-19,
4,17,
5,39,
-15,24,
30,-14,
51,-6,
14,8,
-43,-11,
-24,26,
-10,41,
-17,78,
-69,55,
13,-8,
-14,6,
14,26,
39,86,
10,56,
6,69,
-42,-12,
-39,3,
-45,20,
-8,15,
-21,-84,
-50,-51,
-36,-45,
29,72,
68,15,
0,37,
16,-53,
22,17,
46,-28,
-39,-12,
-48,42,
-6,55,
-59,-42,
-22,-12,
-29,-30,
9,-15,
-13,-55,
-84,-29,
-36,-46,
21,5,
-9,-11,
-7,24,
-74,-27,
0,-7,
18,-29,
25,-36,
-51,-28,
-13,-45,
-32,-22,
22,45,
-3,-20,
-11,-53,
-10,-57,
-9,-14,
-41,72,
20,2,
-19,21,
50,66,
5,46,
-54,38,
13,47,
-5,28,
3,39,
-13,-43,
6,-29,
33,44,
-1,26,
-12,-38,
-51,-52,
10,24,
62,9,
50,1,
-7,-1,
2,-14,
34,65,
107,70,
62,25,
33,15,
10,72,
15,28,
2,5,
-20,-29,
0,-12,
12,35,
-33,23,
-6,1,
-25,-21,
-28,-11,
-40,13,
-2,-35,
30,50,
-20,63,
2,70,
-23,33,
50,-28,
33,17,
25,-26,
-44,11,
1,-68,
33,17,
69,6,
-14,6,
-32,-18,
-29,20,
-43,80,
-37,65,
-46,19,
18,35,
53,91,
72,59,
-21,-34,
-46,-64,
-33,19,
-18,7,
10,-17,
16,-28,
-62,-45,
-121,11,
-86,11,
-41,-8,
21,-6,
-23,-41,
-22,-54,
-19,11,
-22,-13,
-4,-30,
-34,-44,
-4,-63,
-1,7,
-13,-55,
52,-20,
27,61,
58,49,
7,34,
-75,19,
43,-56,
41,-1,
15,-9,
1,11,
4,-24,
7,27,
15,35,
-53,72,
3,2,
13,1,
12,19,
-61,48,
-2,-76,
-66,-11,
-20,3,
27,67,
1,-19,
-7,-20,
-44,23,
-12,89,
17,54,
-64,16,
-91,53,
47,12,
-2,34,
6,-34,
15,4,
17,-14,
32,8,
-21,34,
-87,-4,
-2,-38,
4,-35,
-39,11,
-38,-12,
-73,-73,
45,-46,
-27,-25,
7,44,
-100,64,
-65,8,
29,-32,
-24,8,
14,-1,
2,12,
7,37,
-35,-32,
-61,39,
-43,6,
-50,-3,
-37,8,
-5,32,
18,-9,
16,-31,
20,-13,
-2,-42,
6,-70,
23,1,
26,37,
-43,295,
-421,1832,
-1812,5218,
-3096,6532,
-3306,4906,
-1212,74,
65,-1728,
-192,83,
-2038,3777,
-4250,5786,
-5011,5805,
-4361,5545,
-2501,4288,
-771,1718,
37,-95,
341,-931,
597,-975,
1137,-1133,
1376,-1050,
783,-248,
276,-288,
-42,-26,
90,-304,
355,-577,
567,-690,
391,79,
362,291,
252,322,
206,150,
89,-202,
128,-404,
414,-658,
628,-510,
654,-197,
448,-2,
112,-73,
-38,-457,
2,-481,
61,-375,
121,-175,
261,-141,
299,-18,
207,-62,
51,-236,
-100,-381,
46,-471,
155,-369,
228,-227,
66,-64,
-106,-97,
-164,-118,
-78,-85,
42,-200,
210,-204,
190,-112,
236,-127,
266,-187,
75,-79,
-149,-156,
-226,-173,
-109,-127,
51,-150,
129,-177,
220,-226,
246,-257,
188,-246,
98,-232,
46,-145,
48,-230,
9,-146,
-40,-3,
48,141,
26,206,
16,101,
22,-9,
59,-16,
160,20,
120,25,
63,-52,
-59,-147,
58,-195,
162,-178,
193,-87,
87,27,
-46,-39,
-59,-151,
29,-177,
24,-151,
-3,-348,
-31,-177,
64,-60,
149,-11,
169,-50,
69,-57,
69,-59,
101,-133,
96,-163,
99,-270,
12,-206,
-13,-91,
17,-85,
-40,-101,
10,-50,
55,-66,
72,-110,
86,-51,
87,-36,
93,-60,
119,-163,
10,-144,
-18,-119,
13,-54,
21,-38,
2,-61,
-7,-45,
-27,-71,
-5,-133,
-25,-44,
-32,-120,
20,-47,
33,-26,
153,115,
111,37,
50,-88,
34,-74,
64,-65,
42,-89,
56,-53,
84,-44,
71,-40,
83,24,
8,-39,
4,-144,
73,-89,
62,-83,
34,-91,
12,-104,
32,-14,
72,35,
90,18,
57,-91,
116,-41,
78,-13,
30,-84,
-21,-103,
-10,-108,
84,-85,
20,-45,
8,-188,
9,-122,
13,-88,
22,-80,
68,-58,
71,-29,
36,-33,
-63,-85,
-20,-105,
65,-103,
71,-22,
00>
_________________________________
00>
RX Timestamp: 668565851173
00>
Clock Offset: 427.723 Hz, -0.054 ppm
00>
RX Timestamp: 669637539843
00>
Clock Offset: 1424.503 Hz, -0.178 ppm
00>
_________________________________
Sequence Number: 225
00>
00>
Printing STS0 CIR
00>
00>
_________________________________
00>
-10,-52,
15,34,
-8,-26,
-20,-9,
3,25,
1,15,
4,-6,
-53,4,
-113,18,
-78,-10,
-16,30,
6,7,
9,-12,
-57,-59,
-39,-98,
-19,-70,
-15,29,
24,17,
-63,-16,
-24,24,
27,-9,
70,-91,
21,33,
-42,-39,
46,60,
47,18,
-6,41,
-55,29,
-1,-1,
47,6,
39,-60,
-12,-14,
-66,7,
-30,-9,
-47,1,
7,20,
16,57,
51,-31,
13,-53,
-23,-31,
-20,49,
42,77,
45,38,
55,65,
73,-33,
-39,0,
7,-9,
-42,11,
-2,37,
-62,8,
-12,45,
34,91,
56,17,
17,-1,
10,-37,
62,-63,
22,-66,
-64,5,
-33,-3,
-11,-23,
24,-48,
24,-37,
52,-13,
28,9,
-84,55,
-47,12,
-9,-35,
44,10,
46,13,
37,-18,
-42,46,
-56,78,
-20,52,
-7,-31,
31,9,
-31,-7,
12,1,
12,17,
-3,5,
12,-49,
-53,-20,
-4,-2,
-26,33,
-3,-19,
-61,-10,
-14,-27,
-3,3,
-10,32,
16,38,
67,-8,
73,-61,
62,-44,
-3,27,
20,-28,
41,-59,
13,-68,
-7,36,
-29,84,
-36,-20,
3,-23,
-30,0,
4,7,
-6,-53,
7,-39,
67,-15,
78,37,
48,-13,
-21,-20,
-13,-50,
11,-31,
-7,7,
-34,22,
30,-13,
20,-1,
-38,-3,
-3,-27,
-3,4,
14,52,
-14,-6,
-41,-77,
-29,-21,
-40,67,
-80,95,
48,35,
1,31,
84,66,
38,95,
105,6,
49,-20,
35,9,
26,48,
43,31,
68,0,
11,-17,
-82,53,
-69,39,
-1,-2,
79,-3,
-35,29,
-45,20,
-9,-28,
-46,-12,
-3,-24,
39,98,
39,75,
0,-47,
-20,-47,
75,17,
89,45,
29,48,
49,-24,
21,-43,
85,-91,
-22,-105,
0,-121,
37,-45,
63,-70,
-31,-58,
29,-5,
109,20,
-2,26,
-18,17,
-91,-28,
-78,-26,
4,-18,
9,-17,
63,-63,
51,-42,
-24,16,
22,-58,
40,-53,
-57,-51,
25,19,
39,-22,
34,-4,
56,36,
-73,9,
-54,-44,
21,-45,
85,-6,
-28,44,
-56,14,
-8,-41,
60,-9,
65,4,
17,22,
-9,38,
72,98,
29,56,
-4,59,
-17,-22,
-13,-55,
44,-124,
42,-34,
3,18,
17,-11,
38,-15,
44,-74,
22,-35,
94,-19,
98,-21,
78,-23,
-17,-21,
-49,-9,
-33,-44,
8,21,
-24,45,
-1,23,
-9,-17,
67,-40,
-9,27,
4,7,
-4,14,
18,23,
104,-14,
36,-36,
35,-38,
-39,39,
29,89,
90,-4,
57,16,
3,50,
-12,14,
26,-80,
-33,-33,
2,-93,
19,-29,
-40,-13,
-68,67,
-62,87,
52,8,
123,32,
58,12,
47,7,
-26,-31,
-20,16,
49,-49,
55,-61,
11,49,
49,-39,
30,2,
-14,-37,
-11,-23,
-45,-11,
-2,20,
3,-6,
31,-10,
124,-57,
110,-109,
85,-29,
70,-44,
82,-11,
19,-14,
-37,10,
-67,9,
-57,36,
3,33,
-8,36,
20,-11,
-31,-4,
-22,-23,
18,3,
-52,13,
18,-17,
-5,40,
-25,57,
-4,56,
19,-10,
-52,73,
25,-12,
10,73,
25,27,
48,-15,
38,-1,
22,-22,
-10,22,
16,6,
-7,-15,
-22,-32,
20,5,
4,-83,
47,-44,
46,-77,
124,-70,
77,-32,
5,3,
53,82,
27,13,
1,56,
7,34,
91,-46,
14,-67,
5,-36,
31,2,
22,-59,
52,-3,
34,3,
61,37,
49,73,
8,-18,
-13,18,
26,14,
33,-25,
15,40,
2,6,
57,-32,
-13,11,
63,-21,
21,14,
-24,-9,
-20,19,
63,19,
128,22,
86,-26,
65,-7,
28,-25,
57,-58,
98,-48,
41,55,
-28,30,
-23,22,
24,-41,
76,10,
93,-28,
57,14,
69,19,
9,29,
8,10,
55,-16,
-45,-6,
24,10,
-5,2,
12,-7,
-45,58,
-22,44,
18,16,
47,-18,
33,-18,
-17,114,
-49,60,
12,40,
-3,29,
-32,17,
-64,77,
15,11,
17,31,
-26,-18,
15,-27,
-14,33,
9,43,
-164,133,
-1002,108,
-3239,-26,
-5337,-292,
-4628,-271,
-1130,42,
1324,111,
897,-193,
-1293,-1155,
-3456,-3000,
-4033,-4249,
-3716,-3988,
-2638,-2473,
-1064,-887,
179,-101,
820,295,
815,564,
834,817,
1268,1020,
1182,572,
726,-164,
256,-460,
227,-327,
535,-222,
645,-17,
535,315,
384,432,
333,406,
290,255,
212,30,
172,32,
102,103,
33,216,
-21,132,
-24,109,
57,134,
219,80,
253,-64,
89,-48,
-52,-120,
-269,-132,
-343,69,
-196,287,
74,390,
245,409,
223,254,
62,99,
106,-93,
146,-202,
140,-278,
217,-218,
219,-48,
70,102,
-13,119,
-29,61,
-52,129,
-32,157,
-85,217,
-115,166,
-64,157,
25,133,
196,165,
154,137,
251,133,
232,110,
215,78,
122,-3,
62,7,
95,-21,
127,-64,
6,51,
-89,115,
-75,124,
57,113,
90,37,
0,181,
-123,286,
-184,158,
-64,64,
169,-76,
278,-20,
204,-38,
196,-22,
165,28,
189,80,
72,131,
112,91,
124,-39,
152,-55,
218,-61,
149,29,
-14,93,
21,112,
51,50,
62,-21,
81,-33,
59,-1,
143,18,
95,-44,
118,-20,
79,143,
81,135,
84,66,
144,25,
99,-11,
133,56,
37,72,
49,-53,
45,-118,
106,-18,
50,-14,
103,119,
119,61,
37,-68,
66,-161,
55,-135,
48,27,
36,9,
105,64,
115,8,
114,-7,
88,12,
158,-65,
183,11,
175,61,
72,53,
94,-1,
21,17,
25,63,
-12,72,
32,-41,
115,-38,
79,5,
23,-35,
43,-2,
37,55,
68,88,
101,126,
102,65,
126,29,
51,30,
98,22,
27,58,
45,77,
-10,29,
40,55,
54,4,
59,16,
129,-30,
-9,37,
-1,62,
47,1,
105,26,
128,51,
72,75,
23,11,
82,41,
112,-13,
83,32,
8,61,
36,102,
49,27,
00>
_________________________________
00>
00>
Printing STS1 CIR
00>
00>
_________________________________
00>
-2,-4,
-25,-55,
12,2,
-53,-42,
91,-89,
31,-54,
56,58,
-39,46,
17,10,
-3,49,
-68,19,
23,38,
53,90,
6,11,
-40,6,
-29,-44,
21,-29,
11,-24,
2,-18,
-13,-28,
-22,55,
37,53,
-19,29,
-63,44,
0,37,
-4,-29,
13,-30,
-8,-4,
-38,34,
-33,26,
45,5,
-46,16,
-70,-35,
-7,-71,
32,-22,
22,-35,
21,-25,
64,-1,
55,69,
-34,59,
-36,-54,
-158,-25,
-82,25,
-39,88,
74,-14,
121,-11,
38,0,
45,-28,
-1,-19,
1,-94,
31,-49,
1,-30,
-50,-1,
-44,-54,
-16,20,
-85,33,
-22,53,
3,18,
1,-27,
49,34,
44,22,
-1,58,
34,13,
2,-3,
-26,24,
-122,-12,
-70,31,
-8,9,
73,-43,
-4,-14,
-6,33,
-9,53,
15,45,
-17,-35,
-30,-29,
-8,31,
-23,6,
-20,38,
-18,-74,
35,-30,
43,31,
17,-25,
48,-83,
101,-22,
26,61,
-13,11,
-39,2,
-39,-37,
-73,-8,
-90,127,
-46,0,
-18,6,
-13,-23,
-82,-13,
-32,-26,
-15,1,
53,-23,
35,-86,
25,-52,
13,75,
49,14,
-54,-82,
-39,-50,
42,8,
54,65,
0,-16,
113,-5,
29,-55,
4,55,
-4,36,
58,-26,
32,25,
43,-49,
39,-47,
-6,21,
-45,-12,
8,-36,
-8,-4,
-40,-70,
-4,-37,
-21,-41,
14,37,
10,60,
61,45,
42,-36,
8,-1,
-13,23,
32,4,
42,-66,
12,-18,
-12,-10,
-7,76,
-34,81,
18,21,
74,-48,
72,-44,
97,-29,
69,40,
-92,88,
-39,-7,
-30,-7,
62,-53,
20,12,
19,62,
-50,121,
-74,60,
57,22,
89,-31,
-15,-60,
40,6,
45,-20,
-35,21,
51,-6,
-4,26,
-58,30,
-53,46,
-7,-23,
103,-100,
82,-34,
-22,15,
86,38,
52,26,
78,26,
2,3,
-43,70,
-20,24,
-14,-22,
71,52,
37,107,
-19,38,
-24,65,
-32,14,
7,-26,
2,-39,
-42,8,
-61,55,
0,67,
-14,75,
16,-21,
77,-11,
57,1,
-64,33,
-49,35,
38,46,
41,2,
-53,-39,
-126,12,
-21,16,
59,-5,
-16,36,
-134,74,
-22,0,
-23,10,
-42,91,
-138,85,
-111,6,
-40,-5,
59,17,
45,31,
-8,31,
63,-73,
33,-22,
50,40,
9,58,
19,9,
-16,26,
-5,20,
-30,-15,
17,-56,
73,-89,
57,-56,
30,-29,
3,-29,
11,-32,
20,-26,
-28,14,
-60,0,
-29,18,
30,-42,
62,18,
63,-3,
78,32,
54,-14,
32,-62,
27,-65,
32,-40,
14,12,
39,-57,
67,22,
5,-18,
0,-26,
7,14,
-83,52,
-52,71,
-51,10,
-37,13,
15,-37,
83,-51,
9,-17,
-35,-12,
-48,-37,
-60,-32,
-1,-2,
50,27,
73,-7,
35,37,
18,33,
49,-14,
65,-3,
37,-35,
-53,-52,
58,-51,
-18,-14,
-32,37,
-64,75,
26,-47,
64,-22,
-41,61,
2,56,
67,56,
32,20,
51,46,
-58,8,
-6,-3,
-23,31,
13,-4,
39,-17,
-48,-6,
-11,59,
-8,19,
56,-24,
109,9,
11,-20,
66,16,
21,35,
33,-7,
20,7,
-2,-35,
25,2,
22,-5,
-22,-100,
-45,-75,
-19,-3,
22,-23,
5,-2,
-30,-6,
-38,-1,
-22,110,
52,103,
64,22,
22,24,
-47,-25,
59,-24,
13,-16,
-40,62,
-3,27,
19,15,
33,26,
59,22,
-9,-8,
-42,23,
-37,40,
-21,33,
96,29,
14,-66,
-25,-88,
-35,16,
18,-29,
56,-53,
100,-68,
18,-39,
1,6,
-18,9,
-28,29,
7,15,
-1,18,
19,-29,
62,47,
44,-53,
27,23,
31,-2,
75,74,
-41,-17,
5,-5,
58,-1,
78,-5,
11,11,
-34,67,
-58,20,
17,10,
30,-92,
57,-44,
75,7,
4,33,
0,2,
-2,-1,
32,19,
82,-63,
41,-58,
-31,23,
-47,55,
11,81,
-16,15,
18,-13,
-15,42,
33,63,
56,-5,
72,-25,
52,-7,
72,29,
-42,-30,
-680,-269,
-2592,-1112,
-4853,-2108,
-5171,-2168,
-2695,-818,
113,85,
1633,83,
2256,-263,
3059,-115,
3196,951,
1749,2156,
-182,2381,
-720,1130,
-86,-257,
472,-426,
305,242,
138,836,
586,1181,
715,932,
436,305,
113,-130,
108,-130,
256,54,
203,169,
-11,28,
-76,-60,
-82,-98,
-8,-12,
79,-43,
167,-92,
83,-86,
-138,-30,
-135,-34,
-24,-38,
115,73,
105,-16,
-30,-70,
-54,-41,
-14,31,
-20,98,
-51,193,
-55,241,
38,102,
182,64,
217,-6,
59,81,
-127,-11,
-189,-121,
-137,-229,
-124,-320,
-86,-195,
-83,-137,
-152,-33,
-180,69,
-263,28,
-306,25,
-109,163,
120,333,
172,284,
41,164,
-44,11,
-37,-72,
71,-1,
186,5,
147,59,
120,24,
93,-49,
166,1,
91,79,
61,112,
37,81,
135,14,
68,-52,
-64,-60,
-61,-38,
-87,24,
-82,-5,
-32,-69,
92,-48,
143,-23,
225,57,
218,93,
183,72,
145,16,
107,55,
66,8,
117,-26,
86,-92,
139,6,
171,-2,
99,36,
36,13,
-31,49,
3,-46,
41,-69,
16,-59,
9,-64,
-3,-63,
-2,34,
26,69,
10,23,
1,31,
5,79,
-5,49,
-32,-4,
-4,-18,
-27,-45,
104,-65,
95,-74,
46,-39,
-27,-71,
-29,-42,
-6,-51,
1,-56,
75,-48,
116,-6,
21,47,
81,16,
46,-24,
-4,-59,
-27,-78,
3,9,
67,59,
86,66,
17,39,
-16,-23,
38,-106,
-49,-61,
-50,67,
10,46,
31,0,
50,-11,
74,-76,
46,-16,
43,8,
-28,71,
20,-42,
25,-24,
26,48,
-54,37,
-14,23,
44,0,
35,-22,
24,14,
-26,25,
1,47,
60,25,
-3,89,
29,122,
84,76,
75,16,
13,-5,
34,-5,
68,-53,
79,-27,
72,4,
2,-5,
19,-46,
36,-87,
-50,-27,
-40,50,
00>
_________________________________
00>
_________________________________
Sequence Number: 228
00>
00>
Printing STS0 CIR
00>
00>
_________________________________
00>
47,-1,
-11,-14,
54,-3,
80,-8,
17,-13,
22,23,
76,-50,
65,-79,
79,-32,
30,5,
-34,-26,
5,-70,
27,-4,
-53,84,
36,-13,
22,3,
-38,12,
-5,22,
-16,27,
12,-2,
-7,36,
-9,-4,
-6,3,
-21,-29,
89,-12,
61,57,
-7,11,
-1,-42,
-31,-37,
37,0,
59,-35,
43,-42,
45,-42,
15,15,
-36,47,
-51,8,
-15,-17,
1,-32,
-4,-29,
31,-33,
-11,24,
54,52,
61,-45,
48,8,
-25,-10,
26,31,
-30,-18,
32,-46,
36,8,
57,-15,
3,13,
-4,32,
29,-37,
10,32,
-19,96,
-19,128,
22,3,
0,20,
53,52,
72,4,
5,0,
5,13,
-24,63,
15,-63,
45,-32,
47,-33,
-35,-49,
-119,38,
-28,-9,
-10,-38,
38,27,
-13,54,
33,61,
60,18,
42,-13,
-12,-11,
28,-20,
-14,25,
4,49,
16,-27,
-23,-19,
56,20,
15,64,
-34,40,
13,-36,
-20,5,
57,16,
29,37,
41,-62,
3,-8,
19,25,
-65,22,
-11,-33,
-35,11,
-47,58,
-10,48,
15,44,
-86,-30,
-14,16,
-43,62,
2,43,
-6,4,
-26,-11,
-30,9,
27,51,
72,0,
95,31,
18,-17,
-100,19,
-75,33,
55,-5,
25,-63,
67,-46,
52,-69,
-11,-55,
-5,9,
-41,56,
-45,50,
-29,-13,
-23,13,
-55,-67,
-26,-30,
15,-26,
15,21,
-18,-18,
13,2,
-86,83,
-31,75,
-6,49,
70,25,
17,20,
-35,27,
-11,2,
-21,-3,
-47,-21,
-10,27,
22,62,
-15,-17,
65,-29,
44,-45,
24,21,
-46,1,
37,9,
18,-49,
18,-79,
-5,-82,
-53,-31,
-43,97,
-29,9,
3,26,
-10,-3,
8,9,
-52,-7,
-50,-49,
-30,-66,
8,-11,
46,23,
31,41,
-2,95,
-63,141,
-75,127,
58,55,
-2,-72,
-4,-30,
-18,-16,
13,7,
0,20,
-21,53,
-75,-33,
-89,-34,
-80,-33,
-41,-24,
34,23,
22,-7,
-23,80,
-6,25,
-19,57,
121,46,
82,28,
32,-9,
-23,-15,
-29,32,
-60,45,
14,59,
63,-23,
40,9,
21,30,
17,29,
7,32,
39,-61,
21,-22,
2,-7,
-11,-46,
32,-39,
82,-29,
9,-19,
30,4,
-19,21,
1,49,
-60,47,
-65,43,
-10,9,
-33,59,
23,53,
47,-4,
-33,36,
9,35,
-13,69,
-9,81,
5,-19,
3,10,
40,-19,
39,-1,
14,28,
-45,42,
-38,58,
-25,-20,
66,6,
44,9,
-2,-11,
-59,-11,
-46,-24,
54,-31,
11,-47,
-2,6,
-76,-15,
15,-74,
-23,-65,
19,-57,
-13,-26,
-11,38,
0,25,
20,61,
29,46,
51,47,
37,26,
5,3,
15,20,
95,6,
37,-45,
43,-26,
-87,-30,
-61,14,
-25,59,
53,72,
6,12,
-12,-13,
-1,-40,
-71,16,
-116,-38,
-56,-30,
-1,-14,
34,-6,
2,51,
-45,142,
-18,81,
-31,145,
14,58,
50,25,
-62,-7,
9,12,
-46,10,
-2,-20,
-14,-19,
38,40,
-17,9,
-41,-3,
9,41,
21,12,
8,115,
1,17,
12,-20,
-3,12,
-48,-42,
43,-3,
7,30,
-49,30,
-12,29,
-2,-17,
25,-12,
-47,-21,
-61,10,
-3,1,
-1,39,
13,20,
-24,40,
-85,69,
-22,87,
1,30,
2,-3,
19,-71,
21,-21,
7,-3,
68,35,
68,1,
73,8,
-3,53,
-9,9,
-34,7,
17,-31,
12,17,
28,64,
-31,28,
-21,41,
-38,68,
-66,31,
-140,56,
-32,68,
-16,40,
24,36,
-3,11,
-31,-65,
15,-33,
22,18,
-14,-27,
6,-33,
18,-34,
36,-42,
52,-73,
2,-11,
49,-7,
39,13,
59,82,
-47,54,
-19,-32,
-24,-49,
5,-13,
-4,-24,
24,18,
11,-10,
31,-74,
-1,26,
1,-21,
-35,-33,
-51,6,
-12,43,
21,18,
61,19,
-53,0,
-20,-1,
-31,4,
46,25,
63,-7,
-49,-6,
-43,-20,
-42,5,
39,-21,
59,-5,
-30,31,
-41,4,
-9,62,
-5,31,
-9,9,
12,0,
19,4,
59,52,
30,32,
-25,-53,
-78,-448,
250,-2909,
1084,-6651,
1865,-7518,
2498,-5801,
915,241,
-636,2732,
-2780,1460,
-6907,-991,
-7631,-1904,
-7360,-2122,
-1764,10,
2459,2090,
3056,1969,
736,399,
-172,127,
-290,896,
-326,2100,
14,1035,
174,196,
415,-113,
538,-206,
435,5,
562,212,
436,425,
-71,373,
47,348,
147,11,
-6,-538,
-92,-556,
-58,-214,
-58,107,
-4,226,
-34,41,
-80,-8,
-77,-2,
107,239,
161,341,
235,398,
380,450,
173,528,
-105,429,
-23,402,
198,236,
193,132,
79,213,
-66,191,
-58,91,
8,-14,
0,161,
-56,137,
-206,52,
-309,175,
-283,172,
-292,155,
-333,52,
-179,128,
-74,165,
-88,209,
-56,122,
112,192,
183,143,
61,77,
48,-2,
103,-81,
171,-49,
189,80,
148,42,
244,35,
254,-101,
282,-213,
131,-122,
-79,59,
-52,210,
-34,153,
-170,-49,
-171,-174,
53,-126,
256,-89,
359,-65,
311,-23,
161,129,
102,233,
139,89,
9,121,
-77,18,
-120,61,
-13,111,
33,-39,
92,-163,
45,-106,
17,-73,
96,52,
92,129,
-60,135,
-84,48,
-85,17,
-18,-92,
2,-63,
116,64,
42,127,
-3,119,
-52,143,
0,85,
-18,120,
-23,100,
-41,73,
87,73,
124,90,
95,89,
64,51,
35,62,
18,61,
62,101,
56,62,
-21,-7,
-36,40,
6,-49,
48,20,
37,5,
82,48,
28,13,
12,30,
107,76,
67,25,
48,-56,
57,-27,
63,-37,
92,-27,
65,-93,
53,5,
-6,0,
22,51,
61,35,
92,-10,
58,19,
107,-55,
17,-17,
6,-42,
-20,-64,
77,10,
170,46,
118,40,
62,28,
54,45,
-38,99,
36,99,
42,47,
55,56,
38,31,
68,16,
0,19,
71,-40,
60,-103,
00>
_________________________________
00>
00>
Printing STS1 CIR
00>
00>
_________________________________
00>
38,-24,
6,14,
-7,-36,
8,42,
34,45,
-15,47,
-12,-33,
-11,-79,
-11,-48,
9,9,
31,-49,
28,1,
-18,5,
-15,84,
-23,1,
4,-15,
7,-28,
-21,-2,
-12,6,
-3,17,
11,68,
8,41,
-1,11,
-16,29,
56,39,
59,44,
97,56,
4,24,
-23,66,
0,-47,
-18,41,
-48,111,
-28,62,
-11,57,
-80,87,
-15,7,
13,28,
-15,17,
-51,-15,
-81,13,
-23,23,
-15,13,
-12,-8,
-9,16,
3,38,
-1,-2,
-56,-45,
-18,22,
-26,4,
-32,-3,
47,98,
20,90,
16,16,
-5,-38,
-41,-57,
46,-28,
42,35,
-12,-19,
-12,3,
-21,66,
0,15,
-30,-1,
-23,13,
-30,83,
-30,113,
-50,79,
74,-28,
65,-50,
14,-7,
-32,20,
-44,21,
12,-3,
-9,-48,
5,20,
24,44,
-16,15,
12,-57,
8,-43,
-68,113,
-9,15,
2,1,
-8,-17,
25,-37,
-40,45,
-39,39,
-22,98,
13,-7,
15,-90,
-31,23,
54,75,
17,162,
-75,33,
-19,34,
-52,28,
-44,-40,
-24,-34,
-13,-12,
30,-24,
35,18,
37,21,
1,29,
63,34,
12,-14,
-42,-2,
-30,90,
51,64,
76,55,
40,70,
-5,60,
-29,5,
-13,-33,
-13,-36,
-44,2,
-64,17,
-35,0,
-2,5,
2,-44,
23,14,
4,24,
-14,-35,
-96,3,
-46,69,
25,26,
106,6,
42,-35,
-25,9,
-58,57,
13,23,
-55,17,
-24,32,
-22,-31,
1,22,
-24,31,
-25,91,
-9,78,
-54,19,
-58,40,
-90,-10,
-98,-2,
-2,39,
32,5,
-2,-7,
-30,-25,
-45,-44,
-35,41,
-12,-55,
-31,-58,
-19,-22,
-50,30,
-9,-2,
7,-37,
-15,15,
47,13,
65,27,
-8,30,
14,42,
2,-15,
28,35,
20,71,
41,-10,
-8,-66,
-101,-22,
-35,70,
-17,4,
19,27,
-16,52,
-28,33,
-2,26,
60,16,
70,43,
-44,133,
-14,29,
27,-5,
39,12,
15,26,
11,30,
13,-2,
2,1,
89,48,
12,10,
-16,60,
19,74,
64,-11,
90,-19,
49,-22,
77,34,
55,42,
6,61,
74,43,
17,86,
-21,39,
61,45,
-26,93,
-40,21,
-25,-8,
-1,26,
12,35,
-21,53,
-21,-6,
-58,3,
-11,-1,
7,26,
32,95,
8,35,
55,-32,
23,9,
78,-18,
92,7,
14,-17,
-13,-8,
23,-5,
46,26,
-27,9,
5,-38,
-21,38,
61,65,
4,72,
-4,27,
-35,48,
-56,31,
23,-13,
-10,31,
9,46,
46,43,
-2,34,
47,16,
20,73,
-29,43,
-33,56,
-35,17,
21,10,
69,-49,
110,-28,
-35,-15,
-29,63,
7,71,
-42,40,
-8,7,
-13,-30,
-81,-18,
-103,-14,
-9,-42,
6,-33,
12,-48,
7,71,
-7,36,
-16,9,
47,4,
52,37,
48,37,
66,6,
45,8,
-13,0,
-17,40,
30,11,
83,44,
74,53,
55,67,
3,76,
27,9,
84,-54,
-2,-100,
19,-59,
3,-27,
-13,79,
98,34,
98,33,
56,-2,
-31,-25,
9,9,
-13,81,
27,64,
24,61,
74,-16,
68,37,
11,-8,
-15,-11,
-17,-42,
42,10,
4,-49,
-27,-41,
-19,-26,
-42,-23,
-25,30,
11,58,
-35,28,
-22,-49,
24,-100,
1,-80,
67,-69,
-47,12,
-5,41,
-34,15,
13,-51,
4,-9,
-4,15,
38,18,
45,-5,
23,-1,
-61,32,
-32,-26,
-34,11,
86,13,
10,22,
61,70,
6,26,
-7,26,
-14,-26,
-32,-53,
-1,19,
61,35,
-32,45,
-20,-20,
-47,-61,
16,-39,
10,35,
2,30,
6,12,
12,-82,
-23,5,
7,12,
-6,14,
-75,22,
-7,76,
-28,4,
13,3,
15,-43,
-27,53,
-16,39,
10,70,
-26,-74,
-32,10,
35,11,
37,15,
-21,-26,
52,-39,
99,-21,
26,-49,
49,-80,
61,-5,
-1,17,
22,26,
39,0,
33,-75,
-46,3,
-32,-20,
27,-43,
-13,-1,
2,-22,
-12,35,
-72,27,
-27,-104,
-50,-32,
-24,-22,
26,67,
36,4,
30,-49,
-76,-60,
105,-439,
1079,-2123,
3301,-5015,
4923,-5545,
3967,-3013,
788,705,
-516,1576,
131,-288,
2427,-3191,
4988,-4596,
5995,-4543,
5273,-4402,
2866,-3336,
638,-1161,
-324,186,
-612,719,
-860,603,
-1396,709,
-1535,367,
-795,-18,
-227,144,
10,78,
-198,403,
-380,501,
-602,514,
-300,-211,
-237,-510,
-116,-574,
25,-423,
-105,101,
-304,447,
-572,534,
-663,267,
-633,17,
-405,-38,
-88,64,
63,276,
86,248,
-65,199,
-144,107,
-282,46,
-231,23,
-107,63,
-67,182,
-73,455,
-175,320,
-197,207,
-178,83,
-38,47,
94,172,
122,229,
38,147,
-147,174,
-177,125,
-224,150,
-184,22,
-303,0,
-227,72,
-76,267,
34,265,
5,192,
-44,101,
-163,116,
-289,168,
-293,217,
-337,292,
-261,218,
-109,131,
-3,230,
143,122,
58,43,
76,-78,
154,-173,
96,-18,
40,51,
-37,19,
-63,-84,
-41,-94,
-20,54,
-20,227,
-13,162,
-124,48,
-277,-63,
-148,-30,
28,110,
57,143,
-16,233,
-136,222,
-133,342,
-96,113,
-175,-59,
-269,-88,
-216,139,
-151,90,
-112,59,
-77,101,
-87,125,
-111,187,
12,177,
14,96,
-65,170,
6,97,
-99,77,
-80,104,
-137,170,
11,175,
22,143,
-22,145,
-110,215,
-21,159,
-30,81,
-25,58,
-42,55,
-102,148,
-93,108,
-100,6,
-127,104,
-20,29,
24,127,
-4,98,
-76,122,
-47,-14,
-86,9,
-120,10,
-128,74,
-45,83,
-116,47,
-54,43,
-26,22,
-120,19,
-18,19,
28,69,
-97,161,
-60,99,
-36,118,
-58,61,
-134,118,
-49,69,
-68,-8,
-75,-18,
-34,83,
-13,112,
-48,67,
-63,12,
-67,17,
-28,52,
-114,-57,
-43,0,
-54,42,
-44,122,
-71,52,
9,63,
-101,106,
-104,73,
00>
_________________________________
00>
RX Timestamp: 809060105503
00>
Clock Offset: 37.193 Hz, -0.005 ppm
00>
RX Timestamp: 810130162939
00>
Clock Offset: -230.598 Hz, 0.029 ppm
00>
_________________________________
Sequence Number: 106
00>
00>
Printing STS0 CIR
00>
00>
_________________________________
00>
10,31,
30,-30,
16,25,
37,85,
-8,105,
-42,80,
-28,39,
-48,12,
55,17,
57,-1,
120,24,
83,22,
34,23,
-67,43,
11,13,
6,-18,
-10,8,
-36,14,
-18,21,
16,39,
-23,49,
-18,10,
-23,50,
-57,50,
-74,38,
8,64,
28,-9,
-46,-4,
-40,12,
-62,124,
-26,10,
26,-36,
-6,-27,
-24,37,
-4,26,
33,9,
-6,79,
-11,24,
-31,-4,
14,45,
-29,52,
42,-36,
3,-7,
26,8,
12,22,
-29,10,
6,11,
-18,68,
-24,41,
-1,14,
35,19,
14,-1,
-5,24,
-43,63,
-14,6,
-27,19,
41,22,
70,-16,
25,34,
98,30,
76,29,
0,16,
-20,-13,
-60,51,
6,-11,
30,13,
39,11,
-3,-14,
38,-49,
20,-83,
-20,47,
-25,19,
-26,79,
-48,50,
-1,46,
-26,1,
10,7,
4,-2,
11,-11,
42,-23,
66,31,
8,29,
44,23,
-32,-8,
-68,15,
5,-18,
15,28,
75,55,
5,-37,
-2,-22,
68,26,
29,12,
12,11,
-7,10,
14,-14,
-20,43,
-11,25,
-1,37,
40,21,
52,53,
14,-29,
14,14,
18,-7,
-39,27,
-35,38,
-30,13,
-10,20,
79,0,
105,19,
-17,6,
10,5,
19,-47,
-21,15,
-9,-7,
54,-4,
34,69,
26,-55,
25,-151,
20,-132,
48,-26,
27,69,
-9,67,
-63,49,
-120,-23,
-98,12,
-30,-43,
23,67,
4,80,
-36,86,
-21,64,
9,27,
-53,-13,
-13,-49,
15,-84,
16,-47,
-10,7,
-14,30,
-77,49,
-94,41,
-86,0,
-57,-17,
-54,-35,
45,-22,
19,15,
-11,54,
16,9,
54,18,
20,50,
-30,35,
-25,10,
-4,37,
-5,-27,
15,-19,
59,-18,
3,12,
-14,7,
-9,-10,
48,28,
84,28,
78,3,
-9,10,
-42,-15,
-49,-58,
-5,5,
25,0,
37,13,
32,-10,
-38,-22,
-101,20,
-33,10,
6,-28,
21,3,
6,10,
-61,-3,
14,-7,
32,36,
-51,44,
-81,17,
-50,-12,
23,-26,
31,-9,
62,-84,
-15,-85,
-1,-38,
-55,-2,
-43,68,
13,-14,
-54,-18,
-14,-7,
24,-54,
45,-62,
12,74,
13,84,
-28,39,
30,37,
-7,24,
-90,84,
-87,135,
-41,75,
-49,42,
19,7,
-11,-1,
-18,34,
92,47,
112,39,
67,-47,
-15,-7,
-23,-12,
-39,-5,
-17,17,
12,-21,
11,-19,
81,-53,
-35,-40,
16,-59,
19,-14,
-20,26,
-23,10,
4,8,
-30,-1,
-69,-17,
-19,-87,
28,-9,
-13,59,
-37,36,
-21,37,
-20,2,
-43,3,
-29,0,
12,-47,
-35,-14,
25,68,
29,41,
-10,79,
-59,-39,
-104,-33,
-129,-50,
-88,72,
-27,32,
41,33,
-17,-14,
-69,6,
0,37,
-23,30,
-28,-16,
23,-98,
25,-96,
11,-33,
-28,-25,
19,17,
35,80,
4,18,
-38,2,
-20,-33,
-11,-38,
-14,-42,
18,7,
28,61,
14,35,
22,43,
-18,44,
14,-24,
14,21,
31,72,
29,76,
46,27,
-3,39,
36,7,
58,4,
-8,31,
-56,11,
14,23,
2,4,
-28,3,
18,-2,
126,-25,
56,32,
17,42,
17,23,
-63,-7,
-23,-27,
-3,-122,
26,7,
-8,-6,
29,24,
28,27,
36,-19,
6,-21,
35,-7,
18,-18,
2,26,
8,-9,
38,-49,
4,25,
5,19,
20,28,
2,51,
26,30,
46,24,
80,25,
27,32,
-33,-9,
-45,-42,
0,50,
28,25,
-13,45,
-1,29,
16,-15,
65,3,
3,10,
-4,-31,
15,58,
-33,0,
-26,27,
-16,-37,
-35,-22,
-54,0,
-6,-8,
-31,-9,
27,32,
13,31,
18,-5,
37,-8,
26,-51,
4,-10,
-16,48,
4,-19,
-4,-31,
-68,-6,
-1,37,
0,23,
17,-18,
32,0,
27,51,
-10,45,
-27,20,
20,36,
-11,8,
-16,16,
-26,25,
-50,-65,
29,-95,
69,-81,
2,27,
-11,15,
2,-24,
-48,-14,
-42,5,
-47,-21,
-2,33,
66,-2,
66,24,
65,7,
20,42,
124,-13,
1476,-36,
4978,642,
7253,1860,
6738,2816,
1552,1635,
-1624,9,
-1671,-2498,
591,-6822,
2046,-7610,
2596,-7385,
889,-3096,
-1483,2245,
-2170,3133,
-657,794,
64,-254,
-362,-98,
-1390,-99,
-1909,-400,
-314,-32,
-146,405,
263,810,
133,680,
-113,714,
-345,528,
-470,-58,
-504,-66,
-220,328,
218,165,
451,293,
256,220,
4,37,
-114,-1,
-164,-110,
61,-137,
42,-171,
-36,-14,
-326,36,
-428,185,
-512,260,
-488,220,
-398,-78,
-402,-66,
-287,206,
-132,154,
-112,32,
-70,-59,
-45,-57,
-1,-69,
25,44,
-78,17,
-62,-13,
-58,-142,
-195,-315,
-30,-300,
-5,-336,
-48,-104,
-116,-12,
-273,-80,
-300,99,
-188,206,
-240,282,
-102,97,
4,20,
72,52,
78,220,
-34,310,
-83,344,
-137,313,
20,327,
82,260,
211,156,
113,61,
-120,-21,
-135,-16,
59,-176,
197,-214,
147,-17,
43,348,
-55,451,
-19,302,
-58,29,
-185,-175,
-78,5,
-64,64,
-80,-30,
-46,-7,
-126,30,
-25,38,
32,16,
102,35,
78,135,
36,168,
-26,198,
-7,45,
-38,-23,
10,-53,
39,-40,
137,72,
40,74,
6,-4,
-57,-45,
-115,-45,
-165,19,
-123,-41,
-123,-40,
-47,6,
40,53,
-50,115,
-109,60,
-83,15,
-52,9,
-58,14,
-108,41,
-133,48,
14,2,
33,12,
-46,31,
-99,4,
12,-9,
44,110,
-8,0,
-94,-30,
-44,2,
19,79,
83,34,
38,-11,
-3,-2,
-15,58,
-41,46,
40,63,
-19,-41,
33,-32,
-54,52,
-70,113,
-21,76,
-64,62,
-5,13,
-55,3,
-9,34,
40,27,
35,33,
-14,40,
-26,19,
-7,-11,
-69,-29,
-78,-14,
-66,19,
-43,-22,
-74,43,
-36,18,
31,-6,
13,18,
-10,4,
-15,22,
24,55,
-51,29,
-63,21,
00>
_________________________________
00>
00>
Printing STS1 CIR
00>
00>
_________________________________
00>
1,-39,
-10,2,
-2,31,
33,7,
32,59,
-12,55,
-20,24,
-20,16,
42,-15,
5,-29,
-3,-18,
-28,78,
-100,74,
-101,47,
-19,119,
2,75,
0,20,
-28,-1,
10,22,
24,39,
47,36,
-11,25,
-23,7,
-15,5,
0,-25,
11,34,
31,25,
-7,99,
-53,27,
-62,-25,
-8,32,
32,79,
-5,38,
28,64,
-7,6,
85,-13,
113,-50,
105,-47,
156,-22,
25,20,
37,-7,
2,-16,
80,15,
94,21,
85,-52,
30,5,
12,-37,
-52,-15,
15,-21,
29,49,
17,-16,
-34,3,
-89,-35,
-17,-39,
33,-25,
2,70,
48,31,
55,38,
33,-78,
17,50,
-8,-6,
67,-45,
47,-5,
-6,10,
-11,-76,
-2,-42,
25,-73,
10,-42,
30,-25,
-8,-18,
59,37,
49,-14,
52,-31,
-17,-10,
14,10,
60,10,
91,22,
31,39,
23,11,
98,-31,
32,6,
-41,-14,
-34,49,
-27,12,
22,-36,
37,-8,
-79,45,
-38,-26,
11,-4,
-30,0,
12,24,
30,81,
-32,4,
-49,21,
48,-25,
4,-29,
19,41,
-34,1,
-40,21,
-7,72,
31,88,
-40,61,
-54,17,
-45,-59,
-11,13,
9,25,
-31,-54,
-98,34,
-72,22,
-104,55,
-79,-13,
-64,-6,
-10,8,
46,64,
37,8,
10,17,
75,-39,
-20,27,
13,2,
-36,15,
6,-22,
40,23,
60,14,
-7,57,
-7,-11,
14,-35,
-6,-42,
48,12,
22,-10,
15,-7,
38,-13,
37,32,
36,30,
-12,63,
-59,26,
51,24,
34,9,
-25,-14,
-37,41,
37,55,
4,24,
0,-33,
64,22,
-17,-23,
18,6,
25,46,
24,39,
14,19,
49,29,
-15,18,
-34,-29,
28,-52,
16,-41,
-4,24,
49,-27,
17,-42,
35,-11,
89,72,
45,30,
23,-12,
5,-21,
-27,-16,
27,-34,
-40,7,
-20,67,
-51,72,
-27,72,
-40,7,
22,-44,
-12,1,
-24,47,
-53,64,
-62,78,
-56,25,
30,21,
46,32,
17,-12,
26,-23,
25,-47,
-12,-30,
42,-36,
70,-70,
30,-6,
72,-22,
-6,-49,
-18,-49,
21,-2,
24,-34,
23,-11,
11,-60,
111,-21,
44,-1,
63,4,
27,26,
12,-10,
-27,13,
-16,-15,
5,50,
20,-17,
15,-24,
-16,12,
-4,20,
6,2,
2,-10,
17,34,
-29,32,
16,-100,
15,-29,
-21,-11,
-8,44,
5,15,
11,14,
35,-3,
5,4,
74,-27,
28,-3,
13,42,
32,3,
40,13,
88,62,
48,51,
35,7,
31,19,
29,-52,
28,41,
3,9,
-29,24,
-49,-2,
-47,-90,
15,-145,
97,-70,
68,33,
10,33,
-9,-8,
34,-2,
32,-24,
11,-18,
36,-24,
28,31,
-22,7,
-4,3,
-41,19,
-10,8,
31,-25,
18,-11,
-33,-21,
-24,-37,
18,-42,
-50,-14,
-55,-54,
15,-40,
51,-25,
119,-37,
57,-17,
31,24,
-41,27,
-11,14,
-15,36,
4,63,
-3,66,
7,13,
-54,30,
-117,61,
-57,4,
6,-10,
61,34,
-47,52,
-43,17,
-46,-6,
-22,-3,
-83,45,
12,25,
21,-21,
40,-94,
2,-54,
-49,-5,
14,-15,
83,10,
164,-19,
61,-19,
-5,-7,
-34,-16,
-60,35,
30,72,
69,-12,
59,-61,
39,-10,
35,-36,
27,5,
12,-8,
-4,41,
7,48,
-1,2,
9,19,
-54,28,
0,-2,
3,74,
4,10,
-46,-3,
-98,10,
-94,55,
-47,20,
-56,11,
-20,33,
39,18,
52,-11,
11,-18,
13,-45,
1,-54,
29,29,
-12,82,
6,54,
42,47,
17,48,
-37,56,
-69,6,
-33,15,
2,-101,
25,-1,
17,50,
9,15,
1,-2,
38,32,
75,-9,
23,-35,
-46,-10,
-40,4,
-52,-34,
-10,10,
-39,-42,
-7,11,
-20,28,
-31,33,
43,-4,
46,7,
26,-37,
14,-22,
-3,-9,
47,-17,
61,-2,
6,4,
68,-50,
161,2,
37,66,
23,8,
27,-27,
23,-44,
-47,-15,
-32,-53,
-18,14,
-8,-17,
-11,-10,
-1,42,
20,-3,
211,69,
1079,578,
3381,2556,
4907,4818,
3891,4853,
360,1671,
-1045,-306,
-394,-68,
1414,2189,
3402,5432,
3831,6509,
3960,5732,
3612,3441,
1786,1105,
312,2,
-421,-383,
-536,-732,
-463,-1335,
-699,-1953,
-88,-1226,
-267,-657,
-161,-270,
-259,-371,
-270,-470,
-482,-679,
-39,-364,
346,-209,
497,-226,
434,-272,
108,-167,
-166,-182,
-278,-424,
-245,-507,
-143,-510,
-42,-297,
-76,-95,
-292,4,
-357,10,
-284,-113,
-161,-103,
-45,-322,
142,-310,
56,-176,
-147,-37,
-312,17,
-435,-134,
-217,-219,
-121,-325,
-36,-200,
-75,19,
-69,107,
-28,137,
-73,-2,
-184,-272,
-220,-329,
-78,-251,
2,-359,
-128,-209,
-239,-9,
-280,73,
-91,103,
-146,41,
-103,-106,
-123,-229,
-141,-223,
-135,-201,
-217,-164,
-163,-124,
-219,-55,
-161,60,
-102,104,
9,52,
119,-29,
102,0,
0,-1,
-39,-21,
90,-25,
11,17,
-83,-14,
-201,56,
-160,-43,
-70,-238,
51,-306,
71,-167,
-97,50,
-162,110,
-153,37,
-132,-88,
-223,-157,
-69,-171,
-3,-188,
-13,-209,
-43,-150,
-29,-57,
-70,-52,
-76,-126,
-73,-112,
-136,-114,
-191,-82,
-131,-34,
-146,16,
-114,-13,
-39,-67,
-40,-96,
-113,-161,
-129,18,
-104,26,
-147,-30,
-176,-107,
-122,-109,
-49,-54,
-50,-22,
-28,56,
-26,2,
-55,-45,
-79,-109,
-54,-122,
-49,-24,
-96,13,
-58,-29,
-38,-58,
49,-151,
99,-139,
54,-135,
-80,-79,
-85,-93,
-55,-35,
-23,-37,
-1,-62,
-27,-77,
-52,-76,
-49,-38,
-55,-2,
-58,-71,
-159,-93,
-97,-37,
-127,-72,
-72,-75,
-18,-90,
-75,-158,
-69,-135,
-43,-49,
-6,33,
19,-45,
-35,-92,
-77,-59,
-94,-63,
-95,-48,
-84,-76,
-101,-78,
-65,-43,
-44,-17,
-99,-57,
-88,-26,
-164,-82,
-138,-51,
-146,-44,
-23,-19,
00>
_________________________________
00>
_________________________________
Sequence Number: 109
00>
00>
Printing STS0 CIR
00>
00>
_________________________________
00>
64,-59,
79,-44,
-58,51,
30,-23,
89,6,
81,-11,
-34,5,
-84,63,
-40,53,
27,-14,
-23,-67,
48,-2,
-20,-14,
-40,34,
-35,0,
24,37,
8,-5,
27,43,
0,-6,
-10,-1,
-33,-21,
48,-24,
45,6,
-43,-103,
-31,9,
-35,42,
-37,-16,
-8,-20,
-55,-24,
20,-12,
12,-5,
-25,49,
-21,54,
34,83,
30,48,
17,9,
24,90,
74,2,
51,0,
70,5,
8,75,
-1,87,
-7,-15,
30,-55,
15,-42,
7,-53,
-68,69,
8,103,
28,22,
27,-41,
-12,35,
-46,105,
-36,23,
10,-21,
37,-30,
66,32,
19,41,
27,23,
-61,33,
15,22,
14,-48,
40,-97,
-24,-10,
7,67,
-101,43,
-96,31,
-33,-10,
22,50,
29,77,
39,0,
82,-77,
-49,-27,
-32,-50,
-12,14,
4,54,
-5,-6,
52,31,
40,-16,
77,-24,
11,4,
-16,44,
-51,38,
50,88,
98,24,
40,-13,
20,-9,
25,-17,
76,51,
84,-6,
85,-5,
61,-6,
40,-6,
23,2,
-3,-4,
-10,12,
86,15,
43,15,
-38,9,
-26,51,
21,51,
-43,-16,
-22,12,
-37,59,
80,83,
83,60,
21,39,
-14,9,
24,-22,
51,-38,
6,-28,
14,-5,
4,61,
51,28,
49,41,
35,-16,
34,75,
71,90,
36,88,
18,24,
75,-12,
34,14,
50,-105,
10,15,
50,72,
80,11,
90,-32,
32,-24,
-22,-26,
19,-37,
-28,17,
-25,11,
-4,24,
20,-6,
23,5,
-4,19,
-41,50,
-21,34,
-45,43,
-16,-80,
-40,-39,
20,45,
140,12,
89,41,
-20,42,
-34,93,
-6,27,
-6,-6,
-16,-16,
-49,-22,
36,-38,
26,-35,
70,84,
13,49,
26,10,
4,16,
-6,-9,
-6,33,
-2,-3,
42,17,
106,22,
119,-23,
73,30,
22,50,
-37,23,
11,-6,
0,-6,
41,-37,
88,-11,
30,40,
26,38,
-10,49,
-57,11,
45,68,
68,70,
52,50,
11,108,
-4,29,
3,-9,
3,-31,
77,-9,
122,-32,
86,43,
7,-28,
41,7,
11,93,
-28,79,
9,47,
56,14,
118,30,
49,33,
48,44,
63,-61,
155,4,
79,-6,
-20,68,
46,-46,
25,-72,
57,-48,
25,12,
14,48,
15,-32,
23,-6,
20,41,
19,77,
80,21,
65,-1,
-17,-72,
-39,18,
-35,-19,
45,45,
37,35,
99,-33,
10,70,
-103,94,
-88,44,
-31,3,
-13,26,
17,10,
23,31,
-41,-61,
-19,14,
-15,-17,
81,19,
56,23,
48,-50,
-26,-59,
-53,-16,
-15,43,
64,17,
46,-15,
-11,-1,
28,5,
25,-55,
37,-14,
81,88,
4,-1,
44,60,
36,30,
-50,36,
-87,37,
-34,26,
-24,44,
51,30,
-21,8,
59,-10,
92,13,
91,43,
37,22,
-35,-42,
-48,25,
-70,47,
-52,128,
-76,84,
-56,16,
-27,-47,
-40,5,
37,14,
51,-51,
-1,0,
-53,10,
-36,71,
-25,25,
-56,52,
-54,-24,
-3,8,
23,10,
50,-31,
-49,32,
8,15,
-11,-16,
-80,42,
-61,7,
-29,27,
-34,40,
29,-7,
64,10,
108,-74,
129,-92,
22,10,
17,53,
17,17,
-33,5,
-53,-28,
-32,-35,
-8,-10,
25,24,
56,22,
52,-23,
95,45,
-40,20,
8,-19,
40,-7,
29,-30,
-95,20,
-41,27,
35,9,
30,41,
-37,0,
41,-90,
0,-43,
12,65,
18,179,
51,63,
1,-56,
-26,-70,
-30,-21,
17,31,
28,104,
-5,39,
-49,46,
-36,9,
-17,48,
34,56,
57,77,
43,-28,
10,-18,
24,1,
9,18,
0,21,
-35,7,
23,12,
27,69,
-3,87,
-21,66,
106,-84,
-31,-63,
1,-19,
-36,73,
2,59,
11,4,
71,11,
-7,40,
-43,32,
0,82,
-36,-10,
-2,-18,
4,-43,
-77,13,
-54,-50,
-33,70,
68,50,
73,32,
52,-10,
20,14,
-11,11,
22,21,
25,31,
39,-2,
3,52,
-18,72,
78,-16,
20,-5,
-33,-10,
-42,24,
-108,313,
-531,1304,
-1107,2720,
-1065,3040,
-166,1397,
506,-500,
226,-806,
-796,357,
-1940,1560,
-2717,1974,
-2811,1903,
-2097,1475,
-958,897,
-162,144,
267,-410,
355,-496,
520,-351,
710,-466,
675,-602,
126,-401,
-287,-220,
-198,-187,
-34,-286,
64,-336,
150,-255,
304,-234,
411,-199,
326,-113,
180,-16,
32,-81,
129,-73,
139,-78,
134,-78,
128,7,
154,17,
144,-37,
110,-149,
24,-117,
-118,9,
-59,131,
29,224,
66,115,
212,22,
270,-39,
175,-41,
9,-54,
19,-45,
-17,-8,
-146,6,
-269,-106,
-257,-190,
-100,-113,
83,-44,
91,-41,
76,78,
59,118,
84,108,
77,108,
-2,117,
16,66,
42,-17,
45,-103,
101,-58,
104,-35,
31,-44,
-2,-31,
-21,22,
24,-16,
38,-39,
102,110,
118,158,
96,34,
170,5,
88,20,
122,11,
108,74,
87,98,
-1,46,
4,-82,
-83,-189,
-107,-114,
2,-42,
55,-47,
70,-138,
141,-94,
134,-29,
56,-73,
53,-107,
72,-16,
140,1,
83,-48,
32,-59,
42,-3,
13,48,
50,-66,
19,-147,
-11,-85,
24,-88,
46,-84,
123,-55,
81,-82,
25,-75,
35,-27,
62,13,
15,-36,
-27,-35,
-62,-9,
-76,18,
-32,-17,
42,5,
-23,17,
23,8,
-31,-20,
-44,-57,
10,-63,
25,-14,
50,10,
38,19,
4,3,
6,-112,
-12,-61,
-24,38,
66,-1,
100,-57,
111,-59,
0,-37,
-17,-48,
60,-31,
133,-27,
153,-63,
99,-21,
90,-36,
75,-76,
43,-72,
-9,-47,
21,22,
154,32,
87,13,
8,-32,
18,-33,
4,35,
17,15,
47,10,
34,-9,
49,-4,
41,-10,
143,-46,
110,-66,
-43,-39,
-22,1,
44,-10,
69,2,
124,-52,
10,18,
38,55,
75,6,
19,-47,
-33,17,
00>
_________________________________
00>
00>
Printing STS1 CIR
00>
00>
_________________________________
00>
-32,-25,
-31,57,
15,25,
-20,-10,
-41,26,
18,4,
52,15,
21,-22,
8,51,
-3,27,
86,-68,
13,-23,
17,39,
-20,98,
20,68,
-20,-24,
-17,6,
-28,47,
28,-13,
132,-78,
72,-45,
-1,-66,
-54,-41,
-14,-25,
21,-4,
31,79,
-23,54,
-15,32,
63,59,
31,18,
31,-33,
56,33,
72,-18,
42,12,
-52,54,
-59,2,
-4,5,
141,47,
18,-32,
-8,-6,
-62,-68,
-17,9,
39,4,
-27,-1,
-3,-55,
11,26,
-47,74,
-67,34,
-37,19,
-36,6,
0,-7,
3,27,
-14,-14,
-43,54,
-31,0,
-99,-4,
-5,33,
54,27,
57,32,
-16,28,
-61,-61,
7,-5,
69,1,
-30,51,
-20,21,
-39,13,
-43,23,
24,6,
-85,17,
-43,50,
-39,-24,
-40,-54,
-43,10,
-105,66,
10,20,
14,-35,
14,15,
37,12,
-1,75,
-42,75,
-7,4,
5,13,
-37,50,
-20,39,
-20,4,
20,-13,
25,-40,
19,52,
32,0,
62,103,
45,5,
-50,85,
-43,99,
-56,88,
8,18,
-6,-38,
37,31,
21,-10,
-8,31,
-43,-4,
51,-58,
69,-87,
71,12,
-4,47,
36,29,
-25,104,
-84,23,
-51,-5,
55,-13,
20,4,
10,20,
-42,64,
-15,93,
-2,19,
83,-32,
57,6,
-14,-19,
-58,-45,
-19,5,
-34,-27,
-23,-18,
23,-73,
43,-52,
45,-40,
8,25,
-20,48,
-55,-55,
-10,-50,
22,-13,
-2,50,
-70,25,
-117,-15,
1,-73,
26,-4,
-69,-47,
-66,69,
27,135,
53,69,
66,9,
-27,79,
-32,75,
-23,13,
-24,-48,
-13,-29,
-25,12,
-80,21,
-69,-1,
-29,19,
-70,7,
-56,-37,
-105,20,
-22,79,
-16,102,
23,-42,
-2,-93,
22,1,
-14,84,
-58,107,
9,33,
-30,10,
49,74,
18,25,
-6,19,
-22,-23,
-77,19,
-7,105,
-22,185,
38,51,
-64,-34,
-61,-88,
-52,-7,
-36,62,
31,12,
-41,-32,
-11,-9,
82,53,
33,-11,
10,49,
-78,51,
-113,20,
0,12,
65,-42,
63,34,
-39,72,
-55,104,
-1,63,
-81,26,
-28,-16,
-6,-59,
12,55,
18,50,
-59,21,
-67,33,
20,26,
10,28,
-18,67,
45,54,
63,45,
-40,-54,
-90,-45,
-71,6,
5,12,
34,7,
-33,0,
-21,-23,
15,9,
94,51,
-45,100,
-16,53,
0,3,
-73,55,
-66,44,
-67,-52,
-6,-54,
9,-12,
50,15,
61,15,
4,40,
49,114,
-26,120,
77,52,
10,93,
-62,10,
-59,6,
-21,10,
15,73,
-80,68,
-39,140,
-44,62,
-87,85,
-42,3,
-10,-41,
-6,5,
-72,104,
-36,83,
-34,23,
-18,-44,
-43,59,
78,72,
-3,-18,
-44,-23,
-27,-11,
11,1,
15,-3,
37,70,
20,110,
16,124,
-18,38,
50,78,
10,127,
-9,44,
-1,107,
67,74,
-21,62,
-35,4,
-38,-20,
-62,14,
-25,44,
-19,46,
7,106,
20,59,
-26,18,
-35,25,
-13,-13,
-18,59,
-2,47,
48,-13,
63,48,
101,36,
19,-68,
53,-21,
56,-26,
1,-52,
-51,-17,
-128,-8,
-75,-10,
36,77,
66,-5,
5,-22,
-36,-8,
-4,-28,
-40,2,
-53,70,
34,38,
5,14,
15,11,
52,-22,
-50,31,
54,86,
50,34,
-53,104,
-24,17,
-46,-18,
-30,-40,
26,-25,
29,39,
41,51,
-4,49,
23,111,
-10,101,
2,52,
-20,-31,
-54,-64,
-12,12,
16,42,
-38,34,
-73,-18,
-90,-49,
-41,-5,
-23,-66,
-55,-100,
-71,-66,
-13,56,
-1,47,
17,72,
11,64,
51,51,
-9,41,
-15,47,
-50,54,
-27,44,
64,55,
-23,15,
-18,16,
-53,29,
-90,29,
-59,24,
-38,-10,
-120,-40,
-34,53,
-49,82,
-21,7,
-40,-1,
-112,28,
-30,107,
-10,86,
-34,12,
21,9,
16,0,
33,-39,
-60,57,
-118,4,
-47,-30,
43,46,
-8,41,
-4,82,
85,-12,
38,12,
-45,28,
-25,0,
-66,72,
-22,10,
38,-1,
52,30,
-106,275,
-923,1005,
-2143,2085,
-2571,2605,
-1509,1765,
-32,324,
495,-528,
276,-791,
294,-1093,
886,-1507,
1332,-1012,
1244,108,
549,754,
-133,307,
-218,-264,
204,-349,
653,-131,
880,-172,
843,-238,
466,-152,
45,-8,
-52,-11,
-8,-170,
55,-145,
-17,-22,
-123,81,
-84,140,
-25,62,
43,10,
21,-45,
-11,19,
-94,20,
-56,-41,
0,-146,
-40,-211,
-68,-47,
-102,70,
-50,149,
21,79,
113,101,
154,5,
87,-47,
168,1,
177,-55,
104,-91,
69,16,
2,15,
6,80,
-109,89,
-131,47,
-134,29,
-129,17,
-143,15,
-25,41,
31,158,
31,180,
55,227,
140,170,
128,77,
40,6,
33,-6,
45,2,
29,73,
42,56,
19,-28,
8,-48,
-103,-29,
-9,5,
88,-17,
86,35,
-6,22,
-22,-2,
7,56,
-36,113,
-45,161,
-4,94,
-20,44,
-37,28,
-36,-33,
-57,-64,
39,-108,
103,-97,
130,-55,
3,-32,
39,-58,
-4,-135,
-13,-75,
-90,-52,
-101,4,
-53,62,
114,-24,
110,32,
2,-5,
-58,3,
-49,22,
-31,38,
-59,26,
-131,79,
-28,22,
39,-37,
27,20,
-13,51,
30,-23,
7,-61,
19,-58,
85,33,
66,17,
-24,81,
-113,17,
-81,-12,
33,-38,
-28,8,
-70,23,
-50,69,
-54,138,
-4,50,
-61,17,
-41,90,
-22,40,
-24,14,
-53,11,
-48,33,
-10,-72,
40,8,
116,44,
35,76,
-37,12,
40,18,
10,45,
12,-36,
-15,-88,
-23,-33,
-86,-48,
-55,40,
-50,39,
-51,119,
21,20,
51,66,
-65,13,
-13,40,
-57,-14,
-47,9,
8,-40,
3,10,
-11,-41,
-45,54,
64,16,
79,-19,
-24,-47,
-4,-68,
3,56,
1,72,
18,24,
-56,-25,
-102,29,
-150,23,
-69,-47,
-17,-41,
00>
_________________________________
00>
RX Timestamp: 949254964217
00>
Clock Offset: 282.669 Hz, -0.035 ppm
00>
RX Timestamp: 950330510791
00>
Clock Offset: 569.057 Hz, -0.071 ppm
00>
_________________________________
Sequence Number: 242
00>
00>
Printing STS0 CIR
00>
00>
_________________________________
00>
-13,29,
46,-36,
40,-21,
4,-43,
-35,-54,
-28,-51,
29,-40,
10,53,
10,26,
36,36,
28,-29,
-9,-20,
-6,-12,
-37,39,
-14,27,
4,48,
-25,58,
32,-12,
88,-12,
64,-5,
-2,17,
23,56,
30,51,
14,21,
2,59,
-44,-1,
23,-29,
55,-7,
46,-8,
7,39,
33,24,
-41,98,
-22,47,
31,-24,
97,-22,
114,4,
-36,22,
2,-31,
84,-50,
121,-12,
32,-11,
84,68,
9,47,
4,-4,
81,-34,
55,-92,
90,-70,
72,-47,
95,1,
16,-25,
-57,21,
24,46,
27,10,
8,-7,
-7,39,
-17,32,
-24,-27,
11,21,
20,-31,
43,31,
11,83,
-43,70,
1,-8,
36,-47,
19,-72,
21,-42,
54,1,
70,40,
45,-15,
16,-41,
31,-21,
40,74,
54,32,
74,53,
9,35,
-31,9,
22,-4,
-10,-6,
22,-31,
48,-64,
35,-3,
80,-65,
-3,-24,
-5,-9,
50,-5,
25,-27,
29,-14,
-21,57,
9,-17,
64,29,
82,-9,
29,16,
-40,11,
24,-44,
69,-90,
54,-61,
55,-16,
-26,35,
123,49,
74,14,
29,47,
15,43,
36,-9,
-30,-18,
-8,-33,
-31,-30,
64,8,
-3,18,
53,-61,
-31,-49,
20,-46,
23,-20,
30,-111,
24,2,
51,51,
121,122,
30,10,
45,-57,
26,-60,
18,38,
-4,20,
-33,-24,
-37,-18,
27,10,
87,9,
104,-2,
-17,6,
-8,31,
22,62,
66,26,
72,-53,
-9,0,
-9,-20,
57,-3,
29,-8,
-38,28,
-44,20,
-5,-9,
3,39,
18,62,
12,21,
68,67,
-7,37,
13,37,
4,27,
16,42,
38,-6,
-17,14,
-28,-10,
-28,57,
-51,30,
9,-54,
99,64,
149,54,
69,4,
-7,-3,
41,-29,
6,9,
64,-55,
58,-55,
70,-69,
34,-47,
38,72,
-14,72,
-18,-29,
93,-65,
47,-35,
-37,-4,
-74,-29,
-6,10,
97,-49,
73,-19,
3,26,
55,19,
14,1,
-15,68,
5,50,
49,35,
96,-4,
1,-58,
16,-58,
-47,1,
14,18,
21,25,
-28,-27,
-17,-34,
-35,-65,
-5,-28,
1,-74,
-79,-8,
-41,18,
45,-43,
0,-46,
44,-40,
-42,-32,
18,23,
60,-22,
79,-43,
90,41,
50,11,
15,16,
14,10,
58,-32,
40,-8,
26,-32,
42,-51,
21,-34,
30,-24,
88,-65,
-16,6,
-43,-3,
-48,-109,
11,-24,
46,-16,
-18,-53,
-12,-34,
40,-36,
14,-10,
30,42,
67,13,
10,13,
91,-11,
70,30,
8,27,
-13,-17,
46,-12,
83,-45,
31,51,
27,7,
114,-16,
25,-25,
-62,17,
7,-6,
36,26,
17,-31,
-4,-39,
-37,-31,
-61,-18,
35,-65,
24,-44,
30,-19,
30,-29,
-46,38,
-39,-26,
-14,-44,
-7,-45,
7,-79,
-14,-32,
20,32,
58,49,
51,67,
7,15,
31,-29,
-1,-7,
14,-35,
31,17,
54,-32,
-14,-1,
-31,3,
-20,52,
-15,66,
38,16,
41,-28,
-16,-46,
6,-12,
24,-2,
76,23,
2,5,
-46,15,
-27,56,
18,-20,
39,-45,
82,-87,
18,21,
30,75,
65,24,
1,17,
-38,-16,
35,-7,
38,-56,
17,-22,
1,14,
35,80,
3,-45,
12,-27,
-35,-104,
0,7,
10,2,
-4,-17,
33,-19,
47,35,
19,5,
38,-26,
47,-61,
54,-78,
80,-9,
108,60,
130,68,
96,-28,
3,26,
-42,-14,
-15,-46,
40,-68,
62,-98,
83,-99,
24,20,
26,28,
114,40,
41,45,
30,-5,
24,-24,
-24,-19,
19,5,
33,27,
71,115,
18,59,
-53,109,
-28,-24,
63,-70,
70,-137,
18,31,
-13,30,
15,55,
41,-48,
43,-28,
-12,2,
-56,20,
-8,-13,
-5,3,
72,-5,
25,108,
-44,60,
11,-21,
-7,35,
-36,29,
-15,-11,
48,11,
55,25,
33,17,
16,21,
11,19,
-8,5,
5,17,
23,-12,
14,-12,
-26,-26,
-9,-45,
-45,2,
-21,10,
-14,-32,
5,10,
24,-20,
-34,-20,
-48,-63,
40,-80,
93,-12,
30,34,
8,-62,
64,-890,
555,-4032,
1249,-7547,
2031,-7713,
2382,-4559,
564,1191,
-1213,2862,
-4377,1139,
-7830,-1053,
-7921,-1588,
-7303,-2012,
-610,435,
3342,2398,
2550,1680,
340,238,
-384,242,
-438,1212,
-343,2192,
235,773,
336,258,
744,-194,
719,-127,
557,124,
744,399,
215,343,
-25,259,
198,246,
199,-212,
85,-707,
132,-551,
129,-208,
-1,28,
-27,193,
-43,85,
-154,24,
-79,10,
59,323,
211,387,
289,346,
329,516,
7,460,
-118,370,
-42,462,
25,247,
87,78,
-35,41,
-77,82,
15,35,
89,-9,
180,79,
110,65,
73,107,
-188,264,
-264,221,
-304,166,
-355,-41,
-97,28,
-37,98,
23,207,
86,287,
170,290,
95,253,
-27,92,
94,-73,
235,-116,
284,-16,
283,119,
260,164,
375,3,
266,-166,
221,-369,
61,-261,
62,-55,
-9,57,
-27,39,
-75,-79,
-103,-131,
147,2,
302,-27,
425,-73,
228,-103,
-22,-34,
-5,-26,
73,66,
95,237,
0,168,
-7,137,
56,-54,
45,-133,
47,-93,
17,-53,
74,-49,
170,37,
186,46,
41,41,
-14,-23,
1,-68,
-6,-50,
105,30,
61,50,
-41,113,
-18,94,
45,77,
106,103,
-15,57,
-23,68,
-44,42,
37,10,
98,11,
141,111,
-13,91,
12,89,
46,71,
73,126,
-4,96,
-57,27,
10,52,
11,48,
102,42,
23,-20,
7,-16,
56,-49,
108,27,
36,80,
55,76,
53,-18,
33,-50,
1,-73,
97,-42,
106,29,
44,24,
20,-3,
-3,90,
20,39,
57,91,
154,39,
4,49,
-60,53,
16,-25,
-4,-33,
28,64,
76,28,
69,-36,
34,19,
57,18,
-61,88,
-10,47,
21,-2,
15,56,
48,76,
6,17,
17,-12,
33,-20,
12,14,
00>
_________________________________
00>
00>
Printing STS1 CIR
00>
00>
_________________________________
00>
36,-15,
-1,-3,
12,-44,
2,-2,
-8,14,
-20,24,
-20,-30,
55,33,
30,25,
-8,-28,
89,-77,
5,4,
1,19,
-55,22,
3,-46,
24,-15,
5,-28,
-3,-1,
-29,40,
-16,-7,
-12,30,
6,21,
-8,7,
68,9,
-10,-16,
14,-63,
125,-82,
98,-3,
67,17,
44,-31,
35,-19,
59,37,
48,7,
36,-14,
80,-5,
45,7,
16,20,
58,-30,
64,-21,
25,-61,
1,32,
45,49,
42,20,
-4,19,
-12,54,
45,3,
108,33,
64,32,
75,18,
57,4,
50,-33,
53,-6,
-3,50,
26,-37,
62,18,
53,-31,
51,33,
61,-31,
-18,30,
-13,110,
-19,-2,
55,7,
51,-4,
56,58,
62,73,
37,-2,
44,-32,
19,22,
-17,78,
13,30,
31,-88,
34,-14,
-33,-31,
-1,14,
20,-4,
49,-15,
1,35,
-3,15,
10,-27,
30,-33,
59,7,
96,-27,
56,-93,
35,27,
-6,16,
-65,53,
21,26,
5,48,
11,68,
29,-26,
7,-20,
-29,-21,
-4,26,
-2,61,
-2,27,
-9,-23,
12,-8,
27,-61,
14,-36,
-2,14,
-12,12,
-1,-36,
13,4,
3,16,
-46,33,
-13,28,
39,-31,
12,4,
-38,41,
-5,-1,
-12,34,
33,53,
-6,12,
31,-9,
-2,-34,
68,-27,
14,11,
42,14,
2,19,
-37,21,
-19,-37,
-4,9,
-13,-20,
-41,4,
33,-8,
41,26,
94,-34,
75,13,
-4,-33,
-2,-11,
51,27,
64,35,
0,-26,
-24,-24,
20,1,
2,43,
-41,-25,
-105,-28,
27,-31,
38,44,
21,-59,
9,-45,
86,-69,
26,-22,
14,-8,
59,-20,
17,-2,
31,-40,
-23,-17,
5,-10,
-43,67,
-80,7,
-2,-42,
23,49,
26,10,
-26,-3,
28,36,
36,-33,
16,18,
-56,43,
4,49,
10,-15,
-27,8,
4,-2,
2,-46,
38,-58,
51,33,
69,17,
11,11,
-19,13,
-72,92,
-22,-6,
5,7,
22,-13,
-8,-13,
27,50,
21,53,
-8,45,
47,11,
-25,11,
25,-17,
2,-38,
9,-36,
21,30,
33,-12,
-7,-23,
-28,55,
31,-5,
30,55,
28,44,
-35,56,
-23,47,
-42,17,
-53,8,
68,3,
29,18,
10,30,
-17,-9,
-25,-26,
-100,-67,
-65,-48,
-45,-84,
14,-73,
57,-29,
76,-34,
-44,-59,
-63,0,
-19,-11,
-25,-22,
7,-24,
6,-16,
-36,71,
-34,32,
-27,75,
17,-6,
82,50,
22,35,
27,64,
-23,33,
45,27,
14,14,
43,29,
41,18,
25,39,
-17,9,
18,20,
2,49,
28,19,
9,10,
26,55,
84,39,
7,-7,
24,-76,
5,33,
-30,100,
2,50,
20,37,
-9,-38,
-44,2,
53,-27,
14,-55,
3,-22,
-7,50,
-27,26,
-59,49,
24,-64,
45,-30,
12,46,
1,96,
-49,-1,
-34,-19,
-3,104,
-16,16,
-20,28,
23,-14,
34,-28,
25,-4,
26,10,
13,53,
57,54,
3,33,
16,-38,
65,-17,
1,-5,
-57,16,
-5,-7,
46,-32,
16,-28,
16,-36,
-21,37,
-31,49,
67,56,
47,25,
-93,-21,
13,-38,
29,-75,
35,-91,
14,-72,
-13,3,
24,27,
-15,29,
13,86,
24,95,
14,-42,
-17,-20,
20,13,
59,36,
68,23,
24,3,
10,46,
63,10,
56,53,
29,51,
54,3,
86,-1,
30,44,
57,0,
40,47,
69,7,
2,-49,
-55,14,
-2,40,
-11,19,
-38,11,
-64,20,
0,16,
0,-1,
22,-11,
8,58,
-26,29,
-29,4,
43,55,
26,80,
40,14,
5,-6,
90,0,
34,50,
-41,42,
-20,38,
51,24,
58,6,
-13,-21,
47,21,
34,15,
23,20,
19,73,
41,25,
-51,72,
38,27,
48,44,
58,11,
-17,-7,
-51,-9,
1,88,
9,110,
55,111,
79,118,
80,52,
38,3,
-6,13,
-10,38,
-8,46,
-14,-20,
-86,22,
-43,-31,
61,39,
45,54,
-7,16,
31,-41,
16,5,
-32,47,
-12,28,
53,45,
64,79,
54,21,
39,17,
-34,37,
5,-24,
335,-703,
1967,-2994,
4133,-5285,
5096,-5173,
3398,-2059,
237,1255,
-506,1206,
1370,-1300,
4574,-3891,
6317,-4144,
6385,-4112,
5046,-4140,
2598,-2721,
539,-639,
-400,548,
-747,893,
-990,866,
-1695,1022,
-1266,232,
-595,70,
-199,332,
-110,391,
-502,604,
-854,629,
-868,40,
-513,-501,
-310,-502,
-246,-392,
-296,-31,
-365,195,
-417,450,
-676,521,
-683,416,
-502,201,
-146,115,
109,210,
-23,384,
-118,387,
-237,277,
-292,143,
-372,42,
-275,-49,
-118,104,
61,289,
46,398,
-26,359,
-263,199,
-287,101,
-90,3,
97,11,
197,4,
162,19,
-171,183,
-285,179,
-321,179,
-334,51,
-229,63,
-68,41,
41,124,
90,79,
-8,137,
-190,84,
-321,136,
-286,173,
-235,72,
-239,156,
-261,93,
-141,125,
-78,210,
122,60,
83,-107,
63,-143,
51,-94,
-31,-11,
5,30,
-34,-23,
-25,-67,
-75,25,
85,97,
75,266,
52,180,
-74,8,
-61,-71,
46,25,
25,149,
-32,129,
-58,173,
-78,244,
-46,306,
-15,96,
-101,-50,
-188,-41,
-196,51,
-103,34,
-55,41,
-93,143,
-136,199,
-81,201,
-38,140,
-13,127,
13,195,
-67,-3,
-45,65,
-70,122,
-35,153,
20,80,
19,119,
-56,115,
-60,169,
25,63,
-14,40,
-92,54,
-96,78,
-40,114,
-13,123,
-56,33,
-97,68,
-70,75,
-2,162,
-71,112,
-63,98,
53,55,
2,26,
-77,55,
-92,138,
-102,136,
-135,45,
-98,-17,
-64,-52,
-87,4,
-76,-24,
-8,7,
-73,90,
-165,107,
-125,103,
-87,175,
20,49,
-5,3,
-30,-15,
-76,-2,
-90,22,
-64,15,
10,27,
-17,71,
-10,39,
-58,42,
-88,69,
-54,55,
-30,147,
-56,88,
-19,23,
3,114,
-41,61,
-18,96,
00>
_________________________________
00>
_________________________________
Sequence Number: 245
00>
00>
Printing STS0 CIR
00>
00>
_________________________________
00>
-11,-60,
15,-38,
23,3,
33,15,
-4,48,
-31,-3,
36,-48,
72,22,
35,54,
104,54,
29,33,
17,-2,
-12,5,
-17,52,
5,84,
-5,28,
12,-25,
54,-57,
79,28,
14,23,
56,36,
-7,17,
7,-16,
18,-39,
-7,24,
-48,48,
16,21,
7,-8,
-13,-31,
-46,32,
32,58,
39,81,
23,18,
1,10,
-74,41,
-46,25,
-15,-26,
-36,-23,
34,-47,
-59,10,
5,65,
70,50,
12,79,
7,17,
70,4,
9,9,
-62,-12,
-20,21,
5,70,
-10,12,
-14,39,
29,27,
0,-69,
31,-56,
42,26,
-23,73,
10,50,
47,21,
-4,15,
3,14,
-46,49,
-4,11,
21,-31,
-5,24,
23,29,
20,7,
79,-14,
20,-24,
4,-23,
27,29,
50,37,
13,59,
55,1,
47,-16,
-26,55,
13,14,
10,-1,
17,-13,
18,55,
-51,83,
-1,25,
70,7,
93,-13,
30,-35,
26,13,
-15,-26,
34,-51,
-42,-43,
-35,-11,
-56,-32,
45,-17,
52,-13,
7,-16,
65,-3,
43,-60,
49,-115,
87,-129,
47,-99,
42,-44,
35,36,
15,3,
12,16,
1,53,
-25,3,
-25,-16,
-2,3,
39,45,
64,-7,
31,21,
8,-46,
-25,-70,
-13,-50,
-28,-47,
-72,52,
-20,50,
59,5,
34,0,
15,-42,
4,-14,
-27,69,
-6,51,
77,-1,
81,5,
69,-51,
29,19,
25,-38,
10,-62,
-10,-32,
-2,-87,
60,-12,
55,35,
31,-6,
36,-53,
-14,-14,
16,-13,
-6,-1,
47,-3,
11,-48,
-27,4,
-14,31,
36,-66,
5,-8,
39,-59,
72,-124,
27,28,
47,23,
58,50,
3,57,
-31,6,
-28,-28,
-12,6,
-47,28,
-2,-9,
-26,-1,
7,44,
-62,53,
17,27,
-6,29,
27,-98,
7,-43,
26,-50,
74,-12,
24,19,
-55,24,
-18,-34,
24,-47,
39,31,
74,37,
45,25,
0,31,
18,13,
16,38,
51,20,
27,36,
14,85,
-18,84,
13,17,
-29,-14,
0,19,
-29,4,
-29,-46,
12,-28,
22,-50,
-15,-31,
-3,12,
-2,-44,
-21,38,
-3,110,
13,-20,
-25,-53,
5,-79,
-49,16,
1,34,
63,-7,
43,-43,
10,-16,
41,-6,
57,-29,
10,25,
-23,24,
-33,65,
-85,47,
1,-39,
-29,-19,
-33,-11,
-25,-1,
-24,-20,
-32,30,
-33,27,
2,-7,
23,-16,
36,-1,
-8,45,
3,0,
55,72,
-48,13,
-33,-18,
-40,5,
-30,39,
-1,-33,
-23,-8,
-55,-51,
37,-61,
-15,-37,
-13,-51,
-18,-16,
-44,49,
-18,9,
11,32,
14,-8,
8,43,
-55,25,
-6,-34,
22,-26,
-19,-3,
26,-23,
48,22,
28,-3,
35,20,
45,-33,
0,-1,
-25,73,
-18,17,
20,78,
7,8,
47,17,
-1,6,
3,-19,
-39,7,
-29,15,
-34,21,
26,2,
-3,2,
-47,-27,
-4,-16,
6,-36,
39,-47,
30,62,
38,77,
-34,20,
-8,6,
-2,-5,
24,-6,
14,45,
14,-56,
46,-1,
3,-6,
-1,-6,
-2,1,
-40,57,
-27,29,
13,40,
6,43,
14,59,
-1,17,
-14,21,
17,4,
-22,28,
7,21,
31,0,
-26,-27,
1,-48,
20,0,
51,28,
22,-49,
-22,-30,
-39,-14,
-19,-30,
-8,-22,
42,-41,
30,-6,
13,-12,
-3,36,
22,-6,
37,-8,
12,89,
43,78,
3,13,
18,35,
16,28,
43,14,
69,-29,
-49,40,
13,-2,
92,-49,
76,-50,
64,32,
34,-52,
24,-71,
0,12,
22,54,
28,20,
-44,-21,
-40,2,
-20,16,
68,71,
23,-8,
14,-41,
68,-30,
10,21,
-1,-59,
29,-35,
4,-5,
-5,18,
20,-38,
0,-60,
5,-24,
68,7,
-5,4,
-19,9,
35,30,
2,101,
3,64,
-47,-19,
-54,-17,
-2,-36,
6,-91,
53,-88,
4,10,
-5,-61,
19,-40,
48,-17,
10,74,
19,81,
29,21,
23,53,
23,-28,
-5,-6,
31,53,
-24,0,
38,-4,
6,9,
73,22,
101,-24,
20,37,
22,50,
13,42,
167,-207,
1343,-1830,
3879,-4792,
5545,-5669,
4320,-4637,
258,-266,
-1471,1731,
-84,528,
3609,-1104,
7097,-1419,
7744,-1089,
7335,-887,
4891,-762,
1500,-225,
-233,432,
-889,669,
-1125,367,
-1593,217,
-1885,122,
-865,123,
-70,766,
288,682,
63,925,
-208,915,
-833,807,
-625,400,
-320,117,
-395,-20,
-587,103,
-327,297,
-274,244,
-316,91,
-297,-64,
-217,-200,
-191,-188,
-152,-45,
-159,209,
-163,377,
-65,365,
117,-24,
390,-312,
103,-400,
-59,-239,
-277,-49,
-543,-6,
-316,20,
-78,39,
92,150,
206,298,
236,448,
305,287,
211,130,
89,33,
-57,-104,
-95,-40,
-7,-138,
16,-264,
-66,-279,
-9,-237,
-36,-106,
-96,116,
-196,128,
-345,152,
-287,86,
-163,48,
-45,54,
-38,121,
-32,98,
33,134,
40,-54,
-62,-229,
-160,-147,
-304,-62,
-152,-41,
-60,-111,
-55,-207,
-24,-365,
-30,-123,
-18,113,
-43,345,
-77,342,
-151,228,
-258,39,
-271,-4,
-319,77,
-242,59,
-163,134,
-63,245,
-74,264,
-64,149,
-33,3,
-34,-105,
-49,-23,
-59,8,
-80,62,
-81,91,
-62,117,
-30,218,
-20,110,
-32,6,
-120,14,
-193,-11,
-204,86,
-73,181,
4,111,
21,55,
-11,22,
-21,91,
-101,180,
-38,67,
-62,61,
-97,2,
-99,42,
16,64,
-58,16,
-89,55,
-87,11,
-77,32,
-69,90,
-80,71,
-94,33,
-52,61,
-58,79,
-130,76,
-176,5,
-32,12,
-41,8,
-62,32,
-16,13,
-20,21,
-51,-6,
-52,1,
-116,33,
-82,135,
-84,59,
-27,55,
-72,60,
-128,11,
-77,-22,
-98,-24,
-110,-61,
-86,-71,
-59,68,
-76,97,
-115,63,
-119,50,
-90,-17,
-115,-19,
-127,37,
-73,117,
-78,69,
-22,68,
-44,24,
-30,-11,
-42,-3,
00>
_________________________________
00>
00>
Printing STS1 CIR
00>
00>
_________________________________
00>
-9,-95,
4,-43,
-31,63,
56,27,
-14,33,
1,-13,
-5,74,
-13,-39,
22,-64,
-58,-128,
17,-3,
15,35,
7,50,
38,51,
31,-72,
-34,23,
-43,65,
-52,4,
23,65,
12,79,
2,-18,
-2,-75,
13,-21,
-3,72,
-11,27,
12,-12,
48,-52,
-3,-19,
-31,33,
10,66,
60,-37,
61,-2,
50,-61,
73,55,
4,34,
-21,37,
46,19,
3,-24,
24,14,
4,55,
25,-30,
-46,-121,
59,-134,
21,6,
-7,11,
-1,52,
9,38,
22,49,
-25,-15,
21,-49,
11,-11,
21,21,
26,21,
30,71,
36,31,
0,3,
-16,-36,
4,-25,
39,59,
2,16,
14,-15,
54,25,
22,49,
1,39,
-36,0,
-23,22,
-78,32,
8,-15,
-32,0,
-28,56,
8,28,
-25,-15,
-70,-10,
28,58,
-10,-54,
9,-42,
-72,65,
-81,101,
-47,88,
-33,12,
-76,-105,
13,-51,
63,33,
-3,29,
-10,-21,
20,1,
19,18,
-5,-71,
-62,3,
-63,-12,
-41,42,
24,-27,
32,3,
12,21,
-42,78,
-90,72,
-27,7,
-11,-115,
-47,-36,
8,39,
-6,83,
-36,33,
-73,-30,
-47,12,
0,-26,
-21,-31,
-5,37,
45,0,
9,3,
8,0,
-12,43,
5,56,
29,-37,
72,-46,
38,-20,
24,56,
-2,0,
-36,-8,
18,17,
-31,54,
-41,14,
13,47,
30,-58,
45,-38,
-14,-14,
13,7,
-5,53,
19,37,
46,7,
136,-7,
49,-4,
-2,0,
3,53,
35,32,
3,-47,
0,17,
16,-32,
-24,-36,
8,-6,
3,73,
28,101,
-4,34,
-52,18,
-29,76,
-73,-11,
-107,-22,
36,10,
34,-6,
15,-19,
21,17,
-13,17,
-50,-5,
-43,-11,
-39,-15,
15,-2,
-2,-10,
-19,-29,
-9,37,
84,36,
5,98,
-47,37,
-40,8,
14,52,
17,-26,
-35,-17,
28,7,
57,70,
20,80,
-53,17,
-17,5,
98,-60,
51,26,
60,-17,
24,10,
2,93,
-56,-5,
-61,-29,
-40,-72,
10,53,
38,42,
-18,-1,
-52,24,
14,29,
-44,-20,
29,37,
44,55,
-54,14,
1,-12,
-9,17,
-46,21,
-14,-1,
-12,5,
21,61,
24,105,
10,47,
15,3,
-33,-62,
5,-6,
33,-39,
3,-112,
-14,-30,
38,-57,
-34,86,
-14,66,
9,51,
18,27,
38,36,
-9,69,
60,78,
-2,25,
0,31,
-62,9,
33,61,
19,68,
44,45,
20,-5,
30,-17,
18,21,
23,49,
-10,15,
53,41,
-8,-35,
-61,-11,
-35,-23,
-1,36,
-2,28,
-61,-9,
-23,8,
18,11,
30,37,
-23,-3,
-26,37,
-13,61,
-57,1,
36,91,
4,21,
10,33,
-34,12,
24,2,
38,-23,
-54,28,
-23,5,
51,-8,
29,45,
25,-2,
-7,54,
-55,47,
-20,79,
27,57,
4,13,
22,10,
-39,30,
-90,-27,
-82,77,
-39,68,
17,62,
-36,12,
-38,6,
10,0,
48,-14,
-32,4,
-17,51,
8,36,
-7,20,
45,19,
46,26,
54,69,
25,13,
-34,65,
1,-52,
16,-46,
-50,-12,
18,5,
13,-12,
64,-2,
1,31,
4,-8,
11,-54,
-14,-8,
-2,-34,
2,-24,
49,-77,
-21,-27,
-61,39,
-77,39,
-46,82,
-2,32,
13,-38,
15,96,
34,29,
36,14,
52,-7,
4,79,
3,58,
-10,20,
-16,0,
59,15,
52,43,
53,30,
37,33,
74,-42,
-27,-8,
-3,51,
9,96,
-64,-2,
-24,-17,
8,41,
42,60,
-32,28,
-44,-19,
39,6,
18,-27,
-52,52,
-15,74,
2,87,
43,4,
12,21,
-55,70,
-32,79,
-19,53,
-17,2,
-10,-21,
-10,25,
63,21,
41,-22,
71,-42,
-2,-19,
42,58,
62,40,
54,8,
-10,21,
-5,1,
-20,-10,
8,7,
-11,-13,
-10,45,
-44,65,
-45,32,
26,7,
21,-7,
-7,-52,
27,-35,
7,-6,
-25,30,
10,6,
21,61,
-7,76,
-42,20,
-7,24,
24,-15,
-41,21,
42,-68,
45,-49,
33,50,
-3,130,
-44,68,
-17,-22,
262,-156,
1731,-851,
5043,-2454,
7434,-3105,
7044,-2888,
2579,-1217,
-645,463,
-1564,1540,
-1835,2561,
-3047,3644,
-4433,2523,
-4126,-737,
-1730,-2459,
55,-1199,
225,644,
-419,1016,
-868,140,
-1589,-451,
-2241,-458,
-1076,-247,
-387,59,
168,225,
-97,349,
-553,381,
-566,142,
-326,-38,
-31,-58,
173,-53,
158,-63,
83,73,
136,74,
263,-70,
351,-115,
160,6,
1,-39,
-46,-117,
164,-216,
274,-183,
113,-41,
49,-25,
-124,-196,
-267,-289,
-256,-301,
-262,15,
-246,166,
-170,92,
-33,-68,
122,-68,
151,-49,
178,7,
267,45,
224,31,
218,7,
0,-5,
-17,-36,
146,-272,
77,-380,
-181,-340,
-498,-242,
-472,-223,
-92,-115,
-30,-23,
-41,-3,
-113,112,
-197,179,
-139,130,
-60,99,
-7,88,
85,132,
166,99,
-1,63,
-104,82,
-91,58,
99,-10,
222,-76,
242,-92,
194,-113,
140,-95,
-38,32,
-121,228,
-162,230,
-174,111,
-200,18,
-134,69,
-100,138,
-71,184,
-106,119,
-148,129,
-124,147,
-11,90,
-35,-39,
-93,16,
-106,84,
42,74,
86,66,
106,62,
141,22,
107,73,
134,-26,
50,-15,
-37,-40,
-49,-45,
-18,-43,
-36,59,
-60,35,
-25,-7,
-6,-98,
-40,69,
14,85,
-17,125,
-63,110,
1,83,
21,4,
49,53,
25,8,
-7,-28,
-51,31,
-37,-52,
3,-34,
34,40,
31,133,
52,82,
50,104,
-9,1,
62,-56,
47,-80,
74,52,
19,70,
5,10,
39,-10,
-8,51,
-44,54,
5,63,
31,-21,
-34,-8,
-28,-78,
22,47,
80,100,
41,101,
-48,79,
-10,23,
8,57,
1,47,
-6,41,
7,102,
59,-25,
65,-5,
21,47,
-9,64,
-128,-7,
-87,-3,
-31,-20,
42,13,
14,12,
-7,11,
00>
_________________________________
00>
RX Timestamp: 1089622066349
00>
Clock Offset: -989.342 Hz, 0.124 ppm
00>
RX Timestamp: 1090697434745
00>
Clock Offset: 133.896 Hz, -0.017 ppm
00>
_________________________________
Sequence Number: 122
00>
00>
Printing STS0 CIR
00>
00>
_________________________________
00>
34,68,
-36,33,
0,21,
39,-16,
28,-25,
-73,75,
-10,99,
-15,42,
-38,-8,
-30,-1,
-30,6,
9,-42,
-18,22,
25,13,
26,-78,
16,-50,
2,-17,
30,42,
-21,-8,
-9,9,
22,-20,
-22,-51,
-78,30,
24,31,
-48,27,
-29,16,
-57,-6,
-33,11,
22,60,
14,-12,
12,28,
35,24,
2,34,
-54,7,
40,-60,
30,22,
17,23,
65,-34,
54,21,
42,51,
-2,3,
5,-25,
15,-13,
-37,28,
-20,-5,
0,-2,
12,-4,
-55,-4,
-21,-48,
67,-29,
-12,80,
3,66,
30,31,
23,-13,
-58,-34,
-48,36,
20,29,
-23,-27,
-17,-28,
11,-9,
-41,-29,
-4,10,
-21,45,
-53,50,
-9,59,
-57,27,
-7,-30,
-4,23,
-6,3,
-9,-14,
36,0,
-3,64,
-10,87,
35,72,
29,44,
44,7,
-49,31,
-37,-1,
12,62,
-19,-14,
-26,-51,
-37,-52,
-12,31,
7,42,
-12,66,
-75,-14,
-95,-40,
-70,-40,
-57,-18,
-22,-39,
25,17,
3,73,
13,101,
18,16,
-21,-12,
36,52,
38,8,
-48,38,
11,17,
11,7,
31,6,
6,-15,
24,-36,
0,-20,
56,-33,
35,8,
-70,-26,
1,-61,
9,-33,
-23,22,
-49,49,
-28,70,
-7,61,
2,-20,
-3,-39,
-42,-1,
-31,-37,
-16,-25,
128,28,
92,4,
13,33,
10,42,
19,19,
80,77,
20,-43,
-52,-47,
11,-56,
1,-4,
-11,-7,
-10,-23,
-23,9,
-30,34,
-52,-11,
-9,-41,
31,-107,
63,-25,
-17,-32,
-66,28,
-18,38,
11,49,
-52,-17,
-61,-11,
-84,-46,
-12,-47,
-8,-24,
-16,-34,
-6,18,
21,28,
12,39,
-42,-23,
-67,-47,
-67,5,
40,-4,
69,50,
41,2,
66,-6,
-45,33,
-18,21,
-44,49,
-59,43,
33,-30,
11,9,
59,6,
54,16,
17,-4,
10,-87,
-17,-60,
0,18,
-2,26,
-53,-36,
-18,-20,
47,-58,
1,-5,
56,-8,
10,-20,
-77,51,
-67,44,
12,59,
-5,-45,
54,4,
46,42,
1,53,
33,24,
43,-44,
5,15,
12,8,
66,-3,
-47,36,
-51,-69,
-35,-72,
-20,-33,
-9,-14,
1,40,
17,76,
77,67,
27,-22,
16,-11,
8,-69,
-4,0,
5,53,
-15,-1,
57,17,
-15,-23,
-14,-55,
38,33,
-1,87,
-11,80,
2,-3,
-7,38,
-2,23,
5,0,
-2,5,
26,26,
-36,40,
2,-20,
-7,18,
-21,51,
3,4,
24,-20,
81,44,
-27,-23,
-23,-36,
-25,-37,
1,-30,
-3,-26,
43,-39,
68,45,
-22,34,
-74,28,
-44,12,
-14,-72,
56,-45,
80,37,
33,7,
21,30,
0,17,
-3,20,
-56,-31,
4,-55,
28,-32,
42,-37,
9,18,
-9,-82,
-27,-31,
20,-1,
-25,39,
-1,64,
-43,23,
2,3,
2,-16,
21,21,
85,-69,
64,20,
-10,13,
17,37,
-1,-54,
18,-15,
1,-5,
-45,-13,
11,98,
7,54,
-27,-47,
-65,-87,
34,-4,
17,3,
56,-4,
62,-25,
40,43,
-17,31,
-38,-23,
-5,9,
21,65,
46,39,
16,6,
45,-58,
65,-112,
51,-97,
7,6,
30,-35,
10,-11,
-45,-52,
-91,-15,
-19,-10,
21,-19,
59,53,
37,87,
-15,63,
28,14,
-4,42,
-39,15,
12,-37,
21,-50,
25,-53,
23,-62,
42,-22,
16,-17,
-70,18,
-7,-11,
-29,-34,
9,33,
-3,87,
-1,9,
30,19,
3,36,
55,38,
41,65,
38,80,
11,15,
-55,18,
-23,-12,
-12,-36,
17,-2,
22,52,
-9,10,
-2,13,
65,79,
2,-2,
1,-55,
-20,-29,
9,22,
6,29,
-8,-15,
-53,-13,
-49,89,
-98,68,
-91,-1,
-65,-51,
-28,5,
31,25,
63,40,
151,76,
113,24,
10,36,
-6,16,
-56,30,
-23,97,
2,1,
22,-16,
36,55,
-74,14,
-11,65,
44,25,
-9,-53,
-44,4,
59,89,
110,23,
79,23,
31,-39,
34,4,
35,-52,
29,26,
4,63,
222,48,
1174,656,
3849,3237,
5557,5989,
5030,6379,
1173,2801,
-1487,-1007,
-826,-3335,
2987,-5775,
6362,-6049,
6958,-5806,
4175,-3555,
-1569,788,
-3973,1847,
-1794,525,
-60,-218,
-145,-472,
-1020,-818,
-1607,-1273,
-504,-312,
-471,244,
-253,815,
-209,521,
-261,366,
-586,246,
-500,-65,
-382,-12,
-360,113,
222,235,
455,487,
273,359,
81,44,
-73,-51,
-122,-113,
14,-105,
-7,-44,
-92,-7,
-400,-47,
-481,-77,
-475,-31,
-490,0,
-296,-89,
-246,-56,
-487,-81,
-265,-50,
-233,43,
-115,-24,
1,-158,
135,-148,
93,0,
20,16,
34,-34,
55,-148,
55,-253,
153,-236,
160,-248,
129,-130,
-16,-93,
-119,-94,
-347,-83,
-288,-7,
-253,116,
-199,76,
-124,65,
-80,131,
-47,199,
-158,210,
-177,139,
-207,217,
-165,363,
-19,337,
93,106,
163,-106,
45,-81,
-33,-61,
106,-41,
175,-61,
99,-4,
-76,259,
-144,397,
-160,376,
-164,191,
-63,-21,
-92,61,
-113,67,
-138,27,
-89,-40,
-113,23,
-63,107,
27,-11,
28,35,
-19,22,
-44,-10,
-41,49,
-63,-33,
-6,-22,
32,-42,
65,-36,
84,-12,
-51,-11,
-19,-23,
-55,-65,
-63,-61,
-51,-76,
-164,-62,
-84,-72,
-68,-56,
-23,-90,
-40,3,
-85,39,
-129,23,
-47,18,
20,3,
-71,39,
-141,1,
-69,11,
-51,17,
19,40,
-55,20,
-9,104,
-46,48,
28,23,
-35,25,
-62,36,
-36,10,
-101,0,
-66,109,
-37,50,
-27,57,
-55,38,
-95,-15,
-80,-10,
-81,-33,
-119,-26,
-37,25,
-59,77,
-61,129,
-54,60,
10,55,
105,58,
116,40,
1,38,
-36,-2,
-52,53,
2,-17,
-23,-42,
-49,-9,
-42,49,
5,74,
-78,-16,
-77,-37,
-88,-43,
-80,2,
38,15,
19,19,
0,36,
-4,-30,
-82,-15,
-108,-18,
-71,-18,
00>
_________________________________
00>
00>
Printing STS1 CIR
00>
00>
_________________________________
00>
-90,22,
26,-42,
66,-14,
54,-8,
-1,-78,
-19,-36,
-84,24,
-51,-17,
-35,0,
9,11,
54,15,
77,25,
50,-12,
-8,-46,
8,0,
73,-37,
-16,17,
-22,71,
35,31,
-15,-59,
-70,-75,
-50,82,
51,14,
50,-17,
-30,-57,
-21,-68,
-8,-64,
-63,-78,
-23,-9,
-34,-31,
16,-54,
-28,-10,
-30,26,
58,15,
8,75,
-10,-10,
11,-62,
16,-121,
66,-15,
-36,8,
2,43,
-20,-57,
-11,-42,
82,8,
49,15,
32,-111,
-8,-44,
-42,-13,
-44,-18,
-57,-31,
7,-20,
44,21,
53,1,
-1,26,
51,-25,
-42,16,
-71,86,
16,5,
71,15,
18,33,
-36,30,
-52,-75,
-22,46,
-26,37,
-45,69,
-54,5,
-60,-64,
-12,3,
-77,7,
-36,-10,
-50,65,
-31,27,
-8,42,
68,39,
32,26,
-48,-2,
-75,-63,
-25,-3,
-29,19,
-46,-6,
14,-10,
4,38,
34,4,
15,-28,
15,-47,
-71,23,
-22,121,
-54,27,
-75,-9,
-154,-2,
-90,-13,
-28,-32,
-22,1,
20,44,
-6,-24,
1,-44,
-7,-10,
-7,-30,
-29,-9,
25,3,
39,-3,
-72,-2,
-33,45,
-14,47,
3,-5,
3,-25,
22,30,
36,24,
94,109,
-5,33,
-16,-20,
64,-74,
62,-6,
10,-34,
-6,-4,
-57,24,
-29,40,
0,-45,
11,0,
-14,10,
-13,24,
-10,30,
-38,11,
-93,-53,
5,-37,
68,2,
29,-36,
14,6,
42,-22,
-20,5,
-89,93,
-129,44,
-185,-8,
-54,-73,
-54,-22,
36,30,
0,2,
-81,7,
-77,-10,
-80,19,
44,-25,
29,-11,
-37,-31,
-65,31,
-21,42,
-5,82,
-1,21,
-56,22,
-6,-13,
36,-54,
54,-85,
-24,-11,
-8,-3,
-62,69,
24,79,
20,14,
43,19,
41,-15,
-1,-23,
-6,47,
-8,91,
9,17,
49,29,
38,53,
42,-5,
-5,2,
-22,-20,
28,58,
28,55,
34,19,
18,45,
16,47,
-26,-7,
-10,6,
-22,-2,
-45,21,
-38,4,
30,-74,
-7,12,
-9,3,
30,34,
-26,17,
-44,-21,
20,-25,
26,-49,
-17,-8,
47,-23,
73,-27,
99,18,
-20,16,
-57,12,
-19,-33,
-87,12,
-73,54,
-26,22,
48,10,
57,-13,
-9,-10,
27,33,
-9,86,
7,-14,
2,-19,
41,-12,
47,-14,
-8,-24,
49,-6,
-23,40,
-37,51,
19,29,
-32,-35,
-23,26,
-82,-4,
-107,-64,
-41,-10,
77,15,
-5,-57,
-43,-38,
-67,-10,
-70,-14,
-13,-37,
8,42,
-55,110,
-22,33,
-23,-13,
-31,45,
-21,1,
9,2,
64,28,
103,-12,
7,-5,
-51,-47,
-85,3,
-39,-7,
45,40,
99,12,
51,50,
1,-23,
-40,-41,
15,13,
29,-10,
1,-4,
2,19,
7,-28,
-3,-10,
44,85,
54,33,
65,58,
-27,-10,
-71,50,
-16,52,
-21,58,
3,33,
-25,31,
20,-21,
46,41,
-7,15,
-46,41,
-17,-8,
-20,-30,
78,-41,
-19,9,
38,40,
-53,41,
-28,-9,
-15,-45,
-12,14,
10,17,
-31,-17,
1,-4,
-11,-54,
-47,-53,
-59,5,
-13,10,
47,55,
37,-10,
41,90,
2,14,
-21,24,
-17,39,
-18,6,
-28,-51,
10,3,
9,-35,
-17,14,
24,56,
18,33,
-29,1,
-44,-16,
12,-63,
23,16,
-65,64,
-47,20,
-35,-9,
-61,-13,
-5,23,
-16,-53,
-5,-53,
-40,-11,
-53,-38,
-99,-83,
-51,-7,
-14,9,
6,-75,
61,-40,
-53,-32,
38,44,
22,55,
58,-13,
-12,-81,
-8,7,
9,-69,
-11,-9,
73,-29,
-39,33,
0,99,
-20,31,
13,-16,
-10,0,
-18,34,
-7,24,
24,16,
63,-46,
15,0,
-15,-18,
53,19,
-4,11,
41,31,
8,35,
-12,-4,
23,41,
42,11,
51,-33,
3,-76,
-45,-3,
11,-12,
9,-10,
9,-7,
-22,2,
-23,8,
-42,-25,
-61,22,
31,6,
45,24,
23,-6,
-44,-17,
-84,-68,
-49,-59,
-21,20,
-15,-56,
41,11,
27,46,
-12,26,
66,93,
429,1134,
1185,4243,
1560,7236,
476,6984,
-725,2261,
-861,-1103,
-458,-465,
-378,3035,
-406,6754,
-443,7702,
-240,7520,
273,5723,
536,2447,
196,190,
-141,-797,
-103,-1161,
323,-1576,
564,-2116,
328,-1116,
-37,-505,
-190,-8,
-127,-264,
1,-764,
210,-1302,
345,-597,
576,54,
603,104,
621,-79,
419,-342,
208,-517,
115,-793,
273,-798,
370,-584,
266,-381,
-126,-225,
-289,-242,
-168,-360,
-94,-366,
6,-295,
226,-351,
269,-198,
145,-99,
-37,-169,
-253,-89,
-232,-109,
1,-344,
86,-410,
28,-267,
29,-145,
-140,-15,
-70,-30,
-42,-117,
12,-338,
45,-415,
145,-351,
139,-304,
16,-138,
-152,-92,
-204,-63,
-174,28,
-60,-83,
113,-277,
155,-395,
82,-377,
46,-347,
30,-288,
-4,-180,
-117,-145,
-171,-34,
-128,56,
72,76,
141,123,
129,156,
-28,63,
-61,-19,
53,-57,
122,-11,
-29,-41,
-223,-14,
-171,-61,
8,-164,
197,-168,
54,-52,
-127,-44,
-159,-29,
-122,-124,
-95,-125,
-139,-213,
-215,-200,
-62,-143,
86,-110,
136,-149,
47,-156,
-54,-115,
-60,-86,
-37,-121,
-38,-117,
-94,-238,
-79,-182,
-148,-174,
-102,-116,
-22,-52,
1,-46,
6,-174,
-109,-91,
-117,-67,
-98,-96,
-89,-190,
-90,-121,
-34,-23,
-13,-17,
0,-33,
22,-98,
-28,-161,
-98,-60,
-96,-82,
-132,-80,
-75,-146,
-83,-90,
-60,-85,
31,-56,
27,-51,
34,-122,
-4,-182,
-56,-140,
-13,-103,
35,-95,
88,-63,
65,-49,
14,-117,
-55,-150,
-97,-102,
66,-157,
-11,-113,
-8,-98,
1,-37,
-35,-69,
-90,-40,
-68,-32,
-28,-80,
-30,-53,
-12,-62,
4,-27,
17,-83,
5,-63,
58,-95,
36,-90,
15,-78,
-3,-122,
-36,-137,
-53,-91,
-15,-89,
-74,-78,
-16,-25,
43,-46,
63,-93,
18,-130,
-6,-128,
48,-89,
00>
_________________________________
00>
_________________________________
Sequence Number: 125
00>
00>
Printing STS0 CIR
00>
00>
_________________________________
00>
-108,41,
-31,44,
13,-47,
16,-3,
-41,137,
-55,-1,
-54,-76,
43,-5,
-33,42,
73,46,
-15,2,
8,4,
74,-103,
-34,-11,
-41,-4,
-65,37,
-24,0,
7,-22,
18,10,
-11,19,
20,5,
-12,49,
18,46,
-3,-51,
11,-38,
32,46,
20,58,
-32,51,
-3,35,
-41,31,
32,46,
-4,-14,
-55,9,
-117,59,
-94,-22,
-105,-59,
-71,18,
-28,59,
-33,108,
-43,1,
-15,-47,
10,-56,
-1,-4,
-9,-61,
-30,-55,
-33,-11,
1,121,
-59,106,
-13,-2,
6,17,
54,44,
49,21,
-8,0,
-54,23,
-111,49,
-99,60,
-15,-20,
6,17,
23,20,
27,20,
30,17,
-10,-19,
-38,33,
-41,-25,
-12,-20,
-38,1,
-64,-30,
-18,12,
-53,80,
-38,85,
0,45,
28,17,
42,-57,
-40,-27,
-55,40,
37,82,
-42,52,
-9,-36,
43,-44,
40,17,
-30,0,
-79,-48,
-34,11,
-9,5,
-1,-12,
1,32,
17,37,
-20,88,
-72,35,
-80,29,
-109,19,
-65,15,
-31,32,
-72,63,
-47,-17,
52,-30,
9,14,
5,9,
27,41,
58,53,
-80,49,
-37,-15,
-57,-26,
-47,41,
-51,36,
82,5,
71,-2,
20,59,
-3,-9,
-34,-55,
-20,-30,
-31,52,
-12,70,
-11,-14,
8,-54,
-3,-17,
-4,16,
-39,35,
-7,-9,
-41,17,
-36,55,
-14,-20,
-98,-48,
-32,-67,
20,-32,
41,28,
-19,49,
-2,30,
-41,-48,
-20,-10,
-35,14,
11,-30,
-16,-119,
-2,-108,
9,-21,
-13,-1,
-22,79,
-14,46,
-52,44,
-19,-4,
-29,50,
-79,0,
-40,-28,
-14,-42,
44,-33,
4,36,
-58,102,
-21,21,
5,22,
-21,-13,
-3,15,
-25,29,
-18,35,
3,28,
-3,56,
87,38,
-16,35,
3,-36,
42,-68,
-1,-21,
-31,-42,
-40,7,
76,-14,
99,68,
27,-1,
-17,41,
-78,-23,
-36,-21,
-26,-10,
-47,19,
-24,39,
-1,39,
-24,50,
-82,69,
-32,27,
-48,-29,
19,-4,
-84,29,
78,32,
30,42,
82,17,
76,-155,
6,-50,
-11,7,
17,75,
30,39,
70,24,
2,87,
-62,68,
-32,-27,
-3,-5,
-45,6,
-89,-6,
-22,-6,
13,-40,
-6,19,
-30,36,
-20,-63,
5,-63,
32,-35,
-49,11,
-20,7,
44,-20,
52,12,
48,13,
22,-39,
-56,-5,
-15,15,
-50,81,
4,6,
9,-41,
-22,-14,
14,39,
6,65,
-41,7,
49,4,
64,40,
-15,-10,
11,-14,
-12,-34,
41,42,
-36,69,
-36,48,
12,28,
-14,28,
-25,17,
-39,1,
22,-34,
49,2,
-40,3,
-65,-26,
-53,49,
0,47,
-31,-7,
10,8,
-53,4,
18,-35,
45,-47,
-22,80,
-6,73,
-14,-46,
-77,5,
-74,4,
-111,-36,
-4,7,
-41,-38,
11,4,
-15,23,
-25,-26,
-4,-55,
-14,-49,
13,-44,
-56,-28,
-20,45,
32,15,
8,60,
48,28,
-13,29,
-8,23,
-38,25,
2,-12,
-20,-6,
-33,-45,
7,35,
-13,20,
6,8,
-89,-7,
-67,0,
24,72,
14,-7,
-4,67,
-55,94,
-67,46,
61,29,
11,10,
17,4,
-31,-87,
38,-24,
74,0,
34,9,
23,8,
43,-33,
85,-23,
59,13,
-11,62,
17,40,
2,-32,
-33,-59,
-17,3,
19,-30,
-11,-26,
17,-17,
-52,16,
-7,24,
28,45,
13,35,
-6,26,
-27,25,
11,37,
17,5,
-25,0,
-10,-32,
3,-9,
45,35,
-60,35,
3,-66,
53,-63,
35,9,
9,-16,
-18,25,
47,43,
-53,11,
-33,49,
-32,30,
-10,39,
-4,4,
-31,-46,
-50,-33,
12,-49,
44,-81,
0,-47,
42,-9,
-6,6,
-38,-28,
22,-44,
-34,-76,
12,-62,
0,-12,
-20,23,
-86,-31,
-60,-55,
39,-12,
-6,32,
0,23,
42,-5,
44,24,
42,39,
-7,99,
76,42,
82,11,
11,20,
-13,22,
7,4,
-12,72,
-27,63,
-42,1,
-30,32,
50,26,
-18,-24,
14,-16,
-5,33,
5,86,
-131,801,
-761,3815,
-1281,7027,
-1354,7636,
-785,4734,
745,-1218,
641,-2309,
-1268,1049,
-4245,4674,
-6355,5193,
-6876,4922,
-5914,4509,
-3125,2760,
-654,329,
429,-1075,
814,-1331,
1192,-1238,
1663,-1540,
1044,-586,
-14,-321,
-581,-709,
-560,-558,
-234,-939,
96,-1077,
342,-824,
444,-146,
562,-30,
676,-131,
460,-441,
173,-440,
210,-459,
321,-315,
354,-88,
301,119,
252,57,
172,-9,
122,-369,
-45,-437,
-291,-133,
-246,231,
-52,371,
293,271,
368,145,
432,-57,
433,-216,
179,-110,
-37,-105,
-211,-149,
-336,-191,
-345,-189,
-295,-119,
-138,-78,
29,-151,
177,-63,
76,88,
6,181,
158,153,
214,153,
162,147,
57,106,
-17,-31,
136,-190,
338,-333,
325,-293,
101,-235,
-35,-178,
-63,-99,
-28,-75,
62,8,
54,34,
84,26,
161,15,
245,-29,
202,56,
218,98,
302,231,
263,297,
77,5,
-43,-262,
-46,-376,
36,-305,
113,-232,
146,-94,
143,-35,
151,-212,
111,-128,
12,-193,
-40,-212,
-64,-244,
34,-99,
61,16,
95,116,
45,90,
3,-119,
-13,-253,
82,-237,
10,-152,
-57,-102,
-11,-64,
86,-59,
274,-325,
204,-225,
112,-178,
-2,-162,
-40,-107,
1,-25,
13,-6,
-17,-30,
8,-197,
56,-182,
42,-172,
29,-78,
16,-91,
16,-69,
42,-30,
77,-13,
89,-145,
81,-138,
25,-141,
17,-93,
29,-41,
-17,-27,
14,-64,
85,-44,
93,-161,
96,-95,
73,-87,
47,-97,
53,-98,
39,-60,
13,-82,
13,0,
71,-75,
74,-16,
73,-97,
52,-115,
1,-71,
-22,-57,
9,-23,
62,-15,
73,0,
94,-41,
105,-85,
178,-115,
184,-142,
228,-65,
214,-43,
136,-38,
115,-155,
-26,-31,
-26,58,
70,-52,
72,-13,
115,-33,
118,17,
168,-4,
152,-104,
157,-140,
60,-93,
-24,-56,
00>
_________________________________
00>
00>
Printing STS1 CIR
00>
00>
_________________________________
00>
40,-31,
-17,-15,
-74,-25,
-92,-88,
-75,-77,
12,-5,
-2,-5,
33,28,
62,-11,
125,66,
58,112,
12,159,
20,33,
0,-41,
52,-56,
21,-51,
47,56,
65,20,
48,-41,
-9,0,
-52,6,
12,10,
33,13,
41,20,
57,56,
39,79,
45,20,
-103,44,
-47,-8,
41,27,
6,9,
-25,48,
-43,-27,
-35,114,
70,-6,
4,-18,
27,-16,
34,-36,
-3,-24,
32,7,
-5,-8,
20,-30,
31,-39,
42,11,
44,-26,
42,-56,
4,-18,
-26,65,
-74,55,
3,-5,
34,-33,
-27,-2,
39,27,
-46,16,
-52,68,
-25,27,
11,-23,
9,-101,
-6,-53,
31,12,
62,-27,
-25,-15,
-39,-66,
-12,-11,
13,-1,
-4,-31,
-52,-44,
-51,-52,
-79,-15,
1,63,
28,12,
13,-26,
-40,-6,
9,26,
-57,50,
-60,96,
-29,129,
0,25,
31,48,
45,25,
23,68,
27,9,
-10,3,
5,5,
-43,33,
-37,-48,
49,-114,
34,-29,
13,22,
5,88,
-52,-1,
12,-52,
12,-50,
-64,-26,
18,-28,
54,18,
132,32,
38,14,
-25,7,
31,54,
-16,70,
3,61,
-37,-21,
-100,-36,
-29,-11,
-25,5,
15,-6,
4,42,
8,17,
35,47,
13,-28,
35,-42,
40,-25,
-40,13,
-17,67,
38,40,
-13,14,
25,-105,
-10,-28,
-3,76,
-34,84,
-27,-2,
-42,-12,
-25,30,
0,13,
-23,-48,
37,-33,
-11,-12,
-4,-40,
-21,-39,
-33,-25,
-21,8,
5,26,
1,15,
54,-38,
24,47,
54,34,
6,-69,
10,-60,
-9,26,
47,48,
23,-44,
19,13,
84,14,
81,36,
11,51,
-35,31,
35,-1,
-21,65,
-42,13,
-8,-26,
37,-90,
26,-2,
-13,33,
-25,-84,
108,-137,
59,-99,
32,-15,
59,20,
10,32,
-49,25,
-79,-1,
-30,8,
54,39,
65,90,
1,-24,
3,-24,
20,-2,
11,103,
16,13,
66,-95,
50,-46,
86,71,
24,-22,
6,-33,
30,-9,
7,-24,
2,-20,
9,-17,
55,5,
90,33,
-3,-17,
-11,6,
3,-48,
18,-18,
56,-15,
0,-32,
19,-27,
28,-27,
10,-13,
-24,-3,
23,1,
36,-3,
73,-29,
93,-14,
67,35,
10,66,
3,49,
-58,-32,
-7,-2,
-16,27,
43,20,
-9,-46,
-31,-37,
-15,-80,
-4,21,
30,17,
10,-31,
-31,-100,
1,-68,
34,4,
66,15,
52,-4,
87,-7,
4,-16,
-7,5,
-37,-60,
4,-68,
29,-55,
38,38,
-9,17,
14,-3,
-18,-47,
-34,-51,
-38,-33,
-37,32,
29,22,
42,7,
-1,17,
13,-24,
-27,-44,
-11,-88,
17,12,
2,-4,
14,-2,
-24,-42,
37,-14,
10,-62,
43,-14,
19,18,
-144,-29,
-103,-4,
-154,-34,
-98,-33,
24,35,
-21,40,
-56,25,
-81,-19,
-25,-4,
48,-20,
45,7,
64,53,
38,3,
54,33,
45,-3,
-6,-22,
77,1,
-72,-4,
-7,11,
-34,-30,
-24,-36,
41,-7,
24,76,
-28,96,
-5,16,
44,-52,
57,25,
65,102,
25,9,
-19,-51,
30,-38,
-37,14,
-12,39,
-21,44,
21,29,
27,27,
13,77,
-35,5,
-33,-3,
-2,-13,
-36,23,
-70,-35,
1,-5,
32,-32,
-32,65,
-62,44,
-29,28,
31,36,
17,69,
56,19,
43,-16,
44,16,
24,111,
-6,6,
58,-82,
4,-37,
45,8,
19,-32,
30,-41,
102,52,
24,-9,
11,23,
15,14,
-5,14,
40,17,
-31,-6,
36,18,
75,56,
-37,5,
-20,-13,
37,-11,
39,-26,
9,37,
43,34,
19,23,
60,9,
-17,-6,
43,-4,
30,-24,
-14,-43,
1,-58,
-8,-58,
23,30,
15,23,
-29,-51,
-38,34,
27,-37,
42,21,
21,24,
7,12,
8,63,
9,27,
17,-25,
1,-78,
61,-57,
-3,-30,
-93,-28,
-19,-45,
-2,-7,
-10,3,
-72,7,
22,-36,
-18,-36,
87,4,
-16,-41,
-22,-73,
46,7,
59,85,
70,13,
18,-2,
21,-21,
14,64,
-299,595,
-2019,2753,
-4396,5525,
-5201,6025,
-4134,5370,
-560,1063,
1058,-1548,
765,-2454,
706,-3766,
1969,-5274,
3663,-4318,
3934,-673,
2075,1724,
-51,942,
-387,-806,
399,-1183,
1409,-787,
2050,-805,
1430,-14,
560,194,
75,-6,
-208,-25,
167,-434,
451,-608,
340,-291,
-87,53,
-280,120,
-330,181,
-171,-3,
-84,-124,
-197,66,
-262,374,
-276,249,
-141,-44,
-58,-90,
22,42,
-91,182,
-197,206,
-129,108,
85,44,
331,74,
410,49,
336,-62,
300,-200,
240,-181,
186,-65,
154,135,
-49,156,
-142,66,
-193,27,
-206,13,
-275,-136,
-197,-128,
10,-47,
29,189,
12,448,
254,410,
479,221,
536,67,
376,-98,
173,-70,
71,-60,
142,-85,
85,-184,
39,-249,
-9,-192,
16,-87,
38,-20,
35,-38,
28,-52,
90,-110,
51,-91,
-64,127,
-128,258,
-132,193,
-100,177,
17,214,
77,122,
96,-93,
-47,-231,
17,-351,
129,-270,
121,-23,
24,0,
-54,-180,
46,-190,
67,-103,
78,-106,
24,-219,
24,-134,
64,24,
98,25,
9,-82,
-56,2,
-111,-25,
-135,-35,
-104,86,
-97,68,
-77,3,
8,-43,
-42,-54,
36,-38,
1,-50,
45,-52,
12,-19,
63,21,
45,21,
-63,-20,
-114,-80,
-58,-102,
-39,-63,
-91,8,
-127,54,
-107,-3,
-3,-96,
-34,12,
0,29,
-1,-14,
-34,-57,
-112,-62,
-159,33,
-44,3,
-30,8,
-2,43,
41,38,
-24,9,
-72,-61,
-44,-108,
-54,-8,
46,-5,
94,19,
45,-2,
84,-37,
-60,-40,
-29,-29,
-128,43,
-115,87,
-120,79,
-131,-14,
-45,-62,
65,-33,
128,-57,
69,-29,
-49,-1,
-89,16,
-33,-97,
6,-5,
31,-20,
27,26,
17,-52,
62,-51,
34,-29,
37,46,
-16,6,
31,-31,
8,3,
-22,-7,
-20,-57,
33,-56,
19,-59,
00>
_________________________________
00>
RX Timestamp: 130471930630
00>
Clock Offset: 450.039 Hz, -0.056 ppm
00>
RX Timestamp: 131545469659
00>
Clock Offset: 955.868 Hz, -0.120 ppm
00>
_________________________________
Sequence Number: 2
00>
00>
Printing STS0 CIR
00>
00>
_________________________________
00>
24,-39,
42,-11,
27,42,
8,0,
20,65,
-9,-41,
-14,9,
-34,21,
79,82,
-8,-9,
16,-32,
24,-11,
67,-10,
-3,-37,
80,29,
7,49,
35,52,
58,-50,
42,-26,
65,30,
131,-94,
177,-87,
70,-57,
0,50,
-42,53,
-17,-26,
-21,-24,
-40,-88,
-40,-95,
-65,-71,
49,12,
-15,76,
-10,35,
22,-6,
-21,-10,
3,17,
-19,76,
13,29,
25,0,
-31,-26,
-25,17,
-20,25,
22,3,
22,-26,
33,-4,
1,-3,
4,-32,
2,-13,
23,48,
28,0,
24,13,
57,-46,
88,25,
-24,21,
13,21,
24,-9,
-16,1,
-27,89,
-20,30,
20,47,
19,120,
16,22,
-20,-19,
7,4,
-46,71,
3,5,
26,-41,
69,-26,
24,-23,
-19,-45,
-13,-3,
-55,45,
-19,60,
-25,106,
9,37,
27,7,
45,-13,
10,32,
36,14,
16,-7,
20,12,
-64,80,
-40,11,
25,-92,
27,-84,
89,-5,
45,-25,
31,-5,
-21,66,
6,55,
-25,-1,
-6,0,
3,-40,
-10,-3,
30,59,
38,-29,
-1,42,
40,3,
-7,42,
38,46,
27,-7,
44,22,
30,-37,
37,-18,
-30,-34,
-93,33,
-65,-24,
-19,-10,
-11,68,
-14,-17,
-9,-71,
27,-33,
55,-17,
48,10,
-27,13,
-17,44,
-28,66,
-69,54,
-50,59,
-4,49,
36,-57,
60,12,
52,83,
19,58,
30,35,
58,21,
11,-5,
-22,-52,
-46,0,
-62,7,
-15,26,
6,67,
-7,18,
-53,-16,
-114,-44,
-36,5,
12,-16,
16,38,
75,105,
38,61,
35,40,
-12,-4,
-48,53,
-61,63,
28,58,
42,23,
40,-3,
61,57,
-12,2,
33,-74,
-13,18,
-25,31,
-36,82,
-28,20,
8,53,
-33,-12,
-13,11,
-25,33,
14,32,
-2,35,
-8,-9,
8,38,
25,59,
137,-34,
109,-33,
66,-24,
49,52,
-36,34,
-18,1,
-7,-63,
41,-20,
-14,-5,
11,51,
-9,-24,
9,22,
42,51,
49,79,
68,32,
74,46,
21,39,
13,-27,
17,14,
-33,-68,
9,40,
-6,9,
-1,-8,
-17,21,
40,7,
27,34,
54,6,
24,19,
54,-26,
28,-7,
-25,-58,
14,-18,
51,5,
42,99,
18,18,
18,33,
19,14,
4,61,
7,-12,
33,17,
-11,41,
30,15,
15,11,
-30,-26,
-4,27,
-13,29,
6,35,
61,5,
65,-46,
36,-23,
-16,16,
-12,-21,
2,-28,
-51,31,
-98,3,
-28,-24,
6,-1,
19,-31,
-23,23,
-8,-30,
43,-32,
2,47,
8,-49,
-19,-6,
-43,-47,
-8,-50,
6,-51,
-17,-34,
-3,0,
-18,-39,
18,-24,
-1,27,
-5,-18,
-29,-18,
-5,-22,
21,-40,
18,-26,
13,29,
23,8,
2,0,
10,-13,
3,-37,
-53,-23,
-27,-28,
35,-2,
32,71,
-33,23,
-29,4,
-44,-32,
-23,17,
61,4,
55,1,
28,12,
-36,85,
38,64,
48,-36,
122,-59,
37,1,
-40,73,
-48,52,
-72,25,
8,-24,
-61,19,
-22,27,
11,-18,
37,-34,
-9,63,
-55,43,
-14,21,
12,51,
13,-19,
-61,1,
1,33,
3,9,
-19,-1,
-78,43,
-45,-21,
-72,36,
-30,79,
48,57,
34,79,
58,66,
-64,-8,
-41,-51,
-10,27,
47,54,
29,17,
12,-50,
34,-77,
58,-58,
55,6,
92,13,
44,48,
-30,68,
-19,-24,
-14,-17,
-47,-14,
-19,-37,
-16,-31,
-6,-46,
49,63,
37,19,
-56,18,
23,24,
70,54,
9,30,
-55,-6,
-52,-69,
21,-11,
-12,15,
26,22,
21,34,
-25,-7,
-14,5,
-35,-5,
-44,-68,
2,31,
-92,-4,
-52,12,
-10,-63,
52,-59,
0,-87,
14,-9,
17,21,
-43,-9,
32,33,
70,54,
21,-32,
30,-54,
-13,-56,
-9,-41,
-13,-21,
-35,-15,
-13,16,
-7,45,
-80,44,
-15,7,
-11,69,
-32,22,
-73,-36,
17,-20,
47,41,
87,44,
35,61,
46,60,
19,15,
-4,-4,
-11,-2,
27,-53,
3,-21,
7,25,
-366,-273,
-1763,-2189,
-3809,-5864,
-4118,-7480,
-2500,-6157,
527,-673,
1239,2570,
-1379,4126,
-6305,4898,
-7790,4648,
-7493,3962,
-1547,796,
3483,-761,
3612,-484,
818,-16,
-242,325,
225,761,
1198,1555,
918,1164,
394,230,
485,-426,
355,-582,
397,-277,
493,-176,
693,119,
422,131,
430,80,
145,-179,
-421,-454,
-460,-502,
-110,-192,
104,43,
243,142,
253,144,
-45,104,
-91,139,
165,163,
317,83,
549,92,
531,78,
553,273,
306,228,
299,282,
290,150,
238,-35,
58,-33,
-33,66,
-39,41,
-19,22,
55,61,
1,93,
-70,146,
-86,227,
-85,254,
-142,235,
-168,327,
-14,134,
74,137,
185,179,
244,80,
312,10,
263,-46,
121,23,
41,-103,
18,-255,
124,-284,
152,-148,
220,-97,
325,-197,
201,-257,
49,-185,
18,-160,
-105,48,
-14,37,
-64,-21,
-213,-55,
-174,-14,
64,-15,
283,-165,
314,-338,
130,-305,
-52,-210,
-3,-55,
82,66,
156,192,
18,200,
103,86,
52,-48,
-4,-59,
-11,-14,
-19,-8,
-1,-84,
62,8,
135,-17,
52,12,
28,63,
-70,52,
-41,-94,
64,-124,
64,-26,
118,69,
60,99,
128,114,
161,66,
150,109,
58,71,
23,64,
33,-17,
131,-61,
154,-42,
99,13,
100,-56,
137,-21,
94,22,
90,41,
5,1,
39,66,
-36,-56,
5,-66,
14,-34,
69,-51,
28,-57,
78,36,
86,-17,
123,9,
81,-41,
59,-102,
38,-86,
46,-72,
49,-35,
139,17,
13,-1,
14,-53,
-18,2,
-39,22,
7,-55,
47,31,
3,38,
19,-39,
-8,-73,
24,-52,
83,-5,
88,33,
65,-6,
93,-4,
72,36,
58,-5,
78,-26,
78,-15,
97,-3,
-44,21,
-43,-8,
-78,-61,
-26,-68,
-49,-55,
-22,-56,
85,130,
134,39,
00>
_________________________________
00>
00>
Printing STS1 CIR
00>
00>
_________________________________
00>
31,-41,
40,-19,
56,-30,
58,-18,
-1,10,
49,8,
-4,45,
-13,-19,
25,9,
-9,-12,
48,41,
4,-6,
-48,1,
-20,-28,
52,48,
65,60,
-5,68,
9,35,
5,-21,
6,4,
113,97,
80,46,
10,62,
-45,-8,
-28,-25,
69,-32,
62,12,
62,36,
22,16,
84,-17,
55,36,
19,59,
-16,6,
-21,2,
42,57,
-74,106,
-13,33,
3,26,
57,4,
-32,-4,
-10,1,
3,-30,
35,-22,
-40,-16,
-59,23,
-56,20,
2,-19,
18,-28,
-7,24,
-9,14,
12,-68,
61,-29,
11,27,
-69,11,
-92,-36,
-20,3,
83,4,
-3,-30,
-53,47,
-73,0,
-14,13,
-29,36,
1,13,
55,5,
23,31,
61,-52,
56,-52,
27,33,
12,27,
-8,-14,
26,27,
34,-8,
-6,41,
-30,81,
59,26,
74,-33,
59,12,
55,-33,
58,-78,
-10,4,
17,23,
31,24,
-37,-23,
-32,-25,
137,22,
33,32,
24,-13,
-1,-1,
11,13,
38,0,
17,-27,
-16,-5,
8,10,
57,41,
15,100,
68,2,
29,-11,
-73,2,
-54,-15,
-42,-28,
26,55,
37,38,
5,-40,
-37,-8,
-3,22,
36,29,
-8,8,
30,-18,
-23,-25,
2,-23,
6,-81,
-26,10,
-2,72,
-5,22,
12,17,
-9,-8,
-27,-53,
-28,-88,
66,-84,
43,31,
33,62,
28,14,
96,-90,
49,-28,
-7,3,
6,16,
43,59,
-38,12,
-26,13,
18,29,
30,-84,
-11,0,
-13,-22,
11,54,
-29,20,
-10,17,
-19,-17,
-44,-46,
78,-71,
47,7,
46,37,
40,57,
6,-15,
-3,-38,
-63,6,
-11,92,
-22,-5,
22,51,
-16,42,
-21,33,
-2,50,
32,27,
20,0,
11,2,
-9,25,
-26,-22,
-37,34,
-29,-1,
-14,-27,
-46,28,
-27,37,
-6,18,
-32,-44,
-35,9,
-73,112,
-115,64,
-40,-10,
70,-12,
64,51,
-13,-3,
-57,50,
2,-1,
-49,-24,
-87,-21,
-47,-89,
-16,23,
-6,9,
-13,-16,
-34,43,
5,32,
-109,61,
-78,34,
-61,52,
17,37,
63,-8,
17,-25,
28,43,
-61,45,
-63,32,
-66,-15,
4,-45,
42,46,
-20,40,
57,6,
56,53,
3,17,
151,7,
107,11,
52,-24,
6,38,
-35,39,
11,24,
-12,89,
4,77,
2,61,
-19,-10,
26,-11,
55,-21,
8,-12,
-37,50,
50,64,
101,29,
3,-23,
-22,-72,
41,-71,
12,3,
33,23,
70,52,
9,-13,
35,-25,
0,-19,
-36,20,
-8,-7,
25,-53,
24,-26,
-14,-13,
5,17,
11,-48,
-24,26,
-15,-36,
-33,-29,
-52,48,
-21,58,
-18,8,
1,-62,
56,-29,
-14,-50,
8,-56,
-6,15,
53,-5,
46,-29,
21,-4,
11,-22,
3,12,
6,30,
107,38,
-14,2,
-26,19,
-6,23,
20,5,
48,-24,
39,12,
10,-9,
-21,-8,
3,9,
67,43,
69,-21,
-19,-29,
-35,-24,
-56,54,
-88,2,
3,-19,
37,19,
33,9,
12,-51,
82,-48,
18,-55,
-4,-48,
-22,48,
-11,15,
-29,-46,
-51,-36,
-62,9,
25,37,
26,23,
55,56,
31,-7,
74,14,
111,-71,
56,-7,
-35,-43,
28,-1,
36,21,
60,55,
96,35,
-15,-28,
-11,-44,
-18,-48,
-3,-13,
-3,-29,
14,-37,
3,43,
24,44,
72,43,
40,40,
-26,61,
46,31,
10,-45,
80,-25,
25,21,
40,47,
27,14,
4,24,
-15,23,
-39,-19,
-22,-9,
-22,31,
-14,22,
-33,40,
-11,33,
-32,-10,
-21,24,
-1,0,
66,13,
68,18,
26,-24,
-16,-27,
-70,-35,
-39,-61,
13,-38,
-28,11,
-18,101,
38,50,
83,-22,
84,-14,
37,15,
50,23,
29,11,
-14,37,
-2,17,
-15,6,
33,10,
74,-13,
63,9,
44,30,
-6,32,
25,59,
-2,12,
24,40,
31,64,
37,-4,
-14,41,
9,-2,
-37,-34,
41,42,
34,53,
69,23,
59,51,
28,11,
24,36,
55,-2,
38,-43,
-10,-62,
-21,-103,
-152,-418,
-573,-2280,
-1233,-5667,
-989,-7292,
355,-5232,
819,-202,
672,1430,
241,-792,
354,-5099,
609,-7219,
740,-7397,
412,-6659,
-329,-4297,
-409,-1336,
-81,373,
130,1037,
17,1288,
-407,1823,
-582,1517,
-206,491,
141,347,
238,98,
167,526,
-102,775,
-354,818,
-606,14,
-684,-168,
-479,3,
-350,240,
-106,330,
-37,549,
-214,856,
-473,944,
-448,595,
-169,200,
116,50,
337,242,
226,232,
134,301,
-95,223,
-240,201,
-156,78,
26,87,
231,138,
319,160,
156,208,
-39,393,
-183,331,
-87,168,
53,74,
64,-5,
186,-21,
123,163,
41,311,
-89,393,
-181,372,
-242,298,
22,93,
210,23,
236,57,
150,110,
-51,161,
-88,200,
-94,337,
-113,280,
-71,222,
36,263,
120,127,
165,180,
179,12,
135,-77,
-13,-145,
-115,-44,
-115,48,
-71,36,
-82,4,
-141,-28,
-28,81,
65,88,
208,53,
158,77,
77,83,
-52,111,
-2,-20,
111,-47,
52,91,
2,113,
83,200,
163,172,
101,175,
70,123,
-50,126,
-50,196,
-10,185,
19,156,
25,182,
110,131,
96,88,
27,89,
-18,102,
-6,134,
38,123,
73,139,
33,80,
38,84,
85,6,
48,20,
-4,72,
25,193,
5,104,
-7,54,
-54,-32,
-2,-40,
5,47,
46,127,
98,94,
136,153,
59,136,
97,151,
44,41,
66,81,
72,4,
-63,-21,
-57,67,
8,195,
61,150,
7,165,
-14,82,
-22,49,
-31,59,
48,1,
80,80,
33,142,
37,180,
-38,140,
-20,128,
-5,140,
60,56,
-14,-4,
-27,-14,
-25,113,
18,136,
29,132,
-7,83,
10,78,
-45,114,
-3,106,
62,35,
26,156,
66,106,
33,122,
16,2,
79,51,
76,51,
92,51,
105,91,
61,126,
-57,127,
00>
_________________________________
00>
_________________________________
Sequence Number: 5
00>
00>
Printing STS0 CIR
00>
00>
_________________________________
00>
-14,-71,
56,2,
49,5,
54,86,
79,-33,
59,-59,
-85,-34,
-61,2,
-53,33,
-71,-3,
-7,34,
-3,-3,
50,37,
13,85,
-39,46,
58,-15,
-18,-21,
-53,-8,
-46,5,
15,-38,
-8,45,
9,18,
45,27,
50,-51,
89,-46,
31,8,
33,23,
18,13,
16,-3,
-24,14,
15,-33,
39,-4,
33,-36,
28,-1,
-15,-76,
22,-10,
50,7,
56,9,
18,54,
-64,-2,
-15,26,
33,52,
42,19,
71,9,
99,14,
51,-42,
6,-28,
16,-60,
35,-51,
-20,-12,
-67,2,
-9,-19,
-47,-16,
-115,17,
-21,47,
123,35,
70,-3,
77,-48,
-5,-6,
-140,-6,
-95,5,
-41,36,
-21,4,
3,-62,
42,-64,
28,-46,
-7,-66,
36,-18,
-1,-9,
42,36,
-25,13,
2,16,
-59,-25,
-71,-8,
-29,-16,
23,-6,
13,-34,
3,23,
2,-84,
16,-11,
-18,43,
-15,53,
45,28,
77,17,
43,-9,
29,-51,
-2,35,
-30,16,
26,3,
-24,-21,
20,-1,
11,17,
35,51,
22,58,
4,58,
-15,2,
15,-21,
3,20,
-9,30,
-15,-36,
69,-73,
28,-83,
6,-41,
24,20,
-30,12,
7,-58,
-28,-30,
50,33,
22,-16,
16,-6,
7,-55,
-7,-13,
-19,-33,
47,9,
37,-4,
24,-11,
12,-7,
-45,-39,
-45,-47,
-14,-17,
8,32,
14,73,
-3,-20,
17,21,
52,-3,
78,-54,
93,-27,
10,35,
-18,-17,
-56,-19,
-76,-3,
-37,-6,
-46,-1,
-112,23,
4,-48,
-23,-31,
-19,-2,
-21,-30,
26,-16,
-22,-22,
12,-38,
-36,-75,
-18,15,
-11,3,
6,-25,
-50,-69,
-17,-3,
-18,46,
-40,1,
-32,-28,
5,-25,
4,-8,
57,16,
44,8,
-28,4,
-29,-23,
-9,-67,
24,24,
20,-22,
7,-18,
26,42,
43,17,
1,-3,
-10,-17,
-7,-57,
-21,-114,
14,-8,
14,27,
11,-1,
3,-3,
13,-17,
33,19,
50,24,
51,-7,
39,-26,
-16,-21,
-22,15,
-23,-43,
-48,-51,
-35,15,
-62,-51,
-10,-39,
20,-50,
1,-7,
41,-21,
-5,-19,
21,-20,
22,-8,
-5,4,
16,10,
-17,32,
-1,46,
-4,46,
-26,68,
-13,9,
-59,-20,
-66,76,
-97,1,
-8,39,
5,15,
-43,30,
-21,-60,
-44,-32,
18,4,
-43,-1,
27,-21,
13,13,
-83,5,
-55,-12,
3,-32,
23,36,
28,85,
70,40,
-12,-58,
42,11,
38,16,
-31,13,
-64,35,
-69,43,
-37,20,
2,23,
-43,49,
-40,17,
1,20,
-21,0,
-17,-12,
24,10,
120,16,
69,34,
6,26,
-34,39,
-14,37,
15,-9,
41,-15,
77,50,
62,32,
76,-12,
-54,-20,
-76,46,
-58,45,
-20,32,
23,-5,
-4,29,
24,61,
-10,45,
19,11,
-14,-36,
-10,20,
0,33,
10,-20,
8,23,
-63,-16,
-47,-16,
-87,-41,
-18,-10,
17,24,
69,95,
5,22,
23,9,
90,-10,
40,23,
92,28,
70,-72,
36,14,
-24,-34,
31,18,
75,29,
52,-6,
-41,22,
17,20,
68,31,
55,-7,
17,33,
9,77,
33,38,
35,3,
12,38,
55,26,
73,-23,
6,-52,
-7,-10,
47,39,
29,-12,
-10,-9,
-2,11,
60,6,
11,-26,
-11,29,
-40,53,
-34,-27,
-15,26,
-9,83,
30,2,
-5,-53,
-28,22,
7,13,
28,-22,
40,-40,
-7,-29,
-15,39,
-51,-14,
-35,-74,
37,-77,
13,-10,
-21,30,
-12,-22,
8,-13,
-3,-42,
-11,-2,
-59,-4,
39,-89,
20,-60,
2,22,
-16,75,
-17,2,
-20,-31,
-43,-11,
-13,28,
-33,-7,
34,-30,
14,-19,
23,-14,
83,-10,
55,-4,
13,11,
4,-25,
-36,-67,
36,-13,
-10,-28,
-8,-74,
-41,12,
24,37,
48,16,
34,23,
-15,-75,
6,101,
17,95,
37,-36,
-49,-155,
-96,-29,
-63,40,
2,30,
48,-50,
-23,11,
-31,51,
-47,32,
6,23,
51,-20,
14,-9,
-46,-74,
-17,-45,
-1,-24,
-39,9,
-110,-115,
-751,-1357,
-2739,-4333,
-4174,-6521,
-3878,-6028,
-1414,-1136,
532,2059,
863,626,
445,-3694,
506,-6884,
949,-7399,
1138,-7174,
677,-5669,
190,-2289,
183,206,
207,1247,
-5,1501,
-265,1922,
-191,2114,
155,820,
699,186,
922,-160,
731,160,
599,552,
474,1021,
157,501,
-50,220,
-194,267,
-72,523,
1,461,
71,350,
6,429,
-150,391,
-257,303,
-272,113,
-108,74,
45,123,
291,252,
387,113,
203,-177,
-27,-436,
-386,-156,
-361,-50,
-283,76,
-207,403,
-134,317,
-95,73,
42,-54,
255,-199,
378,-162,
463,-86,
168,-22,
-59,34,
-137,124,
-131,30,
-97,-117,
-172,-67,
-256,20,
-312,2,
-173,-9,
-6,48,
78,199,
-35,349,
-138,370,
-102,288,
90,147,
203,128,
156,82,
167,72,
92,-6,
-57,19,
-246,83,
-106,228,
-73,180,
-227,60,
-305,52,
-441,21,
-300,-59,
-38,47,
214,224,
256,172,
177,203,
26,203,
-36,168,
18,227,
-34,315,
39,249,
92,116,
259,51,
263,20,
100,20,
-46,41,
-71,53,
-21,113,
-5,96,
91,136,
98,91,
117,112,
192,71,
155,92,
50,207,
-75,326,
-46,285,
0,191,
31,133,
118,30,
34,-6,
12,19,
61,58,
161,105,
101,159,
-8,128,
-47,110,
7,93,
-37,92,
-42,99,
-77,134,
72,98,
132,59,
41,118,
-3,178,
-2,68,
-34,36,
-27,35,
-81,252,
-21,111,
0,-78,
25,-97,
-12,95,
25,128,
-53,119,
-27,40,
-32,87,
-38,135,
-7,224,
-27,177,
-28,122,
-72,0,
-112,15,
-172,57,
-179,135,
-48,104,
10,130,
17,70,
93,81,
-17,90,
32,106,
63,84,
56,80,
49,153,
-20,48,
36,120,
-28,145,
-12,95,
-20,56,
4,47,
2,83,
26,120,
43,66,
00>
_________________________________
00>
00>
Printing STS1 CIR
00>
00>
_________________________________
00>
29,66,
5,50,
23,-5,
-78,-7,
-8,3,
5,3,
15,12,
3,-38,
21,-33,
-59,-67,
-62,-21,
34,35,
-40,28,
-6,-16,
-58,15,
20,-37,
9,7,
-17,-5,
-56,12,
18,3,
61,-12,
60,-26,
101,-2,
29,44,
-10,42,
37,38,
18,-26,
-8,-68,
-14,4,
42,59,
11,-19,
27,28,
-19,9,
-20,-5,
-8,-23,
-36,-46,
-72,-32,
-38,-26,
-26,-13,
-39,27,
-109,30,
-12,-12,
13,-17,
24,-15,
10,34,
94,7,
37,6,
28,77,
39,57,
46,-11,
-9,-37,
-27,20,
-24,6,
45,-12,
121,6,
98,-24,
45,-13,
66,9,
50,43,
101,-36,
82,0,
76,-7,
73,3,
-35,-44,
-54,-42,
20,44,
26,16,
84,45,
88,28,
18,16,
39,-1,
-23,-2,
22,51,
32,102,
21,128,
68,64,
23,-38,
-5,-22,
31,-80,
3,-81,
-16,-117,
14,-52,
24,-30,
32,28,
29,43,
8,-4,
57,-111,
-43,-48,
-3,-58,
-8,-14,
9,-36,
6,26,
7,-1,
16,18,
-17,-25,
-22,-23,
-15,66,
16,-20,
76,-30,
50,27,
45,22,
66,58,
81,28,
38,-37,
-4,35,
23,10,
28,-28,
20,61,
16,-15,
-13,-10,
-19,-2,
-13,24,
-12,24,
-5,-8,
14,44,
26,59,
84,45,
20,-34,
41,-2,
52,-46,
-12,-62,
-5,-26,
12,3,
-22,-2,
-40,-30,
37,-48,
38,-74,
30,11,
27,33,
15,-23,
-18,11,
13,52,
19,16,
28,56,
99,34,
73,2,
17,58,
-33,-2,
-60,-28,
-33,110,
7,10,
33,36,
33,16,
2,-3,
-29,38,
4,99,
54,33,
56,61,
32,16,
19,-8,
83,-69,
40,-35,
25,62,
-15,17,
-35,42,
55,35,
43,18,
100,8,
30,-88,
72,-32,
28,2,
-17,-43,
-21,17,
-38,21,
49,44,
15,9,
-20,44,
-25,51,
-79,74,
-59,2,
-54,3,
15,-3,
45,44,
12,89,
21,-2,
-3,13,
-8,-19,
-2,-42,
52,12,
102,19,
28,23,
25,-53,
62,-42,
31,-30,
18,21,
56,56,
69,9,
36,-27,
-20,-53,
1,-52,
-47,-46,
9,45,
-8,-41,
55,-38,
39,28,
-1,55,
22,20,
-9,-27,
15,-77,
13,-13,
84,71,
57,73,
-2,19,
-14,7,
-27,-10,
-61,53,
-5,2,
63,-25,
-50,-12,
-27,-60,
9,-9,
28,-41,
-35,0,
38,30,
61,-6,
-20,-27,
-26,-30,
-69,-27,
40,45,
30,54,
40,32,
19,-40,
11,25,
24,37,
-12,-21,
-56,22,
8,14,
28,-23,
38,-12,
82,10,
71,0,
-52,49,
-85,58,
12,18,
24,64,
-50,84,
-74,16,
-38,31,
-11,-8,
-43,-15,
-5,3,
54,36,
-3,14,
66,-53,
28,-41,
-18,31,
29,98,
34,84,
-51,29,
-1,3,
80,70,
63,33,
46,3,
3,-63,
-4,-16,
-17,49,
14,26,
-58,54,
-10,37,
-47,20,
34,-11,
-15,-12,
0,23,
11,6,
-6,10,
26,47,
-9,-1,
-17,54,
-2,46,
-47,-61,
-31,-49,
13,-12,
31,4,
62,58,
10,7,
20,4,
-22,-5,
-63,-7,
-20,-8,
34,-79,
29,-6,
6,52,
37,44,
128,34,
91,27,
-14,82,
-23,62,
-10,39,
-12,-44,
42,-31,
34,27,
71,21,
85,13,
74,-16,
-14,36,
-10,39,
-57,-3,
-38,-47,
21,39,
-54,-63,
17,-50,
44,-7,
40,13,
-19,102,
-29,46,
28,21,
76,-49,
78,-29,
9,-27,
60,16,
93,-49,
13,-37,
-23,13,
-31,-2,
-40,-20,
-5,5,
0,36,
-10,5,
-19,-20,
-67,16,
-5,33,
-3,67,
-109,20,
-5,-28,
61,50,
92,34,
89,-13,
8,-15,
-74,-20,
-37,-27,
-15,-9,
-25,-1,
-15,70,
-3,62,
32,-16,
-3,-48,
-19,-12,
39,44,
32,32,
35,-61,
-18,-31,
23,14,
7,34,
-56,28,
-39,51,
-74,-32,
23,-46,
26,-22,
-73,23,
-3,28,
2,2,
31,-50,
37,-55,
40,-180,
214,-1494,
641,-4984,
712,-7671,
557,-7840,
3,-4365,
-417,416,
149,2095,
1121,2489,
1575,4121,
285,5779,
-2091,4784,
-3070,1475,
-1642,-735,
260,-354,
685,769,
-241,1281,
-1189,1542,
-1498,1715,
-644,367,
-222,123,
184,-347,
182,69,
-62,635,
-303,669,
-357,96,
-16,-270,
180,-282,
176,-75,
153,140,
68,78,
31,-203,
62,-515,
304,-379,
325,-16,
157,85,
-46,20,
-14,-323,
26,-288,
-71,-81,
-285,76,
-443,239,
-323,227,
-57,237,
-49,317,
-43,279,
-104,115,
-113,-72,
-42,-115,
52,-12,
219,-60,
219,-103,
203,-23,
148,-4,
-26,-19,
-215,-132,
-339,-272,
-498,-16,
-456,240,
-346,356,
-214,233,
-53,-1,
-20,2,
33,82,
103,107,
99,141,
84,68,
64,35,
96,25,
51,13,
-61,34,
-127,133,
-90,83,
-113,-38,
31,-242,
24,-344,
42,-420,
16,-146,
12,51,
153,242,
151,297,
137,278,
58,250,
20,80,
110,108,
128,74,
54,50,
12,45,
49,112,
173,205,
117,227,
0,226,
12,164,
96,12,
73,-82,
69,-102,
62,-110,
60,-79,
64,-20,
14,21,
-1,15,
-23,54,
-51,30,
-44,61,
-70,38,
-46,-15,
22,-33,
125,-42,
192,-33,
174,27,
107,34,
-2,-9,
-37,-35,
51,30,
112,20,
82,46,
30,20,
-51,32,
31,7,
29,-39,
23,-92,
70,-156,
42,-37,
-19,-33,
2,14,
23,-42,
49,-60,
74,-36,
22,-14,
-3,31,
-43,15,
-83,-13,
4,18,
8,7,
-22,59,
28,-12,
22,-90,
143,-64,
155,-7,
63,41,
12,-1,
-10,7,
-48,-33,
-52,77,
-12,12,
47,-57,
103,32,
-33,4,
-56,15,
-118,104,
-67,60,
-25,26,
-9,38,
25,22,
68,74,
115,6,
87,-4,
47,44,
68,39,
00>
_________________________________
00>
RX Timestamp: 270794704142
00>
Clock Offset: -490.952 Hz, 0.061 ppm
00>
RX Timestamp: 271868597491
00>
Clock Offset: -52.071 Hz, 0.007 ppm
00>
_________________________________
Sequence Number: 138
00>
00>
Printing STS0 CIR
00>
00>
_________________________________
00>
-10,41,
12,-19,
57,16,
3,14,
-17,21,
7,0,
72,18,
54,-7,
38,-50,
-32,9,
-34,61,
1,57,
-35,31,
8,33,
58,-4,
90,13,
55,15,
27,-17,
-5,9,
5,16,
132,-14,
73,-7,
110,26,
73,65,
17,43,
-37,36,
-37,-32,
-29,-8,
-14,-15,
4,-58,
10,60,
-13,43,
50,79,
19,22,
32,52,
5,19,
-66,50,
-104,104,
-49,54,
-35,-39,
33,-42,
27,63,
126,83,
107,60,
34,60,
14,-9,
-2,-3,
-75,-29,
-15,-18,
36,-16,
-1,40,
32,-43,
41,-48,
76,36,
1,10,
14,2,
23,12,
17,54,
15,8,
-16,17,
27,-21,
-46,3,
25,62,
58,31,
-2,-15,
9,-14,
11,44,
-18,11,
14,6,
51,8,
47,4,
33,23,
6,20,
62,26,
21,-28,
-55,31,
-67,10,
22,32,
77,34,
17,-15,
-17,-31,
-11,-31,
29,-51,
-5,-43,
-48,-4,
25,26,
14,15,
13,54,
-67,54,
-28,22,
-69,-37,
5,-17,
27,-53,
-11,-49,
28,41,
10,97,
36,60,
9,39,
6,7,
51,-4,
48,48,
63,67,
17,55,
-12,20,
7,43,
10,47,
0,15,
13,-39,
-6,-50,
34,-37,
25,-35,
-88,-42,
-1,-27,
14,-2,
53,76,
25,90,
40,58,
56,-41,
36,-40,
-36,59,
-35,105,
-9,51,
-54,50,
1,30,
35,34,
28,128,
-22,57,
20,6,
-30,-17,
32,17,
63,41,
-35,2,
-40,44,
-3,8,
-9,20,
-20,37,
38,16,
28,16,
-31,28,
13,14,
-11,57,
-23,0,
-53,2,
-73,-16,
-14,-5,
10,1,
6,29,
44,16,
22,24,
-27,-40,
-17,-13,
-15,-12,
24,-67,
72,56,
59,107,
-35,114,
-24,70,
42,-14,
9,-28,
-36,-47,
15,-39,
8,47,
-2,36,
73,13,
96,59,
43,54,
-1,13,
-12,-67,
7,-15,
-18,-36,
20,-46,
51,-10,
42,0,
35,-61,
61,-46,
21,41,
-36,49,
-34,50,
1,43,
77,87,
-10,68,
48,25,
46,-65,
33,-12,
64,46,
29,37,
17,-16,
59,-10,
35,-21,
-36,-72,
-31,-5,
25,92,
-4,55,
29,22,
11,19,
-24,-34,
-18,-22,
-83,22,
-73,17,
43,61,
1,23,
-2,-102,
14,6,
-4,19,
-11,40,
38,33,
48,6,
80,26,
16,9,
42,4,
-20,27,
-24,13,
82,13,
26,-9,
50,-36,
-62,-3,
-71,11,
24,21,
-9,-30,
64,38,
67,41,
67,2,
89,9,
26,28,
-26,29,
8,-14,
34,7,
21,28,
4,63,
-16,34,
-57,15,
16,-4,
78,-30,
52,48,
-26,17,
18,61,
-2,88,
23,-31,
45,-37,
70,-40,
41,15,
19,43,
71,23,
69,29,
55,11,
77,-38,
157,-18,
23,47,
-30,84,
-4,52,
14,-83,
-5,-52,
-6,-56,
18,-45,
38,79,
73,74,
-7,32,
10,18,
4,20,
14,28,
60,45,
78,6,
6,-23,
-8,-22,
-83,-17,
-28,-13,
-14,-22,
9,-16,
-56,-65,
-5,-18,
-13,19,
39,63,
83,40,
22,43,
-5,103,
14,-2,
23,-21,
-40,-1,
-47,34,
-56,86,
11,40,
7,8,
26,-32,
39,-3,
-11,26,
36,19,
-20,-63,
15,-14,
36,3,
34,2,
43,-61,
7,-3,
-39,32,
-11,-6,
-58,21,
-9,3,
35,0,
0,67,
50,69,
-4,47,
20,-35,
22,28,
48,29,
-21,-3,
-17,-60,
-12,-8,
64,56,
-8,11,
25,-8,
17,2,
27,18,
-16,34,
-30,30,
71,-39,
8,-17,
23,11,
0,-17,
38,23,
9,54,
-17,-18,
-4,-15,
-23,52,
5,44,
18,21,
-29,-61,
-44,3,
-11,3,
20,-32,
27,-26,
21,7,
24,37,
-34,1,
-27,10,
13,-26,
71,45,
34,0,
-41,-9,
-5,12,
47,20,
47,-21,
-44,-4,
-20,-26,
-9,-14,
14,7,
17,-55,
6,-15,
48,43,
18,1,
3,44,
-33,79,
-50,15,
72,61,
0,38,
-3,-21,
-206,-256,
-1055,-1973,
-2483,-5848,
-2757,-7900,
-1510,-7041,
473,-1163,
707,2314,
-1636,3572,
-6426,3864,
-8072,3226,
-8016,2722,
-2500,759,
2868,-172,
3764,147,
934,111,
-219,242,
26,706,
748,1608,
762,1549,
312,301,
459,-223,
448,-549,
526,-337,
633,-106,
788,244,
372,237,
381,177,
263,-41,
-200,-431,
-332,-627,
-150,-284,
-28,3,
112,228,
113,280,
-224,177,
-245,36,
-17,207,
240,180,
472,224,
475,183,
541,439,
260,284,
186,311,
282,211,
129,48,
109,20,
36,81,
3,52,
12,-86,
88,-202,
190,-158,
81,36,
-14,261,
-154,368,
-277,363,
-285,315,
-143,91,
17,107,
57,148,
255,227,
298,121,
265,184,
89,117,
65,3,
149,-184,
212,-161,
242,-47,
180,-20,
218,-50,
260,-213,
188,-194,
-43,-98,
-141,59,
-72,71,
-38,22,
-157,5,
-191,-55,
-34,-94,
221,-197,
375,-288,
326,-237,
126,-36,
21,146,
49,113,
158,114,
57,99,
46,157,
79,47,
130,-3,
54,-16,
79,-40,
-6,-11,
54,-20,
68,-64,
46,-2,
36,76,
3,40,
-10,-39,
-65,-73,
9,-9,
52,105,
7,81,
-17,97,
58,69,
169,173,
43,113,
20,55,
42,23,
148,-8,
240,37,
121,3,
48,78,
67,51,
96,65,
41,79,
15,-32,
-4,-33,
45,26,
25,45,
10,-109,
1,-58,
-89,-62,
-55,-79,
130,48,
147,120,
119,44,
23,-57,
70,-32,
23,4,
71,20,
59,10,
15,25,
12,58,
4,92,
-1,33,
91,-77,
57,-82,
30,3,
-14,14,
-30,23,
5,7,
52,-28,
39,-26,
-5,5,
30,23,
17,12,
27,20,
22,34,
40,54,
-1,-12,
91,-88,
73,-51,
66,25,
37,2,
32,5,
99,-26,
177,35,
136,85,
00>
_________________________________
00>
00>
Printing STS1 CIR
00>
00>
_________________________________
00>
17,-10,
-21,-43,
24,-24,
15,14,
-24,-36,
12,-12,
-65,1,
5,7,
-1,-51,
36,-18,
-7,-56,
-87,-68,
-2,-3,
-60,-15,
-26,6,
-31,2,
-20,3,
80,34,
12,24,
-4,90,
27,-20,
40,-45,
39,-29,
30,35,
70,7,
56,-39,
77,-25,
46,41,
-8,3,
66,32,
62,51,
-16,7,
-11,21,
-1,-13,
55,-19,
25,46,
9,9,
98,58,
107,18,
61,42,
15,14,
-1,12,
13,45,
39,57,
106,46,
89,25,
95,-51,
43,-8,
42,-49,
23,-12,
8,-19,
45,-36,
6,-41,
3,10,
33,1,
-4,44,
-6,31,
44,-6,
31,-1,
-24,45,
-18,-10,
8,-22,
8,-19,
4,22,
34,38,
35,64,
54,24,
34,34,
118,-34,
18,-13,
-36,-4,
87,-16,
-10,-32,
-54,4,
4,18,
34,-43,
-41,-40,
-16,-1,
-6,-7,
-17,24,
-46,16,
-53,-44,
17,-9,
-44,44,
-46,7,
-37,-52,
-10,-23,
25,6,
-6,13,
42,51,
61,14,
9,34,
32,74,
11,9,
34,-20,
10,-1,
3,14,
4,0,
-9,-40,
15,-5,
53,43,
-9,1,
-18,-17,
-47,43,
-12,72,
-9,-26,
23,-42,
-30,-45,
-24,-26,
-5,-23,
82,27,
79,-1,
20,41,
62,2,
43,-11,
-20,-36,
-6,-21,
-43,-17,
-73,-5,
92,-16,
45,-5,
16,-11,
3,-25,
37,5,
13,41,
-70,-53,
-21,4,
13,16,
59,33,
70,-37,
38,38,
27,49,
41,5,
58,30,
52,44,
-17,52,
-64,70,
66,36,
89,-129,
84,-40,
4,-36,
76,-11,
34,26,
39,62,
-9,4,
-8,-23,
27,-34,
50,-78,
84,48,
28,89,
-46,-5,
-4,22,
-31,22,
2,17,
44,-24,
55,19,
21,8,
8,61,
32,13,
-51,51,
5,8,
23,-23,
50,-42,
32,10,
-35,19,
0,15,
23,-53,
47,46,
2,37,
-4,41,
22,14,
72,0,
58,33,
37,47,
115,43,
34,45,
20,10,
-60,34,
-49,68,
-43,48,
39,-22,
-17,-3,
-6,66,
33,46,
18,22,
-14,-16,
-64,-68,
-89,-23,
-41,-53,
-13,-6,
3,-22,
-62,66,
41,14,
70,13,
27,0,
26,99,
55,57,
68,25,
40,75,
2,29,
-19,-27,
51,-49,
17,21,
42,52,
14,19,
70,92,
52,41,
19,9,
14,-39,
21,-27,
14,-41,
-24,77,
-19,39,
-32,-13,
31,-27,
30,-31,
-8,-58,
11,-69,
106,-52,
40,6,
-30,-21,
4,14,
35,7,
10,-32,
39,-26,
6,-34,
41,-11,
40,-51,
87,10,
94,-19,
70,-5,
-32,-39,
-3,53,
9,50,
77,28,
88,-22,
35,-12,
88,-16,
96,-38,
15,-3,
37,2,
71,14,
-14,28,
3,-43,
25,-6,
63,24,
132,68,
4,42,
24,14,
-5,-5,
99,8,
73,4,
61,-37,
47,44,
61,-16,
31,6,
24,-67,
26,-17,
-2,6,
8,-66,
33,-92,
67,3,
-13,-47,
36,38,
41,29,
9,27,
44,14,
41,-11,
37,-68,
50,-1,
63,-42,
31,24,
76,5,
44,27,
32,34,
-3,45,
-34,19,
-42,8,
-44,21,
-10,-27,
36,-70,
-17,6,
20,-8,
22,-28,
16,-23,
-30,-8,
-30,-54,
23,-64,
49,-6,
-6,17,
-40,28,
-27,33,
-38,30,
-55,-24,
-59,-71,
-23,-9,
6,1,
-5,18,
14,37,
22,-4,
17,-1,
-10,-10,
5,-87,
-7,34,
-12,51,
2,110,
25,-6,
65,-39,
61,-51,
46,-57,
16,26,
12,26,
-6,21,
21,0,
10,43,
48,25,
57,-9,
-24,-47,
-46,-51,
-17,-54,
28,-18,
55,-43,
34,16,
0,64,
-20,61,
48,76,
50,-22,
59,27,
-21,-9,
-36,4,
32,23,
82,23,
84,1,
-16,-13,
24,1,
52,-10,
6,-12,
-4,-55,
6,-26,
32,39,
-57,-9,
-64,-42,
-35,-11,
-11,4,
28,30,
22,55,
-7,-16,
-82,-13,
-78,-31,
-108,-35,
-67,83,
-3,13,
26,21,
-1,-37,
-21,-282,
318,-1860,
1082,-5318,
1886,-7213,
2480,-5332,
957,-287,
70,1540,
402,-241,
2097,-4025,
3412,-6382,
3641,-6591,
3125,-6190,
1684,-4409,
378,-1599,
-151,194,
-232,885,
-484,1073,
-1000,1395,
-1253,1374,
-449,411,
-83,186,
140,17,
2,467,
-406,765,
-735,917,
-623,-90,
-645,-382,
-545,-303,
-495,16,
-232,165,
-206,437,
-367,703,
-550,651,
-537,437,
-265,106,
134,10,
277,172,
180,282,
-12,345,
-181,196,
-335,205,
-210,28,
-87,96,
115,197,
267,261,
123,303,
-95,239,
-240,241,
-190,156,
-11,-59,
57,-163,
82,-55,
49,170,
-150,350,
-215,425,
-292,280,
-306,225,
-68,73,
156,155,
219,189,
170,146,
-16,209,
-120,160,
-184,209,
-142,147,
-143,198,
-166,235,
-60,177,
62,297,
208,54,
116,-100,
103,-247,
10,-256,
0,-41,
-46,49,
-163,32,
-157,31,
-143,37,
22,28,
98,101,
157,63,
-87,124,
-244,-12,
-102,-33,
70,-7,
62,63,
27,131,
-5,188,
29,217,
6,119,
-94,15,
-123,35,
-116,128,
-130,127,
-31,110,
-46,150,
-45,198,
11,180,
19,172,
161,66,
160,180,
-12,115,
-34,41,
-22,109,
77,213,
126,171,
178,136,
120,199,
46,213,
40,141,
-62,73,
-16,19,
26,44,
-67,20,
-21,67,
-23,44,
-17,192,
-10,148,
35,153,
23,47,
-71,59,
-63,24,
-71,-19,
-116,48,
-36,125,
-53,147,
-95,167,
-111,48,
1,55,
3,58,
2,27,
12,77,
58,154,
5,155,
17,128,
4,134,
62,67,
114,112,
62,99,
-47,43,
-81,77,
-15,28,
18,61,
30,28,
-42,30,
-85,76,
-153,17,
-92,-34,
-65,83,
23,139,
14,138,
-59,91,
-40,166,
-5,64,
-33,29,
-43,26,
20,86,
-56,59,
00>
_________________________________
00>
_________________________________
Sequence Number: 141
00>
00>
Printing STS0 CIR
00>
00>
_________________________________
00>
-6,-97,
-10,-9,
30,9,
41,-35,
51,-43,
39,-24,
-6,38,
-15,69,
-11,53,
82,61,
34,5,
50,66,
33,73,
13,22,
94,-22,
1,-3,
-31,38,
23,52,
47,-98,
31,-120,
47,-124,
35,0,
56,30,
23,6,
-29,9,
-13,84,
21,44,
57,-9,
48,-27,
-8,18,
-29,40,
64,54,
38,19,
44,22,
32,33,
54,-8,
61,21,
62,62,
71,85,
86,46,
88,20,
98,-16,
20,-41,
5,-18,
22,-1,
-11,-38,
20,-6,
-29,0,
-30,50,
-7,81,
71,43,
69,-20,
20,-43,
35,-7,
49,41,
-6,1,
-31,37,
7,40,
58,31,
66,-12,
-11,24,
68,47,
57,-7,
80,67,
112,76,
-5,21,
-10,-26,
23,-47,
5,15,
68,5,
82,-2,
-17,49,
-27,88,
25,50,
3,69,
9,67,
24,8,
-6,-14,
43,21,
118,126,
33,90,
69,0,
84,3,
95,30,
53,-11,
61,-21,
19,27,
-80,20,
-34,-8,
54,14,
36,125,
1,110,
40,-3,
16,-51,
23,-45,
-46,-8,
-28,52,
-14,21,
60,23,
104,-6,
10,8,
43,27,
83,9,
96,46,
101,60,
121,15,
75,46,
71,22,
37,49,
29,49,
30,73,
-34,-5,
14,10,
63,-42,
13,7,
-57,49,
-21,21,
-4,-52,
22,42,
-50,67,
-34,32,
-11,-14,
36,19,
9,44,
54,24,
61,-39,
13,-42,
-17,30,
-35,107,
45,62,
16,11,
78,-23,
-19,-27,
-90,-40,
-7,23,
39,31,
32,-97,
2,-91,
-5,2,
82,2,
110,36,
91,76,
88,-2,
30,14,
10,88,
36,54,
86,-9,
25,6,
72,41,
-7,95,
28,-19,
-14,22,
43,-3,
49,8,
-49,16,
49,16,
56,-18,
62,-154,
-12,-1,
-34,104,
54,59,
78,60,
57,-16,
5,71,
-17,38,
16,-11,
37,-46,
11,0,
22,54,
27,49,
77,55,
18,53,
42,17,
129,8,
33,47,
73,80,
109,20,
9,-40,
-107,-5,
-81,22,
-56,9,
28,2,
-21,-25,
-28,61,
-8,40,
28,1,
84,0,
97,12,
43,46,
17,3,
-7,1,
19,46,
0,62,
-45,80,
-23,85,
70,76,
77,51,
20,99,
-16,65,
61,36,
40,75,
77,49,
67,96,
53,3,
51,-36,
21,-88,
-1,17,
13,-51,
50,1,
54,63,
62,33,
107,13,
87,-98,
35,1,
6,27,
29,42,
37,-16,
77,25,
17,81,
-24,82,
-52,83,
-13,-45,
40,-10,
83,-41,
101,8,
36,13,
6,-8,
38,8,
46,-121,
17,-113,
49,27,
51,-5,
60,-24,
161,-6,
122,17,
68,40,
-4,115,
5,-21,
-4,-18,
4,-24,
25,-21,
88,69,
69,93,
33,56,
-63,3,
26,-69,
24,-106,
13,33,
-8,50,
10,11,
-54,-34,
-26,-19,
22,69,
85,149,
94,34,
5,-25,
-50,4,
-29,35,
64,-8,
97,-1,
114,22,
126,-17,
58,-32,
-26,15,
-51,109,
51,82,
30,92,
30,84,
32,-25,
64,-64,
37,-1,
23,61,
25,145,
20,63,
33,2,
57,20,
57,24,
21,15,
29,18,
63,-17,
76,60,
43,79,
33,3,
5,-40,
63,39,
79,-48,
-1,-43,
25,35,
77,64,
68,-11,
50,-9,
58,-19,
21,17,
10,54,
-29,-11,
50,-12,
27,3,
36,-10,
80,-11,
73,-32,
91,-22,
58,45,
13,56,
32,34,
92,4,
38,88,
-2,-27,
-9,41,
35,-23,
16,-65,
-22,30,
-45,46,
2,34,
45,45,
33,83,
9,49,
19,22,
35,30,
84,31,
45,30,
-4,113,
12,93,
135,51,
66,-19,
-41,30,
-7,116,
61,84,
33,-3,
49,-35,
-10,-12,
13,9,
13,9,
28,-4,
-27,-104,
46,1,
21,-22,
-16,67,
-48,37,
-35,3,
4,-4,
0,7,
19,-6,
142,-36,
21,-1,
31,65,
-13,-42,
35,-46,
58,13,
50,-49,
26,47,
75,17,
21,-101,
-15,-141,
-20,-33,
-432,25,
-1570,-218,
-2955,-608,
-2932,-608,
-981,-209,
681,52,
748,-43,
-369,-729,
-1509,-1827,
-1897,-2669,
-1857,-2682,
-1507,-1807,
-798,-800,
4,-188,
408,139,
501,277,
401,530,
499,732,
588,519,
609,66,
410,-287,
289,-239,
325,-66,
398,32,
357,239,
261,329,
86,386,
182,295,
309,63,
260,-20,
161,91,
55,187,
23,57,
30,104,
16,79,
93,-6,
171,-20,
134,-119,
110,-129,
-71,-78,
-165,2,
-81,114,
56,205,
109,199,
191,100,
150,-32,
75,-61,
87,-95,
70,-98,
61,-186,
53,-113,
115,-56,
60,-28,
46,-17,
-34,4,
-36,61,
-36,106,
-91,122,
-78,73,
49,71,
188,-17,
162,25,
65,62,
0,82,
101,123,
86,88,
96,-14,
115,-4,
59,9,
8,133,
-19,105,
-65,67,
23,83,
126,116,
35,204,
-118,132,
-62,60,
39,-67,
123,-27,
124,-52,
83,-12,
113,-24,
110,59,
86,113,
39,45,
2,79,
72,1,
93,-6,
123,-61,
5,-17,
-41,83,
-11,34,
3,83,
76,6,
145,-46,
105,19,
27,52,
40,54,
138,14,
135,50,
103,109,
104,110,
95,56,
58,0,
60,38,
-4,51,
-3,-8,
10,18,
71,-18,
120,-4,
56,28,
6,41,
89,27,
85,78,
14,57,
71,32,
75,20,
-42,53,
-10,83,
31,53,
50,28,
79,10,
49,108,
20,107,
-55,52,
27,-17,
33,29,
39,-62,
71,40,
80,43,
100,-40,
58,-88,
19,-33,
12,68,
12,97,
-4,22,
63,-44,
51,30,
80,38,
45,85,
27,67,
29,56,
60,128,
-24,103,
30,45,
109,39,
105,-19,
-1,45,
39,88,
-15,30,
5,65,
0,15,
55,37,
28,79,
32,46,
-2,-21,
48,18,
51,35,
00>
_________________________________
00>
00>
Printing STS1 CIR
00>
00>
_________________________________
00>
3,6,
133,13,
34,52,
8,3,
46,-66,
67,4,
40,89,
-6,88,
33,25,
-8,25,
-19,-53,
-1,109,
84,71,
84,39,
83,22,
37,20,
8,50,
14,63,
-21,53,
56,40,
19,-69,
-19,-71,
55,-43,
60,30,
-45,-30,
-64,-36,
31,-27,
-6,79,
39,27,
48,-19,
76,-25,
29,-86,
-4,-17,
25,11,
43,105,
-4,89,
-13,35,
13,4,
9,-36,
20,-11,
38,25,
29,146,
3,87,
28,-7,
23,-18,
45,-29,
37,-23,
6,11,
35,-51,
-37,46,
-96,34,
2,87,
38,135,
18,99,
9,7,
-16,88,
25,82,
29,44,
46,21,
89,18,
101,11,
22,14,
-9,47,
-43,-21,
-69,-22,
22,17,
-7,41,
-65,3,
36,16,
-13,17,
-9,11,
21,18,
49,45,
125,-46,
35,-13,
11,104,
-57,118,
-5,8,
-32,19,
23,59,
71,45,
45,46,
39,-35,
36,-35,
26,2,
57,3,
-3,9,
-32,-7,
-16,14,
40,11,
14,62,
50,36,
63,45,
2,-27,
27,-40,
16,-14,
52,-24,
13,6,
-20,40,
-49,71,
10,67,
33,-8,
65,-29,
92,21,
2,42,
-25,54,
-8,55,
-23,-2,
44,30,
67,45,
27,-5,
8,61,
-70,94,
-80,98,
-19,61,
85,-58,
25,-3,
-38,17,
-22,7,
46,-59,
20,-27,
-40,-27,
-144,43,
-69,-74,
-11,-67,
105,-86,
47,8,
56,30,
-6,8,
40,54,
25,19,
-71,10,
-104,21,
-86,42,
-81,-18,
51,14,
54,16,
42,88,
-5,139,
54,95,
107,90,
123,44,
132,45,
63,1,
36,-22,
5,42,
30,-66,
-31,-47,
-12,-47,
29,-12,
4,47,
-11,38,
12,-12,
42,-29,
42,59,
38,34,
-14,22,
10,40,
-16,39,
11,0,
24,-49,
-16,-25,
4,-68,
-1,0,
-32,86,
8,18,
-50,3,
-9,-42,
102,-24,
78,-47,
91,-24,
24,-10,
85,-6,
60,-47,
33,9,
-21,-6,
43,54,
111,47,
-27,59,
-57,85,
-37,93,
-8,59,
89,-1,
17,11,
-37,49,
-52,84,
-10,17,
99,-40,
77,-58,
9,-68,
-7,-19,
66,46,
58,7,
11,-4,
51,18,
51,78,
-8,100,
-48,48,
-66,-57,
-70,-60,
-14,26,
69,22,
105,-46,
34,7,
40,0,
45,-13,
-20,30,
-16,41,
-70,85,
-51,54,
-69,32,
-81,59,
-25,74,
43,123,
51,24,
19,-59,
-6,-54,
73,21,
45,-1,
21,22,
25,38,
38,47,
2,8,
-18,-10,
-45,-5,
44,7,
133,46,
121,15,
66,6,
33,28,
24,76,
-11,-45,
-13,-39,
-17,1,
12,-2,
100,52,
39,75,
-11,60,
-2,47,
-29,-5,
29,25,
98,-10,
68,-34,
-34,100,
-88,173,
2,93,
5,140,
45,50,
51,47,
16,17,
13,-22,
18,20,
8,103,
48,82,
18,104,
6,-1,
-27,31,
33,-2,
27,-17,
56,15,
55,-12,
-16,10,
-22,64,
56,73,
-10,51,
-18,1,
33,39,
15,-11,
48,1,
-31,11,
23,68,
19,64,
42,24,
21,15,
31,34,
-75,9,
-61,4,
-53,-32,
22,-53,
99,-57,
93,80,
55,-22,
4,36,
-8,81,
15,11,
64,-11,
25,-26,
9,-20,
-41,55,
-3,8,
8,7,
51,44,
68,-11,
13,-129,
-22,-17,
-17,59,
-17,9,
33,11,
-9,1,
3,68,
17,-45,
0,-71,
51,-20,
8,37,
-15,20,
80,25,
33,11,
-68,-58,
-59,21,
8,115,
-17,83,
-43,74,
-28,107,
5,72,
91,72,
52,16,
-7,27,
0,-49,
76,-79,
-1,-39,
8,11,
27,13,
24,2,
-25,2,
-3,63,
16,85,
24,68,
-55,73,
-19,23,
-61,-24,
-66,-3,
-41,-44,
9,37,
45,20,
-21,122,
-42,58,
-23,4,
44,-20,
68,29,
16,43,
31,46,
92,-40,
-36,-21,
-41,2,
-27,-2,
105,49,
89,59,
83,18,
61,32,
-30,19,
-61,16,
8,35,
84,20,
84,-103,
-262,-323,
-1179,-861,
-2322,-1815,
-2624,-2098,
-1577,-1158,
-157,-5,
616,364,
1009,162,
1404,170,
1521,708,
777,1397,
-356,1589,
-620,713,
-8,-165,
376,-163,
252,353,
76,680,
187,790,
272,665,
121,251,
-49,-36,
40,-127,
224,36,
207,161,
200,167,
76,53,
40,-38,
-1,-4,
79,-33,
161,-40,
58,-80,
-22,-41,
13,-16,
153,-51,
62,5,
8,-6,
2,-30,
-28,-122,
-70,-56,
-29,44,
-126,152,
-51,143,
114,111,
169,74,
67,108,
34,136,
-23,17,
15,-115,
-51,-69,
-92,9,
-15,-101,
23,-46,
91,-22,
13,0,
-20,-3,
-129,62,
-125,174,
-56,235,
39,269,
40,137,
-44,98,
-45,42,
-9,14,
-5,-64,
87,17,
104,35,
89,11,
102,-44,
-2,-11,
7,70,
-10,133,
117,116,
42,27,
-76,-10,
-50,14,
-72,-37,
-71,20,
-47,22,
23,0,
147,1,
133,-51,
108,0,
30,136,
57,119,
68,-15,
25,-33,
41,-31,
112,-26,
75,-54,
98,-8,
34,16,
123,26,
44,-1,
65,-45,
15,-17,
51,-52,
42,-3,
148,-28,
71,-30,
51,-41,
50,-75,
71,-2,
16,5,
53,36,
-2,72,
-27,43,
62,24,
81,-56,
65,45,
16,65,
-80,75,
-64,35,
-1,-105,
52,-108,
128,29,
75,43,
143,48,
87,2,
27,39,
-28,79,
28,65,
143,-19,
88,-91,
34,-56,
-68,20,
-30,44,
9,50,
-47,94,
23,118,
59,4,
29,-118,
61,-100,
109,-89,
88,-28,
8,66,
-11,-43,
56,-132,
63,-49,
5,-11,
9,28,
1,83,
-8,31,
-2,107,
7,101,
32,2,
-9,-56,
19,53,
112,37,
94,57,
31,41,
55,87,
10,56,
-26,1,
32,12,
-33,-32,
-26,-37,
-22,-30,
69,-49,
00>
_________________________________
00>
RX Timestamp: 411143851711
00>
Clock Offset: 602.531 Hz, -0.075 ppm
00>
RX Timestamp: 412217347724
00>
Clock Offset: -104.141 Hz, 0.013 ppm
00>
_________________________________
Sequence Number: 18
00>
00>
Printing STS0 CIR
00>
00>
_________________________________
00>
-16,-73,
-5,-90,
44,79,
27,103,
-9,-16,
-23,-39,
-22,18,
-35,12,
-28,44,
-12,133,
2,115,
12,42,
-30,50,
-75,74,
-23,9,
67,39,
111,72,
113,35,
-52,-10,
-36,2,
32,-89,
-26,-26,
-17,-38,
-43,-42,
-133,39,
-155,6,
-115,3,
27,-55,
113,-82,
-11,-83,
-42,-11,
-24,1,
-20,26,
33,38,
33,66,
73,5,
7,-56,
71,-24,
22,-33,
12,33,
36,-24,
-8,26,
67,-18,
41,41,
41,-5,
-3,12,
41,-26,
9,-65,
-29,45,
-92,75,
-55,36,
37,-15,
12,-3,
0,35,
-51,-25,
23,-27,
-36,97,
-35,111,
-42,116,
21,42,
14,-1,
-21,9,
40,-51,
41,-61,
-59,23,
-27,80,
14,25,
47,-56,
42,23,
65,-7,
-42,-7,
-75,26,
13,34,
48,19,
43,-100,
16,-113,
31,-42,
85,46,
59,40,
32,57,
7,13,
5,24,
70,10,
50,-15,
-3,37,
-52,58,
-62,-2,
-25,-66,
76,-75,
112,-31,
40,93,
27,-53,
-8,10,
-6,-36,
104,19,
20,-20,
-20,-30,
-70,-36,
-34,-12,
-43,-16,
-43,12,
-43,7,
22,-34,
-49,-1,
12,5,
-42,29,
-12,-58,
-48,-64,
-15,-25,
33,-31,
29,-44,
-29,63,
-45,76,
14,84,
86,74,
87,63,
0,-41,
12,-110,
-35,-89,
-79,4,
-5,15,
-14,-16,
-74,-106,
-89,-53,
-55,-14,
-5,23,
55,-87,
91,-64,
97,38,
7,-19,
-13,-7,
-98,-26,
-58,20,
-75,-13,
32,-60,
49,6,
13,43,
-19,33,
35,38,
-27,33,
38,-53,
23,-68,
-19,-51,
-31,0,
-61,19,
-6,-42,
21,-45,
-12,-12,
-2,-3,
68,-32,
-55,-15,
-45,-36,
-51,31,
-120,22,
-91,-54,
-70,4,
-53,8,
26,35,
40,4,
82,-100,
-9,-37,
43,-38,
6,-12,
40,55,
19,2,
-22,-117,
54,-62,
-12,26,
15,3,
67,93,
80,34,
34,36,
34,-24,
46,-45,
-28,-56,
-7,-53,
30,-19,
34,72,
23,9,
-8,-68,
7,-13,
10,76,
-11,23,
-21,19,
21,43,
-31,57,
17,86,
7,5,
32,59,
0,7,
2,30,
18,7,
10,-46,
46,31,
88,116,
40,132,
2,23,
44,-47,
2,-67,
28,-2,
26,8,
-47,14,
-23,-52,
-27,-13,
42,-40,
-30,-74,
8,-25,
-23,23,
63,19,
15,23,
-26,101,
-55,37,
-6,3,
25,45,
-16,34,
39,53,
27,7,
64,-1,
14,-29,
18,-12,
-32,6,
-3,-41,
-61,21,
43,17,
32,12,
5,39,
-23,24,
42,-40,
44,-16,
12,9,
-26,41,
-63,23,
25,-70,
-7,-119,
57,-136,
64,-37,
32,20,
13,-61,
53,3,
-60,78,
-66,36,
-72,-15,
-10,7,
15,-29,
72,-40,
21,-4,
-29,-14,
77,-23,
52,-38,
3,-18,
-24,37,
-5,57,
48,20,
74,-4,
53,1,
46,71,
-38,37,
-8,-44,
-12,-39,
0,22,
34,-27,
87,3,
56,33,
9,29,
19,-12,
-4,-36,
-41,-10,
-18,-57,
-36,14,
-7,41,
5,13,
-14,9,
-39,87,
7,20,
-16,48,
36,45,
36,2,
34,22,
7,24,
13,10,
43,4,
-82,56,
-32,68,
-24,-42,
-2,-30,
-27,-34,
24,-35,
-23,-7,
-103,-8,
-45,72,
-4,-8,
-20,-51,
-7,-73,
-8,-56,
-1,-14,
-21,-12,
-27,29,
39,-11,
62,-49,
86,-44,
68,-18,
-18,-21,
18,-28,
-13,-50,
45,-67,
50,-12,
55,-68,
-32,-32,
-82,50,
-40,11,
23,-61,
25,-142,
39,-65,
-47,-61,
4,-24,
-21,-27,
-20,88,
24,52,
-68,17,
-84,15,
-15,26,
8,-22,
-16,-41,
-36,-3,
-15,27,
48,26,
10,38,
3,68,
80,28,
69,27,
67,-10,
63,-52,
59,-37,
3,25,
-11,-9,
-26,-17,
1,-56,
-74,-19,
-93,13,
-52,-6,
28,10,
1,16,
52,-32,
61,-17,
-15,-53,
-7,-50,
-40,-60,
-18,-52,
34,-16,
43,69,
-62,8,
-4,-79,
59,58,
91,311,
9,1574,
-181,3274,
-438,3664,
-480,1783,
-190,-447,
412,-1321,
1828,-932,
3796,-420,
4743,33,
2988,97,
-16,-188,
-1582,-487,
-1148,-440,
-157,-119,
251,-173,
92,-450,
28,-760,
-54,-677,
-114,-242,
-240,81,
-213,168,
-214,34,
-157,-45,
-321,-195,
-366,-231,
-219,-194,
-29,56,
6,259,
97,207,
42,12,
-23,-63,
-44,-96,
-125,-61,
-78,11,
4,24,
-52,-89,
-112,-161,
-114,-245,
-141,-174,
-191,-194,
-215,-150,
-149,-83,
-108,-99,
-43,-80,
13,-97,
68,-64,
159,-13,
46,-14,
-11,-67,
-53,-103,
-5,-116,
8,-112,
125,-123,
184,-97,
186,-24,
91,-33,
-18,-53,
-81,-43,
-10,-17,
76,18,
27,35,
-45,-59,
-1,-17,
-85,30,
-126,-29,
-123,-51,
-28,2,
-89,80,
-75,67,
-11,22,
-34,-44,
88,-54,
85,-50,
145,1,
100,74,
78,128,
-73,98,
-251,88,
-222,32,
-67,-39,
-39,-83,
-72,34,
-51,0,
-2,-86,
35,-99,
104,-78,
-3,-51,
23,65,
39,131,
8,134,
-49,58,
-24,-43,
-25,-24,
50,-6,
72,-4,
74,-3,
27,35,
-5,10,
-96,-14,
-27,-67,
12,-54,
25,-36,
1,-74,
40,-83,
81,-25,
38,67,
-64,95,
-90,47,
-96,-46,
-24,-71,
-68,-51,
79,-4,
18,-53,
-9,-77,
-17,-54,
87,7,
31,5,
-9,11,
-25,33,
-43,3,
-4,46,
-29,46,
-71,-22,
-18,40,
-65,65,
-49,-11,
38,-5,
7,58,
-11,5,
5,-27,
73,-1,
125,17,
71,16,
30,-17,
-31,-20,
-61,-26,
3,-48,
41,70,
13,36,
-19,-36,
-8,-28,
-79,-22,
12,17,
-24,22,
-21,-67,
28,-31,
72,35,
65,17,
13,-21,
19,17,
13,0,
126,40,
39,43,
1,-2,
-35,30,
4,-12,
7,-40,
25,-18,
00>
_________________________________
00>
00>
Printing STS1 CIR
00>
00>
_________________________________
00>
0,29,
-78,44,
-36,10,
-4,-57,
25,-84,
3,-30,
-3,-25,
29,7,
-4,32,
8,89,
-91,25,
10,7,
17,12,
46,57,
-56,25,
-105,91,
-68,9,
-112,4,
-18,-67,
21,-1,
72,29,
82,-55,
43,-9,
-72,11,
-152,34,
-58,-4,
26,-65,
-39,34,
-66,-32,
-35,11,
6,14,
28,-55,
-16,-17,
75,44,
102,16,
58,46,
25,1,
36,40,
-35,36,
-23,34,
-5,-23,
11,-48,
-26,14,
19,-17,
46,-59,
12,-71,
-38,-29,
-32,28,
-10,3,
7,50,
-10,-4,
16,-63,
83,1,
37,-7,
78,-8,
-69,4,
-93,31,
-57,62,
-8,59,
-8,77,
45,-68,
43,-47,
-43,5,
-67,7,
-1,-17,
36,-3,
18,48,
-10,22,
4,-39,
19,-42,
68,10,
51,-40,
-5,-34,
8,-21,
51,-22,
6,8,
-36,8,
4,77,
86,36,
102,-12,
-13,-60,
26,-26,
-3,-23,
-5,6,
34,5,
-4,59,
-58,25,
-12,-2,
53,-83,
151,-14,
38,34,
-84,98,
-54,-35,
-25,-136,
18,-156,
-39,8,
-22,113,
-8,16,
-12,-22,
-4,-26,
-9,-10,
-45,-3,
-70,5,
-20,46,
25,28,
-54,54,
-43,65,
-11,72,
-39,14,
-10,43,
0,-10,
19,21,
-37,77,
-48,56,
4,48,
58,45,
10,70,
-64,-12,
-51,5,
77,29,
64,105,
-14,-4,
28,-25,
15,-30,
0,-25,
52,-21,
63,69,
52,24,
-18,6,
-75,-15,
-42,-46,
99,16,
151,6,
54,10,
-50,-17,
-123,13,
-68,-10,
-23,-37,
-18,15,
-80,29,
-69,39,
-137,36,
-12,-11,
60,-9,
45,-70,
21,-24,
-32,12,
-33,97,
-5,84,
0,26,
-35,-5,
-43,59,
-37,7,
24,-19,
18,-22,
89,4,
-50,97,
-109,120,
-121,42,
-48,18,
37,-13,
17,25,
2,33,
-50,9,
-115,4,
-68,-23,
-1,-27,
5,-36,
-16,11,
-82,-14,
-36,-66,
-20,-33,
-49,-30,
-16,-32,
-36,-64,
-11,44,
41,52,
17,21,
-23,3,
-5,11,
78,15,
70,57,
-46,-14,
-66,6,
9,6,
-56,0,
35,10,
7,83,
-45,46,
-2,-1,
-16,11,
19,-10,
-30,-27,
11,5,
9,-58,
-77,-45,
-51,-18,
22,14,
52,71,
34,22,
17,58,
-51,10,
21,-34,
64,-100,
7,-73,
-29,-39,
-92,8,
-22,-22,
29,15,
4,29,
57,50,
-13,76,
37,50,
86,-4,
132,-41,
-57,-65,
-138,19,
-9,10,
-10,12,
39,-48,
-6,-17,
-25,46,
-45,-6,
28,-22,
10,19,
-43,87,
-67,44,
-1,16,
-26,20,
-66,0,
-58,61,
67,-33,
55,-54,
53,6,
-36,70,
23,-52,
-34,-68,
15,-12,
39,37,
7,64,
-18,98,
-77,39,
-21,-45,
9,10,
26,59,
31,0,
24,-54,
-19,-34,
-50,46,
12,55,
46,-21,
64,43,
-44,25,
24,54,
-30,28,
-19,-4,
0,45,
-29,-97,
-42,-27,
-6,0,
-60,48,
72,50,
46,-10,
64,-49,
-18,-39,
-41,0,
7,5,
54,-60,
-6,-36,
15,-33,
50,-42,
156,14,
106,21,
40,-9,
-15,-11,
5,-1,
60,73,
94,19,
69,-29,
23,-45,
-51,44,
-27,19,
-63,-8,
-28,17,
-44,5,
-34,15,
-7,75,
-30,62,
-42,57,
-8,-17,
-18,-8,
-4,44,
18,-27,
-18,-20,
-18,12,
10,-15,
49,15,
43,-33,
-75,-10,
-60,-109,
-14,-59,
-27,12,
26,10,
77,20,
-2,45,
49,28,
-18,19,
1,6,
-31,-31,
15,-15,
49,-49,
4,-6,
1,16,
2,28,
-9,57,
36,69,
69,92,
23,89,
-10,4,
-3,-5,
-13,6,
-20,-28,
-32,-3,
56,-78,
-43,-43,
-64,-80,
-23,-57,
39,-54,
57,10,
-37,-34,
29,5,
-17,-73,
21,-120,
-46,-78,
14,-29,
-46,-13,
-39,-24,
-3,-26,
-5,56,
23,37,
-36,-20,
-79,5,
-22,94,
-24,76,
23,-29,
49,-47,
32,23,
-7,62,
4,59,
13,-49,
-56,-79,
-70,-4,
-7,105,
-125,330,
-715,1118,
-1740,2219,
-2034,2337,
-1139,946,
-68,-493,
173,-623,
-477,297,
-1650,1268,
-2452,1781,
-2453,1962,
-1767,1680,
-873,1068,
-167,271,
188,-288,
310,-409,
505,-310,
680,-329,
601,-300,
256,-66,
33,61,
-14,-111,
175,-368,
349,-265,
342,57,
181,180,
217,188,
233,129,
96,28,
108,-52,
207,-172,
332,-181,
280,-139,
198,-45,
89,47,
-23,12,
30,-118,
57,-143,
55,-45,
160,60,
209,-9,
154,-72,
82,-78,
-4,-85,
-7,-88,
54,-48,
202,-57,
226,-39,
55,44,
-89,-33,
-62,-111,
11,-114,
79,-146,
61,-189,
150,-57,
148,-14,
119,-62,
68,-89,
-64,-132,
-29,-52,
-11,-41,
148,1,
248,-86,
186,-72,
115,-52,
144,-63,
56,-43,
82,-40,
25,-93,
-41,-47,
-87,-20,
-86,46,
-22,58,
88,89,
67,1,
13,149,
100,108,
-2,-17,
-80,-113,
-128,-136,
-41,44,
45,45,
-39,39,
-34,-20,
40,-22,
46,-86,
97,-53,
14,-115,
-36,-93,
-32,-74,
57,-9,
135,-7,
129,-29,
92,8,
82,-40,
54,-25,
22,-22,
10,-72,
33,-61,
98,-32,
98,-5,
-42,35,
-56,24,
16,-14,
25,-89,
-34,-88,
-44,-82,
46,-49,
64,-139,
34,-87,
-27,-41,
-13,-23,
111,-93,
107,-126,
124,-105,
-20,-33,
-95,-27,
-35,-67,
-17,-21,
-1,-7,
30,7,
59,-32,
30,-88,
14,-104,
62,-16,
163,-45,
71,-49,
3,10,
-35,76,
47,64,
63,44,
15,2,
20,-20,
66,-32,
15,-62,
-5,-11,
-9,24,
12,-19,
8,-72,
9,5,
19,45,
4,105,
-70,56,
7,29,
48,-18,
10,-39,
-58,-18,
23,-7,
53,-19,
97,-120,
-33,-37,
-15,35,
-14,16,
10,75,
17,13,
-31,38,
-20,-24,
113,18,
16,-6,
00>
_________________________________
00>
_________________________________
Sequence Number: 21
00>
00>
Printing STS0 CIR
00>
00>
_________________________________
00>
-14,-10,
-43,12,
-19,-125,
-8,-89,
28,59,
-12,61,
74,-78,
11,-67,
1,-27,
-31,-58,
27,-39,
82,2,
15,-36,
-53,34,
-24,18,
11,24,
0,9,
-63,21,
-93,29,
-36,41,
-61,28,
-46,13,
-91,78,
2,87,
-22,7,
-17,32,
-75,17,
-88,7,
20,31,
26,42,
17,-25,
18,-45,
0,-50,
-22,59,
-43,84,
-19,82,
35,9,
69,29,
-8,-62,
-43,-23,
-86,-46,
10,61,
-21,19,
-2,52,
31,1,
-19,39,
-5,16,
-3,-13,
-45,50,
44,16,
0,-39,
7,-46,
21,-31,
-32,-5,
-72,2,
-13,2,
-4,17,
42,-15,
38,-6,
-10,37,
-108,-22,
11,-62,
36,-12,
11,46,
-16,31,
-20,9,
14,-34,
72,-55,
60,-2,
0,-59,
-38,6,
-12,42,
7,7,
94,-24,
59,11,
71,1,
35,18,
51,10,
-42,-51,
-31,22,
-53,-37,
8,-71,
58,-44,
43,7,
10,69,
-23,46,
-19,38,
-78,-9,
49,65,
8,5,
35,14,
-23,-51,
-71,-27,
-99,-93,
-70,-63,
3,-39,
16,18,
-51,16,
19,58,
-48,86,
-85,54,
20,-11,
64,-18,
41,33,
-45,34,
-112,12,
-58,33,
-75,46,
-18,26,
3,-39,
-39,25,
27,4,
16,67,
63,24,
6,-28,
46,-29,
-3,28,
-17,28,
-113,67,
-87,-48,
23,-89,
20,-14,
16,-4,
8,-28,
9,4,
20,10,
64,-13,
0,-40,
-59,20,
-14,40,
36,34,
26,77,
-7,34,
10,-61,
45,-23,
27,11,
-12,112,
22,62,
-33,15,
0,14,
-13,16,
23,-33,
-3,-51,
27,4,
14,20,
42,12,
2,47,
-26,82,
36,53,
-49,13,
-43,-39,
2,-97,
-61,-16,
16,-13,
-38,-13,
-25,22,
16,21,
-26,-23,
-29,-23,
18,21,
54,49,
0,-23,
-74,-11,
-3,36,
-12,-46,
16,4,
2,-22,
37,27,
2,-9,
34,38,
1,35,
47,37,
78,0,
44,4,
4,-13,
-30,34,
-16,0,
17,-34,
-16,-67,
64,-85,
29,0,
-59,-1,
87,73,
48,30,
23,40,
59,-26,
68,-57,
31,-49,
63,-9,
24,-29,
71,-58,
64,1,
20,57,
-60,19,
-115,-40,
-37,-76,
-14,-8,
25,47,
-34,31,
-49,8,
-53,22,
9,11,
-38,-13,
5,-45,
40,-61,
17,34,
2,13,
22,12,
15,-24,
-18,-27,
26,-19,
8,-67,
6,-28,
-16,-33,
-14,-36,
-14,-14,
-36,9,
-43,-1,
30,-41,
52,18,
21,102,
-6,4,
2,13,
-3,4,
-5,66,
-16,61,
-9,58,
3,9,
-78,46,
-13,19,
-9,0,
19,-5,
20,44,
-3,15,
-43,17,
9,12,
16,-14,
-32,5,
-34,-16,
36,-4,
5,0,
-25,38,
24,29,
-4,33,
-25,-39,
-11,-1,
32,27,
5,58,
-33,75,
-76,50,
-48,23,
9,69,
35,-15,
-13,1,
34,-38,
30,12,
-12,-14,
-45,4,
-4,54,
-53,-17,
-62,-9,
25,-63,
52,-10,
1,2,
-65,-44,
-69,-25,
-3,-5,
-30,1,
32,-69,
-45,-31,
-41,-65,
-23,-1,
7,-11,
0,-15,
32,6,
8,30,
-10,27,
-28,-53,
8,25,
-26,31,
36,37,
27,15,
-3,23,
27,54,
-15,-1,
11,-31,
20,8,
8,-40,
-18,-5,
-57,7,
-7,34,
-11,-29,
17,34,
71,66,
16,-76,
32,-75,
21,39,
19,4,
40,-11,
55,-26,
-15,0,
-13,2,
-48,-12,
47,-31,
3,26,
-26,20,
-47,13,
-17,-20,
-50,-21,
-89,-4,
16,50,
-2,8,
4,-11,
4,-36,
-43,-13,
-1,-43,
5,-16,
-1,25,
35,34,
-7,-3,
19,-20,
-6,20,
63,67,
-7,74,
-7,-27,
-8,32,
15,62,
-12,57,
6,-27,
-33,-1,
22,-31,
32,-40,
2,-94,
-45,-6,
-5,26,
32,-29,
6,30,
36,26,
6,45,
-21,-69,
-1,-71,
-6,15,
-75,59,
-24,30,
49,67,
78,30,
48,-5,
35,44,
-8,87,
-40,25,
-3,-20,
37,-19,
303,104,
1779,701,
5280,2144,
6669,2978,
5470,1820,
497,-421,
-1506,-970,
-500,747,
1951,4005,
3690,6457,
3838,6968,
3331,6249,
2110,3588,
585,938,
-364,-238,
-704,-741,
-607,-1158,
-877,-1650,
-978,-1644,
-418,-538,
-908,334,
-496,512,
-683,198,
-654,-192,
-953,-613,
-651,-448,
-318,-368,
-272,-511,
-315,-494,
-291,-269,
-138,-236,
-135,-324,
-59,-329,
47,-260,
66,-166,
18,-162,
-182,-105,
-260,75,
-186,167,
84,230,
422,210,
369,-78,
246,-116,
6,-254,
-154,-448,
-129,-278,
-41,-53,
-80,205,
-144,353,
-198,461,
-189,450,
-115,233,
-5,54,
-27,-51,
23,-16,
111,-59,
206,-119,
238,-152,
260,-96,
172,-93,
-120,-20,
-181,-105,
-143,-301,
-156,-321,
-113,-214,
-119,-99,
-113,-164,
-34,-124,
-7,-92,
50,-101,
178,-120,
135,-161,
29,-244,
32,-159,
157,-160,
319,-278,
350,-259,
205,-159,
-69,64,
-261,193,
-334,156,
-313,8,
-191,-145,
-49,-228,
-84,-238,
-62,-158,
-109,-52,
-180,96,
-277,72,
-293,-23,
-134,-51,
-47,-54,
-28,-80,
-80,-90,
-82,-125,
-131,-132,
-77,-96,
-140,26,
-125,74,
-71,-41,
-111,-161,
-68,-198,
-151,-141,
-101,-12,
-117,19,
-91,-10,
-48,22,
-139,44,
-190,80,
-156,16,
-147,-28,
-60,-126,
18,-95,
39,-2,
32,-78,
-25,-185,
-92,-177,
-108,-65,
-137,-82,
-28,-68,
-25,-74,
-53,-7,
-34,-12,
-26,-82,
-86,-181,
-43,-77,
-11,-50,
-25,-46,
-86,-26,
-137,-43,
-78,-63,
-81,-41,
-115,-69,
-113,-70,
-108,-33,
-97,-51,
-29,-73,
-28,-54,
-44,-87,
-2,-87,
-18,-66,
20,-39,
5,-48,
-29,-82,
-77,-91,
-94,-79,
-40,-72,
-51,-62,
-133,-94,
-53,-71,
-89,-43,
-92,-109,
-32,-74,
18,-7,
15,-1,
-9,-15,
-82,-52,
-78,-91,
-51,-22,
-30,-27,
00>
_________________________________
00>
00>
Printing STS1 CIR
00>
00>
_________________________________
00>
-35,30,
22,13,
26,-25,
-4,-54,
-2,-40,
86,16,
24,28,
17,-38,
-35,-94,
-22,-42,
102,-4,
57,30,
45,51,
49,17,
2,2,
-16,-50,
-47,-30,
-40,13,
30,62,
-21,6,
-8,-37,
-10,6,
-26,-3,
25,-43,
6,-37,
-25,22,
-28,10,
-31,11,
70,88,
28,64,
-14,80,
19,23,
-34,-20,
9,-43,
-41,-49,
-28,-9,
-59,35,
-71,79,
-26,-10,
-6,-34,
20,-22,
-5,60,
-27,-3,
-24,-83,
13,44,
2,36,
2,80,
-8,60,
-28,13,
-15,-75,
29,10,
-33,-2,
-68,30,
-6,10,
32,-9,
17,9,
-63,4,
-13,-2,
4,4,
76,-72,
10,-44,
-35,-18,
-23,-19,
-5,-51,
-13,-99,
-8,-62,
-3,24,
-38,-35,
-30,75,
-52,19,
-26,-13,
-12,-18,
-37,-47,
-7,39,
7,86,
40,32,
-24,7,
33,27,
29,-39,
6,-26,
73,-20,
73,23,
-30,22,
-46,13,
-43,43,
30,-8,
-4,30,
19,-32,
-35,-21,
13,-8,
87,-32,
13,24,
-27,-60,
-77,36,
-52,18,
-7,23,
13,-42,
30,-28,
-66,6,
-39,-23,
17,15,
52,20,
41,-19,
109,-28,
38,-8,
-90,61,
-112,75,
-7,23,
6,0,
-36,39,
-7,37,
-34,-3,
-26,-30,
-11,-11,
-7,-18,
46,-15,
60,-39,
61,-17,
-63,70,
-66,13,
-69,22,
-25,67,
-127,64,
9,24,
25,-11,
-1,25,
26,28,
70,-22,
52,-66,
9,-22,
-62,33,
-68,71,
-70,32,
-6,-5,
-3,-39,
-12,-42,
-39,-10,
-20,-39,
34,-45,
46,-23,
81,-28,
2,-10,
5,-8,
-1,-7,
20,-8,
29,-9,
11,-22,
-35,-4,
-4,-28,
24,-12,
18,17,
6,-15,
6,-59,
67,-15,
69,10,
60,37,
-57,68,
-17,6,
20,-22,
-51,1,
-4,9,
-9,-19,
-11,41,
-33,39,
36,13,
93,-39,
10,-4,
-24,-28,
-49,-24,
-88,37,
-6,11,
28,-28,
-27,-19,
-45,7,
13,11,
42,20,
13,58,
19,25,
-29,44,
-37,11,
-32,-5,
10,-55,
32,37,
11,25,
-32,-18,
76,42,
64,48,
63,49,
52,21,
44,-11,
29,-15,
-11,34,
-18,-19,
22,11,
26,17,
-4,49,
-3,-72,
16,-51,
35,4,
2,-36,
30,17,
32,14,
38,39,
-2,69,
-1,103,
-26,56,
-49,12,
-10,24,
36,-11,
18,-4,
26,78,
-17,6,
29,-53,
2,-51,
-45,22,
-19,4,
-54,3,
-59,-13,
-95,65,
-2,-29,
3,-35,
-43,-54,
-44,-16,
-42,-20,
8,-2,
4,-78,
29,22,
11,45,
-14,82,
14,-8,
19,36,
24,-26,
63,-17,
10,45,
17,42,
-28,-17,
-5,8,
-31,45,
-6,15,
-64,7,
-34,19,
-25,10,
-29,-4,
-2,35,
50,7,
20,46,
34,33,
37,65,
22,10,
12,24,
14,-47,
-25,-12,
-31,34,
-30,52,
-28,-11,
28,-13,
14,22,
-12,-46,
-12,-19,
-12,18,
-5,9,
-80,49,
-25,-5,
5,14,
40,2,
39,-35,
-13,45,
-62,11,
40,82,
3,43,
27,57,
20,42,
-39,64,
-27,-11,
-5,-32,
6,61,
-9,46,
-10,-28,
-34,-56,
-49,-25,
-35,9,
16,-49,
26,-7,
28,16,
27,15,
19,-6,
15,-10,
-28,-72,
18,-35,
51,23,
27,-83,
12,-79,
4,-64,
43,9,
28,16,
24,-67,
-44,-31,
46,73,
16,0,
-19,5,
-18,-37,
-13,-14,
2,32,
22,6,
75,-8,
-11,103,
5,41,
-5,44,
30,27,
14,-3,
30,25,
40,44,
74,-32,
54,-50,
43,7,
85,56,
48,40,
-24,44,
-2,-29,
2,-11,
6,-29,
-2,-43,
36,-21,
44,-33,
15,-40,
-45,4,
-38,-59,
12,28,
26,-12,
4,-33,
-44,-6,
-37,-10,
-61,-35,
-3,34,
3,37,
16,0,
-26,22,
-12,-43,
-49,-9,
-38,-13,
-44,1,
-25,27,
2,8,
6,-61,
43,-35,
67,-40,
81,42,
9,-14,
7,64,
-30,44,
-32,40,
-6,0,
173,218,
1029,1556,
3498,4414,
4954,6126,
4805,5186,
1944,1200,
-275,-758,
-1511,-798,
-2538,-649,
-3753,-1888,
-3313,-3797,
-535,-4321,
1320,-2396,
911,-41,
-302,568,
-711,-273,
-252,-1197,
-110,-1898,
-281,-1963,
-12,-915,
-8,-247,
-47,261,
-237,-6,
-423,-465,
-308,-476,
5,-86,
116,304,
-25,335,
25,123,
-34,58,
2,63,
122,163,
70,334,
-136,198,
-185,-3,
49,-53,
197,80,
240,145,
126,45,
69,-82,
66,-218,
57,-312,
45,-267,
-133,-183,
-136,-120,
-63,-118,
49,-78,
124,59,
109,43,
85,223,
81,368,
32,241,
-64,237,
10,40,
111,-17,
269,36,
393,-106,
279,-349,
141,-521,
21,-318,
92,-33,
62,15,
52,-119,
-60,-162,
-132,-134,
-150,-96,
-136,-137,
-27,-25,
13,3,
24,-11,
23,-23,
3,-18,
71,-37,
56,112,
157,270,
162,241,
204,128,
135,14,
-21,-4,
-162,58,
-210,105,
-169,-81,
-133,-128,
-57,27,
-156,69,
-258,-47,
-68,-91,
-116,-79,
-231,-40,
-194,-138,
-14,-127,
7,-80,
-18,-13,
-20,51,
22,122,
23,51,
-38,76,
-7,122,
-27,70,
28,-21,
2,-56,
38,-101,
-8,-78,
37,-5,
40,14,
136,65,
51,58,
5,147,
-29,92,
-3,6,
-24,22,
-30,73,
-37,10,
-30,104,
-42,122,
-4,62,
-34,-7,
-59,-15,
-23,29,
82,76,
0,78,
-8,50,
85,34,
77,-52,
77,-51,
19,106,
-16,143,
43,60,
76,10,
28,-12,
106,-6,
12,11,
-39,1,
-57,-62,
-6,78,
19,-13,
92,69,
10,19,
-21,-9,
-10,-25,
-15,47,
-11,-57,
19,1,
53,53,
34,-27,
40,33,
52,60,
-2,24,
-18,-61,
-47,-73,
12,-49,
10,-9,
-99,-10,
-102,-3,
-20,62,
-48,111,
19,105,
21,-9,
-37,-22,
-79,-31,
00>
_________________________________
00>
RX Timestamp: 551501960240
00>
Clock Offset: 397.968 Hz, -0.050 ppm
00>
RX Timestamp: 552577470464
00>
Clock Offset: -141.335 Hz, 0.018 ppm
00>
_________________________________
Sequence Number: 154
00>
00>
Printing STS0 CIR
00>
00>
_________________________________
00>
133,2,
68,-25,
46,-42,
58,-42,
59,27,
30,16,
-42,-74,
-79,-49,
-87,-27,
-27,1,
18,71,
85,45,
-9,3,
6,-45,
53,37,
33,-10,
25,33,
-30,42,
-5,65,
18,27,
59,36,
-49,15,
-57,15,
6,25,
-6,17,
25,11,
56,8,
146,22,
66,-39,
54,8,
13,25,
-3,-18,
68,54,
30,50,
56,60,
-3,-7,
0,0,
-37,-1,
-34,-20,
-35,-25,
-24,-62,
-32,-30,
-23,4,
-45,-5,
11,-16,
32,27,
12,5,
19,-38,
22,-21,
53,-56,
-3,-14,
81,14,
13,32,
25,-19,
-72,-37,
-21,-51,
21,-60,
9,-40,
24,87,
86,93,
20,70,
-34,61,
-23,7,
18,6,
2,-18,
71,-1,
-12,-25,
39,-44,
-99,13,
-61,-30,
-77,-30,
1,-21,
29,-24,
-11,-41,
-46,48,
-79,19,
-31,-27,
-30,32,
-23,22,
27,77,
14,65,
7,62,
10,24,
-82,-22,
-41,-37,
-3,-49,
29,26,
-52,-7,
13,32,
25,35,
29,12,
50,-30,
-44,23,
3,20,
-31,16,
25,25,
58,-51,
-11,-53,
36,-41,
36,-76,
46,-7,
-33,31,
-60,-56,
-44,-52,
-90,-35,
-47,-27,
49,65,
9,114,
38,74,
-6,-2,
2,-56,
-48,-3,
-8,-4,
53,-22,
44,-24,
-8,-31,
-92,-11,
-40,30,
-21,10,
29,4,
-10,-8,
4,52,
-45,17,
-52,-1,
-42,21,
-31,2,
-57,43,
-50,-8,
-26,95,
-42,36,
-17,53,
-30,47,
11,36,
41,48,
27,62,
24,30,
40,31,
50,14,
19,-2,
56,36,
44,30,
38,48,
22,-39,
26,-46,
-7,49,
42,18,
98,-13,
-3,-79,
-7,-26,
-25,19,
30,-27,
0,-56,
-19,-23,
12,2,
-6,38,
26,78,
-32,65,
-17,12,
40,40,
33,36,
-44,-33,
-12,-4,
40,-1,
16,-10,
19,-20,
49,-19,
29,25,
32,6,
35,1,
-17,-25,
31,13,
14,-1,
-10,-31,
8,-76,
25,-29,
-3,26,
28,13,
-59,17,
36,7,
-10,13,
74,29,
5,67,
-69,-3,
-6,-30,
-10,-44,
14,2,
21,68,
15,40,
25,17,
-9,-16,
-4,-31,
-4,-74,
19,-9,
-4,-36,
34,-29,
-33,6,
54,-39,
42,11,
18,1,
-40,-36,
-37,-56,
-4,26,
-14,74,
54,20,
67,-13,
15,4,
25,7,
34,46,
34,78,
50,-24,
101,-26,
72,-7,
34,33,
44,28,
-66,-41,
19,-5,
-21,-38,
-65,50,
-34,50,
28,10,
29,-21,
-39,-22,
-60,32,
-5,97,
9,61,
-7,0,
-6,25,
3,12,
20,8,
-31,21,
26,3,
0,-9,
13,-31,
8,72,
64,24,
20,-17,
29,22,
-19,39,
33,29,
6,-9,
18,27,
36,8,
5,7,
-22,21,
-46,-10,
-32,-18,
21,64,
23,-11,
-15,-29,
52,-67,
3,46,
-30,16,
-10,-2,
-3,10,
-18,29,
59,24,
138,-69,
74,3,
4,45,
-6,27,
-20,24,
1,11,
-54,-48,
-48,11,
-51,-7,
-31,36,
58,2,
47,-19,
22,1,
-31,4,
-28,-22,
-12,34,
-6,81,
-49,58,
-20,38,
-2,14,
18,-35,
16,-60,
-12,-63,
30,41,
34,74,
46,59,
56,39,
18,-21,
-54,-14,
-45,1,
-18,19,
20,57,
18,61,
1,77,
5,56,
-31,27,
33,2,
-2,0,
-49,-42,
19,-16,
38,4,
-30,26,
-30,18,
-74,37,
-70,-24,
6,-55,
15,16,
-16,21,
24,14,
-12,-24,
-41,7,
-20,48,
-23,5,
-11,45,
10,-16,
-12,8,
-51,51,
-5,74,
11,-8,
-50,-118,
11,-24,
18,27,
14,-10,
18,-24,
22,9,
-30,48,
-61,25,
-66,38,
-25,-86,
-55,29,
9,41,
28,51,
68,74,
44,98,
28,17,
0,-5,
-5,46,
30,53,
-12,89,
53,-19,
-37,-5,
-24,26,
-1,-13,
33,-61,
12,-58,
13,27,
40,69,
57,20,
-4,40,
-4,26,
30,12,
55,5,
-37,9,
1,19,
97,33,
892,849,
3049,3763,
4527,6774,
3947,7054,
604,2840,
-1134,-1177,
-223,-3253,
3822,-4970,
7220,-5053,
7559,-4715,
4508,-2587,
-1396,467,
-3993,988,
-1638,251,
46,-200,
41,-507,
-762,-999,
-1408,-1605,
-587,-427,
-526,175,
-256,876,
-330,428,
-412,354,
-700,101,
-529,-116,
-428,-67,
-497,149,
134,301,
588,578,
321,408,
71,62,
-91,-153,
-281,-202,
-24,-170,
52,-109,
-57,-56,
-333,-37,
-482,-75,
-498,-69,
-526,-84,
-310,-154,
-242,-150,
-348,-114,
-167,-60,
-93,-19,
-12,-95,
37,-161,
39,-73,
31,46,
-64,44,
-53,-71,
-11,-142,
48,-346,
90,-227,
134,-293,
54,-76,
-55,-76,
-122,-103,
-301,-161,
-229,-94,
-249,-82,
-224,-74,
-161,3,
-154,106,
-189,198,
-294,251,
-231,142,
-212,144,
-273,362,
-112,285,
43,262,
199,117,
114,6,
41,-39,
103,-117,
144,-102,
42,3,
-87,200,
-221,319,
-121,300,
-14,235,
-2,85,
-56,-41,
-144,-145,
-126,-131,
-37,-70,
-102,63,
-40,96,
44,122,
56,38,
61,8,
-17,81,
8,44,
38,10,
57,-39,
65,-78,
76,-76,
-15,-1,
-23,-5,
26,-22,
-13,-42,
-67,-5,
-72,-108,
-46,-130,
-49,-98,
18,-32,
3,-59,
-36,-16,
-102,24,
-127,-5,
-95,-8,
-47,-2,
-20,27,
-115,-130,
-38,-15,
-22,-15,
21,-41,
-17,-73,
17,-25,
-83,74,
-41,78,
-48,126,
-97,-18,
-36,8,
15,47,
22,58,
18,43,
-18,17,
-26,3,
-80,14,
-48,-56,
-14,-68,
-39,-56,
-34,32,
-62,82,
-76,38,
-42,-15,
-27,11,
-39,63,
3,40,
-6,62,
-121,107,
-71,29,
-65,-18,
-38,8,
37,-32,
102,-48,
50,-21,
-21,16,
-75,-11,
-67,-26,
-87,-28,
-51,-61,
-95,-95,
-160,-65,
-116,53,
-168,83,
-68,8,
2,6,
-38,21,
-72,52,
00>
_________________________________
00>
00>
Printing STS1 CIR
00>
00>
_________________________________
00>
54,2,
-37,9,
11,18,
-47,5,
14,45,
53,25,
-21,-5,
-80,-29,
-36,-12,
-114,27,
-72,40,
-23,19,
36,31,
45,10,
26,35,
44,70,
-11,62,
17,68,
44,-10,
35,-18,
62,23,
44,-20,
73,-1,
57,5,
80,33,
14,5,
-46,-43,
73,-9,
37,3,
52,-10,
-13,39,
-36,72,
-7,-16,
-47,-40,
-41,15,
-17,64,
48,48,
21,55,
23,52,
18,-7,
-13,-33,
9,-38,
8,-1,
-36,-4,
-20,45,
27,30,
21,53,
45,48,
21,69,
-20,-1,
-6,5,
33,-37,
6,20,
-2,4,
-2,8,
18,6,
24,-15,
47,-40,
13,-28,
17,-27,
18,45,
27,5,
56,26,
58,-10,
17,-19,
15,0,
75,7,
95,-38,
23,28,
-18,21,
-24,67,
34,14,
11,-30,
-21,-27,
35,34,
36,19,
58,-26,
22,-3,
5,51,
46,57,
61,82,
59,29,
53,17,
59,-15,
12,-20,
-21,-23,
-12,-22,
21,-29,
11,2,
19,36,
100,7,
83,55,
3,-36,
16,-15,
-9,-8,
-18,58,
20,78,
77,19,
47,-51,
-35,52,
-10,87,
20,33,
14,-33,
14,16,
55,59,
68,4,
76,-2,
58,-58,
41,-3,
41,-83,
0,-17,
16,-15,
-6,-60,
40,-53,
59,-3,
-38,52,
45,-19,
18,-21,
-34,-30,
-89,-31,
-49,-53,
-12,-14,
-40,-18,
-12,-39,
-32,-21,
-16,-15,
13,27,
1,-12,
43,6,
-20,96,
18,-9,
70,-60,
22,38,
15,18,
-15,8,
-67,-23,
-77,27,
-81,78,
-68,62,
-45,40,
-34,4,
40,-29,
27,-48,
-8,-1,
39,12,
-55,15,
6,10,
-21,45,
19,74,
22,38,
11,38,
-29,14,
-42,9,
24,50,
14,82,
0,125,
-73,2,
23,-31,
80,-1,
29,1,
85,3,
26,29,
-22,-68,
26,-88,
13,-22,
-19,13,
-48,62,
-21,68,
-2,57,
44,-12,
-59,32,
-66,53,
-9,28,
-37,32,
-13,49,
-34,52,
-82,1,
-50,-12,
61,3,
25,-19,
37,-3,
29,-18,
49,8,
-16,49,
-16,6,
-35,-26,
64,-29,
46,14,
-9,5,
13,-47,
48,15,
52,-75,
-66,-6,
-91,26,
-77,-9,
-11,49,
-32,-15,
40,-86,
-1,13,
-101,6,
-36,-39,
-63,-41,
-41,-68,
-8,-5,
-10,1,
71,-14,
35,-3,
21,25,
-50,20,
23,78,
21,67,
64,62,
110,32,
42,34,
36,-40,
-8,44,
-51,34,
-40,16,
-21,-3,
-37,42,
16,-23,
22,5,
28,37,
48,49,
114,16,
13,44,
-40,-34,
-29,-2,
59,-42,
41,-29,
-10,76,
-2,79,
43,26,
75,-14,
46,-31,
-35,-19,
-1,1,
44,22,
57,46,
15,57,
-9,23,
26,-49,
72,-11,
58,67,
-21,16,
0,58,
32,40,
27,37,
42,45,
47,42,
41,66,
64,-11,
12,-3,
-7,2,
18,-34,
47,-17,
58,33,
-16,32,
13,-31,
13,39,
3,-2,
54,43,
13,78,
24,56,
46,68,
32,0,
-8,35,
-8,23,
-12,-16,
14,-13,
31,-15,
47,2,
-2,-54,
-59,9,
-33,8,
17,-3,
8,3,
41,-15,
66,5,
28,-11,
40,-36,
35,-41,
24,-92,
-44,-69,
-53,49,
-75,35,
11,20,
67,2,
46,-30,
26,-23,
2,45,
11,-13,
5,19,
-42,-12,
-19,96,
-8,-1,
46,-32,
56,42,
6,29,
-37,6,
15,-40,
-22,-33,
-16,-19,
30,-57,
35,-3,
43,7,
66,6,
49,-41,
68,-3,
-24,8,
1,40,
17,53,
-13,66,
44,102,
53,62,
62,66,
22,15,
27,-32,
-26,-24,
-46,15,
-26,-34,
-9,-40,
27,23,
-6,-11,
-20,57,
3,-17,
49,-25,
27,16,
13,28,
4,-9,
7,5,
39,-6,
27,-53,
19,-74,
1,-35,
-30,59,
5,-7,
-8,-49,
36,-5,
56,92,
-24,88,
-24,-10,
1,-6,
35,14,
12,22,
21,3,
-20,-41,
36,48,
26,-10,
53,38,
24,118,
199,1120,
318,4193,
336,7249,
-587,6922,
-934,2005,
-563,-1141,
-290,-532,
-803,2865,
-1560,6562,
-1788,7481,
-1480,7201,
-526,5546,
183,2402,
214,176,
31,-834,
107,-1046,
575,-1377,
962,-1993,
512,-954,
113,-432,
-44,-219,
-21,-420,
197,-756,
480,-1044,
581,-243,
673,221,
632,199,
583,-37,
239,-278,
71,-404,
184,-680,
412,-729,
533,-542,
384,-289,
-18,-150,
-301,-194,
-233,-344,
-150,-304,
-6,-296,
207,-330,
287,-150,
139,-97,
-90,-118,
-320,-125,
-233,-208,
26,-250,
193,-353,
189,-265,
1,-43,
-108,60,
-129,39,
-38,-90,
40,-301,
34,-337,
143,-295,
264,-238,
91,-69,
-170,-94,
-244,-69,
-112,-53,
-8,-106,
81,-183,
154,-298,
110,-294,
96,-228,
64,-260,
-52,-194,
-204,-150,
-194,-83,
-171,10,
-75,146,
39,181,
58,79,
4,8,
85,-18,
151,-54,
114,-22,
9,-70,
-114,-53,
-163,-34,
-36,-33,
67,-46,
-33,-121,
-95,-16,
-80,0,
-42,-85,
22,-147,
-47,-240,
-64,-197,
-26,-107,
88,-88,
161,-151,
100,-87,
85,-88,
47,-64,
35,-199,
21,-204,
-58,-226,
-79,-158,
-22,-163,
-3,-67,
22,-30,
38,-54,
81,-121,
11,-117,
-80,-67,
-58,-114,
-19,-165,
-3,-170,
-7,-21,
6,-6,
23,-22,
78,-116,
-21,-93,
-46,-121,
-87,-92,
0,-20,
-47,-45,
-29,-71,
58,-109,
59,-62,
45,-33,
-4,-62,
79,-139,
50,-100,
91,-133,
56,-54,
78,-53,
86,-38,
-23,-37,
-63,-138,
-31,-136,
52,-133,
73,-90,
32,-73,
-10,-113,
-57,-47,
-42,-24,
55,-50,
111,-116,
92,-53,
35,-50,
17,-66,
82,-69,
104,-87,
87,-35,
67,-92,
13,-90,
9,-111,
-42,-56,
-30,-30,
51,26,
58,-38,
11,-6,
1,-31,
48,-145,
26,-113,
22,-22,
54,-61,
45,-29,
6,-7,
00>
_________________________________
00>
_________________________________
Sequence Number: 157
00>
00>
Printing STS0 CIR
00>
00>
_________________________________
00>
61,12,
37,-50,
8,-19,
27,-4,
7,10,
-16,1,
23,27,
4,55,
94,54,
9,2,
29,-55,
9,-3,
-22,-20,
113,15,
46,-29,
-22,-41,
-10,21,
38,-3,
-19,-37,
-15,-48,
-12,-13,
23,-22,
-28,-11,
41,-55,
37,-35,
68,-67,
72,3,
81,-8,
-20,31,
-84,56,
-32,17,
40,-58,
66,-91,
-64,5,
-41,62,
52,68,
75,21,
42,42,
22,-32,
31,-40,
-38,-75,
-38,-12,
2,90,
-23,47,
-4,14,
36,28,
76,0,
42,84,
-7,41,
-12,23,
-73,2,
-30,14,
-64,1,
-24,51,
-63,70,
-92,110,
-25,74,
33,41,
75,-61,
18,-20,
-30,42,
-16,55,
8,-18,
6,-21,
49,4,
43,-11,
84,87,
49,21,
6,41,
-27,-25,
10,-89,
-22,-79,
-30,48,
-22,51,
-41,41,
-9,-2,
-15,-57,
-21,-4,
-21,-18,
36,10,
-26,-13,
17,44,
21,32,
49,-29,
67,-61,
24,43,
53,54,
-14,65,
-32,20,
-45,10,
7,-14,
-45,67,
51,62,
38,-55,
69,-10,
26,32,
19,11,
-36,25,
-9,-49,
-10,6,
-71,34,
-45,-12,
-17,-48,
30,-69,
18,9,
-28,1,
0,34,
-39,64,
-51,36,
-65,3,
-79,-50,
-42,-73,
70,-11,
6,3,
5,-27,
56,-6,
40,57,
-6,73,
-13,44,
-8,2,
-49,-67,
-14,-53,
41,-9,
2,-14,
-46,46,
-15,33,
-41,52,
-16,-53,
77,30,
28,3,
-6,24,
-20,9,
136,-51,
134,-36,
72,61,
8,-4,
-28,3,
63,-6,
108,34,
18,23,
-17,-96,
-80,-29,
59,-28,
39,90,
-10,31,
-9,-22,
9,-27,
-30,-61,
-30,35,
-40,71,
4,119,
41,6,
16,-30,
-16,-14,
-2,-15,
72,-22,
44,-44,
-28,4,
-3,16,
-41,45,
11,-33,
-38,-10,
35,-62,
38,-29,
4,47,
-5,50,
-4,-7,
8,-33,
10,37,
-9,32,
-45,-34,
-50,21,
-56,-31,
82,-88,
44,-62,
23,-4,
-20,-43,
24,103,
12,101,
92,65,
26,-2,
-15,-31,
-22,-45,
-17,72,
-5,84,
78,80,
-10,-32,
-58,48,
-44,-2,
35,12,
-5,100,
-19,43,
-31,-19,
-63,-26,
15,11,
-35,34,
-22,2,
18,-5,
38,4,
46,-3,
27,-12,
-19,35,
-60,57,
2,66,
24,51,
50,-12,
5,-19,
-23,-43,
-15,-18,
-61,47,
-69,20,
-43,24,
-9,52,
-17,55,
-34,-5,
-22,-18,
75,16,
28,-87,
1,-39,
12,-20,
34,-42,
-12,-4,
71,38,
7,44,
12,84,
-25,37,
-64,26,
17,-17,
22,-11,
-30,-45,
-5,6,
-56,-6,
10,-17,
33,-33,
-6,50,
-53,80,
13,75,
-17,29,
-57,-45,
-39,18,
11,46,
-21,82,
-69,36,
-14,19,
-17,33,
21,-28,
-9,-6,
48,-13,
54,48,
-6,50,
-13,43,
-11,93,
91,17,
90,-4,
-12,-20,
35,6,
-8,-9,
-37,-58,
-18,-103,
-12,-95,
-33,-69,
25,-39,
42,55,
39,-70,
-61,-29,
-58,-1,
44,-6,
66,-6,
50,-16,
-8,39,
47,-2,
86,8,
39,-47,
10,-69,
-53,-94,
-8,-57,
-18,35,
-6,121,
60,62,
39,-6,
-12,119,
-39,135,
-40,19,
-35,-18,
-26,0,
-16,45,
-32,97,
2,-1,
-39,50,
-15,21,
-74,72,
-36,60,
1,-73,
0,-53,
-39,27,
-38,37,
26,0,
-45,41,
-12,39,
6,27,
50,-5,
-28,4,
12,28,
11,52,
-2,36,
-16,15,
51,-18,
42,-31,
17,-45,
-17,40,
-77,128,
-18,74,
104,15,
113,35,
54,119,
-54,93,
-11,16,
45,22,
25,3,
53,-15,
-15,38,
100,64,
96,90,
20,39,
-12,-32,
-99,-35,
5,-27,
94,55,
12,3,
60,-25,
34,-55,
65,-12,
60,-16,
2,75,
-79,16,
-34,-37,
43,-85,
0,30,
-96,35,
-15,22,
9,-61,
55,50,
18,30,
36,-30,
54,-22,
46,-6,
28,13,
-48,117,
-13,21,
-77,-64,
-53,-60,
10,44,
10,16,
-55,4,
-38,-7,
-62,-4,
59,-34,
67,0,
291,-12,
1315,-46,
2866,28,
3305,130,
1734,64,
-378,-49,
-937,-67,
126,320,
1480,1192,
2317,2119,
2447,2380,
2014,1745,
1216,932,
332,241,
-359,-78,
-593,-209,
-602,-415,
-581,-509,
-655,-413,
-523,-10,
-295,259,
-240,372,
-318,264,
-384,104,
-388,-28,
-377,-253,
-185,-284,
-200,-209,
-200,-11,
-213,-11,
-105,-135,
-44,-217,
-44,-109,
53,-144,
35,-122,
-31,-64,
-25,23,
-142,99,
15,15,
250,-48,
278,-63,
190,-78,
38,-193,
-84,-142,
-94,-37,
7,29,
-18,25,
-135,143,
-86,131,
-40,182,
34,214,
-29,158,
32,13,
148,-55,
83,-20,
42,-53,
66,-58,
62,-82,
58,-45,
48,36,
-7,-4,
-113,-58,
-159,-52,
-116,-62,
-93,4,
-90,26,
-84,146,
-21,136,
-117,77,
-80,-14,
76,-64,
111,-97,
-3,-11,
-65,-30,
31,-124,
96,-163,
90,-141,
69,-68,
1,63,
-81,70,
-148,12,
-73,-12,
36,-136,
-33,-102,
-31,-62,
-35,-70,
-65,29,
-103,56,
-5,-18,
24,-92,
-4,-106,
-2,2,
-51,17,
-23,28,
-20,34,
-57,19,
-89,28,
-79,-2,
0,-52,
-33,-21,
-125,-11,
-140,-92,
-109,-79,
-32,-21,
-41,5,
-66,-9,
-53,43,
3,22,
22,5,
33,34,
63,-80,
35,-89,
69,-84,
-55,-31,
-31,38,
-30,61,
-62,9,
-67,-33,
-57,-68,
13,-10,
-31,39,
-46,64,
4,0,
-64,-23,
-47,-17,
-38,-51,
-26,-32,
-26,-34,
-68,-71,
-31,-27,
84,-42,
15,4,
-68,82,
-82,-5,
-24,-54,
78,-80,
-27,-31,
-92,-12,
-104,11,
-33,8,
-15,28,
-17,-28,
-74,29,
-48,6,
-50,-38,
-17,-140,
-29,-81,
-13,9,
-50,26,
-70,10,
-69,-12,
-42,110,
-49,-2,
-11,-32,
00>
_________________________________
00>
00>
Printing STS1 CIR
00>
00>
_________________________________
00>
-30,-6,
-20,-27,
8,2,
-14,6,
52,-5,
79,-51,
46,-52,
-45,-17,
-35,19,
-32,-55,
-28,-120,
63,-63,
67,-3,
-9,-7,
-74,-44,
-42,-40,
-84,0,
28,-26,
32,-2,
-44,38,
-50,12,
-48,-35,
-19,-54,
-40,10,
83,81,
21,-2,
-75,32,
-103,59,
12,51,
10,-26,
41,49,
-40,5,
-9,-53,
-23,-26,
10,-7,
-36,80,
-17,42,
85,-5,
78,-23,
67,20,
-54,25,
-70,55,
-5,38,
10,9,
-34,23,
-70,82,
-5,-17,
-28,-93,
-19,-12,
-10,-22,
78,-13,
-58,24,
-62,-50,
-121,-34,
-8,-24,
-56,-97,
-91,-77,
16,-4,
34,5,
30,58,
40,-3,
35,-25,
61,5,
-79,12,
-66,-8,
-96,105,
-45,73,
135,-2,
94,-29,
48,-11,
23,-29,
-82,42,
-58,29,
15,-74,
-35,-28,
3,61,
-36,38,
-44,-60,
42,-54,
2,-48,
-73,-26,
-67,26,
-18,52,
22,-14,
-4,83,
-51,131,
-66,56,
-72,66,
27,86,
71,76,
52,106,
-7,36,
5,-18,
83,-66,
33,-4,
45,-48,
103,-17,
71,114,
62,91,
38,8,
-14,-39,
-6,13,
90,-27,
85,-52,
40,-84,
-12,-7,
10,82,
15,19,
-23,-9,
16,-35,
64,-48,
86,-48,
80,-15,
4,66,
-76,58,
-43,1,
62,-18,
86,-56,
22,38,
29,106,
1,110,
17,10,
-51,-7,
-97,21,
-32,23,
-1,-33,
22,-58,
2,39,
-26,60,
-60,33,
-54,-10,
-25,9,
-22,53,
-33,44,
-2,-25,
-75,-12,
-13,97,
31,70,
43,61,
-25,37,
22,18,
51,-51,
10,-53,
1,-59,
-98,25,
-10,-46,
0,-53,
-69,11,
-47,61,
15,79,
72,90,
71,6,
24,-35,
2,-35,
-15,-3,
-59,42,
-59,73,
13,10,
32,13,
-2,-17,
-43,-74,
-57,-39,
46,-36,
34,-61,
-24,43,
-42,120,
-17,83,
51,45,
37,59,
5,73,
-33,26,
-63,10,
-54,-34,
-2,-76,
94,-85,
127,-6,
83,-11,
18,34,
-55,90,
-26,65,
-83,37,
-33,-2,
-7,36,
-13,-13,
-55,-53,
-17,27,
-56,28,
-76,22,
-39,-24,
27,-53,
-14,-25,
-42,13,
-10,-1,
13,-15,
47,-14,
33,55,
54,49,
-43,92,
-39,20,
-50,-2,
-82,15,
-42,61,
-35,43,
-23,2,
45,-27,
-16,2,
-54,21,
-136,-44,
-70,-2,
-48,-110,
-84,-70,
33,50,
21,81,
47,30,
-40,32,
-7,-49,
47,-23,
-17,-10,
-15,-12,
-41,46,
5,99,
95,56,
82,-8,
-56,8,
-155,-6,
-141,6,
-52,-2,
38,46,
2,5,
-43,37,
-32,22,
-12,-17,
-64,55,
-18,77,
-65,-1,
10,-17,
-22,-23,
110,-78,
22,-81,
-1,31,
-11,46,
-52,-16,
-97,64,
-78,83,
-70,45,
6,13,
20,33,
-34,55,
0,-30,
11,40,
-8,25,
-8,-5,
-96,49,
-94,56,
-141,40,
38,-23,
-14,-14,
-40,-11,
-42,7,
16,-84,
-24,20,
47,3,
93,-49,
50,-54,
7,-64,
9,-28,
-46,76,
33,55,
25,20,
41,-8,
12,8,
3,57,
-40,5,
18,-18,
-25,21,
-43,6,
-36,-14,
23,-41,
9,-54,
-47,7,
17,12,
-19,8,
-22,21,
-38,-32,
-38,-56,
-29,3,
-69,-2,
-105,75,
-15,52,
55,11,
70,-16,
21,-50,
-13,-26,
-42,18,
-17,32,
33,-8,
42,27,
13,-38,
0,-94,
46,-24,
64,-40,
56,-79,
-1,2,
-23,41,
-23,43,
-57,-67,
-53,-71,
-70,-82,
-44,54,
-47,47,
-40,53,
-11,-14,
-32,-95,
-48,-9,
-90,61,
-71,16,
-18,-21,
44,34,
16,22,
-79,22,
-85,26,
-39,-31,
17,4,
50,74,
40,29,
-11,-8,
10,33,
-18,-22,
0,-92,
53,10,
53,-18,
72,-41,
-64,5,
11,-14,
81,14,
15,-8,
5,-7,
-3,48,
0,-10,
47,-25,
27,8,
32,-11,
34,-48,
-42,-44,
-83,68,
-20,31,
65,-13,
41,-57,
-7,-51,
47,-64,
60,-72,
8,-65,
20,34,
-3,10,
-29,7,
-36,-33,
-23,-29,
17,42,
177,87,
986,410,
2418,974,
3242,1308,
2473,939,
576,222,
-588,-123,
-906,113,
-1207,359,
-1703,25,
-1518,-780,
-428,-1418,
380,-1090,
196,-102,
-200,370,
-408,32,
-288,-418,
-357,-650,
-458,-568,
-308,-198,
-64,19,
-9,108,
-135,-41,
-227,-161,
-180,-204,
-91,-109,
-88,65,
-9,36,
-25,0,
8,76,
22,2,
96,12,
166,113,
63,168,
-111,82,
-62,38,
32,-35,
102,8,
109,31,
68,-47,
35,-135,
18,-175,
25,-176,
-83,-1,
-38,5,
92,-62,
108,4,
111,4,
110,1,
77,155,
159,176,
38,94,
-55,-3,
-79,-63,
86,-116,
192,-91,
224,-142,
115,-230,
-4,-207,
-36,-139,
42,-38,
3,2,
-74,28,
-39,11,
-25,28,
-83,-8,
4,-49,
18,-60,
4,41,
-1,11,
-32,2,
-12,-42,
84,0,
42,40,
51,63,
103,44,
53,88,
50,-11,
18,110,
-55,82,
-104,67,
-7,-1,
-62,55,
-122,46,
-141,-3,
-54,-46,
-62,-67,
-30,-8,
-85,0,
-67,20,
16,37,
33,18,
74,5,
2,63,
-5,94,
10,76,
28,-20,
-22,3,
50,35,
0,52,
-5,-22,
-65,-18,
-35,8,
52,6,
-31,-50,
40,-54,
-11,-2,
-25,97,
-61,118,
-84,36,
0,117,
8,131,
2,7,
-61,8,
-34,67,
5,-11,
28,0,
18,-49,
-38,-20,
9,-31,
61,40,
87,87,
22,117,
38,38,
67,59,
44,97,
41,38,
45,-11,
18,-47,
-31,-62,
-30,67,
-55,113,
-84,90,
-48,51,
-68,26,
8,8,
87,52,
70,102,
104,82,
45,-9,
-43,36,
-88,67,
64,-11,
54,-58,
83,-63,
-27,-25,
23,25,
26,15,
5,52,
-19,68,
-36,44,
-40,-25,
-26,-58,
-52,-57,
00>
_________________________________
00>
RX Timestamp: 691820769658
00>
Clock Offset: 159.931 Hz, -0.020 ppm
00>
RX Timestamp: 692892485955
00>
Clock Offset: -483.513 Hz, 0.061 ppm
00>
_________________________________
Sequence Number: 34
00>
00>
Printing STS0 CIR
00>
00>
_________________________________
00>
35,49,
-16,-34,
-7,-25,
6,24,
-14,99,
29,39,
4,12,
-14,-17,
11,-38,
-2,30,
53,-24,
32,59,
-16,-17,
-21,-26,
7,23,
-13,41,
29,-34,
57,-17,
12,20,
17,38,
11,-48,
21,-63,
79,-63,
19,14,
-22,108,
17,36,
2,-26,
34,27,
-67,12,
-18,25,
40,-91,
25,-49,
51,19,
8,22,
-22,-17,
-35,-37,
18,-39,
-13,36,
30,34,
48,-16,
55,-44,
13,-54,
-14,42,
-88,97,
-46,6,
-44,-32,
50,-31,
39,-57,
10,-6,
4,4,
60,-12,
57,-58,
47,-5,
-77,1,
-22,-89,
17,9,
25,81,
0,47,
5,42,
26,28,
43,6,
24,15,
-14,2,
12,-40,
-36,58,
40,59,
-25,46,
-8,-5,
-30,-32,
8,47,
-3,38,
20,43,
18,36,
16,-21,
-64,-37,
10,-7,
88,9,
51,20,
-34,21,
-17,-7,
-102,-27,
36,-21,
-19,9,
68,-11,
16,32,
33,-44,
2,-26,
-19,-28,
-71,4,
-26,-20,
-5,-45,
59,26,
-31,-3,
-5,-4,
-18,-29,
42,-11,
56,83,
29,-5,
-9,27,
2,56,
6,-14,
50,-92,
30,-35,
-15,22,
5,-2,
-28,12,
-47,-64,
-67,56,
-18,24,
-34,-3,
46,-21,
16,-16,
49,-8,
30,-29,
-12,-36,
28,65,
-10,56,
47,33,
-18,-12,
-14,-20,
-42,-18,
-9,-9,
11,16,
25,73,
22,45,
-1,4,
18,-21,
42,6,
11,-59,
-36,-24,
29,-35,
-37,10,
-41,43,
65,4,
3,4,
55,-55,
13,-44,
4,28,
-5,-30,
-20,-42,
-15,0,
-25,-3,
-54,28,
32,66,
-90,45,
-17,15,
18,31,
15,24,
-28,-13,
-52,-12,
39,-46,
30,-11,
67,-19,
76,47,
35,36,
20,23,
7,-42,
17,-52,
31,-10,
-1,-29,
-29,82,
13,19,
4,8,
50,29,
-11,22,
67,-29,
7,-100,
2,-57,
55,-48,
-41,-40,
-76,8,
-58,4,
-45,13,
-31,-36,
-22,-6,
13,18,
77,-32,
72,42,
13,4,
62,68,
70,-3,
10,18,
22,56,
6,8,
-58,3,
18,23,
-3,-13,
72,-34,
23,49,
30,5,
40,-17,
39,5,
-9,-32,
16,29,
29,61,
41,1,
-15,11,
-12,-18,
1,39,
4,-18,
-31,-28,
11,-18,
36,-36,
4,-22,
26,11,
-11,8,
21,32,
33,38,
-16,66,
-42,21,
25,-44,
37,-27,
31,-26,
-20,-15,
-10,79,
5,25,
-88,22,
-20,-19,
-19,-23,
60,-37,
-22,-40,
-97,-42,
-48,-27,
19,12,
60,-25,
17,42,
56,-26,
24,6,
-14,35,
-13,36,
-41,103,
-16,58,
14,-29,
-20,-4,
31,50,
57,95,
31,28,
28,31,
22,71,
14,49,
-16,-37,
-15,13,
-61,62,
5,34,
-10,35,
61,-14,
-16,70,
-43,60,
-21,-13,
-8,-59,
-31,-19,
36,59,
79,7,
59,32,
5,59,
33,-4,
-33,33,
-33,24,
5,62,
10,-25,
7,7,
-18,25,
-42,79,
-25,72,
-64,42,
-33,-36,
42,-12,
55,-6,
60,-2,
83,25,
30,48,
3,8,
-20,-5,
-21,-9,
26,-36,
-11,-67,
37,-44,
-34,-47,
22,20,
-6,62,
-29,20,
-27,37,
28,17,
97,-29,
62,31,
32,-1,
-20,47,
16,34,
-51,-48,
-23,13,
1,59,
17,-15,
-16,-11,
83,7,
66,3,
2,-23,
36,-2,
7,-19,
-36,58,
17,24,
20,6,
-10,3,
-7,4,
37,24,
23,27,
-26,-23,
-15,-49,
29,-10,
31,-43,
7,-71,
-38,-26,
-40,-1,
-57,26,
16,-19,
-10,1,
-48,-59,
8,1,
-29,18,
2,4,
35,-7,
42,48,
45,30,
37,38,
-8,-29,
25,-16,
-6,-41,
-6,-46,
-27,-17,
-4,15,
-7,18,
-37,39,
-5,-27,
35,-35,
5,-25,
10,-46,
19,-50,
3,22,
38,52,
69,-11,
7,10,
-58,-15,
-27,-21,
29,-51,
27,-32,
62,-26,
-1,73,
-21,10,
13,-41,
-14,-19,
6,-25,
-62,-1,
-24,-12,
-27,19,
73,-59,
45,-42,
99,66,
619,362,
2804,2094,
5354,4870,
5387,5864,
2358,3588,
-806,-86,
-1246,-2395,
1517,-4871,
5307,-6102,
6470,-5976,
4959,-4545,
-342,-15,
-3410,1781,
-2089,863,
-196,-68,
38,-412,
-633,-618,
-1718,-1225,
-670,-633,
-280,1,
-186,741,
-145,626,
-341,476,
-604,298,
-690,-68,
-511,-85,
-529,62,
70,177,
612,303,
518,278,
169,150,
-50,-42,
-133,-62,
-92,-123,
99,-140,
76,-117,
-384,-107,
-295,-20,
-456,-36,
-464,-27,
-496,-171,
-375,-146,
-400,-211,
-198,-3,
-151,47,
-57,30,
-19,-69,
10,-56,
-23,-93,
-26,-68,
-7,-132,
19,-192,
-76,-323,
52,-206,
82,-262,
100,-179,
-73,-52,
-132,-64,
-239,-43,
-145,41,
-233,129,
-203,-29,
-145,-70,
-105,86,
-93,210,
-184,248,
-181,159,
-146,125,
-163,278,
-27,174,
127,190,
174,-96,
40,-53,
9,-50,
30,-121,
85,-62,
155,22,
-60,135,
-115,252,
-73,313,
-3,170,
42,73,
-40,86,
-123,130,
-160,21,
-145,-50,
-97,-111,
-28,105,
84,60,
52,69,
59,45,
60,-6,
-32,-68,
-39,18,
-15,-52,
15,-47,
-11,-30,
7,-6,
-31,21,
-52,40,
-62,-83,
-48,-59,
-92,-84,
-91,-55,
-10,-20,
46,-11,
25,-34,
-54,46,
-166,85,
-115,30,
-78,-7,
-14,-44,
-33,-14,
-16,-33,
54,-15,
48,-105,
-8,-40,
-5,-33,
-50,59,
-57,44,
-95,33,
-92,-2,
-176,-38,
-14,-54,
52,18,
23,121,
-3,89,
6,82,
22,24,
-62,94,
-63,124,
-63,34,
-105,14,
9,22,
22,11,
10,104,
53,30,
59,32,
8,58,
-22,39,
-84,9,
-20,41,
-40,-7,
-23,58,
-20,3,
-35,-9,
63,-20,
4,-26,
-104,51,
2,36,
-10,-21,
-5,70,
-97,-15,
-41,-32,
-25,-55,
-19,-52,
00>
_________________________________
00>
00>
Printing STS1 CIR
00>
00>
_________________________________
00>
-24,9,
14,45,
14,12,
39,4,
63,6,
34,-30,
0,-25,
-92,11,
-48,-38,
-1,-21,
67,-17,
49,86,
-38,22,
-63,-24,
-95,-23,
-52,-1,
-60,-24,
-50,-1,
8,33,
10,31,
-26,71,
50,62,
24,25,
5,-24,
-23,-10,
-53,45,
-22,45,
6,12,
4,19,
37,-49,
40,-57,
-15,-24,
-84,14,
14,-2,
31,33,
65,4,
25,-18,
-18,-46,
96,-47,
104,-41,
-7,14,
1,-27,
-40,-70,
15,18,
77,28,
41,9,
43,1,
-2,-48,
-1,-16,
31,-3,
31,29,
43,16,
-17,68,
-2,-8,
5,-32,
94,-78,
83,35,
46,16,
38,48,
8,-53,
-13,-20,
10,-14,
35,-2,
38,-18,
28,-47,
66,-25,
60,25,
-18,-6,
-65,-1,
-41,-12,
-27,33,
31,28,
-35,17,
16,9,
38,73,
15,22,
-25,54,
-104,12,
-70,-1,
-65,28,
16,25,
19,6,
44,26,
62,3,
33,14,
60,19,
30,16,
5,14,
-10,-29,
-13,-30,
-49,15,
-37,20,
17,20,
51,-10,
-1,4,
-8,82,
42,27,
19,-22,
-12,7,
32,14,
28,16,
54,35,
-51,-21,
-60,-27,
16,-55,
78,1,
11,-19,
-16,51,
7,-15,
-6,18,
38,22,
56,44,
58,-12,
18,33,
-26,27,
-24,36,
28,41,
19,37,
-137,33,
-78,55,
1,-49,
0,-74,
-34,-36,
-1,-3,
-19,-10,
-26,19,
-59,-10,
-55,-21,
-23,-7,
4,-23,
-12,27,
31,16,
-13,-5,
11,-12,
-3,-17,
3,3,
102,-37,
24,-2,
-15,0,
-16,-15,
9,-7,
51,32,
15,-19,
-2,-19,
35,6,
-6,33,
75,-48,
82,-42,
43,-53,
16,-12,
40,10,
61,23,
12,-32,
25,-18,
6,3,
23,0,
54,11,
13,46,
8,39,
36,14,
-40,29,
-17,38,
12,-21,
27,-19,
35,41,
36,9,
-13,-12,
24,-12,
-24,16,
70,-24,
7,-2,
16,76,
6,38,
11,17,
42,10,
65,5,
56,-8,
29,-49,
-29,-30,
-46,-37,
-38,-59,
39,18,
43,51,
15,116,
-76,52,
-39,45,
2,51,
24,-36,
30,-48,
-69,10,
-29,21,
-13,63,
-12,7,
38,32,
55,19,
1,-22,
-32,3,
15,-27,
7,-18,
47,34,
-1,41,
52,-4,
50,-18,
2,-7,
72,-13,
26,20,
90,26,
16,-9,
27,55,
11,56,
39,59,
4,18,
5,23,
84,-39,
44,-66,
26,-2,
-6,-48,
67,-11,
-10,50,
6,31,
33,14,
81,1,
97,-5,
75,31,
33,-57,
-6,-5,
-57,75,
-27,38,
-14,47,
16,-61,
40,-15,
52,18,
5,13,
37,62,
17,22,
-23,-38,
-7,-71,
4,-2,
20,9,
2,-29,
47,45,
-24,-1,
13,-1,
-27,15,
0,47,
-23,-49,
8,-41,
29,36,
-30,44,
5,-64,
-41,-84,
5,-21,
14,-46,
21,17,
52,-12,
4,6,
60,-60,
63,-51,
27,-28,
-28,-2,
-24,21,
-5,-23,
-15,-41,
-6,29,
-40,29,
-15,-14,
23,-34,
-42,30,
-29,5,
-43,-17,
-81,43,
-13,69,
-17,-36,
-17,-29,
-9,-4,
-37,57,
-55,-8,
-1,8,
8,-7,
-18,27,
-63,33,
25,14,
35,-31,
-3,27,
-7,-4,
-62,-36,
-72,6,
-73,9,
-50,26,
-28,-13,
9,11,
12,-56,
-8,39,
-22,8,
-5,77,
2,23,
50,-26,
49,-57,
29,-65,
29,-24,
4,19,
-35,12,
-48,-42,
-21,14,
-30,-27,
0,18,
-5,17,
43,73,
-5,109,
-57,75,
-111,-48,
-27,1,
51,38,
-35,-16,
-12,-5,
-44,33,
20,32,
-69,-6,
-67,30,
-51,63,
28,52,
14,19,
-24,4,
35,28,
68,-36,
60,-25,
4,-8,
-44,23,
1,55,
26,1,
25,-62,
-17,37,
-71,68,
-98,-28,
-76,31,
14,1,
-13,-25,
22,16,
17,43,
-57,34,
-27,-14,
-32,-15,
-46,-18,
-33,43,
-32,61,
15,-20,
21,-15,
9,-34,
-3,41,
-28,20,
-31,-41,
24,-12,
-8,26,
-13,2,
77,20,
149,-5,
269,521,
981,2813,
2130,6110,
1624,6954,
-130,3301,
-727,-525,
-564,-820,
-88,1825,
212,5775,
202,7371,
311,7291,
759,5873,
821,2828,
282,459,
-171,-531,
-232,-927,
29,-1214,
213,-2044,
241,-1448,
-100,-610,
-127,-108,
-181,-92,
-133,-487,
60,-1052,
249,-846,
461,-97,
503,69,
310,40,
66,-119,
-96,-226,
-27,-577,
228,-839,
288,-714,
332,-413,
56,-134,
-215,-160,
-127,-214,
-56,-227,
24,-181,
149,-123,
243,-134,
130,-112,
-76,-83,
-264,-87,
-277,-133,
-96,-183,
2,-248,
83,-249,
74,-121,
-37,-52,
-92,-8,
-104,-101,
-96,-346,
-88,-283,
12,-361,
115,-366,
81,-276,
-97,-59,
-194,-44,
-188,-49,
-8,-124,
47,-232,
14,-310,
39,-370,
14,-291,
-35,-307,
-15,-236,
-113,-141,
-158,-147,
-74,8,
39,36,
92,124,
185,67,
169,29,
126,-31,
179,-57,
175,46,
-21,39,
-97,5,
-168,11,
-48,1,
38,-116,
24,-79,
-85,-13,
-126,-24,
-72,-114,
-69,-117,
-165,-104,
-278,-181,
-167,-122,
51,-126,
29,-280,
23,-146,
28,-39,
-18,-59,
-36,-145,
-100,-212,
-90,-214,
-45,-167,
-88,-74,
-72,-79,
-25,-15,
-18,-114,
-34,-146,
-64,-122,
-112,-44,
-101,14,
-120,-95,
-98,-151,
-55,-49,
-42,-29,
2,-77,
-18,-109,
-11,-88,
-20,-111,
-60,-96,
-114,-143,
-80,-130,
-74,-124,
-13,-12,
-110,-60,
-36,-47,
-42,-91,
24,-159,
36,-124,
-13,-64,
29,-46,
40,-39,
-7,-74,
47,-80,
-16,-32,
-66,-54,
-37,-126,
-60,-131,
-16,-79,
-25,-139,
-51,-56,
9,-32,
8,-47,
20,-69,
-8,-98,
47,-96,
10,-58,
44,-83,
56,-101,
9,-141,
31,-69,
4,-5,
82,-99,
-58,-54,
-16,-74,
-2,-91,
35,-112,
-37,-30,
16,-39,
-11,-175,
00>
_________________________________
00>
_________________________________
Sequence Number: 37
00>
00>
Printing STS0 CIR
00>
00>
_________________________________
00>
-3,1,
17,-19,
24,31,
-11,22,
19,-15,
48,-28,
88,8,
50,53,
-11,-9,
36,-14,
37,17,
-14,90,
-14,61,
7,58,
-2,20,
23,-38,
-51,28,
41,-17,
31,8,
57,0,
6,-31,
-9,-77,
-91,-36,
-83,17,
-1,-8,
23,-95,
15,-95,
19,21,
27,78,
18,6,
45,-47,
48,-19,
0,-19,
6,-47,
25,-54,
-24,-57,
9,-29,
-5,2,
-10,52,
34,54,
36,26,
9,-63,
-32,-7,
14,66,
21,86,
-11,54,
-15,12,
-41,-2,
-48,32,
14,27,
22,19,
-2,0,
17,-46,
3,-59,
-109,-26,
-32,-13,
23,45,
18,-83,
-28,-28,
-47,-67,
-25,-77,
3,-77,
-48,-43,
15,-31,
42,26,
26,22,
24,4,
59,0,
48,51,
55,56,
-8,4,
-18,12,
-28,5,
11,26,
28,10,
32,-60,
64,46,
24,7,
-33,7,
10,11,
15,30,
75,9,
21,-11,
42,14,
62,-10,
-9,-66,
-50,-50,
-44,-7,
-23,12,
-3,-57,
-24,-4,
-2,-22,
41,-72,
43,-48,
54,-26,
-15,-56,
47,-1,
-19,26,
25,21,
46,36,
43,8,
24,-23,
56,5,
64,18,
80,26,
31,34,
31,-7,
25,55,
4,-1,
31,51,
-8,-52,
52,-45,
39,-42,
1,-10,
26,69,
43,63,
36,36,
-9,-8,
-100,-35,
5,-91,
13,-1,
76,-49,
32,-24,
-18,-21,
17,-57,
-47,-64,
-71,-25,
-28,-10,
-9,0,
-27,39,
22,-20,
10,-18,
0,37,
7,37,
69,10,
34,5,
7,-34,
64,-23,
18,7,
45,43,
24,-55,
32,-55,
37,-18,
5,42,
29,7,
27,27,
23,47,
26,51,
55,28,
-6,-34,
-23,-68,
-25,21,
-8,-29,
-23,-11,
-14,22,
12,23,
23,-53,
20,-153,
-11,-116,
-1,-131,
-6,-22,
-4,9,
25,46,
-9,24,
10,-31,
34,-24,
-12,8,
-27,-35,
-3,-88,
46,9,
-52,39,
-5,36,
30,20,
48,-16,
50,-25,
60,-17,
44,-58,
1,-21,
-6,-18,
-23,-21,
-33,-21,
-10,-17,
32,-41,
51,-17,
-17,48,
17,-38,
24,17,
2,-72,
11,-18,
47,-48,
18,-48,
41,-39,
-13,32,
-12,32,
0,2,
26,31,
47,17,
35,25,
23,18,
97,3,
40,8,
33,36,
20,-23,
27,-23,
72,-30,
14,75,
61,63,
11,11,
-35,22,
8,5,
54,21,
44,-41,
38,-32,
16,-17,
66,14,
41,8,
-19,-10,
-63,36,
-9,-16,
4,-45,
-1,40,
-23,48,
23,11,
-11,-54,
7,-17,
29,-9,
-14,-22,
43,6,
2,48,
42,-11,
-18,-21,
24,8,
-2,36,
-38,-59,
-63,-27,
-34,30,
32,10,
27,0,
-15,8,
26,6,
-12,5,
37,-29,
24,20,
10,4,
8,-28,
-38,2,
-19,-35,
29,-32,
39,2,
39,21,
20,66,
-2,46,
-29,26,
-11,-13,
4,-79,
31,-62,
-15,11,
-35,28,
-12,84,
-12,-16,
-17,23,
8,-32,
9,14,
56,-7,
2,-41,
11,2,
-47,89,
88,73,
15,44,
31,35,
21,-3,
43,-50,
-45,-14,
-20,-31,
6,-31,
21,-49,
-2,-33,
-37,-2,
-45,18,
22,19,
-5,14,
-26,-23,
-33,0,
-45,22,
-51,10,
-28,-79,
-5,-20,
22,32,
-20,-2,
-8,-63,
-19,-11,
-35,14,
43,-57,
-24,-54,
-1,18,
-10,10,
-38,19,
31,-42,
77,-31,
81,-6,
-10,-11,
-12,39,
49,-36,
75,-28,
116,-43,
22,-42,
34,-59,
29,0,
4,22,
-15,-15,
-7,8,
-49,-37,
-13,-62,
27,-74,
17,12,
-2,0,
-42,-81,
5,-35,
1,-31,
-27,-42,
-36,-25,
12,-1,
25,-21,
6,12,
27,-6,
-41,-6,
-68,24,
9,10,
-6,6,
41,9,
-10,-6,
-16,14,
-23,-61,
-20,-27,
-81,-57,
-32,-22,
6,23,
33,-20,
-34,10,
-15,14,
-6,10,
21,-6,
53,2,
7,-17,
-46,2,
-75,-14,
-13,-35,
36,-80,
18,39,
-21,-27,
-30,-18,
-2,-53,
14,-4,
-37,-27,
5,15,
166,-385,
1131,-2220,
3109,-5416,
4242,-6250,
2897,-4547,
-105,138,
-1055,1799,
375,160,
3780,-1992,
6743,-2486,
7311,-2210,
6819,-1910,
4212,-1281,
1079,-224,
-301,554,
-848,688,
-1067,425,
-1503,632,
-1696,462,
-748,266,
31,879,
333,570,
159,832,
-200,751,
-761,946,
-571,415,
-402,123,
-504,83,
-671,201,
-286,184,
-217,130,
-334,40,
-304,-97,
-287,-208,
-229,-178,
-201,-71,
-178,265,
-9,291,
84,190,
148,-131,
193,-431,
-58,-469,
-157,-247,
-355,-64,
-497,-24,
-153,-5,
10,49,
93,167,
261,272,
335,299,
260,249,
141,101,
-32,7,
-63,-90,
-42,-132,
63,-119,
-10,-200,
-118,-255,
-73,-219,
-32,-118,
-83,-11,
-226,98,
-268,119,
-263,43,
-139,13,
-43,97,
-33,99,
-9,73,
-64,153,
-44,48,
-82,-89,
-115,-68,
-208,46,
-105,52,
-130,-62,
-188,-279,
-173,-409,
-26,-150,
-27,166,
-60,335,
-87,240,
-103,60,
-123,1,
-92,-4,
-141,172,
-121,128,
-129,159,
-51,180,
2,264,
-56,122,
-44,-53,
-61,-113,
-154,-104,
-73,47,
-123,78,
-116,52,
-37,37,
-22,71,
-18,104,
-69,28,
-227,138,
-186,87,
-176,113,
-76,71,
-20,81,
21,50,
-16,68,
23,105,
88,202,
10,133,
-3,74,
-64,24,
-48,62,
-73,34,
-53,7,
-82,12,
-38,42,
-34,10,
-47,29,
-69,15,
-48,-8,
-54,-5,
-64,62,
-79,48,
-147,43,
-110,32,
-20,4,
4,-17,
-55,-19,
-41,-25,
1,3,
-10,68,
-47,145,
-46,69,
-93,40,
-37,41,
-109,-7,
-8,32,
-54,20,
-36,47,
-132,26,
-107,10,
-78,36,
-51,50,
-104,28,
-101,44,
-176,30,
-72,86,
-80,129,
-93,56,
-63,52,
-86,35,
-90,30,
-62,34,
-59,77,
-100,13,
-147,-47,
00>
_________________________________
00>
00>
Printing STS1 CIR
00>
00>
_________________________________
00>
-13,36,
9,39,
28,73,
-2,16,
11,7,
-5,20,
54,-46,
51,-25,
-24,-13,
29,-22,
15,-13,
68,-9,
56,29,
-8,18,
-29,2,
-47,2,
55,-16,
-7,-42,
-24,-11,
21,-65,
4,-89,
-6,-88,
35,-29,
64,-18,
24,-6,
25,22,
84,29,
84,0,
48,-12,
16,36,
14,53,
29,27,
-42,42,
22,-7,
40,-13,
16,11,
33,75,
48,1,
0,10,
71,15,
-23,-15,
-43,2,
10,34,
15,-1,
-37,10,
-54,-66,
-71,-17,
-56,-19,
-42,39,
16,-30,
71,19,
30,22,
3,-55,
1,25,
84,37,
8,54,
-90,-26,
-16,24,
8,3,
-32,-27,
-66,-55,
-64,-21,
-35,3,
-40,25,
-1,21,
-4,27,
38,17,
-10,53,
-15,-53,
-20,-29,
-50,0,
-33,-2,
9,-1,
80,-31,
-45,36,
-17,36,
0,34,
39,75,
8,-14,
32,8,
-31,-43,
-27,-13,
-25,34,
23,-19,
69,-69,
98,42,
26,33,
42,64,
43,-43,
27,-23,
20,-2,
1,54,
7,-22,
-39,-91,
-31,-5,
46,-44,
37,-28,
63,-81,
34,17,
32,-9,
-20,-59,
-21,-97,
-57,4,
23,16,
1,-11,
-27,23,
-19,-20,
-43,3,
-61,-54,
-28,-13,
52,39,
-2,-21,
-2,-15,
4,33,
-5,18,
-8,16,
-27,-2,
-64,55,
-24,19,
-10,-40,
-22,9,
-26,5,
-23,-24,
-6,-12,
17,14,
-49,-80,
-43,-47,
10,-70,
18,-16,
13,18,
-18,66,
14,8,
1,-32,
2,-35,
-21,-50,
-30,-27,
2,4,
3,17,
74,16,
0,49,
37,101,
-12,94,
-34,42,
-4,66,
12,-49,
29,6,
47,22,
76,36,
3,37,
16,-30,
19,-68,
-36,-57,
-34,7,
38,65,
41,36,
82,-55,
57,-18,
-24,81,
-88,37,
-51,0,
8,-27,
17,-15,
14,-25,
56,-59,
7,-50,
31,11,
47,30,
73,4,
39,13,
-12,-2,
57,18,
-8,96,
-15,14,
51,-67,
31,-92,
34,-119,
23,-11,
15,-20,
19,13,
72,21,
-22,-6,
-23,-77,
-30,-81,
-75,-84,
-77,-13,
-35,-26,
18,-3,
6,-19,
-61,-49,
-12,1,
-35,73,
-33,33,
18,62,
45,13,
-5,-23,
-19,37,
-76,-9,
-88,40,
-50,-3,
39,-21,
30,35,
-38,-4,
-31,-14,
37,31,
-3,19,
-50,0,
-18,16,
7,36,
87,-50,
99,-64,
96,-47,
64,31,
48,-24,
43,-55,
8,-16,
3,15,
47,-11,
18,4,
70,35,
53,-1,
13,-60,
-39,-62,
17,-15,
-7,76,
-15,59,
-1,3,
-9,-45,
-34,5,
8,-62,
-10,-51,
4,13,
-55,57,
-88,19,
22,-13,
-11,-20,
-23,1,
-32,-82,
-12,-51,
-15,-72,
-8,1,
14,-16,
-16,15,
30,-52,
8,7,
18,-19,
49,-29,
-3,-38,
17,-3,
-10,11,
35,-7,
13,-27,
-18,-76,
-60,34,
-54,31,
-41,-23,
-66,-7,
14,-13,
-3,9,
-28,26,
-47,64,
2,31,
-46,78,
-21,-12,
-7,-33,
10,-20,
-5,-76,
55,-45,
16,-43,
-13,-21,
-6,4,
-32,5,
9,-27,
20,28,
-39,-21,
-15,24,
8,18,
27,38,
-8,-8,
20,87,
-54,42,
55,-57,
28,-112,
-25,-52,
23,-83,
-34,-32,
-29,-73,
32,-99,
75,-36,
41,-87,
18,-29,
12,-7,
71,20,
-21,-89,
-56,-93,
-26,-37,
-48,19,
-28,-18,
-38,10,
21,-55,
43,-29,
-21,39,
-32,62,
-52,10,
10,-30,
-12,-18,
29,8,
14,-8,
78,10,
-38,-31,
-65,-53,
-62,-62,
-5,-45,
-15,-48,
16,-28,
21,-5,
36,-33,
42,9,
81,-9,
26,43,
-6,-40,
8,-47,
2,14,
45,9,
12,44,
-20,61,
2,-19,
-4,-63,
-26,-90,
-3,-2,
21,-10,
37,-66,
5,-44,
40,-29,
48,68,
61,109,
50,-23,
44,-99,
4,-2,
-44,2,
-37,54,
30,-2,
-3,38,
-57,-27,
-21,-14,
-27,-31,
-38,25,
8,52,
18,10,
61,43,
89,-44,
10,39,
-28,38,
20,-26,
-10,-1,
4,-37,
258,-178,
1787,-1111,
5040,-3113,
7257,-3875,
6471,-3414,
1689,-1001,
-712,617,
-1216,1636,
-1459,2756,
-2754,3796,
-4045,2460,
-3811,-758,
-1723,-2240,
35,-886,
171,663,
-324,848,
-907,8,
-1690,-359,
-2093,-352,
-867,-217,
-206,-92,
240,14,
-31,348,
-442,478,
-473,227,
-262,14,
125,68,
411,123,
225,172,
-15,125,
-24,-27,
161,-139,
266,-25,
157,48,
-18,98,
23,-71,
102,-168,
229,-172,
139,-106,
21,-30,
-88,-74,
-256,-110,
-245,-79,
-181,33,
-160,45,
-34,-60,
34,-137,
155,-137,
99,-11,
78,57,
202,27,
218,31,
227,-6,
103,-54,
66,-138,
148,-350,
51,-449,
-294,-436,
-541,-291,
-503,-167,
-191,-110,
-61,-16,
-114,27,
-102,96,
-120,119,
-91,128,
-56,88,
-52,46,
-42,48,
-29,19,
-43,-36,
-30,-38,
33,-75,
201,-56,
311,-35,
281,-17,
138,-143,
38,-130,
-36,10,
9,165,
-97,208,
-57,219,
-42,172,
37,192,
40,296,
-76,142,
-81,52,
-67,48,
-116,69,
-76,40,
-59,-7,
6,35,
76,11,
75,58,
79,23,
79,-19,
66,-71,
-2,42,
29,-44,
9,-82,
-66,-75,
-46,73,
-54,49,
-51,-18,
-32,-53,
-13,-85,
31,28,
112,120,
140,242,
66,62,
40,-9,
21,15,
42,41,
37,85,
11,38,
55,-62,
-20,-88,
-53,38,
6,32,
27,18,
94,-98,
123,5,
84,82,
-41,-15,
-29,-51,
78,-42,
59,16,
57,-24,
30,15,
-4,29,
-27,-37,
-12,-51,
8,-61,
-6,20,
-19,24,
36,0,
89,34,
55,32,
51,143,
53,114,
-101,58,
-76,11,
-23,19,
30,49,
86,77,
-5,108,
-6,27,
-22,-19,
-19,-2,
-16,-4,
-52,-4,
-32,5,
38,2,
37,3,
-24,45,
-33,20,
17,11,
00>
_________________________________
00>
RX Timestamp: 832073791106
00>
Clock Offset: 680.637 Hz, -0.085 ppm
00>
RX Timestamp: 833147267173
00>
Clock Offset: 520.706 Hz, -0.065 ppm
00>
_________________________________
Sequence Number: 170
00>
00>
Printing STS0 CIR
00>
00>
_________________________________
00>
11,-9,
78,19,
59,79,
57,30,
23,46,
-10,-9,
-70,-31,
2,43,
12,-17,
74,-101,
63,-101,
-12,-33,
-63,31,
-43,104,
33,51,
12,14,
20,59,
-50,23,
42,-3,
59,40,
36,50,
20,-17,
-55,7,
19,23,
15,-27,
44,-95,
33,-51,
22,-26,
-20,-18,
9,6,
-74,-6,
22,-60,
29,-42,
-6,38,
-37,-3,
-71,-16,
39,-12,
20,-51,
52,-16,
47,0,
69,-40,
32,-13,
0,58,
-8,17,
2,-56,
6,16,
11,21,
-38,61,
-7,89,
18,61,
38,-4,
36,-7,
3,-1,
67,17,
2,50,
-12,58,
-52,33,
-23,18,
-20,-9,
22,46,
-5,128,
-26,55,
-4,15,
5,-13,
19,-13,
3,14,
18,25,
19,-14,
16,30,
47,45,
-18,43,
12,72,
37,10,
16,-37,
17,-10,
-102,-33,
-26,-30,
13,35,
36,41,
33,-11,
-30,22,
-19,11,
36,-8,
54,10,
75,-38,
69,24,
-23,76,
15,64,
26,-12,
-30,-22,
-6,9,
44,22,
-2,-24,
-8,-18,
-25,-38,
-40,-5,
11,-21,
35,-4,
5,19,
5,42,
-27,0,
14,-72,
-27,12,
-81,36,
-21,83,
-6,102,
-12,86,
56,40,
-7,-19,
109,-55,
-23,-47,
13,14,
-34,75,
-35,23,
3,-13,
38,21,
64,5,
68,62,
5,80,
-49,-20,
14,-88,
46,-92,
24,-38,
10,28,
6,98,
-32,54,
-62,-1,
9,-56,
-19,-23,
-34,9,
-24,-40,
-19,5,
-6,15,
-4,60,
-26,-14,
-10,68,
-13,8,
2,52,
-11,64,
-57,-6,
22,-29,
1,-46,
11,-35,
-2,8,
4,13,
-37,7,
-4,-31,
-30,-4,
42,-7,
54,-1,
41,-6,
74,51,
39,15,
-9,43,
-5,-36,
-12,-11,
-2,30,
31,14,
19,-18,
-29,5,
7,32,
4,93,
42,56,
41,20,
73,47,
26,44,
-40,50,
-1,25,
49,-72,
-4,-10,
6,-1,
-28,25,
-46,-2,
-45,-84,
-10,-35,
11,23,
-16,41,
-18,17,
32,57,
104,69,
56,38,
-11,-11,
-1,44,
97,27,
87,-53,
69,-82,
100,-138,
34,-21,
-38,43,
-23,47,
-9,18,
-12,-8,
11,-2,
-7,-30,
9,37,
-25,-6,
22,-64,
85,-9,
21,29,
-1,21,
-14,16,
-12,36,
14,18,
11,-19,
-26,-76,
-17,-71,
-3,6,
19,-4,
20,-3,
44,-1,
74,10,
71,24,
55,-23,
-11,29,
10,38,
50,35,
56,14,
25,-49,
-4,-51,
-18,-30,
-23,30,
12,36,
2,-1,
-20,-43,
-28,33,
-41,41,
28,-14,
58,33,
-19,38,
4,52,
-32,-58,
20,-91,
46,-11,
13,-6,
16,-1,
-16,-38,
-107,26,
27,54,
13,28,
-12,30,
-83,-10,
8,-20,
-83,-9,
-22,-15,
13,27,
49,-53,
27,-89,
-10,15,
8,125,
-22,86,
-3,39,
18,23,
78,-27,
40,-110,
4,-2,
4,68,
15,38,
67,-36,
-21,-64,
57,-4,
58,-35,
-20,57,
-12,-7,
-22,-50,
38,-51,
24,-77,
13,-52,
13,27,
-30,45,
-29,13,
-19,-38,
-9,16,
37,-13,
18,-5,
47,-13,
49,14,
2,88,
-35,3,
-12,-13,
53,14,
55,21,
-11,49,
-16,52,
53,-34,
26,-8,
1,24,
21,10,
-16,29,
-20,71,
-24,4,
-65,-52,
-50,-33,
-9,-22,
-35,-15,
8,20,
20,33,
-25,18,
-27,67,
-36,65,
-66,-32,
-43,-32,
-57,-47,
-11,-48,
-37,11,
91,40,
35,64,
110,29,
101,47,
99,22,
-3,14,
10,35,
54,6,
65,-104,
54,-67,
6,29,
99,-12,
55,40,
20,44,
-3,48,
7,35,
8,28,
-24,3,
-28,-6,
-3,20,
-64,9,
-43,17,
21,-12,
77,34,
29,12,
-12,65,
-18,23,
55,4,
55,7,
-9,-27,
22,-5,
4,-4,
-7,-14,
19,-38,
23,-41,
2,49,
4,62,
-10,11,
-41,-14,
38,-17,
39,67,
12,13,
34,-27,
7,-21,
-26,18,
-112,-52,
10,18,
37,2,
-32,445,
-737,2794,
-2238,6493,
-3313,7125,
-3838,5641,
-1143,-259,
1004,-2865,
3222,-1083,
6889,2301,
7190,3474,
7021,3647,
2916,785,
-1740,-2617,
-2710,-2787,
-659,-673,
339,29,
573,-811,
772,-1984,
227,-924,
-111,-133,
-484,-123,
-661,49,
-469,-92,
-530,-367,
-253,-401,
112,-312,
105,-371,
-283,-71,
-191,573,
-305,684,
-263,350,
-62,-29,
17,-293,
41,-167,
84,12,
135,69,
53,-161,
34,-370,
-53,-465,
-207,-437,
7,-434,
207,-429,
172,-412,
-160,-294,
-163,-194,
-142,-154,
1,-153,
27,-50,
-50,-11,
-75,-97,
31,-104,
147,17,
327,-110,
266,-88,
226,-45,
344,-37,
203,-206,
132,-225,
136,-316,
-95,-313,
-197,-298,
-173,-218,
-38,-47,
-7,63,
-109,85,
-222,1,
-177,-55,
-198,-118,
-267,-160,
-275,36,
-205,152,
-132,132,
-4,73,
32,-19,
3,2,
100,103,
81,105,
-38,-89,
-243,3,
-347,11,
-296,98,
-97,62,
-79,-20,
-87,-68,
-105,-145,
-4,-106,
32,-172,
68,-115,
23,12,
-7,48,
-4,25,
-2,15,
43,-92,
55,-89,
59,-57,
91,-54,
61,66,
14,38,
17,-80,
33,-20,
42,-152,
36,-97,
65,-183,
60,-218,
41,-177,
83,-191,
29,-104,
-17,-63,
-10,-103,
-43,-168,
-29,-81,
-50,-39,
-92,4,
-74,-3,
-27,-46,
-1,12,
-8,-15,
16,11,
1,-41,
-5,-41,
28,-28,
11,9,
23,-44,
-40,-108,
0,-130,
-51,-45,
-10,54,
-12,38,
-12,-11,
1,-45,
-98,-15,
-44,-29,
-84,-45,
-32,-39,
-40,-80,
-97,2,
-36,37,
12,-8,
-18,32,
8,5,
26,-62,
30,-52,
-13,-15,
-75,41,
3,48,
101,-67,
129,3,
92,45,
21,-30,
-56,-57,
-80,3,
-65,-10,
-30,-86,
79,-111,
72,-92,
7,-67,
-67,-100,
-72,-134,
-28,-43,
-14,-97,
00>
_________________________________
00>
00>
Printing STS1 CIR
00>
00>
_________________________________
00>
41,-66,
5,23,
23,70,
-28,-9,
17,46,
23,17,
61,19,
-1,-22,
41,-41,
21,-34,
37,-5,
-15,22,
-17,9,
-33,31,
-27,41,
15,1,
20,-19,
21,-42,
-10,-9,
-23,23,
4,-42,
63,33,
113,-12,
80,-36,
13,-23,
28,-54,
78,-1,
24,-10,
-10,5,
-7,37,
19,2,
-31,16,
-10,44,
41,54,
40,2,
20,-12,
13,-27,
-37,-55,
31,-25,
23,-7,
-3,-38,
77,-22,
10,-15,
31,-13,
-22,0,
4,-25,
-3,-18,
25,52,
18,20,
-25,3,
-23,-44,
27,-60,
49,-37,
30,28,
-35,11,
-15,13,
10,-25,
26,-31,
36,-54,
-1,-15,
1,-19,
-26,13,
-6,-16,
-3,-12,
43,5,
66,60,
89,44,
16,76,
-53,21,
6,-34,
17,-18,
-16,56,
-47,108,
57,128,
2,108,
42,93,
20,-23,
-28,-2,
-3,-41,
25,-23,
1,1,
-30,-7,
-27,22,
56,31,
18,52,
-23,-7,
71,25,
14,7,
29,-46,
70,44,
11,48,
26,36,
57,1,
11,-50,
0,7,
-2,41,
-46,27,
-13,-56,
61,-6,
12,79,
-39,11,
25,-33,
10,22,
89,-42,
95,5,
65,14,
15,2,
-10,5,
12,-14,
21,-14,
-16,-15,
30,1,
-49,35,
6,-58,
-16,0,
-30,-4,
-51,43,
27,-46,
-16,19,
-11,-25,
-44,-18,
9,-17,
-20,-20,
15,14,
-8,66,
-41,50,
-33,-32,
64,-15,
31,38,
41,-6,
-14,33,
47,65,
22,-39,
30,-38,
9,1,
-21,25,
-37,14,
-26,68,
-56,48,
-21,7,
-74,5,
41,10,
-12,65,
28,24,
74,-4,
63,2,
29,-23,
-6,-30,
18,-26,
0,2,
-11,-9,
24,-26,
42,20,
69,-14,
41,-19,
36,-1,
-24,35,
52,-7,
-15,35,
-37,62,
-29,26,
17,-25,
71,-63,
64,1,
46,-5,
-10,21,
56,87,
50,13,
16,19,
-17,-43,
-9,-5,
30,62,
77,44,
35,5,
18,-9,
43,30,
-58,34,
-24,42,
22,28,
45,20,
-30,-14,
-4,-63,
34,24,
32,42,
-9,73,
37,-5,
57,-39,
26,-6,
-15,15,
47,21,
59,76,
36,65,
1,14,
23,15,
30,-19,
55,6,
49,97,
22,69,
53,45,
94,38,
88,-39,
-9,-58,
-21,-47,
31,-51,
67,1,
33,8,
-45,21,
6,-24,
40,-34,
10,33,
19,78,
65,38,
53,-1,
-16,4,
-53,86,
22,35,
-14,41,
77,22,
53,21,
7,30,
-3,6,
11,36,
57,3,
65,13,
38,-62,
-43,-54,
17,-85,
-15,-44,
18,30,
-4,84,
77,48,
19,57,
35,-88,
7,-93,
19,-71,
-40,-20,
-72,-7,
-97,-34,
-15,-33,
-23,-2,
11,11,
23,59,
13,26,
-71,-7,
-43,-24,
11,1,
89,-25,
7,68,
37,3,
-5,-37,
-19,11,
-58,19,
-10,-11,
18,-8,
23,33,
-32,79,
-20,66,
-6,38,
36,24,
65,32,
34,33,
-12,26,
21,-4,
11,34,
-7,39,
19,36,
45,57,
43,63,
59,12,
51,-34,
5,24,
23,49,
34,23,
-23,50,
-68,4,
-23,11,
58,-1,
57,-20,
-27,-30,
-26,-27,
7,-84,
-15,-61,
40,57,
-17,9,
-26,-17,
17,-30,
6,-17,
40,18,
11,23,
27,84,
23,53,
44,7,
24,61,
8,10,
-18,27,
27,14,
2,22,
-10,13,
7,26,
-19,60,
-23,-16,
40,1,
16,27,
-34,-32,
-35,-27,
-32,-34,
46,-73,
28,33,
-42,-16,
-28,-75,
23,-122,
33,22,
36,0,
-6,-17,
-7,1,
32,-48,
3,-42,
26,-90,
-1,-37,
-37,17,
-27,45,
12,69,
26,19,
-7,-8,
-22,-5,
14,-25,
-18,50,
-23,-13,
-31,41,
31,36,
26,1,
-1,32,
22,-13,
36,-27,
8,-11,
32,38,
5,57,
25,50,
58,6,
5,35,
40,43,
29,22,
76,-19,
34,16,
35,39,
51,46,
62,70,
54,88,
-27,-21,
-60,23,
8,21,
-19,30,
-294,363,
-1636,1708,
-4596,3914,
-6445,3921,
-5163,1865,
-734,-949,
950,-1505,
-424,258,
-3976,2258,
-6938,2491,
-7529,2240,
-6740,2484,
-4113,2313,
-1326,963,
165,-204,
812,-724,
1051,-529,
1529,-367,
1660,186,
948,397,
427,91,
102,-103,
429,-348,
692,-257,
1023,201,
473,799,
242,790,
162,678,
237,295,
246,-106,
448,-321,
742,-244,
883,18,
727,63,
488,69,
174,-113,
207,-459,
169,-289,
286,-180,
199,42,
338,227,
269,250,
210,10,
146,-265,
32,-413,
78,-302,
149,-103,
291,-55,
211,-22,
-21,-29,
-154,-59,
-87,-97,
199,-176,
309,-145,
444,-118,
337,32,
327,67,
85,-59,
-19,-213,
-101,-318,
-58,-194,
68,-136,
256,-81,
296,16,
357,67,
322,22,
341,-55,
203,-126,
165,-341,
-63,-160,
-163,-28,
-103,40,
-198,121,
-93,51,
-21,18,
-2,46,
67,93,
124,46,
22,-78,
-5,-270,
-12,-189,
24,-30,
198,41,
66,-13,
15,-186,
59,-84,
130,-135,
210,-200,
291,-179,
173,-108,
110,-27,
175,76,
181,26,
105,-8,
103,-9,
98,-37,
121,-144,
154,-159,
143,-106,
65,-56,
82,-130,
18,-45,
2,-17,
63,-36,
103,-26,
96,19,
31,11,
37,-83,
187,-194,
106,-83,
68,-17,
44,38,
40,-57,
40,-40,
95,-112,
76,-75,
109,-65,
102,-52,
39,-47,
114,-30,
103,11,
57,20,
86,-7,
63,-13,
240,-86,
147,-50,
106,8,
93,30,
66,64,
98,-27,
80,-19,
100,-17,
78,-55,
109,-52,
105,-80,
70,-77,
96,-108,
61,-53,
66,-31,
31,-81,
58,-10,
123,-27,
78,-16,
123,-53,
79,45,
85,22,
146,-18,
87,-28,
99,-93,
100,-177,
75,-73,
-12,-21,
71,25,
74,-57,
74,-38,
118,-59,
64,-99,
22,-55,
5,4,
30,-53,
00>
_________________________________
00>
_________________________________
Sequence Number: 173
00>
00>
Printing STS0 CIR
00>
00>
_________________________________
00>
-13,-5,
-36,-23,
25,-27,
-7,-98,
-28,-54,
14,-69,
74,24,
52,-33,
-8,-53,
-28,-45,
-57,-76,
-67,-21,
1,-1,
-17,27,
15,-1,
-11,6,
-33,7,
-18,16,
15,15,
23,-19,
3,12,
57,27,
-15,11,
-38,14,
17,-48,
20,12,
13,-13,
98,-58,
-39,-39,
-20,-26,
-46,65,
-19,47,
19,-7,
-32,15,
17,-39,
-11,17,
40,31,
46,28,
59,13,
-6,68,
4,77,
-8,26,
-25,9,
-30,4,
-32,25,
10,23,
-45,4,
13,48,
12,42,
-31,-100,
-23,-14,
-24,54,
-33,4,
-21,-10,
-25,11,
-11,-26,
-24,11,
-9,-61,
8,-55,
88,-19,
69,1,
8,0,
17,-59,
11,2,
-77,11,
-34,45,
-65,16,
-39,26,
-11,44,
-57,-33,
-24,20,
-57,-63,
1,-66,
-45,9,
1,33,
23,-57,
15,-2,
-8,40,
37,16,
-3,-11,
4,-3,
-6,-1,
-4,-22,
-10,-30,
-45,-11,
-18,5,
43,32,
-12,49,
7,30,
27,-46,
76,-50,
-15,-22,
-10,2,
-28,36,
-13,-8,
15,41,
-91,3,
-30,-22,
24,-16,
12,16,
-5,35,
-62,-3,
14,-24,
31,-25,
-23,54,
-73,34,
-59,22,
27,-24,
67,40,
74,27,
60,25,
-22,-38,
-40,-23,
5,-66,
27,-111,
61,-28,
4,-6,
-24,-79,
-6,-47,
35,3,
3,-48,
47,-84,
41,-74,
61,-58,
25,-43,
21,-17,
45,14,
-4,94,
-27,10,
-36,-22,
-11,-11,
28,-47,
-5,15,
-26,15,
-59,49,
23,-49,
50,6,
-5,-51,
-13,-34,
43,4,
57,5,
-24,40,
-21,73,
42,42,
-41,10,
-26,21,
-1,98,
-24,12,
54,13,
46,-32,
73,29,
21,33,
23,-32,
60,-8,
36,60,
-2,105,
24,45,
61,-42,
5,-27,
10,22,
-20,69,
-37,42,
-10,52,
-47,42,
65,-6,
112,24,
16,13,
9,59,
-12,34,
2,-18,
-12,-20,
-34,3,
-19,25,
-28,-5,
49,17,
46,35,
12,-75,
18,-21,
-25,-6,
-42,-4,
-25,6,
14,-27,
7,1,
32,14,
7,41,
32,30,
-24,96,
-14,88,
-30,17,
-38,21,
75,4,
30,-13,
47,23,
9,10,
3,4,
-14,18,
-4,-4,
8,18,
-9,27,
24,25,
77,36,
59,-19,
8,-88,
-42,60,
-27,-17,
-12,24,
29,-31,
58,17,
6,-2,
-69,10,
25,0,
67,-44,
37,18,
-48,24,
-72,113,
9,16,
10,-28,
0,-10,
7,4,
-1,9,
23,-7,
-44,32,
2,-6,
-32,37,
-18,47,
-71,10,
30,29,
-18,90,
119,73,
58,-10,
13,55,
-33,49,
-28,27,
8,-41,
-15,-68,
-2,-8,
71,48,
13,35,
-19,-35,
-66,-5,
4,59,
-4,50,
32,16,
-46,14,
24,48,
27,51,
-11,51,
-39,34,
-20,-10,
-9,-29,
-12,43,
-11,135,
-4,52,
-6,66,
-60,-9,
-32,-23,
-31,15,
50,93,
29,68,
60,-78,
-5,-65,
15,22,
-36,21,
-16,-1,
-16,56,
20,6,
53,69,
47,31,
29,-22,
24,-21,
43,-20,
9,-14,
-14,22,
10,-24,
30,-30,
35,-50,
57,23,
44,43,
-22,43,
-50,10,
-18,-39,
12,61,
50,73,
3,69,
-22,19,
52,-24,
78,-53,
67,-49,
-49,39,
-20,17,
1,73,
-25,40,
19,-47,
39,-25,
40,-44,
70,-14,
48,4,
34,29,
30,-30,
0,-19,
-57,-21,
24,-32,
12,38,
-21,55,
-21,16,
-29,-14,
11,23,
7,30,
-13,-30,
-62,-25,
-24,6,
-34,94,
25,91,
66,80,
51,18,
38,-3,
1,-33,
3,81,
18,63,
93,44,
69,-31,
-29,-16,
2,9,
39,14,
46,26,
23,-57,
-29,-18,
-21,33,
17,29,
-49,5,
-2,-25,
42,32,
10,-14,
-13,23,
-9,26,
0,-4,
0,34,
38,-49,
11,-56,
123,-78,
-33,-78,
37,-17,
74,-33,
50,-44,
15,-44,
2,-71,
22,-13,
47,17,
32,7,
14,-24,
1,-36,
150,-4,
1259,-94,
4574,-185,
7210,-74,
7066,73,
2317,-183,
-1562,-244,
-1315,306,
1801,1947,
5019,4518,
5655,5859,
5540,5660,
4606,3880,
2031,1389,
-30,130,
-930,-321,
-973,-673,
-1055,-1198,
-1599,-1434,
-633,-412,
-596,539,
-537,845,
-494,613,
-716,290,
-1049,-72,
-779,-254,
-242,-310,
-149,-527,
-353,-574,
-476,-241,
-348,-137,
-316,-215,
-248,-328,
-124,-316,
3,-321,
-25,-304,
-78,-174,
-380,-8,
-251,238,
-20,195,
312,69,
356,-127,
143,-200,
-9,-244,
-229,-342,
-210,-226,
-104,-74,
6,187,
47,425,
27,517,
-42,601,
-18,428,
-9,94,
-63,-102,
10,-118,
38,-105,
40,-74,
82,-144,
146,-243,
103,-172,
4,-33,
-146,-16,
-231,-236,
-285,-308,
-238,-150,
-226,-125,
-215,-92,
-68,-27,
-34,-23,
-72,34,
27,-55,
23,-178,
-65,-186,
-106,-140,
56,-264,
142,-387,
348,-429,
283,-253,
-10,-17,
-261,12,
-401,10,
-223,22,
-157,-68,
-60,-61,
-113,-141,
-266,-177,
-213,-126,
-154,49,
-203,176,
-85,98,
-62,3,
31,-28,
-32,-57,
33,8,
-68,13,
-122,-7,
-202,44,
-142,66,
-125,104,
-86,83,
-116,-80,
-241,-62,
-227,-23,
-193,-32,
-192,-78,
-30,-58,
21,-46,
44,-64,
-51,63,
-85,136,
-55,42,
-84,-5,
-95,-16,
-142,-20,
-125,-64,
-48,-38,
-29,-41,
-103,-82,
-149,28,
-136,-9,
-94,-25,
-40,76,
-24,41,
-44,-38,
-86,-61,
-64,-40,
-29,10,
-41,-23,
-41,-31,
1,-68,
-92,-70,
0,-18,
-38,-32,
-116,-167,
-70,-51,
-58,-45,
-59,-93,
-70,-96,
-73,-74,
-42,-79,
-70,-51,
-149,12,
-100,-59,
-121,-125,
-66,-118,
-95,-97,
-121,-137,
-38,-41,
-82,-12,
-173,35,
-65,-79,
-113,-112,
-130,3,
-118,36,
-21,42,
-82,14,
-104,-94,
-62,-132,
-85,-140,
-65,-77,
5,-67,
00>
_________________________________
00>
00>
Printing STS1 CIR
00>
00>
_________________________________
00>
-21,-3,
-21,23,
-41,49,
14,-37,
19,-111,
16,-25,
-18,9,
13,78,
-30,15,
-58,-11,
12,70,
-3,54,
-37,4,
56,10,
32,-10,
-42,17,
4,-76,
8,-49,
45,-31,
18,4,
19,3,
28,-3,
0,-42,
-45,39,
62,28,
-7,78,
-19,40,
-5,75,
66,-7,
66,-68,
39,-44,
113,43,
32,14,
-6,50,
-23,70,
23,59,
-37,38,
-47,-35,
25,12,
45,40,
63,10,
56,-55,
72,13,
55,-14,
25,-66,
1,-35,
21,3,
-6,13,
-26,23,
6,-9,
-18,-11,
7,-15,
-82,-26,
-6,-4,
-30,-27,
-25,34,
-28,-30,
3,-21,
-15,53,
32,53,
-12,21,
0,54,
7,28,
-28,-4,
-17,6,
-9,33,
11,-72,
3,-30,
47,-8,
25,21,
-35,92,
-14,15,
41,5,
11,15,
-30,-11,
19,-7,
-9,3,
18,-7,
9,86,
5,83,
-28,54,
-20,38,
57,-9,
25,-8,
8,29,
-18,71,
56,-6,
28,-21,
-29,-32,
26,47,
13,5,
30,-6,
9,59,
38,-20,
15,-9,
23,-21,
-11,26,
88,14,
80,-75,
75,-100,
150,-69,
-7,-8,
4,-64,
47,-73,
-40,134,
-77,99,
-110,25,
0,36,
-2,51,
7,35,
-37,29,
0,49,
-26,60,
-17,-29,
56,-91,
41,-41,
18,-25,
-48,59,
-52,64,
-59,89,
-23,51,
-8,91,
-3,-13,
-30,-8,
-24,86,
23,62,
-3,-16,
-34,-3,
-65,39,
-96,123,
-7,69,
-1,57,
-53,26,
-7,24,
20,-23,
-23,-41,
-29,-13,
47,-4,
60,-26,
22,-46,
-4,-55,
-15,-2,
-33,14,
-39,-27,
-59,-36,
24,-21,
-2,-7,
8,-36,
-52,-69,
28,-43,
56,-5,
18,23,
34,-21,
14,-37,
-62,-30,
29,2,
10,40,
9,26,
38,2,
-33,-19,
-37,41,
-62,108,
58,57,
57,26,
32,13,
10,-47,
-52,-54,
-11,-53,
-38,29,
-56,-46,
-17,50,
-19,1,
13,3,
-8,16,
3,19,
-20,36,
-51,52,
-16,-36,
26,-33,
36,12,
-64,-20,
12,-54,
-38,-121,
-57,-36,
-129,12,
-28,-16,
-52,-21,
-42,-45,
6,-14,
-24,-3,
14,36,
-66,-36,
-55,-11,
-11,66,
6,-47,
19,29,
-8,-30,
74,-52,
29,-49,
33,-40,
4,-2,
20,-25,
97,-52,
-4,-53,
-35,-14,
-22,-33,
-45,-51,
55,-42,
69,34,
70,41,
66,1,
73,-21,
46,56,
30,-9,
3,-8,
-59,59,
-29,11,
-19,10,
8,-10,
9,-19,
7,29,
-73,-19,
-1,16,
24,55,
35,5,
33,11,
-29,38,
-23,27,
-28,-3,
-99,23,
-12,33,
27,-12,
24,29,
-23,-1,
-6,107,
23,93,
45,-12,
23,-25,
27,-4,
22,43,
26,4,
-6,-8,
34,6,
4,1,
10,-33,
45,-1,
73,-23,
0,5,
4,30,
6,-2,
-40,36,
-36,-59,
23,39,
24,-41,
-14,-21,
-31,46,
-48,-51,
74,10,
37,-59,
38,-38,
87,-6,
2,-48,
40,-12,
-31,0,
-85,2,
-50,20,
-125,5,
-12,-11,
1,-13,
-6,-31,
-5,-27,
-3,17,
-6,-16,
-25,-19,
-6,-2,
7,-49,
55,-23,
-3,21,
-57,28,
-53,9,
-38,31,
-1,-2,
37,18,
71,-17,
-10,20,
33,3,
9,-88,
45,-66,
16,-40,
16,25,
42,-40,
-1,57,
-54,17,
-61,1,
-46,-18,
-38,-14,
26,-20,
41,-5,
-21,8,
0,38,
-13,-1,
-18,39,
33,-46,
-2,13,
-36,-1,
74,-24,
23,43,
0,9,
-38,12,
-2,-5,
-49,-23,
-39,39,
-32,15,
1,-42,
-37,-58,
-41,-14,
27,63,
29,17,
7,-12,
60,-40,
59,-72,
34,-12,
40,28,
-2,5,
26,3,
15,-44,
38,17,
1,52,
39,27,
-57,-24,
28,-39,
-19,6,
-46,-26,
-6,-88,
14,-52,
31,33,
19,45,
-36,-8,
2,-15,
-7,-10,
53,-33,
22,-40,
20,60,
39,44,
93,44,
40,-49,
-9,-126,
-25,33,
-86,23,
-31,32,
5,26,
113,51,
926,563,
3581,2398,
5965,4319,
6370,4405,
4490,2315,
345,-248,
-1612,-547,
-2667,36,
-4083,-199,
-4923,-2071,
-2957,-4125,
325,-3975,
1181,-1339,
100,659,
-748,525,
-590,-785,
-333,-1731,
-798,-2215,
-42,-1167,
59,-444,
-14,9,
-132,42,
-428,-434,
-519,-640,
-242,-361,
-46,163,
103,334,
92,235,
-24,5,
-43,-74,
142,14,
215,231,
104,311,
-219,129,
-100,-9,
60,-127,
313,13,
174,82,
143,12,
-3,-238,
-80,-496,
-94,-328,
-217,-116,
-293,-19,
-80,-123,
97,-119,
200,-44,
165,78,
122,114,
225,261,
20,294,
-38,272,
-44,155,
0,-85,
261,-114,
400,-142,
276,-349,
81,-590,
-94,-485,
2,-286,
7,-75,
-38,-31,
-133,-21,
-280,9,
-238,101,
-243,3,
-63,78,
-35,81,
-3,177,
11,27,
7,-110,
-14,-119,
36,63,
132,153,
300,169,
349,113,
223,-4,
100,5,
-164,18,
-221,24,
-175,-51,
-174,-83,
-90,29,
-139,84,
-219,70,
-125,29,
-131,15,
-191,107,
-210,177,
-158,51,
-27,-34,
4,-138,
31,15,
14,92,
54,125,
32,167,
42,124,
8,54,
-25,-7,
30,-20,
-5,-74,
-12,-26,
17,22,
6,-13,
10,-33,
33,20,
-21,104,
-130,158,
-130,159,
-79,131,
38,82,
22,28,
-21,97,
-28,163,
-4,35,
-3,44,
-40,-36,
-5,-45,
72,34,
46,68,
-31,92,
-8,150,
70,32,
-6,-45,
28,-58,
-33,57,
40,8,
-4,-21,
24,-18,
26,54,
-29,35,
-52,36,
-85,11,
-29,-28,
-41,21,
-52,100,
-53,115,
-106,26,
-69,113,
-93,83,
19,3,
38,-54,
-21,11,
5,40,
4,22,
-22,-48,
84,-103,
33,-90,
-39,-115,
-53,-100,
-33,16,
-14,102,
-24,78,
-81,62,
-60,-20,
-19,32,
12,-16,
-4,-13,
-41,-24,
27,112,
00>
_________________________________
00>
RX Timestamp: 972492622212
00>
Clock Offset: 888.920 Hz, -0.111 ppm
00>
RX Timestamp: 973564400968
00>
Clock Offset: 1030.254 Hz, -0.129 ppm
00>
_________________________________
Sequence Number: 50
00>
00>
Printing STS0 CIR
00>
00>
_________________________________
00>
-10,-3,
-30,-15,
9,14,
9,18,
7,-7,
-46,26,
18,12,
15,10,
-5,10,
35,23,
3,39,
44,51,
-2,-11,
-14,-27,
-41,35,
-23,4,
3,-13,
70,69,
3,9,
18,11,
3,6,
-47,-7,
1,23,
-18,28,
-19,-28,
21,-3,
32,70,
13,128,
16,51,
-24,45,
-13,36,
34,33,
19,-26,
28,25,
-9,4,
9,9,
-8,21,
62,12,
-2,27,
-32,50,
15,-4,
12,3,
-32,64,
17,-1,
-22,-10,
16,11,
-16,-12,
47,-2,
22,18,
-53,-6,
-8,13,
19,-3,
-4,8,
-44,6,
-49,39,
5,28,
-87,51,
31,32,
24,8,
-72,45,
2,20,
5,-13,
15,43,
-26,28,
-18,32,
10,-12,
18,8,
16,14,
18,13,
10,6,
-66,-19,
-64,-3,
-9,9,
10,5,
63,13,
-29,34,
-17,61,
-3,81,
-34,87,
-4,22,
37,6,
-16,-17,
12,2,
11,25,
6,-5,
-54,-24,
2,-25,
10,7,
-2,12,
-1,22,
13,6,
-6,-48,
-18,-22,
-33,14,
-45,11,
13,62,
7,31,
41,-1,
-2,5,
5,12,
16,-2,
43,14,
9,16,
24,-10,
42,24,
-8,0,
39,-61,
3,-28,
-1,-22,
10,-21,
-2,-28,
-2,-25,
10,75,
69,69,
3,18,
13,17,
-9,4,
-97,-5,
-92,4,
-82,-17,
-68,39,
24,-12,
-4,20,
94,98,
20,93,
18,74,
-4,79,
88,98,
-6,8,
-43,-39,
-2,-2,
8,20,
5,7,
28,1,
-27,-28,
-57,-18,
30,3,
6,17,
69,-21,
24,-8,
14,24,
-2,36,
25,31,
35,15,
35,-57,
-44,8,
13,15,
11,17,
17,21,
14,-17,
52,-28,
14,1,
13,1,
1,-19,
15,-10,
-3,-18,
15,9,
8,-11,
24,-12,
15,16,
0,62,
-8,-2,
25,9,
11,4,
19,11,
14,4,
-10,-13,
-11,-46,
44,12,
9,24,
17,-8,
25,-10,
-23,45,
-59,8,
9,10,
7,-36,
43,-11,
51,-1,
-10,4,
1,5,
-5,38,
-1,72,
9,4,
-21,-15,
-92,-18,
-18,-11,
37,-48,
51,-14,
36,35,
-3,30,
-3,66,
5,27,
24,33,
-13,9,
0,12,
-4,25,
2,-14,
17,-43,
19,-4,
10,-14,
67,-30,
0,0,
-9,-43,
-53,19,
-28,23,
-55,-19,
-41,-16,
33,32,
24,-12,
38,9,
-14,7,
9,-2,
-2,3,
-26,61,
77,54,
27,34,
46,46,
15,34,
15,-9,
-15,12,
23,-9,
47,20,
42,2,
14,-9,
13,-46,
26,10,
-6,5,
15,-13,
2,8,
13,14,
19,27,
51,28,
11,22,
9,20,
47,107,
14,17,
69,-41,
9,-71,
-10,-32,
-22,5,
3,-34,
13,25,
-5,5,
2,8,
-21,3,
27,-14,
18,-41,
26,13,
58,-26,
13,14,
69,8,
23,-16,
-20,9,
1,11,
39,-38,
-18,-55,
10,-16,
8,-8,
5,11,
8,16,
-2,1,
8,-45,
-5,-29,
-6,-20,
14,13,
-20,30,
21,21,
20,-7,
-52,-19,
-23,-23,
-35,3,
14,25,
-26,49,
12,1,
1,8,
14,3,
-3,18,
-8,14,
-48,6,
-66,5,
-7,11,
32,15,
53,-20,
29,36,
-80,43,
-62,89,
-25,52,
28,14,
68,-16,
7,-8,
3,-3,
4,11,
-24,10,
48,-18,
67,0,
91,50,
107,38,
17,22,
-75,-9,
-5,9,
2,-54,
-16,-43,
2,-20,
-3,19,
1,49,
-34,9,
5,8,
21,-14,
21,8,
-16,-25,
15,51,
59,22,
98,-6,
7,7,
-31,42,
14,-26,
42,26,
-14,-31,
33,-38,
30,53,
11,6,
51,39,
13,6,
1,10,
7,21,
27,1,
-11,-101,
-4,-56,
103,-80,
9,43,
9,27,
-8,-22,
-54,1,
-60,11,
-48,-13,
3,0,
22,29,
80,42,
7,3,
9,10,
2,2,
50,3,
17,42,
-1,26,
24,26,
9,14,
47,-32,
-29,-19,
35,-23,
26,9,
2,-9,
8,6,
59,21,
72,41,
0,-7,
2,6,
-90,-139,
-1644,-2634,
-3074,-7468,
-2720,-8092,
-740,-6625,
213,-50,
86,2054,
-3243,4777,
-7783,3639,
-8129,2929,
-8031,2193,
-1365,-44,
3119,314,
2686,740,
73,29,
-24,51,
85,184,
1478,2438,
492,954,
345,104,
788,-525,
190,-65,
461,-292,
671,-266,
528,271,
261,201,
395,182,
649,-9,
-372,-533,
-588,-488,
1,-10,
33,-16,
65,58,
90,77,
-41,-24,
3,32,
344,247,
109,96,
381,328,
359,200,
268,298,
74,213,
140,281,
397,121,
365,183,
80,93,
-6,9,
10,3,
16,12,
-19,-2,
19,49,
71,108,
51,377,
-44,84,
-190,451,
-317,397,
-18,82,
46,118,
89,222,
143,103,
615,157,
524,270,
25,31,
2,10,
18,-7,
101,-131,
296,-69,
287,-2,
499,-79,
84,-60,
56,-487,
11,-277,
9,-32,
24,22,
22,23,
-55,35,
-293,-77,
75,-48,
59,3,
51,-44,
65,3,
181,183,
101,135,
64,23,
95,60,
5,6,
124,31,
191,71,
14,63,
-30,21,
-6,-26,
107,31,
293,120,
208,128,
0,19,
-1,39,
-11,2,
16,-119,
52,-67,
91,18,
104,115,
31,41,
59,125,
40,167,
53,55,
19,-3,
38,5,
39,48,
156,49,
177,79,
18,8,
18,-5,
46,30,
50,38,
81,-9,
9,31,
50,108,
23,30,
16,52,
-42,4,
-42,-56,
20,-31,
72,-44,
109,40,
140,100,
44,32,
1,14,
8,-6,
14,2,
41,-7,
78,30,
68,40,
53,100,
34,9,
134,-21,
108,-10,
38,9,
12,7,
21,40,
-72,-8,
-17,-16,
101,61,
12,-6,
16,-4,
4,5,
47,28,
-1,83,
41,47,
29,86,
29,11,
75,7,
8,-26,
88,5,
60,12,
50,40,
67,36,
00>
_________________________________
00>
00>
Printing STS1 CIR
00>
00>
_________________________________
00>
0,41,
12,-8,
21,18,
34,-17,
24,16,
68,45,
97,89,
105,61,
93,-9,
11,15,
1,17,
1,10,
24,29,
85,59,
112,77,
95,72,
50,33,
36,19,
5,21,
19,1,
-4,64,
11,19,
-24,33,
-15,18,
-16,31,
12,3,
24,6,
0,31,
-16,14,
-31,0,
-9,38,
-48,-1,
-40,0,
25,-15,
11,18,
24,-32,
30,-39,
32,-18,
23,17,
41,52,
-10,25,
5,7,
12,8,
35,-9,
5,20,
26,48,
46,55,
-2,77,
-29,-10,
-7,0,
8,-1,
30,-20,
9,-8,
-55,32,
-23,0,
-22,1,
-30,0,
-11,-3,
-17,28,
-9,40,
-7,-29,
-54,-1,
-41,19,
-33,40,
-44,60,
20,11,
-4,32,
-2,24,
12,7,
6,20,
-6,12,
-25,-10,
84,-9,
19,4,
6,16,
-4,16,
21,7,
13,-22,
-1,-7,
-15,-21,
-43,-31,
8,17,
29,-5,
12,0,
13,10,
21,18,
-82,48,
-77,-9,
24,9,
6,2,
31,14,
24,-15,
-43,3,
-58,-55,
-92,-53,
-39,11,
-39,-37,
2,6,
12,1,
34,7,
28,-19,
6,-12,
-60,-24,
-69,-27,
16,32,
22,14,
26,-13,
27,-9,
31,18,
-19,13,
-44,-20,
-26,-17,
-24,20,
25,-13,
16,5,
-11,12,
5,24,
1,59,
-58,6,
-37,-49,
22,-69,
-5,4,
7,8,
16,-1,
9,0,
6,-2,
26,12,
9,25,
-10,34,
11,-14,
10,6,
0,-17,
11,-19,
18,0,
43,15,
14,-20,
43,-7,
-8,-3,
-10,-28,
20,-9,
75,-64,
21,-11,
42,1,
-2,9,
-6,-75,
8,17,
7,12,
-5,14,
-19,38,
22,35,
-15,36,
1,-3,
26,1,
-11,10,
20,32,
-1,16,
84,40,
39,2,
86,5,
48,24,
70,13,
24,-1,
5,13,
3,11,
-3,27,
-15,6,
64,-31,
18,32,
2,23,
-20,-2,
-25,12,
8,15,
-13,16,
22,-6,
72,37,
-8,45,
39,-13,
11,-10,
8,7,
7,-20,
13,-32,
23,8,
3,29,
37,56,
25,5,
-2,9,
9,6,
6,14,
-63,-4,
-22,7,
27,45,
-10,56,
4,31,
-1,19,
8,2,
11,15,
-4,6,
-14,1,
9,-26,
-14,-3,
-12,61,
-2,-11,
20,15,
16,-11,
-21,8,
-84,0,
-61,2,
-51,10,
-48,-11,
12,20,
22,2,
26,-19,
10,-28,
31,0,
59,45,
60,69,
16,70,
18,0,
13,-17,
39,-22,
24,60,
76,60,
50,66,
45,66,
18,11,
3,2,
12,19,
3,12,
4,-2,
46,8,
12,-19,
0,-6,
8,-1,
-9,4,
38,35,
18,-2,
28,-7,
22,12,
36,35,
-16,49,
38,-14,
6,11,
5,3,
35,-7,
17,-43,
13,-22,
21,-4,
-6,17,
-35,1,
-5,20,
24,45,
29,-25,
26,-13,
12,6,
-7,-42,
-50,-21,
-39,-18,
-2,27,
9,2,
3,2,
22,-6,
39,2,
65,31,
63,37,
39,45,
1,16,
-28,25,
9,-2,
53,22,
96,28,
77,31,
45,1,
59,-32,
17,3,
12,-5,
-13,39,
18,-9,
-36,25,
49,-58,
34,16,
-3,-14,
32,25,
0,15,
-2,-2,
-8,-18,
-50,-41,
-38,-30,
-46,-1,
-32,65,
-17,21,
15,12,
22,1,
7,51,
82,13,
19,-31,
19,-2,
11,10,
-5,24,
-1,-2,
17,11,
-45,75,
52,62,
24,40,
-12,37,
62,-46,
7,27,
8,4,
7,19,
25,-6,
-13,5,
30,-12,
43,4,
26,12,
-5,-2,
-5,-39,
20,6,
14,1,
45,8,
25,-26,
45,-5,
25,-22,
3,6,
7,17,
-6,8,
16,-14,
-48,-27,
-29,59,
-103,-3,
-109,20,
-8,11,
19,10,
7,1,
-72,-8,
-88,-46,
-62,-37,
-33,-30,
-62,15,
-4,6,
17,-5,
-15,39,
11,7,
50,55,
67,12,
21,-17,
-46,30,
-6,-6,
-26,-1,
-6,41,
3,17,
-35,-3,
-25,-12,
9,44,
6,61,
0,19,
19,21,
-3,7,
170,-383,
725,-2462,
617,-6865,
1522,-7812,
2251,-4609,
170,83,
29,472,
350,-572,
2684,-5827,
3272,-7290,
3259,-7314,
2710,-7154,
1251,-3952,
70,-240,
-49,164,
-229,558,
-352,667,
-1032,2093,
-931,1276,
-193,262,
-103,486,
68,59,
17,374,
-265,550,
-512,860,
-542,-242,
-695,-404,
-579,-298,
-234,-95,
-14,93,
-57,172,
-259,541,
-354,596,
-533,458,
-335,-3,
113,75,
-32,532,
41,91,
-16,117,
-88,145,
-339,186,
-220,-81,
-4,37,
245,204,
93,625,
-2,155,
-38,119,
-110,212,
-79,142,
-11,79,
4,-47,
-1,-13,
-71,213,
11,55,
-83,134,
-129,222,
-196,374,
64,79,
235,150,
228,109,
31,176,
-9,50,
-42,90,
-128,239,
-147,254,
-228,286,
-138,343,
176,208,
16,469,
57,57,
21,-53,
58,-125,
-12,-154,
15,22,
40,17,
-22,-20,
-128,-14,
-11,18,
16,20,
57,39,
-25,124,
-202,265,
-346,198,
-129,22,
56,4,
30,44,
20,135,
-70,198,
-16,391,
46,67,
-99,-27,
-142,7,
-220,288,
-36,50,
-8,41,
-35,92,
-35,108,
-13,180,
75,243,
116,113,
41,213,
18,33,
-2,38,
-15,98,
80,133,
155,84,
119,99,
95,155,
-84,381,
-31,78,
-19,26,
-62,112,
-74,130,
-41,140,
137,173,
162,121,
-27,301,
46,59,
19,90,
10,21,
-69,131,
74,52,
50,57,
48,118,
-68,299,
3,55,
-17,47,
-28,68,
-18,9,
-41,-17,
28,66,
44,29,
-35,224,
-9,35,
-10,67,
-29,84,
-37,88,
51,35,
-10,-8,
-39,48,
-94,234,
-8,28,
2,22,
-18,80,
-37,76,
-34,56,
63,74,
111,58,
1,191,
6,29,
-18,72,
10,33,
59,130,
121,75,
89,62,
72,72,
00>
_________________________________
00>
_________________________________
Sequence Number: 53
00>
00>
Printing STS0 CIR
00>
00>
_________________________________
00>
8,-16,
47,-36,
27,6,
7,62,
11,21,
49,0,
98,-15,
67,61,
25,11,
-37,15,
10,1,
22,9,
88,11,
55,49,
68,71,
51,-20,
-41,-43,
61,-47,
49,13,
-30,38,
-32,-17,
-59,44,
61,4,
39,-58,
-50,27,
36,28,
75,-26,
39,45,
4,-8,
44,37,
38,-32,
31,74,
-11,61,
-19,17,
83,-11,
9,49,
-33,32,
7,36,
60,30,
40,-7,
42,-27,
18,-31,
12,-8,
1,35,
12,16,
24,41,
77,47,
61,80,
2,75,
20,21,
-10,-4,
-17,-52,
15,-58,
-34,-26,
-79,59,
-130,-49,
-46,-91,
-20,-21,
51,7,
0,18,
-70,-13,
-94,-60,
-79,-26,
-32,-2,
-51,8,
-64,22,
24,62,
10,29,
4,-23,
-9,-105,
37,-43,
66,104,
-12,97,
41,-46,
22,-95,
54,-15,
-2,71,
48,54,
-24,74,
-31,-68,
8,-46,
53,48,
5,78,
-39,107,
-55,58,
11,-42,
14,-58,
53,44,
-61,45,
-104,13,
-29,14,
-30,75,
102,67,
46,31,
18,12,
36,138,
25,48,
0,53,
26,55,
61,56,
63,-3,
62,-10,
4,70,
17,70,
63,57,
73,33,
-53,88,
-18,94,
-19,69,
38,33,
-12,1,
33,62,
-46,111,
-4,146,
-6,68,
-42,80,
30,-20,
-8,-37,
47,64,
57,54,
40,16,
62,-31,
-4,-45,
6,39,
11,32,
-28,-12,
-18,5,
5,-10,
-30,-1,
19,9,
45,-44,
-18,-14,
-101,42,
-8,15,
-3,-12,
-29,53,
4,-28,
-12,8,
-20,68,
-81,62,
14,-33,
57,6,
-53,92,
-127,64,
-61,65,
19,22,
-67,-38,
-59,-8,
11,31,
65,74,
-11,57,
19,57,
-92,64,
29,71,
77,39,
38,44,
-7,57,
45,105,
-70,85,
-23,28,
-2,72,
38,34,
34,22,
51,43,
117,36,
23,28,
46,-22,
26,-12,
-60,7,
-117,-2,
-32,43,
13,81,
78,48,
-3,24,
-20,22,
18,28,
20,25,
-13,36,
43,18,
-6,33,
-8,10,
-74,-2,
-63,-34,
-71,20,
31,10,
-12,69,
-57,127,
17,73,
54,-39,
9,-11,
6,25,
31,20,
0,48,
-11,76,
-6,16,
49,26,
63,15,
102,64,
26,37,
5,5,
1,40,
21,-23,
-37,100,
-30,86,
-3,29,
37,-93,
-11,-35,
43,-17,
68,36,
-16,119,
-99,7,
-47,-21,
53,-36,
101,19,
63,54,
-28,30,
2,-20,
-19,35,
-76,14,
-99,87,
-7,77,
-3,93,
25,35,
-36,21,
-34,-7,
38,13,
13,-26,
-40,-9,
-77,22,
-8,-1,
-34,-8,
-44,19,
34,17,
20,104,
60,45,
31,45,
10,-16,
-1,-83,
55,-100,
6,-44,
39,50,
-21,93,
-22,59,
-1,39,
-3,81,
70,17,
50,24,
9,32,
-43,59,
-30,40,
-16,108,
28,-26,
-9,33,
20,50,
-47,59,
-12,55,
50,34,
54,1,
16,2,
22,12,
26,8,
-6,-4,
-91,-16,
-121,-42,
-30,-65,
56,48,
72,42,
-21,-13,
-34,54,
32,42,
15,48,
1,105,
24,59,
-11,81,
-15,88,
59,102,
-8,92,
17,68,
9,26,
-42,-2,
-51,38,
25,17,
64,54,
30,15,
53,-54,
43,-49,
15,-27,
-29,23,
-34,56,
11,32,
19,-5,
-7,26,
-26,2,
-7,-89,
13,3,
32,-47,
18,29,
62,31,
27,27,
65,3,
102,22,
61,-18,
-35,18,
-28,64,
-28,46,
-25,90,
5,75,
20,94,
8,3,
-5,-110,
23,-77,
-29,93,
-74,39,
17,61,
17,63,
18,116,
10,-67,
-113,-74,
-120,19,
-25,-29,
-16,-31,
-16,19,
-39,82,
-47,51,
10,-30,
-8,26,
-73,44,
-67,134,
-29,82,
-18,-65,
10,-60,
-35,-2,
13,-8,
43,-19,
3,10,
-95,53,
-41,42,
66,42,
84,12,
-29,1,
-4,-34,
63,8,
94,53,
35,-24,
-25,-13,
-10,85,
-3,49,
57,28,
90,91,
75,84,
77,48,
44,41,
-13,10,
-30,95,
-18,47,
-68,324,
-446,1587,
-1175,4143,
-1481,5673,
-658,3915,
489,85,
606,-1542,
-679,-97,
-2484,2299,
-4171,3632,
-4839,3721,
-4118,3200,
-2369,2033,
-686,571,
247,-565,
571,-821,
764,-774,
1105,-846,
1000,-1058,
256,-825,
-421,-556,
-519,-242,
-244,-481,
-33,-640,
214,-609,
500,-455,
639,-226,
576,-153,
469,-299,
242,-261,
228,-145,
211,-66,
131,-36,
82,-51,
91,-84,
57,-23,
93,-118,
-68,-178,
-100,-172,
-178,39,
-149,239,
108,190,
250,38,
310,-55,
321,-132,
196,-41,
30,-81,
-195,-46,
-207,-46,
-182,29,
-225,106,
-234,13,
-82,17,
49,-45,
2,89,
-50,191,
-1,181,
130,121,
131,147,
12,197,
43,19,
68,-159,
145,-171,
147,-130,
220,-46,
223,-44,
89,-47,
-82,-88,
-95,-6,
20,-11,
171,65,
231,85,
224,27,
112,30,
187,76,
340,128,
224,228,
102,93,
100,-152,
-66,-129,
-46,-117,
18,-146,
66,-150,
-8,-218,
168,-222,
169,-69,
45,-31,
2,-111,
-23,-212,
-24,-155,
105,-67,
98,-41,
62,-25,
92,-61,
67,-86,
-12,-66,
-5,-19,
-27,-78,
-27,-101,
-10,-100,
117,-101,
102,-39,
89,-121,
25,-98,
16,-46,
-5,-81,
31,30,
27,29,
-46,-38,
-51,-120,
-27,-162,
65,-140,
77,-48,
76,6,
-9,6,
23,-5,
60,-35,
68,-46,
79,-132,
22,-93,
32,-74,
16,-9,
52,-102,
33,-107,
13,-141,
46,-93,
21,-23,
22,-18,
76,-4,
75,-109,
-40,0,
-35,44,
-16,67,
99,37,
38,42,
124,50,
170,-88,
97,-26,
62,-46,
91,35,
76,-32,
-8,-41,
28,-74,
67,2,
13,-58,
92,-58,
-22,15,
-12,77,
51,-7,
57,-118,
53,-92,
44,-23,
3,16,
58,-11,
-24,-103,
67,-69,
81,-53,
00>
_________________________________
00>
00>
Printing STS1 CIR
00>
00>
_________________________________
00>
-13,2,
-20,15,
-34,9,
-37,19,
4,38,
33,47,
109,60,
60,132,
38,-16,
51,22,
-6,-21,
-23,-17,
0,60,
87,25,
105,4,
-61,8,
-2,27,
28,52,
16,18,
16,-26,
-47,48,
-16,53,
-45,14,
8,-27,
-37,43,
10,-30,
16,33,
-36,27,
-106,19,
-89,60,
6,-30,
70,-52,
56,-87,
41,63,
-5,73,
13,-1,
-24,-38,
22,-37,
46,13,
26,21,
-39,-52,
33,33,
-25,123,
-49,145,
-67,8,
-25,-58,
-55,6,
-21,33,
-2,29,
-49,11,
10,-17,
-11,53,
10,32,
67,42,
-4,17,
-75,-68,
-38,-25,
-3,46,
16,61,
39,90,
-8,87,
-107,-19,
-43,-56,
48,-93,
40,-43,
19,40,
-18,100,
46,26,
30,4,
-49,-8,
17,-8,
30,18,
10,59,
-24,59,
29,13,
38,-24,
52,23,
105,23,
-8,42,
-56,15,
19,-54,
11,-10,
-29,29,
-17,10,
20,64,
94,51,
67,74,
-11,39,
59,6,
56,72,
-31,53,
-65,63,
-106,47,
-111,-34,
-40,35,
34,54,
16,-4,
-1,-1,
-30,-62,
30,-40,
-17,13,
10,6,
-30,-45,
-18,-31,
-21,46,
-10,116,
-29,49,
-64,-9,
11,-5,
-24,-21,
13,-63,
78,-60,
-38,-12,
15,-7,
70,-6,
71,21,
87,3,
57,42,
29,24,
29,-24,
32,-41,
32,-54,
-23,-50,
-37,6,
27,109,
-20,47,
3,23,
-11,67,
-52,-8,
-84,-9,
-61,109,
-42,105,
-41,48,
-123,-27,
-42,-80,
-63,15,
-12,24,
-29,31,
3,91,
14,92,
33,25,
61,78,
77,19,
-16,57,
7,90,
41,53,
57,16,
61,18,
-58,24,
-18,1,
-22,-2,
-29,-11,
-41,15,
55,-36,
38,-37,
14,24,
-7,16,
7,25,
-30,72,
-34,88,
-51,88,
-37,13,
31,24,
79,33,
-16,-2,
-27,-51,
2,-12,
59,32,
-37,89,
-59,56,
4,3,
15,41,
79,-37,
28,-75,
-3,-45,
8,14,
-4,47,
20,63,
47,11,
-19,10,
40,45,
38,-47,
36,31,
-30,32,
29,26,
-19,5,
-24,-79,
6,23,
-62,82,
-29,60,
-19,-32,
42,-107,
-15,-63,
19,-5,
68,-15,
-26,32,
-7,62,
-37,-6,
-52,-23,
-22,-17,
-65,17,
-92,68,
-9,33,
-37,28,
-22,52,
115,40,
12,99,
-18,95,
-50,52,
-19,97,
-39,46,
3,-7,
-36,-13,
26,-43,
-30,27,
-77,43,
-53,-73,
-27,-8,
-10,-34,
43,39,
-6,37,
-31,-37,
-46,-59,
-20,-31,
-12,43,
39,31,
63,-31,
14,-58,
9,-22,
-24,5,
3,-2,
23,25,
-36,-2,
-78,57,
-49,72,
65,66,
26,77,
-14,71,
-43,34,
-14,5,
-87,-19,
-62,-33,
-54,-10,
10,22,
57,-15,
-19,-71,
-31,-61,
-25,-18,
9,35,
-45,-15,
2,13,
7,57,
1,-5,
9,41,
66,5,
45,-2,
56,18,
-23,21,
5,62,
-41,42,
-7,16,
-3,17,
52,40,
-55,39,
-33,-67,
-61,24,
-49,78,
-44,62,
8,-25,
-7,10,
-48,-37,
43,16,
-52,-34,
28,-52,
29,-19,
61,53,
12,37,
33,5,
-21,19,
-10,42,
-18,18,
25,-27,
43,-8,
62,0,
-35,-7,
-63,-4,
-39,48,
46,-29,
36,-3,
-17,19,
-20,-9,
42,-10,
23,37,
15,39,
26,42,
32,0,
30,-32,
54,28,
39,98,
-71,78,
13,-14,
-48,-19,
-72,-27,
-31,-55,
-28,-11,
14,61,
-66,103,
-64,7,
-34,7,
32,7,
63,20,
29,-9,
53,-48,
9,-1,
-31,-8,
-24,-52,
7,-14,
31,-56,
-28,-53,
-39,-69,
-5,-27,
-64,47,
19,71,
15,63,
9,-44,
40,67,
-68,27,
0,10,
4,-27,
0,43,
16,13,
-44,32,
-64,-2,
-6,-12,
40,-6,
5,9,
22,6,
-23,24,
-34,19,
-14,-25,
55,-21,
-26,11,
-51,67,
-102,20,
-2,-45,
-97,31,
-47,0,
3,9,
-17,-9,
-27,58,
-27,35,
54,20,
72,4,
-50,7,
-69,-23,
-242,172,
-1208,972,
-3216,2694,
-4565,4066,
-3769,3753,
-855,1436,
792,-536,
738,-1285,
578,-1871,
1361,-2645,
2456,-2442,
2628,-717,
1571,1047,
203,868,
-177,-272,
148,-761,
829,-364,
1351,-90,
1426,-146,
702,-23,
181,16,
-74,-8,
124,-306,
340,-422,
255,-117,
48,148,
-118,161,
-139,75,
-81,-26,
-55,-91,
-139,19,
-190,149,
-142,299,
32,164,
86,-13,
133,-65,
-46,38,
-158,56,
-87,37,
106,9,
223,-3,
270,24,
269,27,
132,-155,
75,-183,
56,12,
-25,119,
-101,121,
-92,107,
-91,102,
-140,138,
-155,17,
-220,-21,
-102,-23,
-48,114,
29,277,
90,253,
242,157,
359,84,
259,-9,
117,36,
0,38,
-74,64,
-95,-46,
-36,-77,
-15,-98,
49,33,
24,-8,
-85,-28,
-58,-5,
35,-14,
-17,-25,
-56,43,
-89,95,
-96,73,
-84,117,
-97,179,
-19,176,
117,6,
19,-169,
-12,-215,
59,-111,
106,-137,
78,-29,
80,-103,
53,-112,
48,-70,
-28,-33,
-26,-91,
-54,-63,
127,25,
62,61,
-28,20,
-17,-49,
-30,-50,
-44,2,
-45,-14,
-81,33,
-40,18,
3,-13,
48,9,
4,-2,
-12,4,
-27,78,
30,39,
22,7,
9,-94,
-41,-28,
-95,-51,
-17,-37,
20,-12,
-23,12,
-65,-34,
-68,52,
-78,77,
-128,25,
-32,14,
15,6,
-19,35,
24,-19,
22,-33,
-40,-34,
5,-45,
-11,-16,
7,-60,
6,-40,
-48,-39,
-92,-25,
-53,-36,
-73,23,
-47,38,
-58,32,
-35,1,
-9,-32,
-2,19,
-28,-41,
78,20,
-6,-27,
-45,-90,
-26,-62,
21,-50,
97,-27,
-5,-3,
16,-30,
-68,23,
-34,-1,
-8,95,
33,122,
12,59,
73,1,
51,-72,
-78,-22,
-60,-4,
-14,47,
-45,42,
-112,-47,
-109,-19,
00>
_________________________________
00>
RX Timestamp: 13025067063
00>
Clock Offset: 379.372 Hz, -0.047 ppm
00>
RX Timestamp: 14100552211
00>
Clock Offset: 141.335 Hz, -0.018 ppm
00>
_________________________________
Sequence Number: 185
00>
00>
Printing STS0 CIR
00>
00>
_________________________________
00>
-40,-32,
-78,-55,
-24,9,
3,16,
10,-9,
42,-27,
-3,-77,
-23,-141,
-30,-55,
6,-25,
-9,-68,
48,-36,
-15,28,
-45,3,
-50,-15,
-36,35,
54,77,
49,4,
58,-59,
81,20,
33,23,
26,-67,
29,-23,
14,36,
25,59,
44,36,
15,43,
13,-77,
47,-3,
19,77,
37,-28,
14,-27,
1,30,
61,119,
118,65,
65,-61,
-17,-19,
-11,31,
41,81,
69,59,
52,68,
43,109,
77,93,
58,36,
3,-2,
31,-27,
5,6,
55,-39,
57,-54,
74,22,
43,-13,
44,-37,
51,-76,
23,1,
48,-3,
75,47,
16,-32,
21,20,
-6,-6,
-15,2,
59,-16,
71,37,
-14,42,
-59,12,
-75,63,
-3,5,
78,-46,
22,-45,
-18,11,
-12,0,
53,-4,
-49,-9,
-17,5,
29,21,
79,8,
83,-1,
79,15,
59,-25,
96,-62,
49,16,
-29,63,
44,11,
54,-3,
44,-23,
-27,10,
19,69,
22,-2,
42,-31,
17,-55,
22,-19,
-64,-13,
-52,39,
37,64,
23,-10,
-13,-8,
16,34,
3,22,
3,43,
90,70,
43,121,
-9,-5,
2,-44,
-29,-35,
81,63,
14,36,
40,92,
23,99,
-52,38,
-24,-3,
3,34,
15,12,
-4,-18,
-22,-23,
81,27,
62,12,
-61,62,
-2,24,
-87,-1,
44,-30,
117,116,
58,81,
30,16,
53,73,
-4,15,
-18,31,
-34,-26,
1,-51,
16,12,
43,64,
8,-19,
-36,-15,
-24,4,
-34,1,
-4,14,
6,-31,
23,62,
-14,13,
-4,-19,
-13,-85,
30,-73,
32,9,
-15,64,
-37,32,
-30,-45,
-5,16,
18,83,
-18,-1,
-10,-49,
53,1,
-16,52,
42,9,
-1,93,
85,78,
24,103,
43,78,
58,105,
45,43,
17,-1,
45,-33,
29,22,
24,9,
19,-28,
16,18,
20,73,
-43,83,
13,52,
-8,7,
-19,-11,
-23,-69,
-10,41,
-33,62,
-19,37,
69,28,
2,34,
40,50,
24,-13,
40,-2,
24,17,
69,18,
91,2,
11,-28,
-37,-6,
-36,-9,
50,91,
31,64,
36,51,
37,43,
65,16,
47,9,
0,-56,
55,0,
8,-47,
-3,42,
-17,-32,
-16,-6,
37,-15,
97,1,
73,-15,
36,60,
51,2,
-32,10,
-34,27,
-52,60,
24,36,
57,81,
-7,49,
45,-5,
-19,15,
34,-1,
71,-14,
115,37,
81,-65,
19,-13,
0,18,
21,31,
-31,44,
12,42,
-35,91,
-14,71,
1,40,
-14,15,
-27,4,
9,-43,
55,-5,
53,26,
8,56,
53,71,
25,-19,
1,-15,
30,47,
15,100,
4,92,
13,42,
-16,12,
55,-4,
40,16,
-58,11,
-50,4,
22,-2,
37,37,
25,-4,
91,-64,
32,-51,
20,-62,
9,-32,
-5,-42,
-58,-36,
-43,11,
-24,10,
6,78,
58,75,
21,47,
49,-34,
2,-3,
-19,-34,
-40,-103,
41,-101,
20,32,
14,56,
18,19,
-18,43,
33,-13,
39,-28,
76,48,
56,46,
3,9,
-22,31,
89,-57,
50,0,
40,0,
13,-31,
31,-11,
1,64,
-9,-10,
5,-2,
9,-37,
37,-77,
19,-14,
-10,37,
42,27,
18,59,
-25,43,
-22,-6,
0,72,
58,18,
16,-1,
-1,14,
-17,-7,
29,8,
68,-17,
81,10,
73,10,
-27,7,
-21,45,
-21,19,
44,8,
11,25,
-38,-38,
-9,-49,
70,4,
27,25,
4,-5,
45,-22,
55,24,
64,156,
78,69,
35,4,
14,-54,
34,-13,
41,-2,
-1,53,
70,74,
2,103,
5,104,
-25,18,
12,-9,
33,-13,
-8,31,
4,-37,
11,8,
-75,-4,
-50,3,
-10,-12,
27,39,
-14,5,
-19,77,
14,76,
36,63,
28,-15,
11,14,
45,79,
11,1,
33,-57,
-45,-13,
-23,27,
65,48,
39,33,
108,-43,
126,26,
64,110,
25,13,
-65,-6,
-61,-4,
-23,85,
-13,134,
16,53,
4,71,
-11,36,
53,14,
-31,-3,
-21,107,
-204,902,
-1190,3663,
-2685,6719,
-3295,6991,
-1576,3486,
480,-1083,
631,-1759,
-1168,679,
-4817,3122,
-6634,3487,
-6889,3256,
-5996,2931,
-3147,1672,
-680,80,
279,-781,
603,-901,
981,-721,
1859,-925,
1696,-506,
566,-446,
-335,-760,
-432,-618,
-133,-798,
306,-860,
595,-805,
226,-380,
214,-64,
509,-38,
542,-321,
257,-336,
229,-279,
312,-67,
296,180,
246,244,
108,73,
117,2,
35,-192,
-126,-240,
-199,-169,
-178,130,
-22,452,
129,389,
182,217,
374,45,
494,-61,
181,-34,
-50,-110,
-262,-176,
-393,-182,
-424,-151,
-245,-121,
14,-18,
178,175,
249,156,
130,80,
134,31,
218,160,
158,332,
142,313,
111,163,
191,-88,
282,-217,
351,-218,
308,-153,
220,-143,
51,-87,
28,-66,
-7,-38,
92,-73,
63,23,
108,89,
145,49,
254,-47,
138,-39,
127,89,
268,373,
255,395,
46,9,
-54,-409,
-50,-497,
-43,-297,
38,-65,
128,-21,
187,-51,
333,-132,
183,-80,
73,-141,
-31,-222,
-54,-249,
-37,-107,
7,53,
34,109,
68,98,
45,-26,
73,-106,
69,-191,
-4,-175,
-96,-204,
-108,-96,
23,-130,
217,-177,
175,-136,
149,-142,
50,-124,
43,-112,
-15,-62,
-22,-70,
-79,-133,
9,-168,
35,-150,
56,-145,
76,-164,
103,-32,
76,1,
119,-18,
120,-35,
165,-78,
81,-132,
61,-124,
53,-97,
163,-55,
75,-22,
49,3,
51,-36,
72,-65,
50,-75,
74,-42,
111,-26,
118,-50,
72,-71,
28,-8,
28,19,
76,-64,
89,-36,
86,-59,
98,-79,
69,-67,
23,-15,
22,19,
76,6,
111,-86,
68,-84,
51,-96,
158,-93,
155,-83,
139,-86,
84,-53,
17,-91,
38,-83,
47,13,
89,-58,
33,-34,
138,-54,
72,-7,
28,-40,
39,-118,
156,-149,
49,-78,
77,-32,
47,43,
11,20,
00>
_________________________________
00>
00>
Printing STS1 CIR
00>
00>
_________________________________
00>
3,97,
-9,72,
29,14,
33,-41,
6,-22,
16,-26,
-19,-88,
-78,-85,
-88,-28,
-61,-49,
8,-5,
69,-3,
28,-20,
-1,-17,
40,5,
-38,-9,
23,-44,
41,-36,
3,-40,
7,-21,
-4,-22,
15,-22,
52,-44,
44,-62,
5,-38,
-22,7,
-118,69,
-49,21,
17,-18,
32,-2,
4,-48,
-6,-21,
-6,-54,
17,33,
36,53,
86,-11,
40,5,
-39,32,
-55,16,
-43,-27,
36,-45,
1,-7,
23,10,
34,6,
54,3,
-19,-61,
-28,-10,
-17,-13,
-14,5,
-9,-31,
-43,23,
-19,45,
3,-1,
-105,5,
-31,60,
-6,59,
61,55,
85,34,
27,103,
-55,50,
12,39,
-4,0,
-1,16,
47,54,
66,-15,
-31,-56,
5,-48,
32,-63,
16,11,
11,4,
42,-21,
57,16,
-1,90,
-11,65,
54,16,
23,23,
-8,9,
-70,4,
-72,-15,
-149,52,
-40,6,
-63,68,
-34,-19,
75,11,
-11,47,
-15,54,
39,71,
-41,100,
-38,-18,
-38,31,
54,23,
-1,41,
-27,15,
-11,5,
-25,25,
-25,8,
29,50,
-13,-3,
-16,-3,
55,-19,
45,0,
25,-1,
14,132,
2,50,
55,81,
32,-39,
-32,-1,
-36,17,
-4,46,
8,15,
12,7,
8,-24,
11,-18,
1,35,
9,37,
-49,18,
-53,64,
-43,-57,
18,-31,
42,55,
-49,83,
-112,-30,
-65,-118,
23,-33,
4,-7,
5,50,
63,42,
65,73,
40,33,
12,11,
23,54,
3,71,
11,-44,
-35,-30,
-6,-1,
-25,-45,
35,-27,
21,-11,
34,-72,
78,44,
49,81,
50,97,
-43,-11,
43,7,
95,0,
76,9,
14,-10,
58,33,
-44,-30,
17,-34,
-54,13,
35,82,
98,84,
70,11,
9,30,
-29,3,
-14,14,
2,-17,
21,12,
-4,18,
11,90,
-25,-18,
-6,-4,
31,3,
7,-56,
40,50,
27,28,
-62,-14,
8,8,
44,6,
9,31,
-9,-12,
-20,2,
22,-18,
5,4,
-39,18,
-5,134,
44,59,
96,49,
55,-8,
-7,19,
-7,57,
42,-7,
75,-4,
-19,28,
-25,58,
63,-15,
36,6,
-43,34,
-75,20,
-27,19,
-22,-2,
14,-4,
25,23,
42,53,
17,36,
-29,-14,
-76,35,
35,14,
36,-32,
-45,-68,
-30,-7,
-8,-52,
43,9,
-8,32,
-18,-27,
-24,14,
12,44,
-65,-12,
-15,13,
-15,34,
59,34,
-3,6,
14,-56,
-5,-18,
-14,3,
-4,61,
24,49,
21,65,
-35,6,
-41,24,
14,-4,
10,53,
41,20,
14,13,
-11,68,
-13,41,
3,113,
33,32,
47,-59,
23,-44,
-38,-34,
-39,-25,
10,-68,
89,-37,
18,75,
64,57,
17,12,
32,-10,
-6,-5,
-40,-63,
12,-12,
14,-30,
10,-27,
-53,3,
-2,63,
-9,24,
52,9,
37,4,
-9,80,
12,84,
-8,74,
43,59,
39,7,
50,41,
-7,46,
61,-21,
71,23,
64,9,
83,16,
-11,33,
-8,52,
-63,-2,
-65,14,
-42,-4,
11,50,
-10,25,
-3,53,
20,28,
-15,63,
-68,99,
-16,62,
17,62,
8,23,
-16,25,
3,59,
6,-8,
41,-36,
15,14,
6,8,
72,-6,
45,2,
25,28,
9,43,
12,64,
-20,-18,
-48,-91,
-18,-39,
26,15,
32,-35,
-4,1,
-8,15,
26,29,
-2,-77,
53,-14,
100,7,
54,60,
-88,48,
38,45,
81,22,
8,66,
24,29,
13,-73,
15,-25,
12,43,
-46,84,
33,72,
58,104,
44,12,
2,38,
-13,29,
16,-7,
-29,-65,
-56,-77,
54,-91,
85,27,
-25,16,
32,27,
46,-67,
33,-17,
36,-90,
-3,-28,
-11,-73,
-26,-58,
-62,-43,
-39,25,
45,-3,
-15,72,
0,60,
53,34,
-27,-14,
-50,-101,
-14,-31,
-25,-46,
-7,-36,
-16,4,
-86,4,
-10,71,
18,85,
-66,48,
-55,20,
-48,16,
5,42,
44,42,
-37,1,
-36,20,
-42,11,
3,28,
50,-22,
14,-44,
-14,26,
-495,459,
-2692,1819,
-5807,3612,
-6915,4148,
-5256,3117,
-740,509,
1068,-1066,
1290,-2100,
1707,-3394,
3200,-3769,
4371,-1620,
3498,1498,
1072,2115,
-158,227,
-108,-1063,
476,-657,
1038,190,
1870,184,
1479,88,
572,36,
142,82,
-152,40,
213,-185,
440,-50,
381,289,
57,261,
-182,35,
-270,-140,
-111,-90,
-24,-47,
-89,47,
-177,100,
-292,-73,
-145,-269,
-4,-204,
11,-27,
-192,165,
-215,72,
-148,128,
89,153,
322,218,
413,233,
283,29,
262,-112,
239,-111,
149,52,
-6,166,
-44,163,
-74,178,
-130,167,
-120,121,
-109,86,
-108,-6,
-15,49,
-17,227,
-26,458,
141,527,
437,363,
558,140,
425,114,
176,60,
79,-20,
28,-104,
44,-93,
33,-166,
75,-120,
130,-33,
61,-22,
-41,34,
-24,-23,
30,-64,
124,6,
93,-46,
-22,-11,
-158,181,
-211,251,
-116,202,
-65,17,
-38,-171,
90,-331,
106,-264,
157,-269,
150,-204,
99,-210,
73,-172,
70,-12,
3,-41,
-10,-87,
5,-73,
46,-2,
56,-7,
54,-11,
-48,7,
-64,-3,
-102,11,
-112,29,
-115,90,
-140,18,
-38,-8,
1,-5,
16,19,
31,-37,
6,-77,
44,16,
48,69,
13,84,
-84,-102,
-186,-146,
-74,-120,
-14,-8,
-70,9,
-86,-4,
-12,-74,
69,-22,
59,-9,
15,0,
100,-23,
21,-26,
-56,-36,
-70,23,
-18,13,
-3,-27,
8,-50,
-15,16,
-4,38,
-40,68,
-43,7,
-26,12,
91,14,
25,57,
25,55,
-50,-1,
-46,-17,
39,-62,
-7,16,
-66,-29,
-93,-87,
-29,-5,
-20,-27,
-9,-49,
38,-49,
54,-58,
59,12,
-20,-19,
-2,-3,
-74,-47,
-12,-19,
33,-34,
126,-10,
65,-40,
2,-25,
25,-70,
32,-67,
36,-32,
-67,26,
-22,49,
-20,-39,
-21,-65,
31,-123,
44,27,
11,51,
00>
_________________________________
00>
_________________________________
Sequence Number: 188
00>
00>
Printing STS0 CIR
00>
00>
_________________________________
00>
-55,67,
-33,-9,
-44,-41,
59,10,
38,33,
8,32,
42,88,
9,42,
16,18,
-7,6,
21,-43,
58,-56,
34,11,
-14,-29,
-48,34,
-30,-15,
-4,-35,
26,-55,
-53,-3,
10,33,
66,17,
49,58,
24,-6,
3,-17,
0,34,
14,48,
13,15,
15,-21,
-16,17,
5,45,
44,-24,
-23,-31,
-35,-30,
-75,-14,
-56,-22,
37,5,
58,-5,
-4,2,
32,11,
-25,55,
-23,57,
8,-1,
25,22,
30,-83,
6,-36,
-10,58,
33,31,
52,-5,
49,19,
-4,11,
15,1,
49,-30,
85,5,
-2,30,
4,-14,
-34,21,
20,-7,
-18,-9,
37,40,
64,18,
27,-52,
-8,36,
-3,50,
48,43,
86,-38,
54,-32,
41,12,
8,66,
77,4,
5,-35,
12,-65,
-29,-99,
-11,-85,
-46,-55,
-68,28,
-25,1,
-15,35,
-44,49,
-35,25,
-19,29,
-25,-43,
-36,-61,
-10,-36,
-13,74,
11,-20,
42,-76,
-41,-82,
-22,-25,
-30,-25,
17,5,
30,15,
38,30,
-11,86,
8,36,
12,-19,
2,31,
8,3,
-70,75,
-61,18,
-29,61,
-24,19,
-17,65,
94,28,
54,2,
2,42,
-6,72,
26,18,
-6,19,
31,19,
34,-63,
59,-36,
58,-8,
-27,-89,
24,4,
7,-13,
-28,3,
-20,-3,
12,2,
-15,46,
-31,14,
-67,-16,
-23,54,
-31,50,
-6,-47,
65,-6,
18,-42,
35,17,
13,29,
34,28,
31,-10,
-3,7,
-4,22,
-34,53,
-24,-1,
3,-30,
-27,-8,
-11,-30,
-7,-64,
74,38,
26,29,
42,45,
38,-28,
82,-81,
4,21,
-9,30,
35,-3,
45,-13,
-44,77,
-23,-7,
-13,-58,
86,-36,
35,-22,
38,-8,
-36,45,
-17,23,
-26,69,
48,95,
40,-6,
-12,19,
-75,15,
-65,17,
-38,-25,
-18,-18,
-4,-73,
11,18,
-38,80,
-56,60,
-15,-4,
-33,56,
9,53,
38,57,
-6,94,
-67,30,
-11,-3,
-24,42,
7,-38,
-8,-12,
-5,-4,
60,14,
18,52,
-4,98,
-60,48,
-48,10,
-1,-5,
-8,-49,
4,-45,
-55,71,
-31,46,
-36,-22,
-4,-73,
-1,-21,
-38,26,
-78,-93,
-43,-44,
-45,2,
26,33,
-14,-2,
56,2,
42,-11,
36,-10,
13,33,
-50,59,
6,57,
13,-7,
8,-9,
-24,-21,
-38,-49,
-60,24,
-40,-4,
-36,-37,
-10,4,
44,-4,
37,40,
24,58,
35,30,
-17,53,
-25,46,
42,5,
68,-14,
42,-79,
19,-16,
-24,-50,
23,-70,
49,1,
56,65,
17,2,
52,16,
-7,-19,
-5,-32,
-28,9,
-12,-102,
-10,-12,
-14,-4,
38,-35,
46,-60,
37,-25,
19,-38,
39,6,
86,9,
64,-18,
6,14,
55,59,
55,83,
82,-14,
-7,52,
-4,29,
-18,-30,
2,-60,
-4,-10,
-9,36,
47,55,
60,95,
25,45,
64,-30,
27,-68,
-21,-5,
37,-26,
19,-18,
19,-5,
67,28,
66,-2,
40,0,
11,-15,
-35,-29,
-39,11,
32,-20,
-28,75,
-12,35,
-26,-33,
-30,-14,
10,7,
15,78,
100,64,
59,-1,
56,21,
-2,41,
12,-29,
44,-1,
19,51,
8,24,
7,14,
26,-73,
9,-29,
-21,4,
30,3,
10,-33,
33,-17,
65,-38,
0,-22,
-41,-1,
-40,4,
-29,-55,
61,-89,
49,-107,
97,34,
40,63,
38,21,
108,0,
74,44,
25,42,
-3,34,
37,-9,
12,-26,
45,-36,
-40,32,
-49,-25,
-29,45,
55,102,
51,36,
25,48,
-31,96,
-39,102,
40,75,
-1,51,
7,13,
-43,19,
-104,8,
12,1,
38,-46,
12,-5,
18,21,
52,25,
20,-31,
71,4,
-16,-41,
-19,-3,
32,19,
8,-22,
18,-20,
-83,15,
-14,19,
32,6,
20,-30,
-1,-2,
-10,-26,
-42,51,
-44,6,
-21,12,
-61,19,
-11,-37,
51,17,
-25,72,
43,-12,
11,19,
-28,-16,
-44,28,
64,-12,
78,-24,
-1,45,
7,15,
70,210,
310,1802,
699,5879,
573,8000,
-329,7823,
-971,2083,
-316,-2334,
1913,-3177,
6714,-1966,
8058,-764,
8050,-270,
4688,423,
-2079,-496,
-4198,-1298,
-1554,-598,
164,-133,
294,-625,
-38,-1661,
-276,-1901,
-236,-479,
-406,-9,
-655,599,
-528,339,
-522,98,
-743,-288,
-292,-192,
-255,-244,
-391,-294,
34,350,
160,680,
-49,453,
-10,-1,
41,-199,
79,-204,
239,-60,
162,-24,
-15,-134,
-165,-411,
-343,-397,
-290,-341,
-354,-465,
-48,-316,
-7,-323,
-272,-385,
-158,-96,
-63,-30,
-4,-94,
124,-109,
75,0,
-47,145,
-10,28,
62,-55,
117,-53,
233,-190,
236,-54,
368,-85,
339,81,
93,11,
53,-86,
-54,-286,
-125,-220,
-111,-222,
-9,-175,
-32,-41,
-112,189,
-256,249,
-280,158,
-277,-2,
-349,-46,
-406,161,
-320,172,
-89,140,
55,5,
22,-58,
53,-74,
289,14,
365,49,
149,100,
-222,141,
-354,208,
-343,152,
-245,77,
-70,-64,
-27,-46,
-22,-84,
65,-67,
-21,-108,
-84,-51,
-69,-43,
17,15,
62,51,
56,-10,
-2,-62,
-60,-66,
-58,-93,
36,-88,
94,-36,
33,33,
-2,57,
-59,-22,
2,-37,
62,-93,
18,-96,
-74,-100,
-79,-124,
-26,-77,
-13,-49,
-72,-60,
-132,-71,
-134,-69,
-81,-40,
-36,-34,
-1,0,
-92,-97,
-39,-124,
57,-48,
23,-19,
32,-51,
-6,53,
-85,83,
1,103,
-77,48,
-39,17,
-72,-159,
-27,-98,
8,11,
-27,22,
-56,75,
-58,6,
-64,3,
-20,-30,
-36,38,
-55,-28,
-34,-55,
1,-105,
-25,31,
-72,45,
-33,45,
1,-21,
88,44,
35,91,
-39,21,
-77,-20,
-88,17,
-68,-60,
-70,-55,
29,-52,
-36,-51,
-77,-55,
-39,-80,
-35,10,
1,62,
-48,-12,
-20,-31,
-53,14,
-118,61,
-90,13,
-92,-118,
-42,-57,
-10,-30,
-76,26,
-119,57,
00>
_________________________________
00>
00>
Printing STS1 CIR
00>
00>
_________________________________
00>
6,-4,
29,65,
25,20,
56,-17,
76,7,
-19,52,
-31,-24,
-9,-7,
28,-3,
8,19,
-77,35,
-83,-13,
6,27,
7,1,
2,-24,
-25,-2,
-29,39,
-11,17,
-17,48,
22,0,
-36,59,
13,-2,
-15,26,
-20,-10,
15,-9,
-10,-3,
-38,-46,
33,-26,
56,27,
15,25,
0,-4,
35,-14,
36,62,
20,64,
-58,15,
-27,42,
-30,56,
-40,62,
-13,61,
32,8,
25,-27,
-37,50,
-20,30,
41,23,
-40,-17,
-41,-3,
27,3,
78,23,
52,-37,
5,-51,
0,-55,
67,-25,
10,14,
-7,6,
39,-13,
0,17,
19,-22,
7,-31,
65,-57,
12,10,
36,15,
21,26,
55,-6,
19,-11,
-7,85,
31,65,
76,-46,
19,-21,
-6,57,
-37,76,
59,-9,
58,1,
41,47,
11,13,
15,8,
-46,56,
42,16,
-7,-25,
23,-13,
20,14,
25,-37,
8,-73,
34,-21,
49,-43,
45,-28,
22,-63,
24,-35,
69,47,
57,52,
30,5,
26,-7,
61,-53,
-7,51,
4,-15,
18,30,
56,-35,
-9,-38,
-46,-57,
5,-9,
-17,34,
-1,-11,
62,23,
43,28,
29,-14,
16,-24,
-22,-33,
-5,9,
88,14,
57,23,
31,9,
-23,-18,
25,-33,
-35,29,
-96,-57,
-73,-82,
15,-51,
70,-38,
41,-11,
15,13,
-55,-49,
-50,-88,
-15,-19,
34,-43,
16,-38,
-18,14,
42,-43,
-23,17,
-51,33,
-62,24,
71,35,
97,45,
65,5,
28,-26,
22,6,
-45,11,
-64,19,
-1,75,
30,32,
9,75,
40,23,
28,12,
-30,32,
-48,20,
22,-37,
18,-53,
40,-30,
53,56,
-1,93,
24,-16,
5,-47,
-35,41,
-35,70,
-13,38,
10,40,
52,34,
8,-35,
44,-20,
83,-86,
20,-62,
-26,29,
-68,67,
-38,-3,
-14,-44,
11,-40,
-64,49,
-41,-1,
13,-3,
-64,-18,
-3,66,
19,26,
-17,39,
19,12,
14,18,
-18,10,
38,81,
2,44,
4,-32,
-30,-28,
-8,-46,
-29,3,
-26,7,
10,33,
46,7,
18,12,
40,5,
16,24,
-44,55,
12,41,
9,5,
73,13,
104,-43,
17,4,
-34,5,
-6,21,
33,30,
78,-11,
8,2,
19,-83,
-86,-15,
-42,-24,
-11,-16,
46,13,
-17,-1,
31,-18,
34,-36,
13,-36,
-44,-13,
17,23,
-2,-40,
-55,-97,
-20,-37,
-28,2,
-22,-27,
-60,17,
-59,104,
-28,29,
-40,-33,
-52,-36,
-59,56,
-3,26,
17,49,
32,90,
41,33,
82,6,
26,-33,
-15,39,
-24,119,
-65,78,
18,72,
-6,-26,
-18,-6,
26,23,
38,37,
53,103,
-4,98,
12,23,
36,-62,
-30,3,
-68,22,
-14,47,
33,-42,
43,-10,
-27,-30,
47,22,
5,28,
-13,45,
-24,109,
-37,29,
-41,-31,
-84,-93,
-27,-53,
29,65,
11,11,
19,2,
-60,12,
59,-57,
110,-44,
63,69,
7,132,
-46,62,
-27,31,
11,34,
86,89,
26,28,
22,55,
-12,55,
52,33,
-69,48,
-45,21,
-10,-8,
14,45,
39,3,
4,74,
92,69,
46,53,
-8,66,
-44,12,
-47,19,
12,-23,
77,105,
55,79,
78,23,
7,51,
19,5,
-13,24,
-25,-17,
-39,3,
12,-3,
41,-10,
12,26,
-38,16,
-24,60,
30,30,
51,40,
18,-2,
16,-36,
43,26,
16,-58,
19,-17,
-28,0,
26,4,
54,-5,
32,-12,
-36,-37,
5,-14,
37,58,
8,65,
7,-45,
53,-49,
-34,-20,
-48,-16,
-50,3,
-61,46,
12,57,
-28,73,
-1,20,
-1,29,
34,-24,
30,-33,
-28,47,
-66,-26,
-10,12,
16,43,
2,-24,
-27,-51,
6,-72,
11,27,
39,47,
-6,42,
19,44,
-5,50,
24,-44,
9,-16,
13,-10,
21,26,
85,-51,
46,-22,
97,93,
71,58,
17,19,
22,-35,
-70,43,
50,-5,
35,76,
57,131,
122,119,
133,98,
53,2,
-47,-18,
-54,-26,
-36,174,
-685,1428,
-2460,4349,
-4025,6192,
-4425,4976,
-1573,542,
375,-1644,
-155,-362,
-2805,2737,
-5157,4711,
-5829,4831,
-5397,4830,
-3650,4124,
-1110,1885,
284,-32,
725,-835,
864,-931,
1342,-1037,
1736,-1110,
755,-211,
431,-225,
-41,-114,
33,-318,
456,-527,
1038,-652,
740,386,
589,763,
511,723,
377,443,
299,5,
266,-267,
570,-514,
717,-356,
595,-73,
290,62,
69,-13,
57,-155,
14,-211,
82,-268,
115,-172,
353,-113,
323,36,
141,8,
-16,-149,
-39,-287,
95,-311,
269,-280,
425,-175,
278,-12,
36,63,
-87,113,
-22,31,
97,23,
263,-171,
326,-243,
364,-184,
462,-50,
195,45,
5,-100,
-160,-256,
-108,-277,
93,-243,
251,-248,
343,-228,
280,-193,
285,-158,
278,-115,
120,-136,
-16,-304,
-86,-144,
-84,-36,
-22,119,
-88,213,
4,109,
67,50,
124,82,
185,156,
92,110,
9,35,
-21,-218,
-44,-298,
100,-231,
153,-121,
124,35,
-39,15,
-101,-64,
-6,-188,
139,-335,
190,-263,
65,-123,
26,14,
117,117,
142,45,
232,-11,
196,-93,
131,-76,
102,-133,
86,-176,
116,-95,
51,-84,
12,-33,
28,-61,
25,-37,
33,-73,
130,-131,
36,-86,
10,2,
-57,-76,
-87,-105,
-27,-11,
-18,-25,
83,-105,
55,-144,
95,-164,
-3,-115,
-22,-95,
5,-55,
39,-145,
-12,-126,
10,-101,
93,-97,
108,23,
59,44,
44,18,
85,-90,
145,-114,
134,-91,
72,-31,
87,56,
80,20,
66,14,
-43,-112,
-9,-73,
46,-67,
81,-85,
102,-73,
40,-106,
-37,-97,
-5,-2,
115,15,
185,-60,
129,-37,
23,27,
61,-42,
11,-77,
112,-87,
99,5,
32,-6,
33,-77,
66,-202,
104,-125,
49,-103,
8,-98,
8,-138,
2,-74,
71,-44,
56,-60,
119,-56,
34,-62,
13,-29,
38,20,
16,-30,
00>
_________________________________
00>
RX Timestamp: 153400147187
00>
Clock Offset: -137.615 Hz, 0.017 ppm
00>
RX Timestamp: 154471815900
00>
Clock Offset: -375.652 Hz, 0.047 ppm
00>
_________________________________
Sequence Number: 65
00>
00>
Printing STS0 CIR
00>
00>
_________________________________
00>
25,-5,
10,-36,
73,42,
95,60,
67,25,
129,21,
92,-52,
18,-33,
-53,23,
-53,25,
68,95,
40,97,
22,81,
21,99,
64,43,
25,41,
-11,-11,
26,-43,
31,-30,
38,102,
-10,31,
-41,-7,
-18,42,
42,27,
30,-65,
-11,-16,
1,34,
-17,44,
27,33,
18,91,
22,12,
6,48,
-25,10,
-20,17,
-25,19,
17,-29,
101,4,
51,26,
17,2,
-11,-41,
13,47,
-19,1,
0,28,
-8,-40,
35,3,
6,60,
6,44,
-17,41,
2,18,
-14,20,
16,-2,
5,20,
25,45,
39,21,
88,55,
30,-7,
-1,13,
35,1,
97,10,
54,21,
56,51,
-19,4,
-92,-3,
7,-12,
42,-1,
-14,-51,
-25,-46,
27,-16,
25,13,
-3,6,
25,8,
32,-28,
-76,30,
-13,5,
3,17,
-12,16,
19,-35,
51,-76,
44,-80,
17,-39,
-21,-14,
4,-10,
-1,1,
-46,-6,
-82,-6,
-108,-59,
-73,-36,
5,-7,
12,32,
-11,6,
-80,-65,
-50,-112,
-20,-81,
-33,-40,
-112,6,
39,25,
39,9,
38,39,
-18,-25,
-46,-5,
-88,-56,
-90,-19,
-62,16,
16,5,
44,-12,
-24,-37,
-15,-74,
-41,-14,
-21,-61,
25,-103,
-31,-132,
19,2,
5,14,
-27,55,
-10,60,
2,69,
23,53,
67,31,
56,-10,
-11,-44,
-41,-19,
23,42,
31,58,
-16,96,
2,97,
21,85,
11,47,
29,-18,
-36,-48,
8,-13,
2,-8,
-3,-23,
-2,43,
-67,17,
-49,-53,
17,-25,
-53,-28,
-6,34,
-6,19,
21,10,
47,44,
15,-25,
11,-68,
16,13,
-33,-2,
-46,9,
106,-46,
79,-22,
70,-42,
0,18,
-49,89,
-43,21,
-60,-42,
11,3,
-13,6,
33,24,
-5,47,
-15,19,
-111,26,
20,-28,
46,-8,
85,-9,
23,10,
-10,-47,
-28,-61,
-14,-30,
26,22,
13,-35,
-21,-41,
1,-23,
-27,-39,
-19,-88,
-14,-44,
31,-24,
-25,-29,
-19,-24,
6,-35,
18,30,
13,71,
55,30,
-10,39,
-11,2,
-3,-44,
28,-18,
49,1,
-57,39,
-22,23,
-11,32,
-4,12,
-53,31,
-41,38,
-30,14,
-54,64,
-57,66,
-21,-33,
-57,-81,
-68,-27,
-71,-26,
19,25,
-22,16,
19,-51,
28,-8,
41,-24,
47,-93,
6,-107,
-3,-32,
-66,24,
-5,59,
21,47,
5,-2,
16,76,
48,-19,
1,-17,
-45,-31,
-14,-20,
72,-36,
72,-9,
34,23,
3,-76,
27,-15,
7,-13,
8,-34,
-52,-20,
-16,-24,
-12,-28,
36,30,
43,-24,
59,-21,
58,5,
6,19,
102,48,
32,-14,
10,-50,
32,-35,
88,0,
62,71,
75,60,
69,63,
53,18,
-29,-2,
-9,-22,
26,40,
37,32,
-66,-24,
-55,-67,
-48,3,
7,15,
15,22,
19,1,
11,-23,
-28,-64,
-24,-50,
-14,-39,
-19,-59,
-69,-19,
-55,-32,
42,-30,
33,-3,
22,40,
54,-12,
44,-2,
39,-9,
-11,35,
-1,-43,
-28,-6,
-38,48,
35,13,
40,6,
-6,14,
-26,-10,
-71,-35,
-55,-7,
-52,12,
-11,-33,
58,-5,
105,-27,
29,19,
9,41,
-1,20,
-29,6,
-68,-62,
0,36,
62,44,
58,39,
61,23,
31,19,
7,16,
7,-41,
-36,-40,
58,-1,
26,-70,
17,-2,
31,34,
-29,-13,
-40,-62,
-16,-25,
-17,9,
19,-43,
-35,47,
-1,33,
-23,29,
-33,-11,
-37,-36,
-64,14,
-23,0,
10,34,
-18,-31,
-33,-42,
2,16,
-55,-34,
-66,25,
-25,-13,
23,45,
-28,24,
-23,6,
-62,-11,
0,54,
-20,98,
-3,56,
-44,41,
13,-28,
-6,23,
50,10,
101,-3,
40,5,
30,23,
-5,26,
-25,25,
-21,-28,
-34,-13,
-53,135,
11,117,
37,88,
-8,69,
1,46,
17,14,
47,-13,
-20,-27,
-7,16,
39,15,
116,-5,
70,10,
10,-52,
-40,-11,
-27,10,
-16,28,
-44,-20,
-6,-24,
-10,-7,
-17,67,
1,5,
15,10,
-28,4,
-53,119,
-181,884,
-1125,3775,
-2386,6527,
-2741,6745,
-1178,3243,
589,-1260,
547,-1728,
-1234,931,
-4741,3648,
-6758,4073,
-6993,3737,
-5881,3039,
-2891,1668,
-606,129,
323,-767,
609,-852,
903,-789,
1606,-1229,
1350,-344,
283,-346,
-495,-659,
-551,-476,
-200,-848,
114,-1023,
484,-948,
430,-413,
469,-146,
616,-173,
459,-368,
117,-311,
154,-238,
279,-150,
299,-4,
253,147,
191,72,
17,-45,
30,-530,
-90,-481,
-205,-108,
-236,302,
-140,504,
137,343,
228,148,
354,-84,
431,-137,
137,-86,
-67,-62,
-195,-191,
-308,-265,
-323,-355,
-296,-211,
-208,-152,
-56,-157,
51,-61,
66,141,
28,278,
115,340,
200,330,
166,234,
147,57,
143,-131,
189,-171,
244,-207,
300,-153,
149,-60,
51,-130,
-27,-43,
-72,-48,
30,-132,
30,23,
84,101,
101,40,
245,79,
210,61,
207,134,
273,327,
199,316,
59,-19,
40,-274,
-13,-415,
19,-350,
47,-169,
100,-125,
138,-90,
241,-222,
251,-135,
84,-56,
11,-174,
7,-143,
42,-27,
99,28,
111,31,
188,-31,
47,-96,
21,-154,
87,-144,
45,-145,
7,-217,
-25,-93,
82,-91,
248,-280,
237,-152,
103,-102,
49,-144,
73,-81,
37,-46,
6,-64,
7,-71,
13,-68,
-22,-24,
41,-70,
77,-70,
48,-42,
72,-35,
79,-31,
109,-1,
61,-123,
32,-70,
31,-135,
60,-83,
45,-62,
38,-50,
30,-99,
98,-154,
105,-91,
24,-80,
67,-24,
62,-67,
143,-42,
135,-1,
132,-1,
37,-2,
56,-188,
41,-108,
40,-74,
60,5,
1,21,
5,-19,
81,-31,
81,-93,
187,-68,
117,-48,
54,-18,
104,-79,
113,-38,
155,-53,
102,15,
48,-4,
111,-198,
41,-133,
50,-113,
52,0,
149,-52,
132,9,
103,-36,
123,-47,
170,-139,
115,-9,
00>
_________________________________
00>
00>
Printing STS1 CIR
00>
00>
_________________________________
00>
-17,-36,
33,19,
-3,80,
17,85,
11,24,
68,16,
81,-21,
30,48,
-65,53,
-54,16,
-46,77,
-37,66,
-5,-16,
36,-102,
53,-29,
-9,-1,
1,27,
24,-1,
44,-18,
22,-69,
-4,-42,
-40,-42,
-17,-39,
16,-19,
69,-13,
10,19,
-18,20,
-63,78,
-68,10,
-22,-22,
-39,-11,
18,-3,
14,-28,
-19,21,
-4,51,
61,-7,
25,49,
33,6,
34,11,
2,42,
-36,103,
-8,18,
-37,-66,
0,-7,
-48,47,
-75,30,
32,-12,
26,-30,
29,16,
10,7,
-14,29,
-12,-13,
-53,-61,
-7,-85,
26,-70,
2,-19,
62,38,
10,-20,
68,12,
88,0,
8,100,
-32,72,
-18,115,
1,39,
12,-9,
46,-103,
-16,-50,
-28,27,
37,-35,
47,-34,
5,-23,
-45,-15,
4,-68,
13,8,
51,21,
53,-32,
34,-39,
7,-42,
-47,22,
-10,1,
-11,-6,
111,11,
15,-21,
-54,84,
-16,49,
45,17,
11,13,
18,-47,
14,27,
-7,116,
-19,89,
13,31,
20,-76,
17,-72,
34,20,
23,-32,
-12,17,
4,23,
35,32,
56,-24,
17,27,
-16,-20,
-12,41,
-1,60,
-3,24,
56,-51,
21,-53,
42,-41,
16,15,
41,-4,
-1,-28,
-23,7,
-72,-9,
-10,-5,
-9,21,
63,31,
37,9,
-9,16,
5,15,
-8,-25,
29,18,
-17,-5,
-96,18,
-60,87,
30,36,
-28,0,
-23,-29,
27,-16,
-13,64,
-7,10,
-52,-50,
17,-12,
52,99,
15,36,
-57,55,
-17,-16,
62,-21,
-16,-42,
-33,-138,
-24,-105,
-20,-112,
72,-32,
63,-27,
15,-12,
-15,3,
-26,63,
29,14,
-31,-26,
-21,-50,
-46,-58,
-46,-115,
12,-36,
33,0,
62,-1,
20,84,
23,-43,
35,-58,
-32,-28,
-33,30,
-7,44,
-23,-13,
9,-3,
28,-15,
31,-32,
61,61,
40,34,
-51,39,
-19,58,
4,52,
-44,-7,
-21,-39,
-48,1,
-55,36,
4,23,
-27,-15,
-49,-11,
1,-22,
36,56,
55,3,
-8,-15,
78,-28,
-19,-17,
-4,-25,
-97,53,
-3,4,
35,23,
13,-51,
54,-38,
0,9,
-32,65,
-13,47,
-12,-41,
-13,-9,
-68,39,
4,55,
33,-23,
-28,-15,
-7,-15,
66,-15,
2,13,
-13,32,
62,7,
48,-43,
6,-11,
11,52,
31,88,
19,69,
-32,8,
-34,33,
-11,43,
-18,33,
24,-81,
5,-129,
-48,-65,
-87,-50,
-5,20,
17,-24,
41,-21,
84,-5,
37,2,
9,-10,
19,61,
-30,-24,
8,-6,
8,-12,
21,28,
-3,23,
5,51,
10,1,
-49,-29,
-2,4,
-21,10,
56,77,
60,9,
74,0,
74,-1,
46,40,
41,14,
113,40,
22,-65,
9,-46,
-3,0,
42,55,
53,38,
-35,-33,
-46,-43,
-39,-70,
-3,4,
-13,42,
20,62,
42,-56,
160,-11,
39,54,
2,23,
3,1,
-13,24,
-11,-20,
7,49,
-41,-16,
14,60,
55,75,
7,58,
19,9,
-17,-40,
68,0,
73,-7,
13,-4,
44,27,
-22,-30,
16,-81,
34,-7,
14,59,
-19,-3,
-16,42,
46,2,
18,-52,
-9,-75,
-18,-39,
20,2,
45,1,
8,13,
-36,24,
-19,118,
-26,80,
63,34,
16,20,
-2,17,
22,40,
77,34,
28,4,
-20,-38,
-28,-28,
-14,-7,
46,2,
52,-1,
45,-12,
19,4,
-42,28,
-28,-23,
-9,64,
4,-3,
-72,-5,
-56,41,
-48,-8,
19,-41,
49,-1,
33,15,
-26,8,
56,46,
56,48,
41,45,
59,-18,
71,14,
1,41,
-3,1,
11,24,
37,2,
40,-57,
68,-10,
-4,-28,
-7,-28,
59,-31,
-17,50,
-5,-5,
12,19,
15,-34,
-29,-39,
-21,-38,
16,-3,
11,36,
56,61,
32,82,
-45,78,
39,20,
43,-49,
4,-46,
-7,7,
-59,28,
-57,39,
68,-39,
65,23,
66,-2,
56,54,
17,46,
21,-25,
-5,65,
56,18,
-16,-19,
-82,-9,
64,7,
30,-35,
12,0,
-57,64,
0,41,
-402,590,
-2308,2626,
-5109,5060,
-5999,5453,
-4143,4334,
-347,575,
922,-1319,
785,-2155,
880,-3490,
2183,-4730,
3604,-2964,
3486,612,
1449,1719,
-161,448,
-348,-868,
261,-874,
1019,-214,
1902,-420,
1736,100,
885,195,
310,57,
25,-167,
283,-628,
464,-628,
281,-213,
-112,42,
-321,38,
-387,-38,
-192,-96,
-12,-82,
-31,32,
-25,342,
-139,372,
-126,186,
-53,52,
104,179,
-30,334,
-112,305,
-149,225,
-18,52,
169,26,
330,-92,
378,-184,
230,-209,
158,-69,
67,67,
-23,276,
-115,300,
-132,173,
-144,90,
-167,-8,
-239,-92,
-235,-150,
-38,-19,
82,161,
98,373,
227,389,
434,155,
608,15,
556,58,
199,84,
62,13,
-14,-88,
-28,-131,
-24,-141,
-60,-150,
-93,-99,
-73,-92,
-81,1,
-66,18,
10,-53,
100,-45,
42,110,
-103,222,
-229,296,
-164,223,
-126,229,
-58,137,
7,-76,
42,-195,
135,-194,
199,-227,
141,-128,
-1,-114,
120,-271,
97,-97,
85,-78,
2,-122,
12,-184,
13,-154,
17,-24,
17,3,
-18,28,
-112,-47,
-126,5,
-99,1,
-59,67,
-64,-21,
-92,-58,
-61,-67,
32,-82,
47,-13,
83,-10,
106,4,
85,11,
66,91,
-18,24,
-152,-116,
-82,-98,
-78,-49,
-73,64,
-51,29,
-12,48,
-10,74,
43,38,
4,44,
6,65,
-51,25,
8,-32,
-49,-15,
-28,-2,
-22,17,
-6,-40,
27,-50,
-2,-16,
-58,24,
-94,-1,
-11,53,
11,81,
-1,19,
-8,14,
2,-16,
-22,-60,
-21,8,
18,2,
-49,-2,
-24,-35,
39,-66,
19,-102,
15,-34,
53,-22,
37,-62,
69,-25,
-23,24,
-69,0,
-59,-5,
-24,-1,
86,-19,
60,-73,
37,-26,
-17,16,
1,83,
-4,-12,
-6,-10,
6,28,
-44,3,
-11,-85,
-15,-29,
00>
_________________________________
00>
_________________________________
Sequence Number: 68
00>
00>
Printing STS0 CIR
00>
00>
_________________________________
00>
25,-11,
-9,-53,
-27,-69,
-37,-19,
18,8,
40,-8,
29,5,
34,27,
7,-16,
12,9,
-53,13,
-35,-1,
52,-8,
-17,36,
-21,25,
-34,3,
19,-27,
8,-34,
65,-28,
12,-40,
-24,-41,
-20,-29,
42,-10,
-3,36,
-6,43,
-26,24,
29,19,
-43,21,
-15,34,
-14,32,
11,-4,
5,-7,
24,-65,
33,-12,
37,-6,
-49,-80,
15,-122,
2,-142,
133,37,
13,43,
-96,59,
-122,-38,
-107,-40,
-97,-50,
-48,21,
-13,31,
48,25,
-22,63,
20,14,
15,-23,
14,21,
-38,-7,
3,-76,
33,-36,
-17,-26,
14,-64,
-25,-29,
-58,14,
-45,-12,
2,12,
-9,0,
53,-21,
22,23,
55,11,
-8,45,
-17,-21,
-26,19,
25,33,
-31,-4,
-39,37,
22,24,
47,31,
67,-48,
-31,-13,
16,19,
60,59,
25,-2,
-9,-69,
4,-31,
-23,16,
4,8,
-41,14,
-22,56,
75,52,
-1,2,
-29,46,
-67,36,
-10,62,
53,138,
52,67,
81,82,
77,46,
83,7,
76,-54,
23,-61,
-7,29,
-8,54,
-25,26,
28,5,
-20,53,
-7,75,
-61,56,
-2,-5,
-41,20,
50,-36,
53,-3,
103,67,
99,31,
54,19,
-9,33,
-33,2,
-34,-60,
-20,-30,
47,-26,
35,-45,
43,-29,
37,-23,
45,8,
-54,-37,
-15,-49,
24,14,
65,28,
29,18,
-17,-2,
-40,24,
8,11,
50,19,
-5,-27,
1,-22,
-18,-7,
-5,-11,
3,13,
51,1,
9,-22,
-46,-30,
-41,-39,
-29,28,
-10,-3,
-8,-6,
-3,3,
-23,-17,
92,-37,
7,-47,
-24,-7,
-34,49,
-13,12,
6,9,
9,-32,
30,-38,
-11,5,
-38,-5,
-46,12,
-108,-26,
-65,10,
10,4,
24,15,
42,23,
-27,31,
-18,51,
-24,27,
15,70,
-32,32,
-15,23,
42,-33,
-11,73,
-13,53,
-23,53,
27,54,
45,-10,
-37,46,
12,-17,
-1,-9,
-9,7,
11,22,
-72,82,
-61,9,
-19,20,
0,-7,
45,46,
2,-21,
-32,19,
23,-65,
-35,-21,
9,44,
6,-51,
-27,-91,
-34,-8,
-75,9,
-46,6,
-52,62,
-25,15,
20,60,
23,-20,
-6,32,
-73,9,
33,72,
13,-7,
13,-5,
-29,14,
80,4,
98,-54,
-11,-42,
-42,-5,
57,17,
48,-41,
42,-29,
2,0,
-4,51,
25,16,
19,13,
5,-30,
-51,-22,
34,3,
20,-23,
-4,25,
4,0,
23,-75,
2,-21,
65,23,
48,17,
17,5,
29,-35,
58,53,
-14,-27,
-13,-18,
4,11,
21,36,
1,70,
-55,35,
3,19,
55,47,
83,49,
93,10,
-6,12,
1,14,
20,37,
-24,38,
44,31,
50,41,
0,41,
8,7,
38,72,
4,34,
52,104,
-7,39,
12,28,
-36,-23,
8,13,
32,13,
24,-27,
28,10,
73,16,
11,42,
-51,-4,
-35,-26,
-30,-9,
-10,-30,
43,42,
50,37,
15,82,
-57,80,
-30,60,
42,27,
-10,-4,
-35,23,
53,-45,
110,46,
102,56,
69,9,
60,-22,
10,15,
-23,32,
-31,13,
-22,31,
-17,-12,
-15,-12,
7,-2,
16,-6,
-62,-5,
-50,15,
-76,23,
-29,-6,
12,28,
34,38,
8,2,
72,40,
56,47,
-6,39,
-66,63,
-34,30,
-53,93,
-20,60,
21,69,
11,78,
-13,62,
4,16,
37,6,
41,66,
45,9,
-10,11,
33,-28,
-26,87,
-24,100,
-9,33,
4,-10,
17,18,
-61,-80,
-68,35,
-42,68,
0,-48,
-19,-17,
24,7,
64,6,
-26,-28,
-47,-23,
-42,-17,
-62,61,
-22,66,
-32,-10,
-41,9,
-15,-19,
5,-1,
42,42,
4,45,
0,65,
-37,55,
-10,62,
38,61,
32,34,
62,69,
111,48,
97,20,
53,2,
-42,16,
-39,-16,
15,1,
36,-3,
37,30,
-8,5,
63,-45,
49,-125,
55,-76,
-24,-19,
-19,59,
-80,49,
-97,-36,
-122,-38,
-106,-40,
-17,66,
22,106,
-56,88,
-48,-20,
3,53,
168,7,
1619,67,
5193,896,
7444,2124,
6653,3369,
1564,2002,
-1650,55,
-1517,-2704,
1263,-6924,
2431,-7660,
2903,-7445,
933,-3103,
-2070,2419,
-2666,3324,
-706,725,
102,-355,
-349,-267,
-1472,-235,
-1957,-561,
-382,47,
-249,405,
192,889,
-68,761,
-241,601,
-470,445,
-400,-105,
-423,-105,
-295,194,
313,18,
558,92,
321,110,
65,91,
-190,93,
-261,85,
-28,-69,
71,-82,
-101,6,
-533,-47,
-511,106,
-472,149,
-418,105,
-335,-140,
-365,-127,
-364,171,
-152,147,
-15,97,
-60,-41,
-87,-135,
-35,-35,
27,38,
-126,53,
-95,57,
-130,-113,
-220,-355,
-72,-271,
-60,-270,
-82,-100,
-64,-3,
-115,-51,
-249,151,
-157,168,
-180,166,
-154,123,
-144,81,
-102,117,
-99,147,
-116,255,
-159,242,
-103,279,
25,327,
125,258,
245,100,
145,-21,
-39,-13,
-7,-18,
148,-108,
145,-189,
113,47,
2,298,
-44,389,
-33,433,
-38,175,
-235,62,
-162,151,
-107,101,
-43,-36,
-24,-10,
-72,65,
-89,94,
-45,-18,
-51,2,
-13,-60,
-11,11,
-45,28,
-1,23,
-3,-50,
47,-118,
93,-30,
34,65,
-29,85,
-61,33,
-49,9,
-82,7,
-225,-27,
-131,-65,
-90,-63,
10,-39,
-50,38,
-73,129,
-67,84,
-82,20,
-55,22,
27,9,
29,58,
5,97,
-1,-19,
4,-20,
-8,61,
-59,37,
-25,55,
43,92,
14,12,
-30,6,
-84,-15,
-63,24,
35,71,
15,48,
38,77,
7,26,
49,71,
25,198,
-27,104,
-22,-34,
-92,-15,
-58,67,
-34,113,
23,22,
-23,-27,
5,-17,
98,-6,
-6,49,
-31,32,
-4,0,
43,-51,
43,-31,
-1,35,
21,76,
-73,127,
-57,110,
-85,67,
-31,-30,
-16,22,
-5,52,
71,27,
19,-2,
-27,-2,
-59,41,
-113,49,
-3,29,
00>
_________________________________
00>
00>
Printing STS1 CIR
00>
00>
_________________________________
00>
38,3,
5,46,
-6,60,
41,-48,
33,-74,
40,-42,
-24,-36,
21,-2,
-26,-20,
-25,-18,
74,-32,
18,-55,
9,-40,
-32,-18,
2,19,
-24,47,
38,32,
-29,47,
57,45,
61,-59,
76,-42,
22,2,
31,57,
32,74,
13,43,
-3,42,
6,-22,
90,-39,
41,6,
12,50,
56,45,
-26,-19,
24,5,
-4,31,
-7,18,
25,17,
10,-34,
-16,36,
-67,4,
68,-60,
10,0,
-77,-12,
-74,33,
7,47,
14,42,
-52,-12,
-56,-29,
-35,-10,
-50,23,
-57,67,
-38,72,
82,32,
74,15,
6,-25,
-40,-67,
8,21,
40,53,
-6,-38,
-83,-6,
-13,17,
40,34,
-12,73,
21,13,
-6,-10,
5,34,
46,36,
73,37,
44,-75,
88,-102,
51,-25,
-25,72,
52,61,
-11,17,
30,-40,
21,-45,
18,11,
-27,-11,
-81,-9,
-64,0,
-7,9,
-45,-19,
45,30,
4,24,
32,0,
1,-27,
64,23,
65,78,
-24,-17,
37,34,
77,-23,
11,6,
27,-59,
18,-106,
36,-9,
17,51,
18,34,
-11,9,
-47,0,
29,6,
53,90,
7,49,
71,-17,
120,20,
33,17,
-22,-36,
-22,-37,
75,-15,
94,-14,
20,11,
0,50,
-17,24,
49,-57,
44,-54,
24,-29,
-17,-62,
-16,-36,
18,-43,
32,-25,
-1,-31,
20,32,
-23,-29,
2,-40,
99,-5,
58,-10,
3,-31,
30,20,
45,22,
40,-5,
13,25,
16,-58,
17,-51,
87,6,
51,27,
59,47,
-24,23,
-19,-2,
18,-29,
-23,-7,
12,-23,
-14,-1,
4,-27,
68,22,
27,58,
47,7,
-14,-27,
26,47,
6,25,
77,-33,
49,-64,
44,-31,
80,-26,
28,-27,
44,6,
16,78,
28,67,
42,26,
-1,26,
47,-11,
56,29,
10,27,
62,51,
34,-8,
55,-43,
-41,-26,
-12,-21,
27,15,
-39,69,
44,30,
61,4,
32,42,
99,17,
88,-5,
78,22,
27,59,
23,42,
-19,15,
-11,19,
47,-4,
25,-23,
-7,-26,
35,-34,
95,-53,
9,-11,
62,6,
37,6,
15,-32,
44,11,
24,-30,
38,-120,
13,-57,
3,-32,
-17,5,
-24,-4,
-36,15,
-26,35,
-1,36,
-16,19,
-25,-40,
-34,36,
2,-23,
6,26,
-18,43,
25,53,
-73,49,
-149,13,
-98,-17,
8,47,
52,36,
-25,18,
-58,-5,
-10,46,
149,3,
50,1,
26,57,
48,59,
22,48,
11,-8,
0,-11,
79,-5,
51,29,
19,59,
6,36,
36,66,
15,18,
-1,-7,
7,19,
9,29,
54,-16,
34,-17,
7,-38,
49,-40,
-23,35,
-9,20,
-70,-18,
50,0,
92,-39,
87,-11,
63,9,
24,26,
29,-8,
4,38,
3,55,
64,5,
129,21,
68,-48,
96,-33,
109,11,
-8,-24,
-18,-36,
-56,-41,
88,53,
88,2,
100,-48,
66,-30,
-1,31,
-25,18,
4,-3,
-11,-39,
-22,42,
-60,95,
-37,-6,
53,11,
43,1,
-5,16,
-35,41,
-2,9,
-34,1,
-26,54,
32,22,
22,9,
43,-10,
-23,45,
-10,46,
-59,33,
16,15,
8,-44,
-14,37,
-50,6,
-14,-34,
27,30,
59,27,
33,11,
-8,-29,
-19,27,
26,40,
60,110,
31,-5,
-11,-8,
-8,3,
-4,54,
11,62,
-5,8,
-50,35,
-22,27,
-58,-58,
-11,-55,
-74,2,
-85,34,
12,72,
-18,18,
-14,44,
20,17,
4,59,
-12,48,
51,-2,
42,-29,
31,-38,
23,11,
5,-5,
23,29,
28,-35,
49,24,
12,-7,
48,4,
48,-22,
21,-28,
-47,-33,
-12,-7,
4,33,
16,36,
-48,-46,
25,-42,
2,9,
-48,-22,
36,2,
89,9,
64,-11,
-1,6,
37,13,
111,-2,
102,-2,
24,2,
16,1,
34,-14,
14,29,
6,-19,
14,5,
42,32,
60,11,
58,-75,
49,-52,
-3,-14,
25,-5,
67,-22,
37,19,
-12,10,
25,-9,
-12,-51,
43,22,
53,65,
31,29,
14,16,
-9,40,
187,80,
1101,736,
3244,2928,
4519,5261,
3485,5327,
177,1770,
-1076,-347,
-421,-111,
1290,2436,
2973,5910,
3226,6975,
3474,6233,
3162,4029,
1464,1337,
241,-111,
-375,-700,
-460,-972,
-497,-1469,
-660,-2034,
5,-1153,
-70,-551,
-58,-159,
-202,-323,
-297,-576,
-462,-961,
240,-646,
479,-310,
512,-193,
266,-231,
-65,-225,
-171,-255,
-214,-577,
-111,-865,
-41,-805,
-75,-397,
-96,-75,
-162,9,
-167,100,
-190,58,
-51,-62,
114,-151,
137,-204,
49,-20,
-185,-1,
-364,-17,
-313,-91,
-164,-161,
-34,-308,
-15,-184,
-31,15,
-123,100,
-127,89,
-221,-79,
-232,-187,
-195,-190,
-15,-221,
32,-292,
-57,-158,
-197,14,
-210,108,
-121,100,
-76,-85,
-79,-129,
-127,-164,
-116,-232,
-202,-286,
-159,-286,
-189,-166,
-331,-70,
-191,44,
-40,63,
22,38,
231,143,
205,76,
107,-106,
27,-87,
66,-61,
78,-59,
18,6,
-149,107,
-158,86,
-72,-78,
23,-171,
6,-84,
-95,69,
-120,54,
-126,-21,
-105,-100,
-232,-110,
-175,-104,
72,-155,
52,-229,
-18,-267,
-62,-138,
-14,-38,
-48,-133,
-110,-189,
-180,-173,
-231,-92,
-130,15,
-161,-18,
-80,-75,
-17,-82,
-47,-53,
-94,-111,
-95,-52,
-127,25,
-132,-56,
-224,-104,
-182,-87,
-37,-36,
31,-54,
-5,-96,
6,-70,
34,-69,
28,-97,
-37,-123,
-81,-99,
-117,-14,
-48,-9,
94,3,
68,-19,
-6,-5,
3,-33,
-63,-67,
-58,-104,
28,-89,
51,-69,
37,-40,
15,-39,
-50,-46,
-7,-31,
-134,-50,
-162,-63,
-120,-33,
-108,6,
-65,-45,
-95,-61,
-82,-76,
-88,-75,
-68,-100,
-51,-33,
-25,-69,
-30,-100,
37,-69,
26,-6,
-43,-9,
-24,-52,
-114,-100,
-159,-58,
-92,-32,
-81,56,
-40,70,
-75,-45,
-52,-44,
-91,-60,
-53,-44,
-49,-51,
-35,-8,
00>
_________________________________
00>
RX Timestamp: 293832692032
00>
Clock Offset: 490.952 Hz, -0.061 ppm
00>
RX Timestamp: 294907559712
00>
Clock Offset: 888.920 Hz, -0.111 ppm
00>
_________________________________
Sequence Number: 201
00>
00>
Printing STS0 CIR
00>
00>
_________________________________
00>
26,-15,
2,-10,
34,21,
-2,64,
30,-1,
27,-64,
16,-48,
-21,-5,
-6,-2,
5,-18,
10,50,
98,22,
85,-11,
94,-46,
93,-26,
88,4,
-2,31,
20,8,
32,98,
34,56,
85,86,
-27,77,
-3,16,
-39,83,
39,26,
20,22,
-33,-17,
-50,40,
-53,43,
-68,46,
-63,-28,
-3,-45,
-40,29,
-4,24,
-31,-41,
-68,51,
-43,69,
-90,77,
-40,17,
-6,-2,
7,3,
3,-1,
-6,62,
70,48,
-7,7,
-37,-41,
-7,-13,
-9,38,
59,-32,
66,36,
21,64,
-2,41,
-7,33,
-51,-1,
-38,103,
2,63,
-38,-45,
45,-18,
7,-57,
26,-4,
-45,75,
-62,47,
-9,34,
20,-11,
-4,-30,
-21,13,
-34,23,
1,22,
15,23,
-18,-41,
38,16,
11,17,
9,-45,
31,-18,
46,-9,
45,51,
17,51,
8,34,
-2,0,
53,-5,
-7,81,
41,-11,
30,-11,
22,49,
-60,76,
-50,57,
-39,69,
4,82,
-17,32,
-10,62,
-1,82,
33,83,
1,12,
-54,0,
29,41,
103,27,
56,0,
63,-42,
84,14,
80,6,
17,18,
-49,16,
-26,-23,
-27,15,
2,-2,
16,20,
-16,20,
-3,-20,
-73,10,
-68,-23,
-48,-4,
7,-6,
-38,41,
-16,-31,
13,36,
-2,62,
-9,17,
-29,26,
21,-16,
-32,-52,
-5,-79,
-41,13,
-2,78,
40,4,
-20,13,
30,-8,
4,7,
26,-13,
14,25,
-24,6,
-19,60,
26,35,
-26,-29,
-6,-74,
-44,17,
43,72,
-18,14,
2,18,
58,-44,
63,-69,
82,28,
75,-3,
64,-31,
-30,48,
40,1,
41,2,
29,-76,
-40,-75,
-61,-38,
38,-19,
26,-16,
-38,-13,
-6,3,
-30,25,
34,-30,
-16,48,
-15,80,
-10,45,
-21,18,
-42,-7,
6,-28,
11,-8,
31,-4,
13,62,
43,26,
-7,-22,
-19,30,
-4,28,
8,26,
24,67,
61,10,
61,-63,
74,-10,
49,47,
-17,-5,
-38,47,
-36,-31,
-47,15,
2,60,
12,28,
-3,51,
19,45,
1,28,
27,39,
-40,61,
-59,36,
20,-5,
48,35,
14,39,
-3,-16,
-13,-43,
-63,-38,
1,23,
7,13,
-31,-6,
-11,-21,
0,35,
2,18,
52,14,
30,43,
-24,29,
-41,53,
11,13,
-30,-39,
61,-57,
5,-22,
-20,-5,
-53,-9,
-53,-1,
-26,68,
25,60,
21,43,
-26,13,
-50,77,
-37,49,
69,18,
-19,16,
-54,46,
-50,35,
-63,-28,
-25,-4,
-26,41,
-32,8,
-38,-15,
-8,27,
-13,-5,
-20,11,
6,-11,
22,12,
21,-3,
10,15,
-34,28,
-35,-64,
14,-18,
5,24,
-42,-14,
11,37,
11,-29,
-11,16,
-26,56,
55,24,
-23,30,
-25,-10,
-44,44,
-37,7,
-34,17,
-38,83,
-30,57,
14,15,
-51,6,
-10,-22,
-37,2,
-128,29,
-27,-19,
-5,-37,
20,-114,
-2,-33,
35,-63,
-35,-12,
-55,35,
33,17,
-6,7,
4,78,
45,44,
-15,33,
10,51,
-8,32,
16,40,
-52,37,
-78,70,
-107,-28,
-8,12,
28,33,
-51,25,
-46,62,
-1,52,
24,18,
14,-16,
13,49,
5,-9,
-54,43,
-13,63,
21,-54,
-20,-23,
7,13,
29,-25,
30,25,
3,8,
-39,30,
-32,-30,
2,-28,
-29,-13,
-24,43,
6,48,
30,9,
45,-68,
-36,-85,
-17,-55,
-8,36,
5,-47,
-45,10,
-37,37,
-33,5,
25,44,
-11,-18,
-28,-20,
-32,2,
-33,66,
-30,25,
8,-43,
37,6,
-7,40,
28,26,
52,-6,
18,-46,
-36,44,
-59,12,
-25,41,
-14,-18,
-36,71,
-4,21,
16,-25,
62,-39,
47,10,
-77,-65,
-4,-72,
23,-71,
-42,-10,
-9,1,
30,-46,
-2,15,
-12,41,
-13,27,
2,-5,
1,-7,
-46,28,
21,-7,
-20,-66,
-34,-20,
-66,-17,
-120,50,
-70,-6,
-55,49,
94,20,
5,-23,
-74,-32,
-83,45,
-51,5,
-2,18,
29,48,
-65,36,
-9,-67,
12,-22,
-1,13,
72,77,
513,328,
2532,1517,
5497,3554,
6237,4183,
4180,2398,
-80,-532,
-1505,-936,
-278,1255,
1702,5345,
2296,7669,
2086,7798,
1962,6719,
1221,3560,
75,625,
-556,-550,
-647,-899,
-454,-1192,
-840,-1872,
-576,-1383,
-428,-132,
-954,293,
-553,458,
-729,115,
-672,-221,
-896,-730,
-312,-590,
-35,-554,
15,-641,
-221,-520,
-186,-299,
-114,-361,
6,-363,
146,-252,
114,-116,
88,-145,
0,-118,
-214,-133,
-280,19,
-241,75,
122,224,
521,168,
327,-59,
170,-224,
44,-554,
-23,-670,
29,-327,
-47,-44,
-190,250,
-275,324,
-355,305,
-228,218,
-91,124,
17,-69,
71,-188,
156,-116,
214,-77,
387,-153,
314,-167,
268,-76,
180,-38,
16,-104,
-46,-182,
-56,-211,
-71,-203,
-106,-191,
-181,-104,
-127,20,
-163,94,
-159,-78,
18,-212,
179,-171,
186,-138,
56,-121,
32,-112,
134,-201,
376,-211,
352,-130,
111,-62,
-163,-32,
-373,6,
-206,-45,
-116,1,
-138,-40,
-63,-103,
-158,-283,
-37,-165,
-117,-41,
-246,10,
-270,-72,
-124,-105,
-27,-113,
14,-90,
6,-56,
-144,-42,
-167,-58,
-133,-58,
-206,-53,
-298,-105,
-167,-55,
-25,-113,
-150,-377,
-39,-334,
-117,-182,
-85,-63,
5,-42,
-18,-10,
-44,5,
-14,49,
-133,28,
-123,29,
4,-1,
56,-120,
-5,-151,
-97,-85,
-50,-76,
-11,-28,
-70,-64,
-52,-87,
-113,-57,
-66,-34,
-121,-71,
-20,-116,
-63,-87,
-5,-81,
-55,-66,
7,-47,
48,-80,
40,-58,
-19,-104,
-127,-128,
-5,-29,
-15,0,
-55,-12,
5,-77,
41,-99,
-28,-65,
-66,-14,
-59,-31,
-56,-35,
-46,-100,
-63,-197,
-36,-97,
-5,-78,
3,-70,
-98,-91,
-14,-131,
23,-34,
79,-30,
-94,-85,
-33,-58,
-52,-103,
-29,-124,
5,-100,
-8,-19,
-33,-1,
-88,-78,
-83,-124,
00>
_________________________________
00>
00>
Printing STS1 CIR
00>
00>
_________________________________
00>
-61,26,
17,-39,
-11,-34,
14,-20,
-52,14,
26,-4,
11,87,
11,26,
-18,21,
53,-62,
44,-21,
21,7,
-102,-9,
-49,12,
51,22,
31,-32,
76,40,
22,31,
-27,31,
36,70,
42,5,
37,-54,
7,27,
43,25,
30,23,
43,-38,
-1,47,
25,-6,
-16,15,
-35,-20,
-137,-12,
-54,63,
-3,76,
9,34,
18,-28,
22,31,
-92,30,
21,-36,
58,18,
55,55,
1,22,
-26,-30,
-5,-53,
26,-16,
-32,30,
-27,42,
-16,78,
6,28,
13,0,
16,-21,
-51,50,
-36,41,
61,-10,
13,24,
-39,30,
-45,24,
-47,44,
6,-11,
-36,-26,
6,-38,
94,-29,
161,35,
39,-52,
-11,90,
37,84,
57,24,
15,-9,
-54,-24,
59,-74,
18,-21,
15,-24,
25,-12,
42,34,
-16,14,
-35,48,
-87,-5,
-17,26,
-8,21,
-14,-8,
13,2,
-41,19,
-16,4,
16,23,
-27,50,
-14,63,
46,56,
-29,9,
-21,27,
7,1,
-29,-17,
13,19,
17,-17,
-5,-45,
-17,6,
49,8,
-20,-25,
-32,17,
-26,-6,
-6,-4,
-16,8,
5,6,
72,-70,
46,-12,
21,-16,
29,7,
-17,-53,
-17,-52,
26,-8,
-91,21,
-64,38,
6,-31,
-34,-7,
12,44,
-41,85,
25,73,
16,13,
45,-18,
-7,11,
-24,48,
-80,49,
-19,28,
-58,36,
-28,5,
0,28,
-17,-42,
25,-21,
-20,24,
-5,22,
-52,-22,
-28,-19,
-42,5,
62,-6,
67,-9,
-27,-12,
-28,4,
-64,53,
10,70,
-2,28,
69,-54,
38,-78,
86,-85,
67,-70,
11,19,
21,-4,
-22,-10,
-12,14,
15,30,
-24,18,
-68,-68,
-17,-35,
-24,0,
-67,41,
7,44,
1,21,
19,-28,
73,-24,
49,-23,
52,-57,
16,-77,
-2,8,
3,25,
-33,50,
13,59,
-28,25,
96,13,
26,74,
-22,51,
-48,-5,
25,37,
0,20,
31,-2,
71,-18,
55,5,
10,9,
-24,-28,
27,-14,
-7,-29,
3,-41,
45,-34,
33,-9,
24,62,
-81,116,
-93,153,
-59,6,
34,23,
-38,-18,
14,5,
-13,15,
55,16,
94,16,
78,107,
15,101,
-22,45,
28,4,
-39,-11,
24,-20,
87,29,
38,-68,
75,-92,
-11,4,
-14,15,
-4,21,
21,73,
11,102,
-29,134,
-33,130,
-80,83,
-10,-21,
41,-28,
52,29,
32,57,
37,-3,
-80,-47,
-44,84,
5,26,
17,-9,
25,15,
33,-9,
18,-36,
1,-62,
15,39,
32,-6,
-29,3,
-85,32,
-31,20,
18,-2,
7,24,
40,2,
25,-28,
-1,0,
21,-47,
51,-20,
26,30,
-82,-50,
-5,0,
-15,35,
-48,-2,
-13,-27,
-32,6,
45,2,
6,10,
18,-6,
79,-2,
-43,-39,
-11,-36,
-74,-15,
-15,-59,
29,-54,
35,-50,
-82,-21,
-57,-39,
-35,-32,
27,-21,
-10,3,
-45,-6,
-68,17,
25,-3,
-18,-12,
39,3,
-2,42,
-8,-20,
-1,0,
-34,12,
0,1,
17,62,
36,3,
-7,11,
-20,-5,
-61,-46,
-56,0,
-85,1,
-27,33,
-18,-14,
24,-6,
-30,-19,
51,38,
41,21,
-33,-5,
57,-39,
30,-41,
26,10,
52,25,
4,29,
-43,-25,
-7,-9,
-75,14,
-11,13,
-32,62,
-22,17,
50,-17,
14,5,
16,-26,
9,-38,
69,-82,
58,-74,
45,-16,
-16,12,
18,-2,
7,33,
15,58,
20,6,
-14,48,
20,-44,
-59,42,
8,-31,
0,-29,
84,29,
-15,52,
-12,44,
48,-48,
53,-77,
37,-48,
96,28,
-5,45,
-34,43,
5,30,
-39,67,
-33,38,
-28,-2,
9,-19,
54,31,
-10,28,
-13,81,
-6,30,
-51,-32,
13,-38,
12,-24,
52,-9,
57,-11,
12,36,
25,30,
22,122,
9,57,
49,-16,
102,-84,
13,-37,
-39,22,
-10,67,
-17,36,
-1,64,
-1,-12,
-71,50,
-73,79,
-11,38,
-7,-28,
-21,27,
-3,-31,
12,36,
70,49,
31,69,
13,104,
34,-13,
24,-32,
-53,-13,
32,48,
218,454,
1072,2381,
2848,5837,
3543,7138,
3658,5498,
1101,776,
-469,-988,
-1793,-1017,
-2755,-1420,
-3267,-3216,
-1714,-4702,
1210,-4001,
1802,-1426,
389,457,
-739,434,
-641,-556,
44,-1270,
115,-1976,
104,-1649,
119,-568,
-145,-33,
-91,132,
-107,-210,
-70,-580,
141,-340,
325,58,
72,264,
-152,269,
-166,131,
-198,56,
-26,110,
206,290,
187,367,
-6,235,
-17,14,
32,-25,
66,145,
64,219,
105,149,
148,-124,
103,-266,
94,-440,
-36,-438,
-138,-372,
-91,-247,
-21,-134,
64,53,
64,147,
50,33,
-2,-26,
19,111,
-9,133,
-11,97,
52,71,
115,-9,
329,-34,
450,-202,
361,-439,
190,-468,
141,-227,
86,20,
79,5,
18,-37,
-194,-110,
-159,-109,
-130,-103,
-160,0,
-126,55,
-165,50,
-40,38,
4,37,
-44,-46,
-102,-16,
20,92,
190,210,
320,196,
317,225,
136,143,
-62,31,
-227,-72,
-232,-83,
-312,-123,
-233,-82,
-195,-13,
-214,-50,
-113,-48,
-55,-57,
-1,-47,
-78,14,
-49,-22,
-39,-123,
29,-78,
-35,41,
-100,134,
-25,159,
40,98,
66,145,
52,207,
24,98,
10,56,
42,64,
8,-29,
-6,-17,
93,-49,
135,-21,
133,11,
40,26,
-79,53,
-110,90,
-122,38,
-6,40,
-58,79,
31,39,
-10,43,
10,-57,
53,-101,
25,-13,
-23,23,
22,82,
-14,40,
15,85,
46,99,
13,16,
-41,-46,
-28,2,
11,69,
48,38,
69,-6,
37,25,
19,-40,
43,-31,
47,-14,
-2,7,
-43,-27,
24,4,
-24,31,
-8,41,
-41,26,
-59,53,
-70,46,
-8,-28,
-44,-15,
-37,9,
-30,-25,
-6,0,
7,22,
37,3,
31,-38,
22,-72,
-6,-57,
3,-51,
-58,62,
-39,104,
-19,62,
-104,-8,
-81,14,
-15,-42,
00>
_________________________________
00>
_________________________________
Sequence Number: 204
00>
00>
Printing STS0 CIR
00>
00>
_________________________________
00>
-62,-6,
6,25,
7,-10,
12,27,
7,14,
-4,-10,
5,-27,
21,58,
8,42,
25,-10,
6,30,
50,29,
67,40,
-42,72,
1,66,
7,-16,
-9,-72,
21,-5,
18,58,
5,37,
-34,-16,
23,29,
27,44,
-21,1,
-56,33,
-70,0,
3,-29,
7,-20,
46,9,
-2,-52,
-50,-11,
-61,-8,
-48,-32,
7,-55,
34,-29,
-11,-41,
16,24,
27,38,
19,-18,
73,-14,
29,22,
-59,-44,
-37,-23,
32,4,
48,24,
51,-45,
16,-11,
-47,-9,
-23,27,
-22,10,
-29,-1,
-40,-23,
16,10,
-36,-15,
-15,-23,
11,-35,
21,21,
-41,21,
-33,-11,
14,-10,
-21,-10,
-68,11,
-45,57,
1,-36,
-3,-15,
-14,34,
27,-16,
44,74,
73,147,
41,-31,
29,-27,
-18,97,
-48,61,
-56,19,
41,-8,
-57,-28,
-90,-42,
-94,-27,
47,-30,
3,-42,
44,-54,
25,-9,
-61,3,
-24,-1,
66,-32,
50,-41,
2,-12,
12,-18,
-1,-48,
1,-35,
42,-14,
20,8,
37,14,
10,83,
35,-12,
34,-38,
30,-47,
6,8,
24,-16,
19,8,
3,-25,
53,-112,
22,-111,
7,-17,
-18,70,
-32,45,
-69,33,
-85,-10,
-33,24,
61,-1,
9,-4,
14,24,
-5,-11,
-59,-13,
-23,19,
-2,37,
38,54,
13,45,
13,122,
-45,61,
-25,-9,
47,-3,
42,16,
34,33,
11,8,
-5,23,
-12,-37,
-9,-19,
-8,10,
-17,-49,
7,17,
10,-14,
40,105,
12,57,
60,58,
-31,-35,
-24,-13,
-70,-62,
-83,16,
8,2,
-1,30,
-21,-1,
-14,-24,
30,-8,
12,-20,
28,-25,
32,6,
70,10,
43,21,
3,47,
-4,43,
5,10,
32,25,
45,-13,
9,60,
52,24,
52,14,
43,-14,
19,-2,
39,3,
53,6,
36,-26,
13,-22,
12,-11,
57,-30,
84,-26,
63,-20,
-25,-37,
-23,-56,
-3,-19,
-14,45,
16,24,
-48,-2,
-40,-101,
2,28,
-43,-23,
27,-7,
27,27,
-11,23,
4,8,
-55,44,
-48,138,
-56,-3,
-71,5,
11,-16,
-20,62,
-39,12,
72,29,
42,27,
13,-4,
27,-11,
-15,18,
-22,31,
-9,-15,
34,-5,
72,21,
2,22,
15,16,
-45,-21,
48,-11,
22,-3,
76,-21,
34,42,
43,36,
-6,23,
-32,53,
56,3,
1,50,
5,39,
-4,34,
9,-5,
-65,7,
-26,-5,
-26,-18,
-4,-8,
-20,22,
-68,44,
11,-4,
28,-22,
41,6,
-58,20,
-10,-4,
36,-5,
16,-47,
-4,-24,
53,-13,
3,8,
11,51,
-9,1,
-28,43,
28,9,
5,33,
-3,25,
0,-21,
6,-53,
-29,0,
-7,13,
-20,14,
36,-12,
18,-33,
-15,-19,
-11,11,
8,24,
33,-21,
28,-53,
39,-114,
95,-84,
46,-56,
-33,-55,
-41,-40,
-89,-2,
-72,-20,
-93,-13,
-59,9,
-36,-32,
25,49,
27,40,
-4,-4,
-4,-8,
-40,-32,
13,-33,
55,-36,
35,-1,
21,17,
22,38,
65,-24,
-15,-2,
-70,-37,
-26,-20,
13,14,
33,48,
27,33,
-8,24,
32,-54,
6,-36,
17,-4,
-41,32,
23,-51,
81,-24,
18,17,
9,72,
21,60,
48,37,
4,15,
-25,-2,
8,-118,
-14,-87,
-5,41,
-25,71,
-23,-9,
13,25,
-15,-12,
-21,12,
-16,22,
-15,-21,
-43,-65,
34,-40,
32,2,
11,51,
11,-5,
-36,1,
12,-22,
10,-41,
17,-31,
-48,0,
15,-8,
6,98,
25,29,
32,61,
17,3,
-23,-43,
89,11,
63,41,
11,3,
-13,-30,
-2,0,
-20,7,
37,44,
-59,88,
43,24,
-1,-53,
-23,-30,
6,-19,
11,-39,
3,-19,
4,6,
28,-40,
14,-8,
-73,55,
-26,52,
29,34,
-10,28,
44,42,
27,83,
111,-69,
-44,17,
-31,45,
7,19,
23,-8,
-13,-10,
-9,78,
-25,115,
-38,66,
20,-33,
65,8,
66,-29,
64,75,
52,27,
81,40,
67,-10,
51,-61,
-68,-45,
-6,-12,
-44,4,
-185,21,
-1351,-304,
-4409,-2101,
-6319,-4259,
-5846,-4955,
-1536,-2348,
1455,494,
1073,2905,
-2375,6475,
-4570,6652,
-5241,6313,
-2509,3413,
1863,-1641,
3406,-2630,
1191,-625,
-119,371,
123,375,
1214,575,
1837,920,
425,101,
437,-406,
127,-827,
165,-516,
335,-369,
428,-186,
441,175,
433,174,
288,-169,
-168,-116,
-514,-219,
-305,-192,
26,-76,
234,15,
222,68,
-13,77,
-106,129,
19,40,
384,46,
442,3,
435,-59,
378,-10,
378,159,
339,144,
299,71,
158,100,
76,90,
23,33,
3,5,
-17,-30,
-47,-8,
43,97,
-3,127,
7,158,
224,379,
70,368,
45,436,
100,193,
133,45,
99,38,
125,31,
184,73,
202,-28,
195,37,
113,34,
96,-68,
112,-172,
148,-272,
199,-273,
221,-288,
93,-218,
-105,-157,
-237,-151,
-122,-92,
33,-3,
124,57,
-61,191,
-134,155,
-68,39,
90,-278,
159,-482,
123,-390,
131,-126,
158,-12,
135,-115,
94,-75,
106,18,
83,97,
134,59,
22,-1,
10,23,
-16,-31,
17,111,
54,62,
114,-46,
82,20,
29,40,
28,42,
-74,36,
-39,-23,
-23,44,
57,65,
98,112,
43,16,
116,7,
160,32,
177,110,
110,85,
-22,82,
11,-66,
95,-93,
125,-17,
52,-26,
-2,-5,
87,40,
136,23,
43,21,
-13,4,
-33,28,
49,34,
-8,11,
-16,-50,
-32,-17,
21,-1,
84,-112,
73,-50,
32,-94,
-16,-65,
-26,-32,
7,-39,
46,3,
70,4,
62,-2,
77,-36,
3,-4,
-2,0,
38,-91,
15,-69,
-22,-17,
-26,-29,
-22,-47,
-33,49,
-4,-9,
5,-25,
-6,-10,
29,-16,
25,-3,
39,17,
-39,85,
13,-13,
80,-49,
118,-34,
70,-35,
48,-40,
50,42,
4,8,
62,-59,
74,-56,
27,17,
00>
_________________________________
00>
00>
Printing STS1 CIR
00>
00>
_________________________________
00>
-67,35,
-39,-38,
11,-31,
54,-35,
37,-2,
12,-3,
-36,-31,
21,13,
-62,36,
3,4,
-5,33,
12,35,
11,35,
57,16,
92,51,
62,17,
-3,15,
25,-28,
40,13,
5,40,
-31,5,
-22,23,
-7,24,
15,13,
38,-4,
-42,-12,
-57,30,
18,23,
29,30,
26,17,
49,20,
51,9,
24,-44,
29,-55,
19,-53,
20,-4,
96,-21,
97,17,
12,52,
-83,38,
-28,45,
-34,-56,
69,-19,
14,-37,
-3,65,
-15,70,
53,-29,
46,-23,
10,14,
48,46,
42,26,
45,-15,
14,24,
3,14,
47,21,
39,-74,
-38,-10,
18,1,
-26,8,
45,-1,
8,-10,
32,-20,
12,-14,
-12,48,
-15,21,
6,5,
25,66,
3,96,
-30,-1,
-4,34,
-31,12,
-24,21,
-70,18,
-56,37,
33,-20,
6,-74,
-32,-59,
-52,-27,
-57,33,
-4,23,
-22,19,
10,73,
40,1,
12,-16,
-36,-16,
78,23,
29,46,
-46,57,
-32,1,
3,-35,
26,-25,
36,23,
-32,36,
7,-75,
34,-57,
49,33,
28,33,
-12,26,
19,-40,
0,-45,
-36,-19,
-26,-22,
-32,6,
3,-14,
-24,-12,
-31,-2,
-48,-42,
30,-16,
13,9,
24,27,
-28,24,
-11,39,
-64,-6,
-20,2,
-5,52,
-4,60,
-5,-38,
55,85,
69,25,
-18,68,
0,86,
10,3,
76,-52,
84,10,
41,-35,
39,-37,
-8,-25,
-24,19,
-17,-19,
-18,3,
32,-14,
45,4,
4,23,
75,-3,
58,-25,
25,-75,
21,-2,
67,73,
18,-32,
14,-37,
11,-45,
-19,-42,
-8,-10,
-37,50,
-29,26,
-51,18,
1,2,
-74,-45,
-162,-29,
-105,0,
-121,19,
-12,27,
31,-21,
4,34,
-87,-6,
-37,-19,
-119,5,
-128,28,
-139,14,
-42,7,
-33,-18,
22,-19,
39,-62,
65,63,
49,0,
111,-58,
73,-19,
20,77,
-68,64,
-35,-4,
46,-48,
37,-37,
-16,24,
-78,39,
-12,27,
-40,-28,
31,10,
15,17,
-36,3,
2,12,
-13,-59,
-41,-35,
-16,-59,
64,-105,
60,-73,
24,-33,
23,25,
-39,-2,
-42,-28,
13,-79,
54,-14,
38,31,
22,25,
25,-33,
57,-8,
1,33,
32,11,
42,67,
41,-20,
41,-45,
55,-19,
-6,-32,
52,46,
7,38,
-69,16,
-76,2,
-53,66,
-7,33,
4,12,
9,33,
6,4,
31,-42,
98,-56,
71,-50,
46,-39,
29,68,
-14,42,
-31,25,
-41,-67,
73,-64,
78,5,
49,-37,
4,-83,
-37,-62,
4,1,
-30,13,
6,-15,
66,-27,
40,-54,
65,-67,
84,-15,
-9,-12,
64,11,
-19,-34,
-8,-47,
3,-9,
78,1,
145,36,
67,8,
-47,26,
-37,47,
4,-30,
-16,5,
29,-16,
15,-57,
16,-81,
-50,12,
-10,46,
-22,-1,
18,28,
30,-16,
104,3,
61,-40,
-16,26,
10,60,
-41,43,
26,32,
-24,29,
-40,14,
-32,-40,
-17,-64,
-49,-6,
-68,22,
-3,1,
29,6,
4,22,
25,-41,
36,-19,
60,2,
43,51,
36,-21,
40,-7,
-13,5,
-16,37,
-24,46,
18,46,
107,68,
64,-61,
26,-35,
32,-38,
6,24,
-27,0,
-17,-15,
4,46,
-15,40,
45,38,
83,-26,
23,13,
-36,6,
-27,38,
-4,19,
12,47,
-63,-20,
11,2,
77,-40,
28,15,
-32,8,
16,-6,
22,-34,
94,65,
48,26,
17,41,
9,33,
77,55,
29,-11,
18,15,
28,-39,
-26,-64,
-83,-15,
-70,62,
-42,-1,
46,-27,
20,27,
-29,63,
-59,30,
-12,85,
-78,-2,
-68,-32,
7,22,
1,39,
31,61,
-30,63,
35,0,
14,-40,
10,2,
20,10,
0,-54,
63,16,
-24,1,
-65,30,
18,-28,
-5,-44,
-78,-26,
-97,-8,
-22,-13,
12,-18,
15,25,
-33,16,
-6,6,
18,-32,
-7,15,
-23,16,
-6,6,
-45,-21,
-39,-50,
17,-39,
58,124,
48,48,
33,51,
2,36,
-9,25,
-5,10,
22,-18,
-25,8,
-139,-28,
-751,-733,
-2423,-3282,
-3544,-6065,
-2637,-6101,
-48,-1993,
963,540,
429,201,
-558,-2512,
-1730,-6261,
-1941,-7449,
-2158,-6829,
-2313,-4594,
-1254,-1694,
-197,-21,
363,543,
389,856,
119,1395,
190,1963,
20,1109,
344,335,
255,-28,
209,219,
140,568,
142,901,
-222,546,
-526,89,
-588,72,
-481,276,
-86,250,
121,287,
101,656,
-48,909,
-150,796,
-52,480,
153,157,
311,112,
243,165,
218,214,
35,202,
-190,279,
-258,275,
15,255,
294,223,
442,226,
351,276,
62,284,
10,346,
31,240,
75,77,
154,106,
37,105,
63,231,
108,330,
172,274,
49,221,
-43,264,
-5,172,
100,111,
143,59,
167,50,
125,114,
75,128,
89,242,
54,388,
80,349,
67,392,
198,307,
345,199,
251,24,
29,-76,
-129,-136,
-194,-109,
-78,-35,
20,13,
-43,85,
-153,53,
-106,2,
-34,61,
181,-74,
239,-17,
154,174,
11,267,
-33,145,
80,-21,
192,-72,
50,78,
67,145,
220,188,
161,156,
22,173,
-19,160,
39,184,
52,95,
-1,83,
86,27,
28,152,
38,246,
45,221,
39,150,
84,98,
24,36,
14,106,
18,134,
63,157,
35,124,
10,67,
23,167,
114,198,
90,162,
-1,82,
-9,90,
22,107,
-20,97,
59,134,
26,147,
96,166,
63,124,
45,54,
44,2,
42,51,
13,82,
-15,100,
-2,87,
118,210,
84,96,
63,9,
-78,62,
41,63,
-20,57,
-18,14,
73,-82,
76,14,
53,110,
62,120,
49,53,
30,70,
7,44,
25,12,
20,96,
41,122,
28,56,
12,44,
34,51,
28,45,
31,67,
15,39,
4,67,
106,126,
84,107,
84,22,
31,32,
40,17,
79,84,
100,-2,
71,7,
94,11,
87,55,
00>
_________________________________
00>
RX Timestamp: 434282347324
00>
Clock Offset: 1074.886 Hz, -0.135 ppm
00>
RX Timestamp: 435357684006
00>
Clock Offset: 539.303 Hz, -0.068 ppm
00>
_________________________________
Sequence Number: 81
00>
00>
Printing STS0 CIR
00>
00>
_________________________________
00>
-13,-24,
-79,15,
-1,4,
42,42,
82,21,
-11,-48,
-13,-53,
28,-14,
-5,-102,
-7,25,
22,25,
74,1,
70,-44,
-13,-82,
-31,41,
-9,17,
80,-79,
81,-47,
-7,-2,
-23,10,
29,-50,
4,-31,
-23,24,
42,-14,
-4,-4,
12,-67,
-12,36,
25,114,
18,131,
-27,111,
-29,26,
21,-95,
-10,3,
-9,35,
5,5,
20,-35,
28,-15,
-40,-25,
-60,-39,
-22,2,
17,-9,
26,18,
-89,61,
4,22,
7,50,
64,20,
45,47,
-14,37,
-5,10,
-33,-53,
-40,19,
52,-44,
64,-22,
28,-3,
-23,51,
-11,11,
10,15,
-7,-63,
23,-30,
8,-23,
14,-25,
58,48,
58,30,
31,8,
51,-64,
-33,-36,
-27,-2,
26,64,
12,-20,
37,58,
-18,17,
-7,31,
50,-5,
54,-2,
8,-31,
-77,-35,
2,25,
66,24,
5,54,
10,79,
60,15,
-9,-34,
3,4,
61,4,
-7,-11,
12,17,
-71,3,
-33,29,
-44,-29,
18,-92,
34,-68,
-11,-97,
6,25,
112,-49,
52,-15,
43,46,
2,-28,
9,-16,
-13,30,
34,21,
70,66,
-32,109,
-18,38,
40,35,
-34,43,
23,-30,
-16,-17,
18,28,
-28,35,
-45,-36,
-22,-87,
-27,2,
66,-24,
68,25,
56,-10,
63,-64,
-24,-81,
-38,3,
-47,103,
-41,42,
-4,-25,
25,-94,
82,-29,
63,19,
-68,99,
-71,17,
-35,-28,
33,38,
-57,30,
-30,7,
-14,37,
18,-28,
71,-45,
33,-72,
-8,-8,
19,10,
61,-16,
83,-31,
-2,18,
-7,74,
20,6,
71,-54,
19,-2,
-2,18,
-47,43,
-59,-22,
-8,48,
-22,-3,
94,-92,
98,-87,
28,33,
-30,75,
-30,126,
26,26,
61,-21,
76,-24,
36,8,
-21,-12,
8,-16,
34,-70,
-25,-126,
14,-5,
0,40,
13,59,
36,95,
65,51,
35,-29,
63,-52,
55,12,
36,76,
51,42,
-5,-3,
75,40,
101,104,
64,119,
43,18,
40,-23,
-17,-9,
-66,-25,
-15,-43,
-5,-61,
-39,33,
39,69,
50,74,
40,-25,
-20,-88,
-24,-87,
-3,-36,
-66,-5,
37,71,
46,46,
-18,41,
-44,-29,
12,-43,
-12,-24,
-30,-5,
-58,-10,
-15,28,
27,6,
63,30,
-30,-15,
-16,48,
-67,55,
-4,49,
43,7,
78,-19,
82,-45,
23,9,
9,20,
12,-22,
70,-80,
20,-6,
-21,4,
-71,-6,
23,-31,
8,-9,
-12,7,
-64,-26,
49,-39,
65,26,
18,34,
49,-29,
32,-13,
-6,63,
28,38,
127,28,
4,-19,
8,54,
-30,99,
-4,76,
112,43,
70,-8,
23,25,
-9,-79,
29,-27,
50,90,
47,-8,
-52,-22,
19,12,
38,-6,
55,-34,
-16,-60,
-17,22,
-4,-30,
17,111,
-27,-4,
59,31,
73,1,
15,-65,
-6,-49,
0,-11,
14,22,
-23,22,
-27,-67,
-20,-19,
-3,76,
54,44,
51,5,
19,91,
46,47,
106,-13,
120,-14,
25,16,
27,7,
115,-39,
63,-68,
-12,16,
25,-31,
63,-17,
61,-39,
32,-63,
91,-52,
71,-2,
33,6,
-16,70,
-30,24,
-4,-35,
-12,-41,
51,-20,
13,73,
30,19,
39,24,
52,21,
46,-10,
20,-3,
58,-23,
65,1,
29,42,
35,-19,
59,6,
65,-12,
10,-17,
-15,-10,
19,21,
29,-112,
64,-74,
-29,-33,
-38,5,
-25,-43,
86,-62,
93,-44,
61,-21,
-15,15,
-53,28,
47,58,
55,13,
95,-29,
3,-14,
-20,82,
42,39,
93,25,
58,-19,
-35,6,
1,70,
28,52,
64,57,
35,14,
73,-5,
50,4,
61,4,
32,42,
31,5,
26,14,
134,40,
39,53,
13,16,
-24,57,
30,-74,
44,-65,
85,-58,
-20,5,
12,9,
21,-42,
27,-9,
-22,-14,
36,-2,
92,-84,
79,-112,
22,-35,
45,40,
47,72,
46,-11,
39,-14,
55,-56,
33,16,
-24,10,
10,54,
93,79,
70,9,
77,-30,
114,-29,
51,37,
-10,11,
-41,12,
10,-13,
520,-83,
2197,-260,
4700,-283,
5490,-119,
2905,-151,
-467,10,
-1328,171,
308,595,
2718,1837,
4181,3421,
4312,3839,
3526,2946,
1963,1342,
402,370,
-573,40,
-723,-155,
-668,-419,
-1013,-626,
-1325,-514,
-986,0,
-437,477,
-188,459,
-413,372,
-632,245,
-764,-29,
-616,-318,
-337,-458,
-367,-482,
-345,-208,
-222,-47,
-157,-112,
-115,-190,
-42,-137,
-7,-91,
-37,-171,
-115,-211,
-214,-5,
-209,173,
-61,265,
181,188,
368,-66,
311,-295,
102,-333,
-167,-302,
-136,-260,
15,-164,
-51,51,
-74,204,
-182,308,
-153,314,
-106,183,
-67,82,
131,-46,
80,5,
111,-44,
151,-76,
146,-111,
135,-177,
169,-176,
108,-83,
11,80,
-120,80,
-176,-37,
-150,-49,
-164,-89,
-147,-38,
-142,-81,
-134,-65,
-82,-15,
-20,-92,
18,-126,
48,-55,
-7,-106,
-20,-112,
-19,-292,
68,-315,
94,-301,
4,-175,
-157,0,
-282,159,
-181,224,
-106,110,
-148,-35,
-221,-113,
-171,-82,
-91,-105,
-85,-61,
-174,152,
-180,70,
-89,-25,
87,-73,
31,-14,
-2,-31,
1,-83,
-94,-76,
-122,-14,
-165,44,
-191,63,
-110,49,
-134,-57,
-131,-122,
-74,-62,
-181,-59,
-139,-77,
-17,-129,
33,-126,
-73,-26,
-24,-13,
-74,20,
-63,23,
-79,2,
-89,6,
-41,-13,
13,-1,
0,-51,
-41,-90,
-7,-8,
-67,45,
73,-36,
8,-35,
-24,52,
47,14,
16,-6,
-77,-35,
-76,-43,
-26,13,
-10,89,
22,-20,
-11,-94,
17,-69,
77,-47,
36,-85,
-68,-67,
-114,-27,
-95,-71,
-2,-88,
26,-78,
-19,-3,
-58,-2,
-96,3,
-39,4,
-32,4,
19,-4,
20,-41,
-29,-98,
-113,-155,
-70,-71,
-37,-12,
-23,-7,
-79,-27,
-102,-14,
0,40,
-38,-9,
-46,5,
-85,-42,
-14,-35,
-45,-8,
00>
_________________________________
00>
00>
Printing STS1 CIR
00>
00>
_________________________________
00>
-7,34,
-50,-19,
-13,-6,
2,-81,
64,-101,
26,11,
95,36,
68,4,
-13,18,
25,21,
13,41,
52,20,
-73,19,
-21,-25,
25,1,
54,-13,
59,-42,
46,-56,
25,6,
-21,122,
32,-30,
-15,-69,
4,-15,
-8,-35,
-49,-7,
28,40,
25,29,
-12,-21,
-88,-68,
-46,-25,
-31,-1,
-19,43,
2,-28,
31,-13,
26,45,
49,-34,
25,-21,
-30,-32,
-44,15,
-18,84,
35,43,
-32,-7,
-116,-19,
-74,-30,
-18,-75,
68,-36,
48,66,
5,86,
-10,43,
15,-35,
-14,7,
-16,17,
-31,-39,
-2,-11,
27,52,
12,65,
43,25,
27,-38,
-5,-14,
-12,20,
10,58,
7,19,
-2,39,
-17,36,
7,44,
-40,-54,
-15,-6,
-38,10,
-10,30,
-22,-21,
-52,-33,
-52,14,
10,25,
-21,-23,
16,-56,
0,-40,
37,-37,
70,-20,
10,44,
-31,82,
-61,27,
69,7,
109,-36,
0,9,
-49,17,
-18,3,
-2,43,
-34,50,
-12,12,
-41,10,
28,-7,
41,23,
84,3,
-41,58,
34,21,
50,7,
-10,49,
-56,74,
-32,76,
36,34,
22,96,
-67,88,
-63,-36,
-70,-76,
19,-36,
19,-4,
-37,6,
38,-15,
64,-3,
-11,74,
-88,26,
-28,-6,
69,-46,
77,-14,
38,-38,
74,33,
46,16,
6,17,
-47,25,
-7,54,
-1,41,
34,-26,
-10,58,
-2,82,
-1,59,
10,27,
43,21,
51,76,
33,72,
92,25,
40,79,
27,16,
-37,-3,
-66,-50,
40,2,
10,35,
32,-3,
35,30,
-3,71,
17,38,
-1,14,
-37,17,
5,62,
-13,14,
-37,-35,
-6,-70,
6,-7,
22,26,
-28,55,
-52,11,
32,11,
37,-5,
58,-25,
-16,-62,
-69,-16,
-8,29,
46,37,
-41,-20,
-63,-10,
2,26,
51,83,
23,72,
-34,44,
-8,-10,
51,23,
70,35,
16,5,
29,-45,
45,-77,
19,-3,
-34,60,
14,35,
-54,44,
-64,55,
-62,67,
5,42,
-37,38,
-63,13,
-14,40,
1,-28,
-10,-63,
42,-33,
-78,-10,
-130,59,
-73,48,
-51,69,
-15,103,
29,4,
67,-36,
58,-9,
-37,19,
-56,43,
96,0,
92,2,
41,47,
-18,84,
-31,64,
-44,106,
-41,33,
-27,9,
-35,-30,
-34,1,
7,69,
-25,40,
7,-28,
-4,59,
-52,6,
12,-1,
55,-14,
28,11,
3,2,
14,61,
16,-10,
-14,-31,
44,6,
-28,3,
-58,53,
-4,20,
-46,-17,
-11,40,
-69,9,
-97,73,
-77,64,
2,17,
8,23,
0,14,
-35,-28,
19,38,
8,39,
101,-6,
37,12,
10,27,
40,43,
74,95,
56,17,
-39,58,
-1,9,
48,-45,
-13,-41,
23,-28,
-22,62,
-36,35,
-39,37,
-13,6,
-20,51,
64,31,
34,-15,
-21,-42,
-63,-29,
-71,34,
-19,46,
33,-15,
-21,44,
-21,5,
-18,-59,
3,-19,
-23,-9,
12,-5,
-112,14,
-59,-52,
-1,-17,
4,37,
82,96,
36,8,
38,-75,
-25,-44,
-46,-6,
-19,13,
-34,27,
-3,5,
-57,-34,
-30,-24,
38,19,
-17,65,
-70,6,
-44,20,
-36,60,
23,40,
55,37,
-81,59,
-110,18,
0,0,
13,-42,
47,-41,
-64,1,
-15,17,
50,-72,
-48,3,
-32,75,
-5,21,
6,19,
2,-26,
-17,0,
24,13,
32,54,
-17,-6,
-64,-30,
-46,12,
-58,67,
-41,10,
-2,9,
-34,10,
-49,7,
22,-12,
94,82,
22,62,
-87,30,
-79,37,
-56,68,
28,60,
33,8,
-30,91,
-15,-8,
-69,29,
-41,58,
-40,75,
63,61,
67,32,
8,46,
43,53,
20,14,
-27,10,
-40,-60,
-42,-18,
-69,19,
-43,70,
-84,135,
41,152,
-19,67,
-100,5,
-100,17,
-17,-101,
19,1,
62,36,
35,-24,
-22,5,
61,55,
45,49,
3,59,
32,49,
2,-14,
-11,40,
-14,4,
-10,-92,
32,-15,
-24,18,
18,66,
15,84,
-3,118,
-64,84,
-40,-4,
-21,65,
-32,55,
45,36,
12,43,
334,116,
1629,798,
3817,1988,
5231,2734,
3913,1916,
934,257,
-979,-182,
-1637,28,
-2267,306,
-2948,-339,
-2360,-1541,
-504,-2371,
794,-1669,
381,-142,
-484,605,
-582,134,
-416,-620,
-634,-1062,
-824,-1176,
-449,-621,
16,-108,
70,53,
-195,-24,
-274,-201,
-136,-155,
130,-20,
79,167,
-17,244,
-64,176,
-81,173,
2,93,
205,170,
223,189,
74,125,
4,98,
-44,-12,
25,8,
145,59,
150,-16,
43,-63,
-58,-205,
-33,-170,
-145,-124,
-131,-38,
-89,-93,
33,-32,
123,-44,
186,19,
115,63,
48,78,
90,83,
45,93,
46,125,
80,-12,
176,-23,
247,-127,
192,-208,
-41,-368,
-60,-300,
-85,-214,
90,-101,
61,-55,
-60,43,
-147,51,
-192,24,
-194,26,
-122,35,
-111,21,
-70,32,
-47,98,
-96,77,
-68,107,
-4,50,
121,42,
212,138,
215,106,
227,-21,
172,-23,
8,65,
-202,167,
-231,82,
-143,-4,
-98,-92,
-133,-27,
-120,39,
-81,-4,
-14,-86,
-22,-29,
0,42,
-76,25,
-117,21,
-8,24,
18,-7,
88,46,
89,107,
22,69,
41,58,
55,92,
39,92,
-11,51,
-32,25,
-90,-32,
-30,27,
-59,-38,
-51,-29,
-67,-120,
-74,-82,
-44,76,
-37,81,
-15,71,
66,66,
-24,83,
-95,73,
-86,62,
-104,53,
-56,81,
4,23,
38,-4,
32,57,
-3,103,
43,130,
85,79,
66,60,
-32,13,
55,22,
81,-16,
58,3,
-17,42,
-8,6,
23,0,
44,28,
62,117,
-2,79,
-13,13,
66,37,
63,107,
81,55,
-7,46,
58,-5,
-9,-49,
27,-60,
-59,-10,
-85,4,
-52,-37,
53,-8,
62,36,
34,13,
41,10,
39,21,
19,-27,
12,-22,
-49,62,
-60,144,
-18,15,
12,34,
-4,-5,
-9,82,
00>
_________________________________
00>
_________________________________
Sequence Number: 84
00>
00>
Printing STS0 CIR
00>
00>
_________________________________
00>
103,-32,
57,28,
58,8,
25,-67,
-4,-34,
7,-72,
-10,51,
-28,9,
51,6,
36,-69,
40,-1,
83,26,
-13,-3,
-25,21,
-20,-40,
11,-44,
1,-9,
11,-39,
22,-24,
33,-28,
20,-3,
10,23,
20,41,
47,-14,
37,38,
-12,-11,
4,36,
0,-5,
11,-13,
-50,-6,
-11,79,
46,-1,
-14,-31,
-7,-41,
20,-5,
-17,19,
-22,-4,
-10,7,
35,-26,
0,26,
43,8,
49,6,
22,51,
-58,-33,
-27,-11,
36,8,
14,38,
40,75,
-33,32,
-6,4,
22,11,
46,1,
-2,-61,
-10,-23,
39,5,
49,4,
-5,-17,
-13,62,
26,-20,
7,15,
-45,-26,
-18,-66,
-26,2,
37,55,
1,48,
6,-26,
3,-12,
-10,28,
-64,39,
20,43,
8,8,
45,36,
0,8,
-22,36,
-17,17,
11,23,
40,25,
24,-55,
-17,-63,
-12,4,
10,41,
33,-65,
22,-33,
72,-29,
-12,64,
-14,38,
-29,30,
97,-4,
-10,-28,
-23,-54,
30,32,
48,15,
58,21,
4,30,
-43,-7,
-57,-58,
-41,-7,
-33,-83,
-17,-26,
53,8,
47,-3,
47,6,
35,66,
-6,39,
-19,13,
34,-9,
52,-43,
61,2,
16,-18,
11,40,
3,3,
-29,-20,
33,-5,
11,-8,
23,29,
10,-44,
3,-2,
19,-23,
-22,-21,
82,21,
19,-18,
0,0,
56,16,
-2,-4,
12,11,
33,18,
101,-47,
65,-6,
30,-39,
52,-17,
26,27,
32,54,
-21,54,
-22,30,
-19,36,
5,-5,
10,-7,
24,21,
68,24,
56,20,
120,43,
45,-141,
4,-88,
-50,-25,
1,-16,
16,21,
8,1,
17,-20,
64,-2,
2,48,
-18,63,
45,-3,
37,-4,
77,49,
53,3,
79,21,
77,22,
-8,57,
52,48,
-4,24,
1,-74,
-14,-44,
16,-2,
44,76,
35,3,
-4,11,
-11,45,
39,42,
21,-19,
66,21,
-10,-15,
55,25,
46,17,
51,-2,
26,18,
26,-55,
-7,-21,
-2,1,
-1,-18,
-8,-68,
23,-25,
-11,-48,
1,-23,
2,-2,
19,-30,
18,4,
24,-11,
-19,-6,
-39,-8,
-33,-24,
-45,6,
23,-8,
-8,-3,
44,3,
48,14,
-7,-9,
-35,16,
9,37,
23,-53,
-14,-55,
16,36,
90,-18,
21,44,
87,39,
35,15,
16,68,
35,92,
37,60,
17,34,
-7,44,
12,19,
41,-44,
-39,-78,
5,-74,
-7,-16,
13,6,
54,14,
-11,-22,
-108,50,
-41,3,
-27,-5,
-45,47,
46,29,
63,47,
48,-14,
3,-29,
3,-47,
22,52,
26,35,
-35,33,
28,-57,
-34,-28,
-37,37,
-6,7,
2,28,
9,16,
-17,20,
24,3,
0,-12,
63,-52,
23,49,
41,29,
26,27,
11,29,
-50,-19,
6,-167,
34,-181,
18,-80,
68,54,
-12,92,
-115,-22,
-136,-18,
-144,-51,
-134,-47,
19,57,
0,25,
-39,27,
-52,62,
11,41,
4,56,
-57,24,
-26,73,
-34,-2,
-1,-14,
78,6,
55,-16,
62,67,
22,32,
17,17,
33,70,
28,-113,
-46,-45,
-35,-4,
35,24,
-9,31,
-16,-1,
16,46,
1,58,
11,48,
34,102,
16,33,
67,26,
66,68,
96,23,
52,7,
29,25,
3,-66,
35,-71,
56,-40,
22,2,
11,35,
47,-5,
9,-4,
-35,45,
19,-19,
14,-62,
-9,-92,
-24,-1,
11,-31,
50,25,
7,11,
-11,53,
14,36,
1,-22,
8,-17,
26,26,
12,8,
34,-10,
48,-34,
1,-29,
-2,-37,
-13,-1,
23,70,
3,24,
10,9,
-60,-13,
-40,-3,
-15,7,
23,54,
88,26,
-13,-13,
-10,-7,
19,44,
7,1,
58,-57,
21,-103,
48,-91,
-3,45,
37,72,
6,55,
-44,17,
-64,-1,
-66,-23,
-27,5,
-13,54,
5,61,
-3,43,
-18,30,
-6,19,
66,44,
77,51,
-16,31,
0,32,
8,-31,
-34,22,
67,29,
-11,10,
10,9,
38,4,
21,-14,
41,-4,
-10,-45,
-18,-9,
-23,46,
-114,96,
-1346,209,
-4894,-107,
-7400,-1122,
-7059,-2224,
-2223,-1622,
1462,-207,
2020,2184,
57,6800,
-1135,7713,
-1784,7557,
-817,3904,
1363,-2240,
2127,-3617,
678,-895,
-30,296,
318,265,
1333,43,
1957,172,
422,-223,
199,-561,
-272,-756,
-88,-581,
19,-548,
243,-518,
315,29,
453,77,
286,-133,
-269,166,
-525,80,
-266,-42,
-22,-55,
199,-55,
236,-62,
62,26,
-40,3,
96,-51,
342,-145,
365,-200,
396,-250,
236,-209,
233,34,
303,47,
240,-89,
150,-49,
52,77,
12,50,
32,55,
15,38,
37,62,
84,53,
78,21,
80,104,
325,156,
159,254,
238,377,
203,258,
232,82,
251,103,
265,-98,
251,-147,
238,-63,
199,-22,
53,-16,
8,-22,
36,-71,
81,-121,
98,-213,
106,-346,
7,-268,
-193,-133,
-311,-71,
-114,-10,
66,33,
145,20,
48,186,
-20,263,
-9,218,
37,-169,
62,-330,
21,-292,
52,-120,
189,-3,
87,-71,
80,-107,
141,29,
96,12,
232,-3,
61,-17,
-3,4,
-67,-4,
-35,132,
48,8,
64,-54,
112,-8,
45,68,
17,17,
-16,37,
-72,57,
15,1,
-17,5,
113,38,
129,-3,
143,-28,
124,3,
140,72,
63,39,
65,63,
56,20,
137,-53,
69,-9,
35,10,
17,-12,
47,-72,
23,-93,
32,-38,
13,-3,
19,-66,
54,-21,
-3,-7,
-16,-19,
-130,-27,
-84,-23,
46,-207,
110,-110,
44,-41,
-36,2,
-52,-39,
-53,-15,
-17,-48,
-37,-2,
-6,20,
15,-40,
61,1,
38,-2,
11,-57,
61,-57,
93,25,
-21,-19,
46,-22,
27,-15,
37,-32,
5,-19,
27,-22,
52,-22,
129,-12,
115,-23,
45,60,
68,19,
143,62,
6,-41,
-32,-68,
35,-44,
74,26,
93,16,
70,-2,
58,-30,
48,-64,
00>
_________________________________
00>
00>
Printing STS1 CIR
00>
00>
_________________________________
00>
-32,11,
-24,0,
38,29,
51,7,
13,-16,
-96,-35,
-112,-19,
23,49,
-12,7,
49,5,
57,42,
-33,5,
17,4,
-18,32,
39,39,
17,-73,
37,-18,
-11,-35,
-2,-26,
-3,35,
-17,-48,
18,71,
-2,66,
48,10,
-34,10,
-15,18,
-20,12,
-22,81,
-70,35,
-37,-75,
39,9,
43,-15,
26,-9,
7,2,
-65,-14,
-16,14,
4,28,
35,-50,
-17,-52,
24,-73,
11,-22,
-6,21,
44,-3,
-27,43,
-11,81,
38,73,
23,-22,
89,-31,
9,24,
57,2,
18,66,
77,-10,
81,-49,
77,-6,
31,39,
5,4,
-12,57,
24,-7,
102,-3,
119,-17,
92,-60,
112,-83,
27,-63,
-23,-67,
14,36,
50,-46,
-29,-47,
-4,57,
-20,66,
-46,52,
-78,2,
10,-23,
-2,-41,
79,-9,
48,69,
-26,11,
-61,66,
-117,89,
3,107,
24,39,
-5,-13,
-9,12,
-6,68,
36,8,
89,-6,
15,16,
-24,4,
43,-25,
80,-37,
16,-9,
-56,17,
18,39,
65,27,
52,42,
-43,46,
32,35,
-30,3,
54,-24,
58,-17,
46,-1,
52,-51,
9,64,
-7,15,
5,-74,
56,-55,
35,-14,
-7,56,
-9,25,
-39,33,
-27,61,
38,-25,
44,3,
25,-45,
37,-35,
37,-35,
83,21,
1,2,
61,52,
48,0,
31,-26,
28,-33,
-3,-23,
70,42,
-10,57,
-29,90,
-44,14,
-15,112,
68,4,
45,-14,
47,-64,
79,-30,
30,5,
0,0,
-39,30,
-27,36,
-22,-56,
31,5,
40,-7,
-6,-59,
-36,16,
-30,-25,
-29,-34,
54,26,
39,-45,
36,-45,
13,-19,
-21,50,
-22,53,
63,30,
-27,-10,
-3,-22,
32,13,
76,-28,
33,5,
18,3,
-42,5,
2,-7,
11,45,
53,45,
-38,11,
20,20,
12,-40,
38,-19,
32,-33,
44,-61,
-28,-43,
-48,-1,
29,-16,
65,-31,
21,31,
-34,-49,
43,-49,
-25,-43,
-21,-43,
40,-41,
8,-2,
25,1,
-22,-75,
18,-72,
1,-59,
66,-61,
23,-68,
93,-59,
52,20,
-20,-20,
-33,-35,
87,30,
168,-5,
120,6,
100,-56,
29,-64,
69,23,
10,26,
8,20,
-8,44,
32,44,
78,-84,
13,-109,
51,-48,
35,48,
20,-30,
25,0,
111,28,
86,55,
67,4,
63,-48,
57,-59,
-5,34,
-11,69,
19,18,
86,16,
7,25,
34,22,
27,38,
54,-33,
10,-57,
17,0,
-7,22,
-25,22,
24,-28,
11,-27,
11,-43,
10,-20,
22,-14,
-2,7,
-37,20,
51,-36,
61,1,
70,19,
68,-16,
30,-39,
-13,-8,
-6,9,
23,24,
1,45,
-4,-26,
93,-42,
62,23,
38,1,
26,-36,
81,-26,
100,-7,
38,-4,
-40,-13,
-53,-65,
43,10,
5,46,
27,63,
17,-3,
-8,-58,
-46,-54,
-21,13,
58,-6,
57,-9,
30,-9,
-21,78,
29,35,
20,30,
-8,58,
83,73,
41,-25,
44,-40,
62,-4,
-18,-20,
-7,22,
58,24,
23,-50,
56,-75,
98,-44,
79,-12,
70,-43,
78,1,
-32,48,
7,25,
36,9,
57,-59,
-32,-67,
-39,-46,
15,-23,
-26,-9,
48,-3,
13,12,
-20,-5,
31,-15,
35,-26,
66,-47,
-28,27,
27,-12,
-6,30,
-8,25,
3,25,
6,-3,
34,-15,
90,-75,
71,7,
-21,-28,
-23,48,
-43,44,
15,-19,
146,-11,
86,-7,
40,-6,
99,35,
135,7,
65,29,
-21,22,
-83,2,
-25,-69,
-71,3,
3,-10,
52,-17,
47,16,
-7,-60,
2,-21,
36,49,
30,-28,
30,-16,
7,-13,
-58,-8,
-1,25,
35,0,
53,0,
38,47,
-16,54,
-21,23,
42,-34,
45,-31,
74,-20,
15,26,
32,-22,
16,-39,
-20,15,
-39,54,
-51,39,
-31,7,
-3,-47,
-6,43,
1,5,
3,26,
-6,-7,
71,-8,
84,-35,
14,18,
-92,77,
-47,12,
-1,22,
37,13,
15,101,
-1,66,
25,102,
12,58,
-21,38,
-34,2,
17,-6,
-142,-64,
-978,-591,
-3022,-2705,
-4520,-5038,
-3667,-5377,
-321,-1913,
1052,301,
495,265,
-1181,-2129,
-2972,-5726,
-3230,-6921,
-3414,-6177,
-3268,-4213,
-1634,-1568,
-165,-130,
580,433,
619,808,
434,1329,
591,1959,
66,1217,
225,500,
218,-90,
248,44,
291,438,
261,852,
-338,629,
-550,212,
-592,239,
-365,300,
-6,359,
236,281,
329,597,
207,933,
85,883,
47,498,
143,140,
273,69,
300,175,
154,230,
-5,209,
-144,246,
-158,159,
-19,119,
158,69,
306,205,
308,198,
124,263,
67,243,
63,196,
171,19,
216,-155,
177,-66,
74,91,
118,274,
119,205,
109,203,
231,316,
203,209,
217,0,
257,-81,
267,91,
148,167,
130,215,
133,319,
136,291,
117,264,
196,277,
209,133,
266,77,
218,-8,
73,-42,
-67,-48,
-174,-70,
-118,-151,
76,-97,
57,56,
-81,177,
-59,94,
55,-8,
227,-25,
258,20,
143,168,
111,318,
37,211,
95,-40,
160,-80,
95,15,
108,95,
152,167,
66,131,
-8,102,
-57,181,
28,175,
56,66,
42,1,
67,119,
27,94,
77,164,
122,137,
81,126,
135,117,
75,120,
-21,69,
20,54,
61,52,
123,33,
137,-10,
114,57,
207,186,
122,208,
6,51,
26,33,
50,30,
79,43,
138,77,
148,108,
155,109,
169,78,
62,58,
22,9,
55,70,
60,55,
113,49,
89,-3,
98,57,
79,155,
-10,23,
4,42,
-38,58,
39,83,
99,14,
76,-61,
92,72,
121,162,
79,131,
45,54,
114,133,
135,125,
92,39,
79,42,
54,101,
47,5,
-2,51,
44,127,
39,93,
1,40,
-13,30,
36,33,
99,67,
106,117,
50,32,
32,20,
65,-33,
114,16,
35,79,
66,106,
75,68,
76,66,
00>
_________________________________
00>
RX Timestamp: 574723710213
00>
Clock Offset: -223.160 Hz, 0.028 ppm
00>
RX Timestamp: 575799228143
00>
Clock Offset: 1986.122 Hz, -0.249 ppm
00>
_________________________________
Sequence Number: 217
00>
00>
Printing STS0 CIR
00>
00>
_________________________________
00>
20,-43,
30,-41,
14,37,
-36,21,
-33,-15,
-27,51,
-28,70,
0,34,
-76,-69,
-7,0,
-40,-16,
-19,11,
-13,-43,
-14,-43,
-46,-12,
9,31,
-51,-11,
16,-13,
39,-60,
50,-72,
65,-67,
80,-29,
39,-31,
34,5,
-49,5,
10,-13,
2,-49,
-40,0,
25,-45,
108,-99,
14,-4,
-33,89,
-44,49,
-39,1,
-20,-12,
-35,24,
-69,55,
24,37,
25,41,
-12,87,
5,25,
46,6,
44,65,
69,85,
27,21,
-61,-2,
-69,30,
-42,-31,
-39,-17,
-6,23,
-18,-4,
-5,8,
1,5,
53,-33,
22,-70,
-29,29,
-22,-38,
-34,-22,
7,-48,
-29,20,
-38,-16,
-9,-15,
18,-40,
64,14,
-3,-22,
-41,104,
-34,50,
38,30,
77,61,
35,-5,
35,-72,
54,-66,
-28,-28,
2,-3,
3,-23,
37,21,
38,20,
11,-67,
27,-29,
-29,20,
4,-19,
22,-11,
-19,43,
-40,39,
-58,27,
-38,31,
38,68,
27,-35,
-48,-22,
-26,-22,
-16,57,
60,54,
-3,51,
-59,35,
-27,14,
-31,-9,
-14,16,
21,44,
-6,-32,
30,62,
23,-37,
9,-8,
2,-28,
63,-94,
1,-42,
5,-43,
-1,-5,
38,-14,
68,12,
15,28,
-37,-12,
-41,-32,
-52,17,
-60,1,
31,67,
49,-23,
66,-49,
34,0,
-7,-7,
-12,23,
52,-27,
53,52,
-5,73,
-49,18,
-29,-5,
5,-5,
45,47,
36,32,
30,5,
50,9,
-28,-32,
-29,-62,
-54,-85,
-20,-74,
23,-11,
40,4,
-56,-59,
-45,4,
4,42,
44,44,
48,-14,
-56,-38,
-6,-4,
-2,76,
8,57,
7,37,
-36,-12,
15,26,
9,-27,
-3,41,
-4,-33,
-33,-54,
22,-1,
-6,12,
47,78,
23,15,
-15,-31,
36,9,
22,22,
-3,-6,
-48,-24,
19,8,
13,-12,
73,50,
8,19,
-3,-36,
30,-9,
28,50,
22,14,
15,-18,
80,25,
63,91,
-27,59,
-26,-36,
-7,-63,
-8,17,
-5,13,
21,15,
-7,-5,
-37,-7,
115,-28,
44,-40,
88,3,
22,-29,
45,-27,
19,-72,
-39,-86,
-40,-29,
18,-23,
28,45,
54,-50,
12,-54,
-33,23,
31,29,
51,-34,
5,8,
0,-12,
-3,65,
-36,66,
-70,-3,
-32,-52,
-40,-58,
-34,31,
50,26,
-31,-1,
46,8,
39,-19,
17,-15,
-16,15,
-78,57,
-14,54,
15,67,
-49,44,
-64,94,
40,41,
22,-40,
-23,-57,
-24,-41,
44,26,
-4,59,
-56,90,
-70,71,
-23,79,
29,11,
-36,26,
54,13,
58,3,
60,9,
-26,56,
-21,3,
-30,-36,
5,30,
-6,38,
-3,91,
-27,48,
-21,-22,
42,-20,
61,-44,
-2,37,
-44,13,
4,34,
31,53,
-31,13,
13,-33,
12,4,
4,27,
-28,91,
12,49,
30,6,
20,-57,
15,-28,
-51,0,
-43,19,
62,11,
70,-9,
-16,12,
-23,24,
10,44,
-22,15,
-15,65,
-3,-35,
-1,-40,
-15,-10,
-23,-26,
59,49,
45,33,
6,32,
0,12,
4,-23,
29,-4,
48,47,
42,29,
35,27,
23,13,
9,33,
-23,22,
-14,49,
-31,25,
-71,32,
31,-9,
22,-4,
0,-17,
21,-44,
6,21,
-21,40,
17,12,
-33,23,
41,-18,
56,19,
-16,82,
35,82,
0,-4,
17,-66,
86,-71,
109,-47,
38,-15,
-52,50,
-24,20,
16,-18,
14,54,
58,74,
56,40,
45,-40,
14,-23,
-11,-15,
-11,-12,
12,-23,
-16,-49,
12,-8,
46,25,
30,-26,
21,8,
-19,13,
63,-15,
-98,35,
-33,-5,
14,43,
-37,79,
16,-9,
41,-25,
-42,9,
-41,-59,
-77,56,
8,18,
23,17,
57,-26,
-50,-52,
-29,29,
-42,-52,
35,17,
7,-28,
10,1,
58,-10,
5,50,
-7,16,
-1,-57,
3,-10,
-35,-2,
29,51,
-16,15,
26,25,
7,-3,
43,-32,
-3,9,
9,34,
-25,20,
-25,34,
-3,37,
100,35,
66,18,
-43,-20,
-42,-40,
4,-28,
42,-16,
-361,-101,
-2087,-1181,
-5303,-3160,
-6361,-3927,
-5146,-2716,
-469,227,
1556,1033,
536,-689,
-1468,-4573,
-2505,-7472,
-2387,-7889,
-2144,-6960,
-1569,-3898,
-383,-1003,
395,408,
689,893,
516,1153,
743,1807,
685,1620,
398,344,
1049,-302,
595,-441,
738,3,
717,276,
1100,843,
576,691,
177,591,
10,695,
89,544,
194,258,
184,301,
59,390,
-57,318,
-126,141,
-108,62,
-49,130,
188,141,
300,-21,
257,-75,
-41,-176,
-421,-210,
-417,40,
-218,176,
-73,465,
124,585,
19,303,
31,67,
171,-176,
257,-322,
291,-271,
161,-187,
136,-176,
26,-51,
-49,59,
-67,81,
-235,131,
-325,178,
-242,277,
-230,181,
-155,49,
-80,110,
83,187,
179,233,
115,305,
114,169,
173,136,
176,62,
126,-2,
181,73,
80,116,
10,132,
-20,163,
66,149,
72,197,
-65,250,
-265,299,
-449,325,
-124,109,
135,50,
362,-3,
292,43,
229,86,
181,146,
68,183,
195,357,
101,253,
173,91,
229,-84,
338,24,
132,104,
2,56,
-46,62,
-11,29,
49,140,
126,144,
138,64,
118,-17,
186,-30,
127,5,
-4,120,
39,255,
32,203,
115,242,
73,150,
59,72,
9,7,
-27,-68,
51,-21,
119,-86,
117,-74,
105,-20,
33,135,
-58,152,
2,181,
74,118,
31,83,
56,132,
86,63,
149,52,
7,29,
83,-3,
35,9,
14,38,
-11,75,
52,149,
30,133,
102,93,
53,102,
67,136,
106,147,
51,99,
19,98,
83,37,
73,144,
9,197,
-52,78,
-11,69,
-4,79,
64,58,
50,134,
72,153,
20,61,
81,94,
70,99,
75,91,
72,157,
67,110,
-6,42,
123,69,
44,54,
11,123,
-8,129,
36,106,
-17,78,
21,75,
89,83,
142,98,
85,91,
00>
_________________________________
00>
00>
Printing STS1 CIR
00>
00>
_________________________________
00>
-26,-15,
21,7,
54,-31,
42,50,
57,-2,
18,49,
31,47,
16,78,
-20,61,
-25,-23,
-5,-37,
-69,-47,
-59,-56,
6,-108,
78,-63,
-19,-7,
-29,-4,
3,17,
20,31,
90,56,
18,-61,
73,-18,
48,20,
88,52,
25,32,
19,-70,
20,33,
-34,59,
-45,79,
9,20,
101,-53,
71,0,
-30,34,
2,-23,
-25,-20,
-40,0,
6,-6,
63,-39,
100,-33,
112,-48,
41,11,
-7,5,
-135,36,
-33,65,
-52,20,
7,37,
-23,18,
-22,38,
-20,71,
-30,25,
30,-19,
-60,-24,
42,-40,
-7,-46,
12,-36,
-16,-42,
-9,-33,
26,2,
4,16,
-14,63,
52,29,
59,-23,
19,23,
-21,38,
0,44,
18,11,
45,-12,
-18,-26,
28,-1,
16,24,
89,52,
15,74,
29,39,
39,94,
22,94,
41,51,
-46,7,
-14,62,
-53,29,
49,23,
83,-25,
-9,-9,
-86,-24,
4,-31,
64,-31,
24,-20,
18,-26,
19,-67,
-58,-6,
-45,11,
-31,-89,
-22,-14,
64,-28,
43,-54,
20,-29,
32,4,
37,-18,
17,-39,
8,-24,
47,-4,
83,-102,
46,-43,
80,-27,
-9,-11,
-41,-8,
-18,-43,
-50,-3,
13,20,
-23,11,
-35,-25,
-13,-57,
8,-9,
73,6,
103,-14,
33,0,
-32,58,
-72,-16,
-48,20,
-64,37,
-7,24,
-10,-29,
8,-38,
27,-41,
-2,37,
49,61,
-11,30,
-15,1,
-15,15,
29,17,
46,-38,
-18,16,
-59,48,
-2,37,
36,-42,
21,-44,
-19,24,
-65,44,
-40,66,
56,54,
45,89,
-14,-32,
-22,-55,
8,-39,
-15,-2,
11,-29,
22,6,
-25,79,
-56,24,
9,-47,
37,18,
59,28,
-25,9,
23,-30,
31,-15,
-72,61,
-28,107,
-7,31,
0,-49,
11,22,
-101,-5,
-31,25,
-16,-20,
11,34,
-45,8,
-36,-70,
-27,20,
-26,40,
37,9,
37,-30,
-3,1,
48,7,
12,-63,
42,29,
65,4,
-7,50,
-4,56,
-4,16,
-2,-4,
18,-14,
94,-27,
80,-54,
64,-59,
55,-25,
-60,-31,
5,-80,
37,-7,
44,42,
-8,35,
-41,-28,
7,-35,
-11,0,
0,40,
-9,32,
26,-18,
7,6,
-41,5,
-65,27,
-69,68,
-99,103,
-73,-1,
5,-18,
-14,-12,
-13,-43,
-26,-53,
-3,-103,
9,-47,
42,-21,
-14,28,
-13,-30,
20,37,
-15,82,
22,52,
36,-16,
7,-19,
7,31,
6,-15,
16,25,
-78,30,
-30,-19,
66,-57,
96,6,
-11,10,
-19,8,
-31,87,
64,-14,
7,-13,
-41,25,
-34,18,
9,-23,
-1,24,
4,-13,
16,-47,
12,-38,
39,-66,
31,32,
-12,120,
15,19,
-18,-3,
57,21,
-16,71,
38,10,
16,-5,
-45,5,
-29,-7,
-11,11,
26,-52,
34,-45,
-34,-14,
-41,-16,
3,29,
-2,88,
17,61,
-54,-30,
-7,-92,
-8,-90,
30,-7,
-7,-28,
20,-63,
31,16,
20,68,
23,88,
35,-5,
30,5,
50,9,
18,-45,
-56,58,
-54,55,
19,46,
58,16,
32,-60,
8,-62,
25,-6,
0,-42,
-4,-35,
48,-16,
84,-8,
21,17,
-1,-14,
-6,19,
15,79,
33,26,
-31,16,
-50,38,
-19,19,
11,-7,
9,-2,
-13,-38,
-5,14,
31,6,
18,-65,
49,-61,
48,-14,
-27,-32,
0,-4,
5,12,
-7,-29,
18,-26,
32,17,
-19,-27,
-12,5,
-14,19,
-29,-30,
46,-36,
37,-24,
-44,0,
1,33,
24,51,
-9,39,
-48,-22,
-20,22,
-24,17,
-43,-20,
-6,-22,
-6,-18,
57,-27,
81,-75,
30,-92,
1,-12,
48,-7,
58,-16,
24,32,
27,2,
9,-1,
17,83,
1,69,
-18,78,
16,10,
72,6,
-16,-22,
-10,-27,
-9,19,
2,1,
-5,-65,
-33,-6,
-16,49,
10,50,
-49,15,
-26,19,
-1,17,
94,7,
51,-17,
139,-111,
97,-50,
26,33,
-36,52,
-54,-12,
-59,-12,
-20,33,
-51,98,
-38,28,
19,-11,
-14,-29,
-12,3,
-56,-4,
-215,-327,
-698,-1917,
-2118,-5394,
-2750,-7239,
-3110,-6385,
-1480,-1703,
137,752,
1400,1164,
2529,1517,
3285,3194,
2031,4718,
-901,4105,
-2103,1719,
-648,-273,
648,-392,
630,428,
-94,1165,
-350,1906,
-195,1983,
-289,772,
13,231,
70,-231,
71,97,
3,501,
-244,207,
-268,-243,
-158,-423,
-14,-217,
73,-20,
170,-35,
64,-90,
-158,-282,
-126,-404,
60,-346,
114,-1,
-21,49,
-63,-36,
-126,-277,
-73,-144,
-88,34,
-109,255,
-160,389,
-97,339,
57,305,
90,257,
-31,148,
-46,-42,
-113,-88,
-37,-52,
-8,45,
-15,-83,
79,-172,
19,-158,
-24,-73,
-124,47,
-303,58,
-526,172,
-511,313,
-258,438,
-95,301,
-75,124,
-57,50,
5,66,
127,59,
145,152,
172,206,
88,168,
116,-13,
225,-1,
126,62,
49,37,
-2,128,
27,21,
-71,-166,
-218,-245,
-346,-252,
-296,-143,
-159,-159,
6,-42,
205,78,
242,131,
258,144,
101,188,
163,47,
204,118,
140,56,
36,42,
64,15,
75,92,
68,140,
58,92,
36,38,
123,-47,
66,-57,
40,-86,
29,-129,
10,-147,
1,-151,
-79,-139,
-30,21,
-44,79,
-23,101,
5,87,
-25,121,
-39,38,
-19,99,
30,83,
43,28,
125,-49,
44,-39,
7,-46,
13,-78,
44,-70,
78,14,
81,-22,
38,-26,
28,-21,
14,-22,
24,-11,
-41,-38,
-18,-58,
61,24,
46,-19,
92,-4,
-27,40,
5,14,
63,-48,
6,-69,
-1,-3,
-83,28,
-29,4,
61,-78,
20,-1,
34,34,
-21,41,
-3,-33,
-37,-20,
-11,-9,
9,25,
-3,66,
-7,21,
14,37,
36,51,
64,-8,
-5,-34,
-15,-35,
-5,-53,
0,-13,
-17,44,
-29,24,
-52,-7,
-17,-88,
89,33,
87,38,
52,-40,
25,15,
22,-48,
-1,18,
00>
_________________________________
00>
_________________________________
Sequence Number: 220
00>
00>
Printing STS0 CIR
00>
00>
_________________________________
00>
15,-30,
79,-32,
56,-10,
60,23,
22,17,
29,37,
-34,-78,
-7,-24,
11,44,
53,16,
-5,23,
-68,-19,
-3,-22,
62,-47,
15,-29,
7,57,
-40,12,
-17,16,
6,9,
-3,-11,
3,14,
-22,-14,
-27,-28,
5,-45,
6,-12,
21,-62,
17,-11,
38,-4,
62,-57,
6,-59,
-38,28,
-49,-19,
29,-3,
-6,10,
50,-29,
50,34,
-25,-26,
42,-34,
-15,-131,
-25,-42,
-14,10,
-46,11,
-72,-51,
-98,-44,
-69,-45,
1,37,
78,10,
-3,96,
-58,24,
-24,-9,
-13,27,
-32,-33,
-12,-35,
-2,49,
-5,51,
-49,13,
-35,-53,
55,-20,
41,13,
17,2,
-13,21,
-2,-62,
18,-79,
-54,-7,
-10,36,
-12,-2,
44,26,
39,-11,
-51,-41,
-24,-24,
-2,-45,
8,21,
-76,10,
-68,60,
-23,-1,
-55,-9,
-32,43,
-20,14,
28,-19,
61,-64,
-13,21,
-9,30,
23,12,
-6,-30,
-23,14,
-56,47,
2,24,
51,21,
27,2,
-33,7,
29,1,
41,39,
-50,49,
-18,3,
11,-11,
-54,31,
-4,-34,
-2,-16,
-8,10,
18,-4,
26,4,
-42,-1,
6,-11,
-10,26,
-11,-16,
-75,-56,
-69,-7,
-82,-19,
-35,-30,
14,-11,
10,-17,
22,26,
-4,17,
10,8,
-8,23,
-8,21,
13,1,
-27,44,
7,32,
19,20,
14,-16,
-27,-24,
6,7,
38,12,
21,50,
45,-53,
33,26,
14,-52,
-77,-24,
-19,38,
12,-25,
-5,43,
3,44,
-34,82,
-33,-18,
-16,5,
-24,-57,
29,102,
86,35,
96,4,
21,-4,
0,22,
-52,77,
-40,79,
-5,-53,
-5,-27,
-29,-37,
-55,-45,
-34,-94,
0,-96,
-4,-49,
41,-34,
72,64,
-84,35,
8,20,
11,-8,
45,10,
-4,-22,
33,-27,
57,-93,
18,-31,
10,-29,
12,45,
30,100,
-34,99,
20,57,
4,-54,
13,-71,
-31,4,
35,6,
86,57,
24,24,
-17,33,
-38,10,
-56,-15,
-27,0,
36,-56,
28,18,
-20,7,
-33,25,
-9,69,
-51,35,
-35,25,
-68,47,
-9,-23,
87,-72,
65,55,
21,37,
0,-5,
-6,8,
37,64,
-34,68,
-35,9,
19,33,
-36,-38,
-26,-52,
18,-40,
10,28,
-7,-14,
7,-15,
-39,32,
-79,46,
-110,-35,
-72,1,
-9,-9,
11,-13,
22,43,
-8,22,
3,14,
1,32,
13,49,
36,75,
44,-13,
37,-47,
-7,-35,
-11,15,
15,32,
49,-37,
8,-8,
-37,-43,
-45,-68,
-8,-48,
18,13,
-22,-6,
-27,-33,
-26,15,
13,-14,
45,-23,
-17,25,
-1,89,
14,11,
-3,20,
-70,-39,
38,-87,
58,-32,
70,-43,
27,-55,
-46,21,
-36,-31,
23,7,
30,-15,
13,11,
-60,6,
7,23,
39,41,
-9,54,
32,25,
11,-8,
-61,-31,
-39,10,
-50,-8,
27,29,
42,-35,
-16,-10,
6,-90,
-35,-33,
-4,51,
-7,18,
9,-68,
30,28,
-40,131,
-58,143,
-69,85,
-32,27,
115,-83,
71,16,
86,28,
69,29,
64,-51,
7,-17,
-2,-57,
15,-63,
-16,-22,
-9,11,
-17,-25,
45,-87,
-25,-35,
29,-90,
21,-71,
-7,-49,
-65,12,
-58,-54,
-41,41,
-22,29,
-3,-2,
18,-18,
7,5,
50,-24,
28,18,
30,-15,
26,-32,
65,22,
5,87,
-12,10,
-27,-9,
20,4,
75,44,
40,-63,
86,32,
84,41,
48,19,
51,-49,
23,-30,
-3,41,
-6,12,
15,23,
28,-27,
40,-63,
46,-28,
-25,15,
-56,5,
-39,-17,
-31,-89,
-48,14,
-17,21,
7,8,
-38,-67,
15,-34,
5,-24,
57,-4,
7,-17,
5,44,
-21,6,
50,9,
39,-8,
47,-50,
31,-3,
0,14,
45,-10,
-58,73,
-46,5,
-117,-25,
-95,-50,
-14,-16,
20,-29,
-28,5,
-46,-45,
7,-54,
32,-24,
11,4,
-34,54,
-21,83,
-30,8,
-10,-52,
13,-42,
54,-44,
70,-7,
65,19,
-48,-40,
-26,26,
-66,-15,
-2,-3,
2,28,
109,-62,
1007,-367,
4285,-665,
7546,-176,
7545,971,
3535,1809,
-1005,824,
-2310,-1216,
-1015,-5841,
-190,-8020,
286,-7973,
414,-5494,
-1055,1557,
-1919,4151,
-729,1526,
30,-164,
-270,-185,
-1139,230,
-2171,130,
-664,308,
-223,524,
347,759,
93,593,
-62,413,
-220,624,
-190,98,
-255,15,
-236,371,
215,-40,
503,-179,
344,-22,
73,69,
-117,123,
-130,61,
-2,-63,
77,-243,
-8,-87,
-465,-11,
-379,230,
-441,253,
-438,331,
-409,-25,
-461,-97,
-453,193,
-205,120,
-146,132,
-116,-10,
-61,-96,
-14,-76,
-24,-64,
0,-8,
-34,-128,
-63,-167,
-310,-275,
-108,-188,
-123,-200,
-330,-161,
-293,-71,
-297,-54,
-202,16,
-107,116,
-145,241,
-119,150,
-97,52,
-68,33,
51,170,
75,286,
-66,263,
-105,232,
-2,275,
139,162,
286,100,
122,-29,
-84,1,
-166,-51,
-101,-252,
32,-247,
56,-171,
28,180,
21,286,
37,375,
116,264,
-103,76,
-84,30,
-96,118,
-159,75,
-78,30,
-102,54,
-13,77,
70,26,
5,1,
23,-63,
-7,-26,
-83,94,
-80,77,
-82,-22,
30,-75,
39,38,
-44,106,
-10,102,
-46,64,
-146,-49,
-92,-1,
-187,-19,
-135,24,
-79,-19,
-72,-32,
-32,-63,
-67,25,
-93,117,
-82,132,
-78,43,
-22,35,
5,37,
-33,18,
-42,41,
-33,62,
-74,68,
1,26,
2,-32,
48,-19,
45,48,
6,34,
-39,257,
-49,66,
16,-60,
23,9,
1,54,
-23,-5,
50,-20,
1,23,
2,173,
-37,175,
4,17,
-49,60,
-86,21,
48,74,
106,51,
116,30,
45,7,
0,-90,
-19,10,
-25,115,
38,66,
-10,37,
-31,73,
-52,26,
34,33,
2,53,
10,68,
12,42,
21,-38,
39,25,
22,34,
-2,1,
-61,4,
-29,17,
-35,25,
21,14,
00>
_________________________________
00>
00>
Printing STS1 CIR
00>
00>
_________________________________
00>
34,11,
37,-1,
42,69,
51,91,
29,-41,
52,-48,
38,9,
9,59,
16,23,
26,0,
-4,-23,
48,-28,
103,-59,
96,-22,
-38,21,
-33,52,
52,15,
53,19,
39,3,
3,5,
-4,-20,
54,7,
48,15,
-38,27,
-66,27,
-40,-16,
-26,64,
-7,78,
-33,81,
14,99,
29,89,
-5,3,
-33,5,
-20,8,
-13,33,
-9,-9,
-45,55,
-24,-51,
42,-25,
25,-6,
-10,-9,
8,2,
-36,20,
-30,40,
-2,16,
35,21,
-78,76,
-23,63,
-37,23,
-6,3,
10,5,
14,52,
-47,53,
7,40,
78,63,
36,20,
8,33,
34,-17,
45,5,
-13,28,
-18,5,
2,34,
14,-31,
24,-39,
-30,17,
-27,57,
-4,24,
1,7,
-25,58,
-50,-1,
-13,45,
45,-22,
64,24,
48,44,
-1,86,
-63,99,
4,53,
54,-25,
1,-11,
7,-17,
8,18,
12,-47,
35,-58,
-30,-34,
38,-59,
-6,-14,
57,59,
-12,61,
-35,12,
-45,-58,
-11,-44,
-39,32,
-24,44,
-70,-5,
11,20,
7,-11,
-26,-10,
3,11,
-32,-7,
-28,72,
-8,24,
40,15,
33,30,
-35,45,
-13,-34,
-3,-28,
32,-15,
-41,91,
16,8,
-3,68,
3,6,
48,12,
52,12,
64,9,
53,-3,
-13,12,
-14,32,
30,-75,
-7,32,
38,25,
32,-25,
-11,23,
27,6,
26,37,
-9,-33,
15,-17,
9,30,
37,34,
42,61,
38,30,
17,35,
45,-19,
47,42,
-9,31,
-33,-9,
-30,37,
-60,-12,
-14,-56,
60,-21,
51,35,
60,-7,
10,23,
17,-27,
-11,-17,
-17,22,
-38,-38,
22,-34,
13,-37,
11,-49,
3,25,
-14,5,
13,-6,
64,13,
56,-4,
26,31,
26,28,
37,70,
7,-19,
32,-72,
35,-44,
23,-3,
12,34,
-17,-35,
-8,-38,
-60,10,
-16,61,
-9,-5,
28,26,
2,-63,
-39,-21,
-18,61,
24,61,
42,-7,
-20,25,
-58,36,
37,8,
7,-4,
15,-25,
26,-66,
73,31,
41,1,
-19,20,
14,-24,
10,29,
-10,-3,
-19,-3,
-12,31,
22,-46,
50,-89,
-23,-55,
-1,-9,
-8,22,
16,-31,
22,-45,
-4,-44,
28,11,
4,-30,
25,-5,
-15,0,
-11,2,
46,-38,
3,-42,
30,-42,
5,-41,
7,-16,
-80,10,
-28,-35,
3,-2,
-32,27,
-22,-5,
-44,-13,
-1,16,
-13,64,
52,24,
62,8,
43,6,
-31,8,
-29,-16,
-28,15,
-68,78,
4,16,
57,-8,
27,21,
-4,0,
26,-15,
23,6,
-23,-49,
-87,39,
-44,74,
-67,69,
-93,16,
-2,-77,
8,-80,
11,-23,
-67,101,
-51,58,
-19,4,
-63,9,
-3,-2,
42,-21,
12,-57,
15,-28,
68,-9,
-6,56,
-13,0,
-72,-7,
6,-15,
-42,21,
0,13,
23,46,
1,45,
-4,107,
-113,84,
-64,60,
7,54,
68,43,
-20,-18,
25,-34,
-10,11,
6,-22,
48,-32,
81,2,
40,12,
24,-9,
18,-32,
41,-26,
49,-52,
47,13,
7,-24,
13,11,
50,-5,
1,-17,
-66,-1,
-37,-25,
12,7,
12,74,
0,-60,
42,-34,
54,-3,
-11,-3,
21,-46,
46,-6,
20,9,
-5,-32,
-7,-75,
-15,-44,
-9,2,
7,7,
-11,-51,
-5,19,
7,-22,
24,-46,
42,-65,
55,-21,
2,-39,
57,16,
-13,-59,
-36,-69,
18,-23,
94,-31,
33,-14,
-9,-52,
-25,-10,
2,15,
-6,-36,
14,0,
20,-24,
48,-41,
50,-23,
27,45,
61,73,
33,-30,
48,-12,
-20,-19,
125,22,
114,0,
86,11,
67,9,
8,-86,
26,-23,
31,9,
29,66,
-13,3,
24,-12,
3,27,
-1,31,
-1,73,
-14,39,
-2,-31,
-7,-21,
2,0,
-33,-37,
-40,10,
-75,47,
-71,14,
-54,31,
10,-39,
46,-47,
33,-31,
-52,50,
-10,63,
-33,-9,
11,-60,
-3,-22,
-28,5,
-34,-34,
0,4,
36,-16,
21,-67,
-73,-60,
-59,-70,
-25,-4,
-8,-6,
55,-47,
790,165,
3123,1479,
5534,3494,
5175,4492,
1554,2434,
-917,270,
-755,-238,
1123,1217,
3968,4333,
4688,5892,
4800,5494,
4307,3714,
2253,1447,
467,213,
-476,-198,
-728,-543,
-665,-1073,
-980,-1736,
-396,-1213,
-237,-387,
-173,108,
-218,50,
-323,-289,
-418,-667,
-26,-696,
517,-505,
535,-420,
353,-308,
-49,-246,
-175,-194,
-308,-462,
-344,-741,
-270,-817,
-214,-585,
-176,-104,
-252,116,
-297,-75,
-235,-116,
-133,-171,
21,-283,
86,-259,
64,-155,
-87,-13,
-375,-23,
-471,-81,
-285,-130,
-163,-239,
-139,-188,
-185,-63,
-122,-127,
-9,-138,
-15,-166,
-178,-255,
-151,-166,
-117,-179,
-45,-259,
-25,-211,
-111,-24,
-174,113,
-239,8,
-189,-137,
-96,-166,
-155,-271,
-221,-286,
-146,-261,
-255,-265,
-236,-139,
-309,-64,
-271,23,
-87,72,
25,94,
151,65,
192,-44,
74,-95,
28,-146,
58,-216,
34,-212,
-3,-55,
-131,53,
-159,85,
-125,-73,
-130,-314,
-61,-189,
-72,-8,
-104,73,
-90,54,
-139,-96,
-233,-107,
-216,-93,
-55,-65,
-21,-176,
-97,-180,
-133,-144,
-43,-85,
-106,-13,
-124,7,
-143,-42,
-129,-149,
-72,-136,
-19,-94,
-103,-151,
-34,-53,
-121,-88,
-56,-73,
-18,-121,
42,-129,
-46,-7,
-144,-75,
-163,-67,
-65,-35,
7,-49,
-63,-40,
-111,-72,
-124,-109,
-133,-51,
-115,-64,
-153,-102,
-71,-40,
-91,2,
-14,-14,
-26,-23,
17,-126,
-69,-65,
-105,-151,
-76,-90,
-81,-87,
-37,-58,
-11,-52,
-23,-46,
-14,19,
-125,46,
-86,13,
-173,-129,
-38,-30,
-37,-37,
-63,-6,
-107,26,
-76,40,
-58,-9,
-43,-98,
-54,-123,
16,-45,
-41,-50,
-14,-74,
68,-122,
11,-82,
-41,-142,
-96,-98,
-18,-23,
-31,39,
-82,40,
-62,-19,
-67,-65,
-14,30,
-31,-6,
-107,-20,
-159,-34,
-54,-67,
00>
_________________________________
00>
RX Timestamp: 715179206819
00>
Clock Offset: -66.948 Hz, 0.008 ppm
00>
RX Timestamp: 716254341768
00>
Clock Offset: 167.370 Hz, -0.021 ppm
00>
_________________________________
Sequence Number: 97
00>
00>
Printing STS0 CIR
00>
00>
_________________________________
00>
20,-39,
34,-25,
68,-1,
-32,-12,
-32,-27,
14,-45,
0,-22,
56,-26,
-36,-15,
30,19,
17,-4,
55,-15,
-73,7,
24,-30,
-7,-30,
-18,-43,
-54,-49,
-8,-43,
16,-70,
-10,16,
-50,-14,
7,-29,
-3,-53,
-21,0,
10,-24,
-15,24,
12,65,
97,53,
69,3,
-8,44,
-17,16,
-50,-25,
-17,-24,
-4,-35,
-13,58,
-9,29,
54,6,
-11,-48,
46,-8,
-3,-9,
-23,-57,
10,44,
-38,11,
-17,41,
-45,0,
-58,-8,
-51,42,
-10,5,
24,-26,
12,-21,
8,-81,
47,-87,
-1,-10,
-30,-5,
1,-28,
-15,31,
-62,-12,
-55,-14,
30,34,
17,4,
122,-8,
49,-51,
-18,-72,
-30,-18,
12,18,
21,-13,
-16,14,
-47,87,
-9,34,
30,-35,
-15,-5,
29,26,
-36,0,
25,32,
47,54,
7,15,
-71,11,
-53,3,
-5,8,
9,-4,
17,10,
-20,-3,
31,63,
24,40,
-60,50,
-40,13,
-7,32,
10,45,
7,-28,
-1,-43,
-36,27,
-2,32,
35,60,
-4,15,
-44,24,
4,62,
41,43,
27,60,
-11,58,
13,13,
-21,-37,
75,10,
79,42,
56,13,
-3,-48,
-7,-48,
-22,-16,
23,-10,
8,-21,
2,-36,
35,-34,
-5,2,
-46,-11,
-25,-29,
5,44,
68,9,
34,40,
-26,55,
62,-6,
4,-19,
-93,-4,
-45,-30,
-15,4,
1,-25,
36,-60,
-71,6,
8,16,
26,39,
27,61,
32,36,
-15,7,
-42,42,
7,57,
7,14,
17,-8,
-3,30,
23,-25,
-16,-14,
24,33,
29,50,
68,53,
-23,-53,
-54,4,
-19,-1,
54,-6,
35,-29,
19,-46,
-12,13,
34,9,
38,-34,
57,2,
-5,-33,
26,-16,
-48,-16,
-18,-23,
-15,24,
6,14,
-21,-19,
-51,-36,
-50,8,
-11,-94,
48,-105,
54,-70,
-12,-19,
70,16,
21,6,
-29,-13,
-34,-46,
-33,-58,
29,-5,
1,4,
16,51,
50,73,
49,-20,
47,0,
40,-18,
-21,-21,
7,-44,
-21,11,
-18,30,
-56,54,
-7,15,
-30,-65,
-22,-70,
64,-53,
15,28,
15,25,
29,0,
-31,-1,
-44,-64,
-19,-1,
-14,13,
21,52,
22,-13,
19,1,
-9,4,
5,20,
-35,25,
-48,16,
-20,50,
-59,34,
24,-21,
9,-5,
26,-41,
39,-69,
-49,9,
-31,5,
-18,28,
-43,-13,
58,-32,
10,-43,
-44,-33,
-19,-16,
74,12,
14,-5,
-96,2,
-3,-15,
11,-35,
4,-24,
10,19,
-20,-20,
76,-75,
62,-68,
14,-7,
10,24,
45,5,
72,-34,
61,-45,
30,5,
-92,3,
-40,3,
-22,-17,
34,9,
8,26,
44,-5,
59,81,
41,9,
-88,-42,
-22,-42,
2,35,
10,29,
-5,7,
19,13,
-33,61,
-99,97,
-6,31,
8,-29,
-1,-18,
-81,8,
-76,43,
-16,-18,
-64,-79,
-44,-11,
-9,-37,
-45,-2,
-18,28,
-57,-55,
26,-16,
-44,-48,
-34,37,
16,-9,
31,-14,
-64,-5,
-61,11,
-43,4,
78,-5,
17,8,
-15,-18,
-16,-44,
-31,59,
-13,62,
-38,-18,
-29,75,
-42,19,
43,11,
71,-54,
23,-17,
19,-13,
-18,37,
-18,-46,
49,-54,
81,22,
98,41,
89,53,
50,51,
-2,-11,
-8,6,
5,-31,
24,-52,
-4,-9,
63,8,
53,35,
27,-1,
-3,26,
-15,-11,
-22,1,
-14,49,
-2,49,
52,5,
76,24,
0,27,
7,-15,
40,-19,
12,-40,
46,4,
-14,-25,
-47,-70,
3,-21,
-40,-38,
18,13,
52,66,
8,23,
-61,-61,
-38,1,
17,-24,
4,-29,
7,-75,
-32,72,
-40,48,
-5,45,
26,5,
47,-51,
-22,-25,
-70,38,
-79,18,
-74,64,
36,12,
28,-28,
-7,15,
-29,48,
17,-13,
13,-42,
-56,-96,
-44,-1,
18,20,
4,0,
2,-60,
-34,-50,
-39,24,
-57,53,
-53,8,
-11,22,
-59,19,
3,23,
-10,38,
21,27,
29,27,
87,27,
9,5,
-57,53,
11,56,
54,18,
-137,-111,
-985,-985,
-3234,-3663,
-4733,-5799,
-4617,-5323,
-1651,-1157,
703,1515,
1074,516,
336,-3218,
-128,-7259,
-72,-8057,
45,-7827,
-217,-5686,
-230,-2168,
173,-39,
507,901,
327,1188,
84,1699,
251,2191,
27,1065,
747,188,
967,-132,
720,47,
599,389,
519,832,
509,854,
174,522,
-74,557,
-240,576,
-42,332,
-5,348,
52,401,
-73,342,
-199,294,
-160,167,
-158,264,
-87,274,
237,280,
286,21,
141,-190,
-308,-374,
-563,-256,
-396,-44,
-283,195,
-191,624,
-112,478,
-18,228,
127,-45,
267,-215,
352,-200,
337,-203,
141,-152,
63,-15,
-53,78,
-140,101,
-197,6,
-316,-11,
-386,44,
-366,-41,
-306,9,
-139,184,
43,315,
38,311,
31,330,
-4,156,
20,85,
153,158,
122,137,
68,137,
-66,28,
-147,-17,
-159,16,
-73,166,
17,201,
-11,195,
-291,153,
-601,142,
-398,29,
-147,66,
119,110,
295,89,
175,-4,
192,73,
50,111,
13,259,
58,272,
29,184,
104,97,
263,43,
249,119,
152,57,
35,30,
11,15,
4,28,
15,140,
102,36,
125,26,
199,-6,
223,91,
52,100,
-7,267,
-16,323,
9,249,
78,145,
6,114,
-27,42,
-24,27,
-1,-9,
64,-44,
76,8,
54,36,
24,108,
-18,152,
-1,125,
17,188,
-45,179,
-45,228,
-9,187,
81,105,
33,80,
13,71,
7,34,
-21,-45,
-43,46,
-29,131,
-15,108,
23,76,
-60,79,
-34,80,
34,71,
67,55,
0,-3,
15,-2,
68,3,
78,130,
2,100,
29,147,
49,73,
99,101,
74,128,
-8,138,
-57,125,
-61,187,
-75,168,
3,128,
-49,75,
-93,72,
-93,162,
-37,185,
44,99,
51,42,
43,94,
-9,117,
-47,66,
-39,-12,
-20,80,
-41,188,
-33,81,
51,56,
11,57,
00>
_________________________________
00>
00>
Printing STS1 CIR
00>
00>
_________________________________
00>
-57,17,
-10,28,
13,6,
-9,-12,
-64,15,
-34,90,
-25,15,
-13,-42,
-11,13,
-18,-11,
1,29,
39,-55,
7,-22,
-20,-2,
-41,39,
30,8,
1,7,
40,5,
0,53,
-31,1,
33,7,
8,7,
32,-24,
70,-2,
51,10,
90,12,
17,62,
13,-4,
38,-52,
63,-30,
41,4,
-17,22,
-21,-23,
9,-69,
-4,-70,
-4,15,
-25,2,
4,-35,
52,-61,
-40,27,
-97,1,
4,-18,
106,-19,
39,-73,
-48,-2,
-23,14,
10,-40,
6,-63,
-57,-22,
-26,15,
19,45,
35,49,
95,2,
140,24,
55,23,
57,6,
-20,0,
-4,24,
-91,27,
-112,6,
-25,-11,
23,-4,
27,-37,
9,-9,
5,71,
-28,-37,
-24,-34,
-3,-4,
46,-5,
-44,-5,
-31,15,
-59,-42,
74,3,
83,-10,
65,-53,
46,70,
13,73,
40,-64,
-37,-12,
-16,-29,
30,-3,
66,13,
22,11,
-57,15,
-60,-9,
-3,-68,
6,-13,
17,22,
17,40,
-6,38,
34,51,
-1,-28,
55,0,
30,21,
-16,16,
-6,33,
-21,-17,
-4,-49,
77,-15,
72,-54,
78,-55,
-5,15,
-84,7,
-24,-11,
9,-19,
45,47,
-10,19,
-25,25,
-51,11,
24,4,
83,-9,
-6,-48,
-38,-68,
41,-22,
-56,56,
21,-7,
7,-22,
65,-38,
15,-52,
-8,-43,
-3,2,
37,11,
-39,-29,
10,-34,
3,-90,
-14,-16,
41,-8,
22,36,
-7,4,
-55,-25,
-47,34,
-30,-36,
45,-2,
39,-17,
22,-37,
-7,-20,
-45,-120,
-8,-27,
-10,-3,
12,53,
-19,-21,
-37,17,
24,38,
32,46,
3,20,
35,-14,
15,7,
6,24,
38,19,
8,-22,
49,-74,
19,25,
-59,71,
-96,136,
-61,63,
22,2,
-24,-9,
9,-14,
56,7,
33,-4,
12,38,
-88,45,
4,-28,
43,34,
63,46,
-46,5,
21,-5,
30,6,
-22,-17,
-24,-40,
17,-1,
6,15,
41,69,
69,89,
12,38,
-45,30,
7,-19,
58,-10,
8,-3,
39,-13,
50,-18,
27,-68,
3,49,
-42,32,
-63,-28,
-74,2,
-4,42,
-27,25,
-20,-43,
24,-32,
38,23,
55,15,
-15,52,
-47,-28,
-50,-75,
50,-27,
-9,4,
27,41,
23,37,
-22,52,
-20,48,
65,51,
-1,-7,
21,-20,
-37,-71,
-43,-17,
-12,21,
25,47,
68,6,
-21,47,
-27,32,
12,-59,
29,-70,
29,-57,
-9,28,
-77,74,
15,53,
16,15,
13,100,
20,53,
-20,33,
-5,-33,
-23,-23,
-17,28,
14,52,
-3,19,
-92,49,
-113,43,
-19,38,
6,54,
5,26,
22,0,
-25,-34,
18,-1,
33,62,
45,56,
-69,13,
18,-41,
27,-16,
32,31,
11,-46,
-10,31,
34,-14,
-11,51,
-34,16,
132,-2,
64,-49,
21,-33,
-16,-43,
-31,5,
12,-52,
65,-34,
55,2,
14,1,
32,10,
-49,3,
-83,44,
-4,15,
61,10,
67,-57,
-7,-2,
-22,18,
12,-25,
-21,-26,
3,139,
38,89,
47,-4,
-7,-23,
-9,4,
29,5,
55,37,
32,5,
8,-17,
20,32,
-29,48,
-1,50,
-30,48,
-49,-21,
32,24,
31,17,
13,-18,
57,1,
4,45,
19,74,
57,41,
-60,38,
-15,-5,
66,-33,
67,-66,
10,-21,
-64,22,
17,13,
22,20,
-62,26,
-47,33,
1,47,
-14,-36,
-42,-78,
5,-29,
45,1,
66,20,
61,26,
17,-29,
-34,32,
-7,20,
35,38,
-52,105,
-33,15,
-31,-1,
-21,-4,
-35,71,
19,55,
42,34,
64,10,
63,-21,
76,1,
3,16,
-53,-1,
-43,36,
-4,-25,
-53,16,
-71,60,
83,-26,
-24,45,
3,87,
64,62,
67,-19,
0,-16,
-21,-22,
-38,75,
-67,87,
-15,-24,
34,43,
-6,-29,
-23,-23,
21,6,
-12,-58,
59,-22,
28,47,
94,4,
48,-32,
62,-14,
31,-23,
-94,-3,
-38,1,
-2,-21,
-19,-74,
-34,5,
-101,-4,
9,-28,
5,-8,
27,-21,
0,-184,
-64,-1201,
-370,-4500,
-744,-7656,
-1053,-7774,
-1334,-4126,
-474,213,
604,1479,
1703,1838,
2420,3278,
1657,5172,
-1115,4795,
-2732,2184,
-1447,-172,
490,-622,
957,233,
-9,953,
-812,1432,
-775,2110,
-384,1031,
-126,389,
122,59,
18,104,
-187,516,
-277,402,
-277,-133,
-2,-396,
83,-323,
63,-95,
110,97,
199,39,
91,-155,
13,-359,
46,-370,
26,-176,
-47,52,
-44,16,
-73,-227,
-18,-177,
-108,-54,
-242,222,
-248,297,
-167,209,
9,272,
57,261,
39,209,
-46,69,
-88,-104,
-62,-111,
-19,-113,
-7,-120,
69,-135,
51,-43,
-36,8,
-82,46,
-242,-85,
-409,-113,
-482,71,
-439,352,
-244,393,
-157,179,
-28,77,
-36,43,
90,63,
112,12,
124,44,
126,109,
130,13,
93,51,
86,-6,
-28,19,
-30,78,
-44,124,
-8,-10,
-13,-151,
-66,-360,
-110,-358,
-190,-314,
-25,-139,
158,51,
188,180,
133,219,
53,305,
89,149,
179,80,
130,85,
39,46,
25,21,
121,-2,
176,-9,
14,73,
-80,70,
74,64,
80,-2,
121,-45,
102,-75,
-12,-116,
11,-130,
16,-129,
30,-31,
29,-5,
2,75,
6,12,
15,13,
-12,136,
-5,162,
-30,24,
99,-39,
150,-73,
106,-76,
37,-40,
-25,-14,
-8,-28,
8,-38,
-19,6,
-38,53,
-15,33,
29,-67,
65,-38,
-53,-84,
9,-95,
46,-132,
38,-54,
-29,84,
20,106,
-5,21,
60,-57,
71,-52,
-7,9,
-49,-37,
-44,-7,
-2,-32,
-3,4,
34,20,
61,64,
36,-12,
95,-99,
50,-8,
112,-16,
90,-4,
33,55,
0,-35,
1,30,
33,15,
56,8,
37,-45,
-69,47,
-33,22,
-11,6,
-29,41,
-22,49,
-19,-33,
32,-33,
-4,-24,
-43,-42,
71,-70,
106,-56,
50,8,
84,12,
31,53,
00>
_________________________________
00>
_________________________________
Sequence Number: 100
00>
00>
Printing STS0 CIR
00>
00>
_________________________________
00>
7,8,
19,13,
16,57,
36,73,
-87,86,
-2,-20,
-37,-40,
2,-12,
101,12,
52,2,
78,29,
26,-13,
-42,-32,
-55,5,
2,10,
6,12,
5,-14,
-21,-16,
-24,28,
3,74,
20,25,
-21,18,
-7,-26,
33,13,
2,6,
34,2,
47,-3,
11,-52,
20,-6,
28,10,
-11,8,
0,-16,
17,-10,
-24,11,
5,64,
7,85,
-16,48,
-14,13,
-33,-29,
-28,-58,
34,-11,
48,-20,
44,1,
6,-73,
20,-49,
7,-71,
-9,-8,
-4,-4,
-9,-10,
-19,-17,
-40,-13,
17,15,
-18,-1,
-15,-10,
11,-11,
-6,-48,
50,-25,
3,-14,
-21,-33,
-47,-17,
-11,-7,
13,-32,
-5,6,
-4,-2,
-7,-2,
35,27,
56,-18,
-7,-32,
17,-18,
-3,20,
1,21,
4,-10,
-11,18,
26,-4,
0,-30,
4,-9,
-22,-9,
-11,45,
-11,8,
-2,3,
13,-5,
-24,-55,
3,5,
25,5,
64,2,
22,-29,
-24,21,
-2,8,
-22,3,
15,7,
-19,-18,
25,-55,
32,9,
20,-32,
-7,2,
2,3,
-1,0,
11,42,
15,67,
-5,45,
-35,74,
-15,9,
-32,3,
-16,-79,
47,-9,
9,1,
33,-2,
35,-20,
17,-21,
15,18,
11,-12,
-2,7,
9,16,
-4,29,
11,26,
-14,61,
-26,68,
30,-3,
8,-9,
-9,11,
80,2,
101,-7,
47,13,
19,-18,
-15,-13,
-73,-49,
-5,-22,
-2,3,
-4,6,
-10,-4,
3,-32,
14,-33,
-15,6,
3,-8,
-56,47,
-31,35,
-2,3,
37,-6,
37,-5,
-13,-85,
20,-8,
28,-13,
17,-8,
6,-3,
-16,0,
-3,-36,
46,-14,
43,58,
38,12,
6,-20,
16,22,
23,26,
-7,-18,
47,-17,
47,8,
-19,-65,
-33,3,
6,53,
13,-12,
4,1,
-2,14,
-41,13,
12,20,
25,29,
53,14,
-20,1,
-35,-6,
7,-48,
-18,-15,
34,-3,
44,7,
35,-23,
-17,-11,
-21,54,
7,-14,
-2,9,
18,11,
-8,6,
72,-10,
29,-6,
-9,-50,
29,-39,
-11,-15,
-11,-92,
-74,-15,
-2,-17,
-49,-26,
16,-49,
44,-7,
12,-33,
-9,-4,
-2,-5,
-6,6,
-44,62,
-65,68,
-69,97,
-48,86,
-4,-5,
11,-43,
28,-39,
54,56,
85,73,
93,87,
26,45,
-44,-50,
-11,-33,
9,8,
0,-3,
6,14,
36,-27,
51,-59,
-20,36,
21,21,
-18,-7,
-9,-8,
-3,66,
-43,34,
-50,29,
-41,39,
-22,9,
-22,18,
0,42,
15,12,
8,-5,
18,8,
30,6,
9,-4,
-3,-28,
-25,40,
10,23,
-26,-3,
-30,8,
6,28,
-24,24,
-21,2,
-18,-74,
17,-39,
38,-7,
-9,10,
-2,3,
-3,8,
31,-8,
3,-41,
-17,-16,
-1,40,
11,8,
34,15,
46,73,
12,34,
17,19,
2,12,
34,-22,
-46,-84,
2,-18,
1,2,
4,1,
-18,10,
-9,-4,
-23,43,
33,57,
19,13,
-27,-11,
0,14,
30,-15,
33,-41,
45,-26,
47,-43,
2,-117,
45,-22,
95,-9,
15,16,
2,5,
1,8,
20,7,
-1,-11,
-2,-13,
8,1,
-17,-16,
2,-22,
55,43,
33,8,
-15,-14,
-28,-2,
18,-51,
-30,33,
-51,56,
-5,16,
0,9,
6,12,
-23,16,
2,39,
24,63,
-10,9,
5,-18,
59,21,
9,5,
39,-10,
42,-6,
76,0,
7,-30,
-45,-35,
-30,-1,
-5,-12,
-2,5,
12,-10,
1,-22,
-7,-14,
17,22,
2,16,
24,-43,
-15,10,
-10,-80,
36,-17,
25,-22,
17,-18,
-35,-12,
48,-2,
59,15,
17,0,
4,5,
-4,-2,
-34,-18,
17,-47,
-20,-92,
15,-50,
6,20,
-6,0,
-13,-46,
-75,-8,
-70,1,
-19,-38,
-65,-21,
31,8,
-33,-2,
2,12,
0,5,
-14,4,
-31,8,
0,43,
5,-21,
32,-29,
21,-38,
54,3,
17,-41,
36,2,
-20,30,
-4,9,
-42,-95,
33,12,
11,62,
10,18,
0,-1,
64,30,
2382,501,
6366,2682,
7280,4580,
5980,4400,
291,530,
-1224,-839,
-622,-4801,
2803,-7444,
4936,-7538,
4921,-7202,
1196,-2122,
-1539,1540,
-2504,1551,
-118,49,
12,-63,
-76,-66,
-2299,-479,
-1128,-740,
-221,87,
-477,798,
-130,445,
-195,438,
-113,941,
-659,83,
-466,-7,
-476,-30,
-359,535,
584,64,
919,79,
48,22,
0,3,
-54,-21,
-170,-69,
134,-192,
51,-163,
-113,-138,
-158,-9,
-557,-24,
-262,257,
-456,17,
-344,-21,
-396,-69,
-382,144,
-357,104,
-227,-58,
-10,-28,
10,-17,
10,-9,
66,41,
-45,41,
-28,-62,
-154,-326,
-145,-218,
-66,-308,
-57,-504,
-61,-50,
-150,-32,
-183,-83,
-178,-105,
-330,31,
-368,19,
-34,-20,
-8,1,
1,34,
-54,154,
-159,240,
-36,178,
-202,248,
-16,145,
289,273,
197,140,
145,-11,
-25,-61,
-1,-81,
131,-426,
324,-401,
206,-37,
10,50,
-6,67,
-15,48,
-158,76,
-213,-14,
-55,99,
-154,110,
-73,29,
-169,-56,
-89,28,
-102,26,
3,6,
18,-8,
69,-31,
-128,-24,
-224,59,
-6,-16,
-4,-15,
4,-22,
-9,-9,
46,21,
19,-22,
-38,-128,
-35,-53,
-105,30,
-116,-22,
-168,-39,
-146,-7,
-111,-36,
-97,4,
-116,77,
-106,66,
2,2,
-2,-7,
-9,0,
-116,11,
-65,-19,
-1,-54,
-15,-12,
0,-27,
-54,11,
34,32,
88,15,
11,5,
-60,41,
-42,164,
-77,52,
4,21,
-8,12,
0,-1,
-10,0,
25,1,
55,7,
21,-14,
-42,3,
-23,29,
-40,39,
-17,131,
-19,16,
-41,-4,
-19,12,
16,-10,
-4,28,
-79,50,
-22,8,
2,-1,
-10,8,
-1,-22,
-19,-46,
14,-47,
-7,-48,
-52,-38,
-53,-4,
6,78,
-74,-1,
-37,9,
-58,16,
-80,36,
-55,43,
-10,36,
4,8,
-6,3,
00>
_________________________________
00>
00>
Printing STS1 CIR
00>
00>
_________________________________
00>
19,-42,
30,-30,
16,-35,
25,-37,
8,-25,
1,-3,
-30,-2,
-10,5,
29,-110,
49,-32,
48,-27,
51,-37,
58,17,
6,10,
0,14,
1,11,
-10,4,
30,13,
34,18,
-10,25,
19,-45,
-13,23,
9,24,
15,-7,
-29,3,
7,7,
23,-24,
17,-47,
29,-41,
-16,-27,
-14,-3,
5,-3,
4,0,
-44,-46,
48,-16,
55,-7,
66,35,
9,-6,
-13,6,
4,1,
-24,-44,
29,-27,
68,-8,
110,-20,
26,-26,
-31,9,
-4,3,
-10,8,
-3,14,
-70,63,
-40,75,
-9,10,
-59,32,
-6,7,
-3,14,
-5,-7,
-36,32,
-27,-30,
-35,-35,
-32,-20,
-21,20,
-19,1,
6,-1,
5,-30,
-13,-7,
-33,32,
-29,12,
-1,52,
3,-2,
-8,12,
-56,8,
-6,20,
-102,25,
-50,24,
-62,19,
-45,55,
-11,16,
17,-4,
8,3,
4,14,
13,4,
11,-35,
21,-24,
29,5,
4,-30,
6,-10,
-21,20,
-6,-7,
45,-55,
-18,21,
15,-5,
15,-14,
-39,91,
0,19,
11,1,
3,9,
19,35,
23,14,
48,34,
28,67,
9,45,
24,18,
6,0,
0,-4,
-14,48,
-11,11,
46,5,
-7,-28,
-40,-26,
-26,-6,
4,-26,
15,16,
22,-10,
-6,25,
31,-45,
19,30,
-35,39,
7,-15,
-5,-13,
-13,-9,
70,-24,
55,3,
80,13,
74,5,
-54,14,
12,6,
2,8,
17,-15,
20,-36,
-20,49,
-35,37,
-68,34,
-140,27,
4,-4,
3,2,
7,9,
-67,76,
-62,39,
-110,26,
-116,45,
-41,23,
-4,-19,
5,-7,
5,-14,
24,-12,
-11,-43,
53,-7,
34,5,
1,17,
12,7,
3,-12,
-6,6,
54,5,
23,50,
20,46,
28,9,
34,-38,
21,12,
4,4,
13,17,
10,24,
8,-39,
-17,8,
13,-24,
51,31,
-16,11,
-11,-5,
7,3,
-40,20,
-42,19,
-4,58,
30,15,
59,-19,
15,35,
-2,3,
9,16,
7,19,
-1,8,
41,40,
28,46,
0,-7,
-1,-7,
-11,4,
1,0,
32,24,
74,20,
11,40,
-43,47,
-28,1,
5,-25,
-2,-13,
-13,9,
-3,-16,
33,2,
45,-37,
64,-19,
91,-49,
-2,-23,
-43,3,
-14,11,
-3,-24,
31,-15,
31,-9,
15,-17,
26,-82,
-1,-9,
-8,-3,
-4,16,
6,23,
1,14,
4,-83,
66,-25,
103,-97,
-7,-9,
7,0,
3,-14,
62,-70,
143,19,
125,40,
76,8,
119,-51,
9,-4,
-11,12,
-19,13,
-4,0,
-13,42,
12,46,
83,0,
42,114,
-20,-6,
-7,-14,
5,-14,
-52,3,
-54,12,
-11,12,
56,6,
27,42,
22,12,
11,7,
-6,11,
-24,18,
-29,50,
-40,-27,
-24,48,
-53,-10,
-8,-4,
-30,-2,
-16,18,
-46,26,
-40,30,
-92,34,
-70,41,
-80,62,
-8,33,
-2,0,
-1,19,
-6,14,
-1,10,
-13,6,
18,-6,
-23,6,
-15,8,
-25,-20,
-4,57,
-39,34,
-36,-4,
-45,4,
17,-16,
26,24,
22,6,
17,-7,
-8,-16,
-14,-13,
-71,30,
-52,7,
-7,17,
10,-32,
-19,-18,
-12,-17,
-2,8,
-5,-3,
-12,-18,
-40,11,
-7,13,
21,-31,
8,2,
20,-7,
8,18,
22,-20,
24,-21,
61,42,
79,15,
-5,-24,
-2,-6,
-42,-20,
-5,-2,
52,-42,
50,1,
45,16,
70,36,
60,-40,
31,0,
18,-2,
8,33,
-15,23,
-23,19,
-28,-15,
-7,-28,
-71,-96,
14,-9,
-16,9,
8,-4,
-24,20,
19,13,
-33,8,
-26,7,
12,-2,
-4,-16,
-7,4,
-14,32,
-8,52,
1,18,
1,-35,
-33,-18,
-50,-18,
-15,39,
-7,6,
11,-11,
-2,-47,
-8,11,
-26,23,
17,1,
-6,-46,
-39,9,
11,9,
-4,-5,
-8,1,
-21,-28,
18,-36,
41,-37,
-18,-1,
5,61,
30,2,
4,8,
38,-6,
43,7,
36,16,
26,29,
-14,-12,
16,35,
13,-8,
2,-27,
95,184,
608,1518,
3402,4932,
3818,7130,
1583,5648,
-93,196,
-348,-338,
-15,183,
591,4541,
1830,7584,
1988,7733,
2121,7135,
1797,4016,
305,394,
-16,-80,
-83,-398,
-24,-653,
-299,-1557,
-16,-2112,
75,-554,
-211,-215,
-51,-15,
-173,-197,
-4,-216,
-17,-1325,
567,-127,
797,19,
728,-132,
498,-389,
10,-104,
-18,-92,
-58,-390,
24,-636,
54,-831,
6,-294,
-257,-34,
-495,-123,
-61,-69,
-129,-136,
17,-109,
138,-578,
228,-76,
-23,-5,
-324,-9,
-569,-271,
-210,-139,
-17,-67,
-20,-209,
-3,-189,
34,-54,
-27,60,
-50,22,
-66,-322,
9,-88,
-60,-153,
14,-120,
29,-434,
-204,-53,
-289,-47,
-269,21,
-245,-83,
-89,-108,
-4,-66,
-29,-227,
1,-249,
-35,-330,
-217,-357,
-154,-151,
-345,-148,
-50,37,
15,74,
17,40,
259,45,
211,-12,
174,-15,
214,-129,
388,-239,
114,-41,
-1,27,
-59,-3,
-66,-41,
-85,-267,
60,-247,
-17,-81,
-50,138,
-48,18,
-94,-41,
-14,-42,
-186,-246,
-134,-65,
-22,-74,
47,-224,
49,-387,
5,-85,
-2,-12,
-17,-61,
-25,-105,
-93,-176,
-145,-145,
-81,-52,
-107,-176,
4,-44,
-2,-43,
-8,-29,
-91,-249,
-95,-69,
-127,-13,
-122,-26,
-125,-130,
-38,-46,
-1,10,
10,-31,
4,-55,
-59,-165,
-139,-138,
-76,-125,
-110,-221,
-29,-18,
-43,-52,
5,-44,
-6,-154,
9,-23,
-5,-16,
-20,-107,
-32,-344,
-17,-76,
11,-15,
5,-32,
19,-32,
-30,-55,
-12,-111,
-16,-91,
-73,-163,
-32,-22,
-68,-67,
-14,-38,
-81,-142,
-23,-36,
29,-47,
76,-112,
136,-218,
-12,-42,
11,-14,
-6,-35,
2,-65,
-9,-56,
-33,-24,
-10,-70,
-52,-166,
-8,-39,
-59,-36,
5,-1,
-99,-70,
-61,-23,
-115,-34,
-58,-43,
-114,-179,
-27,-39,
-7,-14,
-23,-34,
00>
_________________________________
00>
RX Timestamp: 855269571650
00>
Clock Offset: 1022.816 Hz, -0.128 ppm
00>
RX Timestamp: 856344908323
00>
Clock Offset: 81.825 Hz, -0.010 ppm
00>
_________________________________
Sequence Number: 232
00>
00>
Printing STS0 CIR
00>
00>
_________________________________
00>
-50,-41,
-42,-72,
-49,-23,
-56,-61,
5,-73,
13,-48,
7,-29,
-23,-15,
-23,24,
-38,27,
77,-24,
46,-1,
20,48,
-58,53,
0,-22,
-6,37,
-9,22,
-31,-27,
2,-16,
8,-100,
-15,-28,
31,21,
-37,54,
6,-7,
22,3,
-18,38,
1,32,
-55,25,
-51,16,
-17,0,
-9,21,
-28,27,
-61,17,
-91,15,
4,0,
22,-12,
62,13,
-7,71,
-5,18,
-17,18,
-11,65,
-23,17,
5,-20,
-11,-37,
-56,-83,
-32,-22,
-16,18,
-17,19,
-49,-39,
57,75,
52,6,
-12,56,
-26,1,
11,-8,
-4,-8,
33,-30,
18,-5,
11,18,
4,-22,
4,-13,
-3,-1,
14,31,
83,20,
-11,28,
-38,-25,
-38,24,
41,-3,
26,-18,
6,-38,
3,2,
11,28,
-35,-29,
17,-108,
5,-85,
26,-1,
-9,83,
19,33,
-36,-34,
-52,-41,
-37,21,
32,13,
7,-58,
56,17,
36,42,
-38,20,
-65,-53,
-66,-16,
15,13,
26,-59,
48,-107,
-18,-17,
-49,64,
-13,23,
7,22,
11,18,
-30,48,
-45,101,
24,16,
78,24,
35,48,
27,34,
-7,72,
-52,-13,
10,-21,
28,-9,
7,41,
44,55,
73,75,
42,58,
5,-17,
37,-5,
21,-23,
-25,19,
-96,2,
-54,7,
31,-31,
28,-29,
20,9,
-27,28,
84,91,
26,38,
37,54,
-30,-15,
14,-15,
30,-60,
-7,28,
46,51,
55,62,
-33,13,
-54,-8,
-58,-22,
-70,43,
31,32,
-14,47,
34,7,
8,-15,
19,-30,
21,-19,
-8,-14,
14,17,
31,-18,
5,28,
-21,25,
6,31,
-19,2,
4,4,
27,25,
64,7,
51,3,
-28,77,
-53,-1,
47,-105,
30,-89,
-1,-8,
30,-9,
-2,-24,
-77,-46,
-25,-51,
16,-7,
35,32,
0,42,
69,63,
29,20,
15,68,
19,33,
-14,54,
4,30,
-7,37,
-16,-27,
-6,7,
32,-68,
51,26,
8,6,
4,13,
-18,52,
-9,61,
-59,-22,
-45,-31,
-49,-21,
-34,-6,
-21,49,
-5,74,
18,65,
-1,85,
-17,36,
-33,37,
-59,-8,
62,64,
44,80,
-33,11,
23,-13,
35,28,
-11,48,
-32,6,
-2,-1,
-30,14,
54,-10,
-6,-12,
22,2,
10,70,
-6,110,
25,13,
12,10,
-16,14,
55,20,
21,-22,
25,19,
44,51,
14,20,
27,10,
23,-1,
0,3,
-51,17,
3,-31,
-53,1,
-37,38,
-16,27,
-29,46,
13,21,
26,55,
26,-2,
0,7,
0,16,
-43,22,
-32,-43,
68,19,
94,20,
86,88,
-17,18,
-43,-37,
-25,-43,
-4,0,
13,-70,
21,-80,
-14,-9,
-25,72,
-69,31,
-72,-6,
-46,75,
-25,7,
-1,-34,
-49,-32,
-49,-13,
-36,-35,
-23,20,
-18,55,
-3,81,
26,114,
-18,54,
-17,13,
30,19,
10,5,
41,0,
-7,-22,
-16,5,
14,-11,
-31,-64,
-2,17,
70,29,
70,31,
49,9,
-14,-21,
-33,-62,
20,-47,
-8,-74,
-7,-52,
-37,26,
50,25,
-77,-34,
-25,-17,
-35,-1,
-10,-21,
-19,-15,
-19,-35,
32,-10,
36,46,
-33,39,
42,26,
57,-30,
-33,11,
3,-36,
23,-61,
69,-32,
39,-28,
40,23,
-25,29,
34,-6,
31,47,
27,12,
19,17,
20,46,
-7,27,
-25,9,
25,24,
42,-53,
6,-43,
20,-6,
-30,41,
-19,21,
13,24,
91,-26,
37,-46,
42,-19,
31,12,
12,29,
-3,-26,
44,-14,
51,10,
14,-4,
-48,51,
27,40,
-32,5,
-7,-60,
-43,-4,
29,-3,
28,52,
-35,3,
-12,-13,
7,-4,
20,-42,
21,-9,
-35,6,
22,20,
18,-16,
42,18,
-11,7,
32,7,
-32,-15,
7,11,
-6,17,
-2,-12,
-9,43,
30,22,
0,31,
-26,-6,
53,34,
42,33,
19,47,
-12,39,
0,76,
-52,104,
-20,8,
39,76,
56,58,
-6,37,
10,-19,
0,-12,
6,-33,
14,10,
2,29,
-5,12,
-47,-413,
273,-2788,
1224,-6387,
2513,-7172,
2742,-5338,
935,358,
-533,2565,
-2880,954,
-6829,-1668,
-7337,-2864,
-7072,-2627,
-1820,76,
2065,2265,
2478,1814,
528,173,
-316,-15,
-329,799,
-362,2059,
-214,938,
117,174,
543,231,
616,42,
402,222,
549,382,
253,458,
-35,405,
9,250,
44,-124,
4,-506,
30,-434,
24,-141,
-59,142,
-84,256,
-156,140,
-175,-112,
-139,-38,
-74,238,
107,383,
107,568,
303,439,
88,497,
-74,446,
-54,452,
65,341,
78,204,
-12,68,
-68,8,
-75,-66,
-42,-89,
29,-73,
-18,64,
-111,39,
-276,266,
-283,122,
-213,-39,
-345,53,
-76,103,
-59,155,
-57,218,
21,216,
143,268,
124,207,
-35,158,
50,79,
125,14,
178,44,
267,145,
218,92,
179,123,
109,-1,
73,-192,
2,-146,
-22,-15,
-22,114,
-30,6,
-243,14,
-223,-78,
-24,-12,
224,-61,
338,26,
238,-1,
81,203,
19,180,
16,93,
17,155,
19,40,
-28,120,
-2,168,
19,75,
4,-51,
-31,-60,
18,78,
43,114,
94,73,
18,34,
-5,46,
-48,60,
-16,-42,
84,-51,
43,21,
-1,135,
22,125,
-74,92,
-50,145,
-10,166,
-26,44,
-35,52,
6,61,
66,59,
88,93,
53,22,
31,43,
-10,47,
36,148,
28,90,
-29,18,
-18,38,
-20,15,
-4,5,
44,-51,
-18,-5,
6,47,
40,95,
91,122,
-7,30,
-52,2,
60,-5,
7,33,
26,-22,
57,-2,
140,20,
195,34,
81,115,
-5,58,
0,-22,
83,-54,
73,-40,
29,-87,
61,-67,
-6,-2,
-12,-10,
-37,2,
-12,43,
43,25,
26,-9,
-8,-9,
-35,98,
86,57,
101,131,
20,61,
16,110,
26,36,
2,43,
-1,-1,
-1,49,
36,33,
34,139,
20,96,
27,50,
81,83,
8,52,
00>
_________________________________
00>
00>
Printing STS1 CIR
00>
00>
_________________________________
00>
-23,-24,
-33,-22,
-14,-84,
-13,-49,
19,24,
-18,69,
12,6,
-67,-85,
25,-101,
33,-39,
46,30,
32,39,
35,49,
-15,-20,
31,-51,
-20,-19,
-8,66,
90,108,
62,61,
26,-1,
8,20,
-27,40,
-28,34,
14,-62,
21,-4,
58,4,
8,44,
-18,66,
2,5,
6,-6,
40,2,
24,12,
12,-6,
-10,68,
15,-33,
7,45,
-3,42,
-20,60,
-24,40,
-19,70,
-26,55,
-18,65,
5,61,
53,67,
31,23,
12,6,
7,46,
34,0,
-31,-6,
-9,-46,
83,29,
61,-52,
9,24,
-13,54,
-8,8,
47,12,
40,13,
23,-47,
-93,-22,
-81,31,
3,4,
2,18,
-6,-2,
-31,35,
-18,52,
2,74,
4,1,
-48,39,
-28,18,
-4,13,
22,29,
-4,-8,
-43,-31,
-115,13,
-74,21,
-4,-26,
5,65,
-54,65,
-41,-27,
-62,-52,
2,6,
56,24,
21,32,
4,48,
-52,-26,
3,-27,
-4,14,
35,80,
60,-8,
46,-23,
8,-57,
34,32,
52,1,
14,31,
-10,86,
-3,38,
23,22,
85,24,
96,77,
-3,138,
-9,40,
-20,-32,
-29,15,
-7,84,
7,70,
41,-5,
49,69,
-59,34,
-35,69,
2,29,
17,24,
-58,16,
2,-52,
-1,-74,
49,-20,
8,31,
47,46,
54,49,
45,28,
93,-47,
-5,-95,
19,9,
-88,65,
-3,59,
17,-28,
10,39,
-47,81,
-57,57,
-38,0,
2,-61,
-33,-7,
16,-36,
-17,1,
27,-26,
30,12,
-18,-46,
55,-20,
20,4,
-113,-32,
-92,-5,
-107,-48,
-16,-26,
3,21,
20,45,
89,72,
46,76,
63,30,
49,108,
24,26,
-25,16,
-5,-21,
51,138,
77,88,
28,43,
-2,18,
-14,66,
63,53,
20,39,
-18,16,
-79,67,
-20,81,
22,32,
16,14,
28,15,
21,4,
0,-32,
13,-41,
-38,11,
-18,130,
-7,40,
-15,60,
-6,53,
6,-45,
30,-21,
23,-9,
1,61,
-49,-49,
-67,-56,
-36,-3,
-38,37,
-2,38,
-37,51,
-38,-21,
-29,-8,
32,-57,
-11,-42,
-33,-50,
-2,-58,
27,15,
34,30,
75,-1,
58,53,
22,83,
63,72,
61,21,
59,7,
19,14,
-28,51,
-14,42,
-30,73,
-27,64,
-9,123,
-5,35,
0,47,
-14,54,
40,2,
28,22,
16,-6,
30,-41,
69,6,
40,30,
-11,38,
-15,55,
-19,64,
32,45,
19,62,
-5,16,
34,51,
-17,23,
-33,-19,
12,-13,
22,-21,
24,-29,
24,53,
-8,20,
6,-33,
14,5,
10,-30,
12,8,
-36,-6,
-41,24,
-103,-18,
-21,8,
-8,14,
23,80,
10,30,
-30,27,
-36,-30,
5,-32,
0,26,
-9,103,
0,-25,
-56,-76,
-67,4,
-13,21,
11,17,
4,-37,
-11,-14,
28,-26,
69,-1,
19,46,
-31,29,
18,-15,
-35,-5,
-46,-52,
-53,-16,
19,-14,
16,-8,
12,21,
29,-1,
-11,-20,
9,32,
45,51,
26,-5,
102,-43,
89,-20,
3,43,
-4,55,
-1,12,
19,-80,
16,18,
64,9,
39,-18,
47,-38,
16,-1,
17,-15,
36,-54,
12,-100,
-17,-5,
-76,46,
-21,-9,
58,-47,
23,-2,
-9,-48,
-45,28,
9,22,
29,-33,
-5,0,
-6,4,
5,23,
-42,49,
-63,38,
-12,-61,
16,-32,
6,23,
-38,55,
11,69,
32,-9,
52,-38,
-10,-13,
-58,56,
42,6,
-14,-2,
29,-26,
-10,-12,
28,-17,
-29,-13,
75,-34,
11,-70,
36,-13,
69,8,
-11,33,
93,-35,
-21,-32,
-32,-8,
10,10,
28,10,
-22,15,
41,-45,
11,-65,
41,-23,
7,90,
-4,37,
33,54,
-39,31,
26,84,
33,6,
-22,23,
-90,10,
-41,8,
32,24,
-10,55,
2,39,
-44,-12,
-20,22,
80,38,
61,-13,
-29,17,
-60,40,
-114,60,
2,-12,
42,-3,
7,34,
5,43,
-2,-34,
-67,-78,
-25,0,
0,-60,
-16,-76,
-46,2,
-41,-28,
207,-394,
1405,-1688,
4219,-4072,
6068,-4110,
4604,-1659,
593,930,
-748,1285,
495,-396,
3653,-2337,
6517,-2748,
7186,-2646,
6122,-2737,
3533,-2058,
954,-719,
-202,170,
-665,534,
-844,426,
-1286,379,
-1565,-14,
-932,-105,
-256,175,
48,160,
-300,355,
-507,351,
-754,-63,
-298,-483,
-157,-540,
-332,-448,
-426,-229,
-306,31,
-348,310,
-625,303,
-671,20,
-556,-93,
-333,-25,
-95,164,
-110,373,
-117,265,
-172,181,
-119,-15,
-178,-147,
-227,-83,
-127,189,
-115,439,
-207,534,
-218,331,
-233,177,
-286,89,
-210,-4,
-96,76,
-1,134,
14,113,
-133,167,
-232,92,
-243,46,
-255,-86,
-312,-207,
-150,-8,
-92,184,
13,254,
43,143,
-46,103,
-191,112,
-314,185,
-356,151,
-306,67,
-302,126,
-146,278,
-58,399,
51,161,
42,-19,
48,-180,
8,-201,
-3,-124,
-89,-94,
-154,-144,
-173,-223,
-108,-126,
-48,114,
-15,239,
5,196,
-199,73,
-228,-130,
-90,-18,
2,117,
36,145,
-80,174,
-107,158,
-155,271,
-126,111,
-171,14,
-178,-56,
-164,23,
-74,35,
-3,24,
-47,63,
-98,138,
-75,88,
-52,147,
-67,162,
-143,209,
-94,-6,
-64,2,
-77,69,
-57,208,
-3,218,
-25,191,
-42,180,
-116,193,
-73,100,
-15,46,
-54,0,
-121,36,
-167,40,
-141,42,
-70,17,
-99,145,
-97,113,
-97,69,
-81,10,
-125,59,
-75,47,
-29,61,
-117,1,
-180,13,
-115,14,
-62,11,
-92,-21,
-56,-13,
-39,-3,
-32,42,
2,79,
-51,98,
-112,88,
-100,119,
-19,54,
-51,132,
-35,-5,
-40,-13,
-78,-18,
-122,-30,
-55,64,
-41,13,
-69,31,
-85,12,
-85,30,
-105,43,
-57,34,
-101,115,
-54,79,
-34,129,
-29,73,
-60,76,
-97,36,
-65,32,
-34,-28,
-70,-18,
-55,-16,
-24,48,
9,42,
-9,18,
00>
_________________________________
00>
_________________________________
Sequence Number: 235
00>
00>
Printing STS0 CIR
00>
00>
_________________________________
00>
74,80,
45,124,
19,102,
-12,6,
-20,-35,
-2,15,
40,40,
44,54,
64,110,
84,78,
70,21,
8,15,
29,42,
38,60,
6,27,
49,-90,
64,-73,
62,-3,
-28,51,
-36,65,
107,-16,
52,21,
103,25,
16,25,
35,-45,
48,-38,
-33,25,
-26,71,
20,4,
35,4,
-16,-33,
-15,-31,
16,-17,
-10,101,
61,108,
60,61,
62,-28,
18,-36,
44,5,
161,43,
106,108,
21,13,
-32,-23,
-7,9,
45,15,
34,79,
26,125,
5,3,
-4,103,
-17,95,
-17,83,
54,92,
26,21,
16,-29,
52,-28,
-57,1,
-27,75,
46,34,
22,-2,
4,49,
41,32,
83,-17,
-2,16,
-28,43,
52,9,
-15,21,
42,44,
-3,-17,
31,-42,
-15,-16,
-63,-24,
-24,-55,
16,-4,
-32,88,
2,79,
-8,-20,
-1,24,
78,28,
65,-5,
54,-21,
20,4,
37,-46,
-80,-23,
-32,56,
37,17,
80,-16,
57,18,
15,9,
54,35,
16,44,
-2,-27,
9,-63,
1,23,
-91,8,
-104,-71,
-26,11,
42,5,
57,57,
66,60,
-47,62,
-28,-53,
22,-53,
39,64,
40,11,
133,12,
114,48,
6,34,
-14,-17,
50,11,
-50,16,
40,-41,
55,-42,
-21,-4,
-63,-18,
51,-34,
65,-33,
-34,-101,
-80,-43,
-53,18,
76,-23,
85,-35,
6,9,
64,36,
-4,33,
-5,39,
41,41,
9,-7,
-18,-34,
26,3,
51,-55,
-27,-17,
-28,-12,
-21,20,
48,11,
79,-39,
115,49,
17,19,
22,-32,
39,-5,
-46,6,
-27,86,
-4,32,
-6,-9,
4,-10,
16,-6,
28,16,
17,27,
-16,101,
77,11,
18,29,
-59,-33,
-39,-45,
-11,-47,
83,14,
40,-40,
-13,-61,
-43,69,
-33,29,
22,82,
16,57,
5,15,
-18,65,
52,32,
113,-2,
77,-25,
-85,38,
-128,72,
-73,64,
-37,0,
37,22,
-66,15,
-9,86,
33,39,
20,68,
-72,15,
-26,67,
-31,19,
-26,37,
9,34,
29,-12,
-30,-77,
-19,14,
2,28,
29,-43,
34,-65,
-115,-81,
-79,-18,
37,59,
78,62,
59,16,
6,-3,
-67,-111,
-20,-47,
-7,-9,
19,33,
2,4,
-76,16,
-60,-52,
33,-11,
11,-23,
17,-35,
0,-54,
-21,-29,
61,-23,
78,33,
78,13,
24,135,
28,45,
23,-32,
-17,-33,
-45,-9,
46,46,
-32,-6,
-13,8,
-25,-2,
23,65,
100,51,
76,55,
6,5,
-14,36,
-24,29,
-3,-21,
-22,-61,
-20,-77,
-7,-28,
40,20,
85,-15,
-25,49,
-88,14,
-33,-14,
3,-18,
-32,23,
44,-1,
124,-6,
76,-9,
20,-43,
-1,16,
-15,36,
-74,21,
52,20,
-28,13,
-65,28,
-37,-9,
9,4,
47,-59,
47,-65,
48,-116,
35,-10,
44,21,
-10,16,
-47,-40,
-8,-90,
-1,-39,
76,24,
42,-29,
19,-7,
-33,-17,
-16,-6,
22,-41,
18,-73,
20,-34,
69,-40,
-32,36,
-83,47,
-39,33,
-62,-4,
-1,-45,
14,-36,
33,26,
-23,42,
14,-25,
9,35,
-1,-5,
23,65,
25,53,
23,-36,
-69,-122,
-19,2,
-33,-26,
29,0,
66,6,
29,71,
20,138,
33,25,
-39,-70,
-20,-114,
-18,-22,
15,6,
-47,26,
-11,8,
64,-32,
43,-24,
-9,59,
73,-3,
62,-19,
-44,22,
-132,12,
-63,-27,
-22,-45,
-6,-95,
36,-86,
67,-37,
-22,-12,
29,-19,
-51,25,
28,30,
2,44,
-2,31,
-32,82,
-14,65,
54,-7,
57,7,
72,-73,
51,-60,
-42,-3,
-45,29,
-43,44,
39,30,
12,-33,
3,-9,
16,-39,
10,68,
-3,41,
61,-62,
2,-90,
-45,-82,
-8,-33,
17,30,
77,60,
20,14,
-17,-45,
29,-41,
-2,19,
-39,-11,
-33,2,
57,4,
43,-44,
11,-73,
-22,-65,
2,14,
-18,-17,
-2,42,
-33,-56,
-41,-17,
-3,1,
18,11,
-20,-16,
24,-59,
73,-35,
110,-20,
-12,116,
-209,562,
-686,1902,
-1017,3169,
-644,2628,
174,640,
450,-775,
-139,-450,
-1184,860,
-2402,1956,
-2964,2206,
-2745,1901,
-1683,1310,
-595,490,
37,-240,
301,-538,
343,-475,
645,-529,
692,-633,
353,-615,
-79,-375,
-219,-158,
-55,-218,
110,-339,
230,-390,
276,-227,
322,-86,
340,-59,
163,10,
104,-63,
61,-121,
161,-145,
186,-81,
171,-3,
168,-25,
235,-77,
44,-102,
-31,-116,
-156,-72,
-132,64,
-65,130,
87,173,
225,75,
234,-36,
166,-124,
53,-53,
92,-21,
-26,16,
-111,-33,
-176,-48,
-172,-81,
-32,-76,
59,-47,
127,-55,
152,-20,
68,-6,
60,29,
67,117,
77,70,
65,89,
65,113,
27,-38,
139,-158,
97,-172,
90,-39,
79,-43,
13,-50,
-10,-100,
12,-113,
43,-46,
73,43,
121,72,
93,-22,
94,-21,
162,26,
147,24,
194,28,
112,67,
70,17,
-7,-70,
-68,-138,
-33,-103,
4,-91,
46,-49,
61,-51,
79,-93,
-16,-56,
-17,-73,
-11,-96,
11,-83,
-63,-74,
4,30,
41,89,
98,-5,
75,29,
67,-26,
39,-24,
35,-102,
3,-123,
-23,-108,
21,-88,
93,-41,
84,-29,
97,-88,
-3,-103,
-41,-39,
-44,-9,
-30,-112,
-44,-97,
-35,-82,
-34,-7,
-24,-47,
62,2,
44,-26,
62,-37,
66,-19,
-10,-21,
8,-65,
35,-59,
28,-30,
73,-83,
90,-68,
83,-13,
67,69,
100,-51,
116,-60,
80,-94,
69,-106,
-22,-109,
11,10,
68,-31,
39,-80,
-31,-131,
-22,-90,
83,-87,
63,17,
-32,82,
-82,-55,
-7,-70,
24,7,
37,29,
27,22,
-13,38,
40,21,
19,15,
57,-42,
80,-54,
140,-22,
4,-59,
-1,-13,
94,-22,
71,68,
105,51,
51,-4,
21,-86,
93,-1,
89,-25,
10,63,
48,4,
55,-72,
88,-20,
46,74,
00>
_________________________________
00>
00>
Printing STS1 CIR
00>
00>
_________________________________
00>
38,-2,
-22,22,
-42,5,
-43,44,
52,-13,
44,-25,
-42,-17,
-15,62,
10,102,
9,116,
39,112,
-11,6,
2,-6,
28,12,
10,7,
18,53,
-21,67,
68,10,
4,48,
7,7,
30,-8,
43,91,
62,113,
-44,77,
-5,-2,
24,24,
-22,20,
-75,52,
-13,60,
12,60,
24,0,
59,32,
34,63,
78,-1,
34,-55,
24,-57,
8,17,
10,87,
24,98,
-39,-2,
-67,5,
-54,54,
-61,106,
-42,86,
-78,28,
39,-41,
-9,29,
40,36,
28,64,
9,52,
-35,25,
-54,37,
-2,1,
42,64,
92,-32,
114,-9,
64,27,
-43,60,
-67,82,
-4,49,
-36,69,
4,5,
101,12,
136,-13,
96,73,
-77,2,
-55,6,
41,13,
72,55,
62,30,
3,20,
-19,-8,
59,31,
2,54,
76,114,
46,87,
24,21,
51,23,
45,90,
18,125,
-77,31,
-58,-4,
49,-43,
31,-10,
1,16,
-59,48,
-17,48,
31,10,
104,-24,
133,133,
23,100,
-107,136,
-49,88,
-38,18,
-32,-23,
-62,12,
-26,52,
39,96,
193,49,
174,-40,
93,-7,
35,-45,
79,0,
75,33,
4,53,
66,19,
63,12,
39,-6,
41,-51,
86,-6,
44,2,
16,-32,
-17,30,
-6,55,
-43,64,
-40,63,
24,10,
89,-31,
39,-9,
-13,33,
-48,44,
-11,-13,
17,14,
-12,-14,
48,2,
54,-15,
72,-11,
-12,39,
40,21,
77,1,
91,60,
27,69,
30,-5,
-5,-21,
5,7,
-27,46,
10,-23,
-47,19,
-53,14,
-7,47,
-9,-5,
-9,39,
-7,-25,
2,-12,
-11,53,
-23,-12,
11,-38,
64,15,
35,-26,
-34,13,
-32,36,
-15,17,
4,-9,
103,2,
139,-25,
46,7,
-4,31,
-10,17,
9,38,
11,-7,
98,-45,
101,-65,
12,-2,
-102,62,
36,-7,
120,-23,
7,-13,
-27,37,
31,41,
89,42,
-11,-17,
-51,-15,
-17,-48,
102,-45,
106,-66,
76,21,
-3,32,
-17,38,
45,27,
50,93,
68,55,
56,41,
49,-47,
32,57,
2,-11,
-34,33,
-1,-4,
9,38,
129,41,
68,49,
56,66,
46,-7,
60,12,
-16,-18,
-101,34,
-51,-33,
-5,-64,
-14,-48,
-27,32,
-34,31,
-9,49,
-42,57,
-55,21,
-10,5,
-21,54,
100,58,
115,78,
72,-18,
0,50,
12,69,
41,90,
10,37,
-47,-31,
-40,19,
26,9,
-19,-6,
17,66,
65,0,
129,-22,
25,38,
-62,25,
-2,-12,
-31,-1,
12,-62,
-80,-43,
-58,-42,
-123,0,
19,-8,
-12,34,
29,7,
21,25,
33,58,
58,53,
48,64,
-10,38,
6,-9,
6,41,
11,27,
82,54,
-20,69,
-47,107,
11,78,
34,-12,
14,-24,
8,-2,
72,19,
27,44,
2,61,
60,-55,
41,-15,
-36,-3,
-37,7,
5,22,
2,22,
92,-41,
7,4,
-28,22,
-13,-1,
-18,-6,
-46,78,
44,37,
76,2,
-27,17,
-96,-10,
-77,-58,
-7,5,
112,35,
50,38,
11,31,
43,-37,
-15,-65,
19,-1,
33,-19,
4,96,
18,77,
-19,63,
-73,83,
-66,50,
27,95,
40,52,
16,8,
8,-58,
15,5,
24,-7,
11,80,
47,62,
-84,24,
-14,42,
34,35,
-40,37,
-16,-3,
20,61,
-5,14,
2,10,
6,-15,
21,-11,
56,8,
23,3,
94,-5,
31,-4,
-53,-70,
-11,49,
-15,104,
70,72,
9,-26,
-35,42,
30,32,
47,-31,
3,54,
-31,35,
27,27,
116,-87,
182,-49,
152,17,
57,57,
54,-25,
77,12,
98,0,
62,2,
-33,17,
-20,10,
11,35,
61,57,
56,52,
15,15,
38,-35,
41,-59,
27,-7,
14,35,
-73,43,
-32,37,
49,11,
28,12,
66,1,
-13,48,
-66,46,
-46,63,
-26,3,
-3,-55,
11,-3,
-9,66,
-73,102,
-115,37,
79,-20,
128,-16,
-21,-23,
-28,45,
25,0,
106,23,
9,22,
-170,93,
-562,364,
-1531,1258,
-2569,2163,
-2362,2281,
-855,1256,
398,-68,
446,-655,
203,-944,
563,-1321,
1202,-1344,
1578,-600,
1159,393,
303,595,
-126,7,
-58,-421,
304,-362,
662,-210,
817,-235,
638,-279,
275,-147,
-8,-42,
-19,-78,
171,-142,
226,-65,
15,51,
-110,33,
-60,17,
-72,48,
-92,37,
-97,9,
-93,50,
-69,112,
-30,92,
-49,86,
-16,98,
-56,80,
-99,104,
-52,84,
9,44,
71,22,
197,4,
158,-28,
62,-24,
0,-78,
7,41,
-54,119,
-15,102,
-63,21,
-29,37,
-62,-5,
-112,-19,
-104,-15,
0,-60,
8,-61,
-50,81,
-23,168,
45,171,
157,117,
147,84,
66,69,
51,21,
35,25,
-61,-39,
-11,-72,
17,0,
-7,-49,
3,-8,
-52,-9,
-90,-59,
28,-8,
114,24,
89,-24,
-47,-70,
-45,45,
-11,105,
-93,144,
-46,124,
20,100,
65,7,
74,-97,
86,-65,
58,-75,
25,-74,
13,-47,
-9,-3,
46,-10,
12,-47,
-69,-7,
-42,-60,
2,-23,
74,-33,
56,-36,
14,-35,
15,39,
44,8,
-88,66,
-140,24,
-52,-54,
25,-104,
16,-50,
55,-48,
26,24,
86,11,
69,22,
-15,-4,
-29,2,
-137,28,
-149,-53,
-107,-66,
-48,-31,
-70,11,
-27,-8,
2,2,
44,-55,
71,-115,
65,-93,
-75,-67,
-47,-37,
70,5,
73,69,
19,9,
-22,-11,
-41,9,
17,-18,
40,-11,
36,23,
95,-7,
55,9,
18,29,
57,37,
19,47,
22,5,
-2,-84,
54,-24,
17,41,
-46,139,
-48,111,
-7,-44,
61,-18,
51,-53,
85,2,
31,-14,
79,-114,
-7,4,
-27,56,
39,37,
94,43,
32,20,
81,-18,
70,-5,
68,-108,
26,-64,
14,-41,
42,3,
68,43,
-18,28,
24,-37,
29,2,
-1,13,
-1,-44,
21,-33,
00>
_________________________________
00>
RX Timestamp: 995726266348
00>
Clock Offset: 119.019 Hz, -0.015 ppm
00>
RX Timestamp: 996798293424
00>
Clock Offset: -383.091 Hz, 0.048 ppm
00>
_________________________________
Sequence Number: 112
00>
00>
Printing STS0 CIR
00>
00>
_________________________________
00>
38,-25,
-14,10,
20,-27,
-10,3,
11,7,
3,4,
15,-36,
-36,19,
0,13,
-11,-33,
-67,4,
1,-4,
102,1,
1,18,
11,0,
8,-14,
-15,6,
11,-30,
27,-64,
-5,-10,
1,9,
3,5,
28,24,
59,42,
32,43,
5,70,
9,22,
1,9,
32,-3,
83,-27,
75,22,
111,4,
15,22,
3,-22,
2,59,
-5,14,
-9,4,
-6,14,
8,30,
27,-4,
15,23,
29,-11,
9,7,
-10,61,
15,30,
61,-36,
20,7,
-1,-10,
33,-9,
4,63,
8,46,
1,4,
4,3,
-15,12,
-7,24,
21,-17,
9,6,
32,61,
39,12,
11,-15,
72,-16,
11,31,
-4,1,
-3,13,
22,13,
26,-33,
-24,-84,
-6,10,
7,2,
8,17,
-1,18,
-33,-68,
-47,-76,
-12,-118,
-22,-48,
-13,34,
15,10,
-29,41,
-64,47,
-76,20,
-80,80,
2,11,
41,-54,
17,-21,
7,7,
12,17,
24,53,
26,20,
-83,-35,
-53,-10,
-32,10,
26,-17,
61,20,
30,62,
11,48,
-1,12,
-12,28,
33,-84,
84,-38,
4,1,
2,8,
-3,-6,
1,7,
-11,35,
-19,52,
-18,-22,
57,-37,
0,-25,
82,31,
-47,59,
-34,50,
-38,51,
4,18,
11,14,
27,16,
-8,11,
4,17,
3,4,
7,8,
13,-10,
-1,-31,
40,-14,
-45,-18,
-4,36,
6,61,
-17,-15,
-25,18,
-36,12,
-34,-31,
12,-4,
57,35,
1,3,
2,5,
-9,15,
21,3,
-35,-12,
-25,-35,
0,-88,
39,7,
-10,27,
19,10,
-46,51,
-81,3,
-36,18,
-7,3,
9,-31,
24,-8,
11,1,
6,7,
-15,14,
-14,39,
72,53,
0,56,
31,48,
-16,49,
-4,-3,
26,-15,
46,-42,
46,-43,
30,-12,
32,15,
27,15,
-18,12,
-11,7,
3,-8,
6,2,
32,-5,
-62,-79,
-23,-48,
-30,-1,
8,37,
20,52,
43,40,
11,3,
-31,52,
-11,49,
-47,-9,
2,20,
39,-29,
-5,-19,
-3,-3,
18,-1,
-9,-15,
-28,-21,
-26,-11,
-7,-20,
50,-9,
21,9,
-14,17,
-29,78,
2,30,
-7,52,
9,-29,
5,14,
18,-46,
-9,8,
8,-3,
4,4,
14,24,
36,48,
16,75,
38,60,
33,42,
23,59,
-27,-31,
64,-70,
73,9,
74,22,
0,-57,
17,15,
-51,4,
-7,16,
4,-12,
2,-6,
-26,4,
16,47,
52,47,
40,107,
30,39,
3,12,
-29,-1,
30,-95,
30,-19,
49,-14,
114,-81,
13,13,
-7,37,
21,13,
11,-4,
1,-11,
-31,18,
-5,40,
13,40,
-15,35,
5,35,
22,8,
12,-9,
19,-97,
51,-25,
49,-22,
50,-1,
-4,38,
-26,2,
3,8,
-2,-5,
18,-6,
33,-12,
-10,47,
2,12,
1,83,
25,37,
-4,-24,
-17,0,
57,3,
52,11,
47,37,
-27,-42,
0,-85,
-31,-41,
-10,21,
-3,-9,
11,4,
-5,-41,
-40,29,
-43,29,
-9,1,
53,4,
22,-19,
-14,12,
91,1,
38,-8,
26,16,
13,18,
-12,64,
-27,38,
-22,5,
-2,2,
-11,-3,
-37,-5,
64,-6,
51,2,
-36,41,
-18,-18,
-7,-38,
9,12,
16,-62,
13,-10,
5,-9,
22,-83,
10,-13,
-12,10,
-8,-6,
3,-8,
-3,10,
15,-50,
-28,-75,
-23,-7,
-16,-35,
24,13,
-4,65,
-24,-50,
18,54,
-8,40,
0,34,
-74,5,
-8,71,
-12,27,
-3,6,
8,-2,
-2,10,
11,12,
43,38,
31,4,
27,-24,
-52,15,
-1,-5,
-11,-20,
12,-48,
-31,13,
-20,-3,
51,14,
-1,89,
-44,45,
20,0,
3,10,
2,-2,
16,0,
-53,-50,
-79,-28,
-52,-80,
-52,27,
-5,0,
-17,27,
-17,116,
-16,49,
-72,66,
-63,56,
6,-10,
61,-42,
-4,-4,
-4,1,
-5,1,
15,28,
39,19,
-21,13,
-7,11,
-72,-40,
-9,1,
5,-34,
-1,-1,
61,15,
40,-3,
29,24,
1,-11,
-21,-14,
-15,40,
6,13,
-10,47,
-782,1428,
-4157,4294,
-7286,4978,
-7402,3459,
-3053,-379,
516,-1253,
3221,536,
5394,5868,
5121,7709,
4744,7704,
3075,4226,
383,-1845,
-185,-4564,
-92,-325,
27,49,
81,-19,
799,-1360,
2016,-1221,
191,-383,
-156,-641,
-1009,-480,
-91,-515,
-463,-281,
84,-470,
96,-109,
49,-102,
-290,-460,
-145,293,
-389,582,
-33,95,
8,-2,
46,-23,
162,-64,
137,316,
7,141,
19,-178,
288,-189,
212,-666,
194,-232,
291,-538,
219,-162,
213,-160,
211,-624,
96,-512,
-11,-254,
30,-27,
14,20,
19,24,
-23,142,
26,31,
97,12,
125,-40,
567,95,
104,75,
520,132,
145,-70,
116,-67,
158,-64,
347,-193,
101,-322,
19,-327,
40,-72,
3,-16,
4,-16,
-37,-115,
-167,-249,
-51,-131,
-75,-245,
-376,-190,
-144,14,
-424,0,
-57,72,
81,12,
133,17,
190,138,
-28,281,
-29,132,
-49,-85,
-35,-46,
-55,-43,
-75,-149,
14,-208,
7,-112,
36,-219,
93,-106,
34,-80,
60,-60,
47,-79,
-18,13,
7,24,
63,52,
40,-185,
0,-208,
4,-56,
-8,-3,
-2,-4,
-8,-28,
-81,-30,
4,-25,
64,-10,
181,-49,
21,-55,
85,-52,
144,-82,
65,15,
40,1,
68,-109,
42,-197,
-52,-221,
-13,-17,
-13,-16,
18,-26,
26,-92,
87,-83,
15,-36,
32,23,
124,-32,
4,11,
-104,-6,
-82,-22,
-30,12,
-42,-26,
41,-136,
8,-127,
19,-2,
3,2,
-2,-5,
2,2,
-77,43,
-35,-32,
-33,-75,
52,-111,
-4,-63,
12,-63,
-110,-7,
-104,18,
-82,35,
-83,26,
-104,-3,
-5,22,
41,-49,
-16,-10,
-4,-6,
-16,-6,
31,4,
2,-57,
3,-24,
2,-104,
-38,-74,
44,-104,
72,-17,
11,-1,
12,28,
5,7,
00>
_________________________________
00>
00>
Printing STS1 CIR
00>
00>
_________________________________
00>
-3,-49,
52,-27,
6,-13,
10,-2,
20,6,
39,5,
59,48,
12,100,
24,-3,
57,-46,
16,30,
23,3,
16,5,
47,50,
-14,17,
26,29,
11,61,
-27,17,
-1,-12,
-1,7,
-9,9,
-11,20,
9,26,
-5,0,
6,22,
4,57,
49,13,
8,-21,
2,-11,
24,51,
36,74,
5,35,
1,83,
63,41,
-30,16,
11,14,
2,1,
-40,-14,
-11,-10,
-55,-86,
15,-86,
6,-53,
-16,-8,
25,7,
11,6,
-27,-61,
45,-42,
29,-30,
26,-62,
34,-85,
-6,-2,
6,-5,
34,18,
-10,31,
-25,8,
12,-41,
10,-3,
29,-25,
-26,-3,
-5,15,
0,3,
-7,-2,
23,-51,
32,-26,
28,-12,
18,11,
-6,30,
-14,-9,
-13,-2,
2,12,
23,-9,
7,-62,
17,16,
17,10,
36,17,
-11,14,
-22,-8,
-41,7,
18,-12,
-21,-25,
4,-63,
39,-32,
32,33,
-1,-9,
4,-12,
10,-2,
44,-14,
51,101,
14,125,
-4,95,
-5,19,
11,-15,
5,9,
48,72,
5,99,
-14,103,
3,112,
-28,114,
-30,47,
-4,19,
-1,-12,
27,-2,
0,-14,
-16,-10,
-14,-2,
8,-51,
7,5,
7,-38,
-3,0,
23,-31,
52,-99,
11,-28,
31,-52,
28,-30,
0,-15,
-15,1,
-2,1,
-18,13,
-9,3,
7,-35,
7,-38,
22,19,
-32,-24,
23,-15,
-3,4,
-36,-4,
24,-33,
28,-43,
-14,-23,
-33,-11,
-116,-32,
-3,7,
17,-12,
45,-13,
37,12,
15,12,
-18,3,
-1,14,
-32,-2,
-3,23,
-2,3,
-47,-7,
-29,1,
-16,-5,
-23,-4,
-17,-17,
18,0,
4,-4,
-26,-21,
1,1,
15,11,
5,33,
22,45,
-15,7,
66,22,
-3,17,
10,17,
-7,-16,
3,-14,
-16,51,
-11,22,
-4,34,
29,42,
-7,7,
-13,-6,
-42,-26,
3,17,
43,24,
62,65,
2,43,
39,2,
-22,5,
-21,-18,
32,-15,
22,76,
-17,75,
-15,47,
15,27,
35,16,
10,0,
-14,13,
-2,-11,
6,-30,
-9,26,
6,41,
-20,24,
48,9,
22,-11,
8,13,
-28,-11,
4,31,
27,45,
58,-7,
12,-3,
27,21,
-9,-2,
32,-6,
16,-12,
-1,3,
18,1,
11,-3,
79,3,
34,-2,
11,-36,
-1,7,
-57,16,
13,40,
32,35,
37,59,
1,31,
22,-1,
1,9,
9,20,
-55,-15,
-25,5,
-48,33,
13,-24,
11,-2,
8,-4,
-1,2,
-6,5,
-28,-16,
9,-6,
-2,-11,
20,-2,
32,-35,
-3,-3,
0,-2,
19,0,
20,-10,
-6,-8,
-16,-1,
-34,27,
-4,2,
-5,-8,
-9,-12,
-10,-10,
53,18,
-1,-9,
-9,12,
-11,-6,
-9,13,
39,0,
12,-1,
-11,1,
-25,-10,
-16,-7,
25,-53,
29,-2,
23,23,
-17,-15,
17,3,
11,0,
-86,16,
9,25,
14,-18,
1,-29,
-25,-6,
-1,-8,
5,9,
15,7,
21,24,
16,-8,
42,9,
23,-44,
49,-2,
-7,-7,
15,-51,
12,8,
21,-14,
6,-1,
-1,-3,
-35,-11,
-11,24,
23,29,
3,0,
-7,-1,
-20,24,
-9,21,
-1,38,
21,40,
27,53,
3,25,
11,-4,
1,-7,
23,35,
10,60,
27,59,
13,88,
-36,73,
-4,37,
-2,3,
25,3,
23,-32,
-8,5,
28,-8,
-40,-50,
-49,-28,
20,-9,
-7,39,
2,-11,
48,-40,
30,-24,
33,-10,
23,46,
18,-15,
-42,36,
-7,1,
-43,-29,
-17,-10,
21,11,
53,-93,
32,-60,
23,-25,
-24,-23,
0,11,
-5,13,
-15,-11,
-17,14,
-3,-40,
25,-73,
-9,-26,
6,2,
12,14,
25,36,
2,21,
26,33,
13,-4,
-13,18,
16,-37,
17,3,
9,-11,
3,-3,
13,28,
9,-10,
-8,-42,
3,0,
-46,7,
2,18,
-11,-3,
33,-6,
30,25,
48,48,
61,59,
-24,47,
-27,9,
-19,21,
7,14,
8,16,
-58,-21,
20,33,
6,30,
9,11,
16,-21,
21,-20,
-1,-5,
21,22,
-68,51,
-1025,129,
-4649,1606,
-7706,1597,
-7439,-459,
-1586,-682,
320,-409,
102,-13,
-2289,-102,
-7440,-764,
-7847,-814,
-7842,-476,
-6660,-185,
-1824,-177,
-18,-5,
412,-22,
623,102,
1116,169,
2447,791,
638,413,
236,-61,
73,-58,
197,-201,
106,-11,
1580,312,
231,464,
-155,655,
-107,643,
112,579,
273,100,
70,-3,
378,1,
560,150,
715,304,
503,269,
205,-135,
159,-253,
351,36,
117,-135,
33,20,
193,266,
-10,413,
-16,155,
45,-72,
196,-246,
456,-35,
67,1,
217,41,
170,41,
89,-41,
76,-229,
54,-64,
103,11,
468,176,
93,33,
39,31,
216,84,
169,-72,
139,-288,
130,-362,
166,-221,
341,-2,
36,-9,
242,32,
291,91,
354,94,
413,-7,
210,-145,
190,-352,
147,-25,
23,-110,
-24,6,
-140,101,
-50,127,
-9,68,
31,83,
122,199,
169,127,
19,-8,
3,-77,
91,-24,
226,41,
223,276,
95,192,
59,-72,
26,-51,
57,-99,
27,-26,
369,11,
124,5,
5,130,
10,205,
267,174,
361,94,
23,4,
82,0,
124,25,
232,-11,
271,-118,
125,-59,
76,-66,
152,40,
23,-14,
11,-5,
218,22,
75,-99,
26,-53,
25,-12,
147,-70,
236,33,
21,7,
29,28,
55,23,
123,27,
218,-150,
133,-221,
117,-157,
205,22,
74,-63,
5,-10,
11,-10,
85,-29,
63,-61,
46,10,
209,10,
284,58,
18,4,
35,-5,
45,20,
26,21,
10,-30,
53,-80,
78,-123,
271,51,
56,-23,
18,13,
97,-44,
60,-70,
12,-57,
31,-7,
135,41,
151,55,
32,7,
32,13,
2,14,
56,49,
92,21,
38,-84,
108,-62,
186,37,
92,-44,
25,-9,
43,-34,
97,-46,
37,-50,
00>
_________________________________
00>
_________________________________
Sequence Number: 115
00>
00>
Printing STS0 CIR
00>
00>
_________________________________
00>
101,-18,
53,1,
-31,-22,
-45,-1,
-41,69,
45,-13,
3,-2,
-66,55,
-4,-6,
86,50,
-20,16,
-43,21,
8,25,
-16,60,
8,68,
-112,-5,
-100,-10,
37,-9,
76,14,
-17,21,
-31,-17,
-18,-21,
10,-12,
45,-30,
62,0,
18,-10,
-14,25,
-26,-18,
72,-48,
82,-69,
21,-67,
-30,-26,
-11,100,
45,3,
13,15,
-6,11,
32,-7,
26,19,
20,14,
13,-115,
78,-4,
-15,46,
-81,69,
83,72,
112,38,
7,-13,
63,37,
103,60,
9,-23,
21,-41,
-30,-16,
-42,-17,
19,-29,
17,-3,
-14,-14,
70,-27,
44,38,
-8,73,
-50,81,
-3,-13,
22,23,
31,25,
78,-16,
34,13,
-21,50,
-3,105,
81,29,
82,-66,
53,17,
-25,91,
-13,54,
105,26,
113,-4,
25,-13,
-24,-38,
20,40,
75,26,
40,-5,
-19,16,
0,34,
83,84,
65,-44,
21,10,
28,-36,
-57,-57,
-15,-19,
53,84,
6,56,
-43,16,
11,-16,
61,-93,
12,-123,
16,-50,
-31,-1,
10,41,
-40,0,
-11,-24,
-21,-106,
14,-33,
-7,57,
-47,55,
-6,30,
11,27,
-3,30,
34,-53,
35,-56,
54,7,
10,8,
0,-46,
13,58,
88,52,
111,30,
52,76,
65,43,
11,-62,
-38,93,
-33,-7,
-12,-48,
-35,27,
-3,8,
-7,40,
14,52,
9,-38,
4,-34,
32,-53,
-28,32,
-53,29,
12,-63,
26,-70,
-16,-8,
-36,20,
-14,25,
-51,-17,
30,-79,
5,-48,
37,-4,
3,16,
-24,-68,
-7,-48,
63,-90,
11,-43,
-122,5,
-27,10,
-59,-11,
-65,-20,
-40,30,
-15,-11,
22,31,
2,20,
34,59,
-5,24,
0,-54,
70,4,
74,-44,
-33,25,
-15,51,
-12,57,
-36,55,
-1,-25,
-29,15,
64,-3,
-24,0,
7,4,
8,-7,
-10,36,
6,8,
-8,-29,
-50,-18,
-40,77,
29,7,
-21,35,
-21,24,
-38,-48,
28,19,
6,46,
32,-15,
-12,-6,
-41,-21,
16,-13,
5,-27,
-59,-53,
-26,-17,
33,61,
-15,-12,
-36,-124,
9,-72,
-43,-4,
-82,36,
1,52,
-65,18,
-4,36,
-9,-63,
-62,-16,
-6,33,
45,-41,
55,62,
34,100,
-17,-54,
-37,-68,
-35,-34,
-43,85,
0,79,
-2,25,
-31,-2,
19,4,
86,-68,
12,-78,
10,44,
131,19,
56,-94,
10,-40,
-1,-64,
-3,-60,
18,-5,
-3,34,
-36,62,
-112,-39,
-119,-58,
-59,-21,
1,43,
33,10,
36,-81,
-60,-80,
-68,16,
-22,0,
-1,38,
81,52,
96,4,
-11,-5,
-66,-10,
-66,-23,
1,20,
14,3,
-1,41,
92,-4,
87,-37,
94,-48,
46,-32,
-14,-22,
-38,-15,
-41,-15,
93,-28,
57,-39,
63,34,
42,48,
114,-1,
68,46,
79,10,
19,-23,
-13,9,
-127,16,
-62,-21,
21,31,
41,-71,
-5,-77,
6,-3,
24,-27,
42,-5,
17,-9,
27,6,
61,20,
91,12,
43,-20,
-45,73,
-57,96,
12,26,
65,-50,
29,42,
34,-16,
-42,-2,
-59,-1,
-63,23,
70,66,
-11,12,
32,-55,
-46,9,
29,-2,
9,-6,
22,-18,
0,4,
-61,23,
-14,43,
13,104,
-5,21,
62,14,
89,-87,
21,-2,
27,-3,
-38,-29,
9,-61,
46,47,
4,-9,
-10,40,
3,10,
-35,-22,
-17,-5,
10,29,
-34,-39,
-20,-45,
12,52,
-2,99,
23,43,
28,5,
-19,-59,
64,17,
92,59,
58,44,
68,21,
93,-16,
66,-10,
33,-15,
-10,-15,
2,-64,
-20,-66,
27,2,
60,29,
47,7,
36,39,
39,62,
90,23,
9,-52,
0,15,
46,0,
109,-16,
-35,-21,
-75,18,
-32,39,
-10,15,
-73,-19,
14,-13,
41,-32,
-18,67,
-17,37,
-47,25,
-5,-6,
31,-25,
24,-13,
-34,20,
1,-5,
73,-22,
51,-82,
64,-52,
17,3,
-3,-4,
-39,-32,
-5,-46,
53,-67,
40,-9,
-3,21,
-44,-19,
-50,-14,
21,12,
-23,21,
11,5,
-17,23,
4,33,
10,25,
-261,-657,
-982,-2723,
-1896,-5005,
-2202,-4764,
-1192,-1364,
-88,1304,
670,888,
983,-1731,
1450,-4382,
1978,-5655,
1855,-5411,
1079,-3825,
323,-1707,
36,-25,
102,801,
-10,1010,
-258,1192,
-380,1503,
33,1220,
559,589,
746,70,
456,142,
325,344,
135,545,
-132,612,
-372,472,
-424,417,
-270,364,
-22,368,
110,417,
36,251,
-75,148,
-215,23,
-119,15,
-41,39,
19,219,
198,244,
215,53,
193,-112,
-7,-224,
-209,-282,
-310,-134,
-155,80,
-27,246,
-17,202,
20,110,
149,4,
327,-86,
419,-77,
399,-73,
247,37,
133,28,
24,-17,
7,-1,
-28,-4,
-117,-60,
-212,59,
-253,-37,
-185,-18,
-100,23,
-10,167,
-33,319,
-62,324,
-81,201,
36,103,
-37,74,
-37,86,
-67,81,
85,118,
42,124,
-31,157,
-86,176,
-29,187,
-143,125,
-255,58,
-280,-30,
-193,-123,
1,-33,
162,131,
189,128,
162,146,
167,118,
146,112,
35,162,
-20,236,
0,268,
125,66,
174,39,
161,21,
108,74,
-28,30,
-91,65,
31,17,
91,123,
77,102,
102,184,
48,122,
85,26,
196,19,
70,56,
-6,179,
-22,157,
-3,147,
7,146,
18,44,
73,8,
110,-3,
104,-27,
112,-5,
43,76,
27,113,
-9,73,
18,23,
99,2,
39,-34,
-7,19,
-30,60,
-50,60,
0,112,
42,91,
28,66,
33,29,
47,75,
-19,72,
48,45,
77,-14,
6,18,
-80,91,
-88,167,
-87,106,
2,38,
16,38,
-12,49,
3,78,
-10,69,
19,39,
120,-25,
53,70,
28,44,
-54,108,
-7,76,
-3,97,
-85,47,
21,17,
-47,45,
-2,130,
-23,113,
-24,119,
73,103,
77,63,
12,51,
-3,-37,
0,29,
17,52,
10,132,
00>
_________________________________
00>
00>
Printing STS1 CIR
00>
00>
_________________________________
00>
12,82,
8,-9,
2,-58,
15,-26,
27,35,
16,14,
59,-31,
28,-8,
-2,30,
-30,-48,
23,-22,
48,98,
35,194,
43,55,
-30,-20,
-59,-44,
-38,40,
64,-46,
58,-14,
-14,41,
-31,22,
-34,-19,
-26,21,
20,-39,
-2,-6,
62,-54,
13,-98,
-5,-33,
-42,6,
35,49,
19,-1,
-8,19,
19,10,
10,46,
34,66,
-4,-10,
11,-46,
-24,-26,
-62,21,
-53,-4,
15,24,
-40,29,
34,47,
28,36,
15,0,
42,-36,
36,-103,
61,-31,
26,21,
-16,7,
88,14,
-2,-47,
50,4,
31,-65,
66,-32,
1,17,
-66,75,
-17,7,
7,-27,
88,-1,
22,16,
-15,-31,
66,-57,
1,-21,
62,1,
84,44,
27,65,
47,64,
5,-2,
36,14,
12,-38,
-22,20,
-33,-10,
-37,17,
-16,49,
-25,36,
4,29,
42,-31,
-2,-41,
-2,31,
2,31,
43,13,
29,62,
18,61,
1,20,
67,35,
-22,5,
56,72,
62,57,
38,5,
-19,19,
-5,45,
-24,20,
-91,-39,
-38,-20,
-42,35,
53,23,
14,42,
-45,27,
0,48,
56,0,
68,-63,
102,-56,
4,-20,
-51,17,
-48,-44,
-14,-41,
-33,-8,
14,-7,
-47,30,
-22,11,
-53,-12,
-52,-40,
-6,-79,
120,-64,
80,31,
41,60,
39,-8,
-39,1,
-19,-8,
-12,41,
51,56,
11,76,
18,70,
18,23,
74,-30,
112,-14,
35,-46,
118,-15,
28,-3,
37,-10,
8,-32,
-15,5,
2,70,
27,17,
-42,3,
-124,15,
-72,76,
40,-33,
5,40,
45,12,
94,6,
30,18,
46,22,
2,57,
-69,-6,
-36,12,
3,-11,
-30,7,
10,-12,
-4,-32,
-11,-18,
12,-22,
74,73,
19,21,
-17,45,
-6,72,
17,21,
63,22,
74,-4,
2,24,
1,8,
-60,5,
-17,-13,
-46,73,
-15,36,
-55,4,
30,36,
41,74,
82,37,
25,27,
15,60,
4,68,
-16,-19,
-79,-54,
13,-63,
54,-51,
13,-42,
-1,-10,
-37,9,
-10,31,
-16,36,
-51,23,
-12,5,
36,-35,
-40,3,
-86,-16,
-63,-47,
6,-48,
-72,8,
-144,86,
-72,54,
-42,-23,
41,-15,
31,20,
41,98,
18,65,
0,-16,
28,-43,
44,42,
3,53,
8,34,
-22,11,
-24,1,
49,16,
17,74,
3,-38,
-43,-16,
-70,64,
-11,72,
-2,17,
-68,32,
-62,-3,
-54,28,
-37,24,
-4,73,
88,43,
59,1,
43,74,
0,-16,
4,-76,
-78,-64,
-100,-45,
-17,-8,
31,59,
9,-4,
-1,-2,
-37,-22,
-56,-49,
-5,41,
16,-69,
15,-32,
70,-35,
30,-73,
-12,-21,
1,22,
44,-35,
-10,-25,
-3,0,
-16,-19,
-19,-32,
-7,14,
-32,13,
-14,-20,
27,43,
-10,-19,
-26,35,
-11,14,
22,67,
-3,8,
-57,-45,
84,9,
38,63,
-38,-88,
12,-61,
-37,3,
27,7,
20,10,
9,23,
-37,8,
15,27,
30,-1,
9,22,
-46,69,
9,56,
80,-35,
29,20,
-6,39,
-65,77,
-55,45,
20,-8,
87,-21,
79,18,
32,28,
-23,37,
43,15,
16,60,
-39,22,
37,57,
18,58,
48,23,
69,-31,
-20,57,
-3,33,
30,35,
-11,30,
-84,-59,
-4,-56,
23,-35,
-62,-42,
41,-37,
40,-1,
-58,12,
-56,-8,
-29,-18,
-80,39,
-131,34,
-53,13,
31,72,
-5,25,
31,29,
77,-72,
53,-93,
37,11,
15,-22,
15,-36,
11,-3,
-54,23,
-20,-9,
3,-65,
60,-38,
41,-48,
-3,-40,
-26,-28,
18,-4,
-14,-14,
17,-3,
41,-60,
-8,-9,
33,66,
14,28,
5,-30,
25,-48,
5,36,
1,18,
-21,12,
43,-76,
8,-62,
19,-1,
-42,41,
-49,150,
-65,66,
98,-59,
28,-75,
30,-10,
-17,-12,
-7,-24,
47,16,
86,-18,
62,-6,
-65,44,
1,-16,
-1,-45,
29,47,
25,25,
-20,91,
44,24,
36,-22,
47,1,
20,-35,
19,67,
33,-61,
12,-7,
46,-47,
-24,72,
-13,-12,
26,-49,
132,-657,
520,-2687,
751,-5305,
414,-5917,
-315,-3370,
-461,-206,
160,1194,
793,1530,
935,2250,
325,3316,
-1177,3075,
-2135,1301,
-1301,-351,
157,-505,
703,154,
13,620,
-713,883,
-975,1273,
-529,1180,
-73,519,
86,-31,
61,15,
-87,326,
-122,418,
37,181,
79,-21,
100,-110,
89,-73,
170,21,
171,55,
7,-92,
-45,-304,
0,-315,
33,-72,
-74,-17,
-98,-80,
-1,-209,
66,-158,
-83,-125,
-161,-16,
-202,119,
-150,210,
-63,154,
-45,144,
-11,96,
8,-33,
39,-99,
129,-93,
129,-26,
138,-75,
176,-115,
260,-98,
56,-90,
-34,-22,
-59,-25,
-177,12,
-255,35,
-295,193,
-206,212,
-180,147,
-118,44,
-171,45,
-110,69,
-33,111,
-65,142,
-21,106,
7,93,
32,85,
12,104,
-3,109,
-75,208,
2,180,
8,23,
-9,-147,
17,-251,
-15,-276,
-36,-176,
-76,-56,
81,105,
179,151,
96,261,
5,295,
86,196,
222,126,
200,143,
5,65,
-62,1,
-24,87,
47,45,
37,58,
-43,40,
-33,0,
15,-17,
60,-3,
32,-137,
33,-145,
37,-65,
51,8,
-8,-13,
-104,-38,
-67,7,
28,-50,
27,-22,
-49,64,
-63,76,
-27,7,
83,13,
170,-6,
164,19,
24,67,
-12,36,
9,3,
-1,-61,
74,0,
68,39,
20,92,
3,-26,
54,-70,
-29,-7,
-59,-1,
6,14,
32,-40,
-29,28,
-61,55,
-13,-11,
-8,-84,
42,69,
20,14,
-28,-20,
-49,-10,
-7,22,
20,60,
-3,79,
-8,89,
9,39,
51,-43,
101,-14,
53,69,
10,-20,
60,-47,
11,-16,
-1,109,
-8,58,
-10,-7,
59,-18,
42,3,
69,-23,
-2,-16,
56,67,
-26,42,
-24,58,
-17,4,
71,-51,
74,-61,
12,-9,
00>
_________________________________
00>
RX Timestamp: 36512275763
00>
Clock Offset: 29.755 Hz, -0.004 ppm
00>
RX Timestamp: 37586109182
00>
Clock Offset: 974.464 Hz, -0.122 ppm
00>