Sequence Number: 208
00>
00>
Printing STS0 CIR
00>
00>
_________________________________
00>
-91,-15,
-15,-23,
86,-62,
93,-64,
-14,-46,
8,-58,
-13,-15,
-11,-109,
28,-82,
-15,45,
-25,49,
-1,81,
68,43,
19,12,
10,44,
61,59,
55,36,
19,-30,
-29,-9,
-74,33,
-31,-6,
-12,-6,
-32,-105,
16,-99,
-15,-24,
-40,70,
1,68,
16,-41,
39,-83,
37,-84,
34,33,
21,26,
-12,11,
-57,-13,
-35,19,
-14,42,
98,37,
85,57,
-27,39,
-55,35,
-24,23,
91,18,
47,-11,
43,3,
-37,-11,
14,16,
0,-32,
17,15,
11,-67,
71,-54,
3,-19,
-6,15,
-80,-25,
-74,-26,
-57,9,
-106,61,
-153,42,
-46,81,
80,31,
39,-23,
-32,32,
-58,38,
29,4,
27,40,
36,-46,
-5,35,
25,20,
12,11,
59,-12,
6,-45,
-65,-9,
-92,-32,
-86,-73,
-63,-2,
-46,12,
-24,-43,
-23,-22,
-22,62,
26,28,
-10,19,
60,-6,
18,69,
81,48,
87,-36,
-3,-23,
-14,37,
-19,67,
-33,120,
-50,17,
-35,-33,
67,-1,
51,28,
-16,-23,
-74,-40,
-26,85,
25,27,
66,96,
10,-72,
-33,-59,
-11,-11,
-51,3,
-31,-15,
-46,8,
6,23,
23,38,
-1,-8,
5,-24,
39,54,
-25,-4,
-98,-6,
-99,-20,
-17,-24,
24,19,
25,-35,
22,-84,
85,-46,
15,113,
75,84,
32,29,
-15,-43,
-59,52,
30,11,
79,59,
-27,13,
-16,-67,
42,-67,
4,-54,
6,-122,
-40,3,
8,-17,
40,47,
-36,-23,
-110,-18,
-47,-27,
-46,19,
-2,18,
-44,-15,
21,-42,
73,46,
21,54,
82,-4,
-39,-81,
-38,-94,
8,-8,
19,9,
-58,35,
-1,28,
-25,-15,
-52,-69,
-28,-57,
-40,-18,
52,-38,
87,-44,
27,50,
-71,55,
15,-4,
70,3,
27,-1,
1,40,
3,35,
2,3,
-9,14,
-7,38,
-66,83,
-19,20,
74,87,
52,64,
29,13,
18,-10,
-57,-17,
-23,31,
-6,-12,
46,-7,
15,-46,
-16,-108,
-17,-68,
-45,6,
-7,-27,
48,6,
56,24,
37,-67,
-6,-32,
45,-1,
101,-2,
27,-41,
48,18,
-10,39,
27,93,
-1,-21,
93,49,
58,-11,
5,-5,
-53,25,
-9,30,
-70,26,
-15,64,
-57,7,
-35,-60,
0,-13,
5,3,
40,-41,
23,-8,
8,-43,
38,12,
39,-63,
-30,-78,
-12,-6,
-16,30,
20,-10,
-48,-7,
-2,-48,
-10,-37,
-18,-74,
-26,-27,
-51,-28,
-32,-108,
-51,22,
-88,36,
-34,-14,
-15,-94,
43,-83,
15,-76,
-3,-42,
3,-37,
0,-56,
10,18,
43,25,
69,36,
17,43,
-37,-46,
-53,-84,
-74,23,
64,62,
-8,50,
5,-14,
36,30,
31,33,
-17,-38,
-8,-11,
38,-10,
31,-16,
28,28,
-17,-40,
-62,-11,
-79,3,
-56,-29,
-13,4,
-38,19,
78,33,
26,19,
-9,-8,
28,-93,
66,-54,
12,-53,
39,30,
-27,-16,
-52,42,
-22,32,
15,90,
49,12,
15,-25,
-42,9,
8,1,
24,-11,
-4,-61,
-26,-31,
-7,44,
22,10,
45,-11,
16,-60,
-67,2,
-24,32,
45,12,
-17,26,
-39,64,
-22,49,
79,33,
74,12,
79,38,
20,34,
-20,7,
25,-51,
20,35,
1,25,
-22,-78,
-45,-12,
-59,58,
15,-15,
13,-37,
-8,-57,
5,-50,
-24,4,
33,15,
-7,-54,
7,6,
17,-13,
80,-28,
23,-1,
2,60,
-70,1,
-51,36,
-66,51,
-52,114,
-45,17,
7,-1,
-57,-54,
-10,-21,
-17,41,
43,69,
-3,23,
-80,32,
-28,-28,
2,-6,
17,-38,
4,-42,
26,-59,
6,-16,
62,1,
31,-22,
-9,-37,
41,-19,
-4,16,
-6,37,
96,-6,
78,-1,
-48,41,
-15,51,
56,-8,
67,-3,
28,-19,
-55,-25,
30,63,
33,-39,
84,13,
24,36,
-19,55,
50,57,
-44,-25,
-5,-25,
24,58,
36,34,
14,30,
16,84,
18,146,
21,83,
18,80,
76,57,
100,48,
50,1,
-66,34,
-9,37,
17,94,
13,26,
54,-25,
-50,54,
-469,1020,
-2348,3685,
-4708,5829,
-5375,4903,
-2455,539,
1400,-3024,
1719,-2808,
-664,-1310,
-2447,-1047,
-2313,-1154,
-1172,-715,
-233,-172,
129,-88,
442,-343,
886,-599,
1099,-440,
748,-212,
181,-440,
-328,-728,
-487,-1105,
-675,-1014,
-715,-361,
-287,238,
110,206,
261,-13,
312,-2,
359,105,
302,186,
158,150,
185,72,
308,-11,
311,59,
199,124,
93,281,
68,317,
42,348,
-115,402,
-105,301,
-133,262,
8,234,
131,204,
139,226,
36,198,
-97,48,
34,-14,
243,30,
296,79,
224,18,
79,-94,
-4,-148,
-82,-129,
-24,-37,
-57,-1,
-106,-53,
-155,-77,
-140,-310,
-36,-265,
68,-114,
153,92,
155,255,
140,216,
-12,133,
-140,-60,
-193,-251,
-37,-292,
168,-303,
196,-32,
201,51,
171,129,
112,73,
139,85,
219,10,
157,-76,
-28,-229,
-82,-282,
61,-534,
248,-476,
218,-324,
13,-187,
-59,-137,
-88,-138,
-75,-122,
-97,-20,
-46,-40,
-21,-53,
82,-26,
160,6,
102,-43,
108,-86,
116,-8,
34,18,
66,35,
89,-25,
57,-39,
96,-56,
63,-89,
87,22,
102,-18,
159,56,
135,46,
100,-21,
67,-84,
38,-48,
72,59,
63,-11,
69,-7,
92,57,
53,82,
-81,42,
-88,15,
21,58,
-12,-23,
-37,-91,
-31,-169,
-6,-80,
47,-36,
83,-53,
70,-53,
59,-33,
102,-14,
104,75,
17,71,
-33,-32,
-63,-45,
-30,-23,
94,62,
129,-2,
91,-13,
72,26,
38,79,
37,85,
23,-2,
37,-81,
-39,-17,
14,-67,
70,-52,
53,50,
149,13,
68,51,
11,70,
70,52,
60,64,
117,40,
62,-24,
53,60,
87,17,
43,-60,
82,-33,
-28,-77,
38,10,
102,23,
75,32,
-8,-65,
13,0,
41,12,
82,48,
78,45,
00>
_________________________________
00>
00>
Printing STS1 CIR
00>
00>
_________________________________
00>
22,-31,
22,-11,
-19,-51,
-51,17,
7,-18,
107,40,
30,18,
13,12,
-33,48,
20,13,
77,25,
43,18,
14,-16,
-16,39,
-33,106,
-33,97,
32,64,
-34,22,
-45,-17,
-16,-5,
62,35,
0,-8,
-32,27,
-28,50,
4,-14,
13,45,
-9,77,
11,127,
-70,-27,
-18,-44,
-7,23,
75,2,
36,-61,
-27,-81,
-26,-58,
-77,-13,
-29,-21,
21,-23,
29,12,
20,60,
22,-68,
-26,-52,
15,-62,
16,-32,
12,8,
78,-33,
-4,-44,
-27,-23,
4,12,
-10,3,
28,16,
39,-2,
6,31,
36,26,
32,53,
-50,67,
8,36,
-16,-3,
-13,7,
20,49,
-7,19,
33,-12,
15,-43,
-65,8,
27,35,
12,-18,
66,40,
-45,80,
13,33,
-53,26,
-7,34,
18,44,
24,-47,
33,2,
3,55,
-31,-17,
46,-5,
49,-22,
10,-17,
34,37,
23,35,
-36,50,
22,27,
49,44,
67,50,
-91,43,
-51,42,
15,14,
51,-104,
29,-106,
-24,-108,
54,-46,
3,-55,
-49,7,
-71,32,
-5,-6,
-34,-76,
6,5,
-15,16,
61,62,
105,-23,
-6,-37,
42,-10,
11,8,
4,28,
-2,-4,
-2,63,
0,55,
-4,-13,
-38,33,
-37,77,
-38,0,
-25,-90,
-51,68,
-57,8,
-20,-34,
44,-48,
42,-9,
-19,14,
-29,3,
33,5,
-41,-1,
-52,20,
-74,40,
-52,-38,
-68,-9,
-20,55,
7,21,
4,38,
-43,25,
-3,32,
41,-16,
-37,1,
-11,-45,
17,31,
45,-17,
1,-49,
-53,29,
-100,49,
-31,27,
35,-16,
23,18,
-20,17,
32,35,
45,85,
33,21,
37,8,
-16,18,
-32,-41,
-69,-35,
-30,-49,
46,-2,
56,-32,
46,-31,
-21,-35,
-42,28,
-15,22,
-40,-51,
14,-77,
66,-10,
47,79,
3,20,
11,-50,
-19,-30,
-45,-21,
-22,-17,
-75,59,
-32,-84,
15,-15,
5,-44,
9,-29,
-74,29,
-57,-43,
19,-70,
31,-10,
-19,0,
-57,-1,
51,11,
55,38,
56,14,
-15,-98,
-31,-19,
75,61,
63,43,
-65,-42,
-24,-75,
-27,39,
-35,28,
11,5,
-63,-27,
-55,-33,
-21,-22,
29,-19,
37,13,
-5,-6,
-4,27,
1,-31,
14,-13,
-2,48,
32,-3,
67,-5,
9,-55,
-14,25,
-37,27,
-9,-20,
-8,27,
-21,75,
37,35,
-2,-11,
9,7,
-24,44,
15,26,
-13,-15,
24,28,
12,14,
-36,16,
8,0,
60,-17,
48,1,
-26,-33,
-23,-66,
-20,-41,
34,9,
7,-29,
3,-16,
-1,-53,
52,-18,
39,-20,
3,-74,
104,-13,
44,-48,
-40,56,
-4,67,
38,21,
75,42,
20,6,
-5,75,
-48,85,
-86,61,
-46,-3,
-8,14,
-37,6,
-81,-9,
-15,10,
45,-19,
19,38,
26,47,
-18,-10,
-36,-13,
-5,-39,
1,-55,
27,-23,
56,62,
32,22,
54,8,
17,3,
-2,7,
52,-26,
-2,23,
-61,26,
-86,-29,
-63,-5,
39,-21,
20,4,
34,30,
-29,-4,
-9,-25,
-66,-57,
-96,-50,
-23,-63,
-55,-16,
-20,-85,
93,-101,
72,-30,
-20,50,
-69,39,
-157,56,
6,11,
71,26,
47,-14,
29,61,
39,-19,
44,-3,
-31,-12,
1,-27,
-41,52,
-126,12,
-50,13,
34,45,
24,-15,
-40,-3,
-78,54,
-48,89,
-80,-5,
-174,-66,
-103,12,
33,7,
1,-12,
-43,26,
-49,-1,
13,0,
-8,-37,
23,-15,
-52,-40,
-28,16,
-70,-7,
-37,-66,
-36,-28,
47,-12,
15,-38,
25,13,
36,-13,
31,54,
22,42,
-45,61,
-10,-15,
78,-35,
-69,-54,
-59,-26,
-58,25,
-34,65,
-13,-1,
38,12,
55,48,
0,-3,
-35,-11,
-44,-28,
-89,10,
-17,54,
-26,49,
36,29,
24,12,
-62,3,
-58,-50,
-24,-30,
5,-41,
-8,-59,
94,12,
93,48,
47,-1,
12,26,
8,-14,
15,30,
-27,16,
-45,27,
16,-104,
14,-105,
-5,-62,
-6,37,
-19,79,
17,35,
5,27,
-26,2,
-65,4,
17,116,
-82,1013,
-1201,4117,
-3356,6681,
-4742,5822,
-2856,875,
716,-2714,
1577,-922,
-151,2770,
-1467,4347,
-944,3147,
46,1291,
395,281,
258,33,
71,196,
-193,603,
-357,708,
-253,341,
-213,-285,
-186,-402,
-225,-713,
-191,-861,
-181,-528,
-116,-75,
103,-155,
169,-382,
112,-482,
41,-258,
40,-126,
-68,-234,
-129,-351,
51,-332,
159,-170,
125,20,
-115,-48,
-73,-74,
80,-99,
334,-37,
196,229,
-118,27,
-111,-227,
37,-248,
223,40,
107,239,
-128,100,
-347,-15,
-292,-24,
-84,40,
82,76,
139,66,
109,23,
60,-81,
74,-61,
189,-90,
83,-109,
-73,-146,
-53,-134,
28,-105,
102,-49,
15,-21,
78,-116,
95,-100,
97,-128,
29,-86,
110,-137,
163,-217,
278,-204,
184,-6,
101,8,
121,-19,
5,41,
-34,-14,
11,-79,
37,-54,
36,-46,
143,-246,
199,-485,
159,-421,
105,-427,
52,-395,
127,-322,
152,-257,
112,-257,
43,-24,
101,56,
26,21,
-57,-29,
-28,-103,
-38,-113,
-26,-55,
-31,37,
67,4,
146,-82,
67,-68,
87,30,
129,92,
110,42,
63,-132,
-2,-214,
-31,-71,
-13,42,
-97,-14,
-95,-40,
-31,-103,
112,-69,
53,-44,
-17,-57,
-10,-37,
-13,-49,
-48,-71,
-73,-56,
-12,-74,
33,-136,
9,-123,
6,-42,
-31,-22,
-82,-59,
41,-229,
190,-111,
183,-66,
112,-108,
72,-106,
109,-69,
-31,-80,
22,-36,
26,36,
50,51,
89,34,
73,-11,
13,-39,
8,-24,
-69,-23,
-37,-15,
22,-89,
26,-22,
-27,52,
-40,67,
-16,1,
4,-105,
89,-86,
48,-1,
44,-11,
-30,43,
70,-29,
67,-32,
105,-77,
99,-54,
-26,-21,
-111,24,
-78,-89,
-7,-118,
-22,-92,
32,-86,
33,-32,
9,-36,
-26,-17,
38,-7,
95,-74,
00>
_________________________________
00>
_________________________________
Sequence Number: 211
00>
00>
Printing STS0 CIR
00>
00>
_________________________________
00>
68,15,
27,-60,
-26,-7,
41,-14,
45,23,
20,-15,
-28,-71,
11,-43,
2,49,
-12,69,
13,13,
-24,-31,
40,-81,
33,-38,
37,19,
-34,-4,
-15,56,
-2,50,
-2,-2,
21,-3,
-54,-15,
-11,-49,
-35,-23,
61,-15,
122,-79,
38,-6,
-35,-17,
7,-4,
9,48,
-80,-6,
-50,-3,
-3,-28,
59,36,
21,-17,
42,28,
39,-22,
4,-81,
12,-106,
33,-43,
38,26,
69,36,
56,22,
26,-2,
14,-36,
-53,39,
-86,28,
-34,-4,
11,28,
-46,-2,
-77,-10,
-20,4,
-8,-26,
5,-26,
7,-33,
64,11,
12,4,
-6,18,
14,17,
17,-39,
-4,34,
-38,-2,
22,-19,
10,-60,
-53,-27,
-57,-1,
47,76,
40,56,
54,-29,
3,29,
30,-23,
31,-16,
37,58,
19,98,
29,2,
58,27,
63,2,
-1,-38,
73,-52,
45,22,
47,-5,
52,-39,
38,55,
58,27,
50,35,
-30,16,
-27,19,
-115,-22,
23,49,
-25,67,
4,-17,
-12,-36,
9,-34,
-18,14,
-13,54,
16,-5,
34,6,
5,-8,
77,-52,
36,11,
-6,0,
-20,35,
-13,8,
-28,-3,
-17,69,
-27,-2,
8,25,
53,20,
31,34,
-13,-43,
-46,-7,
3,23,
6,35,
24,2,
-8,22,
-39,2,
32,62,
45,57,
66,-3,
62,-19,
84,19,
102,30,
146,-7,
35,68,
20,15,
61,-40,
6,-15,
-64,-18,
-13,-68,
-19,73,
-19,86,
0,3,
44,10,
27,-13,
-10,40,
81,-6,
-31,-80,
-31,-88,
-29,-62,
-14,13,
28,22,
54,3,
-35,9,
-7,16,
45,9,
35,-21,
-32,-14,
-64,15,
-3,-10,
-14,-7,
-40,-44,
-86,-41,
24,1,
29,-46,
39,20,
-26,25,
2,27,
11,-32,
47,-60,
8,-44,
-37,-13,
6,14,
106,-20,
3,50,
-82,7,
-32,-18,
-12,13,
-45,19,
91,-3,
58,-50,
46,-65,
50,-26,
-64,60,
-95,27,
5,-42,
8,-36,
1,-21,
38,-43,
85,-73,
62,2,
-60,-2,
-8,17,
-48,13,
11,-34,
-10,-12,
58,56,
-2,20,
-48,62,
2,27,
0,13,
-70,19,
-48,-28,
-19,27,
29,34,
30,42,
3,-29,
-37,-1,
-20,48,
44,87,
41,42,
54,-1,
-5,3,
-24,30,
-59,32,
14,35,
-16,-14,
26,-2,
30,27,
37,6,
42,68,
54,70,
-21,11,
21,0,
39,-26,
84,-44,
30,-49,
45,-31,
-28,-29,
-43,-8,
-36,83,
31,87,
23,76,
-10,25,
5,-20,
10,32,
72,-5,
54,21,
-29,-21,
-27,-27,
-27,-13,
23,7,
37,28,
45,-39,
68,-10,
52,-17,
23,-2,
-29,-15,
-25,14,
-6,80,
25,21,
75,41,
-7,32,
-18,4,
7,-15,
-37,15,
-44,-13,
-26,40,
-31,-59,
51,-19,
118,-45,
16,-26,
0,14,
46,-17,
38,40,
22,46,
16,-11,
8,53,
35,12,
-19,11,
1,-34,
84,-23,
39,-49,
-44,9,
-11,-53,
27,-88,
61,-67,
52,-21,
21,68,
17,16,
33,-26,
-40,-36,
2,-9,
22,22,
55,0,
22,-6,
55,-5,
-18,-92,
30,-38,
2,10,
36,-45,
4,-27,
8,-41,
85,12,
86,-2,
64,38,
-46,2,
-36,31,
-8,44,
21,-55,
16,-3,
-44,17,
46,-13,
35,-15,
-22,-4,
-7,-48,
-20,90,
-3,123,
-25,22,
-3,-35,
76,-54,
86,39,
17,44,
34,-41,
36,-23,
56,-9,
44,-16,
29,16,
72,28,
14,13,
-4,-6,
-1,-54,
68,35,
-10,13,
26,48,
133,-51,
77,-4,
-14,-10,
-13,38,
-25,-11,
38,-69,
20,-19,
-65,-17,
-20,-37,
43,-41,
-1,-14,
-39,-8,
4,-21,
65,15,
106,34,
67,85,
37,-11,
1,1,
-51,-5,
-17,-2,
-27,35,
-50,-54,
-12,-19,
17,24,
-20,-18,
0,-38,
30,-16,
-14,57,
25,-1,
24,-42,
11,-88,
-2,-39,
46,45,
76,-76,
29,20,
-22,0,
70,75,
7,8,
-41,-15,
-26,-27,
37,24,
10,6,
9,-35,
-138,-20,
-958,-124,
-3775,-872,
-6361,-2554,
-4899,-3711,
45,-2196,
2380,28,
670,1752,
-2076,2585,
-2670,2932,
-1336,2475,
-231,1126,
100,-14,
40,-258,
-231,175,
-542,491,
-518,323,
-238,-81,
260,-386,
357,-712,
296,-796,
-23,-559,
-212,-39,
-73,9,
279,-268,
536,-441,
395,-137,
46,146,
-126,220,
-113,101,
-61,0,
-132,22,
-296,82,
-295,124,
-87,80,
159,0,
371,21,
347,-3,
74,-48,
83,-168,
116,-162,
176,-41,
60,-48,
19,-38,
-51,37,
-103,-21,
-110,-76,
45,-99,
128,-31,
145,91,
325,183,
245,166,
203,112,
97,-41,
-8,-82,
-25,-86,
8,-145,
10,-103,
65,-26,
50,98,
24,123,
62,69,
105,-40,
176,-75,
189,21,
190,106,
299,144,
170,31,
116,39,
41,10,
44,-32,
110,-137,
282,-284,
264,-293,
171,-262,
168,-231,
173,-230,
241,-176,
132,-12,
-33,30,
-90,-35,
-80,-37,
-145,5,
-103,-12,
-54,-33,
-2,-1,
1,51,
26,80,
11,40,
4,-20,
11,-1,
59,84,
112,39,
99,13,
128,41,
48,106,
17,74,
73,89,
95,40,
-6,-41,
42,-50,
67,-72,
88,-92,
48,-20,
70,-76,
96,-7,
80,1,
-9,11,
-30,29,
5,-4,
4,22,
50,49,
40,21,
-17,-58,
71,-108,
53,-116,
63,-52,
26,-11,
73,37,
136,30,
127,41,
62,19,
58,-24,
-24,57,
51,14,
43,-36,
35,-51,
9,-14,
1,-10,
78,-69,
188,-11,
130,-46,
86,-29,
63,28,
21,82,
103,64,
52,6,
46,15,
-2,69,
14,36,
-10,3,
31,-4,
87,15,
117,32,
20,32,
10,38,
10,65,
61,7,
39,65,
79,50,
39,-36,
60,-67,
1,-8,
85,-12,
86,-10,
63,-4,
00>
_________________________________
00>
00>
Printing STS1 CIR
00>
00>
_________________________________
00>
-18,-43,
-7,41,
20,-3,
30,8,
3,22,
-15,29,
54,27,
84,72,
45,65,
27,94,
20,-15,
65,19,
16,-9,
-17,-40,
22,42,
3,28,
12,38,
29,-17,
70,-39,
94,-26,
24,56,
-34,2,
33,11,
105,-32,
103,-50,
80,16,
25,56,
31,-7,
67,22,
68,3,
49,36,
39,-11,
67,75,
58,77,
19,-20,
6,-55,
-7,-19,
4,8,
25,15,
23,-23,
71,52,
26,88,
92,129,
59,44,
-5,12,
48,13,
40,28,
18,37,
28,47,
38,-14,
-7,15,
89,-26,
23,-18,
11,20,
-50,-75,
-27,-85,
25,-40,
54,-1,
49,62,
22,82,
61,46,
65,56,
-15,69,
-51,64,
7,11,
99,34,
74,71,
6,72,
-27,73,
-21,38,
43,32,
56,78,
60,8,
47,28,
81,-34,
153,25,
62,47,
45,-19,
35,34,
95,65,
74,81,
27,28,
53,-6,
25,-34,
49,-54,
66,-23,
98,-60,
16,6,
91,-30,
75,98,
63,54,
89,87,
31,75,
-18,5,
-50,46,
2,18,
-8,82,
11,14,
-25,-29,
-35,-37,
-11,21,
-12,25,
49,17,
21,-72,
12,23,
40,78,
82,49,
97,50,
55,53,
-66,62,
-54,103,
63,72,
15,-24,
-12,5,
34,-45,
10,-36,
13,-22,
5,11,
2,81,
19,70,
20,40,
23,33,
66,-31,
93,-1,
38,12,
-64,-28,
-60,-52,
-64,-39,
5,-4,
3,53,
21,87,
22,-30,
4,-86,
56,-81,
21,-25,
39,3,
42,63,
8,6,
37,78,
43,17,
62,12,
121,-9,
34,12,
43,91,
-29,82,
9,1,
61,-3,
45,-50,
-27,-34,
-39,-12,
35,59,
39,70,
79,-13,
29,-46,
26,-39,
-25,60,
-2,93,
48,82,
19,64,
35,14,
24,-11,
8,-46,
35,31,
20,3,
29,24,
35,82,
40,22,
63,-38,
40,-19,
-85,5,
-2,38,
-1,40,
7,-15,
56,-21,
75,0,
-34,-10,
-19,-45,
53,5,
74,34,
58,65,
7,40,
-24,-17,
25,-17,
10,6,
21,31,
66,43,
20,90,
-18,30,
17,18,
-17,18,
31,17,
61,30,
35,80,
-4,39,
32,-26,
-11,-59,
-14,-16,
72,-8,
13,74,
82,-8,
99,-7,
91,-16,
-13,-12,
-12,56,
73,38,
35,8,
-17,-20,
14,-10,
61,26,
47,76,
20,-16,
-6,29,
31,4,
48,65,
29,37,
45,12,
69,45,
4,95,
-36,117,
-24,11,
45,-56,
22,-48,
-47,71,
-81,59,
46,8,
28,-81,
-3,-62,
-11,23,
-80,22,
-7,9,
21,-54,
64,-69,
16,-14,
47,10,
-19,46,
92,71,
13,44,
-43,-9,
38,-12,
36,25,
24,51,
-30,-13,
-39,-32,
-43,-45,
0,14,
5,48,
-1,23,
41,-19,
50,3,
24,-8,
-19,12,
23,-1,
44,-2,
-27,-7,
-15,-91,
-11,-47,
63,11,
57,-18,
24,-21,
-64,45,
-14,34,
-36,53,
-12,-14,
-33,33,
-12,-7,
23,0,
29,-30,
-40,8,
-45,23,
-51,-7,
-84,9,
-73,43,
2,27,
-7,30,
31,13,
2,-95,
38,-89,
29,-40,
52,36,
-14,91,
-5,97,
-46,-51,
22,9,
72,-13,
84,-18,
51,44,
64,-17,
66,-7,
9,11,
45,6,
5,-12,
-19,-48,
-28,18,
-22,6,
72,18,
29,5,
91,19,
21,-5,
54,33,
-20,-19,
-123,24,
-73,26,
-36,-6,
11,-25,
57,17,
80,12,
-27,-21,
-28,9,
-44,2,
-7,25,
25,-18,
-7,-12,
7,-88,
-35,-64,
-51,18,
-28,71,
6,33,
-5,47,
-82,32,
-6,48,
80,30,
23,12,
24,9,
-28,46,
58,53,
56,32,
-36,17,
-41,-86,
23,-11,
36,25,
78,44,
-21,42,
-52,-44,
41,-49,
75,19,
71,8,
6,-36,
34,-25,
24,14,
-46,81,
-69,33,
-44,-29,
43,40,
26,1,
103,10,
-34,31,
-54,52,
-91,64,
13,65,
19,42,
75,41,
10,32,
-52,40,
-32,24,
2,-3,
-17,75,
-126,137,
-927,450,
-3794,791,
-6933,42,
-6441,-1737,
-1355,-2589,
2877,-1423,
4073,570,
3746,1648,
4320,1369,
4434,614,
2386,190,
270,36,
-394,-36,
115,-91,
696,-158,
727,-271,
285,-118,
-138,-170,
-80,-447,
-72,-688,
-208,-447,
-289,201,
-36,322,
308,24,
394,-198,
334,-196,
84,48,
-142,228,
-267,327,
-195,333,
-177,148,
-183,-6,
-196,-35,
-393,28,
-202,-35,
-103,-78,
-39,89,
-86,187,
-153,197,
-128,280,
-191,410,
-288,362,
-213,163,
-104,1,
-78,-69,
-78,-1,
-40,37,
-18,-67,
38,-126,
159,-212,
246,-92,
324,-37,
338,36,
185,-28,
119,-85,
-9,-219,
-100,-150,
-153,-42,
-77,85,
-4,54,
-37,27,
17,-10,
-19,-18,
-20,6,
-45,113,
83,253,
72,246,
-48,191,
-86,112,
-220,-20,
-58,-128,
75,-185,
37,-145,
-24,-139,
122,-264,
127,-285,
161,-226,
3,-114,
-105,-109,
-39,-124,
72,-120,
-111,-85,
-59,8,
-106,112,
-25,27,
-29,-83,
85,-159,
58,-139,
77,-20,
41,14,
123,82,
61,56,
-3,-3,
-10,38,
49,-9,
55,-28,
41,-28,
32,-64,
18,27,
75,91,
51,125,
98,-11,
66,-6,
46,56,
9,101,
-13,138,
-22,59,
28,3,
28,15,
14,54,
-47,78,
-43,43,
24,7,
55,4,
26,79,
14,108,
40,65,
98,100,
8,85,
26,38,
92,-77,
24,-11,
-18,66,
18,47,
-36,-14,
-14,-7,
-36,65,
-37,46,
-34,47,
-84,80,
-32,50,
24,37,
39,-38,
-31,-51,
-31,-89,
-30,-15,
23,54,
-65,118,
-111,78,
-81,6,
-16,2,
5,3,
11,82,
29,68,
-18,120,
-69,81,
-23,48,
-55,14,
-26,40,
-5,107,
-55,54,
29,9,
-48,11,
14,-27,
11,33,
00>
_________________________________
00>
RX Timestamp: 998535220570
00>
Clock Offset: -1179.028 Hz, 0.148 ppm
00>
RX Timestamp: 999606733288
00>
Clock Offset: -1245.975 Hz, 0.156 ppm
00>
_________________________________
Sequence Number: 88
00>
00>
Printing STS0 CIR
00>
00>
_________________________________
00>
101,-51,
14,-21,
-15,-38,
-4,21,
-19,-14,
-79,54,
-33,20,
-30,-37,
94,-87,
79,-61,
14,-19,
-29,3,
-33,-123,
-24,-62,
15,-21,
-18,21,
-18,-14,
-14,-41,
-22,14,
75,18,
-1,41,
35,-9,
-22,-87,
-8,-35,
3,-2,
-9,90,
-25,97,
-37,-23,
25,11,
92,8,
41,6,
35,42,
-1,71,
20,55,
23,-29,
37,-69,
-5,59,
-2,-21,
-50,-16,
-22,-42,
-17,-37,
-23,3,
-8,-64,
-58,-33,
18,-83,
41,-34,
5,-16,
31,64,
34,72,
58,57,
46,28,
10,-30,
-8,-71,
-51,-70,
-48,-67,
-73,-44,
-11,23,
62,31,
-16,-6,
49,-36,
34,16,
24,9,
-11,75,
12,21,
67,-31,
71,-93,
-4,-82,
47,-9,
-18,0,
-29,-30,
-30,-54,
3,6,
7,-24,
43,-24,
42,-1,
59,73,
64,12,
61,-53,
30,-20,
41,-3,
14,65,
29,66,
5,-4,
23,-36,
-21,-122,
-26,-101,
17,-18,
-10,-31,
-48,-26,
6,-6,
33,14,
40,66,
60,-13,
9,42,
-19,-46,
-21,-51,
-128,65,
-62,67,
-10,44,
16,36,
38,19,
39,-8,
45,-39,
87,-41,
60,-18,
62,7,
-15,-70,
10,-19,
-10,-51,
15,-40,
-27,-44,
-24,-38,
59,-52,
30,-26,
26,-16,
13,-76,
-29,28,
-25,-5,
4,-58,
36,-20,
70,9,
26,-44,
4,-42,
60,-15,
91,9,
99,2,
-3,-54,
-23,38,
14,59,
46,25,
41,-3,
53,24,
17,21,
-9,45,
-16,-25,
64,44,
18,49,
-24,-3,
-47,-42,
-87,-43,
14,-24,
108,110,
8,12,
19,114,
23,33,
77,-53,
18,-83,
-28,-55,
-12,37,
37,9,
78,40,
98,71,
74,40,
-47,9,
4,-15,
-42,-19,
-23,19,
-5,-33,
-6,-24,
5,-17,
19,-14,
6,-47,
54,-9,
27,-7,
-3,-1,
0,-33,
16,37,
51,12,
16,31,
49,-107,
43,-90,
4,-53,
-8,41,
-84,39,
-17,-7,
27,-65,
26,7,
109,41,
106,-42,
86,7,
22,10,
-13,43,
17,48,
2,-22,
1,-30,
-23,5,
-37,-40,
-70,-18,
22,-51,
-2,-30,
1,-15,
-15,3,
-86,-18,
-34,-18,
18,-12,
42,25,
22,17,
64,-16,
-6,-26,
-9,53,
8,69,
-11,-5,
15,-97,
19,-56,
76,92,
12,33,
24,-16,
7,-34,
3,31,
-16,41,
-60,-24,
33,-8,
-1,34,
10,38,
-11,22,
-23,7,
10,-65,
24,34,
58,-35,
-21,-9,
-71,-40,
-69,12,
-35,52,
12,47,
17,-61,
70,-18,
46,1,
-7,-22,
-69,-54,
7,-27,
30,21,
33,24,
22,-16,
33,-9,
1,-13,
-43,57,
31,64,
-8,39,
-28,-4,
-7,-12,
-32,6,
-10,-3,
-34,13,
-40,-5,
-26,67,
-6,-24,
-27,-31,
-34,-76,
47,-40,
27,7,
-4,6,
36,5,
36,-34,
4,-58,
-37,24,
-45,21,
58,-19,
-70,5,
-92,-15,
-4,-20,
-8,54,
44,-4,
5,32,
35,-10,
118,-37,
41,-15,
13,-9,
-29,-41,
-1,-3,
43,18,
93,0,
10,2,
-25,63,
-30,-6,
26,-10,
70,32,
26,-7,
-31,-73,
8,-61,
44,-26,
44,32,
3,35,
36,1,
-22,-27,
-3,-42,
16,25,
-29,3,
-38,-2,
3,-41,
-21,-10,
-88,-11,
23,-32,
46,63,
53,88,
80,105,
53,47,
31,-3,
-73,5,
-56,52,
-52,43,
-7,42,
37,6,
11,53,
7,17,
-15,-26,
26,-5,
25,-30,
53,13,
4,25,
-7,45,
-24,15,
-32,35,
-32,-75,
74,0,
91,-9,
-12,5,
-105,46,
-38,-17,
75,0,
41,-13,
16,-4,
-2,3,
33,7,
34,62,
8,55,
68,64,
-17,18,
-15,9,
-7,-11,
53,-66,
-5,1,
20,-18,
-12,-4,
-51,23,
-29,22,
-74,-18,
-36,24,
-18,-28,
70,40,
85,-1,
16,37,
45,41,
62,102,
73,12,
4,-10,
13,-98,
19,11,
-10,77,
-40,125,
-32,20,
-33,-32,
-74,-4,
-55,-14,
-41,-64,
15,-60,
-66,130,
-671,1161,
-2808,4115,
-4719,5959,
-5195,4752,
-1884,109,
1759,-3168,
1562,-2544,
-978,-1033,
-2424,-823,
-2100,-885,
-1031,-472,
-258,26,
140,-15,
567,-408,
1006,-692,
1094,-532,
736,-226,
161,-312,
-359,-662,
-563,-1062,
-717,-894,
-802,-172,
-379,208,
84,99,
343,-47,
344,42,
337,101,
245,154,
152,112,
171,64,
268,-43,
335,-170,
236,19,
136,286,
172,403,
140,383,
-37,443,
-112,388,
-97,324,
90,161,
199,132,
133,113,
21,80,
-5,77,
108,90,
172,2,
218,27,
226,-28,
102,-72,
40,-81,
-83,-128,
-43,-93,
50,-30,
-62,-61,
-76,-139,
-43,-264,
-42,-250,
29,-46,
14,107,
75,92,
190,123,
108,-27,
-114,-50,
-187,-150,
-84,-191,
240,-190,
243,54,
216,132,
241,193,
219,22,
154,-86,
148,-49,
120,-22,
-32,-173,
-9,-303,
86,-445,
136,-404,
185,-232,
88,-126,
45,-204,
-77,-119,
-104,-5,
-49,37,
-86,-44,
-49,-125,
107,-82,
132,-57,
54,-6,
78,28,
60,18,
106,16,
140,-19,
114,2,
78,-35,
110,-55,
110,-103,
123,-42,
112,7,
58,65,
4,-9,
41,-32,
119,-36,
111,13,
101,30,
5,66,
46,-1,
65,10,
40,20,
59,37,
-31,79,
62,22,
44,12,
45,-87,
96,-125,
114,-50,
80,-42,
84,-53,
144,-80,
223,-42,
80,-19,
73,95,
41,142,
-67,79,
-34,18,
108,-46,
153,-5,
39,-9,
70,38,
-1,65,
70,46,
87,81,
73,43,
45,14,
-1,52,
-22,80,
33,30,
11,18,
101,9,
67,-1,
64,-24,
110,-47,
115,19,
79,48,
39,25,
75,-11,
6,72,
-21,-42,
-15,-63,
12,-25,
44,56,
66,45,
69,-6,
21,-51,
98,-100,
73,-55,
98,21,
00>
_________________________________
00>
00>
Printing STS1 CIR
00>
00>
_________________________________
00>
33,67,
42,32,
16,-50,
22,-56,
21,-50,
28,-15,
-29,7,
-72,13,
-32,-2,
28,68,
85,3,
35,-15,
28,13,
-12,-18,
-28,-52,
-34,11,
-26,-27,
-12,34,
-8,74,
-47,60,
-13,26,
-5,7,
-10,-21,
11,-26,
-35,-6,
-26,-19,
58,-19,
49,-17,
47,-35,
23,-45,
-20,-13,
24,8,
-1,32,
-32,6,
-27,-15,
26,-40,
39,-12,
102,-3,
31,63,
24,100,
78,24,
-17,-27,
52,78,
53,92,
42,20,
64,39,
3,59,
-18,25,
17,35,
32,66,
40,30,
52,0,
-8,-52,
-4,-39,
51,45,
1,46,
-31,18,
-30,-23,
28,-77,
14,-17,
127,-33,
47,11,
49,5,
-25,-9,
-28,27,
45,22,
11,-54,
31,-92,
-63,-70,
30,13,
28,100,
-35,36,
9,-12,
91,0,
46,68,
-3,21,
8,-2,
-76,52,
8,-30,
23,-29,
71,-22,
15,-33,
-14,-43,
-20,43,
-12,31,
-25,9,
68,21,
70,60,
21,54,
-61,6,
-31,-76,
-6,-101,
17,-26,
74,-42,
79,55,
53,45,
40,-10,
-37,-22,
3,-23,
109,-10,
42,-38,
12,-26,
-27,-18,
-58,1,
26,31,
95,-2,
42,34,
54,13,
-30,-15,
-56,125,
-33,47,
61,29,
83,17,
44,22,
5,-21,
-46,-84,
-7,-11,
47,27,
51,40,
70,27,
76,89,
40,116,
-36,89,
-55,49,
-46,13,
53,53,
51,31,
14,-74,
20,-62,
2,-9,
32,-59,
32,10,
67,-43,
6,-29,
-45,1,
-25,16,
43,-13,
27,17,
-16,30,
-42,-28,
-59,14,
-73,41,
-40,-3,
-40,10,
-18,-6,
30,-9,
-29,-5,
-64,-17,
-55,17,
-28,27,
-33,-45,
5,27,
33,-3,
109,-46,
10,-8,
40,53,
43,-3,
-13,-8,
29,27,
48,52,
24,22,
-18,53,
-11,47,
31,-3,
88,-66,
39,-11,
39,70,
63,36,
35,-24,
44,-69,
51,-19,
38,36,
23,57,
28,18,
-52,46,
3,-41,
49,-37,
83,-62,
22,-42,
2,-14,
-2,-24,
46,-78,
-16,-6,
87,4,
83,-72,
15,-19,
3,-21,
-55,3,
32,105,
-17,71,
-30,55,
3,-28,
16,-17,
20,-18,
21,-57,
21,34,
74,-6,
5,-10,
-22,-2,
3,21,
24,-83,
70,-9,
36,-19,
8,11,
-25,-41,
-32,-20,
-2,49,
20,49,
17,11,
-15,18,
16,4,
-26,38,
40,14,
35,106,
-19,43,
11,26,
-19,30,
-79,171,
10,68,
73,94,
43,28,
10,17,
31,32,
13,45,
-27,27,
-32,-30,
21,-92,
-18,-94,
-49,-31,
-122,22,
-49,8,
-5,-2,
48,22,
25,-8,
-37,-48,
-7,-33,
-18,-10,
-15,15,
-39,54,
19,37,
82,-76,
28,7,
30,55,
39,48,
13,-65,
-2,1,
-7,13,
59,1,
6,-19,
13,82,
5,34,
6,9,
-7,-10,
-2,-31,
15,-38,
58,-6,
19,86,
1,10,
-28,-45,
58,-20,
-75,-43,
-19,-78,
-6,-32,
16,31,
31,-8,
34,-16,
-19,-27,
15,-27,
0,-97,
22,3,
68,-18,
83,50,
-20,-11,
-30,-19,
47,-67,
8,-30,
10,76,
13,-14,
38,4,
4,-4,
123,69,
39,53,
64,-47,
14,-88,
-1,13,
42,46,
1,12,
41,72,
85,-6,
-21,-8,
-1,27,
2,4,
5,15,
-30,37,
-63,18,
-5,28,
16,-28,
2,-58,
-9,32,
18,65,
19,1,
-43,-2,
-27,-3,
19,1,
31,-46,
57,-68,
58,-37,
19,-1,
-21,-47,
25,24,
39,63,
20,39,
-38,21,
2,-74,
-6,-83,
41,-48,
1,-46,
-1,11,
-25,83,
-32,66,
-18,29,
41,-2,
-21,15,
-12,53,
-16,27,
-2,57,
56,53,
55,0,
104,19,
90,-40,
-2,14,
48,-7,
44,-20,
75,-30,
6,56,
12,46,
72,-1,
12,19,
25,-32,
70,-28,
62,-45,
-15,-9,
-41,-15,
-65,-17,
-69,37,
-17,34,
31,11,
-12,-12,
-8,-10,
-14,6,
-79,47,
-55,15,
-25,-12,
34,27,
32,5,
51,132,
-301,1250,
-2034,4471,
-4300,6198,
-5212,4846,
-2181,31,
1444,-2557,
1474,-166,
-767,3229,
-1890,4162,
-1054,2832,
8,1213,
334,221,
291,-50,
2,235,
-314,613,
-368,606,
-210,187,
-8,-406,
-230,-456,
-224,-809,
-46,-919,
-42,-369,
-64,-81,
67,-267,
153,-464,
228,-378,
107,-131,
-58,-86,
-48,-249,
109,-397,
227,-408,
273,-183,
161,51,
-95,-104,
-95,-62,
149,-43,
297,19,
83,157,
-128,45,
-111,-276,
39,-258,
163,27,
129,204,
53,128,
-134,-10,
-213,-79,
-56,62,
112,169,
185,60,
116,29,
125,13,
167,49,
153,-3,
-41,-79,
-217,-130,
-126,-167,
-9,-44,
56,65,
58,6,
90,-76,
207,-228,
210,-237,
130,-153,
99,-210,
157,-154,
238,-52,
285,58,
149,16,
-4,-73,
-54,-113,
-70,-42,
9,-85,
-28,-98,
57,-75,
109,-247,
223,-480,
190,-508,
93,-440,
143,-437,
219,-316,
253,-267,
94,-162,
19,33,
-15,41,
51,11,
78,44,
23,-106,
43,-143,
-60,-163,
-28,-29,
-5,-1,
48,-40,
137,47,
97,51,
1,131,
1,-27,
8,-104,
46,-118,
15,-17,
34,-10,
-40,-29,
-42,-36,
11,-111,
-11,-79,
50,-140,
8,-97,
-16,-86,
88,-64,
35,-89,
21,-106,
49,-191,
90,-105,
81,-39,
-20,-86,
-21,-57,
55,-20,
91,-128,
86,-45,
130,-51,
129,-29,
79,-94,
22,-83,
35,-65,
41,-14,
69,2,
74,-39,
35,-72,
87,-32,
107,-32,
95,-74,
54,0,
100,48,
27,41,
44,0,
42,-12,
138,-40,
122,-57,
109,-109,
96,-93,
63,-63,
1,-51,
18,-46,
63,9,
124,-61,
75,-65,
63,-70,
94,84,
86,56,
-12,-18,
-36,-14,
78,-6,
23,26,
9,59,
-28,-51,
1,-53,
61,-85,
00>
_________________________________
00>
_________________________________
Sequence Number: 91
00>
00>
Printing STS0 CIR
00>
00>
_________________________________
00>
20,-41,
-9,13,
39,-17,
-2,-27,
-19,-19,
2,-11,
26,9,
53,-5,
30,-11,
58,-17,
56,-41,
2,-3,
32,8,
-37,-45,
27,-46,
50,-18,
-18,-6,
74,-7,
25,2,
8,-43,
16,17,
39,56,
63,25,
48,-8,
6,37,
26,78,
56,-35,
18,-21,
39,26,
-24,32,
-11,-10,
25,-28,
65,27,
53,-23,
20,32,
19,57,
7,98,
55,4,
21,-3,
7,-47,
12,32,
36,-30,
48,25,
55,21,
31,28,
-71,-21,
-55,-10,
-51,12,
36,28,
64,-22,
42,51,
74,15,
84,-41,
61,-42,
10,32,
-52,-8,
23,-25,
67,12,
3,-32,
-49,-17,
-100,20,
-43,-2,
-61,-77,
39,-38,
19,7,
12,18,
47,54,
28,8,
6,27,
-9,-7,
8,-28,
26,7,
20,8,
-19,28,
22,25,
45,-14,
47,23,
30,11,
-13,39,
27,-57,
89,-50,
-18,-35,
-32,-28,
22,-39,
46,0,
0,59,
4,27,
15,59,
23,-73,
85,-32,
-2,43,
-16,57,
50,32,
-17,-35,
11,-75,
-10,-4,
-31,54,
-10,36,
11,-12,
0,-32,
-30,15,
15,-4,
-7,14,
-39,-30,
67,-30,
59,29,
24,59,
35,73,
1,20,
54,-25,
24,-23,
-50,-53,
38,-39,
100,-3,
58,-11,
14,22,
23,44,
39,3,
28,53,
-27,13,
-39,35,
-37,102,
-6,39,
36,-57,
-3,-45,
45,9,
18,44,
12,24,
7,-12,
-21,1,
31,-69,
83,-32,
95,15,
5,18,
9,4,
4,-32,
-102,-41,
14,-28,
18,-123,
60,-71,
95,-117,
7,-40,
-39,51,
-23,25,
-18,-15,
7,-30,
47,8,
36,38,
50,1,
-12,13,
-26,100,
-20,22,
8,-10,
-34,-61,
-8,-2,
18,37,
6,-17,
13,5,
44,16,
4,-13,
-70,-15,
-6,65,
-3,6,
-39,-43,
-50,-46,
-37,8,
44,4,
41,39,
-10,54,
-3,-3,
-9,-40,
102,-45,
1,-46,
3,36,
5,73,
-9,-55,
12,-63,
-26,-27,
-3,26,
59,35,
27,80,
3,69,
-33,22,
10,-37,
14,-45,
18,-16,
-61,-32,
41,13,
20,42,
-14,-6,
57,-33,
25,-17,
39,-18,
31,18,
9,-35,
59,-40,
18,-20,
82,-23,
57,-52,
44,11,
-27,17,
40,20,
25,34,
25,-1,
8,63,
-4,8,
20,75,
48,62,
17,-2,
49,-19,
79,-32,
37,-49,
9,-46,
-20,-6,
7,-31,
25,-12,
-74,27,
-30,-16,
-15,-83,
58,-47,
-12,103,
43,8,
112,-34,
75,-63,
42,-43,
59,4,
60,12,
24,-1,
48,-41,
61,23,
10,50,
114,34,
32,-57,
-26,-60,
-34,0,
-20,52,
30,56,
31,29,
26,67,
48,36,
1,-10,
-9,-37,
-37,-23,
2,-13,
25,12,
26,-38,
-33,25,
-36,20,
32,10,
-24,-9,
-34,41,
4,71,
39,51,
-29,66,
-50,-33,
22,-34,
68,40,
50,27,
36,37,
-1,43,
-52,-13,
-2,24,
43,37,
45,6,
82,-70,
39,-53,
92,-93,
73,-48,
64,-35,
29,-67,
41,-25,
37,-8,
0,29,
41,13,
7,-19,
-9,-10,
-27,-19,
2,43,
39,-14,
11,-17,
11,-24,
-51,-59,
40,22,
99,-12,
17,-12,
84,-10,
50,-54,
-37,30,
25,20,
17,17,
9,-12,
-7,12,
15,71,
27,10,
17,-63,
37,11,
32,-66,
42,-16,
55,18,
10,25,
-4,-37,
-38,4,
-14,8,
1,46,
-25,-23,
-8,3,
1,-14,
42,-5,
1,-20,
39,-17,
109,35,
48,-4,
-2,-25,
1,-67,
31,-14,
68,46,
-31,15,
16,30,
65,16,
17,-15,
-6,2,
9,-23,
31,-7,
40,53,
75,36,
30,43,
23,-6,
-52,-42,
-40,36,
13,40,
-6,15,
1,-46,
24,-18,
81,59,
57,38,
32,8,
11,3,
4,1,
-3,-16,
-39,11,
14,-27,
-7,-33,
-39,16,
-13,8,
-64,31,
-17,-2,
-46,6,
6,-23,
24,-13,
-35,61,
-29,46,
39,11,
112,-16,
67,-62,
-10,-48,
9,-38,
-48,-55,
-146,-99,
-1007,-611,
-3502,-2706,
-4640,-5153,
-2512,-5282,
1318,-1738,
2040,1429,
-553,1973,
-3086,1640,
-3492,1784,
-1990,1759,
-547,790,
128,-122,
176,-254,
-289,97,
-619,183,
-520,-19,
-102,-138,
434,-249,
691,-494,
554,-618,
181,-493,
-236,-245,
16,-24,
454,-89,
592,-80,
255,13,
-89,150,
-176,164,
-130,117,
-21,-46,
-69,-94,
-157,-159,
-170,-33,
-12,117,
97,174,
306,144,
267,31,
148,-34,
93,-34,
119,-4,
92,-44,
97,-37,
58,31,
-36,36,
-76,-42,
-78,-90,
-9,17,
105,38,
197,105,
231,236,
155,212,
202,220,
137,38,
94,-49,
-95,-121,
-35,-91,
8,64,
2,155,
-8,116,
-30,102,
98,61,
161,76,
194,121,
164,122,
140,96,
226,143,
195,99,
183,79,
-35,8,
63,-15,
252,-83,
378,-238,
341,-169,
217,-241,
237,-202,
291,-93,
278,-49,
204,40,
-2,-41,
-93,-113,
-136,-89,
-105,-64,
-26,-66,
64,-88,
1,5,
-9,47,
36,-10,
66,-52,
-11,-41,
61,4,
53,86,
88,153,
84,66,
14,96,
27,108,
13,58,
-1,34,
42,29,
76,-5,
155,-69,
139,-84,
87,-56,
25,-40,
83,23,
60,15,
-17,20,
-18,37,
83,57,
157,66,
100,84,
60,78,
40,-37,
48,-61,
85,-88,
138,-119,
91,-28,
13,18,
5,91,
52,39,
29,22,
65,12,
61,53,
50,10,
16,43,
-26,77,
8,89,
0,34,
5,13,
54,-33,
116,68,
147,12,
80,78,
-30,-7,
-11,16,
63,-15,
55,49,
7,96,
-86,72,
-7,59,
52,43,
121,10,
54,-4,
86,-43,
25,78,
11,73,
34,39,
82,39,
47,72,
38,62,
46,-20,
70,30,
-5,-4,
66,-43,
5,20,
00>
_________________________________
00>
00>
Printing STS1 CIR
00>
00>
_________________________________
00>
39,-18,
-15,-33,
-33,74,
1,13,
-2,-34,
-20,-8,
-63,17,
26,13,
9,0,
0,-37,
20,-18,
-101,-28,
-102,-15,
-43,82,
-39,8,
-36,-9,
19,-60,
-43,14,
-26,1,
-27,-61,
-47,-11,
-102,-14,
-72,67,
51,60,
72,-79,
51,-125,
-3,-58,
-8,22,
-71,34,
-103,39,
-37,34,
-50,-29,
42,-52,
1,-41,
-32,-36,
-35,-67,
-48,33,
-61,52,
-28,1,
45,-16,
-9,41,
-54,-6,
-2,2,
-10,-18,
-61,-38,
-40,45,
29,71,
1,-4,
13,10,
-61,44,
21,33,
75,40,
35,8,
21,-43,
-12,-25,
-74,-11,
-36,8,
22,50,
-24,27,
-18,-54,
35,7,
-37,-27,
-17,17,
19,3,
7,-46,
-49,-42,
-4,25,
30,-3,
-30,74,
-35,26,
-33,-9,
-69,21,
-57,20,
-27,59,
-49,31,
-4,59,
-6,54,
25,-8,
-54,-82,
-24,-33,
-21,12,
-54,18,
-62,3,
-57,19,
-8,-35,
-19,-22,
6,8,
36,-2,
-15,-75,
6,-69,
55,-19,
-70,37,
-44,-39,
26,40,
52,46,
23,54,
-30,18,
-30,-17,
14,-38,
1,40,
-29,52,
-25,112,
-52,58,
83,111,
-12,50,
-68,22,
-50,-25,
12,-39,
64,-55,
-2,60,
56,35,
29,-23,
99,-58,
42,-51,
-61,11,
-45,11,
28,34,
56,-38,
-31,-16,
-62,-49,
-7,-51,
-67,-49,
-87,7,
57,17,
40,10,
-39,-40,
2,11,
35,17,
20,61,
6,48,
-6,-25,
-8,9,
-46,7,
-25,50,
-29,-23,
-24,-35,
33,-13,
12,-45,
-29,-35,
21,7,
9,27,
13,-20,
30,26,
5,6,
17,52,
60,19,
24,-35,
23,-15,
39,-39,
-21,-71,
-9,-13,
21,98,
-9,35,
70,27,
-50,-18,
-69,41,
18,75,
59,-22,
28,-74,
21,30,
-32,35,
64,67,
61,26,
36,40,
1,-2,
30,23,
8,-35,
5,-70,
7,-30,
89,46,
17,-7,
-40,-42,
-72,-44,
4,-19,
26,-2,
5,20,
15,7,
37,41,
19,-1,
16,18,
-24,-22,
3,1,
-3,69,
-41,17,
13,-13,
35,-66,
53,-12,
-30,-27,
-65,27,
-55,33,
-70,44,
-131,5,
-58,61,
-4,7,
14,17,
-31,69,
8,35,
20,17,
4,8,
23,79,
-45,87,
-32,15,
-35,-50,
-145,-36,
-107,-32,
-25,-16,
32,-15,
31,-33,
-64,-36,
-48,55,
-87,84,
-57,-4,
17,-77,
40,-5,
16,-30,
47,-42,
55,-30,
53,-54,
9,9,
-23,-9,
-4,-33,
46,-32,
72,60,
10,74,
2,47,
23,-24,
45,3,
46,25,
-57,23,
-66,5,
-10,53,
-46,35,
10,65,
14,-32,
-9,-87,
-32,-47,
-32,-22,
21,-59,
26,28,
24,18,
40,57,
13,-10,
22,-45,
8,2,
-3,-67,
8,51,
-7,24,
71,-56,
5,-15,
-2,-29,
26,51,
-5,-79,
-35,-48,
8,-40,
-20,-53,
-35,15,
-56,36,
18,43,
-1,-35,
24,37,
18,14,
14,31,
2,-36,
11,-24,
21,-1,
28,15,
57,-70,
-36,-61,
-46,54,
39,75,
-8,28,
-27,4,
-37,-20,
2,-6,
-4,45,
-31,59,
28,71,
70,44,
12,29,
-22,-18,
7,53,
-35,91,
15,40,
-29,42,
-42,37,
-48,-73,
39,-30,
-17,65,
17,27,
-52,-45,
66,-61,
52,-16,
-22,-19,
-34,-22,
-28,61,
10,-13,
-13,-79,
-74,-5,
-42,-30,
-20,-1,
-54,14,
-5,113,
29,32,
-4,-2,
19,-52,
39,-12,
29,16,
3,27,
30,-37,
-25,-16,
-23,-39,
-40,10,
42,-13,
46,-84,
42,-41,
64,13,
11,-13,
-19,22,
-11,9,
25,15,
35,-14,
24,26,
-61,34,
-10,8,
-21,-2,
-6,71,
1,25,
35,-66,
36,-113,
23,-101,
-9,-18,
-18,-6,
-19,-28,
7,-77,
-10,-5,
-5,33,
-25,-19,
-14,-6,
-50,-5,
-87,-33,
-16,10,
26,22,
-30,24,
-19,-70,
-52,-33,
0,-10,
22,1,
-135,77,
-143,35,
-8,15,
-36,31,
-11,-3,
2,38,
18,33,
13,22,
-17,4,
-44,-21,
-186,1,
-1065,-190,
-4078,-1772,
-5923,-4149,
-4251,-5017,
578,-2513,
3484,781,
2973,2958,
2119,3577,
2865,3589,
3269,2796,
1711,1209,
95,-33,
-238,-320,
276,41,
756,272,
645,154,
294,-53,
12,-351,
181,-659,
338,-705,
130,-412,
-196,62,
-93,337,
301,249,
417,59,
325,-10,
-31,-75,
-270,78,
-457,163,
-393,192,
-229,-32,
-149,-171,
-213,-171,
-322,-143,
-107,-51,
-87,-45,
-58,-1,
-181,23,
-291,155,
-379,221,
-383,300,
-336,139,
-261,-69,
-115,-102,
-124,-103,
-58,11,
-46,59,
-36,40,
68,-1,
266,-15,
265,14,
349,153,
254,273,
167,129,
20,-56,
-80,-252,
-40,-189,
-51,-129,
-29,36,
-43,109,
-93,114,
-83,115,
-50,-1,
-68,-24,
-58,108,
-10,259,
-79,179,
-63,127,
-198,18,
-261,-77,
49,-76,
206,-68,
156,-57,
124,-146,
224,-201,
341,-236,
243,-154,
99,-43,
69,-122,
89,-112,
98,-79,
-130,-85,
-87,-9,
-118,22,
-55,37,
67,15,
82,-98,
96,-64,
88,-16,
-22,23,
84,99,
83,73,
24,33,
-30,-91,
35,-97,
104,8,
70,15,
108,10,
61,-23,
84,24,
41,16,
3,54,
3,74,
-15,92,
-114,127,
-149,-17,
-71,-1,
12,-11,
28,-41,
5,-70,
-6,-36,
-9,35,
8,2,
10,-66,
-70,-62,
-42,-7,
-67,12,
-105,91,
-28,53,
0,-23,
-2,36,
35,94,
51,59,
0,19,
-21,61,
-21,37,
-44,-5,
-36,20,
-52,44,
-13,-105,
-19,-2,
-38,64,
-20,-18,
-38,-10,
2,-13,
36,106,
-15,89,
-72,36,
-17,77,
73,35,
-33,13,
-83,17,
-55,-2,
-25,7,
10,54,
-90,48,
-80,30,
-11,-30,
33,-16,
76,-28,
-9,-22,
-33,-23,
-13,-14,
22,37,
00>
_________________________________
00>
RX Timestamp: 39138264060
00>
Clock Offset: -1093.483 Hz, 0.137 ppm
00>
RX Timestamp: 40211067007
00>
Clock Offset: -885.201 Hz, 0.111 ppm
00>
_________________________________
Sequence Number: 224
00>
00>
Printing STS0 CIR
00>
00>
_________________________________
00>
-77,9,
-106,27,
-36,-4,
20,-58,
-15,-60,
16,-10,
5,-32,
-37,39,
37,-58,
6,-66,
-17,-91,
-72,-25,
-26,25,
12,-8,
4,-10,
15,-12,
61,44,
60,48,
23,29,
3,20,
-28,-28,
-39,34,
-39,74,
8,66,
40,53,
43,22,
-15,59,
25,13,
11,-62,
31,23,
29,-21,
-44,-22,
-4,4,
-8,-16,
13,-15,
8,-30,
-9,3,
-13,-28,
-15,-21,
97,19,
52,-36,
8,7,
0,-64,
-3,25,
7,21,
45,9,
-18,-77,
-41,-81,
-45,-47,
-11,-11,
-26,18,
-6,-2,
-6,-34,
-19,29,
8,49,
16,26,
-8,26,
3,73,
22,57,
31,-56,
-4,-67,
-2,-55,
0,13,
26,12,
-21,51,
-27,-1,
48,-40,
-6,-15,
-38,-4,
-63,25,
-12,-32,
15,-77,
16,-49,
-8,-81,
-32,-77,
46,-34,
84,32,
79,-26,
14,44,
25,-36,
48,-28,
-11,-31,
8,-75,
-21,-10,
-60,26,
-30,38,
26,3,
100,-55,
-8,-45,
49,5,
-6,14,
88,-7,
81,-14,
9,-32,
-23,-133,
-36,-146,
-1,-68,
23,59,
13,33,
0,-5,
56,16,
87,-37,
100,-70,
64,0,
38,8,
-2,-19,
-2,61,
-1,37,
52,-50,
46,5,
27,34,
-17,-12,
-16,-41,
45,-28,
65,-8,
70,-66,
-7,-48,
-22,-16,
-37,6,
-62,15,
-7,7,
-11,-11,
37,8,
-48,43,
-38,18,
-17,-39,
9,26,
-12,20,
21,51,
52,-29,
65,-11,
55,20,
46,-32,
-8,-21,
-14,-68,
24,-42,
-44,-15,
29,-1,
-7,-47,
-36,-17,
-19,11,
0,14,
80,19,
90,-34,
-3,-28,
6,-1,
-28,-22,
-30,-26,
-3,-72,
-2,-70,
25,26,
-3,-30,
-22,10,
34,-15,
17,30,
87,-101,
8,-25,
-5,50,
-11,30,
-33,13,
-1,-118,
-8,54,
-15,84,
59,32,
61,-90,
-47,-41,
-6,-74,
26,12,
11,-42,
-34,5,
19,52,
-39,7,
-83,-22,
-32,-66,
34,-12,
-1,-19,
3,-44,
31,-41,
-11,-2,
-38,27,
4,36,
1,-42,
-13,4,
36,-19,
8,-31,
-8,-26,
-20,-13,
-52,-40,
-36,-26,
30,9,
103,20,
57,-39,
-7,-65,
-9,-18,
-16,-37,
-25,11,
-8,48,
-28,-4,
-23,-82,
7,-30,
-3,18,
-24,22,
-8,0,
45,-54,
18,-46,
-16,-24,
-43,14,
-3,4,
11,40,
-39,4,
-55,-60,
-25,-5,
21,-12,
21,8,
-25,-5,
-16,-4,
55,-32,
32,8,
-27,-13,
-11,-54,
43,43,
43,-15,
15,-23,
-26,-31,
-56,-39,
39,-49,
34,-106,
114,71,
57,26,
15,-64,
10,-22,
97,-22,
19,43,
30,-24,
-48,-81,
-26,-20,
20,16,
51,33,
15,70,
106,31,
77,25,
37,25,
-41,60,
-11,33,
-63,27,
-36,44,
23,93,
5,96,
-25,19,
-29,31,
-54,-34,
-42,37,
-4,-45,
18,-12,
26,-10,
-44,-6,
22,34,
-16,57,
8,-27,
-41,-27,
34,-2,
-23,-18,
-52,-62,
-20,-11,
10,-7,
24,-66,
7,-50,
7,37,
-11,25,
-42,-35,
34,-58,
-23,29,
-11,34,
26,21,
47,12,
49,-25,
1,-2,
97,25,
16,-46,
-18,-6,
51,-55,
22,-46,
26,-9,
23,-4,
43,64,
20,4,
66,22,
32,32,
-45,71,
17,-72,
37,-68,
-32,-9,
-29,-24,
10,8,
76,-51,
83,-38,
10,10,
-9,10,
54,37,
-32,-9,
11,-76,
14,4,
16,-41,
93,-21,
5,-30,
20,-51,
55,13,
-13,-21,
-5,-49,
13,-3,
46,-19,
83,22,
-4,8,
-41,16,
-48,-56,
-73,-142,
-64,-133,
-32,-19,
8,33,
40,52,
120,8,
82,-44,
30,-23,
11,64,
45,33,
19,52,
14,-5,
-62,-10,
7,-34,
-17,42,
14,5,
-24,-7,
38,60,
45,61,
12,-11,
-55,32,
-2,46,
18,5,
7,71,
32,-59,
-21,-24,
20,-62,
91,-14,
11,20,
65,-7,
17,-39,
-6,11,
16,-34,
21,-30,
-2,14,
-70,20,
-13,-62,
-28,-50,
1,-73,
45,7,
-2,-54,
-19,-72,
-55,-50,
-644,-106,
-3112,-903,
-6581,-2782,
-6675,-3913,
-2911,-3231,
2432,-133,
3507,1252,
1473,-153,
338,-1956,
404,-2361,
394,-1565,
35,-550,
-85,79,
183,246,
682,509,
733,828,
458,746,
364,353,
667,-348,
947,-694,
953,-809,
315,-751,
-280,-490,
-213,3,
30,208,
128,334,
-37,322,
-114,321,
-47,179,
46,132,
64,159,
190,226,
116,203,
-113,173,
-313,176,
-329,232,
-451,72,
-473,-35,
-297,-143,
-192,13,
-97,128,
-127,114,
-96,67,
-54,44,
3,38,
-29,153,
-60,170,
-30,112,
-7,101,
-2,52,
51,5,
26,-37,
-27,-94,
32,-192,
162,-329,
259,-281,
184,-135,
67,74,
-79,98,
-172,126,
-72,160,
-76,136,
5,-14,
109,-311,
270,-285,
208,-29,
79,158,
-19,127,
35,171,
23,172,
29,195,
71,94,
43,99,
99,-67,
186,-99,
396,-77,
489,33,
394,173,
175,115,
109,-43,
148,-123,
104,-93,
47,-73,
5,-84,
78,-54,
86,28,
76,69,
74,54,
-1,53,
48,45,
38,90,
-38,119,
-14,149,
45,75,
83,31,
95,56,
11,78,
38,146,
-42,60,
37,-16,
80,22,
46,-28,
-2,-54,
73,28,
24,43,
31,51,
-1,-2,
4,-12,
13,-5,
-2,40,
-38,7,
71,-34,
97,-33,
157,-31,
71,87,
51,16,
119,30,
102,34,
89,72,
-13,70,
25,41,
-8,65,
-30,91,
-32,15,
105,56,
112,76,
63,3,
6,-48,
-7,-29,
103,9,
22,53,
-33,1,
-60,-7,
-43,16,
11,45,
-4,2,
-34,45,
-52,37,
30,19,
1,55,
17,54,
9,57,
55,42,
4,53,
-76,13,
-60,56,
9,164,
-35,93,
69,25,
88,-99,
149,-60,
53,-12,
-48,17,
-92,4,
00>
_________________________________
00>
00>
Printing STS1 CIR
00>
00>
_________________________________
00>
22,7,
-29,46,
-46,-17,
-94,-13,
-7,-92,
69,30,
66,-15,
6,41,
-2,145,
-3,120,
80,52,
45,-41,
-16,-13,
7,80,
39,-3,
-7,29,
4,40,
-26,70,
-21,16,
24,25,
46,122,
-27,90,
-15,1,
-35,-58,
-16,-83,
32,-102,
98,-95,
17,23,
-20,73,
-51,-7,
-20,-31,
29,-81,
25,-36,
83,-16,
45,11,
14,-35,
-14,-12,
33,31,
-21,92,
28,26,
-14,58,
-1,73,
11,39,
35,5,
76,-18,
47,-21,
11,8,
-28,20,
-7,33,
-5,32,
-10,27,
-32,5,
3,-6,
15,-36,
27,-9,
-8,-15,
-14,-16,
20,-72,
-10,7,
-114,10,
-57,-18,
6,-12,
-32,-28,
-38,-49,
31,38,
12,-20,
13,-29,
-79,-55,
-147,-20,
-19,-9,
24,8,
4,35,
-15,-27,
15,-22,
59,-25,
58,-22,
69,7,
-4,-75,
96,-1,
61,-10,
-44,105,
-11,149,
-24,85,
44,7,
38,-4,
-19,-44,
10,-7,
13,-60,
15,-62,
-16,-57,
-22,11,
32,37,
-26,32,
10,75,
44,40,
72,7,
34,-23,
33,-25,
-17,33,
-5,21,
-24,40,
11,5,
-9,32,
60,3,
17,7,
-17,8,
-17,38,
-22,-9,
-15,-62,
58,46,
16,70,
34,36,
13,72,
31,5,
-9,-12,
-102,-8,
-49,8,
-31,41,
40,9,
77,26,
8,-19,
-5,-34,
-6,-31,
1,15,
6,-1,
-72,-28,
-67,-14,
10,37,
68,-15,
68,2,
28,-68,
-18,-38,
-33,45,
-15,25,
48,59,
-49,40,
1,4,
3,43,
-50,-17,
1,49,
-22,-12,
20,-16,
-46,54,
-56,61,
-37,63,
-25,66,
67,16,
4,-79,
-25,-37,
-34,23,
-49,56,
-16,97,
-23,66,
-59,71,
-63,48,
-4,4,
30,-12,
31,-53,
14,-1,
41,31,
42,-35,
19,-35,
-93,20,
2,4,
-33,5,
24,72,
23,45,
76,6,
-1,24,
-24,19,
37,65,
44,-21,
12,-32,
-20,31,
-38,42,
-15,10,
59,-24,
108,-46,
108,-74,
-24,-53,
1,-75,
-58,-32,
-1,16,
-13,-13,
-68,28,
-68,10,
-61,-20,
6,7,
-64,6,
-30,0,
-48,37,
-2,-38,
57,-39,
-5,-42,
16,14,
33,6,
4,24,
-35,-17,
-49,16,
-41,-16,
19,77,
-8,82,
20,45,
-43,-31,
-24,-33,
-52,17,
19,90,
58,14,
28,21,
-18,18,
56,54,
48,34,
18,59,
52,-7,
4,-2,
5,53,
-13,61,
-4,64,
-12,-6,
-19,-16,
14,42,
-13,85,
-60,45,
-103,-44,
24,4,
-8,35,
-2,10,
31,99,
-10,-77,
-3,-72,
7,-17,
-18,-3,
43,-19,
-3,-112,
51,-36,
2,-11,
-19,0,
2,-28,
50,-44,
40,3,
19,-10,
-6,82,
-29,36,
-46,-28,
-12,-1,
-60,2,
5,-33,
-31,-92,
-53,-29,
-30,19,
-10,-81,
-29,-24,
-1,-23,
41,-35,
35,-99,
-17,-102,
-37,32,
15,77,
27,51,
60,28,
-51,24,
-48,-13,
-49,-37,
-20,-3,
-12,-18,
48,-48,
30,-7,
-5,6,
-96,77,
-47,42,
-28,-53,
-25,-8,
25,11,
26,54,
50,90,
-23,58,
-56,16,
-60,-32,
27,-27,
115,-7,
124,-19,
51,2,
-29,-51,
-49,-48,
44,-11,
12,-59,
56,-78,
109,-70,
56,-13,
-12,38,
-5,-25,
-4,-32,
9,12,
18,-31,
-12,27,
-36,65,
-35,109,
-25,36,
53,0,
60,46,
-58,0,
-23,-6,
24,-19,
62,-5,
34,39,
-1,0,
16,-67,
35,-16,
17,-11,
55,-31,
20,-49,
20,-41,
-27,-10,
28,-20,
-23,-23,
20,-64,
-72,-2,
52,-7,
14,-63,
19,-59,
14,12,
15,14,
-44,18,
-61,-22,
-50,-51,
-3,-23,
90,8,
103,76,
7,6,
-30,29,
-84,-55,
-40,-29,
-26,-13,
-4,71,
-26,116,
-43,69,
6,-49,
37,39,
66,68,
2,96,
-43,-37,
-44,-59,
30,-47,
53,-64,
-25,-129,
-24,-104,
8,-49,
-9,101,
-6,-22,
-80,-51,
-36,-6,
-24,-32,
-1,47,
-40,18,
-22,19,
-4,50,
-40,42,
-143,-21,
-583,146,
-3051,303,
-6827,-430,
-7294,-2022,
-3524,-2584,
1894,-723,
2154,1163,
-1448,1117,
-4246,309,
-3729,128,
-1811,416,
-415,387,
80,213,
-25,146,
-420,30,
-642,-37,
-547,-149,
1,-172,
468,-376,
559,-568,
1133,-514,
467,-320,
-5,-229,
102,-82,
410,-116,
545,-75,
425,-14,
174,-11,
160,-62,
357,-215,
397,-152,
316,70,
91,191,
-37,-15,
107,-134,
109,-54,
104,275,
-109,193,
-160,-49,
96,-246,
209,-79,
226,136,
-31,230,
-128,13,
-67,-151,
67,-224,
-29,-65,
-139,53,
-122,100,
47,94,
66,21,
40,77,
95,62,
70,54,
80,-130,
45,-168,
73,-93,
36,-8,
-25,38,
-2,96,
62,154,
169,73,
144,14,
196,31,
209,123,
244,173,
80,227,
42,108,
-63,0,
-57,-112,
-37,-61,
51,-18,
53,27,
26,41,
223,17,
440,-62,
511,-55,
480,-85,
381,-40,
297,9,
243,110,
172,141,
54,55,
29,-29,
-12,-14,
32,-3,
5,-61,
118,-116,
55,-112,
83,-39,
47,1,
10,53,
66,22,
73,35,
-61,87,
-70,49,
52,23,
130,47,
107,46,
94,-6,
65,-23,
23,-72,
47,-83,
60,-60,
76,-24,
139,-43,
78,-33,
86,-70,
121,-61,
131,-27,
113,-4,
99,40,
118,-14,
124,-39,
46,-22,
42,5,
140,17,
207,-5,
138,69,
56,-3,
117,37,
99,14,
85,64,
68,56,
-20,66,
-24,53,
36,-61,
61,-49,
106,-11,
182,-43,
64,-109,
43,-132,
104,-52,
-3,41,
-27,69,
44,4,
-40,5,
-16,-66,
117,-3,
101,-33,
3,54,
2,54,
41,32,
101,28,
88,132,
8,125,
3,110,
20,42,
1,7,
60,-17,
123,-19,
26,65,
7,100,
-64,49,
00>
_________________________________
00>
_________________________________
Sequence Number: 227
00>
00>
Printing STS0 CIR
00>
00>
_________________________________
00>
7,-24,
5,-55,
41,-88,
26,-55,
-17,-21,
28,20,
11,-1,
-64,-48,
-18,17,
27,5,
45,-9,
5,-3,
-33,52,
38,14,
138,34,
32,-12,
67,-20,
34,32,
83,-72,
-13,-54,
-103,19,
-54,28,
-41,6,
24,14,
6,22,
0,-51,
2,-41,
2,-11,
-22,67,
-10,98,
-4,57,
-11,24,
20,39,
-6,83,
-120,-47,
-15,-3,
-29,-27,
48,24,
11,2,
-91,34,
-106,-70,
-44,-43,
54,-44,
31,-63,
29,-50,
-8,-6,
-25,18,
-47,20,
-7,11,
-20,13,
67,-38,
71,5,
35,94,
-72,65,
-12,31,
-21,0,
21,33,
7,-11,
13,-41,
37,-19,
46,11,
-7,-18,
-11,-32,
18,-45,
11,-52,
-31,-87,
-44,-2,
16,57,
71,44,
17,-7,
-11,-27,
-27,-5,
-11,-18,
3,20,
18,22,
-31,7,
-60,64,
-32,-9,
-24,-2,
20,-29,
12,-16,
-72,-38,
-56,-94,
-2,-107,
33,-23,
-1,18,
-12,44,
-55,72,
-40,20,
-96,9,
-6,-54,
-56,-19,
-9,-13,
-81,-3,
-12,37,
-16,-42,
23,-23,
3,-105,
6,-16,
24,-6,
42,-5,
73,-71,
-30,-38,
-21,-13,
97,-19,
69,45,
3,36,
-74,29,
-18,-37,
53,-28,
58,6,
15,15,
4,52,
-7,-65,
-15,-89,
40,-77,
14,-49,
-29,-8,
-29,30,
9,13,
78,27,
76,3,
57,-39,
29,-17,
43,-31,
0,-4,
-82,-49,
-42,-29,
80,34,
68,42,
50,-64,
50,2,
-10,-21,
-13,-20,
-55,-49,
-2,16,
46,31,
16,-56,
-11,14,
-21,-47,
31,-114,
1,40,
-1,2,
0,4,
7,15,
83,43,
75,43,
-18,-12,
2,-13,
26,11,
-29,-6,
43,-3,
11,-73,
15,-106,
65,-59,
56,-19,
18,-31,
-3,8,
-19,-13,
-24,13,
-11,-34,
2,-49,
0,29,
9,76,
-54,-31,
-27,-93,
-11,-29,
44,56,
46,55,
79,30,
53,27,
31,-10,
15,63,
19,58,
21,5,
1,5,
50,13,
51,47,
23,20,
-3,-15,
-10,14,
-39,82,
-28,32,
-18,-21,
23,-1,
44,-44,
3,-29,
-18,31,
36,57,
54,13,
22,4,
17,8,
47,-2,
63,-46,
110,15,
81,-36,
89,4,
-40,-27,
11,-40,
14,-11,
39,-67,
44,-15,
70,32,
60,-7,
-24,-23,
24,-21,
20,-34,
46,-15,
-41,-11,
29,73,
3,16,
42,18,
66,-36,
-18,25,
-48,0,
-24,-26,
-36,-18,
30,-64,
-14,-1,
-12,-17,
-4,29,
16,-28,
-11,4,
-30,61,
87,-17,
82,85,
108,124,
98,110,
-60,42,
-42,18,
-3,-15,
105,-34,
67,37,
4,-29,
-16,-13,
20,-29,
54,6,
-3,-6,
-15,-33,
-49,24,
15,-23,
56,22,
13,67,
-45,68,
-6,48,
-48,-18,
-3,-1,
62,-13,
48,1,
-20,-21,
-68,-55,
-38,-26,
-37,41,
26,20,
-27,-51,
1,-17,
2,-49,
-1,-67,
-10,3,
33,16,
-44,-9,
-52,-20,
-6,11,
-2,25,
34,33,
51,-75,
35,-92,
-54,-54,
-50,-30,
-10,-14,
33,-39,
37,-53,
6,-60,
14,-5,
-106,14,
-53,-23,
50,-47,
95,-75,
-31,47,
-95,31,
-30,44,
24,15,
1,-38,
2,28,
28,83,
53,69,
-33,15,
-60,72,
0,70,
35,-44,
-10,-117,
-30,-76,
24,12,
4,15,
27,36,
-11,-53,
34,-8,
18,-15,
-18,40,
16,42,
-27,18,
6,26,
-22,4,
4,-9,
19,10,
87,23,
28,100,
-105,10,
-42,-60,
5,-35,
61,-47,
79,30,
22,10,
-3,-30,
4,-6,
-3,-64,
-26,-21,
24,-77,
61,-10,
9,29,
54,55,
58,16,
2,32,
74,25,
55,52,
-46,-5,
-41,-29,
-29,40,
20,70,
71,31,
70,60,
-22,24,
-34,34,
20,-17,
-23,3,
-25,-20,
-15,23,
54,29,
21,-34,
29,-79,
43,-26,
62,-3,
30,47,
-22,-44,
-60,-48,
-91,58,
-17,57,
-1,-27,
17,7,
10,-5,
19,20,
54,20,
393,-403,
2105,-1897,
5202,-3641,
6306,-2671,
3139,435,
-925,1951,
-2224,414,
-1339,-2369,
-961,-3741,
-1338,-2781,
-962,-1080,
-138,-124,
175,160,
47,-105,
-30,-488,
37,-572,
156,-272,
173,188,
321,559,
470,730,
620,437,
343,-66,
113,-113,
17,220,
48,641,
-7,484,
-120,56,
-134,-185,
-74,-230,
25,-138,
42,-46,
151,-70,
171,-164,
96,-103,
-38,103,
-100,290,
-82,237,
-10,87,
12,55,
-15,185,
-5,180,
-1,79,
-99,-30,
-16,-28,
26,-157,
58,-121,
73,-35,
15,-11,
-23,23,
-189,122,
-270,216,
-204,235,
-136,247,
7,89,
70,16,
126,-9,
9,-42,
-62,-60,
-91,-24,
-91,12,
-73,14,
-74,73,
-128,129,
-110,82,
-153,116,
-288,215,
-166,217,
-54,149,
6,-12,
56,31,
46,185,
93,293,
73,382,
134,220,
191,259,
132,273,
13,269,
-90,153,
6,-25,
66,-73,
71,13,
100,-13,
52,-20,
19,-34,
-15,-12,
-31,-49,
-54,-47,
-6,35,
101,8,
66,8,
-27,0,
-69,66,
-62,39,
-83,-4,
-60,-24,
-11,-26,
-21,18,
20,-65,
31,-20,
-24,16,
-37,86,
-9,125,
10,117,
31,55,
-6,31,
-24,36,
-45,30,
-17,83,
-12,74,
-61,-1,
-17,5,
87,-35,
86,-19,
-6,-17,
-27,50,
12,95,
-79,26,
-105,12,
-83,39,
-41,40,
-16,87,
4,-18,
13,31,
3,3,
-36,28,
-45,34,
-68,3,
-47,9,
7,36,
5,37,
12,56,
-73,29,
-78,-34,
-64,16,
-54,-7,
-41,-12,
-66,-61,
-82,-41,
-32,-9,
-28,11,
-60,43,
-20,20,
-56,7,
-66,15,
-39,-67,
31,-26,
-13,-49,
-30,-28,
55,-3,
7,88,
-39,67,
-83,32,
-22,78,
-14,41,
-27,35,
-5,72,
-26,49,
-38,4,
13,24,
-21,-33,
00>
_________________________________
00>
00>
Printing STS1 CIR
00>
00>
_________________________________
00>
18,5,
1,66,
37,107,
45,59,
19,-20,
38,-11,
-8,-45,
-43,-34,
33,19,
0,19,
45,-62,
58,-42,
6,-47,
45,-9,
-10,-1,
59,10,
-11,29,
32,57,
92,70,
15,19,
-87,-10,
-49,49,
21,67,
-42,46,
-47,7,
-7,85,
-1,-40,
49,14,
102,16,
54,-19,
73,-7,
78,-10,
54,-43,
76,-53,
59,6,
7,80,
0,-8,
-15,-20,
-61,-51,
-97,28,
7,8,
-8,-43,
-23,-74,
-52,13,
27,46,
18,37,
-34,2,
-15,56,
-37,-47,
-28,-29,
29,-15,
28,50,
-7,-25,
13,-18,
-7,-54,
15,48,
-40,14,
20,20,
-3,-9,
1,-21,
-55,-8,
-24,45,
-20,39,
-6,85,
-19,-6,
-3,-63,
42,-15,
0,35,
-26,78,
23,78,
1,23,
29,70,
63,67,
65,-68,
27,-46,
-17,-88,
32,-46,
18,20,
2,47,
23,26,
5,-62,
79,-102,
11,-46,
-33,63,
-48,1,
-1,-10,
-15,-27,
12,-3,
8,58,
32,62,
5,-36,
56,-1,
31,-41,
21,-34,
-1,44,
-19,48,
-33,0,
28,32,
106,15,
137,10,
37,4,
-25,-37,
-43,27,
29,53,
32,70,
0,74,
-34,-5,
44,-4,
-31,30,
51,9,
16,10,
2,-51,
8,-23,
29,32,
60,-41,
-57,-118,
58,-82,
37,-5,
90,-50,
5,-24,
21,34,
17,46,
29,86,
-96,65,
-27,9,
13,-2,
25,-1,
-38,10,
-7,-9,
8,-29,
-87,-30,
-34,-37,
12,-20,
74,-12,
61,-36,
72,56,
94,137,
41,40,
30,-6,
-19,-41,
-54,-25,
5,21,
65,20,
58,12,
-10,-32,
-36,-20,
-31,-76,
-5,-47,
44,-27,
93,39,
75,19,
31,-13,
65,4,
73,-13,
43,-6,
-3,-4,
16,15,
-23,-55,
-34,-37,
2,-20,
-12,5,
20,14,
54,-1,
82,-45,
73,12,
-9,22,
32,49,
27,36,
81,-21,
107,-100,
80,-44,
68,35,
77,33,
51,-55,
-13,52,
-4,30,
17,4,
30,-21,
89,115,
44,63,
-28,37,
-6,-9,
-81,-5,
-10,-54,
-70,31,
-43,-11,
12,-24,
-10,28,
-25,19,
21,-9,
14,-4,
79,25,
76,25,
59,-13,
15,-1,
-37,14,
9,18,
12,-29,
32,-26,
16,-60,
-36,-1,
-30,-34,
-12,-26,
-27,1,
-31,36,
-8,13,
-84,-25,
34,-10,
51,-34,
40,5,
-11,56,
-14,-18,
-6,-44,
41,-58,
43,-45,
-14,-15,
37,67,
36,40,
46,23,
29,-11,
-20,33,
15,11,
-20,-6,
51,16,
55,-21,
-7,-15,
15,32,
17,177,
3,95,
-84,74,
-46,-31,
-20,-18,
7,12,
-16,-18,
-33,-28,
-5,19,
13,-30,
12,-64,
-24,42,
7,12,
61,37,
138,25,
-18,-23,
-41,42,
25,58,
75,30,
27,-34,
20,-63,
-22,-131,
0,-30,
-18,-39,
19,34,
21,-31,
-17,-26,
2,-17,
68,13,
29,17,
-107,29,
-63,24,
17,15,
-24,-36,
36,-23,
-30,32,
-48,44,
80,71,
10,31,
28,5,
-29,56,
-41,-40,
-21,27,
-19,66,
2,116,
49,12,
-7,-59,
-8,-85,
-35,-67,
-75,-6,
-15,8,
35,43,
29,109,
40,51,
88,-37,
100,-29,
19,-63,
-14,-68,
27,35,
70,40,
13,23,
-29,17,
21,-103,
53,-96,
-27,-44,
1,-60,
28,1,
27,49,
80,38,
108,16,
76,-16,
37,21,
5,20,
12,-35,
12,-3,
-20,-14,
14,-2,
1,-13,
-23,32,
-43,-3,
32,-30,
45,33,
14,-45,
-16,-51,
-26,-19,
53,-5,
-17,74,
-12,46,
-3,92,
-32,-5,
-15,-6,
17,-20,
54,-23,
17,7,
33,-70,
-48,-77,
5,-34,
69,-41,
61,15,
38,7,
1,55,
-27,35,
5,-40,
48,-27,
23,-3,
48,26,
-12,21,
-11,41,
-50,38,
-13,53,
81,-23,
55,19,
16,59,
1,26,
9,-3,
19,-34,
7,-57,
-17,-52,
23,-67,
-5,-34,
46,29,
3,23,
6,-32,
-25,-56,
55,-88,
249,-560,
1421,-2433,
4327,-4930,
5979,-4342,
3946,-407,
-185,2736,
-2879,3011,
-3741,1603,
-4002,1813,
-3753,2685,
-2207,2064,
-447,545,
270,-180,
2,22,
-354,489,
-365,701,
-197,430,
138,-16,
485,81,
598,489,
612,336,
176,-139,
-170,-273,
-337,84,
-145,436,
-12,399,
48,65,
4,-255,
7,-343,
-1,-331,
37,-270,
95,-205,
184,-260,
275,-196,
201,-107,
38,-89,
82,-104,
60,-68,
-29,-196,
-157,-321,
-153,-417,
-9,-529,
73,-349,
79,-167,
49,-22,
-17,-25,
-23,-41,
49,-33,
74,55,
40,185,
-58,116,
-123,139,
-189,216,
-146,175,
-20,155,
159,158,
287,84,
166,96,
60,-17,
-8,-48,
-88,-12,
-61,-5,
-4,-22,
-19,-13,
-19,-20,
-134,-68,
-194,-113,
-133,-131,
15,-187,
123,-143,
103,33,
-6,80,
2,211,
101,152,
152,167,
104,218,
66,237,
53,165,
157,51,
142,80,
177,130,
157,-12,
186,-211,
53,-214,
-85,-132,
8,38,
74,133,
145,73,
121,71,
49,-66,
9,-15,
-81,-10,
-39,-3,
6,-57,
62,31,
48,39,
76,8,
33,47,
68,35,
16,41,
34,40,
-26,-13,
-10,-12,
-34,-22,
-54,-103,
-17,-159,
23,-116,
-4,-70,
5,-21,
55,-85,
23,-97,
21,-49,
-39,21,
-1,43,
25,-3,
-32,21,
-94,-121,
2,-109,
11,-90,
-17,-64,
4,2,
-46,5,
-78,2,
-36,-12,
-26,-68,
6,-31,
20,3,
-5,-81,
-5,-59,
35,-48,
159,-24,
24,84,
-71,-3,
24,-53,
101,-9,
46,41,
-55,20,
-68,-2,
-14,-56,
-15,-29,
42,-10,
-31,-20,
-6,-6,
-7,23,
6,-14,
-17,-101,
-41,-104,
33,3,
66,-26,
-53,-3,
-4,-17,
43,63,
18,21,
-32,-8,
-22,-14,
-10,31,
-18,23,
-41,16,
3,50,
52,1,
00>
_________________________________
00>
RX Timestamp: 179237501682
00>
Clock Offset: 171.089 Hz, -0.021 ppm
00>
RX Timestamp: 180309276014
00>
Clock Offset: -877.762 Hz, 0.110 ppm
00>
_________________________________
Sequence Number: 104
00>
00>
Printing STS0 CIR
00>
00>
_________________________________
00>
-45,-5,
13,15,
-17,-32,
17,-66,
-5,-48,
47,7,
-43,0,
-23,-45,
-62,12,
25,-27,
-20,-91,
-37,-40,
-32,-63,
-5,-70,
-78,-60,
-9,-6,
57,1,
-14,21,
20,-27,
-17,-74,
20,23,
56,44,
33,30,
-36,-32,
-44,-66,
39,26,
89,38,
-20,50,
-56,21,
-113,-52,
2,8,
44,-44,
41,-90,
19,-32,
33,-29,
90,13,
16,-7,
22,42,
25,90,
19,25,
56,-20,
46,21,
43,-16,
-12,11,
-13,-2,
5,37,
-48,0,
-85,-63,
-84,-40,
-18,-46,
-3,36,
32,71,
9,69,
7,72,
65,-17,
33,-20,
6,8,
-9,-42,
34,-108,
-8,-27,
67,-20,
29,-8,
24,56,
76,58,
48,1,
23,-22,
-26,-35,
-11,-14,
28,21,
75,-10,
11,-27,
65,-19,
80,57,
-40,39,
10,9,
80,-17,
66,27,
5,73,
23,8,
28,-72,
-17,2,
20,31,
46,12,
45,-59,
-17,-76,
21,-23,
30,10,
99,16,
40,-49,
-38,15,
16,12,
23,-13,
-1,17,
45,-3,
-3,4,
6,43,
16,53,
17,21,
55,40,
-60,-29,
-43,52,
-58,63,
16,30,
20,-43,
11,-12,
-8,-36,
22,-78,
-54,-73,
-37,-113,
24,-96,
46,-53,
-4,-22,
12,10,
48,50,
32,-45,
1,-52,
14,-11,
8,62,
-42,71,
-60,47,
-9,-29,
-53,12,
36,-7,
57,-56,
48,16,
78,34,
50,25,
-5,13,
55,11,
40,-26,
-5,13,
-5,28,
18,38,
-15,46,
-14,-64,
33,34,
75,117,
-3,-3,
27,11,
1,-54,
-5,-41,
23,5,
-8,-15,
4,56,
45,-40,
21,-13,
17,-15,
10,-59,
-58,-115,
24,-107,
76,-70,
-18,15,
28,43,
40,51,
95,2,
77,-26,
-2,-32,
24,8,
16,25,
-29,17,
1,41,
2,6,
-12,23,
-57,77,
18,26,
-56,-11,
-23,-15,
25,92,
55,-6,
16,-118,
-32,-177,
-26,-127,
8,-31,
-16,-27,
-3,23,
-7,-34,
-68,-23,
-87,39,
15,-32,
0,-6,
52,-93,
46,-34,
-2,20,
-69,-10,
-22,-45,
59,21,
67,33,
-12,1,
-46,8,
-65,25,
-27,50,
85,38,
41,39,
60,25,
9,75,
49,25,
35,27,
-11,8,
20,26,
32,130,
26,90,
22,-56,
-43,-112,
42,-86,
-12,-40,
-4,-17,
5,-23,
-27,-71,
-38,-22,
-29,4,
-17,-49,
122,-17,
27,0,
57,44,
-12,7,
20,52,
15,39,
47,6,
118,-26,
8,-4,
0,-43,
-21,-33,
-51,-4,
-100,-4,
-19,9,
6,4,
23,-5,
3,42,
-59,11,
-63,44,
27,-19,
58,28,
22,21,
-24,31,
23,9,
33,-39,
-25,-21,
-20,7,
-17,36,
-35,51,
-3,74,
9,16,
-52,-14,
-51,-18,
24,28,
28,29,
73,-31,
43,-46,
15,15,
9,45,
31,-30,
-6,-14,
0,18,
-58,36,
-19,-27,
32,-34,
-21,-103,
22,-44,
-14,-38,
12,29,
-32,7,
-83,-13,
-17,-11,
52,-19,
89,90,
39,88,
3,38,
-18,-35,
5,-48,
-12,15,
2,-1,
51,5,
56,5,
39,-9,
35,-6,
21,14,
14,-32,
57,-15,
-3,-42,
-67,-39,
-42,-47,
0,1,
2,31,
-31,-36,
1,-40,
52,-18,
-36,-5,
-24,-24,
45,-23,
-23,-8,
-72,-6,
-4,-13,
46,0,
98,-23,
-4,-34,
-59,34,
23,21,
92,-64,
47,-11,
-19,26,
42,0,
37,1,
-71,-83,
-75,-9,
36,23,
67,75,
81,6,
-53,-59,
-8,-52,
74,-11,
87,36,
43,61,
36,2,
0,63,
42,-31,
96,-71,
41,-8,
10,94,
4,3,
-34,-2,
-23,8,
26,41,
44,-14,
-30,-47,
-36,-20,
-3,-44,
18,-99,
41,42,
31,25,
49,-32,
-14,-18,
-39,17,
5,-19,
3,25,
-31,-5,
-94,75,
-45,53,
64,25,
64,-37,
-5,78,
11,80,
-45,100,
-98,-13,
5,-87,
4,-53,
89,-49,
0,-19,
-14,18,
-38,0,
0,13,
10,15,
-39,-17,
-54,30,
-98,17,
-971,-2,
-4182,-408,
-7468,-1760,
-6976,-2739,
-1713,-2040,
3148,-183,
3147,396,
904,-1043,
-96,-2368,
78,-2273,
58,-1177,
-150,-279,
-19,141,
550,291,
968,441,
881,612,
442,495,
317,118,
474,-356,
798,-806,
631,-950,
-47,-753,
-424,-286,
-151,100,
117,186,
85,242,
4,256,
-46,220,
21,159,
123,189,
201,167,
111,118,
-99,137,
-241,156,
-299,191,
-347,213,
-377,106,
-428,34,
-317,-33,
-222,60,
-151,180,
-118,168,
-116,34,
22,15,
23,83,
10,227,
14,186,
75,104,
84,42,
96,-34,
96,-46,
49,-37,
-35,-127,
-84,-101,
-15,-133,
149,-185,
222,-21,
68,79,
64,91,
-112,146,
-94,161,
-21,82,
32,-131,
134,-252,
213,-239,
283,-13,
119,123,
15,168,
-34,174,
-23,78,
18,67,
96,61,
80,43,
154,-85,
299,-77,
448,-108,
462,14,
336,15,
220,-39,
131,-154,
91,-126,
33,-152,
-74,-145,
-4,-175,
-3,-114,
28,39,
92,136,
79,61,
87,64,
1,27,
9,51,
73,23,
58,125,
125,135,
43,63,
46,5,
5,76,
57,214,
18,76,
85,33,
64,16,
68,-20,
33,-6,
35,26,
47,14,
39,27,
16,-26,
-68,-67,
-2,-63,
10,-36,
-105,-34,
-86,-5,
115,-83,
206,-64,
176,-24,
-3,36,
-43,62,
-24,58,
54,59,
15,10,
29,79,
0,54,
21,-18,
51,-51,
58,-27,
7,98,
62,26,
58,27,
-22,45,
-37,38,
10,91,
19,84,
24,-29,
-11,52,
-38,102,
-47,61,
-101,84,
5,101,
80,31,
87,-10,
79,-6,
31,0,
39,92,
22,87,
16,48,
20,-50,
37,-97,
88,-132,
89,-58,
45,40,
85,47,
89,7,
51,4,
28,-25,
4,48,
76,43,
41,34,
52,20,
00>
_________________________________
00>
00>
Printing STS1 CIR
00>
00>
_________________________________
00>
-4,24,
-18,-7,
-57,49,
-52,8,
-6,-4,
31,-25,
63,-32,
-14,-84,
-73,-59,
-1,-19,
-1,50,
-36,-21,
1,-71,
58,-29,
-8,-42,
-38,-72,
-103,37,
-18,-18,
58,18,
89,23,
-7,56,
-19,-59,
-56,-47,
-23,-112,
47,-67,
-5,-7,
-35,67,
6,55,
-34,11,
-4,-21,
56,-34,
-2,8,
-30,-2,
1,6,
-15,-76,
-6,-72,
-30,-33,
17,-46,
45,-54,
33,-34,
-59,-15,
5,-34,
87,17,
-4,-34,
-96,-8,
-36,-4,
-16,-28,
39,-6,
-28,-12,
4,-5,
-6,-22,
-3,65,
-14,82,
1,34,
45,27,
-25,-60,
30,-13,
66,12,
45,79,
88,20,
69,45,
72,30,
-35,36,
14,29,
-14,-5,
10,-55,
21,-110,
45,-106,
7,-22,
5,-65,
-21,-3,
-20,8,
69,7,
59,37,
-55,83,
-74,56,
-37,25,
-58,12,
-9,10,
-14,-52,
-30,-43,
9,-53,
66,-73,
77,25,
15,-71,
51,-102,
6,-14,
66,76,
-11,12,
55,53,
20,2,
12,1,
50,-44,
21,-34,
-14,-15,
37,-6,
-35,13,
-44,30,
28,10,
-16,65,
2,10,
-32,7,
5,-8,
42,78,
-44,68,
6,10,
-11,-5,
-36,-17,
-42,8,
-32,-19,
-5,-24,
-17,-47,
-11,-13,
5,-49,
26,5,
-23,27,
-18,23,
36,60,
-22,43,
-82,-22,
-48,-8,
0,28,
40,32,
24,21,
20,-54,
14,-20,
-54,40,
43,45,
-6,10,
-27,-41,
-17,10,
-19,109,
14,42,
5,-5,
-7,0,
-37,40,
14,-3,
-6,-50,
-55,-43,
102,-52,
8,-4,
-46,-13,
-17,-35,
5,25,
27,9,
5,35,
-10,49,
-85,46,
-26,106,
15,66,
11,74,
24,39,
13,-22,
24,-33,
-43,14,
-53,-56,
13,-16,
34,-5,
15,-54,
7,-5,
18,-25,
-17,-63,
-5,-81,
-15,-16,
-1,32,
39,35,
-76,-31,
-3,-16,
-29,13,
40,78,
53,-26,
7,10,
-34,54,
-21,68,
-11,24,
38,-53,
11,-52,
18,-22,
10,-65,
19,23,
-14,-28,
-38,-45,
-48,2,
7,18,
-18,-42,
52,-44,
35,-12,
-36,-41,
-16,55,
21,79,
1,76,
-14,26,
7,0,
-7,48,
48,-29,
-33,-55,
-20,-31,
-20,8,
-34,-6,
0,68,
13,44,
96,-49,
-12,8,
-39,46,
13,-13,
-24,10,
-20,-51,
40,-5,
10,15,
36,36,
14,-2,
46,-58,
54,-66,
-11,65,
-8,82,
27,70,
8,-28,
64,-47,
87,-29,
69,11,
-29,45,
13,39,
6,52,
55,7,
-13,-47,
30,-58,
39,-50,
6,-55,
3,13,
-56,27,
30,84,
19,59,
94,99,
-10,24,
-31,-70,
54,-6,
-47,-45,
-37,-17,
-25,-7,
22,17,
-6,-15,
24,-40,
-51,31,
-73,77,
-18,32,
-24,-32,
-9,-75,
-24,-19,
-38,47,
-47,-37,
31,46,
16,24,
-10,-70,
49,11,
45,-6,
-6,-6,
-19,-113,
34,-62,
-1,-139,
-59,-23,
-46,-57,
-35,-3,
97,22,
116,45,
12,68,
8,44,
71,-57,
28,1,
-16,62,
8,-7,
-5,-40,
-18,-58,
-40,3,
9,-38,
-8,3,
76,47,
36,-57,
21,-67,
64,13,
74,32,
34,42,
4,81,
1,99,
-18,69,
-59,-45,
0,-23,
-41,-50,
-48,21,
22,54,
-16,1,
-16,-58,
12,28,
22,64,
-1,72,
-1,104,
16,13,
60,23,
52,-21,
15,-68,
-11,-16,
-30,29,
0,3,
21,-72,
53,-42,
70,60,
39,104,
69,37,
-14,-37,
-3,53,
10,-8,
43,-6,
5,0,
-7,-28,
51,19,
-27,-50,
1,-50,
-6,-32,
-41,93,
-39,83,
-5,-7,
-4,-123,
-49,-55,
-35,4,
-13,15,
52,-49,
4,-49,
-33,-111,
3,-61,
73,12,
19,-34,
106,-25,
24,-77,
24,-57,
46,-82,
-23,49,
-5,-67,
-29,-11,
36,28,
3,37,
32,16,
57,3,
18,-20,
56,-28,
35,39,
46,16,
-118,39,
-39,-44,
79,-56,
53,-38,
-78,8,
-68,-5,
-74,-70,
-13,-51,
-36,39,
-874,399,
-4050,649,
-7324,-136,
-6995,-1808,
-1969,-2181,
2408,-422,
1329,1132,
-2266,1092,
-4278,509,
-3219,545,
-1264,664,
-80,403,
139,186,
-219,124,
-619,13,
-729,22,
-432,-69,
183,-214,
401,-494,
563,-615,
678,-528,
262,-400,
13,-206,
224,-128,
475,-141,
500,-65,
263,39,
172,-59,
159,-81,
243,-103,
390,-67,
318,137,
56,165,
-26,-50,
59,-172,
178,-24,
205,176,
-91,155,
-177,-34,
165,-205,
375,-186,
194,149,
-178,122,
-213,18,
-93,-215,
-24,-248,
-96,-90,
-81,128,
-80,178,
44,111,
79,42,
119,106,
114,151,
10,13,
9,-152,
31,-180,
57,-68,
72,-6,
32,66,
-28,113,
109,134,
229,46,
162,-6,
135,4,
202,146,
315,213,
127,107,
73,28,
40,-59,
-64,-51,
-88,-43,
28,-53,
90,60,
120,29,
224,1,
391,-41,
446,-20,
416,-109,
369,-43,
384,64,
303,93,
206,2,
45,-9,
18,-23,
51,11,
31,115,
111,-47,
141,-126,
69,-155,
-34,-66,
-3,16,
-8,60,
80,108,
-14,61,
-23,64,
-22,62,
72,-58,
130,-22,
75,-37,
51,22,
61,-44,
104,-82,
87,-4,
108,10,
17,-58,
45,-75,
76,-78,
71,-83,
121,-63,
66,-45,
55,41,
127,60,
106,-53,
137,-75,
71,3,
109,-6,
161,-16,
149,68,
99,91,
168,60,
223,3,
167,-48,
135,1,
117,3,
15,16,
7,25,
59,-44,
90,-98,
77,-72,
13,19,
28,44,
48,30,
81,-31,
-31,-15,
-12,-15,
56,-8,
152,50,
90,60,
53,72,
52,-17,
54,-26,
104,79,
65,22,
102,-20,
63,37,
114,46,
47,15,
50,19,
113,28,
20,-15,
73,23,
103,44,
120,42,
136,-6,
103,16,
123,-12,
82,-5,
1,47,
00>
_________________________________
00>
_________________________________
Sequence Number: 107
00>
00>
Printing STS0 CIR
00>
00>
_________________________________
00>
-29,-9,
58,-14,
43,32,
2,53,
-19,-89,
-30,-65,
-50,-77,
-81,-28,
-21,31,
16,35,
46,-40,
65,-13,
13,-20,
-17,-27,
-9,-54,
22,-59,
58,34,
6,78,
2,45,
-71,-27,
-4,34,
3,124,
-29,3,
-48,-66,
-2,-42,
34,-6,
-21,25,
-30,24,
-10,-16,
1,-28,
-79,19,
-42,34,
45,-22,
51,27,
6,-10,
-33,-10,
-27,-27,
-99,-38,
-46,-104,
-44,-47,
-11,-23,
-39,-61,
-16,31,
14,34,
-6,20,
16,1,
-58,39,
4,59,
-19,-51,
35,-4,
16,39,
-54,109,
12,13,
19,-5,
-58,36,
-56,111,
-41,40,
23,-27,
85,-11,
-3,-23,
-32,-9,
-78,-47,
-54,-83,
32,-35,
31,31,
49,34,
48,-8,
54,-23,
64,-5,
-2,58,
-5,-19,
-38,11,
-47,80,
16,62,
68,20,
-30,-7,
-2,30,
40,-67,
49,-4,
-12,29,
34,29,
-51,-35,
-19,-13,
-71,14,
-67,40,
13,11,
63,-26,
3,53,
-11,65,
10,41,
15,-62,
49,-36,
-33,12,
13,0,
21,39,
-65,72,
8,29,
-10,1,
-23,11,
1,-48,
-8,-18,
25,-29,
-27,-62,
-29,21,
-47,14,
-21,15,
3,24,
-14,35,
-8,27,
-17,1,
-22,-23,
56,-23,
45,-17,
91,17,
36,-33,
2,-53,
36,-26,
-47,25,
10,23,
30,17,
30,92,
34,-28,
-15,-47,
-30,-4,
34,73,
-59,90,
-17,21,
14,-11,
47,-8,
-52,36,
-47,-20,
14,19,
44,-26,
52,-66,
-74,-19,
-16,15,
46,27,
70,-53,
0,-44,
-62,12,
-40,-4,
-10,-26,
34,-8,
-32,-36,
30,-63,
78,-18,
-58,-17,
-75,-10,
-7,-34,
93,6,
44,67,
-31,48,
-5,46,
89,-50,
50,55,
-59,8,
-26,20,
17,38,
26,8,
18,79,
8,36,
27,-14,
33,-15,
-97,6,
-42,75,
-80,27,
-53,-16,
23,-2,
4,-38,
-4,4,
4,30,
-5,53,
33,23,
72,-18,
8,-63,
-45,-54,
-67,-35,
-19,-14,
34,38,
-25,11,
14,12,
-80,130,
-59,49,
41,-29,
40,-51,
72,17,
22,-1,
-13,-6,
-28,-8,
29,-10,
111,14,
90,29,
-42,10,
-74,72,
-25,40,
48,14,
-2,50,
51,71,
25,31,
20,-41,
3,-17,
-9,-40,
-1,48,
116,1,
162,-4,
117,8,
-19,85,
-17,11,
-44,8,
-28,-13,
41,32,
8,-8,
9,40,
52,-79,
4,-19,
-78,-21,
-52,57,
-4,30,
14,53,
52,84,
-44,-72,
-52,-4,
-46,-31,
12,-2,
5,24,
95,-10,
124,13,
-4,60,
-52,-14,
-96,-13,
-57,2,
53,8,
95,7,
6,15,
-18,2,
19,-8,
-69,-16,
-13,43,
-44,48,
38,31,
-21,25,
-61,44,
-43,74,
-32,99,
-3,59,
50,5,
38,-57,
49,-3,
-17,79,
-81,37,
-47,-6,
-6,20,
74,-1,
38,42,
21,8,
-23,-24,
47,-56,
53,37,
80,5,
2,-23,
-56,-53,
47,28,
52,79,
39,-4,
17,-13,
73,-2,
-1,10,
28,-33,
3,-43,
-23,-42,
-7,-13,
88,28,
82,35,
5,-50,
-69,-7,
-38,-2,
43,-6,
-17,-9,
-34,-96,
-25,-37,
-21,-13,
68,34,
82,83,
9,8,
-38,6,
-76,68,
-68,10,
-49,-10,
2,19,
32,-11,
-61,0,
-61,56,
24,2,
11,-37,
-62,11,
-55,-10,
33,31,
43,79,
2,59,
-112,-9,
-58,-20,
42,13,
25,67,
30,25,
35,8,
-13,-57,
101,-108,
59,-51,
-8,-13,
-12,-29,
-77,21,
-22,-32,
18,24,
63,55,
11,56,
28,16,
23,41,
73,32,
-5,62,
-37,-29,
36,3,
86,-44,
138,27,
31,-14,
-16,-42,
-45,-25,
-14,-37,
4,18,
-7,16,
-3,-21,
-55,79,
-23,-15,
15,-61,
-22,-47,
35,50,
37,74,
31,68,
-47,-21,
-23,29,
49,13,
52,-24,
40,4,
13,82,
16,-15,
-18,31,
73,-19,
67,3,
-35,18,
-15,-32,
-19,-21,
-39,-45,
-64,57,
-55,124,
-13,77,
33,43,
41,-33,
586,-396,
2449,-1036,
4702,-1146,
4495,-22,
1192,1230,
-1583,1085,
-1471,-565,
-98,-2211,
213,-2678,
-290,-1981,
-397,-837,
-41,76,
115,198,
57,-101,
174,-402,
272,-407,
190,-105,
73,154,
9,448,
141,617,
201,390,
243,71,
166,-12,
-45,188,
-145,389,
-148,218,
-91,-37,
-95,-162,
31,-140,
72,-23,
94,-55,
182,-105,
145,-86,
-42,-120,
-174,33,
-177,182,
-164,89,
-47,22,
-50,-23,
-95,19,
-122,83,
-62,-9,
-30,-29,
42,-90,
170,-84,
155,-26,
-26,66,
10,48,
-38,-1,
-93,-16,
-161,40,
-97,71,
65,28,
22,-78,
-15,-62,
26,-32,
104,17,
-11,110,
-130,41,
-116,-3,
-82,9,
-59,-31,
-116,35,
-110,34,
-206,41,
-190,60,
-190,36,
-97,35,
-26,22,
63,-1,
-6,158,
44,215,
42,244,
62,261,
-12,239,
-59,283,
-37,165,
-26,130,
67,33,
140,19,
84,42,
48,5,
-12,-21,
23,-44,
-24,-7,
-72,27,
-51,58,
41,83,
80,96,
49,5,
-109,20,
-137,24,
-160,109,
-113,73,
-45,-10,
-85,-36,
-57,7,
20,48,
27,6,
11,12,
-81,21,
-71,20,
-20,39,
-88,-71,
-43,-22,
-82,-52,
-58,-57,
23,23,
-10,-13,
-63,-28,
-55,-10,
61,-10,
23,43,
9,17,
-67,99,
29,92,
43,52,
22,-32,
54,-87,
-19,-70,
17,-86,
8,16,
9,51,
-96,69,
-53,14,
-22,-34,
12,3,
-95,53,
-49,20,
-69,45,
-59,-6,
-51,-22,
-56,19,
-77,-3,
-100,-27,
-8,-9,
-5,-1,
-91,-54,
-60,-35,
-91,83,
18,31,
40,-25,
6,24,
-59,85,
21,-67,
89,-103,
62,-106,
-74,-52,
41,55,
1,41,
-6,79,
-24,30,
32,-34,
-19,7,
-19,68,
-24,127,
00>
_________________________________
00>
00>
Printing STS1 CIR
00>
00>
_________________________________
00>
-4,37,
-28,37,
-45,35,
5,22,
31,62,
87,38,
-47,-2,
21,14,
72,22,
69,21,
50,14,
9,13,
-43,6,
20,123,
110,124,
15,46,
61,-29,
82,2,
32,67,
-4,10,
3,19,
-9,15,
40,-45,
63,-7,
25,13,
9,34,
26,6,
15,75,
-65,64,
-55,57,
-21,31,
24,3,
-2,59,
-55,27,
-54,27,
17,45,
34,31,
59,17,
73,91,
49,67,
21,-8,
11,-36,
38,-85,
15,-53,
77,70,
18,136,
35,73,
-21,-7,
-16,-16,
-33,28,
-52,12,
6,66,
-46,-22,
-74,-36,
39,-33,
54,-34,
47,-60,
67,-80,
11,-48,
0,37,
-24,72,
-26,-11,
-34,15,
27,53,
36,-30,
12,34,
23,10,
-43,56,
-32,-6,
-12,-6,
74,78,
56,73,
70,93,
47,-3,
-38,-14,
-49,-7,
13,22,
38,-59,
29,-85,
32,2,
45,27,
46,23,
29,-2,
1,40,
-58,17,
-62,-52,
40,0,
-12,-64,
-70,31,
-46,98,
51,-4,
15,-91,
34,-41,
33,-28,
9,64,
-4,68,
16,18,
7,-51,
34,-65,
53,2,
31,66,
30,57,
-22,19,
-8,88,
61,33,
-5,-6,
73,-39,
87,24,
58,51,
-3,34,
-106,-26,
-28,-81,
16,22,
28,69,
22,-52,
34,-72,
-18,-30,
-12,21,
0,31,
-1,25,
37,-17,
49,-18,
36,10,
41,69,
87,59,
79,77,
49,112,
73,35,
86,77,
-7,51,
8,19,
77,11,
121,57,
132,18,
-99,-6,
27,-14,
68,6,
54,88,
-50,96,
-65,10,
10,-11,
35,-39,
-24,35,
30,71,
-62,112,
20,-52,
66,-61,
3,-57,
34,6,
-39,-44,
-14,-33,
-30,-39,
-36,-9,
34,86,
7,78,
21,46,
17,33,
20,33,
46,57,
31,48,
-23,70,
-4,9,
-62,23,
22,-50,
74,19,
98,-16,
97,93,
54,130,
38,7,
-4,-49,
3,-4,
-23,43,
-37,10,
-23,-63,
49,-25,
14,81,
78,109,
8,100,
23,64,
69,56,
40,46,
-64,75,
1,57,
28,24,
-80,31,
88,-50,
112,-23,
86,18,
-21,45,
14,16,
6,0,
-8,40,
-20,-4,
44,-51,
55,-6,
20,-4,
-34,21,
-100,55,
19,85,
-7,16,
3,-32,
46,-20,
6,10,
2,23,
-23,79,
91,99,
2,89,
-47,33,
10,-17,
-5,16,
36,113,
9,-3,
-62,-48,
-47,119,
28,147,
30,61,
-39,-60,
-89,3,
-20,54,
134,68,
91,4,
10,-56,
-54,34,
0,49,
54,-11,
17,-18,
33,-33,
-12,38,
7,29,
44,27,
14,42,
35,10,
101,28,
73,76,
23,39,
-40,45,
1,-13,
-2,8,
3,62,
23,55,
27,31,
-11,-5,
5,-7,
75,-35,
50,-58,
-51,14,
-114,17,
-90,16,
-11,59,
-17,35,
-62,-12,
10,-28,
-7,18,
-111,32,
-96,-1,
70,-55,
31,-57,
-5,-75,
-12,-68,
50,-32,
79,43,
-12,33,
30,-45,
22,-61,
42,5,
11,8,
40,8,
85,-13,
71,86,
21,138,
29,103,
-65,22,
-32,38,
47,26,
59,46,
-17,50,
-20,-37,
-23,8,
-11,-15,
17,18,
86,5,
26,15,
-24,64,
41,32,
27,-44,
37,22,
-12,72,
75,42,
6,-27,
47,-47,
14,22,
27,91,
-42,72,
-24,-9,
-11,-19,
-90,59,
-19,12,
10,-37,
0,-24,
-9,18,
-19,-45,
2,8,
0,5,
-9,-42,
-20,-3,
5,-11,
23,15,
22,5,
-8,-12,
-16,53,
58,19,
127,-15,
-52,28,
15,71,
113,-34,
68,-58,
20,-56,
-18,2,
-27,64,
-15,68,
-45,70,
1,30,
16,12,
90,81,
105,10,
132,7,
-16,76,
-12,59,
3,66,
43,16,
-68,-25,
-61,-67,
6,35,
51,21,
-15,15,
11,10,
21,-12,
18,17,
-15,-57,
4,-78,
2,-86,
62,28,
55,5,
41,86,
28,72,
-27,66,
-68,82,
35,-5,
50,48,
16,68,
-72,28,
-65,44,
-10,41,
9,-86,
6,30,
-4,42,
484,-458,
2047,-1848,
4304,-2755,
4761,-1669,
2118,842,
-1126,2036,
-2596,1347,
-2869,439,
-3170,620,
-2962,1060,
-1701,852,
-302,248,
276,-73,
37,81,
-402,396,
-445,478,
-172,306,
114,111,
280,164,
384,292,
301,193,
80,-75,
-168,-135,
-161,52,
-101,223,
-98,317,
-103,203,
-19,-94,
28,-318,
61,-358,
38,-261,
170,-136,
210,-28,
164,-66,
157,-141,
71,13,
59,-2,
28,-113,
81,-129,
13,-176,
-9,-270,
-92,-326,
75,-222,
109,-33,
99,-11,
76,-31,
71,-40,
50,-19,
-114,11,
-189,125,
-173,187,
-303,129,
-332,65,
-72,87,
9,69,
77,99,
87,74,
16,44,
-16,16,
-24,-33,
20,-35,
62,-3,
-39,44,
-45,28,
-77,-28,
-131,-79,
-86,-101,
-66,-77,
74,-62,
70,-60,
131,11,
11,119,
-20,166,
19,122,
108,195,
79,208,
-24,168,
20,96,
71,87,
126,115,
71,113,
7,72,
69,-36,
97,-92,
44,-28,
-37,39,
-28,131,
-14,119,
117,117,
18,28,
-74,-37,
-58,-37,
-56,41,
7,17,
66,35,
45,59,
78,39,
42,64,
-23,9,
-17,59,
54,-14,
-7,2,
34,51,
1,87,
23,73,
80,-19,
54,-27,
33,15,
-18,26,
-17,-31,
-29,-2,
-10,-42,
-8,-50,
14,2,
-48,5,
-5,-23,
44,-58,
6,-12,
-15,-3,
46,-6,
2,-45,
-51,-8,
50,-42,
-39,-81,
18,-42,
5,32,
22,60,
-1,43,
36,16,
9,-73,
-12,22,
4,130,
34,54,
41,6,
-16,-56,
-25,-89,
-17,-93,
14,-36,
28,-28,
-34,-6,
4,24,
44,-1,
69,50,
84,50,
7,-101,
-18,-104,
-66,-71,
49,-88,
37,-40,
163,24,
54,17,
-29,-69,
-57,-63,
13,-29,
-39,-52,
14,-49,
00>
_________________________________
00>
RX Timestamp: 319342749301
00>
Clock Offset: -18.597 Hz, 0.002 ppm
00>
RX Timestamp: 320415527677
00>
Clock Offset: -189.686 Hz, 0.024 ppm
00>
_________________________________
Sequence Number: 240
00>
00>
Printing STS0 CIR
00>
00>
_________________________________
00>
-36,-5,
-61,75,
-5,13,
45,40,
27,2,
-13,22,
-12,90,
-37,36,
-5,-53,
-37,19,
-48,29,
25,13,
3,5,
0,88,
13,22,
-18,25,
-18,30,
55,99,
29,67,
-42,15,
-41,-75,
-30,-98,
-13,-25,
-16,34,
-83,50,
-51,-45,
-55,-50,
-12,8,
5,40,
9,109,
-40,-46,
17,9,
-15,-19,
0,41,
-8,20,
-44,-3,
26,-2,
-21,-20,
17,-5,
-11,38,
-40,-22,
-67,-72,
43,-25,
75,25,
16,39,
25,14,
-43,8,
-40,6,
-60,31,
-74,13,
-48,38,
-15,47,
-19,-105,
26,-28,
46,3,
9,12,
-6,15,
11,-25,
-34,-2,
-30,-50,
-9,17,
-7,-30,
-26,5,
9,21,
75,38,
46,18,
12,-35,
47,-46,
-36,73,
-38,-8,
-40,-10,
-44,53,
-47,-20,
41,-5,
29,26,
-2,54,
51,62,
0,38,
-25,-40,
1,-24,
-2,30,
32,11,
18,-9,
1,-7,
5,-16,
-40,24,
-3,43,
-14,-5,
-22,-86,
-24,13,
35,38,
12,-26,
-32,-28,
-5,39,
45,48,
13,23,
25,29,
21,-92,
32,58,
97,52,
-2,6,
-46,-4,
-62,-41,
-21,-66,
35,36,
46,-19,
16,-55,
-62,5,
33,-8,
-60,-28,
-71,-50,
-26,6,
-48,38,
-27,29,
15,69,
-35,32,
-3,-51,
21,-38,
-27,28,
-71,68,
-51,5,
-61,-9,
26,20,
-66,44,
-23,23,
5,42,
11,-4,
-65,18,
-21,-40,
59,-75,
17,1,
1,30,
-139,42,
-83,53,
22,34,
44,56,
49,-33,
12,19,
-81,-51,
15,-61,
38,-52,
9,-39,
-77,-29,
-17,-16,
-21,-36,
15,29,
-15,-49,
19,-28,
67,37,
33,55,
2,34,
24,42,
-13,-7,
2,11,
25,22,
-35,4,
3,24,
-19,28,
35,48,
0,-4,
9,-10,
5,22,
20,34,
19,11,
-44,40,
1,-18,
-49,-50,
-71,-3,
54,-32,
11,91,
-19,-11,
35,-34,
44,12,
-6,23,
-35,-58,
-34,-28,
-32,34,
-67,-10,
-10,-11,
21,-31,
72,-94,
-15,-16,
-16,10,
40,10,
56,37,
114,-25,
48,8,
27,-81,
62,-25,
94,23,
19,19,
-13,9,
-20,1,
29,26,
39,-24,
67,-6,
38,80,
-41,37,
-66,-51,
-1,-22,
-20,-10,
-62,-19,
-19,-36,
-11,-46,
-55,-29,
-54,-9,
-26,40,
-6,16,
9,-44,
-5,7,
-1,-13,
-6,4,
-16,-22,
-12,-90,
-48,-30,
-39,14,
-58,8,
-48,-9,
-20,41,
81,23,
28,-23,
36,11,
-16,-22,
-70,-16,
-100,-20,
0,-33,
33,-6,
35,-39,
4,38,
-29,-52,
-2,-8,
-8,6,
-41,47,
-3,-14,
1,-57,
-15,-60,
-45,-45,
3,-33,
-26,-60,
29,2,
77,-6,
-4,41,
-26,-46,
-44,-77,
-86,-56,
-25,2,
0,-1,
6,2,
-45,17,
-25,9,
-20,69,
-85,-11,
-55,18,
-13,56,
-25,28,
30,-44,
-14,-15,
-24,4,
-71,-29,
57,-2,
62,-8,
-44,43,
-1,52,
12,-47,
53,-6,
43,-2,
8,14,
-26,4,
-36,-10,
-12,-43,
67,26,
-1,23,
-5,23,
-11,-23,
49,-30,
-51,18,
-123,55,
-71,-65,
-9,-15,
-75,35,
-79,83,
11,54,
-53,-25,
-75,16,
-28,108,
-12,36,
-74,39,
-43,-13,
52,7,
57,-10,
33,57,
28,88,
16,69,
12,-2,
-22,29,
41,23,
8,46,
20,55,
-37,31,
-88,-24,
-9,0,
-4,-24,
16,-74,
-42,-69,
15,18,
13,55,
99,8,
-18,-8,
14,-55,
4,47,
27,-22,
44,-26,
34,-68,
12,-23,
-8,32,
-69,-8,
11,-14,
7,16,
29,28,
-59,43,
-97,-10,
-4,-9,
-7,-26,
53,30,
125,88,
48,14,
13,53,
-15,-16,
-42,19,
-11,50,
-17,20,
11,-18,
-3,2,
-6,-18,
-46,16,
-5,69,
52,-26,
-13,-47,
-50,-64,
-72,-47,
-20,-27,
96,23,
6,34,
-8,24,
-17,28,
51,32,
120,-14,
37,59,
-13,-44,
15,-61,
1,-30,
5,-68,
757,-572,
3446,-2316,
6818,-3386,
7377,-2484,
3050,271,
-2330,2260,
-2994,1947,
-239,1349,
1498,1667,
1419,1787,
802,1128,
354,267,
-20,-55,
-503,96,
-1022,233,
-1139,82,
-721,-47,
-346,276,
-66,562,
21,941,
150,1148,
462,621,
352,88,
84,-64,
-219,-43,
-298,-133,
-232,-235,
-92,-211,
-73,-135,
-237,-80,
-329,-21,
-307,-40,
-144,-64,
58,-219,
54,-267,
127,-297,
305,-322,
355,-232,
317,-86,
46,-166,
-115,-205,
-40,-230,
26,-87,
102,32,
33,-36,
-71,-44,
-149,-100,
-146,-66,
-70,6,
-96,80,
18,101,
20,60,
48,-41,
60,35,
137,199,
63,317,
15,182,
-115,40,
7,-125,
22,-192,
63,-130,
-8,-22,
68,123,
106,324,
-30,296,
-169,194,
-199,-10,
-107,-79,
-102,-90,
-54,-114,
-49,-44,
-65,-24,
-87,-36,
-96,145,
-104,362,
-301,482,
-449,364,
-278,256,
-142,203,
11,194,
25,139,
101,75,
119,74,
75,89,
-14,53,
-65,69,
-77,-32,
-103,-3,
-65,-25,
-52,-2,
-36,-28,
-93,34,
-90,21,
-72,-32,
-143,-17,
-107,-28,
-104,-88,
-130,-159,
-151,-166,
-104,-75,
-84,-3,
-2,51,
-75,70,
3,0,
-31,25,
-65,-23,
-28,-54,
44,-10,
28,51,
-23,35,
-11,32,
49,23,
5,62,
-46,138,
-10,113,
29,66,
30,-35,
-65,-29,
-113,4,
-102,21,
-12,-25,
69,-40,
132,-71,
0,26,
-64,29,
-39,32,
-1,0,
-31,-29,
-25,-79,
10,-90,
-28,-30,
-18,25,
82,-8,
109,-70,
-7,-56,
-33,-8,
-96,-56,
-104,-70,
-114,-4,
-59,-10,
-38,-100,
21,-100,
43,-48,
33,5,
-30,39,
-7,-37,
48,23,
85,30,
-73,8,
-54,40,
-85,38,
-67,70,
-39,2,
-26,32,
-41,-34,
-76,-28,
-31,-42,
-15,-32,
-39,30,
23,59,
00>
_________________________________
00>
00>
Printing STS1 CIR
00>
00>
_________________________________
00>
-4,-14,
-6,-51,
-43,-60,
4,-58,
34,-19,
8,26,
4,87,
-17,-41,
-61,-38,
6,1,
-61,22,
27,62,
32,78,
-62,24,
23,36,
51,29,
82,38,
-25,-15,
13,10,
3,-5,
-10,46,
41,-38,
76,-26,
12,136,
-28,142,
-3,59,
-17,19,
43,47,
-20,64,
-4,71,
-9,-5,
63,46,
42,17,
-12,33,
-67,35,
-7,-13,
30,65,
84,53,
-29,24,
-23,57,
13,11,
37,41,
-21,144,
-42,16,
-65,-36,
-30,-14,
15,-32,
4,12,
29,73,
52,29,
33,44,
-7,72,
-66,38,
-62,29,
-42,24,
28,17,
44,73,
-18,40,
31,-39,
20,2,
-32,58,
-56,44,
-17,-22,
-28,61,
-5,113,
18,85,
50,88,
63,59,
-75,46,
-76,-10,
9,41,
-2,63,
60,52,
39,33,
38,90,
33,18,
-13,58,
22,18,
-14,73,
-16,90,
-33,79,
9,-6,
-18,-78,
-26,-80,
-3,51,
111,10,
18,87,
26,59,
-59,14,
11,-40,
-31,54,
-2,61,
63,11,
32,24,
1,24,
-19,-6,
-30,40,
42,73,
37,60,
81,-2,
24,26,
-88,101,
-110,7,
-6,31,
40,42,
18,2,
25,62,
-25,36,
2,58,
21,-2,
19,-10,
-35,-29,
-19,39,
-18,-4,
-69,-35,
-35,19,
-11,54,
29,61,
3,-15,
7,-8,
-25,-8,
-85,-25,
-89,63,
-66,92,
-23,30,
-9,-6,
-39,42,
-34,45,
56,17,
73,28,
-32,70,
-16,132,
-15,12,
-16,-83,
-28,-17,
-60,99,
9,89,
15,2,
76,-38,
28,62,
-19,54,
-28,94,
-7,62,
121,107,
121,30,
7,41,
-3,12,
-66,-16,
-11,-10,
6,24,
-84,5,
-56,106,
-33,98,
-20,20,
-91,-21,
-22,40,
-68,57,
-65,14,
52,87,
46,28,
-36,-18,
49,-39,
-6,60,
-4,54,
26,-6,
13,35,
20,43,
-33,22,
30,15,
49,-2,
-15,78,
-35,43,
-59,119,
59,75,
31,5,
44,-43,
-48,-13,
-79,74,
-92,42,
19,-44,
53,11,
37,-5,
-23,40,
2,-15,
23,5,
21,21,
-39,65,
-95,116,
-21,82,
37,52,
-1,67,
-6,30,
48,63,
58,91,
21,69,
13,49,
-7,40,
-35,44,
-26,-8,
72,13,
19,4,
-39,49,
-66,33,
-83,30,
-13,30,
-34,-23,
-54,18,
-11,11,
41,44,
50,52,
-3,32,
-21,21,
-78,41,
-41,61,
37,61,
-1,120,
21,53,
77,-1,
22,-11,
-24,12,
-79,20,
2,2,
-43,-33,
-10,32,
-5,19,
-36,6,
-50,-1,
-31,-55,
-68,71,
104,-12,
36,-50,
23,5,
-12,47,
-27,52,
68,8,
49,11,
-57,34,
-72,56,
-18,88,
8,10,
52,7,
6,17,
-5,62,
39,49,
-41,85,
-20,6,
-12,-6,
64,59,
2,41,
22,93,
51,62,
94,44,
24,2,
-21,55,
72,65,
62,74,
22,94,
-83,48,
-65,-3,
-35,48,
23,22,
25,78,
-22,33,
-32,6,
-53,-12,
-106,29,
31,45,
55,47,
-14,72,
-50,66,
5,46,
49,46,
-25,73,
21,55,
-22,58,
5,-20,
-19,-23,
-4,66,
-13,16,
52,43,
31,27,
-53,89,
-71,50,
-16,16,
5,-9,
7,-50,
35,53,
70,43,
-52,65,
-12,27,
-27,55,
30,94,
48,143,
-6,122,
-44,31,
28,21,
48,8,
74,73,
9,46,
2,51,
-47,34,
-104,38,
-40,40,
33,90,
35,61,
47,44,
-35,37,
-10,3,
-64,52,
-37,55,
-25,72,
-7,38,
-52,-18,
-23,9,
13,-19,
-33,11,
-29,10,
-53,64,
-39,64,
-29,-1,
-30,78,
-46,68,
-1,-89,
41,-88,
67,-1,
44,84,
-35,25,
-70,59,
10,25,
-32,17,
-40,42,
-44,52,
35,56,
102,92,
-3,57,
-27,93,
26,-15,
37,-52,
41,1,
-26,60,
12,125,
3,5,
56,0,
50,-23,
65,-7,
7,44,
-42,77,
-72,88,
-67,19,
-18,-21,
-16,-7,
-9,-53,
306,-827,
2029,-3390,
5094,-5654,
6147,-4570,
3363,-346,
-1180,2240,
-1933,481,
515,-2512,
2293,-3679,
1687,-2941,
488,-1581,
-145,-477,
-113,-1,
141,-167,
341,-439,
427,-512,
296,-245,
50,314,
-13,686,
68,1064,
-74,1139,
35,498,
69,67,
-51,189,
-248,470,
-299,409,
-190,302,
-79,225,
-26,240,
-54,397,
-190,344,
-241,124,
-116,-33,
12,-116,
-21,75,
-108,75,
-284,-21,
19,-146,
122,17,
157,298,
-47,320,
-189,25,
-57,-224,
111,-152,
159,109,
160,260,
34,80,
-9,-129,
-1,-171,
-138,-54,
-135,-7,
-118,0,
-178,-16,
-90,73,
17,193,
22,162,
-38,87,
-33,-83,
-32,-17,
-137,-2,
-185,88,
-210,150,
-196,164,
-127,180,
-176,148,
-266,142,
-151,6,
-139,49,
-33,45,
22,8,
149,87,
25,91,
-60,27,
-130,34,
-165,212,
-274,332,
-351,430,
-262,425,
-185,338,
-255,316,
-215,202,
-138,119,
49,92,
62,42,
-7,12,
-60,59,
-38,111,
44,176,
88,222,
98,72,
14,6,
-125,-60,
-126,-84,
-74,-47,
-78,-3,
-35,-37,
-47,45,
-36,168,
-77,70,
-7,4,
72,61,
57,151,
-8,169,
13,143,
-4,61,
13,60,
17,87,
-76,92,
-91,88,
-145,60,
-92,-31,
-98,79,
-19,75,
-16,116,
49,95,
9,133,
-75,144,
-119,137,
-122,41,
-71,31,
-44,66,
-31,119,
-20,26,
-63,60,
-65,36,
2,-31,
-2,84,
-5,63,
-44,93,
28,50,
64,52,
54,-37,
-78,-47,
-4,38,
19,97,
-41,24,
-68,-4,
-7,49,
-7,61,
11,4,
-26,-48,
-107,8,
-70,33,
-47,52,
-92,47,
-38,17,
-16,-34,
-42,-35,
-22,89,
25,109,
-32,101,
-76,69,
-61,47,
-71,104,
-42,88,
-51,111,
-70,122,
-16,85,
-55,63,
-76,-19,
00>
_________________________________
00>
_________________________________
Sequence Number: 243
00>
00>
Printing STS0 CIR
00>
00>
_________________________________
00>
123,-31,
103,-53,
34,21,
-30,8,
0,-15,
82,-30,
36,-41,
24,-40,
-38,-75,
7,-41,
65,23,
26,57,
-16,30,
-16,-34,
93,12,
-49,20,
-72,-50,
60,-24,
156,56,
115,48,
-35,14,
12,19,
12,31,
-54,-15,
43,-65,
62,-25,
-15,-8,
-3,16,
47,-38,
89,-49,
-1,37,
51,34,
88,66,
48,71,
34,51,
-6,34,
-73,58,
-51,86,
-42,-36,
-88,42,
6,39,
-20,35,
-20,-33,
51,-121,
40,-77,
22,-44,
56,1,
-24,3,
-39,41,
20,15,
67,29,
78,-12,
102,-48,
95,-51,
50,43,
72,-6,
12,-83,
-12,-51,
12,30,
-5,7,
46,30,
-46,-18,
-9,-24,
-16,-4,
34,-34,
14,-21,
10,-5,
-28,39,
36,63,
-54,76,
-77,71,
-75,49,
-16,-26,
-1,22,
-34,-14,
-34,-41,
44,-52,
43,-34,
98,10,
62,40,
3,66,
37,61,
42,59,
-20,40,
-65,-24,
-98,-67,
-88,60,
-22,106,
27,43,
104,-4,
12,-5,
-36,37,
14,32,
43,8,
136,-44,
62,-44,
34,-5,
57,73,
25,26,
19,11,
57,-69,
73,-2,
-20,-15,
22,-33,
84,-8,
105,-75,
15,-88,
-1,-42,
25,14,
37,31,
28,52,
28,28,
22,-32,
-6,33,
27,-41,
0,-57,
48,-40,
11,-10,
11,22,
52,80,
18,-5,
59,-6,
71,63,
19,133,
21,-4,
69,-26,
14,-64,
0,-7,
-26,-36,
-18,-54,
-17,-15,
40,1,
61,22,
101,-53,
52,-20,
59,-1,
74,57,
75,-43,
-52,-1,
-84,-24,
-71,-11,
-12,-13,
-56,-25,
7,-12,
35,36,
1,-1,
-7,6,
-15,44,
-47,65,
30,64,
19,-26,
-61,-17,
-68,-12,
13,20,
5,-1,
-30,18,
28,-9,
40,11,
-39,35,
-18,-25,
-69,-104,
24,-48,
71,-32,
1,1,
4,56,
14,54,
43,72,
27,-31,
15,-12,
-38,-30,
-9,24,
-35,51,
-97,93,
-2,15,
10,2,
-7,-48,
45,-4,
56,8,
89,33,
-3,-44,
12,-32,
49,-54,
34,34,
-49,7,
-164,17,
-95,4,
-70,21,
-72,-16,
-60,-21,
-21,33,
48,45,
66,-9,
0,-60,
33,-42,
33,-14,
-4,31,
-7,4,
-82,51,
-7,-34,
17,-85,
-1,-18,
54,19,
44,17,
-32,22,
-8,-21,
3,-62,
71,-44,
90,9,
71,-6,
-13,44,
-1,-10,
-9,-42,
98,-5,
102,3,
128,65,
-30,48,
-19,-38,
-43,-45,
34,-5,
22,38,
-30,-34,
47,-31,
-29,-1,
-6,-12,
-12,28,
31,29,
47,51,
42,19,
27,-83,
-57,-94,
4,-5,
-1,13,
100,3,
142,37,
7,63,
45,56,
4,16,
-33,-16,
-94,-6,
12,-55,
27,20,
6,-50,
4,-7,
42,2,
59,-60,
10,17,
31,90,
18,72,
22,34,
23,20,
56,31,
23,46,
-6,-39,
10,-18,
-32,19,
44,14,
61,27,
46,36,
32,-33,
3,-77,
27,-43,
7,-24,
26,-28,
2,11,
-15,68,
6,-12,
20,-46,
38,102,
10,38,
-21,23,
-36,55,
-5,50,
4,-26,
-22,-38,
32,-89,
-38,45,
-17,95,
-47,-5,
49,-108,
35,-105,
97,-31,
105,11,
24,69,
14,91,
5,-43,
45,-91,
-3,-41,
27,-5,
65,7,
78,22,
34,0,
-34,-67,
-57,-24,
-73,-18,
-3,4,
1,33,
89,51,
103,50,
60,-5,
-4,-23,
61,9,
106,17,
79,70,
8,-6,
54,15,
27,67,
35,10,
-52,14,
20,-86,
32,-54,
12,5,
17,1,
-38,15,
-9,42,
92,55,
1,42,
12,29,
23,15,
64,-3,
62,58,
112,45,
-2,69,
-5,-43,
-56,3,
-10,6,
58,46,
11,-54,
23,50,
63,25,
30,6,
50,-57,
77,33,
-2,66,
-11,62,
42,40,
-16,63,
48,-11,
39,27,
31,6,
6,39,
6,8,
76,-15,
54,24,
51,-38,
27,-52,
44,-12,
96,75,
88,44,
23,3,
-43,-5,
-40,-32,
-33,-9,
-47,-5,
3,9,
-454,-236,
-1720,-1434,
-2851,-3288,
-1991,-3835,
443,-1876,
1487,656,
136,1543,
-1705,1151,
-2378,1106,
-1742,1249,
-686,777,
-6,27,
209,-180,
-54,-20,
-433,130,
-498,43,
-146,-147,
298,-212,
444,-284,
470,-388,
269,-378,
-139,-155,
-142,-13,
204,32,
436,-40,
268,-71,
43,69,
-100,107,
-120,23,
-79,-37,
-52,-103,
-57,-117,
-92,-46,
-73,26,
101,83,
158,110,
154,114,
79,103,
65,23,
135,5,
102,-31,
42,-5,
31,-41,
-70,40,
-81,8,
-108,-112,
-27,-60,
34,30,
91,119,
91,160,
152,210,
97,183,
46,117,
2,23,
11,-86,
-67,-64,
34,11,
-10,94,
-10,65,
-45,76,
32,90,
169,106,
175,165,
115,120,
124,65,
56,143,
159,141,
72,129,
16,76,
-8,31,
99,2,
251,-6,
215,-25,
164,-116,
174,-142,
223,-125,
225,-54,
131,-8,
112,-10,
138,-28,
31,4,
-3,17,
-80,-91,
-38,-53,
-35,37,
-51,75,
-24,58,
40,15,
4,34,
27,12,
75,53,
120,128,
148,97,
53,68,
-60,28,
-5,80,
35,-1,
88,-47,
35,66,
104,90,
79,16,
125,-108,
37,-32,
15,71,
-3,124,
98,93,
94,-7,
80,22,
70,98,
33,124,
0,52,
-2,-11,
18,-9,
73,81,
23,-47,
30,30,
38,79,
50,111,
85,137,
73,68,
41,156,
28,82,
19,-8,
9,-20,
40,10,
23,71,
-17,94,
23,45,
109,34,
145,6,
121,58,
12,85,
96,58,
75,47,
62,-52,
17,86,
34,222,
-48,99,
28,44,
65,6,
7,17,
55,138,
54,115,
64,60,
13,9,
7,33,
9,-8,
-36,18,
-2,-6,
6,-36,
-2,-22,
61,-46,
83,8,
78,-6,
52,94,
4,74,
-39,28,
-17,59,
00>
_________________________________
00>
00>
Printing STS1 CIR
00>
00>
_________________________________
00>
-41,66,
-99,28,
-125,36,
-46,18,
17,51,
27,28,
-7,56,
-85,-2,
-13,3,
48,-74,
38,-97,
-10,-134,
36,-115,
-32,-53,
49,-65,
-8,-65,
10,-15,
17,49,
-4,2,
13,-62,
20,-12,
71,80,
-7,44,
-53,35,
36,-40,
68,88,
47,159,
57,114,
-21,-32,
27,-35,
-35,-37,
-41,25,
-47,4,
-47,-33,
-7,-68,
-28,-23,
38,14,
80,-4,
-9,43,
-29,-27,
66,14,
56,30,
-36,49,
-105,-15,
-53,15,
1,41,
30,28,
35,4,
42,-60,
16,13,
31,51,
39,49,
28,-37,
-59,-48,
-76,-52,
-66,30,
10,31,
31,45,
-2,29,
-45,33,
17,-2,
-21,-69,
-80,-39,
36,-46,
127,-86,
139,76,
67,94,
-24,16,
-8,7,
-28,-8,
25,-25,
42,-11,
5,21,
62,-40,
7,-65,
15,-21,
-32,-102,
-56,4,
-42,13,
56,-20,
55,-26,
-22,29,
-40,-48,
8,-48,
-29,-18,
38,103,
-9,51,
4,10,
-19,10,
-17,-24,
-52,1,
-44,-6,
-35,-74,
-45,-41,
-55,38,
-9,53,
49,-5,
-75,-27,
-26,-3,
-11,8,
-113,-1,
-27,-38,
-6,-96,
34,-3,
49,34,
47,67,
47,-45,
9,-25,
-36,-36,
-22,-33,
-14,-7,
-17,20,
-33,25,
-34,-30,
-23,-2,
10,70,
60,46,
-19,61,
4,16,
-31,-53,
45,23,
66,-3,
79,-2,
78,-6,
-65,-15,
-34,20,
25,26,
38,6,
5,10,
-19,28,
12,41,
15,121,
21,61,
-12,72,
-28,-49,
-56,-26,
34,-3,
0,-52,
-6,3,
-86,30,
41,138,
65,156,
48,107,
24,-73,
-30,22,
-68,1,
42,54,
1,7,
-41,9,
-22,-12,
-81,-25,
-142,-17,
18,-43,
62,-38,
-17,-28,
4,44,
-3,-7,
36,-59,
65,-74,
58,-19,
17,-18,
62,-56,
9,-46,
0,-50,
87,-32,
45,-51,
46,-62,
81,37,
38,11,
70,-35,
56,-23,
90,-30,
26,52,
-16,20,
-34,-26,
25,27,
32,-46,
-3,-122,
3,-7,
-32,60,
1,39,
25,64,
-14,62,
6,5,
51,-24,
25,-1,
-4,28,
13,-83,
-21,-86,
-2,-50,
-34,54,
90,1,
78,50,
70,-31,
28,-1,
16,93,
-5,31,
43,28,
48,-50,
47,2,
-1,-30,
-10,20,
-11,35,
-80,91,
-93,38,
-32,30,
-19,-2,
7,-10,
94,12,
82,31,
31,47,
13,-13,
39,10,
92,107,
47,36,
-13,-58,
-52,-31,
-43,78,
-4,17,
0,-53,
18,-68,
44,19,
9,3,
-19,15,
-24,43,
29,16,
63,3,
33,-9,
51,12,
24,-88,
-7,-10,
94,-7,
77,8,
41,-35,
9,-65,
-16,-67,
5,-28,
-12,10,
-2,17,
58,39,
95,-101,
49,-116,
30,-45,
-28,1,
17,66,
-22,29,
-12,19,
86,118,
74,61,
3,48,
-5,-33,
29,61,
44,57,
9,-46,
34,-38,
-40,-2,
-45,-35,
27,-54,
4,-80,
79,-8,
69,-15,
17,66,
-27,119,
-15,60,
-30,71,
-84,43,
-52,-7,
11,-11,
-1,5,
-12,-7,
-52,-43,
-19,22,
12,34,
-32,18,
-77,61,
-83,-47,
-29,-23,
-44,-12,
-61,55,
-57,75,
-62,59,
-66,22,
-8,23,
-66,19,
-57,-9,
-62,23,
41,55,
82,100,
58,38,
-10,83,
-37,11,
92,82,
9,37,
-45,-48,
-80,7,
-79,21,
-7,5,
34,91,
29,52,
0,-40,
-36,-51,
-9,13,
-64,44,
-94,-5,
22,21,
53,44,
62,11,
-20,-33,
9,-90,
28,-53,
39,37,
43,92,
76,45,
35,70,
-86,-31,
-106,80,
-98,-5,
-64,-6,
-41,32,
-46,66,
51,61,
111,-67,
-15,-44,
-12,-29,
23,-57,
77,-20,
20,-41,
9,22,
-86,-9,
-25,-37,
23,-98,
84,-40,
100,44,
128,14,
5,-3,
-53,-40,
-5,-63,
55,14,
34,21,
-2,23,
52,36,
70,89,
73,108,
-12,51,
-48,-19,
62,-13,
68,-70,
45,43,
48,34,
74,46,
94,46,
48,73,
10,38,
-75,-36,
-563,-141,
-2103,-878,
-3798,-2646,
-3191,-3705,
-320,-2560,
2017,55,
2041,1970,
1383,2537,
1624,2661,
2011,2369,
1389,1381,
316,309,
-126,-236,
65,-98,
402,205,
562,222,
397,103,
125,-149,
24,-415,
214,-416,
152,-326,
-10,-29,
-58,120,
83,88,
270,34,
279,-95,
45,4,
-223,104,
-325,190,
-283,103,
-185,-21,
-144,-152,
-152,-155,
-170,-109,
-174,-128,
-70,-79,
-40,-45,
-82,-13,
-111,87,
-170,161,
-191,188,
-287,92,
-227,46,
-80,-74,
-76,-58,
0,-62,
56,56,
51,98,
108,-56,
165,-54,
227,-45,
191,73,
153,209,
155,137,
168,14,
74,-177,
-10,-151,
-52,-97,
3,-92,
26,12,
23,47,
-9,41,
27,-27,
-15,-43,
44,91,
7,180,
-50,193,
-31,54,
-105,-7,
-27,-13,
61,-19,
152,-10,
178,-63,
132,-87,
198,-143,
240,-183,
180,-146,
69,-93,
19,-76,
67,-39,
77,-130,
79,-121,
-42,-73,
-57,-30,
-38,116,
-16,51,
88,-91,
50,-131,
3,-87,
40,13,
50,28,
8,23,
30,-34,
27,30,
108,3,
68,-15,
30,-2,
39,10,
91,82,
25,127,
-5,105,
-9,126,
18,60,
13,108,
-7,77,
-26,50,
-32,18,
28,88,
-29,139,
39,66,
-47,-5,
6,48,
5,-17,
-44,12,
-35,36,
16,69,
3,100,
-7,-8,
-26,29,
-66,2,
-19,61,
29,166,
62,81,
42,-68,
-22,-64,
-89,-10,
7,94,
-27,48,
-49,37,
-72,49,
-23,-32,
41,-4,
17,-1,
-20,16,
-23,3,
-5,8,
14,23,
-79,-25,
-90,21,
12,26,
-13,-7,
-23,-15,
-51,-49,
-24,44,
58,63,
70,69,
72,10,
11,-43,
30,-18,
-36,48,
-19,89,
5,92,
-43,103,
-22,12,
-27,-64,
-58,1,
28,17,
-51,-5,
00>
_________________________________
00>
RX Timestamp: 459427487874
00>
Clock Offset: -691.795 Hz, 0.087 ppm
00>
RX Timestamp: 460499681534
00>
Clock Offset: -316.143 Hz, 0.040 ppm
00>
_________________________________
Sequence Number: 120
00>
00>
Printing STS0 CIR
00>
00>
_________________________________
00>
9,20,
9,-3,
-45,23,
-86,38,
49,30,
38,16,
66,74,
42,32,
-15,30,
-20,19,
32,13,
12,12,
22,-28,
40,-1,
-21,62,
-53,40,
-65,62,
-38,-55,
-24,-5,
-46,-7,
-38,-15,
-24,3,
-20,-97,
27,-38,
-5,71,
-11,23,
-33,45,
-13,74,
-37,81,
83,93,
94,36,
54,66,
-19,45,
-30,11,
-30,84,
-43,83,
-28,87,
-40,3,
1,-11,
-23,19,
22,-2,
50,-4,
-29,-12,
-13,-44,
41,-60,
37,-8,
12,50,
28,1,
-19,11,
31,33,
-46,61,
-24,-8,
-61,-85,
-4,-22,
19,-12,
32,-5,
24,23,
-8,76,
-33,74,
-14,9,
33,-16,
21,40,
42,50,
29,-11,
-33,0,
28,93,
44,47,
-46,4,
-18,67,
-37,-10,
-74,33,
-1,116,
0,53,
-21,22,
3,-8,
-17,42,
20,53,
39,-27,
46,22,
-11,13,
-8,-32,
-61,19,
23,45,
70,25,
10,-6,
-5,-10,
-95,-5,
24,32,
9,54,
12,38,
30,38,
60,48,
6,-7,
-36,48,
3,51,
-38,17,
-29,11,
9,-13,
22,24,
-21,46,
-35,82,
-46,8,
63,29,
8,28,
-73,80,
-41,10,
41,-16,
-15,-12,
-32,-4,
-13,7,
-25,65,
-10,66,
22,18,
11,13,
78,8,
28,-19,
7,73,
-15,4,
-2,-47,
23,42,
14,10,
-41,-28,
-13,-28,
-25,-15,
-14,-20,
13,65,
21,65,
93,17,
84,-1,
17,17,
-32,38,
-13,10,
-3,30,
29,52,
-25,-17,
-60,36,
4,55,
-2,62,
47,-46,
17,-10,
-88,-3,
-26,-46,
13,-13,
-36,54,
-4,17,
48,-35,
2,7,
-43,7,
-31,6,
1,-3,
-17,-10,
-125,-59,
-61,-39,
-2,-11,
-9,78,
-38,64,
-2,14,
-6,21,
-56,10,
-20,49,
8,0,
58,-13,
-2,62,
-5,34,
33,39,
9,-40,
51,-32,
71,20,
-23,33,
-55,17,
-110,36,
-20,19,
48,-54,
-40,-34,
-54,8,
-55,41,
18,65,
64,-53,
12,21,
-18,34,
2,84,
-12,96,
12,26,
62,18,
0,-55,
49,-38,
30,81,
35,78,
17,5,
21,-59,
35,-4,
-3,99,
27,106,
-88,32,
32,-6,
-15,38,
-3,12,
74,-4,
66,-24,
29,35,
3,16,
3,8,
22,-10,
-55,11,
-17,-23,
9,4,
-30,20,
12,-32,
-6,3,
-30,-10,
-102,49,
-60,-6,
-27,-24,
4,-26,
18,-13,
-34,23,
23,-56,
-32,3,
-70,19,
3,-34,
12,-55,
5,-52,
0,37,
11,33,
-22,11,
-28,25,
0,-7,
31,63,
30,40,
-22,-19,
-60,-17,
-5,8,
16,59,
71,68,
-64,55,
-32,22,
8,33,
-81,-8,
-14,63,
12,57,
63,0,
11,-9,
6,47,
44,-23,
94,6,
29,29,
-43,0,
17,50,
-22,-7,
-79,2,
-29,0,
-28,13,
-17,41,
-3,67,
13,94,
-30,44,
43,-37,
36,-28,
-12,-6,
-40,28,
85,12,
35,9,
-40,2,
-55,-12,
-12,9,
18,9,
3,61,
-34,22,
-28,-5,
-29,25,
-30,61,
0,23,
-12,-39,
44,32,
-47,45,
-6,9,
-24,70,
48,100,
27,75,
4,50,
-19,41,
-47,50,
-2,13,
7,38,
24,39,
74,-42,
88,19,
11,73,
-39,27,
-47,13,
21,-3,
81,-23,
89,-10,
-30,2,
-81,-31,
-34,-61,
-44,101,
45,108,
45,35,
11,-26,
19,26,
-45,35,
-86,21,
-67,1,
14,11,
69,27,
94,42,
67,27,
-58,54,
-37,51,
-29,19,
54,36,
24,32,
27,38,
-12,14,
8,47,
-37,8,
7,21,
22,41,
35,55,
8,59,
11,30,
-49,-38,
-27,-20,
-20,-54,
12,30,
45,30,
43,-3,
-98,45,
17,-24,
10,-9,
34,-12,
8,-24,
55,5,
12,-15,
-19,-26,
37,-32,
38,-14,
-70,-6,
-57,-31,
32,-24,
71,-3,
46,-18,
-8,7,
43,28,
-49,19,
-10,-35,
-99,0,
-11,81,
28,102,
37,37,
-14,-99,
-216,-413,
-1361,-2393,
-2649,-6187,
-1951,-7394,
-4,-4048,
1585,1359,
1612,3150,
1181,815,
1676,-1209,
2034,-1455,
1298,-783,
361,-294,
-84,-43,
-21,330,
108,876,
-49,1117,
-80,829,
137,472,
544,195,
960,61,
1259,121,
771,-339,
118,-481,
-131,-121,
-166,218,
-185,307,
-156,273,
-157,195,
-227,63,
-155,69,
-136,162,
-73,242,
-133,155,
-237,44,
-345,-115,
-266,-184,
-301,-317,
-209,-236,
-177,-239,
-159,-104,
-203,57,
-213,4,
-173,-1,
-27,-55,
-121,-9,
-181,93,
-128,140,
-77,65,
-30,145,
43,87,
140,34,
54,68,
-32,53,
82,-62,
192,-123,
270,-36,
207,117,
137,156,
-83,9,
-195,-18,
-181,101,
-162,101,
39,-93,
263,-126,
350,-40,
251,96,
-57,215,
-172,175,
-212,113,
-117,75,
-84,110,
28,150,
58,125,
197,-4,
274,25,
337,222,
285,384,
208,355,
117,184,
156,12,
138,30,
81,31,
-35,-26,
-50,-7,
58,-68,
51,29,
72,83,
16,139,
0,42,
23,-14,
68,65,
8,112,
-30,117,
-35,47,
87,63,
18,36,
6,37,
-78,99,
-74,185,
-72,77,
35,24,
93,78,
53,77,
12,47,
-14,24,
-4,-43,
-12,-5,
-33,-49,
10,-15,
-14,8,
5,-49,
91,-44,
72,-60,
146,7,
159,82,
103,106,
8,141,
-27,101,
-4,94,
22,32,
-6,99,
-37,-31,
20,-20,
-1,5,
9,72,
-58,93,
-2,62,
14,60,
26,43,
-29,51,
-18,5,
-47,63,
12,58,
26,-30,
-13,-30,
-99,33,
-17,140,
-62,151,
-22,59,
-66,33,
-58,32,
3,21,
13,-47,
24,-21,
-56,-9,
-76,52,
31,60,
20,-2,
49,-50,
46,9,
106,29,
6,4,
-2,53,
-41,14,
15,26,
-47,-62,
-45,-30,
-34,38,
-8,48,
16,40,
00>
_________________________________
00>
00>
Printing STS1 CIR
00>
00>
_________________________________
00>
57,-64,
37,52,
45,-3,
33,-28,
50,-29,
10,-24,
4,25,
-8,-25,
31,0,
-47,-58,
-15,-52,
-19,-39,
-6,-17,
25,42,
67,-6,
-4,73,
25,68,
44,114,
-32,-16,
17,-32,
22,-26,
-20,37,
-2,129,
-22,41,
10,74,
52,75,
-17,72,
-72,59,
26,22,
11,5,
-5,-19,
-37,54,
-38,-6,
-39,10,
47,-12,
46,21,
-1,-39,
-15,21,
3,12,
-51,-42,
17,-58,
10,-30,
-23,1,
-8,-14,
-48,-56,
21,-24,
45,28,
-14,-3,
-36,26,
-39,42,
-36,-17,
-26,-19,
-70,-24,
-31,-8,
25,-62,
5,46,
-40,23,
-35,-12,
-46,-3,
21,-16,
49,39,
12,-22,
-23,46,
-21,-2,
5,-41,
-49,-101,
-7,-6,
15,47,
-20,-28,
-117,44,
-9,67,
10,64,
59,11,
23,51,
-54,106,
6,9,
50,-29,
-30,0,
-70,33,
-14,53,
-45,6,
57,41,
95,9,
77,-39,
12,-35,
11,56,
-10,12,
-25,50,
45,40,
29,89,
34,87,
-60,36,
-16,54,
-69,-13,
44,-4,
-30,-46,
21,-52,
-60,-12,
-80,61,
-34,60,
22,25,
-24,21,
9,-16,
-72,53,
-7,-44,
2,-111,
4,4,
-15,56,
-6,17,
-13,-13,
-32,-2,
43,20,
21,5,
110,-12,
2,-28,
-36,11,
13,16,
84,-14,
93,-17,
29,2,
2,-17,
16,-73,
-59,-35,
-30,-25,
-36,-25,
24,89,
-26,32,
5,-26,
51,42,
-11,28,
-120,-8,
-77,-10,
-37,-30,
20,20,
0,13,
-4,2,
-23,-23,
-2,15,
-14,17,
-44,-8,
9,-20,
-34,10,
-34,5,
-20,45,
-15,32,
2,30,
21,-1,
52,-18,
-12,-21,
-13,65,
17,58,
27,21,
54,-89,
42,-60,
10,12,
-26,-53,
-19,-17,
4,-25,
10,-8,
6,-7,
73,-3,
44,19,
-16,-15,
-58,30,
-56,10,
-57,-48,
-65,-37,
-40,-109,
12,-104,
43,-32,
-7,-67,
-53,6,
-19,-5,
-43,-29,
-83,45,
-43,-8,
-36,-23,
-44,-61,
110,-18,
78,0,
26,23,
-38,-43,
-82,-52,
-25,-17,
-47,60,
-24,-13,
-6,18,
-1,11,
36,-40,
48,2,
-25,-4,
-48,5,
-25,-63,
-81,7,
-46,39,
-44,22,
-53,-37,
-66,92,
-83,69,
-53,16,
-34,31,
73,-37,
32,-4,
-15,-8,
23,22,
18,48,
-78,54,
-39,29,
30,78,
-6,18,
-81,80,
-39,79,
19,11,
40,13,
67,-43,
62,-63,
2,-38,
-5,-14,
-39,36,
2,65,
-4,65,
-15,30,
-42,30,
-25,33,
-5,-4,
-47,30,
10,-26,
-87,15,
-81,-12,
-16,57,
-31,15,
-14,-4,
16,-24,
-35,-82,
18,13,
4,13,
-32,-13,
19,2,
-19,-14,
-30,21,
31,27,
-84,1,
-29,-38,
-47,-39,
20,4,
-21,-30,
6,-36,
19,-7,
39,-22,
-25,-7,
-13,-68,
19,-11,
66,55,
-9,34,
6,20,
33,-12,
10,1,
-11,-29,
-37,1,
57,37,
58,47,
-8,54,
-32,-39,
8,-35,
91,-25,
69,66,
48,32,
47,40,
-32,22,
-9,46,
-89,-19,
15,-7,
78,-5,
51,-5,
49,0,
16,-56,
-36,-48,
-133,21,
-117,51,
-55,-47,
35,-41,
45,-21,
-26,41,
-36,47,
2,-58,
-14,-17,
19,-23,
25,-32,
-13,-35,
-83,-29,
-39,36,
19,2,
-26,-20,
-22,38,
5,24,
5,28,
-31,76,
-20,-26,
-10,22,
40,25,
-15,13,
-6,-37,
-2,-64,
-13,-37,
3,51,
48,-33,
28,-29,
-18,-6,
-51,-82,
-102,-36,
-13,33,
83,-51,
26,34,
-48,42,
-60,77,
30,65,
-18,62,
2,34,
49,-6,
38,5,
13,-7,
24,-24,
-53,-37,
6,-15,
33,65,
43,32,
15,48,
41,71,
12,105,
-24,118,
33,32,
11,13,
56,-25,
4,33,
-18,30,
2,-22,
26,-15,
43,-10,
59,2,
55,-11,
-53,26,
0,55,
13,85,
32,54,
-1,-20,
31,-11,
66,-2,
38,40,
10,-27,
-16,28,
20,43,
-21,19,
-432,-232,
-2033,-1716,
-4221,-5126,
-3735,-6631,
-668,-4302,
1570,710,
531,2277,
-1629,-254,
-2961,-2684,
-2576,-2398,
-1579,-933,
-681,-15,
-200,144,
-124,38,
-274,-267,
-392,-511,
-257,-428,
110,-130,
580,60,
916,67,
999,336,
564,132,
144,-90,
167,18,
300,226,
340,280,
177,178,
107,87,
117,-2,
265,105,
238,266,
129,303,
-11,168,
-35,-121,
146,-27,
117,81,
2,243,
-98,57,
7,-104,
216,-63,
271,101,
36,184,
-177,14,
-153,31,
47,-127,
137,-171,
37,-132,
-93,-110,
-89,-27,
-62,35,
-6,129,
-83,78,
-72,138,
29,-3,
148,-93,
230,-117,
157,-39,
19,-33,
21,18,
-97,43,
-87,209,
30,269,
152,219,
113,111,
90,117,
22,203,
-38,223,
-51,156,
-65,89,
-81,-14,
2,-46,
40,67,
99,149,
39,58,
150,121,
241,252,
421,290,
365,294,
297,293,
185,267,
129,205,
78,181,
99,48,
34,19,
30,46,
-40,38,
24,98,
160,10,
125,-50,
-12,-83,
-51,-65,
-47,39,
-2,139,
-38,90,
-13,24,
-9,-33,
-4,-19,
33,112,
-3,128,
20,1,
124,-47,
68,-51,
38,15,
32,55,
71,3,
97,-71,
130,-59,
93,66,
54,77,
79,98,
104,104,
48,-3,
36,19,
80,52,
113,79,
105,31,
154,90,
80,157,
-18,232,
6,145,
80,50,
84,51,
10,104,
12,62,
-6,46,
-24,16,
3,10,
21,97,
-2,57,
34,68,
95,33,
33,106,
-28,71,
-78,34,
-4,4,
-4,10,
24,7,
-11,43,
5,49,
40,40,
-9,-29,
-28,-4,
-1,91,
46,94,
45,73,
-29,16,
23,22,
74,-40,
120,50,
91,41,
38,102,
20,73,
61,9,
33,0,
-3,48,
41,74,
31,85,
113,55,
35,25,
39,82,
00>
_________________________________
00>
_________________________________
Sequence Number: 123
00>
00>
Printing STS0 CIR
00>
00>
_________________________________
00>
42,-5,
66,20,
40,-33,
47,-22,
86,-34,
-13,17,
-9,135,
-34,0,
-77,-2,
-3,-44,
57,-22,
17,55,
-4,3,
10,-84,
53,-49,
34,-45,
96,-8,
66,62,
-21,-6,
-32,-46,
40,21,
-14,16,
21,26,
-27,44,
4,30,
41,46,
35,16,
24,-26,
33,34,
-14,17,
15,34,
2,-10,
-28,-16,
-20,-3,
10,-56,
-35,-92,
-70,-114,
-54,-74,
-28,-37,
31,25,
24,80,
25,121,
5,78,
-20,69,
-2,-11,
-5,3,
49,28,
51,-27,
31,-58,
60,-18,
41,-16,
56,-3,
-20,31,
-58,4,
-5,-11,
10,13,
-63,3,
-22,8,
25,-81,
36,-42,
78,14,
14,-28,
0,-21,
12,-7,
66,-43,
35,-35,
-48,-52,
-27,-13,
-18,-27,
12,11,
24,-29,
-14,-39,
16,10,
2,9,
-23,-12,
-43,-35,
-45,-63,
-30,37,
-24,9,
-26,-29,
-15,-45,
45,-10,
22,0,
58,7,
-42,-48,
-49,-53,
-42,2,
17,38,
89,14,
82,9,
48,-8,
-5,1,
11,-26,
44,-21,
59,1,
54,20,
-41,-29,
-11,-66,
87,-14,
-48,42,
17,-46,
57,-32,
35,-28,
19,51,
7,6,
35,-31,
59,18,
74,-29,
42,-65,
13,-43,
-13,13,
-10,39,
-2,-24,
-11,-31,
61,21,
47,46,
-20,48,
4,20,
46,61,
26,37,
-59,32,
68,-34,
35,42,
44,43,
8,23,
-40,-32,
-4,-46,
1,30,
-14,36,
-11,24,
19,9,
2,-70,
32,-81,
-15,-6,
38,21,
48,-9,
56,-1,
24,-10,
-48,-26,
-63,45,
-48,10,
-35,10,
11,-20,
5,-3,
51,-54,
-45,-41,
-11,47,
61,61,
24,-17,
5,4,
23,38,
9,13,
12,19,
71,36,
18,56,
-46,38,
-35,-32,
-6,-67,
35,-31,
-12,64,
-19,34,
-16,9,
13,76,
-43,87,
5,63,
-16,30,
38,-3,
-4,-64,
8,-39,
109,-10,
50,9,
2,5,
3,8,
26,-54,
11,-44,
31,2,
65,16,
43,17,
51,35,
8,28,
4,-22,
-12,-83,
33,50,
-58,33,
-15,17,
-5,-63,
19,-35,
48,-27,
-10,-33,
-15,-62,
0,-55,
-43,45,
48,39,
17,1,
48,-27,
39,66,
-12,13,
-58,-49,
-46,-65,
63,10,
6,29,
-31,45,
-24,-17,
-30,43,
14,-10,
-40,-59,
-9,-43,
12,-9,
-3,41,
-15,31,
-38,-2,
-56,-42,
19,-8,
-12,11,
8,104,
5,76,
13,7,
9,-2,
29,74,
28,15,
-20,9,
-7,-40,
-30,-63,
-37,18,
19,9,
1,-12,
28,-13,
-32,-42,
-28,-24,
14,-43,
59,20,
4,4,
-44,-19,
-69,3,
-73,-31,
32,-29,
22,-57,
35,-21,
11,25,
-26,55,
-67,24,
-69,-20,
-5,-20,
70,-59,
78,34,
47,151,
-70,68,
11,-18,
13,-18,
24,-21,
25,-10,
11,48,
11,101,
16,-11,
-45,-73,
14,-1,
-28,-19,
-14,-25,
-51,-10,
-43,38,
-109,23,
-68,4,
2,71,
-74,-47,
-64,-71,
-63,5,
154,0,
128,-64,
12,-63,
-3,-72,
-9,-2,
8,43,
55,33,
16,-18,
-44,-7,
41,21,
16,-52,
18,-27,
2,-50,
-43,34,
-32,50,
-27,-27,
-107,44,
97,-1,
18,-18,
-24,-45,
-27,-35,
-36,45,
12,18,
33,15,
-81,-21,
41,-58,
34,-18,
9,-37,
-48,-41,
21,-77,
-14,1,
35,68,
43,29,
30,38,
29,5,
14,-2,
28,-3,
47,38,
29,-4,
49,-62,
13,34,
-20,25,
105,-22,
35,7,
4,10,
36,-48,
-32,-17,
20,44,
45,-45,
38,-29,
34,-95,
6,28,
17,43,
16,-8,
4,-59,
14,-43,
-13,-9,
-75,-5,
-1,2,
-78,-64,
-1,-82,
16,-2,
-11,-29,
2,-3,
69,2,
34,27,
13,-39,
3,16,
13,20,
-18,-27,
-1,58,
-32,65,
25,-42,
18,-4,
-29,-67,
-12,-45,
-34,20,
25,24,
45,-28,
-33,-51,
-35,-11,
-52,35,
-68,21,
3,-1,
-15,-29,
-5,-17,
27,-57,
3,-27,
-487,345,
-2433,1614,
-5779,2822,
-6998,1785,
-3766,-1065,
1019,-2092,
2418,-238,
1134,2577,
328,4006,
916,3362,
1002,1605,
281,192,
-90,-233,
-4,1,
-21,585,
-252,703,
-280,319,
-186,-323,
-292,-738,
-416,-890,
-627,-687,
-419,-92,
-181,145,
11,-212,
111,-551,
179,-458,
166,-42,
53,191,
-22,222,
-58,70,
-122,68,
-170,176,
-166,225,
25,156,
146,-70,
186,-290,
178,-259,
87,-91,
55,-39,
94,-172,
90,-178,
-4,-109,
-43,-72,
-1,28,
-66,111,
-110,138,
-112,122,
97,83,
195,-19,
241,-128,
233,-150,
269,-143,
256,-75,
68,12,
-143,61,
-127,-5,
-49,-82,
36,-8,
109,32,
77,85,
134,50,
162,-91,
198,-118,
207,-156,
188,-107,
254,-188,
191,-171,
109,-101,
67,-75,
12,-14,
-83,-108,
-24,-383,
-83,-423,
-155,-378,
-182,-259,
-98,-258,
43,-299,
69,-221,
-35,-96,
-116,-37,
-69,33,
42,48,
-103,9,
-99,-20,
-81,36,
102,116,
48,117,
-126,-8,
-182,0,
-11,-49,
139,-20,
141,-17,
95,-43,
39,7,
47,-14,
45,14,
51,45,
24,18,
101,71,
28,68,
23,0,
0,-46,
-4,-5,
90,-23,
134,9,
71,99,
88,80,
78,34,
79,-23,
15,-5,
9,-61,
34,-4,
-30,9,
-80,13,
-81,53,
5,-62,
0,8,
99,68,
129,74,
129,-42,
107,-83,
21,-79,
23,-25,
78,-21,
74,-56,
63,-3,
-19,88,
2,49,
-26,-8,
42,-61,
65,14,
52,-34,
139,-49,
56,-39,
-16,7,
18,76,
153,102,
184,52,
83,-12,
49,-25,
58,-40,
77,-30,
57,-2,
63,-32,
8,24,
95,10,
-1,-27,
35,-25,
-36,-72,
51,-78,
71,10,
110,61,
59,-27,
36,-6,
68,-86,
7,-66,
38,-58,
47,-37,
00>
_________________________________
00>
00>
Printing STS1 CIR
00>
00>
_________________________________
00>
42,-21,
69,4,
-33,-45,
-63,-82,
-25,-32,
33,-24,
101,13,
21,27,
-44,-19,
63,-24,
20,-22,
49,-32,
16,55,
-38,-36,
-34,-30,
15,26,
10,17,
28,-8,
16,22,
34,-68,
-26,14,
-33,18,
-1,22,
44,-13,
80,-9,
16,6,
3,23,
27,-52,
41,-41,
16,-38,
22,30,
-14,44,
3,60,
-3,-16,
78,-36,
60,-34,
29,6,
6,-1,
3,-70,
64,-45,
-18,5,
32,86,
34,3,
-4,-53,
-15,-62,
28,-3,
39,58,
59,45,
-23,68,
-15,69,
68,18,
83,56,
66,80,
-26,107,
-91,89,
-113,61,
-66,-27,
-41,-23,
-20,-38,
-4,-17,
-57,-23,
-42,21,
-52,36,
22,-42,
12,6,
-28,-44,
-64,14,
14,3,
19,-85,
10,-15,
-10,17,
-32,39,
-95,-8,
19,-41,
-51,-8,
7,57,
98,37,
50,101,
3,58,
16,7,
51,-18,
53,-20,
12,-3,
9,30,
9,58,
5,42,
29,39,
-11,7,
58,-11,
67,37,
30,-27,
-68,60,
-30,-14,
-7,9,
-15,59,
17,22,
-47,-13,
9,33,
-26,-7,
-15,4,
-9,-3,
1,-41,
31,-9,
-5,-68,
34,-33,
23,33,
38,49,
-56,0,
-17,-12,
-49,-62,
15,-88,
11,38,
60,23,
-1,28,
9,-52,
2,-22,
30,-21,
44,10,
-20,54,
-44,17,
-65,-16,
46,23,
-15,9,
-38,36,
36,3,
46,9,
-41,-18,
-4,-35,
5,-24,
-27,-27,
-31,-22,
-2,64,
-48,-30,
-26,39,
-65,97,
34,45,
72,13,
16,5,
-49,-14,
-17,-51,
3,14,
56,46,
-5,1,
-40,-43,
16,-24,
18,70,
-22,2,
16,-88,
3,-41,
59,0,
-21,18,
-36,-8,
48,-7,
92,-27,
107,-13,
24,37,
-4,-29,
-64,-13,
-104,-31,
-107,8,
-58,-5,
-9,30,
-21,-5,
-14,74,
35,87,
39,71,
22,63,
36,45,
66,-14,
11,-36,
-13,-8,
17,-64,
41,-36,
17,20,
45,42,
-27,16,
55,-36,
33,-8,
63,28,
-20,-18,
-83,-5,
23,16,
15,-34,
-21,-30,
-19,-61,
-53,-13,
16,25,
-10,15,
-55,-20,
-25,-26,
-34,49,
-16,25,
-2,12,
-27,32,
-74,25,
-81,4,
20,-57,
29,-46,
37,-4,
-25,-10,
1,12,
-83,-33,
-17,-50,
8,13,
-7,-61,
-28,-75,
52,-64,
-26,-13,
17,7,
-34,14,
-16,1,
-10,38,
-10,-12,
-17,19,
-11,-3,
35,17,
14,-54,
-34,-35,
-37,-50,
-91,13,
-25,17,
-9,15,
-28,90,
-17,61,
-24,19,
-4,-15,
-11,2,
1,54,
-94,-2,
-74,-37,
-39,-54,
18,36,
45,57,
-1,66,
1,14,
12,-25,
-4,-51,
-32,-18,
7,-14,
37,-17,
-29,-30,
-19,47,
-14,7,
-10,28,
-74,-22,
-22,-3,
-55,35,
-37,-20,
-10,44,
-1,55,
29,12,
13,24,
-19,25,
-10,38,
-19,38,
31,17,
37,-18,
-36,-30,
-51,30,
-24,-25,
23,-30,
-25,17,
-55,-46,
-15,6,
17,-43,
-8,-33,
-50,17,
-12,7,
-27,-33,
-3,-39,
-108,-67,
-54,-17,
-7,67,
-9,42,
-17,61,
-26,159,
-43,81,
10,-14,
-38,6,
-13,45,
-58,76,
-50,22,
-38,-11,
-111,-27,
-34,-21,
46,27,
14,12,
73,14,
1,31,
-1,45,
-19,25,
38,107,
1,69,
-21,46,
-11,-6,
7,-72,
53,14,
37,-78,
21,-74,
-74,-48,
-80,-2,
-30,36,
-96,-1,
-61,12,
1,18,
12,-12,
2,-121,
-5,18,
-71,-10,
-27,-35,
-15,-16,
-28,44,
16,26,
50,41,
1,42,
-79,-59,
-78,-105,
-47,-73,
-36,5,
33,58,
-9,60,
-11,57,
26,-18,
-21,-57,
-34,-81,
-14,-62,
-21,6,
-7,-18,
44,-8,
43,56,
-28,46,
64,61,
26,21,
-32,22,
-20,14,
-14,-68,
9,-29,
18,94,
21,6,
-49,-25,
-27,-66,
2,-97,
27,-7,
50,-24,
117,19,
32,140,
0,95,
-48,90,
-102,83,
25,16,
-46,45,
-111,46,
-27,-9,
-3,27,
-300,491,
-1748,2298,
-5088,4439,
-6812,3820,
-4807,154,
196,-2926,
3421,-2794,
4412,-1280,
4721,-1303,
4638,-2230,
3033,-1831,
752,-513,
-361,142,
-110,-7,
414,-521,
541,-751,
215,-509,
-209,-156,
-499,-188,
-446,-467,
-421,-426,
-148,13,
145,325,
264,-19,
196,-319,
121,-322,
26,-147,
-27,170,
-51,432,
42,511,
26,335,
-97,166,
-235,79,
-305,221,
-225,133,
-109,102,
-117,27,
14,44,
93,230,
106,332,
203,427,
156,465,
-57,366,
-130,152,
-124,65,
-110,76,
-69,23,
-57,22,
-17,-26,
47,-151,
144,-159,
133,-110,
269,-241,
156,-210,
87,-100,
-131,-126,
-280,-113,
-211,-62,
-157,-21,
-11,97,
55,105,
42,48,
25,-32,
-7,-1,
118,54,
201,77,
217,87,
89,67,
7,133,
-102,226,
-126,94,
-125,-33,
-56,-118,
-52,-226,
-194,-308,
-169,-329,
-182,-293,
-88,-151,
-106,-89,
-101,-114,
-152,-158,
-213,-85,
-130,106,
-51,176,
52,88,
2,-23,
-2,-173,
-90,-118,
-73,-59,
45,-53,
148,-57,
107,-1,
9,1,
-66,56,
-86,-23,
-66,-77,
-27,-67,
-63,-85,
-20,-16,
-22,7,
-93,4,
-6,61,
49,59,
-27,10,
45,70,
25,119,
-17,119,
-37,32,
-97,14,
-75,88,
-12,107,
-13,41,
16,-36,
-18,-35,
28,20,
55,55,
45,128,
62,102,
107,101,
95,-44,
81,-29,
54,104,
30,109,
40,59,
-7,2,
30,57,
-2,64,
40,21,
50,10,
-6,-12,
-16,50,
-10,27,
1,81,
-17,53,
-5,-23,
-90,-81,
-67,17,
7,94,
84,86,
60,-7,
-9,54,
-34,113,
-54,42,
14,6,
39,-6,
47,72,
-21,76,
-22,48,
-79,40,
-40,80,
77,3,
61,-52,
2,-12,
-20,9,
-8,52,
-8,19,
34,-2,
8,43,
00>
_________________________________
00>
RX Timestamp: 599520509174
00>
Clock Offset: -1606.750 Hz, 0.201 ppm
00>
RX Timestamp: 600592926581
00>
Clock Offset: -1476.574 Hz, 0.185 ppm
00>
_________________________________
Sequence Number: 0
00>
00>
Printing STS0 CIR
00>
00>
_________________________________
00>
43,4,
45,39,
43,-28,
-19,-31,
50,-81,
65,-38,
-40,44,
41,-62,
40,-61,
56,-18,
34,33,
18,-4,
17,24,
-5,57,
58,111,
57,102,
9,47,
-21,-25,
56,-4,
60,1,
13,-64,
-1,-13,
-17,13,
44,10,
27,-60,
14,-36,
53,-24,
113,13,
79,-4,
37,61,
37,8,
58,-23,
20,-46,
-37,-24,
-8,-67,
-10,-69,
-51,-14,
47,8,
41,2,
-66,113,
-68,23,
5,-19,
37,-11,
19,-7,
1,71,
34,51,
-28,-27,
67,19,
14,-14,
-21,14,
20,52,
65,19,
41,35,
-19,12,
0,27,
-20,23,
30,-78,
-14,21,
-19,10,
-7,23,
12,-39,
42,12,
1,71,
-42,32,
-32,29,
5,5,
12,41,
67,10,
-55,26,
-90,-19,
-60,-8,
-1,-4,
-1,9,
-23,-46,
34,-25,
-52,-43,
10,-15,
23,-19,
85,-7,
37,-61,
-19,-21,
-50,-30,
-35,-10,
50,-47,
-52,-26,
-46,-1,
14,-25,
10,8,
19,6,
32,53,
41,-13,
31,-42,
4,-72,
-67,14,
-8,20,
14,82,
85,10,
33,82,
-30,-31,
0,17,
-10,-35,
33,37,
15,20,
-13,32,
-42,-19,
9,-13,
45,27,
28,39,
-50,-7,
-37,-7,
-56,-9,
-80,-13,
10,1,
-3,35,
26,-9,
-46,0,
-60,2,
-22,16,
-112,9,
-6,25,
38,42,
16,77,
72,6,
-42,64,
-57,6,
-71,7,
-31,-12,
33,28,
62,63,
4,21,
49,-20,
-14,-43,
-37,-54,
-32,-37,
6,-7,
-32,29,
28,-19,
24,-31,
44,-40,
1,75,
22,48,
6,-52,
-24,-24,
-28,4,
14,38,
8,16,
1,-5,
50,-37,
74,-3,
64,37,
35,94,
15,40,
-67,50,
-37,26,
-5,-35,
-1,-16,
-26,-55,
-97,-68,
-28,5,
-16,18,
-24,16,
53,75,
26,-9,
38,9,
4,-42,
27,21,
2,102,
-34,18,
47,21,
46,37,
50,21,
12,26,
-33,-17,
3,8,
-14,54,
-24,27,
-13,-2,
-8,74,
62,24,
42,-17,
19,-13,
23,-5,
19,56,
-22,23,
-39,-9,
4,-32,
50,-72,
25,-73,
-32,-54,
4,-73,
51,13,
-12,-6,
-36,20,
-76,-39,
-1,-34,
25,-10,
-34,31,
-55,-25,
-11,-25,
96,60,
154,50,
-30,14,
-47,-12,
-81,24,
45,-14,
31,-63,
41,-54,
8,-52,
-15,-57,
-23,-5,
-21,36,
83,42,
40,-15,
-61,-23,
-110,-7,
-96,5,
-82,-17,
7,-33,
27,-9,
-25,47,
-9,27,
-1,-59,
-43,-61,
0,-32,
-15,-25,
-10,-45,
17,-4,
-25,89,
1,52,
-16,36,
9,85,
22,68,
1,60,
-32,22,
-10,-6,
59,51,
38,-2,
-16,4,
-9,-19,
9,13,
62,-21,
86,15,
75,31,
-42,13,
-85,11,
-25,-2,
38,-40,
48,25,
0,25,
-14,-66,
-42,-45,
-38,16,
-21,33,
-24,-3,
-34,-26,
58,-49,
33,-21,
15,-42,
28,-22,
-49,-26,
17,-42,
55,-27,
-11,4,
21,1,
23,-16,
0,-66,
-38,6,
-43,33,
-65,36,
2,-8,
38,-62,
29,-70,
8,12,
-22,10,
-65,-71,
-15,-22,
-55,13,
-5,58,
-29,-9,
23,33,
19,14,
19,31,
12,24,
-12,-18,
21,-68,
25,-14,
29,-29,
-11,0,
-57,18,
-11,-19,
47,-68,
58,-28,
-16,1,
-69,-32,
-19,-54,
76,-33,
86,52,
29,19,
10,66,
-7,21,
-7,8,
30,13,
27,-11,
-16,31,
2,59,
84,37,
67,70,
69,-6,
29,-25,
66,-53,
-14,24,
-7,-14,
-96,23,
-41,-40,
-45,-14,
60,65,
59,55,
15,-48,
42,-22,
27,23,
13,-39,
32,-45,
37,-44,
61,-25,
46,-45,
-60,-81,
-33,16,
-36,8,
-14,8,
21,-45,
1,-54,
1,57,
-64,14,
31,8,
-13,-57,
41,-39,
19,17,
-2,38,
-28,23,
34,47,
83,19,
74,51,
-10,-67,
21,13,
31,-56,
20,-75,
50,-10,
69,-56,
52,-32,
-46,49,
62,3,
-10,11,
-28,-14,
-2,-80,
187,-832,
1173,-3508,
2950,-6597,
3876,-6131,
2259,-1391,
-334,2665,
-942,2792,
583,914,
2051,240,
2146,248,
1221,183,
339,-30,
-53,34,
-282,374,
-613,699,
-773,569,
-599,407,
-176,372,
368,587,
738,911,
815,641,
826,175,
331,-289,
-41,-137,
-224,41,
-302,64,
-344,6,
-237,0,
-173,-27,
-178,5,
-261,62,
-214,100,
-102,23,
-58,-135,
-174,-250,
-206,-377,
10,-443,
41,-407,
128,-255,
41,-147,
-160,-138,
-192,-138,
-43,-120,
-22,-50,
-49,33,
-140,20,
-110,-22,
-137,-1,
-38,39,
-54,106,
55,56,
78,66,
49,-36,
96,49,
134,172,
116,179,
69,179,
-46,52,
-45,-78,
-105,-115,
-169,-104,
5,-110,
123,-91,
241,117,
123,187,
-90,263,
-131,153,
-103,77,
-205,16,
-85,-10,
-140,6,
-93,-33,
-90,55,
90,130,
193,257,
108,349,
-128,384,
-104,294,
-23,143,
101,106,
48,109,
48,58,
-33,-82,
3,-67,
56,-13,
101,34,
12,31,
-21,46,
-94,37,
-67,-43,
-100,-32,
-85,-5,
-112,96,
-66,76,
-39,98,
-97,81,
-140,58,
-138,-1,
-112,-64,
-88,-32,
-5,84,
-39,148,
-35,119,
-8,32,
-42,-7,
-37,-17,
16,-32,
82,-61,
42,-56,
8,5,
32,29,
30,0,
70,44,
-38,161,
-13,70,
-93,-43,
-84,32,
-39,61,
57,30,
13,21,
-106,0,
-104,-1,
-73,-68,
-54,-33,
-21,21,
-1,91,
-54,55,
-37,-42,
-76,-6,
-56,22,
-25,-46,
-2,-63,
54,-9,
37,55,
43,53,
-12,-10,
-40,1,
-43,13,
-6,32,
-7,21,
-21,-19,
-55,-27,
-7,16,
42,31,
-66,-1,
-78,-45,
-23,12,
-15,73,
-19,64,
-26,46,
40,56,
30,18,
28,-28,
-18,25,
12,7,
34,-38,
-36,-18,
-76,-28,
00>
_________________________________
00>
00>
Printing STS1 CIR
00>
00>
_________________________________
00>
13,-45,
2,-4,
45,-16,
-70,28,
-63,76,
13,53,
-17,-44,
21,-3,
31,40,
-32,42,
-18,21,
-37,19,
-22,21,
-34,34,
-16,21,
-29,36,
5,-25,
44,-39,
65,-22,
48,-35,
51,27,
31,29,
37,22,
58,-96,
9,-5,
33,-12,
-7,-33,
11,8,
88,12,
68,78,
-15,82,
-6,2,
-57,18,
6,5,
2,12,
-4,25,
50,0,
21,-23,
53,-37,
16,23,
7,36,
49,-2,
25,-39,
-31,-64,
-14,-14,
-3,41,
-26,28,
48,8,
78,16,
70,2,
56,45,
68,26,
26,-8,
58,46,
37,-47,
36,-6,
44,57,
102,9,
-10,13,
37,-62,
-10,6,
15,-30,
40,-46,
41,-41,
56,52,
23,-49,
5,-70,
70,58,
43,18,
40,9,
65,15,
-5,15,
-19,24,
4,10,
37,-51,
79,-26,
67,-54,
19,-4,
-33,-28,
20,-45,
56,-90,
8,-16,
-17,14,
79,-18,
90,-2,
71,53,
89,-26,
20,-27,
26,2,
32,-40,
20,34,
-21,-39,
-44,-6,
-2,42,
32,-6,
2,-13,
67,-10,
62,-1,
53,28,
-8,52,
-20,-11,
26,32,
-3,-27,
4,18,
10,21,
-15,30,
-49,102,
28,4,
80,30,
-16,-27,
60,39,
39,10,
22,-43,
35,-16,
-18,-29,
-29,4,
-39,43,
17,35,
54,13,
11,-38,
46,64,
27,96,
51,-12,
76,-38,
76,7,
52,45,
84,29,
70,-15,
74,-5,
31,73,
-17,28,
33,20,
88,-18,
74,-1,
31,53,
-19,-12,
24,-22,
26,4,
25,-17,
17,-32,
19,-23,
43,9,
24,11,
20,13,
33,20,
33,34,
2,77,
30,26,
20,14,
55,23,
31,8,
-53,2,
-47,9,
28,-97,
82,29,
71,74,
4,34,
-39,30,
-1,69,
10,37,
-4,15,
12,42,
19,-10,
-32,58,
-23,3,
0,-49,
37,-6,
9,12,
54,53,
41,34,
13,-24,
-32,-83,
23,-21,
6,-42,
58,-55,
37,15,
58,61,
-16,12,
45,0,
18,-19,
-25,-53,
11,32,
-29,26,
-47,75,
4,1,
42,-18,
57,144,
22,124,
5,54,
-7,32,
6,54,
23,15,
1,14,
26,21,
60,72,
35,-45,
45,-38,
58,30,
0,83,
-36,42,
-23,37,
28,4,
71,52,
40,-64,
58,-61,
28,15,
91,-17,
27,9,
-8,16,
4,68,
40,34,
67,13,
13,7,
-28,-42,
7,-34,
7,35,
52,-32,
41,29,
-4,52,
13,48,
35,-15,
-36,1,
-19,-5,
14,11,
49,7,
-40,88,
-14,21,
24,-119,
58,-58,
75,9,
-29,9,
29,8,
54,-6,
8,-11,
16,-77,
30,-18,
15,-43,
15,-75,
-34,15,
-53,-31,
-83,28,
-69,31,
6,23,
12,24,
73,17,
38,16,
11,-22,
-29,-72,
14,-34,
-63,18,
-64,0,
35,-19,
-1,-35,
18,-61,
13,-92,
-43,-47,
-26,12,
-9,11,
13,11,
84,-34,
71,-23,
102,28,
26,28,
61,28,
34,-24,
64,16,
81,-10,
48,72,
-47,61,
-11,-5,
16,-28,
20,17,
19,18,
-30,23,
-7,28,
-23,130,
-20,119,
46,-9,
-29,-27,
53,-101,
49,-21,
29,-47,
-37,-39,
-66,-42,
21,-18,
53,34,
16,51,
-21,38,
-43,86,
32,92,
20,19,
1,-91,
-13,-39,
-33,-47,
-56,76,
14,5,
28,-59,
38,-9,
-7,7,
-15,20,
25,12,
55,-4,
57,16,
4,56,
13,41,
-9,-28,
4,18,
-70,13,
-15,61,
30,0,
-13,19,
-19,28,
-101,-34,
-12,12,
39,-20,
8,-5,
-23,13,
26,27,
54,35,
-45,-60,
-62,-61,
-30,-25,
2,-13,
33,1,
-12,-5,
-62,-34,
-16,-31,
100,50,
23,29,
-33,36,
-16,7,
-44,-61,
-15,-2,
2,57,
49,14,
78,-27,
90,-51,
25,49,
-22,76,
-2,36,
53,-35,
40,-20,
35,-51,
-5,35,
10,73,
6,46,
90,13,
-9,-11,
-31,-35,
-70,-28,
-18,-19,
6,30,
78,11,
-17,0,
-274,-654,
-295,-3617,
725,-6978,
2199,-6799,
2011,-1970,
107,2258,
-1129,1369,
-871,-2063,
-162,-4023,
-229,-3062,
-426,-1212,
-307,-182,
-82,148,
13,-86,
9,-470,
37,-577,
103,-329,
137,195,
364,458,
558,613,
454,842,
339,365,
122,48,
70,188,
134,468,
0,430,
16,174,
90,31,
142,99,
93,259,
11,306,
-87,163,
-91,22,
50,-70,
131,100,
-42,166,
-228,193,
-127,-57,
82,-45,
190,164,
112,347,
-78,115,
-108,-154,
49,-109,
183,-31,
177,-13,
75,-77,
-108,-110,
-166,-68,
-86,36,
-112,74,
-113,65,
-134,92,
-6,24,
118,58,
110,139,
75,-32,
-47,-19,
-29,-23,
-48,52,
-67,118,
-112,186,
-84,204,
17,179,
-28,131,
-135,161,
-92,76,
-114,34,
-117,76,
14,34,
84,71,
75,149,
-35,72,
12,-22,
58,181,
62,342,
108,480,
79,432,
35,360,
-10,292,
-23,292,
-47,228,
4,47,
-67,10,
-54,18,
-4,-19,
15,48,
59,22,
110,9,
149,-15,
4,-22,
-162,14,
-141,19,
-43,37,
-25,52,
-28,9,
17,98,
97,190,
-12,97,
29,67,
47,71,
133,59,
23,75,
12,52,
-63,16,
-32,25,
44,61,
140,40,
145,74,
46,95,
-3,101,
-25,86,
-8,69,
-16,86,
26,16,
52,126,
4,124,
-7,166,
14,142,
-18,30,
-25,2,
6,69,
14,95,
-8,6,
-16,-4,
-59,19,
-6,19,
-26,78,
-59,31,
-53,68,
11,13,
28,-40,
43,4,
-19,135,
-33,39,
-19,32,
-38,15,
-13,100,
17,116,
-1,75,
-59,92,
-71,65,
-40,69,
61,45,
23,86,
66,29,
6,1,
44,47,
53,51,
-13,48,
22,16,
25,43,
30,143,
26,128,
62,73,
-20,64,
0,102,
11,115,
00>
_________________________________
00>
_________________________________
Sequence Number: 3
00>
00>
Printing STS0 CIR
00>
00>
_________________________________
00>
-21,15,
33,6,
59,-36,
-9,-4,
31,-11,
75,-22,
57,-33,
47,-11,
45,54,
17,74,
20,22,
70,-12,
-2,15,
-66,29,
-27,26,
6,30,
5,-25,
4,-26,
45,4,
-42,18,
-22,20,
-30,7,
29,-2,
76,9,
2,8,
-24,21,
-4,57,
3,-41,
40,-116,
-30,29,
-4,26,
42,-36,
44,5,
46,12,
-27,-19,
25,-12,
-6,-11,
33,-41,
53,24,
0,28,
24,47,
-9,-4,
11,4,
-6,-11,
-10,86,
7,31,
45,40,
40,-22,
58,-50,
42,-26,
42,0,
0,-46,
-14,24,
-5,-15,
35,-50,
27,84,
-40,29,
-42,45,
33,53,
-12,-1,
-9,-49,
-87,90,
-38,52,
41,36,
62,-3,
38,6,
45,-30,
3,-24,
-31,12,
41,54,
50,37,
-1,-15,
40,2,
57,44,
47,25,
68,4,
63,26,
77,51,
50,9,
-14,-35,
12,-9,
20,51,
-15,5,
32,27,
46,14,
38,12,
5,-67,
54,-31,
8,8,
-32,5,
8,13,
30,-31,
50,-17,
50,-12,
15,28,
-5,-14,
43,8,
33,35,
43,-31,
81,-7,
53,-20,
80,-57,
55,-14,
38,-58,
41,-51,
3,-53,
2,-9,
-43,28,
-93,51,
-34,62,
22,-33,
5,-3,
-35,-13,
-22,-5,
7,41,
33,31,
33,13,
-22,-73,
-10,-19,
14,-1,
54,37,
39,-35,
72,-63,
0,-56,
65,-35,
-16,15,
-30,1,
5,14,
27,32,
-27,-26,
-24,11,
-31,-32,
34,-5,
28,61,
18,15,
80,54,
32,-30,
-18,-73,
-89,-86,
5,-101,
41,36,
58,31,
0,-17,
-47,-12,
-19,5,
-10,-15,
76,63,
65,28,
5,-32,
50,7,
56,-55,
7,-36,
5,27,
-20,-45,
6,49,
55,67,
52,-57,
64,-74,
56,-16,
-46,29,
-62,-39,
-26,-63,
-13,5,
-52,-43,
-17,14,
45,-58,
56,-92,
-2,-31,
-62,-7,
0,41,
40,47,
-39,32,
12,-19,
-8,53,
25,14,
-17,-21,
-18,-44,
-84,-29,
-1,-23,
15,46,
44,-8,
23,16,
39,8,
114,20,
36,-9,
-21,-26,
-15,-4,
27,35,
-22,43,
-7,60,
-2,4,
20,6,
9,-21,
-22,17,
-23,10,
16,-22,
-30,-28,
-57,26,
55,-1,
61,28,
-11,-5,
-109,-19,
-18,28,
37,22,
47,41,
0,29,
-36,49,
8,1,
44,-26,
66,-19,
52,10,
37,-24,
17,19,
8,16,
-47,27,
4,39,
25,24,
23,12,
-1,30,
13,-37,
-27,47,
40,44,
-4,53,
-12,39,
43,61,
60,33,
13,8,
-12,-19,
-11,-30,
-21,69,
-39,66,
-30,11,
13,-24,
22,61,
45,1,
-64,-34,
-47,-23,
50,-53,
85,-35,
41,-44,
7,4,
-34,46,
2,14,
-12,-1,
-46,-2,
-76,16,
-25,76,
-47,51,
-14,30,
49,2,
16,55,
5,-12,
-33,4,
11,-8,
44,32,
-11,70,
-12,-9,
29,-23,
44,18,
-27,26,
17,63,
-32,29,
-26,22,
113,41,
66,-45,
-9,28,
-32,39,
33,58,
20,21,
-26,6,
-26,6,
23,29,
28,8,
38,11,
-7,7,
-26,28,
11,-10,
-74,-22,
-10,24,
-31,-7,
98,49,
-23,71,
-3,65,
42,0,
3,-6,
28,-26,
7,52,
8,-6,
-7,3,
2,6,
43,-41,
35,-55,
53,25,
14,31,
-42,-3,
6,-16,
60,-4,
76,13,
37,35,
-39,51,
-41,46,
-8,17,
18,-38,
-3,-13,
-23,28,
-17,15,
-51,3,
-1,-22,
43,-56,
83,-77,
71,13,
64,35,
11,8,
26,-1,
39,12,
2,-16,
-39,1,
-70,-10,
9,-12,
-31,19,
-30,56,
-18,47,
-5,9,
8,33,
7,51,
-9,-23,
-12,-11,
30,-7,
106,33,
88,26,
8,1,
65,-76,
-5,-40,
34,12,
19,0,
-21,-7,
10,-29,
35,-25,
14,0,
-14,12,
-34,57,
-12,2,
2,3,
-40,-17,
-64,4,
-54,-19,
9,-63,
-12,-45,
-57,-11,
14,2,
-3,-17,
-3,-4,
19,1,
30,23,
-36,40,
-134,24,
-746,-156,
-2992,-1188,
-5666,-3259,
-4597,-4409,
-242,-2480,
2097,181,
748,1732,
-2014,2231,
-2913,2462,
-1717,2154,
-453,1104,
-8,102,
65,-260,
-185,87,
-477,291,
-527,204,
-223,-91,
217,-226,
455,-545,
492,-748,
129,-665,
-191,-236,
-98,-78,
327,-177,
566,-302,
418,-157,
26,112,
-126,140,
-128,145,
-79,52,
-126,23,
-217,-110,
-161,-61,
-34,42,
199,58,
335,11,
182,10,
143,41,
90,4,
98,-28,
99,-93,
63,-78,
-28,-5,
-87,8,
-112,36,
-122,-46,
-63,-13,
55,41,
162,67,
303,183,
195,7,
272,132,
215,76,
27,1,
-22,-9,
-66,-60,
-1,-54,
114,27,
43,61,
28,78,
25,55,
107,42,
150,31,
153,33,
158,98,
236,101,
279,94,
148,43,
93,68,
-15,-26,
103,-175,
279,-285,
279,-276,
115,-246,
26,-290,
167,-204,
226,-98,
66,-6,
-59,-15,
-49,-16,
-65,-44,
-117,-73,
-84,18,
-76,-41,
-96,11,
-9,24,
-23,-20,
-21,-21,
12,-43,
36,-18,
103,53,
137,56,
96,52,
61,41,
20,73,
-33,129,
11,103,
85,1,
92,-53,
90,20,
121,49,
44,-21,
41,20,
27,43,
37,33,
-12,75,
-18,96,
31,86,
6,70,
56,16,
51,25,
0,7,
-15,-24,
-8,-78,
50,-30,
-5,10,
24,22,
95,62,
83,14,
43,52,
47,29,
33,4,
34,1,
68,26,
60,41,
81,39,
30,32,
46,80,
69,3,
38,-1,
-5,8,
-46,164,
-56,51,
-9,22,
22,103,
17,38,
136,29,
71,-58,
64,74,
68,92,
44,49,
38,3,
52,40,
60,13,
60,52,
133,126,
48,66,
20,40,
-20,-13,
-54,29,
-21,-22,
-15,5,
91,-43,
104,5,
15,75,
1,-4,
00>
_________________________________
00>
00>
Printing STS1 CIR
00>
00>
_________________________________
00>
-18,-11,
1,-17,
-16,41,
-12,17,
14,36,
41,-8,
67,19,
3,-32,
45,-48,
-1,-5,
4,-60,
-29,-33,
-15,-14,
-29,40,
-88,-10,
-30,27,
8,-62,
53,-17,
54,2,
12,2,
-31,6,
15,-38,
-11,-67,
5,-37,
25,-14,
-42,84,
-101,23,
-87,-113,
-51,-89,
5,-3,
37,-14,
34,-9,
-29,-11,
-1,-19,
91,-7,
18,35,
-19,-13,
-3,-50,
19,-86,
-7,23,
-48,2,
76,71,
89,75,
31,1,
-56,-5,
-80,28,
-103,31,
-16,-21,
-17,-18,
-30,-49,
-8,-71,
-30,-46,
-9,-84,
-36,-102,
-4,-75,
23,-81,
3,-6,
48,37,
10,-13,
-22,25,
-84,-10,
-60,98,
-16,19,
25,-44,
38,-21,
-29,50,
-46,65,
-7,20,
6,14,
-19,-28,
-28,1,
-36,17,
-62,-12,
12,3,
10,-9,
-8,-53,
-5,-50,
-19,-31,
-27,6,
-39,14,
-72,5,
-18,-1,
-13,-7,
22,-35,
-83,-22,
-76,-13,
-22,35,
10,-33,
88,-10,
-67,7,
-43,30,
-87,50,
16,19,
23,-16,
54,-6,
43,-19,
71,-3,
23,5,
-19,-16,
-43,3,
-22,-32,
-15,-14,
33,-31,
25,-4,
30,-7,
-2,-51,
16,-66,
7,4,
-24,43,
-59,-53,
19,64,
-16,34,
-24,-2,
44,-28,
-10,-20,
34,-18,
9,31,
23,-4,
24,-14,
19,-19,
42,49,
2,-48,
31,-2,
53,-26,
49,-18,
-10,-66,
26,-45,
72,-17,
49,5,
5,-9,
-14,-4,
-40,-31,
-48,10,
-131,-17,
-34,36,
44,96,
-10,-21,
67,-77,
108,-74,
77,-27,
19,37,
94,-37,
45,-26,
16,37,
-29,31,
-57,16,
29,-63,
68,-62,
1,-21,
-35,17,
43,13,
40,14,
-62,8,
-27,14,
17,-23,
108,-67,
62,1,
-3,-46,
-55,48,
2,37,
62,27,
96,-14,
51,-37,
6,22,
-18,44,
-14,-32,
4,-34,
45,8,
-21,-21,
-57,5,
-62,-1,
-36,-40,
62,-46,
55,-92,
-20,-28,
-52,-58,
65,40,
19,-6,
25,-28,
-4,-48,
5,-39,
11,23,
-31,-91,
-18,-75,
-6,-84,
73,15,
-2,37,
-57,-7,
-21,19,
-28,55,
-34,-12,
-8,-12,
-19,20,
25,43,
20,17,
35,-21,
50,56,
22,-12,
21,82,
26,113,
13,-37,
-56,-51,
34,-43,
26,-10,
36,54,
-19,13,
18,-22,
1,-54,
36,-4,
35,-6,
-2,-11,
26,55,
-33,38,
23,-24,
43,-53,
11,19,
71,44,
119,29,
-30,-39,
11,-74,
-14,11,
-49,44,
-17,20,
37,-53,
37,-8,
-10,25,
-28,-9,
28,41,
-1,-5,
6,-37,
-48,3,
-16,77,
84,51,
45,-23,
30,-61,
-34,5,
-1,-3,
27,-41,
52,-16,
92,18,
57,-19,
27,40,
-5,13,
16,17,
2,23,
24,-5,
-1,28,
40,6,
-4,7,
55,8,
80,46,
38,54,
38,42,
65,70,
35,62,
-43,-7,
3,-10,
34,-8,
45,55,
-49,16,
-35,-34,
-84,-32,
-35,-21,
50,-19,
5,-11,
33,-42,
-3,-23,
-3,-9,
5,52,
-11,-3,
-4,-5,
3,-15,
2,-6,
15,-12,
4,26,
48,53,
-2,41,
-20,-20,
-2,-22,
5,-4,
19,30,
82,34,
8,-65,
-8,-10,
-14,15,
39,58,
76,36,
21,48,
30,-12,
5,18,
-32,64,
20,17,
81,33,
13,4,
25,-115,
19,-43,
76,-64,
114,28,
-1,116,
3,22,
-50,-6,
2,-9,
47,64,
-10,101,
43,106,
64,16,
43,-11,
-6,-13,
-52,-27,
35,-9,
-54,11,
53,-2,
30,-2,
22,42,
3,18,
37,20,
39,14,
31,-11,
3,27,
-19,8,
-56,4,
9,17,
-4,21,
10,-28,
-6,3,
-82,-4,
-36,41,
-24,22,
54,11,
47,18,
33,38,
18,19,
-26,-70,
68,-5,
32,32,
13,38,
34,54,
2,2,
-21,34,
-7,10,
-47,-51,
6,-14,
-70,-12,
27,8,
23,-41,
8,-27,
37,5,
47,-7,
35,-28,
-4,-15,
26,11,
14,12,
-19,-28,
52,-24,
1,17,
-47,70,
-699,89,
-3179,-244,
-6432,-1754,
-5969,-3345,
-1195,-2859,
2683,-674,
3730,1414,
3026,2637,
3466,2589,
3787,1886,
2269,866,
402,61,
-296,-141,
134,44,
698,106,
697,-29,
349,-92,
-17,-131,
-60,-354,
83,-630,
4,-560,
-240,1,
-114,204,
243,191,
439,-74,
345,-207,
77,-148,
-189,85,
-318,232,
-310,263,
-250,124,
-184,-43,
-162,-161,
-394,-116,
-273,0,
-152,-35,
-79,-1,
-125,-23,
-120,140,
-122,244,
-233,337,
-385,227,
-246,90,
-139,-21,
-13,-92,
-19,-24,
38,-6,
-29,-20,
46,-127,
159,-133,
195,-60,
237,25,
316,123,
191,92,
77,-78,
-1,-259,
15,-273,
-7,-250,
-32,-46,
-22,70,
-2,104,
10,80,
6,-13,
23,9,
43,52,
-8,167,
14,215,
3,119,
-143,4,
-165,-32,
-33,-40,
173,-76,
104,-82,
120,-206,
180,-260,
251,-306,
261,-220,
113,-153,
44,-172,
36,-187,
62,-187,
-2,-130,
-124,-37,
-59,-3,
-49,33,
97,38,
157,-87,
87,-132,
22,-96,
10,18,
101,139,
77,106,
12,27,
51,-86,
20,-29,
40,12,
60,21,
110,-29,
15,-33,
36,21,
78,61,
47,25,
58,-14,
-16,50,
-22,141,
-98,105,
-111,19,
-71,-19,
5,-33,
10,15,
-41,-9,
-12,-39,
11,-39,
-1,-23,
60,-79,
63,76,
51,114,
-32,74,
15,47,
-9,-47,
-26,-26,
-78,2,
-9,-17,
-38,8,
33,10,
-13,-25,
-19,-31,
38,49,
2,63,
10,-77,
21,-54,
50,-69,
89,33,
-44,-74,
13,-53,
-14,0,
57,12,
-19,56,
-45,78,
12,-21,
8,6,
-17,-18,
-9,31,
-3,-1,
3,40,
-37,23,
27,-29,
-28,-16,
21,-26,
47,52,
19,78,
-59,19,
-48,-17,
4,-70,
39,-16,
40,48,
00>
_________________________________
00>
RX Timestamp: 739307244937
00>
Clock Offset: -412.846 Hz, 0.052 ppm
00>
RX Timestamp: 740379845116
00>
Clock Offset: -639.725 Hz, 0.080 ppm
00>
_________________________________
Sequence Number: 135
00>
00>
Printing STS0 CIR
00>
00>
_________________________________
00>
29,-9,
46,-8,
57,37,
-12,29,
34,-4,
55,-2,
42,49,
-10,27,
-36,48,
-35,-37,
-5,-8,
-38,50,
22,16,
-57,2,
-7,54,
-14,13,
29,12,
45,48,
-15,34,
20,66,
-16,33,
-56,-51,
-50,-20,
-40,13,
44,58,
52,17,
47,-44,
-10,60,
-85,-2,
-95,6,
-29,40,
12,36,
6,-5,
77,-47,
19,-50,
30,-47,
82,-83,
58,-83,
33,48,
-48,47,
31,-16,
83,-6,
27,-11,
-20,-27,
-43,-28,
-72,-63,
10,-51,
47,-36,
-26,44,
-31,-12,
32,-6,
-11,15,
-52,-25,
-7,-5,
51,18,
68,-41,
20,-53,
2,-28,
-47,2,
26,25,
48,-78,
32,-33,
16,17,
-67,104,
12,63,
-18,20,
-20,-3,
-20,7,
17,-5,
5,-48,
13,-10,
32,3,
-29,6,
-7,-73,
-7,-37,
-92,-10,
-31,-14,
14,-5,
5,5,
-15,-17,
-36,-45,
-39,-21,
-25,-9,
2,-4,
-17,-25,
9,-29,
-4,35,
-16,-51,
76,-36,
67,4,
58,50,
-23,61,
-47,-8,
7,-34,
-46,4,
-42,9,
-78,-44,
-32,-9,
-4,58,
12,25,
47,-2,
51,-51,
-26,-90,
-12,-7,
18,63,
1,15,
20,-68,
3,18,
25,0,
-8,15,
17,-1,
18,-60,
-58,17,
-25,17,
26,73,
-44,28,
11,34,
-63,-8,
-67,12,
-42,61,
-35,70,
28,-23,
16,-25,
20,25,
-16,26,
-43,10,
-49,-10,
25,-11,
35,26,
33,47,
27,47,
-39,34,
-35,-42,
24,41,
-12,54,
25,55,
42,1,
68,-17,
66,-7,
-26,10,
4,15,
114,-12,
100,-66,
-15,-51,
-47,-2,
-56,27,
-26,-16,
-25,12,
13,-81,
-7,-23,
49,-10,
17,-55,
48,9,
87,8,
29,-36,
-2,-10,
-3,-21,
-35,34,
-86,-7,
-70,-30,
-21,-44,
10,8,
4,31,
-79,32,
-9,-21,
-9,3,
-24,-3,
-6,-53,
-9,-8,
-25,-11,
-20,110,
-41,64,
-56,-21,
-11,23,
15,-12,
45,15,
9,-18,
-3,2,
-119,62,
-48,-1,
55,-10,
40,33,
82,56,
37,10,
34,40,
-24,-7,
-43,20,
22,48,
-33,-45,
32,-36,
70,-43,
62,-2,
35,17,
-31,13,
17,-45,
53,18,
87,-5,
-32,-34,
-69,-23,
-48,-21,
13,-1,
105,-45,
110,-37,
37,16,
-57,64,
-47,21,
8,42,
7,50,
-14,130,
-46,84,
-43,48,
-39,-28,
13,-4,
-93,-62,
-64,-44,
-9,-89,
24,35,
60,76,
11,15,
-8,49,
-26,9,
-12,12,
14,4,
-5,64,
-22,48,
37,17,
-12,36,
42,-46,
33,9,
-48,-9,
-113,-11,
-79,-24,
-67,33,
-60,-68,
-77,-62,
-13,-120,
-29,-24,
-50,-31,
-22,-38,
-55,26,
-7,-31,
-29,-17,
-86,-26,
-22,-7,
27,8,
35,-48,
73,-78,
-12,-50,
-56,24,
-1,20,
17,-3,
50,21,
55,-23,
-25,17,
-80,-38,
-35,-43,
7,-51,
32,83,
83,6,
-20,-12,
10,-10,
47,-24,
16,0,
56,44,
126,93,
10,9,
-28,-12,
-104,-17,
-8,-24,
39,-54,
4,-32,
-16,92,
0,70,
-68,-38,
-15,29,
108,-19,
105,-21,
29,-48,
2,17,
16,-34,
-1,59,
74,-2,
62,-46,
-9,-12,
9,59,
42,40,
-3,9,
13,-14,
-56,-73,
-5,-27,
-42,-29,
52,-65,
22,61,
22,16,
131,18,
141,-48,
83,-105,
57,-29,
75,-23,
13,-13,
34,102,
47,37,
-48,4,
15,-27,
7,-29,
56,40,
58,21,
32,6,
-23,-12,
-37,11,
-30,5,
21,30,
121,79,
22,-40,
-32,-121,
43,-39,
21,50,
25,62,
-20,27,
20,-9,
-11,-4,
9,-37,
-83,10,
-16,-71,
50,-87,
68,44,
-18,56,
-58,70,
8,35,
72,23,
16,1,
-85,-31,
-93,14,
-19,-11,
-41,27,
-17,41,
-6,46,
-8,11,
56,1,
10,3,
-13,7,
-1,-4,
-52,35,
-47,56,
-16,47,
20,28,
70,-21,
7,-19,
28,-3,
93,-31,
52,-6,
-55,80,
-61,-1,
3,-43,
19,-61,
-3,-77,
86,160,
639,994,
1488,3050,
1047,4483,
-564,2924,
-1349,-154,
-322,-1635,
1494,-875,
2518,-82,
2357,-287,
1385,-536,
287,-274,
-196,43,
-92,-5,
328,-32,
555,55,
257,206,
-143,135,
-415,76,
-522,118,
-461,292,
-148,311,
128,234,
6,31,
-263,-85,
-336,-84,
-80,-117,
149,-141,
164,-106,
187,-80,
119,22,
90,57,
104,209,
114,147,
-35,-63,
-176,-226,
-210,-228,
-118,-128,
-92,-31,
-99,17,
-40,-6,
4,25,
7,15,
40,-16,
39,19,
73,122,
13,171,
35,45,
-15,-81,
-100,-172,
-169,-226,
-156,-207,
-21,-136,
-2,-90,
54,-7,
65,110,
47,113,
1,23,
17,-84,
25,-82,
29,-151,
30,-151,
-5,-93,
-17,-37,
-29,-110,
-55,-170,
-67,-241,
-88,-178,
58,-82,
-24,-37,
-122,5,
-228,15,
-224,5,
-183,79,
-92,65,
-177,73,
-279,-47,
-176,-88,
-70,-4,
47,-30,
79,-24,
34,14,
73,57,
46,82,
-9,8,
6,-27,
34,-48,
59,-16,
-36,29,
-102,55,
-64,-1,
-36,-56,
22,-46,
-56,-114,
-55,-84,
-35,-39,
-1,22,
35,-51,
6,20,
-103,-58,
-182,-70,
-175,-71,
-66,-79,
21,-31,
-1,-34,
6,-61,
-42,-67,
-10,-28,
0,-23,
10,-71,
7,-99,
49,-44,
7,26,
-119,-21,
-190,96,
-49,31,
-41,-78,
-12,-49,
39,-20,
-27,-78,
59,-117,
50,-95,
46,-104,
20,-17,
-70,-6,
-59,-40,
-51,-57,
-36,-45,
-51,-28,
54,-1,
-26,11,
-74,3,
4,-87,
5,-119,
-56,-69,
-95,-18,
-28,-16,
-64,-100,
-7,11,
-21,10,
15,-59,
8,-79,
12,-58,
-24,-95,
37,-122,
-33,-89,
17,8,
-30,60,
-4,4,
0,-39,
1,-94,
-37,-34,
-64,-86,
-35,-33,
3,-48,
-23,5,
00>
_________________________________
00>
00>
Printing STS1 CIR
00>
00>
_________________________________
00>
64,-19,
71,-31,
28,-68,
-10,12,
41,38,
53,68,
55,13,
11,37,
-11,-15,
-18,-32,
-39,-68,
-48,-26,
-89,8,
-13,-22,
-58,-2,
-64,-19,
-37,-2,
2,8,
89,-22,
76,-5,
55,-11,
-47,28,
-100,-60,
-47,29,
74,12,
49,-3,
7,30,
13,2,
44,-34,
60,13,
29,-3,
-60,-6,
17,-48,
-43,5,
-23,-41,
35,2,
79,-37,
-13,11,
-49,-14,
-57,-34,
-13,-76,
3,-35,
13,-50,
17,-15,
-7,-26,
12,46,
85,38,
-23,38,
17,24,
76,-27,
-20,-45,
19,-50,
-26,-88,
-80,23,
-76,72,
-39,25,
-61,-21,
-32,-109,
-54,-36,
-32,-37,
-2,-85,
14,24,
23,70,
32,-5,
69,-1,
62,-4,
43,45,
9,28,
48,-76,
6,-21,
-72,-12,
9,23,
10,-36,
102,-47,
-49,-1,
-44,-29,
-56,-28,
-16,-14,
-19,-32,
24,-67,
-4,-40,
-42,-24,
-101,54,
-111,26,
-51,42,
-29,-34,
51,-14,
52,14,
-39,74,
54,19,
0,-80,
-4,-54,
-96,30,
-24,124,
-7,-42,
40,-82,
-25,73,
-36,23,
63,-56,
8,38,
-3,-15,
-16,-4,
-18,3,
-92,42,
-18,5,
40,-26,
-63,53,
-58,-83,
53,-73,
66,12,
108,14,
10,107,
-1,29,
31,33,
-3,-11,
-45,15,
-53,-9,
13,-116,
16,-43,
-16,-13,
24,54,
-72,105,
14,24,
92,-28,
-11,56,
-73,-86,
7,-20,
-57,28,
-22,23,
-27,17,
32,22,
4,-50,
5,-62,
19,-25,
-7,-7,
2,23,
67,-52,
8,-59,
-20,-87,
52,-20,
13,20,
-6,-31,
-45,5,
-12,-10,
-46,-47,
69,-42,
49,-25,
71,19,
41,30,
4,20,
-8,-19,
-20,27,
18,67,
35,-5,
-43,29,
19,-16,
-20,-4,
30,-37,
33,-54,
-16,2,
-7,9,
-23,12,
-17,-16,
-11,-15,
-7,-1,
-60,27,
20,36,
-2,-28,
17,60,
20,-52,
27,12,
8,10,
27,-34,
-25,-68,
-62,71,
-38,16,
2,5,
40,-5,
6,-19,
14,-46,
-19,-21,
71,9,
75,13,
59,-32,
20,-55,
8,-55,
-6,-3,
-24,-7,
-5,-41,
-16,-38,
12,-60,
64,22,
32,24,
-86,6,
14,10,
8,5,
72,-31,
14,14,
-51,-39,
-17,-29,
-48,-24,
-48,21,
10,-14,
20,28,
64,-3,
44,-68,
5,-43,
-72,29,
-32,-54,
43,-78,
13,-1,
-35,-1,
-59,14,
-57,-6,
81,-38,
96,-37,
13,67,
-28,67,
27,74,
34,-7,
62,-29,
-44,-46,
-29,-13,
-8,-9,
1,-27,
-17,-53,
-2,23,
43,-6,
20,27,
-4,26,
9,44,
7,22,
-34,9,
-67,-73,
-3,-82,
-4,-50,
-33,20,
-122,73,
-21,54,
32,30,
30,-54,
-20,-70,
-48,51,
19,44,
26,41,
-61,7,
-119,33,
-50,-25,
47,-44,
16,-13,
-10,41,
-60,-12,
26,-44,
-36,-32,
14,15,
22,14,
-14,42,
6,41,
11,34,
36,-14,
-38,13,
-12,15,
-45,93,
-37,163,
-54,47,
46,-72,
8,31,
-27,95,
-36,-7,
36,-28,
0,-21,
62,12,
-3,-27,
32,-59,
19,-26,
3,-64,
4,10,
15,-11,
31,-54,
-77,-16,
-105,19,
-116,37,
19,100,
54,12,
30,61,
-45,53,
-63,32,
23,8,
95,-12,
-1,37,
1,26,
30,17,
89,-5,
50,-19,
42,37,
-101,-43,
-6,-67,
11,-62,
47,20,
25,-13,
3,-45,
11,25,
-31,22,
42,11,
42,28,
-3,-29,
34,-51,
-15,3,
-24,-33,
22,-30,
-9,11,
29,50,
-72,-20,
-39,-7,
15,34,
46,57,
38,41,
62,-44,
25,21,
-28,-22,
28,-42,
35,-36,
-17,-14,
-23,62,
-25,40,
7,-16,
52,37,
53,52,
67,-29,
72,72,
36,32,
58,22,
47,-17,
-47,26,
-81,20,
-30,27,
-4,12,
38,7,
42,2,
6,24,
25,-2,
-15,-16,
-24,-69,
35,-19,
97,67,
73,61,
46,57,
-53,91,
49,-11,
52,-12,
-9,-74,
-25,-43,
-54,9,
1,62,
100,22,
-6,-27,
218,70,
1002,833,
2275,2873,
2250,4685,
188,3617,
-1635,512,
-1611,-2009,
-513,-2713,
-90,-2903,
-631,-2954,
-853,-2343,
-433,-903,
-17,79,
88,197,
-129,-180,
-377,-423,
-278,-260,
-134,-18,
-68,241,
-344,412,
-331,376,
-72,163,
175,-27,
54,-253,
-129,-212,
-207,-78,
-87,-98,
166,-25,
286,28,
264,45,
251,50,
119,97,
-70,67,
-14,90,
108,126,
86,43,
-1,64,
34,136,
83,84,
63,7,
215,-59,
297,-8,
230,106,
73,98,
37,144,
66,20,
26,-59,
40,-38,
-9,14,
-97,-33,
-146,-95,
-142,-116,
-50,-177,
6,-181,
-1,-96,
-77,27,
-115,171,
-83,178,
-62,158,
-80,45,
11,-6,
-20,-77,
-23,-30,
-22,-10,
83,-34,
77,-41,
121,-62,
97,-47,
90,19,
72,58,
39,92,
58,52,
5,-43,
-89,20,
-183,49,
-276,99,
-290,65,
-167,34,
-32,80,
-25,125,
-47,91,
-33,22,
-6,54,
135,83,
78,83,
3,68,
-80,20,
-138,64,
-121,110,
-68,91,
3,65,
47,-30,
-19,-65,
-20,-21,
-2,31,
28,64,
-39,60,
-30,79,
32,32,
76,46,
135,-17,
60,-83,
53,-9,
87,-78,
45,-44,
-4,-21,
-44,48,
44,48,
16,69,
38,-22,
14,-14,
74,29,
26,37,
6,93,
25,-6,
28,-32,
-12,-47,
46,31,
89,54,
74,55,
-56,-31,
-68,-80,
-39,65,
-48,83,
-71,21,
18,-16,
33,-30,
-21,-3,
2,-24,
84,-40,
-9,-6,
-22,25,
10,-26,
67,-46,
30,29,
-45,-7,
-1,-74,
57,-51,
72,-32,
25,19,
60,-26,
18,-54,
-19,-4,
-6,-12,
-12,-43,
26,-110,
4,-84,
-9,2,
46,5,
-4,15,
-45,48,
-4,35,
22,-44,
-20,-41,
-73,45,
-51,61,
00>
_________________________________
00>
_________________________________
Sequence Number: 138
00>
00>
Printing STS0 CIR
00>
00>
_________________________________
00>
-16,67,
-35,111,
31,67,
-8,-21,
3,-45,
3,-23,
-39,-7,
-56,57,
-70,58,
-39,13,
0,14,
4,116,
-39,43,
-80,56,
-13,24,
82,-15,
25,-49,
-59,-19,
54,-50,
50,2,
73,35,
45,2,
30,19,
24,0,
21,76,
95,49,
78,1,
-35,31,
12,-28,
41,6,
114,87,
76,82,
6,85,
-5,99,
6,55,
8,91,
56,53,
17,39,
58,-4,
0,20,
-28,11,
-18,-55,
-33,4,
43,-16,
46,18,
41,43,
-53,50,
-64,32,
56,5,
85,37,
33,44,
-39,69,
-20,66,
80,-45,
100,-4,
29,17,
9,-47,
20,-30,
52,-7,
5,22,
24,31,
57,75,
80,89,
43,36,
37,29,
32,67,
21,15,
28,24,
36,0,
61,61,
-41,-6,
-8,47,
-44,-20,
-30,-14,
-77,45,
-2,95,
-1,50,
21,80,
34,94,
32,40,
-16,45,
-28,18,
8,-28,
-17,-47,
-18,-10,
-103,-28,
-80,23,
10,19,
-23,43,
-53,-5,
-80,43,
29,64,
93,57,
13,2,
-47,43,
-45,-3,
85,22,
42,-41,
6,6,
-15,39,
5,26,
21,-37,
15,1,
-8,16,
-28,75,
-22,-13,
53,-4,
92,-1,
10,3,
-49,10,
-32,70,
-31,32,
70,-17,
25,-11,
40,49,
-36,95,
-49,33,
25,20,
58,-2,
1,-68,
43,6,
16,29,
14,46,
32,-12,
15,17,
21,33,
40,14,
48,-13,
-19,52,
-62,85,
24,94,
19,51,
46,34,
25,-22,
32,-33,
-66,2,
-106,85,
-57,29,
-58,26,
-17,-5,
14,-29,
5,21,
-10,74,
23,68,
128,33,
71,41,
-10,40,
5,-21,
7,29,
32,-31,
41,29,
24,67,
-1,-28,
64,-6,
1,7,
5,-50,
7,-23,
-55,-7,
1,11,
27,-22,
67,72,
26,104,
-34,68,
-72,20,
16,11,
59,47,
57,60,
39,47,
-24,5,
-32,44,
-13,14,
28,77,
16,67,
-14,43,
-19,20,
-19,-41,
-28,20,
-30,34,
48,52,
-5,18,
36,-1,
-17,-32,
-47,22,
-31,30,
29,75,
27,51,
-59,47,
-51,7,
-36,3,
11,53,
9,28,
27,92,
5,41,
49,13,
-8,2,
15,9,
36,-33,
-27,24,
-21,51,
-15,17,
-41,-26,
-44,-31,
-33,-14,
-2,-40,
40,-16,
-24,-8,
-29,-58,
-62,-19,
-67,5,
-1,21,
33,39,
73,51,
12,-17,
16,-17,
70,-7,
112,-4,
129,43,
136,43,
63,34,
12,47,
39,67,
12,49,
25,51,
-7,77,
-27,24,
-44,59,
20,-14,
27,-27,
27,26,
25,43,
52,9,
25,-13,
-18,28,
-35,-1,
-41,46,
0,26,
59,0,
21,9,
2,43,
-25,90,
-112,65,
-79,30,
18,19,
16,29,
13,-44,
-22,-13,
7,46,
54,42,
54,3,
15,36,
45,-18,
-52,-8,
-28,14,
-38,47,
-78,27,
-10,-5,
51,41,
12,-11,
-11,42,
-30,34,
25,9,
-46,-48,
-86,20,
-66,-10,
29,-58,
9,-41,
-47,-15,
0,-39,
24,-58,
38,37,
27,41,
-36,-7,
-67,31,
-31,20,
39,-19,
-41,28,
-23,0,
34,-11,
43,47,
2,48,
-63,25,
-14,2,
50,20,
3,3,
-70,6,
-62,51,
-40,44,
-41,57,
-27,39,
11,-8,
-107,72,
-79,-6,
32,-20,
-25,8,
-29,-5,
-81,4,
6,-6,
-62,-56,
-5,-46,
21,15,
89,44,
22,46,
-10,-5,
29,24,
96,24,
68,43,
30,39,
21,10,
10,70,
-15,-1,
26,39,
12,15,
11,-28,
-41,-32,
-39,45,
17,99,
33,16,
30,-33,
85,44,
50,30,
-6,42,
-36,7,
-60,-14,
41,11,
30,-8,
19,27,
15,96,
-21,53,
24,-13,
17,54,
49,42,
22,22,
67,11,
46,18,
5,18,
-46,1,
-11,-15,
-7,-55,
-43,-43,
-60,-23,
48,-32,
19,-34,
2,30,
-11,49,
14,69,
-20,24,
30,25,
19,24,
6,-58,
-35,15,
4,7,
67,41,
24,-42,
-39,-13,
-8,44,
54,100,
91,70,
56,-16,
-112,-659,
196,-3410,
1049,-7153,
2030,-7282,
2175,-2995,
550,2602,
-212,3528,
737,1217,
2125,-249,
2449,-369,
1540,-127,
436,-118,
-120,22,
-227,432,
-404,946,
-611,1000,
-540,626,
-69,433,
536,452,
898,615,
967,618,
901,57,
385,-389,
-69,-204,
-278,208,
-367,214,
-406,167,
-256,29,
-103,28,
-63,118,
-170,124,
-221,108,
-130,61,
-208,-134,
-225,-231,
-234,-214,
-81,-399,
-99,-323,
-70,-340,
-75,-160,
-218,-58,
-136,-89,
-2,-140,
15,-27,
-52,47,
-160,83,
-170,-26,
-139,24,
-145,18,
-35,19,
-28,99,
-9,41,
8,-82,
142,-94,
274,-8,
251,94,
196,121,
-49,91,
-140,24,
-130,-60,
-79,12,
-18,45,
125,55,
279,27,
242,124,
-6,225,
-159,90,
-210,-5,
-153,-57,
-60,-20,
-49,58,
-51,82,
-39,112,
264,76,
256,159,
183,378,
9,515,
34,360,
111,136,
123,17,
176,106,
26,32,
-30,-94,
-6,-45,
25,44,
-20,103,
-60,75,
-41,16,
10,66,
59,93,
-27,106,
-36,136,
-26,95,
17,46,
55,71,
-45,179,
-67,173,
-114,50,
-90,-21,
-12,2,
-2,59,
-21,88,
-53,51,
24,-1,
76,39,
8,35,
-48,-12,
20,8,
-20,-63,
-27,-46,
28,-72,
71,-61,
98,70,
121,161,
155,176,
37,106,
-39,136,
-29,59,
-38,26,
12,41,
-15,-3,
-51,-47,
-58,-2,
-21,-68,
14,12,
-14,80,
-16,112,
-54,92,
29,52,
1,31,
-62,21,
-34,24,
-40,-7,
15,4,
46,32,
-10,84,
-14,113,
-115,61,
-77,0,
-39,84,
-147,66,
-30,-6,
51,-92,
-52,-37,
-16,28,
-64,114,
-97,52,
-26,5,
29,30,
49,32,
38,98,
-1,-15,
19,-23,
-35,55,
00>
_________________________________
00>
00>
Printing STS1 CIR
00>
00>
_________________________________
00>
-29,-5,
-44,1,
-13,41,
-76,59,
0,79,
-14,6,
9,-13,
-8,33,
-40,0,
41,-62,
76,-79,
-19,-60,
-54,23,
-50,32,
52,-14,
58,10,
42,-32,
-15,-7,
-7,36,
65,-31,
24,47,
46,86,
8,31,
8,-14,
38,-27,
35,-16,
-23,2,
11,9,
17,42,
25,41,
-50,48,
-56,33,
27,23,
-7,25,
-94,11,
-55,-71,
-55,-19,
-25,11,
-24,-61,
45,-48,
131,-8,
71,8,
16,-4,
38,-34,
7,-19,
-58,-16,
-65,43,
20,37,
10,-24,
32,11,
58,14,
23,37,
87,105,
61,-1,
-9,-38,
-82,-24,
-52,49,
-78,70,
-13,-13,
98,28,
68,41,
-25,77,
-61,24,
-37,35,
-71,23,
-68,42,
-97,37,
-99,-21,
-18,-33,
21,60,
-25,50,
-19,66,
39,-27,
10,5,
-93,-82,
16,6,
15,-28,
-27,42,
-38,15,
32,-12,
105,-80,
50,-33,
68,-27,
-20,-47,
15,-14,
-16,-3,
-25,11,
-52,-36,
-26,-58,
-43,63,
17,65,
15,-2,
7,-91,
-2,-94,
1,32,
-27,2,
-61,-9,
36,-13,
35,20,
40,-8,
-4,34,
23,50,
36,-2,
40,-33,
63,6,
45,-8,
75,-6,
38,38,
5,-116,
-27,-133,
-5,-29,
-18,-34,
42,-3,
22,26,
25,28,
26,11,
26,7,
43,100,
82,-1,
-10,34,
16,4,
15,-24,
-38,-3,
9,-48,
-30,-45,
14,-24,
17,-11,
-48,83,
-39,23,
-2,20,
-59,37,
-8,-2,
-32,-21,
-76,-29,
-19,-9,
42,-3,
11,-13,
-45,-2,
-11,-75,
-35,-33,
-15,-4,
-23,18,
-76,-19,
9,-18,
-51,0,
-55,54,
6,144,
58,53,
-3,5,
73,-4,
88,10,
82,-5,
-22,18,
37,28,
52,7,
22,5,
-38,-8,
-30,-78,
2,-55,
-6,23,
32,11,
4,-52,
7,-33,
-47,31,
-30,41,
-12,23,
23,-22,
10,-63,
-27,-10,
-26,19,
18,-13,
34,-23,
50,13,
-40,50,
-27,-55,
-90,-103,
-38,-10,
-14,-36,
55,-17,
103,-3,
97,-22,
7,6,
31,68,
-14,70,
-75,16,
-90,33,
-63,34,
15,-25,
-25,2,
-94,74,
-31,-52,
64,23,
31,12,
-56,-1,
-18,14,
36,-4,
-4,-35,
-72,-18,
-12,77,
-16,62,
-29,-13,
-5,5,
14,-57,
3,5,
-40,75,
-8,71,
-28,118,
58,78,
43,-12,
-14,-2,
-38,-10,
-50,-71,
-34,-19,
-22,44,
-7,81,
37,77,
25,43,
8,-3,
13,-23,
14,61,
-47,24,
-30,-12,
-16,-43,
-40,-65,
-12,-42,
13,49,
60,20,
51,57,
-18,23,
-21,-39,
-9,22,
45,31,
-35,-18,
-57,-8,
19,-18,
35,-12,
-26,76,
51,40,
-18,-47,
-31,5,
13,24,
-72,32,
11,42,
-38,13,
-31,-12,
-26,14,
-43,53,
23,-8,
32,-34,
17,-23,
-48,-46,
-48,-35,
-33,34,
16,11,
50,-50,
65,-46,
42,33,
-3,31,
27,68,
43,19,
-33,-81,
-5,52,
84,121,
30,30,
-57,72,
-74,56,
-24,5,
26,-18,
25,-50,
2,11,
73,-34,
51,-23,
-48,17,
25,0,
44,17,
8,-24,
0,15,
24,-5,
10,39,
-21,97,
16,-4,
29,14,
22,-6,
4,-17,
22,-21,
-9,31,
-91,28,
-64,18,
-26,24,
3,22,
-11,16,
-10,-29,
5,-8,
-22,64,
26,66,
32,60,
123,-6,
48,-24,
-35,23,
-29,-60,
-29,6,
-59,-17,
-38,9,
47,-49,
61,-29,
-58,42,
-19,-52,
51,15,
50,10,
-25,0,
-49,-46,
-30,43,
24,53,
-40,32,
-19,74,
-20,23,
-80,-51,
-8,55,
-57,6,
77,-67,
-15,-21,
-45,-11,
-73,-4,
-13,5,
8,-53,
-16,-26,
-22,-6,
-11,-23,
-73,-8,
-127,-2,
-104,16,
-41,37,
52,21,
-14,2,
-23,31,
-26,-16,
31,82,
-26,48,
24,32,
42,-102,
41,-19,
-18,33,
25,74,
34,37,
-7,-62,
1,-34,
-55,34,
19,6,
-35,2,
34,-18,
-19,13,
70,-45,
44,-66,
40,-29,
-15,14,
-5,35,
-27,-9,
-79,-75,
-242,-687,
-542,-3427,
145,-7011,
1566,-7357,
2133,-3138,
663,2149,
-957,1956,
-1154,-1824,
-583,-4396,
-558,-3501,
-673,-1451,
-541,-218,
-258,229,
-218,-58,
-168,-519,
-51,-738,
31,-513,
196,103,
413,378,
585,489,
656,859,
381,371,
141,-116,
115,108,
95,454,
13,508,
15,325,
17,150,
135,108,
147,282,
62,369,
-83,343,
-142,96,
25,-9,
136,59,
-6,173,
-175,138,
-115,-92,
28,-85,
112,82,
119,229,
-72,129,
-150,-106,
-35,-180,
139,-75,
279,-59,
76,-64,
-133,-82,
-98,-92,
-93,-11,
-137,45,
-119,39,
-112,112,
-8,56,
162,40,
114,62,
82,170,
27,84,
-41,-18,
-82,60,
-96,176,
5,259,
-23,179,
-71,149,
-109,251,
-121,273,
-97,65,
22,45,
4,-6,
33,-5,
79,12,
35,43,
-25,87,
-56,60,
-40,243,
101,409,
146,509,
65,406,
19,415,
-49,378,
-71,284,
-68,183,
73,13,
34,-37,
-4,-73,
2,33,
45,60,
168,122,
200,105,
47,44,
-8,37,
-72,-4,
-113,46,
-110,24,
-96,-13,
-70,48,
-12,75,
67,79,
28,84,
-5,-7,
62,52,
79,59,
71,69,
51,79,
-31,154,
-27,113,
-24,128,
56,119,
147,123,
59,103,
15,136,
-60,113,
-24,143,
30,50,
33,71,
47,36,
-75,170,
-84,215,
-79,98,
-10,107,
84,85,
21,153,
-41,96,
43,93,
49,53,
-3,42,
-47,94,
-1,59,
12,76,
-41,3,
-32,38,
-23,31,
15,91,
5,22,
66,26,
7,116,
-29,131,
-91,97,
-8,139,
-1,94,
14,96,
58,80,
60,32,
-53,72,
-59,141,
-12,57,
-64,29,
-7,-2,
26,-22,
38,60,
54,118,
11,73,
-23,52,
82,66,
00>
_________________________________
00>
RX Timestamp: 879115613306
00>
Clock Offset: -926.113 Hz, 0.116 ppm
00>
RX Timestamp: 880188102393
00>
Clock Offset: -178.528 Hz, 0.022 ppm
00>
_________________________________
Sequence Number: 14
00>
00>
Printing STS0 CIR
00>
00>
_________________________________
00>
-2,19,
22,-35,
66,-70,
51,55,
132,48,
113,12,
51,-135,
-28,-3,
-47,-33,
-44,-37,
46,-15,
40,-22,
-56,6,
-14,18,
-22,15,
4,36,
2,34,
32,-20,
7,18,
34,27,
133,73,
-6,-5,
20,-9,
40,-46,
29,20,
50,25,
68,-11,
-34,-24,
-19,37,
-14,-3,
73,-26,
51,20,
0,95,
-9,53,
-78,24,
-23,24,
32,48,
28,5,
-13,-10,
-5,78,
42,-36,
17,-64,
54,23,
-36,18,
8,-19,
20,25,
-7,-42,
-55,24,
-3,45,
14,63,
-24,35,
8,-12,
-95,-44,
-10,-12,
-15,57,
-56,20,
-32,22,
43,10,
22,71,
49,8,
40,3,
5,-19,
8,39,
28,-42,
-27,-21,
-69,-46,
-109,-10,
-4,-6,
-18,24,
16,55,
-50,72,
-1,64,
10,-13,
4,-37,
-14,-28,
0,51,
33,-35,
117,-24,
33,-16,
34,-5,
32,-16,
75,97,
39,15,
-27,14,
24,22,
47,51,
23,-13,
32,-17,
9,6,
21,3,
59,29,
-3,10,
-39,-51,
2,-59,
4,-31,
17,-60,
-37,20,
-48,76,
38,34,
57,11,
56,-46,
11,-75,
81,5,
-2,87,
27,57,
17,17,
48,-69,
61,-3,
25,34,
-26,4,
-33,-3,
-51,-21,
-5,-9,
34,6,
-5,74,
-52,4,
-14,-5,
-7,-26,
53,21,
82,27,
-33,65,
21,83,
36,86,
8,-28,
-1,-78,
42,-4,
52,-7,
1,49,
-20,54,
-20,36,
78,23,
60,27,
75,7,
-49,53,
-51,78,
31,5,
44,21,
36,60,
66,21,
-51,-72,
1,-99,
-17,3,
-6,-10,
-34,35,
33,-7,
11,-45,
67,-51,
37,16,
74,-38,
40,-17,
44,35,
45,27,
133,31,
77,11,
29,9,
5,-52,
25,-33,
-22,33,
17,41,
90,9,
74,16,
21,65,
6,-1,
-26,34,
2,45,
39,56,
16,15,
17,70,
14,-5,
-17,44,
-5,-6,
1,-3,
-38,2,
36,73,
58,88,
67,63,
-1,14,
47,-28,
-2,-96,
46,-63,
119,23,
-46,65,
-73,59,
40,48,
54,13,
97,81,
43,22,
3,-33,
-29,-68,
-16,14,
-69,-10,
-65,49,
-9,45,
-14,37,
-33,50,
73,-20,
52,-24,
23,9,
24,-34,
59,-3,
105,-4,
10,59,
75,66,
4,6,
1,-14,
-13,-71,
-26,-5,
-85,40,
-30,94,
37,-29,
25,5,
-5,50,
41,106,
30,82,
9,62,
24,0,
27,-66,
9,-77,
-25,-21,
43,36,
38,34,
25,-27,
-27,32,
-27,38,
-14,24,
-22,40,
71,-70,
32,-34,
11,-22,
-16,9,
41,48,
107,-14,
34,-49,
-48,6,
-19,-22,
39,26,
77,30,
13,31,
0,-18,
9,-77,
17,-46,
57,66,
-79,44,
-47,72,
-10,-14,
124,25,
4,14,
-95,6,
-27,62,
35,-47,
32,-22,
28,44,
-1,35,
-29,22,
-32,-20,
-34,-52,
-27,-57,
47,-53,
50,-58,
4,-69,
39,-62,
32,79,
-6,51,
87,-21,
39,-58,
39,-66,
33,-79,
37,-8,
83,3,
-37,23,
-118,33,
-71,33,
15,74,
80,21,
30,73,
9,83,
54,100,
59,5,
24,21,
31,58,
36,100,
16,35,
-29,-22,
56,-30,
20,24,
-1,-10,
20,-31,
-4,17,
34,18,
104,-42,
66,-12,
16,-54,
62,26,
57,27,
95,17,
47,31,
-77,31,
10,-65,
1,15,
-9,-18,
41,-1,
16,-18,
49,-40,
75,-92,
45,15,
65,22,
-20,-34,
-12,-68,
3,73,
29,118,
-37,87,
-13,-40,
24,13,
17,21,
50,-73,
-67,3,
-20,-14,
18,-38,
10,-59,
36,29,
-9,4,
30,-89,
91,-67,
70,-32,
-20,59,
-11,18,
8,-18,
78,-19,
94,7,
1,16,
-58,-82,
4,-18,
38,1,
13,17,
7,53,
30,57,
0,53,
15,-34,
-15,13,
20,23,
60,19,
36,-25,
-24,64,
-10,47,
56,-11,
29,-33,
48,74,
56,73,
-20,29,
8,-14,
5,-37,
-79,-46,
-725,-238,
-3288,-1462,
-6371,-3639,
-6042,-4550,
-1763,-2881,
2714,624,
3155,1519,
1345,-435,
578,-2207,
739,-2304,
536,-1388,
25,-432,
-101,109,
210,312,
640,661,
651,920,
330,699,
296,152,
632,-269,
1022,-590,
969,-676,
298,-683,
-252,-424,
-122,32,
73,258,
82,323,
-43,380,
-60,272,
-50,210,
7,140,
93,267,
97,167,
-22,135,
-154,91,
-297,146,
-381,116,
-473,-50,
-383,-101,
-312,-89,
-169,-24,
-121,94,
-109,158,
-96,21,
-52,11,
-20,54,
-76,125,
-79,265,
-12,163,
44,74,
59,33,
35,-1,
29,-33,
-11,-36,
-55,-106,
33,-224,
246,-142,
286,-78,
148,-1,
9,106,
-151,91,
-187,91,
-115,33,
-15,-46,
172,-194,
225,-115,
198,101,
81,94,
-17,217,
69,155,
33,44,
42,82,
24,63,
23,115,
177,10,
365,-83,
450,20,
437,181,
338,230,
187,104,
155,-86,
152,-134,
72,-79,
-37,-60,
-31,-24,
74,0,
131,89,
70,104,
-9,63,
-51,79,
18,65,
39,75,
-1,151,
-9,112,
-13,57,
37,118,
89,125,
-17,137,
-52,207,
-85,231,
-102,102,
19,20,
104,-41,
122,2,
72,87,
42,34,
59,67,
69,76,
-61,38,
-8,39,
64,-14,
65,-30,
-1,-112,
68,-77,
69,-4,
117,42,
58,73,
119,110,
52,99,
119,107,
56,77,
72,3,
9,2,
-9,-9,
-12,51,
60,-19,
104,13,
58,74,
-19,71,
-6,39,
14,77,
26,13,
0,8,
55,66,
-2,80,
-18,37,
20,64,
6,166,
-33,202,
-4,43,
2,58,
25,-16,
25,-8,
-23,63,
12,37,
8,15,
53,-42,
13,67,
12,73,
-34,55,
40,11,
82,55,
13,57,
-58,60,
-93,68,
-71,129,
-63,75,
6,40,
33,-21,
-30,-29,
23,-66,
00>
_________________________________
00>
00>
Printing STS1 CIR
00>
00>
_________________________________
00>
5,20,
-38,13,
34,52,
20,12,
128,-49,
12,-18,
-16,-3,
-27,8,
-35,29,
-20,11,
-45,6,
24,-4,
15,12,
-36,24,
-10,-27,
-5,7,
-67,60,
-103,67,
-7,36,
53,7,
26,12,
-30,-71,
-13,-71,
-53,-12,
-68,10,
-15,11,
26,-2,
28,-31,
-8,-30,
-32,3,
-70,-54,
-49,-40,
12,5,
15,9,
-49,3,
-68,-45,
12,-8,
3,41,
64,44,
29,46,
34,50,
88,-72,
24,-11,
-48,4,
10,-17,
51,-20,
44,20,
-10,18,
46,7,
25,20,
-23,72,
11,47,
28,1,
32,-59,
-45,-48,
-38,-4,
-25,112,
0,52,
-15,-22,
16,-44,
59,1,
41,46,
-10,-9,
-10,3,
0,8,
5,93,
-30,88,
2,50,
-35,121,
-23,51,
26,63,
51,22,
-52,30,
-106,-26,
-34,-46,
12,-27,
23,-46,
-36,-10,
-62,46,
-48,94,
17,52,
70,-16,
18,-38,
-10,-28,
-46,15,
-55,-44,
-46,-71,
25,-92,
76,-24,
115,15,
60,-29,
-2,3,
31,32,
46,38,
31,-53,
-48,-46,
18,40,
27,35,
53,23,
-38,14,
4,-11,
60,11,
11,-13,
40,6,
-15,-5,
-21,29,
-18,-28,
-31,5,
29,14,
72,25,
104,0,
-50,60,
-22,-2,
-45,-62,
73,-69,
51,-58,
3,95,
-68,26,
-41,-14,
13,-49,
-31,-112,
6,-74,
-11,-46,
-4,0,
-109,-49,
-124,-9,
-79,0,
-9,-25,
20,-2,
17,53,
45,44,
34,-11,
26,-100,
-71,-39,
-44,-35,
45,8,
75,61,
-10,95,
-48,-69,
5,-131,
21,-100,
7,-46,
-14,-22,
4,65,
-37,26,
-29,0,
30,-35,
62,-34,
82,-22,
-4,-39,
-42,-5,
-19,3,
20,29,
45,103,
33,70,
-10,81,
25,-18,
51,-71,
10,-17,
-10,5,
-26,-51,
11,13,
61,-9,
28,-35,
-10,-14,
-86,48,
-16,-15,
23,-20,
28,-13,
-22,-5,
43,31,
-8,18,
-3,38,
-44,10,
-33,-47,
16,-48,
83,4,
39,20,
0,52,
0,-24,
-11,-40,
-56,-7,
6,-11,
-32,-1,
-46,-50,
-2,15,
16,15,
48,5,
44,-15,
16,-39,
-32,-23,
33,-9,
34,-53,
-20,60,
34,-18,
13,42,
-3,-45,
-42,-57,
-9,-15,
-59,-12,
-15,7,
13,19,
-25,36,
10,9,
-2,15,
-54,-40,
-49,14,
-19,-56,
15,-70,
-67,-31,
-48,-9,
16,31,
63,-18,
-80,-51,
-88,-29,
-79,-34,
79,0,
108,2,
65,-77,
56,-77,
26,-68,
-39,5,
32,-29,
72,3,
43,-6,
-29,42,
-26,-7,
-54,10,
10,19,
-4,24,
24,6,
49,52,
38,-33,
36,-49,
25,3,
-8,35,
-37,20,
-36,-4,
-22,-13,
-38,1,
-3,52,
33,90,
-43,94,
-28,-26,
0,-49,
-64,-15,
0,19,
-69,31,
22,24,
-56,47,
23,47,
-54,6,
-16,-3,
16,-32,
15,-13,
-14,40,
8,18,
74,2,
-3,29,
1,37,
79,-22,
71,-36,
16,-2,
-55,5,
-13,-2,
-9,58,
-25,55,
-10,41,
-11,42,
24,-52,
-13,-11,
25,59,
-51,77,
-38,18,
-36,-17,
37,-55,
54,-40,
25,-17,
-38,-6,
-80,11,
-52,-32,
16,28,
-10,72,
-5,22,
42,-2,
2,23,
34,-13,
53,-6,
-34,48,
-3,-48,
-24,-60,
46,-21,
-60,20,
-43,-17,
-79,-94,
-45,-33,
-2,25,
37,-10,
19,-13,
-24,32,
-83,32,
-37,3,
-32,-69,
-15,26,
61,52,
61,22,
47,-12,
-13,51,
-15,96,
-40,11,
-97,38,
-21,49,
-16,-2,
-93,-32,
-35,-35,
16,31,
9,-25,
-37,-53,
-80,-56,
20,-24,
124,11,
55,23,
42,-28,
21,-70,
8,-65,
-51,116,
-5,112,
17,47,
21,-52,
51,-21,
57,44,
19,72,
90,4,
80,-15,
10,-26,
-30,22,
-41,27,
-56,-12,
-1,10,
-1,-6,
-60,76,
-20,-55,
-29,20,
-46,3,
-52,55,
-16,50,
24,-8,
99,-3,
-5,9,
63,40,
-26,20,
-41,21,
-683,2,
-3391,-885,
-6402,-2994,
-5883,-4566,
-1655,-3294,
2244,312,
1205,1701,
-2093,247,
-3982,-1249,
-3216,-929,
-1580,83,
-508,473,
-89,254,
-202,-11,
-604,-178,
-646,-331,
-380,-252,
228,-151,
449,-151,
683,-246,
961,-138,
495,-197,
108,-145,
161,-6,
398,137,
471,166,
171,87,
88,-4,
98,-69,
264,4,
360,74,
199,191,
-14,105,
-11,-103,
165,-142,
172,35,
73,324,
-139,64,
-47,-81,
226,-93,
348,149,
98,172,
-251,135,
-166,-53,
-6,-178,
63,-206,
83,-112,
-50,27,
-71,198,
-2,165,
13,120,
29,164,
33,161,
-16,29,
95,-121,
147,-138,
187,-101,
121,47,
63,44,
6,90,
98,172,
178,217,
163,96,
170,70,
176,183,
198,211,
50,155,
29,41,
12,6,
-56,-20,
-32,-92,
20,-127,
41,-48,
84,45,
255,63,
427,121,
504,108,
474,90,
420,14,
296,131,
255,185,
196,158,
65,32,
28,9,
-19,71,
-90,120,
6,52,
103,-52,
37,-61,
29,-67,
-5,58,
-60,112,
-11,45,
52,54,
-9,51,
-49,69,
40,77,
67,129,
9,137,
35,1,
22,-116,
71,-57,
100,14,
182,107,
102,11,
83,22,
103,23,
110,20,
77,-28,
40,-23,
16,88,
87,145,
94,55,
95,60,
13,69,
31,84,
69,81,
120,87,
165,138,
125,136,
141,87,
60,89,
27,74,
33,55,
4,-1,
0,24,
21,-9,
-16,40,
73,-17,
99,0,
10,38,
15,37,
39,37,
6,-33,
65,-40,
57,22,
64,127,
23,130,
31,62,
67,123,
2,76,
-45,97,
-18,37,
-20,103,
16,108,
62,131,
-40,44,
-30,30,
12,-15,
38,78,
54,73,
49,43,
48,32,
44,55,
17,7,
93,85,
21,18,
3,63,
18,76,
-10,68,
00>
_________________________________
00>
_________________________________
Sequence Number: 17
00>
00>
Printing STS0 CIR
00>
00>
_________________________________
00>
15,-15,
3,15,
84,59,
35,-66,
24,38,
5,71,
-43,105,
65,55,
48,-33,
29,-62,
-38,-37,
-64,30,
-4,91,
46,56,
-9,-34,
-20,-22,
-37,-46,
-46,-25,
-27,50,
-12,23,
20,0,
64,45,
-22,34,
9,38,
-16,42,
15,-65,
37,-44,
3,-19,
-14,37,
-10,-16,
1,-30,
7,-15,
-79,15,
-30,38,
-1,-80,
81,-79,
82,41,
40,1,
-23,-21,
-52,-67,
-10,4,
-55,48,
-4,-23,
76,20,
9,70,
-25,35,
-14,0,
-4,-10,
23,62,
-25,42,
23,33,
63,26,
29,24,
-10,26,
5,20,
-49,-22,
-68,54,
-13,-8,
-93,-14,
-24,-25,
41,21,
42,17,
84,0,
28,-18,
-51,39,
-20,12,
-20,9,
-4,28,
-85,12,
-25,-38,
-2,-57,
3,-66,
-14,-25,
-30,40,
-63,65,
-17,56,
22,-7,
50,-46,
-38,-31,
-12,-20,
31,-22,
-76,-6,
-85,65,
3,-33,
11,-75,
-25,-57,
-27,-24,
26,-39,
15,28,
-13,89,
16,33,
5,71,
-39,-16,
19,-15,
14,-30,
9,-40,
-40,27,
-14,29,
24,-31,
34,-67,
-5,13,
-50,8,
-1,-12,
-25,4,
20,66,
-18,7,
43,32,
30,20,
10,0,
3,2,
5,-29,
-33,5,
2,-10,
-1,32,
-27,64,
-58,45,
11,40,
3,7,
36,-36,
21,-13,
47,3,
62,11,
11,77,
9,61,
17,36,
65,-19,
-27,18,
-82,-6,
-62,-8,
27,-1,
5,-11,
-39,18,
-123,56,
-78,34,
-31,48,
27,31,
-3,-14,
-29,-13,
2,1,
-55,40,
-34,66,
96,4,
0,-44,
33,34,
39,-1,
56,-10,
62,-14,
14,-89,
35,-23,
-60,-22,
-41,10,
44,-24,
149,-21,
-52,-35,
-144,-18,
-25,11,
28,-5,
18,31,
32,13,
53,-12,
4,26,
-19,-16,
-6,-49,
-17,-46,
-25,-61,
-17,-55,
-45,-5,
-24,16,
-11,0,
12,11,
-17,53,
21,-40,
36,11,
23,-40,
-35,17,
-6,-13,
20,62,
13,25,
9,-15,
-4,-45,
-54,2,
-6,71,
-56,-24,
46,11,
12,-66,
6,-30,
-67,-14,
-145,-39,
-34,36,
45,28,
-35,-57,
31,-57,
39,-48,
-26,-26,
-16,-49,
-18,-8,
67,42,
-34,18,
41,1,
27,7,
32,9,
2,26,
18,-2,
-54,-17,
-10,17,
38,23,
-4,48,
-42,125,
34,55,
44,-33,
-21,-78,
8,-73,
101,-101,
105,-89,
73,20,
-35,50,
-51,32,
-15,27,
8,-52,
8,-74,
2,-8,
-46,37,
-77,1,
14,-78,
29,-4,
5,1,
-49,11,
47,-40,
56,3,
76,-12,
60,-17,
-36,12,
-66,40,
-13,24,
17,24,
6,-3,
-65,-53,
-4,-18,
11,-27,
31,36,
48,93,
-62,50,
-4,49,
2,-55,
33,-32,
-27,-2,
-25,-14,
0,37,
-45,12,
-18,5,
-26,20,
25,18,
36,-23,
41,-15,
27,24,
44,15,
40,-31,
-3,-52,
-33,-5,
-55,40,
17,-8,
35,-13,
87,-28,
2,9,
-28,59,
25,70,
8,48,
-7,43,
-48,4,
-33,-55,
3,-43,
36,-21,
54,41,
-9,6,
23,12,
30,60,
-47,121,
-87,51,
-115,104,
-62,-31,
-28,-57,
38,41,
24,122,
-24,25,
-16,-9,
8,-14,
0,32,
-24,44,
61,48,
80,-18,
22,12,
-7,-17,
22,57,
-25,-20,
17,23,
-4,33,
28,32,
60,-10,
11,50,
9,74,
-17,56,
-32,25,
-6,-62,
42,10,
-14,-44,
34,-34,
50,36,
24,63,
52,42,
33,-9,
-17,-21,
-85,-79,
-18,-61,
-29,21,
-27,76,
19,80,
-17,-14,
-7,-38,
-10,-36,
25,-15,
-8,-10,
12,8,
-22,15,
17,-11,
88,-62,
-1,-55,
2,-21,
-53,-14,
-29,24,
-47,55,
48,45,
27,105,
16,55,
-24,11,
-37,-31,
-14,25,
-58,59,
58,28,
34,76,
84,22,
3,-42,
41,-37,
20,-53,
-22,22,
79,29,
33,44,
-27,-10,
-76,27,
-80,62,
-90,19,
-84,20,
-17,-11,
26,19,
2,-7,
-635,-322,
-2628,-1840,
-4746,-4604,
-3720,-5819,
186,-3388,
2406,536,
704,2259,
-2450,1925,
-3876,1766,
-2874,1981,
-1120,1326,
-81,143,
198,-287,
-77,-26,
-602,219,
-695,87,
-371,-136,
206,-319,
676,-552,
781,-723,
422,-765,
-159,-315,
-228,-73,
239,-109,
664,-207,
561,-129,
85,163,
-197,181,
-269,92,
-163,36,
-88,-92,
-108,-117,
-153,-159,
-145,-21,
85,149,
207,121,
232,168,
153,57,
129,8,
94,12,
173,43,
122,12,
-23,-7,
-45,34,
-95,-77,
-93,-99,
-104,-59,
-13,19,
98,107,
202,216,
218,197,
133,263,
81,212,
-32,24,
-65,-176,
-14,-157,
19,-35,
48,82,
20,165,
14,108,
51,93,
135,48,
149,124,
41,153,
70,175,
146,164,
185,117,
176,103,
61,29,
3,1,
196,-92,
315,-128,
444,-111,
343,-152,
196,-170,
332,-138,
390,-73,
225,6,
-27,73,
-92,0,
-115,-33,
-104,-23,
-47,73,
-43,-22,
12,-37,
-84,55,
-59,132,
-11,-7,
104,-43,
120,11,
83,101,
62,143,
86,173,
97,76,
72,75,
0,102,
-3,93,
34,16,
17,-15,
18,32,
59,25,
128,-15,
124,-32,
112,69,
-39,81,
-65,31,
-47,2,
-10,38,
65,42,
69,45,
-9,11,
-10,15,
21,-53,
22,-57,
80,-67,
88,-103,
74,29,
63,56,
47,114,
58,66,
73,17,
4,3,
19,2,
50,39,
62,75,
20,67,
-5,56,
-9,59,
-12,0,
162,12,
144,7,
75,36,
-8,122,
-63,113,
-77,44,
0,86,
16,48,
-7,48,
-39,23,
4,-6,
48,-49,
64,46,
47,100,
75,61,
-14,22,
-45,54,
46,21,
-7,3,
1,-7,
-29,58,
-16,53,
39,10,
17,-35,
30,38,
16,-25,
47,-14,
86,19,
25,28,
00>
_________________________________
00>
00>
Printing STS1 CIR
00>
00>
_________________________________
00>
-33,22,
12,32,
16,18,
-28,-43,
-8,-28,
-26,3,
-47,-47,
0,13,
44,-29,
-39,-45,
43,-97,
-62,-31,
6,52,
-14,50,
15,-7,
77,-12,
34,40,
-56,-10,
-76,9,
-68,-10,
-7,-22,
65,5,
48,31,
0,41,
-51,8,
-82,3,
-26,0,
23,32,
38,7,
9,-29,
-23,-97,
19,-39,
-20,-18,
-30,-31,
-49,-32,
12,82,
-8,16,
-18,-19,
-12,-50,
-36,0,
-68,10,
30,-31,
23,-7,
24,19,
-2,-46,
-44,-19,
8,-15,
26,-36,
-38,-17,
-49,13,
-37,55,
10,34,
-19,-24,
37,-38,
16,14,
-39,56,
45,86,
-37,33,
-35,-21,
-86,46,
-53,71,
-12,18,
4,-18,
4,21,
9,-16,
32,44,
15,-33,
42,-24,
-30,2,
-69,-4,
13,-49,
14,-2,
-56,-14,
-24,-21,
-63,-6,
-2,24,
37,44,
-28,-3,
-24,-7,
9,-53,
47,-22,
-4,-43,
0,-6,
-34,25,
14,31,
22,-12,
-11,9,
-4,25,
-11,3,
30,10,
62,-54,
30,-15,
-34,17,
-80,-32,
-7,-25,
64,-5,
-37,-5,
-10,16,
-48,31,
8,-28,
-5,-84,
12,-24,
18,16,
-8,-31,
29,-75,
7,2,
57,54,
24,27,
-25,-26,
-10,91,
-35,24,
59,-26,
24,-48,
-31,27,
5,1,
60,-10,
-14,-10,
48,17,
25,25,
-30,38,
-48,142,
-27,28,
41,31,
-20,21,
-86,-38,
-47,-10,
-39,42,
-46,-12,
-21,-75,
-35,-84,
-30,21,
18,50,
0,-14,
51,3,
56,11,
50,47,
-1,41,
-1,37,
-4,66,
-8,64,
6,25,
-30,11,
-2,34,
-48,1,
-68,-5,
6,18,
34,13,
-33,80,
-87,95,
-23,129,
39,30,
14,12,
-7,-75,
1,-10,
52,-63,
73,-82,
60,73,
36,29,
4,-3,
38,13,
-9,-22,
-29,2,
-53,-38,
27,-55,
40,-40,
0,17,
65,8,
31,13,
-14,19,
-2,-34,
35,-62,
13,17,
57,6,
7,27,
-51,-20,
-12,-3,
47,-95,
9,-110,
-43,-61,
-36,-2,
-23,42,
-31,1,
-69,-75,
-39,-19,
7,-5,
36,19,
66,29,
-31,-23,
-115,5,
-60,45,
5,76,
-11,7,
-56,40,
-52,18,
-93,-19,
60,-76,
53,-39,
45,35,
51,44,
-31,22,
-62,83,
-92,5,
-16,33,
0,1,
-49,24,
-61,23,
17,15,
2,-19,
-21,-3,
-2,11,
-17,-20,
-85,-36,
-23,26,
-47,62,
-48,166,
20,3,
18,-22,
-8,18,
1,5,
-62,3,
-22,4,
50,-5,
86,-9,
26,-50,
53,39,
13,3,
7,42,
8,11,
-38,40,
-44,32,
-49,23,
-81,-6,
-33,2,
-12,-49,
-21,-71,
-10,14,
-40,18,
10,10,
31,-52,
-2,69,
42,25,
-35,-38,
-19,22,
-41,43,
-35,15,
-16,-11,
-16,-17,
-76,105,
14,24,
44,-52,
-23,-51,
-65,8,
7,-77,
-18,-56,
-26,-27,
-44,-2,
26,-12,
37,17,
36,32,
-75,2,
-98,54,
-87,16,
-43,24,
14,17,
160,15,
112,9,
26,-3,
24,87,
-12,35,
-7,60,
50,72,
33,94,
34,-30,
32,-48,
1,-34,
-85,21,
-42,73,
-59,5,
-118,16,
6,26,
30,32,
86,-34,
47,-38,
7,-48,
2,-12,
1,-10,
-6,23,
74,37,
25,15,
-46,1,
29,39,
2,89,
-44,36,
-44,31,
-1,-102,
-4,-17,
79,18,
24,82,
23,-1,
-8,-15,
42,-57,
30,7,
146,-4,
62,10,
12,0,
-25,-17,
-29,4,
-2,50,
-35,-22,
-40,-33,
26,-2,
38,-13,
-9,-5,
-22,-35,
43,0,
43,29,
96,76,
43,53,
8,14,
11,-1,
20,48,
16,12,
50,-35,
14,9,
69,-40,
66,16,
-21,6,
-75,-1,
-58,23,
16,-14,
-50,29,
-68,22,
-86,13,
-49,4,
-35,-3,
11,-5,
10,16,
-4,-11,
17,16,
53,-24,
0,36,
44,30,
54,104,
-10,11,
-63,-7,
-48,-13,
23,50,
27,19,
9,-53,
15,-6,
-2,8,
-81,45,
-50,7,
-68,-7,
-689,-58,
-3062,-1059,
-5786,-3590,
-5317,-5285,
-1054,-4182,
3007,-389,
3559,2487,
2382,3682,
2744,3867,
3575,3559,
2520,2114,
555,436,
-316,-370,
-1,-76,
667,377,
848,415,
552,117,
30,-176,
18,-461,
272,-587,
207,-569,
-167,-141,
-270,181,
137,220,
454,79,
399,-27,
118,26,
-199,67,
-400,192,
-421,226,
-304,202,
-212,-127,
-227,-235,
-278,-253,
-196,-224,
-58,-147,
3,-53,
-174,96,
-317,126,
-337,245,
-449,374,
-633,343,
-443,82,
-90,-148,
-82,-151,
-89,-34,
-40,103,
-36,2,
76,-84,
163,-120,
232,26,
243,67,
268,224,
166,71,
156,-42,
49,-228,
44,-240,
-30,-202,
-21,-91,
-106,-17,
-123,50,
-32,66,
47,20,
6,35,
-23,50,
-45,224,
-126,162,
-29,97,
-82,26,
-193,-28,
-149,-83,
88,-37,
147,-89,
177,-215,
203,-242,
180,-200,
212,-133,
120,-140,
35,-148,
32,-174,
-10,-137,
-15,-79,
-85,22,
-68,36,
-26,66,
46,-16,
145,-66,
138,-13,
111,-58,
-18,-74,
-44,27,
58,52,
48,22,
-10,-30,
10,-33,
54,-13,
162,-83,
89,2,
-33,96,
-45,93,
-77,91,
-52,30,
91,-47,
89,21,
17,93,
-68,66,
-77,-35,
-125,-27,
-90,-23,
-23,0,
33,36,
-4,36,
-69,45,
17,88,
-27,90,
-58,126,
-14,66,
-10,90,
-2,19,
20,3,
11,22,
57,16,
5,76,
18,-15,
-26,27,
-86,-21,
-110,17,
-38,41,
-10,68,
-59,51,
-69,-5,
-14,73,
-9,84,
34,37,
-12,-38,
-91,-95,
-56,1,
27,29,
-20,-38,
-35,-65,
-12,-47,
28,-25,
65,-17,
13,27,
-2,38,
13,133,
-106,59,
-55,-23,
46,-36,
83,-5,
-7,100,
22,108,
-25,7,
-67,68,
-114,56,
11,-7,
51,45,
55,53,
00>
_________________________________
00>
RX Timestamp: 1019243152889
00>
Clock Offset: -401.688 Hz, 0.050 ppm
00>
RX Timestamp: 1020315897973
00>
Clock Offset: -881.481 Hz, 0.110 ppm
00>
_________________________________
Sequence Number: 150
00>
00>
Printing STS0 CIR
00>
00>
_________________________________
00>
-131,17,
-87,1,
-64,-27,
22,-44,
11,23,
-11,47,
-59,-39,
-5,-93,
12,-47,
13,41,
-86,24,
-24,37,
-52,52,
24,35,
4,-16,
21,85,
15,86,
54,0,
46,-38,
-18,5,
-32,23,
-30,-7,
-27,-51,
-17,-106,
34,-30,
2,4,
-51,27,
-38,-12,
-43,76,
33,49,
45,-19,
31,-30,
25,11,
-6,23,
-46,-19,
20,4,
-68,-47,
-41,-10,
-45,81,
16,91,
104,71,
60,51,
-36,66,
19,-36,
-64,11,
-61,-53,
-104,12,
-17,35,
72,-18,
54,-46,
33,1,
-57,20,
-65,32,
-50,-29,
-15,34,
-14,-51,
30,-73,
23,12,
-73,-59,
-25,-38,
-40,3,
-78,55,
4,-5,
61,-3,
55,28,
-29,24,
-21,-17,
11,1,
-2,-7,
48,70,
-14,49,
24,-20,
5,8,
45,-22,
64,31,
-6,-5,
-38,10,
33,-31,
-13,-46,
4,-37,
-50,9,
-1,-32,
47,85,
2,79,
-42,0,
-18,-2,
-19,-46,
-15,29,
30,6,
-5,39,
-100,-32,
-21,-66,
50,-107,
-16,12,
27,89,
33,31,
32,74,
-10,-2,
-5,-21,
26,-69,
14,0,
46,25,
-12,23,
27,60,
5,104,
7,56,
-39,-31,
9,-42,
-27,-31,
-14,-18,
-12,-46,
-24,-17,
-37,33,
-2,-40,
-33,-63,
-59,-4,
-58,-39,
-70,-15,
32,44,
71,36,
-45,-7,
45,24,
-51,95,
-2,19,
-39,-24,
49,-52,
-49,11,
44,29,
60,79,
88,66,
24,20,
-5,-34,
63,-46,
44,-117,
44,-72,
-53,35,
-34,-13,
-32,-33,
-31,-30,
-70,3,
-12,-17,
-13,10,
-42,2,
32,23,
54,-50,
104,-23,
22,22,
-1,-6,
28,35,
-26,-25,
-35,64,
25,-1,
28,20,
68,30,
-25,102,
-17,61,
21,30,
48,-62,
16,-14,
32,-43,
-1,-17,
-44,54,
-11,52,
1,52,
-12,-53,
8,-76,
34,24,
7,140,
35,35,
66,23,
37,-53,
16,-19,
-18,6,
-11,51,
-35,-2,
-55,16,
-32,18,
-82,9,
-46,70,
-47,60,
-2,-39,
-24,-91,
-64,-45,
-26,-58,
20,-11,
9,0,
26,-44,
-8,45,
-20,-8,
-89,34,
-45,73,
10,45,
28,32,
12,13,
-49,-27,
10,10,
26,19,
-76,63,
5,93,
66,27,
22,-75,
-36,-41,
36,29,
29,40,
34,24,
13,19,
13,-2,
-54,89,
-35,34,
17,-55,
62,-15,
-22,35,
-9,37,
22,-2,
14,6,
-18,35,
66,43,
-24,40,
-27,32,
-44,28,
-32,17,
24,40,
18,-14,
53,11,
98,36,
47,5,
-22,33,
-71,64,
-68,32,
-16,7,
-41,-55,
-28,-55,
-10,1,
20,-10,
-36,-7,
-8,-2,
52,-18,
40,45,
15,48,
76,-11,
45,-11,
-1,-53,
27,-50,
0,34,
36,-23,
48,-19,
67,15,
20,30,
1,76,
10,-27,
11,-70,
45,-46,
17,38,
-16,9,
75,-3,
18,-62,
-22,-22,
41,-26,
51,-12,
93,14,
32,-21,
9,-10,
-71,43,
-26,29,
-39,55,
10,95,
37,-14,
-20,-58,
43,-93,
-7,4,
-77,-47,
-15,5,
-66,6,
-29,11,
-20,5,
38,-45,
86,-16,
8,-28,
-26,30,
-30,-2,
61,-10,
65,59,
37,89,
-8,25,
3,-7,
-58,68,
-10,25,
-22,41,
60,45,
61,-17,
-19,-54,
-34,-45,
13,59,
18,31,
2,-51,
-42,-48,
-30,-82,
29,-49,
29,-54,
105,-44,
49,-64,
53,-37,
2,34,
0,63,
-52,-54,
27,-70,
68,-59,
17,11,
-6,37,
-44,29,
3,57,
-21,44,
3,40,
-18,19,
3,61,
-44,17,
-28,-97,
-16,-35,
-72,6,
-15,14,
-38,7,
-34,49,
33,-32,
-23,-60,
0,-76,
31,-43,
63,-20,
26,89,
54,56,
-25,4,
16,-22,
57,1,
72,-28,
21,-53,
-31,-68,
27,71,
57,79,
71,17,
12,88,
-31,23,
-31,32,
-8,76,
3,17,
23,27,
12,31,
-72,30,
-81,23,
-12,64,
49,40,
36,1,
61,-44,
31,-2,
11,-23,
-1,-29,
12,-21,
-12,-48,
-32,-16,
22,139,
-700,497,
-3348,1928,
-6954,2725,
-7528,1887,
-3278,-296,
2218,-1981,
3139,-1788,
457,-1324,
-1433,-1647,
-1351,-1943,
-603,-1172,
-184,-268,
77,82,
451,-78,
998,-140,
1149,70,
772,138,
386,-204,
103,-577,
85,-873,
42,-1269,
-394,-668,
-481,-105,
-171,118,
213,121,
272,153,
241,241,
74,166,
20,171,
181,177,
205,82,
218,75,
111,89,
-24,233,
-56,264,
-137,325,
-346,366,
-379,262,
-289,125,
-48,152,
100,246,
73,270,
11,169,
-62,59,
-67,97,
-4,79,
113,128,
156,59,
80,-1,
125,-44,
28,-23,
66,21,
-6,-32,
-103,-50,
-76,-299,
68,-242,
38,-162,
-35,-61,
-49,135,
-10,126,
80,190,
22,210,
-93,-102,
-157,-325,
0,-337,
162,-190,
152,53,
158,89,
81,86,
46,120,
5,120,
60,81,
42,18,
46,-166,
137,-321,
296,-336,
374,-279,
307,-187,
118,-158,
-33,-173,
3,-198,
-19,-139,
-61,40,
-45,55,
-105,-32,
6,-23,
74,37,
125,195,
19,102,
-20,92,
38,48,
120,83,
162,48,
157,-21,
78,-152,
92,-8,
29,101,
40,177,
89,131,
110,54,
78,-60,
58,-125,
52,-26,
46,27,
44,12,
48,32,
-44,75,
-39,65,
-71,51,
-9,48,
-24,-38,
12,-79,
7,-148,
185,-109,
137,-32,
113,-36,
177,47,
111,25,
101,-14,
67,-37,
-35,28,
-24,74,
-16,106,
-30,-4,
-12,11,
43,50,
115,-24,
84,34,
-68,17,
-73,14,
31,63,
82,89,
126,78,
15,-16,
-150,-11,
-89,7,
81,14,
112,36,
66,8,
-9,56,
-54,16,
-13,69,
35,31,
39,9,
-7,5,
37,-37,
38,-40,
9,-50,
99,-31,
-9,-62,
50,12,
93,26,
37,-11,
28,85,
00>
_________________________________
00>
00>
Printing STS1 CIR
00>
00>
_________________________________
00>
48,43,
-36,-7,
-30,-17,
5,-3,
45,24,
78,-26,
19,-25,
24,26,
31,26,
14,51,
-9,55,
4,63,
-36,78,
-35,76,
-25,33,
-36,50,
-60,41,
-75,34,
-26,54,
36,81,
10,4,
-17,-63,
23,59,
48,104,
58,73,
27,-13,
14,20,
24,62,
-9,43,
-40,63,
-3,1,
13,4,
-49,-22,
17,6,
47,-46,
31,19,
33,47,
-49,55,
-7,60,
-16,-41,
43,-68,
1,-30,
59,29,
66,-5,
52,69,
-16,94,
-3,134,
-11,58,
24,39,
82,6,
46,13,
-10,-13,
35,15,
64,-30,
-37,-41,
32,-46,
12,1,
6,-40,
-26,-48,
41,-51,
-27,-28,
1,80,
-34,-2,
-28,-10,
-14,17,
-33,3,
-73,68,
-9,34,
9,46,
-3,55,
1,77,
18,104,
28,30,
44,11,
39,53,
26,1,
64,-13,
61,-50,
53,7,
29,-15,
2,22,
19,23,
50,38,
8,3,
70,56,
37,34,
-3,43,
8,72,
45,72,
-12,61,
-44,27,
-46,47,
-9,34,
46,18,
44,77,
22,58,
19,54,
-14,92,
27,20,
21,24,
11,22,
19,67,
17,53,
-66,12,
-15,7,
25,4,
-12,-10,
52,64,
92,106,
0,59,
-29,7,
12,34,
36,33,
89,-15,
15,-42,
-40,-73,
-23,-41,
-61,-6,
-41,-1,
112,23,
54,60,
-22,11,
-87,30,
-10,38,
-27,-5,
-5,45,
-26,115,
53,-4,
39,45,
15,26,
54,18,
33,33,
-5,110,
18,42,
41,44,
4,40,
-18,1,
-56,-14,
52,-70,
66,53,
-8,65,
-3,45,
-18,-36,
42,-17,
8,66,
-24,56,
10,20,
47,-30,
12,-31,
-13,-25,
-31,-41,
-23,48,
63,65,
51,77,
19,-26,
-14,-47,
-1,-34,
14,32,
17,-4,
29,17,
40,16,
19,-27,
-5,-61,
44,40,
36,-2,
47,20,
63,-18,
55,-23,
29,49,
24,-13,
-105,6,
-60,8,
-22,11,
-8,23,
-26,39,
-99,71,
-15,92,
9,39,
66,10,
-3,85,
-13,71,
12,39,
-35,13,
61,-30,
77,-24,
-12,9,
1,43,
-79,33,
-64,-15,
24,10,
13,18,
-19,47,
-13,52,
2,55,
-29,15,
27,65,
29,35,
28,56,
32,3,
32,-22,
-7,10,
-51,32,
-43,56,
3,28,
-23,1,
18,33,
-14,-91,
-31,-5,
19,29,
-5,38,
14,-16,
42,-66,
9,15,
4,-3,
23,-39,
98,-6,
4,-36,
-9,-25,
69,42,
57,64,
15,43,
-39,-37,
-42,-1,
37,29,
-21,23,
-54,-8,
6,-13,
30,18,
29,-5,
76,-41,
77,27,
40,-28,
39,1,
48,27,
26,56,
65,19,
-44,77,
-40,1,
-30,21,
18,27,
-22,-18,
32,26,
-8,22,
24,65,
30,92,
41,17,
42,59,
15,-7,
18,54,
-6,95,
-15,25,
-45,-35,
9,-76,
-1,-12,
-25,106,
18,116,
40,90,
115,64,
32,-11,
65,52,
8,45,
-31,-26,
-26,36,
-15,-10,
45,65,
50,129,
-63,25,
-49,19,
-8,48,
2,-12,
16,64,
-87,55,
-7,-13,
17,7,
-1,58,
-16,63,
-12,27,
-6,21,
-55,66,
22,37,
13,52,
38,115,
63,135,
-13,34,
20,-41,
56,-1,
116,63,
116,-23,
23,33,
10,66,
32,73,
8,13,
-14,36,
-92,47,
-15,10,
26,26,
83,-8,
-48,36,
-39,-6,
-1,101,
12,100,
46,72,
-22,-46,
92,-47,
90,-38,
-24,-23,
16,43,
20,51,
-34,34,
40,-33,
61,9,
-6,80,
-2,51,
60,-4,
-9,-33,
8,-43,
-7,47,
-27,-82,
-51,-24,
98,51,
99,57,
1,18,
-28,-5,
17,-31,
34,85,
28,50,
28,18,
17,28,
27,-12,
29,-15,
126,13,
55,51,
-49,77,
41,46,
69,-21,
54,3,
10,46,
83,35,
77,6,
-60,-21,
24,-26,
58,-20,
67,60,
94,112,
14,116,
-3,62,
40,-5,
38,-8,
26,-2,
68,1,
43,11,
-24,55,
-12,72,
24,12,
-9,46,
18,4,
41,-21,
7,109,
-505,715,
-2947,2268,
-6661,3247,
-7384,1963,
-3492,-805,
1677,-1639,
1975,122,
-1265,1944,
-3598,2370,
-2751,2000,
-898,1278,
20,564,
210,232,
-66,257,
-429,324,
-625,357,
-356,164,
63,-171,
301,-411,
380,-820,
540,-883,
114,-535,
-45,-138,
29,-105,
308,-170,
435,-150,
320,-168,
137,-114,
146,-148,
246,-335,
351,-332,
276,-113,
103,98,
-121,-30,
-6,-143,
110,-84,
208,190,
6,174,
-143,-50,
26,-227,
231,-172,
176,75,
-33,285,
-46,89,
-180,-130,
-114,-158,
-79,-16,
-1,150,
9,141,
108,50,
133,45,
146,23,
101,103,
9,-51,
-29,-150,
61,-168,
157,-89,
80,57,
80,55,
148,1,
236,69,
276,26,
98,-18,
145,-74,
158,-75,
233,33,
177,58,
145,-5,
33,17,
-61,48,
-97,30,
9,-14,
88,31,
70,52,
174,-120,
345,-218,
434,-250,
316,-286,
327,-277,
328,-172,
331,-20,
273,-69,
120,11,
101,17,
127,53,
115,55,
82,-35,
-7,-86,
35,-92,
87,-33,
55,77,
41,57,
50,93,
50,96,
45,174,
32,117,
20,40,
98,27,
115,29,
-26,-31,
-17,-71,
88,-88,
87,-35,
69,-56,
-41,7,
9,30,
88,-18,
148,-70,
40,-85,
23,-72,
44,-133,
87,-133,
122,-103,
87,-34,
154,-29,
132,-101,
238,-139,
142,-83,
104,-1,
51,49,
111,7,
149,-60,
42,11,
6,23,
82,72,
40,53,
1,10,
74,32,
128,-53,
106,0,
-5,-26,
19,-6,
-2,-8,
55,43,
125,96,
104,155,
132,60,
91,17,
62,-22,
44,-38,
39,5,
3,89,
19,70,
23,-22,
94,9,
65,32,
27,-16,
22,-41,
54,-48,
60,61,
76,72,
54,57,
-31,-12,
-55,100,
00>
_________________________________
00>
_________________________________
Sequence Number: 153
00>
00>
Printing STS0 CIR
00>
00>
_________________________________
00>
-21,-11,
-5,-4,
-25,43,
24,92,
84,-3,
20,38,
-75,13,
27,70,
39,16,
67,0,
2,-29,
-37,-44,
-6,-11,
51,2,
-22,12,
-21,21,
-13,-27,
-54,-51,
14,-29,
-5,63,
-4,14,
-21,35,
1,4,
58,-55,
-27,-7,
21,21,
19,-35,
-28,23,
-44,39,
45,40,
0,44,
-21,47,
72,20,
-46,21,
-12,1,
14,34,
6,1,
67,-22,
102,38,
13,-45,
-64,9,
48,-6,
-18,17,
-42,54,
-45,36,
-18,51,
-17,-11,
11,-85,
53,-36,
50,25,
45,-11,
11,28,
13,29,
24,24,
48,17,
8,-34,
-3,-70,
1,4,
13,40,
33,-43,
81,30,
39,-72,
9,-48,
18,-4,
58,22,
-41,83,
-59,46,
-34,55,
-58,44,
22,29,
-6,19,
52,-9,
6,12,
50,65,
30,76,
49,30,
50,-26,
58,28,
-42,109,
-36,34,
-28,-9,
25,29,
27,27,
-10,41,
5,24,
13,-25,
78,17,
106,-22,
97,14,
28,76,
68,70,
-44,-60,
-39,-67,
-51,17,
6,9,
3,-7,
-52,-46,
21,-19,
2,-34,
32,52,
-7,-30,
-38,-53,
-2,-32,
70,-2,
14,74,
42,36,
27,62,
-33,-24,
52,-47,
46,-43,
52,27,
77,-62,
8,-44,
22,59,
82,35,
61,30,
-72,-17,
-49,29,
21,108,
-24,36,
7,-1,
35,69,
-33,35,
65,75,
13,-1,
-53,22,
-85,72,
-37,22,
73,-14,
62,18,
7,54,
6,-1,
33,-18,
16,-16,
-46,-20,
-67,5,
-23,10,
57,13,
33,30,
37,10,
26,-37,
-35,2,
6,-7,
101,50,
41,15,
59,-61,
72,-70,
-37,-73,
5,-55,
5,22,
26,38,
10,90,
-4,98,
17,20,
72,-40,
-6,-44,
-12,16,
-15,76,
23,11,
67,46,
-13,-58,
0,-94,
-44,-32,
25,81,
112,66,
28,27,
-33,43,
15,68,
-11,-2,
-20,-34,
37,-10,
68,0,
26,7,
9,-22,
5,19,
37,-27,
87,2,
67,38,
72,30,
-7,-50,
39,3,
16,22,
-36,29,
-72,-23,
-80,-85,
-36,-27,
33,-47,
17,-29,
-31,-64,
26,-73,
70,-28,
14,-25,
19,-10,
27,-24,
-30,7,
17,-46,
-3,-53,
15,-59,
-59,5,
-12,23,
-16,24,
-48,-20,
-55,55,
60,75,
56,3,
-15,56,
-14,41,
-49,22,
-6,46,
12,49,
21,55,
51,51,
46,97,
26,78,
3,94,
12,20,
25,13,
85,-46,
48,50,
-7,37,
-6,72,
-2,79,
-67,-1,
3,7,
-36,-34,
3,17,
110,-15,
72,-90,
7,-105,
-70,-27,
19,-6,
15,-55,
58,-116,
62,-26,
23,-9,
2,-61,
-2,-42,
9,20,
92,-14,
81,-11,
88,77,
28,64,
57,34,
17,-34,
-76,24,
-44,18,
-2,20,
26,39,
50,-23,
-14,-21,
60,-48,
65,-89,
-4,4,
-19,1,
49,-17,
-8,-20,
58,38,
9,59,
-25,76,
-9,34,
-22,-37,
-40,-91,
-74,-22,
10,-24,
-2,-36,
15,-56,
26,2,
-12,15,
23,32,
5,-22,
1,27,
26,100,
44,29,
57,-43,
-3,-22,
10,8,
39,5,
-45,-34,
-18,13,
29,1,
77,14,
74,7,
42,-46,
24,-60,
2,24,
29,-51,
-2,-47,
-82,-27,
-33,-23,
15,31,
-17,-16,
-25,-70,
106,-30,
76,45,
38,-61,
-24,-12,
39,-12,
3,-76,
18,-72,
22,-35,
-12,-35,
-53,-28,
-18,-34,
37,-21,
44,7,
2,61,
-6,13,
30,-20,
13,-37,
-30,-16,
33,85,
-65,65,
-39,56,
15,-36,
86,-75,
48,-32,
-48,-8,
-48,-36,
3,57,
67,61,
57,-66,
60,32,
-28,83,
-68,95,
48,-72,
109,-29,
16,-71,
52,-11,
104,98,
29,117,
-47,38,
-51,4,
42,-56,
72,-23,
-6,6,
79,15,
-37,19,
-1,-39,
-40,-11,
47,-28,
-27,-55,
20,-34,
52,-43,
136,-9,
60,46,
18,-5,
9,-27,
23,-14,
55,-5,
51,-5,
11,34,
-45,-46,
-450,-182,
-1685,-1030,
-3158,-2774,
-2642,-3722,
-58,-2279,
1512,109,
601,1396,
-1449,1327,
-2324,1226,
-1738,1325,
-690,899,
-36,148,
148,-216,
-64,-41,
-365,100,
-509,83,
-206,-62,
98,-212,
335,-333,
477,-529,
302,-450,
-14,-221,
-39,25,
218,27,
405,-52,
377,-25,
50,68,
-4,120,
-60,133,
-43,45,
-78,27,
-145,-46,
-147,-111,
7,-82,
152,46,
163,68,
125,-4,
61,-28,
83,15,
121,16,
78,-7,
119,55,
51,15,
12,100,
-64,-82,
-59,-137,
20,-85,
19,-28,
29,35,
93,29,
177,100,
166,207,
182,92,
75,-57,
-57,-125,
-42,-92,
12,-60,
74,-9,
58,58,
14,30,
-34,-4,
-29,19,
47,41,
146,62,
95,96,
87,112,
122,91,
173,95,
103,8,
64,-20,
164,-71,
208,-88,
304,-109,
188,-131,
121,-147,
132,-176,
228,-121,
165,10,
0,77,
33,-18,
11,-105,
-20,-70,
-54,-47,
-116,19,
-30,37,
-5,27,
1,29,
29,47,
26,-12,
70,62,
81,73,
111,73,
103,4,
29,-8,
-27,62,
-55,64,
68,93,
132,136,
75,18,
85,-7,
53,45,
108,17,
129,-18,
12,35,
43,96,
88,39,
53,34,
28,95,
34,66,
58,124,
7,82,
-16,65,
59,-11,
84,-40,
36,24,
-6,114,
29,40,
15,66,
43,53,
57,36,
73,4,
55,22,
66,-18,
88,-46,
152,6,
56,1,
-5,6,
31,-15,
98,39,
93,48,
26,24,
17,52,
-18,87,
-42,11,
-50,-3,
50,47,
108,121,
105,12,
67,20,
74,-22,
57,33,
43,49,
51,67,
88,34,
50,34,
15,93,
58,93,
-67,29,
25,-20,
34,-62,
85,-51,
105,24,
67,-5,
43,12,
1,-12,
35,-33,
61,-28,
48,-9,
28,-13,
-51,36,
00>
_________________________________
00>
00>
Printing STS1 CIR
00>
00>
_________________________________
00>
28,9,
-28,0,
-27,29,
6,28,
61,-10,
-51,52,
-14,-12,
23,-9,
60,-16,
-2,-1,
-29,33,
36,55,
100,-20,
87,78,
49,5,
38,102,
53,-7,
63,-24,
72,18,
39,86,
26,126,
35,76,
-30,42,
-42,62,
-70,-19,
12,-31,
79,0,
126,6,
128,-4,
0,-56,
36,-27,
-28,21,
58,10,
65,42,
96,64,
118,-1,
-14,26,
26,35,
72,53,
68,85,
24,31,
-43,-37,
30,-50,
45,-40,
43,25,
17,21,
6,14,
29,-76,
32,-21,
106,-91,
-16,-81,
32,7,
73,50,
47,35,
-45,53,
-29,90,
56,22,
75,-16,
47,16,
7,49,
-8,103,
-30,28,
-3,32,
-10,104,
-12,-7,
37,-10,
125,-52,
5,6,
-27,52,
-47,-7,
13,-30,
37,29,
9,122,
10,60,
10,-15,
-42,-21,
-42,-3,
-71,59,
38,76,
29,20,
43,-54,
77,36,
0,77,
-3,63,
-27,44,
-8,-30,
55,-26,
144,-3,
199,2,
94,105,
47,-19,
48,-24,
15,-44,
-44,-56,
-14,21,
1,-7,
4,-10,
79,39,
-1,36,
63,114,
-100,114,
-34,49,
3,-27,
60,-46,
44,-30,
61,13,
-48,-1,
4,0,
20,9,
15,0,
41,-51,
4,-5,
51,-3,
-3,18,
74,-10,
55,27,
-16,-86,
-7,6,
63,-36,
29,-17,
-8,-11,
-57,-8,
28,-22,
107,-44,
22,-65,
-6,-117,
24,1,
107,58,
15,62,
18,63,
13,8,
-38,-52,
33,-64,
57,-76,
25,-52,
52,-61,
1,5,
25,58,
9,36,
-1,-16,
-29,-32,
-50,54,
-50,27,
80,-48,
80,20,
-11,45,
-59,38,
-94,55,
14,71,
54,4,
28,57,
34,-53,
27,29,
-15,-12,
-51,11,
72,54,
103,8,
100,4,
70,64,
79,45,
53,28,
-12,8,
-87,-26,
-39,-46,
42,57,
76,102,
-24,68,
-73,20,
-23,33,
76,60,
140,92,
28,-8,
8,-35,
4,10,
27,13,
-40,-22,
-6,-5,
73,-18,
52,-44,
-45,11,
23,8,
30,3,
22,-64,
45,-9,
5,12,
76,-32,
25,-36,
20,112,
89,110,
39,66,
82,-2,
49,77,
-1,146,
-6,55,
7,2,
80,-7,
60,5,
46,33,
42,93,
16,84,
7,-16,
43,-11,
28,64,
-30,5,
53,-25,
-22,4,
26,-6,
40,94,
44,2,
62,28,
17,17,
-41,57,
-31,13,
-23,12,
2,0,
29,-37,
67,-21,
33,53,
18,68,
-34,44,
-53,28,
14,-35,
29,-43,
0,57,
6,-43,
95,25,
42,61,
-33,-3,
-40,43,
5,23,
90,-40,
66,-23,
50,-20,
7,-10,
-5,47,
-17,-15,
-26,-48,
1,-6,
8,-54,
40,12,
45,-53,
33,-15,
30,-2,
39,-27,
-12,-9,
-39,29,
15,50,
36,49,
73,43,
-38,64,
-56,132,
17,44,
80,45,
41,58,
-27,22,
-40,-1,
41,-53,
3,-35,
8,-26,
-30,7,
-42,58,
75,17,
41,38,
70,4,
27,-22,
-2,22,
-22,82,
14,50,
8,16,
-6,-66,
-56,-33,
-26,-23,
-34,60,
-26,69,
-21,69,
-3,129,
-9,-99,
10,-29,
-26,119,
14,113,
33,88,
15,-38,
-37,-17,
-59,-40,
-47,-21,
12,32,
18,0,
-7,-43,
67,-27,
3,22,
-14,52,
-52,4,
-9,-29,
18,52,
27,19,
115,28,
60,47,
48,103,
4,104,
-17,-9,
-12,-22,
-16,-107,
5,-111,
-23,-65,
61,34,
79,22,
19,70,
-19,4,
-35,-4,
79,-11,
63,50,
28,112,
-47,84,
-36,18,
8,32,
13,-25,
-30,-8,
19,2,
5,81,
4,50,
23,-17,
0,29,
-4,54,
28,22,
-8,6,
-12,4,
28,-22,
20,-9,
34,39,
84,83,
62,92,
29,56,
62,5,
41,72,
136,41,
50,48,
85,66,
-13,10,
29,-83,
40,-62,
-7,-28,
-44,-13,
-57,83,
32,52,
24,-21,
32,74,
-31,77,
-44,24,
36,63,
-34,11,
30,94,
43,46,
-389,23,
-1985,-295,
-4221,-1424,
-4221,-2645,
-1216,-2384,
1812,-600,
2547,1088,
1906,1951,
2068,2098,
2580,1674,
1917,968,
530,177,
-235,-130,
8,-65,
516,107,
622,135,
366,61,
8,-35,
-49,-294,
148,-446,
158,-391,
-7,-56,
-90,194,
90,109,
133,-27,
238,-112,
218,-53,
-48,104,
-173,216,
-277,231,
-268,146,
-128,22,
-93,-122,
-177,-28,
-189,21,
-51,-55,
-90,-33,
-121,87,
-95,211,
-135,267,
-140,221,
-208,149,
-189,70,
-91,-32,
37,42,
19,99,
-58,50,
-12,-35,
60,-38,
90,-29,
177,-13,
178,44,
197,112,
188,69,
82,-77,
27,-132,
-11,-97,
-45,2,
-95,50,
-64,37,
-76,4,
-11,-2,
-9,15,
32,74,
27,82,
20,94,
65,130,
-31,4,
-158,-29,
-140,-11,
-90,10,
32,38,
98,-113,
95,-127,
104,-134,
155,-186,
217,-144,
121,-46,
20,5,
9,-44,
73,-129,
60,-99,
0,50,
-36,-1,
21,14,
33,-18,
103,-18,
122,-95,
156,-139,
90,-65,
99,72,
30,65,
0,5,
-41,-81,
46,-47,
71,50,
110,30,
50,12,
-36,-33,
74,-20,
97,-25,
5,113,
23,-2,
24,-77,
11,35,
-4,42,
46,13,
-23,-15,
-29,-9,
-74,-23,
-41,17,
17,-13,
-53,16,
55,23,
114,20,
57,64,
0,8,
-29,33,
31,21,
109,32,
47,30,
35,-6,
39,-35,
20,4,
0,-10,
-11,9,
20,71,
23,103,
19,-42,
-40,-18,
10,117,
-41,133,
30,45,
-10,-75,
10,-52,
22,17,
7,49,
-40,-22,
-28,-29,
-30,-36,
-24,56,
-64,36,
-86,75,
40,103,
82,38,
33,89,
-60,-5,
-74,26,
33,29,
-59,0,
2,72,
5,8,
41,-38,
-15,-23,
3,-5,
74,65,
72,44,
39,15,
-7,-46,
29,19,
00>
_________________________________
00>
RX Timestamp: 59824770514
00>
Clock Offset: -725.269 Hz, 0.091 ppm
00>
RX Timestamp: 60897189462
00>
Clock Offset: -2596.092 Hz, 0.325 ppm
00>
_________________________________
Sequence Number: 30
00>
00>
Printing STS0 CIR
00>
00>
_________________________________
00>
14,26,
-1,-55,
24,-39,
67,-20,
24,-20,
25,-76,
20,-8,
31,22,
-27,32,
-20,106,
-80,23,
-51,9,
23,-45,
-29,-110,
-39,-32,
23,31,
-51,22,
-62,4,
-43,40,
16,-18,
-10,-18,
35,28,
-37,10,
-19,4,
-16,-15,
-3,-25,
19,-32,
52,-59,
53,18,
-22,5,
-48,7,
25,8,
75,12,
54,-13,
29,-9,
10,-8,
32,64,
5,59,
62,-16,
9,-48,
34,-31,
34,-59,
10,-17,
-15,-10,
-10,-30,
-4,55,
13,29,
10,-28,
65,15,
53,15,
20,-31,
-17,12,
3,24,
21,-59,
-2,-70,
31,17,
26,20,
84,-53,
52,3,
52,21,
42,28,
13,63,
21,50,
50,33,
36,2,
0,-45,
-34,-2,
-12,-6,
1,34,
40,15,
69,-6,
-12,-23,
11,9,
53,13,
59,-22,
43,33,
-22,-2,
-18,4,
-28,50,
8,-59,
1,-74,
81,39,
17,42,
38,17,
63,12,
91,4,
-8,16,
-45,30,
0,59,
32,-9,
70,60,
51,48,
106,39,
100,-17,
52,-66,
46,-31,
4,-34,
64,-22,
31,-65,
40,35,
36,-48,
-3,-61,
11,4,
-16,48,
-11,-16,
76,-55,
63,-79,
-48,18,
32,48,
-30,54,
9,30,
49,27,
88,-69,
32,-85,
6,-81,
6,-29,
-8,-23,
-19,26,
-4,16,
23,10,
75,19,
112,-51,
26,-30,
-10,-87,
-6,-80,
33,-76,
29,-13,
9,-12,
72,-1,
-19,-90,
13,-101,
54,-52,
68,7,
31,25,
40,50,
11,69,
18,-13,
31,1,
104,-63,
54,-54,
-13,-77,
1,-46,
95,-3,
81,-36,
63,-1,
23,-49,
-21,9,
-42,13,
48,0,
53,6,
24,7,
83,34,
46,-58,
94,-83,
-29,6,
-26,-6,
-77,14,
24,39,
40,36,
63,72,
56,53,
93,34,
13,-9,
12,-86,
31,-40,
-8,27,
-4,-15,
5,-51,
10,26,
32,54,
-19,34,
34,-7,
30,-73,
34,-12,
-42,-9,
4,-25,
10,-3,
42,0,
94,-22,
42,11,
8,35,
21,37,
34,3,
44,-7,
-19,-14,
63,10,
43,4,
-2,11,
-21,89,
-25,47,
1,-86,
62,-84,
-10,19,
-19,55,
-43,19,
26,-32,
85,-12,
73,-10,
-9,-41,
2,-6,
-55,32,
-8,18,
89,-39,
33,-29,
-38,-31,
-13,34,
4,53,
-9,25,
-43,19,
17,18,
-14,11,
1,4,
39,67,
-15,-12,
-38,3,
-6,-41,
-18,-35,
-16,11,
-37,28,
3,-25,
-16,-91,
18,-16,
27,-14,
57,-5,
-15,-54,
9,2,
76,-18,
1,80,
-3,-28,
-19,-55,
4,-56,
-18,-6,
58,13,
41,-57,
-43,1,
2,-3,
0,24,
37,-10,
33,-37,
77,-47,
47,-21,
49,-18,
52,56,
54,0,
89,2,
1,-9,
-21,34,
57,13,
35,4,
85,70,
16,41,
-17,41,
14,5,
61,40,
53,-27,
11,56,
17,44,
-78,49,
17,-33,
61,-43,
24,-16,
19,-38,
73,21,
33,-36,
58,-82,
78,4,
33,29,
55,83,
34,-17,
86,3,
141,-82,
82,-62,
26,-37,
-22,-24,
22,-61,
41,-71,
-13,-18,
-46,60,
-10,43,
2,-51,
-2,12,
-11,23,
99,-13,
122,-54,
-2,-33,
-9,-43,
-24,-25,
22,-20,
38,34,
-10,55,
-47,65,
-34,56,
77,36,
129,52,
-3,33,
-59,-21,
-18,22,
66,46,
33,20,
-58,-17,
-38,15,
-3,64,
58,42,
-6,62,
-11,-26,
83,-14,
16,-19,
-24,28,
-16,-36,
27,-15,
-14,13,
0,57,
-29,-37,
-24,-9,
0,27,
13,5,
-32,-35,
-13,14,
-8,30,
-59,27,
47,-24,
17,44,
31,-24,
-44,-36,
-39,22,
-6,47,
-24,43,
-26,51,
-3,-1,
-50,7,
-20,-55,
-27,21,
39,124,
-24,114,
17,21,
51,-13,
5,33,
-9,-7,
-47,-16,
-13,-21,
23,-4,
-85,-11,
-28,38,
11,77,
20,32,
-13,45,
24,-3,
-11,-12,
10,-20,
25,10,
-26,19,
-21,54,
86,17,
46,35,
39,94,
-1,15,
81,49,
236,48,
1370,643,
4470,2962,
5950,4784,
4197,4822,
-651,1138,
-3198,-1705,
-2109,-1069,
-991,972,
-958,2129,
-932,1762,
-358,870,
95,185,
18,-169,
-383,-485,
-596,-844,
-345,-908,
-232,-515,
-487,-11,
-700,434,
-1093,531,
-688,665,
-2,663,
226,197,
96,-50,
-67,-246,
-34,-332,
80,-277,
82,-171,
91,-171,
44,-159,
25,-200,
20,-190,
47,-136,
202,-74,
284,-83,
461,-15,
395,-8,
323,96,
159,85,
153,-45,
245,-103,
256,-76,
124,-53,
47,-57,
-24,-148,
62,-216,
108,-177,
97,-114,
79,-3,
-4,9,
-80,51,
-79,-38,
-25,91,
-7,60,
-167,186,
-286,149,
-203,2,
39,-59,
127,-53,
169,-58,
191,-103,
76,-23,
-78,118,
-129,121,
-250,52,
-200,-130,
42,-137,
-13,-228,
7,-118,
31,-124,
0,-56,
-9,-70,
-103,-15,
-266,31,
-367,51,
-371,-94,
-362,-184,
-208,-124,
-163,-16,
-147,92,
-116,108,
-43,155,
20,20,
30,-72,
-93,-31,
-124,-21,
-29,-65,
22,-53,
23,-51,
15,-68,
62,-116,
-15,-96,
14,-57,
-78,-46,
-72,-57,
-51,-105,
-4,-96,
28,-114,
30,-13,
-6,-44,
-127,-25,
-77,-11,
-26,-21,
4,-27,
-4,-92,
47,-20,
18,19,
68,39,
74,39,
4,16,
14,31,
-43,58,
-16,44,
-106,-45,
-51,-49,
-100,-84,
-62,-82,
14,-106,
-38,-41,
6,-16,
38,-56,
-9,6,
-20,52,
23,-17,
19,-71,
-45,-5,
-11,18,
-47,22,
-44,-76,
11,-49,
73,-89,
94,-80,
48,-23,
22,37,
31,53,
81,28,
48,16,
26,-45,
-7,-57,
5,-86,
35,-64,
20,-12,
-32,-21,
-45,24,
-23,0,
31,12,
-35,22,
-138,12,
-117,9,
-60,-15,
27,-35,
-25,2,
0,-32,
49,-101,
00>
_________________________________
00>
00>
Printing STS1 CIR
00>
00>
_________________________________
00>
-39,10,
-33,-67,
42,-52,
23,-65,
12,5,
-1,-1,
36,-12,
98,-21,
69,-31,
10,-26,
-20,33,
13,63,
-25,74,
-37,-72,
-34,-96,
27,-55,
4,-52,
-7,-18,
-7,16,
20,18,
-9,0,
64,13,
59,-21,
-5,-40,
37,8,
-3,21,
-49,-23,
-52,32,
17,33,
55,60,
104,42,
-36,-39,
-2,-46,
-5,-18,
-23,-17,
-34,22,
-22,53,
19,63,
54,13,
-12,27,
-6,41,
53,43,
32,12,
-1,55,
-9,34,
-38,38,
70,8,
38,32,
23,42,
-66,34,
-63,-20,
-2,1,
10,35,
24,50,
50,19,
-13,-69,
-29,-7,
6,48,
-42,6,
-8,-74,
-75,4,
-74,-42,
-20,-10,
-19,42,
17,32,
15,-4,
33,-21,
47,39,
-11,-26,
23,34,
-7,16,
94,-18,
46,-71,
54,-49,
41,-32,
29,-25,
-25,-54,
4,-43,
52,-15,
-41,28,
49,-9,
-15,27,
54,7,
43,-9,
-17,38,
-78,-10,
-21,37,
100,-3,
15,28,
-7,114,
-17,70,
45,41,
4,6,
6,19,
6,15,
-11,33,
-12,-25,
6,19,
-44,8,
-59,29,
-17,65,
2,-17,
-18,-13,
-55,-39,
15,37,
6,43,
25,7,
58,36,
37,-24,
28,16,
-11,11,
-25,14,
-1,-12,
24,9,
51,44,
43,50,
33,4,
3,-32,
57,-39,
104,72,
21,32,
-37,48,
-51,-4,
-1,-18,
-10,53,
-57,26,
-45,79,
-8,84,
11,8,
-9,-45,
13,-78,
29,-35,
-16,13,
56,23,
-1,58,
12,76,
9,47,
-18,44,
11,-4,
-20,-41,
36,-45,
34,-15,
-20,111,
10,29,
54,-43,
62,2,
41,-30,
-37,20,
-24,-38,
23,1,
-3,-3,
-21,-50,
33,-54,
28,-14,
-32,69,
10,53,
-2,27,
-8,-37,
-32,-30,
36,-4,
21,-10,
4,-57,
-11,10,
-4,2,
14,-27,
-29,-25,
-26,-19,
10,-16,
67,-44,
58,9,
29,-20,
61,42,
60,10,
-22,42,
-22,57,
-36,-2,
43,21,
1,-19,
-38,-25,
-19,0,
-29,-17,
-3,17,
-34,14,
67,10,
30,-4,
-17,-45,
-97,11,
-4,19,
41,-6,
-44,-11,
1,-2,
-35,40,
-35,23,
-30,-45,
-69,21,
-21,93,
67,26,
58,6,
6,-9,
32,-22,
-9,25,
-3,36,
-16,-13,
-30,-65,
15,0,
-72,6,
-68,-32,
-46,-24,
-4,-2,
38,27,
2,29,
-41,-1,
-34,-12,
49,-26,
-1,9,
32,22,
-16,79,
-8,59,
5,-36,
67,71,
35,78,
31,17,
20,-23,
15,39,
-36,-48,
15,-17,
-38,-29,
27,79,
-3,21,
20,7,
-37,3,
-39,-14,
44,-8,
28,22,
24,19,
-14,19,
24,36,
-106,-8,
-72,-63,
-55,45,
-6,57,
70,-17,
78,-39,
9,-2,
7,72,
-17,-32,
21,-50,
44,-7,
43,42,
22,136,
-20,14,
28,12,
11,10,
-31,-71,
21,-14,
-34,87,
-36,36,
17,51,
-5,60,
-12,0,
-41,-29,
-12,-62,
-12,5,
46,36,
-34,20,
-35,54,
34,65,
-33,33,
8,77,
-29,-13,
2,51,
62,53,
61,41,
41,-23,
22,27,
21,32,
-54,24,
-25,69,
9,49,
50,-30,
13,-96,
-57,-97,
24,-101,
3,-48,
-29,3,
-22,5,
-16,-3,
38,-76,
62,-93,
2,-39,
-77,54,
34,52,
10,-40,
-20,-23,
-37,22,
27,99,
0,32,
-46,18,
-46,-4,
4,-2,
17,30,
33,15,
37,13,
-3,-66,
0,-13,
-15,-19,
18,-21,
12,-36,
-4,-82,
-61,-3,
-54,62,
13,45,
16,-81,
11,-77,
1,114,
-20,101,
-40,-14,
16,8,
15,16,
-46,34,
-27,-31,
73,-60,
33,-15,
22,-2,
-22,30,
-19,18,
11,-27,
-31,38,
-24,-14,
-21,5,
-89,44,
-58,29,
31,-39,
83,-65,
66,15,
20,8,
12,8,
20,-11,
22,-66,
14,-25,
13,-38,
-29,7,
-8,25,
-25,93,
-14,114,
8,43,
35,20,
19,-19,
-53,25,
17,64,
112,125,
30,14,
-69,-30,
-89,39,
37,55,
53,40,
67,-5,
216,-89,
1415,133,
4973,1602,
6596,3761,
4728,4404,
-420,1587,
-2226,-1263,
220,-1221,
3098,498,
3750,1182,
2373,446,
973,-337,
206,-313,
161,-80,
370,39,
599,249,
495,245,
143,218,
-400,108,
-521,239,
-1057,334,
-731,268,
-342,172,
-93,30,
-292,-64,
-537,-125,
-389,-37,
-193,-10,
-138,43,
-201,42,
-397,-14,
-388,-111,
-125,-147,
17,-14,
25,133,
-81,16,
-93,-186,
59,-244,
62,-30,
-60,138,
-306,93,
-258,-85,
-22,-186,
184,-69,
49,142,
-68,301,
-27,264,
148,24,
114,-117,
19,-130,
-38,-124,
-25,-70,
17,-102,
-13,-70,
-50,26,
-54,155,
-161,112,
-103,3,
56,-101,
28,-46,
-24,-100,
-66,-169,
-144,-98,
-115,-88,
-226,-100,
-224,-217,
-127,-227,
32,-260,
-15,-99,
16,28,
-37,86,
-69,95,
-45,-29,
62,-101,
-9,-128,
-242,-118,
-390,-94,
-481,-30,
-436,-26,
-372,-104,
-235,-172,
-159,-134,
-162,-60,
4,-4,
-51,60,
-36,-56,
-53,-77,
-70,38,
-70,72,
-146,102,
-137,53,
28,-15,
12,-126,
38,-94,
69,-85,
50,15,
-27,28,
-100,0,
-71,-73,
-40,-50,
-38,-53,
-77,85,
-77,73,
-101,-4,
-33,-42,
-5,-61,
-51,-38,
-40,-34,
-109,-20,
-47,-7,
-22,18,
-59,29,
-2,-15,
27,-37,
-42,33,
-31,38,
-86,12,
-88,-100,
-37,-97,
-7,-50,
-29,-22,
-58,-3,
-63,-21,
-27,-40,
51,-23,
24,51,
11,5,
-38,13,
-40,13,
-91,-3,
-58,-29,
-31,8,
-49,11,
23,-32,
18,9,
-38,47,
-90,6,
-39,14,
-75,-15,
-58,18,
-25,5,
-63,-27,
-19,-21,
12,-18,
-76,-2,
-100,-56,
-27,-54,
-9,-17,
-12,67,
-18,18,
-27,-13,
-50,33,
-106,0,
-69,-22,
-43,-71,
00>
_________________________________
00>
_________________________________
Sequence Number: 33
00>
00>
Printing STS0 CIR
00>
00>
_________________________________
00>
43,50,
12,-4,
80,-20,
-3,11,
-97,-11,
-39,28,
46,-8,
28,-2,
-57,19,
-30,19,
16,47,
-21,88,
-5,66,
-80,96,
-51,123,
47,109,
54,62,
45,38,
-1,20,
8,4,
22,-54,
75,10,
-7,69,
-14,96,
1,68,
26,-9,
-41,-60,
11,-62,
34,24,
46,91,
22,98,
32,-9,
-30,12,
73,1,
4,28,
-46,-22,
-27,34,
5,64,
28,30,
64,-23,
93,10,
115,20,
3,2,
-23,6,
23,27,
30,57,
65,19,
17,-72,
26,35,
-1,50,
43,-9,
15,-32,
-34,-2,
-35,-20,
56,-63,
18,-26,
34,-8,
5,61,
67,-58,
25,78,
53,105,
5,4,
4,-24,
-62,37,
34,73,
29,86,
19,70,
-29,22,
-2,35,
25,102,
51,128,
44,68,
-1,49,
-38,89,
-3,81,
42,-19,
19,-17,
15,-12,
44,-14,
93,-20,
79,-57,
39,-8,
51,-31,
14,37,
36,42,
-6,56,
-2,58,
-17,25,
-80,70,
-18,62,
-14,98,
-8,33,
-19,-10,
-41,42,
-28,76,
-21,96,
10,44,
-23,3,
67,-14,
30,7,
-22,11,
13,7,
-58,15,
-40,-11,
-34,7,
50,6,
45,12,
96,-52,
-70,-46,
-95,19,
-65,92,
57,37,
35,-38,
-37,-80,
-9,93,
28,66,
74,-4,
40,-8,
67,-24,
2,52,
-36,50,
11,47,
15,67,
0,40,
-17,28,
37,-4,
44,18,
0,47,
-36,37,
70,-7,
141,-14,
92,65,
40,30,
9,-15,
41,31,
30,-15,
39,-37,
74,3,
29,76,
-22,6,
28,28,
53,48,
42,54,
78,41,
30,47,
-33,-21,
-41,-67,
15,33,
9,-15,
-22,52,
-12,0,
-46,5,
-11,89,
26,117,
20,-18,
12,-5,
-51,20,
-51,42,
-65,-28,
17,-48,
-23,9,
-18,116,
-49,51,
-46,-44,
12,-49,
45,5,
29,90,
70,21,
69,27,
-18,73,
-27,16,
-14,34,
32,-14,
0,52,
38,132,
-79,108,
-28,87,
-17,43,
-9,14,
-10,16,
32,73,
-66,-27,
34,-5,
21,18,
-6,-4,
-35,-34,
-1,-35,
-15,43,
12,45,
-25,47,
26,3,
39,14,
25,92,
-18,-25,
14,-18,
2,-20,
-43,12,
-50,121,
5,77,
102,3,
64,34,
22,81,
-58,47,
-72,31,
-33,1,
-34,45,
48,3,
51,-46,
26,64,
-13,12,
35,45,
50,65,
65,47,
41,36,
6,-7,
-21,-21,
-4,-39,
25,61,
78,6,
54,-44,
48,-24,
110,-1,
54,-19,
41,-38,
-34,18,
-16,23,
-12,5,
-89,1,
-31,-52,
-24,-32,
-40,-43,
-39,30,
-70,-13,
30,38,
81,48,
94,2,
36,29,
32,39,
-34,56,
-49,89,
27,-6,
82,38,
81,20,
32,10,
110,12,
29,64,
77,-52,
28,17,
5,14,
-31,12,
-5,-6,
10,89,
55,-40,
-38,-47,
-9,23,
3,139,
53,48,
42,88,
-54,-25,
7,-22,
34,-7,
-25,23,
-22,44,
52,5,
46,-10,
72,-26,
2,-53,
-38,-20,
-25,18,
6,62,
-23,-13,
51,-61,
76,-5,
46,47,
-25,30,
-7,-40,
101,-51,
-1,-48,
-20,-39,
55,-12,
70,36,
43,-18,
-25,-20,
47,14,
39,12,
-68,-7,
-62,-19,
12,8,
96,-19,
-6,-25,
-97,28,
-36,39,
88,109,
116,19,
71,-39,
14,-31,
37,39,
32,30,
116,37,
102,24,
-3,40,
5,-38,
40,23,
41,45,
34,72,
7,43,
5,61,
-24,84,
-24,-34,
-37,-9,
74,-2,
119,-2,
58,-11,
10,-30,
23,-27,
-13,-33,
1,55,
-53,-17,
37,-4,
-21,-25,
-3,-5,
-12,20,
1,78,
14,5,
74,16,
61,-51,
15,-13,
62,-3,
91,48,
-13,35,
-21,6,
1,-25,
62,-15,
59,91,
7,110,
-26,28,
-62,0,
40,-25,
12,95,
40,118,
11,77,
-28,69,
-28,37,
-41,58,
-12,34,
95,1,
97,-21,
98,-47,
83,-8,
99,-14,
63,-3,
112,0,
118,283,
115,943,
-20,1473,
-375,1024,
-443,-1,
-87,-572,
480,-195,
781,273,
847,200,
642,-127,
299,-63,
0,16,
-22,54,
131,11,
116,114,
72,113,
-31,118,
-145,-59,
-252,21,
-165,34,
-90,176,
-21,112,
-57,-67,
-59,-42,
-36,19,
15,29,
-14,-20,
5,-29,
99,39,
75,98,
-25,138,
19,46,
5,16,
-62,28,
-58,25,
1,63,
-35,22,
-47,-147,
-18,-96,
34,29,
-34,38,
-30,35,
-54,42,
40,-6,
89,61,
117,69,
71,8,
17,-41,
-61,-71,
46,-46,
27,-75,
71,-5,
46,101,
-37,37,
5,9,
-43,65,
-33,11,
-25,47,
59,-78,
-14,-27,
76,-13,
-35,2,
-63,-3,
-90,7,
-31,-80,
30,-89,
-25,-75,
-25,12,
-22,28,
28,-59,
-73,-23,
-102,35,
-97,52,
-67,7,
-10,-29,
-36,-47,
-98,41,
-56,7,
43,43,
39,-2,
-42,42,
-141,-10,
-88,37,
3,24,
20,-55,
-20,10,
1,62,
115,98,
25,33,
-17,-16,
91,-106,
69,-60,
-40,-18,
-36,43,
82,-38,
44,-12,
37,43,
45,55,
65,-38,
-3,-136,
-103,-83,
-130,-70,
-57,-38,
23,54,
39,23,
73,-63,
84,28,
-14,69,
-11,36,
-28,-25,
-50,-5,
17,34,
-50,20,
22,85,
14,43,
-84,-20,
-7,-51,
3,-20,
31,-13,
-43,50,
5,28,
34,-44,
92,45,
-30,63,
42,79,
-2,26,
-7,-16,
-11,-21,
-11,11,
-64,27,
-55,54,
-25,32,
-27,-58,
4,-25,
91,48,
12,-42,
-48,-27,
-24,-23,
52,64,
-10,53,
-90,9,
8,-15,
67,-2,
-14,-1,
-31,-57,
-46,-79,
-107,31,
-54,10,
-66,-1,
-7,-26,
44,27,
73,-1,
-47,38,
-109,-21,
-33,-14,
13,66,
-53,4,
-41,-32,
-26,30,
-18,81,
00>
_________________________________
00>
00>
Printing STS1 CIR
00>
00>
_________________________________
00>
-44,72,
8,24,
20,7,
38,-28,
-2,-31,
-57,125,
-25,97,
8,97,
-18,-2,
1,58,
31,24,
32,-17,
76,-64,
26,-9,
-56,33,
22,23,
77,-43,
9,-34,
19,19,
34,-2,
41,-49,
-53,-44,
-19,22,
53,76,
30,-15,
-15,-53,
15,7,
14,-33,
40,-31,
41,-1,
28,15,
44,20,
-25,-28,
23,-67,
43,-46,
34,-47,
16,-4,
-29,40,
18,73,
93,23,
-53,-22,
-126,-60,
-86,0,
32,-61,
30,-44,
-38,55,
-20,-9,
12,-15,
97,1,
4,-5,
40,-85,
-46,-29,
65,-18,
38,19,
71,5,
164,-141,
75,18,
13,-6,
18,2,
91,-69,
35,-14,
38,-46,
-9,4,
-1,56,
78,101,
-12,42,
-37,1,
-13,65,
17,56,
127,56,
-29,24,
57,26,
16,8,
37,37,
31,8,
113,-48,
14,-115,
-58,14,
14,45,
107,51,
67,-18,
11,-6,
-30,28,
-1,15,
3,-85,
-27,-78,
7,-6,
34,-90,
48,-16,
2,47,
33,-5,
52,-18,
72,-50,
55,-25,
-14,-11,
31,-7,
65,-19,
-26,29,
-49,-47,
-56,-31,
-7,15,
24,-11,
26,-88,
30,-22,
84,-26,
14,-9,
60,-68,
86,56,
-22,75,
20,-34,
31,-53,
37,14,
29,11,
43,-63,
-32,-15,
-5,65,
51,19,
67,-49,
14,-70,
-68,-3,
-6,80,
-43,12,
-22,-59,
31,-53,
63,0,
-12,47,
33,-20,
28,-10,
-46,-24,
-21,-44,
-88,-42,
-20,-28,
69,16,
17,-10,
-4,-3,
25,-17,
-3,14,
2,-51,
-73,-46,
-52,-10,
33,-21,
65,-45,
55,28,
58,32,
152,-62,
38,-70,
-42,-88,
-126,-13,
-39,-65,
-34,-64,
12,33,
9,101,
11,72,
6,41,
19,17,
15,-49,
-49,41,
36,8,
48,-9,
58,-42,
-66,-44,
-2,35,
67,-60,
118,-83,
101,-56,
14,72,
31,61,
27,67,
33,-41,
49,-23,
45,6,
23,125,
-22,91,
-25,78,
30,5,
-14,-33,
-23,-6,
47,32,
74,37,
84,-32,
-21,-43,
3,59,
2,33,
-79,40,
-2,0,
56,-64,
5,-66,
25,-59,
-7,32,
79,62,
10,108,
-42,52,
20,92,
34,-84,
7,-148,
-32,-71,
-17,-37,
73,-80,
143,-108,
127,-106,
51,-14,
-61,16,
36,25,
92,28,
62,-82,
68,-15,
75,-20,
62,-64,
15,-78,
-5,-59,
56,-34,
102,-20,
60,2,
-44,-35,
-65,-19,
15,-57,
61,-32,
97,10,
30,14,
-2,-41,
75,-7,
60,4,
-37,-61,
11,-22,
-32,33,
38,-1,
-8,-17,
-26,-33,
-42,39,
9,54,
10,-42,
11,-63,
39,-71,
87,-54,
17,-6,
24,0,
142,-17,
83,22,
20,8,
-30,-31,
-42,2,
-54,-38,
27,-79,
60,11,
-1,12,
50,-40,
78,-6,
4,-41,
20,75,
34,-4,
42,-79,
59,-103,
66,-50,
-11,3,
33,-68,
18,-31,
-3,-80,
-1,-8,
23,32,
33,-14,
49,-20,
102,-32,
30,-14,
87,72,
71,53,
41,12,
-20,-21,
-36,-16,
49,-45,
40,-28,
-30,97,
33,122,
47,-26,
-17,-30,
35,40,
-26,69,
-9,1,
25,-12,
3,-16,
-13,-67,
-41,-78,
-16,-21,
101,17,
111,-19,
15,54,
55,8,
-18,10,
-20,-53,
10,-58,
31,49,
43,65,
67,30,
101,-121,
-15,-67,
-53,30,
29,54,
61,15,
113,-11,
22,59,
-23,-67,
26,-17,
28,5,
72,-27,
56,-49,
19,5,
-13,-7,
-59,12,
-99,-4,
-57,-66,
49,-21,
108,-38,
23,61,
-44,28,
-65,52,
52,28,
48,-32,
-8,-71,
19,57,
-45,34,
-44,-11,
13,1,
49,65,
-42,83,
15,37,
66,15,
77,8,
-4,-2,
5,-30,
33,-9,
26,73,
10,71,
-37,-36,
20,-85,
49,-121,
37,-68,
76,-56,
-15,29,
45,-2,
122,-123,
118,-23,
-20,-11,
-22,54,
23,47,
-37,8,
44,33,
57,-84,
-51,-44,
-32,-99,
-11,0,
-22,57,
67,74,
87,43,
278,220,
477,863,
354,1413,
-102,1301,
-566,236,
-532,-668,
-116,-881,
75,-861,
-12,-925,
-104,-860,
-14,-458,
40,-21,
-17,113,
-4,-115,
6,-173,
-104,-129,
-80,-13,
-5,13,
4,17,
-138,30,
-63,79,
155,53,
86,-34,
-89,-87,
-191,-95,
-44,-60,
94,-28,
88,43,
147,118,
191,113,
65,12,
-53,21,
-95,34,
-22,43,
-35,12,
-24,-27,
32,33,
83,72,
-7,-45,
-11,-46,
146,-34,
51,2,
-89,36,
-95,100,
3,39,
53,-35,
5,-51,
48,-10,
17,-58,
22,-5,
-9,-5,
0,-26,
-6,-4,
-91,-33,
-19,39,
2,103,
-62,91,
-25,39,
22,-46,
97,-49,
59,-90,
47,-37,
38,-75,
84,6,
29,42,
109,-24,
87,-22,
28,-14,
-5,92,
31,157,
47,36,
-34,-73,
-57,-48,
-79,-53,
-121,56,
-81,120,
-47,115,
6,93,
-5,14,
-67,-24,
-68,-48,
-14,-14,
35,56,
72,-10,
18,-77,
-46,9,
-15,40,
37,60,
65,43,
-30,51,
-90,94,
0,32,
57,-49,
67,-39,
-30,-38,
-32,-10,
-6,10,
19,25,
-10,1,
18,-30,
42,-14,
-21,106,
33,97,
-11,-38,
74,1,
5,-102,
-36,-23,
-47,-27,
-43,49,
-67,49,
-16,2,
27,-17,
-6,-35,
34,-83,
23,-39,
22,-6,
30,83,
34,83,
78,-42,
-6,-13,
-41,42,
-42,31,
-66,2,
-26,-103,
25,0,
79,45,
56,51,
-67,36,
-8,96,
-7,40,
-27,31,
-75,-57,
20,28,
86,46,
54,18,
75,-1,
44,-13,
-2,-14,
-22,30,
27,4,
-39,5,
39,-1,
-11,-1,
-54,27,
6,38,
132,-11,
82,1,
18,44,
71,115,
118,0,
146,-45,
59,55,
70,-2,
146,-78,
54,-6,
-81,-19,
-84,-23,
-2,-25,
0,-13,
61,18,
00>
_________________________________
00>
RX Timestamp: 199927865890
00>
Clock Offset: -1048.851 Hz, 0.131 ppm
00>
RX Timestamp: 201000069801
00>
Clock Offset: -245.476 Hz, 0.031 ppm
00>
_________________________________
Sequence Number: 166
00>
00>
Printing STS0 CIR
00>
00>
_________________________________
00>
48,59,
29,35,
104,53,
33,-21,
-5,0,
39,-31,
90,61,
57,53,
24,3,
32,-3,
2,-20,
62,-7,
52,-2,
2,-125,
-9,-61,
20,-74,
37,-22,
-39,-30,
-56,0,
22,-7,
19,-10,
65,-7,
-7,-20,
64,-22,
43,-2,
21,-8,
50,-36,
38,-83,
2,-87,
10,-76,
3,15,
21,-24,
79,24,
83,101,
92,25,
67,-17,
-69,33,
-17,-71,
20,-28,
-34,-15,
3,-11,
-14,-23,
-51,-21,
-84,32,
38,-58,
77,-114,
10,-78,
21,-26,
-56,-8,
-74,-28,
12,-6,
-3,-26,
-9,-76,
15,-7,
-15,10,
-14,-17,
22,-52,
-11,-67,
67,-7,
12,-4,
47,-25,
121,-6,
-3,100,
-27,-5,
-17,-12,
-5,-22,
14,6,
8,0,
-21,-92,
11,-49,
-26,-84,
-36,-50,
-10,-22,
-26,36,
-3,-30,
-49,-51,
45,-2,
44,61,
26,24,
-16,-31,
29,-15,
-12,12,
-39,44,
-19,-9,
-13,8,
38,-31,
71,-43,
60,-16,
-7,14,
-77,14,
-62,65,
-9,-49,
-30,-18,
11,-17,
0,-42,
15,14,
67,-14,
87,-10,
45,7,
32,49,
-23,28,
5,-1,
-2,-14,
41,60,
-8,-19,
-14,-2,
-43,-9,
3,-20,
11,-19,
-17,46,
-13,13,
24,-17,
-67,54,
-49,-47,
8,-22,
33,5,
63,-10,
-20,-30,
-90,21,
-24,-1,
33,-30,
28,-24,
45,30,
-10,17,
6,-39,
-16,16,
-19,11,
6,-15,
52,-93,
45,-70,
-14,-70,
66,-77,
19,-3,
22,59,
1,-18,
24,-18,
40,-37,
50,4,
46,31,
19,85,
4,27,
19,3,
44,-16,
33,-1,
27,-26,
-83,-60,
1,-11,
12,18,
17,74,
56,98,
0,53,
29,2,
-6,-53,
-27,-90,
8,42,
-12,43,
69,-19,
-1,-23,
-6,-2,
-27,41,
16,37,
-2,4,
-2,-26,
-56,44,
-11,21,
55,-3,
35,15,
-33,-2,
-21,-61,
-34,10,
-7,-9,
11,-16,
45,-15,
11,47,
9,99,
109,-18,
-57,17,
-50,9,
25,6,
12,33,
4,-69,
44,-113,
78,-42,
47,-37,
64,14,
70,-23,
3,29,
5,4,
54,14,
-7,45,
17,-90,
-29,-46,
-74,-35,
-43,-18,
-15,-66,
16,-48,
-9,-29,
-36,4,
-22,52,
-48,-2,
-23,36,
18,33,
15,24,
-20,71,
-31,36,
-1,45,
-8,-9,
3,-30,
-16,-7,
19,41,
31,29,
132,-56,
53,-122,
-56,-105,
-21,0,
61,89,
56,45,
22,41,
-72,17,
-5,44,
-32,6,
4,-43,
-26,-35,
9,44,
80,30,
59,24,
15,18,
-80,-50,
-7,-64,
64,-110,
45,11,
-3,-82,
-41,-40,
-16,-12,
-8,-15,
2,1,
13,-41,
16,-4,
32,-19,
-12,8,
7,1,
-11,9,
-47,-28,
-16,-43,
0,-5,
9,26,
-4,-45,
19,13,
8,60,
-16,79,
6,-4,
19,-35,
-32,-10,
6,24,
35,20,
57,-74,
-28,-21,
-16,-4,
48,38,
-11,-39,
73,-62,
0,-64,
28,-59,
12,-27,
-4,13,
60,67,
-11,22,
26,20,
-8,29,
-12,-59,
27,-43,
-14,42,
34,104,
55,99,
90,38,
-30,36,
-48,-28,
-101,-59,
-87,-45,
-86,-17,
-44,52,
11,17,
6,17,
51,-18,
68,-52,
-44,34,
-76,10,
-10,-9,
24,10,
35,41,
42,72,
32,57,
-71,5,
-27,-20,
7,-61,
57,4,
16,53,
-40,59,
-11,23,
-25,28,
-16,40,
28,46,
37,27,
18,-11,
-51,-21,
1,-41,
26,-12,
-20,-5,
16,27,
5,-74,
55,-95,
76,21,
0,30,
96,19,
52,-10,
-16,7,
10,-28,
-43,-19,
-54,50,
1,104,
40,40,
12,-34,
36,16,
-9,14,
-34,-33,
-16,-14,
-30,6,
-16,23,
-5,30,
20,40,
34,47,
73,-10,
18,-60,
-8,53,
-32,66,
-19,76,
2,36,
-21,6,
25,-11,
32,0,
27,-26,
-18,20,
-14,-31,
-30,5,
-6,38,
56,19,
76,7,
7,22,
-27,-27,
1,31,
-135,208,
-936,1279,
-3688,3801,
-6052,4533,
-5772,3140,
-1085,-686,
2395,-2845,
1705,-2051,
-776,-1115,
-1876,-1224,
-1462,-1157,
-678,-462,
-177,47,
223,17,
626,-260,
948,-400,
916,-214,
524,-140,
99,-399,
-218,-644,
-282,-1091,
-559,-786,
-635,-161,
-279,188,
103,111,
280,-27,
289,38,
219,117,
118,148,
120,46,
186,-2,
239,6,
216,-1,
117,79,
16,288,
65,273,
-81,326,
-152,324,
-210,268,
-123,178,
31,88,
123,192,
36,230,
-3,150,
21,126,
101,67,
164,60,
137,54,
150,36,
124,66,
80,-47,
1,-1,
-84,-60,
-71,-68,
-208,-103,
-156,-172,
-61,-221,
-6,-148,
48,-18,
64,128,
120,212,
62,208,
-36,78,
-114,-111,
-90,-325,
-14,-332,
226,-178,
272,45,
201,95,
80,79,
82,50,
104,9,
119,-14,
69,-24,
-31,-181,
51,-358,
205,-419,
320,-347,
207,-164,
105,-102,
-83,-88,
2,-134,
25,-106,
43,-26,
-6,-11,
-22,12,
42,-87,
91,-74,
113,-24,
66,88,
-27,46,
31,46,
103,-21,
156,-23,
37,7,
64,-11,
92,-7,
165,4,
98,77,
54,32,
58,78,
86,-71,
19,-24,
24,-30,
86,31,
58,26,
-2,20,
-26,43,
-40,92,
-14,22,
-32,6,
8,4,
-16,-39,
32,-78,
50,-147,
71,-92,
95,-61,
126,-54,
104,35,
48,96,
-4,28,
-9,62,
-25,57,
25,49,
-20,-70,
40,-17,
13,-12,
-6,23,
83,13,
84,15,
52,105,
76,67,
67,46,
1,73,
-73,52,
-55,-30,
-16,-13,
74,75,
95,-12,
74,-28,
41,-69,
40,-14,
27,10,
-7,13,
72,53,
97,39,
67,-16,
76,-23,
0,-38,
-17,-72,
2,-46,
74,-45,
32,54,
5,32,
-28,-26,
6,-19,
-7,24,
20,53,
31,37,
-5,8,
19,-22,
12,15,
00>
_________________________________
00>
00>
Printing STS1 CIR
00>
00>
_________________________________
00>
8,36,
50,-16,
31,-35,
20,62,
-58,51,
-16,3,
-17,-63,
8,-52,
-5,49,
14,45,
-18,-2,
-77,-21,
-67,-8,
-29,-14,
28,-18,
27,2,
-2,-23,
-28,3,
35,-2,
51,-12,
91,-13,
35,50,
46,19,
74,-38,
2,32,
-30,27,
-25,53,
-18,-19,
-56,38,
-32,-20,
19,-11,
-2,2,
-37,14,
-99,-54,
-43,-22,
28,-30,
41,-26,
10,-47,
-20,10,
-51,-11,
-11,45,
67,65,
45,-5,
52,26,
12,-37,
-12,-28,
31,35,
32,40,
65,79,
2,66,
-39,69,
21,2,
23,-4,
24,-19,
65,75,
29,50,
3,25,
-108,63,
-64,32,
-47,36,
-10,41,
4,9,
24,-16,
-33,51,
22,50,
43,25,
22,48,
18,55,
-62,-17,
-60,-46,
-29,11,
-54,56,
-5,16,
30,-44,
-1,-75,
-22,-12,
-12,-5,
-6,-2,
49,-21,
107,-110,
22,-91,
-14,-68,
-115,-7,
-28,14,
17,8,
-50,-75,
9,-28,
15,25,
-28,55,
-18,16,
45,-6,
8,-13,
33,1,
9,-44,
21,-16,
66,-41,
82,-20,
39,33,
-47,66,
34,-39,
-23,-116,
-75,-64,
-39,53,
14,72,
40,-21,
0,-30,
-21,-37,
16,-22,
1,2,
27,-2,
11,-9,
41,-41,
-4,12,
35,50,
24,21,
-33,45,
-62,-5,
-61,19,
-38,-31,
-5,-3,
-48,-25,
-63,32,
-43,71,
-13,78,
48,52,
58,54,
42,-32,
19,-82,
-10,-38,
-35,21,
-37,57,
-41,-4,
-89,1,
-40,-95,
-27,-140,
52,11,
-15,87,
15,135,
-25,15,
-2,25,
-5,2,
14,-26,
-59,15,
5,1,
101,-61,
5,62,
-50,20,
-81,-84,
-7,-35,
19,41,
15,30,
44,13,
-20,-33,
-42,12,
15,62,
44,45,
-8,90,
-21,54,
-6,-9,
2,-57,
-14,-5,
23,-28,
2,-6,
54,-45,
13,-33,
64,37,
-40,30,
-57,37,
32,-10,
7,-20,
16,-37,
-40,0,
1,-80,
-2,-71,
-19,-82,
6,-27,
32,-24,
6,1,
-8,52,
-16,35,
3,1,
65,-14,
21,-6,
29,-57,
-59,-9,
-4,13,
17,-35,
-4,-14,
-28,9,
-31,33,
17,3,
71,-87,
-61,-102,
14,-55,
35,0,
-4,53,
6,28,
25,16,
50,4,
-8,17,
-99,-50,
-31,-13,
77,6,
18,19,
5,-27,
6,35,
13,26,
35,-41,
15,-74,
23,-6,
69,14,
26,12,
-20,72,
-123,67,
-56,15,
31,-50,
54,4,
49,58,
12,18,
-13,15,
9,-49,
-11,-99,
-29,-10,
-54,32,
22,-5,
46,37,
-24,110,
-37,43,
-74,-14,
-17,-20,
-49,1,
-17,-48,
-62,-114,
13,-17,
71,-27,
73,-9,
-40,-9,
-19,0,
4,-3,
3,58,
12,72,
-9,87,
32,55,
28,-16,
-85,-14,
-83,25,
21,25,
68,24,
43,-2,
60,19,
16,-35,
-3,-21,
-26,-20,
-56,7,
-34,11,
-15,47,
0,-6,
8,-7,
6,22,
76,-50,
72,-10,
10,3,
-15,9,
35,-14,
23,-74,
-10,-34,
24,47,
-6,13,
-5,9,
-74,-37,
-57,-30,
4,-31,
49,-59,
54,-56,
19,-92,
21,-48,
-12,-13,
-2,-9,
-3,-116,
-72,-86,
-90,46,
-22,-7,
-14,17,
6,-15,
52,-51,
49,4,
14,-6,
-27,106,
19,-22,
2,-7,
6,-20,
59,-33,
-12,-1,
-6,8,
-11,16,
13,35,
-5,57,
-30,34,
2,-21,
39,16,
-12,-61,
3,-10,
35,25,
-1,-2,
56,14,
45,-38,
41,-82,
59,-45,
37,-16,
-45,-26,
22,47,
-8,-46,
-24,-36,
-10,-32,
-7,-23,
29,-64,
29,-20,
-18,31,
31,-11,
42,-36,
5,-93,
-48,-28,
-49,-28,
-17,-17,
-55,12,
58,3,
9,-2,
-29,-8,
-29,-28,
9,-2,
49,-20,
37,37,
-28,45,
-34,-20,
-7,-69,
-7,-9,
14,65,
45,42,
9,33,
32,-1,
23,-1,
51,33,
-23,37,
-16,30,
14,30,
-7,-31,
19,-37,
34,14,
-12,9,
-61,53,
-108,243,
-639,1393,
-3145,4023,
-5959,5215,
-5922,3175,
-1405,-938,
1879,-1951,
1164,476,
-1384,2928,
-2413,3339,
-1338,2145,
-179,1055,
215,254,
128,91,
-101,253,
-367,456,
-445,380,
-229,120,
14,-446,
65,-700,
128,-1114,
111,-780,
-26,-340,
-59,-60,
126,-186,
301,-414,
255,-336,
208,-136,
52,-70,
-17,-227,
59,-374,
185,-330,
237,-58,
78,58,
-54,-137,
49,-115,
214,-117,
223,37,
-31,91,
-127,-103,
35,-279,
217,-204,
120,47,
33,171,
-69,48,
-116,-114,
-124,-91,
-12,-2,
-48,119,
114,51,
196,2,
117,-31,
135,-85,
89,-22,
-6,-110,
-90,-231,
-84,-211,
-18,-54,
50,29,
67,30,
169,-47,
249,-114,
195,-101,
131,-89,
74,-45,
203,-122,
335,-97,
207,-65,
68,-88,
-9,-82,
12,5,
-8,-112,
23,-72,
116,-101,
120,-185,
178,-290,
281,-393,
313,-416,
202,-339,
178,-309,
265,-253,
231,-192,
138,-94,
11,-74,
-26,-76,
10,-24,
34,-29,
-21,-78,
-51,-165,
-59,-109,
-54,-93,
30,-88,
86,12,
130,81,
80,52,
34,80,
-47,24,
50,-37,
5,-97,
3,-66,
28,8,
-19,37,
30,-100,
-16,-113,
14,-70,
33,-17,
23,-80,
40,-60,
37,1,
64,-113,
31,-101,
19,-56,
42,18,
-37,8,
65,43,
90,20,
12,-85,
65,-61,
130,-75,
187,-60,
113,-88,
50,-66,
34,-112,
20,-45,
37,53,
91,91,
13,76,
1,53,
-16,36,
-51,-27,
7,-28,
28,30,
57,51,
32,-19,
63,-1,
65,-7,
78,64,
91,27,
115,-42,
54,-51,
18,7,
48,32,
-24,103,
47,-50,
63,-107,
116,-103,
169,-59,
70,-68,
88,-80,
-26,-91,
74,15,
137,49,
31,31,
-10,-26,
-38,-58,
40,-13,
82,-34,
94,-70,
72,25,
10,-48,
17,-62,
46,-10,
00>
_________________________________
00>
_________________________________
Sequence Number: 169
00>
00>
Printing STS0 CIR
00>
00>
_________________________________
00>
20,-8,
59,16,
61,-68,
4,-2,
16,-4,
-21,-3,
-13,55,
8,9,
-46,-17,
-21,0,
26,-19,
25,-9,
-6,-17,
-12,-50,
19,9,
-33,37,
-61,-24,
-78,-22,
12,-44,
34,-76,
-18,-48,
-1,-38,
-60,-36,
-18,-66,
-44,-128,
-41,-87,
-15,9,
1,39,
48,2,
-11,38,
-18,17,
42,21,
6,14,
79,0,
25,14,
-19,14,
-55,2,
-87,34,
-40,-18,
21,-63,
92,-73,
61,21,
21,51,
-22,19,
46,-11,
51,-36,
16,44,
47,56,
45,-36,
-63,-34,
-62,15,
-36,86,
-29,22,
5,-23,
62,-38,
46,-8,
9,28,
48,105,
-32,72,
6,35,
-20,29,
-100,-52,
-13,-13,
-10,-30,
-26,-14,
36,25,
-7,-24,
14,5,
5,-59,
-42,71,
-30,60,
2,70,
61,0,
9,-22,
-15,-52,
-46,19,
28,4,
46,25,
13,-26,
44,15,
109,17,
92,11,
52,-3,
-38,-57,
-23,-82,
-36,-110,
36,27,
27,8,
8,-36,
42,-19,
-10,99,
-27,75,
27,-26,
40,-53,
-17,72,
-35,50,
-3,9,
-33,-2,
22,3,
108,-88,
120,-19,
8,74,
-85,82,
-43,18,
-29,-45,
0,-26,
85,-62,
-1,-10,
-10,-2,
-14,54,
26,5,
30,-35,
-7,89,
-3,50,
-7,-13,
-36,18,
-13,-52,
16,-39,
62,-24,
10,-32,
-15,-70,
36,8,
29,-13,
52,-63,
39,-87,
5,-15,
-26,14,
78,0,
70,88,
84,-28,
-22,-46,
8,-43,
31,49,
-2,44,
2,24,
-75,2,
-4,-17,
21,-62,
82,-31,
1,-43,
-15,-23,
11,3,
-14,52,
-18,10,
-1,24,
-4,1,
-1,37,
-3,25,
-8,10,
23,6,
76,27,
-43,30,
-17,54,
-25,66,
77,-2,
27,24,
-3,22,
43,6,
-22,-15,
-24,1,
61,2,
55,43,
46,34,
37,20,
38,-26,
79,4,
-17,23,
-21,55,
31,21,
35,-41,
-23,-47,
2,-9,
-10,-18,
14,-22,
-61,-25,
5,13,
59,-69,
-6,-53,
25,-76,
80,-55,
64,-7,
58,-41,
25,-6,
30,-14,
-50,-35,
-17,-91,
3,94,
22,29,
44,-6,
62,-8,
-75,-34,
-34,-16,
33,29,
34,5,
-2,9,
-46,-12,
22,28,
-3,-7,
29,16,
65,5,
24,80,
33,-7,
28,36,
36,16,
-68,60,
-42,-11,
22,-1,
-5,-37,
25,2,
16,44,
64,25,
-67,0,
55,34,
45,88,
55,18,
54,-5,
-8,2,
-24,28,
-10,73,
46,17,
-1,-63,
-13,-23,
31,-27,
-20,13,
-27,2,
22,23,
26,-42,
5,-53,
32,-38,
-20,-28,
-20,-16,
-48,17,
-53,48,
29,-20,
36,-41,
-64,-30,
26,-5,
69,18,
54,42,
67,43,
21,-41,
51,-5,
30,17,
-43,-12,
-44,-38,
-23,-19,
-56,-37,
58,-47,
49,3,
31,4,
26,56,
1,20,
-38,-3,
-49,60,
-34,19,
36,10,
40,49,
-1,7,
54,17,
-29,26,
63,21,
16,61,
68,34,
-56,-6,
22,-6,
-104,-44,
-104,-19,
-26,44,
27,30,
46,10,
35,-4,
-4,-30,
-8,3,
19,47,
75,-27,
62,-17,
-37,-3,
-35,30,
-53,-19,
31,67,
20,38,
30,-54,
36,-2,
22,34,
-21,44,
3,12,
-30,-31,
10,3,
31,-39,
69,-39,
60,-21,
47,12,
50,-9,
-8,-51,
-17,29,
10,43,
17,3,
89,32,
98,-29,
36,-30,
-10,-51,
13,4,
20,28,
40,44,
51,-33,
-14,-57,
-1,-113,
-47,-22,
-47,66,
10,-1,
-16,-61,
19,18,
15,63,
19,-25,
54,-16,
-6,18,
41,2,
-46,-1,
-3,-2,
19,1,
6,10,
37,42,
25,19,
26,-8,
-20,59,
-24,32,
22,35,
-32,-8,
103,-96,
76,-12,
27,96,
24,8,
50,-59,
33,53,
7,7,
-6,69,
28,32,
29,68,
4,46,
-39,-14,
-65,-52,
-81,-14,
-56,-31,
-22,-49,
22,-16,
-8,3,
-10,-1,
-9,8,
-42,78,
-17,2,
-16,-40,
-29,10,
-131,-62,
-877,-817,
-2863,-3406,
-3460,-6178,
-1322,-5870,
1591,-1460,
1772,1870,
-949,2016,
-3342,1006,
-3681,1003,
-2261,1321,
-774,673,
192,-75,
223,-221,
-268,-9,
-635,-49,
-491,-118,
-79,-134,
498,-180,
770,-383,
784,-490,
345,-521,
-176,-253,
-28,46,
441,-11,
653,86,
335,105,
-111,151,
-255,83,
-148,-42,
-18,-38,
-102,-60,
-140,-85,
-164,-39,
-146,71,
68,172,
221,174,
132,56,
98,78,
46,67,
86,53,
109,28,
144,73,
38,61,
-27,43,
-89,-24,
-81,-173,
8,-28,
-6,119,
82,161,
244,329,
140,251,
212,236,
119,63,
8,-58,
-37,-122,
-15,-107,
22,-16,
8,69,
13,115,
2,79,
37,122,
89,159,
119,188,
38,123,
71,191,
287,312,
189,140,
175,51,
43,25,
131,-43,
170,-41,
345,-69,
329,-85,
287,-158,
295,-107,
265,-33,
232,75,
57,69,
9,21,
7,-104,
-52,-31,
-118,11,
-12,-74,
81,-90,
4,72,
2,180,
-17,30,
45,-140,
103,-138,
61,-48,
150,39,
122,154,
39,194,
-23,133,
20,128,
19,144,
14,-4,
13,25,
23,30,
104,70,
38,33,
43,-18,
61,18,
43,57,
56,52,
-14,80,
-1,20,
16,-2,
-32,40,
24,60,
47,127,
6,41,
39,-44,
53,-92,
53,-22,
101,-16,
90,55,
-14,59,
6,80,
38,69,
119,51,
57,51,
81,67,
29,37,
32,15,
3,65,
4,53,
10,9,
109,-15,
81,-35,
86,-39,
139,43,
32,66,
40,5,
25,39,
-8,68,
-63,17,
-17,115,
-13,72,
26,54,
1,14,
39,41,
61,122,
73,37,
-2,46,
-35,-20,
-31,10,
43,-43,
73,-4,
33,77,
51,55,
41,-32,
56,74,
82,56,
106,19,
102,42,
66,11,
13,22,
28,93,
00>
_________________________________
00>
00>
Printing STS1 CIR
00>
00>
_________________________________
00>
-8,-21,
-16,-23,
7,-68,
-4,-72,
15,-46,
35,-8,
71,69,
12,43,
-46,-61,
-23,-22,
-16,-9,
64,-33,
14,9,
-15,59,
-22,23,
22,47,
67,28,
45,34,
13,45,
-59,6,
-97,-16,
-69,40,
22,30,
79,37,
41,-16,
4,-17,
-59,20,
19,10,
22,-23,
-14,-32,
-12,-61,
-14,4,
-54,-21,
-37,-36,
-26,7,
-22,6,
-32,-41,
-23,34,
-21,1,
-7,-37,
2,-103,
10,-136,
14,-23,
3,20,
33,37,
16,24,
80,7,
108,-6,
-3,-58,
-36,-8,
-12,31,
-44,13,
-18,-13,
18,-84,
-77,-33,
-55,73,
16,49,
-15,-56,
12,18,
13,-13,
-80,29,
-115,-25,
-22,-7,
-9,-3,
-13,14,
-35,-8,
-7,16,
22,-43,
52,-35,
-27,79,
-65,91,
-48,12,
-2,-21,
15,26,
15,-38,
-29,-28,
-45,-9,
-62,35,
-13,65,
49,68,
24,29,
-34,4,
4,18,
16,58,
3,30,
5,124,
40,13,
3,2,
-13,36,
16,-9,
78,-11,
-20,-2,
-72,12,
-35,-9,
24,41,
67,34,
30,31,
19,13,
55,123,
72,5,
37,-92,
48,-96,
-20,-6,
-51,13,
-44,-5,
-35,-74,
-50,-61,
9,-9,
-28,22,
5,7,
-74,-30,
-2,-34,
27,-2,
-7,40,
-45,85,
-56,-45,
-74,-18,
-94,-14,
-62,-42,
14,-36,
43,-23,
25,-51,
-2,23,
-39,25,
-10,-11,
34,-62,
-25,-53,
13,-37,
-11,18,
35,61,
-68,79,
-48,85,
8,57,
10,-41,
44,20,
-21,-19,
-33,-33,
28,-17,
-22,4,
-80,11,
-45,22,
30,24,
28,5,
51,-32,
-10,17,
-75,55,
-109,-1,
-23,-17,
-41,22,
-96,52,
-114,95,
-61,-44,
14,-45,
96,35,
37,16,
9,-92,
-15,-111,
-3,-27,
-44,39,
-13,59,
-33,99,
10,54,
51,-12,
-4,24,
-71,60,
-69,1,
-47,3,
36,2,
60,2,
20,-87,
-47,-64,
49,0,
45,31,
36,28,
25,27,
50,11,
-31,100,
-34,70,
-25,30,
29,-70,
11,5,
26,8,
31,81,
-31,70,
-47,-39,
-82,-110,
-25,-29,
56,56,
24,1,
1,-42,
-14,36,
-52,1,
-17,24,
20,26,
73,-31,
2,-39,
84,15,
-8,67,
-55,11,
-29,74,
-18,38,
2,44,
-34,12,
0,-84,
34,-18,
27,22,
11,56,
-39,13,
-52,-15,
-44,-72,
-63,-75,
-11,-54,
-74,-34,
-127,19,
-45,-38,
58,-10,
32,-90,
19,-64,
37,-55,
-36,-1,
-14,5,
25,-38,
50,-4,
9,29,
-19,-52,
-10,10,
14,36,
-27,1,
-14,-3,
10,3,
18,24,
40,74,
4,-8,
43,15,
77,-62,
38,12,
-32,33,
-41,26,
-99,15,
-67,29,
55,15,
117,-13,
35,-53,
-5,-58,
-6,-57,
-18,30,
3,16,
-52,22,
-18,55,
-3,-2,
-79,61,
-90,12,
10,0,
-3,-59,
-56,-9,
-36,-6,
-29,-15,
3,-36,
2,50,
-24,29,
-81,-28,
-6,-56,
66,-21,
80,-44,
-3,-42,
26,-39,
23,-3,
-36,11,
40,-8,
-51,-34,
-39,41,
13,14,
-2,26,
-13,30,
-46,46,
-43,19,
-81,-24,
-15,-69,
-52,-73,
-8,8,
-8,31,
15,36,
-4,42,
3,-6,
35,11,
4,-4,
-32,23,
-13,-27,
24,3,
-7,-37,
-22,-16,
-77,51,
-72,-1,
-49,-13,
-31,-14,
-39,-23,
-35,-65,
25,-39,
60,-47,
35,18,
-23,0,
-36,-24,
2,-46,
40,12,
30,79,
-101,-11,
-34,-61,
-58,-83,
-21,8,
-30,-60,
-8,-10,
32,-7,
109,-31,
140,-25,
58,-14,
13,30,
21,8,
-30,-19,
-16,-19,
8,2,
38,-57,
35,18,
-32,1,
-12,21,
79,-14,
-16,-15,
-54,-2,
-106,15,
-28,-14,
30,1,
-9,5,
15,-32,
-4,-10,
-15,-67,
3,-16,
20,-19,
19,-37,
-13,-24,
-45,-96,
28,-21,
-21,-40,
-39,-45,
-38,25,
18,-22,
26,-8,
-29,-16,
35,-28,
40,-34,
-19,-24,
-50,50,
35,78,
69,-15,
-154,-17,
-1077,-547,
-3426,-2734,
-4793,-5554,
-2697,-5989,
1211,-2244,
3087,1690,
2136,3801,
1324,4237,
2017,4378,
2397,3663,
1297,1647,
27,20,
-250,-228,
167,156,
557,411,
625,337,
245,97,
67,-307,
306,-398,
419,-438,
183,-400,
-215,-6,
-146,242,
234,271,
480,160,
309,47,
2,-1,
-299,66,
-479,123,
-376,114,
-215,-3,
-168,-155,
-205,-272,
-296,-279,
-135,-121,
-46,-42,
-85,-14,
-196,32,
-342,125,
-386,159,
-410,107,
-321,60,
-210,-49,
-57,-48,
-23,-95,
-51,47,
52,34,
54,-86,
63,-24,
140,-14,
165,147,
168,214,
87,235,
171,5,
146,-92,
216,-166,
115,-155,
-21,-143,
-28,-100,
-48,-14,
-79,38,
-35,50,
41,-1,
32,12,
-12,92,
-118,210,
-83,140,
-217,120,
-271,-22,
-198,-102,
-32,-100,
85,-22,
140,-68,
188,-232,
216,-162,
310,-102,
245,-30,
80,-81,
52,-134,
138,-166,
137,-175,
-13,-217,
-115,-73,
-134,-59,
-107,22,
-3,29,
107,43,
132,51,
100,-1,
46,-10,
-30,74,
-48,82,
-11,56,
24,-16,
17,25,
-8,18,
25,-13,
40,52,
-6,97,
-33,79,
-90,-10,
-35,-11,
33,27,
41,45,
-88,23,
-63,-6,
-31,-29,
-15,-49,
-43,-69,
-31,-53,
-12,-32,
-58,-58,
6,-8,
17,54,
-6,10,
-56,88,
-99,41,
-105,53,
-30,19,
-5,-5,
-18,3,
52,23,
44,17,
-49,9,
-72,6,
-63,25,
-29,-24,
-26,-48,
-78,-6,
-34,3,
-59,40,
-92,25,
46,-41,
5,-50,
13,-53,
26,-12,
-5,20,
-69,-8,
-37,33,
2,5,
-6,-41,
14,-14,
-25,15,
-7,20,
-53,107,
-14,129,
-10,-3,
-9,-19,
-101,-1,
-65,5,
33,50,
12,35,
23,-33,
51,-53,
44,13,
41,79,
-22,101,
-34,55,
21,20,
00>
_________________________________
00>
RX Timestamp: 340042553536
00>
Clock Offset: -308.704 Hz, 0.039 ppm
00>
RX Timestamp: 341115001154
00>
Clock Offset: 63.229 Hz, -0.008 ppm
00>
_________________________________
Sequence Number: 46
00>
00>
Printing STS0 CIR
00>
00>
_________________________________
00>
-17,-1,
-20,-30,
29,-5,
-40,-75,
-40,-31,
50,-44,
18,-8,
38,42,
28,-5,
26,-79,
12,-15,
54,-27,
1,14,
20,19,
54,63,
72,13,
37,-51,
-36,32,
-23,-15,
-29,-38,
-8,10,
-6,79,
64,42,
29,-39,
-7,-62,
-34,12,
2,39,
-18,-5,
34,-45,
45,21,
79,-35,
-19,42,
27,-54,
4,-4,
-43,26,
3,27,
-24,-25,
47,9,
-45,-32,
13,-30,
35,-68,
56,-43,
-20,-48,
-65,73,
-52,33,
18,-14,
-3,-21,
-26,18,
6,52,
9,20,
-15,-93,
-28,-7,
4,40,
19,-56,
10,-97,
76,-27,
30,-30,
-12,5,
-37,-53,
7,-45,
28,5,
53,66,
69,41,
48,17,
-6,9,
78,-41,
5,39,
-42,-9,
-19,-51,
13,-25,
41,30,
-38,88,
-36,-16,
-79,-42,
-21,-15,
-60,37,
-23,13,
-8,17,
-63,-40,
2,-37,
16,-15,
60,-3,
94,-64,
114,-12,
35,21,
-51,18,
-89,26,
-89,17,
1,36,
12,-40,
-30,-28,
22,-26,
19,3,
68,29,
62,49,
33,38,
19,57,
-26,26,
-43,18,
-8,-47,
62,14,
4,15,
-73,34,
-62,93,
-21,56,
4,86,
54,0,
63,33,
-15,31,
20,75,
45,68,
-51,46,
-66,38,
-37,-35,
74,9,
35,42,
82,65,
65,61,
-6,-61,
-50,6,
18,26,
51,16,
29,81,
104,26,
36,-55,
-51,-33,
-43,-53,
9,-19,
24,12,
-9,30,
16,57,
-57,51,
-34,-48,
-38,-11,
10,16,
-22,42,
-35,-28,
33,85,
17,70,
-24,31,
-26,-12,
36,46,
35,17,
-40,8,
-90,-54,
-39,-42,
-73,-42,
5,-61,
43,7,
-23,73,
-49,64,
-23,29,
-63,-24,
1,35,
46,39,
59,37,
-30,15,
-36,8,
-36,-25,
-8,31,
1,32,
53,-16,
18,-49,
-12,-21,
14,-38,
-43,5,
-27,1,
8,-27,
-11,20,
-65,-24,
-2,-25,
52,-24,
-30,27,
-24,-8,
-24,-26,
19,-51,
42,-58,
40,24,
33,45,
-31,22,
31,57,
31,-43,
-12,33,
-46,13,
-36,57,
14,98,
-3,52,
-5,-10,
-22,-41,
-14,4,
-46,-36,
-53,-20,
-46,-50,
-45,-53,
-71,-49,
-55,-85,
-86,-2,
-58,0,
96,25,
158,-16,
73,-26,
51,41,
-12,-9,
-19,-9,
30,21,
16,-30,
-14,93,
-30,61,
15,37,
30,-99,
15,-39,
11,17,
78,34,
82,7,
19,30,
32,-17,
2,64,
24,45,
-22,-61,
-35,-48,
-12,-5,
-46,66,
-24,24,
7,-23,
21,-16,
23,58,
15,31,
-8,-10,
9,25,
65,-15,
56,3,
31,-4,
39,-10,
1,50,
8,69,
28,29,
23,31,
24,51,
13,34,
98,25,
36,41,
-84,2,
-151,68,
-23,65,
-12,11,
17,-44,
-70,-20,
-36,38,
8,107,
16,63,
5,-19,
-32,29,
-4,65,
-28,60,
-33,44,
46,8,
34,-15,
37,13,
0,49,
33,-2,
1,-20,
-42,23,
2,4,
6,23,
49,84,
50,-3,
3,1,
-37,17,
-62,94,
-27,77,
33,4,
26,11,
-58,19,
-6,45,
42,25,
-2,-38,
-11,-4,
-14,42,
-3,73,
0,114,
15,56,
40,15,
5,-11,
30,-2,
36,11,
9,-15,
-44,-16,
-44,44,
-20,-27,
23,-50,
51,-17,
44,1,
-47,19,
-53,19,
68,36,
101,81,
106,69,
77,31,
7,10,
-88,-41,
36,24,
71,-7,
77,19,
40,47,
25,18,
37,34,
79,54,
88,46,
57,9,
27,22,
-90,14,
-31,65,
-77,16,
-18,-61,
42,24,
119,-9,
137,21,
57,36,
-33,23,
-36,30,
40,-37,
96,52,
-6,80,
-16,68,
34,48,
83,82,
-16,91,
-28,45,
-10,-60,
81,-22,
61,19,
97,-10,
-33,-21,
60,-21,
46,63,
-45,38,
-5,2,
82,-36,
64,24,
15,-16,
-4,-4,
56,-4,
60,-19,
27,-10,
-40,-1,
64,-7,
-24,52,
-47,-19,
-5,10,
-28,4,
-25,29,
2,53,
-57,35,
-157,-402,
-523,-2745,
-315,-6828,
686,-7706,
1547,-3930,
918,1822,
330,3475,
879,1211,
2070,-552,
2387,-738,
1472,-358,
438,-184,
-94,-19,
-70,312,
-200,850,
-399,1044,
-467,761,
19,408,
505,452,
858,576,
1093,474,
843,-47,
306,-400,
5,-230,
-206,144,
-210,238,
-270,146,
-249,33,
-160,20,
-93,114,
-145,161,
-206,209,
-152,89,
-176,-88,
-236,-201,
-290,-214,
-250,-302,
-149,-343,
-108,-345,
-56,-134,
-232,-50,
-229,-21,
-114,-11,
-52,-61,
-97,-6,
-157,53,
-93,117,
-89,117,
-31,83,
13,14,
79,5,
47,20,
75,3,
59,-85,
221,-55,
276,105,
192,200,
-1,165,
-95,25,
-107,35,
-194,-9,
-145,-41,
42,-56,
298,-11,
203,120,
53,227,
-61,197,
-73,132,
-176,48,
-184,15,
-167,48,
-183,30,
-15,42,
95,95,
163,171,
215,392,
186,472,
24,358,
30,113,
117,18,
159,45,
168,-69,
80,-134,
53,-61,
83,41,
33,49,
42,40,
24,17,
-18,20,
-23,43,
-47,18,
-65,57,
-28,81,
7,119,
34,76,
17,68,
-77,66,
-143,99,
-156,14,
-43,8,
-44,17,
97,115,
94,129,
4,94,
-36,64,
6,-4,
-4,-15,
59,-19,
-8,-10,
-7,-7,
-20,-45,
25,-15,
22,28,
87,130,
60,106,
-9,46,
-81,88,
-37,98,
18,73,
-39,95,
-30,-3,
-48,-76,
-27,-43,
-37,-11,
9,54,
56,56,
-3,66,
-57,110,
-91,25,
-67,-3,
-24,32,
-66,33,
-58,50,
-55,-4,
12,4,
0,12,
2,23,
-16,75,
-63,89,
-6,48,
-37,12,
-32,-4,
2,33,
26,87,
-7,68,
-61,17,
-59,28,
4,-11,
52,43,
80,112,
45,85,
-8,13,
-40,-60,
-93,-32,
-86,37,
-51,27,
-55,105,
25,10,
39,-19,
00>
_________________________________
00>
00>
Printing STS1 CIR
00>
00>
_________________________________
00>
-8,67,
3,30,
7,7,
-7,56,
34,-29,
69,41,
42,45,
-5,81,
-23,-24,
6,5,
-22,8,
-12,41,
20,42,
3,5,
-19,-27,
19,19,
0,7,
25,-16,
76,-8,
49,17,
-1,1,
-19,31,
-9,79,
4,97,
-38,-29,
60,-60,
41,26,
24,16,
-8,-48,
-15,-35,
10,-68,
19,-28,
33,64,
51,81,
-28,17,
-54,-37,
-76,29,
-98,87,
20,38,
-9,-19,
-77,32,
-10,22,
12,-3,
2,-2,
-65,-4,
-70,73,
50,50,
90,57,
71,-9,
23,-8,
-6,31,
-58,65,
-60,45,
29,34,
13,-27,
97,-43,
33,118,
-38,4,
35,18,
1,26,
-68,11,
-5,22,
-16,-4,
-3,-13,
-11,6,
-80,1,
-107,12,
-81,1,
-6,41,
94,-38,
13,1,
-15,6,
-32,-30,
-9,-53,
58,7,
37,61,
19,28,
-31,15,
-17,16,
-31,19,
29,56,
-11,38,
82,-9,
13,-8,
17,12,
-22,65,
-32,34,
-64,10,
-73,4,
-85,89,
43,65,
-1,51,
-2,-31,
-5,16,
40,83,
27,58,
-19,12,
-35,-9,
32,-27,
16,2,
17,56,
24,47,
-27,-28,
-29,13,
-38,-74,
48,10,
61,62,
-2,18,
-26,44,
-44,51,
-53,21,
-15,51,
22,36,
-84,67,
-99,57,
-31,30,
-75,19,
-69,4,
-89,45,
-46,103,
3,25,
66,59,
40,50,
-44,54,
-9,96,
13,31,
32,-1,
-35,27,
-32,40,
-17,68,
8,44,
10,31,
14,3,
-60,72,
30,67,
12,-37,
70,-33,
-8,-92,
-59,17,
-28,37,
94,6,
32,10,
-1,6,
62,22,
48,49,
35,29,
22,50,
51,-24,
71,6,
49,-36,
24,-3,
-22,11,
-62,16,
22,-36,
-66,1,
-46,-21,
-45,1,
-36,-15,
32,9,
52,20,
-31,-52,
7,-20,
0,2,
-7,2,
-5,36,
-39,62,
-17,-3,
-16,-14,
-24,-10,
64,-37,
41,3,
-18,-25,
-33,0,
-32,50,
7,-1,
2,54,
-11,2,
20,-21,
4,3,
28,-38,
29,-27,
-38,-31,
1,-15,
41,31,
49,44,
16,43,
11,6,
5,6,
12,5,
7,37,
8,-3,
64,-24,
65,-49,
22,0,
-5,93,
-59,35,
-20,-23,
-1,-44,
34,-17,
36,-19,
32,8,
-12,81,
19,11,
41,81,
-25,65,
34,6,
11,10,
34,89,
0,31,
69,1,
67,37,
101,-61,
136,-28,
30,-17,
46,-22,
21,-77,
54,22,
104,9,
80,-14,
61,-4,
24,-43,
-17,-28,
-12,28,
11,17,
49,22,
89,15,
50,-54,
-12,20,
18,27,
37,-30,
40,-60,
72,-27,
50,-79,
38,20,
52,9,
-28,88,
-3,-17,
-39,-85,
-4,-46,
77,-18,
3,45,
6,34,
9,3,
-22,-66,
-25,20,
8,4,
86,-9,
102,4,
40,11,
-48,-9,
8,-5,
-41,-22,
-3,-37,
20,-37,
1,12,
-17,60,
13,10,
10,-26,
-47,-13,
-71,-1,
-44,-24,
37,21,
43,47,
23,49,
21,20,
-15,-23,
-31,15,
-68,1,
-27,-2,
40,-20,
70,-27,
58,33,
14,-7,
47,-34,
33,17,
36,-3,
-49,-32,
-79,-42,
-43,-62,
46,-21,
105,56,
-62,32,
6,-8,
35,-9,
114,7,
49,-24,
29,32,
22,41,
29,-9,
52,-70,
30,12,
54,-39,
27,12,
44,96,
-55,67,
-25,-9,
86,-105,
110,-76,
79,-42,
38,-11,
79,3,
-84,-10,
-39,42,
-12,24,
34,-19,
4,8,
-47,6,
17,-4,
-10,-32,
-46,-49,
14,-19,
85,74,
63,59,
18,112,
41,48,
-5,60,
-11,-32,
14,-2,
-32,50,
-34,17,
-27,-16,
38,-17,
47,50,
15,27,
-43,-46,
17,-34,
-7,23,
48,99,
73,-34,
61,-31,
24,29,
32,4,
-11,-1,
-83,-16,
-48,-24,
42,49,
71,-14,
29,-25,
33,36,
10,30,
91,33,
26,-23,
-81,3,
-61,68,
46,84,
58,35,
22,-11,
19,2,
18,-15,
-13,-34,
-9,-13,
-30,15,
-53,-19,
-360,-383,
-1269,-2575,
-1853,-6541,
-753,-7555,
1128,-4353,
1229,1420,
-226,2489,
-1284,-843,
-1486,-3680,
-1335,-3279,
-1139,-1362,
-629,-132,
-166,204,
-41,-39,
-166,-477,
-214,-632,
-80,-468,
114,-83,
460,271,
859,257,
809,672,
446,281,
150,-79,
86,23,
155,301,
138,410,
11,253,
14,106,
117,78,
240,211,
218,354,
52,306,
-142,120,
-12,-82,
129,-40,
46,63,
-93,201,
-155,-3,
51,-108,
233,49,
157,227,
-6,174,
-204,58,
-93,-9,
155,-59,
246,-166,
136,-128,
-23,-80,
-85,-77,
-107,124,
-171,178,
-130,166,
-123,165,
-7,54,
94,11,
195,43,
182,61,
98,48,
-19,36,
-60,36,
-59,155,
-59,221,
46,196,
3,154,
-1,182,
-37,270,
-93,119,
-101,65,
17,10,
55,-26,
104,-66,
94,48,
43,78,
-27,46,
53,212,
196,374,
222,484,
259,430,
214,291,
69,260,
54,263,
66,270,
65,148,
13,46,
-59,-39,
-34,-51,
45,57,
113,84,
91,137,
32,79,
-67,30,
-106,25,
-94,82,
-134,60,
-99,57,
-62,2,
42,-51,
113,12,
171,53,
76,33,
104,39,
43,-18,
93,62,
87,83,
75,135,
92,34,
70,39,
157,59,
202,150,
128,35,
41,70,
-19,58,
55,-7,
51,-9,
-16,-9,
-7,28,
-2,89,
22,140,
9,144,
72,157,
53,166,
-23,93,
31,182,
-31,129,
9,124,
-30,37,
-22,62,
-31,112,
54,81,
9,59,
-34,80,
37,71,
19,70,
11,52,
14,57,
26,130,
-15,142,
-3,26,
10,36,
-14,33,
41,50,
11,26,
24,84,
41,115,
-43,87,
3,7,
32,16,
96,63,
65,112,
12,107,
35,44,
27,61,
30,-24,
35,14,
106,47,
87,84,
24,90,
-7,53,
-6,25,
00>
_________________________________
00>
_________________________________
Sequence Number: 49
00>
00>
Printing STS0 CIR
00>
00>
_________________________________
00>
96,32,
61,23,
30,45,
82,15,
50,-23,
27,13,
-45,26,
-2,12,
12,-27,
11,-35,
56,-27,
-59,-12,
-52,29,
13,27,
56,7,
45,-41,
28,51,
3,4,
27,-62,
40,22,
2,26,
111,15,
89,-35,
21,-12,
17,40,
-7,47,
7,-28,
79,-58,
89,-50,
44,38,
31,-2,
-5,11,
6,-30,
17,-67,
3,23,
35,-20,
107,-55,
51,-44,
-8,-6,
26,10,
88,65,
84,13,
-39,51,
81,-44,
149,-60,
86,-43,
6,-30,
-1,2,
28,-26,
18,54,
-3,-13,
-10,-1,
22,10,
81,14,
35,-93,
38,-63,
32,9,
38,-12,
22,-62,
79,-90,
-51,-90,
-41,-64,
-69,-17,
-18,16,
30,-5,
27,-15,
76,8,
46,25,
30,46,
-9,-48,
20,-43,
30,18,
82,1,
31,9,
9,-9,
-29,19,
5,12,
2,9,
64,7,
12,1,
28,-11,
39,-62,
13,39,
-4,29,
98,-21,
79,-51,
18,25,
-20,-16,
16,-57,
74,-3,
84,-18,
134,6,
20,34,
2,-24,
39,19,
90,51,
114,-43,
48,-35,
42,45,
-15,-6,
-10,-42,
114,-36,
69,32,
46,31,
-5,6,
-33,-32,
14,4,
75,-91,
0,-64,
-45,-10,
-41,53,
4,26,
-37,-13,
-4,41,
19,106,
-7,23,
29,-29,
-26,6,
19,-30,
69,56,
63,29,
55,106,
10,21,
50,-19,
20,30,
37,9,
-10,28,
-17,32,
54,-33,
59,-24,
58,-27,
33,47,
60,21,
27,27,
57,48,
60,29,
45,92,
50,94,
44,19,
28,57,
9,-45,
-10,4,
44,34,
61,36,
114,-3,
66,35,
-8,13,
-13,15,
10,0,
-14,41,
-43,17,
-55,63,
11,73,
83,-11,
62,-14,
-54,-38,
-67,-3,
-50,11,
-2,13,
-10,0,
31,-23,
-19,0,
-14,89,
-6,54,
37,-13,
28,-50,
-22,-18,
-21,42,
83,14,
119,-11,
18,21,
-15,23,
-1,-91,
8,-16,
55,-44,
55,75,
10,29,
-30,10,
-19,24,
21,-33,
61,-15,
31,-9,
-48,9,
-67,77,
-17,-34,
59,7,
27,-109,
-49,-16,
47,83,
57,39,
1,24,
-15,16,
-9,97,
46,73,
56,-44,
18,7,
24,3,
59,45,
77,45,
13,34,
44,-21,
-46,-19,
6,-52,
72,10,
44,-73,
27,-54,
38,-41,
31,-21,
-6,-3,
11,18,
13,24,
32,33,
32,-8,
27,-32,
36,25,
83,57,
0,22,
-7,-79,
-3,-76,
-58,38,
-25,66,
-37,25,
-45,-17,
-33,17,
-36,40,
-10,48,
44,-20,
6,-35,
-34,-73,
-59,-8,
8,30,
1,69,
44,33,
10,11,
-32,-36,
-24,-99,
-49,-31,
-58,31,
-55,58,
-13,15,
80,2,
16,-30,
-48,3,
-40,-1,
84,12,
6,18,
23,55,
-17,19,
-85,-67,
-46,-12,
-65,47,
2,19,
83,-10,
-53,-8,
-54,13,
0,17,
20,22,
26,43,
32,-15,
-13,-5,
91,-4,
41,-33,
18,6,
-27,37,
-64,0,
-61,-4,
-13,18,
29,42,
19,-33,
55,-1,
33,32,
16,92,
-11,41,
-58,5,
86,-24,
33,-20,
-11,11,
-88,17,
-27,-44,
19,10,
58,46,
42,95,
-26,11,
21,29,
2,8,
44,-23,
7,-13,
20,-55,
44,6,
-16,82,
7,41,
-8,30,
90,4,
-2,22,
29,25,
-16,28,
-11,4,
11,-6,
1,18,
53,33,
86,60,
15,33,
-25,1,
-47,-23,
-6,-3,
31,25,
24,-32,
-28,13,
-49,20,
17,43,
43,31,
34,16,
-25,66,
-34,-9,
-31,19,
-53,-13,
-121,2,
-41,-35,
5,-13,
-5,11,
55,37,
39,8,
55,41,
44,52,
18,80,
-42,8,
-16,69,
23,52,
19,35,
-20,-10,
0,4,
-46,75,
-28,132,
-18,32,
12,13,
34,-50,
8,-35,
28,23,
19,31,
9,40,
9,51,
-23,27,
-24,51,
23,-18,
26,0,
8,-9,
-37,38,
-29,-28,
33,27,
-33,-31,
-17,9,
27,7,
16,35,
13,-55,
10,-17,
375,409,
1225,2103,
2268,5507,
1279,7018,
-1291,4177,
-1929,-671,
-158,-2423,
2472,-1092,
4106,-46,
3609,-628,
1837,-835,
318,-215,
-315,194,
-57,88,
526,38,
676,162,
337,239,
-196,192,
-723,178,
-817,271,
-698,464,
-123,308,
128,167,
-144,-56,
-566,-140,
-451,-224,
-24,-96,
235,-1,
231,-17,
132,50,
14,125,
23,271,
151,246,
153,158,
-11,-93,
-124,-183,
-257,-140,
-149,-86,
-20,-51,
-102,-19,
-102,-22,
-136,70,
-20,43,
23,16,
12,98,
36,156,
102,104,
34,-49,
16,-191,
-77,-181,
-82,-269,
-51,-282,
-54,-218,
-14,40,
-10,119,
35,135,
33,86,
39,-54,
42,-77,
-8,-110,
0,-99,
-22,-133,
-76,-196,
-64,-165,
-43,-160,
-66,-241,
-50,-248,
-2,-109,
1,-21,
-37,81,
-201,67,
-326,6,
-426,49,
-332,23,
-335,128,
-250,47,
-285,-28,
-116,-83,
-23,-36,
25,41,
-45,99,
55,51,
41,65,
-64,48,
-54,38,
105,-58,
114,-11,
80,67,
-104,61,
-99,47,
-99,-116,
-39,-97,
-39,-63,
-13,-61,
68,-104,
43,-103,
75,-51,
6,33,
24,-42,
-10,-78,
-61,-48,
-105,-62,
-54,10,
47,17,
30,-23,
68,-81,
84,-53,
-28,-59,
8,-56,
12,-38,
25,-53,
65,27,
47,-42,
33,-23,
-31,-19,
-38,-12,
4,-19,
-25,7,
11,-55,
4,-56,
72,-68,
27,-82,
-22,10,
-44,16,
-2,7,
-13,-65,
14,-4,
16,-26,
-22,-15,
-19,-17,
-11,-79,
-6,-82,
19,-74,
75,-34,
9,-5,
-48,4,
5,-12,
16,-76,
79,-4,
9,26,
-65,23,
-45,-74,
-14,-108,
-74,-47,
1,10,
8,-1,
5,-39,
11,-32,
63,-8,
57,-56,
2,-52,
-14,-86,
11,-43,
33,-112,
-46,-53,
-19,-83,
-92,-45,
00>
_________________________________
00>
00>
Printing STS1 CIR
00>
00>
_________________________________
00>
31,-1,
-17,10,
-74,27,
6,-8,
-6,-28,
28,62,
25,-15,
35,-1,
-8,-30,
88,41,
65,11,
-40,-17,
-41,5,
25,-17,
-32,-8,
-5,6,
73,-16,
77,-33,
31,57,
55,-7,
-26,-59,
-9,-63,
2,-31,
12,-9,
32,-13,
41,-52,
13,-38,
-72,-16,
-40,33,
4,52,
37,-2,
56,-69,
-32,-32,
21,-18,
8,-21,
-39,8,
-33,-66,
-3,-80,
-57,-1,
-4,49,
11,0,
7,-36,
40,-27,
68,71,
42,74,
23,-77,
-42,17,
23,18,
78,42,
4,-5,
19,15,
21,51,
31,59,
61,-17,
63,-2,
-24,57,
-60,16,
-22,-9,
-24,-15,
24,-6,
60,56,
49,20,
55,-4,
20,-41,
28,-26,
64,-36,
59,-26,
49,-23,
17,34,
-16,1,
-71,-37,
-85,-46,
-68,-62,
13,-74,
15,-36,
-12,-64,
-45,-30,
69,-42,
39,-32,
15,-35,
-35,-13,
-19,4,
44,3,
4,-40,
46,-1,
35,55,
26,-24,
34,39,
6,112,
28,36,
-7,4,
85,-30,
68,38,
-59,40,
10,10,
11,-15,
43,59,
20,-9,
8,-59,
-46,-56,
-30,27,
-44,63,
1,18,
66,36,
110,20,
-14,-41,
-19,-6,
-13,-57,
92,-55,
48,3,
27,-28,
33,-24,
29,-53,
34,-26,
-3,-13,
52,-15,
-10,-44,
50,30,
-11,53,
14,74,
53,33,
92,-32,
32,-18,
55,-15,
-18,-11,
32,27,
24,41,
-43,14,
6,19,
61,45,
19,41,
25,-2,
61,-85,
90,-54,
105,15,
31,8,
27,-10,
-3,-21,
-4,-31,
5,-30,
-70,15,
-54,57,
-65,-1,
-29,35,
-18,8,
42,61,
31,63,
16,-40,
46,-21,
49,61,
17,73,
75,61,
-15,29,
-9,-56,
-37,-123,
16,-40,
-42,-5,
-9,6,
6,64,
37,51,
12,-13,
-37,26,
-39,7,
12,-60,
-1,-63,
4,15,
-57,-12,
-63,31,
53,0,
9,8,
76,-28,
53,-59,
102,-66,
21,48,
-12,57,
27,-19,
56,-34,
41,-27,
37,-39,
107,-27,
93,-39,
-10,-30,
-6,-18,
28,-56,
15,-9,
103,-14,
36,-30,
52,-26,
43,-26,
-7,-20,
63,-25,
-3,-75,
47,-31,
55,7,
43,-73,
41,-31,
-2,23,
-67,12,
7,8,
55,24,
43,24,
50,-21,
62,-5,
110,84,
-4,86,
-55,58,
-30,-1,
31,30,
12,-41,
-11,-67,
-76,-121,
-37,-28,
0,11,
65,55,
32,24,
-14,9,
40,-74,
9,69,
32,16,
30,-6,
40,-76,
44,-12,
-12,27,
25,-8,
-40,2,
-11,20,
53,-28,
17,-25,
104,11,
14,8,
10,-6,
-14,10,
-4,8,
56,6,
46,-67,
28,-17,
59,-10,
66,44,
38,28,
35,14,
35,22,
47,6,
9,62,
31,16,
-2,30,
24,39,
41,27,
95,89,
6,2,
9,-7,
-29,-25,
82,22,
26,143,
44,86,
73,-8,
46,-6,
81,20,
52,19,
-6,-20,
4,-3,
1,29,
45,-22,
-5,-45,
-7,-38,
42,-16,
-12,-38,
20,-44,
38,-3,
111,37,
52,59,
-4,107,
18,73,
-70,27,
23,14,
-15,-5,
13,-1,
26,-30,
18,-10,
78,-12,
68,48,
26,47,
-31,53,
43,-44,
-25,-54,
-65,-2,
13,8,
-35,-62,
-10,-23,
-39,-21,
-12,66,
13,-5,
42,-5,
59,-13,
8,-48,
-25,-40,
41,-46,
22,-68,
-22,-21,
14,55,
6,26,
20,-32,
-51,-69,
25,57,
103,42,
86,13,
-6,7,
-15,50,
-48,-10,
2,26,
9,-38,
-1,-63,
-1,-36,
35,-53,
46,-31,
-17,-98,
34,-93,
86,-41,
64,-61,
19,24,
-25,46,
-6,-1,
11,11,
12,-16,
-78,44,
-19,-37,
18,-14,
12,16,
-70,10,
-25,5,
68,-42,
58,-66,
103,-32,
79,-28,
16,-51,
41,-4,
-5,34,
25,-19,
40,27,
69,-31,
56,-2,
-23,-9,
19,88,
48,4,
31,3,
-38,8,
37,84,
29,5,
-10,45,
-12,-10,
-4,22,
-10,88,
-10,14,
-2,27,
-15,7,
76,-43,
321,325,
1068,2069,
1874,5827,
974,7474,
-1476,5019,
-2334,-677,
-1288,-4038,
381,-4393,
731,-4702,
23,-5168,
-384,-3792,
-176,-1105,
-45,372,
6,266,
-167,-487,
-327,-802,
-250,-542,
-87,-21,
-151,299,
-549,153,
-586,300,
-83,225,
259,138,
166,-196,
-286,-348,
-369,-332,
-231,-136,
135,-17,
371,102,
488,83,
376,91,
164,227,
20,303,
5,386,
10,281,
59,138,
-46,88,
117,105,
152,41,
303,-12,
456,-7,
533,118,
342,201,
150,89,
-34,112,
34,98,
46,34,
93,-19,
-5,5,
-108,-64,
-193,-199,
-108,-149,
-2,-323,
-15,-231,
-79,-125,
-118,48,
-143,127,
-78,145,
-65,111,
113,21,
128,11,
77,3,
48,38,
48,-19,
82,-65,
124,-138,
172,-177,
74,-76,
71,70,
191,136,
195,73,
15,63,
-142,-43,
-148,44,
-233,135,
-280,-72,
-326,-105,
-226,-36,
-87,60,
-110,37,
-189,-1,
-135,117,
31,139,
159,104,
151,-14,
79,-45,
-61,-27,
-104,68,
-91,123,
-52,-50,
79,-37,
114,-44,
91,6,
136,-18,
66,-19,
6,-40,
-70,-96,
-55,-39,
35,-15,
-34,31,
104,-69,
45,-27,
70,-176,
92,-160,
134,-39,
68,60,
63,54,
19,70,
19,79,
33,14,
85,14,
48,-10,
32,-17,
33,-25,
68,-10,
121,-11,
186,-41,
125,35,
56,20,
43,-28,
13,-54,
3,-41,
15,-34,
33,-37,
69,-80,
53,40,
101,24,
49,8,
23,-65,
18,67,
24,92,
73,31,
59,-4,
-49,16,
-13,-17,
-19,87,
55,-39,
-4,-63,
-12,-58,
20,-6,
109,-29,
67,-8,
39,0,
25,-67,
33,-18,
102,24,
69,21,
-8,-28,
-50,-48,
16,23,
15,44,
4,-14,
-15,-25,
30,-37,
91,-110,
35,-41,
15,-37,
00>
_________________________________
00>
RX Timestamp: 480136277477
00>
Clock Offset: -487.232 Hz, 0.061 ppm
00>
RX Timestamp: 481208236144
00>
Clock Offset: -598.812 Hz, 0.075 ppm
00>
_________________________________
Sequence Number: 182
00>
00>
Printing STS0 CIR
00>
00>
_________________________________
00>
96,56,
12,33,
-27,-15,
3,-44,
13,-37,
17,-33,
19,46,
-3,0,
-2,-54,
-41,-2,
-28,-4,
13,24,
27,53,
-23,-34,
-21,36,
-44,16,
13,-14,
-35,-25,
6,13,
69,62,
18,69,
29,-35,
-3,8,
-18,51,
-20,41,
-41,-18,
10,-16,
66,-11,
18,-46,
10,-26,
28,-72,
16,-14,
-42,14,
18,77,
66,45,
134,-24,
111,-64,
20,8,
21,34,
23,0,
56,7,
3,-17,
-42,-48,
0,-37,
29,-46,
2,34,
-27,-10,
-78,-34,
-60,-37,
-18,16,
60,31,
-39,-21,
-8,-2,
-35,24,
-35,20,
-22,-37,
22,-19,
27,-27,
-5,-16,
44,-27,
60,3,
71,-6,
-15,-35,
8,-31,
85,-29,
101,4,
33,77,
-47,56,
-52,20,
-34,-75,
4,31,
36,14,
5,-49,
-31,-29,
23,5,
6,-15,
81,98,
52,57,
48,41,
-8,-30,
-14,-26,
25,50,
32,-25,
93,-34,
63,-9,
39,48,
53,39,
47,8,
50,-1,
6,26,
-73,1,
-103,-53,
-14,-12,
85,-37,
66,-45,
-34,11,
-78,63,
-15,30,
39,27,
33,-17,
-18,-20,
-31,20,
67,12,
50,34,
67,26,
-19,35,
-68,94,
37,48,
76,6,
38,-36,
-46,-32,
-24,18,
-1,21,
-73,14,
11,-11,
43,24,
95,-69,
62,0,
27,60,
-16,2,
-78,-16,
65,-51,
81,-19,
16,56,
1,33,
2,31,
12,-3,
-15,21,
92,-22,
34,-28,
2,-56,
48,-28,
44,8,
-10,-55,
-20,-16,
1,14,
0,38,
62,46,
13,60,
24,18,
65,18,
90,65,
32,6,
0,-81,
8,-45,
-12,-64,
-58,-34,
-73,100,
-26,71,
32,4,
-11,35,
-29,54,
31,8,
15,0,
-21,-17,
36,2,
34,-30,
34,121,
12,36,
32,1,
12,-11,
-28,9,
2,73,
-64,56,
-41,0,
28,-22,
-10,53,
12,10,
25,31,
28,90,
40,-25,
11,3,
78,1,
-43,-6,
-34,39,
-82,21,
-89,44,
-9,80,
4,20,
30,-20,
-16,-98,
-9,-114,
-10,-66,
-67,17,
-72,28,
-59,22,
4,-1,
36,-29,
15,-17,
-61,-23,
12,-15,
17,-12,
12,22,
125,-92,
36,-42,
32,-4,
20,-8,
-5,6,
5,-12,
-80,5,
-38,22,
-20,57,
24,50,
56,61,
4,-14,
-47,-23,
-9,17,
-43,107,
55,71,
68,29,
-5,27,
-77,53,
2,88,
24,73,
33,42,
46,28,
112,-28,
22,-30,
1,1,
-7,-22,
21,4,
20,-76,
34,-32,
61,-54,
16,-29,
14,49,
74,10,
-1,3,
-48,-36,
-62,-7,
53,77,
11,105,
-4,124,
0,-5,
11,-78,
43,-97,
36,-19,
-15,8,
-74,-22,
68,-36,
94,-13,
19,41,
-24,48,
-17,40,
19,30,
-42,12,
-16,-32,
1,-64,
38,43,
72,183,
18,58,
45,-2,
38,3,
12,-36,
-37,-13,
-23,-4,
7,-2,
-23,27,
-15,-28,
59,-7,
64,-60,
39,-15,
1,10,
-2,-28,
13,19,
69,9,
9,17,
73,-11,
35,-41,
41,-12,
2,-22,
-13,-31,
-15,34,
-9,46,
19,56,
13,-14,
19,61,
29,6,
53,66,
67,19,
51,4,
82,4,
-9,46,
10,21,
-6,15,
-3,58,
15,1,
4,59,
39,30,
-2,23,
-1,-30,
6,-14,
19,-74,
9,-61,
10,-32,
17,-12,
-25,-156,
-60,-20,
34,81,
83,31,
111,0,
119,-40,
80,11,
10,-34,
42,30,
46,96,
36,-12,
-84,-74,
-10,-95,
-43,-37,
-26,55,
-5,78,
-43,-41,
-21,-47,
16,13,
11,-19,
41,-48,
-12,-57,
12,9,
-17,40,
8,8,
16,-44,
-2,11,
104,22,
135,53,
16,26,
-29,-13,
3,-34,
51,45,
-5,109,
32,108,
68,49,
38,7,
29,9,
-26,-6,
36,-4,
79,3,
24,-17,
49,-30,
-12,-37,
1,112,
-28,-7,
29,29,
30,5,
57,55,
56,15,
-24,19,
-36,21,
-24,74,
63,-15,
62,-19,
77,103,
-27,-22,
-11,17,
-20,6,
-6,19,
-26,19,
-49,2,
-262,643,
-1309,2561,
-2830,4084,
-3115,3173,
-1172,162,
762,-1890,
730,-1542,
-616,-631,
-1474,-379,
-1368,-445,
-772,-277,
-226,-37,
65,40,
336,-252,
582,-488,
602,-467,
301,-120,
3,-219,
-202,-582,
-310,-714,
-487,-397,
-406,-50,
-132,74,
122,73,
184,-47,
192,7,
168,99,
191,134,
100,84,
158,51,
199,-24,
173,-74,
155,59,
123,185,
-13,259,
-29,314,
-9,230,
-18,242,
-40,139,
16,13,
75,65,
30,124,
20,109,
17,38,
49,-38,
126,47,
111,6,
131,-7,
68,-45,
5,-16,
62,-25,
70,-44,
18,0,
-129,-66,
-156,-109,
-105,-164,
11,-154,
56,45,
113,83,
40,112,
85,87,
17,24,
-96,-52,
-159,-118,
-89,-110,
90,-110,
164,-53,
183,-6,
142,10,
30,3,
73,8,
100,-24,
54,-96,
-4,-189,
-83,-254,
25,-309,
178,-266,
120,-241,
6,-60,
-100,-140,
-55,-109,
28,-95,
-1,42,
-26,43,
41,-7,
9,-29,
-17,-42,
16,-28,
67,31,
102,73,
40,68,
56,-13,
91,-101,
87,-68,
68,-44,
-9,1,
-13,58,
10,8,
53,35,
21,12,
104,-40,
81,-82,
46,-46,
76,-13,
124,24,
59,27,
3,47,
8,-45,
3,57,
77,55,
24,32,
-57,55,
-15,-80,
53,-143,
74,-81,
82,-68,
8,25,
-35,2,
53,5,
43,32,
5,57,
6,26,
-2,9,
63,-47,
5,-89,
55,-94,
12,-42,
55,1,
43,-31,
70,-103,
13,22,
-35,57,
-49,25,
-14,-3,
36,5,
86,18,
98,56,
69,-7,
61,11,
-33,50,
49,40,
69,52,
-2,-44,
34,-4,
71,-27,
2,-15,
-20,-8,
35,12,
106,-23,
88,6,
50,-11,
11,27,
72,61,
137,19,
00>
_________________________________
00>
00>
Printing STS1 CIR
00>
00>
_________________________________
00>
-21,52,
18,101,
17,20,
-46,-69,
-26,22,
18,-23,
-22,-28,
45,27,
-6,-45,
-30,-99,
-16,-88,
-71,-61,
-25,42,
-34,-44,
2,16,
-57,-34,
35,2,
30,-12,
-44,21,
42,-31,
49,8,
39,35,
-17,28,
-8,24,
33,-39,
3,-72,
43,0,
45,-8,
-12,-15,
-71,-11,
-85,46,
-22,3,
56,-3,
1,49,
-33,53,
-41,50,
-25,-112,
-52,-8,
-99,42,
17,43,
-2,-42,
-2,-27,
18,-35,
51,-107,
12,-48,
74,-52,
9,-29,
-26,27,
-49,27,
-72,5,
16,52,
41,51,
-53,0,
-103,-45,
-72,-42,
-31,16,
-61,13,
13,7,
56,9,
46,136,
41,75,
-26,72,
-47,69,
-22,-1,
-26,57,
3,-32,
40,-32,
31,7,
-50,30,
-66,-6,
-41,43,
63,89,
30,44,
45,12,
-16,29,
79,25,
23,38,
-38,118,
-7,2,
45,75,
28,29,
50,-35,
20,-10,
-2,24,
-52,-21,
-45,-18,
5,35,
57,65,
33,93,
-66,16,
-21,41,
17,109,
-37,79,
-60,-12,
-19,9,
11,0,
50,44,
4,42,
-8,-3,
43,-3,
-12,31,
3,72,
-29,69,
4,23,
13,26,
-59,-66,
-21,-20,
74,39,
75,63,
0,50,
-72,95,
-12,70,
83,-32,
-10,-25,
-71,-6,
-63,5,
22,45,
40,-7,
42,-32,
29,-48,
26,-40,
50,19,
94,-33,
70,7,
41,0,
-11,24,
2,-22,
24,-11,
-61,-3,
-21,51,
-22,16,
81,-28,
52,19,
6,48,
-72,20,
-67,28,
-20,-36,
-22,-35,
34,-3,
22,11,
12,5,
1,-11,
35,-92,
60,14,
86,35,
27,85,
-93,39,
-85,-52,
6,-105,
26,-50,
12,114,
-85,162,
-63,56,
-30,30,
-48,37,
-59,1,
56,31,
-31,-12,
-70,30,
-37,-33,
-22,-51,
57,-57,
37,65,
57,45,
-77,-86,
-58,-113,
-49,1,
3,51,
31,51,
42,37,
34,-31,
-21,-67,
-48,-81,
-3,-85,
27,-42,
-8,-5,
0,3,
-15,51,
-51,64,
-44,6,
-15,-66,
38,-43,
4,-18,
24,83,
-59,18,
-27,-31,
15,-8,
91,-13,
48,43,
36,35,
-20,27,
-4,33,
15,-64,
44,-41,
38,76,
-55,49,
-27,22,
-13,-51,
-7,45,
-5,104,
74,24,
75,-57,
44,-54,
30,68,
-87,56,
-23,28,
-16,-81,
12,-94,
32,-18,
59,0,
22,86,
-53,71,
-18,75,
21,11,
52,-1,
68,-59,
9,19,
19,-3,
-13,53,
-29,-62,
-54,-31,
23,-20,
-20,-1,
-59,33,
0,76,
-17,35,
53,22,
-2,63,
54,58,
17,28,
9,-18,
48,-8,
25,-49,
-18,-71,
-6,-16,
21,19,
-71,19,
-81,-39,
-11,22,
46,-43,
6,-6,
37,-20,
2,-2,
2,-15,
-2,-36,
-13,-14,
23,1,
-31,-12,
-31,1,
-24,13,
51,13,
44,-47,
-21,24,
-34,28,
25,63,
61,30,
0,81,
-80,35,
-31,-54,
4,-82,
13,-96,
21,-3,
-30,97,
-87,83,
-25,37,
18,32,
45,-37,
44,44,
44,81,
7,20,
-24,29,
-15,85,
86,87,
24,20,
-19,-7,
-21,61,
38,50,
61,5,
51,6,
24,45,
52,36,
-19,36,
8,-7,
25,-16,
60,-56,
37,-6,
96,11,
56,6,
-1,1,
-44,24,
-2,55,
23,46,
-19,-55,
-53,-63,
-22,62,
-88,96,
-22,-6,
-44,-70,
-46,69,
5,71,
2,39,
-2,-5,
62,-6,
2,6,
24,36,
46,46,
19,31,
-22,-76,
0,-24,
-31,24,
-27,15,
35,-90,
21,-45,
1,-30,
-60,-43,
-43,18,
-24,42,
-9,49,
-7,10,
93,11,
8,-10,
2,2,
-35,17,
-5,-18,
-19,-14,
16,82,
80,13,
19,67,
21,-18,
-19,-23,
-35,39,
-81,53,
20,40,
12,-21,
92,-36,
75,-13,
2,-44,
60,-61,
-1,-80,
33,-9,
37,53,
44,-13,
37,-31,
-60,-21,
-33,-31,
62,-42,
30,0,
-4,47,
-81,21,
-80,-27,
-55,31,
14,-2,
56,3,
60,17,
-15,23,
-25,-26,
53,17,
27,129,
-24,803,
-575,2881,
-1779,4864,
-2435,3839,
-1288,354,
447,-1685,
830,-441,
-123,1710,
-698,2461,
-275,1777,
197,713,
344,140,
157,2,
-30,147,
-133,372,
-183,446,
-108,144,
-41,-176,
-180,-473,
-183,-696,
-177,-491,
-98,-153,
-38,-4,
11,-90,
5,-224,
75,-297,
37,-193,
32,-65,
-41,-108,
-26,-254,
21,-286,
136,-247,
92,59,
-64,46,
64,-107,
155,-75,
163,-10,
48,45,
-68,-80,
13,-110,
31,-177,
37,4,
102,164,
-8,142,
-72,13,
-136,-19,
-37,-13,
66,-19,
109,6,
102,-53,
106,-107,
132,-78,
135,-23,
40,-50,
-107,-75,
-54,-118,
-1,-35,
32,41,
19,1,
94,-47,
144,-133,
100,-143,
52,-153,
29,-164,
39,-148,
168,-196,
100,-132,
25,-33,
-68,1,
-103,-37,
-48,-55,
112,-56,
9,-121,
-44,-98,
-29,-107,
106,-292,
132,-394,
32,-297,
17,-268,
90,-227,
125,-182,
81,-99,
-25,8,
-52,90,
-2,59,
-6,26,
11,-62,
34,-37,
-9,-24,
-28,0,
28,-30,
80,-83,
69,25,
34,-39,
42,-52,
58,-22,
37,-12,
95,-88,
51,-159,
68,-63,
83,-31,
-5,-141,
26,-151,
26,-100,
62,-92,
34,-76,
42,3,
-2,-55,
51,-80,
12,-62,
27,-45,
-29,-79,
25,-127,
10,-124,
-21,-82,
54,-90,
15,-117,
49,-33,
59,-30,
84,-46,
69,-77,
-16,-49,
-5,-94,
15,-16,
15,-24,
40,-37,
-34,-118,
10,-159,
7,-73,
61,-28,
-6,0,
-8,-78,
0,-29,
26,-81,
78,-37,
-8,-14,
-26,-57,
25,-46,
68,-39,
14,14,
-19,-39,
15,-13,
-28,-61,
66,-30,
54,-31,
8,2,
-97,40,
-40,1,
-1,-60,
-14,-107,
-15,-75,
19,-25,
35,20,
-35,23,
00>
_________________________________
00>
_________________________________
Sequence Number: 185
00>
00>
Printing STS0 CIR
00>
00>
_________________________________
00>
81,-62,
8,-29,
-19,35,
-67,29,
-29,-23,
-52,34,
-44,-66,
-22,-22,
6,0,
48,37,
-37,25,
-64,-16,
57,3,
43,-35,
88,-22,
93,-1,
65,11,
-13,16,
-27,21,
-55,-33,
-26,-35,
-52,5,
60,-2,
-23,-2,
8,-8,
-49,-21,
-5,74,
-6,48,
25,33,
-51,-14,
-4,-67,
-51,-59,
42,-3,
35,40,
30,-49,
53,-41,
23,-46,
4,-14,
-11,3,
-64,29,
34,49,
45,31,
-36,-3,
-37,5,
-8,43,
53,81,
2,62,
-63,-4,
-44,25,
28,2,
-16,39,
54,25,
70,10,
85,-18,
-27,34,
-44,23,
-26,21,
33,-10,
41,60,
75,21,
48,-32,
61,-47,
3,-23,
-4,-30,
-13,-34,
-19,-49,
-59,-24,
-68,-57,
-5,-47,
77,-62,
39,-36,
-21,77,
-56,90,
-38,24,
-29,-50,
40,-9,
-34,14,
-39,14,
-12,11,
-4,9,
-13,-65,
-11,-84,
18,-86,
14,47,
31,97,
3,27,
65,-4,
25,-21,
19,-26,
-6,68,
-17,59,
70,5,
41,-4,
-9,27,
-2,0,
2,-75,
21,-4,
14,23,
101,73,
158,50,
-9,-7,
-41,1,
-88,19,
15,-32,
50,-25,
27,-51,
34,-60,
11,-2,
-41,-14,
-13,-47,
-19,-4,
-15,13,
-33,57,
-8,62,
62,65,
18,17,
-61,20,
-57,25,
-21,45,
-36,31,
74,63,
60,60,
25,-43,
-18,-8,
102,-59,
47,-42,
37,-8,
14,-71,
35,-59,
-19,-34,
0,-39,
-25,2,
19,34,
17,-21,
6,8,
-15,-53,
40,69,
43,63,
109,42,
50,49,
-5,-9,
26,4,
-16,1,
-10,-12,
-27,-43,
-31,-61,
-4,-25,
-58,-23,
-27,-16,
-56,-54,
-54,-14,
-6,-15,
-1,-14,
-1,60,
-50,92,
3,23,
80,76,
79,64,
18,8,
-70,-20,
-30,33,
19,82,
31,-5,
24,-51,
66,-61,
55,-65,
-6,16,
-37,-29,
11,18,
93,24,
26,3,
7,-48,
22,-52,
53,-30,
-11,4,
-41,24,
-47,-22,
-5,-92,
14,4,
88,77,
26,-37,
-2,-34,
11,-36,
26,22,
29,70,
85,44,
37,57,
-69,-23,
27,-64,
57,-4,
6,34,
-15,56,
-79,-2,
-34,67,
17,51,
-38,22,
-28,23,
-12,38,
26,-31,
-24,-32,
-21,50,
-9,39,
32,13,
40,24,
1,37,
-8,14,
-51,5,
-25,-80,
1,-33,
9,-13,
29,-18,
126,-7,
46,34,
-5,-7,
0,-65,
-22,-71,
-24,5,
24,45,
17,5,
21,33,
16,53,
-51,4,
-51,-41,
76,14,
77,-36,
9,-57,
-6,-50,
27,1,
60,-66,
19,-44,
-43,-44,
-26,23,
38,-10,
36,-52,
-9,-29,
-50,-2,
-38,47,
11,-37,
84,16,
77,107,
29,43,
43,-142,
-26,-4,
26,3,
28,-4,
22,-45,
-35,-35,
-46,32,
-48,88,
6,1,
1,-6,
-17,69,
-22,89,
6,-26,
-44,-40,
-24,-53,
-23,65,
-33,95,
37,17,
79,7,
38,22,
30,39,
106,38,
58,12,
71,-15,
-39,-74,
-65,10,
-2,69,
31,-15,
51,-1,
20,-43,
-32,12,
-67,17,
-3,-23,
3,-46,
59,-26,
37,-34,
-38,-39,
-39,48,
-5,-73,
9,-67,
-1,-10,
-12,19,
85,26,
71,-33,
-2,-60,
-28,5,
-63,-13,
-61,-15,
-10,-68,
-65,4,
-74,-57,
-5,46,
1,62,
71,112,
68,64,
49,49,
-13,7,
4,48,
14,-79,
20,-16,
41,56,
-3,35,
-32,-5,
-48,-24,
-27,38,
-1,30,
77,-27,
66,-11,
18,55,
33,70,
-46,0,
-50,-58,
-43,18,
23,51,
134,20,
56,37,
56,36,
57,-41,
59,-18,
36,47,
78,84,
54,26,
-26,7,
-70,-19,
-20,51,
71,19,
28,-1,
-41,-7,
-39,53,
-26,-53,
34,-17,
31,5,
47,-8,
-21,-35,
2,63,
41,8,
7,-6,
-60,34,
-55,71,
6,-19,
64,-41,
-1,-66,
-26,25,
59,14,
70,15,
12,-29,
-37,22,
-23,29,
35,-2,
-46,6,
50,-105,
366,-612,
1524,-1972,
3233,-3158,
3602,-2142,
1641,433,
-694,1491,
-1547,126,
-1219,-1711,
-1095,-2134,
-1206,-1494,
-695,-576,
-97,39,
145,131,
-13,-162,
-81,-420,
-44,-529,
45,-230,
246,178,
377,455,
540,426,
500,130,
236,-75,
-29,-21,
5,211,
89,430,
46,274,
-95,38,
-127,-147,
-90,-175,
33,-122,
47,-61,
82,-17,
46,-82,
-15,9,
-96,142,
-162,312,
-99,193,
-28,-20,
-62,2,
-59,82,
12,130,
13,27,
35,-34,
31,-59,
55,-60,
65,7,
8,14,
58,17,
-67,30,
-157,140,
-152,200,
-162,166,
-45,61,
60,46,
76,24,
52,27,
20,76,
16,20,
-67,-74,
-37,-20,
5,73,
-2,82,
-52,173,
-115,152,
-118,99,
-78,46,
-104,121,
-14,81,
-4,25,
60,-20,
55,125,
108,290,
122,254,
174,183,
165,112,
141,153,
-39,167,
-58,94,
35,-24,
29,-45,
46,-105,
-60,-70,
19,21,
76,-39,
39,-42,
-3,-1,
-67,-32,
-25,41,
32,82,
119,35,
29,48,
-88,111,
-109,174,
-65,81,
-46,28,
2,24,
-11,-24,
5,-24,
36,6,
-19,73,
-2,-22,
43,-63,
8,79,
-34,105,
-84,2,
-78,-12,
-20,-18,
68,24,
14,0,
-84,8,
-53,-1,
-43,-4,
11,-32,
44,54,
61,-10,
38,21,
-23,61,
-71,76,
-100,-26,
-134,-9,
-78,3,
20,43,
-29,-1,
23,29,
2,-2,
-18,45,
9,40,
-24,105,
-48,46,
9,48,
65,118,
19,94,
-2,105,
-33,40,
44,29,
-9,59,
-27,-23,
-22,8,
8,-20,
-5,-17,
29,-43,
30,-3,
50,48,
-30,30,
-54,54,
23,60,
-20,7,
72,-19,
36,37,
-4,61,
-76,76,
-100,4,
-15,-9,
-15,74,
-63,18,
-9,-5,
66,-50,
83,27,
-54,29,
-47,-4,
00>
_________________________________
00>
00>
Printing STS1 CIR
00>
00>
_________________________________
00>
24,-44,
18,-26,
-120,-42,
-97,-46,
-35,-3,
-23,50,
49,63,
23,14,
28,102,
46,41,
-34,12,
-15,-58,
-73,51,
-26,58,
-16,-31,
-4,-41,
12,-17,
-70,64,
-45,31,
-71,-71,
0,-43,
1,-29,
32,16,
48,42,
33,6,
-23,-17,
-29,42,
-5,14,
2,-3,
-9,30,
8,113,
-32,125,
-19,80,
0,41,
42,38,
19,-8,
-13,36,
-58,72,
4,66,
-5,-1,
23,-39,
40,-97,
-21,-26,
35,-39,
-57,-4,
-112,43,
-144,125,
-37,92,
31,34,
36,17,
9,-26,
6,-5,
-4,19,
106,2,
56,-20,
-27,31,
-55,86,
-47,41,
-19,21,
92,42,
14,68,
57,16,
-76,-44,
-51,17,
-16,-4,
41,-9,
70,-43,
17,-67,
46,-20,
57,-48,
-29,4,
-30,-12,
-3,-16,
30,-9,
-8,14,
11,17,
-41,49,
-63,-41,
-34,-48,
-5,1,
34,-65,
32,22,
-12,38,
32,52,
25,-79,
-7,-26,
-49,10,
1,61,
-9,32,
30,16,
-28,-21,
-20,8,
-53,39,
-3,30,
18,10,
-10,-6,
50,8,
58,-40,
29,7,
0,-17,
-17,-16,
7,-27,
-10,-18,
-52,35,
5,-24,
88,7,
21,-3,
-47,-22,
-19,12,
-1,1,
-56,41,
-1,26,
-56,58,
35,64,
88,-7,
-34,-81,
-39,-76,
-6,-64,
-29,-82,
8,20,
49,52,
21,36,
-96,-42,
-27,-20,
-33,-6,
58,54,
36,49,
-22,3,
29,0,
-8,-54,
22,53,
77,-26,
-34,-30,
-82,-24,
-35,22,
-49,23,
-8,63,
40,11,
-18,76,
2,0,
-60,-76,
-96,40,
-67,66,
-12,88,
78,-20,
0,-16,
-116,-30,
-20,-13,
-17,-17,
11,-22,
25,80,
55,71,
35,57,
76,-38,
-30,8,
9,-32,
-22,-4,
-17,-37,
14,-51,
-34,-9,
-19,61,
24,39,
-36,-62,
-16,-45,
10,13,
-85,-16,
-110,-34,
-134,-82,
-41,-87,
20,15,
57,54,
95,32,
74,-41,
21,14,
17,31,
3,-21,
15,35,
-2,60,
0,-9,
-39,-21,
-45,-9,
-1,-34,
53,62,
95,74,
58,68,
-8,-22,
-83,-41,
-44,-56,
-5,-59,
39,-74,
39,-6,
-15,-48,
-81,49,
-23,68,
-56,84,
91,32,
87,29,
93,-20,
43,-28,
-57,-1,
-2,8,
-20,-4,
-43,-22,
-67,-11,
-14,47,
21,-2,
-39,-15,
-14,17,
-33,-35,
66,-10,
9,23,
31,-10,
42,6,
-1,50,
-70,39,
19,60,
25,9,
7,67,
12,110,
-57,51,
-67,77,
-17,26,
-15,7,
16,-47,
-25,14,
-7,57,
53,73,
18,-14,
63,3,
92,87,
87,111,
21,52,
-11,42,
-5,-8,
-13,6,
55,35,
65,-5,
35,-85,
-15,-49,
-81,-2,
-100,-27,
-64,-100,
12,-96,
61,-49,
22,-1,
-16,-3,
-31,-44,
-36,51,
11,63,
41,43,
56,27,
-16,55,
-23,11,
-8,-21,
-9,43,
13,77,
53,-17,
53,-98,
18,-43,
-35,5,
-37,-10,
-10,2,
5,-20,
-62,48,
-50,25,
6,-12,
-4,42,
-20,-5,
-41,-98,
-20,-54,
25,21,
-43,18,
40,41,
4,3,
-16,35,
45,-5,
18,29,
2,25,
-5,36,
13,0,
14,17,
-32,49,
-81,31,
-79,-11,
-79,19,
-4,-10,
48,68,
31,14,
11,2,
-8,-7,
48,-5,
-7,86,
11,12,
34,-80,
44,-123,
90,-31,
-29,7,
-55,47,
-30,70,
22,41,
41,13,
-48,-11,
-19,3,
-40,-5,
15,31,
64,2,
-4,-11,
-76,-14,
-23,13,
76,7,
64,-43,
49,31,
-13,60,
23,54,
19,-19,
-36,24,
10,21,
23,-13,
19,-18,
13,-14,
-70,-36,
-64,8,
1,75,
54,19,
12,-65,
-42,-29,
-71,30,
16,97,
73,14,
53,-14,
-39,-23,
-21,-10,
65,9,
15,41,
9,73,
-61,37,
-41,25,
51,-25,
26,121,
-20,62,
-4,-19,
12,-31,
20,-41,
-102,100,
-80,52,
-27,-11,
11,-68,
15,-27,
10,-4,
-40,-54,
4,-59,
-44,-57,
111,-648,
761,-2434,
2245,-4302,
3217,-3554,
2151,-283,
-52,2241,
-1673,2375,
-2195,1695,
-2244,1975,
-1795,2305,
-1040,1486,
-208,230,
130,-311,
-41,95,
-163,534,
-106,521,
-21,213,
169,1,
368,78,
482,237,
300,141,
-87,-88,
-268,-76,
-161,123,
-39,291,
23,296,
18,93,
-46,-121,
-20,-315,
-136,-322,
-110,-196,
71,-144,
178,-145,
178,-214,
22,-145,
-46,-144,
-13,-72,
-39,-112,
-83,-126,
-228,-140,
-221,-142,
-153,-160,
9,-181,
-69,-49,
-12,-29,
57,-117,
6,-57,
42,-29,
-43,84,
-29,96,
34,175,
-10,141,
-126,59,
-191,90,
-8,-24,
94,-34,
167,-89,
53,14,
28,-28,
-1,-86,
-38,-91,
-44,0,
-6,84,
-16,21,
-50,28,
13,17,
-90,5,
-39,-35,
77,-111,
3,-120,
75,-38,
67,149,
17,159,
86,66,
221,150,
155,203,
95,187,
84,-13,
94,-90,
97,59,
38,82,
40,-75,
6,-178,
25,-116,
-11,-38,
9,17,
54,-47,
133,-15,
106,43,
94,70,
-56,170,
-130,79,
-148,18,
29,-22,
59,49,
8,13,
15,85,
1,51,
-71,110,
-41,29,
-101,68,
-96,-7,
-55,57,
18,120,
47,21,
70,-23,
50,-45,
4,-39,
-6,-13,
18,-80,
-27,-94,
75,-10,
23,5,
12,11,
15,-66,
-71,-23,
-129,-26,
-42,-54,
-5,-37,
-10,11,
10,11,
-13,-12,
-45,53,
11,2,
17,-45,
47,-17,
19,-47,
-1,16,
4,-19,
-14,39,
-9,-9,
51,-30,
-66,-16,
38,-48,
-13,-42,
-5,-29,
-43,-9,
-37,-30,
-61,-59,
31,-33,
5,-79,
38,-2,
-50,29,
-52,55,
-55,8,
-46,3,
-50,-45,
-42,-17,
6,10,
35,-22,
-12,-15,
13,-33,
95,-49,
162,-1,
27,13,
-65,-1,
-15,-46,
-28,9,
-5,43,
68,42,
00>
_________________________________
00>
RX Timestamp: 620217993039
00>
Clock Offset: -885.201 Hz, 0.111 ppm
00>
RX Timestamp: 621290439635
00>
Clock Offset: -1134.396 Hz, 0.142 ppm
00>
_________________________________
Sequence Number: 62
00>
00>
Printing STS0 CIR
00>
00>
_________________________________
00>
-58,46,
5,68,
6,61,
76,-15,
38,47,
55,8,
9,25,
-35,59,
-25,13,
4,-52,
-7,20,
-64,-39,
-15,9,
48,24,
34,45,
-12,42,
52,45,
-4,39,
-49,-33,
20,-38,
-5,53,
15,-8,
30,2,
11,-24,
43,9,
3,92,
45,68,
29,4,
57,31,
-4,42,
-65,37,
-57,60,
-39,27,
20,-35,
36,17,
-14,38,
18,49,
20,64,
66,33,
22,28,
-22,3,
-15,15,
19,10,
-18,3,
14,32,
28,116,
34,17,
-31,-28,
3,-30,
35,16,
55,0,
39,30,
48,28,
8,2,
13,8,
-9,74,
-32,63,
0,-19,
75,-56,
41,-50,
-33,-54,
-28,-29,
-10,42,
-4,48,
14,27,
66,28,
25,53,
54,20,
-40,7,
2,-73,
-54,-31,
-68,-18,
41,43,
33,-6,
25,49,
-13,21,
12,-12,
5,-51,
-8,1,
9,-49,
91,-26,
31,27,
30,73,
9,55,
46,42,
-9,29,
25,56,
-19,144,
3,36,
-26,2,
-70,5,
22,22,
74,-52,
61,-28,
37,1,
33,17,
24,-10,
107,18,
74,12,
60,-38,
53,-37,
35,-65,
9,-9,
-15,-24,
49,63,
70,25,
103,3,
-3,68,
-20,187,
-39,42,
13,9,
1,-17,
-9,54,
29,22,
-24,-74,
-21,-44,
6,-66,
64,-68,
61,-46,
8,51,
-26,106,
-76,44,
-98,22,
-21,29,
-74,-17,
-1,9,
30,-41,
7,-52,
-21,-71,
-22,-16,
75,23,
103,-20,
39,37,
-27,61,
-42,25,
42,-34,
66,26,
60,-33,
57,16,
-35,-98,
-89,-14,
-30,0,
-5,49,
21,73,
31,-6,
34,-12,
-32,33,
13,-34,
65,25,
47,7,
39,-44,
34,-2,
27,-11,
85,72,
25,132,
-4,32,
-23,38,
52,20,
21,32,
10,-30,
-49,-25,
-36,-3,
42,52,
-7,12,
86,52,
-10,0,
-4,-21,
-19,63,
-31,8,
-20,69,
4,26,
22,-9,
26,31,
-6,20,
24,2,
70,-76,
-10,-66,
-54,3,
-39,49,
-22,47,
48,9,
33,66,
-17,124,
6,63,
13,-81,
24,-81,
2,24,
30,16,
34,-56,
3,75,
-48,9,
9,20,
52,44,
43,50,
38,-10,
-8,9,
-20,19,
57,-64,
35,-29,
78,-24,
21,-6,
34,39,
3,55,
14,14,
-29,-8,
13,-6,
5,25,
50,-6,
48,-62,
30,-15,
83,-2,
93,-32,
64,-64,
44,-18,
-25,59,
-93,27,
39,-27,
66,18,
2,57,
-60,-9,
-21,34,
27,33,
65,10,
34,98,
0,59,
-17,-25,
52,15,
42,49,
18,37,
-32,68,
-10,55,
27,14,
-5,-37,
-25,5,
-44,8,
-25,72,
8,-49,
17,-33,
40,25,
24,37,
40,64,
-1,18,
-13,37,
88,-6,
42,8,
-41,-10,
-8,15,
81,40,
32,-42,
12,9,
12,57,
-2,32,
38,36,
-43,34,
-28,-41,
54,-15,
5,35,
-41,-43,
-21,33,
0,62,
-1,-16,
30,-71,
2,-122,
-56,-40,
22,45,
93,85,
-14,-7,
-55,-44,
19,7,
-2,64,
72,58,
48,54,
57,6,
36,16,
27,53,
55,3,
56,-13,
-23,17,
8,112,
-1,147,
2,55,
-27,-61,
49,1,
36,-2,
23,30,
-21,34,
-25,49,
44,-55,
-69,19,
-6,-47,
16,-12,
10,30,
8,67,
-71,-20,
12,-24,
35,17,
49,117,
18,44,
-11,-28,
26,66,
59,69,
61,62,
19,3,
19,7,
-33,48,
31,6,
39,-2,
-2,21,
46,-14,
55,-59,
49,-65,
15,-25,
63,3,
36,44,
-35,13,
-10,21,
11,34,
-31,-16,
47,1,
-14,19,
-23,24,
33,7,
69,1,
24,13,
-18,6,
-72,9,
-39,16,
55,2,
89,4,
-2,1,
48,3,
-51,74,
-12,12,
9,-20,
-13,32,
-30,78,
-1,20,
29,10,
101,42,
51,31,
42,0,
76,-15,
27,-93,
22,-48,
-24,4,
11,52,
-10,70,
37,32,
93,8,
34,-59,
-2,28,
-56,35,
-57,55,
64,53,
15,53,
-330,-40,
-1751,-260,
-5421,-1303,
-7223,-2686,
-5107,-2982,
651,-1059,
3585,502,
2208,79,
386,-1471,
13,-2384,
220,-1785,
130,-783,
-63,-105,
63,134,
523,353,
815,522,
689,610,
408,304,
525,-167,
652,-551,
995,-866,
419,-814,
-183,-568,
-250,-50,
77,165,
246,257,
197,326,
39,264,
-111,236,
2,214,
106,185,
169,219,
121,185,
18,239,
-277,124,
-269,47,
-447,39,
-369,83,
-317,-59,
-137,-2,
-84,102,
-39,169,
-105,171,
-21,1,
26,26,
5,107,
-21,138,
5,83,
1,63,
145,26,
152,-18,
50,-87,
27,-56,
-31,23,
69,-64,
173,-169,
231,-194,
110,-35,
-1,95,
-36,172,
-106,245,
-116,181,
-18,-12,
-10,-141,
83,-230,
148,-93,
173,162,
35,157,
43,156,
-20,121,
-15,118,
-23,130,
53,68,
50,-15,
117,-79,
291,-84,
437,-35,
416,52,
260,86,
103,-49,
118,-92,
199,-137,
45,-48,
-76,58,
18,14,
60,-34,
89,-103,
69,-8,
11,3,
-54,43,
-38,108,
24,115,
140,145,
61,85,
83,32,
24,57,
44,101,
40,112,
42,167,
62,117,
69,56,
102,-4,
137,-78,
83,14,
-28,131,
-67,55,
-19,63,
71,8,
-12,-30,
-39,29,
18,83,
40,11,
30,-62,
75,13,
149,16,
85,70,
73,75,
45,31,
42,123,
-48,126,
28,10,
-36,-4,
51,28,
35,37,
30,38,
25,32,
54,33,
66,82,
45,79,
42,19,
-1,47,
47,42,
11,19,
39,40,
-65,-13,
-37,76,
-58,-10,
24,36,
11,60,
31,61,
-32,69,
9,45,
43,117,
26,53,
19,17,
0,36,
72,105,
29,76,
34,19,
24,-22,
-37,-9,
1,-5,
7,56,
-17,50,
27,36,
15,4,
4,0,
00>
_________________________________
00>
00>
Printing STS1 CIR
00>
00>
_________________________________
00>
46,-3,
54,-22,
41,-15,
28,-60,
24,-49,
-32,16,
0,-14,
7,-19,
-58,8,
12,-85,
-2,-16,
4,-29,
44,-65,
41,-12,
20,8,
116,12,
58,-26,
38,-42,
40,-5,
27,-13,
-58,-39,
46,-49,
30,-125,
55,-23,
57,41,
-19,90,
31,27,
1,-36,
94,-78,
36,-23,
67,-1,
19,-62,
21,14,
78,-48,
-1,30,
-23,26,
13,-30,
7,-51,
44,-33,
24,-15,
33,57,
-33,30,
4,-15,
12,-105,
35,-84,
-50,-28,
-27,53,
-26,40,
19,15,
58,-4,
-13,15,
-17,47,
-14,45,
16,37,
-5,4,
41,-8,
35,-18,
34,3,
57,-57,
16,-18,
-11,-17,
-60,-25,
-20,-90,
27,-21,
-13,-52,
-11,-70,
21,-55,
-6,-53,
2,41,
31,-13,
-25,-29,
-7,-31,
-22,-36,
-56,37,
-24,21,
-15,5,
1,17,
9,49,
-72,43,
-65,0,
-15,-6,
11,-49,
1,42,
0,-5,
0,-45,
-67,-58,
-31,-68,
20,-60,
7,21,
-10,36,
-25,31,
-76,12,
-85,-46,
-69,-13,
17,20,
27,53,
22,50,
44,-22,
75,19,
26,23,
37,-1,
40,-10,
31,52,
-21,-10,
-28,9,
-63,25,
-24,35,
-42,-8,
-104,17,
-30,-60,
-11,-59,
3,-39,
-6,-42,
-14,0,
39,38,
51,-15,
38,-31,
21,-37,
-14,-121,
12,-39,
-3,16,
33,-40,
-43,-39,
-61,-69,
1,2,
2,17,
28,34,
-19,38,
39,10,
65,24,
23,-23,
22,-20,
39,2,
-22,-20,
-53,3,
-78,4,
-36,12,
-17,61,
42,25,
-33,-49,
-73,-26,
-50,44,
8,64,
-4,36,
65,26,
66,-20,
43,27,
-6,23,
6,-68,
-21,-44,
28,-18,
-18,66,
24,67,
-10,5,
-24,21,
-16,-18,
23,-22,
22,-30,
-29,29,
68,50,
0,-19,
-11,55,
93,4,
19,-93,
-21,-44,
-93,2,
15,46,
24,92,
16,67,
57,34,
46,-33,
-38,-84,
-46,-49,
-27,-27,
28,-30,
50,42,
30,30,
-9,-7,
-9,-4,
63,-39,
-1,18,
59,58,
44,49,
-36,55,
-45,3,
17,0,
50,-39,
48,-2,
8,11,
11,-20,
59,-12,
39,15,
32,53,
36,-16,
6,29,
37,-50,
35,-26,
23,-27,
-6,68,
16,51,
7,16,
49,-54,
6,-69,
39,-34,
106,-31,
28,54,
-18,-29,
60,-19,
25,-12,
-13,76,
5,22,
-10,-56,
-20,-65,
-81,-37,
-36,35,
-93,45,
-8,17,
-9,-39,
-2,7,
28,24,
2,13,
-38,19,
14,-10,
2,47,
44,26,
24,14,
-76,-13,
-31,31,
32,-15,
-23,-11,
-36,86,
-7,19,
-33,-13,
14,-85,
-15,-54,
-45,-66,
-51,-37,
27,-37,
35,-53,
10,-35,
40,-27,
9,-62,
-5,28,
72,24,
3,2,
-22,11,
45,-29,
5,-71,
26,8,
-55,14,
51,-49,
13,-53,
0,-1,
-29,12,
9,39,
-1,-31,
12,-70,
9,-100,
-12,-46,
48,-30,
-21,32,
-39,6,
-4,-16,
-45,-17,
6,29,
6,-52,
40,-77,
2,-13,
-87,-28,
-49,62,
-25,-39,
28,-40,
4,-111,
-24,-31,
-20,-9,
-38,-46,
16,-55,
42,-11,
19,31,
7,25,
39,26,
43,-67,
11,-9,
-82,-1,
-33,2,
40,-7,
92,86,
82,4,
78,-41,
87,-62,
30,-17,
-4,-19,
-16,25,
-81,-62,
11,-19,
16,-14,
5,-35,
54,8,
41,-41,
-16,40,
-50,-36,
-23,82,
-1,45,
-9,-34,
-59,-4,
-59,14,
-36,-9,
-26,-57,
4,8,
-32,64,
-2,1,
38,-11,
34,-8,
-15,26,
-90,-9,
-113,37,
-39,-55,
16,-62,
-37,-6,
-1,42,
-54,51,
-15,45,
-16,11,
21,-10,
-19,7,
-27,-7,
-10,38,
4,57,
-9,51,
-9,34,
15,4,
34,-29,
-73,-8,
-68,8,
-57,32,
5,12,
-27,-27,
11,14,
-31,-8,
-26,24,
-2,40,
-5,37,
-22,99,
-35,104,
-28,72,
-32,-7,
-56,8,
0,3,
18,-34,
-48,10,
-64,26,
-32,30,
33,12,
47,-6,
74,-3,
-145,173,
-1550,560,
-5444,811,
-7624,-164,
-5845,-1797,
121,-1526,
2532,149,
13,1085,
-3302,1022,
-3863,648,
-2180,748,
-725,649,
-119,305,
-85,194,
-456,108,
-669,96,
-593,-29,
-154,-99,
284,-238,
415,-503,
884,-666,
552,-496,
74,-251,
2,-90,
292,-40,
418,-48,
395,31,
140,-1,
120,-63,
179,-155,
286,-159,
358,-11,
164,177,
-82,99,
-64,-145,
69,-85,
242,89,
111,214,
-61,86,
51,-193,
164,-170,
218,28,
3,202,
-222,172,
-200,-88,
-66,-251,
-27,-257,
17,66,
-71,258,
-77,132,
-6,17,
56,38,
89,93,
142,29,
46,-99,
55,-216,
89,-126,
29,-73,
11,-39,
56,105,
134,114,
205,107,
237,33,
193,-18,
232,-44,
216,23,
203,115,
112,127,
92,35,
19,-40,
-75,-99,
-5,-68,
60,-28,
17,15,
159,-13,
232,-61,
421,-56,
444,-90,
380,-99,
321,-119,
238,-58,
255,-39,
97,22,
12,32,
-19,58,
-24,-1,
75,48,
103,-67,
38,-114,
-29,-71,
-8,1,
22,63,
33,51,
11,52,
-42,66,
-65,63,
-26,-19,
33,-98,
73,-101,
13,-81,
-42,-57,
-4,-6,
20,-44,
89,-103,
53,-19,
-25,12,
-21,28,
30,-26,
26,-105,
31,-19,
59,0,
116,25,
41,5,
71,-56,
94,-61,
55,-46,
79,1,
96,-27,
171,-1,
64,3,
80,37,
89,27,
105,-10,
82,24,
-20,57,
30,23,
31,14,
81,33,
46,53,
-13,8,
-13,-39,
-50,-29,
19,25,
3,-15,
19,1,
-18,20,
-15,-51,
-9,-24,
92,-28,
43,76,
107,124,
17,21,
28,-10,
13,-10,
-9,34,
60,88,
-16,70,
-34,38,
-15,15,
4,-45,
90,-58,
10,25,
65,33,
-5,2,
-7,57,
-19,62,
52,40,
00>
_________________________________
00>
_________________________________
Sequence Number: 65
00>
00>
Printing STS0 CIR
00>
00>
_________________________________
00>
-90,68,
-79,15,
-17,68,
23,22,
34,-50,
41,-6,
-15,38,
-88,-4,
-3,8,
-28,-28,
17,16,
49,62,
54,26,
-14,3,
36,42,
-63,48,
41,63,
37,-44,
39,-11,
32,11,
-3,70,
-54,65,
-31,10,
-76,8,
0,50,
-65,-8,
13,59,
-1,70,
-17,0,
40,-20,
88,6,
-13,-14,
-20,-51,
-14,17,
11,112,
41,81,
-14,-28,
19,-60,
75,37,
17,22,
33,18,
34,-26,
-2,-38,
-59,22,
42,-7,
85,-35,
69,2,
6,30,
-24,35,
-7,20,
-41,73,
-47,14,
-22,56,
49,4,
-15,5,
0,38,
13,31,
71,-17,
-14,56,
-18,66,
12,20,
46,31,
55,-21,
-9,31,
-13,37,
-48,63,
-8,18,
23,3,
40,1,
23,11,
-24,-9,
-79,49,
-27,28,
50,56,
-2,-50,
40,13,
83,94,
36,48,
-43,21,
-65,-1,
1,-16,
-36,41,
-28,65,
-17,18,
-13,-21,
-32,33,
9,51,
-20,59,
5,-10,
72,-10,
61,37,
13,86,
-13,15,
55,-43,
-13,-5,
-16,14,
74,24,
-3,-16,
47,-23,
-7,-37,
17,-37,
-38,-55,
3,32,
14,93,
-51,74,
-64,30,
-1,44,
37,-17,
46,36,
-35,10,
-2,-47,
59,-61,
46,4,
10,25,
-21,5,
-3,-22,
-47,-64,
-23,46,
21,26,
71,3,
62,-36,
52,21,
-34,78,
-11,37,
7,43,
58,61,
33,-14,
26,3,
-19,41,
48,55,
9,122,
48,3,
-11,42,
-47,-10,
-22,-5,
-26,57,
73,54,
32,-14,
-52,-7,
-7,11,
58,-14,
44,-2,
40,33,
-25,90,
20,130,
11,96,
-8,7,
-7,47,
87,24,
51,9,
110,9,
53,-25,
33,-1,
-45,90,
8,45,
-38,5,
9,21,
27,-17,
67,-3,
29,-32,
-11,-46,
7,-31,
34,-12,
23,-39,
54,41,
12,-32,
23,-24,
19,90,
19,38,
55,-49,
24,35,
-38,71,
71,27,
68,-21,
37,-28,
5,-10,
-13,-16,
-35,-17,
7,-24,
0,-10,
-4,60,
6,30,
28,-27,
-31,-16,
-8,1,
-1,61,
29,46,
50,-31,
17,-66,
-9,-13,
-30,45,
-33,96,
14,62,
30,-18,
51,-9,
12,23,
33,-2,
-19,2,
-75,5,
-70,50,
-44,54,
-65,-39,
-8,18,
-5,19,
-53,41,
-66,4,
-46,-18,
-21,7,
-53,52,
-52,47,
-15,18,
-10,-21,
-5,-54,
22,-8,
8,34,
8,2,
-106,16,
-44,34,
9,-27,
-79,-100,
0,-60,
52,-34,
82,10,
-21,30,
-30,15,
18,31,
58,-28,
16,38,
9,70,
40,63,
-21,-19,
-11,30,
41,-35,
-23,19,
-16,12,
-16,-81,
11,-44,
28,13,
-13,22,
-55,23,
-89,37,
-17,53,
25,60,
14,56,
-11,-35,
-50,-76,
5,-56,
57,26,
53,32,
0,59,
22,4,
-6,-102,
-38,3,
-29,24,
35,-26,
-9,48,
55,-2,
21,31,
-23,46,
20,26,
61,-8,
61,-81,
70,-18,
43,-12,
45,-42,
-4,-44,
-22,-46,
-53,22,
-46,31,
55,50,
94,17,
47,73,
52,52,
57,9,
-7,-33,
1,2,
-32,18,
-55,40,
-89,35,
-40,57,
60,69,
74,52,
-68,50,
-137,79,
-70,-35,
46,-17,
-6,-26,
-11,-17,
0,-44,
3,-56,
39,46,
20,-31,
50,-45,
7,-28,
-31,-26,
-25,60,
-61,26,
76,35,
81,-49,
-29,-32,
-57,15,
-7,75,
-62,110,
-31,-34,
8,-72,
40,-1,
40,1,
0,34,
16,-7,
51,42,
14,32,
-35,106,
8,44,
13,23,
-21,8,
6,-15,
43,-10,
30,7,
-19,-32,
-40,-14,
-26,-15,
34,-17,
34,12,
-32,-21,
59,-52,
29,-12,
-6,4,
-32,13,
-24,15,
5,22,
-66,6,
-93,-26,
-77,-7,
-73,-53,
-16,2,
4,31,
44,36,
49,-17,
31,-45,
-26,-49,
-56,-2,
4,48,
43,31,
-33,9,
-14,7,
32,29,
19,89,
-21,87,
-1,0,
-28,-8,
12,27,
40,-16,
11,-6,
5,-33,
40,-90,
19,18,
-34,47,
139,44,
964,13,
2897,455,
4322,1472,
2784,2165,
-362,1386,
-1671,-217,
-250,-1296,
1286,-1695,
1331,-1886,
472,-1509,
3,-606,
-45,116,
-28,159,
158,-149,
398,-316,
398,-248,
56,56,
-154,368,
-234,556,
-61,554,
113,251,
192,28,
-15,34,
-195,178,
-370,250,
-174,40,
64,-115,
89,-157,
89,-59,
65,-71,
59,25,
201,-4,
119,12,
-71,-72,
-211,-45,
-193,-13,
-124,3,
-51,5,
-62,-43,
-11,-14,
-48,-2,
-89,33,
-61,-9,
48,-51,
204,-48,
150,-78,
83,-94,
-102,-23,
-142,77,
-115,77,
-189,24,
-172,-4,
-47,-1,
51,24,
72,60,
112,99,
38,59,
-32,-62,
-86,20,
-16,40,
-45,19,
-76,-48,
-156,-39,
-116,-107,
-131,-95,
-190,-56,
-172,12,
-136,30,
-50,66,
-55,83,
-111,160,
-110,164,
-75,175,
-71,213,
-107,133,
-102,153,
-132,71,
-11,-24,
123,0,
152,10,
7,89,
-26,96,
11,44,
44,-41,
41,-22,
49,-2,
-7,-2,
0,18,
-45,71,
-71,17,
-79,25,
-22,56,
-41,-23,
-51,-8,
-58,-21,
50,-26,
33,45,
-64,39,
-52,-5,
-66,-21,
-57,39,
-103,17,
-62,23,
-97,-52,
-101,23,
-10,1,
27,22,
-12,46,
-62,7,
-91,-19,
-34,51,
69,39,
-8,-5,
-57,1,
-67,34,
-82,-11,
-43,44,
-85,9,
-98,57,
-134,34,
-117,7,
29,-56,
37,-35,
40,32,
37,-26,
-64,-55,
-76,-95,
-34,-97,
12,-20,
-56,41,
16,-23,
69,28,
2,68,
-23,56,
-71,-9,
-99,-37,
-79,-14,
-70,40,
-28,-46,
13,-38,
-41,6,
54,8,
-30,-31,
-24,-35,
-94,-42,
-66,-27,
-37,-15,
62,25,
24,17,
-40,136,
39,67,
1,32,
-62,27,
-22,-36,
00>
_________________________________
00>
00>
Printing STS1 CIR
00>
00>
_________________________________
00>
42,29,
57,-38,
56,-57,
-65,-14,
-119,-34,
-67,31,
-45,71,
98,12,
23,-100,
-19,-67,
-13,31,
58,90,
4,32,
-70,-1,
-50,76,
-150,71,
-176,-42,
-79,9,
-8,42,
-10,56,
-19,8,
-15,-16,
-31,56,
-89,100,
-124,-12,
-24,-86,
8,-74,
10,-35,
-62,-65,
-48,-38,
1,-19,
83,-1,
80,-54,
18,5,
47,82,
2,60,
-45,-15,
-85,93,
-51,27,
34,-76,
23,-88,
-14,-21,
-28,-6,
-98,1,
-140,-61,
-81,6,
22,13,
6,31,
-7,-4,
-48,-35,
-8,7,
-34,-48,
-15,-35,
9,43,
12,18,
30,2,
33,-76,
2,-40,
-35,-1,
49,25,
74,36,
-68,105,
33,120,
-20,26,
47,-35,
17,2,
27,-4,
0,46,
-17,-34,
-45,-28,
48,-55,
21,-71,
-77,-115,
-44,-44,
78,1,
61,144,
-22,64,
-2,-2,
-17,62,
-8,98,
46,19,
17,20,
-44,-24,
4,12,
-59,15,
-31,-22,
-53,-34,
-10,45,
40,34,
27,26,
-44,0,
-5,-98,
13,-102,
88,-44,
110,-33,
83,-70,
25,-31,
-9,-17,
38,-66,
-34,-56,
-89,47,
-54,60,
-17,33,
88,50,
98,13,
42,49,
48,-79,
91,-25,
31,-1,
-38,49,
38,-59,
4,39,
142,26,
36,59,
-27,-22,
-19,-29,
31,-11,
52,161,
61,113,
37,108,
-94,63,
-98,92,
-30,92,
-16,17,
37,-73,
10,-93,
14,-35,
-21,51,
80,34,
-13,12,
-6,-18,
29,-36,
68,-62,
47,-23,
-21,-39,
30,37,
22,6,
57,90,
42,131,
-51,119,
-108,51,
-56,-11,
-75,-12,
33,-35,
-21,-7,
-14,10,
-9,58,
-6,36,
60,-25,
17,-27,
10,-59,
73,22,
33,10,
-57,13,
-16,-47,
-39,-45,
-31,27,
31,-51,
27,16,
57,4,
-34,-23,
-11,10,
-42,-14,
-22,-34,
-21,-4,
25,31,
45,25,
87,102,
-13,-1,
18,-56,
-9,-5,
22,63,
37,-30,
-10,-90,
59,5,
44,53,
5,96,
17,21,
12,-13,
-13,19,
36,10,
-29,6,
-89,25,
-47,94,
-26,80,
53,-9,
25,39,
13,35,
-35,-30,
-42,-49,
-63,2,
-4,73,
0,2,
-13,58,
-51,28,
52,0,
68,9,
16,-14,
-10,-35,
-2,-64,
40,7,
-19,29,
-32,84,
-46,-7,
47,-37,
29,-2,
-85,-20,
0,27,
57,51,
13,47,
-35,11,
-16,2,
-39,20,
56,39,
69,64,
43,-12,
-69,94,
-78,16,
24,-4,
97,2,
28,-4,
22,29,
44,49,
53,-65,
-25,-14,
12,-11,
94,-30,
46,-29,
23,-6,
-46,22,
-4,4,
-41,17,
-49,-10,
-47,29,
-37,-13,
-46,-67,
-29,-49,
30,45,
-51,34,
48,-86,
11,-28,
-14,7,
52,73,
-39,2,
-47,-43,
-48,-4,
-38,13,
-68,76,
-4,57,
80,-51,
-61,-98,
-124,-30,
-36,4,
21,-56,
2,-53,
37,-1,
44,25,
-37,-25,
14,78,
-21,54,
40,-57,
-10,-26,
-11,24,
-41,55,
-4,-20,
-55,-55,
19,-45,
70,53,
58,-14,
-11,-26,
-62,40,
-85,-33,
-44,37,
22,-60,
-24,-71,
-30,43,
-32,61,
55,-22,
22,-27,
-20,18,
15,-3,
20,-56,
48,-45,
11,-5,
-25,-2,
-30,87,
60,-8,
76,6,
53,19,
35,36,
40,-2,
43,41,
36,-61,
38,22,
28,55,
26,35,
55,14,
-18,-5,
-67,12,
-28,-17,
7,40,
50,14,
77,76,
56,26,
-24,16,
-26,-6,
13,23,
-55,12,
-31,1,
-78,40,
-84,11,
22,55,
24,16,
17,44,
-17,12,
23,-47,
-2,-59,
20,-7,
9,18,
61,28,
-8,-10,
31,-18,
-24,-44,
-21,-58,
-6,-101,
1,-36,
8,43,
39,49,
-9,33,
-72,-28,
-14,24,
22,35,
7,-57,
9,-79,
17,-12,
17,-35,
21,1,
5,44,
57,-40,
4,-60,
-17,14,
-96,42,
-160,-10,
-80,-34,
11,-15,
21,-2,
5,56,
23,3,
23,-4,
-3,-85,
-46,-106,
-42,13,
55,34,
-34,-10,
-5,-9,
-18,-45,
-16,-73,
162,-134,
945,-392,
2999,-560,
4947,206,
3843,1421,
252,1749,
-2317,816,
-2638,-594,
-2447,-1186,
-2827,-1021,
-2655,-461,
-1290,-155,
29,-8,
286,60,
-179,28,
-494,35,
-522,40,
-259,135,
110,238,
166,448,
74,496,
78,275,
77,-106,
-89,-156,
-260,2,
-307,114,
-212,73,
28,-4,
219,-150,
243,-238,
159,-294,
147,-179,
158,2,
178,36,
258,-24,
108,-37,
68,-1,
95,28,
128,-2,
41,-176,
75,-304,
90,-374,
86,-276,
31,-57,
1,55,
53,42,
87,24,
24,-1,
56,3,
20,34,
-133,87,
-289,146,
-216,35,
-227,-26,
-129,31,
-11,86,
115,185,
42,83,
39,84,
51,28,
47,24,
46,-65,
16,-74,
-7,10,
-1,-3,
-25,-60,
-105,-80,
-62,-38,
78,-19,
139,-102,
105,-84,
-8,84,
67,180,
141,138,
74,105,
-115,148,
-121,249,
-107,163,
-46,133,
86,59,
43,91,
87,135,
100,143,
131,-62,
47,-59,
20,-52,
9,-20,
-33,-12,
-57,63,
-49,17,
-17,-64,
-55,-69,
-64,-22,
-72,-4,
21,73,
-32,39,
-91,44,
-50,63,
-75,-40,
-17,-80,
-57,-46,
-21,-59,
24,-39,
-68,-11,
-64,-61,
13,-55,
61,-24,
67,-3,
57,11,
4,-25,
9,-42,
-18,-58,
41,-78,
24,-10,
40,26,
-24,30,
-8,0,
-61,-34,
36,-52,
-22,21,
-52,7,
-124,18,
-115,-8,
-74,-92,
-62,32,
50,21,
39,100,
-47,14,
-78,2,
21,4,
118,-49,
90,-87,
14,13,
3,-16,
-57,6,
12,0,
-42,-14,
-2,-77,
-39,-60,
-7,-91,
64,1,
40,24,
12,-6,
-85,-10,
-30,-20,
-33,-32,
15,-58,
17,-31,
27,-35,
-26,13,
8,5,
17,-29,
-39,-33,
-83,49,
-91,44,
00>
_________________________________
00>
RX Timestamp: 760317200168
00>
Clock Offset: -617.409 Hz, 0.077 ppm
00>
RX Timestamp: 761389499326
00>
Clock Offset: -405.407 Hz, 0.051 ppm
00>
_________________________________
Sequence Number: 198
00>
00>
Printing STS0 CIR
00>
00>
_________________________________
00>
-7,-18,
-6,1,
-68,34,
-60,10,
-55,13,
3,8,
-1,-11,
49,-29,
0,93,
-19,42,
-52,-10,
2,43,
6,30,
-6,25,
41,-5,
13,-30,
20,22,
13,14,
-11,-21,
-18,-37,
34,-128,
37,2,
28,-1,
-13,40,
19,-7,
81,-26,
24,-30,
50,56,
1,16,
6,66,
-2,-10,
2,0,
-38,-13,
16,9,
16,12,
5,39,
-45,70,
11,52,
0,81,
33,56,
8,60,
-32,58,
18,-17,
20,-44,
36,-72,
-7,-18,
-35,-8,
-34,33,
2,19,
48,26,
30,-24,
17,6,
-70,27,
4,-5,
-13,6,
16,58,
-17,42,
-108,53,
5,37,
19,68,
70,11,
37,17,
19,-26,
29,18,
31,24,
50,18,
46,42,
54,44,
2,27,
45,101,
14,80,
-57,8,
-81,-45,
-21,-83,
18,-38,
-15,20,
-61,8,
-13,36,
-34,61,
24,-38,
13,-15,
20,-15,
-7,36,
-30,5,
45,-28,
-10,-27,
-32,-45,
-68,13,
8,20,
35,23,
71,1,
88,46,
49,59,
-77,55,
-54,48,
-27,36,
4,46,
64,20,
5,-21,
-18,15,
5,-34,
-5,9,
31,-19,
89,-65,
2,1,
13,-8,
46,26,
5,29,
-11,27,
-33,31,
22,51,
-29,2,
-33,-38,
-44,24,
-24,57,
-61,21,
34,-76,
15,-88,
17,-55,
46,-30,
-9,19,
-57,31,
-19,31,
-19,-50,
42,-47,
0,-15,
4,-44,
14,34,
13,32,
25,38,
37,0,
-33,-41,
11,-35,
33,20,
-10,27,
6,28,
2,-7,
39,-19,
-9,-11,
-26,-24,
-38,7,
-18,19,
-2,22,
-27,-54,
32,5,
-6,-24,
-38,-39,
-20,-9,
27,17,
8,56,
0,-19,
-26,-6,
-44,6,
-38,16,
10,50,
25,-34,
90,-23,
57,33,
20,54,
10,51,
30,29,
39,13,
3,26,
-50,84,
47,82,
2,76,
15,59,
13,9,
41,-10,
18,28,
-23,-15,
-73,-23,
27,20,
69,-5,
54,-20,
-13,5,
10,-35,
-7,1,
29,-6,
5,-31,
-59,-45,
1,-40,
13,-93,
100,-50,
119,0,
61,62,
-8,20,
79,3,
85,3,
17,-29,
77,10,
39,75,
-7,62,
-23,0,
-23,-35,
6,-11,
-4,12,
-16,11,
-23,64,
49,20,
0,8,
1,10,
-48,-2,
-20,-4,
-55,-27,
-12,-32,
4,-6,
52,26,
-10,35,
20,34,
33,58,
27,-16,
-22,-60,
18,2,
-10,-26,
56,-34,
-25,20,
30,36,
16,13,
35,76,
-14,72,
-18,-22,
-12,-11,
-20,44,
-46,12,
-55,77,
-30,27,
4,7,
85,32,
17,93,
3,67,
1,-25,
-44,2,
-1,-4,
8,-13,
26,-48,
-33,40,
-35,94,
-51,63,
-20,39,
1,-24,
3,-14,
-1,-26,
-67,10,
-27,68,
-6,17,
8,36,
-34,16,
18,15,
23,-5,
26,-4,
-55,34,
-36,27,
8,7,
55,1,
29,11,
-6,60,
23,11,
0,26,
40,15,
15,21,
53,19,
28,17,
56,89,
-3,63,
-57,-36,
-10,-26,
-12,50,
-6,14,
5,-18,
-54,-40,
1,8,
36,27,
18,16,
13,27,
6,2,
25,12,
-6,36,
-6,-27,
6,-13,
11,31,
31,-76,
20,-7,
-10,-28,
-32,-56,
-21,47,
-12,8,
-18,29,
61,35,
79,-14,
3,27,
-86,32,
-7,32,
35,-35,
22,-82,
-27,-47,
-37,4,
-36,39,
-11,18,
3,6,
-34,61,
-49,41,
16,19,
45,31,
14,53,
75,8,
31,-19,
21,31,
-71,47,
18,51,
-8,26,
92,30,
110,-4,
7,3,
7,15,
-38,39,
-39,71,
3,13,
16,21,
10,-16,
-12,-13,
-4,-20,
-5,16,
10,-8,
-35,-7,
-68,16,
-35,56,
-25,84,
11,76,
19,-31,
5,-52,
-83,5,
-88,38,
-22,39,
51,31,
49,25,
2,3,
-20,-32,
-10,-17,
39,6,
20,-19,
14,-35,
17,-42,
77,-3,
14,-23,
-71,37,
19,43,
5,-41,
27,56,
32,50,
-29,56,
-25,36,
14,33,
-45,58,
113,35,
964,-641,
5218,-2906,
7856,-3799,
7966,-2373,
4604,1196,
-3332,2945,
-4337,2172,
-283,1549,
1905,2593,
1735,2704,
820,1427,
307,250,
-27,-92,
-533,37,
-1160,129,
-1380,-82,
-948,-53,
-561,351,
35,812,
-17,1376,
9,1593,
588,1047,
802,35,
93,-143,
-442,-190,
-554,-265,
-290,-355,
-177,-220,
-70,-158,
-173,-113,
-290,-118,
-349,-148,
-274,-143,
-144,-347,
-50,-292,
-9,-409,
597,-498,
622,-422,
476,-281,
39,-247,
-65,-359,
-46,-383,
49,-152,
69,-40,
-65,-108,
-128,-138,
-106,-107,
-128,-65,
-55,-7,
-120,93,
36,89,
36,69,
90,23,
135,127,
215,339,
25,394,
-111,398,
-175,111,
-101,-153,
-41,-168,
-2,-214,
29,-117,
105,124,
87,376,
-38,410,
-319,220,
-104,-130,
-78,-162,
-157,-97,
-91,-75,
-122,-12,
-118,6,
-205,24,
-74,271,
-88,457,
-294,360,
-445,284,
-369,142,
-210,150,
-30,153,
60,131,
93,110,
22,53,
11,56,
70,87,
-54,130,
-85,-4,
-68,-81,
-45,-75,
-3,-60,
-64,-71,
-83,-49,
-77,-24,
-82,2,
-85,29,
-105,9,
-180,-29,
-153,-138,
-38,-172,
-22,-95,
-128,-67,
-48,153,
-81,125,
-57,76,
-87,-8,
-24,1,
-33,-36,
-5,-33,
31,-6,
39,-26,
56,-10,
119,87,
35,145,
-77,183,
20,136,
14,91,
-171,-23,
-111,-90,
-122,-73,
-34,-15,
-60,-63,
-84,-76,
1,23,
26,40,
-38,11,
-20,-9,
-34,2,
-38,33,
-48,-24,
-54,-3,
-27,-18,
-19,58,
-49,61,
-12,0,
-13,6,
-65,25,
-82,-67,
-103,-21,
-114,44,
-63,45,
-34,-4,
-40,-18,
-12,-31,
22,-3,
-4,-70,
33,-58,
2,17,
-20,63,
-39,116,
-60,112,
-58,54,
-30,25,
-98,-51,
-86,-59,
-24,-46,
-47,-22,
-39,-72,
00>
_________________________________
00>
00>
Printing STS1 CIR
00>
00>
_________________________________
00>
-8,26,
15,9,
1,-38,
-10,36,
-30,61,
41,87,
22,35,
4,16,
9,-20,
12,-2,
51,102,
69,104,
74,35,
39,-40,
-8,-3,
11,-24,
28,14,
31,-24,
10,15,
27,-6,
-11,-15,
-4,-11,
-5,-42,
21,-31,
7,104,
-33,39,
-42,-18,
-66,-120,
-13,-69,
-2,-3,
-8,46,
-6,49,
-25,-1,
-6,-24,
42,-26,
18,80,
54,159,
34,96,
0,67,
-1,0,
24,39,
5,15,
11,-43,
-23,-39,
-48,-66,
-29,31,
31,10,
25,14,
-14,-36,
-14,-4,
-23,0,
-7,33,
46,13,
27,54,
-5,28,
-16,62,
-39,6,
-8,35,
38,-11,
65,28,
26,43,
86,-34,
40,-5,
16,57,
50,-20,
73,36,
33,27,
21,40,
32,38,
12,10,
54,23,
38,18,
-2,-2,
16,9,
43,34,
45,18,
83,-22,
33,-30,
42,-14,
-1,6,
51,0,
21,27,
-20,39,
10,6,
39,80,
8,58,
-34,20,
-38,32,
24,20,
37,76,
36,21,
-20,20,
-7,-22,
-32,22,
-18,19,
-14,10,
-1,21,
-34,15,
-11,1,
42,-24,
-2,1,
43,11,
34,20,
1,-3,
-11,42,
53,20,
24,33,
28,32,
24,-36,
-34,-7,
5,36,
-23,12,
12,20,
24,38,
47,51,
48,-31,
-9,15,
8,88,
-25,50,
37,39,
62,-24,
-26,-46,
-36,-4,
3,16,
-9,-45,
-1,-3,
-11,-6,
3,-9,
47,18,
61,-20,
9,-5,
-30,-35,
-3,-71,
21,-29,
20,-60,
111,-34,
55,-18,
4,-37,
-12,17,
22,-18,
69,59,
-9,53,
24,1,
60,-20,
66,5,
8,18,
-85,27,
-60,-22,
-76,-31,
-22,-37,
74,16,
62,29,
81,30,
24,-1,
41,19,
8,-4,
-58,-41,
-27,-12,
-25,39,
-13,9,
33,41,
2,-25,
-10,-31,
7,-23,
-46,63,
5,21,
-6,-59,
74,-79,
20,14,
29,8,
22,-15,
65,56,
-42,31,
-20,-33,
-37,-7,
-11,28,
6,29,
20,-27,
18,-38,
20,23,
-20,79,
32,83,
27,54,
43,96,
-5,17,
56,39,
52,-54,
26,41,
-13,32,
-1,87,
41,81,
54,-11,
5,15,
-47,12,
63,-23,
97,0,
66,25,
43,45,
0,4,
-69,-44,
19,-16,
-29,-37,
7,14,
15,1,
-26,35,
-8,-21,
19,18,
22,-3,
19,29,
-67,-7,
-49,67,
19,41,
-4,55,
20,35,
13,-48,
-6,-28,
50,-20,
35,1,
118,6,
86,62,
23,16,
-3,9,
-86,20,
-24,48,
0,15,
-7,-53,
-17,-40,
-1,-17,
-69,4,
3,2,
45,-8,
26,82,
72,-18,
1,41,
-38,-64,
-55,-28,
-26,-15,
12,51,
-23,69,
52,53,
34,-29,
-41,-12,
26,44,
-29,23,
3,-15,
4,-6,
-13,-6,
-18,46,
59,2,
55,44,
22,37,
5,-68,
30,-39,
-40,10,
6,-25,
21,28,
28,-45,
8,-69,
-11,-31,
-2,17,
34,97,
18,67,
65,146,
39,46,
29,-2,
1,2,
51,28,
26,-1,
40,-55,
76,35,
-4,74,
23,-29,
-9,-15,
-17,12,
27,62,
30,29,
65,19,
-2,-8,
-1,35,
-14,-15,
-7,-36,
29,103,
18,64,
3,82,
50,52,
7,58,
-3,36,
23,-11,
-13,-13,
2,-24,
2,-30,
-1,-5,
21,6,
-15,-9,
-10,-23,
10,8,
83,17,
18,-7,
-23,23,
-2,1,
-23,-83,
29,22,
25,18,
-14,6,
9,-57,
12,-43,
56,-12,
15,18,
-35,-21,
-29,-48,
0,-37,
83,-44,
54,92,
64,56,
-49,-13,
-63,-36,
21,-41,
25,33,
17,46,
-34,35,
-13,-3,
27,-30,
-17,-16,
4,-12,
-7,-23,
3,-33,
0,-11,
41,89,
33,-30,
35,-28,
56,-66,
65,-56,
-23,26,
4,1,
-47,-5,
-11,-31,
16,16,
7,-8,
-39,-13,
-6,24,
0,94,
45,36,
-7,10,
-29,47,
-33,-100,
-49,-29,
23,-5,
-19,10,
-12,29,
-44,44,
-8,1,
37,48,
32,4,
39,-16,
62,-101,
606,-846,
4510,-3802,
7259,-4069,
7927,-1901,
4905,1517,
-2468,2234,
-2450,-551,
1875,-3129,
5219,-3821,
3906,-2880,
1105,-1437,
44,-591,
-87,-177,
148,-178,
484,-345,
702,-358,
560,-225,
-4,357,
211,476,
242,870,
-729,1459,
-421,770,
39,248,
-193,284,
-422,422,
-621,482,
-301,194,
-59,88,
-32,183,
-166,318,
-285,256,
-317,36,
-162,-58,
149,23,
120,246,
25,124,
-410,-111,
-20,-184,
167,107,
-93,421,
-273,413,
-280,47,
11,-368,
106,-127,
182,125,
147,210,
53,68,
-46,-114,
-10,-218,
-113,-143,
-51,-54,
-67,-119,
-267,-148,
-78,-40,
41,177,
37,272,
-23,137,
-57,25,
1,-76,
-143,-34,
-219,-5,
-234,26,
-171,89,
-209,110,
-277,61,
-461,48,
-178,-218,
-52,-164,
-34,88,
60,141,
18,195,
-92,232,
-108,11,
-104,-14,
-322,188,
-402,267,
-435,310,
-344,266,
-303,290,
-339,227,
-292,120,
-309,173,
-20,12,
7,16,
31,5,
27,2,
-74,79,
-5,223,
114,166,
45,113,
-38,32,
-109,-21,
-59,-36,
-60,-59,
-51,-128,
-9,-66,
-35,52,
-124,213,
36,81,
46,76,
65,92,
32,102,
-78,59,
-71,47,
-62,53,
-85,67,
-80,71,
-39,75,
-37,100,
-60,91,
-65,103,
-64,59,
-11,13,
-77,84,
-10,-35,
1,10,
-216,69,
-199,128,
-138,-10,
-186,3,
-107,0,
-169,75,
-127,108,
-96,2,
-44,-29,
17,-72,
-28,-46,
-74,1,
-51,-10,
-71,62,
86,168,
78,137,
-20,89,
-25,26,
-68,-11,
-114,32,
-58,57,
-119,39,
-33,46,
-52,47,
-18,-7,
-35,-39,
-79,-1,
-72,62,
-36,17,
-80,-22,
-16,-61,
27,1,
-18,121,
-141,136,
-64,81,
-35,18,
5,32,
48,-22,
-65,74,
-64,41,
-61,19,
00>
_________________________________
00>
_________________________________
Sequence Number: 201
00>
00>
Printing STS0 CIR
00>
00>
_________________________________
00>
-20,-36,
4,-62,
-4,44,
-34,-17,
-14,-22,
-20,18,
-28,0,
-81,19,
-11,35,
8,7,
21,19,
32,-35,
-70,-2,
-21,19,
7,-13,
42,33,
-40,-24,
-35,-6,
15,31,
-56,4,
-20,15,
-28,77,
23,50,
68,-23,
27,31,
47,30,
103,-20,
28,114,
36,79,
5,-12,
-15,7,
24,-15,
-7,-43,
-8,-7,
83,-16,
7,-56,
-38,-9,
22,-29,
70,-1,
-30,36,
5,15,
-18,5,
-42,25,
1,-58,
78,-100,
32,-61,
-25,-1,
-31,63,
51,21,
80,-46,
9,26,
-19,44,
-28,37,
28,22,
89,27,
13,-47,
-42,42,
-24,-11,
45,3,
26,-26,
36,5,
-8,-37,
-16,-36,
-37,-41,
-59,-21,
21,-34,
-7,-7,
41,4,
56,-13,
-45,-10,
-28,31,
37,21,
16,-55,
-29,-54,
-96,-34,
-106,-12,
-46,93,
19,-20,
-28,-74,
-52,-30,
9,64,
4,49,
-16,-26,
20,-25,
16,-36,
-1,39,
-41,28,
-35,14,
-5,29,
25,-34,
7,-49,
43,-100,
73,-34,
-14,-59,
-39,-10,
8,-26,
36,-5,
-7,93,
-19,60,
87,48,
-16,-28,
-47,11,
1,57,
-41,84,
-53,52,
-66,22,
-56,-59,
-38,-62,
34,45,
51,24,
1,1,
52,-3,
6,49,
-62,34,
-1,43,
34,57,
22,46,
77,19,
29,-11,
94,45,
68,22,
12,49,
-79,128,
-43,96,
-23,56,
52,45,
28,15,
-46,9,
-75,40,
-55,37,
-33,-3,
-29,-6,
-17,-9,
-3,14,
-65,29,
-46,-20,
-8,23,
28,-28,
-18,-2,
16,32,
11,-27,
-31,-40,
-54,-65,
16,62,
23,66,
-66,44,
-50,-42,
-99,5,
9,68,
12,38,
-29,27,
19,-4,
90,24,
35,52,
-59,35,
-38,17,
-4,-88,
-46,-89,
-39,15,
-68,38,
-17,33,
-42,19,
37,8,
-58,5,
-24,4,
22,58,
27,-79,
1,-102,
-42,6,
10,60,
34,26,
23,90,
-28,25,
-74,-20,
-141,23,
-17,104,
54,-13,
55,65,
51,-29,
-16,-10,
-92,37,
10,-86,
54,-49,
9,32,
-54,10,
-11,8,
-42,33,
-64,8,
-30,-20,
12,-1,
29,-58,
-55,32,
-58,5,
1,21,
14,43,
99,27,
36,20,
56,76,
-3,29,
-56,-46,
-22,50,
48,79,
32,86,
-34,32,
-15,-65,
-29,0,
78,79,
24,47,
54,-50,
-37,10,
-22,-9,
-37,-8,
-25,-76,
-13,-48,
-26,131,
19,95,
-10,-38,
-13,-78,
15,-15,
-34,38,
-58,49,
-31,-14,
25,-12,
6,49,
12,54,
33,37,
-10,-74,
4,-54,
72,-70,
9,-36,
28,-4,
30,-32,
-16,-52,
-22,-78,
61,-26,
27,-28,
49,-15,
20,-58,
9,-42,
56,38,
35,-3,
105,11,
56,77,
68,43,
13,-11,
-5,4,
22,18,
2,20,
78,-18,
19,-48,
23,33,
-83,-14,
-41,-101,
-53,-81,
47,-31,
25,5,
2,12,
23,61,
15,20,
29,-30,
-9,7,
-16,-53,
37,8,
81,74,
68,75,
-8,7,
-6,-38,
70,-21,
72,-78,
38,28,
4,-38,
-36,27,
-21,10,
-8,13,
5,68,
73,12,
31,-41,
12,-24,
-32,7,
-26,3,
26,8,
-2,42,
-5,13,
62,-6,
40,60,
39,61,
14,-34,
-17,-42,
-11,43,
-35,48,
-52,-17,
48,-11,
79,-54,
98,39,
-14,48,
12,38,
-30,25,
13,-16,
79,-53,
28,-55,
59,2,
51,-17,
28,49,
-20,-32,
17,-21,
26,-47,
66,-19,
57,29,
-36,83,
2,71,
-52,57,
-112,-24,
-38,37,
26,-12,
113,-15,
83,3,
4,-42,
-63,-12,
28,-48,
9,16,
-89,82,
-81,46,
-38,23,
10,44,
17,17,
43,-41,
27,-69,
-36,-26,
6,3,
59,26,
38,35,
7,25,
18,-16,
-8,-54,
-3,-53,
0,-76,
32,-76,
-1,-25,
27,14,
-11,-26,
19,12,
-18,42,
29,14,
29,-36,
60,-80,
17,29,
8,-35,
-3,-40,
-65,-32,
-38,87,
22,96,
-22,65,
-14,-9,
21,-70,
-3,-58,
23,3,
13,-2,
-346,-295,
-1287,-1352,
-2365,-3318,
-1632,-4057,
449,-2125,
1375,553,
195,1561,
-1631,942,
-2458,651,
-2034,898,
-982,787,
-58,172,
238,-130,
-13,46,
-418,124,
-414,0,
-211,-89,
129,-182,
400,-245,
523,-327,
319,-338,
-71,-246,
-105,-85,
142,84,
412,59,
311,95,
54,145,
-122,183,
-165,44,
15,-22,
-44,-45,
-89,-43,
-131,-15,
-168,44,
-13,212,
147,164,
130,109,
83,-4,
50,-1,
55,35,
21,11,
-30,17,
112,14,
0,25,
-57,-15,
-98,-151,
-38,-62,
30,5,
105,100,
69,154,
51,244,
93,321,
101,116,
65,10,
-38,-70,
-13,7,
-45,41,
-2,123,
-46,124,
-80,142,
36,2,
65,25,
96,135,
71,198,
-2,144,
100,126,
190,122,
158,70,
99,49,
77,-28,
135,-57,
233,-39,
216,-52,
137,-105,
154,-148,
171,-165,
184,-6,
100,102,
-58,69,
-32,-61,
13,-152,
-38,-27,
-84,13,
-65,29,
46,21,
-3,10,
46,-24,
12,-37,
0,-87,
39,-31,
48,73,
25,131,
58,48,
29,39,
-6,41,
-148,93,
-83,25,
86,-16,
82,-9,
66,-31,
37,13,
73,43,
80,81,
36,126,
-27,89,
58,17,
76,-45,
8,43,
30,-1,
-7,68,
-57,75,
-32,57,
6,6,
50,22,
75,-5,
-20,3,
-17,7,
16,49,
70,53,
90,78,
82,44,
9,43,
8,65,
67,103,
78,65,
7,117,
-4,53,
-51,-40,
-31,51,
-116,53,
11,-24,
55,-94,
66,-6,
16,16,
-41,56,
-60,48,
-4,24,
-3,-6,
-64,17,
-1,11,
-5,36,
72,-11,
102,-1,
57,-15,
35,26,
-85,30,
-41,84,
18,61,
72,0,
0,43,
-4,38,
33,8,
13,62,
-26,42,
34,90,
00>
_________________________________
00>
00>
Printing STS1 CIR
00>
00>
_________________________________
00>
-8,104,
12,110,
1,27,
-13,-22,
-95,-71,
-29,34,
-2,17,
54,93,
18,-22,
-59,-33,
-16,5,
-4,47,
21,39,
-12,-39,
-1,29,
-1,69,
29,24,
70,82,
77,-5,
27,56,
-30,65,
-63,60,
6,18,
-15,41,
-6,65,
-55,58,
-26,110,
101,56,
44,-11,
38,-41,
-19,-2,
-7,8,
1,-1,
57,15,
2,-18,
-3,-46,
-8,-27,
-5,4,
-26,34,
-4,64,
-56,83,
-63,-6,
-7,57,
21,50,
-8,53,
4,66,
-37,92,
-107,29,
-33,32,
8,85,
20,19,
14,3,
-37,20,
8,-14,
43,35,
16,69,
-30,59,
34,16,
-16,16,
-10,67,
-59,79,
4,110,
-1,43,
24,-16,
-2,3,
-12,39,
53,79,
47,41,
-30,-38,
-21,-34,
59,-10,
55,12,
6,-14,
30,20,
19,10,
92,45,
32,15,
25,30,
-18,1,
18,-73,
64,-50,
37,29,
-24,45,
-69,29,
15,-20,
-37,23,
48,39,
-2,94,
24,28,
-11,34,
31,10,
10,26,
9,28,
-20,36,
-53,55,
73,-8,
22,5,
55,51,
27,93,
2,38,
-37,-40,
-4,-69,
22,-43,
8,51,
46,39,
14,80,
-15,112,
-4,55,
-56,25,
-10,7,
26,64,
58,46,
29,33,
47,64,
33,40,
27,-23,
0,39,
-57,61,
-8,4,
-22,-11,
14,36,
-12,53,
38,35,
-54,17,
-46,39,
46,-2,
31,11,
5,-14,
3,-4,
29,28,
23,70,
63,40,
37,37,
-14,92,
-42,68,
-29,38,
-22,10,
27,8,
112,30,
78,-47,
71,-104,
-10,-59,
-52,-3,
-11,9,
10,13,
-11,-11,
69,-17,
13,1,
-9,48,
-16,-7,
-41,-5,
-21,25,
28,37,
14,21,
86,-1,
6,68,
-48,31,
-66,-4,
-80,10,
-31,12,
8,18,
71,-55,
33,-89,
56,6,
32,55,
56,18,
12,36,
-17,100,
-33,33,
-32,-24,
-30,0,
-96,60,
39,71,
-14,-27,
35,-71,
125,-12,
63,10,
61,21,
49,-44,
37,-27,
-24,-34,
-48,-12,
14,39,
-17,64,
22,34,
-47,46,
1,24,
-43,11,
-52,57,
-44,2,
-20,93,
15,46,
73,-44,
62,-38,
9,11,
-53,44,
-55,69,
-103,91,
-65,51,
56,96,
31,73,
11,49,
-34,70,
-41,3,
-31,38,
10,20,
-46,33,
53,40,
6,18,
-14,-42,
-7,-39,
-32,51,
-17,53,
15,10,
7,-4,
29,37,
-18,90,
31,65,
5,60,
-6,102,
24,17,
18,27,
120,-16,
58,-51,
-14,19,
46,5,
-3,-15,
-82,15,
-16,-35,
18,-11,
-30,19,
-71,87,
-76,51,
-84,-20,
17,41,
62,34,
19,36,
-38,-13,
-35,41,
59,57,
-2,17,
6,-21,
32,8,
15,76,
89,92,
-11,37,
40,36,
82,55,
17,3,
-43,11,
-5,82,
-3,1,
-4,2,
-30,-5,
-45,40,
-37,90,
50,82,
19,-25,
35,50,
3,5,
17,12,
63,7,
-5,9,
-93,68,
-110,-9,
56,-6,
52,-64,
81,5,
-41,31,
-66,35,
-65,-20,
-59,-15,
55,35,
31,69,
9,28,
-125,-3,
-103,-7,
-40,56,
-35,97,
-17,57,
-7,-84,
-53,-45,
-41,26,
-46,59,
-50,-6,
-44,-38,
-64,-15,
1,-11,
-17,74,
-10,61,
37,69,
23,-54,
50,-50,
12,16,
27,117,
51,102,
43,21,
-65,-29,
-1,-16,
-17,-3,
-42,137,
-81,162,
-46,39,
6,-50,
13,44,
24,19,
-5,-34,
-21,-32,
46,-31,
41,-78,
-75,-72,
-26,-116,
18,-38,
-12,-26,
12,29,
63,-91,
95,-63,
-66,20,
-42,-33,
-50,-53,
-17,37,
19,37,
-10,-21,
104,-5,
73,84,
34,106,
-2,-54,
-41,-32,
-10,-88,
-23,-18,
-34,52,
-28,56,
22,-60,
23,-61,
72,-30,
20,4,
-18,-23,
-27,-36,
1,-31,
-6,-89,
-14,17,
31,2,
70,32,
58,34,
8,-35,
-18,-6,
42,19,
0,36,
54,3,
98,26,
33,13,
-51,32,
-17,81,
-10,54,
9,27,
-64,-66,
-52,-91,
-347,-121,
-1615,-968,
-3088,-2997,
-2673,-4111,
-239,-2711,
1732,155,
1768,2086,
930,2596,
908,2636,
1427,2557,
1209,1694,
332,370,
-117,-297,
89,-95,
393,244,
467,349,
223,223,
-2,30,
58,-262,
322,-372,
216,-275,
-48,-159,
-179,53,
6,145,
218,105,
290,-30,
142,-16,
-64,45,
-236,39,
-227,19,
-190,19,
-88,-68,
-78,-168,
-104,-193,
-138,-152,
-9,-5,
35,-31,
-28,17,
-93,4,
-37,18,
-222,125,
-253,93,
-276,-19,
-138,-61,
-118,-104,
-56,53,
-37,15,
6,-48,
65,-114,
96,-5,
129,36,
151,134,
81,219,
136,195,
106,17,
82,-173,
55,-191,
17,-65,
-10,-73,
-15,17,
-5,-70,
17,-22,
17,-39,
8,23,
-48,103,
-38,132,
-28,24,
-18,9,
-87,-11,
-82,-51,
-53,-21,
24,-28,
92,8,
167,-25,
190,-53,
205,-99,
169,-119,
134,-108,
75,-125,
63,-85,
114,-83,
-10,-117,
-128,7,
-53,-4,
-77,24,
-16,11,
12,-99,
69,-106,
77,-66,
36,32,
-64,142,
-117,148,
-7,46,
26,-67,
-39,-12,
24,7,
13,-17,
14,50,
26,33,
3,101,
-74,40,
-31,13,
15,29,
24,37,
22,89,
8,35,
-45,14,
-17,-79,
-5,-64,
19,-104,
17,-68,
17,-46,
4,-40,
25,-6,
-5,-7,
-24,1,
-45,-15,
-4,50,
37,28,
32,-9,
85,1,
36,47,
-9,-11,
-58,34,
-27,64,
56,56,
101,23,
44,-11,
-54,-64,
-38,-97,
-2,-36,
14,-25,
-23,-22,
48,-59,
28,-68,
35,-56,
-5,29,
-22,14,
-49,67,
-35,0,
-72,4,
-61,76,
-7,11,
13,-47,
1,33,
-29,63,
-37,50,
-32,-7,
31,-136,
-6,-73,
21,120,
-67,8,
-97,-8,
-62,40,
2,69,
00>
_________________________________
00>
RX Timestamp: 900421037445
00>
Clock Offset: -1141.834 Hz, 0.143 ppm
00>
RX Timestamp: 901493327363
00>
Clock Offset: -643.444 Hz, 0.081 ppm
00>
_________________________________
Sequence Number: 78
00>
00>
Printing STS0 CIR
00>
00>
_________________________________
00>
-39,-2,
-8,8,
2,-56,
24,-12,
-41,-2,
-62,63,
-51,127,
-53,77,
7,-41,
2,-22,
27,49,
58,47,
52,9,
24,24,
-45,-4,
-16,-60,
57,-20,
36,47,
20,34,
-23,-10,
1,-39,
-40,97,
-51,127,
-87,116,
29,-8,
26,-73,
51,-18,
-72,-3,
-74,54,
-8,19,
17,-43,
18,-12,
-18,5,
-80,-18,
-15,-59,
58,2,
36,16,
-10,59,
-74,140,
-59,153,
40,76,
41,8,
27,-64,
-27,-18,
-38,18,
-16,-17,
-36,42,
-14,41,
21,-26,
1,44,
6,-30,
-3,-5,
23,-24,
45,-76,
34,-16,
41,-65,
66,29,
54,-2,
47,-44,
51,-22,
48,22,
12,-13,
35,-20,
65,-29,
67,-14,
25,13,
17,-41,
-47,-1,
11,9,
28,31,
19,18,
21,-1,
66,-22,
8,22,
20,1,
42,-47,
-6,-44,
13,19,
-38,23,
-73,-19,
-13,-8,
-2,-39,
-43,23,
-49,-33,
-44,20,
20,67,
41,-32,
90,-93,
-6,-48,
-45,16,
4,60,
47,30,
5,-63,
29,-119,
26,-65,
17,-44,
2,70,
-11,-20,
45,-46,
26,16,
-24,-9,
-64,2,
-32,-51,
36,-23,
-50,-2,
-29,-34,
-38,-32,
-75,-40,
-58,-9,
-28,-1,
-37,-12,
12,20,
13,-18,
23,-32,
-8,-7,
-59,-51,
-43,-9,
39,15,
-17,84,
-32,99,
-16,62,
11,49,
43,30,
10,-46,
19,-52,
6,28,
60,74,
26,78,
-24,-20,
-43,-21,
-12,28,
20,15,
14,-91,
83,17,
10,24,
53,-45,
117,-75,
21,-15,
-15,19,
-33,60,
41,48,
36,-17,
22,6,
-10,-33,
58,-19,
-61,-57,
-40,-52,
-40,-24,
1,-44,
28,-82,
-12,-49,
11,-29,
30,19,
25,-24,
86,42,
53,33,
12,14,
-11,38,
15,-27,
45,-45,
1,-11,
-10,12,
53,-32,
4,15,
24,-19,
17,-51,
18,78,
-42,55,
106,30,
80,41,
9,39,
-8,-8,
23,-5,
4,24,
-1,-15,
-64,31,
11,-11,
10,31,
-20,-23,
18,-3,
-39,15,
12,-14,
-38,-9,
-108,89,
40,29,
-7,-57,
22,-42,
44,24,
76,28,
60,43,
-28,-57,
-15,33,
19,-1,
-10,33,
23,-17,
29,-10,
46,19,
-26,39,
11,35,
-1,25,
-25,-32,
19,27,
80,-14,
19,-5,
-17,24,
-25,-6,
20,2,
39,-13,
42,-22,
12,48,
1,47,
-11,23,
27,-6,
-31,-19,
-52,15,
-4,48,
-21,-24,
54,-16,
119,-23,
-29,-52,
-60,16,
-16,-23,
17,-17,
-16,70,
-31,28,
23,16,
65,8,
50,-2,
-12,-55,
-43,2,
-7,39,
-35,-23,
-49,0,
-22,-18,
2,-39,
64,-54,
31,-30,
-33,-18,
-10,-3,
16,33,
8,21,
34,-13,
31,-76,
30,-27,
0,-75,
49,-38,
97,33,
41,37,
22,25,
23,35,
24,24,
7,-108,
21,-28,
39,44,
23,54,
14,33,
1,12,
-10,-1,
5,15,
10,-39,
-31,-8,
46,2,
60,-43,
80,-86,
-25,-29,
80,3,
76,-27,
60,-57,
16,-6,
5,101,
2,63,
-9,47,
19,39,
-11,22,
37,48,
18,-21,
20,-38,
-60,-17,
29,86,
-33,94,
22,27,
45,-40,
79,-29,
0,6,
30,4,
54,-42,
30,-39,
-16,-10,
17,-7,
53,-7,
17,7,
16,5,
-6,13,
10,-47,
53,14,
32,11,
48,35,
22,-66,
-50,-61,
-73,-6,
2,-4,
9,20,
50,-2,
53,11,
5,28,
40,-25,
39,-39,
46,-7,
-51,40,
-8,29,
-16,77,
41,63,
-14,33,
-56,10,
0,11,
38,-17,
12,-16,
17,-34,
13,32,
94,-33,
50,2,
54,23,
-10,77,
-19,61,
-16,-12,
-37,4,
-38,-35,
-4,-51,
25,56,
64,34,
-4,59,
-6,-24,
3,-33,
48,-68,
56,-64,
-26,-80,
-3,-7,
23,13,
10,-12,
26,-28,
24,-13,
28,16,
-23,53,
20,94,
82,61,
-13,-52,
33,-75,
-21,-55,
39,-20,
80,-46,
60,-14,
-20,24,
-8,-29,
15,27,
20,19,
-56,-16,
-432,8,
-2312,-417,
-6156,-1705,
-7017,-2795,
-3789,-2713,
1547,-564,
3389,749,
1505,-238,
225,-1676,
151,-2181,
251,-1507,
6,-514,
-47,2,
227,259,
688,384,
786,685,
557,590,
425,257,
565,-218,
696,-602,
853,-776,
316,-765,
-252,-542,
-167,-26,
26,194,
94,275,
-20,309,
-57,270,
-57,156,
51,79,
85,112,
83,209,
66,109,
-23,119,
-213,160,
-247,214,
-392,97,
-344,24,
-331,-42,
-195,37,
-78,160,
-66,170,
-84,122,
-63,11,
-50,-17,
-11,138,
68,183,
21,200,
43,62,
69,32,
119,-38,
84,-49,
149,-66,
59,-35,
51,-173,
65,-186,
155,-153,
165,-9,
74,33,
-125,153,
-145,154,
-120,130,
18,-31,
145,-166,
196,-202,
235,-21,
141,93,
30,142,
32,147,
37,61,
79,20,
116,90,
49,82,
186,-21,
263,-153,
394,-125,
424,74,
389,111,
263,72,
169,-47,
73,-146,
8,-100,
-161,-53,
-72,-49,
28,-31,
78,-115,
43,4,
-58,18,
48,74,
36,80,
39,84,
6,84,
11,55,
91,63,
63,67,
33,97,
50,108,
45,98,
40,113,
13,22,
159,25,
111,27,
116,-9,
111,17,
-1,53,
34,-4,
38,21,
19,35,
-18,6,
-4,13,
3,7,
7,-73,
11,-78,
116,-60,
160,32,
94,8,
49,107,
116,163,
65,128,
57,47,
38,-47,
-37,14,
-68,17,
-8,-14,
26,7,
48,43,
45,-12,
-1,-36,
17,5,
-34,42,
6,143,
1,88,
1,135,
15,1,
-28,-36,
-32,-21,
4,30,
7,49,
15,64,
11,18,
27,-1,
6,45,
-11,52,
-31,92,
49,60,
44,23,
3,29,
0,83,
122,46,
57,48,
41,-10,
57,-16,
-24,8,
-26,79,
-27,80,
-1,98,
00>
_________________________________
00>
00>
Printing STS1 CIR
00>
00>
_________________________________
00>
32,5,
-30,16,
-137,1,
-66,12,
10,-1,
58,-26,
0,17,
40,-17,
36,-5,
30,34,
-67,16,
-69,53,
46,1,
96,4,
75,-7,
23,6,
-17,-12,
14,46,
75,8,
17,-59,
-6,-9,
-28,-12,
-69,39,
-57,81,
31,61,
92,49,
114,-36,
26,16,
1,91,
21,33,
29,63,
43,38,
19,20,
8,-5,
35,-22,
47,-17,
21,17,
5,8,
48,14,
28,8,
-26,35,
-5,7,
-13,-43,
-16,-15,
-27,-73,
-41,-25,
67,-38,
30,-16,
-21,9,
-14,-8,
-40,43,
50,49,
21,27,
-8,-31,
-31,-30,
40,40,
54,14,
11,0,
56,-23,
27,-61,
47,-18,
68,36,
27,-68,
-25,-65,
-34,-42,
-66,-38,
-53,-35,
-60,-6,
12,61,
48,73,
12,0,
4,-31,
26,-28,
-82,-2,
-89,45,
11,35,
11,-2,
-28,-44,
-24,-22,
35,77,
22,66,
-7,-4,
-8,-28,
-30,-11,
67,-9,
-10,-25,
18,-37,
-9,-29,
47,-22,
5,20,
52,10,
63,-27,
134,39,
112,27,
33,39,
-34,82,
-64,-13,
-1,-76,
37,-32,
30,6,
-24,48,
-41,65,
-16,52,
-14,62,
-34,38,
-9,97,
57,47,
3,65,
4,39,
-16,34,
52,48,
77,-17,
38,-41,
43,-34,
29,-14,
-18,36,
23,41,
24,12,
7,-15,
-22,-35,
-15,1,
-10,19,
-42,14,
65,3,
3,57,
50,-47,
24,76,
54,2,
18,-4,
-48,-34,
60,-40,
97,35,
58,15,
-6,18,
-59,-8,
-31,-10,
62,-51,
4,-8,
6,-14,
3,1,
-76,-18,
-80,-40,
-6,-36,
-26,-34,
-11,26,
-24,-44,
76,52,
59,73,
-23,-5,
-49,-55,
6,-16,
50,-2,
96,19,
64,-7,
52,-30,
36,-45,
7,14,
91,71,
2,72,
4,18,
40,-52,
42,-74,
-5,-21,
11,-12,
-35,-14,
-41,-8,
54,21,
58,1,
19,-32,
36,-65,
71,-7,
15,-17,
-24,-46,
18,52,
103,73,
38,-5,
-16,-30,
23,-2,
40,47,
-29,54,
-14,7,
-10,-2,
58,9,
-7,18,
61,-8,
56,-20,
45,-59,
-16,-12,
33,25,
16,-10,
31,-3,
34,-35,
75,41,
32,-29,
37,-1,
3,16,
31,18,
22,-27,
-18,25,
-6,38,
-47,31,
24,-56,
62,-12,
102,71,
36,38,
-71,-13,
-8,-30,
12,-14,
16,28,
46,17,
-17,-59,
-20,-89,
19,-7,
18,72,
48,145,
-2,176,
-34,61,
43,-23,
-19,-6,
-42,-17,
-17,65,
2,67,
30,-9,
58,-1,
35,16,
2,1,
-59,5,
-2,52,
22,14,
50,-9,
50,-28,
15,-3,
-42,58,
2,44,
-19,40,
39,-82,
-57,0,
-46,33,
5,-8,
43,54,
33,46,
16,0,
17,-39,
56,49,
37,72,
-42,-54,
-27,57,
-20,21,
28,-42,
56,34,
69,-10,
-80,2,
28,28,
26,-72,
4,-70,
-44,-6,
-33,-5,
-66,-23,
60,9,
80,52,
37,12,
-49,-76,
-63,-47,
2,-21,
-8,-1,
-17,-15,
3,-6,
-4,28,
-23,3,
-6,46,
30,19,
55,40,
27,-7,
31,8,
-2,31,
11,-12,
1,35,
55,19,
-19,20,
71,7,
27,-19,
27,25,
-30,96,
-34,56,
28,38,
-31,-1,
37,-29,
20,-20,
21,-8,
-22,47,
51,46,
47,88,
55,59,
3,31,
-87,56,
-28,10,
-36,63,
8,6,
37,2,
66,-27,
16,16,
6,57,
-64,64,
7,-3,
37,1,
-31,16,
5,27,
28,27,
-14,-11,
34,-57,
-2,13,
19,3,
-52,-13,
19,45,
80,4,
88,17,
-40,106,
-37,39,
-34,46,
-26,97,
-19,23,
64,49,
2,35,
14,30,
-33,20,
-37,17,
17,-4,
50,10,
22,6,
-33,30,
-34,47,
-61,33,
51,0,
101,7,
16,3,
77,-37,
-55,-60,
-54,25,
-57,44,
-20,16,
-8,-9,
102,-23,
-19,-9,
-42,4,
-8,115,
89,16,
59,-24,
-32,21,
-94,10,
-56,14,
-7,12,
7,30,
26,1,
-11,5,
-33,27,
-22,30,
-339,154,
-2145,337,
-6156,-248,
-7249,-1826,
-4064,-2502,
1198,-912,
2131,845,
-842,1002,
-3653,325,
-3460,190,
-1765,440,
-484,470,
45,277,
-30,93,
-379,-29,
-668,-78,
-438,-42,
21,-123,
488,-224,
503,-388,
945,-493,
567,-382,
119,-167,
73,-49,
348,-106,
420,-98,
211,24,
67,27,
111,-69,
226,-113,
365,-112,
297,54,
94,179,
-44,39,
22,-177,
129,-84,
268,64,
1,135,
-84,2,
69,-151,
241,-135,
108,54,
-131,164,
-111,135,
-57,-85,
62,-211,
-45,-96,
-129,84,
-133,155,
-6,133,
111,111,
98,160,
128,194,
126,36,
59,-155,
136,-149,
179,-42,
128,75,
76,67,
17,22,
58,46,
165,87,
179,83,
106,-47,
151,6,
170,155,
138,178,
76,56,
64,44,
11,27,
17,-26,
31,-19,
72,4,
79,52,
204,-18,
325,-63,
354,-41,
402,-46,
361,-37,
374,-55,
304,82,
232,74,
153,4,
60,7,
13,43,
-1,60,
23,-11,
53,-140,
79,-143,
-19,-87,
10,47,
-10,52,
27,93,
7,114,
-49,61,
-60,38,
18,15,
129,-22,
129,7,
91,11,
6,-3,
-15,-56,
39,-28,
119,29,
43,-48,
17,-30,
29,31,
35,-25,
117,-5,
118,-32,
5,-11,
-40,38,
-34,23,
19,-32,
56,-76,
96,-33,
144,-2,
116,61,
58,126,
35,37,
146,-11,
91,-10,
22,7,
56,25,
43,-11,
14,31,
44,82,
10,-23,
14,-26,
52,-8,
-7,26,
4,-38,
20,58,
44,60,
-43,95,
-18,80,
-22,112,
8,67,
59,71,
13,43,
33,85,
16,-22,
13,-47,
23,-8,
3,11,
42,27,
15,41,
21,-42,
35,-40,
39,-79,
84,19,
26,55,
-18,4,
-22,31,
-2,29,
34,8,
00>
_________________________________
00>
_________________________________
Sequence Number: 81
00>
00>
Printing STS0 CIR
00>
00>
_________________________________
00>
-20,18,
-12,20,
24,51,
-24,37,
32,17,
-49,-71,
-102,-78,
-73,0,
14,-24,
60,-15,
-35,-55,
13,-7,
-7,-5,
4,-37,
17,-45,
-2,-2,
6,-66,
-46,5,
-17,-5,
31,-63,
-13,-25,
-13,-31,
9,29,
-33,-62,
-1,-54,
29,12,
43,9,
34,26,
-5,28,
15,15,
-28,-2,
-14,41,
-31,-39,
-35,-67,
-58,-34,
-34,12,
52,19,
1,-2,
-28,85,
15,133,
-13,73,
-57,42,
-82,29,
-37,-12,
22,25,
76,56,
108,-9,
-42,11,
-67,-4,
-24,-10,
13,43,
-55,-10,
37,-33,
39,-43,
45,-18,
59,-76,
118,1,
69,-21,
45,-53,
-19,20,
-47,39,
1,-61,
1,-10,
-22,-58,
-69,9,
-51,-72,
26,23,
-37,-48,
-64,-26,
2,-8,
64,-27,
22,-17,
4,23,
0,-64,
14,-78,
14,-47,
-62,4,
-53,35,
21,-11,
38,12,
24,8,
51,20,
117,-1,
23,-52,
71,34,
76,66,
8,13,
-38,-1,
-23,26,
17,13,
53,33,
73,9,
-19,39,
-27,40,
-33,-8,
60,-27,
61,-30,
-5,-57,
-17,-50,
38,-32,
-40,71,
-65,35,
1,-23,
23,-40,
22,16,
36,22,
20,38,
9,-38,
28,-12,
-26,21,
-29,-24,
-6,-54,
20,-4,
22,-43,
66,-52,
13,-41,
-10,-3,
-27,36,
36,8,
-9,-28,
44,-27,
41,4,
86,74,
44,-12,
-23,-5,
-78,-37,
59,-3,
26,43,
-21,14,
17,23,
48,-69,
-8,-23,
-5,-58,
-2,-22,
91,-56,
8,-32,
17,2,
3,-37,
-30,51,
11,54,
7,-8,
-15,-58,
-19,-17,
-34,41,
36,55,
23,42,
33,-10,
14,12,
17,-9,
-17,65,
9,39,
69,-33,
66,37,
37,56,
-5,46,
18,-33,
12,-14,
6,6,
26,26,
-20,91,
82,1,
55,-30,
62,9,
39,31,
39,42,
8,11,
-42,28,
-62,29,
-3,87,
59,59,
40,69,
-16,-28,
-33,-25,
-44,-13,
-5,-46,
-52,78,
-43,3,
-10,7,
28,-31,
21,66,
-52,63,
-96,2,
-13,65,
31,27,
39,-31,
39,-9,
37,55,
59,-25,
54,14,
31,-3,
27,26,
-83,62,
25,-43,
52,-2,
2,-8,
9,-10,
28,-39,
61,46,
-22,13,
-65,-59,
-21,-92,
11,-39,
-14,64,
-91,70,
-50,44,
40,-5,
29,14,
16,57,
56,-35,
48,-17,
10,-50,
40,46,
-20,-31,
0,-54,
28,-43,
-9,-12,
20,-7,
71,32,
74,-10,
-23,-16,
3,16,
-37,-10,
-74,40,
-97,24,
40,12,
0,-44,
46,2,
62,-2,
26,40,
72,24,
33,5,
6,-4,
0,-7,
18,14,
49,34,
53,35,
6,-9,
-29,-26,
-85,-56,
-95,-104,
-75,-5,
43,0,
-13,64,
15,-6,
-4,-53,
7,-23,
15,97,
-50,56,
14,43,
126,-36,
108,-4,
37,68,
54,59,
52,75,
-48,30,
37,-40,
10,3,
-4,26,
-30,40,
23,32,
59,-32,
10,27,
-42,-36,
-55,14,
-10,93,
14,43,
28,-8,
21,-27,
15,-4,
5,-5,
39,-5,
4,-36,
-26,-17,
-73,-25,
-37,55,
-14,11,
-45,-39,
-37,-19,
18,-58,
-35,-35,
-3,30,
2,19,
35,25,
-16,43,
-15,-3,
-19,-107,
-18,-78,
-3,-42,
40,57,
10,31,
-31,15,
-44,-35,
4,-27,
46,-32,
49,25,
-43,33,
16,-10,
22,-62,
18,-13,
-45,-23,
-24,-43,
-62,-9,
26,4,
3,47,
50,26,
-13,4,
-7,27,
18,-29,
25,-17,
-9,-16,
73,-1,
72,41,
43,-11,
-19,47,
-27,7,
-86,7,
-17,-34,
-53,-38,
6,-14,
-8,9,
-20,37,
-74,-47,
-19,-38,
71,58,
107,97,
39,-7,
-72,-22,
-27,-24,
20,49,
45,26,
-8,64,
54,60,
-4,-33,
-29,23,
15,40,
35,30,
37,-25,
12,-24,
27,-28,
-67,-63,
-72,-104,
-37,-50,
11,-31,
60,13,
14,4,
-14,-35,
-32,-49,
-6,-72,
-40,-126,
-21,-44,
-170,296,
-920,1923,
-3052,4938,
-4713,5328,
-4477,2522,
-905,-1802,
1772,-2208,
2206,830,
2260,3183,
2521,2739,
1906,1123,
627,132,
-193,-179,
-146,-15,
219,415,
288,654,
-48,523,
-271,99,
-523,-390,
-739,-587,
-780,-335,
-457,107,
-159,318,
-37,-20,
-170,-511,
-164,-589,
79,-300,
252,94,
197,207,
56,71,
13,26,
-82,202,
-108,210,
-73,155,
46,-35,
10,-227,
133,-289,
152,-137,
90,-78,
-15,-137,
-112,-235,
-66,-99,
-39,-48,
48,25,
9,84,
-9,105,
-62,53,
19,25,
34,-56,
88,-100,
174,-206,
106,-152,
231,-320,
92,-124,
-69,112,
-129,113,
-16,28,
-17,-53,
81,-27,
140,-53,
151,-30,
93,-124,
91,-204,
88,-213,
97,-178,
221,-288,
221,-292,
77,-126,
30,-94,
5,-1,
-110,-67,
-243,-195,
-244,-244,
-288,-201,
-274,-111,
-206,-189,
-79,-305,
41,-283,
64,-141,
-54,60,
-68,76,
-76,72,
-20,77,
29,-38,
-4,-100,
60,-61,
13,-33,
-26,9,
-124,20,
-92,-4,
-18,-56,
122,-114,
134,-184,
96,-129,
72,-38,
93,-43,
122,-59,
35,-39,
-17,-23,
-13,-89,
87,-115,
57,-124,
0,-101,
58,-87,
30,-75,
20,55,
69,3,
62,-74,
117,-85,
98,-49,
92,7,
39,-49,
79,-39,
32,-47,
-37,-86,
-11,-99,
12,-51,
83,-89,
24,-12,
3,11,
-38,-77,
-22,-84,
120,4,
64,-15,
37,-133,
26,-146,
17,-62,
19,-64,
21,-54,
-23,-36,
37,-83,
55,-97,
82,-161,
15,-60,
29,-55,
65,4,
120,-64,
55,-8,
77,-55,
93,-47,
94,-7,
67,-93,
37,-102,
23,-92,
31,-19,
47,-46,
73,-33,
-33,-19,
31,-21,
124,-34,
125,-120,
68,-115,
-18,-20,
-48,-102,
13,-24,
28,-19,
29,-23,
92,-97,
90,-65,
49,-53,
-62,-41,
-40,-22,
00>
_________________________________
00>
00>
Printing STS1 CIR
00>
00>
_________________________________
00>
50,-21,
74,28,
51,22,
-12,58,
-21,31,
16,-55,
41,2,
-32,-60,
-42,-74,
-27,33,
-12,38,
34,-16,
-46,25,
-18,38,
-19,57,
-71,-7,
-96,-54,
-78,-14,
48,-61,
143,-21,
77,-2,
8,32,
-61,24,
-8,9,
66,-12,
62,-68,
-24,-20,
-2,-58,
-14,-53,
15,-62,
7,-37,
51,17,
80,-18,
38,-6,
58,-79,
-70,-116,
-70,-2,
-98,-21,
22,-53,
-69,-45,
-35,-5,
-9,-8,
74,7,
-68,16,
-51,-39,
-9,-41,
-16,13,
-28,19,
15,32,
-67,5,
-13,13,
34,3,
-30,-33,
-66,19,
-91,-2,
63,-9,
-33,30,
-10,1,
0,-5,
-30,-3,
-36,-38,
-15,26,
-4,-45,
-45,-147,
47,-7,
-24,40,
8,66,
68,36,
9,-1,
10,-60,
16,-25,
31,-30,
32,31,
42,26,
13,57,
-23,-12,
-31,-15,
1,-14,
-18,14,
-68,-57,
-67,-22,
-22,-5,
-49,-94,
-64,-108,
37,-47,
-9,-5,
30,22,
35,-5,
39,9,
20,-45,
15,-40,
19,-30,
22,-5,
-48,-102,
-12,-38,
29,-27,
-15,-12,
-69,-12,
-89,5,
-62,6,
-22,-44,
-20,-52,
-6,-27,
81,-36,
111,-23,
38,-20,
-14,-11,
-22,-45,
-23,17,
-60,40,
-50,14,
0,9,
-21,-49,
-28,-39,
2,-77,
-29,-8,
0,-74,
40,35,
56,59,
-1,58,
-33,102,
-36,54,
-13,38,
-42,15,
14,-25,
52,-44,
7,-16,
-1,-70,
18,-75,
38,-16,
46,88,
36,-24,
-12,-34,
84,-81,
4,-3,
20,-3,
29,61,
15,-23,
-12,-37,
-5,-51,
-13,-49,
-27,-51,
28,-2,
20,-19,
-26,37,
29,-19,
-39,34,
18,-20,
-24,6,
-100,0,
-62,-6,
-77,18,
-27,-67,
2,-58,
11,-19,
-11,-46,
-9,-11,
15,72,
-22,37,
-51,-77,
-60,12,
-70,47,
-24,-45,
-16,5,
96,-16,
65,2,
-44,-4,
-38,-63,
14,-52,
62,0,
14,-28,
12,-82,
5,1,
29,9,
-16,-48,
15,24,
34,-16,
93,-11,
24,-16,
3,57,
50,35,
40,-25,
35,-22,
6,-3,
-37,48,
-20,-50,
26,28,
-9,-2,
-23,-54,
6,-25,
11,36,
5,-29,
-70,-91,
-74,-85,
19,-84,
57,-8,
60,10,
22,-12,
22,-72,
62,-34,
66,-25,
42,49,
12,24,
1,-52,
24,68,
13,66,
-21,31,
18,-29,
5,23,
29,-44,
2,-53,
-33,11,
-66,22,
-79,10,
10,57,
70,-40,
24,-13,
47,33,
20,65,
-2,29,
17,-74,
32,-21,
35,-72,
19,4,
-20,-76,
36,-13,
53,-33,
20,5,
13,-49,
-14,1,
28,40,
-24,1,
-71,-49,
-30,-21,
-6,-35,
24,-5,
-33,50,
-2,63,
-26,84,
13,55,
16,-37,
-23,-10,
-19,6,
-19,42,
-48,9,
28,-56,
-11,-36,
32,-4,
3,-49,
-10,-74,
15,-43,
14,-44,
-8,7,
-30,-38,
-62,-66,
-18,-33,
29,11,
59,11,
87,56,
27,-14,
-20,-55,
8,-109,
-5,-98,
-12,-13,
-20,-5,
-12,-25,
-39,-43,
0,-62,
-26,18,
7,35,
-26,0,
41,84,
6,84,
13,39,
-41,-40,
-23,-5,
-23,-75,
-33,-55,
0,9,
27,14,
58,44,
47,-44,
-10,-29,
-5,35,
-2,50,
-24,-5,
30,-27,
22,-53,
46,7,
68,62,
6,70,
-27,33,
33,-21,
-5,-45,
-11,3,
11,-5,
-6,-84,
33,-106,
86,-49,
30,42,
7,13,
-9,-13,
-57,-12,
-26,96,
-3,11,
-1,49,
13,-28,
-27,20,
-20,5,
-15,-4,
-1,-46,
76,-114,
93,-27,
74,44,
-11,-16,
25,41,
31,-57,
-15,-71,
3,-42,
-67,16,
-20,49,
25,9,
17,45,
-53,-33,
-48,-113,
-23,-45,
-4,-20,
-32,-40,
-10,-44,
19,-42,
34,47,
26,45,
0,68,
23,-1,
2,-25,
53,-48,
-15,41,
73,43,
70,58,
43,-32,
-41,-14,
-11,-14,
75,-5,
61,63,
15,-11,
49,27,
21,-14,
-33,2,
-70,11,
-21,-14,
32,415,
-351,2183,
-2087,5650,
-4317,6521,
-4630,3587,
-1720,-1835,
1262,-4209,
3089,-3306,
3630,-2975,
3489,-3918,
2382,-3553,
759,-1332,
-199,232,
-285,228,
78,-567,
244,-961,
108,-763,
-88,-251,
-344,81,
-584,-146,
-701,-282,
-429,56,
102,281,
253,-3,
116,-362,
-76,-490,
-85,-277,
26,8,
119,330,
202,479,
153,368,
-33,277,
-174,206,
-186,296,
-168,279,
-56,178,
-56,115,
-46,127,
62,94,
202,157,
302,236,
369,386,
179,320,
2,205,
-66,72,
-60,-85,
4,-22,
9,39,
-39,2,
-61,-149,
-103,-240,
16,-172,
172,-339,
182,-264,
78,-159,
-129,-116,
-255,60,
-180,96,
-102,74,
-12,71,
34,69,
27,45,
56,63,
31,22,
116,-21,
195,-54,
179,19,
111,105,
34,226,
-65,178,
-137,134,
-107,-115,
-112,-200,
-141,-245,
-204,-188,
-239,-270,
-162,-337,
-124,-180,
-158,-25,
-210,-70,
-173,-72,
-153,-89,
-169,81,
-15,58,
13,103,
17,-46,
-18,-60,
-103,-153,
-138,-84,
-38,-43,
43,-7,
89,-4,
145,6,
38,-32,
-41,-66,
-158,-62,
-100,10,
-27,-109,
42,-59,
63,-44,
64,-19,
41,-20,
23,98,
37,31,
74,33,
12,116,
-71,110,
0,106,
-37,88,
-11,106,
-1,59,
14,-25,
2,-9,
42,-13,
52,-48,
71,-41,
53,-99,
38,31,
-5,31,
16,68,
4,-23,
17,-117,
46,-51,
-30,-1,
-2,10,
-63,105,
-36,26,
-3,2,
17,10,
0,96,
15,-21,
44,41,
-16,-1,
-80,16,
-85,62,
-57,27,
-42,-6,
20,-23,
66,30,
103,-18,
-1,-26,
-5,43,
-30,29,
-22,68,
48,-20,
102,-25,
45,61,
-76,-4,
-95,-12,
-55,-21,
-48,26,
-34,17,
-114,16,
-46,35,
-72,32,
-3,-51,
11,-12,
48,-31,
-18,-10,
-80,45,
-46,-25,
-76,11,
00>
_________________________________
00>
RX Timestamp: 1040492483148
00>
Clock Offset: -543.022 Hz, 0.068 ppm
00>
RX Timestamp: 1041565148385
00>
Clock Offset: -591.373 Hz, 0.074 ppm
00>
_________________________________
Sequence Number: 214
00>
00>
Printing STS0 CIR
00>
00>
_________________________________
00>
55,-66,
46,-115,
6,-107,
-65,-64,
-33,-66,
-80,-54,
31,18,
25,91,
8,58,
-34,11,
-11,-40,
41,-84,
-12,-12,
20,18,
-83,7,
-71,10,
-15,12,
21,29,
-50,34,
-9,-36,
10,-34,
-32,-51,
13,-24,
-35,20,
-60,98,
-52,26,
12,-54,
26,-65,
-3,46,
-57,29,
-49,54,
60,-22,
69,5,
74,39,
-19,-1,
-5,-31,
24,-5,
26,59,
-10,9,
-29,-13,
11,16,
-20,11,
-27,6,
4,-71,
78,8,
31,41,
3,-6,
-59,-19,
-72,11,
-14,-40,
12,-16,
66,-46,
71,-37,
81,-32,
-50,-24,
-35,-132,
-72,1,
41,41,
28,44,
-4,-36,
20,-66,
57,-14,
45,58,
-27,43,
-55,98,
-18,5,
85,48,
36,-17,
-42,-6,
-6,-9,
-29,62,
11,39,
10,56,
27,117,
55,-8,
40,-44,
8,-26,
-55,-98,
-71,-31,
74,39,
63,41,
-35,-57,
-100,-51,
-43,-88,
61,-86,
106,-40,
12,3,
4,78,
-18,102,
-1,25,
15,-8,
-25,11,
-19,42,
-14,32,
-5,-17,
9,-19,
40,37,
108,-33,
33,-81,
-24,-13,
-13,38,
1,12,
-39,-24,
-21,-8,
15,6,
-9,89,
8,75,
63,48,
26,-61,
-14,-16,
3,26,
-9,73,
-18,54,
54,35,
56,-13,
4,-32,
-41,-9,
-57,1,
-48,-33,
-34,-35,
-16,-25,
8,-46,
10,8,
-25,-9,
-65,46,
-87,57,
-28,8,
31,-38,
14,15,
27,6,
-4,-9,
-27,-87,
6,-2,
34,60,
17,40,
-42,61,
-2,19,
8,-56,
-37,-84,
-58,-58,
-20,54,
-6,6,
15,33,
8,-20,
43,-20,
-19,16,
84,-10,
-2,-4,
5,68,
7,12,
-30,-15,
-73,-55,
-36,-63,
-47,-113,
46,-97,
64,32,
23,32,
-30,-9,
2,-3,
-20,-19,
21,-30,
-24,-5,
80,-30,
-3,12,
-52,-15,
11,25,
16,-13,
34,-28,
26,-80,
-3,-26,
-5,84,
-44,36,
-22,-30,
-38,-23,
-38,-24,
10,-36,
-24,33,
6,97,
-53,40,
-33,23,
8,-24,
125,-49,
67,35,
6,6,
-25,-58,
3,-66,
65,30,
4,6,
-49,-31,
-97,-59,
-34,-22,
-14,-13,
-29,70,
-26,20,
3,1,
13,-18,
-8,79,
3,40,
-103,12,
-78,-59,
-72,-79,
-13,-3,
-41,-7,
-23,5,
-106,31,
-62,33,
-39,-24,
-16,-30,
29,50,
15,47,
-36,28,
-23,40,
75,0,
36,-35,
10,-30,
56,-26,
33,-38,
-56,-13,
-61,-70,
-12,-39,
-25,26,
49,26,
-38,33,
-53,-69,
5,9,
-54,30,
-44,29,
61,10,
74,-40,
47,-72,
-23,13,
22,-67,
-35,-75,
-60,-20,
-42,23,
-58,45,
-58,-60,
19,-46,
59,-43,
26,-47,
-21,-171,
-12,-81,
18,-16,
-25,59,
-60,31,
49,12,
87,66,
35,-23,
-139,-38,
-79,-1,
-69,-44,
-48,-50,
55,2,
85,20,
15,-60,
-24,-141,
-36,-19,
-57,-7,
-105,-67,
-87,-87,
32,-117,
52,-72,
74,41,
51,47,
-22,-27,
-20,-20,
-11,49,
42,-30,
49,-42,
12,-39,
24,-54,
-12,-29,
17,6,
27,74,
-14,6,
-12,-118,
-3,-111,
4,-27,
-73,-24,
-35,44,
8,30,
45,-5,
31,17,
37,-44,
14,-40,
-27,7,
41,55,
38,-29,
7,-58,
-58,1,
-68,-62,
-72,-19,
-37,-36,
-21,-21,
-46,11,
-64,-48,
-68,37,
-38,8,
-14,-12,
97,-17,
122,-19,
13,-20,
-56,6,
-50,55,
-15,-1,
-28,-4,
-92,-25,
-7,-100,
52,-54,
-52,-30,
24,1,
101,-20,
41,18,
35,18,
14,-61,
23,-74,
57,-37,
-6,26,
67,-9,
79,-38,
35,55,
-14,-41,
16,28,
-43,53,
-109,13,
-77,-26,
-20,-88,
-8,-17,
16,45,
37,-47,
28,-33,
31,-94,
78,-126,
7,-94,
-30,-11,
-33,-25,
-64,-8,
-112,-36,
-56,-52,
-8,19,
-16,28,
-22,-41,
-29,-12,
52,13,
-5,-19,
24,12,
-33,27,
-13,-35,
36,-68,
-2,-6,
35,-38,
-38,-229,
-339,-1330,
-454,-3804,
107,-5482,
837,-3710,
831,276,
303,2238,
453,1181,
1161,-231,
1523,-612,
1147,-289,
420,-109,
-49,-60,
-15,160,
-97,512,
-280,729,
-388,628,
-142,220,
229,252,
624,427,
765,335,
606,7,
242,-191,
-41,-68,
-87,55,
-162,139,
-191,138,
-205,110,
-145,52,
-135,57,
-110,88,
-76,66,
-11,102,
-44,3,
-114,-104,
-253,-108,
-227,-191,
-162,-218,
-49,-247,
-58,-122,
-126,-8,
-103,-1,
1,26,
-4,-29,
-21,-48,
-147,-10,
-96,38,
-74,95,
-72,77,
-27,89,
-5,34,
-3,-118,
58,-106,
60,-105,
23,-79,
91,29,
94,74,
16,138,
-16,62,
-50,-51,
-173,-121,
-126,-55,
-71,-80,
85,-5,
154,18,
70,86,
-52,92,
-91,149,
-95,125,
-114,-24,
-81,-28,
-16,27,
-5,21,
-25,26,
168,33,
233,133,
120,181,
-12,259,
57,158,
102,72,
148,79,
91,41,
-62,-61,
-134,-64,
-49,8,
-36,-26,
-2,-18,
-56,-13,
-91,8,
-97,12,
-38,56,
3,67,
2,103,
-11,67,
-11,1,
-22,36,
-56,55,
-67,16,
-60,57,
-7,109,
-4,111,
-33,30,
-35,38,
-106,84,
-112,46,
-36,36,
-45,-58,
39,-1,
61,16,
-20,37,
66,23,
65,-19,
13,34,
28,6,
39,71,
23,94,
-29,69,
1,-79,
-1,-37,
-55,-76,
-74,8,
-81,-45,
-47,-33,
13,-59,
33,-34,
-20,-5,
-52,-42,
15,-21,
-37,74,
-3,66,
-16,6,
-38,-22,
36,-30,
56,-9,
53,22,
-9,36,
-8,49,
33,55,
-58,115,
15,63,
-35,57,
-86,-45,
-40,-25,
-46,-59,
29,-35,
-68,-3,
-19,45,
-35,84,
14,60,
37,-71,
36,-49,
3,36,
-66,34,
-113,-55,
-9,-34,
8,15,
17,-68,
19,-24,
31,-48,
58,15,
33,33,
00>
_________________________________
00>
00>
Printing STS1 CIR
00>
00>
_________________________________
00>
-3,-56,
-14,51,
-49,26,
-43,43,
12,-25,
66,-50,
54,-10,
74,57,
77,48,
33,-22,
46,-85,
59,-75,
-88,-61,
-12,0,
13,25,
-6,20,
12,-2,
78,-96,
58,-11,
0,19,
-27,-39,
10,-65,
14,-5,
9,69,
51,100,
115,11,
43,-36,
34,-36,
41,30,
22,32,
43,47,
-4,16,
-48,7,
46,-66,
108,-21,
120,39,
75,55,
0,-119,
52,-64,
36,15,
57,21,
84,58,
39,57,
-7,5,
-15,1,
-45,50,
7,-24,
-35,41,
-61,47,
49,-23,
38,2,
26,5,
-48,-68,
-92,-64,
-17,-22,
90,16,
43,58,
17,105,
-35,-74,
-28,-42,
9,9,
34,11,
3,27,
-15,48,
7,151,
-66,78,
-82,29,
-19,27,
11,45,
-19,-9,
17,76,
-29,-30,
-6,-35,
32,39,
71,30,
9,30,
-29,-79,
-22,-45,
3,-27,
56,-30,
-8,-16,
22,-6,
32,8,
23,-7,
-63,28,
-55,-8,
-86,-46,
-41,-27,
26,-33,
6,-32,
-47,-29,
-57,-39,
-86,-15,
9,26,
71,73,
56,28,
67,-6,
89,-80,
75,-38,
78,-46,
43,18,
36,-52,
41,17,
80,18,
39,-14,
-27,5,
-65,-22,
-4,22,
14,87,
25,55,
-14,-53,
27,-32,
6,-48,
-72,-70,
-156,-21,
-76,4,
28,-24,
95,-19,
19,27,
6,125,
-24,-1,
-37,-24,
1,-31,
-20,133,
41,51,
51,58,
-39,2,
-42,3,
37,-62,
-21,-19,
-39,21,
-14,-37,
25,-91,
78,-102,
97,-38,
-3,-11,
-27,-43,
8,-45,
41,-9,
65,-63,
-48,-113,
-31,-114,
-11,-24,
6,36,
6,-30,
8,-74,
52,-28,
75,-31,
-5,27,
-31,-15,
-58,-40,
-39,-11,
-34,1,
-17,-69,
-28,-9,
-10,-21,
-73,-23,
-45,10,
6,-4,
-14,-53,
-3,-163,
-58,-114,
-10,-102,
16,-22,
-19,17,
-58,2,
-66,42,
-23,88,
-13,75,
33,109,
-44,63,
3,-12,
12,-74,
11,38,
-57,116,
-65,74,
-18,20,
52,2,
42,-43,
35,35,
-83,50,
-29,-29,
-5,-7,
77,-84,
49,-104,
29,-32,
-4,21,
66,50,
49,36,
30,-42,
10,-5,
-77,24,
-82,35,
51,-27,
77,0,
40,-18,
57,-9,
23,63,
12,11,
2,45,
38,30,
-40,-79,
-27,-29,
-3,-5,
37,-55,
43,-30,
18,27,
59,42,
9,-64,
-37,-138,
-29,-95,
-39,24,
-23,19,
-33,60,
-58,6,
-6,17,
61,-53,
10,-4,
-38,-45,
25,26,
55,-50,
11,-18,
13,14,
3,19,
50,35,
82,1,
60,23,
24,41,
-1,25,
-20,-19,
86,-21,
83,82,
-9,-38,
56,17,
88,8,
10,16,
9,-13,
-6,-40,
-73,-13,
-93,-24,
-65,-84,
27,-52,
50,-70,
-35,-61,
3,-85,
-11,-35,
42,-12,
37,26,
29,-49,
0,-23,
1,-28,
114,61,
25,119,
-42,42,
-10,43,
4,6,
-29,4,
-21,16,
-18,-45,
-94,16,
-43,-13,
-33,-38,
15,-50,
-44,56,
-15,75,
4,34,
-35,28,
-41,10,
25,-29,
67,-41,
-32,28,
-60,-39,
-36,11,
17,31,
100,26,
-4,-44,
34,-96,
21,-33,
0,24,
-7,173,
-32,78,
33,-11,
-22,-1,
30,40,
13,30,
12,-47,
76,-35,
-51,-26,
-103,-34,
-47,-15,
9,-67,
-8,-70,
32,0,
4,-24,
-28,-10,
10,-44,
13,50,
-5,-19,
-2,-34,
-51,-32,
-27,6,
-41,-29,
-25,-43,
-41,-53,
-29,-24,
27,-50,
49,-54,
37,16,
40,12,
60,-4,
69,-5,
76,-55,
123,-3,
25,100,
-17,63,
-66,18,
27,-4,
14,-20,
76,-23,
66,-95,
98,9,
21,50,
20,-20,
-32,-2,
-3,-58,
105,-68,
50,-67,
-6,1,
-18,-25,
13,-22,
60,82,
55,76,
-32,-33,
-23,-55,
69,14,
118,3,
71,-4,
65,-92,
84,-15,
25,13,
-86,-7,
-79,9,
22,4,
48,50,
-8,-61,
0,-84,
-20,56,
12,63,
0,-46,
-6,-134,
22,-45,
-115,-80,
-647,-1134,
-1156,-3610,
-743,-5326,
561,-3835,
987,112,
156,1896,
-759,104,
-1000,-2153,
-776,-2368,
-661,-1261,
-462,-289,
-151,60,
-114,49,
-148,-224,
-61,-423,
-85,-376,
62,-97,
302,242,
545,429,
595,551,
482,243,
260,15,
107,50,
101,164,
80,194,
129,208,
90,96,
85,60,
119,133,
171,245,
105,244,
-10,157,
-26,11,
52,-42,
60,53,
-73,198,
-147,102,
-96,-73,
84,-6,
123,59,
58,84,
-19,-19,
8,-77,
99,-129,
149,-53,
139,6,
-58,20,
-110,-9,
-72,-18,
7,-32,
31,82,
12,80,
-15,24,
2,27,
77,30,
86,61,
26,40,
-3,58,
-93,85,
-42,121,
-49,187,
55,129,
91,64,
41,83,
-112,131,
-84,66,
-59,101,
-18,93,
59,9,
20,-63,
8,45,
79,45,
49,99,
68,197,
161,282,
117,293,
131,334,
52,264,
70,302,
52,228,
-10,188,
-24,152,
-44,98,
-79,24,
4,15,
73,-62,
78,53,
73,86,
-7,81,
-26,57,
-69,55,
-174,41,
-80,7,
-87,-64,
-4,-55,
-1,49,
2,114,
-64,81,
-54,90,
-59,91,
18,71,
39,49,
-9,28,
24,7,
20,43,
96,2,
22,89,
6,29,
18,-10,
-37,32,
-41,70,
47,50,
100,13,
109,-22,
139,69,
92,127,
68,177,
45,106,
-2,55,
-3,76,
23,45,
-19,44,
-30,37,
0,-40,
-30,-40,
-20,-17,
-80,56,
-14,64,
88,56,
102,71,
-3,-12,
39,26,
-54,15,
-106,10,
-40,26,
55,26,
22,-23,
45,-17,
15,28,
33,-46,
-41,25,
-103,12,
-28,73,
-14,94,
35,33,
-35,18,
-3,25,
-55,116,
-29,74,
-8,42,
-3,1,
6,66,
9,63,
28,3,
52,-5,
49,120,
80,58,
47,16,
-79,14,
-60,39,
00>
_________________________________
00>
_________________________________
Sequence Number: 217
00>
00>
Printing STS0 CIR
00>
00>
_________________________________
00>
58,-60,
53,-11,
72,-29,
38,-5,
95,40,
61,34,
35,-2,
51,13,
-33,-39,
-9,70,
-49,48,
-1,49,
-70,16,
-32,22,
-43,0,
-12,0,
51,-21,
71,71,
36,14,
45,-60,
52,-82,
54,44,
-4,-13,
24,43,
-27,38,
47,-77,
28,-49,
12,-22,
70,-40,
38,24,
-3,-82,
-51,-63,
-3,-81,
67,55,
81,46,
-11,3,
-26,-20,
-82,-28,
-61,-35,
32,-24,
-33,-30,
-3,19,
-22,18,
81,34,
75,46,
36,4,
5,82,
3,76,
20,15,
-13,-15,
27,-14,
-38,-52,
-67,-36,
-34,24,
-53,79,
-70,27,
-22,-18,
26,-9,
13,39,
-8,78,
-12,20,
-35,-65,
-17,38,
-47,65,
-48,54,
19,-33,
55,-88,
41,-107,
-86,-110,
-28,-5,
-56,33,
-18,69,
75,-85,
122,-44,
56,-4,
49,15,
-16,-8,
-48,-28,
-13,-60,
68,9,
128,23,
75,71,
42,1,
-9,3,
20,41,
-12,-23,
-21,-11,
24,21,
-36,41,
-94,42,
-103,11,
-36,19,
28,37,
17,8,
-1,-9,
-55,74,
11,33,
67,4,
76,-12,
154,-51,
38,-1,
-65,31,
-49,-32,
40,8,
77,-32,
125,-53,
54,6,
-4,-49,
30,-15,
-12,-18,
5,41,
-18,25,
5,-34,
12,-26,
43,-32,
43,-69,
0,38,
41,8,
14,45,
-36,-14,
-15,-21,
53,-5,
22,10,
79,17,
46,-9,
40,-16,
-33,1,
-1,3,
-55,-22,
20,21,
23,-5,
16,49,
34,60,
47,42,
24,5,
17,30,
29,12,
18,104,
-4,135,
-51,96,
28,3,
-25,-36,
28,-15,
29,2,
31,42,
28,48,
12,33,
-69,60,
-10,60,
51,68,
2,22,
6,44,
62,-43,
66,-14,
48,38,
42,29,
-53,4,
24,-6,
73,-9,
64,30,
38,22,
-28,-2,
92,26,
49,74,
91,70,
-50,82,
-96,54,
-42,-21,
-12,1,
35,29,
30,46,
32,-26,
45,-12,
-16,3,
-30,55,
58,53,
72,-1,
14,-14,
-27,53,
37,83,
13,33,
-18,-37,
7,-4,
-57,46,
-10,30,
-33,56,
40,-2,
26,16,
11,57,
-29,-48,
71,-42,
74,47,
54,77,
-42,27,
-90,-18,
-29,59,
65,102,
16,125,
-47,56,
-13,24,
49,31,
86,68,
17,79,
39,-54,
43,-57,
-30,52,
-38,-16,
54,18,
-1,33,
-36,-37,
55,-63,
6,58,
-37,-6,
48,-74,
17,-28,
-41,-15,
22,49,
25,101,
-14,-5,
12,-64,
0,-66,
8,2,
43,9,
39,-1,
-59,7,
-26,51,
-4,64,
33,56,
104,42,
30,10,
-50,-8,
-19,15,
1,48,
71,-19,
13,-104,
38,-69,
43,-50,
44,-51,
-30,-81,
4,-16,
32,2,
23,-44,
-4,27,
93,12,
99,20,
-2,68,
-36,91,
-67,77,
-61,59,
44,9,
50,24,
44,29,
-16,-36,
57,-9,
145,59,
62,90,
34,14,
45,-14,
13,30,
-29,75,
19,-26,
5,18,
81,-63,
61,-54,
35,3,
25,12,
59,-14,
32,14,
55,-24,
16,-41,
50,5,
41,-33,
2,-3,
-41,48,
-25,79,
-52,1,
-16,19,
26,-8,
-43,-48,
38,-81,
56,-114,
33,-16,
-35,35,
-33,35,
-65,-23,
3,-65,
45,-14,
10,-1,
42,66,
25,-11,
34,-64,
64,-4,
-24,-48,
42,-80,
23,-101,
32,-51,
14,5,
63,-31,
-1,30,
56,65,
10,-23,
23,-77,
-58,8,
-99,-13,
-51,-17,
11,-43,
5,8,
76,21,
50,0,
32,14,
12,41,
9,29,
27,11,
7,-42,
-119,-61,
-51,-72,
-106,24,
-26,23,
52,18,
63,12,
17,5,
2,-51,
31,-28,
67,28,
92,32,
57,53,
55,-2,
40,-50,
21,-48,
13,-43,
32,-6,
11,15,
-15,-19,
76,-32,
45,-17,
79,-51,
83,-59,
54,-42,
23,-18,
-63,15,
-40,31,
-18,45,
9,16,
11,73,
81,54,
-20,45,
6,-10,
-14,25,
-7,-35,
-10,-68,
3,22,
50,47,
31,23,
-89,-116,
-748,-654,
-1998,-2122,
-2365,-3832,
-718,-3316,
1213,-737,
1014,1269,
-732,1304,
-2116,714,
-2209,803,
-1312,855,
-381,441,
177,-110,
184,-191,
-216,45,
-547,97,
-388,-22,
49,-92,
429,-152,
586,-301,
481,-384,
109,-334,
-148,-137,
-7,-28,
274,-18,
379,28,
211,6,
-51,97,
-169,89,
-124,59,
-4,-39,
-39,-46,
-108,-72,
-55,-71,
81,9,
143,9,
177,68,
122,104,
33,60,
64,-6,
101,2,
48,-23,
36,24,
-36,50,
-15,-39,
-41,-132,
-49,-206,
-16,-21,
18,75,
40,115,
102,160,
128,80,
88,97,
82,57,
31,24,
1,-110,
-23,-12,
-16,-13,
10,23,
65,31,
14,36,
103,72,
84,72,
77,137,
110,86,
161,32,
233,111,
133,73,
73,69,
32,10,
95,-30,
89,-9,
190,-90,
250,-86,
211,-151,
199,-105,
237,-22,
139,91,
82,76,
37,-1,
30,-63,
34,-41,
8,-75,
-46,-68,
22,-80,
27,24,
66,68,
-38,5,
48,-30,
95,-30,
93,53,
9,102,
4,89,
89,30,
82,28,
43,49,
29,-27,
18,3,
-5,3,
25,0,
60,49,
26,43,
60,67,
119,22,
71,93,
131,-5,
55,57,
30,49,
11,19,
50,23,
-24,29,
3,23,
-11,80,
54,-15,
70,-39,
48,-77,
50,27,
58,76,
97,88,
44,60,
-37,43,
12,58,
36,41,
53,-16,
-5,10,
66,41,
43,82,
38,86,
15,70,
-8,-1,
-13,103,
32,47,
48,-11,
-39,-26,
17,-9,
135,42,
82,14,
103,10,
-13,49,
51,79,
102,-10,
59,2,
11,48,
18,81,
13,3,
-1,-33,
2,94,
14,9,
48,-46,
49,-4,
-2,48,
-19,66,
20,59,
0,83,
9,-33,
-48,-15,
2,13,
61,24,
99,55,
00>
_________________________________
00>
00>
Printing STS1 CIR
00>
00>
_________________________________
00>
-30,-50,
-59,2,
-58,66,
-22,-40,
16,-85,
-32,1,
-38,-1,
-46,39,
-27,-54,
-2,-41,
-42,12,
13,77,
-12,31,
-34,39,
8,57,
-25,49,
-11,63,
-42,61,
-42,72,
17,19,
28,-8,
51,-72,
20,8,
-42,71,
-61,75,
-75,69,
-70,-20,
-31,-28,
-4,27,
-44,-57,
35,-86,
-8,-45,
13,21,
25,0,
-5,-80,
3,-60,
41,-46,
7,4,
-16,21,
32,0,
73,79,
48,-20,
-95,-69,
2,-26,
5,26,
-45,4,
-61,-45,
-75,-22,
-45,27,
40,-8,
35,39,
10,-43,
23,29,
9,34,
28,-28,
-10,-33,
31,-11,
47,-47,
-74,5,
-89,-13,
10,-30,
33,-21,
38,-17,
-14,-12,
-58,32,
-18,43,
-25,-2,
27,24,
1,10,
-46,1,
42,-24,
36,-53,
69,68,
1,-35,
-22,-12,
-8,24,
41,-40,
52,-48,
52,-40,
57,5,
32,-3,
-1,-68,
-41,19,
-102,20,
-40,69,
13,52,
112,-20,
33,28,
56,-17,
41,-32,
-18,17,
15,-59,
32,-25,
37,-43,
23,-36,
37,-11,
12,-15,
-2,-36,
-5,38,
46,39,
11,19,
25,-39,
-29,-45,
21,49,
-33,45,
-18,22,
0,1,
-9,2,
-57,42,
-16,-3,
17,68,
35,16,
90,32,
56,44,
40,18,
-4,4,
-19,0,
23,-82,
60,-80,
65,-48,
21,-23,
7,-23,
-24,-39,
7,-26,
-52,-48,
-36,-39,
23,2,
98,1,
54,-9,
-67,-86,
-52,-21,
29,6,
17,37,
-27,-9,
-3,-2,
-23,-6,
-82,-13,
-69,8,
12,32,
93,-16,
11,25,
11,-16,
-29,-23,
-60,-29,
-12,-59,
73,-40,
26,116,
-13,89,
-75,-25,
18,-31,
136,32,
94,-16,
-83,-65,
-80,-109,
-37,3,
-9,2,
33,-49,
1,-47,
-42,-2,
-5,21,
27,8,
16,19,
5,12,
-40,49,
-34,-18,
35,-61,
0,-70,
-45,36,
-64,87,
-28,103,
-20,65,
107,-18,
106,-37,
35,-33,
-7,44,
-16,15,
-82,-54,
-31,-22,
22,21,
-42,-20,
-13,-73,
-30,-38,
8,30,
54,9,
-27,-86,
-62,25,
8,24,
44,1,
42,-9,
6,-40,
58,-2,
31,-51,
-18,-73,
36,-35,
27,32,
32,-48,
31,3,
-25,19,
-23,-43,
-50,12,
41,-55,
44,69,
50,39,
22,-24,
16,-82,
3,-14,
21,-31,
-26,-20,
-62,-2,
8,-11,
23,46,
-72,43,
-78,32,
-13,17,
59,36,
-1,48,
18,39,
4,51,
9,41,
-28,67,
-15,-13,
-12,-7,
0,10,
4,21,
6,54,
10,33,
-15,27,
-12,11,
-64,-43,
50,-42,
0,-43,
33,3,
19,-11,
-69,-28,
-53,-15,
-45,20,
5,67,
-8,67,
23,64,
35,-11,
30,-45,
25,-8,
3,-5,
-88,-9,
-56,-52,
-14,18,
45,67,
67,6,
41,-23,
3,-56,
66,35,
26,-70,
16,-31,
-50,-37,
-82,38,
-15,30,
1,-13,
-57,-35,
-94,29,
-61,18,
84,45,
9,6,
-32,-58,
10,5,
69,33,
61,18,
42,-16,
3,0,
3,-66,
-15,-27,
0,-23,
1,38,
-15,23,
23,-6,
-34,-2,
37,47,
7,-39,
4,-41,
8,-24,
13,-38,
6,-47,
-21,-40,
-5,1,
-27,-1,
-16,-59,
-31,24,
-70,1,
-16,-18,
-32,23,
-42,9,
-71,63,
4,-34,
-16,-80,
13,-25,
36,-49,
30,-9,
-10,21,
-53,44,
-49,82,
32,2,
23,-15,
-21,-9,
-27,1,
-59,80,
-9,46,
20,18,
13,-5,
-17,-43,
-11,-49,
-70,21,
9,74,
-56,106,
-65,36,
-27,-41,
13,34,
44,-3,
21,-23,
-47,46,
-78,-19,
-85,23,
31,48,
97,0,
74,-5,
12,19,
-79,52,
3,7,
72,48,
67,7,
71,6,
-32,7,
-57,52,
-5,25,
-72,-70,
-35,-7,
-42,3,
-50,-22,
-6,-30,
-27,-25,
-41,21,
40,-24,
45,-12,
50,-36,
6,36,
-4,13,
22,25,
15,37,
-26,87,
-33,15,
43,-60,
26,38,
-19,35,
5,15,
-76,-16,
-226,-22,
-1008,-339,
-2788,-1577,
-3676,-3257,
-2026,-3440,
885,-1459,
2220,925,
1622,2076,
1103,2375,
1603,2476,
1785,2002,
894,876,
-16,-20,
-157,-177,
229,109,
516,222,
525,144,
193,7,
3,-214,
101,-389,
203,-473,
38,-237,
-204,63,
-113,207,
164,141,
314,61,
255,-11,
37,18,
-176,62,
-269,199,
-328,170,
-214,9,
-154,-89,
-133,-163,
-156,-35,
-172,-61,
-61,-90,
-56,-73,
-87,-50,
-137,45,
-171,124,
-178,220,
-209,79,
-176,-32,
-17,-33,
-81,-18,
-27,30,
17,14,
26,19,
130,-4,
158,-20,
228,44,
201,78,
160,115,
50,41,
13,-56,
134,-158,
31,-145,
-22,-86,
-81,41,
-36,9,
-11,-21,
-43,50,
-23,108,
48,122,
26,144,
72,158,
-3,42,
-2,-9,
-29,-46,
-99,81,
-18,7,
99,-33,
156,-110,
112,-115,
178,-97,
289,-126,
204,-83,
86,-41,
62,-138,
98,-155,
33,-165,
3,-118,
-112,-73,
-110,37,
-10,105,
40,21,
73,23,
50,17,
69,-59,
-4,27,
16,100,
-3,40,
-43,31,
-44,63,
82,41,
105,-34,
113,-101,
31,-84,
32,60,
-56,130,
-83,16,
-53,-19,
5,16,
36,93,
-6,89,
-88,4,
-71,29,
9,-46,
-21,-84,
-38,-56,
-20,28,
28,46,
67,13,
21,3,
-62,-35,
-47,47,
-50,69,
-53,8,
-48,-17,
-22,51,
-22,16,
19,-51,
-9,-90,
47,-39,
-43,33,
-35,-17,
-25,-25,
5,-60,
-44,-40,
-164,-23,
8,-18,
90,-48,
38,-39,
69,-11,
34,-8,
49,5,
-41,-20,
-26,51,
-34,16,
-2,-57,
-7,-12,
20,-5,
-36,-26,
0,11,
-12,0,
-23,46,
-4,27,
-10,56,
21,8,
81,-8,
34,-17,
39,-26,
14,13,
-37,31,
-44,10,
6,-25,
32,6,
-30,12,
00>
_________________________________
00>
RX Timestamp: 81044305359
00>
Clock Offset: -375.652 Hz, 0.047 ppm
00>
RX Timestamp: 82115684958
00>
Clock Offset: 572.777 Hz, -0.072 ppm
00>
_________________________________
Sequence Number: 94
00>
00>
Printing STS0 CIR
00>
00>
_________________________________
00>
22,10,
-33,-8,
20,-32,
103,-6,
10,19,
-1,4,
-46,-19,
-16,-58,
-1,-65,
44,73,
-36,111,
37,-4,
52,-112,
-58,-73,
11,76,
33,42,
97,-20,
10,-7,
32,34,
0,-30,
45,-21,
33,65,
-13,60,
97,10,
136,-32,
55,-8,
63,3,
-95,-33,
-73,-64,
-36,-110,
18,-43,
-18,-1,
-10,34,
24,60,
3,44,
8,38,
-23,13,
-25,-11,
-7,7,
-42,28,
42,-63,
58,-5,
17,41,
-32,-8,
43,-24,
71,-28,
65,94,
-11,48,
0,58,
20,22,
42,-24,
28,-43,
-4,-61,
-31,-44,
-9,-35,
18,-17,
149,20,
57,52,
-49,25,
-28,-18,
-17,-16,
-15,22,
46,27,
57,-1,
-20,-140,
-58,-49,
14,-31,
6,-75,
-31,-17,
-21,8,
-65,-23,
-21,22,
158,101,
173,104,
18,-50,
-71,-60,
-29,-4,
-82,41,
16,14,
-30,-36,
-73,-58,
65,-27,
122,17,
72,-15,
-6,-24,
14,-52,
40,4,
-7,48,
-23,6,
57,-40,
51,-26,
22,-39,
-44,0,
-17,29,
-7,2,
-9,27,
-41,-11,
-53,-12,
0,-43,
-9,59,
29,67,
26,121,
12,-3,
-14,5,
-17,24,
56,-48,
-24,6,
18,-106,
36,-44,
-43,18,
13,-57,
36,-47,
-31,-18,
-58,-18,
2,7,
93,-1,
29,-23,
42,-71,
29,-92,
-17,-135,
-18,-49,
-24,-39,
10,-71,
-2,-92,
-3,-22,
-28,13,
36,31,
-30,-98,
36,-7,
40,129,
25,55,
-9,0,
36,-9,
-45,-48,
1,-35,
10,-46,
50,-18,
30,-33,
-31,-1,
-64,70,
-18,19,
-58,-44,
-33,-12,
-32,35,
-66,100,
22,66,
59,-21,
3,-39,
9,-44,
26,-33,
-76,-43,
-13,-18,
-26,-2,
39,-11,
7,-84,
85,-4,
70,-56,
-36,-75,
-43,-91,
-64,-114,
54,-27,
42,-6,
-33,29,
-33,-10,
-21,-14,
-47,-28,
28,21,
58,56,
42,73,
-57,-22,
-7,-47,
-36,-92,
-56,-19,
-38,101,
46,-8,
48,-65,
-72,29,
20,40,
15,61,
62,32,
-27,47,
44,31,
45,37,
43,15,
7,-27,
-78,-79,
-81,-89,
12,-57,
36,-74,
-8,21,
-47,29,
-66,-91,
64,-29,
31,30,
4,34,
-10,22,
-45,73,
17,63,
28,47,
-4,-81,
-51,16,
-34,-27,
-127,34,
-119,0,
9,-48,
69,-2,
48,17,
-26,49,
-74,10,
12,56,
14,113,
66,12,
32,-51,
4,-29,
-31,4,
-23,91,
-22,13,
25,-13,
33,32,
-20,37,
24,-77,
35,-113,
-52,-116,
5,-55,
22,24,
3,-11,
-78,18,
-92,37,
46,32,
66,-5,
2,-39,
-53,-16,
3,-52,
77,-122,
44,-47,
32,-47,
18,-37,
-50,-18,
-28,21,
-57,-11,
57,-24,
41,-1,
-16,13,
2,0,
2,5,
10,32,
-67,40,
7,26,
-66,9,
28,-27,
-25,28,
-30,0,
28,2,
-9,-42,
-7,36,
-79,52,
-15,15,
-1,39,
17,51,
21,-33,
-6,-56,
-32,-47,
-18,-6,
-5,-20,
18,-17,
38,25,
-28,50,
-26,-46,
-6,-79,
20,-22,
39,52,
11,43,
72,-51,
57,-59,
75,-25,
21,-25,
-16,-8,
22,-54,
-23,-49,
-58,18,
-38,27,
76,128,
132,73,
9,2,
-33,49,
-6,97,
-56,24,
38,-1,
87,-63,
15,-38,
11,-2,
-22,-17,
26,35,
51,-17,
7,20,
35,87,
-28,54,
-5,-3,
45,-52,
15,-95,
6,-76,
16,24,
133,40,
19,-42,
32,16,
1,77,
3,55,
13,99,
-75,-35,
-41,39,
-41,100,
-63,24,
-108,-25,
-26,-51,
69,-10,
73,-26,
20,55,
28,1,
-15,-30,
-12,5,
26,3,
79,28,
16,-56,
-34,18,
-12,32,
-30,-66,
10,-36,
-17,27,
54,61,
41,67,
-11,77,
-43,56,
41,44,
54,2,
-52,49,
-43,-19,
-2,-24,
4,-36,
-12,-26,
4,20,
-2,-25,
-11,-105,
37,-37,
13,-67,
46,-24,
76,16,
73,-41,
117,-8,
71,-50,
28,-18,
0,6,
31,-17,
-26,22,
10,47,
31,-6,
25,68,
-1,35,
-15,139,
-326,1141,
-1385,3339,
-2638,4731,
-2510,3070,
-630,-475,
727,-2321,
266,-1464,
-1017,-415,
-1712,-227,
-1333,-331,
-514,-117,
-5,-19,
91,-107,
298,-416,
601,-565,
570,-416,
276,-209,
-83,-275,
-342,-545,
-389,-689,
-480,-332,
-343,118,
-87,172,
48,-2,
111,-174,
151,-61,
126,64,
136,32,
50,-9,
61,-61,
99,-138,
134,-1,
35,59,
-3,178,
128,249,
79,257,
-1,245,
-51,229,
-40,123,
-20,100,
71,59,
59,51,
-10,30,
28,-27,
60,-42,
82,-85,
70,-54,
1,62,
-28,56,
-76,-34,
-35,-76,
33,-46,
31,32,
-58,70,
-168,31,
-167,-101,
-61,-144,
53,-18,
104,59,
196,54,
165,15,
28,-9,
-167,-67,
-202,-154,
-110,-116,
44,-137,
73,-44,
126,19,
176,-17,
50,71,
-41,-14,
-30,-44,
-25,-111,
-86,-145,
-61,-260,
100,-326,
180,-252,
96,-115,
-27,27,
-90,-105,
-11,-68,
-69,-38,
-43,-9,
35,-63,
67,-84,
132,-74,
104,-42,
90,-29,
19,13,
33,-15,
18,-47,
28,-43,
74,-22,
79,-26,
104,-21,
113,-95,
179,-2,
212,34,
89,82,
10,19,
13,57,
-31,-41,
21,-83,
4,-81,
55,59,
18,103,
9,34,
22,-6,
7,13,
27,18,
-43,14,
-69,-16,
-52,-101,
51,-158,
127,-57,
123,36,
-16,4,
1,-41,
38,-39,
22,-38,
13,-44,
-22,-10,
24,12,
39,-27,
38,5,
59,-62,
84,-65,
87,-48,
-26,79,
57,119,
49,137,
0,78,
-23,-60,
-25,-68,
-64,-24,
-22,46,
26,-5,
86,43,
126,41,
-34,-61,
-23,38,
-29,95,
30,-28,
62,-25,
18,-9,
-54,30,
-77,-26,
-84,-40,
33,-10,
24,-55,
55,2,
36,-2,
88,46,
111,11,
00>
_________________________________
00>
00>
Printing STS1 CIR
00>
00>
_________________________________
00>
-7,53,
5,102,
-8,85,
79,-39,
52,-78,
-15,-1,
-30,9,
-26,15,
84,-76,
79,-90,
54,-68,
-28,38,
19,-27,
62,-49,
-22,-51,
-30,5,
10,105,
75,25,
55,2,
-5,62,
-69,34,
-103,2,
-26,-20,
-21,-72,
23,-98,
43,-77,
14,-46,
22,-6,
7,-10,
-45,-51,
-71,35,
-58,25,
40,47,
-3,53,
-29,-18,
5,-36,
99,-67,
96,23,
89,38,
-10,36,
69,-24,
88,42,
13,66,
7,-71,
11,4,
45,-17,
93,11,
150,-16,
29,-70,
-47,13,
-43,-8,
15,-21,
116,-12,
-14,-16,
-27,0,
44,128,
69,48,
59,80,
-54,71,
-37,11,
-27,10,
20,0,
10,40,
20,37,
80,-29,
118,-73,
107,-74,
34,-28,
-89,-38,
-72,-39,
4,-11,
81,93,
9,93,
58,15,
65,25,
-22,-8,
-96,19,
-37,-33,
55,40,
48,-57,
73,-69,
54,6,
-52,39,
-46,-7,
-74,-7,
-81,56,
46,26,
98,19,
84,14,
-20,24,
31,46,
-13,15,
46,-20,
-54,-38,
-57,-30,
28,72,
13,120,
-14,13,
-88,36,
-66,4,
18,33,
91,21,
99,11,
-5,-19,
-79,-34,
-111,5,
-10,12,
52,67,
65,-13,
-2,-14,
19,51,
-55,23,
-9,-4,
12,-36,
-16,-104,
-18,-74,
-45,26,
-34,28,
-22,22,
-86,58,
18,81,
58,91,
44,64,
-35,54,
-67,-2,
-48,16,
66,39,
104,-36,
47,-9,
21,-5,
-1,27,
23,7,
-32,-28,
-9,-67,
-24,-3,
26,5,
93,3,
-19,-21,
-43,-40,
-86,-26,
-32,1,
52,36,
79,36,
36,45,
13,22,
-28,-44,
6,-37,
12,-8,
30,11,
87,-10,
4,23,
-9,30,
-51,56,
48,-26,
138,-93,
156,-76,
-3,-26,
-72,13,
-2,93,
52,80,
40,32,
24,54,
30,90,
5,30,
-7,-72,
-27,-14,
-6,23,
-9,127,
-45,120,
40,8,
86,-63,
82,-18,
116,29,
109,10,
-1,5,
-104,-3,
-55,-1,
5,101,
-18,56,
-24,-35,
3,-105,
8,-63,
-104,29,
-71,-32,
19,-16,
-46,26,
31,94,
18,30,
4,32,
-11,17,
-19,24,
18,-83,
34,-108,
24,9,
7,71,
7,70,
52,-8,
-1,1,
35,52,
-3,89,
61,33,
23,-40,
-98,-6,
-28,27,
9,54,
64,-3,
-7,19,
4,29,
55,54,
10,78,
12,-25,
-1,-18,
36,1,
42,59,
-32,39,
-24,61,
9,41,
68,45,
-2,12,
30,-79,
-6,-40,
34,-29,
65,24,
14,-19,
38,-11,
59,93,
74,70,
-26,41,
-39,-41,
11,-28,
-20,-26,
22,38,
80,-30,
34,-135,
5,-72,
-49,20,
-78,63,
-33,62,
-62,38,
10,-4,
19,-6,
0,33,
49,-17,
7,-3,
-28,44,
10,120,
20,59,
74,46,
49,16,
28,-38,
8,34,
-29,73,
-66,29,
-42,42,
-37,54,
-16,59,
3,14,
-62,15,
10,34,
-36,44,
-26,40,
57,53,
47,59,
-32,16,
-42,-3,
-13,33,
-10,7,
-13,-6,
-38,-101,
-68,-16,
-27,49,
33,-11,
41,8,
-6,-9,
42,-26,
-6,-96,
-69,-85,
-78,-23,
-1,47,
-57,112,
-24,73,
-56,-12,
18,-15,
-28,48,
-17,-59,
-22,-39,
-106,33,
-35,122,
-28,26,
16,-2,
38,-52,
10,70,
-53,3,
-36,17,
-15,22,
18,0,
-64,-19,
-35,-32,
2,-22,
-19,44,
-44,-8,
-15,38,
3,84,
62,58,
66,-12,
11,-109,
-12,-79,
34,76,
65,5,
6,10,
11,-34,
-21,-75,
-3,-72,
17,-45,
-26,17,
51,23,
5,4,
54,-46,
-9,29,
10,49,
59,17,
114,-27,
123,-63,
57,-51,
-21,29,
17,-64,
17,35,
-30,96,
34,20,
19,-78,
34,72,
5,28,
74,52,
-35,6,
-23,-23,
-20,-28,
-56,93,
0,88,
45,1,
-9,-12,
-43,-12,
-7,4,
-12,-58,
-68,37,
-36,38,
18,79,
-42,25,
-75,-17,
-98,28,
8,-37,
40,45,
-62,38,
-58,-53,
-1,-43,
14,-31,
-13,11,
-35,113,
-17,236,
-41,1267,
-753,3690,
-2132,5069,
-2504,3309,
-931,-496,
681,-1804,
678,111,
-326,2247,
-655,2601,
-150,1624,
272,620,
229,118,
73,57,
-35,235,
-107,396,
-97,385,
-80,186,
-119,-233,
-139,-520,
-110,-691,
-185,-411,
-194,-136,
-90,-46,
0,-174,
78,-271,
49,-237,
45,-136,
41,-104,
-123,-134,
-71,-282,
41,-252,
148,-160,
92,17,
-22,-51,
59,-155,
83,-159,
110,-30,
-62,203,
-95,26,
28,-188,
83,-153,
125,33,
40,104,
-78,9,
-151,25,
-166,-4,
-33,63,
96,69,
112,-8,
88,-19,
60,-34,
100,-104,
79,-78,
-55,-7,
-125,-53,
-70,-90,
-50,-84,
54,-18,
114,-10,
134,-83,
108,-43,
84,-30,
148,-108,
85,-118,
53,-97,
95,-84,
209,-119,
149,-91,
62,67,
11,18,
-32,42,
-55,14,
-33,67,
9,-54,
17,-157,
64,-396,
55,-312,
37,-243,
30,-267,
12,-216,
48,-138,
88,-73,
106,7,
143,-16,
97,57,
-29,15,
-62,-39,
-80,-61,
-28,-45,
-29,23,
91,-63,
53,-43,
63,75,
-1,97,
30,111,
76,9,
18,-17,
-45,-68,
-41,-95,
-21,-76,
-35,-7,
84,-67,
50,-71,
31,-41,
55,-17,
-15,-26,
31,-67,
-55,-29,
-69,-21,
-64,12,
19,1,
18,28,
-13,-16,
-36,33,
68,-74,
22,-130,
100,-111,
-9,-60,
37,-68,
26,-77,
8,-48,
39,-7,
45,16,
33,35,
127,-9,
117,-12,
75,-29,
36,22,
-22,18,
31,12,
-26,16,
48,31,
29,28,
4,63,
-1,62,
25,31,
-78,-38,
-56,-2,
-15,-95,
88,-105,
18,-22,
-70,8,
-14,-47,
-25,25,
128,44,
122,40,
51,-30,
-83,-88,
-79,-5,
-8,-16,
6,-63,
42,-10,
-32,36,
-64,34,
00>
_________________________________
00>
_________________________________
Sequence Number: 97
00>
00>
Printing STS0 CIR
00>
00>
_________________________________
00>
125,11,
92,38,
66,-19,
-34,-22,
17,22,
-30,23,
-32,10,
44,31,
35,114,
14,47,
-22,25,
-12,-42,
17,-62,
12,-5,
-19,-13,
-39,35,
-4,25,
-4,32,
7,64,
-7,59,
-64,-4,
59,90,
47,65,
-4,2,
-4,30,
-51,66,
-10,13,
-20,27,
35,3,
71,-12,
30,-11,
-46,31,
-41,43,
19,92,
-32,105,
-58,102,
-7,0,
68,-65,
19,29,
31,22,
-60,33,
32,-22,
-10,1,
-74,10,
-13,60,
22,-36,
61,4,
49,-4,
-27,-24,
-34,-43,
-20,-11,
22,-50,
40,-19,
37,44,
-21,10,
12,-5,
-29,3,
60,-28,
4,-38,
23,-55,
29,-26,
10,3,
-11,53,
-4,26,
40,-8,
-24,4,
-39,-16,
-8,-6,
26,-9,
34,34,
16,50,
35,32,
87,1,
12,39,
-9,39,
-6,-24,
29,-47,
-51,-18,
4,19,
-4,48,
-4,3,
-27,44,
-38,48,
-4,61,
-23,22,
-42,41,
-39,57,
19,-40,
11,-40,
87,-46,
37,-1,
-19,33,
-2,-5,
-47,-7,
-20,52,
-41,-16,
22,-28,
63,-62,
28,65,
10,-11,
43,-29,
-29,-45,
-25,-40,
-64,-8,
-52,-72,
23,-35,
16,18,
-25,34,
-20,30,
-8,-1,
-1,-50,
17,-54,
-24,51,
18,-52,
50,-69,
-1,-34,
53,44,
15,61,
-30,100,
-28,20,
-32,-59,
-2,-74,
-17,-16,
24,30,
-20,59,
35,-28,
-11,-29,
40,5,
-28,-7,
-65,-27,
-2,-49,
39,-15,
-37,6,
24,23,
-39,-5,
-13,26,
24,25,
-23,-27,
19,30,
20,9,
37,4,
110,29,
67,-10,
-1,28,
-14,39,
4,106,
-102,79,
-140,90,
-39,7,
-20,-14,
8,28,
113,30,
80,-5,
48,-62,
16,-13,
-40,22,
-24,8,
-62,3,
-24,35,
14,-25,
-36,-2,
-65,24,
11,8,
45,-9,
32,61,
3,21,
18,0,
-7,14,
-47,0,
35,21,
-7,12,
0,18,
-55,-21,
1,-10,
23,90,
-19,73,
-72,23,
14,22,
44,-91,
9,-40,
92,25,
47,13,
-18,19,
-27,55,
5,60,
-17,35,
3,57,
41,8,
-13,-12,
18,-9,
-28,9,
-4,17,
-37,-25,
-8,18,
-10,68,
25,-76,
1,-56,
20,50,
-3,75,
26,22,
101,1,
26,-28,
-14,69,
-16,36,
11,-6,
11,-16,
1,17,
12,20,
29,3,
81,-10,
4,21,
-47,-25,
-7,-4,
-3,-31,
19,-46,
-19,45,
9,64,
35,25,
-28,-4,
-26,19,
14,63,
4,9,
-30,-17,
10,22,
41,21,
8,-32,
15,9,
-23,3,
-10,8,
48,43,
8,-46,
-6,-54,
-45,27,
68,-11,
38,-31,
23,-43,
-11,-29,
3,-9,
-45,11,
18,-24,
4,-38,
21,-53,
65,-21,
81,-22,
-45,32,
79,20,
-6,46,
-1,54,
-9,-30,
-15,-45,
26,13,
31,16,
-26,19,
-20,6,
12,12,
26,-10,
-1,14,
-21,-58,
52,-30,
22,23,
-31,15,
56,29,
23,60,
7,54,
87,-1,
0,-22,
-18,0,
-31,9,
-9,-10,
15,-14,
-44,50,
-45,2,
72,-18,
-3,-20,
40,-18,
-30,-33,
-48,-25,
-49,47,
-61,58,
-18,30,
36,-44,
36,-28,
0,-2,
-48,-29,
-37,-44,
32,10,
33,18,
26,55,
-76,11,
2,116,
-43,63,
-99,76,
-11,-33,
-20,-67,
44,-55,
-4,29,
-23,15,
24,23,
75,42,
0,-29,
4,-1,
14,-29,
-17,8,
39,30,
7,53,
-28,-1,
8,-49,
-44,-35,
-18,3,
-36,-44,
23,-56,
39,-4,
67,38,
40,-59,
-25,-23,
-52,31,
-19,-30,
21,-24,
-4,48,
-19,69,
-13,21,
-17,-68,
22,-73,
-30,-80,
-48,82,
-21,101,
4,44,
-20,-37,
-19,-83,
31,-56,
80,-36,
35,-22,
-72,-71,
-43,-23,
-64,-20,
-72,0,
-62,5,
44,-70,
74,-5,
5,34,
-21,-38,
-44,-52,
6,-30,
-10,27,
-15,16,
-7,-16,
19,-46,
-61,-19,
12,-14,
-2,12,
-8,-2,
-218,-64,
-1180,-192,
-4175,-1253,
-6296,-2940,
-4240,-3895,
658,-1990,
2269,433,
109,1952,
-2332,2805,
-2522,3034,
-1212,2324,
-265,958,
102,-93,
57,-158,
-230,171,
-593,403,
-563,223,
-187,-97,
267,-478,
447,-783,
304,-895,
8,-583,
-238,-98,
-8,57,
405,-262,
550,-370,
259,-112,
-19,206,
-148,258,
-91,125,
-4,18,
-120,-86,
-218,-63,
-211,49,
-18,84,
198,5,
314,-27,
239,-108,
152,4,
48,-34,
76,-92,
62,-72,
79,-16,
94,60,
19,51,
-102,-1,
-120,-63,
-105,10,
88,3,
144,12,
308,94,
268,54,
322,47,
64,1,
-108,5,
-126,-50,
-78,-47,
42,42,
60,43,
53,97,
63,63,
108,50,
176,20,
177,12,
156,92,
175,115,
348,141,
221,58,
106,35,
-40,3,
33,39,
140,-67,
252,-248,
206,-253,
136,-177,
169,-190,
252,-210,
221,-160,
148,-20,
-34,16,
-93,-21,
-73,7,
-106,-75,
12,-69,
24,-12,
12,82,
21,133,
-35,77,
4,-77,
52,-116,
78,-144,
110,7,
148,43,
90,29,
20,54,
-10,-18,
15,7,
45,4,
76,-19,
107,-16,
164,-19,
74,6,
42,-9,
35,-72,
-24,-26,
-1,21,
43,32,
-6,40,
77,6,
13,-14,
125,26,
30,31,
-72,-49,
-55,-120,
66,-130,
64,-123,
37,-101,
110,-23,
18,117,
2,124,
-3,26,
57,-37,
61,-5,
72,-1,
52,26,
140,25,
7,40,
-26,56,
29,-10,
39,12,
60,22,
40,46,
110,64,
53,27,
26,21,
0,28,
21,-16,
62,107,
66,106,
-5,55,
11,60,
45,-41,
97,24,
87,1,
74,13,
40,36,
28,43,
68,19,
84,-26,
98,-35,
72,-22,
40,-33,
9,-20,
-30,-31,
92,-22,
63,-5,
58,27,
63,-34,
44,56,
56,-39,
31,-77,
00>
_________________________________
00>
00>
Printing STS1 CIR
00>
00>
_________________________________
00>
-14,-22,
-32,125,
-10,69,
-43,78,
-28,-90,
-10,-49,
91,-85,
146,-86,
15,15,
-32,97,
-25,36,
-27,-68,
3,1,
10,-42,
-5,19,
8,-28,
49,-23,
25,-133,
-39,-88,
58,-68,
23,50,
-39,84,
-11,85,
2,68,
46,-61,
58,-61,
41,-25,
88,-5,
3,14,
0,-4,
-39,16,
48,3,
21,-6,
41,92,
23,42,
-24,105,
-16,-10,
-5,4,
-79,17,
3,-44,
1,-76,
-14,7,
-111,-66,
-12,-22,
36,32,
74,94,
61,76,
38,-6,
-45,-51,
-57,-33,
53,-120,
63,-80,
31,-6,
57,42,
-51,12,
19,-43,
36,-93,
56,-5,
9,1,
-16,30,
-3,64,
34,100,
-12,75,
-37,41,
26,-17,
81,-35,
-38,39,
-42,86,
-78,4,
22,-53,
17,-26,
44,44,
53,-18,
41,-19,
16,-71,
-38,-36,
-21,-29,
0,-37,
62,-31,
38,-6,
-17,27,
-13,12,
39,0,
90,43,
18,13,
-40,-57,
-14,-32,
75,-49,
105,-100,
92,-29,
24,-21,
53,-20,
26,17,
6,16,
73,21,
43,-7,
11,17,
-64,-50,
36,-106,
85,-115,
35,-64,
-18,51,
-41,70,
-1,60,
57,20,
22,0,
9,86,
8,7,
-1,-28,
-10,-42,
23,-15,
-98,-47,
20,0,
82,12,
69,44,
-16,5,
14,30,
-50,-52,
-4,-88,
60,20,
5,9,
-81,-24,
11,18,
44,-10,
14,-40,
-65,-98,
-50,22,
-20,19,
24,17,
4,6,
-13,3,
14,7,
27,31,
33,18,
42,16,
14,43,
-33,100,
4,30,
38,5,
17,-32,
6,1,
-22,-2,
5,-28,
48,-49,
-3,-34,
14,5,
0,52,
-48,18,
-14,20,
-32,-15,
64,-3,
72,5,
7,15,
-28,-41,
-13,-84,
-4,-64,
-8,-57,
-27,7,
16,3,
48,-1,
49,39,
-37,41,
41,-15,
-33,-14,
-13,-28,
-43,87,
24,80,
63,26,
69,26,
41,8,
52,80,
10,50,
-6,17,
23,-15,
47,6,
61,26,
55,14,
82,-75,
70,-66,
3,-40,
-13,-80,
34,-27,
13,23,
-21,36,
-34,29,
-77,-19,
25,55,
44,-25,
-6,-24,
-26,34,
-60,0,
-33,53,
-24,59,
28,-43,
-5,2,
28,-42,
4,41,
18,-15,
61,-37,
59,-33,
-13,-63,
11,-41,
23,26,
101,-51,
27,-27,
4,-55,
-11,-81,
18,-70,
58,9,
57,42,
28,-21,
-23,-22,
3,33,
61,-31,
52,120,
17,19,
-6,11,
14,-40,
8,-80,
-29,-69,
-1,-22,
2,-30,
-47,-21,
-30,39,
45,12,
54,16,
43,25,
47,48,
5,158,
-33,94,
-67,-10,
-29,-23,
-5,32,
37,23,
18,4,
-23,24,
-57,-39,
10,-5,
7,25,
86,22,
52,21,
-31,-7,
-19,-1,
4,76,
60,17,
78,-50,
-16,-30,
-13,-13,
22,-8,
53,-42,
-36,-61,
-35,30,
-16,7,
16,13,
35,20,
-6,15,
51,-2,
35,20,
8,13,
7,-19,
56,-67,
4,60,
-26,43,
-59,-44,
15,-31,
21,-8,
28,35,
-10,-1,
-34,17,
-33,-20,
13,48,
68,1,
3,2,
-63,39,
13,64,
-28,62,
-39,-26,
-52,19,
-3,-47,
31,-56,
82,-83,
71,-66,
24,37,
4,8,
-47,11,
-36,24,
22,47,
-5,-26,
-27,-50,
-3,-4,
30,-77,
110,-34,
4,-24,
4,51,
20,69,
9,61,
-16,44,
-6,37,
-75,8,
-80,-14,
-41,-49,
13,-39,
17,-14,
-14,12,
-49,23,
-9,-12,
-56,-58,
-16,-44,
-20,2,
23,31,
-7,-24,
34,-2,
51,-32,
42,-40,
-8,19,
0,17,
-24,37,
34,-46,
42,4,
-1,54,
19,16,
77,45,
-60,8,
-56,3,
-17,1,
-4,50,
-19,20,
14,-38,
34,-7,
-13,-56,
-26,-39,
-33,4,
-46,35,
-14,45,
-45,-29,
5,-37,
-22,-73,
-9,16,
-28,23,
-6,41,
-35,-65,
-39,-54,
56,-2,
77,-90,
-18,-74,
8,12,
51,-18,
47,-15,
0,-49,
5,-14,
-27,-12,
-143,81,
-1087,211,
-4282,-383,
-6873,-2086,
-5367,-3562,
-116,-2580,
3340,-256,
3607,1803,
3183,2699,
3870,2533,
3772,1664,
1832,672,
120,64,
-292,-131,
231,32,
755,35,
746,-6,
334,-99,
-192,-253,
-63,-513,
116,-715,
-21,-470,
-264,73,
-10,257,
299,130,
468,-112,
339,-155,
-20,-1,
-209,215,
-334,311,
-238,244,
-178,69,
-141,-131,
-191,-181,
-386,-61,
-146,50,
-142,25,
-87,-27,
-197,44,
-211,131,
-260,309,
-287,390,
-306,218,
-216,44,
-67,-86,
-31,-83,
-20,43,
-69,49,
23,-60,
70,-84,
214,-129,
214,-46,
326,22,
239,96,
243,-12,
136,-203,
72,-365,
-17,-244,
-70,-77,
-67,38,
-7,33,
15,-20,
23,-18,
-26,0,
52,34,
57,140,
123,170,
6,75,
-68,61,
-100,-6,
-165,7,
49,41,
188,-91,
109,-132,
42,-255,
101,-273,
163,-255,
151,-205,
70,-83,
9,-50,
98,-166,
35,-215,
-120,-99,
-98,86,
-125,118,
2,6,
38,-59,
5,-133,
25,-185,
73,-96,
47,-33,
80,46,
61,83,
11,28,
-17,-10,
45,26,
55,-45,
85,-84,
131,-62,
45,-27,
39,23,
-6,-35,
-77,-10,
36,101,
-44,53,
-21,75,
-51,87,
-40,-10,
-66,-23,
-70,62,
-34,48,
-67,14,
51,31,
14,46,
90,56,
22,69,
21,134,
22,114,
37,98,
-9,78,
35,23,
30,-87,
52,-28,
-42,62,
-18,6,
-47,-80,
33,-10,
-41,25,
-13,78,
14,35,
-69,-13,
-1,-83,
5,-84,
-10,-27,
-45,-10,
-65,-15,
-4,60,
61,72,
14,115,
30,56,
18,6,
-12,-48,
15,11,
-55,-53,
-31,-30,
-30,41,
-3,103,
1,-49,
7,-31,
29,-50,
56,12,
23,33,
-62,-3,
-59,-34,
-71,12,
29,-48,
-8,-3,
31,45,
22,28,
0,-11,
-31,9,
00>
_________________________________
00>
RX Timestamp: 221017323526
00>
Clock Offset: -851.727 Hz, 0.107 ppm
00>
RX Timestamp: 222089167511
00>
Clock Offset: -550.461 Hz, 0.069 ppm
00>
_________________________________
Sequence Number: 230
00>
00>
Printing STS0 CIR
00>
00>
_________________________________
00>
47,48,
49,28,
48,-21,
11,5,
12,-15,
5,4,
19,19,
42,20,
16,-4,
8,-7,
12,-19,
-14,9,
40,27,
4,18,
49,62,
80,-14,
60,-57,
-16,-32,
19,-2,
1,33,
37,89,
86,13,
9,19,
39,-36,
37,-24,
-8,-14,
-2,-29,
-14,-4,
-30,-15,
-40,-4,
-7,-51,
-15,-17,
50,-29,
49,30,
68,-1,
-15,-2,
-7,-60,
11,-95,
-33,10,
-84,16,
-35,46,
-33,30,
24,45,
8,-9,
34,-35,
13,-30,
8,-12,
-46,-17,
-18,27,
28,9,
22,48,
37,-16,
4,-56,
17,-42,
22,-7,
24,45,
-47,66,
-61,49,
-27,24,
23,25,
34,37,
36,0,
60,-63,
80,-19,
52,0,
38,-10,
-1,41,
79,53,
73,8,
-51,60,
-99,-31,
-23,15,
15,-12,
-16,48,
87,105,
78,48,
37,-6,
-36,27,
-30,46,
62,-3,
49,-26,
15,20,
4,56,
-9,71,
-3,52,
31,-71,
37,24,
54,39,
33,24,
45,29,
73,22,
91,4,
64,10,
49,7,
-18,-17,
36,28,
1,32,
-7,14,
7,37,
68,-39,
50,-13,
-9,3,
-7,38,
-55,-3,
16,-73,
-10,5,
5,38,
92,58,
111,-10,
-21,-7,
-29,-32,
32,18,
62,-5,
46,-10,
-13,-44,
69,59,
45,82,
60,12,
62,3,
118,-46,
63,-11,
-27,3,
-2,-16,
30,7,
33,2,
-23,74,
58,4,
22,73,
-6,69,
-21,22,
0,48,
72,26,
11,-5,
-76,-37,
-14,-41,
10,-1,
1,-24,
47,-13,
34,-10,
69,-15,
80,-4,
-26,14,
-36,3,
15,41,
51,25,
42,-17,
-24,17,
10,-33,
21,26,
-25,0,
-10,13,
8,29,
19,127,
-9,45,
-3,-66,
43,-10,
41,-24,
14,16,
-4,5,
-39,10,
17,17,
34,12,
24,-1,
-1,37,
34,26,
27,28,
84,1,
4,-34,
13,28,
-36,54,
-29,17,
12,-77,
6,-52,
-53,-28,
-54,-8,
-12,-7,
80,20,
19,41,
-17,37,
-26,7,
22,59,
-7,-45,
-32,44,
15,9,
109,-1,
-5,9,
-29,25,
-11,1,
-32,26,
31,59,
7,65,
5,67,
33,2,
36,-23,
-7,-52,
-22,-6,
-43,-47,
6,-10,
63,-71,
50,-39,
29,10,
-11,26,
53,-19,
50,-30,
27,-39,
26,-10,
23,64,
58,37,
84,22,
47,12,
81,-55,
83,0,
44,26,
-32,-8,
-22,-21,
-9,26,
20,-1,
55,19,
28,-12,
-31,-2,
-17,3,
-6,-5,
7,40,
3,66,
2,62,
31,-40,
67,-45,
70,13,
19,18,
-22,-26,
10,-57,
50,43,
63,14,
16,29,
3,-19,
3,-36,
5,-39,
4,31,
74,49,
50,50,
57,15,
14,-10,
9,-54,
0,-31,
0,30,
87,99,
34,-21,
-11,-26,
-27,36,
-20,38,
-14,21,
-59,37,
-15,34,
28,15,
131,1,
57,31,
8,-19,
-5,-17,
8,-20,
-76,11,
1,-42,
-19,22,
-26,-35,
7,18,
64,40,
27,8,
31,31,
0,65,
7,94,
-71,10,
8,14,
17,59,
35,-48,
29,-31,
63,-4,
76,27,
18,20,
-21,53,
-32,5,
6,-68,
134,-149,
77,6,
91,-9,
47,-16,
46,-50,
-5,8,
8,30,
37,-5,
-31,0,
18,-15,
53,27,
71,45,
29,57,
20,46,
25,-11,
79,4,
74,-21,
124,-118,
100,-53,
-13,-44,
-6,3,
5,68,
-5,80,
22,32,
17,-6,
24,-18,
19,-39,
-23,-37,
5,2,
-8,0,
69,-18,
-38,-13,
-41,21,
25,-24,
33,46,
62,24,
-18,24,
-37,29,
-5,-40,
13,-5,
38,23,
61,22,
-14,-28,
-47,-12,
12,50,
90,36,
32,16,
44,-8,
31,28,
48,21,
55,-24,
-7,-46,
36,-19,
-2,-47,
46,21,
3,75,
-28,-11,
58,-12,
27,12,
-16,51,
-13,78,
48,0,
54,-17,
-21,11,
22,59,
-31,69,
-13,61,
-18,26,
-34,37,
-42,44,
-5,17,
1,58,
-50,55,
-68,3,
-35,-27,
18,-54,
47,-46,
9,-16,
-266,-272,
-1558,-1898,
-3488,-5389,
-3152,-6928,
-996,-4818,
1516,527,
2117,2885,
1343,995,
1402,-1068,
1755,-1707,
1184,-1057,
311,-395,
-67,16,
28,333,
259,757,
200,1011,
34,842,
164,425,
616,132,
875,-15,
1305,29,
726,-384,
116,-519,
-97,-115,
-53,135,
-95,276,
-103,234,
-145,213,
-137,168,
-49,121,
-15,132,
30,198,
-53,127,
-192,-17,
-286,-32,
-277,9,
-372,-172,
-275,-229,
-234,-256,
-132,-118,
-94,55,
-204,146,
-165,40,
-11,23,
-5,107,
-77,167,
-66,187,
-99,134,
-45,158,
88,84,
71,46,
88,-50,
85,-47,
73,-133,
154,-193,
233,-116,
206,17,
52,61,
-36,97,
-103,112,
-185,79,
-155,77,
31,-68,
215,-138,
283,-40,
235,142,
-12,179,
-125,148,
-24,121,
-22,72,
-52,42,
-36,104,
-93,126,
67,69,
270,59,
375,141,
356,281,
192,226,
94,148,
123,47,
173,4,
169,-44,
134,-16,
3,4,
1,31,
59,22,
83,70,
-58,100,
-68,115,
-90,51,
-53,-41,
8,44,
69,93,
34,84,
50,86,
27,85,
-69,108,
-110,103,
-89,143,
-73,111,
-16,42,
52,-28,
91,-1,
59,1,
46,46,
-24,24,
-66,3,
12,-10,
9,-52,
10,10,
-85,-46,
28,-75,
97,-49,
123,11,
107,144,
30,118,
68,158,
7,62,
57,57,
-12,-19,
-45,62,
-73,126,
-145,85,
-24,68,
17,23,
8,38,
-25,43,
46,-2,
20,32,
-17,-15,
4,-10,
-2,11,
3,49,
18,68,
-17,-33,
5,16,
-13,93,
-8,109,
21,19,
-16,-47,
-41,77,
-18,29,
24,18,
6,37,
-47,47,
23,86,
4,102,
49,85,
62,65,
86,44,
58,60,
-1,52,
-74,39,
-32,27,
00>
_________________________________
00>
00>
Printing STS1 CIR
00>
00>
_________________________________
00>
-26,24,
5,-73,
-2,-73,
-21,-17,
38,11,
60,21,
98,67,
26,45,
16,6,
-46,47,
24,-29,
22,-47,
4,-34,
8,15,
16,-22,
-3,51,
18,70,
69,-15,
22,41,
-20,-32,
42,21,
72,-20,
-29,-61,
-70,-28,
61,-13,
89,-18,
31,3,
24,26,
-37,52,
-26,77,
5,17,
65,-26,
81,-33,
-38,3,
-36,-17,
-2,15,
13,-6,
38,10,
3,16,
-10,-5,
-67,-10,
21,13,
5,-25,
81,10,
32,-43,
45,14,
98,33,
126,46,
5,10,
-53,-17,
-8,39,
5,17,
17,29,
49,19,
29,44,
46,31,
28,51,
-60,64,
-15,70,
-42,117,
-68,2,
2,-26,
22,-3,
-74,35,
52,45,
66,62,
37,-15,
33,-38,
22,-41,
81,-14,
56,50,
36,10,
-12,85,
-70,47,
-61,21,
37,-23,
27,11,
-22,-22,
-19,12,
-12,58,
37,15,
52,-11,
64,10,
1,-60,
15,24,
47,-8,
15,-22,
85,-6,
37,76,
-1,44,
-101,7,
-37,-14,
-23,22,
0,15,
-24,88,
-27,36,
18,56,
57,-12,
19,12,
-27,0,
-92,57,
-84,68,
-60,14,
-26,-13,
77,-82,
10,-6,
-4,-53,
-48,-3,
-4,18,
-14,30,
12,24,
-52,-21,
0,8,
5,-24,
46,-14,
41,7,
59,-34,
85,-7,
70,-32,
130,22,
91,2,
10,1,
-32,-30,
-3,-58,
28,-48,
65,-34,
83,-58,
3,-4,
-49,33,
-18,64,
64,-31,
41,1,
29,45,
25,12,
8,38,
20,38,
45,-9,
17,-30,
-5,5,
57,-19,
57,25,
117,4,
39,33,
-2,-9,
32,42,
54,-32,
32,-39,
-20,16,
-54,74,
14,38,
58,-14,
93,4,
88,-1,
-3,-21,
-36,-7,
55,-21,
8,54,
25,-13,
59,47,
106,5,
1,-83,
5,-45,
3,37,
14,6,
73,-20,
57,-28,
42,45,
50,60,
117,-11,
32,-5,
-25,3,
-76,-28,
16,23,
15,32,
-24,-9,
-18,54,
8,36,
33,-30,
38,-66,
-12,-6,
4,28,
26,18,
45,-33,
66,8,
-37,93,
-56,46,
-60,13,
-50,-26,
21,-2,
6,91,
-80,107,
-82,88,
4,18,
62,26,
36,-24,
20,-35,
0,-2,
-27,-12,
33,24,
80,40,
0,28,
-42,35,
2,66,
-22,60,
17,8,
-51,-38,
8,37,
13,14,
74,-18,
72,-19,
38,-59,
67,-83,
18,-24,
-37,16,
6,29,
51,66,
-16,43,
7,15,
-25,8,
38,-42,
6,62,
52,-16,
63,-20,
24,-15,
-1,-3,
21,-3,
-2,-1,
23,-10,
4,13,
-36,-45,
-4,18,
31,41,
-1,-13,
23,33,
82,-2,
-20,-5,
-22,-11,
24,-43,
27,-25,
-11,-20,
34,-50,
8,-53,
7,-33,
-29,-11,
-5,0,
-28,-29,
17,38,
-18,-5,
1,-29,
38,-48,
111,-35,
93,-25,
-2,30,
-47,-25,
10,-69,
-13,-57,
18,-53,
52,18,
-20,-41,
15,-2,
-32,-48,
3,-39,
-15,-5,
2,-24,
55,-33,
-5,-26,
-22,-2,
-26,-22,
32,-53,
33,-37,
29,-32,
2,-27,
-41,-14,
-4,8,
8,-22,
49,-25,
36,-2,
54,-23,
71,-38,
66,-51,
44,-10,
18,-20,
28,-21,
1,34,
68,-12,
41,-17,
-15,-82,
-43,12,
50,41,
84,-23,
81,-22,
46,5,
-18,-1,
2,60,
33,0,
86,-45,
20,-18,
-6,-20,
152,8,
66,-56,
32,-34,
56,-25,
43,-92,
87,-52,
22,-33,
-48,-47,
-67,-64,
-58,-90,
-9,-46,
27,19,
-24,10,
19,-54,
26,-35,
64,-12,
88,-4,
53,65,
44,49,
-3,-32,
-11,-47,
-3,12,
-7,19,
-8,-5,
-10,-5,
17,9,
7,10,
43,20,
15,-29,
-45,-18,
-33,-24,
71,-61,
42,-58,
-59,-13,
-74,-21,
25,-90,
64,-131,
78,-105,
90,27,
55,-1,
40,24,
45,12,
41,-31,
33,-16,
21,-45,
53,-13,
54,-50,
63,-38,
-2,47,
-22,41,
-18,-9,
-3,-60,
41,-86,
-42,-60,
-43,-21,
-14,1,
29,48,
79,-18,
20,-8,
-51,23,
-372,-116,
-1995,-1090,
-4716,-4015,
-4932,-5819,
-1881,-4733,
1486,-60,
1312,2061,
-1174,299,
-3038,-2034,
-2929,-2165,
-1762,-779,
-706,174,
-228,350,
-112,74,
-249,-249,
-367,-466,
-276,-367,
85,-156,
571,63,
886,-104,
1151,174,
677,-34,
144,-134,
106,-35,
410,162,
482,237,
233,150,
116,13,
134,-42,
269,18,
314,63,
205,198,
44,161,
-40,0,
148,-79,
138,69,
111,292,
-125,150,
1,-87,
142,-142,
326,-14,
97,159,
-138,79,
-141,-70,
49,-96,
112,-218,
54,-224,
-60,-95,
-151,39,
-68,149,
65,108,
78,111,
-41,206,
-107,101,
51,-30,
174,-154,
153,-36,
25,-33,
-26,12,
-43,17,
54,129,
58,155,
70,125,
84,76,
72,199,
107,313,
84,249,
1,64,
97,45,
62,-43,
56,-29,
40,10,
126,93,
130,142,
174,94,
296,227,
410,262,
383,225,
358,99,
248,113,
198,225,
159,170,
68,74,
59,-51,
-18,79,
55,53,
45,-73,
152,-21,
179,-80,
109,20,
41,6,
31,24,
33,62,
57,82,
-42,90,
-58,32,
-27,-6,
48,-58,
82,-1,
50,15,
65,-39,
43,-50,
3,-54,
10,4,
33,-3,
56,-30,
164,-9,
141,37,
155,27,
98,-19,
12,0,
69,2,
45,32,
112,80,
95,70,
74,33,
102,116,
141,145,
100,101,
56,85,
94,11,
122,135,
119,133,
38,61,
20,14,
6,62,
23,15,
25,23,
64,59,
88,-3,
46,40,
62,-5,
31,-21,
101,23,
33,70,
5,-8,
-22,15,
64,69,
32,60,
75,55,
13,70,
-55,10,
-10,72,
-15,82,
47,48,
-16,130,
-2,117,
30,39,
54,-27,
98,26,
91,51,
100,31,
-13,77,
16,25,
00>
_________________________________
00>
_________________________________
Sequence Number: 233
00>
00>
Printing STS0 CIR
00>
00>
_________________________________
00>
-25,-15,
76,-39,
-22,-57,
-45,-55,
-97,-96,
-46,10,
-8,63,
24,-30,
-14,21,
-7,52,
9,36,
5,4,
32,-76,
-29,-47,
-11,20,
58,-11,
65,-20,
29,-15,
-89,53,
-111,-21,
-16,16,
40,-41,
-15,34,
52,25,
-10,5,
-27,-4,
-12,44,
21,-12,
0,-11,
-48,-14,
-1,-31,
15,-35,
-37,-42,
-36,11,
13,106,
-71,76,
-47,-74,
54,-33,
33,18,
-1,23,
37,-97,
-16,-89,
26,-25,
-37,28,
-60,56,
-36,-17,
-24,-40,
13,-3,
-31,-7,
-55,-19,
-77,1,
-59,15,
-26,-12,
34,-40,
1,-49,
-16,2,
-19,41,
7,6,
6,-77,
-67,-15,
-55,67,
-17,48,
-72,-13,
15,-73,
-71,-49,
-71,-9,
-28,0,
22,65,
24,-17,
21,-10,
-22,46,
-24,51,
67,69,
55,-5,
6,21,
-35,-55,
-10,-41,
19,-48,
-23,-50,
-102,-16,
-54,35,
45,35,
35,13,
-39,-11,
-35,-73,
-64,-80,
-101,-41,
3,-10,
49,-35,
36,33,
14,5,
56,20,
23,-22,
-54,2,
0,88,
-3,110,
88,41,
36,0,
24,-37,
22,-6,
25,30,
-83,16,
-24,37,
-17,4,
7,-33,
17,1,
37,19,
75,2,
26,-13,
-51,-53,
-51,-40,
-93,0,
-53,9,
27,63,
34,87,
27,-6,
26,-46,
-33,-65,
12,-43,
21,-44,
15,23,
-9,51,
-50,20,
5,14,
8,-38,
-12,-17,
6,27,
-25,53,
-50,52,
21,17,
28,-31,
27,-48,
-56,-11,
4,41,
8,17,
-29,14,
4,66,
21,81,
-24,77,
-8,-26,
44,-6,
58,-21,
-44,-43,
-37,0,
32,44,
94,-4,
52,41,
-22,47,
-100,29,
-50,51,
-23,75,
-38,100,
28,-11,
-6,-113,
20,-94,
21,-22,
59,35,
68,23,
26,-49,
-32,-22,
-13,46,
0,44,
-24,-7,
35,-51,
-28,-5,
-8,49,
53,50,
-8,64,
0,23,
5,-2,
15,-15,
22,28,
-42,54,
-15,69,
-20,9,
2,-6,
44,-17,
-17,18,
-47,-18,
-45,38,
6,-27,
30,-63,
74,-12,
-14,-39,
15,-18,
20,7,
14,5,
3,-42,
73,-4,
37,14,
6,11,
-33,-5,
-30,-18,
-29,3,
12,-7,
38,31,
3,67,
32,9,
4,-58,
17,-40,
46,2,
42,62,
-18,63,
-4,2,
130,-35,
99,-13,
-1,35,
-32,-4,
26,-10,
100,83,
51,-39,
-46,-12,
-57,47,
-65,79,
-60,66,
-27,42,
6,24,
18,-2,
59,12,
-6,27,
64,42,
-17,12,
-97,-11,
-43,51,
-9,48,
-55,9,
-24,10,
-56,70,
-66,16,
22,13,
-32,36,
-26,22,
-53,-43,
-36,43,
-97,-37,
-31,-16,
54,-15,
-15,29,
-12,46,
-67,42,
-46,22,
-28,-60,
12,-32,
-1,-86,
-40,-12,
-80,28,
-16,69,
-20,15,
8,-34,
38,49,
65,28,
-23,-45,
-28,-2,
3,111,
-77,-23,
-64,-89,
35,-65,
-21,-10,
-16,62,
-47,33,
15,27,
-14,41,
17,44,
-22,-1,
66,-72,
-13,-42,
-63,-25,
-6,73,
2,32,
36,6,
-39,-2,
-38,8,
-37,-33,
20,9,
-11,-26,
-27,58,
3,-30,
-7,14,
21,2,
-64,66,
-83,11,
-63,-58,
-56,29,
-31,39,
-48,5,
-44,6,
2,33,
-1,4,
-28,24,
28,-94,
-12,-58,
52,8,
-37,-16,
-58,-10,
21,33,
18,16,
8,-56,
1,40,
-66,53,
14,39,
39,-117,
96,-139,
-31,-25,
18,76,
34,84,
35,21,
17,-18,
39,53,
26,65,
13,-34,
-20,-28,
-47,32,
-1,81,
33,33,
12,-42,
-15,-32,
59,12,
-71,43,
-45,82,
-18,-4,
39,61,
-14,76,
37,51,
-4,18,
-14,-24,
4,-70,
-5,-55,
10,21,
18,33,
47,-24,
-21,-1,
-6,-13,
16,-87,
13,-49,
4,-12,
59,32,
-55,11,
-76,19,
-95,-3,
10,27,
85,7,
25,-20,
-129,2,
-114,21,
-39,89,
-13,71,
34,18,
87,2,
8,-11,
-43,-1,
-65,21,
75,-29,
214,-159,
844,-832,
2655,-2048,
4217,-2153,
3291,-415,
358,1301,
-1462,987,
-1232,-791,
-515,-2130,
-634,-2069,
-815,-1244,
-349,-398,
83,140,
52,162,
8,-151,
97,-456,
135,-306,
156,28,
256,367,
330,539,
358,494,
300,142,
89,-147,
-53,-66,
-40,191,
-27,294,
37,166,
-40,-53,
-4,-137,
-44,-50,
72,-30,
103,-130,
108,-91,
93,-16,
2,145,
-44,253,
-112,134,
-84,99,
-33,36,
-44,96,
5,74,
-61,108,
42,40,
-71,23,
-51,-34,
39,-92,
89,-61,
-29,51,
-58,114,
-78,138,
-199,152,
-220,202,
-139,112,
-87,-10,
13,-60,
58,4,
41,-48,
21,65,
-42,82,
-58,78,
-96,57,
-107,92,
-132,67,
-135,84,
-92,32,
-46,61,
-120,88,
-179,76,
-107,105,
7,63,
41,47,
87,123,
101,170,
115,212,
65,152,
23,170,
59,257,
-48,230,
-82,53,
2,-59,
127,-4,
68,2,
25,-36,
21,2,
78,-21,
-37,28,
-44,-58,
18,14,
35,91,
62,81,
-38,37,
-35,44,
-21,76,
-68,-29,
-57,61,
-56,32,
-84,59,
-47,-28,
12,36,
8,62,
43,74,
-2,-8,
-35,38,
21,77,
12,70,
-38,21,
48,-51,
-4,-33,
-66,42,
-69,42,
-114,111,
53,156,
53,45,
0,-21,
-2,-12,
-61,-9,
-48,-19,
-35,9,
-70,8,
-24,-9,
-46,60,
14,88,
-51,61,
-17,84,
-25,27,
-23,-2,
14,43,
-91,48,
-16,36,
3,-34,
25,10,
-63,78,
-81,-4,
-18,15,
56,-41,
-2,25,
-59,117,
-94,50,
-97,-10,
19,-7,
31,40,
-108,1,
-107,83,
1,76,
-4,49,
-26,49,
-116,-11,
-5,-23,
19,11,
-6,25,
-42,32,
-13,30,
-12,-1,
64,117,
-13,80,
-30,30,
-16,1,
9,57,
-4,92,
-62,101,
00>
_________________________________
00>
00>
Printing STS1 CIR
00>
00>
_________________________________
00>
54,50,
-33,31,
-42,-12,
-60,18,
18,20,
38,-4,
66,-28,
58,-48,
43,12,
-9,9,
20,-21,
45,-13,
47,11,
-34,32,
-6,86,
47,44,
15,-26,
41,-20,
-29,-16,
-39,-16,
-54,-45,
10,-26,
134,-8,
99,7,
63,21,
18,96,
7,28,
-12,-16,
8,34,
-117,31,
-130,6,
-65,-53,
6,-20,
30,25,
-32,-7,
1,-114,
-45,-111,
27,21,
27,9,
17,97,
66,66,
74,13,
23,10,
-30,23,
-41,52,
-43,32,
-25,-42,
-57,-61,
44,0,
70,21,
106,47,
42,-11,
29,59,
-52,67,
-5,-76,
62,16,
54,30,
95,51,
17,31,
-61,1,
-24,-39,
-22,-59,
-23,6,
58,-11,
57,-38,
99,-45,
32,45,
-29,61,
-11,64,
23,-5,
31,-34,
42,-27,
1,-11,
22,-3,
34,-4,
42,75,
39,20,
0,7,
-17,-8,
-47,72,
3,-7,
25,-52,
-2,-24,
-53,21,
-36,63,
0,-26,
44,-59,
-31,-19,
-29,52,
-42,14,
-16,97,
12,80,
26,48,
61,37,
-20,27,
-72,5,
-46,32,
51,41,
-20,26,
24,-24,
-9,-36,
-6,-39,
-68,-6,
-46,0,
34,13,
73,9,
95,3,
37,-17,
-18,-29,
-15,34,
43,96,
27,53,
-15,36,
-13,-78,
-3,-14,
31,28,
15,29,
-1,38,
26,-12,
1,-6,
-5,-40,
15,-17,
28,-26,
-1,61,
-76,-21,
-28,51,
3,-16,
-27,-21,
42,94,
-9,8,
20,100,
19,71,
94,86,
25,82,
18,167,
-29,65,
-30,58,
-21,2,
30,9,
74,84,
24,85,
16,52,
-25,7,
-55,22,
1,-32,
11,-97,
4,38,
49,39,
-16,59,
35,22,
-16,-15,
-28,-17,
21,18,
-48,1,
-26,82,
-47,30,
62,-29,
-24,3,
-12,53,
18,17,
47,34,
6,26,
-16,4,
31,28,
19,-25,
-28,-9,
27,83,
25,110,
-109,70,
-97,0,
-39,-34,
-35,-44,
6,-55,
30,-106,
56,-61,
-28,65,
-38,4,
-13,-35,
44,5,
-33,22,
-43,13,
-116,46,
-11,-31,
-12,49,
-13,85,
22,37,
23,26,
36,-37,
-38,-56,
-58,14,
-2,64,
-54,35,
-51,2,
6,-40,
45,-8,
-30,58,
-62,53,
-25,-8,
32,-56,
-19,57,
-15,58,
-22,80,
46,-27,
-17,-27,
-97,45,
-20,30,
-1,-9,
57,20,
-44,73,
-12,65,
76,30,
23,-71,
-53,29,
-5,-30,
18,-47,
12,20,
22,-31,
28,-43,
21,-14,
-3,-7,
-10,-46,
-27,46,
-57,-2,
26,-27,
33,-21,
10,-30,
12,35,
36,48,
17,89,
-5,45,
-37,93,
-24,-66,
-43,-10,
6,-48,
23,-119,
27,-75,
44,-19,
-27,49,
-40,45,
40,23,
-27,-5,
60,-34,
9,-11,
-4,-24,
-25,-8,
-28,21,
0,72,
38,51,
-11,46,
-5,-56,
-15,17,
-35,-10,
56,-7,
78,48,
0,59,
42,47,
68,48,
50,70,
-41,112,
38,10,
34,-8,
-49,-51,
4,-17,
80,-6,
99,29,
-36,122,
-4,36,
74,-37,
23,-34,
-8,55,
29,53,
-49,20,
22,76,
22,31,
-29,8,
-13,10,
87,25,
42,33,
22,17,
-30,43,
-35,-25,
-10,-28,
11,5,
5,-66,
2,-35,
-8,-43,
-32,10,
22,59,
16,22,
-52,76,
-13,28,
-45,-24,
-55,-74,
-33,64,
-11,-15,
62,-1,
72,-32,
-11,-45,
4,-45,
19,9,
7,35,
-14,40,
-61,49,
-41,15,
-39,-13,
28,-5,
-21,55,
-21,71,
13,67,
-19,61,
-15,33,
-30,-23,
-31,-7,
-77,-35,
20,-18,
48,-22,
25,-69,
-61,-45,
-44,3,
-19,22,
83,95,
-20,72,
62,-36,
-24,-63,
-17,16,
-51,37,
57,-36,
105,-26,
59,5,
7,92,
19,108,
2,12,
11,-32,
3,-83,
29,19,
5,-16,
3,45,
1,63,
136,93,
113,18,
79,46,
-2,68,
-28,3,
-20,14,
25,55,
93,5,
132,-19,
69,20,
-25,36,
-11,84,
34,41,
15,-9,
87,-222,
452,-1115,
1743,-3027,
3356,-3735,
3285,-1758,
1075,1147,
-1100,2273,
-2153,1635,
-2484,1283,
-2542,1815,
-1876,1833,
-792,789,
45,-121,
142,-159,
-154,239,
-294,539,
-182,476,
73,157,
278,49,
389,186,
463,285,
290,82,
-11,-171,
-175,-70,
-198,259,
-38,301,
83,166,
46,-39,
-93,-195,
-111,-291,
10,-198,
104,-106,
181,-92,
118,-144,
176,-188,
140,-142,
74,43,
-37,-46,
-62,-30,
-95,-84,
-170,-190,
-192,-308,
-59,-259,
-4,-119,
65,-18,
32,-57,
-48,-88,
18,-13,
-49,-25,
13,106,
-66,174,
-31,212,
-75,183,
-81,162,
-48,21,
17,40,
102,66,
115,28,
49,-32,
-37,-35,
-42,-85,
-57,-102,
-53,-17,
-26,82,
9,1,
45,-13,
-29,-20,
-60,36,
-64,-86,
-3,-83,
110,-58,
33,56,
17,150,
154,87,
213,170,
160,259,
117,285,
65,141,
42,11,
149,21,
79,112,
86,95,
94,52,
102,-6,
41,-29,
-18,-67,
-57,1,
53,30,
104,90,
20,110,
-40,83,
-26,-3,
-38,3,
-32,14,
76,47,
89,26,
-4,101,
-11,116,
-74,-10,
-101,-92,
-82,-27,
14,53,
-3,-5,
40,38,
7,72,
42,16,
103,-92,
78,-141,
-17,-68,
24,18,
10,5,
37,-2,
31,-40,
-25,0,
-47,-57,
-60,36,
-56,-14,
-28,8,
-23,16,
23,-8,
-15,83,
-95,22,
-32,-88,
39,-33,
-14,34,
-20,36,
-5,-28,
-35,-17,
-92,-42,
-53,-68,
-12,13,
77,63,
31,78,
37,-24,
36,-14,
35,39,
-12,85,
-27,30,
-110,-20,
-47,-151,
-30,-22,
34,32,
30,38,
30,-1,
-40,-20,
35,6,
15,6,
45,0,
56,-43,
52,-26,
37,38,
-54,-44,
-17,-63,
51,-107,
42,15,
-57,41,
-37,31,
-63,39,
2,-19,
28,54,
00>
_________________________________
00>
RX Timestamp: 360999610053
00>
Clock Offset: -122.738 Hz, 0.015 ppm
00>
RX Timestamp: 362070615362
00>
Clock Offset: -598.812 Hz, 0.075 ppm
00>
_________________________________
Sequence Number: 110
00>
00>
Printing STS0 CIR
00>
00>
_________________________________
00>
-75,76,
-21,11,
25,5,
42,11,
12,22,
11,-36,
2,-12,
-32,13,
1,45,
-5,-42,
64,-8,
94,15,
68,72,
10,81,
-13,-8,
-11,-10,
40,37,
6,45,
23,-25,
-17,-68,
-1,9,
-30,99,
7,71,
-43,26,
-8,38,
25,36,
8,42,
-1,13,
26,-51,
19,-17,
21,16,
43,53,
104,40,
78,8,
40,30,
36,-6,
100,-24,
35,-7,
-27,10,
-49,12,
-4,34,
27,-70,
50,-76,
45,-11,
64,13,
106,18,
31,13,
45,-9,
77,-60,
71,-10,
86,-73,
3,-11,
13,10,
29,44,
69,12,
109,-10,
83,38,
-69,23,
-131,39,
-49,-20,
33,-1,
85,-57,
14,-5,
29,53,
24,2,
7,-16,
16,40,
28,-3,
-12,-5,
-15,-15,
15,-25,
39,35,
3,2,
6,-43,
12,-19,
28,16,
36,23,
56,-16,
48,-9,
4,12,
-50,-78,
-42,-24,
-3,125,
19,11,
-2,-41,
-17,-15,
60,-18,
3,-45,
-3,-29,
-22,-13,
11,32,
-15,-13,
-26,-38,
-11,-24,
41,37,
36,-48,
-3,29,
33,53,
15,-15,
45,-27,
9,-7,
49,-7,
40,20,
-7,18,
-33,48,
25,-32,
15,11,
34,-6,
43,-54,
1,-55,
-12,-23,
-16,34,
7,61,
-27,3,
9,2,
-79,47,
-96,58,
-106,17,
37,78,
70,36,
103,-39,
43,-138,
21,-72,
-47,-9,
-67,-37,
-37,30,
-7,36,
63,-10,
80,-6,
60,95,
-54,28,
-54,33,
-1,-41,
-3,-4,
27,23,
-14,59,
-2,-8,
-6,-1,
19,37,
-2,48,
-21,47,
-63,-20,
32,-71,
61,-68,
16,-18,
-13,7,
-8,65,
42,5,
40,-55,
-32,-11,
51,-14,
75,133,
23,32,
42,-7,
58,22,
17,35,
-19,-19,
-43,2,
-51,86,
7,97,
11,-19,
84,-38,
63,-12,
-17,70,
18,-14,
46,-6,
63,33,
22,116,
0,36,
9,24,
-13,2,
-46,83,
-2,11,
16,-29,
64,3,
40,-7,
-12,62,
37,69,
70,50,
37,42,
-17,29,
-60,36,
-64,41,
43,-46,
29,-46,
77,1,
25,-54,
20,-93,
-35,-53,
-57,-55,
-4,-22,
-13,8,
-5,109,
-12,47,
-23,-19,
-37,-2,
-29,4,
-32,47,
-14,41,
-15,90,
15,19,
21,-10,
55,-69,
19,8,
7,41,
18,2,
-51,16,
15,16,
-20,42,
-28,-22,
60,-59,
22,-1,
-72,31,
-45,45,
-5,-56,
51,-48,
30,3,
25,87,
78,74,
14,17,
47,-15,
-6,9,
45,79,
52,91,
95,-33,
-1,-21,
-20,117,
-49,42,
44,4,
11,17,
-23,23,
-2,36,
-33,57,
-19,38,
8,30,
65,15,
17,-9,
-10,5,
-29,-27,
-66,33,
19,68,
24,31,
8,-46,
28,16,
-88,19,
-102,9,
-64,-6,
-24,7,
25,-9,
-20,-43,
-91,-19,
22,-32,
15,4,
17,-10,
-2,-28,
49,-26,
13,34,
-1,30,
9,31,
25,9,
-40,62,
-82,34,
-22,34,
4,-36,
16,-34,
-63,0,
-62,92,
-62,132,
82,93,
141,80,
72,18,
10,48,
26,28,
15,12,
-15,57,
-18,69,
-48,12,
-13,-18,
81,-98,
66,-49,
33,16,
6,-5,
38,36,
63,34,
49,-9,
33,-15,
-43,14,
7,46,
-19,-22,
52,5,
71,5,
-12,8,
16,-32,
69,-106,
24,-32,
43,-21,
15,-19,
40,-15,
4,61,
-8,36,
-1,-57,
8,-64,
45,-33,
-14,27,
-47,-22,
-51,18,
4,81,
-8,18,
-35,16,
-104,41,
1,35,
1,89,
52,-5,
25,-7,
60,-17,
69,-33,
56,-62,
73,-13,
23,6,
-12,-16,
44,37,
51,-3,
103,-1,
58,63,
21,54,
32,6,
26,-18,
-5,-12,
-27,50,
-32,72,
13,53,
-10,-108,
-1,-65,
42,9,
11,43,
5,20,
20,35,
-35,57,
-30,42,
-14,23,
24,55,
-41,35,
-23,-24,
59,15,
66,82,
7,28,
-2,8,
3,-26,
-52,-20,
-36,60,
11,28,
-25,62,
79,37,
421,254,
1904,1981,
3922,5472,
3469,6893,
972,4614,
-1864,-740,
-2375,-2822,
-1469,-779,
-1485,1492,
-1754,1964,
-1224,1231,
-373,478,
78,-9,
-120,-413,
-284,-878,
-184,-1106,
-6,-852,
-212,-367,
-583,-8,
-828,148,
-1247,99,
-749,461,
-59,511,
167,103,
65,-266,
28,-362,
152,-303,
196,-137,
135,-102,
119,-96,
52,-227,
4,-233,
6,-140,
212,-55,
288,-45,
306,43,
440,301,
376,296,
264,237,
150,60,
91,-63,
197,-107,
116,-11,
60,-9,
62,8,
88,-81,
119,-86,
104,-54,
10,-18,
-54,-26,
-91,42,
-84,66,
-37,54,
3,140,
-105,110,
-281,45,
-299,-6,
-160,-98,
29,-54,
137,-94,
194,-99,
202,-73,
18,108,
-208,167,
-254,145,
-263,-125,
-81,-148,
66,-71,
98,-124,
98,-100,
75,-111,
55,-120,
15,-175,
-121,-39,
-319,14,
-469,-156,
-395,-344,
-183,-331,
-93,-174,
-166,-43,
-164,21,
-187,130,
-47,108,
-5,39,
-97,29,
-125,-62,
-22,-33,
-48,-58,
42,-126,
14,-63,
10,-73,
44,-51,
-6,-87,
-31,-76,
8,-97,
45,-71,
18,-77,
108,-57,
92,-90,
52,-6,
-75,-22,
-65,-49,
-1,-93,
-42,-122,
-37,-50,
1,-12,
2,-27,
-7,15,
-37,26,
-24,39,
43,-10,
109,-23,
0,-4,
-81,7,
-138,-23,
-62,5,
42,-110,
25,-123,
25,-117,
-15,8,
39,-38,
104,-96,
36,10,
-35,-16,
0,-31,
-2,-81,
10,29,
66,3,
24,-30,
42,-72,
43,-43,
95,-48,
117,-18,
3,8,
-97,39,
-70,-13,
43,-118,
51,-100,
105,-91,
78,-73,
44,-101,
67,9,
25,-35,
-42,13,
78,69,
36,21,
-28,26,
-103,56,
-69,17,
105,-82,
77,-108,
5,-12,
60,-34,
112,-36,
81,-88,
0,-3,
43,-48,
61,-1,
95,-34,
00>
_________________________________
00>
00>
Printing STS1 CIR
00>
00>
_________________________________
00>
-12,14,
-15,10,
-29,9,
-23,8,
-54,20,
8,109,
-1,-56,
-28,-28,
-14,-64,
-61,-62,
-6,-62,
67,-37,
47,13,
-24,-25,
43,31,
-17,6,
19,45,
10,5,
13,6,
36,30,
43,12,
20,31,
31,-14,
2,-22,
34,45,
42,93,
19,41,
14,20,
9,2,
-14,-24,
-62,-21,
-35,-15,
-27,24,
-25,52,
-57,58,
-56,54,
-24,36,
-27,15,
1,-40,
32,-73,
-21,27,
-64,-23,
-38,44,
-9,-49,
-28,9,
-40,-27,
52,40,
63,-3,
24,0,
25,-25,
-31,-31,
-27,-71,
10,-32,
16,11,
10,-13,
30,-30,
32,-37,
-66,-9,
-32,-26,
80,-46,
8,31,
-21,1,
11,-27,
10,9,
14,34,
32,-10,
29,45,
-14,64,
-79,69,
-41,53,
10,-39,
77,-64,
69,-3,
7,48,
-8,55,
-4,41,
31,55,
-14,78,
-3,48,
18,18,
6,-28,
-7,-42,
60,-14,
-9,10,
-26,43,
-4,17,
46,-43,
93,-5,
4,8,
-55,34,
-62,27,
14,15,
30,23,
-3,29,
46,33,
2,-65,
41,-61,
57,-26,
91,19,
-15,-51,
-8,-14,
-3,-62,
-28,8,
-6,-11,
-3,11,
-105,-49,
-104,-88,
-63,-18,
-18,-16,
18,-14,
-51,14,
44,-24,
89,-55,
76,40,
30,-5,
5,-22,
34,15,
68,56,
48,28,
22,-4,
124,22,
39,38,
-79,-39,
-41,-17,
9,-21,
-51,-16,
-10,-42,
0,31,
127,47,
51,65,
4,-68,
54,-8,
28,55,
67,56,
30,113,
45,-70,
-3,9,
-39,-1,
-76,-8,
-38,32,
39,38,
-26,-10,
-32,-23,
68,31,
52,71,
-25,68,
-48,13,
-52,13,
-97,1,
-43,-101,
-6,-8,
35,13,
24,-30,
-52,-26,
3,27,
48,32,
2,43,
-34,-6,
-40,44,
-18,18,
-41,-86,
14,-71,
-34,-60,
-2,11,
47,-39,
30,-46,
46,8,
24,42,
40,-48,
36,49,
-13,4,
-21,67,
4,78,
27,-32,
37,-50,
-24,10,
21,41,
59,13,
77,-25,
-46,-49,
-20,15,
-46,53,
35,-19,
-36,-24,
-2,-86,
42,-32,
32,94,
23,52,
10,23,
32,-28,
5,32,
-19,39,
16,-43,
15,28,
41,26,
17,68,
-16,10,
-68,-78,
36,-19,
2,48,
-16,29,
-45,0,
-26,-65,
0,-23,
-2,12,
-70,16,
-16,37,
32,-39,
-1,22,
-40,-35,
-5,-38,
50,-63,
12,-100,
-21,-64,
-18,29,
-96,26,
-36,28,
-51,32,
-8,25,
10,-58,
-21,-64,
39,-58,
100,-61,
39,-70,
47,-6,
66,37,
35,135,
-39,121,
-59,33,
-67,8,
-69,40,
-29,-36,
-15,0,
31,-29,
18,80,
27,56,
-4,7,
-50,1,
-18,18,
5,-19,
-38,49,
-78,43,
-34,24,
60,24,
29,-28,
17,-32,
-71,-20,
-105,-9,
-75,21,
-23,67,
28,95,
23,14,
27,37,
15,7,
4,16,
-76,-35,
-48,-28,
18,11,
43,-26,
10,8,
-42,14,
-47,56,
-25,-11,
25,-44,
61,-66,
34,1,
1,-48,
-29,-18,
-20,2,
0,63,
3,49,
8,9,
-36,26,
-20,20,
10,36,
-1,-25,
-54,-49,
-45,-21,
-3,-59,
44,-65,
43,23,
-12,12,
-62,-56,
-54,-90,
-21,-64,
-43,10,
-45,34,
-8,-23,
-22,-7,
-20,-39,
-9,-27,
-3,85,
-16,99,
-20,85,
-24,11,
-85,-15,
-15,18,
-29,-9,
-4,31,
14,81,
-13,34,
-38,-94,
25,-51,
-51,-42,
3,21,
19,4,
59,89,
48,-24,
15,-76,
-27,-13,
-43,36,
-40,38,
-5,-14,
6,-82,
68,-65,
-16,-25,
-5,14,
6,37,
-14,-21,
-6,2,
42,-25,
27,-60,
3,12,
-29,32,
-4,6,
22,-21,
42,14,
13,-55,
-32,-24,
6,-15,
5,18,
-9,-19,
-16,45,
-71,39,
-71,58,
1,-7,
14,-55,
15,-59,
-34,-25,
-19,5,
4,38,
-4,5,
-16,-34,
-55,-41,
-11,24,
40,24,
19,54,
-31,34,
-34,23,
26,29,
36,13,
35,7,
56,-75,
460,61,
2443,1042,
5438,3809,
5459,5559,
2058,4525,
-1752,-100,
-1410,-2157,
1453,-322,
3447,1825,
3152,1840,
1848,592,
740,-272,
156,-243,
172,19,
361,314,
514,455,
436,311,
2,95,
-543,-51,
-786,106,
-1111,-19,
-614,113,
-220,222,
-182,5,
-406,-179,
-438,-316,
-285,-187,
-145,-107,
-128,17,
-213,-66,
-310,-142,
-210,-246,
21,-241,
113,-27,
-96,72,
-203,-13,
-99,-275,
139,-144,
94,87,
-179,141,
-319,-49,
-45,-255,
207,-149,
158,-44,
-83,193,
-166,269,
-51,189,
95,-33,
124,-88,
147,-113,
-93,-116,
-115,-107,
1,-211,
-6,-120,
-74,13,
-168,104,
-52,81,
-16,-27,
81,-82,
84,-37,
-42,-130,
-115,-128,
-109,-139,
-196,-106,
-162,-80,
-172,-182,
-41,-215,
-14,-109,
-97,-10,
7,71,
-28,126,
-25,41,
-27,-54,
-90,-154,
-151,-100,
-251,-152,
-411,-215,
-385,-158,
-335,-175,
-299,-200,
-204,-194,
-199,-141,
-118,-71,
62,-75,
78,-18,
32,-74,
-70,-64,
-168,-64,
-85,-15,
-6,19,
0,15,
-9,-20,
-21,-125,
35,-145,
38,-123,
9,-36,
-57,-56,
-66,-62,
-33,-24,
14,28,
-38,65,
-44,63,
-97,-20,
-12,-22,
-21,-57,
-13,-54,
-67,-50,
-66,-40,
-86,30,
-51,6,
-111,-29,
-128,-101,
-62,-35,
-16,23,
-90,16,
-110,-52,
-121,-162,
-40,-150,
54,-79,
-26,-99,
-48,-76,
-26,-77,
-30,-49,
-25,-39,
-24,-15,
3,-51,
36,-37,
-18,-33,
-25,-51,
-69,-42,
-74,93,
-54,10,
-83,-23,
-44,-119,
-36,-46,
-19,10,
-3,59,
-127,-18,
-91,-53,
-36,-59,
-44,-34,
16,17,
51,-27,
-1,-30,
5,-36,
32,-36,
-52,-16,
-73,39,
-132,-8,
-90,-79,
10,-80,
30,20,
52,-39,
14,-40,
-1,9,
5,8,
-49,-49,
-16,-43,
-10,-44,
00>
_________________________________
00>
_________________________________
Sequence Number: 113
00>
00>
Printing STS0 CIR
00>
00>
_________________________________
00>
17,-12,
29,-80,
24,-81,
25,-12,
24,-9,
4,2,
2,0,
-44,52,
-70,61,
24,2,
78,8,
64,6,
44,29,
24,39,
-21,16,
-72,15,
-11,-35,
36,111,
-20,62,
13,30,
22,-25,
-62,17,
-18,37,
15,-8,
79,-56,
25,-62,
-24,-29,
5,8,
46,-21,
23,52,
-67,39,
-30,12,
-19,-32,
15,-15,
-27,-1,
-5,37,
-16,-5,
-39,-78,
0,5,
59,25,
6,-7,
17,-56,
41,12,
30,28,
7,6,
-22,28,
-51,22,
-32,88,
6,35,
-33,-6,
-45,11,
-89,26,
-13,13,
46,9,
5,-34,
-13,-4,
-31,42,
9,63,
9,17,
-7,-40,
-37,6,
37,3,
-8,35,
-36,-2,
22,-3,
50,33,
59,31,
-14,-49,
-18,-30,
-63,-54,
-17,-10,
-16,-6,
50,16,
41,52,
-31,63,
-114,47,
-84,18,
-18,36,
39,35,
18,-21,
-16,66,
15,60,
61,31,
47,92,
47,8,
51,-37,
-31,-24,
-60,-56,
32,-10,
67,-25,
8,-4,
-35,-55,
-15,-81,
49,22,
14,31,
8,87,
24,38,
10,-45,
-5,-21,
38,10,
84,47,
5,57,
-52,-29,
-48,-79,
-22,-52,
76,-20,
24,34,
-6,18,
-30,-13,
-2,-40,
-62,-89,
-64,-1,
-12,26,
29,74,
55,-9,
6,-18,
-19,-29,
-14,-6,
-82,79,
-60,9,
-32,-9,
-48,26,
-20,103,
114,92,
37,75,
5,14,
-34,-42,
9,28,
59,21,
25,60,
35,68,
26,-22,
-50,-30,
26,-69,
31,-16,
-29,9,
-25,88,
-34,-30,
-31,16,
35,84,
23,41,
-14,-22,
-1,9,
-4,66,
38,-63,
76,-89,
17,-65,
12,-43,
4,64,
34,70,
28,33,
-15,-17,
-17,-84,
83,-51,
96,-13,
-4,-17,
-52,48,
-68,-42,
-55,7,
-21,43,
29,73,
37,77,
-20,51,
-3,-58,
9,31,
-53,0,
42,80,
36,79,
35,79,
57,35,
29,-12,
85,-13,
13,-25,
-3,-25,
19,20,
36,43,
-7,6,
36,83,
-10,24,
-8,-12,
18,-13,
-16,-12,
17,40,
-18,-48,
-1,-87,
-33,-34,
-67,41,
37,29,
31,56,
-28,-22,
40,-41,
73,-83,
9,-43,
40,-34,
32,45,
63,33,
37,-83,
70,-91,
19,-26,
-16,23,
31,18,
59,103,
-71,43,
-31,-2,
-6,3,
35,-20,
11,43,
79,60,
23,88,
35,62,
-13,12,
50,31,
44,55,
30,9,
-17,48,
21,15,
-19,12,
-60,63,
-8,73,
13,29,
57,38,
57,14,
-1,-27,
43,-32,
42,-16,
-70,28,
-50,-3,
-18,28,
-26,-1,
-22,-30,
-36,-8,
10,0,
0,0,
16,11,
-44,77,
-25,15,
-69,-29,
-10,61,
-3,28,
7,55,
24,4,
91,-6,
37,39,
22,54,
6,20,
69,68,
74,3,
8,-58,
24,-56,
-35,21,
44,1,
34,29,
-10,14,
-4,8,
-28,1,
-34,-4,
-12,-14,
-7,0,
37,26,
-20,-43,
-22,-93,
-4,-82,
39,-97,
44,-35,
74,-29,
59,100,
66,17,
32,-17,
-15,10,
-5,-18,
62,-30,
-4,19,
-60,14,
-31,-43,
-25,-17,
7,13,
-31,63,
-22,73,
-96,-68,
-48,-72,
-52,38,
47,111,
-32,38,
-7,-19,
4,-25,
4,50,
-85,76,
-33,79,
-13,27,
-35,44,
6,-9,
-45,48,
-15,-12,
6,-25,
62,34,
61,43,
-9,-14,
65,45,
33,14,
6,19,
-66,17,
-55,-61,
-63,-21,
-46,65,
-116,89,
31,41,
40,-5,
11,-41,
-20,20,
-25,42,
-81,43,
-41,-44,
-62,-16,
21,-39,
-44,67,
13,-14,
59,-12,
13,26,
-38,28,
52,-20,
70,9,
27,44,
65,15,
-1,77,
38,-17,
11,17,
-46,2,
-33,-2,
-35,-23,
-24,-6,
-43,55,
-61,-40,
-63,-25,
20,33,
48,-12,
-21,-42,
-19,-60,
-57,-32,
20,-41,
6,-62,
13,-54,
-3,11,
-45,53,
-25,43,
36,35,
-30,16,
-44,-35,
-25,-4,
66,18,
-10,49,
-47,4,
-57,20,
-20,43,
17,23,
45,49,
-244,-52,
-1202,-465,
-2917,-1821,
-3479,-3231,
-1448,-2885,
1135,-693,
1311,1059,
-493,1408,
-1949,1346,
-1806,1435,
-936,1230,
-221,460,
82,-58,
59,-154,
-228,66,
-436,163,
-324,64,
9,-125,
291,-296,
390,-534,
243,-535,
-40,-276,
-203,-40,
42,71,
323,-13,
350,-3,
158,82,
-82,166,
-97,129,
-11,17,
45,16,
-164,-103,
-190,-28,
-120,-12,
57,29,
137,93,
258,73,
110,61,
-3,67,
-12,-58,
17,-1,
90,-12,
-60,-46,
-55,23,
-34,67,
-77,-39,
-39,-26,
-48,13,
41,82,
77,132,
168,138,
290,167,
121,127,
-82,19,
-36,-35,
16,-15,
25,45,
62,-52,
43,96,
26,153,
41,109,
86,54,
166,101,
88,102,
51,124,
105,61,
227,-31,
116,-9,
80,-17,
38,-47,
-6,-55,
160,-92,
199,-92,
165,-81,
127,-208,
69,-199,
182,-78,
151,1,
125,21,
5,15,
-22,-71,
-32,-47,
-18,-12,
-12,-52,
-29,-45,
-13,-36,
13,80,
-46,-15,
-9,37,
-22,-26,
31,69,
75,125,
116,72,
73,71,
41,25,
-2,-44,
-38,52,
10,12,
99,48,
79,36,
74,-36,
-8,0,
39,34,
93,-28,
110,11,
24,20,
-4,20,
14,71,
28,73,
40,40,
-42,43,
5,77,
39,-14,
107,-27,
51,36,
78,44,
49,-23,
117,4,
69,12,
106,-38,
19,-3,
0,-13,
47,-9,
16,37,
-17,-50,
-8,23,
-10,76,
11,61,
81,13,
49,-8,
1,16,
-49,123,
24,129,
66,9,
75,12,
55,12,
-3,66,
60,11,
48,21,
-35,100,
-24,113,
26,34,
97,49,
89,31,
69,49,
-22,56,
-20,-41,
5,67,
33,43,
-88,58,
51,99,
36,-28,
78,-22,
7,46,
87,59,
66,29,
18,-18,
00>
_________________________________
00>
00>
Printing STS1 CIR
00>
00>
_________________________________
00>
32,-27,
84,20,
9,85,
-48,37,
-29,1,
70,17,
83,76,
-14,-15,
49,13,
14,-11,
43,-16,
38,46,
36,15,
-15,-42,
56,-5,
11,38,
-10,-46,
-22,-47,
-51,-92,
-20,9,
43,74,
9,23,
35,49,
40,37,
-14,47,
-43,110,
-7,-31,
-30,-55,
-22,14,
33,15,
30,-12,
75,-28,
65,44,
45,42,
9,47,
21,8,
46,6,
26,10,
9,-8,
48,-14,
-14,50,
-62,-3,
34,-76,
8,8,
-13,1,
63,-14,
-14,43,
2,109,
12,67,
24,47,
72,58,
81,131,
47,114,
-1,10,
-30,-54,
41,5,
75,86,
-2,18,
-3,-23,
43,-12,
64,36,
80,53,
81,21,
7,-21,
-13,26,
-33,36,
6,-3,
18,26,
-9,-25,
-34,-16,
-79,5,
-44,1,
-42,1,
41,93,
13,61,
-43,17,
-73,-14,
-81,-1,
-35,4,
-19,30,
24,24,
55,-74,
36,13,
84,6,
-9,-43,
-21,-46,
43,-28,
39,37,
13,66,
29,-20,
58,11,
11,-32,
-4,-94,
42,-8,
19,70,
54,35,
88,54,
-31,73,
-7,14,
-4,-7,
-46,-109,
-22,5,
17,-43,
117,-40,
50,-15,
-24,39,
-4,98,
101,89,
63,-22,
-22,-7,
-6,2,
-30,70,
38,28,
4,-17,
60,-41,
8,38,
-40,22,
-50,86,
-5,7,
33,16,
16,94,
61,29,
-3,14,
-21,5,
-62,24,
-27,41,
-42,49,
-23,31,
-16,-23,
5,18,
0,42,
-30,41,
8,13,
-1,-26,
-78,25,
-72,8,
-15,-45,
54,-19,
73,95,
37,-8,
-2,-31,
-20,-48,
79,-47,
39,-47,
39,37,
53,15,
121,-26,
38,-12,
-51,70,
48,24,
40,23,
44,8,
-87,-7,
-110,-38,
-23,33,
-14,29,
0,89,
-69,9,
-26,6,
12,-18,
37,-22,
7,25,
32,-6,
51,54,
23,23,
-2,8,
22,8,
22,-4,
-25,41,
-45,-19,
-16,14,
41,32,
52,-1,
-25,56,
-2,91,
-4,82,
-5,13,
-30,-47,
-42,91,
14,65,
4,28,
-44,-32,
-22,32,
34,90,
19,54,
32,1,
8,7,
-12,11,
21,-77,
-16,33,
-40,-7,
-5,87,
76,94,
105,-19,
69,-17,
-46,56,
17,8,
-24,13,
-27,-6,
-68,27,
31,129,
102,158,
109,36,
51,0,
39,59,
55,26,
-19,-12,
-73,44,
-50,73,
-6,49,
21,-7,
-44,-28,
-14,-26,
-62,35,
-11,54,
40,91,
40,96,
56,-31,
21,-49,
7,-37,
40,-71,
91,-45,
-16,-85,
51,13,
49,4,
10,-10,
-21,-59,
-64,1,
-93,-32,
-1,-22,
-54,3,
-71,32,
-27,-14,
12,-1,
-38,66,
-13,92,
-12,10,
38,-19,
72,17,
34,45,
54,49,
19,-2,
-27,-55,
-63,-83,
40,-27,
13,10,
9,43,
16,17,
-5,30,
-16,22,
-22,64,
-43,9,
-15,-51,
14,-89,
-6,10,
-1,45,
-14,17,
71,51,
69,31,
-11,-20,
-36,-32,
-78,-70,
-20,23,
-4,6,
35,-19,
-26,-20,
-18,-12,
41,-9,
35,51,
-18,59,
-33,37,
48,0,
35,-45,
55,4,
1,65,
-3,-51,
8,-60,
48,23,
2,119,
-55,23,
-10,4,
24,29,
35,-18,
20,50,
5,0,
-5,-28,
-34,39,
-77,55,
-21,-3,
-13,-8,
-56,17,
-36,55,
-20,40,
63,55,
87,27,
135,32,
37,-36,
15,-10,
78,-51,
20,-5,
-42,47,
-14,2,
22,9,
-35,-28,
-39,-16,
19,48,
48,-2,
-19,38,
-67,5,
-24,14,
24,73,
51,19,
10,-21,
37,52,
25,14,
24,-86,
-38,-23,
-62,-3,
34,-23,
25,-33,
42,-14,
29,52,
-15,63,
-20,79,
-55,-3,
-17,-52,
56,0,
72,23,
85,22,
3,-7,
-67,-29,
-93,3,
-39,-66,
-74,-6,
-60,99,
-13,59,
-8,39,
60,88,
11,77,
19,-28,
-45,-27,
27,-68,
26,38,
38,56,
-9,38,
55,44,
104,14,
31,-3,
5,20,
6,43,
-22,22,
30,53,
-16,-16,
17,12,
59,35,
-218,36,
-1292,-193,
-3369,-1153,
-4411,-2573,
-2446,-2843,
907,-1356,
2473,660,
1976,1869,
1788,2196,
2207,2074,
2011,1532,
907,638,
-14,-77,
-127,-162,
226,8,
512,132,
435,56,
149,-21,
-115,-228,
6,-413,
97,-410,
-41,-155,
-194,113,
37,175,
269,91,
308,-16,
210,-64,
-2,87,
-223,95,
-275,119,
-176,114,
-126,11,
-148,-62,
-186,-114,
-149,-16,
-91,-36,
-128,-27,
-147,14,
-112,97,
-98,144,
-107,248,
-203,191,
-227,55,
-145,-51,
-77,-85,
22,-37,
1,36,
57,-35,
85,-80,
134,-26,
179,5,
186,74,
259,101,
176,156,
139,36,
127,-97,
69,-135,
20,-106,
-27,-49,
-37,0,
-26,40,
-52,-19,
11,8,
-5,45,
-19,65,
-53,21,
-14,77,
73,122,
17,51,
-70,-31,
-77,-119,
11,-94,
121,-71,
154,-82,
112,-135,
139,-257,
188,-242,
142,-138,
128,-45,
67,-87,
103,-111,
16,-38,
-37,19,
-150,7,
-139,43,
-38,17,
83,-36,
50,-53,
14,-11,
3,-31,
4,-8,
70,36,
51,4,
-16,-43,
-31,-33,
12,14,
-2,43,
-9,-8,
-2,-84,
68,-89,
37,-1,
63,19,
-64,-3,
-18,14,
-54,38,
-33,-36,
-33,0,
-22,-7,
11,6,
-14,43,
-13,55,
18,92,
7,-51,
0,-63,
16,91,
1,122,
-50,77,
-42,115,
-3,46,
27,-7,
77,-59,
74,25,
-44,-17,
27,-142,
-24,-118,
-21,-46,
-39,-52,
-9,37,
102,-5,
30,-89,
2,-49,
-81,-5,
-38,-26,
-38,-41,
4,-104,
40,-70,
22,57,
-11,41,
-3,-41,
17,20,
55,3,
-37,-19,
-90,57,
14,88,
112,39,
82,-3,
-10,15,
-34,13,
-59,4,
-14,-44,
-87,26,
13,13,
-15,40,
45,90,
8,37,
35,26,
35,30,
00>
_________________________________
00>
RX Timestamp: 500996879400
00>
Clock Offset: -699.234 Hz, 0.088 ppm
00>
RX Timestamp: 502068775106
00>
Clock Offset: 185.966 Hz, -0.023 ppm
00>
_________________________________
Sequence Number: 246
00>
00>
Printing STS0 CIR
00>
00>
_________________________________
00>
-56,4,
-11,-32,
0,-49,
17,-36,
62,3,
62,34,
54,46,
-2,-31,
55,2,
31,0,
-10,28,
31,-22,
13,-35,
36,-31,
17,28,
12,15,
-39,-13,
-1,-19,
18,-73,
56,-28,
-17,90,
-62,57,
26,51,
32,-21,
-3,-17,
-38,-27,
30,13,
40,2,
53,47,
47,32,
21,-13,
23,46,
-42,-30,
27,28,
16,3,
34,1,
21,57,
-14,30,
-9,7,
-5,53,
-14,11,
-7,-12,
13,28,
58,30,
13,-7,
8,26,
45,62,
54,10,
64,32,
-26,-5,
10,19,
46,112,
-6,37,
-18,2,
-54,14,
-76,41,
-30,-3,
4,35,
-2,46,
11,9,
11,-64,
-14,-10,
-6,45,
91,24,
3,87,
-11,57,
-19,52,
-29,-22,
45,-6,
39,-27,
2,-82,
26,-4,
12,15,
9,-77,
27,-15,
16,36,
18,4,
-29,-23,
11,38,
53,28,
15,33,
-3,10,
17,-5,
-20,-15,
29,8,
-31,49,
-7,20,
38,56,
54,83,
52,3,
58,36,
26,57,
20,-7,
-17,-41,
-13,-17,
15,-10,
-2,-98,
-19,-32,
13,-37,
55,12,
109,59,
55,26,
28,-46,
-17,-64,
39,1,
56,26,
34,8,
61,20,
14,34,
0,46,
2,92,
22,18,
57,56,
19,7,
-19,49,
31,42,
94,-81,
10,-3,
-37,55,
-60,52,
-54,17,
35,-13,
41,17,
4,-8,
19,33,
-24,-14,
24,18,
53,14,
17,6,
-8,72,
-1,26,
-25,22,
9,61,
4,-9,
35,4,
-4,12,
24,31,
12,30,
2,-32,
25,-22,
41,-13,
2,32,
-27,61,
-8,-2,
-44,-41,
30,54,
11,57,
24,60,
26,47,
61,73,
9,32,
70,-22,
76,-52,
20,-40,
12,-39,
14,-16,
45,-21,
65,-2,
51,17,
26,12,
67,-14,
46,50,
25,65,
46,37,
-12,-62,
25,-22,
0,23,
29,-50,
-18,41,
1,8,
23,47,
20,22,
23,58,
-25,-16,
4,-40,
7,-2,
-37,-16,
-15,-24,
20,-68,
26,-44,
4,-10,
-15,33,
20,-7,
92,-34,
86,-22,
45,-67,
8,16,
24,-9,
2,61,
32,33,
-11,-27,
43,-21,
-9,18,
0,-6,
16,-37,
144,-8,
115,30,
5,32,
-2,2,
-15,-45,
-23,64,
-24,29,
-3,45,
1,-13,
-4,10,
8,0,
5,-12,
19,-62,
-5,15,
-8,18,
13,-21,
1,16,
21,105,
14,52,
17,1,
3,52,
-10,67,
44,114,
11,33,
17,10,
-4,78,
-61,27,
-45,5,
14,57,
-1,16,
1,-28,
8,-58,
-44,32,
10,36,
21,10,
-5,-25,
87,46,
78,38,
-16,-40,
-28,-22,
11,-37,
-16,-5,
36,0,
3,-3,
8,-34,
-32,-37,
21,-47,
42,-28,
45,14,
1,4,
6,24,
23,30,
18,77,
-2,8,
52,17,
18,-18,
9,19,
29,23,
18,38,
-15,40,
-20,52,
67,25,
70,31,
39,-37,
13,26,
-49,59,
72,-24,
-4,44,
30,7,
-13,40,
-40,69,
22,41,
31,2,
15,-32,
17,-23,
42,-25,
21,26,
14,98,
8,53,
-8,-24,
37,41,
-24,30,
-69,5,
-13,35,
44,-31,
15,13,
-46,22,
-24,71,
39,16,
38,44,
56,36,
37,7,
47,-71,
-21,-1,
5,13,
-16,-22,
-66,-50,
-37,16,
-19,20,
-2,-20,
0,-56,
18,-72,
56,-47,
-4,-8,
24,45,
-10,18,
-10,17,
3,-13,
29,31,
-35,47,
-5,-9,
33,-32,
-7,54,
13,105,
-30,40,
21,-10,
10,14,
26,100,
15,19,
-27,-2,
-21,-44,
2,-8,
29,18,
-8,-14,
-12,11,
-12,2,
7,16,
-19,-17,
14,-14,
44,30,
23,17,
-7,70,
36,0,
84,35,
58,18,
18,24,
29,47,
21,11,
-29,0,
-98,30,
-47,22,
-11,19,
13,9,
-2,-40,
50,-30,
-61,-14,
-40,26,
11,30,
23,92,
-10,3,
-1,-28,
21,-38,
25,-14,
31,-15,
29,-6,
82,-42,
895,-400,
5480,-1566,
8007,-1778,
8036,-282,
3766,1988,
-3520,1882,
-4322,996,
-568,1256,
1061,2674,
899,2871,
403,1363,
225,276,
-45,-36,
-427,-29,
-935,-109,
-1067,-284,
-679,-281,
-566,165,
-106,788,
-244,1372,
-386,1560,
413,1041,
838,229,
119,-179,
-289,-299,
-398,-309,
-172,-322,
-35,-235,
-58,-174,
-88,-112,
-196,-150,
-248,-126,
-119,-76,
172,-269,
88,-387,
102,-491,
689,-356,
678,-277,
536,-132,
121,-166,
28,-384,
29,-448,
82,-119,
76,-4,
-56,-17,
-63,-139,
-61,-148,
-51,-66,
-42,-39,
-54,-6,
8,8,
-3,36,
97,27,
102,132,
0,367,
-109,411,
-133,401,
-101,45,
-55,-136,
-23,-128,
19,-135,
4,-71,
53,92,
56,296,
-88,305,
-316,178,
-44,-27,
-17,-103,
-147,-241,
-70,-61,
-186,-100,
-85,-39,
-188,-22,
-76,243,
-147,347,
-262,235,
-358,155,
-317,61,
-148,34,
-61,129,
-72,135,
30,165,
11,37,
2,117,
1,81,
-56,86,
-65,-56,
-17,-41,
-11,-102,
-38,-117,
-49,-89,
-70,-37,
-71,-73,
-89,-22,
-97,38,
-74,0,
-29,-69,
-139,-172,
21,-79,
26,-35,
-128,127,
-172,109,
-153,99,
-39,-43,
-53,-8,
-25,-81,
44,-41,
-48,-25,
-21,-13,
-5,-24,
-52,6,
-26,61,
-21,18,
-158,174,
-49,16,
-24,-42,
-134,-64,
-179,8,
-77,1,
-35,-45,
13,-93,
84,-153,
24,-30,
-20,28,
-26,13,
-24,38,
-33,19,
-75,-18,
-64,-52,
-52,-113,
16,-62,
20,-41,
-99,-78,
-4,22,
139,18,
5,-33,
-17,-90,
-54,-126,
-26,-62,
-22,-53,
27,-29,
57,-17,
19,-8,
43,-23,
23,-63,
-11,-99,
-20,21,
-32,79,
-118,31,
-153,29,
-82,-47,
-31,-33,
-46,-27,
-49,-99,
-41,-89,
2,-25,
-36,17,
-80,31,
-73,-3,
-16,0,
10,-43,
00>
_________________________________
00>
00>
Printing STS1 CIR
00>
00>
_________________________________
00>
18,28,
-25,12,
41,2,
28,-21,
-77,34,
-49,-8,
23,-19,
48,35,
76,17,
26,-48,
20,7,
21,13,
-4,-14,
-8,-1,
-11,-7,
-11,1,
-78,-37,
-4,-32,
38,93,
-22,27,
23,30,
5,-14,
2,-41,
19,-4,
-10,-55,
19,-33,
55,4,
24,23,
-20,-36,
-31,-45,
-23,-9,
-16,37,
-25,54,
4,51,
-6,107,
-54,-1,
-13,-7,
-44,11,
57,26,
40,48,
62,11,
78,5,
-42,-5,
-9,-32,
-27,11,
10,-35,
-24,-34,
-42,-3,
-35,69,
-8,-10,
-14,-58,
18,-112,
57,-36,
-6,44,
63,26,
34,-25,
84,-71,
31,20,
-3,34,
-9,5,
-36,10,
-16,16,
17,-26,
21,-16,
37,33,
32,21,
5,0,
-14,2,
-13,-89,
39,-22,
47,-62,
40,15,
34,106,
-19,5,
-25,38,
16,-42,
-7,-17,
-23,0,
-26,63,
15,38,
61,19,
-17,-19,
-9,-12,
-54,3,
-22,-39,
-13,13,
11,-70,
2,-37,
38,-73,
8,39,
35,25,
-5,17,
-15,-17,
14,10,
15,-11,
25,-13,
1,-2,
16,-10,
11,-51,
-23,32,
11,37,
-44,37,
12,-5,
1,-2,
65,57,
51,22,
18,-33,
50,-11,
8,23,
-15,25,
3,37,
29,-24,
75,26,
58,27,
-1,4,
22,24,
-21,20,
-71,104,
-31,63,
-52,27,
68,-68,
71,-38,
9,12,
-3,43,
8,-37,
-8,2,
18,0,
32,-19,
38,-55,
-19,-30,
-20,-8,
1,36,
11,25,
-8,65,
33,-82,
32,-72,
48,-83,
-19,34,
-31,-6,
-51,-30,
25,-8,
24,-21,
3,-7,
-18,37,
11,37,
-2,31,
-16,15,
-34,0,
-7,-12,
52,-106,
-3,-24,
26,-33,
11,-28,
24,-67,
19,-28,
-34,-51,
-2,-12,
29,8,
-29,5,
15,0,
45,12,
7,-17,
-32,22,
-41,17,
-35,-12,
45,67,
-7,31,
-11,-19,
15,13,
35,16,
-37,-12,
-19,21,
-11,20,
-35,12,
48,-49,
21,0,
78,-25,
37,18,
28,6,
-19,-33,
-2,25,
9,38,
56,-39,
13,-25,
-29,-7,
26,-17,
43,15,
12,-38,
1,39,
5,17,
15,25,
-60,13,
22,-105,
-43,-70,
15,-19,
90,74,
31,-17,
58,22,
-13,17,
-77,10,
-80,28,
-28,-28,
27,-39,
13,17,
7,-44,
18,-29,
29,-25,
28,3,
31,-42,
19,-26,
-7,-81,
-4,-59,
7,-2,
-4,1,
32,-61,
14,-43,
27,-60,
13,-13,
18,15,
-19,1,
-15,-10,
-23,20,
3,22,
21,-27,
60,-29,
32,23,
39,24,
-25,0,
-51,31,
34,-17,
69,-8,
44,17,
-29,14,
-44,1,
-23,16,
-9,-9,
-15,-17,
-6,28,
37,7,
19,-24,
39,-45,
-18,-37,
32,-33,
22,-33,
-15,42,
-22,-31,
2,2,
-2,37,
12,69,
1,19,
26,-22,
35,-30,
30,-6,
11,39,
3,4,
-5,11,
-25,-6,
38,27,
63,22,
29,0,
-13,-11,
43,68,
28,51,
-5,25,
-29,-20,
-17,23,
19,11,
45,40,
7,44,
-23,20,
-32,38,
49,-47,
39,67,
47,54,
-28,48,
-5,76,
28,11,
59,32,
-11,30,
101,37,
58,27,
-1,27,
2,-16,
24,-28,
40,-22,
22,-7,
-37,31,
-47,35,
-18,31,
-16,-8,
-5,22,
-1,-5,
66,2,
88,45,
28,50,
28,-1,
91,-5,
41,-23,
9,63,
6,8,
44,24,
2,-14,
-23,-22,
15,-56,
67,-26,
2,20,
13,-18,
9,-64,
-2,64,
2,-21,
60,-18,
70,-5,
48,-58,
82,-47,
-8,-29,
9,11,
-11,6,
-13,23,
49,-19,
64,-51,
68,30,
-13,46,
-14,-15,
-34,-14,
67,-3,
22,40,
52,21,
-12,56,
-4,42,
-9,49,
19,71,
-23,11,
-12,1,
-47,23,
-19,-4,
33,-3,
25,-10,
11,-45,
20,-40,
19,-33,
-3,-3,
20,21,
-2,-20,
67,18,
17,-22,
-20,26,
-28,25,
49,32,
37,18,
38,-11,
1,-82,
462,-696,
3922,-3798,
7200,-4180,
7920,-2248,
4512,1306,
-2019,2039,
-2060,-541,
1549,-2796,
4583,-3821,
3374,-2843,
848,-1276,
-23,-508,
-120,-207,
155,-186,
471,-310,
585,-288,
390,-215,
-53,347,
98,304,
93,674,
-550,1305,
-314,756,
151,220,
-190,257,
-415,414,
-667,542,
-240,249,
-60,116,
2,234,
-157,278,
-283,234,
-278,43,
-102,-58,
123,70,
86,139,
-93,27,
-386,-205,
36,-161,
194,83,
-84,416,
-373,308,
-301,-64,
41,-300,
96,-73,
160,73,
107,187,
61,69,
97,-146,
30,-209,
-122,-150,
-142,-92,
-119,-97,
-199,-127,
-54,113,
128,209,
-29,302,
-157,222,
-108,6,
-51,-126,
-109,-57,
-144,6,
-145,72,
-146,45,
-165,63,
-231,100,
-387,77,
-158,-146,
-86,-79,
-146,-2,
-10,77,
80,57,
12,48,
-70,14,
-200,68,
-213,190,
-296,250,
-329,296,
-252,308,
-268,243,
-285,185,
-241,164,
-341,170,
-21,27,
-63,18,
-49,-48,
-5,11,
26,96,
-108,248,
-54,224,
25,119,
2,-3,
-66,-80,
-44,-76,
-51,-29,
-21,-65,
-34,-42,
-19,28,
-152,134,
-46,31,
-17,27,
46,167,
-39,183,
10,137,
-92,124,
-85,50,
-62,21,
-83,94,
-24,106,
-16,61,
-58,55,
-65,44,
-51,61,
13,95,
-38,75,
15,56,
17,38,
-84,86,
-131,39,
-167,1,
-113,111,
-71,119,
-45,128,
-28,39,
-6,36,
-29,3,
10,-2,
-10,-2,
-84,24,
-61,41,
-111,75,
9,28,
-13,18,
-83,11,
-94,41,
-65,9,
-26,56,
-84,1,
-92,17,
-65,34,
-47,29,
-23,11,
16,-18,
22,-23,
-63,-16,
-99,36,
-62,-16,
-24,17,
-17,12,
-34,88,
-86,62,
-36,57,
48,42,
20,8,
-4,-6,
-39,52,
-42,9,
-50,54,
-53,59,
-42,43,
-49,28,
-50,36,
00>
_________________________________
00>
_________________________________
Sequence Number: 249
00>
00>
Printing STS0 CIR
00>
00>
_________________________________
00>
-23,20,
22,-32,
27,-50,
-7,-8,
-4,46,
57,6,
20,-2,
54,-19,
15,-58,
30,-7,
-12,57,
-69,5,
-66,-36,
-30,57,
34,103,
1,90,
57,30,
39,20,
-33,14,
-29,26,
-24,-10,
43,-2,
30,35,
19,14,
-10,41,
1,51,
-52,72,
12,-25,
21,-43,
13,18,
-9,54,
-40,55,
-12,-1,
72,13,
37,41,
0,86,
-68,46,
-54,77,
-8,52,
47,46,
41,32,
30,18,
-33,3,
-75,-30,
-117,10,
-37,73,
-82,54,
53,70,
65,15,
113,50,
6,54,
-132,25,
-103,-11,
17,-22,
20,24,
15,65,
-1,55,
-8,30,
-21,41,
6,61,
20,4,
-34,28,
-24,86,
-38,29,
-18,24,
-17,-50,
-25,46,
-36,69,
8,18,
-72,-1,
-20,31,
-8,-57,
34,57,
-37,92,
-42,48,
-18,20,
-8,-16,
-9,0,
-21,46,
-18,26,
-55,64,
-3,79,
23,110,
56,26,
-32,54,
-49,35,
13,114,
78,27,
18,-15,
15,54,
-19,34,
-27,-18,
14,4,
-23,-38,
-51,31,
-29,24,
-20,-30,
37,-50,
-17,17,
-53,50,
-30,162,
2,42,
1,46,
10,45,
-60,22,
-30,49,
-91,61,
-34,45,
5,37,
31,66,
-34,39,
-58,46,
-73,30,
2,53,
41,65,
49,32,
66,-18,
54,22,
24,51,
35,66,
3,41,
-29,13,
-19,-14,
-65,-13,
-24,4,
-39,50,
-30,54,
18,3,
-7,-27,
-26,-14,
-8,-3,
41,5,
0,-73,
-29,-51,
-103,-3,
-39,7,
27,-19,
59,15,
29,41,
28,10,
100,37,
70,47,
25,18,
-75,21,
-34,20,
-15,-11,
-49,12,
20,-8,
2,-8,
-30,9,
37,-7,
21,-11,
-10,103,
-53,131,
-69,14,
-43,-9,
11,12,
24,9,
28,-83,
21,-17,
64,45,
81,58,
46,14,
-2,56,
9,77,
6,23,
4,23,
-23,81,
-72,21,
-92,-41,
-23,14,
-68,73,
-45,21,
16,-4,
34,36,
-22,128,
-30,95,
-27,101,
-63,6,
6,-57,
13,-34,
8,-29,
-30,53,
16,68,
-22,14,
24,2,
81,20,
66,48,
51,60,
8,32,
-8,4,
-37,61,
-26,50,
35,24,
6,77,
-22,42,
37,15,
27,20,
-32,3,
-2,6,
60,46,
4,30,
-50,39,
3,-41,
38,-10,
16,43,
39,60,
97,92,
39,55,
77,-44,
0,-8,
-34,-9,
-5,31,
-23,54,
-24,11,
-13,-37,
5,-37,
-5,60,
45,60,
1,28,
-44,-6,
42,0,
45,-27,
-5,10,
-8,-18,
-55,28,
-37,42,
-4,37,
43,34,
15,33,
-49,97,
68,87,
64,-1,
20,39,
-43,-28,
-27,-88,
-29,-5,
30,11,
37,-33,
-21,-29,
-42,76,
37,70,
31,43,
46,0,
27,14,
-48,70,
-47,17,
-31,-56,
-22,4,
-55,66,
-32,87,
-36,49,
74,57,
29,53,
-39,46,
-81,29,
44,2,
20,19,
-33,139,
-79,115,
-33,60,
-101,-33,
-51,21,
-31,-34,
40,-10,
117,46,
62,23,
52,-68,
12,-111,
-45,59,
30,106,
11,47,
-7,88,
-21,78,
16,46,
30,44,
-24,-34,
45,-7,
50,-68,
-40,0,
-50,39,
-50,71,
-22,90,
66,-10,
28,-41,
38,-40,
-1,-19,
-54,8,
-39,6,
-65,3,
6,63,
17,0,
-55,3,
-82,44,
3,93,
0,90,
38,71,
76,45,
-4,45,
-47,14,
-12,-60,
54,-51,
27,-1,
-2,-64,
44,-104,
11,-45,
-15,39,
36,24,
70,-49,
27,-23,
-18,-1,
-116,41,
-72,84,
44,26,
-15,29,
32,6,
-14,-1,
-88,19,
13,33,
77,83,
38,130,
10,80,
31,57,
-11,8,
-9,-83,
14,-112,
-30,43,
38,75,
3,51,
6,38,
18,39,
29,93,
-29,-11,
-22,7,
-27,83,
12,81,
10,1,
50,2,
-57,6,
17,88,
45,-24,
-21,71,
-25,59,
-82,47,
-60,-25,
-4,-21,
13,20,
11,47,
15,40,
11,6,
39,-62,
-23,35,
8,-12,
-208,-221,
-1012,-1213,
-1992,-3217,
-1424,-4251,
440,-2340,
1296,393,
186,1561,
-1553,871,
-2385,411,
-2006,623,
-1063,721,
-238,238,
104,-91,
-25,-48,
-343,36,
-431,-34,
-197,-115,
164,-151,
411,-165,
520,-222,
402,-289,
26,-141,
-175,-62,
23,67,
370,98,
328,112,
-9,88,
-168,93,
-132,41,
-31,9,
-26,-65,
-38,-102,
-36,-45,
-23,-44,
86,110,
164,201,
167,145,
79,29,
57,7,
55,8,
85,-30,
106,69,
41,76,
-86,82,
-147,-26,
-69,-81,
-39,-46,
-7,87,
-3,103,
88,172,
117,204,
156,112,
31,90,
-45,-2,
-46,-54,
-58,-86,
-79,-21,
-44,51,
17,48,
71,75,
42,75,
64,108,
32,169,
92,220,
32,158,
100,199,
71,156,
146,105,
84,89,
12,75,
58,16,
95,92,
133,29,
138,-70,
168,-74,
233,-24,
182,100,
90,101,
99,35,
-30,-8,
5,-61,
-46,1,
-56,85,
-97,-28,
-16,-62,
-41,13,
2,-39,
-19,-19,
-59,35,
-67,8,
8,57,
38,130,
77,126,
-11,60,
-2,75,
-33,46,
-3,53,
6,-13,
27,35,
10,71,
41,57,
64,35,
57,48,
60,12,
24,53,
-62,152,
-54,124,
-64,65,
-27,43,
-31,60,
-32,89,
-81,25,
-28,6,
106,2,
61,21,
75,40,
10,3,
-19,1,
-26,72,
-11,61,
7,52,
0,67,
30,94,
48,-23,
13,84,
-16,69,
-17,78,
12,43,
-15,34,
-10,-20,
-14,9,
-20,60,
-18,54,
69,77,
18,92,
-53,58,
-18,54,
-3,128,
4,119,
17,61,
-37,29,
-58,95,
-43,68,
24,17,
-12,59,
-26,62,
-104,94,
-24,71,
-30,26,
13,108,
-21,36,
-34,45,
-60,41,
-51,-34,
39,-23,
36,64,
1,-26,
47,38,
44,46,
00>
_________________________________
00>
00>
Printing STS1 CIR
00>
00>
_________________________________
00>
29,-2,
2,-80,
-14,-70,
-3,18,
-2,112,
62,88,
-15,-1,
10,-21,
-54,44,
84,79,
46,51,
4,-16,
15,15,
-4,7,
-26,51,
5,28,
23,16,
38,30,
7,16,
-69,-17,
7,-55,
-105,-68,
-62,-35,
33,85,
11,-40,
-31,-34,
-22,20,
67,33,
67,20,
-45,88,
-22,11,
-19,-2,
50,-38,
45,1,
47,63,
-8,21,
-96,-64,
-54,-79,
16,-27,
24,94,
12,15,
-11,-11,
51,-8,
84,75,
-35,34,
-86,-9,
-49,-51,
-61,-33,
9,8,
-11,-6,
-54,10,
-4,25,
85,63,
15,7,
-43,-46,
-54,-12,
-16,38,
-14,16,
10,48,
34,38,
11,16,
70,-136,
13,-77,
1,1,
-51,56,
23,100,
44,92,
35,37,
14,-29,
40,-69,
78,-12,
32,16,
49,60,
9,8,
8,-24,
33,-19,
39,33,
-54,5,
-25,58,
-27,25,
53,-28,
77,-24,
55,11,
-16,-42,
-67,-18,
-22,49,
-8,109,
-74,74,
45,41,
-17,-37,
-23,-21,
-24,63,
-39,-15,
-7,-31,
8,5,
62,14,
7,34,
-10,77,
-36,49,
-33,-8,
-74,-4,
55,50,
7,4,
18,-9,
20,-7,
17,-21,
-24,-26,
19,39,
12,62,
69,64,
-1,0,
-42,11,
-22,-4,
31,-26,
73,-14,
44,-45,
0,-14,
26,67,
-43,34,
-8,18,
24,-2,
48,18,
-19,6,
-52,26,
-83,9,
-127,39,
-55,26,
25,107,
55,70,
29,30,
-21,-18,
56,-7,
49,-13,
41,29,
33,14,
19,68,
29,91,
43,-9,
-29,50,
-39,87,
62,75,
33,5,
39,-79,
-45,-27,
-79,78,
75,56,
71,-69,
19,18,
-20,9,
-37,22,
30,-11,
102,28,
53,-29,
61,-14,
17,5,
-45,34,
-61,28,
6,-36,
46,-77,
37,-35,
10,-8,
-52,81,
-35,33,
-1,-27,
44,16,
20,12,
-26,-57,
0,-3,
-1,48,
67,-4,
33,-35,
59,41,
45,41,
4,18,
-15,-19,
-44,61,
8,26,
-77,-22,
-95,-2,
-11,9,
9,37,
-27,-34,
-54,10,
16,-56,
-46,20,
-48,75,
-110,-1,
-49,-84,
20,8,
46,21,
19,6,
87,23,
35,-2,
-19,54,
-74,81,
9,34,
45,62,
43,11,
-70,-40,
-48,25,
2,39,
-37,-11,
-7,-4,
27,-49,
52,-48,
-10,16,
-48,71,
18,27,
63,-55,
-35,1,
-60,-7,
-66,22,
-14,-77,
-57,0,
-96,12,
63,80,
3,58,
-54,20,
-36,-31,
41,-12,
15,7,
-19,40,
38,50,
-5,72,
84,-4,
72,-60,
5,-49,
1,-77,
9,-55,
22,-32,
-45,11,
-99,91,
-50,57,
56,47,
36,46,
-34,-6,
-27,-28,
8,15,
-71,56,
-30,20,
-71,55,
-36,34,
-16,-2,
-49,-120,
-54,6,
0,53,
-28,81,
-97,13,
-37,-60,
-33,-34,
-5,48,
-2,14,
30,9,
53,43,
25,27,
40,2,
65,11,
36,85,
29,63,
41,38,
25,-45,
34,-2,
-51,14,
-33,63,
29,-12,
-40,5,
32,58,
-29,32,
-7,-16,
40,-2,
14,-33,
-80,40,
-12,21,
28,63,
66,-8,
23,-31,
12,2,
15,1,
-50,20,
9,-65,
56,-61,
-4,-6,
60,18,
22,72,
107,-26,
50,-65,
27,-1,
7,19,
-38,-1,
-17,-23,
-12,14,
-45,44,
-81,54,
-48,-51,
-25,-3,
42,-33,
20,61,
38,55,
41,-65,
39,-137,
21,-23,
-47,18,
-65,17,
-7,-37,
83,22,
63,68,
49,137,
-56,125,
-3,59,
0,-1,
30,43,
19,-4,
15,-60,
-19,-45,
-53,-36,
-69,-3,
-52,-3,
-32,-31,
2,60,
-22,79,
-25,17,
-83,17,
35,-77,
18,-47,
-49,29,
-42,66,
64,34,
59,34,
-54,38,
3,10,
30,14,
30,-34,
-15,-12,
4,-70,
13,-32,
0,41,
-34,66,
49,30,
88,-1,
37,-95,
-36,-32,
-15,0,
38,34,
13,7,
-30,-1,
25,-31,
-10,43,
-38,29,
-47,-9,
-26,-52,
-22,-7,
-13,32,
-12,71,
-315,-135,
-1229,-1025,
-2557,-3105,
-2327,-4434,
-129,-3082,
1672,-84,
1613,2122,
656,2614,
645,2802,
1151,2786,
1085,1939,
367,545,
-85,-224,
-36,-61,
244,311,
389,390,
273,293,
61,-19,
75,-196,
364,-248,
300,-305,
-18,-102,
-270,73,
-91,161,
236,144,
271,75,
71,64,
-143,56,
-312,16,
-329,-30,
-215,-7,
-126,-102,
-63,-85,
-115,-158,
-96,-152,
13,-59,
4,-37,
-46,-32,
-83,-21,
-124,-12,
-289,101,
-296,108,
-149,-51,
3,-61,
44,-100,
-26,-28,
15,114,
4,104,
36,-24,
138,14,
181,134,
115,104,
109,192,
101,211,
115,149,
45,-63,
-45,-101,
-52,-83,
-94,-50,
-13,-11,
-89,5,
-20,108,
24,11,
13,63,
-15,14,
-33,101,
-40,148,
-128,164,
-80,-67,
-98,-101,
-23,-50,
107,-68,
177,-85,
173,-87,
155,-18,
195,-52,
190,-25,
151,-1,
57,-16,
104,-59,
123,-87,
58,-103,
-22,-111,
-78,-76,
-107,0,
-27,18,
-15,-34,
-49,-9,
-27,-38,
-46,7,
-50,36,
-11,72,
-82,39,
-49,42,
-27,45,
-4,-31,
49,61,
67,39,
32,51,
-47,84,
-38,72,
-44,-3,
-27,31,
2,9,
34,74,
-18,57,
-40,96,
-27,5,
11,-54,
10,-33,
-62,33,
-58,36,
30,44,
144,78,
119,58,
39,-18,
-71,-5,
-80,96,
-85,101,
13,19,
47,-27,
-3,-7,
-57,-47,
-36,-27,
-53,-15,
-8,92,
-15,71,
-38,43,
-71,-40,
-18,25,
-19,56,
22,53,
-11,-51,
-10,-64,
19,-9,
12,-14,
-43,45,
-70,55,
-52,-30,
20,-21,
-29,19,
-51,66,
27,44,
9,40,
24,-12,
-30,-25,
-66,16,
-30,14,
2,-7,
8,7,
-108,-11,
-77,58,
-106,53,
-51,-3,
15,-30,
10,1,
-41,4,
16,-28,
-12,16,
00>
_________________________________
00>
RX Timestamp: 641010035200
00>
Clock Offset: -1242.256 Hz, 0.156 ppm
00>
RX Timestamp: 642081698961
00>
Clock Offset: -1435.661 Hz, 0.180 ppm
00>
_________________________________
Sequence Number: 126
00>
00>
Printing STS0 CIR
00>
00>
_________________________________
00>
17,-45,
36,-82,
60,-76,
45,1,
23,-15,
22,-40,
29,-48,
80,-45,
73,12,
-5,-10,
-61,-26,
11,-8,
34,-6,
-29,21,
-54,13,
12,-37,
37,0,
66,-13,
-1,-61,
-61,-74,
-18,-118,
73,-5,
-11,73,
38,83,
70,-8,
92,11,
105,12,
95,4,
25,-36,
27,-96,
-53,-41,
-20,-12,
-39,-69,
40,-18,
32,-19,
-54,-19,
-74,43,
-18,34,
5,-23,
-25,-12,
63,18,
97,-47,
158,-14,
88,71,
35,49,
-28,12,
-2,61,
47,62,
11,0,
-8,-40,
35,-39,
49,-24,
42,-61,
-12,-19,
11,2,
20,0,
-4,-22,
54,-29,
25,-39,
47,39,
113,-21,
60,13,
-10,65,
-40,31,
61,-15,
53,-18,
43,-52,
26,61,
-22,13,
-37,-26,
41,-16,
14,-11,
24,3,
54,-15,
17,81,
16,42,
-30,-18,
-8,-85,
-26,-8,
-13,12,
1,73,
46,75,
27,-61,
51,-53,
96,17,
40,55,
-5,-2,
-18,-36,
26,12,
38,47,
119,-58,
43,-111,
9,-79,
18,35,
22,-9,
39,-56,
33,-73,
26,-34,
-45,20,
-32,-20,
-42,-50,
1,-51,
-17,-59,
-8,9,
37,21,
44,-23,
23,10,
-51,52,
0,42,
92,-11,
31,-55,
-50,11,
-8,35,
66,41,
88,-12,
5,-14,
2,31,
14,89,
57,51,
66,30,
63,-29,
86,-25,
-3,-25,
44,-48,
36,18,
16,16,
16,34,
56,-49,
31,-46,
-15,-43,
-25,-5,
-27,-46,
-39,-14,
25,-18,
26,13,
75,-60,
-66,-78,
-61,-36,
-104,-4,
-22,-58,
34,-52,
53,-5,
46,43,
-18,-24,
23,20,
67,-85,
-20,-6,
5,17,
27,39,
61,57,
1,-14,
7,-42,
5,-21,
34,77,
-39,49,
-23,28,
9,24,
52,62,
-13,8,
61,18,
26,6,
-70,-13,
-57,37,
6,4,
11,20,
22,-68,
-5,12,
2,19,
15,-37,
11,-12,
-24,-56,
-16,-5,
29,-3,
-101,49,
-12,45,
-11,22,
27,-34,
-18,23,
24,81,
-10,59,
-26,-25,
-6,-19,
45,-46,
20,-66,
-82,50,
-33,47,
16,45,
21,-53,
-11,-25,
-43,-4,
45,-49,
2,-54,
41,48,
21,70,
-12,-36,
-61,10,
-22,-6,
31,32,
60,74,
21,34,
25,6,
31,-53,
21,-4,
12,10,
-10,20,
-4,15,
-31,55,
-25,58,
55,89,
60,58,
2,31,
-11,-2,
-41,-18,
-27,39,
-8,31,
47,6,
-54,10,
-77,-2,
16,-44,
40,-68,
-33,-18,
7,4,
11,-12,
6,-45,
-19,2,
1,11,
34,73,
31,4,
11,-13,
-8,-16,
31,2,
-27,22,
-10,-4,
-11,19,
-29,-39,
14,-73,
3,13,
-18,53,
20,-6,
21,-16,
2,38,
57,-6,
24,6,
-6,-19,
62,37,
53,-22,
46,6,
17,47,
-28,106,
-20,-9,
-7,-19,
-29,48,
48,35,
13,-55,
18,-46,
-24,-65,
-8,-32,
10,-31,
36,10,
60,38,
44,-14,
24,1,
26,79,
-16,14,
-72,51,
-3,62,
55,20,
1,-81,
-28,-35,
-32,-68,
20,0,
23,-14,
-78,15,
-59,3,
-26,-22,
68,13,
80,-19,
30,-48,
89,-15,
52,16,
27,29,
-54,2,
-47,-49,
16,11,
-43,-51,
18,-1,
52,21,
60,46,
13,39,
-78,30,
-2,-6,
42,-19,
33,-1,
38,-18,
-8,16,
-37,-33,
-5,-45,
31,-57,
63,-89,
-21,-104,
15,-45,
11,5,
46,38,
-34,64,
-2,-26,
5,-1,
52,-42,
9,12,
16,-27,
25,-52,
14,-22,
-36,70,
-12,-2,
39,13,
-5,63,
18,2,
52,-61,
23,-32,
-12,-26,
41,-18,
97,-16,
27,8,
28,-11,
39,62,
30,5,
-28,-33,
-53,15,
-47,12,
-27,20,
-9,-6,
-7,-75,
31,-36,
10,-63,
27,-23,
19,-84,
65,-54,
51,26,
15,51,
-22,49,
48,-38,
50,-12,
-44,33,
10,-18,
16,69,
22,11,
-4,40,
20,37,
28,76,
39,21,
18,-91,
90,-70,
40,-28,
76,40,
6,5,
48,41,
115,-65,
82,-31,
-22,-28,
-370,-200,
-2311,-1278,
-5399,-3828,
-5676,-5142,
-2583,-4062,
1952,59,
3133,1950,
1684,414,
925,-1596,
1060,-2150,
802,-1462,
216,-591,
-93,-33,
160,293,
587,652,
512,958,
236,841,
270,339,
677,-50,
934,-345,
1172,-427,
634,-719,
-32,-636,
-255,-79,
16,173,
86,256,
-19,360,
-117,282,
-92,172,
-52,140,
-10,174,
29,228,
51,140,
-139,165,
-340,93,
-335,153,
-396,-25,
-300,-124,
-268,-136,
-213,-21,
-120,156,
-121,195,
-125,83,
-86,-26,
-50,15,
-20,196,
-40,251,
-63,203,
37,122,
31,40,
-1,-39,
8,-16,
43,17,
41,-23,
163,-306,
244,-291,
222,-174,
142,21,
2,69,
-103,153,
-189,179,
-130,142,
-20,76,
259,-91,
315,-148,
232,4,
141,86,
15,103,
-7,192,
-68,53,
-58,90,
42,74,
71,129,
220,50,
296,-24,
413,42,
452,190,
364,207,
225,160,
98,41,
104,9,
77,-65,
-44,-91,
-97,-60,
-70,-39,
50,39,
83,42,
2,82,
-16,49,
-18,6,
47,62,
44,102,
5,159,
-2,124,
5,64,
92,123,
93,126,
-61,117,
-65,178,
-88,59,
89,139,
154,76,
86,98,
-83,28,
-55,101,
-12,36,
-56,12,
-8,-11,
-26,2,
1,60,
0,23,
-39,-33,
20,-76,
100,-9,
136,94,
113,134,
61,123,
-21,106,
-28,101,
-22,20,
-51,1,
43,47,
29,35,
57,45,
90,-22,
61,36,
96,23,
39,113,
91,68,
45,78,
5,20,
37,-4,
82,53,
43,82,
1,33,
101,38,
38,84,
10,143,
-29,94,
-77,62,
-33,41,
43,20,
11,20,
-8,84,
-3,-15,
30,26,
20,13,
20,48,
20,73,
-30,50,
8,-11,
-35,-6,
2,3,
-57,104,
00>
_________________________________
00>
00>
Printing STS1 CIR
00>
00>
_________________________________
00>
8,59,
-40,57,
-12,-22,
-33,-28,
70,-15,
6,29,
-33,78,
2,80,
44,52,
4,31,
21,15,
70,39,
117,-3,
44,-53,
-1,-29,
48,32,
48,4,
15,-22,
-35,-3,
-36,7,
18,-24,
14,4,
49,24,
40,74,
-12,4,
38,51,
62,0,
26,-71,
-24,-43,
41,-23,
27,-20,
21,6,
57,58,
11,2,
2,7,
0,-68,
2,-58,
-57,-83,
-53,-27,
-41,8,
-34,27,
-33,-19,
16,17,
48,6,
-2,-88,
-19,-55,
-41,-84,
-34,18,
41,36,
54,-48,
33,9,
67,-22,
45,35,
8,50,
-3,4,
84,-1,
0,21,
-4,25,
4,-8,
-10,39,
6,53,
-22,30,
-132,-23,
33,-6,
53,-16,
-12,41,
-13,10,
5,-2,
0,47,
-42,42,
-16,15,
4,-37,
3,11,
35,33,
-42,-42,
-8,18,
1,-49,
70,-21,
72,-8,
8,32,
-40,54,
-18,8,
18,-42,
68,-45,
-14,-69,
-38,4,
-10,28,
-5,-9,
-63,-5,
-35,-32,
90,-45,
90,-31,
72,41,
16,28,
-1,18,
18,10,
-21,-36,
-51,10,
-13,-69,
-15,-44,
-36,-54,
60,-105,
23,-20,
16,-33,
-3,22,
18,61,
-57,63,
-67,-46,
2,-37,
2,-33,
-7,114,
26,79,
116,-32,
24,13,
-15,-39,
18,-68,
-15,-39,
-28,15,
-14,68,
-92,16,
-40,-19,
20,-71,
-15,-51,
31,-17,
-45,24,
-81,-5,
91,-63,
52,11,
15,19,
17,44,
0,-6,
0,-60,
-62,-79,
-54,-32,
3,-35,
55,-85,
49,-8,
50,57,
59,41,
1,-1,
-74,-49,
12,-50,
111,-78,
87,-30,
95,-55,
23,-46,
23,22,
40,63,
53,-41,
-10,-29,
-12,6,
0,17,
-15,-53,
-3,-98,
47,-90,
62,43,
16,21,
42,-26,
3,-90,
12,-31,
-18,-79,
39,-1,
-3,-42,
-9,-20,
40,31,
-45,-3,
-42,-53,
-47,-44,
18,13,
-26,43,
14,35,
28,-8,
64,98,
29,114,
-81,135,
-19,82,
-47,-53,
76,-85,
24,-46,
44,-66,
75,-8,
55,-13,
60,-35,
-9,-27,
-3,-60,
-14,-77,
71,1,
-4,39,
13,-2,
9,-40,
-8,-8,
-30,-24,
24,-13,
-18,29,
41,-11,
15,-13,
16,-10,
-4,19,
-6,65,
-42,63,
-46,14,
3,13,
-23,-69,
8,-2,
4,24,
0,84,
40,-77,
43,-30,
-20,35,
-37,10,
-8,96,
-18,28,
39,-13,
-8,24,
-34,23,
40,80,
-20,41,
-27,39,
-20,-58,
-68,-13,
-52,-56,
-34,-31,
27,69,
-3,84,
-78,12,
-35,4,
107,-10,
59,-49,
36,11,
25,19,
22,-44,
63,6,
17,-23,
0,1,
-64,-18,
-97,-77,
1,-17,
12,93,
27,24,
2,35,
12,25,
23,8,
20,-19,
29,-26,
30,-5,
23,-20,
29,-39,
-21,-77,
-51,-21,
2,-40,
66,9,
16,5,
3,94,
-40,61,
-8,0,
3,-43,
11,-48,
46,-58,
11,2,
-62,-50,
4,-28,
-18,-13,
10,19,
-15,35,
19,-8,
40,-37,
45,-16,
-37,26,
-32,74,
42,25,
141,14,
148,16,
60,-1,
26,28,
27,25,
-33,22,
-40,2,
15,-9,
38,50,
7,31,
-35,103,
-33,74,
-13,20,
3,30,
24,-23,
20,4,
55,-25,
45,41,
40,2,
28,-29,
0,-6,
-30,-30,
-14,2,
34,3,
-17,54,
-22,80,
-25,90,
-12,36,
19,-1,
-36,-34,
-2,-77,
-4,-38,
-33,16,
22,-2,
82,87,
60,59,
-23,40,
32,-43,
56,-76,
14,-51,
-16,34,
2,50,
-43,-39,
-38,-22,
-11,-58,
9,24,
-26,-3,
2,12,
16,-47,
-29,-19,
-18,16,
-57,72,
-27,-28,
31,-76,
-10,31,
2,52,
-16,-4,
44,17,
17,13,
26,-11,
80,44,
68,131,
-11,17,
19,-30,
54,-78,
93,-28,
25,-10,
14,-34,
-36,-4,
-6,-120,
40,-33,
44,45,
19,-77,
48,-70,
24,-74,
42,-20,
24,61,
-29,27,
3,60,
25,-18,
14,15,
44,52,
-24,0,
2,3,
40,18,
20,14,
-41,-77,
-35,-12,
-498,29,
-2421,-635,
-5822,-2850,
-5989,-4652,
-2884,-4274,
1705,-471,
1799,1808,
-1372,666,
-3787,-1183,
-3557,-1413,
-2007,-326,
-730,313,
-127,304,
-81,54,
-365,-199,
-552,-373,
-420,-331,
53,-138,
510,-39,
604,-221,
1182,-64,
672,-193,
228,-142,
111,-101,
325,15,
457,183,
259,88,
133,-13,
133,-18,
281,-111,
408,19,
280,214,
115,277,
82,38,
151,-103,
178,11,
258,310,
-63,233,
-126,-81,
57,-217,
304,-61,
158,149,
-98,188,
-172,-3,
9,-212,
145,-218,
95,-169,
-39,-11,
-105,55,
-57,168,
-28,186,
-21,106,
32,193,
70,61,
131,-89,
256,-132,
154,-152,
-7,-17,
-23,98,
40,126,
67,127,
164,201,
189,186,
168,139,
176,133,
180,202,
36,220,
-83,243,
-8,130,
43,-26,
0,-9,
-19,71,
-8,52,
55,48,
180,91,
393,124,
484,53,
463,132,
369,76,
272,142,
246,184,
186,233,
90,155,
35,11,
78,28,
-23,-16,
39,-84,
127,-50,
163,-57,
29,-43,
-42,5,
18,70,
27,130,
16,107,
-36,59,
-33,43,
56,-4,
98,43,
119,58,
38,-12,
64,-45,
54,-42,
66,-6,
46,-9,
54,63,
2,-33,
76,46,
158,27,
157,-27,
81,-16,
64,72,
77,33,
-25,30,
76,105,
74,76,
93,46,
176,108,
79,67,
108,160,
105,145,
108,68,
119,75,
201,85,
58,-6,
17,12,
-22,-21,
-2,-40,
52,-10,
143,48,
112,74,
35,19,
-8,12,
-22,38,
84,30,
83,50,
45,20,
42,48,
-66,101,
-26,39,
-5,62,
106,-33,
49,26,
15,4,
-29,89,
-9,99,
54,73,
57,97,
16,26,
100,-11,
80,9,
47,36,
-27,30,
59,-18,
14,20,
00>
_________________________________
00>
_________________________________
Sequence Number: 129
00>
00>
Printing STS0 CIR
00>
00>
_________________________________
00>
-20,-47,
-14,0,
-8,-21,
-72,-13,
-47,-22,
-120,41,
-93,55,
-29,-22,
-30,-18,
30,-36,
-3,48,
4,62,
-68,-18,
-28,-59,
-15,-48,
22,-82,
-28,-10,
-47,-9,
-43,-11,
5,3,
50,39,
54,54,
67,-12,
26,61,
15,91,
-26,85,
-40,-34,
-5,5,
4,-32,
-44,34,
-18,46,
14,3,
-12,-9,
-67,-42,
-73,2,
22,4,
38,16,
23,-35,
12,16,
14,60,
-14,17,
-29,30,
8,-58,
18,-40,
-12,-47,
-37,-15,
-47,16,
35,-17,
52,-2,
-10,29,
-67,29,
-3,55,
76,57,
41,35,
-31,-33,
20,-22,
-2,49,
85,-10,
10,76,
-27,52,
-9,-6,
-7,-30,
-6,51,
6,94,
24,55,
18,28,
-6,11,
-8,-75,
-41,-94,
13,-51,
83,10,
0,18,
-17,34,
-54,10,
-11,34,
-18,-3,
-22,3,
-21,29,
21,-55,
-42,-11,
-37,40,
-59,69,
-71,18,
-40,-15,
-42,-80,
-74,23,
-7,123,
-46,60,
20,28,
4,-57,
-13,-56,
19,-56,
56,-94,
-47,-57,
-46,-22,
81,77,
90,-13,
41,-65,
-42,1,
-46,-5,
-62,-12,
-21,3,
58,-24,
61,-52,
70,-8,
-40,2,
-110,-15,
-55,-39,
-30,-41,
-14,-20,
-46,26,
-21,82,
42,103,
10,4,
42,-48,
-66,-65,
-20,26,
82,-1,
67,18,
8,47,
-47,-49,
12,-76,
17,-44,
-10,-45,
-23,-3,
-18,-38,
-81,48,
-81,15,
-21,-77,
42,24,
63,12,
19,52,
-34,-59,
0,-59,
35,-21,
-31,-17,
-32,-51,
-72,-29,
-29,-66,
-43,1,
28,52,
8,36,
42,24,
-8,39,
-7,10,
-34,-16,
-49,-27,
-15,-15,
46,29,
63,46,
3,77,
-29,92,
-21,-50,
-56,-34,
-10,-26,
-27,-54,
3,39,
25,-16,
-16,-9,
14,-53,
-49,28,
-35,4,
-11,-29,
45,74,
18,10,
-85,87,
-97,101,
9,-48,
33,24,
-7,10,
-31,-29,
-79,14,
-51,-3,
-4,-21,
72,19,
37,44,
75,78,
56,6,
27,16,
22,49,
83,28,
72,-38,
19,-5,
-29,21,
-19,-29,
24,-66,
-121,-10,
-41,-17,
-4,79,
28,-3,
-31,-32,
-52,12,
-18,-30,
-36,10,
59,3,
94,-4,
19,51,
9,50,
-63,17,
-23,-3,
81,0,
8,58,
29,38,
-97,-1,
-156,-60,
6,-40,
-21,22,
-29,23,
14,-24,
83,16,
-55,-6,
-70,41,
2,35,
49,-23,
-13,-25,
73,1,
26,20,
4,-17,
-16,-37,
55,-22,
62,24,
-5,1,
-17,20,
18,77,
18,33,
41,5,
85,-21,
49,-9,
16,17,
-6,10,
41,40,
15,44,
66,13,
61,66,
50,56,
36,105,
-12,34,
-8,23,
-56,-27,
16,-46,
13,-33,
36,-21,
3,34,
21,-1,
-58,40,
3,-9,
88,10,
8,14,
18,-22,
-11,-22,
-73,-9,
-56,12,
-16,20,
69,41,
17,26,
-59,14,
-11,7,
6,31,
15,-29,
-44,-132,
-35,-172,
-11,-9,
5,18,
7,28,
-21,94,
16,81,
55,21,
-6,5,
-37,18,
-36,-46,
-71,8,
-37,37,
-10,48,
99,31,
49,33,
-59,-12,
-75,-14,
41,-81,
72,-59,
4,-62,
17,-69,
33,-49,
-89,-14,
-27,13,
7,-43,
-10,3,
-32,-30,
-55,-45,
-18,-1,
-2,34,
34,127,
28,6,
-4,-24,
-7,15,
-86,56,
4,11,
22,-17,
-40,-46,
-74,22,
-10,-32,
21,-24,
-40,28,
-18,37,
45,51,
41,61,
36,11,
50,-35,
-17,5,
55,-38,
25,-76,
-8,-50,
-5,37,
-67,15,
-50,10,
-55,-35,
-50,24,
9,32,
4,43,
20,53,
-23,66,
116,22,
94,-29,
-33,-6,
-107,2,
-84,-26,
-62,2,
-37,-20,
-30,1,
-29,5,
13,21,
-20,33,
-39,9,
-21,36,
42,85,
-6,24,
-66,80,
-17,86,
-4,102,
-17,28,
-6,-10,
-35,-73,
4,27,
34,28,
29,61,
-27,-33,
-7,-22,
25,29,
-7,64,
-10,12,
-37,-60,
-30,-33,
-22,-49,
4,188,
273,1020,
347,3159,
-315,4676,
-1395,3164,
-1318,-190,
-108,-1690,
1433,-563,
2346,778,
2275,657,
1577,-16,
489,-164,
-143,87,
-176,54,
237,133,
400,260,
272,251,
-30,93,
-367,-15,
-655,-125,
-597,71,
-272,214,
26,190,
-35,-60,
-253,-209,
-285,-243,
-134,-203,
137,-50,
187,-41,
95,36,
98,130,
36,136,
14,170,
93,41,
121,-78,
-31,-237,
-151,-131,
-98,-33,
-74,-42,
-73,-109,
-85,-101,
-58,-103,
29,-61,
37,-128,
71,-22,
31,41,
-6,76,
-3,62,
-60,-66,
-69,-169,
-10,-284,
32,-276,
20,-237,
-12,-14,
-84,68,
-36,85,
28,40,
-20,28,
-16,-65,
35,-36,
-29,-93,
-87,-105,
-94,-135,
-125,-47,
-8,-102,
68,-104,
-20,-155,
-93,-116,
-54,-30,
-2,-23,
-47,-71,
-166,-109,
-229,-76,
-272,9,
-197,66,
-228,7,
-208,-136,
-78,-183,
-41,-106,
-36,11,
-45,22,
91,96,
168,48,
87,107,
21,81,
52,-52,
36,-78,
37,11,
2,13,
-11,17,
-46,-54,
-62,-115,
-57,-162,
-14,-175,
49,-131,
67,-100,
-44,-17,
-6,-67,
-38,-134,
-35,-71,
-70,-93,
3,-28,
0,-39,
13,-87,
-34,-40,
62,-34,
64,-32,
-9,0,
51,-5,
64,-65,
-17,-59,
42,-3,
26,-100,
-23,-78,
-78,-19,
-71,27,
-62,-48,
-55,-76,
45,-59,
28,-29,
2,-59,
52,-118,
22,-9,
45,55,
43,88,
18,-57,
66,-83,
-8,23,
-13,-38,
-26,-35,
-15,-72,
-21,-65,
-48,-10,
-93,-96,
-73,-19,
-26,42,
-28,48,
48,-67,
16,-76,
-18,-1,
65,-36,
24,-104,
-28,-56,
16,65,
14,-16,
13,-79,
-9,-142,
-55,-66,
-26,-9,
-63,3,
-66,-16,
13,20,
-47,58,
-55,28,
24,-9,
101,-83,
-42,-75,
-32,-1,
-34,-21,
3,11,
00>
_________________________________
00>
00>
Printing STS1 CIR
00>
00>
_________________________________
00>
40,1,
-26,-19,
-12,6,
0,31,
-1,-62,
17,-8,
65,7,
52,16,
33,35,
82,48,
23,72,
-27,-58,
-10,-64,
-15,-37,
85,11,
-4,62,
-30,-4,
-18,-44,
-15,-36,
-40,-41,
-6,-7,
59,39,
64,45,
-24,-35,
28,-44,
50,-40,
52,16,
13,29,
-23,48,
-26,95,
-9,73,
-44,33,
44,21,
-25,-43,
-59,17,
-4,-18,
46,60,
-39,63,
-157,-18,
-38,3,
29,-5,
25,71,
-14,21,
-25,-33,
-10,-9,
68,8,
86,-14,
61,3,
11,-22,
-26,-11,
-27,30,
-53,-16,
8,5,
-47,12,
-42,-10,
17,44,
30,70,
-40,-33,
-29,9,
1,-20,
10,95,
-2,67,
7,0,
29,-22,
16,9,
4,28,
-44,42,
-52,14,
-46,-33,
-37,58,
-27,33,
-59,56,
55,77,
118,40,
79,14,
97,-23,
57,-6,
42,-15,
40,46,
-17,49,
57,48,
81,-58,
5,31,
-64,-3,
47,25,
-8,-41,
20,29,
15,7,
-11,31,
-33,42,
-73,34,
0,18,
-78,24,
-25,7,
-25,25,
-10,126,
0,90,
14,45,
29,-17,
-8,-90,
18,-33,
-9,73,
-70,83,
-62,71,
-63,-25,
15,91,
-65,168,
13,129,
-27,-24,
-1,44,
13,69,
8,-17,
0,-51,
22,23,
26,19,
-11,29,
-16,-73,
25,-29,
38,44,
35,82,
65,87,
52,78,
-57,38,
-43,-11,
-2,-13,
-4,-1,
-39,49,
-22,50,
81,8,
46,-36,
-58,-6,
-10,30,
-44,88,
-45,70,
-83,113,
-30,62,
36,-25,
60,8,
16,9,
23,13,
-91,-19,
-21,-4,
-27,45,
-53,67,
-71,23,
37,-16,
26,33,
-55,-71,
-7,-67,
-38,2,
-19,94,
23,-5,
37,-6,
55,41,
-2,114,
-16,65,
21,-16,
23,-72,
33,7,
49,116,
18,41,
-26,29,
9,32,
-4,33,
-34,98,
-73,46,
-28,2,
34,-90,
-4,-38,
-29,-44,
-13,-11,
-44,14,
5,-3,
-68,-12,
-54,12,
-28,80,
23,21,
-29,-46,
-9,-14,
-44,-27,
-51,15,
-36,28,
68,-58,
45,-60,
40,-35,
-17,-18,
-59,4,
-12,41,
8,49,
66,66,
29,20,
2,80,
-25,1,
-125,-71,
-60,-35,
54,-3,
6,17,
-64,41,
-65,115,
2,66,
31,-30,
-91,9,
-85,78,
15,20,
50,-62,
-26,-35,
-31,8,
75,46,
29,-16,
30,-124,
31,29,
21,92,
-33,21,
-42,64,
37,-33,
64,-29,
-30,30,
-29,-7,
4,6,
83,21,
-42,19,
11,1,
23,-37,
-4,25,
12,27,
40,37,
107,30,
79,-16,
81,14,
65,128,
61,45,
9,77,
-14,41,
11,-42,
7,-91,
-5,-27,
-16,62,
-42,74,
9,14,
64,-9,
86,38,
26,125,
13,108,
-71,42,
-23,29,
6,21,
-39,-12,
87,10,
14,18,
-32,58,
-40,-1,
-23,-21,
-40,-39,
39,6,
-17,-74,
40,-35,
39,34,
87,75,
17,65,
60,0,
64,18,
-39,18,
-31,43,
-88,37,
2,34,
-29,7,
-35,-26,
13,-42,
40,-43,
56,23,
56,-8,
-17,-31,
-58,-94,
-31,-63,
17,-55,
50,9,
93,-88,
42,-13,
-45,-13,
36,-17,
9,-1,
-6,28,
-29,-51,
22,-92,
3,-40,
-28,68,
38,52,
-74,-12,
-62,35,
53,-10,
93,31,
34,74,
-28,19,
42,-17,
30,24,
-45,97,
-60,120,
-96,63,
-25,-5,
26,-54,
-28,-21,
-51,-70,
-83,-13,
-39,36,
-42,30,
-58,21,
-38,9,
-12,-23,
-31,36,
-76,47,
-22,31,
80,23,
101,-38,
30,-26,
19,31,
-34,13,
17,14,
-69,51,
-54,42,
-93,-24,
-52,-38,
-7,-13,
8,43,
68,47,
-22,85,
-107,-31,
-59,-33,
-18,-23,
38,4,
-48,38,
-45,-21,
53,-61,
45,-69,
-2,-74,
-49,-56,
-9,-21,
58,31,
95,-29,
-29,-33,
-42,-7,
-133,5,
-89,45,
4,65,
-23,-7,
-26,-25,
-21,-1,
45,-3,
32,-16,
18,-23,
23,-53,
11,-48,
21,-20,
138,156,
553,983,
1039,3131,
679,5043,
-785,3929,
-1653,282,
-1148,-2348,
157,-2803,
648,-2650,
267,-2951,
-135,-2701,
-125,-1171,
49,169,
-16,288,
-61,-170,
-296,-487,
-282,-397,
-143,-70,
-229,119,
-414,196,
-481,141,
-182,133,
170,93,
140,-57,
-37,-155,
-164,-162,
-88,-102,
-25,-20,
128,80,
242,114,
207,70,
80,139,
-86,158,
41,172,
-6,254,
-8,110,
-42,87,
39,100,
101,51,
179,77,
337,44,
385,61,
297,109,
112,81,
-61,26,
-8,51,
7,104,
36,119,
-91,41,
-192,-19,
-95,-100,
-45,-164,
-48,-193,
-56,-199,
-102,-153,
-228,2,
-207,122,
-191,164,
-94,75,
50,74,
109,-3,
61,25,
-91,51,
-69,63,
-16,-33,
92,-110,
80,-55,
142,2,
78,35,
-60,67,
23,104,
-44,36,
-122,-4,
-132,38,
-170,111,
-217,-6,
-220,-118,
-183,-90,
-89,17,
-90,38,
-123,29,
-81,143,
-16,104,
83,105,
68,75,
71,116,
-75,124,
-128,23,
-53,-16,
-36,-77,
-6,-112,
40,-40,
80,-36,
41,-12,
-32,23,
-62,11,
-29,-20,
-48,-54,
-62,-91,
57,-45,
42,-18,
-30,-79,
9,-116,
13,-66,
59,13,
48,31,
-25,19,
34,42,
-55,50,
-89,25,
5,-9,
84,-21,
-29,102,
-40,-19,
-59,-96,
14,-63,
77,-1,
97,-26,
64,-20,
-38,-51,
-60,-53,
-28,-42,
65,-18,
23,23,
1,65,
29,39,
79,-63,
52,-21,
17,47,
31,50,
64,-24,
-47,-15,
-31,14,
57,16,
27,-60,
-38,-26,
-18,31,
151,87,
147,58,
10,38,
-40,-21,
-5,-86,
23,-65,
-9,-33,
5,-17,
27,32,
-26,71,
-6,-40,
-59,15,
-72,-10,
-13,67,
18,-38,
22,-1,
-38,-22,
5,10,
29,-43,
22,35,
7,108,
24,114,
49,95,
00>
_________________________________
00>
RX Timestamp: 781016994433
00>
Clock Offset: 96.703 Hz, -0.012 ppm
00>
RX Timestamp: 782088291616
00>
Clock Offset: -896.359 Hz, 0.112 ppm
00>
_________________________________
Sequence Number: 6
00>
00>
Printing STS0 CIR
00>
00>
_________________________________
00>
-14,9,
-3,24,
7,2,
18,35,
24,22,
43,48,
-33,2,
-28,-36,
-27,-26,
60,37,
29,1,
-15,-28,
-17,-19,
-30,-51,
-60,17,
12,7,
-16,-17,
-30,-28,
-110,-110,
-75,-95,
33,-24,
72,33,
83,11,
34,1,
-12,36,
-31,-16,
-8,-8,
-65,-7,
-27,-37,
-3,-3,
-24,68,
-8,7,
-8,6,
-32,-71,
-16,-59,
32,29,
37,-73,
-29,23,
3,91,
73,19,
82,1,
70,33,
74,118,
4,-9,
-4,-7,
5,-16,
-21,16,
-38,60,
-32,7,
0,83,
69,41,
60,24,
21,83,
-57,56,
29,-29,
-2,-44,
26,3,
57,44,
84,-10,
23,5,
40,0,
17,-16,
-21,-73,
-38,33,
-26,-60,
34,-40,
-11,-21,
-62,-52,
-49,8,
-23,32,
-48,-17,
-37,-9,
-35,-55,
-58,-86,
29,-28,
13,-32,
5,13,
23,77,
-14,-7,
-1,22,
35,20,
34,-46,
30,2,
20,-19,
-1,2,
-41,-42,
-26,-23,
43,-47,
20,2,
99,5,
0,-35,
-5,-6,
33,12,
-40,9,
6,8,
5,21,
33,28,
66,92,
40,61,
-26,34,
-15,42,
14,12,
18,47,
58,65,
39,23,
5,-6,
-18,15,
-15,11,
-43,54,
27,28,
-11,6,
25,25,
-7,24,
1,117,
32,58,
41,71,
-10,2,
20,27,
-67,-19,
-20,-9,
11,-16,
-39,-2,
-32,-16,
-56,-25,
17,-53,
25,-36,
-2,25,
0,30,
9,7,
33,-21,
-2,9,
-13,5,
-9,11,
26,-30,
-2,-20,
23,63,
30,23,
-22,-25,
-4,-69,
46,-47,
8,14,
-46,7,
-15,-1,
-12,-26,
46,-21,
22,-55,
-45,-20,
-37,-61,
7,52,
-15,49,
-8,32,
1,8,
25,28,
5,47,
-29,-6,
-6,8,
39,45,
21,42,
25,26,
-11,-31,
-7,-20,
-47,-48,
-29,-12,
26,33,
63,43,
42,17,
-3,-21,
3,-47,
-2,37,
52,-14,
76,45,
28,-3,
60,-52,
37,7,
12,31,
62,-55,
43,-47,
14,-69,
49,53,
51,65,
-1,16,
0,-5,
-60,53,
-30,30,
44,16,
120,46,
-44,17,
-56,-27,
-24,-36,
18,4,
51,-18,
25,35,
43,41,
32,23,
62,8,
45,38,
5,37,
-31,86,
-26,-21,
-59,-9,
-67,57,
-29,7,
1,22,
-3,-32,
31,-11,
-28,32,
-23,39,
-25,8,
-4,-11,
15,72,
4,14,
23,33,
57,40,
-39,110,
-76,34,
-44,15,
-45,65,
-33,43,
24,3,
28,-9,
17,-14,
-10,-16,
-26,-47,
9,-9,
0,50,
36,20,
31,16,
30,69,
47,17,
38,1,
26,-21,
31,19,
-5,23,
29,77,
-15,58,
-15,-37,
-42,12,
20,-15,
-6,19,
-35,50,
-56,-5,
11,-11,
125,20,
59,-19,
30,70,
-39,28,
14,29,
-8,45,
-78,6,
-23,10,
-33,-45,
-23,4,
19,21,
-37,54,
-28,-9,
-14,-37,
35,-24,
-15,-8,
-20,-38,
-28,-24,
6,-33,
18,11,
16,9,
41,-45,
4,44,
-38,39,
-5,-35,
51,-10,
50,1,
13,25,
20,0,
-17,55,
-57,-12,
-37,50,
39,12,
5,35,
22,47,
-19,47,
-44,-91,
-48,22,
-18,11,
-9,-6,
-30,23,
15,-19,
30,53,
38,33,
-17,-45,
-70,-7,
-1,7,
-1,-25,
-8,-33,
-33,-37,
-46,-30,
33,18,
34,72,
46,-36,
-33,-37,
-3,-32,
-7,-49,
-14,20,
-37,50,
-54,46,
-25,-7,
25,62,
57,26,
48,-58,
17,1,
-1,-8,
57,31,
43,44,
-49,102,
48,48,
20,28,
46,85,
-17,66,
-4,-43,
9,9,
-14,24,
21,-30,
-30,9,
-37,58,
14,44,
52,82,
67,72,
27,32,
-70,-67,
-80,-97,
-25,-24,
17,26,
8,106,
-2,109,
-5,25,
-17,18,
-16,8,
-11,-34,
-15,12,
0,-44,
-30,-43,
-10,-2,
-69,-36,
-35,-63,
28,32,
-14,46,
-7,65,
24,-8,
-21,-45,
-36,-36,
10,15,
45,17,
15,-10,
-10,20,
34,83,
-202,443,
-1808,2909,
-5369,6252,
-6867,5625,
-6912,3586,
-279,-2246,
3553,-4716,
1073,-2327,
-2025,-1209,
-3304,-1659,
-2024,-1311,
-691,-388,
-91,32,
242,-124,
729,-553,
1229,-626,
1085,-335,
700,-469,
-284,-456,
-639,-673,
-628,-1592,
-790,-1006,
-869,40,
-264,294,
347,41,
627,5,
564,144,
282,213,
159,171,
141,93,
283,-14,
347,-75,
257,-41,
154,201,
234,292,
230,267,
44,585,
-164,580,
-288,425,
-132,336,
153,244,
291,333,
184,265,
30,82,
40,22,
147,61,
217,39,
189,101,
129,29,
56,-95,
-5,-60,
19,-6,
-8,-22,
-144,45,
-227,-40,
-136,-349,
-190,-392,
30,-246,
113,18,
105,124,
40,179,
79,191,
-19,33,
-214,-209,
-212,-321,
100,-453,
143,5,
223,131,
243,102,
157,148,
142,57,
112,5,
177,-19,
29,-110,
-178,-388,
30,-457,
191,-515,
267,-371,
191,-295,
-5,-174,
-70,-166,
-31,-264,
-41,-38,
34,11,
36,-1,
25,-107,
89,-135,
139,-119,
170,21,
177,49,
176,47,
74,0,
84,-7,
107,-51,
105,-76,
76,-78,
141,-76,
241,-50,
237,121,
118,61,
35,-50,
-14,-127,
15,-128,
96,-16,
62,14,
72,-45,
72,52,
53,75,
55,12,
-18,-6,
-40,25,
-52,28,
-43,0,
-6,-167,
6,-53,
7,-2,
129,-17,
99,17,
110,11,
100,15,
91,61,
122,53,
47,53,
-37,78,
13,-8,
60,21,
77,-70,
27,6,
22,61,
92,33,
127,38,
101,43,
114,50,
70,-25,
19,-6,
-5,-90,
60,17,
87,41,
132,18,
49,17,
-8,14,
54,85,
24,27,
68,-9,
79,-22,
109,48,
32,29,
0,48,
5,-40,
-9,-70,
30,-126,
106,-23,
95,62,
72,125,
43,28,
47,-3,
38,1,
-14,-1,
51,-23,
71,-15,
00>
_________________________________
00>
00>
Printing STS1 CIR
00>
00>
_________________________________
00>
9,16,
-22,-24,
-4,-16,
-24,-66,
-24,9,
12,46,
2,42,
19,-2,
62,-13,
5,-37,
22,-14,
-19,-41,
-20,0,
-3,75,
20,4,
17,20,
13,-18,
-16,8,
-135,-70,
-1,-44,
-35,-37,
18,52,
-3,54,
45,9,
-11,-1,
21,9,
-36,47,
-14,10,
-10,-28,
-6,-37,
-37,-85,
-34,-35,
-37,9,
-7,8,
45,49,
12,13,
11,36,
8,-61,
-16,36,
35,72,
-16,-41,
-39,-81,
47,-9,
-3,-5,
-19,28,
-26,6,
-17,-24,
38,-23,
1,14,
26,2,
-92,35,
-24,-1,
-110,-54,
25,-28,
73,70,
8,-13,
-50,-24,
-36,-68,
-11,-40,
40,37,
31,-10,
10,-14,
-33,-6,
33,-54,
13,-30,
41,-43,
-8,-6,
23,-53,
37,69,
-3,40,
-11,15,
75,-10,
98,7,
85,56,
6,33,
76,-7,
12,-22,
-15,-13,
-16,47,
56,51,
6,41,
-36,13,
7,2,
-30,-2,
-53,42,
-8,27,
-20,-81,
-36,-22,
52,51,
54,43,
17,-49,
1,-7,
42,44,
0,-18,
-16,27,
16,-39,
23,3,
-3,-12,
-64,-1,
-27,17,
-35,-58,
54,33,
67,-1,
-7,-22,
-30,1,
-22,19,
-41,11,
26,1,
13,-7,
9,32,
7,36,
9,-9,
-14,-23,
31,-21,
-10,-21,
25,-11,
69,37,
33,-16,
28,23,
-3,22,
25,23,
23,11,
14,-7,
31,10,
11,5,
31,-17,
1,27,
-26,-9,
-16,-50,
-36,-32,
-29,-59,
10,-37,
-3,-15,
-55,-31,
-14,8,
-1,-36,
-51,-27,
1,-44,
-21,-24,
17,11,
7,14,
72,51,
10,2,
-5,30,
-10,-18,
9,-41,
16,-20,
52,62,
73,70,
10,25,
1,-80,
21,-28,
33,9,
89,54,
92,66,
28,34,
67,28,
44,10,
2,15,
8,45,
11,1,
-59,-46,
2,0,
-31,32,
-19,60,
46,71,
1,-40,
10,10,
-72,34,
53,35,
0,-25,
20,1,
-5,-17,
-5,36,
-14,-2,
-8,-22,
8,-60,
11,11,
32,-2,
-13,-28,
11,-4,
8,-6,
-55,3,
2,-16,
-28,-26,
-41,-71,
-7,-42,
3,-24,
-10,-5,
5,71,
-5,54,
-36,-4,
-27,-21,
31,-122,
-25,-19,
-14,56,
33,58,
45,5,
-9,49,
32,67,
29,-23,
-42,-25,
22,49,
9,9,
9,-5,
4,38,
-33,20,
5,-53,
-12,-43,
-25,-39,
-40,-20,
-9,-52,
-49,-28,
-20,50,
-17,67,
-13,-10,
-3,10,
-54,53,
-62,-90,
-17,-50,
-8,42,
20,29,
5,-43,
9,-46,
-43,-9,
-88,74,
-11,47,
-27,-13,
-67,-52,
-15,2,
-7,39,
-4,-31,
13,-6,
14,52,
-14,36,
29,42,
89,-16,
31,-32,
-22,-11,
-20,-9,
-28,12,
16,-48,
-45,-40,
-24,-26,
-55,-60,
-60,-66,
-78,-24,
-1,-20,
-15,-7,
-33,-30,
13,-55,
-6,-74,
23,-41,
-11,-24,
28,12,
-9,-22,
-15,28,
-34,29,
-51,-35,
-8,-33,
-5,-15,
-24,37,
-56,51,
13,1,
-58,18,
-19,-5,
42,11,
-11,-14,
5,6,
-32,37,
20,6,
6,56,
34,77,
-4,5,
-58,15,
11,-39,
-40,-54,
22,57,
-22,7,
-7,24,
-30,-32,
-9,-84,
-44,-33,
4,4,
14,7,
-17,35,
-19,-17,
1,-21,
34,-25,
4,-13,
73,17,
-10,20,
-30,-36,
-3,-55,
-25,-50,
-46,-31,
26,43,
13,104,
52,71,
-8,-4,
7,18,
23,13,
26,25,
8,14,
-25,-2,
-47,-39,
18,-28,
14,-43,
5,-63,
-57,-23,
-35,10,
13,106,
-20,46,
5,-12,
-7,-73,
-16,-40,
15,-40,
26,16,
-9,49,
-27,45,
-21,25,
-12,-14,
-50,-69,
-5,-16,
21,-37,
35,59,
27,-16,
0,53,
-20,-15,
14,-59,
-9,33,
-48,3,
-52,-15,
-30,2,
24,16,
6,-19,
-17,18,
-91,61,
-71,-82,
-74,-37,
-76,45,
-40,-24,
22,-23,
-18,3,
22,33,
-42,11,
-29,-26,
24,1,
-9,-31,
-5,19,
-11,60,
-9,41,
-2,417,
-540,3008,
-3600,7650,
-5441,7494,
-6478,4201,
-1035,-2189,
2665,-2564,
1108,1793,
-1677,5583,
-2219,5233,
-572,2775,
251,958,
318,142,
104,99,
-185,482,
-398,762,
-326,554,
-292,71,
-199,-473,
-364,-632,
-360,-1474,
-208,-1219,
-101,-348,
-118,-202,
94,-467,
250,-811,
262,-573,
107,-135,
-29,-99,
-29,-334,
72,-418,
241,-345,
265,-79,
-18,82,
-270,-134,
-89,-245,
130,-245,
241,188,
-62,216,
-204,-210,
2,-500,
202,-272,
203,157,
20,238,
-187,53,
-280,-54,
-156,0,
6,127,
95,129,
179,136,
83,-2,
83,22,
176,32,
101,-21,
-41,-116,
-226,-263,
-138,-237,
107,-62,
125,32,
99,65,
165,-88,
210,-105,
159,-172,
97,-216,
122,-192,
303,-223,
359,-57,
119,66,
0,-31,
-64,-43,
-169,56,
-60,-19,
52,-18,
109,-78,
92,-261,
139,-346,
191,-448,
168,-475,
146,-432,
128,-373,
238,-268,
262,-369,
30,-114,
-39,-56,
6,-2,
44,41,
-23,-72,
-68,-193,
-92,-219,
-54,-140,
11,-58,
75,-51,
85,-17,
104,-21,
93,30,
70,56,
-7,8,
10,-142,
71,-182,
-45,-70,
-42,-89,
-66,-75,
1,-76,
16,-114,
56,-92,
55,-104,
31,-134,
-3,-109,
-20,-87,
-2,-125,
16,-164,
46,-92,
-26,-38,
27,-105,
33,-53,
19,-79,
-11,-172,
52,-135,
192,-98,
91,-32,
95,-148,
100,-220,
65,-95,
39,-39,
-13,0,
10,7,
5,27,
79,7,
35,-101,
27,-97,
-23,-91,
-63,-69,
-10,-121,
31,-38,
40,-61,
24,-15,
59,-99,
90,-90,
68,-125,
28,-68,
37,-28,
67,5,
45,-49,
45,-52,
69,-58,
79,-11,
37,-32,
-8,-67,
-13,-167,
-43,-157,
18,-66,
-7,-134,
55,-51,
-35,-53,
17,4,
59,-49,
30,-90,
17,-69,
60,-60,
54,-70,
00>
_________________________________
00>
_________________________________
Sequence Number: 9
00>
00>
Printing STS0 CIR
00>
00>
_________________________________
00>
-1,11,
68,-28,
35,-8,
14,-7,
28,-33,
102,-4,
86,-46,
78,5,
41,45,
-86,75,
-16,-29,
-6,-126,
-76,-30,
-19,-1,
-44,16,
24,6,
1,-37,
-30,-17,
-16,-14,
47,12,
46,89,
12,16,
-32,-11,
52,-1,
68,-50,
67,-31,
29,-14,
13,-5,
41,13,
29,4,
0,-14,
-11,24,
57,-3,
81,6,
57,-2,
-21,-1,
-40,-1,
-13,-19,
26,32,
7,60,
-54,13,
9,28,
33,10,
6,-28,
-7,-19,
2,-10,
-21,16,
14,17,
14,-3,
17,-14,
38,9,
-32,53,
40,17,
-41,3,
-121,-19,
-80,-15,
-19,-71,
-2,-21,
32,77,
29,72,
-22,9,
-88,89,
-76,1,
11,33,
13,-48,
29,-27,
-24,-36,
-41,-31,
-49,-62,
-5,-4,
1,3,
2,-19,
51,-55,
-8,-13,
27,5,
-30,12,
2,-3,
70,18,
10,72,
-26,32,
53,55,
22,43,
-37,-25,
1,40,
-12,-10,
17,3,
52,-28,
43,-24,
25,-66,
-59,1,
15,-8,
24,-34,
22,-41,
40,9,
-22,96,
-33,-21,
27,-48,
10,38,
-32,13,
-2,11,
18,42,
-5,66,
-22,108,
-6,31,
-44,66,
-13,32,
-58,19,
-68,33,
-14,-66,
-46,-27,
-29,-16,
6,-21,
12,8,
-8,-32,
8,46,
17,-15,
24,6,
14,-31,
-26,-14,
7,16,
22,3,
9,-24,
-42,-29,
54,-62,
-38,-99,
8,14,
4,80,
23,61,
70,-5,
-21,20,
-73,-19,
-23,10,
27,-55,
59,7,
-3,4,
-56,9,
-33,73,
-19,61,
-19,76,
-68,-1,
-35,-19,
95,19,
88,-36,
3,-12,
-43,66,
54,48,
49,46,
27,19,
11,19,
-42,-36,
27,-50,
-6,8,
62,-58,
88,14,
39,-60,
34,-72,
-35,-12,
25,-32,
35,-3,
-31,-18,
14,-5,
-4,0,
32,19,
-28,-10,
31,-20,
50,-18,
61,54,
3,0,
12,-49,
35,-12,
-7,-14,
15,41,
41,-36,
-14,-26,
-62,22,
-4,15,
-25,-86,
-24,56,
-42,12,
46,9,
64,8,
-41,10,
-60,-17,
57,-18,
55,0,
20,19,
-72,45,
-46,61,
-15,63,
42,2,
53,0,
1,7,
-2,-10,
19,-2,
8,51,
-10,23,
5,-12,
20,5,
42,29,
46,-47,
-39,-33,
-34,-44,
-14,-29,
-30,-78,
-12,-12,
-11,-14,
9,-30,
-15,32,
-51,22,
-41,26,
-2,40,
8,24,
-21,-11,
4,-7,
44,35,
16,96,
1,78,
29,16,
33,3,
16,-56,
-24,-81,
-12,-41,
62,-12,
-27,53,
-50,12,
-61,2,
0,-36,
4,-7,
60,7,
30,43,
60,36,
35,60,
16,-42,
-29,17,
-24,10,
-59,33,
83,-57,
21,-85,
11,37,
17,-1,
44,-26,
-12,-10,
49,24,
55,25,
-1,14,
-41,16,
-58,52,
-92,35,
21,35,
60,-10,
48,7,
30,45,
-15,6,
26,-6,
-36,-47,
1,25,
-21,-11,
15,36,
38,44,
11,12,
-52,13,
-39,-32,
-50,-79,
-20,20,
-32,2,
26,9,
67,-20,
18,30,
-2,40,
-67,39,
-40,-20,
5,-22,
-11,18,
-22,-6,
9,-41,
-30,23,
-22,21,
-64,-25,
-78,-43,
-48,36,
-28,-39,
21,26,
24,60,
42,70,
16,0,
30,-72,
-24,-17,
-42,-47,
-2,28,
52,5,
8,-52,
32,-42,
59,-5,
79,36,
97,69,
53,1,
5,-18,
21,19,
-19,22,
-1,-54,
12,26,
28,7,
-36,16,
-30,7,
-24,-29,
0,-10,
11,-3,
1,-14,
34,-20,
83,-71,
90,-82,
49,-12,
-33,-23,
-34,-42,
49,77,
32,42,
-113,-67,
-69,-18,
-39,-40,
56,12,
11,-8,
-72,1,
-24,-37,
-4,53,
11,23,
21,30,
-17,-1,
-14,17,
6,42,
9,-21,
-24,7,
17,-12,
37,-42,
13,37,
35,-10,
40,31,
49,60,
38,57,
39,-25,
75,-80,
18,-53,
-84,-5,
-52,-24,
1,-35,
79,-79,
-19,-30,
-14,36,
-12,107,
22,7,
32,-12,
78,-33,
44,16,
15,4,
-32,33,
99,155,
820,1033,
2274,3895,
2376,6517,
151,5692,
-1839,950,
-1218,-2133,
1339,-1759,
3502,-472,
3765,-532,
2353,-976,
796,-475,
-146,117,
-210,149,
274,58,
621,103,
509,181,
9,174,
-563,179,
-886,384,
-822,511,
-330,472,
154,214,
-68,-58,
-470,-137,
-622,-127,
-210,-101,
157,-95,
277,0,
234,14,
104,74,
0,124,
93,146,
159,152,
3,-68,
-146,-188,
-205,-274,
-139,-100,
-110,-90,
-122,13,
-98,-6,
-127,-20,
-28,4,
19,-21,
74,-21,
66,72,
71,125,
42,36,
8,-84,
-53,-194,
-176,-331,
-97,-256,
-117,-185,
-71,4,
3,109,
54,103,
30,78,
15,2,
33,-131,
19,-90,
-16,-50,
-24,-59,
-70,-147,
-63,-142,
-64,-141,
10,-165,
-58,-283,
-90,-132,
-103,-151,
-15,-28,
-67,-24,
-217,1,
-326,41,
-371,77,
-243,142,
-229,127,
-258,59,
-193,-121,
-19,-72,
50,72,
71,150,
60,95,
159,93,
68,62,
7,80,
-43,29,
12,-15,
-54,-58,
-45,43,
-75,49,
-42,-19,
-55,-124,
-89,-139,
-115,-141,
-23,-87,
-14,-5,
5,-7,
61,-20,
24,-40,
-76,-40,
-101,-56,
-34,-68,
-31,14,
-22,52,
44,49,
-6,-43,
-18,-33,
38,-43,
-21,-47,
-8,-97,
-20,-116,
-38,-48,
41,26,
5,60,
-60,50,
-143,16,
-62,-22,
-57,-34,
-14,-69,
-47,-115,
-40,-57,
-51,-22,
-59,19,
-54,51,
-54,24,
-13,-23,
1,-42,
28,-80,
31,-41,
-40,-67,
18,-15,
38,-16,
79,-10,
16,-47,
-34,8,
29,-10,
55,-32,
41,-50,
-3,-42,
-4,17,
25,-44,
-10,2,
-39,-30,
-67,-3,
-20,-69,
20,-37,
38,-34,
-29,6,
7,8,
23,-61,
11,-93,
3,-134,
49,9,
-2,6,
-14,48,
-79,40,
-53,-4,
-29,-76,
00>
_________________________________
00>
00>
Printing STS1 CIR
00>
00>
_________________________________
00>
-3,45,
-44,-47,
4,-38,
61,-16,
-23,78,
-27,12,
-26,-9,
-11,-2,
32,0,
37,22,
0,-73,
35,11,
26,-9,
-21,18,
35,37,
8,10,
-7,33,
-56,11,
7,-23,
-53,36,
-60,19,
16,-22,
83,15,
50,29,
-4,-14,
-20,10,
21,12,
11,-40,
-38,-24,
50,83,
13,25,
34,-54,
3,-31,
37,-10,
-8,54,
3,10,
21,-42,
26,-11,
-34,-15,
50,-23,
-28,41,
20,64,
4,39,
-28,-97,
4,-21,
-3,30,
21,-17,
32,-27,
-39,26,
10,-24,
59,25,
85,9,
-14,-6,
-48,36,
13,61,
-6,46,
43,53,
68,22,
8,53,
-19,-30,
-5,19,
17,22,
17,57,
-1,20,
48,-5,
67,-28,
110,-36,
72,-15,
-16,14,
-36,-22,
38,31,
-20,31,
73,70,
67,25,
56,25,
63,-29,
59,-48,
21,-1,
0,-57,
-4,16,
-16,55,
49,-6,
34,-21,
33,-60,
125,-71,
147,-93,
102,-2,
70,-22,
-50,47,
-6,12,
-103,-69,
-86,33,
51,50,
78,21,
42,12,
25,12,
-20,15,
65,48,
37,93,
-20,24,
13,-15,
-2,97,
-50,82,
-7,66,
101,-9,
73,-12,
70,54,
39,55,
11,71,
70,50,
67,4,
19,-3,
-45,-25,
-12,5,
-12,-64,
-9,-36,
14,19,
-32,23,
-35,-10,
31,-24,
38,13,
-3,50,
20,-31,
27,-59,
12,-84,
16,-7,
22,-2,
-5,62,
-32,-3,
67,5,
17,10,
-7,34,
17,17,
29,-37,
59,-60,
13,4,
37,24,
-10,29,
-45,-61,
-91,-59,
19,43,
65,13,
-12,-17,
-5,-12,
61,-4,
73,-32,
33,-35,
-20,-36,
19,3,
-18,23,
3,13,
27,40,
68,-16,
63,10,
40,7,
61,27,
41,-94,
6,-90,
-17,-3,
8,18,
37,69,
20,51,
8,30,
70,-13,
42,7,
10,23,
10,34,
69,-18,
34,20,
45,-6,
-26,-37,
-61,-35,
-35,9,
-21,-33,
-46,-61,
11,-16,
42,2,
76,-4,
58,-54,
59,-69,
40,-56,
73,-2,
26,1,
-15,-38,
-69,19,
-41,25,
-24,44,
-64,98,
-14,62,
-52,30,
-54,-44,
-21,-50,
0,-82,
20,4,
17,19,
3,22,
24,-43,
54,3,
23,-22,
-46,23,
-2,84,
42,-7,
114,28,
48,68,
13,19,
-30,-18,
-18,-59,
-35,-32,
-6,35,
8,-64,
33,-18,
1,-23,
2,31,
-8,-5,
37,-76,
48,-104,
26,-89,
-23,-59,
96,-39,
50,20,
-26,-32,
5,-55,
19,-15,
22,12,
24,15,
1,30,
-4,40,
29,-26,
17,-46,
0,-37,
-32,14,
31,-13,
9,-10,
20,18,
36,66,
-29,-6,
-27,-24,
-20,-75,
51,-7,
44,12,
52,22,
-13,0,
-65,25,
-10,32,
-53,-9,
19,12,
68,-4,
60,37,
-27,68,
10,21,
-1,1,
35,-32,
39,-12,
-14,-56,
13,-38,
65,-27,
66,-37,
34,4,
-4,31,
-56,19,
4,66,
-3,30,
-30,-33,
-60,-85,
56,-16,
82,-59,
57,-74,
61,-104,
49,-4,
-3,-42,
-4,0,
67,-24,
20,47,
-9,-56,
20,-31,
71,-6,
62,-7,
11,28,
46,49,
45,13,
43,13,
81,-54,
33,-20,
75,-58,
-71,7,
-84,60,
5,47,
35,7,
-19,36,
-13,23,
-44,-22,
17,-1,
23,-57,
54,-6,
49,15,
4,-3,
-73,-36,
-4,-24,
1,15,
-5,-17,
62,21,
-33,-28,
61,5,
75,62,
21,34,
1,67,
-50,18,
-4,10,
-61,-57,
-18,-34,
-1,-51,
76,-82,
144,-53,
14,15,
-13,10,
-70,42,
-78,6,
-25,-45,
17,29,
93,-43,
94,-82,
37,9,
38,33,
-45,-38,
-16,9,
62,-51,
66,-41,
38,5,
-85,6,
-95,-58,
10,-12,
-7,59,
25,59,
7,51,
-3,17,
-13,-80,
-4,-30,
47,18,
51,4,
67,13,
13,-91,
45,37,
38,39,
76,62,
54,-18,
18,-11,
41,-8,
-22,37,
-43,-21,
43,-77,
26,-95,
53,-26,
38,-35,
29,-72,
171,-81,
1071,666,
3373,3205,
4337,5905,
2147,6022,
-1413,1992,
-2984,-2060,
-1927,-3926,
-1089,-4264,
-1727,-4472,
-2104,-3774,
-1078,-1581,
-44,21,
173,372,
-263,-184,
-607,-572,
-604,-427,
-302,-94,
-83,326,
-271,443,
-441,465,
-152,362,
274,29,
148,-148,
-295,-243,
-414,-153,
-286,-37,
117,-16,
317,-41,
470,-32,
361,-77,
214,47,
131,135,
206,261,
332,356,
178,52,
164,7,
122,72,
227,79,
240,-46,
306,-161,
412,-124,
417,15,
149,119,
90,98,
43,82,
75,-43,
20,-65,
-21,20,
-127,73,
-236,-77,
-141,-79,
-152,-183,
-73,-223,
-71,-208,
-130,16,
-117,138,
-90,233,
-63,155,
51,57,
48,-59,
-6,-7,
13,-25,
-5,6,
52,-18,
85,-165,
136,-242,
113,-161,
198,-91,
195,78,
135,188,
-19,39,
-111,48,
-195,195,
-271,218,
-274,182,
-343,128,
-263,54,
-68,42,
14,159,
-10,146,
-79,101,
99,62,
177,1,
268,36,
87,29,
-24,30,
-82,58,
-20,77,
-14,24,
-73,-18,
2,-22,
35,-3,
54,35,
61,-16,
-2,-16,
-23,51,
-100,83,
-119,10,
-58,-53,
40,-48,
21,33,
42,-6,
12,63,
71,19,
115,-76,
91,-4,
46,45,
-17,-3,
72,14,
62,-16,
83,-6,
-4,-24,
-53,-39,
14,-126,
-12,-78,
69,-128,
103,-82,
68,-55,
32,22,
-31,-23,
41,-26,
7,-45,
-31,-24,
56,71,
38,28,
-36,3,
-30,-43,
30,-54,
93,15,
47,73,
-23,61,
-7,9,
10,81,
10,114,
81,120,
80,-34,
95,-61,
64,-86,
41,14,
27,20,
70,2,
16,-57,
-53,-2,
36,9,
25,10,
52,-58,
56,-7,
14,-28,
65,-73,
64,-42,
107,3,
41,54,
6,68,
-13,43,
12,39,
-16,31,
20,57,
00>
_________________________________
00>
RX Timestamp: 920998274932
00>
Clock Offset: -1818.752 Hz, 0.228 ppm
00>
RX Timestamp: 922069104643
00>
Clock Offset: -312.424 Hz, 0.039 ppm
00>
_________________________________
Sequence Number: 142
00>
00>
Printing STS0 CIR
00>
00>
_________________________________
00>
-30,25,
-52,-5,
-18,-5,
-2,-58,
28,-68,
-63,34,
-20,26,
74,18,
131,26,
62,-24,
-54,-38,
-59,-13,
-5,72,
0,53,
-8,19,
-17,3,
0,-11,
-8,-16,
-6,70,
-49,35,
-23,5,
-30,-42,
-26,6,
-50,-9,
-65,-35,
-11,5,
4,94,
15,46,
2,-18,
61,-31,
-9,-64,
9,-18,
6,30,
6,-14,
39,-56,
50,-19,
19,-33,
-76,23,
-96,88,
1,-19,
67,-8,
-9,7,
-81,18,
-47,-7,
-37,-64,
43,-52,
-46,43,
-96,6,
-8,13,
4,-7,
-1,-51,
-10,8,
13,47,
57,61,
13,1,
-41,10,
-19,46,
-18,30,
81,-11,
40,18,
89,-26,
21,33,
19,-8,
-9,-16,
-5,97,
47,31,
23,9,
23,12,
-1,36,
25,38,
-22,1,
44,8,
19,-33,
-30,-17,
26,65,
13,7,
-18,36,
38,1,
25,-43,
-3,-80,
-93,-36,
-12,11,
-31,55,
-34,24,
61,21,
57,-3,
-20,-15,
-28,25,
-37,34,
-58,-35,
-45,-17,
1,19,
-3,48,
-48,5,
8,-61,
-15,-90,
7,-45,
82,25,
33,74,
-13,86,
20,27,
-39,-53,
-21,31,
-66,12,
12,48,
-26,8,
-51,24,
-20,-10,
8,-86,
29,-46,
-6,-7,
-23,-13,
36,12,
-10,-4,
16,-11,
-17,12,
-27,-4,
51,15,
-23,45,
-23,28,
14,28,
28,-32,
35,-16,
26,40,
17,64,
-37,38,
5,-9,
2,-35,
1,-5,
20,67,
-30,74,
-28,63,
16,34,
8,69,
-7,53,
-21,11,
-32,-97,
-24,26,
32,51,
34,56,
56,24,
61,84,
0,47,
-25,22,
17,25,
12,22,
49,26,
39,1,
25,1,
-31,71,
-43,-20,
-64,-5,
-29,-67,
92,-28,
90,106,
22,137,
-10,87,
58,-26,
30,4,
-3,-25,
0,30,
79,31,
-42,12,
-48,31,
-26,19,
30,4,
-8,-31,
-41,13,
6,64,
72,-39,
118,-18,
67,1,
-9,38,
-66,78,
72,17,
32,-66,
13,-49,
17,0,
-16,11,
-34,22,
-41,35,
16,25,
30,50,
38,75,
56,26,
-40,-42,
-11,-79,
31,-21,
5,4,
-21,2,
-47,5,
-29,-39,
73,-55,
59,-6,
37,-2,
3,-22,
13,-12,
-22,23,
-20,-27,
70,-2,
95,36,
-27,19,
-82,19,
-71,-29,
-37,11,
-1,19,
40,-22,
14,-61,
16,-57,
-47,-54,
-55,-34,
-7,28,
-17,-23,
-9,-6,
-31,31,
-7,24,
-7,63,
-59,31,
-32,8,
41,44,
-3,-20,
-37,-60,
23,-11,
21,16,
-22,-30,
3,-11,
40,13,
-34,9,
21,4,
15,-9,
-16,61,
-59,58,
24,38,
-85,14,
-6,28,
31,-10,
-9,-78,
37,43,
21,43,
37,90,
15,-21,
-11,-88,
-29,-34,
61,70,
17,86,
-12,29,
-21,5,
10,37,
41,122,
-8,-12,
-39,-8,
18,-20,
89,33,
31,67,
-8,-60,
-35,-3,
-39,-64,
48,-27,
34,26,
29,-13,
38,-1,
-53,-20,
-26,14,
-16,65,
-20,41,
31,20,
88,15,
24,20,
-4,-8,
17,60,
66,-13,
110,36,
63,46,
-19,51,
19,76,
84,15,
34,-21,
-15,-25,
-22,11,
-27,1,
-46,-2,
-69,19,
-13,67,
56,55,
36,87,
16,-5,
-31,13,
-15,-23,
-37,-72,
8,30,
13,42,
-4,57,
-25,33,
54,-18,
38,-6,
52,15,
16,52,
-75,85,
43,63,
-17,33,
19,-6,
-4,2,
-2,-9,
-11,45,
40,112,
-15,16,
-55,55,
-91,-20,
-5,45,
18,40,
38,59,
-6,50,
31,-29,
12,5,
-42,89,
17,18,
19,33,
30,-14,
-30,-21,
21,-27,
14,-32,
62,-54,
31,12,
-19,13,
-6,53,
-4,-28,
-31,11,
-50,-21,
-2,-32,
77,-33,
-1,-51,
-59,13,
20,2,
50,-41,
45,-7,
34,25,
-22,47,
2,-18,
-40,24,
-37,22,
5,0,
-47,-100,
21,17,
89,-46,
33,21,
10,87,
-6,-22,
-6,-24,
44,8,
-36,-10,
-70,5,
16,1,
59,-46,
15,9,
13,-41,
54,-30,
688,301,
3207,1912,
5909,4281,
5384,5064,
1145,2750,
-2782,-909,
-2890,-1643,
-1316,389,
-873,2099,
-973,2087,
-614,1151,
-76,362,
93,-86,
-235,-388,
-576,-731,
-415,-887,
-217,-636,
-413,-203,
-657,300,
-981,542,
-973,642,
-315,698,
176,408,
128,-19,
-5,-285,
-41,-353,
131,-341,
169,-224,
102,-82,
29,-153,
-77,-222,
-110,-203,
-89,-131,
102,-54,
278,-128,
384,-120,
366,32,
334,159,
397,203,
269,20,
208,-210,
224,-121,
139,-58,
35,-37,
-40,-47,
47,-145,
48,-178,
18,-87,
-14,-40,
-78,43,
-55,30,
-11,50,
3,54,
6,195,
-89,188,
-175,172,
-235,120,
-77,24,
105,-56,
216,-48,
252,-83,
154,-14,
-54,54,
-203,213,
-254,141,
-207,-99,
-10,-142,
74,-157,
111,-148,
70,-104,
-46,-104,
-84,-110,
-126,-47,
-126,56,
-241,17,
-404,-99,
-457,-172,
-246,-136,
-63,-31,
-61,59,
-158,94,
-140,120,
10,119,
1,94,
-66,54,
-116,-65,
-74,-52,
-5,-121,
27,-102,
-21,-75,
-19,-8,
-24,-8,
-34,-74,
9,-104,
-35,-87,
-83,-36,
-61,-31,
40,-58,
27,-35,
-17,-89,
-137,-4,
-85,6,
-73,-23,
-36,-65,
-31,-31,
7,-51,
31,-54,
65,2,
27,48,
8,38,
23,-17,
27,-68,
-98,46,
-142,9,
-79,35,
-38,-23,
-58,-127,
-8,-94,
9,-49,
4,39,
11,-24,
40,-64,
5,-24,
-67,8,
-44,-6,
-48,10,
-36,-29,
-52,-8,
-87,-35,
-63,18,
0,-30,
29,10,
-37,-33,
-8,38,
21,-3,
8,-23,
71,-91,
-27,-90,
-57,43,
-72,-13,
-48,-34,
3,-19,
20,17,
-17,3,
-29,-46,
-20,-30,
-18,-47,
-19,12,
-31,-14,
-40,10,
-66,-55,
-5,-91,
28,13,
-22,-2,
12,13,
-22,-21,
00>
_________________________________
00>
00>
Printing STS1 CIR
00>
00>
_________________________________
00>
4,6,
-37,-18,
7,-19,
4,-2,
33,-25,
2,15,
-30,44,
11,26,
59,15,
67,11,
28,83,
47,93,
-61,40,
6,38,
-19,11,
-49,-38,
-55,-18,
-107,-44,
-16,-24,
-15,-45,
-44,-9,
8,-66,
-6,-20,
37,-47,
27,56,
51,-30,
9,-16,
-39,-31,
15,-43,
19,33,
21,75,
-24,35,
-5,30,
32,10,
16,27,
33,30,
38,9,
11,54,
3,12,
-3,-95,
78,-63,
-40,11,
-33,17,
23,10,
66,24,
72,41,
28,32,
-17,48,
-43,-20,
4,-39,
14,-23,
78,36,
-12,15,
-10,-56,
-14,-10,
20,69,
18,51,
29,-32,
16,-50,
38,-18,
36,39,
102,37,
7,-35,
64,12,
-5,21,
54,17,
44,0,
12,-28,
37,-32,
-1,44,
-1,55,
-41,88,
12,58,
-8,56,
-15,-66,
54,-76,
12,-29,
-33,8,
2,58,
35,2,
-58,-24,
-8,-16,
57,6,
18,35,
-43,34,
-107,-62,
-30,23,
14,-14,
-34,5,
18,-64,
74,-28,
40,40,
1,11,
-5,14,
-71,-12,
-8,7,
47,40,
103,81,
33,-16,
-14,-14,
-36,23,
32,85,
-15,115,
24,71,
-7,-10,
-16,-20,
-20,13,
-13,23,
-80,52,
-46,98,
-34,-1,
48,-18,
57,13,
3,34,
-35,35,
-20,-2,
-64,11,
-64,7,
-34,19,
13,-19,
-15,-13,
2,-66,
4,-21,
11,26,
21,-19,
-2,-23,
-29,-6,
64,-61,
76,-38,
60,-34,
32,42,
44,26,
27,37,
23,30,
-21,-30,
-9,0,
53,24,
44,-5,
-41,-14,
-22,-2,
-25,9,
43,9,
37,-13,
31,-1,
40,63,
45,38,
81,0,
16,-7,
29,9,
49,-32,
40,-4,
-1,40,
-22,12,
47,-3,
28,79,
-11,115,
-25,112,
5,-14,
-47,-37,
-32,13,
74,7,
66,2,
14,10,
-45,-24,
-16,-9,
-9,-42,
19,-40,
26,-3,
117,64,
-8,24,
-6,41,
44,54,
74,-8,
0,48,
-93,5,
-31,43,
-6,31,
15,91,
21,10,
73,46,
50,70,
7,50,
-66,45,
-69,47,
-39,33,
-15,12,
-11,-10,
-32,44,
5,-20,
-16,-29,
13,-7,
14,14,
-28,9,
7,-5,
39,-26,
-5,15,
40,24,
-7,22,
31,60,
11,52,
18,74,
53,47,
-11,50,
-23,18,
-16,-27,
6,32,
-12,6,
-41,-20,
24,8,
-1,31,
-1,20,
46,32,
16,130,
44,160,
39,47,
21,18,
29,-12,
61,-2,
-2,37,
34,32,
49,-21,
2,4,
-13,42,
11,5,
8,-43,
25,-29,
34,19,
4,39,
-27,54,
-1,49,
-4,45,
-36,34,
109,-7,
50,54,
11,77,
45,-37,
50,-89,
16,-53,
44,38,
20,13,
-46,-71,
5,-83,
0,-58,
-15,39,
18,58,
10,71,
34,103,
-8,57,
55,-2,
20,-10,
-13,-54,
-21,-13,
-93,25,
-27,-33,
46,-72,
55,-58,
-25,-67,
-83,-29,
-38,29,
26,44,
-3,-36,
-35,18,
25,24,
30,87,
33,31,
52,-28,
75,-1,
29,-20,
-25,16,
-46,61,
13,48,
4,1,
3,-59,
1,-36,
37,12,
43,42,
-12,44,
43,41,
21,6,
39,53,
-44,-36,
-17,-31,
-52,40,
15,63,
23,2,
-35,-30,
-43,36,
-36,22,
39,23,
31,22,
51,13,
29,2,
43,-5,
50,22,
57,14,
35,-27,
-15,-20,
3,-40,
-13,9,
-9,1,
0,3,
-46,6,
-36,-14,
-17,-73,
14,-43,
-6,5,
51,21,
16,45,
-11,30,
-97,47,
-79,31,
-19,20,
11,-4,
22,-71,
24,-76,
70,23,
-25,-23,
-70,-6,
10,43,
-5,39,
-32,48,
59,19,
78,13,
-2,2,
18,-9,
-28,-18,
-35,1,
28,-10,
39,30,
25,10,
12,-6,
27,-1,
25,49,
69,20,
-1,28,
-27,43,
20,69,
-26,73,
25,7,
5,38,
-8,33,
-54,-18,
0,59,
-24,-11,
-13,53,
-10,-86,
1,-74,
56,28,
49,104,
-24,69,
42,-27,
27,-81,
-3,-14,
-4,-46,
84,-15,
118,-30,
877,4,
3557,643,
6749,2487,
6331,3970,
1640,2786,
-2290,-286,
-1178,-1462,
2192,-324,
4075,868,
3115,535,
1446,-186,
377,-444,
-2,-331,
122,-96,
470,91,
634,247,
345,189,
-259,151,
-553,221,
-804,427,
-927,336,
-456,182,
-54,63,
-169,-26,
-460,-21,
-452,-72,
-245,-5,
-108,-13,
-199,62,
-340,65,
-423,-45,
-324,-161,
-87,-82,
38,82,
-83,78,
-93,-126,
-102,-288,
99,-139,
19,119,
-189,125,
-331,-27,
-85,-132,
162,-124,
139,35,
18,222,
-133,262,
-30,165,
65,-20,
100,-114,
0,-138,
-18,-168,
-61,-148,
-43,-123,
-49,-18,
-46,159,
-103,181,
-36,33,
13,-75,
-15,-77,
-93,-77,
-155,-131,
-138,-147,
-172,-107,
-126,-53,
-168,-120,
-189,-174,
-95,-129,
-39,-142,
39,45,
89,3,
-34,52,
-101,-58,
-51,-21,
-78,-43,
-142,48,
-360,-71,
-442,-111,
-415,-44,
-325,-88,
-313,-133,
-187,-89,
-229,-158,
-21,18,
-111,22,
-35,-34,
15,-60,
-108,37,
-134,109,
-102,129,
-49,115,
36,-17,
80,-74,
-28,-153,
-30,-128,
-39,-52,
7,-38,
-49,-69,
-167,-82,
-20,-21,
70,-9,
33,-50,
-67,18,
-106,-2,
-113,12,
-49,-10,
-81,-18,
-58,-67,
-120,31,
-56,33,
-35,10,
-63,2,
-103,-71,
-114,-46,
-64,-28,
-79,-71,
-60,-42,
-26,6,
-119,-3,
-136,-33,
-96,-45,
-102,-26,
-63,-58,
-23,-25,
8,-27,
46,-20,
-14,-51,
-24,-60,
-48,19,
-29,2,
-92,23,
-74,21,
-78,53,
6,-5,
-4,-31,
-33,24,
-63,67,
-73,5,
-56,-115,
-23,-66,
-37,-3,
46,-55,
65,7,
-35,-12,
-61,-27,
-13,-91,
14,-92,
-23,-65,
-63,-67,
-65,-52,
-52,30,
-62,-6,
-57,37,
43,-75,
47,-13,
-67,-73,
-115,-63,
00>
_________________________________
00>
_________________________________
Sequence Number: 145
00>
00>
Printing STS0 CIR
00>
00>
_________________________________
00>
-11,17,
-35,-29,
18,0,
16,72,
18,27,
-5,66,
41,86,
-23,34,
-63,-30,
6,34,
47,75,
2,-8,
-38,-10,
38,-25,
48,26,
56,-28,
-18,11,
-18,5,
-32,-20,
-1,-37,
1,-31,
27,-17,
23,18,
0,13,
17,-19,
-11,3,
20,-73,
21,15,
52,48,
49,38,
-13,6,
-55,23,
-52,48,
13,-30,
27,13,
-19,-9,
0,8,
-33,-16,
5,-7,
-105,-33,
44,23,
110,66,
45,3,
59,-52,
24,-28,
47,90,
9,53,
-75,-43,
-33,-5,
34,31,
-14,54,
26,68,
16,39,
31,-40,
0,31,
-12,98,
-26,90,
-8,46,
-23,23,
13,47,
-29,7,
9,15,
15,99,
53,83,
6,22,
-22,-17,
21,33,
10,59,
24,4,
5,-31,
16,-27,
-2,-2,
-63,-48,
-32,-79,
18,-57,
47,7,
-27,38,
-64,65,
-65,80,
-6,67,
24,36,
9,61,
9,22,
-41,-42,
11,-18,
3,1,
-50,3,
-41,60,
8,-4,
53,-13,
-5,-22,
38,59,
44,63,
-8,81,
33,-33,
-41,3,
-46,50,
-24,33,
-41,-50,
5,-56,
34,66,
4,-3,
-18,25,
-15,-18,
1,45,
16,27,
39,-24,
43,-61,
69,-6,
23,50,
-53,51,
31,-18,
72,-16,
61,-85,
-54,-48,
-4,66,
22,45,
39,-29,
66,-22,
64,-21,
107,59,
-22,135,
-38,23,
-48,-6,
11,24,
18,7,
77,-16,
60,25,
-63,-1,
-33,-14,
13,-47,
49,47,
53,25,
57,67,
34,89,
-9,52,
48,29,
1,-30,
-49,39,
-49,19,
30,57,
33,-16,
-57,-60,
-18,-5,
19,10,
30,-7,
26,73,
-5,46,
23,6,
16,-11,
31,46,
44,32,
-17,-61,
70,-54,
1,2,
10,37,
10,48,
-21,19,
-72,70,
-38,18,
4,25,
-2,2,
6,60,
-2,39,
-21,-8,
2,-70,
104,-16,
69,-16,
50,27,
30,79,
61,20,
-76,6,
23,-89,
3,-69,
25,3,
-43,-4,
-11,-4,
16,5,
49,-12,
41,17,
11,72,
-16,58,
-30,-11,
-13,0,
-2,-20,
24,-10,
45,-18,
54,-35,
-42,-5,
2,31,
26,54,
-82,46,
-25,-2,
4,7,
50,-36,
24,44,
-25,23,
-4,-10,
-53,-11,
-6,-42,
59,-76,
59,-13,
-42,-11,
28,12,
4,37,
-15,45,
-48,1,
-12,-3,
-4,-99,
0,-30,
-19,-27,
16,-26,
8,18,
8,23,
-13,-3,
-37,11,
3,-4,
5,-29,
54,10,
63,-55,
73,-14,
83,3,
2,-5,
-58,56,
-66,65,
43,72,
48,85,
46,55,
-1,-8,
-89,20,
-53,31,
67,-5,
47,-2,
-23,10,
-18,104,
46,42,
-54,32,
-18,4,
25,-27,
5,30,
-19,-7,
10,0,
49,-31,
-19,-9,
-33,14,
1,-23,
65,2,
68,61,
57,64,
-46,42,
7,25,
-46,-8,
-44,-31,
-51,-7,
-27,10,
-28,26,
-10,30,
50,-49,
56,-45,
-6,-6,
-13,95,
10,-53,
-23,-43,
-49,-10,
8,-18,
-14,-9,
-22,-34,
36,8,
16,8,
66,-39,
52,-14,
48,45,
20,59,
36,1,
-20,22,
-15,39,
-36,43,
13,-45,
-27,19,
43,-15,
16,-7,
47,-28,
54,8,
79,73,
-8,62,
-51,5,
-65,-31,
41,25,
62,8,
18,6,
5,5,
28,20,
44,-28,
39,55,
-8,95,
-16,-5,
-3,-8,
24,13,
32,17,
31,-15,
4,-9,
-30,-25,
-5,36,
-32,87,
20,68,
34,45,
-13,21,
-29,34,
28,21,
-17,-31,
70,37,
132,48,
31,75,
-39,75,
-6,-19,
-21,11,
-13,28,
-13,72,
-33,-29,
5,-53,
13,13,
47,76,
31,43,
67,-52,
42,24,
-13,7,
-23,7,
3,-20,
18,-33,
-15,-4,
-61,61,
84,46,
125,-19,
-12,-59,
-67,-130,
6,0,
-16,-6,
-2,-16,
-4,15,
36,59,
50,149,
4,90,
1,40,
65,-40,
14,83,
-9,35,
34,-30,
-41,65,
-1,-3,
-15,-21,
-26,-1,
14,53,
23,96,
6,47,
4,13,
-17,33,
-57,58,
23,1,
335,-317,
1962,-1650,
5336,-3297,
6799,-2546,
4093,471,
-591,2128,
-2254,687,
-1204,-2174,
-468,-3867,
-964,-3304,
-977,-1526,
-262,-198,
296,327,
176,21,
50,-526,
151,-628,
239,-280,
304,204,
369,626,
464,744,
621,620,
310,18,
138,-144,
-64,216,
-101,615,
-69,519,
-174,132,
-119,-163,
-5,-149,
16,-62,
126,-73,
207,-69,
194,-75,
93,-84,
-91,70,
-158,248,
-132,223,
-168,185,
-84,75,
-35,95,
-29,205,
21,128,
-70,115,
32,-68,
113,-86,
83,-89,
121,-14,
-26,40,
-66,69,
-239,191,
-296,196,
-190,229,
-172,120,
-38,33,
93,-17,
162,32,
110,60,
-23,42,
-79,-70,
-114,-60,
-116,47,
-122,145,
-128,126,
-111,79,
-133,45,
-164,161,
-236,207,
-139,136,
-66,75,
52,8,
73,121,
97,358,
65,437,
128,280,
196,254,
133,319,
2,297,
-78,215,
18,20,
159,-33,
168,-20,
114,-54,
4,-104,
29,-73,
35,12,
-43,39,
5,10,
33,15,
114,72,
70,109,
-39,150,
-85,116,
-135,95,
-101,73,
-76,99,
-68,16,
-84,-3,
-104,59,
-44,120,
-44,129,
66,115,
26,111,
-50,134,
-47,90,
-88,64,
-39,31,
-52,-14,
-81,29,
-25,30,
-41,57,
-92,23,
-59,1,
17,-46,
118,-8,
113,90,
47,55,
-20,-1,
-115,0,
-88,-27,
-62,22,
-32,103,
7,154,
17,89,
-16,93,
-5,17,
-43,53,
-51,83,
-85,80,
-75,2,
-19,14,
23,5,
-36,50,
-60,88,
0,14,
11,-57,
-2,-36,
-20,-11,
-115,-22,
5,-52,
9,17,
22,23,
-25,49,
-75,-5,
-32,26,
-50,18,
13,46,
-98,81,
-2,-17,
10,39,
11,78,
-74,22,
-28,-27,
-6,12,
-70,53,
00>
_________________________________
00>
00>
Printing STS1 CIR
00>
00>
_________________________________
00>
31,38,
-33,14,
-72,-24,
-67,-24,
4,0,
-41,-7,
-44,84,
2,0,
106,18,
38,26,
62,75,
48,36,
-17,-15,
-30,-8,
-37,14,
2,34,
-17,20,
27,13,
27,53,
-13,130,
-60,108,
-118,12,
-56,-33,
-11,-23,
55,-25,
-73,-54,
-9,-22,
118,50,
115,33,
82,32,
1,12,
-24,58,
-36,61,
-19,54,
-14,23,
-17,75,
40,49,
39,-1,
73,18,
11,73,
-39,32,
-19,-29,
19,5,
-17,-103,
33,-52,
1,49,
47,56,
21,6,
7,-19,
42,-28,
4,-25,
20,18,
-1,9,
49,-22,
1,42,
16,41,
40,99,
48,86,
22,31,
-45,-17,
-58,28,
-31,28,
-25,2,
-28,-64,
-21,-119,
-17,-35,
-1,11,
-13,-51,
12,32,
28,36,
17,3,
-15,1,
9,-29,
12,-14,
8,-56,
13,3,
-40,13,
15,76,
9,-4,
13,-19,
-22,17,
57,-11,
41,5,
7,48,
-4,43,
-31,84,
13,-22,
-54,56,
-34,24,
-72,-50,
-91,16,
-69,15,
-14,7,
17,-29,
58,24,
-29,47,
-66,-49,
0,-1,
3,-16,
-4,18,
-28,-7,
-9,33,
-8,64,
64,89,
79,-39,
53,3,
-10,30,
-71,12,
14,-14,
-58,-21,
-15,-1,
-12,50,
-70,-19,
-12,2,
69,45,
2,-4,
-5,2,
-32,23,
-41,21,
6,39,
93,8,
86,-28,
-4,-26,
-52,-1,
-51,47,
35,15,
-78,11,
-79,-35,
-50,-23,
26,-26,
38,-24,
14,57,
11,5,
2,47,
15,40,
56,15,
52,17,
4,-11,
-10,-64,
-53,42,
-50,90,
-64,58,
5,46,
59,96,
-8,-59,
-29,-65,
-34,-40,
-28,-13,
-33,-35,
27,30,
32,30,
47,4,
63,55,
63,15,
71,-17,
-28,-11,
-48,28,
-15,51,
-15,-22,
-29,-28,
-71,20,
29,21,
3,33,
-47,-16,
-53,-28,
5,48,
45,46,
30,-24,
-13,-13,
36,41,
11,48,
-78,-27,
-132,-19,
-14,14,
20,10,
-26,2,
-18,23,
-21,6,
-53,-40,
22,6,
0,19,
105,-14,
-29,-103,
-16,-64,
-3,-55,
-17,-82,
-32,-58,
-26,-18,
-31,40,
30,-25,
-27,43,
22,-29,
-10,10,
29,11,
-14,74,
-12,49,
8,-32,
-10,-56,
71,-17,
38,7,
-12,-28,
48,-13,
-14,-30,
41,11,
14,-20,
24,-58,
7,12,
65,-2,
-28,-37,
34,-46,
39,0,
-39,23,
-46,30,
-45,80,
12,53,
29,3,
-4,19,
12,-50,
-22,-7,
29,-33,
-52,49,
-69,45,
34,-48,
82,-17,
23,33,
-87,74,
-48,-15,
-12,8,
54,-37,
-22,4,
-26,-40,
-31,-45,
-1,-19,
-31,-39,
-19,-85,
-5,-17,
-27,-30,
42,43,
50,68,
-29,40,
-33,44,
55,5,
-6,47,
-4,-8,
-23,-45,
25,2,
22,-19,
-7,37,
20,6,
-7,-91,
-5,-42,
-20,11,
-63,-43,
-33,1,
16,22,
80,35,
64,-25,
31,-40,
38,-1,
3,-6,
-36,39,
-16,51,
6,-27,
41,-42,
25,-65,
6,-37,
16,34,
-9,70,
-36,-11,
41,34,
-48,100,
-18,73,
43,40,
59,24,
39,-16,
22,17,
-19,42,
18,29,
8,-21,
-25,54,
-36,-10,
0,37,
5,-1,
-78,-27,
-50,-2,
-3,13,
-7,20,
70,72,
24,3,
-12,-63,
-23,-70,
-39,-18,
-1,-15,
-39,68,
-9,43,
10,17,
-34,69,
33,48,
15,65,
15,5,
-15,26,
11,86,
65,28,
9,-60,
-28,-31,
-33,-23,
-23,18,
23,4,
-42,28,
-39,-9,
-16,15,
-79,-43,
-53,-87,
34,-14,
5,-72,
-10,-40,
12,77,
12,147,
38,130,
-45,89,
-44,59,
-22,-12,
-8,-21,
26,9,
-43,-1,
-1,0,
36,47,
48,-6,
54,-90,
24,-22,
-17,-7,
16,-1,
-12,18,
-55,-3,
-49,36,
-20,52,
37,-5,
77,5,
-54,37,
-33,9,
-35,-18,
4,-10,
3,-2,
1,38,
33,-12,
6,28,
46,18,
-44,46,
-84,25,
-71,46,
-86,-1,
10,-26,
-70,-40,
-32,-4,
9,-19,
33,-45,
15,-18,
8,-59,
43,-486,
1033,-2232,
3719,-5084,
5514,-4920,
4702,-1422,
671,2575,
-2628,3365,
-3783,2073,
-4098,2061,
-4033,2954,
-2724,2455,
-709,743,
243,-172,
103,-37,
-299,543,
-446,766,
-259,583,
56,169,
506,40,
465,400,
561,356,
157,-47,
-98,-289,
-207,-30,
-165,462,
-82,474,
-37,161,
-46,-212,
-126,-459,
-147,-518,
-76,-354,
68,-173,
225,-138,
292,-272,
148,-239,
86,-44,
114,-50,
39,-55,
-88,-155,
-180,-248,
-190,-442,
-158,-457,
-12,-309,
44,-163,
98,-53,
52,-25,
2,-19,
-2,-13,
43,47,
-17,45,
-61,121,
-57,203,
-233,301,
-96,184,
32,121,
186,161,
258,94,
149,66,
120,-4,
-3,-88,
-4,-166,
-26,-65,
31,5,
-55,-38,
-45,-59,
-184,-39,
-182,-110,
-95,-80,
14,-184,
100,-220,
-4,-103,
80,89,
5,190,
79,213,
212,229,
166,321,
121,313,
99,176,
135,19,
86,119,
104,155,
148,104,
123,-61,
13,-125,
-51,-147,
-14,-36,
30,58,
145,103,
46,55,
-1,1,
-57,42,
-20,31,
24,8,
33,-5,
51,75,
31,123,
57,47,
94,103,
-11,76,
-39,60,
-118,55,
-36,-44,
-27,-67,
-28,-28,
-78,-76,
-50,-76,
28,-43,
55,-5,
11,-51,
35,-11,
14,-18,
-32,-58,
9,-34,
-24,94,
-25,31,
12,-29,
-80,-70,
-76,-69,
28,-10,
-57,25,
-59,-10,
-27,91,
-31,-60,
18,-63,
-7,-33,
23,-9,
5,-58,
-42,-15,
-39,-57,
-11,-24,
68,-65,
35,-41,
17,-67,
26,34,
119,6,
153,47,
103,66,
81,55,
-17,-48,
-52,-105,
-63,-81,
-5,19,
61,-5,
-27,-32,
-62,-45,
-55,-57,
9,-97,
26,-81,
69,-107,
-15,48,
17,-4,
-7,2,
6,-43,
64,-74,
00>
_________________________________
00>
RX Timestamp: 1060991971968
00>
Clock Offset: -888.920 Hz, 0.111 ppm
00>
RX Timestamp: 1062063710478
00>
Clock Offset: -758.743 Hz, 0.095 ppm
00>
_________________________________
Sequence Number: 22
00>
00>
Printing STS0 CIR
00>
00>
_________________________________
00>
-43,-43,
35,41,
61,54,
69,22,
57,-12,
-59,-70,
-60,36,
33,37,
61,70,
8,21,
-34,-40,
-61,-34,
-83,-53,
27,-21,
26,15,
12,-33,
44,-35,
60,18,
-6,-8,
15,-8,
0,-25,
-1,19,
8,58,
-22,26,
-24,1,
24,45,
20,-31,
5,5,
67,-25,
18,-13,
-37,21,
-61,15,
2,-55,
-17,-26,
24,28,
13,63,
-13,47,
-28,35,
-18,20,
-1,50,
22,88,
-1,25,
6,-1,
43,-13,
-7,31,
1,17,
6,48,
22,-29,
7,-9,
2,82,
43,63,
-40,38,
8,-8,
-40,-40,
1,-22,
87,49,
61,53,
-3,65,
19,42,
16,10,
-11,0,
30,4,
18,29,
-60,41,
-39,40,
22,-15,
37,17,
-2,-25,
-19,-40,
-22,4,
-9,25,
28,79,
78,83,
12,-18,
15,-122,
11,-133,
22,-16,
-32,-19,
6,-18,
21,-69,
42,51,
-8,55,
-48,25,
-1,44,
0,-65,
-6,41,
-62,-4,
8,-17,
12,-12,
-14,-69,
-13,-90,
18,-56,
-23,53,
52,5,
-17,-4,
-21,-41,
-72,27,
-9,20,
22,18,
-29,-63,
-39,-50,
58,-8,
9,-17,
59,38,
31,4,
32,25,
22,-30,
16,18,
-24,74,
-11,43,
14,-8,
5,-68,
41,-39,
12,-32,
43,-15,
-21,-122,
-21,-109,
11,-3,
6,-62,
-6,-30,
69,15,
122,27,
96,70,
53,23,
15,-104,
15,-80,
54,46,
64,44,
-38,6,
-44,-26,
39,-41,
59,-16,
57,-50,
88,-26,
22,10,
27,15,
23,43,
19,32,
44,-34,
-35,-29,
29,17,
11,-1,
-24,-28,
-42,-21,
-97,33,
10,21,
13,2,
22,5,
-52,65,
-22,66,
46,-85,
44,-90,
15,-40,
-34,-54,
-1,-2,
10,-33,
-5,-8,
-27,-47,
19,12,
1,-17,
-26,35,
32,6,
37,-24,
31,-46,
109,-46,
17,-31,
-5,41,
17,45,
-21,48,
55,-20,
24,5,
45,-44,
86,26,
27,4,
31,-39,
4,-45,
-9,-54,
32,-37,
25,104,
22,75,
-80,30,
-65,-49,
-40,-48,
14,49,
51,62,
94,-49,
74,-66,
3,-5,
19,-19,
-21,-17,
19,5,
52,67,
86,1,
32,14,
-28,-88,
-7,-75,
-81,3,
-37,30,
-8,51,
-27,-49,
71,-39,
33,10,
-26,-26,
27,-15,
27,-11,
-27,12,
-21,6,
19,6,
57,0,
94,1,
75,9,
28,22,
29,-16,
18,-110,
6,29,
54,-1,
6,38,
43,55,
82,-51,
6,6,
-59,25,
-70,20,
24,21,
3,40,
56,34,
109,49,
88,58,
-17,45,
-16,-56,
62,-68,
49,-10,
-4,112,
-23,60,
-65,-26,
-13,-91,
2,-2,
43,-10,
-6,13,
-31,51,
28,21,
127,-23,
84,-69,
37,-8,
-34,59,
8,39,
13,10,
29,-80,
32,-7,
116,21,
81,18,
20,-15,
-32,-10,
20,-48,
43,-6,
-28,42,
-48,29,
-32,-18,
12,-51,
51,-72,
37,-5,
49,44,
39,92,
14,0,
26,-28,
63,7,
-23,-2,
-80,8,
-21,28,
46,3,
11,-28,
-55,-41,
4,51,
66,33,
23,24,
20,-64,
42,-64,
7,13,
-29,3,
20,1,
-18,-57,
16,-38,
48,-70,
73,25,
32,5,
8,52,
-21,10,
-45,24,
20,56,
76,68,
-16,37,
47,-22,
36,-73,
50,-67,
39,-10,
13,-37,
-20,38,
-36,30,
-31,-48,
-1,-57,
55,-44,
9,23,
41,49,
-41,94,
8,52,
23,23,
-22,61,
31,67,
-7,23,
-1,-18,
-72,1,
-64,14,
-46,4,
3,22,
13,15,
84,-38,
-41,18,
14,-73,
23,-65,
-7,-54,
-1,-67,
53,-53,
70,-59,
44,-60,
49,-28,
13,45,
1,2,
44,0,
8,-33,
35,22,
42,-18,
5,-92,
-18,-18,
92,5,
37,42,
-29,74,
-38,42,
15,-35,
62,-26,
112,16,
58,-61,
-4,0,
-23,-96,
-6,-25,
-27,6,
-40,91,
27,103,
-18,56,
-28,-37,
68,-62,
23,27,
58,-21,
64,3,
526,-176,
2890,-468,
6979,-394,
7771,520,
4338,1589,
-1823,1181,
-3756,462,
-1313,758,
471,1812,
676,2270,
281,1674,
144,607,
112,48,
-247,-30,
-909,-144,
-1010,-419,
-650,-429,
-374,-133,
-358,488,
-484,909,
-492,1174,
81,879,
424,416,
154,-48,
-143,-211,
-230,-259,
-148,-296,
-13,-308,
18,-201,
-71,-159,
-144,-179,
-199,-165,
-104,-130,
74,-229,
195,-260,
188,-267,
405,-173,
415,-114,
440,-145,
260,-92,
112,-130,
37,-283,
148,-102,
113,38,
55,-61,
-60,-147,
1,-174,
62,-135,
-8,8,
-60,36,
-78,132,
-14,63,
100,39,
88,57,
-1,255,
-89,272,
-173,157,
-111,19,
53,-60,
92,-180,
120,-234,
67,-185,
88,26,
-14,260,
-172,286,
-149,143,
-128,-136,
-33,-234,
-217,-254,
-3,-110,
26,-81,
-55,-76,
-47,-49,
-39,71,
-91,160,
-301,210,
-429,150,
-419,44,
-214,-48,
-83,53,
-63,139,
-16,165,
121,53,
100,-65,
-24,-39,
-74,39,
-13,-4,
72,2,
-5,-146,
10,-137,
62,-10,
62,-42,
26,-62,
-51,-45,
-111,5,
-51,-53,
-43,-22,
-3,-91,
-5,-112,
-20,-23,
-63,54,
-28,39,
-105,-66,
-40,-47,
-30,-44,
-52,29,
27,-12,
72,-34,
-3,-10,
7,32,
-6,79,
83,29,
57,58,
-71,5,
-118,69,
-48,-2,
-43,-117,
-20,-80,
3,38,
-23,-89,
-4,-87,
20,-67,
-40,-20,
-12,-18,
-14,106,
1,-1,
52,-38,
-60,-73,
-48,-10,
10,9,
17,-91,
33,-128,
103,-90,
58,-20,
68,14,
33,-20,
70,-52,
10,-72,
-42,-40,
-16,-53,
-14,-37,
-24,-38,
-81,-7,
-67,-25,
-7,-35,
88,-77,
-16,-35,
-49,-24,
-100,-27,
-59,17,
-22,84,
-27,-59,
6,-62,
15,-86,
32,-36,
-86,-83,
-12,5,
44,35,
8,-30,
-30,-49,
00>
_________________________________
00>
00>
Printing STS1 CIR
00>
00>
_________________________________
00>
23,4,
24,-2,
65,18,
5,-26,
-46,-47,
-54,14,
-1,70,
62,24,
-60,49,
-113,21,
12,-17,
74,24,
-15,-15,
17,1,
-20,-45,
4,-50,
-38,15,
1,-13,
6,13,
42,-7,
-46,0,
-29,62,
-20,45,
39,-23,
32,-73,
-16,-65,
74,-1,
0,-11,
20,-63,
22,-53,
4,31,
-56,28,
-7,29,
12,2,
47,90,
-34,77,
-37,11,
-18,-20,
-31,94,
-36,12,
35,9,
56,-66,
91,-81,
0,-52,
-10,-17,
15,56,
-23,-17,
9,30,
99,-12,
85,10,
15,-13,
10,19,
-84,43,
-39,-43,
46,3,
2,22,
-19,-24,
-17,-53,
-2,-67,
-25,-83,
-34,-35,
60,-12,
19,-15,
45,-27,
-4,-53,
16,-54,
-31,-64,
10,-5,
106,-33,
70,-31,
-1,8,
30,25,
-22,-33,
27,-15,
-11,14,
86,33,
98,106,
9,33,
-43,-10,
-41,4,
-7,16,
6,-43,
1,34,
28,22,
102,-37,
24,-98,
-29,-18,
-26,14,
63,1,
84,-11,
-21,4,
-55,56,
-21,49,
-54,36,
-9,-21,
-41,-26,
-80,-31,
-110,69,
-34,39,
16,62,
-54,-18,
-20,-33,
23,44,
4,73,
22,55,
32,-54,
-4,-61,
-65,11,
-59,-7,
-48,-34,
-74,-21,
-96,18,
-19,-15,
2,36,
60,80,
21,32,
10,69,
11,-21,
5,-21,
39,-50,
49,-5,
28,14,
-26,74,
-32,56,
-10,44,
-53,-57,
30,-22,
48,8,
23,81,
25,56,
-20,7,
-11,0,
-23,28,
2,-62,
31,-83,
7,-17,
-50,71,
30,45,
13,-23,
-76,-79,
-77,-32,
59,-17,
66,47,
4,15,
21,-16,
-8,32,
37,7,
38,73,
62,-21,
9,-1,
-36,71,
26,7,
16,33,
123,14,
30,-4,
16,27,
13,56,
33,11,
-28,-32,
-19,-79,
27,6,
53,43,
77,35,
98,46,
92,28,
15,-49,
35,-36,
42,72,
88,77,
59,59,
76,-84,
58,-69,
-29,-46,
22,11,
-6,33,
28,46,
-35,-31,
-39,-44,
-32,10,
-39,-6,
-81,-15,
41,40,
-4,70,
-31,-65,
-4,-58,
24,-1,
13,10,
7,-75,
25,-68,
-104,-52,
-34,24,
-3,62,
64,8,
114,-1,
42,-39,
-38,-5,
-50,-17,
2,-52,
-3,-20,
-3,-99,
14,-31,
4,12,
33,-29,
-34,-60,
-84,-102,
3,-42,
73,1,
29,-16,
17,17,
-43,36,
-55,33,
0,-11,
-29,-72,
-58,15,
-70,85,
-58,-20,
-44,-56,
43,-53,
22,1,
-45,-53,
-19,-32,
-35,11,
30,0,
67,14,
16,-23,
12,-83,
-13,-19,
-56,-52,
-49,9,
-59,21,
-10,19,
-44,6,
0,10,
-32,-5,
17,0,
26,47,
-31,-41,
-11,-21,
-38,-10,
-22,54,
-21,41,
-43,17,
-47,-2,
-34,48,
46,-27,
-40,3,
-4,-42,
19,-29,
31,0,
119,82,
-45,24,
-27,19,
-23,-50,
-13,-6,
67,-38,
68,-54,
7,-53,
0,20,
24,39,
-4,21,
39,-5,
23,-42,
59,-7,
-54,-62,
30,-48,
29,-45,
-8,2,
-38,-17,
-27,-78,
10,-74,
40,49,
-34,129,
-23,93,
40,21,
-36,-34,
-22,38,
27,-7,
-11,-49,
61,-38,
-49,27,
-38,51,
65,32,
76,-18,
43,2,
-49,20,
9,6,
-6,31,
5,21,
5,-48,
-18,-14,
-43,-47,
-3,-12,
-8,-4,
53,23,
72,-54,
34,-39,
-15,-102,
103,-55,
40,-38,
1,-17,
-29,-32,
-20,-20,
-11,9,
32,-18,
20,-11,
70,29,
5,-91,
-14,-44,
7,9,
12,-16,
-32,10,
7,69,
24,11,
65,-79,
-8,-40,
-29,-85,
-53,-42,
-31,-38,
21,-30,
44,33,
68,-37,
70,-8,
37,-16,
22,73,
-41,5,
22,35,
56,38,
107,-5,
75,-16,
-63,-45,
-62,-78,
-20,-107,
7,-71,
0,-49,
-2,1,
33,-26,
7,-64,
-49,-18,
18,91,
45,90,
1,88,
-13,59,
-24,47,
13,-24,
-16,-66,
29,-45,
51,-44,
78,-43,
7,-81,
-54,-23,
-49,-3,
11,-24,
453,-330,
2449,-1381,
6305,-1940,
7511,-682,
4595,1174,
-1146,1335,
-2393,-224,
793,-1485,
3660,-1767,
3384,-1458,
1483,-1081,
233,-603,
-33,-172,
109,-66,
330,-164,
635,-246,
454,-132,
145,145,
-240,469,
-274,680,
-837,866,
-429,485,
-39,158,
-101,85,
-226,204,
-396,251,
-285,190,
-191,73,
-84,81,
-219,221,
-299,244,
-233,106,
-127,-28,
143,23,
35,177,
-22,104,
-178,-131,
21,-204,
147,-11,
-18,265,
-299,215,
-207,-21,
-14,-203,
149,-113,
124,132,
67,263,
68,113,
40,-66,
57,-153,
-29,-92,
-77,-83,
-58,-113,
-72,-71,
-49,-16,
0,188,
-80,184,
-60,138,
14,21,
57,-81,
-51,-123,
-155,-105,
-231,-37,
-248,48,
-121,75,
-138,40,
-159,-75,
-192,-159,
-40,-54,
-69,-47,
-17,53,
-9,71,
15,51,
-49,10,
-47,6,
-157,76,
-292,158,
-427,249,
-409,278,
-275,163,
-309,102,
-257,37,
-238,30,
-138,7,
-3,76,
47,-65,
6,-24,
-10,94,
-90,167,
-24,135,
38,-67,
38,-75,
-33,-86,
-95,-92,
-86,-36,
-15,-90,
-58,-95,
-76,-66,
-103,-4,
-59,28,
10,45,
20,81,
-56,104,
-39,84,
-88,50,
-95,17,
-79,-16,
-119,-79,
-44,67,
-10,88,
8,42,
-53,-2,
-114,45,
-33,5,
-27,33,
-30,1,
-32,-43,
-159,-23,
-168,-4,
-92,3,
-102,-77,
-80,15,
-48,59,
-81,125,
-50,-2,
10,-19,
60,-124,
13,-106,
-38,-21,
-48,-55,
-51,-5,
-74,35,
-38,-1,
-60,-25,
-71,-30,
-34,23,
-21,27,
53,11,
-67,-48,
-152,-63,
-28,-30,
-25,48,
32,-23,
-6,-46,
-3,10,
-22,-52,
-67,-44,
-45,-42,
-12,74,
-3,108,
-5,91,
-37,32,
-55,15,
24,66,
31,93,
7,45,
-101,13,
-60,76,
-100,-9,
-72,-48,
-71,-53,
00>
_________________________________
00>
_________________________________
Sequence Number: 25
00>
00>
Printing STS0 CIR
00>
00>
_________________________________
00>
-53,92,
53,29,
13,16,
25,27,
11,16,
54,-21,
74,-45,
-14,-24,
26,-62,
13,16,
-36,139,
-76,97,
83,162,
98,92,
2,-104,
-8,-65,
46,55,
59,-11,
63,-77,
8,-22,
-18,-84,
3,-22,
-30,44,
5,63,
25,-2,
53,-29,
-14,-26,
-1,-4,
29,4,
40,28,
75,-30,
71,-43,
15,15,
36,91,
84,-17,
24,-5,
-103,-62,
-100,39,
-26,3,
-45,26,
-44,54,
-31,26,
19,61,
-24,12,
7,-17,
43,15,
21,76,
-26,15,
1,8,
-76,-37,
18,-19,
6,-18,
-51,10,
17,-59,
-52,21,
104,49,
-3,15,
-80,-3,
58,35,
106,11,
39,6,
1,2,
47,27,
18,61,
1,13,
-9,45,
72,84,
88,27,
39,58,
48,34,
57,-1,
-3,-107,
-37,-25,
45,-17,
22,-3,
10,-13,
-4,14,
26,38,
5,-29,
88,9,
-13,4,
-32,11,
-53,-32,
35,18,
5,31,
-19,-55,
23,-27,
32,-39,
16,-28,
-22,-25,
50,2,
60,18,
41,-18,
13,-66,
-43,53,
18,129,
9,35,
16,111,
0,27,
68,-62,
-46,-10,
-68,-43,
48,7,
86,56,
126,-62,
48,-60,
-7,-37,
-61,-7,
-10,24,
-16,2,
-20,32,
27,2,
110,19,
67,0,
5,5,
15,15,
-54,73,
-100,60,
34,-23,
-9,39,
56,74,
-68,72,
-68,17,
1,-35,
84,-123,
27,-16,
10,97,
32,97,
102,27,
23,-27,
33,7,
6,-10,
48,15,
-4,43,
-59,20,
0,72,
65,13,
-27,29,
64,-10,
44,79,
41,73,
-4,39,
-55,-6,
60,36,
46,104,
29,41,
-46,26,
36,47,
64,-4,
60,33,
53,54,
-7,65,
31,23,
-38,-17,
-54,12,
-73,-48,
77,-84,
-54,-95,
-21,-34,
42,99,
-3,55,
13,-11,
22,-9,
3,-17,
-25,39,
28,100,
38,110,
8,14,
28,49,
72,40,
43,34,
15,0,
45,108,
65,34,
50,-45,
-77,-2,
30,13,
62,53,
48,-5,
-9,70,
-25,32,
34,-7,
49,10,
4,16,
-7,28,
9,6,
29,-21,
53,4,
-44,-27,
-61,8,
-4,49,
-28,11,
-76,23,
-33,-3,
-14,-28,
-27,-3,
21,-25,
-24,66,
12,92,
35,73,
88,77,
59,-25,
-14,-24,
-17,-43,
-30,-8,
22,-3,
-22,-34,
-34,94,
-21,28,
54,73,
9,43,
45,10,
75,53,
-6,57,
15,51,
-34,-28,
-21,40,
38,51,
106,14,
-7,50,
-13,4,
8,19,
32,39,
71,97,
55,84,
34,33,
-5,-35,
-4,-25,
11,-14,
-4,-48,
17,-52,
29,68,
-21,119,
-80,54,
-63,17,
-36,76,
43,95,
-8,37,
-64,70,
18,-23,
26,-64,
-20,-60,
1,52,
41,15,
107,-59,
24,2,
-10,63,
61,-25,
-37,20,
13,6,
15,27,
-12,11,
-34,-9,
16,22,
-38,85,
26,49,
40,-49,
-47,-41,
-23,-76,
24,-75,
51,-18,
45,-31,
-5,2,
54,1,
-22,27,
51,-36,
52,-21,
70,-41,
23,-48,
-29,0,
-11,14,
36,62,
40,24,
70,9,
47,29,
1,17,
20,0,
2,-76,
-57,-81,
-10,-18,
-9,34,
34,19,
62,37,
13,-2,
-69,-50,
-67,-2,
38,-36,
53,-82,
44,-2,
-13,19,
-39,40,
-10,-31,
5,17,
31,70,
55,14,
40,-40,
-30,27,
62,2,
36,-12,
42,46,
64,-11,
9,52,
0,41,
-12,56,
31,-32,
47,28,
15,42,
76,-24,
42,12,
12,103,
5,55,
34,35,
43,-11,
21,25,
27,-44,
34,-95,
-49,-105,
-22,20,
7,50,
42,107,
41,94,
-21,17,
-3,-11,
-37,12,
-23,8,
8,6,
32,56,
40,110,
72,18,
72,-42,
9,-81,
21,-64,
-27,-13,
30,53,
38,58,
-32,20,
-13,-2,
-33,13,
-24,64,
-5,-28,
58,-49,
33,1,
-13,19,
-49,-32,
-3,-48,
-45,-10,
-24,-18,
-16,38,
4,16,
-9,62,
-56,34,
-21,-82,
64,-6,
66,36,
172,-123,
1029,-695,
3024,-1500,
4755,-1255,
3446,198,
68,1318,
-1760,672,
-1095,-1168,
-77,-2396,
-195,-2374,
-610,-1476,
-333,-463,
109,193,
140,119,
62,-294,
95,-505,
187,-369,
169,-70,
136,261,
205,468,
277,424,
276,185,
175,5,
-39,68,
-62,342,
-47,399,
-52,158,
-90,-52,
-58,-114,
3,16,
101,96,
142,78,
219,-161,
75,-144,
1,19,
-106,154,
-201,196,
-93,152,
11,97,
7,73,
25,112,
-73,128,
-18,16,
-4,-31,
-1,-64,
78,-40,
115,38,
8,19,
-43,19,
-73,50,
-161,113,
-197,183,
-191,132,
22,59,
66,23,
123,-11,
40,55,
-2,4,
-105,-14,
-82,-31,
-78,21,
-98,129,
-84,141,
-137,33,
-93,-109,
-241,-4,
-231,86,
-102,118,
-48,73,
53,-35,
74,49,
34,222,
-44,225,
-58,211,
86,222,
75,247,
-22,340,
-111,229,
-74,125,
79,36,
197,77,
173,26,
89,-65,
58,-113,
28,-43,
71,49,
8,22,
-16,-8,
45,-28,
7,-6,
-58,-38,
-103,5,
-72,89,
-83,74,
-71,61,
-49,-28,
-34,-24,
-3,2,
-45,-22,
-47,35,
-65,23,
-62,-20,
-12,56,
58,33,
-30,-25,
6,-25,
-11,-29,
35,38,
10,46,
-94,16,
-104,10,
3,-49,
96,-41,
97,75,
1,87,
-7,25,
-23,-11,
53,65,
16,57,
-50,5,
-62,-21,
-36,-10,
24,-18,
13,35,
54,78,
26,112,
-121,24,
-67,-58,
-19,-29,
-49,51,
-50,32,
-29,71,
-102,16,
-109,38,
-5,0,
14,11,
-42,-53,
-19,-26,
42,20,
17,-9,
46,-8,
-25,58,
-64,95,
5,28,
44,8,
-24,73,
-54,1,
2,41,
34,79,
21,59,
-77,84,
-59,-13,
29,-27,
76,-26,
-20,76,
40,119,
39,7,
-9,62,
00>
_________________________________
00>
00>
Printing STS1 CIR
00>
00>
_________________________________
00>
-12,54,
-20,34,
45,18,
23,-40,
-39,-24,
-46,-78,
27,-90,
50,-49,
86,-41,
62,-3,
-7,19,
-70,61,
-22,77,
-34,114,
33,84,
51,49,
47,40,
23,-61,
-64,5,
-45,19,
14,-75,
41,-68,
41,-6,
1,12,
56,-20,
41,-40,
-2,-3,
3,-30,
27,-16,
-9,51,
-20,6,
-23,-57,
-43,-49,
-13,20,
1,26,
5,-22,
-22,7,
-1,-5,
-82,-7,
5,1,
13,16,
-27,-32,
-53,-15,
50,-39,
-43,-11,
-17,-22,
12,-39,
87,-45,
10,-39,
-6,78,
-22,23,
-11,-19,
15,-26,
24,13,
126,54,
121,12,
2,-54,
4,-109,
2,-26,
47,6,
24,-23,
18,-5,
79,-19,
95,43,
115,80,
40,-31,
28,-21,
80,-69,
26,3,
-28,38,
-29,12,
-2,19,
41,8,
-30,-34,
-11,-26,
-73,-50,
-34,-16,
46,-15,
79,3,
29,42,
-18,7,
23,-7,
112,87,
9,38,
-1,5,
-25,17,
-4,22,
-24,47,
-58,-55,
28,5,
54,-21,
56,-84,
49,-90,
13,-58,
28,43,
-78,35,
30,-25,
41,-46,
17,-13,
-111,43,
-83,-44,
32,-10,
71,-55,
-18,28,
69,85,
-1,-45,
12,-35,
-4,-25,
-23,13,
51,56,
111,143,
-19,83,
-179,-15,
-9,-22,
46,-8,
-32,40,
-60,9,
51,89,
6,60,
-27,2,
31,0,
116,-44,
113,-73,
-6,-39,
33,-9,
-17,49,
-73,-31,
-104,-46,
-80,-32,
-2,-2,
-19,-69,
89,-17,
73,-37,
25,10,
57,43,
-22,67,
2,41,
-62,13,
25,36,
-52,1,
-34,-29,
45,-36,
-56,21,
-3,45,
4,3,
15,-14,
71,49,
42,41,
-35,19,
14,-49,
3,-17,
45,-18,
46,35,
12,-67,
-13,-43,
-75,69,
36,84,
91,16,
26,59,
-30,77,
-47,74,
-27,9,
48,-49,
12,-44,
25,-64,
-39,-14,
-18,-9,
37,-76,
58,-66,
-61,11,
19,84,
46,32,
26,50,
1,4,
128,30,
62,23,
-11,-22,
-5,-14,
13,62,
13,6,
6,-39,
-41,-41,
31,2,
83,34,
54,-2,
63,-36,
38,-5,
-37,19,
-3,-7,
12,0,
42,-8,
34,-30,
6,85,
-6,49,
-16,51,
-47,25,
-56,68,
37,25,
82,-38,
54,-67,
107,-51,
76,-12,
76,31,
-13,-34,
-6,-41,
-44,-23,
-56,-26,
0,-3,
-10,-6,
83,-41,
35,52,
42,133,
16,31,
11,41,
65,14,
109,-35,
51,-36,
-9,4,
28,-17,
43,-62,
60,-49,
-44,-88,
-26,-130,
43,-70,
30,-47,
35,10,
41,-36,
13,-14,
15,-30,
-9,-41,
-42,-49,
22,-59,
43,37,
100,-7,
33,-22,
64,-24,
79,-4,
14,75,
20,26,
28,-7,
-42,-55,
16,-43,
35,-52,
89,-57,
4,-18,
-104,-30,
-9,38,
18,-28,
21,-98,
65,3,
-1,-6,
53,17,
47,-24,
40,15,
40,6,
30,18,
54,-4,
30,40,
-43,-19,
126,-33,
130,-93,
27,-46,
-17,0,
-5,65,
-45,6,
80,-96,
23,-15,
-24,-35,
-4,-48,
-7,5,
-8,-34,
-16,-26,
-52,82,
33,2,
27,-38,
92,-64,
77,61,
14,26,
-2,40,
3,11,
74,19,
61,49,
54,68,
41,26,
28,30,
79,11,
71,30,
13,44,
58,54,
0,8,
16,57,
49,-47,
42,11,
-64,30,
-31,35,
52,-22,
14,-18,
-24,34,
15,28,
25,20,
63,31,
15,37,
22,68,
120,-27,
31,20,
56,-96,
24,-96,
30,-71,
53,-18,
37,38,
29,-3,
-14,-63,
-19,-105,
11,34,
18,39,
92,6,
62,-24,
45,9,
14,33,
-6,44,
-26,-30,
-15,-29,
-2,28,
60,8,
-50,-31,
-54,-2,
-66,4,
6,55,
6,83,
29,72,
5,66,
-42,-1,
11,-6,
36,17,
0,32,
36,44,
133,-40,
50,17,
42,50,
17,14,
16,-41,
-38,4,
26,-6,
29,68,
-36,48,
105,-21,
98,-28,
83,-41,
76,-116,
55,-19,
-19,32,
-52,28,
49,-14,
65,-45,
94,-242,
705,-1072,
2516,-2378,
4397,-2611,
3901,-826,
887,1457,
-1632,1825,
-2694,875,
-2809,480,
-2918,1006,
-2349,1190,
-989,570,
105,-10,
242,-23,
-145,199,
-403,383,
-201,385,
46,142,
310,155,
360,382,
372,299,
257,32,
61,-121,
-126,-40,
-176,246,
-100,245,
-58,118,
16,-70,
38,-256,
25,-369,
16,-348,
103,-225,
161,-97,
126,-77,
140,-188,
121,-130,
176,-79,
110,17,
66,-34,
-60,-106,
-59,-209,
-76,-278,
1,-272,
22,-149,
82,25,
39,71,
144,-31,
89,-83,
102,16,
94,162,
-68,196,
-188,226,
-235,148,
-143,42,
-11,132,
130,172,
154,100,
206,17,
64,0,
-3,8,
59,84,
46,21,
-43,20,
-34,-16,
-36,-30,
-121,28,
-139,-25,
-99,-63,
26,21,
164,-16,
106,-7,
3,28,
13,112,
61,124,
67,129,
53,191,
26,292,
-51,195,
92,99,
118,51,
148,65,
74,31,
94,-5,
96,-41,
82,14,
-5,55,
9,34,
39,-23,
99,49,
3,88,
-93,33,
-55,-46,
26,-74,
7,31,
58,19,
85,79,
39,141,
20,121,
-50,142,
12,72,
2,26,
-22,-35,
36,10,
68,36,
-27,-14,
18,12,
16,-23,
101,-54,
58,-90,
105,-84,
74,-5,
55,-23,
125,31,
47,26,
5,38,
-8,94,
-77,139,
-37,-21,
9,-38,
70,3,
12,65,
-94,63,
-61,-41,
7,-64,
44,-9,
51,43,
12,79,
83,12,
12,7,
15,-45,
-14,15,
6,45,
33,42,
10,53,
75,85,
49,30,
36,22,
-70,-17,
-110,-50,
-49,-18,
46,-14,
69,0,
50,-15,
20,-27,
-5,-50,
-44,8,
2,-46,
-31,-31,
58,-62,
54,-61,
-33,-46,
-9,-55,
56,-29,
-2,32,
-82,25,
-3,58,
70,56,
99,31,
00>
_________________________________
00>
RX Timestamp: 101505951754
00>
Clock Offset: 137.615 Hz, -0.017 ppm
00>
RX Timestamp: 102577652408
00>
Clock Offset: -1030.254 Hz, 0.129 ppm
00>
_________________________________
Sequence Number: 158
00>
00>
Printing STS0 CIR
00>
00>
_________________________________
00>
-1,46,
-14,29,
-17,15,
-16,-4,
-3,106,
1,46,
1,-2,
60,-18,
76,13,
14,-22,
55,-9,
-3,11,
-11,-18,
-44,-64,
-24,-78,
36,-29,
6,-11,
-12,-8,
-18,-13,
67,-43,
64,-18,
53,29,
39,-34,
75,-2,
59,-27,
49,11,
54,-2,
55,-25,
69,33,
0,54,
-34,-5,
8,-1,
42,-29,
-19,-42,
47,-13,
-12,-12,
35,-20,
72,-18,
71,67,
58,21,
6,-4,
11,7,
7,-8,
20,8,
3,38,
43,20,
0,-3,
31,-7,
16,2,
-19,-63,
15,-26,
71,43,
53,62,
-6,50,
15,32,
-44,24,
58,-36,
30,-30,
-7,-28,
39,23,
67,66,
27,100,
6,6,
35,-12,
18,-42,
-45,25,
-18,-12,
-4,64,
13,32,
34,-5,
41,-58,
23,-18,
19,-2,
78,53,
47,61,
38,-5,
-16,23,
4,32,
43,-32,
41,-14,
-3,-17,
-55,-11,
26,9,
89,40,
-1,10,
1,-61,
17,-24,
83,14,
56,49,
18,81,
41,15,
57,-8,
17,37,
0,70,
-1,88,
64,-3,
27,-16,
-14,8,
79,5,
27,43,
-6,90,
-3,-20,
56,-15,
115,18,
22,-9,
32,30,
66,55,
65,51,
59,59,
-3,-10,
-36,-2,
40,-1,
84,-36,
29,-36,
18,-37,
-17,-12,
107,60,
53,50,
1,28,
7,19,
63,-43,
5,-36,
7,26,
39,49,
25,28,
-23,-5,
-28,8,
15,52,
-20,-6,
-54,-28,
-34,-6,
60,-14,
39,59,
50,-16,
4,41,
-5,39,
68,-8,
47,-8,
1,-8,
20,45,
0,-1,
-15,-22,
1,-26,
38,42,
39,-20,
15,-6,
36,-16,
16,-23,
61,-34,
45,22,
30,-35,
-15,-13,
-27,-41,
19,17,
18,-14,
39,5,
27,55,
-43,48,
19,68,
-21,21,
-2,-37,
-69,-66,
-26,-49,
79,-14,
2,59,
-40,121,
-25,51,
28,-4,
42,25,
40,64,
59,6,
6,17,
-33,5,
-46,58,
-21,109,
29,83,
-15,-1,
28,26,
2,10,
60,73,
42,87,
63,-10,
45,11,
55,45,
-1,-25,
-14,-38,
77,-4,
33,10,
32,7,
25,35,
11,35,
7,7,
106,-14,
50,-12,
-5,-35,
-29,-34,
-48,-17,
100,4,
117,18,
73,42,
36,13,
-13,-11,
-26,27,
6,-6,
97,31,
56,34,
-15,-1,
27,84,
-39,-48,
61,1,
26,-3,
24,43,
56,30,
44,0,
-3,43,
40,17,
51,39,
6,-25,
15,-38,
-18,5,
-9,12,
-46,70,
10,76,
-35,-41,
-23,2,
-81,23,
-47,33,
-36,-16,
17,-5,
57,24,
50,36,
28,35,
25,11,
65,29,
60,73,
-30,2,
38,44,
62,5,
20,21,
33,41,
11,-20,
24,26,
9,-18,
44,44,
42,12,
35,-9,
78,-27,
100,-6,
10,-41,
-32,9,
-2,2,
3,62,
-12,24,
-48,47,
-18,34,
36,-41,
52,69,
41,15,
-3,117,
15,21,
-11,-45,
69,6,
39,103,
27,96,
-106,34,
-37,42,
29,47,
29,-12,
16,37,
8,70,
25,-6,
4,-19,
95,95,
60,77,
23,91,
-85,57,
-112,-45,
-11,29,
-49,-4,
-10,62,
-19,25,
29,49,
18,71,
62,56,
58,53,
-22,3,
38,-30,
50,7,
40,2,
70,35,
6,59,
-6,58,
24,-29,
40,19,
10,111,
10,66,
-30,119,
76,55,
54,46,
44,-54,
5,33,
6,12,
-28,52,
-43,-20,
47,36,
108,50,
17,56,
33,93,
30,34,
-22,17,
-76,34,
-24,49,
-33,35,
76,67,
25,55,
55,82,
36,23,
-5,24,
-15,-20,
37,25,
80,37,
90,67,
34,11,
-70,21,
-14,-63,
9,-26,
32,1,
-26,-22,
-20,10,
-43,18,
9,-23,
0,0,
5,40,
-14,96,
-45,4,
-7,-8,
21,25,
-19,3,
-30,50,
-36,29,
17,75,
33,104,
20,64,
-8,9,
-13,-1,
1,64,
-13,-21,
-33,41,
-43,84,
-24,61,
-75,292,
-858,2113,
-4329,6797,
-6462,7044,
-6985,5702,
-1944,-1048,
2654,-5275,
1699,-3507,
-1426,-1280,
-3626,-1344,
-2663,-1386,
-985,-524,
-205,54,
149,-70,
595,-584,
1114,-813,
1214,-472,
733,-412,
5,-396,
-427,-420,
-639,-1175,
-1022,-1127,
-918,-109,
-363,373,
163,100,
432,-34,
493,60,
324,176,
269,155,
194,145,
242,17,
354,-114,
332,-141,
183,89,
128,270,
182,236,
138,475,
-189,621,
-287,481,
-126,362,
120,228,
306,341,
151,311,
5,153,
-30,12,
114,31,
214,17,
203,5,
155,-31,
93,-100,
95,-3,
-1,17,
27,3,
-83,8,
-223,-31,
-247,-255,
-196,-429,
16,-347,
167,-77,
160,172,
115,177,
83,166,
30,55,
-163,-109,
-245,-284,
-44,-455,
238,-155,
192,46,
180,166,
204,116,
119,73,
156,-40,
241,-105,
74,-137,
-98,-313,
-79,-467,
168,-591,
325,-524,
243,-331,
81,-176,
-50,-215,
-103,-233,
-67,-19,
65,32,
58,28,
58,17,
97,-40,
140,53,
91,55,
47,80,
12,49,
112,46,
141,-9,
48,-26,
72,-65,
42,-62,
131,-87,
181,25,
224,99,
53,15,
9,22,
43,-123,
67,-96,
110,-59,
145,-25,
57,-20,
27,-21,
26,14,
-11,-5,
64,20,
23,21,
-53,-13,
-97,-81,
-22,-179,
25,-122,
46,-68,
45,-50,
167,-47,
107,-20,
51,-1,
94,55,
150,100,
70,64,
52,51,
39,-52,
62,-52,
83,-83,
103,16,
24,5,
44,-53,
54,-39,
16,-19,
33,-49,
29,68,
25,31,
-22,0,
30,35,
133,50,
89,29,
63,-2,
59,-12,
26,-4,
4,3,
4,-1,
2,-14,
104,-2,
71,-13,
17,-17,
36,-83,
144,-120,
66,-1,
61,28,
125,36,
93,66,
81,4,
48,-22,
25,2,
52,42,
58,5,
36,2,
78,51,
79,30,
00>
_________________________________
00>
00>
Printing STS1 CIR
00>
00>
_________________________________
00>
28,15,
38,-1,
-18,-16,
25,-72,
-18,-77,
10,-40,
41,-82,
46,-53,
54,-4,
2,18,
-29,29,
-30,14,
10,-3,
-73,-6,
4,15,
-29,-18,
12,-22,
-6,48,
-49,-78,
12,-26,
21,22,
43,10,
-8,22,
-13,-40,
-108,-19,
-13,-24,
-29,1,
-29,29,
-11,0,
19,24,
5,24,
1,-6,
107,14,
56,57,
85,101,
-6,31,
-30,-6,
-20,-40,
39,-28,
82,56,
18,47,
-2,-26,
-34,-32,
-14,1,
-13,15,
37,-42,
15,-35,
52,-20,
0,32,
69,55,
22,64,
-63,-35,
-84,-20,
0,-11,
-25,-15,
96,12,
78,34,
14,40,
11,-67,
27,-26,
-16,-36,
-20,-4,
-21,48,
-51,60,
-76,-30,
-20,-33,
-14,-41,
-86,34,
-62,25,
-8,24,
-3,-36,
-17,23,
65,45,
36,-31,
20,-17,
-44,-1,
-13,26,
-31,6,
6,7,
27,-11,
46,18,
26,35,
18,25,
8,9,
-7,-88,
0,-73,
-37,35,
41,112,
37,56,
41,59,
-23,21,
-22,21,
-24,41,
29,39,
47,27,
9,-8,
-12,2,
-19,-27,
-29,-81,
-64,24,
-52,55,
-25,9,
8,-40,
-11,7,
-18,6,
-14,15,
-14,40,
-18,48,
16,3,
20,-12,
44,3,
66,-19,
11,37,
8,3,
14,26,
35,83,
34,90,
27,50,
-21,8,
-34,-55,
-44,-35,
-40,-35,
-23,-14,
39,-37,
77,34,
85,-34,
109,-26,
68,-50,
12,-8,
-18,0,
-41,19,
-46,23,
-46,-26,
-21,66,
-20,24,
8,1,
-13,-49,
22,-64,
-5,-30,
8,-20,
6,39,
15,23,
-14,-15,
-7,2,
-11,-29,
-35,-45,
-9,-19,
-12,-59,
49,-18,
10,-12,
23,-18,
54,29,
16,-55,
6,-8,
56,20,
47,33,
79,-19,
82,41,
7,4,
-63,-19,
-45,-30,
9,-16,
18,-57,
27,-13,
34,-33,
26,40,
34,6,
43,37,
41,-16,
52,0,
18,8,
-22,-37,
-47,-4,
6,13,
29,4,
22,-28,
-40,-8,
6,18,
15,42,
36,38,
8,56,
23,-84,
35,3,
-1,2,
2,-65,
-24,-45,
5,-4,
22,10,
-9,-44,
6,-30,
60,18,
73,33,
36,54,
30,8,
16,-23,
-7,-14,
3,21,
-26,-7,
-17,-8,
-1,28,
67,41,
20,-10,
-34,2,
3,27,
3,38,
25,65,
14,49,
-41,10,
21,-3,
1,-13,
4,-25,
90,66,
-69,69,
-23,58,
1,-5,
41,-30,
102,-38,
58,-33,
46,9,
-39,11,
-63,-31,
-30,20,
-11,18,
1,9,
1,-47,
15,4,
-34,-34,
-46,-11,
-33,48,
-51,-14,
4,-52,
-22,-78,
26,15,
29,55,
40,27,
52,-17,
9,59,
-1,-48,
36,-29,
53,19,
100,34,
17,-6,
37,62,
124,6,
-14,10,
14,-101,
94,-25,
129,-68,
83,-49,
26,10,
59,7,
-17,23,
10,-35,
50,6,
39,-26,
30,-51,
15,14,
11,78,
51,131,
-28,27,
-45,-63,
29,-2,
140,19,
113,10,
94,-65,
8,-58,
34,-37,
10,3,
0,-27,
5,5,
26,-2,
37,5,
110,28,
45,32,
30,91,
-39,47,
-51,10,
34,-18,
-15,-3,
90,-3,
56,-29,
28,-3,
24,17,
-11,29,
17,15,
-4,30,
8,1,
41,30,
63,44,
82,68,
26,50,
26,-29,
17,-47,
-67,-99,
83,-63,
121,79,
79,1,
26,-62,
-29,-75,
23,-50,
-47,46,
-3,-5,
13,-13,
69,15,
48,-7,
2,-13,
-7,-5,
0,8,
-19,-52,
5,-11,
15,93,
-13,52,
15,-60,
24,-59,
-3,-43,
-15,-15,
21,34,
34,35,
57,33,
-6,-11,
-8,-2,
6,-42,
-3,-36,
18,10,
50,39,
63,-9,
65,-40,
-45,-31,
6,22,
-3,0,
42,-8,
20,-16,
-7,-20,
-30,-33,
14,-20,
23,-14,
-30,22,
13,4,
13,19,
-29,-8,
-28,22,
66,65,
30,39,
-31,-18,
-17,-49,
9,-54,
16,50,
20,35,
-32,58,
-14,85,
-17,250,
-564,1930,
-3932,6456,
-5755,6462,
-7090,3891,
-2422,-1635,
2751,-2818,
1509,1054,
-1925,4666,
-3532,5109,
-1796,3231,
-99,1245,
294,403,
126,188,
-190,382,
-522,558,
-550,531,
-414,221,
-147,-476,
-306,-553,
-437,-1196,
-31,-1268,
73,-562,
-56,-86,
213,-462,
316,-649,
432,-548,
161,-145,
28,-139,
60,-314,
111,-432,
291,-323,
301,-107,
95,37,
-117,-133,
-86,-176,
59,-70,
362,198,
-45,284,
-174,-132,
-19,-531,
270,-308,
283,117,
-46,270,
-201,51,
-231,-140,
-175,-126,
-52,17,
77,154,
151,224,
193,103,
108,102,
130,108,
176,27,
-53,-105,
-190,-247,
41,-310,
122,-165,
167,-4,
107,23,
185,9,
213,-97,
212,-139,
154,-90,
180,-130,
320,-170,
424,25,
161,154,
109,112,
10,41,
-174,-15,
-35,-79,
109,-28,
174,-53,
171,-157,
237,-376,
283,-415,
270,-459,
211,-425,
308,-345,
352,-255,
365,-281,
135,-154,
-23,-31,
5,11,
38,72,
75,-70,
4,-104,
-15,-256,
16,-143,
-40,-44,
46,19,
97,8,
88,19,
89,33,
43,76,
57,47,
94,-29,
122,-86,
15,20,
88,81,
43,-72,
88,-214,
12,-128,
127,-68,
54,-91,
48,-139,
-24,-146,
-22,-99,
1,-122,
41,-60,
144,-37,
77,-66,
88,-127,
-36,-101,
-20,-71,
-30,-127,
107,-137,
257,-74,
89,-29,
127,-114,
93,-122,
154,-83,
87,-38,
89,-79,
34,-20,
42,-61,
23,-98,
36,-79,
32,-55,
-25,-44,
-6,-7,
13,-44,
70,-69,
-5,-47,
45,51,
47,25,
77,-35,
76,-18,
97,-39,
53,6,
83,26,
56,0,
38,10,
111,13,
150,-35,
135,-14,
-18,-73,
-62,-86,
10,-139,
123,-146,
91,-41,
65,-67,
139,-43,
107,-74,
59,-102,
54,-145,
40,19,
35,34,
67,15,
87,-51,
92,-129,
00>
_________________________________
00>
_________________________________
Sequence Number: 161
00>
00>
Printing STS0 CIR
00>
00>
_________________________________
00>
28,21,
19,-6,
8,14,
-21,10,
-62,54,
17,44,
28,43,
-4,-25,
-36,18,
-52,43,
10,80,
58,40,
-18,7,
2,1,
-22,-34,
-22,-70,
7,-33,
-5,-23,
19,88,
0,58,
-115,63,
-142,41,
18,-34,
74,11,
23,63,
27,101,
33,-30,
36,3,
36,-2,
47,8,
36,1,
19,-57,
-16,-20,
14,-48,
-13,-10,
37,-80,
46,-54,
39,-107,
63,26,
23,56,
-20,-29,
-68,-29,
-21,5,
7,-13,
-3,-32,
-10,23,
1,-79,
-12,-49,
-9,21,
-10,8,
84,-3,
74,-93,
48,-90,
-5,-22,
-64,33,
0,41,
60,54,
27,3,
67,-28,
-1,-4,
5,21,
-11,22,
-38,-36,
-8,-64,
-7,-20,
22,37,
16,3,
-33,59,
-35,13,
-2,38,
-3,-1,
95,2,
85,20,
35,25,
-26,-11,
-38,10,
-1,7,
64,3,
-7,-4,
-69,67,
-12,1,
32,64,
32,-26,
37,-7,
-29,40,
-11,49,
12,23,
-34,27,
-73,-52,
-5,-15,
-34,42,
-12,-17,
39,-54,
4,-47,
12,3,
20,-34,
23,38,
19,-15,
7,20,
-28,37,
-47,75,
-29,-6,
75,-42,
34,-20,
-8,8,
-6,19,
-11,-17,
-13,-4,
-46,4,
-12,9,
-41,29,
-1,3,
-31,-39,
-53,-39,
-48,-24,
71,-91,
55,-63,
31,40,
-72,75,
-28,0,
-10,-85,
-79,-97,
-15,-12,
51,10,
61,18,
16,-18,
-28,-2,
20,5,
-5,46,
33,21,
-7,30,
-20,-52,
-13,12,
-22,55,
-30,-1,
-20,-13,
-64,-10,
-24,-56,
-73,61,
-7,49,
-45,-52,
-76,-5,
-40,-20,
-69,9,
4,80,
-14,8,
-19,-21,
-2,14,
7,6,
7,-53,
23,-27,
15,11,
16,4,
9,-33,
-28,-27,
-6,19,
-6,-24,
22,0,
13,-45,
51,-31,
3,-37,
31,19,
37,75,
36,54,
4,29,
-17,77,
-43,45,
-29,46,
34,-4,
66,-53,
16,26,
-15,-3,
-48,43,
-24,15,
8,32,
-12,-21,
-1,2,
58,-29,
21,-25,
17,-36,
-45,-4,
-30,-21,
10,6,
-70,-11,
7,-57,
70,-52,
24,-61,
-44,25,
-43,-23,
20,10,
49,-28,
-26,-6,
-59,3,
-50,32,
11,69,
-34,23,
-48,14,
-38,63,
43,44,
96,71,
-5,40,
-1,-10,
39,10,
5,4,
-30,81,
-37,7,
-25,-1,
60,21,
46,5,
46,7,
-50,-60,
-39,-85,
33,-77,
-23,-41,
24,-10,
0,16,
-49,-5,
-46,11,
28,-9,
44,33,
71,73,
42,-3,
-7,-17,
-72,34,
-3,39,
52,9,
50,-71,
-10,-93,
12,-53,
-11,-52,
-37,-47,
15,-63,
-16,33,
-51,-2,
-39,-88,
-18,-12,
-46,25,
-112,-34,
-62,-42,
-2,-64,
24,56,
34,52,
-17,18,
41,-77,
19,22,
31,-3,
-5,1,
10,11,
-76,22,
-38,74,
-18,14,
-1,43,
22,-26,
2,7,
-40,-10,
23,25,
21,-32,
10,-46,
8,-59,
-22,-88,
32,-115,
15,-70,
27,-14,
-16,18,
49,-1,
-25,-16,
-36,40,
19,43,
-30,96,
-58,34,
7,25,
5,-9,
-25,43,
-70,17,
-21,-46,
16,-91,
0,-19,
-15,-54,
27,12,
-11,69,
-26,-1,
-23,-9,
3,17,
32,28,
64,-28,
8,26,
-59,7,
-42,-18,
-26,5,
20,-82,
33,0,
-49,9,
-91,37,
16,-25,
12,-25,
-35,9,
-31,-9,
45,32,
-28,-96,
23,-99,
32,16,
33,47,
-10,53,
10,73,
-36,17,
2,27,
-36,40,
-48,-35,
-68,-49,
-2,-20,
40,-5,
61,55,
-30,-58,
-51,-46,
36,-14,
63,-51,
70,-76,
4,-5,
54,-5,
-18,-77,
-46,-40,
-74,-75,
-16,-59,
10,-49,
33,-60,
40,-83,
-11,2,
-14,33,
-37,-28,
34,-103,
-23,-62,
16,42,
-34,34,
-33,-24,
-22,-80,
-12,-31,
7,12,
-20,-32,
-16,-38,
9,37,
29,-10,
0,6,
29,8,
7,22,
-45,66,
-19,46,
49,18,
81,-21,
18,4,
-19,20,
-31,21,
-40,36,
-106,59,
-752,80,
-3451,-113,
-6688,-1257,
-5956,-2741,
-967,-2420,
2329,-645,
1372,1418,
-1298,2865,
-2085,3330,
-1010,2831,
-95,1359,
80,84,
-3,-324,
-150,121,
-407,494,
-471,396,
-179,27,
199,-429,
228,-812,
191,-905,
-116,-619,
-239,-69,
-57,41,
298,-243,
578,-512,
363,-264,
69,169,
-69,293,
-113,136,
-117,-16,
-212,-28,
-225,-4,
-212,41,
-66,38,
159,-13,
337,-80,
242,-39,
135,-92,
100,-14,
95,-35,
101,-99,
79,-85,
19,7,
-72,144,
-118,77,
-91,-38,
-109,-11,
14,63,
164,-21,
225,33,
238,55,
281,-16,
117,23,
21,-2,
-105,31,
-129,-51,
-1,-103,
95,-8,
86,85,
14,86,
46,18,
162,-46,
244,9,
191,66,
239,100,
311,41,
273,-22,
147,-139,
75,-57,
35,-7,
120,-154,
214,-303,
142,-324,
44,-328,
60,-299,
160,-279,
243,-182,
125,-33,
-26,-26,
-55,-56,
-17,-51,
-30,-33,
-9,-34,
-17,-14,
1,3,
-37,20,
-18,-21,
-50,-148,
36,-103,
33,-76,
67,2,
127,-10,
90,12,
100,62,
47,90,
-32,42,
33,55,
49,23,
50,27,
65,-28,
116,-88,
13,-78,
28,-49,
115,48,
87,41,
84,12,
41,-14,
38,4,
36,47,
21,130,
36,56,
28,5,
16,-69,
-27,-44,
-25,-105,
17,-68,
101,30,
21,57,
65,47,
102,2,
111,-39,
69,-23,
76,-31,
18,-6,
21,72,
90,72,
61,-7,
51,20,
90,13,
40,14,
94,8,
50,-65,
5,-27,
-21,37,
-20,129,
45,51,
44,-17,
19,-55,
-15,-24,
6,-17,
4,-9,
49,11,
56,7,
60,18,
54,-11,
102,59,
66,44,
6,32,
32,-90,
21,30,
34,0,
13,27,
47,36,
52,42,
79,-5,
49,-13,
56,-27,
1,-39,
85,-18,
00>
_________________________________
00>
00>
Printing STS1 CIR
00>
00>
_________________________________
00>
-19,3,
7,8,
-12,100,
37,34,
22,18,
38,-40,
-10,-45,
-6,29,
-4,-34,
-12,-22,
-19,-92,
21,-69,
-4,-36,
-16,-3,
2,-4,
-27,-10,
-16,32,
-47,20,
-20,-14,
-27,-72,
-18,-20,
27,-52,
47,-1,
-31,40,
32,41,
-23,25,
11,13,
5,-15,
1,-81,
-3,-63,
43,42,
-18,45,
-1,-65,
-1,-6,
-17,-18,
14,35,
-27,9,
-10,-38,
18,-35,
56,1,
64,-10,
-24,42,
-33,62,
-9,-9,
6,-70,
-39,9,
19,13,
-3,-35,
16,-68,
52,-35,
11,-70,
28,31,
-27,-16,
-38,21,
-21,-8,
-17,-10,
46,33,
81,18,
42,4,
48,-3,
17,-3,
-13,20,
-4,3,
-20,-3,
-52,-26,
-18,-31,
-51,-23,
-12,-28,
46,-22,
4,13,
-141,77,
-48,41,
-10,-11,
37,-13,
43,-3,
39,-31,
39,-68,
-48,31,
-14,18,
-3,-1,
-65,-47,
-40,-4,
69,9,
10,-41,
71,-77,
42,-40,
-15,-33,
-79,-5,
-7,-68,
33,-33,
-1,-13,
-65,-32,
-6,-12,
-53,-11,
37,40,
0,-20,
-16,10,
-10,-6,
-24,6,
-42,1,
-44,64,
39,23,
8,64,
-26,23,
-52,-11,
20,17,
27,0,
81,69,
9,9,
-16,22,
-15,-39,
46,57,
6,61,
-32,20,
-45,-6,
4,-22,
27,-65,
40,46,
21,111,
-57,-22,
-58,15,
30,6,
-42,-19,
-80,29,
-15,7,
41,36,
65,-28,
39,9,
-33,6,
-35,13,
2,33,
-5,36,
-27,16,
-5,75,
32,22,
30,48,
18,-29,
21,-15,
-63,-2,
-28,47,
-11,14,
-18,28,
-14,28,
0,3,
-41,3,
-88,89,
-11,-12,
20,14,
1,-97,
36,-25,
-31,-11,
0,26,
-17,-8,
-63,62,
-22,82,
-60,48,
-53,15,
-2,-31,
36,-9,
19,-70,
39,34,
1,46,
44,6,
5,-5,
22,21,
-49,-51,
-3,-68,
11,-26,
66,-41,
56,-26,
14,-46,
-7,-70,
43,-44,
31,-89,
12,-38,
3,-16,
-5,55,
11,30,
12,-15,
7,43,
5,16,
17,15,
29,-19,
51,-18,
72,-14,
18,23,
-1,57,
-20,-15,
12,-8,
35,70,
4,53,
-5,27,
27,-16,
-25,-61,
13,-30,
42,19,
54,9,
-2,25,
62,-42,
45,-108,
61,-24,
54,-17,
18,28,
-62,-9,
-23,10,
7,-24,
13,-3,
14,27,
-1,81,
24,43,
7,55,
10,-3,
7,-40,
50,-14,
27,-18,
33,-18,
2,-49,
-57,0,
-46,-6,
49,-16,
71,-20,
41,24,
67,34,
-9,42,
-6,-7,
29,-12,
62,-16,
39,-32,
20,37,
-82,23,
-22,-7,
4,-115,
77,-50,
89,-38,
46,-35,
1,-52,
5,-33,
17,18,
83,-34,
52,-23,
11,-68,
-72,-14,
-37,5,
-41,74,
-31,26,
80,32,
27,38,
-32,6,
52,-11,
-6,-15,
6,39,
42,1,
11,-63,
24,4,
0,50,
19,71,
-6,30,
24,26,
43,-31,
34,-34,
-36,-1,
27,-69,
20,39,
49,10,
45,-58,
7,34,
21,16,
16,0,
44,38,
-3,4,
54,89,
26,-6,
-4,-3,
-6,5,
-11,6,
-11,6,
3,57,
-7,-9,
-23,17,
21,27,
-43,-8,
-69,62,
-29,37,
-15,-38,
25,-4,
20,18,
31,-30,
24,-47,
1,-11,
-11,-18,
41,9,
-39,-45,
-40,-3,
-30,-17,
46,-14,
-33,-88,
-4,-38,
56,94,
82,99,
21,21,
-1,-59,
65,12,
1,26,
19,49,
53,42,
12,47,
35,4,
-3,49,
37,40,
6,-22,
5,-96,
0,-22,
-16,-2,
46,51,
37,29,
18,-12,
-9,-8,
-72,-34,
11,-28,
-73,27,
-48,37,
-16,27,
-44,-20,
-25,-66,
9,-66,
22,-27,
-7,65,
1,40,
-20,59,
-16,101,
-75,138,
-37,72,
19,62,
8,42,
-4,-19,
-17,7,
77,45,
4,25,
-42,72,
-17,48,
-39,24,
-72,61,
27,65,
91,26,
70,-16,
-26,-9,
-23,45,
-31,2,
-3,-54,
18,-49,
27,-35,
12,-8,
-64,11,
-710,306,
-3288,886,
-6900,356,
-6934,-1397,
-2194,-2501,
2412,-1656,
4195,312,
3919,1580,
4339,1338,
4602,582,
2751,151,
548,58,
-344,36,
57,8,
648,-166,
805,-217,
410,-189,
-134,-125,
-137,-421,
-70,-705,
-112,-539,
-153,29,
19,250,
302,68,
472,-179,
289,-221,
51,20,
-105,278,
-262,439,
-249,356,
-267,209,
-199,22,
-246,-44,
-399,73,
-139,33,
-123,-63,
-43,-92,
-82,18,
-63,206,
-151,487,
-219,525,
-281,380,
-205,182,
-17,13,
-28,-53,
-25,-33,
38,21,
5,-19,
72,-104,
160,-166,
212,-83,
193,15,
281,19,
243,38,
110,-132,
-51,-204,
-110,-199,
-103,-56,
-93,25,
-52,96,
-58,59,
-25,50,
-39,44,
-6,73,
116,96,
163,151,
117,198,
4,68,
-169,82,
-240,21,
-177,-105,
45,-126,
97,-164,
91,-295,
129,-401,
120,-335,
153,-194,
22,-71,
-52,-76,
-13,-170,
3,-235,
-66,-97,
-154,40,
-121,143,
-13,58,
27,-31,
107,-180,
76,-183,
-16,-87,
13,15,
61,68,
57,60,
16,73,
-46,1,
-57,-43,
27,-63,
45,-100,
14,-108,
27,-55,
40,14,
-8,83,
29,46,
34,119,
27,146,
26,199,
-5,138,
-58,68,
-98,1,
-38,7,
-26,25,
-18,36,
-9,27,
13,37,
31,-44,
52,-2,
17,110,
34,142,
7,66,
70,16,
78,13,
102,48,
49,30,
-20,34,
0,-37,
-39,-19,
-16,-9,
-37,29,
6,56,
0,40,
-32,-56,
-30,2,
-26,63,
-49,14,
-110,-30,
-12,-61,
25,-15,
40,67,
-56,87,
-69,37,
22,-8,
52,-23,
30,2,
-5,38,
-7,-43,
26,16,
160,116,
-5,117,
-56,9,
-59,-30,
-4,-30,
3,-93,
-66,-118,
37,-22,
98,-6,
24,5,
11,62,
15,-33,
-14,38,
1,-1,
00>
_________________________________
00>
RX Timestamp: 241540334613
00>
Clock Offset: -1078.606 Hz, 0.135 ppm
00>
RX Timestamp: 242611867315
00>
Clock Offset: -293.827 Hz, 0.037 ppm
00>
_________________________________
Sequence Number: 38
00>
00>
Printing STS0 CIR
00>
00>
_________________________________
00>
42,26,
84,15,
66,31,
62,8,
42,-5,
67,23,
-20,-38,
-46,-60,
26,-30,
20,8,
16,56,
9,59,
7,40,
89,-54,
42,-24,
31,-17,
41,53,
-7,-20,
23,45,
21,70,
-7,6,
29,-28,
20,-18,
27,89,
-23,95,
-2,-17,
69,-61,
127,-14,
130,-16,
1,1,
-76,35,
-9,32,
108,8,
46,5,
-12,80,
-69,21,
-13,-38,
64,-56,
63,-12,
6,-11,
39,12,
51,-31,
-17,-68,
23,-19,
46,5,
-7,-85,
-17,3,
17,74,
0,83,
-58,-1,
-6,-45,
-3,-49,
76,79,
-7,81,
-45,28,
-26,-36,
19,29,
29,80,
-1,1,
-10,-50,
13,-42,
0,-53,
70,62,
18,71,
-32,-12,
10,-103,
2,2,
99,10,
93,-19,
101,-20,
60,-32,
47,22,
11,58,
-8,20,
-16,62,
-2,8,
0,-67,
-81,-88,
-44,29,
22,103,
90,-13,
1,-50,
15,-133,
-46,-114,
-69,-64,
-17,51,
-7,49,
26,-3,
17,-26,
-7,1,
-17,37,
34,-7,
0,81,
-23,21,
39,-16,
71,61,
6,56,
-48,-20,
-16,-73,
66,-111,
39,-73,
45,-24,
-45,-5,
-42,27,
34,34,
4,-65,
32,-59,
-9,-35,
-21,-41,
-10,-35,
10,-15,
-24,41,
-28,3,
42,9,
101,10,
57,-13,
29,-68,
-4,-14,
-61,7,
-26,5,
-10,-28,
-5,-9,
-26,-49,
8,-19,
63,11,
117,-26,
49,61,
87,-33,
30,-54,
-18,35,
4,8,
22,-66,
49,-19,
3,-28,
76,15,
60,49,
7,60,
41,1,
55,-31,
76,-72,
31,-33,
-9,-88,
-40,-1,
-18,-28,
-21,2,
44,73,
-16,77,
-23,15,
-17,25,
9,24,
32,24,
-22,30,
-46,2,
-38,1,
-97,-51,
-38,-62,
14,-95,
12,-60,
28,82,
-1,104,
41,72,
18,36,
-8,-23,
0,34,
-1,38,
-38,33,
65,99,
-5,45,
-7,60,
1,125,
21,151,
1,-12,
-14,-9,
-36,-68,
10,68,
-9,72,
-12,3,
-6,30,
-10,55,
4,-53,
56,-33,
79,-23,
26,-83,
22,-86,
22,-50,
18,67,
31,42,
-41,29,
-4,-48,
17,-40,
-10,-30,
-14,21,
-74,42,
-16,18,
-31,83,
-60,20,
40,37,
67,-35,
54,-3,
-31,-28,
-21,44,
-23,3,
11,-53,
-4,-1,
38,-56,
43,-9,
-61,22,
-69,94,
29,27,
41,38,
3,38,
-20,94,
-11,56,
-7,-29,
-30,-58,
-64,34,
-33,49,
34,121,
13,51,
94,-74,
11,-87,
-62,-65,
-42,-2,
-18,46,
-14,3,
-23,-6,
36,42,
62,51,
34,-6,
-8,-66,
12,-127,
-3,-52,
51,16,
-19,44,
-99,10,
-2,63,
22,18,
16,-32,
21,50,
-6,30,
-14,-34,
-43,26,
46,27,
8,25,
-10,-32,
6,-32,
-20,2,
-15,-7,
-6,-30,
31,-39,
67,-41,
41,-8,
18,26,
-40,-5,
-10,55,
44,57,
19,23,
5,20,
21,121,
8,49,
-25,-37,
-67,25,
41,28,
67,84,
28,61,
21,19,
28,12,
-5,83,
-54,-25,
-76,-41,
0,-74,
-6,11,
33,4,
-12,33,
-15,18,
5,8,
-22,-64,
3,-32,
-82,23,
-117,130,
-36,73,
-46,-25,
-3,-47,
-12,4,
-42,-10,
-61,35,
-56,91,
-37,38,
-38,-67,
-17,-111,
-25,-4,
14,33,
6,-14,
-9,-29,
-21,-48,
60,-55,
71,-71,
63,20,
5,27,
-40,-18,
0,-48,
86,-20,
-50,-29,
-60,72,
25,82,
76,42,
17,-58,
-43,-17,
-24,-24,
-59,71,
53,42,
-44,23,
-44,-36,
37,-74,
51,-85,
18,-11,
43,34,
64,87,
-76,39,
-21,-43,
45,-45,
33,-35,
29,66,
-77,106,
-36,14,
20,-62,
31,-89,
-4,-13,
-36,4,
9,73,
48,63,
55,-39,
13,-87,
65,-86,
-18,21,
82,49,
63,69,
13,-71,
41,-72,
19,37,
-22,89,
-4,-24,
6,-29,
-3,-8,
-12,-35,
-48,76,
-46,98,
-16,90,
38,12,
65,-89,
9,1,
-46,77,
0,78,
34,-63,
70,-35,
35,-61,
-33,-32,
-38,-9,
66,-15,
1051,232,
3211,1106,
4824,2413,
3395,2602,
-268,994,
-2252,-597,
-1574,-429,
-494,858,
-339,1607,
-369,1319,
-90,621,
79,128,
-51,-131,
-367,-333,
-478,-537,
-480,-644,
-246,-279,
-366,30,
-697,264,
-776,365,
-467,498,
34,450,
193,172,
52,2,
-172,-116,
-44,-212,
48,-232,
81,-88,
-7,-74,
-62,-64,
-104,-169,
-79,-111,
-36,-48,
97,8,
248,-58,
312,-61,
264,-75,
274,-60,
134,-9,
103,-2,
112,-90,
146,-33,
73,-36,
19,-49,
-61,-87,
-43,-244,
-2,-181,
-77,-138,
-25,-15,
-64,12,
-58,121,
-114,75,
-97,-14,
-18,78,
-60,165,
-195,107,
-128,31,
-29,-98,
68,-135,
33,-177,
68,-155,
121,-54,
-31,82,
-139,124,
-96,59,
-65,-95,
17,-71,
8,-56,
1,-48,
83,-27,
-18,-52,
-66,-81,
-161,16,
-191,42,
-316,15,
-352,4,
-334,-102,
-170,-26,
-82,-4,
-110,0,
-20,74,
-41,25,
-77,72,
-42,97,
25,10,
-58,-90,
37,-129,
22,-41,
5,-41,
42,-6,
49,2,
59,-40,
7,-11,
-97,11,
-147,13,
-89,36,
-4,49,
25,-3,
34,-12,
39,-8,
-9,65,
-110,-31,
-59,-64,
3,-53,
22,-26,
86,1,
108,-3,
96,-13,
5,-50,
-15,-42,
-27,0,
-29,74,
-65,52,
-86,11,
-157,-53,
-118,-65,
-71,-59,
-13,-1,
38,-66,
29,-17,
10,-24,
59,-6,
56,-3,
32,-43,
6,8,
-45,-23,
-3,24,
-2,-30,
93,-6,
67,-24,
64,-87,
41,-49,
13,43,
31,64,
37,49,
-43,-55,
-25,-84,
18,-99,
56,9,
62,72,
-47,35,
32,-2,
86,-63,
104,-51,
36,-12,
-19,90,
-58,-12,
-45,-26,
-24,-1,
47,-3,
2,1,
-10,-14,
101,-67,
00>
_________________________________
00>
00>
Printing STS1 CIR
00>
00>
_________________________________
00>
20,18,
7,1,
-37,-31,
-20,-29,
-19,37,
86,46,
25,45,
3,36,
22,48,
8,-2,
6,51,
8,10,
50,-31,
0,8,
17,-4,
64,-36,
48,-35,
39,53,
71,79,
99,11,
48,-56,
14,-41,
-18,-54,
76,-18,
128,-60,
90,28,
67,-97,
15,-68,
-9,-72,
7,-11,
69,47,
72,37,
49,73,
40,12,
39,4,
31,-17,
-7,60,
-121,7,
-130,6,
22,0,
54,-113,
61,5,
35,34,
-19,57,
-24,0,
45,-5,
54,19,
-34,7,
24,22,
6,26,
12,-41,
26,-7,
-38,-22,
-58,-2,
60,-27,
51,36,
-60,86,
-85,83,
-36,59,
-68,-15,
8,-68,
-9,-29,
-21,64,
2,105,
35,61,
56,6,
8,-42,
22,-8,
-22,-42,
29,-34,
15,-25,
43,91,
20,30,
63,-21,
31,-30,
2,31,
-21,65,
-24,-31,
-12,-28,
-24,-21,
-44,-102,
-72,-146,
-96,-26,
-36,12,
2,31,
102,21,
112,-21,
10,-48,
63,-16,
79,-56,
67,17,
81,15,
39,93,
-40,24,
-19,-27,
12,1,
28,-21,
67,-12,
82,-43,
39,-67,
-49,32,
15,0,
51,-19,
38,45,
0,63,
-32,55,
-34,27,
-52,-10,
-54,-69,
-52,-41,
-64,-18,
-90,12,
-46,94,
-52,19,
-46,-14,
-73,49,
29,58,
47,11,
-10,-12,
-14,-39,
-70,23,
-22,9,
11,-46,
19,-59,
-58,-57,
-27,1,
91,-13,
131,17,
63,-33,
62,5,
4,-30,
-59,-89,
8,-98,
-53,-3,
-7,13,
-1,-103,
15,-87,
80,7,
-6,79,
-42,39,
15,-9,
52,3,
12,42,
-27,19,
14,29,
11,-50,
53,-66,
48,-82,
23,20,
-38,72,
-72,130,
4,-35,
51,-56,
-1,-78,
-45,-66,
-70,-57,
-96,-50,
-24,-42,
-5,-40,
43,-76,
70,-11,
1,79,
-18,-2,
-13,-20,
34,-64,
-48,-69,
59,25,
16,79,
2,-54,
-52,-34,
-84,-66,
-6,-78,
64,-84,
-41,-36,
-30,86,
-36,115,
12,6,
-39,24,
56,48,
5,-14,
50,-12,
40,-3,
-2,4,
-21,-32,
-72,37,
4,21,
1,15,
-37,-18,
-64,4,
26,31,
84,48,
-22,-13,
-62,29,
0,-12,
39,-9,
76,-48,
62,-51,
73,-5,
-52,-42,
-16,-22,
48,-31,
70,-58,
30,15,
-56,-28,
-81,-1,
-12,-97,
40,-76,
28,-73,
-10,38,
1,77,
129,68,
38,65,
-38,61,
-15,63,
24,26,
30,125,
-3,53,
12,-66,
61,-114,
16,-51,
-52,11,
-27,32,
37,51,
-92,-59,
-39,-100,
74,-87,
65,-21,
-27,-29,
-47,-22,
-43,-50,
7,-89,
48,-3,
70,0,
38,-33,
-23,-55,
8,5,
-12,-135,
-3,-56,
42,-30,
105,10,
94,-43,
65,-94,
57,-36,
74,-18,
162,-6,
112,-21,
90,115,
50,76,
-39,38,
17,-59,
27,25,
-16,-43,
22,22,
58,-32,
13,-55,
39,-30,
-1,-40,
-4,-53,
-7,9,
-5,41,
-23,15,
-48,-45,
1,-29,
-45,-20,
-19,-39,
-46,-62,
3,-41,
2,-29,
-54,-51,
-33,25,
26,47,
43,-16,
25,-25,
30,61,
36,20,
43,54,
-13,8,
7,45,
19,-18,
15,16,
14,-28,
-23,-91,
-45,-67,
-32,-152,
-31,-103,
-26,-52,
-35,6,
-5,-55,
10,-42,
1,-59,
-56,-65,
-9,-24,
-42,-39,
-34,-62,
49,-68,
85,0,
25,32,
-13,-25,
63,-38,
55,-67,
-13,-67,
24,-26,
32,-38,
58,-6,
82,-63,
29,-56,
24,-23,
10,0,
-10,20,
-4,0,
16,-20,
-2,-13,
38,14,
35,45,
34,-57,
25,-30,
44,-26,
11,-7,
2,-96,
7,0,
26,24,
65,-48,
22,-14,
-29,-30,
-4,-14,
97,16,
128,46,
56,37,
17,24,
-48,5,
74,92,
83,53,
21,-10,
-6,-23,
4,-27,
64,-49,
59,-78,
3,-12,
-18,-2,
-51,-17,
-64,-61,
-8,-48,
17,-12,
45,65,
59,0,
-3,-82,
29,-55,
37,-31,
50,57,
38,24,
105,-19,
68,50,
-19,-31,
-24,-29,
-23,-55,
-18,-30,
70,39,
71,-29,
109,-146,
925,-300,
3225,-237,
5212,612,
4070,1570,
230,1144,
-1705,-240,
-302,-833,
2015,-382,
2626,12,
1660,-204,
609,-424,
174,-355,
-11,-187,
226,-69,
395,-6,
451,38,
132,81,
-223,155,
-466,320,
-702,436,
-435,416,
-59,195,
3,47,
-201,-13,
-268,15,
-169,11,
-60,-16,
7,52,
-60,90,
-157,42,
-187,-41,
-103,-160,
-36,-58,
-31,63,
-100,47,
-143,-4,
-45,-102,
36,-100,
50,93,
-186,154,
-202,8,
-62,-192,
91,-184,
81,-12,
-34,116,
16,106,
30,-24,
46,-87,
22,-60,
-9,-148,
-50,-169,
-56,-129,
8,-66,
-3,3,
14,150,
7,45,
75,-1,
36,-71,
-25,-115,
-15,-118,
-38,-163,
-79,-137,
-7,-48,
-55,-54,
-93,-54,
-139,-96,
-139,-99,
5,-8,
71,69,
42,114,
21,128,
6,23,
-22,-95,
-69,-45,
-181,6,
-317,31,
-340,-11,
-300,55,
-235,12,
-233,-48,
-93,-37,
-117,-8,
-11,-54,
21,-45,
32,28,
-42,83,
-90,33,
-52,35,
-50,34,
6,-11,
-52,-68,
-22,-73,
-43,-19,
-53,-38,
-74,-62,
-93,-62,
-49,94,
-61,18,
-51,-45,
-71,74,
35,94,
32,10,
-25,-58,
-67,-108,
-52,-105,
-65,-69,
-48,19,
-37,69,
-14,14,
-92,-69,
-104,-51,
-26,46,
-8,100,
21,69,
-5,-117,
-17,-68,
-170,-11,
-177,-57,
8,-116,
52,-41,
17,-6,
11,-32,
-17,-51,
-43,11,
2,15,
-29,40,
-49,-31,
1,-8,
37,-31,
11,-37,
-34,-91,
-49,-34,
-44,-26,
-108,-76,
-53,-27,
-9,-72,
21,-20,
-10,5,
28,-85,
15,-69,
-75,-69,
-76,-70,
-2,-73,
37,-7,
93,-117,
28,-39,
30,11,
68,55,
43,46,
-33,46,
-2,19,
5,-27,
44,14,
00>
_________________________________
00>
_________________________________
Sequence Number: 41
00>
00>
Printing STS0 CIR
00>
00>
_________________________________
00>
-2,-30,
-30,61,
-1,9,
-14,-61,
-36,-52,
-19,68,
49,28,
86,75,
70,18,
-20,18,
-48,50,
-8,-16,
87,-23,
-15,5,
-17,12,
-52,-31,
-22,33,
82,40,
18,73,
50,18,
33,-4,
15,-30,
-53,38,
-16,59,
15,-23,
28,11,
12,22,
-33,20,
2,6,
16,2,
17,11,
91,10,
34,-17,
47,-21,
57,-13,
33,-42,
68,31,
-1,0,
-2,54,
-2,58,
-7,4,
-8,-68,
19,-10,
9,2,
47,40,
-9,-19,
-39,-41,
49,25,
3,4,
-50,-18,
-50,-48,
10,-8,
-10,15,
-54,18,
-31,-20,
-40,12,
-7,11,
6,75,
57,15,
-45,27,
16,9,
-48,20,
23,49,
18,42,
-7,44,
-39,-8,
-56,-13,
12,22,
12,-6,
-35,23,
-20,-44,
5,-3,
3,58,
43,30,
22,1,
-26,-26,
-46,-7,
-73,-1,
-14,-25,
39,27,
9,-60,
11,12,
-74,-29,
-81,3,
-55,-6,
21,-51,
1,3,
19,55,
58,93,
73,-10,
-18,-38,
-63,9,
-49,-10,
-33,17,
13,-17,
-5,14,
30,14,
83,-15,
66,63,
-24,-10,
-22,-76,
21,-17,
43,33,
25,-12,
-31,18,
5,-1,
49,7,
15,18,
20,-34,
1,-39,
-15,31,
9,22,
-57,78,
-17,19,
59,-18,
82,72,
42,64,
20,-19,
-54,-28,
-33,85,
-1,-11,
84,-9,
35,-15,
5,41,
-10,25,
-41,-33,
-1,-3,
30,-12,
38,-30,
23,-45,
-5,-19,
1,-11,
-42,-20,
-12,64,
45,3,
37,-16,
49,-14,
-43,10,
2,-60,
-28,-48,
15,1,
-28,5,
3,58,
-25,2,
10,24,
7,27,
-57,75,
-99,-1,
-64,-77,
-10,-70,
51,-75,
57,-20,
-94,-27,
-68,50,
52,23,
29,-19,
4,11,
-50,25,
-82,-15,
-46,-17,
-4,7,
9,36,
16,28,
-38,24,
-3,-5,
-91,-14,
-13,58,
-31,52,
-59,22,
-52,-21,
-23,13,
14,65,
29,66,
-2,29,
-24,34,
-56,62,
-88,-13,
7,-12,
-16,-1,
-53,-32,
-66,-56,
-15,-58,
14,-2,
-39,38,
-58,-28,
-56,9,
-60,-41,
3,-40,
8,-54,
25,-37,
-13,-27,
-60,-12,
44,-27,
25,-14,
37,-25,
-30,-12,
-25,-38,
29,-56,
-46,-45,
-43,-46,
34,-22,
21,-9,
38,-53,
6,15,
36,20,
-7,-29,
-22,-25,
1,2,
69,18,
64,-6,
38,-51,
-82,-59,
-131,14,
-66,-3,
6,15,
8,20,
40,1,
52,73,
44,107,
-10,68,
-15,-42,
-31,-39,
11,41,
29,95,
-4,50,
1,-24,
-11,-60,
10,-32,
-6,-65,
29,-42,
36,-69,
-6,7,
38,29,
51,23,
22,-12,
2,89,
-20,31,
-10,-12,
-3,-26,
-10,33,
-19,3,
-32,21,
-24,15,
-1,7,
0,-69,
-13,22,
-37,8,
9,79,
-6,48,
-32,-19,
-62,-17,
-26,-29,
-39,-2,
-53,10,
-7,-24,
32,1,
-3,-18,
7,42,
28,25,
25,-6,
18,6,
47,-1,
82,-44,
83,2,
41,-24,
-55,1,
52,-49,
23,-31,
-9,44,
-39,-7,
-57,-22,
-60,1,
-1,17,
65,-60,
-12,-17,
-35,26,
-46,31,
-73,-12,
-76,-16,
-26,26,
-2,16,
-9,48,
47,41,
-63,19,
-3,-17,
53,-24,
37,23,
-50,28,
-13,-8,
66,-29,
32,-41,
40,52,
57,-4,
-16,75,
6,34,
-16,-67,
76,-22,
28,-81,
-45,-7,
-22,-29,
-5,17,
34,25,
-21,-27,
-1,-26,
55,-14,
30,-16,
-22,50,
-55,23,
-31,62,
33,-34,
28,9,
11,55,
43,32,
43,17,
9,44,
-11,18,
27,-1,
37,-22,
13,-10,
0,-11,
4,7,
13,-6,
27,-85,
20,58,
-54,57,
-52,-30,
-18,-23,
5,-9,
5,-25,
-38,2,
-24,-29,
27,29,
2,14,
-39,-21,
3,22,
16,-9,
10,-14,
-4,-50,
-43,40,
-34,-17,
-32,-17,
63,-62,
-68,-44,
-5,100,
-54,80,
21,79,
89,79,
3,18,
-15,-32,
-25,-38,
5,9,
-44,-42,
-26,-1,
-6,827,
-352,3375,
-1555,6390,
-2961,5605,
-2199,923,
-253,-2284,
1629,-1396,
2609,1071,
3130,1794,
2655,812,
1178,41,
50,47,
-247,70,
68,134,
354,398,
293,436,
-5,238,
-344,45,
-728,-149,
-825,-173,
-580,111,
-174,214,
89,18,
-189,-206,
-380,-416,
-149,-269,
103,-56,
174,69,
117,109,
20,88,
-1,136,
4,168,
-26,192,
8,58,
-15,-169,
-38,-283,
-20,-228,
-62,-81,
-72,-45,
-76,-109,
-89,-200,
-37,-139,
-83,-83,
24,56,
25,79,
19,121,
-41,55,
43,-77,
91,-87,
84,-259,
103,-294,
138,-274,
-22,-192,
-35,-15,
-80,116,
-91,48,
14,8,
28,-115,
60,-62,
35,-105,
36,-78,
2,-83,
49,-104,
72,-147,
41,-189,
127,-284,
-1,-217,
-50,-133,
-87,17,
-54,4,
-136,-42,
-262,-211,
-316,-176,
-345,-178,
-243,-123,
-175,-166,
-151,-230,
-25,-148,
4,3,
-51,137,
-47,100,
12,104,
51,61,
52,75,
17,31,
-21,39,
35,16,
-2,40,
-2,-85,
15,-96,
37,-101,
64,-86,
17,-75,
-1,-63,
104,1,
49,-4,
11,-26,
-30,-17,
30,-22,
104,14,
-33,-17,
-67,-11,
15,-6,
81,-32,
-25,-89,
-102,-68,
-84,-36,
-30,-3,
-7,-45,
17,-71,
6,-74,
10,-3,
-26,-32,
-32,44,
-23,5,
-83,-59,
-33,5,
28,-53,
84,-129,
36,-64,
13,-31,
-15,-31,
-31,24,
-46,-8,
11,-6,
29,-56,
27,19,
17,31,
-15,-20,
23,-32,
-19,-75,
25,-91,
46,-105,
62,-96,
101,75,
56,75,
133,8,
69,-47,
-16,-44,
9,2,
27,12,
50,29,
25,-42,
-23,-69,
16,21,
23,5,
38,15,
-37,11,
-54,-75,
83,-6,
65,-36,
22,-16,
-31,-23,
-12,-39,
40,-39,
17,-86,
3,-5,
27,-17,
8,-15,
00>
_________________________________
00>
00>
Printing STS1 CIR
00>
00>
_________________________________
00>
-42,14,
-4,-26,
26,-39,
-63,-40,
15,-6,
24,65,
-3,-19,
-27,26,
-33,-9,
9,48,
-27,52,
-1,-23,
-21,-15,
-8,-27,
-16,-24,
-11,55,
44,51,
79,-4,
61,-49,
-8,-6,
10,33,
38,99,
39,-10,
18,-17,
-50,34,
-35,35,
-13,20,
-19,10,
-26,-28,
-31,3,
-51,-31,
-40,-37,
-29,95,
-18,40,
-67,20,
-23,-38,
-33,-11,
-16,-14,
37,-52,
48,3,
-28,44,
-13,99,
-30,-4,
-5,-7,
29,-1,
-28,12,
16,15,
-24,-19,
-15,-41,
-28,-59,
-26,-59,
-20,-19,
14,-27,
18,46,
-21,-30,
45,-20,
-2,0,
-6,5,
61,7,
51,20,
-17,-10,
-47,-11,
-22,2,
-6,90,
-19,4,
-15,-12,
-5,-25,
4,18,
-10,-3,
10,19,
2,-6,
-12,24,
15,-59,
65,-47,
22,-38,
32,-42,
-28,-3,
7,107,
-2,30,
-12,-26,
1,-55,
-40,23,
-43,52,
25,37,
64,-8,
42,-93,
71,-73,
8,-24,
86,-47,
104,46,
40,131,
-41,19,
-7,7,
-34,-10,
-10,9,
-30,72,
-2,23,
-48,-32,
-57,-68,
-36,-68,
45,-5,
37,-47,
10,40,
-19,19,
50,-20,
20,-80,
-6,31,
-23,22,
-1,60,
44,28,
0,15,
-58,19,
-57,-22,
-55,-53,
50,60,
-10,-8,
23,-43,
-11,-50,
-59,30,
-59,44,
-60,11,
-30,-1,
4,-39,
12,-61,
26,25,
14,14,
72,3,
7,15,
-15,-23,
74,-33,
86,-67,
104,-15,
-63,43,
-12,40,
-36,7,
-8,-4,
-23,-25,
-15,-37,
-60,17,
-42,41,
-27,3,
-45,24,
-21,15,
-23,88,
35,83,
78,1,
96,5,
18,-58,
44,-9,
13,-74,
-38,-32,
50,-41,
-29,-54,
-35,-5,
-45,17,
-16,70,
26,15,
56,6,
22,43,
-2,95,
39,4,
-16,-23,
-1,86,
-39,55,
14,109,
26,83,
46,15,
7,-44,
40,-40,
-20,-2,
-20,44,
-52,22,
-30,-34,
26,-36,
-4,-24,
-6,28,
-8,9,
-45,4,
13,25,
102,17,
-7,20,
9,-35,
-3,8,
-7,51,
-76,14,
-20,-25,
14,-6,
-19,-2,
-32,8,
21,39,
8,35,
-40,14,
26,26,
-6,6,
23,-63,
-21,-29,
17,-48,
16,-65,
-28,-42,
-12,-40,
-13,-15,
24,-18,
5,9,
43,96,
27,-25,
-6,-34,
5,13,
-26,-26,
1,-22,
-25,-29,
-25,-24,
58,-25,
51,-40,
-50,-3,
-25,-59,
35,-86,
83,23,
51,-1,
-6,-1,
28,33,
11,-31,
3,-40,
27,-64,
-7,-69,
-40,-18,
-11,-8,
-48,-68,
22,-35,
-71,-3,
19,1,
-21,29,
-9,32,
-26,45,
-26,-4,
-50,-29,
-2,3,
18,-41,
-11,42,
-12,41,
-55,26,
-40,-67,
8,-64,
30,-130,
58,-21,
67,36,
68,47,
49,67,
-31,4,
-27,-33,
-50,-31,
-105,4,
-63,23,
38,3,
46,20,
-7,9,
10,15,
41,12,
32,72,
106,69,
49,34,
-27,-34,
3,-12,
5,82,
-38,-16,
-33,-46,
-1,-18,
-40,8,
-44,-36,
44,-23,
9,-17,
-12,-7,
26,28,
30,-26,
40,5,
-6,-51,
-67,-22,
-31,47,
-26,37,
25,-23,
9,-50,
-44,-29,
-64,29,
-75,20,
-7,-6,
4,-27,
29,6,
-29,14,
-35,34,
46,32,
32,57,
-56,19,
-9,-74,
-5,-59,
5,-84,
-41,-11,
-32,-11,
42,54,
-54,-11,
-42,-54,
-34,0,
14,31,
-14,39,
-26,7,
-3,-54,
-69,-41,
-34,0,
-17,30,
-19,2,
-32,-2,
8,6,
-40,1,
-12,38,
14,-53,
-29,-20,
-26,3,
-14,-71,
16,-12,
-8,-2,
11,19,
25,51,
-1,-5,
20,-12,
-5,-7,
80,43,
54,-23,
33,21,
-41,-38,
-26,23,
-54,6,
-13,-69,
-63,-114,
7,9,
1,7,
-9,20,
7,10,
36,26,
-5,41,
-12,-14,
-5,-32,
-55,56,
-49,20,
-46,2,
24,33,
-21,55,
-38,-17,
42,-51,
40,30,
-27,16,
33,-7,
-20,13,
-33,-5,
9,81,
123,113,
271,777,
390,3639,
-652,6962,
-2343,6668,
-2694,1600,
-1174,-2936,
788,-4151,
1958,-3599,
1840,-4200,
1148,-4532,
383,-2653,
91,-320,
-69,410,
7,-98,
3,-770,
-84,-830,
-191,-410,
-189,127,
-488,126,
-665,1,
-535,59,
23,214,
254,115,
94,-299,
-132,-527,
-216,-336,
-68,-36,
215,146,
237,269,
235,245,
183,182,
-5,203,
-109,309,
-128,393,
-21,173,
-21,103,
-67,65,
40,178,
154,123,
234,135,
315,243,
368,282,
105,216,
14,93,
-48,33,
18,24,
45,-41,
-11,39,
-45,3,
-103,-170,
-11,-218,
0,-309,
77,-272,
-22,-257,
-119,-84,
-167,-88,
-157,40,
-103,66,
-4,54,
51,45,
24,51,
88,91,
-12,25,
8,-66,
90,-26,
103,-91,
184,-50,
138,-14,
67,126,
35,181,
21,61,
-47,-95,
-102,-78,
-234,-70,
-289,-105,
-285,-200,
-181,-157,
-61,-52,
-54,36,
-114,-4,
-142,47,
-119,73,
-52,183,
9,117,
-25,-24,
-81,-18,
-60,8,
-62,0,
-55,-51,
5,-91,
128,-59,
97,-28,
-7,-9,
-42,1,
-117,-12,
-95,-6,
-4,18,
13,-18,
62,-12,
93,-27,
56,-40,
5,-11,
31,-18,
-32,-7,
-5,24,
35,20,
-38,70,
36,90,
16,78,
30,119,
-28,116,
-22,64,
-41,-30,
-77,-33,
10,-52,
145,-61,
131,86,
101,90,
-8,78,
1,20,
-40,-25,
-6,-54,
74,-8,
57,21,
36,12,
1,-21,
4,6,
19,74,
55,64,
-2,-14,
26,-59,
18,3,
-96,79,
-58,14,
-24,-7,
-12,-75,
5,-41,
71,29,
42,98,
-6,48,
39,8,
13,-12,
-1,-45,
20,38,
31,-3,
23,-31,
52,15,
-18,24,
-5,40,
-31,34,
25,101,
49,68,
105,-64,
33,-32,
24,-25,
20,22,
46,14,
49,3,
27,-5,
00>
_________________________________
00>
RX Timestamp: 381550632035
00>
Clock Offset: -1450.539 Hz, 0.182 ppm
00>
RX Timestamp: 382622415100
00>
Clock Offset: -702.953 Hz, 0.088 ppm
00>
_________________________________
Sequence Number: 174
00>
00>
Printing STS0 CIR
00>
00>
_________________________________
00>
32,-45,
19,-106,
18,-116,
13,-83,
24,-63,
18,-60,
-33,82,
-70,102,
73,8,
60,17,
45,-17,
57,-18,
40,-60,
47,13,
72,59,
23,62,
-56,25,
-8,48,
-34,63,
2,3,
-40,-25,
-43,-13,
33,7,
-73,4,
-44,78,
-5,88,
-20,92,
-11,-29,
-23,-13,
-32,-26,
-71,29,
-4,40,
33,-36,
22,-6,
28,53,
70,2,
74,11,
72,98,
6,69,
42,44,
91,50,
7,-43,
-6,-38,
-46,40,
-3,36,
-47,95,
-44,38,
30,2,
45,-41,
-16,-117,
15,-12,
37,-10,
81,-37,
18,-30,
43,5,
15,-5,
69,-35,
25,-56,
51,-11,
56,-8,
17,21,
11,89,
12,51,
46,14,
-28,45,
33,68,
-3,124,
27,103,
69,-23,
1,-108,
35,13,
66,8,
74,-22,
40,-53,
-23,-77,
-58,-5,
-11,3,
-44,29,
-20,79,
-19,85,
-27,4,
95,-54,
82,-17,
41,30,
-62,54,
-46,-63,
-9,-99,
6,-33,
49,-25,
29,73,
-32,53,
-58,-6,
-33,5,
14,40,
27,40,
53,25,
-25,-34,
-2,-97,
13,28,
27,0,
17,-19,
-57,47,
-37,18,
-39,-56,
-41,-19,
51,-18,
70,-21,
50,-11,
18,-61,
4,-24,
-6,-45,
9,-4,
-33,5,
61,35,
30,18,
46,42,
66,-39,
-20,-18,
-26,-24,
-31,24,
22,130,
45,-4,
7,-24,
-36,-2,
-7,55,
21,52,
-5,10,
23,-43,
30,-9,
27,-36,
-34,-15,
-28,-29,
-11,14,
56,-44,
96,17,
0,31,
1,-14,
28,13,
-11,72,
15,62,
42,6,
12,-7,
3,5,
3,-28,
5,10,
18,36,
77,3,
95,37,
83,15,
47,-45,
2,-56,
-17,-36,
-21,22,
-44,58,
20,58,
-4,-3,
-34,-16,
53,1,
58,6,
-12,-41,
-1,43,
86,70,
38,24,
17,-9,
11,-43,
-29,1,
37,27,
23,-15,
32,49,
26,138,
18,58,
30,36,
1,46,
-61,87,
4,-30,
6,-33,
-37,-18,
-53,28,
8,9,
2,-31,
-67,-55,
-47,-44,
53,35,
60,7,
41,-59,
53,-71,
75,18,
38,20,
-16,44,
5,34,
17,42,
3,47,
8,8,
43,23,
28,21,
42,20,
17,-43,
17,17,
57,-32,
40,-22,
61,37,
2,64,
9,67,
-22,-50,
12,-9,
37,-8,
-10,27,
22,49,
15,54,
14,58,
88,14,
107,6,
35,-65,
-16,-78,
-75,-1,
-1,-14,
-10,9,
10,15,
16,34,
-5,-4,
-78,1,
-13,-3,
-16,-23,
77,12,
39,32,
44,121,
-14,113,
-49,7,
-76,-47,
-96,29,
23,52,
11,-1,
-10,-32,
-9,42,
-10,25,
65,-33,
-17,-69,
-9,-22,
6,-32,
32,77,
50,75,
-3,-57,
1,-12,
36,-4,
51,19,
15,54,
-45,120,
-52,36,
28,12,
24,-56,
44,51,
43,3,
57,-5,
-52,4,
-27,-20,
10,-1,
41,9,
-8,63,
86,91,
68,48,
5,-4,
-1,-11,
20,51,
34,80,
73,-20,
21,-33,
71,-12,
-29,-55,
-75,39,
-64,64,
-13,-4,
39,-23,
33,-22,
-42,14,
-24,7,
-66,-4,
15,-48,
21,-6,
-43,56,
-7,36,
-59,-36,
1,14,
-18,-52,
-12,-21,
-28,-40,
-21,-38,
-75,-9,
8,12,
63,13,
112,24,
-10,29,
-13,17,
8,-5,
46,-13,
43,-57,
4,-48,
-6,-29,
40,32,
13,52,
-30,16,
23,-8,
21,-36,
-35,-24,
-27,21,
18,53,
-27,85,
29,44,
71,9,
31,-44,
20,-74,
37,-53,
14,20,
-18,-15,
43,-76,
-6,13,
14,13,
8,-3,
22,-99,
-44,-56,
-31,-15,
14,28,
-11,-6,
-15,-9,
-6,-9,
24,-42,
16,49,
64,24,
48,-16,
10,21,
-33,-84,
48,48,
-20,35,
-28,6,
-41,-3,
-52,40,
-119,17,
-4,-9,
-3,-77,
-37,4,
-79,34,
-46,13,
-22,71,
-4,25,
-12,-18,
-2,14,
50,32,
-16,9,
-16,10,
29,39,
-23,-4,
47,-26,
156,-51,
1242,-558,
4548,-1692,
7514,-1910,
6914,-540,
1162,1083,
-3055,1505,
-2480,1124,
49,1356,
1119,1978,
835,1835,
405,846,
133,29,
-175,-168,
-613,69,
-1036,-54,
-969,-267,
-595,-190,
-383,303,
-249,769,
-397,1268,
24,1003,
491,524,
521,27,
82,-132,
-196,-118,
-252,-202,
-142,-284,
-4,-232,
39,-124,
-89,-113,
-232,-98,
-129,-64,
2,-125,
99,-288,
172,-344,
267,-390,
350,-259,
330,-220,
158,-119,
67,-154,
7,-289,
-17,-215,
72,-84,
-6,-43,
-117,-131,
-95,-117,
-107,-99,
-98,-42,
-78,-18,
-91,57,
-3,150,
-42,133,
39,103,
120,136,
67,278,
-62,320,
-120,189,
-101,-26,
36,-132,
-17,-186,
-39,-186,
-15,-65,
0,73,
-1,271,
-125,274,
-191,79,
-155,-90,
-141,-124,
-64,-139,
-49,-120,
-158,-38,
-128,3,
-173,45,
-118,202,
-101,270,
-306,300,
-426,159,
-335,105,
-101,108,
-23,108,
23,127,
-27,-10,
70,-19,
52,40,
19,69,
-26,27,
-91,-18,
-6,-22,
-74,-29,
-19,-14,
-43,-65,
-106,-110,
13,-94,
-42,-21,
-132,90,
-94,7,
-30,-31,
-52,-131,
-33,-41,
12,-61,
-82,-23,
-103,19,
-124,43,
-78,37,
22,93,
-1,63,
72,-77,
37,-88,
-25,50,
14,38,
9,51,
-43,89,
-11,96,
-104,103,
-93,-23,
-69,-17,
-37,-59,
-69,-8,
-11,-35,
0,-79,
9,-54,
50,-45,
56,-57,
24,6,
-17,41,
45,-13,
-21,-24,
-70,-86,
-83,-61,
-34,-28,
-80,-11,
-126,15,
-149,-47,
-55,-3,
16,-60,
16,-4,
-44,-70,
-72,-23,
-55,49,
28,-31,
19,-75,
-22,-80,
-78,-55,
-45,-19,
0,-25,
-7,-57,
-64,35,
-32,44,
-5,128,
-33,51,
-20,19,
6,-9,
-5,-94,
-67,-41,
-148,17,
-40,-35,
-50,-80,
-37,-84,
-51,-27,
34,-86,
00>
_________________________________
00>
00>
Printing STS1 CIR
00>
00>
_________________________________
00>
30,-4,
45,13,
61,31,
-23,-32,
-34,-37,
-48,-12,
-39,15,
-33,39,
73,-15,
64,-95,
41,-34,
23,-2,
40,83,
-8,-4,
-6,-31,
-29,71,
-4,75,
-20,50,
-8,19,
64,21,
60,-15,
-10,-3,
15,50,
-22,38,
13,-35,
14,-81,
-9,-19,
-12,29,
-18,-17,
7,44,
29,62,
-8,79,
-31,83,
25,-11,
-38,-70,
-12,33,
-29,3,
37,55,
66,21,
72,-30,
-24,36,
-25,3,
14,5,
26,-14,
2,-41,
-46,23,
5,-34,
61,-20,
-24,-103,
-7,14,
-24,99,
55,141,
-30,58,
-10,-59,
-9,-13,
55,43,
45,73,
59,86,
30,79,
-3,-19,
-35,-6,
8,-60,
6,-16,
20,3,
-33,15,
77,66,
1,8,
129,-17,
-17,-21,
-58,47,
-63,36,
-85,17,
-13,0,
3,23,
17,14,
7,-34,
22,-72,
34,63,
-15,8,
27,-28,
108,2,
42,-61,
3,35,
26,-87,
36,35,
-2,26,
16,-46,
50,32,
65,23,
28,-15,
63,-44,
15,25,
-53,7,
-34,-22,
-11,-24,
80,3,
27,-16,
-63,5,
-9,30,
-4,23,
28,-71,
23,-134,
26,-29,
3,47,
-12,-3,
29,-33,
-3,-76,
0,16,
4,-3,
-22,3,
-26,3,
-25,-34,
27,24,
114,109,
98,79,
60,106,
-20,76,
-27,64,
67,88,
39,147,
33,105,
6,16,
59,-44,
46,-30,
42,5,
12,-39,
-34,-46,
-18,43,
2,92,
-38,51,
-58,36,
-22,-2,
-22,68,
-29,-4,
60,-44,
55,6,
18,-17,
-23,6,
14,48,
6,34,
13,17,
15,-2,
42,-16,
53,33,
119,-52,
-36,-12,
-83,-34,
-68,15,
60,74,
70,51,
110,52,
60,-27,
65,-49,
62,67,
16,37,
26,-108,
34,-31,
-16,14,
23,58,
25,78,
-16,20,
-10,-46,
6,-55,
-41,-78,
-25,16,
-31,21,
-4,-29,
51,-40,
-23,0,
-64,-22,
0,0,
47,63,
86,56,
17,-4,
33,-33,
7,-15,
3,9,
-42,4,
-25,-56,
-10,-118,
-33,-58,
-59,-13,
-88,30,
-105,-56,
-54,36,
22,40,
51,-17,
50,14,
-76,6,
-58,-17,
-63,-33,
-19,27,
16,27,
44,-5,
59,-10,
71,-69,
58,2,
-29,22,
12,56,
83,12,
52,-32,
-5,27,
-45,28,
78,17,
98,-8,
51,10,
9,36,
19,22,
43,84,
44,-24,
19,18,
-37,3,
-91,-3,
-13,-61,
33,1,
60,66,
6,-14,
-14,15,
-43,-12,
-9,-20,
-32,-4,
13,1,
36,9,
17,-43,
11,21,
-9,10,
-42,1,
-47,-25,
64,-46,
93,-7,
-22,-6,
-44,-49,
-34,6,
19,-4,
57,11,
7,-55,
45,4,
82,-13,
79,-24,
63,24,
63,21,
-5,34,
1,42,
-13,35,
-45,-12,
-65,-7,
-6,-27,
42,3,
-12,116,
28,115,
88,20,
31,19,
-67,-3,
-44,-13,
-13,-23,
-35,9,
-18,-46,
-22,-14,
11,-20,
61,-59,
-8,-38,
56,-7,
36,13,
53,-41,
94,-43,
54,-35,
51,1,
94,63,
23,76,
4,22,
51,-11,
52,17,
-7,-7,
6,11,
-10,-12,
30,12,
-49,-64,
4,-40,
33,-37,
-29,-63,
14,-10,
66,9,
24,43,
6,90,
-49,43,
-36,75,
-31,48,
51,-35,
23,1,
30,47,
41,91,
33,41,
10,41,
-10,-23,
0,-21,
32,42,
68,-27,
14,-31,
15,13,
14,-15,
9,-29,
34,55,
68,56,
0,28,
17,-22,
51,-57,
63,23,
46,24,
31,-6,
-74,-35,
1,-22,
84,52,
70,41,
53,74,
15,67,
-34,59,
15,40,
-20,46,
0,34,
-4,38,
-57,47,
-52,3,
-10,10,
-30,-48,
45,-19,
27,7,
39,-26,
-28,-5,
18,-18,
-20,-39,
36,-18,
26,1,
58,-2,
4,3,
-8,0,
12,21,
-6,-76,
2,-50,
17,20,
76,26,
22,22,
-32,-52,
-33,-54,
-11,27,
106,79,
71,6,
62,-41,
-10,-23,
20,39,
-11,58,
-7,20,
96,-145,
791,-957,
3669,-2964,
6523,-3416,
6594,-1583,
1559,1065,
-2166,1328,
-1162,-615,
1929,-2162,
3314,-2398,
2040,-1833,
484,-976,
-131,-447,
-60,-133,
248,-170,
576,-310,
526,-299,
244,-111,
-141,350,
-59,613,
-231,951,
-253,798,
-66,343,
38,148,
-140,228,
-345,317,
-348,255,
-119,124,
-30,65,
-32,220,
-175,283,
-277,214,
-159,40,
49,-74,
79,57,
-20,94,
-203,62,
-174,-86,
28,-27,
135,171,
-44,280,
-123,137,
-98,-71,
-21,-170,
93,-60,
96,131,
112,149,
110,-26,
31,-125,
59,-200,
-27,-41,
-70,-8,
-71,-35,
-83,-3,
15,37,
81,164,
-5,136,
-5,54,
29,-7,
-10,-112,
-28,-34,
-170,19,
-130,57,
-126,68,
-162,47,
-295,75,
-280,10,
-102,-5,
-100,14,
-25,4,
22,-6,
71,110,
-33,101,
0,71,
24,57,
-99,154,
-264,260,
-274,339,
-238,323,
-155,239,
-223,154,
-208,154,
-128,85,
19,71,
-27,67,
10,-51,
0,-38,
34,68,
79,111,
111,110,
34,64,
9,-42,
-32,-58,
-64,-16,
-42,-44,
-18,-89,
-65,-88,
8,-18,
-60,117,
-59,70,
-40,-58,
19,60,
-53,62,
-46,92,
-76,76,
54,10,
8,31,
-45,79,
-23,134,
12,71,
-29,28,
39,43,
-23,50,
-40,111,
12,132,
-5,158,
-29,135,
-127,47,
-77,64,
-11,44,
3,49,
54,67,
59,47,
78,5,
-17,6,
-6,49,
50,-28,
-46,15,
-30,25,
-35,72,
9,-11,
-49,-41,
-1,-30,
27,106,
47,20,
-16,-12,
10,-54,
-41,-19,
-41,-1,
-27,69,
-26,2,
22,-36,
-2,-3,
11,12,
-43,9,
-52,-12,
-57,-49,
-98,-43,
16,-51,
-7,48,
29,66,
-6,72,
24,21,
-34,73,
-37,24,
-29,38,
-13,40,
-44,21,
-11,47,
-42,55,
11,70,
00>
_________________________________
00>
_________________________________
Sequence Number: 177
00>
00>
Printing STS0 CIR
00>
00>
_________________________________
00>
30,62,
30,-31,
-5,-3,
45,13,
-29,26,
78,45,
113,25,
10,6,
-48,5,
-1,-38,
26,6,
54,-12,
35,-63,
34,-9,
59,39,
7,0,
43,-7,
77,-34,
43,66,
-10,-63,
-20,-131,
-38,-74,
30,-78,
-1,16,
-45,-29,
-44,-71,
45,-50,
48,-41,
0,-125,
-51,-64,
63,-9,
93,23,
73,-54,
29,8,
62,34,
18,-13,
-18,24,
-15,-8,
30,-51,
-15,-24,
68,-35,
64,-77,
10,-23,
40,29,
-27,26,
20,-4,
6,25,
56,-81,
23,-43,
58,-13,
48,-74,
4,-61,
35,44,
15,-58,
-36,-44,
-26,-74,
64,-54,
11,-33,
18,-3,
-41,-37,
-91,-17,
-20,-2,
78,-1,
85,6,
-8,-22,
57,-42,
81,21,
56,-20,
-54,85,
-36,27,
-14,79,
63,3,
39,-31,
-23,-62,
-82,-9,
-84,-59,
-108,-9,
-72,-20,
-35,-62,
-32,1,
18,-53,
35,-22,
90,-23,
-8,-54,
-8,-72,
45,-118,
82,-65,
-39,-45,
45,29,
52,44,
-20,29,
-4,-55,
-14,7,
-16,41,
11,31,
22,51,
-26,-14,
35,41,
76,102,
51,125,
-1,-3,
-20,-47,
-28,-16,
-50,62,
-37,-26,
7,6,
10,-21,
19,-76,
59,-98,
-33,-65,
38,-12,
24,23,
36,-27,
75,20,
114,77,
85,21,
-21,66,
-72,30,
-15,40,
-11,-39,
34,-25,
6,21,
-5,42,
24,-55,
26,-19,
-21,31,
-55,-10,
80,-12,
42,38,
29,31,
4,-5,
-24,-8,
-17,-36,
30,-9,
47,37,
8,-27,
10,-57,
56,-30,
127,-30,
57,-21,
-15,-40,
-46,1,
-17,40,
8,41,
69,-15,
78,-12,
-31,19,
-96,6,
-25,-15,
-21,24,
-58,93,
6,49,
17,45,
37,42,
-60,28,
-52,-37,
11,-43,
-60,-11,
-18,6,
53,-13,
42,8,
-12,-22,
-7,-40,
-25,-35,
-18,-29,
-42,-16,
-57,-53,
-16,10,
62,21,
-38,12,
21,-4,
-27,-31,
-25,5,
-34,68,
-33,36,
9,65,
17,44,
31,16,
31,47,
60,45,
37,32,
43,-3,
-35,-8,
-39,15,
5,-9,
47,5,
18,-7,
31,0,
70,-76,
46,-29,
-8,-43,
-25,38,
10,31,
-20,-4,
-2,78,
26,61,
29,56,
0,22,
33,5,
-37,50,
-45,42,
-30,25,
59,-40,
60,43,
-23,-8,
-17,7,
-62,33,
-63,21,
-16,27,
-28,59,
49,-46,
-8,-39,
67,-26,
102,27,
25,65,
4,54,
9,-18,
71,29,
37,14,
-34,75,
-56,56,
61,-23,
31,-19,
19,-43,
-14,-1,
-34,-36,
80,49,
88,-29,
42,-8,
8,-4,
-22,33,
-47,44,
22,26,
-26,2,
-55,-11,
-14,-3,
32,-18,
20,3,
39,5,
-4,-6,
-6,-6,
-55,-44,
-42,13,
-51,-5,
-3,40,
-63,53,
-18,-39,
25,-49,
47,-29,
9,-7,
10,8,
-44,41,
79,20,
21,-6,
-50,-31,
-35,-28,
-12,-27,
44,-57,
32,-81,
-7,-8,
-23,37,
13,34,
13,-35,
46,-45,
32,64,
-16,87,
-20,-37,
-6,-40,
-43,4,
-11,31,
20,40,
12,67,
-10,55,
-29,24,
14,-14,
21,-20,
0,7,
-64,-2,
-106,-38,
24,3,
125,-41,
86,-49,
-54,1,
-17,-26,
-13,13,
10,26,
42,26,
22,-6,
26,7,
7,-40,
8,-25,
42,-20,
-17,-86,
-45,-84,
-20,-51,
30,22,
66,94,
25,77,
-29,-7,
-76,-20,
-27,2,
44,-10,
75,34,
82,12,
66,0,
47,92,
9,112,
-42,16,
33,-36,
64,24,
16,51,
-79,45,
-106,-50,
2,-88,
34,-108,
52,-50,
58,-21,
59,32,
-19,39,
-40,77,
-8,92,
35,27,
11,-11,
-64,-76,
26,-37,
52,-51,
33,40,
-28,27,
-23,-20,
-2,-57,
7,42,
12,-23,
-6,-32,
43,-60,
74,44,
13,-20,
-64,109,
20,91,
80,-39,
5,-43,
42,-55,
31,-64,
-50,24,
-27,49,
-77,-15,
-15,-72,
6,-25,
-26,33,
122,59,
45,9,
-27,-47,
-41,-79,
61,-67,
41,48,
139,448,
299,1986,
5,4143,
-1039,4351,
-1509,1500,
-716,-1293,
800,-1363,
1929,147,
2322,750,
1966,297,
1086,-173,
101,-19,
-201,61,
78,78,
365,143,
366,268,
132,186,
-214,41,
-602,11,
-633,-50,
-435,134,
-86,207,
70,93,
-94,-143,
-253,-214,
-93,-148,
132,-95,
173,-39,
134,8,
50,70,
46,53,
49,149,
45,144,
66,86,
-15,-98,
-54,-116,
-6,-135,
-47,-45,
-42,-14,
2,-59,
-17,-13,
75,-16,
68,-5,
80,12,
65,20,
58,113,
13,105,
53,19,
20,-56,
-8,-172,
2,-242,
2,-282,
64,-70,
0,118,
-50,142,
-42,114,
75,24,
56,-6,
83,-5,
50,-62,
-41,-102,
-15,-126,
-40,-166,
24,-175,
81,-156,
35,-162,
-104,-84,
-52,-64,
-47,-22,
22,65,
-38,92,
-140,-11,
-216,-59,
-161,-102,
-175,-2,
-223,-68,
-115,-132,
-66,-81,
43,7,
-20,135,
-44,134,
-25,79,
-49,26,
9,37,
52,62,
85,-54,
78,-43,
-27,93,
56,36,
-23,43,
4,-85,
-58,-169,
-19,-96,
10,-18,
21,-22,
-18,9,
81,12,
90,14,
31,-17,
-57,-4,
-9,-66,
-15,-37,
50,-17,
17,54,
53,75,
13,53,
48,-3,
-18,-26,
12,-60,
35,-68,
55,-33,
-65,62,
-93,-5,
-100,-6,
25,-42,
10,-67,
-25,-107,
-46,-33,
42,-69,
28,-47,
-25,10,
-47,-10,
-54,-96,
52,-44,
42,3,
-7,43,
21,-7,
-41,-9,
-54,28,
-22,6,
-12,-43,
0,-32,
7,20,
7,21,
105,10,
26,-52,
6,-138,
-21,-37,
-1,39,
46,45,
23,-3,
29,-42,
-29,-12,
-42,-54,
11,18,
65,0,
34,-17,
65,-44,
0,-54,
23,41,
21,-34,
-44,63,
-53,8,
-36,-5,
-66,-26,
-52,-70,
-10,-70,
91,4,
00>
_________________________________
00>
00>
Printing STS1 CIR
00>
00>
_________________________________
00>
34,47,
88,60,
109,22,
-30,-16,
-24,-25,
-10,-35,
-2,-59,
24,8,
-14,74,
13,8,
137,-55,
74,-14,
11,19,
44,-70,
35,-105,
40,20,
91,-4,
70,17,
29,28,
34,50,
28,12,
-8,-56,
33,-6,
21,-67,
-54,-23,
-13,-19,
30,-10,
97,-67,
67,-32,
10,-108,
6,-17,
-11,-11,
39,-50,
73,-31,
103,-36,
49,-36,
-89,-65,
-47,1,
-3,-17,
31,-52,
29,-49,
92,-50,
71,73,
84,-49,
37,-111,
-1,-60,
4,-51,
48,-82,
-14,-70,
11,29,
-15,-26,
-54,-33,
-20,-86,
-60,-39,
70,19,
-30,1,
-4,12,
56,29,
7,-35,
25,-7,
19,72,
-72,35,
17,-22,
-3,27,
-8,87,
68,91,
4,72,
-38,-23,
-49,-63,
-23,-49,
-42,-12,
0,-3,
43,24,
42,56,
51,32,
-12,-5,
28,-32,
42,-2,
52,-33,
40,-65,
-4,28,
18,45,
80,-27,
58,-5,
56,44,
84,29,
78,6,
27,9,
-21,-25,
21,-44,
-30,-62,
49,-54,
45,-23,
101,14,
-35,80,
-50,19,
-10,48,
7,11,
17,4,
15,-9,
-2,28,
-68,37,
7,-18,
28,-93,
21,-147,
15,-27,
3,40,
21,92,
14,55,
45,24,
73,1,
-42,-89,
37,9,
5,80,
101,-43,
80,3,
-43,-59,
49,-18,
24,-7,
-13,53,
20,37,
34,-69,
9,-35,
-54,57,
-39,49,
-57,45,
-50,-52,
4,-55,
50,-29,
6,63,
-62,96,
65,61,
151,34,
124,-74,
24,-50,
-69,44,
-17,49,
33,-17,
-18,-28,
9,-26,
33,-33,
60,70,
68,29,
69,-29,
59,-67,
33,-19,
-12,-5,
-38,28,
-117,39,
-75,24,
25,-12,
121,-20,
69,-2,
-8,36,
14,17,
5,-11,
35,-33,
-42,-26,
47,5,
76,-40,
56,-20,
79,3,
58,30,
6,-15,
30,-13,
56,-92,
114,33,
85,46,
-21,1,
-52,-22,
59,-111,
6,-10,
-25,-69,
-31,-61,
-43,-23,
-27,105,
-26,76,
-5,26,
12,-80,
26,-55,
64,-30,
8,-16,
29,27,
-1,8,
-16,-36,
-54,-45,
35,23,
47,-20,
4,-50,
-32,-14,
-20,-66,
33,-35,
17,-38,
16,-26,
-12,12,
4,32,
-16,-26,
-52,52,
9,30,
-5,-43,
46,-47,
84,-2,
75,14,
64,51,
58,-13,
73,-53,
35,-94,
40,-21,
58,36,
17,16,
-32,-36,
-45,-48,
64,-4,
106,27,
49,-51,
-9,-1,
-56,11,
-2,-48,
124,-22,
26,4,
29,-10,
-1,-47,
18,-43,
64,-16,
-22,-17,
-27,-6,
40,-59,
54,16,
43,61,
24,20,
48,-72,
74,-114,
119,-32,
109,20,
66,91,
-66,-22,
-58,-68,
21,9,
61,-4,
83,-6,
48,40,
43,6,
43,73,
2,52,
13,30,
10,-9,
-8,-6,
69,-51,
88,-60,
68,3,
65,22,
122,68,
72,21,
-13,69,
-45,50,
-6,-6,
-35,-20,
-6,6,
-41,-49,
-7,-86,
-40,-33,
-23,12,
18,-3,
19,-3,
39,31,
5,-26,
24,-5,
25,44,
21,89,
43,-11,
26,-21,
36,-14,
4,43,
-4,59,
10,-15,
-34,18,
-69,-84,
23,-80,
26,31,
13,5,
11,-52,
53,-134,
65,-30,
-8,24,
56,50,
70,22,
78,-22,
13,-24,
-35,-63,
46,-74,
48,24,
2,46,
-102,28,
-49,-9,
11,-79,
122,40,
49,57,
20,7,
45,-33,
43,-28,
42,-21,
17,8,
-12,1,
37,23,
54,-56,
11,-19,
11,-1,
29,8,
59,-58,
60,-24,
41,-39,
-8,43,
34,119,
56,-34,
-49,-61,
-21,-30,
-35,74,
-14,49,
28,22,
-10,-4,
-10,-21,
16,-46,
-28,-41,
-44,-39,
47,17,
4,-17,
-16,-7,
-51,21,
20,13,
8,-3,
52,-9,
100,-10,
38,36,
-13,-44,
37,38,
16,17,
-17,14,
-5,6,
27,-4,
26,-19,
67,-35,
98,16,
56,40,
-47,69,
-12,61,
15,-10,
0,-55,
39,-150,
28,-6,
7,8,
33,89,
9,42,
18,-6,
92,-53,
373,314,
832,1891,
1044,4245,
140,4924,
-1221,2259,
-1377,-1177,
-348,-2771,
515,-2818,
527,-2970,
70,-3063,
-67,-2057,
-79,-437,
0,318,
-25,27,
-84,-454,
-118,-569,
-125,-294,
-128,76,
-142,302,
-371,219,
-329,129,
-9,122,
177,41,
-28,-155,
-198,-242,
-197,-163,
-92,-51,
143,-4,
399,99,
329,128,
212,143,
17,201,
-7,200,
45,198,
21,117,
-51,27,
-5,63,
135,69,
186,17,
324,1,
394,-52,
315,11,
141,80,
53,53,
-6,115,
12,30,
62,17,
22,-10,
-27,-77,
-101,-112,
15,-112,
93,-174,
44,-216,
-67,-177,
-144,-9,
-171,84,
-141,146,
-10,0,
44,11,
86,-12,
24,-77,
-41,-34,
-39,18,
43,11,
137,-57,
113,-95,
72,-104,
93,-22,
36,-49,
39,19,
8,23,
-106,-55,
-115,-14,
-145,-40,
-173,37,
-241,-2,
-147,30,
-69,25,
-85,33,
-116,4,
-193,-43,
-39,67,
39,108,
62,113,
-44,-17,
-87,-25,
-105,-10,
-50,5,
-16,-13,
7,50,
-13,-80,
26,-36,
91,6,
47,21,
-31,35,
-71,22,
-22,81,
54,18,
44,-81,
-30,-89,
-50,-30,
12,-32,
70,-22,
57,-6,
30,-55,
54,-9,
73,44,
75,88,
117,4,
77,-36,
40,-27,
65,-41,
53,34,
7,-68,
-13,-43,
-50,35,
11,-18,
-9,-31,
6,-23,
39,-93,
8,-16,
51,74,
5,3,
56,-47,
41,51,
85,42,
28,25,
-31,-69,
29,-27,
43,-1,
100,8,
52,-18,
31,51,
34,45,
-21,17,
-6,-46,
-25,39,
-10,-41,
-83,17,
-47,-53,
-8,-11,
118,34,
-20,37,
-33,5,
-43,-37,
27,-32,
119,26,
49,81,
-87,101,
3,-41,
73,-119,
59,4,
40,69,
48,-4,
91,-13,
21,-46,
-43,-46,
-39,25,
00>
_________________________________
00>
RX Timestamp: 521570342615
00>
Clock Offset: -680.637 Hz, 0.085 ppm
00>
RX Timestamp: 522642669420
00>
Clock Offset: -766.182 Hz, 0.096 ppm
00>
_________________________________
Sequence Number: 54
00>
00>
Printing STS0 CIR
00>
00>
_________________________________
00>
-35,-66,
59,-30,
45,16,
-31,33,
6,10,
80,-13,
48,-8,
112,-22,
65,-8,
6,0,
-19,-48,
-11,0,
-25,50,
30,-14,
62,-13,
50,-54,
-14,25,
-45,96,
-18,46,
115,-14,
80,-73,
45,37,
-36,72,
-16,30,
28,-35,
57,-67,
53,36,
28,57,
111,28,
43,-15,
-11,-33,
53,-21,
-33,67,
-31,58,
-25,48,
-31,3,
40,-30,
-7,-40,
0,-61,
3,-38,
-48,-34,
6,-13,
103,32,
82,-35,
18,17,
36,84,
30,27,
7,33,
-30,-4,
20,27,
43,-53,
74,-17,
3,-35,
77,-47,
84,-20,
-77,-11,
-59,12,
-17,13,
11,-19,
29,19,
-56,-25,
-33,-5,
-18,-30,
2,11,
-45,10,
22,-25,
109,40,
57,19,
-4,-29,
8,-99,
10,-69,
3,16,
-29,59,
-13,42,
1,-24,
14,17,
37,15,
-2,22,
14,36,
35,25,
33,6,
42,15,
15,24,
-10,-10,
9,-45,
80,22,
44,78,
16,113,
60,65,
55,88,
90,19,
19,-8,
-14,-16,
-40,34,
19,117,
-19,90,
46,25,
4,-21,
6,-66,
26,-3,
37,-16,
60,5,
57,20,
47,76,
87,28,
8,-19,
-30,59,
-37,13,
-1,-32,
42,-73,
17,-18,
-62,51,
-16,18,
65,46,
49,13,
14,-52,
-7,-46,
1,28,
129,70,
165,32,
85,-24,
4,-71,
-3,-97,
-14,51,
-49,36,
-39,39,
19,-66,
32,-67,
-16,-36,
-62,71,
-3,52,
-14,43,
-33,32,
-94,21,
-27,-20,
-30,2,
27,-11,
15,35,
-25,-55,
20,-17,
-5,9,
-17,4,
10,-18,
-5,23,
4,46,
69,-10,
13,-64,
34,-69,
-10,-38,
0,16,
-11,-15,
46,-5,
7,-14,
-77,-3,
-56,-30,
-11,-39,
62,15,
27,-8,
-25,16,
-19,-44,
7,10,
48,74,
81,-15,
95,11,
-7,41,
6,111,
35,88,
-31,47,
33,27,
103,8,
71,-3,
26,-45,
-44,-22,
-68,-11,
-18,48,
-19,32,
-10,158,
-17,97,
-19,95,
-21,25,
-58,-21,
-77,-2,
84,25,
118,1,
69,-33,
16,-12,
13,49,
4,11,
-28,64,
-4,25,
-16,57,
-45,80,
-98,7,
-21,-21,
13,-45,
23,19,
-45,35,
-50,13,
83,28,
38,46,
-17,-9,
-24,-9,
0,-2,
4,22,
-7,3,
61,5,
53,-45,
-5,-19,
-98,-55,
63,-109,
102,-79,
9,-13,
-43,-12,
-11,-11,
9,46,
-38,50,
36,45,
32,14,
-2,21,
18,67,
11,65,
-37,-14,
11,-2,
41,-19,
-16,12,
-10,-53,
-80,-8,
-64,7,
-17,27,
33,15,
-53,87,
-31,56,
-21,39,
40,-7,
9,-64,
46,-34,
34,-42,
-32,44,
-12,58,
-40,66,
9,-10,
52,-34,
26,13,
1,11,
16,7,
59,-14,
-18,75,
19,-47,
22,-3,
-23,76,
-14,19,
-52,9,
-37,-12,
65,90,
0,136,
-40,-24,
3,-25,
2,-17,
49,-1,
-42,-18,
-39,19,
-81,7,
-6,5,
0,-60,
-14,-57,
-7,-24,
-32,18,
-43,14,
50,65,
23,-5,
5,5,
-8,33,
-62,12,
-12,35,
10,65,
-29,98,
-29,30,
-23,10,
41,-16,
41,0,
31,0,
-38,25,
-12,-15,
-10,34,
52,-25,
-7,-106,
13,12,
32,20,
9,30,
-32,-102,
-40,-64,
47,-54,
110,-22,
48,-5,
-11,62,
-49,64,
-14,114,
-24,69,
29,59,
45,-17,
15,47,
11,50,
-37,42,
-47,26,
24,38,
42,31,
26,-47,
29,-31,
46,-17,
16,17,
6,9,
-48,44,
-41,37,
92,28,
122,-22,
27,18,
33,52,
32,-7,
-37,-39,
-18,-31,
-32,15,
17,25,
39,-55,
11,-42,
-68,29,
-119,-62,
-34,-29,
-18,-34,
-62,17,
35,-25,
8,-143,
50,-79,
75,26,
36,52,
-18,23,
-14,54,
39,62,
56,80,
46,17,
6,-4,
-23,-35,
-20,-20,
38,-12,
2,-24,
8,-14,
50,-8,
27,12,
70,-46,
28,-122,
-21,-13,
-88,28,
-27,28,
6,-11,
-93,-122,
-979,-1302,
-2871,-4764,
-3167,-7238,
-1399,-6113,
1150,-610,
1974,3029,
1392,1772,
1372,-789,
1868,-1831,
1598,-1346,
707,-604,
36,-134,
-89,225,
103,728,
108,1155,
-53,1071,
28,559,
513,186,
895,62,
1262,75,
920,-349,
413,-616,
-73,-337,
-69,152,
-55,400,
-113,337,
-201,239,
-201,60,
-84,60,
-23,173,
-63,225,
-84,243,
-35,175,
-286,3,
-353,-34,
-455,-228,
-290,-265,
-138,-290,
-82,-110,
-97,-1,
-172,88,
-140,33,
-60,-106,
-31,-51,
-35,124,
-111,197,
-104,160,
-9,60,
-28,89,
92,77,
119,55,
45,-4,
6,-40,
156,-159,
223,-126,
296,63,
200,99,
0,69,
-190,27,
-190,-55,
-123,68,
28,31,
203,-61,
315,-126,
253,14,
73,217,
-75,193,
-66,192,
-30,127,
-78,32,
-62,127,
-57,116,
66,101,
288,50,
337,111,
319,315,
269,355,
169,177,
148,17,
97,-29,
85,-56,
78,-105,
104,-58,
93,-60,
68,27,
44,11,
-1,83,
32,85,
24,95,
5,40,
-25,69,
-13,16,
-58,91,
-17,87,
-65,93,
-14,94,
-77,145,
-83,167,
-21,119,
21,115,
70,74,
78,68,
28,123,
76,79,
22,15,
-20,-38,
-65,-64,
-18,26,
-32,70,
-1,85,
32,-22,
58,-21,
155,16,
174,-40,
77,-6,
54,57,
23,52,
4,48,
72,27,
5,21,
-59,51,
-50,61,
55,-26,
33,-18,
-63,-7,
37,4,
65,42,
46,57,
-17,74,
-54,56,
-28,29,
-23,31,
-39,57,
8,33,
32,46,
-19,12,
-65,105,
-17,47,
-25,100,
-11,75,
-49,65,
-11,46,
-40,38,
-49,70,
-46,46,
-26,61,
-31,86,
36,58,
87,21,
60,22,
-17,28,
21,-7,
4,64,
-49,80,
-3,48,
-8,44,
62,98,
-22,75,
00>
_________________________________
00>
00>
Printing STS1 CIR
00>
00>
_________________________________
00>
-14,-7,
-63,-17,
27,19,
2,-31,
60,-37,
41,0,
-13,-25,
-20,-24,
15,26,
-47,10,
-116,-32,
-37,25,
8,57,
-5,70,
-18,18,
-5,-9,
-58,-48,
-42,3,
-43,-60,
-24,-75,
17,-31,
55,-8,
21,38,
74,-16,
104,3,
-51,1,
-89,-7,
-44,-4,
-28,21,
-31,42,
-21,81,
22,65,
-54,7,
-86,-30,
-9,-60,
-71,55,
-39,52,
67,9,
22,46,
-20,11,
-8,-34,
-9,-103,
-57,-41,
-39,-2,
-31,26,
-26,54,
29,-16,
2,17,
-6,45,
-29,62,
-58,26,
-12,-43,
-9,43,
-31,58,
8,39,
-7,77,
-31,41,
-73,9,
-23,37,
52,42,
-52,13,
9,-4,
46,19,
-42,39,
-26,64,
-27,11,
-18,-54,
-18,-49,
-34,-6,
-37,19,
-9,44,
48,33,
33,-3,
14,10,
-43,-43,
-11,-1,
57,32,
-24,12,
-129,54,
-58,38,
-36,37,
-18,-24,
16,-105,
23,24,
-51,1,
-77,36,
-28,92,
-38,32,
46,-10,
-37,-7,
-61,9,
-38,36,
-22,26,
51,31,
93,26,
38,23,
-14,-72,
27,28,
-55,11,
-40,-32,
-7,11,
69,23,
111,-33,
-1,3,
-13,-3,
-85,35,
11,53,
25,-25,
34,-3,
5,5,
-10,21,
-38,-10,
7,-5,
-36,7,
-32,18,
-17,54,
46,-19,
25,-7,
-12,-54,
-77,27,
-41,-22,
5,-8,
-10,-28,
-32,-59,
-88,-34,
13,-1,
33,42,
-20,33,
19,75,
-3,82,
-34,20,
-27,-28,
-30,-12,
3,48,
-61,45,
-37,-9,
-11,-40,
-9,12,
-30,-13,
-3,-20,
-25,-14,
28,-4,
53,29,
-11,-7,
-4,35,
-20,-58,
35,39,
-32,3,
-2,-34,
-70,-6,
8,12,
1,-30,
23,0,
-17,-15,
86,28,
22,56,
-10,36,
30,18,
33,-50,
-20,16,
-2,59,
-17,-21,
-30,-35,
-23,37,
-13,33,
-13,20,
31,16,
32,-16,
-21,10,
-44,24,
-39,-8,
-41,-64,
-46,34,
9,43,
99,4,
25,4,
-5,20,
-22,58,
17,15,
-25,31,
-11,-12,
-9,-67,
32,34,
34,-25,
65,4,
42,50,
8,33,
-61,2,
-6,16,
19,-6,
-12,-18,
22,6,
-8,-34,
12,-1,
3,30,
-82,9,
16,14,
2,51,
-41,25,
15,13,
-24,4,
-15,79,
19,52,
-1,53,
-42,-19,
-61,-36,
-34,-7,
-28,4,
-38,29,
-22,-10,
-10,36,
-33,57,
-2,17,
-78,10,
-73,50,
-30,49,
-9,20,
30,-34,
31,-6,
28,55,
34,1,
18,-16,
7,-52,
22,-22,
-2,-38,
-9,30,
-55,25,
-17,-52,
41,-44,
-20,-16,
13,-61,
4,-97,
35,40,
79,73,
-18,-7,
-49,3,
15,-25,
44,77,
18,55,
17,-21,
-20,-47,
16,10,
40,60,
20,64,
-71,69,
-51,65,
26,17,
33,-31,
43,-36,
60,86,
-46,104,
48,55,
31,-36,
-6,-8,
52,-40,
39,27,
2,10,
-29,8,
-27,94,
-69,-58,
-22,15,
-52,0,
23,49,
31,52,
75,-45,
37,-19,
25,64,
29,46,
5,23,
-17,8,
-5,26,
46,31,
33,-11,
-9,-23,
29,-87,
115,-87,
124,-43,
87,30,
18,59,
-12,-30,
81,-8,
92,-50,
38,2,
-52,17,
-15,-19,
-5,69,
-30,47,
-60,-27,
-79,-33,
11,52,
22,38,
41,2,
-12,-32,
-60,-10,
-15,-5,
47,10,
1,0,
-34,50,
-32,32,
-6,46,
15,59,
-7,6,
9,-12,
21,5,
34,46,
4,-14,
-31,-83,
-8,-73,
40,5,
-12,42,
-37,8,
-54,21,
-19,-15,
62,39,
2,-30,
-78,-3,
-81,35,
-31,11,
56,-16,
24,17,
-64,11,
-61,-32,
-65,-34,
-27,42,
1,49,
-24,30,
-56,2,
54,25,
38,1,
16,-13,
24,-59,
-39,-28,
-82,0,
-101,-9,
-51,6,
-17,-52,
-49,-46,
-2,0,
33,4,
-6,56,
-36,-25,
-11,58,
-20,21,
-26,-39,
-54,39,
30,-91,
-24,-30,
32,-19,
17,44,
37,-11,
19,72,
-5,34,
19,19,
-188,-155,
-1327,-1034,
-3646,-4186,
-3948,-6445,
-1873,-6108,
1260,-904,
1488,2475,
-788,800,
-2573,-2350,
-2764,-3170,
-1889,-1612,
-928,-216,
-303,215,
-169,78,
-266,-251,
-377,-583,
-288,-580,
-36,-266,
346,54,
658,-44,
963,290,
691,176,
216,-60,
30,-69,
234,127,
346,234,
185,254,
58,154,
83,53,
248,108,
299,181,
171,285,
-25,190,
-60,95,
95,-62,
145,39,
29,248,
-109,161,
-113,-64,
101,-85,
303,96,
59,237,
-205,116,
-248,-40,
-50,-191,
121,-195,
125,-122,
-73,-43,
-140,45,
-85,28,
-48,79,
-6,95,
-54,92,
-42,102,
68,-1,
136,-83,
166,-13,
81,-25,
-2,8,
-36,27,
-67,125,
-8,231,
107,172,
91,141,
55,162,
-16,203,
1,235,
-17,114,
-2,113,
3,13,
64,-68,
71,-74,
-3,19,
61,85,
97,158,
190,244,
345,360,
378,332,
398,229,
273,183,
210,303,
126,208,
50,161,
-31,42,
-61,34,
22,45,
22,61,
82,67,
135,-11,
56,-24,
21,3,
8,32,
-33,66,
-54,47,
-74,58,
-67,60,
-32,124,
72,98,
148,110,
41,33,
10,65,
30,16,
93,51,
44,23,
49,78,
-10,16,
53,25,
41,97,
103,69,
71,27,
72,16,
28,24,
9,40,
41,55,
72,-10,
91,6,
86,93,
29,154,
29,195,
72,164,
26,119,
-39,120,
-18,119,
23,73,
14,94,
-20,56,
49,56,
35,62,
32,51,
53,56,
137,5,
99,24,
8,83,
-11,56,
-34,44,
14,48,
50,111,
16,86,
-53,106,
56,73,
33,75,
-7,67,
-24,100,
-26,39,
-45,93,
9,79,
-1,58,
2,39,
24,53,
42,43,
63,37,
28,34,
8,46,
-57,9,
-84,28,
-21,89,
88,46,
-2,5,
13,81,
00>
_________________________________
00>
_________________________________
Sequence Number: 57
00>
00>
Printing STS0 CIR
00>
00>
_________________________________
00>
-14,-2,
-45,-36,
31,41,
12,86,
-37,23,
-4,41,
6,43,
-38,103,
-28,32,
0,-36,
-32,4,
63,49,
50,-14,
-5,-48,
-86,7,
9,7,
58,58,
30,6,
50,-18,
64,-24,
51,6,
-14,41,
-84,43,
-99,61,
-44,35,
62,68,
53,19,
33,56,
-1,126,
65,80,
3,81,
-22,5,
12,17,
54,4,
43,-4,
60,56,
31,43,
37,22,
2,-35,
-4,-25,
30,26,
-12,-12,
-35,0,
-14,-30,
43,16,
1,89,
12,112,
13,-40,
32,-52,
17,32,
-21,108,
-4,79,
61,-4,
8,48,
-26,129,
-116,127,
-49,48,
33,-28,
-29,-25,
48,-25,
83,110,
92,73,
-39,-36,
38,-90,
48,-32,
23,-43,
58,19,
27,87,
50,44,
16,-48,
-41,-36,
-63,-5,
-22,-2,
-67,-3,
29,74,
28,26,
36,-47,
5,67,
7,94,
5,28,
-61,-13,
34,2,
59,0,
17,-37,
-4,-12,
-19,16,
-34,-39,
-12,-7,
-46,-24,
-51,39,
56,50,
39,6,
0,31,
20,10,
26,-25,
0,-61,
-2,-9,
-35,67,
-35,36,
11,5,
38,-49,
67,-53,
92,-41,
34,-24,
1,-11,
4,-28,
-18,4,
-52,97,
-49,22,
21,-7,
19,2,
3,-79,
-33,27,
38,-23,
17,35,
21,-23,
-23,22,
-15,1,
36,-11,
-2,59,
21,65,
34,9,
31,-17,
12,33,
-54,-16,
-13,25,
-29,27,
71,35,
74,39,
44,-39,
8,20,
46,-7,
1,14,
-39,-20,
-25,38,
-28,42,
90,14,
59,-61,
41,42,
83,30,
5,-10,
2,-23,
19,39,
-33,49,
-46,37,
-36,107,
75,58,
35,-4,
31,-8,
62,41,
38,57,
-27,77,
7,10,
82,19,
67,65,
4,18,
-15,-13,
-26,-2,
-27,70,
24,24,
29,-22,
33,-82,
24,-6,
13,8,
47,58,
61,11,
21,28,
46,-8,
48,57,
41,-17,
-29,-61,
-16,7,
0,-44,
-11,-43,
26,-20,
73,-11,
54,-10,
19,-31,
66,34,
28,4,
44,-21,
-50,-80,
-1,-11,
7,59,
8,129,
32,62,
81,36,
71,-35,
13,33,
15,-32,
26,23,
50,-24,
47,10,
9,-12,
46,7,
11,47,
-14,9,
-57,26,
-63,-1,
-30,22,
-5,-6,
22,64,
-36,22,
-76,24,
-7,37,
23,-15,
20,53,
19,14,
86,16,
62,32,
13,7,
53,-31,
37,126,
21,69,
-4,128,
19,58,
-51,16,
46,-26,
54,-31,
54,-15,
3,-30,
22,31,
12,22,
14,8,
61,-7,
42,56,
25,84,
22,49,
45,42,
26,62,
-81,84,
4,86,
-20,75,
12,28,
71,6,
56,25,
48,24,
16,-5,
-18,32,
70,27,
77,49,
95,-14,
14,-35,
-25,5,
-33,73,
-29,74,
5,29,
27,-2,
-64,-8,
12,-21,
7,-22,
-20,72,
43,35,
23,91,
-6,96,
29,6,
35,-5,
84,-69,
25,39,
24,77,
77,0,
70,-60,
-35,36,
-25,10,
-16,71,
22,-5,
19,14,
-9,51,
-7,110,
1,38,
44,-26,
-11,-1,
-11,33,
-16,5,
-19,-17,
-1,13,
-46,-36,
4,20,
-39,-32,
-48,16,
-1,43,
52,5,
57,35,
-12,23,
-79,-46,
-83,3,
-57,71,
27,-16,
35,-47,
45,6,
9,22,
39,-6,
12,24,
91,-18,
43,-2,
44,24,
23,-10,
-12,-43,
29,53,
65,0,
-5,-23,
-17,4,
-50,35,
14,13,
16,25,
-4,10,
22,-18,
17,63,
73,5,
31,100,
-2,20,
79,-37,
1,-31,
7,-4,
-30,-8,
23,-32,
12,34,
40,14,
74,23,
57,14,
23,-19,
26,-57,
-24,-24,
19,11,
-2,18,
-14,-37,
-39,27,
-77,25,
-12,-10,
61,32,
-47,18,
-41,49,
24,18,
8,43,
56,22,
51,28,
56,16,
28,12,
65,2,
10,-24,
50,16,
92,-27,
32,61,
-90,65,
-26,100,
63,79,
30,93,
-9,70,
62,18,
35,-15,
9,-24,
-17,-7,
-38,-32,
13,4,
63,41,
110,55,
893,187,
3658,1124,
6238,3043,
4948,4206,
36,2569,
-2561,-190,
-744,-1947,
2199,-2606,
2961,-2840,
1706,-2455,
430,-1204,
-34,-37,
-118,278,
139,-72,
530,-341,
694,-301,
276,42,
-220,406,
-398,785,
-367,918,
-43,687,
303,186,
199,86,
-316,226,
-621,353,
-341,117,
-42,-144,
113,-160,
120,-58,
47,27,
89,107,
206,117,
292,77,
75,-33,
-186,-15,
-319,59,
-239,22,
-75,56,
-41,80,
-113,11,
-181,73,
-181,67,
-116,8,
99,-22,
191,8,
105,52,
133,-35,
27,-81,
-113,-107,
-284,-152,
-282,-133,
-196,-113,
-111,-87,
16,18,
48,123,
40,118,
-71,25,
-116,-63,
-42,-73,
-91,-29,
-69,-17,
-104,25,
-158,-95,
-150,-104,
-146,-106,
-251,-225,
-136,-44,
-125,-56,
-55,-38,
-20,75,
-86,162,
-325,297,
-289,269,
-205,299,
-180,267,
-187,202,
-214,123,
-127,57,
61,16,
158,54,
103,118,
175,26,
132,-14,
44,83,
22,19,
82,-41,
67,-79,
-3,13,
-42,69,
-82,-3,
-81,23,
-87,-46,
-58,-68,
-64,-71,
-77,-102,
-43,-102,
-43,4,
-77,22,
-86,77,
-87,33,
-73,107,
-83,67,
32,128,
-13,-24,
-47,-7,
-70,3,
0,34,
-71,25,
-69,-15,
-42,28,
21,15,
68,14,
16,61,
-27,75,
-108,104,
5,24,
-8,-17,
-8,-94,
-55,-131,
-33,-68,
-58,11,
-8,11,
-12,11,
-47,-6,
-46,24,
-89,16,
-28,-43,
-84,-71,
-83,5,
-156,65,
-112,40,
-98,85,
-133,3,
-25,7,
78,-64,
-14,73,
-79,-22,
-12,-75,
17,-96,
-11,-12,
-5,4,
-38,-36,
-34,-52,
-16,9,
-13,1,
12,-12,
3,38,
-18,43,
-21,-7,
-54,-15,
27,-17,
-62,82,
-26,35,
-62,19,
-42,55,
-77,-12,
00>
_________________________________
00>
00>
Printing STS1 CIR
00>
00>
_________________________________
00>
2,37,
-10,-17,
-32,2,
24,37,
41,2,
3,-13,
-17,32,
31,-12,
69,-45,
44,33,
-2,12,
32,-9,
38,-9,
-42,-66,
-2,-39,
55,-55,
59,-68,
48,-29,
112,-19,
-12,-9,
-3,-18,
39,-34,
22,-4,
-5,-40,
6,-100,
-25,-36,
-12,13,
-8,-2,
10,-10,
-9,-5,
-89,18,
11,3,
32,11,
6,-3,
-26,-38,
36,-35,
-66,21,
-20,-11,
39,-25,
62,-40,
17,-86,
6,-79,
6,-5,
-35,12,
-1,60,
-48,-18,
-82,-100,
-38,10,
-9,-15,
-30,-104,
-15,-71,
62,-91,
6,24,
-109,116,
-24,16,
27,57,
20,82,
-11,-13,
-3,-46,
68,-5,
22,-99,
3,-38,
25,0,
53,10,
22,11,
4,-27,
29,-3,
-44,43,
-77,42,
0,24,
67,-18,
39,-2,
35,-11,
-28,-32,
14,1,
10,45,
-50,20,
-6,23,
37,-3,
36,32,
15,26,
-22,-6,
30,-47,
68,-15,
3,7,
-52,18,
-60,0,
28,40,
15,28,
-12,-12,
-15,-8,
-16,27,
51,-37,
-1,35,
-62,17,
-22,9,
-16,-6,
-22,-84,
2,-66,
33,-40,
-21,9,
-39,22,
-60,36,
-13,69,
-49,40,
28,68,
96,-34,
86,-75,
58,-73,
52,-16,
53,32,
44,-4,
-8,-59,
-47,-1,
1,28,
13,73,
6,10,
-55,39,
-39,146,
-68,61,
12,30,
69,-1,
26,-74,
26,-9,
21,-5,
4,-37,
14,-20,
19,-3,
-27,-114,
51,-15,
69,10,
-44,58,
-37,-5,
-30,-12,
-38,-20,
-44,-75,
7,8,
12,67,
12,41,
27,126,
73,99,
77,50,
2,9,
-7,30,
37,40,
13,-18,
-20,-32,
-8,-20,
48,-28,
94,39,
25,69,
25,95,
22,30,
-20,91,
35,57,
-26,26,
-15,21,
-9,-70,
-5,-7,
9,-62,
-25,11,
46,-8,
35,-33,
57,-11,
-16,-25,
20,-34,
-7,3,
37,-3,
40,14,
36,10,
-29,49,
-21,73,
52,34,
19,-41,
21,-10,
-4,-30,
57,-42,
33,-29,
40,14,
34,116,
27,97,
-2,-81,
18,-103,
2,-23,
48,90,
36,9,
60,-24,
29,-29,
-16,17,
55,16,
80,22,
70,84,
16,32,
-51,-39,
-24,26,
-5,15,
28,30,
21,77,
18,-15,
-7,-1,
-4,20,
-25,-50,
-15,13,
-89,62,
-42,47,
-73,79,
-37,50,
7,-27,
48,-32,
64,-8,
11,-45,
-70,-22,
-35,-7,
-28,-1,
-10,-19,
15,34,
24,44,
-31,30,
-45,-46,
73,-34,
138,-34,
34,24,
-75,27,
-113,16,
-21,0,
50,45,
33,-18,
-23,-28,
-3,-12,
49,-46,
47,-43,
69,-40,
63,-19,
-2,-29,
-46,-26,
-69,-11,
-76,-36,
-30,42,
51,16,
53,29,
29,10,
15,48,
-25,38,
6,28,
17,-60,
40,-55,
-63,71,
14,47,
-61,-89,
21,-56,
26,-16,
48,50,
26,-3,
-4,62,
53,39,
13,-18,
18,20,
40,22,
24,68,
44,14,
36,-8,
6,19,
6,-41,
33,77,
57,34,
41,-43,
-6,-38,
-7,-5,
88,-13,
9,18,
58,8,
42,39,
40,-51,
40,-29,
54,-1,
63,28,
25,-53,
48,-80,
6,-34,
65,4,
61,61,
-8,6,
-30,19,
-44,-5,
6,-1,
24,-73,
42,13,
-12,21,
25,17,
7,-3,
20,-28,
-2,30,
21,92,
69,63,
54,-30,
64,8,
66,-21,
51,63,
69,17,
77,-9,
72,-41,
125,-5,
98,-41,
-16,41,
-21,37,
9,-6,
12,-42,
66,8,
3,13,
-23,59,
-47,53,
-15,-29,
-23,-75,
72,-23,
25,-80,
93,-92,
-33,30,
-31,22,
-18,-23,
47,-27,
31,-35,
-46,-26,
-73,-51,
17,-17,
52,16,
64,10,
35,-34,
9,-55,
-10,-23,
23,27,
28,-62,
68,-59,
46,32,
68,40,
35,51,
45,118,
69,56,
13,36,
-28,73,
-4,21,
46,-29,
33,6,
-25,42,
-26,-31,
-6,-52,
96,42,
58,-18,
6,-15,
-46,-32,
13,-46,
90,6,
116,15,
3,-25,
38,4,
41,73,
144,-94,
982,-152,
3834,246,
6741,1844,
6104,3506,
1115,3132,
-3124,757,
-4042,-1612,
-3440,-2773,
-3937,-2741,
-4245,-2030,
-2512,-898,
-367,-73,
350,193,
-118,12,
-692,-129,
-767,-65,
-351,138,
77,256,
78,523,
-52,728,
33,572,
232,-24,
109,-263,
-269,-144,
-368,167,
-255,203,
-9,54,
251,-158,
377,-321,
334,-243,
291,-78,
215,92,
269,166,
422,78,
155,-20,
125,32,
117,89,
177,-18,
205,-180,
241,-310,
332,-449,
414,-315,
325,-85,
118,78,
60,112,
94,3,
73,10,
109,69,
34,109,
-181,73,
-169,43,
-262,-83,
-189,-99,
-105,-32,
-32,206,
-3,335,
72,355,
153,189,
110,31,
37,-95,
19,-104,
-11,-80,
54,-45,
92,-61,
36,-147,
-59,-191,
4,-154,
34,-64,
112,0,
138,-8,
110,70,
-27,158,
-55,165,
-29,182,
-162,314,
-239,271,
-195,230,
-14,148,
81,154,
4,176,
-54,164,
107,127,
63,-22,
121,-88,
32,-40,
1,-70,
17,62,
-80,134,
-103,118,
-115,90,
-15,-64,
-8,-74,
10,-36,
55,-58,
-19,66,
-12,38,
-65,50,
-33,49,
-16,33,
69,34,
9,-17,
-32,-48,
11,-47,
56,2,
48,-69,
51,-14,
28,21,
84,-26,
23,14,
13,-22,
16,-53,
5,-45,
-40,-3,
-120,-32,
-48,-76,
12,-129,
96,-65,
75,-16,
-91,43,
-98,84,
-40,15,
-1,46,
-8,107,
-13,27,
49,-15,
64,-62,
16,3,
38,7,
17,50,
13,-9,
27,-74,
-2,21,
102,45,
64,33,
92,60,
7,2,
16,-17,
16,-71,
-68,-4,
19,18,
11,-3,
33,-49,
39,-82,
45,-4,
-8,-30,
10,-110,
52,-104,
79,18,
94,40,
6,39,
-40,-30,
7,18,
-37,27,
-52,51,
-33,50,
51,12,
00>
_________________________________
00>
RX Timestamp: 661603699620
00>
Clock Offset: -1264.572 Hz, 0.158 ppm
00>
RX Timestamp: 662674601021
00>
Clock Offset: -431.442 Hz, 0.054 ppm
00>
_________________________________
Sequence Number: 190
00>
00>
Printing STS0 CIR
00>
00>
_________________________________
00>
13,-59,
61,-10,
35,46,
17,-16,
26,-50,
32,-7,
-8,-79,
-55,33,
-21,12,
-6,-82,
27,-55,
9,-33,
-49,19,
-15,-63,
50,-44,
50,-24,
36,-20,
34,-23,
41,-13,
54,-27,
44,-2,
28,-12,
-5,19,
-33,-5,
-15,-12,
21,36,
-6,48,
86,-2,
44,51,
44,-11,
-49,25,
-5,22,
-5,-18,
-12,51,
-33,0,
-19,1,
57,-48,
75,-31,
82,-35,
73,-13,
28,-3,
-1,7,
40,-11,
82,-4,
48,-69,
3,11,
-30,31,
-12,57,
-24,37,
-7,33,
14,9,
-19,2,
13,-1,
-19,6,
-33,-55,
6,4,
27,-4,
-36,19,
16,42,
11,-2,
29,1,
-24,-7,
-15,-54,
43,-71,
23,-47,
57,-6,
48,10,
10,-6,
28,-25,
8,23,
-58,47,
-32,34,
-46,-1,
-1,-8,
0,-7,
16,1,
62,9,
18,-7,
-36,-23,
33,-21,
31,0,
4,12,
55,5,
7,-52,
27,-8,
35,51,
27,27,
62,26,
-12,-4,
30,12,
50,-61,
54,-11,
22,-19,
1,36,
44,-11,
78,58,
37,55,
29,13,
2,5,
-5,-15,
7,-29,
-9,-17,
-23,17,
9,-8,
2,10,
11,-15,
8,45,
46,12,
49,16,
29,38,
27,76,
42,5,
29,-34,
18,-54,
42,-6,
6,-75,
34,-43,
5,-6,
49,13,
80,27,
27,43,
20,-22,
-36,-21,
-19,-34,
7,-21,
6,72,
-99,43,
-54,32,
-23,-19,
-12,39,
-15,-7,
6,-30,
-10,-40,
31,8,
57,-69,
-23,-23,
-50,-32,
13,-14,
-4,-38,
26,13,
-13,-1,
-6,-4,
11,-22,
0,4,
1,-17,
14,-8,
-31,64,
15,27,
31,28,
36,-24,
72,-34,
62,9,
61,22,
22,4,
66,21,
-25,-6,
-1,-21,
-30,18,
37,-2,
51,33,
26,26,
12,-57,
27,-18,
14,-16,
20,8,
18,-3,
-47,-51,
-26,18,
24,55,
49,78,
41,2,
47,21,
-28,45,
31,69,
68,-23,
39,-32,
11,-44,
66,-51,
37,1,
2,14,
-20,13,
-3,42,
-52,-34,
22,5,
44,-8,
8,44,
-45,31,
-14,-14,
-37,-17,
16,-22,
93,-43,
82,39,
30,25,
-22,22,
-1,45,
22,15,
36,49,
6,2,
69,39,
-2,-5,
27,-10,
-34,47,
-121,57,
-38,39,
-13,-22,
-10,74,
-40,37,
-56,-10,
9,3,
-5,-42,
0,-25,
2,5,
23,16,
29,-9,
-48,18,
2,29,
-47,-8,
-21,55,
-4,53,
-6,0,
2,20,
8,-42,
41,-72,
36,3,
31,1,
-7,-21,
15,-29,
19,-23,
11,10,
7,18,
-51,57,
28,13,
38,3,
41,-30,
55,14,
-24,1,
5,-19,
-9,-69,
11,-25,
-15,49,
27,49,
72,33,
50,58,
-4,-23,
-44,27,
-21,11,
35,37,
1,4,
33,26,
21,-18,
45,-41,
35,-24,
35,-1,
-83,47,
-61,6,
-64,14,
5,17,
22,-32,
-4,-26,
57,31,
27,33,
-20,-11,
-67,-50,
84,12,
54,21,
36,-66,
58,13,
22,7,
-74,-8,
27,-62,
61,24,
39,31,
-33,28,
-26,-17,
12,12,
2,18,
62,66,
8,86,
47,101,
-17,45,
-13,-4,
-20,-35,
23,35,
31,-16,
62,-52,
94,-145,
124,-47,
46,29,
35,0,
-11,-18,
8,-21,
5,-29,
49,18,
21,15,
59,-49,
45,-29,
37,-9,
14,-47,
66,-4,
84,42,
81,19,
-14,-23,
34,70,
2,15,
23,5,
6,25,
44,33,
26,52,
1,31,
39,-7,
19,-3,
43,6,
99,-8,
26,68,
47,114,
58,44,
5,59,
6,39,
6,43,
63,26,
24,-4,
9,-4,
-5,47,
-37,17,
-51,11,
54,13,
-18,46,
46,3,
43,16,
32,18,
4,-46,
8,-72,
-5,-3,
7,15,
-2,17,
-34,20,
-12,-2,
-19,17,
-39,-6,
0,63,
32,42,
-1,4,
76,-61,
77,-27,
68,-8,
59,20,
-23,15,
-22,-44,
29,0,
5,13,
30,23,
33,83,
42,-5,
34,-20,
9,20,
-23,54,
59,121,
646,965,
3028,5677,
3697,7854,
2085,7973,
-1258,3290,
-2626,-3834,
-1844,-4017,
-1368,-29,
-2388,1981,
-2515,1746,
-1208,743,
-189,250,
138,-75,
-68,-583,
-112,-1186,
108,-1228,
103,-834,
-353,-430,
-843,64,
-1389,-11,
-1368,225,
-895,789,
-95,784,
61,66,
176,-411,
354,-458,
352,-237,
227,-124,
163,-27,
105,-127,
92,-301,
70,-311,
140,-124,
504,40,
470,7,
474,66,
393,549,
465,556,
322,421,
204,75,
340,-88,
397,-36,
214,78,
94,41,
89,-100,
101,-174,
88,-190,
52,-77,
32,-104,
-83,-144,
-98,-11,
-28,-3,
6,185,
-121,238,
-360,194,
-394,54,
-326,-135,
7,-101,
124,-4,
170,12,
216,-37,
69,-17,
-160,76,
-324,166,
-344,-46,
-192,-240,
141,-93,
175,-47,
201,-184,
211,-84,
107,-158,
24,-118,
-107,-137,
-280,-82,
-370,-86,
-302,-269,
-207,-363,
-123,-382,
-137,-136,
-163,74,
-132,67,
-169,166,
-76,61,
-50,40,
17,-20,
-3,-27,
48,-117,
55,-58,
107,-63,
67,-52,
69,-80,
52,-79,
31,-94,
-7,-99,
-80,-158,
-33,-134,
57,-140,
195,-174,
107,9,
85,-9,
11,-89,
-87,-103,
-76,-116,
28,-61,
39,-90,
140,-68,
55,4,
-29,28,
-1,-9,
58,-40,
65,1,
2,68,
-94,19,
-203,-51,
-142,-29,
-70,-19,
70,-171,
89,-105,
71,-141,
32,-95,
98,-115,
97,84,
48,45,
53,7,
11,-48,
34,-42,
19,-58,
26,-3,
40,-29,
98,-37,
76,20,
103,40,
86,64,
62,65,
51,-12,
66,-43,
84,-82,
86,-90,
68,-52,
8,-20,
42,-51,
16,-46,
80,-32,
49,-59,
57,-45,
81,8,
30,-45,
23,-7,
-15,-121,
-52,-94,
-11,-62,
-3,-35,
67,-59,
73,-66,
52,-57,
00>
_________________________________
00>
00>
Printing STS1 CIR
00>
00>
_________________________________
00>
11,2,
20,6,
54,15,
36,13,
25,-13,
-59,-2,
-11,-19,
-1,7,
-6,54,
19,29,
-20,-75,
-26,-76,
-10,68,
27,40,
43,30,
-20,17,
41,20,
32,-22,
45,25,
-20,53,
-5,74,
-13,36,
-17,45,
18,24,
31,-22,
2,-28,
-66,-47,
-21,-9,
16,21,
30,56,
-32,17,
-23,8,
-20,4,
22,24,
8,-52,
31,7,
26,40,
2,61,
26,4,
82,-48,
49,-48,
-30,-5,
-44,-25,
-45,28,
24,-5,
18,-23,
-21,-5,
-18,33,
-22,26,
-37,29,
2,-7,
-12,-30,
24,24,
-8,14,
6,-21,
9,44,
-37,29,
-29,24,
38,-44,
54,-8,
-56,-54,
-6,59,
54,51,
63,-2,
8,-34,
-7,6,
-8,2,
1,12,
0,5,
15,-9,
28,-8,
21,36,
-24,2,
-72,29,
-56,-1,
7,53,
8,11,
53,32,
-14,63,
-13,52,
10,63,
2,-24,
7,-39,
1,14,
-4,31,
-49,15,
16,105,
40,-9,
13,-8,
53,36,
10,81,
1,-10,
-18,55,
-34,25,
-15,82,
-15,-47,
33,20,
26,-23,
37,35,
-25,-20,
22,16,
9,-2,
-19,70,
-22,41,
-21,64,
20,44,
12,10,
32,-4,
-26,-13,
-31,-20,
7,23,
-7,-9,
3,1,
-5,-13,
29,-8,
60,19,
34,19,
37,9,
-38,-1,
-3,40,
40,-35,
-56,-53,
-19,-48,
15,-10,
18,-93,
-52,6,
-49,-23,
25,46,
29,59,
45,36,
-7,-18,
5,-43,
46,-29,
2,-31,
0,64,
7,-12,
-10,-28,
26,-54,
-8,13,
16,44,
-1,26,
11,3,
62,44,
108,32,
68,13,
-42,-30,
-43,-53,
-69,-3,
-32,22,
20,28,
104,-43,
-14,29,
-1,13,
-13,9,
-14,-14,
59,12,
47,-52,
10,7,
8,21,
10,2,
-10,35,
31,-35,
40,4,
8,-16,
28,17,
35,60,
1,92,
-23,54,
-35,67,
10,35,
65,89,
-15,16,
-8,-23,
-32,-12,
0,-58,
-3,16,
-52,4,
-39,42,
-31,25,
-34,-22,
-5,-55,
-38,-41,
26,33,
-13,38,
6,5,
33,-19,
-14,-15,
-15,18,
22,-30,
40,-1,
37,-38,
2,-71,
-19,-13,
28,6,
-18,17,
10,57,
9,63,
43,44,
47,17,
27,-49,
52,-27,
68,-59,
-3,-33,
-28,-17,
-77,-40,
42,18,
64,30,
20,16,
-1,-29,
-36,1,
-17,-7,
-3,-12,
9,-2,
-62,-69,
-11,24,
-30,36,
-16,16,
20,24,
39,14,
-12,54,
23,9,
11,-2,
73,-1,
23,-9,
15,46,
-48,20,
-19,6,
12,-31,
10,21,
44,-10,
68,36,
-12,39,
44,25,
23,-54,
-2,30,
25,23,
61,22,
27,54,
17,34,
-24,-15,
28,31,
16,21,
16,1,
8,-8,
33,-24,
63,-27,
-64,0,
2,39,
-37,63,
-32,13,
29,-12,
-15,20,
-6,31,
-12,38,
43,57,
17,57,
18,31,
53,67,
-13,-22,
-4,-6,
0,-3,
-3,9,
13,10,
-44,14,
-25,-36,
96,21,
20,-20,
-20,23,
-60,16,
6,20,
-48,-19,
-22,45,
-16,44,
7,-29,
22,73,
17,43,
29,41,
28,43,
31,52,
-1,-3,
20,-38,
-26,-32,
-22,-8,
-9,59,
59,1,
-18,18,
-8,19,
42,1,
38,-7,
9,29,
2,8,
-18,-10,
23,-22,
-2,-39,
72,-31,
5,-10,
-23,30,
63,7,
-4,-20,
-24,-29,
19,-40,
-27,-8,
28,35,
16,27,
7,-24,
-6,-38,
52,14,
28,-5,
1,7,
3,3,
-23,0,
-47,63,
41,41,
106,15,
85,32,
38,-21,
-22,8,
-20,67,
-27,42,
24,42,
21,5,
-5,-4,
-74,-14,
-42,30,
-6,-5,
-35,-25,
-65,7,
-36,42,
-38,31,
-22,29,
-41,13,
13,-34,
-1,7,
37,-66,
38,29,
53,10,
-14,-6,
28,-21,
14,-35,
-22,-10,
-25,-9,
6,-64,
75,-40,
27,1,
86,-34,
49,-15,
9,-2,
-49,-2,
18,19,
49,35,
39,-14,
27,-52,
-19,-35,
36,-5,
-22,41,
-15,-23,
117,27,
963,598,
4696,4361,
4719,7070,
2754,7856,
-1204,3816,
-2630,-2761,
399,-2044,
3381,2065,
4244,4683,
3140,3239,
1461,799,
539,-74,
142,-166,
219,169,
465,543,
427,674,
278,398,
-352,-7,
-377,194,
-764,201,
-1328,-325,
-652,-265,
-209,42,
-314,-187,
-383,-445,
-493,-582,
-127,-223,
-29,-65,
-164,-23,
-367,-173,
-285,-348,
-89,-279,
31,-126,
-40,154,
-137,139,
-62,11,
194,-415,
214,-19,
-84,169,
-452,-69,
-343,-235,
10,-230,
335,49,
140,139,
-96,175,
-139,181,
-5,155,
114,-2,
180,-5,
118,-84,
-10,1,
-8,-36,
29,-252,
-29,-47,
-176,57,
-251,-18,
-151,-2,
0,-2,
66,0,
26,-139,
-49,-243,
-40,-222,
-66,-191,
-87,-161,
-144,-253,
-5,-449,
198,-193,
110,-90,
47,-19,
-29,125,
-68,104,
-114,-64,
-35,-132,
-125,-190,
-293,-309,
-326,-323,
-387,-388,
-374,-373,
-300,-310,
-221,-314,
-124,-258,
-129,-227,
-19,18,
-16,14,
-25,54,
-49,-17,
-83,20,
-188,-89,
-144,35,
-77,-22,
23,-67,
34,-81,
45,-83,
-2,-56,
37,-36,
60,20,
-27,17,
-161,-84,
-7,-16,
-48,0,
-14,31,
-166,-33,
-145,-49,
-94,-90,
-49,-86,
-80,-62,
-84,-117,
-101,-47,
-140,-25,
-77,-90,
-27,-119,
-44,-66,
-43,-29,
-59,-32,
33,-27,
-20,-35,
-55,-153,
-137,-160,
-4,-163,
-33,-138,
-17,-67,
-18,-80,
-39,-64,
-17,-50,
-7,-40,
75,-35,
33,-40,
18,-59,
-26,-18,
-74,5,
-69,83,
29,10,
33,-8,
9,3,
-8,-36,
11,-57,
38,-69,
-20,-119,
-40,-97,
-24,-42,
-6,28,
2,29,
-50,-23,
-31,-66,
-9,-69,
11,-74,
52,-32,
10,-63,
-57,1,
-92,-13,
-25,-49,
2,-69,
72,-60,
-24,-58,
-85,-45,
00>
_________________________________
00>
_________________________________
Sequence Number: 193
00>
00>
Printing STS0 CIR
00>
00>
_________________________________
00>
-54,43,
-68,1,
2,-41,
81,-22,
85,21,
21,4,
2,17,
4,8,
32,-22,
-44,68,
-45,-26,
-18,51,
-10,34,
27,43,
52,-7,
-27,-10,
53,17,
65,44,
27,-36,
55,-56,
18,-53,
84,-49,
16,8,
-21,-62,
-25,45,
36,65,
63,43,
1,21,
-58,6,
-94,-33,
-35,-21,
-17,43,
13,8,
-10,21,
-68,107,
20,109,
33,-58,
11,-46,
32,-3,
70,86,
94,75,
75,-32,
-18,-40,
8,6,
13,17,
33,-29,
80,25,
-7,19,
51,31,
21,-21,
-52,15,
-42,53,
25,25,
-38,-24,
-17,-14,
15,-20,
57,-2,
106,-26,
67,62,
63,88,
13,7,
47,-80,
43,2,
43,74,
-15,74,
75,78,
54,4,
35,8,
63,34,
-33,-11,
-16,-89,
53,-86,
17,-67,
24,-29,
83,7,
86,11,
37,19,
12,-7,
-26,-12,
-64,-20,
-58,-40,
6,-66,
-13,78,
61,-57,
8,13,
-21,-10,
28,11,
124,-3,
30,-12,
12,-9,
-39,-28,
-16,9,
23,45,
10,3,
0,18,
25,-28,
14,16,
-2,36,
-98,32,
-96,39,
49,23,
48,-83,
67,-33,
24,19,
65,26,
114,77,
49,6,
-26,-30,
-1,-34,
75,-13,
124,0,
92,81,
25,67,
32,97,
-7,6,
46,7,
84,11,
-16,35,
1,-10,
32,-4,
82,34,
53,57,
42,-36,
45,-20,
49,-21,
32,39,
52,39,
9,23,
14,41,
48,34,
60,-9,
49,11,
-17,-22,
-27,-31,
8,33,
2,16,
75,12,
43,-23,
4,82,
11,28,
-3,61,
20,24,
35,-21,
41,-13,
12,10,
81,11,
51,-9,
66,-19,
91,-2,
56,66,
14,83,
61,-24,
90,-40,
3,43,
15,65,
10,18,
73,-5,
7,21,
-14,0,
-22,-30,
-30,11,
13,61,
12,-3,
74,-34,
-23,-5,
-22,44,
-60,27,
19,32,
108,8,
127,17,
89,64,
76,13,
9,38,
30,17,
-24,17,
20,33,
24,47,
39,-65,
-9,-57,
32,-11,
57,19,
31,128,
-10,73,
27,-10,
-22,-24,
45,-17,
18,-32,
40,34,
23,-26,
47,-30,
83,-32,
40,23,
73,19,
79,2,
41,0,
-27,1,
-17,1,
36,-7,
20,7,
30,-62,
8,56,
53,41,
76,14,
39,46,
-9,20,
-16,16,
84,-22,
100,-62,
110,44,
46,-40,
37,-15,
28,35,
-5,42,
-6,14,
-6,-82,
-12,13,
74,25,
35,-23,
99,20,
76,5,
-9,-6,
-12,26,
33,24,
49,77,
153,-6,
35,-33,
27,5,
73,-12,
-30,-17,
-6,43,
-65,14,
-13,47,
-31,22,
-7,96,
26,59,
23,78,
-44,24,
-1,22,
-18,-8,
24,8,
80,3,
39,10,
84,46,
44,24,
-19,107,
34,53,
11,48,
79,-16,
31,-26,
22,-7,
20,-14,
66,-56,
17,12,
-11,114,
23,81,
34,14,
-3,-13,
16,19,
-22,47,
17,55,
39,-43,
35,-27,
82,65,
48,40,
105,4,
19,27,
34,35,
-29,66,
-44,-53,
-15,-19,
-48,56,
-19,43,
-32,0,
-24,12,
25,29,
29,24,
-40,34,
66,47,
37,28,
-52,-18,
-22,17,
3,25,
68,-19,
-3,-25,
-53,-26,
10,7,
94,5,
23,-25,
-29,-14,
58,73,
35,90,
76,84,
78,84,
41,54,
-52,1,
-90,32,
-7,24,
7,6,
4,46,
49,42,
31,-9,
18,-10,
99,-8,
-2,39,
43,98,
20,47,
5,-5,
-37,59,
-3,47,
63,36,
60,-87,
-39,-5,
-20,5,
24,-49,
-6,-49,
69,43,
4,29,
0,78,
68,0,
59,16,
-19,-54,
-7,2,
26,0,
33,34,
-22,36,
-27,70,
37,-42,
-36,-48,
-45,31,
10,46,
-6,24,
41,-16,
-46,60,
3,16,
-7,-4,
-53,-66,
-10,-19,
21,19,
24,-5,
-48,-79,
-56,-7,
-32,-20,
32,-57,
53,62,
55,12,
1,12,
-3,-81,
28,33,
44,3,
63,27,
-35,80,
-506,-117,
-2312,-1151,
-4959,-3613,
-4610,-5187,
-861,-3824,
2174,-232,
1266,1966,
-1831,2250,
-3494,2219,
-2664,2340,
-1055,1538,
-151,319,
203,-265,
15,39,
-466,247,
-718,164,
-393,-26,
120,-214,
558,-548,
651,-771,
362,-776,
-132,-419,
-245,-111,
219,-85,
628,-217,
531,-131,
159,102,
-142,213,
-208,139,
-50,27,
-101,-39,
-149,-154,
-160,-129,
-146,-29,
143,110,
300,95,
299,68,
135,-53,
80,1,
136,3,
148,28,
-16,22,
7,24,
34,115,
-9,11,
-19,-71,
-58,-46,
41,55,
119,84,
215,153,
173,164,
253,163,
242,173,
68,-26,
-92,-84,
-63,-84,
-24,43,
-12,86,
18,161,
29,169,
1,88,
52,62,
144,90,
137,94,
161,124,
330,175,
296,97,
233,-43,
59,104,
40,19,
142,-92,
274,-111,
352,-209,
209,-246,
137,-205,
274,-191,
366,-147,
213,-20,
-16,1,
-98,-65,
-62,-66,
-75,-26,
-125,59,
-49,-19,
7,4,
7,40,
-57,98,
32,-10,
-3,-68,
3,-27,
71,23,
77,112,
144,59,
130,34,
51,90,
104,93,
44,25,
71,32,
19,42,
19,61,
0,67,
69,-8,
23,-30,
58,60,
54,175,
102,44,
71,25,
58,27,
-4,62,
51,113,
89,76,
50,-4,
37,18,
34,-82,
81,-91,
33,-52,
28,43,
50,70,
55,110,
66,53,
113,4,
26,-3,
94,-8,
126,-31,
68,35,
25,8,
68,88,
15,28,
39,86,
95,45,
103,3,
79,31,
124,42,
-26,38,
7,81,
44,45,
67,80,
4,73,
-43,70,
-25,-14,
-10,-57,
-95,-11,
21,21,
-2,61,
54,4,
-16,-31,
46,67,
41,-57,
39,-15,
-28,-38,
-31,1,
-20,75,
22,-6,
99,-4,
37,54,
20,60,
86,37,
124,9,
40,-58,
15,-7,
-13,-4,
00>
_________________________________
00>
00>
Printing STS1 CIR
00>
00>
_________________________________
00>
96,26,
49,45,
-41,49,
-2,67,
45,23,
-15,-7,
52,-28,
43,6,
31,19,
57,44,
19,53,
-23,11,
-5,59,
18,35,
33,-1,
94,41,
-7,60,
21,129,
57,94,
18,17,
-10,7,
23,-12,
-32,-90,
-113,-75,
-42,-56,
89,-62,
37,-12,
-18,37,
-11,31,
34,-19,
89,-31,
46,-66,
-7,20,
3,-6,
1,21,
-9,38,
-8,17,
59,12,
56,-13,
21,-19,
10,34,
-11,40,
-26,13,
-19,-54,
-39,-7,
-28,-1,
-29,-55,
44,-18,
105,24,
24,44,
-46,-1,
-7,-90,
58,-34,
97,-8,
54,93,
13,1,
-2,-11,
-2,-18,
38,56,
8,31,
-51,30,
34,2,
19,-59,
49,-45,
76,46,
-82,31,
-12,-21,
-33,-34,
-113,6,
-33,82,
8,65,
60,46,
72,-59,
61,-38,
-5,-14,
1,-56,
-10,24,
32,35,
46,80,
-17,13,
23,-53,
57,8,
16,37,
-31,23,
-9,-17,
-34,-17,
8,7,
-92,36,
29,4,
60,36,
16,32,
34,18,
16,11,
-23,9,
24,-13,
56,11,
60,30,
57,-23,
-12,-67,
-14,-58,
23,-43,
32,-11,
44,-2,
15,-20,
-40,-80,
-54,-42,
21,-9,
77,-61,
30,-52,
-37,15,
-5,18,
30,-53,
7,-9,
-10,-53,
-12,-68,
62,-3,
20,8,
-12,33,
-58,4,
12,36,
29,38,
28,0,
13,-11,
-20,-48,
0,26,
14,25,
-31,11,
62,13,
102,-57,
69,-24,
-32,30,
-38,2,
68,36,
65,7,
61,47,
49,72,
8,54,
-38,-11,
-29,-34,
9,-7,
82,41,
59,54,
48,36,
25,45,
6,39,
51,32,
41,16,
37,77,
49,19,
-11,7,
1,-28,
9,51,
46,29,
58,-33,
-6,-90,
-9,-53,
11,-23,
31,-14,
23,-14,
-31,36,
1,48,
-22,16,
-23,-40,
26,-10,
18,26,
31,62,
35,59,
41,-86,
73,-37,
41,-28,
22,17,
22,43,
14,67,
10,-13,
-47,30,
-2,62,
8,42,
-7,-13,
22,21,
45,18,
52,-59,
45,13,
84,54,
32,17,
13,-32,
53,1,
12,-37,
16,-35,
-3,-13,
98,-3,
12,-21,
13,26,
-7,-26,
13,60,
-19,47,
-32,67,
-91,51,
-74,20,
10,70,
11,74,
25,30,
105,-19,
56,34,
44,28,
31,42,
7,51,
27,9,
32,6,
-14,-5,
55,84,
1,36,
-12,5,
0,25,
-14,48,
-8,-20,
8,-1,
2,-20,
4,32,
26,39,
25,-18,
7,9,
21,20,
36,19,
40,-1,
-34,-11,
-6,20,
51,11,
-19,91,
-29,15,
-20,61,
22,35,
-15,23,
-37,-32,
5,16,
-10,95,
59,31,
-11,-6,
14,6,
13,24,
65,5,
54,-2,
-13,37,
-59,33,
-32,21,
11,17,
106,-35,
91,-17,
147,-15,
89,-18,
-6,-42,
20,30,
-26,27,
8,9,
5,12,
-20,-48,
17,26,
5,-31,
-20,29,
-58,39,
-7,-20,
56,-49,
32,-51,
29,71,
58,51,
65,-11,
-29,-11,
-8,73,
61,45,
-17,-29,
49,-77,
7,-47,
23,-15,
57,12,
29,-42,
-9,-13,
-13,-57,
-5,-48,
26,-24,
-41,-18,
-80,7,
-42,-35,
-75,-39,
3,2,
-23,84,
-1,58,
-20,-2,
-35,60,
12,54,
10,41,
102,-18,
63,-13,
25,23,
56,26,
25,15,
-28,41,
-2,-34,
-11,14,
15,-36,
7,-23,
-31,-30,
-21,-34,
3,66,
23,21,
-33,-2,
-4,-2,
-11,-58,
22,-33,
-31,-48,
-31,-8,
31,-6,
40,5,
77,-42,
-27,32,
14,23,
-15,16,
-43,27,
-98,-26,
-16,-43,
33,-7,
15,50,
26,34,
69,55,
67,66,
36,60,
-39,19,
-72,79,
35,39,
80,72,
87,95,
19,77,
26,-7,
5,-33,
-29,35,
61,19,
33,47,
48,-4,
31,-57,
57,-10,
14,-33,
4,-16,
12,-15,
26,33,
-19,94,
24,105,
-71,48,
28,26,
-13,1,
-4,-61,
17,29,
27,-22,
-21,1,
-545,-30,
-2501,-625,
-5731,-2620,
-6069,-4435,
-2265,-4275,
2407,-1010,
3777,1845,
2870,3310,
3008,3658,
3755,3215,
2937,1876,
888,483,
-212,-257,
-29,-126,
542,268,
805,339,
572,104,
140,-82,
26,-516,
229,-586,
229,-699,
-90,-171,
-172,202,
54,273,
325,58,
392,-32,
164,16,
-56,31,
-257,171,
-415,231,
-352,79,
-181,-90,
-179,-200,
-294,-129,
-202,-67,
-93,-8,
-91,-39,
-142,-12,
-180,79,
-242,260,
-274,362,
-401,393,
-349,108,
-167,-71,
-30,-108,
30,-5,
41,7,
-3,-28,
26,-85,
101,-110,
156,-58,
210,131,
295,227,
250,117,
156,-47,
19,-206,
96,-281,
-20,-277,
-52,-39,
-71,82,
-12,90,
44,108,
42,16,
41,-11,
42,50,
82,215,
70,214,
-66,128,
-179,67,
-193,54,
-95,-16,
49,-50,
188,-63,
104,-157,
155,-315,
314,-300,
304,-231,
194,-150,
47,-139,
46,-145,
95,-138,
-33,-152,
-171,-86,
-144,65,
-81,80,
76,-58,
96,-140,
84,-239,
99,-59,
126,23,
147,202,
47,150,
28,70,
-18,-39,
6,-91,
107,-65,
101,-35,
38,-69,
30,-59,
-21,-41,
59,1,
27,29,
-7,129,
24,76,
21,66,
-44,48,
10,38,
-35,0,
-89,-44,
-37,-5,
-49,72,
0,8,
-20,57,
-35,39,
-22,39,
4,100,
-77,119,
-41,70,
-35,51,
36,46,
14,20,
48,17,
34,16,
32,30,
19,37,
5,49,
-51,87,
-70,60,
-48,52,
-18,-12,
-33,88,
-33,103,
-23,90,
25,-4,
27,-67,
20,-57,
-87,66,
-33,135,
6,66,
-18,-62,
-3,-38,
7,-38,
3,-26,
24,-35,
38,-6,
21,21,
-49,-11,
-38,-11,
-85,-14,
-44,-3,
-19,3,
7,34,
33,9,
30,20,
35,-30,
23,24,
-13,-43,
13,10,
0,13,
-7,15,
-15,33,
00>
_________________________________
00>
RX Timestamp: 801613696199
00>
Clock Offset: -628.567 Hz, 0.079 ppm
00>
RX Timestamp: 802685516122
00>
Clock Offset: -1145.554 Hz, 0.143 ppm
00>