Sequence Number: 206
00>
00>
Printing STS0 CIR
00>
00>
_________________________________
00>
-55,22,
-43,-4,
-21,30,
35,6,
49,7,
17,-16,
5,-25,
44,1,
33,-7,
-22,-27,
16,-27,
-20,-53,
15,-92,
-28,-7,
-19,-22,
-22,1,
10,9,
-9,-10,
-25,-13,
-11,-4,
9,-3,
15,2,
-29,47,
49,20,
21,26,
-57,-53,
-17,-13,
31,1,
49,24,
63,-23,
-20,-79,
9,11,
-2,-6,
31,-39,
34,-17,
-11,-45,
-5,-10,
-15,1,
49,7,
47,-19,
-25,27,
0,8,
19,38,
-56,-84,
-34,-20,
-8,23,
41,-6,
-19,-45,
-58,-17,
-5,12,
-24,35,
22,-17,
-29,-14,
49,-24,
49,34,
57,-26,
6,-46,
0,12,
42,6,
4,71,
-7,41,
-8,-59,
44,-6,
39,23,
-31,-6,
-29,-2,
6,-49,
-34,32,
46,82,
61,26,
15,-51,
-62,-18,
22,38,
7,70,
27,37,
-57,8,
-74,29,
-76,11,
-27,-41,
26,55,
-11,1,
19,-29,
-18,-33,
64,-35,
46,16,
25,113,
-35,52,
-18,-55,
-11,69,
20,94,
-18,37,
-75,25,
-71,-40,
7,-72,
22,2,
-14,-13,
1,41,
-19,-33,
22,-59,
59,-13,
-5,5,
0,-9,
19,13,
51,11,
22,6,
-2,-77,
1,-83,
-10,-57,
-61,-43,
-41,-31,
5,-34,
-45,-5,
-5,-34,
-8,-31,
18,-28,
-21,-41,
41,-6,
12,40,
42,54,
-102,9,
15,-38,
16,29,
33,-21,
9,59,
-23,48,
58,-16,
92,10,
48,9,
73,8,
35,4,
31,46,
-12,-7,
-14,21,
33,1,
1,-90,
15,-42,
30,-52,
22,-58,
5,-32,
-1,-32,
-10,-42,
2,-54,
45,-59,
31,-36,
6,-27,
33,-37,
9,-66,
31,-9,
7,2,
-45,35,
54,23,
4,3,
-24,-2,
-41,22,
16,35,
-42,4,
-44,-10,
-47,7,
-10,-33,
42,-19,
-3,-81,
-12,-74,
-38,-3,
3,43,
23,32,
-26,2,
45,24,
22,1,
19,19,
65,-57,
11,-49,
-24,10,
-51,-30,
-27,-47,
38,-41,
-18,0,
-46,8,
36,25,
62,-34,
32,1,
-8,11,
-50,13,
25,12,
-13,11,
17,9,
-11,-5,
15,-36,
-2,-23,
1,-4,
-39,-42,
-3,-28,
-13,-60,
88,-13,
15,7,
-40,-38,
-42,-67,
-14,-47,
-18,4,
35,-6,
35,2,
-6,-4,
16,22,
8,-21,
-9,-11,
39,-87,
48,-32,
-3,-64,
53,-55,
23,-24,
-41,-43,
-24,-62,
-45,18,
-52,40,
-12,-19,
-44,-18,
-12,25,
71,24,
-7,-35,
-48,45,
-14,17,
37,-16,
30,-10,
84,41,
90,-64,
48,-89,
-3,-42,
-23,25,
24,51,
17,-44,
2,36,
46,32,
36,-5,
-10,43,
-44,-33,
-37,-45,
-8,-99,
56,-8,
52,-3,
33,23,
-35,-52,
-43,-17,
-61,45,
-31,41,
-10,-26,
-55,-60,
-4,46,
-17,45,
-28,-58,
-39,-30,
-92,20,
6,-5,
60,1,
81,17,
10,34,
16,33,
53,-10,
8,28,
-16,-9,
-3,0,
18,2,
9,-17,
-1,-49,
-35,-75,
-23,-101,
-9,-29,
-5,0,
-8,37,
47,-10,
24,-39,
-24,11,
-37,39,
-48,-46,
17,-43,
-25,-122,
-36,-40,
13,21,
30,10,
72,-12,
45,40,
21,-25,
9,23,
5,-18,
47,7,
92,-52,
16,-2,
-58,-36,
-19,-16,
-13,-41,
24,6,
1,-19,
-53,-59,
-13,-69,
8,-37,
-74,-13,
36,-43,
23,-43,
7,-41,
32,-21,
0,24,
-34,70,
10,39,
52,-6,
0,20,
69,118,
0,42,
-24,23,
15,-21,
85,-48,
7,16,
27,19,
12,-33,
88,12,
41,58,
69,98,
67,-38,
3,-83,
-43,-8,
19,-52,
-24,-45,
36,-37,
28,-16,
20,15,
-31,-3,
-44,-12,
-20,-20,
-1,-32,
22,-17,
64,-16,
57,14,
57,33,
10,40,
49,-33,
25,-62,
-6,-26,
19,8,
76,-13,
31,47,
-56,43,
-11,-26,
32,20,
4,57,
1,58,
9,65,
-62,19,
-29,4,
56,-56,
-5,-81,
61,20,
-18,-6,
18,1,
55,25,
59,-20,
29,15,
-41,82,
18,10,
14,-40,
-10,9,
-67,552,
-1259,3183,
-4452,6694,
-5970,6349,
-5704,3347,
-351,-1954,
3362,-4267,
4233,-4099,
5062,-4832,
6091,-5159,
5974,-4035,
2840,-1481,
171,-95,
-470,54,
-154,-64,
-16,-41,
-148,-20,
-336,-32,
-287,-40,
-277,-180,
-415,-40,
-228,234,
-201,499,
23,562,
213,326,
159,140,
-9,-101,
-401,-128,
-631,-188,
-708,-103,
-363,-40,
9,135,
192,136,
77,124,
-34,98,
-38,53,
-167,-50,
-224,-399,
-39,-533,
308,-253,
519,131,
372,295,
213,250,
4,179,
28,159,
-64,129,
-161,94,
-213,-30,
-186,10,
-181,195,
-149,106,
-125,-37,
-275,38,
-180,20,
-35,93,
132,-62,
225,-23,
2,1,
-33,25,
-87,105,
48,34,
54,17,
54,-54,
54,-126,
121,-69,
183,-113,
107,-13,
27,29,
24,176,
-30,108,
-64,-79,
-33,-180,
-54,-142,
-90,-72,
-178,-11,
-97,-57,
17,-226,
89,-214,
46,-33,
-6,61,
-26,79,
181,30,
191,101,
20,64,
-82,-6,
-72,-70,
-18,-119,
36,-53,
27,-25,
-10,-95,
68,-53,
43,-1,
37,67,
-28,57,
26,-4,
9,-59,
56,-68,
100,-141,
0,-25,
6,-6,
-45,-40,
-71,11,
39,94,
3,75,
36,38,
39,1,
13,-12,
-28,-9,
26,4,
-6,41,
-89,-15,
-58,-4,
-38,-33,
27,36,
54,30,
64,33,
72,127,
40,99,
-19,54,
-17,45,
29,-96,
-70,-62,
27,-13,
111,4,
81,-24,
-7,-48,
-40,16,
-56,4,
-27,32,
-36,-21,
14,25,
57,58,
-28,20,
-31,-32,
44,24,
64,28,
71,-27,
-5,-45,
29,-49,
91,8,
74,35,
6,60,
-36,0,
-19,-23,
-42,-78,
-13,-12,
70,32,
6,7,
-47,32,
-15,-28,
53,-13,
56,41,
-44,35,
18,12,
84,55,
00>
_________________________________
00>
00>
Printing STS1 CIR
00>
00>
_________________________________
00>
20,21,
28,-19,
3,-13,
-5,-9,
-12,-22,
8,-8,
58,15,
63,17,
20,2,
23,46,
17,28,
5,-11,
17,-49,
20,4,
-5,29,
31,48,
33,36,
19,43,
9,43,
18,-25,
-2,-67,
54,-79,
40,-45,
-27,-64,
-42,-46,
11,-57,
38,-6,
52,56,
-7,32,
-48,-7,
-21,18,
17,25,
-5,6,
-6,-23,
31,-1,
38,19,
-31,46,
-28,97,
-47,44,
58,32,
79,54,
6,-29,
-35,-17,
-8,48,
25,51,
69,28,
0,-24,
-21,-3,
0,-1,
-10,47,
-4,2,
-23,78,
-16,32,
-13,84,
-40,43,
56,52,
64,42,
15,28,
28,-10,
26,25,
3,-1,
50,13,
76,10,
-4,3,
6,-24,
-56,-2,
52,3,
70,1,
-5,25,
-28,-19,
21,-5,
50,30,
50,28,
43,35,
24,11,
5,-8,
68,-3,
43,-24,
-11,52,
-20,-25,
-12,-20,
-12,3,
34,13,
-2,11,
-23,20,
46,17,
46,-32,
50,37,
-8,4,
-7,-13,
-41,22,
-3,47,
3,-41,
-13,2,
-22,30,
-7,-2,
5,-20,
12,3,
51,43,
56,-23,
45,-1,
-2,7,
-37,49,
72,38,
79,23,
5,-12,
-8,-33,
5,-41,
-30,-30,
-5,-23,
-52,-6,
-41,-20,
25,-21,
48,25,
52,-59,
86,14,
-29,-10,
-62,7,
33,-1,
-10,-2,
-4,8,
11,16,
29,34,
26,45,
53,72,
102,49,
61,24,
30,-29,
21,40,
-2,-2,
17,7,
-26,75,
21,52,
30,22,
-7,-5,
-60,-43,
30,26,
37,-2,
10,22,
-7,35,
-3,7,
24,76,
25,32,
72,74,
44,47,
43,21,
37,4,
-26,-15,
11,-33,
43,-24,
67,-41,
92,86,
26,73,
-4,18,
-22,18,
-15,32,
-21,98,
58,74,
40,25,
-38,81,
50,32,
52,-4,
28,-3,
30,23,
18,-6,
42,9,
53,20,
85,11,
33,-2,
2,-3,
45,-27,
16,33,
37,58,
9,93,
23,73,
16,76,
-11,46,
27,-12,
31,0,
54,19,
73,-17,
21,-2,
8,-22,
36,-21,
0,-8,
3,-10,
13,9,
-52,-21,
-38,-35,
16,-62,
33,-36,
47,-53,
29,-17,
65,-28,
22,2,
5,-2,
-38,21,
-59,46,
51,5,
50,70,
41,81,
77,153,
111,60,
39,10,
8,45,
-48,55,
64,17,
25,-20,
-6,-49,
-4,0,
48,-33,
78,-33,
35,-11,
9,3,
38,11,
-6,-32,
-15,-6,
8,-68,
3,-21,
-15,7,
-19,52,
40,-23,
-41,-13,
-61,18,
-37,82,
-18,7,
61,12,
50,30,
19,33,
45,68,
-10,35,
-60,-17,
-72,-30,
-66,-27,
43,15,
7,-5,
-12,54,
-36,35,
-64,39,
-50,64,
19,29,
41,-1,
22,-1,
49,41,
15,12,
-46,15,
23,42,
-45,-13,
-45,5,
-71,31,
-3,29,
38,36,
-1,-7,
-101,38,
9,20,
28,60,
28,35,
-3,27,
-41,3,
7,25,
36,54,
44,-35,
31,-37,
-19,1,
-15,-6,
20,-69,
-46,-3,
-24,-5,
-92,3,
-15,-6,
18,48,
67,63,
12,79,
14,-1,
54,18,
27,18,
59,43,
51,-59,
-62,-10,
-5,20,
79,19,
73,-32,
83,-6,
19,24,
-14,-41,
48,-89,
35,32,
23,36,
37,18,
39,15,
33,-21,
88,-28,
15,45,
2,9,
-56,31,
-30,-10,
8,33,
46,48,
64,-6,
-15,57,
-18,-7,
-52,118,
-16,76,
23,35,
43,11,
11,17,
18,53,
41,1,
83,6,
36,-13,
10,-12,
-59,71,
-51,-13,
-17,-5,
10,-61,
-28,17,
-46,98,
-31,20,
40,6,
9,2,
-36,41,
-3,49,
-16,62,
1,31,
-4,42,
-44,26,
-28,33,
8,-8,
38,-8,
21,34,
-7,75,
-23,49,
-55,10,
96,28,
39,30,
-74,21,
-57,43,
30,-47,
108,-41,
37,-4,
19,34,
-23,61,
19,2,
-52,1,
-22,17,
-9,7,
84,68,
61,63,
-65,53,
-72,71,
12,65,
63,68,
50,-24,
6,-2,
-3,3,
-8,21,
12,51,
-226,631,
-1843,3317,
-4623,6494,
-5961,6579,
-5762,4920,
-1275,470,
1015,-294,
316,2099,
-1293,4769,
-1788,4725,
-1147,2567,
-383,522,
95,-440,
277,-567,
221,-243,
77,-53,
36,-104,
222,-69,
389,222,
408,325,
281,251,
-57,-135,
1,-313,
283,-485,
478,-616,
443,-689,
430,-506,
399,-44,
436,212,
413,298,
239,144,
108,141,
-66,184,
-72,109,
49,-95,
23,-102,
147,-157,
203,-153,
166,-84,
152,-120,
227,-220,
124,-257,
66,-274,
44,-111,
42,-73,
5,-66,
-113,-68,
-127,-77,
-87,-190,
-44,-303,
-126,-167,
-21,-51,
12,-55,
-40,-17,
-66,-44,
15,-72,
116,-104,
83,-21,
17,-58,
-51,-110,
-11,-93,
48,-53,
40,-114,
105,-157,
73,-137,
116,-197,
59,-57,
81,28,
228,86,
258,46,
137,-67,
-18,-125,
-179,-78,
-129,-137,
-35,-260,
-9,-270,
71,-214,
99,-117,
130,-33,
62,-119,
170,-150,
231,-181,
204,41,
103,61,
-30,-27,
-46,-94,
48,-102,
87,-112,
126,-51,
114,10,
43,-141,
91,-159,
52,-123,
29,-60,
20,-29,
12,-68,
73,-170,
79,-243,
-28,-72,
-59,-81,
-68,-169,
34,-170,
61,-120,
31,-143,
-24,-68,
-75,-128,
-44,-176,
2,-111,
55,-53,
62,-72,
52,-64,
40,-84,
140,-90,
96,-91,
74,-2,
23,-13,
186,-93,
154,-137,
64,-86,
8,-4,
27,-40,
128,-95,
124,-112,
103,-98,
152,-86,
24,-38,
62,-9,
39,1,
3,-7,
66,-106,
-88,-101,
-114,-99,
-65,-179,
94,-61,
46,-39,
32,-48,
29,-115,
17,-130,
-18,-152,
67,-110,
91,-44,
42,-81,
22,-57,
21,-97,
96,-93,
29,-24,
102,74,
72,61,
72,-11,
60,-9,
139,-55,
128,-132,
83,-89,
61,-22,
21,-76,
00>
_________________________________
00>
_________________________________
Sequence Number: 209
00>
00>
Printing STS0 CIR
00>
00>
_________________________________
00>
-39,12,
-27,13,
-54,2,
5,-10,
28,-22,
8,-43,
-48,-20,
-14,-14,
6,-19,
-20,-47,
6,-48,
-51,-43,
56,-5,
118,52,
37,-9,
-53,-21,
-48,-9,
17,53,
12,-6,
7,22,
57,-10,
87,-1,
-18,-67,
-27,-64,
-43,-6,
-7,11,
-13,-36,
-62,-41,
-47,11,
1,50,
30,50,
28,-17,
-73,-36,
-3,-93,
-27,-36,
10,-2,
24,-29,
109,-14,
71,10,
46,-12,
-1,-58,
-17,-1,
2,-44,
9,-32,
-22,40,
-23,36,
25,-26,
66,18,
7,8,
8,1,
-54,-38,
49,30,
28,22,
-40,-24,
18,36,
82,64,
-9,48,
-36,14,
43,18,
65,8,
22,8,
-34,24,
-8,4,
4,22,
0,-10,
39,29,
1,-2,
-6,-8,
23,16,
41,37,
30,45,
44,14,
-3,-25,
57,-10,
-31,-78,
25,-64,
68,-24,
77,-9,
-2,5,
12,-9,
15,35,
-22,31,
-24,3,
36,-22,
41,-21,
65,15,
7,44,
-31,-35,
16,-6,
34,-34,
28,-20,
6,-4,
-28,-20,
-34,22,
-20,35,
33,5,
-18,-48,
-60,-34,
-7,-41,
-24,-47,
-8,2,
50,52,
12,12,
-23,27,
-15,14,
-24,55,
-14,-9,
68,51,
54,23,
22,-13,
53,-34,
-2,-44,
54,43,
30,37,
4,22,
17,-19,
5,-18,
31,3,
21,17,
22,-28,
26,-40,
-62,9,
-65,56,
26,23,
-10,-10,
-27,-16,
-24,13,
-52,51,
-41,26,
-11,3,
37,20,
31,-2,
99,-25,
8,-5,
42,-38,
16,31,
9,39,
-13,1,
18,-62,
-60,-38,
-17,-23,
-29,33,
-11,91,
-48,-18,
-4,-33,
8,-8,
-23,23,
12,-2,
-2,31,
10,36,
-24,46,
-47,-36,
-31,-3,
-25,8,
-4,33,
-61,72,
-53,-12,
71,-19,
48,94,
-38,48,
-10,32,
5,20,
18,26,
72,-55,
75,-2,
27,-15,
22,52,
27,67,
-1,-21,
27,-15,
-4,52,
57,-13,
29,-31,
-28,28,
-15,19,
-7,21,
33,17,
85,-2,
61,32,
31,13,
-61,13,
-99,88,
-47,41,
13,-5,
53,21,
-93,37,
-63,30,
20,30,
48,-25,
10,9,
33,18,
3,43,
3,31,
42,56,
37,35,
70,-1,
29,12,
56,13,
89,20,
-46,14,
-54,-20,
1,-12,
59,-23,
38,-15,
3,-20,
-27,-33,
-5,-18,
41,20,
7,-14,
-17,-18,
9,73,
-97,86,
-64,35,
-33,-15,
49,-49,
34,104,
-1,75,
-23,100,
-28,-42,
-3,-10,
-68,9,
20,50,
40,61,
18,21,
-3,56,
-15,42,
-21,-48,
54,14,
58,3,
51,49,
24,36,
-69,-92,
12,-20,
56,-31,
78,-75,
28,0,
-18,-6,
32,54,
12,39,
58,95,
62,24,
12,26,
15,-3,
-33,51,
-49,85,
-8,61,
-3,24,
83,36,
83,8,
-40,13,
-10,9,
35,-100,
36,-32,
26,20,
-3,-15,
22,-43,
6,2,
3,31,
-67,15,
-47,-26,
-34,-40,
-104,1,
-60,74,
-7,49,
11,-24,
47,20,
34,43,
30,-32,
9,-1,
76,-18,
10,-6,
21,-51,
51,-18,
-20,42,
-77,-7,
-30,-48,
68,-39,
80,-7,
36,19,
56,-7,
21,-27,
16,41,
8,69,
2,9,
-78,54,
29,17,
32,36,
22,35,
-4,-13,
40,38,
-4,79,
-39,48,
-43,70,
-81,-8,
27,11,
26,-13,
61,-25,
-26,15,
-25,-18,
59,28,
47,52,
-34,-15,
0,-40,
-11,-10,
48,-8,
77,30,
58,33,
-27,8,
-22,0,
55,58,
-33,83,
-28,38,
54,-55,
-9,-77,
-38,-14,
-20,-24,
-41,-7,
22,48,
0,29,
-64,23,
-19,8,
44,78,
70,-9,
-53,14,
-26,21,
1,14,
-43,73,
-30,-33,
-17,18,
-8,-14,
-74,9,
50,21,
-4,2,
28,22,
42,-27,
15,23,
7,13,
16,-6,
-15,49,
-8,-14,
49,-16,
89,32,
9,12,
20,27,
-20,-48,
-26,-93,
-35,-22,
-103,35,
3,-8,
2,-39,
6,-32,
4,-31,
34,27,
461,565,
2452,3521,
3685,7411,
2398,7937,
-454,7621,
-2810,1015,
-900,-1787,
2848,-19,
5169,2823,
4531,3289,
2369,1513,
681,-18,
-72,-560,
-165,-379,
-102,-98,
-102,-86,
-78,-157,
3,-401,
318,-301,
291,-129,
44,-43,
-327,332,
-233,353,
-211,-31,
-246,-365,
-236,-454,
-107,-568,
226,-693,
360,-778,
397,-638,
264,-263,
79,153,
-8,247,
-119,143,
-87,-12,
-132,-2,
-343,-143,
-108,-294,
169,-145,
389,-31,
327,59,
105,-1,
-77,-107,
-85,-195,
-24,-202,
-5,-162,
-107,-111,
-186,-123,
-198,-5,
-266,-20,
-147,-10,
-77,-8,
71,-41,
138,-76,
218,-77,
232,-50,
18,-82,
-109,-4,
-195,39,
-136,78,
-138,86,
-147,-9,
-111,6,
-64,-81,
-64,-58,
-191,50,
-188,56,
-79,31,
-32,-86,
113,-200,
-18,-84,
-170,-105,
-192,-147,
-95,0,
-136,39,
-209,-8,
-199,-202,
-20,-248,
73,-226,
3,-171,
-147,-163,
-275,-326,
-1,-109,
13,-21,
-15,26,
-127,159,
-77,27,
-42,-107,
-92,-91,
-88,-31,
-82,-33,
-104,-92,
-155,-177,
-64,-130,
-54,-77,
-67,-34,
-67,-91,
-21,-140,
74,-54,
54,-70,
-42,-61,
-78,-52,
-92,-81,
-100,-86,
-41,-48,
-83,-24,
-144,-55,
-161,-131,
-163,-154,
-47,-34,
-3,-35,
-20,-21,
-74,-23,
-40,-81,
-31,-80,
-44,-7,
-28,-23,
50,-100,
-12,-119,
2,-56,
-4,-118,
46,-98,
23,-103,
-52,-27,
-81,-38,
-109,-78,
-131,-113,
-49,-169,
-77,-127,
-76,-125,
-78,-14,
-52,-6,
38,-18,
-9,-37,
-79,-79,
-183,-155,
-126,-155,
-125,-113,
-47,7,
-24,-37,
-76,-95,
-36,-71,
-87,-72,
-58,-89,
-22,-45,
-23,-35,
-40,-4,
-47,-9,
-144,-71,
-63,-132,
-69,-145,
-47,-30,
-5,26,
-39,20,
-47,-67,
-12,-53,
-24,3,
-53,11,
12,-40,
00>
_________________________________
00>
00>
Printing STS1 CIR
00>
00>
_________________________________
00>
23,-3,
-35,22,
23,62,
19,25,
38,22,
13,40,
30,-31,
1,11,
19,-9,
23,-5,
60,20,
56,18,
33,0,
34,0,
29,41,
25,-3,
13,-28,
-7,-49,
8,-28,
20,15,
-15,28,
28,19,
-3,-6,
-29,-16,
7,5,
8,28,
0,5,
0,15,
15,-48,
-27,-12,
-15,6,
15,35,
-15,-4,
-9,-66,
-6,-58,
-19,3,
-11,-33,
-22,33,
23,46,
38,-34,
49,-6,
42,-67,
46,8,
-34,-26,
4,-60,
-37,-42,
-11,-20,
38,8,
24,4,
28,8,
-6,48,
-27,84,
-65,77,
-49,65,
-27,-18,
13,-64,
28,-3,
34,-10,
68,9,
38,-57,
6,-26,
17,12,
48,43,
48,35,
-13,-21,
29,-9,
-25,-52,
-48,-5,
-39,43,
-25,25,
31,-11,
62,-31,
53,21,
33,36,
3,30,
64,-19,
28,10,
22,-7,
-3,-29,
-18,-12,
-43,8,
-27,36,
92,-67,
131,-69,
80,14,
89,7,
43,35,
-70,27,
-86,37,
-39,29,
14,-27,
99,-11,
-25,-17,
-36,-15,
21,6,
45,-5,
32,-52,
-3,41,
-9,49,
44,-14,
37,-20,
57,-34,
8,54,
-8,31,
-35,14,
20,11,
61,-9,
18,-26,
-31,-44,
-28,-84,
13,-17,
-32,42,
-49,28,
11,-41,
-38,-2,
-8,12,
-50,0,
-42,16,
25,12,
6,-5,
85,6,
23,-13,
20,33,
29,32,
46,3,
25,-30,
-24,10,
-44,-34,
3,32,
41,6,
29,-19,
12,-4,
21,-15,
-5,-25,
-47,33,
-46,61,
-99,45,
-37,25,
-14,-46,
-12,16,
14,43,
-2,11,
-2,-44,
-13,-22,
65,54,
64,10,
7,2,
10,3,
-14,-2,
13,28,
-19,37,
46,5,
100,-5,
-22,-34,
-12,41,
-45,-11,
11,21,
41,37,
-2,46,
34,48,
25,72,
2,23,
67,-46,
112,-49,
67,-23,
47,-8,
5,17,
-35,17,
-3,11,
20,58,
-28,78,
-123,50,
-16,-42,
0,-50,
31,-4,
-23,29,
15,54,
-29,-30,
-70,-66,
-31,30,
-28,20,
59,35,
8,-28,
-55,-25,
-29,-53,
97,-98,
100,31,
80,17,
19,11,
44,-30,
27,7,
-2,11,
38,37,
99,-15,
46,-63,
79,-48,
66,-3,
-11,1,
-24,19,
-2,41,
-44,62,
27,50,
82,34,
-19,60,
-48,36,
-17,34,
41,6,
18,19,
65,40,
31,-7,
54,48,
43,44,
28,8,
30,-52,
64,-51,
4,18,
-4,54,
13,-3,
72,27,
48,45,
37,54,
-40,-28,
1,-4,
32,-26,
-45,-14,
-68,-7,
-55,23,
-28,4,
-26,12,
-34,-2,
-39,48,
85,66,
56,-48,
13,4,
-49,-6,
-13,93,
-7,39,
-19,12,
54,-7,
23,-20,
52,-13,
-13,-36,
-6,-11,
-56,72,
-8,47,
38,22,
43,4,
8,-21,
-69,62,
-42,50,
-20,10,
-28,-17,
-15,-85,
27,13,
-8,31,
-66,70,
-14,27,
3,-32,
35,-9,
25,36,
16,20,
60,20,
33,2,
23,19,
22,17,
57,-34,
9,3,
-37,1,
5,37,
7,18,
6,-16,
30,7,
25,12,
-47,10,
-47,55,
52,4,
34,-39,
-4,-6,
-59,1,
18,6,
67,23,
60,31,
32,43,
-40,58,
-49,31,
10,23,
60,-33,
33,-22,
25,29,
-74,-6,
-70,-26,
-22,17,
-72,32,
-11,30,
-18,26,
26,16,
17,19,
-10,-23,
1,-50,
22,13,
49,-53,
12,-9,
40,8,
-4,-10,
-23,-47,
-11,6,
-48,7,
-11,30,
43,42,
-27,46,
-47,55,
2,30,
57,-18,
-40,11,
-54,51,
-22,38,
32,-18,
7,44,
-12,40,
17,-40,
79,-8,
33,65,
-57,47,
-41,38,
-62,26,
-48,-3,
-8,2,
53,-23,
1,25,
13,32,
5,8,
-65,-13,
-99,9,
-43,26,
-35,0,
-25,-28,
32,-11,
22,34,
46,-14,
66,2,
48,-1,
-24,26,
-28,69,
-13,46,
42,-22,
33,52,
37,30,
30,21,
41,-6,
63,52,
47,22,
29,29,
50,65,
392,482,
2259,3131,
4332,6903,
3976,7703,
2070,7827,
-759,1802,
-1633,-2411,
-1238,-1722,
-1581,218,
-2494,710,
-2106,21,
-875,-485,
-86,-434,
2,-284,
-89,-184,
-48,-105,
-112,-9,
-408,148,
-571,233,
-487,166,
-304,139,
160,337,
565,265,
409,-181,
162,-441,
38,-353,
40,-249,
-7,-199,
-136,-4,
-119,196,
11,207,
94,0,
85,-168,
-250,-342,
-149,-70,
-177,6,
-92,-99,
24,-254,
128,-394,
277,-285,
314,-173,
195,-147,
88,-325,
29,-310,
-30,-249,
-84,-112,
-32,-87,
107,-12,
180,128,
270,437,
81,145,
9,70,
-27,5,
-40,-75,
-11,-159,
-1,-141,
-9,-133,
2,8,
49,16,
55,-48,
-58,-89,
-121,-76,
-224,-41,
-158,42,
-161,30,
-283,149,
-176,108,
23,52,
175,-10,
187,-76,
147,-105,
54,-34,
-42,77,
-202,103,
-189,30,
-81,-55,
-1,-170,
20,-207,
109,-82,
109,42,
82,84,
84,-103,
95,-59,
34,10,
-73,-32,
-37,-35,
-22,-46,
-39,-83,
-49,-102,
-11,-155,
48,-103,
33,-105,
-9,-68,
-17,-60,
-37,-76,
15,-36,
58,-4,
40,-66,
41,-22,
34,12,
30,23,
77,-20,
20,-79,
-9,-95,
39,-129,
42,-85,
37,53,
30,17,
-10,8,
7,-32,
-2,-35,
10,-52,
-26,-81,
-98,-32,
3,18,
41,44,
49,13,
-8,-24,
43,-52,
29,-15,
53,-65,
103,-84,
123,-25,
104,-44,
31,-79,
8,-58,
2,-69,
1,-105,
-29,-22,
-36,-111,
-4,-49,
67,-21,
51,-18,
-8,-35,
-26,-65,
-42,-91,
-36,-84,
12,-51,
14,-7,
39,-48,
56,-55,
103,-79,
105,-21,
23,-21,
-22,-37,
-82,-97,
16,-17,
11,-38,
-17,-27,
-18,-5,
53,-85,
90,-64,
37,-12,
-3,-23,
10,-88,
32,-156,
48,-49,
43,-31,
89,-47,
00>
_________________________________
00>
RX Timestamp: 633522665701
00>
Clock Offset: 1811.314 Hz, -0.227 ppm
00>
RX Timestamp: 634597324249
00>
Clock Offset: 2227.879 Hz, -0.279 ppm
00>
_________________________________
Sequence Number: 86
00>
00>
Printing STS0 CIR
00>
00>
_________________________________
00>
4,-31,
-20,-29,
33,14,
58,5,
34,0,
23,19,
48,29,
71,46,
37,2,
-25,-17,
-37,-11,
-41,31,
15,29,
-17,6,
14,38,
29,0,
-28,12,
-15,15,
18,19,
1,-16,
-23,-45,
-22,-60,
53,-2,
-2,-58,
62,-8,
0,72,
-19,50,
50,4,
-3,-37,
93,2,
12,35,
-25,-5,
-13,39,
1,77,
-8,39,
20,15,
78,39,
109,81,
36,33,
-69,53,
21,-21,
-4,-48,
27,-15,
21,-38,
-9,-35,
0,-48,
21,16,
35,11,
40,-5,
8,-36,
-48,-45,
19,-37,
-3,-36,
-18,-35,
13,9,
1,-24,
-63,48,
-17,43,
9,-16,
21,26,
-42,62,
20,47,
28,29,
2,-29,
-3,-30,
-22,-11,
-30,17,
21,32,
85,34,
64,-5,
82,-2,
-46,64,
-10,58,
50,-6,
-29,3,
-71,-20,
0,44,
14,57,
22,36,
-37,39,
34,14,
35,23,
-3,18,
65,64,
78,36,
46,10,
35,75,
-13,32,
-90,-38,
-84,-39,
-71,13,
-76,31,
-42,-50,
-9,-9,
-4,64,
57,25,
6,12,
3,45,
-44,8,
-9,18,
-39,-38,
4,45,
-46,40,
10,37,
-10,9,
-39,-5,
-75,28,
-23,-13,
-70,-13,
20,-38,
-10,25,
31,17,
60,-13,
34,31,
16,89,
-11,31,
-72,24,
-63,-3,
15,10,
28,-38,
41,10,
45,45,
71,27,
19,13,
43,-91,
5,-21,
29,42,
-26,47,
19,45,
20,-8,
9,-10,
21,-13,
-25,6,
-3,56,
-16,25,
56,-19,
1,-35,
-20,-123,
-73,-9,
-34,20,
1,42,
-4,-16,
32,-53,
40,-13,
44,39,
-19,2,
-10,4,
-16,-8,
2,28,
59,30,
46,4,
24,-14,
92,78,
28,101,
25,54,
5,43,
-30,9,
54,25,
-7,22,
8,35,
27,38,
33,21,
3,31,
35,-30,
110,7,
63,0,
40,35,
-9,33,
-27,27,
-86,-23,
-23,-56,
-46,-27,
-13,-44,
-44,28,
20,34,
19,-32,
45,10,
26,-35,
60,5,
-30,-17,
51,-1,
96,11,
83,22,
-31,4,
26,4,
-64,-38,
-81,-99,
-74,-49,
-8,-40,
-5,-20,
-23,-59,
30,62,
30,-1,
3,15,
21,35,
3,-10,
17,67,
89,51,
36,-20,
0,-52,
-66,-19,
-43,-32,
40,-34,
35,-28,
-52,6,
7,32,
-1,31,
48,18,
-1,17,
23,11,
-46,-32,
51,10,
-8,-18,
-3,7,
-23,26,
-11,17,
-28,-24,
9,-25,
75,-54,
14,-1,
-25,-54,
13,-16,
14,-10,
29,-4,
37,35,
32,-40,
-23,-20,
-2,-19,
-54,-4,
-51,1,
52,-4,
23,51,
33,8,
2,30,
-5,37,
81,26,
-17,45,
5,-13,
-12,-17,
5,-38,
28,-26,
-7,-8,
-45,-29,
-24,-28,
7,-31,
18,-1,
25,4,
-4,19,
82,75,
-11,50,
-32,36,
-30,73,
-17,33,
65,-1,
20,-15,
27,-41,
-19,31,
-17,13,
15,-66,
-90,31,
-56,6,
-90,-42,
83,-72,
140,-42,
147,-17,
67,55,
18,44,
66,22,
57,-14,
62,32,
55,-8,
24,17,
15,40,
-11,-21,
3,-15,
-19,61,
54,28,
79,19,
39,15,
-32,-37,
-23,9,
16,44,
67,38,
25,-8,
0,-64,
-16,24,
-6,18,
39,7,
58,14,
14,18,
-58,-18,
-81,-52,
-71,22,
21,13,
86,-13,
-21,-22,
-21,-81,
-13,-22,
71,48,
75,2,
51,4,
52,8,
10,13,
3,44,
-46,-6,
-46,11,
46,13,
-7,-42,
-29,-7,
59,-6,
79,67,
23,63,
-32,76,
-36,65,
2,-35,
121,40,
23,92,
68,-17,
4,6,
18,12,
-13,21,
-15,29,
37,-33,
9,-56,
-65,-8,
-32,-8,
70,-6,
57,26,
32,-47,
-36,48,
-33,23,
3,59,
10,69,
-31,98,
14,26,
56,-16,
-31,-15,
8,40,
47,-26,
38,12,
10,-28,
62,5,
-11,17,
-10,-27,
-10,-12,
35,-27,
50,38,
36,16,
42,27,
37,18,
27,-16,
-48,9,
16,-5,
-26,-106,
-207,-1263,
466,-5697,
2460,-7894,
3845,-7381,
2801,-1393,
96,3818,
-1929,5249,
-2452,5598,
-3116,6821,
-3871,6850,
-3379,4612,
-932,1048,
294,-39,
393,-135,
151,28,
58,-18,
151,-49,
371,-13,
368,44,
339,26,
379,-212,
82,-476,
69,-522,
-115,-376,
-142,-77,
-25,79,
311,55,
530,-27,
686,-155,
590,-149,
162,-113,
-129,-106,
-147,-121,
-27,-232,
66,-38,
61,-32,
308,60,
330,301,
119,371,
-275,296,
-407,-2,
-314,-165,
-125,-216,
-109,-166,
-47,-137,
-15,-62,
79,-54,
122,-90,
145,-94,
164,-164,
50,-43,
152,-42,
328,-116,
67,-84,
-33,-9,
-52,114,
-7,63,
51,43,
51,-133,
-10,-92,
-85,3,
-20,-5,
-27,66,
-80,46,
-143,179,
-218,141,
-136,-20,
-80,-51,
0,-177,
17,-34,
117,135,
122,167,
141,14,
175,-88,
184,-40,
138,162,
14,183,
-34,86,
-66,29,
19,-25,
-80,18,
-264,181,
-111,-22,
-9,38,
153,16,
57,3,
-5,62,
53,53,
109,29,
69,-4,
-18,-49,
-55,21,
31,30,
37,-36,
45,-12,
3,4,
-38,106,
-12,136,
24,17,
-53,-46,
-14,-74,
19,-81,
40,-96,
10,-6,
-10,16,
15,56,
15,46,
-20,-42,
-13,-15,
-42,-61,
40,-25,
77,53,
16,3,
-90,-78,
-52,-4,
-61,-26,
20,-73,
41,-135,
36,-66,
51,-34,
11,28,
-24,40,
40,40,
55,-54,
30,34,
13,-20,
-7,-31,
14,12,
-9,53,
-102,-10,
9,3,
-13,-14,
17,38,
-7,22,
-37,54,
-23,115,
3,130,
43,128,
-24,117,
-88,93,
-37,-22,
29,22,
64,19,
36,-17,
16,1,
16,-24,
-19,-57,
-46,-52,
13,-16,
48,-24,
81,-60,
32,16,
-13,49,
-35,25,
0,-55,
33,19,
1,-7,
-55,11,
00>
_________________________________
00>
00>
Printing STS1 CIR
00>
00>
_________________________________
00>
0,-20,
53,-26,
16,25,
8,60,
-35,20,
-32,-16,
34,26,
37,34,
-9,20,
10,2,
-31,8,
8,27,
-25,-5,
-2,-18,
4,-53,
38,-38,
17,62,
47,55,
21,15,
-36,3,
35,-18,
11,-74,
-10,43,
13,53,
12,-29,
-15,-33,
-31,36,
40,24,
-52,5,
31,-25,
29,-19,
30,-48,
-35,-49,
-48,-24,
5,-1,
-11,6,
-53,-23,
1,37,
25,31,
26,-34,
39,23,
21,31,
3,-2,
-20,-77,
20,1,
59,-56,
78,-73,
72,-49,
-25,45,
28,49,
4,-9,
-15,11,
-35,19,
-8,42,
-38,23,
-29,-32,
27,7,
2,20,
-50,65,
22,1,
26,-22,
44,9,
38,24,
27,-17,
21,1,
33,72,
-4,25,
-71,26,
-69,-38,
-59,-27,
19,-27,
44,-18,
73,11,
-27,10,
-7,30,
-39,0,
-28,4,
25,64,
30,-4,
18,-2,
-7,4,
15,-6,
-7,-28,
-10,-3,
-2,11,
-24,-1,
5,-85,
-5,-50,
1,-20,
23,63,
-12,43,
16,90,
35,-4,
-25,-3,
-20,-7,
-24,19,
-14,3,
17,-40,
-1,-12,
-1,0,
-51,6,
-5,-3,
2,-17,
80,-92,
64,-17,
57,1,
28,25,
-18,0,
9,19,
-1,25,
22,21,
46,-11,
11,-41,
20,-12,
5,40,
19,33,
-7,-18,
-6,-41,
61,-19,
79,-20,
55,2,
30,4,
16,26,
-17,-48,
-2,-13,
-1,-18,
47,6,
38,5,
39,15,
39,-17,
41,3,
102,-2,
-8,8,
-15,-2,
30,-22,
11,-25,
28,-7,
67,74,
-13,-41,
0,-30,
-8,-39,
-8,-20,
60,34,
22,81,
36,15,
10,-45,
9,5,
-54,9,
-48,9,
-44,-1,
-36,5,
3,21,
18,3,
24,16,
20,-25,
32,1,
47,11,
49,28,
39,-31,
34,-21,
27,-12,
23,19,
-25,-5,
-26,-81,
12,-65,
26,-17,
-2,36,
-7,-5,
24,-51,
19,-82,
115,13,
118,25,
40,11,
-28,39,
21,24,
64,-19,
8,-45,
-8,-10,
28,-14,
52,-39,
49,-14,
40,40,
74,42,
21,-21,
0,25,
-10,44,
-20,66,
40,-96,
0,-58,
-21,36,
68,49,
15,19,
12,-3,
-12,3,
3,-61,
-56,-32,
-62,-34,
-60,-32,
-27,9,
-9,44,
-24,9,
15,22,
31,-3,
-39,5,
-62,-34,
-33,57,
-4,98,
20,53,
19,-55,
-32,-31,
5,0,
-47,21,
-66,11,
-42,34,
26,17,
48,17,
-12,-26,
-104,-65,
-159,-30,
-26,24,
15,-14,
-10,37,
24,27,
51,63,
26,-18,
25,-16,
14,-5,
19,19,
-9,2,
-18,27,
-12,52,
6,-5,
29,-17,
-36,-58,
-12,10,
44,-36,
22,0,
27,4,
23,2,
-25,33,
10,45,
-33,37,
6,-3,
-49,39,
-64,3,
-88,-6,
-6,19,
39,-40,
-7,-38,
-20,-2,
-22,-31,
-40,-37,
-26,-21,
-42,-10,
46,24,
-16,33,
32,-26,
26,-47,
66,-3,
-19,66,
-12,27,
38,30,
59,-26,
5,43,
-13,-48,
14,-54,
21,-36,
-15,-31,
19,35,
-21,63,
-30,34,
-9,-25,
7,8,
45,13,
85,21,
35,-14,
-36,-12,
2,14,
11,-32,
25,-54,
6,-10,
-8,33,
-15,49,
-34,-5,
10,-3,
54,-29,
46,-28,
68,7,
58,-1,
10,10,
-56,-32,
-64,41,
-86,0,
-2,-16,
-17,-43,
20,10,
54,28,
9,-14,
-63,-21,
-42,10,
-10,-34,
-23,-40,
-35,-43,
2,47,
-7,29,
5,-28,
11,-25,
9,52,
1,12,
0,-62,
61,-9,
-6,-28,
-25,-10,
40,21,
-59,50,
-64,-3,
-27,-1,
35,-23,
25,-58,
-25,21,
-18,2,
-16,-26,
-48,-20,
-93,-33,
-67,-73,
-67,-38,
-9,1,
-50,-50,
-99,-8,
-5,-39,
0,4,
0,-14,
63,17,
6,66,
14,31,
17,-45,
-4,-16,
-72,35,
-84,63,
81,24,
148,24,
117,18,
60,18,
-4,6,
28,-36,
33,-12,
30,-5,
21,21,
-4,55,
-39,35,
-71,6,
-11,10,
6,-9,
-49,-102,
-52,-1378,
345,-6026,
1319,-7997,
2433,-8013,
2086,-4196,
-115,420,
-1191,78,
-1419,-3096,
-1158,-5051,
-643,-4045,
-124,-1612,
111,-43,
100,572,
-41,412,
-74,183,
-26,104,
27,72,
-247,80,
-457,-42,
-442,-55,
-78,59,
144,154,
136,278,
-63,696,
-44,852,
67,906,
-137,424,
-398,88,
-512,-77,
-371,-4,
-163,-29,
12,-126,
58,-202,
-3,32,
-10,49,
-27,98,
-168,325,
-94,148,
-63,78,
16,181,
84,244,
101,315,
104,211,
59,136,
82,88,
118,9,
112,49,
134,70,
174,133,
239,222,
92,61,
24,52,
70,-59,
12,-59,
-13,107,
13,190,
4,124,
-9,62,
54,-5,
94,24,
108,32,
51,48,
16,84,
10,113,
-12,150,
-74,242,
-139,64,
-280,-23,
-291,-6,
-129,24,
36,5,
137,80,
138,74,
88,96,
65,125,
56,147,
47,131,
41,125,
18,72,
-11,120,
-33,203,
-162,183,
-128,9,
-116,-22,
22,84,
23,86,
11,139,
-15,158,
-16,96,
-28,61,
-37,127,
-38,123,
21,167,
50,98,
16,65,
-3,139,
4,146,
-2,174,
21,36,
48,44,
39,228,
52,160,
19,151,
47,142,
95,48,
153,87,
80,149,
-13,143,
12,155,
55,80,
37,115,
29,115,
-1,144,
-21,152,
-65,50,
-86,42,
-22,54,
22,12,
27,13,
-63,49,
-88,58,
-66,158,
-2,123,
-6,92,
-19,61,
-9,65,
42,103,
-18,72,
-3,90,
-31,122,
8,21,
-27,16,
-40,153,
18,60,
45,109,
-25,106,
48,122,
51,139,
38,96,
40,89,
57,101,
52,82,
59,107,
39,91,
58,86,
66,70,
55,21,
43,37,
-44,102,
16,37,
41,42,
87,138,
30,109,
14,37,
-36,28,
68,56,
20,144,
-23,88,
00>
_________________________________
00>
_________________________________
Sequence Number: 89
00>
00>
Printing STS0 CIR
00>
00>
_________________________________
00>
-27,-6,
21,6,
-9,-31,
28,-7,
-19,-22,
-25,20,
-14,8,
-31,39,
-13,52,
-46,60,
-75,-25,
10,11,
39,-29,
42,10,
61,43,
72,-37,
22,29,
8,-5,
-20,-45,
12,6,
6,30,
0,20,
-7,-19,
7,-8,
-17,-47,
44,-51,
-8,-10,
-9,4,
-29,20,
-69,14,
41,0,
-7,-48,
45,24,
6,-28,
13,20,
16,30,
-12,-2,
4,4,
9,-19,
2,-39,
-6,35,
18,-24,
-22,9,
14,9,
-2,-6,
45,53,
-24,22,
25,-9,
35,-20,
-37,22,
-35,39,
-2,9,
22,-4,
16,-4,
86,-7,
27,36,
12,64,
32,12,
-55,19,
13,-11,
40,-7,
7,-65,
-32,40,
-11,8,
49,-13,
9,9,
6,26,
-75,27,
4,-36,
-9,-25,
61,-14,
65,-28,
19,19,
-3,69,
-26,58,
-14,47,
47,-5,
20,-10,
11,26,
-12,-31,
-19,10,
-31,19,
40,16,
-4,6,
-12,-2,
-17,-24,
6,44,
-20,47,
-27,77,
-111,105,
56,-1,
57,-51,
5,50,
74,-18,
69,1,
-1,39,
-16,34,
3,-20,
47,1,
24,10,
48,32,
-6,21,
-12,30,
-13,-43,
17,13,
49,21,
14,-12,
38,-18,
23,36,
42,64,
65,-20,
2,-48,
12,-15,
3,24,
-6,4,
-40,18,
-36,-22,
-15,-46,
23,-33,
38,-68,
55,-60,
58,-47,
54,16,
69,69,
9,35,
-23,-22,
6,-41,
-16,-56,
-28,-34,
27,9,
58,-14,
12,1,
-87,-45,
-12,7,
-20,0,
-1,25,
3,-10,
72,-24,
-14,3,
-49,-28,
-8,46,
-25,7,
4,17,
14,-51,
-4,-33,
-58,-65,
36,-2,
-8,43,
26,18,
4,13,
12,23,
5,-5,
-27,-51,
-45,9,
-17,7,
24,22,
54,53,
-60,-15,
-24,125,
-20,67,
8,-33,
6,-25,
-12,8,
-21,12,
-2,6,
0,4,
25,-26,
26,-8,
24,-17,
30,-8,
55,52,
61,61,
33,73,
11,20,
-25,-81,
-26,-48,
36,58,
58,110,
5,37,
16,-9,
8,-11,
5,23,
-63,-38,
57,72,
-8,60,
-22,81,
-31,-35,
95,6,
57,12,
-6,-12,
27,-25,
45,39,
19,-8,
-30,-8,
50,35,
32,67,
34,62,
17,26,
-20,44,
-25,-13,
-60,15,
-29,51,
36,33,
-58,41,
-11,12,
47,-38,
51,4,
76,2,
-2,25,
-19,5,
10,55,
-32,5,
3,-9,
27,-30,
58,-18,
60,-72,
22,-39,
36,4,
-13,-23,
-28,24,
10,-10,
6,-11,
47,11,
55,2,
-6,-50,
31,32,
-27,-42,
-27,-86,
-14,-58,
-14,-37,
5,-29,
24,133,
42,11,
38,-3,
43,-19,
-23,-28,
1,-28,
78,-26,
19,-10,
-78,21,
-26,36,
62,36,
1,-13,
25,29,
4,16,
30,14,
-2,1,
-11,47,
-9,38,
-11,7,
7,-8,
19,-19,
65,35,
-31,-3,
-2,26,
-51,-61,
13,-6,
-25,-14,
-14,1,
-48,38,
13,56,
-6,25,
33,-22,
-13,-7,
-14,8,
-4,4,
15,-39,
36,-5,
1,35,
58,-34,
-1,-45,
-60,-28,
-7,7,
-6,-25,
-39,-17,
22,18,
24,-21,
58,-14,
2,-26,
13,-35,
73,-34,
41,-31,
32,-1,
-51,-73,
-67,-41,
-47,-10,
20,9,
94,13,
56,-46,
21,4,
-19,-23,
-7,36,
21,7,
17,35,
-4,20,
20,-54,
-6,-47,
19,-13,
-19,-13,
24,35,
11,78,
14,51,
48,45,
28,-33,
-14,-95,
-36,-68,
0,1,
20,-9,
23,21,
4,40,
-32,-34,
-26,-5,
-19,-30,
-29,26,
35,-1,
13,1,
-13,19,
-33,28,
40,-1,
83,24,
17,-10,
30,20,
-42,50,
-15,-14,
-33,14,
-34,12,
53,-25,
-5,-5,
-27,20,
-27,17,
8,-63,
-7,-2,
11,7,
46,39,
10,-18,
8,15,
-17,-22,
-8,70,
10,41,
61,-11,
-16,23,
21,6,
-31,19,
-15,2,
-19,38,
-8,41,
46,24,
-1,-19,
31,-16,
-46,48,
31,76,
60,67,
-13,-3,
-34,-23,
-44,-17,
13,54,
-22,17,
-121,-72,
-1410,-608,
-5701,-2883,
-7164,-4733,
-6099,-6022,
-1241,-4895,
2172,-235,
296,1509,
-3791,1167,
-5904,250,
-4205,17,
-1383,308,
98,511,
461,391,
300,114,
114,-60,
177,-11,
282,143,
228,356,
-116,348,
-66,191,
103,-82,
139,-386,
116,-249,
321,40,
423,210,
605,284,
374,428,
281,727,
122,807,
90,586,
-25,122,
-80,-157,
18,-139,
175,-75,
92,-68,
178,-19,
281,131,
102,163,
-136,184,
-434,219,
-217,236,
71,188,
145,92,
160,129,
142,136,
118,132,
136,10,
186,-66,
258,-88,
205,-72,
73,20,
21,68,
24,204,
-3,205,
-70,298,
-94,188,
71,43,
148,-136,
38,-114,
24,-125,
64,-116,
125,-10,
66,-14,
76,-3,
83,-88,
154,-190,
98,-77,
25,43,
80,295,
72,163,
85,64,
279,-54,
285,-69,
239,-94,
127,-104,
160,4,
191,171,
111,192,
35,161,
48,100,
275,63,
443,44,
116,-45,
75,-42,
-16,-149,
67,-18,
96,33,
205,26,
141,35,
178,-43,
120,13,
110,33,
103,14,
63,32,
106,50,
123,62,
119,57,
78,79,
1,88,
24,68,
77,63,
156,6,
83,22,
158,74,
143,130,
106,105,
179,58,
156,48,
104,19,
91,17,
82,28,
61,91,
94,47,
106,-21,
32,-43,
43,39,
73,142,
126,155,
14,80,
12,110,
116,38,
156,60,
79,105,
-3,68,
66,13,
80,30,
88,60,
80,105,
106,136,
122,37,
71,39,
48,-4,
22,47,
159,13,
82,8,
223,65,
223,60,
208,-16,
74,19,
110,62,
27,62,
55,26,
89,-1,
92,14,
108,28,
174,-2,
60,-44,
75,-76,
195,36,
197,39,
104,51,
115,44,
0,23,
88,105,
00>
_________________________________
00>
00>
Printing STS1 CIR
00>
00>
_________________________________
00>
67,35,
2,7,
-63,-27,
-32,30,
-17,-27,
40,7,
4,36,
5,52,
16,0,
40,-35,
13,-35,
10,11,
29,-24,
-28,-14,
1,-15,
-6,72,
-8,32,
10,46,
-14,-1,
11,-33,
33,-49,
-14,25,
-32,-3,
-27,83,
-46,18,
-33,31,
52,39,
69,53,
82,13,
15,10,
-12,-11,
16,-25,
22,-45,
62,-27,
47,-11,
42,-31,
10,13,
0,27,
29,0,
-3,51,
-9,90,
-46,109,
-34,82,
25,-23,
12,-108,
-25,-83,
20,-38,
-8,-51,
-20,-77,
-22,-31,
-13,14,
-21,11,
-19,-35,
1,-55,
2,12,
-12,4,
0,24,
6,64,
-38,-17,
-29,-48,
-44,-98,
16,-43,
45,-18,
84,-18,
39,8,
27,-9,
18,-24,
10,-17,
15,13,
-28,29,
-26,50,
7,2,
40,4,
45,10,
13,19,
35,9,
38,68,
19,54,
1,43,
-35,86,
22,41,
-22,7,
-1,12,
52,15,
32,16,
17,3,
-98,93,
-65,116,
-24,77,
-24,97,
19,36,
17,-29,
25,30,
22,25,
-6,-28,
34,30,
70,74,
60,38,
70,-17,
11,4,
-2,33,
-9,38,
-27,-46,
-15,29,
15,22,
21,42,
-4,-35,
20,-4,
43,-6,
11,-5,
-24,21,
-2,48,
20,-33,
35,-20,
-34,47,
-17,66,
-17,26,
17,12,
-14,-33,
-97,43,
-22,109,
-27,92,
13,51,
23,38,
35,69,
39,33,
39,-12,
3,-10,
58,3,
66,1,
41,38,
74,-39,
29,-34,
36,19,
25,-22,
-17,-25,
45,-15,
39,-14,
24,-55,
-13,-5,
30,17,
35,12,
-26,-51,
-21,-10,
26,-32,
34,-24,
27,-24,
-21,-23,
-19,-69,
-13,-37,
29,-11,
22,-45,
14,-47,
71,-92,
63,-74,
27,25,
12,45,
18,-36,
-33,-26,
10,1,
42,35,
22,18,
-13,13,
-6,31,
18,-40,
-1,-11,
-16,13,
-7,16,
35,10,
31,-45,
58,-78,
5,-37,
52,-49,
42,-26,
18,27,
42,-2,
7,21,
3,1,
7,-7,
22,43,
10,28,
17,20,
68,17,
59,10,
75,-4,
63,-18,
22,-62,
5,24,
-23,-27,
-5,-39,
2,-9,
31,-16,
41,101,
-33,77,
23,54,
84,-28,
-10,-10,
-13,27,
20,36,
75,-38,
52,-2,
61,-35,
30,32,
25,52,
3,43,
32,10,
9,-11,
10,9,
-67,28,
-62,30,
85,1,
15,14,
25,7,
-46,-7,
32,-14,
47,18,
-23,96,
-61,77,
-14,-24,
36,-52,
37,-3,
44,-2,
22,4,
-12,-27,
-2,53,
-12,21,
32,1,
16,24,
3,-21,
-10,9,
37,-13,
-18,-20,
-84,105,
-70,45,
-13,-8,
8,-13,
15,-98,
38,-42,
53,-54,
-25,-31,
21,-9,
-32,-47,
-15,10,
75,58,
40,22,
17,79,
25,56,
0,52,
47,-4,
20,29,
-30,-22,
-5,-40,
41,-24,
12,-7,
11,-74,
27,-48,
18,-12,
-36,27,
-31,11,
27,9,
41,21,
41,-21,
-31,-49,
28,45,
92,-35,
70,-16,
63,-42,
75,-8,
72,45,
-32,35,
28,-15,
62,-14,
4,13,
0,-56,
2,-24,
18,-26,
2,-67,
3,-9,
-8,50,
77,19,
10,-1,
-15,-18,
2,-46,
14,6,
-36,14,
-40,28,
-44,-39,
6,45,
23,15,
1,-20,
-37,-33,
-1,-20,
9,1,
-38,52,
-5,-52,
-45,-34,
-13,13,
23,39,
73,-70,
-3,-53,
-30,-76,
0,32,
3,-9,
82,-50,
45,12,
39,-55,
40,-37,
18,14,
-14,-8,
-4,6,
-3,-8,
25,-46,
0,-24,
13,-49,
13,32,
25,47,
-7,-27,
33,1,
30,-16,
25,-12,
22,19,
-7,-10,
40,-20,
68,19,
0,-11,
-44,16,
4,0,
21,-26,
4,-50,
-21,-20,
-35,37,
-68,-33,
-9,17,
62,20,
3,40,
14,-30,
24,1,
56,-26,
38,-25,
14,-2,
-62,-12,
11,11,
24,-11,
18,42,
9,43,
-21,15,
-1,-39,
-33,-26,
11,-4,
19,27,
-10,103,
-3,-49,
-27,-66,
15,-60,
6,-20,
8,46,
-9,41,
-167,-23,
-1426,-423,
-5696,-2896,
-7259,-4943,
-6727,-6001,
-3112,-5149,
1637,-545,
2471,1390,
1324,214,
1537,-1308,
2089,-1340,
1481,-401,
542,204,
89,305,
81,191,
111,97,
126,25,
163,-172,
424,-386,
321,-386,
333,-316,
-90,-358,
-482,-57,
-406,225,
-49,397,
149,382,
129,174,
138,65,
154,34,
113,-87,
-29,-172,
-122,-87,
-51,104,
134,221,
358,135,
126,-61,
110,-23,
232,270,
65,304,
-102,317,
-106,209,
-32,235,
99,367,
142,259,
140,221,
78,142,
86,-38,
33,-36,
-131,-23,
-280,-53,
-235,-171,
51,-89,
52,-2,
60,20,
48,110,
90,160,
71,162,
-14,146,
-55,78,
-8,34,
91,45,
182,-25,
240,44,
198,-14,
146,-64,
169,-138,
141,-163,
80,-25,
-56,62,
-118,164,
-129,160,
-9,74,
62,15,
116,-99,
148,-111,
176,-76,
151,51,
100,135,
-27,221,
-147,123,
-174,55,
-85,118,
-56,120,
-10,50,
45,0,
88,64,
83,33,
99,81,
89,19,
54,51,
52,82,
26,128,
59,83,
34,78,
14,85,
31,77,
31,45,
33,27,
19,49,
-26,55,
-24,33,
-62,36,
55,67,
53,134,
17,67,
14,74,
54,33,
22,21,
57,33,
47,32,
11,61,
23,78,
54,34,
62,-27,
35,-13,
26,48,
18,27,
-5,100,
-51,91,
-50,36,
-24,85,
25,137,
-35,137,
-67,71,
19,43,
29,47,
78,36,
52,35,
-20,33,
34,58,
17,-14,
40,-38,
36,-4,
18,59,
64,96,
136,108,
86,37,
126,46,
86,40,
0,69,
21,32,
48,45,
11,55,
41,42,
-4,44,
-41,55,
53,30,
-23,31,
0,53,
-27,92,
-40,87,
-69,82,
-17,65,
6,-1,
-53,77,
00>
_________________________________
00>
RX Timestamp: 773593274438
00>
Clock Offset: 2443.600 Hz, -0.306 ppm
00>
RX Timestamp: 774668535125
00>
Clock Offset: 1658.821 Hz, -0.208 ppm
00>
_________________________________
Sequence Number: 221
00>
00>
Printing STS0 CIR
00>
00>
_________________________________
00>
6,46,
-28,38,
-53,20,
-20,-6,
48,1,
28,44,
35,38,
-29,-48,
-43,-35,
-25,11,
9,-10,
21,15,
-39,-11,
45,7,
56,13,
47,-35,
-3,-53,
-46,-1,
-63,45,
-105,47,
78,35,
21,23,
11,4,
35,-40,
9,60,
27,70,
46,-15,
33,15,
12,54,
58,53,
40,66,
-13,6,
12,-34,
-70,20,
-25,45,
-2,10,
-13,-28,
42,-23,
21,2,
-33,42,
32,26,
29,28,
2,4,
23,14,
-23,7,
35,30,
1,-17,
-64,-10,
6,-39,
45,-83,
31,-19,
-3,-14,
11,-23,
75,-18,
-15,-30,
-51,2,
-20,-3,
38,-42,
4,-24,
17,31,
32,55,
57,17,
25,26,
15,-11,
-24,-5,
-59,114,
-4,54,
-13,10,
8,-22,
24,7,
17,11,
27,-61,
9,51,
15,22,
18,22,
36,19,
29,84,
-20,20,
-4,-33,
9,47,
57,-11,
27,-27,
32,-18,
55,-10,
-2,58,
32,56,
-44,70,
-52,-58,
-61,32,
37,22,
-16,35,
-16,-5,
12,-26,
32,21,
-29,-28,
-29,31,
20,3,
-25,-33,
-28,-45,
10,-3,
34,-48,
-21,-49,
-44,-33,
-10,22,
-11,9,
-44,1,
-19,-27,
9,31,
-56,37,
38,50,
81,25,
36,33,
27,70,
-16,37,
-23,48,
-84,9,
-55,5,
-49,-42,
20,-49,
89,-20,
7,30,
-28,30,
-22,21,
3,-4,
14,-8,
-35,34,
5,4,
28,-2,
-9,9,
34,-32,
-43,40,
19,62,
-27,3,
2,-33,
-39,-31,
-5,47,
11,49,
-69,-4,
18,-30,
24,-21,
-15,-17,
14,6,
-2,12,
-41,21,
-25,42,
18,-55,
33,-54,
38,-52,
-52,-36,
-31,7,
50,-12,
19,2,
18,-13,
43,-95,
9,-9,
-37,54,
-58,17,
-32,42,
12,35,
-3,-5,
29,3,
-68,52,
-29,58,
-43,37,
-13,28,
-3,32,
-13,43,
55,70,
79,26,
31,-11,
34,38,
36,-18,
0,-71,
-31,-22,
-52,39,
12,18,
-10,50,
-58,16,
22,-27,
43,-4,
-4,38,
-19,-11,
-32,41,
-21,50,
17,-22,
73,-56,
3,-31,
20,-16,
13,4,
16,52,
19,83,
15,34,
-55,-12,
-41,-8,
-41,43,
-3,24,
17,23,
64,-11,
11,-73,
-7,-7,
16,89,
38,19,
54,11,
29,4,
46,28,
13,-11,
-9,-103,
-11,-101,
95,-60,
38,-31,
45,-28,
40,-5,
51,-11,
5,-6,
-2,-38,
-77,-42,
-94,-45,
-22,-35,
-39,-7,
-36,8,
21,34,
38,0,
-19,-57,
2,-31,
-2,71,
-33,31,
-14,48,
-62,61,
5,35,
16,-15,
28,17,
19,-1,
6,27,
-48,43,
-5,9,
-44,-20,
-36,-37,
-12,-3,
-5,-8,
2,-27,
16,0,
37,102,
-3,39,
-52,79,
-4,-22,
-26,7,
-31,-4,
-49,-5,
22,33,
22,70,
28,15,
33,25,
88,15,
-10,79,
-10,48,
-18,21,
-8,-22,
-13,-23,
3,1,
-35,18,
7,91,
18,54,
-65,-2,
-27,-32,
-5,-6,
-20,-14,
11,-8,
3,-85,
21,24,
3,13,
-46,-9,
-65,-38,
-11,-28,
35,33,
28,50,
19,28,
-1,2,
-27,-45,
-24,6,
-5,5,
46,-4,
8,68,
-25,-12,
-13,21,
-65,-5,
11,28,
5,-51,
-60,34,
-27,-14,
-25,-25,
30,-19,
29,-4,
76,22,
-18,32,
-54,1,
-74,-73,
-21,-109,
37,-78,
8,1,
-22,21,
4,72,
-20,-3,
-54,-9,
-38,-41,
-22,-68,
24,-19,
61,22,
111,-23,
48,-23,
9,-56,
9,-30,
4,39,
3,-14,
-21,-29,
-59,-5,
-72,36,
3,78,
22,40,
3,-2,
-23,6,
-45,-26,
-59,21,
-39,47,
-38,-13,
15,-27,
39,9,
14,72,
-6,51,
22,41,
-8,40,
48,28,
-34,10,
-19,0,
-54,2,
-35,-17,
6,-34,
-30,-11,
56,20,
-7,27,
-34,77,
-63,32,
5,-58,
5,-50,
10,-26,
55,11,
-49,15,
37,64,
21,53,
70,4,
54,46,
30,60,
264,146,
2265,1385,
6333,4374,
6589,5914,
4515,6901,
-868,3067,
-1992,-925,
1029,-1367,
5210,-218,
5705,654,
3157,346,
736,-307,
-301,-592,
-405,-327,
-168,-33,
-27,33,
-62,-120,
-259,-257,
-20,-256,
84,-179,
-7,-123,
-187,330,
-143,433,
-239,223,
-322,-130,
-354,-202,
-437,-352,
-187,-576,
-92,-777,
-11,-772,
63,-384,
56,59,
78,220,
-65,107,
-258,103,
-217,192,
-355,73,
-259,-179,
-14,-230,
240,-213,
350,-61,
71,-122,
-167,-111,
-207,-185,
-137,-142,
-165,-53,
-169,-52,
-173,-81,
-192,-38,
-241,55,
-116,56,
-38,47,
17,-33,
97,-244,
154,-159,
120,-193,
-72,-190,
-159,-66,
-189,106,
-81,116,
-58,101,
-148,47,
-122,6,
-144,3,
-50,78,
-109,131,
-135,142,
-21,71,
28,-24,
69,-246,
-137,-79,
-152,32,
-199,79,
-179,-20,
-201,23,
-194,35,
-226,-72,
-155,-157,
-51,-159,
4,-68,
-50,-74,
-275,-162,
-211,-66,
-50,46,
72,15,
29,110,
20,26,
-66,-57,
-63,-78,
-68,17,
-69,19,
-47,18,
-114,-14,
-95,-19,
-90,-26,
-80,-18,
-35,-51,
-86,-21,
-77,-36,
6,-67,
-7,-49,
-73,-41,
-126,2,
-102,-76,
-164,-65,
-148,-14,
-168,-85,
-149,-20,
-101,-13,
-148,-57,
-56,-66,
6,-4,
-57,-11,
-180,-9,
-140,29,
-29,15,
-12,-22,
-57,-62,
-55,-68,
-1,-54,
-108,-97,
-142,-74,
-104,-79,
-62,-72,
-53,-41,
-84,-44,
-86,-50,
-95,-40,
-101,-79,
-109,-45,
-63,72,
-83,39,
-118,54,
-92,-54,
-157,-98,
-112,-51,
-130,12,
-114,-5,
-112,-51,
-93,-44,
-39,-51,
-22,-58,
-79,-52,
-38,-11,
2,-22,
-47,-18,
-84,106,
-74,66,
-98,11,
-64,-57,
-71,-68,
-18,-84,
-46,-11,
-50,0,
-16,-3,
-35,-7,
-15,-14,
2,-34,
-50,-75,
-67,-32,
-40,-6,
00>
_________________________________
00>
00>
Printing STS1 CIR
00>
00>
_________________________________
00>
83,-28,
1,90,
-8,34,
-54,28,
72,14,
76,6,
-43,39,
-45,47,
-22,0,
80,-75,
17,-40,
37,-19,
27,18,
-6,-74,
-27,-38,
-7,9,
-27,67,
11,14,
40,-1,
-5,22,
-29,61,
22,43,
58,-15,
-4,33,
-2,10,
17,-39,
38,51,
-25,44,
-24,6,
-4,19,
54,4,
64,8,
19,-36,
24,-35,
44,-46,
119,-73,
18,-85,
-19,52,
-11,30,
-15,21,
21,23,
-11,53,
-12,80,
-40,47,
-15,64,
-22,4,
-9,39,
2,7,
-15,15,
29,-23,
66,-10,
68,-20,
37,-11,
-31,-5,
-16,-15,
13,0,
26,26,
29,45,
7,23,
38,-6,
-19,28,
-24,20,
-48,22,
-40,50,
-47,30,
-27,15,
27,5,
30,-5,
6,-12,
-38,19,
-15,13,
4,26,
-2,65,
-77,9,
-22,5,
-33,-30,
24,7,
27,18,
-21,63,
-20,21,
-13,-42,
-19,-36,
14,-2,
-10,10,
1,99,
19,49,
-18,-70,
-26,-39,
-29,9,
53,31,
60,31,
19,71,
-8,55,
-30,34,
-18,12,
22,-23,
37,-38,
43,16,
46,-19,
-14,18,
-7,-40,
52,16,
-1,5,
-15,33,
20,49,
85,0,
7,16,
-6,35,
9,39,
0,49,
-3,-23,
-9,-2,
-35,20,
30,-2,
60,-30,
89,-21,
-18,109,
-11,66,
-40,67,
6,34,
55,21,
31,-22,
-2,2,
-4,46,
28,-6,
19,-3,
39,-3,
76,15,
69,44,
10,65,
-5,67,
17,38,
-44,25,
-53,44,
-14,30,
51,11,
59,23,
24,-19,
26,-12,
17,30,
60,-4,
29,51,
34,35,
21,20,
52,28,
55,-47,
53,-27,
77,-32,
15,-61,
30,29,
51,52,
51,17,
37,63,
15,17,
33,14,
16,76,
-6,93,
-22,38,
-20,1,
-8,33,
29,-24,
55,-42,
56,-37,
88,-74,
111,11,
-68,32,
-79,21,
-48,58,
15,73,
91,19,
27,29,
-11,1,
71,15,
55,21,
5,11,
-24,35,
-30,67,
74,55,
30,31,
30,-1,
17,58,
26,26,
-38,32,
-20,35,
12,29,
34,19,
18,15,
5,47,
7,32,
-3,-5,
81,-38,
19,6,
37,49,
39,-12,
42,-36,
59,-23,
14,-34,
-20,27,
-48,99,
8,31,
40,10,
46,5,
-28,-4,
-23,40,
8,17,
20,-7,
19,-2,
52,30,
68,56,
-24,49,
17,76,
-19,84,
3,21,
24,-69,
12,-40,
22,17,
-11,43,
-11,-14,
62,-23,
-10,25,
51,18,
-24,32,
-20,13,
4,19,
62,4,
88,-59,
31,-77,
13,-34,
34,22,
66,1,
44,40,
-30,106,
-82,44,
-80,40,
-25,5,
0,12,
32,21,
52,1,
17,3,
-7,13,
41,8,
91,-42,
32,-13,
61,-50,
2,24,
16,27,
55,65,
37,-24,
-8,34,
7,68,
66,8,
-18,15,
-8,-48,
-3,-5,
16,-29,
-12,15,
77,56,
41,-10,
3,57,
-7,50,
7,48,
9,43,
-17,29,
2,41,
-14,50,
-25,23,
20,58,
-2,75,
46,34,
49,6,
54,63,
5,70,
26,6,
72,-8,
29,14,
9,49,
66,15,
45,50,
27,23,
5,-38,
-13,14,
28,41,
-3,32,
28,-9,
60,-13,
16,1,
11,16,
25,57,
22,3,
64,-65,
85,-22,
74,-32,
2,20,
1,-2,
-64,9,
-14,-16,
24,-5,
-1,10,
-31,69,
1,58,
-11,54,
-12,15,
-14,41,
23,13,
54,4,
54,-8,
21,-20,
59,-21,
-4,-30,
20,-40,
24,-7,
6,-1,
-17,65,
25,24,
11,-10,
-8,-8,
43,-8,
-4,-37,
-47,-50,
-53,-12,
4,54,
23,26,
61,21,
39,4,
-23,-15,
-49,3,
-25,34,
-61,14,
-25,34,
-21,-51,
-19,0,
48,61,
35,35,
18,-25,
-13,9,
21,24,
16,-10,
11,-12,
-2,-2,
11,50,
30,61,
8,12,
-22,20,
-24,12,
15,99,
-19,24,
41,5,
-27,-43,
15,-14,
1,-1,
15,21,
342,175,
2308,1066,
6362,4006,
6904,5628,
5625,6562,
916,3472,
-2258,-520,
-2005,-1330,
-1244,285,
-1762,1451,
-1904,1035,
-1153,99,
-343,-343,
-91,-258,
-120,-71,
-116,-45,
-132,40,
-278,190,
-377,522,
-413,499,
-335,378,
250,356,
563,29,
226,-310,
-55,-401,
-95,-362,
-80,-181,
-129,-111,
-155,21,
-120,107,
23,131,
95,38,
8,-100,
-254,-131,
-192,-2,
-73,116,
-124,48,
-243,-274,
-173,-239,
39,-236,
195,-242,
172,-243,
-3,-244,
-30,-216,
-23,-160,
-8,-60,
-9,29,
1,94,
169,68,
443,192,
172,138,
-40,76,
-21,15,
34,-30,
-25,-25,
-92,-119,
-71,-116,
-37,-76,
2,-10,
-54,6,
-114,-94,
-167,-86,
-144,-13,
-116,77,
-127,117,
-172,65,
-104,64,
40,0,
186,-92,
235,-226,
133,-123,
-60,-120,
-81,-12,
-47,75,
-156,122,
-184,13,
-166,-175,
-43,-203,
47,-160,
138,-66,
145,-84,
34,-113,
12,-141,
81,-69,
39,-62,
-15,-118,
44,-5,
4,-15,
-88,-58,
-79,-50,
-12,-69,
35,-73,
-7,-63,
-32,-61,
15,-13,
-35,-11,
-26,-22,
-53,22,
-5,-61,
16,-55,
19,-18,
-5,-35,
15,6,
29,-38,
-21,-55,
-37,-6,
-76,-13,
-6,-1,
-36,-35,
-31,-73,
-36,-26,
-10,-4,
2,31,
-32,-8,
9,-27,
41,-38,
56,-26,
27,-33,
63,-66,
87,-40,
63,-74,
22,-32,
24,-70,
35,-45,
-21,-74,
-28,-52,
-62,-75,
-19,-98,
-9,-63,
-28,-25,
5,-9,
28,-18,
27,-73,
-98,-93,
-100,-60,
-4,-45,
1,-41,
-63,-71,
-75,-94,
18,-22,
0,-48,
-14,-77,
-24,-19,
-28,16,
-24,-24,
-27,-34,
-11,-47,
52,-49,
-22,-18,
-84,-48,
-59,-38,
-15,-62,
-10,-70,
65,-30,
-29,-33,
-15,-24,
40,-28,
45,-18,
-2,-35,
-40,-37,
-25,8,
00>
_________________________________
00>
_________________________________
Sequence Number: 224
00>
00>
Printing STS0 CIR
00>
00>
_________________________________
00>
-64,26,
-10,2,
21,46,
-4,29,
-19,12,
11,-72,
-20,-61,
-3,-48,
11,-50,
-26,14,
24,-63,
50,-72,
56,22,
-21,80,
-19,21,
36,-5,
-21,-4,
12,76,
16,44,
4,-80,
18,-20,
25,-8,
-50,9,
-27,8,
-44,-47,
-51,-2,
-29,28,
-93,-90,
-111,0,
-24,-13,
7,7,
8,6,
-38,11,
-3,37,
-33,39,
24,55,
30,-25,
24,-41,
3,-26,
64,63,
-22,4,
44,10,
70,-59,
8,-59,
8,-38,
24,-16,
54,-26,
68,44,
-38,76,
-55,22,
-64,18,
30,20,
-8,-6,
-45,87,
-3,-16,
-33,-16,
34,6,
-24,-28,
3,20,
54,10,
21,-27,
-15,-50,
33,27,
39,-9,
19,16,
-56,30,
12,-29,
5,11,
-61,5,
-75,12,
5,24,
57,42,
24,3,
29,-19,
-35,-63,
-1,-106,
14,-25,
-17,57,
-16,-69,
-21,-26,
49,15,
-6,11,
21,26,
9,-51,
10,-96,
-68,-26,
-59,54,
-27,49,
10,-4,
32,5,
-40,-15,
-15,16,
-60,-12,
48,3,
61,-7,
20,-53,
-6,-62,
-26,-66,
69,1,
73,26,
-9,24,
-4,-15,
21,13,
21,12,
-4,33,
75,1,
36,8,
-22,-55,
-1,-72,
6,3,
-48,26,
52,-50,
47,17,
-37,41,
1,-27,
-53,-33,
30,-8,
-43,-3,
-67,34,
34,101,
37,-24,
-54,-51,
-70,-53,
65,12,
117,21,
62,25,
51,56,
-20,14,
-60,-121,
-1,-60,
21,4,
54,54,
15,-25,
-20,-105,
60,-68,
28,-49,
-36,-45,
76,-13,
96,-54,
-16,-62,
94,58,
22,82,
-4,-63,
-22,-24,
-41,-82,
-1,-57,
36,-41,
31,42,
-10,40,
-7,48,
-1,-60,
-43,20,
-20,5,
-68,20,
-32,-64,
-18,-31,
-8,-21,
16,-5,
7,-68,
51,-76,
39,-32,
12,-81,
60,-35,
34,-20,
-24,-28,
-28,-8,
-28,0,
11,-7,
-20,9,
-61,0,
-115,0,
-10,11,
56,7,
85,104,
50,28,
19,31,
-3,-25,
-56,9,
-20,-7,
-6,-60,
-2,16,
-13,93,
24,31,
18,32,
-41,87,
-20,45,
17,101,
10,23,
2,45,
31,17,
-8,-13,
27,26,
-6,35,
-15,33,
-35,21,
-29,-79,
-52,-102,
72,-102,
-24,-10,
-1,-5,
17,21,
9,66,
55,29,
39,-15,
34,-9,
56,-42,
-21,4,
-57,-50,
10,6,
-4,70,
-2,55,
56,35,
21,43,
-35,-85,
5,-78,
9,-73,
16,-68,
-44,18,
-51,47,
32,20,
78,57,
79,79,
34,23,
57,13,
21,-51,
-25,32,
-33,25,
-28,-44,
20,-115,
49,-42,
43,14,
-21,52,
-52,-43,
19,-8,
19,-44,
60,14,
4,2,
-3,97,
33,46,
57,67,
16,37,
6,18,
20,42,
70,22,
-47,-7,
9,27,
70,128,
44,100,
-94,29,
-41,20,
-104,-55,
-39,-41,
-6,-48,
16,-8,
-19,30,
-22,-30,
-65,1,
12,22,
-4,-3,
4,61,
-20,26,
58,39,
46,95,
89,103,
0,-41,
-43,-8,
5,58,
66,54,
52,18,
-58,-6,
73,-27,
97,112,
65,48,
-53,-44,
32,1,
21,37,
86,23,
-10,52,
-24,-20,
-77,-87,
-37,-78,
74,10,
44,1,
-4,34,
-6,4,
-18,-9,
-19,-10,
-18,24,
-28,39,
-6,23,
84,45,
73,-22,
16,24,
15,-43,
63,-43,
67,32,
52,94,
22,-26,
-49,-2,
-44,76,
-14,131,
-14,131,
16,136,
-3,59,
-41,-2,
-6,12,
-18,-57,
17,72,
25,2,
73,-56,
-60,-81,
-2,-29,
37,61,
52,13,
59,46,
-39,44,
10,82,
-57,115,
-33,30,
-19,-20,
-26,1,
45,-10,
19,-36,
4,-118,
-72,-27,
15,31,
-20,-26,
61,46,
33,61,
55,46,
-13,8,
1,-15,
14,-38,
17,78,
-13,28,
-35,-34,
23,-9,
18,-19,
12,-71,
44,8,
-25,-34,
-22,46,
-9,-12,
-21,15,
1,20,
73,69,
39,80,
48,30,
8,-6,
21,8,
-83,27,
-31,-22,
-56,-3,
-19,-1,
95,-3,
236,-131,
1312,-797,
4496,-1728,
6671,-1689,
5249,-225,
329,1025,
-3031,1120,
-3710,806,
-4239,805,
-5436,689,
-5233,325,
-2854,73,
-455,158,
360,202,
232,68,
-19,3,
78,45,
163,129,
225,149,
144,166,
251,105,
273,-51,
245,-183,
204,-178,
97,-136,
-20,-61,
25,155,
136,249,
278,353,
410,423,
279,304,
54,-20,
-90,-187,
21,-157,
139,-8,
142,-42,
184,-40,
79,153,
16,300,
-168,109,
-215,-133,
-111,-231,
37,-234,
70,-97,
86,-122,
85,-82,
116,5,
182,79,
171,107,
167,63,
220,51,
216,34,
344,9,
218,2,
92,-51,
-146,-24,
-155,-14,
-26,72,
116,-16,
136,-70,
51,-12,
-53,-44,
-30,26,
-30,9,
-39,23,
-114,18,
-66,67,
29,51,
52,-117,
34,-93,
11,43,
-45,156,
-18,58,
94,21,
81,-58,
113,30,
-41,115,
-76,41,
-21,-31,
-11,-57,
-66,-88,
-130,-158,
-189,-118,
-46,-67,
21,54,
17,68,
8,63,
-10,32,
52,135,
-6,200,
9,75,
-38,52,
-3,19,
52,27,
36,42,
-4,25,
-58,38,
5,92,
51,-83,
4,-16,
45,-8,
5,-15,
30,6,
28,-6,
-50,15,
-19,82,
17,104,
-31,-15,
6,-26,
8,-20,
-13,53,
-19,122,
-27,58,
-35,78,
56,0,
12,-23,
1,-1,
55,-14,
40,-21,
68,3,
-55,46,
-57,117,
21,88,
2,22,
40,36,
41,26,
54,-35,
-49,0,
-18,-35,
39,15,
126,53,
-10,56,
-46,35,
-22,-23,
47,-15,
-9,-28,
-24,-39,
-25,-38,
-75,-16,
-82,49,
-54,5,
1,31,
-47,-36,
-25,-40,
-24,-34,
-78,-60,
-54,-50,
6,28,
10,-31,
-11,-22,
-37,-9,
35,9,
-3,67,
28,54,
30,-6,
48,12,
42,-14,
00>
_________________________________
00>
00>
Printing STS1 CIR
00>
00>
_________________________________
00>
31,-95,
0,-14,
-25,-1,
4,-82,
-14,-78,
-4,43,
-12,112,
-4,48,
-44,-22,
-53,1,
-17,9,
44,-14,
59,-5,
-11,-6,
-1,-49,
15,-15,
16,-4,
18,47,
73,20,
14,-72,
80,-35,
8,-9,
20,9,
4,2,
-17,69,
22,-6,
5,35,
31,-32,
0,-31,
-10,0,
86,34,
99,-1,
90,-6,
52,13,
41,2,
43,37,
21,60,
-14,37,
-16,41,
-39,34,
-14,33,
5,6,
44,14,
54,31,
-3,54,
-50,46,
15,50,
84,37,
61,15,
65,27,
42,34,
14,-13,
-63,68,
-61,72,
-11,-16,
35,3,
-47,25,
27,21,
50,47,
-3,-18,
-5,13,
-46,-19,
-28,-52,
5,-47,
-12,33,
41,3,
105,-37,
124,16,
34,73,
4,22,
8,-7,
78,-10,
41,-22,
62,-37,
-77,20,
-55,28,
-3,-6,
76,-3,
66,-32,
54,5,
30,14,
59,-46,
112,-14,
40,10,
100,31,
45,-44,
0,-86,
47,13,
66,60,
95,61,
14,52,
-19,-30,
-12,-42,
4,-63,
-11,-52,
-15,43,
45,-20,
33,-99,
-48,-11,
-27,20,
31,15,
16,51,
18,86,
44,48,
25,-42,
8,-36,
10,33,
51,47,
66,36,
33,-20,
24,-40,
37,-54,
3,-35,
-17,19,
-51,41,
-13,20,
58,86,
66,25,
17,24,
-35,-33,
-60,-2,
-15,-69,
20,-40,
-9,-3,
-10,12,
22,3,
48,21,
5,49,
6,20,
8,10,
58,-2,
11,83,
-31,29,
-17,-47,
14,-83,
16,-91,
-37,-49,
1,-95,
10,-43,
2,-19,
-14,-66,
26,-56,
41,-21,
65,-9,
75,42,
67,50,
35,62,
-10,68,
0,-36,
21,-2,
10,-4,
29,63,
56,52,
19,62,
-12,16,
6,5,
-2,5,
16,41,
-40,48,
4,42,
41,10,
66,-65,
112,-5,
43,29,
25,2,
-15,-14,
34,7,
21,8,
14,-21,
21,-21,
6,-62,
52,63,
57,25,
81,17,
79,16,
32,15,
82,20,
2,4,
-13,2,
-3,28,
-55,31,
-13,11,
-35,-3,
-3,-79,
2,17,
-23,28,
30,-34,
42,-25,
71,-35,
31,-42,
27,2,
-70,19,
-26,17,
42,0,
33,60,
31,-11,
42,-42,
97,-33,
31,20,
-8,86,
-80,88,
0,17,
7,-21,
39,-20,
44,-36,
15,-14,
43,-1,
4,-81,
10,36,
-19,98,
-8,86,
27,42,
72,34,
2,87,
-27,108,
-3,95,
16,62,
28,50,
62,1,
25,14,
0,29,
43,51,
70,0,
5,-72,
1,-44,
26,18,
42,4,
87,-37,
22,-88,
-13,-82,
24,-8,
-42,37,
-8,9,
73,-56,
50,-73,
7,23,
-23,15,
-62,25,
7,16,
54,-21,
27,-61,
35,-5,
48,54,
48,33,
27,21,
12,-19,
17,72,
52,-6,
109,-85,
50,-26,
12,-21,
-1,-23,
-21,0,
-46,6,
4,-49,
53,-51,
21,18,
-40,-1,
-42,10,
84,-35,
62,-44,
24,55,
34,18,
50,30,
15,-18,
-41,-37,
-8,-30,
27,-2,
17,20,
105,16,
37,34,
-58,25,
-36,-30,
7,-26,
-14,-3,
102,-22,
114,-32,
33,-38,
19,-19,
23,-34,
40,-41,
22,-30,
-4,18,
19,0,
-1,-45,
14,11,
42,29,
27,37,
34,32,
-31,-5,
-37,34,
-53,-9,
19,4,
13,9,
10,118,
13,105,
13,62,
-16,58,
14,24,
22,-12,
-61,-6,
-53,-14,
-3,-18,
14,-2,
76,48,
97,30,
72,36,
4,18,
-28,20,
46,30,
14,56,
33,11,
31,-31,
39,26,
55,-39,
-30,23,
-106,-8,
-50,19,
44,77,
20,54,
21,63,
45,15,
56,46,
16,-30,
9,10,
8,31,
-3,-34,
4,-64,
-24,-42,
45,-13,
55,45,
28,-1,
52,-10,
48,-16,
-30,21,
5,12,
88,-23,
101,-96,
70,-28,
13,45,
-27,67,
-9,82,
-5,-21,
72,-4,
69,0,
50,51,
62,26,
60,37,
35,16,
-4,-5,
21,21,
29,-13,
73,-70,
69,-34,
56,44,
310,-146,
1738,-795,
4933,-1319,
7076,-858,
6039,118,
1728,667,
-639,16,
275,-1153,
2232,-1808,
2886,-1615,
1959,-923,
726,-256,
-20,145,
-311,211,
-262,101,
-168,-5,
-105,47,
-77,54,
-43,-139,
-55,-348,
24,-249,
37,28,
-62,218,
-243,132,
-430,141,
-426,140,
-355,76,
-226,-142,
-143,-353,
-112,-404,
-31,-260,
-9,-137,
57,-18,
137,2,
-55,66,
-99,107,
-120,73,
-200,71,
-139,79,
-83,21,
-23,-13,
-64,15,
-119,122,
-137,186,
-48,121,
28,40,
15,75,
33,125,
21,138,
-33,197,
-140,177,
-49,16,
19,-88,
173,-53,
135,27,
-73,33,
-119,-2,
-157,48,
-63,98,
-63,129,
-123,200,
-96,81,
-83,6,
-25,21,
-58,63,
-159,77,
-195,33,
-74,-9,
32,-165,
44,-185,
-41,-27,
-18,141,
65,165,
45,116,
-18,90,
-107,170,
-111,162,
-42,47,
-64,-54,
-83,-31,
-126,25,
-227,60,
-131,-66,
-63,-140,
-9,-87,
-57,-24,
-106,32,
-90,50,
-60,48,
26,20,
-48,29,
-64,38,
-3,42,
33,47,
-30,10,
-36,38,
-75,35,
-56,38,
-63,48,
-102,74,
-136,33,
-58,46,
-40,-3,
-81,-19,
9,-42,
7,37,
20,136,
-70,108,
-108,67,
-110,12,
-121,69,
-44,77,
-13,13,
-38,46,
-97,27,
-73,84,
-84,52,
-66,6,
-2,25,
35,13,
4,-2,
0,24,
-55,-3,
-33,58,
12,37,
6,40,
-58,33,
-64,22,
-25,10,
-10,49,
-49,135,
-51,133,
-44,63,
43,-15,
-22,27,
-40,48,
-40,90,
-29,37,
-48,15,
-103,0,
-47,-40,
-33,-33,
-53,26,
-64,118,
-67,44,
-45,21,
37,-35,
7,-59,
-44,-14,
-20,87,
-97,85,
-73,59,
-6,35,
9,12,
-68,-74,
-3,-13,
10,24,
00>
_________________________________
00>
RX Timestamp: 913671793637
00>
Clock Offset: 1751.804 Hz, -0.219 ppm
00>
RX Timestamp: 914746397396
00>
Clock Offset: 1733.208 Hz, -0.217 ppm
00>
_________________________________
Sequence Number: 100
00>
00>
Printing STS0 CIR
00>
00>
_________________________________
00>
-20,-2,
36,61,
25,94,
-20,16,
-66,-9,
-52,22,
-34,10,
-10,0,
87,12,
53,38,
30,28,
-56,62,
91,11,
62,81,
44,63,
6,-9,
-50,-16,
-88,0,
-126,14,
-53,39,
17,50,
68,37,
22,63,
11,-4,
-14,3,
38,-24,
42,-1,
-57,33,
-15,55,
38,82,
43,42,
0,62,
-57,-67,
18,-29,
5,-4,
-28,-9,
-25,-39,
10,-33,
34,6,
40,-14,
34,39,
27,55,
34,22,
30,-17,
11,-74,
-82,48,
-12,7,
-32,-59,
-26,22,
-20,-24,
-20,24,
-5,36,
-14,19,
21,-5,
-18,-51,
19,20,
-20,63,
5,72,
46,33,
71,24,
20,-9,
7,-17,
-17,-17,
29,-15,
7,-15,
-53,18,
20,43,
-13,69,
54,-9,
61,-72,
-45,-70,
-45,-26,
-32,-35,
3,11,
40,-61,
-1,38,
-45,10,
-74,-8,
-29,29,
1,25,
48,-29,
-22,-87,
-25,17,
54,53,
74,23,
-1,54,
47,-7,
89,26,
16,-3,
-51,-2,
-9,9,
17,15,
-12,29,
-51,58,
-31,55,
-20,68,
-27,-31,
-21,-40,
3,-45,
-57,38,
58,22,
-38,33,
-75,59,
-74,79,
-24,-8,
42,-14,
7,10,
8,29,
-23,-61,
-27,60,
-20,24,
-60,-37,
-10,-79,
0,-11,
10,46,
39,-33,
0,19,
39,20,
-5,-27,
37,48,
65,-7,
-15,42,
-40,-57,
26,-25,
20,15,
11,41,
-47,28,
34,35,
-46,18,
-37,3,
-60,46,
2,102,
56,48,
23,10,
76,-52,
92,95,
19,100,
-12,147,
-6,59,
56,-69,
39,-22,
-39,-2,
30,74,
52,40,
33,55,
33,-49,
36,0,
20,20,
-2,19,
-41,46,
34,66,
52,42,
35,20,
61,13,
-20,-44,
-53,-23,
-82,-27,
-109,47,
1,72,
4,-18,
41,24,
-5,4,
-28,-20,
-33,-1,
-7,-34,
55,-19,
42,-78,
11,-106,
-42,-124,
-3,3,
-4,117,
53,48,
51,18,
71,14,
60,67,
49,37,
-5,29,
-35,17,
-2,78,
-21,32,
-24,39,
-5,-42,
-37,-48,
-22,36,
-23,29,
-43,38,
6,-18,
12,-41,
68,-34,
-18,98,
-7,44,
6,-5,
56,-7,
-116,-15,
-56,27,
-10,-16,
-66,-32,
-32,32,
-3,90,
18,-12,
13,11,
16,-14,
0,6,
-18,25,
26,-41,
49,21,
12,111,
-10,42,
-72,-26,
-2,-31,
53,39,
47,44,
-3,77,
-10,41,
-3,-2,
70,-26,
28,-55,
19,19,
23,-31,
41,-21,
73,37,
83,10,
4,-2,
14,53,
34,39,
-1,-35,
-13,-6,
22,-21,
28,35,
37,68,
31,70,
36,44,
0,16,
-69,-10,
-13,41,
-8,-51,
-17,-15,
-14,-9,
9,72,
32,44,
91,63,
55,39,
11,-19,
-60,15,
-67,73,
-63,58,
-23,28,
-31,-24,
15,-66,
-1,-26,
9,12,
4,-54,
-3,-19,
105,-3,
44,44,
-23,2,
-1,-44,
47,32,
15,72,
19,30,
-9,60,
33,74,
59,8,
-15,-13,
91,11,
-19,65,
7,-52,
23,-33,
16,13,
49,104,
1,46,
-54,7,
65,-50,
18,-8,
-38,-41,
24,-23,
29,-16,
56,-74,
-86,-37,
-64,38,
-18,74,
-47,77,
2,10,
3,-3,
-63,-45,
77,23,
88,61,
-25,-34,
-13,57,
-66,59,
6,-1,
57,37,
22,32,
25,14,
-6,34,
-83,34,
-13,0,
-38,-48,
-21,25,
47,20,
-5,41,
19,30,
31,-16,
18,55,
0,52,
11,1,
22,-10,
21,1,
47,-11,
24,48,
23,3,
37,-64,
19,-36,
81,-20,
16,64,
23,84,
41,121,
-31,50,
-11,-65,
6,32,
23,19,
7,19,
-65,2,
25,39,
35,38,
43,84,
82,35,
41,69,
-12,34,
21,42,
30,71,
28,15,
35,45,
-20,102,
-5,-10,
2,-13,
42,40,
-4,46,
67,14,
3,24,
-16,46,
-5,15,
-33,68,
-1,104,
-8,-22,
-26,24,
-38,-2,
-66,24,
7,33,
-62,32,
-47,-13,
38,-40,
120,-61,
17,-17,
40,17,
-28,23,
-23,89,
-160,92,
-1201,218,
-4142,-171,
-6649,-1076,
-5481,-1891,
-603,-1189,
2960,184,
3616,823,
3872,1080,
5049,1557,
5059,1914,
2928,1439,
667,438,
-256,-243,
-185,-281,
-57,-152,
-65,-36,
-144,-150,
-129,-289,
-15,-270,
-123,-274,
-228,-114,
-271,13,
-275,51,
-86,161,
-62,124,
37,-6,
-45,-191,
-193,-462,
-250,-526,
-186,-380,
-125,-40,
-79,147,
-134,108,
-135,68,
-90,13,
-72,-83,
-1,-165,
160,-267,
303,-41,
300,229,
120,401,
-67,292,
-180,178,
-141,129,
-127,-24,
-95,-88,
-115,-162,
-109,-79,
-166,-73,
-288,-179,
-227,-183,
-222,-205,
-120,-147,
-102,9,
-13,61,
83,101,
71,-49,
-73,-11,
-104,27,
-40,77,
9,58,
25,-55,
-6,-11,
111,91,
150,109,
58,136,
-76,108,
-102,13,
-74,12,
65,3,
55,-17,
34,31,
-34,-50,
-27,19,
16,81,
75,87,
83,54,
-37,83,
-21,45,
-37,-42,
34,53,
33,150,
-4,112,
7,-34,
-34,-47,
54,-27,
-18,29,
-14,24,
44,7,
41,42,
22,17,
-27,8,
-10,6,
33,77,
69,28,
15,23,
-60,-16,
21,-20,
47,47,
-23,61,
-30,105,
-80,23,
38,53,
9,52,
-17,-1,
28,-38,
-1,39,
-21,47,
-18,42,
-48,0,
-26,-11,
-34,-80,
-117,30,
-104,123,
24,101,
-118,47,
-41,0,
-59,71,
-59,82,
-64,90,
-2,86,
-40,24,
-34,2,
-88,60,
-76,15,
-24,-28,
-23,-41,
-22,71,
-33,32,
-10,-47,
-4,3,
47,66,
34,-19,
24,-38,
-2,8,
33,42,
85,49,
136,51,
107,99,
8,10,
-87,-17,
-68,-42,
-13,-30,
-25,-88,
-36,43,
54,159,
8,122,
-36,55,
-46,-51,
8,-21,
-26,-15,
-2,-7,
10,-16,
26,-73,
00>
_________________________________
00>
00>
Printing STS1 CIR
00>
00>
_________________________________
00>
23,81,
-52,48,
-35,-17,
-24,13,
12,4,
-43,-3,
-28,-3,
18,72,
-18,-49,
-68,-62,
-23,-19,
13,35,
92,-27,
29,-56,
55,-23,
102,-39,
6,-10,
18,4,
-13,47,
-13,79,
55,-10,
36,45,
-66,-8,
-87,4,
-31,-34,
13,-72,
29,-45,
-15,1,
6,33,
-59,-7,
-7,-53,
19,-17,
33,26,
2,-3,
20,19,
40,25,
-15,-34,
19,-31,
13,0,
16,22,
66,-4,
-3,30,
-21,86,
-3,43,
46,46,
41,-3,
-16,31,
32,53,
4,8,
6,-7,
4,-8,
53,37,
-16,14,
-69,8,
-48,-37,
32,47,
57,28,
-22,38,
11,51,
82,-52,
91,12,
12,88,
-95,83,
-42,33,
76,63,
14,75,
12,-9,
-8,-29,
95,-31,
18,-31,
-24,43,
-41,53,
22,20,
45,-18,
35,-64,
40,-18,
2,49,
-21,22,
-54,36,
-11,12,
-38,-73,
-36,-83,
19,-41,
27,-11,
33,16,
-25,51,
-46,48,
-71,41,
-13,5,
-36,-26,
-17,-42,
61,-17,
59,24,
18,-20,
10,17,
59,-47,
41,-38,
7,-20,
-39,-60,
-10,-66,
-22,-40,
-7,51,
67,-11,
-1,-54,
-20,24,
-60,48,
-42,7,
5,-20,
9,35,
-8,41,
40,70,
81,32,
-28,78,
-3,30,
-46,-22,
13,7,
-5,-25,
81,-50,
-4,-18,
-19,83,
-3,54,
2,70,
-7,31,
-14,-12,
-18,-12,
49,44,
44,32,
57,-30,
-17,-56,
-23,-29,
-97,31,
-36,53,
-63,10,
39,-5,
59,-19,
45,-64,
-18,-6,
51,-33,
42,-41,
31,67,
-73,68,
-87,-26,
-48,-104,
48,-84,
57,-118,
52,-80,
-8,-88,
-23,-57,
-41,3,
23,15,
-6,-25,
0,4,
4,-11,
4,-28,
-10,6,
120,47,
83,34,
-35,11,
-143,0,
-88,-38,
-43,35,
-3,-10,
49,2,
-53,13,
-54,-3,
-17,-7,
-30,-31,
55,37,
83,-25,
16,-12,
61,-11,
17,-75,
27,15,
-9,-10,
-16,-25,
44,6,
39,1,
10,8,
-8,37,
10,-15,
52,7,
76,31,
46,-34,
-9,-55,
-38,5,
-28,-36,
-22,36,
-10,48,
40,17,
34,-41,
51,48,
8,22,
45,0,
109,-9,
60,-10,
16,5,
-42,-12,
0,-6,
54,-52,
56,35,
14,-7,
69,37,
76,96,
-33,59,
8,42,
53,-30,
55,-47,
50,-27,
57,-5,
85,-51,
14,-58,
-10,-7,
16,54,
21,-65,
0,16,
-12,63,
12,111,
18,108,
56,76,
29,60,
-30,-6,
-35,6,
-35,9,
-10,76,
71,45,
19,1,
3,-23,
40,15,
19,-1,
16,-7,
-13,-37,
20,-42,
-8,19,
37,8,
1,-30,
14,-61,
-63,-57,
-69,15,
52,-21,
18,5,
31,-23,
-9,-42,
18,65,
-1,43,
3,16,
-29,-39,
11,14,
86,-27,
33,-68,
-15,-58,
-54,14,
19,61,
-13,69,
-28,56,
1,-4,
-1,-10,
54,-9,
37,-5,
39,-6,
-7,-41,
-47,-36,
-38,-42,
4,-3,
28,-13,
-28,-3,
2,-13,
-16,-19,
-10,39,
-2,52,
-38,7,
12,-37,
4,-49,
27,-34,
-11,-45,
-6,-18,
30,-49,
37,8,
-41,20,
-27,21,
49,-76,
22,-33,
14,20,
-27,3,
-6,-24,
-10,-30,
13,-21,
-23,-19,
-71,-6,
-87,13,
15,50,
13,3,
36,24,
0,20,
23,16,
-46,30,
43,-42,
55,-41,
132,-59,
84,-10,
12,28,
21,53,
9,38,
17,-24,
47,6,
79,-8,
11,33,
-22,-7,
9,-27,
-4,-41,
-20,12,
-5,-16,
22,-19,
32,-57,
15,29,
27,45,
-9,53,
-16,53,
2,42,
19,-15,
8,43,
35,13,
19,-18,
24,-30,
59,10,
19,18,
-32,-45,
-11,-50,
66,-5,
54,59,
21,15,
36,-23,
72,9,
29,-20,
87,-9,
51,3,
28,-13,
-46,21,
63,43,
55,18,
-33,39,
-23,12,
-37,-46,
22,-28,
44,11,
-13,75,
-72,66,
9,35,
38,-23,
45,22,
61,25,
27,52,
19,3,
-15,-33,
-45,-50,
9,-89,
32,-71,
10,-21,
-129,75,
-1323,87,
-4276,-445,
-6571,-1696,
-5906,-2490,
-2098,-1727,
463,-32,
-305,1006,
-2407,898,
-3271,519,
-2399,194,
-1005,-51,
2,-213,
360,-76,
355,16,
221,86,
144,59,
124,34,
-13,264,
-109,357,
-124,306,
60,-12,
209,-264,
267,-159,
298,154,
474,163,
414,82,
258,198,
31,391,
-52,440,
-37,337,
13,150,
-65,42,
-30,11,
18,-15,
81,-20,
163,30,
204,87,
105,61,
141,37,
205,-16,
286,-26,
166,-21,
95,-34,
114,-5,
150,-32,
80,-42,
16,-100,
27,-134,
142,-145,
177,-165,
38,-6,
64,6,
-2,34,
-11,-40,
40,11,
76,-21,
48,-50,
32,-79,
32,-28,
34,-4,
29,14,
38,19,
43,-2,
85,21,
203,19,
256,40,
125,43,
19,104,
39,150,
103,154,
157,28,
67,-104,
84,-120,
86,-56,
186,-25,
133,24,
41,15,
50,29,
98,14,
108,-7,
184,-3,
184,80,
39,88,
49,98,
43,-10,
187,-41,
132,-27,
131,37,
53,11,
48,-30,
68,-32,
53,-36,
22,2,
51,2,
102,-39,
144,-2,
184,-38,
153,-10,
145,-14,
260,-18,
275,-16,
181,-69,
74,-26,
22,-28,
-9,15,
53,-42,
101,-80,
156,-80,
122,-58,
96,46,
87,-13,
118,-60,
77,-12,
131,-3,
96,15,
58,62,
82,8,
9,23,
56,70,
45,44,
96,49,
60,52,
49,-12,
47,-47,
11,46,
69,75,
78,53,
112,-6,
75,29,
79,4,
102,47,
92,72,
43,10,
18,3,
96,-2,
143,-20,
96,30,
42,15,
75,7,
73,75,
59,43,
41,45,
58,36,
59,3,
52,-41,
53,-31,
62,43,
56,44,
97,34,
107,-78,
65,-30,
87,-5,
117,-7,
76,2,
00>
_________________________________
00>
_________________________________
Sequence Number: 103
00>
00>
Printing STS0 CIR
00>
00>
_________________________________
00>
32,5,
29,-7,
13,-86,
42,-9,
45,14,
24,-41,
41,8,
9,37,
17,-4,
1,-36,
-20,-33,
-25,-57,
12,11,
37,44,
-68,10,
23,17,
51,77,
24,124,
29,61,
-36,-43,
-66,-6,
0,5,
28,-10,
-17,-15,
-23,-39,
27,-12,
6,26,
63,44,
89,104,
46,68,
34,84,
49,40,
-29,12,
44,78,
37,84,
25,68,
-23,64,
8,3,
8,-19,
34,-101,
-5,-54,
14,-2,
-7,4,
-10,-9,
40,100,
21,20,
48,-10,
-34,83,
34,11,
47,-4,
36,21,
18,63,
-30,17,
0,-9,
13,-28,
4,-12,
-45,-32,
-19,-19,
0,-27,
-26,-78,
-35,-86,
-15,-66,
55,-87,
27,30,
0,-22,
-24,53,
2,2,
2,-21,
13,28,
-26,70,
20,5,
18,51,
54,-10,
34,34,
-56,-27,
-38,27,
17,-24,
21,8,
4,42,
21,-2,
20,-13,
56,24,
53,-30,
-15,2,
13,46,
36,-1,
-17,1,
-3,38,
6,33,
105,76,
75,11,
-31,-143,
2,-87,
29,-57,
12,4,
33,79,
-1,50,
-54,75,
11,-32,
21,71,
-5,10,
-22,26,
17,8,
43,16,
39,32,
9,23,
-18,22,
-19,16,
20,11,
52,-42,
112,15,
55,20,
2,-2,
-87,-2,
-103,-28,
-30,24,
21,95,
20,53,
42,23,
4,36,
-48,25,
11,45,
-26,23,
-47,12,
-9,7,
-1,-12,
57,-57,
26,-35,
39,54,
70,82,
12,12,
-31,-56,
-4,10,
27,39,
-1,48,
20,18,
25,-36,
11,-1,
47,-29,
-21,29,
3,60,
-4,3,
-42,-38,
76,-38,
-1,-34,
19,14,
-32,-23,
-5,54,
8,77,
-79,20,
-58,-2,
-85,9,
-28,61,
1,43,
-29,-51,
-131,-65,
-40,-86,
-15,-59,
33,-27,
-11,6,
15,21,
-35,-34,
13,-67,
-31,-65,
-24,27,
-31,22,
-59,-26,
20,-66,
-49,-43,
-15,-31,
36,-17,
35,-7,
31,-18,
49,27,
39,2,
-54,-42,
-44,9,
8,10,
2,30,
43,-22,
21,5,
11,50,
24,11,
-12,-17,
-33,-9,
44,-25,
-9,27,
36,39,
58,62,
-36,32,
-24,-25,
53,-38,
-17,-58,
-53,58,
3,24,
78,65,
40,-9,
-19,-2,
43,37,
-9,-30,
23,-3,
23,11,
-19,46,
-93,71,
-34,-13,
-45,-29,
54,-62,
24,25,
-36,6,
-125,5,
-81,1,
4,16,
20,29,
-23,13,
2,5,
9,67,
17,-38,
28,29,
-21,2,
-21,35,
-36,35,
-7,1,
53,6,
89,8,
96,34,
145,38,
45,-18,
-18,-14,
-10,-49,
9,-41,
63,-42,
26,-22,
13,19,
-2,-3,
47,-27,
-7,-27,
-31,-26,
-45,-62,
39,-12,
9,62,
54,99,
-8,77,
-43,-66,
-43,-98,
-29,-15,
0,29,
-21,-21,
19,-48,
6,-63,
48,-44,
3,24,
5,63,
9,82,
-40,50,
-6,-4,
27,-3,
29,13,
47,36,
1,37,
-3,-16,
-10,-20,
12,20,
46,34,
12,19,
-10,0,
-25,0,
18,-59,
12,-10,
11,-11,
12,24,
-2,45,
-74,-17,
-20,23,
9,-5,
-93,31,
-50,-24,
-34,-40,
7,-59,
96,10,
50,19,
26,-36,
1,18,
36,-28,
-35,-28,
-33,72,
-40,47,
-27,1,
-10,25,
27,8,
37,47,
73,43,
17,11,
18,6,
-12,5,
58,2,
-8,15,
35,1,
11,16,
9,-36,
-45,-56,
2,-82,
36,-65,
55,-60,
43,46,
23,64,
-27,-4,
-34,-72,
-17,-108,
-34,19,
1,43,
17,29,
-10,43,
19,35,
5,51,
-44,64,
1,0,
32,-77,
-8,-121,
30,-43,
56,4,
-28,-25,
-36,66,
31,-16,
71,-13,
-6,59,
6,8,
-26,54,
-37,23,
13,14,
-31,-55,
11,-54,
-29,49,
45,31,
56,44,
-28,-96,
-19,-38,
-51,-9,
-34,37,
-7,27,
2,-7,
-9,25,
-1,4,
15,-18,
32,16,
50,3,
-218,88,
-1588,975,
-6207,3175,
-7742,3103,
-7980,1109,
-4195,-1902,
1355,-1504,
1558,1308,
-1302,4335,
-3267,5063,
-2311,3517,
-425,1313,
539,251,
498,-116,
81,-114,
-17,-119,
124,-88,
273,-48,
399,108,
206,216,
109,88,
-114,-314,
-325,-443,
-218,-276,
220,-218,
428,-124,
565,-124,
617,102,
794,330,
821,450,
478,301,
-14,3,
-229,-97,
-91,-139,
82,-183,
-30,-169,
10,-164,
241,-25,
130,232,
61,375,
-53,503,
62,301,
197,8,
244,-85,
213,-35,
205,-64,
137,-85,
90,-121,
2,-197,
-51,-284,
-33,-280,
-61,-102,
49,-34,
183,166,
111,258,
155,263,
109,127,
63,-41,
50,-202,
-24,-90,
-38,-76,
-10,-42,
-16,-144,
2,-117,
44,-89,
16,-131,
-20,-128,
17,-36,
65,69,
150,118,
132,-140,
57,-170,
226,-145,
203,44,
152,-64,
111,-56,
171,20,
209,28,
168,76,
70,85,
39,-23,
264,-214,
221,-212,
92,-84,
15,-46,
-127,-33,
-65,-27,
111,-77,
108,-132,
77,-120,
82,-126,
54,-97,
65,-36,
35,-64,
1,-115,
32,-88,
28,-44,
90,-95,
121,-72,
48,-77,
56,-80,
235,-68,
160,-23,
64,26,
144,-89,
125,-143,
142,-170,
130,-75,
72,-138,
94,-122,
66,-54,
56,11,
83,9,
82,-14,
8,-89,
13,-53,
55,3,
205,3,
204,-23,
60,-33,
7,-5,
42,21,
86,29,
49,-29,
104,-58,
76,-18,
89,-16,
101,-47,
96,-37,
99,-121,
35,-84,
-15,-77,
9,-56,
135,-23,
74,-106,
64,-84,
99,-171,
116,-114,
120,-115,
43,-5,
43,52,
67,11,
86,-78,
56,-83,
49,-61,
61,-78,
57,-49,
-14,-7,
4,20,
26,23,
78,-72,
134,1,
126,-84,
106,-47,
74,12,
102,-54,
151,-59,
138,-96,
129,-105,
125,-63,
50,-65,
95,-31,
80,-24,
71,-19,
47,17,
140,-12,
65,-75,
00>
_________________________________
00>
00>
Printing STS1 CIR
00>
00>
_________________________________
00>
15,-9,
46,18,
16,-5,
-24,-11,
-35,48,
15,41,
64,48,
-17,39,
-65,52,
-7,22,
48,101,
28,30,
12,39,
11,49,
72,38,
57,92,
78,67,
48,34,
-38,-22,
17,30,
36,7,
31,-26,
15,24,
-27,9,
-11,6,
57,29,
54,30,
28,4,
21,35,
20,0,
4,38,
62,21,
-25,42,
-35,33,
-23,-39,
5,15,
36,16,
10,47,
-12,29,
-6,-10,
41,-4,
37,-14,
32,-6,
-30,-22,
-25,-33,
9,3,
21,-43,
63,-40,
11,25,
44,43,
-10,34,
-7,26,
29,45,
46,62,
-1,56,
-31,57,
30,105,
-2,29,
-17,90,
24,27,
39,41,
26,19,
22,7,
-3,18,
22,73,
30,-37,
-29,-22,
-35,38,
-19,45,
12,20,
0,-23,
11,19,
22,-18,
12,-5,
26,33,
72,44,
22,-10,
-15,-1,
-42,74,
-72,59,
-46,14,
-18,34,
33,33,
18,36,
34,-49,
34,11,
25,19,
10,54,
27,15,
10,39,
-6,37,
4,-21,
-1,-11,
-2,1,
20,-1,
24,-12,
67,34,
37,40,
57,-37,
15,-8,
-11,55,
-17,1,
24,10,
-32,-6,
-31,-1,
-24,1,
-10,23,
19,39,
41,61,
-15,88,
52,79,
-38,-24,
-1,2,
-26,16,
-50,43,
-4,35,
49,53,
-15,49,
15,14,
23,-14,
1,-29,
-17,-11,
-19,23,
-12,13,
56,18,
15,57,
-21,73,
-44,104,
-61,85,
13,32,
55,-38,
17,12,
25,44,
-32,29,
30,-21,
-8,2,
73,28,
30,31,
5,101,
29,95,
47,87,
38,113,
93,75,
73,59,
74,-30,
-2,-14,
4,-38,
14,-1,
-5,12,
-47,-12,
-12,-19,
42,-21,
25,-10,
16,6,
100,9,
47,57,
32,85,
29,22,
1,14,
63,36,
80,13,
28,6,
25,18,
60,-28,
20,47,
33,40,
10,-6,
-16,47,
-40,23,
-2,-7,
51,-37,
48,-12,
45,13,
17,-18,
-13,24,
-26,-1,
41,-85,
-45,-15,
59,30,
44,44,
-20,41,
-9,33,
0,30,
69,12,
89,-12,
68,-15,
62,20,
59,10,
78,57,
65,85,
39,24,
80,-2,
62,-11,
43,13,
25,35,
-7,28,
30,43,
38,16,
32,36,
15,-34,
13,-62,
-27,-20,
-13,45,
-8,55,
33,19,
22,-35,
15,-36,
4,-16,
49,33,
-17,-1,
-82,42,
-96,72,
-28,19,
-5,-22,
16,-46,
17,12,
7,58,
23,43,
-27,-23,
41,7,
-6,68,
32,87,
15,46,
3,42,
0,-5,
-3,9,
-10,-13,
6,-65,
-16,-37,
10,-10,
40,19,
32,43,
47,29,
-1,9,
-8,11,
30,-9,
-22,40,
-22,43,
-20,4,
29,-11,
36,41,
39,28,
36,80,
94,78,
61,57,
20,52,
-58,52,
8,25,
64,-17,
10,-10,
-59,-17,
2,7,
50,4,
53,51,
-46,70,
-49,-34,
-11,3,
9,19,
-36,27,
-55,73,
-25,34,
-100,18,
-72,37,
-32,34,
-1,-38,
27,43,
51,18,
8,-11,
16,43,
22,14,
64,11,
78,-7,
39,20,
-2,64,
80,26,
20,-21,
-19,14,
-46,4,
-8,30,
-10,7,
-2,-14,
38,-15,
61,14,
32,93,
29,54,
18,77,
14,95,
9,17,
7,17,
5,-38,
69,-1,
59,-7,
48,55,
39,24,
-5,21,
-20,34,
-31,22,
-37,42,
3,12,
19,-20,
-40,-55,
-43,-30,
-20,-3,
80,84,
67,21,
30,-116,
-25,-85,
-1,-56,
9,-23,
5,0,
22,51,
26,-8,
43,6,
12,-17,
-38,41,
-33,49,
14,28,
5,55,
-78,40,
-2,-5,
40,-5,
85,-14,
52,-10,
34,-37,
-32,70,
-9,27,
13,-17,
10,36,
-29,19,
0,20,
22,12,
14,-19,
13,48,
-48,49,
16,92,
63,15,
-77,-8,
19,-37,
31,28,
-15,26,
18,15,
-14,10,
18,22,
36,-8,
-3,47,
-242,263,
-1862,1501,
-6148,3982,
-7680,3999,
-7975,2614,
-4660,-657,
1376,-2163,
2527,-1442,
678,-1014,
-345,-2038,
-35,-2505,
424,-1447,
437,-318,
309,4,
296,-105,
259,-131,
136,-52,
-74,-163,
-268,-510,
-207,-519,
-136,-435,
-480,-17,
-305,451,
149,417,
430,61,
427,-4,
302,-32,
188,-50,
164,-119,
-25,-115,
-178,31,
-94,75,
65,7,
376,-229,
281,-132,
51,-62,
76,-66,
387,-90,
367,-51,
273,70,
151,157,
236,193,
332,143,
335,102,
187,53,
129,-57,
61,-73,
-21,-10,
-131,109,
-299,199,
-286,32,
-68,-96,
-57,-101,
53,-43,
71,140,
133,161,
179,88,
86,-68,
49,-21,
45,15,
129,19,
177,-99,
113,-178,
87,-176,
45,-147,
65,-211,
25,-202,
22,-48,
52,90,
162,309,
145,225,
137,151,
60,59,
6,-28,
32,-158,
69,-79,
196,19,
185,138,
129,134,
3,73,
-49,53,
65,49,
179,52,
33,-21,
13,23,
146,-79,
159,-166,
169,-138,
110,-132,
123,-103,
128,24,
85,43,
96,12,
101,24,
129,37,
50,34,
23,54,
66,20,
50,95,
69,75,
96,102,
98,124,
91,2,
35,-48,
72,-35,
76,-63,
95,-25,
64,36,
35,42,
69,27,
55,-17,
47,35,
28,-31,
10,-132,
3,-137,
-28,-98,
-2,-44,
98,49,
113,17,
152,-16,
128,53,
50,69,
132,47,
120,-55,
92,-20,
65,36,
101,16,
134,16,
123,-27,
106,-17,
79,1,
85,-3,
80,-16,
141,-38,
178,45,
162,91,
106,18,
77,20,
89,-5,
121,-7,
23,-6,
56,51,
44,43,
80,-19,
62,12,
42,26,
76,18,
30,5,
18,-36,
129,-16,
119,1,
132,10,
34,-53,
46,-15,
64,-8,
55,-22,
71,-40,
78,45,
37,37,
60,56,
114,6,
134,-5,
103,16,
35,24,
37,76,
93,92,
106,-24,
00>
_________________________________
00>
RX Timestamp: 1053737733503
00>
Clock Offset: 2116.299 Hz, -0.265 ppm
00>
RX Timestamp: 1054812698242
00>
Clock Offset: 2629.566 Hz, -0.329 ppm
00>
_________________________________
Sequence Number: 235
00>
00>
Printing STS0 CIR
00>
00>
_________________________________
00>
4,-46,
-7,-45,
-47,4,
20,34,
-1,28,
-6,31,
48,37,
-15,13,
-39,24,
21,21,
34,-23,
-16,-31,
17,-5,
60,-29,
17,-4,
32,24,
-45,27,
-43,-31,
-3,-68,
5,-17,
-38,-3,
-44,37,
-20,6,
-11,1,
13,12,
6,-4,
-39,-7,
-9,-18,
-35,-32,
-68,51,
-45,60,
-35,11,
-56,-11,
-2,32,
-9,2,
18,-35,
46,47,
64,46,
34,25,
76,34,
10,35,
-47,46,
-15,11,
39,-5,
27,-64,
-13,-25,
19,55,
42,-24,
4,44,
-53,-32,
-7,-56,
8,-5,
-1,40,
-15,97,
10,19,
35,41,
21,41,
-57,53,
-69,-83,
-34,-85,
-26,16,
-5,25,
34,-16,
-33,-32,
3,1,
-16,26,
33,64,
-27,78,
33,35,
-21,-31,
-2,-29,
3,-12,
22,1,
3,5,
33,34,
-32,48,
-50,33,
-31,-16,
-25,26,
-25,43,
-13,28,
-6,40,
40,7,
47,-18,
-9,-17,
20,10,
19,46,
-39,-13,
-42,-43,
18,-4,
-47,-16,
5,-62,
-63,45,
-5,78,
6,-10,
20,5,
44,-13,
16,-53,
10,-45,
42,-4,
68,-25,
6,42,
-11,7,
-4,9,
14,-59,
-12,-38,
-26,-35,
43,72,
14,-5,
-23,-23,
-68,-77,
37,-51,
-17,-20,
23,27,
6,16,
-55,21,
-28,-20,
-2,-11,
-22,-3,
-26,2,
-38,-99,
-17,6,
27,32,
44,43,
-45,22,
-20,67,
10,47,
-21,22,
-4,-3,
11,-27,
29,-4,
-20,3,
2,-56,
-80,-56,
12,-4,
-58,-34,
-96,-59,
-98,-29,
14,12,
31,48,
-8,37,
16,10,
36,-18,
-28,-56,
-21,19,
37,-18,
61,-14,
-6,-1,
-69,-3,
-67,48,
35,29,
24,15,
48,16,
-34,7,
-57,31,
-37,23,
-32,-34,
-41,-30,
11,3,
-22,33,
-33,40,
-47,13,
19,-6,
26,56,
-18,46,
65,-1,
38,65,
72,76,
-2,80,
-88,31,
-40,-36,
-64,-11,
7,51,
19,35,
18,81,
-11,49,
-25,9,
10,60,
58,40,
-22,38,
16,-21,
-39,10,
-93,-23,
-32,-28,
6,-46,
-15,-12,
-30,-10,
-14,41,
26,39,
-28,55,
-24,-31,
69,-27,
10,27,
34,27,
26,-41,
-21,-46,
-3,-37,
47,-27,
-61,-21,
-31,-74,
-16,-80,
28,-6,
81,-47,
-19,-89,
-48,-49,
-23,34,
-40,82,
20,73,
30,-5,
-37,-55,
-47,35,
-7,-33,
-29,66,
6,44,
33,45,
23,5,
-17,-34,
-29,27,
3,1,
40,83,
20,6,
45,20,
33,80,
27,55,
22,58,
28,57,
-6,5,
29,27,
-12,0,
42,7,
102,28,
100,36,
-9,4,
-83,-19,
-31,29,
-13,51,
-42,32,
37,-19,
13,45,
-3,67,
40,36,
34,11,
50,79,
-27,40,
-11,46,
-37,69,
21,32,
34,-18,
21,0,
-44,-53,
-26,7,
52,44,
-54,-60,
-91,-6,
-16,5,
-29,20,
-36,25,
-8,17,
-1,43,
22,47,
-4,42,
36,74,
22,19,
49,23,
54,16,
-42,9,
64,12,
128,-23,
37,3,
15,47,
40,15,
2,20,
-17,-69,
-11,-16,
4,67,
-17,22,
-12,17,
-22,-55,
-39,1,
-45,-30,
-22,-10,
40,37,
16,20,
-16,38,
-6,57,
3,-1,
64,-12,
42,25,
-4,-43,
-33,36,
-58,72,
-5,46,
-19,-25,
-20,-15,
43,-10,
49,-10,
-12,17,
-14,-23,
-4,-74,
15,-18,
20,-3,
49,-71,
41,-57,
55,-24,
0,-14,
-41,-38,
-12,27,
-30,-1,
-34,33,
-14,88,
38,34,
46,24,
14,39,
40,-13,
-19,82,
-22,35,
-17,3,
3,-17,
17,-15,
44,-22,
35,-40,
7,-45,
33,33,
48,88,
7,37,
23,-1,
47,44,
139,83,
50,77,
-29,-15,
-26,-30,
-38,15,
16,14,
70,145,
56,41,
34,60,
10,49,
75,16,
17,18,
-9,-13,
-25,-46,
-27,-72,
26,16,
44,45,
19,62,
-29,5,
13,55,
14,25,
44,24,
30,1,
34,-2,
-17,3,
-20,-24,
4,-18,
38,31,
6,31,
-161,559,
-1405,3228,
-4712,6771,
-6373,6261,
-7119,3295,
-2474,-1701,
1018,-1234,
1668,2508,
437,5709,
-593,5454,
-316,2727,
204,576,
339,-292,
198,-343,
5,-178,
-38,-101,
56,-134,
281,-174,
325,88,
279,169,
56,-113,
-398,-330,
-361,-163,
-81,-173,
202,-267,
237,-399,
426,-235,
526,-49,
780,47,
745,136,
393,109,
15,26,
-153,29,
-96,-30,
-67,-143,
-67,-129,
30,-238,
205,-38,
287,169,
350,499,
194,293,
128,94,
141,-163,
165,-108,
194,-73,
104,-32,
34,-98,
40,-165,
-42,-201,
-158,-217,
-74,-103,
21,-25,
167,78,
340,211,
262,115,
225,142,
133,-43,
21,-47,
-180,-137,
-116,-79,
-93,-127,
-42,-125,
-20,-67,
-14,-114,
-66,-130,
-111,-159,
-90,-101,
-43,-2,
109,-6,
237,-29,
124,-75,
15,-126,
-25,-179,
51,-161,
-1,-95,
91,-90,
181,8,
176,42,
147,129,
11,0,
19,-141,
173,-420,
28,-200,
-74,-65,
-7,3,
-127,-5,
-44,-26,
-53,-123,
-51,-142,
-54,-134,
17,-159,
70,-116,
42,-77,
-23,-27,
-33,-72,
-13,-110,
46,-58,
133,-123,
104,-48,
40,-16,
42,-82,
-15,-98,
85,-116,
103,-44,
77,13,
42,-26,
1,-166,
-51,-167,
-58,-91,
22,-57,
-6,-20,
-5,-17,
-41,-49,
-15,-100,
18,-24,
16,-12,
95,-34,
142,-1,
100,-8,
95,19,
71,3,
-10,-16,
85,10,
70,-56,
51,-110,
62,-71,
95,-109,
64,-40,
85,-25,
72,-114,
-12,-66,
-61,-26,
10,-81,
-15,-88,
93,-94,
34,-181,
72,-98,
79,-142,
36,-154,
63,-56,
53,-81,
-7,-34,
56,-66,
1,-112,
25,-52,
79,-61,
78,12,
-15,-40,
48,-16,
76,-86,
90,-115,
83,-65,
124,-76,
74,9,
38,-24,
-19,19,
00>
_________________________________
00>
00>
Printing STS1 CIR
00>
00>
_________________________________
00>
45,28,
36,2,
40,53,
26,21,
0,-78,
-44,-20,
-33,-36,
-7,2,
40,20,
2,-80,
64,-46,
90,31,
78,-5,
91,-37,
70,-42,
114,-34,
82,-15,
20,11,
-25,20,
-2,38,
-5,43,
30,47,
-1,1,
41,-2,
49,-5,
33,6,
18,-22,
53,29,
27,-1,
56,14,
59,-28,
15,-8,
1,36,
48,15,
60,46,
36,11,
17,2,
-1,-33,
19,25,
-43,-19,
-68,-58,
-32,-49,
2,-25,
6,35,
56,49,
-3,45,
56,30,
49,8,
22,27,
-16,46,
14,43,
25,18,
-5,53,
-48,33,
-65,-28,
-65,-55,
-55,-59,
43,43,
4,41,
-37,30,
21,-13,
39,-20,
26,61,
5,13,
46,-2,
34,51,
12,83,
42,-25,
18,-32,
-45,-54,
-29,-22,
-30,-29,
-36,-24,
-10,16,
-7,9,
53,-49,
55,4,
18,-42,
15,-73,
24,1,
8,-17,
-6,-25,
5,16,
-1,59,
16,-3,
0,21,
8,-8,
30,15,
26,15,
33,17,
-47,29,
-5,40,
-15,35,
-26,-44,
-7,-3,
-38,-11,
14,-2,
13,31,
-37,75,
-28,57,
12,-2,
-25,-85,
-93,-43,
-5,-4,
6,-6,
63,-4,
-8,43,
71,-25,
22,5,
-12,-4,
6,-48,
3,10,
-27,36,
-15,6,
-13,6,
27,-27,
15,12,
13,37,
57,51,
41,49,
81,6,
45,23,
16,58,
24,30,
-22,17,
22,13,
23,-15,
47,8,
2,18,
-11,40,
19,2,
5,47,
23,10,
63,18,
-49,3,
37,41,
34,67,
34,32,
6,-12,
3,41,
-10,61,
16,28,
-14,40,
39,-4,
3,-4,
14,18,
2,33,
39,24,
66,19,
53,6,
57,26,
45,-3,
-4,-9,
-10,-30,
34,-26,
21,11,
-1,-2,
11,-43,
3,-37,
26,1,
53,-22,
6,-4,
0,46,
1,72,
-4,40,
78,62,
75,33,
31,-6,
68,25,
9,49,
33,-10,
-1,-69,
-13,-74,
-42,-40,
-38,-10,
-5,5,
11,26,
39,18,
48,36,
4,-1,
39,2,
3,65,
15,63,
24,56,
32,17,
-27,-19,
-11,15,
23,13,
36,10,
13,-16,
24,22,
25,41,
-4,3,
1,-16,
38,-16,
67,-5,
41,30,
-27,52,
-53,-24,
-30,-41,
-33,-48,
17,0,
-9,17,
-18,38,
32,22,
50,-19,
-15,50,
-29,-2,
-39,34,
-51,34,
1,9,
14,11,
36,-3,
59,-4,
-31,-11,
-44,-4,
11,8,
12,-25,
97,6,
36,-8,
20,-14,
28,-55,
47,-21,
-25,22,
21,37,
72,48,
9,26,
-3,3,
9,12,
14,-25,
-14,-55,
-37,-32,
0,-22,
23,8,
55,8,
74,-7,
43,2,
45,37,
33,35,
14,5,
6,28,
15,16,
41,-37,
25,3,
22,74,
21,99,
44,60,
48,47,
32,36,
10,3,
-1,14,
-16,-22,
3,-3,
-32,33,
42,6,
5,-22,
20,-39,
-15,-3,
-22,-16,
68,-9,
1,92,
-11,59,
-21,9,
9,12,
-26,22,
29,-1,
73,-22,
47,35,
19,-20,
1,29,
-18,12,
3,30,
16,11,
-26,-14,
-34,-10,
28,1,
36,25,
43,12,
56,13,
43,23,
-6,12,
4,-60,
-27,5,
31,29,
12,15,
-1,10,
-8,-9,
20,-17,
-24,-18,
42,18,
100,-22,
-21,-22,
-34,-30,
-32,13,
1,43,
-17,5,
1,59,
-17,57,
-26,37,
-29,12,
13,3,
0,29,
44,63,
42,25,
7,0,
52,7,
77,-27,
-28,12,
-38,53,
-70,61,
6,46,
-35,30,
-41,29,
-1,-41,
101,-63,
36,-52,
51,-17,
76,52,
72,8,
29,37,
1,16,
-11,-37,
6,13,
67,20,
37,-3,
-17,-4,
36,55,
-12,18,
-18,26,
22,-2,
65,-41,
37,-57,
42,-23,
42,9,
28,-17,
-3,6,
13,11,
29,8,
0,-13,
-11,-12,
6,-5,
-48,21,
-18,-34,
-7,-30,
-8,25,
-15,50,
-2,12,
62,47,
61,70,
49,40,
23,4,
-45,9,
19,39,
50,41,
16,44,
2,66,
-336,582,
-1924,3422,
-4237,6914,
-5460,7102,
-6040,5596,
-1789,-16,
1376,-2824,
884,-1709,
-715,-915,
-1405,-1514,
-767,-1758,
-35,-1041,
215,-339,
246,-141,
258,-201,
162,-169,
-33,-96,
-291,-212,
-472,-297,
-419,-331,
-341,-234,
-187,197,
25,540,
369,152,
458,-174,
371,-208,
223,-119,
124,-148,
-21,-179,
-219,-51,
-216,57,
12,19,
176,-123,
273,-406,
26,-137,
-43,-66,
28,-229,
205,-218,
300,-223,
292,-20,
298,72,
335,35,
348,-87,
266,-100,
196,-66,
78,-34,
28,23,
13,86,
-81,171,
-285,367,
-230,74,
-124,28,
14,54,
145,-19,
214,-53,
200,-67,
155,-152,
82,-130,
123,-53,
161,-49,
164,-142,
133,-160,
39,-147,
-7,-121,
-84,-109,
-162,-181,
-122,-66,
54,43,
174,121,
163,188,
99,90,
113,13,
27,13,
6,29,
57,-67,
130,-91,
242,-24,
230,20,
95,61,
-38,47,
8,84,
72,77,
121,13,
56,-19,
32,-30,
89,-56,
71,-128,
43,-101,
65,-106,
158,-19,
150,-1,
115,-31,
81,-1,
90,-28,
77,-16,
2,-81,
0,-72,
-8,10,
-52,-7,
-14,0,
-18,-18,
78,23,
92,10,
89,-39,
49,-25,
81,-49,
23,-107,
73,-15,
79,-31,
12,12,
29,18,
16,-40,
6,-48,
-17,-39,
27,19,
28,31,
106,11,
43,-10,
23,30,
63,26,
122,19,
115,25,
73,9,
36,-12,
61,3,
46,19,
72,-44,
102,-72,
44,-11,
16,-26,
-7,-11,
-26,0,
25,-4,
61,-22,
34,-40,
34,-28,
73,-54,
33,-81,
76,-23,
74,42,
78,27,
64,-2,
112,17,
105,-62,
65,-53,
23,-6,
43,11,
33,66,
47,13,
13,6,
64,16,
77,-49,
73,-17,
60,-5,
19,58,
5,47,
00>
_________________________________
00>
_________________________________
Sequence Number: 238
00>
00>
Printing STS0 CIR
00>
00>
_________________________________
00>
67,83,
40,40,
50,20,
20,10,
-33,9,
-19,15,
11,49,
49,60,
16,56,
41,-14,
40,-9,
14,60,
9,2,
-18,-55,
-63,34,
-19,16,
11,6,
-20,-17,
-22,10,
20,49,
11,-25,
-2,-7,
-44,49,
-6,42,
-56,-29,
-32,-42,
-72,7,
-51,-23,
-11,-14,
14,-76,
27,-39,
19,-8,
-9,37,
-9,27,
-29,18,
23,59,
58,68,
28,70,
37,90,
-10,-58,
-61,-35,
37,21,
48,39,
56,-40,
15,-2,
2,55,
13,47,
50,26,
13,3,
-11,25,
-73,-8,
-22,-36,
72,-36,
32,-23,
-51,-53,
-33,-32,
-96,33,
14,59,
37,92,
-7,-29,
-72,-34,
-24,40,
46,59,
92,54,
62,-48,
4,-2,
-20,44,
-38,39,
9,-29,
9,-3,
-6,9,
-28,49,
69,-22,
-1,-42,
-29,69,
23,31,
-25,65,
-34,-45,
55,5,
45,-2,
-14,-14,
-49,-58,
-8,-35,
40,27,
0,26,
-56,56,
-13,10,
33,26,
-8,31,
17,17,
-7,-38,
-9,-15,
-126,-32,
-51,-13,
4,-19,
102,-34,
3,6,
23,-4,
42,49,
-50,23,
27,52,
21,-7,
11,19,
45,-5,
75,55,
61,36,
11,17,
-40,-23,
-45,35,
-42,49,
49,35,
149,36,
1,38,
-7,-37,
38,-62,
164,-39,
68,-58,
32,19,
0,65,
-2,110,
-17,54,
-13,37,
9,20,
-14,-2,
-16,-17,
-49,1,
43,61,
47,12,
-18,32,
-41,50,
-20,-8,
10,23,
-74,-22,
-29,6,
-49,23,
-1,-70,
33,-12,
15,61,
-25,-31,
55,-68,
22,46,
28,76,
-23,54,
8,-69,
-8,-7,
-80,42,
21,-15,
51,3,
28,6,
-59,30,
-32,29,
-26,14,
-33,-22,
-63,-1,
-8,13,
109,41,
76,-69,
87,-14,
-13,-54,
45,-43,
64,-20,
-42,-38,
-62,-30,
75,13,
78,71,
47,41,
77,-21,
57,38,
70,47,
-22,40,
-51,-51,
23,-54,
49,-49,
23,9,
106,-9,
92,41,
21,53,
17,42,
0,6,
-8,-7,
-48,26,
24,-25,
-12,-66,
2,-53,
21,-49,
-58,-5,
0,-113,
14,-134,
-19,-125,
6,-1,
8,101,
56,48,
-6,-16,
54,-34,
-2,2,
-32,-23,
-31,-30,
-38,14,
23,-89,
63,6,
26,-39,
7,-18,
-14,-59,
-8,-62,
35,-30,
6,15,
-8,91,
-12,67,
-29,-15,
12,-45,
92,45,
69,-3,
4,58,
-11,62,
-37,84,
35,13,
46,-27,
-35,-53,
-50,-35,
-10,-24,
-51,80,
-59,-18,
-3,10,
-13,28,
-12,64,
-14,46,
-5,17,
-6,25,
-20,73,
21,16,
-5,-10,
-2,29,
22,-65,
-20,-7,
26,40,
-11,-19,
3,43,
8,-8,
-23,-28,
16,33,
15,34,
19,67,
1,116,
-3,61,
100,29,
60,10,
7,42,
-35,32,
17,-27,
12,40,
38,45,
-68,12,
10,14,
16,-9,
-44,46,
-30,90,
-12,43,
7,9,
19,52,
-37,-9,
-22,13,
-14,49,
73,22,
16,124,
48,92,
-42,-48,
28,17,
-39,-1,
-50,-11,
-97,-21,
-67,3,
-19,25,
-46,11,
34,14,
21,-51,
-37,13,
-94,4,
-23,28,
-1,12,
7,-39,
8,-16,
3,-27,
-113,-33,
-44,-84,
-45,-43,
54,-5,
73,-34,
34,-80,
-44,-70,
-108,-6,
-42,15,
-12,6,
51,14,
6,-16,
29,10,
43,-9,
123,-31,
-6,-36,
5,71,
43,25,
13,-52,
56,-65,
81,-23,
52,20,
6,-46,
32,-47,
56,-51,
26,24,
-66,111,
-4,60,
12,43,
1,-25,
-51,-26,
-20,-20,
-3,-28,
5,36,
-12,32,
-28,-30,
60,4,
72,38,
51,5,
6,-52,
20,-13,
59,-4,
39,-17,
38,7,
7,-11,
94,-48,
63,-7,
12,-6,
15,25,
13,-22,
-4,54,
-11,28,
43,12,
49,-57,
63,-16,
-5,108,
-72,100,
-53,77,
-21,13,
-12,26,
-29,-28,
-48,-66,
-77,-39,
-50,-47,
-38,27,
62,18,
77,15,
60,21,
27,-31,
0,37,
51,478,
-99,2331,
-1068,5528,
-2543,6385,
-2722,3129,
-949,-1468,
813,-3363,
1352,-3403,
1720,-4085,
2382,-4937,
2507,-4000,
1382,-1668,
58,-220,
-371,124,
-200,28,
-62,-43,
-62,66,
-177,73,
-351,104,
-306,164,
-360,140,
-145,148,
4,350,
123,261,
178,80,
117,6,
-83,-110,
-282,11,
-534,132,
-544,169,
-263,138,
55,37,
131,96,
17,111,
-10,185,
-53,91,
-180,81,
-276,-53,
-131,-216,
151,-157,
324,-64,
283,89,
172,101,
120,101,
156,122,
49,151,
-30,118,
-97,89,
-89,49,
-141,206,
-71,170,
-80,174,
-167,195,
-53,85,
-78,54,
42,-28,
18,-89,
-73,-15,
-87,-28,
-55,-1,
18,-14,
14,-48,
-5,-18,
16,-58,
125,-23,
148,-7,
134,-55,
110,57,
25,82,
21,103,
38,-23,
-13,-68,
-37,-90,
-1,-14,
41,81,
88,-37,
59,-65,
13,-51,
4,61,
-46,31,
38,16,
127,-81,
132,-61,
92,31,
57,73,
-17,54,
-26,-18,
-23,-74,
-45,6,
-50,-51,
-61,-60,
-47,-9,
-28,29,
52,34,
12,42,
-90,-12,
-90,84,
56,62,
61,43,
-12,-10,
16,-57,
1,31,
51,48,
25,32,
21,35,
17,56,
57,-9,
15,28,
31,43,
55,67,
90,57,
57,69,
40,103,
-17,113,
-73,74,
-28,-3,
-1,-65,
-23,-16,
-39,89,
93,111,
68,76,
5,-37,
12,-9,
69,-2,
83,39,
21,6,
-6,-36,
36,-19,
56,61,
30,66,
-11,36,
1,6,
1,61,
29,75,
39,43,
-44,-38,
-25,-55,
11,19,
49,34,
-18,100,
-10,15,
54,-8,
10,61,
43,10,
62,43,
76,26,
67,21,
63,79,
1,115,
-22,142,
31,51,
-16,-21,
-9,-54,
-40,-48,
12,63,
39,85,
-8,72,
45,31,
22,-34,
20,-16,
00>
_________________________________
00>
00>
Printing STS1 CIR
00>
00>
_________________________________
00>
38,-43,
12,-14,
14,1,
49,26,
-14,58,
19,38,
56,44,
62,5,
105,43,
49,17,
78,-6,
63,33,
7,33,
-33,17,
-48,-19,
-17,-49,
13,1,
17,13,
35,54,
53,8,
44,-14,
-5,-23,
35,15,
52,0,
69,2,
54,-52,
63,-17,
15,-7,
49,40,
59,29,
32,18,
9,24,
10,-8,
46,-39,
-21,-58,
-1,-52,
2,-18,
38,-2,
26,26,
47,7,
20,-37,
25,-53,
-11,18,
-44,67,
-13,12,
80,-15,
20,37,
-6,2,
50,-7,
28,45,
-12,36,
-78,43,
-41,38,
32,23,
35,7,
-45,34,
27,-44,
74,8,
133,51,
104,32,
69,39,
48,18,
7,7,
-28,29,
69,21,
68,22,
69,-72,
4,39,
30,0,
57,1,
-15,22,
-15,-24,
-10,22,
43,44,
3,42,
11,23,
8,-28,
25,-7,
22,68,
62,41,
24,24,
-23,-14,
-1,-12,
30,22,
-17,50,
-15,35,
-61,15,
26,-11,
61,-17,
64,-28,
61,22,
-5,84,
29,60,
28,12,
44,4,
91,-10,
35,20,
-31,54,
-48,56,
17,10,
34,33,
5,92,
38,37,
60,12,
33,111,
-30,66,
-43,69,
-29,40,
-21,-4,
-28,-18,
20,3,
15,41,
66,0,
76,16,
58,16,
-2,-66,
15,3,
7,20,
12,69,
80,47,
118,29,
32,19,
-46,55,
-5,92,
-31,-2,
48,9,
80,-36,
89,8,
26,30,
-17,65,
18,85,
55,56,
15,7,
33,-38,
51,-26,
70,-6,
84,15,
46,74,
46,12,
45,52,
91,11,
88,40,
60,70,
56,48,
-19,67,
-6,76,
-104,17,
-73,-39,
-89,-64,
16,17,
15,71,
13,25,
17,35,
2,19,
6,53,
90,55,
57,73,
27,-30,
-10,1,
-11,-19,
41,98,
133,55,
51,20,
-2,-32,
-10,5,
56,35,
20,131,
-62,84,
-71,-39,
7,-24,
72,29,
43,69,
-27,79,
-19,110,
-63,67,
-10,91,
40,67,
37,78,
51,43,
78,114,
60,24,
-22,6,
25,-42,
-8,0,
25,9,
80,51,
32,46,
9,92,
43,102,
21,48,
55,21,
65,-3,
102,35,
19,-6,
-36,10,
-68,31,
-43,18,
-72,10,
-20,37,
9,25,
24,10,
19,35,
42,-14,
18,-16,
-35,-25,
-38,-41,
39,-28,
57,19,
35,20,
-13,24,
-24,-5,
-1,50,
-46,29,
-7,18,
12,11,
86,23,
13,59,
-61,107,
12,63,
23,41,
6,57,
85,2,
36,-46,
-50,-8,
-61,-12,
-56,-32,
-25,34,
31,-2,
49,49,
26,87,
75,110,
53,58,
18,20,
41,66,
29,113,
48,86,
-14,12,
43,-10,
60,-24,
118,-12,
83,8,
68,-26,
-14,12,
12,20,
45,-7,
58,24,
-27,46,
21,-6,
-43,-13,
-16,-6,
52,9,
153,-43,
72,14,
-9,21,
5,-30,
-7,-1,
2,48,
-3,21,
-22,1,
-22,19,
17,21,
19,44,
-5,50,
12,-29,
52,-11,
32,0,
-6,3,
27,45,
70,10,
24,8,
31,-5,
36,28,
25,16,
30,68,
99,80,
98,46,
58,-14,
0,34,
-39,41,
40,34,
38,35,
14,62,
26,116,
42,60,
67,0,
12,20,
32,35,
70,47,
123,-1,
179,-10,
114,-5,
17,-10,
-43,31,
-39,6,
45,8,
53,53,
57,32,
50,-52,
3,-24,
19,1,
19,16,
-52,-2,
-12,17,
-25,13,
-23,16,
43,-13,
46,-22,
80,77,
54,103,
23,73,
-20,-7,
-28,7,
18,18,
-24,23,
39,4,
43,18,
-10,-24,
-54,22,
-14,20,
49,58,
76,56,
-38,68,
-98,-65,
-27,-82,
25,-51,
45,-17,
80,11,
99,10,
59,50,
-19,86,
-16,69,
-34,-30,
-61,-75,
-66,-5,
-38,23,
51,25,
28,95,
14,20,
9,46,
3,-16,
66,15,
20,29,
-77,2,
-62,18,
2,24,
63,-5,
89,-22,
81,-1,
77,-9,
-19,48,
-25,15,
11,102,
-64,439,
-739,1932,
-2310,4822,
-3556,5977,
-3291,4116,
-915,695,
805,-364,
795,1021,
43,2650,
-340,2864,
-261,1742,
-141,549,
-64,-196,
11,-353,
120,-242,
100,-142,
93,-109,
200,-74,
361,95,
446,245,
179,157,
-95,-90,
5,-211,
129,-280,
226,-365,
190,-426,
207,-355,
287,-142,
384,32,
318,128,
181,97,
87,87,
14,145,
-87,47,
-41,-175,
72,-199,
200,-260,
80,-145,
127,-90,
94,-54,
48,-81,
-73,-160,
-21,-150,
38,-116,
8,-131,
5,-11,
-37,-28,
-79,-53,
-61,-97,
-76,-153,
10,-136,
50,-59,
107,7,
2,54,
30,-33,
111,-67,
71,-73,
18,-95,
89,-102,
36,-65,
75,-61,
44,-11,
20,-21,
87,-42,
121,-91,
119,-122,
97,-107,
77,-6,
226,30,
153,-55,
7,-127,
-62,-137,
-64,-62,
-19,-41,
38,-134,
37,-82,
68,-66,
132,39,
146,71,
93,-34,
65,-120,
207,-177,
185,-109,
144,6,
28,-40,
-27,-62,
62,-95,
79,-83,
93,-82,
71,-18,
59,-24,
89,-76,
42,-62,
45,-67,
54,-87,
1,-15,
9,-34,
16,-115,
66,-106,
40,-57,
19,-103,
103,-129,
67,-136,
-14,-63,
-4,-67,
-51,-96,
-35,-108,
10,-75,
9,-46,
7,-34,
7,-24,
-24,-40,
15,-63,
-10,-135,
-13,-113,
10,-20,
97,49,
99,72,
44,77,
11,13,
-7,-39,
-30,-33,
51,-71,
84,27,
80,-60,
50,-88,
30,-80,
6,-53,
-7,-61,
6,-54,
41,-8,
-3,-6,
-22,-16,
-70,-17,
-57,-45,
8,-64,
-11,-90,
33,-75,
30,-62,
-15,-34,
44,-3,
109,-10,
62,-37,
-22,-80,
1,-152,
107,-73,
116,-60,
40,-4,
34,41,
41,-44,
1,-50,
40,-24,
63,-8,
17,54,
26,14,
65,-27,
-26,-19,
-6,-45,
102,-36,
109,-93,
00>
_________________________________
00>
RX Timestamp: 94304679749
00>
Clock Offset: 1413.345 Hz, -0.177 ppm
00>
RX Timestamp: 95379603522
00>
Clock Offset: 1435.661 Hz, -0.180 ppm
00>
_________________________________
Sequence Number: 114
00>
00>
Printing STS0 CIR
00>
00>
_________________________________
00>
0,-44,
-19,-19,
-18,-47,
-12,15,
-24,10,
-27,-8,
-85,-19,
-39,-64,
-26,-4,
5,-24,
46,3,
26,14,
18,17,
39,40,
10,33,
53,-10,
41,6,
27,15,
21,26,
16,50,
-12,12,
-14,-9,
-30,-26,
-44,-51,
-40,29,
3,-24,
13,-11,
10,51,
-50,49,
-40,7,
-88,2,
-46,46,
-58,34,
-1,-34,
83,2,
30,-33,
-34,-8,
-12,-17,
33,-25,
36,14,
-31,61,
34,108,
25,69,
36,-6,
-18,-5,
-31,-15,
-85,0,
-80,-31,
-15,-59,
11,12,
-15,-12,
-10,44,
-29,23,
-53,-8,
-4,35,
16,49,
-11,20,
-13,11,
-6,-8,
4,30,
-36,-39,
-78,-20,
-9,20,
-31,19,
15,13,
-24,-26,
-26,5,
6,-1,
74,17,
75,-19,
25,27,
34,-16,
18,-61,
-5,-76,
-36,-14,
-21,-34,
-56,22,
11,5,
67,-68,
-3,-50,
-11,3,
48,-28,
20,-12,
-11,18,
3,3,
-29,47,
4,19,
48,-13,
-21,-41,
43,-132,
-11,-52,
-66,4,
-64,-20,
-15,-9,
20,4,
-4,30,
71,32,
22,6,
18,-7,
11,-15,
27,-50,
4,4,
165,31,
184,-16,
19,-14,
-32,13,
-15,-17,
-26,-8,
-4,-29,
-6,-28,
-4,-4,
43,-62,
-15,41,
1,34,
0,29,
67,-25,
19,49,
-45,54,
-107,12,
-91,-28,
29,-7,
110,-65,
60,7,
57,-38,
82,-11,
75,42,
95,82,
33,12,
5,-43,
28,-30,
-20,19,
-7,10,
51,-6,
65,-22,
39,2,
37,33,
24,25,
56,27,
22,50,
-74,31,
-27,-3,
52,25,
15,-60,
51,-71,
16,-46,
-20,-29,
-4,20,
2,13,
26,1,
17,6,
-6,-14,
-14,-22,
23,12,
59,47,
9,-54,
-18,-25,
-56,14,
18,12,
16,-45,
-25,33,
-33,1,
32,-51,
-4,5,
10,-21,
31,-20,
84,-35,
30,39,
40,80,
19,95,
-6,-24,
-45,-35,
-47,2,
-41,24,
-51,-30,
-63,5,
39,25,
32,1,
72,-38,
14,-63,
37,-23,
52,14,
37,41,
64,12,
1,37,
-12,16,
-2,10,
28,-57,
34,23,
-9,16,
-81,-20,
-73,-61,
-26,1,
-7,-8,
39,0,
30,17,
46,19,
21,-95,
44,-11,
19,9,
10,-14,
-22,10,
-21,31,
-42,-40,
35,55,
-3,-2,
29,2,
19,-25,
67,7,
-43,-43,
0,-59,
37,-16,
51,-17,
1,2,
-57,30,
31,19,
47,-12,
34,-13,
108,-71,
14,-58,
2,-8,
-4,25,
10,-28,
-1,-1,
10,13,
13,-56,
12,-22,
37,25,
19,19,
-23,-21,
5,12,
16,-15,
34,-11,
19,20,
79,89,
6,92,
62,42,
44,19,
38,17,
65,23,
42,10,
-25,4,
21,5,
-25,44,
19,19,
61,61,
-45,-45,
-27,23,
-3,79,
42,58,
60,-24,
-9,-56,
-6,-18,
14,16,
39,57,
15,31,
-23,-41,
-26,4,
18,11,
-5,16,
1,36,
27,-11,
133,-46,
139,27,
55,-41,
-8,-2,
-78,47,
-20,-35,
27,-20,
-56,12,
-79,-21,
6,-7,
-8,-7,
23,-5,
12,-6,
38,36,
37,2,
52,26,
43,27,
4,52,
30,-40,
-4,-18,
8,5,
24,-68,
38,2,
67,-31,
61,-23,
95,-59,
25,30,
41,51,
55,50,
46,30,
19,45,
2,91,
69,24,
52,-9,
40,-33,
33,101,
-39,121,
-34,-60,
-2,-50,
7,-19,
36,23,
89,3,
37,20,
17,31,
-23,-4,
12,7,
76,-6,
86,12,
21,15,
28,5,
5,26,
-1,26,
19,14,
38,-36,
-37,-48,
22,-27,
26,12,
-17,22,
25,-4,
3,-12,
14,-38,
40,38,
-2,8,
32,10,
31,-21,
-10,14,
7,5,
4,-23,
20,-28,
50,43,
128,65,
83,30,
68,39,
30,-21,
70,48,
4,46,
-12,13,
15,20,
-17,-50,
9,-8,
-42,-17,
-75,15,
0,-47,
23,-37,
52,-50,
54,30,
16,11,
70,25,
110,23,
146,4,
103,-25,
62,-30,
50,12,
25,35,
209,410,
647,2727,
148,7523,
-1328,7928,
-2971,6381,
-1712,-1075,
69,-5153,
1130,-5629,
1457,-6521,
2186,-7457,
2715,-6749,
1667,-3243,
149,-390,
-439,220,
-276,69,
-19,67,
-13,95,
-208,143,
-449,91,
-390,-13,
-413,178,
-148,239,
20,482,
201,459,
219,159,
134,52,
-46,-36,
-429,143,
-619,105,
-608,254,
-327,200,
60,160,
250,127,
109,108,
-150,71,
-127,54,
-176,25,
-240,-160,
-265,-328,
70,-339,
430,-106,
536,56,
407,137,
324,162,
231,106,
124,149,
11,134,
-78,130,
-112,83,
-97,233,
-111,156,
-110,107,
-158,230,
-26,195,
24,92,
76,-129,
12,-139,
-39,-87,
60,70,
73,97,
28,-34,
31,-82,
19,-33,
17,-84,
99,-121,
92,-198,
244,-92,
157,35,
155,166,
11,59,
-25,-55,
-61,-135,
-117,-35,
-64,62,
-83,21,
48,-58,
139,-113,
79,-65,
19,4,
-20,1,
31,-22,
176,-97,
257,-34,
110,15,
37,55,
-66,32,
15,-56,
15,-69,
-25,-42,
-33,66,
-18,39,
-24,-12,
-7,21,
26,34,
39,48,
-12,23,
-43,-23,
-13,23,
8,61,
17,-24,
31,-21,
29,43,
39,160,
72,125,
34,-2,
-24,3,
-55,8,
-15,94,
30,69,
15,18,
15,30,
-10,-12,
9,-30,
-44,2,
-42,62,
-10,38,
106,78,
68,74,
-27,76,
-14,86,
3,16,
36,-15,
64,-7,
60,24,
12,3,
-37,27,
-39,76,
-51,69,
31,23,
57,12,
73,27,
48,57,
26,-18,
-33,12,
1,14,
12,38,
9,-19,
-21,-38,
23,-65,
58,-64,
41,69,
38,35,
-40,28,
-5,42,
20,38,
80,-33,
58,31,
16,22,
20,23,
18,36,
-2,47,
5,41,
5,39,
-31,-2,
-37,-5,
-13,-11,
43,25,
00>
_________________________________
00>
00>
Printing STS1 CIR
00>
00>
_________________________________
00>
11,39,
26,61,
-10,22,
-5,14,
-10,9,
-52,-13,
-146,9,
-82,-10,
6,37,
67,6,
54,-38,
-50,-1,
-67,14,
-47,-10,
21,-28,
13,42,
-6,26,
23,-12,
-20,-10,
-25,13,
-31,23,
56,-21,
62,3,
15,28,
16,81,
-4,14,
25,26,
-34,-84,
-19,-26,
25,-28,
49,14,
3,33,
-39,-12,
-33,-7,
-45,-28,
-21,-15,
3,-55,
-6,-12,
20,11,
39,-12,
57,-49,
12,-42,
-53,-10,
-64,-6,
-17,10,
49,12,
46,18,
-14,-15,
25,-4,
-29,-3,
13,-15,
53,14,
-7,-11,
-15,21,
-21,46,
-1,24,
10,-44,
31,43,
7,69,
-31,51,
-36,-27,
14,-52,
22,-66,
45,-31,
15,63,
1,47,
-6,61,
29,66,
23,56,
-1,1,
38,11,
28,20,
67,87,
-3,29,
37,32,
-8,50,
-13,64,
-24,9,
-17,53,
12,15,
84,-64,
27,-49,
-30,-17,
38,-11,
15,20,
-20,0,
-78,1,
31,-1,
-52,-40,
-40,-6,
-31,-30,
-1,34,
58,30,
4,38,
6,50,
22,3,
52,18,
7,-5,
-19,20,
-3,37,
22,58,
-17,17,
-52,61,
-75,62,
-26,-28,
26,-37,
-17,37,
-52,74,
-25,35,
-15,11,
-22,7,
-3,11,
31,42,
33,-27,
24,-39,
18,-34,
45,-15,
-7,15,
-61,19,
-69,22,
-54,32,
26,-43,
-14,-24,
-10,14,
5,41,
10,61,
-52,26,
-44,-11,
36,-76,
24,21,
-14,42,
9,70,
-1,0,
0,37,
19,-16,
-53,4,
-29,11,
-46,35,
-25,21,
-22,81,
23,6,
33,-15,
-27,38,
-24,23,
3,15,
-49,52,
-32,-50,
-45,-3,
24,18,
-21,25,
13,24,
11,-22,
21,-7,
-26,-5,
-9,36,
2,41,
74,73,
28,78,
-13,-6,
-8,5,
-20,-5,
-34,-4,
-5,5,
-13,62,
-32,45,
100,57,
95,28,
110,15,
8,4,
-27,-28,
28,-31,
113,0,
72,76,
-34,70,
-25,21,
-17,33,
18,20,
-23,0,
-15,-24,
27,-25,
6,2,
35,-22,
-20,-10,
40,42,
21,36,
-4,-9,
50,-38,
13,-36,
-13,-7,
-5,7,
9,-10,
-3,-32,
-58,-9,
16,43,
25,56,
35,9,
47,41,
45,-15,
55,-4,
65,94,
-20,-1,
-2,2,
2,-65,
11,-77,
20,4,
27,-1,
-1,-30,
8,18,
10,-12,
-5,-36,
0,9,
3,-24,
25,40,
-15,-7,
4,16,
12,28,
-6,62,
12,-29,
-15,-23,
-1,-11,
6,24,
79,-8,
0,25,
-47,20,
-23,29,
-54,-16,
5,1,
49,-25,
4,1,
65,48,
16,-1,
27,28,
-28,43,
40,6,
3,8,
3,-56,
30,8,
-27,0,
-46,69,
-6,32,
5,15,
-28,4,
-19,-29,
21,-54,
-57,-34,
32,43,
23,61,
-3,30,
20,-46,
12,-39,
-16,65,
-17,-14,
-29,-8,
9,-18,
-23,-41,
25,24,
31,60,
-12,32,
-33,1,
-21,-19,
-20,-44,
-40,-6,
-57,6,
-91,21,
-61,7,
7,33,
30,17,
40,48,
-77,57,
-39,3,
16,-3,
-35,-29,
-18,-73,
11,23,
34,16,
26,43,
9,46,
3,47,
-10,52,
-30,34,
5,2,
41,6,
65,0,
24,66,
44,51,
15,49,
-3,18,
-17,34,
2,56,
19,55,
18,19,
28,24,
8,10,
-5,17,
-3,21,
-6,28,
36,10,
33,26,
0,-12,
37,1,
28,-26,
8,-75,
2,-43,
5,-17,
-31,46,
5,-12,
-52,-15,
11,-34,
67,-13,
61,-24,
20,-22,
32,63,
36,77,
67,68,
4,54,
-17,75,
-33,37,
4,40,
-14,10,
-16,-7,
-19,-3,
14,16,
27,27,
0,26,
-22,-3,
-78,-25,
-48,-10,
49,44,
34,6,
2,29,
-37,51,
-51,-5,
17,-24,
2,18,
40,-7,
30,-37,
-26,29,
-20,32,
-8,-12,
-13,16,
-58,55,
-108,9,
-109,-9,
-88,-2,
36,-7,
15,41,
30,10,
-41,-37,
-118,-21,
-31,-27,
4,-22,
20,3,
-32,-23,
5,4,
53,71,
82,387,
52,2734,
-475,7310,
-1454,8016,
-2197,7625,
-852,1761,
721,-797,
1463,849,
1617,4127,
1215,4929,
571,2988,
33,893,
-154,-167,
-98,-461,
5,-390,
72,-175,
56,-100,
76,-156,
361,-63,
507,46,
311,56,
-148,-43,
-185,-218,
-75,-376,
-61,-719,
-184,-841,
-63,-783,
202,-368,
475,-120,
491,-31,
275,29,
44,57,
21,97,
8,21,
-23,-135,
-75,-87,
22,-191,
34,-205,
60,-146,
101,-108,
-45,-139,
-163,-232,
-171,-291,
-54,-168,
24,-82,
-25,-48,
-125,-26,
-159,3,
-185,-30,
-219,-205,
-154,-184,
27,-47,
133,33,
41,153,
23,91,
80,-95,
69,-225,
88,-142,
5,-34,
3,-21,
2,-76,
30,-118,
25,-88,
56,-78,
34,-98,
-31,-216,
-4,-169,
161,-31,
231,-4,
164,-52,
36,-12,
-143,-55,
-216,-5,
-117,-71,
-67,-172,
-28,-191,
31,-86,
78,-60,
57,-97,
-3,-129,
-39,-214,
21,-408,
128,-139,
93,-3,
-57,42,
-52,-53,
-22,-111,
42,-152,
22,-88,
77,-46,
34,-93,
50,-49,
34,-79,
-4,-60,
7,-39,
-16,-78,
-28,-109,
-14,-225,
-58,-128,
-46,-49,
-75,-47,
-46,-115,
-16,-91,
23,-83,
-31,-68,
-18,7,
-67,-100,
-34,-89,
2,-97,
-11,-101,
-43,-84,
-56,-76,
-47,-71,
-60,-158,
-79,-97,
-61,-37,
-28,-86,
40,-97,
31,-68,
22,-74,
-15,-25,
1,-8,
-43,-73,
-22,-61,
-3,-50,
-42,-65,
13,-76,
3,-83,
-6,-7,
-2,-35,
41,-34,
-31,3,
19,-69,
-7,-72,
-5,-74,
11,-101,
13,-178,
38,-130,
-43,-131,
-10,-127,
44,-119,
6,-77,
-4,-35,
-45,-36,
-19,-46,
6,-28,
47,20,
30,14,
0,-24,
35,-65,
44,-61,
2,-153,
-44,-147,
-7,-71,
-5,-59,
18,-25,
-45,3,
00>
_________________________________
00>
_________________________________
Sequence Number: 117
00>
00>
Printing STS0 CIR
00>
00>
_________________________________
00>
19,-49,
44,17,
18,51,
40,1,
91,-58,
15,56,
-78,59,
-11,73,
8,-46,
-8,-53,
53,-25,
-22,-7,
3,17,
5,25,
48,52,
-5,4,
-6,13,
0,-6,
-52,5,
-30,-13,
48,-31,
63,55,
23,25,
14,25,
-96,10,
-22,69,
-26,8,
14,-11,
21,10,
15,-10,
-39,-63,
30,-56,
-54,26,
-27,-21,
-19,-35,
-89,-81,
13,-58,
19,16,
-50,7,
-18,12,
-80,49,
-64,61,
-30,15,
-10,6,
44,-5,
-37,-50,
-17,-68,
-35,-13,
-38,-22,
6,-19,
-1,7,
-40,-33,
31,-36,
53,34,
-49,6,
-81,18,
-111,-3,
-53,-88,
16,-18,
-1,62,
-5,-21,
27,7,
50,18,
86,41,
-1,54,
-52,-36,
-47,-32,
45,23,
18,19,
20,-2,
66,-24,
43,14,
42,32,
-44,1,
-25,6,
26,22,
41,-13,
95,-9,
31,-42,
38,-23,
62,-7,
75,-4,
-16,19,
28,65,
59,41,
-24,56,
-43,15,
36,32,
-10,-20,
-22,81,
-44,12,
-5,-7,
32,-32,
30,-35,
16,-86,
42,26,
71,29,
56,16,
5,-1,
28,36,
3,-36,
40,69,
-21,11,
46,27,
23,77,
10,13,
-10,17,
-19,61,
44,18,
70,-3,
27,-11,
24,66,
38,16,
81,-27,
88,-34,
94,27,
6,-49,
14,-56,
22,-84,
109,4,
35,-2,
15,46,
-70,1,
-81,-3,
13,6,
19,26,
-23,72,
-105,-6,
-66,53,
-40,21,
-19,-4,
63,24,
54,-26,
8,-28,
29,15,
-6,26,
7,49,
-21,-37,
-55,-69,
-104,-29,
13,11,
42,-5,
56,-45,
36,28,
103,5,
111,7,
81,19,
96,64,
-25,47,
-61,-18,
-38,4,
81,-17,
102,-2,
5,-40,
-9,-57,
11,35,
17,7,
-22,2,
8,-42,
94,-49,
93,13,
16,69,
-7,6,
-21,21,
-10,43,
2,-56,
29,30,
21,66,
16,90,
-62,-28,
-61,-27,
-53,-13,
19,3,
85,26,
27,8,
22,50,
-29,78,
-72,-8,
-74,-18,
-29,-3,
45,-43,
75,-26,
-58,21,
-16,51,
8,44,
-72,-24,
-52,-27,
38,31,
40,32,
-12,94,
9,57,
-7,35,
-3,58,
-10,-10,
63,-10,
22,-50,
-8,-25,
64,13,
-8,5,
11,-55,
-37,22,
9,83,
-21,27,
-5,9,
-21,-12,
-3,-11,
10,12,
38,64,
58,85,
35,-8,
24,-8,
20,-38,
59,-54,
54,-16,
-6,16,
-74,27,
-2,6,
35,9,
-11,-53,
-36,-60,
-49,45,
3,64,
33,-2,
18,3,
-15,14,
-12,4,
85,28,
5,25,
61,10,
76,-29,
28,-42,
-18,3,
-11,16,
-3,5,
35,-47,
77,-9,
41,49,
-42,13,
-63,20,
-13,-11,
-12,40,
-41,-8,
-25,7,
52,7,
-32,26,
-77,-33,
22,15,
128,49,
49,44,
-6,42,
34,25,
3,-108,
9,-64,
-50,1,
59,24,
54,14,
43,-5,
-48,-18,
-16,-13,
-33,16,
44,34,
56,19,
62,-56,
-34,-7,
-29,9,
-3,-11,
20,-15,
48,-35,
-9,-27,
6,37,
-46,43,
-53,7,
-25,51,
29,-18,
-25,-3,
-34,-61,
32,33,
-12,47,
-23,6,
-29,14,
-77,25,
-61,-68,
-31,-15,
32,53,
56,46,
-4,-1,
-27,21,
-28,23,
-42,35,
0,9,
-1,14,
-26,-4,
40,-40,
-85,31,
-39,93,
7,48,
25,-28,
-11,6,
27,41,
39,-8,
53,-15,
26,38,
42,-6,
47,6,
-29,-26,
-142,5,
-136,-31,
-88,-7,
21,81,
36,-8,
-96,3,
-79,44,
-88,94,
-92,46,
-15,27,
-2,3,
3,24,
-6,1,
2,69,
-10,51,
30,19,
9,-13,
-12,14,
51,-22,
45,92,
-13,-46,
10,-54,
54,-15,
77,3,
23,55,
7,18,
-15,-33,
-41,32,
-3,36,
10,15,
59,-6,
-29,-35,
45,-1,
72,16,
87,18,
-7,20,
-33,-6,
-3,1,
61,46,
65,16,
33,38,
19,39,
-15,30,
-76,-44,
3,-7,
36,64,
103,622,
307,3596,
-125,7937,
-1489,7998,
-3820,7140,
-3516,414,
-181,-2351,
2584,799,
3606,4876,
2775,5417,
1481,2928,
546,476,
114,-568,
-92,-582,
-118,-204,
-20,-144,
-47,-235,
191,-386,
282,-174,
296,41,
86,-28,
-495,99,
-486,149,
-316,-69,
-58,-276,
31,-410,
119,-513,
410,-521,
744,-568,
815,-402,
427,-214,
39,31,
-136,120,
-166,-19,
-89,-91,
-98,-83,
-83,-175,
78,-224,
196,45,
474,263,
326,176,
257,-20,
121,-160,
86,-237,
77,-198,
59,-182,
-13,-146,
-75,-179,
-102,-189,
-195,-112,
-252,-25,
-101,-10,
54,-20,
342,-45,
315,64,
280,105,
93,-47,
-110,-60,
-164,-46,
-109,-46,
-178,-65,
-91,-48,
-44,-140,
-45,-86,
-52,-51,
-145,-62,
-210,12,
-72,-14,
148,-11,
344,-215,
79,-188,
-139,-255,
-85,-175,
-70,-109,
-53,-120,
12,-27,
148,-100,
224,-114,
194,-51,
53,-45,
-60,-156,
-67,-466,
-17,-107,
49,-3,
-16,-13,
-91,32,
-38,-24,
-57,-135,
-96,-186,
-73,-74,
-39,-115,
-25,-112,
7,-151,
-41,-104,
-47,-57,
-55,-53,
-40,-75,
-111,-223,
-68,-76,
-67,-65,
-97,-81,
-83,-129,
21,-109,
12,-68,
-3,-91,
-76,-116,
-88,-134,
-142,-124,
-86,-175,
-86,-67,
-33,-55,
-57,-22,
-11,-30,
52,-81,
64,-20,
142,20,
121,43,
62,-42,
58,-97,
37,-177,
55,-198,
100,-141,
85,-108,
12,-76,
-17,-101,
-26,-77,
55,-63,
63,-55,
42,-53,
3,-98,
21,-52,
-37,-9,
-5,-52,
36,-129,
17,-193,
35,-165,
85,-173,
10,-107,
-13,-96,
36,-76,
129,-22,
20,-79,
-82,-96,
-9,-44,
11,-83,
-56,-52,
-30,-41,
-17,-37,
-18,-65,
-104,-51,
-70,-86,
55,-106,
148,-96,
66,-60,
-21,-29,
3,-85,
37,-132,
-10,-120,
45,-114,
16,-19,
22,-68,
00>
_________________________________
00>
00>
Printing STS1 CIR
00>
00>
_________________________________
00>
-23,61,
38,-14,
54,-1,
70,5,
32,50,
6,58,
-2,-1,
-43,27,
-26,35,
-34,5,
16,17,
-25,4,
-13,12,
24,38,
1,1,
-33,25,
-25,64,
93,-30,
101,-16,
65,-8,
-45,9,
-85,22,
-10,-14,
23,0,
-44,63,
29,21,
25,49,
-18,57,
38,-7,
-8,-9,
-38,-7,
25,27,
39,2,
18,-19,
80,3,
110,20,
71,-29,
6,-89,
-20,-39,
-1,32,
-17,-1,
19,28,
18,5,
-20,18,
4,-40,
-9,-30,
23,-1,
27,47,
34,-26,
41,9,
7,24,
9,44,
8,56,
14,6,
50,53,
57,39,
7,5,
-21,-5,
-11,2,
22,17,
36,10,
22,17,
-27,-31,
23,-37,
110,18,
44,14,
60,45,
-14,-11,
18,90,
-16,41,
33,28,
-37,15,
10,-19,
39,12,
14,-20,
42,24,
-1,10,
-29,14,
-45,28,
-55,80,
24,19,
63,1,
105,23,
68,43,
26,59,
27,20,
-30,22,
62,18,
29,49,
-21,49,
2,-7,
20,-9,
11,26,
-10,20,
-22,-9,
2,13,
-39,-45,
-79,16,
-120,-8,
-119,-2,
-71,60,
58,-7,
44,-34,
4,-62,
-14,-67,
-9,-2,
13,-44,
26,20,
2,33,
-13,34,
-76,18,
-35,-61,
-3,-64,
88,-10,
41,-15,
20,-7,
-34,-33,
-40,-61,
81,40,
26,93,
13,119,
13,79,
27,94,
-76,75,
-38,34,
16,26,
-16,7,
-46,-41,
-2,-14,
32,47,
96,13,
82,8,
36,59,
-63,-69,
-18,-100,
-57,-1,
-74,70,
11,63,
27,48,
52,41,
38,80,
-6,70,
-6,-18,
5,-35,
-19,-7,
4,-32,
60,18,
23,25,
-14,-19,
4,24,
19,24,
36,34,
39,5,
5,64,
-17,84,
-49,57,
-18,40,
-17,-11,
-35,-14,
-55,-3,
-1,28,
-26,31,
-21,25,
-5,58,
28,4,
-16,-67,
37,-10,
10,1,
38,63,
34,57,
17,9,
29,13,
-16,-5,
-20,8,
23,-7,
24,36,
13,85,
-63,20,
-69,14,
5,27,
36,20,
-5,-23,
28,-23,
-4,7,
-13,-27,
64,-12,
47,29,
11,-8,
-4,-10,
-33,24,
-8,30,
36,-19,
51,15,
43,48,
102,33,
68,19,
-10,7,
14,31,
39,22,
19,72,
-31,44,
0,61,
31,106,
-49,37,
-7,-1,
-3,36,
-15,67,
-17,87,
15,92,
39,14,
41,10,
49,29,
16,20,
-61,48,
-98,48,
-21,43,
48,87,
55,61,
10,6,
1,-1,
-67,6,
-10,21,
44,28,
3,54,
-30,2,
5,30,
64,-6,
89,5,
108,16,
41,59,
-13,104,
-64,30,
-20,-14,
54,-38,
70,-27,
11,49,
-6,101,
-34,65,
-15,16,
-5,-11,
20,8,
50,21,
70,16,
18,31,
6,17,
13,65,
-22,-52,
7,17,
34,37,
-9,0,
-2,-2,
-27,22,
-50,14,
0,39,
28,64,
21,46,
-9,27,
25,-15,
25,-30,
-24,-5,
-21,36,
55,33,
2,52,
4,78,
-27,84,
4,108,
-1,54,
13,-10,
40,75,
36,54,
85,22,
-22,29,
-78,-12,
-17,16,
-18,-10,
-65,14,
-49,-6,
55,33,
117,23,
41,32,
-10,-17,
-3,-3,
37,-79,
-8,-36,
15,5,
15,19,
-8,-4,
-8,38,
1,26,
-44,3,
-32,0,
6,16,
-17,-25,
-13,65,
-31,51,
-8,33,
73,42,
42,74,
26,4,
38,-47,
-25,-46,
-26,18,
-6,83,
17,21,
38,63,
23,23,
91,39,
73,55,
-21,64,
-27,62,
-76,10,
-51,-18,
-32,-15,
-52,17,
-35,22,
2,30,
60,18,
24,60,
-24,67,
-37,68,
-31,24,
-36,2,
-48,-10,
2,47,
52,25,
61,-16,
28,8,
-43,-8,
-80,30,
8,40,
-25,14,
-18,-15,
-17,-12,
0,56,
31,58,
-10,-30,
-3,-30,
0,1,
13,-2,
-48,39,
-33,22,
24,-45,
26,-17,
-44,-10,
-49,-31,
-6,-8,
56,-48,
18,-4,
9,47,
17,1,
18,74,
141,570,
405,3320,
-13,7524,
-958,8046,
-2311,7894,
-2004,2050,
-419,-2906,
-88,-2573,
-1302,-853,
-2432,-717,
-2066,-1185,
-854,-1081,
-20,-545,
166,-321,
85,-334,
25,-276,
-104,-138,
-409,-84,
-680,-40,
-567,-55,
-409,-73,
-99,366,
374,424,
470,19,
360,-351,
150,-373,
147,-271,
36,-255,
-98,-211,
-216,14,
-229,149,
-44,85,
45,-211,
-58,-544,
-171,-224,
-165,-93,
-109,-142,
83,-338,
166,-392,
268,-168,
323,-22,
337,-139,
252,-350,
231,-401,
170,-228,
32,-122,
-33,-42,
17,35,
84,183,
44,471,
-65,187,
-47,63,
24,29,
116,-104,
102,-135,
176,-199,
168,-202,
118,-135,
34,-96,
68,-45,
61,-149,
-5,-162,
-81,-91,
-145,-76,
-154,-36,
-245,-107,
-180,-70,
-11,-33,
147,-6,
223,-11,
187,92,
99,34,
25,-34,
-36,-76,
-76,-156,
63,-184,
139,-179,
127,-71,
134,-9,
85,96,
94,63,
79,14,
18,-51,
-27,-32,
-55,-78,
-23,-103,
-54,-78,
-17,-93,
35,-122,
57,-152,
96,-120,
124,-127,
76,-63,
31,-59,
4,-60,
13,-29,
-10,10,
-6,8,
11,18,
-30,-3,
55,8,
135,-100,
94,-124,
52,-68,
13,-39,
-47,-33,
-31,-29,
-6,10,
13,-12,
34,29,
3,-17,
-27,9,
-10,-32,
-63,-34,
28,28,
39,36,
53,19,
11,-22,
-11,38,
43,64,
61,1,
59,-47,
33,-81,
98,-104,
67,-86,
60,-108,
48,-106,
35,-88,
44,-52,
13,-62,
37,-55,
104,-30,
24,-10,
59,-74,
19,-116,
-10,-139,
42,-38,
83,-33,
45,-37,
3,-17,
26,-68,
72,-58,
10,-43,
-13,-32,
9,-49,
66,-28,
60,-17,
29,19,
-5,17,
26,-62,
16,-17,
34,-9,
97,-6,
37,-17,
-14,-10,
30,12,
108,34,
76,-39,
41,-66,
70,-89,
117,-77,
00>
_________________________________
00>
RX Timestamp: 234406703376
00>
Clock Offset: 1517.487 Hz, -0.190 ppm
00>
RX Timestamp: 235481686538
00>
Clock Offset: 1138.115 Hz, -0.142 ppm
00>
_________________________________
Sequence Number: 249
00>
00>
Printing STS0 CIR
00>
00>
_________________________________
00>
-53,-26,
-33,20,
-7,-32,
15,-13,
-51,4,
-42,2,
16,28,
65,-5,
37,-36,
-52,8,
-82,41,
-23,80,
69,28,
1,18,
-38,-41,
-62,-40,
-32,0,
-9,-26,
-16,24,
18,21,
40,47,
47,32,
-37,-14,
9,51,
-90,94,
0,27,
-11,4,
4,-25,
-21,-41,
-33,-35,
15,-38,
37,-67,
-14,-17,
-3,26,
23,58,
40,28,
23,-66,
87,-35,
11,26,
38,71,
-125,29,
-47,-17,
-58,-33,
-55,35,
-11,-10,
32,1,
-15,1,
-25,-8,
-9,14,
-7,-55,
-42,-15,
-50,-30,
1,16,
-4,-37,
47,14,
0,14,
-57,-28,
-14,-31,
-47,-8,
-1,30,
-13,44,
62,44,
44,-5,
-46,69,
-40,56,
-32,-10,
51,-28,
24,-11,
9,12,
24,23,
25,6,
-40,-39,
-42,-32,
-18,2,
9,18,
-32,34,
-40,37,
-23,16,
80,10,
53,-30,
20,-14,
6,-38,
-7,28,
24,42,
29,40,
50,-61,
-2,-7,
20,23,
-20,50,
-70,60,
-32,24,
18,29,
-9,-59,
-15,-79,
23,-44,
52,27,
41,0,
-18,55,
-11,57,
-6,39,
-9,-58,
5,13,
-18,-49,
-36,-83,
-21,-19,
-15,-1,
-66,42,
21,29,
-20,41,
-24,41,
-37,-40,
-65,-49,
-46,-62,
22,9,
46,-10,
-42,-27,
17,-1,
-15,11,
63,34,
74,22,
-3,-11,
30,-101,
11,-24,
100,26,
-59,6,
-60,-61,
-67,-4,
-4,-27,
-2,-59,
10,-21,
-11,-20,
27,13,
-75,12,
-43,-17,
12,-37,
11,-15,
7,51,
-2,28,
30,-7,
2,-24,
32,35,
62,54,
11,9,
37,9,
44,-44,
-49,-67,
-44,-43,
21,-5,
45,-30,
56,-73,
13,1,
-5,11,
7,6,
28,-31,
-17,-71,
-10,23,
-28,77,
-43,53,
-15,-34,
3,9,
-64,-53,
-79,36,
-124,36,
1,0,
63,-2,
9,69,
-66,33,
-57,6,
38,-13,
70,11,
-6,-51,
-18,-20,
-70,-58,
-4,-32,
39,-56,
32,-107,
2,-70,
1,46,
-74,-11,
-43,-72,
-13,-88,
35,20,
-14,27,
-26,-46,
-34,-25,
-16,-95,
-29,-45,
-6,-46,
-52,-33,
-7,25,
1,20,
-14,-68,
-58,-41,
6,56,
9,60,
-32,70,
-60,103,
-78,72,
-30,-36,
6,-24,
-20,1,
-17,39,
-27,-25,
22,-21,
37,-21,
12,11,
4,7,
13,-17,
17,-49,
3,-2,
-22,-34,
-58,2,
48,-55,
43,7,
15,17,
54,-44,
41,11,
-16,-69,
-13,-67,
5,-32,
13,18,
39,87,
37,41,
-16,2,
-33,-26,
-20,-25,
1,-23,
14,-26,
2,36,
38,-73,
10,-16,
33,-60,
5,-13,
12,41,
-11,26,
-81,-63,
-58,-21,
-88,-4,
13,41,
40,42,
27,-34,
25,65,
-15,33,
-38,29,
-87,-16,
-20,-31,
-34,-43,
68,-8,
-8,-29,
-5,-18,
-87,-28,
-18,-42,
21,-11,
16,60,
-22,31,
-101,-77,
-63,-80,
-38,5,
58,-82,
14,-21,
44,-28,
-4,45,
-81,72,
49,13,
-18,-32,
-75,-57,
-23,83,
-45,56,
26,69,
15,40,
64,82,
-13,7,
-24,6,
29,59,
90,-16,
41,-6,
-29,-25,
-52,14,
37,-10,
15,77,
47,31,
-8,7,
13,-2,
26,56,
-17,75,
1,-36,
16,2,
22,29,
-36,-15,
-3,-18,
-28,-24,
-11,-86,
-12,-3,
-47,-19,
-57,55,
-35,41,
148,24,
118,-29,
11,-17,
32,31,
-29,12,
-26,-30,
-54,-30,
-2,-32,
82,-65,
17,-21,
-2,64,
10,-4,
0,-6,
-54,-25,
-52,-73,
-72,14,
-43,7,
24,1,
5,-25,
-25,-45,
0,-36,
43,49,
91,-6,
8,33,
32,14,
4,33,
24,31,
40,16,
27,29,
-12,20,
10,12,
-67,-54,
-18,-12,
5,41,
-5,-16,
-72,4,
-33,-7,
48,2,
-11,-2,
-52,-6,
-19,30,
17,80,
-13,36,
6,-23,
39,16,
52,57,
14,1,
-27,20,
-23,-12,
-16,1,
5,60,
60,22,
-5,91,
-80,25,
-5,52,
55,29,
42,87,
-5,43,
-350,-124,
-1559,-687,
-4542,-2293,
-6108,-4047,
-4479,-4752,
-160,-2548,
1640,328,
-178,1324,
-2920,813,
-3689,371,
-2415,184,
-731,317,
214,272,
407,126,
254,50,
130,22,
202,63,
202,145,
145,319,
45,298,
83,206,
-1,-248,
10,-399,
68,-219,
147,2,
238,84,
227,198,
200,388,
131,675,
62,682,
33,446,
-37,-19,
32,-199,
66,-78,
130,36,
135,15,
197,58,
144,165,
-98,210,
-249,158,
-263,168,
-187,115,
87,160,
150,128,
160,48,
82,5,
10,49,
77,7,
155,-2,
132,-26,
106,-38,
76,-37,
40,62,
-84,152,
-60,239,
-49,149,
-90,87,
-5,-41,
83,-69,
67,-15,
92,-100,
83,-112,
102,-40,
141,34,
96,-64,
101,-77,
153,-84,
93,-33,
-19,94,
42,180,
105,129,
105,5,
118,-1,
114,36,
112,109,
45,133,
44,106,
-26,132,
-44,148,
-43,77,
166,32,
272,23,
227,49,
115,-38,
27,-21,
-25,-94,
-14,-6,
41,-49,
57,-9,
46,45,
126,-19,
123,-7,
38,68,
-18,16,
30,-47,
109,-4,
139,38,
66,42,
29,-31,
27,-44,
79,59,
122,110,
85,4,
106,45,
78,105,
65,-24,
40,-4,
125,36,
136,112,
137,95,
166,50,
60,-13,
65,65,
68,105,
94,81,
21,58,
46,113,
38,68,
39,30,
-31,59,
52,97,
73,202,
29,98,
-33,-4,
82,75,
96,70,
94,38,
70,25,
4,77,
120,90,
130,57,
135,41,
144,6,
103,11,
66,58,
121,-9,
119,12,
149,57,
122,130,
31,92,
72,-5,
66,-9,
65,98,
55,36,
12,63,
47,47,
73,45,
71,69,
44,93,
-2,74,
38,57,
109,17,
121,148,
55,192,
-9,127,
-21,33,
100,-46,
178,39,
00>
_________________________________
00>
00>
Printing STS1 CIR
00>
00>
_________________________________
00>
-28,17,
-12,41,
-45,41,
-21,11,
-34,105,
-24,132,
-7,89,
-30,11,
-55,7,
3,19,
16,48,
13,52,
28,25,
-25,8,
-33,35,
21,32,
1,11,
-10,-21,
-10,-31,
-17,-26,
64,32,
4,-30,
34,-14,
32,42,
-71,82,
-58,26,
-1,35,
-7,21,
36,-39,
31,-51,
-18,37,
-29,36,
-47,24,
33,-9,
0,-11,
16,-24,
-12,-26,
2,42,
-59,119,
3,137,
-32,42,
8,14,
-4,16,
-15,-5,
43,-48,
0,-53,
-16,-3,
-45,103,
-24,31,
-34,46,
-61,21,
0,41,
64,0,
38,-78,
-30,-60,
-11,-8,
91,-5,
33,35,
-14,22,
-87,35,
-92,113,
20,91,
11,18,
2,-22,
-65,-7,
-59,-14,
11,23,
-25,33,
44,-50,
18,-33,
4,32,
4,35,
116,17,
102,-14,
54,-31,
-9,11,
9,24,
16,43,
32,13,
38,-23,
38,-29,
-1,0,
-40,72,
-24,31,
32,-22,
55,-12,
7,23,
26,0,
-60,32,
-21,-36,
-29,-16,
-35,48,
55,81,
125,13,
86,-20,
41,22,
59,-34,
95,-81,
19,-27,
41,-15,
34,13,
-13,-3,
0,78,
5,82,
21,21,
-5,-27,
2,-2,
50,-26,
6,-13,
26,3,
91,16,
22,78,
-56,-6,
-32,52,
1,47,
-15,103,
-13,72,
-14,21,
-16,6,
-52,44,
63,-23,
16,-37,
46,2,
23,46,
39,-20,
76,-70,
52,-26,
9,12,
-7,45,
15,13,
26,-48,
49,-6,
15,-51,
-45,-5,
-27,11,
-6,28,
-24,51,
-32,43,
19,41,
61,-50,
-20,-73,
-14,11,
20,0,
19,-4,
-84,68,
-13,35,
35,-5,
78,-21,
83,1,
-8,3,
-41,30,
-11,60,
40,57,
24,-63,
7,-34,
-2,7,
-5,-24,
-1,23,
49,-18,
22,-23,
-32,-16,
28,51,
22,29,
50,-39,
-9,-39,
8,-54,
20,-88,
84,64,
60,36,
36,44,
-3,16,
22,37,
0,52,
30,36,
76,38,
60,105,
4,57,
-51,21,
-102,25,
-114,43,
-11,77,
73,13,
40,-18,
34,2,
30,21,
52,42,
-12,2,
44,34,
34,30,
51,28,
-40,4,
-108,32,
-1,25,
77,-6,
22,-23,
-46,-19,
-65,-2,
-22,83,
-13,74,
-9,37,
15,-6,
-21,-4,
-83,28,
-101,52,
28,26,
26,-9,
24,-7,
-30,-27,
27,30,
46,50,
29,8,
34,-24,
-11,8,
-11,3,
-16,55,
34,26,
2,105,
20,81,
40,-14,
92,-10,
46,14,
15,27,
-32,84,
2,65,
-52,19,
30,12,
46,44,
44,-4,
59,45,
-9,53,
-40,70,
-31,-3,
-36,-39,
13,-46,
-14,13,
-27,-37,
-40,-37,
32,51,
86,-36,
81,59,
8,33,
-51,-4,
-24,25,
-12,48,
8,112,
22,85,
34,76,
122,28,
92,2,
44,8,
13,80,
-11,55,
-48,7,
22,-48,
32,-45,
10,-8,
-10,59,
49,44,
12,-9,
12,-4,
44,37,
46,52,
75,49,
69,32,
65,8,
15,16,
17,69,
-35,139,
-14,62,
1,10,
2,-40,
-35,-1,
-4,38,
-16,2,
0,48,
63,18,
19,30,
24,59,
42,13,
35,52,
38,24,
5,16,
8,3,
71,36,
83,30,
23,81,
-8,-5,
-28,-10,
15,-28,
50,-73,
8,-32,
-12,-1,
-47,33,
-22,58,
-44,82,
-29,-5,
-25,-43,
22,53,
45,73,
85,50,
8,23,
-39,19,
-35,47,
29,45,
41,74,
55,28,
86,3,
-43,31,
16,61,
9,62,
-19,68,
-65,50,
-21,-23,
51,-15,
-31,-7,
-71,49,
-19,60,
9,47,
6,34,
-16,35,
-4,21,
-5,-29,
74,-28,
-8,-21,
7,39,
37,33,
26,3,
22,-80,
33,-17,
23,71,
60,-2,
10,17,
-41,-31,
-27,-19,
-50,59,
32,38,
53,46,
7,-66,
-41,-61,
2,-15,
5,7,
7,1,
23,49,
-44,-29,
-119,36,
-41,21,
110,28,
78,-30,
8,40,
-60,29,
-8,55,
57,48,
-11,18,
-12,19,
-239,7,
-1616,-306,
-4779,-1820,
-6576,-3667,
-5434,-4454,
-1099,-2604,
1738,-83,
1766,721,
1002,-246,
1039,-1045,
1300,-956,
908,-280,
409,95,
187,183,
201,92,
196,135,
113,78,
110,-125,
232,-301,
298,-378,
251,-353,
-75,-138,
-278,54,
-168,255,
123,302,
288,225,
267,135,
184,106,
155,63,
84,-56,
-19,-146,
4,-69,
32,-52,
204,-22,
323,35,
211,-1,
222,61,
243,168,
169,177,
71,147,
-15,162,
-30,211,
30,291,
115,216,
68,132,
70,81,
97,23,
-32,45,
-139,64,
-258,18,
-156,-79,
-35,-66,
22,-39,
128,47,
110,59,
95,147,
108,144,
14,83,
2,72,
49,77,
166,100,
165,68,
128,20,
87,-50,
80,-45,
46,-56,
65,-9,
67,86,
-91,162,
-157,164,
-143,55,
-17,-15,
41,-65,
25,-49,
24,-51,
107,89,
172,115,
90,172,
0,112,
-87,63,
-63,70,
58,75,
87,75,
12,17,
3,54,
44,149,
68,104,
112,27,
140,24,
124,102,
-3,53,
-7,22,
-32,42,
14,60,
13,12,
-4,-48,
69,37,
38,109,
39,44,
-24,-34,
-29,6,
13,80,
32,72,
62,118,
57,95,
121,38,
75,14,
-24,14,
-64,5,
-2,15,
7,21,
28,45,
106,-4,
19,-28,
12,-29,
24,13,
47,-3,
70,-9,
20,38,
-37,117,
-45,52,
-52,71,
-31,39,
64,30,
18,34,
56,72,
77,65,
121,68,
105,133,
108,150,
68,-20,
24,16,
76,76,
54,83,
92,29,
47,61,
47,15,
56,40,
125,17,
-9,-28,
-15,-27,
15,20,
-35,21,
2,73,
17,38,
49,47,
26,69,
10,58,
-23,14,
-19,-27,
86,37,
2,55,
-33,97,
3,48,
11,22,
29,46,
38,106,
54,43,
00>
_________________________________
00>
_________________________________
Sequence Number: 252
00>
00>
Printing STS0 CIR
00>
00>
_________________________________
00>
4,34,
42,21,
27,-68,
0,42,
29,75,
-19,39,
-33,56,
-5,58,
38,44,
-10,38,
29,41,
-13,-12,
-56,41,
-7,60,
23,-4,
35,21,
9,-65,
14,-21,
-15,-23,
14,98,
-5,81,
21,48,
-24,-23,
-21,26,
-6,14,
37,1,
-13,21,
-44,30,
-13,34,
29,-6,
35,-34,
29,19,
-34,56,
21,58,
-17,100,
-36,5,
-37,-30,
-20,-45,
53,-104,
60,-68,
-8,-38,
-26,-73,
44,-87,
-3,-25,
-73,-2,
25,0,
35,-12,
53,24,
-5,45,
-7,15,
-49,80,
40,-6,
4,37,
-7,50,
27,4,
49,-52,
-68,4,
-17,8,
-13,54,
-58,0,
8,55,
-21,-46,
50,33,
45,85,
18,30,
-9,36,
-4,-4,
57,-55,
60,-45,
81,-10,
22,-3,
-29,0,
-20,26,
1,5,
-37,-42,
-14,-79,
-36,-19,
-14,48,
26,-24,
-2,-52,
37,-51,
-24,44,
5,37,
-38,44,
-30,67,
-12,-27,
-4,-13,
44,26,
36,27,
60,15,
20,-10,
-23,21,
3,46,
-19,13,
20,10,
50,-21,
28,49,
-23,34,
-42,51,
39,-5,
-5,33,
18,-18,
44,6,
14,-20,
63,39,
-32,48,
48,48,
56,5,
49,-10,
-9,80,
-15,53,
2,115,
-36,122,
3,129,
-86,93,
-105,-43,
-45,-54,
21,-4,
30,-51,
50,-77,
42,-50,
32,38,
1,1,
18,6,
59,22,
-3,59,
-43,34,
-143,32,
-19,-4,
9,13,
-79,-45,
-3,25,
22,24,
-9,34,
-22,62,
-27,21,
-29,47,
-51,54,
-80,6,
-49,27,
-4,58,
12,74,
2,55,
-9,0,
-44,28,
-4,-8,
6,3,
33,-28,
78,-6,
28,55,
-38,17,
12,1,
-15,8,
127,44,
16,73,
-2,-11,
-30,-18,
15,-53,
-24,-61,
3,-18,
16,-10,
43,-5,
1,-32,
-7,26,
36,11,
-13,-43,
-61,1,
-20,-21,
5,67,
26,6,
82,-26,
53,14,
6,35,
0,32,
50,5,
74,37,
-12,-88,
53,-7,
45,-23,
68,-8,
-10,18,
-19,34,
-35,39,
-26,1,
-65,66,
16,-7,
26,-46,
18,-69,
28,1,
2,40,
39,93,
-29,29,
-40,31,
6,-21,
3,-4,
13,40,
1,29,
-20,21,
-32,44,
-16,62,
-35,42,
-21,-9,
-1,57,
-29,77,
-21,-41,
-5,-45,
9,-10,
-37,2,
9,37,
-45,80,
-5,112,
29,68,
-21,8,
32,-42,
42,-6,
40,-44,
58,-65,
93,14,
-3,-35,
3,-5,
30,7,
-4,53,
-53,33,
-62,-6,
55,17,
7,-31,
6,-39,
9,-67,
13,-1,
37,25,
67,-5,
-22,8,
-5,7,
-20,51,
-58,17,
-26,-48,
-37,-14,
-24,-26,
44,-53,
5,13,
-15,64,
-42,7,
-52,-3,
-10,0,
33,-21,
22,-53,
-14,-41,
34,-39,
13,-16,
42,42,
17,9,
-1,11,
-83,15,
-48,23,
-8,34,
66,-8,
13,-19,
7,52,
-7,96,
27,-98,
54,-51,
62,40,
14,-33,
30,-10,
46,20,
-12,-18,
-1,-106,
-30,-48,
-23,23,
-26,29,
-73,11,
-99,-63,
18,19,
40,10,
-34,-7,
-8,7,
16,34,
74,81,
97,-29,
21,13,
15,30,
0,20,
63,-5,
-18,13,
-11,8,
-22,-42,
-22,6,
-5,-20,
-16,-2,
9,41,
23,77,
7,-29,
-25,61,
-100,63,
-13,11,
-1,16,
-5,101,
-41,69,
31,44,
-27,-28,
-14,0,
47,45,
38,50,
60,11,
-11,-33,
-58,57,
39,-28,
39,16,
30,29,
-17,21,
-35,92,
24,21,
3,17,
-19,66,
16,38,
-10,64,
-36,62,
-11,12,
22,-27,
51,64,
51,81,
-26,8,
-13,-53,
29,-28,
-16,-3,
-16,55,
-9,83,
34,34,
-5,19,
10,-24,
-24,56,
34,23,
-2,29,
24,27,
27,-17,
9,-30,
43,-26,
30,-29,
23,-27,
10,-55,
-47,-37,
-18,6,
37,-34,
28,-1,
-23,65,
21,50,
21,-14,
-8,33,
15,-33,
-7,-5,
-295,66,
-2351,-67,
-7372,-833,
-8027,-2108,
-7124,-3327,
348,-1390,
5327,910,
5734,1972,
6246,2388,
7279,3038,
6971,3385,
3889,2160,
631,230,
-270,-477,
-118,-259,
58,-35,
26,-19,
-146,-159,
-122,-363,
46,-344,
-34,-320,
-286,-276,
-505,-76,
-451,167,
-264,257,
-107,136,
-4,-14,
-28,-421,
-140,-654,
-301,-811,
-294,-507,
-107,-22,
-21,154,
-167,135,
-138,18,
-51,-93,
-34,-152,
43,-272,
297,-304,
372,70,
132,377,
-145,435,
-198,355,
-178,248,
-94,155,
-168,77,
-216,-29,
-187,-145,
-88,-232,
-123,-239,
-219,-149,
-122,-14,
-167,-111,
-186,-218,
-178,-66,
-60,81,
85,128,
36,-29,
-2,-50,
-62,28,
-36,68,
89,83,
56,3,
120,39,
149,93,
222,216,
115,108,
-9,57,
-60,56,
-115,2,
-32,78,
83,38,
61,49,
-4,-18,
-30,19,
-97,108,
75,80,
47,127,
6,76,
-57,-77,
-33,-15,
105,66,
49,197,
20,52,
11,37,
-60,-78,
56,-93,
124,-51,
107,-37,
15,-33,
-8,-42,
-10,-27,
34,-33,
33,33,
20,15,
-24,-45,
-20,-44,
-60,6,
-21,32,
-12,116,
-53,37,
11,38,
-41,6,
17,-2,
41,-12,
84,-35,
86,-9,
111,80,
45,52,
-52,-53,
-83,-32,
0,-65,
13,-70,
-46,-66,
-109,-81,
-48,-49,
-131,-27,
-111,34,
-36,103,
-57,123,
-33,52,
-41,6,
40,21,
24,57,
-31,47,
-70,-14,
-32,-42,
-56,-1,
-54,12,
-11,-45,
-38,-15,
-2,-3,
-4,-38,
-94,-57,
-134,15,
-32,34,
18,11,
101,37,
73,86,
34,118,
-11,88,
-35,13,
-43,-36,
-31,36,
-10,34,
13,-3,
-46,52,
-52,68,
-56,70,
-61,-22,
-76,28,
-42,-38,
18,-10,
58,-46,
20,-106,
-17,-55,
-60,1,
-35,-8,
38,-31,
-12,-14,
22,0,
-69,-24,
00>
_________________________________
00>
00>
Printing STS1 CIR
00>
00>
_________________________________
00>
4,-15,
-30,56,
15,62,
28,-25,
30,-28,
24,24,
-30,106,
-43,26,
53,-8,
0,-3,
-9,-9,
-8,39,
24,39,
19,-2,
-8,27,
22,13,
18,-36,
5,-63,
40,-9,
45,63,
-15,47,
-7,-5,
16,18,
-12,-81,
-22,-66,
11,-2,
26,-12,
28,22,
44,65,
14,76,
-51,74,
-61,33,
-7,90,
4,59,
1,96,
12,59,
-7,36,
23,9,
67,15,
44,66,
47,78,
-33,37,
-36,-5,
-9,-25,
-22,-52,
-69,48,
-25,-40,
21,18,
20,34,
-11,62,
-8,31,
28,-51,
-3,19,
49,36,
10,77,
-25,33,
-15,51,
-23,2,
18,-14,
21,-4,
5,-30,
3,-7,
1,22,
-67,12,
-26,6,
-15,-31,
-6,-88,
-14,-43,
31,-24,
37,-40,
24,-7,
-11,41,
-28,-14,
-8,4,
1,-65,
10,-53,
-22,-38,
-10,-3,
-8,-27,
25,10,
72,4,
51,24,
1,-29,
3,-3,
14,-14,
-45,-34,
-26,-58,
15,-21,
-10,23,
-21,0,
15,-10,
2,-43,
27,21,
26,45,
41,67,
60,56,
6,82,
-16,78,
-1,34,
-2,2,
44,24,
2,52,
-5,82,
-10,40,
4,5,
-3,-5,
-4,-28,
-14,9,
-39,0,
-30,29,
-50,4,
-67,13,
21,47,
41,6,
7,20,
-83,-24,
5,15,
39,13,
44,27,
14,34,
-19,16,
-14,-19,
-22,-7,
-34,32,
4,-4,
-12,4,
12,-14,
1,82,
-16,113,
-5,77,
-9,58,
-42,-41,
-45,-63,
-43,-40,
-38,-29,
-6,41,
-2,22,
41,-30,
57,-47,
18,31,
-11,74,
85,14,
46,-27,
-50,-23,
9,42,
8,14,
24,49,
-9,-51,
-14,0,
49,0,
43,26,
5,-2,
-24,19,
-16,7,
4,-30,
41,15,
-48,37,
-24,31,
35,-30,
37,2,
31,25,
18,33,
-6,-10,
35,58,
10,87,
58,69,
-78,-30,
-50,-19,
20,-44,
44,-3,
11,14,
10,23,
33,40,
54,-14,
28,-66,
5,-48,
28,-22,
19,-42,
17,-30,
31,26,
-12,21,
7,-29,
-4,-3,
56,67,
72,16,
39,-2,
45,-2,
-11,39,
-15,-24,
1,-31,
23,12,
40,-33,
-12,-14,
-23,-38,
-13,-19,
51,-40,
31,10,
-22,20,
50,30,
1,-29,
12,-32,
6,-7,
54,41,
28,25,
51,-10,
42,7,
-22,15,
-25,16,
-5,34,
4,10,
34,-7,
-34,-79,
-39,-7,
6,33,
82,41,
77,0,
32,37,
22,46,
-24,-29,
3,-51,
14,-22,
40,22,
27,18,
-18,71,
-53,88,
-16,101,
-16,70,
-17,69,
22,31,
16,72,
-19,86,
15,54,
75,77,
44,-29,
64,-22,
34,9,
-8,-45,
20,-28,
-52,16,
-17,23,
-4,-4,
-5,37,
-8,22,
-15,59,
-3,34,
-24,33,
2,-50,
-21,21,
5,16,
32,-28,
90,14,
75,61,
38,38,
57,49,
53,-10,
26,17,
3,9,
7,-30,
-41,13,
10,-12,
33,-14,
32,-42,
92,15,
-20,32,
37,61,
-5,5,
-14,-36,
-1,-3,
-16,-9,
53,9,
19,33,
13,23,
-8,39,
-59,23,
-24,52,
6,34,
-4,30,
-2,87,
34,12,
56,86,
34,71,
15,15,
2,12,
16,-6,
-12,-19,
-59,-17,
14,-12,
-7,-19,
0,-50,
0,-46,
5,-23,
62,1,
47,2,
11,14,
-36,2,
-2,7,
80,2,
36,-32,
31,16,
-3,44,
-4,40,
7,-35,
56,-5,
10,-26,
-15,-17,
47,-37,
62,-109,
14,10,
22,-1,
20,23,
102,-12,
68,-28,
62,-47,
-23,-35,
39,-22,
0,-11,
-25,10,
-1,-11,
59,17,
52,-22,
27,-31,
2,10,
13,34,
82,49,
29,-22,
30,-33,
50,12,
26,46,
57,40,
29,-16,
32,-46,
75,-1,
42,28,
34,11,
-2,0,
41,31,
24,6,
32,-42,
23,7,
25,-54,
50,2,
103,19,
92,-8,
92,-94,
9,-46,
-27,-25,
-19,-2,
-67,31,
11,31,
1,22,
-347,125,
-2384,372,
-7149,-445,
-8020,-1784,
-7656,-2956,
-2679,-1924,
554,398,
-849,1661,
-4206,1781,
-5296,947,
-3629,317,
-1167,-79,
202,-175,
631,-91,
517,122,
276,109,
179,-28,
225,43,
80,403,
-109,555,
-125,367,
108,-60,
274,-191,
406,-46,
685,113,
871,39,
878,5,
384,195,
23,536,
-57,625,
27,399,
52,162,
-84,47,
-95,29,
81,-159,
120,-160,
171,-128,
381,144,
252,98,
212,104,
334,9,
285,-117,
296,-97,
197,-23,
165,-32,
44,-56,
38,-53,
72,-128,
124,-146,
312,-266,
251,-182,
79,-90,
49,3,
-16,17,
-14,-17,
64,-43,
211,47,
147,74,
177,34,
143,-1,
140,-30,
149,31,
96,58,
82,66,
110,96,
266,-2,
189,-25,
14,35,
-20,146,
122,211,
158,88,
146,-129,
83,-171,
147,-154,
215,-108,
179,-54,
163,60,
109,71,
113,33,
151,-13,
138,31,
315,107,
148,183,
40,96,
34,11,
132,-22,
154,-10,
197,-2,
220,-24,
150,-61,
120,31,
134,60,
129,84,
105,82,
59,33,
109,-23,
128,-20,
191,-8,
135,2,
50,61,
92,58,
237,-50,
104,-17,
136,-28,
130,26,
33,34,
117,5,
163,-64,
200,-104,
152,34,
126,57,
105,13,
149,-19,
133,15,
93,59,
71,8,
80,43,
166,9,
126,9,
98,62,
70,29,
97,1,
131,-4,
128,-31,
107,-30,
143,46,
56,64,
55,68,
90,29,
154,27,
83,-5,
45,-12,
49,-8,
163,47,
137,35,
147,30,
180,57,
158,10,
155,-3,
163,49,
127,60,
90,-3,
34,-30,
72,1,
52,-2,
111,-23,
7,-36,
23,-98,
90,-16,
152,58,
95,-5,
135,-23,
156,-45,
99,-46,
109,-61,
115,-19,
92,22,
138,10,
89,11,
29,58,
67,42,
161,-11,
00>
_________________________________
00>
RX Timestamp: 374478870251
00>
Clock Offset: 2949.428 Hz, -0.369 ppm
00>
RX Timestamp: 375553148884
00>
Clock Offset: 2008.438 Hz, -0.251 ppm
00>
_________________________________
Sequence Number: 128
00>
00>
Printing STS0 CIR
00>
00>
_________________________________
00>
18,11,
-13,-7,
-9,-8,
5,15,
6,58,
-3,-12,
33,12,
-4,21,
9,-12,
-2,8,
43,41,
37,106,
54,15,
13,-28,
41,16,
-23,1,
24,30,
-8,3,
4,11,
39,42,
-2,-59,
-1,-29,
-10,19,
30,-84,
-1,-42,
-26,-9,
-23,-13,
-9,-76,
22,-67,
11,-13,
12,-27,
17,15,
22,53,
57,-10,
6,51,
5,81,
46,-17,
2,31,
-5,44,
9,35,
-28,11,
-79,11,
-10,1,
3,-36,
-19,-32,
2,-18,
6,26,
10,18,
8,-19,
9,6,
29,27,
33,43,
22,10,
-59,29,
30,5,
51,51,
-34,58,
-61,7,
24,11,
51,-3,
48,52,
12,40,
26,31,
17,-18,
35,26,
15,17,
9,27,
44,-47,
-13,-12,
52,-54,
60,-24,
19,51,
31,102,
44,34,
75,-18,
-53,16,
-45,25,
25,19,
66,21,
-1,13,
24,-5,
37,-1,
28,-24,
32,-3,
5,-15,
7,11,
4,-65,
-26,-12,
-47,78,
-35,102,
-60,47,
-39,-30,
22,-44,
13,-1,
-10,-1,
32,-16,
19,-4,
48,27,
-29,-18,
12,-60,
31,-1,
17,-11,
45,-49,
-67,-31,
-6,-11,
-9,20,
-32,20,
-4,4,
-24,13,
28,-32,
24,-50,
28,23,
-11,-1,
30,35,
33,-19,
6,-13,
-13,13,
-26,32,
28,-22,
-14,9,
-76,28,
-25,-47,
27,4,
16,-36,
11,-23,
-3,-6,
19,-6,
26,18,
9,-3,
-28,28,
38,-40,
21,-67,
-78,-51,
-42,22,
-10,-36,
-27,-29,
-19,20,
60,18,
30,30,
5,20,
27,9,
20,0,
-14,34,
-9,-13,
11,7,
63,3,
-18,-33,
4,14,
48,-9,
103,2,
23,-36,
82,6,
86,-54,
59,7,
-13,97,
26,53,
-23,-6,
-11,35,
12,23,
30,-8,
26,24,
-38,-48,
-27,6,
49,2,
-45,63,
41,39,
64,32,
-15,-52,
-45,-54,
80,-1,
85,65,
48,37,
-15,-4,
-16,-12,
-29,26,
19,13,
-32,14,
-9,2,
6,51,
58,-5,
24,-1,
26,41,
-13,18,
-52,22,
-28,25,
-40,41,
-44,46,
-55,15,
-25,11,
2,6,
18,-13,
29,-15,
32,25,
35,42,
6,56,
-23,-4,
-13,37,
-9,58,
-33,5,
-14,58,
-67,17,
-25,25,
-14,5,
8,3,
-2,15,
7,3,
-42,-13,
25,-30,
-9,-46,
16,5,
-10,41,
-48,14,
20,37,
98,66,
38,41,
34,9,
-31,17,
-32,35,
13,3,
36,-35,
-35,-16,
-8,-10,
-17,38,
23,-12,
10,13,
12,20,
-35,17,
-67,-55,
-13,-74,
-38,-65,
-22,4,
29,-11,
-9,72,
23,93,
47,113,
25,69,
-7,72,
48,33,
6,-7,
28,-11,
-1,-9,
-15,24,
27,40,
26,-14,
1,34,
22,-18,
13,36,
32,9,
55,13,
12,24,
13,-51,
12,-8,
5,56,
29,31,
-27,13,
2,-42,
-5,65,
-29,7,
7,-42,
-31,15,
-60,58,
-11,48,
-9,-34,
-5,37,
39,93,
28,56,
33,23,
53,62,
72,-25,
16,-30,
-27,17,
12,13,
41,6,
50,23,
-8,1,
-51,43,
7,-11,
18,-34,
-29,20,
-19,11,
-35,47,
15,75,
49,74,
0,81,
-3,4,
25,-21,
33,-1,
-9,-13,
-13,8,
9,20,
-32,38,
-17,33,
-7,49,
-6,49,
8,-42,
14,37,
-38,34,
-41,33,
-38,31,
21,5,
-1,8,
-21,-2,
38,42,
3,-10,
-8,-14,
-23,-4,
19,-28,
-30,34,
-21,10,
-5,-10,
5,-16,
50,-2,
-39,-4,
-47,4,
-17,52,
-6,75,
1,19,
4,14,
9,39,
9,19,
11,5,
22,-21,
-1,15,
59,-20,
61,61,
37,-6,
15,49,
10,70,
21,25,
-18,-12,
-42,29,
-24,36,
-28,74,
-15,34,
19,24,
67,-15,
28,5,
5,-6,
-36,-25,
-12,-25,
53,21,
23,-29,
26,-38,
17,-28,
-50,-12,
-85,40,
1,-1,
29,68,
0,85,
-25,47,
20,7,
-19,16,
27,23,
-51,-104,
114,-673,
939,-2661,
2502,-4690,
2545,-3049,
783,25,
-602,1617,
-1165,1944,
-1390,2198,
-2151,3102,
-2415,2951,
-1267,1340,
-194,281,
191,-29,
137,-11,
71,59,
30,-17,
84,-10,
246,-65,
367,-92,
325,-138,
148,-55,
135,-157,
22,-278,
-40,-238,
-80,2,
56,34,
131,12,
278,-50,
322,-57,
235,-26,
44,-31,
-75,-8,
-6,-63,
169,-146,
148,-125,
144,-98,
147,7,
113,122,
-82,227,
-219,147,
-285,-50,
-99,-129,
-12,-73,
-60,-40,
-15,-22,
-9,-61,
56,-27,
154,-5,
93,-51,
104,-108,
162,-133,
198,-97,
103,-13,
-37,-33,
-90,61,
-100,64,
-56,39,
-48,-18,
10,-44,
-7,-14,
-69,11,
-14,22,
1,50,
-31,-11,
-15,54,
-50,121,
-39,46,
-73,39,
-23,16,
4,5,
33,72,
-33,110,
-34,-16,
-5,-60,
-15,-66,
-37,8,
5,56,
23,27,
20,-30,
7,42,
-19,37,
-145,71,
-144,17,
33,-78,
38,-6,
-10,17,
-19,42,
-58,4,
-25,17,
54,116,
41,39,
35,3,
-24,11,
-8,3,
1,2,
10,27,
-16,-17,
6,22,
-45,-12,
-71,-17,
8,25,
1,-41,
-79,10,
-40,29,
-28,50,
-14,97,
-40,12,
17,-15,
16,23,
32,56,
28,7,
-2,-22,
3,4,
-6,59,
-109,26,
-122,29,
5,23,
49,-20,
28,-59,
66,-23,
30,-14,
26,-21,
-52,16,
8,5,
2,-59,
9,-24,
-57,-42,
-49,-13,
-45,-19,
-56,43,
37,94,
8,-2,
17,-47,
16,-21,
-21,11,
-17,36,
-45,78,
-3,57,
-27,0,
8,13,
-7,-10,
-19,-28,
-11,-29,
13,-9,
37,38,
-15,14,
-25,-4,
-74,-61,
-35,-5,
45,-19,
-73,-13,
-73,-7,
-102,-84,
0,5,
50,-42,
7,-28,
-2,22,
26,-48,
00>
_________________________________
00>
00>
Printing STS1 CIR
00>
00>
_________________________________
00>
-29,-39,
-26,33,
-39,-3,
-9,28,
15,7,
-22,8,
-48,47,
8,5,
-8,-6,
27,37,
-44,18,
-29,38,
-44,43,
6,-13,
-3,5,
-9,-69,
17,-38,
-13,46,
-17,13,
-27,32,
16,22,
50,71,
14,38,
18,31,
-30,-10,
-35,-40,
25,-54,
3,13,
3,-27,
8,-31,
6,-43,
22,-29,
41,2,
-8,43,
21,2,
38,-31,
38,30,
38,-42,
24,19,
37,46,
-4,18,
-3,13,
-51,13,
9,31,
-33,57,
4,24,
24,-34,
1,-44,
-3,30,
18,41,
16,-28,
-44,-1,
-20,59,
-16,4,
30,24,
-3,13,
-63,-18,
21,-79,
40,-54,
45,23,
30,3,
19,29,
26,49,
30,43,
-1,0,
24,7,
22,48,
-11,-4,
0,28,
25,16,
15,24,
-55,-11,
32,-21,
37,-46,
6,2,
12,-13,
12,-17,
-33,-2,
1,-40,
10,16,
25,71,
-29,63,
-25,12,
-7,-23,
-77,-101,
-29,-57,
-23,-24,
14,5,
20,27,
16,-5,
-28,-40,
21,-4,
-16,-17,
4,-26,
23,-30,
30,51,
-44,24,
-30,8,
49,-11,
127,21,
35,64,
5,80,
12,23,
38,-21,
29,-51,
62,-28,
1,-67,
6,9,
-9,23,
19,37,
78,13,
36,-5,
24,27,
8,-1,
8,16,
53,-42,
-7,-28,
-14,-53,
35,-18,
-10,42,
0,44,
4,86,
-8,-2,
10,-43,
-2,-9,
4,-22,
44,18,
38,36,
17,34,
23,75,
22,42,
-47,-11,
6,-8,
17,3,
41,-8,
-2,22,
-7,13,
-34,-6,
-8,34,
-13,-2,
-64,-31,
22,-17,
7,-8,
15,3,
-14,5,
-13,11,
22,0,
14,28,
-91,-70,
-44,-35,
16,-6,
57,12,
53,-39,
23,16,
-11,14,
15,3,
-9,7,
2,23,
2,-33,
15,-17,
-13,38,
-39,0,
32,-21,
26,20,
-42,28,
-56,-22,
-10,-16,
18,28,
-15,-28,
21,-17,
10,19,
11,89,
-28,50,
-6,12,
23,-24,
-38,27,
-20,43,
-5,65,
8,20,
68,50,
2,38,
-33,6,
-9,-11,
0,-15,
12,40,
-4,-10,
40,-14,
4,46,
10,26,
10,-5,
31,-3,
-21,8,
0,37,
2,37,
20,-8,
110,-21,
66,-9,
7,67,
49,11,
-16,32,
15,3,
31,-37,
45,0,
-17,26,
-3,-3,
-7,3,
5,26,
-32,-14,
-51,20,
-40,6,
-4,25,
-13,3,
-17,12,
14,71,
43,23,
45,-1,
-22,37,
-55,35,
4,48,
-2,29,
-16,11,
-9,29,
66,57,
51,41,
11,5,
-17,-10,
46,23,
98,-32,
-14,-43,
-44,-40,
-26,-7,
-7,2,
21,67,
46,-39,
-15,-13,
1,31,
-78,53,
-37,8,
6,17,
-2,-14,
8,-15,
30,-34,
-10,-22,
-20,29,
-37,62,
28,2,
23,-14,
-8,-15,
-14,11,
-6,2,
-3,43,
31,46,
3,16,
15,0,
14,-22,
-4,-7,
16,40,
-16,64,
59,-17,
1,-27,
-92,5,
-34,-25,
23,15,
-27,29,
-91,24,
-49,-14,
-6,-42,
57,-6,
37,-12,
23,15,
38,-8,
-8,-2,
19,27,
-2,-47,
5,-24,
65,22,
14,73,
50,68,
15,-27,
-3,16,
-19,20,
46,-4,
91,-15,
58,-33,
29,-10,
-25,-26,
-55,-8,
-38,61,
-24,60,
-15,-37,
-24,-15,
-43,-31,
-23,42,
-54,41,
-3,-6,
38,3,
-15,24,
-10,-6,
-41,0,
-48,23,
10,27,
-15,11,
-16,-25,
-56,8,
-15,11,
-9,1,
-20,-15,
60,7,
1,36,
-11,-10,
1,-8,
-19,31,
51,-27,
57,-72,
80,12,
34,7,
14,-17,
28,-7,
56,-4,
-5,11,
-41,19,
16,0,
29,-24,
12,34,
-9,116,
12,52,
-20,62,
-19,-14,
-20,-2,
-32,9,
-27,88,
23,40,
18,50,
58,4,
111,-16,
33,-23,
17,13,
31,17,
62,4,
25,-31,
45,31,
-15,59,
12,-20,
32,-25,
22,-25,
1,-36,
-11,-38,
7,-83,
-34,-27,
-29,18,
18,39,
24,5,
43,-12,
31,-157,
344,-860,
1762,-2945,
3640,-4597,
3587,-3355,
1119,-574,
-226,280,
-371,-440,
201,-1628,
597,-1994,
445,-1232,
246,-309,
20,190,
-72,254,
-91,164,
-82,80,
-72,-22,
-27,8,
-30,-39,
-239,-220,
-152,-136,
21,19,
60,104,
14,121,
-126,224,
-173,283,
-110,320,
-118,126,
-146,-69,
-195,-178,
-110,-69,
-62,-30,
-17,-102,
59,-89,
-34,36,
-69,123,
-83,152,
-67,99,
-58,91,
-73,41,
-30,30,
37,69,
26,77,
4,90,
-15,86,
25,72,
35,88,
97,68,
49,74,
44,135,
20,220,
-8,148,
-79,44,
18,-10,
36,-21,
-7,35,
-20,59,
-57,81,
19,72,
34,21,
-55,43,
-38,118,
-17,79,
-14,16,
-35,-1,
-14,140,
-48,203,
-68,49,
-103,39,
-85,2,
-57,36,
-3,66,
58,81,
57,70,
21,65,
-24,72,
0,83,
-20,24,
-68,-13,
-11,63,
-4,122,
-68,81,
-90,81,
-104,70,
-80,57,
-5,74,
18,44,
69,42,
30,59,
27,23,
21,-18,
-2,-2,
-33,34,
-39,96,
-54,64,
-14,54,
-5,38,
-17,90,
-69,133,
-118,15,
-71,28,
27,66,
22,53,
1,20,
-73,28,
-4,85,
-23,95,
5,67,
-12,73,
-15,53,
-26,45,
0,68,
-3,27,
23,34,
-9,20,
24,122,
20,89,
-4,21,
-30,-13,
16,40,
47,30,
53,17,
33,26,
13,88,
-59,63,
-5,-28,
42,-10,
27,-5,
3,48,
38,15,
-22,14,
-29,-13,
-7,-19,
-9,-12,
-1,18,
26,52,
-36,37,
-66,97,
-24,127,
-14,82,
-3,64,
-3,37,
19,85,
-7,12,
-3,19,
-10,28,
35,21,
19,72,
-42,85,
-16,49,
-15,15,
-8,6,
28,56,
-32,24,
-19,63,
-6,67,
-18,51,
-28,26,
-7,61,
00>
_________________________________
00>
_________________________________
Sequence Number: 131
00>
00>
Printing STS0 CIR
00>
00>
_________________________________
00>
9,-14,
-6,-1,
-42,-5,
1,-31,
-18,-12,
3,-64,
-21,-53,
20,-93,
6,-46,
-6,-58,
-47,-47,
-67,-34,
-4,2,
18,-10,
56,-78,
46,-46,
22,-35,
-2,22,
-76,4,
-48,-22,
-19,50,
-43,38,
36,-31,
-6,-63,
-24,23,
-12,72,
-51,8,
-12,17,
-15,44,
-11,31,
-54,-53,
-60,38,
-10,14,
38,27,
32,0,
-63,-43,
-14,-33,
18,14,
-23,-16,
-36,-35,
-48,-56,
-2,-12,
-47,33,
3,20,
-26,16,
-98,-40,
-53,-19,
28,24,
-2,21,
-44,28,
-1,-55,
-24,5,
26,39,
-2,26,
-43,-2,
-4,-7,
-4,-16,
-19,45,
-19,71,
-84,20,
-5,-64,
5,50,
15,-16,
82,-45,
27,-27,
27,13,
-49,-8,
-2,-19,
35,-25,
47,2,
6,-8,
-10,16,
-2,14,
6,20,
-55,42,
-22,-45,
-8,7,
31,-98,
-40,-31,
29,-4,
-9,48,
-15,-8,
-24,-6,
36,-9,
11,34,
42,-23,
28,-16,
-2,-69,
-60,-102,
-55,-129,
5,-103,
-41,-5,
-57,70,
-46,-24,
-96,0,
-71,8,
-52,-45,
-15,-49,
-34,-31,
8,-19,
28,-9,
71,29,
101,18,
6,20,
-2,4,
-10,-29,
45,-9,
4,18,
-44,22,
-22,43,
-1,-61,
11,-28,
51,72,
-27,56,
-26,14,
43,8,
47,11,
-5,-20,
4,4,
24,66,
5,18,
-30,47,
-82,37,
-68,51,
-28,-24,
-44,-31,
-14,30,
37,5,
36,52,
-8,32,
23,11,
-38,-23,
-23,10,
-35,-44,
-12,33,
50,55,
2,1,
48,64,
26,-51,
5,-14,
10,19,
64,38,
34,21,
77,21,
67,34,
24,20,
5,67,
18,-7,
-26,-51,
-28,-32,
-32,-34,
-45,-67,
-14,-77,
5,-15,
-46,-26,
12,12,
50,51,
-47,14,
-87,-31,
-73,-40,
-36,-27,
-52,-80,
-72,-64,
-18,-13,
-32,31,
-35,23,
54,38,
50,25,
-5,50,
-27,48,
-62,-21,
3,-10,
-55,-64,
-31,-63,
13,-31,
-35,34,
-46,56,
-64,21,
-56,-17,
-87,11,
8,-11,
13,11,
-3,79,
11,71,
20,52,
43,-34,
42,-56,
53,-62,
30,-15,
-2,-25,
-22,40,
32,-6,
-70,40,
-2,38,
-12,50,
18,-20,
37,11,
90,-3,
-20,3,
39,70,
-2,60,
2,39,
3,17,
5,32,
49,89,
37,71,
9,6,
17,-33,
-20,23,
-16,-21,
-7,20,
1,22,
-38,-21,
5,-55,
-34,11,
33,107,
64,104,
11,63,
-82,89,
-23,-37,
0,15,
26,50,
68,107,
57,77,
52,-4,
11,-13,
-23,-11,
-28,8,
-1,33,
-11,1,
-63,-13,
59,-1,
61,132,
20,114,
-20,48,
6,34,
22,-26,
-29,16,
9,61,
-3,86,
-19,31,
38,-20,
24,-53,
27,-32,
-6,71,
-2,32,
18,82,
18,-34,
28,-48,
20,-26,
24,32,
-7,29,
-40,17,
-59,6,
-82,-41,
-54,-34,
9,-6,
47,42,
24,-9,
-58,-34,
-71,36,
-34,60,
13,36,
9,-29,
-26,8,
-18,47,
-16,37,
-6,46,
2,26,
-11,40,
6,54,
-81,125,
6,1,
-11,-34,
23,-10,
22,-22,
12,-23,
-37,-41,
-31,-49,
-7,-31,
-9,6,
-23,-20,
36,-19,
7,60,
-16,35,
-5,-22,
-74,-15,
-70,34,
-47,65,
-37,46,
-10,26,
30,-20,
15,-35,
-11,10,
-18,64,
-19,37,
9,-29,
24,-46,
28,-1,
0,57,
-9,27,
-62,-39,
27,-49,
50,-47,
-8,-5,
-65,-19,
4,13,
12,24,
24,30,
1,-27,
15,-30,
12,-21,
17,27,
8,21,
-33,42,
-7,-18,
-72,20,
5,23,
4,6,
33,-41,
37,-66,
-15,-3,
29,-24,
11,25,
19,14,
17,6,
54,52,
98,30,
32,-13,
18,-18,
-5,-16,
-21,-15,
-3,14,
-17,71,
-4,12,
27,54,
50,-30,
-20,-4,
-20,16,
46,-16,
2,-23,
18,12,
1,-11,
-49,5,
-22,-1,
27,80,
-35,89,
-49,36,
1,-22,
35,7,
-8,5,
20,-42,
34,-71,
6,20,
34,34,
27,-39,
39,-29,
197,-140,
1562,-1228,
6034,-3809,
7589,-3641,
7877,-1524,
3881,1683,
-1343,1379,
-1596,-1456,
1058,-4482,
2859,-5130,
1910,-3398,
268,-1129,
-499,-28,
-457,336,
-101,195,
29,108,
-89,103,
-268,125,
-241,-39,
-149,-170,
-77,-38,
228,343,
401,372,
266,265,
-130,203,
-310,186,
-479,283,
-603,-57,
-831,-305,
-752,-421,
-436,-289,
-44,1,
200,114,
51,166,
-33,192,
25,220,
5,261,
-278,104,
-210,-228,
-58,-368,
66,-525,
6,-272,
-163,30,
-168,114,
-151,121,
-121,38,
-78,74,
-107,84,
-19,238,
28,326,
-10,182,
0,85,
-42,49,
-231,-131,
-179,-281,
-211,-257,
-131,34,
-85,158,
33,110,
13,59,
34,162,
15,161,
31,152,
-35,61,
-20,96,
67,186,
51,171,
11,132,
-48,33,
-254,-54,
-142,60,
-95,147,
-117,212,
-102,152,
15,89,
-18,-17,
-49,-65,
-151,-102,
-142,-140,
-3,-77,
-73,83,
-250,279,
-188,268,
-30,-23,
2,-10,
74,-19,
89,16,
-3,48,
-88,21,
-146,139,
-153,173,
-109,100,
-44,-6,
-42,59,
-38,67,
-3,57,
-41,94,
-83,50,
-99,100,
-13,100,
-22,53,
-84,115,
-63,19,
-87,51,
-117,-57,
-33,0,
-84,145,
-36,217,
-65,198,
-66,76,
-28,69,
-18,70,
-32,17,
-60,87,
-65,61,
16,61,
8,44,
-148,-68,
-82,-15,
-63,11,
-98,-15,
-92,68,
-93,42,
-23,83,
-25,50,
-71,81,
-77,99,
-56,73,
-85,76,
-71,83,
48,111,
65,154,
19,186,
-112,164,
-82,119,
-71,55,
-141,96,
-108,100,
-92,107,
-90,65,
-62,14,
-34,9,
-9,18,
-18,47,
-29,53,
-79,141,
-4,114,
50,126,
-20,95,
-98,89,
-122,26,
-77,-4,
-74,25,
-12,30,
-32,26,
00>
_________________________________
00>
00>
Printing STS1 CIR
00>
00>
_________________________________
00>
-16,2,
75,-4,
71,8,
33,0,
12,23,
-22,47,
16,35,
55,26,
52,14,
67,0,
-63,-15,
-46,-2,
-14,-5,
27,17,
-1,-25,
34,-24,
3,13,
15,-25,
22,16,
17,25,
7,7,
70,-29,
15,-47,
-13,38,
-61,61,
-12,88,
22,81,
-10,46,
12,6,
-28,-74,
-37,-30,
-36,13,
-72,24,
-14,0,
-21,67,
6,10,
3,-32,
29,41,
27,77,
4,-48,
-19,-61,
-30,-35,
20,-18,
61,13,
79,-24,
48,-46,
31,-51,
52,-50,
22,-75,
-10,-29,
20,12,
65,-14,
36,-68,
20,-16,
-1,12,
41,-9,
44,-6,
55,16,
22,32,
8,22,
57,-45,
21,-37,
4,-2,
-25,52,
0,58,
14,39,
46,-30,
64,-7,
-8,-7,
-49,48,
-8,59,
10,56,
8,29,
-15,0,
5,13,
-36,-20,
36,31,
42,53,
42,38,
-2,-32,
-14,-17,
13,-12,
-11,-3,
39,-43,
50,-39,
17,33,
-30,29,
-69,35,
1,66,
-9,36,
43,29,
54,-16,
66,33,
74,27,
28,-12,
-17,-122,
6,-93,
34,-8,
55,-18,
14,-39,
-23,-28,
7,9,
-23,22,
-49,-62,
-18,-31,
-26,-59,
36,-13,
-19,18,
15,47,
46,-19,
67,-18,
21,12,
37,83,
28,12,
14,-16,
19,-12,
-32,-6,
-2,16,
-6,-10,
8,-14,
-22,15,
3,33,
50,-8,
-35,33,
-74,79,
3,33,
13,-18,
-41,-7,
-27,-27,
11,4,
11,0,
8,49,
18,-29,
21,-48,
8,-18,
10,-29,
-1,15,
29,-32,
1,17,
-37,29,
9,-34,
48,18,
18,69,
-4,87,
-6,44,
27,6,
18,32,
-10,-27,
43,-63,
42,-52,
29,41,
25,12,
-2,42,
17,33,
75,-6,
34,-51,
1,-29,
54,5,
-6,45,
-22,44,
21,-2,
50,-4,
35,27,
39,-24,
8,-5,
-1,15,
-6,-10,
60,-16,
-7,-81,
-17,-97,
68,-8,
85,33,
42,3,
31,-16,
-1,61,
7,67,
56,-2,
52,-11,
18,0,
-38,36,
-28,48,
-18,6,
30,12,
41,-31,
-39,-73,
-24,-80,
-113,-68,
-28,-3,
35,32,
25,4,
-2,12,
32,-77,
40,-20,
13,0,
29,-8,
30,0,
46,0,
28,22,
17,-14,
-74,-22,
4,19,
4,21,
-33,64,
-23,31,
32,39,
36,31,
31,139,
24,70,
106,11,
11,2,
10,37,
52,36,
9,-12,
-45,38,
-47,72,
9,-29,
-22,-14,
-28,-19,
-64,-21,
-5,27,
21,-31,
18,-18,
47,-15,
21,49,
5,89,
-6,81,
-1,61,
-7,27,
-13,64,
-2,11,
-50,26,
-41,-55,
17,-44,
-23,-80,
10,-38,
0,24,
44,75,
35,-6,
19,6,
20,9,
44,79,
72,76,
5,82,
-1,29,
25,7,
16,5,
50,29,
10,-17,
11,-17,
10,-44,
22,-77,
26,-64,
41,-38,
-13,-35,
-5,7,
29,18,
21,-12,
51,-39,
44,39,
37,7,
43,4,
42,21,
-7,96,
-57,59,
-27,-20,
-44,-38,
7,-37,
35,8,
32,25,
68,36,
50,56,
34,-6,
16,-1,
87,-4,
63,-44,
59,18,
5,27,
-31,13,
23,-53,
50,-83,
38,-95,
-1,-92,
-13,-32,
50,-41,
56,-30,
5,5,
23,10,
22,8,
-10,28,
17,-40,
12,29,
30,28,
42,-24,
46,-48,
-34,-47,
54,-2,
38,44,
11,46,
13,31,
7,29,
21,6,
28,-6,
48,23,
25,-14,
35,-15,
72,-8,
84,1,
21,-34,
-3,-39,
-28,-23,
-10,66,
50,46,
-12,41,
-9,69,
-65,-8,
-15,-14,
-12,-16,
-31,87,
46,155,
47,55,
-9,-20,
-33,-34,
0,34,
-2,25,
21,-2,
25,1,
77,-7,
14,33,
45,73,
66,117,
7,53,
-8,39,
-4,15,
4,30,
27,64,
-51,-11,
-16,-38,
23,71,
11,29,
-12,19,
12,5,
57,28,
83,35,
36,61,
27,46,
27,41,
71,-9,
42,28,
22,-16,
30,31,
11,12,
-16,20,
12,-50,
9,-15,
-9,-24,
-44,36,
-25,-5,
246,-326,
1683,-2090,
5399,-5330,
6937,-5613,
7454,-4348,
4124,-75,
-1114,2601,
-2027,1978,
-322,1208,
783,2051,
522,2523,
-76,1480,
-282,415,
-281,97,
-252,189,
-213,166,
-97,98,
105,173,
386,497,
349,498,
306,474,
548,-111,
301,-539,
-167,-331,
-384,18,
-444,89,
-250,49,
-153,62,
-16,132,
81,79,
258,9,
151,-33,
-93,42,
-327,291,
-119,281,
72,178,
34,210,
-369,198,
-423,147,
-415,-108,
-221,-178,
-212,-143,
-286,50,
-247,58,
-204,26,
-154,32,
-67,39,
-16,-14,
82,-127,
286,-240,
221,-83,
53,14,
34,38,
-54,97,
-110,5,
-208,-52,
-239,23,
-156,1,
-166,-42,
-119,-62,
-132,43,
-120,186,
-41,166,
-2,176,
8,197,
122,252,
174,193,
64,104,
-81,-49,
-250,-251,
-94,-276,
-58,-78,
1,-15,
49,2,
96,127,
-68,85,
-158,34,
-160,-15,
-56,-124,
27,-93,
84,-71,
-36,-32,
-126,-33,
15,38,
3,-20,
-62,52,
-41,95,
-23,73,
-54,120,
-144,123,
-130,81,
-136,67,
-131,-20,
-137,-5,
-74,-7,
-63,34,
15,29,
-30,89,
10,-27,
-1,-11,
-12,-74,
-134,-9,
-85,43,
-74,26,
21,-6,
59,79,
-18,86,
19,79,
15,36,
-15,5,
-34,-14,
-31,30,
-5,32,
12,73,
-36,27,
-38,-54,
-19,-94,
-47,-42,
-31,-7,
-2,36,
27,27,
18,-20,
-65,-3,
-4,-4,
-45,33,
-53,30,
-74,9,
-67,13,
-62,46,
-74,54,
-46,-9,
-16,-40,
-37,-21,
-121,-18,
-76,9,
-36,-4,
-19,-27,
-74,20,
-53,9,
-18,9,
-5,-5,
-31,-38,
-17,-6,
-27,12,
-10,-22,
-65,-44,
-29,61,
27,79,
14,85,
-50,51,
-41,-2,
-62,7,
-5,21,
15,-60,
-37,10,
00>
_________________________________
00>
RX Timestamp: 514557826695
00>
Clock Offset: 2279.949 Hz, -0.285 ppm
00>
RX Timestamp: 515632951692
00>
Clock Offset: 2908.516 Hz, -0.364 ppm
00>
_________________________________
Sequence Number: 7
00>
00>
Printing STS0 CIR
00>
00>
_________________________________
00>
9,53,
5,7,
-29,-42,
6,-15,
17,3,
102,25,
65,47,
-19,6,
-10,40,
21,-39,
71,-75,
23,-58,
14,19,
52,41,
49,55,
-54,43,
-65,21,
-38,-4,
-31,-9,
-26,-24,
-46,-72,
-11,30,
16,74,
15,45,
30,-2,
-25,-41,
-44,-17,
-3,0,
72,-26,
58,15,
55,85,
54,-14,
-8,43,
-8,-8,
-18,9,
-35,18,
-59,15,
-33,32,
-14,41,
-108,-8,
-44,71,
23,141,
96,104,
58,49,
37,-18,
-5,-8,
-2,4,
43,9,
38,43,
-50,6,
-11,-16,
19,-16,
29,-59,
119,-26,
-58,62,
32,-7,
30,-43,
-36,-48,
-12,43,
23,-33,
25,6,
11,12,
-35,30,
42,41,
-7,-16,
14,-18,
35,-1,
18,13,
30,-14,
45,8,
8,21,
-5,92,
-97,71,
-47,-35,
-2,17,
35,45,
31,54,
-22,-83,
-5,7,
10,88,
29,28,
13,-59,
17,-52,
12,-44,
50,-25,
-45,25,
13,-26,
12,-70,
-13,-31,
-60,-46,
-58,20,
19,48,
-15,5,
-21,30,
-42,96,
19,21,
-67,65,
-39,0,
-29,29,
-9,21,
19,27,
-53,-10,
-43,-12,
-12,-29,
-9,-23,
-26,41,
23,45,
-18,-24,
13,-6,
9,8,
26,100,
18,62,
-22,0,
-22,-20,
8,-67,
0,9,
-26,-9,
-35,28,
26,75,
45,45,
-45,10,
35,51,
20,10,
-70,27,
-21,11,
10,-23,
59,17,
1,-2,
25,25,
-43,56,
18,149,
-4,66,
40,55,
71,-20,
28,-32,
28,13,
86,82,
61,29,
-8,30,
49,35,
24,86,
6,20,
-9,61,
-26,-8,
-27,60,
-20,29,
-25,-15,
-11,8,
-42,54,
-31,25,
7,3,
-29,109,
-52,63,
-45,47,
-14,74,
-31,-36,
51,-13,
-12,19,
5,-9,
1,1,
28,45,
63,42,
36,40,
42,85,
4,1,
-22,-10,
-83,16,
-31,-41,
20,-58,
-2,7,
-37,4,
-15,-16,
7,3,
80,35,
-20,20,
-55,-90,
20,-14,
17,16,
0,15,
-34,-5,
-22,-16,
30,-75,
97,69,
-2,9,
-26,-18,
-51,-34,
-30,2,
-80,0,
34,34,
-37,80,
-19,81,
13,-71,
11,-31,
8,5,
-5,45,
-12,11,
37,-22,
48,4,
26,6,
20,74,
40,63,
21,-1,
9,35,
32,20,
59,-34,
16,-17,
4,-36,
20,10,
15,35,
-2,-17,
9,-64,
31,-80,
25,-57,
62,59,
0,16,
-63,-40,
-57,-111,
-6,-20,
35,-26,
-9,19,
-10,51,
61,35,
52,36,
86,21,
55,-10,
16,-35,
-16,-23,
-50,14,
-17,41,
-13,-31,
-36,40,
20,46,
-30,4,
-14,-39,
-19,3,
-11,53,
-36,28,
8,54,
8,-15,
-28,2,
53,-5,
0,-6,
12,89,
29,58,
11,37,
-13,-88,
-41,-14,
63,-38,
38,53,
-22,5,
-65,3,
33,57,
2,40,
-43,10,
7,31,
54,-3,
-32,15,
11,29,
-1,48,
68,92,
16,128,
34,75,
-4,-9,
15,-32,
-3,9,
27,26,
90,-14,
100,-18,
-18,11,
-6,19,
-28,6,
-54,65,
-55,65,
-21,-55,
-46,-43,
-14,-15,
-39,-24,
31,-28,
-7,-49,
-26,-68,
-27,40,
25,90,
5,23,
-35,-6,
17,-49,
19,12,
56,8,
-20,48,
-30,-50,
16,-39,
-17,-11,
-25,29,
-3,60,
21,34,
39,0,
39,45,
131,0,
-53,-59,
-7,-5,
33,33,
111,80,
37,29,
35,88,
-15,-25,
-10,-3,
-1,-5,
50,66,
10,56,
17,18,
44,48,
-26,-12,
-44,9,
22,-13,
121,41,
141,5,
55,-42,
21,-27,
42,18,
-33,57,
-15,3,
-17,18,
24,-10,
32,103,
23,30,
-35,9,
-16,-21,
98,12,
9,24,
59,-30,
-10,-33,
9,79,
-41,23,
22,21,
23,4,
-36,27,
18,13,
-27,-49,
-35,71,
-26,90,
3,20,
-21,43,
9,49,
33,22,
45,-16,
6,2,
18,27,
3,83,
10,4,
61,-42,
12,-58,
21,3,
43,13,
365,-132,
2552,-1014,
7482,-2134,
8027,-1123,
7946,1143,
2493,2855,
-2047,810,
-755,-2358,
3035,-4525,
4423,-4233,
2745,-2606,
450,-890,
-625,-129,
-501,201,
-128,185,
17,90,
-148,28,
-389,7,
-315,-277,
-102,-350,
-92,-65,
165,459,
280,502,
80,345,
-256,244,
-420,197,
-538,36,
-556,-246,
-725,-580,
-671,-655,
-342,-396,
61,-1,
250,152,
53,171,
-73,84,
-2,80,
-81,202,
-243,97,
-119,-114,
-85,-343,
6,-404,
-47,-225,
-142,-7,
-205,13,
-208,45,
-151,38,
-158,102,
-113,115,
-126,233,
-60,306,
26,245,
4,114,
-104,-46,
-176,-236,
-20,-197,
-53,-168,
-187,74,
-196,224,
-136,223,
147,120,
156,128,
60,214,
-32,162,
-77,27,
-48,150,
-48,261,
12,222,
-54,54,
-64,-40,
-233,-131,
-233,104,
-133,107,
-147,105,
-138,-69,
13,37,
-22,14,
-55,-50,
-142,-202,
-147,-178,
-136,-35,
-116,110,
-271,304,
-176,207,
21,127,
13,97,
200,46,
38,121,
-70,164,
-64,138,
-60,80,
-59,51,
-84,116,
-123,102,
-95,57,
-50,42,
-99,32,
-103,96,
-151,156,
-26,55,
4,93,
-29,147,
-127,170,
-211,87,
-87,3,
-68,22,
-49,91,
-124,169,
-125,149,
-97,158,
-98,88,
-102,66,
-124,32,
-102,42,
-102,-11,
-70,-31,
25,50,
-36,35,
-148,-14,
-105,-35,
-91,-17,
-88,63,
-125,55,
-125,44,
-111,79,
-79,69,
-145,104,
-148,103,
-111,41,
-96,30,
-118,26,
-49,-24,
-37,-64,
-26,69,
-57,71,
-37,127,
-121,95,
-193,45,
-134,37,
-41,27,
-90,43,
-93,32,
-56,72,
-96,83,
-90,13,
-84,35,
-115,31,
-54,66,
-4,20,
-53,94,
-138,123,
-74,99,
-122,65,
-130,-23,
-44,6,
-71,51,
-1,64,
-93,82,
-108,41,
-95,22,
-24,17,
00>
_________________________________
00>
00>
Printing STS1 CIR
00>
00>
_________________________________
00>
-31,86,
52,65,
48,0,
28,27,
38,55,
41,-8,
-7,6,
-55,-5,
-51,24,
0,21,
20,-1,
49,65,
2,20,
-27,7,
-58,-41,
1,1,
48,-20,
35,-43,
10,-28,
-12,-40,
-4,-5,
69,-26,
32,-49,
-11,-6,
47,-22,
66,58,
23,25,
6,-14,
13,1,
10,38,
-23,47,
4,36,
30,9,
51,-34,
15,24,
-28,59,
-2,12,
27,-17,
69,10,
63,-18,
32,5,
22,-21,
64,-30,
-8,46,
-30,63,
27,65,
83,0,
13,2,
17,-9,
-32,-22,
-11,33,
30,6,
21,22,
27,-5,
33,-31,
80,-15,
44,16,
19,-12,
-21,1,
-5,-48,
38,-71,
24,11,
23,10,
12,41,
-7,2,
-16,-20,
-3,-82,
5,-72,
-1,3,
-17,50,
-6,36,
3,-15,
23,-18,
47,-52,
-13,21,
-21,38,
-8,-23,
12,20,
-15,22,
18,58,
33,46,
-6,-63,
-16,-71,
-4,-32,
60,-71,
-22,-38,
28,38,
8,6,
33,-30,
25,12,
49,95,
93,60,
96,8,
63,25,
-44,49,
-25,7,
14,-43,
85,33,
56,-8,
32,-24,
16,-21,
-15,4,
-55,32,
-21,31,
-8,15,
-7,44,
7,14,
11,-20,
-1,-18,
-12,-6,
-5,19,
-29,18,
-16,55,
21,17,
24,-18,
19,-30,
15,-32,
-7,-19,
-11,10,
88,19,
63,-66,
51,-34,
12,-76,
19,-33,
2,-39,
-12,13,
-51,49,
-5,-6,
30,-49,
-37,-69,
-18,-7,
26,-19,
32,-59,
5,-31,
-34,-14,
5,-30,
26,71,
4,100,
-57,69,
-24,-23,
9,5,
52,19,
24,19,
-49,17,
-7,-3,
59,-36,
-6,-1,
35,53,
15,74,
-1,27,
-28,-8,
-32,23,
4,-12,
23,-24,
0,-1,
-29,57,
-44,54,
13,-27,
55,-20,
45,-7,
45,-15,
-38,51,
-7,73,
16,41,
14,11,
45,1,
65,-7,
22,-6,
10,21,
-13,90,
-32,-23,
29,4,
14,33,
14,2,
65,-17,
125,-7,
71,-46,
67,31,
33,65,
11,77,
19,72,
-13,54,
5,19,
-12,-16,
21,-41,
16,-70,
20,-28,
7,0,
12,46,
22,41,
21,61,
-9,-26,
-43,-11,
-35,26,
20,130,
2,140,
-12,91,
27,-10,
17,10,
48,32,
28,-27,
96,-25,
-3,-4,
-16,50,
-40,55,
-64,52,
4,3,
-25,12,
-19,56,
3,107,
35,57,
24,66,
-29,46,
-40,29,
-5,7,
66,35,
45,-11,
0,-22,
-54,1,
-25,64,
29,46,
-32,7,
-37,10,
-26,44,
-9,62,
-20,62,
17,40,
21,10,
17,41,
43,39,
-9,1,
-51,2,
-13,51,
-21,-49,
30,-60,
-10,46,
-12,35,
-13,-24,
-43,-59,
-3,-30,
14,11,
32,62,
-27,36,
-14,37,
-26,49,
-21,-1,
-5,-45,
3,5,
2,24,
-14,41,
8,-2,
30,-21,
41,-39,
76,3,
57,34,
-3,63,
-32,59,
9,40,
5,66,
6,55,
28,38,
1,-15,
-33,-13,
5,-16,
7,26,
23,98,
99,-1,
40,-45,
-1,-41,
-6,34,
22,76,
17,27,
-13,15,
30,3,
-21,2,
-6,-35,
4,-24,
-15,15,
30,58,
23,45,
10,4,
-19,-25,
9,-14,
18,-5,
21,16,
12,37,
-34,18,
-50,46,
-32,52,
-49,43,
1,43,
36,7,
42,-9,
16,-8,
-12,30,
-16,4,
-13,68,
-14,50,
-5,14,
41,-48,
42,-21,
23,3,
10,42,
-1,34,
24,-29,
19,1,
-12,28,
20,37,
12,32,
20,18,
34,20,
13,18,
13,24,
9,12,
-2,-10,
20,17,
53,47,
-25,-22,
-41,-65,
-4,-16,
-5,-20,
5,23,
-2,82,
-16,81,
-16,80,
67,82,
38,20,
9,-17,
28,5,
-60,20,
-74,-5,
-47,-32,
-43,-79,
-2,-28,
0,20,
44,44,
19,51,
-11,86,
23,84,
15,112,
-25,141,
-29,100,
-50,-17,
44,-28,
14,-22,
42,20,
2,1,
-6,46,
-20,18,
-48,24,
4,17,
79,25,
548,-125,
3114,-788,
7442,-1255,
8038,-551,
7998,945,
2574,2230,
-2727,1437,
-2662,458,
-850,1030,
-635,2366,
-1101,2393,
-941,1080,
-578,155,
-365,-131,
-325,-42,
-260,39,
-96,90,
-76,284,
44,643,
21,668,
-38,575,
369,146,
476,-290,
-11,-400,
-370,-278,
-391,-192,
-237,-140,
-173,-83,
-158,101,
30,173,
173,74,
90,2,
-141,-54,
-473,83,
-252,170,
-107,181,
-127,211,
-323,1,
-329,-102,
-142,-222,
-18,-196,
-104,-142,
-244,-163,
-208,-200,
-155,-116,
-21,9,
-59,17,
29,-28,
117,-60,
425,-4,
199,179,
34,151,
-14,66,
-131,-34,
-182,-100,
-135,-35,
-151,-2,
-85,-8,
-43,5,
19,-56,
-52,-39,
-166,39,
-140,158,
-98,191,
-38,185,
-54,246,
-48,245,
-19,80,
2,-127,
-23,-360,
34,-225,
-58,-82,
-18,19,
-11,36,
-57,52,
-36,19,
-81,-80,
-98,-154,
1,-162,
85,-134,
87,-78,
23,-79,
-3,-88,
26,-10,
22,24,
-20,48,
-120,61,
-132,45,
-82,14,
-62,-23,
-56,-65,
-47,-92,
-28,-35,
-73,-14,
-99,-11,
-128,20,
-38,30,
56,10,
16,-44,
3,-34,
-4,-44,
-70,-11,
40,-19,
52,-53,
9,28,
-57,-13,
-57,-8,
-58,-4,
-65,-9,
-32,-26,
-30,-47,
-21,-48,
5,6,
-100,23,
-81,-27,
9,-62,
64,-97,
-3,-30,
-71,0,
-89,-55,
-74,1,
12,-13,
-6,-6,
-33,-21,
-150,-15,
-143,7,
-121,-11,
-59,-23,
5,-14,
11,-12,
22,-4,
3,-48,
-15,-12,
-90,-12,
-70,-6,
-22,-41,
-97,0,
-90,-24,
-81,-31,
-18,-56,
-17,-67,
5,-67,
-49,-104,
-45,-26,
-46,5,
-61,0,
0,-19,
-4,6,
-1,3,
-3,-15,
-38,48,
-10,9,
-33,-22,
-67,-81,
-24,-40,
5,-73,
-25,-65,
-30,1,
-21,-15,
-36,-4,
00>
_________________________________
00>
_________________________________
Sequence Number: 10
00>
00>
Printing STS0 CIR
00>
00>
_________________________________
00>
23,-9,
54,-29,
6,-48,
-25,14,
62,-9,
72,-65,
51,-73,
-19,12,
6,4,
-54,-19,
27,-95,
3,6,
-49,19,
46,68,
-33,16,
38,-82,
50,-86,
-2,-51,
-33,5,
-29,31,
22,8,
82,23,
106,34,
4,55,
28,-13,
120,-9,
63,-26,
77,-16,
-3,-1,
51,36,
52,16,
6,-26,
-1,-40,
-16,-6,
-24,-4,
-63,16,
-1,87,
-40,15,
3,-80,
7,45,
-35,43,
-72,28,
-143,27,
50,50,
-6,-59,
25,13,
-15,-30,
60,12,
61,-5,
13,-41,
-54,-88,
-37,-18,
39,45,
24,56,
-20,-16,
74,7,
91,-49,
39,27,
28,42,
16,50,
-12,74,
-34,36,
7,-64,
2,-120,
61,-118,
26,-34,
39,-15,
0,71,
27,52,
3,63,
8,24,
-48,-12,
7,-20,
68,-27,
18,46,
55,-43,
37,-15,
72,36,
100,-31,
84,29,
19,-49,
12,-35,
15,-86,
-1,55,
20,117,
129,80,
23,0,
-16,17,
34,2,
35,34,
85,57,
61,-9,
63,-5,
35,27,
83,29,
44,95,
-17,77,
0,-22,
-57,-18,
-40,-10,
-86,59,
25,31,
-10,24,
-11,-4,
-11,43,
0,27,
73,-28,
51,-72,
47,-34,
-14,4,
-29,-26,
-44,47,
26,2,
112,51,
2,56,
-4,35,
-46,-36,
8,-53,
-34,-47,
26,-38,
51,51,
-11,83,
34,-41,
63,95,
-15,53,
-50,-4,
-52,-38,
12,8,
-14,43,
-13,65,
-62,2,
11,-58,
0,-30,
18,78,
27,63,
-40,62,
28,-39,
32,-17,
21,-24,
15,-20,
-39,21,
-48,71,
6,62,
23,27,
-25,42,
-1,20,
68,-53,
15,-7,
2,11,
32,19,
1,97,
38,15,
17,-52,
-13,-26,
-58,42,
50,22,
7,-4,
-42,37,
12,31,
19,48,
-51,-13,
-131,-76,
18,-21,
63,-2,
7,2,
62,41,
27,35,
38,85,
69,56,
15,59,
41,-12,
-27,-67,
16,-70,
10,59,
5,24,
28,147,
41,38,
57,-21,
-3,-66,
-19,9,
1,85,
170,75,
190,-36,
17,-72,
-108,-68,
-12,31,
61,9,
-3,16,
-20,20,
84,41,
14,8,
47,-88,
27,-67,
-4,13,
-8,26,
-8,4,
-9,22,
53,8,
39,15,
64,53,
51,94,
66,65,
-46,37,
-52,7,
-101,-31,
0,-35,
81,-76,
58,-86,
-41,-26,
23,8,
66,-18,
2,-61,
10,-74,
81,-98,
119,11,
73,-25,
55,-30,
-17,-3,
-21,9,
-44,-25,
-44,17,
-44,41,
-41,98,
41,19,
44,38,
-2,7,
-31,-39,
60,-17,
9,49,
-18,2,
32,1,
17,-40,
-7,-1,
-26,-42,
-60,-56,
8,-6,
33,-13,
75,19,
57,99,
86,29,
-18,-13,
29,-22,
37,-10,
27,-27,
-8,44,
-4,78,
-32,31,
9,10,
34,-62,
44,-7,
-18,-46,
3,69,
-14,109,
7,26,
-19,-10,
63,-6,
56,39,
28,-33,
-27,13,
24,57,
24,38,
50,-3,
29,-5,
16,59,
54,-24,
-17,34,
48,-52,
7,-37,
-3,16,
13,101,
42,120,
113,66,
-11,-6,
-11,36,
-33,51,
33,41,
49,-6,
-36,23,
43,47,
92,32,
72,17,
-1,38,
14,4,
-24,15,
-53,64,
-13,14,
-11,36,
-31,21,
26,-27,
49,-43,
41,-40,
25,-48,
-21,31,
-7,50,
30,75,
22,33,
44,-43,
50,8,
55,-21,
58,8,
20,-35,
27,-10,
2,-16,
-44,4,
-36,38,
52,-15,
88,-76,
92,19,
-5,59,
-29,44,
-71,-36,
-11,2,
58,0,
44,51,
23,-36,
-8,-54,
87,-19,
115,63,
22,101,
1,65,
-48,-11,
-86,-80,
8,-16,
34,11,
43,7,
71,63,
7,104,
84,81,
53,101,
90,77,
89,67,
52,-4,
-2,31,
4,57,
12,-1,
75,37,
74,51,
33,-12,
-26,-23,
-7,-101,
18,-26,
-11,-17,
73,-4,
57,38,
-55,-3,
-20,0,
36,7,
114,53,
119,19,
25,33,
-35,50,
-13,48,
-8,12,
10,35,
-22,-1,
45,25,
-27,-323,
-118,-1806,
447,-5083,
1737,-6688,
2539,-4339,
1312,743,
-307,3366,
-1112,3528,
-1267,4100,
-1762,5112,
-2169,4557,
-1399,2305,
-234,386,
271,-216,
193,-55,
-7,81,
92,24,
118,-77,
303,-75,
295,-26,
305,-131,
111,-178,
65,-360,
-88,-330,
-182,-79,
-121,28,
9,46,
222,7,
484,-45,
546,-126,
279,-185,
-57,-125,
-179,-87,
-107,-129,
88,-123,
166,-75,
175,42,
189,169,
172,261,
-7,247,
-306,123,
-375,-36,
-240,-127,
-53,-143,
-41,-129,
-44,-66,
71,-51,
111,-22,
102,-65,
110,-91,
126,-256,
132,-163,
229,-178,
170,-170,
106,-101,
19,16,
-54,144,
-18,173,
-38,62,
-15,-81,
-62,-41,
11,62,
3,33,
29,28,
-57,69,
-8,87,
46,58,
55,36,
-48,9,
-44,7,
-1,71,
41,117,
69,124,
71,20,
67,-84,
-28,-14,
10,42,
42,86,
-9,-6,
-15,18,
29,46,
-114,134,
-151,109,
-105,-12,
19,-39,
167,31,
84,64,
67,147,
121,123,
58,60,
24,77,
42,-8,
39,-44,
11,-37,
-24,-8,
-25,-7,
81,-5,
4,18,
5,56,
-20,-15,
-102,-14,
-101,17,
-50,0,
-48,23,
-64,79,
21,73,
31,90,
35,-2,
-20,-46,
5,-60,
28,-58,
35,-50,
70,47,
101,-16,
64,-54,
-32,-83,
-83,-36,
-31,-11,
-12,-14,
-46,29,
-16,56,
-2,116,
35,49,
64,33,
-19,22,
2,25,
-9,40,
-52,-12,
-49,-15,
-68,53,
-80,100,
-64,13,
-26,-128,
81,-10,
134,12,
94,-15,
39,38,
84,-4,
88,57,
-64,-7,
-34,-37,
-23,18,
82,-9,
115,-10,
-42,22,
-46,70,
-29,-20,
-27,-35,
-84,-80,
-8,-99,
-8,-49,
35,6,
39,47,
39,41,
3,-61,
35,-65,
00>
_________________________________
00>
00>
Printing STS1 CIR
00>
00>
_________________________________
00>
66,70,
56,50,
9,0,
-53,-20,
-4,-31,
-21,-31,
-34,43,
-12,24,
49,19,
34,-33,
-47,-35,
-49,-8,
-30,42,
1,43,
-17,46,
14,54,
102,23,
87,-23,
-4,2,
-4,40,
-39,23,
3,-60,
-25,-8,
32,-5,
20,10,
11,35,
87,28,
10,56,
40,61,
30,-3,
-35,53,
-15,34,
6,23,
-6,20,
-14,11,
-7,48,
-75,0,
-36,35,
48,-5,
68,41,
62,21,
-4,13,
16,69,
32,70,
107,28,
46,-10,
3,0,
-15,-21,
-43,25,
-33,17,
9,77,
-26,-19,
-25,-7,
7,27,
44,-43,
106,-8,
106,-2,
94,4,
39,24,
-14,30,
-8,6,
10,-5,
-2,10,
62,24,
61,-7,
18,18,
5,55,
35,74,
-4,45,
62,24,
54,15,
37,-1,
29,49,
33,37,
59,39,
94,-41,
7,-134,
-20,1,
-20,54,
27,18,
13,-7,
3,-4,
10,7,
-38,26,
-9,86,
-30,54,
23,-33,
36,22,
21,3,
10,8,
0,10,
-48,-11,
-28,41,
4,35,
-20,51,
-14,-47,
-36,-23,
-26,-11,
26,17,
47,-8,
3,12,
30,-27,
38,-9,
20,-9,
-57,-25,
-81,-31,
37,-19,
42,27,
-46,24,
-54,-11,
-35,50,
-30,56,
-33,-17,
24,-44,
17,-13,
-51,-13,
-17,44,
-27,48,
-13,3,
25,67,
-2,75,
-28,-2,
-12,54,
33,94,
-25,42,
-29,91,
9,67,
7,-24,
-86,-12,
-83,10,
-79,-4,
-35,-1,
-10,10,
27,-4,
76,47,
36,19,
56,87,
62,70,
57,37,
26,-5,
-90,25,
-62,48,
22,55,
28,30,
-12,-18,
5,-107,
23,-33,
53,61,
91,64,
82,-14,
48,-48,
6,9,
-10,96,
-27,68,
-12,9,
65,32,
14,19,
75,-21,
24,-54,
24,-10,
22,15,
18,23,
-44,-59,
10,-1,
34,48,
68,94,
98,22,
91,37,
-20,-11,
-22,20,
-27,-3,
46,46,
40,41,
33,43,
-69,55,
-9,34,
43,-23,
12,-4,
22,54,
32,30,
9,43,
18,1,
44,18,
15,16,
27,33,
21,61,
0,37,
8,3,
2,0,
0,20,
9,27,
111,-56,
62,-56,
-32,-40,
-29,-83,
-34,-1,
95,1,
63,3,
82,-8,
34,6,
11,17,
-47,82,
-66,63,
-24,36,
23,4,
27,7,
12,25,
18,33,
19,33,
-36,35,
-33,81,
-11,7,
16,-77,
-62,-29,
-42,60,
-58,63,
11,37,
47,-33,
40,-29,
-29,-63,
-84,-40,
5,-21,
44,49,
23,12,
27,-7,
52,-4,
-20,19,
20,64,
-8,45,
-21,8,
-7,33,
4,18,
-53,-32,
-50,-49,
-3,27,
69,44,
35,-5,
41,1,
43,57,
26,17,
0,-50,
-63,-88,
-36,-22,
13,-29,
-31,-54,
2,-19,
-48,49,
-98,1,
-52,-52,
63,-10,
88,-9,
13,86,
-65,86,
-26,30,
34,-11,
-25,14,
-15,52,
-31,53,
4,134,
14,78,
55,24,
11,-52,
-44,-8,
27,-22,
30,-14,
42,-32,
-8,-2,
-45,-14,
-9,0,
1,1,
3,-1,
1,22,
31,25,
-48,21,
-69,51,
23,25,
67,67,
77,32,
47,25,
86,17,
24,63,
-40,54,
-16,12,
27,-48,
14,-52,
-47,-20,
-36,5,
0,-8,
17,0,
46,21,
62,5,
-15,4,
-29,-38,
-39,-81,
-41,-49,
15,3,
49,-42,
23,-8,
10,4,
28,28,
-42,-10,
-15,-12,
36,2,
10,17,
2,-53,
-33,-32,
8,-15,
53,72,
35,21,
-15,5,
-44,11,
-28,90,
20,-25,
59,-20,
36,8,
20,27,
13,10,
83,-44,
31,-17,
40,19,
-20,-17,
-6,-39,
37,-34,
42,22,
20,-11,
42,-9,
29,-29,
-39,31,
-95,-17,
-80,33,
-5,2,
-28,-3,
-56,-36,
-104,-44,
-55,89,
20,38,
-58,19,
-78,8,
17,-59,
-10,-35,
31,3,
-25,-21,
-53,37,
-36,28,
-8,10,
17,29,
85,26,
46,24,
61,-17,
13,29,
-70,26,
-107,45,
-69,11,
21,18,
6,22,
13,-15,
-31,-316,
187,-1774,
1042,-4905,
2109,-6662,
2451,-5295,
1023,-1339,
-539,610,
-994,-556,
-656,-2477,
-322,-3060,
-131,-1975,
74,-657,
148,232,
41,411,
3,309,
-31,115,
13,115,
-110,221,
-291,158,
-451,17,
-270,-74,
153,40,
198,168,
-8,327,
-115,458,
-21,456,
-74,395,
-259,208,
-490,13,
-514,-51,
-270,-14,
-105,-53,
-57,-49,
16,-29,
102,136,
84,148,
-35,288,
-64,165,
-85,76,
-104,51,
-22,55,
91,152,
114,180,
-26,125,
39,111,
74,38,
65,100,
140,53,
142,-11,
184,25,
140,162,
75,195,
-36,67,
-27,-4,
60,24,
-51,104,
-31,110,
24,46,
35,-16,
30,-23,
-3,21,
-36,58,
-76,74,
-27,61,
30,145,
20,153,
0,136,
-125,47,
-193,17,
-134,81,
-35,83,
79,112,
99,70,
98,97,
10,153,
-6,121,
-24,27,
-66,21,
-92,-43,
-41,50,
-49,143,
-90,171,
-68,64,
-51,8,
13,59,
8,80,
1,138,
9,169,
-9,107,
-54,21,
-33,67,
10,81,
16,88,
-7,77,
-45,-2,
-24,8,
39,119,
-19,200,
-76,137,
-58,74,
-8,154,
-59,160,
-38,129,
-64,48,
16,-32,
-15,-20,
-5,84,
8,137,
54,183,
26,78,
52,74,
63,108,
-2,93,
-5,81,
-24,133,
10,118,
-29,173,
-63,197,
11,122,
-12,42,
47,74,
-77,110,
-128,48,
-24,40,
-40,77,
-129,179,
-25,149,
5,50,
-52,-11,
-60,63,
-18,69,
-59,48,
-22,98,
11,59,
61,46,
-4,70,
-59,126,
-52,161,
-39,107,
-100,130,
-30,127,
51,70,
-17,85,
-22,80,
38,94,
-1,104,
17,-21,
78,46,
41,73,
3,109,
-20,125,
-52,90,
-89,40,
2,17,
27,81,
10,43,
00>
_________________________________
00>
RX Timestamp: 654667828763
00>
Clock Offset: 3027.534 Hz, -0.379 ppm
00>
RX Timestamp: 655742591787
00>
Clock Offset: 2112.579 Hz, -0.264 ppm
00>
_________________________________
Sequence Number: 142
00>
00>
Printing STS0 CIR
00>
00>
_________________________________
00>
-4,-1,
-41,58,
-53,-9,
41,-5,
38,-4,
-8,-1,
7,33,
26,23,
-21,-43,
-56,-45,
-33,-56,
-27,-34,
17,64,
-2,43,
47,45,
1,-28,
23,-6,
44,-5,
27,65,
44,-40,
47,-30,
46,-65,
0,-50,
23,-1,
-47,3,
-76,-17,
-40,-27,
-66,53,
21,69,
65,-10,
88,10,
57,19,
43,45,
70,34,
62,25,
-18,-66,
16,-23,
-3,-18,
-14,-29,
22,5,
-18,-88,
24,-37,
14,-64,
49,10,
33,4,
9,-14,
-12,42,
33,-1,
29,51,
19,71,
-3,35,
28,14,
56,-29,
-27,13,
-64,10,
14,-28,
4,-5,
4,2,
52,24,
-19,26,
-11,-20,
-36,-20,
-9,25,
-11,38,
-9,-36,
13,-37,
40,-29,
-6,-27,
-20,-22,
2,-45,
-45,-10,
-36,-68,
-30,14,
-6,-10,
9,-25,
56,-31,
12,-45,
-38,-22,
11,31,
37,33,
60,6,
18,-29,
-56,-68,
-13,-22,
-50,-17,
34,-56,
3,-62,
36,17,
67,28,
93,46,
47,48,
-47,9,
-34,-7,
-63,14,
-5,15,
31,-37,
-15,-15,
-10,-1,
15,-60,
53,18,
15,27,
54,-7,
42,17,
37,56,
-23,51,
-5,-11,
-17,-23,
0,-52,
21,-15,
32,-12,
22,65,
76,24,
60,48,
34,53,
0,78,
44,42,
68,7,
21,14,
-43,-15,
-24,-90,
5,-29,
-34,21,
30,22,
89,-48,
46,-43,
-51,-9,
-19,27,
60,63,
36,9,
-59,45,
-74,-14,
-48,3,
11,45,
50,-7,
-23,-19,
-16,10,
69,-12,
72,26,
38,12,
-12,-7,
61,57,
14,14,
39,24,
15,3,
40,-3,
5,-45,
-3,6,
-24,38,
-37,8,
-28,-16,
-34,-19,
-22,14,
47,49,
44,55,
23,60,
-31,23,
-17,-81,
-35,-35,
-75,-27,
-76,-54,
-13,-4,
7,36,
-37,28,
-17,44,
-6,-8,
-34,-35,
-8,11,
16,18,
81,59,
20,18,
-7,30,
-6,31,
0,23,
-64,-20,
-92,-52,
-44,-27,
-8,-76,
18,-68,
33,3,
-20,-32,
-42,2,
35,27,
17,14,
-48,-17,
-26,37,
25,44,
-17,12,
3,-10,
15,-30,
-22,-18,
-59,10,
-52,-1,
-3,27,
34,-38,
0,-23,
20,15,
-57,9,
-3,3,
15,-41,
48,-43,
37,-24,
-57,-32,
-89,-53,
-80,-30,
34,49,
37,-2,
33,69,
40,10,
-14,73,
67,71,
79,-89,
-10,-42,
-18,-10,
25,-10,
79,-22,
35,-48,
3,40,
-15,26,
-19,35,
-60,29,
0,13,
-9,7,
24,-25,
54,34,
47,49,
-7,65,
-22,44,
-3,16,
-14,-5,
-8,36,
-28,-27,
-28,-13,
-56,7,
-39,6,
-17,6,
-25,22,
29,60,
32,15,
-23,11,
116,7,
157,-16,
135,9,
-62,56,
-32,69,
16,28,
43,13,
-18,-1,
-35,26,
7,86,
29,60,
15,46,
-30,125,
-3,16,
25,26,
17,75,
-53,10,
2,-19,
28,-39,
26,-22,
28,-17,
22,83,
12,20,
17,-37,
3,3,
-63,-47,
-61,-42,
-21,-25,
74,14,
96,-23,
18,-81,
15,36,
42,74,
-8,40,
3,-51,
-38,25,
-29,43,
14,45,
29,-13,
78,9,
55,18,
42,72,
16,21,
67,-14,
68,15,
-14,-11,
5,-55,
-13,-71,
17,-31,
-9,-30,
4,-13,
-30,20,
-31,27,
12,-21,
-11,-30,
0,44,
-31,58,
-29,6,
15,19,
13,51,
22,50,
5,-40,
-38,15,
3,36,
59,52,
-33,43,
-55,28,
-8,13,
-73,-7,
-69,-15,
-27,7,
-70,34,
19,41,
50,-15,
67,27,
17,-16,
24,-56,
-42,-36,
-22,20,
-18,33,
10,33,
16,18,
-2,5,
16,-51,
2,-10,
-9,18,
-24,-3,
2,-25,
-42,-16,
-43,21,
-30,4,
0,16,
-33,15,
-11,21,
29,6,
100,12,
0,25,
22,46,
-18,7,
41,11,
-8,-64,
46,-13,
-8,23,
32,31,
26,31,
52,-18,
14,28,
6,63,
-49,18,
3,-51,
20,-5,
79,-49,
4,-11,
23,9,
-85,-6,
-1,-27,
-48,-84,
5,6,
-35,26,
46,196,
168,1556,
-613,6185,
-2376,7773,
-3772,7267,
-2559,1134,
207,-4186,
2105,-5401,
2498,-5749,
3202,-6862,
3876,-6738,
3261,-4555,
931,-1052,
-202,181,
-320,294,
-53,119,
-37,-33,
-186,-28,
-330,50,
-336,5,
-291,-12,
-293,282,
-84,404,
146,469,
333,370,
271,78,
-62,-70,
-369,-66,
-650,62,
-714,109,
-512,181,
-81,132,
121,124,
151,119,
12,87,
-112,31,
-154,-6,
-334,-54,
-321,-325,
-128,-418,
240,-207,
441,78,
391,212,
307,249,
182,178,
49,163,
-57,103,
-103,101,
-199,109,
-279,127,
-298,230,
-108,27,
-84,47,
-143,230,
1,244,
16,93,
11,-64,
92,-38,
79,-1,
67,191,
43,75,
19,26,
-58,-61,
48,-99,
61,-73,
131,-116,
161,-79,
81,4,
112,40,
79,156,
-5,49,
-125,-103,
-173,-205,
-79,-90,
-10,-30,
-93,13,
-18,-119,
34,-86,
81,-17,
44,84,
-1,51,
87,-9,
294,-79,
110,-13,
-40,-51,
-147,21,
-69,20,
23,-10,
-30,-45,
-65,-24,
-41,41,
-81,55,
0,13,
2,-21,
27,-29,
12,-44,
24,-40,
44,-12,
39,6,
-39,-21,
-38,-9,
85,62,
47,70,
0,43,
-53,-2,
-4,-49,
-37,-60,
-1,27,
36,16,
64,-20,
-8,-3,
-30,16,
-60,89,
-23,69,
-1,89,
11,12,
-1,29,
-36,26,
21,90,
48,151,
0,71,
-58,-7,
-37,-27,
21,29,
-6,76,
-32,53,
-30,-28,
16,20,
53,11,
38,73,
20,16,
35,5,
51,-7,
-2,84,
-38,44,
-11,-47,
2,-56,
43,19,
63,-65,
99,-46,
76,17,
79,52,
-10,65,
-61,6,
-67,2,
-22,-14,
82,9,
60,33,
44,26,
8,62,
51,90,
69,21,
-25,-34,
39,-10,
00>
_________________________________
00>
00>
Printing STS1 CIR
00>
00>
_________________________________
00>
-19,20,
18,-13,
52,6,
44,19,
-8,30,
-62,35,
-102,35,
-46,33,
82,59,
81,41,
61,19,
18,-1,
-43,15,
-25,127,
4,91,
45,62,
35,28,
-7,21,
-22,44,
-14,24,
0,-3,
-36,34,
45,45,
50,52,
39,65,
41,15,
117,77,
66,-34,
73,-6,
54,16,
63,-2,
70,-34,
47,67,
-22,94,
32,-18,
44,-17,
54,-24,
-1,4,
33,29,
5,24,
0,24,
16,57,
60,45,
79,5,
38,32,
27,-31,
21,-86,
71,-107,
82,-78,
33,54,
15,3,
17,-37,
-22,19,
25,-3,
15,-2,
40,12,
-4,18,
-53,-17,
-31,-32,
-78,9,
-10,-19,
10,-8,
57,-22,
-42,58,
-86,25,
-34,-31,
-20,19,
-28,13,
36,51,
34,24,
56,10,
83,-6,
61,37,
-9,31,
8,22,
51,34,
25,48,
-31,91,
-9,45,
2,60,
56,73,
19,31,
12,18,
-11,13,
-10,-51,
1,-6,
-33,40,
-31,-17,
18,17,
29,0,
-1,14,
-26,14,
-36,-5,
3,23,
16,35,
-11,63,
-16,50,
25,34,
9,22,
61,-13,
40,-13,
58,-8,
-57,17,
-52,-9,
53,32,
59,47,
31,8,
-8,-55,
-26,7,
-44,-19,
-45,30,
11,30,
41,45,
28,36,
9,16,
-17,40,
-51,-13,
-17,5,
70,7,
55,-34,
28,-10,
42,50,
93,75,
-29,98,
10,26,
17,-21,
43,-40,
67,52,
29,53,
28,34,
24,-39,
-4,10,
16,-39,
53,-29,
33,15,
58,-29,
128,15,
59,17,
117,30,
72,80,
-14,15,
-49,91,
-7,7,
79,-3,
18,38,
19,31,
9,-17,
43,-32,
28,10,
24,1,
37,-15,
42,-21,
91,46,
66,48,
86,25,
43,17,
-36,30,
-41,25,
36,-68,
112,-14,
70,43,
44,50,
17,43,
-10,2,
-55,-20,
-37,4,
-3,-4,
21,-9,
7,-34,
70,-16,
59,1,
24,-37,
5,26,
-55,44,
-50,65,
-37,8,
-51,53,
-39,27,
-2,15,
-20,-49,
-62,12,
-30,62,
19,14,
-14,7,
14,27,
57,7,
47,10,
-29,41,
2,9,
-41,28,
2,-6,
-1,38,
-12,56,
40,71,
73,-12,
2,13,
-2,19,
-8,49,
37,58,
-62,81,
76,47,
22,-15,
-40,-7,
26,15,
-16,-33,
41,-68,
62,-65,
51,-15,
10,54,
13,79,
-12,105,
-3,28,
22,-33,
-24,-37,
-35,-39,
17,-7,
65,2,
27,21,
10,35,
-49,-8,
-26,-26,
-3,-41,
-12,-42,
-28,-28,
-48,-53,
2,-29,
9,13,
13,61,
-10,25,
-8,-18,
-19,46,
0,64,
25,-55,
-13,15,
69,53,
48,104,
14,-45,
22,-77,
-7,-40,
39,40,
29,66,
0,42,
42,9,
57,-23,
64,-6,
-7,-7,
-45,20,
-38,3,
16,14,
60,50,
32,19,
1,-83,
22,11,
1,-1,
-19,52,
-19,35,
5,19,
54,13,
-63,5,
-24,42,
-16,19,
-56,-30,
9,6,
18,41,
-13,-21,
25,17,
0,18,
-29,-33,
-34,2,
34,12,
-34,-40,
14,15,
-14,55,
-12,86,
2,95,
-69,67,
-26,74,
40,-22,
76,-18,
25,17,
4,23,
25,6,
12,5,
-41,165,
-55,62,
-27,19,
-26,-10,
3,59,
17,-36,
13,-3,
19,28,
14,-4,
-5,10,
1,68,
64,-31,
-9,-33,
-30,-60,
-49,-12,
2,54,
-90,22,
-22,-40,
46,-26,
68,8,
73,38,
27,40,
-39,34,
-23,-32,
-8,-84,
-18,-61,
-18,-11,
-31,15,
-24,66,
41,44,
50,35,
83,30,
45,80,
19,68,
39,29,
56,7,
15,21,
-37,92,
-9,46,
30,-16,
27,22,
-21,12,
-35,33,
-41,33,
-40,40,
1,-11,
13,-6,
12,14,
40,-14,
-60,23,
-139,13,
-96,12,
19,-9,
31,77,
20,-31,
-21,-29,
-4,38,
-40,90,
4,9,
25,10,
-6,36,
-39,17,
43,27,
-5,2,
28,-54,
-27,-37,
7,7,
22,36,
11,29,
46,23,
76,57,
37,29,
45,13,
-38,30,
-10,31,
52,224,
-222,1584,
-1409,6051,
-2682,7767,
-3673,7653,
-2527,3703,
210,-370,
1267,211,
961,3606,
199,5441,
-102,4083,
-244,1551,
-105,45,
-33,-499,
120,-394,
37,-148,
-59,-107,
-40,-221,
311,-165,
510,126,
431,166,
4,-31,
-160,-227,
-5,-290,
220,-641,
176,-764,
86,-783,
241,-416,
463,-51,
552,72,
362,4,
168,-88,
64,44,
-8,145,
-40,-17,
-75,-80,
-19,-101,
192,-374,
135,-110,
162,19,
82,41,
-8,-157,
-102,-308,
-24,-218,
38,-134,
-17,-97,
-66,-37,
-128,-18,
-152,-53,
-204,-216,
-180,-282,
-53,-63,
42,-34,
46,-2,
-33,6,
10,-105,
68,-159,
91,-144,
43,-62,
-10,-35,
-28,-31,
32,-113,
-1,-85,
-2,-49,
32,-80,
53,-274,
129,-212,
118,-30,
210,41,
285,-86,
109,-76,
-60,-50,
-165,-99,
-110,-113,
-83,-207,
-50,-182,
-59,-152,
3,-96,
62,-19,
39,-43,
128,-191,
136,-288,
160,-170,
142,5,
57,56,
-14,-86,
28,-158,
62,-199,
33,-184,
42,-63,
-8,-34,
34,-57,
58,-143,
56,-64,
21,-41,
-20,-20,
40,-67,
25,-181,
-33,-251,
-63,-97,
-92,-76,
-35,-217,
-9,-173,
35,-161,
22,-124,
-89,-80,
-111,-85,
-89,-91,
-53,-122,
51,-104,
66,-127,
14,-94,
28,-45,
29,-151,
39,-131,
41,-12,
20,-2,
106,-130,
114,-110,
75,-90,
49,-89,
29,-72,
38,-124,
73,-140,
47,-87,
43,-67,
32,-66,
-15,-2,
-29,-70,
-6,-146,
50,-137,
25,-47,
99,-2,
50,-78,
-36,-77,
3,-56,
-10,-95,
9,-169,
5,-159,
37,-151,
70,-94,
17,-16,
-3,-35,
-23,-53,
-39,-83,
-45,-60,
-59,-5,
-36,1,
-80,-26,
2,-159,
21,-160,
51,-73,
9,-139,
19,-110,
00>
_________________________________
00>
_________________________________
Sequence Number: 145
00>
00>
Printing STS0 CIR
00>
00>
_________________________________
00>
27,-1,
67,-3,
-17,-12,
47,-6,
-10,40,
9,-70,
-34,17,
26,-10,
-37,17,
40,19,
22,5,
66,18,
-47,-30,
-14,9,
-8,-9,
73,25,
55,-46,
33,-66,
-43,21,
-48,-2,
21,11,
55,99,
68,27,
8,-11,
4,26,
62,-19,
40,-18,
4,-20,
-9,-28,
67,34,
23,40,
-21,4,
-45,-48,
22,-17,
29,27,
10,51,
-11,5,
7,-12,
39,1,
85,71,
6,96,
-13,58,
14,23,
34,69,
1,19,
-3,47,
18,-3,
66,-23,
27,-27,
50,79,
44,-41,
54,-88,
12,-39,
-73,-22,
-56,14,
17,12,
75,-20,
-5,65,
-78,20,
-102,30,
-38,11,
1,37,
36,18,
3,-35,
-2,-24,
-25,-45,
24,46,
37,52,
35,-17,
110,-37,
90,-17,
33,111,
-15,21,
-16,0,
-21,-46,
43,-54,
12,5,
78,59,
51,53,
3,78,
-12,-18,
-28,-64,
15,-108,
12,-1,
-22,35,
-58,62,
-34,51,
-34,75,
-105,53,
-68,62,
-18,18,
29,10,
7,50,
38,78,
58,70,
73,69,
74,29,
16,-18,
27,28,
61,4,
47,-62,
-42,-41,
-60,16,
45,45,
35,24,
15,37,
49,-9,
80,20,
17,43,
-41,13,
-71,-6,
-54,-7,
19,31,
21,-41,
35,49,
77,-10,
20,7,
32,-46,
116,-49,
159,-74,
72,42,
18,15,
25,-74,
-39,28,
31,31,
45,88,
91,39,
40,25,
71,29,
6,62,
-59,7,
15,8,
6,-25,
10,-17,
54,-90,
53,-32,
55,14,
-27,-25,
-19,-60,
-22,-17,
-20,-64,
-101,5,
-10,13,
31,-30,
-22,-37,
-62,-35,
-34,29,
-13,-23,
51,-1,
64,23,
69,47,
12,60,
-10,-34,
48,17,
145,-41,
96,7,
39,55,
5,89,
37,93,
-10,1,
-46,-55,
-74,-89,
-54,-67,
-35,-54,
-36,-17,
-34,57,
-30,22,
-19,8,
77,-84,
78,-52,
64,-107,
99,-55,
49,-37,
-52,-14,
-18,-42,
31,-54,
73,-35,
81,20,
53,-72,
87,-59,
32,-111,
35,-47,
-18,11,
-52,12,
-2,-28,
19,43,
-26,37,
-51,19,
-33,-50,
-15,11,
53,76,
46,-4,
46,-8,
-6,-11,
-23,0,
-56,-47,
39,-18,
58,-18,
-9,-89,
2,47,
-5,16,
10,-16,
-11,-14,
44,5,
-12,64,
-59,45,
13,7,
75,-62,
6,-75,
41,-28,
31,-25,
8,32,
-23,98,
-26,53,
-24,-16,
-3,-31,
41,4,
-81,9,
-75,35,
32,-3,
17,-47,
-68,-7,
-106,-31,
-46,-63,
22,-115,
23,-49,
29,-16,
23,38,
0,53,
23,74,
-12,30,
-29,-68,
-56,-91,
-54,-56,
67,3,
107,-27,
53,-66,
24,8,
64,23,
25,-20,
6,1,
-52,7,
-41,18,
-17,7,
10,60,
93,95,
-19,36,
-5,-24,
-17,24,
-17,28,
65,-21,
46,-11,
74,-59,
49,-20,
89,-13,
-8,-38,
15,33,
7,30,
66,11,
-5,-88,
5,-44,
2,82,
63,50,
-32,-75,
-97,-44,
-21,40,
43,31,
41,36,
12,14,
-30,22,
74,-14,
44,3,
16,10,
6,-39,
22,-48,
11,5,
23,0,
39,-38,
74,17,
25,71,
-40,43,
-4,0,
22,-43,
24,-56,
47,-34,
26,-49,
77,33,
101,15,
82,25,
28,-5,
10,13,
18,22,
39,-48,
-3,-4,
101,36,
76,50,
31,-71,
134,-11,
27,-18,
29,37,
-4,40,
23,88,
58,-5,
116,-36,
56,-4,
28,14,
-24,51,
-29,60,
-24,15,
11,5,
41,23,
87,45,
-12,-21,
9,2,
19,44,
83,-42,
53,-88,
-17,-86,
13,0,
16,-9,
-23,-38,
-75,17,
-13,-80,
21,28,
34,35,
5,51,
22,-5,
-17,12,
-2,-41,
-34,-31,
-9,-57,
66,2,
65,76,
-18,29,
18,33,
45,-8,
2,-25,
53,60,
32,-37,
17,25,
-22,38,
44,52,
56,18,
72,43,
-1,-10,
16,-8,
75,-8,
107,55,
44,51,
43,5,
113,-7,
-12,-60,
-43,-95,
-43,-14,
117,165,
747,1035,
2068,3764,
2386,6540,
867,6733,
-1448,2922,
-1476,-757,
599,-978,
2826,846,
3235,2088,
2120,1569,
890,464,
142,-309,
-15,-451,
-3,-186,
12,8,
-63,-75,
-134,-178,
-11,-203,
138,-243,
114,-157,
-104,4,
-160,149,
-146,148,
-113,-14,
-167,-220,
-111,-350,
3,-381,
235,-424,
354,-503,
317,-338,
139,8,
-12,179,
-92,77,
-134,-93,
-103,-53,
-27,-130,
-4,-147,
50,-65,
200,16,
239,7,
211,-53,
108,-51,
-3,-135,
-82,-126,
-90,-127,
-64,-111,
-62,-125,
-140,-46,
-125,-65,
-105,-52,
23,-69,
68,-33,
159,-46,
229,-114,
215,-35,
83,-46,
-100,-144,
-106,-39,
2,56,
-6,32,
-84,22,
-172,19,
-157,-21,
-68,-35,
-49,29,
-124,16,
-101,58,
10,-14,
82,-188,
22,-122,
-58,-124,
-149,-134,
-163,-148,
-61,-105,
-7,-30,
-35,-2,
-9,-53,
45,-56,
133,-57,
-61,-25,
-150,-105,
-144,-198,
-52,-132,
62,64,
89,134,
-93,36,
-118,-24,
-106,-163,
-56,-197,
-55,-88,
-58,-40,
-49,-76,
45,-37,
-22,-41,
-33,-32,
-97,-72,
-79,-139,
-55,-166,
-21,-98,
35,-72,
-34,-64,
-55,-79,
-42,-30,
31,-62,
-3,-121,
-23,-176,
-99,-77,
-177,-26,
-72,18,
-92,7,
-9,-37,
17,-54,
42,-42,
2,-61,
19,-79,
17,-53,
61,-132,
8,-45,
-31,-60,
-26,-32,
12,-64,
-1,-20,
-42,20,
-80,-7,
-16,-66,
68,-71,
2,-58,
-57,-48,
-18,-28,
-36,-5,
-68,3,
-62,16,
-1,-51,
-9,-30,
-99,-58,
-71,-79,
-34,-84,
-62,-73,
-50,-57,
26,4,
22,-55,
15,-51,
-59,-38,
-7,-86,
-19,-86,
4,10,
-3,15,
-27,-11,
28,-80,
-32,-32,
29,-55,
-31,-57,
-47,-48,
-35,-26,
89,-73,
45,-54,
56,-40,
00>
_________________________________
00>
00>
Printing STS1 CIR
00>
00>
_________________________________
00>
-5,75,
-1,32,
19,-35,
-19,-11,
4,41,
31,14,
11,-58,
24,-46,
23,-69,
-48,-27,
-35,5,
-28,13,
62,-12,
35,-31,
-9,37,
-26,85,
10,19,
57,-11,
3,-34,
58,-26,
19,-25,
22,-46,
11,-39,
31,-79,
-43,-37,
-15,61,
-27,29,
-21,3,
17,49,
37,98,
12,63,
10,-10,
15,-40,
18,-30,
30,36,
56,101,
-11,103,
58,39,
86,1,
48,2,
-9,11,
20,11,
54,21,
73,36,
-8,49,
-64,90,
-32,39,
16,-16,
59,-10,
12,-22,
23,33,
67,-12,
34,-17,
52,44,
33,39,
37,20,
0,-15,
-5,-62,
-27,-62,
4,-21,
50,-35,
-25,30,
-62,6,
-72,26,
-33,69,
48,-6,
17,-28,
21,-15,
-4,73,
34,11,
37,-55,
-30,12,
-29,16,
77,-32,
150,-40,
30,0,
-1,46,
-37,39,
38,45,
98,-15,
72,-13,
-17,-12,
-3,49,
9,37,
46,-12,
-24,24,
-43,12,
-5,-10,
66,-53,
29,-12,
-1,38,
-21,94,
-8,74,
9,59,
38,21,
68,-6,
-15,-5,
19,-6,
-25,23,
-7,95,
-81,49,
-35,36,
-20,-5,
63,-49,
25,-63,
-17,-8,
12,30,
23,26,
14,-28,
-2,58,
-5,3,
-6,26,
7,19,
3,25,
77,42,
39,64,
-17,1,
-13,34,
-61,10,
24,-50,
18,0,
3,-8,
9,-32,
48,-2,
72,1,
33,34,
-41,34,
-80,7,
0,13,
-11,-20,
45,2,
29,57,
21,21,
5,5,
37,42,
57,-25,
22,-44,
34,-34,
2,2,
15,45,
0,78,
27,28,
9,-7,
37,0,
-30,39,
-79,24,
1,-24,
50,-63,
92,-12,
93,20,
65,-1,
20,0,
-56,-65,
-17,-62,
45,24,
38,89,
-32,104,
-8,-12,
-14,-48,
-59,-24,
-33,-9,
-2,46,
40,72,
-22,57,
-33,36,
-18,20,
-3,-22,
-18,49,
56,35,
14,51,
-20,23,
3,35,
7,34,
40,-22,
-33,-8,
22,2,
29,12,
38,78,
16,100,
-46,68,
-27,18,
-10,30,
-27,-14,
-38,91,
30,69,
64,59,
79,47,
71,-2,
-34,2,
-44,-24,
-20,-3,
-40,17,
-28,34,
-39,3,
-37,-9,
-51,61,
12,5,
-21,9,
-3,91,
45,33,
26,37,
-8,8,
73,-4,
50,32,
-28,90,
-40,17,
28,1,
10,23,
18,-27,
-19,-2,
57,16,
78,89,
7,40,
19,30,
71,-30,
32,4,
-6,-1,
-8,21,
-55,-8,
-57,30,
-27,19,
3,19,
35,58,
102,71,
83,43,
53,-21,
27,-49,
18,-2,
-45,11,
-9,14,
41,21,
37,23,
34,54,
4,37,
-9,3,
-32,-37,
23,27,
-50,64,
-63,3,
-42,-25,
-47,24,
48,-16,
18,-87,
14,-30,
-32,30,
1,34,
53,45,
2,2,
2,-3,
-18,-43,
-13,10,
10,14,
25,19,
29,49,
10,35,
21,-24,
35,42,
37,51,
-15,33,
-43,-40,
-45,-29,
-96,-26,
-81,3,
-16,-15,
-26,-14,
2,35,
54,28,
-8,-15,
-30,-4,
36,56,
57,25,
19,-30,
-41,-16,
-39,-17,
48,-9,
21,22,
35,-13,
51,11,
5,-16,
55,9,
-41,-26,
-13,9,
48,-2,
95,17,
38,-11,
6,3,
42,49,
24,22,
11,46,
32,9,
14,-17,
-16,-9,
18,10,
41,53,
42,74,
26,59,
-89,3,
-20,-28,
-5,-32,
27,-4,
-23,66,
-44,37,
-41,30,
12,30,
7,19,
-17,-5,
24,29,
58,60,
-72,112,
-23,8,
99,-62,
127,18,
55,9,
57,39,
60,-27,
12,0,
-12,14,
-15,-7,
47,35,
10,61,
-3,38,
-5,3,
-67,32,
-4,0,
-21,11,
28,53,
5,57,
-25,10,
15,-47,
72,5,
-23,0,
10,27,
-14,-5,
29,14,
-3,28,
-30,82,
-51,15,
44,-71,
39,-44,
73,35,
9,32,
12,-2,
25,6,
27,-61,
55,14,
25,-7,
112,2,
31,65,
12,59,
30,-30,
30,11,
10,25,
-9,14,
-8,51,
85,194,
555,1021,
1400,3871,
1756,6902,
840,7349,
-595,3850,
-958,-532,
-551,-1799,
-606,-710,
-1213,124,
-1530,-38,
-1024,-381,
-280,-392,
86,-271,
57,-196,
-28,-72,
-60,-46,
-220,-82,
-453,-26,
-512,6,
-429,74,
-167,227,
200,260,
349,54,
273,-302,
134,-325,
-31,-195,
-66,-208,
-71,-184,
-65,-23,
-32,129,
75,109,
89,-25,
27,-154,
-139,-209,
-157,-101,
-153,-61,
-50,-129,
80,-141,
158,-161,
287,-35,
224,-107,
179,-193,
165,-250,
76,-122,
9,-43,
-45,-47,
-37,-62,
69,18,
131,207,
47,381,
-66,199,
-39,0,
-3,-152,
90,-108,
99,-118,
89,-139,
104,-87,
121,15,
96,-20,
80,-29,
13,-39,
-118,-85,
-140,-48,
-77,-28,
-77,40,
-111,-47,
-29,-69,
92,-41,
159,-61,
134,-41,
60,-51,
-7,-19,
17,28,
-45,36,
-34,-36,
11,-98,
103,-98,
112,-54,
88,-8,
111,67,
122,3,
47,-46,
67,-119,
5,-82,
13,-190,
28,-119,
-7,-90,
-2,-102,
7,-30,
7,-5,
65,-12,
106,49,
78,4,
15,-25,
-12,-59,
-20,-72,
50,-75,
69,-85,
47,-44,
89,17,
96,-73,
66,-104,
22,-66,
-4,-76,
4,-22,
-49,-43,
-74,-57,
19,-35,
18,-47,
-10,-55,
-16,-34,
48,-28,
69,2,
-47,-70,
5,-26,
-20,-7,
26,-78,
55,-50,
50,-96,
70,-22,
14,6,
49,-1,
17,-9,
35,-50,
7,-79,
-15,-53,
-1,-75,
-36,-19,
-64,8,
-61,-33,
64,-13,
30,-48,
-3,44,
2,-25,
45,-50,
58,-77,
-40,-61,
11,27,
48,-33,
10,-65,
70,-69,
51,-18,
6,-6,
-20,-18,
39,30,
53,0,
52,-40,
0,52,
-15,-16,
62,-76,
75,-104,
8,-85,
37,-26,
-34,32,
-21,-34,
1,-45,
48,-80,
00>
_________________________________
00>
RX Timestamp: 795095924126
00>
Clock Offset: 2335.739 Hz, -0.292 ppm
00>
RX Timestamp: 796170391195
00>
Clock Offset: 2759.743 Hz, -0.346 ppm
00>
_________________________________
Sequence Number: 22
00>
00>
Printing STS0 CIR
00>
00>
_________________________________
00>
-3,33,
0,26,
62,40,
-7,38,
-37,9,
23,-5,
4,4,
5,-61,
56,-29,
15,38,
-23,31,
-20,-6,
-62,1,
-4,-19,
-3,12,
-35,5,
-12,24,
-16,52,
56,46,
65,0,
-45,-14,
-67,16,
-68,98,
13,-52,
24,-26,
69,3,
4,3,
-60,64,
-42,80,
-40,52,
-35,60,
-16,64,
18,94,
-37,6,
-25,-65,
27,-72,
-86,-7,
-60,-32,
-21,-82,
17,-35,
-19,-21,
-5,-5,
54,32,
29,97,
61,73,
-22,23,
-30,41,
17,85,
8,74,
-3,20,
-24,56,
3,10,
26,-24,
-31,5,
-19,42,
49,-68,
33,-102,
27,-94,
-66,-25,
-33,44,
-18,17,
-6,52,
-13,29,
55,33,
32,-61,
2,36,
-9,124,
-41,105,
-6,100,
-20,-6,
43,27,
0,0,
36,-2,
-17,-23,
2,61,
-56,104,
-32,49,
29,1,
40,10,
32,36,
62,34,
14,6,
8,-26,
-29,-11,
14,5,
28,8,
32,-20,
48,7,
37,-48,
-96,-78,
-15,-49,
45,-91,
78,60,
24,115,
-31,72,
15,90,
-29,59,
-22,-6,
40,7,
41,-15,
-44,5,
39,73,
-23,103,
-28,35,
26,-76,
30,-99,
74,-5,
20,36,
-28,-23,
-48,-45,
-42,45,
27,-12,
8,37,
-20,2,
-42,-97,
-29,-48,
98,-31,
19,-17,
-55,50,
-75,82,
45,99,
35,38,
-5,13,
-16,-10,
20,-22,
-17,41,
55,49,
-87,75,
-8,-38,
-19,-49,
6,-14,
-40,47,
-1,16,
36,0,
133,78,
76,120,
14,104,
-51,25,
-21,-73,
-6,-38,
-24,5,
-37,39,
-20,13,
44,-13,
-2,3,
-9,21,
0,16,
-56,5,
-43,-64,
-12,21,
46,-13,
19,53,
10,-19,
64,30,
4,28,
-38,-53,
-28,-49,
-15,72,
17,-11,
-36,-39,
-35,-33,
-87,-32,
-7,-10,
86,-25,
15,30,
-13,2,
12,56,
-43,77,
-106,21,
-65,14,
35,-19,
48,12,
2,1,
65,-92,
-19,-77,
-37,-77,
-42,-10,
-40,50,
-29,5,
16,-27,
2,26,
47,66,
-26,-11,
-18,8,
-41,29,
-2,12,
-26,-52,
-66,-85,
-38,-52,
31,-85,
65,46,
5,49,
-57,50,
-37,42,
-48,-9,
-15,-19,
80,-6,
52,-6,
29,-19,
61,30,
82,-31,
92,34,
45,-13,
53,-71,
17,20,
17,12,
73,1,
-56,31,
-47,-61,
-54,-29,
3,-28,
-25,-59,
16,0,
-5,58,
18,2,
11,19,
-113,-34,
-37,-60,
-62,5,
33,-44,
-47,7,
-31,40,
-9,18,
8,-20,
-19,-21,
-20,26,
-45,-9,
-49,-49,
-81,-21,
14,59,
13,-57,
43,-102,
-9,-26,
-14,-75,
-25,78,
-69,47,
25,68,
15,47,
-11,98,
16,22,
-13,-40,
-15,-63,
-38,-69,
2,5,
-73,58,
-90,26,
-75,-3,
-78,39,
-13,-37,
24,10,
9,19,
-16,-24,
-70,-24,
20,51,
-15,18,
9,-80,
-1,-13,
2,-22,
18,-8,
-59,17,
7,48,
-27,-21,
-78,-1,
11,-41,
23,35,
89,88,
96,79,
35,33,
-33,51,
-15,49,
31,-29,
18,-12,
24,19,
19,-41,
36,28,
23,-32,
36,-22,
2,-11,
-41,74,
-37,6,
25,36,
77,51,
70,20,
20,9,
-81,28,
-32,29,
-1,14,
-12,-35,
33,-76,
13,31,
47,65,
51,71,
32,0,
34,11,
15,78,
12,71,
-35,54,
-20,27,
-35,-2,
-22,-37,
8,42,
3,69,
-18,20,
84,7,
80,-12,
9,9,
-45,0,
5,15,
15,54,
-15,57,
-45,-24,
-16,22,
96,-14,
30,14,
-26,10,
15,93,
23,86,
-18,46,
3,38,
-27,-30,
13,-33,
-35,20,
-9,14,
6,35,
6,83,
3,69,
32,-48,
-17,1,
-22,61,
14,4,
-6,14,
-22,77,
-53,37,
-92,44,
-94,50,
34,-22,
49,3,
-30,-33,
-29,0,
8,-11,
-23,65,
-8,92,
36,-5,
37,-64,
-30,-152,
19,-49,
4,26,
45,65,
34,107,
-27,72,
-62,57,
-36,19,
-99,-22,
-58,-80,
-56,2,
-4,-35,
238,-50,
1319,-285,
4498,-336,
6913,281,
5575,1210,
476,1188,
-3134,316,
-3814,-296,
-4201,-471,
-5297,-943,
-5216,-1246,
-3041,-855,
-676,-20,
225,389,
204,185,
137,28,
132,98,
45,108,
20,191,
182,229,
202,200,
151,98,
293,24,
320,-47,
242,-131,
80,-145,
-41,81,
59,303,
231,460,
282,487,
204,298,
98,-78,
-16,-145,
13,-50,
32,60,
91,31,
176,115,
26,235,
-102,239,
-245,153,
-159,-89,
5,-190,
142,-205,
92,-219,
122,-92,
115,-1,
131,-4,
150,-13,
104,75,
97,160,
72,92,
204,46,
229,77,
201,38,
82,50,
-20,-70,
-28,-10,
-14,80,
55,85,
66,-16,
-40,-42,
-59,-80,
-45,-18,
-24,-11,
-14,-6,
-70,-24,
44,-79,
19,-98,
102,-101,
45,-12,
55,48,
-46,10,
-118,39,
-70,50,
33,46,
178,27,
89,-33,
-16,-81,
-14,-49,
52,9,
-29,59,
-49,-71,
-34,-121,
44,-60,
31,-55,
-1,29,
9,62,
6,45,
-17,28,
-64,-19,
-42,-5,
25,-35,
34,3,
23,-17,
-12,19,
25,17,
21,113,
12,24,
37,-20,
66,-34,
33,-1,
-35,19,
-33,18,
42,57,
-11,-4,
-30,102,
11,70,
90,68,
52,28,
18,59,
-4,9,
34,9,
74,60,
43,61,
26,20,
81,52,
18,45,
23,-50,
93,-79,
73,-50,
54,46,
46,13,
42,-27,
67,-35,
30,-77,
81,-21,
56,29,
72,-5,
11,-36,
-10,-37,
38,-105,
-7,19,
-13,12,
50,58,
12,29,
80,-10,
64,11,
-9,1,
-60,16,
-30,-27,
44,5,
-40,13,
12,80,
77,8,
17,12,
23,-19,
-33,-9,
11,-47,
50,-40,
4,31,
30,-19,
-35,-78,
-52,-58,
-8,13,
15,-14,
27,-6,
00>
_________________________________
00>
00>
Printing STS1 CIR
00>
00>
_________________________________
00>
-11,33,
1,9,
-16,75,
-22,90,
-25,68,
-17,20,
-14,12,
7,18,
62,-28,
53,44,
71,-42,
64,-9,
98,38,
-59,56,
-3,-23,
-10,-1,
17,39,
13,19,
26,-87,
15,-53,
-14,-38,
30,-19,
-21,-1,
-45,-36,
-22,9,
-54,31,
-4,60,
-65,22,
-73,-21,
-36,21,
17,6,
-33,6,
-5,17,
-16,8,
-30,-7,
31,-35,
28,9,
36,77,
-29,77,
-22,42,
71,59,
-17,54,
-49,12,
36,-47,
7,-6,
3,63,
-11,33,
22,4,
-23,1,
-38,-6,
-70,-18,
-56,-19,
-23,-29,
36,-2,
-17,-2,
22,-32,
-13,-45,
36,-17,
61,64,
8,28,
-82,-2,
-57,29,
-34,16,
32,34,
-38,-17,
-76,17,
-1,-4,
6,30,
-29,-30,
-100,-41,
-75,-48,
30,17,
-16,24,
69,9,
-7,-56,
-46,-57,
-65,21,
5,-8,
65,15,
44,60,
-27,48,
-62,-25,
20,-49,
-43,-17,
-79,52,
-17,64,
3,44,
0,-54,
-68,-29,
-81,-37,
-61,17,
-42,2,
-53,-20,
-92,4,
-17,15,
69,-31,
19,-1,
-42,-16,
-16,23,
-7,34,
-39,18,
-57,-67,
43,-52,
74,-1,
19,30,
-67,-9,
-61,30,
-4,38,
-2,6,
21,-23,
-18,-93,
-53,-39,
-74,-21,
-25,12,
41,46,
32,25,
53,38,
12,-19,
-49,-88,
1,-18,
27,-40,
66,-14,
28,7,
3,16,
-7,-2,
8,-63,
-60,-43,
-7,-11,
34,55,
-5,52,
26,-12,
8,-50,
0,-5,
-39,-13,
8,-7,
23,21,
-33,70,
18,101,
59,42,
66,-1,
23,-42,
58,-65,
29,-15,
3,18,
3,32,
-7,3,
-26,-19,
47,7,
31,-6,
68,19,
-4,-31,
14,-41,
37,-6,
57,21,
46,-4,
-21,-17,
50,30,
39,21,
70,43,
25,-3,
1,-43,
-30,-31,
-29,-10,
-64,-51,
-48,-50,
-67,-64,
16,-30,
-1,60,
33,68,
-41,-5,
-26,-85,
-60,-26,
-61,34,
-76,54,
15,-23,
4,-47,
56,-128,
21,-41,
-7,6,
-16,39,
-40,0,
-3,-22,
44,39,
37,44,
-5,50,
-36,6,
-56,-9,
-15,-8,
48,-58,
-20,-16,
-99,-26,
-77,-14,
62,40,
-17,65,
17,74,
-29,39,
-46,-10,
-71,30,
-116,16,
-66,76,
-70,105,
24,78,
20,53,
-32,-27,
-25,-23,
-53,32,
-76,67,
-66,1,
-37,-11,
-26,9,
-34,21,
-37,26,
-27,72,
-5,80,
30,-59,
3,-25,
23,-1,
24,58,
29,17,
-26,51,
-33,80,
-86,9,
-40,-48,
-48,-44,
14,41,
-34,46,
39,10,
-2,14,
4,39,
-9,67,
-16,-8,
26,-23,
68,43,
-1,38,
-28,4,
-33,-9,
8,17,
40,36,
22,78,
34,34,
50,-13,
17,45,
38,94,
36,81,
-42,-32,
13,-78,
84,-49,
94,-25,
118,-8,
-20,27,
-35,-13,
-75,65,
-47,77,
-18,49,
54,-35,
4,7,
37,74,
-1,2,
6,-22,
7,-21,
54,42,
18,-7,
-3,65,
46,70,
32,31,
70,33,
44,48,
-11,13,
-75,-10,
-33,15,
-20,77,
-6,20,
-54,30,
-65,-16,
-27,-9,
28,-12,
-42,61,
-64,-2,
-47,59,
5,127,
-11,120,
1,71,
54,27,
-1,31,
-12,50,
100,83,
86,-44,
71,21,
-87,57,
-11,59,
-6,-13,
36,-31,
19,-18,
30,-13,
41,-54,
49,-59,
12,17,
-55,-82,
-62,-101,
-19,-61,
22,-57,
-66,-75,
-51,-13,
9,38,
-25,45,
-21,-5,
18,5,
80,25,
69,-7,
26,-13,
-10,-20,
60,-2,
55,-7,
57,-7,
-18,-40,
-25,76,
-68,83,
-68,30,
-89,-15,
-99,72,
-29,37,
-10,11,
39,91,
1,60,
-8,37,
29,4,
41,20,
-12,-10,
15,36,
-40,-7,
15,-17,
-42,21,
-71,17,
-68,-1,
-19,38,
-7,15,
4,17,
-37,33,
-35,38,
-68,32,
19,5,
45,-8,
-7,3,
5,16,
10,-33,
14,47,
25,-13,
-1,7,
-60,-37,
-57,-30,
-3,53,
20,59,
15,45,
8,39,
4,-41,
55,-21,
192,-62,
1497,-226,
4679,-83,
6996,808,
6139,1662,
2051,1323,
-560,28,
285,-1025,
2388,-1204,
3181,-867,
2279,-436,
942,-15,
-64,236,
-412,262,
-306,166,
-195,118,
-134,130,
-219,33,
-124,-237,
8,-403,
106,-318,
16,20,
-140,230,
-264,100,
-439,-62,
-544,-65,
-401,-39,
-177,-255,
14,-442,
41,-500,
-67,-282,
-66,-120,
39,-91,
104,-63,
69,131,
-87,92,
-296,72,
-227,-91,
-79,-116,
-3,-130,
-25,-84,
-81,46,
-135,76,
-88,52,
-63,41,
-6,-6,
37,27,
-15,107,
-68,186,
-106,239,
-156,206,
-5,67,
58,17,
-16,20,
-86,13,
-77,-29,
-83,-19,
-95,72,
-101,58,
-52,29,
-119,6,
-51,91,
-77,-17,
-49,-17,
-124,-66,
-93,-41,
-33,-93,
38,-101,
-21,-218,
-84,-164,
-126,-12,
-137,63,
-82,104,
-98,98,
-72,0,
-58,49,
-30,50,
17,49,
35,17,
-81,67,
-214,145,
-252,20,
-151,-48,
-36,-27,
-50,30,
-83,84,
-145,60,
-127,34,
-141,67,
-58,47,
5,28,
-19,37,
-125,7,
-53,28,
35,39,
2,83,
-104,85,
-248,-23,
-256,-10,
-98,95,
-118,127,
-122,77,
-95,69,
-14,78,
19,67,
20,58,
-45,52,
-107,96,
-93,111,
-106,45,
-105,81,
-88,77,
-110,24,
-95,39,
-9,45,
-13,44,
-15,42,
-113,-38,
-48,-7,
-20,-5,
-26,5,
-71,21,
-90,-12,
-190,8,
-154,-50,
-66,-79,
-12,-4,
-30,46,
-49,30,
22,43,
-28,84,
-66,164,
-109,137,
-151,40,
-98,1,
-86,44,
-87,19,
-92,45,
-84,92,
-57,25,
-77,-9,
-135,13,
-136,105,
-92,61,
-66,73,
-61,31,
-77,-47,
-36,-43,
-81,-21,
6,31,
-72,15,
-93,8,
-92,23,
-12,-7,
33,22,
-70,1,
00>
_________________________________
00>
_________________________________
Sequence Number: 25
00>
00>
Printing STS0 CIR
00>
00>
_________________________________
00>
46,17,
-38,59,
20,42,
16,102,
2,21,
8,-3,
15,-3,
26,0,
36,-35,
8,41,
87,41,
4,-23,
12,-51,
31,4,
3,18,
-3,24,
41,55,
102,36,
42,42,
34,18,
-31,-32,
7,-2,
64,76,
-61,45,
-13,42,
-28,48,
-17,46,
42,41,
3,-7,
16,-51,
22,-12,
3,-61,
8,-15,
24,17,
42,30,
79,65,
66,61,
25,18,
12,28,
26,21,
112,-25,
125,-40,
-9,-29,
-29,13,
17,83,
16,72,
-7,12,
-6,-6,
62,-11,
22,25,
-8,71,
16,63,
-6,-23,
-17,-13,
-19,19,
94,-17,
66,1,
26,16,
23,76,
25,25,
-68,-77,
43,25,
43,-10,
21,51,
75,6,
96,-3,
-67,-2,
-31,-72,
54,-31,
14,18,
8,39,
-22,25,
-1,33,
-30,-5,
-10,23,
8,-22,
7,-55,
46,-11,
43,3,
34,-81,
35,16,
3,48,
-22,70,
58,90,
1,50,
22,3,
-14,-95,
-40,-70,
-43,-74,
25,-51,
84,-19,
85,49,
90,-3,
80,-34,
64,10,
60,112,
9,64,
29,33,
55,42,
1,-10,
-39,-53,
33,-62,
46,32,
42,54,
64,-18,
35,-37,
92,37,
19,79,
45,57,
119,40,
45,31,
-9,53,
33,37,
26,53,
52,-25,
59,-117,
68,11,
-19,62,
-27,47,
-73,-19,
40,-50,
51,45,
30,54,
27,-16,
38,-40,
79,9,
-12,34,
43,72,
66,86,
36,19,
-67,34,
-4,36,
82,66,
48,28,
36,21,
25,39,
-38,29,
-62,10,
-43,3,
-41,31,
16,3,
23,-19,
-72,-15,
-11,59,
58,24,
18,15,
-35,-22,
44,-92,
34,40,
-20,33,
14,-2,
2,-46,
27,-55,
65,-48,
-10,-25,
-27,-46,
-54,25,
-28,35,
1,-38,
73,-35,
94,18,
21,56,
-70,-35,
-38,-63,
-4,-15,
96,-7,
64,8,
31,-5,
2,-53,
-38,-12,
-5,8,
-43,10,
22,-61,
-10,-3,
18,62,
58,23,
-7,-27,
-41,-43,
-1,47,
-10,95,
-47,42,
-24,-32,
-53,-32,
5,15,
20,-5,
84,84,
105,70,
-30,-23,
-22,-17,
111,17,
72,46,
45,10,
-3,72,
38,-13,
14,14,
19,-12,
82,42,
51,-46,
-5,-56,
37,-34,
79,19,
-13,29,
-10,47,
48,39,
11,74,
-31,8,
4,-27,
-39,17,
-80,-20,
-88,-31,
37,30,
36,19,
90,10,
43,-9,
4,-31,
28,-55,
0,-24,
1,39,
14,-28,
32,-4,
-18,-36,
-13,46,
-7,-19,
13,-13,
-19,-24,
16,-21,
69,-33,
-37,-76,
-129,-70,
2,4,
23,94,
49,-17,
-31,-68,
-20,-35,
-45,7,
-78,59,
9,17,
25,-56,
80,-17,
-20,38,
-9,47,
-14,69,
-7,52,
25,37,
5,11,
34,-11,
83,-2,
26,38,
16,20,
16,-14,
24,-66,
28,-62,
32,6,
47,84,
59,97,
7,68,
-43,63,
9,2,
32,37,
14,48,
-11,-37,
-23,-8,
27,-59,
28,-24,
12,-9,
23,56,
50,84,
36,20,
35,14,
10,50,
27,8,
-5,-33,
22,35,
2,-30,
-33,-3,
-43,28,
-9,-7,
33,-24,
20,6,
77,58,
-10,-37,
8,-16,
30,14,
-13,79,
6,-14,
15,49,
-13,-51,
72,-7,
26,-13,
-7,-33,
45,23,
81,27,
70,44,
-11,18,
-33,-6,
51,-5,
60,25,
75,-28,
32,32,
121,-35,
82,1,
85,59,
14,2,
16,-59,
52,-11,
32,47,
47,-49,
0,-96,
20,-18,
-43,-9,
-10,13,
44,-48,
41,-43,
14,24,
81,20,
67,8,
66,-80,
13,-80,
-64,-66,
-69,-35,
-4,14,
-5,14,
-17,-5,
-30,-35,
-23,-46,
35,6,
55,-27,
54,41,
53,23,
27,17,
-29,-30,
0,-50,
60,3,
11,53,
-1,-29,
-4,-10,
9,-11,
-24,-3,
73,47,
-2,36,
1,36,
-22,29,
-17,-3,
15,44,
-68,17,
-25,-9,
2,-45,
73,-16,
-21,39,
28,19,
6,43,
-42,62,
1,-82,
334,-654,
1402,-1955,
2799,-2893,
3022,-1883,
1501,165,
-240,813,
-842,-279,
-343,-1547,
85,-1892,
0,-1277,
-110,-396,
-143,127,
-97,206,
-45,98,
-52,15,
36,61,
-34,38,
-227,38,
-253,-15,
-126,-49,
112,-50,
233,-2,
126,78,
-43,88,
-66,79,
-16,93,
-116,73,
-298,37,
-386,-30,
-285,-29,
-3,-82,
115,-64,
-8,17,
-42,151,
-92,126,
-46,16,
-38,-71,
-68,-40,
-52,-106,
-55,-175,
-44,-85,
-30,-36,
2,68,
50,165,
58,126,
-10,161,
56,115,
106,63,
24,56,
-1,96,
-89,70,
-63,8,
-48,-56,
-76,17,
-37,11,
-59,12,
51,114,
52,143,
45,102,
52,-30,
175,3,
88,48,
1,82,
-14,65,
61,2,
66,17,
-60,29,
-125,8,
-91,-22,
-80,18,
8,137,
-5,97,
48,-6,
36,14,
69,55,
-5,52,
-29,56,
-47,32,
-47,60,
65,27,
-29,93,
-104,159,
-65,76,
-11,33,
22,11,
-19,37,
-34,73,
-14,82,
47,13,
51,34,
87,82,
8,19,
48,-7,
114,-32,
94,79,
68,97,
57,103,
-49,69,
-58,58,
31,-6,
117,56,
1,34,
-42,39,
-59,56,
21,-2,
35,76,
-16,95,
-35,45,
-22,66,
-34,71,
-9,55,
-99,-39,
-38,5,
-16,36,
-52,103,
-49,82,
-62,109,
-34,34,
-47,-69,
-35,20,
22,116,
25,75,
-13,-20,
75,-25,
111,-26,
-28,62,
-53,114,
-44,53,
-72,23,
15,12,
-78,-9,
-26,94,
-89,39,
-39,75,
-29,62,
-7,45,
15,70,
19,41,
-3,21,
41,-8,
-53,-32,
0,22,
-38,20,
-79,-21,
-25,-6,
30,4,
57,38,
12,54,
-48,39,
-75,36,
-101,67,
-6,51,
6,29,
-51,15,
-41,25,
20,104,
72,81,
47,17,
22,9,
00>
_________________________________
00>
00>
Printing STS1 CIR
00>
00>
_________________________________
00>
-59,45,
-23,-32,
25,-1,
84,84,
84,78,
-4,53,
14,16,
40,-14,
34,-1,
-18,-22,
-15,-17,
-17,-51,
18,-11,
25,56,
-2,52,
53,51,
74,-4,
31,-60,
-56,49,
-7,68,
21,92,
49,29,
37,66,
-82,98,
-70,22,
-28,19,
31,-21,
-6,65,
-16,49,
116,-4,
35,-41,
16,26,
-30,-3,
8,14,
66,-24,
27,-35,
-22,-18,
-30,-15,
10,0,
68,-40,
-60,15,
13,94,
73,69,
12,66,
31,-33,
-85,21,
-98,28,
-32,81,
-3,-1,
53,105,
109,96,
36,28,
42,23,
3,97,
2,104,
-100,43,
-84,14,
-80,24,
19,21,
36,-24,
39,-46,
52,-27,
61,-27,
30,8,
22,64,
22,-4,
-2,-7,
71,-33,
4,2,
9,-38,
10,-38,
-3,39,
9,68,
-67,58,
-10,40,
59,31,
-32,-24,
-47,19,
-25,25,
-39,50,
6,13,
-11,-17,
-13,-1,
16,-29,
4,-6,
15,77,
31,73,
29,27,
40,59,
23,32,
24,-45,
-72,-10,
-53,41,
-33,99,
42,2,
7,-10,
11,5,
8,92,
5,166,
-18,132,
-23,47,
0,21,
40,33,
15,-23,
19,-101,
8,17,
-25,-8,
73,0,
136,7,
66,21,
21,19,
-26,-12,
55,-27,
-34,-20,
17,26,
-21,94,
94,76,
65,23,
-19,-11,
-8,-44,
0,-10,
2,2,
-12,42,
-16,-15,
-4,3,
-7,-60,
25,-46,
59,-13,
29,83,
-24,64,
29,-6,
32,-13,
50,-55,
-89,64,
-50,51,
53,66,
78,-18,
-29,-83,
-35,-78,
46,24,
28,-1,
32,-26,
45,-30,
27,-18,
-5,-12,
-23,0,
-79,19,
-26,2,
-3,17,
51,-48,
-17,-69,
8,-57,
46,12,
30,33,
42,22,
53,81,
-13,86,
-51,11,
11,38,
-1,43,
57,-69,
33,-12,
-26,-14,
-30,16,
66,14,
-8,14,
-56,-3,
13,46,
-16,101,
-8,91,
-10,67,
-76,65,
-80,72,
-3,54,
-10,-1,
39,-63,
55,5,
-16,4,
-20,-8,
-10,-17,
43,-8,
73,24,
49,26,
1,50,
-26,-24,
-42,1,
44,-37,
-33,-19,
-78,-3,
-65,81,
22,108,
22,27,
-4,31,
-68,63,
-13,16,
7,-51,
62,39,
-6,20,
3,64,
13,45,
6,40,
111,-4,
79,-9,
18,21,
-22,-4,
43,-16,
39,-12,
26,18,
-18,32,
-86,99,
-36,50,
12,21,
-93,40,
-95,26,
-58,1,
1,-54,
46,6,
6,-29,
5,-37,
20,-48,
-18,12,
-38,42,
-31,19,
-41,-19,
30,50,
-1,73,
-4,8,
16,-36,
-22,16,
55,9,
38,70,
4,7,
-11,-51,
25,-33,
-84,6,
-59,55,
-4,-20,
-5,15,
-37,-2,
5,-75,
23,-67,
0,-51,
65,66,
59,42,
109,-17,
-12,-19,
-29,56,
26,23,
-44,28,
-91,61,
-90,7,
-46,56,
59,50,
84,-2,
28,15,
-25,18,
-9,74,
48,50,
50,33,
47,6,
5,34,
9,25,
47,13,
21,-23,
-35,-10,
-2,-61,
-48,-83,
29,13,
57,33,
89,13,
-11,40,
-4,88,
8,-33,
3,-35,
-19,4,
-20,-28,
2,-39,
-40,-20,
-49,-2,
-40,2,
35,86,
68,49,
10,23,
38,23,
19,-17,
28,-4,
27,25,
11,-24,
-38,22,
44,-17,
74,-39,
70,-23,
6,-47,
1,-47,
8,-15,
8,-16,
-1,-12,
71,-28,
-46,74,
-34,36,
14,-68,
24,-31,
37,101,
58,114,
49,20,
-1,0,
-37,-105,
57,-63,
81,11,
83,62,
29,68,
-15,48,
-4,-50,
58,-78,
31,21,
10,63,
89,70,
43,5,
33,20,
6,20,
50,-13,
-3,33,
-21,-19,
4,-88,
19,11,
8,33,
30,106,
81,12,
51,38,
17,-35,
36,86,
31,80,
1,15,
-97,45,
-52,121,
23,67,
58,-8,
21,-38,
27,-36,
2,-35,
-17,-17,
-43,9,
-4,61,
-57,-24,
-14,15,
99,-52,
26,-46,
-8,21,
-14,118,
-63,64,
-26,17,
96,-80,
112,-213,
454,-958,
1425,-2638,
2614,-3824,
2780,-2920,
1345,-486,
-193,1040,
-494,883,
107,396,
564,581,
500,823,
57,614,
-104,198,
-72,83,
-14,98,
13,126,
33,78,
87,18,
155,105,
230,189,
191,176,
141,-24,
65,-157,
-22,-88,
-88,24,
-155,137,
-190,169,
-106,99,
-53,95,
-13,35,
23,-36,
46,-81,
-33,-30,
-39,118,
-70,154,
41,139,
68,115,
-7,112,
-93,155,
-211,66,
-174,-84,
-79,-15,
-100,79,
-94,93,
-46,31,
4,45,
35,48,
3,47,
54,-57,
98,-117,
89,-134,
121,-122,
48,-50,
-59,33,
-55,63,
-66,82,
-90,51,
-7,68,
-24,-37,
-8,-31,
23,81,
-4,124,
4,137,
-16,43,
47,0,
89,14,
104,65,
58,98,
11,61,
-13,9,
-10,-36,
12,-8,
54,17,
2,39,
-32,55,
-11,60,
-9,52,
-86,59,
-42,-32,
-38,-37,
8,-57,
24,-18,
18,-9,
-30,-1,
-27,27,
9,50,
-3,24,
-47,-41,
4,-3,
-6,26,
19,66,
-23,69,
-52,35,
-75,66,
-48,78,
18,99,
44,55,
31,18,
44,79,
57,57,
16,42,
10,32,
-29,39,
-67,3,
-7,49,
-5,53,
-12,58,
-27,59,
4,65,
-5,-8,
-29,57,
-74,135,
-34,90,
40,78,
1,28,
-53,50,
-73,18,
-14,67,
-15,58,
-66,58,
-88,-24,
15,17,
20,8,
-52,27,
-61,53,
-25,12,
-68,-11,
-66,8,
-11,55,
32,27,
22,-7,
-48,-31,
-127,6,
-106,28,
-22,3,
-18,57,
-16,-13,
-20,-19,
-15,-93,
-39,-46,
24,82,
30,85,
30,69,
4,7,
-37,55,
4,104,
65,112,
38,12,
6,-50,
-54,-50,
-107,-41,
-41,24,
42,22,
-56,31,
-47,-10,
-55,39,
-14,52,
54,75,
12,82,
1,27,
00>
_________________________________
00>
RX Timestamp: 935151486312
00>
Clock Offset: 2023.315 Hz, -0.253 ppm
00>
RX Timestamp: 936226267249
00>
Clock Offset: 3395.748 Hz, -0.425 ppm
00>
_________________________________
Sequence Number: 157
00>
00>
Printing STS0 CIR
00>
00>
_________________________________
00>
28,14,
13,-33,
-45,-32,
-3,-14,
20,33,
15,-80,
-33,-155,
-17,-139,
55,-11,
-4,12,
-93,10,
-67,-51,
-102,-95,
-1,-77,
-57,-39,
34,-20,
54,7,
31,-9,
3,17,
36,67,
3,-40,
31,-13,
-37,-39,
-10,28,
46,9,
-6,30,
23,-21,
31,-17,
1,70,
-72,-14,
-35,26,
10,15,
100,-14,
-8,-32,
-29,-16,
-6,-42,
42,-110,
54,37,
35,50,
-16,17,
7,-28,
31,-68,
21,-13,
10,23,
-2,15,
30,-53,
-19,-37,
-3,-30,
-3,-54,
-24,26,
-19,53,
5,22,
9,-6,
52,0,
-6,19,
7,35,
-23,-34,
20,2,
21,58,
-6,-19,
26,-17,
40,22,
-4,47,
27,-5,
-16,65,
2,33,
25,-11,
5,-29,
-40,1,
13,-35,
-55,-20,
-37,-35,
68,-23,
28,-8,
-36,26,
-2,-50,
9,-6,
29,-21,
-12,-26,
-18,-14,
-72,48,
26,-21,
-18,-21,
-13,-9,
0,13,
24,-72,
5,-39,
9,-47,
2,-11,
7,-65,
1,-22,
-58,33,
-32,-8,
13,16,
10,-9,
-28,26,
-52,82,
0,1,
17,-61,
66,-22,
29,-42,
-24,6,
7,80,
32,39,
-36,17,
-38,46,
20,19,
-8,3,
-20,56,
-92,51,
-17,-22,
43,45,
13,15,
29,-25,
1,-17,
-20,19,
21,-32,
4,-1,
-2,-16,
-11,-71,
-32,-104,
14,19,
77,56,
56,53,
-30,21,
6,57,
-33,41,
50,26,
1,-22,
-12,8,
-13,-1,
27,-16,
55,-11,
22,15,
41,32,
11,34,
-18,71,
-64,88,
-7,11,
18,23,
104,-20,
34,24,
44,26,
-28,48,
-51,20,
-44,-14,
-14,-19,
-40,8,
8,78,
23,70,
-2,40,
-15,12,
-14,26,
-2,-22,
9,62,
44,58,
-24,23,
-13,12,
-43,-34,
13,-48,
-35,-15,
8,5,
1,3,
8,-7,
49,21,
-3,-19,
-24,-78,
12,-36,
16,-5,
-37,-24,
-50,-57,
-13,-78,
72,-51,
27,-91,
32,-69,
-15,-51,
-36,-76,
-49,-22,
4,-28,
20,-6,
-22,25,
-47,9,
-15,47,
31,27,
37,-12,
-21,-24,
33,-1,
23,9,
35,-32,
21,-36,
21,25,
-12,-29,
-54,-25,
24,-30,
38,48,
7,-24,
-27,-1,
-36,18,
2,22,
39,-3,
56,-41,
-7,33,
44,68,
69,28,
53,-42,
-28,-72,
-8,-63,
-37,-15,
-11,14,
41,30,
4,31,
-13,3,
-100,-48,
-40,-35,
-6,9,
5,-18,
2,18,
3,2,
-14,-8,
-17,39,
10,49,
30,25,
39,14,
55,4,
54,14,
78,70,
-4,43,
2,12,
64,4,
88,26,
27,61,
-9,100,
-29,105,
-56,56,
-20,-42,
65,18,
84,66,
-49,46,
-31,27,
27,-27,
19,-45,
8,7,
-26,37,
-49,-40,
-9,12,
117,10,
5,21,
33,71,
-73,14,
-79,14,
-5,-9,
53,32,
26,-28,
36,-17,
-50,36,
11,11,
-25,10,
62,57,
0,31,
-46,-3,
14,-36,
37,-60,
-5,6,
-30,55,
-93,-2,
-30,35,
-4,14,
-31,10,
-71,-13,
-67,-40,
-46,-31,
-47,-35,
6,-9,
-18,-32,
-34,-31,
-7,13,
-52,-6,
-69,7,
-15,43,
27,32,
5,5,
31,24,
23,24,
-3,79,
-78,58,
-40,33,
-26,32,
-2,18,
4,-82,
-2,-3,
43,-16,
40,-56,
77,-58,
-53,16,
-12,19,
8,10,
48,16,
64,-64,
-4,7,
24,-39,
-23,18,
-23,33,
-28,-31,
-29,-15,
12,-11,
61,13,
18,43,
-2,-30,
-56,-87,
-43,-43,
-18,20,
17,51,
32,43,
37,-22,
-48,-81,
-2,42,
-40,52,
-40,47,
-21,-6,
-10,31,
-52,23,
-33,-18,
34,-11,
-19,9,
-25,28,
-14,69,
9,62,
19,6,
38,-21,
55,-2,
-4,-19,
9,-3,
29,16,
23,-2,
25,-24,
-6,-11,
-13,1,
35,22,
53,47,
32,12,
39,-11,
0,-27,
-25,18,
18,7,
-23,-17,
32,44,
45,35,
13,-16,
-16,-35,
8,26,
-50,37,
32,-15,
32,-42,
10,-31,
-4,51,
94,-90,
1000,-642,
5272,-2531,
7823,-2825,
8034,-1084,
5580,1824,
-734,1681,
-1743,-873,
803,-3875,
3413,-4946,
2992,-3591,
945,-1459,
-272,-364,
-463,80,
-161,188,
33,160,
-60,87,
-239,59,
-454,-150,
-153,-275,
-65,-145,
50,215,
306,442,
324,319,
-164,220,
-337,179,
-495,174,
-520,-116,
-723,-454,
-752,-562,
-477,-375,
-106,-136,
189,91,
97,94,
-144,147,
-28,175,
5,250,
-228,173,
-59,-69,
-19,-256,
27,-476,
-87,-316,
-181,-36,
-278,101,
-261,59,
-142,40,
-82,28,
-28,82,
-58,114,
-12,233,
-90,247,
-18,81,
-36,16,
-149,-133,
-143,-232,
-214,-241,
-141,-209,
-184,39,
-25,239,
27,157,
55,84,
37,113,
8,154,
-17,150,
-7,130,
36,137,
94,176,
32,54,
-26,-129,
-274,-175,
-170,-103,
-55,82,
-66,126,
-38,138,
-66,166,
-77,81,
-156,72,
-221,11,
-190,-79,
-76,-106,
-77,9,
-156,130,
-283,181,
-109,-24,
-37,11,
141,11,
110,30,
33,111,
-101,22,
-122,23,
-99,67,
-60,183,
-88,59,
-122,76,
-49,80,
-38,55,
-46,98,
-91,64,
-125,58,
-46,62,
7,85,
-84,24,
-97,47,
-42,48,
-53,49,
14,103,
-89,210,
-122,135,
-94,28,
-4,58,
-66,90,
-32,81,
-37,-4,
-25,-11,
-45,9,
15,100,
23,26,
-128,71,
-89,30,
-141,-46,
-123,-25,
-100,-17,
-168,69,
-53,2,
0,29,
-20,67,
-72,67,
-118,-4,
-128,-36,
-167,41,
-145,56,
7,76,
7,99,
-7,55,
-70,40,
-103,32,
-158,61,
-109,12,
-31,-5,
1,73,
-62,58,
-58,32,
-57,2,
-57,0,
-50,26,
-88,80,
-66,122,
5,0,
2,44,
-158,100,
-93,100,
-121,9,
-127,-4,
-49,39,
-37,5,
-107,17,
9,27,
00>
_________________________________
00>
00>
Printing STS1 CIR
00>
00>
_________________________________
00>
54,-82,
37,-64,
-30,-35,
-33,18,
1,6,
-43,-13,
-20,-13,
-52,-79,
15,-13,
8,-49,
-6,50,
8,27,
-52,13,
-34,20,
9,36,
11,-5,
3,57,
-31,44,
0,-41,
22,-5,
-9,5,
-23,57,
0,64,
-34,32,
25,-12,
34,-11,
35,-50,
25,-40,
54,-35,
110,61,
89,32,
72,36,
28,2,
24,-70,
26,1,
9,6,
13,5,
-49,4,
30,69,
43,47,
38,85,
-45,65,
-45,57,
33,43,
-21,-21,
22,-58,
3,21,
73,41,
-8,-8,
-21,-13,
5,-44,
62,-32,
50,1,
5,11,
-36,9,
12,35,
69,25,
93,5,
50,-17,
3,18,
-38,73,
78,78,
14,44,
21,-28,
50,2,
53,26,
26,46,
35,29,
29,-17,
5,-20,
17,46,
18,87,
4,46,
6,26,
46,34,
21,-5,
7,57,
11,-4,
12,-50,
-20,-74,
5,-22,
-17,7,
14,92,
-24,67,
43,3,
66,14,
34,39,
43,25,
30,-54,
20,-51,
-32,-8,
-36,16,
-37,-46,
-24,-46,
18,-9,
7,76,
-17,30,
51,34,
87,-9,
22,17,
-20,62,
32,45,
9,-7,
-13,-28,
-7,-74,
14,-55,
37,-19,
60,-1,
96,5,
44,6,
7,13,
30,13,
31,48,
-22,21,
7,10,
3,2,
9,49,
18,47,
58,116,
-23,121,
-50,53,
18,-3,
59,32,
19,56,
-7,88,
-11,39,
6,-17,
75,40,
86,8,
67,-27,
27,4,
24,21,
26,-27,
-56,-14,
19,39,
0,96,
-10,65,
10,14,
4,22,
12,46,
27,-19,
-2,13,
19,20,
-7,56,
15,69,
24,-1,
18,25,
34,4,
18,8,
0,-7,
-14,-45,
-43,-94,
2,-41,
51,-52,
-5,47,
4,45,
22,23,
52,27,
31,-5,
37,-36,
43,-22,
-17,9,
-40,14,
11,8,
-26,51,
75,59,
16,37,
22,-3,
-8,43,
40,-3,
-8,13,
56,23,
-27,17,
-19,30,
-27,62,
-46,48,
27,33,
17,34,
12,22,
19,52,
27,70,
41,62,
17,-36,
14,-29,
-7,17,
13,91,
101,30,
-23,43,
-53,1,
-31,38,
24,37,
-1,49,
4,55,
7,-13,
41,2,
41,36,
41,54,
50,11,
47,19,
36,18,
13,13,
-32,66,
2,42,
-22,15,
54,14,
41,46,
-18,80,
-32,44,
41,20,
65,-46,
-10,-30,
14,23,
1,1,
42,10,
-14,-32,
-32,-1,
39,32,
-6,42,
-10,88,
-3,76,
48,34,
48,77,
61,105,
9,59,
40,23,
16,30,
8,44,
32,30,
-4,29,
-50,7,
-11,11,
-19,13,
1,22,
10,13,
48,-11,
17,-17,
1,-30,
1,-32,
28,13,
26,-9,
63,22,
58,19,
-12,27,
-5,73,
-82,64,
-29,83,
-42,19,
-34,47,
13,18,
-31,21,
57,21,
42,41,
30,41,
-13,56,
10,58,
1,39,
46,31,
-28,-41,
0,-60,
49,2,
16,57,
-5,-44,
26,-63,
23,-48,
37,71,
-59,44,
8,53,
44,-15,
52,7,
78,31,
96,68,
46,19,
12,42,
15,19,
-21,-26,
13,-1,
37,33,
69,66,
85,66,
66,55,
-6,32,
37,13,
47,-21,
57,5,
26,43,
44,52,
18,45,
6,93,
41,95,
30,53,
-18,27,
-24,27,
27,5,
8,33,
24,129,
21,116,
24,59,
50,-1,
0,-3,
22,-1,
-16,-49,
9,-15,
15,-33,
47,6,
68,22,
48,-13,
-7,25,
-20,20,
-20,5,
26,31,
67,108,
57,134,
58,71,
33,38,
7,-51,
7,33,
3,20,
9,61,
24,17,
4,34,
-9,62,
-9,43,
7,70,
33,39,
-5,60,
57,67,
15,59,
14,42,
34,116,
81,-23,
12,10,
5,42,
-44,-10,
-7,33,
6,44,
21,25,
-15,19,
21,6,
-8,62,
54,24,
2,1,
16,-14,
21,-16,
51,55,
48,-17,
18,34,
-54,28,
31,6,
63,35,
15,59,
-1,54,
-19,54,
31,43,
-8,-11,
29,19,
197,-105,
1367,-846,
5690,-2865,
7669,-3091,
7958,-2044,
5810,486,
-751,1863,
-2728,1453,
-1028,904,
58,1691,
-129,2317,
-550,1495,
-492,496,
-313,14,
-244,-45,
-165,33,
-70,93,
-15,231,
112,468,
182,534,
132,456,
388,118,
421,-304,
151,-372,
-282,-172,
-420,-5,
-291,3,
-174,-19,
-121,68,
32,108,
145,106,
152,6,
-74,-24,
-237,67,
-225,231,
-31,136,
-25,121,
-280,60,
-240,-38,
-223,-155,
-153,-181,
-151,-102,
-269,-1,
-324,20,
-238,-22,
-107,-20,
-35,87,
3,-2,
143,-31,
383,-181,
401,-124,
114,39,
16,70,
-56,-7,
-22,-61,
-52,-58,
-107,3,
-94,-27,
-57,55,
-49,37,
-123,35,
-154,102,
-82,111,
-14,96,
19,116,
-1,253,
30,305,
43,150,
-35,18,
-114,-158,
-15,-259,
20,-192,
52,-65,
-4,91,
-65,171,
-168,180,
-239,76,
-202,43,
-137,-110,
-33,-161,
65,-155,
18,-76,
-63,-43,
3,-12,
6,28,
-54,83,
-75,61,
-173,50,
-110,-1,
-140,39,
-167,19,
-100,-4,
-57,10,
-44,10,
-66,-2,
-53,-6,
-83,49,
-102,94,
-24,51,
18,32,
24,-3,
8,-13,
-106,41,
-117,40,
-45,57,
6,18,
-14,3,
-51,47,
-28,35,
-37,10,
-55,-20,
-29,21,
5,35,
-52,115,
-42,119,
30,20,
16,-45,
-56,-70,
-108,-37,
-85,-41,
-36,-5,
-43,43,
-33,57,
-82,13,
-62,-10,
-48,35,
-75,41,
-26,48,
-78,6,
-105,24,
-76,15,
-21,31,
-19,26,
-31,2,
-43,32,
-110,46,
-58,25,
18,64,
-27,70,
-56,12,
-28,4,
-36,-22,
-54,-2,
-83,21,
-31,-42,
-24,-41,
14,-19,
-4,27,
-44,-16,
-95,-50,
-39,6,
-38,59,
-4,-38,
-36,-42,
-55,-15,
-55,11,
-70,-46,
00>
_________________________________
00>
_________________________________
Sequence Number: 160
00>
00>
Printing STS0 CIR
00>
00>
_________________________________
00>
46,-49,
31,-4,
48,0,
7,8,
12,-6,
2,31,
-28,-30,
-10,-13,
10,-57,
-24,-43,
59,-69,
9,-10,
15,92,
42,26,
68,17,
74,-28,
91,15,
12,-3,
-38,13,
-62,58,
35,71,
-24,-5,
-9,44,
-36,12,
-24,-5,
45,-45,
85,-29,
40,5,
14,-79,
36,11,
41,35,
22,76,
18,35,
14,29,
-32,-25,
37,-50,
14,-57,
-38,-24,
-9,-50,
66,-88,
45,27,
-52,-10,
-1,19,
65,-20,
33,34,
58,20,
-19,-1,
-14,-71,
-36,-34,
-4,-40,
-40,-14,
-27,-4,
5,27,
20,59,
2,-1,
-81,-61,
-24,-19,
95,24,
65,134,
1,7,
18,-43,
-10,51,
49,15,
7,34,
76,48,
2,37,
-12,80,
28,21,
35,-6,
-1,13,
-19,18,
12,16,
34,-51,
-57,-13,
-42,80,
-15,74,
23,61,
24,-13,
7,-82,
71,-8,
50,46,
60,-10,
-42,-53,
-24,-84,
-7,-51,
45,-1,
20,30,
-26,-61,
-7,-7,
40,47,
58,86,
32,15,
5,21,
-4,42,
52,34,
4,-28,
-13,11,
-2,-54,
-4,-103,
55,-34,
2,-17,
52,44,
50,22,
100,28,
83,88,
8,37,
-3,12,
9,24,
-28,-8,
44,19,
-1,8,
34,-14,
-15,-7,
-47,72,
-4,40,
61,25,
-29,6,
23,77,
-14,39,
37,57,
69,25,
-9,-26,
32,-67,
36,-16,
-5,47,
8,72,
52,42,
-13,-7,
-14,-47,
-25,-41,
44,4,
14,59,
-22,15,
-44,6,
33,-40,
69,37,
34,-82,
26,-73,
35,-73,
37,5,
67,64,
9,51,
46,16,
78,-14,
28,44,
14,119,
63,62,
131,71,
50,14,
-27,10,
74,11,
-14,-26,
-30,-11,
0,37,
10,-75,
16,32,
81,-33,
67,13,
-9,-3,
-18,-27,
31,62,
-23,-76,
-14,-3,
5,53,
-44,55,
21,15,
-17,9,
-22,-12,
3,39,
18,73,
4,10,
12,34,
12,54,
0,79,
54,63,
42,-28,
46,-40,
-50,5,
2,96,
24,46,
-36,-6,
-61,-45,
-54,-82,
-5,-80,
28,-23,
-52,-20,
31,-56,
44,51,
95,-12,
17,25,
-22,-31,
-5,-11,
-52,-35,
71,-63,
16,-146,
62,-5,
32,-66,
4,62,
-13,114,
7,140,
-11,21,
-4,54,
-19,26,
44,10,
48,43,
-25,-7,
-31,-19,
-43,23,
27,-25,
-40,-16,
-28,2,
55,-68,
2,-34,
58,-58,
82,-57,
1,-29,
38,-6,
55,-48,
33,-3,
-47,16,
44,26,
47,65,
77,96,
-79,57,
-39,-65,
16,-11,
-5,34,
21,13,
66,-38,
55,-39,
2,67,
18,79,
-5,34,
-2,82,
98,21,
91,35,
8,-4,
-14,54,
-29,58,
15,29,
-42,-21,
-29,-1,
12,72,
-58,-2,
-20,39,
-9,74,
56,8,
-8,-34,
-107,33,
-56,59,
11,67,
-17,-26,
73,-4,
-31,-16,
-61,20,
58,-24,
68,-17,
70,-23,
25,-132,
-9,-98,
6,88,
-20,64,
51,-41,
48,-105,
27,58,
3,21,
-10,24,
24,-31,
54,4,
58,49,
-34,26,
-26,-54,
-37,-74,
70,-45,
91,0,
110,-78,
11,-21,
36,6,
42,36,
22,-26,
38,21,
-36,47,
-10,62,
21,22,
-17,-7,
-17,-72,
8,-11,
-34,18,
-81,49,
-28,-18,
59,-75,
48,-56,
14,46,
12,0,
19,8,
52,107,
4,97,
-34,61,
14,25,
72,-14,
65,-10,
56,-25,
41,-15,
60,-31,
26,3,
-47,0,
32,-46,
-61,-17,
38,-44,
30,46,
3,19,
13,40,
-86,42,
-54,27,
-19,34,
53,1,
28,-7,
-22,-20,
28,-26,
34,10,
6,-36,
10,8,
9,15,
24,-18,
63,29,
-7,77,
-2,93,
40,-2,
7,26,
40,71,
-5,50,
65,46,
-33,14,
-48,52,
20,43,
25,-47,
41,-58,
8,27,
-7,21,
-13,26,
51,-17,
54,26,
-24,10,
-50,91,
-16,30,
-21,-6,
13,15,
43,130,
-53,125,
-93,-5,
37,-82,
80,-161,
875,-377,
3456,-767,
6527,-619,
6370,349,
1920,1031,
-2382,699,
-3774,253,
-3968,109,
-5042,-159,
-5485,-661,
-3798,-740,
-1148,-178,
228,247,
364,270,
109,134,
74,127,
79,159,
69,199,
112,285,
156,281,
318,130,
280,-117,
225,-159,
136,-178,
38,-40,
-51,83,
84,163,
256,345,
415,535,
305,433,
83,145,
-66,-233,
21,-199,
110,-13,
119,144,
107,130,
136,180,
24,177,
-137,122,
-309,-88,
-159,-272,
20,-294,
101,-208,
85,-141,
118,-63,
176,-51,
182,5,
167,91,
90,116,
109,18,
164,-20,
196,52,
178,64,
71,14,
-23,-37,
-79,53,
-67,32,
46,-13,
104,-54,
120,-32,
27,22,
22,-3,
-35,49,
-39,-2,
-174,-61,
-135,-56,
68,-68,
92,-128,
120,-86,
-3,45,
-123,81,
-79,71,
86,84,
98,62,
113,53,
-11,99,
-94,-3,
-56,-19,
5,-63,
-7,-126,
-141,-122,
-180,-104,
4,-85,
-8,-40,
67,34,
-3,42,
-15,38,
-31,1,
48,-1,
28,-40,
66,-55,
93,-81,
-19,-5,
-15,26,
53,45,
41,73,
29,29,
-24,64,
26,-36,
-19,21,
128,-9,
34,6,
-44,15,
46,60,
-31,54,
-92,95,
20,59,
84,64,
23,-76,
67,7,
34,-26,
38,37,
119,37,
106,-7,
40,8,
49,2,
-30,-15,
51,-27,
119,-7,
117,3,
67,-72,
1,-30,
20,-77,
35,-64,
44,-16,
21,92,
12,96,
7,-21,
-8,-90,
15,-83,
50,9,
41,-2,
86,54,
34,44,
0,53,
29,51,
-48,-34,
-90,-63,
-28,13,
31,13,
33,-47,
-51,9,
23,7,
31,32,
27,-19,
-66,3,
-3,16,
53,-15,
56,104,
50,63,
52,-29,
30,12,
-35,-34,
-1,40,
41,25,
44,73,
105,48,
91,37,
2,32,
17,27,
00>
_________________________________
00>
00>
Printing STS1 CIR
00>
00>
_________________________________
00>
32,-9,
-29,122,
-58,28,
-17,-21,
18,-41,
3,15,
4,52,
27,-38,
-13,-9,
-80,49,
23,56,
39,10,
77,-43,
-21,57,
-33,13,
-7,-7,
70,-40,
85,-18,
86,1,
99,-50,
-1,-38,
-25,24,
49,84,
21,21,
-12,-14,
22,-16,
27,-36,
-23,-10,
27,-14,
11,-11,
11,-48,
-69,15,
-41,15,
-14,-11,
-2,23,
-50,48,
-79,-13,
51,38,
118,23,
47,46,
-35,88,
0,53,
-5,91,
39,5,
32,-31,
29,-19,
-52,-10,
-87,7,
-44,7,
8,-40,
5,-19,
-38,5,
-142,37,
-44,43,
25,71,
112,91,
116,-12,
116,-17,
127,45,
28,59,
2,-11,
-17,9,
21,18,
-30,-24,
22,22,
-44,-23,
-74,48,
18,-20,
114,-4,
106,-33,
3,2,
43,-51,
29,47,
108,38,
99,-23,
26,-43,
16,-3,
51,9,
53,-13,
32,-57,
-23,-31,
-29,25,
-23,-35,
-35,-27,
-14,23,
37,-13,
-24,-12,
-39,31,
-85,0,
-1,23,
51,37,
47,-16,
10,29,
36,-49,
57,-30,
18,12,
-19,12,
-47,-49,
-52,-26,
25,-22,
-7,-42,
-28,54,
7,-9,
-14,-52,
17,-164,
12,-104,
-45,26,
-10,25,
4,-72,
36,-81,
11,-28,
3,-10,
-2,-23,
90,-36,
50,22,
55,3,
105,-50,
56,-21,
-38,30,
-27,23,
-21,26,
20,54,
-5,22,
1,47,
28,-30,
83,-3,
11,23,
-34,53,
15,57,
-23,42,
-1,99,
73,122,
42,113,
42,28,
28,14,
-13,16,
38,-13,
33,82,
38,11,
-8,-8,
31,20,
30,-4,
30,49,
-2,33,
-41,9,
-23,35,
-62,-18,
-23,17,
5,-3,
-15,-14,
-4,-31,
54,65,
-24,34,
43,85,
-22,39,
20,10,
11,-54,
40,-47,
-7,-17,
-42,65,
-87,17,
-61,20,
75,43,
63,-25,
41,-36,
14,-80,
48,-107,
65,-114,
35,-13,
-18,-5,
8,-31,
-4,3,
23,-48,
82,-21,
4,9,
12,-3,
20,-12,
42,-18,
42,-42,
-35,-137,
49,-76,
53,-2,
15,-16,
-91,-10,
-135,35,
-59,37,
-17,-9,
13,7,
-2,-26,
-21,-39,
2,-23,
-36,-27,
-20,32,
5,37,
68,50,
93,-35,
39,-29,
-15,-1,
-19,16,
-15,24,
-47,20,
-40,64,
-15,-5,
-16,-82,
10,-43,
-2,-25,
-47,-12,
-5,-35,
59,-71,
33,40,
-18,62,
6,39,
-3,-30,
-55,25,
-45,22,
7,-36,
-9,-58,
-50,13,
7,48,
45,42,
26,-62,
-35,-28,
26,36,
84,57,
104,27,
-24,39,
-5,25,
21,62,
104,8,
56,9,
-5,67,
13,-15,
33,7,
-14,-53,
-20,-66,
11,2,
-4,38,
-66,76,
1,100,
39,56,
17,13,
62,-75,
80,0,
23,-46,
23,-73,
14,-16,
37,-12,
62,5,
15,63,
-45,4,
-41,-6,
44,-54,
6,-29,
-54,32,
-22,83,
67,49,
1,43,
29,-8,
-55,-42,
-15,-58,
60,-79,
14,-75,
42,-6,
60,36,
36,14,
1,13,
12,-18,
32,-5,
31,11,
24,-12,
3,-72,
62,29,
38,50,
32,26,
-30,-39,
-42,-16,
21,-17,
61,-21,
29,-40,
72,30,
38,97,
-2,77,
-4,68,
21,-18,
29,-34,
51,-31,
35,-44,
25,3,
92,-11,
91,30,
22,59,
-70,-44,
-27,-72,
13,50,
-42,73,
-61,88,
51,29,
42,-51,
45,-27,
-13,40,
119,82,
111,17,
40,-35,
21,-66,
1,-72,
36,-13,
2,-23,
-38,4,
-53,9,
6,0,
-59,9,
-3,38,
26,11,
95,-28,
70,31,
49,19,
-1,-10,
-10,4,
30,20,
29,-13,
-20,-48,
-9,-51,
-45,14,
-24,70,
27,-26,
12,-23,
7,6,
58,3,
85,-39,
18,21,
-5,44,
-22,49,
18,-23,
22,-19,
-8,4,
-24,38,
-8,-5,
32,14,
36,95,
-11,21,
12,0,
47,-31,
3,-34,
-51,-1,
2,-17,
10,65,
-2,49,
0,-57,
-21,-40,
26,-48,
92,-31,
130,-123,
1060,-484,
3765,-924,
6740,-505,
6855,529,
3255,1174,
-288,351,
-287,-933,
1754,-1608,
2942,-1543,
2456,-1032,
1189,-382,
184,135,
-223,195,
-274,54,
-197,14,
-181,73,
-149,89,
-107,-128,
-41,-361,
29,-418,
-9,-100,
-171,166,
-323,180,
-399,112,
-482,25,
-456,70,
-329,-50,
-157,-360,
-33,-444,
-28,-251,
-55,-98,
56,-71,
123,-80,
3,-34,
-100,115,
-173,123,
-284,33,
-126,-90,
8,-59,
1,54,
-93,172,
-141,200,
-225,151,
-180,116,
-48,88,
27,108,
1,123,
5,113,
-45,165,
-145,88,
-101,-35,
-89,-65,
-41,-54,
33,-21,
-70,65,
-63,53,
-33,49,
9,88,
-61,54,
-61,13,
-134,9,
-121,76,
-107,20,
-134,-15,
-193,-35,
-232,41,
-61,-53,
-26,-93,
-9,-164,
-12,-55,
-26,108,
-15,132,
-11,173,
-118,131,
-175,130,
-159,168,
-85,9,
-60,-75,
-79,-45,
-61,18,
-118,-92,
-127,-134,
-89,-88,
-60,-46,
-42,-65,
-23,-26,
-56,-9,
-99,20,
-131,35,
-22,1,
-37,-13,
-68,1,
-47,63,
-37,20,
-48,43,
-76,68,
-129,56,
-140,2,
-67,-101,
-41,-53,
-127,-10,
-89,114,
-114,122,
-136,39,
-80,6,
-104,17,
-144,66,
-152,80,
-145,53,
-106,-6,
-73,54,
-82,70,
-134,82,
-117,88,
-58,33,
-124,-65,
-52,-57,
11,-44,
3,-15,
2,-53,
-58,-27,
-102,-13,
-67,-16,
-114,-49,
-129,-11,
-136,-9,
-111,76,
-72,125,
-58,44,
-136,31,
-80,45,
-45,72,
-72,-5,
-10,-49,
-32,-23,
-57,-23,
-114,65,
-103,9,
-67,-39,
-77,-48,
-153,16,
-107,52,
-48,76,
-52,102,
-8,72,
-9,47,
-28,-10,
3,-46,
-70,-19,
-49,30,
-60,31,
-9,8,
-38,-53,
48,-56,
5,3,
-85,33,
-71,48,
-49,-9,
-80,19,
-73,47,
00>
_________________________________
00>
RX Timestamp: 1075194884931
00>
Clock Offset: 2358.055 Hz, -0.295 ppm
00>
RX Timestamp: 1076269276742
00>
Clock Offset: 2666.760 Hz, -0.334 ppm
00>
_________________________________
Sequence Number: 36
00>
00>
Printing STS0 CIR
00>
00>
_________________________________
00>
31,34,
26,41,
-11,24,
-35,-16,
42,60,
52,-18,
55,-7,
-21,20,
-36,14,
-23,45,
57,-29,
100,-57,
-10,31,
-18,51,
31,55,
21,2,
66,23,
-20,12,
-49,-1,
51,2,
55,-30,
74,-24,
49,6,
40,-12,
-24,16,
28,24,
34,-5,
-28,80,
-23,18,
-1,12,
-24,33,
-22,16,
-37,50,
-46,-14,
-12,28,
34,67,
53,50,
10,39,
35,-11,
74,15,
39,55,
-27,-1,
-79,5,
-82,8,
-11,27,
-64,-35,
-48,22,
-17,32,
-26,78,
34,47,
5,29,
29,11,
36,3,
35,37,
-5,-10,
30,47,
49,53,
-17,28,
-83,-9,
-53,-27,
-48,9,
4,-31,
-16,22,
-24,1,
-58,-2,
11,18,
42,-12,
0,-14,
-15,-62,
33,2,
16,-11,
24,12,
-23,-19,
10,-43,
3,61,
-18,50,
-16,43,
-17,58,
-50,33,
-19,-1,
9,35,
4,-16,
0,-29,
37,0,
75,-52,
56,-38,
37,10,
39,16,
74,35,
-29,13,
-73,-15,
-39,11,
-42,31,
-19,3,
-1,-34,
41,50,
33,35,
9,-2,
-37,9,
-11,-14,
-17,-38,
-23,47,
-72,45,
-45,-9,
50,-10,
8,-65,
-63,-5,
3,-58,
-22,-13,
-6,-42,
-27,52,
-58,40,
-44,30,
-32,37,
-7,-20,
7,-3,
41,-42,
26,-13,
5,4,
-41,12,
17,81,
27,69,
41,34,
-35,-16,
-58,6,
-21,-2,
-20,12,
-25,13,
17,-23,
-55,18,
10,7,
10,13,
-11,-28,
-7,-2,
-41,9,
30,-42,
19,17,
22,14,
-48,5,
-64,22,
8,32,
43,52,
14,9,
-5,-45,
44,10,
32,12,
2,-27,
-12,-25,
-42,-21,
-44,11,
-34,41,
-96,45,
-48,45,
11,10,
24,42,
10,54,
58,40,
53,43,
19,24,
-9,-10,
-52,-52,
-29,54,
41,63,
24,32,
-72,0,
-68,-25,
-6,-10,
-43,-31,
-32,7,
2,-41,
10,-78,
23,-75,
-14,2,
-29,-16,
-51,67,
-20,-50,
-7,-43,
-18,-61,
5,-27,
-6,-18,
10,13,
3,-81,
10,-10,
-80,2,
35,-15,
17,21,
13,32,
-33,-59,
-76,-2,
9,-3,
-51,11,
-8,20,
42,-24,
-40,-49,
-10,18,
19,-18,
82,-4,
33,-41,
-64,-23,
-1,-62,
19,-2,
33,19,
28,0,
-17,-17,
-38,-57,
-26,-75,
11,17,
-53,-29,
-20,36,
-42,-13,
19,-21,
2,-30,
-16,34,
30,-49,
35,-34,
95,40,
5,47,
-49,51,
18,17,
-59,37,
-63,73,
-125,83,
-77,36,
32,-14,
74,21,
43,49,
25,43,
-8,1,
-15,-28,
42,-20,
39,-11,
90,40,
28,-23,
-38,-29,
-56,27,
-64,49,
-3,10,
16,21,
30,65,
39,36,
9,28,
8,32,
21,-7,
44,26,
8,52,
1,-27,
-20,80,
-56,25,
1,-4,
28,22,
33,-23,
-9,10,
-16,-58,
91,-44,
36,-25,
33,41,
14,85,
0,39,
-4,-30,
-3,-30,
-7,36,
-3,4,
24,4,
-7,76,
-36,76,
17,35,
-9,-7,
-21,20,
-57,1,
-6,7,
-21,-44,
-14,-20,
38,-28,
-3,-7,
-4,6,
7,19,
-24,24,
24,21,
48,11,
53,-4,
29,53,
57,27,
13,22,
9,-4,
-2,52,
-53,42,
-10,19,
49,27,
9,0,
36,1,
38,-16,
88,7,
35,48,
16,-33,
28,21,
-21,37,
-32,8,
-101,-33,
-17,21,
17,12,
-7,-16,
-86,-37,
-80,-17,
-50,10,
-14,-1,
-25,66,
-37,14,
4,-7,
-2,-35,
-38,63,
-68,32,
-4,58,
-46,-1,
-43,-52,
11,-83,
42,39,
2,23,
5,-26,
6,2,
19,7,
24,3,
-67,14,
-73,13,
-28,88,
2,51,
5,60,
-18,34,
-66,35,
-47,16,
13,25,
-14,4,
34,-3,
2,21,
23,9,
-71,-12,
-13,-36,
3,-34,
-32,-27,
-8,-27,
-11,-35,
16,-2,
74,-2,
126,62,
121,68,
46,39,
-40,-9,
-31,54,
8,25,
-1,8,
-15,0,
22,21,
-44,40,
17,27,
21,36,
31,36,
263,374,
1306,2637,
2115,7425,
1007,8013,
-951,6808,
-1712,-910,
-1325,-5127,
-403,-5679,
-369,-6745,
-1,-7778,
829,-7202,
836,-3359,
186,-272,
-193,395,
-145,193,
-102,89,
-116,94,
-185,153,
-243,176,
-212,110,
-164,282,
48,352,
97,434,
149,269,
175,91,
51,-37,
-110,54,
-375,243,
-471,332,
-479,405,
-299,281,
59,79,
250,55,
172,37,
-9,44,
5,50,
-19,140,
-294,-3,
-431,-304,
-164,-407,
244,-252,
416,-89,
420,50,
209,16,
108,90,
4,92,
-64,119,
-68,138,
-71,118,
-105,243,
-160,193,
-170,107,
-178,200,
-149,124,
-27,21,
5,-172,
-40,-242,
15,-17,
78,77,
69,56,
22,-88,
-18,-65,
-24,-98,
2,-74,
37,-60,
35,-96,
92,-8,
174,12,
172,140,
77,95,
-92,23,
-101,-114,
-99,-61,
-70,38,
-30,43,
-71,21,
-65,-107,
-47,-126,
53,-19,
17,38,
33,16,
162,-93,
226,-132,
112,-36,
-40,86,
-44,68,
-23,26,
-65,-45,
-71,-95,
-102,25,
-77,64,
-16,88,
-14,18,
38,5,
-18,20,
-25,42,
-46,33,
-102,-63,
0,-42,
-24,30,
120,26,
105,65,
-43,51,
-10,33,
29,8,
47,-30,
-13,-64,
-19,39,
38,-11,
38,7,
-13,100,
-54,80,
-29,5,
-64,9,
64,28,
68,76,
97,68,
26,71,
10,93,
-15,2,
-46,6,
-72,7,
-3,15,
-15,78,
-3,32,
10,30,
-22,16,
26,29,
36,77,
-26,64,
42,68,
19,12,
-35,97,
-13,2,
24,-49,
2,-18,
-10,-76,
-7,-48,
-42,-53,
-46,-14,
-8,27,
2,-5,
-21,61,
3,21,
-23,29,
52,-29,
70,-5,
20,-6,
4,25,
-43,39,
-28,39,
12,-4,
30,-46,
4,-33,
-54,48,
-32,105,
2,-14,
00>
_________________________________
00>
00>
Printing STS1 CIR
00>
00>
_________________________________
00>
-11,-8,
-9,9,
3,17,
-24,38,
-28,41,
-64,32,
-47,-3,
18,-16,
59,69,
23,10,
-33,39,
7,13,
23,15,
85,33,
50,0,
12,-18,
-13,-38,
10,5,
39,4,
50,-19,
11,45,
1,1,
-28,-4,
-67,32,
-35,57,
23,28,
91,10,
40,-1,
-8,-17,
3,9,
3,54,
1,-2,
-16,-12,
-2,-12,
22,11,
-39,58,
12,79,
10,59,
-23,38,
-25,40,
58,-46,
18,-43,
-7,20,
-54,22,
-42,28,
-3,-10,
-18,3,
-7,15,
5,17,
-6,11,
9,56,
16,46,
-14,15,
-51,-8,
-75,27,
-74,-17,
-2,23,
40,-1,
-73,49,
-9,22,
-26,-14,
1,-24,
-5,47,
40,71,
60,5,
71,-21,
53,-14,
-1,18,
-3,32,
-43,15,
0,-11,
60,6,
46,-8,
12,30,
46,31,
89,-26,
61,-20,
59,10,
27,-10,
16,21,
-6,-3,
28,-24,
37,-1,
8,3,
0,25,
-1,-20,
-95,-7,
-19,34,
39,74,
47,35,
3,15,
37,12,
64,39,
70,38,
-1,4,
-29,-10,
-40,4,
23,-19,
65,-28,
32,39,
38,41,
34,-28,
76,12,
72,37,
11,38,
9,-11,
29,-15,
67,32,
18,71,
7,52,
26,41,
13,-11,
33,42,
57,23,
106,33,
58,28,
47,53,
61,68,
89,24,
70,18,
6,-9,
36,-29,
29,-9,
40,48,
48,27,
14,-21,
0,-5,
-11,49,
-12,21,
-5,-17,
13,-17,
13,35,
22,45,
34,68,
54,18,
43,57,
34,33,
-8,-32,
15,22,
43,20,
37,38,
6,34,
-6,15,
32,42,
35,45,
47,4,
18,22,
-13,13,
-6,-53,
12,-2,
50,21,
44,8,
37,17,
13,24,
-3,41,
24,96,
77,72,
81,84,
14,13,
25,-22,
-27,7,
8,-23,
16,-12,
17,-9,
45,40,
-24,22,
7,11,
4,20,
27,-20,
55,50,
35,24,
-39,5,
35,14,
6,128,
26,71,
24,35,
-14,15,
-19,32,
-6,43,
4,11,
2,10,
26,-16,
7,-26,
6,-14,
4,9,
24,-16,
32,20,
24,64,
-15,86,
-34,63,
-7,40,
42,-8,
41,4,
7,34,
-6,34,
-1,0,
-3,31,
24,13,
78,-18,
117,-32,
99,11,
27,9,
5,-60,
40,-6,
17,20,
32,26,
17,57,
53,13,
-10,-10,
-22,10,
8,14,
-2,-10,
37,24,
59,12,
26,36,
-78,64,
24,47,
55,13,
3,11,
10,84,
50,99,
46,88,
9,36,
-7,31,
5,77,
-19,32,
12,13,
50,-8,
67,28,
-48,24,
-33,23,
54,19,
-3,37,
71,9,
29,26,
-58,52,
-60,11,
-33,-17,
-14,25,
39,62,
38,15,
24,8,
39,-20,
21,-12,
0,-44,
44,27,
40,-6,
79,-2,
83,18,
53,19,
-13,-34,
9,-6,
50,-23,
105,-9,
52,-30,
37,11,
13,4,
27,18,
-14,56,
22,48,
-39,63,
-40,40,
-12,8,
5,-21,
15,22,
48,80,
7,78,
-33,13,
24,83,
5,67,
2,43,
-15,63,
-20,27,
-1,38,
6,-2,
-13,18,
43,9,
-55,13,
-16,23,
-58,14,
-24,21,
15,-42,
14,34,
44,12,
21,-11,
6,38,
-77,86,
-68,70,
6,54,
44,33,
69,2,
-7,-18,
5,-22,
75,-11,
93,1,
93,13,
14,50,
-7,26,
8,41,
38,4,
22,65,
-9,4,
32,13,
10,46,
-8,4,
28,7,
23,42,
-7,50,
20,106,
57,52,
47,19,
42,43,
39,44,
67,9,
72,1,
-46,-18,
-73,32,
32,25,
59,56,
47,3,
19,53,
43,64,
47,39,
18,50,
-6,31,
19,-13,
43,0,
7,-18,
6,40,
27,24,
15,65,
43,40,
83,35,
83,26,
41,68,
-18,41,
-65,46,
34,29,
50,27,
69,-18,
15,-11,
-13,51,
60,23,
27,31,
42,-11,
62,-43,
16,9,
7,-42,
42,30,
13,7,
-24,35,
42,56,
58,28,
39,30,
26,74,
233,339,
1060,2299,
2094,6870,
1640,7944,
546,7831,
-175,2188,
462,-653,
1671,275,
2771,3136,
2727,4107,
1453,2649,
310,886,
-125,-24,
-222,-324,
-105,-262,
-54,-109,
-42,-67,
104,-158,
504,-172,
584,-111,
428,-27,
-99,19,
-254,-154,
-138,-394,
-144,-816,
-249,-745,
-240,-643,
163,-314,
510,-170,
561,-119,
326,-59,
125,23,
45,107,
36,138,
-51,10,
-112,22,
-111,-149,
-22,-263,
28,-161,
65,-62,
-4,-49,
-85,-161,
-150,-217,
-92,-162,
-42,-85,
-77,34,
-69,30,
-86,58,
-116,77,
-231,0,
-226,-69,
-90,-50,
36,-42,
37,28,
-13,49,
-13,-57,
-21,-159,
1,-102,
31,12,
-5,-3,
-8,-3,
-10,-64,
-12,-45,
-7,-47,
-23,-99,
-66,-236,
-10,-129,
123,-62,
243,-63,
166,-62,
5,-71,
-143,20,
-183,75,
-101,9,
-113,-122,
-102,-134,
-71,-99,
34,-140,
77,-106,
24,-80,
-117,-127,
-84,-297,
1,-125,
3,3,
-52,22,
-77,-22,
-80,-70,
-75,-104,
-52,-114,
33,-1,
-3,-39,
-32,-61,
-42,-49,
-32,-62,
-58,-12,
-39,-31,
-46,-46,
-73,-165,
-89,-65,
-94,-2,
-95,-47,
-44,-130,
-16,-100,
-24,-56,
-26,15,
-120,-47,
-67,-63,
-50,-56,
-22,-91,
-13,-101,
-46,-76,
-43,-12,
-13,-42,
-72,-187,
-93,-129,
-47,19,
-9,11,
-17,-75,
21,-86,
-3,-69,
-16,-60,
-49,-55,
7,-20,
-14,-18,
-9,-15,
-8,-15,
-31,-32,
-56,-91,
8,-43,
-23,-63,
-53,-68,
-40,-28,
-70,-19,
23,-76,
19,-74,
-7,-170,
-49,-138,
-94,-84,
-120,-86,
-52,-55,
14,-95,
-22,-104,
-69,-83,
-23,20,
21,-13,
-25,-7,
-26,-17,
2,-14,
-39,-71,
-37,-88,
-40,-60,
-40,-61,
-42,-74,
6,-63,
-14,-53,
-24,-44,
-27,-13,
00>
_________________________________
00>
_________________________________
Sequence Number: 39
00>
00>
Printing STS0 CIR
00>
00>
_________________________________
00>
-64,-17,
-62,33,
-66,33,
-92,-7,
-23,-33,
-10,-102,
-12,32,
-19,37,
-36,57,
-8,39,
-15,-55,
-12,-58,
-29,-34,
-8,-11,
-6,-28,
23,48,
-33,10,
-25,0,
-18,-2,
72,20,
40,-62,
-17,-70,
-28,4,
-15,-35,
42,-52,
-19,-41,
-8,-74,
-12,-60,
11,9,
43,3,
-22,-34,
-27,33,
-7,-28,
-1,-38,
4,-21,
46,-20,
12,-19,
-38,-40,
-45,-44,
-72,-38,
2,-23,
29,-65,
-1,-62,
-8,-62,
21,-18,
2,-34,
-10,28,
-8,-3,
61,-30,
52,-81,
46,-5,
44,-29,
-66,-11,
-71,-2,
68,18,
9,-62,
10,-60,
-50,-82,
-43,-35,
-35,4,
-13,5,
0,-21,
-2,2,
-7,3,
-49,27,
-15,12,
-42,61,
-7,42,
-34,80,
-16,7,
2,-36,
-59,-49,
-43,-35,
-16,10,
48,41,
16,77,
33,40,
-23,7,
26,-8,
64,56,
54,41,
-17,18,
-5,-27,
22,19,
-4,16,
-4,25,
-20,-33,
-11,-15,
38,16,
-7,22,
-17,-19,
1,-16,
-39,-11,
38,77,
55,-7,
25,38,
2,-17,
62,3,
18,-41,
18,-6,
-27,-4,
40,2,
-10,-108,
2,-86,
4,8,
-43,31,
-49,54,
-9,24,
-1,22,
21,2,
4,-16,
-1,4,
54,27,
-23,58,
34,31,
-14,16,
10,-41,
5,-26,
-3,74,
-27,79,
-12,82,
-31,-25,
-29,-74,
-30,-21,
-33,-13,
28,-10,
-53,0,
-10,23,
43,-2,
52,-71,
37,-36,
30,-72,
25,-77,
30,13,
5,20,
82,22,
58,-22,
-32,-20,
0,11,
26,-10,
-40,-99,
-46,-46,
10,-28,
1,38,
75,28,
36,-18,
48,25,
-61,27,
-81,24,
-28,-42,
7,-38,
49,0,
27,-20,
60,-18,
-12,32,
6,24,
-33,11,
-39,-8,
44,-17,
27,-31,
14,85,
-57,-1,
-18,13,
-16,-10,
-17,-70,
35,-10,
2,13,
47,16,
-15,14,
-26,45,
-1,65,
-24,15,
36,-67,
0,-16,
-54,-22,
-23,16,
-48,19,
22,-72,
-8,-56,
-8,-4,
-23,-18,
55,1,
48,39,
-15,1,
2,44,
-44,-18,
22,12,
10,44,
-31,7,
11,-19,
86,21,
15,23,
15,31,
12,16,
16,14,
-3,-33,
-32,-56,
-94,-27,
-38,-60,
5,-33,
24,-67,
-25,-40,
-44,-39,
-30,-25,
28,16,
-15,46,
-38,-1,
35,-4,
76,-20,
56,-18,
13,77,
6,66,
-31,-1,
35,-58,
73,-52,
41,-28,
32,62,
26,41,
28,17,
20,-11,
31,-4,
0,-45,
-26,-21,
-16,-48,
1,22,
73,-27,
61,-7,
65,6,
55,-34,
29,-42,
25,-49,
11,-70,
34,-43,
-31,19,
-32,-24,
33,22,
73,14,
33,11,
41,1,
1,18,
-41,-20,
-27,-32,
51,-5,
20,22,
22,-47,
-26,2,
-32,23,
-7,76,
23,29,
9,-9,
-33,-38,
0,65,
8,34,
-22,8,
-24,-6,
-30,-41,
-1,-40,
59,-52,
29,-65,
18,-38,
-94,20,
-17,-25,
-32,-52,
-47,-25,
33,38,
10,15,
21,-32,
20,-17,
-6,21,
-17,30,
-46,0,
-31,-33,
12,-3,
40,-28,
67,-14,
62,-33,
-12,53,
14,-2,
23,-10,
5,-52,
8,-24,
4,-13,
2,10,
-2,14,
-67,-3,
-19,-8,
14,-19,
13,-18,
-40,62,
3,22,
-4,48,
-12,25,
93,3,
11,-40,
-45,14,
-104,26,
0,26,
-41,10,
-19,-12,
17,46,
19,-10,
2,-63,
-27,21,
26,57,
89,50,
-32,35,
-36,46,
-80,17,
-14,66,
17,92,
70,25,
-3,56,
-45,29,
-33,15,
-34,106,
-80,66,
-49,-14,
-9,-36,
-7,7,
-26,22,
-47,-15,
-56,-50,
-18,62,
-67,-12,
-68,7,
29,6,
40,-38,
30,2,
23,29,
38,63,
-21,46,
-39,63,
49,17,
36,18,
35,-35,
39,9,
-73,-30,
-101,-7,
-90,7,
-63,12,
1,-12,
41,-43,
-12,54,
-120,48,
-23,-30,
-25,-8,
21,4,
9,-42,
-3,-38,
12,16,
-4,12,
330,391,
2599,2218,
5575,5740,
5117,7156,
2548,7455,
-1922,2264,
-1700,-1432,
1887,-903,
5484,1043,
5388,1845,
2884,904,
705,-112,
-151,-512,
-249,-252,
-126,77,
-146,88,
-225,-109,
-244,-228,
21,-197,
107,-148,
-58,-89,
-312,285,
-217,411,
-264,229,
-364,-124,
-366,-275,
-246,-426,
6,-625,
98,-883,
117,-806,
88,-386,
35,82,
-23,238,
-131,49,
-149,-2,
-105,42,
-267,0,
-141,-283,
63,-166,
326,-125,
317,-60,
196,-140,
-123,-217,
-179,-191,
-116,-216,
-148,-47,
-176,-47,
-175,-42,
-230,-12,
-296,44,
-184,87,
-79,59,
-20,-50,
101,-221,
88,-182,
138,-201,
-29,-86,
-121,46,
-144,102,
-150,25,
-133,21,
-124,33,
-96,-20,
-105,28,
-160,35,
-186,72,
-158,181,
-64,22,
25,-56,
10,-228,
-103,-159,
-184,52,
-264,28,
-182,21,
-233,45,
-162,-36,
-165,-158,
-56,-232,
102,-96,
48,-61,
-109,-24,
-401,-196,
-184,-26,
-35,34,
-7,57,
-97,183,
-117,5,
-103,-7,
-99,21,
-118,-5,
-140,-88,
-175,-14,
-127,-5,
-110,-44,
-87,-39,
-83,-42,
-156,-47,
-148,-117,
-47,-16,
-51,-11,
-95,-47,
-116,-30,
-129,-35,
-78,-62,
-99,-62,
-119,-97,
-148,-162,
-114,-104,
-139,-126,
-106,-23,
-41,-74,
-89,-92,
-47,-105,
-61,-57,
-41,20,
9,-3,
-37,-33,
-87,-171,
-47,-113,
-3,-25,
-47,-42,
-111,-84,
-7,-40,
17,-63,
-23,-51,
-133,-75,
-72,-98,
-75,-80,
-54,-142,
-143,-133,
-103,-26,
-15,-53,
-58,-83,
-106,-64,
-67,-49,
-93,-62,
-183,-63,
-161,-74,
-145,-101,
-58,-14,
-54,-89,
-118,-112,
-77,-62,
-28,-1,
-62,16,
-117,-72,
-37,-16,
-60,43,
-100,-4,
-169,-41,
-106,-112,
-64,-61,
-68,-28,
-59,35,
-61,8,
-6,-21,
-12,0,
-29,-55,
-69,-16,
-81,-44,
-57,-41,
00>
_________________________________
00>
00>
Printing STS1 CIR
00>
00>
_________________________________
00>
-4,-21,
-19,-17,
-1,20,
13,42,
59,30,
22,78,
5,7,
45,-9,
-45,25,
-59,42,
-39,21,
-3,14,
-26,30,
11,3,
76,28,
54,64,
4,32,
57,-18,
74,-49,
2,-6,
47,27,
-10,23,
22,24,
39,42,
36,10,
35,-31,
-1,-43,
-31,-4,
-18,-3,
51,-4,
5,3,
7,-12,
-2,75,
13,49,
30,17,
-7,15,
-1,-30,
64,-76,
11,15,
0,34,
6,-10,
31,-12,
72,4,
-6,1,
-16,-8,
30,28,
22,-1,
15,29,
17,-23,
65,-89,
69,4,
57,48,
25,16,
49,88,
-23,22,
21,-41,
22,-2,
31,11,
-10,6,
11,21,
-14,56,
7,3,
28,5,
-9,-24,
-37,20,
15,43,
53,21,
7,-68,
-38,-40,
10,-23,
-8,-2,
81,13,
1,-3,
-9,15,
-23,8,
3,20,
37,-5,
78,-4,
-42,-4,
-77,-3,
41,-4,
25,3,
8,17,
0,-13,
16,-38,
99,-5,
69,-23,
2,4,
19,-4,
0,-30,
19,-21,
23,35,
27,-27,
6,14,
-27,-10,
31,13,
37,35,
-31,27,
49,-11,
-40,3,
12,22,
-13,-5,
-59,11,
12,16,
22,-40,
94,-25,
52,-35,
11,14,
19,8,
-3,-45,
-26,-51,
-7,-41,
-11,11,
5,41,
29,-14,
12,-61,
20,-43,
99,18,
42,13,
7,11,
28,-12,
-4,-14,
38,20,
76,7,
72,-3,
66,33,
41,9,
25,4,
-1,79,
-28,55,
-27,19,
9,24,
-26,56,
-10,-15,
-12,-49,
-16,-20,
23,-68,
78,15,
75,33,
23,27,
-46,-6,
13,-10,
-9,27,
-34,-30,
34,-6,
19,29,
5,-18,
-22,-5,
-52,10,
20,-3,
29,-33,
-1,-10,
8,-22,
52,22,
7,-9,
29,10,
28,3,
41,-58,
14,-62,
18,-88,
-7,-87,
24,-34,
67,-47,
81,-63,
7,-29,
-38,-32,
-60,4,
-3,-3,
-4,-22,
-10,-12,
15,19,
-14,1,
19,-13,
-31,-4,
-18,-2,
-4,15,
28,23,
5,112,
38,91,
1,60,
-10,-35,
-4,-10,
4,-3,
-29,-7,
-74,60,
-20,12,
-6,-14,
30,19,
44,43,
-1,47,
25,11,
39,-13,
-14,-30,
114,-51,
96,-7,
52,38,
-29,96,
3,33,
25,-34,
7,55,
-7,44,
-17,40,
26,-38,
57,-38,
-17,1,
-4,33,
45,28,
82,15,
52,-38,
57,-72,
22,-18,
3,-1,
60,62,
39,12,
43,-50,
5,-67,
9,-15,
-20,-28,
27,-39,
-12,-11,
-43,-6,
45,-4,
58,-12,
40,46,
4,86,
5,24,
-14,34,
-12,24,
16,11,
54,10,
32,-18,
-21,-40,
-7,17,
42,-7,
36,-7,
45,7,
-42,40,
-58,36,
-26,12,
-5,25,
-14,-26,
28,-101,
26,-43,
-36,-1,
-18,54,
1,43,
-30,-9,
13,27,
20,-18,
68,-15,
25,30,
11,54,
-14,15,
-13,-1,
41,18,
-2,29,
-9,47,
-59,84,
-12,37,
-43,41,
4,41,
45,-17,
30,-48,
-69,-15,
-106,-7,
-50,-25,
-8,-61,
14,-4,
42,43,
26,81,
58,63,
43,-17,
29,-26,
-23,-65,
8,-53,
21,-29,
-40,11,
-17,-18,
23,-18,
21,39,
60,62,
23,25,
-8,39,
-2,25,
8,-4,
30,12,
18,43,
3,61,
-5,23,
-24,-12,
-23,33,
-12,14,
44,-27,
36,-18,
47,-23,
41,-26,
33,-43,
8,-14,
26,-5,
94,-30,
65,14,
46,49,
7,-11,
-28,-51,
-28,5,
22,53,
33,64,
25,16,
34,-28,
-10,50,
23,62,
-10,41,
32,-6,
-7,38,
-41,33,
15,31,
29,8,
15,-4,
-7,-34,
12,-22,
69,-64,
49,-36,
8,10,
-41,65,
-13,93,
24,42,
16,18,
31,-33,
-16,10,
94,-23,
51,19,
37,-3,
-10,3,
13,-40,
52,-58,
40,-9,
-14,37,
44,34,
44,23,
61,15,
-27,-10,
-29,9,
-53,7,
3,-7,
-8,53,
-9,20,
-11,39,
-18,11,
-18,16,
4,19,
34,-6,
386,276,
2436,2032,
5396,5851,
5345,7183,
3760,7564,
-261,2585,
-2043,-1572,
-1451,-1581,
-1343,287,
-2173,1156,
-2111,504,
-949,-235,
-181,-364,
14,-167,
-88,-6,
-118,-2,
-157,-33,
-346,96,
-406,324,
-365,345,
-305,263,
152,289,
520,135,
269,-294,
28,-493,
-69,-368,
-40,-182,
-70,-119,
-142,-25,
-134,126,
-31,156,
67,2,
-1,-153,
-226,-266,
-179,-52,
-152,35,
-181,-48,
-163,-247,
-106,-301,
114,-199,
243,-193,
107,-300,
8,-313,
25,-296,
-42,-153,
-11,-35,
10,-21,
68,62,
140,170,
331,340,
82,198,
27,48,
-29,4,
-37,-95,
-80,-99,
-77,-216,
-2,-161,
42,-110,
103,-36,
57,-100,
7,-89,
-130,-87,
-164,-62,
-156,13,
-128,82,
-277,41,
-238,117,
-73,23,
102,-45,
173,-93,
131,-138,
62,-102,
14,-32,
-110,13,
-171,-45,
-114,-103,
-82,-193,
8,-213,
119,-135,
165,-20,
175,-61,
130,-128,
118,-132,
26,-43,
-1,-29,
-26,-32,
-13,0,
-44,-68,
3,-68,
57,-110,
12,-86,
12,-114,
-10,-101,
-19,-87,
-78,-68,
-53,-53,
0,-22,
-1,8,
47,-18,
42,17,
28,-4,
27,-67,
51,-112,
11,-80,
14,-22,
9,-59,
32,-47,
4,-9,
26,-26,
18,-36,
24,-20,
31,-14,
-3,-43,
-18,-18,
42,-113,
74,-24,
42,-23,
-1,-22,
54,-25,
-17,21,
0,6,
43,-81,
83,-123,
57,-142,
15,-45,
-11,-43,
-53,-113,
-4,-101,
-13,-61,
-10,-104,
-40,-38,
8,16,
-12,-13,
31,-82,
-2,-129,
-26,-151,
12,-55,
1,-30,
3,-60,
-46,-98,
-18,-71,
31,-35,
26,-1,
-27,-15,
1,-102,
6,-122,
-19,-3,
-11,19,
12,-21,
57,-76,
36,-45,
3,-28,
-4,-45,
57,-52,
8,-98,
14,-115,
-26,-80,
-5,-55,
3,-131,
38,-78,
12,-83,
00>
_________________________________
00>
RX Timestamp: 116070399209
00>
Clock Offset: 1937.771 Hz, -0.243 ppm
00>
RX Timestamp: 117144850414
00>
Clock Offset: 1815.033 Hz, -0.227 ppm
00>
_________________________________
Sequence Number: 172
00>
00>
Printing STS0 CIR
00>
00>
_________________________________
00>
61,9,
19,-59,
-23,76,
-31,41,
-27,-16,
-8,-10,
28,-94,
31,-43,
85,16,
89,81,
5,10,
-55,-43,
-19,-21,
-9,-31,
-15,56,
-31,44,
22,21,
15,-44,
36,-25,
4,25,
16,-35,
-39,35,
16,-2,
72,-41,
68,-188,
76,-135,
15,0,
62,45,
41,31,
20,6,
31,-45,
22,-9,
-8,15,
36,-21,
5,-35,
-1,-26,
-25,43,
-25,50,
-75,69,
76,-35,
32,-77,
-35,-40,
25,30,
4,10,
10,-36,
-3,-18,
38,1,
-21,-7,
-37,15,
4,-39,
40,20,
40,-2,
43,11,
22,-11,
-45,79,
-50,67,
-90,-36,
-116,-16,
-72,63,
67,33,
-19,8,
-60,-30,
-1,-50,
77,3,
67,22,
25,17,
10,51,
56,26,
55,24,
60,-5,
4,34,
32,65,
51,37,
-12,-54,
-44,-126,
-21,-62,
42,-1,
25,39,
28,10,
-87,0,
-60,-78,
53,-60,
101,-28,
-4,-3,
13,-36,
22,34,
57,33,
51,14,
38,-32,
-20,-70,
-1,-104,
4,-53,
66,1,
84,12,
48,2,
-23,22,
2,26,
45,24,
10,-12,
80,16,
86,-5,
38,17,
28,57,
27,101,
-3,57,
-14,-31,
-13,-59,
-9,-28,
-23,-53,
-24,26,
9,-9,
50,51,
72,57,
58,-46,
-48,-104,
-38,-68,
33,108,
-38,52,
-50,67,
34,-37,
45,20,
44,2,
58,23,
50,40,
58,39,
51,13,
19,62,
17,65,
8,41,
-37,35,
-27,-12,
-17,-122,
-41,16,
-27,107,
-54,103,
23,76,
38,77,
34,58,
60,-29,
-3,-50,
-49,20,
-28,-52,
-15,45,
-61,44,
-58,18,
-37,-47,
17,-58,
50,-61,
-37,3,
-58,-18,
62,-12,
77,13,
59,83,
3,-46,
15,-126,
62,-43,
47,-23,
-1,-34,
-38,-23,
60,-1,
33,4,
-27,-11,
52,37,
13,74,
-12,29,
-16,-5,
-12,4,
78,-3,
108,-47,
59,-35,
-1,-20,
20,-2,
-9,-15,
27,-4,
42,24,
78,6,
53,43,
28,-10,
32,-28,
-7,-13,
-23,11,
20,21,
68,108,
53,3,
-19,-18,
-8,-28,
64,12,
-20,-18,
12,38,
-43,-56,
-19,-8,
56,82,
-19,104,
6,-3,
-38,-18,
-53,-35,
-54,5,
-50,-18,
32,-18,
77,105,
7,35,
49,57,
33,113,
50,12,
78,-11,
-17,-54,
29,-40,
88,11,
86,31,
-12,19,
-23,-30,
56,-77,
98,10,
49,16,
56,62,
72,63,
-18,25,
-42,54,
8,-7,
19,-38,
-11,3,
-19,68,
38,72,
82,-3,
107,-16,
13,-73,
72,-17,
-10,22,
30,44,
61,40,
39,45,
-30,41,
-35,-30,
-37,-45,
-78,-7,
-3,24,
-99,94,
-45,36,
-12,-5,
18,-2,
-24,-15,
24,-24,
16,28,
78,23,
1,-9,
63,-3,
-19,47,
-37,87,
-3,17,
45,13,
62,25,
93,9,
111,43,
41,112,
15,32,
53,-24,
-64,-76,
-32,-46,
-2,29,
-16,-14,
-17,44,
-60,33,
41,-5,
23,-49,
17,-6,
2,47,
24,72,
-14,-1,
62,-22,
76,-21,
57,17,
35,20,
12,6,
-58,-15,
-26,32,
1,15,
86,37,
-4,16,
-48,20,
46,14,
17,0,
24,-31,
42,-19,
34,-81,
11,-51,
-4,71,
16,50,
63,-50,
-55,-73,
-20,-15,
14,9,
53,-32,
63,-16,
23,-14,
-12,58,
-28,-12,
-9,93,
-31,67,
-13,-46,
-5,-94,
33,-35,
42,34,
47,10,
89,0,
-32,-60,
-5,15,
-45,-3,
-7,-76,
38,-2,
41,34,
12,27,
-51,33,
17,-21,
-5,-84,
-65,8,
-25,54,
35,36,
32,22,
-34,64,
-55,52,
-58,37,
-35,78,
-4,45,
13,15,
-29,-12,
46,16,
8,-61,
-2,-22,
-56,-69,
-108,5,
-49,53,
-62,70,
-49,-3,
11,-47,
62,-33,
32,23,
-41,-8,
-29,-6,
58,10,
29,-13,
47,32,
30,13,
16,58,
-5,72,
-39,-4,
-13,43,
-39,61,
-107,158,
-3,88,
22,17,
22,-20,
19,-20,
62,-23,
-72,-2,
-315,-892,
-698,-3700,
-65,-6582,
1256,-6017,
1626,-1273,
880,2722,
-116,3686,
-374,3886,
-463,5139,
-1142,5448,
-1247,3521,
-583,927,
62,-199,
197,-215,
50,-66,
40,-39,
137,-44,
213,-77,
231,-50,
234,-154,
124,-204,
-52,-265,
-140,-281,
-241,-166,
-133,49,
36,33,
206,-84,
400,-145,
516,-229,
438,-227,
131,-137,
-163,-76,
-244,-41,
-8,-63,
35,-50,
82,-21,
190,64,
304,286,
152,310,
-146,173,
-328,48,
-296,-23,
-167,-69,
-118,-44,
-40,-17,
92,-49,
114,-14,
158,-10,
127,-125,
41,-271,
110,-247,
212,-189,
208,-169,
24,-29,
-39,50,
35,150,
25,129,
2,-14,
-49,-37,
-18,49,
19,54,
32,116,
-11,63,
-53,30,
-71,24,
-29,82,
13,11,
5,-47,
14,-14,
49,96,
25,117,
48,91,
16,-31,
68,-92,
88,-24,
95,120,
106,134,
21,88,
-75,82,
-110,50,
-52,30,
-48,95,
-73,71,
-57,52,
-12,15,
37,39,
-15,80,
44,4,
53,54,
43,16,
32,40,
36,-19,
56,0,
0,37,
-7,87,
-25,94,
25,-8,
123,45,
24,53,
-16,66,
72,40,
-3,-25,
-20,-26,
-66,-16,
-18,-20,
71,-11,
73,-33,
21,-1,
58,-11,
84,-38,
-3,-121,
29,-29,
37,-61,
47,-32,
-11,7,
-20,-5,
10,105,
50,-25,
72,-107,
3,-77,
90,-43,
44,28,
6,11,
-29,47,
-14,60,
-74,-23,
-51,84,
38,66,
16,108,
-31,5,
59,0,
63,39,
65,70,
-19,47,
49,-23,
61,41,
73,27,
16,9,
23,39,
-29,32,
52,-18,
31,-17,
-47,18,
-34,-30,
-15,-36,
17,-22,
9,12,
-59,-51,
-12,-52,
-8,-38,
-55,-37,
-78,45,
-43,59,
-1,76,
69,51,
-51,14,
-34,11,
-44,18,
00>
_________________________________
00>
00>
Printing STS1 CIR
00>
00>
_________________________________
00>
-62,-26,
34,8,
80,32,
98,-14,
22,28,
21,13,
64,14,
33,7,
1,-29,
34,-18,
-14,-25,
17,-38,
-26,-36,
20,-85,
30,-78,
55,23,
23,47,
1,37,
40,-16,
125,8,
125,-52,
97,12,
-8,32,
26,60,
40,8,
39,-42,
3,11,
76,17,
38,-9,
12,-16,
44,-3,
-20,-5,
-1,24,
23,1,
-19,-15,
35,19,
7,5,
40,-4,
-12,40,
-24,25,
-15,50,
-48,15,
40,-33,
54,-38,
-7,-70,
-96,-52,
-30,-16,
5,-11,
28,22,
-15,9,
-83,43,
-43,-16,
66,-33,
100,-30,
18,10,
13,2,
63,-6,
60,4,
99,-24,
11,-7,
-44,17,
-33,107,
-61,12,
37,5,
-20,-7,
-8,26,
-4,9,
54,73,
89,-4,
53,-6,
12,32,
-29,-12,
14,-46,
33,22,
-16,-8,
-18,33,
-54,26,
-26,68,
34,68,
26,33,
-20,-38,
-29,21,
30,34,
23,63,
26,71,
-30,-6,
29,-49,
-3,-55,
-72,-45,
-66,-3,
58,66,
73,86,
0,56,
-32,4,
57,-40,
76,3,
-4,-19,
-20,-25,
-21,-70,
-17,2,
43,-36,
54,-78,
-7,11,
1,18,
-74,24,
-95,-47,
-77,17,
-56,49,
-2,64,
12,22,
29,-32,
29,-20,
47,-25,
23,-33,
17,41,
35,-19,
24,-48,
2,-37,
67,56,
61,36,
-5,61,
29,23,
-43,-13,
-37,-37,
-2,-3,
11,-37,
-34,-17,
34,-22,
62,32,
18,4,
32,49,
-41,-28,
-74,43,
-39,46,
51,4,
-5,-60,
0,-105,
-10,-44,
-33,-70,
54,-49,
-18,-35,
11,24,
-37,15,
9,-41,
-3,31,
48,36,
75,14,
-21,-26,
-49,5,
-48,77,
-109,-3,
36,34,
81,-30,
52,11,
-57,-3,
-85,26,
-22,21,
43,35,
-3,36,
-27,20,
22,40,
55,-10,
67,-22,
-63,-18,
-92,-15,
-63,0,
40,8,
100,-32,
30,-56,
-48,-1,
-35,43,
8,-9,
-18,-20,
-17,-44,
-15,50,
23,44,
-36,36,
-34,88,
-45,58,
-64,-11,
-28,-41,
-23,22,
-34,-76,
-43,52,
15,71,
41,-29,
-36,-2,
-43,15,
-37,-1,
1,-30,
-20,-3,
41,62,
56,63,
30,76,
19,86,
49,-8,
6,37,
-19,57,
-10,58,
26,3,
-28,0,
10,-55,
-20,-38,
-47,59,
-51,43,
26,64,
58,62,
28,57,
37,44,
-54,9,
-83,-6,
71,56,
72,83,
64,92,
-8,30,
-22,5,
-19,-43,
25,5,
16,28,
-2,56,
62,-4,
38,-35,
59,9,
14,71,
17,17,
-53,-34,
2,-45,
26,-12,
-5,11,
-14,-89,
46,-73,
119,-32,
44,47,
-28,33,
-74,14,
-13,24,
-32,40,
-26,11,
-22,1,
4,1,
-41,-37,
-72,-56,
6,-18,
-8,1,
63,52,
65,58,
156,37,
22,15,
22,27,
-1,65,
42,14,
44,55,
-10,88,
-41,36,
-60,-27,
-20,-14,
7,-51,
-11,-14,
38,-11,
6,38,
36,60,
1,61,
46,-45,
80,-38,
67,49,
12,71,
-19,14,
-28,-6,
77,-15,
32,-17,
23,26,
-36,31,
-10,0,
-37,-36,
-115,48,
-45,54,
28,15,
22,-40,
54,-2,
28,7,
-17,47,
-27,-43,
33,-47,
-2,-46,
14,42,
43,-10,
5,14,
-36,-77,
24,-29,
72,54,
92,32,
30,40,
18,3,
14,28,
-6,8,
-9,-1,
28,40,
24,40,
29,31,
39,-57,
4,-46,
-13,-51,
-4,-21,
28,6,
44,10,
53,-43,
40,-82,
-19,22,
-58,38,
-31,-5,
51,-75,
64,-129,
56,-109,
-58,-70,
-38,-11,
31,7,
73,-28,
38,-30,
-4,-20,
-48,29,
-32,71,
46,67,
4,39,
8,-21,
140,29,
46,51,
33,92,
18,14,
23,27,
19,58,
-9,77,
25,59,
-55,42,
-61,-2,
41,-42,
52,-44,
29,-69,
4,-59,
-57,-11,
-101,-65,
-116,-4,
-86,63,
-82,8,
16,-7,
24,31,
-26,3,
-27,36,
54,-10,
50,-22,
62,-20,
-45,-2,
-43,-42,
-19,13,
-75,-48,
-279,-831,
-803,-3514,
-871,-6485,
-127,-6714,
442,-3279,
29,140,
-785,436,
-1371,-1355,
-1559,-2450,
-1109,-2067,
-457,-1027,
49,-168,
224,293,
153,268,
67,117,
89,48,
67,50,
-183,191,
-434,164,
-425,134,
-132,74,
158,52,
87,188,
14,400,
144,535,
269,521,
74,377,
-355,253,
-491,220,
-353,159,
-149,61,
-57,-57,
32,-108,
70,-36,
68,71,
79,172,
74,248,
77,158,
21,111,
-11,104,
33,190,
25,216,
22,175,
75,137,
106,118,
146,-28,
165,-4,
120,-4,
150,-9,
85,63,
45,145,
15,100,
-36,-99,
42,-70,
37,66,
41,165,
110,165,
110,110,
95,34,
25,-7,
-4,16,
-37,52,
-29,57,
13,64,
41,75,
10,115,
-60,95,
-164,78,
-180,99,
-97,47,
50,30,
286,31,
237,56,
91,141,
116,110,
86,89,
22,116,
-79,117,
-85,46,
-19,47,
84,176,
67,163,
-123,111,
-24,73,
93,40,
145,67,
107,28,
36,-3,
-7,-20,
-10,-13,
9,47,
69,80,
106,67,
20,78,
-25,38,
88,118,
91,116,
32,248,
122,111,
202,35,
135,93,
15,157,
6,136,
88,74,
53,96,
138,89,
62,145,
-11,80,
-1,38,
28,15,
39,49,
55,65,
-6,93,
-6,3,
33,14,
-13,103,
78,144,
59,74,
71,17,
63,61,
25,135,
-36,148,
-13,56,
-12,-13,
-4,70,
9,68,
-16,45,
-21,92,
3,41,
-9,49,
5,40,
28,19,
3,8,
31,38,
10,80,
47,60,
75,108,
108,108,
34,85,
61,84,
0,56,
42,49,
74,34,
58,21,
55,10,
-30,63,
-62,72,
-59,82,
4,84,
21,52,
30,50,
113,91,
67,138,
-6,137,
45,91,
18,56,
34,73,
47,15,
00>
_________________________________
00>
_________________________________
Sequence Number: 175
00>
00>
Printing STS0 CIR
00>
00>
_________________________________
00>
5,87,
18,-2,
-5,-19,
19,11,
15,1,
-9,-41,
-24,-35,
34,-37,
75,73,
41,24,
0,-20,
-41,-7,
14,102,
33,4,
11,22,
0,-10,
80,82,
39,41,
17,-90,
8,-19,
71,88,
10,40,
16,8,
12,0,
25,-41,
104,14,
61,72,
-27,14,
-55,-23,
66,-41,
80,24,
4,-7,
-8,32,
-50,9,
-21,-58,
-11,-6,
-19,19,
20,88,
-37,12,
-23,-48,
-22,38,
-67,40,
-67,57,
-53,-30,
-13,-24,
28,-19,
65,47,
65,62,
-75,60,
4,18,
-14,15,
-11,-3,
-76,-3,
14,-5,
53,-8,
-54,10,
-62,-4,
46,-34,
26,28,
11,75,
9,73,
-29,-10,
-26,-109,
-20,-16,
-4,-15,
44,31,
0,89,
-65,27,
-83,-83,
-43,-27,
-8,114,
22,66,
-25,68,
-7,51,
7,95,
-13,-4,
-50,5,
16,43,
19,110,
-47,-9,
-14,3,
7,-48,
30,20,
136,109,
62,49,
2,36,
30,34,
21,81,
53,46,
79,151,
51,65,
14,62,
-7,-9,
26,21,
21,42,
-12,30,
94,49,
9,-19,
-39,45,
4,75,
32,26,
-11,32,
6,102,
16,110,
-29,73,
-64,-16,
2,5,
54,69,
57,40,
81,101,
0,51,
24,82,
32,61,
11,20,
-51,68,
-21,89,
28,41,
61,-5,
42,-40,
-4,-52,
22,-56,
19,-11,
-89,10,
-22,-16,
5,13,
39,-15,
58,-40,
5,-23,
42,87,
-11,83,
-4,-9,
-53,-26,
-34,36,
17,1,
-32,26,
-55,109,
-62,96,
-7,48,
-30,16,
-33,-45,
23,-15,
-32,15,
-20,21,
8,63,
30,44,
-7,53,
-66,8,
-59,10,
-10,-51,
56,-101,
29,40,
-15,60,
-55,53,
12,16,
3,41,
58,24,
12,30,
-45,-26,
-20,-17,
93,22,
53,-2,
-45,34,
-82,-68,
-4,-6,
47,12,
-1,44,
25,51,
35,63,
21,52,
36,91,
41,51,
10,69,
3,54,
-19,14,
14,37,
66,28,
79,117,
45,44,
61,59,
-42,30,
-69,32,
-117,62,
-90,-39,
-41,-78,
33,-11,
126,12,
104,13,
25,-14,
-15,-8,
-37,-56,
-31,-76,
-16,8,
-90,30,
-110,12,
6,16,
64,-25,
34,-6,
-41,34,
-27,-14,
-25,33,
-72,95,
-62,110,
-49,49,
48,59,
0,37,
34,9,
-53,42,
-67,56,
-3,-1,
22,7,
-38,55,
-31,-25,
-13,68,
29,10,
43,41,
-19,-2,
-34,-16,
-34,-6,
23,-21,
20,12,
43,5,
-3,62,
12,37,
-54,40,
-39,1,
-12,4,
11,-47,
-59,52,
11,42,
4,54,
25,64,
-51,60,
-39,-8,
-25,-66,
6,-25,
1,-1,
-16,-4,
7,90,
30,94,
-81,5,
-20,26,
-6,15,
24,-58,
18,-48,
-12,-13,
-21,40,
12,-30,
-2,7,
-25,-17,
-1,36,
-36,14,
-32,-14,
-44,-31,
-35,-18,
-34,21,
-21,36,
32,-6,
-3,-50,
-17,-33,
-21,-23,
53,-11,
33,-5,
41,85,
-14,133,
2,73,
-16,23,
-45,-30,
-23,-103,
23,-47,
-92,2,
-9,16,
-14,-9,
39,-86,
7,-45,
16,-1,
-44,-5,
47,8,
12,7,
-13,27,
-62,23,
-71,27,
-39,52,
30,-5,
43,9,
35,35,
-27,46,
-98,13,
-31,51,
-7,61,
57,81,
-28,-49,
-8,-23,
41,3,
-32,-13,
-10,18,
-68,-16,
-86,26,
25,11,
-5,34,
5,30,
57,57,
-50,61,
4,58,
-71,48,
-49,60,
-44,55,
27,63,
-29,14,
-74,-32,
-38,-33,
-22,-71,
36,5,
3,42,
-42,34,
2,-54,
78,-64,
-13,-17,
-25,3,
31,-5,
20,6,
-7,-18,
19,73,
-42,95,
-2,14,
-80,-52,
-42,-11,
56,93,
59,15,
-7,21,
-32,-5,
53,-56,
-23,20,
50,39,
16,57,
19,-1,
-14,-97,
64,-6,
102,3,
15,-45,
30,-50,
-54,32,
-17,19,
-2,48,
38,48,
-74,66,
-76,-13,
-40,8,
-4,-11,
33,-9,
-62,20,
-27,-22,
-20,0,
10,-12,
-47,70,
-38,-6,
43,-34,
-5,15,
-61,-76,
-654,-909,
-2150,-3618,
-2796,-6496,
-1359,-6869,
1236,-3425,
1739,600,
-416,1158,
-2686,-728,
-3309,-2003,
-2352,-1646,
-1100,-447,
-224,279,
95,315,
156,82,
110,-41,
56,23,
22,140,
-32,236,
-192,272,
-199,209,
52,-24,
291,-196,
228,-128,
161,91,
157,292,
44,348,
-49,412,
-173,560,
-192,658,
-246,461,
-117,41,
-24,-143,
32,-61,
50,78,
114,70,
128,100,
139,156,
-16,173,
-171,89,
-274,-60,
-206,17,
-135,130,
46,162,
95,221,
100,113,
69,65,
88,119,
133,140,
238,85,
218,29,
135,15,
72,71,
-31,135,
-133,192,
-133,139,
-32,102,
63,12,
146,-35,
153,8,
180,-43,
121,54,
88,143,
78,80,
93,4,
55,22,
153,-36,
100,18,
-41,110,
-89,200,
-121,129,
52,84,
192,48,
108,26,
101,-28,
80,26,
119,133,
101,198,
29,168,
-72,31,
14,-22,
157,112,
183,233,
69,84,
-40,8,
75,-186,
71,-85,
89,0,
85,57,
43,90,
39,71,
14,93,
60,61,
40,62,
67,71,
26,64,
-26,98,
79,50,
62,130,
13,75,
-54,68,
-44,109,
68,86,
129,78,
89,80,
50,79,
40,-19,
74,47,
99,53,
100,62,
84,127,
3,100,
76,70,
1,38,
31,7,
7,29,
-10,40,
9,157,
-12,147,
0,52,
30,32,
26,63,
3,101,
-33,79,
-33,34,
57,64,
94,126,
91,135,
27,121,
47,30,
123,97,
34,64,
58,3,
52,60,
68,74,
51,107,
51,112,
-11,129,
66,65,
101,27,
60,85,
5,46,
-80,62,
19,54,
59,55,
72,63,
1,-6,
-2,-12,
17,68,
-16,88,
-20,23,
33,70,
11,100,
31,75,
9,77,
00>
_________________________________
00>
00>
Printing STS1 CIR
00>
00>
_________________________________
00>
-3,31,
-48,1,
-16,-50,
18,-64,
0,4,
-19,7,
-4,32,
-5,-19,
43,-22,
88,-94,
90,-53,
-18,-42,
-28,-15,
-57,57,
-7,43,
42,96,
83,102,
103,-10,
109,-50,
3,-23,
-56,97,
-40,9,
-13,37,
46,45,
60,2,
88,-46,
29,-24,
-5,70,
-28,92,
-25,14,
10,-23,
-29,-19,
23,-13,
62,-1,
27,12,
-3,-5,
-31,-3,
15,2,
35,25,
48,68,
-9,-12,
3,-10,
4,-37,
-2,1,
-36,-40,
-44,14,
40,23,
42,31,
20,20,
27,118,
-14,38,
-4,-2,
0,17,
66,-15,
58,7,
106,50,
58,11,
-76,32,
29,-39,
-36,-44,
7,-27,
-12,11,
33,14,
103,-27,
93,-4,
-41,21,
-66,34,
17,84,
33,66,
29,-4,
8,25,
28,31,
48,57,
52,11,
-10,3,
-60,-11,
-51,38,
46,29,
14,30,
61,35,
17,38,
37,23,
29,21,
4,18,
10,61,
-4,3,
40,37,
18,19,
4,20,
-20,10,
-62,-63,
-14,-82,
-16,-80,
-42,1,
-13,59,
42,90,
77,75,
4,15,
2,14,
58,-38,
-41,30,
-27,53,
65,-1,
62,-1,
58,-1,
28,-1,
-39,69,
-8,28,
7,-78,
-8,-32,
-38,5,
-17,40,
-39,-11,
-15,-65,
-5,7,
-10,36,
-6,67,
6,27,
37,-33,
-35,-19,
-20,53,
11,8,
10,22,
31,49,
23,116,
11,68,
-22,65,
-50,57,
4,2,
41,-51,
12,-15,
-24,64,
-12,78,
-16,-59,
74,-70,
74,27,
50,3,
45,-20,
8,38,
39,81,
41,110,
-5,25,
25,-34,
125,17,
73,35,
17,-13,
-7,-4,
50,6,
13,67,
65,79,
118,-27,
63,-50,
20,-8,
15,21,
45,16,
-38,1,
-6,16,
17,54,
-9,-17,
84,-49,
48,-52,
-7,-20,
25,35,
-15,74,
-26,73,
-69,123,
-25,103,
-41,72,
55,-40,
46,8,
14,50,
-14,89,
1,20,
-3,-2,
3,27,
47,0,
-11,15,
-3,24,
0,-24,
-7,-2,
17,-43,
74,1,
49,-46,
2,-15,
12,27,
-17,-18,
-8,-34,
-48,-2,
10,-46,
4,17,
11,28,
-75,-31,
6,-2,
9,11,
100,49,
89,16,
-9,2,
-10,-65,
27,-36,
78,40,
26,35,
65,-6,
-54,-12,
-1,43,
-7,-11,
-6,59,
10,46,
23,53,
20,-29,
13,-36,
54,-1,
50,8,
-13,8,
-78,-1,
-47,34,
22,24,
51,31,
85,-28,
38,-44,
-6,-25,
-32,2,
8,38,
82,42,
-40,27,
-69,18,
-79,0,
-9,7,
-5,21,
27,-34,
-32,-31,
16,-42,
9,-16,
62,40,
-3,49,
6,55,
41,37,
87,53,
-4,53,
23,39,
38,52,
31,44,
47,81,
3,78,
-13,46,
-34,55,
71,18,
9,-3,
-54,-106,
-5,-12,
0,-9,
22,27,
6,96,
67,57,
44,26,
31,40,
-7,32,
-23,23,
21,-23,
26,-83,
7,-52,
34,-32,
-61,-31,
-47,19,
-7,36,
12,-29,
-7,-17,
-2,26,
29,24,
20,76,
44,-1,
-27,-42,
-4,-23,
75,-22,
82,16,
-21,82,
-50,31,
-31,-40,
1,-2,
7,14,
5,31,
31,-26,
56,-11,
93,34,
40,7,
12,-26,
-59,-25,
-4,-48,
80,-20,
-7,-17,
-16,-50,
47,6,
22,62,
27,61,
-38,39,
15,28,
-27,35,
15,32,
42,-16,
32,27,
65,-51,
12,-78,
60,33,
-15,34,
-39,121,
-9,61,
-9,27,
-2,2,
-23,76,
-27,36,
-41,-32,
-107,15,
-92,20,
5,-9,
9,-50,
-64,42,
-36,97,
31,52,
39,37,
40,64,
56,63,
62,21,
36,7,
57,-15,
40,79,
-16,8,
-14,-7,
-43,0,
25,-14,
-16,13,
-60,-29,
17,-5,
65,-12,
1,-93,
-34,-12,
-8,-12,
-37,55,
-53,-44,
2,-63,
50,-42,
-21,9,
-48,-19,
24,5,
38,44,
-28,44,
-27,57,
-59,75,
21,26,
-31,43,
-10,-3,
32,30,
20,-44,
-19,-43,
-19,-3,
-45,-31,
-74,-29,
-45,-6,
-27,-10,
-73,-100,
-610,-831,
-2279,-3390,
-3580,-6339,
-2758,-7058,
-378,-4134,
1212,344,
1092,1809,
764,586,
1257,-531,
1601,-351,
1100,271,
293,423,
7,223,
82,107,
129,122,
139,105,
185,6,
323,-162,
446,-116,
395,-108,
69,-170,
-214,-122,
-271,66,
-123,303,
-7,296,
26,149,
36,93,
109,63,
123,21,
4,12,
-18,-21,
16,23,
22,116,
215,172,
206,7,
198,23,
179,185,
51,187,
-118,205,
-206,176,
-163,195,
-48,304,
-7,315,
46,187,
86,11,
43,-23,
-9,-53,
-76,-70,
-141,-110,
-105,-230,
19,-127,
114,-9,
131,144,
26,93,
-4,105,
14,143,
20,108,
-41,38,
-108,2,
-23,47,
70,72,
166,24,
201,-50,
133,-14,
133,0,
232,42,
133,64,
-57,82,
-215,71,
-206,38,
-136,42,
-62,-47,
29,-18,
57,10,
73,42,
80,129,
-4,192,
-100,109,
-178,68,
-149,27,
-81,27,
-2,78,
34,20,
48,36,
35,58,
-43,42,
-26,60,
-20,35,
23,95,
25,129,
-6,67,
-9,91,
-10,92,
6,59,
-17,5,
-53,-92,
7,-60,
-22,-44,
-36,17,
65,21,
47,27,
-52,97,
-3,102,
30,101,
62,92,
69,63,
52,46,
20,50,
-13,32,
21,7,
45,48,
-13,1,
-34,17,
24,0,
-12,-20,
47,-11,
-14,42,
-77,43,
-44,68,
7,76,
18,84,
-22,51,
-30,23,
-16,48,
-29,114,
22,129,
32,92,
29,79,
32,55,
78,50,
114,-8,
167,30,
78,55,
112,100,
-49,92,
-68,71,
-30,88,
-21,115,
-56,93,
-36,64,
-31,-19,
0,10,
-17,54,
35,43,
-8,19,
5,54,
-19,35,
-21,42,
-9,40,
-12,56,
-18,89,
-16,101,
-43,105,
-11,68,
00>
_________________________________
00>
RX Timestamp: 256171266241
00>
Clock Offset: 1855.946 Hz, -0.232 ppm
00>
RX Timestamp: 257244942791
00>
Clock Offset: 1186.466 Hz, -0.149 ppm
00>
_________________________________
Sequence Number: 51
00>
00>
Printing STS0 CIR
00>
00>
_________________________________
00>
-51,-11,
27,9,
83,12,
9,6,
19,14,
-6,2,
-9,75,
44,85,
26,1,
12,100,
32,58,
-12,9,
-22,40,
20,-21,
16,-25,
49,40,
9,7,
2,-21,
20,4,
-70,-44,
-63,-48,
-79,-21,
71,7,
107,16,
83,-15,
4,-52,
-25,-65,
10,-38,
-18,-10,
53,1,
43,23,
37,1,
8,6,
34,-50,
32,25,
32,58,
41,22,
-5,7,
-34,50,
-60,5,
4,32,
11,12,
-4,-83,
23,-34,
-9,34,
-26,45,
-22,55,
1,3,
47,-9,
58,2,
-19,-51,
-57,-53,
-15,-29,
4,-8,
-6,38,
29,21,
3,-11,
-59,-13,
-62,38,
-63,0,
-48,-15,
19,22,
44,78,
-31,56,
3,47,
-45,66,
-16,4,
38,3,
75,28,
6,75,
38,2,
60,-48,
-19,-56,
87,-2,
16,63,
-19,-23,
46,6,
93,-19,
85,11,
0,-55,
-3,-2,
-33,-29,
-47,74,
25,37,
-23,12,
-27,-44,
56,-58,
-18,-24,
25,30,
22,52,
20,9,
41,-22,
15,-6,
17,-15,
-26,9,
-27,3,
25,28,
-13,17,
54,-6,
-36,-5,
12,-32,
24,20,
21,35,
-1,14,
-81,-81,
-15,-83,
54,-52,
22,14,
-27,56,
-41,38,
-2,7,
30,-9,
0,28,
-29,4,
-26,-56,
-16,11,
5,41,
21,-18,
24,7,
17,20,
11,18,
-1,-48,
68,-72,
11,24,
20,-8,
-52,15,
-2,-5,
-38,-13,
13,27,
-4,45,
17,-28,
52,35,
30,3,
17,87,
28,2,
45,3,
17,-19,
90,3,
28,11,
-10,38,
1,43,
-19,36,
-6,54,
-2,-37,
4,37,
-9,49,
41,20,
63,58,
27,28,
16,40,
28,33,
-26,-8,
-43,-24,
33,-44,
25,-11,
46,2,
43,20,
3,-4,
-1,2,
6,11,
36,-3,
87,1,
72,-45,
36,-6,
0,34,
22,68,
-1,41,
-13,28,
14,39,
8,-19,
36,-12,
54,-68,
101,-15,
62,-26,
62,22,
14,36,
-6,29,
25,-26,
-41,-42,
11,0,
-1,54,
15,50,
47,14,
37,21,
46,98,
8,-4,
-48,13,
-2,-15,
-56,21,
14,39,
56,47,
36,19,
41,22,
-2,30,
-11,31,
-25,14,
10,39,
48,12,
66,4,
-6,-71,
46,-49,
-8,78,
30,-12,
70,-54,
5,-29,
29,5,
7,36,
53,1,
31,-3,
-42,4,
-38,19,
32,64,
48,24,
62,21,
56,13,
-52,17,
-84,26,
2,6,
24,-30,
-15,-43,
-6,-11,
-4,45,
-12,13,
-10,4,
35,20,
36,30,
4,-27,
35,18,
23,27,
10,24,
34,112,
34,32,
9,26,
-6,-51,
25,-40,
51,-22,
47,-20,
-11,-18,
27,21,
13,14,
-67,25,
-6,34,
5,21,
-30,15,
31,44,
83,19,
-52,-22,
-40,27,
-16,-29,
27,25,
-35,17,
-20,-32,
-44,5,
-16,3,
42,-19,
27,-53,
32,-18,
20,3,
-78,-1,
-32,-57,
19,-44,
76,-3,
-32,0,
2,57,
48,13,
-22,-9,
-105,-69,
-12,-71,
11,29,
-23,54,
-25,0,
15,-11,
15,-3,
45,-20,
21,-28,
-11,-23,
-8,-14,
26,-95,
49,-63,
24,69,
34,84,
-22,-63,
-110,-63,
-24,21,
16,101,
-16,8,
-10,-10,
47,-10,
-7,-7,
-33,-2,
107,14,
-9,-53,
-37,-82,
-6,-40,
26,-1,
-15,-1,
-83,-65,
-87,11,
-31,-29,
16,-7,
-75,-42,
-55,-8,
-18,-28,
92,-39,
-14,-90,
-61,-21,
-50,40,
55,51,
55,87,
42,74,
7,18,
86,-22,
63,24,
21,-13,
-14,-30,
0,25,
77,1,
55,10,
7,-9,
-7,-34,
-19,21,
-4,80,
-46,22,
-19,-32,
-3,-1,
33,47,
-93,85,
-14,68,
-4,-33,
57,-60,
60,39,
25,80,
31,-26,
33,-4,
51,9,
22,-9,
57,-20,
55,24,
55,34,
25,75,
19,70,
-30,13,
-56,11,
31,-2,
62,-25,
-32,70,
-36,33,
-16,-56,
26,-19,
52,-25,
-38,-62,
-51,-40,
10,-57,
412,-401,
3007,-2300,
7181,-4192,
7873,-3063,
7800,-183,
1449,2144,
-1925,429,
-843,-2813,
1968,-5326,
2783,-4849,
1326,-2587,
-125,-742,
-546,7,
-308,222,
-6,195,
26,169,
-73,129,
-315,86,
-189,-187,
-110,-178,
-68,159,
258,430,
427,306,
139,251,
-238,263,
-402,187,
-617,81,
-744,-214,
-913,-392,
-674,-396,
-213,-195,
183,7,
230,122,
26,170,
2,156,
-14,189,
-138,318,
-249,118,
-134,-132,
12,-369,
79,-355,
-90,-133,
-219,49,
-232,38,
-182,55,
-176,3,
-127,105,
-63,208,
3,229,
24,297,
89,209,
31,131,
-142,24,
-216,-196,
-247,-231,
-121,-188,
-114,54,
-40,195,
89,121,
130,130,
68,122,
-16,178,
-34,75,
39,94,
1,96,
128,231,
75,193,
10,-20,
-54,-136,
-114,-95,
-28,60,
92,207,
23,195,
-18,150,
-64,218,
-41,137,
-231,1,
-306,-116,
-205,-122,
-55,-15,
-49,179,
-222,308,
-60,103,
42,8,
45,-24,
151,135,
-5,53,
-5,72,
-31,85,
-12,73,
-93,77,
-38,94,
9,121,
-39,112,
-92,46,
-84,61,
-113,19,
-195,-6,
-34,-17,
10,17,
-21,118,
-132,136,
-210,68,
-112,-31,
-63,14,
-78,5,
-76,146,
-62,90,
-40,103,
-49,101,
-74,32,
-74,44,
-81,-4,
-109,96,
-9,117,
-19,31,
-74,23,
-117,-16,
-81,33,
-105,26,
-94,44,
-85,43,
-63,5,
-64,-25,
-108,51,
-78,120,
-102,79,
-109,120,
-96,47,
-96,157,
5,88,
33,43,
-17,187,
-50,94,
-30,121,
-125,151,
-71,138,
-50,114,
-93,73,
-28,106,
-37,61,
-37,7,
-88,4,
-31,97,
-46,128,
-40,176,
-25,93,
-6,72,
-22,90,
-81,133,
-69,83,
-55,-19,
-28,73,
-106,54,
-93,72,
-27,45,
-88,12,
-81,39,
-49,56,
00>
_________________________________
00>
00>
Printing STS1 CIR
00>
00>
_________________________________
00>
16,61,
15,-13,
-17,-22,
16,65,
45,107,
18,101,
-26,-12,
-8,29,
-23,36,
48,22,
18,-20,
-19,-53,
-57,2,
-4,59,
-54,36,
-12,-4,
-19,-32,
10,21,
-3,54,
-26,65,
-8,69,
15,31,
-18,63,
83,-9,
23,29,
13,26,
26,17,
37,27,
60,-96,
38,8,
63,17,
22,40,
-22,80,
-64,33,
-18,-38,
43,-76,
36,-81,
-22,-102,
-57,27,
-10,92,
45,47,
16,8,
53,-43,
42,-33,
33,59,
49,20,
56,38,
40,22,
24,-9,
-12,-21,
-23,6,
43,-15,
2,-26,
-7,-23,
-17,-37,
-21,16,
23,22,
-21,-22,
-32,-7,
24,-23,
21,32,
34,14,
22,28,
20,62,
13,-12,
9,3,
42,-24,
-6,-47,
-3,-11,
-48,-11,
-54,-82,
17,-41,
31,35,
20,8,
43,-3,
-11,12,
-36,-3,
3,-54,
8,-13,
-45,-29,
-31,59,
-10,57,
82,-23,
0,39,
52,96,
28,31,
-21,8,
-25,17,
-49,-3,
4,62,
21,25,
38,-52,
4,-7,
5,54,
60,76,
71,-11,
19,22,
-3,-18,
-41,-12,
-22,-55,
1,-33,
-36,-52,
-3,-19,
11,-52,
31,-32,
18,-41,
31,-97,
13,-47,
46,-17,
-10,-32,
31,11,
28,-29,
-14,-27,
-3,22,
-19,15,
26,68,
35,39,
50,37,
4,-12,
-6,-2,
-51,16,
19,-16,
7,-76,
22,-57,
-23,-40,
-4,-50,
-15,-20,
42,1,
46,4,
4,-9,
10,39,
-17,-46,
-9,-54,
30,0,
61,-4,
18,-27,
52,-8,
13,0,
7,104,
1,50,
10,-40,
-19,28,
53,44,
-2,61,
27,3,
28,28,
23,-10,
33,21,
18,6,
40,-33,
57,13,
17,65,
36,87,
44,41,
38,18,
16,-5,
57,9,
68,-4,
57,-58,
29,-37,
28,4,
10,15,
30,46,
29,118,
-4,53,
8,54,
-25,29,
-29,63,
12,-11,
33,3,
80,42,
69,27,
-28,62,
-4,5,
31,1,
17,-27,
-13,-13,
17,-20,
33,-4,
-19,-48,
-5,-25,
9,-17,
-1,-72,
-32,1,
36,8,
7,12,
20,1,
-12,-2,
6,-9,
9,-37,
2,56,
41,8,
14,-4,
10,2,
9,64,
68,-1,
18,8,
53,-1,
35,14,
-10,-24,
-12,-26,
-17,-15,
2,10,
12,27,
7,54,
-4,-35,
-1,24,
-26,5,
-21,49,
25,32,
14,36,
-45,-12,
-8,-7,
0,-23,
-40,2,
43,-57,
40,25,
91,23,
40,16,
32,-7,
-4,6,
40,59,
5,-12,
19,-7,
45,51,
17,35,
-15,42,
-10,-9,
5,36,
20,15,
-12,17,
5,45,
8,69,
7,9,
63,-47,
88,29,
68,42,
55,35,
2,-21,
31,-49,
27,19,
-25,23,
64,-38,
-14,-33,
17,35,
16,35,
20,-16,
48,-5,
-27,33,
-34,14,
20,6,
19,12,
17,25,
1,-15,
8,-30,
13,0,
-6,77,
9,27,
-22,70,
-52,-30,
-22,-1,
7,-33,
-3,-20,
40,-17,
63,19,
38,-8,
-63,-5,
-20,18,
-42,16,
25,-32,
23,-63,
54,-26,
27,11,
-20,46,
57,28,
71,-23,
32,-16,
6,30,
22,14,
28,12,
77,67,
75,43,
28,33,
-40,-23,
29,3,
46,9,
29,-6,
1,-6,
-27,-5,
-44,34,
3,12,
15,0,
-13,-18,
-3,-25,
13,-22,
18,-17,
-25,16,
1,3,
60,-21,
97,-14,
50,25,
52,6,
22,2,
57,-17,
33,1,
65,21,
54,87,
23,98,
7,35,
-12,-2,
46,-70,
52,-3,
16,-19,
-10,-21,
0,-69,
58,-34,
13,-41,
70,50,
31,33,
-2,16,
52,14,
-15,-3,
12,-14,
6,37,
9,24,
22,-6,
39,36,
0,27,
37,-8,
28,-76,
79,-92,
72,-8,
92,-12,
11,-52,
-35,-28,
-26,-17,
20,-17,
17,-46,
38,-2,
-8,-2,
6,14,
43,-39,
3,-20,
15,-25,
25,-22,
61,-1,
44,7,
40,43,
3,12,
17,-38,
71,-61,
38,-11,
125,-11,
619,-550,
3497,-3022,
6801,-4859,
7564,-4352,
7585,-2312,
1436,1214,
-2348,2211,
-1577,1211,
280,1341,
639,2351,
-27,2097,
-447,808,
-334,124,
-188,65,
-198,177,
-158,174,
-75,156,
106,428,
231,459,
203,401,
237,229,
404,-258,
168,-463,
-379,-175,
-489,4,
-381,50,
-167,84,
-158,154,
-39,224,
169,131,
176,-25,
37,-24,
-132,-10,
-264,162,
-18,218,
33,229,
-99,284,
-259,175,
-291,-23,
-135,-189,
-159,-268,
-333,-112,
-422,86,
-345,68,
-149,26,
-62,12,
-44,3,
93,-35,
186,-202,
476,-327,
144,14,
61,96,
8,126,
-130,29,
-156,43,
-183,33,
-73,-43,
-78,-52,
-63,17,
-136,83,
-127,110,
-99,112,
-15,185,
75,168,
95,147,
14,260,
68,183,
-13,56,
-26,-77,
-38,-217,
-68,-178,
-81,-68,
-8,5,
19,124,
-69,234,
-139,181,
-240,82,
-172,1,
-31,-147,
61,-158,
51,-103,
-2,-101,
-55,-66,
6,9,
-25,43,
-85,86,
-4,90,
-70,93,
-30,82,
-84,9,
-144,-49,
-101,47,
-114,42,
-19,41,
-34,14,
-39,14,
-1,21,
10,-11,
11,-8,
-1,-28,
-18,-75,
-10,-83,
-2,5,
-14,-15,
-29,-30,
-46,100,
-73,104,
-73,61,
-92,-9,
-34,-19,
-40,29,
-42,51,
13,63,
-50,77,
-52,-22,
12,-31,
-18,-29,
-12,-4,
-27,42,
-29,15,
3,-38,
-27,-53,
0,-45,
-19,-67,
-63,22,
-73,19,
-103,73,
-83,60,
-74,47,
-120,32,
11,6,
-18,-26,
-40,60,
-16,73,
35,30,
-70,-30,
5,42,
-20,97,
30,64,
-59,-1,
-63,-27,
-59,-24,
-60,7,
-58,11,
-120,42,
-137,47,
-34,17,
18,65,
-18,36,
-89,50,
-64,47,
-49,44,
-52,3,
-92,-14,
-54,19,
-21,-22,
-47,24,
-13,-37,
6,-45,
00>
_________________________________
00>
_________________________________
Sequence Number: 54
00>
00>
Printing STS0 CIR
00>
00>
_________________________________
00>
65,16,
59,-24,
82,-48,
-26,17,
-72,63,
-84,74,
7,90,
69,80,
25,93,
-48,12,
-54,-47,
-63,-33,
20,-23,
-49,-2,
-1,-30,
44,-107,
54,8,
12,-59,
-2,-76,
-33,-54,
-13,37,
-3,82,
-18,5,
-35,-146,
-17,26,
27,26,
24,-24,
29,-5,
41,60,
73,80,
25,87,
-98,99,
-27,25,
32,2,
31,-49,
-89,1,
-62,24,
-9,-12,
55,-48,
39,30,
11,66,
-103,42,
-76,33,
-18,31,
-5,-1,
16,-30,
28,-32,
46,-33,
-30,-39,
-20,-60,
30,25,
72,44,
93,-20,
25,21,
-36,-42,
-31,26,
28,51,
50,-6,
7,-26,
-32,-89,
23,-66,
35,24,
3,17,
-49,23,
4,85,
73,88,
6,77,
14,8,
2,-8,
-6,-45,
5,4,
-122,74,
-64,1,
45,-34,
18,25,
-8,-5,
-8,-4,
-36,15,
-65,61,
-14,18,
-29,29,
20,-49,
47,5,
31,-15,
13,19,
-27,-11,
-50,-12,
-97,81,
-63,-78,
20,-4,
44,10,
101,-4,
18,3,
-24,21,
23,25,
29,51,
-20,16,
7,-22,
-58,-51,
-84,-55,
11,2,
2,18,
1,60,
31,77,
-54,85,
-13,-7,
13,-51,
33,-26,
65,-79,
29,-67,
-25,-19,
-46,41,
-51,54,
-63,-8,
5,-23,
48,-10,
79,64,
-19,86,
-93,63,
-32,17,
-7,45,
-53,2,
-34,30,
31,109,
35,92,
40,-8,
59,4,
48,10,
2,12,
19,-41,
-2,-14,
-51,-46,
-36,-83,
-46,75,
-5,40,
20,38,
32,41,
0,0,
-22,-38,
16,-15,
-5,7,
15,46,
64,75,
-42,33,
-81,14,
-116,33,
-28,-2,
-36,103,
-8,141,
-54,93,
-24,15,
44,14,
20,-30,
-26,-31,
-24,38,
42,70,
-31,35,
-29,34,
-80,28,
-73,91,
-32,-24,
30,-19,
-16,-30,
-4,29,
42,39,
53,14,
10,-10,
53,-3,
-23,7,
-13,57,
-44,35,
37,17,
-4,-42,
-29,25,
-49,74,
9,46,
66,77,
33,-21,
39,-49,
-11,32,
10,15,
1,25,
30,44,
15,31,
-48,14,
21,-8,
22,7,
-35,35,
-51,16,
84,15,
-7,23,
-55,34,
-18,5,
-27,-20,
36,3,
51,46,
-8,59,
0,23,
-21,7,
-12,-13,
60,-34,
-17,42,
-40,90,
-1,54,
-14,17,
20,47,
-23,45,
-35,47,
-38,5,
31,-27,
8,36,
27,98,
46,-4,
30,-45,
9,4,
-12,3,
-27,-80,
-13,-24,
-15,18,
-11,-42,
-20,-18,
17,-9,
6,19,
25,21,
-24,52,
-45,6,
1,39,
41,26,
-15,24,
-23,-36,
-18,-27,
-17,22,
-94,-13,
-65,-23,
-31,20,
32,-29,
-17,103,
29,99,
26,104,
35,73,
56,57,
14,25,
17,-47,
8,-39,
-23,0,
18,40,
47,-48,
69,-36,
-40,14,
-14,13,
-26,-27,
-22,-51,
-26,36,
-77,-49,
-69,-18,
-69,-7,
-78,-108,
-39,-83,
52,10,
56,-11,
8,-2,
-17,13,
3,-23,
-38,-99,
-10,-33,
28,-3,
-4,54,
-34,5,
-54,-2,
24,60,
18,44,
-13,77,
-13,21,
-49,-24,
-5,-3,
3,-39,
14,-21,
105,-30,
23,16,
-1,-3,
14,-74,
68,-66,
18,20,
80,-63,
1,0,
23,-39,
9,48,
22,77,
40,31,
-16,-9,
38,25,
-8,0,
-15,0,
-48,25,
2,-20,
3,10,
13,17,
-32,9,
4,26,
-1,-37,
-7,-47,
-43,-33,
-17,-89,
-28,12,
-60,-4,
-87,7,
-55,47,
7,10,
72,-64,
38,-66,
-18,-6,
-6,-21,
82,-60,
48,-76,
-37,15,
48,-4,
78,-8,
32,27,
24,75,
-70,88,
-14,63,
44,29,
80,21,
-52,9,
-56,23,
36,-8,
47,-7,
83,61,
-1,26,
6,89,
-47,39,
-4,-27,
-50,-10,
75,-25,
-13,-5,
65,-8,
116,-54,
29,-8,
57,-3,
-24,-6,
-48,55,
54,21,
13,13,
29,54,
34,89,
19,67,
22,-84,
10,-35,
15,-15,
80,13,
-64,-23,
-92,35,
-72,4,
12,-18,
59,5,
1,2,
-33,-62,
216,-387,
1501,-1675,
4398,-3388,
5947,-3106,
3890,-675,
-296,1447,
-2764,1914,
-3170,1698,
-3864,2056,
-4907,2080,
-4348,1259,
-1991,276,
-95,12,
418,42,
225,50,
80,-3,
117,37,
185,87,
112,149,
227,124,
323,173,
264,-81,
228,-289,
146,-280,
43,-150,
-41,-42,
77,51,
266,124,
455,226,
464,289,
209,161,
-39,-55,
-40,-181,
4,-171,
218,-77,
92,-4,
69,131,
38,285,
-44,314,
-193,122,
-380,-205,
-224,-322,
-145,-263,
-36,-200,
2,-114,
100,-50,
140,2,
251,83,
273,43,
187,-83,
268,-55,
184,112,
205,90,
59,33,
-17,-88,
-142,-22,
-156,76,
-17,36,
121,-93,
74,-78,
-20,-12,
-82,1,
-68,6,
-52,22,
-124,53,
-122,31,
-81,-12,
2,-41,
37,-108,
2,0,
65,46,
-7,141,
12,119,
67,0,
104,-7,
90,41,
-64,63,
-79,16,
14,6,
100,-47,
-31,-37,
-135,-97,
-123,-131,
-60,-108,
-21,-52,
45,40,
51,-17,
0,30,
84,86,
44,95,
43,47,
-3,-11,
0,4,
22,-24,
0,-54,
9,7,
-19,54,
20,-14,
59,-33,
35,17,
97,126,
-25,29,
17,-41,
-3,16,
-73,26,
60,-17,
8,6,
34,-9,
62,-1,
10,-9,
72,5,
11,70,
9,35,
88,-38,
43,-87,
9,-66,
4,-23,
-14,-73,
11,-34,
-16,-11,
12,-54,
75,-68,
54,-24,
41,-38,
35,-46,
37,44,
-33,-26,
32,-62,
-36,-41,
25,-11,
-31,29,
-48,69,
-53,21,
66,-76,
70,-74,
59,6,
-9,45,
-18,47,
18,-12,
23,-65,
51,-13,
-33,-2,
18,-15,
117,14,
57,30,
-12,-27,
58,11,
-35,-2,
-56,32,
-13,49,
50,20,
77,94,
34,66,
24,35,
-18,75,
00>
_________________________________
00>
00>
Printing STS1 CIR
00>
00>
_________________________________
00>
44,12,
28,-39,
-2,-11,
-38,-41,
-59,-53,
21,-1,
44,6,
68,-6,
90,47,
88,12,
48,0,
15,-5,
-22,12,
-54,-19,
-54,14,
-52,41,
-6,53,
30,-6,
42,-34,
21,3,
49,10,
55,36,
45,18,
55,40,
47,66,
18,31,
55,-15,
59,-28,
21,-25,
17,-7,
-11,15,
-63,48,
-19,3,
26,-17,
54,-34,
18,-45,
10,-1,
8,-19,
3,-25,
-39,-67,
-34,-33,
48,-41,
89,5,
73,85,
13,62,
-14,-48,
-5,-43,
-12,-1,
34,11,
64,23,
54,25,
8,52,
-13,11,
9,8,
47,-15,
-18,18,
5,11,
5,5,
-13,-39,
-17,-14,
-3,-21,
7,48,
60,76,
-17,39,
-18,32,
-27,49,
5,-67,
-16,-48,
-7,19,
65,12,
32,14,
79,-5,
67,8,
31,90,
-6,59,
25,2,
-13,-21,
2,-3,
44,8,
22,-12,
-31,-30,
12,-86,
45,-59,
62,-52,
18,40,
-44,23,
-42,-24,
25,-51,
41,-4,
87,-64,
-7,-56,
-39,-14,
-76,63,
-48,46,
11,26,
52,19,
-33,12,
-1,2,
-1,-74,
-12,-22,
22,-24,
20,20,
58,0,
114,51,
23,59,
-64,42,
-65,-42,
1,30,
21,64,
25,46,
-22,61,
-54,98,
-28,3,
16,-58,
44,-27,
48,-3,
-8,-7,
-5,-8,
53,29,
40,-16,
9,22,
48,-20,
-10,23,
14,-15,
-29,-5,
-22,-60,
32,-40,
75,-3,
98,17,
28,63,
-36,35,
-75,53,
-41,31,
-30,50,
-58,76,
-67,-23,
4,10,
74,20,
39,47,
12,4,
26,-34,
7,-16,
3,5,
-32,9,
-50,-27,
45,26,
99,14,
59,38,
46,0,
-23,-48,
-94,2,
-53,19,
-10,53,
31,47,
86,-20,
33,-43,
0,-42,
-36,-43,
76,-38,
54,-16,
53,-23,
27,-21,
-13,-38,
-4,-53,
55,-58,
73,-69,
65,-48,
-12,-49,
-27,-54,
23,-38,
-7,-6,
11,15,
102,-34,
34,40,
53,25,
21,6,
37,-69,
9,-15,
-19,52,
-58,16,
-35,-11,
8,-5,
60,-20,
94,-76,
-13,23,
-74,25,
-9,27,
-62,17,
-83,-20,
37,27,
95,21,
63,45,
39,25,
78,-39,
66,-2,
29,21,
-28,-29,
8,-18,
39,-40,
58,-5,
69,-7,
8,16,
26,15,
37,-10,
8,-65,
29,-47,
26,50,
-38,113,
26,75,
0,7,
38,42,
-11,-14,
-91,-34,
-20,-26,
9,16,
45,83,
-9,-17,
-49,28,
-28,7,
-63,-26,
-43,-76,
-26,-44,
17,-62,
73,-40,
59,12,
-20,15,
-29,-5,
43,35,
83,2,
-12,-4,
-40,-32,
-55,-11,
-33,-74,
-49,-20,
-61,16,
29,-15,
63,-56,
37,-11,
44,4,
5,-16,
-13,-2,
68,-83,
46,26,
1,48,
-40,37,
-75,-25,
-37,-3,
-39,8,
50,11,
99,-50,
57,-112,
46,-52,
7,-1,
50,-8,
53,-38,
21,-26,
12,10,
-47,-14,
-65,12,
-87,44,
-43,-48,
43,-64,
44,-53,
73,8,
34,57,
17,-3,
-41,37,
5,-11,
-3,-26,
-42,-7,
-39,44,
55,-29,
39,-52,
9,1,
25,-12,
39,23,
39,-14,
9,16,
-46,10,
-13,42,
-19,26,
52,24,
72,41,
41,-7,
48,-21,
29,44,
16,0,
23,-41,
44,-60,
28,-40,
25,40,
21,6,
8,0,
30,43,
71,1,
111,-36,
103,1,
19,-10,
-1,46,
62,-15,
12,29,
37,18,
32,97,
40,34,
-42,-42,
-43,3,
16,14,
-3,-5,
43,-22,
24,0,
-10,-21,
-52,-35,
-13,1,
41,9,
15,-16,
47,-6,
32,-29,
-20,41,
-13,98,
33,7,
-12,1,
21,-6,
14,55,
34,-5,
31,42,
54,68,
21,17,
19,-48,
-35,-88,
-44,-66,
-20,29,
28,37,
68,-25,
-39,56,
31,53,
50,-10,
88,-1,
41,6,
-16,57,
50,-7,
32,-15,
-16,1,
-9,1,
15,44,
-1,35,
59,17,
40,57,
67,24,
46,-32,
-59,31,
-99,73,
-44,32,
27,61,
-8,29,
8,3,
33,34,
36,40,
273,-320,
1659,-1532,
4531,-3383,
6080,-3603,
4523,-1900,
891,-33,
-840,-20,
105,-1349,
1493,-2414,
1707,-2305,
1041,-1279,
403,-249,
-104,389,
-187,441,
-158,250,
-132,72,
-72,96,
-146,108,
-200,-122,
-165,-302,
-48,-214,
45,47,
2,221,
-223,239,
-369,275,
-337,305,
-350,223,
-355,-4,
-295,-222,
-223,-278,
-148,-163,
-43,-64,
47,-88,
82,-142,
-46,22,
-128,129,
-195,243,
-127,194,
-68,112,
-78,36,
-51,69,
-23,178,
45,184,
32,140,
10,122,
11,60,
98,51,
65,97,
82,153,
57,208,
92,181,
8,97,
6,7,
1,-23,
4,43,
-89,67,
-91,7,
13,9,
9,116,
-38,156,
-53,86,
-85,43,
-111,70,
-157,20,
-184,95,
-123,183,
36,104,
-72,8,
-126,-135,
-30,-59,
16,16,
59,116,
103,178,
42,212,
79,119,
-2,205,
-75,197,
-77,97,
-22,13,
-12,55,
-72,138,
-97,94,
-95,-1,
-59,-75,
40,43,
49,85,
-64,80,
-47,19,
-34,52,
-4,92,
-89,35,
-74,-36,
-67,-35,
-42,22,
-30,90,
-20,98,
-43,87,
-70,146,
-91,102,
-46,53,
-88,78,
-66,92,
-11,181,
11,148,
4,173,
44,112,
-25,97,
-12,104,
-18,75,
-4,25,
48,34,
51,73,
51,74,
-24,75,
-24,82,
21,89,
-37,133,
-21,22,
-43,30,
43,45,
-17,86,
-1,88,
-86,58,
-55,49,
-53,17,
-49,-7,
3,95,
40,77,
13,10,
-22,87,
-73,114,
-62,66,
39,16,
-12,-32,
-40,12,
-44,72,
-6,105,
-33,109,
-28,87,
-57,90,
-74,66,
-31,79,
-28,60,
-15,-2,
-22,47,
-66,92,
-52,81,
17,-31,
21,12,
-26,94,
-48,82,
-32,11,
3,24,
-11,51,
-28,102,
00>
_________________________________
00>
RX Timestamp: 396255254145
00>
Clock Offset: 3131.676 Hz, -0.392 ppm
00>
RX Timestamp: 397329769856
00>
Clock Offset: 1937.771 Hz, -0.243 ppm
00>
_________________________________
Sequence Number: 186
00>
00>
Printing STS0 CIR
00>
00>
_________________________________
00>
83,-22,
-3,2,
12,72,
56,60,
19,6,
-40,-42,
-35,57,
-15,91,
-44,45,
-60,8,
-42,8,
-66,-10,
4,-39,
2,-48,
-22,-11,
78,116,
-64,26,
-89,-20,
33,56,
45,48,
76,67,
35,41,
2,82,
35,100,
49,68,
-5,87,
28,51,
-28,25,
-40,26,
-35,72,
-114,33,
-41,9,
-41,-29,
50,46,
53,12,
19,28,
-43,12,
-3,22,
-15,98,
-51,110,
-29,85,
-13,55,
38,62,
11,-12,
-1,8,
0,9,
-17,12,
-1,-54,
33,50,
-2,67,
49,47,
91,-11,
7,5,
2,95,
-52,46,
-12,8,
-30,-7,
-5,-23,
-17,-21,
9,-13,
54,54,
-37,10,
-1,-12,
-24,22,
-21,79,
-17,18,
9,15,
-20,106,
19,124,
33,130,
41,12,
80,-43,
11,44,
-14,73,
60,12,
59,-7,
68,-38,
73,142,
64,99,
69,26,
7,-43,
1,35,
31,46,
152,60,
63,100,
-40,99,
-4,-15,
-7,-43,
52,-20,
-5,-15,
1,-10,
53,25,
-13,13,
6,-9,
14,-9,
-23,-25,
9,15,
15,5,
-37,92,
2,13,
-2,28,
59,45,
79,55,
94,28,
56,98,
51,43,
69,-32,
82,17,
-25,-13,
13,15,
32,-10,
0,-28,
27,16,
43,32,
23,23,
13,18,
67,7,
101,-8,
39,47,
-5,62,
-4,78,
33,-17,
82,9,
75,-37,
33,38,
42,32,
8,-21,
19,40,
-17,-10,
-40,-36,
-4,-25,
25,-63,
30,37,
78,-29,
36,-5,
-25,48,
-9,84,
2,-5,
-1,-38,
-25,-84,
51,-15,
15,44,
26,35,
37,22,
11,-5,
41,-47,
40,-102,
95,-45,
36,20,
-23,31,
35,53,
103,18,
52,1,
6,25,
-43,20,
24,41,
33,60,
57,35,
20,10,
-48,-66,
17,-34,
41,26,
45,38,
38,100,
-96,100,
-44,-5,
-14,6,
12,-50,
17,-7,
14,-27,
54,-32,
36,-76,
14,-48,
2,-39,
21,-65,
30,-41,
44,8,
-15,42,
-24,3,
39,54,
19,11,
-12,34,
-2,59,
67,26,
36,43,
56,57,
14,36,
-33,58,
54,-13,
4,-15,
-43,82,
52,47,
28,-34,
12,-28,
-52,-80,
-113,-46,
-69,96,
19,35,
70,8,
75,9,
41,-13,
25,135,
72,114,
94,134,
30,43,
-47,-23,
-50,10,
-20,50,
41,0,
-61,-52,
0,-43,
14,-24,
35,53,
70,-29,
84,-19,
-5,-7,
38,38,
10,-87,
53,4,
14,2,
39,-35,
76,-39,
28,-47,
-43,12,
-49,42,
-56,88,
-42,2,
-62,42,
-13,59,
-52,48,
-56,-73,
42,-11,
38,30,
-18,53,
-17,47,
28,11,
-24,-16,
-20,-41,
-54,28,
-25,-39,
12,-76,
-38,-27,
-24,39,
24,13,
53,61,
10,23,
-53,9,
-45,-20,
-81,-67,
-52,8,
56,-55,
24,22,
-13,39,
-12,7,
12,24,
94,54,
50,0,
-54,-42,
-46,-34,
-57,-16,
-18,-12,
-31,24,
19,-20,
54,22,
18,58,
-12,106,
70,135,
45,48,
20,-55,
-55,9,
-16,68,
32,99,
34,25,
-17,-69,
-107,5,
-51,-4,
16,-50,
47,52,
94,93,
72,103,
88,100,
43,54,
-6,90,
9,17,
-35,10,
-49,-35,
-33,-9,
27,65,
38,-5,
-8,-28,
0,-62,
-2,5,
18,27,
-18,17,
8,-11,
4,1,
12,17,
53,11,
7,45,
7,30,
36,24,
60,27,
14,2,
9,-3,
44,-22,
44,41,
-88,-24,
-54,-71,
6,-64,
6,2,
-49,-3,
37,9,
86,1,
71,26,
47,-26,
40,-21,
8,-59,
58,-71,
-12,-63,
-27,-41,
26,-11,
-3,-17,
-50,-70,
-67,-56,
15,-30,
75,-28,
54,-116,
57,-24,
24,72,
42,36,
-24,25,
31,84,
-4,181,
15,101,
51,27,
-2,56,
-20,23,
-16,20,
2,45,
-2,69,
-14,13,
19,87,
74,80,
92,49,
43,18,
32,-74,
-19,-75,
40,-5,
19,31,
-11,21,
-36,56,
28,-29,
-42,334,
-477,2108,
-2096,5008,
-3705,5616,
-3117,2520,
-532,-1462,
1409,-3044,
2031,-2971,
2534,-3711,
3376,-4258,
3294,-3247,
1704,-1204,
203,-12,
-363,173,
-267,55,
-54,45,
-95,41,
-149,55,
-240,61,
-290,13,
-287,55,
-144,238,
-38,365,
14,341,
116,202,
65,-6,
-25,-161,
-243,-58,
-463,8,
-491,122,
-252,57,
79,92,
124,106,
-35,52,
-154,62,
-173,1,
-168,5,
-162,-131,
-103,-263,
91,-183,
369,34,
373,163,
191,254,
66,168,
-36,46,
0,81,
-46,68,
-149,69,
-177,53,
-175,141,
-78,178,
-202,98,
-270,10,
-136,33,
2,28,
64,-74,
71,-59,
39,20,
-31,53,
8,27,
-15,-26,
15,-50,
-37,5,
36,18,
32,-18,
86,-40,
76,-34,
26,126,
44,161,
9,69,
31,-97,
-27,-168,
-78,-17,
-105,69,
-59,-6,
32,-71,
78,-52,
88,-36,
105,81,
32,46,
-37,41,
84,5,
89,0,
22,36,
-32,36,
-6,1,
-2,59,
-4,67,
-1,-7,
16,20,
-31,7,
-4,30,
9,32,
24,145,
40,68,
23,48,
-12,-53,
-14,-52,
35,-30,
6,-36,
-28,48,
-2,117,
51,136,
100,66,
62,25,
-9,15,
8,28,
37,80,
56,64,
17,42,
-1,-23,
-27,65,
-27,41,
12,48,
74,78,
60,101,
-22,97,
-17,106,
60,69,
61,62,
-8,44,
25,68,
48,55,
-6,106,
-11,28,
-63,8,
-33,3,
-61,61,
35,92,
3,-51,
34,26,
114,16,
66,-49,
37,86,
-12,94,
0,95,
-7,-10,
-2,15,
25,-38,
6,15,
-8,93,
-24,104,
-43,48,
-16,-14,
18,-11,
34,27,
39,50,
70,-28,
35,3,
22,15,
59,-20,
66,-22,
-17,-7,
24,-19,
19,-12,
-29,87,
-12,88,
15,87,
38,30,
6,-25,
00>
_________________________________
00>
00>
Printing STS1 CIR
00>
00>
_________________________________
00>
-22,3,
-50,9,
0,49,
78,49,
28,7,
24,-46,
-33,-44,
-24,-82,
67,-49,
64,1,
46,28,
-27,66,
-47,-3,
4,-108,
3,-65,
0,9,
3,75,
-48,59,
-1,2,
45,-30,
15,4,
40,28,
46,49,
29,0,
-11,-26,
-28,34,
-42,27,
-12,-34,
-35,-28,
-19,-22,
15,0,
-18,37,
-47,-3,
-5,-11,
38,-30,
-1,0,
-63,49,
-56,67,
-6,-50,
38,-40,
23,-57,
-48,41,
-29,37,
8,-39,
-40,-26,
-29,106,
-57,82,
-56,72,
51,26,
24,3,
-23,-23,
31,19,
49,47,
55,21,
-16,-17,
-8,1,
-51,-14,
33,7,
85,66,
29,0,
-75,-28,
-49,24,
-6,75,
10,48,
10,34,
8,2,
39,53,
-18,64,
-31,67,
-60,67,
-34,-8,
29,18,
56,18,
56,-81,
36,-85,
-5,16,
38,21,
24,52,
27,28,
-48,61,
-14,6,
-2,-7,
-15,39,
-38,24,
46,-24,
34,-2,
46,92,
28,33,
-35,11,
-39,-27,
56,-7,
36,22,
-9,73,
-38,45,
50,44,
19,-2,
20,-8,
-15,-18,
-48,-58,
-49,-39,
-20,-12,
31,61,
13,56,
-11,42,
-3,-11,
-22,-1,
-20,49,
16,27,
-19,-1,
-16,-24,
-19,52,
17,61,
-20,61,
-72,35,
-74,-25,
-27,-25,
-1,24,
12,-11,
-43,-5,
73,-11,
64,1,
4,20,
-104,14,
-156,10,
-46,-47,
30,7,
-69,0,
14,-22,
60,-53,
32,-7,
39,39,
3,35,
35,14,
22,17,
9,12,
1,41,
36,-30,
-18,0,
19,4,
28,9,
-25,-13,
7,-49,
-2,1,
-43,13,
-31,-5,
3,-17,
65,64,
23,8,
-23,25,
4,35,
5,33,
9,36,
3,79,
-81,33,
-99,58,
-50,92,
4,-20,
2,13,
-35,-32,
-33,-24,
-48,15,
-39,-22,
-49,22,
23,76,
31,-1,
5,-18,
39,16,
-10,-16,
4,-37,
11,4,
-18,54,
-12,9,
-9,8,
2,8,
6,-56,
-3,-31,
-30,43,
-50,13,
-10,-44,
21,2,
52,-9,
-59,1,
48,-12,
105,22,
75,51,
43,7,
12,14,
79,0,
24,7,
9,-28,
18,1,
-32,8,
50,-27,
97,-51,
-5,87,
-43,6,
11,-23,
68,15,
31,80,
-63,44,
-51,23,
9,66,
-33,38,
-8,20,
32,-25,
24,-22,
44,26,
55,29,
22,34,
-2,30,
50,27,
37,12,
19,24,
-44,59,
-43,57,
27,46,
79,82,
26,-2,
9,15,
14,39,
7,26,
18,-10,
-9,-43,
31,37,
3,53,
-53,36,
-48,37,
30,23,
18,82,
8,-7,
65,25,
52,-17,
13,-34,
-44,9,
-33,10,
20,39,
25,-16,
9,-24,
32,-13,
20,-32,
40,16,
19,-18,
39,7,
106,52,
115,114,
45,69,
17,37,
5,6,
25,-35,
8,3,
-44,93,
-15,55,
2,17,
42,28,
29,59,
74,-8,
39,25,
3,9,
51,-77,
44,-22,
24,-12,
51,36,
32,44,
3,9,
-36,-34,
-41,-83,
-23,-20,
5,70,
38,-22,
11,-27,
-11,-27,
39,-12,
-6,22,
1,22,
-73,71,
-34,47,
87,54,
81,29,
36,-54,
36,-45,
23,-7,
53,-8,
17,25,
-42,24,
-23,7,
-18,-22,
49,45,
26,52,
-15,12,
10,19,
40,58,
77,92,
58,68,
36,-2,
-17,71,
25,84,
23,23,
47,13,
81,-5,
-5,-10,
-18,0,
29,11,
90,17,
56,-4,
12,-55,
-34,-31,
-12,16,
46,50,
17,70,
-40,55,
-77,91,
-115,-7,
-24,16,
16,-16,
-1,-50,
27,28,
84,6,
61,-3,
24,23,
49,20,
-8,-6,
-19,92,
-17,79,
22,33,
25,61,
-72,25,
-32,17,
18,-11,
-2,-30,
-17,-3,
-36,27,
33,17,
-17,2,
35,5,
-14,-3,
-56,10,
-31,39,
41,39,
87,72,
87,16,
6,57,
-82,18,
-77,8,
-20,59,
-33,66,
31,-11,
49,-46,
83,-40,
-1,13,
-36,50,
-14,-20,
17,-38,
-96,391,
-767,2033,
-2516,4898,
-3858,5887,
-3409,3885,
-914,571,
709,-336,
602,1120,
-126,2708,
-466,2862,
-344,1701,
-137,483,
12,-278,
113,-417,
107,-209,
87,-79,
49,-102,
196,-123,
344,54,
391,187,
188,76,
-65,-100,
-99,-208,
65,-249,
159,-366,
177,-459,
175,-356,
258,-110,
388,78,
389,91,
229,28,
59,81,
-51,191,
-44,146,
11,-28,
14,-123,
115,-172,
133,-139,
68,7,
-46,41,
19,-5,
-61,-98,
-5,-115,
17,-79,
71,-116,
-18,-53,
-94,-31,
-120,-28,
-128,-89,
-83,-189,
-17,-124,
2,-49,
2,-6,
-40,-27,
-14,-59,
46,-59,
28,-87,
68,-18,
0,8,
-69,35,
-19,-36,
23,-114,
49,-101,
31,-92,
46,-38,
40,-129,
97,-93,
152,7,
201,101,
157,62,
3,10,
-145,-53,
-80,-102,
-75,-18,
-80,-46,
-86,-142,
2,-123,
131,-85,
140,6,
28,-64,
33,-170,
127,-148,
200,-111,
150,-44,
9,-126,
-28,-103,
3,-123,
56,-114,
82,-49,
19,12,
-31,-41,
-19,-64,
26,-32,
16,-21,
18,-26,
23,-101,
36,-112,
93,-100,
69,-130,
20,-108,
20,-112,
26,-78,
-8,-19,
-33,-45,
2,9,
62,-35,
55,-63,
8,-114,
-31,-157,
83,-60,
7,-28,
-35,-54,
-44,-117,
63,-107,
126,-48,
47,-42,
8,-51,
59,-22,
63,8,
120,-26,
89,-28,
132,18,
63,90,
82,30,
48,-35,
58,-112,
104,-96,
51,-17,
-35,31,
-49,-8,
94,-10,
69,0,
10,34,
-19,-7,
44,-6,
61,-37,
32,-83,
32,-102,
9,-59,
21,-21,
57,-14,
-5,24,
-6,17,
65,-28,
20,-44,
34,-41,
15,17,
-11,26,
-10,10,
-51,-13,
17,-61,
57,-127,
20,-94,
27,-47,
-26,-93,
1,-85,
57,-36,
18,-8,
61,-5,
31,-36,
00>
_________________________________
00>
_________________________________
Sequence Number: 189
00>
00>
Printing STS0 CIR
00>
00>
_________________________________
00>
13,-44,
-21,-32,
-15,15,
-18,54,
3,-21,
-3,37,
8,-30,
3,-10,
-22,-36,
-16,-51,
-11,4,
-79,-11,
-36,-31,
24,-49,
7,-14,
-2,-1,
2,-21,
18,21,
31,-5,
-41,-61,
-12,-60,
-46,24,
18,63,
27,44,
33,-21,
34,-15,
18,-34,
-34,-23,
-10,44,
30,-18,
93,-85,
90,-15,
36,-19,
-22,-3,
-39,2,
18,-7,
69,9,
60,-3,
67,-9,
85,-1,
100,-2,
24,-1,
-30,45,
-33,-7,
-28,-72,
16,-94,
24,-126,
28,9,
-33,24,
-9,45,
10,-18,
-23,15,
-8,-2,
-4,-8,
52,-12,
63,17,
32,23,
-51,-20,
7,52,
23,-1,
11,12,
-59,-21,
-67,-48,
32,-13,
60,31,
-63,1,
-23,43,
14,-42,
-25,-28,
-22,-27,
-51,-25,
-100,-44,
-43,-42,
-78,-79,
-2,-2,
-13,47,
-38,33,
-85,-14,
-67,-48,
-70,-15,
-23,50,
-6,19,
-9,-20,
-34,-23,
-57,18,
6,21,
15,67,
-22,39,
-78,38,
24,-1,
-9,-17,
-43,-43,
-49,27,
20,29,
27,16,
40,50,
64,60,
-26,112,
-9,25,
30,-3,
20,-35,
36,-49,
77,-5,
76,42,
48,11,
20,7,
-29,-30,
43,-8,
64,6,
34,-2,
-29,-28,
-10,-24,
-13,-26,
40,0,
11,-24,
-8,-17,
12,-37,
-17,-25,
-40,-39,
-64,-40,
-90,-62,
-1,-30,
69,43,
111,36,
-12,9,
-59,3,
-19,-28,
-5,43,
-12,-3,
9,5,
8,15,
9,-46,
22,2,
6,32,
-13,27,
24,19,
24,28,
18,-48,
19,-9,
-46,-22,
27,-27,
37,60,
-15,54,
8,0,
33,11,
48,7,
-84,-3,
15,41,
-10,7,
-54,-78,
-59,-14,
-1,-8,
64,7,
51,-54,
-12,-47,
-36,-22,
-41,3,
-74,63,
31,-39,
15,-26,
-14,-51,
31,14,
68,71,
37,82,
31,-11,
34,-22,
49,33,
7,12,
32,51,
-31,17,
15,-2,
-58,-81,
-10,-50,
27,-11,
21,4,
76,-2,
62,-41,
-32,-23,
-47,44,
1,9,
-10,-35,
24,-7,
-20,11,
1,68,
62,35,
48,55,
2,23,
-14,-2,
19,37,
49,29,
12,-44,
6,-29,
-24,26,
-55,69,
-7,28,
43,15,
1,-22,
-13,9,
-92,-3,
-33,17,
13,-12,
0,21,
19,46,
-47,17,
-74,-23,
21,46,
51,4,
18,33,
-15,30,
0,33,
26,51,
-4,51,
-19,-6,
0,3,
12,-2,
-9,13,
-57,-6,
-45,-24,
6,-26,
11,-85,
-5,-4,
14,45,
123,77,
5,17,
33,48,
40,32,
39,12,
-35,-26,
-28,30,
-66,92,
93,66,
91,84,
60,-30,
24,2,
1,0,
36,22,
11,5,
15,25,
18,34,
41,-14,
71,7,
7,32,
-4,2,
2,-6,
18,21,
4,-15,
7,63,
77,60,
84,-11,
-49,4,
-77,12,
5,20,
46,44,
23,59,
-35,44,
-20,-11,
-2,-28,
-18,-6,
-43,-4,
47,-28,
41,-18,
37,-9,
-56,3,
-15,27,
63,43,
42,8,
42,31,
77,-33,
28,51,
54,44,
80,13,
33,16,
-46,71,
-5,30,
-14,12,
-21,0,
44,20,
15,-23,
-48,2,
-54,15,
-48,-1,
-21,3,
9,-50,
29,-72,
53,30,
37,19,
10,-8,
-35,-31,
-38,-16,
12,28,
43,-29,
-3,-17,
39,19,
15,8,
62,49,
146,52,
121,136,
-42,42,
3,-28,
-14,-14,
40,-56,
39,-5,
-80,-76,
-18,32,
-18,65,
8,17,
-35,-40,
-96,1,
52,25,
-31,147,
-47,48,
-46,-10,
35,-52,
20,-24,
-28,33,
-52,47,
-33,73,
-35,-39,
14,-49,
-57,7,
-2,-21,
-16,-40,
-1,-16,
-10,1,
9,-8,
-35,-59,
-68,-3,
28,50,
9,11,
-21,36,
6,36,
7,21,
-27,2,
-69,-1,
54,3,
-13,-3,
-37,-31,
-17,-31,
37,23,
44,-14,
25,-42,
21,-8,
43,-30,
-2,27,
-68,-49,
-17,-58,
-14,-68,
-34,-7,
-42,36,
-18,41,
1,19,
-5,37,
9,-21,
-19,-12,
-11,15,
19,100,
48,624,
-100,3701,
-1774,7807,
-3526,7764,
-5262,5832,
-2909,-691,
515,-1732,
2527,1647,
2521,5206,
1491,5332,
912,2822,
623,532,
348,-383,
91,-412,
-82,-152,
-55,-59,
-26,-246,
144,-389,
305,-63,
238,64,
27,-87,
-504,-42,
-441,42,
-257,-128,
22,-370,
110,-477,
298,-432,
516,-316,
781,-382,
700,-308,
307,-51,
-78,103,
-190,88,
-86,7,
-90,-107,
-202,-105,
-212,-358,
57,-308,
236,24,
307,266,
245,262,
104,89,
63,-120,
75,-180,
57,-174,
-14,-199,
-44,-146,
-117,-179,
-148,-170,
-213,-228,
-58,-94,
-1,-56,
133,-97,
255,-37,
224,51,
273,17,
113,-138,
-44,-122,
-175,-64,
-135,-21,
-174,-69,
-129,-113,
-58,-100,
-27,-114,
-65,-112,
-152,-72,
-100,9,
-26,12,
57,-24,
176,-69,
53,-130,
-114,-177,
-21,-174,
-32,-204,
-29,-168,
-60,-164,
41,-239,
118,-137,
156,-2,
60,-45,
-14,-173,
-28,-420,
-40,-134,
-34,-21,
-59,72,
-138,183,
-56,-26,
-81,-173,
-1,-159,
41,-143,
-36,-108,
-99,-81,
-58,-92,
-32,-84,
-16,-96,
-11,-155,
-50,-80,
-29,-61,
-68,-62,
-48,-69,
-114,-136,
-14,-150,
38,-117,
23,-76,
-30,-41,
-28,-95,
-72,-141,
-27,-161,
-22,-203,
19,-118,
13,-47,
5,-8,
25,-73,
80,-164,
89,-74,
65,-2,
26,-78,
46,-130,
42,-82,
36,9,
-67,-25,
0,-113,
116,-160,
61,-90,
43,-54,
18,-120,
58,-117,
20,-68,
46,-56,
-34,-172,
-78,-56,
-61,-37,
31,-73,
34,-97,
24,-177,
-28,-101,
33,-107,
53,-129,
24,-44,
12,-48,
18,-76,
-29,-144,
23,-84,
47,-35,
18,-62,
49,-135,
41,-49,
-12,-24,
64,-124,
108,-84,
82,-110,
86,-162,
52,-82,
29,-80,
-9,-109,
-10,-87,
00>
_________________________________
00>
00>
Printing STS1 CIR
00>
00>
_________________________________
00>
-28,6,
19,13,
-25,-43,
-46,29,
-60,57,
10,-7,
74,24,
101,22,
93,0,
17,55,
17,33,
31,45,
39,20,
8,-1,
-17,47,
44,25,
19,7,
53,59,
52,3,
-24,48,
6,67,
33,38,
32,28,
-63,2,
31,38,
30,62,
-12,14,
6,44,
11,83,
38,39,
5,29,
13,-21,
40,13,
53,-45,
18,-8,
-6,-15,
14,13,
47,-45,
26,-11,
-2,-35,
-7,-10,
13,20,
17,52,
61,57,
81,-24,
5,-1,
26,-54,
12,-24,
-46,-7,
-21,3,
12,41,
20,14,
16,26,
-60,-31,
-70,-21,
-31,-24,
19,-62,
5,1,
-30,42,
-37,25,
90,36,
61,31,
33,-13,
14,3,
13,41,
87,52,
42,26,
-7,-5,
-18,30,
68,-2,
14,36,
41,23,
62,56,
41,54,
18,12,
19,37,
35,37,
-86,39,
-41,42,
10,50,
5,24,
42,35,
-17,8,
-44,16,
-25,-12,
56,-26,
-7,22,
-71,-25,
-42,-34,
8,12,
35,-32,
51,-40,
-47,-1,
-1,-39,
27,-28,
8,-56,
-32,-2,
-43,13,
-5,52,
50,-17,
66,-11,
82,-72,
111,-10,
83,37,
79,44,
16,53,
10,59,
-41,-14,
-16,17,
-31,31,
-20,-17,
4,-11,
38,19,
53,8,
22,-21,
45,-22,
6,2,
-12,31,
50,21,
78,17,
91,22,
-1,23,
-27,6,
11,-4,
-3,62,
-4,30,
-11,23,
-31,60,
6,44,
-14,66,
3,88,
36,31,
71,0,
49,57,
60,23,
21,25,
52,38,
-6,-3,
-47,-41,
34,-10,
28,-44,
19,17,
-49,9,
-35,-11,
-61,-31,
2,-24,
41,-2,
21,-20,
2,-26,
-44,-7,
53,6,
56,19,
71,-2,
43,28,
0,-13,
-13,-11,
12,64,
4,87,
1,70,
-2,-29,
19,3,
-12,17,
14,82,
23,52,
-24,72,
-36,21,
-25,4,
15,-20,
30,10,
27,-68,
27,-2,
27,29,
37,-17,
43,-13,
1,-42,
-57,-2,
-43,1,
-33,7,
-4,15,
-32,5,
-6,28,
10,18,
29,30,
-10,11,
-32,-3,
-39,-20,
51,-76,
14,-51,
38,2,
-23,48,
-41,-15,
17,-19,
66,24,
8,37,
-32,59,
-3,35,
-8,-15,
-39,-41,
-134,-37,
-74,-14,
-90,-24,
-62,5,
-39,-3,
-54,29,
-51,4,
62,-23,
91,-8,
-17,23,
20,19,
26,35,
15,65,
-28,38,
7,45,
-16,72,
-6,20,
68,23,
73,51,
36,-19,
4,45,
8,37,
55,11,
16,39,
23,7,
-32,-80,
17,-49,
53,-26,
33,-33,
-31,10,
-19,9,
17,-44,
19,2,
19,19,
-8,37,
1,73,
-25,38,
35,10,
12,64,
-18,69,
-24,-8,
-16,3,
14,72,
36,48,
-28,12,
-6,8,
-43,-27,
4,-10,
-37,-59,
2,-9,
32,21,
-4,5,
-47,-13,
-21,6,
30,-29,
-25,-3,
-92,31,
-10,12,
-9,19,
26,-35,
37,-3,
17,44,
-25,17,
-48,-9,
-6,3,
-9,7,
-4,22,
69,-51,
30,-25,
11,59,
0,36,
-35,-12,
-15,-28,
-32,38,
13,19,
31,-15,
49,5,
10,38,
-9,34,
46,4,
16,0,
83,-12,
50,-24,
47,14,
58,59,
-17,33,
7,13,
-15,21,
42,-12,
6,-77,
-42,-17,
16,-17,
19,-4,
-1,35,
24,53,
14,-35,
-36,-4,
-2,15,
-4,-46,
31,-25,
65,-39,
44,0,
53,20,
-24,-18,
28,-17,
76,15,
24,-26,
36,-1,
98,-27,
68,-31,
33,19,
36,49,
-21,51,
-5,27,
-22,-16,
-51,-32,
29,-21,
-2,-37,
7,-18,
-3,28,
10,45,
-17,21,
9,-19,
32,0,
7,79,
-14,57,
29,19,
97,50,
62,-1,
47,-11,
4,0,
-5,-2,
-53,56,
-24,-12,
-24,3,
33,59,
47,25,
80,6,
31,22,
35,-29,
31,11,
26,28,
50,-15,
44,21,
2,28,
30,20,
7,-24,
-28,18,
-61,33,
-25,-17,
-14,-7,
11,-2,
43,7,
37,-4,
4,-39,
-2,-23,
11,66,
51,82,
12,641,
-278,3967,
-706,7706,
-1595,8042,
-2815,7594,
-1519,764,
137,-3162,
72,-2013,
-1175,-493,
-2094,-639,
-1481,-1207,
-368,-893,
147,-365,
135,-190,
39,-242,
-2,-220,
-55,-127,
-370,-146,
-587,-84,
-554,-107,
-400,-35,
11,281,
355,357,
498,-113,
347,-361,
222,-258,
119,-130,
49,-145,
-95,-100,
-189,36,
-102,145,
12,59,
133,-161,
114,-399,
-11,-140,
-61,-69,
-49,-176,
94,-265,
236,-254,
286,-100,
315,9,
261,-182,
198,-238,
234,-214,
182,-138,
67,-107,
8,-70,
16,50,
16,263,
-60,569,
-112,116,
-133,1,
-108,-30,
43,-112,
139,-97,
113,-94,
96,-70,
83,-29,
53,3,
77,-62,
68,-127,
-22,-144,
-81,-162,
-62,-126,
-138,-29,
-266,-91,
-266,-101,
-94,-23,
80,21,
203,-4,
219,13,
108,-6,
-10,3,
-137,21,
-167,-93,
-53,-140,
81,-222,
183,-154,
148,83,
125,116,
78,79,
105,-37,
142,-18,
47,-25,
63,-84,
15,-57,
-15,-38,
-6,-87,
49,-117,
86,-82,
167,-59,
30,-64,
5,-36,
18,-44,
73,-46,
47,-39,
5,-53,
41,-90,
7,-11,
-1,-19,
92,14,
119,-77,
110,-41,
25,-24,
34,-76,
48,-103,
-16,-107,
63,-42,
91,16,
86,27,
16,-12,
-26,-41,
-10,-53,
-26,-95,
-17,24,
20,22,
17,-49,
-2,-78,
110,-88,
112,0,
93,0,
7,8,
100,-37,
83,-30,
69,-79,
74,-26,
84,-44,
82,-57,
60,-41,
119,-14,
35,-16,
70,-4,
48,-17,
76,-86,
80,-151,
106,-163,
63,-91,
89,-108,
50,-35,
40,3,
13,-43,
74,-61,
57,-29,
78,-51,
61,-58,
2,-11,
-45,-8,
-53,-26,
-31,-73,
38,-97,
99,-49,
38,1,
35,-20,
82,26,
136,-52,
66,-55,
00>
_________________________________
00>
RX Timestamp: 536324276870
00>
Clock Offset: 1130.676 Hz, -0.142 ppm
00>
RX Timestamp: 537398932363
00>
Clock Offset: 1636.505 Hz, -0.205 ppm
00>
_________________________________
Sequence Number: 65
00>
00>
Printing STS0 CIR
00>
00>
_________________________________
00>
4,-31,
26,28,
-21,39,
-13,86,
-5,59,
-7,22,
21,10,
11,28,
4,105,
41,45,
57,16,
41,66,
44,15,
-13,10,
-20,-24,
-56,-43,
-32,19,
-43,54,
-68,54,
-88,33,
-64,8,
7,-3,
17,-22,
23,71,
-48,70,
-62,17,
3,-19,
25,-22,
21,20,
-4,26,
11,29,
51,12,
-25,-11,
9,30,
-41,8,
25,0,
31,9,
22,7,
-21,16,
-38,-81,
95,-39,
80,7,
54,51,
-6,28,
-59,41,
34,-31,
42,41,
28,65,
11,-23,
-67,-95,
2,39,
-42,64,
-51,2,
-67,18,
-34,-35,
58,-11,
9,0,
1,26,
-24,20,
16,-66,
-7,-92,
17,-37,
-22,-20,
-11,37,
-11,-55,
26,-17,
41,-43,
40,-50,
-15,6,
41,-42,
85,-11,
2,11,
-89,-42,
2,-43,
78,-37,
19,-9,
-36,-2,
19,-43,
84,-63,
72,-70,
-24,-12,
2,13,
-24,52,
-11,-3,
-21,-37,
34,-40,
71,19,
32,50,
29,15,
45,-16,
70,-29,
79,-29,
65,78,
-38,67,
-44,-1,
-21,10,
22,3,
10,-15,
-86,46,
-17,47,
35,52,
-36,-36,
9,13,
-43,-7,
74,24,
10,-40,
-101,16,
-85,35,
-18,51,
28,4,
41,-52,
-55,-39,
-32,44,
40,61,
77,23,
-25,-26,
-70,-58,
-46,-34,
-101,-69,
-39,-29,
-21,-39,
-16,63,
-23,-14,
-36,-51,
27,-45,
2,-84,
-41,-46,
-23,-4,
-54,-52,
-57,-6,
-2,8,
63,-28,
33,73,
8,19,
-27,25,
-14,-21,
5,-48,
67,102,
20,-2,
-36,-93,
11,-54,
6,-19,
-28,43,
13,60,
11,-4,
-16,83,
-3,70,
49,16,
-2,55,
-44,72,
17,18,
34,-60,
-9,-26,
-21,-33,
-30,-59,
21,-37,
-36,-9,
27,-11,
11,9,
-25,8,
-99,60,
-68,30,
56,-13,
107,58,
25,-17,
-54,-7,
-16,82,
15,-8,
8,-37,
-19,-71,
-87,-65,
-30,27,
-58,44,
-55,28,
-26,-13,
57,-31,
87,-7,
30,117,
-73,16,
-63,-32,
-39,5,
54,-19,
15,-40,
18,-55,
-9,105,
26,52,
48,4,
43,-47,
0,0,
31,9,
74,-24,
60,23,
55,-23,
24,-74,
58,2,
42,16,
22,50,
9,89,
47,32,
34,37,
65,22,
33,41,
17,33,
25,-11,
-14,5,
-18,22,
18,53,
-40,-2,
-38,34,
-58,-50,
12,-56,
-40,-9,
-13,-23,
41,-17,
90,8,
65,58,
1,-18,
-27,-44,
28,57,
111,100,
96,19,
58,-43,
-1,-68,
-55,7,
-40,43,
-4,34,
43,68,
41,12,
-18,1,
-44,43,
-22,45,
24,7,
78,-16,
84,25,
-44,-20,
-23,-19,
47,-24,
-5,23,
-25,22,
-31,-17,
17,8,
-24,-40,
-34,10,
21,3,
49,27,
30,-36,
89,-54,
21,0,
27,7,
80,53,
-8,89,
17,-80,
-77,-49,
-64,7,
-48,21,
-51,-13,
-9,9,
-11,57,
-10,45,
-36,-21,
-27,-16,
-10,26,
16,0,
3,35,
59,89,
-3,14,
26,-37,
48,-17,
40,24,
63,53,
7,-54,
7,-1,
6,-55,
9,-2,
16,-48,
53,0,
80,-37,
8,-4,
-7,54,
12,-12,
-57,-113,
-31,-90,
-15,12,
105,-43,
49,6,
21,25,
9,66,
-4,-47,
28,-28,
-54,-105,
-99,9,
0,14,
-4,18,
47,-9,
106,-35,
70,5,
-11,-33,
-89,-16,
-104,17,
1,44,
29,42,
8,-11,
-104,-8,
-9,-24,
78,79,
87,19,
47,-62,
45,-53,
16,6,
26,28,
-36,-40,
-10,-61,
6,-67,
26,-2,
-34,-57,
-34,-18,
-66,-38,
-87,-38,
-61,-65,
-36,-9,
49,-59,
20,-58,
-44,91,
28,14,
-69,52,
22,85,
14,85,
10,-11,
69,15,
20,-33,
2,-21,
25,38,
-37,22,
26,67,
49,90,
16,-31,
64,-8,
81,22,
67,5,
59,-35,
-10,-33,
21,-77,
16,-50,
-48,-32,
14,-33,
-46,-63,
21,-36,
-9,-39,
-33,8,
-12,51,
-78,11,
66,3,
361,250,
1876,1209,
4760,3470,
5542,5178,
3167,5138,
-718,1897,
-1405,-894,
1005,-1133,
3417,-239,
3695,319,
2262,46,
715,-406,
-73,-446,
-219,-132,
-118,-14,
-52,30,
-132,-159,
-121,-151,
-53,-244,
-2,-190,
-57,-89,
-125,300,
-86,467,
-75,161,
-165,-127,
-238,-224,
-277,-356,
-213,-600,
-112,-786,
13,-657,
46,-354,
105,-65,
31,149,
-19,98,
-113,-54,
-194,-28,
-285,-71,
-171,-31,
33,-159,
215,-85,
354,-90,
116,-65,
-13,-143,
-108,-207,
-66,-137,
-31,-51,
-73,14,
-122,38,
-116,7,
-107,55,
-173,57,
-68,46,
31,-118,
87,-165,
129,-201,
57,-139,
-67,-99,
-74,-40,
-146,105,
-150,101,
-152,143,
-121,61,
-95,-51,
-121,16,
-111,92,
-117,107,
-71,47,
-52,-29,
32,-111,
43,-142,
-16,-104,
-115,-13,
-115,-5,
-143,39,
-55,6,
-54,-40,
-91,-214,
-35,-250,
37,-213,
9,-142,
-52,-19,
-125,-59,
-152,-101,
-2,-22,
-10,79,
78,138,
26,80,
-21,1,
-96,-86,
-169,-62,
-60,-7,
-58,-33,
-64,-73,
-75,-3,
-84,14,
-115,-10,
-89,0,
-78,-43,
-40,27,
-65,40,
-101,-1,
-123,-80,
-30,-106,
-54,-29,
-18,42,
-73,9,
-103,-40,
-89,50,
-95,43,
-108,-75,
-66,-56,
-51,63,
4,54,
-48,-58,
-33,-59,
-99,0,
-113,-12,
-68,-115,
16,-117,
25,-89,
-63,33,
-147,-39,
-94,-84,
6,-57,
1,6,
-6,-17,
-32,-44,
-68,-55,
-50,-93,
-11,-82,
-24,28,
-96,17,
-71,62,
65,0,
23,-55,
-115,-82,
-121,-34,
-90,-9,
-88,-54,
-7,-69,
9,-76,
-38,-46,
-47,-15,
-16,6,
-90,-88,
-63,-51,
-33,-86,
39,-76,
-77,-80,
-100,27,
-84,-97,
-38,-115,
-73,-154,
-54,-37,
-103,-31,
-46,-25,
-88,-52,
-29,-57,
4,-43,
-2,2,
00>
_________________________________
00>
00>
Printing STS1 CIR
00>
00>
_________________________________
00>
45,-83,
-20,-17,
17,77,
46,51,
63,56,
-19,58,
-19,69,
-19,74,
-6,-17,
92,-24,
112,-38,
32,30,
24,108,
28,47,
18,61,
51,60,
5,92,
32,74,
68,44,
22,45,
26,24,
-56,30,
-107,34,
17,55,
32,-38,
-18,-48,
26,-31,
-38,-29,
-46,-12,
-16,19,
-3,9,
12,92,
-18,79,
45,24,
57,17,
21,28,
-32,43,
21,88,
-13,43,
9,4,
29,10,
32,35,
70,56,
30,17,
22,26,
58,81,
-11,116,
-11,61,
5,5,
32,13,
27,-35,
68,-9,
116,35,
27,86,
1,119,
32,107,
-19,49,
6,-37,
3,0,
-28,13,
22,-14,
61,17,
54,69,
32,34,
54,-5,
85,61,
48,56,
-36,60,
-27,0,
16,9,
37,20,
26,-17,
54,-61,
-21,82,
12,67,
7,-1,
-26,-15,
28,-28,
74,-8,
37,18,
7,40,
-34,-17,
-14,-36,
-28,-23,
-15,-94,
81,15,
12,22,
49,-24,
49,-42,
-6,66,
-35,27,
-19,111,
-2,51,
0,25,
14,15,
45,65,
18,35,
21,9,
10,45,
49,-1,
-9,30,
-48,-31,
74,50,
73,47,
13,45,
22,80,
1,-38,
22,-23,
26,-37,
-14,56,
-12,39,
1,46,
11,35,
65,65,
47,86,
-9,91,
-68,-31,
-71,-30,
26,10,
28,47,
-30,55,
-42,48,
-48,55,
-51,14,
-3,-42,
-18,-50,
17,-4,
44,1,
-16,0,
-71,48,
-52,34,
-33,17,
-20,-2,
43,-34,
32,-20,
12,56,
7,42,
-31,-55,
8,-18,
71,48,
32,10,
14,-70,
62,-35,
43,17,
34,90,
85,60,
121,10,
102,-31,
53,-20,
-12,20,
-9,33,
-37,51,
15,57,
22,-1,
85,20,
119,10,
58,-44,
-4,-47,
31,19,
64,-30,
6,-25,
36,43,
-20,100,
-67,62,
-70,86,
-46,46,
18,-45,
53,-38,
12,-33,
14,5,
14,-44,
14,-9,
-10,53,
-65,107,
-18,42,
31,9,
16,-34,
-35,-19,
14,3,
9,1,
20,5,
10,93,
11,22,
89,-45,
36,-80,
-35,-28,
2,-38,
4,-19,
27,32,
105,61,
-6,42,
-6,96,
49,121,
4,52,
19,-6,
15,-13,
9,18,
10,52,
-40,88,
11,26,
26,78,
71,61,
50,-1,
2,46,
-4,53,
-48,45,
-19,87,
52,-28,
-1,-35,
61,21,
6,69,
43,58,
-34,-7,
-66,-51,
24,-37,
79,-14,
70,42,
53,-9,
50,-45,
42,48,
43,71,
12,36,
13,-17,
-7,21,
30,47,
90,20,
68,-39,
21,-69,
-10,-53,
61,-43,
97,20,
9,43,
-7,23,
66,-4,
25,75,
-31,90,
-113,25,
-7,10,
-8,10,
-15,-22,
51,4,
7,-29,
-55,-44,
1,13,
31,-45,
83,-64,
16,-2,
36,33,
-1,2,
68,-17,
74,41,
60,54,
-39,31,
-6,31,
32,-66,
-37,69,
-35,122,
29,56,
81,-20,
45,-20,
23,10,
4,40,
20,-19,
72,21,
-3,0,
-26,-13,
85,-14,
80,18,
-20,12,
-40,25,
-38,53,
51,40,
-15,-35,
-19,10,
40,62,
23,45,
-9,57,
30,-1,
51,-14,
64,17,
63,15,
31,30,
5,20,
-11,-30,
1,-61,
46,-38,
36,38,
81,26,
9,-18,
-8,-26,
20,-18,
58,-33,
86,3,
6,-35,
-58,26,
-60,25,
32,51,
21,79,
53,50,
78,55,
45,49,
19,87,
16,116,
39,80,
29,49,
48,45,
7,39,
15,19,
-6,36,
43,-18,
43,-30,
36,-19,
2,32,
2,-61,
28,-26,
31,57,
35,52,
3,59,
18,28,
44,51,
-54,22,
-33,25,
66,-12,
96,-9,
75,53,
39,58,
27,30,
16,25,
-23,15,
-24,36,
15,2,
55,-17,
30,24,
19,16,
93,-27,
4,-26,
18,14,
13,11,
-5,-17,
17,-59,
-7,10,
7,27,
76,46,
73,19,
50,-10,
-59,87,
-103,86,
-70,58,
-4,57,
-8,33,
5,44,
38,29,
449,162,
2087,860,
5036,2979,
6045,4793,
4237,4988,
72,1999,
-1874,-546,
-1378,-806,
-914,335,
-1312,1020,
-1446,657,
-789,54,
-195,-189,
-161,-158,
-242,-78,
-174,5,
-95,96,
-197,174,
-229,300,
-252,300,
-151,241,
136,180,
391,59,
195,-111,
-101,-269,
-130,-199,
-101,-55,
-125,-112,
-182,-47,
-42,87,
39,146,
42,23,
-61,-111,
-129,-173,
-206,-115,
-168,-17,
-276,-28,
-199,-91,
-96,-170,
111,-208,
239,-202,
96,-123,
-105,-178,
-117,-139,
-52,-56,
-5,-20,
-20,51,
69,81,
207,93,
264,198,
185,248,
23,165,
-45,32,
-45,-51,
11,-140,
-4,-106,
-77,-71,
-20,-89,
26,-11,
-1,-13,
-77,-16,
-131,-17,
-194,-10,
-145,59,
-75,77,
-51,91,
-58,76,
15,5,
68,-88,
139,-110,
88,-8,
-43,-4,
-51,122,
-75,115,
-65,61,
-119,-20,
-179,-84,
-107,-116,
101,-155,
179,-26,
33,37,
-47,21,
-39,29,
-71,28,
-134,-22,
-133,-15,
-83,6,
-29,-18,
-71,-30,
-83,-69,
13,-117,
-4,-42,
-80,-30,
-61,44,
1,9,
-24,40,
-23,-15,
11,-73,
40,26,
14,23,
-92,-21,
-59,-28,
-49,-11,
9,7,
76,-8,
-30,-34,
-50,-2,
-51,1,
25,-4,
115,-51,
103,-37,
18,-5,
-41,-60,
-42,5,
37,-35,
78,-2,
33,-35,
-48,-25,
-45,-28,
-2,-17,
36,-44,
11,-70,
-48,-35,
-39,-8,
-58,-58,
-47,-78,
27,-73,
64,-67,
62,-93,
-36,-41,
-46,-8,
-9,-37,
61,-69,
25,-53,
-49,-26,
-53,-23,
-25,40,
12,-11,
15,-36,
25,-2,
4,-47,
2,-83,
-37,-66,
-23,-46,
-29,-75,
-26,-13,
1,53,
-41,24,
-90,18,
9,-56,
45,-55,
26,-54,
12,-46,
-37,-39,
-11,-2,
-49,38,
-34,-27,
9,-15,
75,-16,
-18,25,
00>
_________________________________
00>
_________________________________
Sequence Number: 68
00>
00>
Printing STS0 CIR
00>
00>
_________________________________
00>
100,2,
-13,-11,
-26,-64,
40,-9,
-17,-10,
38,60,
-14,28,
5,-6,
11,-36,
-38,-42,
-21,-45,
-8,-8,
28,22,
4,22,
41,12,
27,-108,
1,-15,
1,18,
24,-19,
14,-12,
-59,7,
-5,10,
35,-21,
27,-45,
25,-48,
18,-43,
12,65,
-24,58,
33,-6,
0,45,
14,34,
-22,-19,
5,2,
-2,-33,
8,-35,
12,-16,
36,-23,
60,62,
-17,58,
-35,-1,
-7,-37,
-7,47,
-3,-30,
80,39,
67,36,
12,15,
-11,-34,
65,-39,
-5,30,
39,23,
24,-40,
31,-7,
-36,24,
10,64,
57,-51,
-3,-61,
19,2,
5,65,
9,50,
-15,50,
12,12,
-29,49,
-21,11,
36,49,
25,23,
6,-7,
-22,-10,
5,1,
13,76,
15,63,
-8,29,
-93,-76,
-40,-47,
46,37,
49,27,
81,39,
-22,20,
-23,110,
-42,44,
-68,-1,
-28,-6,
-20,35,
1,13,
64,48,
-24,38,
-41,-36,
-26,-23,
-28,82,
-49,62,
-62,-33,
-38,-21,
-21,-58,
-4,42,
27,-16,
2,-42,
12,-43,
28,12,
27,27,
-43,4,
-62,25,
-54,1,
-31,2,
15,-8,
25,-42,
57,27,
89,29,
47,76,
20,151,
19,79,
5,54,
73,20,
6,37,
-1,30,
-25,13,
-13,13,
-32,-28,
15,34,
74,5,
41,43,
-14,-48,
-94,-27,
-52,-3,
-25,-9,
-16,79,
31,43,
48,36,
28,19,
78,30,
9,-26,
34,-11,
-14,38,
-15,3,
20,54,
31,45,
10,-18,
-55,-31,
3,-27,
15,-51,
-13,-40,
34,-50,
45,-24,
46,25,
73,82,
39,19,
29,13,
-64,16,
52,12,
10,-44,
-9,38,
16,-30,
12,-47,
41,-59,
-5,54,
-27,1,
-35,24,
-60,76,
-74,64,
-48,48,
-54,-42,
-6,-2,
24,72,
-9,40,
39,13,
-17,35,
-24,26,
8,19,
-35,-28,
-53,2,
38,3,
44,59,
-50,-6,
-121,-74,
-39,-42,
-26,35,
2,73,
-4,48,
1,17,
43,50,
10,-42,
-3,-14,
-6,51,
-41,44,
-12,22,
-16,30,
7,77,
-5,67,
-44,-4,
27,-18,
59,20,
-52,-19,
-55,-58,
54,-60,
36,-8,
3,13,
-45,-2,
0,-30,
78,-33,
93,13,
-9,13,
-23,-21,
-6,3,
31,29,
-16,-44,
4,-11,
-13,25,
84,32,
69,-6,
25,-23,
-27,-77,
-13,-6,
-39,-58,
-12,23,
7,39,
18,46,
-15,32,
-21,-10,
-42,-16,
-36,-23,
31,11,
75,25,
74,49,
16,5,
-5,-37,
-98,-24,
-27,25,
-74,-23,
-103,-57,
-85,-30,
-65,40,
0,75,
-33,80,
28,12,
32,64,
-27,47,
7,-9,
54,-1,
75,22,
14,6,
-40,-78,
44,-36,
32,-15,
46,40,
6,49,
-25,15,
18,54,
57,7,
75,14,
77,-48,
91,26,
40,29,
-6,-64,
-79,-90,
-135,-44,
-34,-26,
3,-49,
-11,31,
-1,5,
17,17,
41,10,
65,28,
17,3,
0,-6,
-30,33,
-14,0,
38,-24,
-65,75,
-66,22,
52,11,
47,-16,
-17,0,
-27,4,
17,-3,
39,0,
-1,-4,
-6,16,
5,27,
53,-4,
90,3,
0,-12,
25,41,
15,25,
-3,47,
42,-5,
-20,-14,
30,-3,
-38,61,
23,22,
37,78,
41,24,
68,69,
9,13,
16,-24,
9,-1,
-6,15,
-24,-27,
10,-91,
18,-26,
8,-4,
30,-50,
10,-44,
-9,-54,
-58,40,
-65,-37,
-69,16,
11,10,
-16,29,
-26,-2,
30,-30,
-36,-45,
13,20,
53,12,
-86,18,
-40,52,
15,27,
57,27,
-7,58,
75,47,
14,47,
26,14,
93,-43,
54,-27,
11,2,
80,-4,
2,-9,
-84,29,
-23,21,
12,-68,
52,-76,
45,-36,
-12,41,
-16,-15,
-5,-15,
14,39,
-26,100,
-59,93,
-61,45,
-31,-20,
-14,59,
3,5,
2,-19,
57,9,
40,-55,
-31,-43,
-69,18,
-17,7,
35,-3,
39,-66,
34,-2,
1,21,
-18,-54,
21,-30,
4,22,
19,5,
44,36,
27,-46,
20,-41,
249,-85,
1731,-179,
5090,-10,
6707,739,
4128,1330,
-724,734,
-3324,-151,
-3510,-478,
-4164,-689,
-5180,-1146,
-4559,-1440,
-2050,-885,
-157,-69,
298,221,
85,101,
59,-36,
88,-3,
32,183,
52,326,
35,283,
284,188,
177,80,
318,-64,
241,-168,
35,-169,
-36,0,
-1,70,
63,194,
242,404,
276,440,
196,271,
30,-83,
4,-124,
51,-74,
65,-108,
54,-19,
92,109,
-53,211,
-244,254,
-304,41,
-163,-196,
-10,-189,
112,-197,
111,-127,
65,-101,
52,-84,
93,2,
106,76,
80,103,
160,123,
200,36,
100,76,
103,105,
59,60,
21,-18,
-85,-92,
-133,-60,
-75,20,
-4,19,
36,-24,
-19,-58,
-47,-28,
-77,-10,
-94,-17,
-15,-26,
-27,-58,
-49,-143,
71,-51,
94,-102,
68,-20,
-37,15,
-111,118,
-16,154,
66,185,
67,116,
14,110,
-127,30,
-140,23,
35,-59,
63,-65,
-14,-74,
-17,-5,
-71,-173,
4,41,
0,119,
-17,98,
14,-7,
84,-25,
15,-22,
-17,-40,
-13,-59,
-28,-106,
-20,-57,
38,24,
61,14,
51,6,
33,-39,
54,47,
8,37,
19,-6,
5,-11,
16,68,
-45,-2,
-45,-63,
-41,-53,
-21,-17,
-73,51,
-4,10,
25,-50,
-31,-10,
-32,49,
59,2,
74,45,
41,67,
28,89,
-22,22,
26,24,
31,-14,
-7,-41,
26,-60,
18,-12,
-59,-1,
-24,52,
74,-101,
77,6,
36,-41,
-15,27,
5,-19,
12,21,
70,2,
-86,-22,
-44,-19,
-38,-52,
52,5,
52,60,
-73,26,
0,-18,
5,-14,
21,0,
-51,11,
-29,-3,
40,-17,
95,-16,
54,5,
47,-7,
-14,-75,
0,-15,
8,-51,
-30,-65,
-11,-3,
8,-22,
-31,68,
-108,57,
-39,40,
34,54,
47,52,
00>
_________________________________
00>
00>
Printing STS1 CIR
00>
00>
_________________________________
00>
19,2,
-14,37,
29,47,
127,-9,
42,63,
-14,125,
7,24,
55,-12,
57,8,
3,19,
6,-60,
19,-94,
42,-6,
60,68,
41,12,
20,-29,
34,-8,
60,-25,
12,29,
-1,33,
-83,45,
-37,7,
-5,14,
-11,45,
78,-28,
77,4,
42,-28,
-70,38,
-19,62,
-31,46,
19,-29,
11,-12,
27,13,
-25,5,
103,15,
45,-22,
23,53,
-29,21,
7,-37,
27,-7,
67,37,
-18,49,
-29,2,
-58,-18,
-75,22,
-7,71,
22,8,
64,2,
51,52,
53,-14,
51,-14,
83,33,
28,31,
70,48,
108,42,
-8,30,
-19,26,
50,-53,
34,-6,
19,16,
3,54,
-3,42,
40,25,
68,-31,
43,-25,
-1,-46,
-10,-66,
-59,12,
23,-40,
71,22,
70,62,
24,62,
-52,32,
-23,11,
-7,22,
-18,35,
-8,-17,
-27,19,
-11,65,
36,21,
-54,25,
30,14,
21,40,
-31,13,
0,-33,
3,-1,
-40,81,
41,74,
34,3,
23,-15,
19,-15,
1,37,
37,32,
44,34,
-11,80,
-27,64,
-20,-20,
6,-38,
-27,4,
-61,79,
-11,43,
-24,82,
-6,77,
40,68,
91,113,
31,29,
32,1,
53,-14,
34,1,
40,58,
95,78,
76,86,
32,72,
-18,4,
-54,-2,
33,-21,
27,52,
37,54,
-7,-37,
-30,-22,
1,0,
-3,69,
4,50,
-57,-29,
29,0,
25,5,
-3,30,
-6,85,
12,6,
-6,2,
-16,14,
30,33,
-2,-2,
-12,-5,
-28,45,
31,52,
132,30,
63,-19,
-30,55,
-32,58,
-48,23,
8,67,
82,79,
16,25,
-6,51,
-66,73,
-8,2,
79,-59,
69,-62,
0,-63,
-47,-32,
-1,1,
-20,35,
17,8,
-16,6,
-42,41,
42,-56,
86,-59,
39,-23,
2,-22,
-40,4,
-25,9,
54,78,
98,-4,
57,-60,
-19,-84,
-55,22,
-37,9,
-4,-38,
67,-33,
49,-55,
6,37,
-47,-15,
-39,-20,
40,-11,
28,-16,
46,81,
18,53,
64,52,
55,73,
9,26,
-55,-31,
7,12,
55,-1,
39,31,
26,47,
21,59,
-23,50,
-72,60,
-33,49,
23,-39,
70,-44,
65,-45,
19,12,
14,-30,
12,-19,
26,49,
-56,50,
-17,-57,
-6,-40,
30,15,
24,1,
39,-5,
49,1,
-6,10,
-49,-31,
-54,16,
-48,91,
-24,59,
24,-2,
25,19,
14,-17,
-6,-12,
0,39,
-6,64,
33,92,
64,32,
-15,62,
-46,54,
-17,61,
7,-6,
70,-23,
-4,-13,
-57,5,
-56,36,
-12,-2,
6,9,
54,30,
22,20,
-15,42,
-61,44,
10,32,
-14,32,
-2,-13,
-22,-3,
-21,29,
-14,101,
18,24,
-33,-20,
57,-14,
-8,-17,
15,-27,
-34,12,
10,13,
12,-36,
14,-66,
-12,-72,
3,-56,
11,23,
14,4,
-34,44,
59,17,
61,20,
106,10,
41,47,
10,3,
24,-56,
59,-23,
43,75,
-14,100,
-4,65,
14,5,
-4,-22,
8,70,
17,65,
11,28,
54,60,
36,17,
36,3,
-8,40,
30,8,
7,27,
-35,71,
-18,4,
13,-17,
69,22,
61,-30,
22,-52,
-75,-16,
-26,-11,
-58,17,
-8,-13,
22,11,
-46,64,
-41,71,
-9,75,
8,73,
44,49,
62,-10,
48,-1,
27,27,
-23,34,
-58,15,
22,-14,
74,96,
40,80,
-1,119,
-50,77,
-5,61,
19,-15,
-19,1,
-29,13,
-30,-15,
9,22,
0,42,
24,12,
8,53,
-13,54,
16,-18,
8,-41,
61,28,
15,103,
0,67,
4,39,
60,3,
45,30,
33,18,
-21,149,
-35,102,
13,45,
58,-7,
86,-19,
-2,43,
4,25,
80,-27,
56,-13,
36,-19,
58,21,
51,23,
40,-5,
47,-6,
37,18,
-27,45,
6,51,
-33,-27,
-21,-23,
-5,10,
32,-18,
3,4,
-18,-3,
-26,-22,
0,-35,
17,55,
-12,30,
39,28,
20,-49,
-8,-60,
2,47,
43,69,
74,-31,
53,-41,
-8,-58,
24,84,
-42,12,
37,44,
65,-3,
357,-71,
1783,-290,
4959,-160,
6787,810,
5152,1500,
1141,909,
-491,-312,
690,-1137,
2387,-1220,
2735,-825,
1746,-354,
562,47,
-198,266,
-400,192,
-305,138,
-157,107,
-87,69,
-102,-75,
-57,-287,
32,-415,
85,-285,
-39,53,
-189,227,
-203,78,
-341,-30,
-447,-13,
-396,6,
-214,-196,
-4,-360,
20,-376,
-41,-219,
35,-43,
123,-46,
143,-40,
-109,56,
-129,96,
-217,102,
-91,33,
-95,-11,
-39,6,
-72,21,
-72,83,
-41,113,
-49,48,
-31,51,
0,97,
-13,114,
-40,146,
-46,129,
-99,179,
-149,202,
-103,102,
-24,47,
52,57,
70,103,
-56,-16,
-104,9,
-132,34,
-100,45,
-32,92,
-19,92,
-80,2,
-141,-27,
-94,-19,
-93,-43,
-140,31,
-175,72,
-104,1,
-36,-126,
-28,-63,
-96,34,
50,122,
140,156,
26,92,
-104,79,
-170,102,
-225,99,
-111,-29,
34,-72,
-20,-15,
-144,48,
-174,-15,
-151,-116,
-58,-54,
-33,-12,
-71,9,
-120,78,
-82,25,
-52,20,
-16,-15,
16,-45,
5,41,
-57,49,
-90,-46,
-68,-3,
-90,5,
-73,77,
-125,28,
-57,36,
-26,30,
-105,14,
-24,-38,
-50,-21,
-90,8,
-108,10,
-56,65,
-18,40,
-80,69,
-91,28,
-75,-22,
-93,-35,
-62,-14,
-27,60,
27,18,
11,31,
-35,-4,
-69,-9,
-17,-14,
-11,0,
-27,25,
-89,55,
-68,23,
-28,18,
-3,-19,
25,-75,
-11,-89,
-63,17,
-43,84,
-68,70,
-61,41,
-66,41,
-83,-28,
-32,5,
-20,16,
-56,-34,
-73,-1,
-106,35,
-85,62,
-85,62,
-19,42,
-38,38,
-86,76,
23,-28,
-5,2,
-26,43,
-27,18,
12,34,
55,-4,
25,-28,
-10,-16,
-28,26,
-42,36,
-82,-17,
-89,-20,
-116,-31,
-54,-6,
00>
_________________________________
00>
RX Timestamp: 676386570890
00>
Clock Offset: 1431.942 Hz, -0.179 ppm
00>
RX Timestamp: 677461806465
00>
Clock Offset: 1960.087 Hz, -0.245 ppm
00>
_________________________________
Sequence Number: 200
00>
00>
Printing STS0 CIR
00>
00>
_________________________________
00>
15,7,
62,-5,
35,-13,
-21,-11,
-10,45,
34,80,
-29,36,
-32,15,
30,20,
47,58,
13,12,
-66,-17,
3,-49,
11,20,
45,39,
-19,33,
-40,18,
-86,2,
-66,22,
-52,44,
-7,-8,
-10,-1,
-49,34,
-19,64,
-82,14,
-13,17,
14,8,
52,22,
-1,32,
-30,89,
-21,-4,
-8,-41,
-40,3,
50,-23,
-42,79,
-63,27,
-82,-11,
-55,-25,
-30,59,
-104,55,
-55,36,
-46,44,
-9,17,
17,-2,
-2,-19,
8,-8,
-52,38,
-44,60,
-61,71,
-65,-11,
-7,4,
45,-1,
-67,28,
-5,66,
-3,28,
-36,16,
0,-46,
23,-23,
-23,-4,
-18,-40,
-70,-5,
32,65,
-96,38,
-5,27,
-40,43,
-51,51,
-17,115,
-63,52,
-80,-41,
-39,-27,
3,-47,
3,-60,
-61,-23,
-64,-37,
-22,-5,
-4,-53,
-32,-97,
-49,-13,
43,-27,
51,-28,
44,-28,
-9,45,
-60,43,
-115,25,
-52,-25,
-14,28,
-17,112,
-29,-5,
13,-14,
31,-29,
30,-7,
11,-2,
30,-59,
83,-13,
-18,24,
-21,4,
-10,-34,
-45,68,
-93,8,
-82,30,
0,70,
-32,56,
-24,-12,
0,-41,
-34,-55,
-38,-39,
-44,-1,
-57,26,
19,51,
-11,82,
53,53,
40,32,
-6,-18,
1,-40,
35,-34,
20,26,
-54,29,
-13,-11,
-12,-37,
33,1,
-12,-2,
-62,14,
-2,0,
51,55,
-1,3,
-42,-23,
-32,42,
3,7,
-54,12,
-45,-79,
44,-46,
23,-50,
-44,43,
-121,79,
-82,132,
8,76,
-30,-56,
-18,-77,
-20,-50,
35,-65,
5,-30,
-51,28,
-2,-39,
55,-41,
87,-35,
27,-12,
35,-85,
59,-12,
58,42,
-63,94,
-54,55,
-35,34,
-35,-2,
-81,38,
-104,88,
-19,38,
-30,-14,
47,27,
-4,54,
5,3,
-4,61,
-40,-55,
-43,43,
-68,88,
-58,85,
-32,27,
-2,-4,
29,-20,
-13,10,
-5,12,
-21,68,
34,54,
2,41,
-52,60,
-51,32,
-30,-22,
-20,-44,
1,-34,
-69,-4,
-26,-22,
-18,-20,
-42,63,
-32,-9,
0,-35,
12,-18,
-4,76,
-7,66,
-12,-55,
-56,-23,
24,-24,
-3,-34,
58,83,
-3,90,
-66,32,
-43,3,
20,29,
115,-4,
53,38,
17,34,
9,79,
-80,-26,
-73,39,
-145,-2,
-25,83,
59,24,
-19,-43,
-91,-20,
-20,26,
-39,19,
18,10,
6,32,
-20,57,
-4,72,
-8,40,
37,18,
89,-55,
33,-106,
-19,-71,
21,-78,
54,8,
-30,-43,
-55,28,
-33,20,
-37,42,
-59,-18,
-50,0,
-25,-25,
-25,24,
-42,66,
-43,21,
-63,66,
-7,76,
24,73,
25,-21,
-8,-1,
-39,-5,
27,-7,
69,44,
31,49,
42,6,
44,-43,
106,41,
10,11,
-13,-45,
21,-1,
3,-13,
-16,7,
-46,-38,
-71,-73,
-44,-11,
-17,55,
-71,70,
-64,66,
11,26,
-69,39,
-17,19,
17,49,
27,-10,
30,-5,
29,43,
-34,42,
-50,-61,
-45,-94,
-5,17,
-3,56,
9,-12,
-68,-4,
-98,-29,
-57,7,
2,-25,
5,-61,
-16,40,
-1,40,
43,-56,
-32,-79,
-61,11,
-1,-32,
27,-22,
101,-10,
37,23,
59,5,
35,4,
10,21,
-22,-20,
-11,-24,
42,8,
54,-7,
-3,-30,
-95,33,
-36,47,
-27,63,
15,62,
26,-18,
-6,-34,
58,-24,
16,-7,
-42,31,
7,-10,
33,-45,
44,-59,
2,41,
10,52,
37,36,
20,94,
19,15,
10,9,
25,10,
4,44,
-2,36,
-24,-18,
-10,-8,
-21,41,
29,58,
22,-29,
45,-11,
67,-24,
75,27,
13,-16,
-72,-31,
-96,56,
-82,-66,
5,-66,
59,78,
7,12,
-6,9,
-2,-84,
0,-100,
-68,17,
-66,112,
-39,-21,
-9,-37,
84,21,
20,50,
-5,46,
-14,28,
-37,24,
-43,13,
-20,58,
-27,-26,
-5,-35,
-61,62,
6,30,
39,60,
16,58,
-19,-16,
-36,34,
-37,87,
2,30,
5,10,
19,-37,
13,-5,
2,-62,
254,146,
1384,1381,
3466,4205,
3843,5842,
1597,4309,
-1169,-159,
-2137,-2754,
-1922,-3135,
-2233,-3807,
-2552,-4956,
-1846,-4542,
-537,-2214,
12,-152,
-44,451,
-121,229,
-59,107,
42,136,
2,167,
-96,191,
-159,196,
-74,272,
-1,185,
173,267,
237,182,
123,55,
-36,-100,
-87,-1,
-132,280,
-216,496,
-275,554,
-157,337,
13,-67,
174,-143,
122,27,
77,90,
46,76,
2,171,
-206,127,
-361,-1,
-216,-143,
49,-169,
192,-231,
170,-155,
110,-75,
120,1,
48,30,
51,91,
52,184,
-21,173,
16,186,
56,211,
73,225,
21,263,
26,177,
19,8,
-2,-52,
-57,-31,
-40,-24,
26,77,
4,-17,
11,-17,
-77,-64,
-40,8,
-2,-38,
-10,-24,
-27,-134,
-10,-75,
6,-22,
53,65,
36,72,
-28,25,
-129,-30,
-85,-24,
-71,59,
29,168,
-50,77,
-106,-103,
-58,-99,
106,-39,
49,-3,
45,9,
39,-136,
48,-140,
64,-48,
14,9,
-49,88,
-57,27,
-93,37,
-132,99,
-104,107,
-33,54,
30,16,
2,31,
11,40,
4,78,
-24,-38,
-62,22,
-53,29,
-59,76,
11,-9,
27,-1,
93,21,
24,45,
-34,-50,
-52,-28,
-9,3,
-22,-38,
32,2,
5,33,
85,77,
32,51,
-53,126,
-19,92,
-28,-5,
82,-7,
87,0,
94,-37,
31,9,
30,5,
57,38,
6,17,
-33,26,
-34,40,
-11,-28,
26,10,
9,-50,
27,2,
-22,4,
21,1,
-31,-9,
-17,-1,
-18,-14,
-24,18,
35,-26,
-18,-40,
-57,65,
-21,90,
-48,-15,
-40,-88,
1,-47,
49,-21,
1,1,
-38,14,
-55,26,
-29,-7,
6,54,
5,57,
-64,34,
-62,-32,
-36,-17,
-40,-128,
-32,-84,
11,-35,
74,55,
112,-35,
78,39,
29,58,
-1,26,
-63,2,
32,-12,
00>
_________________________________
00>
00>
Printing STS1 CIR
00>
00>
_________________________________
00>
25,-16,
-32,15,
-57,-42,
-30,-37,
-9,13,
-5,3,
-14,4,
-23,41,
-39,37,
49,25,
30,-24,
16,-35,
2,-18,
-62,1,
-15,30,
-42,54,
5,42,
-11,64,
-73,68,
-50,30,
-38,5,
43,-20,
23,35,
6,63,
17,66,
34,33,
28,18,
6,-8,
32,-17,
-22,41,
-17,88,
-29,-17,
-17,-67,
-20,-69,
-1,-9,
22,10,
31,-44,
34,-85,
16,25,
-27,117,
-89,52,
-52,14,
76,-45,
50,-15,
65,22,
12,44,
62,10,
37,19,
35,4,
-6,49,
43,-63,
37,30,
-6,36,
30,16,
21,24,
-28,42,
-32,55,
33,3,
5,-55,
30,-7,
9,22,
46,11,
50,41,
-9,92,
-40,98,
11,75,
-37,66,
-97,111,
-17,-5,
79,-59,
29,-15,
4,25,
-5,36,
10,35,
34,1,
79,16,
65,-3,
20,23,
-29,-19,
38,-33,
4,-47,
-3,70,
54,37,
3,19,
48,-36,
51,-13,
10,-48,
-33,-33,
-21,-32,
-26,-20,
78,40,
62,0,
3,2,
1,10,
26,48,
-17,16,
13,28,
10,-22,
33,-5,
-4,-30,
1,-26,
-48,54,
13,57,
8,47,
-4,30,
3,-29,
51,76,
63,76,
0,59,
19,0,
-25,7,
-11,0,
-16,35,
-93,-16,
-38,5,
-1,40,
25,7,
56,-33,
60,-6,
-13,2,
-32,0,
-16,36,
-32,-20,
-25,17,
-24,49,
17,18,
64,14,
46,44,
22,32,
-14,-27,
-16,-1,
3,-41,
-10,23,
2,-1,
29,14,
5,-3,
34,42,
39,80,
60,87,
72,8,
-11,-11,
-31,61,
10,88,
65,13,
37,-6,
19,-9,
-25,25,
22,28,
2,-41,
-55,0,
-23,83,
-54,120,
-51,117,
-36,51,
-80,22,
-29,16,
85,7,
80,-72,
24,-65,
-42,-36,
-72,26,
7,22,
65,1,
11,25,
17,49,
48,12,
45,-48,
56,69,
4,61,
29,5,
46,-11,
44,-2,
4,-13,
-32,-12,
10,57,
-32,16,
-41,-1,
15,17,
-9,51,
-38,29,
-73,-5,
-15,-41,
18,28,
0,85,
5,36,
17,-29,
46,-52,
-19,11,
-27,88,
-56,46,
-50,3,
-28,-19,
24,-39,
50,4,
20,56,
59,57,
43,50,
22,27,
-34,18,
-14,44,
29,-7,
0,2,
20,-46,
-6,-41,
-4,-22,
-31,-10,
-31,-31,
30,-47,
56,-44,
38,41,
28,81,
50,18,
70,49,
72,101,
44,113,
8,99,
-57,30,
-5,32,
-18,-13,
44,11,
31,-7,
36,6,
11,-19,
9,-87,
-89,-57,
-86,-19,
-62,74,
-10,4,
1,-26,
24,0,
-40,48,
-55,63,
-42,39,
-21,6,
52,31,
-1,59,
-26,40,
21,34,
-28,10,
-28,33,
-34,-16,
34,-1,
36,-47,
45,-11,
-6,-13,
-4,-66,
-6,-3,
24,4,
40,-6,
5,-58,
-24,-54,
-64,-37,
-37,-75,
23,21,
87,22,
118,23,
71,13,
19,-59,
-70,1,
-16,59,
29,65,
35,-14,
23,-43,
9,-34,
66,-8,
94,-3,
71,29,
-25,19,
7,9,
16,-10,
-3,-43,
-31,2,
51,-10,
52,5,
11,60,
6,27,
-39,-28,
-15,-20,
-3,27,
-34,26,
-48,15,
-30,33,
-12,-4,
-51,11,
-84,22,
-34,0,
-4,-15,
-25,-25,
-52,-23,
-5,-21,
98,14,
101,62,
11,12,
22,-12,
26,-2,
7,-4,
29,-12,
-14,-4,
31,15,
104,-6,
67,-81,
13,-35,
-41,-22,
-10,0,
22,18,
85,25,
76,25,
110,-56,
50,-21,
-21,-17,
-58,-61,
10,-38,
80,-15,
38,-57,
37,39,
41,75,
27,36,
21,-46,
26,-25,
52,-26,
110,30,
114,20,
49,-25,
31,0,
33,18,
62,34,
-18,22,
-13,43,
-36,-11,
36,-18,
41,55,
-13,42,
18,-26,
3,-12,
4,10,
-89,3,
-33,16,
-33,23,
0,-4,
-4,0,
34,7,
18,52,
11,32,
-8,-17,
-9,-37,
-39,-22,
57,-44,
21,-16,
13,-45,
-28,-64,
-9,-43,
4,-8,
283,118,
1639,775,
4204,2757,
5076,4635,
3411,4327,
501,1489,
-209,-586,
1131,-623,
2663,352,
2748,914,
1728,803,
540,469,
-206,177,
-414,-6,
-287,-68,
-186,-30,
-89,-22,
-27,-59,
176,-293,
309,-375,
151,-181,
-158,47,
-232,62,
-263,-132,
-341,-316,
-384,-292,
-319,-239,
-80,-268,
204,-352,
264,-340,
111,-228,
75,-126,
160,3,
106,38,
-26,-18,
-136,20,
-233,-69,
-223,-64,
-53,-68,
30,-98,
-42,14,
-76,17,
-162,3,
-140,-53,
-80,-70,
-84,36,
-63,115,
-85,70,
-129,11,
-197,-37,
-141,-65,
-15,-94,
24,-8,
93,39,
-13,66,
-85,-12,
-21,-96,
39,-89,
-6,-6,
-52,51,
-32,25,
-94,-2,
-44,-17,
-22,-57,
-13,-97,
-65,-107,
-53,-116,
57,-133,
119,-196,
38,-131,
-49,-47,
-90,60,
-133,80,
-114,59,
-80,18,
-114,16,
-121,-78,
-103,-22,
5,-42,
-41,-24,
-79,-3,
-110,-25,
-15,-123,
19,-87,
-64,-44,
-87,-14,
-90,-2,
-87,4,
-164,-68,
-91,-72,
77,-35,
21,10,
-28,-7,
-18,-5,
-7,0,
-45,47,
-39,26,
-56,-45,
-119,-63,
-53,-53,
-98,-100,
-102,-81,
-128,35,
-76,15,
-30,-63,
-38,-59,
-70,-34,
-107,-53,
-77,-73,
-53,-71,
-58,-18,
-105,30,
-126,-24,
-101,-76,
-86,-95,
-33,-23,
-90,-52,
-33,-58,
-37,-17,
-49,2,
-58,-54,
-18,22,
-4,-81,
-40,-111,
18,-72,
-20,-23,
-44,22,
-61,-16,
-70,-47,
-52,-26,
-84,-54,
-99,-44,
-137,-84,
-85,-80,
-28,-126,
1,-107,
-50,-8,
-112,62,
-63,37,
-20,-10,
-50,-35,
-39,-57,
24,-57,
-14,-25,
-24,1,
-3,4,
30,3,
31,-27,
-50,-49,
-58,-26,
-79,20,
0,64,
-2,-58,
-1,-105,
9,-35,
-41,59,
-69,44,
-45,-1,
-80,21,
-88,-21,
00>
_________________________________
00>
_________________________________
Sequence Number: 203
00>
00>
Printing STS0 CIR
00>
00>
_________________________________
00>
23,14,
11,38,
34,29,
2,70,
24,29,
48,65,
32,35,
44,15,
-21,1,
-34,14,
-104,26,
30,-23,
-14,-22,
60,-32,
82,14,
32,-42,
40,7,
13,-2,
18,22,
-5,17,
6,-12,
47,2,
-17,14,
-4,-12,
13,-65,
12,-38,
14,-5,
-4,-4,
25,25,
24,24,
-36,-33,
-26,-3,
38,-1,
36,2,
54,-6,
-6,-37,
4,-47,
53,42,
-13,25,
19,-69,
12,-29,
23,26,
-33,16,
-59,25,
39,35,
72,59,
-33,35,
3,6,
-7,-6,
23,-9,
7,45,
-4,-8,
25,28,
38,-8,
57,-9,
20,-51,
79,-31,
39,89,
14,2,
16,-28,
10,-85,
22,-10,
15,25,
-23,-19,
35,28,
22,-11,
12,32,
-23,-39,
34,-64,
-45,-59,
-36,-74,
-14,3,
28,-1,
66,19,
13,20,
-4,-4,
-24,-8,
-21,-38,
8,25,
-16,-109,
-25,-55,
-29,17,
-30,17,
-18,18,
43,59,
149,107,
4,64,
-8,12,
-19,-48,
-8,18,
-30,21,
2,59,
-34,90,
0,12,
-25,16,
22,15,
-11,-25,
33,40,
20,73,
31,44,
33,70,
-60,-33,
-9,-12,
30,12,
-14,21,
0,4,
2,-15,
-23,21,
10,-25,
-33,-33,
-25,25,
-21,-19,
53,-56,
33,-2,
4,-44,
-43,-52,
-19,-29,
-16,-27,
36,-2,
17,-52,
-23,-12,
44,58,
51,36,
67,6,
38,17,
-55,-22,
-12,18,
36,-76,
-16,-64,
1,-24,
40,36,
2,41,
4,-35,
54,-21,
-1,23,
-2,22,
18,-27,
26,83,
-84,-8,
20,-19,
22,-84,
39,-2,
11,14,
-20,-14,
37,-32,
47,-23,
22,7,
-52,-34,
-8,-21,
0,-3,
65,-28,
73,-44,
98,-87,
50,38,
-20,45,
43,-18,
64,-6,
-64,-79,
9,-8,
61,-6,
50,35,
50,53,
26,72,
80,-2,
25,22,
-18,85,
-24,60,
-41,66,
-27,20,
-12,23,
-3,16,
0,52,
22,15,
32,28,
30,29,
36,44,
36,22,
-20,6,
26,63,
27,39,
43,48,
52,-14,
33,37,
27,-29,
16,2,
12,81,
21,16,
16,-42,
15,-22,
26,19,
-36,89,
29,33,
7,-6,
-60,-8,
11,-8,
-3,-30,
2,10,
58,16,
34,-113,
36,-71,
29,-31,
-59,39,
-74,60,
-6,8,
-4,-60,
-23,-6,
-45,-13,
-20,-17,
-13,33,
-63,-13,
-2,13,
45,0,
66,-53,
41,-20,
17,17,
41,2,
22,2,
-16,-16,
25,0,
37,-64,
56,-82,
63,1,
80,-79,
-2,-30,
-2,34,
-29,-7,
-20,3,
38,35,
81,2,
-30,36,
19,21,
9,-55,
25,-12,
97,-2,
-10,-44,
-28,48,
42,-4,
21,0,
20,9,
19,7,
21,46,
33,65,
28,62,
11,23,
-5,41,
-16,54,
-7,97,
10,57,
-24,82,
-36,-16,
-39,-39,
44,37,
-4,84,
12,-5,
-3,56,
1,30,
16,-13,
-31,31,
-27,49,
-45,-7,
-25,-13,
-28,60,
-18,60,
9,-30,
48,17,
-20,30,
-51,19,
5,55,
18,92,
46,43,
6,35,
-37,-30,
-76,-22,
5,30,
-3,30,
-4,13,
4,30,
24,40,
23,30,
29,-2,
49,-6,
99,-46,
36,40,
-16,31,
35,-7,
-27,-10,
51,-31,
35,-14,
63,-37,
-9,-14,
-10,22,
33,55,
-68,83,
-111,13,
20,-70,
21,-55,
12,-19,
-32,-3,
55,32,
76,-41,
88,-33,
92,-19,
59,87,
2,47,
19,30,
94,-22,
1,-66,
32,25,
-1,39,
73,33,
19,2,
-13,-5,
17,35,
-57,-72,
18,-23,
52,11,
-29,-34,
-19,9,
-45,13,
-12,52,
8,-25,
31,-12,
7,-2,
8,39,
-32,54,
-89,-15,
-5,51,
19,8,
-2,-15,
9,-9,
-81,66,
-78,29,
12,-42,
22,16,
58,34,
-39,2,
37,-29,
47,65,
-7,52,
-27,12,
-22,22,
-7,40,
8,51,
10,23,
9,38,
40,23,
56,73,
4,37,
-38,34,
-41,78,
6,85,
-25,-11,
-14,-49,
4,-21,
-23,5,
56,-6,
578,63,
3365,622,
7710,1918,
7777,3288,
6471,4980,
-123,2822,
-2267,-521,
953,-2135,
5128,-2184,
5665,-1430,
3144,-964,
675,-743,
-383,-426,
-463,-61,
-209,140,
-90,127,
-174,-24,
-317,-162,
-71,-245,
87,-275,
-66,-72,
-31,447,
-16,571,
-105,330,
-347,23,
-477,-108,
-502,-290,
-348,-621,
-375,-839,
-319,-742,
-113,-365,
101,104,
111,252,
29,142,
-61,80,
-68,120,
-223,150,
-319,-84,
-91,-149,
232,-287,
375,-265,
115,-268,
-154,-135,
-157,-149,
-215,-122,
-112,-16,
-130,24,
-233,103,
-167,185,
-159,242,
-91,140,
-68,40,
-97,-3,
-13,-228,
-10,-275,
-14,-226,
-173,-76,
-133,-7,
-25,168,
-9,207,
-46,200,
-131,129,
-156,35,
-70,-13,
-55,64,
-100,205,
-24,115,
-27,-5,
-26,-72,
-91,-189,
-113,-50,
-122,135,
-179,148,
-101,151,
-114,81,
-152,22,
-233,-72,
-194,-182,
-89,-152,
-55,-86,
-120,22,
-338,15,
-150,53,
-40,-2,
29,26,
14,127,
11,90,
-84,27,
-137,55,
-88,64,
-128,51,
-137,27,
-144,-28,
-86,-51,
-94,-3,
-109,25,
-122,104,
-171,71,
-40,21,
-18,59,
-102,82,
-124,124,
-136,2,
-14,0,
-35,-45,
-72,-27,
-155,11,
-100,-1,
-110,32,
-100,-6,
-85,-18,
-93,-18,
-53,83,
-134,74,
-21,36,
-1,12,
-40,-66,
-97,-123,
-170,-94,
-86,-25,
-108,-8,
-94,6,
-65,14,
-78,-16,
-36,32,
-96,-27,
-100,38,
-106,-43,
-159,-60,
-210,-11,
-77,136,
-32,149,
-89,90,
-104,16,
-148,50,
-178,14,
-88,81,
-84,43,
-73,106,
-33,42,
-38,8,
-96,-31,
-110,-20,
-57,25,
-76,81,
-157,113,
-51,60,
1,-39,
-44,-28,
-82,-16,
-150,28,
-45,17,
-120,-53,
-70,-32,
-93,32,
-67,14,
00>
_________________________________
00>
00>
Printing STS1 CIR
00>
00>
_________________________________
00>
-58,0,
-41,-54,
22,-39,
64,-2,
-4,-15,
-21,61,
4,25,
12,-25,
-10,-32,
36,-13,
29,42,
75,40,
44,12,
41,37,
-46,-22,
-1,5,
25,41,
53,46,
42,-26,
33,38,
14,90,
6,20,
20,-11,
28,-43,
53,-31,
41,25,
-11,-33,
-8,-60,
3,-25,
3,-31,
-3,-28,
24,49,
0,29,
3,-1,
-9,58,
-3,-17,
59,-19,
2,-14,
3,-46,
-21,-49,
-12,7,
-39,-58,
-35,-6,
4,80,
4,71,
6,-41,
10,27,
51,3,
22,-8,
31,4,
21,-16,
33,22,
24,46,
-58,23,
-9,11,
9,-50,
-4,-64,
4,18,
18,-13,
17,19,
38,-11,
85,6,
36,-20,
3,5,
26,25,
3,6,
21,-36,
34,-11,
18,51,
-53,-24,
13,4,
27,16,
38,6,
29,63,
16,90,
11,76,
-2,12,
5,55,
54,22,
48,32,
20,51,
32,40,
68,20,
-32,-40,
-21,-6,
-35,-24,
24,-47,
29,-18,
91,-47,
156,38,
86,40,
33,49,
16,46,
54,-59,
106,-28,
51,7,
-17,34,
-49,48,
30,19,
7,-3,
21,26,
1,1,
41,-89,
4,-94,
-1,-25,
31,23,
-10,14,
-54,9,
-50,21,
-20,-15,
-14,12,
-36,-14,
-8,-1,
3,-29,
3,-8,
15,0,
-12,24,
-24,81,
-11,95,
-19,87,
-54,82,
-23,31,
-20,-18,
-91,10,
7,-9,
-35,-14,
-28,-5,
-55,15,
25,8,
0,19,
41,22,
16,48,
44,-3,
36,-93,
56,-41,
29,33,
30,34,
11,-45,
53,-10,
45,77,
1,-8,
-1,15,
28,-20,
16,-23,
9,14,
29,39,
52,31,
33,46,
-43,18,
-45,-2,
-16,87,
-29,121,
-18,71,
23,71,
5,7,
34,-12,
12,44,
3,38,
-14,86,
-10,29,
-57,76,
27,34,
36,12,
53,37,
-17,23,
-14,-41,
3,-62,
21,-51,
-7,23,
-6,40,
34,41,
-17,95,
-33,65,
23,82,
76,20,
18,26,
-6,41,
39,21,
50,19,
16,33,
-37,58,
4,3,
64,6,
87,1,
64,-1,
12,-21,
15,37,
40,-24,
2,9,
-5,-22,
-66,29,
21,30,
87,-35,
-14,6,
8,38,
46,-23,
38,22,
-57,19,
-41,68,
-34,59,
-50,119,
-1,47,
56,7,
2,-5,
20,-12,
-19,43,
4,58,
-20,12,
18,1,
-20,58,
-12,36,
40,58,
-32,2,
-4,-31,
1,-19,
13,-20,
0,23,
8,-12,
-15,-52,
-34,-106,
5,-67,
55,-11,
67,-19,
50,2,
-13,27,
-26,-21,
20,-57,
34,11,
22,-14,
-28,60,
-27,64,
-16,-10,
0,-34,
19,-31,
-67,65,
-86,75,
-11,89,
72,28,
-2,-15,
26,52,
-39,42,
-16,76,
-6,72,
-11,34,
-63,41,
-100,71,
24,89,
48,56,
-56,113,
-78,21,
45,-105,
12,-123,
1,-41,
-35,17,
-39,-10,
18,-34,
26,3,
69,-33,
88,-43,
-28,-24,
-28,-12,
-50,34,
14,81,
-6,53,
-50,68,
26,86,
22,68,
-2,23,
-28,-2,
-52,18,
-24,24,
25,-1,
-10,-6,
8,-12,
26,-19,
11,-3,
-4,70,
65,5,
20,-38,
-16,-26,
-17,4,
7,-25,
-9,-74,
-7,-67,
-31,14,
11,24,
17,55,
47,-8,
48,4,
2,34,
-40,100,
-9,-28,
48,-33,
62,-11,
-6,4,
-5,6,
-8,11,
-10,-10,
-51,54,
-54,-3,
-48,-15,
-10,-1,
41,40,
47,20,
33,24,
17,56,
6,54,
14,7,
-28,-40,
49,-99,
-5,-18,
6,34,
6,-18,
32,-30,
8,24,
-26,-17,
-58,-35,
-12,-12,
-78,22,
-57,-10,
-31,1,
3,-16,
32,40,
11,28,
32,21,
53,11,
50,42,
6,96,
3,74,
-14,10,
-6,25,
-12,3,
-19,-20,
-72,56,
-36,34,
-22,15,
12,61,
-1,48,
2,-17,
-42,-28,
66,24,
71,26,
-34,81,
5,77,
24,38,
45,-35,
71,28,
49,14,
19,-52,
-15,-61,
-46,-12,
23,21,
52,12,
80,-27,
42,-29,
25,64,
583,-13,
3607,-51,
7693,1014,
7984,2264,
7522,3763,
1225,2547,
-2978,219,
-2295,-427,
-964,1029,
-1217,2322,
-1577,1858,
-979,451,
-343,-235,
-194,-141,
-232,35,
-191,51,
-159,84,
-263,343,
-160,569,
-129,580,
-120,443,
333,122,
428,-234,
4,-373,
-326,-324,
-294,-213,
-178,-81,
-168,0,
-167,68,
-6,149,
112,114,
30,-51,
-140,-132,
-400,-40,
-118,79,
-68,78,
-144,64,
-379,-98,
-325,-239,
-101,-308,
57,-250,
-88,-224,
-288,-253,
-271,-209,
-150,-132,
-125,13,
-87,59,
90,1,
256,-16,
505,57,
145,47,
26,34,
38,-4,
5,-116,
-37,-65,
-119,-76,
-110,-86,
16,-85,
55,1,
-16,-21,
-121,-42,
-137,-3,
-102,55,
-144,101,
-122,200,
-129,242,
-38,88,
-36,-51,
75,-163,
45,-239,
-39,-101,
-22,-152,
28,33,
-67,78,
-176,120,
-161,49,
-172,-87,
-67,-155,
73,-184,
179,-131,
159,-142,
27,-103,
-42,-64,
-8,-52,
-18,15,
-95,-29,
-142,1,
-163,-31,
-130,-8,
-98,-57,
-111,-42,
-69,-8,
-59,-51,
-17,-82,
44,-65,
-21,19,
-55,-36,
-11,4,
13,78,
5,119,
18,17,
-6,-85,
-20,-89,
-57,-72,
-67,-3,
-117,26,
-134,13,
-75,-21,
-18,26,
44,35,
36,-57,
-1,-25,
-38,7,
-54,94,
-23,42,
-24,57,
-52,16,
-109,-39,
-143,-73,
-62,-39,
-41,-85,
-52,-101,
-22,-78,
-13,-77,
-57,-56,
-42,-50,
-87,-2,
-58,-53,
-82,-59,
-134,-14,
-44,87,
-14,28,
8,-21,
-83,-64,
-86,-37,
-77,-46,
-73,-14,
-105,-2,
-104,-16,
-71,-24,
-31,-57,
-15,-24,
-38,-5,
-54,-27,
-53,-33,
12,-51,
-11,-46,
-7,29,
-4,34,
49,11,
9,-59,
-71,-102,
-61,-66,
-77,-52,
-50,-12,
-7,-29,
00>
_________________________________
00>
RX Timestamp: 816829906497
00>
Clock Offset: 2146.053 Hz, -0.269 ppm
00>
RX Timestamp: 817904909118
00>
Clock Offset: 2231.598 Hz, -0.279 ppm
00>
_________________________________
Sequence Number: 80
00>
00>
Printing STS0 CIR
00>
00>
_________________________________
00>
-43,51,
27,92,
29,38,
24,13,
127,28,
129,-24,
20,-59,
7,-69,
-13,-16,
-55,-44,
-31,-3,
-104,-37,
7,-59,
-24,-23,
21,40,
-1,-13,
5,32,
-3,34,
4,68,
28,32,
25,65,
-46,19,
-87,15,
-14,-4,
60,23,
12,31,
22,13,
7,2,
8,25,
22,0,
29,27,
-20,-8,
-4,4,
-69,8,
-41,7,
-3,-7,
67,57,
121,94,
-57,59,
-35,41,
62,91,
85,33,
7,-24,
-64,78,
-39,57,
-10,-112,
-7,-64,
-45,45,
31,92,
0,33,
48,-41,
-52,-24,
5,-3,
-42,57,
-39,44,
11,-7,
92,-4,
-63,-16,
45,-27,
2,17,
42,17,
24,16,
24,74,
59,66,
-11,44,
-58,-20,
-54,-83,
-16,-3,
-37,-15,
-12,45,
57,-3,
67,-28,
77,16,
-55,44,
-13,48,
30,21,
1,65,
-13,82,
16,90,
31,35,
83,39,
0,38,
-40,-24,
-63,78,
5,12,
66,28,
47,6,
50,43,
10,-70,
14,3,
78,-17,
39,19,
-35,81,
-51,-9,
17,51,
11,16,
53,23,
42,13,
17,-15,
-56,40,
-48,85,
42,77,
118,51,
6,5,
-114,7,
-15,-93,
-20,-32,
-14,94,
0,88,
-16,-23,
-17,5,
-49,2,
-40,-40,
-11,-22,
4,-34,
47,68,
47,89,
45,29,
-1,-34,
76,-8,
45,7,
10,89,
21,2,
53,-13,
13,43,
28,54,
55,76,
42,14,
70,29,
89,-1,
24,2,
44,100,
15,71,
-43,5,
-29,-70,
-39,-75,
-74,-101,
16,-52,
54,29,
41,19,
13,-10,
10,-6,
-40,-81,
-31,-24,
8,71,
65,16,
74,-19,
32,-23,
-18,-6,
-70,50,
6,-27,
39,-5,
-56,82,
-40,58,
14,60,
39,-35,
28,-50,
-1,-30,
8,31,
54,-16,
-40,-55,
-63,39,
11,15,
4,53,
2,43,
32,-39,
37,-92,
33,-24,
-56,-36,
-20,-3,
-2,11,
-33,-47,
-1,-12,
-13,25,
-24,-33,
36,-37,
-12,70,
-49,75,
-5,-14,
17,-50,
35,5,
39,97,
-5,64,
33,-22,
12,-30,
38,-75,
-11,-76,
-24,-11,
0,56,
-4,44,
15,45,
19,66,
51,52,
67,-6,
25,44,
95,32,
-11,51,
16,20,
9,14,
48,8,
-24,58,
7,-42,
47,-33,
39,22,
7,25,
-18,48,
27,63,
-4,-12,
-51,-51,
-50,29,
-50,37,
-15,-9,
-33,0,
-46,120,
-9,42,
50,-11,
56,21,
20,19,
26,1,
18,14,
46,-33,
12,-1,
56,-6,
55,14,
53,38,
65,16,
59,-29,
53,-40,
47,20,
46,63,
25,32,
70,-38,
13,-99,
-36,-45,
-10,-29,
6,23,
11,-15,
-3,4,
32,-4,
0,-51,
-57,-19,
-53,-1,
-6,-5,
-26,5,
11,19,
65,29,
-8,30,
7,70,
-25,104,
25,54,
1,0,
28,36,
9,-14,
82,-124,
32,-54,
-1,-15,
67,46,
-3,35,
11,-32,
58,-22,
64,-27,
68,-11,
20,6,
23,67,
-52,35,
-41,38,
-28,29,
-11,0,
43,-16,
64,25,
62,-43,
-46,-37,
-13,-3,
4,128,
90,28,
61,-29,
-17,-35,
-10,4,
42,40,
-31,23,
76,34,
19,20,
-17,-22,
1,-22,
-27,-23,
17,22,
31,-61,
0,-42,
-55,-34,
24,47,
90,53,
38,50,
14,21,
-36,14,
-62,55,
-47,24,
-57,54,
5,6,
-5,35,
1,-36,
28,28,
27,-17,
-34,74,
15,28,
46,40,
14,-49,
5,-7,
9,-27,
43,40,
-4,27,
12,-35,
15,5,
-43,-67,
-11,-29,
16,46,
-62,13,
31,89,
156,29,
121,9,
69,-64,
42,-29,
-8,-12,
-26,-27,
26,-7,
-16,-45,
42,-53,
3,54,
-17,-26,
67,-51,
53,-19,
81,-21,
30,-37,
-19,50,
-65,46,
-72,3,
-6,69,
55,74,
-27,10,
16,58,
47,-14,
28,15,
49,26,
-8,14,
29,1,
28,16,
3,43,
0,19,
8,38,
16,28,
-12,-9,
-34,-37,
187,-432,
1501,-2014,
4113,-3977,
5393,-3649,
3213,-877,
-488,1573,
-2643,2130,
-3026,2045,
-3766,2573,
-4683,2646,
-3846,1737,
-1502,540,
67,63,
349,-9,
165,77,
84,61,
146,52,
213,17,
215,87,
251,92,
334,-116,
227,-203,
161,-251,
54,-229,
-17,-170,
52,1,
121,166,
328,196,
473,206,
464,219,
268,50,
15,-171,
-113,-244,
-62,-85,
92,-7,
57,24,
135,106,
62,231,
-8,291,
-156,157,
-250,-105,
-92,-230,
-52,-248,
-16,-102,
22,-14,
100,58,
165,7,
213,3,
164,-4,
186,-141,
216,-143,
191,-2,
148,117,
92,41,
48,-39,
-56,-26,
-239,128,
-89,82,
11,-82,
32,-160,
52,-36,
4,122,
-65,34,
-61,3,
-42,23,
-83,13,
-46,45,
3,-76,
102,-159,
32,-73,
64,33,
-12,124,
19,103,
83,19,
19,-12,
-37,61,
-130,128,
-151,62,
-105,-14,
42,-41,
-46,1,
-155,-42,
-205,-43,
-26,-16,
-18,83,
-7,93,
-63,78,
42,109,
-15,70,
-5,-2,
-63,-4,
18,35,
54,-12,
58,37,
20,18,
22,12,
37,26,
6,66,
49,-25,
13,-59,
62,-11,
16,-1,
41,-55,
19,-44,
82,15,
66,-26,
-12,-35,
-9,-1,
-18,10,
43,6,
-9,14,
13,37,
40,10,
49,24,
37,18,
48,-24,
59,-131,
19,-101,
120,-3,
36,-19,
-29,-64,
-71,18,
-14,-50,
27,-34,
2,32,
-16,73,
22,56,
-77,-11,
-71,1,
21,55,
24,66,
19,82,
49,85,
14,-12,
15,-20,
-56,28,
-43,36,
-38,68,
-45,-23,
-52,-13,
72,-5,
73,-17,
-11,25,
15,-47,
41,-11,
8,38,
-29,41,
-24,-57,
38,-35,
42,4,
-13,-35,
37,14,
22,35,
-5,36,
-56,-61,
29,-56,
-16,-36,
-18,40,
-23,85,
27,32,
-6,-4,
00>
_________________________________
00>
00>
Printing STS1 CIR
00>
00>
_________________________________
00>
24,33,
4,34,
-47,33,
-48,-28,
-13,12,
-22,85,
81,36,
38,3,
43,6,
-27,21,
16,13,
34,-121,
25,-49,
22,-16,
11,23,
57,-33,
51,-24,
86,-33,
73,-18,
-44,29,
-21,35,
1,-29,
94,18,
1,50,
-22,71,
25,19,
101,-21,
65,-42,
-2,-22,
1,-5,
38,-25,
34,-20,
-2,6,
-14,-39,
-39,-6,
-12,-28,
47,30,
-9,28,
-59,32,
-98,50,
-32,20,
-16,-22,
15,-16,
80,-9,
61,14,
-2,33,
18,7,
-5,-1,
-44,11,
-43,-4,
27,54,
100,28,
36,39,
27,14,
58,51,
124,56,
83,14,
67,-51,
64,8,
90,79,
81,79,
36,23,
45,1,
-2,11,
58,99,
58,42,
52,-30,
14,-30,
-40,4,
-26,52,
85,27,
71,-3,
-32,3,
-33,11,
87,-78,
79,21,
37,58,
57,86,
11,20,
32,5,
98,-51,
39,17,
79,102,
29,86,
3,20,
20,-35,
14,12,
-4,35,
44,8,
32,17,
-49,12,
-64,33,
-52,84,
-14,12,
26,19,
17,-12,
7,12,
-7,1,
-43,-19,
2,47,
13,1,
-45,6,
50,15,
36,51,
8,17,
52,19,
109,43,
71,57,
-10,9,
-32,-3,
13,22,
42,-19,
53,-60,
1,-19,
-28,-22,
-29,-9,
-51,9,
15,70,
28,94,
69,65,
54,13,
-27,-34,
-17,20,
-13,48,
-50,3,
28,-15,
26,-59,
41,39,
-66,59,
4,19,
26,-13,
-52,27,
4,-21,
37,11,
58,74,
15,11,
45,-14,
46,-17,
63,-13,
75,-7,
55,-17,
48,8,
-2,90,
95,7,
58,-76,
-50,-26,
-50,-60,
-29,-33,
16,39,
4,68,
18,81,
39,-4,
-14,-1,
11,-34,
25,-26,
63,-23,
52,8,
48,53,
0,78,
6,1,
36,-83,
32,-9,
41,84,
-6,57,
-10,20,
-27,26,
-29,-2,
123,-49,
47,-28,
2,-11,
-54,21,
20,73,
75,34,
44,13,
5,9,
4,19,
30,-4,
39,-17,
-5,-63,
-48,15,
11,63,
29,60,
9,4,
21,17,
51,10,
106,58,
50,33,
7,25,
39,7,
41,49,
22,14,
35,20,
2,-62,
10,0,
42,-1,
76,-2,
35,-2,
49,28,
78,46,
78,34,
78,49,
59,22,
11,25,
66,8,
25,49,
2,66,
55,24,
39,-8,
-14,-39,
-44,-22,
-80,59,
6,-3,
-8,35,
13,41,
-20,20,
-48,72,
-25,100,
67,-25,
79,-29,
-5,-30,
0,-20,
22,-19,
20,-12,
33,-62,
38,-8,
-12,-32,
-51,-40,
-27,47,
-13,19,
5,-32,
-57,-33,
-10,-10,
-21,-33,
6,-40,
53,-32,
71,-27,
28,38,
27,38,
-62,82,
66,29,
80,-35,
50,-5,
46,24,
-12,41,
15,25,
44,19,
59,57,
72,17,
11,-4,
16,26,
9,38,
-8,5,
-31,-2,
-39,36,
-23,69,
64,75,
11,35,
55,43,
40,16,
94,14,
15,3,
89,-8,
81,22,
57,7,
12,31,
30,18,
116,-20,
28,-12,
51,20,
-12,-5,
87,2,
86,44,
52,64,
42,111,
46,50,
-5,-11,
-39,2,
39,77,
19,81,
31,43,
-27,-35,
34,-3,
39,8,
28,-16,
5,9,
89,103,
68,44,
69,-3,
35,-13,
-48,4,
-37,19,
-1,3,
46,-5,
31,-62,
-26,25,
7,1,
25,-45,
32,-30,
11,-18,
14,-18,
-5,-52,
-4,-67,
-23,-80,
-10,-19,
-19,82,
14,39,
15,6,
87,57,
48,83,
76,71,
14,-6,
17,13,
77,-31,
83,-17,
25,-42,
-45,1,
-37,14,
68,-5,
50,-14,
-32,52,
-26,31,
11,1,
62,34,
73,48,
-68,-13,
-69,-62,
2,-42,
88,29,
57,46,
13,19,
75,57,
38,20,
32,-53,
-18,-27,
83,19,
113,-54,
47,-69,
-38,-50,
-5,-8,
-4,-41,
3,4,
-29,-2,
-5,-8,
99,17,
172,53,
110,-29,
-16,27,
-10,41,
15,-24,
27,15,
71,12,
332,-441,
1837,-2015,
4532,-3891,
5848,-3879,
4042,-1716,
559,233,
-736,-45,
271,-1643,
1482,-2679,
1485,-2359,
867,-1245,
305,-208,
-29,398,
-159,364,
-96,161,
-46,97,
-81,124,
-213,-54,
-330,-244,
-236,-296,
-131,-72,
26,176,
-57,198,
-238,215,
-289,299,
-303,397,
-324,175,
-299,-78,
-281,-261,
-257,-257,
-164,-126,
-59,-123,
62,-138,
41,-94,
-79,195,
-88,238,
-191,123,
-188,49,
-99,-42,
-4,26,
-5,113,
-24,139,
9,104,
36,119,
30,99,
18,74,
-12,120,
20,88,
28,101,
21,126,
12,136,
29,69,
51,11,
-25,11,
-102,-4,
-117,62,
-131,110,
-54,43,
6,87,
33,92,
-72,60,
-109,70,
-73,75,
-78,51,
-54,49,
-53,106,
-80,30,
-55,-119,
-133,-142,
-143,-43,
-38,57,
47,73,
99,143,
47,119,
-25,185,
-25,142,
-88,103,
-56,-33,
-30,-41,
-75,-6,
-148,119,
-128,59,
-78,-50,
-11,-1,
37,89,
-47,97,
-57,82,
-12,83,
-65,74,
-22,37,
-65,11,
-59,77,
-56,111,
3,67,
-31,18,
22,54,
59,114,
7,165,
-49,146,
-20,129,
-34,122,
-70,141,
-82,37,
-43,53,
-12,47,
-29,96,
-10,131,
-8,117,
-63,111,
-1,116,
-6,111,
-35,109,
-61,128,
-81,136,
-23,82,
-53,67,
-75,65,
-97,51,
-89,-23,
-36,17,
-25,81,
30,79,
-47,70,
-14,53,
-23,61,
-47,37,
-92,44,
-118,55,
-34,102,
-25,91,
-23,36,
-21,43,
-14,50,
-14,86,
-83,31,
-70,128,
-47,129,
-64,152,
-58,51,
-127,96,
-66,77,
-1,22,
-12,47,
22,28,
7,21,
40,72,
-26,55,
4,44,
52,71,
-31,120,
-57,120,
-62,93,
-74,92,
-113,83,
-119,89,
-29,56,
-38,106,
-93,76,
-100,75,
-75,8,
-58,48,
00>
_________________________________
00>
_________________________________
Sequence Number: 83
00>
00>
Printing STS0 CIR
00>
00>
_________________________________
00>
-29,-67,
-12,12,
34,-12,
-2,12,
-18,-39,
20,4,
50,76,
4,86,
-1,-20,
32,5,
20,-15,
75,27,
30,26,
3,44,
-14,12,
20,-17,
66,-41,
51,47,
-55,16,
-23,39,
34,17,
26,-31,
42,-14,
-8,49,
-45,5,
-77,-9,
-31,42,
-35,33,
-50,27,
-67,32,
-17,0,
56,18,
49,-2,
34,14,
-75,-31,
-81,3,
-59,43,
-22,28,
35,22,
-23,58,
-8,100,
-17,6,
91,26,
81,41,
41,49,
6,7,
20,23,
58,79,
65,51,
57,28,
-69,15,
-36,14,
-10,24,
41,9,
13,51,
-20,56,
-20,60,
21,69,
29,-27,
20,6,
26,40,
38,98,
65,52,
13,34,
-46,20,
-42,20,
-3,43,
63,45,
-30,37,
2,21,
-30,-12,
-6,-64,
36,18,
50,26,
23,68,
-6,92,
-8,2,
0,15,
46,-22,
28,-32,
19,-79,
-3,-24,
8,-25,
52,2,
22,79,
-19,53,
-30,-21,
-5,-10,
39,14,
65,7,
83,136,
72,98,
11,59,
-34,-24,
-78,-26,
-25,28,
7,-9,
16,39,
-25,-6,
27,31,
5,-32,
-11,-17,
-18,-26,
27,-58,
36,27,
-11,45,
-70,16,
-61,-29,
-29,34,
19,19,
9,91,
50,15,
38,54,
-30,41,
34,66,
33,13,
58,32,
-11,88,
-41,62,
27,97,
44,49,
-54,-67,
-19,-36,
1,19,
0,27,
43,87,
13,53,
7,73,
24,33,
26,-9,
-17,-24,
44,-20,
46,17,
-5,-53,
-61,-57,
-53,-7,
-8,61,
-101,50,
-56,65,
88,72,
93,86,
26,72,
-18,-3,
-80,-45,
-24,-59,
7,15,
32,-1,
30,-34,
25,6,
-13,36,
-9,-24,
-18,52,
26,-43,
-1,-28,
35,17,
10,10,
-38,10,
73,-3,
57,10,
61,-11,
-4,-19,
10,13,
31,-57,
39,41,
-2,88,
48,-21,
12,-8,
-7,-64,
6,17,
30,-14,
31,36,
-43,83,
-2,85,
12,111,
83,57,
28,-19,
0,-22,
-31,-15,
56,-48,
-16,5,
-63,4,
6,-12,
35,4,
76,-107,
3,-64,
35,6,
87,42,
50,21,
-37,19,
0,100,
43,81,
35,39,
6,-31,
32,-11,
20,35,
6,23,
37,9,
56,58,
16,46,
14,26,
-30,9,
2,6,
-5,23,
55,100,
4,57,
-20,20,
12,-26,
25,10,
14,61,
-17,40,
2,2,
13,-100,
11,-94,
29,-35,
65,-39,
70,-30,
-40,-21,
-72,-30,
-32,-24,
-40,8,
-18,-6,
-14,98,
-12,88,
7,27,
-41,-13,
-84,-45,
-29,-16,
-19,82,
24,32,
-3,-59,
23,-85,
34,10,
20,27,
21,31,
-19,-32,
43,54,
65,80,
-30,-36,
-50,-41,
-19,41,
-21,71,
-53,61,
-40,6,
23,32,
67,9,
-11,-12,
21,-13,
65,32,
52,-1,
34,17,
-27,-9,
-48,-44,
115,82,
-25,111,
24,9,
57,-75,
4,-14,
-43,-46,
-51,41,
64,44,
121,82,
86,-3,
-26,-57,
-6,-21,
-19,71,
38,-40,
44,-32,
64,-53,
1,-58,
-26,-37,
76,46,
95,18,
43,7,
-52,16,
-27,-51,
-17,68,
51,39,
39,16,
40,-3,
7,59,
-15,23,
-19,51,
33,-14,
82,-26,
36,46,
11,77,
-1,68,
-21,-1,
-51,-33,
18,-31,
47,18,
66,-18,
34,-18,
-26,-3,
-20,12,
-25,75,
4,0,
12,14,
-36,-33,
-19,55,
1,39,
-31,-23,
-10,-20,
-31,-31,
50,-14,
90,-2,
33,33,
35,37,
-48,32,
17,-38,
33,-5,
47,64,
-48,15,
-39,81,
-29,58,
1,-20,
-23,28,
-7,5,
-36,-30,
38,-26,
11,48,
17,25,
-14,-24,
21,-21,
-27,-27,
-23,-69,
8,20,
-26,-11,
-10,44,
35,48,
0,41,
22,42,
72,30,
94,22,
77,51,
0,-49,
27,-39,
43,2,
44,-39,
-13,-22,
87,6,
106,59,
115,41,
15,-17,
-114,-32,
-35,34,
104,18,
45,42,
44,-90,
17,31,
88,114,
65,106,
-18,10,
11,-40,
20,13,
234,-481,
1238,-2277,
3572,-4913,
5300,-4823,
4588,-1803,
1218,1191,
-1109,683,
-1199,-1737,
-191,-3540,
211,-3192,
-7,-1626,
-271,-366,
-301,189,
-106,288,
47,241,
33,156,
-129,91,
-160,149,
-200,6,
-183,-27,
-27,118,
273,196,
258,107,
132,104,
-95,161,
-155,229,
-326,137,
-524,95,
-669,14,
-557,30,
-168,-67,
101,-31,
192,51,
131,66,
14,204,
40,190,
-85,282,
-107,68,
-157,-72,
-90,-157,
-39,-101,
-147,19,
-99,122,
-96,141,
-44,59,
-25,93,
33,146,
80,201,
102,101,
44,124,
36,148,
6,86,
-62,71,
-156,-23,
-173,-44,
-123,-2,
-50,55,
57,68,
79,39,
17,90,
41,114,
41,58,
-11,30,
-29,53,
21,122,
14,142,
54,28,
-41,-44,
-55,-24,
-46,-56,
-8,91,
56,107,
37,188,
14,173,
-1,102,
14,89,
-88,85,
-214,1,
-220,-44,
-158,-36,
-37,125,
-28,286,
-104,124,
-55,7,
94,16,
8,-12,
2,25,
-1,37,
-12,58,
-73,31,
-57,72,
27,86,
45,106,
-4,51,
-11,31,
42,63,
30,105,
-66,24,
-57,54,
-35,132,
-41,96,
-7,52,
-64,66,
-27,37,
-13,47,
1,12,
-59,89,
-30,153,
1,110,
49,62,
-3,10,
-55,88,
-2,98,
-34,83,
-98,-1,
-83,32,
-72,66,
-40,37,
-131,-52,
-52,12,
-1,12,
-16,-30,
-46,-85,
-73,-10,
-20,16,
94,100,
9,102,
1,77,
-19,111,
-25,134,
-49,41,
-88,55,
-103,26,
-105,38,
-93,24,
-20,9,
-70,63,
-26,86,
-100,33,
-10,32,
-27,81,
-32,131,
-67,103,
-34,86,
46,94,
-20,128,
-12,58,
89,115,
-17,128,
-46,26,
-51,2,
-95,21,
-69,3,
-22,49,
12,67,
-46,84,
-42,45,
00>
_________________________________
00>
00>
Printing STS1 CIR
00>
00>
_________________________________
00>
-14,38,
39,1,
-5,-24,
-40,-46,
-28,-66,
10,7,
42,-41,
45,7,
7,-55,
-23,-21,
-14,-30,
-35,18,
-37,14,
18,40,
-9,-32,
49,-21,
28,72,
69,64,
70,13,
16,-30,
21,17,
-111,63,
-81,-23,
-27,-15,
-17,-20,
-27,-7,
7,6,
24,-25,
10,-17,
-4,-19,
39,35,
30,40,
-7,-3,
-21,-88,
8,-18,
47,-27,
91,31,
37,59,
81,38,
96,63,
24,76,
12,30,
21,-19,
65,-6,
26,11,
-1,64,
56,4,
45,4,
-47,20,
-4,-53,
-16,-41,
-12,1,
-58,57,
-17,0,
-18,8,
-65,-42,
-72,18,
-33,39,
48,27,
11,5,
29,-4,
15,16,
16,-34,
-3,-73,
-35,8,
-49,45,
4,51,
50,-5,
-15,-30,
-87,-21,
-37,7,
-21,-19,
-44,-57,
-23,-24,
-18,11,
35,-15,
67,22,
60,25,
109,-38,
8,12,
37,13,
45,54,
71,-4,
40,-35,
81,-37,
41,53,
-8,21,
19,39,
-35,55,
53,-41,
-7,-35,
-51,15,
11,73,
101,36,
114,37,
41,-60,
16,-20,
-43,48,
-7,60,
-21,78,
21,57,
47,19,
71,1,
47,17,
54,0,
67,-50,
40,-17,
48,-24,
-56,-34,
21,-16,
-6,-51,
0,-19,
-36,-9,
10,33,
10,-6,
-10,-10,
27,68,
37,35,
63,57,
68,60,
21,28,
39,-61,
-2,-1,
-25,-1,
48,15,
40,35,
35,-9,
-32,-35,
21,-34,
75,-53,
86,-51,
51,40,
-6,39,
52,29,
64,49,
89,7,
56,-23,
40,22,
5,-25,
31,5,
82,-29,
52,7,
36,16,
50,23,
30,11,
-21,-35,
-14,-12,
-7,-27,
-56,68,
-12,62,
55,65,
53,46,
37,-36,
32,-9,
12,4,
52,-4,
46,66,
-11,58,
50,15,
88,14,
48,-17,
-2,10,
-19,35,
-18,83,
-6,9,
9,-48,
-33,-57,
-36,-56,
-42,-4,
30,-8,
19,49,
34,42,
35,-69,
7,49,
-30,20,
-30,50,
11,13,
22,63,
18,16,
25,7,
36,-35,
-68,-84,
-41,-37,
-7,-59,
73,-42,
83,-33,
93,15,
55,-22,
33,1,
47,52,
42,-21,
-9,3,
27,-25,
24,-33,
-11,-6,
-59,-5,
-69,40,
-38,4,
-46,-13,
-12,-80,
-51,-47,
57,-22,
93,15,
53,18,
-1,69,
1,28,
57,8,
72,-17,
-22,-13,
71,-52,
51,23,
55,32,
56,-26,
23,-126,
-63,-35,
-69,31,
-104,18,
6,36,
43,21,
-22,-11,
-26,-12,
-7,7,
-7,3,
31,16,
38,-27,
88,-9,
36,9,
0,-15,
-58,39,
59,8,
34,-26,
64,-28,
-15,-1,
-12,-33,
18,-2,
9,28,
117,25,
81,-13,
33,21,
-5,74,
35,21,
43,-2,
-10,-8,
71,-13,
54,-13,
-69,-39,
-60,3,
14,4,
61,-2,
40,-48,
-23,16,
66,37,
46,1,
11,1,
21,40,
10,10,
21,28,
83,52,
146,87,
71,47,
28,9,
0,29,
70,48,
44,32,
37,12,
-27,14,
-31,40,
22,45,
27,41,
-30,46,
70,52,
60,56,
28,21,
-25,-22,
4,-63,
17,-57,
25,8,
-4,34,
-50,-47,
11,-35,
4,72,
37,66,
38,25,
59,26,
22,25,
14,87,
-17,96,
10,52,
11,61,
26,-11,
25,-5,
-47,23,
-7,38,
-53,43,
2,60,
48,35,
64,14,
-42,43,
5,52,
21,52,
26,76,
14,19,
-76,4,
-79,-31,
-23,121,
54,73,
63,54,
29,78,
-13,20,
-37,21,
9,-27,
49,32,
35,4,
31,-23,
2,-32,
-49,30,
-30,7,
9,-24,
57,-62,
63,-3,
62,47,
25,26,
28,66,
68,31,
21,45,
-45,55,
-23,64,
49,49,
1,58,
-8,113,
-8,89,
8,89,
-40,85,
12,59,
52,78,
45,13,
13,-41,
-6,-23,
42,-11,
56,86,
-63,42,
-62,-55,
-43,-46,
-16,35,
-11,71,
63,-3,
63,-15,
9,10,
20,49,
8,36,
-25,96,
-60,53,
-22,0,
-13,-16,
80,-52,
333,-628,
1739,-2711,
3947,-5363,
5196,-5691,
4259,-3147,
884,665,
-1056,1984,
-511,1076,
660,675,
861,1108,
395,1237,
-57,632,
-170,136,
-132,73,
-93,198,
-67,166,
40,95,
196,136,
283,259,
293,366,
284,103,
128,-182,
-50,-210,
-257,10,
-300,103,
-186,148,
-133,168,
-111,225,
-69,229,
85,89,
134,-55,
31,-28,
-44,45,
-71,196,
-16,230,
48,194,
-71,242,
-99,164,
-71,173,
-142,-34,
-182,-20,
-237,61,
-241,130,
-189,127,
-109,109,
-76,73,
-47,95,
19,-61,
178,-135,
167,-305,
43,-106,
53,10,
92,78,
-2,104,
-75,93,
-98,68,
-44,32,
-25,10,
6,31,
1,49,
-74,133,
-56,172,
60,81,
110,48,
99,28,
97,72,
128,161,
55,104,
-119,13,
-105,-149,
-70,-60,
6,-38,
8,6,
26,74,
-96,134,
-127,182,
-111,172,
-119,91,
-45,-44,
-62,-68,
-81,-27,
-20,-1,
-9,28,
-15,52,
-49,94,
-20,48,
-8,37,
51,62,
56,71,
35,38,
-5,44,
-23,64,
-4,62,
-22,46,
-75,37,
-75,-1,
-36,53,
-7,74,
32,47,
20,-18,
-47,7,
-112,27,
-93,48,
0,39,
-2,68,
36,50,
9,45,
0,13,
10,59,
1,8,
57,60,
18,76,
-11,62,
21,40,
9,-10,
-61,-46,
-54,-21,
-7,5,
8,33,
-33,-8,
-10,5,
-52,31,
-63,83,
-24,111,
-20,26,
-67,50,
-86,64,
-75,86,
-37,77,
-12,64,
-4,35,
39,40,
29,119,
-2,61,
5,85,
-42,19,
12,56,
5,58,
-68,37,
-8,23,
-47,52,
4,2,
-63,71,
-60,16,
-23,23,
-16,12,
26,49,
-7,-3,
-67,2,
-46,48,
63,85,
-32,81,
-25,35,
-84,25,
14,-10,
-47,14,
-45,32,
00>
_________________________________
00>
RX Timestamp: 957264924677
00>
Clock Offset: 2596.092 Hz, -0.325 ppm
00>
RX Timestamp: 958339076876
00>
Clock Offset: 1320.362 Hz, -0.165 ppm
00>
_________________________________
Sequence Number: 216
00>
00>
Printing STS0 CIR
00>
00>
_________________________________
00>
-7,35,
2,21,
-29,17,
-10,28,
17,27,
11,33,
24,81,
6,73,
-5,72,
-13,46,
-32,8,
-23,37,
-10,31,
20,-10,
1,27,
-45,3,
-91,-19,
-4,36,
11,6,
-45,-2,
-72,-71,
-81,36,
-4,24,
39,-30,
-28,8,
-67,26,
-34,-12,
-35,8,
-18,-7,
-33,-22,
14,99,
-27,136,
-20,33,
0,28,
-52,94,
4,118,
91,39,
50,15,
2,1,
21,-74,
-8,-83,
-55,38,
0,26,
8,-13,
41,88,
-3,101,
-8,18,
-11,42,
-25,12,
-40,-14,
41,-44,
63,4,
-3,45,
22,19,
61,11,
48,42,
79,34,
98,29,
31,52,
-65,37,
-50,-9,
9,14,
82,4,
-7,88,
-64,100,
-10,-2,
51,-7,
39,-4,
-16,7,
68,28,
39,26,
4,28,
-37,45,
56,118,
4,12,
-65,4,
-76,38,
-19,29,
-9,50,
11,27,
56,49,
37,61,
3,52,
-8,5,
30,-67,
54,-42,
1,-55,
-65,-63,
-67,24,
-26,-31,
26,30,
101,108,
44,65,
-12,-8,
-19,-77,
42,-36,
-49,-1,
-58,77,
-7,64,
6,20,
64,-45,
84,-28,
30,-79,
3,-33,
-39,-10,
2,-6,
57,-7,
-20,-56,
5,3,
59,-2,
-5,-25,
39,-10,
45,-50,
-25,-9,
-27,32,
47,47,
2,16,
-10,-2,
61,-47,
34,-1,
10,-12,
-11,2,
14,46,
12,59,
-5,5,
2,-37,
25,68,
-18,17,
36,24,
21,-49,
26,-58,
-36,-19,
-21,107,
-16,91,
-33,88,
37,49,
36,22,
3,47,
-76,24,
8,13,
25,6,
1,-19,
-44,-32,
-21,52,
43,89,
2,63,
-28,73,
-24,51,
56,48,
60,-13,
4,-23,
-10,-47,
34,-6,
-31,22,
-38,-77,
-20,-17,
-66,44,
-50,90,
-71,31,
21,51,
33,28,
17,64,
-2,-44,
-64,6,
-36,-48,
10,9,
60,-32,
62,-6,
13,-23,
-33,-23,
52,25,
31,39,
9,27,
-38,25,
-19,-18,
16,-60,
-54,-46,
42,-129,
61,-94,
53,52,
86,75,
-18,-24,
-42,11,
-25,107,
-28,62,
15,4,
-12,2,
-5,68,
-14,71,
26,-27,
52,-53,
18,-6,
56,85,
32,75,
54,31,
-35,-40,
-35,-62,
37,-96,
-23,30,
34,95,
-19,-20,
-13,-37,
13,-24,
30,41,
40,106,
-35,36,
11,46,
-8,4,
-34,44,
21,21,
-36,10,
-8,-4,
-1,4,
17,-14,
-13,-18,
-9,87,
-48,15,
-39,19,
-34,42,
-34,-4,
-3,34,
-27,28,
-60,18,
-68,-55,
4,-53,
-7,0,
3,40,
-36,19,
45,-7,
-67,-47,
-63,-35,
-27,17,
-8,-36,
-60,4,
-66,-13,
-12,3,
-38,21,
15,58,
26,40,
-11,-5,
-41,-35,
44,-100,
52,-18,
23,104,
86,68,
74,87,
1,8,
0,57,
-2,-30,
-51,-18,
42,-16,
21,-20,
16,6,
16,58,
4,-14,
-62,-20,
52,-87,
54,-114,
3,-78,
6,33,
29,127,
-30,1,
52,1,
-31,9,
-52,68,
-12,54,
24,55,
-11,35,
4,12,
17,33,
40,-9,
-63,21,
-8,-10,
48,10,
78,-7,
-15,44,
-26,65,
-36,34,
30,-60,
6,-33,
-73,21,
-75,49,
86,-12,
73,27,
37,91,
19,38,
-2,20,
25,-17,
27,47,
-26,34,
-19,99,
16,21,
51,-76,
62,-74,
39,-68,
21,-10,
19,-15,
7,59,
17,27,
90,-37,
42,-4,
-59,43,
-75,-11,
-20,-30,
37,-75,
-17,-36,
-57,-118,
-10,-55,
82,27,
47,31,
23,76,
10,-1,
17,-4,
-45,14,
-22,8,
-18,67,
-10,64,
19,15,
-12,17,
-61,-51,
-12,-3,
-27,11,
-33,-20,
6,11,
45,121,
-34,8,
11,67,
29,39,
-63,23,
-48,36,
-41,79,
-14,25,
-41,16,
-70,43,
-20,17,
26,-60,
17,-98,
9,-38,
-18,38,
-5,74,
-22,35,
14,28,
-14,-43,
22,-87,
0,20,
14,53,
12,41,
4,-43,
19,98,
15,52,
336,59,
2098,347,
5355,1493,
6492,2729,
3921,2728,
-937,572,
-3407,-1150,
-3579,-1580,
-4204,-1921,
-5019,-2734,
-4219,-2782,
-1869,-1491,
-185,-45,
229,450,
122,219,
48,51,
45,52,
-76,159,
-95,244,
-41,252,
88,209,
209,141,
368,83,
246,12,
146,-54,
34,-26,
20,60,
31,299,
66,521,
69,665,
81,378,
43,31,
84,-146,
97,-165,
72,-41,
64,-2,
1,175,
-153,164,
-228,162,
-199,-37,
-97,-284,
39,-221,
141,-83,
101,-89,
81,-24,
97,-28,
117,106,
108,232,
167,257,
246,178,
257,106,
129,168,
66,193,
68,140,
21,-81,
-70,-132,
-106,-70,
-61,-29,
-22,10,
-26,11,
-18,-24,
-21,-42,
-63,16,
-102,-99,
-119,-125,
-36,-17,
36,65,
58,47,
141,-63,
131,-73,
16,48,
-75,88,
-39,76,
38,41,
54,25,
-86,34,
-105,8,
-93,-33,
-37,-55,
62,38,
28,21,
32,-129,
-17,-239,
2,-185,
96,-52,
102,7,
44,106,
-41,118,
-49,123,
-113,78,
-37,17,
39,48,
-16,11,
27,67,
-4,74,
7,54,
-54,20,
-85,59,
-21,-8,
-36,50,
-13,88,
48,5,
56,18,
46,1,
64,-76,
15,-32,
-53,-21,
-79,-10,
108,-6,
116,14,
69,58,
85,71,
-20,88,
31,11,
-43,-47,
-11,-65,
51,-62,
142,46,
130,60,
169,72,
14,43,
-46,7,
15,95,
73,121,
22,71,
-16,16,
-65,-9,
-55,-36,
-84,-69,
0,-14,
10,-33,
79,-11,
-24,22,
12,-18,
57,-54,
31,-38,
-19,-29,
-35,19,
-49,-64,
13,-67,
43,-59,
-12,-25,
-58,-3,
89,123,
1,10,
-21,-11,
-51,-15,
-16,34,
-4,80,
-20,39,
-20,35,
11,-13,
74,-64,
34,-15,
19,17,
14,78,
63,48,
6,89,
82,62,
-7,129,
-50,30,
-70,-20,
00>
_________________________________
00>
00>
Printing STS1 CIR
00>
00>
_________________________________
00>
-24,27,
32,5,
84,-37,
25,-10,
28,37,
-61,-83,
-41,-46,
-33,60,
-11,46,
29,71,
-15,-40,
3,36,
39,72,
-10,77,
76,51,
41,-12,
43,-26,
10,-62,
28,-29,
35,-7,
50,-42,
-100,-23,
-47,-6,
7,49,
5,60,
-13,35,
7,-44,
40,-18,
15,-32,
83,-13,
14,28,
38,23,
-8,16,
23,41,
32,-10,
25,-33,
25,-72,
-41,-44,
9,-9,
68,61,
35,83,
-25,93,
-28,59,
23,5,
10,-17,
38,-44,
6,-29,
-2,20,
-23,88,
18,109,
24,-6,
27,10,
69,-11,
99,26,
124,41,
20,1,
76,6,
76,-38,
62,45,
-15,32,
28,9,
24,29,
-15,63,
-79,153,
-39,42,
-31,61,
6,26,
26,30,
11,53,
-22,20,
-58,-18,
27,19,
-7,5,
-3,-28,
32,-27,
6,-46,
-96,-40,
-73,26,
-29,46,
-56,86,
-41,66,
17,40,
34,29,
-13,2,
39,15,
36,44,
-43,78,
-40,26,
-9,0,
42,-93,
0,30,
-24,100,
-2,76,
22,-47,
-25,-8,
21,104,
32,39,
7,13,
39,-41,
31,-41,
-37,-38,
2,16,
54,85,
1,25,
79,-20,
42,-26,
59,3,
40,25,
-9,46,
27,24,
25,6,
-19,-28,
-38,-28,
31,-118,
72,-123,
52,6,
-56,110,
14,25,
-7,-47,
11,17,
-47,66,
-18,26,
-33,40,
-20,33,
-22,-3,
66,-12,
81,-8,
30,48,
-23,98,
-37,65,
-11,25,
21,45,
40,2,
-29,10,
12,75,
-4,82,
-23,25,
70,-10,
75,-12,
26,-26,
10,31,
1,53,
41,-3,
33,4,
6,25,
-49,25,
9,-24,
69,-36,
66,-25,
50,-76,
44,-53,
35,-6,
17,-30,
58,1,
10,9,
-21,0,
28,7,
-13,-62,
10,13,
74,90,
67,35,
-64,19,
-107,-44,
-10,5,
122,33,
82,-34,
-40,-16,
-65,101,
-38,117,
-6,38,
13,27,
104,-24,
24,43,
19,-18,
-31,-12,
19,-48,
3,-14,
-22,-45,
-25,21,
-1,-4,
20,46,
-31,18,
-44,28,
-22,64,
42,0,
-29,-60,
13,21,
34,56,
7,86,
-43,1,
4,17,
21,-15,
-47,94,
-31,66,
-41,51,
-16,-10,
-14,22,
54,3,
-3,6,
57,34,
83,-37,
39,-30,
-6,-4,
6,-44,
14,-10,
-9,-29,
-3,8,
60,47,
39,81,
45,41,
45,31,
89,71,
41,97,
-29,63,
-28,-23,
-2,1,
23,10,
-10,-45,
-20,24,
6,78,
-46,40,
-4,-18,
7,64,
79,-6,
69,-48,
13,-61,
-35,-25,
-1,-16,
-33,7,
10,-57,
-13,-27,
6,-33,
-76,26,
-105,17,
11,-64,
-21,-38,
0,-22,
-61,70,
-21,29,
3,30,
50,-32,
42,-39,
68,-88,
20,-17,
-51,47,
49,-20,
43,-46,
-11,-28,
-14,43,
-21,64,
-16,50,
-33,-16,
-39,50,
-4,-32,
-7,-5,
-87,35,
-40,-5,
-15,-57,
-24,-78,
3,4,
-44,36,
-45,17,
-41,29,
-51,43,
-10,6,
-48,-51,
-16,-89,
96,-14,
18,-28,
-15,-8,
11,87,
-23,76,
58,-75,
18,-57,
-33,-14,
-31,32,
-60,25,
-68,45,
-5,-25,
15,18,
-40,48,
-74,86,
-38,76,
-20,4,
-55,-26,
-37,-91,
27,-38,
-10,1,
-16,-18,
-12,-20,
-3,28,
0,42,
-5,53,
-17,42,
19,-21,
47,3,
36,-10,
-3,-2,
-4,4,
7,-10,
-20,0,
-41,29,
20,26,
64,2,
-11,-7,
24,-55,
25,31,
7,103,
58,32,
-21,9,
-11,-43,
26,-4,
-22,34,
23,15,
59,-13,
-7,-3,
-25,16,
-8,-11,
13,11,
0,94,
29,67,
23,-26,
-13,-32,
26,-17,
-6,-19,
-16,-22,
53,4,
58,6,
-14,50,
-23,13,
-15,-19,
43,-11,
-49,-69,
-3,7,
-47,31,
-38,95,
-41,56,
-20,-41,
23,-83,
-66,-25,
44,49,
-21,-13,
-73,53,
-20,-48,
-24,-120,
-46,-15,
36,32,
50,-11,
-10,-18,
-20,-48,
420,-119,
2237,-162,
5492,517,
6946,1678,
5202,2161,
1074,1044,
-611,-422,
920,-1147,
2898,-980,
3256,-548,
2063,-145,
614,122,
-280,226,
-498,206,
-322,65,
-136,28,
-78,22,
-59,-85,
-3,-352,
64,-426,
-16,-194,
-107,153,
-276,218,
-340,86,
-464,-116,
-578,-42,
-476,-27,
-208,-200,
17,-441,
-31,-440,
-40,-229,
70,-89,
166,-33,
151,-40,
-87,-13,
-164,57,
-306,7,
-195,-33,
-105,-94,
-100,-58,
-128,43,
-131,140,
-37,93,
-54,76,
-72,96,
-4,144,
-3,70,
-25,15,
-56,105,
-59,157,
-155,52,
-27,20,
-39,-27,
0,-2,
-26,41,
-70,4,
-144,41,
-27,22,
-46,60,
-8,62,
-55,60,
-31,7,
-74,-18,
-97,-74,
-74,-50,
-116,-24,
-191,-39,
-48,-114,
-54,-176,
-21,-93,
-27,45,
14,136,
-57,126,
-27,141,
-92,91,
-158,32,
-148,11,
-156,-25,
-55,-28,
-37,-29,
-107,-43,
-158,16,
-46,-4,
39,-38,
-66,22,
-18,65,
-179,67,
-135,11,
-54,-5,
-44,15,
-82,-6,
-89,-12,
-71,-5,
-66,39,
-121,73,
-124,60,
-122,3,
-122,-3,
-136,-17,
-120,-21,
-92,-12,
-43,-49,
-69,-30,
-90,17,
-73,78,
-99,46,
-125,32,
-175,26,
-89,7,
-73,5,
-113,25,
-130,27,
-164,44,
-72,18,
-115,24,
-82,63,
-4,-4,
6,-72,
-56,-66,
-13,21,
10,-14,
-24,-55,
-101,-85,
-116,-86,
-98,20,
19,30,
-17,-73,
-56,-84,
-101,8,
-3,34,
-7,-9,
-1,-97,
-43,-87,
-67,-78,
-134,-32,
-199,31,
-111,4,
-49,-4,
-51,-25,
-115,16,
-79,-1,
-65,35,
-31,31,
-63,25,
-66,-14,
-35,-10,
-68,-24,
-72,-68,
17,-10,
-35,60,
-66,73,
-36,90,
-24,27,
-2,-54,
-68,-18,
-85,54,
-48,70,
-52,45,
-35,-36,
-111,-7,
-51,29,
-62,44,
00>
_________________________________
00>
_________________________________
Sequence Number: 219
00>
00>
Printing STS0 CIR
00>
00>
_________________________________
00>
39,42,
-38,94,
2,-22,
31,12,
42,69,
8,44,
-16,73,
47,-16,
33,-52,
-21,-45,
60,46,
-4,26,
5,24,
-34,-31,
20,-5,
52,27,
13,4,
15,21,
33,-17,
-1,49,
-86,-58,
-75,-8,
5,8,
26,48,
39,72,
48,-3,
-58,34,
3,15,
71,-9,
45,13,
5,-21,
-65,-22,
28,27,
20,-27,
29,-65,
4,-32,
75,-2,
3,-12,
-8,24,
-29,14,
-15,-6,
-55,-13,
-104,-52,
-87,-21,
27,-16,
-12,-8,
-29,-2,
-10,11,
-12,-36,
-36,-4,
7,48,
26,9,
118,-23,
39,-15,
-31,18,
-35,15,
27,-20,
101,-38,
129,-36,
-17,-25,
8,20,
-22,59,
32,20,
7,-16,
11,-23,
8,-72,
2,-61,
-7,30,
46,62,
-9,53,
-58,8,
-93,-14,
-84,10,
-9,-85,
-15,-87,
14,-2,
34,45,
-19,102,
-30,59,
8,-20,
-25,-20,
-21,6,
-64,59,
-33,17,
-24,-32,
3,-16,
-16,-44,
-28,-91,
-63,-74,
14,32,
64,-15,
7,-57,
6,3,
-51,32,
-20,52,
-15,-28,
53,55,
42,88,
-28,-13,
-50,-21,
47,-4,
140,-28,
-10,8,
34,-1,
-77,-16,
-3,-12,
-50,-98,
-41,21,
-15,50,
69,72,
38,13,
-47,-24,
-86,-32,
10,33,
18,125,
43,94,
22,57,
43,12,
68,-43,
85,-8,
75,23,
-32,-26,
-8,39,
24,52,
-10,34,
-16,20,
7,-28,
-49,26,
29,7,
40,19,
-21,-8,
0,30,
-6,42,
-21,11,
-37,64,
-66,7,
-23,-18,
31,-31,
44,34,
-4,14,
-10,17,
10,-13,
48,-30,
32,24,
18,36,
92,-66,
-19,-18,
-27,-39,
-30,23,
24,9,
71,34,
60,-33,
20,6,
9,-31,
17,-28,
72,-77,
-17,-2,
-46,-8,
-6,10,
20,-74,
-37,-20,
0,18,
68,60,
73,-24,
36,-23,
-31,-30,
56,-41,
81,2,
-15,18,
42,30,
19,-68,
-45,-44,
7,-15,
96,11,
38,9,
5,23,
12,-18,
-30,11,
-20,66,
-17,32,
11,77,
32,14,
-27,5,
-31,-5,
34,-17,
-56,-43,
-73,29,
41,45,
27,20,
7,48,
27,45,
-23,51,
-35,29,
-28,0,
40,23,
52,5,
50,45,
11,24,
16,13,
5,-6,
29,65,
95,7,
24,-28,
15,19,
49,-5,
29,42,
13,36,
-24,25,
-14,81,
15,40,
39,1,
15,2,
23,31,
44,-19,
41,27,
96,5,
24,6,
10,-48,
-38,21,
24,-35,
3,58,
12,31,
14,0,
13,-28,
-19,-20,
-53,43,
-20,-10,
-3,-17,
-43,1,
-26,64,
-47,18,
6,-39,
-25,26,
-6,36,
-1,1,
35,15,
-76,-6,
-64,-28,
-91,28,
-38,28,
-31,9,
58,70,
5,77,
-85,9,
-37,-32,
43,51,
36,8,
9,-34,
75,-39,
84,-39,
49,16,
36,-6,
0,-27,
50,-15,
-29,-13,
-40,22,
18,10,
81,-16,
-11,-47,
-17,10,
24,65,
18,48,
-40,43,
-5,-47,
11,46,
20,135,
-43,97,
-62,60,
-22,-7,
38,-11,
38,15,
58,58,
15,28,
-44,-14,
-8,-48,
7,9,
17,-45,
6,35,
-45,37,
46,8,
80,93,
60,63,
2,82,
-93,-39,
-72,-45,
4,36,
-82,110,
-12,-24,
-11,-90,
-18,0,
-6,74,
12,54,
-35,66,
18,8,
-20,53,
-14,13,
20,55,
-3,-12,
15,17,
-5,18,
17,-69,
28,-65,
35,2,
25,25,
18,55,
7,-9,
88,-35,
10,13,
-33,-34,
4,-64,
30,-23,
79,83,
43,130,
-58,32,
-67,-9,
25,19,
-11,33,
29,81,
22,12,
55,-22,
82,19,
-1,14,
2,-47,
87,-37,
79,-16,
47,13,
-19,24,
5,-45,
-14,19,
-33,30,
-29,15,
25,6,
42,-8,
-15,39,
-20,6,
-45,-3,
-57,98,
-39,88,
2,59,
50,15,
40,-57,
1,-34,
41,-18,
40,-77,
-12,-37,
-21,1,
16,-4,
29,-90,
-39,-86,
9,-21,
20,35,
33,-6,
42,2,
78,-1,
307,272,
1697,1347,
4278,3829,
4796,5583,
2446,5360,
-1019,1692,
-1357,-917,
1080,-1005,
3409,190,
3479,699,
2000,330,
613,-258,
-148,-394,
-268,-201,
-144,37,
-81,86,
-91,-74,
-72,-221,
49,-306,
139,-202,
119,-55,
-95,287,
-158,370,
-319,167,
-225,-145,
-191,-249,
-75,-313,
-64,-511,
3,-651,
34,-587,
38,-275,
13,21,
4,169,
-36,163,
-141,-18,
-223,24,
-270,-12,
-129,-121,
51,-100,
249,-13,
307,58,
157,17,
-10,-114,
-63,-167,
-159,-105,
-90,-96,
-74,-85,
-121,5,
-184,84,
-262,73,
-249,89,
-130,31,
-79,-43,
15,-126,
131,-218,
78,-164,
-10,-47,
-87,45,
8,131,
49,59,
21,33,
-88,-35,
-129,-22,
-90,-8,
-65,22,
-62,91,
-143,214,
-38,104,
-11,26,
34,-150,
-128,-46,
-157,-44,
-83,40,
-81,69,
-85,19,
-125,-18,
-131,-151,
-57,-214,
38,-138,
38,28,
-141,-65,
-197,-90,
-194,-47,
-98,93,
1,168,
61,77,
10,7,
6,-47,
-55,7,
-41,16,
-101,9,
-19,44,
-32,-40,
-58,-107,
-78,-14,
-101,-33,
-66,-14,
-48,-43,
-22,-32,
-57,-43,
-26,-59,
-73,-52,
-58,-108,
15,-55,
55,-11,
-60,32,
-34,22,
-24,-29,
-86,-29,
-64,-8,
-25,79,
-26,10,
12,-26,
-18,-44,
-65,-64,
-68,-23,
-87,-16,
-65,13,
2,15,
-29,-42,
-68,-105,
-32,-6,
-14,-27,
17,-2,
-48,-49,
-70,-100,
-86,-31,
-29,-19,
10,-132,
-103,-132,
-60,-71,
-14,-30,
-11,-26,
-37,-15,
-54,-38,
-85,-97,
-174,-73,
-93,-88,
-48,-20,
-42,22,
-78,15,
-49,-39,
-66,-48,
-83,-80,
-43,28,
-44,-30,
-69,-86,
-10,-47,
-52,-57,
-33,-22,
42,-36,
-54,-25,
-1,-49,
11,-95,
-9,-70,
-30,-9,
-50,26,
-74,-92,
00>
_________________________________
00>
00>
Printing STS1 CIR
00>
00>
_________________________________
00>
13,-15,
6,104,
-28,63,
-42,-8,
14,-9,
-13,-6,
58,43,
69,70,
18,-21,
26,-1,
33,-6,
60,-74,
77,-33,
-5,-18,
20,6,
-14,-12,
-55,29,
33,-4,
39,19,
4,-7,
19,65,
-15,55,
34,31,
-2,45,
71,-16,
32,-51,
-30,-14,
-34,36,
-30,20,
9,-13,
85,-18,
11,-37,
-37,27,
16,13,
-6,-12,
4,-3,
-7,49,
7,46,
17,48,
-7,122,
-3,102,
59,-31,
-38,25,
-12,84,
-22,43,
-22,-45,
25,16,
0,-35,
-4,-45,
9,-14,
33,-12,
6,-12,
55,-26,
63,48,
-42,36,
3,-58,
6,60,
-40,10,
-16,18,
-37,16,
3,5,
-38,2,
5,21,
3,17,
-8,25,
-18,-48,
-45,-27,
-16,43,
25,-31,
39,21,
81,46,
-6,55,
19,-32,
23,-19,
28,19,
50,45,
-8,57,
-53,1,
-96,-33,
-49,32,
14,96,
50,-11,
21,-63,
-34,-31,
-3,-19,
11,22,
83,-34,
-8,-15,
-55,3,
-59,40,
16,89,
-1,10,
-9,2,
9,5,
47,47,
85,19,
60,11,
-28,-43,
-30,-38,
6,-35,
47,-55,
1,-50,
30,8,
24,97,
20,40,
5,37,
4,2,
-13,53,
66,48,
87,-57,
65,-32,
42,34,
-37,-1,
-81,-3,
-55,-29,
-8,-67,
49,0,
23,32,
-57,-30,
-37,-56,
-14,4,
16,-11,
-9,46,
-9,93,
9,31,
-16,-6,
-42,-8,
-24,3,
-50,54,
-20,3,
-24,17,
46,-27,
38,25,
87,-24,
107,-17,
82,-25,
67,-22,
29,29,
4,9,
-1,18,
-31,16,
-82,31,
-15,54,
-1,36,
15,-9,
-9,-39,
-3,-46,
-19,1,
2,-2,
-27,13,
21,-11,
61,7,
-1,32,
-71,47,
-96,11,
-27,7,
-60,1,
-7,-19,
17,-35,
63,-16,
42,52,
28,51,
7,21,
16,58,
28,40,
-8,83,
56,65,
5,22,
-30,0,
-33,-17,
-82,-5,
-55,-4,
-36,48,
-58,9,
-7,9,
4,2,
12,-57,
67,-46,
92,35,
-4,43,
44,-57,
72,-57,
11,5,
-61,39,
-7,54,
-19,36,
-56,-2,
6,23,
27,41,
35,52,
-10,11,
-21,37,
-15,43,
60,86,
69,81,
48,9,
-24,44,
-10,51,
-22,66,
34,22,
-26,-29,
-21,-49,
29,58,
-2,76,
-38,13,
-60,-44,
-41,-3,
-25,46,
20,3,
-27,11,
-51,69,
-24,69,
-12,2,
32,-67,
-2,-46,
60,24,
17,37,
-25,-41,
1,-43,
-5,-5,
-8,17,
83,44,
46,49,
-21,22,
-54,11,
10,43,
12,-11,
-29,11,
0,-66,
20,-4,
16,-14,
3,-8,
27,-4,
-13,-2,
16,3,
2,77,
-62,83,
-6,-4,
-26,-22,
-3,22,
7,-5,
95,17,
120,-48,
21,-14,
-7,39,
12,44,
8,13,
-13,-11,
-22,11,
-8,-13,
6,54,
-26,39,
-17,-11,
-20,-3,
-64,74,
-33,61,
77,-7,
46,-36,
4,29,
-46,47,
-90,-17,
-27,1,
4,33,
-24,29,
-119,-10,
-53,-61,
-28,-38,
-33,50,
-44,51,
-49,9,
67,4,
68,-1,
73,-20,
57,-42,
11,-17,
25,36,
18,8,
26,28,
-34,20,
-4,12,
-19,-16,
57,33,
86,81,
31,10,
-45,-3,
-12,-49,
-30,-23,
-60,-30,
-53,2,
-17,26,
-8,20,
2,-22,
24,21,
12,62,
36,21,
7,-64,
57,-53,
20,-1,
48,13,
51,-5,
4,-26,
-2,39,
68,13,
61,36,
14,4,
-1,58,
-7,60,
-26,77,
30,40,
9,10,
1,93,
41,81,
69,60,
0,-43,
-13,-54,
20,-32,
31,-26,
-15,-2,
-33,25,
0,-12,
22,18,
23,-71,
7,-96,
23,0,
39,40,
-12,71,
17,33,
15,6,
-8,-1,
-16,-1,
75,-21,
49,-61,
14,11,
37,31,
16,50,
-67,-1,
2,12,
85,-68,
75,23,
100,20,
58,-33,
22,-56,
-5,-6,
28,-14,
40,-12,
12,-5,
-19,59,
11,0,
15,-6,
-22,-38,
-39,-21,
-28,-10,
-16,-16,
86,-52,
491,110,
1914,871,
4858,2912,
5942,4743,
4205,4843,
177,1943,
-1723,-551,
-1293,-827,
-818,421,
-1078,1114,
-1237,720,
-786,25,
-253,-187,
-150,-147,
-158,-115,
-139,-81,
-166,-33,
-143,159,
-255,313,
-225,307,
-200,227,
148,150,
296,54,
151,-178,
-61,-311,
-116,-228,
-102,-106,
-73,-18,
-140,-1,
-93,55,
-14,76,
26,46,
-69,-80,
-186,-161,
-267,-121,
-258,-39,
-186,-112,
-166,-189,
-131,-162,
17,-159,
144,-173,
86,-261,
-37,-186,
-122,-179,
-116,-140,
-70,-116,
-10,-47,
63,45,
183,40,
260,85,
175,143,
59,106,
-44,107,
-46,22,
-64,-59,
-64,-151,
-42,-156,
2,-84,
-41,-27,
-48,2,
-115,-66,
-114,-22,
-99,-36,
-136,24,
-71,117,
-67,73,
-43,-3,
-51,-6,
96,-82,
203,-139,
88,-99,
-33,-87,
-71,-18,
-16,49,
-69,101,
-118,31,
-189,-107,
-61,-180,
100,-78,
107,-23,
51,-25,
-40,-108,
-29,-154,
-31,-107,
-49,-110,
-17,-53,
-9,-15,
-71,-47,
-118,-1,
6,-48,
-3,-89,
16,-47,
-17,19,
-51,-59,
-34,-42,
25,-39,
39,7,
-59,4,
-61,-61,
-28,30,
9,4,
-35,-22,
-94,-54,
-37,-112,
-42,-38,
-27,-24,
-20,-30,
-34,40,
-44,-2,
-81,39,
48,-19,
0,-14,
-21,-25,
-72,20,
-38,43,
13,17,
54,6,
-3,-3,
-6,-90,
42,-53,
18,-4,
15,-23,
7,-45,
-25,-117,
-6,-61,
-42,-35,
-17,-30,
3,-108,
13,-54,
44,-49,
-107,-44,
-71,-57,
-78,-16,
-45,-46,
-31,-18,
-44,-123,
-38,-21,
-28,-1,
-117,44,
-48,-18,
1,-78,
12,-55,
-2,-50,
-27,-90,
-27,-20,
-48,22,
-43,15,
-5,-37,
8,-32,
-12,-36,
-43,40,
31,17,
78,-42,
28,-71,
-49,-72,
-40,-42,
-30,24,
-4,20,
00>
_________________________________
00>
RX Timestamp: 1097656098242
00>
Clock Offset: 1234.818 Hz, -0.155 ppm
00>
RX Timestamp: 1098730437823
00>
Clock Offset: 1454.258 Hz, -0.182 ppm
00>
_________________________________
Sequence Number: 96
00>
00>
Printing STS0 CIR
00>
00>
_________________________________
00>
76,-12,
-10,-16,
55,4,
26,-40,
-4,-12,
26,-27,
-22,-32,
18,26,
86,50,
-3,76,
-49,3,
-71,45,
-50,15,
-30,3,
-46,25,
-20,-57,
-31,-64,
-10,-13,
2,69,
37,64,
40,35,
42,-34,
91,-47,
112,-62,
53,-9,
32,-5,
40,-28,
32,-23,
20,19,
19,71,
-22,33,
-28,12,
-9,24,
-22,36,
31,-8,
-43,34,
66,1,
39,-2,
-60,-46,
3,29,
12,72,
3,57,
47,-16,
25,22,
-60,-59,
-50,-58,
2,8,
126,44,
32,14,
70,34,
-5,-30,
29,-42,
55,-28,
84,34,
-2,-11,
-13,19,
-68,75,
-55,34,
-28,-13,
72,7,
71,76,
116,-16,
52,-15,
83,-7,
31,-19,
-41,-22,
-24,15,
65,29,
34,69,
30,82,
113,41,
54,-10,
17,-12,
3,-42,
-59,-25,
-62,68,
-81,50,
-43,-25,
-6,55,
-16,38,
-7,-58,
3,-7,
14,45,
27,9,
-20,5,
-41,15,
90,-8,
49,-34,
20,-53,
74,-98,
-6,47,
47,38,
0,108,
20,-30,
71,-27,
46,-6,
-53,67,
29,81,
-9,56,
10,-6,
1,-29,
66,33,
15,-33,
-10,14,
-34,57,
-120,115,
75,12,
107,-38,
44,-59,
88,-59,
51,-30,
41,-69,
86,-14,
16,106,
13,7,
45,-84,
43,-107,
7,-19,
53,63,
-25,-3,
-85,-16,
-18,-19,
-14,60,
51,-29,
42,-38,
18,-26,
14,31,
35,37,
-1,-30,
41,37,
34,60,
59,-37,
20,-60,
-3,-31,
-4,57,
-51,54,
-53,48,
-139,-9,
-28,-12,
46,-33,
44,-23,
-19,-16,
-20,9,
18,-26,
-46,-18,
-51,4,
-58,24,
-37,98,
-22,22,
-2,46,
-10,43,
-11,38,
-27,2,
28,7,
63,-60,
29,-11,
2,27,
10,73,
9,41,
22,93,
41,61,
7,4,
34,41,
10,-9,
28,75,
-59,10,
-4,-33,
-53,32,
5,91,
7,41,
20,46,
27,-5,
5,-43,
19,10,
70,55,
0,68,
-18,9,
-37,-96,
-86,-46,
-14,-45,
2,67,
-35,-4,
41,-48,
70,-17,
-14,-3,
-43,-41,
-41,-7,
-33,35,
9,70,
2,108,
-26,43,
-17,25,
29,-20,
-39,-27,
-51,61,
-47,77,
-37,29,
46,-1,
41,28,
-16,77,
47,42,
20,36,
60,3,
92,-59,
29,23,
8,-4,
-14,-4,
58,-81,
41,-88,
35,-9,
29,34,
31,4,
104,47,
58,-33,
106,-74,
108,3,
21,21,
89,35,
107,48,
60,-21,
11,-52,
-13,-24,
7,-16,
18,-17,
26,83,
26,10,
2,29,
49,40,
-74,12,
-111,9,
-50,41,
-35,37,
-81,-42,
-20,-43,
-21,-22,
54,-6,
62,10,
69,3,
37,-72,
26,-94,
-61,-94,
-50,18,
18,-70,
62,-45,
-43,-36,
9,30,
38,-7,
-7,-48,
-88,-9,
-96,43,
-25,27,
24,82,
70,7,
7,87,
-12,34,
57,-67,
64,-27,
87,56,
100,56,
53,77,
6,52,
-113,-5,
-37,22,
50,-9,
-3,10,
-36,62,
-9,88,
25,43,
45,12,
25,38,
22,40,
-53,1,
-47,58,
8,53,
-33,43,
-13,63,
-9,25,
14,-27,
-59,29,
-11,108,
-44,20,
-61,-24,
-14,-10,
61,0,
64,-14,
62,65,
3,40,
32,39,
-1,69,
-46,21,
24,42,
46,52,
-13,33,
-16,-21,
45,45,
-35,20,
10,14,
-45,-12,
-13,-38,
29,-20,
29,-4,
-51,67,
-33,54,
-65,50,
-41,-34,
33,-70,
42,62,
73,78,
1,40,
-19,-9,
-55,-28,
11,11,
60,-30,
58,-81,
18,13,
-63,83,
8,40,
25,-49,
10,-58,
-17,-30,
-41,-45,
-31,-46,
9,-8,
28,-20,
7,40,
57,-4,
-3,22,
20,16,
27,-1,
55,39,
35,-7,
-19,20,
29,67,
63,23,
68,19,
63,26,
9,40,
-47,28,
-14,-23,
25,11,
37,64,
-1,-3,
-48,24,
5,0,
-11,-21,
50,0,
11,-34,
10,-12,
-12,46,
7,34,
-37,10,
-37,30,
26,22,
91,53,
91,-5,
27,-94,
-3,16,
301,195,
1903,1018,
4642,3064,
5316,4497,
2677,3678,
-1315,238,
-3013,-2107,
-2716,-2572,
-3204,-3141,
-3932,-4150,
-3169,-3967,
-1210,-2057,
24,-223,
184,407,
13,271,
29,146,
22,209,
-26,183,
21,195,
-97,174,
32,275,
93,248,
301,237,
294,74,
100,8,
-16,-31,
-50,24,
-87,295,
-15,564,
101,627,
90,344,
117,26,
141,-74,
142,13,
60,128,
47,99,
0,97,
-34,103,
-251,40,
-243,-121,
-29,-216,
180,-259,
202,-196,
93,-63,
118,11,
88,63,
36,124,
4,171,
-7,200,
15,178,
148,254,
71,218,
52,211,
-9,97,
19,-16,
-11,-115,
-32,-55,
-5,-77,
77,-30,
118,-3,
62,47,
18,-10,
14,-15,
-120,9,
-99,-47,
-88,-41,
-29,-113,
26,-90,
59,-26,
95,16,
-11,53,
-91,119,
-96,111,
-46,60,
-59,55,
-66,80,
-122,-81,
-67,-114,
-7,-36,
61,-5,
17,20,
48,-90,
72,-116,
29,-54,
-16,34,
50,50,
43,41,
-52,34,
-20,42,
-35,-27,
4,-69,
32,-9,
63,92,
114,62,
14,76,
2,-28,
-13,-39,
36,-27,
46,53,
-11,0,
-43,-45,
-16,-47,
74,-53,
123,-31,
-38,-17,
-57,-28,
-23,-2,
17,-9,
90,-13,
28,76,
40,94,
0,112,
-9,61,
10,77,
52,30,
41,-10,
-5,-46,
-13,5,
-7,-61,
62,38,
53,13,
-40,0,
13,55,
26,75,
44,14,
19,-5,
39,38,
-3,38,
-8,34,
39,-12,
-9,44,
-70,71,
-62,55,
-11,-9,
3,13,
-23,25,
-41,16,
-6,-34,
-20,-95,
-8,-113,
-21,-22,
15,36,
66,-7,
16,-39,
-25,-54,
-8,-2,
-30,63,
-59,69,
-1,84,
80,50,
34,-76,
-15,-52,
30,28,
55,21,
66,-25,
00>
_________________________________
00>
00>
Printing STS1 CIR
00>
00>
_________________________________
00>
135,-86,
92,-29,
-11,52,
7,-39,
26,-49,
34,-28,
0,-53,
-47,-29,
70,-16,
80,-15,
11,69,
-6,19,
-36,-8,
-61,40,
-16,70,
20,62,
7,10,
38,82,
48,74,
49,19,
-1,7,
-4,2,
-65,41,
-36,81,
-3,45,
80,-1,
45,-32,
30,-17,
16,-35,
13,20,
-11,-35,
25,64,
82,40,
15,26,
9,2,
-24,68,
-26,53,
44,8,
47,8,
22,-7,
-6,-13,
20,-76,
33,-24,
-25,-35,
-26,26,
6,20,
43,35,
84,52,
11,48,
27,40,
64,33,
35,66,
-60,74,
-7,55,
48,19,
-5,-6,
-48,24,
-99,10,
-10,-23,
70,-15,
65,18,
57,13,
29,-1,
-24,33,
-20,7,
-32,-36,
14,-18,
17,-52,
20,32,
21,40,
-11,86,
-76,133,
-25,22,
54,-29,
98,100,
52,127,
-11,9,
-71,-37,
-53,-69,
0,5,
3,-6,
32,-32,
115,-5,
118,-44,
27,-43,
-51,-43,
-91,43,
-20,73,
-3,30,
-31,-57,
-4,-27,
-22,30,
-39,68,
-24,87,
-44,42,
10,-32,
66,-24,
65,18,
40,53,
60,67,
45,42,
-3,20,
22,-37,
83,5,
51,-35,
-12,-23,
-36,-26,
28,-25,
33,12,
29,-31,
-8,-63,
-28,28,
75,95,
90,94,
61,48,
30,-14,
-7,-58,
-26,-17,
-80,29,
-41,55,
0,5,
-3,6,
22,35,
34,41,
82,15,
-20,-21,
-33,28,
-13,11,
36,-32,
-16,-67,
-17,-8,
-49,16,
18,-16,
-25,40,
20,64,
13,3,
44,-71,
-10,-60,
-52,-82,
1,-65,
3,28,
32,45,
56,-43,
83,-64,
-49,-32,
-97,25,
-7,104,
89,57,
113,52,
61,8,
29,-17,
-20,-7,
1,-30,
94,-29,
27,-56,
5,-31,
3,33,
-7,13,
-4,-23,
64,8,
9,58,
-7,-1,
-2,3,
-11,54,
-98,59,
20,-16,
66,35,
6,12,
-25,49,
-58,56,
-40,13,
-10,7,
46,31,
88,77,
44,20,
78,56,
87,97,
56,36,
-30,28,
-29,-25,
-65,-44,
-12,27,
15,26,
-14,34,
-107,27,
-118,4,
-45,52,
80,1,
73,26,
-11,16,
-48,99,
-12,71,
39,-25,
119,-12,
50,26,
6,38,
-3,1,
-25,-9,
-10,56,
7,66,
-3,36,
-40,-26,
-42,10,
31,29,
150,102,
47,14,
24,-73,
62,6,
96,43,
29,25,
-8,43,
6,39,
-22,90,
-58,58,
33,74,
68,57,
35,23,
35,50,
24,44,
-2,40,
-26,25,
-27,81,
-32,48,
14,56,
108,36,
12,79,
59,56,
88,73,
106,-13,
47,18,
8,-28,
-3,47,
57,45,
4,37,
-14,7,
27,-11,
21,61,
-44,68,
-35,45,
52,-25,
29,19,
18,27,
-34,26,
28,-88,
-43,-34,
-66,-35,
5,18,
51,30,
90,32,
60,25,
60,-46,
10,-25,
-32,11,
-43,61,
3,-6,
34,38,
74,17,
32,-54,
39,-2,
13,9,
28,22,
29,2,
36,124,
46,71,
22,-33,
52,-31,
97,28,
-55,69,
-40,25,
-52,24,
-40,15,
30,119,
12,42,
61,-25,
83,-60,
10,68,
-14,75,
-59,49,
-22,72,
82,53,
18,41,
41,67,
-6,28,
-36,6,
-63,30,
-79,90,
9,15,
-40,56,
1,36,
-18,-10,
86,-13,
108,46,
59,40,
68,53,
79,49,
33,-21,
44,-19,
11,7,
55,-19,
2,-20,
8,-42,
-4,-32,
78,1,
62,100,
73,49,
99,65,
55,79,
0,31,
1,51,
0,16,
-20,24,
-18,24,
-31,42,
18,-23,
42,-3,
-37,69,
-111,95,
-75,41,
20,27,
48,11,
-36,-49,
-148,-32,
-68,19,
-36,7,
10,16,
0,69,
-98,-48,
-16,-5,
-40,25,
16,87,
55,40,
31,13,
27,24,
9,21,
-27,63,
33,13,
-10,8,
-34,-7,
-5,2,
45,55,
38,38,
17,23,
-7,-47,
-5,-10,
16,55,
13,21,
-21,2,
16,42,
89,25,
20,16,
-27,53,
-34,5,
-33,9,
-24,-21,
-43,79,
-15,49,
53,28,
416,103,
1693,951,
3898,3286,
4755,5246,
3201,4810,
583,1599,
-78,-620,
1251,-510,
2643,647,
2781,1255,
1756,1010,
450,485,
-280,93,
-319,-62,
-187,-107,
-135,-17,
-150,8,
-56,-83,
194,-216,
371,-236,
294,-158,
11,-10,
-228,7,
-261,-115,
-289,-309,
-396,-342,
-353,-243,
-57,-275,
252,-308,
320,-302,
211,-202,
119,-104,
151,41,
73,138,
-167,58,
-180,-49,
-227,-174,
-135,-113,
-75,-30,
-41,16,
-56,14,
-149,9,
-200,-7,
-112,-94,
-24,-52,
-13,36,
-42,120,
-105,104,
-149,129,
-234,116,
-215,-39,
-33,16,
35,18,
30,22,
-29,49,
-29,0,
11,-19,
-34,-42,
-44,46,
-31,69,
-14,-4,
-19,0,
-54,30,
-77,23,
-71,-43,
-63,-55,
-53,-100,
39,-88,
122,-111,
76,-124,
14,-89,
-116,47,
-98,64,
-93,26,
-169,-31,
-134,-63,
-105,-46,
-14,-105,
103,-92,
47,-128,
-81,-138,
-84,-127,
-28,-124,
37,-103,
1,12,
-85,-36,
-73,1,
-159,24,
-123,37,
-56,-32,
35,-46,
-42,-15,
-103,5,
-60,5,
-44,7,
-103,56,
-87,26,
-75,-12,
-150,-36,
-87,-43,
-177,-47,
-181,-39,
-82,-26,
-157,-12,
-63,37,
-71,-6,
-110,111,
-133,19,
-75,12,
-31,-54,
-47,-70,
-76,-99,
-119,-33,
-63,-31,
-68,-73,
9,-18,
3,-47,
-7,-21,
-12,1,
-18,32,
-76,8,
-131,-18,
-77,-1,
-45,-36,
24,-61,
15,-10,
-58,9,
-73,13,
-95,-7,
-28,9,
-53,-6,
-55,8,
-62,10,
-44,40,
-60,-61,
15,-50,
-44,-89,
-26,-30,
-28,-11,
-22,10,
-2,-47,
-80,-43,
-72,-34,
-76,-25,
-72,32,
4,-8,
-24,-99,
20,-65,
-35,-29,
-66,56,
-52,41,
-44,18,
-34,-37,
-15,-38,
-61,-52,
00>
_________________________________
00>
_________________________________
Sequence Number: 99
00>
00>
Printing STS0 CIR
00>
00>
_________________________________
00>
55,-49,
0,34,
-25,20,
-19,33,
8,-6,
24,-18,
-16,-31,
30,134,
-47,65,
-35,-33,
-61,-33,
-26,-18,
-35,-4,
6,8,
-31,4,
-38,-18,
-18,44,
-21,24,
55,13,
104,-43,
22,-24,
50,40,
-23,89,
-36,-86,
16,-42,
24,-2,
91,-7,
25,-17,
-73,-24,
-22,-27,
19,29,
28,0,
12,-29,
45,-25,
-55,15,
-56,91,
10,8,
46,41,
75,-17,
-10,20,
19,-9,
4,-39,
17,-37,
35,-25,
49,-28,
-27,-46,
-3,24,
-10,30,
7,-10,
-35,-84,
58,8,
28,1,
43,44,
25,60,
11,74,
-54,-12,
-6,-4,
69,-61,
31,-53,
-30,-17,
-40,40,
8,0,
13,-4,
3,5,
-38,-45,
-17,-27,
18,-35,
18,-3,
30,15,
99,17,
-24,-25,
-21,-74,
-19,-15,
48,0,
-20,16,
-29,-24,
-30,13,
47,37,
5,-9,
11,28,
5,23,
9,30,
-30,-29,
38,-1,
39,-22,
-8,1,
-21,12,
-54,-29,
-25,29,
-18,-25,
-48,5,
6,6,
17,20,
-37,-7,
20,-8,
58,-7,
25,-12,
52,-3,
36,-11,
-8,25,
25,32,
40,-18,
99,2,
57,71,
-11,23,
-66,37,
-72,11,
32,25,
-30,5,
-31,-51,
-6,-15,
12,-2,
-16,-20,
52,76,
19,7,
-10,35,
-22,31,
-70,-10,
-32,-17,
14,16,
-37,0,
-67,2,
-47,65,
-38,111,
8,17,
-6,-45,
-26,19,
9,67,
3,-25,
19,-18,
63,37,
68,49,
39,1,
32,-8,
37,-58,
9,-18,
-42,33,
-18,3,
-16,-31,
-48,19,
-22,58,
5,40,
1,29,
9,4,
-35,4,
-36,6,
11,25,
-46,8,
-46,-8,
-1,-24,
-4,-39,
62,64,
36,25,
19,13,
-38,58,
14,33,
55,19,
79,23,
12,-1,
32,22,
30,30,
25,-7,
20,21,
34,-33,
-75,-6,
-29,25,
-9,22,
52,22,
40,51,
-7,33,
-56,-40,
-60,-94,
58,-27,
109,-18,
22,-51,
8,1,
34,28,
-16,62,
11,-20,
14,-9,
15,18,
16,-3,
1,-108,
9,15,
81,62,
72,28,
111,50,
56,-28,
31,0,
36,-19,
27,7,
-30,-10,
-61,39,
17,48,
19,17,
-25,-14,
58,-40,
3,-36,
-8,13,
14,75,
21,71,
18,27,
-6,3,
38,25,
55,59,
30,8,
29,-22,
15,-4,
47,13,
-20,8,
3,23,
67,32,
35,59,
50,-6,
-35,-50,
-40,-61,
-75,18,
-58,-16,
51,-80,
112,14,
51,-28,
-15,-45,
-54,-67,
-46,1,
12,70,
12,-30,
18,-18,
-2,-3,
53,17,
73,-14,
20,-1,
1,1,
6,-10,
22,-12,
27,8,
-1,-48,
-40,-117,
-13,-44,
58,-5,
69,-28,
4,30,
25,-6,
51,17,
5,8,
-42,-4,
-68,16,
-107,1,
5,-43,
-44,34,
59,23,
-5,40,
-15,-53,
28,-37,
22,-37,
40,38,
-13,60,
-13,-5,
3,38,
27,-7,
15,-25,
13,12,
-59,25,
-24,43,
41,14,
-39,-12,
-78,-45,
27,-7,
104,13,
24,31,
-27,22,
-13,-31,
-24,-22,
-47,-3,
-45,-52,
-40,-22,
-62,-21,
-7,11,
41,-5,
42,-1,
7,-25,
-48,29,
-74,43,
-96,46,
-11,41,
21,-1,
-5,-16,
82,-15,
29,-53,
49,-40,
-6,-50,
-29,-36,
-20,17,
-69,70,
-15,15,
-48,-29,
6,-19,
11,7,
1,41,
-3,43,
-31,12,
-30,-47,
12,4,
15,44,
-3,-5,
-3,-89,
-42,-4,
22,118,
8,69,
53,21,
42,60,
4,42,
-5,-7,
-44,18,
-43,19,
48,29,
55,109,
53,59,
21,17,
-32,-14,
32,18,
-9,3,
-19,49,
-28,39,
-12,10,
31,35,
-5,41,
21,20,
32,-27,
34,-61,
-47,-56,
-90,-56,
-58,3,
39,26,
15,-10,
-3,31,
-4,44,
-34,30,
54,32,
-37,-41,
-106,68,
-137,-6,
-49,9,
-39,-8,
37,-15,
-97,-13,
-97,82,
-68,55,
-55,30,
-71,57,
-15,-9,
-30,-4,
-7,15,
-8,-29,
232,511,
1105,3354,
1213,7803,
-376,8003,
-2677,7555,
-3275,863,
-580,-2077,
2395,463,
3949,4032,
3288,4721,
1867,2550,
801,388,
339,-431,
8,-393,
-121,-58,
-150,-11,
-104,-180,
-46,-406,
198,-169,
147,-60,
-73,-70,
-420,106,
-371,228,
-305,108,
-206,-233,
-105,-404,
37,-439,
389,-429,
599,-591,
515,-526,
299,-213,
78,116,
-122,180,
-146,50,
-79,-67,
-32,-23,
-58,-92,
14,-243,
68,-35,
225,163,
196,135,
166,-80,
22,-157,
53,-198,
61,-144,
110,-139,
-8,-80,
-152,-114,
-210,-72,
-280,-199,
-153,-10,
-65,-18,
63,-54,
304,-130,
227,-151,
287,-113,
65,-192,
-50,-85,
-104,-107,
-132,15,
-144,12,
-154,-14,
-102,-75,
-97,-117,
-94,-97,
-224,-73,
-210,-1,
-107,-8,
40,-54,
186,-158,
23,-135,
-68,-78,
-123,-36,
-163,-34,
-155,-123,
-135,-171,
-22,-246,
133,-199,
152,-112,
55,-86,
-107,-113,
-153,-337,
-65,-113,
-60,-15,
-63,16,
-69,160,
-10,18,
-89,-71,
-89,-108,
-54,-82,
-99,-74,
-91,-58,
-82,-91,
-9,-72,
18,-107,
7,-34,
-2,-63,
-40,-113,
-67,-57,
-124,-55,
-152,-68,
-74,-92,
-10,-147,
23,-101,
-36,-43,
-36,-35,
-118,-131,
-63,-85,
-70,-63,
-8,-110,
-21,-112,
-11,-103,
-75,-34,
-41,-74,
67,-76,
30,-7,
51,-56,
62,-105,
17,-80,
-6,-129,
-8,-103,
12,-99,
1,-93,
21,-96,
1,-95,
-41,-100,
-35,-140,
-57,-147,
-25,-151,
-74,-44,
20,-2,
-5,7,
-44,-93,
-39,-135,
-6,-96,
-38,-168,
-41,-212,
-33,-94,
-55,-109,
-19,-66,
-3,-38,
10,-69,
-20,-119,
1,-122,
14,-80,
-5,-101,
44,-38,
-4,12,
46,-66,
51,-177,
21,-173,
50,-126,
71,-95,
22,-85,
4,-5,
0,0,
48,-43,
64,-53,
21,-30,
00>
_________________________________
00>
00>
Printing STS1 CIR
00>
00>
_________________________________
00>
56,-26,
23,-48,
-15,42,
15,1,
8,-39,
-4,-33,
46,76,
-21,71,
-19,14,
-63,-6,
-14,48,
17,26,
27,-5,
4,-22,
-58,4,
-25,-8,
-3,-54,
-10,-11,
33,6,
16,-20,
-11,16,
-13,-30,
-13,-3,
-22,79,
22,60,
-29,-9,
-52,38,
23,-19,
-10,-38,
-44,-2,
-53,30,
-11,-7,
13,18,
57,52,
37,11,
31,3,
7,6,
-2,43,
39,57,
98,-23,
18,6,
-12,-10,
48,23,
21,-20,
18,-34,
-44,16,
-64,73,
-26,9,
0,46,
-12,62,
-37,-10,
-62,30,
-32,31,
-32,53,
43,32,
105,-9,
-9,-22,
-2,17,
31,6,
-1,-8,
-11,10,
9,24,
8,13,
52,-13,
-40,-41,
-31,3,
-60,35,
-23,55,
-7,55,
3,21,
-5,-10,
35,10,
27,2,
-20,-41,
-6,-5,
21,26,
-3,-5,
11,5,
-11,45,
2,31,
17,-3,
-1,1,
7,1,
-7,-5,
-17,1,
25,21,
54,48,
-13,63,
-14,-36,
-2,-29,
8,25,
50,-13,
40,-1,
38,17,
36,16,
-20,-1,
5,57,
18,12,
34,-12,
3,-16,
51,-6,
82,-16,
18,46,
-12,44,
-18,36,
2,0,
59,-10,
26,-18,
-5,44,
6,10,
-26,43,
-81,45,
-38,30,
-23,24,
-16,54,
-18,25,
49,13,
-13,13,
-7,5,
-22,7,
-6,-33,
1,38,
-18,63,
64,24,
74,40,
6,48,
1,55,
32,55,
-38,73,
2,-17,
-7,-8,
-33,-40,
14,-8,
6,18,
40,33,
23,92,
-6,-32,
37,26,
11,-5,
-15,9,
-26,-13,
16,-49,
-14,-6,
-32,-28,
62,-2,
32,-30,
48,-48,
49,42,
59,56,
32,9,
-28,-72,
-63,-7,
-14,-28,
-45,23,
29,40,
-23,11,
-2,6,
10,-15,
3,37,
38,-15,
53,-57,
31,-12,
-5,-9,
-28,15,
-9,44,
60,43,
65,-11,
-8,3,
-15,43,
-11,9,
70,0,
65,-11,
19,-7,
2,-14,
-7,3,
-10,-35,
2,-69,
26,-52,
59,-36,
8,20,
25,26,
23,9,
-25,-42,
-38,0,
19,11,
35,-4,
25,41,
-15,28,
35,-10,
27,52,
59,1,
3,-33,
-11,18,
-30,24,
4,32,
-46,65,
-4,41,
-17,0,
-5,-2,
19,11,
20,28,
20,43,
-62,52,
22,7,
3,16,
-4,45,
-14,-26,
14,9,
37,25,
9,45,
-23,-79,
6,-31,
19,21,
2,15,
5,91,
-2,0,
-18,-18,
-58,18,
-73,9,
-7,0,
45,1,
30,-3,
28,7,
19,-5,
-2,-2,
-18,-26,
62,-9,
137,-21,
137,13,
119,-27,
58,-6,
-9,28,
-75,-26,
21,116,
-47,29,
-55,33,
-24,14,
-11,16,
-3,-14,
2,-11,
0,-41,
46,-22,
-48,20,
-29,26,
-43,8,
14,12,
33,34,
65,-21,
13,-22,
-13,-33,
-17,-13,
51,15,
4,-9,
48,-2,
26,22,
45,-9,
17,18,
-21,55,
-79,-12,
27,29,
70,28,
66,19,
35,38,
-21,18,
-17,34,
-89,6,
-46,-4,
47,8,
-40,33,
28,-29,
40,-12,
30,31,
-10,10,
15,15,
-38,19,
-37,-13,
2,-3,
7,5,
51,47,
16,23,
19,7,
18,70,
-6,28,
-26,22,
-66,-6,
-82,19,
-1,-35,
48,-17,
46,-19,
54,-25,
34,-60,
36,-22,
-13,-12,
28,-22,
71,21,
22,-19,
-55,17,
-1,29,
-24,35,
-9,-9,
-2,10,
-10,33,
-5,44,
-5,0,
2,-20,
21,-42,
39,-23,
20,26,
25,-15,
36,30,
-3,17,
18,23,
29,43,
9,42,
-8,51,
28,38,
-9,-14,
17,59,
48,62,
7,-2,
-7,-63,
-15,-35,
-19,-28,
-38,51,
-26,44,
-54,31,
-23,-7,
51,16,
42,-36,
-21,-14,
-9,17,
-23,-16,
-8,2,
-21,17,
20,17,
-3,39,
-6,39,
0,31,
-23,34,
-14,-41,
31,-24,
12,32,
15,-8,
19,56,
97,39,
-1,-8,
-100,-79,
-42,-25,
6,15,
-11,39,
-8,54,
54,0,
50,70,
201,491,
916,3147,
1991,7533,
1465,8014,
-139,7982,
-1274,1978,
-860,-2608,
-514,-2103,
-1263,-271,
-2364,58,
-2045,-617,
-733,-737,
19,-469,
80,-206,
-63,-155,
-99,-143,
-100,-111,
-357,-12,
-571,74,
-547,-2,
-382,11,
-6,363,
478,434,
424,-111,
259,-331,
122,-280,
83,-172,
-13,-155,
-168,-89,
-247,41,
-119,111,
12,45,
44,-137,
-95,-302,
-234,-58,
-211,22,
-107,-68,
6,-271,
100,-319,
230,-97,
246,-122,
259,-229,
182,-378,
142,-316,
109,-156,
60,-99,
62,-25,
43,110,
61,220,
186,495,
33,186,
-35,46,
-76,-26,
40,-168,
-7,-197,
22,-175,
25,-117,
27,-60,
2,6,
22,-19,
-15,-131,
-12,-150,
-83,-91,
-131,-48,
-134,-37,
-185,-86,
-116,-23,
35,-53,
174,-47,
267,-79,
311,-26,
123,-20,
-40,73,
-103,-9,
-145,-136,
-88,-147,
16,-219,
109,-177,
214,-48,
179,48,
174,38,
148,-13,
90,-52,
15,-39,
7,-34,
-21,-86,
-11,-76,
-36,-90,
33,-74,
88,-46,
93,-41,
103,-92,
51,-95,
15,-115,
-5,-35,
-9,-4,
15,-24,
63,-49,
68,-26,
50,-44,
68,-4,
53,-16,
84,43,
-23,-45,
-62,-13,
-77,-57,
-37,-63,
-5,-3,
12,-54,
25,-47,
25,-17,
26,12,
-25,7,
3,-82,
21,-22,
84,-15,
91,-31,
44,-27,
29,-11,
15,-6,
43,-40,
-26,-30,
82,3,
111,-20,
89,-45,
0,-66,
21,-124,
16,-88,
6,-109,
33,-138,
49,-30,
84,1,
71,4,
54,-80,
25,-129,
23,-120,
17,-71,
17,-45,
-6,-33,
-17,-13,
-8,-15,
59,-46,
60,-76,
19,21,
17,-6,
18,-115,
2,-46,
-41,-28,
-21,-22,
23,-127,
53,-99,
83,9,
43,7,
63,53,
85,-23,
45,-100,
69,-98,
31,-33,
6,-37,
00>
_________________________________
00>
RX Timestamp: 138579015078
00>
Clock Offset: 2276.230 Hz, -0.285 ppm
00>
RX Timestamp: 139653704339
00>
Clock Offset: 1145.554 Hz, -0.143 ppm
00>
_________________________________
Sequence Number: 232
00>
00>
Printing STS0 CIR
00>
00>
_________________________________
00>
-66,11,
-54,49,
-7,9,
43,-12,
1,-50,
-5,-26,
3,28,
-62,-25,
16,-62,
36,21,
-18,15,
-45,-14,
-88,23,
-82,45,
17,11,
34,7,
7,-32,
19,-50,
43,-3,
61,-2,
28,-25,
52,16,
53,11,
36,33,
37,-74,
0,-22,
14,-3,
-13,-43,
-23,-14,
-30,46,
1,43,
-22,6,
-22,-98,
31,4,
65,64,
28,86,
18,36,
28,38,
76,-16,
55,17,
-1,-36,
22,26,
-1,30,
-18,9,
43,-55,
-35,16,
-28,41,
-20,54,
34,87,
12,95,
70,7,
37,-14,
17,44,
-6,34,
-50,7,
-62,20,
18,-43,
-8,-1,
5,43,
19,36,
-18,1,
-27,-12,
14,-16,
29,-12,
-11,-19,
-17,-15,
8,31,
11,27,
28,-16,
-50,23,
-54,47,
-73,49,
12,22,
-22,-10,
16,51,
121,28,
91,59,
93,16,
73,-82,
40,-113,
51,-51,
-8,75,
4,33,
19,-35,
-33,7,
-4,-63,
70,23,
136,72,
34,55,
13,21,
-20,7,
-6,5,
-7,-4,
13,46,
-33,2,
-78,-6,
-86,52,
-5,32,
0,1,
-56,70,
-44,50,
-45,-1,
20,-28,
63,-45,
-2,-38,
19,15,
50,29,
18,-36,
-42,-52,
-27,1,
39,-29,
30,-20,
3,-31,
-30,0,
-27,37,
37,44,
2,-23,
-19,-55,
69,-32,
-14,3,
-23,1,
-67,-25,
23,73,
38,46,
96,-38,
80,-25,
65,75,
43,23,
74,-37,
-21,-7,
-8,18,
-37,-31,
-39,-48,
-25,-35,
-6,-60,
43,7,
97,-51,
17,-75,
-2,-55,
-41,5,
-32,6,
-7,-60,
35,-35,
84,-20,
34,37,
-29,50,
33,32,
33,36,
66,-50,
49,-36,
64,18,
92,-51,
86,-66,
86,-74,
8,-43,
-6,5,
10,18,
21,-24,
26,-39,
67,-79,
26,11,
12,-13,
26,-15,
88,-11,
41,-30,
-39,33,
-3,28,
-2,-20,
14,-40,
3,-11,
18,-110,
131,-55,
100,-37,
43,-70,
46,-71,
17,24,
-34,-27,
-43,-15,
-61,-16,
4,-28,
51,-3,
74,18,
-36,-39,
-39,27,
79,-48,
129,8,
-4,-19,
-10,-125,
58,-85,
75,-65,
47,-12,
-1,-3,
-41,29,
-46,12,
25,6,
-63,-3,
29,-13,
49,5,
87,40,
68,19,
23,-12,
-28,1,
7,20,
80,30,
-14,40,
-26,20,
67,4,
92,-3,
69,69,
20,18,
17,22,
39,-45,
44,-72,
-9,-27,
41,-4,
13,-21,
-4,50,
14,55,
-57,61,
-91,-20,
-23,-9,
-32,-25,
-67,2,
-47,11,
-12,6,
18,1,
38,21,
85,37,
20,25,
14,5,
-15,-19,
23,-29,
-21,-56,
-71,-59,
64,-39,
98,-35,
122,-63,
107,-62,
82,60,
62,26,
117,-25,
31,-31,
1,-9,
-27,-25,
25,54,
45,36,
89,9,
57,31,
70,-17,
51,7,
29,17,
36,17,
-81,34,
-151,58,
-102,-38,
-19,-50,
45,-66,
48,18,
60,27,
34,53,
106,0,
63,10,
107,18,
82,27,
28,17,
4,-27,
30,8,
36,-6,
6,18,
36,-18,
15,14,
-11,-30,
-74,-72,
-47,-50,
16,-28,
6,-23,
10,83,
48,-14,
-13,-57,
67,3,
86,61,
56,31,
51,19,
3,21,
-24,-28,
-53,-13,
26,-23,
29,34,
16,4,
-1,16,
90,-14,
53,-15,
70,-23,
26,-35,
9,-33,
-5,18,
97,-20,
24,-53,
20,-28,
-1,-69,
-37,25,
-20,46,
-15,-8,
67,-5,
24,-2,
-41,-8,
-35,-59,
60,-40,
55,33,
36,-38,
2,-29,
-72,6,
7,3,
-7,-2,
92,33,
66,-34,
67,-24,
-2,-18,
19,27,
35,0,
-22,-45,
-46,-3,
-82,-17,
31,-86,
21,-18,
4,75,
-42,72,
55,-21,
10,2,
-6,-14,
-24,-42,
-12,3,
10,-97,
17,-33,
19,95,
-47,-40,
40,-17,
3,-31,
-9,59,
0,35,
39,22,
33,-45,
-19,-65,
59,-8,
34,53,
24,43,
30,-17,
48,-75,
12,-49,
-38,-15,
35,51,
91,-17,
92,-15,
72,32,
11,49,
37,-12,
111,26,
841,890,
2405,3519,
2962,6187,
1563,5857,
-920,1388,
-1907,-2563,
-1413,-3522,
-1275,-3856,
-1600,-5041,
-1257,-5340,
-403,-3345,
58,-885,
-29,225,
-151,272,
-23,41,
-20,63,
-107,67,
-242,104,
-271,211,
-154,177,
-25,302,
176,324,
146,286,
137,95,
162,-82,
75,-79,
-121,116,
-272,371,
-304,563,
-144,447,
45,157,
157,-26,
169,56,
126,77,
29,79,
21,88,
-90,35,
-249,-89,
-236,-240,
21,-248,
328,-244,
342,-104,
146,131,
86,141,
45,52,
-6,98,
-57,143,
-61,268,
-51,253,
-28,201,
-31,203,
-53,279,
-105,137,
47,68,
101,-10,
5,-97,
-51,-84,
29,13,
114,16,
105,-1,
17,-40,
-47,-54,
-67,1,
-10,-79,
65,-162,
62,-193,
26,-82,
88,98,
125,35,
-22,-6,
-133,7,
-125,-44,
-86,16,
-12,141,
-17,57,
-91,-7,
-96,-118,
116,-35,
164,38,
75,33,
70,37,
158,-44,
124,-82,
61,-88,
30,5,
19,29,
34,6,
-3,45,
-29,26,
-27,40,
-26,43,
-43,30,
8,59,
-9,16,
29,-3,
-32,15,
-73,-18,
-84,-66,
-3,-3,
-36,2,
13,-25,
49,-10,
120,-8,
83,42,
8,39,
5,64,
1,69,
115,23,
23,-5,
85,44,
1,74,
-75,-38,
-67,58,
40,57,
67,87,
32,-31,
12,-64,
3,58,
87,75,
63,80,
5,53,
79,27,
45,68,
45,-49,
-1,12,
80,17,
36,6,
4,-29,
75,10,
65,-13,
-51,19,
-84,3,
-71,41,
51,29,
51,-60,
-9,-40,
-6,-74,
99,-43,
119,28,
33,59,
80,63,
-9,17,
-15,-32,
-8,24,
-1,5,
0,44,
55,23,
46,-35,
-1,34,
-17,-13,
59,-47,
62,10,
-44,-6,
-83,11,
47,92,
00>
_________________________________
00>
00>
Printing STS1 CIR
00>
00>
_________________________________
00>
-45,12,
49,-3,
53,25,
33,-9,
72,-4,
73,-43,
66,-5,
19,-11,
-77,19,
-49,21,
34,29,
86,-20,
26,-68,
-41,-30,
-80,2,
31,-3,
-48,-4,
17,-9,
11,-14,
-10,18,
37,34,
46,-2,
37,44,
-4,91,
19,-20,
2,-42,
12,-74,
-4,-22,
-12,-109,
-2,-64,
44,-33,
75,-45,
65,-30,
43,-10,
92,-24,
131,29,
2,15,
2,28,
8,19,
79,60,
44,7,
84,32,
24,62,
-23,50,
18,5,
63,20,
24,17,
-20,92,
20,32,
44,-23,
45,-18,
54,-30,
51,59,
50,128,
-7,49,
-14,23,
-4,53,
29,32,
95,35,
81,-38,
7,13,
-59,38,
-54,39,
-22,-10,
63,-10,
22,24,
53,-2,
18,12,
-15,-48,
108,-41,
55,-5,
-13,25,
-62,45,
48,17,
11,14,
-22,-11,
-2,-23,
58,-17,
38,-12,
-18,-27,
26,9,
43,1,
12,11,
50,22,
31,8,
5,52,
43,30,
9,48,
44,-28,
14,-91,
-21,6,
-29,93,
29,62,
5,-7,
-4,-4,
-3,46,
74,23,
86,17,
55,-39,
43,-41,
-21,28,
43,26,
6,-35,
-36,-28,
21,6,
56,-35,
54,-22,
-53,13,
18,-47,
61,-40,
7,72,
26,56,
32,26,
41,36,
33,51,
32,9,
62,-40,
58,-22,
7,28,
-9,56,
-22,22,
9,2,
64,5,
3,-4,
18,41,
49,14,
36,21,
-46,34,
-41,91,
-7,86,
37,45,
12,-19,
34,-75,
15,-34,
-32,39,
-16,17,
13,27,
-6,27,
5,8,
14,34,
35,-36,
24,26,
-3,48,
41,11,
83,-35,
64,-19,
-7,62,
17,47,
-33,13,
-31,-62,
60,-105,
47,-40,
72,-10,
22,2,
41,-12,
10,38,
-28,31,
1,13,
-5,-38,
-1,-55,
14,-59,
36,-4,
15,43,
1,-5,
-16,-7,
19,-17,
-42,-1,
19,-63,
9,-68,
30,-56,
9,48,
26,8,
75,6,
15,-2,
23,10,
-30,-7,
-37,21,
-40,3,
22,16,
-11,57,
-88,97,
-69,67,
-49,63,
-53,34,
-19,38,
0,3,
73,-27,
69,66,
44,9,
47,-92,
21,-30,
-43,0,
-6,-2,
69,29,
41,-9,
-2,-21,
-4,19,
12,65,
5,46,
15,51,
-28,-6,
63,11,
28,46,
16,12,
3,-16,
0,-92,
13,8,
-16,21,
15,40,
25,-27,
70,-37,
22,-32,
-70,42,
-82,42,
61,2,
78,-28,
-13,26,
60,-48,
109,24,
70,6,
140,-35,
127,-85,
36,-54,
-12,26,
-11,64,
29,9,
-11,-21,
0,-38,
3,-46,
36,-22,
-77,30,
-55,67,
-24,21,
-16,-102,
26,-11,
94,-11,
49,34,
17,56,
70,74,
20,17,
69,-15,
3,1,
15,-5,
53,-11,
44,-49,
30,-11,
1,55,
26,22,
27,-26,
72,7,
87,80,
87,44,
71,24,
47,-15,
51,-28,
80,-14,
29,66,
-38,19,
-30,-43,
11,-14,
95,28,
25,56,
27,104,
-7,86,
-78,37,
-90,-38,
-50,-13,
86,-4,
48,27,
76,38,
52,-2,
1,10,
-3,1,
-43,9,
-26,-12,
15,-12,
-7,-7,
-35,-36,
16,-35,
71,-10,
43,-33,
66,8,
19,5,
22,57,
18,71,
-65,61,
-60,-24,
22,-19,
8,-77,
73,-38,
64,-40,
37,-14,
26,-51,
29,6,
-36,51,
-46,23,
-53,0,
20,-19,
61,-62,
6,-41,
-42,5,
-25,25,
-19,-31,
-41,10,
77,-46,
21,-16,
0,23,
-48,-4,
30,59,
19,2,
-20,-30,
39,22,
18,91,
50,45,
20,-16,
37,-38,
49,3,
-6,79,
-4,-23,
26,-16,
62,-7,
106,-16,
88,32,
-8,2,
-82,-4,
-81,65,
14,-9,
-6,17,
-22,55,
-15,15,
11,12,
50,43,
-24,46,
-19,77,
41,34,
78,9,
15,59,
-3,16,
14,-31,
-33,36,
1,6,
16,5,
1,-67,
48,-4,
85,3,
90,48,
23,49,
29,-10,
104,-12,
168,-17,
102,10,
33,7,
14,60,
6,9,
-1,57,
39,79,
168,133,
736,734,
2152,3092,
3194,5938,
2423,6304,
565,3068,
-52,-222,
745,-668,
1990,804,
2473,1938,
1861,1780,
718,930,
-143,267,
-450,-157,
-282,-196,
-62,-163,
-10,-155,
-9,-86,
153,-189,
277,-234,
317,-109,
71,45,
-191,90,
-161,-141,
-143,-321,
-258,-404,
-323,-354,
-79,-340,
271,-342,
419,-277,
304,-165,
183,-33,
139,64,
124,80,
-79,60,
-234,5,
-179,-126,
-119,-131,
-102,-104,
-53,-97,
-42,-62,
-143,-92,
-180,-95,
-87,7,
-28,-27,
-66,-1,
-74,61,
-111,39,
-158,-17,
-173,-26,
-144,-18,
-137,-2,
-37,-21,
59,37,
-3,-10,
-27,-39,
3,5,
11,0,
-17,-28,
-104,-58,
-38,-42,
-38,-46,
11,-93,
-27,-45,
-17,-29,
-36,-58,
-9,-115,
18,-85,
115,-81,
99,-86,
57,-90,
5,38,
-16,115,
-90,64,
-117,19,
-138,32,
-104,-35,
-61,-64,
62,-105,
42,-84,
-88,-93,
-118,-207,
-22,-224,
132,-62,
76,12,
-30,24,
-116,-13,
-31,-73,
19,-131,
40,-168,
65,-138,
99,-89,
71,-87,
27,0,
0,12,
3,37,
-42,-23,
-112,-52,
-91,-114,
-20,-59,
21,21,
-10,-84,
-56,-105,
-88,-45,
-39,15,
14,-21,
-90,-42,
-90,-15,
-129,-23,
-135,-55,
-39,-44,
-17,-47,
-10,-36,
-14,-62,
-32,-105,
-27,-94,
-9,-125,
70,-108,
34,-63,
63,-19,
-46,5,
-46,-20,
-20,-23,
3,-58,
3,-116,
41,-94,
57,-78,
0,-63,
-47,-35,
24,-18,
19,-10,
7,-82,
-16,-26,
-20,-89,
11,-92,
-23,-104,
5,-124,
-42,-93,
-40,-88,
-58,-7,
-111,27,
-93,32,
-25,-10,
4,-45,
-52,-15,
-67,-25,
-66,-74,
18,-5,
70,25,
90,-50,
-44,-70,
-6,-87,
-39,-23,
-1,-37,
-17,-11,
3,64,
00>
_________________________________
00>
_________________________________
Sequence Number: 235
00>
00>
Printing STS0 CIR
00>
00>
_________________________________
00>
55,-24,
0,4,
-153,90,
-216,78,
-169,24,
-49,26,
47,-12,
21,1,
-77,-16,
-64,71,
-34,101,
-7,59,
9,-42,
-15,-30,
-9,15,
-6,14,
2,5,
37,-7,
30,-6,
20,-15,
67,-30,
68,79,
-54,-3,
-6,-1,
6,-27,
67,12,
2,-5,
-51,0,
-8,2,
-11,6,
-5,-9,
9,-40,
-76,-12,
-42,32,
-30,79,
-130,61,
-101,10,
-37,-51,
28,5,
47,17,
24,17,
-25,-16,
18,-5,
-17,-25,
24,35,
10,41,
-20,-31,
-50,-77,
-22,-62,
47,-20,
-52,49,
-71,39,
-56,63,
-26,72,
-33,20,
60,21,
-47,61,
-22,33,
42,135,
-67,33,
-61,-16,
-43,-13,
5,-22,
-1,6,
23,22,
-74,-23,
-47,24,
-9,-26,
12,-38,
-3,17,
87,27,
39,15,
-27,19,
-90,36,
-80,14,
-7,7,
63,-12,
62,34,
53,23,
-10,16,
44,24,
-14,48,
-29,-30,
-52,29,
-34,25,
24,52,
2,39,
30,-15,
76,36,
-28,32,
23,40,
23,80,
-22,67,
-14,61,
33,37,
41,-26,
77,-12,
28,38,
18,-24,
-20,-2,
31,-8,
20,37,
-6,58,
-42,15,
21,24,
-38,13,
-49,56,
-18,27,
-20,37,
69,16,
22,22,
8,-46,
2,24,
5,22,
36,0,
17,3,
-32,-32,
-39,21,
18,45,
4,97,
-2,31,
-6,20,
-22,55,
50,47,
38,0,
-40,-20,
38,34,
13,21,
28,74,
13,71,
98,30,
21,19,
-4,68,
8,56,
16,107,
43,18,
47,4,
-27,-28,
-54,-18,
37,-13,
8,33,
52,35,
1,-12,
28,7,
-5,-28,
-17,45,
22,8,
-64,0,
-20,60,
25,60,
67,36,
20,-1,
9,-4,
-79,75,
10,115,
-23,69,
-10,90,
30,19,
-27,-6,
-17,17,
41,26,
11,17,
45,-33,
76,-23,
62,-41,
63,32,
5,55,
-22,-23,
10,-28,
9,-10,
-12,8,
-48,-29,
-63,-16,
-58,-40,
12,45,
-17,-31,
53,11,
47,41,
-25,58,
18,10,
36,-9,
76,4,
9,-59,
27,-56,
27,-1,
24,50,
37,53,
-12,37,
42,54,
42,-29,
16,11,
38,9,
-15,10,
16,10,
23,1,
32,11,
-34,82,
-78,29,
-14,18,
-65,13,
-91,-9,
16,1,
-14,-18,
-6,2,
-28,10,
13,2,
7,23,
-6,63,
12,27,
-35,10,
-23,-53,
32,-33,
63,8,
42,30,
-37,18,
1,-29,
64,1,
-27,-36,
-1,-61,
5,-16,
-2,-4,
17,61,
-7,75,
-30,21,
9,36,
53,19,
80,53,
66,-5,
34,-8,
46,-1,
-4,-58,
-7,-44,
-34,6,
-15,35,
27,78,
-25,50,
-39,1,
-43,-27,
80,18,
41,47,
10,7,
-21,16,
-20,-20,
-105,27,
-60,18,
-28,33,
26,-24,
21,-5,
25,18,
34,23,
19,36,
-17,37,
-45,-3,
-10,14,
-24,3,
-39,-11,
-5,-13,
45,12,
-36,1,
-31,-1,
-18,51,
2,38,
-51,-46,
-28,-22,
-11,74,
-17,71,
-16,6,
-5,25,
10,54,
-16,-9,
17,-10,
17,-52,
54,-24,
21,60,
-20,62,
3,11,
47,31,
97,34,
50,-5,
-29,11,
-36,-14,
-69,42,
-36,53,
-32,74,
-43,33,
22,2,
53,15,
-26,10,
-55,33,
-26,39,
3,66,
-16,6,
46,42,
94,-8,
-12,22,
25,-25,
112,78,
-21,31,
-38,-4,
-66,79,
-13,37,
-14,11,
31,-12,
26,21,
-10,21,
-6,5,
21,24,
66,-34,
40,-39,
59,29,
-5,48,
-20,26,
-33,-17,
24,-80,
11,-59,
35,9,
-10,37,
11,55,
28,46,
-42,22,
-46,-37,
1,33,
10,4,
-83,26,
-65,42,
32,11,
31,-17,
-56,34,
-131,103,
-127,48,
-48,45,
-25,7,
-68,23,
8,-36,
-75,34,
-8,84,
70,-3,
72,41,
73,2,
93,-46,
119,-67,
118,-51,
43,-9,
-16,5,
18,-35,
-20,-54,
-47,-69,
0,2,
35,57,
28,32,
29,-20,
-9,-39,
112,161,
904,1668,
2875,6223,
2518,7933,
510,8037,
-2592,4364,
-1997,-1351,
981,-1193,
4188,1900,
4647,3850,
3201,2876,
1245,778,
212,-379,
-117,-516,
-215,-182,
-138,-29,
-131,-130,
-77,-242,
176,-362,
343,-172,
246,-101,
-120,17,
-413,195,
-419,190,
-321,-238,
-211,-447,
-169,-560,
108,-558,
319,-670,
374,-667,
304,-385,
126,71,
-16,240,
-59,163,
-130,-52,
-103,-19,
-239,-35,
-181,-276,
50,-164,
233,13,
419,135,
298,16,
58,-120,
18,-209,
-28,-196,
-46,-173,
-41,-140,
-104,-143,
-154,-115,
-164,-68,
-180,36,
-78,1,
36,-80,
199,-168,
269,-83,
178,-158,
92,-198,
-54,-118,
-175,-77,
-177,-42,
-134,-10,
-168,-13,
-159,-22,
-96,-12,
-80,54,
-127,85,
-245,92,
-198,35,
-12,10,
133,-146,
38,-88,
-61,-34,
-144,-12,
-165,48,
-142,-42,
-112,-44,
-90,-133,
-10,-301,
64,-209,
43,-100,
-54,-18,
-197,-226,
-150,-205,
22,-15,
62,37,
23,195,
-40,42,
-125,12,
-78,-114,
-17,-117,
-94,-191,
-118,-167,
-118,-58,
-88,-56,
-71,-15,
-56,-45,
-80,-73,
-103,-110,
-54,-57,
-110,19,
-115,-25,
-59,-112,
-46,-36,
-30,-11,
-57,-1,
-94,-64,
-121,-156,
-97,-97,
-69,-99,
-77,-28,
-33,-5,
-61,-81,
-8,-102,
-56,11,
-64,-8,
-62,-39,
7,-88,
41,-157,
31,-129,
1,-78,
5,-42,
2,-68,
-37,-83,
2,-84,
-10,-27,
-12,-32,
-102,-107,
-81,-127,
-7,-65,
3,-87,
-28,-30,
-89,15,
-108,-24,
-62,-111,
-22,-45,
-2,-42,
-74,-163,
-95,-209,
-106,-173,
-90,-2,
-15,-74,
-9,-99,
-12,-66,
-71,-64,
-79,-44,
-55,-48,
-73,-91,
-12,-2,
-26,0,
-51,-18,
-14,-41,
-17,-108,
-44,-98,
-24,-70,
-10,-58,
30,-48,
27,-50,
0,-76,
-21,-52,
-26,-24,
00>
_________________________________
00>
00>
Printing STS1 CIR
00>
00>
_________________________________
00>
68,-31,
29,-10,
28,-62,
46,24,
40,5,
38,33,
2,50,
16,32,
15,31,
46,-35,
91,-24,
31,8,
-6,-13,
-35,69,
26,56,
29,25,
15,-18,
56,-52,
85,-49,
134,-38,
128,16,
55,45,
-34,-22,
-25,5,
23,8,
2,53,
55,18,
91,1,
36,13,
34,18,
4,42,
19,16,
30,48,
52,-14,
39,-15,
6,31,
13,17,
39,-57,
44,-75,
5,-25,
-8,-29,
33,34,
40,30,
105,41,
50,25,
39,6,
40,23,
29,16,
-43,-7,
-23,9,
64,-29,
53,-17,
-18,5,
44,-35,
84,39,
30,42,
-10,5,
-32,43,
-1,92,
10,-2,
6,-14,
50,9,
64,55,
72,4,
26,12,
54,14,
-3,4,
-4,35,
-44,46,
-11,5,
-12,-2,
-22,-17,
-39,3,
14,36,
13,-8,
-7,28,
20,45,
33,44,
41,12,
40,19,
29,38,
26,38,
32,-21,
72,-48,
43,-43,
-45,46,
5,61,
2,28,
-28,-18,
29,1,
71,38,
-4,-4,
21,-15,
4,26,
-3,25,
16,50,
23,41,
18,57,
6,59,
-7,30,
-29,-11,
2,18,
26,-54,
105,2,
98,24,
28,20,
-8,5,
34,-40,
-30,31,
-16,33,
20,-9,
-9,43,
37,36,
6,36,
-46,17,
-89,14,
-61,-2,
-20,62,
10,60,
11,24,
-14,32,
62,-18,
130,17,
103,-23,
-29,-1,
-15,35,
49,13,
59,43,
1,24,
19,32,
88,-36,
-13,-65,
-21,-10,
-23,12,
14,11,
-3,-14,
57,35,
28,62,
-5,42,
7,-3,
45,-20,
-15,-27,
-28,31,
-44,9,
-8,-5,
0,40,
44,24,
75,-6,
36,9,
30,40,
6,-15,
-40,-94,
27,-1,
96,-5,
105,29,
105,-19,
25,-3,
10,32,
-10,45,
2,-1,
-26,32,
-37,39,
-47,62,
-72,16,
-60,6,
24,26,
14,-19,
41,-14,
52,25,
43,-3,
45,25,
-13,24,
2,58,
0,43,
4,45,
-4,37,
7,-1,
-14,-26,
16,17,
7,12,
-14,10,
89,-41,
70,-5,
3,71,
18,52,
86,56,
46,-2,
5,47,
26,49,
49,39,
-23,57,
-10,85,
13,41,
47,12,
89,-54,
58,-21,
75,3,
70,4,
72,41,
54,-3,
10,-1,
14,48,
4,60,
-36,10,
-12,-24,
36,51,
17,53,
-61,35,
17,-6,
9,-33,
24,31,
27,17,
21,14,
15,12,
72,-4,
39,7,
59,-28,
16,-18,
-54,19,
-6,38,
2,-12,
0,-11,
50,4,
30,-6,
15,-13,
-74,38,
-34,-4,
-21,35,
-39,25,
-30,49,
87,13,
59,9,
-6,5,
-15,-8,
-59,-2,
-25,-9,
13,5,
-1,34,
68,35,
60,-7,
81,-4,
9,-13,
30,58,
159,-1,
95,-11,
32,2,
-47,11,
54,-46,
36,-36,
-27,17,
-33,49,
33,22,
66,86,
46,22,
-6,41,
3,40,
-10,34,
-22,-22,
48,73,
55,6,
77,-38,
16,-27,
68,41,
48,-16,
1,-23,
30,27,
18,41,
59,55,
62,0,
-1,-6,
37,-24,
44,-18,
54,2,
-11,2,
-67,59,
-20,29,
-4,31,
-40,-4,
5,32,
40,-6,
52,39,
7,51,
37,-26,
29,-2,
27,23,
3,12,
18,-36,
78,-45,
92,-45,
73,-5,
17,37,
2,2,
-32,5,
-36,59,
25,63,
-4,30,
38,8,
11,45,
-1,3,
-22,-65,
-33,-16,
-51,9,
-3,-9,
-9,9,
27,15,
66,-10,
29,-7,
45,-6,
61,9,
-12,-28,
47,-25,
83,-47,
41,13,
-24,50,
8,-11,
22,-43,
23,-5,
39,6,
42,12,
63,-19,
87,-19,
11,-1,
-15,56,
-36,63,
-39,73,
-47,7,
-3,-33,
68,-9,
16,-32,
8,0,
44,30,
64,-22,
21,21,
9,5,
16,5,
31,6,
13,-16,
44,17,
44,31,
59,4,
75,-17,
13,63,
19,66,
53,5,
26,-1,
17,22,
57,58,
63,38,
61,-1,
39,-17,
8,-4,
24,0,
99,231,
796,1432,
2517,6007,
2589,7794,
1379,8013,
-698,5462,
-1275,-761,
-870,-2602,
-939,-871,
-2017,278,
-2388,-3,
-1372,-556,
-283,-530,
105,-307,
26,-241,
-14,-218,
-112,-105,
-241,5,
-491,75,
-509,130,
-504,70,
-207,288,
306,366,
458,135,
203,-311,
114,-392,
59,-224,
49,-149,
-168,-116,
-276,-17,
-175,109,
16,24,
70,-31,
-66,-245,
-240,-186,
-165,11,
-142,-5,
-162,-420,
11,-368,
205,-274,
281,-94,
255,-118,
169,-272,
110,-335,
135,-235,
-16,-132,
-50,-55,
17,-2,
137,98,
227,284,
167,317,
-2,88,
-11,-7,
27,-97,
99,-174,
110,-178,
88,-110,
86,-60,
45,-14,
-28,-76,
23,-127,
-27,-167,
-130,-88,
-163,-41,
-137,-6,
-177,-24,
-231,-53,
-88,-6,
8,-15,
221,-86,
228,-30,
160,-3,
50,1,
-36,59,
-103,-8,
-78,-135,
-23,-186,
39,-154,
89,-77,
213,42,
145,65,
55,46,
9,-93,
-84,-17,
-101,-46,
-39,-162,
-14,-92,
-4,-128,
32,-104,
-36,-101,
66,-110,
75,-35,
44,-31,
-17,-99,
12,-75,
24,-22,
21,12,
64,-13,
51,-63,
86,-51,
76,-14,
71,-50,
53,23,
-13,-44,
23,-67,
-27,-54,
-69,-15,
-2,-32,
51,-38,
50,-70,
83,-49,
59,-20,
12,-27,
31,4,
27,-59,
-16,19,
-21,21,
24,-12,
27,13,
80,0,
25,-40,
84,-59,
116,-43,
90,-13,
21,-82,
-25,-32,
-8,-62,
5,-105,
88,-82,
25,-59,
-31,-25,
-47,17,
-24,-3,
-31,-61,
63,3,
0,-56,
-5,-94,
70,-86,
85,-65,
50,-48,
73,-8,
87,-73,
48,-77,
13,-28,
56,-15,
29,-83,
9,-76,
-63,-37,
-57,-6,
-38,-48,
15,-37,
0,-130,
37,-88,
33,-100,
45,-73,
73,-32,
43,-33,
48,-25,
45,-61,
70,-45,
00>
_________________________________
00>
RX Timestamp: 278651935234
00>
Clock Offset: 1558.399 Hz, -0.195 ppm
00>
RX Timestamp: 279726340361
00>
Clock Offset: 1517.487 Hz, -0.190 ppm
00>
_________________________________
Sequence Number: 111
00>
00>
Printing STS0 CIR
00>
00>
_________________________________
00>
-64,-77,
-66,-36,
-20,-39,
58,20,
57,32,
41,9,
-7,1,
-12,7,
-11,-29,
18,-21,
-3,23,
9,-26,
51,17,
-13,47,
-16,-1,
-80,7,
-41,20,
8,28,
18,-8,
7,-12,
15,11,
41,-9,
-36,40,
29,52,
67,77,
37,39,
-15,-6,
-82,9,
-31,18,
72,-17,
62,-42,
7,-13,
-67,-17,
-49,24,
3,38,
-11,6,
-4,10,
-36,19,
16,57,
27,-8,
38,82,
35,77,
42,47,
-37,-17,
-46,-52,
10,-1,
50,3,
28,-3,
-47,-31,
0,6,
15,12,
-1,21,
2,-36,
6,-5,
17,-43,
23,-69,
18,13,
-25,32,
-6,75,
-66,-50,
-80,-51,
-10,14,
3,5,
-12,15,
-35,9,
-19,22,
81,3,
41,-74,
75,-10,
11,17,
19,11,
-50,5,
11,-10,
10,-3,
-27,18,
-36,15,
26,-49,
-2,-53,
8,-36,
9,36,
11,73,
43,-15,
-3,17,
-1,33,
4,52,
-77,20,
10,5,
53,-21,
46,22,
15,1,
32,24,
-4,31,
-17,36,
-13,17,
11,-74,
22,-12,
23,31,
15,8,
-32,34,
-52,43,
-89,-48,
47,-48,
-5,-19,
-72,-31,
-54,-41,
-21,-41,
-40,-28,
27,-56,
0,8,
4,10,
-34,33,
-24,-28,
-75,-36,
-46,-17,
-89,8,
-16,18,
-21,53,
-39,83,
-13,-21,
20,13,
106,69,
6,42,
16,-22,
-4,-72,
18,-32,
-18,-8,
5,-17,
34,-38,
-4,8,
-29,15,
-30,28,
-25,-47,
22,-88,
-12,-70,
-6,-13,
-18,-3,
-12,-20,
22,-2,
15,4,
-7,18,
-96,-26,
13,1,
48,-72,
36,-16,
6,-10,
-71,16,
-4,41,
4,69,
40,26,
-26,-19,
-63,25,
-44,-5,
-12,-50,
-39,-54,
-34,-6,
19,45,
-4,59,
-28,-37,
3,-25,
7,9,
37,-10,
13,-68,
23,-26,
42,4,
39,34,
24,2,
6,7,
14,-24,
59,-34,
65,-10,
36,24,
11,99,
5,-15,
4,8,
40,-12,
52,-14,
41,-22,
14,-84,
-16,-62,
2,-57,
-18,-2,
8,5,
18,8,
-6,90,
28,14,
-12,27,
48,24,
75,76,
11,-27,
-15,25,
31,108,
39,85,
24,62,
44,11,
-10,-2,
3,-20,
-1,-21,
26,-68,
7,-8,
-57,-7,
-59,-25,
-44,-21,
-76,-34,
-35,19,
-16,33,
-27,76,
14,12,
26,20,
-56,75,
8,-26,
28,11,
31,-22,
46,-9,
8,-51,
-18,27,
-17,-15,
1,-18,
-5,15,
12,27,
-5,19,
-5,-15,
-29,-25,
-42,27,
-19,5,
-13,-49,
10,-3,
-15,30,
3,6,
-28,16,
-12,-19,
-36,15,
-73,-21,
-101,-12,
-71,-9,
-65,-28,
-9,-79,
15,-66,
-19,-11,
-27,34,
-63,-6,
-10,-8,
62,41,
83,71,
63,66,
40,-23,
14,-10,
-59,-47,
22,-40,
-13,-5,
-34,-13,
-24,11,
11,-8,
31,48,
21,72,
-76,43,
-82,6,
-19,13,
3,-76,
-5,-27,
1,31,
96,59,
44,79,
-14,36,
-41,-4,
53,3,
57,0,
26,14,
-15,11,
38,-43,
-6,33,
12,-21,
-14,-6,
-26,75,
-28,3,
-34,22,
-49,-17,
-60,-42,
-3,-18,
41,-27,
-13,-18,
-72,51,
-5,18,
-104,-30,
-32,2,
4,-3,
59,35,
74,32,
-8,42,
-56,-20,
-67,-21,
-6,46,
12,44,
58,8,
2,-4,
-42,-20,
-95,-50,
-10,-22,
0,7,
-27,-10,
71,-43,
18,-41,
33,19,
-3,13,
-23,-11,
31,-17,
48,4,
16,33,
-21,35,
-7,16,
43,-17,
2,-48,
25,-38,
42,-24,
35,-19,
25,-31,
-26,-16,
11,-36,
47,37,
96,6,
44,36,
-43,54,
-39,53,
60,47,
36,21,
35,7,
67,82,
52,57,
22,5,
-30,-2,
-15,-9,
-30,-72,
-85,-16,
-36,1,
-7,39,
65,-35,
2,4,
-61,64,
-78,63,
-30,40,
-8,-19,
42,18,
-10,12,
-32,-12,
23,34,
40,-36,
19,-5,
55,16,
13,36,
23,-16,
35,-31,
28,-12,
40,-55,
63,-11,
-6,7,
3,-65,
7,8,
63,17,
-12,5,
-115,-579,
-252,-3598,
662,-7926,
2309,-7958,
4461,-6660,
3286,-45,
-60,1920,
-2544,-1142,
-3163,-4794,
-2251,-5298,
-1266,-2839,
-679,-595,
-343,342,
-39,362,
172,140,
87,124,
28,178,
-51,286,
-318,105,
-273,-12,
-52,90,
502,31,
460,-10,
345,82,
84,262,
-15,439,
-258,506,
-523,415,
-813,458,
-730,382,
-380,94,
59,-114,
204,-117,
187,21,
94,130,
160,116,
188,278,
28,276,
-154,0,
-256,-302,
-219,-215,
-115,-11,
-123,197,
-93,225,
-76,182,
-28,123,
33,173,
36,175,
119,205,
151,216,
24,100,
0,76,
-64,42,
-411,47,
-347,19,
-320,-52,
-66,134,
79,211,
193,116,
133,28,
81,21,
81,115,
75,73,
47,46,
61,71,
204,45,
162,81,
-28,45,
-158,18,
-212,8,
11,87,
101,122,
115,132,
24,122,
72,158,
84,112,
-61,187,
-139,148,
-211,36,
-38,16,
55,183,
84,447,
11,170,
10,63,
-9,-14,
184,-107,
55,-27,
84,133,
23,129,
21,96,
10,148,
41,121,
16,86,
64,52,
46,102,
75,125,
55,64,
31,101,
-28,40,
-28,0,
59,119,
14,138,
-10,88,
57,102,
90,79,
10,99,
82,225,
126,192,
37,105,
21,33,
-12,88,
41,107,
-16,44,
-24,77,
-56,14,
-64,5,
-105,35,
-131,136,
-32,115,
-45,133,
-72,77,
-46,114,
3,97,
-10,52,
1,72,
7,88,
-32,77,
-17,110,
3,106,
12,196,
-44,79,
24,55,
21,42,
47,99,
34,161,
74,146,
-27,172,
-34,151,
29,60,
18,46,
32,87,
-77,67,
3,64,
34,59,
-15,87,
-7,147,
80,69,
28,55,
-5,49,
12,186,
-10,107,
-90,101,
-27,83,
47,6,
00>
_________________________________
00>
00>
Printing STS1 CIR
00>
00>
_________________________________
00>
81,-31,
16,-64,
-30,3,
15,20,
21,93,
32,83,
-11,-19,
31,-17,
-62,13,
23,37,
7,-17,
25,4,
-18,10,
-42,57,
19,38,
77,74,
88,26,
4,6,
38,9,
-7,54,
50,13,
33,8,
-36,-20,
0,16,
21,9,
5,11,
-20,30,
1,17,
9,5,
38,10,
-16,27,
12,8,
22,-54,
7,-7,
2,10,
35,69,
29,23,
-21,-58,
15,22,
-30,11,
-95,-8,
-70,-3,
-55,-26,
43,47,
17,69,
10,40,
34,40,
15,14,
7,7,
49,-1,
-41,36,
-28,-37,
34,-16,
-16,-25,
22,21,
14,6,
-36,42,
-6,-10,
9,-29,
36,-39,
22,13,
32,-41,
-11,15,
82,-14,
26,-25,
6,4,
-10,-25,
2,43,
24,62,
18,44,
0,-45,
70,-42,
81,-32,
49,-16,
40,7,
18,0,
1,-6,
93,-35,
80,14,
2,-4,
-25,75,
1,5,
10,-7,
-12,16,
-23,-5,
-38,35,
-24,9,
-11,-13,
-22,15,
-69,39,
-42,-19,
1,24,
31,8,
94,10,
66,-28,
100,13,
67,32,
26,3,
48,18,
36,37,
24,41,
45,-10,
62,-46,
22,85,
-8,36,
9,25,
46,21,
68,-6,
76,-13,
27,-39,
-37,-58,
-112,-6,
-26,34,
39,-1,
4,-13,
-67,-34,
-2,23,
22,1,
33,31,
25,63,
42,27,
103,40,
70,14,
-42,4,
-73,17,
9,-10,
72,42,
72,41,
34,25,
-2,-4,
-10,44,
-6,46,
-21,40,
-13,15,
14,18,
28,25,
-22,21,
41,-4,
-1,-44,
37,-1,
6,13,
-42,34,
-90,74,
-3,80,
16,49,
0,25,
-19,4,
31,33,
23,-21,
19,24,
-9,-13,
-10,29,
-24,-37,
-26,-31,
12,-42,
44,-42,
40,-53,
-13,7,
57,8,
15,36,
58,38,
56,3,
-33,-29,
46,-11,
-8,26,
-8,53,
23,19,
49,-59,
15,0,
6,0,
-28,-15,
-61,8,
13,-22,
24,-21,
23,71,
36,106,
40,42,
35,-7,
-11,16,
-19,-18,
53,-61,
25,0,
7,4,
25,98,
79,-8,
-10,-13,
-56,0,
-57,5,
-29,47,
-41,24,
-29,15,
-23,81,
-11,47,
48,-9,
27,-42,
2,-32,
35,1,
22,-13,
44,-10,
48,5,
23,8,
12,-5,
-20,-41,
53,5,
86,88,
84,8,
39,10,
75,-33,
1,-75,
-43,-18,
21,9,
39,14,
-31,9,
11,-10,
7,3,
15,-27,
-33,-14,
-15,-25,
18,-29,
73,-48,
68,-12,
-11,30,
-7,37,
-13,26,
-2,55,
9,39,
11,29,
91,-1,
23,8,
-17,18,
1,23,
51,12,
-11,27,
-28,14,
-8,-4,
44,-24,
35,39,
-29,10,
-77,0,
-34,9,
-12,-36,
83,-12,
40,20,
10,29,
26,-36,
-16,56,
48,41,
-7,-19,
-43,15,
-5,-11,
23,-6,
48,-30,
14,-56,
14,-10,
-10,4,
-39,59,
-14,-6,
61,-26,
43,8,
34,22,
-19,9,
-59,36,
-31,28,
2,23,
44,3,
-22,29,
-22,36,
-75,-8,
-31,-11,
-16,-8,
-16,21,
19,-9,
-13,-27,
-34,23,
-19,30,
-3,13,
-6,-1,
-23,-35,
55,-54,
24,8,
-30,-17,
-25,-38,
-2,-23,
40,-10,
67,-18,
47,-51,
25,-14,
62,26,
86,15,
113,8,
-1,-37,
27,-55,
-39,-18,
-34,28,
7,82,
101,70,
63,51,
5,-1,
41,17,
12,31,
-9,37,
13,77,
59,11,
79,24,
45,-19,
14,23,
7,52,
12,-11,
39,4,
41,34,
-5,63,
23,68,
-60,-12,
-86,0,
-102,-10,
4,-7,
114,38,
57,74,
63,3,
84,-4,
46,-11,
-2,-14,
10,-19,
-9,-38,
15,3,
-30,37,
45,58,
45,-44,
77,-13,
-8,-6,
-20,-1,
99,-28,
32,-5,
82,37,
-4,19,
43,2,
54,42,
39,21,
21,5,
-13,-43,
-12,-13,
47,22,
9,-3,
27,-22,
52,15,
60,40,
46,19,
54,106,
33,46,
11,-8,
42,-6,
62,-47,
51,-21,
-4,-12,
26,17,
81,-22,
27,-64,
26,-18,
3,-517,
-157,-3692,
-35,-7754,
740,-8143,
2135,-7916,
1563,-1275,
192,3105,
130,2192,
1306,499,
2389,585,
1893,1135,
546,873,
-69,417,
-113,249,
-42,287,
51,234,
142,157,
410,82,
597,62,
601,96,
526,117,
123,-276,
-380,-379,
-441,151,
-296,379,
-174,310,
-106,187,
-17,200,
120,196,
171,27,
33,-32,
-67,-8,
-86,155,
47,330,
167,176,
174,113,
157,140,
35,221,
-137,267,
-261,67,
-327,76,
-354,208,
-262,324,
-172,293,
-89,163,
7,56,
32,20,
-28,-21,
-95,-208,
-129,-480,
-22,-133,
-13,-12,
-17,-31,
-90,48,
-123,110,
-84,143,
-39,209,
-41,129,
-39,30,
-101,83,
-98,196,
37,210,
161,104,
201,47,
181,49,
245,138,
184,59,
35,34,
-93,16,
-227,-67,
-181,12,
-59,19,
81,35,
120,-8,
150,160,
60,245,
-58,270,
-129,217,
-154,75,
-135,-32,
-167,-27,
-142,51,
-114,85,
-76,39,
8,37,
21,110,
-11,88,
27,90,
52,124,
-10,57,
-101,31,
-97,76,
-19,64,
-2,107,
31,57,
-6,26,
-18,52,
-17,0,
-101,-8,
-70,-7,
-50,-15,
-80,38,
-18,124,
6,36,
20,70,
17,100,
10,58,
27,41,
-5,56,
14,20,
34,15,
19,51,
96,30,
114,87,
55,23,
20,-30,
75,28,
33,63,
-24,48,
-51,72,
-25,89,
-35,98,
-33,98,
-15,18,
-35,41,
-35,34,
-56,115,
-15,133,
-8,128,
-29,121,
49,92,
33,56,
-14,47,
-106,46,
5,40,
29,143,
37,131,
-23,79,
-4,38,
-5,24,
-68,78,
-36,74,
-19,61,
-6,102,
-42,92,
-34,78,
-29,-1,
-9,12,
43,33,
-3,40,
-2,40,
-44,72,
-9,30,
19,106,
00>
_________________________________
00>
_________________________________
Sequence Number: 114
00>
00>
Printing STS0 CIR
00>
00>
_________________________________
00>
-34,10,
-37,1,
-23,15,
10,60,
23,73,
11,-4,
30,29,
24,78,
-37,24,
11,-28,
0,2,
-3,-44,
10,9,
-2,19,
-26,32,
10,22,
15,-27,
7,-24,
-55,28,
-55,54,
11,82,
-19,45,
-33,25,
-3,-17,
-29,37,
-19,32,
-50,73,
-7,24,
44,-5,
63,-46,
4,-48,
-29,2,
27,25,
65,1,
28,35,
12,67,
24,64,
25,18,
31,10,
10,-29,
36,91,
28,97,
-45,33,
25,-36,
42,-4,
34,30,
-1,12,
8,6,
30,2,
41,-2,
15,23,
21,72,
-9,77,
18,39,
26,46,
-32,11,
9,22,
12,39,
-12,-35,
8,21,
35,9,
22,19,
9,0,
19,33,
20,39,
8,0,
-4,18,
-15,-3,
24,18,
37,51,
3,35,
0,34,
4,58,
44,17,
34,-54,
12,-17,
-34,42,
7,31,
-5,0,
11,8,
-31,34,
13,16,
8,25,
23,-25,
-43,18,
-50,-40,
-15,-27,
-11,-14,
6,25,
43,55,
14,18,
1,41,
-17,40,
-49,37,
-9,43,
0,55,
2,6,
-10,1,
-26,-17,
-22,-36,
-7,33,
1,86,
58,108,
15,15,
-3,9,
52,-4,
72,30,
32,-48,
-62,-10,
2,-32,
44,16,
15,-34,
9,-15,
9,-27,
-25,26,
-30,-11,
-36,7,
-92,-28,
-76,-35,
39,55,
85,15,
59,53,
54,23,
44,26,
-11,37,
43,-16,
48,-23,
48,54,
15,-22,
17,7,
2,-15,
28,-2,
-10,-11,
24,5,
-9,4,
45,69,
-3,67,
-3,56,
92,-12,
33,28,
12,72,
-26,-42,
-20,-1,
19,14,
-8,12,
-1,21,
27,37,
-50,-13,
-31,-54,
-26,29,
42,92,
1,46,
37,18,
10,-10,
-34,11,
-43,-3,
-48,41,
5,-18,
11,-23,
-19,7,
-23,-32,
-12,35,
27,-5,
-14,-34,
-16,-45,
-9,24,
52,6,
59,-3,
99,-8,
52,18,
-28,15,
-20,80,
-11,46,
37,-10,
57,-11,
35,8,
-12,-11,
30,-18,
40,34,
110,1,
42,7,
43,38,
54,25,
11,7,
-35,4,
-57,19,
-22,-11,
-48,-2,
-38,-3,
6,6,
-12,-1,
-29,0,
-35,-19,
-28,21,
-9,16,
-1,-10,
-45,-73,
24,-79,
29,-24,
4,-20,
39,65,
71,70,
-21,47,
-13,27,
1,34,
17,-14,
-2,14,
-67,32,
-12,34,
51,34,
55,2,
-10,1,
24,-42,
-1,16,
88,1,
36,58,
28,-24,
56,-28,
11,61,
17,73,
86,103,
27,9,
5,48,
-28,31,
14,48,
6,46,
-42,35,
-56,64,
13,15,
46,34,
-4,45,
46,-5,
34,-48,
48,17,
17,-8,
3,-14,
15,-4,
9,-8,
-26,-16,
-37,-27,
-16,-34,
-16,25,
16,-32,
-23,-29,
-48,-71,
-33,-53,
-19,18,
-49,24,
44,-19,
47,-25,
10,38,
-33,-17,
15,4,
160,23,
63,17,
32,-2,
28,-8,
-13,-30,
-5,48,
20,20,
14,-53,
9,-89,
-2,-28,
-15,44,
4,87,
28,50,
26,69,
-2,14,
-19,-26,
30,36,
21,25,
-14,70,
-14,-2,
-12,23,
26,22,
-7,77,
12,104,
64,127,
-12,109,
-5,33,
26,-10,
41,-61,
13,-33,
-14,-29,
-8,-64,
48,31,
16,2,
-10,2,
-20,42,
-26,-20,
35,-25,
55,-101,
-8,-39,
3,-57,
-3,-13,
8,13,
64,15,
-37,-39,
7,26,
58,48,
0,26,
-21,113,
2,50,
10,-8,
52,33,
-10,3,
-14,5,
-75,55,
-45,-48,
27,22,
40,14,
11,40,
4,22,
20,7,
51,0,
15,0,
51,-37,
-49,-20,
-8,2,
36,6,
22,48,
8,-21,
27,-20,
27,-36,
11,-50,
16,35,
19,-5,
-20,-30,
40,-27,
-22,62,
15,77,
7,73,
21,30,
-26,-20,
-34,10,
21,15,
1,-22,
35,-44,
-8,-24,
-7,32,
26,38,
25,68,
3,3,
22,4,
-11,3,
-75,-63,
-8,-72,
-22,-22,
-32,-67,
-7,-7,
-16,35,
11,54,
-10,52,
35,28,
259,-248,
1949,-1689,
6459,-3910,
7660,-3343,
6723,-1072,
-134,1394,
-4541,2299,
-5222,1946,
-6169,2280,
-7426,2263,
-7001,1396,
-3270,241,
-295,17,
482,189,
266,180,
28,81,
101,119,
285,150,
290,315,
192,300,
220,270,
167,-15,
419,-331,
257,-407,
26,-311,
-71,-102,
86,137,
401,381,
530,450,
706,429,
378,229,
20,-32,
-115,-158,
25,-114,
190,31,
46,57,
211,99,
136,284,
-86,522,
-330,264,
-346,-177,
-183,-389,
-20,-355,
89,-202,
21,-55,
58,-53,
174,-26,
178,82,
153,139,
240,38,
222,48,
116,124,
276,82,
52,-31,
31,-188,
-95,-178,
-121,35,
-17,32,
-40,-29,
26,-88,
4,17,
-60,-16,
-34,26,
-85,1,
-88,-33,
-154,-33,
-80,-51,
-7,-91,
66,-127,
95,-48,
105,139,
52,186,
17,166,
54,62,
77,25,
19,91,
-42,89,
-130,-5,
-72,-105,
31,-63,
49,5,
-149,-93,
-97,-109,
-57,-51,
48,-3,
29,63,
78,119,
37,-4,
20,96,
21,97,
23,118,
63,-8,
24,-4,
64,9,
54,-20,
11,10,
-61,-4,
-54,16,
-43,18,
21,17,
88,-8,
5,2,
18,-23,
-86,-28,
-22,29,
52,36,
28,89,
26,21,
49,6,
58,8,
71,-5,
75,27,
1,9,
5,-6,
71,40,
18,82,
-13,-27,
-2,-136,
-8,-130,
16,-72,
28,-61,
17,-42,
25,-43,
26,-130,
-68,-57,
-29,32,
21,33,
56,-12,
66,-20,
-1,12,
-7,132,
40,126,
23,23,
-9,-9,
-6,-15,
-1,-74,
-7,-15,
-65,-3,
-102,57,
-63,-16,
-1,-54,
52,8,
37,22,
-42,-44,
-1,-15,
-6,-18,
23,-6,
25,29,
26,-22,
20,16,
22,22,
-77,37,
13,12,
42,16,
27,-12,
-24,-10,
-27,-40,
-43,-49,
00>
_________________________________
00>
00>
Printing STS1 CIR
00>
00>
_________________________________
00>
13,46,
-25,23,
-2,8,
-2,14,
55,-30,
21,28,
-9,15,
-71,7,
-37,30,
48,26,
12,57,
-22,-9,
-33,14,
-22,54,
21,20,
26,6,
34,-24,
-1,-23,
13,31,
-32,43,
-17,-24,
29,-36,
66,-9,
47,-4,
76,-20,
12,-59,
-24,-38,
-50,39,
33,48,
-3,37,
48,2,
15,-29,
-12,-1,
17,-9,
-15,-25,
11,-16,
17,-19,
13,-7,
53,-9,
69,-22,
37,27,
-13,42,
0,9,
1,10,
48,-14,
16,-31,
-10,-13,
-20,17,
17,20,
27,5,
41,-1,
-23,-39,
5,26,
19,24,
0,11,
-8,21,
15,-37,
-47,-36,
31,-9,
28,5,
0,15,
10,36,
-24,6,
1,15,
25,43,
23,11,
79,30,
-6,28,
89,2,
65,57,
95,79,
-22,29,
16,24,
51,11,
23,-51,
50,-49,
-6,-69,
-52,-7,
5,18,
34,-36,
32,-41,
-7,-23,
21,-56,
88,-49,
-2,-2,
2,-9,
49,0,
8,-21,
27,-12,
10,-29,
-16,-2,
-55,-29,
12,-40,
-20,-6,
15,24,
53,-2,
0,24,
-18,22,
-47,33,
45,-66,
14,-60,
37,-14,
36,-11,
40,15,
-20,12,
18,9,
30,-130,
41,-81,
74,-38,
23,39,
1,39,
-12,12,
-21,31,
49,-12,
10,-7,
26,-54,
-31,-10,
-47,-14,
-8,-40,
20,-43,
20,8,
-40,-2,
49,-22,
-22,38,
-18,45,
19,43,
63,-26,
12,-23,
-8,21,
-16,5,
28,16,
46,7,
-10,-6,
-40,-44,
6,-13,
-18,6,
-2,-19,
-35,13,
-60,-29,
15,-100,
34,-139,
12,-33,
8,1,
-40,61,
13,25,
-8,15,
8,-21,
59,-22,
58,2,
34,22,
-1,41,
-2,30,
-40,70,
-51,26,
13,16,
8,-5,
-44,68,
-39,16,
-32,38,
42,-3,
50,25,
-8,9,
-41,-24,
-4,-1,
-23,-4,
-40,-49,
3,-14,
34,1,
20,-50,
11,-60,
31,-62,
10,-55,
37,-40,
-7,-42,
-1,-17,
-16,-23,
-32,4,
-10,-7,
35,16,
-4,27,
-16,0,
44,33,
0,43,
-2,34,
43,-5,
-6,62,
24,-3,
30,-2,
-3,75,
28,51,
24,-1,
-3,-3,
-3,-35,
-7,-6,
-2,13,
12,22,
54,41,
52,32,
9,10,
38,3,
51,-6,
54,-4,
49,26,
80,19,
25,29,
29,-28,
-17,-4,
22,36,
50,22,
54,7,
30,-57,
49,-22,
24,3,
-7,-27,
-23,-23,
-5,-24,
14,50,
-4,70,
48,54,
14,41,
-7,-16,
43,38,
26,-31,
23,-28,
-11,18,
-6,-2,
29,18,
22,-44,
8,-18,
22,16,
-16,10,
-2,15,
29,-16,
59,-19,
58,6,
96,-16,
23,-35,
-35,14,
6,29,
57,-13,
10,-29,
18,16,
0,-11,
42,-26,
15,15,
8,27,
43,-17,
-8,-33,
-19,-20,
-44,-47,
-18,-19,
4,1,
8,28,
28,27,
23,13,
-1,-8,
-26,-22,
-22,-5,
35,16,
22,-41,
22,21,
5,-15,
-7,37,
-49,95,
-4,85,
21,12,
50,-51,
24,-27,
-21,1,
0,-23,
68,-3,
18,29,
-35,64,
-26,51,
22,17,
11,46,
32,-62,
18,-36,
26,-59,
4,0,
51,-3,
50,14,
35,-11,
-91,-18,
-44,-27,
37,21,
33,23,
83,-28,
-15,20,
-44,-42,
-8,-5,
20,5,
28,-17,
-30,-36,
-17,-10,
40,-4,
27,38,
-2,-23,
68,-3,
1,-55,
-22,-40,
-6,-10,
15,27,
-9,32,
28,28,
-3,11,
-9,19,
82,67,
49,14,
19,42,
30,63,
-2,55,
-30,-18,
21,21,
80,-51,
6,-30,
-8,28,
18,54,
44,-15,
26,20,
58,23,
31,22,
17,30,
5,2,
5,-12,
-28,-55,
-17,-4,
-15,21,
13,-16,
15,-50,
-51,-9,
-59,-4,
1,-15,
42,-45,
25,-65,
-1,43,
-25,10,
36,-26,
17,-41,
-63,26,
-8,-9,
26,5,
0,12,
11,38,
17,27,
57,5,
20,-26,
61,-50,
4,-34,
8,-12,
4,-36,
21,-31,
-15,3,
30,-23,
301,-398,
2334,-2171,
6149,-4432,
7439,-4240,
7259,-2603,
1823,-34,
-815,16,
220,-1891,
2456,-3882,
3164,-3804,
1971,-2040,
667,-492,
-65,288,
-309,456,
-241,298,
-109,182,
-50,114,
-283,109,
-284,-314,
-214,-442,
-132,-319,
-29,163,
-82,267,
-340,357,
-573,407,
-590,518,
-441,399,
-297,-1,
-298,-311,
-274,-330,
-181,-198,
-7,-113,
157,-143,
147,-171,
-15,45,
-26,91,
-135,139,
-151,104,
-119,63,
-93,-34,
-108,-3,
-81,208,
-115,259,
-107,153,
-117,106,
-26,79,
13,81,
51,125,
70,197,
-67,336,
-14,261,
7,129,
-69,5,
15,-41,
-22,15,
-5,132,
-48,167,
-81,144,
-47,155,
-16,144,
-19,110,
-104,87,
-127,71,
-120,45,
-88,69,
-184,150,
-106,7,
-22,-54,
-97,-160,
-184,-150,
-32,-28,
99,107,
100,221,
-15,275,
-105,239,
-95,184,
-90,127,
-88,73,
-76,26,
-102,56,
-133,112,
-240,152,
-124,-38,
-101,-50,
-42,-5,
8,29,
-56,63,
-92,103,
-100,94,
-134,40,
-152,81,
-119,79,
-58,106,
-34,75,
-33,86,
-23,116,
-7,111,
-116,209,
-46,130,
30,164,
-37,195,
-114,113,
-140,145,
-108,94,
-30,85,
-3,114,
-23,210,
-27,98,
-109,65,
-30,53,
-73,72,
-44,123,
-78,153,
-36,142,
-37,76,
-33,33,
-57,42,
-48,58,
-35,2,
6,-14,
27,25,
3,107,
-179,123,
-123,35,
-56,9,
-103,35,
-87,48,
-59,62,
-61,68,
-80,61,
-42,5,
-21,37,
-83,89,
-78,102,
-60,56,
-24,95,
-92,87,
-69,139,
-129,69,
-151,49,
-106,63,
-59,52,
-30,54,
-46,68,
-71,25,
-71,92,
-16,21,
11,-14,
-46,25,
-57,57,
-57,140,
-82,171,
-61,73,
-9,45,
42,8,
3,34,
-74,85,
-44,98,
00>
_________________________________
00>
RX Timestamp: 418732745915
00>
Clock Offset: 3206.062 Hz, -0.401 ppm
00>
RX Timestamp: 419807756711
00>
Clock Offset: 1498.890 Hz, -0.188 ppm
00>
_________________________________
Sequence Number: 246
00>
00>
Printing STS0 CIR
00>
00>
_________________________________
00>
-13,10,
-32,22,
-55,-46,
-28,-27,
-7,-35,
-39,-66,
-45,-26,
-39,-33,
0,33,
9,55,
-41,-28,
-51,-22,
29,-39,
85,33,
-6,77,
-48,16,
-117,-5,
-59,-45,
10,-7,
-39,30,
-98,-13,
-3,3,
6,57,
51,56,
-39,37,
-45,41,
-16,9,
28,42,
62,36,
47,39,
49,50,
-20,6,
31,2,
66,21,
37,105,
69,66,
25,29,
-5,13,
24,52,
23,6,
60,-7,
28,54,
30,0,
-15,-69,
-21,-97,
1,-14,
52,16,
56,2,
32,21,
112,17,
55,-18,
11,-13,
18,-2,
81,34,
6,48,
22,27,
1,64,
16,37,
10,44,
-61,-19,
16,-27,
51,-37,
9,-19,
-2,-20,
17,-15,
11,53,
48,-6,
35,-63,
33,29,
-10,32,
-15,-19,
53,17,
66,75,
44,101,
-9,-31,
-30,-58,
17,-41,
23,-6,
34,70,
6,61,
49,66,
11,-1,
13,-27,
30,-80,
-14,30,
-117,39,
-20,-26,
95,-80,
26,-31,
-5,73,
-59,-20,
2,73,
69,36,
45,-39,
83,-60,
56,-13,
-23,-8,
-88,67,
9,37,
1,-19,
7,-32,
-50,62,
7,32,
-120,-5,
-84,-17,
-51,-3,
-83,17,
-65,-18,
-36,-34,
-10,-13,
13,-38,
33,-57,
-15,-52,
-59,-33,
30,6,
-16,1,
-25,30,
17,-33,
16,49,
16,49,
-87,-24,
-48,-93,
-12,-59,
26,11,
-38,16,
25,25,
25,35,
14,11,
13,16,
3,-37,
8,-14,
26,-19,
21,-42,
86,-86,
105,-17,
79,78,
40,36,
-11,102,
-3,65,
-7,44,
-40,12,
1,12,
-73,43,
-59,-2,
-14,12,
-33,73,
-11,-16,
37,1,
-19,-28,
-24,-21,
7,30,
67,1,
42,-21,
-67,6,
-84,-22,
-14,-77,
70,13,
-3,28,
-72,-20,
-65,-48,
-32,3,
18,21,
-52,-38,
-31,7,
-5,100,
-83,59,
51,73,
62,-38,
-4,-111,
-27,7,
-54,56,
8,22,
-26,39,
-16,10,
18,-15,
54,-49,
95,-31,
78,-24,
54,45,
45,-4,
14,-25,
46,22,
11,54,
-23,19,
-31,-6,
-26,-3,
33,-29,
-8,-23,
-52,13,
11,32,
28,65,
10,19,
-26,5,
8,20,
-5,-22,
-24,-71,
-22,-24,
-50,-87,
-37,-42,
27,-16,
18,-27,
60,11,
26,18,
70,47,
46,68,
-30,11,
-15,-3,
22,11,
27,-5,
-13,-49,
-59,63,
-14,54,
-72,2,
-55,-11,
-82,-40,
-23,-78,
7,97,
-19,94,
-33,45,
-5,72,
-17,79,
59,27,
-27,-73,
11,-13,
15,31,
90,30,
0,-28,
8,-63,
33,50,
-37,45,
-61,12,
-5,-55,
-36,-29,
5,-21,
-64,-15,
29,97,
32,15,
17,20,
-50,-15,
8,2,
3,-14,
55,17,
18,22,
2,109,
-54,66,
-1,18,
-44,-12,
-34,-7,
9,-15,
37,81,
34,56,
-23,27,
-6,29,
20,23,
39,-35,
35,7,
41,2,
25,-19,
68,-10,
57,41,
16,5,
-13,-77,
-80,-40,
-61,-26,
6,-30,
53,31,
55,-21,
13,-23,
19,32,
54,51,
43,10,
56,40,
78,1,
27,-21,
-18,54,
10,63,
82,-47,
93,-31,
19,32,
14,41,
49,100,
34,48,
0,13,
11,14,
-19,35,
-30,15,
-52,30,
1,-40,
-10,19,
-32,-6,
-31,-11,
-3,66,
7,116,
-38,85,
-12,113,
34,-1,
83,26,
-9,13,
-38,-1,
-42,-11,
28,14,
64,51,
8,-35,
84,-46,
-32,66,
42,75,
87,93,
84,98,
20,57,
-43,40,
-2,-60,
11,-92,
26,-51,
7,-61,
-74,-48,
-62,-60,
-56,-8,
-56,37,
9,-59,
22,24,
92,96,
74,107,
59,37,
-4,37,
52,33,
-21,78,
21,24,
-34,-4,
-51,57,
4,23,
63,25,
6,49,
18,123,
27,67,
-42,-8,
15,-62,
11,-7,
-43,-83,
-10,-39,
56,4,
-48,23,
19,-39,
-38,2,
49,39,
-3,47,
-11,-31,
59,-26,
61,-7,
10,40,
15,38,
38,-35,
104,-23,
-4,127,
-481,849,
-2441,2642,
-5179,3863,
-5495,2705,
-1909,-260,
1681,-1891,
3121,-1919,
3387,-1894,
4381,-2431,
4920,-2198,
3459,-1105,
1000,-175,
-277,18,
-348,-44,
-59,-47,
-74,-103,
-132,-15,
-232,-71,
-177,-107,
-162,-62,
-162,25,
-263,209,
-264,275,
-152,261,
-18,85,
-38,12,
-169,-126,
-442,-188,
-606,-295,
-475,-245,
-121,-67,
89,165,
51,108,
-77,21,
-51,-23,
-88,-83,
-180,-142,
-54,-266,
75,-290,
256,29,
352,248,
166,244,
40,195,
-23,188,
-6,122,
-109,38,
-187,-71,
-195,-38,
-172,25,
-152,57,
-176,72,
-193,24,
-184,-7,
-106,65,
-88,67,
22,20,
81,-69,
4,-112,
65,2,
13,23,
53,12,
81,-75,
34,-76,
44,-51,
147,64,
99,8,
-12,9,
-37,86,
-17,76,
-28,-2,
74,-113,
132,-121,
-22,-28,
-29,18,
-96,20,
-34,-42,
132,-53,
94,16,
-11,90,
-109,-4,
59,15,
234,58,
154,120,
68,50,
-53,23,
6,-23,
-47,-32,
-40,10,
22,-42,
10,-91,
-7,-72,
-34,11,
-70,-2,
26,-9,
76,-77,
46,-51,
-27,8,
128,61,
19,84,
67,29,
18,59,
32,33,
91,82,
-4,-33,
61,2,
3,-36,
82,4,
45,29,
-31,33,
15,14,
-4,-2,
1,8,
-9,12,
-4,29,
-8,10,
41,-5,
81,65,
64,56,
-23,31,
-120,104,
-88,41,
56,-17,
59,22,
31,76,
67,74,
46,62,
21,30,
19,32,
-32,-20,
-24,-76,
-25,-49,
-38,-19,
14,84,
83,45,
76,-80,
34,-18,
21,56,
-34,55,
-10,8,
17,-11,
-7,-73,
-15,14,
-95,-29,
-55,-32,
-56,1,
43,-54,
29,-8,
2,14,
13,-5,
53,0,
47,-2,
0,41,
-38,-21,
-19,21,
86,110,
128,71,
27,16,
22,-36,
-4,-32,
00>
_________________________________
00>
00>
Printing STS1 CIR
00>
00>
_________________________________
00>
-3,11,
-43,-2,
-15,25,
14,32,
2,38,
54,57,
17,46,
25,32,
40,69,
36,80,
39,21,
63,-41,
33,-16,
59,56,
48,14,
55,17,
82,56,
63,60,
42,-8,
-12,2,
17,-15,
37,-20,
15,-42,
29,15,
41,17,
52,-4,
-24,-8,
-25,2,
-7,-16,
64,34,
20,46,
57,16,
19,33,
18,32,
11,-12,
8,67,
20,104,
-38,73,
21,6,
41,55,
97,98,
1,64,
-3,84,
-25,78,
2,6,
3,-42,
41,-75,
37,3,
38,24,
79,31,
70,79,
76,76,
55,85,
-51,72,
-6,83,
-9,51,
-2,67,
23,57,
32,12,
-49,46,
-29,82,
-102,47,
-12,33,
100,-2,
41,-8,
66,-22,
-26,10,
44,30,
96,59,
34,25,
5,7,
13,-45,
25,0,
-23,-41,
5,42,
49,58,
62,32,
17,-42,
-28,-60,
-36,-5,
1,78,
-21,80,
-6,29,
30,29,
54,-40,
27,5,
-3,-22,
-3,25,
-35,19,
-44,10,
7,-17,
29,-33,
-52,-18,
-75,-1,
2,62,
20,12,
-38,19,
14,-12,
-26,21,
-38,37,
-4,38,
23,41,
49,-15,
19,9,
19,16,
25,36,
79,98,
1,58,
-24,2,
-37,-5,
1,40,
21,25,
-16,51,
7,16,
-5,-15,
7,-68,
8,-63,
-18,26,
-1,-16,
3,-55,
42,-4,
11,61,
-9,64,
-35,42,
16,3,
5,-28,
39,-25,
40,83,
44,37,
31,29,
48,12,
-10,-30,
0,16,
-6,87,
31,64,
32,42,
21,39,
36,41,
-8,94,
3,19,
-10,-29,
-15,14,
-4,11,
82,46,
44,87,
52,14,
-11,-37,
-88,-51,
-18,0,
0,-13,
32,27,
26,21,
-36,-10,
-26,-24,
7,5,
43,-2,
17,67,
-12,44,
14,-17,
9,17,
14,15,
83,17,
67,23,
14,-1,
-39,46,
-14,56,
-19,86,
-48,36,
-13,79,
3,15,
21,19,
36,15,
-15,36,
-21,-6,
-7,65,
57,70,
10,-1,
0,1,
24,46,
-2,31,
1,18,
-20,20,
-45,-2,
-38,-15,
20,-23,
11,0,
42,92,
71,91,
41,-28,
29,-63,
-39,50,
-9,108,
3,63,
13,24,
40,0,
69,24,
-24,-40,
3,6,
20,8,
88,3,
27,-8,
-1,-27,
34,-43,
40,-26,
12,-33,
-7,-27,
15,23,
14,29,
19,18,
75,24,
49,34,
65,106,
-5,47,
-32,19,
80,-24,
45,19,
19,-10,
-17,28,
-6,-20,
-12,-11,
11,37,
-18,22,
15,60,
30,80,
33,43,
90,-7,
18,-19,
26,22,
97,-3,
8,-2,
37,-10,
4,37,
-21,77,
-3,36,
-22,-11,
-12,-3,
28,34,
46,-16,
91,5,
5,-5,
-9,8,
17,5,
90,-8,
3,23,
-24,46,
3,46,
87,6,
18,-22,
-12,-15,
-5,14,
11,-59,
-16,24,
27,34,
13,-27,
-29,-14,
19,-22,
-6,47,
23,73,
22,60,
20,74,
38,58,
-42,55,
-63,10,
25,-12,
71,-28,
95,36,
52,76,
-13,11,
6,17,
3,-18,
22,-4,
33,-10,
71,-12,
41,-48,
-17,84,
-5,80,
14,21,
-13,36,
65,35,
48,62,
-15,57,
-55,-6,
-101,25,
-43,26,
40,-6,
12,-3,
69,18,
69,32,
1,2,
-25,24,
-22,8,
11,15,
33,21,
-53,13,
-62,12,
-11,9,
107,-42,
63,-1,
50,69,
47,61,
-10,21,
-28,41,
-102,68,
-35,51,
-9,8,
24,14,
38,44,
41,-7,
62,65,
39,19,
58,-2,
-10,-15,
-28,18,
-14,45,
15,100,
22,62,
18,49,
58,3,
80,28,
54,54,
39,69,
2,34,
8,56,
46,-23,
27,15,
-63,10,
-21,-4,
-36,80,
-3,102,
-14,7,
78,54,
145,1,
59,-37,
23,59,
37,46,
-2,25,
65,11,
-16,60,
-16,112,
-15,14,
-74,50,
12,4,
67,-16,
77,28,
3,-51,
28,-15,
25,16,
30,35,
22,30,
20,1,
-50,98,
-6,48,
-28,130,
-670,832,
-2853,2765,
-5385,4058,
-5888,3296,
-3022,898,
90,-348,
590,579,
-755,2217,
-1751,2814,
-1498,2054,
-782,911,
-235,-37,
117,-381,
168,-273,
133,-196,
95,-92,
146,-34,
242,150,
256,364,
142,296,
26,62,
-58,-183,
117,-223,
352,-270,
418,-306,
387,-312,
276,-67,
284,240,
304,417,
290,285,
207,126,
44,88,
-2,69,
37,-137,
2,-208,
54,-169,
143,-170,
129,-104,
138,-73,
71,-47,
31,-83,
84,-156,
118,-85,
99,-30,
84,-21,
-28,-71,
-35,-13,
-30,-96,
67,-226,
107,-288,
53,-166,
22,28,
-55,114,
-27,26,
89,-57,
86,-73,
42,-91,
-11,-122,
28,-92,
26,-65,
25,-46,
45,30,
94,-4,
144,-50,
110,-154,
117,-127,
101,-16,
182,86,
118,153,
105,153,
66,-24,
-68,-163,
-61,-158,
-11,-138,
23,-135,
36,-171,
110,-122,
87,47,
72,-18,
86,-39,
99,-46,
150,28,
122,16,
49,-19,
-68,-31,
-15,-4,
76,-72,
112,-118,
81,-105,
24,-89,
9,-49,
58,-69,
83,-15,
-8,-3,
47,-55,
26,-86,
22,-96,
80,-131,
53,-72,
8,-97,
19,-45,
41,2,
117,-28,
62,-76,
26,-64,
23,-81,
61,19,
27,-9,
63,-43,
93,-73,
140,-105,
125,-121,
72,-112,
85,-77,
67,-45,
35,-27,
20,29,
60,16,
79,-29,
43,-43,
-1,-66,
14,-16,
76,-61,
45,-70,
38,-11,
55,47,
55,-10,
1,10,
-31,-48,
26,-15,
52,6,
10,45,
43,-16,
73,-16,
75,-69,
46,-106,
63,-140,
108,-88,
98,-56,
154,-68,
116,-68,
3,-77,
55,-60,
72,-33,
77,-69,
65,-40,
29,-3,
17,-2,
104,-27,
104,-77,
27,-49,
-73,16,
77,28,
79,47,
9,-24,
-4,-43,
54,-8,
52,-48,
79,-34,
00>
_________________________________
00>
_________________________________
Sequence Number: 249
00>
00>
Printing STS0 CIR
00>
00>
_________________________________
00>
-7,-30,
64,13,
10,20,
28,-21,
-10,-32,
-1,36,
10,-30,
1,-2,
7,-34,
24,-29,
26,39,
5,39,
35,-20,
6,-38,
25,5,
-14,-19,
6,29,
-13,-14,
30,-27,
34,34,
22,35,
38,-17,
26,-8,
-21,-87,
-54,-58,
10,-4,
21,-27,
-32,-7,
0,74,
-27,48,
-115,36,
-50,48,
10,-11,
35,4,
13,62,
11,-4,
-7,28,
-17,-2,
-9,86,
-39,91,
-62,80,
-18,-6,
0,-13,
-6,-33,
-39,-18,
-24,25,
-9,-12,
-36,27,
-9,23,
-17,-12,
18,8,
-11,12,
12,10,
-16,1,
1,-8,
-34,77,
9,27,
9,-48,
53,9,
5,-61,
-2,-6,
13,0,
25,3,
25,-20,
-5,-24,
-3,1,
-9,-35,
-10,18,
-2,-19,
42,17,
37,33,
16,4,
-11,51,
13,6,
-26,-29,
49,36,
54,14,
29,-2,
28,-10,
65,-1,
77,-1,
-15,24,
-19,54,
-3,37,
51,18,
60,22,
-46,45,
16,-10,
62,36,
16,30,
-28,-28,
9,-34,
83,-68,
121,23,
134,28,
8,-3,
7,-12,
16,-4,
1,42,
45,48,
16,-3,
-32,-45,
-79,2,
24,-17,
107,-22,
34,-42,
-5,55,
-46,54,
-12,2,
11,26,
-27,-26,
-17,-1,
29,45,
63,78,
4,46,
-9,18,
-12,19,
18,33,
13,24,
10,26,
40,40,
-17,-42,
-22,10,
-22,-3,
-7,50,
3,12,
82,4,
-17,-37,
-11,-8,
12,-35,
27,2,
6,-17,
-16,3,
3,3,
50,57,
23,-23,
19,5,
8,51,
5,25,
2,-87,
-46,-18,
29,-10,
2,-22,
19,55,
6,109,
16,-2,
8,16,
21,-12,
25,-11,
-11,3,
23,-75,
-35,36,
-32,62,
-31,-14,
65,30,
24,17,
-31,29,
-5,40,
-38,47,
-53,63,
-38,-5,
-26,53,
41,-21,
42,60,
31,18,
58,87,
-10,37,
22,-26,
-2,-31,
71,-5,
18,36,
-41,83,
-94,54,
-61,-17,
-3,-37,
52,43,
11,2,
-34,-6,
-21,-26,
0,24,
-7,63,
-7,29,
-23,57,
9,-19,
24,-2,
41,37,
30,-42,
-40,-28,
48,-19,
88,35,
152,71,
43,22,
28,-1,
-1,-20,
-13,-24,
36,-14,
16,-25,
2,-30,
-34,38,
-4,17,
71,6,
102,-30,
-22,52,
59,54,
-14,-1,
26,-15,
4,61,
-4,29,
3,43,
-2,-35,
34,12,
10,26,
-44,40,
-144,-33,
-28,-6,
-11,-21,
-54,17,
-63,42,
-13,36,
58,36,
-12,41,
5,79,
33,15,
25,6,
18,2,
-7,20,
6,22,
-2,-14,
-21,-10,
-9,-24,
-33,-17,
34,-40,
95,-30,
5,-46,
6,8,
-13,68,
75,49,
46,-44,
-6,-60,
18,-14,
4,30,
12,7,
-9,-7,
15,25,
35,15,
11,-35,
53,-65,
31,-38,
101,-8,
33,-45,
-11,-42,
-68,3,
-52,34,
-6,8,
-63,34,
-35,39,
-51,51,
23,53,
-1,5,
11,7,
23,-13,
37,47,
6,26,
-20,-14,
16,-11,
1,-10,
-42,-84,
19,-72,
4,7,
-11,45,
0,52,
-49,41,
-49,7,
25,-4,
19,8,
-16,8,
-19,5,
26,0,
-25,46,
27,27,
13,34,
-14,50,
-19,-20,
-44,-95,
-63,15,
-37,46,
-2,47,
2,38,
-42,9,
-32,-21,
-60,-17,
-18,17,
-66,-1,
-4,35,
30,23,
-69,16,
5,5,
-58,40,
7,-10,
-29,60,
1,28,
-24,-81,
47,18,
36,-15,
-51,6,
-32,-65,
-47,49,
19,62,
-3,35,
4,-36,
6,-71,
10,-22,
-5,-19,
41,-17,
66,-43,
12,-4,
2,-29,
27,5,
-18,-3,
-20,35,
5,25,
29,-21,
6,-69,
8,-9,
-2,11,
19,20,
9,-22,
-8,-31,
27,-51,
7,-17,
-54,43,
-86,83,
-72,23,
-8,16,
-25,32,
5,10,
22,-6,
-4,0,
-16,9,
30,36,
34,20,
51,16,
5,-37,
-15,58,
34,-13,
23,-23,
21,95,
6,-39,
4,24,
14,-51,
19,43,
96,41,
66,13,
60,-9,
1,-41,
-41,-75,
-122,-89,
-1052,-971,
-4338,-4609,
-5183,-6853,
-3723,-7571,
348,-4781,
1982,600,
-138,1456,
-3884,-352,
-5483,-1948,
-3879,-1571,
-1436,-192,
-278,421,
152,386,
179,92,
99,-25,
108,62,
128,201,
153,329,
-182,239,
-143,144,
167,-47,
273,-295,
216,-265,
324,48,
355,318,
296,409,
107,547,
-54,721,
-78,767,
-84,501,
-81,58,
-29,-194,
30,-129,
260,57,
211,-95,
291,-98,
394,194,
97,98,
-199,78,
-460,-45,
-249,26,
49,170,
123,186,
115,135,
75,88,
87,79,
156,79,
141,67,
220,25,
276,-19,
154,-77,
52,9,
-20,271,
-125,257,
-96,185,
-43,148,
128,39,
154,-134,
150,-74,
131,-96,
147,11,
81,34,
56,37,
67,-14,
116,-35,
184,-46,
126,-33,
56,78,
-18,220,
-34,55,
107,-1,
243,-21,
188,-11,
168,30,
137,31,
89,123,
69,176,
5,158,
-30,72,
76,33,
231,212,
240,249,
55,9,
36,-15,
-30,-172,
6,-50,
33,100,
115,81,
99,65,
85,46,
105,67,
80,43,
80,49,
36,75,
58,68,
80,5,
130,104,
93,87,
5,33,
58,63,
180,89,
114,130,
111,81,
6,70,
11,37,
141,107,
123,28,
149,29,
89,40,
51,23,
-33,12,
11,18,
50,127,
109,58,
-7,23,
25,32,
-35,201,
-29,155,
-5,83,
23,84,
-13,43,
-18,96,
-24,52,
9,30,
73,74,
67,124,
53,166,
59,115,
95,59,
147,0,
84,26,
37,16,
162,112,
124,87,
50,119,
146,165,
126,97,
86,81,
61,69,
30,48,
4,100,
-9,81,
23,-2,
60,60,
118,118,
147,106,
77,-55,
45,5,
56,77,
62,37,
8,81,
30,73,
75,42,
153,75,
77,34,
00>
_________________________________
00>
00>
Printing STS1 CIR
00>
00>
_________________________________
00>
14,-30,
16,27,
42,-25,
25,10,
34,19,
19,18,
17,20,
-17,23,
-23,7,
-30,40,
14,20,
26,48,
23,36,
40,-48,
24,-43,
0,35,
24,11,
-1,19,
-9,8,
4,32,
60,15,
12,-21,
3,38,
-52,62,
-9,42,
19,103,
38,8,
12,4,
45,29,
-57,-13,
-37,-7,
25,-16,
54,-52,
46,-18,
17,16,
-25,21,
81,42,
69,14,
126,-79,
104,-69,
75,-23,
55,5,
-6,13,
15,72,
39,11,
28,-22,
18,40,
4,52,
28,-30,
31,-18,
36,1,
17,28,
-9,19,
-55,33,
-36,-17,
-32,48,
-35,41,
-9,4,
17,-76,
58,6,
1,-35,
-45,-23,
-8,-15,
70,43,
16,11,
12,33,
18,8,
-28,-10,
27,31,
30,14,
54,92,
35,25,
10,18,
61,13,
48,5,
4,61,
26,14,
42,12,
12,6,
10,47,
42,43,
13,18,
45,42,
50,43,
55,18,
29,-13,
30,-50,
51,-22,
75,-39,
93,-31,
2,39,
-56,34,
-21,8,
61,92,
16,75,
29,30,
4,6,
13,15,
74,-29,
69,21,
80,7,
80,73,
89,77,
20,25,
91,-25,
22,26,
5,4,
-33,46,
14,66,
11,110,
14,65,
-5,16,
-25,11,
-12,-17,
8,-10,
28,29,
44,-15,
20,44,
8,7,
-2,16,
-22,42,
-55,26,
11,-18,
54,-22,
60,-16,
-26,21,
-3,35,
40,-8,
55,11,
33,-5,
23,19,
24,27,
-2,13,
51,-8,
53,-13,
51,-37,
89,-26,
72,47,
81,39,
56,66,
67,4,
-15,-16,
56,-37,
70,6,
31,-5,
4,56,
45,58,
53,16,
48,11,
37,5,
60,-2,
55,29,
17,72,
7,111,
39,-2,
-25,-39,
-6,15,
39,40,
71,44,
117,-22,
57,-18,
23,64,
-24,38,
-1,15,
35,-9,
60,23,
126,-25,
7,-21,
-7,8,
2,83,
1,-20,
32,16,
21,17,
24,28,
-22,-7,
-23,6,
-7,31,
-8,31,
15,2,
29,-39,
29,-7,
27,45,
41,99,
22,24,
17,-30,
12,11,
-37,17,
-8,-60,
-22,-22,
17,55,
-32,9,
74,44,
50,-1,
-15,9,
35,30,
-2,75,
36,-10,
31,11,
42,32,
-14,35,
-32,31,
44,2,
51,4,
-13,3,
-24,11,
64,11,
86,0,
-3,-37,
-20,2,
49,26,
3,-3,
19,-5,
12,44,
0,57,
47,-36,
64,-11,
49,17,
35,25,
41,5,
62,38,
64,-23,
1,-27,
-28,53,
2,30,
-13,-30,
-24,-25,
10,9,
38,3,
44,8,
46,-21,
-7,-3,
17,0,
34,35,
56,-7,
60,-28,
117,8,
24,3,
60,11,
-31,96,
-18,8,
9,29,
7,-36,
64,5,
18,30,
14,4,
10,28,
27,30,
-12,26,
-8,27,
-29,12,
24,-14,
71,33,
-1,24,
-17,15,
-26,-27,
-46,-18,
8,-34,
51,-5,
5,6,
5,2,
-4,11,
10,31,
35,45,
3,36,
-7,46,
-54,17,
-58,-34,
-5,19,
-3,34,
-6,39,
20,4,
13,7,
3,-22,
-3,21,
-39,11,
23,-13,
31,-28,
3,28,
-6,39,
-11,35,
-39,-6,
28,-108,
13,-14,
24,-11,
48,-29,
43,20,
67,-15,
35,44,
-17,9,
18,-38,
16,-16,
26,57,
61,-14,
1,-29,
-27,6,
1,14,
16,0,
24,-16,
28,-44,
73,10,
64,52,
-1,17,
-17,71,
-34,47,
-2,33,
1,29,
28,-2,
47,-24,
29,-13,
2,49,
-35,-14,
-49,39,
-46,42,
4,-18,
48,22,
33,-14,
1,51,
10,1,
84,-23,
70,-3,
29,-20,
20,4,
31,2,
3,-19,
55,-13,
26,0,
49,-26,
27,14,
57,6,
28,16,
24,33,
27,-2,
58,-13,
1,77,
-38,-21,
7,-54,
-8,-32,
-4,-14,
16,33,
14,4,
23,18,
25,-22,
36,-34,
19,-10,
-19,8,
51,18,
27,-3,
17,19,
2,78,
-51,38,
4,-31,
64,-2,
97,5,
51,40,
-18,22,
-12,28,
-54,-103,
-927,-758,
-4127,-4283,
-5151,-6757,
-4258,-7513,
-1216,-5494,
1398,-66,
1708,1892,
1134,548,
1656,-771,
2144,-694,
1392,0,
389,357,
0,292,
131,141,
147,111,
94,80,
184,14,
446,-184,
448,-315,
479,-255,
146,-398,
-317,-217,
-391,110,
-112,390,
48,382,
81,230,
66,191,
114,83,
139,-27,
78,-149,
3,-56,
-9,123,
126,212,
344,198,
249,-46,
252,-103,
346,219,
180,247,
-50,298,
-221,252,
-206,301,
-3,326,
30,349,
-8,262,
30,141,
78,52,
32,37,
-97,-26,
-239,-175,
-262,-240,
-30,-48,
-20,-12,
105,134,
65,124,
76,152,
54,158,
65,31,
16,-19,
-74,41,
19,86,
112,104,
191,75,
195,28,
124,13,
197,-8,
232,21,
129,-33,
44,43,
-80,139,
-125,110,
-16,113,
60,22,
156,-3,
169,63,
172,96,
128,184,
92,167,
-55,156,
-133,52,
-87,39,
-8,79,
45,119,
44,50,
73,11,
141,140,
68,83,
-22,79,
22,61,
73,107,
-7,93,
-78,90,
-23,63,
42,49,
94,60,
63,44,
56,83,
0,67,
-17,57,
-21,-10,
-19,6,
28,48,
45,5,
114,88,
90,79,
85,-2,
80,78,
53,52,
24,79,
-42,55,
23,43,
47,-6,
75,46,
64,10,
49,69,
-18,24,
-26,45,
42,68,
72,64,
12,67,
5,12,
-1,48,
-47,90,
-38,72,
0,12,
76,18,
101,56,
42,58,
68,67,
-12,135,
59,80,
-13,5,
-32,17,
38,80,
82,83,
109,116,
11,109,
-7,61,
52,39,
50,69,
55,79,
36,39,
44,76,
43,106,
8,73,
5,78,
37,123,
-2,71,
18,38,
66,92,
52,82,
4,113,
42,55,
26,63,
17,74,
-3,103,
00>
_________________________________
00>
RX Timestamp: 558834617215
00>
Clock Offset: 2767.181 Hz, -0.346 ppm
00>
RX Timestamp: 559908054661
00>
Clock Offset: 2324.581 Hz, -0.291 ppm
00>
_________________________________
Sequence Number: 125
00>
00>
Printing STS0 CIR
00>
00>
_________________________________
00>
23,-9,
-35,19,
-29,15,
-30,26,
1,31,
39,61,
-10,17,
-38,52,
-11,86,
17,36,
12,-23,
54,-19,
46,24,
28,50,
-13,39,
-43,64,
4,49,
-4,21,
0,-53,
8,-35,
-68,-33,
-74,-98,
49,-92,
51,-57,
33,-54,
-15,50,
-17,-18,
1,-63,
38,-65,
-31,-46,
-4,-9,
36,-48,
30,-41,
-13,-48,
-71,-18,
-70,-41,
1,-9,
94,-41,
1,-13,
11,41,
-121,61,
-26,39,
7,42,
-20,26,
-106,-19,
-17,-68,
-68,-27,
7,-20,
7,-12,
-38,-33,
-42,-16,
13,26,
0,-16,
75,32,
-52,16,
-32,51,
-37,-20,
-18,28,
6,-4,
-3,0,
-27,-10,
23,-31,
84,0,
65,13,
76,58,
-6,32,
-40,-19,
35,-7,
81,5,
23,-16,
5,-19,
-37,-10,
-18,38,
78,-72,
-34,-72,
-14,-17,
25,-4,
22,57,
-49,1,
5,-7,
-49,-8,
14,42,
6,42,
-40,55,
-17,27,
-14,17,
35,-26,
-19,37,
8,-7,
71,36,
12,0,
-54,-40,
-2,10,
-25,24,
22,4,
33,27,
-57,-28,
40,-84,
42,-34,
-35,28,
13,22,
-14,68,
-6,58,
-14,63,
-16,78,
-16,5,
13,-39,
9,-39,
41,11,
30,4,
33,51,
-16,13,
52,30,
15,43,
9,-5,
-7,12,
10,64,
57,-21,
-11,-37,
4,-3,
3,56,
-18,59,
-6,-1,
-24,-10,
9,21,
44,8,
-9,-17,
-30,12,
4,-19,
29,48,
16,-24,
23,-68,
-28,-98,
38,-51,
28,-22,
-7,-5,
-50,50,
-25,-51,
21,-30,
-2,-3,
-6,40,
-9,-1,
-35,-4,
-31,8,
-8,58,
70,62,
73,-14,
43,-76,
-41,-30,
-48,-44,
-31,-49,
-14,13,
56,-25,
47,77,
28,35,
14,106,
-30,-42,
-17,-68,
17,-42,
-22,-16,
-23,23,
0,-22,
-56,22,
-11,3,
48,-19,
26,-78,
-20,-66,
-22,-5,
20,14,
20,65,
-35,-35,
-43,-74,
1,-23,
69,20,
108,12,
69,7,
-6,19,
-5,29,
4,-10,
25,-16,
3,-10,
-82,-7,
22,-107,
35,-59,
41,-41,
-25,-31,
11,36,
-1,-2,
-44,-22,
-68,-45,
32,-27,
76,20,
51,15,
-59,51,
-22,-9,
-14,-16,
28,11,
48,-71,
22,-9,
13,43,
-23,24,
-33,40,
-50,27,
-3,52,
50,7,
48,-1,
38,-31,
34,-19,
-41,-54,
-46,-16,
0,-52,
-2,-65,
-45,15,
51,-10,
14,22,
5,0,
-2,2,
39,58,
-40,2,
-19,-36,
-63,-18,
17,64,
44,6,
22,-9,
23,1,
-36,13,
-54,0,
5,30,
10,58,
105,49,
35,-3,
35,-3,
29,21,
1,-81,
-35,-48,
77,-7,
34,79,
-17,44,
17,-9,
21,-22,
46,29,
30,7,
19,19,
3,2,
-8,-26,
-23,-50,
38,-71,
55,-61,
48,33,
-19,-17,
61,-4,
31,3,
7,-12,
-16,-41,
41,8,
38,36,
1,28,
25,4,
-22,-49,
-25,4,
-11,-38,
25,4,
8,20,
-2,9,
-27,43,
11,51,
19,33,
-34,-5,
-13,1,
15,51,
1,7,
-26,33,
28,16,
14,15,
-13,-2,
-7,31,
14,65,
-2,58,
42,-26,
30,18,
6,36,
-17,26,
-37,-34,
9,-9,
-7,-14,
-23,-27,
-92,-39,
16,6,
34,38,
38,9,
-8,3,
-46,8,
-11,-12,
-51,7,
-20,18,
-1,34,
-23,50,
-5,-1,
1,28,
55,33,
91,20,
72,81,
-32,115,
-17,-51,
-20,-3,
-30,-44,
25,-16,
43,-40,
41,-12,
60,-5,
30,-55,
0,7,
46,-86,
6,22,
4,-2,
-58,-47,
-22,2,
-2,51,
45,25,
36,11,
8,10,
2,52,
-32,23,
-46,0,
16,14,
57,9,
19,-21,
-4,-64,
-4,-87,
-23,-37,
31,40,
-58,26,
-39,3,
-15,-54,
-41,-26,
-42,16,
-71,-10,
-37,-40,
30,8,
-5,-28,
-17,-26,
6,-16,
-18,-3,
-25,-27,
62,-97,
-11,-72,
44,22,
16,17,
69,-6,
41,89,
4,4,
-37,10,
-2,13,
44,-50,
-19,-35,
-56,-26,
-641,-66,
-3712,-676,
-7784,-1897,
-7709,-3157,
-6100,-4950,
558,-2681,
2288,621,
-1240,1983,
-5391,2131,
-5644,1381,
-3049,993,
-606,737,
441,487,
419,54,
175,-107,
102,-74,
171,66,
285,167,
83,237,
-39,223,
137,-25,
51,-473,
7,-469,
178,-289,
423,-24,
470,78,
519,257,
375,690,
442,931,
330,817,
36,359,
-143,-102,
-122,-173,
74,-83,
156,-138,
159,-192,
284,-122,
316,16,
36,150,
-204,227,
-334,228,
-187,145,
154,114,
282,99,
215,158,
131,47,
163,-7,
230,-44,
270,-131,
269,-210,
117,-201,
72,-72,
61,104,
67,323,
15,270,
56,221,
156,29,
182,-110,
118,-161,
65,-138,
126,-121,
160,-65,
128,-32,
118,-3,
9,-63,
3,-115,
38,-135,
24,-11,
-49,79,
66,246,
85,76,
172,-127,
239,-52,
177,-7,
147,-84,
121,-20,
182,82,
120,231,
56,191,
20,84,
150,-13,
456,-64,
179,-90,
49,-39,
-35,-49,
-16,-142,
62,-35,
176,-21,
152,-18,
174,-10,
171,39,
76,-4,
76,-32,
58,-4,
40,17,
54,-81,
153,40,
177,88,
31,25,
25,-17,
134,-5,
91,-95,
62,-31,
74,-34,
58,21,
34,23,
189,6,
165,-6,
135,56,
37,-24,
40,50,
72,53,
70,-5,
141,52,
50,-27,
16,-33,
37,-3,
133,82,
67,62,
-4,42,
20,77,
53,101,
59,74,
70,26,
66,65,
90,28,
66,38,
143,42,
111,95,
122,104,
1,15,
35,-30,
106,-72,
152,3,
235,3,
202,-60,
160,-9,
113,4,
121,-2,
37,36,
-25,75,
4,17,
28,-18,
74,-1,
54,-6,
107,-24,
51,-6,
85,-46,
42,-46,
95,-72,
142,16,
69,56,
30,49,
44,-4,
31,47,
93,65,
00>
_________________________________
00>
00>
Printing STS1 CIR
00>
00>
_________________________________
00>
51,10,
36,45,
-7,89,
-41,55,
-8,9,
0,-21,
47,24,
40,46,
45,-13,
23,-27,
-27,27,
14,34,
-9,49,
10,-40,
-18,27,
-3,11,
36,73,
47,63,
44,45,
21,-4,
21,53,
19,44,
15,9,
-5,19,
-11,69,
34,33,
13,47,
-1,-19,
39,18,
27,91,
29,20,
-9,-11,
-30,32,
74,53,
46,20,
52,-43,
33,23,
15,25,
-7,72,
-17,106,
-3,120,
59,1,
80,-11,
79,-14,
52,-5,
20,28,
-2,54,
-9,101,
-7,25,
-1,44,
-26,-11,
22,48,
66,37,
65,-5,
-27,90,
-12,39,
-33,-9,
-8,65,
30,86,
-11,59,
23,11,
-42,31,
8,23,
20,-7,
7,20,
-26,48,
-14,79,
22,22,
50,0,
108,-31,
19,-49,
14,-55,
72,-7,
37,56,
64,103,
18,-20,
59,8,
83,56,
73,66,
55,87,
56,-15,
37,14,
13,12,
59,13,
69,-5,
18,65,
22,66,
11,65,
1,13,
24,8,
54,-4,
19,9,
27,-46,
20,-13,
58,6,
55,53,
29,26,
-11,-25,
-4,13,
-10,3,
24,32,
-25,12,
2,-5,
12,-7,
12,-7,
87,77,
38,85,
10,24,
21,9,
67,-66,
-42,3,
40,5,
1,-23,
-28,10,
1,34,
-54,21,
-1,48,
-23,38,
1,39,
-16,121,
4,95,
71,83,
68,54,
5,33,
-12,9,
-39,36,
-3,-11,
-30,9,
12,21,
21,13,
28,-5,
-53,26,
-6,56,
40,71,
4,27,
-1,78,
16,56,
1,21,
5,10,
66,18,
59,42,
57,44,
12,17,
16,8,
68,-19,
61,16,
40,12,
-6,-31,
-13,-68,
19,-3,
26,-22,
12,-16,
0,31,
-28,111,
-65,3,
-13,-44,
7,-34,
54,29,
32,59,
36,54,
30,41,
22,1,
22,25,
-2,40,
-14,41,
69,-61,
63,-50,
48,-78,
-2,-9,
-13,-3,
58,-40,
67,6,
-5,34,
24,85,
23,84,
11,49,
54,-7,
42,-16,
25,-22,
-25,-35,
-11,-17,
4,107,
31,37,
11,-14,
-12,24,
6,53,
-89,39,
31,11,
2,-41,
40,17,
58,10,
5,-14,
58,-14,
15,25,
68,-11,
22,-11,
69,9,
71,26,
-9,9,
5,23,
33,-64,
29,-13,
48,26,
-17,55,
-102,38,
-69,105,
-12,22,
-26,-14,
39,22,
34,4,
-57,19,
14,21,
73,69,
2,4,
-15,-43,
17,2,
-30,26,
-14,50,
-24,44,
11,63,
40,43,
21,22,
-11,49,
14,28,
20,5,
37,32,
59,24,
-14,28,
-73,71,
18,76,
-4,19,
-24,83,
-4,80,
35,28,
114,25,
74,16,
44,-60,
5,22,
49,37,
40,38,
88,47,
29,57,
-27,8,
9,-36,
53,-14,
45,-98,
24,-63,
60,-58,
58,-31,
42,65,
19,116,
13,98,
-9,40,
7,-7,
-7,54,
27,36,
-2,37,
18,22,
-7,-9,
28,37,
75,106,
73,85,
57,59,
9,46,
6,41,
59,15,
55,-40,
29,-13,
-31,79,
42,96,
33,63,
-12,52,
-8,64,
55,28,
61,21,
51,45,
-2,6,
42,46,
9,49,
-13,59,
38,36,
27,6,
23,-11,
51,-81,
49,-12,
2,40,
-32,11,
8,62,
18,72,
35,22,
-8,38,
29,20,
46,-10,
49,-4,
3,54,
-20,26,
27,-51,
8,-106,
19,-23,
60,-18,
25,67,
12,38,
-15,12,
33,-19,
24,-48,
33,-15,
-2,-40,
13,52,
39,63,
-10,24,
41,6,
69,-50,
117,-41,
48,54,
-95,78,
-97,45,
-17,14,
31,-26,
23,-4,
-8,-6,
-34,25,
16,23,
33,61,
29,10,
0,-39,
18,22,
25,-35,
36,-8,
62,19,
14,3,
-15,-15,
10,-13,
42,14,
51,-1,
56,-39,
46,22,
67,42,
69,32,
23,23,
5,26,
22,4,
30,77,
21,26,
51,-22,
28,-1,
68,21,
36,-3,
58,-68,
54,-38,
36,20,
39,-25,
0,57,
-20,10,
-20,42,
-1,34,
-9,47,
-702,4,
-3855,-393,
-7837,-1941,
-8012,-3152,
-7246,-4333,
-579,-2307,
3194,195,
2260,403,
1061,-1188,
1385,-2340,
1622,-1597,
1035,-309,
350,207,
219,196,
257,27,
244,34,
176,-14,
249,-284,
204,-586,
164,-501,
174,-420,
-351,-137,
-495,275,
9,404,
303,421,
324,258,
148,202,
210,51,
218,-77,
64,-114,
-85,-71,
0,152,
199,163,
523,69,
170,-101,
85,-112,
101,-75,
210,63,
160,195,
16,365,
-28,407,
134,398,
329,307,
205,248,
195,119,
56,37,
68,37,
-64,29,
-253,4,
-582,-111,
-125,-108,
2,-53,
69,-65,
102,46,
114,169,
97,89,
75,84,
57,56,
61,110,
88,119,
121,100,
215,9,
247,-61,
178,-136,
153,-103,
197,-105,
73,-121,
-25,87,
-68,249,
-84,307,
-17,163,
88,88,
75,23,
111,-108,
206,-155,
220,21,
171,189,
150,181,
-14,177,
-66,107,
-65,62,
-15,155,
68,130,
45,73,
81,78,
131,76,
131,67,
173,94,
184,68,
104,101,
35,81,
97,28,
85,38,
68,43,
86,63,
5,52,
-38,16,
-6,-1,
7,38,
-1,84,
8,32,
91,94,
57,108,
-16,43,
18,-17,
21,-8,
40,24,
26,49,
-7,80,
21,136,
28,133,
8,37,
54,-48,
178,-80,
52,-17,
56,23,
102,6,
81,68,
61,107,
47,49,
64,52,
-6,102,
-2,187,
25,157,
68,61,
139,2,
123,56,
64,149,
94,102,
47,85,
30,63,
7,68,
50,79,
74,87,
93,23,
90,38,
61,73,
6,126,
11,109,
52,67,
57,68,
42,91,
61,41,
61,41,
33,31,
111,114,
46,153,
18,95,
26,16,
59,51,
129,34,
46,45,
-18,63,
4,56,
22,33,
51,114,
00>
_________________________________
00>
_________________________________
Sequence Number: 128
00>
00>
Printing STS0 CIR
00>
00>
_________________________________
00>
43,39,
20,25,
22,36,
36,-48,
-20,5,
-89,-2,
-6,26,
-40,-4,
-10,-15,
-9,-60,
-13,0,
-65,72,
1,58,
-15,17,
72,6,
44,-11,
42,36,
-6,45,
-57,13,
-102,3,
-86,-51,
3,-22,
18,-19,
58,63,
-50,85,
-3,120,
63,61,
-7,42,
-52,-13,
-95,21,
3,72,
30,-51,
5,-27,
6,-7,
51,-21,
29,27,
54,88,
3,-40,
-32,-48,
-25,77,
15,-21,
-24,-94,
-16,-76,
-2,-18,
-8,52,
32,-5,
24,-8,
-31,-56,
-17,28,
-12,68,
-33,67,
-90,-12,
-59,58,
-30,48,
-4,26,
19,40,
124,119,
65,121,
51,76,
-40,16,
6,-62,
-35,22,
-37,10,
-78,-6,
-40,-28,
-37,6,
-20,54,
15,19,
-7,-17,
41,2,
27,-35,
16,-23,
-74,72,
-55,35,
-29,-1,
-49,-67,
-59,-12,
-63,24,
62,49,
64,41,
79,-11,
46,37,
-32,39,
-41,-10,
-7,33,
-22,-1,
-82,10,
-62,-4,
-8,31,
-39,1,
19,-11,
-46,-66,
-105,-51,
-96,81,
6,30,
57,-18,
21,-89,
-6,-20,
23,12,
112,49,
26,0,
24,-32,
1,-32,
-9,-5,
-80,-56,
-50,24,
-3,72,
29,83,
-26,49,
-13,-13,
2,-34,
-22,-46,
-23,11,
-12,16,
45,25,
46,25,
-18,92,
7,29,
7,29,
61,36,
32,12,
35,-21,
-41,-6,
-1,7,
-28,34,
-22,53,
-26,73,
26,50,
45,1,
-1,11,
-73,-78,
-50,-31,
18,-6,
111,66,
48,83,
-21,14,
0,52,
24,64,
48,61,
61,44,
50,20,
-6,-8,
43,-39,
18,51,
-22,43,
-16,25,
24,27,
66,-2,
77,24,
1,35,
-47,-39,
-31,-70,
4,-75,
-29,-17,
-35,49,
39,25,
-11,45,
7,38,
17,20,
12,-27,
44,-54,
69,24,
-14,41,
79,63,
45,32,
-22,2,
-131,-55,
-64,-25,
-66,-16,
-66,-2,
-76,45,
-20,34,
-22,24,
22,-27,
13,3,
-23,39,
-23,-6,
-25,-29,
-32,32,
64,44,
-76,111,
-68,35,
-28,123,
25,-68,
-14,-103,
-11,-13,
-8,102,
-57,38,
-64,59,
1,74,
22,93,
-8,25,
3,-52,
-37,-14,
-48,-8,
38,2,
6,56,
18,28,
32,58,
-12,19,
-55,10,
-9,-1,
-66,57,
-5,22,
-24,4,
-57,35,
-7,36,
9,39,
-3,92,
-5,17,
4,-49,
35,-71,
131,-11,
79,-44,
8,-16,
-18,21,
84,43,
46,-55,
-35,20,
-63,-33,
7,74,
9,85,
55,93,
72,69,
5,35,
-26,-4,
-26,-27,
64,51,
72,102,
78,67,
59,-15,
-17,64,
-54,-27,
26,23,
-63,30,
-77,25,
-15,76,
7,41,
-23,33,
6,61,
21,9,
47,92,
22,95,
55,67,
-23,27,
44,35,
63,14,
47,55,
21,42,
36,68,
123,49,
56,103,
15,-1,
6,6,
57,2,
38,31,
18,79,
-12,34,
-48,-14,
-15,-11,
-2,30,
-13,56,
17,-21,
69,3,
42,32,
12,37,
29,96,
45,-20,
-54,-22,
-18,-9,
0,91,
11,34,
0,15,
-43,68,
-41,92,
-25,-9,
24,-51,
22,-22,
34,46,
24,49,
12,83,
-52,103,
44,73,
90,16,
27,-6,
58,5,
34,11,
82,30,
45,44,
83,-13,
20,1,
-4,16,
13,-5,
93,18,
67,-2,
-33,51,
-89,-16,
-99,-21,
-40,-46,
34,-10,
7,63,
-3,-6,
-19,29,
-13,36,
-48,35,
-60,-72,
28,0,
55,20,
43,41,
48,-5,
12,42,
-18,1,
29,-12,
20,-2,
114,51,
74,17,
-5,30,
-6,32,
71,38,
154,-77,
96,-12,
-2,-4,
-54,18,
25,55,
11,25,
-49,49,
27,34,
43,75,
48,62,
20,-4,
11,-11,
-39,13,
42,53,
52,47,
-5,30,
44,31,
49,64,
-20,24,
-59,73,
-56,-5,
8,-15,
47,81,
42,70,
-13,34,
26,-6,
40,16,
19,-11,
3,-83,
26,-37,
11,64,
57,20,
92,-9,
72,-361,
416,-1959,
1971,-4860,
3650,-5783,
3451,-3100,
768,1111,
-1365,3012,
-1985,3140,
-2352,3637,
-3264,4304,
-3310,3578,
-1753,1541,
-180,109,
494,-110,
316,5,
85,96,
52,102,
97,10,
194,22,
243,8,
236,-42,
213,-86,
129,-199,
1,-276,
-57,-159,
-2,-19,
84,130,
374,46,
606,40,
657,16,
406,-18,
5,-39,
-131,-48,
-23,-83,
124,-64,
163,-48,
208,-2,
316,174,
276,351,
-10,282,
-364,35,
-280,-115,
-184,-194,
1,-201,
-55,-134,
22,-82,
72,-51,
201,-116,
268,-44,
195,-20,
70,-66,
99,-85,
240,-159,
190,-45,
99,-36,
-54,51,
-14,89,
40,78,
43,87,
53,-3,
-8,-48,
-82,80,
31,106,
-3,121,
-14,31,
-29,62,
14,49,
68,-18,
30,-109,
26,-51,
2,61,
94,203,
56,93,
64,-20,
74,-74,
147,15,
27,47,
-72,51,
-99,-39,
3,-25,
-10,-14,
-220,95,
-269,29,
-152,-5,
35,-26,
79,82,
26,70,
84,81,
93,8,
66,-42,
58,-5,
67,51,
36,-7,
35,13,
34,-39,
18,-27,
31,30,
-26,15,
9,33,
21,9,
-18,-1,
71,35,
95,-60,
46,-18,
68,-8,
117,14,
16,9,
-34,25,
4,3,
4,9,
54,2,
57,-31,
40,17,
40,-12,
19,-54,
18,55,
10,71,
-33,21,
25,-41,
109,-38,
-19,-82,
-19,6,
-67,-29,
25,-18,
-2,31,
-29,64,
-9,54,
1,23,
-51,-42,
-37,11,
-61,69,
2,20,
33,-2,
81,-51,
153,-59,
59,-14,
37,25,
28,99,
41,90,
-30,21,
-10,-40,
-19,-68,
72,-26,
72,33,
39,42,
56,70,
121,-44,
14,-22,
68,-4,
35,114,
15,-3,
-40,-39,
13,-6,
-123,31,
-41,59,
19,-27,
78,-16,
-10,-24,
-65,75,
-5,51,
00>
_________________________________
00>
00>
Printing STS1 CIR
00>
00>
_________________________________
00>
-77,3,
-34,61,
50,-34,
58,-71,
68,-22,
24,7,
82,11,
86,36,
28,-9,
30,-1,
-29,70,
60,2,
46,3,
-3,35,
36,-11,
-15,15,
-16,-21,
-56,-72,
-98,22,
-20,-52,
5,31,
-1,-48,
-75,18,
-70,-31,
-27,-74,
52,-145,
36,-62,
-83,-35,
-38,54,
-7,-22,
-11,5,
-7,15,
21,-30,
48,-28,
40,49,
83,71,
29,53,
-16,35,
48,32,
27,18,
45,55,
12,72,
51,62,
45,-3,
-55,-22,
-56,16,
-12,58,
43,13,
61,-38,
57,4,
9,30,
21,40,
35,-37,
16,-78,
11,-22,
4,17,
-10,-61,
-17,-13,
-21,-9,
7,10,
50,12,
9,33,
-5,-11,
23,-49,
24,-42,
-11,-15,
0,-17,
11,29,
56,-45,
5,5,
26,31,
-85,41,
-51,-8,
21,27,
75,89,
-44,15,
14,-22,
-13,-3,
-3,-5,
3,34,
-11,37,
-52,-51,
31,-40,
29,-28,
12,-8,
-6,42,
-8,34,
-16,16,
47,-58,
17,-42,
4,44,
-2,39,
-30,18,
-24,101,
17,106,
49,81,
-6,56,
0,45,
-59,64,
-87,-5,
9,-59,
2,-73,
50,20,
33,12,
55,4,
29,-98,
-42,-18,
-45,40,
-8,-33,
12,18,
27,-10,
-41,-27,
2,15,
-43,2,
-98,-11,
12,-25,
41,1,
-14,-25,
-19,-27,
-2,45,
-34,43,
-7,-12,
-2,7,
-72,-6,
-49,-11,
-45,31,
-34,83,
-5,-7,
4,27,
42,96,
31,61,
-6,18,
62,-44,
54,-31,
19,0,
-46,21,
-82,76,
-47,-61,
65,-126,
84,-82,
30,-1,
15,29,
17,-8,
-21,23,
-43,18,
-6,-50,
-8,-39,
11,29,
31,12,
19,-49,
20,32,
-28,129,
19,36,
22,-49,
1,-76,
-25,4,
-59,-49,
-71,-2,
-18,-83,
61,-28,
53,37,
33,7,
41,-31,
-17,-40,
-40,42,
12,0,
-7,-57,
34,-81,
2,1,
-22,13,
-25,-25,
9,-45,
56,-50,
12,14,
16,36,
74,-51,
-5,-50,
21,-10,
92,12,
86,36,
85,-10,
25,93,
3,43,
-60,30,
34,-6,
12,117,
10,40,
18,-37,
-76,-153,
-75,-63,
18,-3,
81,-3,
-40,-25,
-101,48,
47,40,
74,37,
22,19,
-64,2,
25,5,
87,13,
192,-50,
63,7,
-18,31,
-18,12,
-40,23,
18,-7,
-31,26,
-7,-61,
39,-59,
72,-39,
70,34,
43,-12,
-25,27,
55,-13,
57,1,
1,-64,
-75,24,
-65,52,
-46,-9,
-36,-65,
8,-117,
-30,18,
-24,75,
5,-28,
43,-4,
18,12,
-38,29,
-29,-37,
-6,-74,
-5,-75,
-55,23,
-40,30,
-11,-11,
10,22,
-9,27,
-9,10,
-11,-36,
-66,19,
-20,28,
6,16,
29,-21,
60,-37,
45,-19,
50,-4,
-31,104,
-53,84,
15,17,
122,-85,
7,-56,
-75,21,
-57,45,
20,32,
54,17,
39,62,
-13,-4,
77,-44,
49,34,
46,21,
-28,23,
-46,-22,
-7,-52,
-36,-79,
-1,-51,
34,10,
28,-10,
-4,13,
-31,34,
-75,13,
-5,-29,
34,-3,
30,17,
18,-12,
45,-62,
-52,-48,
-66,-23,
-20,-5,
-55,5,
-102,-6,
-62,-6,
58,-34,
59,20,
9,38,
-40,0,
-15,-32,
62,-37,
8,5,
34,24,
-22,96,
69,67,
120,45,
73,25,
78,-19,
22,36,
2,69,
-34,86,
-30,120,
16,77,
49,30,
14,27,
-33,-3,
-71,-30,
-15,-48,
54,12,
2,-15,
-64,-29,
-53,-43,
-50,30,
-30,27,
16,-36,
-24,14,
44,3,
28,3,
52,0,
-6,6,
-22,-9,
19,-14,
29,-59,
-21,-98,
18,-99,
64,-58,
-5,51,
-19,-3,
31,67,
64,27,
45,16,
17,-8,
-12,16,
-17,66,
-4,49,
-35,-55,
42,6,
21,8,
-5,15,
-13,-40,
4,20,
9,22,
8,28,
-9,4,
-4,-4,
20,55,
43,94,
107,-8,
61,-30,
51,3,
65,8,
77,51,
2,12,
2,6,
-10,103,
22,58,
61,26,
0,18,
-11,-388,
778,-2197,
2665,-5187,
4021,-6037,
3670,-4116,
1041,-406,
-721,487,
-544,-1270,
293,-3006,
647,-3110,
505,-1915,
238,-497,
56,234,
-12,493,
-9,383,
17,128,
48,81,
-124,55,
-290,-7,
-217,-157,
-69,-230,
25,60,
47,247,
-42,374,
-155,471,
-103,515,
-193,415,
-311,117,
-413,-146,
-425,-189,
-295,-94,
-87,-4,
23,-46,
51,-85,
24,62,
23,129,
-18,190,
21,99,
31,45,
-114,77,
-16,50,
26,158,
58,232,
29,167,
-14,69,
18,51,
36,5,
88,57,
80,101,
43,117,
30,100,
-16,43,
55,-13,
55,-6,
16,-27,
-2,73,
-81,121,
-60,149,
-26,149,
74,117,
25,95,
-21,133,
-22,119,
-46,131,
-6,93,
-46,166,
20,211,
-36,86,
-77,4,
-114,-43,
-58,104,
116,94,
128,57,
124,117,
90,209,
-12,260,
-37,188,
-122,82,
-82,-19,
-38,56,
-45,148,
-84,164,
-101,82,
-143,-7,
-18,-31,
-19,-9,
13,116,
-5,172,
-3,132,
-19,30,
8,-9,
-27,-1,
71,8,
62,8,
31,76,
13,103,
47,96,
-32,174,
13,168,
-22,142,
18,126,
55,107,
20,177,
-18,214,
6,139,
-22,95,
-3,138,
55,196,
30,86,
-92,67,
-40,113,
-59,185,
-28,123,
-18,93,
39,79,
16,53,
7,112,
-5,49,
-100,43,
-48,-25,
-24,62,
-16,29,
-28,130,
-19,72,
-22,104,
-48,132,
-57,158,
-30,75,
-47,65,
-67,67,
-29,172,
-14,117,
-8,107,
3,105,
-31,141,
-49,96,
41,50,
70,129,
-49,127,
-56,88,
-43,76,
-36,44,
-21,61,
-2,130,
24,116,
16,116,
52,79,
37,114,
-3,27,
-53,36,
-13,99,
-25,126,
69,55,
26,47,
60,69,
48,83,
62,57,
36,82,
-48,48,
61,43,
00>
_________________________________
00>
RX Timestamp: 698916521140
00>
Clock Offset: 1327.801 Hz, -0.166 ppm
00>
RX Timestamp: 699990056875
00>
Clock Offset: 1089.764 Hz, -0.136 ppm
00>
_________________________________
Sequence Number: 4
00>
00>
Printing STS0 CIR
00>
00>
_________________________________
00>
52,-68,
35,-51,
48,49,
-26,66,
-53,57,
28,56,
-27,18,
1,68,
-10,-2,
-75,10,
-8,-13,
-23,-34,
37,-63,
42,-64,
47,40,
9,38,
-21,10,
-28,0,
16,14,
28,42,
-39,25,
-59,33,
-37,-34,
-67,-35,
-16,8,
-94,-12,
-32,7,
19,-2,
-29,-38,
37,10,
86,31,
30,44,
-5,-2,
54,3,
40,-43,
-9,-85,
-134,-31,
-13,-17,
32,33,
-19,4,
-43,-47,
-18,-15,
29,-8,
26,52,
-12,7,
-14,-7,
-12,-74,
-37,-54,
-76,28,
-42,-28,
-4,-43,
11,48,
-44,47,
10,22,
5,-53,
28,-2,
-7,76,
51,90,
-16,45,
39,118,
30,35,
-4,-25,
-30,-30,
16,-4,
-20,33,
-7,0,
-33,38,
-27,-1,
-22,-2,
-42,15,
-6,46,
1,0,
66,-52,
13,-88,
-27,8,
116,35,
89,-51,
-2,-49,
52,-40,
85,75,
40,-7,
7,-47,
-30,38,
-32,53,
-3,69,
56,12,
37,-10,
7,-57,
26,-23,
-28,-11,
-59,-28,
-2,1,
-10,11,
-64,-2,
-19,15,
-15,-15,
23,-45,
39,-12,
3,-17,
-3,-15,
43,-1,
23,-74,
37,25,
-79,62,
55,-2,
32,70,
58,65,
10,15,
-10,38,
32,55,
-64,-42,
4,-53,
6,-26,
-10,-46,
-37,-49,
-74,-41,
-37,7,
23,54,
-63,29,
-20,-49,
26,-152,
23,-42,
18,38,
-55,86,
57,34,
31,-15,
32,-36,
1,33,
-39,24,
-32,19,
-49,64,
-42,21,
-35,-46,
-20,-13,
16,-18,
27,-35,
30,36,
4,-1,
32,11,
-42,63,
26,29,
-35,17,
-20,61,
1,-28,
8,-16,
-24,26,
-98,-36,
-89,-36,
-46,-31,
-67,5,
0,38,
10,111,
-7,42,
29,30,
-34,12,
-78,-58,
-42,0,
77,3,
-12,-9,
-9,-19,
0,-25,
-58,11,
24,58,
35,-65,
-38,-56,
-29,-1,
3,16,
61,27,
14,33,
35,-9,
71,22,
42,-9,
1,-36,
52,-76,
102,-10,
64,26,
2,13,
-4,3,
-19,40,
-29,63,
-73,45,
-43,103,
42,80,
95,-45,
38,-46,
-16,14,
-20,33,
41,51,
21,-19,
9,0,
-45,-32,
-65,9,
-11,-25,
29,-25,
76,12,
-19,-1,
-11,20,
-57,1,
20,-44,
-53,-60,
-55,-76,
-14,-25,
47,-31,
39,-47,
72,-31,
18,44,
-5,59,
-9,5,
5,89,
-5,-26,
11,8,
-75,9,
-42,73,
-38,99,
49,62,
56,20,
47,-21,
14,-37,
58,-8,
46,-52,
8,11,
44,46,
26,-2,
-29,62,
23,26,
-23,-35,
61,12,
51,51,
85,95,
38,11,
-47,48,
-68,-17,
-29,7,
-16,50,
-87,-6,
43,16,
1,-44,
34,14,
88,8,
-12,-72,
42,14,
-6,15,
43,-35,
59,46,
66,20,
30,-19,
-1,-22,
-27,-37,
-13,3,
23,-34,
21,25,
58,8,
10,-17,
0,94,
2,78,
31,43,
13,-78,
-42,-74,
-79,-2,
-24,30,
20,-11,
31,92,
6,70,
25,36,
26,-14,
-27,79,
-25,28,
18,32,
50,-37,
15,61,
22,82,
16,24,
-4,-18,
-50,-64,
-40,-36,
-59,27,
-55,-18,
23,51,
98,92,
72,-3,
26,-23,
-4,-53,
-15,44,
21,-1,
-26,-19,
33,23,
7,20,
-77,-7,
-36,16,
-39,-15,
-45,7,
0,-22,
-1,-14,
117,-110,
31,-6,
-4,-45,
-13,-11,
23,-71,
41,21,
102,43,
32,-47,
39,-16,
-13,17,
51,-36,
52,1,
-28,-6,
-49,-56,
23,-45,
39,-2,
39,39,
-69,56,
9,67,
1,28,
3,74,
14,-94,
-14,-125,
-20,-4,
-32,59,
-25,-4,
52,-51,
81,29,
1,40,
-1,49,
-11,8,
12,12,
-75,-13,
-50,1,
15,11,
-49,15,
-69,-36,
-49,-15,
-2,-16,
24,-29,
60,25,
49,-32,
31,0,
-25,36,
-29,39,
-29,9,
-128,-31,
-28,-16,
-5,36,
47,41,
50,-69,
-4,-98,
16,90,
-5,73,
52,-3,
2,-50,
13,115,
-16,93,
-50,11,
-7,-61,
-104,-892,
66,-3465,
1218,-6342,
2463,-6051,
2174,-1622,
512,2487,
-888,3566,
-1260,3697,
-1599,4799,
-2160,5112,
-1976,3390,
-904,952,
68,-149,
296,-196,
94,-62,
44,-45,
84,-40,
218,-12,
278,-48,
294,10,
166,-91,
91,-225,
2,-353,
-139,-324,
-144,-107,
-93,-12,
70,-13,
391,-13,
527,-101,
494,-143,
140,-199,
-67,-120,
-136,-143,
-85,-61,
-4,-57,
86,-78,
217,85,
254,277,
102,257,
-171,216,
-329,10,
-258,-101,
-147,-220,
-109,-158,
-4,-80,
90,-121,
109,-131,
75,-194,
70,-206,
149,-246,
202,-153,
185,-130,
107,-121,
3,-51,
-31,76,
-14,151,
-26,94,
-4,-28,
-1,-5,
46,-11,
-36,-19,
-71,23,
-33,107,
62,86,
24,2,
-9,8,
-26,-45,
-55,-71,
20,34,
44,-19,
93,-13,
101,61,
66,94,
43,-36,
10,-28,
2,71,
-10,151,
-18,113,
53,-22,
6,-76,
-10,-4,
-146,62,
-147,36,
-71,-35,
-26,-34,
31,-23,
-12,-24,
46,46,
95,83,
24,23,
-25,71,
-52,63,
-70,15,
-8,42,
12,8,
4,58,
-34,-21,
-42,-57,
-78,-48,
-34,-12,
-67,10,
29,-10,
48,-50,
83,-23,
28,57,
58,89,
128,22,
60,-52,
46,-77,
-3,-67,
21,-28,
34,2,
8,47,
-18,-14,
11,-51,
37,-16,
-22,6,
-35,37,
-79,24,
-44,-66,
-45,-38,
-51,-8,
-58,28,
-64,5,
-4,-27,
3,36,
-36,39,
-69,51,
-80,-11,
-27,18,
-73,49,
-4,-10,
27,-109,
-1,-41,
-44,-29,
-66,-39,
-47,42,
-52,101,
-17,5,
38,8,
14,-49,
82,-22,
56,73,
22,19,
47,-27,
57,-13,
62,-7,
98,9,
33,-44,
10,-58,
-32,-12,
-38,-21,
-80,-12,
-72,8,
-39,-9,
41,-23,
11,-41,
-17,-31,
26,-13,
00>
_________________________________
00>
00>
Printing STS1 CIR
00>
00>
_________________________________
00>
-7,-55,
-4,-35,
-2,-70,
-4,-55,
-14,-14,
-8,-13,
-94,0,
-83,-28,
-1,6,
71,-13,
16,-24,
-24,-50,
57,3,
40,25,
-2,-18,
40,3,
60,57,
109,13,
6,-50,
-97,-1,
-63,-36,
-20,19,
50,82,
80,33,
84,74,
87,29,
53,12,
-32,-9,
-70,-6,
-47,19,
2,12,
-22,9,
-17,28,
52,-84,
66,-115,
-36,13,
23,20,
39,-39,
6,26,
-1,-24,
-9,-10,
-5,153,
12,134,
61,19,
33,-32,
15,20,
-13,70,
13,112,
31,16,
2,38,
38,20,
-12,-19,
-12,0,
-25,-38,
40,1,
103,59,
44,-38,
30,-120,
30,-52,
20,-63,
-87,28,
0,102,
78,58,
-14,-5,
-43,-56,
-11,0,
32,86,
71,17,
20,31,
14,66,
22,80,
32,48,
58,57,
53,20,
44,-13,
73,40,
31,-48,
43,7,
52,-17,
6,52,
53,53,
58,8,
68,34,
-39,27,
-111,-8,
-69,1,
-1,-49,
21,-55,
6,-19,
35,35,
43,34,
41,28,
-23,-64,
-10,-68,
49,-35,
31,-49,
-36,-53,
-56,39,
30,57,
24,48,
15,-36,
25,78,
-62,46,
-31,33,
-20,-11,
-52,2,
12,13,
56,1,
34,28,
58,-37,
-4,-48,
-13,20,
6,-6,
33,29,
6,32,
-49,-23,
-28,-44,
-27,45,
56,-16,
42,-38,
14,-16,
116,-55,
80,36,
84,47,
3,-18,
89,-48,
-1,-20,
50,69,
-5,28,
13,-4,
-9,-54,
14,-26,
9,-32,
-16,-6,
39,26,
27,36,
38,33,
-43,27,
40,32,
63,51,
71,26,
-19,21,
-39,5,
-50,-26,
-35,26,
3,76,
146,-6,
112,47,
77,27,
6,-75,
1,-44,
23,52,
-26,34,
-31,-35,
85,-14,
82,-34,
87,36,
33,54,
0,-44,
83,-24,
46,8,
60,-67,
35,-35,
9,30,
13,4,
-30,61,
28,-6,
15,-16,
-37,-38,
-57,15,
-5,-57,
13,-25,
3,-28,
51,29,
74,3,
22,50,
-66,2,
16,-57,
-16,59,
-71,15,
-41,-33,
16,-14,
71,8,
-18,10,
-58,30,
-47,30,
39,39,
67,9,
35,10,
4,29,
61,59,
97,15,
20,-7,
-20,22,
-32,46,
-28,-25,
38,-7,
56,-32,
62,24,
52,-63,
-4,-40,
7,36,
45,18,
-17,3,
30,-36,
16,83,
17,10,
29,24,
-21,2,
-75,-24,
-41,14,
39,-12,
36,-7,
21,-2,
-73,7,
-68,22,
-14,23,
18,-6,
40,34,
10,51,
48,31,
4,0,
-16,-1,
74,-24,
111,6,
8,15,
-3,20,
71,61,
91,10,
116,-39,
81,3,
-5,19,
12,28,
65,59,
79,8,
-10,-22,
16,6,
6,43,
32,-21,
2,4,
25,19,
78,-37,
71,-61,
82,5,
21,38,
54,1,
8,23,
98,-32,
47,46,
44,18,
107,-22,
52,-6,
-41,53,
-18,68,
49,39,
27,31,
40,-17,
59,-2,
-6,33,
69,14,
25,-23,
-4,-9,
15,58,
31,50,
-36,2,
85,-101,
87,0,
-21,-22,
-15,4,
36,11,
89,19,
91,28,
39,27,
18,67,
-28,10,
23,-27,
-10,-55,
-7,7,
-35,10,
86,29,
61,-30,
32,-96,
66,-2,
41,62,
16,30,
54,26,
60,36,
87,1,
37,5,
-42,3,
31,70,
94,6,
38,-56,
-32,-94,
60,-16,
6,50,
14,73,
69,37,
75,23,
4,2,
5,-87,
-16,-39,
-43,48,
-30,42,
-18,46,
-87,-40,
-11,-23,
-8,25,
2,9,
-16,61,
-24,68,
-46,-5,
-53,10,
-27,15,
-5,25,
71,31,
-17,13,
10,-25,
23,-3,
31,-9,
8,42,
12,63,
-52,3,
24,15,
-36,50,
-60,45,
-6,40,
53,66,
-12,61,
-56,54,
11,-22,
19,-51,
-15,66,
-59,30,
16,38,
34,65,
26,35,
28,10,
38,-2,
49,3,
-27,-23,
41,1,
20,-4,
10,-1,
-5,2,
4,-24,
44,28,
34,39,
17,-3,
6,2,
61,11,
22,-17,
-38,-81,
-80,-802,
342,-3308,
1300,-6397,
2112,-6695,
1706,-3435,
104,100,
-873,395,
-878,-1579,
-613,-3013,
-287,-2622,
20,-1323,
179,-137,
177,396,
14,390,
4,140,
-3,82,
-21,153,
-193,61,
-418,46,
-388,-73,
-101,12,
134,104,
99,225,
-77,424,
-97,527,
-23,519,
-121,291,
-353,96,
-522,-17,
-438,65,
-180,63,
-90,-41,
-38,-184,
17,-132,
-32,61,
-62,196,
-93,312,
-82,192,
-30,129,
31,119,
42,108,
78,151,
104,200,
0,122,
2,84,
143,-19,
169,-20,
48,22,
-17,29,
91,146,
77,148,
-17,81,
34,-43,
74,-73,
32,-68,
-38,90,
5,125,
-40,148,
11,57,
-19,67,
69,55,
107,69,
-14,135,
-57,129,
-27,221,
-22,203,
-22,129,
-125,14,
-210,-50,
-104,34,
26,45,
146,42,
167,-6,
85,-12,
54,85,
42,172,
-38,150,
-39,92,
-70,69,
-35,131,
-24,126,
-99,128,
-156,75,
-68,104,
79,81,
141,120,
57,153,
43,157,
9,63,
-13,35,
43,70,
41,54,
5,61,
35,20,
0,45,
30,77,
30,124,
67,170,
-8,144,
-5,117,
7,175,
-42,165,
-47,106,
-63,60,
-59,23,
41,68,
116,119,
34,105,
-53,142,
33,95,
104,67,
44,118,
81,63,
75,70,
-17,71,
-72,17,
-87,79,
-13,36,
-42,70,
-42,50,
24,89,
-14,130,
-76,127,
4,53,
-8,1,
23,-36,
41,40,
36,27,
51,48,
30,67,
40,20,
18,48,
30,106,
49,110,
-30,49,
-20,19,
32,41,
79,66,
16,73,
22,18,
-33,69,
-39,101,
22,91,
10,-43,
44,42,
47,91,
72,51,
90,13,
38,3,
-29,26,
-31,86,
-25,7,
29,0,
68,24,
54,29,
34,72,
-5,16,
58,26,
-35,71,
00>
_________________________________
00>
_________________________________
Sequence Number: 7
00>
00>
Printing STS0 CIR
00>
00>
_________________________________
00>
-18,-10,
-20,16,
8,-28,
7,39,
-19,-19,
19,1,
62,79,
16,-3,
9,-8,
-68,-65,
-22,45,
57,63,
19,80,
-83,-13,
-86,11,
-56,12,
32,48,
-16,-38,
9,-7,
33,-19,
-23,31,
-21,56,
-6,12,
9,13,
32,-13,
59,-3,
-60,-72,
-14,14,
16,60,
32,51,
-19,-40,
-22,3,
17,-10,
23,8,
67,39,
76,41,
25,35,
29,18,
-22,6,
-3,5,
-49,30,
8,50,
-19,-21,
-18,-19,
37,51,
59,27,
12,-19,
-10,-16,
14,7,
46,-10,
-2,6,
7,-5,
-22,9,
-37,21,
81,-35,
11,-11,
57,-11,
-3,10,
9,51,
-16,85,
-84,83,
-13,50,
-33,46,
-26,-13,
10,-8,
-2,18,
-6,17,
-4,27,
-21,-42,
-35,-16,
33,-49,
-22,-13,
-3,12,
-2,-35,
-6,29,
-21,38,
-31,15,
38,23,
25,-10,
-10,32,
-7,1,
-3,-30,
3,-29,
58,-20,
1,17,
-10,73,
-2,72,
-22,-1,
-24,16,
-33,44,
-19,-38,
31,59,
-34,40,
26,-39,
12,-142,
15,-7,
-34,2,
26,-8,
34,35,
-26,-4,
-32,3,
21,17,
-42,49,
26,-58,
-20,-54,
39,-68,
-62,-55,
-28,48,
-124,-9,
-23,4,
-43,-42,
-1,-4,
-19,27,
55,6,
-3,25,
-29,-48,
-8,6,
-2,18,
-47,58,
-5,-20,
-19,29,
-21,-7,
-16,17,
-4,12,
64,24,
15,16,
-26,8,
12,-29,
42,12,
31,58,
-44,57,
-52,-32,
-68,42,
-57,46,
89,44,
6,-11,
-29,78,
-54,56,
4,23,
37,11,
-51,47,
-26,114,
-36,23,
-4,4,
12,3,
-16,-16,
-40,1,
0,-34,
78,36,
12,19,
8,0,
-8,14,
-7,10,
4,10,
-9,24,
0,-27,
-12,-7,
99,-35,
102,51,
29,50,
-9,5,
59,26,
-18,25,
-32,1,
-31,-2,
-18,11,
-29,29,
1,-4,
18,17,
58,12,
2,-50,
-32,10,
49,47,
-31,40,
-38,-34,
-19,4,
-10,-26,
-8,-23,
-21,23,
-10,-5,
6,-11,
8,-9,
-2,-24,
-6,-14,
1,-40,
-41,22,
-78,55,
5,29,
4,12,
-13,-63,
-52,-25,
13,46,
-32,18,
46,23,
-27,-15,
25,-55,
22,0,
38,34,
-28,-31,
1,-34,
-22,20,
18,-2,
21,44,
36,12,
-17,4,
-22,12,
-47,1,
-17,-44,
-12,-6,
2,34,
-36,54,
4,-7,
-16,5,
8,26,
-31,26,
-5,-15,
27,-8,
-42,62,
-73,26,
1,-52,
20,-34,
3,35,
-50,44,
-80,19,
6,33,
-14,76,
-21,-13,
47,48,
53,38,
38,10,
-11,19,
-15,1,
-12,35,
2,79,
68,18,
-12,-43,
-26,-17,
-33,-35,
-34,-23,
-43,38,
-16,38,
61,38,
36,-2,
9,-6,
-7,8,
8,-1,
-27,15,
-21,39,
5,-21,
14,-73,
41,-1,
-15,-14,
8,18,
42,-35,
-48,-30,
-40,-20,
-1,-16,
-19,17,
-3,20,
34,20,
-13,-8,
59,-16,
16,-11,
16,-31,
13,-50,
-49,-4,
-22,-5,
-23,49,
-10,-35,
-29,-22,
32,-26,
0,-22,
-7,0,
-5,19,
13,3,
-7,1,
2,-35,
-24,14,
-1,34,
6,9,
-1,8,
43,-37,
-14,-45,
0,-10,
-42,-25,
16,51,
41,104,
-66,41,
-21,-38,
-18,-19,
-47,-29,
-2,-17,
-37,16,
-29,-25,
18,-49,
-20,3,
-30,1,
-48,-12,
-29,-44,
2,-25,
-37,46,
-22,-50,
-4,-21,
-23,-42,
-87,21,
9,-31,
12,18,
-1,16,
5,16,
49,55,
-45,7,
-12,31,
-64,52,
-98,16,
-133,20,
-20,-24,
-5,8,
-23,30,
4,49,
75,-10,
-52,19,
16,29,
51,-16,
59,-32,
40,-18,
12,4,
11,4,
20,10,
23,11,
64,64,
-5,-40,
-63,38,
-46,44,
-5,23,
-58,67,
-28,-3,
38,-24,
35,59,
14,10,
1,-13,
-75,24,
-59,-1,
39,-32,
70,-35,
101,-82,
44,51,
6,1,
-61,3,
-61,-18,
-6,-35,
-24,38,
45,-24,
-2,-33,
-10,-58,
23,5,
14,-22,
105,80,
968,447,
4595,2475,
7026,4776,
6287,6084,
2344,5778,
-1881,835,
-877,-1281,
2975,-1093,
5713,-37,
4650,338,
1824,-37,
151,-346,
-339,-344,
-283,-147,
-116,41,
-124,8,
-243,-106,
-248,-397,
144,-314,
140,-220,
-55,26,
-172,424,
-131,341,
-250,69,
-372,-209,
-346,-277,
-300,-388,
-193,-627,
-142,-810,
-64,-590,
33,-126,
103,214,
-34,229,
-164,45,
-118,102,
-135,98,
-255,-65,
-78,-145,
76,-193,
320,-176,
206,-186,
21,-193,
-148,-106,
-155,-108,
-193,-94,
-153,-44,
-180,-16,
-215,-58,
-148,14,
-236,160,
-65,44,
-45,19,
-65,-154,
32,-246,
65,-155,
102,-200,
-138,-68,
-264,55,
-107,130,
-52,151,
-178,143,
-198,77,
-72,0,
-60,5,
-50,77,
-208,171,
-123,181,
-34,5,
10,-182,
3,-148,
-87,25,
-231,146,
-198,90,
-99,62,
-131,41,
-174,-14,
-177,-142,
-69,-216,
4,-151,
-6,-20,
-200,-9,
-430,-59,
-119,66,
-76,75,
45,66,
-62,56,
-125,18,
-212,14,
-94,23,
-114,97,
-122,20,
-91,1,
-69,-27,
-80,7,
-103,-53,
-127,-37,
-189,15,
-190,-10,
-50,26,
-87,41,
-140,-45,
-155,-32,
-41,-99,
-7,-7,
6,-47,
-62,-9,
-136,-42,
-129,-11,
-96,-58,
-69,-21,
-49,-10,
-84,29,
-88,27,
-110,4,
-8,-17,
-11,24,
-109,-83,
-57,-100,
-14,-63,
-56,-42,
-49,-31,
-55,-71,
-24,-27,
-26,-50,
-71,37,
-72,10,
-111,-20,
-82,-64,
-63,-21,
-175,26,
-97,78,
-71,49,
-133,-9,
-99,-28,
-142,-64,
-243,75,
-194,59,
-176,25,
-135,39,
-99,-39,
-83,-101,
-62,-54,
-48,-3,
-78,24,
-101,-9,
-105,-6,
-18,52,
-10,18,
-65,57,
-115,-71,
-43,1,
-24,-50,
-9,-61,
-27,-26,
-72,32,
00>
_________________________________
00>
00>
Printing STS1 CIR
00>
00>
_________________________________
00>
16,27,
37,15,
64,19,
81,6,
61,24,
-24,-24,
-32,-86,
15,29,
62,4,
85,23,
-1,-31,
-14,-40,
5,49,
47,5,
0,79,
15,60,
-13,41,
-56,5,
-23,24,
-1,-3,
31,20,
4,48,
-7,-21,
-22,-12,
-24,-5,
-91,1,
2,14,
-28,-3,
-33,23,
11,69,
-13,61,
-19,36,
-37,21,
-19,26,
14,13,
34,26,
-5,20,
-22,33,
-61,34,
12,50,
4,90,
-11,19,
-28,5,
-43,-48,
26,38,
13,18,
-9,51,
-19,13,
-63,-8,
-53,-24,
13,-1,
38,29,
7,53,
8,1,
55,43,
27,36,
-6,10,
-12,74,
18,-18,
21,13,
13,35,
20,80,
44,-4,
24,-32,
25,-9,
4,10,
1,11,
-9,22,
-21,-51,
41,-5,
2,16,
43,-45,
62,-39,
43,-13,
-15,44,
6,37,
-11,12,
-14,39,
25,69,
28,9,
21,10,
41,21,
47,6,
27,-21,
14,5,
12,28,
-15,30,
12,1,
65,-33,
67,18,
20,24,
5,6,
0,18,
-11,14,
66,50,
56,15,
43,51,
-9,19,
9,-14,
38,16,
17,31,
-42,5,
-50,16,
-26,22,
-7,-6,
3,13,
59,54,
-17,-18,
-19,-13,
8,30,
-23,88,
25,50,
22,45,
8,31,
-30,4,
-25,11,
25,-42,
75,-37,
71,4,
15,11,
-6,-8,
4,28,
22,-67,
-4,-35,
11,16,
-2,-4,
76,10,
53,41,
-3,22,
11,2,
21,1,
43,-16,
62,-29,
-3,-14,
-20,1,
4,-31,
15,-49,
47,-59,
-23,12,
-39,30,
12,71,
34,47,
18,88,
3,-10,
22,-8,
7,17,
48,46,
19,30,
-31,-13,
-28,-7,
-27,30,
-11,11,
-20,30,
4,16,
20,-32,
-20,-55,
-45,-20,
-49,79,
21,58,
12,-10,
-4,-12,
0,-30,
1,9,
-3,32,
-8,47,
-3,37,
-32,6,
-19,121,
-66,87,
-43,37,
-9,21,
-14,17,
6,-11,
-1,3,
-49,-12,
-103,-5,
-10,-23,
1,15,
-24,1,
-7,-29,
11,-5,
21,19,
7,34,
-59,54,
-68,59,
-25,0,
54,31,
12,24,
12,24,
62,-16,
88,-12,
89,-38,
73,-7,
22,-45,
-30,-19,
-3,45,
0,23,
45,40,
72,-5,
71,-100,
84,-89,
40,12,
-18,39,
-36,33,
-86,-30,
-37,-19,
43,-20,
96,8,
2,16,
40,20,
18,25,
-37,41,
-5,26,
-31,-40,
-36,-69,
-5,-7,
27,-26,
10,34,
-14,24,
11,-37,
-32,-25,
-35,7,
-3,13,
48,7,
30,16,
44,-14,
12,17,
27,6,
43,-27,
71,-29,
32,-20,
15,-34,
9,-46,
54,-33,
43,33,
-16,97,
0,48,
-14,27,
-38,50,
-10,39,
26,39,
23,52,
-23,20,
4,39,
30,24,
-31,35,
-45,12,
-19,-5,
-7,24,
-30,-6,
28,7,
79,22,
27,62,
-6,-23,
12,-64,
29,-15,
26,-31,
1,12,
5,22,
23,19,
-41,23,
-29,67,
5,28,
6,33,
16,54,
18,10,
28,-19,
59,87,
24,67,
55,56,
15,37,
25,-27,
28,16,
32,-19,
-11,-21,
48,0,
14,-1,
11,-25,
-21,-4,
-4,45,
-7,23,
-28,11,
-45,-38,
-20,-10,
84,25,
16,75,
0,60,
24,38,
0,37,
12,45,
3,2,
0,30,
-2,20,
44,-9,
81,36,
32,-2,
-26,52,
-63,-19,
39,-47,
-7,8,
-15,57,
-8,-30,
62,-15,
21,-15,
24,47,
21,39,
-17,28,
18,-11,
50,25,
-11,3,
2,22,
13,6,
10,-10,
14,17,
29,15,
20,-24,
17,-4,
46,32,
67,30,
58,21,
7,19,
-11,51,
-55,21,
-4,-2,
17,10,
26,-9,
30,-10,
25,-42,
-13,66,
67,-4,
5,4,
-19,-15,
52,31,
5,38,
-33,12,
-18,13,
0,-27,
31,18,
34,21,
22,-7,
39,26,
17,7,
-46,58,
-98,80,
-59,54,
-14,1,
-5,-24,
-14,-53,
15,17,
-19,35,
-32,46,
-70,68,
-2,20,
19,-34,
-17,-12,
9,20,
55,85,
830,279,
4514,2143,
7078,4600,
6840,5808,
4173,5687,
-883,1126,
-2328,-1223,
-1340,-485,
-1219,1090,
-1801,1508,
-1525,610,
-675,-84,
-158,-267,
-97,-155,
-140,-105,
-156,26,
-154,81,
-333,280,
-371,464,
-355,433,
-79,385,
331,65,
462,-152,
44,-368,
-74,-381,
-87,-267,
-109,-120,
-125,-33,
-88,51,
47,184,
66,85,
75,-69,
-41,-151,
-354,-174,
-135,47,
-103,79,
-281,-91,
-195,-134,
-136,-322,
14,-220,
95,-168,
5,-250,
-128,-285,
-44,-234,
-1,-147,
7,-23,
8,22,
111,3,
248,114,
443,261,
73,104,
-30,44,
-138,-33,
-102,-65,
-17,-120,
-42,-166,
-76,-99,
11,-88,
10,-66,
-52,-75,
-170,-77,
-217,-16,
-158,92,
-111,99,
-134,63,
-263,74,
-80,96,
31,-26,
150,-116,
201,-119,
122,-98,
-9,-55,
-66,90,
-158,93,
-184,26,
-141,-44,
-93,-161,
57,-176,
115,-66,
167,8,
130,-21,
32,-61,
57,-60,
30,-47,
-44,-114,
-27,-20,
-84,-74,
-87,-25,
-37,-79,
-37,-23,
-38,-29,
-19,-48,
-4,5,
14,-15,
-38,-64,
10,-59,
-3,-30,
-53,-16,
4,30,
36,-53,
45,-96,
0,-44,
-4,-19,
-16,-24,
-50,15,
-99,55,
-64,18,
-14,-52,
7,0,
6,-25,
-13,-15,
-54,1,
-39,-41,
-19,-90,
-26,-68,
8,-42,
-10,-56,
61,-17,
-14,-86,
37,-60,
13,-63,
-42,-36,
-43,-59,
-62,-73,
-67,-34,
-7,-14,
-16,-44,
-40,-45,
-21,-50,
-5,-13,
16,-12,
10,-48,
-9,-66,
-35,-106,
-61,-95,
-19,-63,
-3,-3,
-19,2,
10,1,
-2,-32,
5,15,
19,-35,
0,-13,
5,-47,
68,-64,
-8,-10,
16,-22,
11,-36,
-13,-31,
-33,-76,
-51,-80,
-35,-51,
-34,-81,
-19,-135,
-82,-60,
00>
_________________________________
00>
RX Timestamp: 838980988394
00>
Clock Offset: 1446.819 Hz, -0.181 ppm
00>
RX Timestamp: 840056132861
00>
Clock Offset: 662.041 Hz, -0.083 ppm
00>
_________________________________
Sequence Number: 139
00>
00>
Printing STS0 CIR
00>
00>
_________________________________
00>
-54,74,
15,8,
7,24,
-5,-28,
8,3,
2,41,
57,25,
-20,54,
-35,34,
1,-37,
-5,-59,
-5,-77,
-21,-53,
-21,12,
30,69,
-59,13,
4,-29,
8,54,
-19,33,
-17,21,
-4,-42,
-25,-6,
14,-7,
67,-38,
42,-64,
19,-45,
71,-2,
-21,64,
19,1,
15,19,
37,-16,
71,-74,
30,-27,
32,-6,
-16,-58,
60,-18,
71,24,
27,7,
45,-12,
67,-71,
38,-29,
21,-6,
71,21,
-17,11,
2,-29,
24,18,
52,-48,
-22,-54,
27,-40,
-2,9,
3,19,
38,0,
61,4,
11,24,
-5,-9,
-37,8,
-36,25,
-5,-39,
64,-2,
104,17,
42,26,
-24,24,
-37,13,
-8,20,
21,-19,
18,-25,
-19,-16,
26,-10,
3,25,
21,22,
17,9,
-36,60,
-11,69,
-41,84,
-57,28,
8,-53,
101,-63,
35,-28,
-10,38,
-21,96,
-43,4,
-1,-2,
30,-11,
-6,-38,
-2,-26,
20,-17,
69,-25,
-63,-80,
39,3,
5,-4,
-39,52,
15,45,
-18,-10,
-36,-21,
-35,-56,
-11,-5,
7,-2,
1,-61,
12,-62,
-23,-61,
5,-39,
15,3,
-23,0,
44,37,
-9,42,
35,-19,
31,-62,
46,-47,
69,-24,
19,-21,
4,-38,
-6,18,
31,6,
-55,-38,
-8,-45,
-24,6,
3,35,
-25,27,
-39,-25,
13,-54,
-43,-16,
-10,-8,
44,-11,
47,-22,
0,14,
-89,-17,
42,12,
96,-34,
48,-34,
1,-67,
-14,-39,
-31,-7,
-6,11,
63,8,
21,-4,
-43,-48,
25,-35,
-1,-25,
14,-28,
-15,38,
-10,-2,
-36,-57,
-41,-112,
-37,-11,
-5,17,
-40,-23,
-8,34,
6,103,
12,-48,
-24,-26,
-45,-14,
20,48,
16,24,
-39,38,
-50,14,
17,8,
29,8,
-1,27,
20,-1,
2,-49,
-23,-27,
45,-42,
14,1,
-5,12,
42,20,
0,39,
54,15,
11,-9,
-32,-13,
-11,-8,
15,-23,
7,-84,
6,-43,
28,67,
-14,100,
-87,45,
-1,17,
-27,-20,
19,-50,
-21,-38,
-5,21,
6,23,
-11,1,
-26,46,
-32,32,
-22,33,
14,3,
81,-5,
-23,15,
-44,-28,
22,10,
-16,-39,
10,0,
17,6,
70,-3,
14,26,
-59,7,
-32,13,
12,12,
48,33,
25,-37,
-43,47,
-4,23,
25,0,
-34,-2,
-42,61,
7,-16,
49,-7,
-20,1,
9,1,
7,-28,
-34,-4,
31,5,
22,30,
33,46,
-36,-13,
-14,48,
-17,55,
25,12,
35,-4,
-21,-16,
-3,25,
24,-10,
39,20,
-49,3,
-36,-54,
-8,-24,
30,38,
13,80,
16,29,
-14,-38,
-101,-51,
4,5,
80,6,
10,0,
-48,13,
-35,-21,
32,-57,
78,-41,
88,-55,
31,47,
9,9,
28,-67,
34,-46,
50,-1,
-14,83,
25,-23,
65,-74,
-2,27,
28,16,
36,-27,
45,-34,
-4,-40,
13,-42,
71,9,
74,49,
-12,-24,
-36,49,
7,26,
17,3,
-22,-8,
-21,2,
40,-27,
61,-55,
7,-34,
84,-79,
-31,-2,
-48,24,
-50,2,
51,38,
42,-77,
-3,-19,
-17,-39,
-40,20,
49,30,
49,-11,
15,-10,
78,39,
39,16,
40,4,
4,25,
-45,17,
-9,40,
8,38,
50,23,
20,6,
72,-21,
52,-43,
24,-79,
-11,-55,
3,30,
9,33,
26,48,
18,21,
58,45,
2,12,
-47,14,
-27,24,
-4,41,
-2,26,
7,-6,
36,-9,
38,72,
-45,68,
-37,41,
23,68,
-17,-16,
-11,-55,
-29,3,
-22,-40,
-3,-19,
-97,-4,
23,34,
-50,26,
29,-22,
2,25,
30,63,
82,27,
60,25,
11,18,
6,43,
55,-41,
67,33,
59,-19,
29,4,
-13,16,
26,26,
17,107,
-5,50,
-48,38,
26,1,
50,-86,
18,-24,
-41,37,
-78,-38,
-9,19,
-40,-57,
26,-20,
20,-75,
14,-61,
-14,2,
-65,-16,
-35,-14,
9,-33,
-34,-26,
11,-19,
38,21,
12,6,
-30,-14,
3,-60,
21,4,
67,-47,
-49,-43,
0,-72,
-16,-62,
31,-35,
-9,-11,
43,-12,
838,529,
4274,3023,
6521,5556,
5622,6711,
1789,5904,
-1815,441,
-725,-1479,
2946,-624,
5612,759,
4585,864,
1748,120,
178,-387,
-259,-396,
-204,-155,
-93,89,
-70,-9,
-115,-106,
-136,-339,
162,-283,
138,-224,
-110,-136,
-124,234,
-51,283,
-237,16,
-400,-219,
-431,-293,
-268,-472,
-124,-667,
-99,-845,
-15,-629,
27,-203,
66,161,
-36,185,
-227,-34,
-87,-3,
-168,28,
-261,-140,
-115,-105,
54,-104,
345,-36,
298,-58,
61,-42,
-189,-87,
-162,-140,
-89,-104,
-84,-82,
-147,-65,
-122,-22,
-109,9,
-185,84,
-97,18,
-56,-34,
-5,-166,
83,-214,
95,-242,
0,-213,
-157,-150,
-127,20,
-93,64,
-82,49,
-85,57,
-69,64,
-58,11,
-36,-38,
-69,52,
-172,145,
-122,110,
45,-22,
59,-223,
-36,-176,
-120,-119,
-199,2,
-130,-46,
-160,1,
-175,20,
-172,-112,
-120,-181,
13,-199,
76,-117,
-7,-51,
-132,-3,
-380,-170,
-78,-31,
23,-28,
-3,121,
10,88,
-53,-46,
-133,-49,
-126,-16,
-92,-38,
-81,-5,
-123,-16,
-62,-13,
-36,-39,
-25,-7,
-83,4,
-80,-11,
-165,-31,
-71,15,
-61,40,
-138,-62,
-108,-114,
-129,-91,
-120,-28,
-162,-42,
-129,-53,
-112,-16,
-99,-57,
-98,-46,
-68,-13,
-58,-40,
-58,-36,
-12,0,
-27,9,
-46,23,
-75,2,
-134,-125,
-44,-110,
-63,-126,
9,-47,
4,14,
-62,25,
-70,-5,
18,-30,
-27,-21,
-80,-88,
-93,-122,
-25,-113,
-76,-54,
-151,-83,
-78,-13,
-17,-55,
-97,-72,
-109,-9,
-103,-72,
-183,-50,
-156,-78,
-82,9,
-47,-5,
-19,-3,
-41,-34,
-16,-11,
-46,-19,
-17,-30,
-51,-36,
-82,-17,
-30,-8,
-52,23,
-97,-4,
-61,-103,
-63,-78,
-28,-52,
-51,-38,
-30,-8,
00>
_________________________________
00>
00>
Printing STS1 CIR
00>
00>
_________________________________
00>
34,37,
10,20,
9,1,
5,0,
-40,35,
18,-17,
-1,-19,
-11,40,
0,38,
-44,73,
-3,30,
-22,24,
12,-49,
26,-9,
-6,13,
47,-10,
33,10,
29,10,
5,27,
-25,14,
28,-6,
26,21,
65,18,
36,56,
23,72,
11,55,
80,19,
-2,-18,
-37,71,
19,-1,
67,41,
80,40,
40,42,
6,39,
-9,14,
-9,1,
-22,-4,
-5,11,
41,15,
6,48,
-20,51,
-42,51,
12,37,
23,-11,
65,-26,
13,-21,
-16,23,
-8,49,
1,54,
28,-3,
43,29,
24,21,
-6,25,
-9,11,
24,-4,
6,-25,
34,27,
18,31,
-27,63,
-15,3,
-10,-28,
30,-23,
72,-31,
11,12,
41,-26,
-16,-36,
-11,-23,
38,-31,
33,-10,
-4,-1,
1,33,
-36,35,
-16,21,
-20,14,
17,49,
-19,-10,
50,70,
39,59,
21,43,
-6,-5,
26,21,
54,6,
41,23,
14,4,
9,-29,
-32,-29,
-48,-17,
14,46,
-37,33,
2,72,
7,21,
53,9,
83,1,
28,-44,
7,-89,
-38,-43,
14,24,
37,16,
4,7,
16,-12,
7,13,
51,-17,
34,-12,
95,-18,
41,-61,
36,-35,
-9,-55,
15,30,
67,33,
2,13,
17,22,
23,47,
27,-16,
46,-34,
28,-34,
4,0,
33,-22,
2,26,
-29,58,
-57,49,
-12,32,
73,-32,
15,-42,
11,-19,
-35,35,
-33,55,
30,-38,
26,-16,
32,1,
33,-6,
38,31,
37,13,
3,-10,
25,-8,
23,-15,
64,-4,
63,-68,
59,-78,
46,-30,
15,21,
9,1,
11,10,
-25,33,
1,60,
-46,7,
-42,-5,
-15,-2,
41,33,
34,43,
13,25,
33,22,
0,-17,
19,-75,
39,-53,
70,-74,
54,-12,
38,81,
12,44,
33,-13,
74,-42,
8,33,
38,16,
20,-28,
50,-59,
21,11,
-19,17,
-26,19,
12,29,
15,-12,
-8,13,
-13,-43,
-37,-40,
1,9,
46,25,
93,-31,
86,-8,
59,1,
54,-7,
11,1,
-15,11,
14,34,
16,38,
50,-8,
11,30,
26,19,
46,-3,
11,18,
-7,5,
-49,39,
13,15,
73,-42,
29,43,
-7,40,
-2,25,
58,83,
18,42,
39,-54,
37,-33,
-6,54,
34,-5,
22,6,
-9,5,
4,-2,
8,16,
30,34,
54,11,
36,-66,
45,-37,
52,-17,
8,-13,
-13,20,
-18,39,
-14,-1,
-10,19,
-16,-10,
20,34,
17,10,
24,5,
23,20,
-11,43,
72,37,
22,22,
-17,0,
-10,-18,
31,-35,
15,-10,
10,30,
30,-19,
1,38,
18,38,
49,3,
54,-20,
77,-68,
53,-36,
77,-6,
29,27,
-21,82,
12,14,
39,-1,
-18,65,
-18,35,
-41,-28,
-7,-14,
33,-31,
39,12,
7,0,
46,24,
21,39,
34,30,
39,14,
54,-22,
39,47,
52,60,
12,32,
12,14,
34,11,
54,39,
40,65,
33,-16,
31,-55,
41,-28,
24,31,
9,29,
20,3,
55,-66,
35,-56,
28,-4,
-13,39,
-32,32,
3,41,
-8,5,
8,-60,
24,-18,
-40,6,
-42,37,
-79,7,
8,-40,
3,4,
8,-18,
25,-20,
77,-27,
61,3,
90,-24,
26,-13,
-11,-4,
10,50,
7,42,
31,71,
-39,65,
-20,76,
-11,20,
13,23,
-7,50,
12,-15,
31,3,
4,45,
-1,99,
-28,82,
40,13,
39,2,
54,10,
-80,11,
-39,24,
-16,31,
42,-17,
12,20,
56,-22,
26,18,
38,7,
-7,31,
22,39,
42,90,
20,1,
-12,-47,
-5,16,
-31,-14,
44,102,
41,87,
69,48,
72,22,
-10,-21,
34,-6,
-2,-5,
18,8,
23,-4,
12,16,
-7,12,
9,42,
69,13,
111,-35,
57,16,
-23,34,
-63,36,
31,-11,
41,-12,
35,41,
-40,65,
-40,20,
13,87,
58,53,
47,42,
-12,28,
2,78,
-20,51,
28,38,
-4,13,
-30,29,
32,-29,
76,-70,
91,-41,
5,-27,
-15,38,
28,20,
65,11,
43,-23,
29,-21,
31,32,
103,83,
808,220,
4483,1917,
7125,4241,
6888,5504,
4323,5486,
-729,1176,
-2299,-1136,
-1265,-362,
-1210,1097,
-1750,1486,
-1368,641,
-517,-48,
-49,-184,
-28,-79,
-156,-52,
-134,-31,
-158,75,
-317,373,
-335,538,
-323,443,
-65,355,
382,61,
495,-51,
72,-298,
-46,-381,
-78,-241,
-66,-103,
-105,-65,
-114,82,
-1,172,
78,85,
57,5,
-99,-98,
-383,-62,
-67,49,
19,18,
-173,-153,
-153,-162,
-76,-239,
73,-196,
136,-244,
2,-256,
-105,-213,
-108,-153,
-59,-84,
-33,-13,
20,32,
102,3,
227,74,
388,312,
73,151,
3,22,
-39,-42,
12,-143,
-19,-127,
-53,-64,
-16,18,
-17,-6,
15,-45,
-18,-74,
-76,-57,
-136,0,
-176,99,
-161,81,
-171,108,
-178,164,
-118,156,
-31,34,
73,-173,
155,-178,
108,-97,
24,10,
-33,101,
-57,135,
-135,59,
-174,-54,
-81,-169,
22,-131,
120,-105,
148,-54,
161,-90,
117,-144,
55,-50,
9,8,
-39,-34,
-4,-29,
-93,-59,
-105,-17,
-87,-33,
5,-64,
33,-41,
11,-18,
52,-44,
8,-13,
-22,-36,
-2,29,
15,-14,
1,7,
37,-58,
94,-96,
82,-85,
27,-12,
36,-5,
6,54,
-41,34,
-26,-6,
25,16,
9,7,
24,-38,
21,-24,
-3,18,
-27,-2,
-9,-40,
-69,20,
24,-14,
45,-15,
-15,-62,
3,-30,
12,-32,
17,-40,
-5,-47,
25,-64,
46,1,
14,-3,
-62,-49,
-9,-91,
-24,-82,
-23,-23,
-42,-38,
-37,-16,
-47,52,
-37,47,
25,-98,
-29,-68,
-75,-131,
-53,-65,
-8,37,
-21,-30,
-23,33,
3,31,
20,-10,
-14,-40,
-19,-6,
-12,-16,
13,-16,
6,-36,
-17,-14,
-90,79,
-66,-9,
2,-3,
-29,-111,
19,-38,
20,-34,
-32,-14,
00>
_________________________________
00>
_________________________________
Sequence Number: 142
00>
00>
Printing STS0 CIR
00>
00>
_________________________________
00>
78,-30,
75,-6,
58,3,
9,-35,
-12,-6,
-29,16,
-10,-11,
-36,-19,
-32,-38,
21,-93,
-34,47,
23,75,
26,72,
7,36,
39,35,
81,52,
42,81,
-3,13,
-64,-1,
-13,47,
-1,95,
85,21,
82,51,
23,85,
-142,51,
-99,9,
-32,25,
130,30,
26,43,
25,59,
-87,78,
-52,35,
40,22,
65,26,
32,1,
-43,12,
-79,55,
-56,-39,
-51,6,
-22,24,
1,-22,
-33,-24,
25,77,
28,117,
15,19,
-13,16,
28,-8,
-10,-21,
-10,41,
26,56,
-68,71,
-85,22,
-56,-7,
22,38,
97,84,
44,73,
-41,17,
-36,-50,
35,28,
51,102,
78,18,
76,38,
-17,34,
-17,30,
99,63,
83,65,
29,17,
-122,-18,
-81,-63,
19,44,
37,14,
43,29,
-2,108,
20,103,
92,-20,
67,-127,
7,39,
37,27,
-4,-1,
-56,3,
-28,43,
-68,47,
45,33,
-24,-14,
-42,-26,
-35,-48,
-25,-50,
-13,52,
36,17,
52,5,
-23,1,
-12,33,
4,24,
1,-20,
14,24,
5,-15,
-26,-9,
38,19,
69,38,
47,66,
-33,2,
-38,7,
-52,92,
-58,6,
20,-10,
33,21,
45,120,
12,144,
9,26,
13,-32,
70,-20,
-4,54,
-20,64,
13,-7,
40,24,
-19,5,
38,0,
-12,78,
-16,26,
46,-38,
28,-20,
65,33,
34,7,
78,-38,
22,-55,
-43,34,
-49,-7,
18,23,
-58,76,
27,37,
87,39,
57,65,
-13,-5,
-56,-42,
7,-24,
-11,61,
-12,-4,
-2,63,
-16,134,
-25,16,
27,25,
100,17,
-13,-46,
-17,-10,
81,-17,
125,17,
-19,-34,
-20,5,
26,8,
2,33,
102,6,
66,16,
44,0,
39,56,
-9,121,
-28,58,
-66,-6,
12,9,
10,13,
-11,-1,
-12,48,
-6,5,
-17,1,
-7,-20,
80,44,
43,59,
8,38,
-6,67,
76,87,
0,-24,
-23,-75,
-13,-70,
52,-7,
47,-14,
-73,-47,
-112,11,
-19,-13,
7,-75,
35,49,
-18,39,
-69,-43,
38,33,
26,68,
47,45,
-5,107,
35,97,
-9,170,
-24,28,
-4,-71,
26,-48,
6,-7,
-13,-3,
-19,19,
27,61,
-6,42,
-3,-8,
19,-111,
-28,46,
21,91,
26,4,
71,-52,
60,-45,
24,23,
7,36,
-13,-30,
-27,20,
-21,103,
-61,7,
-47,15,
-37,72,
-32,-3,
17,99,
-14,51,
6,50,
-7,15,
-67,27,
62,88,
57,119,
59,73,
-45,-37,
-40,-64,
53,-11,
59,13,
27,52,
-37,31,
7,-21,
7,15,
16,81,
-11,109,
26,95,
-1,53,
1,17,
-1,45,
-36,-45,
3,-27,
-10,-22,
-67,80,
-53,50,
-22,42,
86,15,
77,102,
59,52,
-26,82,
-75,68,
-94,93,
3,72,
49,11,
75,-15,
62,0,
43,1,
-21,49,
18,4,
-17,90,
-29,40,
43,118,
79,3,
37,-16,
-155,-43,
-51,-48,
-33,-11,
-26,-26,
39,-24,
69,91,
-85,-56,
-56,31,
12,34,
52,47,
84,60,
20,122,
-54,46,
-71,17,
-68,8,
40,31,
55,33,
56,2,
-46,35,
-30,56,
29,5,
14,89,
53,31,
5,53,
-38,41,
-56,47,
-41,-52,
-9,-63,
-21,-31,
12,67,
41,53,
25,26,
-25,14,
-51,44,
-9,61,
-41,18,
-29,75,
-13,70,
-57,21,
-30,-2,
-4,-3,
-21,-13,
37,18,
91,11,
151,5,
105,-30,
12,-4,
-20,63,
-31,21,
-41,13,
-19,58,
-79,-38,
-45,2,
114,36,
15,2,
-111,28,
-79,68,
14,80,
81,28,
5,34,
18,84,
-28,88,
64,24,
29,-1,
-45,-2,
-53,0,
1,36,
21,1,
55,-4,
49,-77,
45,-30,
50,-28,
22,16,
-29,38,
-56,0,
-9,1,
76,-16,
65,34,
-26,-53,
-43,-74,
-118,1,
8,16,
86,19,
53,-34,
12,-32,
53,-61,
16,11,
-84,24,
-18,47,
8,36,
50,66,
81,27,
58,-12,
30,6,
15,0,
15,65,
-14,15,
-294,185,
-1316,911,
-3070,1493,
-3521,1180,
-1603,13,
752,-772,
1780,-757,
1881,-745,
2345,-1013,
2774,-941,
2236,-452,
857,-58,
-63,-28,
-250,-53,
-114,-44,
-83,-29,
-12,5,
21,-24,
-121,-138,
-144,-62,
-122,91,
-138,143,
-122,143,
-93,171,
-24,62,
14,32,
34,-29,
-142,-124,
-262,-168,
-301,-148,
-107,36,
49,181,
60,140,
-12,-7,
-30,-34,
-20,-67,
-88,-41,
-38,-112,
70,-174,
114,-30,
233,152,
74,163,
-14,80,
29,37,
48,30,
-14,-35,
-66,-91,
-45,-45,
-122,-5,
-258,-2,
-199,69,
-123,24,
-101,17,
13,-4,
11,7,
111,95,
102,79,
60,70,
-50,-31,
-79,42,
-33,71,
58,11,
68,-51,
49,-76,
-27,-46,
-33,-38,
116,36,
82,-2,
-21,10,
-79,-13,
-55,-44,
26,-96,
-19,-91,
-28,-50,
-53,-6,
-19,32,
146,-84,
102,-14,
-25,63,
-97,66,
34,66,
179,1,
141,22,
-23,0,
-49,14,
27,-6,
-5,7,
-71,6,
-46,-46,
-50,-23,
-56,-29,
13,60,
-16,90,
-8,31,
65,-91,
55,-17,
80,10,
31,-18,
31,30,
61,49,
-27,48,
41,-62,
145,-24,
56,16,
26,-29,
42,-51,
5,11,
54,44,
-11,73,
14,-38,
-4,-1,
-52,-63,
-36,4,
10,5,
73,31,
-8,-34,
-42,3,
-2,-35,
54,-25,
34,-3,
26,35,
-47,-14,
44,22,
7,54,
61,-41,
51,-23,
79,-13,
75,31,
4,34,
-27,-25,
-13,-27,
-106,27,
-126,17,
43,17,
37,-6,
-43,28,
-52,1,
-32,34,
-48,30,
51,-33,
35,2,
65,14,
57,60,
21,23,
44,48,
12,72,
-41,27,
-62,3,
-64,44,
59,6,
15,44,
-44,12,
-50,-18,
-16,39,
-23,58,
67,90,
79,25,
41,-74,
00>
_________________________________
00>
00>
Printing STS1 CIR
00>
00>
_________________________________
00>
-53,-13,
15,-64,
69,6,
160,90,
38,105,
-21,40,
2,26,
21,8,
-11,-12,
-41,-34,
64,-58,
137,16,
105,19,
41,43,
-32,42,
26,25,
21,24,
-63,23,
-18,59,
29,80,
100,57,
37,60,
10,23,
44,20,
11,43,
-25,18,
-25,-12,
-11,28,
-23,85,
12,91,
27,-26,
71,-68,
17,-13,
-2,-35,
-24,-12,
-30,25,
-40,19,
-48,10,
59,-55,
35,4,
3,7,
-9,10,
-21,52,
10,52,
-31,-6,
-22,-17,
52,68,
14,69,
-3,-11,
-41,-6,
38,-26,
8,4,
10,28,
13,68,
27,48,
-12,-25,
-22,-31,
-30,-27,
-13,13,
-4,26,
11,40,
10,25,
-11,5,
-4,-89,
-4,35,
87,4,
53,35,
21,-15,
1,-25,
38,-38,
6,-6,
9,-26,
25,-46,
-5,90,
10,41,
-4,13,
134,-52,
99,-15,
85,-1,
31,2,
-46,31,
-42,39,
6,11,
46,-12,
0,50,
4,-5,
-10,-38,
2,4,
-29,-50,
-68,94,
21,53,
43,-77,
0,-59,
61,52,
53,18,
28,68,
-27,43,
27,-82,
46,-91,
-7,66,
-8,105,
13,47,
-61,-18,
-19,30,
34,36,
-12,2,
19,-57,
8,49,
46,10,
71,36,
-66,-22,
-69,-23,
-8,-2,
50,40,
106,29,
38,28,
13,-57,
-38,-34,
-9,63,
25,83,
-46,20,
-45,-130,
27,-8,
48,57,
13,-12,
-14,-31,
39,7,
7,14,
9,38,
-11,15,
49,-28,
32,21,
48,-3,
80,18,
40,54,
-16,42,
-46,-11,
4,40,
76,19,
49,33,
-2,14,
-19,-28,
-22,5,
15,-15,
-32,-37,
-22,17,
7,9,
-34,11,
-45,21,
-7,16,
-19,82,
13,69,
2,-54,
3,-19,
-3,69,
-48,19,
-45,-26,
-24,-34,
38,-60,
51,-34,
59,-29,
23,-4,
11,109,
-52,64,
-20,83,
-42,74,
59,-59,
92,12,
61,40,
0,72,
-24,41,
8,-1,
-59,-18,
-52,11,
-86,57,
-63,82,
18,31,
1,14,
3,14,
-16,64,
40,91,
98,53,
93,1,
26,-36,
20,-14,
12,35,
85,-106,
55,-25,
-38,-9,
-26,-30,
-51,-40,
-28,3,
22,52,
-21,70,
-35,54,
15,57,
60,0,
16,-24,
4,92,
-16,80,
31,-59,
32,-130,
4,-49,
-15,2,
-5,79,
-123,97,
-124,48,
-30,-40,
99,-61,
60,53,
71,80,
-40,35,
9,-21,
2,-60,
-11,-10,
-70,-7,
-32,39,
37,-5,
-27,70,
-33,96,
-65,95,
56,30,
-30,24,
-34,1,
16,-18,
-31,32,
8,-36,
-1,19,
18,6,
4,51,
26,-31,
29,-8,
16,19,
-9,-17,
-19,-19,
20,6,
16,41,
52,-12,
79,-23,
57,-1,
45,-6,
44,-26,
21,-22,
32,-44,
-17,-37,
-38,-59,
19,-46,
60,12,
32,57,
18,68,
14,65,
-22,-40,
27,-28,
101,47,
76,89,
61,31,
55,-10,
4,-44,
17,26,
35,50,
26,-14,
4,20,
5,-61,
-47,10,
17,11,
-9,-88,
35,-57,
40,6,
-3,83,
-28,35,
-32,34,
-31,37,
-35,10,
21,-36,
15,-50,
-1,-20,
16,36,
50,81,
26,-1,
-23,25,
-40,11,
11,-98,
22,-101,
-9,1,
-21,-11,
-63,-10,
27,-6,
24,-40,
-13,15,
5,41,
15,38,
-48,76,
-6,30,
56,133,
76,100,
64,85,
39,26,
-49,15,
38,38,
2,47,
-48,49,
-50,11,
-81,-8,
-38,18,
-46,10,
-25,2,
10,-14,
6,0,
-42,22,
-20,33,
-54,-41,
-66,-79,
-3,-11,
-10,16,
28,52,
-7,87,
17,31,
14,-27,
9,16,
-21,-67,
-9,-38,
51,-12,
34,1,
39,103,
-12,106,
1,60,
-5,5,
5,2,
-28,-13,
12,-11,
33,-22,
45,-37,
16,35,
8,1,
-20,-24,
-53,11,
-59,65,
28,-23,
60,-8,
13,-43,
28,-43,
25,-62,
2,-27,
-26,27,
-15,-48,
-8,6,
41,43,
-15,-56,
-112,-39,
-62,-83,
7,-16,
-17,58,
0,15,
-55,26,
-367,383,
-1480,1134,
-3213,1773,
-3792,1460,
-2348,444,
-243,-186,
373,290,
-348,1192,
-1152,1527,
-1129,1172,
-675,529,
-277,18,
-8,-151,
131,-133,
124,-73,
120,-123,
118,-116,
93,53,
75,178,
56,156,
41,54,
-12,-146,
28,-127,
171,-144,
296,-180,
229,-213,
197,-30,
261,222,
80,303,
128,212,
35,87,
12,81,
-74,67,
2,-87,
58,-171,
165,-116,
100,80,
68,34,
84,25,
60,-31,
63,-62,
86,-92,
79,-99,
43,-67,
-26,-72,
-25,-55,
18,-72,
33,-55,
64,-74,
28,-94,
56,-100,
-39,-2,
-71,-4,
-33,-8,
73,19,
43,-11,
45,-39,
72,-32,
27,-12,
41,-69,
26,-21,
9,-7,
36,7,
124,-7,
9,-84,
92,-32,
154,-3,
114,41,
131,108,
98,-42,
62,-99,
-5,-94,
-18,-84,
-21,-114,
67,-113,
139,-96,
113,-5,
89,55,
121,26,
138,-59,
45,-92,
51,24,
154,73,
82,0,
15,-86,
10,-50,
52,-38,
52,-8,
37,-19,
-18,-25,
26,2,
39,-60,
103,-76,
127,-59,
161,-72,
96,-54,
-15,-46,
-35,-88,
47,-130,
136,-35,
76,-20,
44,-81,
61,-75,
101,-5,
-12,85,
-76,-61,
14,-100,
107,-77,
36,-48,
-32,-34,
-9,-3,
49,46,
38,34,
27,-69,
55,-1,
41,11,
118,27,
87,20,
30,-30,
-28,22,
5,-57,
8,-83,
78,-53,
36,-26,
72,83,
28,15,
52,-39,
41,-69,
63,-49,
26,13,
24,1,
39,-24,
59,1,
31,14,
41,83,
36,-24,
42,12,
-5,-55,
31,-52,
71,31,
40,65,
72,11,
87,12,
15,-63,
49,-47,
6,-26,
5,-27,
14,-35,
60,25,
-13,3,
11,-23,
49,-49,
37,-41,
0,-22,
46,-55,
-69,-15,
-4,-40,
108,-25,
00>
_________________________________
00>
RX Timestamp: 979066473786
00>
Clock Offset: 3142.834 Hz, -0.393 ppm
00>
RX Timestamp: 980141378106
00>
Clock Offset: 2235.317 Hz, -0.280 ppm
00>
_________________________________
Sequence Number: 18
00>
00>
Printing STS0 CIR
00>
00>
_________________________________
00>
-59,68,
-2,55,
-27,-25,
-41,-20,
33,-33,
28,8,
19,24,
48,23,
62,19,
47,12,
16,-5,
42,22,
43,-15,
4,6,
37,26,
7,-25,
94,27,
85,20,
-33,-1,
-29,10,
-24,105,
-88,30,
-82,56,
5,31,
57,59,
-42,63,
-96,74,
23,-7,
89,43,
57,23,
20,33,
70,-19,
-9,-48,
70,36,
32,8,
3,7,
14,-27,
51,-11,
-30,55,
-59,-17,
91,-45,
99,18,
-21,-31,
-6,-8,
52,-3,
81,17,
100,31,
-22,16,
-23,-4,
-7,11,
37,-28,
33,0,
-64,52,
-37,41,
-21,34,
32,8,
-12,-7,
1,-21,
49,15,
67,31,
110,-1,
62,62,
29,20,
22,-12,
30,13,
59,22,
21,14,
-6,18,
-22,69,
-68,6,
-69,-19,
-24,-59,
53,-26,
18,17,
-2,2,
52,15,
99,44,
103,-19,
27,2,
-4,39,
-10,42,
-1,80,
-57,1,
-26,-40,
-38,-65,
-6,30,
-42,4,
-47,43,
3,60,
-3,24,
84,22,
50,-15,
83,24,
58,-3,
-8,24,
-12,-29,
19,-16,
34,-46,
1,-35,
-1,10,
-13,-14,
20,21,
45,3,
50,-2,
-1,27,
-35,31,
38,46,
-51,10,
-38,37,
-72,4,
-57,-5,
11,32,
-27,24,
-20,-14,
20,-41,
54,-2,
114,55,
75,16,
53,61,
1,65,
-21,34,
-52,31,
-52,25,
-43,50,
-29,27,
17,4,
-41,-4,
-16,-28,
-70,-23,
12,14,
30,6,
-9,-43,
-39,-25,
12,-12,
22,51,
-4,5,
-54,51,
-37,19,
-19,7,
-18,-11,
-2,30,
-12,37,
-60,26,
48,-16,
86,6,
11,68,
-30,30,
7,32,
4,14,
-11,-19,
0,-39,
-65,-110,
-29,3,
-2,57,
89,81,
68,45,
7,42,
-23,63,
-93,-23,
20,27,
-61,31,
-56,-9,
-75,-8,
9,2,
75,50,
15,57,
-18,47,
-69,-28,
-5,1,
-42,63,
-49,31,
44,4,
4,-62,
-33,-63,
-10,22,
21,-1,
-27,13,
-37,-7,
-38,-3,
-64,-30,
-37,-45,
23,11,
13,9,
29,124,
14,63,
57,12,
-29,12,
-73,25,
-23,12,
53,-9,
25,-61,
1,-22,
10,-1,
13,-23,
42,38,
33,13,
18,-37,
50,-35,
23,-51,
47,13,
41,104,
29,104,
19,75,
95,21,
14,37,
-12,23,
0,-12,
37,-58,
55,23,
-2,50,
-56,-8,
-76,-15,
23,-9,
61,41,
3,21,
41,92,
24,-5,
-53,18,
-15,69,
-34,19,
-10,-10,
53,29,
9,63,
-7,17,
9,28,
3,-9,
22,-23,
-15,-48,
-2,-151,
57,-36,
106,-18,
-49,40,
-129,77,
-31,71,
20,86,
11,-13,
-13,-20,
-53,-21,
-59,-32,
-45,33,
-4,30,
1,8,
21,11,
25,2,
77,-6,
-13,-5,
55,-22,
54,-1,
-1,-66,
32,-20,
-18,24,
-48,59,
-6,14,
41,29,
46,64,
12,-9,
4,-20,
-10,-26,
26,6,
38,14,
19,0,
-50,-11,
-46,-31,
-52,-28,
-8,-23,
-22,88,
-21,50,
56,2,
6,-12,
11,-5,
-30,-35,
-3,2,
-11,55,
-28,18,
-12,11,
-5,-44,
-24,-78,
78,5,
102,-21,
-2,-54,
22,19,
0,15,
-69,6,
-56,67,
-56,38,
-17,67,
-75,21,
-10,-13,
23,28,
24,25,
43,24,
-53,-25,
62,-53,
138,-3,
187,10,
59,7,
-78,84,
-87,50,
-93,-2,
-40,-23,
-97,-12,
-91,-2,
-37,62,
-9,66,
6,28,
-27,0,
-52,-24,
-36,-5,
11,45,
41,23,
-20,55,
-44,69,
55,-11,
120,-68,
149,19,
54,20,
39,-16,
53,-74,
11,-1,
-2,-30,
33,-26,
14,-13,
4,19,
23,32,
4,-84,
-16,4,
25,-37,
29,-82,
-28,5,
17,-51,
15,2,
25,49,
31,42,
40,35,
9,-77,
18,-53,
1,15,
10,-1,
13,14,
47,5,
76,-19,
25,26,
47,15,
95,37,
54,66,
-12,49,
-4,52,
6,12,
-20,31,
-16,24,
48,-16,
48,23,
54,38,
18,47,
-27,-65,
-450,-692,
-1627,-3949,
-1792,-7910,
-415,-8119,
1727,-5801,
1977,2223,
982,5871,
240,6161,
214,7332,
-377,7876,
-1152,7016,
-856,2800,
-79,-10,
312,-516,
180,-157,
58,-55,
158,-111,
323,-199,
368,-108,
373,-81,
335,-326,
-61,-397,
-215,-421,
-294,-250,
-318,-27,
-116,30,
146,-13,
407,-300,
562,-369,
603,-393,
255,-259,
-90,-78,
-247,-38,
-115,-87,
0,-79,
98,-118,
288,-212,
442,40,
438,278,
61,344,
-391,210,
-434,4,
-344,-105,
-148,-108,
-122,-109,
-94,-119,
39,-223,
140,-180,
167,-117,
82,-303,
50,-89,
61,-65,
113,-236,
72,-160,
54,-40,
28,119,
174,173,
143,38,
-37,-77,
-79,-104,
11,68,
98,155,
118,133,
106,122,
61,148,
-31,88,
14,51,
-50,25,
-80,-105,
-45,-57,
49,-28,
92,65,
69,22,
66,-87,
89,-112,
129,27,
27,121,
-84,162,
-96,-58,
-39,-74,
61,43,
-91,141,
-205,86,
-55,11,
52,32,
66,7,
49,-13,
59,32,
21,66,
93,6,
81,28,
-3,-18,
8,-70,
8,-52,
-8,-44,
-2,-25,
8,27,
-18,123,
-89,-22,
-37,15,
-57,-20,
-15,-49,
52,-10,
-24,44,
13,29,
117,13,
137,33,
66,29,
-55,-72,
-60,-76,
-11,-82,
10,-32,
61,-23,
11,-43,
-97,-12,
-93,-36,
-45,-78,
-12,-62,
14,-60,
28,-40,
35,-24,
31,20,
9,70,
-76,82,
-2,31,
29,32,
35,61,
37,11,
-46,11,
-21,56,
50,32,
-5,11,
-29,-55,
-20,-71,
39,26,
85,72,
10,53,
51,37,
-3,1,
-74,43,
32,-37,
0,-117,
29,-95,
-3,1,
15,-4,
52,-40,
-8,-22,
-28,2,
-65,-37,
-5,-3,
78,45,
56,70,
42,28,
32,-26,
15,-1,
-32,7,
-34,6,
00>
_________________________________
00>
00>
Printing STS1 CIR
00>
00>
_________________________________
00>
-29,30,
-9,-14,
44,14,
2,43,
9,43,
10,25,
-2,-17,
14,-18,
31,24,
18,16,
53,12,
12,-19,
25,13,
46,67,
1,46,
-37,1,
-53,28,
-50,0,
46,10,
55,44,
66,40,
-4,19,
-22,19,
-8,11,
-46,28,
12,59,
-48,-32,
-3,1,
10,71,
15,36,
-1,46,
-31,12,
-8,-23,
0,-26,
28,46,
20,8,
33,-41,
119,5,
36,9,
-20,64,
22,35,
54,5,
15,31,
13,31,
-40,38,
-68,70,
-13,11,
21,10,
24,-4,
21,-7,
48,32,
-25,-3,
10,-32,
34,-58,
53,-17,
-4,-8,
3,37,
-4,46,
2,-47,
-56,-67,
-34,46,
-7,60,
-10,48,
-13,64,
5,28,
-15,-18,
18,-6,
25,60,
-8,63,
60,42,
-4,-28,
56,-44,
18,38,
-8,48,
-10,48,
9,28,
-62,76,
-62,57,
-11,33,
-8,43,
10,22,
42,36,
13,31,
22,62,
-18,-8,
-23,19,
2,27,
9,25,
65,-34,
27,-15,
28,68,
-3,4,
11,-8,
14,-28,
-31,14,
-37,57,
-3,41,
13,21,
21,-19,
58,-28,
60,-97,
-4,40,
-19,37,
-18,84,
-16,28,
-2,7,
-27,56,
-40,55,
-28,54,
1,31,
-5,-26,
-9,-57,
-22,5,
-36,21,
-23,35,
-12,19,
1,-16,
65,-5,
4,19,
-4,12,
13,-46,
-28,20,
60,7,
70,-13,
31,11,
6,11,
10,19,
-29,11,
-34,17,
30,-20,
6,20,
19,-10,
1,-3,
5,-17,
-6,4,
84,-11,
-15,47,
-36,24,
-23,-26,
23,41,
18,25,
-66,3,
-44,-32,
-5,-30,
-4,-42,
-71,25,
-42,55,
5,24,
16,30,
4,80,
35,53,
26,6,
30,0,
40,-16,
19,13,
5,-48,
-8,-9,
-16,48,
-17,-1,
62,-44,
51,12,
18,27,
-40,46,
59,-2,
28,8,
27,-7,
39,25,
83,72,
-26,62,
-21,32,
-24,-51,
15,-79,
-6,-33,
64,61,
74,48,
14,-2,
-18,-81,
-50,12,
-35,8,
-2,2,
33,43,
57,-10,
68,-4,
44,27,
-3,20,
35,1,
53,-3,
60,12,
80,-19,
54,14,
19,12,
29,31,
46,0,
59,24,
7,24,
-25,27,
2,11,
14,-3,
2,14,
35,66,
7,60,
3,16,
9,-5,
24,3,
54,20,
12,14,
-23,-15,
-7,-35,
-57,-15,
-39,4,
9,9,
-20,-5,
-54,-47,
5,33,
8,48,
45,33,
45,-12,
52,-57,
22,-15,
-33,-17,
-23,-10,
-22,65,
14,25,
-22,34,
-3,39,
59,46,
36,47,
13,40,
25,-22,
70,1,
13,20,
-32,33,
-8,31,
-27,-21,
41,-35,
54,-68,
4,-66,
-79,-18,
-28,-35,
59,-35,
45,-17,
-2,-36,
-14,-15,
47,-2,
-18,51,
-56,29,
-69,10,
-57,-14,
14,31,
1,-2,
-2,51,
14,43,
35,39,
-64,10,
-17,27,
22,9,
63,-28,
17,-14,
33,0,
6,20,
-5,19,
-103,42,
-79,39,
-47,60,
-42,32,
-51,43,
-50,-5,
-25,-5,
-45,-36,
-33,20,
29,-1,
73,-10,
66,-28,
13,1,
5,22,
1,45,
52,-13,
35,-12,
56,-37,
17,6,
39,28,
-28,-12,
-28,-80,
-38,-99,
4,-18,
19,30,
8,14,
23,54,
-23,45,
-38,37,
0,35,
49,-22,
18,-8,
-38,4,
-62,33,
-107,43,
56,-38,
85,1,
70,63,
-7,41,
11,64,
-27,27,
10,50,
-18,20,
4,-13,
15,-19,
9,29,
43,37,
-45,-33,
-44,-12,
-59,5,
-40,-4,
15,-25,
27,6,
-1,36,
-47,-28,
14,10,
28,-10,
31,22,
35,71,
-55,57,
-19,-9,
56,45,
47,11,
50,45,
-28,26,
-34,26,
-11,-40,
41,-24,
58,-14,
15,-7,
-6,-61,
-2,-39,
43,5,
7,-2,
-16,64,
14,47,
20,19,
17,30,
12,52,
-6,-54,
47,-8,
45,10,
-4,45,
4,24,
-3,34,
16,-24,
98,32,
98,16,
10,-39,
-19,-39,
19,17,
1,64,
-18,-8,
-42,-23,
-381,-521,
-1495,-3512,
-2322,-7470,
-1666,-8076,
-414,-7421,
168,-1279,
-742,1034,
-2071,-844,
-3177,-3800,
-2820,-4184,
-1406,-2484,
-121,-740,
383,170,
344,456,
159,380,
99,218,
83,207,
-103,262,
-457,204,
-436,115,
-276,111,
179,70,
238,155,
198,503,
176,798,
316,770,
200,648,
-299,429,
-650,319,
-561,219,
-297,132,
-89,16,
-120,-189,
-53,-231,
113,-24,
177,48,
208,215,
34,180,
-78,136,
-51,115,
127,137,
308,176,
228,206,
159,127,
95,64,
67,-9,
144,-64,
154,47,
223,61,
339,189,
98,68,
12,50,
-46,3,
46,-32,
54,11,
69,127,
12,147,
-34,109,
84,47,
118,45,
117,27,
63,106,
6,130,
4,109,
48,153,
83,236,
16,142,
-114,102,
-284,168,
-104,113,
33,80,
161,21,
195,-67,
192,1,
168,147,
183,202,
144,178,
8,165,
-98,95,
-29,138,
64,134,
-74,277,
-225,151,
-173,64,
20,19,
80,73,
26,173,
-7,193,
32,122,
-12,74,
37,205,
48,197,
45,162,
75,82,
85,60,
65,28,
54,59,
141,190,
70,74,
33,14,
111,87,
75,150,
82,111,
80,131,
66,86,
88,58,
154,41,
94,71,
66,114,
50,73,
71,91,
98,44,
112,144,
60,247,
29,65,
1,30,
-25,160,
34,103,
-6,145,
-8,85,
32,60,
34,163,
12,163,
-52,99,
11,76,
90,79,
67,123,
70,109,
73,77,
119,137,
114,69,
114,19,
67,116,
45,42,
-18,64,
13,114,
73,139,
133,224,
93,230,
21,143,
1,145,
20,75,
50,18,
129,-20,
68,36,
103,40,
101,31,
89,8,
71,79,
45,98,
28,83,
48,68,
77,79,
70,65,
29,-3,
82,15,
45,30,
00>
_________________________________
00>
_________________________________
Sequence Number: 21
00>
00>
Printing STS0 CIR
00>
00>
_________________________________
00>
1,11,
-73,70,
-63,63,
31,-2,
-32,37,
-64,21,
-78,99,
-28,4,
61,14,
32,14,
18,-14,
6,-3,
15,-14,
33,29,
-27,19,
56,46,
2,-33,
-9,-6,
-19,7,
-44,-26,
7,-6,
15,-15,
15,94,
-14,45,
-38,-22,
55,-4,
-26,27,
-17,1,
1,5,
21,33,
-9,65,
-25,-54,
-13,7,
-8,25,
49,7,
35,-76,
-13,-44,
48,2,
13,10,
72,-9,
92,3,
72,16,
26,29,
14,-5,
-3,-34,
-9,-65,
23,25,
48,49,
32,4,
39,-28,
57,-42,
97,-47,
21,40,
18,-32,
27,-71,
-5,-53,
22,-75,
-30,52,
2,-56,
35,-6,
84,85,
46,-9,
66,-2,
-17,33,
5,26,
37,16,
25,19,
-35,29,
-9,-29,
25,39,
19,36,
28,26,
-12,52,
68,23,
80,6,
52,23,
31,27,
1,-22,
17,21,
-7,82,
24,62,
-3,24,
8,-17,
77,-10,
60,-9,
-68,27,
-7,14,
8,31,
74,51,
125,42,
31,55,
-1,48,
-10,-56,
36,-31,
-2,-18,
22,-22,
-47,-18,
-7,-8,
13,-31,
6,-39,
-34,-31,
32,0,
65,-77,
76,-65,
22,-3,
-20,-36,
-20,-67,
41,-48,
69,1,
62,19,
72,-43,
50,-68,
11,-16,
6,35,
-26,27,
11,-30,
11,-70,
-12,-33,
104,5,
63,-51,
37,-32,
-22,-9,
35,-10,
51,43,
25,51,
-32,-8,
-78,-24,
-9,0,
-52,22,
-11,40,
-19,105,
17,66,
27,-10,
76,-70,
27,-26,
-3,17,
85,30,
61,-33,
61,-54,
5,-42,
40,20,
67,23,
-11,1,
-40,-8,
21,-75,
89,-106,
75,-96,
95,-38,
86,52,
7,-50,
4,-28,
97,-114,
92,-56,
40,0,
-93,-5,
-47,-78,
-3,-6,
-10,32,
2,-43,
-12,-55,
33,31,
36,-9,
6,-10,
30,14,
-10,-26,
51,59,
54,-16,
33,17,
-45,-2,
1,11,
-16,-52,
-4,-43,
-7,2,
10,20,
-9,-12,
-25,-33,
12,-85,
6,-12,
-5,-29,
40,11,
72,-17,
69,-43,
-19,15,
-77,27,
-71,20,
-21,49,
12,-14,
25,-53,
11,-16,
25,-40,
-12,5,
-10,-17,
54,-48,
46,-19,
-51,66,
-10,-6,
3,-46,
-28,66,
36,77,
23,67,
63,-15,
-14,-110,
-68,-12,
-52,-6,
-31,-55,
79,-24,
105,-22,
72,3,
46,-45,
52,-63,
56,-49,
47,27,
55,38,
39,8,
-25,-94,
-23,-19,
-30,-43,
-11,2,
18,21,
22,14,
-5,34,
-15,36,
-19,21,
-12,-1,
-3,-14,
27,-12,
-15,-9,
-41,-48,
21,37,
0,43,
17,-31,
66,25,
88,-25,
-1,-44,
-15,-15,
9,-36,
29,-35,
53,-52,
13,-46,
44,-20,
18,-45,
11,-2,
34,-15,
41,0,
99,55,
48,26,
28,-78,
24,-62,
29,0,
8,-11,
-6,-3,
-17,4,
-27,3,
5,11,
11,-13,
33,4,
42,-24,
38,-48,
6,-24,
-26,28,
42,-30,
-40,3,
-69,9,
-17,-8,
19,-62,
32,10,
41,22,
14,19,
4,-12,
5,9,
60,-33,
-29,-46,
0,-74,
2,-1,
25,-22,
-63,-6,
-29,99,
51,5,
-7,-51,
15,-83,
20,-23,
70,-64,
24,-46,
10,4,
-4,7,
28,-42,
1,-21,
48,-39,
31,-7,
-12,-67,
-41,-2,
-2,22,
68,24,
-7,-4,
-44,-24,
23,9,
16,15,
-5,-71,
-27,-19,
-10,-40,
75,-27,
36,48,
-21,34,
-9,-19,
26,-36,
7,-18,
0,39,
-35,-6,
27,-90,
-56,-26,
19,38,
-95,-14,
-25,-3,
-42,-27,
1,-26,
-3,66,
-21,-3,
32,-27,
-7,5,
-6,26,
2,0,
10,-73,
78,-61,
81,-70,
66,-10,
-20,-44,
33,-14,
0,-24,
-12,-58,
21,-64,
51,2,
-15,59,
-32,-8,
-7,-16,
23,-33,
29,-13,
86,-44,
71,-59,
52,-63,
61,-57,
59,-10,
31,4,
9,-14,
-61,-51,
-42,-41,
24,-16,
-15,-90,
29,3,
43,-31,
-18,8,
65,10,
726,395,
3761,2193,
7007,4683,
6532,6015,
3876,6801,
-1668,2108,
-1860,-1484,
2200,-1427,
6033,-69,
5687,676,
2915,175,
623,-469,
-272,-565,
-337,-178,
-188,65,
-141,50,
-194,-106,
-283,-328,
116,-314,
221,-304,
49,-170,
-151,402,
-84,491,
-199,199,
-327,-186,
-391,-384,
-327,-473,
-147,-761,
-128,-991,
-76,-889,
13,-367,
120,180,
48,331,
-62,101,
-16,-54,
-8,9,
-223,-17,
-206,-175,
88,-135,
398,-194,
343,-166,
78,-97,
-224,-111,
-182,-175,
-154,-160,
-134,-3,
-80,3,
-147,13,
-221,70,
-180,110,
-99,107,
-27,61,
17,-93,
96,-262,
133,-245,
60,-266,
-77,-140,
-195,49,
-200,97,
-105,153,
-61,143,
-100,37,
-95,-16,
-85,-8,
-29,74,
-126,196,
-95,196,
-22,24,
14,-100,
23,-244,
-129,-122,
-212,10,
-162,75,
-101,95,
-134,45,
-165,8,
-210,-127,
-28,-264,
-25,-248,
62,-116,
-143,-52,
-341,-94,
-89,15,
3,2,
56,10,
9,190,
2,106,
-68,26,
-126,-21,
-119,-50,
-203,-16,
-137,-28,
-112,-47,
-77,60,
-85,-1,
-114,7,
-46,-35,
-154,-121,
-25,-32,
10,-51,
-62,-32,
-33,-52,
-98,-53,
-80,-102,
-100,-105,
-122,-16,
-134,-33,
-118,-34,
-164,-29,
-129,-10,
-113,12,
-102,7,
-151,-32,
-91,-103,
-62,-16,
-31,-3,
-10,-38,
-40,-85,
-40,-72,
-20,-36,
-61,-127,
-81,-65,
-86,-55,
-55,-119,
-93,-76,
-75,-74,
-117,-73,
-99,-111,
-76,-111,
-166,-95,
-39,31,
27,-16,
-20,-68,
-65,-32,
-138,-35,
-174,-52,
-98,-63,
-128,-73,
-81,26,
-65,7,
-80,-69,
9,-46,
-26,-49,
-42,-83,
-113,-24,
-93,27,
-52,94,
-42,68,
-62,-34,
-55,-134,
-83,-150,
-15,-85,
-24,-73,
-17,-30,
-82,-27,
-31,-91,
-64,-110,
-119,-64,
-55,-147,
-82,-79,
-70,13,
00>
_________________________________
00>
00>
Printing STS1 CIR
00>
00>
_________________________________
00>
96,-38,
58,-8,
94,-59,
57,-66,
51,0,
28,58,
12,54,
7,-2,
10,-14,
24,18,
37,33,
7,-6,
44,-6,
16,14,
-25,34,
-3,13,
51,25,
61,-55,
21,-18,
-20,-60,
-5,29,
65,52,
41,47,
57,-12,
66,-25,
14,-2,
-47,8,
-4,41,
-4,11,
-45,5,
64,-21,
34,9,
60,-16,
74,-32,
32,19,
77,33,
-2,60,
-105,81,
-37,59,
7,43,
35,21,
11,2,
-13,46,
15,26,
-4,48,
24,72,
36,33,
30,45,
9,-14,
5,63,
-4,29,
26,4,
37,-11,
23,18,
18,6,
30,13,
55,32,
32,9,
-9,72,
14,47,
31,36,
61,19,
40,-9,
21,-10,
-23,48,
-26,61,
2,5,
-3,0,
49,42,
41,33,
-9,61,
10,61,
22,35,
26,26,
4,-18,
25,-30,
8,16,
24,41,
47,48,
79,48,
97,0,
29,-50,
32,-57,
53,-28,
40,-55,
93,18,
53,0,
35,25,
31,42,
21,62,
52,19,
8,3,
38,9,
15,2,
25,33,
65,88,
50,49,
-21,-3,
-19,-13,
-1,-9,
-7,13,
107,25,
20,28,
7,28,
-34,51,
-36,28,
9,36,
-22,44,
23,4,
19,43,
36,34,
6,-6,
-22,63,
-10,26,
-23,53,
-21,24,
55,-30,
-25,8,
42,46,
15,42,
-1,29,
26,16,
24,36,
12,17,
23,-17,
-20,38,
16,33,
39,1,
57,-19,
13,-23,
5,-11,
95,-39,
115,-31,
99,49,
72,78,
-36,33,
22,10,
-13,-35,
34,14,
41,-15,
-11,35,
26,-1,
-20,22,
4,-13,
78,34,
18,29,
-6,22,
-30,46,
34,-3,
5,-47,
41,-92,
6,-30,
-24,69,
29,-15,
26,-47,
38,-38,
68,-56,
69,1,
1,45,
1,23,
24,14,
27,52,
15,83,
19,28,
2,-33,
22,-44,
76,-37,
43,11,
-33,-6,
-7,18,
51,10,
62,35,
3,22,
-19,46,
-14,51,
-14,20,
48,76,
5,17,
16,27,
10,1,
15,-25,
68,1,
113,-4,
81,-19,
24,-6,
-25,1,
-65,10,
43,-9,
51,-9,
-2,-21,
33,-39,
17,-16,
13,-42,
44,-36,
51,-64,
60,10,
24,33,
49,-12,
-4,39,
15,61,
19,-7,
22,0,
-17,-1,
15,9,
-20,22,
76,52,
-2,23,
-1,60,
-18,73,
38,50,
30,28,
10,27,
-17,19,
-68,4,
-30,22,
-32,25,
-16,87,
-16,52,
34,43,
25,35,
25,1,
48,-13,
42,-16,
39,-7,
45,43,
54,17,
13,73,
12,41,
-21,85,
30,28,
45,-9,
4,28,
-23,-9,
15,11,
-19,56,
-9,27,
-4,51,
22,62,
46,61,
65,-12,
68,-71,
-10,-54,
-3,-51,
49,-6,
36,17,
-3,58,
41,78,
32,46,
19,3,
-50,29,
4,29,
59,-14,
85,-21,
6,38,
-64,36,
-54,31,
67,57,
62,8,
27,11,
54,10,
60,56,
47,121,
-40,97,
15,100,
28,18,
40,35,
94,12,
30,63,
1,15,
-13,10,
-4,16,
29,6,
30,20,
25,50,
44,19,
8,4,
54,-21,
28,18,
0,48,
10,113,
77,83,
37,-34,
40,32,
-35,32,
-14,39,
-14,51,
-14,32,
6,-5,
54,78,
-21,73,
-6,27,
-8,-3,
2,80,
-2,38,
38,22,
40,-24,
63,16,
26,-1,
22,-38,
-17,43,
-16,-2,
-19,51,
-22,26,
9,51,
55,58,
38,1,
31,-10,
49,14,
70,12,
5,43,
-8,18,
-26,-28,
-42,6,
64,9,
-1,26,
1,30,
42,41,
3,31,
26,41,
17,34,
67,1,
48,-30,
-4,-12,
22,19,
-19,20,
6,11,
47,51,
-53,10,
-31,-31,
-3,4,
33,-9,
72,-6,
9,84,
-31,42,
-33,50,
11,4,
30,83,
-48,93,
-49,79,
-18,61,
63,36,
51,25,
-21,-4,
-5,66,
37,54,
56,-16,
51,-46,
-34,28,
-46,88,
-4,68,
22,3,
682,231,
3745,1869,
6733,4757,
6572,6143,
4864,6786,
-430,2247,
-2741,-1302,
-1885,-1059,
-1540,779,
-2275,1527,
-2127,785,
-972,-93,
-168,-245,
-83,-131,
-157,-80,
-148,-64,
-85,-24,
-250,278,
-396,514,
-377,417,
-309,364,
279,206,
580,5,
221,-291,
-79,-434,
-66,-349,
-67,-178,
-99,-60,
-130,42,
-63,149,
124,112,
113,-74,
-58,-92,
-279,-202,
-125,-7,
-84,49,
-168,-7,
-184,-186,
-82,-327,
145,-268,
245,-235,
48,-274,
-117,-299,
-99,-236,
-111,-124,
-77,-4,
8,13,
93,5,
227,137,
413,403,
93,177,
-31,78,
-103,54,
-67,-57,
41,-138,
-27,-155,
-78,-91,
-25,-47,
24,14,
-23,-89,
-113,-143,
-231,-110,
-230,1,
-125,103,
-99,99,
-212,156,
-63,86,
55,-8,
149,-119,
176,-106,
170,-87,
17,-28,
67,39,
-38,123,
-130,101,
-177,-20,
-143,-209,
-16,-218,
163,-183,
211,-22,
154,-20,
77,-109,
12,-68,
-5,-21,
-69,21,
-8,12,
-51,-6,
-94,-40,
-78,-75,
-10,-91,
-32,1,
48,25,
34,81,
-11,12,
20,-34,
-41,-7,
-42,-2,
-6,81,
77,-23,
90,-44,
30,-28,
34,-42,
-7,-46,
-34,-20,
-28,-37,
-18,-13,
13,78,
11,-9,
-22,0,
-5,41,
-22,6,
-1,20,
-28,-45,
-56,-77,
-16,17,
11,-33,
3,7,
-34,-37,
-5,-19,
27,-21,
37,-41,
37,-30,
40,-30,
58,-23,
45,-37,
10,-79,
-49,-44,
-18,-34,
35,-79,
-27,-51,
-8,66,
-15,82,
-24,-17,
-50,-90,
36,-88,
5,-42,
-72,-50,
-10,-67,
34,-18,
27,-34,
-9,-34,
13,-48,
-35,-29,
14,-33,
-5,-26,
36,-113,
33,-64,
27,-36,
-37,13,
-105,-32,
-101,-105,
2,-41,
30,-11,
-13,13,
-14,-14,
36,-42,
-9,-21,
22,-19,
19,-19,
-11,-65,
6,-89,
00>
_________________________________
00>
RX Timestamp: 19662300349
00>
Clock Offset: 2949.428 Hz, -0.369 ppm
00>
RX Timestamp: 20737682368
00>
Clock Offset: 2915.955 Hz, -0.365 ppm
00>
_________________________________
Sequence Number: 153
00>
00>
Printing STS0 CIR
00>
00>
_________________________________
00>
-8,-19,
75,-32,
52,-105,
-41,-12,
-19,8,
-46,-40,
69,-33,
-17,-14,
-7,17,
32,-33,
67,-12,
2,-32,
-30,31,
1,-3,
-30,-6,
-35,-23,
5,-22,
18,29,
-28,54,
-3,28,
32,-17,
4,-9,
-5,46,
-26,-10,
17,22,
9,36,
20,5,
19,-4,
-24,-29,
-24,36,
-25,-18,
-16,-23,
-33,-47,
-59,-54,
-1,3,
47,-3,
27,20,
-28,7,
17,-66,
-21,-95,
8,-18,
47,-41,
49,13,
-42,-4,
-25,30,
-27,27,
10,20,
-14,5,
-23,23,
-37,41,
-87,-76,
-109,-47,
-77,-20,
-7,-2,
-2,0,
38,8,
30,-88,
-65,-18,
-44,-28,
-65,38,
-37,-15,
-23,12,
5,13,
37,19,
43,4,
16,9,
-14,-26,
57,8,
64,-9,
40,-12,
-56,34,
-13,-55,
-9,-12,
-39,-49,
-18,-32,
-24,4,
-4,-40,
-25,12,
-7,5,
31,-35,
50,-16,
31,-44,
47,35,
72,-5,
111,5,
22,-46,
-65,8,
-51,54,
-23,28,
34,-35,
24,-26,
15,-12,
29,13,
-56,-49,
-25,-27,
3,-22,
-3,-1,
-35,40,
-36,-14,
4,-45,
-42,-24,
22,56,
26,77,
38,34,
8,-14,
-38,0,
-9,-49,
-12,-47,
52,-24,
17,28,
-25,41,
3,11,
-8,-28,
20,-15,
66,51,
-6,32,
10,-14,
14,19,
48,8,
-39,-8,
-36,-62,
33,30,
20,26,
16,54,
-13,71,
-13,66,
-28,-23,
-13,25,
3,27,
-27,-19,
-70,-29,
-55,-25,
-24,29,
-42,0,
-24,-28,
-18,-4,
-27,-6,
-6,-50,
6,29,
-15,53,
22,-2,
17,4,
3,-19,
-69,-24,
2,-22,
-35,26,
-92,-56,
-96,-24,
-33,-38,
-20,-30,
-21,-27,
13,-74,
-17,-24,
-54,-75,
23,55,
21,-24,
38,-5,
13,1,
-4,7,
-3,-18,
-28,-4,
5,41,
-9,20,
50,30,
28,14,
-68,-10,
-39,-23,
9,66,
18,46,
-9,35,
-37,-5,
-58,48,
-20,35,
33,78,
-48,-33,
2,-31,
3,-27,
-66,-24,
-38,-5,
-99,-9,
7,41,
-23,18,
13,42,
-13,9,
-11,47,
-21,14,
-19,16,
20,-12,
56,5,
49,13,
21,-19,
-2,-7,
-12,-19,
33,49,
-56,56,
19,6,
-43,-16,
-59,15,
-25,-34,
23,12,
17,28,
11,38,
37,-51,
36,10,
-14,13,
5,70,
-40,27,
15,31,
-9,-41,
29,-6,
81,-28,
-67,1,
-86,-17,
-31,58,
75,23,
6,-58,
-19,59,
29,31,
39,-55,
11,-78,
21,-23,
-34,29,
27,10,
18,-35,
10,-11,
-42,-13,
-22,30,
-15,24,
-32,11,
3,47,
49,60,
37,19,
-5,33,
-16,-11,
15,14,
18,-58,
50,3,
39,8,
12,-18,
-29,-44,
-2,-2,
12,10,
3,63,
-42,14,
-94,-6,
-64,-10,
-39,-60,
2,30,
-31,-24,
-7,2,
-49,-15,
-45,47,
16,-3,
46,3,
2,-19,
-10,-39,
1,-38,
17,-30,
17,-24,
-76,-44,
-69,-51,
-19,-72,
97,-68,
-14,6,
-37,48,
-19,86,
-40,-9,
20,-2,
38,51,
-10,41,
-51,42,
28,3,
8,-18,
14,22,
-25,63,
35,50,
68,55,
20,2,
-58,118,
-75,-14,
74,-24,
59,-53,
49,-28,
-7,52,
8,41,
34,-21,
48,44,
-12,-31,
-62,39,
-36,57,
-56,93,
-22,0,
54,35,
44,38,
62,1,
17,53,
10,53,
1,3,
-43,-3,
-32,-44,
1,-1,
-26,29,
11,46,
32,32,
15,35,
46,-7,
17,-8,
-4,31,
-60,45,
-62,5,
4,11,
83,24,
62,49,
-37,90,
-55,31,
41,36,
75,70,
6,-32,
-24,73,
-2,-21,
10,-43,
-1,23,
6,2,
45,39,
20,24,
3,70,
-59,-17,
23,-73,
8,-62,
17,5,
17,-9,
21,29,
19,14,
23,23,
28,25,
18,19,
3,16,
-5,-7,
14,-22,
-45,17,
-47,25,
22,46,
64,-70,
55,-36,
53,31,
-24,-4,
30,-28,
28,-31,
26,-2,
-17,-17,
-8,42,
35,14,
1,-26,
-194,-672,
-646,-4128,
321,-7910,
1978,-7946,
4173,-6233,
2746,416,
-374,1618,
-2792,-1350,
-3304,-4632,
-2280,-4695,
-1206,-2348,
-526,-303,
-196,354,
74,354,
105,67,
60,104,
16,196,
-167,302,
-310,95,
-337,-15,
-119,123,
446,89,
379,-51,
196,92,
37,326,
-9,513,
-128,471,
-471,395,
-744,450,
-673,364,
-332,106,
70,-127,
142,-178,
163,31,
143,147,
121,105,
137,245,
-87,142,
-177,8,
-286,-190,
-217,-241,
-45,-38,
75,145,
34,182,
16,151,
-34,117,
27,149,
148,196,
194,165,
268,172,
203,55,
102,14,
-52,54,
-269,121,
-233,85,
-181,80,
-47,152,
87,212,
212,208,
132,47,
103,1,
127,26,
63,107,
66,145,
145,105,
178,111,
112,34,
-21,23,
-142,67,
-130,33,
23,105,
166,143,
101,203,
73,194,
144,168,
135,121,
-45,210,
-112,235,
-189,41,
-89,48,
-4,171,
62,429,
-13,81,
-5,-8,
77,-102,
140,-22,
139,35,
14,82,
52,78,
67,116,
88,163,
51,161,
2,178,
5,132,
60,24,
37,80,
-17,97,
-19,124,
48,53,
42,19,
77,153,
32,81,
29,103,
-26,103,
23,66,
26,34,
93,181,
40,197,
70,190,
21,87,
8,38,
51,79,
31,113,
52,125,
34,0,
-6,28,
36,92,
-65,124,
-154,54,
-69,20,
-3,94,
55,108,
-50,74,
-6,20,
35,8,
54,77,
28,192,
-27,187,
-8,154,
58,132,
159,60,
116,55,
121,97,
11,120,
21,96,
34,125,
73,176,
36,211,
29,75,
-17,26,
43,100,
-29,102,
-28,118,
26,92,
32,54,
14,115,
-14,98,
-30,18,
-5,57,
40,123,
-19,154,
-35,81,
-69,80,
-15,31,
52,111,
8,74,
-36,-8,
9,91,
66,111,
00>
_________________________________
00>
00>
Printing STS1 CIR
00>
00>
_________________________________
00>
-23,4,
-6,1,
-23,-12,
-96,60,
-85,5,
-59,19,
58,-31,
30,14,
20,-41,
65,-3,
26,25,
78,60,
23,0,
-38,-23,
-41,-49,
70,-60,
58,14,
27,-2,
17,-15,
-1,-5,
61,11,
42,-1,
28,-32,
32,-61,
14,-56,
64,-6,
21,15,
62,-8,
34,52,
6,-16,
41,-30,
17,-31,
22,-61,
46,-35,
-1,25,
38,8,
52,4,
24,25,
-2,67,
6,18,
-1,-34,
-10,-7,
31,-24,
7,52,
-1,-12,
20,15,
-29,30,
9,28,
-10,-2,
9,-32,
-18,-8,
-44,-1,
0,-7,
47,15,
29,-25,
-3,-8,
22,-22,
-27,51,
28,-2,
30,75,
39,44,
-2,4,
21,-34,
92,-21,
84,2,
8,20,
82,-47,
16,0,
-45,5,
5,25,
14,24,
49,-12,
71,-85,
50,-27,
3,-27,
37,-6,
26,-4,
31,-73,
32,-33,
-11,13,
-24,-39,
-2,-29,
35,58,
-3,23,
57,2,
45,-42,
35,11,
-15,67,
-39,40,
8,-2,
-21,32,
11,89,
21,22,
56,0,
46,-18,
13,-8,
28,-7,
-30,22,
75,43,
58,-31,
30,22,
65,64,
43,7,
-57,10,
-32,2,
52,-10,
38,-71,
34,-5,
-26,-13,
-9,-3,
6,-22,
-12,-15,
6,-4,
51,22,
77,36,
33,21,
38,-7,
-19,-10,
-3,56,
0,32,
53,45,
13,28,
-49,-49,
-62,6,
-13,-7,
-1,32,
14,33,
-42,25,
-23,0,
-26,-4,
2,-83,
-8,11,
17,15,
5,76,
24,26,
40,-30,
29,0,
-6,37,
64,38,
-11,27,
-32,-13,
-51,47,
-52,3,
-23,8,
55,15,
16,-7,
41,55,
19,-4,
-6,15,
28,8,
36,11,
-4,52,
-25,25,
16,11,
45,33,
-25,28,
-63,-18,
-26,4,
-1,42,
-26,62,
-56,55,
-23,-9,
-2,-86,
8,-20,
3,30,
12,-2,
-4,17,
-17,16,
-10,-22,
-10,5,
-3,53,
13,22,
18,27,
24,33,
15,6,
-15,11,
-7,-17,
39,-33,
-31,-26,
10,27,
42,16,
33,-9,
57,-27,
46,-60,
-16,-43,
20,5,
73,-80,
22,19,
13,36,
-52,31,
-8,26,
2,34,
26,38,
36,-22,
111,-70,
74,20,
40,22,
15,74,
21,40,
16,-2,
-1,13,
-56,25,
-64,12,
-28,-5,
29,9,
8,13,
-13,39,
33,-23,
77,23,
16,41,
64,-7,
57,-9,
36,20,
-4,38,
-10,-37,
-76,-17,
-18,3,
-16,8,
-49,22,
-65,0,
-22,25,
18,15,
-11,33,
-1,24,
-10,23,
28,51,
52,23,
58,26,
56,23,
4,30,
37,52,
46,77,
57,38,
9,-1,
19,16,
-49,-3,
17,10,
-18,3,
55,-8,
40,-29,
15,-34,
36,8,
29,-27,
43,-21,
-8,29,
-9,-31,
44,-27,
85,19,
89,2,
54,33,
15,15,
51,36,
3,57,
-15,44,
-2,26,
34,27,
29,23,
24,1,
18,-34,
2,-25,
48,9,
97,-14,
28,2,
-79,32,
-51,46,
10,55,
25,61,
71,114,
32,56,
8,-46,
-28,-28,
0,19,
23,6,
-34,-21,
-37,-42,
-39,-12,
-67,7,
-35,-43,
-2,18,
16,2,
25,-1,
8,49,
-39,42,
-30,25,
-14,-18,
-5,24,
-21,-12,
-9,-21,
8,47,
-49,-2,
23,44,
98,25,
107,23,
62,48,
24,35,
-12,5,
47,26,
-14,9,
-53,23,
5,-11,
-27,27,
-11,22,
20,18,
-52,60,
-32,22,
-13,75,
20,75,
27,38,
96,40,
33,100,
30,6,
-56,-79,
-8,-21,
51,24,
5,52,
-15,-54,
-28,21,
-41,15,
-30,-21,
-34,-54,
0,2,
31,10,
43,19,
35,32,
40,26,
33,39,
33,22,
7,-32,
-16,-57,
-24,-43,
-2,-58,
-11,-31,
32,9,
6,-36,
10,-20,
-22,10,
-3,62,
-22,51,
-74,-33,
18,-45,
16,-36,
-10,20,
-47,62,
1,25,
24,6,
30,15,
10,20,
-5,42,
25,1,
38,-7,
-7,-10,
-24,-27,
-16,-42,
-193,-666,
-887,-4288,
-1314,-7889,
-448,-8164,
1160,-7776,
1186,-511,
509,3130,
456,1708,
1478,93,
2333,290,
1692,870,
477,727,
-73,304,
-39,179,
58,282,
85,219,
98,160,
382,-5,
538,-55,
511,-2,
381,-12,
-39,-293,
-388,-299,
-396,170,
-290,381,
-98,416,
-80,259,
-4,189,
64,98,
193,-27,
46,-53,
-52,22,
-37,192,
46,364,
224,75,
195,37,
112,230,
-70,302,
-224,296,
-247,114,
-289,73,
-202,238,
-119,346,
-98,286,
-99,154,
32,55,
52,39,
-8,-58,
-66,-193,
-103,-506,
46,-156,
37,-17,
65,61,
-55,188,
-68,222,
-93,163,
-137,145,
-91,44,
-52,28,
-75,131,
30,232,
93,183,
120,103,
122,89,
144,71,
285,104,
218,57,
54,42,
-131,25,
-203,40,
-218,40,
-97,44,
-2,53,
106,80,
146,140,
-5,198,
-51,278,
-145,218,
-193,95,
-166,-25,
-126,-20,
-122,49,
-98,90,
-27,51,
8,56,
7,93,
10,100,
-34,104,
-100,153,
-124,165,
-109,100,
-57,101,
-24,82,
-53,99,
-49,106,
4,78,
4,11,
7,32,
34,-6,
12,10,
26,36,
-32,138,
-28,179,
-49,103,
-34,62,
-93,77,
-88,115,
-71,86,
-67,39,
-83,50,
-36,11,
3,61,
48,4,
44,53,
0,79,
-30,40,
-36,37,
4,109,
-30,102,
-79,59,
-75,79,
-26,39,
-88,72,
-83,90,
-83,122,
-17,130,
-25,110,
-35,105,
-10,106,
21,81,
78,29,
46,38,
13,87,
-9,89,
-84,93,
-39,153,
14,73,
-65,133,
-43,93,
-32,70,
17,35,
-69,77,
-35,44,
18,36,
35,30,
-5,41,
-45,64,
-20,39,
-9,24,
-24,89,
-75,92,
0,102,
-37,77,
-45,25,
-42,58,
11,7,
-51,8,
-29,52,
-31,74,
00>
_________________________________
00>
_________________________________
Sequence Number: 156
00>
00>
Printing STS0 CIR
00>
00>
_________________________________
00>
-12,-44,
-18,2,
-11,30,
-29,23,
-33,9,
-46,-34,
-61,-118,
-48,73,
-17,63,
-9,26,
2,-101,
56,1,
-41,3,
12,77,
-3,4,
-34,-49,
-34,-55,
49,-30,
39,28,
-35,53,
-6,42,
63,-4,
38,32,
-36,-2,
-98,49,
-50,67,
-8,-30,
15,-33,
39,-3,
52,-16,
49,-4,
43,44,
120,14,
-5,2,
-17,51,
17,17,
-1,26,
2,4,
20,-57,
73,-41,
1,-28,
-11,-10,
-19,-9,
37,87,
-28,48,
-15,44,
2,29,
2,14,
-9,41,
-8,38,
52,14,
110,23,
19,0,
-26,0,
-18,25,
-10,23,
16,22,
36,-6,
73,-90,
49,-41,
18,48,
-7,-12,
4,28,
-9,14,
-1,39,
-6,17,
20,61,
13,84,
25,-6,
58,5,
80,99,
11,49,
75,13,
16,-17,
-45,-55,
-11,36,
-11,31,
0,-28,
-6,9,
29,-32,
43,-38,
33,-37,
-36,-29,
5,28,
6,4,
7,-42,
-23,-10,
-34,41,
-21,-32,
-34,-13,
61,-30,
5,22,
17,15,
76,8,
21,-12,
-28,-26,
-27,17,
-26,26,
14,30,
84,17,
38,-49,
32,42,
-26,45,
12,19,
-59,34,
-46,-19,
14,-7,
47,-45,
58,-41,
46,-22,
68,24,
67,24,
20,6,
-1,-2,
0,-23,
-9,-12,
-46,-11,
-7,50,
34,65,
-17,11,
-29,-1,
-45,-53,
54,-16,
101,-37,
65,-129,
-14,-12,
75,63,
64,47,
58,-45,
6,-40,
3,-32,
47,18,
65,26,
69,-25,
59,10,
90,-19,
49,-6,
-29,-8,
-5,33,
-19,-1,
29,30,
-17,25,
-5,9,
62,8,
14,-4,
23,-24,
-8,-38,
-35,-18,
8,-31,
33,24,
-10,48,
-11,0,
35,-47,
-80,34,
2,14,
17,1,
44,28,
32,28,
70,24,
-39,-41,
-43,-27,
10,8,
26,5,
61,31,
30,16,
44,-17,
69,-5,
-4,-21,
60,-29,
56,-2,
4,-28,
33,54,
-9,64,
-41,13,
-18,23,
53,-60,
55,-16,
36,9,
19,14,
15,-20,
-17,-6,
-47,7,
56,90,
66,-14,
10,-5,
16,-15,
82,14,
86,-24,
44,-43,
5,2,
83,3,
33,-35,
12,-10,
-3,-3,
9,32,
21,58,
66,33,
4,7,
-62,-49,
-26,3,
19,34,
26,53,
11,-21,
4,19,
-40,7,
-1,-17,
52,-43,
65,25,
-17,-5,
16,-22,
32,25,
36,-42,
-42,-29,
-2,-8,
24,20,
47,23,
7,-14,
55,-109,
54,-3,
-6,69,
11,36,
15,-8,
5,11,
-69,-8,
-50,-6,
-8,-5,
26,55,
-2,14,
18,28,
20,14,
-46,-24,
39,-10,
45,37,
95,48,
-38,42,
-38,55,
18,23,
47,-22,
6,-4,
-6,26,
-17,0,
60,-29,
38,16,
-16,25,
-21,34,
-51,6,
14,-45,
71,-15,
64,43,
-2,29,
-23,-47,
52,-18,
18,0,
11,-56,
-40,-48,
-63,-55,
41,-6,
5,10,
40,-27,
22,-11,
-7,3,
41,21,
51,-1,
106,-67,
82,-5,
52,47,
15,25,
-67,33,
13,37,
11,6,
49,32,
54,47,
87,28,
2,-16,
8,-25,
0,53,
4,39,
-6,45,
7,45,
37,-15,
-15,1,
41,10,
14,-16,
-4,-14,
73,-53,
86,-15,
83,-10,
71,24,
37,29,
9,-20,
-44,-16,
-1,-12,
17,-26,
15,2,
59,23,
41,8,
61,-76,
-36,-48,
36,-21,
-9,-8,
50,22,
35,-44,
-30,-15,
-23,40,
-47,-69,
-35,-28,
-26,6,
-35,24,
-24,26,
-8,26,
5,2,
74,32,
82,54,
-15,38,
-25,7,
-11,8,
19,-53,
83,-30,
51,-10,
-2,10,
-33,2,
-38,-16,
15,-37,
1,-9,
-1,-5,
20,19,
9,7,
-28,-27,
8,-37,
12,-84,
-40,-15,
70,77,
103,38,
18,-31,
-77,-21,
-11,5,
-9,-73,
10,33,
-19,15,
-3,-36,
25,-4,
30,-18,
44,62,
83,-69,
108,-59,
92,-59,
36,-24,
-25,-31,
28,11,
-74,67,
-67,-7,
-25,-42,
-62,-28,
1,8,
-19,-3,
57,6,
82,-1,
448,435,
2086,2931,
3380,7157,
2309,7847,
-91,5978,
-2099,-1279,
-2094,-5065,
-1482,-5483,
-1626,-6598,
-1339,-7625,
-414,-6884,
217,-2794,
159,-42,
-129,558,
-153,214,
-65,50,
-36,57,
-103,126,
-177,152,
-169,89,
-45,238,
132,300,
228,487,
292,321,
262,57,
63,-25,
-126,9,
-346,300,
-366,388,
-436,554,
-263,303,
32,-11,
226,-4,
261,135,
-14,64,
-50,93,
-135,148,
-320,11,
-430,-175,
-63,-325,
320,-297,
428,-161,
337,29,
217,128,
139,72,
65,82,
-26,122,
-55,175,
-70,149,
-12,289,
-25,218,
-65,149,
-92,300,
-82,90,
-13,22,
-35,-113,
-44,-163,
-35,-37,
94,53,
97,66,
-16,-35,
12,-44,
-57,-112,
-48,-90,
14,-57,
17,-146,
66,-79,
30,-54,
148,18,
123,61,
-51,32,
-170,-29,
-60,26,
10,44,
6,137,
-65,9,
-78,-89,
-25,-152,
63,-56,
45,36,
-7,18,
53,-132,
205,-152,
78,-2,
-98,16,
-81,-11,
-39,-48,
-38,-101,
-33,-90,
22,-21,
29,62,
1,47,
28,-1,
-4,46,
-37,8,
-26,-21,
-68,-49,
-58,28,
-71,27,
-20,-5,
-18,4,
7,-11,
76,36,
35,0,
-3,-16,
-56,1,
-31,9,
7,19,
64,-16,
23,48,
-30,44,
-9,19,
32,25,
40,65,
9,-14,
72,18,
24,60,
71,60,
85,-3,
68,46,
60,-23,
8,-6,
1,-12,
18,1,
-6,16,
69,74,
-14,36,
52,16,
25,-49,
-20,-59,
-11,19,
0,18,
18,-14,
13,-5,
-22,-84,
-89,-58,
-44,8,
-16,-9,
68,-8,
70,12,
43,35,
11,-16,
4,30,
-11,17,
40,0,
61,-56,
-22,20,
60,-7,
10,-36,
34,-71,
35,6,
18,-20,
35,48,
5,-46,
28,-46,
00>
_________________________________
00>
00>
Printing STS1 CIR
00>
00>
_________________________________
00>
74,16,
57,-15,
4,-2,
13,-13,
41,61,
18,-6,
97,-42,
78,25,
61,33,
29,31,
37,-55,
28,-36,
-17,-1,
-35,13,
19,22,
27,-66,
46,34,
-23,30,
32,28,
56,-27,
30,-33,
22,5,
52,-24,
72,12,
17,18,
-22,58,
29,-17,
35,-70,
96,-8,
77,7,
110,7,
93,-13,
45,8,
12,40,
49,60,
44,-20,
63,-14,
62,-19,
2,68,
33,19,
15,-8,
25,31,
-11,49,
-41,32,
25,10,
9,37,
-9,42,
11,32,
36,-8,
6,35,
-12,-9,
4,-31,
24,-23,
28,0,
66,83,
57,43,
-49,52,
-53,41,
0,-26,
2,48,
56,16,
28,62,
53,30,
41,-82,
46,-24,
68,-13,
59,-6,
23,41,
15,67,
15,49,
47,30,
5,29,
-25,17,
12,-13,
7,30,
-1,0,
14,49,
36,11,
50,-61,
83,34,
21,29,
-7,-10,
-64,-10,
2,-34,
34,9,
-25,-20,
13,-2,
24,-13,
30,-3,
80,-15,
24,9,
-16,-23,
34,0,
32,-60,
87,47,
77,12,
33,10,
-2,-14,
26,20,
39,11,
61,-2,
-7,20,
-11,51,
17,41,
-34,-9,
6,47,
11,37,
20,31,
42,-40,
0,21,
81,36,
43,-44,
-10,-42,
33,-31,
58,-61,
20,6,
72,-20,
44,-36,
34,69,
9,53,
-18,48,
-41,-6,
-24,-9,
4,46,
-10,11,
-39,-23,
1,0,
28,36,
35,16,
12,26,
39,-62,
13,-10,
17,20,
-11,46,
27,10,
45,51,
51,-2,
24,85,
48,67,
17,26,
36,9,
15,20,
45,-30,
36,10,
56,13,
43,8,
-9,7,
10,3,
-29,-60,
-24,-61,
-12,41,
49,29,
6,-17,
13,16,
0,-51,
-16,-25,
45,13,
38,39,
-10,41,
53,8,
76,-24,
39,-64,
21,-9,
17,17,
23,28,
25,54,
2,85,
4,70,
-38,34,
12,-19,
5,38,
17,11,
-33,2,
-51,26,
36,63,
73,60,
-18,6,
-6,-10,
16,29,
19,-19,
31,-83,
-12,-19,
25,-38,
24,27,
9,20,
15,26,
8,29,
-20,-66,
-27,-48,
-1,39,
-22,64,
6,-26,
53,-29,
25,28,
32,53,
0,55,
33,-46,
38,-19,
-22,58,
15,-22,
6,-45,
11,-17,
-12,-7,
56,33,
52,-14,
94,5,
23,-45,
18,-46,
3,-8,
64,-6,
50,37,
-33,33,
10,-22,
23,20,
-30,40,
-4,-10,
17,18,
28,36,
36,24,
74,-19,
23,-9,
-17,-53,
-77,4,
1,-9,
62,7,
60,5,
41,22,
12,65,
50,94,
3,9,
16,-25,
7,-26,
6,-18,
-15,-4,
-14,9,
26,-8,
-40,-26,
-3,-3,
-7,-16,
38,-32,
39,1,
44,13,
-1,10,
12,55,
1,68,
6,12,
79,1,
78,-46,
45,-38,
30,-41,
-6,-19,
18,12,
26,-28,
35,-69,
94,-52,
33,19,
29,20,
37,37,
29,4,
21,-64,
35,-71,
4,-31,
24,36,
44,45,
118,45,
94,56,
44,40,
72,-21,
27,14,
-3,-58,
50,-12,
87,-31,
39,-4,
9,42,
44,41,
21,32,
28,14,
18,34,
60,13,
93,22,
67,6,
69,-30,
49,16,
40,-14,
12,54,
24,43,
-16,-4,
-11,-6,
-10,-6,
13,45,
15,84,
-9,60,
-16,3,
15,29,
43,7,
84,-40,
75,-9,
90,-31,
-17,-49,
5,-30,
64,-20,
76,22,
97,1,
19,-13,
37,-7,
25,20,
29,75,
39,26,
-6,-20,
26,-55,
-22,-26,
-88,6,
-27,-11,
-25,13,
-23,36,
-8,17,
-54,44,
88,102,
-11,84,
71,44,
55,30,
24,-6,
10,-13,
42,23,
57,-2,
26,-50,
-19,-7,
-26,-1,
16,4,
83,30,
51,10,
70,-3,
31,-9,
38,-9,
58,-61,
88,-59,
114,18,
26,-5,
40,-7,
-17,-7,
-4,72,
-17,37,
15,-43,
10,13,
22,40,
31,-17,
45,-44,
35,29,
37,80,
44,65,
68,-81,
22,-21,
-3,24,
-22,-41,
-7,-1,
-8,20,
38,24,
369,386,
2007,2507,
4176,6610,
3847,7619,
2318,7103,
213,1357,
384,-1044,
1887,190,
3529,2675,
3497,3221,
1935,1900,
392,631,
-270,-38,
-338,-293,
-195,-284,
-68,-116,
-84,-139,
59,-300,
394,-303,
439,-221,
283,-142,
-179,-32,
-225,-146,
-330,-428,
-422,-704,
-487,-650,
-305,-502,
163,-387,
457,-359,
437,-289,
296,-230,
165,-37,
90,134,
37,142,
-101,1,
-172,-18,
-142,-250,
-20,-284,
33,-119,
97,-118,
-80,-80,
-296,-116,
-376,-141,
-165,-79,
-80,19,
-40,42,
-32,72,
-94,29,
-147,60,
-288,13,
-238,-19,
-39,-36,
57,-57,
70,-34,
-1,-32,
-39,-102,
-35,-95,
-30,-46,
-68,44,
-96,22,
-31,-32,
-84,-20,
-38,-45,
-54,-94,
-26,-170,
-186,-222,
-57,-149,
109,-105,
246,-154,
148,-152,
-18,-79,
-188,36,
-239,141,
-200,17,
-148,-32,
-131,-107,
-114,-146,
20,-168,
49,-140,
-36,-80,
-127,-164,
-100,-306,
101,-152,
56,-60,
-25,50,
-59,-4,
-41,-134,
-12,-94,
-51,-141,
-92,-81,
-48,-66,
14,-104,
24,-81,
-15,-65,
-41,-60,
-57,-59,
-56,-62,
-54,-124,
39,-74,
40,-48,
-52,-127,
-42,-122,
-118,-46,
-139,-119,
-57,-59,
-35,-71,
-111,-55,
-75,-58,
-32,-75,
-24,-89,
-19,-90,
-58,-85,
-20,-64,
-115,-46,
-91,-53,
-22,-58,
-97,-125,
-10,-77,
-23,-46,
-8,-16,
-39,-56,
-77,-97,
-74,-138,
-12,-72,
2,-51,
-61,-39,
-36,-53,
38,-72,
3,-49,
-29,-139,
-41,-89,
-87,19,
-98,-40,
-59,-86,
-13,-44,
-50,-103,
-86,-78,
-78,-57,
-68,-43,
-21,-89,
53,-69,
-6,-20,
-51,-13,
-34,-34,
-7,-73,
-45,-147,
-14,-37,
-29,-39,
-126,-68,
-55,-79,
-69,-64,
-72,-59,
-129,-79,
-30,-72,
-42,-11,
00>
_________________________________
00>
RX Timestamp: 159755997243
00>
Clock Offset: 2116.299 Hz, -0.265 ppm
00>
RX Timestamp: 160831055676
00>
Clock Offset: 1803.875 Hz, -0.226 ppm
00>
_________________________________
Sequence Number: 32
00>
00>
Printing STS0 CIR
00>
00>
_________________________________
00>
-5,-57,
-31,6,
-13,-23,
15,-42,
61,16,
70,6,
27,37,
77,-44,
25,2,
-12,-15,
-39,67,
-48,-30,
-3,-39,
56,-18,
1,-23,
-24,-49,
23,7,
83,19,
71,29,
44,57,
-84,-15,
-75,30,
-45,12,
2,-2,
-35,-13,
-44,-40,
-36,-10,
-38,-22,
-33,-3,
-7,1,
25,28,
47,16,
26,-20,
-19,29,
-11,8,
-33,-52,
16,-12,
-10,-25,
31,-6,
32,-31,
-51,3,
-20,2,
0,65,
-33,22,
-50,57,
-22,6,
-2,4,
22,-2,
-37,-15,
46,-12,
41,0,
36,15,
11,43,
53,-78,
43,-53,
6,-49,
-29,-20,
-14,-18,
-4,-36,
5,4,
26,-15,
11,-28,
53,26,
62,12,
-11,1,
-55,-8,
-27,-55,
-1,-66,
23,42,
42,71,
97,72,
89,49,
-16,-44,
-17,21,
22,8,
82,-6,
39,21,
15,1,
22,21,
2,-10,
19,-48,
-3,49,
42,54,
87,-4,
-17,4,
17,48,
-43,34,
30,57,
54,27,
34,8,
8,-5,
32,10,
-36,44,
-24,35,
-11,-17,
27,-51,
-46,-61,
-47,-56,
-14,-4,
60,-61,
81,-13,
78,-25,
26,-11,
-4,18,
5,80,
24,54,
28,-27,
-13,23,
-68,13,
-29,7,
32,-8,
15,12,
67,-40,
18,19,
23,38,
-36,-50,
-8,-47,
24,41,
59,45,
35,35,
-2,-50,
58,18,
51,32,
21,57,
8,26,
-19,-32,
-6,40,
-39,1,
-78,-23,
-44,44,
-76,32,
-67,-24,
31,-18,
45,52,
74,73,
101,72,
21,86,
40,19,
0,-12,
20,15,
6,40,
46,76,
52,27,
70,-27,
158,1,
197,-1,
205,30,
74,26,
-102,-17,
-153,-3,
-160,-11,
-133,-22,
-129,-13,
-105,-75,
-65,26,
-9,79,
74,31,
60,9,
67,5,
29,59,
46,91,
-22,1,
-83,18,
-37,-10,
-19,42,
78,40,
62,87,
54,32,
109,40,
78,64,
26,30,
-67,42,
-12,1,
56,10,
35,-15,
-17,-63,
17,26,
40,-7,
128,56,
37,50,
20,-50,
7,15,
5,22,
14,-13,
-48,-22,
-15,-35,
-61,55,
-64,-25,
22,54,
49,7,
51,43,
71,63,
77,39,
-11,-43,
-18,-1,
42,10,
-11,16,
-72,13,
-61,9,
-61,-21,
30,-27,
-4,-20,
11,-35,
-31,-11,
0,-20,
48,-4,
61,-15,
-4,35,
-30,-70,
-74,-15,
-35,29,
-53,56,
-11,32,
-12,75,
68,12,
149,18,
65,12,
33,-27,
9,54,
50,3,
39,20,
36,23,
-6,28,
7,-24,
114,5,
16,27,
20,24,
13,0,
-19,-22,
-27,-20,
35,-8,
24,16,
11,-23,
-2,2,
55,-20,
-5,-39,
-25,-45,
-18,-44,
28,-4,
22,-27,
49,32,
63,-4,
35,-4,
27,-34,
16,42,
9,32,
-2,60,
14,-3,
-12,-3,
21,15,
1,37,
-48,-7,
29,-15,
25,-5,
7,-5,
-8,120,
20,147,
36,28,
38,23,
21,-50,
29,-30,
130,-32,
75,-11,
39,2,
2,-32,
-27,3,
-24,17,
-26,12,
-5,-31,
-30,-46,
9,1,
25,4,
57,90,
58,39,
14,65,
4,16,
2,12,
-48,-7,
-34,-2,
-15,-87,
-2,-64,
-2,-75,
2,-47,
-11,-20,
46,77,
42,37,
-27,41,
-9,-15,
16,40,
74,5,
63,26,
43,58,
-14,38,
-60,-24,
-48,15,
10,37,
-39,14,
-55,51,
25,-52,
49,-10,
88,24,
-10,39,
-27,14,
28,-28,
22,-106,
35,-49,
-15,-38,
29,84,
18,39,
98,7,
4,-39,
1,35,
-2,56,
-2,-14,
9,-125,
59,-66,
23,-19,
-50,46,
46,20,
37,25,
53,25,
-25,42,
-25,-8,
39,28,
80,77,
77,57,
19,42,
11,-14,
-47,-87,
-67,-47,
-13,34,
53,78,
42,-20,
32,-58,
-15,-36,
-9,39,
23,91,
76,25,
39,-5,
26,-10,
40,-24,
-61,-23,
-10,-27,
-14,30,
-2,1,
-46,18,
-51,26,
32,31,
13,30,
1,53,
-93,-114,
-213,-824,
-240,-4391,
1263,-7861,
2769,-7821,
3410,-4032,
1017,2641,
-1271,5392,
-1938,5579,
-2500,6681,
-3192,7095,
-3229,5733,
-1407,2029,
73,102,
510,-238,
265,-72,
93,14,
170,-52,
373,-160,
361,30,
329,64,
395,-291,
2,-355,
-81,-482,
-144,-350,
-197,-61,
-27,-2,
297,122,
739,-104,
843,-104,
719,-111,
263,-147,
-115,-192,
-280,-151,
-33,-110,
82,-45,
90,-19,
274,-90,
375,280,
243,528,
-149,411,
-470,48,
-412,-172,
-308,-228,
-57,-194,
-99,-153,
-7,-82,
117,-122,
184,-125,
279,-67,
158,-229,
141,-104,
96,-88,
195,-253,
79,-48,
20,-1,
42,159,
70,183,
68,96,
8,0,
-45,-90,
-78,6,
13,21,
75,67,
50,71,
-52,106,
-181,53,
-84,-47,
-58,-63,
-77,-188,
71,-47,
61,66,
71,152,
79,107,
88,39,
127,-44,
137,33,
16,122,
-107,80,
-74,-23,
2,-44,
-24,-11,
-193,75,
-151,17,
-72,-25,
88,-73,
160,58,
103,35,
53,63,
5,31,
61,63,
49,14,
-24,-52,
-15,-22,
57,13,
-2,30,
-16,37,
12,35,
35,16,
10,0,
-93,-32,
16,-50,
35,-48,
-9,-5,
-34,9,
-32,-31,
89,11,
67,46,
15,-33,
-66,0,
33,-8,
42,-9,
44,-14,
33,-59,
1,-56,
-57,42,
-58,24,
-114,-44,
4,-36,
71,-66,
28,-22,
-11,-42,
48,-10,
66,-16,
32,-30,
10,-64,
10,-57,
-1,-24,
23,47,
-21,3,
15,-13,
56,-20,
107,-17,
59,-63,
-31,24,
-58,71,
-21,30,
5,41,
-21,58,
-12,87,
-35,37,
-26,-100,
56,-91,
67,-39,
75,14,
-49,-28,
-55,-38,
19,-6,
70,10,
12,-4,
-46,19,
-66,-23,
-21,-81,
-71,-54,
-71,-6,
-96,-49,
52,-66,
-28,23,
-2,48,
-18,16,
30,-2,
-5,-44,
00>
_________________________________
00>
00>
Printing STS1 CIR
00>
00>
_________________________________
00>
15,45,
12,25,
58,19,
28,-50,
31,-5,
-13,36,
-12,84,
-40,85,
-65,88,
-4,17,
18,3,
35,43,
55,33,
51,-5,
50,-36,
-6,37,
-47,-14,
-40,16,
-8,9,
38,-14,
39,47,
18,48,
-46,3,
-68,11,
-110,25,
-15,43,
36,55,
52,5,
-22,59,
-12,1,
-37,10,
6,-30,
-64,17,
-48,16,
12,-13,
76,-29,
-10,20,
-47,44,
-32,68,
-25,31,
-47,85,
-27,22,
39,36,
82,29,
83,25,
-12,-17,
-9,-5,
-33,62,
-27,33,
-18,36,
61,51,
15,19,
32,2,
49,-3,
81,110,
-1,49,
-22,7,
-56,31,
-22,-46,
-13,-17,
72,-8,
39,-46,
-14,30,
-32,22,
23,10,
38,8,
19,11,
24,49,
-24,5,
-43,4,
30,114,
26,131,
39,54,
53,-18,
-37,16,
24,58,
-14,64,
-55,-13,
-2,-18,
13,10,
9,-1,
6,31,
24,-10,
-30,31,
-8,35,
-51,38,
20,26,
28,-19,
14,-57,
18,7,
2,18,
-17,49,
2,66,
22,-23,
26,-28,
-38,2,
-72,60,
-82,15,
-62,-26,
-17,-26,
3,36,
40,-21,
37,-13,
7,-57,
50,-13,
35,71,
27,5,
-10,-6,
-12,22,
9,6,
52,31,
0,10,
46,24,
87,43,
68,13,
22,13,
34,60,
45,-3,
72,-22,
35,19,
68,-3,
54,8,
33,27,
33,-42,
-11,-8,
5,16,
9,8,
75,8,
27,4,
-32,-1,
18,-3,
43,4,
32,4,
-5,38,
13,14,
-16,39,
27,60,
23,6,
22,-52,
41,36,
52,54,
33,21,
13,-30,
26,61,
-3,35,
40,59,
12,-2,
5,82,
57,37,
-6,49,
-7,42,
-35,-45,
-19,-43,
-36,69,
19,12,
-18,-41,
-21,10,
52,2,
48,-20,
18,8,
-38,-3,
-43,51,
-16,4,
72,0,
19,0,
25,-64,
4,-107,
25,-64,
49,-57,
50,19,
-13,29,
-18,31,
62,36,
-6,23,
26,-33,
17,25,
54,8,
106,11,
42,7,
99,57,
0,79,
-20,30,
-6,7,
37,25,
45,-25,
47,-33,
-3,23,
42,-26,
-34,44,
24,53,
74,-38,
12,-27,
23,-45,
16,-24,
47,6,
37,24,
65,-3,
42,-26,
18,-65,
19,93,
62,59,
95,11,
49,24,
79,16,
61,9,
26,-11,
-52,36,
-29,-8,
25,-7,
42,-6,
21,10,
-26,-95,
-49,-9,
-82,24,
-13,34,
53,-25,
52,-2,
-17,2,
6,0,
16,2,
42,-48,
33,-95,
51,-16,
42,22,
63,7,
115,42,
97,65,
-6,41,
-15,-16,
-33,21,
51,35,
99,14,
41,31,
28,7,
8,-8,
10,39,
14,26,
17,28,
16,0,
56,16,
5,61,
-16,-27,
43,10,
59,-27,
7,-10,
31,-7,
49,9,
37,-28,
15,-72,
4,-26,
10,-1,
24,-28,
75,31,
-1,33,
6,-10,
19,-39,
35,-50,
3,13,
23,20,
26,-20,
64,-36,
58,-45,
72,-30,
-14,-45,
-58,-56,
-49,46,
10,-47,
-24,10,
-4,-29,
66,-45,
6,41,
27,63,
-10,51,
31,-2,
10,-13,
-11,26,
34,11,
-17,-17,
31,21,
23,29,
33,-20,
18,7,
-23,3,
-14,6,
8,32,
15,35,
42,64,
79,23,
27,15,
4,-33,
-7,-14,
15,27,
-20,50,
-31,39,
13,6,
-19,5,
-43,24,
19,34,
57,-16,
96,-22,
57,-14,
15,-13,
5,-1,
-43,39,
45,-15,
16,33,
41,23,
100,86,
-12,90,
-40,24,
47,46,
54,88,
29,28,
13,-4,
1,37,
0,73,
22,43,
-11,51,
-9,39,
44,29,
4,-103,
-2,9,
-21,17,
-92,29,
-46,26,
11,29,
64,27,
21,25,
-48,-28,
12,-18,
-36,-44,
1,-4,
92,-16,
27,31,
16,38,
32,93,
75,36,
18,24,
26,48,
-13,15,
-3,8,
26,83,
-1,82,
0,39,
12,-60,
61,-31,
29,16,
59,-6,
14,38,
-26,70,
-57,-45,
-149,-957,
84,-4814,
945,-7898,
1991,-8090,
2417,-6102,
354,-176,
-1059,680,
-1479,-2476,
-1426,-5181,
-943,-4723,
-320,-2288,
64,-438,
246,329,
146,468,
6,287,
-15,150,
-41,139,
-265,251,
-462,17,
-406,-83,
-89,-5,
209,132,
131,365,
-63,651,
-28,799,
49,817,
-89,592,
-375,248,
-528,42,
-476,30,
-254,79,
-89,-29,
-52,-225,
14,-191,
3,33,
46,70,
60,363,
-11,242,
-72,86,
-27,102,
92,166,
151,256,
135,284,
37,128,
7,46,
125,17,
149,30,
181,20,
239,132,
285,239,
135,110,
29,46,
120,-8,
62,-22,
67,32,
101,121,
72,165,
88,172,
155,76,
67,98,
7,135,
-31,93,
-27,145,
-53,65,
-38,172,
-27,288,
-25,47,
-113,-35,
-289,13,
-195,54,
-46,149,
149,36,
211,57,
101,143,
50,244,
105,241,
25,214,
-107,135,
-111,107,
-58,133,
-43,257,
-89,241,
-128,36,
-43,11,
33,51,
57,65,
36,89,
20,183,
-65,152,
-38,93,
8,123,
17,86,
-20,134,
1,131,
12,96,
12,173,
25,176,
11,167,
30,27,
72,42,
96,137,
45,172,
8,187,
-10,208,
31,74,
103,154,
98,219,
59,172,
71,130,
5,65,
-8,124,
29,131,
13,160,
68,149,
73,65,
58,37,
-93,54,
-27,98,
-36,47,
-14,31,
28,81,
32,112,
23,188,
-8,99,
-37,5,
-61,52,
10,128,
19,68,
-8,103,
2,184,
97,58,
54,35,
14,58,
-17,58,
29,63,
25,212,
4,151,
-1,173,
-5,125,
23,64,
-18,53,
5,94,
23,23,
50,8,
40,39,
-28,23,
-1,-9,
30,3,
39,57,
37,93,
-32,120,
5,124,
0,154,
11,147,
-7,75,
30,46,
36,42,
12,145,
42,109,
10,51,
25,45,
00>
_________________________________
00>
_________________________________
Sequence Number: 35
00>
00>
Printing STS0 CIR
00>
00>
_________________________________
00>
4,1,
-22,-77,
32,4,
77,66,
-56,-39,
-139,-34,
-54,-34,
-29,-56,
11,-90,
16,-70,
10,36,
-17,13,
-8,-31,
-56,-94,
-36,-13,
-17,-64,
-24,23,
-28,26,
75,21,
20,14,
-27,-63,
-104,-18,
-116,3,
-96,-19,
11,-52,
-43,8,
-27,-37,
-23,22,
18,21,
-10,-20,
-12,-56,
21,-79,
108,-7,
52,11,
-22,28,
-114,8,
-30,-23,
4,-1,
-14,-37,
-19,-46,
46,14,
-97,-5,
-39,-36,
-8,14,
37,24,
-66,79,
-72,-56,
-2,-6,
17,58,
-17,41,
-45,-4,
10,-44,
-9,-32,
-67,-22,
-28,-57,
-32,10,
-21,59,
-36,33,
-9,44,
-10,24,
10,47,
-25,29,
-49,28,
84,55,
20,8,
-58,32,
-21,-7,
7,67,
27,57,
-50,-16,
27,-51,
43,12,
23,83,
8,13,
-89,-51,
20,-85,
25,-43,
6,-28,
1,-64,
-4,-16,
-52,53,
-28,43,
-103,64,
-34,16,
-54,-79,
-80,-7,
20,33,
26,13,
9,12,
1,39,
-53,31,
-29,44,
6,41,
39,-16,
-19,57,
-64,-3,
-61,68,
13,45,
-40,9,
-42,-8,
12,94,
18,7,
-87,2,
-30,-56,
-32,-58,
-52,87,
-71,79,
-61,6,
-41,39,
24,85,
-9,58,
18,-6,
13,51,
-21,14,
-4,11,
-11,19,
-13,-12,
-62,32,
-77,-39,
-90,-73,
-47,31,
39,-20,
83,-29,
3,-38,
-102,-94,
-72,-24,
2,9,
20,59,
-19,15,
-15,-16,
64,-41,
41,26,
-48,22,
-45,37,
-77,-9,
-49,7,
27,5,
22,12,
-18,6,
-51,-23,
-29,-40,
22,66,
-41,37,
-58,12,
13,8,
-4,59,
-5,47,
-37,-73,
27,42,
41,20,
57,70,
-6,74,
47,27,
66,70,
79,-10,
16,30,
3,35,
-20,18,
23,11,
-19,-16,
-14,27,
-28,4,
-8,-28,
-107,-97,
-33,12,
-69,0,
-22,-32,
12,29,
61,54,
18,-1,
9,-6,
36,53,
73,45,
-7,-19,
-15,-4,
9,7,
7,5,
-2,-15,
50,9,
-6,-63,
74,-88,
34,-85,
-34,-59,
4,29,
55,25,
43,5,
-16,-9,
-20,-81,
19,-15,
27,63,
-42,75,
1,43,
22,30,
5,17,
-28,-1,
-12,70,
-20,51,
-57,43,
-95,42,
-94,-17,
-36,-2,
-9,49,
30,-40,
31,-44,
-2,-23,
26,-7,
26,-49,
-12,-86,
66,17,
10,3,
-19,-47,
-34,-45,
12,-18,
-29,14,
-52,16,
-52,53,
-20,12,
-7,-16,
2,-19,
-8,-42,
3,34,
1,54,
22,-10,
-39,-6,
30,-1,
6,46,
6,-51,
31,16,
13,49,
65,35,
78,44,
-2,34,
-99,-15,
-54,-54,
4,-50,
50,17,
48,64,
44,27,
14,65,
-36,12,
-5,2,
3,3,
64,33,
23,36,
23,-4,
-25,-24,
-18,47,
-10,-9,
-22,-35,
18,2,
48,-15,
0,10,
-91,34,
-62,38,
75,22,
110,-81,
119,-36,
10,-39,
-48,-34,
-3,-10,
4,-70,
-28,-17,
32,-43,
1,30,
34,40,
15,-29,
-33,-26,
78,21,
54,12,
23,35,
-120,-4,
-76,-52,
-19,-3,
-13,60,
-38,-35,
-1,-39,
84,-9,
33,36,
-26,36,
46,12,
12,47,
39,-6,
18,-47,
56,-16,
40,25,
17,20,
1,54,
59,50,
35,-7,
53,30,
84,57,
54,34,
14,35,
38,-18,
62,24,
-73,48,
27,-10,
-57,24,
11,23,
104,-38,
42,-54,
87,-25,
-13,-45,
14,-33,
23,19,
-30,66,
-2,29,
-11,0,
38,-31,
90,28,
54,-11,
28,-3,
-13,38,
8,-15,
21,-38,
24,-94,
7,10,
33,-7,
-12,-78,
-29,34,
-62,66,
-27,30,
44,20,
43,-56,
-16,-36,
13,-11,
51,-14,
112,27,
84,-37,
36,-7,
28,-28,
-2,-47,
74,16,
7,25,
-23,39,
-10,-8,
48,0,
12,-24,
46,64,
56,14,
22,37,
13,38,
26,59,
110,13,
-18,-1,
-35,-75,
24,-4,
62,-1,
-17,-12,
-20,-51,
8,-67,
2,4,
-15,41,
-23,62,
58,37,
248,633,
775,2982,
537,6417,
-879,7260,
-2459,4308,
-1879,-384,
211,-1276,
2116,989,
2620,3020,
1949,2971,
1022,1471,
401,149,
30,-432,
-91,-276,
-107,-51,
-80,-62,
-20,-171,
21,-243,
234,-191,
250,-162,
74,-157,
-220,4,
-272,102,
-146,-107,
-11,-298,
23,-341,
100,-275,
240,-449,
493,-474,
415,-355,
221,-30,
36,176,
-75,104,
-89,-29,
-87,-120,
-104,-132,
-34,-216,
58,-66,
188,-27,
241,-9,
224,14,
60,-10,
22,-89,
9,-118,
-16,-123,
-21,-154,
-110,-154,
-171,-163,
-163,-112,
-124,-34,
-60,-73,
-35,-104,
88,-190,
227,-49,
164,-73,
64,-108,
9,-119,
-81,-44,
-68,-22,
-58,-44,
-96,-52,
-80,-18,
-80,-9,
-119,-114,
-58,-46,
-76,-1,
-35,39,
-16,31,
36,-73,
48,-132,
59,-127,
-91,-94,
-70,-82,
-13,15,
19,-6,
-37,-61,
9,-208,
83,-150,
200,-141,
135,-89,
29,-78,
-41,-164,
-33,-189,
5,-18,
125,108,
43,81,
19,-11,
2,-68,
-21,-100,
25,-111,
-32,-110,
15,-77,
-44,-85,
-54,-97,
-50,-69,
-64,-96,
-101,-93,
-87,-87,
3,-51,
26,-19,
-38,-161,
-57,-127,
59,-87,
62,-43,
69,-58,
5,-86,
-138,-115,
-36,-163,
-48,-104,
-146,-121,
-97,-96,
-30,-82,
-59,-105,
7,-32,
50,5,
-55,-44,
-60,-99,
-9,-117,
0,-100,
-31,-99,
-16,-123,
14,-89,
-4,-8,
-36,-28,
-21,-93,
15,-83,
16,-46,
82,-13,
62,-105,
36,-111,
23,-127,
-11,-50,
-25,-106,
-19,-44,
18,-55,
-28,-66,
-37,-86,
-13,-78,
-20,-21,
35,-8,
8,22,
-1,-39,
-12,-44,
-12,-59,
-3,-52,
-51,-19,
-73,-70,
-43,-13,
-24,-59,
-72,-59,
-24,-79,
15,-111,
85,-110,
36,-54,
31,-110,
9,-51,
49,-92,
00>
_________________________________
00>
00>
Printing STS1 CIR
00>
00>
_________________________________
00>
97,-17,
94,6,
73,41,
48,64,
32,97,
50,80,
30,49,
19,-8,
3,-1,
4,75,
-2,111,
-20,121,
22,18,
50,37,
22,-21,
-8,9,
20,22,
1,9,
15,-39,
-22,-28,
-45,-41,
39,12,
66,35,
79,-16,
135,-18,
38,78,
8,43,
9,-25,
41,-8,
17,0,
6,49,
30,43,
27,19,
52,-21,
40,13,
42,-28,
-11,-91,
18,-35,
79,-25,
62,-60,
4,-56,
-49,-33,
4,3,
8,13,
20,27,
8,28,
23,26,
5,75,
7,73,
22,-12,
36,-36,
39,-13,
13,47,
-48,72,
-18,21,
29,-11,
105,30,
43,-31,
1,-27,
29,-63,
-5,6,
-27,-20,
-18,41,
19,72,
23,63,
-43,-12,
-62,0,
41,-65,
77,-42,
116,-54,
131,-31,
68,37,
60,23,
21,-35,
-43,27,
-69,54,
45,45,
69,8,
15,-2,
31,45,
39,41,
58,24,
97,-1,
96,-38,
15,77,
52,-19,
85,28,
69,-18,
0,21,
-51,-27,
-13,-52,
-9,-4,
27,27,
-91,33,
-20,-1,
1,30,
-42,49,
-54,-31,
-74,18,
50,45,
60,6,
53,8,
16,-35,
16,42,
20,-36,
78,-75,
56,1,
-24,50,
7,24,
24,-31,
3,-25,
-14,-31,
60,-65,
63,-37,
55,-17,
53,51,
6,8,
-12,85,
-27,28,
-3,60,
41,12,
90,40,
107,94,
23,123,
28,55,
36,-6,
57,-33,
51,35,
-16,88,
-55,29,
23,25,
-16,-30,
12,-16,
30,33,
41,-23,
4,-36,
49,14,
43,88,
5,44,
-32,-79,
35,-56,
-24,-31,
43,12,
73,-41,
45,32,
36,46,
61,67,
5,106,
154,65,
127,-19,
41,45,
33,32,
73,62,
58,47,
46,-7,
89,9,
50,20,
-24,1,
-57,-54,
4,-51,
28,27,
33,22,
45,-1,
17,-20,
-62,35,
-23,16,
38,26,
60,11,
84,-1,
46,-34,
8,1,
63,61,
20,14,
77,-16,
26,-14,
-48,28,
3,80,
54,-23,
4,-31,
28,6,
24,2,
-51,-53,
-36,13,
-46,76,
-14,22,
79,-79,
7,-39,
-25,27,
-50,23,
-12,-20,
-14,-30,
-17,-32,
-21,28,
17,58,
0,51,
25,16,
-45,22,
42,42,
52,35,
86,42,
-30,1,
8,-111,
58,14,
73,49,
-19,54,
1,36,
23,-19,
30,-4,
-14,87,
57,43,
89,29,
80,9,
-13,14,
-36,7,
-7,-11,
12,-7,
65,25,
20,-36,
34,19,
67,-14,
39,-2,
-2,-11,
-38,48,
-10,19,
77,-11,
33,44,
-46,-14,
-36,-23,
-6,-44,
60,-7,
16,11,
2,20,
54,5,
57,-3,
15,37,
35,26,
73,-13,
22,7,
-32,-84,
-63,-63,
-1,27,
16,68,
63,24,
-51,7,
-52,1,
-14,41,
68,42,
13,89,
-79,36,
-2,35,
-1,36,
-1,-24,
9,-35,
27,34,
8,67,
51,-20,
9,-37,
30,-34,
-29,-5,
-21,11,
41,-14,
-14,1,
10,51,
33,28,
7,78,
42,62,
-8,12,
19,25,
86,20,
114,49,
28,44,
35,72,
51,22,
46,-72,
54,-91,
38,-72,
20,-22,
67,-8,
26,12,
122,-2,
73,55,
-1,51,
-82,72,
22,71,
102,4,
33,93,
-20,135,
-24,35,
-25,14,
17,-33,
65,-27,
-3,43,
-99,21,
-66,0,
83,2,
61,67,
24,25,
66,18,
22,63,
-10,9,
-14,-13,
-82,-27,
-11,8,
30,39,
13,49,
-17,44,
8,13,
35,33,
56,4,
-2,14,
16,62,
32,82,
7,23,
19,-42,
32,-31,
35,20,
-26,64,
4,47,
24,-22,
15,-5,
46,15,
23,6,
-1,36,
32,63,
-41,63,
-97,90,
-3,9,
16,72,
33,-24,
-15,-16,
16,-12,
39,-40,
-71,-37,
14,-13,
26,-10,
14,10,
0,-36,
-35,15,
2,-5,
35,8,
31,77,
-1,84,
-4,22,
-12,-11,
-102,-32,
-35,-39,
0,45,
28,33,
8,13,
-14,30,
-13,7,
-13,65,
-13,18,
-1,-68,
10,-12,
157,560,
493,2810,
668,6462,
9,7697,
-1009,5655,
-1035,575,
-409,-1932,
-412,-1222,
-1034,-91,
-1484,-155,
-1169,-490,
-501,-525,
-88,-265,
26,-121,
-58,-184,
-4,-225,
-131,-112,
-294,6,
-465,-30,
-435,16,
-306,143,
50,299,
242,207,
277,-119,
176,-279,
39,-243,
-11,-120,
8,-94,
-60,-28,
-77,103,
-71,83,
30,-28,
73,-158,
-19,-216,
-38,-127,
-52,-76,
16,-109,
71,-176,
130,-217,
172,-142,
149,-19,
149,-77,
189,-211,
117,-132,
145,-33,
69,11,
15,71,
-23,100,
7,123,
27,226,
14,226,
-55,113,
34,-42,
117,-109,
100,-143,
81,-156,
-4,-90,
46,-44,
3,0,
26,-68,
24,-106,
9,-127,
-93,-72,
-205,30,
-187,33,
-196,-35,
-126,-43,
60,14,
155,26,
170,14,
104,-45,
17,-5,
-6,32,
-30,-1,
-17,-37,
-13,-135,
80,-165,
228,-142,
179,-111,
157,14,
71,58,
148,-39,
165,-74,
46,-59,
51,-78,
71,-43,
19,27,
36,-33,
18,-16,
36,1,
73,23,
37,13,
55,-38,
54,-71,
44,-17,
49,-58,
73,-41,
38,-7,
-14,-11,
-38,30,
18,68,
38,-36,
76,-53,
81,-32,
53,8,
1,-6,
1,46,
31,13,
35,44,
44,-25,
-33,-25,
1,-16,
31,-32,
-11,-46,
-74,16,
0,-1,
83,86,
6,-2,
42,7,
60,-66,
91,19,
63,13,
103,22,
88,1,
48,14,
25,-23,
88,-83,
117,-82,
18,-33,
-43,11,
-36,-6,
10,-1,
60,13,
48,-11,
77,-120,
13,-82,
50,-55,
73,-3,
49,27,
43,25,
28,-17,
23,7,
60,-26,
58,-92,
-35,-61,
-66,23,
-15,38,
19,47,
31,25,
56,-36,
10,29,
34,-23,
6,-97,
-12,-108,
19,-66,
49,-83,
49,-73,
00>
_________________________________
00>
RX Timestamp: 299834142158
00>
Clock Offset: 2276.230 Hz, -0.285 ppm
00>
RX Timestamp: 300908464325
00>
Clock Offset: 2298.546 Hz, -0.288 ppm
00>
_________________________________
Sequence Number: 167
00>
00>
Printing STS0 CIR
00>
00>
_________________________________
00>
31,-4,
-1,74,
59,101,
16,20,
-33,-35,
18,-44,
24,59,
-32,-11,
-30,-75,
26,-67,
54,-12,
-5,-3,
-25,41,
-43,-17,
-22,-8,
15,-73,
69,-33,
-5,-9,
-14,23,
-21,-11,
-26,-81,
-13,-69,
-2,96,
56,40,
12,3,
-32,-39,
-40,-2,
12,-4,
53,-14,
50,-54,
-13,7,
-30,17,
-15,-63,
5,1,
3,69,
33,52,
9,8,
-38,-3,
-28,69,
-43,198,
13,125,
38,77,
52,31,
68,5,
1,8,
-30,42,
-35,6,
-36,1,
-4,37,
29,-39,
-39,-37,
-34,25,
30,15,
38,19,
33,-12,
-64,-28,
-59,-38,
-39,-39,
44,50,
32,35,
47,-55,
-19,8,
-42,33,
-3,-61,
-7,13,
2,-19,
38,10,
98,11,
66,-21,
6,-41,
7,-40,
-43,-96,
-6,-63,
1,-56,
0,-15,
35,30,
38,71,
-42,85,
25,31,
-3,44,
-46,44,
9,93,
-7,109,
-41,-7,
-20,-48,
7,-13,
-35,-19,
17,41,
-13,96,
-42,75,
9,12,
61,19,
57,54,
36,63,
42,18,
-26,-35,
-6,-54,
-4,17,
8,-33,
-45,-72,
-14,-29,
-26,24,
-9,51,
61,47,
67,92,
82,54,
19,-27,
-66,-58,
-35,-17,
21,24,
57,30,
41,-47,
1,-51,
-32,64,
50,40,
51,-52,
44,-52,
-17,-5,
-15,-57,
-70,-99,
-41,-66,
-7,-49,
-50,-25,
-29,40,
24,39,
-33,-7,
-49,-87,
-4,-55,
-4,-11,
87,4,
87,21,
19,14,
-22,2,
-52,-23,
-35,42,
-11,13,
-14,16,
-24,-6,
-10,1,
2,-15,
74,-1,
30,25,
55,-44,
19,-65,
-27,-80,
-33,-80,
-34,-47,
-54,-67,
-30,24,
36,26,
20,-30,
24,-128,
-5,7,
-28,-15,
-34,34,
-49,-27,
-18,-12,
21,-68,
35,-68,
30,-27,
123,5,
42,16,
-22,-29,
-18,32,
-34,49,
-19,5,
99,-82,
96,-113,
18,-56,
56,-63,
-2,-69,
6,0,
18,-49,
15,-42,
-11,-31,
73,-7,
37,-71,
9,-70,
-36,-53,
22,8,
27,-17,
-2,-37,
-92,-48,
-25,-40,
-4,-1,
88,-83,
26,-26,
-19,-17,
-15,-66,
24,-48,
110,-91,
24,-68,
-49,-39,
-15,-107,
7,73,
-83,0,
-43,45,
-20,-36,
-20,16,
12,6,
34,33,
-50,-53,
-44,-13,
-26,75,
82,50,
73,-48,
-12,-89,
-22,-39,
-42,31,
3,-5,
8,-66,
-66,-25,
-13,17,
-26,1,
-44,27,
33,9,
4,0,
36,-3,
20,-38,
-1,3,
43,-26,
14,51,
21,-16,
-2,8,
-62,50,
-62,-60,
-62,-96,
-20,-50,
-28,-18,
-49,-69,
-24,-7,
48,-3,
-27,-10,
-39,31,
-1,-14,
-3,-41,
45,-25,
65,-3,
21,18,
35,3,
48,-80,
7,-19,
-20,-50,
-27,-53,
17,1,
77,-10,
59,15,
5,8,
3,-28,
-8,-85,
8,17,
-59,14,
-50,8,
0,-102,
62,-47,
7,-37,
11,-13,
26,-2,
23,74,
4,38,
-23,-7,
-47,-63,
-3,15,
-20,57,
-6,85,
29,31,
-34,-46,
-58,-12,
-10,-47,
11,-21,
86,-8,
89,42,
-32,2,
-55,-29,
45,35,
42,9,
-5,47,
27,44,
38,13,
11,61,
-39,-46,
30,-96,
3,-84,
-13,-87,
14,-4,
37,31,
11,8,
-38,-99,
-19,-15,
36,74,
37,82,
41,54,
102,-114,
54,-68,
33,38,
-21,90,
32,27,
29,5,
55,-40,
1,1,
-48,-13,
-27,13,
61,-40,
-12,-56,
11,20,
-37,42,
-5,28,
98,20,
85,-66,
-22,-26,
14,16,
-24,-46,
-85,-65,
-21,-43,
-18,-1,
34,15,
109,84,
55,33,
28,29,
-47,-43,
-79,-24,
25,47,
79,11,
28,-14,
16,-46,
-12,-25,
27,5,
-23,-72,
25,-53,
12,-117,
-20,-12,
-14,17,
-37,65,
-35,-55,
-36,-38,
-56,-13,
-1,17,
62,-20,
92,-29,
58,24,
74,32,
25,-17,
26,-45,
9,-131,
-33,-109,
-40,-49,
63,-11,
33,-34,
31,-23,
-15,-24,
35,5,
85,-33,
51,8,
7,-38,
39,-47,
32,-17,
68,44,
232,-145,
1653,-1016,
4927,-2326,
6947,-2038,
5932,-56,
1524,1545,
-1287,515,
-705,-1650,
1219,-3057,
2002,-2923,
1099,-1774,
-26,-590,
-454,85,
-200,206,
46,107,
36,133,
-58,62,
-180,27,
-280,-70,
-229,-211,
-69,-2,
148,196,
205,237,
65,188,
-178,108,
-315,99,
-416,-29,
-554,-235,
-662,-377,
-598,-401,
-258,-213,
64,2,
220,96,
74,52,
-109,59,
-25,148,
-161,120,
-167,37,
-105,-122,
14,-222,
-1,-310,
-117,-152,
-93,67,
-76,52,
-78,42,
-16,-55,
-78,13,
-19,164,
36,141,
97,177,
-41,102,
-27,87,
-66,-1,
-101,-77,
-167,-172,
-185,-180,
-113,-30,
-8,127,
-1,197,
69,171,
46,113,
30,111,
-35,107,
44,71,
90,105,
148,183,
32,104,
24,16,
-90,7,
-125,-42,
-41,12,
-22,81,
16,83,
-94,94,
-67,94,
-44,122,
-141,105,
-226,-41,
-121,-87,
-4,26,
-33,115,
-20,194,
-95,193,
-30,94,
-31,71,
83,45,
21,26,
0,-25,
3,-2,
-24,64,
-69,66,
-83,-11,
-120,22,
-99,43,
-120,66,
-58,63,
17,21,
3,36,
-12,55,
9,66,
-96,70,
-179,40,
-83,6,
10,30,
27,45,
-2,118,
-13,59,
-48,100,
-60,7,
-69,8,
-35,57,
-7,94,
-36,-4,
-83,0,
-104,79,
-26,38,
-84,22,
-78,-45,
-79,-15,
-94,-47,
-64,-9,
27,54,
117,4,
35,5,
-17,11,
-55,10,
-118,64,
-120,87,
-96,84,
-50,42,
-76,66,
-55,39,
18,68,
-52,49,
-68,111,
-52,13,
-28,6,
-63,44,
-38,58,
-34,38,
-53,20,
-34,14,
-46,60,
-14,89,
15,43,
-13,12,
9,-31,
-44,-4,
-97,-31,
-99,5,
-80,69,
-61,8,
39,45,
23,-2,
59,-9,
00>
_________________________________
00>
00>
Printing STS1 CIR
00>
00>
_________________________________
00>
26,40,
33,34,
69,38,
2,25,
-7,-1,
16,-42,
-21,36,
-32,148,
24,102,
19,34,
79,58,
80,7,
10,-54,
54,-12,
54,-8,
24,3,
-56,43,
-30,18,
-29,8,
-29,43,
-60,36,
-9,45,
36,11,
-2,65,
-7,-6,
-49,18,
45,-20,
72,-37,
19,-41,
11,79,
74,71,
69,15,
10,-17,
-27,15,
-24,20,
9,17,
45,23,
47,54,
-7,-10,
-61,-100,
-44,-53,
19,37,
-15,48,
22,11,
-21,-58,
-54,57,
-12,43,
16,-52,
19,-69,
-41,-24,
-27,68,
-1,18,
47,61,
67,104,
77,62,
13,12,
32,-31,
37,8,
35,0,
33,-34,
4,-62,
62,-32,
71,30,
85,8,
23,38,
11,5,
-4,-9,
26,5,
-27,12,
-19,-18,
-26,-33,
-6,-16,
40,27,
44,5,
59,16,
20,-52,
12,6,
13,14,
40,77,
113,80,
59,-10,
16,21,
4,-12,
22,-44,
30,-13,
-44,91,
-10,0,
45,24,
17,54,
-6,-15,
-20,-31,
13,-56,
8,-34,
-43,38,
33,19,
85,74,
14,-5,
7,-44,
45,0,
78,33,
39,78,
42,15,
56,-11,
50,48,
90,74,
7,32,
-71,15,
-26,11,
-58,53,
37,2,
97,-61,
49,-11,
-10,-1,
-21,49,
-36,13,
-13,10,
13,0,
-16,-2,
38,45,
14,13,
-7,-10,
51,-38,
88,-26,
-22,16,
27,30,
-18,-29,
46,-76,
7,-66,
-37,-8,
-24,29,
41,24,
45,34,
54,6,
15,33,
36,51,
1,61,
64,29,
108,8,
30,54,
12,7,
39,6,
81,41,
21,13,
46,35,
-14,51,
-8,8,
26,12,
-2,2,
-15,-22,
-12,38,
-8,55,
-2,-2,
6,-18,
62,-22,
50,-32,
37,61,
32,114,
-51,119,
-55,-23,
0,-28,
17,-33,
5,-36,
-8,54,
45,28,
47,70,
15,68,
27,-5,
18,-121,
-38,-68,
48,-85,
-34,-3,
-49,51,
38,69,
35,13,
-22,68,
-7,12,
12,-5,
8,16,
-34,6,
4,-22,
25,-7,
33,-3,
-34,-58,
-48,-110,
-60,-96,
-27,-82,
-66,-68,
40,15,
70,36,
-16,17,
25,-9,
44,-1,
7,4,
-21,44,
26,7,
17,17,
-33,-58,
15,-3,
16,49,
17,-49,
-20,-29,
-19,-42,
29,-4,
-1,14,
-31,28,
-16,85,
30,13,
34,-29,
37,-39,
3,15,
-26,-13,
32,-35,
61,40,
55,87,
30,44,
6,25,
27,-19,
75,18,
44,10,
9,23,
-8,59,
0,27,
-82,43,
-55,-29,
-28,-83,
36,-38,
25,-63,
25,3,
-61,26,
-46,0,
53,64,
64,31,
60,83,
3,109,
-18,73,
38,30,
84,-9,
67,4,
24,-10,
18,74,
34,22,
32,-20,
-25,65,
39,52,
96,30,
51,20,
2,6,
29,-9,
-56,-6,
30,-35,
64,-48,
18,-46,
52,-50,
-2,-15,
-42,6,
-66,22,
16,20,
45,92,
51,77,
48,-29,
29,-10,
-38,19,
-25,45,
37,14,
28,12,
71,61,
46,16,
61,4,
8,-12,
3,-45,
-23,24,
32,18,
48,-47,
53,-25,
22,14,
5,14,
-32,-27,
-30,34,
-27,42,
44,60,
49,111,
29,92,
24,44,
53,20,
38,-64,
27,-51,
-6,-14,
67,51,
59,58,
24,60,
49,-6,
27,-10,
-21,41,
-11,31,
25,-32,
73,16,
63,78,
49,40,
-18,22,
-12,29,
85,57,
88,76,
2,70,
-25,15,
47,-6,
91,-14,
1,55,
-64,122,
-24,77,
-17,33,
34,-83,
49,-34,
-4,2,
-13,-42,
132,46,
111,-5,
21,-54,
-23,30,
25,22,
42,0,
69,-51,
105,-45,
53,-48,
-15,-7,
13,-29,
4,29,
66,36,
65,-32,
59,27,
0,12,
-78,-12,
-81,67,
-33,30,
12,-50,
-28,-76,
-36,69,
-16,6,
92,-9,
38,-81,
-81,13,
13,-2,
60,37,
48,23,
6,-37,
36,-102,
-6,16,
38,-24,
1,-33,
-9,36,
-63,33,
-29,29,
-56,-14,
-46,-36,
-4,-38,
37,88,
44,31,
81,17,
424,-318,
1957,-1659,
5093,-3586,
6832,-3648,
6053,-1784,
1598,893,
-1410,1624,
-1272,914,
-66,830,
353,1571,
-30,1598,
-282,862,
-271,224,
-151,78,
-165,95,
-110,155,
-32,121,
135,214,
271,416,
218,372,
245,191,
245,-149,
134,-312,
-193,-150,
-361,57,
-317,95,
-227,37,
-152,109,
-82,189,
20,127,
135,24,
83,-29,
-61,60,
-193,169,
-133,177,
-62,147,
-108,196,
-247,94,
-251,-100,
-143,-217,
-46,-141,
-159,-34,
-159,33,
-137,-28,
-74,-2,
-27,32,
-3,21,
48,-32,
147,-172,
332,-133,
182,-52,
22,0,
-46,87,
-125,90,
-85,29,
-85,24,
-75,21,
-72,27,
-69,8,
-4,87,
-74,105,
-134,135,
-93,204,
-8,218,
7,176,
67,158,
69,230,
24,109,
-55,-48,
-3,-192,
-66,-137,
-70,-29,
-65,4,
-12,117,
-4,145,
-200,154,
-307,139,
-206,60,
-64,-122,
50,-149,
66,-12,
-29,17,
0,-46,
-54,-62,
-116,-19,
-79,-25,
-15,27,
-26,69,
-13,81,
-72,42,
-67,-6,
-45,19,
30,48,
45,33,
-39,16,
-15,4,
15,30,
13,93,
68,9,
69,-16,
82,-40,
-39,4,
-29,57,
30,25,
34,-2,
-28,25,
-13,0,
1,16,
-62,29,
-45,46,
-38,17,
-48,28,
23,24,
28,-67,
-36,-7,
-41,-63,
-65,-26,
-27,72,
6,49,
19,24,
-2,-25,
-76,17,
-67,102,
-45,62,
6,27,
-47,10,
-15,20,
-19,20,
-20,31,
6,67,
71,48,
50,101,
-10,93,
-6,97,
-13,66,
-19,-30,
-40,36,
-55,45,
-42,-10,
20,20,
78,-3,
13,35,
14,37,
-46,14,
-64,17,
32,32,
32,64,
-10,36,
26,45,
-54,51,
-67,39,
-72,15,
-38,29,
-68,45,
-43,11,
00>
_________________________________
00>
_________________________________
Sequence Number: 170
00>
00>
Printing STS0 CIR
00>
00>
_________________________________
00>
76,10,
22,55,
-80,-7,
-69,-89,
-69,-67,
-89,-68,
47,12,
15,4,
45,3,
70,101,
-1,116,
43,88,
23,17,
30,-50,
-32,-2,
-14,-23,
-10,48,
-25,-6,
12,-47,
44,56,
72,-6,
41,-13,
22,-65,
29,-53,
-3,-15,
12,-23,
-59,-2,
-11,-26,
52,33,
52,27,
35,-45,
-9,-16,
2,41,
27,27,
67,79,
29,-52,
46,-5,
-18,-2,
-69,-56,
-47,27,
-13,59,
-22,40,
6,-66,
-21,25,
60,81,
132,-15,
33,-53,
-29,-4,
-15,-9,
48,31,
36,30,
-2,29,
-17,-11,
18,10,
12,46,
57,-37,
21,3,
-26,-44,
39,32,
-4,13,
62,-13,
20,60,
32,28,
26,28,
11,-27,
-78,-61,
-26,-31,
-14,-7,
42,61,
-11,44,
-33,8,
-101,0,
7,-22,
-9,-44,
8,-36,
-49,-13,
-12,-19,
5,-3,
43,-34,
96,-5,
29,33,
-1,41,
-12,-37,
5,-50,
15,19,
8,30,
-68,3,
-8,-27,
17,-61,
20,43,
58,76,
-55,3,
-26,-14,
39,5,
-9,-59,
-36,-52,
12,4,
61,101,
9,14,
22,-21,
-3,-80,
12,-28,
103,52,
69,15,
12,40,
-23,21,
39,4,
-20,-20,
20,47,
-20,-31,
-48,-14,
-6,10,
21,5,
66,2,
-36,-1,
-16,-3,
-24,55,
37,109,
60,59,
-74,17,
-62,21,
-63,-26,
48,-55,
38,-76,
36,-100,
14,-18,
17,29,
-42,21,
-36,-6,
18,-28,
72,1,
40,48,
23,-18,
12,-26,
-67,-106,
90,-65,
98,4,
-39,39,
-9,11,
3,1,
29,50,
-38,68,
-9,-20,
12,-16,
-12,-29,
16,-14,
-44,57,
-4,81,
-30,-10,
-13,-20,
81,-36,
80,-6,
15,-30,
-2,43,
37,25,
-33,21,
-71,51,
-91,32,
-56,-68,
3,40,
26,41,
29,-18,
-17,-7,
-24,87,
14,125,
39,106,
9,60,
3,30,
-73,38,
5,49,
30,76,
-1,61,
18,7,
13,-4,
5,3,
-3,41,
-57,56,
-75,2,
-11,0,
29,-12,
42,1,
109,35,
73,29,
26,44,
23,50,
53,79,
77,23,
58,17,
-69,-1,
-6,-6,
-80,7,
-37,-24,
-59,-19,
-37,-24,
-71,-15,
-36,86,
-7,-14,
66,27,
14,84,
-12,79,
-31,6,
14,-57,
48,-55,
29,16,
31,18,
45,4,
95,32,
86,64,
18,110,
-25,33,
-52,-20,
-97,-105,
-22,2,
4,5,
70,-4,
70,-14,
57,-73,
38,-49,
92,-70,
66,-47,
14,55,
-16,62,
15,81,
12,33,
-12,34,
-55,-23,
9,-14,
-29,-61,
-62,13,
15,3,
28,76,
39,57,
-23,-3,
-16,-41,
-3,-57,
80,15,
36,-14,
-22,14,
34,11,
10,-2,
2,26,
-36,20,
-40,2,
-15,1,
-21,-2,
-31,54,
15,51,
48,51,
1,10,
-14,3,
1,-50,
-12,43,
-45,66,
-50,67,
18,-9,
44,-11,
32,-41,
-23,-14,
-40,36,
-14,20,
49,-4,
13,17,
-20,-32,
15,-33,
28,5,
31,-10,
58,15,
50,-28,
-3,-66,
11,-92,
-5,-57,
-47,35,
-61,33,
6,-42,
125,-44,
102,-34,
92,58,
45,95,
-17,9,
13,-33,
64,-2,
96,44,
-25,-8,
-26,-33,
15,-62,
-11,27,
74,31,
-30,13,
37,46,
17,56,
18,21,
-42,-49,
-44,-69,
-17,-92,
-56,-1,
-54,9,
-45,35,
-16,-30,
-1,-7,
-4,-36,
-1,-29,
-58,-69,
-31,-17,
32,6,
77,56,
-11,-13,
36,-38,
8,69,
-13,75,
57,36,
27,1,
-29,3,
29,-21,
40,-18,
13,18,
-46,123,
4,-16,
5,-59,
28,12,
-28,95,
-4,23,
12,50,
19,33,
11,26,
68,95,
8,64,
47,-1,
-14,-12,
16,5,
-33,-34,
46,24,
6,-86,
3,10,
-68,21,
-54,71,
3,60,
10,48,
-28,57,
-10,11,
-55,-31,
-49,33,
-16,9,
3,-9,
-23,-57,
6,-47,
-42,-26,
-3,0,
33,51,
15,5,
10,-67,
-56,-31,
-10,-34,
-11,-10,
-10,234,
-584,1599,
-2599,4144,
-4448,4862,
-3946,2531,
-776,-915,
1759,-2501,
2381,-2506,
2774,-2855,
3877,-3410,
3912,-2838,
2136,-1255,
326,-186,
-377,102,
-234,1,
-41,-8,
-90,-56,
-188,-100,
-248,-73,
-291,-63,
-254,59,
-161,156,
-168,334,
48,296,
146,175,
86,-29,
-15,-107,
-264,-176,
-538,-159,
-520,-108,
-208,27,
46,136,
82,126,
-31,95,
-65,40,
-63,94,
-159,29,
-132,-172,
-93,-366,
165,-176,
322,50,
243,169,
122,189,
19,173,
-10,127,
-89,76,
-145,37,
-156,25,
-251,-12,
-154,184,
-141,224,
-69,178,
-169,178,
-84,-43,
-55,-10,
39,7,
27,-45,
42,-17,
25,-8,
-19,22,
-6,3,
9,-46,
35,-53,
60,-59,
61,-31,
85,-69,
88,-58,
65,18,
59,139,
-61,21,
-67,3,
-119,-125,
-75,-116,
-97,-49,
-80,19,
-21,10,
38,-119,
110,-120,
95,8,
23,29,
-41,19,
61,26,
121,-113,
75,-3,
-14,43,
-80,22,
-76,-33,
-75,-60,
19,56,
5,-2,
9,-69,
70,-38,
24,-2,
19,17,
10,86,
-8,55,
-89,-18,
14,-58,
7,73,
-2,8,
-19,69,
-96,42,
-16,86,
42,127,
26,43,
24,-5,
46,-27,
97,7,
64,7,
-25,20,
-37,43,
-93,-21,
-80,-26,
-89,-6,
-53,-27,
-37,-2,
-46,30,
2,76,
44,37,
14,1,
0,-21,
-41,-3,
-4,12,
63,20,
36,-2,
22,-54,
39,22,
53,76,
28,80,
19,-48,
-3,-13,
28,9,
-7,1,
-3,62,
-44,31,
-25,49,
43,7,
83,29,
93,-3,
51,38,
66,62,
28,-1,
29,19,
-26,-18,
-49,-5,
-38,-26,
22,61,
-33,44,
-105,6,
-16,4,
36,-4,
56,26,
16,66,
21,16,
14,-85,
-6,2,
22,94,
34,39,
24,83,
00>
_________________________________
00>
00>
Printing STS1 CIR
00>
00>
_________________________________
00>
154,-27,
124,1,
60,-17,
9,-72,
-30,13,
-20,26,
48,38,
52,-21,
-27,-41,
2,-38,
57,-17,
-24,14,
-14,-7,
14,41,
86,58,
43,22,
11,-1,
-38,10,
-14,-23,
-100,-62,
-28,-38,
-5,-20,
45,5,
5,-16,
25,-81,
24,-93,
73,-85,
31,-8,
70,56,
41,12,
22,-11,
31,1,
22,14,
-38,31,
5,55,
-8,-44,
7,-5,
22,-16,
1,64,
24,-24,
21,-28,
11,-3,
40,-11,
11,11,
11,-60,
-57,-20,
-32,-18,
-1,-8,
46,25,
9,-19,
-18,43,
10,28,
26,4,
-7,-20,
-12,24,
7,30,
27,22,
27,37,
40,57,
31,45,
-34,-17,
-51,33,
48,56,
25,66,
33,77,
24,32,
21,-35,
-10,-3,
43,-31,
22,8,
-14,27,
14,57,
0,-6,
5,-33,
85,-31,
69,-8,
48,-19,
68,-34,
94,-34,
84,32,
106,2,
90,-25,
-9,-28,
35,39,
21,61,
28,-36,
78,-14,
83,9,
43,11,
74,38,
12,-7,
6,-58,
18,-75,
9,-28,
30,42,
39,13,
9,-28,
-31,-17,
26,24,
72,111,
45,72,
24,46,
38,-34,
46,-24,
64,28,
119,32,
88,32,
78,44,
43,32,
5,1,
47,-15,
33,52,
50,24,
5,28,
-54,-40,
43,41,
71,31,
43,12,
95,-30,
98,-27,
67,-34,
66,45,
13,47,
24,58,
-16,75,
-29,49,
35,-39,
91,-16,
26,18,
5,42,
19,-79,
85,-60,
48,30,
-1,9,
21,-9,
39,-14,
9,42,
-1,-77,
-25,-74,
72,-46,
60,12,
33,-24,
-19,23,
-31,14,
41,18,
108,46,
22,54,
-53,53,
12,-17,
92,-12,
104,128,
40,83,
-58,60,
-3,10,
27,21,
44,62,
35,49,
78,-61,
39,-21,
31,16,
58,60,
75,-6,
54,-14,
3,-13,
6,-78,
2,-41,
16,0,
-21,50,
7,29,
27,-12,
54,-36,
12,-9,
-72,-5,
65,-34,
46,-86,
52,-104,
-29,0,
-44,56,
22,81,
50,40,
49,45,
-38,-35,
-22,-1,
-32,54,
29,-39,
47,-17,
64,24,
71,83,
32,42,
11,9,
41,-5,
63,11,
35,51,
2,37,
-23,19,
-63,55,
-39,-55,
29,-48,
58,-38,
53,-12,
-6,4,
-27,-47,
25,-4,
61,-2,
30,-42,
18,-33,
55,-27,
13,63,
-11,90,
-34,62,
-41,15,
25,-6,
78,42,
49,56,
65,29,
41,11,
-13,17,
13,50,
-30,-19,
31,-68,
29,-22,
71,18,
-17,-18,
-58,23,
-24,32,
46,28,
101,22,
91,-81,
7,-17,
44,-16,
-17,71,
12,20,
62,-29,
80,-48,
24,37,
-20,69,
38,8,
48,0,
-5,23,
-33,45,
33,49,
39,-18,
81,-22,
80,11,
34,-6,
-35,10,
-33,-7,
52,49,
20,66,
33,35,
59,52,
74,10,
99,2,
44,11,
-24,6,
-34,-36,
55,-19,
73,5,
66,23,
40,54,
35,22,
21,-17,
69,5,
43,39,
-1,4,
19,-6,
31,-27,
19,56,
49,33,
33,33,
12,-37,
28,-19,
25,23,
24,-2,
-18,2,
40,8,
35,-5,
-60,15,
-24,-2,
58,4,
34,32,
21,66,
-5,94,
-34,104,
-1,23,
64,35,
19,14,
20,70,
-69,31,
30,31,
27,33,
28,37,
33,14,
-3,-39,
13,-15,
78,-43,
45,-47,
12,-67,
-35,-26,
-6,47,
-3,125,
-50,71,
22,-15,
54,-41,
9,14,
-25,-11,
-42,7,
-18,35,
-31,5,
9,-3,
56,43,
44,19,
15,54,
-48,54,
-25,61,
43,-2,
49,-8,
0,17,
-12,53,
-92,51,
11,56,
106,38,
73,-13,
35,-39,
9,0,
-28,2,
53,24,
86,68,
69,34,
39,61,
14,49,
2,-3,
-41,1,
7,42,
74,78,
76,53,
59,3,
18,-21,
16,41,
19,90,
30,87,
46,86,
2,54,
66,-12,
71,6,
75,3,
-20,101,
33,56,
21,-22,
2,-10,
-60,30,
-28,66,
39,74,
-109,294,
-1269,1454,
-3840,3543,
-5667,4145,
-4970,2589,
-1459,239,
762,-212,
294,1140,
-1052,2495,
-1496,2549,
-997,1526,
-395,404,
-52,-237,
87,-352,
200,-213,
158,-111,
88,-32,
95,36,
311,132,
306,268,
151,207,
6,-64,
22,-198,
222,-252,
420,-308,
414,-392,
311,-323,
242,-12,
330,326,
287,335,
176,196,
48,129,
-84,170,
-147,175,
2,12,
71,-156,
167,-213,
150,-73,
117,10,
88,13,
40,-17,
-17,-117,
-27,-182,
39,-144,
17,-44,
-22,38,
-64,32,
-38,-113,
-59,-88,
-43,-193,
-14,-142,
-39,-80,
33,-57,
-16,61,
15,-21,
50,-49,
69,-31,
55,-113,
52,-84,
-35,-30,
63,-87,
49,-84,
-19,-5,
60,5,
144,-94,
154,-130,
90,-91,
42,-55,
105,37,
119,8,
92,-6,
-42,-50,
-81,-96,
-64,-66,
47,-143,
57,-175,
61,-146,
83,-36,
103,121,
62,116,
156,28,
155,-16,
179,76,
126,106,
81,-22,
-2,-51,
17,-85,
83,-74,
108,-82,
70,-33,
123,-54,
71,-99,
6,-62,
11,-14,
51,-40,
128,-135,
192,-108,
129,-83,
112,-42,
103,-35,
62,-44,
23,-104,
24,-200,
71,-165,
51,-169,
68,-82,
36,-47,
66,-85,
71,-11,
29,-9,
90,-64,
104,-103,
146,-67,
108,-48,
28,-64,
88,-88,
116,-25,
61,-9,
26,-27,
23,-27,
22,-41,
4,-14,
46,-5,
27,-49,
68,-52,
102,-17,
75,-2,
73,-59,
33,-34,
-13,-48,
-8,-43,
31,-49,
22,-27,
-23,0,
36,0,
73,-50,
125,-72,
94,-92,
82,-100,
82,-99,
98,-16,
120,-101,
40,-53,
4,-34,
-52,5,
37,-38,
38,-36,
-23,-24,
30,-31,
81,64,
119,40,
162,-15,
71,-98,
49,-82,
87,-88,
69,-11,
40,-58,
94,-7,
23,-20,
00>
_________________________________
00>
RX Timestamp: 439914209094
00>
Clock Offset: 1948.929 Hz, -0.244 ppm
00>
RX Timestamp: 440988660806
00>
Clock Offset: 1387.310 Hz, -0.174 ppm
00>
_________________________________
Sequence Number: 46
00>
00>
Printing STS0 CIR
00>
00>
_________________________________
00>
24,32,
20,51,
40,-47,
21,-20,
57,-34,
94,2,
42,-21,
32,61,
-31,64,
-68,10,
-11,25,
-8,47,
-57,-23,
-10,35,
23,-4,
50,-5,
3,11,
15,58,
65,33,
35,-4,
29,19,
10,92,
23,97,
-40,55,
-21,58,
3,66,
16,19,
86,-40,
38,-31,
-11,74,
-51,119,
-68,80,
-34,105,
23,33,
63,2,
-10,-18,
38,17,
-3,-6,
20,8,
44,8,
24,22,
44,20,
44,50,
-6,-7,
-49,-61,
-12,-61,
46,39,
54,-22,
104,21,
-19,-2,
38,41,
45,75,
-3,47,
40,18,
54,-13,
38,-23,
-27,-17,
-72,-47,
58,-24,
82,7,
40,38,
-58,-8,
10,69,
-32,1,
23,-31,
-26,3,
44,43,
31,53,
39,-1,
17,42,
7,27,
74,-13,
35,-72,
63,-63,
77,36,
70,55,
1,-20,
-1,22,
44,20,
18,56,
-52,-60,
-4,-30,
1,48,
20,14,
-27,-54,
-37,-55,
-14,-7,
31,8,
-41,37,
-121,-10,
-63,-7,
-54,-13,
-16,43,
23,-1,
21,-58,
-4,-38,
-47,32,
-37,3,
10,11,
14,7,
-60,60,
-62,75,
-22,40,
11,14,
49,18,
12,-22,
-45,-12,
13,-27,
56,22,
76,83,
-8,42,
-28,26,
-42,9,
-61,-15,
-45,36,
12,-30,
-3,-70,
-21,-100,
-55,-22,
-26,-1,
7,87,
26,63,
14,24,
-18,-28,
22,-14,
-13,-21,
-36,-15,
-66,-60,
-42,-29,
18,35,
78,6,
69,8,
58,29,
25,2,
47,-28,
-39,-31,
52,9,
94,-40,
74,-63,
15,43,
-11,57,
-15,-21,
66,17,
96,9,
12,40,
44,-2,
-6,-9,
13,29,
26,37,
4,57,
-42,67,
-39,90,
-16,-1,
74,-69,
30,17,
55,41,
-45,53,
-72,31,
-44,49,
-17,9,
-67,110,
-93,24,
13,-8,
11,-19,
-43,-38,
-43,-60,
-16,-6,
-20,77,
62,-23,
118,12,
35,17,
-7,8,
-66,31,
-25,9,
-39,-12,
-48,26,
9,-2,
46,43,
25,54,
-1,63,
-52,3,
-36,-81,
11,-25,
34,23,
-8,-12,
-128,16,
-178,27,
-146,101,
-90,52,
-58,116,
-15,94,
-7,19,
-32,-2,
-43,12,
-20,-9,
-11,46,
3,-21,
52,30,
37,45,
14,84,
-22,8,
-22,-25,
-15,0,
-32,41,
-62,22,
-53,-61,
20,-70,
-7,-22,
-50,67,
25,43,
9,32,
-34,45,
-35,57,
1,12,
-55,-7,
-49,56,
-26,-6,
2,-60,
34,-27,
39,-50,
27,2,
-50,69,
2,29,
9,42,
4,-29,
-5,-14,
34,-39,
39,-80,
69,-34,
81,14,
-14,-17,
-41,-48,
4,40,
9,-44,
29,-11,
-12,-13,
-92,3,
-107,-33,
-32,56,
25,81,
-1,48,
-49,19,
-36,7,
18,-60,
27,-20,
22,-67,
77,-52,
72,-61,
5,5,
-42,12,
-13,13,
-16,80,
82,120,
-14,74,
-39,-13,
-32,56,
-5,45,
-73,15,
-44,14,
-26,4,
-51,-43,
-34,-29,
55,-21,
-34,-5,
18,92,
3,7,
-2,-80,
-68,8,
-7,4,
39,8,
18,-33,
-46,20,
10,48,
54,101,
54,45,
-2,13,
-57,-57,
-28,44,
-29,69,
-13,4,
71,8,
42,10,
-32,-5,
-76,-10,
-4,92,
3,-43,
30,16,
56,-74,
38,-57,
12,-2,
-46,2,
-12,0,
-31,9,
-63,-5,
-16,23,
28,-54,
-9,11,
4,60,
-29,87,
94,14,
18,46,
40,91,
42,19,
19,8,
-7,17,
13,24,
72,-38,
54,-32,
-34,-42,
-26,8,
-86,72,
-45,0,
57,35,
80,-9,
71,43,
-24,43,
-5,-25,
13,-25,
-1,23,
12,62,
32,2,
15,25,
45,49,
62,34,
22,32,
-3,44,
15,38,
42,31,
16,26,
-27,64,
-73,-44,
-39,-24,
4,-3,
25,51,
28,26,
29,-5,
-19,-18,
-17,-23,
49,-31,
54,4,
10,32,
12,33,
-13,4,
73,-53,
-28,59,
-37,22,
-32,-1,
-23,56,
-10,48,
-3,7,
-8,-66,
-33,-39,
18,32,
-14,1,
-50,-27,
-353,-148,
-1647,-876,
-4295,-2764,
-5068,-4558,
-2710,-3918,
1189,-501,
2943,1971,
2725,2520,
3036,3012,
3719,4003,
3003,3983,
1255,2155,
140,345,
-71,-392,
50,-270,
93,-51,
0,-128,
-60,-163,
49,-316,
101,-288,
147,-341,
-110,-294,
-267,-214,
-299,-148,
-203,21,
-16,191,
114,68,
154,-223,
127,-503,
20,-605,
38,-395,
-47,81,
-127,217,
-141,60,
-107,-134,
-72,-157,
-63,-93,
179,-59,
304,-53,
278,109,
-44,279,
-217,272,
-175,129,
-149,54,
-130,17,
-87,-48,
-47,-114,
-99,-141,
-34,-136,
-44,-155,
-120,-166,
-59,-173,
-101,-205,
-23,-91,
-45,-32,
39,-34,
81,7,
50,34,
-23,-48,
-29,-28,
12,7,
40,103,
95,-49,
109,-17,
87,-27,
42,88,
40,61,
-43,86,
-137,-10,
-114,-12,
-3,-9,
30,10,
155,22,
107,-22,
-33,-19,
-50,-31,
74,71,
55,83,
82,14,
-35,-11,
-13,-2,
46,102,
25,158,
-10,87,
10,-2,
30,-85,
3,-15,
-35,-1,
7,2,
-26,-6,
-44,1,
-53,53,
60,6,
59,-59,
26,-45,
-13,-101,
54,-13,
68,34,
1,-62,
-23,-26,
-16,-59,
-8,-17,
-66,69,
-58,19,
-35,-21,
25,-41,
51,60,
14,21,
-46,-25,
-36,-25,
7,-4,
56,11,
55,8,
3,-5,
-45,56,
-52,53,
4,33,
-3,9,
-81,52,
-95,-75,
-91,-57,
13,-10,
43,59,
34,48,
33,38,
76,-19,
-13,54,
-66,-29,
-24,35,
9,53,
-5,51,
76,-27,
5,-11,
-38,15,
-53,-27,
-40,-14,
24,13,
38,-31,
106,-25,
22,14,
-22,-32,
69,-80,
30,10,
58,24,
-28,15,
5,-22,
-5,-36,
-51,-27,
-70,-4,
-85,78,
-21,37,
7,-39,
-22,-54,
28,37,
-1,68,
-66,76,
-45,-5,
00>
_________________________________
00>
00>
Printing STS1 CIR
00>
00>
_________________________________
00>
14,0,
-17,-7,
-65,-33,
-54,-48,
1,14,
5,40,
11,18,
49,-122,
20,-32,
-8,37,
-41,36,
7,35,
70,82,
2,69,
39,34,
32,13,
51,21,
51,-55,
40,-8,
122,-1,
84,70,
61,66,
-20,26,
17,-9,
22,-45,
43,12,
19,12,
12,17,
3,-24,
28,20,
-27,2,
-26,23,
-86,76,
-34,64,
15,30,
-16,-52,
-65,-8,
5,11,
-18,-6,
15,-29,
5,-32,
-85,24,
15,0,
11,36,
-17,2,
-17,-61,
-31,22,
33,18,
39,25,
21,30,
27,16,
-55,15,
-55,-2,
-64,13,
37,33,
70,19,
1,49,
-6,0,
-47,36,
-9,-39,
38,3,
56,2,
-5,-27,
-69,45,
8,-37,
-2,-25,
82,33,
14,46,
34,5,
95,43,
-38,4,
-11,32,
19,-31,
98,-7,
31,-37,
9,-45,
23,-12,
37,7,
-39,21,
-62,17,
-17,-3,
13,-8,
46,23,
110,-11,
22,-1,
-61,-26,
7,-9,
-22,-29,
-42,55,
8,75,
24,93,
94,100,
13,53,
2,-17,
-21,49,
-50,45,
38,18,
58,-20,
3,-15,
3,-2,
71,-51,
-49,-115,
-77,-30,
-32,-4,
46,-42,
14,40,
54,-11,
34,-8,
-16,43,
62,26,
42,19,
10,43,
-56,124,
-79,80,
1,-9,
64,-84,
-24,8,
-70,67,
-23,50,
46,45,
-24,59,
-45,-5,
11,-65,
42,-12,
23,48,
2,46,
34,-17,
-4,-25,
20,0,
42,-35,
-14,7,
-27,58,
65,52,
25,-6,
-30,30,
-18,-30,
-9,27,
-23,38,
13,18,
-4,-2,
-8,73,
-3,-3,
19,-7,
32,20,
25,28,
-8,30,
-4,-20,
2,20,
56,-12,
-25,15,
-77,30,
-67,119,
-58,5,
-25,84,
4,-9,
-41,-13,
-51,-14,
-81,-26,
-32,46,
9,95,
49,101,
28,83,
17,36,
105,-33,
76,-43,
64,30,
38,-11,
19,39,
-43,24,
-12,40,
24,-11,
23,-27,
-33,-11,
-50,71,
-58,84,
20,-9,
-29,-2,
23,4,
58,9,
111,25,
26,69,
55,28,
39,-18,
-1,-14,
-70,8,
-56,4,
7,51,
29,78,
6,73,
85,42,
-11,89,
30,82,
0,62,
21,-48,
39,-6,
41,-19,
0,-68,
67,-44,
48,33,
69,61,
55,57,
2,37,
-27,67,
0,70,
-10,60,
38,16,
17,-15,
-14,21,
-52,33,
-1,73,
-6,41,
-16,-13,
14,32,
-34,110,
-37,75,
4,56,
31,28,
-50,36,
-25,4,
-4,-17,
37,29,
93,-14,
40,-58,
17,-29,
-16,15,
-3,-51,
19,-75,
-3,-31,
-14,-10,
-48,22,
-31,34,
-12,22,
-18,-26,
-3,-11,
78,9,
28,-7,
-22,-16,
23,17,
22,38,
-59,8,
-66,29,
-24,65,
71,9,
-4,-18,
-76,-62,
-70,12,
10,59,
-9,71,
21,67,
9,-21,
34,-41,
15,2,
31,10,
-24,-14,
46,37,
-22,38,
-11,38,
29,23,
10,26,
-28,34,
22,5,
-36,-1,
15,4,
-55,17,
-15,49,
-1,52,
-33,81,
-59,78,
-24,81,
89,84,
48,-6,
34,-15,
5,22,
21,-23,
17,-32,
20,7,
49,12,
57,38,
57,48,
47,18,
29,1,
-27,-37,
-8,51,
-8,112,
-5,103,
-10,18,
28,-7,
-67,22,
-22,42,
19,-20,
-7,-42,
-7,11,
-11,49,
-106,107,
11,97,
34,25,
18,-4,
32,1,
-3,-11,
20,16,
29,14,
51,2,
57,39,
100,40,
107,63,
46,74,
1,14,
-1,-22,
16,28,
28,51,
-7,20,
3,26,
10,24,
24,50,
32,6,
18,23,
-46,55,
-50,6,
-30,57,
-16,28,
-14,97,
35,33,
49,44,
36,34,
-8,-10,
32,-45,
39,49,
95,22,
-26,1,
-62,21,
50,13,
93,-9,
33,-35,
30,-19,
15,39,
19,76,
-20,11,
12,15,
42,3,
-2,60,
1,22,
-53,86,
-16,-1,
-49,28,
-62,102,
2,120,
14,99,
-1,53,
-98,-40,
-16,38,
0,59,
-36,40,
-40,24,
-5,8,
-24,19,
-276,-75,
-1406,-847,
-3768,-3049,
-4796,-5040,
-3474,-4669,
-681,-1542,
194,679,
-1049,680,
-2500,-412,
-2766,-1029,
-1737,-885,
-511,-371,
178,-68,
365,138,
245,154,
98,56,
75,84,
11,199,
-121,366,
-230,312,
-148,160,
82,-96,
262,-52,
252,158,
299,388,
475,356,
405,345,
136,404,
-162,398,
-242,347,
-162,190,
-40,102,
-115,-28,
-60,-133,
79,-110,
272,-41,
367,68,
176,196,
54,194,
12,82,
138,-55,
156,-63,
129,-64,
132,-18,
74,19,
87,-40,
31,-103,
156,-77,
185,-49,
205,-42,
257,-17,
138,20,
51,41,
21,23,
84,-25,
91,11,
102,23,
89,85,
73,19,
115,14,
79,36,
112,5,
113,-26,
45,30,
71,78,
204,84,
160,142,
-24,129,
-49,93,
-56,136,
35,140,
95,29,
141,-41,
112,-47,
167,14,
209,-8,
200,45,
80,136,
-22,122,
82,102,
190,150,
160,201,
14,147,
-34,144,
63,70,
59,71,
85,39,
80,52,
96,59,
0,115,
-53,121,
103,106,
142,86,
106,50,
96,47,
80,46,
100,7,
123,43,
136,-54,
107,9,
204,68,
92,99,
98,17,
83,64,
-9,-13,
94,-63,
103,20,
150,94,
34,97,
56,85,
57,4,
71,50,
119,4,
74,44,
117,97,
136,94,
159,71,
98,7,
55,49,
115,140,
80,118,
50,57,
38,2,
68,87,
28,133,
84,82,
101,5,
92,12,
123,-9,
81,-2,
89,39,
99,-8,
60,-29,
42,33,
-22,26,
45,-41,
124,7,
146,1,
105,41,
97,13,
109,81,
31,88,
130,14,
100,-111,
47,-11,
17,4,
52,66,
-19,92,
47,-35,
120,-48,
145,25,
89,25,
88,66,
10,21,
14,32,
28,37,
126,85,
00>
_________________________________
00>
_________________________________
Sequence Number: 49
00>
00>
Printing STS0 CIR
00>
00>
_________________________________
00>
22,24,
47,21,
-1,56,
-36,11,
-61,36,
-106,28,
34,55,
-16,-5,
-21,-46,
-52,2,
-35,29,
41,39,
-42,-13,
-6,32,
-44,-2,
52,22,
39,-48,
-31,-65,
15,-13,
10,-60,
36,-38,
-59,17,
-35,-28,
-54,-33,
-26,-25,
20,-19,
13,11,
23,84,
94,-30,
115,38,
8,-1,
36,-34,
78,-1,
-8,54,
-18,56,
-70,61,
-5,86,
60,29,
28,12,
19,-33,
62,63,
11,9,
0,4,
13,0,
13,-14,
-62,38,
-38,-9,
52,6,
68,49,
-18,-16,
10,5,
12,83,
7,39,
65,17,
-17,23,
60,68,
56,43,
39,-51,
17,3,
30,11,
39,17,
34,2,
57,66,
52,35,
-12,-6,
92,-113,
64,-89,
53,-101,
19,-20,
-57,2,
48,-33,
0,-28,
25,-71,
-1,-89,
-32,-15,
33,20,
4,-37,
21,-52,
9,3,
62,2,
-11,5,
2,-6,
-21,2,
-21,27,
-21,-2,
32,28,
-16,28,
45,79,
6,82,
41,58,
54,44,
62,-18,
-25,-32,
-25,-57,
2,-34,
-12,-15,
-24,-14,
37,-97,
63,-61,
101,-52,
73,-62,
18,33,
-54,-18,
-25,-36,
11,-11,
-1,-52,
-6,-9,
9,26,
95,-22,
81,-5,
17,57,
-20,34,
-2,17,
15,21,
7,69,
-7,16,
19,-28,
67,31,
59,20,
16,70,
-21,37,
13,9,
27,-8,
37,50,
35,1,
-19,-50,
-39,-40,
3,-54,
26,62,
32,33,
36,59,
11,50,
36,32,
27,-9,
29,-98,
2,-41,
20,1,
-42,43,
35,-11,
23,25,
61,71,
-32,25,
22,60,
70,36,
51,20,
52,-10,
30,13,
3,32,
4,40,
8,29,
41,28,
48,-1,
-17,-53,
5,30,
23,74,
51,3,
50,-19,
36,43,
-23,84,
-27,-4,
105,-4,
98,-13,
52,39,
91,30,
-42,102,
-66,-21,
-8,-57,
14,-38,
6,39,
28,10,
49,35,
-35,38,
-66,10,
-9,-19,
39,-25,
-42,-1,
-64,21,
-9,13,
38,7,
46,14,
101,2,
85,21,
-18,50,
-13,24,
-7,-17,
-39,0,
-50,6,
-5,-24,
12,8,
10,32,
-12,-10,
-43,3,
-4,16,
-31,60,
-14,54,
-1,27,
-38,-66,
-16,-55,
33,-2,
30,26,
34,72,
6,3,
-25,-29,
-10,22,
-41,-5,
44,-3,
25,-44,
-29,-18,
-47,-42,
10,-55,
10,21,
73,-13,
22,14,
21,14,
9,-30,
7,9,
0,2,
-10,-31,
22,-5,
36,1,
33,4,
27,-57,
20,-22,
58,18,
-24,54,
16,25,
31,41,
24,50,
6,-16,
9,-15,
-10,-56,
-22,32,
2,80,
-17,35,
-25,-57,
-16,-73,
-1,-3,
-1,34,
-21,73,
10,54,
-71,22,
62,-11,
78,-27,
15,-7,
44,90,
-23,30,
38,8,
34,13,
51,-33,
136,42,
49,25,
70,-35,
44,-44,
28,-22,
13,36,
-52,25,
-4,62,
-1,-4,
6,5,
59,-19,
44,1,
9,-2,
9,57,
57,-33,
1,71,
-1,-2,
3,33,
-4,42,
40,61,
84,51,
22,-6,
2,-16,
-18,-48,
23,-38,
31,-79,
56,-62,
20,8,
-7,98,
-22,97,
-17,-15,
27,-63,
42,-7,
-36,-47,
-63,57,
-25,44,
35,59,
-20,-35,
-17,-43,
30,-30,
34,-32,
-8,17,
11,-8,
60,-76,
-29,-37,
-16,34,
11,50,
35,-47,
71,-25,
9,26,
-29,-5,
-72,14,
-61,7,
-59,-29,
43,-39,
20,-7,
-10,22,
15,71,
9,61,
-12,8,
16,-3,
-13,-72,
29,18,
-13,-3,
-21,-73,
-32,-68,
-67,3,
-60,36,
5,-3,
70,-63,
39,11,
-27,3,
19,34,
58,-13,
74,-17,
64,50,
39,6,
7,-64,
23,-14,
3,-41,
-24,-51,
-12,-8,
-57,15,
-33,62,
-6,40,
-6,-1,
-24,-20,
-13,-18,
17,-26,
18,-1,
74,-13,
62,12,
80,32,
19,49,
17,-37,
12,-73,
18,34,
-13,21,
-25,16,
-56,-17,
15,2,
43,32,
465,114,
2819,491,
7408,1832,
7758,3274,
6773,4853,
422,3262,
-2369,-192,
374,-1862,
4750,-2109,
5577,-1361,
3267,-833,
638,-488,
-532,-363,
-576,-90,
-147,120,
-86,101,
-167,-52,
-271,-161,
-83,-255,
17,-334,
-30,-142,
-44,391,
67,506,
-91,333,
-376,90,
-479,-40,
-559,-80,
-429,-463,
-450,-791,
-409,-859,
-218,-523,
130,-83,
209,175,
110,200,
-126,123,
-87,75,
-179,133,
-268,-42,
-30,-141,
234,-241,
369,-271,
106,-184,
-219,33,
-210,-7,
-117,-28,
-102,-4,
-186,-56,
-199,15,
-158,83,
-233,183,
-104,153,
-15,61,
-25,-10,
-60,-249,
67,-237,
52,-197,
6,-120,
-131,88,
-63,193,
-30,181,
-47,144,
-151,75,
-118,66,
-65,60,
-38,95,
3,110,
-72,128,
-41,50,
-20,-51,
-51,-225,
-81,-134,
-145,58,
-103,31,
-148,-28,
-164,113,
-235,113,
-273,-42,
-253,-181,
-24,-241,
-7,-83,
-128,29,
-340,66,
-209,60,
-66,32,
-9,4,
115,79,
25,41,
-66,2,
-82,84,
-87,95,
-134,26,
-91,2,
-102,4,
-112,-9,
-74,-11,
-75,20,
-174,14,
-133,-7,
-47,-43,
-22,62,
-41,26,
-169,19,
-135,-31,
-81,42,
13,-9,
-13,7,
-188,30,
-144,54,
-138,93,
-91,64,
-71,16,
-75,37,
-64,-43,
-129,-45,
-44,-23,
-7,34,
-14,-41,
-100,-128,
-79,-88,
-56,-71,
-60,6,
-64,-24,
-38,12,
-63,10,
-18,11,
-23,68,
-69,11,
-53,-22,
-104,-71,
-149,42,
-75,177,
-43,71,
-45,46,
-56,-66,
-84,-26,
-77,42,
-179,15,
-142,60,
-243,9,
-101,14,
-96,-86,
-63,-2,
-61,-38,
-17,22,
-44,52,
-62,75,
-63,119,
-29,95,
-54,67,
-98,22,
-173,-54,
-80,5,
-63,-9,
-5,-11,
-48,-11,
-67,-18,
-32,-68,
-121,-53,
-106,-24,
2,23,
-49,22,
00>
_________________________________
00>
00>
Printing STS1 CIR
00>
00>
_________________________________
00>
78,6,
3,2,
-4,84,
73,-8,
51,29,
12,55,
-15,80,
21,21,
1,3,
4,-33,
-54,-4,
28,9,
24,-35,
4,-25,
-17,31,
-5,64,
14,-28,
30,-81,
16,-9,
18,0,
-2,71,
20,60,
17,28,
36,-9,
43,-2,
1,-29,
-10,34,
3,28,
35,56,
17,28,
24,3,
-23,-18,
-38,37,
-17,10,
-20,-45,
13,-1,
26,-5,
-14,90,
-17,21,
-31,5,
21,50,
52,12,
40,2,
17,1,
-1,-10,
-9,69,
-13,43,
-16,50,
15,73,
0,82,
27,29,
31,23,
-8,34,
110,23,
73,42,
-41,69,
13,67,
5,-15,
-49,-21,
-63,-27,
-15,3,
48,-38,
-14,15,
-13,76,
83,-9,
11,29,
-1,29,
-13,-13,
-9,-5,
-24,-23,
-15,4,
-34,-3,
-40,49,
-21,45,
-36,77,
2,55,
47,36,
-17,19,
3,-50,
46,50,
44,113,
-23,32,
7,8,
19,25,
-34,105,
-47,56,
31,31,
10,-4,
-13,-39,
2,-10,
15,39,
13,-2,
-4,28,
-14,-3,
45,45,
-12,-8,
-33,-1,
25,-6,
42,13,
46,-81,
13,-30,
-4,29,
-21,100,
-28,56,
-18,-4,
-8,-9,
4,23,
29,-28,
24,-9,
26,7,
-4,45,
29,5,
57,43,
19,-25,
-8,119,
33,41,
18,73,
1,2,
25,-6,
15,51,
38,11,
15,-43,
37,-7,
59,4,
15,14,
40,2,
10,22,
-32,-8,
-18,62,
-38,36,
-6,27,
-43,47,
-57,82,
37,-2,
46,-26,
-7,-36,
-36,26,
-17,77,
53,32,
20,69,
-56,16,
-11,31,
1,21,
10,-21,
9,-32,
3,-11,
7,-1,
-40,56,
-3,15,
10,-7,
38,55,
25,72,
-44,117,
-30,47,
37,16,
15,17,
7,16,
-10,56,
12,21,
28,89,
58,34,
33,-34,
78,-48,
7,-8,
-3,-11,
51,4,
24,-11,
24,-18,
38,65,
-1,35,
44,35,
-6,70,
-17,93,
10,45,
4,-24,
-20,48,
-23,77,
3,38,
0,-21,
-29,53,
-33,-19,
-19,-8,
60,52,
97,19,
47,54,
-38,31,
-23,36,
3,125,
-37,78,
-57,-24,
-21,42,
10,35,
-24,46,
-19,9,
-1,9,
52,7,
29,9,
-16,47,
-13,-24,
3,-16,
40,47,
-9,8,
-27,19,
-28,11,
-39,37,
-27,-3,
31,-1,
3,16,
49,29,
7,80,
-1,47,
-2,36,
-27,20,
-58,32,
-29,71,
-28,79,
-18,54,
-61,0,
-70,8,
-51,5,
24,-5,
-4,-23,
2,66,
-30,45,
-26,82,
17,52,
-14,-19,
-20,3,
-14,93,
6,100,
13,-7,
-12,5,
19,-7,
13,65,
25,69,
26,73,
-6,87,
33,-4,
47,10,
33,1,
-3,-38,
54,31,
24,15,
25,8,
70,-3,
-2,36,
-29,53,
-1,21,
-32,29,
21,55,
29,-23,
38,-19,
28,-12,
4,50,
-4,36,
38,-39,
20,-17,
-56,9,
-24,58,
-59,74,
-115,-4,
-55,-52,
64,-27,
53,28,
5,55,
-4,35,
39,-17,
45,-48,
30,43,
50,43,
-4,4,
31,48,
28,35,
-7,-20,
21,-18,
19,-8,
-24,70,
36,-6,
5,5,
3,33,
-27,45,
-24,20,
21,-29,
-26,38,
-12,-8,
-20,-1,
-60,20,
-25,1,
50,15,
69,1,
30,28,
4,32,
11,23,
-23,6,
-17,71,
-28,71,
2,44,
99,-3,
90,12,
55,34,
-4,56,
26,-22,
1,1,
-27,59,
63,-14,
20,50,
36,18,
-7,17,
9,5,
16,9,
-26,92,
-7,2,
-1,27,
-58,8,
-11,4,
40,42,
18,47,
-1,62,
46,-1,
32,39,
17,68,
14,91,
-15,112,
-17,113,
-37,41,
57,51,
86,-37,
76,-56,
32,-9,
-7,-34,
40,30,
54,45,
38,22,
-6,14,
-20,20,
5,-3,
78,-4,
39,90,
33,31,
4,23,
-52,34,
-29,-12,
-24,-28,
34,35,
65,-11,
78,2,
21,35,
-48,51,
-20,42,
58,27,
83,22,
461,-17,
2765,132,
7426,1601,
7905,2921,
7409,4258,
1824,2985,
-2593,236,
-2429,-544,
-1134,777,
-1359,2121,
-1703,1825,
-1167,658,
-435,-65,
-212,-116,
-237,-10,
-241,-43,
-154,40,
-183,227,
-148,539,
-116,525,
-131,405,
344,316,
501,-79,
153,-339,
-180,-357,
-223,-276,
-242,-139,
-248,-77,
-246,82,
-95,120,
90,93,
115,-21,
-26,-153,
-375,-73,
-252,104,
-75,115,
-99,31,
-327,-173,
-146,-201,
-5,-316,
141,-313,
87,-271,
-161,-185,
-242,-123,
-143,-120,
-68,-48,
-45,13,
44,32,
197,26,
456,150,
206,188,
25,89,
-33,21,
-179,-143,
-86,-119,
-82,-72,
-67,-89,
-14,-65,
-49,-33,
-78,-58,
-146,-20,
-194,27,
-209,156,
-165,125,
-186,132,
-223,154,
-130,178,
7,44,
106,-177,
118,-322,
72,-210,
-21,-128,
-5,-42,
-68,118,
-183,191,
-253,87,
-207,-88,
-89,-155,
69,-203,
91,-124,
131,-88,
111,-91,
10,-36,
-37,3,
-73,91,
-121,9,
-7,-18,
-44,-4,
-67,-53,
-99,-64,
-75,-32,
-5,-42,
-15,-12,
20,-47,
-32,-70,
-71,-52,
-35,-18,
-50,-52,
23,20,
-14,-25,
-12,-88,
-19,-129,
-9,-20,
30,21,
-22,-24,
15,5,
-18,-4,
-62,-52,
2,-71,
21,-20,
43,-37,
-33,14,
-17,11,
-37,-51,
-17,-83,
8,-10,
13,-1,
49,-53,
-35,-30,
-38,-49,
33,-31,
40,-57,
59,-85,
55,-52,
20,-47,
-94,-2,
-92,-3,
-74,-27,
-1,-64,
-25,-14,
8,7,
-14,82,
-55,58,
-75,-8,
-49,-14,
-82,-45,
-78,-74,
-61,-60,
-84,-13,
-58,20,
0,-65,
-25,-48,
-41,1,
-43,36,
0,-1,
-60,4,
-3,-60,
-20,-40,
-19,14,
-46,5,
7,-19,
29,-61,
8,-23,
16,-45,
-71,-103,
-80,-47,
-33,-11,
46,15,
23,-42,
-18,-70,
-31,-89,
00>
_________________________________
00>
RX Timestamp: 579966549758
00>
Clock Offset: 2387.810 Hz, -0.299 ppm
00>
RX Timestamp: 581040973309
00>
Clock Offset: 2235.317 Hz, -0.280 ppm
00>
_________________________________
Sequence Number: 181
00>
00>
Printing STS0 CIR
00>
00>
_________________________________
00>
-7,-58,
-10,-53,
13,60,
-22,63,
-101,-12,
-23,-7,
43,70,
56,23,
14,-47,
-9,-3,
12,37,
-21,55,
-32,5,
4,21,
130,86,
49,102,
62,30,
-2,-25,
-31,52,
-41,110,
-19,87,
-24,50,
3,77,
65,52,
62,57,
-38,42,
19,-25,
81,46,
77,-53,
16,12,
73,-3,
125,21,
64,40,
10,9,
28,-39,
-45,-4,
4,23,
-33,-28,
87,0,
124,-45,
68,66,
18,17,
-21,40,
-10,56,
-17,69,
26,45,
-63,-10,
-76,22,
31,-40,
73,16,
44,-49,
-11,-39,
59,-43,
8,14,
-7,83,
7,24,
-8,3,
-11,-12,
53,27,
37,-32,
-25,34,
4,74,
-24,118,
10,44,
-11,-57,
52,15,
40,8,
52,-34,
-29,-23,
-5,-39,
37,-35,
93,-75,
75,17,
69,55,
20,-89,
-4,-18,
-47,101,
-8,65,
49,3,
-9,-37,
79,-15,
32,-18,
30,22,
-29,36,
-13,-36,
6,-43,
13,-57,
10,42,
-38,38,
-36,-1,
-76,19,
-20,-31,
-12,-40,
-10,7,
-12,-6,
-17,23,
44,100,
20,66,
7,-12,
-96,-57,
-6,-14,
34,7,
49,-22,
28,-41,
-50,-78,
37,11,
-40,-39,
-39,7,
22,14,
98,33,
50,75,
-7,44,
19,-80,
23,-120,
5,12,
-16,41,
-4,-6,
48,-41,
49,-19,
120,-13,
35,11,
-36,35,
0,-19,
64,-43,
-52,17,
-43,-4,
21,-34,
-48,-37,
-15,28,
12,-39,
78,49,
-15,25,
-69,-14,
22,11,
129,38,
21,11,
-66,-20,
-27,-73,
-7,15,
27,103,
31,52,
38,36,
-4,-11,
19,51,
-8,44,
66,-4,
72,-13,
-32,5,
-55,120,
-25,123,
-30,29,
1,-81,
31,-23,
-12,-10,
16,54,
49,16,
26,133,
70,91,
15,-3,
27,-50,
76,30,
81,21,
95,37,
43,25,
8,64,
18,57,
14,16,
11,81,
-58,-47,
-37,-39,
51,11,
43,18,
-77,-24,
4,0,
39,21,
16,58,
38,-4,
10,-79,
-60,-109,
-16,9,
61,-35,
2,-105,
58,-43,
144,68,
45,57,
15,48,
41,87,
-23,71,
-66,36,
5,10,
35,-25,
42,-101,
39,-61,
6,19,
-6,11,
31,-46,
96,-20,
-7,69,
-21,-34,
1,-61,
80,17,
66,53,
-62,78,
-27,29,
67,1,
67,43,
51,15,
54,6,
-22,-24,
79,-2,
16,-43,
26,-64,
28,-22,
5,-60,
16,-4,
31,-78,
-5,2,
48,-10,
21,42,
3,-40,
53,-42,
58,50,
64,12,
-3,-41,
-11,-107,
-9,9,
-13,77,
6,116,
-33,154,
21,114,
3,83,
84,-40,
127,-13,
102,75,
24,26,
-37,1,
-52,-19,
-60,3,
25,60,
-20,78,
42,70,
-45,8,
11,-17,
-16,-11,
-33,-17,
34,16,
106,-18,
22,-52,
-22,46,
-28,57,
-33,61,
28,4,
28,35,
38,-27,
30,-20,
19,-12,
-41,-13,
-31,-18,
19,-15,
34,23,
12,12,
18,-4,
1,21,
-33,39,
53,38,
60,-62,
-1,-38,
-49,-57,
19,-21,
-7,-10,
29,-4,
-6,-38,
26,6,
3,8,
1,-7,
30,40,
23,41,
62,22,
38,6,
26,0,
-49,10,
-40,20,
-7,8,
56,-4,
54,-15,
-19,0,
-47,16,
-24,3,
-8,1,
41,9,
11,43,
4,18,
39,-9,
34,16,
-25,-37,
31,-62,
69,32,
74,51,
91,-22,
86,-5,
44,5,
-10,48,
12,-81,
15,-20,
-78,27,
-60,86,
43,0,
55,-38,
12,-5,
34,8,
46,-25,
39,48,
10,-26,
-4,24,
21,12,
74,48,
72,101,
22,73,
3,55,
19,124,
68,12,
28,-21,
-51,35,
44,47,
-31,1,
51,13,
112,-41,
21,-51,
-40,32,
41,-35,
71,43,
-11,-35,
-16,6,
3,-5,
80,-59,
72,-20,
28,32,
-45,17,
16,7,
-1,-1,
31,15,
-51,33,
64,24,
74,25,
22,-4,
-3,38,
-42,40,
-25,44,
29,0,
-10,19,
-10,-14,
6,-47,
-30,-25,
-73,-53,
-680,47,
-3108,-57,
-6535,-754,
-7054,-2087,
-3820,-2911,
753,-1332,
1530,786,
-948,2141,
-3212,2211,
-3142,1471,
-1412,762,
31,267,
574,76,
422,-135,
140,-167,
167,-39,
150,26,
230,140,
200,227,
89,217,
77,-69,
-94,-362,
-115,-361,
67,-162,
293,-23,
334,43,
387,200,
406,422,
464,690,
319,507,
89,194,
-100,21,
-96,-128,
48,-118,
160,-142,
164,-138,
333,-87,
191,-35,
8,131,
-113,174,
-118,192,
51,88,
173,-7,
142,-48,
190,-96,
152,-35,
155,57,
206,28,
141,-92,
159,-157,
78,-155,
68,41,
17,193,
13,264,
51,301,
135,217,
78,-45,
111,-114,
104,-96,
82,-68,
43,-144,
61,-111,
47,-69,
74,-54,
18,-102,
18,-151,
52,-73,
46,39,
158,141,
149,102,
127,-13,
58,-161,
109,-135,
67,-87,
99,-87,
167,-44,
222,116,
266,157,
92,241,
-4,22,
92,-55,
194,-131,
149,-64,
116,-61,
16,-102,
-15,-118,
45,-23,
72,-34,
113,18,
89,-24,
106,-113,
100,-24,
85,-46,
30,-46,
21,-37,
40,-51,
86,49,
99,89,
62,30,
54,-3,
79,-19,
88,46,
96,44,
85,49,
124,59,
94,48,
87,-71,
50,-80,
122,-15,
102,39,
145,-19,
35,-34,
30,31,
93,-20,
96,-15,
34,6,
92,14,
85,-7,
49,99,
35,43,
31,-16,
59,-96,
63,-44,
42,-14,
82,39,
115,-55,
129,19,
154,115,
113,8,
109,-17,
124,-51,
23,19,
59,-4,
52,-54,
123,-64,
110,-33,
116,-49,
36,24,
54,33,
106,-26,
96,-12,
88,4,
53,61,
21,61,
115,14,
151,-9,
115,29,
5,-14,
-11,-16,
109,58,
127,81,
101,69,
93,54,
50,17,
83,-21,
113,-39,
51,-13,
29,41,
00>
_________________________________
00>
00>
Printing STS1 CIR
00>
00>
_________________________________
00>
6,-57,
-56,-74,
-68,-34,
-46,46,
-29,64,
-10,18,
16,32,
0,70,
79,-17,
32,6,
10,6,
-5,84,
16,85,
10,-13,
-7,16,
11,0,
43,75,
-8,16,
18,77,
5,41,
11,28,
-53,46,
-30,85,
46,9,
6,-33,
-20,45,
-15,55,
-65,-4,
-43,-8,
0,-35,
31,-58,
44,-13,
9,9,
24,47,
56,74,
2,74,
34,122,
21,124,
13,111,
51,-61,
30,-85,
12,-46,
9,41,
-46,14,
-67,-20,
-34,-2,
-49,11,
22,-2,
35,-69,
22,40,
22,36,
2,35,
-29,-4,
-35,23,
-53,20,
-52,30,
44,-46,
82,-26,
16,33,
51,66,
38,14,
45,18,
48,55,
-2,80,
-33,35,
-52,-5,
-36,-7,
56,39,
13,61,
-21,17,
-18,60,
106,50,
101,48,
112,3,
40,-29,
-24,6,
-26,73,
36,34,
86,-24,
-4,-35,
-104,10,
-79,51,
-21,91,
19,23,
22,95,
-41,100,
-26,43,
-2,-27,
84,-53,
-46,-33,
-44,24,
-26,-8,
67,0,
46,8,
25,72,
8,113,
-54,25,
-26,-12,
-9,-18,
24,-8,
20,-28,
-11,-33,
48,-56,
63,17,
7,7,
-45,-53,
-3,-54,
-3,13,
-1,14,
37,21,
-15,49,
9,5,
-37,-30,
-37,8,
-106,9,
-14,78,
63,63,
18,53,
12,59,
28,88,
2,46,
25,-22,
74,-18,
23,38,
4,94,
31,100,
33,51,
82,37,
-23,0,
15,33,
121,-36,
37,36,
1,40,
25,-8,
-25,-12,
0,-6,
16,-13,
63,20,
32,31,
-14,91,
12,107,
-1,7,
57,28,
-21,73,
-8,48,
-10,74,
42,27,
31,-7,
23,-13,
22,-56,
75,18,
-3,78,
-42,111,
14,6,
58,7,
43,-7,
-3,8,
-23,20,
-9,50,
70,60,
18,-6,
39,14,
40,3,
118,53,
66,125,
50,143,
90,-1,
74,-5,
5,-32,
-58,36,
-51,29,
-14,-47,
-32,-34,
14,12,
18,-28,
29,-10,
14,-11,
71,26,
115,-3,
82,34,
12,64,
-2,101,
-20,26,
67,32,
58,-27,
-18,19,
-74,20,
-37,51,
1,45,
22,-8,
31,63,
29,18,
49,10,
29,-6,
-26,-38,
-42,30,
10,28,
49,3,
60,11,
11,41,
9,5,
81,-2,
47,20,
-12,62,
56,14,
58,-21,
30,-39,
24,19,
-63,35,
24,-17,
75,-17,
99,52,
37,33,
6,15,
12,-35,
11,-15,
76,-8,
97,9,
40,-25,
34,73,
-28,2,
58,-22,
23,28,
-19,82,
4,65,
57,-17,
27,-70,
72,22,
81,119,
65,159,
7,90,
-7,44,
16,-12,
-1,62,
61,43,
49,21,
-11,-54,
24,5,
-5,-9,
25,24,
31,62,
37,55,
152,-6,
81,-43,
25,86,
-29,62,
-29,69,
-2,63,
13,41,
-2,-1,
82,-15,
118,-14,
52,21,
-8,48,
-72,49,
-18,135,
31,34,
-24,17,
12,-10,
-5,25,
-35,70,
-9,136,
-6,45,
35,-106,
24,-60,
23,-23,
50,35,
4,-34,
17,1,
37,43,
58,45,
2,-17,
-31,-60,
25,-5,
-20,17,
61,33,
15,23,
58,46,
-1,-1,
32,30,
94,19,
63,32,
2,47,
-39,36,
10,0,
39,-25,
8,33,
61,63,
13,27,
40,24,
41,64,
-3,21,
-24,14,
32,-9,
78,-15,
89,3,
11,13,
23,64,
58,-1,
58,51,
-2,-32,
-19,15,
85,-11,
39,70,
14,61,
-28,56,
4,75,
1,12,
-2,23,
37,-30,
31,12,
50,-47,
56,-15,
26,-21,
46,-10,
0,17,
-62,11,
-60,-13,
-42,19,
40,26,
72,62,
-10,47,
22,9,
38,7,
19,-14,
45,9,
52,15,
24,15,
9,-6,
66,3,
107,-19,
98,-21,
-67,35,
-68,26,
-34,31,
-11,-6,
30,-20,
-7,14,
-32,156,
-38,51,
11,-14,
53,-30,
22,-20,
-35,10,
-46,6,
37,-7,
49,17,
49,69,
24,83,
7,22,
28,35,
75,35,
44,-36,
-27,-32,
-756,167,
-3574,380,
-6993,-89,
-7571,-1298,
-4614,-2206,
427,-1518,
2230,-324,
1201,-91,
389,-945,
598,-1464,
832,-1066,
637,-311,
398,73,
267,43,
271,-55,
146,-20,
134,-58,
71,-238,
88,-498,
121,-463,
-86,-267,
-327,53,
-259,271,
122,247,
438,127,
301,164,
183,171,
106,95,
170,-44,
15,-144,
-15,-50,
70,60,
233,105,
289,105,
179,-71,
175,-120,
231,48,
146,138,
149,207,
75,230,
40,224,
125,182,
213,190,
166,158,
160,99,
63,12,
-1,-37,
22,54,
-137,73,
-287,1,
-194,-75,
-75,-40,
87,0,
86,63,
112,99,
135,36,
124,12,
62,-14,
21,37,
3,43,
160,-6,
138,-16,
207,-61,
153,-110,
137,-171,
118,-209,
83,-110,
77,11,
-1,146,
42,147,
27,158,
67,69,
69,1,
95,-8,
150,-27,
172,32,
216,78,
192,101,
-38,74,
-37,6,
-36,76,
97,109,
26,59,
50,137,
158,87,
126,32,
63,36,
65,50,
127,27,
112,42,
90,21,
14,71,
5,92,
73,62,
108,79,
100,35,
135,12,
66,38,
63,104,
24,39,
87,70,
161,73,
145,59,
40,0,
72,13,
78,99,
106,126,
35,73,
0,37,
-4,20,
33,88,
59,52,
50,-3,
33,-51,
-43,-71,
17,-5,
91,30,
137,9,
50,43,
38,78,
29,60,
97,-3,
114,34,
63,52,
35,25,
112,62,
91,105,
126,117,
150,-8,
72,19,
36,83,
35,65,
149,92,
115,124,
140,115,
175,54,
132,11,
83,27,
65,3,
82,12,
126,108,
97,115,
130,78,
71,79,
75,44,
108,17,
110,-63,
74,-119,
116,-25,
115,129,
119,91,
80,52,
88,-4,
134,32,
60,72,
64,19,
76,17,
114,29,
00>
_________________________________
00>
_________________________________
Sequence Number: 184
00>
00>
Printing STS0 CIR
00>
00>
_________________________________
00>
10,19,
-27,45,
16,6,
10,-5,
-19,41,
-4,23,
-25,26,
-56,-9,
13,-84,
48,-73,
13,-39,
39,68,
21,45,
45,1,
-10,61,
-33,38,
-42,34,
4,23,
26,-10,
-14,-5,
-40,-36,
-15,-56,
0,12,
47,54,
17,16,
-8,2,
-39,-14,
31,-5,
15,-7,
46,-35,
60,-19,
6,24,
-50,-12,
13,39,
16,13,
14,-17,
-14,-6,
-4,37,
23,-32,
-12,-41,
-73,-11,
-38,48,
2,43,
53,37,
70,35,
8,43,
-47,54,
-31,37,
-2,40,
67,1,
-27,12,
-46,17,
-27,20,
1,39,
42,46,
45,2,
-59,-16,
-7,-25,
-15,-55,
-19,-43,
-8,52,
6,13,
12,47,
-43,-28,
-3,-49,
-17,-29,
-2,55,
-2,-18,
9,-17,
22,-12,
-22,-5,
-15,59,
34,6,
12,68,
2,75,
8,-54,
-7,-83,
-17,-78,
-13,-38,
7,-18,
-15,5,
2,16,
62,14,
-15,23,
-5,31,
0,56,
-22,7,
63,1,
-20,27,
-29,47,
-88,20,
2,-43,
66,-92,
-7,-17,
44,54,
63,37,
103,94,
18,53,
-28,-22,
-20,3,
-38,8,
17,-25,
40,-8,
12,-38,
-21,-36,
51,-44,
39,-8,
67,-23,
4,49,
3,127,
-7,77,
12,40,
12,59,
21,26,
-8,25,
17,-10,
-26,-5,
6,-28,
-4,19,
-31,20,
38,-21,
28,-2,
29,-59,
-42,14,
-62,-37,
-40,10,
-39,-26,
36,0,
-18,16,
-73,38,
-66,-3,
33,-35,
92,19,
46,22,
2,43,
-45,86,
19,28,
51,32,
-4,27,
-13,-11,
-34,-8,
21,-13,
31,22,
-27,10,
-58,-47,
-62,0,
-49,-12,
-17,32,
-1,-55,
-9,3,
-32,18,
1,-23,
-42,-55,
-20,-49,
45,-46,
48,27,
-32,76,
-2,110,
49,112,
20,75,
67,55,
54,-40,
32,23,
62,24,
-24,20,
-6,-3,
-21,-83,
-34,-36,
-19,-45,
17,52,
-56,-15,
-27,6,
41,-23,
-5,-55,
-24,-10,
-24,-41,
9,4,
7,-87,
-19,-46,
-16,5,
20,82,
8,54,
-17,17,
-41,12,
-37,-23,
-21,-63,
-28,-61,
31,-42,
10,50,
86,60,
46,142,
57,81,
34,94,
-29,37,
40,-25,
19,-18,
-44,-11,
1,0,
21,8,
33,11,
43,51,
10,31,
-78,-4,
-23,-31,
7,10,
-8,33,
1,-9,
23,25,
-8,60,
6,-19,
-45,-13,
-18,4,
7,-34,
-1,16,
-5,68,
-35,102,
22,70,
29,22,
-8,-69,
-50,-17,
-36,32,
53,8,
-53,-1,
-22,-2,
5,-38,
-63,-36,
-53,-7,
30,7,
-49,12,
-29,-16,
-1,-31,
-42,5,
-32,12,
-4,40,
-49,29,
-69,71,
-29,77,
-46,30,
-41,69,
12,16,
25,0,
-111,15,
-35,37,
-5,-11,
17,13,
-14,7,
8,0,
-23,10,
7,-46,
-14,-14,
-11,78,
-9,7,
-14,-47,
-75,-49,
-6,-24,
62,59,
43,51,
9,-28,
-40,-14,
-28,41,
-43,-21,
-1,-12,
11,66,
4,41,
33,40,
60,-4,
-17,15,
-25,-23,
-75,40,
-67,6,
-35,-30,
-2,-11,
-16,-7,
2,34,
0,-58,
-23,13,
-27,28,
50,13,
13,-11,
23,-39,
13,-14,
-13,-26,
55,73,
75,55,
45,-17,
-52,-85,
41,-57,
21,2,
11,0,
-32,4,
-24,24,
-35,28,
-20,-12,
4,15,
26,34,
47,17,
44,7,
59,33,
124,52,
58,-28,
34,20,
-17,-64,
17,32,
-10,9,
29,19,
-1,-10,
24,-33,
13,4,
36,33,
-16,7,
25,15,
-78,-10,
29,-8,
6,33,
40,-12,
55,20,
-24,72,
-49,8,
11,-49,
-30,32,
-23,58,
21,40,
19,23,
72,-61,
21,20,
30,47,
-9,25,
4,89,
50,66,
29,91,
-34,19,
-35,21,
-56,83,
-5,5,
45,-58,
47,-42,
-32,28,
1,23,
-41,14,
-5,-17,
-4,-4,
86,36,
36,71,
-2,-24,
-48,-6,
-15,4,
-21,-6,
29,-6,
23,-39,
41,2,
-63,-3,
-26,-4,
28,-4,
38,14,
15,-17,
-20,51,
36,10,
-17,-71,
409,-499,
3187,-2585,
7008,-4305,
7653,-3271,
5102,-347,
-1530,2031,
-5040,2414,
-5431,1927,
-6556,2227,
-7399,2167,
-6388,1468,
-2338,520,
125,239,
530,228,
131,155,
-38,147,
93,135,
291,220,
247,284,
222,335,
452,252,
389,-55,
368,-415,
150,-423,
-12,-274,
12,-39,
127,211,
389,354,
619,474,
605,399,
313,107,
-43,-177,
-58,-240,
126,-159,
125,56,
138,140,
225,178,
115,341,
-155,426,
-467,171,
-378,-290,
-218,-459,
-3,-471,
116,-256,
46,-67,
75,-23,
167,79,
239,131,
240,128,
389,-58,
151,-27,
55,-7,
342,-70,
132,27,
8,1,
-107,75,
-47,109,
-41,57,
-1,11,
-24,-22,
-34,-38,
-3,71,
-43,112,
-41,117,
-129,43,
-231,-37,
2,-136,
4,-138,
153,-113,
60,-18,
108,75,
49,117,
115,85,
124,60,
141,54,
-18,166,
-126,95,
-141,55,
-18,-38,
88,-13,
-3,-47,
-181,-61,
-89,-168,
-3,-117,
142,17,
126,56,
60,19,
37,80,
57,131,
-36,136,
-9,99,
-1,39,
50,28,
60,10,
-12,-31,
23,34,
33,35,
-33,99,
13,7,
-6,-42,
-30,-31,
19,30,
3,34,
-40,-10,
-29,-61,
-24,-29,
-48,5,
28,-81,
29,19,
-1,-16,
-7,3,
-19,10,
0,47,
83,75,
77,-48,
-14,-97,
-52,-102,
-2,-25,
105,76,
55,16,
50,20,
33,-11,
34,-20,
-40,-21,
13,7,
24,57,
-5,29,
5,-16,
-23,21,
-28,121,
58,72,
16,27,
28,46,
-28,-18,
11,26,
24,22,
-22,20,
10,-58,
-49,-86,
-38,-79,
-6,-9,
21,58,
7,31,
96,53,
47,37,
39,-32,
2,2,
22,-8,
134,51,
84,-3,
-75,20,
-14,6,
4,19,
-25,48,
00>
_________________________________
00>
00>
Printing STS1 CIR
00>
00>
_________________________________
00>
27,2,
28,69,
-29,20,
-54,-15,
-22,-19,
8,-21,
-1,-3,
26,21,
28,33,
42,57,
2,84,
2,-7,
-41,-15,
-36,-17,
-11,38,
44,23,
-7,17,
4,31,
-44,67,
-10,10,
-35,-31,
-29,7,
23,-26,
62,-76,
52,27,
7,43,
26,24,
-26,-46,
-15,20,
32,38,
79,54,
19,22,
-9,-30,
32,-3,
27,-29,
-2,21,
40,-7,
24,43,
-38,61,
-9,25,
60,-5,
28,17,
1,8,
-46,83,
7,44,
-9,21,
34,-45,
-9,-62,
-24,-32,
-47,-3,
-10,6,
-18,22,
-25,34,
-56,38,
-23,-23,
-25,24,
15,-3,
44,-5,
-17,24,
-60,-41,
-28,-13,
-21,-73,
13,-79,
35,-46,
13,-11,
41,-40,
33,-10,
-11,-29,
46,-40,
-15,-38,
-65,-54,
-89,-27,
1,-40,
8,-49,
3,-13,
-70,15,
28,33,
21,-24,
26,-64,
5,2,
9,22,
-46,35,
-67,-20,
3,-54,
26,-25,
50,-9,
-8,37,
-23,53,
-29,25,
-4,21,
-73,-25,
-66,81,
-41,64,
-53,35,
-41,-28,
15,-6,
-18,7,
-65,28,
-76,-7,
-44,2,
-6,26,
21,1,
54,19,
52,74,
66,70,
45,86,
-11,-1,
-23,-5,
15,33,
30,21,
43,15,
-13,54,
64,49,
45,1,
-15,-24,
-45,9,
5,2,
-10,-19,
2,-6,
-10,38,
-6,26,
1,21,
26,53,
12,25,
-14,18,
31,23,
54,30,
-10,30,
5,46,
-19,-49,
-9,-56,
49,-27,
10,0,
-13,42,
21,0,
33,-38,
-25,-63,
-34,-54,
22,-115,
68,-38,
27,-1,
6,19,
22,-29,
27,-82,
86,-72,
47,-23,
-4,7,
21,1,
34,-7,
-28,50,
-12,18,
32,76,
29,53,
11,76,
13,47,
28,74,
-28,15,
16,-56,
65,-70,
81,-21,
21,39,
10,32,
34,23,
46,-33,
38,-29,
7,6,
-29,32,
79,-1,
-4,-53,
9,-117,
-44,-95,
13,-5,
18,71,
4,32,
-31,3,
-32,1,
45,-63,
16,-37,
21,-37,
-1,-36,
-28,9,
26,38,
37,25,
20,16,
-1,14,
-12,1,
-33,18,
5,-7,
-31,-23,
31,5,
28,35,
74,48,
3,-2,
4,-47,
40,18,
46,10,
-16,7,
-15,-26,
58,6,
99,-21,
-8,-10,
-10,25,
-6,14,
18,6,
38,7,
-10,6,
2,11,
-43,-14,
-7,-86,
35,-21,
2,-6,
-7,46,
-38,43,
-49,5,
-36,59,
40,40,
8,41,
26,14,
-29,-42,
10,-8,
-27,-23,
-12,2,
-37,-2,
-8,-5,
-38,-28,
-31,-13,
-24,12,
-55,68,
-21,20,
24,-6,
9,-15,
-3,65,
17,58,
14,37,
28,-33,
3,-20,
-9,-26,
7,12,
29,-16,
7,-11,
12,-4,
3,-5,
27,7,
5,-37,
12,-49,
-46,48,
-17,-12,
38,36,
65,27,
24,-8,
41,21,
75,-49,
83,0,
6,2,
9,0,
23,-10,
57,-72,
-17,-45,
-73,-2,
-30,69,
18,38,
31,-15,
-23,-50,
-32,-60,
39,9,
-14,-43,
37,54,
35,16,
72,-20,
58,-65,
24,-17,
67,54,
53,14,
53,-71,
76,-43,
29,7,
12,8,
14,-8,
-8,-47,
-39,47,
-38,65,
26,102,
95,37,
68,-22,
41,76,
52,22,
31,11,
23,69,
8,21,
17,-18,
-6,-36,
32,10,
28,13,
34,45,
81,23,
45,31,
25,27,
2,38,
-8,42,
20,-35,
-3,-35,
-30,-49,
-19,18,
-18,85,
24,25,
38,9,
17,12,
7,25,
-13,-11,
63,-7,
49,8,
-35,38,
-18,-9,
41,12,
-51,-5,
40,-57,
-7,-48,
23,33,
3,28,
12,-15,
51,-64,
32,-94,
-6,-25,
28,-5,
26,19,
-26,-36,
-1,21,
6,-27,
53,0,
42,3,
14,31,
-62,1,
-32,-12,
1,82,
51,38,
-15,-32,
12,-27,
40,-29,
72,-7,
86,-32,
12,16,
15,28,
-13,14,
16,26,
18,39,
20,19,
0,-10,
18,7,
84,21,
42,63,
19,58,
12,25,
-4,-33,
-34,-55,
26,-8,
43,3,
40,-29,
64,-80,
662,-689,
3584,-2872,
6919,-4025,
7704,-3260,
6475,-1355,
860,399,
-847,-413,
969,-2788,
3202,-4326,
3276,-3537,
1656,-1549,
334,-104,
-230,398,
-361,349,
-243,207,
-160,155,
-157,146,
-275,-29,
-300,-377,
-220,-410,
-111,-168,
-23,212,
-120,374,
-454,466,
-616,470,
-701,540,
-503,226,
-297,-168,
-257,-384,
-260,-313,
-148,-173,
41,-116,
199,-174,
252,-65,
110,154,
74,212,
-213,217,
-240,69,
-185,-62,
-58,27,
62,201,
-59,345,
-89,329,
-52,185,
34,132,
127,81,
77,121,
22,116,
-33,193,
-182,236,
-75,69,
-49,59,
-22,52,
30,52,
-42,53,
-115,81,
-131,151,
-121,48,
-38,45,
-36,85,
-46,73,
-64,45,
-81,70,
-79,110,
-129,146,
-212,235,
-97,86,
-85,-36,
-164,-181,
-107,-101,
-28,27,
53,165,
91,194,
33,201,
-73,245,
-131,177,
-172,111,
-163,-31,
-90,-43,
-152,65,
-205,148,
-248,121,
-132,-97,
-62,-72,
-50,18,
-78,55,
-96,116,
-134,155,
-100,95,
-30,58,
-104,23,
-113,15,
-125,39,
-33,25,
-81,49,
-64,5,
-98,108,
-109,165,
31,86,
52,119,
-47,179,
-73,134,
-46,65,
-24,34,
0,65,
62,101,
-19,180,
-54,179,
-77,95,
-51,71,
-50,65,
-85,85,
-167,165,
-139,204,
-43,12,
-46,8,
-151,45,
-123,23,
-94,22,
-41,-28,
-127,93,
-85,88,
-91,49,
-23,19,
-57,23,
-33,3,
-83,59,
-62,75,
-88,62,
-71,76,
0,78,
8,72,
-102,110,
-102,44,
-109,65,
-102,76,
-110,106,
-98,163,
-60,136,
-53,54,
-26,-1,
-107,-21,
-75,60,
-43,28,
13,31,
-20,30,
-69,-19,
-56,-49,
-40,-46,
-12,84,
-92,121,
-112,86,
-94,3,
-149,37,
00>
_________________________________
00>
RX Timestamp: 720377010720
00>
Clock Offset: 1722.050 Hz, -0.216 ppm
00>
RX Timestamp: 721451775769
00>
Clock Offset: 2398.968 Hz, -0.300 ppm
00>
_________________________________
Sequence Number: 61
00>
00>
Printing STS0 CIR
00>
00>
_________________________________
00>
30,-133,
14,-51,
6,-9,
5,75,
42,56,
26,55,
11,36,
20,-5,
31,79,
48,0,
38,42,
-77,9,
-75,78,
52,65,
60,-7,
24,-9,
-43,-13,
-26,-4,
-11,63,
27,92,
-43,62,
-98,-32,
-145,-53,
-58,1,
28,54,
-33,35,
-28,82,
-37,6,
57,-13,
57,-42,
30,-7,
-39,37,
32,26,
66,-16,
25,-30,
43,-15,
-65,-37,
0,13,
56,42,
-6,-51,
-70,-25,
-63,14,
-31,31,
16,1,
6,39,
101,84,
38,48,
-16,-15,
-5,-22,
24,31,
4,27,
27,-9,
-64,-2,
7,-14,
11,5,
7,-41,
27,-52,
26,2,
4,41,
41,76,
-9,-1,
-12,8,
11,-31,
3,-104,
-15,56,
61,85,
86,53,
0,67,
-65,40,
-5,31,
-25,-31,
-11,25,
-7,68,
-25,88,
26,5,
14,-11,
-10,-55,
13,-37,
42,-20,
49,34,
6,27,
49,-33,
44,35,
-3,51,
-10,-17,
1,59,
18,18,
54,1,
25,-45,
-55,-28,
-51,22,
7,19,
5,39,
-31,33,
-36,51,
2,6,
-21,-95,
8,-37,
53,-20,
24,122,
-64,98,
-95,8,
19,-5,
41,-19,
-26,28,
-23,60,
16,63,
-56,15,
22,-2,
67,108,
45,93,
16,82,
19,47,
-20,42,
11,100,
-25,19,
62,-66,
-2,6,
-45,-53,
-22,34,
-15,-6,
14,54,
26,-40,
18,5,
38,65,
33,5,
74,2,
36,21,
-21,93,
-18,59,
10,48,
66,4,
38,18,
-23,-52,
-7,7,
-48,75,
49,98,
27,60,
39,57,
28,37,
55,5,
62,-34,
49,-18,
-7,-9,
38,1,
64,13,
81,-9,
18,19,
18,57,
-38,77,
55,67,
0,63,
43,50,
-5,-15,
43,-19,
1,45,
-40,58,
-46,39,
68,3,
89,-58,
68,29,
65,-6,
16,11,
-72,1,
-44,34,
19,21,
18,-24,
-24,-59,
20,-75,
38,-47,
-35,-60,
-27,76,
-43,31,
-34,1,
-54,51,
-45,73,
-10,28,
46,52,
67,93,
-40,38,
-49,12,
-41,27,
23,77,
14,-1,
22,52,
5,0,
46,35,
46,49,
78,30,
29,24,
17,91,
4,-18,
8,27,
4,29,
15,-3,
-41,3,
-14,-52,
47,-2,
22,10,
44,25,
54,50,
44,27,
30,-35,
-58,-18,
-76,43,
-26,40,
-2,63,
44,35,
34,56,
11,37,
29,32,
79,35,
59,19,
-11,44,
-68,10,
7,35,
-25,-49,
36,-64,
6,4,
-25,48,
14,-3,
42,-29,
30,-5,
27,-1,
16,55,
100,87,
49,45,
13,95,
-32,75,
23,37,
17,36,
81,7,
3,3,
42,-6,
67,-44,
40,-5,
-11,-15,
-24,79,
25,57,
35,5,
-50,-12,
9,-20,
59,-1,
21,37,
-26,-13,
-16,-13,
71,10,
79,0,
17,-52,
41,13,
-10,-34,
17,60,
-23,-24,
-54,4,
8,-42,
-1,13,
54,-66,
29,8,
55,61,
56,61,
-91,-90,
-27,-66,
-17,-12,
68,53,
36,-2,
23,20,
30,75,
-6,80,
17,95,
-12,14,
8,49,
10,71,
-56,59,
-11,-41,
-27,-80,
44,10,
64,47,
-7,12,
10,-30,
-31,22,
21,-45,
34,-5,
-39,9,
21,-10,
71,43,
39,52,
16,37,
-12,-5,
-13,-42,
-24,-17,
-9,26,
17,-11,
72,12,
63,-25,
-39,-6,
-79,33,
-4,-27,
-23,8,
-51,-74,
69,-25,
97,28,
-4,28,
10,-23,
-68,-17,
-1,29,
-14,-2,
-36,98,
4,36,
-17,29,
10,49,
26,16,
16,-37,
52,-69,
1,-37,
-38,73,
-26,33,
61,-14,
4,-21,
27,31,
54,80,
15,32,
28,7,
-38,14,
3,28,
25,62,
-46,35,
8,-6,
39,4,
3,-6,
-42,17,
10,47,
-12,-13,
12,89,
-3,65,
10,54,
31,-41,
44,18,
24,-11,
-18,-32,
23,-26,
9,75,
80,55,
108,-8,
88,-3,
13,37,
-5,19,
34,-15,
13,-59,
57,-72,
-11,-2,
-33,65,
-14,58,
-63,64,
-31,12,
68,-19,
40,-57,
-9,-32,
-2,-8,
198,-55,
1331,-556,
4413,-1477,
7122,-1440,
6722,227,
2369,1652,
-1228,912,
-1082,-1202,
1094,-2789,
2522,-2944,
1811,-1871,
369,-688,
-461,-20,
-454,317,
-173,275,
-63,135,
-161,24,
-179,127,
-242,-20,
-170,-146,
-186,-86,
113,197,
277,330,
114,246,
-180,204,
-304,266,
-291,33,
-390,-208,
-582,-360,
-581,-383,
-331,-220,
-16,-9,
120,82,
74,72,
-136,179,
-30,193,
-82,222,
-139,138,
-48,-36,
-15,-206,
9,-328,
-44,-188,
-78,-56,
-95,78,
-100,67,
-92,25,
-118,42,
-117,118,
-7,160,
33,150,
16,81,
-122,59,
-124,41,
-144,-104,
-93,-142,
-148,-104,
-150,8,
-47,89,
-38,91,
-13,104,
19,188,
42,158,
-62,51,
-48,53,
-11,109,
93,140,
121,102,
53,36,
-44,-109,
-122,-53,
-87,-12,
7,69,
19,141,
-39,163,
-76,70,
-71,87,
-118,-6,
-144,-57,
-112,-56,
-55,7,
-21,48,
-118,198,
-144,280,
-55,136,
68,31,
54,-7,
77,-1,
30,24,
-98,-26,
-93,58,
-77,35,
-61,45,
-108,100,
-77,59,
-39,28,
1,-8,
10,55,
-50,20,
-103,-38,
-50,-16,
-1,-20,
-20,70,
-112,96,
-108,29,
-104,85,
-34,37,
10,46,
-73,77,
-30,100,
-108,61,
-54,52,
4,57,
19,22,
-30,84,
-18,54,
10,-4,
-45,15,
-94,29,
-132,11,
-86,19,
-48,-9,
-5,40,
22,72,
-74,58,
-93,-4,
-50,68,
-24,48,
-12,21,
-123,25,
-164,8,
-145,93,
-60,60,
-29,-27,
-39,-33,
-56,-14,
-76,105,
-110,99,
-40,56,
6,-28,
-31,-25,
-76,25,
7,63,
2,60,
-9,55,
-85,52,
-24,119,
6,141,
15,131,
-26,186,
2,85,
-8,46,
-11,86,
-29,41,
-24,62,
00>
_________________________________
00>
00>
Printing STS1 CIR
00>
00>
_________________________________
00>
29,-31,
1,-35,
8,-95,
60,-31,
15,16,
-84,37,
-55,-24,
-31,26,
-35,56,
5,8,
67,-20,
4,-22,
41,19,
-10,-10,
96,0,
74,67,
-34,132,
-34,56,
-8,-42,
24,-2,
22,19,
-17,0,
13,-65,
27,-31,
79,57,
56,59,
31,84,
9,43,
-57,32,
-55,49,
61,-23,
66,35,
64,54,
10,4,
27,-4,
8,27,
2,1,
-26,65,
54,-5,
14,-2,
-4,3,
-34,46,
15,107,
33,8,
70,34,
-13,42,
-29,13,
-28,-46,
66,-1,
80,-8,
14,8,
-2,12,
-40,-33,
-20,-79,
1,-2,
32,20,
42,-21,
5,-19,
-14,5,
35,63,
48,30,
35,-32,
6,27,
-7,25,
70,25,
-37,8,
-16,-1,
-16,1,
-7,1,
-24,-35,
-84,-45,
-88,21,
-43,46,
14,32,
36,43,
1,9,
2,8,
-38,-22,
-29,28,
-38,32,
14,26,
16,8,
34,-57,
43,26,
42,21,
25,31,
101,-11,
144,2,
85,25,
-29,-49,
-6,-7,
-30,-5,
2,23,
10,49,
30,107,
-35,19,
-47,-48,
65,-79,
22,52,
-18,70,
0,41,
13,-19,
64,-41,
105,41,
62,112,
33,58,
-23,29,
-9,-7,
13,0,
60,23,
86,69,
-5,-8,
-44,43,
-17,64,
26,-4,
51,-16,
30,26,
54,-3,
117,-21,
47,7,
46,54,
8,39,
18,30,
21,-20,
34,-17,
-10,40,
94,47,
33,89,
45,110,
0,47,
-46,23,
-25,13,
20,-1,
26,-46,
-3,7,
-58,55,
-29,59,
31,38,
20,27,
75,11,
72,-7,
43,-30,
52,-9,
19,33,
12,-18,
18,-26,
112,53,
96,49,
-34,54,
-11,27,
69,35,
48,-5,
58,47,
7,39,
-31,43,
-52,-5,
-35,-52,
49,22,
10,71,
8,94,
14,46,
-8,38,
-33,-35,
-79,3,
-22,41,
-4,10,
13,-23,
45,8,
5,28,
-17,17,
-53,-14,
-15,1,
20,26,
-29,48,
-68,9,
-38,-24,
81,28,
130,-1,
72,66,
53,20,
67,-36,
-6,27,
25,34,
-4,99,
8,63,
22,22,
-26,-9,
27,91,
-11,14,
39,-12,
49,-34,
-5,36,
25,53,
10,64,
13,77,
8,41,
29,-23,
14,-45,
22,-12,
1,-15,
-37,18,
25,-5,
-16,-18,
12,-45,
14,-16,
64,-13,
66,-4,
13,16,
-25,6,
-41,-83,
-38,-35,
-27,44,
27,71,
32,-12,
11,-21,
14,-28,
-19,-20,
-12,-12,
-1,-29,
58,15,
28,-41,
20,-21,
-31,-14,
1,20,
32,-4,
98,-25,
36,-9,
-16,-17,
-29,1,
14,7,
19,19,
49,20,
12,12,
7,30,
-3,5,
51,-56,
144,-16,
106,-28,
88,44,
53,30,
37,5,
33,-33,
75,-30,
77,49,
102,63,
9,1,
-26,7,
30,-48,
-6,-37,
12,-9,
-11,116,
43,15,
-31,10,
-35,39,
55,101,
31,59,
49,63,
29,28,
63,42,
18,81,
-60,74,
11,17,
-62,32,
-24,-46,
-19,-37,
48,-17,
0,18,
30,0,
47,31,
55,53,
3,-18,
49,24,
-1,59,
19,20,
117,-64,
61,-18,
-11,-36,
11,49,
22,71,
12,53,
51,38,
72,-3,
47,-44,
53,-33,
74,-31,
21,-39,
13,40,
54,31,
32,-23,
-9,-30,
3,-3,
-20,78,
12,10,
9,-19,
33,5,
44,-12,
37,34,
18,48,
-38,44,
49,10,
-3,18,
-91,36,
-72,89,
-44,21,
22,-73,
41,-12,
9,35,
37,66,
54,21,
-5,-68,
-9,14,
-30,53,
-32,72,
-2,12,
-1,36,
9,73,
-9,-27,
-60,57,
48,16,
-10,2,
-18,4,
-13,3,
-4,47,
-56,25,
-44,66,
42,0,
-44,24,
20,32,
-6,-71,
-28,-122,
7,-61,
19,-46,
-67,30,
-40,38,
34,52,
12,47,
-42,-29,
-25,51,
-11,97,
-33,73,
-68,22,
-58,23,
-48,27,
2,38,
1,-9,
24,-70,
30,17,
11,1,
-2,-20,
-35,27,
-23,52,
16,37,
8,53,
-53,36,
35,18,
49,-82,
-3,37,
-47,63,
182,-142,
1590,-799,
4952,-1970,
7370,-1917,
7194,-739,
2771,1136,
-1384,1463,
-1879,695,
-496,558,
104,1291,
-269,1562,
-596,964,
-451,288,
-229,16,
-184,108,
-141,127,
-131,135,
5,179,
100,348,
101,461,
78,382,
238,97,
251,-157,
22,-217,
-252,-114,
-313,-47,
-220,-13,
-122,4,
-91,63,
16,94,
180,89,
87,-6,
-12,-27,
-165,60,
-212,143,
-62,110,
-84,65,
-203,-27,
-203,-65,
-193,-202,
-85,-281,
-107,-179,
-134,-80,
-223,-1,
-192,-48,
-154,-28,
-25,40,
71,16,
114,-76,
210,-95,
281,-48,
76,-14,
-4,20,
-72,9,
-84,-43,
-92,-26,
-114,7,
-49,46,
48,8,
12,87,
-76,113,
-132,134,
-65,148,
-21,68,
42,96,
24,92,
69,121,
15,140,
0,38,
26,-117,
-63,-170,
-68,-36,
-26,-3,
35,10,
-35,108,
-118,96,
-168,43,
-232,-17,
-51,-159,
111,-152,
56,-107,
-50,-8,
-121,38,
-80,-90,
-45,-125,
-63,15,
-59,60,
-9,31,
-16,65,
-5,5,
9,0,
-45,-68,
-31,-97,
-69,-39,
-63,46,
-73,39,
34,21,
49,-16,
49,-70,
-5,-122,
90,-80,
11,-6,
-47,33,
-14,55,
17,21,
18,11,
-49,59,
-103,84,
-93,44,
-20,36,
1,12,
-24,56,
-7,64,
6,20,
-48,40,
-42,5,
-42,-12,
-30,-56,
-55,-35,
-60,-31,
-58,-5,
-77,-40,
-50,7,
3,-87,
-36,-2,
-67,73,
-54,18,
-78,-7,
-147,38,
-104,14,
-65,-108,
-47,-61,
-24,6,
-75,43,
-79,48,
-83,-2,
-63,-13,
-30,29,
13,66,
-11,59,
-94,-34,
-33,-17,
-66,-33,
-38,67,
-20,43,
-22,23,
-54,-17,
30,38,
-11,17,
-30,-28,
-46,8,
52,1,
42,-23,
-41,-34,
00>
_________________________________
00>
_________________________________
Sequence Number: 64
00>
00>
Printing STS0 CIR
00>
00>
_________________________________
00>
-15,-43,
12,-1,
40,9,
18,-48,
23,2,
13,-4,
-7,-16,
9,-78,
-109,-14,
-10,36,
45,-32,
108,25,
65,56,
-60,32,
4,-5,
22,-55,
29,-1,
77,-19,
-8,-1,
-13,-20,
5,1,
31,-39,
41,-35,
66,19,
21,3,
5,-17,
38,-44,
-33,-16,
-88,-40,
-1,-120,
-66,-61,
29,-58,
15,-19,
59,1,
11,7,
46,7,
23,25,
-18,19,
-71,-41,
36,-57,
85,-3,
22,27,
-58,-39,
-10,-21,
43,-41,
3,58,
-30,28,
41,-18,
-34,-21,
-15,-35,
-17,-25,
-33,25,
-41,13,
-34,-26,
-53,-71,
-2,-11,
27,-1,
83,-28,
74,-1,
54,42,
35,106,
93,-3,
35,32,
25,-21,
1,34,
-49,-4,
-17,-23,
-28,-7,
-3,48,
-63,66,
-101,-27,
-37,-85,
-1,-25,
39,-7,
104,-22,
58,54,
18,13,
-36,19,
11,-46,
0,-55,
2,-37,
-55,-36,
-23,-3,
9,13,
1,-32,
39,-78,
40,-41,
80,28,
49,-50,
-35,-104,
-12,-35,
-29,-12,
-7,-7,
21,-65,
15,-10,
-8,-11,
-33,-70,
3,-25,
27,49,
85,-5,
28,-24,
62,-52,
-4,10,
73,36,
14,53,
47,17,
-1,-12,
-4,-36,
-49,-19,
-1,-48,
8,-56,
4,-73,
28,-100,
-35,-9,
-5,50,
11,-14,
20,31,
57,66,
38,1,
83,-81,
83,-51,
74,-69,
52,-57,
32,-2,
51,15,
17,23,
3,39,
-56,15,
28,33,
29,37,
52,71,
6,19,
-3,10,
47,-12,
115,11,
5,94,
-37,23,
-127,-20,
-27,-152,
58,-62,
40,-2,
10,0,
-23,-8,
-44,34,
5,68,
43,27,
18,29,
43,-20,
54,-95,
30,8,
21,52,
12,53,
47,61,
14,-70,
37,-85,
47,-98,
65,-33,
76,-29,
72,15,
9,118,
6,26,
47,-62,
50,-3,
9,-5,
80,49,
80,-22,
84,51,
-2,24,
-25,25,
-4,-69,
1,-46,
-10,-59,
-67,-61,
13,-5,
-30,-10,
-32,-15,
-37,-8,
-12,-1,
-39,-6,
-16,-3,
-51,-30,
-47,-18,
-19,-108,
15,22,
-47,71,
39,29,
54,-29,
84,22,
37,38,
22,31,
16,-2,
-28,-38,
1,74,
6,41,
2,-9,
-19,-89,
1,-85,
-83,-40,
-75,-111,
-24,-56,
21,2,
59,0,
102,16,
59,6,
-41,-6,
-77,38,
-37,20,
16,-5,
14,-30,
-10,-65,
-1,70,
41,57,
36,23,
50,-14,
-2,24,
30,74,
18,-42,
4,-41,
-41,-1,
-48,61,
-37,91,
24,44,
-18,-89,
45,-73,
-45,-40,
13,-1,
-57,-61,
-31,-53,
16,-60,
5,-43,
-39,1,
49,61,
65,8,
-5,-37,
24,-29,
-12,-1,
-4,66,
55,-24,
50,-9,
8,4,
-21,-1,
-58,-10,
-50,-37,
-4,72,
-42,10,
-72,-46,
21,-142,
45,16,
12,55,
-11,77,
-42,-32,
27,-50,
7,-72,
-37,-13,
-10,-26,
81,0,
73,-47,
41,37,
-22,51,
-71,6,
3,-100,
-36,9,
8,5,
58,-52,
-39,-40,
-19,-75,
1,-6,
-10,71,
-15,28,
-62,36,
-40,15,
16,-25,
21,-39,
-19,-56,
-2,-10,
-5,35,
74,-27,
-12,-11,
18,-60,
15,-31,
-40,-45,
-21,-25,
9,-9,
71,-61,
-29,41,
1,79,
-22,-27,
55,-34,
64,-2,
47,16,
76,41,
18,26,
45,-12,
-30,-24,
38,-34,
-3,-85,
-36,-35,
-37,116,
-52,70,
1,-16,
76,54,
4,100,
38,66,
-28,16,
25,72,
81,34,
34,20,
26,-27,
43,13,
50,-7,
71,45,
-10,13,
10,-40,
71,6,
64,-3,
-6,49,
-10,-12,
19,-14,
39,-21,
23,0,
-12,5,
-30,-58,
-90,-41,
-79,-72,
-100,-93,
-12,-13,
45,-8,
54,17,
-24,37,
0,-26,
48,-40,
56,15,
-21,-43,
53,-12,
86,23,
-6,-51,
27,-44,
-14,9,
-26,60,
-67,-27,
-49,-41,
-31,-38,
-24,-13,
8,3,
54,-20,
28,-50,
12,-39,
97,34,
40,120,
13,30,
1,45,
-20,90,
-44,49,
-9,-15,
92,224,
198,1440,
-135,4482,
-1421,6607,
-2418,5120,
-1559,64,
49,-3171,
1009,-3582,
1184,-3945,
1741,-4975,
2135,-4843,
1596,-2723,
451,-649,
-253,152,
-265,115,
-119,-43,
-42,21,
-96,89,
-264,81,
-340,38,
-346,77,
-236,205,
-9,280,
111,281,
159,81,
60,8,
47,-91,
-181,-76,
-405,-18,
-477,205,
-388,193,
-87,152,
149,16,
141,12,
46,90,
-17,55,
-32,61,
-176,-40,
-202,-194,
-67,-308,
235,-238,
421,-62,
285,124,
61,168,
30,136,
31,105,
-78,35,
-144,110,
-227,82,
-182,153,
-143,208,
-104,165,
-104,127,
-23,56,
22,0,
67,-23,
-68,-33,
-44,-43,
17,-16,
52,12,
84,-31,
96,-166,
71,-137,
64,-143,
4,-84,
-1,-104,
11,-75,
55,22,
111,158,
26,147,
-46,14,
-92,-74,
-81,15,
-36,96,
-35,130,
-95,48,
-85,-140,
10,-210,
67,-85,
34,-42,
19,7,
1,-4,
86,-18,
49,3,
-58,-7,
-7,29,
40,-30,
19,-29,
-111,-37,
-114,7,
-37,70,
-5,21,
-68,-7,
-9,-15,
36,26,
62,9,
-7,-24,
97,-18,
50,-45,
-1,-42,
91,27,
113,20,
84,-1,
-7,-57,
5,-77,
-6,-45,
-29,-62,
-5,-33,
5,66,
24,115,
-45,29,
-11,-32,
61,35,
-29,50,
1,39,
-29,-22,
-61,80,
15,81,
4,66,
35,105,
56,79,
67,10,
82,-23,
57,-42,
14,-48,
37,-7,
46,-53,
20,-63,
92,-21,
23,33,
-15,-28,
-66,-5,
-16,73,
-41,7,
-18,36,
-27,-23,
-24,-31,
-37,-69,
57,-71,
-14,-87,
6,-60,
6,-9,
14,36,
3,-28,
-20,-23,
-6,38,
87,47,
44,16,
-21,62,
-11,88,
-91,65,
-36,14,
24,13,
39,-1,
72,7,
82,79,
67,63,
-18,98,
00>
_________________________________
00>
00>
Printing STS1 CIR
00>
00>
_________________________________
00>
-47,-4,
14,-36,
-51,3,
-51,51,
30,31,
100,-10,
66,-14,
29,32,
-28,-20,
-93,-6,
-100,24,
-19,24,
4,-55,
-8,-67,
57,-46,
49,14,
18,15,
-8,26,
-2,16,
51,10,
57,28,
-27,48,
-38,40,
-49,101,
-31,-2,
-14,-27,
-6,-9,
-18,-12,
-51,20,
-84,17,
-70,8,
11,24,
-27,40,
-40,-5,
-55,73,
-28,124,
70,17,
10,33,
-12,-3,
-48,-33,
2,-37,
47,-78,
37,-24,
-50,-12,
-39,-50,
-73,4,
-6,-7,
-43,-23,
-31,28,
-13,62,
11,21,
39,-35,
-5,-18,
57,-19,
77,42,
41,64,
30,31,
-20,56,
19,35,
-20,-7,
-38,-23,
10,-108,
-24,3,
-20,44,
23,19,
133,31,
-3,20,
-40,44,
-42,19,
8,16,
35,46,
-30,30,
-19,30,
35,37,
-20,20,
-57,20,
36,75,
36,14,
-9,3,
-78,-20,
-63,-7,
39,43,
45,96,
55,62,
-39,30,
-12,8,
24,27,
77,58,
-1,7,
-32,-39,
25,-43,
46,4,
11,46,
-6,49,
39,3,
64,-50,
25,-42,
35,37,
22,22,
65,19,
1,-35,
43,13,
62,40,
83,89,
16,122,
-31,34,
25,-46,
103,-47,
105,0,
49,27,
25,38,
-15,-24,
-28,-30,
-34,35,
-9,126,
-13,70,
18,3,
80,0,
80,49,
18,38,
-38,2,
-13,19,
39,-14,
73,37,
70,31,
27,64,
65,-15,
31,-23,
-10,-45,
-9,-1,
-15,9,
-24,31,
47,61,
72,19,
105,29,
83,109,
4,58,
-47,-9,
-36,-10,
-32,43,
28,59,
4,8,
-56,-2,
-115,25,
-51,20,
22,33,
12,-5,
-8,44,
17,52,
88,50,
31,40,
24,61,
8,4,
23,-25,
36,-16,
26,29,
67,69,
25,67,
-53,21,
-43,51,
-35,-46,
-69,51,
11,35,
-21,61,
12,52,
42,43,
10,46,
-15,54,
26,15,
30,-20,
47,-15,
45,46,
4,36,
-6,22,
20,-17,
56,-15,
14,40,
2,36,
-22,-16,
-46,17,
-120,7,
-58,31,
-42,71,
10,21,
-59,29,
-12,43,
-8,100,
-16,66,
-34,82,
-43,77,
21,25,
51,-69,
-13,11,
-41,55,
49,16,
35,0,
4,8,
-66,23,
17,22,
39,-35,
10,-46,
-30,31,
-54,53,
-81,-28,
-10,4,
17,-23,
29,-46,
32,14,
0,45,
-91,82,
-91,27,
-32,3,
4,-8,
29,15,
12,3,
15,7,
65,30,
41,2,
31,-9,
-33,39,
-5,10,
7,-52,
2,47,
-92,51,
-46,127,
12,64,
-27,77,
-1,41,
39,30,
84,37,
82,40,
20,63,
4,8,
-4,-37,
-46,-6,
-53,80,
-44,108,
12,68,
-17,-6,
-21,9,
42,-44,
46,10,
29,108,
-46,152,
-50,100,
-7,12,
-15,-11,
17,113,
26,108,
15,5,
33,-89,
8,-108,
43,-11,
10,31,
-44,91,
53,56,
66,-33,
46,-48,
45,-36,
-23,-2,
-73,103,
-23,56,
12,-34,
-4,-10,
48,44,
-7,71,
44,41,
108,-2,
64,45,
19,32,
-45,68,
-82,61,
-13,5,
22,6,
-3,-6,
30,-5,
30,-10,
-35,5,
-25,-6,
2,34,
25,28,
50,0,
-29,77,
13,-4,
-10,-28,
-3,6,
-2,40,
3,47,
20,39,
90,40,
67,46,
54,32,
-64,55,
-102,93,
-75,47,
-42,-11,
-41,-30,
5,-84,
-8,19,
8,24,
-66,117,
-37,54,
-17,47,
32,32,
9,-5,
-18,-6,
25,-1,
13,27,
-4,20,
-42,68,
-45,-22,
22,51,
-1,114,
28,90,
-35,26,
-81,39,
-103,-6,
-64,86,
-2,99,
-36,87,
-12,51,
-56,84,
-23,76,
12,56,
19,53,
-22,19,
-20,19,
-50,95,
50,84,
11,-13,
-36,-35,
13,-21,
40,40,
-17,74,
-5,60,
54,36,
8,21,
-17,36,
-37,5,
-62,-52,
69,22,
59,-33,
-1,100,
-16,45,
0,-2,
24,11,
-24,94,
-5,69,
-36,11,
47,-5,
71,6,
98,-3,
64,-16,
38,19,
122,207,
78,1248,
-423,4245,
-1282,6680,
-1849,6073,
-1156,2133,
328,-559,
1008,71,
1142,2090,
956,3060,
514,2236,
83,911,
-121,-9,
-114,-274,
-46,-209,
48,-135,
52,-59,
106,-69,
203,-78,
368,103,
336,99,
29,1,
-110,-81,
-18,-209,
68,-347,
-5,-537,
-29,-493,
200,-263,
389,-55,
417,107,
312,49,
185,65,
75,164,
80,189,
-43,111,
-73,-42,
-53,-156,
16,-193,
37,-144,
17,-79,
28,-12,
-66,-53,
-122,-27,
4,-76,
-49,-27,
-67,54,
-75,68,
-84,-14,
-123,-44,
-89,-117,
-145,-182,
-56,-72,
50,44,
-37,88,
-66,12,
-44,-41,
11,-55,
11,-96,
-13,-96,
-21,-20,
-25,-1,
48,-72,
-3,-22,
41,-28,
41,-96,
5,-101,
-34,-68,
-7,-6,
73,78,
199,49,
114,-5,
14,25,
-134,32,
-150,-4,
-98,-134,
-101,-126,
-18,-132,
55,-104,
124,-53,
48,-68,
100,-100,
109,-132,
186,-76,
111,21,
53,74,
-2,19,
-16,-63,
44,-55,
25,-77,
32,-11,
16,-41,
10,12,
90,-29,
72,-84,
64,-95,
61,-78,
33,-63,
25,-21,
14,-59,
10,-49,
19,-45,
-14,-50,
25,-91,
52,-55,
54,-30,
35,-29,
-48,-57,
30,-57,
48,-59,
54,-43,
-27,-59,
-28,-73,
49,-56,
100,-74,
78,-10,
-19,24,
24,8,
61,4,
74,-34,
10,-11,
67,38,
57,-11,
49,-97,
38,-23,
-14,64,
-2,32,
67,1,
68,-58,
87,-126,
57,-39,
78,24,
39,-29,
22,-67,
18,-84,
0,-53,
41,-52,
49,-115,
24,-117,
9,-106,
23,-79,
58,-80,
69,-74,
-45,-106,
-78,-82,
-80,-54,
46,-31,
14,52,
-54,52,
-41,-23,
-8,-65,
49,-31,
29,-90,
66,-97,
60,-47,
-4,13,
-39,43,
-28,-26,
20,-59,
00>
_________________________________
00>
RX Timestamp: 860784324383
00>
Clock Offset: 2882.481 Hz, -0.361 ppm
00>
RX Timestamp: 861859429406
00>
Clock Offset: 2108.860 Hz, -0.264 ppm
00>
_________________________________
Sequence Number: 197
00>
00>
Printing STS0 CIR
00>
00>
_________________________________
00>
62,-77,
-10,-6,
-54,42,
-64,36,
-25,-13,
19,-7,
15,73,
53,22,
74,-6,
15,37,
25,24,
11,22,
16,-50,
13,-17,
-23,12,
71,-17,
19,-17,
53,-46,
52,-64,
36,-32,
-47,-21,
-80,55,
-41,23,
-13,-77,
42,-60,
-26,-31,
16,-60,
-20,-26,
35,32,
27,137,
40,122,
-13,23,
-25,-92,
24,-9,
64,34,
28,35,
2,-3,
43,-7,
26,27,
50,105,
-20,60,
-32,-18,
-20,-88,
39,-109,
30,-97,
75,2,
98,40,
18,47,
-36,15,
-59,13,
-37,70,
17,79,
-21,-52,
-6,-16,
100,-54,
94,-53,
-11,-65,
-25,14,
-3,47,
38,70,
17,36,
0,9,
52,36,
42,59,
52,65,
28,20,
36,47,
-9,-2,
71,-5,
-13,8,
-23,23,
6,-21,
-46,-39,
-12,-12,
40,53,
35,69,
-60,9,
-19,-89,
36,15,
-6,8,
-48,30,
-15,10,
11,-7,
57,-64,
5,-61,
-18,-41,
-33,-6,
-43,43,
-8,44,
-61,50,
-45,74,
22,94,
35,18,
-28,-11,
56,15,
-6,22,
-35,28,
-41,22,
33,1,
-6,-18,
19,-4,
39,10,
60,18,
89,7,
50,52,
80,26,
15,-66,
-36,-31,
-61,43,
-1,71,
102,-24,
-22,0,
-17,11,
8,11,
-45,7,
-104,-17,
-31,30,
-3,-64,
-25,-32,
-63,55,
29,105,
19,56,
19,-41,
13,-59,
56,-47,
36,-1,
-10,-29,
-56,-78,
6,-42,
4,-63,
36,1,
-22,76,
-21,11,
-64,5,
-68,19,
-118,-16,
-10,15,
17,-1,
-57,9,
-137,5,
-106,33,
23,-6,
28,-17,
73,-19,
-23,47,
-54,-10,
23,-34,
77,12,
11,-59,
59,34,
6,82,
-21,85,
6,60,
-28,26,
25,-71,
11,1,
8,20,
78,16,
64,36,
-43,-1,
-83,29,
3,2,
8,12,
-4,69,
-46,66,
-48,-1,
-17,-4,
-11,-64,
-12,-66,
-20,54,
11,40,
-56,39,
-42,14,
11,-94,
-44,-19,
-20,-2,
-42,-47,
-49,-15,
36,-23,
125,57,
-9,74,
-55,11,
-91,21,
-2,29,
97,3,
31,13,
-119,40,
-97,40,
19,37,
16,79,
32,44,
8,-11,
-22,37,
-9,30,
3,1,
-40,8,
-52,-9,
-13,27,
-34,-4,
-16,-22,
37,-15,
-35,30,
5,77,
-32,79,
-10,20,
71,18,
79,60,
58,-8,
-26,2,
-44,2,
-53,1,
36,19,
-31,-17,
-92,-21,
-63,14,
70,19,
56,-63,
-45,-4,
-91,-27,
-30,10,
61,-11,
8,-69,
-28,67,
27,48,
98,86,
-25,31,
-34,-72,
62,-2,
88,66,
33,-20,
-50,-27,
20,-24,
41,-3,
52,-31,
41,-12,
25,79,
-48,31,
-13,100,
-15,55,
21,-3,
-40,-3,
-52,44,
-75,40,
40,29,
20,26,
-46,-6,
-10,-29,
5,-74,
-32,-57,
-21,-1,
-52,8,
-2,42,
-1,-28,
-63,-19,
-39,52,
36,71,
14,40,
-67,-27,
-62,-48,
-89,36,
-57,81,
-15,5,
32,13,
5,85,
26,5,
16,16,
15,-10,
-68,32,
-17,27,
10,20,
17,63,
19,72,
40,25,
-37,9,
-12,26,
17,16,
14,-6,
-36,-35,
39,-3,
114,-27,
50,-13,
72,-84,
31,-25,
-21,-60,
12,-92,
-61,-27,
-47,24,
-60,-35,
-47,7,
0,25,
-9,-19,
-62,-32,
-29,30,
-41,28,
-42,-26,
-48,-57,
60,-45,
-1,58,
53,22,
0,-8,
41,28,
-22,-43,
-36,-12,
-18,27,
64,21,
0,-8,
-3,31,
16,46,
10,-67,
-3,7,
-31,-7,
-93,11,
-32,13,
30,-7,
-18,-20,
6,12,
-55,-9,
-87,-67,
-29,40,
60,73,
50,96,
48,-7,
46,49,
34,14,
-83,-9,
7,-41,
16,6,
102,38,
43,28,
-41,-12,
-60,-35,
40,-23,
48,44,
7,29,
48,5,
7,-40,
69,-20,
-31,2,
54,17,
18,22,
-15,-38,
41,5,
-8,-62,
-5,-12,
-30,-17,
40,-10,
-11,-13,
-90,-11,
24,113,
87,23,
19,-37,
-20,-124,
3,-54,
90,23,
89,165,
425,1490,
543,4895,
-561,7193,
-2195,6338,
-2732,1754,
-870,-1429,
1518,-310,
2690,2319,
2314,3443,
1364,2385,
639,644,
139,-425,
-71,-498,
-147,-276,
-106,-173,
-25,-204,
-35,-216,
121,-142,
250,-117,
143,-90,
-111,-11,
-379,80,
-243,46,
-110,-162,
-59,-309,
70,-363,
298,-378,
579,-400,
616,-396,
496,-220,
170,22,
-131,100,
-120,31,
-74,-90,
-156,-162,
-206,-245,
-13,-241,
100,-93,
249,49,
300,196,
189,21,
51,-157,
-62,-197,
-8,-193,
-58,-160,
-45,-187,
-71,-208,
-156,-248,
-138,-139,
-122,-59,
5,-68,
45,-126,
125,-47,
157,-65,
88,-136,
35,-77,
-80,-63,
-125,-7,
-124,72,
-76,-43,
-183,-136,
-143,-142,
-22,-75,
-72,-18,
-111,1,
-116,28,
-55,24,
84,-26,
172,-67,
35,-68,
-131,-174,
-129,-149,
-42,-47,
53,-50,
-60,-108,
-55,-231,
56,-177,
162,-51,
109,-22,
-13,-63,
-116,-184,
-42,-238,
-59,-125,
18,32,
-14,115,
8,68,
-16,-41,
-46,-58,
-17,-102,
-28,-91,
7,-118,
-18,-145,
-37,-170,
-22,-78,
1,-10,
-34,-58,
-58,-183,
-57,-165,
-5,-108,
7,-92,
20,-158,
-1,-50,
-17,-60,
19,-32,
52,-19,
-12,-46,
-65,-50,
-70,-130,
-31,-155,
-54,-86,
-73,-96,
3,-108,
19,-168,
89,-117,
17,-52,
15,3,
90,-32,
88,-18,
61,-75,
93,-52,
53,-25,
72,-25,
-19,-85,
-25,-66,
23,-105,
-2,-131,
-6,-108,
-26,-85,
43,-75,
62,-94,
10,-60,
-30,-56,
-21,-93,
-49,-109,
-32,-103,
-18,-158,
-24,-43,
7,-99,
-60,-67,
15,-52,
-21,-72,
-41,-76,
-16,-49,
-28,-57,
-15,-57,
-23,-47,
-82,-42,
-27,-31,
-28,-37,
-100,-88,
-54,-78,
-40,-127,
59,-94,
70,-9,
47,-4,
19,-37,
-23,-117,
00>
_________________________________
00>
00>
Printing STS1 CIR
00>
00>
_________________________________
00>
-50,-8,
-65,18,
-18,-20,
64,27,
34,31,
54,36,
80,44,
44,0,
21,31,
-18,27,
40,-23,
32,13,
15,-4,
-1,35,
-26,50,
6,16,
28,0,
60,42,
4,-35,
36,-87,
71,-79,
70,-33,
69,23,
107,103,
87,18,
70,1,
83,-27,
54,-39,
-15,21,
-13,-36,
-95,-2,
5,49,
39,-23,
48,-68,
32,-34,
21,-16,
40,-91,
-20,-5,
35,-16,
77,39,
59,72,
93,33,
22,31,
-14,-8,
11,-51,
-20,40,
33,33,
68,64,
64,5,
41,20,
29,25,
63,-46,
119,-39,
117,4,
96,20,
9,16,
-26,-6,
10,2,
23,-25,
-13,-37,
32,-21,
-48,-27,
-11,12,
-1,67,
37,-3,
26,-43,
27,15,
-10,35,
-114,57,
-76,-7,
23,-14,
33,13,
26,-9,
63,-20,
50,101,
89,82,
75,57,
-4,24,
5,59,
39,16,
8,14,
-34,61,
34,-33,
105,-6,
-26,22,
-83,79,
-28,47,
2,71,
47,57,
115,64,
87,-36,
-29,-90,
-58,-66,
-75,-7,
48,27,
42,26,
-7,4,
3,-33,
4,19,
-9,-16,
-33,-63,
7,-40,
41,3,
3,86,
-9,81,
-26,100,
-5,51,
0,5,
4,-21,
28,14,
18,49,
8,-34,
17,6,
38,13,
66,-37,
33,3,
5,-24,
-18,-27,
-33,17,
33,13,
11,74,
45,74,
88,-23,
52,-23,
42,5,
42,27,
13,47,
-10,16,
-37,-21,
-29,-25,
-41,-4,
24,4,
115,-16,
54,18,
104,71,
2,116,
7,-1,
-17,35,
28,16,
-77,21,
-53,32,
-17,-6,
25,9,
32,-56,
36,18,
13,7,
-43,28,
-64,32,
62,48,
138,12,
170,-6,
130,-34,
9,7,
-13,67,
3,55,
17,-7,
-3,-60,
-5,1,
60,20,
66,-18,
-35,-8,
30,27,
9,20,
2,-29,
-55,1,
18,12,
16,14,
35,37,
3,-16,
39,-43,
60,-70,
60,53,
33,-24,
-17,16,
64,-3,
23,-42,
-10,-13,
-15,-9,
47,-13,
78,-95,
-17,-68,
-35,6,
-70,5,
-3,1,
18,-55,
-39,-112,
10,-73,
45,-20,
127,2,
61,-23,
13,51,
-37,37,
54,-36,
86,-35,
73,49,
-13,38,
-31,-8,
-51,21,
-50,23,
23,73,
83,5,
80,-45,
27,30,
-28,15,
-16,-4,
-9,5,
-6,-15,
13,7,
-39,43,
67,-10,
40,31,
-7,-15,
-36,-33,
-30,-15,
-10,2,
11,-21,
42,-39,
68,-76,
78,-35,
39,36,
41,64,
5,25,
2,-20,
23,-5,
-83,39,
-36,64,
25,-67,
54,-102,
-55,-41,
-35,0,
4,21,
74,-26,
10,19,
-17,79,
-23,50,
79,12,
86,-49,
10,-72,
34,-30,
39,7,
52,-23,
7,36,
47,66,
43,53,
27,-28,
-44,-32,
51,-47,
87,-37,
10,-15,
1,82,
-37,-16,
-35,34,
17,26,
75,-38,
30,-34,
9,-41,
16,-25,
75,-62,
39,-35,
-25,-75,
8,-29,
-55,-9,
-70,40,
-60,79,
-26,13,
-6,-33,
-8,84,
13,69,
-17,21,
-27,-116,
-47,-20,
-33,69,
19,84,
50,40,
50,-18,
-35,-44,
-65,-10,
-68,36,
-80,8,
-50,36,
-89,69,
-23,27,
22,-26,
65,-50,
32,-85,
-35,-33,
3,3,
-59,99,
-43,80,
-57,-12,
13,-15,
6,-51,
-23,-26,
-34,-31,
-15,23,
-11,24,
41,32,
87,17,
61,-79,
-4,-52,
9,-33,
2,-32,
36,24,
-34,49,
38,44,
19,2,
-5,41,
4,28,
20,29,
49,-20,
81,30,
105,37,
91,43,
-25,26,
-11,6,
-31,-3,
-30,43,
-36,9,
34,-95,
-4,-35,
17,23,
-29,44,
-14,-21,
24,-39,
63,-95,
65,-19,
-16,28,
-14,-26,
38,-31,
23,-32,
10,50,
-33,36,
3,-54,
13,15,
-67,48,
5,-16,
-61,2,
-70,-45,
-41,-80,
-52,-44,
-47,-89,
7,-22,
-7,-17,
-20,-47,
-80,0,
-4,51,
8,9,
-10,-1,
75,5,
79,-27,
-13,24,
-15,-15,
24,-71,
47,1,
56,234,
96,1585,
10,5030,
-601,7515,
-1494,7166,
-1520,2612,
-541,-1619,
-69,-2153,
-570,-662,
-1321,-156,
-1334,-611,
-712,-753,
-103,-529,
102,-241,
80,-184,
41,-172,
-27,-111,
-123,-103,
-340,-174,
-477,-83,
-332,1,
-161,255,
177,252,
338,-42,
259,-316,
120,-310,
81,-264,
77,-192,
6,-171,
-102,-38,
-50,65,
56,40,
93,-95,
-25,-206,
-139,-158,
-164,-63,
-172,-99,
7,-212,
107,-205,
259,-106,
264,19,
183,-35,
103,-156,
146,-248,
144,-192,
47,-61,
-69,-14,
-107,26,
-63,126,
-29,204,
-15,270,
-109,92,
-49,3,
36,-130,
64,-89,
73,-87,
116,-132,
104,-150,
-31,27,
-33,60,
-48,-54,
-54,-95,
-31,-66,
-63,-49,
-59,-105,
-97,-38,
-170,-46,
-117,-57,
54,-20,
173,-23,
262,0,
205,6,
62,-44,
-84,-29,
-153,-65,
-107,-52,
-4,-164,
74,-185,
143,-109,
122,23,
83,86,
30,3,
105,-63,
40,-40,
-22,-65,
62,-85,
37,-30,
21,-29,
48,-13,
40,-69,
66,23,
100,-6,
88,-65,
103,-33,
60,10,
49,-2,
16,40,
11,65,
8,44,
13,46,
68,72,
54,-6,
35,-66,
31,7,
-16,6,
34,9,
-9,-33,
23,-47,
87,-52,
120,-55,
37,-54,
-20,-24,
37,-54,
24,-78,
43,-27,
86,-14,
83,-49,
47,-22,
89,-67,
128,-35,
129,-43,
113,-74,
119,-31,
88,-91,
2,-34,
-41,-11,
68,-57,
103,-46,
43,-14,
9,-74,
-14,-43,
10,-33,
111,-44,
172,-85,
19,-73,
19,-20,
24,-72,
-52,-69,
-23,-89,
3,-93,
25,-30,
25,-24,
10,16,
77,-79,
112,-72,
98,5,
33,38,
35,-36,
-31,-42,
-67,-6,
1,-74,
38,-33,
84,-44,
29,-23,
59,-30,
73,-17,
26,-88,
38,-61,
00>
_________________________________
00>
_________________________________
Sequence Number: 200
00>
00>
Printing STS0 CIR
00>
00>
_________________________________
00>
-9,-16,
27,-3,
23,26,
10,-8,
85,0,
25,-26,
82,-34,
17,-96,
-12,3,
1,43,
67,76,
-18,36,
-5,45,
45,47,
53,-4,
72,3,
34,23,
18,61,
29,6,
9,4,
24,21,
40,21,
10,21,
15,62,
67,49,
17,7,
60,-8,
19,-35,
-8,38,
-24,3,
-23,12,
43,28,
-34,31,
-71,-49,
-37,-32,
45,-12,
46,32,
9,64,
-48,15,
92,-28,
23,16,
-16,-51,
-55,-24,
14,83,
-46,12,
-7,71,
36,-27,
57,4,
73,135,
41,69,
35,-2,
82,-54,
50,-34,
98,13,
138,37,
80,89,
7,58,
3,16,
45,-29,
6,-23,
53,-52,
-12,-53,
-42,32,
-21,89,
9,106,
-33,54,
-23,55,
-66,-4,
13,-51,
27,18,
18,75,
19,-34,
29,-32,
47,-62,
-15,26,
36,47,
6,31,
11,3,
-48,19,
-49,-48,
-49,5,
-47,31,
-47,20,
-55,-7,
-38,-17,
57,-38,
75,62,
29,0,
17,-13,
10,-88,
44,-3,
56,19,
3,-38,
-24,-19,
5,37,
19,28,
-5,17,
-26,2,
-40,-18,
25,61,
54,67,
23,75,
62,50,
29,39,
83,-10,
9,8,
31,-49,
19,-46,
-13,-2,
7,-14,
15,11,
-15,-9,
-75,-4,
-16,36,
-9,107,
-7,-6,
-71,-54,
-16,34,
44,-4,
-43,-30,
12,7,
25,20,
12,-19,
-2,-23,
-3,-6,
-17,-48,
-16,-21,
33,34,
-34,-3,
-26,-42,
82,-48,
-4,-42,
-27,11,
-8,11,
-44,-21,
-8,-81,
-48,-37,
-4,-85,
-6,-52,
-78,78,
-51,65,
34,14,
-18,37,
-25,-20,
-27,18,
16,14,
45,-12,
82,-15,
98,-8,
7,-35,
85,8,
-6,2,
27,25,
6,16,
-38,13,
-17,7,
-8,74,
17,9,
38,39,
51,8,
40,-51,
-57,-40,
-99,-62,
28,47,
101,72,
42,89,
22,11,
7,-21,
32,-7,
5,61,
25,130,
37,53,
0,42,
36,45,
-47,93,
6,18,
65,-41,
7,11,
-37,3,
19,-1,
31,-43,
55,-44,
38,-29,
-22,-21,
7,40,
35,54,
63,60,
4,32,
9,30,
8,32,
64,37,
54,47,
22,-33,
16,154,
-30,124,
-67,30,
-56,1,
-68,72,
-53,39,
-3,56,
12,-23,
-16,-32,
-52,-14,
40,32,
13,12,
42,-24,
-44,4,
-33,-14,
99,-99,
51,-102,
94,-129,
-4,44,
53,105,
-45,-12,
28,39,
25,93,
32,45,
-3,37,
-50,8,
-20,11,
29,4,
106,-67,
37,-5,
37,-25,
61,-9,
8,19,
76,15,
22,22,
6,23,
35,-25,
20,26,
-31,29,
-9,38,
39,64,
-64,40,
13,-25,
39,-42,
65,4,
29,16,
-35,-52,
-42,-34,
14,-62,
34,3,
73,9,
-6,52,
-10,49,
5,12,
54,10,
59,8,
77,10,
23,12,
6,24,
21,3,
2,14,
-9,-11,
34,-39,
100,70,
-8,80,
-4,61,
35,18,
36,-48,
18,-30,
24,-44,
46,-90,
122,-19,
35,10,
80,20,
52,7,
8,-32,
-57,-69,
-38,14,
41,-19,
71,20,
33,32,
32,-45,
17,-25,
61,86,
65,63,
-30,-4,
30,-10,
11,15,
0,6,
42,13,
25,-49,
-15,-30,
43,-5,
20,-20,
51,30,
6,78,
-29,37,
22,-43,
-4,-8,
51,6,
20,77,
24,33,
3,-1,
1,8,
21,-32,
-31,3,
-49,9,
-13,98,
50,40,
75,35,
54,28,
47,5,
-60,26,
-56,20,
32,19,
12,33,
29,8,
43,-48,
33,16,
22,10,
-8,51,
-5,3,
33,37,
24,10,
0,46,
41,17,
12,-41,
1,39,
-30,53,
19,50,
-4,44,
32,48,
7,-3,
23,9,
13,29,
54,28,
-13,24,
19,-5,
44,41,
-5,42,
25,3,
25,31,
52,-29,
4,-23,
49,-50,
-35,72,
13,-26,
-14,-26,
1,-21,
33,0,
117,65,
32,5,
-29,-23,
7,-41,
29,-10,
90,99,
78,93,
-117,79,
-1167,-135,
-3969,-1116,
-6190,-2536,
-4834,-3007,
-198,-1215,
2906,868,
3314,1648,
3445,1938,
4416,2615,
4390,2922,
2597,1998,
627,500,
-188,-288,
-202,-318,
32,-76,
57,-73,
-26,-167,
-71,-328,
35,-399,
-30,-401,
-86,-208,
-308,-73,
-292,-51,
-154,12,
-39,44,
56,89,
60,-124,
28,-472,
-71,-581,
-48,-433,
-89,-39,
21,232,
-105,138,
-110,-15,
-9,-100,
31,-127,
158,-132,
198,-131,
332,15,
211,261,
-8,398,
-219,336,
-132,172,
-134,-13,
-83,19,
-101,-43,
-76,-158,
-18,-213,
-73,-165,
-168,-107,
-117,-105,
-102,-130,
-36,-120,
-36,-60,
-56,20,
65,38,
151,-30,
74,-97,
-49,-113,
-39,39,
62,101,
123,34,
129,-19,
94,-23,
31,59,
26,133,
-31,81,
-70,-10,
-65,26,
21,87,
55,51,
92,-34,
31,-39,
-16,-20,
-96,7,
42,-38,
182,12,
154,90,
38,-5,
-66,11,
12,45,
57,179,
18,83,
-18,59,
39,-76,
48,-48,
6,-31,
28,47,
-4,27,
51,-6,
45,-116,
25,-46,
27,44,
10,46,
19,4,
59,16,
112,18,
6,-4,
-68,-15,
-49,24,
-9,92,
-50,36,
-81,19,
-43,7,
82,-43,
96,-20,
34,23,
21,95,
69,64,
61,36,
63,-31,
-13,-23,
-30,-12,
-50,-8,
-105,34,
-36,47,
9,-3,
-47,-24,
-33,-65,
76,5,
76,-23,
96,-58,
50,14,
-64,70,
2,1,
24,-34,
13,36,
98,50,
11,101,
68,-1,
85,-22,
85,-6,
-34,-18,
2,17,
36,-28,
50,-82,
102,-31,
41,95,
-11,26,
11,1,
-32,48,
-27,86,
52,92,
-7,21,
22,-24,
21,14,
-12,29,
-21,12,
-94,-31,
-28,10,
34,-5,
-35,52,
-17,27,
-27,4,
61,80,
65,5,
61,10,
79,-6,
54,-37,
-24,41,
-5,44,
00>
_________________________________
00>
00>
Printing STS1 CIR
00>
00>
_________________________________
00>
-6,-29,
-21,-4,
26,-6,
0,22,
52,-24,
27,-40,
-33,-15,
-15,10,
3,43,
57,64,
-2,80,
32,43,
0,-16,
-57,30,
-23,-6,
34,-22,
33,-71,
-53,-56,
-17,4,
53,-18,
43,-11,
-7,-24,
-11,-2,
5,-15,
-6,-66,
40,-46,
63,21,
39,-4,
-18,0,
-7,2,
8,34,
-2,-7,
-31,20,
28,9,
-24,37,
-39,14,
-58,1,
9,5,
33,21,
-31,9,
-27,39,
20,48,
40,70,
-20,14,
-41,40,
2,31,
87,-14,
46,-51,
8,-85,
-8,-90,
-16,-44,
-51,31,
63,15,
10,4,
10,40,
-16,-11,
-21,-19,
9,-14,
7,37,
10,2,
-17,59,
4,56,
-34,60,
-11,28,
13,45,
-61,19,
-91,52,
-41,48,
26,57,
23,96,
-99,141,
9,64,
82,5,
32,9,
11,60,
46,87,
23,12,
25,-53,
31,-20,
-22,24,
23,-7,
57,-8,
-7,25,
41,37,
41,52,
50,-28,
17,7,
-34,-3,
9,2,
-18,-7,
51,56,
62,31,
99,23,
13,-14,
-25,52,
-37,7,
16,51,
24,31,
-21,21,
-8,11,
22,7,
75,2,
60,-1,
-2,37,
5,24,
-4,5,
-10,-1,
43,-16,
33,-25,
7,-91,
35,-28,
35,-45,
40,-24,
18,28,
46,1,
37,-11,
-18,-19,
-30,-14,
-50,46,
16,34,
47,22,
34,45,
28,44,
45,28,
25,33,
49,26,
-15,51,
13,56,
18,67,
-30,17,
-29,40,
27,13,
13,-3,
34,7,
29,-16,
74,-47,
-19,-35,
10,-41,
30,6,
8,17,
-20,18,
0,31,
-5,108,
4,68,
106,-23,
56,-54,
31,21,
20,99,
22,25,
36,-20,
30,-47,
47,-28,
86,67,
13,35,
14,-16,
-8,7,
23,-14,
-36,5,
-54,-6,
-57,-1,
-110,37,
-60,-16,
-56,-20,
-36,51,
43,52,
57,30,
-7,57,
-54,42,
-47,28,
-62,65,
26,11,
32,46,
-5,-8,
24,11,
21,61,
64,6,
56,5,
62,59,
26,92,
40,94,
14,37,
21,-14,
15,20,
-50,40,
-14,-12,
-41,7,
-49,36,
23,8,
52,0,
12,-8,
-44,2,
0,31,
9,-7,
13,26,
13,48,
-14,-37,
-21,39,
-35,-9,
31,-16,
15,58,
10,72,
30,51,
-14,-3,
-11,39,
-2,22,
-10,-11,
30,-5,
14,-76,
33,-68,
57,-4,
50,-36,
-20,0,
-84,6,
-76,46,
-1,6,
54,-5,
6,-10,
14,-52,
58,-70,
6,-40,
-8,28,
-3,43,
18,5,
19,27,
29,-33,
43,-67,
52,-19,
-9,-30,
39,-2,
69,-59,
87,-26,
35,-73,
-18,-13,
2,23,
1,-12,
11,-19,
-26,-11,
-35,32,
-22,42,
-8,-47,
27,-37,
68,-25,
17,7,
-27,61,
2,-11,
-60,-24,
17,-18,
28,13,
43,-48,
43,-66,
-5,5,
4,0,
-14,51,
-56,34,
-19,-46,
32,9,
29,-5,
-27,52,
-2,-62,
84,-30,
83,-21,
9,-50,
80,-31,
37,-10,
25,41,
15,21,
4,-10,
20,37,
35,62,
33,20,
95,-42,
67,-85,
-87,-4,
-67,157,
59,119,
20,-46,
50,-50,
-12,-12,
-28,36,
4,109,
42,49,
49,1,
0,1,
36,-57,
65,-5,
36,12,
74,20,
0,59,
-18,27,
-29,38,
22,-56,
17,17,
-8,-26,
3,35,
44,25,
34,8,
-17,13,
-63,61,
-6,34,
47,-9,
34,2,
15,-11,
1,-15,
-5,-4,
12,2,
74,-1,
132,-46,
68,-29,
16,-32,
-27,-20,
29,17,
66,8,
26,-13,
-38,-13,
-32,-65,
-94,-9,
-37,-16,
21,0,
3,-33,
-33,-72,
-39,-13,
-74,10,
-26,70,
13,37,
34,30,
47,1,
71,-12,
74,74,
11,0,
51,-9,
77,11,
60,24,
-33,-66,
-12,-96,
48,-46,
-8,-10,
-49,-49,
-11,-17,
79,-79,
99,-77,
30,33,
33,26,
3,19,
17,-45,
-28,-79,
5,-78,
33,-34,
13,-14,
-72,-8,
8,1,
-161,17,
-1206,-188,
-3807,-1380,
-5830,-3197,
-5046,-3885,
-1643,-2121,
363,71,
-512,863,
-2449,360,
-3146,-222,
-2178,-363,
-842,-253,
91,-192,
435,4,
363,71,
187,86,
120,40,
79,56,
-57,201,
-162,343,
-66,221,
75,-3,
204,-103,
318,56,
434,176,
536,148,
490,108,
220,227,
-74,412,
-136,457,
-123,335,
-31,98,
-101,-5,
-132,28,
-9,-113,
98,-68,
231,43,
271,87,
165,114,
66,117,
51,49,
157,-22,
248,-20,
167,-41,
82,23,
24,-35,
25,-131,
76,-76,
162,-81,
196,-68,
130,-66,
103,-24,
39,-27,
-41,-5,
-9,32,
64,7,
155,-8,
141,-22,
107,-57,
32,-45,
40,-36,
33,-5,
55,-1,
58,24,
41,16,
159,34,
227,106,
106,104,
-9,169,
-110,218,
13,128,
62,-31,
67,-100,
55,-107,
79,-111,
161,-78,
195,24,
120,97,
31,107,
18,102,
87,56,
151,88,
124,74,
19,112,
27,33,
50,-49,
65,-23,
109,2,
90,-9,
54,78,
53,132,
65,43,
101,36,
96,-17,
85,-24,
6,99,
99,40,
167,49,
173,64,
104,105,
80,35,
104,52,
112,96,
83,93,
108,143,
75,91,
68,25,
60,5,
95,37,
124,77,
100,52,
56,16,
115,37,
123,1,
125,14,
97,-4,
99,77,
111,27,
56,49,
46,39,
41,12,
91,35,
47,-13,
35,45,
16,2,
105,-15,
89,-4,
68,16,
14,68,
47,50,
145,-11,
84,-25,
74,60,
82,42,
89,26,
57,16,
121,103,
203,89,
168,45,
150,33,
89,122,
152,85,
170,69,
92,-49,
50,-52,
45,-16,
74,28,
6,26,
33,4,
55,5,
57,0,
57,23,
45,104,
48,71,
43,-15,
47,23,
116,43,
40,65,
84,40,
65,23,
10,10,
75,-13,
00>
_________________________________
00>
RX Timestamp: 1000866978375
00>
Clock Offset: 2302.265 Hz, -0.288 ppm
00>
RX Timestamp: 1001941578062
00>
Clock Offset: 2689.075 Hz, -0.337 ppm
00>
_________________________________
Sequence Number: 76
00>
00>
Printing STS0 CIR
00>
00>
_________________________________
00>
-10,70,
12,30,
34,5,
38,-56,
97,-54,
103,26,
-5,75,
-50,42,
-28,22,
63,6,
62,-14,
-24,-2,
-25,-16,
4,-28,
43,-19,
-8,-76,
75,-50,
59,-23,
84,-47,
6,-78,
-27,40,
-15,73,
-7,17,
47,-73,
56,-64,
12,1,
27,-65,
46,-20,
9,47,
-28,-20,
-16,-5,
57,54,
-5,83,
-11,10,
-1,-27,
12,-37,
-36,-34,
-46,-15,
-13,-32,
-74,-30,
-3,-11,
17,-84,
28,-66,
20,19,
45,17,
-26,22,
-28,-28,
-40,-35,
44,-9,
22,87,
33,59,
17,33,
-26,35,
0,23,
15,-48,
72,-52,
1,-26,
-5,-9,
23,-82,
22,-23,
-11,41,
27,23,
-22,6,
-24,8,
-30,1,
-17,-95,
-14,-70,
12,22,
18,2,
-11,-43,
16,-118,
3,-22,
-21,-21,
27,77,
27,3,
4,-29,
-6,-63,
40,-21,
37,7,
5,-20,
28,51,
-63,-44,
-15,-29,
-65,29,
3,-15,
78,35,
44,27,
27,54,
-9,14,
28,61,
-49,13,
-28,-28,
-14,-14,
-47,39,
0,36,
-14,-22,
48,37,
18,8,
-47,-32,
-2,-58,
-37,-56,
-22,-41,
6,-8,
-18,100,
13,-15,
30,28,
34,-11,
3,47,
3,46,
7,11,
63,-26,
12,-31,
70,0,
36,20,
10,121,
45,-12,
-6,-11,
-12,-4,
13,25,
36,-89,
15,-87,
84,-8,
55,-4,
48,4,
-12,-14,
64,-10,
43,40,
-30,-38,
-37,-83,
67,-5,
26,43,
60,38,
-19,27,
-78,-23,
-69,-15,
-29,-87,
3,-71,
19,-3,
60,9,
7,16,
0,-18,
10,-58,
23,6,
-4,-35,
-23,-62,
-65,39,
-18,35,
55,85,
-2,10,
12,-88,
-4,-98,
-5,-46,
-16,-21,
26,14,
-9,-27,
-33,7,
8,27,
-10,22,
-16,8,
-36,-46,
19,62,
10,18,
-1,37,
28,9,
11,-33,
-31,-64,
33,-8,
74,31,
34,95,
1,1,
45,-57,
15,-13,
-14,32,
8,42,
22,6,
5,-1,
85,-24,
45,-39,
69,14,
2,-2,
-46,4,
-7,-21,
26,-41,
51,-33,
8,-30,
48,-5,
105,65,
53,-58,
-60,-47,
-55,-21,
-14,-23,
-14,-2,
-11,-6,
8,-64,
13,9,
68,15,
10,18,
53,-8,
-2,13,
26,-82,
13,-30,
65,11,
-48,12,
-3,3,
-36,26,
-16,-34,
39,-29,
48,18,
108,-9,
22,-11,
4,-36,
-36,2,
25,-54,
66,-57,
53,-25,
-3,24,
21,-38,
23,-28,
15,-7,
-65,-50,
11,-35,
15,-2,
25,92,
-32,41,
-40,-12,
28,-53,
23,-41,
33,33,
-14,-4,
-73,4,
-8,-56,
9,67,
39,36,
-12,35,
-19,-62,
-35,21,
0,-32,
5,47,
2,8,
20,26,
53,7,
-3,-15,
-47,-103,
26,-103,
88,-53,
-21,30,
11,110,
6,60,
45,-7,
52,-9,
-13,-28,
35,-23,
33,-33,
34,6,
73,59,
-24,15,
-55,-11,
30,-10,
42,-36,
-13,30,
32,-35,
0,-3,
-18,-37,
-7,-45,
38,-43,
66,-31,
-28,-68,
10,-33,
35,28,
-50,-41,
29,-13,
53,33,
68,8,
-66,1,
12,2,
-30,-16,
6,23,
-77,67,
-29,28,
-57,14,
16,20,
-9,112,
50,61,
40,7,
-29,-8,
11,13,
-38,-13,
6,51,
55,9,
13,13,
-32,8,
14,-23,
-2,-30,
4,17,
43,29,
50,-9,
2,-26,
7,-6,
-43,-3,
21,-40,
8,-25,
35,-10,
-21,13,
15,21,
15,-10,
1,10,
-10,-12,
-25,28,
-16,-20,
73,-69,
36,-78,
32,54,
-50,27,
-30,63,
-32,-12,
-8,-9,
-6,21,
45,43,
5,-26,
-18,-27,
7,-20,
-35,-11,
17,25,
38,60,
4,32,
13,-8,
-56,17,
11,23,
-45,-13,
-23,-38,
-28,-48,
-18,-58,
-44,1,
12,-10,
1,-6,
12,-36,
58,20,
-2,-3,
-20,-33,
-4,-16,
-51,-20,
-30,-56,
54,52,
59,9,
-11,-24,
-31,-39,
-5,-57,
52,-12,
-2,25,
-15,26,
-14,15,
-291,186,
-2315,788,
-7374,1588,
-8049,748,
-7104,-922,
483,-1182,
5257,-723,
5700,-78,
6475,132,
7626,465,
7286,920,
3791,671,
462,-10,
-373,-282,
-165,-193,
54,-40,
-15,-105,
-115,-256,
-172,-503,
-85,-455,
-211,-355,
-245,-112,
-354,96,
-239,292,
-98,254,
-12,113,
29,-83,
-188,-373,
-312,-573,
-466,-690,
-365,-377,
-37,-3,
1,185,
-114,164,
-74,-10,
-7,-47,
-133,-176,
-29,-270,
253,-361,
444,-110,
361,322,
84,426,
-102,352,
-204,247,
-93,87,
-59,75,
-104,-77,
-92,-127,
-100,-134,
-298,-84,
-263,-121,
-82,-97,
-204,-100,
-50,-30,
-19,125,
53,58,
114,-35,
83,-31,
-6,49,
-83,81,
16,27,
145,11,
83,-62,
42,-46,
101,12,
271,84,
83,86,
-41,127,
-136,112,
-74,59,
65,-22,
63,-169,
76,-81,
7,-10,
-113,-94,
-27,-130,
153,-89,
173,26,
89,96,
-60,25,
-45,6,
133,83,
117,174,
39,80,
9,-68,
-77,-63,
15,-91,
92,-20,
10,-55,
-32,-81,
-17,-43,
-22,37,
40,-2,
29,20,
17,36,
4,51,
7,-22,
48,-72,
-8,-15,
6,-10,
-7,37,
-33,20,
-60,33,
-29,26,
17,87,
39,-13,
-8,-54,
25,-54,
8,42,
-39,17,
-46,-26,
-33,-53,
-58,-18,
-11,-19,
-52,12,
-24,48,
-41,31,
-19,63,
-64,50,
-86,61,
-75,-8,
-7,-58,
22,-27,
59,-59,
-12,-23,
-28,-15,
-30,-14,
-4,41,
31,7,
8,30,
-23,-39,
-23,-20,
-15,34,
-30,-99,
31,-139,
-40,-94,
12,-29,
26,-39,
19,-59,
-14,-59,
-5,30,
-5,37,
22,38,
1,-4,
-71,-61,
-29,40,
-19,55,
-27,68,
-69,8,
15,0,
35,-14,
0,33,
-26,-51,
-1,-63,
6,-87,
54,27,
7,15,
13,-12,
22,-71,
36,-25,
-31,-43,
00>
_________________________________
00>
00>
Printing STS1 CIR
00>
00>
_________________________________
00>
-8,22,
-30,12,
-27,-10,
37,-54,
48,-50,
-13,-42,
-14,-8,
16,8,
36,-4,
37,-46,
11,-15,
0,50,
-24,43,
-20,1,
12,-53,
24,-51,
-48,32,
-12,98,
5,48,
-6,-52,
21,-19,
-27,-6,
74,-14,
37,-34,
21,-35,
51,-44,
-10,16,
25,35,
15,41,
22,0,
13,4,
65,15,
108,34,
44,83,
12,95,
34,66,
5,-16,
39,25,
12,82,
13,14,
27,-9,
140,-19,
9,5,
20,-3,
-7,18,
-7,20,
-37,12,
-30,20,
-6,23,
-12,27,
-29,101,
-20,45,
95,75,
60,36,
64,2,
18,9,
41,11,
35,44,
-29,-3,
10,-7,
2,-6,
26,19,
-23,32,
40,-18,
-13,-38,
-15,-70,
-3,-85,
12,-68,
17,-33,
37,-43,
18,-29,
-7,-65,
-48,-24,
21,-82,
42,41,
1,38,
43,41,
5,27,
-17,3,
16,40,
2,31,
-14,40,
-5,54,
-20,27,
42,-74,
82,-20,
74,-42,
25,-45,
24,43,
15,37,
-8,10,
-11,-2,
-6,13,
24,29,
28,22,
44,-35,
-1,-15,
-21,56,
-12,7,
14,59,
4,-39,
3,-16,
7,-52,
-4,-29,
-20,-8,
6,13,
39,-21,
25,-56,
-5,-10,
-38,26,
-28,21,
22,3,
19,-99,
15,-95,
51,-65,
42,-91,
59,-79,
39,30,
-3,59,
23,-26,
59,-26,
25,42,
50,-39,
19,4,
-4,17,
7,13,
-9,6,
-14,47,
8,62,
-61,84,
-27,45,
-28,35,
-15,1,
17,-8,
70,-16,
67,41,
-24,-22,
5,4,
23,-8,
38,-69,
-2,-9,
-7,6,
-11,34,
-8,-31,
-16,-11,
30,16,
6,17,
18,44,
70,51,
29,4,
42,-29,
-69,-56,
-38,-38,
-14,25,
-52,7,
34,25,
13,16,
24,40,
17,14,
32,-41,
18,-45,
22,-75,
43,-137,
22,-109,
-14,-27,
64,20,
38,15,
-4,29,
-38,-7,
-46,-17,
-56,-42,
45,-8,
25,-55,
-31,-15,
-12,-8,
13,-30,
-32,-68,
-59,25,
-40,92,
-10,65,
-8,34,
-4,29,
-54,19,
-5,44,
10,0,
32,-58,
63,2,
-1,32,
-3,-30,
-11,30,
2,-6,
3,-35,
59,-72,
-32,-48,
15,-16,
25,-19,
48,-56,
44,-17,
54,-53,
-10,28,
53,-9,
60,-34,
-8,-3,
36,68,
18,41,
-28,-25,
-52,-52,
24,10,
22,8,
20,5,
-6,-13,
-4,25,
-33,30,
10,22,
63,-5,
3,-9,
86,5,
40,49,
28,-30,
-6,-28,
-24,38,
26,-2,
10,3,
-39,-25,
-10,10,
-22,-39,
-16,-56,
-29,-27,
21,-35,
-3,20,
82,3,
63,24,
-6,-8,
26,-17,
18,-17,
4,43,
1,45,
-44,32,
-37,68,
28,25,
29,-7,
14,-47,
-25,-60,
20,-25,
19,9,
15,-22,
-52,12,
-45,-24,
-53,-58,
11,7,
14,36,
-31,53,
-28,-37,
-7,-32,
54,-25,
20,25,
-5,34,
-21,14,
-22,37,
0,70,
23,53,
13,22,
4,35,
54,55,
30,35,
59,-23,
-27,19,
-14,25,
-16,13,
17,16,
-29,-43,
14,-13,
2,-37,
-35,-81,
22,-84,
71,-59,
73,-46,
20,-5,
-46,35,
-35,19,
35,-28,
19,-107,
9,-53,
5,-33,
30,9,
29,85,
5,76,
2,-22,
63,-57,
46,-66,
32,-40,
21,-28,
-12,-12,
38,25,
48,11,
21,29,
-3,-40,
-2,-33,
-59,-46,
-35,26,
38,22,
60,19,
27,12,
42,-12,
42,-59,
-40,-46,
-7,19,
-9,-36,
-12,19,
-22,22,
-26,34,
25,-13,
48,-48,
-24,-24,
45,-24,
38,-24,
36,33,
40,66,
13,2,
21,-9,
84,5,
94,29,
-6,-33,
15,-24,
12,4,
-7,59,
85,47,
22,34,
27,-30,
25,-27,
19,31,
12,18,
1,-12,
29,46,
24,-2,
0,30,
60,64,
42,48,
33,72,
6,108,
25,31,
12,14,
-15,-7,
-32,18,
-8,29,
-67,37,
21,55,
-42,24,
6,27,
-3,6,
-1,11,
-358,252,
-2636,995,
-7334,1495,
-8137,514,
-7810,-925,
-1922,-1000,
674,243,
-872,1934,
-3919,2823,
-4579,2363,
-2746,1135,
-787,155,
196,-262,
443,-278,
340,-164,
189,-88,
166,-41,
223,109,
193,515,
76,603,
28,426,
98,-102,
263,-264,
506,-237,
801,-174,
906,-184,
777,-139,
352,203,
143,483,
124,451,
115,294,
38,119,
-159,98,
-235,-11,
25,-152,
63,-112,
196,-113,
233,49,
145,121,
112,101,
173,14,
241,-223,
234,-273,
193,-146,
111,-59,
29,-55,
-83,-134,
-46,-150,
104,-182,
242,-202,
114,-88,
48,12,
41,108,
-34,64,
-17,-19,
117,-103,
212,-28,
110,-63,
94,-130,
65,-89,
66,-77,
104,-43,
94,3,
79,29,
158,16,
221,-64,
133,63,
33,100,
18,179,
98,171,
66,53,
55,-108,
-42,-198,
54,-151,
146,-164,
180,-178,
291,-122,
241,15,
107,91,
86,29,
165,-9,
318,32,
92,165,
-19,93,
-55,-19,
4,-127,
114,-81,
174,-82,
176,-21,
102,-33,
143,-31,
152,-34,
132,-3,
143,-14,
67,-21,
103,-21,
135,-115,
205,-48,
159,26,
13,-25,
112,-45,
181,-46,
203,-99,
127,-51,
109,-41,
83,-37,
136,-55,
137,-29,
140,-49,
177,-41,
154,-61,
122,-47,
125,-23,
184,-119,
83,-51,
23,-18,
48,-58,
66,-20,
63,34,
20,65,
-11,42,
46,-25,
87,-11,
114,4,
105,3,
101,70,
91,20,
115,-6,
76,-87,
147,-7,
56,-89,
52,-25,
66,-42,
179,34,
87,6,
130,-60,
73,-74,
156,-87,
210,-89,
139,-20,
92,18,
114,-19,
74,-40,
61,-44,
110,-10,
79,-20,
44,21,
9,1,
40,33,
29,-19,
87,16,
124,-90,
168,-90,
106,-80,
37,-44,
106,-25,
65,2,
40,-12,
81,10,
59,-42,
23,-35,
00>
_________________________________
00>
_________________________________
Sequence Number: 79
00>
00>
Printing STS0 CIR
00>
00>
_________________________________
00>
58,6,
-3,9,
-92,-15,
-37,-13,
42,-12,
48,-40,
35,-18,
18,-29,
58,23,
36,97,
-59,-9,
-53,-18,
-9,-87,
90,-37,
3,16,
-12,26,
1,-29,
-25,-51,
-5,-3,
86,5,
7,12,
-60,-3,
-128,-20,
1,-29,
-37,-11,
-39,-15,
15,9,
21,-13,
23,-53,
3,-101,
-75,-67,
-21,8,
82,37,
106,42,
26,34,
-1,-43,
15,-69,
36,-54,
-21,-17,
35,-48,
9,-34,
38,-13,
-2,-9,
31,-24,
58,86,
-20,66,
10,20,
-84,43,
-8,49,
14,39,
-20,-3,
11,4,
12,14,
-25,-38,
-137,-41,
-76,-46,
15,-30,
67,81,
82,44,
-16,-58,
-2,21,
-12,5,
15,50,
-46,-9,
-49,-11,
19,8,
5,15,
22,8,
20,95,
-28,11,
-5,-10,
6,-7,
9,-7,
32,-41,
26,48,
-64,49,
-104,-7,
-46,-40,
-4,37,
-16,-17,
4,-34,
12,-27,
29,16,
-16,15,
-84,21,
-17,45,
21,42,
-24,28,
-88,-14,
-68,35,
-31,0,
-9,28,
-54,85,
-16,89,
23,90,
6,59,
21,49,
60,-17,
46,-8,
7,36,
-82,49,
-13,-24,
-13,-46,
-25,45,
50,-43,
25,-51,
13,-28,
-12,-51,
-32,1,
29,69,
-16,49,
-7,44,
21,-16,
50,-7,
50,33,
54,31,
88,-11,
24,-65,
-3,41,
-10,30,
-4,-21,
-60,3,
-63,23,
73,1,
39,1,
21,55,
24,54,
26,7,
21,6,
35,2,
-19,5,
43,-24,
49,-64,
56,-45,
29,4,
42,-36,
1,5,
-73,53,
3,10,
58,-21,
62,-59,
38,-16,
36,-68,
44,40,
20,17,
20,0,
13,-39,
-4,-38,
-60,1,
-20,93,
-40,9,
-69,-34,
-26,-26,
-26,25,
-9,84,
34,74,
31,75,
11,21,
-26,15,
-18,-82,
-65,-14,
-54,79,
-2,97,
39,27,
39,42,
-27,55,
-48,29,
-24,26,
-19,24,
58,89,
51,16,
12,-25,
47,33,
87,42,
8,23,
65,31,
79,30,
16,5,
16,2,
15,65,
-4,21,
-50,-18,
30,-28,
26,6,
-14,67,
-49,-6,
24,7,
22,54,
-25,43,
-15,36,
-40,-45,
11,-39,
-29,-13,
72,-3,
102,-49,
35,-49,
77,59,
54,87,
84,13,
55,-59,
12,19,
33,-11,
43,19,
-38,8,
11,28,
40,-17,
26,5,
43,-31,
32,-10,
15,30,
24,45,
51,58,
-26,-51,
-29,-29,
29,28,
-6,-51,
-25,-83,
-68,-74,
-12,36,
23,22,
42,22,
40,24,
50,24,
103,-25,
58,43,
43,46,
6,-28,
56,-29,
24,-40,
-3,7,
-56,-65,
-40,-21,
34,1,
-45,-6,
-20,39,
7,39,
59,43,
24,27,
-19,24,
-26,-48,
-81,25,
11,-40,
-1,-4,
25,29,
19,52,
83,65,
9,10,
46,-43,
44,19,
35,-14,
-45,-45,
-8,-28,
-54,-6,
-44,77,
74,47,
67,81,
48,50,
85,-32,
103,1,
26,10,
-18,0,
-28,-21,
1,-14,
40,-41,
-27,5,
-4,39,
-23,66,
11,53,
14,-26,
-7,46,
28,9,
28,-24,
19,8,
73,7,
31,20,
51,11,
-4,54,
97,52,
10,11,
48,-35,
17,36,
-63,26,
-54,6,
-9,128,
23,-10,
31,-15,
8,6,
-3,-13,
41,35,
-32,-21,
-49,7,
39,16,
46,-5,
166,23,
28,14,
-5,35,
76,-5,
9,2,
-3,-60,
63,-90,
68,-18,
103,-28,
29,-71,
16,-40,
-81,4,
-87,-7,
1,-13,
-5,26,
-12,8,
-98,-70,
-46,-22,
12,32,
82,32,
19,12,
49,16,
-26,64,
-82,24,
-48,9,
9,60,
-16,54,
9,-71,
-4,-31,
-24,17,
-17,57,
12,24,
-70,38,
12,-1,
4,-18,
-22,-57,
-29,49,
-57,49,
-59,15,
-29,-31,
16,29,
-109,-75,
-72,-83,
-21,15,
-47,51,
3,38,
59,-5,
95,42,
13,35,
13,32,
-16,-38,
37,-74,
-4,0,
-35,106,
55,34,
23,14,
-17,-43,
8,-1,
139,24,
125,6,
54,-18,
8,-19,
-8,-355,
-145,-1960,
440,-5392,
1848,-7118,
3328,-5265,
2554,-448,
247,1514,
-1853,-310,
-2290,-2932,
-1572,-3533,
-795,-2121,
-291,-454,
-93,429,
-6,380,
62,215,
80,177,
82,212,
-73,240,
-243,119,
-253,2,
-70,113,
268,32,
297,-10,
206,50,
66,228,
18,296,
-170,322,
-422,288,
-578,401,
-586,246,
-306,157,
-16,50,
168,-93,
132,1,
82,137,
84,233,
79,281,
45,237,
-42,18,
-160,-101,
-220,-90,
-178,26,
-93,124,
1,192,
-4,233,
14,185,
9,216,
35,208,
121,167,
106,203,
105,162,
4,134,
-75,87,
-104,18,
-137,18,
-69,33,
2,33,
58,58,
170,5,
134,43,
122,83,
130,122,
89,87,
57,17,
31,72,
146,33,
141,28,
119,39,
-21,37,
-85,102,
16,191,
70,85,
122,48,
44,86,
96,101,
133,137,
38,258,
-134,187,
-167,121,
-42,-5,
36,44,
-1,247,
51,298,
32,71,
-7,9,
-4,-48,
7,50,
12,111,
87,148,
52,152,
79,100,
54,32,
59,117,
43,151,
1,43,
36,-14,
24,32,
6,31,
2,70,
-5,-9,
25,40,
-48,80,
-8,88,
-39,122,
52,97,
39,61,
37,73,
131,133,
58,154,
33,48,
54,75,
-32,28,
-8,63,
8,-5,
96,113,
-23,68,
-25,-4,
-39,77,
-76,96,
-142,-2,
-61,-87,
77,-44,
68,72,
11,21,
50,80,
48,41,
18,83,
3,116,
37,104,
93,125,
99,92,
-2,100,
34,94,
65,110,
99,125,
59,102,
-30,119,
-27,129,
55,161,
66,122,
-5,53,
-33,14,
44,70,
50,49,
40,72,
25,92,
116,105,
79,25,
48,12,
-45,-18,
1,43,
-24,77,
7,74,
2,86,
-42,30,
22,-2,
22,32,
00>
_________________________________
00>
00>
Printing STS1 CIR
00>
00>
_________________________________
00>
5,76,
14,12,
3,-12,
-20,1,
12,-41,
14,-78,
-28,19,
33,23,
-11,61,
-17,-13,
3,-53,
86,37,
-24,52,
-7,68,
-70,22,
38,-32,
26,-64,
7,-5,
38,-30,
30,-2,
-32,73,
-76,47,
51,62,
-8,46,
-42,26,
-5,-21,
-26,-59,
-28,-4,
18,-22,
99,32,
79,45,
-5,-11,
-66,33,
-8,-11,
42,-39,
44,6,
6,18,
-2,8,
15,-13,
-35,-11,
-65,1,
5,-1,
-16,-39,
-3,-27,
5,10,
55,68,
51,53,
11,1,
-9,35,
-6,17,
43,16,
-42,54,
-26,38,
-67,-50,
-16,21,
-34,15,
-27,35,
43,22,
32,-8,
-56,15,
-70,-10,
52,10,
21,56,
-2,25,
-60,-1,
-43,13,
5,-17,
97,-12,
81,-16,
9,14,
-53,-4,
-82,32,
36,8,
-44,-8,
-7,-22,
-25,-1,
-1,25,
35,158,
71,41,
23,-21,
9,-9,
0,3,
-14,75,
39,-2,
-35,51,
-13,11,
5,51,
-8,24,
8,19,
57,25,
26,86,
-68,24,
-48,-5,
15,5,
83,-39,
15,-61,
30,-27,
38,57,
10,41,
8,-4,
46,-29,
-9,-5,
12,-11,
-27,39,
-50,-13,
-108,-83,
-70,-31,
-11,13,
2,-6,
11,-11,
-2,48,
-1,9,
-18,-24,
-113,-56,
-3,-27,
50,35,
14,-7,
-57,-79,
-105,-60,
-82,-39,
-25,12,
-69,-5,
75,21,
102,24,
90,5,
62,-40,
-51,0,
-56,20,
-28,-27,
2,7,
-27,-23,
12,0,
3,-45,
26,-42,
-41,43,
-83,29,
-23,136,
12,52,
16,9,
-26,-80,
-19,-27,
23,-9,
-19,73,
77,1,
38,-9,
62,-97,
30,-47,
3,-67,
-44,-2,
-79,-57,
-80,-17,
-82,35,
-64,12,
-1,16,
22,19,
-18,92,
-92,82,
-39,39,
69,11,
117,68,
58,43,
69,61,
23,36,
31,22,
58,34,
-8,-26,
2,-13,
3,-61,
-7,-37,
-16,2,
16,24,
9,56,
5,71,
-38,81,
-15,20,
39,-9,
-22,-9,
-22,-20,
46,-36,
16,20,
13,5,
-33,17,
-4,48,
-11,73,
36,51,
-6,28,
0,22,
-26,-30,
-60,-5,
-38,-11,
-17,11,
-12,94,
44,62,
-10,9,
-62,11,
-4,-37,
-18,34,
-82,49,
-62,-2,
-45,-24,
29,1,
-17,-67,
-99,-52,
-78,-45,
-40,-81,
2,-17,
-5,-36,
-24,-29,
-32,-17,
-7,-20,
42,-57,
42,-122,
37,-45,
32,-37,
80,-1,
56,68,
-21,117,
-59,23,
-33,-10,
37,-2,
42,17,
41,52,
74,46,
53,-19,
39,-59,
-27,-29,
16,39,
-62,52,
-89,75,
-72,70,
-11,-10,
-33,-29,
-101,-65,
1,-54,
41,28,
11,23,
0,-35,
-55,-55,
1,-35,
10,-44,
66,-44,
6,2,
-50,67,
-14,49,
-48,-24,
-16,-6,
19,41,
-17,69,
-52,-18,
-12,-44,
29,-31,
36,-7,
53,36,
-24,87,
34,69,
42,-27,
-18,-39,
5,31,
-8,88,
4,12,
-2,40,
22,-50,
33,0,
-30,-3,
-17,-42,
8,30,
-30,2,
-23,14,
-8,7,
11,55,
-30,97,
-27,73,
-67,-8,
-48,21,
34,-48,
0,-38,
-26,-40,
-18,-37,
-37,-24,
-40,6,
-69,59,
-58,21,
76,-32,
50,12,
-70,-16,
-35,-5,
-44,-15,
-30,27,
0,23,
-20,32,
20,7,
34,44,
3,65,
7,9,
38,-11,
33,5,
67,44,
78,51,
62,55,
-33,46,
-20,30,
-8,59,
-25,-19,
54,18,
-18,53,
40,87,
-26,35,
59,-95,
39,-64,
86,-11,
74,45,
12,41,
-17,-6,
-76,16,
-93,45,
-88,19,
-71,-40,
-33,-92,
-16,-17,
37,6,
2,17,
-5,29,
33,85,
88,44,
15,73,
-39,78,
34,112,
59,49,
46,-23,
15,-50,
-41,-63,
-30,-3,
-89,50,
33,74,
-1,53,
-30,7,
-59,39,
-28,57,
23,-39,
-16,-3,
-26,-21,
-36,45,
17,40,
45,31,
23,26,
-16,12,
60,57,
28,80,
20,32,
18,8,
-31,-38,
-63,-12,
-77,-5,
-11,-23,
-5,-15,
-89,-351,
-241,-2017,
-313,-5740,
208,-7683,
1202,-6721,
1294,-1487,
511,2026,
190,1772,
689,351,
1289,112,
1178,654,
575,769,
46,419,
-64,228,
0,239,
69,191,
43,186,
125,57,
363,23,
479,51,
358,54,
74,-179,
-141,-208,
-221,88,
-252,415,
-220,281,
-71,158,
50,171,
119,184,
34,63,
-41,-72,
-79,-53,
-42,87,
23,174,
164,194,
198,54,
145,90,
-65,156,
-114,219,
-177,126,
-232,7,
-169,34,
-162,182,
-133,202,
-93,180,
32,154,
43,95,
-18,-49,
-1,-64,
31,-166,
40,-174,
41,-66,
63,-45,
-45,110,
-72,58,
-105,111,
-60,50,
-53,50,
24,27,
-17,98,
1,185,
-26,174,
38,94,
88,85,
125,137,
173,127,
167,135,
16,59,
-208,-1,
-275,16,
-140,31,
-35,127,
31,74,
49,-28,
39,89,
34,192,
4,280,
-101,194,
-98,67,
-127,19,
-95,-35,
-41,30,
-28,106,
-48,33,
36,136,
58,78,
-6,28,
-41,7,
-25,47,
-47,126,
-34,157,
-11,96,
30,55,
-41,148,
3,170,
14,50,
-37,99,
-15,99,
-56,13,
-35,-3,
-18,17,
33,81,
6,89,
-54,82,
-14,13,
25,15,
-92,38,
-66,101,
-5,111,
10,26,
-29,26,
-92,31,
-70,99,
47,73,
72,101,
66,15,
-83,9,
-30,23,
-50,43,
-20,7,
-74,9,
-27,8,
-37,1,
-66,51,
-75,19,
-53,33,
-29,103,
-26,140,
-30,113,
-34,91,
-27,170,
143,49,
108,52,
-26,70,
-81,129,
-138,108,
-60,105,
-41,71,
-47,43,
-89,68,
-43,23,
-20,67,
-46,44,
-43,84,
-38,100,
5,44,
-20,86,
-79,73,
19,70,
-16,57,
27,20,
-77,-19,
-49,-51,
-65,87,
-82,73,
-17,-7,
-48,4,
00>
_________________________________
00>
RX Timestamp: 41797841210
00>
Clock Offset: 1461.697 Hz, -0.183 ppm
00>
RX Timestamp: 42872206397
00>
Clock Offset: 2410.126 Hz, -0.302 ppm
00>
_________________________________
Sequence Number: 212
00>
00>
Printing STS0 CIR
00>
00>
_________________________________
00>
3,45,
-28,78,
28,69,
36,107,
15,-14,
53,3,
115,-31,
87,7,
4,3,
-24,-21,
-59,45,
9,21,
-12,22,
-9,-41,
0,-25,
-45,-40,
-15,-18,
-3,13,
6,-8,
54,17,
-32,73,
-7,-70,
0,-53,
-21,-39,
35,10,
3,63,
71,83,
30,66,
-34,98,
-54,25,
-13,18,
-6,30,
-6,3,
3,43,
-1,-11,
2,-18,
-65,56,
-39,-18,
29,-21,
25,-90,
42,-20,
-36,60,
-14,20,
46,-19,
56,-26,
-33,3,
-49,15,
0,3,
64,-6,
49,20,
43,22,
3,36,
62,-17,
109,-18,
74,-2,
72,-9,
51,-59,
-1,31,
-35,46,
-13,44,
44,-50,
65,-111,
18,-61,
-41,52,
-71,8,
-18,-5,
103,-40,
11,-22,
-73,-47,
-21,-135,
-32,-42,
5,-32,
101,7,
57,-73,
55,-61,
70,7,
31,94,
46,-3,
52,-20,
19,3,
28,-45,
2,38,
-16,14,
50,36,
86,-34,
17,50,
14,75,
-1,-8,
3,-72,
-19,-119,
25,-96,
-53,-89,
-54,45,
-97,-40,
-62,-97,
8,-6,
2,11,
46,11,
-8,8,
-43,-90,
-64,-48,
-20,-7,
-25,7,
-31,37,
74,5,
-1,37,
-74,-20,
3,-33,
52,-6,
-44,59,
-9,-5,
74,-52,
60,-6,
-7,-46,
-38,28,
27,65,
82,-19,
85,-77,
-8,-95,
-13,-26,
-58,13,
-71,27,
-37,24,
-2,-39,
-15,-39,
5,30,
-99,98,
-53,-18,
-6,-34,
5,-18,
-14,-24,
23,-4,
-38,-5,
19,8,
-11,8,
0,9,
52,-7,
66,53,
-19,11,
-92,-17,
-82,-21,
31,2,
11,-45,
-40,-13,
32,75,
14,-19,
51,-24,
-4,19,
-29,-14,
27,12,
13,-32,
72,25,
-11,40,
57,36,
-6,-83,
33,-29,
46,-30,
-10,23,
34,63,
8,-105,
7,-142,
-11,-60,
30,-69,
20,-29,
36,1,
3,47,
-5,105,
0,19,
-19,-53,
15,-89,
41,-87,
17,-18,
16,60,
-6,-20,
-29,-55,
18,-6,
57,74,
2,39,
40,-4,
43,-28,
8,25,
8,46,
54,-27,
102,-15,
-67,74,
-39,7,
-66,-23,
17,43,
99,38,
29,-4,
-51,13,
24,32,
-3,29,
11,-10,
-64,6,
27,20,
95,72,
100,42,
73,-14,
54,-66,
-56,-14,
-86,-29,
-2,-74,
40,-91,
65,3,
10,-38,
17,-49,
-1,-79,
-7,15,
2,63,
18,-31,
15,34,
-34,-46,
-90,-12,
-65,-2,
21,5,
15,23,
13,17,
-21,30,
74,-18,
6,-41,
5,4,
-27,26,
47,3,
39,-35,
-42,39,
-65,35,
48,14,
49,9,
-23,-6,
-38,-24,
43,24,
-10,10,
-33,-82,
-45,-95,
-13,12,
-2,26,
-23,59,
12,25,
-53,2,
1,-35,
11,38,
-5,96,
32,14,
17,-44,
-72,7,
2,-8,
-34,-19,
67,-49,
12,5,
18,68,
-70,65,
-45,41,
-35,12,
26,-45,
89,-36,
51,-35,
36,-35,
46,-62,
79,-53,
13,-6,
71,-29,
34,-10,
29,-38,
2,-44,
-27,-20,
38,-40,
12,-33,
44,-62,
6,-121,
-28,-101,
-63,-61,
-63,0,
-14,-13,
-11,36,
-27,26,
57,-49,
14,-6,
-45,-25,
12,4,
50,21,
29,33,
-12,28,
-24,28,
-49,76,
12,33,
-93,18,
-101,12,
31,34,
31,3,
17,-51,
61,40,
9,107,
44,35,
5,-54,
-31,-3,
-44,-29,
-34,-87,
-48,-82,
-7,-46,
-48,20,
20,49,
30,41,
54,5,
14,8,
7,49,
-35,18,
-50,-48,
-25,-42,
28,65,
24,-4,
1,-30,
18,-88,
44,-45,
15,27,
14,16,
-6,14,
57,65,
52,-11,
-4,-43,
-19,-66,
-14,34,
63,114,
44,27,
-51,-92,
-45,-94,
36,12,
21,12,
34,38,
-27,36,
3,-17,
10,-50,
8,-18,
45,1,
-44,38,
-13,70,
19,106,
-16,28,
11,-4,
75,-14,
56,-12,
8,58,
35,30,
70,47,
80,55,
1,42,
35,-75,
95,-105,
110,-45,
34,47,
29,94,
6,22,
-28,-43,
-24,-60,
61,-15,
669,-201,
3016,-422,
6301,-147,
6631,762,
2462,1338,
-2067,618,
-3755,-152,
-3780,-333,
-4737,-635,
-5472,-1001,
-4041,-1091,
-1469,-461,
64,204,
240,241,
105,147,
80,122,
121,188,
142,279,
92,374,
103,339,
256,237,
265,47,
225,-114,
184,-148,
64,-89,
-19,-10,
6,163,
147,337,
252,477,
254,424,
149,123,
14,-135,
5,-162,
107,-31,
130,145,
133,71,
86,163,
-106,248,
-187,146,
-295,-102,
-92,-318,
22,-297,
177,-128,
92,-116,
68,-74,
55,-8,
60,81,
168,86,
222,82,
274,18,
174,61,
133,148,
141,131,
95,42,
-13,-96,
-33,-49,
-15,53,
-58,138,
43,21,
39,44,
16,-21,
-27,24,
-52,34,
-43,106,
-53,38,
-100,-120,
-36,-112,
81,-199,
180,-81,
31,31,
-88,82,
-132,43,
4,11,
107,53,
55,135,
-24,118,
-114,-50,
-30,-118,
12,-86,
46,-9,
26,-24,
-39,-72,
-5,-86,
27,-49,
-17,44,
94,125,
45,61,
22,-13,
5,81,
-34,156,
-16,87,
55,-32,
53,3,
-104,22,
-31,1,
-4,-29,
-33,4,
19,16,
39,40,
95,35,
47,-40,
13,-47,
17,29,
-49,29,
-6,72,
2,83,
6,80,
24,74,
67,62,
82,-5,
109,9,
60,63,
56,-35,
10,8,
37,10,
67,-55,
25,-21,
10,-55,
63,-32,
103,12,
12,72,
-1,85,
-19,48,
51,-40,
51,-57,
65,22,
64,31,
32,-21,
94,-4,
48,26,
-19,47,
6,6,
95,-41,
102,-22,
44,12,
-5,-33,
-20,49,
62,1,
-19,-3,
-19,-52,
-14,-75,
-47,13,
-14,32,
42,-6,
75,60,
11,64,
-53,4,
35,-10,
49,61,
5,-37,
31,-11,
-42,-30,
-27,12,
30,-48,
19,-21,
-10,-4,
6,3,
00>
_________________________________
00>
00>
Printing STS1 CIR
00>
00>
_________________________________
00>
75,-35,
36,-33,
44,22,
75,22,
13,138,
-22,149,
-6,122,
-6,95,
34,-1,
-19,-68,
35,-46,
19,2,
-43,-7,
38,-20,
22,20,
0,-8,
-15,-6,
16,29,
88,5,
74,43,
-36,-5,
-73,13,
-24,52,
64,43,
102,92,
0,72,
-70,-1,
-4,-71,
29,-36,
35,6,
-59,12,
-49,-42,
-27,-3,
-5,47,
96,-7,
81,-42,
50,-28,
-19,-33,
-7,20,
26,36,
25,18,
20,46,
34,-12,
35,3,
-14,80,
-69,33,
-34,41,
3,33,
-47,-9,
-53,30,
21,-6,
24,30,
67,-10,
60,-9,
48,-24,
-12,-17,
9,-38,
1,-19,
-34,11,
-31,43,
64,-8,
44,-1,
16,39,
39,11,
87,22,
-4,32,
18,-3,
56,-45,
131,-80,
46,-55,
-38,-9,
-26,52,
3,2,
6,51,
-55,32,
-73,-45,
-83,-31,
46,-30,
15,-44,
-18,-79,
66,-62,
16,-35,
-30,10,
-51,-15,
10,-24,
12,34,
48,93,
38,15,
-35,16,
-75,39,
-55,63,
-42,47,
-63,17,
-24,25,
49,33,
18,9,
-40,-11,
19,-20,
27,-16,
-29,-23,
-52,-65,
-57,1,
-13,1,
-2,10,
-59,15,
21,24,
-15,-46,
66,-38,
-8,-25,
4,-67,
58,4,
-23,-13,
-17,-23,
-27,37,
-11,84,
20,-29,
47,-64,
15,26,
-67,58,
-56,-17,
-14,-25,
40,-29,
32,24,
-1,95,
-51,19,
-47,8,
-19,-5,
27,28,
12,-28,
65,38,
84,71,
16,73,
-53,22,
-66,-7,
-68,35,
6,139,
82,67,
80,10,
-10,52,
-54,29,
-24,10,
76,-50,
82,-19,
36,51,
18,-24,
-40,5,
-45,-29,
1,28,
38,40,
45,-23,
-5,-94,
-23,-64,
3,-31,
-73,13,
-79,-7,
-2,-85,
72,-55,
45,15,
33,13,
-2,31,
-56,-21,
-24,2,
-3,-54,
20,-53,
-28,-35,
37,-10,
59,-46,
41,-6,
4,10,
2,10,
83,59,
54,-7,
12,7,
-66,-3,
-37,6,
-42,3,
23,11,
40,-20,
-1,16,
-47,-53,
-17,-20,
51,-4,
24,14,
2,43,
-27,37,
-26,38,
-11,44,
-7,19,
19,30,
48,-34,
-6,-37,
24,-23,
27,-14,
66,-20,
27,-28,
29,-4,
25,22,
14,86,
-6,50,
17,-41,
-23,-27,
23,-58,
23,21,
6,53,
15,24,
-12,67,
52,28,
50,28,
61,31,
35,28,
60,74,
25,22,
38,-66,
-8,-30,
29,-50,
42,-30,
58,30,
61,-3,
39,15,
-24,56,
-36,35,
-14,17,
-37,50,
-21,19,
15,31,
-73,39,
-25,38,
28,16,
61,-26,
37,6,
29,70,
19,42,
29,5,
-8,-45,
-34,-54,
-9,-56,
-44,9,
13,-36,
-18,15,
-7,27,
32,-60,
26,11,
2,1,
44,-12,
8,-24,
24,-8,
48,-74,
22,-32,
-22,-4,
8,-14,
-4,-18,
-42,26,
-1,-55,
25,-27,
-47,-17,
-19,-23,
-56,-29,
-51,-30,
-62,-42,
20,-72,
45,22,
41,34,
24,45,
45,55,
99,-35,
89,-40,
70,0,
30,-4,
-60,-16,
-86,33,
-11,37,
91,7,
40,68,
-21,19,
2,11,
22,7,
60,22,
33,4,
59,61,
-25,59,
-8,36,
-43,27,
21,4,
57,28,
56,49,
-27,34,
-61,51,
-67,42,
21,62,
93,-29,
23,2,
-25,79,
-6,4,
-7,20,
-2,32,
17,1,
-49,-33,
-73,-19,
62,-10,
71,-66,
76,13,
46,38,
29,23,
21,0,
12,-44,
-3,-17,
-45,6,
-50,1,
-4,4,
-6,-9,
18,-3,
38,34,
14,-4,
-20,-21,
19,6,
0,-46,
-10,-17,
43,56,
14,45,
8,45,
-17,-59,
51,-46,
57,-5,
53,-19,
-19,-43,
-23,-50,
26,-98,
-16,-19,
-34,-31,
24,-25,
-16,-74,
-45,-69,
-19,-40,
9,-10,
-10,58,
-18,-15,
55,-27,
3,-12,
3,8,
20,-89,
32,-50,
-18,67,
27,45,
16,27,
44,-51,
-26,-46,
19,-12,
35,-1,
75,-50,
20,-60,
27,-43,
-32,-3,
9,0,
57,35,
182,-17,
855,-271,
3188,-731,
6227,-459,
6824,548,
3808,1151,
82,453,
-382,-693,
1500,-1571,
2921,-1584,
2606,-1111,
1340,-339,
240,139,
-299,270,
-349,115,
-208,38,
-65,54,
-36,27,
-43,-114,
-74,-389,
26,-308,
16,-130,
-112,136,
-272,131,
-437,61,
-438,37,
-433,126,
-407,78,
-237,-145,
-37,-311,
15,-348,
-6,-157,
126,-74,
176,-81,
76,56,
-49,93,
-134,56,
-217,-45,
-203,-135,
-127,-118,
-59,-52,
-90,21,
-73,110,
-69,184,
5,116,
19,37,
14,42,
67,73,
94,137,
-42,156,
-137,137,
-118,57,
-63,-5,
14,-35,
-13,36,
-59,23,
-31,22,
-19,-34,
-86,5,
-39,54,
-30,52,
-57,48,
-106,-14,
-49,-15,
-60,34,
-48,83,
-83,42,
-78,-13,
-15,-80,
-81,-152,
-13,-98,
52,-31,
68,65,
45,92,
-91,108,
-184,106,
-194,169,
-171,63,
-97,-33,
-46,-39,
-65,26,
-103,52,
-133,-52,
-103,-31,
-55,39,
-41,68,
-92,56,
-39,69,
-52,15,
-8,10,
46,2,
-39,-9,
-109,-22,
-99,29,
-89,-5,
6,39,
-79,95,
-161,40,
-234,38,
-110,-24,
-35,48,
-42,31,
-64,36,
-52,1,
-46,74,
-34,81,
-75,65,
-98,47,
-130,9,
-130,-12,
-143,-21,
-125,39,
-78,71,
-105,60,
-119,65,
-69,4,
-25,-57,
-63,-100,
-129,-91,
-148,-7,
-96,-17,
-92,8,
-47,-34,
-79,11,
-34,-62,
-93,19,
-91,21,
-54,8,
-59,-6,
-88,-10,
-81,-1,
-128,-36,
-99,39,
-76,6,
-36,6,
-80,24,
-88,57,
-68,45,
-44,42,
-73,-12,
-122,2,
-106,32,
-96,81,
-31,100,
-39,102,
-59,87,
-79,68,
-5,87,
61,83,
-24,74,
-68,45,
-100,4,
-23,-11,
-35,-10,
-6,22,
11,24,
22,-33,
-30,5,
00>
_________________________________
00>
_________________________________
Sequence Number: 215
00>
00>
Printing STS0 CIR
00>
00>
_________________________________
00>
-8,42,
42,28,
33,18,
57,2,
-29,45,
-55,21,
-39,21,
-47,37,
15,-25,
18,-52,
-33,-25,
-23,37,
-38,68,
-13,34,
26,19,
-7,14,
70,33,
72,1,
-47,37,
-23,44,
-68,80,
-39,-41,
10,-32,
98,-6,
53,-4,
19,45,
16,50,
-14,62,
-1,51,
-14,71,
28,-2,
38,-28,
-6,11,
14,38,
90,36,
38,-14,
12,10,
-13,29,
-12,-12,
19,-39,
-51,-39,
5,-41,
-13,-29,
-23,45,
-30,30,
-21,22,
38,-35,
27,13,
-29,39,
-17,-24,
-57,14,
-33,30,
-8,-1,
12,7,
44,11,
-5,36,
-14,37,
42,56,
29,-18,
28,-31,
41,29,
58,13,
67,-1,
73,45,
4,46,
-6,19,
1,15,
23,26,
-13,36,
9,-20,
-31,35,
16,-2,
-11,-34,
10,8,
28,1,
65,11,
86,9,
0,-14,
-25,-109,
-25,-27,
2,10,
46,68,
66,44,
-23,37,
15,3,
14,20,
0,15,
-46,-69,
-34,-45,
-55,65,
-28,42,
-24,-63,
-15,-23,
-23,-29,
-16,0,
-80,-3,
-24,37,
-47,4,
23,30,
5,18,
-17,-1,
77,8,
71,-6,
-19,-24,
-42,51,
-17,-10,
25,-46,
73,-43,
-62,16,
-72,1,
52,14,
41,-57,
4,-22,
-27,-3,
-23,-3,
2,14,
38,29,
12,-43,
-15,-52,
79,-54,
-29,1,
-47,-31,
40,29,
-28,-1,
5,8,
11,41,
54,9,
31,19,
29,2,
10,1,
79,47,
21,-5,
49,24,
-39,-2,
-29,22,
5,35,
77,88,
41,7,
45,-18,
19,-19,
31,-11,
21,7,
-47,-50,
-8,-28,
49,29,
-57,-26,
-51,6,
-17,-38,
-4,-20,
-17,-32,
-7,9,
-18,76,
-23,79,
-34,85,
22,-24,
74,-69,
69,3,
42,-46,
-47,3,
33,-43,
36,-60,
39,25,
12,26,
-9,36,
16,14,
1,-21,
-2,16,
39,69,
37,8,
50,-6,
-8,-6,
-71,-28,
-72,19,
-41,82,
19,43,
-38,45,
-6,35,
33,-44,
-6,-25,
-60,-10,
-32,4,
12,18,
42,29,
6,46,
-9,-41,
-34,-27,
41,-48,
69,18,
22,-34,
0,-8,
-8,37,
-23,-27,
7,5,
20,31,
17,-35,
-52,11,
-46,-10,
13,-21,
1,-47,
-24,6,
-93,-24,
2,-32,
4,-14,
-88,-36,
-100,-15,
-37,-19,
24,8,
23,-28,
-34,39,
-70,10,
-34,9,
-18,-6,
22,24,
28,4,
-37,19,
-46,4,
-40,-1,
-26,17,
49,23,
45,-78,
-41,-6,
-42,-4,
-14,21,
30,-4,
-25,-19,
-1,-34,
-49,17,
24,-30,
-20,-20,
-68,3,
-31,18,
14,45,
11,23,
34,7,
7,-14,
-20,-18,
-46,27,
24,21,
75,16,
30,24,
2,28,
-16,11,
22,4,
27,-5,
30,-67,
83,7,
-23,-15,
-56,-20,
-45,-47,
65,-23,
40,5,
22,5,
-51,-13,
-28,-60,
40,12,
-14,-15,
66,25,
9,23,
-22,-19,
21,27,
36,70,
15,61,
-16,-44,
-19,35,
-29,72,
-47,48,
73,44,
134,-41,
29,-13,
-70,26,
-56,-48,
31,-64,
7,-10,
-37,85,
-4,61,
-70,7,
-75,-33,
-37,-72,
-26,-10,
21,20,
17,2,
-41,9,
15,11,
35,-11,
-9,-23,
-7,-71,
-37,-45,
23,-4,
-12,95,
50,69,
33,58,
-20,-37,
-44,-82,
-8,-99,
-39,38,
-8,24,
18,69,
31,42,
16,37,
-108,17,
12,-36,
14,6,
-89,-45,
-3,4,
22,-12,
9,62,
6,30,
-40,-12,
-20,-32,
-27,60,
-36,50,
-55,50,
1,21,
10,56,
28,2,
-6,2,
-25,56,
-21,11,
60,-15,
39,6,
-40,2,
-7,-10,
-1,-9,
-49,-14,
7,12,
27,-28,
-47,38,
-43,27,
-8,75,
21,61,
-39,9,
-18,42,
1,53,
13,19,
-4,-14,
-27,-48,
-19,17,
64,-17,
19,-3,
1,-31,
-51,28,
17,65,
-1,64,
9,-35,
10,-91,
-16,-1,
10,-40,
77,-48,
33,-25,
-57,27,
-46,101,
3,55,
-20,37,
-7,0,
10,29,
56,-2,
58,-2,
78,14,
-10,49,
92,709,
232,3052,
-576,6207,
-2114,6628,
-2957,3211,
-1489,-753,
757,-946,
2085,1438,
2057,3256,
1291,2843,
617,1109,
184,-112,
55,-501,
16,-266,
-111,-51,
-110,-47,
2,-176,
118,-219,
186,-201,
136,-114,
25,-91,
-218,56,
-282,30,
-145,-50,
-5,-209,
46,-297,
223,-262,
395,-336,
512,-331,
430,-227,
122,-84,
-95,88,
-150,40,
-188,-120,
-167,-161,
-165,-148,
-50,-183,
74,-35,
178,83,
244,199,
190,75,
49,-60,
-39,-96,
-86,-160,
-62,-85,
-25,-69,
-61,-88,
-101,-161,
-112,-119,
-37,-152,
-93,-57,
-35,-78,
104,-140,
130,-67,
182,3,
129,-9,
-9,-112,
-121,-161,
-115,-52,
-137,-2,
-108,11,
-113,-62,
-62,-104,
-3,-40,
-69,-34,
-191,-66,
-188,-68,
6,-43,
110,-74,
49,-187,
-73,-186,
-71,-62,
-50,-32,
-73,-26,
-54,-119,
-48,-200,
79,-200,
135,-110,
75,50,
49,-5,
-73,-146,
-70,-269,
1,-163,
7,9,
9,80,
-58,80,
14,21,
84,-35,
-4,-91,
-70,-105,
-37,-66,
18,-85,
-40,-89,
-63,-62,
-102,-20,
-89,-2,
16,-36,
41,-117,
-1,-44,
-4,-47,
-59,-56,
9,-4,
-2,-43,
76,-98,
22,-116,
-4,-43,
-52,-68,
-40,-43,
13,-41,
1,20,
32,-119,
10,-68,
20,-54,
39,-12,
23,-1,
22,-56,
-43,-99,
32,-40,
-32,-15,
51,-3,
84,-35,
82,-15,
44,-13,
-22,-27,
2,-29,
38,-67,
-15,-43,
-13,-74,
38,-69,
39,-117,
9,-76,
12,-86,
3,-20,
4,-93,
49,-77,
-82,-89,
-50,-64,
-67,-57,
-33,-71,
-33,-64,
-19,-99,
65,-41,
20,-68,
18,-40,
-33,-23,
-47,8,
-90,-8,
-77,-79,
-30,-84,
49,-57,
53,-9,
25,-26,
-39,-74,
00>
_________________________________
00>
00>
Printing STS1 CIR
00>
00>
_________________________________
00>
1,16,
70,50,
18,75,
43,108,
6,55,
-11,-60,
27,-61,
-35,-18,
-72,66,
-36,-27,
-50,-57,
-43,25,
-33,-7,
11,-12,
16,34,
-27,-20,
2,-37,
-42,-46,
-57,55,
-6,82,
-9,29,
-46,-11,
2,35,
50,61,
87,16,
23,-7,
56,18,
13,-33,
-12,-14,
-55,-11,
-34,-27,
-43,-45,
-1,-45,
21,-57,
50,-26,
99,-58,
39,-5,
-2,40,
-51,54,
-39,34,
-25,17,
2,5,
-25,33,
-51,17,
-58,26,
-44,59,
-11,36,
-40,53,
8,24,
13,49,
19,0,
86,9,
41,45,
-4,36,
-48,48,
33,5,
60,-19,
-25,10,
-57,6,
64,-33,
76,25,
57,-18,
-6,23,
23,-77,
66,4,
-19,74,
-20,68,
-20,31,
30,-30,
-50,-8,
-49,-53,
25,17,
-21,100,
-26,-37,
-55,-52,
-7,1,
-12,51,
9,48,
-74,40,
-100,-18,
14,-26,
12,5,
-37,25,
-40,5,
11,11,
26,14,
29,-14,
-14,-61,
-56,-36,
-48,-25,
47,-45,
46,21,
102,54,
32,62,
36,-2,
50,-1,
1,26,
-48,-49,
-76,-9,
-43,54,
-36,83,
17,29,
48,-22,
-21,23,
55,-12,
72,-15,
58,-60,
16,36,
1,31,
-23,-13,
-7,42,
62,30,
20,10,
-73,50,
-95,19,
-54,-5,
-40,-11,
29,20,
44,83,
-12,80,
19,62,
28,10,
-2,40,
-8,17,
11,34,
14,10,
-1,71,
-4,8,
-8,8,
-14,1,
9,100,
14,77,
25,44,
49,10,
60,40,
58,-16,
35,-14,
33,-38,
59,22,
-7,86,
-19,18,
-47,-21,
17,27,
28,-1,
51,-49,
-44,-49,
-67,12,
-71,61,
-10,-2,
4,25,
-2,30,
-43,13,
14,12,
12,33,
14,48,
-9,62,
-11,4,
19,-5,
81,-15,
-2,-38,
-32,-1,
-12,10,
60,15,
-14,8,
-19,33,
-27,51,
-26,22,
45,-32,
49,-30,
7,-28,
48,-48,
26,-46,
-20,33,
-76,77,
-27,39,
50,4,
-5,-21,
-51,-2,
-52,24,
7,30,
17,-18,
-44,-36,
-31,-1,
46,-40,
64,23,
59,57,
24,35,
-37,39,
9,25,
0,56,
17,69,
33,83,
46,6,
-36,-84,
-45,-20,
-1,16,
8,31,
2,21,
-33,77,
-36,49,
-37,15,
16,35,
86,26,
96,59,
-8,10,
-18,-33,
-28,13,
-47,34,
-101,101,
-4,58,
25,26,
-47,10,
-62,2,
-33,-9,
60,49,
60,52,
3,-2,
-78,35,
-53,34,
-1,-17,
51,-39,
-9,32,
-48,12,
4,-29,
-51,-14,
-90,-5,
3,71,
-5,59,
-9,21,
-31,-14,
-47,42,
27,49,
96,15,
103,23,
128,28,
46,75,
22,33,
-77,43,
-93,29,
-40,20,
99,-1,
67,-43,
41,-40,
39,-25,
13,-36,
5,-2,
-31,11,
57,19,
78,45,
37,52,
-10,-13,
-70,-14,
-28,-48,
49,-32,
35,-30,
4,24,
-7,-18,
-51,-30,
8,-36,
-10,39,
-26,31,
24,-54,
-5,-15,
-102,46,
-85,59,
38,60,
61,16,
37,10,
-7,-20,
-14,36,
-25,71,
-37,-19,
45,1,
14,47,
12,32,
-20,-20,
8,17,
52,14,
-27,-15,
-25,0,
-36,8,
43,6,
58,9,
41,30,
5,-6,
16,20,
-26,39,
-16,19,
36,3,
87,4,
31,-32,
-14,-35,
1,16,
0,31,
47,45,
61,11,
39,-39,
69,26,
55,22,
4,61,
34,-1,
26,29,
33,8,
-9,41,
-60,36,
12,15,
23,-33,
-17,-50,
-70,-49,
-10,42,
84,89,
38,46,
52,-64,
29,1,
-13,66,
-63,-7,
37,27,
75,62,
54,54,
13,43,
-2,-54,
-6,-17,
38,24,
9,51,
3,28,
27,0,
12,-32,
6,-23,
39,-12,
31,44,
-8,7,
-75,3,
-6,64,
33,72,
26,-43,
1,-58,
-14,19,
-20,55,
24,43,
10,32,
-32,-15,
-13,11,
16,-40,
0,58,
-5,90,
34,20,
2,-61,
-7,-30,
-37,8,
-42,-7,
-8,-46,
22,28,
53,64,
-47,29,
-27,6,
-21,-34,
31,69,
7,-18,
-15,70,
-89,719,
-502,3135,
-1491,6548,
-2433,7170,
-2415,4229,
-858,-377,
272,-2003,
47,-1035,
-866,-300,
-1178,-565,
-714,-831,
-136,-674,
116,-282,
32,-208,
-67,-238,
-61,-112,
-98,-67,
-257,-114,
-456,-205,
-429,-187,
-351,7,
6,246,
223,198,
307,-58,
250,-232,
124,-151,
98,-133,
21,-150,
-57,-99,
-110,63,
-35,83,
89,67,
124,-77,
-38,-153,
-152,-165,
-140,-124,
9,-157,
126,-171,
234,-129,
239,-49,
124,-27,
146,-73,
127,-222,
165,-165,
130,-73,
60,-13,
12,-1,
6,42,
-11,120,
-115,220,
-50,170,
7,86,
75,-31,
101,-8,
132,16,
125,-36,
69,-79,
36,-19,
2,7,
-25,-93,
26,-145,
-6,-145,
-82,-34,
-98,-22,
-111,-12,
-169,-50,
-178,-99,
-95,-72,
84,32,
127,71,
100,43,
45,13,
-9,-15,
-32,-15,
0,-124,
66,-217,
98,-233,
157,-98,
143,39,
108,56,
-4,29,
7,-23,
38,-25,
27,-73,
60,-101,
40,-97,
56,-52,
30,-73,
83,-73,
93,-73,
94,-72,
107,-12,
30,7,
69,-97,
55,-151,
54,-66,
70,-86,
37,-133,
-1,-12,
27,0,
50,28,
62,19,
23,-29,
-22,8,
-26,-4,
76,-51,
99,-29,
32,-17,
85,-38,
62,-48,
-1,-7,
-13,-55,
-30,-44,
-68,-43,
19,-63,
50,-1,
86,-61,
34,-47,
24,-20,
62,24,
63,-18,
15,-46,
72,-14,
52,-27,
32,-30,
-8,24,
11,-7,
-41,-41,
9,-7,
64,5,
44,20,
-46,-34,
31,-39,
4,-28,
69,-7,
39,2,
49,-72,
31,-23,
44,-18,
104,19,
76,-58,
100,-80,
112,-61,
84,-71,
62,-9,
89,-90,
34,-88,
49,5,
73,-27,
7,-46,
35,-87,
20,-50,
19,-4,
00>
_________________________________
00>
RX Timestamp: 182187325959
00>
Clock Offset: 2075.386 Hz, -0.260 ppm
00>
RX Timestamp: 183262082822
00>
Clock Offset: 2335.739 Hz, -0.292 ppm
00>
_________________________________
Sequence Number: 92
00>
00>
Printing STS0 CIR
00>
00>
_________________________________
00>
0,14,
-5,-47,
-10,-30,
-49,-41,
30,55,
-2,5,
8,37,
-25,37,
54,33,
41,9,
-49,6,
-44,49,
36,107,
32,85,
-62,51,
-70,15,
-17,-36,
37,-8,
-50,16,
-69,-10,
13,-8,
74,38,
55,-2,
50,-67,
12,-115,
4,-14,
-58,-7,
-22,-59,
-50,-84,
-46,38,
-35,-9,
-35,-23,
-32,10,
-34,60,
-49,-6,
-8,-22,
11,-2,
35,75,
35,77,
-35,20,
29,95,
102,25,
-5,19,
27,-26,
36,26,
0,-17,
-22,-1,
46,-37,
-7,25,
28,-27,
-48,31,
-26,-18,
-73,9,
-72,-62,
-51,10,
20,77,
15,42,
49,37,
5,73,
20,62,
64,15,
-8,-98,
17,-42,
-85,-42,
-46,-4,
11,32,
10,37,
-52,-11,
9,-4,
8,-27,
-28,12,
7,60,
17,-47,
31,-50,
-45,-35,
-38,15,
-6,1,
54,43,
19,15,
35,10,
-106,-42,
18,-53,
26,-9,
28,73,
23,37,
5,34,
26,20,
60,-8,
65,-3,
-4,147,
-41,103,
-29,39,
6,-36,
46,-34,
76,-31,
155,-100,
105,-70,
106,53,
65,18,
19,-65,
-45,-121,
-31,-54,
69,-25,
48,2,
-24,16,
-31,-1,
-67,-14,
-31,21,
25,-12,
35,37,
69,-13,
54,-28,
5,-34,
-47,-73,
0,-3,
-22,25,
12,67,
-30,61,
31,-106,
-4,-90,
-35,20,
12,-41,
-11,47,
38,32,
5,-88,
-63,-62,
-42,73,
47,25,
55,22,
49,22,
65,42,
4,-6,
-27,-29,
-3,5,
57,14,
30,22,
6,-33,
33,41,
103,38,
44,27,
-42,51,
14,-15,
8,-61,
-67,-46,
-64,17,
-29,-20,
-11,63,
7,23,
95,-9,
65,-48,
20,9,
-47,58,
2,40,
31,28,
32,-46,
67,1,
18,33,
26,106,
-3,41,
-33,-2,
-8,-48,
-6,-82,
10,-41,
3,8,
10,19,
-50,21,
26,65,
72,56,
1,74,
41,47,
59,-5,
46,-8,
38,-7,
24,11,
26,-59,
53,-37,
124,-14,
24,14,
-43,-2,
-78,-60,
-92,-9,
23,30,
55,53,
30,78,
11,112,
37,29,
38,6,
3,16,
-17,75,
45,53,
72,14,
58,27,
9,81,
41,67,
42,118,
12,83,
-40,42,
-8,-10,
11,35,
61,72,
10,-50,
-15,-59,
16,-7,
28,80,
40,31,
-11,38,
-35,67,
30,58,
-79,61,
-70,-29,
-62,-22,
5,-14,
77,-46,
49,-28,
-1,22,
-55,70,
-39,30,
-10,15,
14,-24,
26,19,
-39,104,
10,35,
13,27,
50,-13,
-39,-27,
-95,48,
-44,-7,
17,-23,
36,-64,
65,16,
-28,12,
-6,-40,
-17,-33,
15,-17,
20,54,
-37,-55,
-10,-1,
6,19,
-15,32,
55,47,
-4,55,
-3,-23,
-14,20,
17,28,
-28,-62,
24,-133,
10,-32,
-44,25,
-44,42,
-32,-55,
45,-4,
-21,73,
-6,138,
11,70,
-24,44,
-16,-25,
-37,-23,
-47,48,
26,5,
-2,-3,
61,-4,
-1,81,
-13,34,
-9,40,
27,64,
28,115,
11,28,
16,33,
-5,2,
-13,78,
20,84,
66,-31,
18,32,
-9,36,
-3,15,
6,-19,
8,-18,
35,-17,
39,-18,
17,-29,
-11,-54,
-24,-55,
42,-45,
-6,-60,
-77,-45,
-5,3,
78,-3,
63,-19,
-25,-58,
-60,-32,
12,-26,
-21,36,
-63,20,
2,23,
6,-8,
-40,-8,
-61,45,
-26,-6,
34,53,
-15,-36,
5,-21,
44,-31,
68,1,
82,-47,
59,30,
15,-75,
12,-2,
-24,42,
-3,107,
81,20,
17,-26,
100,-7,
14,7,
-66,25,
41,-32,
40,-1,
38,15,
-34,103,
56,83,
65,-32,
18,-86,
-7,-33,
-51,19,
52,76,
26,67,
53,7,
35,38,
-33,-52,
11,-91,
26,-41,
69,51,
56,67,
-4,87,
-3,30,
-20,-57,
55,-79,
10,-93,
15,-16,
35,11,
-55,6,
-8,-28,
-14,-65,
48,18,
138,55,
32,1,
21,-14,
41,-4,
34,-53,
1,-10,
28,-57,
-5,-40,
47,4,
6,20,
-10,-24,
1,-53,
2,-50,
9,42,
-60,69,
-354,-165,
-1714,-1356,
-3942,-3978,
-4238,-5545,
-1588,-3865,
1493,270,
2517,2638,
2131,2990,
2463,3628,
2869,4725,
2189,4249,
884,2016,
138,164,
65,-321,
93,-88,
13,-22,
12,-137,
63,-193,
145,-253,
246,-301,
81,-347,
-89,-304,
-208,-264,
-193,-91,
-158,74,
-61,82,
33,-62,
175,-226,
222,-381,
183,-515,
78,-344,
-114,-37,
-141,167,
-106,75,
-68,-53,
-36,-118,
-26,-121,
153,-144,
281,-40,
220,132,
-9,253,
-207,296,
-226,25,
-231,-119,
-139,-13,
-112,-86,
-36,-162,
56,-218,
30,-188,
6,-243,
-142,-236,
-126,-159,
-9,-220,
108,-156,
79,26,
133,60,
69,51,
-10,16,
-16,-41,
-24,10,
17,38,
56,131,
78,72,
-22,-11,
-16,30,
69,132,
-1,124,
-88,32,
-102,-26,
4,12,
78,-11,
132,-45,
136,-50,
33,-91,
-16,-61,
42,-19,
157,55,
116,55,
-71,55,
-68,27,
-50,0,
4,71,
27,129,
-30,44,
74,-32,
65,-38,
99,-28,
-35,-25,
-13,-47,
20,-18,
-29,-75,
-11,-14,
-13,-6,
-13,34,
38,28,
73,21,
40,-3,
9,-22,
3,-47,
-12,19,
19,38,
39,73,
-35,5,
53,-45,
91,7,
91,1,
-87,-7,
-5,32,
5,2,
-2,-100,
-18,-84,
-2,8,
59,-33,
17,65,
2,56,
-45,27,
-53,-74,
17,-56,
27,-25,
-11,9,
21,46,
22,32,
27,-4,
-58,49,
-57,7,
-19,-29,
-18,-26,
-52,65,
37,100,
20,95,
64,36,
75,-30,
-24,57,
-95,-43,
-83,38,
-42,34,
-34,88,
-14,33,
-21,-20,
-24,26,
-21,-13,
53,29,
6,32,
-8,5,
90,24,
64,-7,
-11,-2,
-67,2,
-44,4,
-67,50,
74,31,
87,42,
38,-43,
-17,-15,
00>
_________________________________
00>
00>
Printing STS1 CIR
00>
00>
_________________________________
00>
-7,78,
-1,48,
20,9,
-17,12,
14,12,
11,15,
2,24,
28,5,
21,17,
30,38,
-15,36,
-70,59,
-10,41,
24,16,
21,-44,
3,-69,
5,-40,
10,-36,
28,-42,
46,-38,
63,4,
76,24,
27,-16,
11,-22,
36,9,
-12,27,
-79,58,
-22,134,
27,56,
22,14,
56,13,
88,67,
60,64,
43,45,
24,48,
-12,16,
20,-15,
-2,-7,
-21,32,
24,-6,
-15,-3,
9,18,
72,-28,
57,-40,
35,7,
-2,48,
14,12,
0,29,
30,72,
9,59,
-25,14,
7,-57,
-18,-32,
-11,-35,
-9,-40,
8,44,
85,78,
106,30,
100,-13,
13,17,
24,20,
1,-15,
-37,-42,
2,-22,
5,23,
-66,19,
-68,37,
-3,-2,
8,11,
7,48,
38,-2,
51,14,
-7,51,
21,16,
11,51,
16,101,
23,27,
38,-16,
4,21,
-24,9,
1,26,
9,89,
-45,70,
12,18,
39,-3,
4,16,
-57,8,
-9,64,
16,68,
68,8,
97,29,
-4,22,
-24,5,
-58,12,
40,-34,
31,-2,
-27,-33,
-19,-25,
15,-45,
10,-13,
-47,83,
-28,91,
-42,107,
-8,53,
66,-77,
62,-62,
14,-11,
-27,-18,
-20,-24,
-11,35,
-19,-33,
6,-2,
12,-42,
-3,-2,
-7,34,
34,40,
4,2,
11,-26,
-3,-32,
7,29,
28,0,
42,3,
39,38,
34,64,
-3,-17,
-41,-89,
-14,-8,
53,101,
13,42,
1,5,
-48,-2,
-24,-37,
-9,-26,
36,-5,
35,-41,
27,-30,
9,39,
5,17,
-32,-18,
-75,27,
-23,20,
11,12,
18,18,
-26,21,
16,37,
55,4,
28,9,
26,24,
84,8,
80,13,
16,6,
-17,-41,
81,1,
23,-69,
17,-65,
65,-22,
-17,1,
25,-45,
37,10,
43,-27,
0,19,
-53,-16,
-37,-1,
-26,20,
35,33,
38,38,
-7,58,
46,57,
-35,34,
-62,54,
-22,78,
45,58,
13,-2,
-32,37,
-88,36,
-47,24,
-20,9,
-17,-41,
-25,-43,
10,-2,
3,8,
34,3,
-20,43,
-10,32,
51,44,
34,34,
-38,10,
-63,12,
-45,11,
-15,4,
1,29,
56,21,
57,34,
-44,26,
-4,-5,
-11,49,
-9,30,
10,66,
-12,3,
47,-13,
20,39,
42,19,
36,-78,
-6,-63,
-40,8,
25,21,
10,32,
16,40,
10,4,
-10,27,
-34,52,
-38,35,
-16,4,
46,2,
-18,-14,
5,84,
-20,46,
13,19,
33,-92,
84,-18,
41,70,
-3,31,
-49,28,
-50,-24,
-15,-12,
-13,-37,
-28,10,
-42,11,
-41,20,
-56,-35,
51,-3,
85,-4,
-7,87,
-51,84,
-5,61,
35,19,
37,-44,
-31,18,
-48,71,
47,-31,
-8,-19,
-1,49,
-85,58,
43,50,
70,52,
22,-12,
-27,37,
-38,52,
-37,-28,
-18,-30,
40,-15,
35,-39,
49,-41,
-14,-12,
-57,-28,
-6,-41,
91,38,
83,6,
44,10,
35,-6,
24,9,
12,40,
35,16,
78,-27,
-14,-18,
-43,-40,
-34,-24,
2,-10,
6,-19,
21,-13,
-46,-6,
-4,-5,
-29,-31,
-7,-27,
22,-38,
44,-28,
55,29,
48,23,
17,18,
17,33,
-17,27,
-31,37,
-84,36,
-6,27,
-4,-27,
20,37,
23,-29,
-55,-31,
-69,20,
11,72,
-52,119,
-58,60,
-44,65,
-3,55,
22,22,
18,14,
-2,17,
89,19,
90,65,
-8,16,
-24,20,
-26,7,
-30,-36,
-2,-58,
19,-52,
67,-51,
55,16,
-18,19,
-33,-6,
42,-33,
44,59,
4,48,
84,-26,
82,-49,
17,-20,
12,26,
50,-9,
17,-35,
-23,-35,
-20,14,
52,-52,
49,-56,
38,-19,
81,22,
71,6,
26,-31,
-35,-27,
-26,-78,
17,-49,
35,2,
90,15,
1,46,
-27,-14,
-16,-55,
44,-59,
93,37,
90,87,
81,97,
-13,78,
-30,33,
11,21,
108,-10,
110,-48,
36,6,
-41,65,
-85,56,
-16,75,
-39,91,
11,46,
29,37,
62,60,
32,26,
21,-54,
22,-33,
-21,21,
74,30,
59,-6,
-17,-37,
-425,-164,
-1613,-1175,
-3643,-3671,
-4086,-5545,
-2435,-4811,
-233,-1559,
3,574,
-1433,396,
-2676,-845,
-2563,-1453,
-1456,-966,
-317,-326,
317,69,
388,157,
281,181,
212,112,
122,111,
4,277,
-220,342,
-314,296,
-88,169,
194,-1,
326,6,
276,179,
368,346,
448,421,
236,385,
-37,313,
-305,299,
-310,265,
-245,245,
-122,14,
-167,-74,
-89,-171,
22,-143,
202,-9,
217,127,
137,194,
68,198,
-21,116,
76,71,
245,36,
192,24,
124,-14,
130,-10,
34,-49,
43,-108,
79,-62,
128,-2,
188,10,
150,9,
112,27,
135,27,
41,16,
15,42,
92,92,
141,66,
136,27,
94,11,
119,69,
110,39,
28,75,
67,164,
55,135,
77,112,
144,106,
163,103,
53,82,
-59,179,
-104,204,
8,109,
105,-9,
194,-26,
197,-64,
140,55,
163,105,
130,157,
38,137,
1,30,
70,34,
89,9,
84,111,
-22,186,
-76,121,
-67,94,
53,92,
109,99,
80,112,
43,51,
-15,3,
-25,12,
17,48,
40,7,
59,40,
-20,49,
33,26,
56,64,
110,67,
106,146,
57,123,
132,142,
146,107,
93,62,
41,52,
95,0,
78,-39,
99,-54,
90,29,
67,64,
74,146,
70,97,
70,67,
54,35,
70,36,
108,88,
66,57,
106,149,
21,114,
9,114,
19,64,
51,59,
99,3,
84,62,
50,98,
9,81,
19,49,
69,-8,
56,28,
66,36,
82,15,
168,30,
89,17,
22,110,
-26,138,
36,84,
68,80,
43,102,
45,123,
77,63,
42,48,
78,81,
57,109,
74,36,
46,38,
101,48,
85,78,
126,93,
-5,42,
65,86,
184,49,
131,47,
53,23,
90,6,
72,45,
00>
_________________________________
00>
_________________________________
Sequence Number: 95
00>
00>
Printing STS0 CIR
00>
00>
_________________________________
00>
5,15,
49,-25,
71,-50,
-7,-24,
-65,-14,
-31,-27,
53,-7,
22,4,
44,26,
64,18,
50,-5,
-29,-4,
-28,-10,
81,15,
12,77,
3,13,
-17,1,
-3,-34,
-39,-38,
-18,65,
-23,66,
-27,86,
-17,49,
12,20,
-70,34,
-73,23,
-44,9,
36,64,
18,-18,
-13,-14,
14,-21,
-5,-35,
2,-29,
-19,-7,
18,-54,
-10,106,
27,67,
12,44,
-26,-33,
-1,29,
-17,34,
32,74,
5,-23,
30,-32,
78,-7,
48,16,
60,62,
19,8,
56,-2,
25,-4,
-27,-37,
-63,14,
-5,-19,
39,6,
63,-1,
-24,49,
21,64,
-1,10,
28,-40,
49,-35,
55,47,
-4,-16,
-28,-45,
1,61,
-35,-3,
-15,-40,
-10,-58,
18,14,
9,74,
-25,15,
-29,-11,
61,7,
63,60,
30,70,
-15,37,
19,18,
-17,-5,
11,-43,
-25,-90,
30,22,
8,44,
30,25,
-40,-17,
-7,-19,
57,-2,
50,79,
84,53,
63,31,
49,-3,
54,-42,
83,14,
25,11,
-33,37,
47,23,
46,-7,
30,4,
21,-8,
37,11,
116,-26,
17,-5,
9,14,
20,-3,
-37,44,
15,38,
107,48,
85,14,
23,47,
-6,18,
-56,17,
26,-6,
34,12,
5,29,
13,108,
14,82,
-61,26,
-24,-65,
-30,-14,
-38,37,
42,85,
1,46,
-18,2,
-42,-8,
-32,-53,
-32,-12,
7,17,
40,117,
-31,75,
-38,-5,
-6,-27,
-25,-40,
-23,-33,
14,-8,
42,22,
87,53,
15,37,
-32,64,
-52,51,
33,-54,
48,-36,
2,75,
-22,49,
-39,66,
-46,31,
-1,-23,
8,-9,
7,5,
-35,9,
-2,-47,
-96,4,
-17,-10,
-57,10,
3,-57,
-17,-47,
-27,-34,
-116,17,
1,27,
43,68,
23,20,
-9,-99,
-21,-7,
-26,41,
20,28,
-6,13,
15,35,
25,-8,
-46,-27,
-41,-43,
-5,-40,
2,-2,
50,9,
16,25,
-55,13,
-28,23,
2,-17,
5,-25,
-7,0,
16,5,
-25,24,
12,92,
34,46,
67,11,
4,69,
50,7,
-75,-13,
-23,-24,
51,36,
30,21,
99,26,
69,101,
36,79,
101,39,
50,2,
30,18,
52,-12,
54,-16,
36,41,
88,57,
-16,53,
54,-25,
-15,-9,
-29,-19,
80,-18,
102,-2,
42,13,
-32,-53,
-25,-32,
-60,-70,
-55,-81,
21,-40,
56,50,
63,-54,
38,-40,
-20,-33,
-35,-54,
41,-10,
78,16,
23,92,
56,0,
1,-32,
21,-32,
20,34,
-12,44,
-20,-27,
-24,-9,
-10,-42,
-54,54,
1,16,
-29,-38,
-24,9,
-42,-20,
24,-27,
-23,22,
31,-28,
38,-50,
-15,-16,
-40,24,
8,-1,
-30,20,
-29,-60,
-12,-26,
-23,78,
-50,78,
2,89,
58,34,
3,-4,
27,11,
57,53,
70,30,
0,54,
29,45,
18,-68,
-8,-34,
5,61,
-32,79,
26,40,
35,-40,
40,-12,
31,27,
22,-4,
-37,12,
-1,12,
-31,3,
15,-18,
-2,-63,
-79,-18,
-106,17,
-78,19,
-18,-36,
63,6,
27,2,
83,13,
-56,9,
-11,33,
-50,-2,
17,-28,
38,47,
-20,-6,
36,-57,
48,-87,
-22,-20,
-95,44,
-86,1,
1,-16,
-51,-109,
-66,-58,
-24,-5,
39,42,
-1,10,
-4,20,
-16,-62,
26,-40,
24,7,
33,5,
-6,-10,
-2,-20,
0,-25,
-57,-109,
-76,-109,
-69,78,
-34,174,
-5,26,
0,-53,
22,-49,
40,61,
31,64,
13,-15,
-36,31,
10,15,
-15,4,
-37,-21,
-9,-14,
7,28,
33,57,
-38,13,
-57,-11,
-35,-34,
-22,-32,
-19,-3,
-50,48,
-58,-2,
-4,-25,
-38,1,
-18,-29,
19,26,
73,63,
68,6,
81,34,
10,48,
4,-46,
61,-70,
64,-54,
16,-98,
36,-30,
60,-68,
14,-14,
-17,50,
-17,-24,
21,-60,
57,-3,
73,35,
49,52,
37,54,
-38,96,
-32,35,
-29,39,
34,30,
-11,17,
-25,-50,
-35,54,
19,85,
42,-14,
60,-63,
1,-33,
-45,-70,
110,-341,
855,-1822,
2905,-4584,
4889,-5340,
5064,-2922,
2067,700,
-807,1149,
-1571,-1254,
-738,-3517,
85,-3583,
134,-2009,
-123,-397,
-275,325,
-123,364,
5,220,
20,100,
-78,91,
-116,87,
-224,73,
-217,-86,
-122,90,
272,135,
317,149,
144,151,
-72,303,
-197,327,
-255,240,
-432,64,
-564,18,
-571,88,
-328,8,
91,-77,
182,-97,
183,7,
2,230,
64,306,
13,304,
-4,127,
-142,-66,
-178,-185,
-88,-188,
-50,-35,
-95,128,
-23,168,
-68,139,
-45,79,
-76,135,
-6,220,
43,250,
81,210,
41,81,
-15,5,
-103,52,
-205,6,
-203,-75,
-161,-5,
-62,77,
15,104,
58,60,
124,37,
109,88,
122,72,
-25,82,
-5,132,
61,137,
131,12,
38,106,
21,27,
-80,-64,
-106,-56,
-121,101,
-1,160,
-81,60,
-84,52,
-5,129,
-44,194,
-72,174,
-132,72,
-120,11,
-59,-10,
-40,69,
-89,200,
-154,186,
-60,75,
4,-48,
24,6,
95,55,
31,58,
45,62,
95,86,
39,95,
-17,97,
-120,98,
-69,41,
-29,57,
0,28,
38,59,
-41,146,
2,86,
-4,46,
-1,98,
-23,87,
-52,61,
-35,34,
-94,-21,
-28,-58,
22,78,
20,112,
-57,83,
-56,99,
-50,111,
-15,137,
-69,81,
-114,18,
-59,1,
-78,-44,
-78,3,
-61,42,
-59,46,
-127,24,
-28,49,
-18,-40,
-29,24,
9,68,
-45,94,
-20,126,
-45,166,
-78,79,
-54,117,
-50,121,
22,112,
82,142,
-4,116,
-76,64,
-31,98,
8,74,
-24,5,
-25,-21,
-1,33,
-46,9,
-46,50,
8,104,
34,120,
28,85,
4,76,
-1,70,
-40,69,
-75,28,
12,1,
-23,16,
-54,-8,
-26,11,
-111,50,
-103,15,
-40,28,
25,81,
28,72,
-73,48,
00>
_________________________________
00>
00>
Printing STS1 CIR
00>
00>
_________________________________
00>
-12,8,
5,15,
17,-10,
-2,8,
-18,-37,
-1,-29,
21,-24,
63,-28,
78,-6,
23,-41,
55,33,
29,-32,
73,-63,
53,-88,
18,29,
-42,-14,
-26,-26,
-12,-52,
-3,13,
28,-20,
-18,-27,
15,14,
50,76,
34,21,
-31,3,
-23,3,
38,-12,
6,-73,
30,-23,
-17,39,
-22,102,
61,25,
41,-15,
37,-28,
-62,19,
-44,68,
-42,11,
55,22,
70,70,
74,36,
-18,12,
-24,23,
5,82,
1,71,
-20,86,
-7,83,
-10,24,
28,20,
8,-56,
-66,7,
-59,35,
-36,-11,
2,6,
-48,14,
-19,2,
11,-3,
51,68,
33,42,
39,-8,
14,21,
-26,-48,
-58,-41,
-2,5,
-10,1,
29,4,
-16,9,
7,18,
1,-52,
-54,-74,
16,20,
30,77,
43,7,
56,50,
24,40,
3,-5,
19,-44,
-20,-11,
-64,-22,
-46,0,
-32,37,
-9,44,
-20,42,
-20,7,
-10,-26,
13,46,
9,-48,
-6,-7,
-45,33,
-8,-3,
22,29,
14,24,
-37,29,
-66,8,
-35,49,
-26,53,
4,30,
-13,-28,
-7,-4,
43,27,
98,29,
45,31,
-5,47,
-47,23,
15,-55,
-2,-71,
-22,7,
2,15,
-15,-12,
-65,21,
51,50,
74,67,
-34,55,
-47,6,
-64,2,
-44,28,
55,11,
-10,47,
-53,-32,
-26,-32,
-60,51,
-32,98,
-20,36,
24,22,
27,52,
-16,-29,
-10,-55,
39,-29,
3,5,
-14,11,
-30,-31,
-2,-70,
-33,-50,
-43,7,
-53,11,
52,25,
81,-105,
20,-120,
7,-8,
-56,40,
-79,45,
45,-29,
25,-24,
-8,24,
29,-15,
21,18,
45,-16,
-16,39,
-23,50,
-30,92,
-23,27,
-48,-47,
-26,-32,
12,9,
9,2,
-1,-11,
-61,12,
-2,50,
30,44,
-32,66,
-46,52,
15,35,
17,-19,
5,-60,
-75,-36,
-63,6,
-9,49,
7,3,
33,-38,
15,-18,
-26,-9,
-20,48,
20,-23,
-32,80,
-91,44,
-101,-41,
58,-49,
41,5,
-16,77,
-55,27,
-23,-47,
-33,19,
26,27,
44,35,
-16,-48,
-73,-14,
-44,-8,
43,-36,
38,-14,
-11,31,
24,6,
-9,-47,
78,-23,
36,28,
23,32,
23,-59,
30,31,
23,60,
-40,17,
-19,-72,
24,-17,
35,35,
28,-5,
51,31,
83,69,
-21,54,
-46,38,
17,29,
39,-20,
16,35,
9,37,
49,-5,
-3,72,
0,39,
46,-19,
3,-62,
91,-90,
46,26,
28,16,
83,-35,
70,-22,
61,4,
-22,106,
-9,40,
-58,-40,
-75,-9,
-12,56,
-13,16,
59,5,
75,8,
5,-3,
-26,-9,
35,-80,
-6,-44,
-12,-14,
17,9,
-8,13,
-33,14,
-35,14,
21,18,
-15,25,
-74,33,
-27,37,
13,25,
-12,-52,
-9,-51,
-27,-24,
30,-18,
27,-7,
-18,29,
54,-13,
20,-9,
58,-2,
12,-53,
-1,23,
23,15,
44,-36,
-2,-5,
-50,28,
22,-1,
21,31,
61,42,
70,23,
46,32,
-42,13,
-38,46,
-60,48,
-53,18,
34,3,
-4,-6,
-5,29,
19,-15,
37,37,
74,34,
27,3,
70,-11,
63,-18,
10,-73,
-14,-10,
-3,-35,
51,-26,
60,-19,
64,-30,
69,25,
29,83,
-74,50,
-40,36,
-24,-34,
-21,39,
-6,85,
-26,66,
-49,30,
15,-6,
30,6,
27,54,
10,96,
7,65,
-13,-21,
-34,-20,
-9,-4,
-18,-1,
-30,29,
-19,13,
-51,39,
2,5,
54,27,
24,15,
73,-16,
66,25,
61,-15,
-18,-2,
-63,-50,
1,-38,
40,-3,
26,40,
53,-24,
37,55,
63,83,
12,104,
-15,-25,
-53,-43,
-30,-83,
-20,-41,
2,18,
63,88,
-4,91,
24,19,
-26,7,
-18,22,
-62,29,
-49,-12,
-29,-2,
-37,-14,
-12,36,
-12,120,
63,53,
64,71,
39,-1,
16,-29,
8,10,
39,21,
42,24,
33,89,
35,16,
-14,4,
-17,-22,
21,-12,
56,-40,
-5,-29,
15,8,
-12,22,
-10,6,
32,8,
-15,55,
-1,39,
154,-422,
923,-2239,
2580,-5432,
4019,-6522,
4156,-4640,
1614,-142,
-566,2082,
-674,1342,
390,583,
1054,838,
764,1184,
135,893,
-90,424,
-137,267,
-64,230,
-55,124,
54,145,
198,168,
444,269,
451,265,
389,136,
147,-241,
-61,-316,
-262,1,
-264,253,
-256,284,
-152,170,
-67,158,
28,155,
121,112,
124,-56,
31,-32,
-88,120,
-155,217,
7,232,
70,139,
0,158,
-79,180,
-234,95,
-278,-44,
-212,-56,
-228,18,
-258,153,
-200,129,
-72,100,
8,100,
-70,124,
-75,29,
44,-113,
153,-253,
85,-176,
6,-75,
-43,-24,
-56,26,
-116,37,
-78,27,
-41,109,
-29,66,
37,26,
40,87,
63,140,
15,166,
38,141,
3,134,
113,72,
88,71,
33,107,
-26,35,
-88,17,
-175,-40,
-135,-37,
-149,-8,
-11,56,
-7,132,
-47,160,
-85,270,
-89,250,
-163,134,
-141,1,
-41,-105,
-31,-50,
-15,39,
-38,63,
24,79,
29,106,
-58,111,
4,26,
20,48,
21,86,
-62,49,
-79,19,
-143,32,
-69,29,
-82,10,
0,34,
-37,41,
-49,13,
-42,-6,
-45,18,
-5,25,
24,10,
-58,54,
-116,81,
-88,28,
-30,46,
24,47,
12,-12,
-43,38,
-71,55,
-34,19,
-49,9,
-51,-30,
-60,20,
14,54,
3,46,
-47,66,
-133,97,
-84,66,
-7,99,
16,3,
-27,12,
-112,33,
-105,60,
-30,-4,
-44,37,
-62,119,
-89,139,
-76,162,
-103,116,
-66,127,
-4,-6,
-19,-21,
-82,63,
-121,105,
-122,116,
2,58,
15,34,
-33,83,
-3,44,
-44,64,
-19,68,
-35,48,
-14,-8,
-81,-49,
-89,-50,
-39,2,
-96,-21,
-29,41,
-98,41,
-152,-1,
-24,47,
-39,10,
-72,3,
-57,6,
-75,-27,
-122,21,
-163,122,
-76,69,
00>
_________________________________
00>
RX Timestamp: 322273911106
00>
Clock Offset: 2317.143 Hz, -0.290 ppm
00>
RX Timestamp: 323347196481
00>
Clock Offset: 2343.178 Hz, -0.293 ppm
00>
_________________________________
Sequence Number: 227
00>
00>
Printing STS0 CIR
00>
00>
_________________________________
00>
-26,11,
14,23,
17,-30,
5,14,
73,33,
23,32,
35,-9,
41,-35,
26,30,
28,10,
18,-26,
33,-54,
15,11,
21,-10,
-15,-10,
-9,-4,
15,-1,
16,-23,
-26,19,
-6,2,
39,18,
-20,23,
-30,8,
-15,-23,
38,13,
-21,-10,
-20,-3,
-136,33,
-78,-25,
59,-49,
18,-34,
12,-2,
4,-8,
-9,-39,
-13,4,
-8,27,
8,27,
77,16,
24,20,
34,25,
5,10,
-26,-44,
64,-41,
47,41,
40,35,
30,-27,
14,-20,
-30,35,
-15,-8,
15,4,
4,32,
-28,25,
37,17,
-32,45,
-60,76,
-27,25,
26,29,
-1,27,
29,42,
31,1,
-4,-21,
13,19,
-8,3,
32,10,
19,17,
15,9,
13,-8,
-16,-7,
-34,-18,
-76,73,
-25,90,
-42,56,
38,3,
55,-14,
40,12,
-13,72,
-21,67,
-30,27,
20,-5,
-6,-19,
11,35,
-28,25,
-4,6,
40,5,
-19,-28,
35,-115,
48,-54,
60,-59,
19,0,
-12,2,
-1,18,
18,5,
25,-40,
30,-24,
10,41,
11,26,
-3,-7,
-35,9,
-16,-46,
24,-3,
41,11,
-18,-2,
19,-51,
41,28,
1,-16,
39,27,
5,22,
18,29,
7,53,
-10,-14,
16,14,
-23,3,
8,19,
-9,10,
-12,17,
15,12,
20,12,
-13,-5,
28,-12,
-16,6,
-4,54,
3,9,
-27,12,
-32,-38,
-2,-8,
73,28,
-1,4,
24,11,
-19,15,
10,-34,
-29,11,
40,29,
51,-11,
69,-118,
35,-57,
-22,-37,
-23,-1,
-11,-1,
-3,-47,
-5,-55,
84,-49,
-5,2,
-22,6,
-4,-19,
35,36,
52,28,
22,2,
-2,-43,
-29,-18,
-24,-2,
-48,39,
-3,3,
16,6,
5,4,
3,-15,
-51,11,
-35,29,
-38,10,
35,7,
29,-22,
44,-2,
29,36,
-5,54,
-4,8,
-6,30,
9,-16,
-11,5,
-30,28,
45,-15,
18,9,
-1,-11,
56,12,
-35,51,
14,-30,
-33,-21,
-10,-5,
8,26,
-3,-13,
-17,3,
-7,26,
-5,28,
-7,30,
-7,-7,
-17,-18,
12,-2,
0,19,
41,3,
72,-17,
25,20,
-15,-27,
14,-1,
21,-14,
40,-14,
7,24,
34,24,
46,23,
81,57,
-24,75,
-38,43,
25,-8,
12,-29,
-19,9,
10,6,
6,2,
0,28,
-10,15,
-13,25,
25,-11,
3,9,
18,-18,
-11,4,
11,-34,
-18,-25,
13,19,
39,-11,
-2,-41,
-10,13,
24,29,
-18,27,
-28,-34,
-27,-34,
49,-6,
9,13,
-41,-9,
23,-25,
-11,-3,
26,24,
3,22,
6,41,
-23,99,
11,-2,
23,4,
-8,-42,
-35,-10,
10,17,
74,5,
54,50,
-16,0,
7,-13,
11,2,
4,23,
0,-11,
2,2,
-5,-25,
2,-7,
24,4,
-10,-29,
-45,-6,
-7,-17,
13,-15,
12,28,
34,0,
-8,22,
8,-23,
18,29,
4,-15,
10,15,
-33,-12,
-14,-20,
-5,24,
-28,1,
-4,-23,
29,-2,
35,-15,
-35,-11,
21,43,
-23,-5,
-96,49,
-56,31,
-23,3,
42,9,
4,32,
29,29,
15,29,
41,2,
42,-5,
65,27,
46,-34,
91,-33,
91,-34,
54,-15,
-14,-17,
30,4,
22,-58,
15,-41,
37,-13,
18,-23,
23,-11,
1,11,
-6,11,
0,10,
20,-25,
43,-42,
14,9,
-18,14,
48,-13,
4,25,
41,25,
29,31,
22,28,
5,-3,
11,-5,
-26,-1,
-40,-6,
8,-5,
19,24,
-8,12,
11,-31,
-51,-2,
-21,20,
-22,45,
-39,23,
8,26,
23,15,
-37,-17,
16,70,
82,26,
-16,38,
31,15,
1,13,
28,34,
-27,4,
19,-8,
-8,6,
4,-1,
-12,34,
13,9,
-51,-22,
51,-20,
10,-34,
-15,27,
-61,24,
30,-28,
28,47,
-7,-6,
-31,2,
-5,4,
29,-36,
-15,31,
-13,14,
-1,-16,
44,-23,
55,-7,
27,69,
47,28,
-48,-18,
-3,-55,
28,-69,
54,-60,
75,42,
37,-18,
43,-5,
25,-17,
12,10,
-16,-5,
-281,-110,
-2489,-1078,
-6285,-3874,
-6038,-5405,
-2898,-5355,
950,-913,
732,612,
-1551,903,
-4486,299,
-3759,-278,
-1160,-23,
-96,135,
229,225,
204,71,
96,-24,
99,0,
120,51,
198,212,
-47,239,
-53,127,
158,94,
208,-270,
33,-215,
190,-180,
375,-2,
423,134,
245,149,
73,258,
71,361,
2,277,
-18,117,
-24,-34,
-63,-85,
115,-62,
187,-95,
153,-113,
262,15,
70,58,
-34,129,
-280,160,
-305,178,
-81,148,
104,65,
91,72,
89,50,
34,31,
99,36,
106,14,
96,-35,
170,4,
91,-24,
0,49,
18,189,
-108,178,
-61,121,
-9,76,
146,10,
198,-84,
78,-41,
16,-47,
20,-39,
56,-39,
68,-22,
92,6,
85,-36,
130,-76,
17,-122,
16,-16,
42,134,
42,123,
75,59,
157,-59,
226,-51,
179,16,
170,-32,
114,24,
125,43,
80,93,
34,71,
-27,-8,
95,16,
326,62,
165,-19,
36,-14,
52,-52,
18,-59,
9,-23,
58,50,
93,85,
131,-52,
87,-41,
34,-14,
52,-3,
50,12,
5,20,
13,10,
51,-10,
100,25,
68,5,
84,33,
122,95,
52,33,
43,-3,
42,21,
66,53,
154,77,
159,48,
96,26,
99,22,
64,35,
11,10,
36,14,
47,27,
107,49,
26,71,
-47,94,
68,131,
33,56,
54,80,
6,81,
38,45,
107,59,
75,31,
9,29,
22,29,
18,23,
57,24,
52,48,
46,56,
70,63,
3,-17,
2,-18,
54,85,
30,43,
95,-29,
109,-46,
164,-50,
158,-33,
40,-35,
41,8,
29,30,
-10,21,
-18,36,
39,20,
36,5,
78,40,
55,-84,
8,-56,
43,2,
-6,-22,
68,25,
47,42,
-4,13,
-3,9,
36,-19,
31,21,
-4,51,
00>
_________________________________
00>
00>
Printing STS1 CIR
00>
00>
_________________________________
00>
-20,8,
-22,-1,
-12,-42,
20,15,
-22,15,
8,84,
-12,49,
16,22,
7,29,
41,-34,
13,-52,
-9,42,
18,20,
17,-8,
-11,-10,
27,8,
-1,1,
-13,2,
-13,18,
18,22,
10,33,
-15,19,
-34,40,
-78,48,
-33,-29,
-50,-34,
41,-11,
15,16,
40,-4,
62,-1,
-4,-3,
-16,23,
4,32,
-12,-22,
5,15,
26,4,
4,32,
8,9,
9,16,
6,51,
-4,37,
-2,32,
-5,-8,
-55,5,
-36,-13,
3,-29,
-22,21,
-13,45,
7,60,
-33,25,
-23,-2,
-1,32,
-50,15,
-13,23,
-30,48,
-20,70,
15,27,
4,-64,
2,-67,
-11,16,
-9,22,
24,11,
7,20,
0,29,
1,-23,
8,-27,
-4,11,
-15,-1,
-34,10,
29,32,
27,20,
8,-18,
25,-4,
-21,-67,
3,-10,
-8,-7,
32,-32,
5,-10,
-44,-8,
-34,-8,
-11,-9,
2,8,
-5,-9,
-12,11,
0,40,
-9,23,
-40,14,
-3,36,
8,-45,
-14,-12,
-12,-2,
23,28,
-17,16,
-37,-8,
12,-13,
13,-3,
6,-5,
-17,8,
8,-20,
-3,-25,
9,-17,
38,-81,
22,-41,
-25,4,
-6,29,
-17,36,
-19,15,
-26,28,
2,33,
1,24,
-10,-13,
2,-4,
-23,2,
14,5,
14,12,
-31,-6,
-23,-20,
56,-37,
51,1,
62,28,
13,32,
70,45,
-11,4,
-13,-15,
25,9,
40,32,
-34,39,
-2,43,
-1,25,
35,-3,
-14,15,
18,-7,
-35,-33,
-1,10,
-3,3,
-14,-20,
-5,33,
-15,-28,
-17,-32,
14,-28,
-19,18,
-41,23,
-9,23,
-4,45,
4,10,
16,17,
36,-20,
8,-8,
-89,-13,
-4,26,
1,43,
-15,-20,
-18,10,
-18,16,
-4,42,
18,37,
-33,-9,
3,7,
-30,-35,
-9,-25,
11,35,
3,-19,
1,0,
33,6,
-17,37,
-49,20,
-3,78,
-108,18,
0,13,
28,-61,
20,-20,
26,28,
8,53,
-1,-10,
4,-16,
-26,5,
18,-4,
19,-4,
-1,34,
11,25,
-25,-4,
-48,41,
-10,50,
-9,38,
-12,23,
37,51,
39,83,
-10,17,
-18,-31,
21,-27,
29,0,
-13,19,
-13,-4,
-7,-15,
-18,-9,
-28,-20,
-2,16,
-7,50,
-3,59,
-6,13,
-36,15,
-82,-14,
-9,-20,
-14,-43,
38,-42,
7,-3,
6,14,
2,8,
-1,0,
-15,1,
0,4,
13,43,
-32,-5,
-37,9,
-11,9,
7,29,
-19,21,
7,3,
-22,17,
-16,16,
62,-9,
-2,-15,
24,20,
-3,6,
-5,33,
-3,6,
10,-59,
8,-4,
2,-35,
28,-15,
49,-21,
41,-76,
-10,-37,
-21,-1,
-3,-10,
0,-17,
21,41,
28,6,
-14,27,
-14,-16,
-22,-40,
6,29,
7,32,
25,9,
15,2,
48,-62,
56,-34,
41,22,
8,-53,
-5,-30,
0,1,
-34,49,
5,55,
22,5,
-19,-18,
14,22,
-27,-25,
-18,-40,
-2,7,
-27,19,
21,10,
35,-37,
29,-22,
37,-23,
25,-18,
-29,-9,
-8,-9,
-13,28,
4,-25,
-52,7,
-52,33,
-14,2,
34,1,
22,-6,
-15,3,
3,12,
12,18,
-29,86,
-68,109,
-131,36,
-25,-3,
13,33,
23,35,
10,-3,
-4,15,
18,22,
48,-16,
4,-1,
18,-8,
25,-20,
2,-6,
15,25,
21,6,
19,47,
23,7,
-38,8,
-3,35,
-14,30,
-11,18,
2,11,
25,-32,
49,-23,
26,-2,
8,13,
13,-5,
5,15,
-5,31,
27,20,
8,-69,
15,-33,
26,-32,
40,-27,
20,-22,
-78,29,
-40,1,
29,-4,
16,11,
28,4,
2,14,
1,48,
-12,2,
13,-12,
6,-3,
-36,13,
-23,69,
-17,30,
6,10,
-1,8,
19,-2,
57,77,
8,25,
-4,12,
-39,49,
-38,24,
-22,18,
-7,-8,
6,-10,
2,-6,
8,8,
6,9,
5,83,
-26,90,
-19,67,
-51,49,
18,-6,
27,27,
40,17,
-1,-24,
-39,32,
43,13,
8,27,
22,6,
-9,11,
9,-12,
0,13,
-267,-132,
-2156,-1325,
-6358,-4378,
-6583,-5648,
-4473,-5496,
52,-851,
1445,875,
791,434,
502,-456,
844,-839,
801,-396,
423,4,
141,115,
96,57,
81,45,
64,34,
52,8,
283,-172,
344,-367,
316,-360,
102,-395,
-110,-110,
-341,49,
4,241,
56,226,
138,169,
128,77,
112,43,
85,21,
23,-35,
-9,-25,
2,17,
39,119,
298,167,
225,-11,
127,-45,
121,86,
39,155,
42,234,
-77,184,
-76,149,
5,133,
52,159,
24,131,
11,104,
28,49,
41,-18,
-22,-9,
-81,-30,
-384,-299,
-72,-199,
30,-86,
100,55,
31,93,
-12,104,
-4,52,
61,23,
69,-24,
30,-17,
-7,35,
68,32,
81,18,
72,-14,
37,-22,
47,-44,
193,-58,
140,-67,
88,-9,
-64,163,
-80,110,
-22,86,
2,29,
14,-47,
76,-58,
104,-25,
124,36,
92,129,
34,142,
-18,50,
-49,23,
-23,9,
-17,8,
66,89,
35,98,
75,86,
16,5,
44,33,
36,-16,
5,41,
17,77,
2,58,
31,42,
49,37,
10,11,
28,21,
17,-5,
-2,26,
66,42,
62,-16,
4,1,
-50,77,
12,58,
53,31,
29,9,
76,15,
41,24,
11,29,
21,15,
26,24,
8,15,
16,17,
5,-27,
19,4,
34,-5,
-23,52,
9,65,
14,41,
-4,-3,
28,0,
-28,26,
-41,72,
-42,53,
58,7,
-1,-6,
3,28,
63,40,
38,36,
12,44,
-1,63,
76,118,
24,33,
1,21,
0,59,
8,38,
10,33,
-5,46,
20,44,
38,32,
2,-9,
-13,-5,
-5,-4,
-2,11,
16,66,
18,17,
18,25,
-36,117,
-68,47,
10,1,
62,42,
14,65,
0,34,
8,41,
35,67,
10,54,
50,40,
-18,53,
-13,64,
00>
_________________________________
00>
_________________________________
Sequence Number: 230
00>
00>
Printing STS0 CIR
00>
00>
_________________________________
00>
64,39,
31,-7,
80,5,
65,29,
52,7,
68,41,
14,40,
38,-13,
60,72,
76,161,
93,47,
30,-69,
-29,-105,
-11,31,
22,28,
82,10,
102,5,
24,32,
15,119,
1,64,
52,-13,
100,-7,
92,-15,
109,-36,
66,-55,
96,12,
-17,-34,
-50,-42,
-61,1,
-12,81,
33,28,
-23,-1,
-55,41,
-8,64,
-24,66,
-65,78,
27,11,
78,16,
77,54,
44,-56,
1,-3,
-13,45,
-22,-26,
64,13,
51,63,
33,-4,
7,17,
7,84,
-30,15,
-34,-8,
-17,-28,
-56,-12,
-15,64,
72,27,
90,56,
-6,9,
19,8,
107,24,
71,-9,
-25,19,
-37,-22,
63,-7,
33,21,
52,73,
76,14,
77,-9,
47,-12,
28,-12,
9,-13,
23,-80,
6,-106,
12,-76,
-49,-36,
-2,-9,
-81,-39,
-27,-47,
-1,6,
78,61,
58,68,
0,45,
-8,-33,
58,0,
78,-37,
38,-13,
6,22,
47,11,
-36,19,
-94,19,
-114,-24,
-77,38,
-1,41,
76,42,
64,-51,
60,-76,
19,11,
94,60,
35,-39,
94,-63,
39,-38,
-1,73,
-31,77,
-43,-4,
-56,-102,
-44,11,
33,21,
130,74,
109,4,
51,40,
-46,52,
20,44,
89,37,
8,2,
20,-43,
-12,7,
-7,-36,
15,60,
0,13,
64,-22,
20,-70,
46,-109,
-31,-36,
-59,-38,
9,-58,
56,47,
7,44,
56,36,
79,3,
26,-37,
-36,-30,
-65,45,
72,-6,
47,2,
-16,-18,
-13,-70,
14,6,
45,53,
-20,-16,
-6,-104,
-45,-53,
50,13,
27,29,
18,-13,
11,-20,
36,-62,
4,-49,
-19,47,
-45,42,
15,2,
38,9,
26,6,
50,-95,
75,-73,
31,37,
38,23,
43,5,
22,-41,
43,-72,
78,-38,
-37,29,
-50,28,
-84,12,
-36,-18,
-26,61,
24,33,
50,-22,
73,-40,
80,-40,
95,-44,
40,-46,
4,-45,
32,-7,
2,-14,
-14,-38,
7,-17,
53,-8,
45,1,
32,7,
-44,-3,
-19,-25,
-79,-52,
18,39,
40,7,
-1,51,
-17,48,
-16,60,
81,94,
26,-7,
23,-23,
-16,18,
5,44,
54,77,
-36,11,
-30,-21,
22,-36,
22,22,
40,49,
15,-33,
38,32,
-15,-45,
23,2,
19,-56,
9,-53,
33,68,
55,33,
21,-36,
-50,7,
-34,-18,
-26,19,
-39,-7,
-5,21,
51,-47,
59,-35,
-25,-18,
-16,24,
-11,-13,
-5,-3,
-13,-4,
47,28,
10,44,
13,7,
38,16,
46,-35,
7,-36,
-25,-39,
-35,34,
0,-26,
46,-83,
81,-11,
3,-16,
14,11,
18,-9,
-15,-23,
-99,-15,
-82,44,
-52,5,
20,66,
-32,-24,
44,30,
9,30,
42,2,
27,-20,
17,-5,
-21,47,
-42,35,
-105,-51,
-57,-96,
-40,-18,
86,-11,
32,-2,
-20,16,
-61,5,
-79,-42,
-28,-4,
0,45,
2,52,
-6,-96,
-40,-47,
41,17,
49,-25,
96,5,
29,91,
24,69,
28,103,
37,13,
35,-21,
-57,-53,
-87,-18,
14,0,
13,25,
42,82,
29,80,
38,37,
-1,-27,
5,42,
30,8,
56,-14,
29,9,
3,37,
26,-58,
46,-43,
45,30,
-8,104,
-17,-22,
9,-101,
-21,-59,
-11,36,
51,-19,
3,-75,
47,12,
-43,60,
-46,34,
-32,-33,
-2,-1,
7,39,
-49,-13,
28,-31,
-56,-46,
-22,-70,
45,-57,
23,35,
21,45,
18,-1,
38,5,
17,-36,
28,-57,
9,-112,
65,-84,
55,12,
99,49,
28,45,
-25,45,
-48,-40,
-62,62,
-12,62,
15,13,
22,-43,
-6,56,
-8,46,
-4,7,
18,42,
-37,77,
-70,-7,
73,-17,
83,5,
2,3,
-14,-12,
21,12,
16,9,
6,-35,
-35,-28,
14,-7,
12,4,
14,17,
-19,-14,
62,-90,
26,-84,
2,-2,
-43,25,
-81,6,
-25,-33,
50,-45,
49,-15,
153,-6,
96,7,
54,-16,
3,-19,
29,46,
12,19,
-26,26,
30,-59,
36,1,
419,193,
1911,1343,
4109,3822,
4083,5376,
1251,3597,
-1774,-298,
-2399,-2517,
-1968,-2890,
-2415,-3605,
-2883,-4570,
-2176,-4037,
-780,-1894,
-25,-141,
75,399,
-72,261,
-56,75,
-60,69,
-48,202,
-85,297,
-154,337,
-16,406,
127,242,
305,211,
259,77,
188,-120,
65,-129,
-71,21,
-118,313,
-120,493,
-177,559,
-13,353,
134,35,
233,-91,
125,15,
20,130,
39,76,
28,72,
-146,65,
-366,21,
-170,-137,
139,-241,
308,-176,
276,16,
182,90,
32,-11,
-3,-19,
36,59,
-7,169,
-95,155,
80,214,
117,270,
71,184,
20,166,
44,53,
119,9,
37,78,
-26,35,
-62,-6,
22,-11,
27,20,
-60,36,
-93,-58,
-53,-55,
-25,-59,
10,-49,
45,-66,
89,-54,
76,-7,
112,4,
97,55,
-10,9,
-170,30,
-93,112,
26,74,
6,100,
-48,35,
-66,-72,
-17,-46,
24,-9,
-27,-17,
-49,-48,
-1,-131,
64,-137,
46,-58,
7,-2,
15,8,
89,70,
30,32,
-31,57,
-51,-2,
-50,88,
-42,-21,
14,50,
20,47,
8,5,
-16,-28,
-20,-12,
54,-31,
38,8,
60,12,
11,-9,
23,60,
88,98,
91,25,
-18,15,
-11,15,
-61,13,
-7,39,
33,81,
52,97,
34,-2,
-8,25,
-43,50,
16,15,
69,47,
54,11,
79,-30,
81,-58,
66,7,
100,11,
80,158,
20,144,
8,61,
-48,-7,
20,17,
77,37,
105,102,
83,18,
76,-40,
31,3,
-7,65,
-3,41,
-38,46,
-11,44,
72,48,
12,-48,
-24,-61,
-27,-47,
-79,-64,
-21,-75,
52,-37,
17,3,
6,89,
-28,93,
17,65,
37,20,
123,6,
71,7,
69,53,
-16,38,
26,42,
16,28,
-95,18,
-66,-20,
-40,39,
44,-1,
54,-37,
22,-26,
-39,3,
28,25,
25,-7,
00>
_________________________________
00>
00>
Printing STS1 CIR
00>
00>
_________________________________
00>
-19,-50,
-45,-7,
-10,70,
29,105,
-64,105,
-75,-3,
-9,27,
-3,51,
-58,87,
-57,52,
28,40,
6,45,
-98,-3,
-99,0,
12,44,
107,-24,
89,-65,
-68,29,
-105,52,
-52,80,
29,15,
49,-16,
58,2,
30,-59,
-53,50,
-75,-39,
-8,10,
31,-45,
5,18,
-9,35,
0,79,
-24,0,
60,-24,
27,14,
-29,56,
10,90,
23,49,
27,10,
47,17,
30,63,
6,26,
45,20,
73,5,
34,-20,
-13,-46,
-24,37,
-22,81,
-23,-27,
-67,28,
-61,33,
20,-13,
-22,-1,
-52,32,
-30,75,
26,129,
-96,93,
-62,52,
1,4,
-12,45,
-7,-3,
-59,43,
-45,10,
-1,32,
23,-41,
39,-25,
-11,-24,
15,-24,
-39,40,
-75,65,
-43,80,
32,50,
67,-24,
14,52,
4,41,
20,43,
46,-2,
26,4,
2,69,
4,35,
21,26,
-73,4,
-53,69,
-37,49,
32,56,
5,33,
-18,8,
-27,-40,
-44,22,
-44,-29,
-44,20,
-37,59,
-4,72,
3,18,
-31,-8,
-30,-84,
-30,65,
-45,45,
-81,10,
-1,-13,
5,42,
2,63,
26,10,
59,35,
28,44,
-20,97,
-4,126,
-30,37,
11,44,
-37,40,
-67,45,
-36,14,
1,66,
-54,24,
7,36,
10,31,
-45,46,
10,30,
-34,5,
-16,22,
26,43,
64,70,
20,37,
2,35,
-8,-18,
2,1,
78,49,
28,10,
64,54,
63,13,
-116,13,
-74,-35,
-6,83,
34,97,
64,3,
-6,-76,
-23,-13,
-35,90,
24,39,
61,-22,
-29,4,
-21,38,
22,28,
66,-4,
59,0,
36,4,
27,-12,
51,-6,
36,-20,
-40,2,
3,30,
11,13,
-14,-5,
-18,22,
-33,46,
-38,5,
-26,-32,
-13,13,
26,29,
6,42,
-16,83,
-12,3,
31,-12,
110,-5,
36,-8,
12,51,
8,65,
29,44,
42,23,
-2,34,
-51,0,
-10,23,
-50,38,
-26,-12,
34,0,
-29,34,
-70,-28,
-7,27,
-47,119,
-9,53,
79,-1,
-12,17,
-11,50,
-22,40,
-45,-13,
-75,-69,
-39,26,
-15,57,
-2,2,
-66,-31,
-28,-13,
10,-21,
33,104,
27,84,
-55,71,
-40,19,
-73,-28,
20,-54,
38,-45,
6,20,
-32,74,
-24,40,
-6,26,
27,102,
18,39,
-26,70,
-31,30,
-7,57,
-38,18,
-24,-15,
-10,25,
-14,106,
21,91,
72,29,
128,35,
96,77,
41,56,
56,59,
39,21,
21,22,
29,31,
-39,-10,
-8,-48,
35,-16,
18,-36,
18,0,
38,-35,
-24,-5,
-41,2,
-49,70,
12,81,
-16,-38,
1,-48,
-74,-31,
-21,-12,
-3,30,
1,59,
25,18,
2,5,
-62,64,
-20,47,
5,-48,
-69,-3,
-15,-29,
24,-10,
-63,26,
-9,2,
97,1,
73,6,
-13,-90,
-16,20,
27,70,
28,103,
-69,35,
-26,-11,
-17,15,
11,46,
36,64,
25,-50,
-15,17,
-51,43,
-22,7,
19,17,
21,19,
8,28,
72,-28,
59,-31,
47,29,
24,6,
5,-44,
-37,-22,
26,-40,
82,22,
33,30,
-20,41,
-34,0,
-39,-6,
-29,7,
-43,-15,
25,13,
21,13,
-1,31,
-50,30,
-40,9,
40,-4,
63,48,
-32,89,
-60,47,
-73,24,
2,-9,
37,-15,
66,-13,
5,40,
-50,20,
-41,-37,
-38,-34,
-8,33,
22,37,
-25,27,
-8,-25,
4,5,
24,61,
-30,48,
-22,32,
-3,13,
62,-14,
65,-33,
51,19,
-9,37,
-27,-10,
-73,-9,
-97,24,
-11,37,
0,-13,
-17,-18,
-5,46,
31,9,
45,-1,
-6,33,
39,16,
52,-56,
24,10,
-17,-10,
-34,48,
-38,92,
-40,84,
16,74,
-15,64,
-3,-52,
16,-64,
56,-50,
93,-13,
26,-16,
-56,57,
29,59,
45,70,
31,-62,
-12,-111,
-40,-33,
-12,30,
27,23,
48,29,
28,-40,
36,-1,
22,-63,
37,-45,
-4,-83,
24,-45,
59,35,
-17,-37,
-22,27,
34,-46,
396,224,
1526,1384,
3474,3886,
4024,5623,
2365,4553,
251,1054,
71,-866,
1391,-367,
2690,969,
2516,1338,
1347,806,
294,273,
-322,20,
-382,-48,
-238,-51,
-125,-8,
-49,-42,
4,-166,
197,-252,
302,-273,
148,-61,
-67,62,
-211,-6,
-215,-215,
-305,-352,
-348,-306,
-191,-260,
36,-259,
299,-316,
240,-253,
123,-154,
56,17,
53,130,
5,165,
-113,130,
-130,18,
-240,-138,
-95,-176,
-36,-153,
-89,-85,
-150,-13,
-167,81,
-152,24,
-118,28,
-63,35,
-74,127,
-72,170,
-121,188,
-92,127,
-88,-8,
-125,-2,
-97,9,
-32,9,
17,55,
-6,67,
-1,-7,
61,-24,
12,-22,
-100,55,
-75,60,
-57,39,
-33,-1,
-40,12,
-23,1,
-64,-14,
-137,-113,
0,-66,
93,-49,
115,-125,
66,-166,
-83,-52,
-162,32,
-69,109,
-39,93,
-111,9,
-139,-58,
-121,-137,
-4,-150,
1,-86,
-33,-56,
-72,-65,
-81,-169,
-5,-154,
127,-98,
38,13,
-82,87,
-115,17,
-74,25,
-29,-3,
26,-44,
-91,-4,
-64,-21,
-20,21,
-16,-33,
8,-42,
-4,46,
-61,-20,
-141,-44,
-95,-39,
-74,-8,
-109,15,
-111,-35,
-133,-41,
-46,34,
16,39,
-43,9,
-114,53,
-62,-11,
-69,-72,
-38,-61,
-52,-8,
-103,-2,
-45,-7,
-71,-36,
-71,-1,
-75,1,
-41,-66,
-15,-44,
-28,-45,
-12,14,
-3,-18,
-65,-53,
-38,-70,
-7,-47,
-17,24,
32,-18,
-18,6,
-64,32,
-39,16,
-68,47,
-110,-38,
8,-1,
-49,-4,
-21,-38,
-85,14,
-116,32,
-75,21,
-122,-23,
-118,-27,
-65,-52,
-25,-38,
-27,-45,
-79,26,
-55,62,
-50,39,
-49,96,
-64,35,
-67,-19,
-56,7,
-5,27,
-30,1,
28,-69,
23,-37,
-57,9,
27,-50,
21,-5,
1,4,
13,-49,
0,-54,
-45,-1,
-18,57,
00>
_________________________________
00>
RX Timestamp: 462343777469
00>
Clock Offset: 2175.808 Hz, -0.272 ppm
00>
RX Timestamp: 463419079104
00>
Clock Offset: 2395.249 Hz, -0.300 ppm
00>
_________________________________
Sequence Number: 106
00>
00>
Printing STS0 CIR
00>
00>
_________________________________
00>
33,33,
-12,-5,
-44,-39,
-10,34,
22,-5,
21,19,
-21,29,
-40,29,
-21,24,
64,1,
78,26,
48,58,
71,51,
-9,-11,
51,45,
13,34,
8,-30,
4,11,
1,51,
-30,-8,
-21,22,
29,13,
-3,4,
17,-18,
90,-1,
-6,64,
-5,46,
-4,-46,
-72,-54,
20,2,
86,23,
13,15,
22,41,
19,17,
44,26,
-25,53,
-14,78,
-24,40,
32,43,
23,48,
12,-54,
16,-81,
41,-49,
42,-44,
57,-27,
7,-53,
16,-39,
17,0,
27,-24,
-15,0,
-11,-13,
9,54,
-3,49,
37,83,
-9,-46,
35,-91,
-39,-57,
-31,13,
30,-40,
40,-6,
26,50,
11,-14,
-22,35,
32,42,
11,33,
37,-25,
45,-38,
92,-37,
61,-49,
91,-21,
28,-27,
-13,22,
6,9,
54,68,
-25,76,
-91,49,
-96,6,
-19,-73,
-19,26,
-64,72,
-7,14,
15,17,
-58,20,
2,29,
11,84,
7,18,
0,-50,
61,-81,
-19,-78,
-8,-12,
-15,2,
-42,-6,
-35,-39,
-25,-76,
-28,54,
-27,16,
-12,11,
-3,21,
-89,-100,
-5,-127,
61,-97,
135,62,
50,73,
-42,28,
-47,19,
-38,144,
-64,178,
-33,108,
2,3,
40,-22,
36,-1,
31,19,
28,-35,
-16,9,
12,20,
20,-23,
64,-59,
67,6,
40,-38,
6,6,
23,3,
21,33,
-23,36,
-10,56,
59,41,
29,-16,
23,17,
42,-42,
17,17,
3,29,
36,62,
18,-26,
17,-28,
39,-5,
42,61,
30,9,
-44,-52,
-10,-42,
-36,-27,
-34,-58,
-71,-35,
-1,34,
18,39,
37,29,
21,49,
-19,26,
-26,55,
-6,13,
-24,46,
-27,25,
-39,-75,
25,56,
61,67,
46,14,
16,-36,
33,18,
43,69,
66,2,
44,-39,
33,11,
-16,-12,
14,45,
41,17,
-22,-26,
-6,-76,
23,-23,
50,-13,
-13,41,
-54,-14,
10,5,
18,41,
-50,97,
-27,35,
3,38,
-4,6,
-46,-13,
-27,-26,
-5,-17,
-33,9,
48,34,
-19,39,
4,-13,
80,3,
59,-62,
66,-70,
75,-80,
62,-54,
50,-45,
79,2,
68,-1,
-10,24,
10,44,
46,110,
62,59,
47,26,
8,-32,
25,-58,
-19,-20,
39,-1,
-20,87,
-4,-8,
-15,-9,
-25,0,
-35,29,
8,11,
-5,-12,
21,-12,
24,62,
35,46,
-23,-12,
-8,50,
15,-75,
29,-69,
35,23,
-60,15,
-30,15,
9,-2,
38,8,
16,52,
0,44,
45,-1,
17,15,
-10,-3,
-56,32,
-20,33,
2,98,
12,50,
32,22,
65,-11,
76,21,
-46,55,
23,56,
100,-8,
-15,-9,
20,-28,
-26,-56,
59,52,
27,20,
59,34,
64,6,
76,17,
1,19,
-8,36,
16,37,
-3,14,
-4,64,
66,65,
-17,8,
-27,-11,
-49,-32,
1,-27,
-22,31,
4,71,
12,58,
23,-23,
-34,-51,
-11,-51,
2,-22,
8,43,
12,-13,
55,-29,
67,15,
28,-14,
-11,3,
21,42,
31,48,
8,29,
-52,36,
-92,66,
-5,50,
31,-24,
-4,-32,
-2,13,
3,13,
-20,12,
8,16,
-3,-11,
-24,3,
-39,17,
-26,89,
6,-3,
3,-22,
-20,31,
-35,28,
96,64,
-11,-36,
40,-25,
38,-2,
4,-21,
-25,-28,
19,-21,
41,-46,
32,-67,
-12,-66,
18,66,
-17,12,
15,-4,
-33,3,
-1,27,
12,7,
-20,7,
19,-31,
-25,-23,
5,-19,
-22,20,
-13,64,
-9,-18,
-11,3,
30,1,
-56,1,
18,11,
56,-20,
48,34,
98,24,
-12,-6,
-58,-67,
45,11,
36,2,
45,44,
37,49,
41,22,
-59,-7,
-65,14,
53,-36,
34,23,
28,59,
-27,56,
-61,45,
-23,62,
-16,32,
7,41,
2,-29,
67,29,
30,10,
23,-20,
-34,27,
-19,13,
16,72,
52,17,
-6,8,
-5,-13,
31,16,
-2,19,
43,12,
65,37,
37,-34,
-3,-23,
32,-1,
-47,70,
19,34,
42,67,
37,45,
36,-34,
553,56,
3642,907,
7551,2646,
7457,4034,
4276,4067,
-2191,172,
-5220,-2317,
-4970,-2936,
-5835,-3671,
-6511,-4357,
-5594,-4410,
-2204,-2083,
-134,-89,
199,520,
52,247,
-18,124,
18,210,
49,347,
-55,458,
-124,409,
65,510,
307,272,
496,96,
498,-138,
280,-191,
27,-74,
-119,60,
-19,444,
61,666,
197,768,
163,384,
99,-90,
98,-263,
76,-126,
31,131,
-19,133,
59,303,
-154,242,
-448,155,
-344,-183,
27,-407,
261,-432,
350,-254,
306,-38,
142,32,
84,97,
43,188,
69,170,
143,200,
320,259,
113,146,
35,47,
230,189,
147,75,
53,49,
-98,-82,
-45,-20,
-26,40,
8,43,
123,41,
32,-28,
-40,-109,
-42,-1,
-30,50,
-87,-3,
-89,-98,
50,-101,
73,-48,
251,54,
162,0,
-51,-29,
-132,94,
-76,91,
-13,122,
72,110,
-69,59,
-156,-8,
-101,-69,
43,-49,
107,15,
40,2,
-56,-173,
-5,-227,
25,-90,
-13,77,
4,159,
50,43,
-6,93,
-71,110,
-28,60,
-26,-17,
33,-84,
43,27,
22,24,
23,20,
-17,27,
5,30,
15,110,
83,44,
57,44,
-3,8,
39,11,
4,-25,
58,71,
2,-45,
-95,47,
-43,48,
28,0,
11,-4,
43,13,
69,29,
53,50,
-14,52,
-35,95,
-20,94,
29,62,
65,21,
106,-40,
28,-32,
90,21,
-19,65,
31,29,
75,-23,
65,-55,
29,-78,
28,16,
-13,43,
23,45,
-16,52,
-12,-15,
-65,32,
-58,57,
-8,56,
5,57,
-33,14,
-47,-57,
-10,-42,
21,-29,
-1,17,
44,18,
59,0,
42,50,
-9,78,
91,0,
22,4,
-44,33,
-3,39,
0,58,
131,65,
73,91,
44,0,
-58,-26,
-12,-5,
3,35,
40,5,
-11,11,
19,-19,
-71,-57,
18,3,
00>
_________________________________
00>
00>
Printing STS1 CIR
00>
00>
_________________________________
00>
21,20,
5,1,
26,51,
3,-34,
28,-21,
60,-29,
31,0,
-8,47,
22,7,
-29,-32,
-26,33,
33,41,
17,31,
-10,-10,
-36,52,
8,5,
35,-13,
27,40,
-33,8,
18,-19,
29,-33,
70,-46,
38,21,
-21,3,
-40,-38,
-29,-21,
34,-95,
94,-83,
23,-24,
-12,16,
17,37,
10,35,
5,-14,
-40,10,
-35,-8,
33,31,
-14,-27,
-3,-8,
2,32,
13,29,
-20,-19,
4,-51,
-32,-1,
-72,46,
-84,16,
41,-9,
18,9,
-9,1,
24,65,
30,37,
53,50,
69,14,
53,20,
27,37,
11,7,
-2,-10,
12,-28,
40,66,
6,81,
-46,32,
-25,5,
39,-23,
-12,11,
-22,48,
6,25,
-23,29,
19,46,
-2,48,
-9,12,
3,-12,
19,-26,
5,-7,
37,55,
-21,32,
0,53,
41,51,
-29,41,
-29,36,
23,4,
58,36,
22,34,
-12,64,
-9,21,
-33,-26,
25,-36,
34,-71,
38,-10,
42,0,
-5,0,
-9,-72,
0,3,
-20,48,
-7,-1,
13,26,
15,63,
5,111,
-31,19,
-13,18,
-24,-30,
23,-4,
6,-11,
-16,-58,
-43,21,
-31,-36,
27,-8,
-17,-41,
-30,-6,
-30,42,
29,28,
-11,-55,
-2,-26,
-9,29,
64,18,
26,-27,
64,7,
19,23,
23,17,
24,-38,
23,-63,
-9,-17,
-117,19,
-70,37,
-19,12,
7,-20,
3,-21,
-49,47,
-41,22,
-18,-54,
19,-30,
35,0,
-7,84,
-8,51,
-12,65,
-4,-13,
6,33,
52,64,
7,19,
35,6,
39,-39,
-2,32,
32,25,
12,12,
-15,-21,
-49,25,
33,-69,
67,-34,
14,10,
-11,24,
-23,7,
-14,49,
13,45,
12,-10,
-71,15,
21,-9,
44,28,
6,46,
-101,12,
-1,23,
7,48,
10,60,
-40,44,
-25,35,
-23,4,
-34,23,
19,-7,
63,-46,
69,-47,
25,57,
15,31,
7,-21,
35,-1,
93,-12,
34,33,
-22,74,
-15,61,
36,-3,
13,-6,
-10,2,
11,41,
-16,66,
15,-8,
8,-39,
32,16,
54,-9,
72,-56,
25,-9,
6,36,
-8,2,
3,38,
1,27,
3,61,
-27,61,
-16,29,
-15,31,
-61,-29,
-46,55,
-24,29,
-18,57,
10,82,
17,31,
43,-4,
8,27,
-5,-20,
60,-53,
15,-13,
-16,69,
41,67,
19,36,
-10,-3,
-31,-8,
40,-18,
32,3,
-7,-6,
53,1,
32,-8,
16,34,
-33,-6,
-59,-36,
43,-91,
73,-41,
18,-18,
32,-37,
-1,-11,
6,19,
-63,34,
-2,53,
22,66,
-3,87,
-23,11,
-20,-4,
42,-4,
36,-11,
68,64,
-15,98,
-48,120,
51,79,
20,-13,
-38,25,
-11,77,
-8,65,
-11,44,
-2,18,
-30,23,
23,22,
-20,39,
14,70,
-11,50,
-3,38,
-18,1,
-24,74,
-36,40,
12,21,
2,43,
3,33,
-45,20,
-68,81,
-27,32,
3,-5,
-58,26,
-18,5,
16,7,
64,-34,
-28,-38,
-11,5,
-6,58,
-21,94,
13,43,
60,49,
69,23,
66,-7,
41,2,
2,-8,
22,-40,
-25,-53,
-28,-75,
1,-40,
-34,7,
-26,-5,
46,18,
87,9,
43,49,
7,21,
78,47,
23,9,
11,19,
-24,-41,
-3,44,
-8,21,
-7,8,
-14,28,
-33,115,
0,21,
14,-8,
15,33,
14,2,
-13,1,
42,2,
-33,5,
-24,12,
-9,-76,
4,-35,
50,-32,
72,-17,
13,22,
-5,47,
-14,44,
-12,47,
-44,55,
-80,90,
-90,75,
23,39,
84,-33,
79,12,
44,21,
21,24,
-45,55,
-4,4,
-40,28,
4,0,
12,37,
-5,61,
30,37,
10,28,
38,9,
-7,70,
-15,47,
-15,25,
2,35,
-21,-33,
-33,-54,
-35,-22,
-65,57,
-19,16,
71,32,
-22,27,
-24,-20,
45,18,
-4,20,
-58,-7,
-31,54,
11,80,
-9,107,
-19,67,
22,40,
8,86,
-15,77,
-2,82,
30,39,
24,-36,
-37,10,
3,41,
26,13,
53,-14,
672,-56,
3551,474,
7399,2584,
7581,4104,
5860,4705,
745,1386,
-240,-884,
2169,-1352,
5011,-539,
5038,225,
2726,368,
519,284,
-414,226,
-511,87,
-361,-18,
-222,28,
-175,65,
-152,-188,
128,-393,
232,-363,
126,-130,
-171,137,
-352,132,
-553,-48,
-762,-249,
-885,-189,
-639,-209,
-95,-429,
225,-617,
203,-538,
83,-290,
182,-69,
226,-8,
210,140,
-40,101,
-50,46,
-262,-33,
-208,-119,
-70,-154,
-2,-111,
-73,-7,
-274,136,
-281,135,
-130,110,
-74,90,
-93,159,
-13,202,
-65,168,
-113,127,
-299,111,
-131,136,
-54,10,
-20,42,
69,82,
31,76,
-8,87,
-65,-24,
-124,-7,
-72,95,
-24,69,
-83,77,
-113,-8,
-90,-7,
-92,-15,
-131,-12,
-215,-18,
-93,0,
-19,-58,
83,-212,
93,-229,
-8,-46,
-103,127,
-128,181,
-107,158,
-209,98,
-209,73,
-157,-27,
-80,-119,
14,-64,
-95,-31,
-149,2,
-220,-199,
31,-173,
-3,-73,
-46,33,
-86,15,
-172,40,
-178,40,
-170,-21,
-147,3,
-147,-14,
-26,4,
-107,-35,
-57,-36,
-67,69,
-41,53,
-92,41,
-182,-117,
-37,-60,
-8,-55,
-155,-6,
-129,14,
-125,8,
-127,-16,
-148,-15,
-113,12,
-177,98,
-136,-12,
-132,-24,
-74,-47,
-153,-2,
-111,42,
-109,29,
-160,-51,
-58,-45,
21,-36,
-86,41,
-107,30,
-70,-11,
-6,-26,
-80,-64,
-102,-95,
-64,-62,
-66,-20,
-49,-65,
-71,-31,
-60,33,
-60,-8,
-133,-37,
-129,-63,
-24,54,
-36,75,
-71,45,
-67,-18,
-88,-16,
-73,32,
-137,31,
-173,49,
-202,33,
-129,27,
-153,-59,
-79,26,
-52,48,
-83,86,
-53,23,
-67,2,
-21,-76,
36,-77,
-21,-20,
-46,-58,
-129,-23,
-167,-8,
-121,-65,
-60,-63,
-106,3,
-24,-38,
-10,-30,
-54,18,
-86,24,
00>
_________________________________
00>
_________________________________
Sequence Number: 109
00>
00>
Printing STS0 CIR
00>
00>
_________________________________
00>
49,-37,
-51,-24,
-10,1,
-24,6,
42,41,
-1,31,
61,33,
70,15,
19,86,
-1,84,
5,-8,
1,34,
5,-5,
25,35,
3,19,
51,-7,
14,18,
13,10,
48,-37,
-8,15,
35,9,
1,-58,
36,-63,
30,-23,
24,-18,
-21,-1,
-19,23,
-50,-12,
50,-19,
87,29,
75,22,
26,-25,
49,-55,
50,7,
19,45,
10,1,
6,-26,
-35,9,
-50,46,
8,33,
6,48,
58,17,
-32,-50,
10,-5,
0,-17,
76,-37,
30,-26,
-15,-15,
0,4,
23,20,
25,62,
-21,11,
-49,-49,
-53,10,
11,-8,
41,5,
14,2,
-37,-29,
28,-9,
70,-62,
-26,-85,
-13,-80,
17,-20,
102,-41,
61,-57,
74,55,
29,19,
43,9,
38,-46,
64,-32,
42,-50,
24,-58,
-2,-39,
29,-29,
22,80,
30,77,
-22,28,
24,-75,
-40,-43,
26,13,
-10,30,
-92,-10,
30,-41,
21,22,
47,24,
28,39,
-17,103,
-25,6,
-3,56,
-25,31,
-57,12,
-36,56,
52,-15,
49,38,
89,41,
95,-24,
38,-76,
-32,-37,
-93,13,
-92,-3,
-10,13,
23,40,
-46,-61,
-8,50,
-38,36,
-56,91,
59,10,
16,-6,
-6,69,
-41,52,
37,14,
31,-2,
-19,0,
-20,4,
-96,43,
3,41,
41,25,
-31,-14,
-26,0,
22,-16,
14,-14,
7,-83,
19,47,
42,40,
52,7,
-17,75,
-33,10,
103,-19,
62,9,
-8,53,
-62,43,
35,75,
48,36,
-9,36,
-52,3,
6,-4,
12,-23,
27,1,
47,-42,
-27,-34,
26,-12,
27,-36,
-23,-75,
-41,26,
37,-29,
6,12,
22,-42,
45,7,
32,8,
7,43,
31,39,
-30,3,
7,35,
-14,31,
-28,68,
36,60,
1,62,
22,89,
-37,81,
-19,57,
-42,44,
-14,-7,
-1,39,
-17,56,
-9,-25,
9,-25,
-2,29,
6,5,
20,-7,
29,-50,
15,-73,
8,-115,
-5,-31,
70,4,
8,70,
-49,84,
-2,26,
30,-5,
-6,0,
-15,19,
-36,-8,
-14,-41,
-65,41,
-8,49,
0,-26,
20,-46,
1,-34,
-4,-46,
1,-106,
76,32,
21,21,
-17,-52,
13,-58,
-7,-54,
-20,8,
-13,8,
-64,-40,
14,-40,
44,64,
28,126,
16,124,
-15,33,
-12,41,
6,40,
57,-38,
22,-8,
-43,37,
-42,34,
-33,0,
36,40,
50,-11,
-1,-26,
-33,16,
-12,-19,
-59,-35,
16,68,
-11,69,
15,-19,
-62,-80,
-25,3,
15,99,
25,23,
27,92,
67,9,
21,46,
32,-16,
-12,-39,
-28,-23,
19,-26,
-1,-38,
-25,66,
7,94,
10,58,
-11,63,
17,-2,
-56,46,
-48,34,
-11,-10,
43,13,
-6,40,
14,24,
4,-6,
-33,-61,
8,-3,
11,-19,
1,48,
8,32,
-12,11,
-13,34,
28,31,
41,-43,
15,-59,
-10,82,
24,87,
23,25,
-5,-61,
-68,-44,
-110,-11,
19,9,
40,20,
-23,44,
-26,22,
-25,16,
67,-18,
32,-33,
16,-27,
43,37,
23,3,
-29,-41,
-4,-35,
6,-53,
22,45,
-48,44,
-37,-36,
-1,-24,
34,-61,
18,-40,
1,31,
-28,129,
30,123,
40,55,
0,58,
-63,-9,
-39,-59,
-14,14,
-11,55,
24,-3,
-37,-40,
-1,-25,
-2,19,
-22,-10,
15,-43,
-20,-30,
-23,-3,
-33,-86,
2,-26,
59,-68,
86,-87,
7,-63,
14,51,
-44,29,
-1,-28,
5,-66,
-44,-67,
-7,-15,
70,-21,
-9,21,
-67,68,
-31,31,
0,-2,
-52,9,
3,-28,
-37,-19,
-44,12,
-33,46,
-25,-16,
5,68,
77,26,
-23,31,
-52,20,
-25,-90,
-6,-62,
48,7,
-14,-11,
-67,2,
-14,-8,
-22,-15,
-11,59,
-23,37,
-23,14,
21,-46,
21,-5,
16,27,
-4,45,
52,106,
-55,71,
-17,40,
-10,-19,
49,41,
-23,11,
-3,0,
-7,34,
15,-54,
-6,-19,
-11,26,
-9,22,
-6,-3,
21,-17,
48,-13,
38,39,
-37,5,
23,4,
9,-17,
-29,-29,
40,-39,
50,-7,
-38,-27,
-613,22,
-3857,67,
-8056,-574,
-8101,-1963,
-7188,-3946,
-150,-2759,
2436,583,
-640,2871,
-5109,3492,
-5672,2724,
-3010,1588,
-248,606,
782,169,
613,-73,
179,-103,
190,-139,
225,-31,
457,43,
118,250,
43,218,
106,-37,
-20,-521,
-124,-528,
108,-244,
379,-26,
453,-6,
652,255,
589,647,
666,884,
536,788,
117,378,
-237,-126,
-244,-273,
-55,-148,
55,-107,
26,-145,
175,-232,
194,-59,
45,176,
-149,427,
-196,342,
-63,177,
127,-11,
222,65,
245,42,
213,39,
172,-32,
216,-155,
239,-240,
171,-260,
52,-48,
37,32,
-5,154,
27,344,
54,276,
82,149,
155,-56,
155,-133,
139,-235,
46,-203,
3,-214,
76,-128,
105,-119,
57,-119,
14,-129,
94,-242,
22,-241,
14,-57,
34,71,
163,207,
138,12,
116,-186,
157,-206,
153,-160,
108,-157,
119,-126,
256,-20,
223,245,
126,272,
17,82,
125,-25,
365,-109,
128,-102,
36,-45,
-43,-15,
-131,-103,
-23,-101,
100,-67,
101,24,
140,48,
141,-38,
157,-44,
116,-54,
152,-82,
153,8,
111,3,
137,56,
153,10,
7,19,
9,21,
103,-37,
138,-21,
142,10,
117,30,
53,36,
73,29,
263,-61,
226,-49,
164,-135,
83,-32,
64,-43,
84,-7,
95,-6,
190,29,
21,4,
24,27,
35,15,
111,104,
43,89,
-30,24,
109,-25,
101,-5,
142,37,
114,6,
57,-38,
92,-45,
135,0,
137,37,
121,30,
105,-34,
40,9,
34,85,
-3,45,
69,-33,
130,-51,
156,-104,
120,68,
106,77,
133,37,
85,-16,
161,-46,
88,18,
61,24,
71,-33,
79,-52,
142,-82,
33,25,
15,-75,
51,-85,
119,-37,
148,9,
85,-45,
7,59,
105,22,
76,-60,
00>
_________________________________
00>
00>
Printing STS1 CIR
00>
00>
_________________________________
00>
-8,20,
-24,-48,
63,-16,
55,-4,
-24,23,
-36,70,
3,85,
-28,18,
13,-12,
-5,10,
50,33,
10,63,
16,36,
51,2,
39,20,
54,-49,
31,-31,
70,-6,
62,13,
55,16,
-7,19,
-14,31,
-14,70,
-34,20,
-24,26,
-71,104,
-12,56,
-5,1,
-26,-21,
-64,13,
-11,15,
-21,7,
1,38,
41,9,
59,21,
-23,23,
-37,20,
3,-6,
46,25,
19,-26,
0,-39,
-35,6,
29,36,
10,85,
-71,68,
-47,-21,
-21,-59,
34,-71,
42,-78,
-38,-25,
40,-36,
47,63,
47,66,
-20,50,
3,15,
-13,51,
-31,27,
-3,3,
-64,12,
-24,-29,
-42,5,
-51,-27,
-14,-46,
49,8,
-6,10,
-42,73,
4,66,
64,7,
108,12,
50,39,
-21,82,
1,123,
20,50,
88,26,
81,-5,
62,-25,
-71,2,
-32,-3,
7,19,
48,-22,
31,-3,
86,6,
84,28,
47,-22,
43,28,
26,9,
9,-11,
-34,19,
-28,-10,
-14,7,
-18,77,
-12,33,
20,38,
70,-23,
33,-37,
9,-32,
-14,59,
44,20,
27,17,
-59,0,
-19,-34,
0,-47,
31,-11,
-20,-26,
-10,-15,
-23,-12,
-30,-8,
39,-24,
64,28,
20,-26,
-25,-64,
-73,3,
-59,43,
-26,35,
-28,45,
-19,24,
-33,30,
-68,31,
-73,-7,
19,-9,
22,38,
-36,27,
-16,5,
34,-28,
-5,-55,
-7,-9,
25,-25,
35,-40,
15,28,
-31,43,
-36,68,
-23,0,
-7,-8,
-31,10,
-27,30,
-17,19,
-10,-51,
13,-91,
18,-15,
-3,26,
11,48,
56,6,
55,-61,
78,-6,
19,-41,
26,0,
-1,26,
-32,25,
-19,43,
32,-23,
-7,-66,
7,-39,
20,20,
37,10,
-26,-1,
-9,2,
-11,-11,
31,-43,
-19,-20,
-73,-3,
-50,1,
44,-69,
3,-19,
11,-2,
-29,2,
17,55,
-24,24,
0,21,
51,-30,
25,6,
0,-2,
-15,7,
127,10,
110,19,
-6,21,
-35,17,
-25,39,
49,-35,
51,-64,
-23,8,
-28,16,
12,-48,
34,-93,
-15,-30,
3,-32,
1,0,
67,-40,
83,14,
63,14,
-19,44,
-10,-8,
62,-33,
11,-20,
-19,-53,
24,0,
3,23,
-1,20,
-3,22,
-21,68,
9,162,
31,141,
44,40,
51,0,
-68,-42,
-61,-52,
-56,17,
-85,21,
15,-3,
3,45,
29,47,
23,16,
42,17,
-1,3,
-18,-9,
-20,21,
-38,-1,
-33,-4,
20,-9,
23,44,
45,71,
21,57,
-5,22,
81,17,
65,-18,
68,-13,
8,-10,
-5,30,
-31,33,
-63,41,
33,65,
19,47,
-47,-51,
-48,-107,
-28,-136,
2,-92,
42,-5,
10,46,
24,0,
7,30,
24,19,
2,58,
4,-14,
-1,-1,
18,13,
37,-7,
51,5,
61,37,
16,104,
15,115,
32,49,
1,48,
24,15,
28,54,
32,64,
25,-3,
9,-34,
-14,32,
81,71,
53,81,
17,6,
-43,72,
-35,12,
6,78,
-24,5,
-8,-22,
12,-23,
42,-58,
15,-30,
-1,23,
11,37,
10,40,
13,29,
-1,-2,
28,77,
80,43,
59,-18,
-1,-17,
-11,-11,
13,-13,
15,-12,
59,-3,
26,46,
17,38,
14,-8,
-25,38,
22,28,
2,42,
-43,39,
-41,1,
41,70,
34,64,
26,39,
-5,22,
-10,65,
-19,36,
6,27,
9,29,
2,31,
-36,27,
-27,27,
-27,-37,
-32,19,
-37,39,
-31,0,
29,-15,
1,-22,
-8,-14,
-39,18,
-75,-7,
-35,25,
62,64,
68,106,
33,110,
-8,108,
-49,34,
21,-37,
16,-44,
30,-9,
-8,12,
2,-40,
45,1,
-24,9,
-24,26,
-33,39,
2,39,
4,70,
-23,45,
30,26,
9,24,
-12,-15,
-47,27,
-25,34,
110,-1,
91,0,
8,21,
-49,24,
7,16,
-16,41,
10,67,
-14,16,
19,29,
-14,19,
-17,9,
31,10,
18,21,
39,50,
69,-43,
-33,43,
-6,-9,
-1,9,
9,73,
10,24,
-21,-1,
1,-13,
18,-15,
19,53,
-10,91,
-742,343,
-4307,1182,
-7826,1001,
-8177,-26,
-8022,-1694,
-1345,-2376,
3251,-1229,
2446,-353,
707,-1250,
680,-2502,
1218,-2277,
954,-962,
551,-84,
354,88,
335,-11,
334,-42,
211,-128,
204,-416,
33,-557,
29,-500,
13,-417,
-400,11,
-369,437,
213,413,
480,226,
452,206,
298,111,
307,0,
228,-148,
-3,-163,
-159,-97,
-135,40,
160,53,
367,-84,
141,-148,
74,-65,
105,-17,
273,64,
258,210,
94,379,
13,350,
183,238,
364,99,
301,183,
185,97,
144,9,
77,-23,
-36,23,
-215,131,
-363,103,
-108,-35,
-12,-18,
36,2,
139,36,
98,96,
111,112,
108,121,
64,69,
56,41,
44,-61,
218,-38,
272,-125,
176,-175,
63,-116,
31,-121,
89,-233,
20,-190,
-19,-2,
-30,188,
-50,285,
23,206,
37,152,
49,16,
56,-89,
186,-170,
291,-78,
351,19,
242,135,
74,239,
-76,163,
-127,72,
-53,-12,
33,92,
63,47,
112,-40,
93,-43,
-12,-1,
54,21,
128,-41,
98,40,
119,113,
95,91,
94,35,
94,32,
73,66,
40,61,
6,72,
8,90,
10,53,
2,36,
8,65,
39,75,
125,17,
113,-36,
106,-10,
133,-69,
129,-36,
114,78,
117,98,
57,77,
52,60,
61,19,
59,24,
34,14,
-9,13,
-4,25,
-10,51,
94,71,
54,56,
68,52,
49,49,
27,64,
103,44,
64,33,
54,56,
67,50,
93,-16,
129,99,
112,85,
169,-10,
62,-31,
-19,-59,
9,-54,
104,16,
109,41,
170,115,
152,33,
130,10,
26,-9,
48,24,
61,102,
117,84,
104,23,
24,-24,
37,7,
60,-34,
48,-67,
29,-25,
46,-38,
102,15,
147,66,
99,65,
78,74,
50,39,
75,-6,
00>
_________________________________
00>
RX Timestamp: 602757980193
00>
Clock Offset: 2257.633 Hz, -0.283 ppm
00>
RX Timestamp: 603832610097
00>
Clock Offset: 2335.739 Hz, -0.292 ppm
00>
_________________________________
Sequence Number: 242
00>
00>
Printing STS0 CIR
00>
00>
_________________________________
00>
-43,-84,
18,-9,
4,4,
-30,-18,
4,103,
6,56,
63,63,
-38,4,
-53,18,
-51,6,
-35,-26,
4,17,
39,-5,
14,-12,
-5,6,
16,24,
20,47,
3,51,
8,80,
-12,38,
-89,25,
-2,-12,
-19,-42,
14,-37,
84,-71,
17,-38,
12,-24,
10,-33,
11,46,
15,1,
26,-40,
-17,-31,
-4,-18,
-18,-83,
13,-19,
48,-36,
-21,-18,
-3,27,
51,55,
25,81,
-13,123,
46,29,
46,25,
5,-46,
-4,-41,
-1,8,
-7,43,
27,33,
-62,-41,
-14,-28,
37,6,
82,15,
-10,-5,
11,-16,
-7,35,
31,43,
-38,74,
6,10,
-34,7,
-33,25,
6,63,
-21,43,
-46,64,
-12,-24,
64,29,
39,44,
-31,83,
109,47,
25,6,
-10,-42,
1,-27,
-1,-71,
27,-75,
62,-18,
27,6,
-54,33,
-45,19,
-17,35,
5,8,
14,-15,
51,9,
-7,29,
6,20,
-17,9,
68,-14,
-19,-17,
7,16,
-24,-117,
-38,-100,
27,-70,
11,-9,
30,-2,
33,-6,
32,56,
71,32,
38,35,
0,57,
25,97,
34,126,
1,28,
-31,11,
-67,-40,
-32,-73,
-65,-102,
36,-118,
28,-59,
-8,-19,
-56,-58,
19,61,
5,91,
27,91,
-19,20,
48,13,
22,25,
12,27,
-27,107,
-5,-30,
-65,-40,
-41,-45,
7,-96,
-13,-36,
31,-25,
-21,9,
-31,36,
-25,65,
-29,30,
-11,-28,
22,-14,
-45,-13,
-11,9,
-12,94,
-5,55,
76,18,
48,31,
-5,18,
-28,1,
27,33,
80,-67,
-22,-39,
-45,-13,
18,-2,
61,-6,
-6,-51,
-51,7,
13,45,
-36,10,
-26,-19,
-62,-36,
-25,23,
-13,39,
3,-1,
-6,18,
-3,-21,
-15,0,
17,-7,
27,37,
50,25,
3,26,
18,50,
10,-14,
50,9,
-16,70,
-62,54,
-92,-33,
-36,-55,
3,56,
-5,73,
-18,19,
27,-57,
-27,-93,
-9,21,
-6,-17,
13,-47,
-4,-2,
27,11,
28,28,
-56,-41,
37,-36,
47,-21,
14,45,
51,-45,
4,53,
69,88,
44,59,
19,71,
-5,110,
7,27,
19,3,
-7,-11,
-10,32,
48,-29,
17,26,
-47,-3,
-41,52,
-11,122,
9,99,
24,58,
-8,-49,
-50,-75,
-33,-86,
8,-47,
-52,60,
-17,20,
3,11,
38,30,
-11,25,
22,63,
-11,82,
27,78,
11,49,
9,56,
-70,26,
-42,22,
-55,32,
-35,-57,
4,-60,
10,-3,
28,39,
37,63,
-57,-23,
-66,-22,
-26,10,
6,11,
61,-52,
40,-29,
1,-57,
22,-62,
44,-2,
-34,66,
-12,79,
-8,101,
-20,72,
-28,53,
-14,-51,
1,-12,
-2,0,
4,-7,
-3,16,
-32,-6,
26,-26,
-6,-5,
12,29,
6,8,
93,-35,
1,-27,
-27,31,
-36,55,
35,87,
20,18,
25,42,
44,36,
-1,5,
-1,-22,
-17,-8,
5,44,
-19,42,
-15,73,
6,77,
2,50,
-33,15,
-75,22,
-19,21,
-26,-43,
-7,-89,
-13,-71,
-8,-56,
-25,-39,
17,24,
26,23,
-59,-28,
-9,50,
-44,52,
43,9,
11,19,
-27,-25,
-69,-5,
26,18,
-1,65,
-12,97,
1,66,
35,77,
42,37,
15,12,
14,-28,
-8,19,
43,11,
13,4,
-40,-65,
-47,-76,
-42,-25,
-29,-23,
11,7,
-42,23,
-48,75,
26,49,
39,110,
-43,97,
-15,-1,
-44,20,
-29,-52,
21,-44,
-20,-5,
-46,-49,
-94,18,
-55,70,
-7,50,
-2,105,
66,23,
-30,-30,
-45,-17,
19,-45,
19,-39,
19,7,
28,-29,
-46,-59,
-5,-10,
-44,-3,
-34,-11,
2,25,
-41,-3,
-62,21,
-24,49,
-44,131,
16,12,
-54,-50,
-21,-52,
30,-19,
73,-77,
-24,-118,
34,-117,
5,-51,
-4,-5,
-18,87,
2,50,
15,12,
15,-93,
17,-64,
2,10,
-13,9,
-67,17,
3,-63,
15,-65,
7,-22,
-10,-47,
-34,-9,
-36,0,
0,7,
14,37,
20,46,
32,13,
-34,101,
-1022,624,
-5566,2052,
-8007,1902,
-8045,507,
-2180,-1122,
3785,-1266,
5677,-644,
5962,-444,
7383,-393,
7682,-82,
5494,283,
1269,102,
-335,-234,
-375,-231,
-91,-83,
15,-82,
-105,-156,
-227,-299,
-136,-315,
-170,-321,
-450,-209,
-468,83,
-261,158,
-139,183,
38,92,
15,-55,
-58,-260,
-285,-460,
-479,-534,
-401,-445,
-106,-39,
6,284,
37,288,
-93,172,
-74,19,
-102,-20,
-225,-227,
57,-521,
344,-352,
342,107,
169,438,
-15,419,
-85,273,
-61,121,
-43,62,
-72,27,
-102,-60,
-168,-137,
-248,-83,
-300,7,
-71,2,
-91,-56,
-273,-21,
-219,44,
-98,70,
77,-69,
71,-78,
-1,-20,
-158,124,
-1,42,
19,31,
35,-62,
101,-31,
93,-58,
108,11,
189,50,
27,120,
-6,111,
-127,124,
44,116,
107,-136,
117,-175,
-49,-51,
-118,-4,
-48,-70,
116,-87,
185,-43,
84,25,
51,66,
-7,31,
29,-32,
177,51,
83,85,
68,-21,
-81,-1,
-69,-22,
1,-30,
65,34,
-16,-17,
-47,-66,
-58,-35,
-46,43,
15,43,
43,28,
24,-44,
-32,-2,
-35,4,
-11,-48,
30,-23,
7,-11,
-7,75,
-7,97,
-42,56,
-34,49,
35,66,
3,47,
-47,80,
-9,50,
5,7,
1,-35,
-18,-54,
-12,-36,
53,-14,
8,26,
5,98,
-27,121,
-49,108,
-46,-17,
-69,-77,
-54,-43,
-72,-77,
20,-80,
0,-45,
6,1,
-120,-15,
-53,-28,
-32,-5,
25,52,
-70,28,
-15,-17,
29,-54,
0,3,
-13,44,
39,23,
48,24,
49,-67,
45,-19,
60,-44,
7,-24,
-30,34,
18,31,
-14,96,
-55,-49,
-40,-9,
-17,-77,
3,39,
27,-6,
-40,-53,
-97,-24,
-22,66,
-3,94,
12,20,
-10,17,
-56,-8,
-35,63,
-7,23,
45,63,
2,-11,
10,56,
-18,12,
-25,-38,
00>
_________________________________
00>
00>
Printing STS1 CIR
00>
00>
_________________________________
00>
84,27,
50,30,
43,14,
-10,49,
5,55,
17,38,
58,64,
84,108,
23,-6,
-12,-29,
18,-21,
69,35,
50,17,
45,39,
-47,19,
16,31,
10,6,
10,26,
13,56,
26,83,
-28,60,
27,-6,
80,6,
59,-21,
26,68,
-7,-25,
-11,-5,
33,-40,
5,-23,
26,24,
10,20,
21,-33,
31,60,
2,109,
20,112,
-5,66,
-25,-5,
-19,12,
57,8,
58,-2,
53,68,
49,74,
28,28,
-24,-25,
71,-11,
56,9,
27,0,
36,23,
20,-41,
11,-47,
24,-99,
-53,-91,
16,12,
-6,18,
-43,20,
-29,-78,
-6,-75,
14,-23,
38,-9,
33,-18,
3,18,
47,8,
36,31,
39,-23,
38,9,
18,33,
27,54,
-40,13,
42,-8,
77,26,
76,-30,
-8,17,
-28,43,
-71,-16,
32,-44,
38,-31,
20,-42,
-5,38,
13,29,
57,-36,
14,5,
-43,-88,
-2,-67,
-16,-21,
-9,20,
-36,39,
29,-46,
32,-69,
7,-57,
58,-16,
-4,17,
9,11,
36,14,
36,63,
63,34,
47,-1,
46,-25,
45,-13,
12,1,
41,40,
23,-12,
67,-16,
63,19,
28,74,
-28,55,
-66,107,
42,-4,
6,-58,
41,-68,
43,-21,
25,-40,
26,47,
5,-2,
-10,37,
35,70,
93,17,
40,32,
-19,47,
-5,18,
37,-15,
-17,-8,
-16,13,
41,1,
25,-6,
28,13,
-9,42,
-6,55,
-13,42,
-39,58,
13,48,
33,106,
48,23,
-9,5,
-27,29,
-54,25,
48,6,
29,69,
-34,-18,
-51,-26,
-4,8,
14,37,
45,63,
55,-22,
61,17,
32,55,
17,39,
-2,-9,
-61,-32,
-63,36,
-2,69,
46,-14,
67,3,
49,3,
47,-21,
24,67,
27,42,
24,-13,
-9,-33,
-18,-26,
12,0,
19,62,
49,87,
30,93,
29,24,
46,-7,
-21,10,
75,53,
77,71,
49,21,
21,-26,
-3,9,
28,27,
-28,29,
-28,38,
29,17,
31,-10,
-1,9,
13,-11,
11,-20,
-28,16,
-32,-39,
31,-33,
67,-54,
-7,73,
-21,104,
46,60,
100,40,
41,-31,
-53,10,
-18,-11,
12,-12,
50,84,
-13,-14,
1,-24,
6,-53,
46,-56,
1,14,
22,29,
-40,60,
-7,89,
-39,52,
54,5,
56,-19,
3,-26,
-1,-22,
0,-15,
32,-27,
21,9,
14,42,
1,-28,
16,-37,
88,-41,
1,-14,
-52,0,
-50,4,
41,-40,
17,-30,
-21,-36,
-1,-6,
11,5,
54,-14,
27,16,
41,-18,
2,37,
46,21,
49,20,
26,43,
37,-7,
9,-9,
32,-34,
-13,58,
11,101,
3,29,
-8,-27,
52,-36,
-21,-6,
-2,51,
30,48,
6,4,
20,25,
5,-23,
-3,-16,
-32,-21,
19,15,
-8,21,
29,35,
6,3,
27,48,
5,105,
-39,7,
33,30,
73,53,
37,-9,
-6,35,
-17,24,
-54,50,
-11,81,
14,4,
18,-26,
27,-16,
8,49,
-34,53,
-8,3,
13,-17,
30,-27,
82,54,
-2,19,
8,33,
38,32,
46,28,
17,-27,
80,-17,
32,-17,
24,21,
-4,-34,
15,-25,
31,-46,
30,-17,
43,-26,
11,8,
32,21,
-11,14,
-30,30,
8,8,
-40,3,
-44,-27,
-39,4,
-44,36,
2,36,
16,12,
9,23,
48,60,
24,12,
30,0,
-15,-10,
-30,42,
-42,40,
15,30,
3,28,
2,18,
20,79,
-3,50,
-9,19,
-1,-4,
-8,-34,
-32,-39,
-48,-32,
21,-40,
17,-18,
-51,10,
-1,-28,
-31,-14,
-19,-9,
-5,-29,
-22,-11,
-33,19,
25,25,
44,-16,
31,-20,
-51,45,
-43,70,
-5,76,
-31,68,
38,22,
-40,15,
-45,-44,
-66,28,
-10,48,
63,85,
59,56,
31,31,
21,-25,
-2,-4,
13,17,
-3,-31,
-20,-39,
-51,-27,
30,35,
19,50,
18,74,
-35,54,
-6,13,
50,-1,
75,-3,
76,-62,
20,-4,
-7,-36,
-7,-20,
-32,9,
13,58,
-163,211,
-1326,960,
-5526,2746,
-7839,2703,
-8064,1522,
-4582,-247,
191,-341,
360,1113,
-2481,3190,
-4352,3687,
-3467,2548,
-1404,903,
-163,-59,
348,-293,
332,-169,
246,-104,
183,-108,
212,-77,
263,204,
193,434,
111,355,
140,-38,
82,-269,
268,-277,
726,-251,
811,-273,
783,-306,
498,-5,
319,378,
239,502,
173,393,
85,130,
-110,63,
-235,68,
-84,-28,
4,-89,
87,-99,
367,-27,
225,15,
136,53,
89,21,
64,-132,
212,-339,
153,-173,
81,-82,
31,-38,
-26,-103,
-23,-119,
59,-159,
132,-237,
51,-281,
-34,-144,
1,-52,
7,46,
-5,-18,
99,-103,
101,-105,
38,-31,
-27,-53,
-38,-130,
62,-86,
59,-46,
48,-55,
61,49,
70,-6,
198,-102,
233,-92,
54,6,
59,130,
137,305,
91,106,
80,1,
-32,-176,
-6,-210,
93,-208,
192,-184,
196,-168,
206,-90,
169,76,
122,63,
163,28,
300,-13,
268,66,
72,79,
58,43,
66,70,
94,-39,
148,-28,
160,-31,
73,2,
134,-72,
173,-120,
135,-87,
115,-10,
48,-3,
77,26,
123,-84,
137,-80,
168,-106,
129,5,
74,-6,
210,-42,
108,-134,
103,-71,
117,-14,
69,14,
54,-74,
102,-89,
134,-72,
173,-13,
165,-59,
145,-97,
131,-114,
138,-50,
40,-85,
38,-90,
13,-58,
124,-66,
113,40,
80,47,
21,-40,
46,-66,
144,-58,
137,5,
138,3,
118,-54,
124,10,
70,38,
94,-53,
167,-20,
126,-41,
49,-5,
50,5,
118,-57,
113,24,
149,30,
160,8,
173,-45,
131,-81,
102,5,
107,33,
79,11,
163,-34,
81,-29,
47,-45,
97,-41,
55,22,
81,28,
40,-21,
129,-49,
111,-32,
112,13,
103,-8,
110,16,
102,-27,
72,47,
82,1,
89,-46,
76,2,
45,22,
29,3,
15,-27,
00>
_________________________________
00>
_________________________________
Sequence Number: 245
00>
00>
Printing STS0 CIR
00>
00>
_________________________________
00>
10,31,
9,-31,
23,-1,
29,-39,
-33,19,
-32,-4,
88,47,
54,104,
-67,10,
-132,-26,
-36,13,
-13,58,
-11,20,
-5,-18,
-72,1,
-48,52,
-56,75,
-30,60,
-64,34,
31,9,
18,-9,
-33,14,
8,13,
-51,-12,
71,-52,
-44,-54,
-31,-9,
8,31,
-48,45,
-102,54,
-79,-12,
55,-19,
80,-37,
-8,-3,
-110,43,
-56,38,
9,63,
82,6,
-4,4,
32,-18,
-26,-32,
-59,63,
-4,42,
15,67,
1,55,
-63,-30,
-94,-54,
17,-8,
96,41,
2,53,
7,63,
-58,52,
-43,-31,
18,-71,
-6,15,
-77,34,
-23,40,
-6,-25,
-3,8,
7,26,
38,-44,
73,24,
14,92,
-5,19,
33,29,
-39,23,
-97,-2,
-96,43,
-30,-1,
21,15,
49,72,
20,18,
-54,78,
-27,37,
-22,100,
42,28,
16,54,
-60,82,
-21,-37,
-68,-87,
-35,-31,
24,61,
97,58,
1,-39,
-42,-33,
-6,-15,
-13,63,
7,-4,
40,28,
-29,-1,
19,45,
-69,46,
13,-20,
-5,-42,
40,85,
26,34,
34,41,
40,-53,
-2,-29,
3,-40,
34,-13,
-3,78,
-30,56,
-18,63,
1,-26,
18,-28,
15,-87,
-20,-34,
-55,-34,
0,-33,
-3,-22,
0,9,
-27,21,
-26,22,
67,58,
58,-84,
72,-89,
7,-63,
13,-36,
53,38,
37,-24,
33,-69,
-40,-92,
-41,10,
-21,77,
-23,21,
-78,-36,
14,-87,
26,-61,
-5,19,
-29,-32,
51,23,
67,-10,
-3,-16,
1,3,
32,-7,
-9,16,
23,-64,
85,-62,
60,-70,
110,-10,
55,35,
52,49,
14,-26,
20,23,
8,-16,
-34,47,
37,13,
58,6,
48,31,
-61,31,
-82,-21,
-26,-18,
27,-29,
3,-6,
-3,31,
-11,-54,
-70,-40,
-123,-14,
26,-9,
19,-18,
-5,30,
45,22,
46,-38,
69,35,
33,-15,
-1,16,
-23,59,
15,14,
-15,-41,
5,-56,
-3,7,
27,-43,
83,5,
32,18,
-10,-44,
14,-44,
39,-14,
43,60,
-18,-17,
-61,-18,
6,6,
93,-63,
50,-51,
-46,-26,
-11,4,
-11,-30,
101,77,
61,94,
61,83,
-10,-11,
-38,-56,
51,-58,
48,48,
38,69,
70,4,
0,-34,
-5,-107,
38,1,
58,-13,
99,-20,
-7,12,
-67,-70,
-63,-1,
-10,-5,
44,14,
33,24,
54,19,
7,16,
-36,-22,
-33,-53,
10,-81,
40,-23,
-6,-9,
-8,-14,
18,-48,
44,65,
2,7,
46,-22,
4,-2,
-24,-105,
-30,-145,
-37,-67,
14,2,
14,77,
-26,70,
-21,-10,
1,-38,
11,6,
-31,-3,
-56,12,
73,37,
60,19,
47,-24,
-13,-81,
-26,-67,
29,13,
96,11,
33,35,
39,20,
-1,-6,
54,-35,
57,-72,
58,-37,
11,-21,
-32,-23,
-52,-49,
-41,-50,
58,-84,
36,-63,
22,-11,
-43,23,
28,77,
38,101,
-9,39,
72,19,
51,-63,
-19,5,
-36,28,
4,26,
23,11,
38,24,
54,-96,
99,-44,
87,45,
45,24,
33,-39,
13,-43,
67,-31,
101,-31,
29,21,
-46,45,
-52,-7,
-67,-14,
22,-5,
41,9,
-1,-27,
-18,51,
-13,72,
-26,5,
-12,-31,
-37,50,
20,90,
-24,45,
15,42,
58,-53,
44,-2,
42,3,
7,9,
-3,-17,
21,-91,
28,-45,
30,37,
34,109,
38,12,
-7,7,
-23,65,
-18,45,
19,-84,
9,-88,
58,-57,
12,-27,
-22,2,
46,2,
31,35,
31,0,
53,38,
27,-82,
9,-29,
1,55,
75,27,
116,29,
59,-42,
6,-20,
23,30,
-2,80,
48,32,
80,-33,
50,12,
45,-25,
57,-44,
36,-37,
32,48,
-30,74,
-58,51,
27,-106,
-32,-22,
-35,25,
-34,56,
119,50,
37,41,
-13,9,
-17,-53,
12,-63,
47,-99,
61,-30,
11,-47,
-2,-20,
-67,113,
34,35,
66,-4,
28,9,
-61,11,
-39,-34,
72,-3,
25,-42,
-8,-137,
69,-620,
574,-2029,
1552,-3499,
2421,-3217,
1876,-797,
390,810,
-753,210,
-862,-1351,
-521,-2085,
-250,-1561,
-123,-628,
-60,75,
-28,207,
21,138,
10,-9,
-57,-1,
-117,145,
-171,125,
-231,59,
-135,118,
67,70,
182,35,
244,13,
96,76,
-75,93,
-90,90,
-172,166,
-340,199,
-385,92,
-278,38,
-85,-21,
-19,-80,
26,-13,
55,73,
49,87,
118,151,
38,129,
-106,30,
-102,-111,
-69,-151,
-54,-121,
-53,12,
0,13,
-67,115,
-52,22,
-30,64,
32,53,
111,77,
161,17,
93,12,
-9,1,
-50,59,
-73,-42,
16,68,
10,51,
-44,37,
-16,76,
64,49,
49,34,
38,18,
77,53,
52,101,
32,45,
-6,22,
74,53,
210,58,
111,30,
-41,29,
-38,-23,
-86,-33,
-2,30,
68,67,
53,92,
37,26,
-28,74,
-16,140,
-64,93,
-24,31,
-38,-51,
-19,13,
24,102,
13,160,
19,149,
77,21,
36,-85,
-20,27,
34,84,
56,76,
-20,83,
20,43,
-30,17,
-67,91,
17,65,
11,72,
-42,-15,
8,100,
6,82,
-66,89,
25,12,
50,33,
34,-6,
-19,-27,
-21,58,
1,5,
-22,-13,
18,-80,
29,-3,
71,76,
0,75,
13,35,
-22,-26,
-58,47,
-25,89,
25,26,
-42,71,
-54,-29,
-6,4,
48,22,
41,-23,
3,-28,
23,38,
-50,39,
-13,28,
-6,-59,
-37,8,
3,121,
12,98,
-55,26,
-29,26,
-9,83,
-36,16,
-50,-34,
-46,-63,
-7,-14,
-7,7,
17,22,
14,24,
-15,-11,
-17,18,
-12,86,
-1,33,
-48,38,
-55,25,
-32,72,
10,86,
45,10,
26,-24,
58,21,
30,66,
40,15,
29,18,
-45,-5,
-51,54,
59,75,
71,-3,
-31,-85,
-47,-86,
27,-18,
-7,-18,
52,126,
88,121,
6,39,
-75,5,
-36,12,
78,57,
00>
_________________________________
00>
00>
Printing STS1 CIR
00>
00>
_________________________________
00>
42,2,
50,-57,
-22,-60,
-85,-4,
-59,-33,
-4,-5,
-20,-70,
-30,-5,
3,30,
-10,103,
-40,48,
-29,2,
6,37,
9,86,
-56,85,
-32,81,
18,25,
-41,83,
-143,18,
-55,-12,
-49,4,
-13,42,
25,-19,
-52,-51,
-31,-36,
23,-71,
8,10,
-19,15,
19,55,
65,6,
69,-23,
4,30,
-8,46,
-37,13,
-36,-32,
-60,-59,
-45,-45,
-20,52,
-9,-2,
-42,-48,
-108,26,
27,11,
69,57,
-31,41,
-18,64,
10,61,
68,35,
-30,-41,
5,18,
12,16,
-5,64,
-34,68,
-4,71,
21,27,
-71,-6,
-28,-70,
15,-28,
-1,36,
62,-24,
-36,-54,
35,-15,
20,78,
16,95,
23,46,
96,2,
-18,72,
-86,45,
-80,-26,
-80,-47,
-49,-28,
-14,27,
4,12,
-7,-5,
-29,-26,
-31,-30,
-26,35,
20,36,
14,75,
-3,37,
2,-10,
76,-10,
54,-53,
-6,-14,
6,-12,
15,60,
-15,34,
19,-93,
23,-91,
-8,-63,
-46,66,
-26,-5,
2,11,
-24,11,
5,-17,
22,-11,
-78,49,
-61,45,
-69,53,
3,24,
29,-21,
-38,-69,
-41,-48,
-45,-16,
32,38,
5,35,
-38,37,
-17,13,
63,-26,
-2,23,
6,104,
7,46,
54,58,
31,32,
15,31,
-48,-23,
-27,-29,
-33,34,
-17,87,
-40,82,
-10,-29,
22,-9,
3,-34,
12,4,
-58,-8,
-70,-63,
-92,-57,
-46,31,
-20,-18,
36,-12,
6,55,
-22,26,
-34,18,
-29,8,
-51,7,
-17,5,
-41,16,
9,54,
6,80,
-37,26,
-48,23,
57,69,
27,91,
-34,67,
-51,55,
-4,64,
39,12,
19,-23,
49,-16,
-39,9,
0,-4,
79,-60,
44,18,
-28,59,
-23,13,
-80,26,
-70,-6,
-35,-47,
-71,30,
-83,44,
-26,7,
-19,7,
-10,29,
-19,21,
6,-11,
-20,-4,
-52,-17,
6,-21,
-26,-6,
-43,34,
-19,33,
-24,-9,
-49,26,
-14,-84,
56,-14,
25,17,
34,10,
-62,68,
-46,16,
-53,29,
7,34,
16,1,
-78,12,
-79,29,
-15,52,
15,-36,
0,-77,
42,-41,
24,-25,
-26,27,
19,42,
-48,16,
-50,24,
4,36,
42,1,
28,20,
-30,62,
-45,73,
8,40,
37,24,
58,-92,
30,-7,
-30,52,
0,-6,
-64,-23,
-50,-47,
-53,1,
-6,-25,
3,-78,
7,-29,
50,1,
65,31,
39,57,
-34,72,
5,28,
35,111,
47,68,
10,-14,
-49,-34,
-15,-1,
-23,0,
3,-27,
31,-34,
65,2,
-9,-3,
-25,-38,
-61,-50,
3,31,
-7,75,
-51,26,
-31,-21,
-63,-19,
39,31,
23,95,
-6,9,
16,13,
25,-26,
-7,-84,
-28,15,
-84,-7,
-5,-61,
19,-32,
36,-21,
11,-19,
6,-41,
8,61,
19,86,
-32,98,
-34,50,
-41,7,
26,-65,
55,-67,
54,-25,
58,18,
-12,8,
-22,23,
33,17,
25,-18,
-4,-51,
-16,-41,
-32,-3,
-70,30,
-32,-41,
-45,39,
-36,14,
-5,-52,
22,25,
-28,21,
31,-20,
32,-8,
1,24,
-24,-63,
27,-80,
9,-7,
-98,53,
-99,75,
-13,31,
88,-2,
-1,14,
-14,32,
11,-20,
41,37,
44,27,
-41,-56,
-4,20,
35,16,
86,-10,
23,-39,
-42,-101,
36,-29,
-36,-28,
-39,41,
-61,-11,
16,-7,
1,8,
-18,76,
18,-9,
-52,-6,
-6,-69,
-17,-15,
51,55,
138,-33,
33,-36,
24,25,
37,-9,
-8,54,
-51,-2,
6,-30,
108,45,
29,38,
-23,-19,
-32,-42,
-47,16,
-21,29,
17,46,
-41,24,
-6,10,
-81,45,
-74,26,
-78,21,
30,7,
92,-16,
73,-22,
12,7,
9,-15,
-21,-59,
9,-27,
-30,-28,
14,-27,
-7,32,
-23,16,
-35,24,
8,0,
-38,-8,
30,-37,
65,-36,
31,-12,
33,5,
0,12,
33,79,
20,22,
-6,31,
2,-2,
16,-29,
-6,-45,
21,43,
-51,112,
-106,-24,
-16,-615,
358,-2277,
828,-4248,
1231,-4279,
1042,-1774,
287,648,
-154,1155,
158,511,
728,175,
839,384,
447,431,
50,307,
-112,126,
-79,111,
31,105,
73,108,
31,93,
136,84,
242,93,
299,-23,
126,-153,
-8,-110,
-107,-80,
-213,74,
-144,133,
-84,56,
10,62,
18,60,
32,29,
5,-34,
11,-30,
-43,68,
-20,97,
9,104,
-49,166,
-97,42,
-58,65,
-61,95,
-159,78,
-142,32,
-177,26,
-145,203,
-166,213,
-124,141,
-43,-9,
71,58,
21,116,
28,78,
55,-66,
5,-219,
105,-209,
72,-101,
62,-34,
-99,25,
-43,36,
31,18,
0,5,
7,-39,
-25,-20,
-58,47,
-52,56,
7,68,
37,69,
74,-16,
53,-3,
61,53,
20,92,
-10,43,
-149,21,
-79,6,
-6,71,
-8,15,
59,-17,
90,116,
42,136,
42,127,
-16,142,
-65,20,
-104,-98,
-66,-106,
-25,51,
-77,85,
-25,69,
22,12,
-14,6,
10,42,
28,71,
12,64,
-18,59,
38,15,
-7,32,
-46,9,
-1,68,
57,102,
30,73,
-17,84,
-57,31,
73,-6,
57,-7,
-36,34,
-56,-39,
58,32,
17,28,
-43,31,
-59,31,
-10,10,
-17,28,
-26,24,
-14,69,
-66,-1,
-80,12,
-34,-14,
-48,32,
7,13,
6,66,
19,60,
-1,2,
-15,10,
-13,18,
-11,27,
5,24,
-46,15,
11,12,
56,-4,
56,47,
-75,38,
-48,20,
-76,97,
36,61,
-12,-61,
50,41,
63,78,
14,95,
-16,14,
-62,-13,
-8,16,
-79,-3,
-16,65,
-56,136,
-30,79,
-38,61,
7,-4,
27,-25,
89,-53,
-3,16,
-21,-15,
17,59,
2,144,
-26,102,
-42,29,
-65,44,
-14,28,
-30,22,
10,57,
-26,37,
-70,10,
-59,12,
-46,-19,
-26,17,
-18,16,
-31,88,
-89,51,
-99,54,
-68,59,
-63,13,
00>
_________________________________
00>
RX Timestamp: 743149035897
00>
Clock Offset: 2994.061 Hz, -0.375 ppm
00>
RX Timestamp: 744223673976
00>
Clock Offset: 1197.624 Hz, -0.150 ppm
00>
_________________________________
Sequence Number: 122
00>
00>
Printing STS0 CIR
00>
00>
_________________________________
00>
16,41,
-49,-36,
-19,-74,
-24,-2,
-23,37,
-7,74,
-2,-41,
23,-38,
60,9,
56,51,
70,28,
71,34,
22,34,
105,-31,
93,-3,
63,-24,
-12,-24,
3,-49,
63,-24,
-22,-30,
-14,0,
-20,51,
27,94,
-37,28,
-7,-5,
-40,-61,
-94,-41,
-54,-14,
43,-2,
65,-10,
-31,-23,
-3,8,
0,57,
-41,-17,
-38,0,
35,48,
-55,57,
12,-11,
65,23,
55,19,
-9,23,
-63,-73,
-37,-142,
68,-87,
90,-119,
42,-99,
-34,-38,
-19,13,
61,38,
-36,40,
-18,-1,
-43,-6,
-32,16,
12,53,
59,23,
51,-20,
56,-18,
39,-1,
-30,6,
121,37,
49,63,
-40,45,
-96,3,
-19,72,
23,81,
39,-55,
75,-10,
28,-47,
-36,-21,
-18,-5,
23,2,
75,-53,
44,-43,
10,-64,
35,-22,
-30,-7,
-8,44,
-48,84,
-62,52,
46,5,
13,22,
11,17,
-63,-40,
-44,-50,
-54,10,
-20,-28,
-21,8,
-16,-15,
-2,4,
7,-56,
82,-51,
52,-65,
19,-37,
-41,71,
-34,23,
-6,97,
5,11,
-5,-46,
-2,-38,
-71,13,
-52,-7,
-114,-41,
-49,-21,
-19,-59,
-30,-26,
-65,27,
-47,74,
-52,53,
23,-11,
46,28,
65,49,
82,-18,
72,-91,
-23,-77,
-8,-16,
3,27,
-4,43,
89,66,
66,28,
71,27,
-26,14,
-42,-53,
-27,-47,
-20,-59,
-53,53,
-54,-4,
4,-139,
21,-84,
13,-12,
-34,25,
-61,-34,
-34,-13,
-36,19,
61,61,
52,89,
79,15,
16,6,
-3,-18,
-12,-37,
32,-48,
45,56,
51,13,
7,-20,
18,47,
-98,42,
-60,-26,
-26,27,
23,-3,
-32,16,
-50,13,
31,39,
28,64,
58,57,
20,37,
35,60,
-21,47,
-31,-35,
20,-29,
-20,55,
-30,43,
-51,45,
-28,-21,
-99,-116,
2,-46,
17,-48,
-34,-60,
-65,-75,
-31,-67,
72,19,
66,48,
-26,-7,
4,1,
-17,21,
32,71,
108,60,
-44,-17,
-17,-52,
23,2,
-52,-53,
-29,-3,
-79,-26,
20,24,
23,-79,
65,-27,
-4,-70,
-40,-1,
-51,11,
-5,47,
26,99,
41,82,
0,-4,
-23,-53,
-12,-46,
30,-21,
-36,-18,
-13,-19,
-48,18,
20,37,
-39,64,
-43,59,
65,16,
9,-45,
33,24,
5,56,
13,3,
0,-70,
21,52,
70,-19,
-18,-16,
-62,-15,
-56,-12,
-10,47,
56,24,
20,1,
-30,2,
-35,1,
-24,70,
5,3,
36,11,
34,29,
-9,38,
19,57,
54,16,
76,-15,
10,38,
-51,44,
-38,-9,
-15,-18,
-4,-14,
-4,-22,
-2,4,
5,31,
72,22,
122,18,
45,-37,
2,32,
58,-62,
24,-9,
76,15,
10,16,
-30,-26,
12,-1,
111,-44,
57,-57,
-44,7,
-10,-2,
79,-7,
22,-35,
7,-40,
37,-19,
49,-54,
76,57,
-23,62,
-19,-17,
-32,-49,
39,9,
-17,-35,
-56,-49,
-53,-64,
-46,-18,
-36,30,
-17,-21,
-9,-18,
-3,-17,
54,6,
85,13,
38,-27,
0,-41,
44,-26,
91,33,
33,40,
108,5,
75,22,
-4,-16,
-47,26,
-67,20,
-37,-36,
-7,-32,
-65,38,
17,-111,
46,-63,
-3,13,
-59,-6,
-60,27,
-59,-23,
-29,-12,
71,48,
70,-5,
40,-50,
28,22,
5,18,
-17,-25,
-38,-61,
10,-9,
27,-2,
34,-24,
22,-48,
55,-15,
35,14,
31,81,
1,18,
1,-14,
-32,7,
55,31,
24,26,
62,-14,
-44,-20,
-55,19,
21,23,
-24,139,
14,24,
54,58,
-22,-8,
32,14,
6,-6,
-14,42,
7,27,
12,22,
20,-28,
-34,-36,
10,-38,
-15,-30,
-40,50,
-42,57,
-7,-2,
72,-71,
104,-8,
-16,37,
25,38,
-34,-14,
-31,-89,
36,-29,
77,5,
74,29,
24,1,
-15,-14,
38,23,
20,-24,
-14,12,
-42,-13,
-28,46,
32,24,
46,3,
9,112,
8,63,
25,-10,
73,16,
58,38,
-15,-63,
-48,6,
24,-10,
1,4,
-36,-74,
-21,-68,
36,7,
-51,74,
-657,348,
-2892,997,
-6071,1266,
-6351,340,
-2296,-907,
2002,-915,
3591,-492,
3646,-286,
4580,-308,
5252,59,
3861,274,
1272,27,
-140,-183,
-274,-303,
-79,-175,
9,-219,
-36,-163,
-50,-160,
-178,-280,
-213,-229,
-251,-93,
-240,4,
-225,107,
-104,77,
88,43,
95,-55,
33,-202,
-140,-379,
-373,-415,
-346,-288,
-182,-43,
16,181,
-59,162,
-112,39,
-122,-31,
-81,-26,
-53,-105,
66,-297,
216,-244,
249,-20,
156,221,
39,266,
-78,266,
-23,191,
-28,76,
-90,31,
-104,-92,
-189,-184,
-174,-161,
-212,-133,
-223,-99,
-179,-93,
-183,1,
-127,25,
-106,32,
28,19,
123,-74,
-13,-39,
-90,16,
-95,101,
68,-6,
98,-56,
-1,-62,
-3,-48,
99,28,
83,98,
56,124,
-17,90,
-37,77,
-73,6,
-15,-89,
99,-105,
27,-89,
-60,-9,
-79,-22,
15,-95,
105,-82,
136,4,
-13,101,
55,-23,
61,34,
47,32,
108,93,
-12,74,
17,-8,
-11,-57,
-61,-133,
-49,-46,
-52,-11,
-67,-16,
-58,-27,
-28,-8,
-9,29,
-46,13,
-50,-11,
-25,-24,
7,-8,
-11,26,
12,33,
49,60,
18,29,
-21,1,
-7,49,
-37,17,
-34,3,
0,-1,
-10,12,
92,22,
19,29,
2,-16,
38,8,
6,-7,
5,42,
21,49,
8,15,
-23,15,
-59,76,
-6,60,
74,-5,
-21,-42,
-6,35,
11,28,
20,72,
22,8,
-42,-30,
-26,53,
18,4,
16,-23,
36,70,
-35,45,
-28,35,
-39,15,
-3,-88,
-50,-95,
29,13,
28,67,
38,0,
60,-7,
58,25,
67,51,
-68,-4,
-94,-13,
-86,-1,
0,-8,
48,-4,
-28,-33,
9,18,
-10,-52,
-90,27,
-63,26,
-72,-29,
27,-43,
9,53,
-26,45,
43,11,
24,20,
00>
_________________________________
00>
00>
Printing STS1 CIR
00>
00>
_________________________________
00>
51,5,
11,24,
17,71,
-37,109,
-5,39,
-15,25,
-21,15,
28,-19,
67,-45,
14,-34,
15,8,
22,11,
40,26,
26,44,
6,22,
47,44,
22,66,
21,28,
31,39,
71,11,
11,-42,
-62,29,
-49,50,
-39,-2,
45,-65,
-2,19,
-6,35,
36,13,
35,-18,
39,-4,
13,-10,
-5,21,
8,32,
47,17,
50,23,
27,25,
-27,91,
5,28,
-9,-29,
49,-82,
27,-47,
44,14,
27,46,
1,66,
23,-49,
20,-29,
-2,10,
-10,45,
8,-13,
34,-57,
31,-24,
47,75,
30,31,
-19,-16,
-42,55,
-6,15,
46,-16,
35,22,
3,-50,
22,-37,
0,-22,
-52,47,
-56,29,
34,95,
22,33,
-32,17,
2,-20,
69,37,
11,-21,
-5,3,
-15,-32,
-48,-23,
16,4,
22,72,
46,19,
49,17,
23,-51,
-85,-4,
-65,0,
-64,38,
27,-5,
-1,10,
18,16,
29,35,
97,59,
34,-4,
-62,-25,
-30,-20,
-39,21,
-18,47,
24,41,
22,-23,
49,-31,
24,61,
72,48,
25,55,
-14,46,
29,21,
6,-17,
-6,32,
-17,74,
-37,62,
-40,50,
32,39,
-25,0,
36,-32,
108,-27,
108,-12,
54,32,
67,18,
17,37,
65,25,
13,69,
-11,31,
26,23,
33,-41,
-5,-71,
36,-36,
44,-37,
79,-35,
69,-22,
38,7,
28,-4,
40,-1,
45,-21,
57,-11,
35,-35,
49,18,
74,-5,
16,-1,
-8,56,
18,71,
18,51,
57,54,
53,-46,
-59,-41,
-54,-50,
80,16,
37,38,
10,47,
21,-2,
-7,-24,
13,10,
34,-38,
-8,-8,
21,-30,
28,8,
51,-13,
-58,69,
11,30,
-10,18,
37,-6,
23,-12,
-65,-30,
-71,2,
14,10,
18,-41,
27,-45,
-9,-13,
31,27,
-23,7,
33,-16,
25,-23,
32,46,
43,42,
47,-11,
9,38,
36,64,
8,81,
19,16,
-18,-15,
35,43,
-27,47,
-18,78,
35,15,
112,-59,
67,-30,
56,-21,
87,-35,
35,-15,
4,15,
-42,-1,
17,-18,
31,-22,
60,17,
28,24,
113,-20,
38,-55,
37,20,
-17,15,
-15,55,
-78,36,
7,-56,
35,-57,
50,-12,
74,29,
77,-14,
124,60,
36,73,
19,6,
-41,-9,
9,28,
35,-23,
17,-61,
-17,-24,
3,-32,
89,16,
45,3,
100,-42,
39,-59,
1,-29,
-32,-12,
40,-8,
-9,48,
16,40,
-38,-22,
-13,-58,
11,15,
70,67,
23,82,
-5,-8,
-23,23,
41,7,
86,-20,
105,-14,
78,-73,
35,-23,
36,-15,
40,-24,
40,11,
60,7,
56,77,
17,44,
25,16,
20,57,
90,-28,
71,-17,
11,25,
2,95,
-5,21,
33,-13,
44,-13,
74,38,
63,73,
30,9,
-2,-18,
39,5,
60,88,
79,20,
47,31,
84,79,
45,108,
56,113,
53,-13,
77,37,
-21,7,
8,26,
4,-42,
-56,-45,
-48,-61,
-28,11,
5,32,
21,44,
58,60,
64,37,
12,-2,
113,-27,
-9,60,
12,6,
63,15,
54,25,
81,15,
72,3,
28,-15,
-8,-80,
-7,-43,
50,-35,
26,-18,
21,-48,
10,71,
29,68,
15,-31,
19,-15,
-13,-8,
-23,-11,
-17,52,
29,69,
59,1,
52,-31,
46,-22,
38,38,
5,57,
44,45,
-15,15,
24,37,
30,14,
-30,-40,
-23,-63,
26,-13,
48,4,
90,50,
72,-15,
97,-22,
20,32,
-23,54,
16,10,
-5,4,
14,20,
-9,-14,
-12,-15,
17,-41,
32,-68,
-17,-30,
-25,41,
-28,16,
-98,-9,
-23,-42,
43,-72,
52,-34,
62,-18,
55,24,
62,25,
32,-37,
24,-20,
-29,-32,
19,27,
49,80,
68,26,
22,18,
-10,45,
-38,15,
-34,-39,
-36,-42,
51,-7,
-7,60,
16,38,
24,4,
88,-46,
31,-75,
-29,30,
-50,-29,
-52,-59,
12,5,
25,-2,
53,18,
63,53,
-6,25,
-8,-21,
4,-23,
27,-8,
36,-12,
0,8,
51,-2,
89,-35,
58,8,
-96,117,
-808,511,
-3204,1244,
-6191,1506,
-6671,736,
-3569,-386,
24,-368,
436,681,
-1247,1727,
-2495,1944,
-2213,1397,
-1127,601,
-159,-19,
319,-293,
423,-183,
295,-118,
115,-48,
-38,-12,
102,140,
145,281,
47,316,
46,85,
132,-177,
209,-241,
395,-137,
524,-156,
546,-189,
436,-10,
224,250,
108,472,
67,341,
61,134,
-9,82,
-97,73,
-12,-8,
145,-93,
159,-45,
166,-88,
120,-58,
96,24,
80,104,
166,-17,
146,-74,
74,-115,
59,-78,
27,-62,
-47,-65,
-108,-99,
3,-139,
112,-181,
113,-199,
67,-224,
52,-131,
77,-40,
13,49,
-15,32,
7,9,
11,-1,
50,-18,
106,-60,
112,-101,
94,-31,
108,-71,
100,-63,
172,-11,
150,-64,
198,-87,
119,16,
86,123,
117,206,
193,111,
183,18,
72,-97,
-15,-118,
72,-70,
172,-90,
224,-139,
189,-45,
126,-18,
95,13,
108,-45,
120,-49,
196,9,
108,141,
79,96,
25,-16,
25,-85,
91,-88,
169,-63,
126,29,
92,-26,
124,4,
111,-16,
63,-4,
21,-40,
102,-21,
105,-10,
120,-36,
158,-66,
99,-66,
116,18,
60,-34,
132,-33,
176,9,
78,-48,
126,-105,
130,-82,
112,-6,
135,2,
131,5,
110,-45,
8,-41,
44,-73,
104,-80,
103,-9,
59,-39,
67,-2,
142,45,
126,2,
60,23,
58,19,
93,33,
98,-4,
115,41,
89,13,
9,-22,
49,-18,
136,-32,
107,33,
44,20,
23,14,
50,-23,
61,-35,
66,-41,
71,14,
106,15,
66,5,
79,-39,
114,-77,
145,-17,
107,-10,
73,-17,
69,-109,
33,-42,
51,-17,
49,-87,
-11,-54,
-14,-77,
45,-28,
86,-58,
132,-49,
107,-28,
120,25,
156,40,
115,-26,
57,-55,
70,63,
00>
_________________________________
00>
_________________________________
Sequence Number: 125
00>
00>
Printing STS0 CIR
00>
00>
_________________________________
00>
-18,28,
-75,-67,
12,102,
43,84,
17,-44,
15,-117,
9,-68,
5,17,
55,87,
84,47,
53,-31,
37,-29,
46,18,
-11,-18,
-1,6,
-5,22,
32,27,
81,81,
40,101,
6,7,
-15,41,
-83,-23,
-16,51,
84,-31,
70,13,
102,47,
-22,-1,
26,-12,
29,22,
-1,39,
13,-25,
-18,18,
-38,-63,
-46,-38,
-7,62,
-1,15,
-5,-16,
6,12,
-72,-12,
29,57,
-6,35,
7,31,
7,20,
35,-16,
20,-28,
-64,13,
-57,0,
-38,1,
-32,59,
-4,-46,
-40,-64,
-33,-67,
11,-28,
34,27,
21,45,
27,54,
14,-1,
19,7,
4,46,
37,-1,
17,41,
31,5,
10,30,
30,-17,
39,23,
7,-2,
20,14,
8,29,
-12,98,
13,120,
25,96,
76,34,
59,15,
-85,68,
-44,43,
-65,3,
13,62,
25,3,
30,-69,
9,-34,
-6,28,
155,35,
122,115,
71,114,
-24,79,
-34,-79,
47,3,
33,38,
53,61,
15,78,
-25,26,
-33,-14,
-18,17,
-7,43,
4,26,
3,13,
-33,-27,
-45,0,
-9,35,
-18,52,
-36,3,
25,14,
13,-38,
-38,71,
-68,5,
-58,49,
-50,-18,
19,-7,
-73,31,
-15,47,
36,25,
-24,26,
-35,58,
-23,-51,
-40,-14,
-47,-41,
-61,-14,
18,-2,
45,29,
17,-29,
-15,-12,
-35,-3,
-2,-7,
-13,5,
-35,13,
-28,55,
12,4,
-25,11,
-23,85,
4,63,
-5,30,
5,-25,
-31,9,
-44,56,
-9,-25,
36,78,
72,4,
70,46,
23,5,
24,50,
-40,64,
-23,43,
-47,-26,
11,-30,
-23,-27,
50,66,
26,70,
26,40,
-47,3,
-34,62,
4,9,
-11,-2,
12,9,
-40,136,
-43,26,
-55,-6,
-9,-57,
30,14,
-27,28,
-43,43,
4,20,
47,-58,
25,3,
15,12,
12,50,
-22,33,
48,28,
-69,72,
-88,39,
-44,46,
0,52,
23,80,
-17,20,
-33,44,
2,-11,
39,-19,
17,30,
5,57,
14,81,
5,6,
-5,27,
5,-52,
25,80,
-28,11,
-53,12,
4,38,
-62,40,
-59,15,
-19,-8,
47,-5,
40,51,
28,36,
-34,14,
-25,-70,
-2,-55,
-16,-111,
-46,-6,
30,-2,
7,85,
-34,-4,
-83,-20,
-86,11,
-8,-20,
17,-2,
60,-19,
1,50,
-4,2,
45,6,
-2,6,
-35,-44,
-57,-96,
-27,-71,
44,-16,
-20,30,
-26,41,
-36,-6,
65,20,
-1,49,
-8,-24,
-1,-18,
81,22,
41,9,
2,19,
-10,-2,
52,-15,
-29,-55,
-4,-3,
-4,-14,
1,56,
1,58,
-23,8,
-31,25,
-32,10,
-18,-64,
26,-29,
33,29,
-41,9,
-11,25,
65,20,
16,11,
-26,0,
-54,27,
-61,-32,
11,-34,
75,20,
36,5,
-47,13,
-57,-18,
-58,30,
-65,-40,
2,-36,
33,-32,
-14,10,
-22,33,
-23,56,
-31,-38,
-23,-65,
29,10,
34,4,
44,25,
27,-6,
-13,56,
-48,96,
-45,-1,
-14,-25,
9,-29,
17,2,
-11,36,
-20,36,
-57,27,
5,-24,
45,14,
-26,11,
4,132,
50,34,
9,-26,
-15,-25,
-18,-22,
55,-3,
6,26,
14,63,
43,8,
-30,53,
14,32,
40,25,
39,-17,
-9,-2,
-9,5,
-15,41,
56,9,
-34,34,
-12,26,
-14,-25,
-4,-6,
-71,10,
7,9,
23,65,
-14,72,
-7,58,
23,-6,
34,-7,
64,52,
15,38,
-9,-2,
-56,28,
-37,-15,
3,28,
11,12,
42,62,
-59,14,
9,58,
-33,45,
-7,11,
25,27,
-6,-4,
7,3,
2,19,
-16,26,
42,27,
6,24,
0,89,
22,29,
22,33,
13,38,
-16,20,
-38,72,
-38,14,
-20,-47,
-38,45,
60,76,
-32,12,
-33,-27,
37,10,
54,39,
27,40,
19,-11,
48,22,
-9,26,
15,3,
39,-51,
74,16,
62,107,
30,76,
73,38,
8,-3,
-44,-3,
-18,2,
22,-11,
14,10,
21,-43,
2,-37,
71,-77,
688,-648,
3892,-3224,
7268,-4408,
7877,-2800,
6563,627,
137,2048,
-1907,-339,
-337,-3886,
2253,-5562,
2431,-4291,
865,-1679,
-219,-288,
-525,294,
-193,290,
-27,155,
-140,69,
-227,132,
-455,155,
-204,-190,
-116,-195,
-82,143,
261,400,
308,239,
-36,317,
-328,241,
-415,351,
-466,30,
-685,-300,
-753,-397,
-546,-326,
-131,-165,
157,-4,
195,63,
7,166,
-2,177,
34,266,
-112,259,
-115,7,
-95,-126,
-26,-363,
-16,-304,
-83,-111,
-149,117,
-156,92,
-182,34,
-99,81,
-26,184,
-38,205,
24,286,
11,300,
12,96,
-63,38,
-178,-24,
-133,-142,
-123,-128,
-89,-59,
-128,140,
5,312,
32,276,
47,125,
43,110,
62,156,
11,98,
14,162,
-30,262,
25,158,
102,129,
32,35,
-121,-157,
-145,-104,
-31,83,
40,263,
-7,169,
-50,174,
-40,230,
-103,199,
-252,113,
-207,-48,
-95,-125,
-76,32,
-141,283,
-282,405,
27,175,
48,95,
1,46,
58,95,
29,112,
27,99,
62,84,
29,167,
-50,182,
-65,89,
-82,91,
-75,67,
-26,37,
-45,64,
-33,103,
-52,115,
-17,-47,
10,-11,
-129,67,
-99,95,
-141,22,
-130,-50,
-114,32,
-68,99,
-118,162,
-79,164,
-112,129,
-48,95,
-68,66,
-26,23,
-44,48,
-126,-1,
-79,-41,
-40,-63,
-191,-3,
-93,-17,
-50,1,
-63,-15,
-75,32,
-103,-43,
-73,28,
-77,67,
-31,66,
-85,36,
-46,111,
-96,105,
-173,47,
-127,107,
31,110,
-36,48,
-146,74,
-44,70,
-15,43,
-27,113,
-163,98,
-96,79,
-33,28,
-11,70,
-122,50,
-38,29,
-62,-30,
-36,7,
-81,74,
-23,65,
-5,36,
-11,-10,
-39,127,
-35,197,
-119,115,
-96,139,
-116,43,
-47,36,
-30,18,
-21,2,
-26,18,
-51,11,
-115,16,
-26,-5,
00>
_________________________________
00>
00>
Printing STS1 CIR
00>
00>
_________________________________
00>
16,-11,
19,-58,
30,17,
13,48,
42,37,
51,54,
45,61,
66,-31,
94,46,
33,41,
-4,45,
-12,-37,
41,-21,
-8,-2,
-23,-38,
11,-2,
58,15,
52,50,
60,81,
-7,13,
-54,-16,
-24,48,
-22,83,
26,8,
87,19,
60,72,
25,9,
-23,-19,
1,-3,
3,-1,
22,-24,
34,-25,
80,-17,
36,41,
42,64,
12,66,
35,60,
-19,43,
-14,-34,
40,-46,
47,1,
-9,-46,
-12,1,
-16,-14,
7,21,
-13,38,
-27,-22,
65,-15,
48,-21,
-4,-36,
-24,-51,
-25,-45,
-51,-55,
9,11,
37,72,
36,-2,
39,-33,
46,12,
-5,28,
25,44,
29,36,
-7,3,
9,23,
45,30,
34,37,
2,-5,
7,-23,
22,-17,
-2,14,
72,6,
58,15,
21,12,
-31,-16,
-9,35,
-5,65,
30,78,
12,43,
-24,-51,
17,-48,
26,31,
-33,23,
18,13,
32,39,
7,32,
48,34,
-21,1,
12,23,
-18,-43,
-20,-13,
12,50,
43,20,
28,16,
-1,3,
-7,63,
-9,34,
-20,31,
3,66,
6,63,
-17,0,
47,22,
-7,35,
4,-20,
41,-23,
50,-40,
39,5,
13,2,
11,35,
-30,22,
8,6,
-10,52,
31,52,
57,-40,
-7,-4,
-14,-50,
-7,28,
-23,25,
63,34,
58,-26,
-28,-24,
7,4,
1,-32,
-6,-102,
27,-47,
36,27,
39,28,
40,3,
29,19,
6,16,
0,19,
9,37,
28,19,
-3,42,
16,-12,
-30,-19,
-53,2,
15,15,
13,-48,
15,-32,
12,4,
-11,24,
11,3,
0,-10,
-11,44,
29,26,
58,58,
25,10,
-50,-14,
-41,-32,
-36,11,
26,-26,
-32,-11,
24,28,
-11,59,
2,43,
13,-1,
34,46,
27,61,
18,3,
28,-17,
20,8,
14,25,
66,-15,
22,4,
37,47,
-22,-12,
5,-4,
23,-60,
-11,10,
37,-18,
66,-83,
52,-9,
18,84,
-9,56,
-43,18,
28,-2,
83,22,
50,38,
3,22,
6,1,
51,17,
20,42,
-57,10,
-45,42,
-41,-13,
-8,78,
-39,43,
6,98,
9,38,
-9,-23,
15,-26,
38,-17,
16,-12,
-5,-51,
7,-24,
30,21,
61,34,
20,0,
-3,44,
-17,37,
51,0,
23,27,
44,31,
25,38,
9,14,
-25,4,
-34,-3,
24,4,
50,5,
44,-33,
5,-6,
29,13,
36,10,
40,27,
45,6,
24,-14,
8,19,
76,-52,
40,-19,
41,-38,
-23,30,
-25,25,
14,-9,
45,3,
9,-19,
21,13,
3,70,
21,54,
11,18,
7,-7,
14,47,
51,67,
14,2,
54,69,
48,29,
-31,13,
18,-10,
19,3,
58,16,
32,5,
9,-13,
-24,-24,
-30,-44,
34,-35,
36,-41,
-15,-60,
23,41,
105,37,
81,4,
73,15,
31,8,
46,3,
28,-34,
44,-8,
0,36,
-45,37,
-17,10,
-27,-24,
21,41,
-15,3,
9,-7,
68,-57,
87,-12,
82,31,
46,6,
-11,0,
-14,1,
56,44,
24,9,
45,10,
14,61,
-12,28,
9,7,
-9,21,
25,-18,
42,-33,
20,-68,
-7,-25,
21,-35,
40,-1,
-39,1,
-47,35,
22,11,
71,13,
26,37,
-2,-46,
12,-46,
42,12,
7,-7,
-15,-3,
48,-21,
19,-2,
-7,-13,
37,-63,
15,12,
27,66,
29,-9,
31,-21,
16,-55,
22,24,
10,-16,
32,-22,
-2,37,
-30,65,
-33,69,
32,14,
-25,-99,
-2,-121,
0,-94,
60,-48,
137,16,
108,44,
19,21,
31,7,
92,-16,
108,-22,
50,33,
48,49,
12,9,
-5,-31,
-7,-76,
14,2,
7,3,
-42,-21,
-55,-94,
37,-14,
21,-36,
71,-32,
40,48,
19,14,
9,-22,
-27,30,
-8,33,
20,-3,
29,-17,
46,59,
-28,72,
21,61,
46,128,
62,78,
59,78,
59,57,
-9,52,
-38,3,
38,-3,
67,19,
20,36,
2,63,
44,50,
-10,5,
5,-13,
-2,21,
110,-64,
880,-774,
4389,-3713,
6965,-5034,
7581,-4406,
6451,-1592,
101,1560,
-2384,2097,
-870,1053,
566,1257,
601,2015,
-10,1647,
-289,686,
-353,145,
-312,52,
-316,86,
-128,99,
56,263,
211,496,
370,531,
277,523,
407,159,
273,-350,
-86,-448,
-369,-185,
-420,53,
-320,100,
-251,117,
-138,127,
8,128,
139,59,
146,-62,
-33,-57,
-210,66,
-141,284,
72,190,
65,193,
-161,196,
-190,153,
-158,-28,
-102,-192,
-211,-208,
-269,-73,
-332,69,
-232,16,
-118,47,
-4,60,
78,85,
92,44,
195,-119,
320,-188,
110,-21,
48,34,
-19,-23,
-58,-16,
-149,-47,
-118,52,
-103,81,
1,151,
25,90,
-105,65,
-117,84,
-113,149,
-31,173,
4,150,
52,161,
94,236,
70,161,
-26,44,
-94,-181,
-103,-145,
-82,-39,
-20,22,
-19,31,
-14,111,
-93,132,
-170,179,
-210,77,
-179,-75,
-45,-120,
63,-121,
17,-43,
-47,36,
-22,34,
37,56,
-39,133,
-20,94,
-52,92,
-111,107,
-138,46,
-116,-39,
-71,28,
-76,51,
-77,-31,
-61,-15,
-24,62,
-9,0,
-31,43,
-83,-50,
-61,-82,
-29,-5,
-78,12,
-63,32,
-72,86,
-32,59,
-33,13,
19,28,
-17,9,
-91,4,
-99,37,
-61,16,
-71,-1,
-47,-43,
9,13,
19,34,
53,49,
2,-42,
-68,37,
-25,2,
4,-45,
13,4,
-41,14,
-9,10,
-63,-62,
-21,-3,
-10,55,
-71,79,
-103,23,
-96,63,
-87,8,
-109,39,
-21,51,
11,95,
-68,120,
-138,27,
-90,-29,
-68,37,
-130,37,
-97,46,
-26,55,
-35,26,
-80,4,
-68,-28,
-94,20,
-27,-15,
-81,-48,
-105,32,
-4,-16,
-19,26,
-53,21,
-97,35,
-124,27,
-64,-3,
-34,22,
-71,18,
-92,35,
-36,28,
-2,-27,
-30,-2,
-66,24,
-63,1,
00>
_________________________________
00>
RX Timestamp: 883558616215
00>
Clock Offset: 1710.892 Hz, -0.214 ppm
00>
RX Timestamp: 884633218477
00>
Clock Offset: 1982.403 Hz, -0.248 ppm
00>
_________________________________
Sequence Number: 2
00>
00>
Printing STS0 CIR
00>
00>
_________________________________
00>
-17,31,
1,-18,
16,-62,
63,-26,
-2,-19,
-35,81,
-7,61,
9,6,
-17,14,
-4,26,
6,36,
44,4,
13,-9,
-3,-14,
1,-16,
-2,4,
55,5,
-14,-18,
-21,0,
-53,14,
-2,43,
3,-2,
69,-23,
20,-19,
-6,-23,
3,50,
15,16,
20,-33,
-5,14,
-4,-42,
32,28,
78,-53,
1,-59,
33,25,
61,-2,
62,-31,
20,-26,
-30,-51,
30,-1,
102,-31,
-21,-8,
-95,-1,
-31,45,
21,-46,
9,-80,
40,-25,
47,29,
18,-15,
8,44,
-29,-47,
-26,34,
7,15,
29,37,
31,-34,
2,-5,
-57,-55,
0,-37,
8,12,
-46,-24,
-71,35,
24,-19,
32,-7,
28,-38,
-1,-47,
12,-28,
87,-7,
64,-17,
8,26,
28,28,
68,40,
120,0,
2,-5,
11,-2,
2,-3,
3,-44,
-26,-17,
-29,17,
-42,44,
8,-2,
-2,-5,
-3,10,
-5,25,
0,40,
-1,5,
20,-4,
31,36,
3,47,
10,-12,
6,-86,
28,0,
18,28,
34,17,
77,30,
-34,31,
4,35,
-17,-21,
15,-36,
38,-16,
18,63,
13,46,
28,52,
9,24,
75,-62,
-39,6,
-66,5,
-77,42,
-54,-23,
-5,-29,
7,-3,
31,41,
-10,-4,
22,10,
36,1,
63,29,
-9,13,
-9,8,
39,-8,
17,12,
9,44,
23,78,
19,19,
18,-7,
-25,11,
-10,10,
25,-15,
34,-17,
23,-32,
3,7,
7,62,
21,43,
32,-22,
17,-3,
0,29,
-20,85,
-45,-5,
-50,-27,
4,2,
22,21,
25,21,
28,-20,
9,-13,
74,-52,
14,-12,
-27,17,
33,18,
-4,26,
-14,9,
-34,51,
5,10,
88,17,
55,-50,
32,-45,
83,-42,
35,40,
73,-9,
15,-89,
8,-40,
9,43,
34,7,
29,2,
16,-4,
-9,14,
-21,44,
-26,31,
-15,34,
15,-25,
81,-10,
43,-12,
52,20,
-16,42,
5,20,
48,-1,
19,-41,
10,-33,
-8,3,
-9,38,
-1,16,
18,2,
23,-57,
9,-14,
-30,-36,
-20,-11,
56,-23,
35,15,
41,-1,
11,33,
-1,59,
16,80,
-8,-43,
8,24,
12,81,
20,29,
18,-12,
27,-60,
-17,19,
2,-9,
92,-45,
-1,21,
-17,59,
-40,50,
21,30,
30,38,
19,-7,
54,-6,
18,-3,
22,-18,
19,-26,
32,31,
-16,9,
9,46,
69,-54,
94,-53,
57,-37,
-6,1,
-60,67,
-14,26,
47,38,
-3,43,
-12,60,
24,2,
24,-40,
29,0,
11,-15,
5,-35,
-17,-78,
86,34,
47,-6,
69,-9,
-11,9,
22,13,
-29,37,
-81,3,
-16,67,
21,31,
14,31,
-23,31,
-58,17,
41,4,
14,31,
11,4,
-15,10,
-40,31,
0,23,
59,-16,
68,-54,
6,14,
-13,10,
-5,-19,
31,-24,
-42,-13,
7,29,
41,-3,
25,5,
21,-18,
0,22,
5,-47,
-4,-34,
41,-12,
107,-68,
37,-34,
53,-23,
-6,-53,
0,35,
-36,57,
-49,67,
-35,-8,
-11,0,
65,30,
23,30,
25,24,
-14,28,
47,12,
18,43,
35,38,
-68,-48,
32,-24,
34,20,
42,3,
59,-61,
63,-113,
4,-82,
7,-12,
51,6,
22,-1,
-11,22,
-6,33,
1,11,
2,-92,
2,-13,
-56,4,
38,2,
21,-1,
12,28,
3,14,
-20,74,
-62,50,
-38,36,
23,-9,
-17,0,
25,54,
-55,-1,
1,24,
-4,-12,
10,15,
-11,-21,
14,-14,
-27,-17,
-48,-17,
41,-80,
23,-57,
-60,-61,
-19,35,
-26,50,
39,48,
27,59,
-5,74,
18,3,
38,-21,
35,-9,
34,3,
-20,-22,
-5,33,
-96,77,
-11,34,
-1,42,
-39,-6,
56,-48,
89,-22,
118,13,
91,-9,
52,-3,
24,-15,
31,-40,
-29,3,
47,20,
25,-26,
57,1,
19,19,
-27,23,
-34,12,
7,-29,
40,-45,
12,-10,
-6,72,
21,86,
26,1,
23,-19,
50,41,
55,-24,
35,2,
2,15,
1,8,
212,83,
1529,1148,
4881,4825,
5287,6733,
3436,6900,
-1054,1088,
-3402,-3424,
-2907,-4561,
-3098,-5213,
-3739,-6509,
-3180,-6778,
-1309,-4192,
-84,-759,
23,357,
-75,288,
-17,127,
-59,132,
-81,203,
-221,334,
-342,274,
-286,322,
-30,319,
267,381,
402,197,
344,-31,
187,-73,
-24,8,
-157,291,
-192,503,
-184,592,
-91,491,
7,137,
149,-82,
194,-87,
74,106,
-36,81,
-4,119,
-236,120,
-439,-68,
-338,-254,
83,-272,
364,-235,
371,-133,
354,-7,
144,97,
97,57,
-5,131,
8,224,
27,251,
65,277,
57,283,
-70,91,
-116,145,
5,203,
47,150,
91,-26,
14,-103,
-44,-89,
9,-58,
150,-65,
129,-2,
-1,-23,
-36,-60,
20,-19,
-20,-93,
-6,-195,
68,-157,
143,-50,
248,35,
168,30,
-66,23,
-186,16,
-203,-18,
-74,30,
-57,53,
-79,16,
-114,-112,
-69,-87,
-29,-83,
58,-11,
42,26,
1,-62,
97,-162,
99,-84,
46,-42,
-37,137,
-17,62,
-46,21,
-83,77,
-126,113,
-76,15,
-3,27,
-6,63,
38,0,
-9,-7,
-59,-16,
-69,48,
-55,47,
-5,39,
9,-11,
24,7,
46,25,
67,73,
65,-22,
8,-50,
12,-62,
47,-22,
19,-38,
73,-42,
31,2,
30,8,
-24,29,
-18,20,
35,68,
62,20,
-1,7,
14,26,
71,-5,
74,6,
65,67,
3,95,
-20,44,
10,0,
43,-38,
36,-61,
15,1,
50,39,
20,28,
12,-1,
-6,-65,
-46,-20,
-80,6,
-27,30,
65,-14,
138,4,
20,29,
-85,-66,
-20,-25,
14,-49,
29,-43,
55,66,
31,42,
2,30,
8,64,
2,49,
-22,9,
23,15,
-3,1,
52,74,
89,-23,
-2,-36,
-26,-47,
-30,-66,
-2,-23,
48,24,
38,-72,
27,-28,
-9,-7,
-45,24,
7,50,
00>
_________________________________
00>
00>
Printing STS1 CIR
00>
00>
_________________________________
00>
13,0,
0,-66,
-62,63,
-58,87,
-69,71,
21,51,
34,29,
23,-50,
32,-25,
28,51,
-7,-5,
-35,18,
66,-4,
67,-28,
55,-31,
26,-8,
48,-24,
29,0,
7,30,
36,62,
58,50,
31,-39,
32,-22,
44,14,
79,-10,
-9,3,
26,29,
-33,-13,
-31,-8,
-22,15,
16,-8,
58,-34,
35,-28,
41,8,
25,18,
66,8,
47,-2,
-16,14,
-10,11,
53,-11,
53,59,
39,-45,
34,-8,
24,21,
11,44,
6,29,
-33,70,
30,29,
20,16,
13,8,
5,-7,
18,-36,
-24,16,
-31,24,
29,67,
-26,6,
35,-7,
58,-32,
61,55,
62,64,
34,28,
-17,-43,
-60,-16,
-34,-32,
48,41,
73,17,
48,-41,
58,-30,
10,37,
40,-15,
22,-2,
-46,18,
65,-46,
12,-52,
-1,-12,
2,25,
-34,16,
2,41,
-28,63,
-35,17,
-3,61,
-39,41,
-9,2,
-6,27,
-25,8,
-25,-56,
5,20,
22,16,
20,54,
-19,54,
-60,29,
-5,7,
-61,-12,
-5,-14,
-18,42,
-1,36,
14,32,
30,-10,
74,-54,
15,-62,
31,-12,
17,-10,
-29,2,
55,-4,
11,-5,
-47,-24,
-15,-68,
-56,-35,
-9,-27,
20,-2,
17,33,
47,22,
64,44,
36,98,
-17,65,
-12,0,
-5,18,
-1,55,
-25,14,
-49,34,
-6,35,
13,-1,
51,85,
33,51,
13,29,
9,-50,
-24,-41,
3,30,
27,8,
42,-23,
15,-48,
36,31,
85,-6,
-17,-22,
-16,-19,
16,-29,
-53,7,
37,49,
57,12,
72,-3,
-5,-3,
-54,47,
-37,62,
14,-5,
51,42,
61,22,
4,-2,
4,-13,
-32,-14,
-28,49,
7,35,
-23,24,
-38,68,
41,101,
51,55,
64,-17,
30,4,
-3,2,
31,31,
24,70,
45,21,
48,-15,
10,13,
17,-10,
8,7,
-50,-1,
-30,7,
58,50,
110,43,
87,72,
30,57,
56,79,
5,-15,
3,13,
-17,37,
-9,19,
16,3,
-7,-15,
-21,-40,
34,-2,
61,-20,
13,37,
61,12,
70,-61,
21,-72,
-56,-70,
-55,62,
17,15,
-16,-4,
39,-28,
30,39,
63,30,
1,-28,
-4,-1,
90,-30,
68,-26,
65,8,
-25,-25,
0,-31,
25,27,
64,35,
60,30,
30,1,
35,30,
29,-9,
13,-3,
48,5,
62,56,
70,50,
14,3,
20,6,
30,-20,
-12,-33,
17,-1,
33,30,
38,29,
9,5,
33,-34,
-19,-10,
13,38,
24,42,
-16,28,
12,1,
27,40,
15,48,
79,17,
41,74,
75,-28,
29,-10,
6,-21,
26,21,
29,85,
59,13,
77,-5,
-36,-29,
-26,24,
23,-3,
47,-16,
50,-62,
19,2,
-33,-14,
6,30,
35,16,
13,68,
15,-1,
-20,9,
-1,26,
22,47,
92,49,
126,3,
55,-8,
29,6,
30,11,
1,-24,
-2,18,
-19,36,
31,55,
21,7,
33,26,
7,42,
11,35,
-80,21,
5,22,
26,-27,
29,-30,
-16,-20,
9,-10,
-26,-30,
-16,14,
-3,-50,
21,-15,
65,21,
30,-7,
68,24,
28,-18,
-43,32,
-36,34,
6,-24,
37,-17,
50,-9,
-35,-8,
-64,10,
-48,-3,
-3,-30,
42,-26,
39,-2,
-9,41,
1,2,
36,22,
57,27,
72,-7,
40,-9,
14,-1,
36,-2,
0,-2,
24,-5,
23,-4,
-22,-4,
20,13,
-35,38,
-27,5,
14,-13,
18,-4,
-1,6,
-57,23,
-1,-28,
-48,11,
-31,4,
0,-26,
-17,-47,
-52,69,
-12,11,
5,-11,
1,-30,
42,-18,
-2,-5,
-61,5,
-25,25,
-38,29,
30,-7,
38,-17,
-13,-27,
-25,-6,
-29,38,
-7,-51,
-10,33,
19,44,
50,15,
41,45,
105,63,
-22,59,
17,-14,
-28,-13,
28,-9,
11,-7,
46,-15,
-9,-14,
-32,38,
-51,59,
-27,37,
-49,49,
-9,60,
32,10,
51,34,
18,19,
-11,73,
14,45,
80,25,
47,-12,
75,-18,
29,4,
21,27,
210,64,
1442,894,
4827,4457,
5602,6625,
4559,7105,
1301,3195,
-69,-445,
1150,-792,
3563,1062,
4413,2389,
3032,1938,
971,789,
-128,179,
-369,-97,
-245,-163,
-155,-74,
-117,-39,
-45,-116,
183,-356,
353,-304,
285,-219,
-77,-2,
-274,65,
-281,-154,
-441,-471,
-608,-545,
-635,-547,
-83,-347,
317,-387,
398,-366,
194,-224,
115,-68,
66,31,
72,132,
-79,38,
-140,88,
-167,-24,
-236,-316,
-68,-172,
-18,-67,
-68,-47,
-204,-49,
-302,-92,
-232,-21,
-178,13,
-53,31,
-40,110,
-25,115,
-136,21,
-317,42,
-376,-40,
-115,21,
6,-58,
8,-10,
-51,-2,
-115,-45,
-179,-163,
-139,-200,
-78,-127,
-92,-43,
-47,-17,
-28,-46,
-41,-47,
-69,-121,
-60,-77,
-177,-119,
-117,-213,
67,-98,
184,-140,
139,-234,
-15,-99,
-145,52,
-205,113,
-183,38,
-180,-20,
-226,-19,
-185,-47,
-34,-153,
22,-72,
-45,-25,
-142,-41,
-234,-164,
-79,-157,
15,-23,
8,38,
-72,-25,
-103,-50,
-133,-74,
-93,-84,
-40,-31,
-114,-86,
-75,-69,
-131,-45,
-128,-38,
-92,-60,
-58,1,
-122,-16,
-174,-96,
-162,-71,
-30,-9,
-64,-13,
-146,-89,
-91,-62,
-101,8,
-71,-46,
-69,2,
-122,-41,
-62,-36,
-10,-36,
-61,8,
-80,-41,
-68,-38,
2,-40,
-132,-62,
-90,-43,
25,15,
35,-62,
-35,-126,
-23,-33,
48,-5,
-30,-26,
-106,-108,
-104,-81,
-73,-84,
-4,-116,
-38,-43,
-64,-63,
-93,-49,
-60,-93,
-109,-100,
-57,-107,
14,10,
22,-27,
-67,-56,
-50,-22,
-83,-62,
-96,-110,
-60,-122,
-185,-99,
-125,-105,
-46,-119,
-34,-93,
-59,-39,
-96,21,
-73,35,
-62,37,
-9,-10,
47,-102,
29,-43,
-15,1,
-60,-28,
-25,-66,
-125,-67,
-76,-36,
-77,-39,
-42,-22,
7,-16,
-48,-36,
-55,9,
-62,20,
00>
_________________________________
00>
_________________________________
Sequence Number: 5
00>
00>
Printing STS0 CIR
00>
00>
_________________________________
00>
-26,48,
0,29,
-8,-43,
25,47,
7,-39,
54,22,
103,69,
77,79,
26,102,
-27,26,
-14,-28,
-20,8,
-1,-31,
-43,-30,
-17,-4,
-4,-3,
36,48,
91,58,
76,60,
32,-34,
-18,-40,
10,-44,
-65,85,
-94,-10,
33,37,
89,47,
116,104,
-63,6,
-52,-46,
-75,13,
-64,26,
20,34,
79,-5,
41,-28,
-46,-69,
-83,-6,
-19,72,
6,63,
50,109,
-87,38,
-28,-1,
-59,7,
32,-8,
30,-17,
-9,0,
45,45,
43,20,
28,-90,
-21,-23,
-32,-69,
4,-40,
-74,6,
-17,5,
-51,19,
32,-14,
-32,-3,
33,-30,
1,-44,
-45,22,
-2,-23,
34,-15,
-17,24,
-22,-35,
-20,-16,
-9,-42,
-15,24,
-11,-105,
12,-69,
32,-14,
-15,-3,
79,76,
12,7,
-48,109,
-117,-8,
-69,-68,
-3,-31,
106,56,
61,99,
38,60,
-19,-68,
-30,-9,
-53,33,
-8,-28,
18,-10,
4,35,
59,48,
42,-4,
-7,12,
20,28,
5,-14,
-9,-89,
12,25,
52,46,
119,91,
-48,-49,
-46,-6,
-10,15,
-17,-8,
-32,21,
-122,45,
-69,58,
1,-12,
11,-26,
-20,24,
11,0,
-101,-58,
-22,-29,
-32,6,
21,-1,
5,15,
29,7,
56,2,
63,-34,
39,2,
69,16,
60,78,
39,74,
-64,34,
-52,-23,
-22,40,
28,38,
24,87,
-9,51,
-23,-5,
13,-14,
-41,63,
-24,70,
-30,45,
-35,15,
38,-4,
58,-32,
55,19,
32,59,
-21,85,
45,50,
7,52,
12,38,
-2,13,
-96,13,
-16,14,
-4,113,
-57,0,
-21,-36,
-14,-13,
-61,31,
-36,13,
92,71,
36,19,
-101,47,
-35,88,
-46,11,
21,-7,
-29,-17,
-14,22,
-71,0,
-50,-34,
-25,-4,
-79,4,
-60,46,
19,13,
18,2,
93,115,
-12,-22,
-59,22,
-100,-71,
-83,-50,
7,68,
-9,85,
6,66,
58,22,
-27,57,
-31,33,
42,19,
35,56,
51,47,
-45,82,
-33,-14,
-30,-1,
-27,-12,
20,47,
63,1,
48,-34,
22,48,
19,44,
2,-28,
26,-30,
10,5,
8,29,
-23,-10,
-89,-17,
-73,1,
37,21,
49,-41,
21,-11,
-26,64,
23,94,
77,74,
-30,-31,
-26,8,
-2,-58,
-17,-25,
-10,18,
-18,55,
-73,-30,
-67,-35,
-61,34,
3,139,
36,103,
23,29,
-39,-43,
-75,14,
-47,-8,
-23,-42,
-52,-34,
-62,-49,
69,76,
-9,19,
24,-46,
-26,13,
-103,22,
57,89,
33,56,
-44,9,
-17,2,
69,34,
86,9,
-42,-101,
-39,-18,
52,-8,
28,-2,
8,-24,
3,-16,
-24,74,
13,30,
-39,5,
-40,-46,
-8,-48,
4,35,
27,26,
4,59,
10,45,
19,10,
46,-48,
-44,-47,
-34,-34,
55,-8,
39,26,
-23,-17,
-54,-15,
62,-19,
97,31,
-32,-80,
17,-95,
28,-31,
47,40,
48,38,
34,32,
60,67,
-20,27,
66,-42,
46,-60,
28,25,
105,45,
76,41,
35,33,
48,25,
46,-14,
13,4,
-32,-41,
30,27,
59,46,
39,22,
-46,-21,
-37,53,
-8,84,
39,75,
96,64,
62,108,
-8,17,
-99,22,
-55,58,
73,85,
86,63,
67,78,
39,42,
0,-11,
-20,-47,
46,58,
45,12,
53,-40,
-36,-32,
12,-90,
60,-8,
64,52,
-4,20,
7,-71,
25,-66,
64,-45,
52,5,
31,106,
-9,61,
-49,31,
-29,26,
46,-5,
12,-51,
-3,-16,
70,8,
-35,33,
-16,31,
18,-5,
15,83,
15,11,
51,-58,
60,26,
73,59,
7,29,
-87,9,
5,43,
25,-15,
38,-94,
-42,-42,
-57,-12,
-22,-12,
-43,15,
10,36,
23,58,
-4,-7,
-19,-4,
38,61,
6,92,
-26,36,
30,65,
29,-21,
23,31,
4,-4,
-11,-14,
-17,48,
5,-1,
-62,-27,
-18,-53,
-78,5,
87,108,
72,86,
-10,-55,
-12,-20,
-42,-37,
-3,2,
3,51,
22,78,
42,44,
25,-17,
-27,-47,
-57,43,
19,74,
24,-19,
58,-40,
-70,-45,
-722,160,
-2415,109,
-4163,-328,
-3757,-1080,
-1157,-1198,
657,-349,
404,733,
-876,1307,
-1547,1104,
-1131,755,
-320,432,
195,214,
235,44,
120,-14,
33,-70,
79,-71,
87,79,
183,51,
154,101,
123,79,
-3,-103,
-125,-185,
-4,-164,
78,-125,
219,-31,
222,-45,
244,108,
236,322,
312,427,
217,271,
62,62,
-77,-51,
14,-46,
138,27,
187,-1,
248,-120,
156,-47,
91,52,
-36,159,
-106,190,
-82,138,
-3,22,
43,17,
105,13,
121,-37,
105,-65,
8,-33,
-9,-87,
62,-132,
12,-90,
131,28,
120,70,
60,102,
89,176,
95,118,
71,112,
67,60,
111,-30,
73,-19,
5,-50,
-12,-46,
-7,-52,
62,-27,
30,-54,
-60,-97,
-48,-135,
-23,-142,
-1,-22,
43,46,
50,69,
-7,2,
46,-16,
38,-9,
53,-17,
9,-44,
132,-36,
200,31,
137,9,
61,85,
39,91,
63,-19,
63,-23,
-5,51,
56,13,
0,-39,
-34,-42,
-50,-24,
39,-28,
-5,10,
36,-53,
31,-18,
105,33,
55,-6,
11,-42,
-5,-6,
30,-54,
86,-52,
-21,-71,
54,-3,
143,55,
100,18,
104,36,
18,3,
51,59,
-10,63,
17,84,
73,41,
31,21,
6,0,
53,-31,
71,27,
82,94,
135,-2,
31,0,
22,92,
0,98,
10,48,
65,-31,
97,16,
91,36,
101,30,
47,44,
47,93,
48,-15,
-7,-35,
42,-23,
126,82,
89,2,
61,1,
72,59,
2,-48,
-10,-36,
-27,19,
45,-4,
114,-13,
136,-65,
76,-32,
74,-8,
41,-5,
40,71,
23,55,
6,69,
34,3,
95,-36,
24,72,
38,36,
92,-8,
102,0,
105,31,
89,68,
94,-5,
15,3,
88,-1,
100,64,
88,-4,
00>
_________________________________
00>
00>
Printing STS1 CIR
00>
00>
_________________________________
00>
-14,13,
-17,-20,
65,-12,
31,0,
-4,61,
9,-5,
-2,-39,
-39,-58,
20,-23,
30,-27,
2,-32,
25,23,
59,11,
9,38,
-87,157,
0,58,
84,18,
61,-16,
29,-86,
35,-11,
41,28,
-3,0,
15,52,
-35,45,
-62,-15,
-47,-40,
-53,-34,
-6,-39,
-16,-27,
3,28,
25,-83,
6,-50,
-30,7,
-25,9,
-6,34,
52,19,
22,-20,
12,-28,
-34,18,
-49,45,
-99,0,
-92,-11,
-31,-12,
-18,-53,
-46,-11,
-67,0,
-28,-32,
-14,-18,
27,-81,
11,-5,
-46,2,
-2,-43,
32,-81,
-17,-84,
-11,-7,
33,-5,
102,-17,
49,-51,
60,-35,
16,14,
21,-29,
15,23,
-14,14,
-15,-1,
-29,45,
0,16,
-49,20,
1,-69,
22,0,
-18,83,
44,47,
103,-38,
91,-54,
-20,-29,
-20,50,
8,61,
-22,18,
-55,12,
40,34,
-10,-20,
10,-4,
15,13,
-14,-6,
-58,-22,
-56,1,
-49,-31,
-4,-31,
16,-51,
24,-44,
-6,-28,
3,-10,
3,-47,
-63,10,
-2,5,
15,55,
12,49,
30,-1,
3,-48,
-46,-36,
-41,-48,
15,-3,
52,17,
33,47,
-27,-2,
-22,-58,
-46,-88,
16,20,
22,76,
-38,12,
3,-29,
-34,24,
-13,-4,
25,-26,
11,-28,
-57,10,
20,85,
-11,56,
60,57,
-9,41,
-6,23,
-19,12,
62,-58,
79,-30,
56,46,
-18,42,
-26,23,
2,-24,
-19,-66,
-40,-16,
-50,20,
-25,2,
49,2,
12,-6,
23,73,
34,62,
16,62,
38,-13,
40,-8,
58,-30,
1,19,
-27,127,
-8,54,
-33,-3,
-35,-15,
0,-1,
50,2,
25,-63,
11,-25,
-7,0,
12,-50,
30,-64,
-11,28,
-46,30,
-4,27,
-27,-21,
16,13,
-51,84,
-19,-76,
7,-15,
-19,14,
12,-1,
-37,-24,
-67,38,
38,-45,
71,-22,
48,27,
47,31,
-1,24,
-47,-55,
-10,-27,
72,-20,
56,9,
-11,-4,
-15,2,
27,10,
67,39,
61,35,
70,9,
81,-9,
18,-6,
-34,25,
-12,16,
0,39,
29,-21,
79,-2,
42,-2,
29,-22,
-12,15,
7,-6,
15,-21,
-46,-15,
0,-26,
90,-14,
25,-2,
-44,4,
11,32,
0,35,
26,17,
1,-13,
-44,66,
36,40,
16,47,
-35,-50,
-14,-10,
12,5,
-43,9,
-104,-10,
-20,9,
40,33,
-66,-9,
-36,-27,
-68,-74,
-13,-91,
55,-41,
22,-37,
-19,-55,
104,-116,
112,12,
90,1,
39,-59,
-6,37,
8,67,
57,77,
63,-39,
-24,22,
-74,8,
-47,0,
0,2,
-30,35,
47,23,
-13,53,
34,83,
34,48,
1,-12,
-6,-13,
-2,24,
1,35,
5,-12,
-58,1,
-26,-9,
49,-15,
80,-20,
-74,-13,
-89,-14,
-57,-8,
-3,44,
-30,-29,
-31,-90,
-11,-29,
-15,-6,
-60,-26,
-26,-45,
21,-19,
13,-27,
-19,-25,
8,55,
-43,33,
-70,29,
-44,-67,
10,-58,
-5,26,
64,-8,
110,-58,
89,-31,
68,-18,
22,8,
9,31,
26,29,
-23,-9,
-34,-14,
22,-19,
-1,2,
-72,12,
3,30,
7,26,
-35,-87,
-106,-125,
-88,-48,
-48,20,
-73,-10,
-51,-61,
-55,-64,
-37,11,
-62,58,
2,-33,
8,-18,
6,23,
13,-79,
91,-72,
108,-38,
29,18,
9,72,
0,25,
-6,4,
15,49,
74,88,
80,27,
-54,-39,
-50,-108,
12,-68,
42,-76,
43,-82,
41,-73,
-4,-40,
-1,57,
-45,47,
-9,-60,
-38,-79,
35,-56,
-24,-17,
-23,16,
-29,-33,
96,-10,
130,-40,
69,-33,
-16,49,
-6,30,
36,-73,
20,-13,
-24,4,
-21,20,
-43,-9,
-55,-85,
-42,-108,
13,-68,
4,-42,
18,50,
9,84,
36,58,
36,-71,
33,-53,
71,-51,
65,-51,
-15,-46,
-12,13,
4,9,
16,-39,
10,-48,
-10,9,
42,61,
105,69,
78,-28,
9,-54,
68,-21,
-65,-14,
-70,1,
-46,33,
2,6,
37,40,
-31,63,
-119,75,
-18,-14,
59,-92,
51,-42,
69,6,
-6,-26,
-173,30,
-979,105,
-2778,73,
-4539,-418,
-4041,-1056,
-1311,-1072,
862,-446,
1125,24,
459,-250,
283,-748,
507,-841,
497,-429,
265,6,
74,121,
26,-43,
87,-135,
76,-86,
-22,-91,
22,-215,
44,-249,
50,-166,
-84,-79,
-162,-75,
21,49,
160,61,
180,131,
96,143,
78,44,
91,16,
32,-91,
-54,-110,
-93,-15,
6,40,
63,17,
103,33,
194,7,
254,-4,
227,-48,
136,9,
33,88,
-106,130,
-28,90,
85,83,
135,79,
116,111,
88,64,
-32,-11,
-31,-26,
-65,-18,
-122,-21,
-165,-27,
-100,-45,
1,7,
90,18,
25,43,
26,83,
138,4,
81,-49,
82,-37,
79,31,
57,19,
116,-7,
125,-96,
29,-71,
17,-82,
-8,-67,
55,-50,
87,-5,
57,-14,
-45,19,
-68,59,
-48,53,
-43,-38,
-53,-28,
-7,-24,
113,45,
193,104,
121,143,
68,108,
-41,56,
-62,87,
-5,61,
9,-1,
30,-32,
94,-84,
69,-30,
34,8,
48,6,
121,56,
60,99,
9,69,
24,71,
94,-12,
75,-23,
-5,-28,
-35,-42,
8,31,
11,116,
-32,47,
-4,77,
32,-8,
71,28,
22,10,
-13,-9,
-29,52,
-9,20,
78,-1,
37,-19,
-32,46,
-31,27,
24,47,
11,17,
-28,-4,
7,46,
97,12,
59,-17,
34,-43,
-6,10,
19,26,
30,25,
50,16,
76,38,
91,16,
21,51,
19,37,
0,-5,
8,-41,
-4,3,
71,12,
67,-15,
44,-16,
10,35,
49,-24,
3,-46,
64,-101,
71,-69,
54,14,
63,-49,
38,-57,
53,50,
-21,101,
27,26,
12,-24,
67,-22,
-14,61,
14,27,
50,15,
9,36,
119,63,
44,81,
-38,11,
-38,17,
26,42,
65,-26,
18,18,
30,41,
00>
_________________________________
00>
RX Timestamp: 1023636014645
00>
Clock Offset: 1707.172 Hz, -0.214 ppm
00>
RX Timestamp: 1024710574385
00>
Clock Offset: 2536.583 Hz, -0.318 ppm
00>
_________________________________
Sequence Number: 137
00>
00>
Printing STS0 CIR
00>
00>
_________________________________
00>
21,-71,
39,12,
11,-15,
-21,-23,
31,17,
19,41,
62,41,
-20,20,
-6,-42,
52,-40,
-2,44,
-3,115,
-80,67,
-57,25,
77,40,
99,-37,
49,-53,
-13,12,
-21,-69,
42,-23,
2,-43,
-33,0,
32,68,
9,57,
21,3,
-8,-15,
-25,-53,
-12,-59,
2,59,
32,29,
0,79,
-66,6,
-78,7,
54,6,
37,52,
66,64,
-2,39,
10,-38,
-28,-26,
14,31,
78,51,
4,3,
-53,8,
-19,19,
2,-45,
15,12,
35,-20,
27,17,
-1,6,
-19,3,
40,15,
67,28,
46,-3,
16,-7,
35,8,
55,11,
44,-2,
8,22,
23,-21,
58,4,
95,-15,
39,82,
18,10,
17,89,
5,67,
-34,2,
-39,-81,
-42,-24,
7,28,
83,28,
24,-21,
-19,81,
-49,53,
-24,31,
19,2,
114,65,
-23,14,
-36,24,
-21,-7,
-20,39,
21,19,
-26,-32,
22,-33,
47,-65,
-11,50,
-24,-11,
-45,-23,
-9,6,
49,-31,
21,-27,
-67,-17,
-9,71,
16,77,
47,33,
72,35,
-11,27,
-13,-51,
-46,-23,
28,-30,
25,61,
49,66,
60,7,
14,-13,
33,8,
38,-21,
88,15,
40,95,
76,-36,
15,21,
14,39,
-43,34,
-30,38,
27,47,
89,0,
-6,57,
-70,37,
-81,67,
38,64,
89,105,
22,-46,
25,9,
-62,77,
18,-11,
39,-22,
23,-28,
13,50,
-12,14,
26,61,
12,58,
75,83,
15,43,
-12,8,
-1,-15,
31,42,
73,60,
-10,-15,
-53,-34,
-16,0,
64,-39,
66,-29,
23,-8,
-80,77,
1,27,
40,56,
88,90,
60,62,
-45,33,
35,-20,
-6,-19,
51,10,
33,4,
23,42,
12,32,
6,50,
-1,72,
-90,2,
-42,13,
-11,2,
77,86,
70,78,
-35,30,
-4,-13,
12,60,
7,54,
-23,3,
28,57,
46,65,
31,58,
81,8,
82,-32,
29,-6,
-45,-49,
-80,24,
16,-23,
71,-58,
75,-43,
64,38,
54,-10,
-9,-39,
-47,12,
-30,24,
-33,74,
-32,28,
-54,85,
59,-6,
16,-70,
-32,-82,
-1,-29,
0,-26,
-34,-5,
-67,18,
-12,42,
-4,-45,
51,-74,
29,15,
20,54,
-3,115,
-2,31,
-42,-60,
-19,-50,
-1,-29,
25,9,
-41,55,
55,28,
54,81,
4,32,
-88,-1,
56,0,
115,31,
-4,-12,
25,24,
21,63,
51,20,
6,28,
12,-31,
27,-72,
11,-41,
60,-11,
54,1,
-26,45,
19,74,
15,13,
-9,27,
0,36,
3,30,
-7,3,
-19,15,
22,-71,
-63,14,
-17,-9,
-45,7,
21,-7,
61,-28,
-19,50,
-85,137,
-78,39,
-106,-18,
-26,38,
50,34,
57,-67,
-34,-59,
-15,-71,
-29,-1,
-41,24,
-19,3,
30,-25,
-1,-2,
36,65,
-29,97,
-19,24,
-19,1,
-54,-4,
-4,-18,
-36,57,
54,106,
1,67,
-19,34,
-22,-36,
44,28,
64,10,
38,9,
39,-1,
32,-14,
49,-4,
-17,-66,
4,-69,
-45,48,
37,33,
31,-33,
17,22,
-18,46,
-94,38,
-55,41,
16,68,
27,-7,
40,15,
12,0,
-26,43,
-23,2,
-14,-17,
61,37,
56,-63,
-18,1,
-42,71,
7,8,
-9,-62,
-25,-34,
61,70,
70,63,
-11,32,
30,44,
-24,7,
-59,4,
-26,1,
13,28,
0,84,
11,53,
-64,-46,
28,-42,
25,-38,
16,11,
9,9,
29,-63,
5,-28,
-10,47,
-78,-29,
-71,22,
-32,22,
40,52,
41,11,
34,-33,
-14,20,
-17,5,
55,47,
93,41,
55,35,
32,42,
31,29,
56,17,
51,-3,
32,44,
21,54,
4,72,
100,37,
85,44,
8,23,
6,17,
-24,35,
-8,68,
3,8,
23,-30,
57,-72,
-46,-5,
0,-32,
-47,64,
48,35,
91,-23,
-90,-65,
-39,-39,
60,-15,
53,11,
5,-1,
32,-25,
-4,58,
24,92,
-26,29,
-53,-23,
26,-46,
44,-63,
-14,-44,
-46,-51,
62,-28,
-7,-69,
-57,-99,
-24,-43,
35,-47,
46,-19,
-63,-42,
-27,-31,
679,281,
3129,1427,
5868,3341,
5630,4655,
2055,3697,
-1339,766,
-885,-1019,
1874,-904,
3798,-342,
3188,-185,
1453,-352,
169,-454,
-247,-279,
-221,-78,
-130,26,
-176,-6,
-242,-64,
-212,-181,
-98,-268,
-7,-210,
-59,134,
-76,318,
-68,224,
-94,-22,
-166,-179,
-209,-189,
-232,-279,
-294,-537,
-186,-714,
-60,-547,
91,-161,
129,155,
62,195,
-80,71,
-172,31,
-173,82,
-144,56,
-110,-100,
55,-151,
208,-187,
212,-212,
99,-179,
-127,-89,
-131,-103,
-149,-155,
-132,-37,
-143,-17,
-86,18,
-143,68,
-149,180,
-63,145,
-44,4,
14,-57,
54,-101,
1,-114,
87,-85,
-79,-8,
-162,26,
-97,22,
2,160,
-48,86,
-36,16,
-66,1,
-8,25,
13,13,
-11,98,
-105,115,
-126,-50,
-31,-226,
-18,-128,
-121,-59,
-62,46,
-78,80,
-33,62,
-174,39,
-217,-42,
-166,-86,
-53,-204,
-9,-189,
6,-52,
-164,-22,
-338,-34,
-207,-5,
-94,51,
-4,121,
-5,86,
23,35,
-58,2,
-92,43,
-112,29,
-93,33,
-54,-20,
-78,18,
-102,17,
-109,-4,
-38,44,
-64,-36,
-106,5,
-125,17,
-27,44,
-21,-28,
-29,-55,
-35,0,
-45,66,
-50,25,
-69,-12,
-175,-14,
-84,38,
-88,70,
-80,71,
-67,22,
-118,19,
-124,2,
-74,-47,
-55,-51,
65,-139,
-6,-112,
60,-35,
-34,-14,
-5,-35,
-59,-11,
-92,-68,
-22,-90,
-30,-1,
-55,-15,
-7,-29,
-71,-68,
-61,-104,
-60,0,
-53,-35,
-85,-86,
-9,-107,
-94,-65,
-150,-35,
-143,28,
-154,39,
-77,23,
-53,-8,
-83,-57,
-65,8,
-55,-64,
-48,-15,
-81,-76,
-39,-4,
79,41,
85,44,
-18,-68,
-3,-39,
-46,-32,
-37,21,
-49,-22,
-27,-26,
-94,-69,
00>
_________________________________
00>
00>
Printing STS1 CIR
00>
00>
_________________________________
00>
15,-34,
7,-11,
38,-13,
-37,-38,
-9,-15,
36,48,
57,32,
-39,44,
-30,40,
-7,10,
26,-11,
2,2,
-30,43,
-38,79,
-33,65,
-57,28,
-74,-5,
3,-45,
40,2,
8,35,
-21,-3,
29,-1,
22,35,
4,24,
-18,-38,
-55,-30,
-36,-19,
-67,-7,
-38,-28,
-83,-48,
7,1,
82,-25,
42,58,
3,25,
-11,-4,
4,-10,
43,26,
-31,-13,
-53,18,
5,-27,
29,86,
-6,55,
-38,6,
-42,55,
-44,71,
-56,-25,
-61,-52,
-28,-39,
-1,3,
-19,17,
8,-8,
16,-20,
8,-4,
-59,8,
-41,31,
-31,25,
-14,-55,
-29,-53,
-9,-43,
-5,33,
-88,70,
-26,76,
-24,37,
7,-45,
-24,-69,
13,-5,
-5,18,
50,-24,
16,-53,
34,-39,
0,46,
-60,2,
-88,-36,
3,-33,
25,13,
-11,-9,
13,-16,
41,7,
-59,16,
-64,52,
23,45,
58,14,
52,39,
74,27,
-38,60,
6,4,
2,-25,
-43,-6,
-57,5,
-70,-2,
-57,73,
-50,64,
-37,35,
-16,-6,
18,35,
-25,39,
7,-33,
14,-37,
-68,-32,
-45,-9,
-49,-8,
-22,-35,
-35,46,
-20,67,
-56,19,
-41,-71,
28,1,
49,67,
7,93,
-92,59,
-75,3,
52,-28,
63,-13,
46,-37,
24,-29,
43,19,
7,52,
-21,-5,
33,69,
17,39,
-19,46,
3,24,
-21,-23,
-7,8,
-31,24,
4,-1,
86,41,
49,7,
7,4,
5,-38,
-29,59,
-32,21,
-53,-29,
-30,-11,
47,16,
23,37,
-20,67,
-40,28,
-30,31,
2,68,
-30,10,
12,-16,
-2,6,
15,-33,
-2,-14,
-25,8,
19,6,
-2,-69,
-27,12,
-15,-42,
-30,-21,
-14,26,
4,38,
48,49,
35,6,
37,-14,
32,39,
8,2,
-13,11,
-10,18,
7,52,
-28,21,
-59,58,
17,6,
42,3,
29,-25,
31,-1,
40,-1,
37,57,
-26,81,
-48,29,
-48,-3,
-61,8,
8,23,
-15,18,
-31,73,
-13,78,
4,61,
-13,50,
-13,-30,
50,-22,
26,-54,
39,-67,
7,-12,
-44,-3,
37,5,
23,47,
48,-30,
3,7,
-16,-49,
-25,22,
30,-2,
1,9,
14,-19,
-46,-25,
-39,-7,
-3,16,
-38,-1,
-22,4,
16,21,
46,35,
3,-16,
2,-50,
-30,47,
-25,38,
-19,-29,
-37,1,
30,17,
35,53,
15,21,
-5,-15,
-13,2,
-4,50,
-13,1,
57,29,
51,16,
84,34,
-8,62,
15,61,
-9,41,
-60,36,
-94,35,
-84,18,
9,16,
31,-10,
2,-7,
-16,2,
-55,31,
-51,-15,
-28,35,
11,48,
5,78,
-15,129,
-60,157,
8,89,
-53,15,
4,61,
19,113,
11,14,
-23,66,
3,-17,
-8,9,
-48,26,
9,12,
37,61,
2,-13,
30,-22,
-33,-7,
-8,29,
-15,-23,
-21,11,
15,55,
-6,49,
31,5,
11,-66,
-17,-31,
0,53,
26,28,
13,43,
23,14,
2,-2,
33,47,
-28,-9,
-37,13,
38,1,
74,21,
47,61,
50,38,
16,-16,
-34,5,
14,29,
91,10,
29,-7,
-6,9,
66,-27,
72,-27,
-30,64,
-99,104,
-40,62,
-61,65,
-51,48,
-12,7,
-22,-17,
3,2,
23,48,
28,75,
41,33,
46,61,
-16,32,
13,14,
8,-20,
61,18,
49,-37,
38,6,
30,-20,
6,41,
39,37,
75,-6,
57,-43,
-19,11,
-24,62,
30,27,
33,5,
-18,-6,
-22,-25,
-52,37,
36,44,
-21,-13,
-15,-14,
-46,52,
65,35,
140,-25,
184,-13,
33,-28,
-44,73,
7,116,
44,62,
-8,-11,
4,-45,
-38,19,
35,15,
40,-32,
29,-3,
42,40,
33,-12,
30,-66,
49,24,
7,6,
-47,-20,
-33,-41,
50,-27,
52,77,
-2,50,
11,14,
-27,53,
-6,22,
0,2,
39,29,
24,-62,
49,-38,
17,-12,
-22,69,
15,103,
-20,102,
64,-16,
-29,-39,
-38,9,
-75,-10,
61,16,
-2,28,
-31,25,
15,82,
-9,64,
18,-72,
17,-23,
-23,28,
-45,100,
13,47,
96,32,
758,227,
2947,1475,
5556,3685,
5710,5135,
2745,4238,
-820,1039,
-1738,-857,
-978,-440,
-836,703,
-1205,994,
-1144,433,
-541,-138,
-120,-294,
-100,-231,
-176,-163,
-148,6,
-110,84,
-197,210,
-365,365,
-344,363,
-34,290,
252,77,
261,-96,
104,-249,
-67,-275,
-136,-200,
-144,-154,
-86,-168,
-114,-47,
-67,74,
47,10,
31,-3,
-56,-42,
-172,-25,
-208,-58,
-124,-37,
-163,-131,
-108,-125,
42,-204,
130,-194,
31,-130,
-82,-158,
-56,-179,
-20,-184,
-77,-135,
-120,-31,
-108,31,
-5,50,
133,78,
224,151,
78,201,
-65,105,
-128,4,
-153,-28,
-39,-50,
-37,-101,
-26,-92,
-15,-32,
-54,-89,
-102,-57,
-158,-76,
-174,-57,
-151,-23,
-87,-1,
-74,72,
-48,89,
-36,35,
32,-20,
78,-151,
74,-150,
54,-86,
-45,-59,
-113,-12,
-43,25,
-84,49,
-139,-94,
-161,-154,
-91,-132,
63,-109,
127,7,
37,4,
-1,-59,
-40,-98,
-11,-77,
6,-89,
-32,-30,
-122,-20,
-108,-20,
-64,-2,
46,-51,
39,-120,
-17,-51,
-10,1,
-13,4,
27,-56,
-4,-59,
-32,-33,
-15,-33,
16,-71,
-7,-41,
-14,-50,
17,-61,
13,-69,
29,-14,
-21,16,
-40,-22,
-36,-18,
12,-59,
36,-20,
69,-56,
-32,-80,
-6,-38,
-31,-43,
-36,0,
-28,-28,
0,-46,
11,-79,
35,-34,
70,-67,
-42,-85,
27,-136,
94,-74,
31,-42,
13,-54,
-43,-42,
-72,-95,
-28,-85,
-20,-57,
-40,-52,
-49,-61,
-8,-70,
5,-89,
-28,-120,
-52,-100,
12,-46,
65,-36,
-15,-60,
-63,-35,
-48,-8,
-16,-33,
37,12,
-10,-2,
57,-11,
11,-57,
10,-39,
56,-51,
64,-45,
49,-65,
1,-5,
-71,14,
-21,-89,
-34,-60,
-77,-8,
00>
_________________________________
00>
_________________________________
Sequence Number: 140
00>
00>
Printing STS0 CIR
00>
00>
_________________________________
00>
16,46,
-18,2,
-34,-11,
-2,14,
44,37,
25,-39,
11,-10,
-18,-1,
-50,-1,
-48,45,
-8,64,
-18,78,
-24,5,
5,-35,
7,-73,
-3,-60,
6,22,
11,46,
25,2,
2,-6,
35,-5,
-4,-26,
-3,-56,
-46,42,
-9,15,
23,42,
4,9,
19,-18,
-14,-9,
57,20,
25,13,
14,-27,
-29,17,
-6,-19,
27,-30,
35,-11,
-21,96,
21,51,
16,-7,
85,-57,
70,-29,
29,-58,
20,-101,
-14,-56,
-18,-21,
-1,-49,
62,-64,
-8,-13,
55,22,
66,19,
15,67,
13,35,
-44,73,
-64,167,
-27,67,
58,-2,
5,-51,
-54,-29,
-34,1,
-16,9,
13,-45,
40,-13,
28,-35,
32,15,
-11,53,
-39,28,
31,14,
45,-25,
5,-45,
-39,56,
23,17,
11,56,
46,-41,
35,-32,
-24,-42,
9,-15,
63,-75,
75,-45,
128,-41,
22,-1,
10,-3,
47,17,
16,39,
48,37,
-9,59,
-36,52,
43,68,
-17,81,
-56,79,
-56,41,
-38,-27,
34,-85,
54,-43,
26,35,
7,-18,
-48,34,
9,31,
0,56,
-78,10,
-66,-29,
-42,-24,
10,58,
-8,33,
-22,40,
-122,64,
-33,40,
-45,20,
-27,-8,
-22,34,
40,32,
-5,9,
-36,-39,
33,0,
19,38,
27,-17,
-39,-8,
4,112,
-29,75,
31,85,
-36,-24,
-61,-6,
-4,-45,
6,-40,
56,-98,
57,-83,
25,-4,
-13,-29,
30,-12,
-24,2,
3,-48,
-22,7,
41,-18,
6,40,
-6,30,
-2,-13,
67,-17,
13,39,
8,-53,
25,-33,
-22,8,
-15,21,
3,22,
-24,-11,
17,17,
-14,-36,
50,-2,
47,-60,
24,6,
-11,-14,
-28,94,
-62,50,
21,105,
41,27,
72,-44,
4,-91,
18,-107,
42,-64,
63,-33,
5,-37,
-13,35,
-2,28,
-53,-26,
-3,-33,
23,2,
32,71,
-35,108,
-24,70,
-11,-16,
2,-17,
18,-12,
36,-40,
-6,-36,
37,-108,
-32,-28,
-23,54,
-1,11,
64,59,
40,1,
8,-4,
-48,-38,
49,-19,
-23,51,
-48,25,
2,-31,
5,-14,
-55,-72,
-56,-23,
33,-46,
40,15,
30,-104,
-5,-24,
-43,-21,
-22,24,
29,50,
45,39,
-18,15,
58,46,
39,-4,
24,68,
-80,-35,
-6,14,
-12,14,
-31,-7,
-58,-16,
-5,45,
8,6,
-21,1,
4,-9,
-12,-39,
18,-4,
23,-41,
12,19,
10,-11,
23,8,
47,-25,
15,-128,
5,-25,
-34,19,
67,47,
66,73,
-35,56,
-8,18,
1,-26,
-8,-31,
-19,15,
31,-2,
69,32,
4,38,
33,17,
-67,17,
-29,23,
-108,24,
-79,-35,
-24,-54,
-52,5,
-29,-8,
-44,-16,
10,-12,
19,-13,
-44,13,
-46,-31,
24,8,
-8,11,
77,3,
64,30,
-55,57,
10,-2,
100,-60,
67,-66,
33,8,
-24,32,
24,-2,
19,17,
23,3,
-9,-79,
-11,-44,
-23,-47,
10,-12,
-14,12,
-60,36,
40,66,
40,-74,
1,17,
12,11,
-7,46,
30,19,
18,8,
-35,47,
-45,137,
12,74,
-5,34,
-27,71,
28,56,
71,-21,
7,-4,
-13,15,
30,5,
44,-29,
16,-9,
-22,31,
-15,22,
-20,42,
-71,52,
-40,80,
-42,8,
-81,11,
79,57,
19,29,
10,15,
-17,-36,
-30,15,
12,-43,
42,6,
-14,14,
-12,70,
-56,31,
31,70,
-11,7,
-48,16,
-24,50,
1,20,
67,18,
56,-3,
22,-31,
-18,2,
-24,15,
-38,11,
-2,-10,
27,5,
-25,-15,
16,-39,
40,38,
30,6,
-29,67,
-70,82,
-27,39,
6,25,
-8,-13,
-33,-58,
-2,27,
12,-18,
30,25,
-20,-45,
-4,-18,
-46,81,
36,43,
41,-7,
42,-18,
-28,-44,
-79,-5,
-49,10,
43,1,
51,-34,
73,15,
67,-8,
12,-54,
18,14,
9,70,
-7,8,
50,-19,
15,28,
16,44,
28,37,
-35,30,
22,54,
-21,32,
-12,-10,
-30,-26,
-7,-23,
-20,13,
-20,52,
-35,-13,
-22,-52,
32,-34,
-90,2,
-929,-106,
-4712,-1185,
-7769,-2810,
-7497,-3978,
-3081,-3260,
3273,405,
5427,2363,
5363,2774,
6410,3542,
6710,4344,
5084,4117,
1414,1587,
-221,-111,
-327,-405,
-108,-150,
-12,-124,
-28,-208,
38,-330,
114,-284,
79,-227,
-254,-373,
-396,-208,
-371,-29,
-348,99,
-214,154,
-39,72,
121,-288,
-24,-603,
-151,-716,
-206,-672,
-166,-281,
-93,148,
-58,193,
-155,61,
-31,-102,
9,-128,
-111,-303,
283,-287,
385,-69,
353,292,
-8,430,
-194,327,
-218,214,
-211,112,
-108,83,
-199,-86,
-158,-205,
-76,-260,
-69,-213,
-164,-184,
-87,-93,
-67,-85,
-252,-382,
-113,-209,
-35,-96,
142,62,
135,103,
29,73,
-47,41,
4,6,
30,36,
84,-27,
32,-37,
125,95,
119,152,
9,149,
-34,113,
-75,81,
-180,1,
-131,11,
34,26,
73,17,
49,-60,
-30,-61,
-84,-51,
117,-33,
164,-33,
107,58,
-28,34,
-25,26,
52,55,
100,285,
-51,228,
-41,102,
3,-43,
32,-97,
17,-75,
20,-2,
67,-9,
69,-46,
56,-64,
32,-38,
-46,59,
-43,36,
11,-9,
26,23,
39,-28,
32,5,
-11,-38,
0,7,
17,74,
-42,-58,
-35,-31,
-85,29,
-91,50,
-16,43,
26,2,
-59,17,
-101,19,
-53,-13,
-73,-47,
-16,-48,
17,-18,
-27,-25,
2,29,
-2,28,
-27,-45,
-71,-75,
-154,-61,
-110,-59,
-5,-71,
40,-111,
-68,-65,
-93,-41,
-61,6,
-2,-33,
36,-29,
56,-47,
10,10,
89,-28,
71,-42,
14,-12,
10,-16,
-74,59,
-33,10,
-65,-9,
-39,-9,
38,23,
6,41,
-40,88,
-36,30,
-42,-13,
22,-63,
-4,-58,
-28,-8,
-14,-50,
-48,-7,
-61,51,
-86,68,
-69,-34,
21,-31,
58,39,
44,27,
32,13,
34,-26,
-40,18,
7,46,
00>
_________________________________
00>
00>
Printing STS1 CIR
00>
00>
_________________________________
00>
14,-11,
7,24,
-5,-28,
-4,-11,
61,16,
-23,14,
-22,35,
-2,35,
16,4,
-3,-15,
-22,-56,
-8,14,
62,60,
1,-39,
45,-8,
10,28,
-10,45,
-24,66,
-19,39,
52,10,
30,0,
-7,14,
-30,38,
0,41,
46,-14,
12,-31,
-38,-26,
64,1,
17,93,
15,84,
-18,36,
-3,-10,
-3,-32,
-30,-42,
9,22,
26,-18,
4,89,
17,42,
-2,80,
-29,37,
14,-39,
75,-4,
99,50,
-23,84,
22,74,
6,-4,
12,-43,
-1,-26,
1,-22,
-27,12,
-2,0,
4,-2,
25,6,
59,-43,
65,-66,
-30,-35,
-35,-1,
62,-59,
28,-2,
-43,51,
1,-4,
-6,46,
-3,47,
25,37,
18,-3,
40,28,
13,42,
18,29,
-58,28,
-7,26,
7,23,
-21,-1,
-34,-2,
-8,27,
26,0,
5,23,
-52,-14,
-63,12,
-15,-7,
41,45,
16,-20,
-23,5,
3,2,
34,53,
3,63,
-25,42,
-39,91,
-80,34,
-19,33,
52,11,
78,66,
22,46,
10,67,
23,47,
-6,37,
-20,54,
-22,-41,
-8,-5,
24,47,
25,-4,
12,-39,
3,-91,
46,-85,
70,-100,
21,-23,
54,2,
28,-49,
42,0,
-63,-42,
-48,-36,
-42,-27,
14,8,
16,11,
11,28,
19,36,
5,1,
-4,47,
10,20,
-33,59,
-44,-2,
-27,-11,
-37,24,
34,63,
34,14,
26,-24,
11,33,
33,16,
-24,22,
35,16,
16,-4,
4,-11,
11,31,
22,-35,
38,-111,
32,-110,
62,-50,
51,33,
-15,-18,
40,-31,
0,-91,
-18,-76,
2,9,
33,61,
7,-2,
-53,-13,
18,-3,
-17,-18,
-37,-1,
6,-7,
9,-10,
-30,5,
-21,17,
0,26,
30,-14,
11,1,
-19,30,
-2,88,
0,24,
42,38,
55,-15,
37,12,
25,1,
9,-1,
62,31,
36,35,
20,35,
-14,-15,
-23,-15,
-30,-39,
-59,-10,
4,-32,
0,-33,
25,38,
56,55,
77,30,
38,-9,
27,-3,
5,22,
42,-17,
2,-17,
-1,38,
-27,18,
-18,30,
-16,12,
62,-12,
16,-51,
40,-22,
53,2,
25,4,
-3,42,
35,49,
13,-24,
-19,-24,
-23,-56,
19,-28,
27,25,
-17,78,
-9,-31,
27,-59,
26,-28,
41,-25,
3,1,
35,40,
61,-35,
128,58,
54,-11,
10,4,
-46,80,
-35,50,
4,-29,
8,-5,
0,47,
-11,25,
13,0,
54,-14,
15,36,
62,44,
14,-7,
-12,3,
-25,51,
-57,13,
-9,-5,
-39,-35,
5,14,
-40,45,
-32,-28,
-25,-52,
31,-20,
-10,50,
12,8,
28,24,
27,-42,
-11,-11,
27,-64,
-19,-6,
-71,-38,
-1,2,
3,41,
-57,38,
-25,-4,
-19,1,
70,-16,
-4,53,
1,17,
12,4,
28,18,
19,33,
2,60,
44,10,
-16,-5,
5,0,
-1,18,
-12,18,
-25,72,
5,43,
50,-10,
29,3,
-19,-3,
-19,-25,
45,15,
30,74,
-46,14,
15,-16,
20,3,
5,68,
1,26,
-27,-42,
-53,-43,
-46,27,
-19,-58,
-22,-22,
-20,27,
52,62,
-8,96,
-64,2,
-26,22,
10,13,
36,-61,
29,-75,
-12,-70,
-53,55,
23,35,
15,-69,
-4,-57,
9,-36,
27,-29,
94,-3,
25,18,
36,-17,
33,-55,
-14,-3,
-33,26,
3,70,
23,-13,
-6,-29,
77,45,
-15,50,
2,17,
15,-36,
71,13,
-29,-8,
-58,9,
42,-10,
63,41,
24,-23,
-32,-31,
-11,8,
36,68,
-42,67,
7,45,
-11,34,
27,52,
-37,-11,
-5,-13,
-24,69,
-51,126,
-42,73,
-60,46,
1,33,
5,8,
20,36,
16,61,
26,-7,
22,-14,
32,-17,
-15,-4,
-26,-42,
-26,-68,
-6,-42,
21,-14,
-7,-20,
-6,33,
27,36,
-22,7,
-63,43,
-73,45,
13,34,
15,-14,
45,-12,
39,35,
-12,-10,
9,-16,
52,-72,
46,-58,
4,14,
-1,33,
-15,-73,
15,-82,
-22,-30,
44,-22,
42,-31,
65,-45,
-15,5,
-4,20,
-113,78,
-999,131,
-4649,-556,
-7616,-2512,
-7631,-3875,
-5430,-3889,
-321,-694,
50,1195,
-2818,1426,
-5374,551,
-4817,-88,
-2310,-180,
-316,-216,
555,-154,
638,5,
329,74,
117,19,
148,31,
157,205,
-99,462,
-169,443,
-30,222,
252,-99,
326,-66,
511,169,
668,265,
863,156,
633,234,
124,532,
-146,629,
-140,495,
-14,261,
-66,88,
-151,13,
1,-71,
147,-47,
125,-70,
220,45,
152,93,
70,182,
137,87,
191,-75,
302,-156,
278,-109,
196,-3,
100,-3,
29,-96,
21,-174,
99,-178,
198,-185,
416,-184,
105,-66,
-30,55,
1,83,
12,-16,
67,-99,
113,-17,
102,56,
115,20,
105,-41,
118,-31,
165,-35,
134,1,
136,52,
93,73,
158,53,
279,61,
116,-7,
3,95,
-29,205,
54,119,
54,-19,
54,-135,
41,-152,
77,-176,
247,-84,
283,-80,
247,-28,
133,142,
79,204,
141,68,
211,36,
191,223,
-15,141,
-10,54,
52,28,
155,8,
178,-48,
162,-11,
53,-53,
61,31,
73,24,
94,53,
118,51,
107,36,
132,-8,
137,-73,
181,-33,
286,31,
134,-16,
80,-34,
159,56,
152,-23,
128,-22,
193,-41,
100,-67,
110,-81,
93,-13,
121,35,
110,51,
146,-3,
128,-13,
131,-3,
160,26,
127,57,
48,79,
36,3,
143,47,
92,55,
-2,49,
15,28,
85,49,
163,87,
185,26,
96,83,
40,66,
121,32,
79,6,
75,27,
151,19,
126,26,
48,29,
52,25,
82,12,
118,82,
131,70,
211,72,
143,19,
166,25,
161,65,
102,100,
60,115,
45,45,
111,11,
71,-3,
42,38,
82,-2,
63,-15,
4,53,
57,55,
139,87,
133,-32,
110,-29,
123,-14,
117,7,
64,28,
62,-37,
117,28,
00>
_________________________________
00>
RX Timestamp: 64579786662
00>
Clock Offset: 1930.332 Hz, -0.242 ppm
00>
RX Timestamp: 65654758587
00>
Clock Offset: 1071.167 Hz, -0.134 ppm
00>
_________________________________
Sequence Number: 17
00>
00>
Printing STS0 CIR
00>
00>
_________________________________
00>
-24,-56,
4,0,
-10,69,
14,47,
1,-8,
-30,3,
-17,56,
-43,20,
-7,0,
-40,43,
15,14,
-5,-90,
-9,-2,
22,31,
7,22,
0,-29,
40,-4,
36,-14,
-28,-53,
-3,-9,
72,-8,
33,-15,
-6,-19,
4,-20,
-39,51,
-57,4,
-78,-86,
-6,-34,
-8,-1,
-20,57,
28,-5,
-17,-36,
-9,6,
-45,11,
2,-12,
-27,-17,
43,24,
-6,53,
6,-57,
69,16,
41,49,
52,15,
61,-52,
44,-34,
-40,-6,
6,-33,
-27,-96,
48,-41,
30,0,
-9,33,
-8,40,
-13,0,
10,23,
-7,10,
-4,37,
17,-35,
-12,-33,
29,-43,
81,-22,
-3,-4,
43,-21,
46,-13,
-14,17,
-35,-69,
5,-33,
26,-25,
-37,-23,
24,20,
27,23,
62,23,
45,-43,
53,6,
49,-23,
25,-55,
28,-53,
-11,11,
-2,25,
73,2,
-9,2,
-7,36,
53,-4,
-10,7,
-43,1,
-25,75,
38,16,
17,39,
11,1,
-43,30,
-73,-14,
-10,-11,
4,26,
16,27,
22,51,
-37,39,
-20,-4,
-11,25,
13,49,
0,2,
11,-20,
-10,34,
-43,12,
-37,44,
-46,16,
20,4,
94,-9,
14,42,
-44,81,
-20,-1,
53,43,
8,17,
-32,48,
-45,-14,
6,28,
4,6,
-1,-17,
8,-31,
-19,-15,
-8,-9,
-32,64,
11,86,
40,17,
-49,-46,
-3,-41,
4,-40,
90,54,
40,42,
-37,-5,
-19,-35,
-65,5,
-9,67,
6,34,
27,21,
-28,-11,
-23,-6,
-39,18,
2,-5,
55,-13,
20,-14,
-33,-45,
-51,-20,
-35,2,
9,30,
54,-4,
3,22,
-4,-9,
2,13,
-25,30,
40,82,
3,73,
-28,7,
46,53,
25,-18,
23,17,
-93,19,
-33,-17,
32,9,
88,-40,
95,7,
89,2,
17,17,
-8,-39,
-8,-28,
37,26,
40,44,
37,31,
56,-22,
62,-61,
31,2,
34,59,
-17,62,
29,69,
66,97,
87,1,
3,9,
34,46,
-4,-16,
27,1,
26,41,
-13,63,
-21,-15,
-24,17,
4,22,
-21,65,
-26,10,
-75,-34,
7,-5,
42,0,
-45,-16,
-42,-29,
-29,75,
-20,61,
48,48,
42,11,
17,6,
-14,37,
10,41,
3,-17,
57,16,
48,33,
39,42,
-5,79,
9,-96,
22,8,
39,15,
70,16,
21,41,
47,-8,
39,-45,
-17,1,
51,13,
60,19,
-22,28,
-63,65,
11,40,
37,60,
54,2,
53,18,
59,33,
2,41,
-67,-23,
19,-14,
71,-39,
18,-31,
27,-91,
-58,-48,
-27,-13,
19,-16,
-5,-6,
18,6,
40,-6,
99,-10,
117,-30,
117,-37,
93,-18,
55,-19,
53,-26,
76,-106,
29,-128,
60,-22,
-35,21,
15,-26,
3,-7,
-5,40,
41,38,
12,-12,
-21,-4,
-25,18,
-44,91,
-64,54,
-45,35,
98,6,
21,-8,
-55,-15,
-7,48,
12,64,
15,36,
-44,19,
-24,56,
-5,21,
25,-2,
-3,-12,
24,-18,
-29,-8,
0,-39,
21,8,
30,41,
26,-35,
-7,-19,
-4,65,
71,74,
51,42,
11,-4,
4,2,
-5,8,
4,-2,
14,16,
-8,0,
-21,-15,
-5,37,
-10,-2,
18,-1,
-9,-14,
12,26,
-24,15,
14,-24,
13,-39,
-6,-12,
-23,-3,
39,13,
9,-25,
-67,-30,
17,21,
78,12,
69,19,
20,7,
9,-58,
-57,-17,
-11,19,
-35,2,
29,-6,
26,19,
-44,-40,
-8,35,
23,18,
-55,9,
-33,-7,
41,-15,
26,15,
-40,35,
-18,52,
-8,52,
-5,16,
31,30,
21,9,
16,-43,
-30,-63,
65,55,
9,23,
-46,8,
-27,7,
33,4,
59,26,
-6,47,
38,12,
47,-8,
-18,27,
60,88,
58,44,
5,29,
22,27,
-64,-32,
40,61,
25,7,
10,15,
-16,-21,
-35,25,
-25,-46,
-26,-35,
-2,-35,
41,-29,
19,56,
-42,36,
-26,2,
-1,7,
24,-43,
15,33,
77,37,
25,2,
-83,-42,
-53,9,
-37,24,
-47,11,
-19,83,
-31,17,
0,20,
2,28,
99,112,
923,1094,
3512,5079,
3707,7598,
1978,7916,
-1642,5545,
-2383,-674,
520,-1530,
4389,1087,
5510,3153,
3890,2756,
1443,750,
154,-484,
-303,-647,
-254,-271,
-186,-42,
-60,-91,
-93,-293,
0,-415,
194,-161,
170,-120,
-119,-14,
-367,255,
-323,180,
-257,-135,
-91,-344,
-120,-483,
107,-503,
201,-719,
351,-799,
269,-497,
97,-113,
-48,187,
-138,155,
-217,21,
-189,82,
-307,58,
-303,-231,
-41,-168,
229,-53,
525,26,
385,-52,
174,-110,
-14,-157,
-12,-139,
-13,-114,
-66,-62,
-87,-40,
-173,-47,
-242,-57,
-225,-1,
-109,46,
-64,29,
52,-88,
159,-119,
110,-141,
16,-117,
-39,-15,
-151,-3,
-182,-7,
-86,6,
-118,-36,
-101,-17,
-147,-6,
-87,-79,
-147,-15,
-215,96,
-90,42,
7,-44,
150,-184,
90,-153,
-123,-72,
-296,-92,
-164,-56,
-170,-10,
-176,-59,
-145,-141,
-73,-212,
46,-246,
148,-167,
-57,-35,
-270,-174,
-297,-279,
-55,-63,
14,-31,
-55,147,
-41,106,
-61,-33,
-100,-90,
-19,-47,
-151,-139,
-141,-69,
-81,-51,
-46,-33,
-18,-42,
-63,-83,
-143,-41,
-104,-94,
-53,-149,
-4,-13,
16,-15,
33,-97,
-44,-89,
-36,-84,
-53,-107,
-27,-113,
-113,-74,
-156,-121,
-121,-108,
-35,-108,
-46,-72,
-107,-58,
-81,-50,
-46,-110,
-69,-145,
-43,-18,
5,-23,
-72,-132,
2,-104,
-50,-51,
-31,-17,
-7,-26,
-72,-144,
-78,-150,
-15,-26,
-80,-66,
-65,-139,
-24,-103,
-34,-64,
12,-98,
-46,-50,
-30,4,
-3,3,
-77,-114,
-82,-114,
-51,-117,
-86,-110,
-121,-159,
-32,-58,
-26,12,
-49,14,
-31,-101,
-34,-86,
-52,-41,
-56,-5,
-62,-60,
-77,14,
-58,-11,
-159,25,
-126,-52,
-76,-118,
-45,-142,
-47,-48,
11,-80,
29,12,
44,17,
00>
_________________________________
00>
00>
Printing STS1 CIR
00>
00>
_________________________________
00>
23,70,
17,82,
25,17,
45,5,
20,44,
7,20,
24,-23,
12,-14,
45,-24,
67,-24,
30,-9,
5,58,
-4,1,
-13,-29,
17,-1,
32,19,
5,-7,
5,-17,
-36,-18,
-15,-35,
17,-1,
-37,38,
26,48,
17,67,
-7,73,
-72,40,
-31,19,
9,-14,
25,-2,
10,56,
71,42,
44,10,
34,-21,
-13,-11,
38,5,
31,39,
11,61,
56,39,
-11,43,
51,4,
57,12,
35,25,
-32,32,
-49,60,
46,10,
61,-36,
-15,37,
-36,61,
-8,42,
-34,61,
-23,21,
-32,8,
13,18,
7,4,
-50,34,
-30,48,
-8,-5,
44,-12,
-15,-13,
23,26,
8,13,
62,5,
73,9,
0,16,
21,-6,
-22,10,
13,16,
20,5,
-29,20,
-2,-6,
13,-12,
-7,18,
-18,33,
-35,1,
26,54,
37,54,
37,-24,
27,-44,
-22,-36,
23,12,
41,-10,
10,4,
16,-29,
-29,6,
10,44,
-11,22,
-11,24,
-26,30,
-19,68,
-8,65,
6,34,
-4,-33,
4,-65,
34,11,
37,42,
-4,72,
-38,46,
19,41,
56,-37,
-12,-28,
3,29,
-6,38,
22,2,
62,-1,
62,16,
71,33,
-1,71,
-87,70,
-53,29,
-51,38,
55,101,
26,29,
1,-11,
30,-39,
30,55,
28,-4,
-33,29,
-60,32,
-53,49,
-62,22,
-25,-21,
-26,-23,
-21,22,
-11,-20,
13,-17,
73,10,
72,4,
-11,3,
31,22,
50,2,
27,-10,
27,53,
28,31,
0,8,
40,30,
26,5,
38,38,
47,7,
-36,31,
-20,49,
38,-3,
14,-3,
-46,22,
10,0,
24,1,
35,-27,
-11,32,
21,19,
65,-21,
43,-7,
0,-7,
30,13,
7,1,
-25,-49,
-57,4,
21,117,
35,56,
11,7,
68,10,
87,44,
0,48,
33,61,
40,20,
49,7,
27,17,
4,32,
26,41,
110,-17,
61,-28,
-3,6,
38,11,
-36,29,
-54,10,
-50,4,
32,-24,
73,-36,
23,-7,
-34,-1,
-40,14,
-31,50,
-17,53,
-61,17,
-52,46,
-46,30,
-66,57,
-45,40,
41,-9,
90,15,
46,71,
26,-4,
26,-10,
34,-1,
-9,60,
-16,36,
-8,38,
14,30,
-12,-7,
-3,27,
59,31,
86,-4,
18,-38,
-2,-56,
-22,10,
13,58,
60,33,
37,45,
54,11,
66,57,
27,77,
2,15,
-42,-31,
-21,-57,
-25,44,
27,-11,
67,-50,
39,-44,
45,-35,
41,13,
29,36,
-20,62,
-18,90,
6,-9,
18,18,
-34,36,
-16,95,
52,57,
47,24,
49,0,
-25,24,
-14,-12,
16,7,
8,8,
0,10,
19,66,
-25,125,
-43,95,
7,10,
50,21,
21,8,
-37,29,
-36,17,
-27,17,
7,0,
38,-15,
41,3,
45,33,
7,5,
-6,51,
-59,67,
-25,28,
37,32,
53,40,
-26,17,
-43,-11,
57,17,
37,62,
18,18,
38,4,
61,2,
86,15,
53,-41,
75,3,
41,13,
38,-10,
45,7,
56,1,
24,-6,
-26,92,
-61,44,
-18,39,
50,16,
59,6,
49,25,
13,40,
5,16,
41,-15,
100,0,
48,15,
-24,92,
-107,95,
-71,44,
-85,8,
23,-50,
109,-42,
70,23,
5,39,
-25,16,
-14,-28,
22,-9,
51,27,
25,31,
-32,-20,
5,-30,
32,-52,
-39,54,
-56,46,
-69,19,
-54,-9,
11,76,
13,76,
42,69,
-33,83,
-25,22,
13,6,
21,28,
-6,38,
26,69,
24,7,
12,13,
-53,-17,
-7,-13,
44,-25,
12,-20,
9,-1,
38,-3,
61,-31,
70,-2,
22,-66,
8,-65,
11,-38,
-57,11,
-1,68,
42,46,
63,2,
10,-2,
44,40,
43,76,
-50,31,
-28,7,
50,-14,
82,17,
66,43,
40,27,
20,21,
22,24,
17,21,
62,21,
59,-45,
66,-48,
-17,23,
-44,20,
-36,5,
16,-24,
14,3,
-1,0,
-8,9,
11,36,
75,60,
4,68,
-67,30,
-48,16,
-56,54,
-28,50,
-25,13,
0,-4,
64,-66,
97,88,
722,1008,
2891,5186,
3634,7544,
2760,7932,
395,6482,
-1251,1,
-1371,-2579,
-1056,-1008,
-1727,554,
-2325,497,
-1598,-188,
-479,-489,
24,-395,
63,-270,
-27,-177,
-125,-80,
-258,4,
-543,117,
-527,242,
-418,168,
-146,366,
293,261,
429,11,
245,-350,
76,-431,
32,-300,
34,-203,
-39,-124,
-67,-38,
-8,147,
16,102,
42,-79,
-57,-234,
-196,-195,
-129,-5,
-98,8,
-142,-190,
3,-207,
166,-246,
243,-119,
186,-137,
99,-228,
118,-311,
119,-201,
0,-123,
-91,14,
-75,4,
79,70,
156,235,
94,295,
-41,117,
8,-8,
22,-61,
49,-88,
57,-126,
34,-90,
-36,-62,
1,12,
39,-12,
23,-183,
-38,-234,
-184,-112,
-187,26,
-127,40,
-162,19,
-212,2,
-81,23,
78,-45,
202,-55,
227,-56,
152,-66,
44,-64,
-102,11,
-135,38,
-50,-68,
8,-161,
64,-243,
166,-204,
233,-82,
186,2,
157,29,
102,-98,
52,-59,
51,-13,
32,-63,
44,-60,
65,-144,
14,-113,
26,-58,
64,-60,
60,-123,
47,-79,
40,-83,
39,-41,
40,-42,
57,-68,
49,-83,
3,-94,
72,-29,
69,-53,
81,-63,
-44,-3,
-75,12,
-46,-8,
-68,13,
-48,-32,
22,-84,
21,-63,
58,12,
35,5,
51,-33,
-1,-16,
-5,7,
-73,-1,
-55,65,
15,27,
2,-34,
32,-31,
99,-66,
79,-67,
30,-55,
-2,-38,
40,-39,
100,-105,
70,-93,
18,-81,
-11,-46,
42,-68,
55,-113,
10,-70,
66,-27,
29,14,
33,-86,
47,-148,
-26,-181,
-10,-115,
-39,-39,
-54,-55,
18,-54,
65,-44,
115,-10,
33,-77,
-8,-74,
-26,-56,
-16,-72,
-15,-63,
-21,-15,
-5,-8,
20,-53,
-50,-56,
-11,-52,
25,-24,
22,-38,
64,-25,
25,-73,
00>
_________________________________
00>
_________________________________
Sequence Number: 20
00>
00>
Printing STS0 CIR
00>
00>
_________________________________
00>
-64,-7,
7,28,
-3,-4,
-3,23,
-6,-11,
22,14,
1,33,
17,31,
-2,67,
-42,6,
-10,-12,
61,72,
83,73,
52,46,
-1,-33,
-44,-32,
-71,35,
-11,14,
-31,-50,
-44,21,
-48,15,
-19,99,
-37,96,
-1,35,
-31,4,
13,58,
-10,-79,
-25,-127,
-49,2,
42,59,
9,29,
-50,-10,
-92,-20,
-44,2,
-117,-21,
-28,-9,
-2,13,
45,87,
10,117,
0,-14,
-38,-60,
16,12,
45,23,
21,60,
7,-31,
-14,7,
-22,29,
-18,82,
86,20,
114,-41,
68,38,
-60,48,
-93,102,
-28,50,
5,66,
55,91,
107,24,
88,-37,
33,23,
69,70,
-2,94,
26,47,
10,57,
-18,0,
-23,-36,
9,71,
-89,-6,
-55,28,
-35,-1,
30,7,
46,-39,
-10,-44,
-11,-25,
45,104,
14,79,
13,38,
-7,-16,
-60,-64,
-15,-8,
26,110,
80,132,
55,44,
36,-24,
63,-15,
74,9,
47,147,
82,-28,
10,-30,
-6,9,
-17,105,
-39,51,
11,3,
23,15,
-37,73,
-14,30,
2,28,
-9,72,
-24,-19,
-18,-10,
-76,-2,
-8,31,
28,25,
54,-35,
46,-12,
92,-38,
24,39,
-2,24,
-18,-20,
8,-32,
71,-47,
49,8,
2,67,
-3,43,
1,8,
-38,23,
-16,-7,
-4,60,
49,1,
39,14,
-73,-7,
-24,16,
14,-8,
-22,59,
-51,12,
24,14,
44,24,
48,-42,
-2,-24,
-44,51,
-3,41,
8,-47,
51,-26,
-39,14,
-37,26,
35,-26,
37,99,
73,11,
140,-29,
64,-10,
29,21,
0,0,
15,48,
27,13,
-12,9,
9,92,
-44,30,
-40,-60,
-44,-54,
-22,8,
21,52,
62,-15,
60,0,
61,63,
64,5,
30,24,
20,-14,
-54,-51,
-57,-54,
-22,-26,
7,-41,
3,-6,
-56,-32,
-75,-77,
-53,-2,
23,25,
24,-23,
44,-46,
-25,7,
17,70,
0,65,
-16,24,
-32,-45,
22,-38,
60,-13,
109,53,
17,9,
-44,-42,
-57,-35,
-11,53,
-63,21,
-30,75,
0,102,
10,-2,
33,-71,
68,-71,
46,24,
-37,-16,
-43,-32,
44,-13,
2,26,
-20,28,
-22,8,
-71,-4,
-56,-27,
0,-74,
32,-39,
-4,-20,
-15,104,
-28,101,
-46,51,
-31,-55,
-128,-39,
-95,9,
-66,58,
27,36,
11,63,
43,0,
15,40,
103,8,
102,69,
-9,66,
-16,63,
28,88,
0,81,
-10,37,
-14,-4,
48,16,
17,-86,
-25,-84,
-11,-51,
-6,-45,
38,-11,
-12,25,
17,58,
-4,37,
-13,0,
64,43,
37,34,
-11,27,
-51,-76,
29,-48,
-15,49,
3,-22,
4,-7,
-18,-27,
21,20,
13,30,
-58,-22,
-58,-45,
-2,-17,
49,53,
55,32,
-73,-56,
-136,30,
-2,92,
28,79,
126,61,
7,-25,
-7,14,
7,-67,
23,-103,
59,13,
98,68,
50,63,
-2,58,
-21,18,
5,27,
5,43,
24,48,
9,29,
4,22,
-15,59,
-22,73,
7,-11,
-53,-33,
-38,74,
37,73,
94,17,
19,14,
-35,-27,
-66,12,
29,17,
61,-3,
-3,46,
37,14,
-8,16,
0,48,
10,19,
-54,102,
-15,30,
-29,-23,
3,-30,
45,11,
63,51,
110,-50,
18,-91,
-62,-100,
3,54,
54,83,
5,6,
-40,41,
-3,-8,
-44,-27,
19,-10,
-27,20,
76,-47,
84,-16,
6,12,
-4,24,
65,19,
65,-50,
4,-78,
12,50,
-4,76,
-26,45,
-2,-6,
-21,-55,
-34,50,
33,27,
-128,92,
-61,4,
-57,-70,
-92,-32,
-68,-31,
-52,-17,
-24,27,
40,49,
25,109,
-6,29,
-19,-148,
5,-90,
85,71,
31,28,
-49,76,
1,6,
11,79,
30,50,
0,-36,
24,-68,
-29,11,
-94,38,
-31,-9,
35,-19,
47,3,
39,-12,
-16,-44,
47,27,
-6,18,
29,2,
35,20,
60,6,
77,54,
53,31,
16,65,
24,-13,
-2,-7,
37,-3,
-7,-45,
58,26,
12,7,
12,-25,
53,-60,
-115,-73,
-680,-541,
-2541,-2318,
-4372,-4826,
-3484,-5371,
-272,-2303,
2144,1480,
2398,2915,
2295,3190,
2804,4150,
2853,4938,
1730,3671,
492,1277,
-10,-192,
-27,-387,
88,-105,
62,-47,
80,-125,
93,-177,
136,-263,
117,-290,
-9,-268,
-135,-206,
-246,-159,
-237,-25,
-204,34,
-6,158,
85,-34,
204,-307,
166,-507,
77,-483,
-18,-193,
-71,59,
-94,79,
-103,-49,
-72,-161,
14,-188,
93,-125,
274,-110,
324,65,
103,251,
-114,265,
-169,179,
-254,75,
-172,53,
-65,-62,
6,-85,
82,-198,
107,-177,
45,-196,
-23,-161,
-142,-184,
-90,-213,
-49,-182,
-28,-133,
-60,-94,
123,6,
121,51,
116,-92,
6,-42,
39,79,
62,119,
63,62,
61,92,
14,100,
40,74,
9,140,
-54,90,
-177,38,
-191,-22,
-55,89,
70,111,
82,24,
70,-72,
-27,-106,
95,-47,
131,86,
87,124,
79,145,
19,65,
-32,-38,
22,53,
24,111,
20,116,
101,10,
88,-100,
75,-3,
23,101,
22,28,
60,-26,
35,19,
10,-2,
20,-2,
4,-51,
41,-25,
34,31,
38,34,
46,19,
11,19,
47,29,
36,-3,
-35,-53,
-60,-117,
-95,-25,
17,52,
26,68,
-3,40,
31,5,
8,44,
36,70,
40,14,
47,10,
6,-38,
17,-110,
73,-78,
58,9,
11,14,
-29,-6,
-1,17,
7,-35,
15,20,
-30,28,
-20,79,
-58,30,
-21,-9,
5,48,
4,59,
48,28,
-25,73,
-32,38,
-4,-4,
5,-56,
-16,-26,
11,25,
-7,24,
85,-23,
51,19,
86,41,
15,91,
15,132,
-9,71,
-65,83,
-56,43,
-105,-8,
2,77,
31,92,
-5,-12,
5,-70,
-44,-48,
-8,-45,
40,55,
14,-7,
-43,-36,
-58,-9,
39,58,
38,49,
31,33,
18,55,
6,101,
-5,48,
00>
_________________________________
00>
00>
Printing STS1 CIR
00>
00>
_________________________________
00>
31,-84,
-15,-17,
58,73,
25,86,
-28,13,
-29,17,
-9,-62,
-6,-7,
-32,-3,
-6,-69,
1,-25,
-9,-7,
-50,23,
-43,20,
-19,43,
-33,24,
-30,-30,
44,-59,
23,-15,
26,72,
24,101,
-61,52,
30,41,
36,11,
87,-40,
13,-21,
-37,-28,
6,-6,
37,-11,
-52,21,
-36,10,
28,26,
-43,-40,
15,-51,
42,12,
7,4,
-24,23,
39,15,
47,24,
16,17,
-1,6,
2,31,
11,-16,
73,52,
65,50,
3,21,
-4,-6,
12,-21,
41,12,
10,12,
23,78,
14,37,
-22,31,
10,42,
23,-33,
-4,-55,
16,17,
-65,-45,
-39,-32,
-10,-66,
35,5,
74,13,
50,-49,
39,-10,
21,-24,
-6,-33,
38,-61,
51,-34,
49,8,
23,15,
51,27,
3,-29,
-83,32,
-36,-1,
-2,-66,
26,-47,
-57,0,
-7,-12,
-75,14,
-3,29,
-26,116,
40,90,
70,8,
18,2,
12,-32,
-41,17,
5,23,
-29,-6,
-52,-22,
-44,40,
-32,21,
-46,104,
9,14,
-18,7,
15,0,
33,38,
-51,14,
-32,15,
41,-15,
30,-20,
-15,53,
-68,47,
-66,35,
-72,-12,
-34,-8,
-39,-11,
-41,37,
-38,41,
-38,78,
-31,71,
-12,37,
33,75,
34,-23,
55,-21,
25,0,
-14,99,
-25,-16,
1,-8,
84,-37,
12,12,
36,-7,
3,52,
-25,28,
41,55,
-7,73,
-56,27,
-32,20,
40,59,
42,-8,
56,9,
33,-16,
81,11,
-1,-71,
-76,-124,
-42,-45,
25,27,
53,32,
30,-30,
5,-90,
0,-73,
-40,-4,
-71,6,
-71,60,
16,70,
-3,21,
2,-31,
7,-48,
-13,44,
-20,69,
-43,12,
-39,6,
1,5,
-54,16,
-27,-6,
-11,-19,
-27,-9,
34,-22,
-11,-70,
-7,-77,
14,-49,
-4,-32,
7,56,
29,8,
-19,-3,
-2,39,
-10,-9,
30,-21,
55,-32,
11,-14,
-25,-17,
1,-35,
78,19,
-33,46,
-56,60,
8,41,
39,21,
5,0,
-52,16,
18,9,
-43,96,
-88,127,
-27,67,
19,11,
41,-4,
-40,4,
-4,29,
-57,55,
-17,2,
46,-61,
6,9,
12,45,
16,-12,
45,-48,
60,-31,
30,25,
44,-25,
65,-35,
11,1,
4,2,
-28,51,
-49,53,
-14,-48,
-24,-15,
-68,-21,
-3,-47,
24,-16,
-45,40,
-45,50,
-42,93,
-51,35,
-12,31,
-79,14,
-72,76,
-115,26,
-37,-5,
16,-70,
90,-49,
66,-31,
-14,-27,
-1,-35,
1,-35,
50,18,
30,82,
24,39,
6,-11,
26,-20,
72,42,
-1,50,
40,36,
-21,-7,
34,32,
-51,50,
-35,41,
2,81,
8,62,
78,81,
102,18,
-29,0,
-38,25,
-19,66,
58,-29,
56,9,
-47,-17,
-20,3,
-2,4,
-27,2,
17,18,
8,2,
-15,11,
40,59,
64,23,
34,-7,
-60,-49,
-45,31,
15,9,
-25,6,
9,-14,
33,-36,
36,7,
5,66,
3,68,
49,66,
12,-28,
-55,-91,
-49,23,
-28,94,
-35,93,
9,37,
-3,-17,
-32,6,
-24,39,
51,99,
37,90,
45,-16,
45,-41,
47,-52,
32,39,
21,97,
-52,22,
4,-29,
16,30,
42,2,
-26,-42,
22,-80,
46,-12,
55,44,
-31,18,
-63,74,
-36,74,
47,-46,
26,-65,
-27,9,
7,32,
45,25,
-1,-29,
12,85,
22,-42,
-17,-13,
-29,-33,
0,18,
45,7,
39,18,
-74,33,
-63,-22,
-51,52,
-24,-23,
18,18,
38,55,
63,7,
8,-52,
-33,8,
-34,33,
-47,45,
5,31,
30,13,
45,29,
-6,24,
-46,-37,
-29,26,
-38,58,
-29,-30,
-18,-2,
-35,39,
-2,75,
-30,68,
-115,1,
-45,6,
-82,53,
-57,23,
-43,-8,
18,24,
-9,31,
-6,-5,
24,-40,
12,-48,
-47,-70,
-12,25,
18,4,
58,3,
32,-70,
-20,-35,
7,-15,
96,3,
61,-2,
45,40,
-16,-26,
4,14,
16,-22,
-14,-29,
-37,11,
-61,41,
32,51,
-46,11,
-745,-257,
-2797,-1568,
-4855,-3902,
-4533,-5037,
-1969,-3336,
94,-369,
-341,892,
-2011,217,
-2998,-810,
-2526,-946,
-1195,-582,
-44,-140,
445,69,
362,204,
130,152,
97,18,
82,-14,
25,158,
-181,342,
-276,349,
-61,82,
150,-89,
263,29,
237,238,
379,289,
488,281,
292,346,
-104,456,
-328,407,
-245,310,
-162,124,
-97,29,
-81,12,
31,-2,
109,18,
159,96,
227,146,
162,129,
92,139,
37,44,
99,76,
157,85,
175,89,
104,64,
-8,55,
29,-57,
27,-96,
111,-143,
213,-130,
190,-91,
154,-5,
0,44,
-69,122,
-89,57,
-64,-13,
45,-35,
94,-8,
106,-4,
131,12,
40,-53,
60,85,
104,80,
96,96,
154,43,
95,106,
124,101,
47,-4,
-46,42,
6,205,
92,170,
131,53,
155,-36,
103,-42,
104,-46,
133,-4,
183,44,
129,158,
102,147,
-6,80,
21,-18,
70,43,
-6,179,
-36,232,
-18,146,
22,31,
111,-8,
118,-2,
78,26,
14,84,
-24,122,
30,61,
67,80,
16,70,
-4,67,
40,-4,
55,29,
92,44,
129,29,
63,24,
104,-13,
155,25,
82,64,
62,126,
94,56,
14,8,
58,37,
140,19,
178,37,
108,36,
64,45,
32,81,
72,65,
163,103,
73,90,
71,82,
26,50,
22,141,
1,89,
72,121,
-20,46,
17,59,
23,117,
76,84,
68,29,
8,65,
1,66,
73,31,
87,42,
81,50,
2,135,
-20,147,
-31,95,
97,22,
82,-12,
76,23,
106,102,
40,71,
113,71,
178,63,
106,80,
73,86,
40,60,
62,-12,
59,62,
71,-31,
61,25,
25,80,
-19,127,
-15,52,
77,-21,
93,-30,
74,115,
1,149,
-19,125,
4,7,
63,47,
-13,72,
24,116,
67,49,
00>
_________________________________
00>
RX Timestamp: 204987099935
00>
Clock Offset: 1989.841 Hz, -0.249 ppm
00>
RX Timestamp: 206061378614
00>
Clock Offset: 1874.542 Hz, -0.235 ppm
00>
_________________________________
Sequence Number: 153
00>
00>
Printing STS0 CIR
00>
00>
_________________________________
00>
-3,12,
15,12,
41,37,
-47,14,
-34,28,
-25,58,
-27,21,
-21,28,
-10,-4,
-43,52,
7,4,
19,-54,
48,21,
44,-10,
21,26,
-77,18,
-19,40,
-41,42,
14,12,
22,39,
14,-26,
-31,41,
9,41,
9,37,
-20,-8,
48,30,
22,73,
-79,45,
-19,36,
-41,-36,
-22,14,
-6,2,
0,14,
9,18,
7,18,
29,28,
56,8,
71,-44,
28,-29,
58,-13,
6,47,
3,-21,
-6,24,
11,37,
69,75,
56,48,
-41,-1,
64,6,
0,7,
-57,12,
-3,-29,
5,-64,
45,37,
32,35,
19,64,
-31,31,
-47,-13,
-38,9,
27,11,
-6,-35,
1,26,
-69,57,
-20,8,
8,-4,
26,-4,
8,30,
28,31,
16,44,
-2,56,
-1,-6,
-1,27,
2,-9,
31,-23,
-1,13,
-30,-47,
6,-24,
5,-25,
-39,44,
-39,-15,
7,-11,
-58,16,
-44,-16,
-4,37,
41,33,
83,2,
-3,-6,
-4,-17,
-63,-16,
15,-23,
-23,9,
-18,-19,
-10,-48,
-21,-54,
-52,-75,
-13,-69,
19,-59,
-19,2,
-17,1,
-4,8,
-9,-42,
1,13,
42,12,
47,2,
20,14,
-44,90,
-14,-34,
-32,75,
-11,55,
-38,34,
-21,42,
-14,-20,
-4,20,
35,2,
-29,-12,
-46,-18,
-9,51,
85,-3,
52,-45,
63,-20,
24,68,
-46,76,
26,-36,
85,-26,
5,-44,
25,-9,
9,-3,
46,31,
-2,45,
-48,81,
-50,13,
-10,20,
18,20,
-9,-10,
-30,8,
13,35,
105,-11,
53,-46,
45,12,
33,16,
16,29,
23,-23,
-20,-23,
-40,-3,
-37,38,
-38,17,
-34,-3,
26,-47,
-15,-6,
2,9,
-67,-36,
-35,-28,
-46,-12,
-20,8,
-37,24,
-57,87,
-55,96,
-8,69,
12,-42,
10,-31,
31,-48,
-23,-10,
10,-18,
12,15,
-1,30,
-40,74,
-63,35,
-37,29,
-65,-67,
52,-42,
-1,49,
-14,57,
35,23,
44,-85,
-47,-58,
-45,77,
-22,40,
13,12,
32,25,
8,10,
-93,21,
-16,45,
14,56,
30,39,
-41,17,
-11,-48,
25,-12,
-17,36,
-11,56,
16,45,
4,-21,
-43,35,
-4,9,
42,85,
0,51,
-2,10,
-38,34,
47,99,
-55,31,
-64,70,
-99,40,
-35,31,
29,77,
-26,43,
4,66,
-11,53,
28,56,
28,48,
21,-3,
7,4,
0,-12,
32,76,
-3,36,
-26,28,
-23,40,
-2,39,
-57,43,
-52,-6,
-52,-1,
-26,-59,
-18,65,
-25,42,
28,75,
32,13,
-29,-27,
-8,-42,
37,5,
70,30,
-3,-15,
66,-34,
2,50,
-34,79,
-19,68,
-9,29,
27,40,
-47,73,
-21,-7,
21,-43,
21,-46,
60,-13,
1,-56,
-62,-3,
-62,30,
47,-24,
41,-1,
-86,-4,
-112,64,
-57,38,
-20,56,
49,-19,
32,25,
-7,81,
-39,116,
46,41,
36,75,
22,-23,
-47,-7,
-43,38,
-27,-22,
2,16,
8,47,
-9,-30,
16,-57,
0,-16,
9,19,
31,41,
-1,-7,
87,39,
51,29,
-1,40,
-14,62,
33,50,
21,43,
30,0,
-11,10,
-61,38,
-20,-18,
2,6,
-31,24,
-14,13,
13,-20,
13,3,
32,7,
-9,90,
59,1,
51,72,
16,-26,
3,-10,
26,20,
44,-3,
23,43,
51,-2,
13,28,
53,-5,
26,0,
12,-23,
36,-62,
19,10,
44,72,
-22,58,
-1,35,
51,-55,
84,-63,
16,-48,
24,4,
49,-61,
23,-35,
18,66,
-47,-30,
-46,-13,
-10,-28,
1,-39,
25,-76,
30,25,
55,5,
-38,-29,
-25,-4,
-24,16,
-7,55,
-63,5,
-5,36,
-4,-9,
-2,58,
-20,31,
9,34,
51,19,
-29,10,
-6,4,
82,13,
76,17,
27,25,
3,68,
-2,15,
74,2,
35,24,
23,-63,
-15,-13,
13,-19,
47,32,
38,-43,
4,-10,
-49,100,
0,87,
20,18,
9,-33,
18,4,
32,40,
50,-9,
31,8,
-26,-15,
10,23,
13,-27,
27,32,
42,67,
14,-22,
-148,-94,
-1275,-512,
-5214,-2692,
-6876,-4912,
-5965,-6291,
-1731,-5766,
2420,-647,
688,1630,
-3914,1251,
-6163,-43,
-4765,-450,
-1673,57,
40,568,
420,526,
239,135,
105,-64,
173,74,
287,202,
210,385,
-95,331,
-144,234,
146,2,
203,-417,
163,-380,
366,-55,
320,215,
290,371,
162,516,
131,694,
121,873,
103,657,
-29,163,
-117,-219,
5,-255,
208,1,
106,-25,
167,-124,
337,20,
196,148,
-89,204,
-425,206,
-293,212,
-68,212,
131,153,
167,112,
140,74,
124,10,
205,-25,
193,-23,
294,-98,
268,-127,
137,-128,
92,-15,
30,89,
-73,148,
-82,67,
-33,56,
152,-53,
208,-100,
148,-96,
105,-30,
127,-84,
150,-90,
132,-23,
69,-18,
109,-39,
120,-105,
96,-93,
19,34,
38,243,
27,230,
92,133,
217,3,
156,-42,
182,-10,
132,16,
248,67,
274,195,
112,266,
6,144,
24,45,
261,-15,
384,96,
106,-39,
41,-39,
6,-134,
31,-118,
80,-16,
189,-42,
130,-6,
155,10,
112,9,
150,18,
73,27,
34,83,
38,16,
112,-25,
174,-31,
118,87,
62,20,
55,-6,
159,43,
83,16,
56,96,
95,92,
135,67,
167,42,
251,1,
211,-20,
181,-17,
118,-12,
70,-6,
81,-21,
115,20,
132,75,
3,91,
32,71,
80,85,
46,65,
78,111,
78,101,
64,95,
94,85,
74,52,
129,21,
131,-34,
77,41,
74,84,
114,126,
78,60,
138,-5,
8,-7,
51,-18,
100,10,
83,-42,
146,27,
173,83,
123,50,
131,48,
160,51,
112,13,
77,68,
87,78,
56,-19,
60,2,
147,16,
165,58,
15,62,
30,53,
69,55,
160,-1,
147,33,
115,53,
54,77,
82,71,
116,67,
112,67,
72,70,
00>
_________________________________
00>
00>
Printing STS1 CIR
00>
00>
_________________________________
00>
3,21,
2,-11,
20,-9,
60,-5,
5,13,
19,19,
13,16,
48,5,
25,-25,
-42,25,
-79,20,
5,30,
-3,80,
-34,61,
11,47,
21,60,
11,0,
-2,-32,
48,31,
34,106,
9,18,
84,-20,
57,-11,
62,20,
19,4,
6,53,
-1,-8,
-4,-1,
-36,19,
5,58,
46,30,
50,10,
113,30,
31,40,
-43,21,
8,-13,
-12,16,
-26,10,
-3,1,
-19,-10,
29,52,
11,48,
19,-26,
-1,53,
-67,36,
6,-52,
-11,18,
36,-28,
44,-26,
-34,-16,
-17,25,
29,52,
29,12,
5,-23,
10,-55,
-15,-6,
11,4,
86,15,
20,20,
-24,10,
34,36,
25,-2,
-2,2,
-22,26,
5,23,
10,28,
30,-2,
13,8,
11,92,
-50,54,
-12,-34,
21,-94,
-3,-56,
-55,21,
-15,-35,
-21,16,
-35,-13,
26,17,
49,-38,
0,-1,
28,6,
-14,-54,
-37,-2,
1,14,
-27,66,
-7,60,
15,53,
16,23,
12,-59,
1,-74,
-21,-55,
35,-49,
5,-13,
-20,40,
18,-59,
61,-53,
78,-31,
-5,-8,
-18,-2,
46,29,
63,-4,
64,2,
105,-44,
-38,18,
-14,42,
36,68,
-12,62,
3,20,
59,19,
-3,38,
20,32,
66,57,
4,80,
-11,5,
8,-35,
21,-46,
-21,18,
-28,126,
2,104,
99,17,
75,-53,
94,-17,
-6,-21,
9,-25,
-36,-18,
70,42,
20,45,
-25,-4,
0,-17,
-49,2,
-29,26,
12,43,
43,76,
-6,21,
-26,55,
-9,15,
32,17,
-5,16,
-19,45,
-27,64,
12,61,
5,51,
27,21,
8,23,
-55,115,
39,75,
62,24,
3,-19,
-6,-48,
-10,-47,
45,-41,
20,17,
12,63,
-13,47,
33,21,
47,9,
49,66,
-10,54,
-31,24,
19,-20,
-1,25,
-34,47,
-14,5,
-26,-6,
17,-20,
3,-25,
9,-36,
-15,-1,
25,21,
33,-16,
2,60,
-10,4,
-53,71,
-25,76,
-6,8,
-29,-3,
9,-15,
-12,-56,
-27,-18,
-24,53,
21,78,
34,15,
48,-13,
18,67,
-39,90,
-53,12,
-9,-50,
-3,16,
-6,105,
-10,50,
-8,48,
19,8,
25,66,
-24,48,
-8,3,
-20,-3,
-42,-2,
-29,17,
-83,40,
-15,-5,
-7,6,
63,-12,
12,-12,
30,-10,
38,10,
-56,-21,
24,-14,
0,67,
-33,-2,
-15,9,
-15,-66,
-32,-28,
-22,38,
-6,38,
3,12,
-8,-28,
-25,-2,
-55,10,
-48,-3,
26,-14,
-1,25,
24,69,
11,7,
68,33,
-32,42,
-74,11,
2,-3,
19,-5,
21,64,
4,23,
9,4,
6,-46,
-23,-19,
-3,96,
15,36,
2,-18,
-78,-25,
-5,-17,
-6,24,
-49,56,
-36,21,
-8,21,
68,3,
42,-14,
3,41,
-20,-20,
-20,38,
-14,-17,
78,-52,
75,-27,
4,-8,
-50,69,
6,24,
0,5,
-34,-4,
-43,34,
14,-3,
-18,5,
-11,31,
-1,-41,
-14,-35,
4,-1,
-6,-22,
81,-53,
58,13,
19,29,
26,14,
-26,-6,
53,-52,
40,10,
6,27,
21,21,
-18,-33,
-38,-16,
-23,-23,
-2,-23,
-51,-66,
-36,-43,
5,-35,
20,17,
23,66,
-33,67,
-4,33,
-37,-2,
-35,35,
52,0,
39,-27,
48,14,
31,48,
20,-8,
-36,5,
-74,34,
-71,30,
-39,76,
-40,40,
-86,33,
-18,27,
13,-12,
-41,73,
-96,65,
-48,89,
40,59,
9,-3,
-8,-13,
-31,-23,
5,23,
32,20,
21,-3,
-33,-6,
-27,56,
-40,46,
-36,42,
-21,26,
16,56,
22,24,
-15,-57,
37,-21,
19,18,
32,-36,
6,2,
19,-15,
-7,-25,
37,-4,
46,23,
36,57,
26,-69,
22,12,
6,-24,
-40,-20,
-96,19,
35,56,
19,19,
-2,17,
9,-30,
-19,-11,
-24,7,
-28,10,
-14,11,
-7,15,
-23,-7,
30,-14,
24,-2,
47,16,
47,-8,
-59,-18,
-45,41,
26,39,
51,-56,
-4,1,
-15,47,
11,31,
39,62,
37,112,
23,59,
-92,-39,
-1106,-484,
-5266,-2713,
-7228,-4862,
-6815,-5885,
-4064,-5637,
1397,-675,
2845,1609,
1476,197,
1366,-1520,
1927,-1757,
1677,-714,
756,135,
194,333,
143,284,
178,203,
213,82,
260,-73,
545,-439,
400,-531,
347,-335,
19,-294,
-464,2,
-477,241,
34,473,
201,417,
187,237,
90,178,
197,72,
137,-34,
-30,-125,
-108,-46,
-31,147,
183,188,
270,88,
114,-99,
85,-67,
204,66,
72,165,
12,327,
-141,315,
-65,252,
98,192,
150,287,
101,273,
107,131,
106,-30,
38,-28,
-55,-17,
-208,-25,
-281,-207,
-11,-87,
60,-39,
82,73,
83,120,
76,122,
78,116,
52,86,
100,108,
32,96,
59,128,
170,105,
147,22,
136,-36,
124,-70,
202,-113,
282,-144,
118,-37,
-45,97,
-196,198,
-125,172,
34,185,
60,46,
118,-61,
182,-75,
175,5,
169,129,
202,252,
52,200,
-79,180,
-92,81,
-148,61,
-59,157,
-11,73,
18,28,
73,27,
34,47,
113,34,
119,36,
127,70,
109,126,
51,114,
-41,22,
27,33,
74,27,
100,53,
41,22,
-44,-1,
25,50,
-27,54,
-6,76,
27,47,
71,27,
74,38,
44,-31,
100,-17,
129,51,
76,87,
26,92,
-13,96,
-43,97,
7,81,
74,46,
36,14,
83,33,
61,26,
58,-24,
98,-8,
51,40,
1,135,
-64,82,
-14,-1,
18,22,
-56,131,
19,122,
88,91,
107,39,
99,44,
31,47,
79,110,
100,62,
18,42,
-13,63,
80,149,
97,14,
81,10,
14,72,
63,47,
28,66,
85,94,
73,118,
35,95,
-16,17,
-24,23,
24,8,
81,64,
3,90,
-16,131,
-30,82,
61,119,
34,77,
-29,53,
-8,3,
-38,98,
31,122,
-41,85,
-52,72,
-16,56,
00>
_________________________________
00>
_________________________________
Sequence Number: 156
00>
00>
Printing STS0 CIR
00>
00>
_________________________________
00>
23,-22,
1,-9,
-34,0,
0,-8,
45,2,
-16,-3,
30,8,
44,-23,
4,-11,
24,6,
-9,4,
-13,30,
5,43,
-43,-40,
-51,-30,
-14,40,
63,18,
37,-2,
21,-11,
-1,-78,
-29,-26,
-51,-17,
-38,18,
9,-29,
-2,-47,
18,9,
-1,-26,
-17,-11,
38,27,
-43,12,
-46,0,
-34,-16,
7,-55,
24,-32,
18,19,
-41,-56,
27,-21,
-26,-46,
-5,30,
62,12,
-12,34,
-48,24,
-44,5,
26,-25,
31,10,
-31,42,
-13,2,
35,-14,
20,10,
24,-18,
-17,30,
-64,-14,
7,-52,
25,-75,
-54,-34,
-41,-18,
-20,24,
-35,57,
-28,43,
51,-13,
43,-12,
34,-43,
15,-24,
7,11,
-12,93,
-71,71,
-57,48,
6,18,
61,13,
70,-8,
125,-14,
95,4,
68,-82,
20,-53,
2,26,
-37,31,
-28,-11,
-37,7,
3,26,
11,51,
25,0,
-62,-36,
-51,-27,
-9,0,
22,5,
-8,80,
-4,15,
-38,-14,
41,9,
-4,36,
-32,83,
0,0,
-20,-7,
-82,-15,
2,53,
-25,32,
67,-34,
-8,-11,
2,51,
-51,24,
-54,-26,
-88,-34,
-1,2,
23,29,
5,-1,
23,37,
11,85,
25,-51,
-2,-44,
-14,12,
29,77,
0,-33,
17,38,
-34,65,
-22,28,
35,23,
59,-8,
-20,42,
25,20,
-9,15,
42,13,
5,4,
-42,0,
31,20,
46,39,
-14,-3,
-7,14,
-26,4,
14,1,
-27,22,
-39,9,
-77,34,
-46,16,
21,42,
54,11,
34,14,
64,30,
40,-13,
-2,21,
-38,61,
-7,64,
-11,29,
-41,-33,
8,-8,
-41,49,
-37,101,
-31,85,
-4,23,
3,18,
-17,-36,
7,6,
18,-2,
14,19,
53,-18,
-8,-3,
-67,25,
-43,50,
-5,20,
2,21,
-38,-5,
-20,-88,
29,-28,
29,-30,
64,17,
-40,26,
-6,-15,
-75,7,
-5,20,
-43,11,
23,-13,
-12,-34,
15,-16,
-17,-32,
-20,-14,
-62,-31,
-6,4,
-20,27,
28,35,
36,30,
10,68,
5,21,
-33,25,
-9,-31,
61,-57,
47,1,
10,19,
-27,9,
-16,-23,
-19,34,
36,-18,
31,21,
1,-4,
20,0,
33,38,
35,-5,
-8,33,
-97,-1,
-49,37,
23,-3,
-16,2,
-1,21,
-44,31,
23,32,
26,-28,
-11,-7,
-21,-15,
-25,-8,
-33,32,
16,33,
59,-8,
70,-40,
-7,5,
8,3,
-50,47,
18,30,
34,-57,
23,-57,
-6,-16,
38,11,
-14,-22,
-42,-20,
17,-7,
-46,-33,
-34,1,
4,-2,
-7,21,
2,27,
-59,-37,
-10,-13,
-7,42,
28,33,
26,1,
-6,-24,
-8,-13,
-37,-52,
-21,-12,
-40,61,
-16,21,
27,-5,
106,-47,
46,14,
28,-24,
54,-17,
9,-60,
-23,7,
-77,27,
-44,37,
-18,61,
22,32,
9,80,
1,66,
-48,37,
-58,19,
-4,33,
9,7,
-20,17,
-52,35,
-21,44,
-18,5,
56,-13,
-8,-13,
-8,-53,
-2,-78,
62,-70,
47,-50,
57,32,
69,30,
-5,-2,
-70,12,
-29,50,
6,14,
24,0,
-63,26,
-46,2,
5,-18,
48,15,
77,-1,
11,-17,
-55,44,
-42,58,
-66,39,
-45,48,
12,52,
-2,11,
-52,50,
-67,24,
-26,38,
-1,6,
9,-20,
39,18,
19,-3,
10,-19,
-41,-51,
12,-23,
29,-80,
-36,-26,
-46,102,
19,72,
8,50,
66,8,
-42,1,
-46,-24,
-12,1,
-5,-16,
62,38,
27,54,
-11,-4,
5,-37,
12,-19,
-7,35,
3,2,
-15,10,
-65,56,
-68,3,
29,24,
22,44,
-41,8,
-56,21,
6,-23,
23,34,
-12,19,
-54,15,
-115,-8,
-98,17,
-64,-13,
23,5,
6,-53,
32,-22,
123,-49,
67,-49,
-9,6,
-44,1,
-55,32,
-9,57,
-28,42,
5,64,
-21,10,
56,-66,
2,-39,
64,56,
-3,63,
7,6,
-30,5,
-27,30,
17,44,
-36,-8,
-14,-32,
48,5,
-8,-18,
5,47,
74,33,
974,529,
4022,3295,
5348,6288,
4234,7159,
130,4370,
-3245,-1800,
-3361,-4617,
-2933,-5146,
-3611,-6283,
-3457,-6983,
-2234,-6107,
-433,-2393,
83,-115,
-5,447,
-52,224,
-97,49,
-112,140,
-180,277,
-263,323,
-235,210,
28,478,
237,345,
279,213,
346,97,
223,-36,
77,-56,
-109,150,
-219,509,
-272,625,
-286,581,
-33,294,
134,-7,
232,-87,
92,38,
-29,128,
-62,113,
-75,229,
-478,25,
-459,-98,
-82,-369,
333,-374,
384,-198,
367,-84,
319,34,
207,64,
6,137,
-58,186,
-67,167,
-46,212,
43,322,
-38,179,
-2,132,
35,381,
4,190,
30,90,
-91,-58,
-131,5,
-68,55,
-15,46,
70,-9,
9,-54,
-47,-35,
-56,-20,
-39,-63,
-62,-179,
-9,-250,
78,-51,
95,-1,
159,87,
86,-73,
-77,-62,
-145,1,
-72,62,
-37,146,
-56,176,
-161,-40,
-183,-120,
-66,-125,
67,-65,
22,-13,
8,-45,
89,-189,
139,-144,
73,-82,
-17,118,
-53,67,
-60,11,
-145,-17,
-121,65,
-82,76,
-78,4,
-29,-16,
-13,-36,
70,9,
-24,-30,
1,3,
-89,-19,
-84,-7,
-88,106,
-102,38,
-36,3,
80,19,
174,27,
57,-9,
14,-19,
50,-77,
72,-96,
43,-10,
-31,55,
-4,111,
-31,57,
-10,22,
-5,-23,
27,22,
48,-18,
32,48,
89,105,
-45,-4,
-42,-10,
46,98,
-30,96,
-118,80,
-30,11,
42,-67,
42,-23,
-47,13,
-4,18,
15,39,
18,7,
-73,7,
-99,67,
-100,100,
-8,-14,
57,25,
-7,-14,
-24,-49,
-33,-39,
-37,-2,
17,0,
13,-27,
10,-29,
18,6,
-34,39,
-37,3,
18,-25,
44,-124,
10,14,
83,-32,
58,60,
87,20,
39,-42,
-41,-45,
-52,35,
-74,-16,
-58,55,
55,45,
38,24,
34,2,
31,8,
26,16,
23,60,
00>
_________________________________
00>
00>
Printing STS1 CIR
00>
00>
_________________________________
00>
-26,81,
-74,55,
-17,60,
-18,51,
-8,46,
-13,-15,
14,21,
-2,8,
22,1,
38,49,
38,-29,
-4,-8,
-19,-3,
-56,69,
-16,-2,
14,-15,
45,-45,
39,-62,
28,-68,
-1,-20,
47,21,
-5,-80,
-35,-97,
10,-15,
27,-2,
12,-5,
-3,-25,
2,8,
-5,20,
9,25,
13,55,
-24,21,
-31,78,
-31,43,
-66,30,
-38,37,
-7,-8,
4,30,
37,23,
-21,98,
15,7,
-15,-21,
-9,-43,
7,15,
50,13,
44,6,
-25,24,
-6,14,
22,31,
23,63,
21,52,
58,-55,
76,23,
28,29,
25,-7,
-21,-23,
-44,11,
-30,-28,
0,4,
36,15,
-7,-15,
3,7,
7,-38,
2,8,
-13,17,
-28,102,
-26,60,
-12,3,
-10,8,
-29,3,
17,-13,
-16,56,
-54,15,
-1,-32,
29,-37,
22,41,
-21,62,
11,35,
4,29,
-13,25,
-14,34,
77,-43,
69,-57,
28,-14,
5,24,
-3,-5,
37,7,
-5,-69,
-8,-80,
-44,-11,
8,-21,
27,46,
-12,6,
-47,17,
-2,-47,
35,-55,
23,-19,
45,-24,
23,0,
15,-55,
20,24,
13,-15,
61,-7,
87,25,
60,48,
-38,-1,
-22,-6,
-48,-29,
-8,-52,
13,15,
59,41,
42,13,
43,-47,
60,-39,
120,-60,
56,-18,
54,51,
3,44,
27,-17,
90,-56,
4,8,
-6,7,
42,-57,
10,-52,
30,5,
28,2,
19,-3,
43,-42,
-19,43,
-22,42,
24,38,
-7,-19,
34,-26,
2,26,
-3,72,
33,83,
60,97,
22,37,
-24,33,
-4,-27,
-2,15,
-22,29,
28,95,
19,41,
8,59,
5,-2,
-14,10,
-82,56,
-27,-31,
-28,28,
1,58,
18,117,
-5,32,
-14,5,
37,-44,
8,18,
-5,101,
19,53,
68,-21,
40,-21,
16,43,
-31,78,
-6,16,
57,-59,
79,-33,
-10,16,
-13,-23,
5,-14,
18,113,
-2,65,
-23,6,
15,-37,
-14,-15,
-49,-6,
9,-13,
6,-10,
7,9,
36,-31,
-72,20,
-35,126,
6,76,
43,-5,
18,41,
17,53,
44,1,
-22,24,
-51,49,
-34,-18,
-30,11,
-16,26,
8,37,
19,35,
-11,-42,
11,10,
-15,2,
-13,94,
40,60,
23,-19,
52,-35,
41,20,
-32,74,
36,20,
50,-38,
16,17,
-17,-53,
14,-8,
2,-34,
11,16,
-4,-1,
-27,-19,
-26,-21,
47,12,
-7,28,
-47,56,
-43,-19,
-6,-54,
10,5,
64,36,
37,-10,
8,57,
39,13,
-10,-29,
-27,-42,
-55,-16,
-22,41,
-76,37,
-4,12,
36,19,
-9,32,
2,-18,
23,-13,
-18,12,
-58,97,
-39,73,
22,-10,
62,15,
46,-21,
-4,-27,
-4,-2,
-8,0,
6,-20,
-17,20,
-17,-5,
50,25,
27,-34,
-18,9,
-45,-3,
11,2,
-29,-52,
-16,2,
24,8,
18,-36,
51,-21,
8,-63,
26,26,
13,4,
-17,-4,
-9,33,
-3,4,
-18,32,
-58,34,
38,42,
-25,43,
23,6,
-20,44,
-20,-16,
16,37,
56,18,
69,5,
32,17,
1,6,
18,29,
64,57,
5,-29,
21,-3,
-65,-14,
-2,54,
-5,63,
-35,31,
-47,5,
-63,-31,
-35,-73,
-7,-13,
21,-9,
43,19,
74,-30,
1,34,
15,57,
-16,58,
-10,65,
-35,21,
-119,26,
-44,-15,
-53,24,
-6,78,
17,-19,
86,-69,
26,-21,
-55,48,
-27,60,
-10,12,
33,-40,
41,-22,
0,-30,
8,-46,
20,-26,
41,16,
29,86,
7,61,
-72,-10,
18,7,
45,10,
17,26,
19,70,
56,30,
19,-5,
27,64,
-18,88,
-13,64,
16,-67,
12,-23,
-31,-13,
-9,3,
31,28,
-3,-23,
18,-49,
-63,-39,
-20,39,
58,27,
10,-68,
-12,-20,
-8,47,
-24,15,
-40,-4,
-12,12,
-16,35,
39,66,
-13,30,
8,60,
15,-35,
-10,-27,
21,-22,
13,30,
29,27,
17,-23,
-14,-43,
15,-14,
16,-14,
20,27,
-7,-26,
75,-15,
780,419,
3545,3147,
5642,6174,
5311,7123,
3166,5690,
157,494,
378,-1246,
2769,210,
4812,2176,
4240,2361,
1991,1237,
285,267,
-359,-267,
-371,-334,
-170,-159,
-97,-12,
-92,-49,
9,-249,
280,-329,
362,-269,
139,-92,
-251,14,
-335,-272,
-468,-562,
-576,-572,
-722,-469,
-452,-550,
143,-524,
467,-556,
363,-411,
174,-150,
93,57,
139,83,
39,113,
-114,36,
-130,67,
-297,-33,
-154,-82,
-11,-166,
-43,-166,
-154,-116,
-282,-132,
-219,-56,
-81,-67,
-33,-6,
-22,122,
-59,184,
-149,147,
-290,82,
-383,65,
-97,41,
-9,-20,
47,-79,
-47,16,
-79,40,
-129,-61,
-140,-53,
-108,-23,
-76,13,
-97,7,
-95,-55,
-105,-48,
-106,-53,
-134,-73,
-160,-111,
-185,-197,
-74,-1,
22,-47,
133,-221,
71,-197,
-15,-62,
-106,115,
-198,148,
-287,98,
-227,-47,
-184,-92,
-202,-109,
-105,-124,
7,-132,
-71,-69,
-114,-89,
-91,-260,
55,-69,
73,-16,
-50,-7,
-125,-34,
-122,-32,
-158,-77,
-68,-39,
-34,-64,
-100,-134,
-78,-67,
-88,-91,
-25,-72,
-60,-35,
-117,1,
-165,-40,
-221,-120,
-117,30,
-106,58,
-178,-6,
-126,-46,
-137,3,
-117,-32,
-17,-46,
-139,-54,
-206,-21,
-164,-71,
-143,-133,
-135,-50,
-112,0,
-106,6,
-117,-1,
-139,-85,
29,-88,
25,-60,
-67,-113,
-61,-79,
-37,-82,
-3,-77,
-29,-85,
-78,-83,
-96,-68,
-72,-44,
-68,-31,
-14,-70,
-59,-17,
-20,-45,
26,-77,
-75,-76,
-32,-53,
-4,-56,
-34,-83,
-59,-42,
-81,-127,
-116,-106,
-135,-115,
-153,-149,
-126,-172,
-39,-53,
-15,-12,
-30,-5,
-89,-23,
-86,-26,
-41,-40,
-81,-65,
-1,-39,
41,-35,
1,-97,
-36,-91,
-57,-40,
-44,-101,
-38,-82,
-54,-71,
-84,-27,
-57,-87,
-70,-30,
-32,-66,
-40,-65,
-20,-24,
-50,43,
00>
_________________________________
00>
RX Timestamp: 345439191740
00>
Clock Offset: 2127.457 Hz, -0.266 ppm
00>
RX Timestamp: 346514305990
00>
Clock Offset: 1978.683 Hz, -0.248 ppm
00>
_________________________________
Sequence Number: 33
00>
00>
Printing STS0 CIR
00>
00>
_________________________________
00>
21,24,
-35,54,
-55,45,
-22,-28,
-11,-11,
-8,-6,
-10,-50,
-3,-42,
20,-73,
-19,-64,
8,-7,
-3,37,
-57,11,
-10,7,
-25,8,
45,-20,
15,-35,
-45,-37,
-56,12,
15,9,
20,26,
-9,41,
-9,21,
-38,-4,
45,-35,
26,-9,
-6,6,
-46,38,
-5,32,
-10,39,
-28,32,
-8,66,
-29,80,
-21,43,
31,23,
54,-3,
17,-52,
49,-8,
12,-12,
-8,48,
-15,19,
-62,-26,
16,9,
-19,12,
6,-24,
57,-2,
-13,-2,
-4,-30,
-34,-25,
-43,46,
-18,14,
-8,-85,
16,-50,
-8,66,
-12,56,
-49,26,
30,-51,
-62,-47,
6,-25,
59,-46,
67,17,
3,10,
-8,-14,
28,1,
118,65,
43,87,
37,8,
-38,-37,
45,63,
-20,57,
-55,59,
31,-5,
38,56,
-9,29,
-61,47,
-17,57,
37,61,
44,42,
-16,22,
-66,0,
-68,33,
-37,-8,
-47,16,
-10,-49,
-39,-68,
0,10,
41,51,
6,11,
9,-66,
-45,24,
-58,-20,
-6,32,
-9,-10,
-14,8,
-34,-21,
-23,47,
19,-1,
46,-11,
122,21,
30,132,
-27,99,
-32,42,
-29,-54,
32,-92,
85,12,
72,149,
-31,41,
-38,-15,
2,-25,
22,5,
5,40,
-17,45,
-50,25,
-21,20,
-57,41,
10,-14,
2,2,
29,-47,
-24,-5,
-39,-40,
-39,-36,
-28,-63,
-59,-69,
-44,55,
3,94,
-25,67,
-6,5,
-55,-28,
-72,-19,
-15,4,
-29,-4,
37,28,
24,0,
-18,25,
7,23,
34,-9,
27,-18,
41,-62,
17,-9,
65,7,
24,84,
70,80,
-36,30,
-6,-7,
2,40,
-20,35,
-9,23,
-38,28,
-2,39,
-34,-59,
-51,29,
12,2,
38,77,
23,63,
13,39,
-30,47,
-53,46,
0,-41,
46,-17,
15,24,
22,26,
16,55,
-26,-51,
-41,-60,
-23,-21,
-27,14,
-4,23,
21,47,
-18,-37,
-81,41,
-53,57,
42,19,
53,33,
-13,-33,
-12,21,
-20,30,
2,-20,
34,18,
-25,55,
26,-2,
7,-12,
2,27,
83,88,
44,-27,
21,-94,
14,-13,
6,23,
-30,78,
4,-10,
26,-8,
-8,-17,
-2,25,
9,45,
-10,53,
-46,-35,
-11,15,
-54,-56,
12,-16,
41,13,
-20,64,
-41,77,
-13,-14,
65,11,
14,10,
-19,-34,
-38,18,
20,-7,
-15,-15,
21,-14,
3,15,
-13,23,
-11,35,
5,-1,
13,30,
-46,68,
-25,-18,
27,-32,
3,-45,
9,-50,
-25,-28,
7,-56,
5,-4,
-24,-2,
-47,59,
-50,14,
-51,-53,
-101,9,
-6,8,
44,78,
13,43,
-85,-5,
-39,-41,
-76,-39,
42,32,
30,15,
-1,8,
-14,70,
27,46,
19,51,
-22,-7,
-47,25,
24,71,
-12,4,
-17,58,
4,48,
-45,8,
-37,3,
-35,28,
0,29,
23,16,
52,7,
19,-11,
-6,-23,
7,3,
56,29,
4,16,
22,27,
9,64,
-26,1,
12,23,
14,29,
-25,69,
-51,-39,
18,42,
73,31,
-22,103,
1,95,
7,-18,
-9,-58,
4,-4,
20,42,
-25,54,
-26,66,
10,-1,
44,62,
-5,35,
43,81,
-19,51,
59,8,
5,-50,
-17,38,
-1,8,
52,17,
30,51,
-22,-10,
-14,53,
7,39,
-38,25,
-89,7,
-27,-42,
-63,-74,
-2,37,
12,-20,
16,-16,
1,0,
-18,-1,
-5,-51,
-26,-10,
38,45,
48,-31,
18,0,
-86,33,
-51,20,
13,-11,
-22,-11,
-40,8,
-10,35,
36,-21,
4,-6,
28,14,
9,81,
-5,38,
-22,-2,
-35,69,
39,-35,
22,-9,
-12,-44,
3,17,
-5,-16,
-12,68,
7,79,
46,17,
101,-57,
85,79,
28,147,
0,147,
-17,42,
42,15,
3,9,
59,-75,
58,-56,
62,-11,
-14,22,
-6,18,
-25,26,
5,7,
-8,-24,
13,-52,
34,-23,
22,76,
2,80,
-35,46,
-22,-7,
-46,-25,
-65,-9,
23,16,
21,60,
-55,-14,
21,10,
58,28,
15,18,
15,62,
-16,82,
-653,386,
-3860,2189,
-7799,3042,
-8096,1672,
-7700,-1106,
-692,-2336,
2391,62,
259,3490,
-3135,5255,
-3677,4466,
-1648,2329,
162,757,
717,47,
368,-137,
-2,-167,
60,-118,
237,-107,
464,-89,
211,223,
95,267,
63,-107,
-250,-510,
-287,-495,
42,-258,
371,-102,
465,-43,
526,152,
683,439,
811,591,
645,488,
188,144,
-190,-147,
-263,-112,
-28,-172,
26,-137,
42,-225,
168,-269,
181,-183,
74,205,
7,568,
-49,476,
59,317,
187,39,
178,-103,
181,12,
168,-59,
161,-132,
105,-241,
88,-202,
38,-229,
3,-154,
37,-61,
100,26,
97,194,
154,242,
24,146,
52,-138,
32,-256,
60,-238,
4,-157,
15,-153,
9,-162,
70,-50,
92,-19,
-17,-69,
-39,-188,
-58,-89,
25,42,
125,196,
175,201,
156,-58,
69,-280,
51,-194,
50,-101,
8,-118,
64,-103,
245,-111,
356,75,
244,167,
81,67,
79,-92,
381,-262,
76,-9,
9,44,
-88,38,
-125,-82,
39,-86,
87,-97,
64,-18,
99,-47,
117,-73,
89,-74,
72,-64,
103,-30,
54,-32,
60,-57,
39,-26,
116,-21,
100,37,
86,53,
45,21,
21,-29,
55,-42,
39,-54,
73,17,
90,28,
243,-157,
121,-94,
97,-117,
67,-43,
42,12,
80,-128,
98,-77,
113,-104,
54,23,
3,-26,
45,-2,
82,54,
40,61,
127,-22,
92,16,
112,-15,
134,22,
18,-27,
55,-45,
95,-42,
86,-43,
125,-39,
105,-54,
96,-19,
54,-46,
13,-123,
-10,-80,
84,-97,
176,-88,
170,-134,
150,-44,
179,-116,
110,-168,
47,-80,
45,-11,
99,-19,
40,-49,
49,-133,
3,-84,
77,34,
1,-53,
-3,-107,
42,-104,
95,-75,
136,-46,
124,5,
57,-17,
26,27,
54,63,
84,9,
55,-47,
92,-23,
164,-51,
00>
_________________________________
00>
00>
Printing STS1 CIR
00>
00>
_________________________________
00>
22,37,
25,31,
31,18,
-36,5,
-51,54,
-32,61,
32,-1,
135,38,
34,38,
-4,14,
8,45,
-5,5,
-38,7,
-32,-20,
31,10,
24,61,
-24,79,
25,34,
7,-41,
-20,-82,
8,-61,
-16,-21,
20,99,
53,148,
0,55,
-30,-1,
22,17,
69,-7,
60,-35,
63,-6,
9,27,
-25,65,
27,-14,
10,-6,
50,5,
26,-46,
17,-75,
26,-66,
13,-37,
-12,-3,
-7,4,
6,-4,
18,-28,
-3,-32,
1,43,
-29,38,
13,-5,
40,-19,
32,39,
65,38,
21,40,
7,11,
-19,24,
-12,59,
14,-16,
-5,-98,
22,-66,
-15,-44,
16,-31,
14,-7,
-7,-20,
-1,45,
27,28,
57,12,
32,24,
-23,28,
-10,-3,
-6,-18,
28,-2,
-6,59,
39,21,
-10,-51,
-6,-13,
-51,77,
-129,20,
-52,-28,
27,-19,
35,-10,
64,-34,
-18,-23,
9,-40,
-36,-9,
11,57,
58,46,
43,14,
-1,18,
-48,55,
-19,43,
-7,-17,
-16,38,
13,45,
-30,127,
-8,99,
83,72,
35,28,
-8,-19,
-14,-6,
57,-11,
79,17,
25,35,
6,40,
-13,17,
24,14,
-9,-24,
-20,30,
19,17,
-16,75,
-20,33,
-31,27,
-14,45,
-49,4,
13,-2,
71,12,
57,-14,
-3,8,
-21,36,
-1,30,
-19,-59,
19,-45,
67,5,
13,-2,
70,-33,
60,-27,
67,11,
13,33,
-26,59,
11,-37,
33,-25,
-16,27,
-45,34,
-45,-24,
-40,-78,
25,-22,
36,47,
52,2,
-10,-64,
-4,-15,
26,-8,
-31,23,
16,57,
44,81,
76,47,
30,-36,
7,-42,
-2,-23,
-19,-33,
4,19,
39,55,
16,91,
-45,50,
-80,4,
-30,-9,
20,41,
83,0,
15,-1,
-23,4,
-53,-19,
1,-24,
-4,-1,
-15,-54,
36,-17,
74,1,
-6,-2,
3,1,
14,15,
25,-3,
-53,45,
38,83,
28,-23,
-22,-62,
-2,-14,
38,37,
-27,22,
-8,19,
23,-37,
60,-36,
67,-19,
14,15,
4,4,
25,35,
31,26,
68,3,
47,-5,
42,-16,
-17,61,
5,71,
71,-34,
52,-55,
10,-32,
68,76,
28,50,
-6,29,
37,17,
0,-65,
-28,-72,
23,4,
30,31,
46,24,
36,11,
46,26,
46,-1,
87,28,
39,33,
18,40,
-46,30,
-3,-11,
45,34,
45,-29,
-35,-28,
-54,-6,
-16,58,
11,26,
-6,39,
-18,28,
21,60,
28,-5,
3,-6,
31,8,
-7,-52,
28,-63,
0,-37,
16,10,
47,-4,
88,-2,
41,-46,
46,-2,
-13,7,
32,61,
61,97,
56,63,
64,-14,
112,-40,
55,-50,
47,7,
52,15,
-3,-48,
-9,-28,
40,-26,
87,19,
111,0,
-1,18,
-47,34,
-28,39,
45,71,
36,89,
55,19,
34,-53,
16,-14,
17,-21,
50,42,
35,36,
33,92,
8,14,
39,-13,
65,-31,
57,1,
80,-9,
14,-54,
-36,-25,
30,-52,
36,-9,
15,45,
28,34,
11,-30,
19,-22,
-14,-19,
35,-34,
28,-29,
44,-1,
24,-2,
91,6,
47,18,
11,-33,
22,-30,
83,-35,
12,2,
-21,23,
9,64,
30,100,
14,47,
57,49,
76,6,
48,-48,
13,-30,
62,-19,
51,7,
26,23,
11,-28,
-23,9,
-7,44,
-9,-17,
1,-32,
28,-6,
1,-34,
22,-15,
-1,-34,
20,55,
-3,51,
-2,-7,
-11,-4,
63,62,
17,43,
54,1,
85,-21,
19,19,
36,-45,
78,-2,
95,70,
61,39,
77,-3,
115,-60,
85,-48,
39,-18,
19,-15,
-22,6,
79,-42,
94,-36,
15,-1,
29,10,
15,-4,
-40,-22,
-43,32,
1,15,
31,46,
15,53,
-16,65,
35,66,
53,-23,
40,-28,
7,-1,
-38,40,
-13,-21,
-4,-25,
71,31,
40,-25,
14,-54,
-2,-11,
-42,30,
7,24,
12,9,
-3,-8,
28,-2,
3,-12,
43,-52,
78,15,
14,48,
59,28,
105,-85,
42,-33,
66,17,
0,29,
-34,24,
-63,11,
-894,528,
-4559,2255,
-7636,2961,
-8074,2103,
-7792,62,
-700,-1831,
3164,-1716,
1968,-900,
179,-1543,
5,-2707,
528,-2273,
635,-890,
473,-94,
327,31,
370,-42,
230,-102,
105,-169,
62,-493,
-162,-539,
-90,-463,
-152,-331,
-348,100,
-178,360,
354,228,
572,166,
459,82,
321,-3,
304,-129,
169,-186,
-112,-62,
-129,59,
-7,114,
266,13,
397,-136,
62,-124,
38,-86,
80,-82,
193,-14,
248,140,
169,232,
129,169,
221,94,
253,47,
249,107,
209,71,
137,-55,
98,-28,
-80,106,
-219,190,
-433,195,
-79,41,
36,-1,
64,1,
8,46,
8,18,
85,49,
61,46,
77,-41,
108,-36,
162,-21,
223,-87,
243,-164,
131,-146,
48,-160,
-13,-153,
-23,-195,
2,-31,
-1,108,
41,274,
75,326,
139,123,
157,-6,
59,-61,
-28,-89,
52,-160,
222,-131,
261,-30,
229,131,
57,246,
-103,221,
-68,147,
32,57,
66,108,
10,120,
23,60,
80,-82,
117,-136,
108,-125,
162,-31,
139,-2,
95,49,
106,61,
82,29,
27,9,
12,18,
88,11,
107,54,
106,8,
50,50,
31,32,
37,80,
14,60,
134,-17,
113,-31,
67,65,
74,22,
35,35,
130,-1,
75,60,
64,128,
80,131,
65,72,
60,-2,
99,-7,
7,44,
-4,42,
8,84,
71,35,
128,-27,
150,21,
88,51,
42,32,
64,-1,
87,6,
127,-15,
130,-5,
107,-31,
123,-64,
161,-36,
103,95,
64,102,
28,155,
96,93,
153,86,
150,-24,
100,-40,
54,-42,
83,-18,
101,21,
79,30,
64,20,
108,-13,
55,6,
14,-1,
16,9,
94,-42,
67,8,
31,42,
49,23,
105,1,
115,57,
40,42,
4,41,
54,39,
59,-16,
47,-1,
60,0,
101,88,
101,25,
00>
_________________________________
00>
_________________________________
Sequence Number: 36
00>
00>
Printing STS0 CIR
00>
00>
_________________________________
00>
-31,61,
-23,26,
76,11,
10,40,
-10,-2,
-12,-10,
-47,42,
-11,7,
-26,-22,
7,-26,
25,30,
20,31,
-108,-6,
-14,-9,
46,20,
56,42,
45,30,
17,17,
15,-1,
14,-4,
21,-8,
-5,15,
38,-59,
-40,-33,
22,-11,
-16,-32,
67,72,
69,78,
2,10,
10,42,
-37,-3,
-5,-34,
4,8,
59,-18,
39,47,
6,1,
-22,-23,
8,63,
56,6,
60,9,
17,8,
-73,-61,
30,-74,
79,-10,
15,49,
65,8,
30,-3,
27,-21,
-94,-18,
-14,24,
25,61,
65,60,
40,8,
16,-21,
11,32,
39,70,
-46,80,
-90,105,
6,43,
105,-8,
55,5,
-74,69,
-41,85,
-95,12,
-17,22,
37,73,
13,101,
48,3,
21,-57,
-11,-54,
29,46,
37,128,
-13,81,
-50,22,
-40,-17,
-36,19,
19,47,
50,25,
115,3,
108,-23,
-11,16,
1,-33,
80,-28,
13,39,
-10,62,
68,27,
95,13,
34,-7,
-14,-59,
-29,-11,
4,-26,
1,49,
0,46,
10,-77,
63,43,
70,41,
56,-16,
-30,-34,
-7,57,
51,12,
51,-8,
58,-13,
-1,-55,
-16,-56,
-24,13,
64,32,
-5,140,
8,41,
83,41,
62,42,
85,-2,
-49,22,
-11,18,
-17,34,
45,3,
27,-40,
31,-18,
41,38,
44,54,
-30,116,
14,-16,
19,30,
32,46,
32,56,
5,131,
-37,7,
9,-2,
6,-57,
50,12,
57,54,
0,76,
36,27,
63,-49,
44,8,
47,10,
63,31,
10,-7,
-20,-54,
-14,-4,
-21,20,
47,66,
-13,59,
-46,32,
-32,14,
-65,21,
26,-2,
32,-28,
8,-11,
9,34,
-6,2,
-1,36,
46,48,
6,-13,
-4,-47,
10,-77,
-20,-13,
1,-8,
-11,-43,
0,13,
31,32,
-20,-9,
-77,-76,
40,-2,
69,51,
20,-16,
41,-31,
7,-13,
3,-16,
63,17,
61,-27,
33,-15,
24,-49,
-76,26,
-36,11,
-10,70,
-7,41,
0,16,
5,48,
9,39,
2,30,
33,3,
28,-42,
6,-84,
20,-67,
-44,-73,
-22,-108,
14,-35,
0,39,
-6,28,
41,111,
-23,98,
-30,91,
-25,-19,
-3,-36,
54,-17,
26,-13,
43,-100,
9,9,
50,-14,
-5,-7,
72,23,
24,29,
0,27,
-5,10,
-16,65,
-60,20,
-5,37,
20,3,
-19,-51,
69,-47,
35,-95,
35,-48,
27,23,
35,-11,
-40,-34,
-26,-32,
-22,-6,
41,-73,
-17,-51,
-78,-45,
-23,-35,
-6,-14,
-76,-65,
-51,-63,
-79,27,
-27,2,
48,-3,
46,58,
-13,34,
-49,75,
3,68,
41,-16,
73,3,
88,8,
52,63,
81,-26,
27,19,
26,57,
75,32,
69,-21,
14,-62,
-83,29,
-22,69,
27,105,
84,-42,
73,21,
46,52,
20,49,
60,101,
64,3,
30,-12,
2,1,
71,16,
22,-8,
73,-34,
136,10,
82,26,
102,-45,
0,16,
-25,39,
45,23,
41,13,
34,-43,
59,9,
26,58,
-16,3,
-108,-62,
-54,43,
84,38,
25,8,
-72,29,
-11,29,
40,4,
49,-58,
-13,3,
5,-4,
27,17,
-10,-7,
8,-26,
45,50,
25,79,
-60,96,
12,35,
20,15,
-46,3,
12,93,
25,-33,
70,2,
10,74,
16,29,
-29,29,
6,4,
7,-19,
35,-10,
53,74,
-6,34,
23,-2,
-9,5,
-2,89,
46,54,
3,-31,
33,18,
-25,53,
21,14,
66,65,
98,38,
60,10,
35,-36,
37,-32,
27,-7,
28,-47,
34,-40,
-23,-85,
7,19,
25,42,
-13,32,
80,27,
102,34,
15,13,
21,22,
0,30,
-38,0,
-11,98,
32,76,
22,28,
2,8,
6,58,
59,55,
-16,33,
-47,36,
-19,-26,
14,-42,
45,-39,
39,6,
4,-3,
-45,-32,
-39,24,
-47,-8,
-20,-20,
-9,-57,
33,-32,
29,2,
34,20,
32,20,
5,69,
41,51,
109,30,
25,28,
-53,6,
-47,6,
18,59,
-14,0,
-3,20,
27,88,
23,6,
-6,-7,
-30,16,
211,-390,
1482,-1803,
4172,-3773,
5736,-3547,
3785,-892,
-186,1600,
-2693,2067,
-3142,1782,
-3772,2181,
-4794,2462,
-4296,1757,
-2096,656,
-268,79,
335,-53,
214,18,
81,14,
100,47,
230,116,
416,192,
401,172,
302,151,
263,-55,
250,-294,
79,-366,
-23,-216,
-43,-126,
97,66,
276,109,
449,221,
537,229,
292,83,
-33,-105,
-93,-175,
29,-93,
101,-78,
120,-36,
259,47,
99,215,
2,204,
-165,88,
-237,-108,
-220,-255,
-60,-291,
123,-224,
53,-32,
84,-19,
89,43,
137,71,
105,84,
116,-19,
153,-56,
238,-20,
386,-52,
221,-28,
98,-127,
-30,-26,
-6,70,
20,101,
61,4,
45,-42,
-49,-8,
-36,-10,
-37,57,
-31,19,
-85,12,
-148,-26,
-74,-57,
-30,-153,
68,-180,
10,-20,
-43,111,
-38,147,
12,131,
63,-12,
195,2,
60,102,
-70,121,
-127,43,
-45,-19,
89,-57,
39,-15,
-63,22,
-180,21,
6,10,
97,22,
104,20,
36,112,
36,139,
27,83,
26,42,
34,37,
38,41,
64,41,
0,10,
-32,-53,
-41,-3,
-9,47,
107,43,
83,-29,
67,-25,
40,31,
33,120,
-43,8,
-67,19,
12,-4,
18,24,
6,49,
-39,47,
-12,-29,
28,-13,
40,-14,
76,31,
-7,39,
30,10,
0,63,
-35,25,
-18,-19,
28,-49,
-25,6,
-22,49,
-8,-30,
33,20,
3,-21,
-52,-40,
6,28,
-30,44,
21,41,
3,9,
1,3,
-12,-50,
-30,-16,
56,14,
12,34,
8,82,
-77,16,
-6,97,
23,56,
-67,36,
-47,-27,
-34,-69,
-13,-6,
66,6,
94,-13,
38,-50,
20,46,
-50,109,
36,7,
83,-48,
19,-34,
-67,41,
-42,97,
28,87,
109,45,
64,30,
13,31,
00>
_________________________________
00>
00>
Printing STS1 CIR
00>
00>
_________________________________
00>
-56,44,
-55,41,
-33,-3,
15,-37,
5,5,
7,79,
27,12,
-1,56,
23,60,
23,-10,
99,40,
53,73,
9,45,
35,64,
70,107,
67,33,
-1,-3,
-37,0,
-6,38,
5,4,
-5,-3,
60,11,
-77,33,
-106,47,
-22,-6,
36,21,
51,40,
69,79,
-37,101,
-13,88,
92,38,
27,93,
-14,51,
28,118,
34,73,
2,34,
-16,29,
6,-44,
0,21,
10,46,
9,17,
-6,32,
-42,51,
17,38,
-25,-66,
-47,-39,
13,28,
-29,91,
-64,-12,
41,-9,
-15,-36,
-42,-21,
-62,78,
-26,66,
-13,42,
-54,-70,
-51,-14,
-108,-1,
8,11,
45,29,
50,19,
-3,-16,
-29,59,
19,53,
41,32,
24,0,
-24,-46,
32,12,
109,40,
64,8,
-40,20,
-15,32,
66,63,
58,32,
7,22,
-22,50,
-16,23,
31,30,
45,18,
24,0,
1,30,
-14,15,
-14,16,
104,7,
23,18,
14,69,
0,73,
19,76,
11,39,
-57,-18,
-39,15,
-1,-8,
-56,-45,
-42,28,
-63,83,
-23,-24,
-1,42,
21,41,
17,-15,
61,-44,
-19,-1,
14,18,
-7,73,
7,60,
-14,-17,
6,-75,
10,-68,
28,-74,
-5,-8,
-36,2,
34,-72,
34,-28,
-1,22,
8,15,
7,-13,
4,-62,
-55,-55,
-69,44,
-26,53,
-34,14,
20,-3,
60,-69,
16,-50,
-25,-11,
-34,48,
70,-49,
9,0,
-18,14,
4,-8,
5,-36,
-21,-1,
-67,-39,
-24,-1,
2,64,
-18,69,
16,128,
33,15,
63,33,
98,44,
66,8,
-26,22,
-44,5,
-73,-3,
-23,-22,
7,-30,
-18,-29,
-20,23,
50,3,
17,-36,
-3,-55,
-36,-44,
-9,-15,
-24,7,
3,47,
22,62,
13,24,
-19,12,
26,-21,
33,16,
27,46,
-32,-1,
5,13,
19,10,
6,44,
2,11,
-18,9,
-67,64,
-23,4,
16,-20,
32,-35,
23,-50,
-53,-16,
2,15,
68,-26,
129,-32,
46,39,
46,14,
7,28,
-11,92,
-6,24,
-49,36,
-62,21,
-50,8,
4,-35,
-23,-2,
-1,13,
27,-49,
20,-115,
19,-71,
15,-30,
40,28,
2,53,
-31,43,
4,-32,
22,-24,
44,1,
-42,27,
-18,-10,
-32,63,
-13,30,
-46,-29,
-22,48,
15,48,
28,50,
15,23,
22,48,
57,47,
-14,40,
-36,-36,
-33,-39,
-12,1,
-32,14,
37,9,
0,26,
3,-8,
20,-45,
24,6,
-2,29,
-16,33,
4,48,
18,52,
-6,13,
12,11,
-8,-42,
-16,-40,
-25,5,
-46,-14,
-79,-32,
-43,-17,
-44,-4,
7,13,
3,15,
56,40,
-41,-21,
-3,12,
-66,37,
-9,4,
3,46,
-52,72,
-64,1,
4,62,
-22,11,
-16,98,
-41,82,
33,31,
37,13,
24,24,
-55,27,
-8,-2,
-27,-15,
-42,-25,
-73,5,
-42,5,
-83,30,
-9,103,
24,61,
-23,69,
-35,39,
19,5,
32,53,
69,26,
-22,-25,
-25,-22,
-79,-17,
3,33,
63,48,
53,3,
37,20,
84,-48,
30,40,
-62,31,
-37,19,
-11,-1,
46,-34,
35,-21,
-12,4,
14,18,
-2,43,
30,23,
17,58,
-43,53,
-7,4,
-17,-19,
23,10,
35,-14,
-12,9,
58,14,
-13,39,
7,5,
23,31,
79,-39,
37,-21,
-8,36,
-40,63,
-8,69,
4,52,
13,21,
58,53,
-3,-8,
38,-16,
57,-17,
-23,-2,
-52,27,
-79,-23,
-23,-8,
37,112,
82,79,
26,46,
-41,-10,
21,-9,
-22,-39,
3,4,
6,-12,
34,3,
-55,-43,
-48,-10,
-6,-47,
16,-45,
-2,40,
2,98,
11,34,
-10,-3,
-32,57,
28,57,
-36,2,
2,-31,
-3,-12,
7,14,
-21,-59,
-37,-17,
28,-3,
8,10,
-34,17,
19,88,
-1,47,
-12,158,
-35,117,
15,-19,
34,-31,
-13,-6,
71,66,
50,53,
-27,-30,
-70,0,
7,59,
13,55,
-18,71,
25,57,
8,83,
-58,29,
-110,58,
-46,32,
0,8,
11,-45,
4,12,
20,1,
0,-33,
209,-396,
1587,-1869,
4223,-3950,
5637,-4256,
4340,-2384,
824,-14,
-863,95,
-53,-1384,
1289,-2650,
1542,-2540,
975,-1390,
258,-248,
-209,281,
-229,328,
-93,203,
44,134,
22,89,
-121,113,
-242,-140,
-250,-251,
-54,-159,
85,87,
-76,244,
-276,290,
-397,364,
-290,481,
-263,401,
-339,76,
-334,-211,
-325,-266,
-133,-81,
27,-66,
104,-139,
38,-115,
-77,119,
-74,131,
-77,198,
-54,121,
-47,130,
-127,81,
-100,127,
-139,111,
-58,183,
-7,128,
-19,76,
30,98,
149,17,
151,66,
147,148,
-12,270,
-12,267,
-10,54,
-34,-52,
18,-56,
40,-22,
9,20,
-87,39,
-133,72,
-51,171,
-66,132,
-82,112,
-69,98,
-113,181,
-101,169,
-54,177,
-99,139,
-80,149,
-46,25,
-108,-19,
-156,-87,
-113,32,
76,29,
142,41,
62,68,
43,167,
-32,261,
-48,196,
-99,73,
-99,-20,
-106,62,
-112,218,
-211,165,
-142,30,
-47,-53,
13,-15,
37,18,
-1,93,
-66,89,
-99,116,
-42,71,
-90,24,
-98,4,
-155,77,
-30,62,
19,40,
11,120,
-83,112,
-165,113,
-115,142,
4,148,
-20,86,
-65,112,
-42,105,
-56,91,
-50,75,
6,52,
-47,61,
-88,120,
-87,69,
-21,40,
43,74,
-4,137,
-87,116,
-73,97,
-74,71,
-80,40,
-37,20,
-10,-19,
-29,52,
-85,94,
-47,52,
-53,96,
-77,108,
-43,116,
-63,110,
-47,99,
-65,46,
-97,68,
-121,63,
-77,142,
-37,97,
-20,59,
-20,20,
-16,70,
-40,39,
-20,128,
-90,124,
-31,69,
-47,66,
-127,99,
-130,64,
-105,69,
-69,139,
-27,129,
-34,35,
-31,-33,
-81,51,
-41,40,
-42,64,
-83,34,
-29,110,
18,136,
-8,79,
-33,71,
-2,80,
00>
_________________________________
00>
RX Timestamp: 485856843391
00>
Clock Offset: 2041.912 Hz, -0.256 ppm
00>
RX Timestamp: 486931983232
00>
Clock Offset: 2625.847 Hz, -0.329 ppm
00>
_________________________________
Sequence Number: 169
00>
00>
Printing STS0 CIR
00>
00>
_________________________________
00>
44,7,
6,-30,
-83,-96,
-49,-51,
-30,2,
-21,21,
-6,-25,
14,16,
-19,-14,
-4,60,
7,10,
26,-1,
-56,50,
76,82,
42,85,
27,-32,
-6,30,
-57,-24,
-45,64,
21,27,
-29,3,
13,26,
45,52,
75,3,
-4,-3,
30,-65,
-24,16,
4,40,
29,-25,
37,-19,
-20,-17,
-39,-12,
12,-40,
3,-122,
25,-68,
-57,-18,
2,2,
50,-83,
94,72,
94,30,
37,94,
42,52,
32,-9,
50,26,
-29,56,
23,67,
33,34,
22,59,
2,38,
-16,62,
2,25,
-24,19,
-11,61,
1,10,
77,12,
125,-20,
71,-15,
28,14,
30,6,
-20,-51,
16,-32,
53,1,
69,1,
20,-22,
14,-29,
77,-43,
20,-86,
48,-63,
130,-77,
60,45,
-20,40,
-42,4,
11,-55,
55,-35,
92,-11,
19,-5,
30,25,
30,-22,
12,-19,
11,-18,
-45,6,
-4,55,
41,-21,
-2,-39,
-21,64,
-49,104,
8,53,
-80,-20,
-5,-72,
-47,3,
-20,35,
-39,44,
40,82,
39,-10,
-73,79,
-49,16,
25,28,
-19,-20,
-34,-20,
14,-86,
-26,-33,
1,-2,
-28,9,
-3,-25,
-6,48,
-79,77,
-62,22,
-23,-27,
89,16,
57,50,
89,17,
87,-10,
35,-21,
-60,-29,
-5,-41,
-5,-56,
75,-41,
26,41,
56,5,
98,-40,
31,-63,
2,-36,
-53,-31,
4,29,
16,58,
-25,9,
-45,22,
-28,-6,
-2,32,
21,124,
36,-3,
-17,-5,
7,3,
26,4,
-2,22,
-15,35,
28,11,
56,-32,
56,-79,
3,-16,
21,62,
56,60,
65,62,
90,37,
15,11,
-1,-8,
41,27,
-21,59,
-52,-28,
12,-18,
106,71,
83,123,
0,53,
-22,-15,
-14,-58,
90,43,
-8,63,
-88,38,
20,-4,
46,-10,
58,14,
38,-60,
146,28,
91,62,
-46,35,
-23,32,
67,3,
56,-21,
91,-44,
62,59,
79,3,
61,-9,
-3,-2,
28,-63,
21,28,
19,55,
-4,4,
-49,-16,
-2,-26,
41,3,
23,-5,
17,56,
0,57,
-65,20,
-23,7,
47,6,
54,-20,
39,-20,
12,-91,
47,-13,
55,36,
58,6,
-12,45,
8,113,
71,107,
72,2,
-15,-4,
36,-56,
101,-17,
67,13,
43,8,
63,1,
18,81,
-29,13,
-102,-44,
-70,-16,
-56,43,
-42,51,
-20,66,
18,36,
11,-10,
17,6,
65,87,
30,63,
-90,27,
16,54,
85,80,
70,26,
23,-111,
34,-27,
45,-18,
9,21,
30,-4,
-73,43,
-29,43,
-17,52,
28,15,
86,120,
18,63,
-37,9,
-3,2,
-67,66,
7,113,
17,39,
0,12,
-10,-28,
-31,4,
-64,79,
18,25,
-40,-50,
6,9,
-12,-29,
-16,-61,
9,-72,
46,-71,
6,11,
30,146,
-71,61,
-30,34,
-10,-33,
-3,-40,
5,12,
28,32,
-35,-23,
-68,-20,
32,67,
25,35,
-36,45,
-72,35,
-52,-43,
-1,-13,
23,23,
20,90,
-11,36,
20,26,
-14,25,
8,32,
7,-41,
13,-17,
8,32,
-49,28,
-42,1,
4,100,
-38,44,
-33,-11,
-12,-16,
17,14,
-22,-66,
26,-64,
28,-60,
-27,-55,
-7,-49,
29,19,
22,59,
31,5,
13,-17,
5,18,
7,48,
-30,53,
-5,9,
17,-6,
48,-42,
46,93,
22,91,
58,27,
-9,-85,
-38,-74,
-45,-83,
-102,-29,
-26,13,
3,4,
-3,-30,
11,-62,
-23,42,
63,57,
47,60,
46,59,
41,29,
-45,-14,
-6,-12,
-40,0,
-48,44,
-5,-18,
-12,-113,
-62,3,
1,8,
-49,13,
15,60,
32,51,
27,-8,
-15,-28,
-38,-42,
-24,-135,
21,-50,
60,60,
87,95,
79,-59,
19,-62,
-17,18,
-43,-30,
-60,-36,
-13,-2,
12,-15,
23,3,
-10,-36,
-3,-95,
-23,-97,
-72,-5,
-65,-13,
8,-68,
-20,-43,
27,47,
-16,32,
18,47,
63,44,
-18,19,
-3,17,
-20,8,
-8,39,
-18,74,
-57,-4,
-96,0,
-535,282,
-2697,1045,
-6226,1455,
-7240,319,
-4489,-1511,
46,-1426,
1500,346,
-154,2269,
-2059,2965,
-2176,2307,
-916,1143,
184,361,
587,57,
268,-117,
44,-141,
6,-77,
152,21,
189,72,
251,159,
99,199,
53,-46,
-141,-298,
-122,-251,
88,-94,
327,-10,
259,-22,
349,125,
445,340,
533,416,
386,350,
157,197,
-52,28,
-85,-170,
50,-214,
114,-265,
91,-293,
155,-230,
124,-140,
64,105,
8,295,
-6,265,
-1,87,
98,20,
134,35,
74,53,
142,-14,
59,-74,
125,-179,
-58,-226,
-59,-173,
11,-127,
33,-82,
146,-20,
74,92,
1,148,
86,121,
140,-23,
105,-141,
20,-184,
51,-117,
35,-104,
43,-112,
-58,-25,
-96,-2,
49,-50,
14,-168,
40,-47,
25,55,
127,180,
107,165,
161,-35,
72,-192,
93,-150,
28,-103,
14,-83,
95,-83,
188,26,
202,127,
158,153,
52,-3,
131,-163,
128,-110,
140,-52,
110,32,
15,80,
-27,41,
14,-70,
34,-40,
90,37,
40,75,
135,-1,
65,-75,
52,-15,
95,-12,
106,33,
86,7,
30,22,
22,-18,
132,-34,
144,76,
107,1,
96,1,
61,-61,
62,-35,
10,3,
-2,-9,
70,-124,
102,-89,
51,0,
92,-18,
64,-63,
57,-45,
40,-11,
90,-63,
58,-96,
48,-70,
129,-74,
134,16,
97,-8,
100,-18,
51,-30,
73,-30,
105,-25,
97,-27,
66,-12,
76,31,
120,0,
144,-27,
59,31,
37,1,
46,-83,
61,-91,
133,-120,
84,-89,
103,-99,
87,-13,
170,-23,
162,-45,
128,-10,
0,9,
38,6,
42,47,
48,18,
77,31,
12,-71,
-49,-114,
25,-37,
65,-98,
170,-55,
131,14,
93,-5,
63,2,
5,-37,
18,-59,
15,42,
70,72,
73,28,
57,-20,
70,74,
42,53,
00>
_________________________________
00>
00>
Printing STS1 CIR
00>
00>
_________________________________
00>
-29,-15,
9,65,
2,50,
33,41,
14,20,
12,-22,
40,-18,
-7,40,
-1,22,
-34,-102,
7,-57,
23,1,
51,23,
-36,5,
22,63,
31,19,
68,-21,
30,3,
14,7,
22,12,
34,5,
64,-30,
66,-35,
37,0,
10,26,
10,0,
-44,-30,
-84,-53,
-21,-41,
47,38,
35,21,
-6,0,
-36,12,
11,8,
53,61,
-1,117,
-65,54,
-37,72,
-21,9,
12,6,
-27,24,
26,-50,
38,56,
11,18,
-3,-19,
-17,-35,
-31,-22,
0,23,
2,28,
4,27,
51,10,
-24,-37,
1,4,
-65,12,
-54,51,
3,-5,
54,-32,
66,28,
20,0,
5,31,
8,66,
-22,46,
-2,10,
61,24,
89,61,
77,47,
8,-25,
-16,-27,
33,39,
61,66,
65,88,
78,66,
90,-16,
46,-37,
23,-3,
-6,-11,
17,31,
36,28,
11,-37,
9,-28,
19,24,
50,26,
19,14,
-46,-35,
-80,-39,
38,15,
41,28,
-15,50,
45,30,
15,25,
55,-47,
76,-13,
50,-16,
67,36,
15,23,
-27,-5,
54,-18,
122,-26,
24,16,
-21,48,
-33,56,
-39,58,
33,-16,
0,44,
-13,32,
4,-8,
41,-37,
46,-23,
-61,57,
-31,31,
-34,5,
13,2,
26,12,
30,4,
-8,4,
37,-40,
50,-25,
16,-31,
38,9,
44,38,
53,5,
58,-32,
23,-20,
36,4,
43,30,
6,10,
26,21,
18,27,
-5,11,
-25,86,
17,102,
63,44,
75,79,
72,12,
30,-25,
-7,-19,
-1,-75,
-13,-42,
13,-15,
5,61,
23,-11,
6,-26,
-10,4,
9,46,
26,47,
35,32,
21,18,
4,70,
-50,92,
-63,77,
8,83,
-18,16,
-19,-25,
-30,-9,
5,-15,
-13,19,
-14,-27,
-67,-44,
-39,19,
-24,-51,
-32,-14,
16,-34,
14,-51,
13,27,
18,72,
29,60,
57,-10,
46,-11,
15,47,
46,33,
48,-5,
34,2,
-15,2,
12,26,
55,22,
11,-16,
70,-8,
64,40,
6,20,
-22,73,
-20,83,
24,73,
32,26,
9,42,
-42,33,
-6,-32,
13,0,
37,33,
-35,12,
-39,33,
9,41,
30,58,
-33,43,
-26,51,
13,22,
39,26,
38,13,
37,-52,
105,-23,
83,-2,
45,45,
59,64,
35,-7,
-6,2,
-14,53,
-62,47,
-73,8,
20,7,
30,-37,
-16,8,
20,43,
28,83,
-1,72,
-27,14,
-20,-38,
-55,38,
36,72,
36,-8,
5,-35,
2,-16,
10,51,
-56,57,
20,9,
48,46,
49,30,
105,52,
61,58,
15,13,
-1,40,
-5,27,
81,-15,
42,-47,
-62,-70,
-31,-42,
45,8,
57,27,
27,-20,
-11,-25,
-40,25,
44,32,
26,53,
-52,51,
-15,35,
5,-11,
6,3,
-52,21,
5,30,
66,34,
40,-13,
75,-3,
46,8,
8,2,
-59,-6,
5,6,
38,16,
63,-14,
13,-40,
-10,-5,
30,82,
-1,39,
-8,34,
-70,1,
-68,38,
-71,49,
-35,45,
-48,-32,
-85,-28,
25,40,
-7,38,
2,0,
-23,13,
-19,16,
-35,12,
44,-2,
11,-1,
-29,-26,
8,28,
32,42,
-43,41,
7,-31,
37,-29,
-11,7,
-19,16,
42,10,
46,18,
23,54,
-55,51,
-72,-29,
-46,-17,
-21,-14,
27,9,
-5,-8,
-34,82,
-2,31,
-9,25,
10,-1,
10,-5,
3,-13,
41,38,
22,-6,
-2,-1,
-67,21,
-44,41,
-20,65,
58,74,
-22,58,
-37,7,
-35,26,
-24,-25,
-53,-10,
9,8,
33,21,
10,-2,
-42,10,
-57,14,
-3,20,
81,46,
31,41,
5,43,
-45,33,
46,-48,
81,-21,
-16,47,
17,28,
42,53,
46,37,
-34,3,
-6,10,
57,1,
89,-46,
38,-17,
14,57,
-22,58,
-26,26,
-14,-9,
0,49,
-23,56,
-67,31,
-35,21,
-22,14,
-53,21,
2,40,
52,-25,
-17,-4,
-56,3,
-24,-12,
-39,-20,
-64,61,
-16,-13,
21,10,
72,16,
-46,79,
-730,333,
-3298,1165,
-6613,1659,
-7620,1007,
-5016,-522,
-70,-1224,
2019,-774,
1062,-466,
138,-888,
172,-1442,
490,-1189,
508,-492,
433,22,
315,89,
218,16,
178,-78,
119,-173,
25,-219,
-46,-359,
-75,-393,
-217,-171,
-293,117,
-124,268,
198,194,
294,69,
247,-24,
91,75,
100,49,
58,14,
-30,-29,
-115,-26,
35,29,
119,-10,
205,-16,
149,-23,
89,-30,
161,-73,
132,19,
117,130,
81,255,
66,234,
144,110,
235,100,
251,79,
147,-45,
-15,-54,
-1,-23,
-32,124,
-126,126,
-233,55,
-165,-18,
-60,-77,
57,-42,
41,42,
-12,81,
19,40,
122,-4,
148,2,
112,3,
119,-11,
160,-36,
187,-74,
157,-49,
19,-76,
-18,-164,
61,-167,
6,-108,
-29,58,
-15,177,
-18,192,
45,107,
118,48,
115,-93,
60,-96,
112,-103,
127,-31,
127,37,
43,130,
-40,178,
-41,151,
44,98,
119,30,
52,41,
4,22,
57,40,
83,10,
74,17,
77,5,
124,-20,
80,-5,
65,56,
65,114,
44,48,
-22,-11,
48,-8,
21,61,
8,120,
27,82,
28,69,
60,32,
29,48,
36,70,
18,43,
10,24,
42,-49,
79,-30,
72,30,
14,81,
4,96,
24,31,
48,42,
8,14,
24,-15,
12,-23,
13,73,
26,62,
2,-13,
12,27,
42,27,
40,-11,
29,19,
33,24,
49,26,
44,26,
55,-1,
67,37,
64,55,
98,28,
84,49,
37,53,
23,75,
-10,53,
47,10,
65,11,
97,87,
45,14,
55,-80,
18,-42,
69,19,
72,43,
47,33,
-35,56,
-10,48,
-3,47,
30,31,
19,71,
35,73,
27,48,
63,63,
17,56,
5,30,
47,35,
62,85,
23,68,
-4,75,
33,111,
17,62,
48,12,
40,-23,
108,-12,
00>
_________________________________
00>
_________________________________
Sequence Number: 172
00>
00>
Printing STS0 CIR
00>
00>
_________________________________
00>
-20,-5,
-57,-101,
-45,-41,
11,13,
-34,86,
-33,6,
-65,-56,
-87,-70,
-47,-6,
55,63,
18,45,
8,39,
41,-48,
9,-54,
28,2,
-16,50,
-51,37,
9,5,
-69,33,
-17,48,
65,15,
-5,-61,
-31,7,
-54,7,
-2,17,
77,-26,
47,0,
-9,27,
-83,7,
-32,3,
-39,26,
-6,-52,
-7,7,
-50,-20,
-85,11,
-89,12,
-56,61,
-27,38,
8,-65,
2,-50,
-72,-21,
-24,-28,
-17,44,
-50,85,
-33,89,
-104,46,
3,29,
45,-19,
51,-18,
-21,16,
-52,44,
0,78,
-1,40,
-4,-26,
17,-71,
-19,18,
12,21,
-55,-25,
-22,9,
23,29,
28,60,
32,10,
-6,62,
-30,-22,
6,-6,
-17,-4,
3,-8,
-19,-67,
-24,-42,
12,-99,
15,-64,
40,17,
-16,11,
-28,-12,
27,-13,
-33,-20,
-14,-12,
-51,-4,
-2,54,
-10,77,
13,-34,
33,-30,
50,16,
70,55,
75,66,
34,85,
-40,56,
-49,25,
-77,-3,
25,45,
99,88,
40,-19,
-35,-1,
-47,-105,
28,-24,
-4,-1,
5,15,
15,79,
10,99,
32,99,
-7,37,
28,-27,
87,29,
128,39,
92,-10,
-10,2,
-46,91,
-20,79,
-10,10,
-8,-66,
20,32,
-109,42,
20,49,
107,27,
43,32,
16,85,
53,10,
2,12,
4,0,
18,20,
-30,19,
-4,33,
-49,-59,
3,-26,
-8,-10,
-18,9,
20,27,
20,59,
52,-5,
17,-14,
12,-81,
-22,-16,
-17,86,
81,39,
82,31,
85,-11,
44,-10,
-71,-46,
-21,3,
-47,47,
44,47,
43,87,
61,32,
6,81,
-4,45,
-28,-4,
-39,-12,
1,19,
-49,27,
-38,40,
53,46,
106,84,
23,-15,
-13,-26,
25,31,
-7,55,
5,73,
-17,-59,
-1,20,
50,85,
54,-15,
40,4,
59,18,
36,48,
-107,-18,
-64,-17,
38,66,
102,63,
42,7,
-76,24,
-18,49,
26,26,
24,1,
-12,34,
-5,-3,
33,44,
83,-56,
14,-11,
-12,20,
49,21,
70,33,
-3,81,
-27,-15,
-11,49,
35,8,
-37,17,
-24,45,
4,-11,
42,-7,
53,21,
47,35,
-37,-27,
-2,67,
59,41,
15,13,
61,-25,
-8,-15,
-57,11,
-104,-57,
17,-2,
18,22,
-28,-25,
-52,51,
45,66,
53,-17,
56,1,
88,60,
-36,38,
28,-13,
40,3,
35,98,
56,67,
94,54,
55,34,
-16,36,
-20,8,
15,111,
22,73,
13,-39,
11,-60,
49,41,
110,82,
16,52,
-70,-90,
-16,7,
-43,56,
20,81,
-24,57,
-4,19,
21,-28,
-6,10,
45,-34,
55,32,
-1,-35,
-15,48,
54,60,
81,87,
9,13,
-69,22,
-76,-11,
-19,-3,
60,5,
92,52,
3,64,
-61,-23,
17,-11,
27,7,
-7,30,
55,29,
-64,-18,
-53,41,
38,16,
19,66,
-52,-6,
16,-64,
29,-51,
38,-18,
4,-60,
60,-42,
29,-36,
23,-27,
3,-4,
39,17,
66,-21,
-11,28,
46,-12,
75,45,
28,7,
-14,-12,
-17,-5,
-87,8,
17,38,
-4,-19,
-31,-50,
-36,-52,
-12,61,
-24,43,
-3,57,
3,33,
57,37,
-4,-1,
8,-17,
-27,28,
-62,5,
-74,-30,
-65,-48,
-38,-21,
-17,-12,
52,-16,
-37,63,
-87,27,
-78,18,
-59,-11,
-10,-27,
71,-21,
-35,-30,
-65,-19,
-42,-5,
13,89,
-24,30,
33,15,
18,-17,
-5,-35,
33,-32,
-32,-64,
6,-17,
35,-8,
28,-43,
16,59,
48,75,
44,104,
31,101,
9,2,
-8,32,
37,55,
91,33,
38,23,
0,21,
-32,76,
-8,22,
23,5,
52,4,
6,62,
48,18,
23,80,
53,-18,
13,-48,
-25,108,
-3,58,
-34,32,
72,6,
-19,23,
14,-5,
-6,82,
-40,77,
-4,-38,
-2,-33,
12,52,
36,101,
-18,1,
-54,-21,
-45,17,
-16,-50,
41,-27,
-17,-23,
-9,29,
-61,51,
-36,-43,
23,-94,
61,-31,
-3,-40,
9,-69,
-59,58,
-35,24,
23,-4,
55,-105,
257,-350,
1059,-910,
2666,-1559,
3222,-1338,
1631,-115,
-552,712,
-1551,782,
-1726,710,
-2086,784,
-2628,899,
-2217,518,
-910,167,
-24,-20,
203,27,
105,48,
0,90,
27,35,
105,49,
162,109,
142,49,
124,-13,
83,-125,
145,-103,
12,-149,
-81,-106,
-17,-45,
70,135,
115,153,
228,145,
275,151,
73,37,
-93,-57,
-80,-133,
33,-90,
96,-18,
100,66,
29,49,
16,50,
-109,16,
-185,11,
-223,-62,
-49,-176,
-40,-166,
11,-92,
12,-66,
70,49,
45,23,
27,86,
47,19,
23,-80,
90,-72,
149,40,
151,43,
133,8,
82,-18,
4,-23,
-2,-23,
-87,-39,
-56,-29,
-50,-46,
-30,1,
-7,29,
-4,53,
5,113,
-43,19,
-113,-25,
-146,-71,
-45,-61,
54,-39,
57,12,
-10,22,
-49,92,
-36,63,
63,5,
45,-18,
-58,-22,
-96,49,
-38,71,
12,-15,
35,-34,
-13,-68,
-93,-107,
-71,-13,
-24,-34,
42,-31,
19,70,
16,68,
-8,52,
33,32,
-49,26,
-16,-16,
12,31,
115,27,
58,-36,
-28,-31,
-141,-5,
-49,17,
-21,-60,
-54,13,
-57,24,
-42,21,
-99,0,
-59,21,
-17,3,
72,14,
59,111,
34,111,
-43,40,
34,0,
54,-48,
62,-34,
-13,-36,
34,1,
45,16,
81,-5,
88,-44,
31,-49,
2,-71,
-12,-30,
86,44,
71,95,
18,-34,
36,-88,
42,-57,
-56,-13,
-29,24,
-21,46,
48,44,
38,60,
-37,-19,
-31,18,
33,-7,
43,87,
16,15,
-22,21,
33,-61,
32,-8,
-23,-17,
-5,-6,
-8,-5,
-51,-61,
-54,20,
-27,43,
67,15,
15,-19,
3,16,
-11,42,
34,-14,
64,21,
52,-7,
38,-29,
13,7,
-42,-106,
20,24,
61,15,
66,10,
00>
_________________________________
00>
00>
Printing STS1 CIR
00>
00>
_________________________________
00>
26,21,
25,25,
1,42,
11,-8,
54,-6,
-3,31,
49,-17,
108,5,
-34,13,
-22,49,
34,96,
30,54,
-56,31,
-6,44,
52,9,
38,-43,
-10,50,
-37,65,
82,47,
118,-49,
-7,-37,
-45,-58,
-34,50,
3,25,
-41,-7,
3,14,
76,-11,
31,6,
-7,-71,
0,4,
-17,27,
-20,40,
-18,16,
-1,0,
31,21,
54,71,
63,11,
53,-68,
-13,-40,
-13,13,
64,26,
-13,19,
-39,-5,
-20,-27,
12,-8,
16,22,
-12,23,
-4,101,
-50,53,
-5,-19,
-33,-49,
-7,-5,
58,-5,
36,23,
-1,58,
-28,38,
6,46,
47,49,
77,-23,
-11,-62,
-16,-53,
73,-10,
82,-1,
31,20,
-18,6,
-62,25,
-46,-30,
42,-37,
9,-57,
-43,16,
-73,51,
21,60,
26,59,
41,3,
43,0,
43,29,
1,40,
-42,49,
-15,70,
44,30,
23,-40,
-7,-49,
49,6,
28,44,
68,43,
57,38,
81,-40,
-4,-33,
-74,63,
-58,79,
-27,52,
58,15,
113,-13,
19,-78,
-41,-25,
6,-45,
22,13,
-6,-14,
-58,64,
-40,37,
44,-26,
38,-40,
33,22,
-14,53,
-86,54,
-63,2,
-26,27,
-36,12,
-32,32,
4,-54,
-36,-30,
-56,56,
14,24,
35,34,
88,16,
26,39,
5,49,
-38,-13,
-90,24,
-55,41,
-65,16,
-31,-66,
8,-62,
25,-22,
-4,-10,
22,25,
-12,20,
41,68,
62,19,
-2,-15,
-85,-86,
-60,-51,
34,44,
75,-29,
59,-40,
10,-74,
38,14,
72,58,
95,-9,
34,-13,
52,-42,
60,83,
-27,43,
-100,16,
-20,-1,
22,12,
-8,6,
-54,5,
-7,41,
59,38,
31,14,
31,41,
-30,48,
46,-12,
-11,-33,
-35,26,
-2,28,
15,76,
12,18,
0,-3,
31,-22,
12,2,
-12,0,
36,-14,
28,4,
36,-71,
61,-39,
5,-20,
-30,28,
-24,-21,
65,62,
-4,21,
20,-13,
-61,-12,
-44,34,
21,65,
-35,53,
-21,47,
-1,27,
108,24,
91,71,
34,34,
-33,-8,
-5,-9,
15,37,
17,22,
37,-7,
-25,-22,
-2,32,
44,68,
88,30,
20,17,
0,82,
19,85,
54,23,
18,-22,
-52,12,
23,82,
62,77,
20,42,
-78,11,
-73,8,
-32,74,
-27,88,
-56,29,
0,26,
-18,-20,
31,-7,
48,-19,
23,52,
-11,37,
1,-49,
43,-50,
-8,-4,
-73,-9,
1,-1,
-12,11,
19,6,
42,-33,
41,-7,
9,-6,
46,11,
8,-2,
30,7,
58,69,
43,64,
-36,69,
-26,11,
33,42,
-3,11,
-15,-47,
-34,15,
-5,-40,
-31,38,
19,56,
25,71,
2,-32,
4,-1,
31,7,
22,-19,
28,-5,
36,-17,
33,-12,
0,31,
-36,-16,
-26,7,
28,52,
12,17,
-47,-18,
1,-23,
-27,-36,
0,31,
15,-35,
1,-12,
-5,35,
13,49,
31,67,
5,65,
-36,50,
23,57,
-29,71,
53,48,
27,-6,
51,-38,
11,-78,
18,8,
52,55,
6,-18,
34,-12,
-16,-31,
1,-40,
30,25,
69,75,
-18,107,
59,-8,
47,-48,
55,-37,
20,1,
19,29,
46,36,
69,-7,
-16,28,
-63,38,
-10,17,
46,15,
51,27,
18,92,
-4,50,
-14,46,
-47,52,
-53,31,
23,-8,
6,-65,
11,11,
-3,58,
-14,27,
-21,-24,
-49,-13,
-17,22,
50,55,
59,69,
32,6,
-1,-4,
-93,10,
-3,16,
35,14,
70,20,
29,-10,
31,-7,
52,-51,
102,-66,
36,-21,
20,33,
33,-9,
21,5,
24,72,
14,52,
-7,31,
32,12,
3,75,
20,41,
-4,-6,
20,-37,
-20,3,
-12,88,
-1,87,
33,36,
15,-28,
33,34,
17,41,
57,38,
16,-7,
-44,3,
6,12,
-24,45,
12,15,
50,-4,
50,18,
57,9,
25,22,
68,68,
-21,20,
-51,34,
18,39,
45,73,
62,75,
31,84,
21,-7,
-31,-8,
-39,4,
26,-17,
6,2,
-23,58,
17,31,
35,3,
69,-5,
267,-255,
1266,-915,
2857,-1726,
3588,-1621,
2247,-645,
276,138,
-368,-121,
279,-916,
949,-1344,
949,-1142,
558,-621,
155,-79,
-121,109,
-137,142,
-123,123,
-59,63,
-74,35,
-104,27,
-75,-64,
-14,-92,
-22,61,
-23,167,
-61,166,
-215,126,
-205,138,
-196,153,
-180,121,
-155,-34,
-129,-151,
0,-151,
-58,-90,
-21,-40,
44,-40,
86,9,
3,118,
-41,86,
-5,73,
-35,18,
-54,37,
-60,85,
-114,102,
-128,59,
-56,32,
-45,4,
-2,-7,
35,9,
33,-34,
89,11,
29,114,
10,143,
-52,94,
-35,9,
-15,-9,
-24,17,
-13,29,
-76,75,
-80,74,
-69,119,
-39,14,
-86,36,
-57,27,
-21,36,
33,30,
-22,80,
-18,36,
-70,64,
-86,51,
-95,-25,
-121,-25,
-26,26,
-8,40,
58,67,
68,162,
-12,152,
-26,190,
-77,144,
-109,77,
-82,-4,
-6,-43,
0,47,
-60,156,
-72,140,
-54,83,
-79,57,
-30,33,
-54,75,
-65,45,
-57,8,
-56,46,
-17,65,
26,-40,
4,27,
-5,67,
-49,97,
2,45,
-18,73,
-58,71,
-131,69,
-82,141,
-43,133,
1,63,
3,69,
-56,77,
29,85,
35,53,
35,23,
-39,74,
-40,112,
-30,80,
-34,76,
-95,85,
-138,105,
-24,131,
38,72,
-44,108,
-52,73,
-9,98,
-2,45,
-46,71,
-14,-19,
-10,-15,
-25,19,
-31,71,
-31,-4,
-72,-14,
-131,27,
-32,45,
33,22,
14,53,
-19,20,
-28,31,
-49,2,
-33,-7,
-44,-38,
-17,-5,
-20,-4,
9,-4,
-91,-13,
-44,-17,
9,97,
-44,72,
4,28,
26,-4,
10,11,
-62,50,
-26,40,
-23,-17,
-46,22,
-96,51,
-17,7,
-13,31,
-84,43,
-121,92,
-63,39,
-15,18,
-3,-46,
00>
_________________________________
00>
RX Timestamp: 625887942266
00>
Clock Offset: 1498.890 Hz, -0.188 ppm
00>
RX Timestamp: 626962690950
00>
Clock Offset: 1722.050 Hz, -0.216 ppm
00>
_________________________________
Sequence Number: 48
00>
00>
Printing STS0 CIR
00>
00>
_________________________________
00>
50,7,
22,-41,
-1,33,
58,-14,
-5,1,
14,-1,
44,4,
-44,-52,
-3,-43,
34,5,
7,37,
-30,7,
-4,-7,
35,-22,
25,-22,
-8,-31,
-20,-12,
-56,5,
-53,51,
-15,11,
-80,-57,
-72,20,
70,28,
66,33,
34,-5,
11,-36,
19,-16,
55,-12,
34,19,
49,17,
58,33,
20,48,
6,2,
-9,-42,
11,6,
-8,38,
-115,31,
-58,41,
23,-68,
-6,22,
-3,28,
32,22,
61,-2,
20,65,
-15,23,
-14,-45,
-19,-86,
9,-44,
15,13,
-50,37,
-13,17,
-15,-29,
35,5,
3,-35,
-27,21,
22,52,
75,35,
80,-3,
59,-41,
-10,-1,
-92,18,
15,-4,
48,36,
46,1,
6,-24,
-39,-13,
-48,32,
-33,20,
-54,30,
-35,-74,
57,2,
139,42,
58,21,
40,18,
34,11,
18,51,
-45,-21,
30,19,
46,99,
19,43,
-17,-66,
-104,-40,
-103,36,
-41,42,
19,55,
14,-16,
28,-57,
105,-57,
10,-64,
61,-9,
-47,6,
35,-3,
-10,-43,
-3,-11,
36,42,
17,11,
2,-21,
-34,43,
-30,51,
-43,-2,
-51,24,
54,-31,
40,-34,
-8,-62,
31,-62,
62,-31,
26,-6,
45,32,
37,41,
62,-20,
-51,-25,
-12,-38,
-60,-5,
-16,26,
106,-40,
70,-60,
45,-19,
61,35,
13,23,
-86,7,
-104,11,
-48,39,
-78,59,
-26,44,
-32,24,
-9,-25,
-22,11,
-7,67,
-45,-42,
63,-17,
9,-43,
61,0,
42,48,
-26,36,
-64,22,
3,17,
-13,-5,
-54,8,
21,25,
-32,27,
21,-29,
27,37,
19,-26,
17,26,
-27,24,
32,33,
5,-10,
-44,3,
6,2,
-19,48,
49,-9,
107,-11,
35,-11,
-18,-3,
8,65,
13,-10,
-22,20,
-27,2,
15,25,
36,7,
28,-29,
29,34,
7,34,
-29,30,
-2,91,
48,-46,
67,-24,
34,34,
40,-14,
18,-8,
-20,-22,
24,72,
-7,-64,
19,-53,
-40,-3,
4,13,
-9,49,
107,12,
51,-22,
15,-10,
101,-49,
45,42,
23,27,
-35,16,
111,-22,
27,35,
-31,85,
-34,11,
-14,11,
-7,21,
23,21,
-20,-32,
30,-6,
71,26,
42,-34,
24,-45,
66,-38,
16,35,
-49,39,
3,-55,
-37,-11,
32,7,
-14,-10,
-16,36,
-71,31,
-34,21,
-3,61,
45,8,
4,-43,
56,30,
32,-13,
-12,12,
-2,-16,
44,-23,
57,-28,
-26,65,
50,72,
43,72,
-25,-4,
4,-9,
0,-69,
34,-91,
31,0,
34,-24,
-15,-23,
-4,41,
9,39,
-8,6,
-64,-18,
-8,-7,
14,-13,
11,34,
54,-96,
39,-49,
53,-37,
-17,23,
7,27,
14,17,
18,-9,
40,-14,
62,17,
2,-5,
-3,-34,
26,8,
55,-31,
-28,26,
31,40,
16,74,
4,41,
59,42,
93,24,
29,33,
-5,-76,
-1,-53,
4,-40,
1,0,
-81,10,
-44,38,
13,8,
18,-27,
8,-23,
33,-8,
47,-12,
44,1,
34,-37,
-18,-19,
-33,50,
44,57,
-16,6,
32,-1,
4,-46,
38,-16,
-10,14,
24,-20,
-20,10,
25,-18,
47,15,
60,22,
53,8,
-26,-2,
10,-10,
39,-13,
38,-27,
29,8,
23,19,
41,-77,
-10,-33,
-41,8,
45,-18,
30,9,
31,12,
-40,-5,
35,0,
28,-14,
52,-40,
27,-43,
47,27,
27,25,
52,-30,
30,-13,
-24,-4,
9,48,
39,54,
4,-3,
-15,-2,
-16,-31,
18,-14,
45,-47,
75,6,
38,56,
-18,43,
-37,-12,
-13,-26,
-56,1,
-80,60,
17,3,
29,29,
55,17,
12,29,
-19,-16,
32,-119,
62,-36,
53,6,
9,15,
41,-27,
16,-11,
96,-42,
-45,-54,
-58,-40,
59,-13,
24,-17,
33,-77,
10,15,
11,13,
5,31,
-21,-5,
-27,18,
-72,-42,
-13,8,
31,-63,
-12,-13,
62,33,
45,-14,
27,26,
-1,11,
-6,3,
19,7,
35,-37,
28,7,
9,23,
33,3,
14,-34,
561,229,
3308,2200,
6218,5328,
5764,6607,
2450,5541,
-2624,-679,
-4236,-4068,
-3644,-4730,
-4135,-5705,
-4561,-6663,
-3625,-6415,
-1325,-3076,
31,-230,
246,487,
-24,300,
-56,90,
-90,137,
-73,226,
-220,332,
-225,242,
-46,371,
180,352,
404,221,
474,54,
302,-65,
93,-29,
-70,120,
-97,525,
-122,643,
-132,724,
-53,433,
148,72,
254,-144,
210,-126,
57,60,
-7,66,
-18,233,
-318,139,
-496,-31,
-263,-348,
162,-422,
356,-311,
323,-124,
351,33,
247,126,
99,146,
54,174,
-19,187,
-12,235,
121,306,
12,164,
0,99,
147,299,
127,224,
36,98,
-95,15,
-76,-54,
-151,53,
-121,92,
25,-4,
72,-123,
-31,-66,
-73,9,
-64,-31,
-94,-118,
-34,-212,
83,-114,
136,-119,
264,6,
44,40,
-39,39,
-160,16,
-122,112,
-81,129,
-62,200,
-87,120,
-185,-22,
-90,-155,
76,-48,
36,74,
17,21,
27,-97,
78,-153,
114,-38,
43,154,
-35,81,
-89,83,
-98,-23,
-67,-23,
-93,2,
-55,50,
-12,-37,
6,-56,
13,38,
37,70,
-39,6,
-51,-71,
-23,-91,
-4,9,
8,-15,
-47,33,
65,121,
29,114,
14,74,
25,-18,
-28,-15,
-52,-48,
-6,-44,
-1,-68,
12,-3,
-7,21,
20,-23,
31,13,
70,58,
67,4,
47,-13,
118,-14,
141,38,
106,79,
82,69,
17,63,
-33,33,
-64,0,
43,-58,
114,-30,
-4,29,
-11,76,
-18,50,
5,58,
18,39,
-4,91,
-4,43,
-34,61,
41,27,
8,-56,
32,-61,
4,-78,
-8,-83,
-78,-55,
-80,-35,
14,6,
74,82,
23,35,
-30,4,
-15,22,
-11,-4,
12,20,
-27,39,
5,76,
-3,14,
36,81,
62,2,
22,-41,
0,-26,
-12,-60,
48,-9,
70,7,
64,-17,
6,-27,
28,28,
00>
_________________________________
00>
00>
Printing STS1 CIR
00>
00>
_________________________________
00>
64,28,
13,67,
9,39,
32,-28,
-12,-19,
14,33,
24,-13,
44,44,
14,30,
33,48,
29,13,
17,16,
-20,-39,
7,-15,
12,36,
37,-20,
13,-11,
-26,51,
-45,73,
-45,41,
-64,23,
6,-36,
49,2,
42,8,
-63,28,
-21,38,
-68,18,
20,16,
-2,-3,
16,41,
41,65,
1,15,
44,-18,
132,-8,
2,7,
-76,61,
15,19,
4,-37,
90,-18,
26,24,
35,51,
30,36,
68,52,
55,-4,
20,42,
-6,12,
52,-10,
42,11,
41,14,
13,17,
3,-6,
-15,14,
-76,10,
-49,-8,
26,-20,
35,16,
-53,35,
-52,74,
-59,34,
8,40,
74,-16,
-29,-16,
-16,-7,
-7,-14,
86,-15,
43,-21,
-14,28,
2,38,
-24,9,
-44,29,
-29,9,
40,-17,
70,10,
-25,14,
-25,81,
48,34,
57,22,
6,-12,
44,-35,
35,-46,
-9,-14,
24,-55,
22,10,
-22,61,
19,36,
0,31,
66,-1,
23,27,
27,64,
35,-9,
68,-38,
74,-25,
41,29,
-15,77,
-3,47,
17,5,
-4,-38,
-92,-64,
-12,-28,
-4,-17,
17,35,
4,56,
21,55,
55,43,
15,-32,
62,23,
-9,56,
-9,34,
-31,57,
-37,3,
39,2,
71,12,
15,52,
-69,6,
4,25,
45,-6,
3,9,
-43,-25,
-23,-67,
34,-1,
15,9,
-9,9,
-22,58,
31,12,
68,58,
-29,-30,
19,-32,
-2,24,
1,60,
72,27,
112,5,
57,-14,
76,7,
-12,5,
-34,-21,
103,-1,
54,23,
5,27,
24,7,
56,26,
72,-29,
-10,21,
-8,19,
-30,-6,
-18,30,
4,-9,
-46,83,
-62,77,
-39,53,
19,55,
54,18,
21,-6,
19,42,
6,16,
48,54,
49,5,
-23,16,
-3,22,
-17,-10,
-26,54,
-32,44,
67,-2,
8,-6,
28,30,
37,-16,
-5,-11,
24,0,
45,-18,
57,44,
72,17,
5,-24,
20,-1,
17,3,
19,8,
-6,-11,
-10,4,
-9,37,
61,110,
-55,44,
-32,83,
4,65,
31,28,
18,-30,
7,-8,
-79,93,
-62,89,
12,18,
32,-2,
48,-23,
40,-22,
46,-22,
4,45,
25,33,
30,9,
29,-5,
17,3,
121,-38,
45,10,
2,25,
-9,30,
1,12,
31,-39,
75,7,
21,34,
-12,-2,
-8,67,
35,43,
33,-19,
57,44,
-28,17,
-58,-3,
-85,-6,
-9,14,
54,-7,
48,44,
-2,39,
-10,26,
-1,98,
31,66,
-10,5,
26,-42,
71,-9,
68,32,
21,-8,
10,30,
-21,27,
-13,50,
-2,77,
-13,31,
40,-9,
-7,-56,
-45,-59,
-16,86,
35,93,
-13,44,
26,-21,
53,-36,
42,-26,
-3,-1,
-18,-7,
1,-40,
5,83,
-24,85,
14,30,
59,0,
29,-17,
55,1,
38,41,
33,27,
-29,17,
32,-43,
-21,2,
30,42,
35,-10,
82,42,
80,-24,
53,18,
58,68,
51,-31,
-6,3,
38,-11,
32,-12,
71,2,
52,11,
7,-1,
-29,-11,
19,14,
38,-27,
69,-1,
15,19,
12,21,
-18,31,
-56,-1,
-7,7,
24,22,
11,27,
-6,-29,
4,-44,
18,-3,
-35,39,
-12,59,
34,28,
27,50,
28,8,
45,-3,
-9,43,
24,36,
11,20,
-30,-13,
-11,41,
-10,1,
-27,44,
-5,-10,
-51,25,
-14,41,
4,35,
4,14,
60,19,
102,41,
67,31,
53,20,
-10,59,
-5,-19,
-2,23,
-28,32,
1,-11,
44,-65,
83,-64,
88,-63,
-26,81,
11,24,
52,41,
72,24,
83,-30,
47,-1,
37,37,
-47,25,
-21,15,
-6,47,
-26,11,
66,1,
75,-35,
92,-45,
96,-80,
-4,-46,
47,7,
109,40,
31,10,
54,-32,
-1,-93,
-82,-7,
-25,10,
12,-1,
4,-43,
-10,-25,
-38,34,
72,18,
30,93,
-46,50,
-19,18,
-31,-27,
-10,32,
26,80,
50,45,
47,71,
68,32,
63,-25,
6,60,
8,107,
36,60,
45,5,
68,46,
571,280,
2754,2222,
5297,5913,
4952,7239,
3241,7016,
229,1629,
258,-1051,
2363,-337,
4506,1951,
4341,2724,
2425,1871,
481,591,
-325,-62,
-450,-317,
-262,-214,
-153,-81,
-148,-60,
-32,-245,
307,-367,
413,-258,
249,-99,
-157,33,
-340,-44,
-370,-386,
-508,-680,
-625,-665,
-441,-501,
154,-425,
507,-430,
443,-373,
273,-224,
185,-13,
183,72,
65,150,
-70,56,
-87,37,
-205,-67,
-188,-168,
-121,-164,
-52,-140,
-68,-144,
-248,-95,
-322,-102,
-161,-97,
-68,3,
-18,117,
-38,116,
-123,149,
-176,105,
-332,14,
-184,45,
17,-36,
135,-37,
30,20,
-40,95,
-81,73,
-76,-21,
-99,-97,
-12,-60,
-62,-4,
-61,20,
-80,22,
-80,-50,
-93,-52,
-133,-80,
-211,-154,
-1,-115,
88,-75,
111,-194,
9,-154,
-68,-49,
-194,26,
-122,150,
-171,124,
-214,67,
-223,60,
-154,-82,
-81,-185,
-22,-150,
-83,-106,
-171,-58,
-140,-257,
72,-185,
109,-54,
43,6,
-91,11,
-137,-23,
-200,-62,
-120,-22,
-24,25,
-57,-95,
-13,-149,
-18,-105,
-93,-40,
-99,-31,
-147,-27,
-123,-28,
-152,-134,
-99,-64,
-104,22,
-154,22,
-130,-77,
-99,-36,
-160,-41,
-103,-15,
-81,12,
-104,37,
-108,-13,
-145,-52,
-107,-36,
-97,-43,
-141,44,
-100,6,
-123,-72,
-103,-13,
-62,17,
-15,-18,
-28,-73,
48,-57,
-25,-97,
-76,-52,
-24,-7,
-40,-70,
-48,-58,
-22,-34,
10,-80,
17,-71,
-54,-34,
-69,-8,
-49,-64,
-17,-33,
-29,29,
-123,-35,
-76,-43,
-66,-3,
-74,-56,
-117,-97,
-61,-28,
-8,-13,
21,-82,
-5,-119,
-28,-47,
-11,-33,
-67,-41,
-43,-17,
-45,-74,
-11,-58,
4,-28,
-39,-80,
-4,-40,
-77,-53,
-86,-61,
-51,-119,
-72,-93,
4,-20,
-19,-40,
-29,-75,
-60,-98,
-54,-85,
-106,0,
00>
_________________________________
00>
_________________________________
Sequence Number: 51
00>
00>
Printing STS0 CIR
00>
00>
_________________________________
00>
-66,0,
-51,28,
-22,-18,
10,-40,
-29,18,
-74,-15,
-39,-18,
47,-33,
47,11,
10,-25,
-21,-51,
11,-45,
31,-40,
37,-43,
22,10,
-28,18,
48,82,
110,113,
32,-17,
-53,-16,
-24,10,
-8,-5,
15,-13,
38,17,
-9,68,
-21,2,
26,-39,
50,58,
48,120,
74,81,
37,64,
6,92,
-41,11,
19,-38,
-9,-59,
3,-108,
9,-9,
-51,18,
6,-28,
37,9,
-5,39,
-18,-23,
15,-50,
-25,-94,
-4,-79,
-11,-19,
-49,35,
-61,13,
-68,15,
-60,10,
2,-107,
45,-81,
40,89,
11,71,
20,47,
-64,28,
46,-31,
-71,-28,
-34,-6,
-76,23,
-71,22,
16,72,
73,-53,
-57,-29,
-33,-14,
-26,68,
-34,-5,
-24,47,
41,-11,
73,-27,
73,-45,
-38,-5,
-66,-9,
-13,33,
-28,-23,
-12,5,
-4,-41,
36,-28,
38,-21,
11,-3,
-41,61,
-27,-42,
-26,-5,
14,-55,
-26,15,
9,7,
66,-69,
41,-53,
-34,39,
-58,26,
-62,-39,
3,-34,
77,2,
24,-51,
-97,-67,
3,-22,
31,30,
-33,-43,
5,-46,
-11,-40,
14,-41,
-14,-81,
11,-13,
27,59,
46,83,
61,42,
59,-20,
29,-26,
-18,6,
29,43,
42,74,
-35,12,
-69,-77,
-70,-74,
-25,-16,
9,-1,
55,34,
3,39,
39,69,
21,42,
42,-5,
63,-56,
14,3,
30,10,
56,-11,
34,7,
42,80,
19,24,
79,30,
5,-33,
8,35,
26,-16,
-9,34,
29,1,
-36,-52,
-30,44,
-37,-33,
-29,16,
35,7,
15,23,
19,5,
30,29,
-15,-17,
-84,55,
-5,-10,
-39,-12,
19,51,
80,77,
33,-12,
-34,-38,
17,-7,
59,-14,
30,-4,
45,-29,
-36,0,
-46,-11,
39,54,
3,54,
15,-30,
30,-17,
67,20,
44,36,
-6,7,
-40,-100,
-18,-74,
0,-87,
33,-9,
39,6,
60,-12,
9,-53,
-23,-61,
-27,-26,
35,4,
32,-11,
60,-30,
-3,-23,
-9,-68,
18,-35,
-10,8,
66,31,
38,84,
8,15,
-9,-16,
17,-93,
7,-78,
-6,-15,
51,56,
62,75,
12,-4,
9,-58,
-17,-45,
-34,-30,
10,43,
-6,69,
-39,-46,
-26,-83,
67,-50,
29,22,
51,-10,
32,-23,
-32,-6,
-59,-10,
19,64,
-32,46,
-26,-48,
-44,-41,
-38,2,
33,56,
49,5,
72,-76,
42,1,
-8,30,
-10,33,
88,94,
33,58,
-77,-39,
-83,-19,
37,70,
-7,56,
3,-9,
-49,-59,
-116,-51,
-22,53,
-52,46,
-23,-26,
50,-4,
59,42,
3,16,
-4,-56,
-11,-21,
1,40,
12,16,
14,-33,
10,-41,
29,5,
-36,17,
-85,-9,
47,122,
-5,13,
-8,-8,
-11,-9,
-71,-22,
36,-29,
105,-36,
38,-54,
33,-71,
34,-8,
7,24,
-36,3,
8,30,
0,-5,
4,-18,
31,-33,
43,18,
5,96,
53,-3,
0,-14,
-18,-56,
-5,-31,
83,-24,
-1,-57,
18,-50,
39,11,
101,69,
41,23,
-21,-10,
-91,-54,
3,0,
7,2,
-33,3,
-34,-6,
-21,0,
-33,-38,
61,-59,
30,-3,
21,23,
-27,45,
-59,-18,
65,-39,
43,3,
8,48,
16,49,
-31,52,
-38,32,
-45,51,
-1,44,
72,-49,
93,9,
60,46,
58,12,
24,-4,
40,-3,
5,-16,
45,10,
-12,42,
85,75,
18,64,
17,-24,
-40,-20,
-15,2,
-24,13,
61,35,
37,11,
-21,-5,
-58,-22,
31,27,
-14,-12,
31,16,
50,54,
42,38,
61,51,
43,19,
59,45,
-12,23,
25,-11,
3,-20,
30,-18,
-36,-21,
-25,76,
-75,55,
-45,42,
-41,-73,
-26,-78,
61,-7,
11,58,
13,67,
-16,58,
20,7,
-15,57,
16,17,
4,46,
72,-22,
35,-12,
-1,38,
-54,-9,
-1,37,
92,56,
-9,28,
-52,-28,
-65,17,
33,42,
68,20,
7,81,
-14,22,
-30,-31,
23,-28,
-13,27,
3,24,
-336,-254,
-1926,-1432,
-4443,-4043,
-4615,-5781,
-2021,-5169,
1347,-1399,
1299,1149,
-1421,940,
-3727,-325,
-3523,-844,
-1864,-382,
-363,260,
306,512,
300,256,
167,13,
109,45,
182,141,
195,232,
14,270,
-76,203,
-1,96,
124,-214,
141,-257,
96,-64,
164,135,
155,211,
60,287,
48,537,
-64,617,
-55,545,
-80,219,
-75,-25,
36,-130,
101,-37,
177,20,
240,-29,
332,77,
119,112,
-168,74,
-282,54,
-253,109,
-84,175,
-30,129,
74,131,
77,136,
103,80,
59,17,
145,94,
226,23,
224,-2,
76,24,
-1,24,
-48,88,
-48,173,
-73,180,
-18,195,
30,141,
192,63,
125,92,
87,6,
148,-34,
95,-61,
134,-43,
51,11,
81,36,
107,-59,
124,-3,
40,-1,
-18,155,
10,163,
85,80,
189,31,
180,11,
74,77,
95,14,
147,51,
171,183,
95,232,
-65,174,
-28,64,
76,33,
267,103,
240,53,
85,-56,
30,-43,
22,19,
51,28,
38,-10,
60,-50,
100,-23,
68,30,
100,82,
60,67,
36,-7,
30,4,
34,70,
82,119,
104,53,
48,57,
-38,38,
-79,63,
69,66,
35,48,
-20,98,
-27,92,
73,32,
87,-19,
109,36,
72,78,
60,-3,
1,-41,
5,-80,
-16,-33,
62,55,
18,109,
-4,79,
19,110,
33,74,
-15,130,
8,78,
0,49,
-18,40,
95,27,
18,80,
-9,43,
-56,13,
58,81,
73,63,
57,85,
63,87,
111,17,
122,-1,
54,6,
86,-33,
92,31,
65,-9,
91,-11,
88,17,
60,23,
35,14,
-13,54,
26,58,
-11,11,
26,66,
48,47,
117,55,
78,-29,
-76,37,
33,-51,
39,-3,
38,10,
46,23,
44,63,
47,105,
-13,86,
-4,79,
30,155,
79,6,
-11,-35,
76,-9,
97,72,
122,124,
21,173,
8,105,
00>
_________________________________
00>
00>
Printing STS1 CIR
00>
00>
_________________________________
00>
120,-28,
24,60,
-30,73,
-55,42,
-16,82,
1,38,
31,42,
-18,-1,
-10,-46,
36,-76,
128,-33,
55,28,
24,30,
-7,-7,
36,-40,
34,-39,
-10,53,
24,-13,
-24,16,
75,16,
15,68,
15,80,
-10,36,
10,33,
-32,136,
-70,32,
27,-4,
18,-31,
29,-32,
-25,-1,
14,-20,
60,-95,
96,-22,
-41,-51,
-58,13,
-40,15,
-15,-43,
44,-15,
-11,-68,
-67,-14,
-56,93,
-14,40,
14,-27,
23,-32,
-12,-24,
17,1,
63,-20,
33,-5,
-28,58,
-13,-18,
35,-54,
32,53,
-21,61,
6,-41,
1,-108,
-13,-19,
-79,75,
-24,131,
-40,73,
46,6,
52,-28,
-45,-72,
-86,-53,
-52,-56,
41,-34,
3,-52,
-9,83,
79,93,
65,84,
-11,16,
-38,17,
-49,-34,
4,9,
-17,89,
1,102,
-19,23,
1,-6,
-71,10,
-58,37,
-16,16,
-27,-6,
-9,-38,
40,0,
55,99,
-51,61,
-47,36,
1,5,
26,5,
-3,-9,
-98,31,
2,23,
-1,62,
-9,47,
51,-19,
-37,-77,
20,-67,
36,13,
51,47,
-18,47,
-1,-7,
18,15,
-79,37,
-69,20,
-22,45,
20,49,
12,-35,
-27,20,
-31,65,
33,99,
45,53,
8,-4,
-13,-20,
-32,-15,
1,-61,
-21,-33,
-36,-24,
-57,-15,
-28,-5,
15,-50,
22,-50,
48,-47,
23,-1,
79,-20,
-15,33,
-11,56,
-28,31,
-11,-12,
-49,27,
14,-4,
-2,-28,
-5,23,
15,83,
3,47,
71,30,
102,13,
34,32,
-8,11,
-21,20,
-29,-19,
22,-16,
27,-3,
-46,-43,
-7,-4,
21,43,
30,13,
14,-38,
77,-60,
93,-76,
71,51,
10,61,
15,-10,
77,2,
7,25,
-50,-16,
-11,21,
-35,56,
19,28,
-15,36,
-34,16,
-18,69,
15,-13,
-5,11,
-35,-43,
-23,-4,
-21,89,
12,90,
7,23,
-56,31,
-38,-55,
33,-85,
-31,-25,
-58,1,
13,42,
-15,69,
-1,28,
15,-12,
79,-15,
68,-28,
-25,-19,
-22,33,
0,20,
41,-19,
74,-31,
51,9,
27,18,
22,46,
20,45,
7,16,
39,-21,
72,-11,
-7,74,
-17,58,
5,90,
22,73,
15,13,
6,-23,
-36,3,
10,5,
36,-40,
13,-36,
-32,22,
-5,-11,
6,23,
-1,32,
-17,39,
-46,33,
11,41,
-14,-4,
15,-54,
21,-53,
103,43,
57,47,
-17,5,
-31,-25,
4,-17,
3,6,
11,9,
-57,12,
-29,20,
-50,23,
39,-52,
62,-20,
65,-8,
-40,12,
-8,38,
22,1,
26,-55,
-8,-16,
52,58,
-17,55,
-19,17,
71,2,
90,21,
75,42,
82,40,
63,46,
57,46,
41,33,
1,136,
25,90,
-32,10,
-7,-39,
-14,-65,
32,-43,
32,22,
-30,-45,
-27,-105,
43,-41,
26,24,
29,2,
84,4,
80,29,
2,-8,
7,-19,
13,-32,
20,12,
-64,59,
-4,59,
19,18,
19,-35,
14,-12,
75,19,
72,12,
4,50,
-15,76,
42,-10,
30,-5,
78,17,
78,101,
56,69,
49,14,
31,19,
53,-52,
45,-22,
-1,-23,
-14,14,
48,33,
78,69,
57,18,
21,49,
10,54,
78,-14,
34,-49,
14,-34,
-47,-6,
-9,92,
6,72,
2,33,
-18,51,
71,17,
69,-5,
-33,-8,
-23,13,
-28,-17,
84,-4,
100,33,
76,37,
10,31,
-51,16,
46,1,
60,-1,
60,17,
-22,18,
-19,12,
-54,39,
-2,30,
-22,-15,
-2,1,
-55,36,
-55,-15,
25,42,
89,11,
110,-23,
40,29,
10,-8,
19,10,
26,-16,
-14,-34,
-4,-80,
23,-41,
35,32,
10,80,
-5,73,
-43,-69,
106,-79,
88,-38,
59,-15,
34,43,
20,20,
-56,46,
-10,59,
66,34,
104,-49,
38,-22,
-45,4,
-1,62,
-35,30,
26,15,
63,-76,
61,-77,
-17,14,
-78,108,
-3,90,
37,29,
40,-17,
64,11,
38,-43,
49,-1,
-333,-161,
-1802,-1153,
-4429,-3658,
-5233,-5518,
-3452,-5301,
128,-1840,
1624,894,
1202,919,
907,-400,
1254,-1019,
1257,-555,
807,17,
299,247,
108,195,
86,148,
197,74,
246,-34,
286,-57,
329,-204,
340,-244,
249,-309,
-124,-235,
-282,27,
-146,304,
66,310,
84,200,
116,151,
105,121,
98,55,
46,-55,
-57,-76,
-91,66,
28,212,
110,222,
213,152,
130,30,
164,63,
79,162,
17,215,
-83,226,
-159,193,
36,197,
86,222,
64,160,
93,185,
96,47,
54,2,
14,-30,
-100,-93,
-179,-125,
-195,-104,
-29,-24,
2,22,
38,20,
-35,58,
-51,111,
12,99,
29,56,
27,13,
-31,134,
55,173,
177,24,
226,-78,
182,-39,
30,-86,
134,-1,
225,-26,
106,62,
-93,132,
-128,133,
-86,62,
62,91,
103,24,
103,27,
129,22,
182,17,
111,90,
-6,163,
-81,141,
-111,-18,
-75,15,
-6,15,
10,50,
8,84,
31,74,
21,42,
66,70,
87,32,
57,73,
39,80,
22,84,
57,92,
-1,93,
-24,51,
-51,20,
-15,-36,
-24,5,
-1,22,
54,74,
-15,78,
23,85,
-20,23,
11,-24,
26,-5,
-21,20,
-37,87,
-12,122,
42,25,
11,-31,
-31,-11,
-21,32,
-29,15,
-17,35,
8,61,
9,0,
14,77,
-45,44,
-47,0,
21,53,
-37,71,
2,19,
56,11,
35,59,
59,89,
1,88,
13,41,
111,152,
54,171,
20,88,
20,-2,
64,-45,
11,16,
-6,111,
-8,109,
76,71,
50,83,
10,27,
71,9,
86,48,
32,53,
64,50,
23,87,
49,65,
15,54,
-5,42,
33,112,
32,154,
16,39,
64,75,
-37,33,
-42,-21,
-22,18,
-11,-9,
6,37,
-10,110,
-23,89,
18,53,
12,9,
1,78,
30,61,
30,44,
29,68,
-114,17,
-21,-14,
00>
_________________________________
00>
RX Timestamp: 766267435136
00>
Clock Offset: 1580.715 Hz, -0.198 ppm
00>
RX Timestamp: 767341995394
00>
Clock Offset: 2265.072 Hz, -0.284 ppm
00>
_________________________________
Sequence Number: 184
00>
00>
Printing STS0 CIR
00>
00>
_________________________________
00>
-2,0,
15,-48,
-21,-2,
-19,25,
-61,-3,
-23,-58,
36,-35,
11,-60,
33,-55,
-28,-19,
-45,-4,
-49,-141,
-17,-72,
63,21,
60,61,
5,62,
2,27,
-64,-22,
-25,-21,
17,-11,
-7,-37,
-4,-27,
66,63,
-18,12,
14,-3,
31,-9,
-2,82,
-12,18,
-27,13,
50,41,
61,53,
6,10,
-86,12,
-22,63,
-78,-57,
-89,-44,
48,-35,
-7,-8,
7,-8,
22,86,
52,69,
25,85,
-37,70,
0,9,
22,11,
31,-10,
-55,26,
-30,-8,
71,39,
68,-51,
-22,-74,
-14,-30,
21,43,
52,32,
-1,-31,
-37,-16,
1,-13,
-40,-7,
-19,-46,
-66,-28,
-54,-15,
42,7,
-14,-43,
-4,23,
-61,17,
-35,-30,
-19,2,
45,-38,
8,1,
50,-7,
-19,92,
6,35,
0,1,
-63,26,
-9,66,
15,64,
52,29,
13,68,
-1,3,
-67,22,
-56,5,
-1,48,
5,65,
4,41,
21,114,
2,21,
16,-6,
-16,-37,
9,-27,
84,36,
81,84,
-25,125,
-20,127,
-6,46,
11,71,
2,97,
-38,60,
-32,-4,
-46,63,
-103,-14,
-53,17,
9,82,
86,140,
94,127,
51,-64,
10,-82,
-28,-33,
49,53,
34,75,
-33,22,
-48,19,
22,13,
-27,-2,
27,59,
-19,60,
-21,3,
-16,2,
13,-38,
32,-16,
-9,-10,
44,-30,
58,88,
67,42,
42,9,
37,-65,
57,-56,
3,-1,
-37,42,
-13,7,
-15,7,
1,4,
27,57,
-18,19,
31,-1,
14,99,
-23,18,
17,-26,
-35,-80,
-23,-38,
-41,-38,
-17,-14,
-28,22,
-54,-42,
-60,-45,
-33,24,
7,49,
-27,52,
-56,24,
-63,-19,
-11,-54,
23,-103,
63,61,
10,52,
26,30,
16,40,
-23,25,
-69,23,
-73,17,
-70,39,
-44,-43,
19,-17,
28,-25,
-40,95,
-38,19,
-10,41,
29,-2,
1,-12,
-53,-9,
-40,-28,
28,4,
58,4,
28,39,
-58,32,
40,45,
79,-5,
27,-68,
10,-19,
53,-16,
-4,61,
8,6,
38,37,
-38,-7,
-15,-57,
-56,-43,
-38,-39,
-26,18,
-74,82,
31,87,
20,9,
60,11,
-8,23,
-42,49,
-50,59,
-3,-16,
57,-36,
77,-47,
-80,-6,
-5,18,
23,53,
-17,40,
-40,-50,
-101,-41,
-81,-27,
-81,-25,
32,7,
28,27,
18,-1,
-17,-19,
-21,-7,
-63,-53,
26,-35,
68,15,
52,9,
61,-21,
-15,5,
-104,-8,
-46,66,
-12,49,
-7,-1,
-74,0,
-48,-18,
-112,-17,
9,4,
25,-7,
-37,-20,
-36,-7,
-58,51,
-12,-25,
-47,-35,
-53,28,
-23,59,
-15,47,
-59,33,
-62,-25,
-55,9,
-38,-33,
1,21,
-19,58,
36,28,
-10,-42,
6,-14,
-13,19,
-9,86,
36,83,
47,53,
-59,-10,
-54,-11,
-27,12,
-46,80,
-116,-11,
-34,6,
15,9,
58,79,
-35,2,
-25,-7,
-37,8,
-25,-11,
9,-11,
1,-12,
-13,36,
-77,-19,
-9,-9,
18,13,
27,-38,
-14,-33,
-45,34,
6,22,
-21,8,
-53,3,
-20,28,
19,1,
0,41,
-5,30,
-59,77,
-5,35,
-47,-39,
-50,-80,
-89,7,
-24,-50,
-40,19,
17,53,
-16,-7,
-58,16,
-72,30,
-5,60,
21,-6,
-54,29,
-22,27,
4,49,
11,-10,
-29,-28,
75,-13,
6,-31,
-57,-9,
-44,-59,
-50,-11,
-55,49,
-24,-17,
18,17,
-88,-17,
-2,75,
55,66,
-26,11,
-71,106,
-60,88,
-31,39,
-13,39,
7,-12,
-17,-44,
-1,-17,
45,3,
62,52,
29,-6,
-52,0,
-51,-23,
-30,-55,
63,23,
-22,29,
-22,-36,
49,12,
20,-9,
31,32,
74,22,
-13,18,
-54,61,
-11,51,
-18,-32,
8,29,
30,7,
-53,-60,
22,-7,
86,22,
32,104,
14,19,
-58,-33,
-70,5,
-15,4,
-38,66,
-4,56,
21,43,
29,26,
30,-10,
-20,14,
18,-5,
7,71,
-50,57,
25,0,
29,-22,
-19,-47,
-83,-17,
-95,89,
71,59,
462,340,
2196,1814,
4292,4387,
3947,5459,
854,3255,
-1981,-698,
-2573,-2756,
-2174,-3103,
-2664,-3881,
-2939,-4744,
-2050,-4017,
-660,-1788,
46,-118,
84,396,
-115,150,
-86,49,
-49,144,
32,212,
-80,254,
-122,297,
-38,285,
102,227,
259,148,
164,89,
179,-88,
47,-130,
-9,47,
-134,283,
-165,507,
-144,612,
26,346,
112,52,
187,-91,
64,2,
62,119,
50,147,
-28,132,
-245,6,
-379,-119,
-152,-180,
195,-235,
321,-108,
245,-78,
144,-40,
110,12,
136,100,
67,182,
0,190,
-62,185,
-11,213,
71,199,
134,207,
167,185,
111,99,
54,81,
-80,5,
-122,-60,
-56,-40,
65,48,
-17,42,
12,-12,
-62,-65,
-48,0,
64,-34,
20,-142,
0,-186,
53,-137,
108,-50,
70,-66,
-16,56,
-75,8,
-159,-14,
-78,57,
-16,98,
-57,120,
-124,58,
-188,-40,
-82,-78,
46,-50,
62,37,
30,-10,
-1,-144,
4,-95,
68,-104,
52,50,
17,22,
-20,47,
-104,82,
-21,33,
21,5,
5,-27,
17,18,
-15,38,
-53,22,
-102,14,
-95,-41,
-75,-56,
67,-11,
-52,-34,
-85,28,
-9,28,
15,95,
20,107,
-10,60,
-73,26,
-55,33,
38,57,
-28,52,
-25,73,
-12,78,
27,112,
-5,33,
14,33,
-1,27,
65,54,
18,13,
87,-18,
129,35,
164,42,
81,2,
79,21,
-17,14,
20,67,
-40,-5,
-2,13,
8,31,
12,-39,
-16,-65,
-7,-35,
5,-28,
-25,48,
-27,11,
-22,76,
18,53,
-27,14,
-51,-3,
-84,-54,
-75,-30,
-14,-48,
55,-3,
57,-12,
13,80,
2,91,
26,111,
27,67,
63,69,
104,-75,
52,-119,
37,8,
-29,30,
7,-4,
-20,-17,
-47,44,
-70,71,
-9,45,
44,-12,
32,-93,
-5,-40,
33,22,
53,50,
00>
_________________________________
00>
00>
Printing STS1 CIR
00>
00>
_________________________________
00>
39,-7,
21,7,
36,-15,
-12,34,
-105,37,
-59,-27,
-66,-1,
7,1,
27,-6,
4,17,
-2,-65,
19,-65,
14,-34,
14,21,
-59,54,
-18,-17,
38,-30,
-33,-58,
-39,-96,
13,-92,
57,-52,
-34,17,
-13,49,
-3,-8,
-18,-43,
-56,-40,
-11,1,
13,-29,
55,-39,
-13,23,
5,-26,
5,8,
-11,-13,
42,31,
54,35,
-6,36,
67,41,
-32,-19,
-44,-15,
-63,30,
45,-95,
80,-66,
42,30,
-16,45,
-8,-49,
-8,-66,
-29,-33,
47,-64,
-4,-8,
-91,8,
-35,20,
-18,-39,
-52,-15,
23,0,
56,-12,
34,17,
-38,-11,
-56,-19,
11,-22,
51,44,
37,37,
-9,87,
-20,21,
5,21,
68,-2,
88,-41,
138,-35,
45,-11,
24,-9,
21,9,
2,48,
32,-21,
14,-44,
-17,-3,
32,-42,
13,20,
-44,80,
-78,96,
-24,0,
45,-46,
11,54,
18,47,
-18,34,
-36,-10,
-35,-37,
27,-35,
22,46,
-1,44,
4,27,
-51,-35,
-83,-14,
-23,-16,
32,14,
19,-1,
18,56,
33,29,
39,-13,
8,-26,
-14,-27,
-31,-26,
-28,10,
-17,17,
-43,24,
17,42,
-5,-41,
2,40,
-30,37,
-18,81,
-33,72,
-18,46,
-7,34,
-12,5,
60,-42,
17,-5,
-4,22,
-50,86,
-79,49,
-5,9,
72,-36,
106,53,
15,67,
-3,32,
-4,13,
-7,-4,
29,-38,
43,-23,
23,41,
45,96,
58,85,
-32,88,
-40,50,
-1,-10,
4,50,
-41,6,
23,67,
50,99,
34,33,
30,15,
108,-22,
85,28,
36,76,
27,112,
29,68,
-35,32,
-63,55,
-56,9,
-13,17,
39,17,
1,-43,
-22,23,
54,8,
68,66,
52,107,
25,23,
37,-41,
26,-57,
1,28,
-24,0,
31,-60,
41,23,
49,-2,
59,-20,
36,49,
-11,26,
45,-2,
20,-20,
27,-33,
65,4,
-13,64,
0,-14,
-5,-51,
-6,35,
-39,-17,
-34,-13,
0,0,
-68,53,
-35,-16,
4,-8,
22,-15,
-56,76,
-50,68,
16,-35,
42,-36,
55,27,
14,-52,
-24,-1,
-1,-25,
33,-6,
30,14,
19,50,
-3,26,
-36,60,
6,-3,
6,61,
45,53,
86,-4,
47,10,
37,-31,
50,15,
64,-1,
32,17,
-32,39,
21,15,
42,99,
26,39,
30,-2,
22,30,
6,-14,
58,19,
44,-14,
-17,-12,
32,33,
-2,-37,
7,-2,
7,-33,
42,-30,
64,32,
10,8,
-11,-27,
35,47,
19,44,
37,90,
-36,69,
-39,42,
-35,38,
-52,44,
6,91,
50,-15,
-30,-33,
-54,-31,
2,79,
12,55,
-71,28,
-62,-33,
-10,-18,
-24,60,
34,30,
35,32,
-3,38,
20,32,
9,13,
-36,-42,
4,1,
-55,52,
-62,45,
-17,74,
11,30,
-17,-11,
38,67,
113,84,
77,49,
-9,13,
13,-18,
30,4,
22,13,
-1,-44,
-30,-29,
-20,25,
-50,71,
-17,5,
19,12,
76,19,
80,-3,
58,-9,
24,10,
-12,40,
-13,53,
-5,15,
5,-70,
16,-21,
-23,32,
-23,64,
-38,47,
-3,-24,
51,-79,
30,-34,
-29,43,
-36,28,
-30,9,
-12,-36,
2,-27,
-15,13,
-53,-1,
-14,-11,
51,-43,
-36,7,
27,68,
25,29,
32,-10,
-14,-8,
51,-6,
57,-18,
17,-26,
59,25,
-7,52,
-1,9,
-21,33,
-8,19,
47,11,
18,65,
27,48,
-18,33,
-67,20,
-8,36,
40,31,
38,12,
83,-72,
48,-35,
28,0,
33,28,
-20,5,
-22,30,
-14,82,
17,9,
11,-57,
-43,-49,
-48,80,
-17,54,
54,84,
22,42,
-47,27,
5,78,
-21,49,
15,40,
-16,-49,
0,-6,
26,48,
-4,76,
-15,121,
-91,42,
-28,-27,
30,-3,
98,41,
23,30,
2,29,
27,-1,
5,-36,
-74,18,
-24,-8,
24,-58,
56,-97,
7,-65,
-11,-64,
-2,11,
-44,-4,
15,-23,
98,-8,
1,-1,
-8,-3,
44,-13,
100,-40,
99,26,
484,261,
1886,1581,
3758,4292,
3950,5787,
2015,4342,
117,848,
229,-863,
1624,-284,
2722,966,
2513,1389,
1362,896,
213,289,
-245,-81,
-222,-130,
-95,-131,
-59,-74,
-74,-56,
-21,-97,
210,-224,
307,-140,
103,-33,
-203,38,
-260,-12,
-233,-210,
-338,-315,
-401,-306,
-262,-289,
151,-312,
331,-330,
374,-224,
235,-94,
76,-50,
64,39,
72,84,
-77,32,
-154,24,
-242,-115,
-176,-139,
-65,-87,
14,-98,
-5,-121,
-96,-138,
-112,-104,
-95,-9,
-5,52,
-72,50,
-51,92,
-28,123,
-146,97,
-174,85,
-54,-83,
60,-100,
76,-90,
56,4,
3,66,
-28,-5,
-77,-111,
-50,-107,
-40,-42,
-98,-31,
-153,-34,
-102,-39,
-56,-56,
17,-45,
5,-39,
-62,-91,
-37,-98,
-24,-85,
20,-130,
97,-58,
-30,-53,
-109,49,
-115,87,
-112,76,
-100,15,
-162,-11,
-146,-90,
-66,-127,
-27,-99,
2,-126,
-98,-127,
-128,-88,
-12,-84,
53,-41,
19,51,
-53,-8,
-75,-77,
-99,-89,
-56,-26,
-29,-92,
-17,-83,
61,-98,
-7,19,
-66,1,
-49,-40,
-136,-97,
-110,-65,
-136,-67,
-125,-100,
-60,-50,
-88,-92,
-30,-27,
-31,-7,
-14,-9,
33,2,
-41,-7,
-129,24,
-97,3,
-12,-64,
-28,-53,
-64,-5,
-51,-4,
-90,-35,
-86,-107,
-15,-37,
-78,-39,
-109,-85,
-30,-57,
-29,14,
51,-30,
-42,-58,
-115,-63,
-56,-40,
-64,-55,
-56,-86,
-7,-133,
-39,-83,
3,49,
19,-26,
-79,-28,
-88,-39,
-57,25,
-28,26,
52,18,
2,-26,
-88,-62,
-160,-80,
-153,-70,
-54,5,
-38,7,
-17,49,
-40,27,
-66,1,
-52,-12,
10,-36,
29,-74,
0,-111,
-6,-109,
-101,-56,
-78,24,
-44,54,
-32,-30,
-31,-56,
-68,-93,
-31,-67,
10,-25,
-29,56,
-93,-53,
-72,-81,
-24,-55,
00>
_________________________________
00>
_________________________________
Sequence Number: 187
00>
00>
Printing STS0 CIR
00>
00>
_________________________________
00>
-2,40,
58,75,
9,63,
-25,4,
2,-14,
6,13,
56,-60,
34,-37,
-53,-4,
-14,43,
9,70,
77,56,
91,42,
33,-46,
51,-70,
57,-21,
34,42,
22,46,
-29,-13,
91,-27,
52,-4,
75,102,
49,21,
34,23,
48,60,
22,29,
-29,63,
34,28,
119,32,
35,33,
65,54,
31,77,
66,54,
21,47,
-17,31,
2,-9,
-44,23,
-82,78,
-75,71,
26,57,
47,-20,
-22,-44,
-45,-36,
-54,69,
-22,78,
-22,60,
-44,82,
-25,59,
-19,5,
43,-86,
22,-6,
12,8,
-76,69,
14,-14,
42,35,
75,-16,
-7,9,
8,35,
100,33,
65,-98,
-29,-107,
-27,-14,
2,-36,
4,5,
-28,61,
17,94,
40,7,
6,-10,
-51,9,
50,27,
47,11,
50,3,
25,13,
-22,-32,
-10,-13,
-72,0,
-1,70,
-39,20,
21,23,
-15,-21,
41,-36,
2,-31,
8,-46,
-47,-91,
-43,28,
52,54,
35,42,
62,-3,
12,-13,
32,47,
22,-21,
64,19,
8,27,
-18,-1,
68,82,
51,90,
92,27,
40,14,
86,29,
51,12,
35,26,
15,20,
95,-41,
70,11,
-25,-70,
-4,-2,
14,-1,
12,27,
-10,18,
72,41,
28,-1,
69,-39,
46,-56,
31,-16,
11,43,
75,48,
46,-8,
67,32,
7,-41,
26,56,
28,71,
-6,48,
-22,49,
9,16,
37,1,
-47,54,
-10,-17,
20,34,
20,39,
0,-36,
22,48,
19,43,
20,66,
45,-43,
83,-24,
66,15,
5,-6,
-14,-58,
-34,5,
5,48,
26,190,
-47,87,
-33,16,
-4,75,
-29,-17,
-55,11,
-29,22,
60,8,
117,25,
22,21,
-34,-29,
-20,9,
1,11,
-13,71,
-118,-12,
-42,16,
-20,-17,
-30,44,
-72,79,
-43,99,
-79,151,
-87,62,
-61,59,
-40,55,
-42,20,
-107,62,
-115,-1,
-82,62,
-5,46,
70,14,
14,-6,
-25,-4,
-40,30,
-48,50,
23,32,
1,23,
-17,36,
-37,3,
-76,-44,
31,-26,
-11,-22,
-38,65,
-68,17,
-43,82,
-34,64,
13,49,
39,-9,
24,-4,
-15,84,
-56,109,
-28,50,
11,63,
1,4,
-53,2,
-41,38,
-61,38,
-17,76,
43,61,
-28,13,
22,28,
31,30,
-14,74,
-31,36,
16,7,
54,-43,
99,87,
44,-22,
19,-6,
-42,49,
-12,82,
36,-37,
-29,-42,
-22,41,
-64,44,
-84,10,
-86,27,
-83,12,
-81,42,
-72,24,
-48,21,
-48,31,
34,60,
9,21,
4,-4,
-51,48,
-10,76,
-7,57,
8,25,
14,33,
-21,-1,
-8,38,
-40,54,
25,94,
-72,28,
17,8,
-68,2,
-41,39,
-61,-28,
74,-50,
47,7,
82,6,
64,89,
17,76,
32,74,
3,17,
111,-2,
63,75,
-4,9,
-42,29,
29,37,
0,47,
-54,19,
-48,35,
23,128,
-1,34,
-55,-19,
-26,-52,
-44,-84,
21,12,
47,15,
28,34,
-38,31,
7,30,
-37,48,
-1,29,
0,48,
71,32,
35,60,
50,31,
12,26,
-44,-6,
-13,23,
10,57,
-10,30,
-6,-13,
1,0,
-18,4,
20,33,
5,-23,
-14,-65,
-72,-29,
-85,-7,
72,84,
175,46,
98,-14,
54,1,
-32,12,
0,-20,
-6,-26,
-42,-4,
-65,-3,
-16,67,
3,72,
-6,39,
46,18,
23,-24,
29,-61,
-28,52,
70,57,
61,31,
93,3,
35,10,
-6,-62,
-61,18,
-28,-44,
-51,-8,
-9,68,
26,57,
55,51,
25,-94,
-17,-29,
-31,51,
-11,25,
32,-27,
79,-12,
115,-33,
16,-64,
76,-48,
63,29,
32,42,
15,41,
-12,29,
30,39,
-11,11,
-20,88,
29,31,
-28,25,
-28,-10,
-50,-72,
36,27,
5,4,
17,-1,
37,21,
89,-49,
127,-5,
-62,12,
44,70,
-11,36,
-42,-34,
-89,-6,
-91,-2,
-48,26,
-33,19,
-72,7,
-33,-55,
-29,-20,
37,32,
53,33,
28,127,
-42,4,
-4,-18,
15,19,
-16,-46,
42,52,
21,99,
-54,34,
-409,-395,
-1795,-2169,
-3372,-5152,
-2833,-6728,
-213,-5145,
1855,-705,
651,1318,
-2096,370,
-3682,-1217,
-3041,-1576,
-1528,-623,
-256,342,
255,609,
197,370,
87,14,
82,-8,
135,162,
94,346,
-48,348,
-167,271,
-86,4,
132,-208,
273,-297,
243,58,
211,297,
126,382,
46,377,
-99,483,
-119,591,
-114,526,
-107,233,
-9,-21,
4,-112,
44,7,
127,107,
190,115,
271,147,
134,140,
-130,140,
-291,76,
-278,104,
-170,129,
48,165,
64,155,
88,204,
128,208,
120,100,
124,64,
80,-48,
183,-73,
118,23,
39,18,
-31,146,
-126,145,
-133,85,
-101,32,
22,5,
155,48,
202,28,
144,-92,
76,-102,
50,-49,
105,-3,
106,39,
102,36,
160,-52,
182,-51,
60,89,
-36,169,
-128,159,
-14,29,
136,9,
105,-16,
117,58,
71,27,
136,41,
101,157,
31,195,
-86,151,
-64,84,
84,39,
184,171,
121,127,
-12,52,
-47,-99,
-33,-52,
71,54,
99,95,
117,145,
54,65,
99,8,
105,41,
31,102,
-25,93,
20,141,
73,62,
90,38,
106,122,
90,123,
22,5,
70,18,
46,62,
103,80,
27,76,
28,-87,
95,-5,
180,46,
193,73,
116,1,
8,-9,
26,19,
23,45,
26,46,
120,1,
92,67,
70,38,
20,141,
58,127,
73,75,
-26,33,
-70,75,
42,100,
42,69,
53,47,
90,52,
103,60,
35,55,
77,74,
97,103,
33,78,
59,28,
75,-24,
-9,-59,
17,-74,
65,54,
134,145,
37,105,
82,40,
-16,130,
-32,93,
-32,54,
48,58,
31,56,
78,75,
93,-11,
103,30,
-9,40,
26,2,
53,82,
22,88,
7,48,
83,29,
91,15,
23,77,
60,64,
41,42,
00>
_________________________________
00>
00>
Printing STS1 CIR
00>
00>
_________________________________
00>
0,-42,
0,40,
-16,76,
-61,10,
-84,-29,
-65,29,
7,0,
62,-56,
47,-20,
37,-44,
8,-2,
7,-33,
-28,-2,
-78,13,
-70,29,
-52,55,
-73,62,
16,13,
63,0,
52,-51,
-1,-5,
-28,81,
-65,-8,
33,-1,
-29,-4,
-10,-39,
73,4,
92,-9,
24,22,
-28,60,
-42,31,
28,15,
30,8,
54,-4,
6,40,
29,61,
14,66,
83,-18,
66,0,
65,18,
91,-30,
77,-59,
44,25,
7,73,
-32,71,
-38,-42,
22,-37,
47,31,
37,16,
2,73,
-46,36,
-41,-9,
39,-1,
-23,46,
-46,150,
-17,138,
-32,-6,
-46,-5,
-36,39,
-24,33,
7,51,
27,47,
50,53,
-7,51,
-11,-7,
-25,25,
-8,0,
9,37,
18,-16,
-4,25,
-16,78,
16,23,
45,-37,
50,17,
39,52,
10,76,
-14,103,
-38,11,
-29,56,
50,49,
41,-25,
-24,-53,
28,-56,
2,46,
-19,-2,
-22,-5,
59,-35,
58,-14,
-25,11,
-10,38,
-28,36,
-49,-36,
-42,39,
-20,-17,
-60,85,
-31,82,
-22,51,
42,-50,
56,18,
-39,36,
3,46,
7,-47,
-72,88,
-59,56,
-67,64,
59,40,
102,-69,
24,38,
22,72,
-25,34,
9,-13,
28,1,
-20,20,
-48,-7,
-27,17,
10,18,
49,-11,
-25,80,
-7,41,
1,82,
8,45,
41,33,
-23,33,
-75,-4,
-56,27,
40,41,
31,55,
44,68,
26,92,
3,19,
-4,-93,
-50,-35,
37,-4,
42,-7,
38,46,
57,26,
44,-73,
46,33,
57,70,
-4,63,
8,29,
-11,-1,
2,15,
74,2,
22,-88,
3,-22,
-10,34,
-16,26,
37,-20,
-17,-22,
82,30,
66,41,
-8,43,
38,-25,
32,-26,
-14,-47,
-14,-64,
-35,64,
-3,34,
-7,96,
-56,84,
-74,64,
-45,38,
41,20,
3,12,
-22,16,
-18,33,
29,-22,
15,-35,
7,-2,
-53,71,
-52,27,
55,-18,
11,20,
12,-5,
0,-47,
30,-23,
12,-10,
-13,4,
-33,52,
-19,6,
-52,82,
-19,84,
-13,82,
-41,29,
-44,-89,
-29,-87,
-30,35,
-58,93,
-35,30,
9,11,
13,39,
-106,-27,
-63,-19,
48,51,
18,52,
16,65,
-51,82,
-51,37,
-22,-7,
-11,-47,
12,31,
75,54,
50,86,
26,-11,
6,21,
26,-87,
6,-100,
-18,-49,
-1,24,
-18,-8,
-9,0,
-33,50,
58,74,
-13,54,
-50,42,
29,27,
27,52,
71,-15,
-1,-7,
-31,-4,
-29,57,
-4,65,
30,50,
23,39,
45,29,
52,53,
-4,52,
-68,77,
-13,72,
12,-6,
-38,11,
-19,-40,
25,-70,
55,-8,
-21,35,
27,27,
31,28,
-21,46,
-1,58,
1,76,
18,33,
30,-17,
16,3,
-67,56,
-52,97,
-24,29,
34,2,
5,-7,
27,2,
4,54,
7,73,
-26,139,
-22,112,
-42,35,
22,-1,
17,55,
18,-14,
-16,-40,
5,-32,
-1,4,
-3,12,
-18,5,
53,-9,
-24,72,
-24,103,
9,-21,
10,-9,
0,46,
-18,24,
20,37,
-10,6,
17,2,
15,-9,
15,24,
23,10,
68,-15,
35,-24,
24,-24,
9,-33,
49,41,
-5,62,
-14,80,
-32,50,
78,20,
50,23,
36,43,
60,21,
44,18,
11,5,
21,23,
10,23,
-33,8,
-14,-34,
41,-20,
-14,73,
-43,13,
-50,-60,
21,13,
-25,41,
23,53,
-47,-2,
7,25,
50,22,
65,-41,
51,-1,
19,52,
22,-10,
-12,48,
-79,68,
-20,18,
8,64,
133,22,
60,41,
63,44,
-8,5,
-18,38,
42,55,
33,63,
-21,31,
-19,69,
-24,50,
18,-48,
53,2,
62,30,
-23,-17,
23,-29,
75,-23,
31,-73,
59,2,
41,45,
23,12,
20,-36,
-12,57,
-49,13,
-21,-16,
23,-43,
28,2,
42,-14,
-12,13,
-29,33,
-46,27,
6,48,
-26,71,
-92,51,
-37,46,
30,34,
4,-11,
7,29,
31,62,
-36,69,
-33,33,
-7,6,
8,26,
17,9,
-98,17,
-368,-308,
-1748,-1885,
-3835,-4997,
-3940,-6643,
-2015,-5592,
648,-1132,
1422,1487,
994,1022,
971,-359,
1387,-731,
1403,-130,
721,344,
169,366,
34,276,
99,191,
140,138,
176,30,
232,-82,
345,-201,
339,-177,
186,-245,
-167,-169,
-327,-21,
-130,221,
1,323,
40,260,
97,243,
160,141,
117,29,
46,-150,
-61,-157,
-64,-62,
20,134,
119,171,
187,79,
210,-39,
181,25,
78,168,
-92,229,
-170,226,
-174,115,
-126,86,
-23,178,
-13,160,
-17,115,
-36,3,
29,-87,
7,-94,
-73,-111,
-190,-214,
-108,-178,
40,-85,
172,-25,
158,80,
14,92,
8,98,
46,98,
33,58,
6,52,
40,113,
117,122,
125,79,
143,60,
147,-20,
215,-15,
135,-42,
100,44,
96,37,
-103,77,
-156,149,
-104,138,
5,55,
56,-30,
147,-33,
121,-37,
79,128,
65,156,
-54,225,
-135,99,
-171,-15,
-104,-62,
-64,66,
-14,45,
37,57,
47,59,
153,97,
123,45,
70,147,
31,171,
-6,170,
37,97,
-15,68,
-18,64,
49,3,
34,-24,
33,14,
17,70,
-7,71,
15,54,
-3,78,
-70,93,
-34,114,
17,7,
29,34,
23,11,
32,40,
29,12,
-40,44,
-45,75,
-51,94,
-22,13,
21,12,
57,71,
9,39,
-25,53,
5,40,
60,53,
17,63,
-7,69,
-17,129,
-48,51,
-59,44,
-79,22,
-36,100,
-18,99,
-13,99,
-32,78,
62,123,
37,85,
-28,89,
-41,100,
-13,69,
15,74,
34,37,
-42,-8,
34,105,
2,78,
-3,87,
7,35,
-26,48,
30,61,
2,32,
30,45,
69,108,
8,149,
-73,33,
-8,3,
69,-31,
50,-4,
32,-17,
23,6,
-14,-6,
-89,11,
-6,25,
56,40,
57,56,
00>
_________________________________
00>
RX Timestamp: 906677812801
00>
Clock Offset: 2588.654 Hz, -0.324 ppm
00>
RX Timestamp: 907752802630
00>
Clock Offset: 1800.156 Hz, -0.225 ppm
00>
_________________________________
Sequence Number: 64
00>
00>
Printing STS0 CIR
00>
00>
_________________________________
00>
51,27,
4,20,
-40,-21,
44,50,
92,62,
14,29,
33,52,
1,116,
-26,12,
-20,-81,
-29,2,
57,11,
20,58,
19,83,
97,101,
48,108,
49,-23,
84,-45,
19,29,
24,160,
39,85,
94,32,
33,-29,
-22,27,
-39,15,
77,44,
37,101,
-31,49,
-21,-1,
37,-12,
55,17,
44,-11,
35,1,
-23,51,
-39,-10,
-27,-75,
-3,-6,
65,55,
26,31,
84,-22,
18,30,
30,36,
33,40,
-18,66,
-64,67,
38,67,
38,14,
-6,-30,
50,-10,
53,-36,
76,-40,
99,14,
123,111,
97,192,
-3,114,
-11,11,
42,14,
75,43,
88,-3,
23,-16,
-24,101,
27,54,
29,55,
-18,101,
17,12,
-2,81,
54,8,
16,5,
76,75,
-5,-10,
18,-12,
53,0,
8,30,
22,37,
34,70,
46,58,
48,38,
65,33,
43,66,
150,64,
94,37,
-30,43,
-30,56,
111,17,
33,14,
8,33,
-10,46,
69,69,
58,49,
64,57,
38,69,
87,80,
45,82,
78,1,
19,-27,
-82,-31,
-57,31,
-4,44,
57,57,
52,9,
35,-10,
-25,20,
-10,102,
9,45,
90,42,
-6,-7,
-24,0,
35,1,
117,-13,
159,74,
76,56,
26,8,
10,79,
11,85,
-16,33,
-60,31,
77,59,
55,46,
79,28,
88,-13,
128,48,
16,79,
-43,94,
-1,67,
-12,-8,
-24,-17,
76,11,
71,40,
-14,55,
8,4,
19,-27,
14,7,
74,37,
142,23,
113,41,
64,8,
81,119,
73,9,
64,-77,
40,-100,
71,50,
38,47,
34,69,
32,3,
54,-11,
104,34,
-62,34,
46,29,
65,25,
48,50,
45,-13,
-16,12,
16,52,
33,86,
83,24,
34,-25,
-87,-31,
17,-48,
34,22,
56,79,
15,-14,
-12,13,
-10,8,
33,27,
19,-52,
31,-51,
-21,-24,
75,-65,
94,-66,
-15,108,
-28,92,
32,29,
38,25,
-18,-36,
-22,34,
64,43,
63,55,
49,33,
-59,40,
-77,27,
-38,43,
-18,7,
14,59,
13,86,
32,36,
41,-7,
12,-35,
-20,-82,
-5,-19,
110,28,
105,69,
101,37,
185,51,
82,10,
33,-1,
-8,-53,
-8,28,
43,-26,
19,-26,
-39,30,
-3,15,
30,-49,
0,-39,
-19,-31,
-59,-92,
0,-56,
44,2,
49,75,
20,60,
-13,55,
-18,-6,
-78,-38,
3,-36,
23,23,
71,32,
58,18,
-37,27,
1,40,
38,22,
84,13,
1,7,
-1,0,
45,58,
76,72,
15,22,
33,22,
16,85,
16,25,
-9,12,
-9,75,
56,86,
83,-2,
59,-27,
-66,13,
-19,85,
8,35,
49,36,
69,-72,
103,-16,
8,-48,
-14,-10,
15,-30,
0,-4,
-22,-13,
-1,21,
-17,38,
72,20,
66,10,
38,92,
10,25,
-32,-18,
33,-8,
102,-49,
58,-46,
3,8,
37,34,
40,74,
-11,7,
-123,-7,
10,3,
32,26,
70,-14,
69,-62,
71,-77,
28,0,
-22,-13,
31,4,
53,-38,
74,-34,
52,-13,
31,11,
-23,14,
44,-34,
42,44,
12,35,
40,-14,
17,-9,
-37,-37,
-7,-3,
60,94,
-27,12,
13,-43,
102,-125,
52,-44,
56,18,
21,-9,
-36,8,
-47,-16,
17,10,
72,48,
98,-30,
17,23,
-114,-2,
-24,64,
26,117,
34,8,
-35,20,
-23,15,
52,-19,
110,-57,
127,-46,
4,-4,
-18,51,
19,-9,
-23,-16,
0,-21,
25,79,
-7,-9,
33,5,
12,-11,
35,52,
124,37,
66,-43,
45,-41,
28,7,
-25,109,
-29,64,
-32,-26,
-61,-41,
16,-35,
33,11,
34,13,
-38,-8,
-77,36,
19,1,
92,65,
39,80,
-19,91,
-66,69,
-41,28,
94,90,
149,87,
-34,25,
8,-58,
-30,-18,
-16,-24,
-68,38,
-11,35,
-68,80,
-84,29,
-59,55,
-10,-34,
53,13,
89,-7,
6,53,
-76,-35,
-49,-12,
22,3,
69,17,
86,7,
31,52,
-214,-47,
-1062,-884,
-2431,-2191,
-2733,-3163,
-1084,-2069,
1005,213,
1627,1480,
1377,1677,
1623,2062,
2003,2581,
1563,2281,
662,1229,
28,230,
-67,-215,
116,-78,
89,-8,
112,-45,
-22,-140,
-29,-191,
27,-189,
-62,-134,
-43,-91,
-122,-74,
-107,-50,
-62,52,
47,130,
63,41,
97,-188,
57,-341,
96,-290,
44,-152,
-36,-29,
-99,-10,
-66,53,
-46,-70,
-59,-102,
-26,-33,
136,-25,
265,55,
131,155,
-91,185,
-71,58,
-81,19,
-118,-23,
-160,-46,
-115,-4,
-30,-22,
79,-79,
26,-94,
-38,-22,
-96,-20,
-62,-131,
-43,-138,
38,-63,
12,-8,
34,-28,
41,22,
8,55,
-17,141,
-97,69,
-62,46,
69,89,
68,80,
94,41,
41,15,
67,7,
-43,4,
-114,61,
-111,7,
-60,-40,
14,17,
93,32,
124,45,
0,-98,
-14,-105,
65,-44,
94,136,
53,124,
4,52,
7,100,
-59,72,
-9,18,
-45,138,
-47,96,
56,42,
48,42,
-11,14,
4,31,
29,11,
7,15,
6,31,
9,16,
41,9,
-2,3,
80,41,
-2,42,
75,9,
32,13,
70,-15,
51,27,
31,47,
-57,119,
-74,-2,
-55,42,
21,-23,
76,10,
8,-25,
-7,68,
-16,44,
4,26,
6,-32,
-53,-66,
49,38,
-57,7,
-8,16,
-19,106,
9,89,
85,4,
84,25,
92,22,
11,-41,
-8,-64,
-52,-11,
-31,97,
10,116,
-37,54,
11,26,
26,-1,
4,31,
3,77,
-13,-3,
-53,-6,
6,-17,
-93,-72,
-28,-71,
7,34,
74,92,
24,16,
-21,-44,
-54,17,
-27,-8,
-78,82,
-18,1,
59,-26,
62,-10,
-43,13,
-69,14,
-5,23,
-12,-22,
-48,28,
-18,9,
-17,66,
-82,-40,
-39,-48,
29,-2,
-26,-39,
-50,28,
19,23,
57,43,
92,53,
86,-72,
00>
_________________________________
00>
00>
Printing STS1 CIR
00>
00>
_________________________________
00>
-1,59,
-6,-11,
51,58,
-32,17,
-62,-74,
-25,-109,
1,-8,
15,-1,
-63,31,
14,-9,
44,66,
-1,52,
-81,30,
-45,64,
-81,21,
-56,4,
-34,-11,
-27,70,
-46,19,
-72,32,
-94,28,
-35,65,
-4,30,
-23,23,
-16,11,
-11,17,
-4,38,
-26,42,
14,59,
-49,31,
-3,-42,
18,15,
83,55,
36,26,
-38,93,
-86,53,
41,37,
-72,0,
-59,16,
-81,80,
-65,96,
-10,8,
27,-4,
-18,-9,
11,4,
-23,-24,
-67,-1,
-53,42,
14,5,
-38,38,
95,0,
-31,67,
-40,115,
-71,46,
19,55,
39,33,
15,-9,
3,-18,
63,-22,
43,-29,
-57,89,
-23,72,
-32,17,
14,-13,
25,25,
36,104,
-1,-9,
5,-35,
-12,-19,
-18,73,
64,104,
-33,72,
-94,77,
-81,44,
-68,-12,
-50,-46,
-17,-42,
55,-32,
17,-1,
-53,-24,
-36,-16,
26,16,
-10,90,
0,33,
0,30,
3,65,
-58,70,
-5,54,
41,43,
31,16,
-7,8,
-69,88,
-29,105,
45,99,
84,3,
-26,-22,
-21,17,
42,24,
-3,41,
34,81,
35,35,
18,39,
2,30,
14,68,
-4,26,
-6,56,
17,26,
-70,-31,
-17,-52,
-34,3,
7,-26,
0,94,
17,49,
63,40,
7,-20,
-89,-35,
18,27,
14,20,
-4,-58,
-23,-18,
-66,81,
-21,130,
1,61,
-5,8,
-1,117,
-13,66,
-2,24,
12,-13,
11,3,
-3,-12,
-29,36,
-71,109,
-8,216,
-12,56,
-20,-53,
7,11,
-116,-10,
-53,13,
-15,2,
-19,-14,
-20,-9,
5,-62,
61,-34,
33,35,
-20,102,
-29,20,
-20,29,
21,-1,
26,-8,
-52,-41,
20,18,
106,27,
91,7,
-18,-1,
-91,38,
24,72,
10,69,
30,86,
19,17,
-71,29,
-79,68,
-18,31,
50,-42,
34,-13,
-43,23,
-88,49,
-40,78,
-25,35,
-48,18,
-40,104,
32,71,
31,-22,
-24,-14,
-28,-60,
8,-38,
-19,-53,
-55,-38,
-14,56,
-82,110,
-34,79,
-58,56,
-40,42,
16,56,
-20,100,
-56,71,
-14,6,
10,-28,
-45,43,
-54,49,
-28,14,
18,5,
-21,75,
-27,126,
-46,2,
-16,-108,
-37,-38,
-65,21,
20,114,
44,67,
-3,-47,
-8,-37,
13,13,
-4,37,
-36,36,
-77,32,
38,7,
33,47,
-14,77,
-69,108,
-76,-2,
-58,63,
-34,139,
-10,89,
1,78,
-13,37,
10,106,
-21,97,
73,93,
42,42,
-8,49,
-75,27,
-31,31,
-11,-15,
20,8,
-77,-12,
-89,6,
-2,5,
46,20,
-10,13,
30,-2,
-6,44,
-46,50,
17,55,
30,-8,
56,-3,
-60,-51,
-37,-14,
-13,-45,
55,26,
22,14,
-15,-13,
-37,-58,
-41,-15,
-72,-9,
-36,41,
-117,60,
-27,-65,
-20,-4,
-21,58,
-8,-8,
-1,56,
4,4,
-31,-66,
-83,20,
-59,116,
1,77,
-75,8,
-126,-51,
-68,7,
6,-24,
28,45,
-5,-2,
17,-25,
-5,66,
-41,37,
-56,19,
-17,35,
-48,3,
-76,8,
-30,75,
58,-6,
86,-59,
0,-34,
-57,-18,
-110,43,
-5,60,
47,59,
-19,18,
-5,-18,
-27,-22,
-14,50,
-67,85,
-59,92,
-32,10,
22,35,
105,-13,
48,48,
-64,79,
78,104,
51,92,
40,-22,
26,-14,
21,0,
3,21,
-59,145,
-32,73,
-2,39,
18,-9,
-37,-42,
-77,-45,
-58,21,
7,18,
5,28,
-72,-12,
-20,-21,
-27,4,
-14,57,
-25,30,
11,40,
29,76,
0,32,
14,-40,
-22,-39,
-117,8,
-49,43,
-17,-43,
8,-47,
6,32,
-1,68,
-19,3,
-51,1,
-59,-64,
57,-72,
41,-81,
-40,1,
-17,11,
-15,-13,
21,14,
-81,49,
-98,-48,
-46,-43,
50,-11,
75,47,
62,49,
-34,-18,
-87,-46,
8,-6,
32,67,
42,39,
-30,-10,
-56,62,
-2,9,
16,49,
-36,2,
-63,16,
28,0,
-9,23,
-38,36,
-91,-16,
-54,14,
-40,2,
-262,67,
-1124,-385,
-2657,-1434,
-3386,-2445,
-2179,-2114,
-265,-590,
70,478,
-807,533,
-1691,39,
-1835,-258,
-1150,-227,
-216,-197,
215,24,
269,91,
179,46,
59,21,
53,34,
11,127,
-89,229,
-135,235,
-103,52,
47,-86,
111,-97,
164,93,
244,179,
289,84,
263,97,
21,192,
-107,287,
-82,255,
-89,131,
-42,80,
-76,-45,
0,-79,
19,0,
127,55,
102,37,
12,91,
24,68,
-48,95,
23,-13,
143,-85,
178,-65,
113,-30,
24,-44,
-34,-49,
7,-44,
52,-39,
87,-86,
-20,-80,
-41,-59,
-21,21,
-104,30,
-4,51,
30,2,
66,-12,
107,-49,
60,13,
14,46,
11,21,
18,42,
-34,102,
1,80,
56,16,
110,-35,
128,13,
15,71,
-50,117,
-88,132,
-73,143,
-29,149,
-21,-28,
-15,-127,
-25,-84,
23,-72,
40,3,
56,11,
107,63,
18,71,
15,9,
46,-32,
31,89,
-21,112,
-26,-54,
17,-5,
70,43,
85,36,
124,-14,
102,-36,
83,0,
0,90,
22,29,
35,-59,
30,-41,
-19,67,
8,61,
4,28,
89,-58,
71,3,
45,39,
35,71,
44,67,
-24,37,
-17,36,
22,13,
90,-37,
65,51,
88,50,
111,14,
67,15,
-17,27,
-9,53,
4,30,
-27,5,
54,-10,
67,-7,
65,89,
55,151,
-9,162,
-16,-5,
46,-6,
32,46,
56,29,
-3,100,
-15,99,
35,65,
37,70,
18,50,
54,-8,
48,-3,
105,92,
98,-51,
90,-110,
51,-49,
34,13,
99,42,
91,79,
53,53,
32,95,
18,65,
25,83,
4,-14,
-17,-15,
-32,16,
41,99,
23,37,
36,-69,
71,23,
47,79,
-5,116,
-48,74,
-15,45,
51,3,
87,37,
19,11,
-33,18,
-5,-41,
41,-40,
63,0,
-2,25,
-45,47,
00>
_________________________________
00>
_________________________________
Sequence Number: 67
00>
00>
Printing STS0 CIR
00>
00>
_________________________________
00>
-11,-16,
-24,-10,
1,30,
22,47,
19,24,
36,-74,
47,-26,
124,-24,
126,-20,
38,-3,
-48,-59,
-55,3,
-1,68,
16,78,
-42,8,
37,7,
-34,27,
-3,22,
-21,20,
-17,22,
55,4,
-3,7,
-22,13,
12,19,
-25,38,
32,-3,
-38,-30,
13,-19,
13,17,
95,52,
45,22,
42,27,
34,-6,
-31,-10,
-36,-27,
-1,-4,
56,-25,
66,-15,
48,-19,
-4,12,
16,-67,
24,2,
103,22,
54,-10,
24,-33,
14,-48,
64,2,
5,62,
-43,-32,
11,-68,
-1,20,
3,12,
-3,19,
44,-22,
42,-14,
18,-13,
-10,4,
-3,43,
19,-6,
-39,37,
-29,14,
-87,2,
-32,-2,
-35,-32,
21,-22,
-6,37,
31,4,
10,-12,
14,-18,
-65,23,
32,-7,
23,6,
19,-58,
-10,15,
-14,38,
36,56,
5,8,
-38,-103,
-20,-40,
-11,-7,
-37,24,
-11,-37,
23,-12,
25,-8,
53,115,
-23,86,
26,26,
28,37,
40,-4,
21,43,
29,-18,
19,62,
25,52,
14,40,
-18,-54,
-7,-21,
32,-2,
29,17,
6,-14,
13,16,
34,-25,
-23,37,
-61,47,
10,4,
6,-37,
58,-27,
-1,48,
-5,-20,
24,30,
-29,32,
49,52,
36,6,
46,-4,
22,38,
34,68,
55,24,
-19,23,
-25,-21,
9,26,
11,34,
-25,-9,
6,-19,
40,-80,
22,-10,
-41,-46,
0,-93,
91,-41,
101,13,
18,30,
-36,50,
23,69,
10,62,
-56,-4,
-7,-1,
-6,-11,
9,13,
-27,-6,
16,-12,
-23,46,
-22,89,
-48,41,
-6,53,
21,-15,
-22,-12,
20,14,
8,19,
-24,0,
-5,-24,
62,-15,
49,-25,
43,2,
59,-3,
47,16,
23,3,
-1,-61,
1,-102,
-62,-9,
13,2,
17,23,
6,-22,
40,30,
9,-21,
17,-14,
17,-15,
55,-29,
6,7,
8,12,
-9,33,
2,63,
4,57,
-2,-4,
40,-34,
27,-39,
94,-19,
99,31,
42,8,
18,6,
-13,-28,
-28,42,
-43,42,
12,67,
94,-75,
32,-26,
65,-29,
-33,8,
-57,6,
23,9,
41,-14,
49,-53,
-20,-50,
-45,-29,
25,6,
26,-1,
32,12,
-17,50,
23,66,
-84,46,
-46,34,
-26,36,
-52,12,
-79,74,
26,-12,
8,5,
-49,70,
24,0,
122,0,
11,32,
-14,-2,
-7,6,
-57,65,
-21,128,
-12,45,
-10,1,
42,-5,
48,-23,
0,15,
23,-36,
32,43,
85,2,
18,17,
65,-49,
47,-51,
80,6,
72,-21,
9,-1,
2,20,
-7,55,
-4,35,
-25,28,
-21,3,
-36,-47,
-22,-7,
-5,-54,
27,-17,
37,33,
33,40,
30,18,
-19,-6,
36,24,
-37,-24,
-7,-3,
-26,-9,
31,39,
41,-13,
84,-12,
2,37,
21,-6,
8,12,
25,5,
8,57,
5,21,
2,56,
-18,31,
0,-6,
31,-25,
41,-21,
32,22,
7,-8,
36,-5,
46,-24,
-17,19,
-68,81,
-34,29,
46,20,
5,-10,
-19,-42,
79,29,
22,35,
16,69,
-21,30,
21,-1,
55,7,
55,54,
32,17,
-10,-3,
-27,-77,
8,-21,
2,-3,
31,10,
4,-29,
14,-80,
-2,-41,
-7,-38,
20,23,
30,-49,
10,-12,
-1,13,
-3,41,
-9,-7,
6,22,
2,13,
-13,-2,
-1,-34,
-12,-23,
-5,31,
64,18,
-6,-44,
-75,12,
-33,3,
15,-36,
-14,-14,
7,2,
-28,29,
-18,46,
-6,0,
-16,-50,
-28,-4,
-32,25,
16,60,
75,27,
65,-10,
16,-96,
9,-24,
9,17,
-8,12,
12,-15,
29,78,
0,24,
-19,-16,
-23,-11,
-29,10,
-20,-6,
-15,-23,
-55,14,
-15,37,
52,11,
10,18,
18,27,
-24,51,
-55,2,
12,-22,
32,-19,
41,23,
27,-28,
13,14,
-11,-36,
22,26,
-9,23,
-8,-13,
-25,-46,
-52,-23,
25,8,
-18,62,
31,39,
-36,-3,
28,-22,
-9,23,
19,0,
-12,7,
-60,18,
-38,-16,
-14,-25,
7,-8,
-17,39,
2,6,
414,365,
2611,2263,
5281,6010,
4605,7312,
2035,7601,
-2184,2295,
-1639,-1475,
2280,-1006,
5820,1166,
5483,2100,
2773,1111,
542,-203,
-339,-647,
-334,-425,
-138,-37,
-123,32,
-208,-158,
-191,-349,
128,-302,
201,-150,
22,-68,
-290,303,
-271,316,
-272,103,
-221,-203,
-157,-393,
-117,-396,
1,-562,
124,-763,
135,-735,
141,-345,
44,104,
-49,157,
-126,41,
-130,-27,
-157,54,
-299,10,
-159,-140,
47,-133,
357,-139,
413,-152,
236,-209,
-50,-201,
-96,-118,
-102,-102,
-107,-98,
-153,-75,
-231,-94,
-255,-42,
-259,84,
-111,3,
35,-5,
-3,-51,
153,-136,
127,-92,
127,-87,
-36,-91,
-127,-96,
-175,-49,
-65,76,
-90,51,
-118,12,
-79,26,
-114,7,
-106,-19,
-92,41,
-127,94,
1,-3,
72,-112,
58,-226,
-91,-74,
-206,32,
-238,29,
-169,6,
-168,-7,
-159,-51,
-74,-118,
-99,-234,
40,-164,
51,-55,
-93,-45,
-366,-151,
-184,-48,
-15,-35,
4,46,
-69,112,
-67,33,
-143,-13,
-85,-97,
-101,5,
-93,21,
-85,-5,
-71,-53,
-101,-49,
-57,48,
-18,49,
-32,-10,
-109,-86,
-25,-75,
-8,-48,
-44,-20,
-150,3,
-112,-100,
-22,-71,
-21,-129,
-72,-140,
-186,-79,
-171,-58,
-123,-51,
-68,-60,
-86,-55,
-70,16,
-33,-33,
-125,-76,
-8,-5,
-34,16,
7,-26,
11,-103,
-28,-114,
-49,-103,
-66,-85,
-25,-100,
-73,-98,
6,-33,
-69,-81,
-91,-28,
-102,-60,
-85,-61,
-61,-83,
-96,-102,
-82,17,
-123,15,
-115,17,
-61,-8,
-145,-114,
-189,-30,
-173,-69,
-205,-99,
-129,-38,
-111,-35,
-50,-77,
-28,-94,
-94,-59,
-47,-55,
-96,-36,
-117,-9,
-79,21,
-70,5,
-146,-12,
-160,-22,
-93,-95,
-56,-101,
-85,-88,
-55,-27,
-113,50,
-32,-13,
-40,-88,
00>
_________________________________
00>
00>
Printing STS1 CIR
00>
00>
_________________________________
00>
27,53,
9,25,
6,34,
27,45,
15,42,
-42,58,
-10,46,
26,24,
-23,-51,
-6,-77,
92,-75,
89,-77,
25,19,
-3,7,
14,-56,
2,11,
-18,-9,
-39,24,
11,17,
18,8,
25,-31,
-34,-14,
-67,-5,
-72,64,
-14,-32,
2,-86,
51,-3,
55,-15,
19,-7,
-60,20,
-51,-36,
-32,15,
23,29,
36,5,
-7,16,
-24,-3,
48,0,
6,100,
-38,89,
-14,28,
10,-1,
20,-26,
43,-52,
28,-31,
6,-62,
-32,-62,
-37,-14,
-63,14,
-39,11,
20,-10,
35,21,
40,8,
20,76,
-15,40,
1,3,
-23,-7,
8,22,
20,-6,
46,-7,
45,-15,
30,94,
-21,100,
-41,43,
37,-34,
67,-67,
30,-41,
18,19,
56,-12,
80,-83,
6,-3,
-34,36,
-52,6,
32,6,
45,-12,
-9,-34,
46,-3,
15,19,
-23,8,
10,48,
12,40,
-12,-34,
6,-22,
5,-26,
5,-10,
45,-40,
88,-42,
71,-23,
80,-34,
58,-16,
-5,14,
18,39,
-12,-4,
31,2,
27,-46,
-18,-22,
-11,36,
-29,28,
31,6,
57,1,
3,-34,
35,35,
25,7,
-4,26,
-20,47,
71,81,
84,22,
-34,-34,
-20,15,
-33,47,
-39,47,
-2,11,
8,-37,
79,28,
76,19,
19,21,
-21,36,
26,24,
35,27,
31,-47,
-61,-6,
-26,71,
22,23,
51,-15,
27,-10,
2,-26,
-3,-54,
-22,-14,
-5,-14,
15,6,
-14,13,
-27,5,
-3,10,
-9,-86,
-1,-37,
0,7,
-20,38,
18,2,
-27,-9,
-61,32,
11,5,
31,-14,
78,-4,
30,18,
14,-20,
-4,-27,
-3,14,
1,33,
3,12,
-59,34,
-6,52,
-24,20,
-21,44,
39,-21,
76,-5,
50,-35,
19,-24,
-48,32,
-16,16,
6,6,
45,-14,
28,68,
10,35,
22,-38,
11,31,
46,62,
-27,66,
4,74,
14,36,
14,-29,
86,-8,
67,49,
-1,3,
-36,-10,
-11,17,
7,-13,
12,6,
-1,-41,
50,-16,
12,-10,
-3,-14,
-30,-53,
11,26,
10,-6,
-57,-15,
40,8,
7,-63,
-20,-7,
-34,-28,
-17,-30,
19,-103,
10,-22,
39,-1,
6,-28,
8,-42,
9,11,
-5,28,
-45,41,
30,-10,
17,25,
50,41,
95,52,
38,15,
-15,-15,
19,6,
22,0,
44,-1,
-22,17,
-25,31,
-14,4,
-3,-7,
-15,16,
-34,-4,
10,2,
49,-10,
17,-6,
35,-7,
-5,41,
-80,36,
-29,34,
20,9,
39,78,
22,23,
-20,51,
21,15,
38,46,
21,59,
-50,13,
-8,-9,
32,-33,
70,-19,
33,14,
-22,-5,
43,-7,
43,23,
-61,26,
-61,61,
-73,61,
-11,23,
4,31,
-8,11,
23,-34,
41,-44,
25,-46,
-12,-11,
6,-14,
-16,-9,
6,-26,
0,-5,
32,65,
-17,27,
-25,22,
-45,5,
-68,54,
10,24,
-15,-20,
7,-26,
12,22,
-2,29,
-75,42,
-6,-3,
4,48,
11,22,
-6,10,
-25,40,
-25,11,
-6,47,
17,41,
-1,79,
-11,1,
7,22,
37,49,
10,39,
1,-35,
42,-19,
49,17,
-42,18,
-52,78,
-89,100,
-89,102,
-19,19,
-38,-13,
21,-44,
-10,-34,
3,-2,
-31,7,
30,-38,
13,-32,
-6,-15,
27,14,
-7,11,
-12,13,
10,54,
22,80,
-44,36,
-62,53,
-59,49,
-2,31,
80,-17,
57,-34,
48,-72,
100,-31,
47,-52,
-13,-22,
-63,23,
-25,18,
34,19,
37,-14,
-3,-35,
-27,-59,
9,-13,
-10,7,
22,49,
47,-30,
8,-64,
13,10,
-93,20,
-93,-41,
-32,-77,
44,17,
16,30,
20,17,
29,33,
29,3,
43,8,
7,-6,
26,-57,
-30,-1,
-17,47,
8,91,
13,91,
36,13,
45,-45,
3,33,
32,51,
14,64,
20,-1,
27,14,
-35,25,
-90,27,
-14,-40,
32,-73,
49,19,
34,22,
27,18,
-1,-45,
11,-9,
-50,-41,
-18,47,
0,-30,
54,11,
28,11,
37,26,
33,-32,
25,-57,
30,29,
392,252,
2545,1797,
5995,5241,
6206,6621,
4816,7089,
113,2545,
-2343,-1389,
-1884,-1274,
-1294,540,
-1831,1402,
-1908,799,
-1098,-71,
-314,-377,
-58,-322,
-51,-205,
-68,-125,
-145,-2,
-311,245,
-390,434,
-356,391,
-263,317,
186,347,
493,92,
207,-343,
-2,-488,
-51,-376,
-50,-178,
-161,-119,
-141,-30,
-39,132,
128,110,
136,-57,
-38,-155,
-272,-176,
-157,-22,
-74,-22,
-97,-40,
-124,-235,
-179,-304,
54,-298,
135,-205,
75,-210,
-7,-304,
-47,-260,
-67,-166,
-59,-41,
-90,-11,
-24,51,
149,115,
398,338,
149,121,
-3,37,
2,-3,
38,-132,
10,-166,
33,-149,
39,-64,
-12,-112,
9,-43,
7,-46,
-52,-58,
-100,-29,
-188,-2,
-168,34,
-104,67,
-146,126,
-126,135,
-12,10,
126,-146,
187,-280,
91,-139,
15,-108,
-51,-1,
-123,95,
-188,25,
-163,-123,
-105,-242,
4,-236,
145,-139,
166,-55,
122,-67,
16,-76,
-23,2,
-42,33,
-115,22,
-48,-39,
-80,-112,
-87,-69,
-92,-51,
13,-92,
21,-184,
53,-143,
-14,-93,
-11,-131,
6,-67,
0,-33,
-19,-48,
-63,-96,
52,-129,
24,-44,
-1,-43,
57,-70,
-19,-142,
-25,-39,
2,-39,
43,-141,
-10,-97,
-5,-41,
5,-21,
-2,-21,
0,-114,
-52,-46,
-89,-11,
-58,-24,
-63,9,
-23,-10,
-70,8,
-2,-30,
-2,-59,
13,-89,
45,-54,
54,-75,
38,-85,
7,-88,
-13,-113,
-26,-78,
-29,-64,
-68,-100,
-59,-28,
-53,-157,
31,-73,
35,-44,
-15,-19,
-45,-58,
-25,-29,
-20,-98,
-49,-100,
-30,-65,
-57,-81,
-14,-21,
28,-114,
58,-107,
37,-61,
16,-73,
13,-103,
-26,-95,
7,-44,
-28,35,
-2,3,
29,-81,
-18,-99,
5,-42,
36,-5,
2,17,
3,-3,
40,-42,
52,-51,
00>
_________________________________
00>
RX Timestamp: 1047091237935
00>
Clock Offset: 2123.737 Hz, -0.266 ppm
00>
RX Timestamp: 1048164844319
00>
Clock Offset: 2332.020 Hz, -0.292 ppm
00>