Sequence Number: 174
00>
00>
Printing STS0 CIR
00>
00>
_________________________________
00>
-36,-31,
-17,-38,
57,73,
16,17,
15,27,
26,10,
57,46,
-18,19,
-55,17,
-16,31,
63,2,
36,-11,
11,28,
-17,-4,
24,-11,
35,-47,
21,4,
12,-4,
-42,-32,
-72,-52,
-90,-53,
-49,-64,
-35,-55,
32,-17,
-17,2,
6,-46,
-20,-18,
-1,2,
-4,-19,
-18,-14,
-9,-62,
-69,-15,
-59,28,
-3,-49,
-9,-31,
2,-4,
1,-7,
-45,-37,
59,-71,
12,17,
41,62,
-18,30,
31,12,
12,-62,
22,-34,
41,21,
27,28,
-1,50,
9,27,
4,37,
17,-63,
13,19,
19,9,
1,-10,
-9,-17,
27,-34,
-12,-28,
-12,-35,
-42,36,
9,25,
-2,3,
7,-21,
23,-51,
94,24,
123,46,
55,14,
18,25,
-27,-17,
6,-5,
5,-5,
-16,19,
4,45,
23,6,
14,7,
1,-12,
3,15,
8,-1,
-21,21,
-20,79,
-38,27,
-17,-5,
30,-17,
28,23,
69,-12,
-15,39,
-57,31,
-14,22,
12,12,
-4,60,
-13,11,
-78,-6,
-2,-17,
12,-72,
19,-78,
82,-48,
87,15,
28,-13,
5,-32,
6,-38,
3,50,
17,68,
47,39,
-24,-31,
-32,-108,
-34,-35,
-28,-34,
26,-28,
36,4,
1,31,
-6,52,
-42,28,
-76,66,
-21,68,
10,-25,
62,-132,
-7,-45,
-8,-47,
7,-31,
1,-16,
-14,22,
37,-9,
-3,22,
0,22,
27,6,
43,2,
15,-16,
48,-26,
-11,-42,
-66,-50,
-28,-16,
-46,-47,
47,16,
85,13,
61,9,
58,26,
37,-22,
-35,-44,
26,-29,
17,20,
-53,-60,
-49,-47,
-21,-14,
-60,-1,
-31,40,
-2,30,
20,53,
7,6,
40,61,
30,72,
42,83,
74,21,
3,-12,
-19,-5,
8,0,
29,-5,
18,-3,
66,-30,
26,-10,
9,-14,
21,6,
88,5,
46,15,
-78,5,
-6,6,
-28,-30,
3,6,
19,46,
21,52,
31,11,
-76,14,
-58,-53,
-28,-35,
26,32,
5,-20,
-15,-10,
-55,-2,
10,34,
-29,-24,
24,40,
43,4,
56,35,
69,48,
74,-30,
-7,-34,
-44,-28,
-22,-5,
32,-50,
60,-50,
70,-15,
3,-29,
-67,31,
-62,-2,
3,-16,
12,0,
-7,26,
76,22,
73,12,
25,17,
40,5,
60,-17,
-31,-19,
-31,-74,
33,-17,
14,4,
-24,-14,
-9,41,
32,43,
0,38,
10,4,
30,29,
66,64,
60,53,
41,42,
35,10,
-11,-31,
-28,23,
16,46,
79,18,
50,-52,
-31,-14,
-38,-34,
6,-33,
11,-10,
45,-44,
-19,5,
-21,-6,
-57,-108,
-54,-19,
-72,-66,
-68,-49,
-66,-44,
67,39,
29,11,
25,9,
4,46,
28,61,
81,54,
33,33,
11,5,
44,-24,
76,-44,
6,-55,
5,-68,
12,-6,
-13,-12,
-15,-30,
-42,-39,
-10,-47,
2,-11,
15,16,
17,51,
43,61,
-40,13,
0,-56,
-57,-2,
-7,23,
-24,1,
-21,20,
-58,14,
24,10,
1,-8,
14,3,
68,44,
63,39,
-15,-67,
-46,1,
-13,22,
47,23,
-28,14,
4,-35,
-1,-50,
-34,41,
36,-2,
-8,-59,
8,-38,
45,25,
71,35,
46,9,
23,14,
-1,-15,
-37,-43,
10,20,
68,5,
44,22,
14,4,
-36,-17,
14,-20,
72,31,
25,55,
35,23,
-29,-39,
15,21,
18,14,
-18,-17,
6,49,
32,50,
-14,10,
7,14,
43,3,
51,39,
64,28,
-1,31,
25,-41,
1,-47,
-13,5,
29,29,
22,-29,
-7,-10,
-12,-3,
7,22,
5,-29,
11,0,
31,8,
10,-2,
-10,-24,
88,38,
79,5,
63,35,
-15,5,
40,-4,
33,-33,
46,-46,
43,-19,
100,43,
96,63,
70,51,
25,-6,
-1,27,
56,63,
64,20,
-64,-40,
56,-49,
75,-9,
35,16,
-47,55,
-34,20,
7,-18,
-14,-12,
5,20,
62,3,
45,-2,
30,6,
-11,-25,
-13,17,
-9,41,
-9,-14,
26,-30,
61,25,
-6,39,
52,22,
19,15,
43,-30,
-34,89,
-131,756,
-1225,4076,
-3810,7471,
-5139,7097,
-6103,5834,
-4376,950,
-390,-2187,
910,-1163,
1285,33,
2284,67,
3248,10,
2200,406,
128,522,
-1829,244,
-3119,-416,
-2162,-627,
-514,-114,
298,294,
340,120,
36,-10,
-83,-164,
-391,-563,
-584,-851,
-213,-870,
283,-573,
552,-150,
-131,225,
-647,77,
-181,-203,
220,-353,
503,-310,
207,-229,
31,-320,
99,-649,
-14,-147,
-94,-115,
-161,-235,
-82,-222,
33,-67,
49,-13,
-98,-70,
-127,-20,
-18,4,
50,68,
-3,147,
-257,162,
-316,131,
-201,124,
-67,16,
-8,-34,
93,53,
137,95,
149,149,
38,96,
1,-84,
-34,-185,
65,-221,
220,-310,
314,-365,
234,-182,
2,26,
43,146,
122,224,
108,179,
3,37,
14,-72,
85,-10,
21,-2,
-11,-64,
-57,-176,
-62,-164,
44,-172,
92,-178,
210,-156,
220,-110,
163,62,
123,40,
231,31,
382,5,
298,-60,
171,-259,
235,-498,
37,-42,
26,-13,
-18,-93,
169,-263,
152,-174,
114,-66,
-28,-41,
-48,12,
19,16,
144,-4,
93,-38,
166,-122,
135,-166,
95,-179,
47,-135,
86,-233,
20,-62,
3,-65,
-9,-69,
92,-110,
65,-76,
52,-17,
47,-30,
117,-17,
178,-78,
112,-55,
94,-89,
147,-154,
160,-106,
119,-75,
41,17,
51,-46,
9,16,
25,37,
63,36,
132,26,
72,-3,
107,-35,
121,-134,
142,-174,
146,-175,
129,-99,
73,26,
122,-7,
128,-7,
40,-17,
65,-15,
119,-82,
58,40,
85,42,
74,35,
103,-118,
15,-88,
-18,-38,
-12,52,
-29,53,
86,32,
63,-11,
44,-24,
59,18,
32,-45,
17,-73,
26,-43,
52,-85,
-1,-33,
-31,-7,
-20,-53,
136,-107,
111,-72,
36,-20,
77,-6,
102,-19,
80,-4,
24,-12,
36,-12,
13,-45,
63,-57,
00>
_________________________________
00>
00>
Printing STS1 CIR
00>
00>
_________________________________
00>
-32,-10,
1,6,
77,-24,
96,-56,
128,-66,
79,-24,
9,21,
21,59,
37,18,
43,13,
-6,25,
-69,19,
-51,-27,
-2,-23,
43,-53,
17,-91,
11,-24,
-21,10,
9,66,
-61,30,
-41,23,
-1,6,
52,51,
45,11,
20,9,
11,9,
58,41,
62,52,
17,22,
18,-5,
37,-18,
75,55,
46,34,
7,30,
53,-32,
73,-76,
75,-57,
83,-48,
24,-21,
-5,25,
-7,18,
2,23,
1,56,
0,25,
40,13,
29,-21,
3,44,
-1,40,
-10,24,
45,0,
52,8,
38,2,
70,-22,
109,-28,
8,-72,
4,4,
13,73,
-42,59,
13,36,
-17,20,
-6,-21,
14,-46,
7,-1,
-23,-12,
9,-4,
24,-30,
37,-43,
62,-15,
16,35,
8,49,
-8,-32,
4,-40,
-9,-8,
-42,1,
-2,40,
-3,27,
-11,74,
-2,35,
3,17,
22,31,
44,77,
47,22,
15,-15,
38,5,
0,29,
6,4,
-9,36,
-47,-13,
-19,-20,
21,2,
-33,24,
14,23,
-25,-3,
-13,-7,
12,7,
11,12,
-7,16,
-32,49,
-34,47,
10,27,
-52,50,
-22,26,
-11,-6,
39,51,
39,48,
47,17,
-27,37,
-33,3,
-4,-10,
-13,3,
40,16,
-7,14,
0,-13,
-11,9,
-40,64,
2,67,
18,22,
6,35,
30,2,
73,-33,
21,-3,
8,-31,
-26,10,
44,8,
58,26,
17,42,
-38,45,
3,8,
-5,-19,
-28,-10,
4,30,
-36,29,
3,13,
-1,11,
-11,-64,
31,7,
-6,22,
-19,86,
-11,10,
65,-2,
61,-44,
54,-11,
42,64,
35,78,
14,45,
-11,-7,
21,-31,
46,-23,
57,-8,
42,-12,
-9,-15,
-45,-2,
-52,9,
-41,-20,
-42,-30,
-25,-72,
4,-8,
19,27,
35,-8,
46,20,
19,63,
45,22,
60,19,
24,8,
48,3,
40,-14,
15,-72,
-42,64,
-10,48,
11,65,
80,72,
80,23,
10,26,
-21,73,
7,38,
66,53,
15,63,
6,35,
8,-6,
43,-19,
33,3,
47,-11,
21,-24,
35,22,
33,5,
0,18,
-55,35,
3,35,
29,75,
-21,23,
-7,-45,
11,-19,
7,-10,
25,11,
41,-21,
-15,15,
-27,34,
-22,31,
19,-10,
18,27,
-9,5,
50,17,
12,16,
-8,113,
12,63,
29,11,
-38,-65,
33,-10,
31,29,
4,40,
-45,19,
-17,41,
-52,64,
-32,42,
-6,64,
-2,8,
-3,46,
1,16,
18,-16,
53,-27,
19,-75,
-28,-10,
-52,0,
-1,35,
26,75,
14,9,
-23,-46,
21,11,
3,16,
0,15,
3,19,
9,2,
-24,22,
0,9,
10,44,
19,10,
-27,5,
-45,-44,
-23,29,
64,-10,
69,-10,
28,-13,
-19,22,
29,-19,
36,8,
34,43,
54,11,
6,56,
-10,19,
10,51,
-5,39,
24,17,
26,36,
7,65,
-37,9,
-2,-2,
49,-44,
33,-2,
43,34,
-5,3,
-33,15,
-5,4,
-43,-2,
0,-21,
21,9,
-29,22,
-34,45,
20,24,
77,8,
15,25,
35,9,
-25,30,
0,-9,
18,41,
14,11,
30,1,
31,1,
-15,23,
-13,25,
19,34,
6,18,
-25,-16,
-38,-42,
-22,-54,
-61,23,
53,40,
8,7,
35,8,
-5,11,
10,29,
-12,-9,
38,-41,
12,-10,
-29,42,
24,125,
12,77,
-5,61,
27,4,
25,-46,
47,-20,
53,43,
-2,12,
-10,-26,
31,-21,
39,-6,
7,58,
-8,73,
5,12,
61,-11,
16,12,
31,1,
47,23,
38,-45,
-15,-5,
12,40,
5,42,
-50,-12,
-45,-21,
23,-9,
31,87,
45,55,
35,48,
16,11,
3,32,
29,-23,
20,-17,
22,29,
14,-1,
12,28,
9,12,
25,68,
54,-5,
-10,-15,
-9,35,
-1,47,
46,12,
0,-37,
11,-31,
-17,8,
-63,72,
-32,53,
-2,36,
35,85,
79,20,
-19,34,
-18,9,
30,6,
68,-60,
67,-41,
37,-22,
13,15,
32,1,
154,35,
845,516,
3360,3230,
5791,6233,
5244,6737,
3704,6561,
-68,1931,
-1803,-1582,
-962,-1356,
-336,-630,
-1176,-1807,
-2058,-4001,
-989,-3833,
646,-1622,
1380,-244,
1744,-130,
1533,-392,
908,-429,
234,-467,
-29,-56,
-31,11,
-183,11,
-747,-298,
-1413,-527,
-1027,-433,
-325,123,
-76,622,
-316,781,
-701,377,
-777,-87,
-666,-315,
-360,-262,
-48,-24,
104,103,
140,51,
166,-146,
145,-127,
129,-160,
190,-129,
307,283,
86,255,
-56,5,
1,-174,
272,-349,
264,-382,
43,-181,
-163,-11,
-219,105,
-155,18,
-123,-131,
-87,-294,
151,-96,
162,-64,
94,-26,
-73,43,
-154,72,
-126,96,
-78,12,
-122,-99,
-317,-57,
-375,106,
-343,107,
-162,63,
97,27,
203,-20,
159,-58,
131,-122,
123,-76,
59,-49,
27,-45,
-38,-159,
22,-101,
109,-90,
86,-102,
115,-26,
69,104,
20,328,
-53,288,
-3,149,
174,22,
272,-153,
230,-249,
139,-377,
22,-90,
-52,0,
-85,27,
-95,61,
-157,14,
-177,-6,
-77,-66,
-47,-155,
-35,-119,
-42,-104,
-5,-65,
-28,-13,
-104,31,
-184,53,
-153,-4,
-162,-53,
-108,71,
-40,26,
-37,0,
-21,-37,
-61,23,
-145,-2,
-47,-6,
-43,-10,
51,42,
-2,43,
-58,-88,
6,-135,
48,-61,
7,15,
-40,30,
-77,-20,
-96,77,
-102,77,
-132,78,
-119,33,
-73,-22,
-17,-72,
-3,-37,
-54,-77,
-92,-16,
-71,7,
-56,14,
-51,31,
-71,-12,
-50,-27,
-9,-88,
32,-134,
37,-25,
4,-5,
-34,-21,
-90,-124,
-15,-109,
6,-60,
19,-62,
-74,-34,
-128,-32,
-175,-74,
-112,-43,
-14,-45,
-20,-55,
-63,-71,
-40,-35,
-37,-3,
35,4,
54,-34,
12,-37,
-51,-124,
-51,-94,
36,-11,
16,-4,
5,-11,
-71,-15,
-83,-86,
-52,-70,
-27,-66,
-10,-71,
00>
_________________________________
00>
_________________________________
Sequence Number: 177
00>
00>
Printing STS0 CIR
00>
00>
_________________________________
00>
35,31,
-16,18,
-36,-3,
-45,-33,
-15,-100,
63,-58,
23,55,
-46,7,
-27,13,
-7,-61,
33,-45,
5,3,
-7,37,
-5,18,
62,-22,
65,26,
-13,46,
-19,43,
-7,22,
6,-17,
53,-55,
47,13,
-64,21,
-21,26,
-19,-42,
0,37,
-18,49,
-27,31,
25,-55,
9,-34,
25,-101,
-50,-37,
-46,14,
41,57,
43,28,
1,36,
47,-38,
9,-67,
45,-63,
38,2,
34,75,
-13,52,
23,6,
-31,-23,
11,66,
19,34,
-39,-2,
-33,-52,
-40,-29,
20,40,
-8,-12,
-6,-20,
8,64,
14,100,
14,22,
25,-10,
18,-70,
32,-34,
68,3,
15,-19,
-20,22,
-11,-14,
23,4,
24,-37,
-54,40,
-30,107,
-7,111,
27,22,
-8,-76,
-60,-30,
-58,-35,
-65,-5,
-69,-30,
-15,-41,
4,39,
-5,34,
26,-2,
35,-24,
-4,-12,
-26,40,
-30,5,
-15,45,
-42,48,
-82,3,
26,66,
73,77,
11,8,
-18,-14,
7,32,
45,25,
41,89,
36,8,
14,-12,
-46,-16,
-79,30,
-20,6,
-38,-2,
-28,24,
-1,6,
-25,2,
-67,-35,
4,-43,
72,-42,
69,-11,
18,-52,
-9,-28,
-17,-2,
-30,-20,
35,-51,
87,-22,
63,42,
36,15,
-26,-1,
-14,27,
-6,-6,
18,39,
54,4,
34,-11,
21,29,
-24,39,
-20,50,
2,-25,
27,-28,
3,25,
-15,41,
-5,-2,
12,-30,
0,-10,
15,4,
28,43,
3,33,
45,68,
32,-34,
-14,-39,
9,16,
103,-31,
84,-66,
4,-51,
-15,-9,
57,44,
8,-38,
-29,4,
-18,-12,
32,-19,
-54,54,
-67,74,
-3,-9,
-40,1,
-9,-25,
-23,-3,
-3,-22,
13,11,
-30,-39,
-53,-38,
-8,-72,
96,-54,
68,-3,
12,54,
-63,7,
33,63,
-21,30,
-46,69,
-39,2,
12,19,
12,41,
-30,28,
-33,61,
53,106,
84,105,
57,54,
9,18,
14,6,
32,20,
-20,-8,
-29,-21,
4,-36,
-12,-2,
23,75,
19,11,
-24,13,
-15,43,
-1,53,
-32,32,
24,42,
-19,-3,
-23,-30,
-42,14,
19,36,
70,37,
49,-1,
41,16,
22,17,
32,27,
88,-35,
-11,-70,
-42,-12,
-60,36,
-6,-7,
8,-17,
86,-28,
38,4,
-14,2,
17,16,
8,-25,
-16,52,
-4,106,
81,96,
58,-14,
15,-60,
-46,3,
-17,6,
-30,0,
-27,28,
-40,-16,
-29,47,
-26,18,
1,1,
40,-55,
80,-27,
-20,12,
-15,65,
-19,65,
35,-44,
-16,-40,
-13,-38,
8,-38,
-9,-29,
-53,15,
-75,33,
70,5,
33,27,
-32,-14,
-58,-9,
23,25,
84,11,
30,37,
-32,-6,
-14,-10,
-38,-9,
45,-35,
9,23,
77,86,
79,68,
57,52,
-21,-38,
-93,-31,
8,-32,
32,-8,
15,12,
-30,-10,
-27,-42,
56,-83,
-4,-61,
0,-3,
38,26,
39,45,
-6,29,
-57,1,
54,78,
73,81,
56,79,
69,34,
-56,-9,
29,-1,
4,21,
0,67,
12,-32,
43,-31,
16,-48,
33,-18,
26,-26,
4,3,
55,-12,
30,13,
-22,1,
-50,34,
-1,-24,
-50,1,
-3,-63,
7,19,
61,-6,
24,74,
21,-17,
-15,-28,
21,-1,
71,-36,
55,14,
45,-5,
35,31,
49,64,
84,62,
7,-29,
-24,-84,
21,-50,
50,-55,
30,-22,
-20,15,
-37,52,
20,-41,
25,-23,
65,8,
9,34,
26,13,
3,-17,
-17,-37,
-50,48,
-13,-28,
8,-9,
16,-10,
4,-25,
-19,8,
7,-1,
-2,10,
-58,3,
-69,-22,
1,23,
16,66,
22,66,
38,43,
48,-1,
57,17,
49,-13,
-11,-40,
53,13,
86,-7,
34,45,
40,19,
56,-12,
-37,81,
-57,79,
-72,59,
-24,45,
-42,-7,
8,-39,
16,-23,
13,30,
13,-4,
32,16,
31,33,
-21,42,
-29,34,
-30,-19,
9,25,
-26,64,
101,8,
19,79,
-52,58,
1,7,
-6,-69,
7,-51,
46,-42,
75,-192,
378,-1431,
1645,-4677,
3647,-6870,
5096,-5826,
4904,-1789,
2329,1699,
263,1719,
-280,-39,
502,-1281,
1427,-1318,
1297,-382,
519,632,
-57,1073,
-66,1180,
145,1078,
179,688,
177,198,
79,56,
1,193,
-60,237,
-156,258,
-89,-195,
-99,-627,
-424,-638,
-590,-408,
-577,53,
-391,256,
-184,109,
-85,-201,
-84,-302,
-33,-155,
11,-89,
-79,-16,
-94,-21,
-181,13,
-86,80,
-109,273,
-95,294,
-171,293,
-212,188,
-155,165,
-10,126,
106,208,
246,206,
264,266,
79,264,
-29,62,
-52,-78,
-29,34,
-68,142,
-85,177,
-100,176,
-119,190,
-112,175,
-226,128,
-255,63,
-181,99,
-31,134,
57,122,
48,67,
7,39,
-18,100,
-32,152,
-56,38,
-68,-27,
-78,94,
-64,59,
20,99,
83,149,
-56,146,
-78,160,
19,73,
160,114,
223,118,
99,83,
-30,59,
-36,105,
-46,28,
68,-57,
163,-180,
86,-105,
-71,-22,
-165,-19,
-52,-44,
21,-23,
19,-45,
-9,-20,
-14,82,
-1,126,
-45,145,
-93,125,
-52,70,
-78,12,
-147,-14,
-136,24,
-125,24,
-170,122,
-138,153,
-100,32,
-135,-12,
-110,85,
-68,46,
-68,81,
-55,62,
-20,107,
-5,72,
57,41,
14,3,
-27,39,
-66,124,
-53,142,
-71,127,
-80,129,
-122,-9,
-199,-55,
-122,-16,
-80,-5,
-40,13,
-37,65,
-29,143,
-19,104,
18,-1,
62,34,
35,54,
-56,52,
-122,114,
-104,26,
-118,-45,
-87,-17,
-86,31,
-53,61,
-42,71,
-54,68,
-38,50,
-59,28,
-112,-24,
-86,-8,
-94,4,
-87,20,
20,110,
-26,101,
0,110,
-22,86,
15,76,
-45,44,
1,83,
-10,-23,
-64,-106,
-50,-57,
-23,26,
-37,6,
-81,-7,
-63,13,
-88,45,
-52,19,
-31,48,
-75,30,
-81,3,
7,-28,
9,-36,
00>
_________________________________
00>
00>
Printing STS1 CIR
00>
00>
_________________________________
00>
1,6,
-47,-32,
65,-24,
45,-21,
44,62,
29,23,
77,-41,
57,-37,
-24,37,
11,38,
58,76,
-8,43,
-16,20,
-50,-9,
-14,15,
22,58,
7,7,
37,28,
74,-17,
19,7,
-51,-16,
-8,-17,
22,25,
41,16,
59,33,
92,-9,
8,-35,
4,-19,
20,-18,
86,-39,
85,-5,
15,-20,
9,10,
-59,51,
-54,94,
-20,11,
-6,-20,
22,-15,
35,4,
17,56,
-18,-11,
-23,11,
46,43,
48,46,
58,35,
47,3,
58,18,
50,4,
35,25,
-53,100,
-18,65,
-16,45,
-14,19,
48,-28,
71,-15,
12,58,
25,100,
30,57,
26,34,
-39,7,
-48,-5,
20,26,
26,62,
41,9,
47,-25,
39,16,
22,-8,
43,-8,
12,-45,
36,-29,
23,-18,
46,-31,
84,-31,
46,8,
4,-2,
14,48,
12,15,
-12,-34,
-1,15,
67,8,
114,48,
31,29,
-21,31,
-33,46,
15,23,
43,35,
29,59,
35,94,
74,-10,
60,-57,
48,-49,
7,28,
-8,-22,
4,-18,
-32,4,
10,-13,
76,-12,
124,-23,
83,-77,
25,-17,
-29,69,
-11,38,
27,30,
-5,-26,
-2,-120,
72,-99,
33,-42,
27,-9,
41,-11,
-16,-84,
4,-57,
-25,-57,
19,-15,
6,26,
46,14,
58,1,
28,-7,
-17,17,
-9,3,
17,-19,
93,-33,
88,-40,
-11,-28,
5,-61,
24,-71,
14,-28,
6,-32,
18,-20,
30,-3,
-15,23,
11,2,
-62,13,
-55,-30,
-106,29,
-22,10,
-8,21,
-5,33,
65,43,
10,63,
42,-12,
14,-51,
26,-34,
5,16,
-53,-38,
-12,-22,
-32,56,
-38,101,
30,68,
40,25,
16,14,
7,-32,
26,-35,
27,37,
80,34,
40,92,
29,55,
-2,12,
20,15,
0,-33,
6,-32,
10,83,
-17,63,
-49,35,
6,29,
11,26,
0,29,
19,-14,
15,-19,
16,-2,
-11,-26,
16,-47,
-8,-11,
37,28,
25,47,
-15,16,
8,22,
15,46,
0,-2,
-26,-25,
26,-31,
34,-122,
26,-54,
28,-1,
28,7,
19,-1,
11,12,
-8,2,
11,-17,
-11,-58,
76,-17,
4,29,
-22,32,
1,-41,
47,-31,
69,37,
5,80,
23,92,
-14,-5,
-17,-51,
-27,25,
-32,24,
51,71,
46,20,
4,-1,
19,-7,
25,57,
24,-15,
56,44,
48,40,
51,-17,
24,-24,
58,-22,
61,29,
19,-7,
-28,25,
15,37,
97,-78,
105,-65,
48,-21,
19,50,
-1,44,
8,12,
-29,-27,
-1,-45,
0,-48,
6,15,
4,47,
-3,-1,
50,-40,
62,-38,
-8,50,
-30,-18,
15,-61,
-2,-65,
-2,-29,
34,-4,
-11,-4,
-54,-15,
-20,-2,
13,-46,
46,-61,
21,-12,
44,-6,
31,10,
30,-67,
12,-76,
50,-27,
88,7,
50,31,
3,28,
35,-12,
35,-58,
-10,-75,
23,9,
8,3,
-1,23,
52,27,
73,-29,
44,-21,
36,-37,
-7,29,
-10,15,
-23,-16,
-21,-30,
-14,-21,
39,-20,
23,-39,
51,45,
30,24,
-25,-10,
-63,-25,
-82,20,
-13,-1,
-39,-54,
64,-84,
81,-49,
54,29,
20,15,
-29,-40,
11,-7,
-25,32,
-7,48,
50,23,
48,7,
40,20,
-50,9,
-27,11,
-2,10,
-36,-15,
-64,-80,
21,-3,
118,-53,
74,23,
-4,71,
52,101,
35,9,
78,-52,
24,-54,
18,-52,
-13,5,
3,44,
-18,19,
-15,74,
17,-7,
21,-28,
-20,-11,
-40,6,
-5,-18,
-74,-33,
-22,33,
6,70,
89,63,
47,54,
1,18,
-20,3,
14,46,
5,60,
11,-13,
17,-4,
-24,-18,
-31,83,
-17,26,
15,-20,
-58,30,
-31,10,
-45,16,
20,-1,
-27,-4,
-1,63,
-1,62,
14,31,
20,-52,
31,-64,
50,59,
76,20,
42,28,
53,95,
43,52,
10,-10,
-4,-2,
36,16,
19,77,
30,13,
78,34,
97,50,
74,84,
25,44,
-73,10,
-35,-32,
-19,-8,
-27,4,
-309,-142,
-1522,-1110,
-4071,-3483,
-5451,-5361,
-4279,-5581,
-986,-3367,
1238,-381,
831,684,
-991,779,
-2750,646,
-3225,-68,
-1969,-887,
-204,-949,
457,-581,
2,-593,
-452,-710,
-430,-439,
-3,-19,
147,226,
35,59,
37,-9,
148,-124,
264,-33,
466,189,
561,496,
429,397,
78,128,
-90,-139,
41,-195,
32,-137,
91,-14,
244,106,
335,253,
275,266,
72,154,
5,24,
38,-17,
151,194,
105,363,
96,348,
52,164,
70,37,
127,33,
198,60,
153,77,
115,24,
65,163,
51,226,
116,223,
191,138,
123,124,
104,-1,
55,83,
66,73,
64,-69,
80,-77,
53,-36,
70,-12,
185,-8,
227,-23,
132,44,
63,88,
-19,134,
-44,107,
-67,-7,
-55,-74,
32,-39,
71,-47,
65,0,
99,27,
88,107,
147,173,
195,199,
208,234,
205,257,
105,271,
7,292,
-29,185,
119,90,
253,127,
345,222,
283,231,
108,106,
-44,29,
-92,108,
-19,152,
6,78,
56,49,
57,14,
126,56,
167,107,
103,91,
47,98,
7,111,
-25,73,
6,41,
60,69,
78,106,
83,67,
17,-35,
16,6,
16,72,
43,87,
57,17,
105,83,
70,146,
45,110,
28,79,
26,59,
1,131,
48,152,
74,90,
55,56,
46,89,
62,92,
26,94,
32,93,
29,117,
57,127,
88,91,
64,36,
41,-13,
78,26,
46,41,
51,119,
38,62,
70,42,
73,53,
67,51,
-6,71,
-37,146,
2,62,
29,40,
136,-16,
157,12,
104,45,
53,105,
22,54,
78,35,
54,25,
42,72,
21,80,
-52,111,
-13,82,
11,82,
41,70,
19,46,
-4,24,
11,55,
54,46,
62,12,
31,-24,
33,20,
50,130,
116,135,
42,31,
-4,16,
79,-5,
44,23,
59,67,
25,46,
00>
_________________________________
00>
RX Timestamp: 420201819714
00>
Clock Offset: -1800.156 Hz, 0.225 ppm
00>
RX Timestamp: 421274222550
00>
Clock Offset: -3269.291 Hz, 0.409 ppm
00>
_________________________________
Sequence Number: 54
00>
00>
Printing STS0 CIR
00>
00>
_________________________________
00>
5,-52,
69,-56,
61,48,
36,60,
4,45,
3,-58,
38,-29,
73,-54,
33,-44,
13,41,
-1,58,
24,-54,
17,-2,
2,60,
26,-21,
35,-93,
44,26,
-8,25,
-20,-18,
-53,-35,
18,38,
38,59,
46,-70,
-20,-56,
-12,-51,
-45,38,
-58,62,
-24,52,
-3,32,
14,-63,
-11,-49,
36,10,
-4,2,
-6,1,
-33,13,
-21,20,
-40,13,
19,-23,
-18,19,
-9,80,
-12,83,
8,11,
53,-15,
75,99,
26,41,
58,24,
20,-22,
0,43,
-10,-9,
-26,-16,
-30,-7,
-42,7,
-16,14,
34,27,
-21,22,
-3,-24,
29,24,
9,29,
17,3,
-11,-41,
-29,20,
-39,28,
7,24,
29,11,
31,84,
15,-16,
-40,-58,
-12,-29,
-93,22,
4,67,
42,26,
50,12,
22,-1,
-8,-37,
70,-9,
2,-38,
-6,29,
-45,102,
35,26,
10,15,
49,-16,
-17,-16,
9,-41,
10,14,
-33,67,
46,31,
60,-3,
46,20,
24,16,
-20,-10,
-6,-68,
-26,33,
-29,106,
-42,61,
15,22,
61,-51,
-13,-44,
-76,17,
38,-10,
65,46,
32,24,
30,80,
31,47,
-48,-3,
7,3,
-3,-30,
19,-1,
24,73,
-4,64,
-27,74,
-96,94,
-58,41,
37,-11,
17,6,
11,27,
36,97,
63,132,
4,-10,
-76,-17,
-28,-13,
-25,0,
0,23,
9,70,
13,61,
30,15,
-5,-16,
10,-3,
7,-3,
23,-67,
-73,-26,
-84,-17,
-55,4,
-39,-15,
-54,12,
14,47,
8,84,
2,23,
17,-45,
8,4,
-53,9,
-81,92,
-46,49,
-35,-37,
-15,-2,
-28,-22,
-35,-26,
38,25,
1,-33,
12,-47,
40,70,
6,60,
14,31,
-4,-46,
-19,29,
-28,39,
34,55,
51,31,
45,38,
72,-14,
68,0,
67,28,
43,27,
23,3,
43,10,
32,-39,
-25,12,
-16,18,
8,8,
60,-33,
-36,27,
-11,5,
16,1,
23,26,
-39,37,
-24,76,
-36,40,
45,0,
84,11,
35,16,
-34,5,
-48,34,
24,14,
10,-44,
3,-108,
29,-43,
28,-33,
38,65,
-5,41,
-13,-5,
57,17,
42,1,
-49,34,
25,27,
-41,-31,
5,-25,
-27,-40,
-104,84,
-35,44,
6,33,
10,51,
-23,49,
7,8,
44,-16,
30,-24,
-21,23,
-1,138,
-26,168,
-37,32,
-49,-54,
-38,-57,
-40,5,
21,53,
11,111,
-29,0,
36,6,
21,-40,
59,-34,
6,-16,
30,72,
7,51,
13,-11,
10,16,
-7,13,
59,43,
10,15,
-25,46,
-92,35,
-50,24,
-39,18,
4,-13,
20,-52,
23,-61,
14,-18,
-54,-3,
-36,6,
-24,14,
-40,-13,
-106,-29,
13,70,
23,28,
11,1,
6,4,
64,13,
88,24,
23,48,
-21,8,
-30,-1,
-72,57,
-36,48,
15,56,
-13,62,
15,15,
3,-28,
4,41,
14,-11,
70,-10,
29,-12,
6,34,
24,0,
10,68,
28,-6,
-1,-12,
-31,-29,
14,58,
49,30,
48,2,
-3,9,
-41,18,
-24,59,
-28,-66,
33,-69,
60,-90,
-4,-62,
-69,-15,
-94,-24,
-31,-9,
69,-59,
36,-4,
-50,73,
9,-17,
62,-2,
-37,-19,
9,26,
-20,-13,
35,-30,
19,-33,
-14,32,
-20,55,
32,19,
-5,-11,
-80,-49,
-93,-25,
27,51,
20,18,
36,-30,
31,1,
15,12,
23,-3,
-15,-29,
-16,23,
-39,7,
-67,45,
-56,36,
2,17,
41,25,
24,45,
-6,30,
4,-26,
-110,9,
-54,36,
-31,29,
-8,15,
5,16,
16,-6,
27,-11,
-9,38,
-27,-41,
1,-46,
33,-3,
27,-43,
-15,25,
-11,28,
-34,25,
-45,43,
-83,117,
12,35,
28,53,
-1,-95,
26,-15,
-12,-3,
-39,73,
-16,-11,
7,3,
20,-34,
-23,-33,
-41,14,
-34,22,
-28,-11,
-1,36,
-18,23,
-12,25,
-33,-41,
-12,-44,
9,-23,
8,6,
24,-1,
5,65,
-24,6,
-41,28,
0,52,
-19,-98,
142,-629,
1142,-2879,
3320,-6399,
4666,-6822,
5086,-5367,
2413,-735,
60,1745,
-695,1044,
-888,168,
-1427,194,
-2066,208,
-1586,-114,
-84,-387,
1265,-260,
1931,169,
1561,278,
606,-48,
-85,-254,
-294,-80,
-69,54,
2,260,
261,402,
393,459,
161,567,
-280,508,
-280,79,
42,-218,
357,-101,
137,116,
-121,322,
-248,220,
-120,233,
8,308,
-43,442,
85,324,
135,203,
117,190,
2,218,
-37,71,
-62,-30,
21,-8,
97,39,
77,1,
64,-28,
78,-92,
124,-159,
146,-129,
131,-38,
30,-47,
-43,107,
-68,15,
-39,16,
-79,13,
-156,-42,
-62,-48,
-25,27,
-16,129,
-94,196,
-131,202,
-122,56,
46,-64,
122,-149,
-7,-110,
0,-127,
45,21,
-14,20,
-115,4,
-100,16,
-54,152,
1,143,
-26,80,
-122,113,
-101,121,
-143,86,
-127,80,
-95,-31,
-79,-12,
-111,-10,
-118,-18,
-116,109,
-117,230,
-103,312,
-71,171,
-1,-4,
-11,101,
-83,167,
-137,108,
-111,52,
-96,10,
-22,21,
-32,55,
-94,42,
-107,75,
-75,97,
-35,47,
-31,100,
-38,139,
-35,105,
-32,32,
-27,-14,
-18,32,
52,125,
50,159,
26,94,
-27,90,
-122,-1,
-127,17,
-55,-4,
-19,62,
-47,113,
-124,86,
-68,-45,
-15,36,
-7,98,
-50,51,
-60,39,
-59,-22,
2,12,
-17,61,
-32,67,
-78,117,
-41,106,
-64,67,
-67,44,
-76,25,
-95,-5,
-132,6,
-82,42,
-21,24,
-37,44,
-20,5,
41,59,
-26,8,
-3,81,
-23,69,
-15,32,
-16,16,
-26,-46,
-38,12,
-81,18,
-77,70,
-14,36,
-4,59,
-57,23,
-31,42,
-18,41,
31,48,
46,-29,
30,-32,
-21,21,
-10,27,
0,22,
-54,50,
-23,64,
-39,5,
4,39,
-33,39,
-57,51,
-34,35,
-30,-56,
-14,11,
00>
_________________________________
00>
00>
Printing STS1 CIR
00>
00>
_________________________________
00>
0,-26,
26,19,
-9,-2,
12,67,
62,21,
77,5,
23,-29,
-41,13,
-56,16,
-9,-19,
-12,-40,
-18,28,
-24,20,
-6,-84,
44,-38,
60,50,
51,12,
43,-64,
-4,15,
27,9,
-17,2,
-9,74,
57,51,
45,53,
28,51,
-16,13,
3,28,
-23,43,
-11,92,
-26,63,
-15,52,
40,0,
44,-6,
16,19,
-11,-1,
-13,11,
-25,23,
0,26,
13,-4,
75,52,
66,78,
79,118,
-22,99,
16,-6,
-11,-3,
-13,-31,
11,44,
32,75,
97,98,
34,83,
-44,52,
-13,50,
45,20,
19,37,
23,33,
2,40,
52,35,
48,-74,
25,-71,
-28,-35,
6,1,
7,-9,
8,49,
47,36,
7,22,
-51,-13,
-33,-9,
17,-23,
21,-10,
11,20,
8,12,
-48,5,
10,18,
8,31,
0,77,
-45,59,
-69,49,
-13,-12,
-42,-19,
35,9,
34,84,
44,85,
60,52,
73,10,
22,1,
38,50,
23,67,
4,56,
-18,18,
-48,-28,
-45,-25,
-54,-37,
28,-6,
65,31,
72,48,
31,29,
9,23,
-5,27,
1,44,
-26,28,
16,84,
-15,45,
52,-2,
89,18,
108,-6,
66,46,
23,44,
43,9,
44,9,
23,12,
55,19,
34,62,
40,45,
4,-14,
32,1,
-7,55,
-24,57,
-67,0,
-6,-13,
62,-12,
107,-11,
31,-15,
-44,-5,
-23,-40,
2,-23,
37,-28,
-27,13,
-59,35,
-59,11,
-13,54,
-58,96,
77,66,
67,52,
-2,19,
-64,-5,
-14,-28,
4,-5,
21,-36,
27,-31,
22,10,
82,47,
77,29,
37,63,
53,63,
-13,46,
-6,17,
14,16,
-5,31,
5,34,
89,57,
73,9,
-9,7,
58,10,
100,-32,
87,-1,
22,42,
-7,43,
-11,47,
-9,32,
-23,13,
-22,30,
-44,58,
-3,20,
15,9,
26,37,
44,-10,
41,18,
14,54,
4,25,
-17,17,
-38,8,
-14,-24,
30,25,
6,62,
4,16,
33,-20,
30,86,
-3,61,
-25,55,
-2,18,
-3,-10,
-32,-17,
-46,-25,
-43,18,
24,17,
30,29,
73,-31,
86,-52,
60,-15,
2,43,
-8,65,
69,59,
61,46,
47,29,
16,56,
38,52,
-17,35,
4,22,
-47,12,
-25,-11,
26,-5,
9,-57,
-5,-28,
19,-1,
55,0,
26,35,
16,10,
30,31,
1,34,
-18,70,
-7,29,
-31,25,
50,26,
118,-24,
28,-10,
-31,-1,
-30,-24,
71,-18,
86,72,
108,11,
67,-21,
11,41,
-49,12,
35,29,
92,59,
-26,62,
-40,35,
-85,-38,
-19,-14,
18,-4,
16,18,
7,-16,
-89,4,
23,19,
92,34,
-7,-36,
4,-7,
-29,60,
19,64,
17,61,
54,-24,
9,11,
-22,81,
-16,93,
-18,27,
7,-26,
-26,-50,
67,-80,
98,-60,
95,-27,
45,34,
40,105,
6,66,
-41,59,
30,52,
80,12,
79,5,
52,-2,
14,-38,
35,-67,
33,-7,
38,25,
-40,-12,
-46,-11,
-43,71,
-10,96,
57,22,
37,-24,
4,5,
-34,-14,
10,36,
6,88,
-45,52,
-34,36,
-61,66,
-51,56,
17,70,
-1,-22,
-51,-21,
13,-75,
17,-41,
-18,2,
-49,-4,
-17,32,
-3,0,
13,11,
21,54,
-31,29,
-2,-13,
73,-4,
80,-38,
67,-53,
33,-75,
13,-22,
16,42,
-23,-20,
-6,76,
47,66,
54,12,
59,-48,
9,-19,
-48,18,
-7,42,
26,29,
109,6,
88,-57,
64,-2,
9,13,
24,1,
79,40,
54,52,
34,66,
-45,67,
-10,6,
53,-28,
23,-5,
-6,-37,
-18,9,
32,27,
41,0,
15,2,
33,-12,
-5,9,
28,-19,
47,6,
-23,60,
19,100,
8,6,
41,-6,
57,-3,
21,31,
-9,40,
-36,72,
8,63,
-26,19,
15,-32,
-63,-66,
-4,-14,
63,-56,
61,4,
105,-2,
18,61,
5,60,
11,75,
40,55,
-1,-8,
-41,52,
1,45,
59,20,
79,-26,
-35,-9,
-689,-230,
-2844,-1486,
-6143,-3868,
-6550,-4768,
-4625,-4079,
-64,-921,
1837,680,
1170,624,
686,448,
1468,1031,
2102,2010,
1235,2094,
-172,1223,
-994,562,
-1311,509,
-1150,746,
-570,599,
14,291,
189,23,
146,0,
319,-18,
597,-39,
1003,-47,
775,-33,
318,-197,
62,-426,
131,-471,
461,-270,
633,-67,
529,98,
335,80,
84,5,
-74,-11,
-10,90,
35,240,
17,233,
65,312,
-124,107,
-177,-170,
-88,-198,
72,-56,
35,129,
-95,292,
-63,318,
22,139,
141,-28,
150,-82,
121,-62,
84,62,
121,147,
14,74,
-71,65,
-63,-8,
0,-55,
66,-173,
86,-216,
110,-71,
95,5,
114,-36,
203,-127,
198,-177,
106,-63,
-111,57,
-167,71,
-81,119,
-51,88,
-6,27,
23,37,
64,54,
58,131,
-9,118,
-56,136,
-48,89,
-44,121,
-36,22,
-62,-106,
-48,-169,
-40,-108,
-63,59,
-98,183,
-104,212,
16,178,
34,79,
47,-11,
7,-54,
54,-51,
137,21,
181,37,
109,-7,
73,4,
26,92,
45,108,
20,74,
47,5,
44,-68,
93,-38,
131,9,
143,-75,
69,-41,
93,-64,
117,-32,
112,50,
128,17,
91,-20,
66,54,
37,53,
37,40,
46,53,
3,52,
48,111,
44,112,
67,12,
64,-35,
79,-34,
95,-33,
67,-39,
95,-15,
22,22,
47,35,
125,33,
109,44,
42,5,
48,-15,
119,-18,
19,-38,
7,-12,
-45,39,
-4,29,
43,20,
85,45,
38,4,
38,19,
71,55,
75,40,
72,78,
48,67,
40,19,
60,3,
57,47,
48,20,
62,6,
102,9,
111,52,
77,11,
65,34,
116,19,
123,5,
28,2,
9,-31,
44,0,
59,44,
70,4,
78,21,
81,68,
-24,6,
-16,21,
106,-17,
117,74,
69,99,
51,54,
37,17,
00>
_________________________________
00>
_________________________________
Sequence Number: 57
00>
00>
Printing STS0 CIR
00>
00>
_________________________________
00>
7,-39,
-30,-5,
-10,-4,
43,-30,
37,-69,
87,11,
-14,19,
21,16,
21,33,
20,18,
5,-6,
-52,-11,
-40,-36,
-14,-10,
-19,-10,
-21,57,
-3,85,
-1,-15,
66,-74,
-1,-31,
33,-36,
41,-49,
10,-3,
-14,-14,
46,11,
8,-7,
-33,16,
0,13,
-25,23,
-53,42,
-139,37,
-51,-16,
-54,-37,
27,38,
-36,23,
-31,31,
36,-40,
55,-33,
33,45,
13,22,
-4,39,
-33,37,
-40,59,
-84,30,
-52,-15,
-25,-27,
-24,38,
-18,-2,
31,17,
-21,15,
12,-22,
23,-38,
-2,-11,
-43,33,
-45,50,
6,38,
-6,8,
18,14,
72,75,
36,48,
25,78,
42,60,
67,14,
38,13,
-8,9,
50,18,
9,71,
18,-12,
-17,48,
-18,63,
19,151,
38,56,
-10,10,
19,-24,
77,35,
13,89,
20,-8,
112,-9,
10,-12,
13,14,
10,43,
-26,-20,
-38,-21,
27,40,
1,29,
58,8,
41,25,
-22,-37,
-32,-68,
59,-47,
-10,-42,
43,-63,
42,0,
5,64,
4,68,
1,2,
1,77,
-23,77,
-61,39,
-25,43,
10,-8,
4,23,
-56,65,
43,-1,
63,-59,
48,-9,
54,-2,
26,43,
21,49,
11,44,
-6,33,
-22,59,
21,7,
34,59,
1,16,
-18,-36,
48,-28,
16,-75,
20,-26,
43,34,
33,54,
11,62,
-39,39,
9,26,
12,-32,
0,56,
11,53,
14,-13,
-6,33,
-1,54,
20,17,
7,23,
55,-19,
61,51,
-16,7,
-45,9,
-88,-55,
-43,20,
6,-10,
23,23,
34,35,
-34,62,
-51,62,
-21,1,
-37,10,
-29,45,
41,10,
97,-8,
52,41,
40,18,
-6,79,
34,42,
-7,20,
-10,3,
3,51,
2,81,
64,86,
44,47,
6,-39,
8,-36,
3,48,
-11,-7,
40,-30,
6,37,
-1,-42,
-87,92,
-70,38,
-61,16,
37,-21,
21,16,
74,34,
18,76,
-43,40,
-22,0,
-29,13,
5,-24,
8,1,
-33,26,
-26,82,
-40,67,
63,-50,
61,-69,
-2,-4,
-33,74,
-2,55,
22,72,
-24,59,
12,28,
28,13,
35,30,
81,-80,
7,-68,
12,-6,
-3,32,
-29,94,
-25,57,
22,-70,
53,-38,
91,63,
61,63,
49,7,
21,34,
-35,14,
16,-3,
20,8,
-2,8,
-67,16,
-28,21,
-2,-32,
27,-73,
7,7,
24,34,
1,56,
35,70,
62,72,
7,104,
-2,-22,
43,-14,
48,-7,
59,-34,
17,-40,
-47,12,
-60,95,
-17,8,
61,-12,
58,25,
32,22,
-69,60,
-61,-96,
19,-29,
108,28,
89,39,
94,90,
67,10,
15,48,
27,48,
66,4,
8,45,
-53,37,
-13,28,
-20,38,
-1,12,
5,80,
46,59,
10,47,
-22,47,
-11,42,
10,72,
63,-3,
28,56,
20,34,
-40,68,
35,18,
-15,38,
45,-25,
41,-10,
21,-58,
-23,61,
17,28,
10,-15,
91,-18,
21,46,
-11,52,
41,82,
9,-41,
-31,13,
-31,58,
-50,88,
31,70,
10,20,
-53,-11,
11,8,
-20,-23,
30,9,
22,83,
4,5,
-11,-45,
-22,62,
-8,30,
8,14,
5,59,
66,27,
7,-10,
-61,-1,
8,11,
51,-16,
2,38,
-31,56,
-15,-14,
17,-16,
4,23,
26,28,
10,-2,
35,-48,
-28,-37,
-11,70,
21,15,
40,-1,
129,32,
-15,122,
-8,82,
22,1,
45,-43,
21,-40,
68,-10,
27,16,
28,-21,
-3,15,
0,80,
34,-1,
31,-39,
-31,-45,
-19,-23,
2,-23,
-21,43,
39,41,
-11,37,
0,14,
-21,64,
-35,85,
-31,33,
-55,34,
-3,64,
40,32,
60,44,
0,58,
20,40,
49,31,
40,8,
50,12,
60,29,
-9,68,
-48,33,
-42,25,
-57,36,
-63,37,
-8,12,
-10,-46,
-9,-60,
-24,41,
55,4,
30,17,
88,14,
19,9,
16,-8,
41,9,
71,0,
22,11,
16,-32,
-57,-18,
-23,56,
88,63,
88,26,
43,-12,
-8,-13,
10,15,
69,84,
-58,305,
-593,1702,
-2303,5159,
-4207,6894,
-5444,5808,
-4913,1902,
-1970,-1905,
37,-1826,
143,27,
-791,1458,
-1556,1448,
-1226,501,
-329,-502,
235,-1192,
241,-1376,
27,-1200,
-51,-670,
-84,-154,
-31,-59,
40,-124,
166,-202,
239,-175,
0,250,
-1,600,
240,668,
469,511,
488,-97,
365,-293,
128,-58,
103,343,
103,366,
79,165,
-20,72,
86,35,
240,70,
178,86,
68,-12,
86,-222,
213,-410,
233,-325,
254,-157,
267,-99,
164,-171,
-40,-226,
-177,-232,
-142,-317,
-43,-274,
44,-141,
32,63,
38,-29,
98,-223,
74,-136,
64,-159,
241,-290,
184,-303,
255,-89,
249,47,
152,51,
29,-12,
29,-111,
-43,-135,
-36,-188,
108,-250,
123,-126,
143,28,
78,-10,
42,-88,
-4,-43,
-5,-87,
-1,-199,
33,-292,
58,-261,
-10,-70,
-138,-22,
-132,-59,
-15,-38,
101,-13,
109,-1,
28,64,
-141,104,
-177,171,
-139,181,
94,107,
83,52,
51,5,
-1,4,
56,11,
52,-10,
76,-43,
-9,-42,
-13,24,
78,-86,
75,-61,
101,-24,
15,39,
66,-17,
97,-10,
88,-72,
125,-56,
47,-1,
74,19,
120,-132,
146,-93,
65,-41,
53,-59,
33,26,
33,-43,
90,-22,
74,-84,
59,-125,
44,-164,
106,-88,
100,-18,
130,-3,
115,-29,
85,8,
155,34,
140,-39,
64,-30,
95,10,
76,32,
51,23,
35,57,
22,3,
8,51,
12,-11,
-4,-48,
38,-19,
50,-8,
45,21,
84,-32,
51,-11,
70,6,
90,9,
138,11,
112,77,
53,144,
88,74,
106,-50,
96,-126,
41,-94,
3,5,
10,-74,
40,-134,
67,-139,
43,-121,
48,-25,
25,0,
15,54,
71,3,
102,-40,
70,-55,
19,-107,
88,43,
51,0,
00>
_________________________________
00>
00>
Printing STS1 CIR
00>
00>
_________________________________
00>
-67,-1,
-30,18,
25,-18,
34,-67,
13,34,
18,-12,
18,11,
16,84,
35,47,
47,32,
12,9,
23,-17,
9,-37,
69,27,
93,61,
32,7,
-41,-18,
-100,34,
-53,71,
-8,77,
-7,25,
31,-54,
31,-57,
25,6,
6,38,
-66,89,
-48,96,
50,27,
83,11,
17,-23,
-56,10,
22,16,
2,-7,
42,-20,
54,29,
-6,42,
-7,22,
-32,-41,
-44,-51,
19,19,
-46,51,
-9,-7,
-25,-26,
7,0,
-8,-9,
43,33,
87,68,
89,45,
84,33,
40,-9,
-8,1,
21,-11,
70,13,
29,15,
23,6,
4,23,
17,13,
9,-6,
-73,23,
-18,-3,
-1,40,
26,27,
13,72,
9,73,
4,53,
25,17,
62,46,
128,38,
66,-2,
59,10,
8,0,
5,-28,
-14,3,
13,20,
-51,-25,
17,-11,
5,-4,
10,35,
17,-8,
-38,-32,
-16,-8,
16,-31,
14,3,
21,23,
-23,49,
7,-2,
20,-43,
37,-27,
22,32,
28,-23,
84,-11,
67,-1,
112,24,
43,-3,
-9,-15,
-66,34,
-11,26,
43,-27,
90,-4,
51,39,
48,-16,
-15,44,
7,9,
47,18,
12,-1,
35,-6,
-30,-39,
-19,13,
-88,22,
16,38,
-2,18,
18,-22,
52,-35,
-2,-2,
-14,-6,
7,-22,
40,-15,
51,-15,
32,7,
59,-2,
94,-6,
48,-16,
34,8,
63,-8,
-3,-31,
-75,-21,
-45,-29,
-20,-68,
16,-62,
31,-1,
-5,-58,
-1,-41,
56,-30,
108,25,
4,38,
-31,57,
-51,19,
22,22,
15,37,
3,-58,
-18,-7,
60,-8,
71,88,
56,61,
44,-10,
67,-76,
12,2,
-40,-35,
-23,14,
40,69,
-5,27,
-52,-15,
-7,-9,
-3,13,
49,12,
47,-7,
-9,0,
2,-15,
39,-22,
13,-54,
-64,-39,
-42,19,
-34,-21,
22,52,
-7,5,
-26,19,
14,-21,
77,9,
77,-30,
80,-4,
54,-4,
3,-40,
-10,15,
63,11,
39,-49,
18,-25,
3,61,
69,21,
84,41,
44,4,
28,-29,
40,-42,
21,-9,
64,9,
79,-6,
53,6,
-34,-15,
-20,-51,
-21,3,
-72,-4,
-80,-12,
16,-26,
92,11,
60,-7,
-4,-3,
-18,16,
21,23,
32,-18,
83,-6,
104,18,
11,37,
-23,12,
-11,-44,
-11,-55,
-53,-36,
-36,-48,
66,-62,
52,-10,
-41,0,
-5,55,
22,26,
47,44,
-9,-8,
-48,-44,
-33,-51,
-81,3,
-1,45,
16,27,
-5,-55,
41,-23,
59,15,
25,4,
45,-15,
40,-39,
39,-26,
37,20,
64,48,
55,41,
57,32,
45,13,
45,24,
89,49,
63,0,
56,-18,
28,-21,
16,-9,
41,35,
0,-55,
-15,-68,
-21,45,
-15,57,
43,75,
40,-18,
37,-13,
45,33,
28,-5,
29,-2,
49,-2,
94,-1,
44,11,
76,-12,
38,0,
27,5,
51,20,
0,66,
9,31,
-30,23,
73,12,
71,-6,
75,51,
29,53,
-18,19,
63,-6,
13,18,
-51,71,
-100,84,
-68,15,
5,-19,
59,8,
18,79,
19,63,
29,31,
6,26,
-38,28,
9,65,
52,45,
44,51,
33,74,
1,23,
66,-15,
-11,23,
-24,-14,
0,33,
54,21,
56,8,
-6,-12,
30,24,
76,65,
98,69,
20,33,
48,9,
63,-43,
10,-23,
-45,-11,
-53,43,
1,33,
21,-8,
44,-15,
30,-28,
70,30,
94,18,
86,57,
29,-65,
2,-42,
-6,10,
-7,7,
25,15,
74,50,
38,58,
43,19,
40,-37,
-12,-1,
-58,62,
-11,29,
-49,45,
-19,-53,
13,-23,
35,-6,
32,7,
-12,-6,
21,-45,
-5,-20,
82,-10,
74,3,
44,5,
-25,1,
-11,-38,
28,33,
14,16,
17,-46,
22,-17,
29,-9,
5,-18,
24,1,
67,35,
75,21,
63,5,
105,-16,
55,-12,
-67,-18,
-18,-17,
52,28,
42,61,
24,18,
42,27,
65,-3,
-38,-30,
-11,-32,
27,-22,
0,7,
-44,4,
-8,21,
22,16,
6,-32,
26,-6,
20,27,
27,26,
359,265,
1444,1472,
3432,4394,
4050,6555,
2756,6145,
-39,2738,
-1489,-81,
-602,-678,
1392,-412,
3233,78,
3435,749,
1694,1055,
-232,802,
-804,475,
-206,547,
309,678,
313,404,
52,-21,
-62,-194,
42,-43,
15,50,
-125,146,
-361,28,
-501,-289,
-475,-487,
-288,-407,
-29,-63,
61,154,
-14,150,
20,34,
-46,-73,
-153,-154,
-231,-256,
-189,-312,
-110,-126,
-72,34,
-81,23,
-10,-211,
8,-334,
-27,-237,
-123,-162,
-138,-42,
-182,-6,
-240,-18,
-223,-6,
-89,-73,
34,-143,
31,-128,
-53,-91,
-108,-67,
-99,-58,
7,-55,
-25,-47,
-54,-60,
-108,-1,
-110,73,
-103,81,
-159,-17,
-195,13,
-164,38,
-142,-40,
-13,-142,
59,-108,
62,-26,
86,39,
44,56,
12,-51,
-70,-23,
32,-38,
39,-75,
-26,-102,
-91,-244,
-140,-230,
-85,-224,
-86,-258,
72,-269,
131,-184,
54,-121,
-83,-61,
-254,-96,
-278,-147,
-225,-135,
-25,-63,
39,-15,
54,11,
11,-72,
-11,-88,
-11,-57,
-62,-24,
-123,-1,
-63,-78,
37,-100,
107,-115,
86,-115,
31,-54,
-57,-41,
-166,-47,
-102,-31,
-46,-34,
-66,-41,
-88,-67,
-114,-119,
-65,-35,
-6,-25,
-3,-40,
-28,-90,
-27,-77,
9,-25,
0,-9,
40,-33,
32,-57,
28,-50,
-45,-51,
-45,10,
22,-27,
101,-59,
56,-99,
28,-162,
-11,-82,
-32,-23,
-50,-6,
-65,-41,
-112,-123,
-84,-105,
-25,-94,
30,-62,
2,-68,
16,-41,
3,-58,
-4,-68,
-18,-80,
22,-57,
-63,-10,
-59,10,
-39,9,
-32,-11,
-54,-83,
-66,-27,
21,-40,
-25,-59,
-34,-51,
-45,-41,
14,12,
32,-48,
33,-69,
87,-47,
2,-80,
2,10,
-32,7,
-59,-63,
-112,-35,
-18,7,
61,-9,
43,-14,
23,-23,
00>
_________________________________
00>
RX Timestamp: 560211936034
00>
Clock Offset: -2432.442 Hz, 0.305 ppm
00>
RX Timestamp: 561282874557
00>
Clock Offset: -3232.098 Hz, 0.405 ppm
00>
_________________________________
Sequence Number: 190
00>
00>
Printing STS0 CIR
00>
00>
_________________________________
00>
-41,-21,
-66,19,
-36,-6,
23,-7,
34,-51,
-16,19,
-29,1,
-19,-31,
-17,1,
-18,-24,
-5,-7,
2,26,
38,-53,
43,-27,
-15,15,
-46,16,
-40,-60,
93,3,
76,7,
43,-13,
28,59,
-2,52,
29,35,
6,-34,
26,15,
-4,6,
38,-51,
3,0,
-51,22,
36,51,
28,45,
-35,16,
-59,-73,
-11,-89,
-11,20,
-18,40,
-3,44,
38,-40,
-16,6,
44,27,
-34,-19,
-59,-88,
-39,-106,
-12,-66,
19,17,
10,26,
28,5,
4,-112,
-2,-96,
-12,21,
18,18,
2,-19,
10,-35,
-23,-79,
-34,19,
9,45,
40,32,
45,-24,
42,-38,
22,-25,
-33,-69,
-3,-77,
30,7,
-21,-20,
16,-57,
57,8,
69,-26,
22,13,
85,-19,
-41,2,
-32,-3,
-62,-54,
-59,17,
-15,37,
-48,0,
-3,-5,
6,32,
36,2,
79,-47,
70,-94,
-1,-42,
17,-49,
23,-70,
19,-16,
-7,7,
-78,-35,
-10,-23,
-18,-36,
18,-10,
50,-7,
39,-3,
26,2,
18,-32,
-32,31,
-29,-51,
1,-62,
55,-22,
35,-31,
-1,-36,
-29,-99,
-26,-13,
0,-5,
5,2,
57,-49,
-7,-5,
72,49,
6,-52,
1,-53,
60,19,
69,12,
45,13,
29,-63,
-75,-69,
-57,-49,
17,-66,
12,-61,
22,58,
40,73,
17,43,
7,-35,
45,-27,
38,56,
26,42,
-52,-9,
-17,-55,
-51,-67,
20,-67,
47,9,
35,35,
26,-23,
15,-53,
36,-24,
40,76,
96,16,
79,6,
78,27,
-6,21,
-16,-7,
12,-17,
25,17,
9,-37,
-51,-57,
-17,-46,
-5,7,
47,-20,
0,-29,
-87,-11,
12,-1,
63,-5,
61,-13,
10,-26,
25,6,
37,-33,
57,-21,
88,-26,
-2,-23,
-10,-74,
-27,-97,
6,-37,
-11,25,
-48,39,
31,19,
25,-21,
18,55,
-20,6,
-10,-42,
-44,-47,
76,-42,
43,37,
35,33,
38,-4,
14,-58,
-51,-44,
17,-4,
3,69,
33,37,
39,-7,
50,-54,
-13,-62,
57,-28,
27,-16,
-14,-25,
5,-16,
45,36,
13,11,
49,107,
-12,73,
-36,-48,
-20,-32,
4,19,
79,-8,
27,37,
16,19,
56,-82,
54,-123,
21,53,
18,69,
41,17,
77,6,
83,-87,
135,-32,
35,-18,
-45,-30,
-51,-10,
3,22,
40,-20,
21,3,
44,19,
30,12,
-46,-11,
-17,-85,
18,10,
71,20,
29,13,
-13,-13,
-2,20,
57,-37,
25,9,
15,-36,
29,-8,
51,-9,
36,16,
2,13,
14,-66,
-41,-58,
12,-72,
-5,-53,
13,1,
-24,-47,
18,-23,
93,27,
-13,29,
-6,39,
9,-48,
24,-26,
32,-36,
-54,19,
-11,-4,
41,-7,
25,-16,
-70,-42,
-68,-42,
-2,-31,
61,-4,
117,25,
6,-15,
-9,-15,
-24,-30,
19,27,
54,73,
30,29,
39,-69,
68,53,
29,29,
29,-57,
44,-21,
-24,-37,
-16,7,
-34,38,
-2,-31,
6,-39,
24,1,
40,-5,
16,-88,
5,-16,
-30,-32,
-41,-9,
-27,9,
-11,-68,
-16,-98,
-22,5,
18,-40,
0,-56,
6,-2,
-17,3,
25,7,
21,23,
-12,27,
59,39,
50,-52,
48,-6,
-53,-82,
-72,12,
-15,-45,
64,-77,
49,-94,
-5,34,
-10,6,
-3,43,
-13,30,
18,25,
27,-54,
-69,-64,
-20,-35,
10,-9,
-51,-44,
-90,-58,
29,-95,
61,-25,
35,-10,
50,24,
-21,-10,
24,43,
25,-19,
0,-120,
43,-1,
2,60,
19,38,
-12,10,
42,-4,
25,-20,
9,2,
-6,-9,
17,8,
49,-28,
-17,-4,
-8,-31,
19,-40,
5,-101,
6,10,
9,-4,
-21,-56,
23,8,
14,70,
72,19,
30,7,
4,21,
17,35,
-41,10,
-52,25,
13,12,
-21,-17,
-29,-84,
-22,-51,
-40,40,
-40,48,
19,55,
56,4,
51,42,
-17,-8,
45,-24,
24,7,
4,-1,
72,-1,
6,-19,
11,-38,
7,-2,
-60,-22,
-19,-54,
-18,-7,
32,4,
57,-26,
57,-39,
26,18,
-13,-105,
145,-1555,
1030,-5373,
2394,-7740,
3410,-7392,
3311,-4377,
1144,678,
-218,1651,
-730,594,
-1150,262,
-1770,688,
-1844,638,
-898,-46,
509,-573,
1681,-604,
1850,-251,
954,-169,
50,-255,
-239,-114,
-125,43,
19,129,
92,291,
403,199,
403,366,
88,498,
-287,289,
-164,-68,
240,-352,
337,-116,
125,310,
-140,362,
-129,331,
-9,192,
64,320,
5,381,
176,197,
319,224,
225,276,
42,90,
-9,29,
92,20,
211,19,
118,-7,
-17,-46,
-1,-113,
24,-172,
152,-177,
167,-185,
127,-91,
64,-23,
-26,84,
-145,65,
-79,28,
-181,56,
33,-10,
28,51,
-17,99,
-94,198,
-131,233,
-75,187,
-45,115,
3,-47,
-7,-111,
-16,-146,
-11,-158,
47,-79,
-49,-8,
-162,-4,
-86,30,
54,99,
89,94,
20,103,
-45,110,
-47,130,
-94,203,
-70,87,
-49,-23,
-108,-26,
-139,-15,
-183,47,
-170,225,
-86,384,
-21,270,
-24,42,
30,37,
66,136,
-9,170,
-86,94,
-42,98,
-36,66,
6,51,
-62,46,
-103,82,
-64,106,
27,122,
-6,151,
-10,145,
-29,92,
-45,103,
20,8,
-17,-4,
-53,32,
-8,25,
8,55,
-16,109,
-121,113,
-121,30,
-74,20,
-10,121,
-2,115,
-53,83,
-70,104,
-24,77,
25,129,
31,58,
-74,-36,
-59,-1,
-60,40,
-84,69,
-148,26,
-122,120,
-95,154,
23,126,
48,102,
-11,77,
-29,9,
-54,-17,
-90,17,
-40,34,
-51,40,
-37,134,
-72,53,
-54,11,
-25,73,
-6,62,
25,58,
-15,81,
-4,46,
24,23,
31,59,
49,59,
-15,31,
-42,-12,
-44,-110,
-21,-32,
-47,15,
-138,21,
-52,-8,
-81,-45,
-90,-93,
-53,47,
-35,48,
-46,72,
-25,82,
-45,42,
12,13,
-41,45,
-24,35,
00>
_________________________________
00>
00>
Printing STS1 CIR
00>
00>
_________________________________
00>
-1,20,
-7,47,
-2,108,
17,26,
12,6,
-2,8,
-29,30,
13,19,
45,88,
26,51,
-6,-3,
-10,-14,
8,82,
39,110,
4,73,
42,76,
52,9,
40,-59,
-11,-1,
12,29,
32,78,
-25,90,
-20,52,
-1,13,
16,9,
60,72,
20,52,
10,22,
87,70,
61,4,
52,42,
21,15,
16,-8,
26,61,
8,59,
27,42,
8,43,
77,-54,
11,-24,
-29,44,
38,-11,
33,-10,
-5,2,
-16,20,
26,37,
93,-23,
87,-37,
54,28,
-1,68,
-8,92,
-37,108,
-38,118,
-52,95,
-16,108,
-32,72,
-39,74,
45,-20,
-14,22,
-21,41,
3,37,
57,3,
106,-12,
48,13,
21,13,
2,19,
32,-7,
22,30,
50,37,
47,18,
-33,72,
-22,48,
-17,24,
-52,10,
22,58,
29,35,
0,2,
61,-54,
-10,21,
0,53,
23,82,
73,62,
32,44,
-32,66,
-14,80,
35,69,
25,58,
55,69,
58,23,
84,10,
11,49,
32,40,
67,34,
44,42,
20,20,
6,1,
44,6,
-7,36,
-43,30,
59,-26,
96,-14,
73,-49,
83,-31,
73,-67,
26,29,
1,-20,
34,3,
-3,7,
-5,59,
9,41,
37,-16,
25,12,
17,38,
31,83,
62,62,
52,-10,
2,26,
-36,47,
16,40,
21,-26,
11,19,
-63,-22,
-31,-69,
-32,-31,
33,-8,
-30,44,
-101,48,
25,3,
28,-43,
-4,1,
-19,32,
12,67,
51,57,
-1,56,
-50,23,
-13,42,
-28,-3,
21,89,
47,59,
13,32,
-30,-26,
-12,24,
24,37,
41,30,
19,-54,
-38,-34,
-67,2,
-30,-11,
7,-15,
6,-3,
22,-44,
39,-7,
93,23,
96,48,
66,34,
52,18,
-40,11,
-15,-9,
-29,-38,
14,15,
36,-25,
30,-39,
-1,-14,
22,60,
31,42,
-2,-16,
10,-22,
21,-16,
-21,-45,
20,-4,
-14,-19,
-15,-1,
23,83,
15,35,
14,4,
7,32,
-17,51,
-8,60,
19,33,
55,-31,
59,-18,
81,26,
60,41,
8,58,
17,25,
-43,14,
-69,-20,
-11,-3,
44,-20,
77,-37,
50,25,
-12,-10,
30,10,
16,-4,
31,36,
24,64,
48,-1,
50,11,
5,9,
52,-41,
58,-54,
23,-14,
-34,-27,
-78,48,
-60,23,
-2,-5,
22,34,
-2,7,
34,9,
-9,30,
3,-6,
49,12,
-21,25,
-36,62,
5,45,
5,24,
60,-28,
8,8,
8,9,
12,3,
52,45,
15,-7,
-14,2,
32,30,
41,47,
60,90,
25,24,
20,24,
12,-67,
36,-77,
28,-25,
39,2,
29,48,
-21,5,
-43,28,
-30,-11,
-13,28,
-26,4,
-4,-29,
53,5,
43,17,
15,31,
-11,-27,
33,-69,
55,-7,
20,25,
2,36,
56,-7,
-7,-33,
-25,-17,
-2,47,
51,39,
14,29,
-3,45,
12,26,
26,43,
38,43,
50,-20,
53,-29,
75,28,
21,-22,
-7,-18,
9,-56,
20,-43,
-6,20,
6,64,
-32,80,
-22,55,
32,8,
34,0,
35,-28,
24,-38,
-39,-44,
33,28,
0,32,
-29,24,
-51,59,
-43,44,
7,82,
26,49,
21,49,
10,-9,
-38,52,
22,22,
8,14,
-24,-3,
25,-15,
32,-31,
-10,-29,
-44,4,
8,50,
53,39,
103,-32,
-15,-43,
-45,3,
-24,5,
-46,59,
-27,51,
32,22,
64,2,
30,-7,
-25,24,
-60,80,
-22,12,
28,39,
47,25,
57,51,
18,25,
-39,-49,
-21,-14,
-27,78,
-8,69,
-8,61,
-5,44,
17,17,
15,54,
-4,47,
71,25,
-56,-29,
-67,-16,
32,3,
47,-33,
-22,27,
-16,3,
2,17,
14,0,
22,32,
32,38,
7,-8,
-21,9,
-21,78,
49,28,
64,-14,
38,-68,
38,2,
-2,59,
-39,48,
2,37,
-2,-3,
-10,71,
8,73,
-9,25,
8,66,
43,-16,
27,-32,
-23,5,
-44,52,
10,79,
-5,49,
-40,82,
-24,68,
-13,-15,
16,-15,
-4,25,
-49,55,
-293,-18,
-1583,-602,
-4714,-2439,
-6751,-4253,
-6125,-4363,
-2401,-2382,
1118,62,
1565,679,
616,414,
750,640,
1725,1468,
1773,2097,
529,1673,
-666,834,
-1244,582,
-1261,766,
-866,770,
-249,540,
203,220,
134,50,
192,49,
556,30,
826,-122,
967,-130,
569,-160,
175,-341,
51,-504,
210,-459,
498,-289,
582,-75,
452,39,
247,45,
46,-42,
-70,51,
11,176,
-2,282,
22,345,
94,286,
-107,-25,
-159,-135,
21,-107,
47,-3,
-59,153,
-118,316,
-95,233,
25,34,
122,-63,
156,-66,
127,-10,
131,92,
40,94,
-78,107,
-118,92,
-143,-50,
27,-78,
136,-145,
189,-72,
144,67,
112,59,
198,-68,
190,-144,
127,-67,
41,50,
-49,105,
-110,133,
-120,150,
-17,156,
-34,29,
-36,58,
90,147,
57,157,
10,133,
-22,143,
-40,158,
-115,101,
-72,-59,
-15,-159,
-64,-110,
-103,-25,
-139,93,
-20,171,
-2,261,
119,198,
99,33,
65,-73,
83,-149,
144,-55,
189,43,
161,92,
141,63,
56,52,
25,87,
31,73,
106,103,
105,23,
104,-10,
100,-37,
105,55,
99,54,
-2,5,
37,20,
150,40,
132,49,
67,99,
55,54,
59,87,
84,57,
71,29,
12,117,
29,127,
26,87,
36,4,
-4,-26,
-1,-33,
44,10,
11,102,
-6,121,
23,69,
34,14,
68,58,
78,73,
41,89,
80,7,
122,2,
78,1,
68,61,
18,70,
76,86,
48,67,
66,73,
33,9,
-32,13,
-40,102,
31,41,
50,-20,
117,-21,
88,29,
87,56,
107,-51,
53,-77,
133,39,
23,101,
18,70,
28,26,
67,83,
85,41,
25,55,
23,76,
37,74,
81,28,
-44,33,
-44,32,
88,13,
101,-18,
108,-36,
64,-4,
20,63,
69,-30,
00>
_________________________________
00>
_________________________________
Sequence Number: 193
00>
00>
Printing STS0 CIR
00>
00>
_________________________________
00>
83,2,
28,7,
-6,16,
-19,-33,
8,-47,
20,-12,
46,0,
37,89,
74,3,
-15,-44,
-21,-48,
4,-84,
55,23,
25,57,
-14,48,
28,-48,
7,-46,
-7,-28,
-42,-47,
6,5,
43,-53,
9,-27,
57,-25,
-8,-69,
-22,-63,
2,-49,
-14,-42,
12,-30,
62,49,
18,42,
31,40,
41,20,
22,5,
7,-44,
-17,-24,
-84,43,
-53,48,
-42,23,
18,-36,
27,-14,
-4,8,
31,-12,
14,16,
-54,46,
-41,25,
38,-4,
42,12,
67,-11,
10,-46,
27,-81,
13,-25,
14,13,
-17,-10,
-14,9,
-23,26,
10,20,
8,16,
8,12,
29,4,
10,-28,
-16,2,
9,-8,
34,25,
95,52,
71,-26,
51,-98,
56,-42,
34,26,
30,16,
50,-58,
51,-50,
15,-85,
-20,-22,
-31,-47,
-15,-36,
39,-60,
56,-5,
37,5,
24,5,
56,27,
27,-14,
-2,6,
24,-16,
-19,48,
-10,10,
-48,71,
-24,15,
-4,2,
-15,-25,
-30,-86,
6,-44,
47,-13,
68,-43,
18,17,
62,-43,
71,-47,
56,-55,
48,-32,
-27,3,
-47,67,
49,-21,
6,-45,
24,-36,
-34,-27,
12,7,
-12,27,
30,2,
51,-30,
49,1,
5,9,
89,39,
62,41,
-6,-12,
13,-35,
-14,11,
-4,-23,
28,54,
-21,29,
24,-50,
30,-60,
8,-44,
9,27,
-32,14,
-59,-34,
-21,54,
52,26,
109,-16,
50,-51,
5,-35,
32,-43,
33,29,
-22,54,
-3,15,
30,42,
60,-10,
30,10,
10,34,
44,8,
52,53,
27,29,
-28,16,
0,-4,
32,16,
25,-8,
-7,73,
18,29,
37,55,
-26,83,
24,29,
-36,25,
18,22,
-6,26,
-5,68,
22,38,
55,47,
-8,21,
32,50,
18,79,
7,8,
-4,-27,
21,-11,
-8,-3,
81,-11,
72,32,
14,10,
14,11,
2,111,
12,24,
31,-34,
43,-88,
-29,-96,
10,3,
17,100,
-3,48,
49,34,
60,-42,
13,-10,
34,-8,
-43,-43,
26,4,
-33,36,
12,11,
22,-34,
16,-23,
22,-32,
-5,-75,
-76,-14,
-32,-10,
38,-2,
55,-20,
2,-49,
27,-4,
-33,-80,
-24,-112,
11,-55,
-12,-70,
-17,50,
34,-5,
15,15,
-9,-80,
14,24,
-34,-24,
-54,-24,
-23,3,
49,-9,
40,20,
34,59,
30,20,
15,-2,
51,-12,
64,-13,
59,-56,
34,-56,
70,-74,
10,-48,
48,-21,
42,-33,
46,26,
-44,-41,
-21,-30,
77,4,
63,-29,
80,8,
45,-24,
-5,-35,
-51,-22,
30,8,
18,-37,
9,-3,
6,42,
6,-19,
-75,-70,
-25,-60,
-36,4,
-29,-33,
31,-54,
40,20,
-2,47,
-25,-54,
-3,-134,
36,-65,
69,3,
44,29,
41,-4,
32,-16,
-21,6,
38,13,
24,18,
19,-40,
43,-6,
-61,41,
11,-20,
-6,75,
35,66,
41,41,
56,23,
18,-28,
-8,-19,
30,-16,
28,-64,
27,-116,
-15,-64,
50,31,
9,25,
-67,-14,
24,52,
0,83,
20,52,
4,-9,
-12,-31,
16,78,
28,95,
-19,47,
35,16,
-4,17,
-1,61,
-48,68,
-52,19,
75,-14,
37,32,
-1,6,
16,30,
65,32,
68,89,
30,45,
-2,14,
-36,-25,
35,25,
18,62,
-69,-4,
23,-28,
4,-43,
20,16,
45,25,
67,-72,
32,-34,
-21,64,
-11,107,
50,77,
78,12,
43,-23,
27,-71,
-41,8,
-39,-6,
-19,53,
-12,17,
16,11,
34,5,
49,-6,
-15,-19,
48,48,
54,-19,
12,34,
-10,2,
-23,-37,
-18,-17,
-24,45,
0,45,
-13,33,
-14,11,
-26,22,
-26,-12,
25,-33,
68,5,
64,8,
-37,14,
9,-19,
48,-23,
-52,46,
25,82,
20,101,
-20,67,
-28,30,
1,-11,
82,44,
37,61,
22,-24,
-1,-29,
-26,-10,
-10,61,
-7,53,
-14,69,
9,-14,
11,2,
45,-13,
-37,-9,
-116,-3,
-15,3,
8,47,
15,13,
40,13,
30,-15,
77,21,
718,348,
2891,1482,
6113,3593,
6142,5217,
3447,5885,
-639,3723,
-1778,887,
-542,-254,
853,290,
1350,1385,
732,1767,
-190,983,
-722,43,
-889,-200,
-984,-55,
-707,127,
-369,236,
-45,205,
-140,90,
-169,-71,
-219,-217,
26,-90,
441,53,
567,-202,
508,-581,
164,-655,
-208,-503,
-135,-197,
126,-120,
344,-37,
299,71,
101,144,
16,69,
-55,-187,
-23,-232,
8,-72,
-31,-55,
-169,-156,
-225,-208,
-147,-316,
-38,-192,
-93,-139,
-81,39,
-179,250,
-212,232,
-206,58,
-129,11,
-11,-16,
42,8,
-72,-35,
-173,-120,
-100,-104,
-71,-165,
-63,-209,
-120,-161,
1,-204,
29,-289,
27,-96,
-39,5,
-38,34,
-89,22,
-54,17,
-49,-89,
-23,-109,
39,-73,
-30,-19,
-86,13,
-126,45,
-246,97,
-195,-19,
-120,-101,
-58,-51,
-79,87,
-54,135,
-63,63,
6,-27,
44,-113,
15,-20,
67,85,
108,231,
69,138,
32,-96,
22,-224,
65,-121,
149,-28,
96,17,
9,-15,
44,-18,
-24,-16,
-110,-12,
-105,-25,
-61,-81,
8,-91,
14,-66,
-26,-76,
-16,-98,
-24,-92,
-35,-75,
-55,-60,
-55,-33,
-24,-57,
-11,-167,
21,-135,
-71,-82,
-44,-1,
18,-45,
-9,-32,
-42,16,
-55,31,
-46,-5,
-92,-90,
-35,-111,
-45,-79,
-66,-74,
-70,-122,
7,-51,
-39,-85,
-30,-112,
-13,-143,
-2,-34,
28,-40,
20,-6,
29,57,
62,-77,
12,-71,
-26,-102,
8,-112,
-26,-21,
-51,16,
-55,-20,
-59,-28,
-14,7,
-75,-40,
-47,-115,
-50,-113,
-41,-117,
6,-101,
20,-56,
57,-22,
39,-29,
17,-33,
-33,-3,
-54,-17,
-83,28,
-11,-25,
-69,-19,
5,-79,
20,-86,
-1,-117,
46,-76,
-27,-30,
-55,-39,
-30,-9,
-36,-119,
49,-132,
65,-107,
43,-81,
74,-20,
45,-17,
00>
_________________________________
00>
00>
Printing STS1 CIR
00>
00>
_________________________________
00>
-17,47,
42,62,
14,36,
63,59,
55,24,
76,-45,
76,-15,
18,32,
45,52,
36,-1,
74,-53,
15,6,
18,-23,
31,-41,
29,-53,
-5,-1,
11,37,
12,84,
52,9,
-15,26,
-28,44,
0,-30,
36,-32,
55,9,
10,21,
44,-25,
-26,-26,
-8,8,
15,-10,
50,48,
-31,57,
-18,39,
13,13,
45,-10,
15,32,
23,75,
45,97,
76,68,
55,10,
61,-5,
16,1,
11,-7,
30,52,
9,60,
-8,43,
-18,-33,
33,-8,
87,-8,
98,3,
27,28,
0,22,
35,57,
65,77,
66,20,
62,1,
18,22,
32,25,
27,28,
59,13,
28,45,
21,1,
-54,12,
-54,32,
-5,-14,
30,-2,
31,15,
-5,-6,
24,6,
41,49,
82,67,
39,-23,
75,30,
27,27,
12,89,
41,77,
56,10,
27,-49,
18,-37,
-9,40,
-29,25,
-38,37,
4,5,
39,-33,
-3,-82,
28,-57,
55,-31,
46,45,
19,50,
-18,44,
-44,50,
25,57,
75,44,
85,17,
46,17,
34,34,
46,40,
-18,73,
-35,110,
2,58,
49,4,
-9,-67,
31,-81,
32,3,
48,48,
57,25,
16,34,
4,20,
13,18,
63,-15,
13,-11,
-1,-8,
-11,-39,
8,-19,
21,-39,
17,-37,
9,25,
49,94,
88,31,
44,-35,
8,60,
-17,48,
-41,68,
-34,36,
69,18,
57,-17,
62,24,
-8,38,
-19,35,
13,-1,
28,-11,
34,14,
29,61,
2,42,
-4,20,
-21,-3,
6,33,
-3,19,
-13,44,
-8,41,
23,69,
-3,59,
-10,3,
-25,60,
38,36,
0,9,
14,-27,
-6,8,
-23,22,
8,15,
14,-40,
-14,88,
-17,3,
22,-3,
38,56,
18,55,
0,-8,
29,-56,
31,-33,
66,-45,
28,-42,
5,40,
5,91,
42,70,
18,-5,
66,25,
38,70,
0,-18,
36,-50,
-40,16,
-7,23,
-11,44,
20,10,
40,12,
39,-21,
57,4,
44,57,
9,34,
-13,23,
2,32,
52,-33,
88,76,
98,-22,
77,-8,
-6,-13,
44,22,
44,52,
18,21,
24,-42,
10,1,
-4,55,
-1,82,
41,34,
56,25,
46,10,
18,51,
28,119,
40,47,
65,11,
-13,0,
-14,33,
-29,-1,
16,29,
12,56,
6,77,
13,-20,
65,-14,
50,11,
-9,13,
-6,40,
44,101,
-39,76,
10,18,
36,62,
79,94,
-16,42,
-7,35,
14,-12,
4,-19,
-5,-12,
11,-38,
47,37,
16,16,
52,1,
60,-3,
11,24,
20,59,
81,-26,
45,33,
1,21,
-8,-23,
-19,41,
-4,58,
-36,65,
-45,-20,
26,-67,
57,-30,
5,-25,
34,14,
-16,85,
-37,21,
38,-44,
39,-60,
42,21,
9,45,
-25,3,
2,-32,
-5,-14,
-3,1,
72,35,
41,-20,
87,0,
47,68,
-45,55,
-45,-30,
3,-54,
29,15,
33,2,
52,7,
77,-16,
1,-79,
26,-62,
7,-47,
81,-54,
63,-20,
18,-31,
-73,35,
-74,1,
34,-74,
40,-99,
60,-41,
-8,52,
25,-19,
-27,39,
14,32,
13,73,
-4,44,
-14,54,
10,38,
-14,8,
-8,-1,
2,14,
-20,53,
-19,83,
32,39,
36,35,
-36,9,
7,-23,
4,19,
16,51,
22,41,
-11,48,
57,-49,
43,4,
41,9,
65,-20,
-7,-2,
6,3,
27,-4,
39,38,
77,51,
54,-17,
-2,-58,
-28,-30,
-39,76,
0,80,
40,56,
76,-27,
15,-60,
-39,-31,
-5,-28,
15,-18,
52,-24,
11,-39,
-26,-11,
25,22,
53,14,
-6,53,
22,75,
26,89,
-4,14,
10,-5,
21,18,
-14,17,
16,0,
6,9,
8,28,
3,34,
26,76,
63,87,
56,38,
55,51,
38,94,
-29,31,
-13,-15,
10,-14,
60,-45,
28,-41,
45,15,
50,33,
-6,40,
20,70,
89,63,
88,47,
38,23,
7,25,
71,-8,
84,34,
34,33,
48,3,
17,-39,
4,-12,
-17,-7,
75,-117,
880,-660,
3380,-2063,
6465,-3209,
7042,-2599,
4928,-857,
668,977,
-961,1128,
-428,-425,
522,-2274,
1420,-3286,
1737,-2361,
1142,-435,
350,640,
334,444,
714,-141,
764,-304,
287,-84,
-136,89,
-140,87,
19,76,
84,141,
-21,300,
-216,485,
-529,474,
-592,367,
-309,112,
41,-11,
169,34,
114,57,
30,56,
-94,114,
-266,182,
-346,199,
-232,99,
-46,-5,
54,46,
-99,138,
-300,90,
-285,44,
-166,107,
-109,160,
-78,211,
-97,281,
-93,291,
-103,213,
-136,114,
-156,15,
-194,-16,
-108,45,
-110,29,
-48,-20,
-17,-6,
-96,9,
-73,82,
61,90,
56,111,
-9,148,
-33,208,
-60,241,
-113,169,
-144,114,
-127,50,
-114,-34,
-77,-74,
0,-44,
36,-80,
68,-24,
69,14,
3,22,
-122,43,
-246,139,
-266,141,
-324,218,
-341,128,
-286,-25,
-171,-118,
-40,-113,
-29,18,
-135,143,
-302,286,
-278,298,
-161,222,
47,29,
65,-33,
-51,-59,
-104,-23,
-45,-16,
15,9,
-5,97,
-71,90,
-65,120,
-47,42,
-82,38,
-85,51,
-34,82,
-4,43,
-31,7,
-51,26,
-38,13,
-27,-7,
-67,28,
-58,3,
-34,31,
-80,107,
-99,125,
-85,78,
-11,27,
-13,-69,
-82,6,
-78,-40,
-90,-8,
-26,23,
-5,93,
4,64,
-29,-7,
-65,30,
-200,64,
-121,102,
-93,62,
-92,1,
-103,77,
-49,100,
-60,50,
-108,40,
-88,99,
-80,76,
-49,94,
-21,49,
-46,3,
-84,7,
-52,61,
9,65,
23,30,
-68,49,
-63,62,
-71,32,
-2,-34,
-42,-73,
-82,2,
-101,68,
-94,87,
31,4,
-51,0,
-67,23,
-104,31,
-56,43,
0,7,
43,-50,
2,-7,
-82,92,
-18,52,
-34,0,
-25,18,
-53,55,
-44,10,
-38,-10,
8,18,
10,31,
-88,4,
00>
_________________________________
00>
RX Timestamp: 700234473383
00>
Clock Offset: -2871.323 Hz, 0.359 ppm
00>
RX Timestamp: 701306362690
00>
Clock Offset: -2986.622 Hz, 0.374 ppm
00>
_________________________________
Sequence Number: 70
00>
00>
Printing STS0 CIR
00>
00>
_________________________________
00>
81,-25,
30,8,
-33,-4,
-24,-49,
-61,18,
36,-35,
-3,-42,
7,9,
-60,-22,
-49,5,
-7,-9,
36,24,
35,45,
46,28,
-3,93,
-48,73,
-19,4,
6,-16,
14,-36,
-74,9,
-69,4,
20,-83,
9,-49,
-11,53,
-56,31,
5,15,
79,-9,
49,54,
49,33,
50,-42,
2,-12,
8,-70,
-5,-67,
29,-91,
39,-5,
38,23,
25,36,
-10,37,
17,42,
16,-2,
4,5,
33,-70,
23,9,
36,-41,
62,-20,
93,-8,
13,6,
32,26,
63,-9,
81,3,
8,-50,
45,-95,
-40,-55,
-29,-12,
-56,8,
2,62,
50,15,
-14,-23,
103,82,
96,37,
50,-3,
45,-27,
22,58,
21,-6,
36,7,
41,39,
75,12,
16,2,
39,-17,
62,21,
41,-17,
27,7,
19,25,
-12,42,
-6,21,
62,34,
24,-39,
5,-40,
26,-85,
48,-66,
78,-4,
23,49,
33,-14,
60,-27,
54,-16,
-42,-45,
-110,-32,
-48,21,
-55,43,
-36,16,
20,-34,
56,10,
47,46,
24,39,
47,2,
69,8,
78,-77,
22,-14,
-31,16,
-37,-17,
16,11,
12,76,
41,34,
38,18,
-21,-18,
-23,-11,
78,9,
88,-39,
82,-48,
6,-59,
-58,22,
-42,5,
-25,18,
46,-3,
25,1,
16,-23,
70,17,
17,77,
-58,48,
-41,32,
-30,23,
33,-57,
12,-13,
37,17,
24,25,
-31,48,
-12,-32,
14,52,
14,-8,
-43,21,
-8,36,
54,-44,
76,-29,
18,-7,
1,15,
7,-1,
-16,26,
34,15,
23,17,
-24,-26,
23,1,
54,-41,
-47,25,
-9,41,
-50,-43,
-48,38,
9,27,
-16,-2,
0,40,
-45,18,
42,15,
64,-65,
42,-71,
-3,19,
1,69,
-52,51,
-25,-34,
-30,2,
2,-10,
-25,-33,
-42,-26,
-61,-19,
-27,-15,
-6,34,
35,40,
35,7,
95,-10,
66,-42,
121,-44,
39,-94,
-29,3,
-87,55,
-11,14,
64,-35,
63,17,
18,70,
-30,62,
-69,59,
10,5,
-1,-35,
-36,55,
-59,60,
-75,59,
-22,4,
-64,-13,
-59,35,
-37,85,
41,14,
38,0,
-28,-4,
-24,18,
-33,51,
-4,44,
-19,1,
18,3,
36,62,
57,-19,
33,-31,
-5,45,
54,38,
54,23,
118,-2,
35,27,
-61,49,
-71,63,
-30,53,
-52,17,
-32,-10,
-40,-13,
-71,-4,
-114,27,
-38,26,
16,-25,
-20,38,
-21,24,
-33,71,
-9,39,
3,126,
31,9,
17,-68,
-20,25,
-3,70,
35,82,
-2,30,
-32,23,
46,-21,
24,-5,
16,-3,
42,10,
52,50,
27,68,
-15,-9,
-65,-14,
-25,-86,
11,35,
54,46,
44,17,
50,-30,
50,-75,
-19,1,
9,77,
-38,93,
-30,44,
22,-9,
60,-38,
-18,-25,
-17,9,
58,55,
22,13,
16,-6,
3,-15,
-11,13,
19,-25,
37,36,
2,21,
2,15,
11,-37,
-44,-25,
-16,-37,
-17,-25,
18,-49,
20,31,
-28,-34,
53,-19,
73,3,
21,-7,
90,77,
70,16,
48,38,
5,4,
3,10,
-47,-73,
-8,-18,
-12,12,
-11,105,
-30,42,
-24,-5,
45,-31,
45,17,
29,-22,
15,-7,
-13,45,
-5,44,
-57,-66,
-7,-19,
-31,20,
-11,36,
4,80,
18,-19,
46,-88,
-3,-53,
16,47,
-59,23,
-21,-47,
69,18,
8,-6,
36,-44,
-37,-1,
-30,-27,
5,33,
23,71,
-1,-34,
-36,-50,
-16,-34,
18,20,
31,-9,
-21,27,
3,65,
6,-14,
4,-9,
25,3,
-11,27,
-53,61,
-26,52,
12,13,
-16,-63,
-28,-18,
-18,4,
-42,74,
-39,-26,
-1,-45,
39,-18,
-1,-42,
-100,4,
-8,-11,
43,-12,
15,38,
-21,19,
-13,16,
16,-22,
62,15,
6,83,
10,53,
3,23,
-14,73,
-23,72,
-10,38,
-8,-60,
15,-29,
-45,24,
8,39,
-16,14,
2,63,
-24,8,
-51,29,
-34,-27,
2,52,
65,32,
62,60,
20,8,
12,-28,
40,-39,
13,-32,
-34,-53,
-112,-1,
-119,23,
79,168,
877,1217,
2988,4619,
4117,7038,
3066,7438,
219,5116,
-1360,515,
-854,-1292,
169,-1264,
654,-1533,
837,-2331,
862,-2238,
526,-755,
-181,1060,
-993,2167,
-1177,2107,
-642,1082,
83,117,
281,-217,
-11,-111,
-199,-29,
-291,-56,
-521,213,
-561,168,
-330,-276,
-17,-420,
135,-19,
20,425,
-131,311,
-201,-92,
-174,-336,
-120,-235,
-173,-82,
-272,-211,
-374,-218,
-293,25,
-284,67,
-190,8,
-47,27,
-13,-117,
-23,59,
-76,141,
1,137,
12,5,
24,41,
18,154,
91,148,
122,137,
5,124,
-17,-36,
-7,-96,
16,-50,
124,-69,
169,-24,
143,19,
-18,-70,
-49,-68,
-29,-189,
-39,-293,
-40,-194,
-21,-71,
31,24,
119,32,
115,-11,
66,11,
10,-14,
-41,-104,
29,-103,
-37,-48,
-54,-44,
-146,29,
-67,-22,
-97,-104,
-91,-185,
-85,-257,
-22,-162,
33,-74,
100,-24,
100,-97,
94,-198,
-40,-292,
-139,-320,
-119,-220,
-8,-72,
40,-56,
-3,-129,
3,-79,
67,-111,
20,-82,
-49,16,
17,-78,
-4,-40,
17,-96,
24,-144,
-80,-145,
-134,-115,
-82,-148,
-22,-164,
-59,-130,
-41,30,
-74,55,
-26,-57,
-66,-3,
-84,-28,
-56,-4,
-10,-107,
4,-131,
28,-98,
6,-74,
3,-165,
-82,-156,
-40,-74,
19,-60,
-4,-93,
-40,-104,
3,-33,
-57,-56,
-23,-45,
33,-114,
10,-180,
-54,-98,
-53,-55,
-75,-17,
-52,-90,
-26,-65,
9,-136,
2,-90,
-37,-42,
-34,-23,
-26,19,
-13,-80,
31,-7,
21,25,
16,-53,
1,-77,
-21,-93,
12,-68,
31,-26,
19,19,
34,-84,
-37,-109,
15,-28,
48,17,
3,-12,
-30,-34,
-54,-87,
26,-68,
-41,62,
10,-41,
78,-34,
47,-95,
11,-126,
-38,-176,
-46,-103,
-3,-12,
5,-16,
00>
_________________________________
00>
00>
Printing STS1 CIR
00>
00>
_________________________________
00>
-2,32,
32,9,
58,13,
65,53,
8,34,
41,-2,
39,33,
23,-13,
24,-19,
30,23,
-41,39,
29,-11,
45,-36,
-73,47,
-49,102,
41,60,
18,28,
31,-11,
41,-11,
-8,-2,
-12,-19,
-30,-21,
-10,27,
-27,31,
-5,7,
-13,24,
17,29,
65,25,
43,63,
48,56,
47,31,
32,-3,
-21,36,
-25,36,
30,31,
49,46,
42,-8,
18,-22,
-10,-36,
-7,6,
54,26,
62,49,
25,-12,
1,-11,
-43,13,
76,-26,
134,-3,
89,15,
-16,-10,
-40,11,
20,-25,
43,31,
16,28,
38,-16,
62,-24,
1,-56,
21,-36,
47,-2,
36,8,
51,-16,
23,47,
-8,50,
36,55,
50,0,
46,44,
24,41,
-15,20,
61,57,
83,-26,
16,-20,
17,-31,
48,13,
4,-9,
37,-58,
41,33,
38,98,
-16,71,
-20,75,
-19,115,
87,60,
50,94,
71,21,
39,33,
54,-6,
-2,-13,
29,-19,
-34,0,
-23,39,
-26,2,
21,-43,
80,5,
76,21,
4,24,
-12,44,
68,41,
40,17,
19,32,
68,7,
8,-15,
21,16,
26,-10,
42,23,
14,65,
-12,74,
34,29,
11,4,
-11,-2,
-15,7,
32,25,
-5,38,
34,30,
10,46,
31,38,
-24,45,
14,27,
45,27,
68,42,
-1,21,
-55,64,
18,73,
21,47,
17,57,
-38,18,
27,48,
36,-33,
64,-27,
30,-17,
63,-18,
106,20,
92,16,
90,20,
46,-12,
36,28,
27,37,
-15,8,
-3,-12,
9,9,
-18,0,
-23,-4,
4,-17,
8,11,
21,22,
72,11,
36,14,
1,20,
-26,31,
-47,34,
-35,35,
39,54,
66,35,
34,28,
-4,-7,
-34,-4,
1,57,
32,47,
15,-3,
63,-12,
66,47,
31,-22,
-10,-3,
10,-27,
-22,56,
58,49,
58,69,
53,47,
56,-25,
9,20,
24,66,
11,52,
37,16,
72,18,
109,-35,
45,6,
11,29,
22,51,
23,20,
21,-31,
-8,-7,
-10,-20,
35,-43,
34,-34,
77,-33,
118,-60,
90,-108,
52,-13,
-1,130,
57,74,
-19,68,
31,26,
8,44,
11,86,
-6,52,
29,35,
58,11,
55,-11,
23,10,
36,-3,
-46,-56,
-26,-51,
10,-13,
33,-9,
14,73,
5,69,
76,52,
48,10,
12,14,
14,52,
6,74,
36,54,
74,13,
31,56,
-67,50,
-32,49,
45,52,
8,42,
51,-35,
30,14,
53,-29,
15,43,
-9,69,
-1,98,
39,72,
110,27,
55,17,
46,-7,
55,40,
11,31,
27,11,
45,26,
1,16,
-15,52,
-45,47,
17,57,
46,74,
43,-8,
56,-20,
9,-4,
19,34,
48,7,
109,25,
56,12,
-15,2,
-39,41,
8,78,
66,-3,
120,19,
81,9,
15,30,
44,29,
103,48,
68,26,
35,60,
29,36,
9,20,
37,49,
96,48,
51,73,
22,98,
-11,41,
4,56,
-6,57,
41,-14,
30,-14,
17,-16,
28,-6,
102,56,
72,49,
57,14,
24,-34,
42,-10,
38,13,
86,29,
31,-60,
24,18,
-10,80,
-10,48,
-1,4,
-14,57,
23,33,
27,62,
28,15,
21,-7,
50,-19,
46,-4,
35,5,
26,-8,
19,44,
29,35,
92,56,
88,77,
47,27,
47,19,
41,33,
3,34,
46,-18,
54,-37,
21,-14,
25,-4,
0,-13,
43,30,
23,-12,
60,-9,
48,-6,
24,-19,
54,-17,
60,-11,
72,19,
41,2,
114,2,
36,-11,
48,-42,
18,-5,
21,37,
46,74,
31,-24,
-1,8,
20,1,
6,0,
-40,41,
7,6,
13,22,
8,76,
-10,42,
-1,39,
28,8,
60,-3,
49,30,
1,48,
15,33,
4,44,
72,30,
84,28,
50,2,
82,-29,
19,-14,
-2,-22,
-13,-14,
23,8,
-23,6,
33,32,
-16,-5,
-11,40,
-8,3,
12,43,
10,56,
24,-4,
20,4,
16,-29,
40,22,
11,-1,
-37,18,
4,8,
-14,47,
-32,90,
39,83,
61,-1,
398,-92,
2159,-2,
6007,637,
7772,1295,
7129,1611,
2893,1075,
-1442,368,
-1970,8,
-909,-117,
-1279,-176,
-2636,-508,
-2711,-889,
-1012,-995,
576,-848,
1167,-852,
1069,-1001,
658,-837,
97,-402,
-154,-94,
-58,20,
-111,38,
-476,203,
-864,445,
-958,451,
-524,378,
-5,390,
192,509,
-113,565,
-541,474,
-600,263,
-441,83,
-109,15,
96,76,
106,18,
-50,-83,
-18,-152,
-65,-236,
-52,-230,
252,-41,
215,142,
52,136,
-41,-2,
-4,-194,
65,-246,
39,-121,
-3,49,
-8,133,
-34,97,
-78,22,
-108,-76,
-79,-176,
55,-77,
58,-53,
134,10,
43,136,
-1,153,
5,109,
-50,108,
-78,97,
-152,184,
-162,221,
-35,112,
34,28,
80,-97,
85,-81,
29,-132,
-23,-122,
17,-76,
10,-26,
-12,-19,
-51,-10,
-6,-66,
73,-61,
75,-32,
47,-41,
114,39,
139,106,
145,80,
146,43,
190,-141,
142,-246,
-13,-180,
-78,-30,
-25,45,
-19,17,
-11,139,
-14,90,
-109,77,
-132,47,
-148,11,
-87,-5,
-87,-53,
-64,7,
-10,42,
-4,37,
-62,49,
-47,68,
21,64,
76,112,
33,69,
-16,68,
-31,77,
15,71,
9,77,
-54,68,
-48,34,
-53,-6,
-48,6,
-1,-23,
26,-78,
24,-37,
59,0,
74,59,
-16,63,
-25,78,
-14,47,
3,82,
91,100,
31,23,
-56,28,
-92,63,
-7,14,
43,-3,
15,26,
20,92,
-32,45,
41,34,
39,19,
58,-67,
16,-36,
69,-74,
3,-7,
-11,-14,
-90,-35,
-84,47,
-27,30,
-11,35,
44,48,
-24,114,
-34,89,
-36,37,
-73,-5,
-41,15,
-30,-35,
-63,-27,
-121,-33,
-82,-28,
-49,78,
-94,37,
-114,-37,
-79,-35,
-52,51,
-52,52,
-12,62,
-32,11,
-52,-1,
00>
_________________________________
00>
_________________________________
Sequence Number: 73
00>
00>
Printing STS0 CIR
00>
00>
_________________________________
00>
-77,-46,
-69,-52,
-25,-38,
-21,27,
43,-30,
105,-16,
-20,-20,
-4,-14,
-16,67,
89,-34,
48,6,
56,-37,
-16,-32,
-25,-46,
20,-20,
28,-35,
-16,-38,
-46,-104,
-28,-56,
-10,77,
15,20,
-77,-70,
-71,-31,
-28,-16,
19,33,
96,48,
72,24,
9,34,
-95,35,
-44,-18,
41,-88,
129,-53,
125,4,
45,-4,
8,4,
-45,73,
-33,45,
-21,13,
-12,29,
22,-53,
3,-35,
-29,-27,
1,64,
25,22,
2,-32,
79,17,
-11,95,
-14,-17,
-75,-38,
-94,-47,
-22,-23,
74,-8,
64,14,
19,-9,
-4,-75,
87,-24,
-24,-93,
23,-93,
34,-27,
24,33,
39,34,
14,23,
14,75,
-56,43,
-29,42,
-5,-8,
30,-24,
85,-59,
11,-110,
-95,-42,
-67,9,
-70,27,
-20,1,
-1,-5,
-73,-56,
17,-28,
12,18,
11,-7,
-1,-40,
-55,16,
32,23,
25,8,
26,-54,
27,-5,
-1,-11,
3,32,
-12,71,
-37,-2,
-12,6,
-22,-47,
27,17,
2,75,
0,33,
22,10,
15,-11,
8,61,
-16,49,
49,-10,
19,-69,
0,18,
-48,72,
-60,144,
-67,76,
27,18,
34,7,
75,-5,
6,-22,
-13,-10,
2,-23,
-74,1,
-29,7,
-20,70,
19,54,
55,-9,
-28,-44,
-66,-17,
3,7,
51,-11,
47,2,
-30,8,
-57,5,
45,-61,
23,-62,
-33,55,
-97,26,
-19,77,
60,35,
24,26,
-44,49,
16,31,
41,50,
-27,16,
-8,4,
26,-15,
77,-64,
26,41,
36,99,
-7,-7,
10,-19,
32,36,
-3,84,
1,59,
110,102,
71,53,
-3,32,
-15,4,
-7,34,
-23,16,
-7,-8,
72,-37,
33,11,
-6,-12,
-13,-4,
-35,-61,
12,-37,
22,-17,
-27,33,
15,19,
1,35,
63,69,
23,21,
-4,16,
-36,48,
-28,2,
7,-23,
13,26,
-34,2,
-67,45,
-45,128,
-44,41,
-45,13,
14,-33,
13,6,
-40,13,
15,-14,
55,26,
4,62,
114,71,
-27,8,
5,-29,
71,28,
120,62,
84,5,
-17,8,
0,-24,
-2,-59,
16,30,
51,14,
93,-44,
-20,-15,
1,-54,
16,-11,
2,-2,
-10,21,
11,21,
-13,-14,
-107,-30,
5,3,
58,-36,
48,-31,
57,-39,
93,-18,
6,5,
42,5,
17,-7,
71,-16,
45,20,
4,61,
-51,29,
-55,-64,
-7,-21,
68,-26,
75,-76,
80,30,
-13,56,
58,-10,
15,-82,
-44,24,
1,-17,
-38,-21,
-18,27,
-16,55,
35,72,
-8,26,
44,49,
55,31,
41,62,
8,74,
20,97,
-19,8,
22,14,
33,13,
63,-44,
26,-91,
-23,-50,
-11,-24,
68,37,
-7,13,
-22,6,
10,29,
2,-6,
-41,8,
15,68,
25,-57,
54,-30,
13,-32,
-34,-25,
37,-30,
61,-81,
65,-104,
27,-12,
-19,62,
-28,22,
26,-6,
64,-47,
30,-10,
56,-20,
32,-22,
6,-16,
6,-5,
38,37,
25,12,
-5,42,
53,23,
4,5,
13,-5,
9,9,
39,-20,
80,13,
-17,-9,
18,-18,
14,-88,
8,9,
-27,-3,
-56,-44,
-18,-6,
33,0,
37,6,
14,-1,
43,15,
-13,20,
-24,-21,
-42,49,
39,61,
67,5,
32,-53,
-64,-29,
-45,-42,
28,-1,
34,-12,
9,-13,
-66,31,
-53,16,
0,-21,
45,-13,
-12,1,
-39,28,
-33,31,
-34,19,
-30,36,
-13,74,
29,41,
-4,47,
16,16,
24,32,
13,66,
-24,-19,
-56,-45,
-56,34,
-53,47,
-74,31,
-54,29,
-92,-12,
-50,-126,
19,-61,
-28,-39,
-11,-25,
-3,5,
-22,-40,
15,-61,
51,-43,
46,-1,
1,-42,
-30,-20,
10,29,
117,9,
71,-25,
89,-49,
49,1,
53,6,
17,47,
61,14,
48,71,
31,59,
13,-35,
3,-39,
-5,-90,
44,28,
-34,1,
-11,10,
21,-23,
16,-4,
-31,11,
-39,-4,
-6,-21,
25,35,
-59,22,
39,-27,
26,-41,
-20,-36,
-75,-10,
-20,30,
35,-32,
-48,-107,
10,11,
412,468,
1417,1757,
2665,3961,
2279,5256,
200,4215,
-1356,1699,
-1190,-65,
-179,-331,
496,413,
347,1197,
-136,1207,
-365,422,
-436,-168,
-544,-360,
-609,-299,
-413,-163,
-221,26,
-55,50,
-174,-86,
-196,-228,
-111,-260,
32,13,
269,200,
450,71,
391,-195,
226,-332,
0,-329,
1,-109,
82,20,
188,101,
150,107,
32,44,
26,-7,
83,-155,
170,-155,
126,-151,
54,-83,
14,-188,
-15,-319,
27,-330,
-42,-200,
-18,-86,
-62,10,
-100,66,
-170,113,
-139,61,
-59,-51,
3,42,
47,44,
-16,44,
-103,-41,
-126,-97,
-83,-110,
-59,-56,
-9,-141,
-4,-228,
71,-197,
18,-141,
-14,-48,
-137,-14,
-123,-74,
19,-90,
87,-51,
96,-23,
76,6,
22,-66,
-14,-53,
-44,38,
-66,-11,
-14,-54,
-51,-91,
-9,-51,
-27,36,
-28,101,
16,45,
93,-33,
76,-49,
-38,-12,
-26,54,
36,152,
72,176,
53,-32,
66,-126,
18,-77,
5,27,
-65,74,
-42,-12,
-53,-136,
-48,-86,
22,-123,
9,-69,
14,-78,
32,-78,
17,-34,
-9,-94,
30,-27,
26,-8,
-11,-70,
2,28,
-4,49,
38,-35,
-60,-113,
-138,-56,
-105,-48,
-82,-71,
-41,-78,
-15,-48,
1,13,
-28,-18,
-86,-36,
-44,-11,
-35,-69,
-23,-99,
37,-61,
44,-16,
-55,-31,
-84,-66,
-23,-100,
39,-24,
17,-12,
12,-65,
65,22,
49,58,
22,-34,
10,-19,
-38,-25,
-4,7,
74,-20,
29,-124,
39,-74,
-39,11,
-39,-41,
-6,-39,
-4,-7,
29,1,
100,-14,
12,-15,
-40,-15,
-3,6,
35,71,
-36,25,
-14,-52,
38,-33,
29,-126,
57,-34,
49,-46,
-27,-17,
6,-29,
-22,-23,
-84,-43,
-84,-58,
-57,-55,
-40,-74,
-53,-138,
-25,-112,
54,-53,
37,3,
00>
_________________________________
00>
00>
Printing STS1 CIR
00>
00>
_________________________________
00>
93,-45,
81,-22,
73,27,
36,13,
28,-4,
29,5,
23,-6,
-14,5,
-20,10,
-21,23,
69,20,
57,-2,
54,3,
24,14,
-63,-25,
-14,9,
-13,-18,
4,-1,
6,51,
14,84,
37,47,
33,87,
48,39,
55,53,
6,44,
64,-6,
38,-8,
-10,-54,
-44,-10,
63,30,
-8,-12,
19,-16,
37,-27,
57,-10,
-42,-4,
7,28,
20,90,
50,-1,
-3,-31,
-47,-66,
-51,20,
-14,36,
-52,5,
-28,7,
-25,-4,
26,33,
66,3,
80,-8,
-5,25,
31,9,
47,-77,
100,-4,
71,64,
16,23,
10,38,
-3,15,
10,16,
-8,54,
44,-2,
107,-28,
112,68,
78,24,
36,-11,
78,-25,
82,38,
67,78,
42,43,
-51,-27,
-75,27,
4,48,
86,37,
-28,16,
22,17,
8,28,
22,16,
-14,-20,
17,-20,
91,-42,
-23,37,
25,-6,
62,8,
148,14,
103,-20,
-1,-47,
-52,-30,
1,-2,
-16,-49,
-86,-64,
-39,-12,
-13,-34,
23,11,
41,-1,
4,45,
35,-34,
-30,-79,
46,-64,
38,18,
-16,19,
16,2,
27,-80,
42,-32,
50,-25,
-9,26,
7,6,
-96,-7,
-38,-49,
32,-54,
-14,-42,
-6,-36,
5,-98,
7,-38,
10,-53,
-33,-44,
-21,-44,
-5,-15,
44,5,
91,12,
57,46,
40,24,
-22,11,
11,13,
93,-16,
85,-1,
22,-2,
41,24,
48,-30,
16,-26,
-25,-6,
-15,4,
14,-36,
6,-52,
-42,-82,
-41,-20,
26,1,
64,36,
52,-11,
4,41,
-6,43,
3,25,
-24,-3,
-17,1,
1,-6,
35,-11,
16,19,
35,9,
20,12,
-56,-27,
-9,-38,
53,3,
70,15,
3,47,
-37,22,
-64,-17,
21,-32,
40,-50,
34,-79,
43,-27,
130,-41,
7,-54,
-9,39,
-18,13,
-13,42,
18,19,
109,2,
66,8,
42,-38,
13,-34,
15,-45,
17,-10,
22,21,
22,59,
-29,26,
-63,-3,
-47,2,
-29,-39,
-7,39,
3,44,
4,76,
11,60,
-8,52,
22,37,
31,19,
-45,81,
-11,114,
14,65,
12,-53,
48,-79,
52,-25,
33,26,
20,62,
24,35,
-28,37,
33,22,
25,41,
35,13,
31,-1,
21,-1,
59,-28,
41,-16,
50,25,
15,32,
13,18,
-3,21,
-12,14,
-31,24,
26,-78,
56,-56,
19,-17,
22,58,
-2,47,
-30,42,
7,-18,
17,-31,
-5,1,
-7,-39,
-58,-47,
-26,-11,
-42,14,
3,-23,
64,-28,
100,43,
50,72,
0,5,
5,6,
36,-14,
39,-14,
-26,45,
-7,9,
24,-31,
49,-23,
-40,-14,
-43,5,
-46,-1,
5,-29,
-7,-17,
-38,-6,
-27,52,
-13,38,
32,36,
-48,-10,
-39,52,
-30,59,
-38,-35,
26,-23,
43,-16,
101,20,
85,2,
41,30,
-16,14,
16,-22,
83,38,
71,-13,
74,10,
3,51,
9,-24,
-32,-46,
17,32,
58,107,
-21,66,
-54,-23,
-16,-38,
53,-27,
35,-47,
6,-45,
12,-15,
-24,43,
-72,14,
-24,17,
41,13,
26,-7,
23,-56,
-43,-39,
-52,18,
-19,-11,
59,7,
82,-32,
75,40,
92,2,
16,4,
-12,39,
-34,27,
-2,10,
64,-12,
18,18,
59,90,
78,51,
74,16,
25,36,
6,-46,
-39,-36,
40,-6,
-1,9,
54,-1,
90,42,
84,76,
73,54,
57,-10,
70,-12,
32,-8,
80,-14,
-18,1,
31,-7,
-2,-33,
-18,-36,
-26,6,
-12,53,
-7,61,
15,34,
13,58,
27,-3,
47,-83,
-21,-93,
-13,-44,
-16,-8,
-35,22,
6,56,
23,-1,
49,-7,
87,3,
48,-39,
-17,-17,
27,2,
64,1,
47,-63,
81,-54,
61,-19,
56,-3,
71,17,
57,-3,
43,-11,
19,-21,
-29,-25,
-2,-22,
-27,1,
-82,-39,
-28,-62,
-19,5,
35,57,
-9,48,
-54,-24,
57,10,
55,26,
37,30,
-66,-23,
-57,-29,
-22,11,
-61,35,
-40,43,
53,41,
67,26,
-12,-62,
-2,-55,
47,-18,
27,1,
121,0,
832,19,
2733,248,
4817,1005,
4974,1594,
2511,1477,
-256,781,
-1035,113,
-63,-506,
1256,-1040,
1961,-1004,
1712,-344,
630,255,
-138,441,
-16,360,
421,202,
485,134,
186,21,
-111,39,
-119,22,
-45,-26,
-45,31,
-134,168,
-320,243,
-449,74,
-373,-72,
-152,-83,
49,19,
94,100,
97,66,
56,-19,
-54,-4,
-242,28,
-253,-2,
-104,-76,
28,-43,
37,3,
-15,-75,
-85,-116,
-108,-132,
-84,-84,
-60,-7,
-28,55,
-84,30,
-122,46,
-64,26,
-86,-22,
-85,-36,
-77,-64,
-76,-48,
-68,-29,
-13,-5,
-3,27,
-44,37,
7,8,
-4,-8,
-35,38,
-56,56,
-88,73,
-164,113,
-150,115,
-105,49,
-11,-50,
39,-46,
22,-29,
17,-33,
-31,-9,
-57,16,
-4,51,
-53,51,
-53,-12,
-69,-13,
-101,-6,
-148,6,
-181,-16,
-119,-134,
-5,-147,
14,-145,
52,-56,
-56,26,
-188,5,
-241,32,
-126,53,
65,11,
82,-70,
-27,-74,
-69,-87,
-16,-31,
38,-36,
43,-19,
-31,2,
-87,9,
-117,-28,
-41,-102,
-14,-40,
45,-13,
-28,22,
-40,-19,
-28,-41,
2,-28,
19,-59,
10,-41,
-40,-11,
-111,25,
-67,12,
0,-37,
-15,-46,
-34,-101,
18,-3,
38,-29,
-50,-64,
-22,-78,
13,26,
51,89,
4,53,
-41,-41,
-14,-50,
-53,-95,
-26,-59,
-103,-34,
-53,40,
-36,92,
39,40,
22,13,
-29,40,
-71,-27,
-58,-10,
-34,-3,
-27,16,
11,17,
4,12,
-31,14,
-20,50,
-21,3,
-42,38,
-48,35,
-73,17,
-35,37,
77,6,
-9,-48,
-13,-98,
-43,-68,
-78,-47,
-113,-21,
-63,23,
-51,36,
-79,7,
-28,-7,
-12,-50,
-9,-11,
-11,12,
-11,35,
-58,64,
-69,7,
-44,20,
10,35,
46,84,
-43,91,
00>
_________________________________
00>
RX Timestamp: 840251827009
00>
Clock Offset: -2782.059 Hz, 0.348 ppm
00>
RX Timestamp: 841322623690
00>
Clock Offset: -2562.618 Hz, 0.321 ppm
00>
_________________________________
Sequence Number: 206
00>
00>
Printing STS0 CIR
00>
00>
_________________________________
00>
32,16,
7,9,
-57,-7,
44,49,
36,88,
87,94,
68,74,
91,105,
37,61,
-12,29,
32,-52,
-12,-14,
44,28,
63,-26,
44,-81,
28,16,
38,7,
59,2,
10,2,
-11,61,
18,46,
52,-3,
20,24,
11,50,
18,84,
38,-2,
3,-5,
-7,-9,
-7,-13,
-20,-67,
5,-44,
17,28,
-35,76,
-22,-6,
-15,-42,
49,112,
25,79,
6,13,
2,2,
20,4,
36,52,
-11,69,
-30,81,
-30,19,
-10,1,
21,85,
79,43,
49,90,
-14,23,
-68,-3,
-13,58,
20,37,
-9,-9,
-13,-12,
-52,-15,
43,16,
-15,-29,
24,-9,
85,46,
59,26,
-37,83,
-76,93,
41,51,
-3,5,
20,4,
40,-29,
27,40,
-32,89,
24,22,
-19,-28,
32,-16,
60,2,
8,72,
-36,27,
-19,56,
-13,58,
46,61,
70,10,
31,51,
-11,46,
28,87,
31,-9,
-35,-42,
23,-16,
20,89,
33,30,
55,28,
-9,10,
37,-40,
-35,1,
30,30,
8,34,
-13,23,
-58,-45,
11,-19,
2,38,
-5,55,
-47,-11,
11,27,
-41,20,
-36,61,
-22,-40,
3,-100,
21,-70,
-10,43,
-5,50,
-14,-9,
-28,-11,
25,90,
28,53,
-5,7,
-14,68,
37,3,
25,-51,
86,-63,
41,-35,
53,-64,
-37,-24,
-48,-76,
10,23,
-11,10,
0,64,
63,22,
12,-2,
0,14,
19,-35,
43,-39,
-2,26,
17,35,
86,15,
43,20,
29,37,
-7,14,
-39,33,
-6,-2,
62,44,
26,-12,
35,16,
-52,29,
-63,20,
22,40,
26,12,
8,-73,
-31,-49,
48,0,
42,17,
26,48,
-4,33,
26,-8,
53,7,
8,-25,
5,-42,
-26,-3,
18,47,
97,-6,
29,5,
11,40,
73,69,
68,66,
47,15,
-34,-19,
-57,67,
24,49,
16,45,
-14,31,
-83,-25,
-20,-25,
17,28,
-54,-8,
-55,-70,
-41,-23,
-11,18,
-24,61,
0,14,
26,19,
-10,27,
52,27,
37,-3,
37,4,
-2,3,
15,12,
47,39,
50,91,
-3,100,
-12,-17,
-46,11,
2,-3,
4,-27,
-55,30,
44,75,
60,6,
57,-2,
32,68,
-21,31,
-22,-14,
-43,-19,
-7,-28,
21,30,
21,-23,
42,-18,
28,-39,
-8,-3,
18,-42,
36,-53,
54,-4,
-4,48,
-20,9,
-12,52,
-18,22,
8,23,
-28,17,
-39,42,
29,-1,
9,-10,
17,18,
-38,9,
-72,30,
-15,-21,
6,-34,
27,-2,
53,-23,
4,-51,
27,-46,
45,31,
16,-47,
48,34,
-10,51,
-30,83,
4,13,
32,3,
1,12,
-32,-2,
-56,-1,
-42,1,
42,39,
27,29,
35,-57,
8,24,
49,123,
45,30,
73,3,
-43,-1,
30,-59,
-34,-17,
27,-23,
11,11,
22,36,
5,55,
31,11,
-46,-2,
-43,24,
21,58,
57,72,
22,-1,
-31,35,
-44,32,
-20,-49,
47,2,
-6,49,
8,33,
25,25,
52,50,
29,43,
26,-16,
-35,44,
-12,70,
9,-19,
42,27,
-45,20,
-48,-19,
-6,22,
17,79,
11,-29,
11,-8,
-9,23,
-13,17,
39,-68,
-57,-36,
-15,-6,
25,71,
76,8,
24,-58,
47,-26,
87,-9,
83,-35,
67,15,
70,10,
18,-31,
13,-14,
2,-44,
5,-18,
8,-26,
26,-74,
-20,-32,
-25,-33,
-41,-66,
18,-29,
9,18,
-48,89,
1,38,
42,-39,
28,26,
40,2,
0,-11,
19,-55,
45,-101,
66,-7,
10,79,
-19,81,
-5,-41,
7,-34,
-14,26,
-52,54,
22,37,
76,-1,
79,12,
8,23,
-31,42,
-13,-29,
26,-5,
-2,7,
60,60,
7,34,
61,-19,
74,-15,
27,-39,
-7,-21,
-3,-25,
-16,8,
-64,-37,
-37,-18,
2,-16,
50,101,
76,79,
10,13,
18,-17,
-18,-43,
31,-21,
29,-62,
-16,7,
23,49,
-35,96,
-7,-24,
-45,-7,
-84,-56,
2,27,
-6,61,
3,21,
-44,52,
-29,-22,
-10,-6,
-25,-66,
29,5,
30,-7,
3,-44,
291,-490,
1485,-2668,
4161,-5931,
5594,-6294,
5784,-4703,
2375,-411,
-193,1713,
-858,1073,
-957,139,
-1589,8,
-2090,-126,
-1407,-363,
55,-419,
1329,-108,
1951,419,
1477,381,
558,-18,
-75,-305,
-242,-141,
-61,39,
13,257,
130,374,
271,515,
63,484,
-225,324,
-339,-17,
65,-219,
373,-134,
178,111,
-139,334,
-306,251,
-195,211,
-144,293,
-127,398,
-84,319,
97,201,
75,278,
-21,157,
-84,35,
-44,-39,
71,15,
89,26,
95,57,
6,76,
74,-23,
130,-71,
209,-119,
159,-132,
107,-68,
-38,5,
-180,73,
-187,-22,
-170,-125,
-22,-187,
8,0,
67,116,
-64,224,
-192,258,
-228,254,
-190,177,
4,-65,
76,-131,
18,-97,
-42,-78,
33,-52,
-22,-71,
-133,-31,
-76,37,
-11,108,
82,178,
71,117,
20,104,
-66,172,
-131,181,
-160,95,
-96,-25,
-27,-127,
-52,-110,
-160,-6,
-200,107,
-187,215,
-162,378,
19,205,
106,96,
11,90,
-99,163,
-67,107,
-19,75,
16,-31,
-71,-67,
-69,-19,
-71,17,
-51,55,
-103,109,
-26,144,
-112,113,
-113,111,
-96,244,
-15,79,
-17,-31,
12,-39,
1,42,
32,107,
10,166,
-33,90,
-114,107,
-112,157,
-62,124,
-107,125,
-130,106,
-137,67,
-99,11,
-38,51,
-35,69,
16,103,
35,36,
11,35,
-45,73,
4,28,
-67,72,
-85,85,
-87,86,
-54,39,
-50,-17,
-47,0,
-132,16,
-92,11,
-65,29,
-3,92,
-37,24,
-29,55,
-12,41,
24,133,
-79,168,
-2,58,
27,45,
0,48,
17,-39,
-20,54,
-56,24,
-32,58,
-41,83,
-38,46,
10,19,
-14,18,
52,23,
46,100,
14,74,
-16,33,
-94,28,
-28,67,
-87,117,
-40,33,
26,35,
38,28,
-25,3,
32,42,
00>
_________________________________
00>
00>
Printing STS1 CIR
00>
00>
_________________________________
00>
30,39,
-21,8,
20,2,
19,20,
38,-10,
69,-19,
69,-12,
90,22,
39,19,
-83,-5,
-60,5,
-56,68,
18,-13,
5,-17,
42,16,
46,38,
16,43,
-14,-27,
-11,-26,
46,26,
40,-25,
39,-22,
37,69,
48,40,
54,42,
16,2,
11,-7,
-25,19,
0,-21,
-18,-9,
-51,-49,
-18,27,
22,53,
-2,-10,
-7,-2,
19,8,
31,-42,
65,29,
34,58,
54,19,
-7,15,
-18,-12,
7,15,
11,12,
33,-22,
19,26,
-18,22,
-49,1,
-2,14,
23,-9,
8,-18,
26,15,
36,0,
102,-36,
49,-55,
44,-50,
6,21,
-24,75,
-6,41,
-13,-39,
51,-48,
67,21,
58,67,
48,-16,
23,-86,
3,-20,
-50,51,
22,1,
60,-66,
27,-45,
14,-2,
-13,-23,
17,68,
0,58,
10,11,
61,-26,
27,-9,
-37,-28,
-20,7,
12,17,
-11,16,
10,30,
10,-1,
38,21,
12,-45,
6,-23,
-6,-18,
9,18,
-35,41,
-42,59,
-17,5,
41,-29,
5,-15,
33,4,
14,-28,
-1,-18,
15,16,
-12,66,
8,32,
28,107,
-1,115,
49,74,
31,62,
13,50,
-46,25,
10,-29,
44,-66,
76,-42,
43,6,
-11,-16,
7,8,
20,90,
25,133,
15,79,
55,-24,
66,-9,
63,8,
5,-1,
20,23,
7,4,
44,24,
-6,50,
-8,37,
20,-5,
10,30,
-8,-53,
-5,-20,
0,-27,
5,30,
15,51,
2,16,
-10,-8,
16,-45,
35,-29,
27,-11,
-9,-33,
5,-6,
41,-32,
73,18,
23,6,
27,21,
4,-34,
7,-27,
-8,20,
-27,62,
17,32,
-5,25,
-33,29,
-27,37,
-31,-13,
21,18,
15,32,
-5,13,
-15,-1,
23,19,
26,31,
-57,10,
-85,12,
-40,0,
51,-53,
23,-31,
-49,53,
-17,50,
-33,25,
9,1,
15,-87,
6,-48,
-26,2,
3,67,
-3,27,
25,-14,
-42,37,
-8,12,
56,2,
41,74,
45,67,
38,74,
51,13,
34,-13,
-53,67,
-42,14,
1,48,
23,37,
53,32,
29,28,
14,-36,
17,13,
74,75,
74,-14,
49,-96,
0,-64,
-16,9,
-17,29,
-21,39,
-5,12,
7,-31,
28,-54,
23,1,
22,67,
-43,82,
-50,8,
46,-24,
41,-10,
34,11,
18,-43,
77,-16,
5,-23,
-14,-12,
6,4,
-18,-19,
-71,3,
-61,10,
-10,-25,
-27,-33,
-11,19,
-9,-26,
7,-25,
-57,-18,
-49,45,
16,22,
-16,10,
-56,1,
-64,-73,
-50,-57,
-13,46,
-21,48,
20,16,
24,-2,
32,-6,
17,-16,
11,-39,
30,-44,
-32,-23,
-69,60,
-43,60,
28,45,
29,-10,
5,-14,
-20,30,
-23,30,
10,-8,
57,20,
60,3,
-20,29,
-80,7,
-85,53,
-92,69,
-71,107,
-30,54,
-6,46,
8,-36,
17,-14,
33,-65,
30,-69,
-25,-36,
-68,44,
0,42,
-32,6,
-16,-4,
-13,64,
-43,40,
-3,25,
36,18,
-23,-16,
2,-10,
-13,34,
11,45,
-34,72,
26,0,
99,0,
40,38,
-15,-14,
-7,36,
-6,5,
-8,-13,
26,-8,
-7,51,
35,66,
35,14,
-16,-35,
-26,-36,
24,-19,
93,-8,
28,-68,
53,-73,
90,-37,
79,13,
-31,18,
-7,0,
70,-19,
60,-7,
32,48,
18,63,
-35,66,
2,50,
69,-16,
118,50,
44,83,
28,-12,
43,-38,
52,-50,
43,-15,
44,3,
-7,19,
28,65,
26,26,
5,-8,
39,10,
57,12,
-28,65,
-75,3,
-38,-1,
19,-26,
19,-16,
53,-9,
50,-1,
-25,-56,
-39,4,
9,4,
0,26,
27,13,
55,24,
30,51,
25,-10,
5,-103,
-3,-43,
3,37,
48,15,
29,-1,
-29,-14,
-88,-14,
-47,-103,
38,-109,
85,-27,
63,89,
4,50,
-18,-9,
-43,7,
-28,19,
15,-19,
50,-24,
67,-21,
7,10,
69,-28,
85,-45,
32,2,
72,58,
44,74,
30,59,
55,-18,
19,13,
-31,34,
-34,-4,
-25,38,
-80,-18,
-613,-312,
-2382,-1895,
-5193,-4695,
-5617,-5676,
-3806,-4578,
74,-871,
1582,962,
996,855,
485,572,
1031,1189,
1484,2075,
799,2054,
-344,1241,
-1029,445,
-1233,317,
-1092,504,
-607,529,
-34,340,
144,183,
62,121,
202,85,
559,-42,
961,3,
750,-25,
304,-177,
26,-405,
132,-456,
433,-252,
531,-1,
488,131,
262,127,
129,46,
22,-39,
-82,-13,
-35,164,
-16,253,
42,366,
-67,153,
-158,-86,
-56,-176,
-22,-41,
-91,114,
-155,276,
-117,367,
-46,135,
31,0,
116,-42,
92,14,
97,68,
129,102,
45,65,
-30,10,
-39,36,
46,-36,
164,-132,
161,-142,
54,-25,
70,-20,
154,31,
225,-97,
222,-92,
151,-28,
40,-9,
-98,24,
-95,68,
-98,127,
-28,121,
-2,85,
48,125,
38,106,
-17,66,
-42,74,
-94,105,
-24,34,
-16,-76,
4,-247,
47,-205,
68,-136,
-72,39,
-135,171,
-74,189,
79,191,
143,99,
114,-36,
79,-68,
125,-39,
145,8,
172,23,
144,21,
97,35,
98,105,
30,106,
1,29,
13,-49,
51,34,
157,-35,
112,-19,
39,0,
60,-16,
-3,29,
61,54,
88,8,
154,36,
84,5,
72,19,
61,-4,
55,-7,
103,71,
92,178,
67,207,
-2,113,
3,24,
9,-32,
37,-19,
1,14,
-26,-19,
-25,-54,
44,-18,
116,-29,
156,4,
66,24,
33,56,
109,14,
72,52,
68,17,
64,7,
44,65,
59,48,
77,60,
70,38,
76,14,
54,26,
82,46,
39,59,
33,23,
57,48,
67,33,
71,-32,
68,-73,
85,-81,
70,-59,
81,-2,
38,47,
46,46,
35,17,
125,0,
92,0,
55,31,
40,51,
55,29,
114,37,
30,19,
14,26,
34,34,
90,42,
42,29,
45,86,
00>
_________________________________
00>
_________________________________
Sequence Number: 209
00>
00>
Printing STS0 CIR
00>
00>
_________________________________
00>
-49,6,
-25,29,
37,-16,
-14,11,
4,9,
14,14,
21,-20,
-2,-40,
-33,-32,
-10,11,
-12,80,
29,12,
-28,33,
-26,38,
-25,-7,
-36,9,
25,35,
-10,-9,
27,-28,
32,26,
24,30,
42,53,
53,40,
4,40,
-59,-6,
-50,31,
80,25,
68,-39,
55,-8,
26,-5,
8,26,
-23,-59,
-9,29,
-16,11,
55,52,
94,6,
121,-18,
131,-31,
72,76,
19,20,
25,51,
4,22,
12,-24,
60,-6,
-41,-3,
2,-31,
-15,29,
3,51,
6,55,
37,43,
41,72,
11,30,
18,37,
-18,29,
22,-3,
75,-30,
54,16,
5,69,
-16,-18,
-15,29,
1,5,
-18,-27,
44,7,
22,8,
50,-1,
45,12,
14,29,
-33,30,
-2,30,
-5,36,
-37,-3,
22,-6,
-29,19,
-35,6,
-3,-10,
18,-37,
45,-8,
-4,1,
-13,14,
-1,40,
-1,22,
68,18,
66,37,
74,40,
1,37,
8,14,
19,42,
-9,27,
56,25,
-17,28,
-75,-3,
-29,35,
12,4,
-30,6,
13,24,
26,27,
-14,-15,
-12,-44,
-16,24,
32,5,
-30,-40,
-9,5,
29,-27,
-7,4,
23,4,
21,34,
16,4,
-32,-71,
-26,2,
6,71,
23,47,
24,26,
2,98,
-30,65,
-79,-46,
-19,-38,
75,-23,
94,13,
87,28,
55,58,
9,-14,
-29,28,
50,25,
49,4,
45,16,
40,31,
21,9,
-29,-70,
-11,-2,
-9,48,
-22,-22,
-94,35,
14,14,
-28,4,
-49,-14,
17,5,
57,-8,
47,-86,
5,-27,
24,22,
-28,57,
-1,37,
25,28,
-38,-21,
-30,9,
-21,9,
0,-1,
28,-20,
-3,-12,
-18,5,
26,-14,
8,-22,
-56,-4,
-30,-14,
-39,-59,
5,20,
2,85,
5,56,
36,10,
18,-6,
15,16,
-23,-7,
27,21,
46,38,
56,17,
46,33,
-3,-3,
-41,-10,
-29,10,
-8,52,
-3,-10,
4,82,
-11,100,
-2,-3,
-18,19,
15,2,
-10,34,
42,46,
-8,28,
-54,17,
-17,16,
-11,-5,
37,63,
14,-27,
-8,17,
17,12,
42,27,
16,84,
-3,36,
-2,34,
20,-1,
26,2,
-19,4,
17,-3,
-10,29,
-8,10,
14,-19,
-35,-21,
-26,3,
-7,-32,
32,14,
7,54,
2,24,
-27,0,
64,-22,
67,22,
4,18,
-23,-32,
29,-14,
30,21,
42,55,
-3,5,
19,-20,
-52,-13,
28,15,
56,8,
78,23,
1,-1,
-22,36,
-7,-1,
-13,14,
7,58,
38,53,
40,-16,
1,-4,
-18,8,
-28,26,
21,27,
-21,-1,
28,28,
39,38,
12,113,
42,42,
34,-16,
-19,-22,
-19,20,
28,76,
54,37,
43,34,
30,0,
-3,79,
42,29,
3,-2,
74,-44,
41,-63,
-4,36,
49,27,
56,-32,
52,-14,
35,5,
15,1,
34,37,
33,28,
33,76,
0,47,
-47,19,
-42,13,
16,1,
-4,18,
-19,4,
-6,19,
21,8,
57,6,
48,-2,
22,34,
9,62,
-42,19,
1,35,
-11,47,
0,17,
-1,-12,
-31,4,
-14,47,
-1,27,
13,95,
40,14,
40,-12,
115,18,
74,14,
28,0,
29,10,
2,35,
19,13,
11,-5,
29,33,
-8,-10,
6,-13,
6,-31,
24,13,
44,-35,
47,-27,
15,25,
-54,33,
-45,25,
-29,41,
-28,11,
61,14,
18,11,
-19,29,
-8,-10,
7,-29,
-28,-13,
-2,31,
44,40,
0,116,
9,58,
-4,25,
-76,21,
-68,22,
-56,13,
-65,-27,
19,-9,
2,2,
-10,-10,
4,9,
14,4,
40,-22,
12,-9,
-8,-18,
19,33,
8,69,
-2,-45,
22,-21,
-45,46,
-54,95,
8,55,
18,-35,
58,-10,
20,10,
-5,-22,
-42,12,
-6,18,
-24,24,
-16,15,
1,46,
57,58,
62,8,
23,18,
-93,20,
-55,84,
8,34,
2,6,
-42,-33,
14,-63,
51,-27,
15,17,
12,47,
-31,11,
-7,13,
-3,-48,
-3,-68,
3,38,
14,24,
-239,-375,
-1366,-2312,
-3678,-7113,
-2759,-8056,
-536,-8086,
3328,-6482,
3917,-454,
1284,1324,
-400,-34,
-660,-1983,
125,-2773,
705,-1379,
808,147,
898,1017,
1000,1117,
819,832,
405,380,
257,6,
111,-55,
39,71,
18,120,
-52,224,
-392,-247,
-715,-565,
-724,-158,
-770,222,
-322,770,
-95,543,
-99,168,
-366,-118,
-387,-264,
-207,-237,
-86,-55,
-107,107,
-248,258,
-208,123,
-74,76,
77,199,
190,514,
117,508,
-58,398,
-91,394,
76,223,
325,6,
429,50,
453,146,
303,239,
18,119,
-47,7,
26,37,
130,144,
79,88,
135,142,
182,313,
-92,315,
-130,300,
-141,243,
-80,219,
45,189,
133,54,
146,117,
118,175,
88,258,
18,261,
-102,117,
-71,68,
-19,74,
31,14,
163,26,
226,98,
204,252,
95,269,
95,21,
205,-145,
154,-108,
-10,86,
-31,79,
-4,59,
-11,-41,
-1,-159,
61,-204,
-22,-170,
-191,138,
-131,83,
-68,18,
-3,32,
25,46,
-1,97,
4,73,
47,122,
66,182,
49,187,
5,147,
-73,104,
-43,74,
-15,85,
36,101,
13,234,
-58,123,
-27,8,
-41,18,
-2,120,
-64,219,
-3,94,
34,5,
26,106,
39,149,
25,108,
51,82,
84,115,
56,160,
-24,160,
-35,167,
-30,192,
-82,99,
-53,19,
-20,37,
-11,113,
-78,149,
-14,86,
13,88,
37,126,
60,108,
25,27,
-28,19,
-63,78,
-1,134,
-51,106,
1,48,
-1,48,
4,32,
-24,57,
-25,52,
-11,79,
-21,106,
2,126,
-58,139,
-119,178,
-51,71,
-21,66,
10,56,
99,127,
40,158,
61,99,
8,125,
37,167,
-44,75,
-31,28,
-44,17,
-32,34,
12,57,
-20,53,
13,99,
-6,97,
-69,64,
-42,45,
-23,61,
-24,79,
-53,52,
00>
_________________________________
00>
00>
Printing STS1 CIR
00>
00>
_________________________________
00>
3,6,
40,5,
91,-18,
55,29,
-14,6,
14,-14,
-24,8,
-3,19,
1,48,
-40,46,
-27,23,
51,34,
71,9,
15,-30,
30,-38,
24,-60,
7,-13,
53,41,
36,79,
2,-9,
15,-17,
57,-34,
59,4,
17,50,
29,67,
18,0,
10,-48,
-70,-55,
-51,-30,
-44,20,
-16,22,
15,4,
-18,21,
8,12,
-20,59,
-6,90,
8,119,
4,68,
-30,45,
-10,52,
-10,52,
59,21,
81,65,
70,85,
-1,56,
10,61,
23,55,
18,7,
59,19,
7,5,
36,32,
29,63,
-22,-1,
-17,-33,
21,-36,
47,-12,
18,44,
15,24,
-26,-44,
-26,-58,
-31,6,
-38,-23,
-3,0,
-10,73,
16,35,
-1,44,
2,62,
5,41,
18,53,
11,34,
-8,-17,
1,17,
-37,36,
-4,55,
-6,56,
-5,-8,
-49,-5,
-34,5,
23,-5,
5,10,
2,28,
-30,29,
17,69,
-26,52,
-13,47,
5,2,
-33,77,
-36,31,
6,31,
43,16,
-24,17,
-8,31,
-41,30,
-27,44,
-4,63,
-42,61,
-13,24,
24,41,
16,78,
-4,71,
7,-4,
-1,29,
-22,-20,
-1,-14,
-1,-19,
-3,43,
23,64,
43,5,
76,34,
-13,27,
-1,67,
-30,40,
-39,23,
-31,24,
-48,2,
40,-30,
11,-90,
17,-37,
-5,45,
2,48,
17,-7,
5,-5,
-5,35,
-24,-35,
-20,-21,
-18,29,
22,38,
54,47,
-33,69,
-66,67,
-64,45,
1,18,
18,13,
22,31,
6,72,
-51,57,
15,51,
50,20,
49,55,
76,20,
55,6,
30,-7,
30,-44,
22,14,
32,25,
-9,10,
-14,-8,
-16,45,
10,57,
-4,39,
-33,40,
-16,-18,
-12,2,
38,-36,
39,9,
16,70,
5,57,
7,16,
-11,-12,
-17,-4,
-12,29,
-18,37,
-38,51,
-69,40,
-43,10,
-61,39,
-44,31,
-7,-38,
-15,-49,
-59,17,
-51,47,
-34,-28,
33,-21,
36,-45,
18,27,
-4,35,
30,0,
9,13,
0,44,
10,73,
17,74,
-16,51,
-13,13,
-9,12,
3,-41,
32,6,
51,50,
42,73,
56,49,
-10,-10,
-13,16,
16,18,
79,37,
14,64,
-5,44,
-52,-13,
-24,42,
17,59,
32,126,
-39,55,
-24,36,
-22,31,
15,8,
3,23,
29,-22,
8,7,
45,-7,
42,12,
12,-5,
31,-1,
67,-9,
39,71,
4,40,
-11,60,
8,-15,
24,-2,
9,0,
55,-10,
48,55,
65,55,
35,68,
-20,-1,
-20,-25,
3,-48,
-15,25,
-34,24,
5,10,
19,-59,
42,-54,
31,-35,
26,19,
-1,-3,
46,-17,
10,11,
45,34,
30,17,
-7,-5,
-5,11,
9,1,
-46,26,
-10,15,
13,11,
42,-29,
67,-4,
9,-9,
-2,24,
52,81,
32,26,
57,47,
30,20,
65,11,
0,-4,
-55,10,
-24,27,
-3,0,
-54,36,
-73,4,
25,-3,
47,38,
31,75,
37,62,
-7,71,
-20,83,
-3,39,
-12,9,
-24,34,
3,70,
-32,79,
-33,31,
9,12,
25,-5,
-26,34,
12,11,
63,48,
19,-1,
-24,-43,
23,-26,
14,-36,
-9,-47,
44,4,
1,-4,
1,18,
30,0,
12,-34,
-37,-48,
5,-54,
0,-9,
-16,-4,
-26,44,
9,24,
27,80,
38,55,
8,35,
14,99,
-25,43,
14,54,
22,21,
-2,53,
15,15,
40,-9,
14,11,
-10,1,
8,1,
10,39,
-23,15,
0,77,
-3,35,
-23,23,
-74,0,
-51,1,
-2,-4,
31,22,
50,40,
28,26,
66,28,
9,0,
3,-17,
5,46,
-16,62,
-26,36,
-58,42,
-35,40,
9,25,
19,57,
3,34,
7,38,
-4,54,
36,18,
57,-23,
48,20,
7,10,
-16,45,
34,17,
57,-20,
35,-8,
8,16,
6,17,
32,-18,
56,-58,
-14,-70,
-7,-60,
-23,-46,
32,7,
-5,66,
8,7,
9,-17,
27,-54,
-4,-14,
-13,32,
-11,-23,
17,-74,
26,-4,
-39,59,
-568,202,
-3002,264,
-7536,-707,
-7845,-2155,
-6920,-3307,
-2112,-2896,
1376,-1061,
879,386,
-1120,1946,
-3465,3413,
-4322,2561,
-2502,327,
-275,-814,
237,-736,
-352,-306,
-785,-155,
-462,-86,
60,32,
125,128,
9,66,
43,-130,
93,-367,
444,-396,
747,-147,
850,53,
654,258,
68,158,
-156,-46,
-3,-129,
26,-151,
100,-100,
302,-91,
505,-9,
577,118,
106,146,
23,-12,
109,-26,
395,191,
279,278,
249,201,
134,83,
166,-45,
271,-119,
303,-184,
160,-120,
140,13,
148,118,
187,116,
217,106,
285,73,
78,75,
10,-52,
30,-42,
129,-69,
43,-74,
13,-122,
91,-94,
202,-86,
250,-137,
322,-176,
210,-89,
124,-29,
32,59,
-11,30,
-24,32,
47,3,
30,24,
22,-10,
92,-1,
104,-56,
214,0,
346,65,
374,77,
452,101,
431,201,
315,292,
98,276,
1,142,
154,12,
361,-21,
480,-27,
516,-23,
98,-23,
8,36,
-17,95,
56,191,
52,86,
39,-29,
39,-91,
122,-100,
237,-6,
223,41,
88,100,
63,107,
72,44,
82,1,
91,-14,
111,-44,
72,10,
48,49,
71,84,
97,130,
97,5,
136,-26,
177,5,
212,106,
134,113,
25,59,
26,55,
71,97,
33,71,
13,83,
74,23,
144,-29,
48,-30,
28,-65,
70,-41,
244,128,
106,121,
65,94,
57,-22,
148,-79,
212,-85,
201,-83,
115,19,
78,61,
50,10,
84,16,
135,51,
105,64,
53,71,
-6,18,
17,-18,
151,-2,
174,-38,
117,0,
57,104,
37,99,
31,114,
56,46,
60,22,
58,24,
35,67,
43,75,
101,-29,
93,-40,
64,-48,
62,-33,
76,-37,
69,3,
46,35,
79,24,
65,-53,
55,9,
48,54,
65,52,
15,11,
96,-13,
99,-2,
00>
_________________________________
00>
RX Timestamp: 980250707071
00>
Clock Offset: -3299.046 Hz, 0.413 ppm
00>
RX Timestamp: 981322370572
00>
Clock Offset: -2216.721 Hz, 0.278 ppm
00>
_________________________________
Sequence Number: 86
00>
00>
Printing STS0 CIR
00>
00>
_________________________________
00>
39,17,
7,59,
50,99,
-23,60,
-13,23,
13,-36,
41,-19,
27,-57,
-17,-52,
37,40,
16,119,
13,137,
19,36,
13,3,
-3,-11,
-32,-22,
-8,44,
19,87,
65,86,
51,90,
69,-16,
39,-23,
-16,21,
58,78,
1,86,
2,29,
19,5,
-7,48,
19,-13,
70,-49,
43,-21,
110,7,
126,-43,
82,-67,
40,-62,
-29,30,
18,74,
25,18,
30,18,
-14,6,
-31,46,
89,25,
19,9,
-36,29,
35,-79,
51,-58,
-4,87,
-48,29,
2,14,
-27,-76,
-7,-27,
25,37,
55,79,
44,84,
42,88,
8,-19,
16,101,
-18,43,
32,-23,
6,-44,
82,7,
50,30,
62,52,
26,72,
-10,62,
-2,30,
26,28,
56,-21,
52,0,
25,-22,
57,-70,
19,-36,
58,-64,
68,-15,
41,-29,
-8,-8,
-32,31,
19,49,
49,18,
42,-10,
29,-27,
47,-78,
-17,-44,
47,22,
58,6,
9,-10,
96,22,
-5,5,
3,67,
22,50,
-34,74,
77,-9,
72,-43,
39,30,
-50,33,
-90,25,
37,11,
67,30,
46,27,
-5,-48,
33,-15,
-26,-33,
93,5,
94,65,
-6,93,
-16,46,
7,-73,
59,-65,
-6,-22,
-57,36,
-55,42,
-6,28,
-16,14,
-37,33,
-90,89,
7,174,
-6,94,
1,53,
32,-26,
-3,-28,
40,11,
11,-53,
0,-72,
13,18,
47,-25,
6,26,
42,-36,
32,28,
-11,62,
3,48,
-19,-29,
41,-48,
88,16,
85,-17,
31,46,
1,51,
2,42,
-7,16,
10,28,
-22,12,
-22,6,
-48,-58,
-49,-6,
-34,49,
-18,-13,
-18,-32,
-41,-80,
-27,-43,
9,15,
13,3,
24,41,
31,36,
16,6,
-11,-23,
-38,-41,
-52,29,
-30,48,
-16,13,
-16,-3,
-18,36,
-23,-6,
-82,-6,
-75,51,
39,66,
80,8,
86,-2,
-32,-20,
30,4,
84,20,
47,37,
33,10,
-63,-11,
-17,23,
24,81,
-54,24,
-8,-67,
20,-39,
55,-18,
1,44,
-10,26,
-106,36,
-39,-26,
-29,-53,
-13,-35,
13,40,
-3,4,
4,66,
-2,38,
-17,4,
16,-1,
-14,30,
-80,-66,
-98,-2,
-79,73,
10,-18,
30,-107,
-31,-66,
19,40,
-3,52,
-19,-1,
-19,-25,
-44,-73,
-21,-73,
-53,-26,
-42,52,
-34,2,
-4,30,
2,-30,
-32,43,
-17,15,
47,-9,
-13,-20,
-5,-5,
12,-82,
-15,-19,
16,-11,
-61,-12,
-75,-44,
-20,-40,
47,-47,
-33,-30,
-18,33,
-6,34,
34,-47,
25,-76,
47,5,
5,56,
-4,38,
48,27,
-27,47,
30,17,
31,-25,
27,-34,
7,-44,
39,30,
54,81,
38,33,
49,-20,
1,-25,
42,15,
61,56,
6,95,
-35,-35,
-8,0,
42,84,
3,48,
-104,-1,
-70,-40,
-42,-22,
7,-34,
-10,-32,
-33,2,
9,-85,
-37,-49,
-15,41,
1,35,
56,-19,
70,-4,
70,-81,
24,-18,
-5,9,
-26,-9,
-96,-14,
-19,-60,
24,-43,
5,-41,
20,-6,
-38,-10,
-54,-66,
3,-94,
26,-6,
38,24,
17,32,
57,106,
6,43,
-43,68,
-26,27,
-26,-36,
4,-56,
62,14,
31,53,
1,17,
17,-28,
16,-13,
-2,20,
17,20,
39,-3,
-12,9,
30,-14,
1,15,
16,7,
3,7,
-6,114,
-23,59,
-26,63,
33,-11,
-45,-36,
-40,10,
-14,14,
-52,-70,
-41,-36,
-49,-1,
-13,-54,
-20,-17,
39,10,
4,15,
-29,4,
-35,-39,
64,-21,
46,8,
-12,41,
-10,-17,
-9,-56,
-23,-14,
-51,28,
-22,-5,
25,-21,
53,41,
64,97,
13,68,
-25,-11,
-30,-17,
-12,-26,
32,-45,
41,7,
33,60,
-12,-7,
-19,-16,
-90,-34,
-71,-49,
-3,-23,
44,34,
48,-18,
34,-45,
-9,-60,
-44,-15,
-39,47,
-40,28,
-82,41,
-36,-8,
13,49,
8,33,
25,25,
28,-27,
-66,-51,
23,15,
26,36,
60,11,
-1,-14,
31,-19,
-3,12,
83,-3,
556,-62,
2368,-246,
5087,-102,
6105,668,
3923,1426,
546,1156,
-907,360,
-731,-313,
-561,-693,
-824,-1058,
-914,-1194,
-328,-830,
315,15,
710,1003,
752,1412,
394,904,
210,130,
57,-222,
-50,-174,
-189,-1,
-282,68,
-166,277,
-117,370,
-179,247,
-291,6,
-113,-159,
148,35,
182,193,
-38,192,
-178,33,
-140,-37,
-134,-38,
-188,106,
-256,101,
-212,93,
-134,159,
-56,158,
-7,70,
-31,39,
-58,-27,
41,57,
45,79,
-6,-2,
45,-92,
76,-38,
134,44,
179,80,
124,55,
74,30,
-42,2,
-101,-75,
-11,-99,
6,-85,
57,-82,
13,-1,
-19,56,
-133,-55,
-172,-41,
-140,-63,
-94,-2,
-27,-37,
23,-88,
124,-34,
81,-13,
36,-3,
-29,-7,
-66,-54,
-60,-78,
-101,-41,
-79,26,
-22,51,
-56,-12,
-98,-35,
-95,-66,
-48,-53,
-8,-87,
-72,-42,
-41,-42,
-27,-77,
-115,-49,
-136,-25,
-209,-2,
-179,-3,
-81,1,
-61,23,
-68,-37,
-81,-24,
-19,-30,
30,-42,
-18,-27,
-15,19,
-18,-98,
16,-70,
-82,-39,
-131,-14,
-134,40,
-70,46,
38,50,
17,71,
-6,1,
-32,1,
60,65,
58,55,
-15,45,
-70,-46,
-80,-97,
-117,-97,
-57,-11,
-82,73,
7,3,
34,-30,
25,-60,
12,-54,
-47,9,
-57,67,
16,16,
7,25,
-37,-5,
-33,-17,
-91,-98,
-58,-17,
-50,12,
-62,-11,
-125,-53,
-103,-44,
-2,-19,
94,-49,
35,-23,
-21,49,
-100,4,
-36,-87,
-29,-56,
-47,22,
28,87,
9,84,
32,-18,
18,-68,
39,44,
8,61,
3,126,
46,44,
-8,-11,
19,-36,
-19,-39,
3,88,
-7,61,
-52,54,
-8,-37,
7,-15,
45,-19,
-49,63,
-50,56,
12,37,
32,8,
-3,32,
-5,3,
-47,38,
22,40,
22,91,
30,62,
00>
_________________________________
00>
00>
Printing STS1 CIR
00>
00>
_________________________________
00>
-35,14,
-29,68,
-49,-24,
10,-9,
46,52,
55,-30,
-4,-8,
6,37,
73,-4,
21,0,
-5,36,
-28,-21,
-20,8,
-18,38,
-31,32,
-12,13,
-47,89,
32,51,
78,-22,
37,63,
36,80,
70,5,
-12,-8,
-40,1,
0,-5,
81,-5,
60,-37,
-53,-59,
-1,-32,
69,17,
39,38,
5,34,
-17,41,
-41,53,
59,19,
132,46,
78,-10,
-22,15,
-19,34,
12,19,
12,17,
5,-25,
-38,67,
-34,13,
-33,8,
45,13,
-18,48,
-18,60,
38,16,
60,-12,
66,47,
87,60,
41,33,
4,-89,
-30,2,
-20,74,
36,78,
100,10,
33,20,
-17,-23,
-23,49,
-34,49,
-2,-4,
12,-28,
-45,42,
-34,141,
-16,63,
21,9,
56,-44,
24,-21,
74,-46,
79,55,
25,-40,
8,-16,
68,-9,
22,12,
-56,42,
-67,87,
-48,83,
-34,35,
17,-9,
42,-60,
23,-4,
58,3,
11,-39,
-1,6,
0,-25,
13,77,
53,65,
-32,89,
-30,69,
31,47,
56,70,
48,59,
41,10,
-9,17,
-17,41,
-28,53,
-29,32,
30,18,
-12,5,
14,31,
27,-18,
28,-49,
-3,40,
67,88,
59,60,
27,13,
-3,22,
-41,6,
-5,21,
-14,19,
-41,29,
-28,47,
-24,59,
4,43,
-39,9,
19,27,
38,54,
28,49,
-6,22,
-41,2,
-79,-5,
-11,-20,
16,-5,
46,-23,
12,-11,
4,13,
0,96,
3,122,
36,-5,
6,-27,
-34,-36,
-7,-26,
6,-15,
-9,60,
-7,74,
45,32,
37,19,
41,28,
64,50,
39,17,
-12,-25,
12,-2,
-14,35,
-9,-2,
32,-10,
7,-28,
61,55,
31,83,
-66,57,
-76,19,
54,14,
62,37,
57,12,
-10,68,
-16,49,
-19,33,
-44,-29,
-17,14,
34,-3,
26,8,
21,-37,
8,-124,
-13,-2,
-54,11,
36,110,
-7,78,
21,50,
29,66,
7,53,
22,28,
-56,16,
-67,39,
-41,51,
-44,53,
-9,29,
24,28,
82,31,
89,54,
-9,57,
35,8,
35,-48,
49,-8,
24,1,
-55,57,
-106,61,
31,15,
70,-15,
12,44,
5,31,
25,17,
32,55,
-27,96,
0,45,
6,3,
-13,-5,
9,-5,
70,-38,
32,-6,
10,42,
-18,4,
-9,-17,
13,18,
1,44,
69,24,
65,16,
59,-21,
-28,19,
-50,65,
-10,-6,
-24,-24,
-62,27,
17,32,
67,27,
42,32,
-1,91,
26,37,
9,-29,
57,4,
4,-8,
-20,15,
-9,15,
-26,33,
8,45,
13,42,
-27,78,
28,74,
59,-15,
69,1,
60,57,
42,2,
-17,21,
-66,-9,
-11,-87,
4,-25,
50,-43,
29,17,
47,-17,
-39,32,
-39,23,
12,-30,
59,-35,
32,-28,
81,-13,
35,40,
6,20,
-27,34,
-26,-41,
-61,-16,
-47,-42,
40,-8,
45,14,
62,17,
30,28,
-39,-23,
-13,-45,
12,24,
100,43,
69,28,
52,56,
10,20,
-46,6,
-24,-30,
40,3,
97,41,
85,5,
40,-15,
18,-43,
-59,-54,
64,-13,
133,-22,
42,-9,
44,-8,
43,15,
-13,-20,
-32,-37,
6,-19,
-11,2,
-29,72,
-14,18,
22,-43,
17,-26,
27,6,
2,52,
33,-24,
66,-43,
16,-70,
-56,-3,
-16,59,
49,-4,
65,-24,
62,-21,
18,11,
-27,7,
-7,46,
-26,29,
35,6,
27,37,
13,43,
15,59,
-3,13,
-19,28,
-6,38,
29,-1,
21,-40,
25,-22,
15,27,
-29,33,
-25,4,
20,13,
52,-6,
16,47,
51,15,
45,-49,
18,-38,
-42,21,
-14,88,
-18,54,
51,-7,
35,-8,
11,10,
5,48,
-54,54,
-2,-52,
-1,3,
88,-49,
95,-26,
27,29,
39,22,
15,-41,
53,-17,
24,39,
29,-3,
45,-43,
25,-24,
18,9,
-28,28,
-8,16,
-26,17,
-4,-14,
62,28,
63,-74,
-15,-24,
36,-34,
31,-35,
32,-21,
8,34,
10,9,
3,14,
40,-48,
11,-152,
392,-727,
1719,-2380,
3593,-4191,
4140,-4356,
2600,-2378,
288,264,
-667,1127,
-509,599,
-416,479,
-887,1057,
-1377,1344,
-1182,749,
-434,-291,
57,-866,
-12,-915,
-228,-698,
-259,-240,
-162,26,
-129,126,
-92,177,
-104,306,
-79,506,
-100,628,
-70,480,
67,173,
219,36,
286,144,
138,364,
-117,516,
-186,412,
-80,153,
55,-58,
102,-127,
21,-50,
-154,24,
-275,74,
-151,47,
-2,-90,
155,-183,
58,-66,
14,8,
-113,-11,
-159,-48,
-133,-29,
-78,45,
21,31,
68,-13,
33,4,
-37,55,
-91,96,
-86,30,
-68,-31,
-6,-1,
46,99,
106,112,
150,41,
86,87,
-17,115,
4,81,
44,88,
83,40,
28,8,
30,-114,
-11,-134,
-5,-97,
-56,-28,
-41,-11,
-30,-7,
34,-43,
34,24,
-10,-35,
-46,-101,
-29,-42,
-29,25,
49,-1,
148,-65,
185,-32,
144,-32,
50,-95,
-53,-130,
-42,-87,
-22,-3,
19,38,
47,-8,
139,13,
100,51,
31,95,
7,94,
-24,63,
21,22,
-37,70,
-65,-27,
-41,-20,
54,25,
38,86,
0,149,
-42,126,
17,79,
38,95,
-5,136,
-69,52,
1,-2,
78,11,
16,23,
-62,94,
-38,111,
34,85,
68,29,
-22,39,
-13,68,
-42,67,
-17,-5,
-27,61,
-52,106,
18,54,
53,8,
73,45,
8,92,
-22,83,
-86,126,
-21,87,
52,-26,
58,-46,
30,14,
32,-9,
3,59,
3,49,
-9,16,
0,16,
5,85,
6,107,
38,79,
32,44,
40,36,
15,-2,
-27,18,
-14,65,
-31,66,
12,39,
23,4,
-26,26,
-17,60,
46,-53,
44,-27,
1,-13,
17,71,
67,47,
-1,52,
-69,36,
-5,18,
-33,-9,
19,10,
3,40,
-11,-4,
60,-11,
83,53,
4,78,
-60,71,
-93,47,
-83,52,
00>
_________________________________
00>
_________________________________
Sequence Number: 89
00>
00>
Printing STS0 CIR
00>
00>
_________________________________
00>
-65,-22,
13,15,
-18,35,
54,60,
-30,-28,
-20,37,
52,61,
57,10,
37,-29,
34,-71,
14,-60,
32,-45,
-32,-16,
-47,-17,
-24,6,
-12,-3,
34,-71,
83,-93,
58,5,
4,85,
-76,-4,
-1,32,
22,34,
63,60,
44,-23,
52,2,
22,30,
11,-4,
-38,-24,
67,52,
99,26,
36,-1,
62,-24,
68,-30,
69,44,
25,-54,
14,-50,
41,-17,
17,-41,
5,2,
70,27,
69,-8,
86,-73,
36,-113,
-31,-23,
11,-49,
-24,-43,
55,-142,
81,-87,
44,-58,
-10,-61,
14,-45,
16,-32,
21,9,
-14,-21,
74,-100,
55,-137,
20,-88,
41,-11,
57,23,
52,24,
4,3,
-95,89,
-20,0,
1,-47,
20,-38,
35,8,
81,3,
18,3,
-42,-22,
-13,-16,
10,-18,
-14,4,
-37,-29,
10,-73,
89,22,
1,41,
-63,1,
-62,-27,
67,-13,
36,33,
-16,17,
7,-33,
-35,-49,
-24,-42,
-1,4,
34,-25,
80,-44,
51,-37,
25,-42,
14,-100,
3,-8,
36,48,
4,-20,
-2,-29,
-42,15,
7,-80,
51,-22,
89,-30,
-34,20,
-60,49,
-17,63,
69,3,
44,-63,
55,-17,
-20,59,
29,-76,
25,49,
105,87,
76,64,
21,106,
-97,-17,
-29,-41,
23,65,
1,29,
15,-50,
56,-128,
16,-65,
38,-27,
-37,67,
-37,48,
-29,-3,
-9,4,
-24,1,
-29,14,
-58,-75,
-32,-44,
32,-2,
26,63,
61,-19,
37,-69,
48,-80,
10,-15,
-81,56,
-18,-44,
34,-3,
77,71,
75,56,
40,-13,
14,33,
-9,83,
52,41,
36,2,
-32,79,
-49,10,
15,16,
-46,27,
-48,-6,
21,5,
25,1,
65,49,
13,-3,
-48,-64,
10,-91,
24,-62,
7,8,
69,46,
19,61,
-18,55,
-53,7,
6,8,
64,22,
20,-3,
-16,-24,
-8,-37,
25,-1,
-33,30,
28,68,
21,-2,
39,24,
32,-2,
49,-20,
5,-1,
-25,-55,
52,-5,
13,73,
-49,36,
-27,-71,
36,-69,
-23,-32,
-63,16,
-53,-58,
-37,33,
-63,27,
32,34,
-13,-13,
42,-59,
-45,-44,
-54,-59,
-12,-16,
-38,-25,
29,21,
51,31,
39,-9,
41,-6,
-40,37,
-12,32,
-14,7,
17,3,
48,-27,
66,-8,
24,-19,
-3,7,
-39,14,
-42,58,
22,2,
25,-9,
10,-40,
-48,-31,
20,-39,
42,-26,
78,-40,
35,-24,
-6,35,
14,-2,
-3,-17,
-18,-27,
18,-9,
0,68,
-9,-23,
1,-14,
11,-32,
8,108,
19,35,
4,-43,
-34,-63,
-58,-17,
4,57,
-48,-2,
20,71,
5,37,
-22,20,
39,21,
81,11,
73,-27,
21,-21,
4,51,
-2,27,
-31,58,
8,1,
2,-82,
13,-38,
61,-75,
38,58,
18,103,
9,38,
23,-32,
32,3,
21,-15,
6,-50,
-52,-9,
-2,27,
-7,62,
12,50,
53,38,
37,13,
-18,-26,
-5,-51,
-14,-10,
-3,55,
11,88,
2,60,
-11,12,
2,-32,
50,-5,
18,-86,
-21,-115,
13,-48,
27,-27,
94,1,
86,-76,
51,0,
53,-17,
12,14,
-11,32,
26,67,
3,0,
-52,3,
4,-17,
-23,-5,
11,40,
9,20,
-18,11,
0,40,
39,40,
20,23,
-40,40,
50,13,
-2,15,
-25,18,
63,-93,
63,-45,
15,15,
-36,60,
-59,-21,
22,-32,
18,-58,
6,-33,
-46,0,
41,-41,
28,-42,
-33,-26,
-20,-33,
-19,32,
30,46,
-5,48,
32,58,
-38,-18,
-18,-33,
62,-27,
11,-7,
58,19,
14,78,
2,45,
-80,-47,
1,-35,
16,-1,
79,29,
-11,51,
37,2,
-20,-83,
-31,-27,
28,-44,
1,17,
-4,11,
5,-4,
2,31,
-113,85,
24,86,
-21,-34,
7,-38,
26,29,
45,11,
-10,4,
-2,-62,
-24,29,
-45,48,
-57,37,
-3,-39,
53,14,
5,44,
59,-25,
-22,-32,
-69,61,
-68,65,
1,-20,
62,-26,
-1,-6,
32,16,
46,42,
18,-27,
-28,-42,
-52,-23,
19,35,
108,-48,
89,-66,
-15,15,
-31,28,
246,-132,
1348,-802,
3582,-1605,
5383,-1372,
4645,94,
1658,1607,
-382,1551,
-597,510,
222,-271,
1032,-276,
1162,119,
502,446,
-237,441,
-590,437,
-577,512,
-442,475,
-187,265,
-26,105,
-54,2,
-246,30,
-311,-21,
-73,-68,
155,-158,
270,-342,
193,-510,
-48,-383,
-221,-87,
-236,-38,
-3,-73,
135,-168,
153,-150,
105,-18,
-14,21,
-43,-94,
-86,-141,
-57,-50,
-167,35,
-211,60,
-222,74,
-148,65,
-155,-47,
-133,-12,
-41,73,
-11,159,
-76,260,
-91,223,
-70,102,
14,-37,
100,-24,
41,45,
-142,56,
-203,4,
-220,32,
-144,-19,
-168,14,
-204,-35,
-143,-23,
-42,16,
13,77,
-2,74,
-49,91,
-141,43,
-93,-34,
-3,-62,
74,-101,
24,-28,
-34,85,
3,54,
-32,77,
-67,118,
-92,64,
-87,6,
-50,71,
36,54,
-28,68,
-2,72,
-18,27,
2,-30,
-18,-8,
92,77,
105,70,
33,-20,
11,-55,
-3,-100,
25,-55,
75,-24,
67,6,
27,-5,
-50,28,
-123,54,
-80,20,
-23,-30,
34,3,
-56,-63,
-63,-13,
-6,-27,
-47,-34,
-114,49,
-87,45,
-94,26,
-104,-19,
-178,-37,
-78,32,
5,72,
30,71,
38,5,
-49,-54,
-5,2,
-11,22,
-65,33,
-72,7,
-35,-22,
-92,35,
-112,-14,
-98,-42,
-104,-71,
-63,100,
-89,-14,
-111,-30,
-118,-29,
-22,14,
-7,50,
-42,-5,
-55,-36,
-102,35,
-120,55,
-54,-13,
-41,-135,
-80,-34,
-8,53,
-13,64,
16,-43,
-27,-56,
-61,-32,
-65,-7,
-60,-3,
-92,-52,
-59,19,
-55,20,
-100,121,
-33,89,
-30,83,
-19,89,
-31,35,
-83,-6,
-55,-13,
-84,49,
-70,27,
-21,36,
-41,52,
-17,27,
-67,-38,
-3,4,
23,1,
00>
_________________________________
00>
00>
Printing STS1 CIR
00>
00>
_________________________________
00>
-51,-47,
73,7,
97,55,
18,11,
-39,-22,
-33,-59,
-18,-66,
33,-53,
19,-8,
45,-71,
22,-4,
74,18,
82,-28,
18,-53,
63,-109,
28,-43,
-30,-12,
-12,15,
31,35,
53,-36,
44,-19,
16,-45,
14,-24,
12,4,
-11,-20,
17,-40,
92,-16,
11,-7,
29,61,
-11,23,
21,2,
33,-19,
11,32,
5,44,
27,23,
-17,-36,
-77,-21,
-42,27,
23,25,
24,17,
-35,14,
9,24,
56,37,
68,-4,
84,71,
-30,-20,
-65,-17,
-89,-1,
-46,54,
-25,53,
35,-13,
93,25,
53,-2,
-34,34,
8,5,
64,29,
21,-3,
-10,31,
-6,9,
27,-41,
52,-29,
46,48,
16,8,
35,27,
56,17,
81,20,
29,64,
-5,85,
35,53,
95,31,
73,-23,
-4,-59,
2,-69,
101,-12,
95,8,
8,10,
22,28,
17,4,
-55,-36,
-43,6,
-24,0,
-51,38,
16,48,
28,-8,
39,-43,
26,-54,
29,-4,
43,59,
10,55,
63,41,
-15,-44,
-28,-22,
-72,-38,
-49,29,
-28,12,
38,-3,
67,-3,
33,28,
85,3,
88,16,
83,-8,
26,-18,
21,14,
64,26,
69,-17,
80,-26,
3,11,
-64,13,
40,-15,
7,-66,
-13,-64,
73,66,
78,45,
45,40,
66,31,
53,21,
2,46,
12,40,
-9,41,
-9,-31,
71,-23,
72,-33,
8,-59,
36,-37,
84,24,
3,38,
78,10,
61,-12,
71,-25,
51,-9,
59,-38,
36,-13,
21,0,
66,-7,
15,41,
42,70,
48,60,
52,71,
38,4,
-38,-45,
-40,-35,
-1,-15,
-17,51,
-25,80,
-19,20,
7,-15,
100,-66,
81,-40,
48,9,
1,-13,
-17,-18,
17,-33,
34,-53,
-8,-26,
-29,36,
-43,-28,
15,-50,
-8,-19,
-90,28,
-53,11,
-34,-4,
36,-37,
76,14,
6,27,
23,-23,
48,7,
31,-32,
2,-40,
-1,-29,
29,12,
62,28,
24,-27,
15,-13,
-17,34,
5,40,
37,3,
44,-10,
41,77,
14,48,
12,27,
21,-1,
-2,-12,
-18,-63,
5,-110,
-55,-53,
-30,16,
-72,3,
-25,-10,
-6,-34,
-14,33,
-52,23,
6,51,
5,28,
-50,8,
-4,0,
-5,45,
-46,44,
-48,-6,
-58,-67,
4,-122,
35,-43,
34,71,
-32,62,
18,29,
47,-80,
43,-27,
-28,-24,
19,53,
115,44,
52,35,
51,30,
4,-23,
3,-2,
54,1,
53,32,
50,7,
-24,14,
-31,-5,
-60,24,
-52,88,
-27,71,
-43,-14,
-43,12,
-3,-1,
-2,38,
3,12,
-26,-39,
-11,-54,
-5,-53,
20,2,
-17,44,
5,78,
51,53,
-18,-71,
-99,-58,
-44,-2,
21,-3,
24,-33,
52,-20,
31,-42,
20,-48,
16,-38,
36,-25,
113,-30,
73,2,
66,20,
105,-10,
76,-2,
63,-17,
20,49,
69,-12,
35,-48,
-24,-17,
14,-55,
-4,-40,
27,-23,
35,67,
-14,64,
-58,19,
-71,1,
-68,19,
-46,20,
-48,62,
-1,4,
37,25,
38,59,
44,25,
24,48,
-34,40,
-10,30,
22,27,
31,-9,
22,24,
71,34,
78,5,
76,-43,
47,-67,
25,-19,
75,-15,
61,-15,
34,-39,
-5,-16,
-101,-14,
-12,35,
52,20,
73,30,
-1,25,
-64,43,
25,20,
38,13,
19,20,
29,63,
-4,53,
2,22,
-13,-7,
14,25,
53,-17,
73,20,
116,-36,
33,-67,
-25,-6,
15,9,
54,-11,
30,38,
24,-5,
15,17,
9,81,
35,56,
49,-6,
42,25,
-12,6,
-45,2,
3,-38,
43,-33,
42,13,
-32,51,
-1,82,
20,47,
20,24,
-59,-7,
-83,-6,
-6,-8,
-4,13,
-25,-35,
43,-45,
54,-40,
56,-6,
4,67,
18,-6,
-22,-15,
-52,-29,
27,17,
75,28,
88,-72,
102,-86,
78,-28,
41,32,
55,48,
68,2,
11,29,
83,79,
10,12,
-72,15,
-70,2,
38,29,
64,41,
68,-3,
33,13,
90,23,
103,40,
81,73,
33,15,
3,-31,
18,-31,
32,-15,
60,-13,
4,18,
-95,-34,
-209,-351,
-458,-1558,
-756,-3797,
-467,-4976,
378,-3564,
870,-890,
683,547,
-167,512,
-1200,-134,
-1735,-706,
-1282,-1007,
-218,-775,
480,-244,
474,-60,
155,-336,
-11,-450,
-29,-179,
87,89,
47,113,
47,24,
116,-36,
130,-25,
200,37,
202,208,
112,248,
-23,141,
-17,-11,
0,-40,
52,-67,
62,-92,
74,-29,
67,87,
45,149,
-17,145,
-61,108,
-29,72,
17,20,
-78,142,
-41,228,
34,158,
56,98,
-7,20,
52,94,
128,112,
121,152,
39,144,
-23,159,
-78,137,
-44,206,
-58,175,
3,68,
3,41,
-22,40,
4,55,
38,-4,
100,-35,
94,25,
26,48,
91,83,
101,60,
19,22,
-81,105,
-33,80,
7,32,
11,-6,
-4,16,
23,73,
87,114,
44,48,
28,23,
43,47,
23,84,
57,145,
95,205,
-43,197,
-123,174,
-89,136,
-31,41,
82,33,
98,74,
143,138,
101,79,
3,22,
-85,54,
-87,24,
-50,32,
7,-29,
74,-51,
54,-37,
34,6,
60,61,
24,92,
-73,79,
-60,-30,
6,-19,
11,-17,
42,102,
-19,125,
-23,150,
29,109,
28,43,
24,-16,
19,-39,
12,38,
81,58,
50,95,
-9,73,
-2,78,
4,109,
-9,158,
-27,99,
14,70,
14,29,
60,24,
64,106,
56,142,
26,122,
8,85,
-4,1,
-5,-55,
25,-18,
61,31,
83,58,
-17,68,
-2,103,
-7,71,
-9,21,
1,-24,
-21,-20,
-18,42,
1,75,
70,13,
131,2,
73,16,
41,42,
27,51,
63,42,
-1,52,
11,72,
43,72,
54,12,
100,-10,
48,-3,
-4,-26,
-47,94,
-58,45,
-2,4,
-10,-52,
-6,13,
12,55,
-5,76,
1,50,
-6,17,
-37,-27,
00>
_________________________________
00>
RX Timestamp: 20769153327
00>
Clock Offset: -2863.884 Hz, 0.359 ppm
00>
RX Timestamp: 21841449635
00>
Clock Offset: -2517.986 Hz, 0.315 ppm
00>
_________________________________
Sequence Number: 222
00>
00>
Printing STS0 CIR
00>
00>
_________________________________
00>
-9,-8,
-69,-21,
-62,-40,
-6,1,
87,-14,
40,2,
1,60,
32,70,
23,92,
9,54,
20,-6,
4,24,
-2,69,
20,41,
18,2,
69,-4,
45,16,
46,-10,
15,-9,
-53,-38,
-13,-11,
15,16,
2,58,
20,33,
54,7,
61,-21,
11,-44,
83,-46,
80,40,
50,29,
31,48,
-51,53,
-69,83,
-24,73,
-29,-20,
59,-23,
11,74,
47,62,
5,26,
-21,4,
-51,-13,
-70,-10,
-15,-78,
36,-81,
34,23,
-28,12,
-20,-56,
14,-31,
-16,-2,
5,40,
18,79,
27,-5,
102,-53,
31,-30,
-22,-43,
9,-49,
59,1,
-21,11,
-48,2,
-94,-16,
-11,2,
11,78,
-7,25,
20,35,
15,-36,
-27,-24,
-38,-3,
-26,-13,
-55,-95,
30,-21,
2,-57,
4,50,
24,21,
27,33,
-44,50,
-17,-13,
11,-75,
93,53,
85,77,
28,-17,
-14,-107,
-23,-20,
-74,-4,
-26,-18,
-22,-65,
-13,-61,
20,-57,
48,-11,
-28,-8,
-24,33,
-20,-27,
-34,5,
25,-7,
-25,-62,
-7,-2,
23,29,
54,29,
33,25,
8,78,
65,88,
72,63,
-6,21,
23,-13,
-37,5,
57,-17,
43,-1,
31,35,
0,1,
23,84,
22,109,
-20,21,
-32,0,
32,-27,
14,16,
2,30,
23,-6,
6,26,
-4,-10,
-35,28,
23,38,
-28,13,
-8,1,
9,104,
74,35,
53,73,
44,5,
-6,18,
-54,69,
-61,16,
-73,23,
-11,11,
29,-14,
-14,-39,
1,0,
8,-33,
-1,-6,
-12,0,
-22,-37,
-14,33,
12,69,
38,25,
23,36,
12,-39,
-57,-40,
-15,-88,
57,-37,
86,-40,
-4,41,
-62,30,
-1,-46,
14,-40,
6,-69,
27,71,
-64,50,
15,3,
57,-26,
51,-20,
25,35,
43,36,
48,-36,
26,-95,
68,-12,
-6,21,
-35,1,
21,-7,
-10,-52,
5,-29,
13,31,
36,27,
5,-7,
-58,0,
24,7,
14,51,
20,-28,
48,-37,
8,8,
81,56,
74,26,
21,24,
51,-41,
15,56,
4,-33,
22,-42,
29,-5,
27,6,
-25,-41,
45,-54,
-1,-28,
-30,-3,
-38,2,
-40,14,
-28,-14,
-12,-25,
-33,-38,
-30,10,
-8,72,
39,35,
-36,-41,
-5,-51,
35,-17,
94,12,
8,-24,
2,-18,
-1,-6,
26,59,
-25,-12,
-31,-6,
-2,-43,
6,-11,
-35,25,
-7,24,
-35,4,
16,31,
-6,19,
18,41,
92,63,
4,64,
8,5,
-32,36,
0,26,
20,-42,
52,-8,
-38,24,
-64,60,
-59,-11,
0,-8,
16,37,
104,55,
133,-9,
68,-29,
32,-48,
-50,38,
-15,28,
12,-38,
25,3,
11,-30,
-11,-1,
-58,-21,
-46,11,
-23,-52,
29,6,
-26,66,
11,21,
1,61,
-27,-14,
42,-8,
0,14,
-10,-6,
23,37,
0,-29,
29,42,
22,54,
-33,103,
-18,15,
23,-25,
-22,55,
-12,21,
24,30,
74,48,
-14,42,
-6,-26,
-43,-32,
39,-21,
54,-32,
8,15,
37,-16,
29,58,
4,56,
-43,26,
-4,34,
-16,62,
52,21,
-15,-16,
-6,22,
17,4,
2,-30,
49,-30,
49,1,
43,45,
56,33,
25,62,
26,1,
27,60,
-5,25,
-52,15,
-33,25,
-25,43,
2,17,
81,-1,
73,-50,
26,0,
4,-32,
-9,25,
26,74,
-3,64,
-71,26,
-34,18,
-7,30,
0,-4,
43,-13,
27,12,
24,67,
29,13,
-7,26,
-19,6,
12,45,
52,54,
23,11,
-1,14,
-19,39,
-32,-16,
13,-35,
-25,63,
35,89,
54,29,
16,-58,
38,-38,
11,-54,
-31,36,
-25,28,
-1,-35,
83,12,
19,40,
33,28,
-18,69,
7,20,
2,4,
38,59,
8,60,
-7,54,
7,2,
36,-34,
26,-32,
32,-3,
40,14,
95,14,
80,-27,
53,26,
31,11,
-5,-38,
18,-71,
91,-8,
28,52,
40,51,
1,-53,
25,-27,
33,0,
-6,-29,
63,23,
58,31,
-5,18,
-48,36,
18,-42,
-25,-21,
-197,-15,
-1303,76,
-4831,-333,
-7784,-1187,
-7545,-2179,
-3981,-2723,
358,-1271,
1250,-6,
660,713,
631,1174,
1039,1744,
847,1903,
49,962,
-618,-521,
-857,-1725,
-703,-1923,
-292,-1019,
-144,43,
-30,518,
135,213,
158,21,
222,-130,
119,-464,
242,-486,
446,-57,
357,278,
-1,209,
-262,-102,
-150,-281,
159,-116,
318,155,
226,143,
167,0,
202,-65,
410,-44,
209,-95,
152,-204,
72,-114,
28,-16,
-23,-1,
40,-110,
65,-68,
14,-19,
-38,14,
-107,-27,
-159,-85,
-143,-111,
-92,-53,
-82,-76,
37,-19,
195,84,
123,159,
21,202,
89,237,
15,101,
30,8,
130,-24,
185,-19,
234,58,
180,106,
96,72,
-24,44,
-69,47,
-38,99,
-56,101,
-56,60,
125,76,
136,103,
58,35,
77,-102,
46,-59,
99,11,
165,51,
180,17,
217,101,
103,155,
10,146,
-15,98,
97,155,
154,139,
189,67,
264,28,
337,12,
88,7,
83,11,
172,82,
230,51,
95,33,
20,59,
-23,29,
43,88,
16,57,
31,60,
93,48,
132,31,
97,70,
71,131,
48,25,
89,21,
95,-45,
76,30,
127,44,
61,52,
81,-1,
68,-14,
121,6,
109,72,
51,116,
159,40,
105,17,
134,89,
78,162,
101,99,
107,10,
54,38,
-14,41,
49,15,
60,60,
81,76,
55,29,
10,28,
85,11,
130,15,
72,-12,
31,10,
9,-53,
-8,1,
-41,31,
41,16,
64,41,
57,79,
22,131,
70,77,
17,40,
62,-9,
34,15,
-20,6,
47,51,
87,140,
53,36,
39,66,
4,97,
50,5,
51,-11,
89,4,
63,31,
109,69,
35,52,
72,30,
66,21,
37,39,
63,65,
94,29,
94,64,
21,86,
110,16,
75,20,
32,26,
00>
_________________________________
00>
00>
Printing STS1 CIR
00>
00>
_________________________________
00>
38,8,
74,58,
31,7,
50,-20,
41,-27,
4,-18,
36,-14,
-16,-10,
5,17,
28,9,
40,-63,
9,9,
33,15,
29,-4,
34,12,
-11,20,
-14,27,
-45,18,
-37,7,
-5,86,
8,59,
11,-5,
9,2,
54,20,
-4,32,
-13,-1,
19,-37,
-3,-13,
-4,-6,
21,1,
59,21,
24,25,
46,-22,
0,-5,
-68,33,
13,-63,
8,-74,
26,-91,
2,-94,
-15,-83,
6,83,
-28,99,
31,-2,
54,-43,
3,17,
-43,37,
-33,-16,
-72,-23,
-13,-6,
-34,34,
-43,-8,
-3,4,
6,-44,
23,-25,
-7,-65,
-83,85,
-6,49,
62,16,
68,-31,
42,-47,
64,58,
15,59,
3,34,
33,7,
34,-7,
60,1,
5,-49,
32,13,
55,24,
36,26,
27,28,
-19,20,
29,37,
56,-25,
6,-4,
-11,42,
10,-45,
44,-21,
-5,14,
19,-21,
8,46,
76,-2,
54,-23,
31,-43,
8,-91,
-72,-59,
-29,-73,
38,-72,
18,-56,
16,-22,
-4,23,
19,30,
11,42,
-1,-9,
-37,-10,
-57,25,
18,9,
36,27,
23,-18,
36,7,
34,-16,
39,-3,
3,63,
12,68,
28,-4,
46,-23,
53,-12,
22,-44,
2,-60,
-30,10,
-17,21,
-10,57,
2,34,
18,19,
-13,-22,
-20,-8,
12,27,
26,54,
-16,11,
-59,-8,
-13,-23,
-21,16,
1,-25,
-3,-45,
1,59,
35,48,
29,-1,
68,-27,
92,-27,
-18,-23,
12,-39,
33,-74,
-11,-45,
-8,-14,
-28,-63,
-2,-55,
24,16,
-1,51,
6,7,
43,-12,
32,37,
-11,7,
-2,-41,
5,-29,
52,-43,
74,-62,
-6,41,
46,30,
6,-22,
-3,-37,
17,13,
12,-58,
23,-54,
15,3,
93,-7,
77,-34,
36,-9,
-54,-32,
-78,-41,
10,24,
48,5,
70,-26,
67,-31,
24,-13,
39,28,
22,65,
49,60,
-5,-59,
-16,-66,
-19,-49,
-21,-7,
-44,31,
32,15,
49,-21,
50,-10,
58,53,
36,17,
28,30,
28,12,
1,4,
-29,-41,
-36,-87,
5,-49,
34,-45,
13,2,
-4,74,
15,45,
66,56,
50,6,
-8,51,
20,16,
7,33,
6,13,
15,-35,
11,-16,
27,-5,
27,53,
51,81,
45,70,
22,93,
40,29,
59,23,
58,-17,
5,-18,
23,4,
1,-47,
-22,-25,
-3,14,
44,21,
8,1,
9,12,
-12,16,
-14,71,
25,-47,
45,-71,
-27,-37,
-9,-30,
-60,28,
11,18,
20,-27,
-36,-67,
-50,-23,
-71,10,
-34,56,
13,10,
-7,11,
48,14,
19,13,
60,10,
-4,-16,
30,-5,
6,-66,
43,-58,
-9,-31,
-4,-13,
55,-24,
32,-57,
61,12,
103,-3,
49,-14,
17,20,
-25,25,
-11,-1,
-10,64,
-31,28,
-21,0,
-44,-12,
56,22,
85,-61,
52,-67,
3,-23,
-15,4,
-11,-13,
-28,-10,
19,-18,
32,-44,
70,-34,
20,-14,
-29,29,
-13,8,
2,-36,
-58,-71,
-80,-68,
4,20,
-56,68,
13,58,
39,41,
33,17,
68,6,
41,-27,
17,-11,
-4,-19,
-24,55,
-40,7,
-41,-6,
8,24,
-39,25,
-78,-15,
-42,-12,
-34,28,
20,-13,
63,-8,
70,-10,
-10,28,
-3,47,
39,31,
60,-33,
5,-53,
-8,-34,
12,-4,
66,-12,
21,24,
-24,-11,
-13,-21,
18,-10,
-5,42,
-10,-20,
112,-7,
48,22,
-3,-14,
47,-38,
32,-67,
29,-36,
-26,-19,
-1,17,
33,-40,
27,-54,
-46,26,
6,44,
5,6,
21,14,
-17,22,
15,-53,
8,-28,
4,16,
-18,-14,
-14,-33,
24,9,
32,-15,
39,29,
-2,45,
2,16,
-11,-4,
12,13,
39,-38,
40,-25,
13,-6,
30,5,
-10,-35,
33,-58,
36,-53,
41,-44,
0,-34,
-11,-10,
-8,30,
32,31,
29,14,
21,12,
1,38,
-12,42,
67,-51,
-5,-68,
-34,-101,
-19,-23,
-24,32,
6,3,
21,-27,
23,23,
-8,23,
-19,18,
-16,-18,
-4,3,
2,43,
30,-2,
-139,248,
-1237,1410,
-4093,3834,
-6055,5208,
-5898,4552,
-2930,1783,
527,-1030,
1181,-1381,
616,-600,
851,-759,
1946,-1549,
2474,-1360,
1532,-159,
347,749,
-159,1110,
4,1123,
207,826,
252,280,
204,-99,
82,-132,
133,-147,
214,-450,
283,-778,
406,-815,
157,-422,
-197,-114,
-378,-41,
-222,-196,
56,-447,
277,-508,
323,-425,
157,-212,
-54,9,
-21,147,
210,78,
240,33,
275,20,
283,29,
-74,184,
-113,114,
-44,24,
79,-35,
180,72,
202,154,
173,69,
106,-74,
43,-118,
25,-74,
66,-122,
106,-78,
101,-7,
102,119,
33,110,
98,71,
-106,47,
-135,-6,
-142,-4,
-38,-14,
63,-53,
63,-180,
38,-244,
-31,-127,
-65,32,
17,117,
65,130,
28,84,
44,44,
44,48,
39,-40,
172,-83,
39,30,
67,80,
102,73,
87,28,
126,-22,
35,73,
-103,31,
-112,60,
-68,128,
1,179,
97,186,
147,88,
142,16,
0,13,
-9,-57,
-23,-62,
-35,-46,
44,-99,
117,-61,
167,-65,
75,-60,
97,-21,
92,22,
50,49,
15,56,
-26,-53,
11,-140,
-6,-101,
-8,-27,
2,7,
30,-10,
32,-87,
36,-55,
-20,-72,
16,-65,
39,-56,
43,-79,
45,-62,
44,-19,
148,7,
91,1,
61,4,
29,-7,
25,15,
9,4,
-6,22,
19,-24,
-49,-71,
-53,-61,
-16,-46,
74,42,
104,49,
84,-30,
95,-95,
87,-97,
61,-55,
-6,-50,
14,-25,
87,3,
74,-18,
59,-77,
33,-52,
37,-65,
82,-12,
41,25,
85,-1,
67,10,
27,33,
-29,-30,
2,-44,
32,-93,
4,-89,
-1,5,
1,14,
22,22,
15,5,
30,29,
22,-2,
39,-22,
66,-105,
63,-44,
49,-31,
26,-9,
7,-41,
36,-8,
12,-52,
41,-16,
33,-56,
00>
_________________________________
00>
_________________________________
Sequence Number: 225
00>
00>
Printing STS0 CIR
00>
00>
_________________________________
00>
-11,28,
24,23,
4,91,
41,14,
37,15,
4,29,
-5,9,
-19,29,
-48,-22,
-16,-28,
-15,11,
-29,11,
-29,-7,
32,52,
31,4,
10,-30,
24,-41,
-11,-33,
74,2,
-11,-35,
6,-19,
67,4,
-24,9,
31,7,
49,11,
24,3,
74,-12,
15,-34,
-26,-17,
-19,14,
-6,-20,
-9,-50,
7,6,
-15,-5,
-1,13,
42,28,
10,46,
47,85,
15,78,
-31,60,
-59,-10,
-34,-20,
-16,63,
-6,44,
-38,0,
-28,31,
11,48,
6,27,
-18,40,
-47,-17,
-27,21,
14,-30,
45,-20,
1,21,
-81,72,
-19,-9,
26,-38,
-11,0,
-49,34,
-8,51,
10,23,
21,-6,
-24,-27,
32,-53,
30,-7,
60,23,
138,50,
106,45,
114,64,
58,40,
-41,32,
8,-52,
-2,-4,
17,5,
8,9,
-50,-13,
-80,-43,
5,-26,
32,12,
21,29,
44,29,
16,31,
-27,12,
-106,-24,
-59,-24,
8,-38,
64,-22,
58,-35,
11,-32,
25,-17,
-4,-73,
-42,-74,
2,-31,
-2,17,
55,17,
30,22,
8,24,
-42,3,
13,-35,
-11,-15,
-23,40,
-5,-18,
-13,-41,
-7,0,
1,26,
-31,-25,
-13,-20,
-4,5,
20,52,
25,6,
8,23,
-14,18,
25,-11,
34,50,
58,6,
-3,-15,
-27,-43,
-17,-59,
0,-8,
-45,7,
10,-5,
8,20,
34,37,
-47,22,
-8,4,
12,-7,
39,10,
34,17,
5,24,
-26,15,
2,-17,
-43,8,
-49,-30,
1,-37,
-46,-15,
-29,7,
-10,38,
-9,42,
2,0,
24,17,
38,3,
-5,11,
-18,36,
-27,74,
-14,61,
35,105,
31,63,
-4,2,
-12,-32,
-35,-95,
-48,11,
22,-45,
8,19,
-15,7,
-33,39,
4,36,
1,34,
38,-16,
67,-15,
11,13,
3,-5,
-24,15,
-32,19,
-53,10,
-37,-9,
-25,-29,
1,54,
57,82,
58,47,
-7,-47,
-33,30,
-27,-23,
-50,-3,
-11,6,
-19,-13,
-22,-25,
14,13,
24,-20,
63,-17,
-65,-39,
-36,-25,
-30,-99,
52,-49,
-5,52,
-12,21,
-49,-38,
-19,-18,
-40,51,
-19,-24,
8,32,
-39,54,
-22,86,
11,-4,
8,-3,
-34,2,
-47,1,
0,-7,
6,-45,
-35,-31,
-25,5,
9,42,
54,44,
21,30,
-30,4,
-44,19,
-42,3,
-23,15,
4,68,
-1,-2,
31,-5,
75,-17,
-48,-6,
-34,-7,
19,39,
-26,48,
24,122,
8,31,
4,7,
21,-31,
59,-10,
32,62,
30,87,
27,13,
23,-13,
-20,-32,
-37,-13,
-83,-22,
-99,-38,
-83,-39,
-26,-69,
6,-52,
29,-26,
2,23,
19,42,
46,38,
-19,-2,
18,-59,
-22,-27,
-3,-14,
6,60,
39,15,
-5,40,
5,43,
14,-25,
55,25,
18,70,
-29,36,
-30,-12,
-43,-21,
18,100,
-49,113,
-9,78,
6,10,
29,26,
26,-7,
23,15,
47,48,
-1,-6,
18,76,
94,74,
99,86,
37,53,
-45,76,
-59,8,
-18,-2,
36,5,
65,-1,
106,16,
47,16,
7,14,
-33,-11,
-2,-15,
-7,8,
44,4,
21,75,
106,24,
69,26,
-9,41,
-9,51,
-20,86,
-4,51,
19,83,
35,17,
8,40,
-2,9,
43,-28,
-16,-5,
-37,-23,
-2,17,
13,50,
86,40,
41,-22,
48,-13,
47,94,
4,40,
-39,-14,
14,26,
54,-7,
80,-14,
14,48,
-17,33,
3,57,
-29,28,
-54,-35,
16,2,
-3,41,
-23,52,
-35,-18,
-49,3,
-5,-46,
-4,-28,
-11,22,
17,-27,
-4,-40,
-15,-7,
-10,35,
12,56,
54,11,
62,33,
-10,-8,
-13,-16,
-17,11,
0,13,
54,-29,
46,-47,
-2,-17,
-19,-34,
1,-27,
37,-4,
16,25,
6,-35,
12,-69,
-21,-55,
-21,-42,
8,-8,
-22,12,
-55,-10,
-30,-4,
23,5,
61,10,
21,24,
4,38,
-12,12,
13,-22,
17,5,
-9,43,
-21,8,
-64,5,
8,38,
-6,24,
-21,14,
-9,-4,
-23,195,
45,1488,
-390,6161,
-1858,7885,
-3888,7516,
-6177,5442,
-5485,-632,
-1754,-2635,
112,-588,
-46,1555,
-1369,2405,
-1712,1249,
-878,-295,
-296,-1072,
-250,-1434,
-522,-1536,
-487,-1117,
-340,-533,
-219,-143,
34,-88,
63,-58,
109,-109,
267,187,
371,823,
538,869,
833,726,
896,10,
569,-489,
187,-172,
200,208,
113,484,
38,414,
-17,188,
32,-17,
239,-161,
318,16,
214,2,
34,-171,
220,-490,
228,-472,
241,-307,
242,-259,
187,-258,
-25,-224,
-277,-229,
-300,-330,
-226,-375,
-49,-204,
63,43,
39,57,
22,-222,
-27,-76,
-92,-71,
-22,-215,
203,-345,
331,-243,
335,-24,
266,53,
127,28,
-118,36,
-172,-87,
-135,-136,
-46,-151,
126,-136,
213,1,
132,67,
71,16,
19,-26,
-76,-45,
-99,-98,
-13,-320,
-22,-333,
-19,-169,
-147,33,
-226,87,
-149,-58,
61,30,
91,67,
-3,41,
-62,94,
-117,159,
-81,159,
85,-10,
253,47,
200,77,
113,112,
14,94,
-20,32,
-21,-56,
15,-122,
76,-156,
85,-138,
59,-90,
85,-93,
149,-58,
205,-22,
122,-31,
57,-118,
76,-144,
30,6,
50,28,
84,-58,
137,-153,
123,-100,
92,-54,
68,-115,
103,-121,
82,-69,
28,-50,
-42,-110,
-26,-207,
58,-228,
68,-129,
77,-95,
43,-91,
81,14,
104,17,
59,-16,
62,-143,
16,-117,
53,-96,
85,-71,
74,-16,
142,23,
46,46,
48,1,
46,-73,
37,-122,
75,-89,
75,-56,
118,-93,
33,-8,
-33,-19,
-11,-52,
57,-123,
89,-72,
63,-64,
84,5,
150,-22,
119,-95,
60,-85,
64,-34,
47,15,
75,-67,
32,-126,
37,-95,
91,-101,
7,-27,
-56,-32,
42,-41,
111,-77,
60,-55,
49,-70,
70,-46,
89,-34,
57,-24,
108,21,
78,12,
75,-11,
32,15,
00>
_________________________________
00>
00>
Printing STS1 CIR
00>
00>
_________________________________
00>
68,1,
44,49,
51,30,
48,18,
76,-25,
102,4,
-23,30,
-88,52,
-84,32,
-3,15,
19,15,
4,-9,
90,14,
22,21,
-8,62,
14,46,
40,-3,
36,17,
43,56,
-1,-17,
-23,10,
17,21,
14,-9,
37,-2,
-43,42,
-58,80,
-19,-11,
-44,-23,
31,-36,
35,-18,
16,-6,
54,46,
42,71,
4,32,
-13,6,
5,62,
-32,67,
-3,79,
20,44,
2,-9,
26,9,
0,14,
18,-2,
-3,34,
10,33,
4,29,
-4,31,
-35,-46,
-39,-15,
-34,-9,
16,20,
19,-4,
10,23,
-9,38,
-25,48,
-9,-19,
-19,-7,
-20,73,
-32,30,
-6,56,
-22,27,
11,-10,
34,-38,
21,-10,
24,8,
-25,50,
26,27,
-20,10,
12,-3,
64,-40,
-69,35,
-52,22,
36,2,
34,10,
-10,32,
-18,-10,
34,8,
52,3,
29,-1,
-17,-7,
1,6,
25,25,
14,105,
-49,83,
-32,42,
-81,43,
-47,-11,
3,38,
26,3,
-9,28,
-12,31,
19,-39,
-38,28,
-44,-1,
-13,58,
1,74,
46,73,
20,59,
85,-1,
12,25,
20,13,
45,41,
1,18,
17,18,
56,-41,
105,-66,
46,13,
-5,36,
-54,16,
-16,-35,
-38,-24,
-5,2,
8,18,
17,19,
61,39,
25,51,
22,30,
-34,35,
-19,46,
15,26,
12,75,
33,68,
5,51,
-8,26,
-28,-15,
-35,-18,
-28,22,
30,74,
19,24,
25,21,
-20,-1,
24,60,
-7,84,
-42,47,
-7,-22,
40,-72,
33,-33,
48,23,
47,102,
7,61,
42,17,
-35,78,
-27,52,
13,32,
5,-5,
-17,-18,
-20,39,
-14,44,
-2,-7,
6,-47,
-10,-89,
-10,-41,
24,-6,
52,-4,
65,11,
13,26,
-21,-14,
-11,-13,
-39,25,
-13,29,
24,23,
33,41,
32,4,
61,-10,
52,5,
23,-5,
17,54,
-6,69,
83,4,
9,-48,
-39,-28,
3,-51,
12,1,
-29,2,
-46,9,
56,-39,
21,-34,
8,-34,
9,-41,
46,-2,
58,-5,
50,25,
49,-28,
10,31,
-32,34,
-11,34,
52,-23,
50,-32,
25,-12,
53,-17,
25,-55,
61,0,
23,1,
11,29,
29,19,
-10,58,
-47,49,
-96,32,
14,-19,
41,6,
33,48,
48,8,
27,58,
79,45,
15,16,
-18,24,
-2,40,
-34,28,
-28,63,
4,28,
-37,10,
-20,-22,
21,63,
39,53,
3,22,
15,20,
26,3,
76,-48,
99,-20,
43,65,
9,42,
-8,-7,
35,-9,
55,21,
56,6,
20,47,
4,31,
26,41,
4,39,
1,85,
34,39,
25,13,
48,43,
41,15,
37,24,
36,31,
44,30,
13,19,
19,4,
49,72,
17,51,
7,-8,
-21,15,
-60,97,
-79,78,
-70,70,
-26,-13,
41,4,
-17,10,
4,49,
13,53,
-18,40,
8,-5,
-15,-27,
12,19,
11,-6,
-55,-8,
-30,-12,
38,-31,
95,-54,
103,-64,
96,-44,
96,21,
70,20,
18,-13,
14,-97,
-7,-32,
32,3,
2,1,
34,14,
35,41,
69,0,
28,0,
68,26,
79,38,
-17,60,
-30,54,
49,7,
-9,33,
27,30,
48,32,
43,56,
-13,53,
-2,-37,
-31,-22,
22,11,
20,50,
49,21,
-8,-4,
-43,18,
13,46,
16,7,
45,-18,
74,1,
9,102,
-14,45,
9,-9,
2,-48,
23,-10,
10,-34,
53,-32,
-33,33,
-20,-4,
16,-34,
17,37,
-30,83,
-26,97,
-26,58,
-2,21,
-11,3,
19,-5,
63,-39,
52,-42,
-10,0,
-12,16,
14,49,
38,26,
58,20,
-2,25,
-67,14,
11,30,
21,42,
52,69,
-23,33,
-15,14,
-15,20,
16,11,
3,38,
12,12,
-39,-12,
49,23,
-18,30,
-36,28,
-30,10,
-38,16,
-27,-16,
-2,-30,
29,55,
-36,126,
-76,94,
-68,81,
-61,21,
-12,49,
1,56,
-17,14,
19,28,
5,28,
-16,64,
37,33,
2,27,
5,11,
47,64,
240,123,
1516,631,
5309,2939,
7120,5154,
6228,6059,
3125,6009,
-1173,1685,
-1364,-486,
819,-1159,
3756,-1605,
5418,-1033,
3874,455,
660,1163,
-577,975,
-192,734,
511,855,
569,736,
97,249,
-253,-91,
-16,-2,
-90,105,
-297,240,
-497,326,
-716,-63,
-679,-414,
-791,-533,
-315,-279,
31,94,
42,243,
-43,130,
-65,59,
-182,-43,
-322,-179,
-347,-283,
-282,-302,
23,20,
-36,52,
-109,-94,
-139,-365,
-112,-407,
-1,-239,
-28,-100,
-144,14,
-291,128,
-219,130,
-173,14,
-82,-171,
-81,-246,
-104,-220,
-92,-134,
-145,-117,
-54,20,
-62,23,
-171,25,
-139,63,
-90,168,
-91,214,
-139,121,
-186,95,
-363,138,
-245,45,
-124,-23,
21,-92,
104,-99,
141,-23,
78,28,
96,-28,
10,-22,
33,-20,
-29,-7,
-153,-56,
-240,-211,
-275,-261,
-440,-299,
-368,-392,
-214,-527,
39,-435,
84,-289,
40,-97,
-188,-62,
-346,-119,
-387,-142,
-276,-84,
-5,55,
4,41,
-58,-68,
19,-172,
35,-47,
0,122,
-134,185,
-200,117,
-190,35,
-107,-130,
-4,-177,
19,-111,
-22,20,
-32,45,
-79,-63,
-48,-98,
16,2,
-15,33,
-87,7,
-67,-4,
-77,34,
-112,16,
-153,-60,
-83,-139,
-28,-129,
8,-87,
-28,-91,
8,-90,
-13,-69,
-72,5,
-56,54,
-55,18,
-2,-37,
-52,-48,
-195,-82,
-91,-179,
-88,-109,
-74,-11,
-159,50,
-141,12,
-127,-16,
-77,-60,
-53,-64,
-76,-45,
-70,-25,
7,-36,
-23,-66,
-99,-102,
-37,4,
-43,18,
-65,30,
-95,6,
-144,-4,
-40,4,
-4,-6,
38,2,
-64,-18,
-81,-5,
-19,-35,
29,-6,
31,-59,
6,5,
-33,6,
-140,33,
4,27,
-12,24,
-68,-1,
-86,-35,
-98,-44,
-98,-51,
-10,-29,
31,14,
9,-30,
-33,-16,
-21,5,
-23,-29,
-57,-54,
00>
_________________________________
00>
RX Timestamp: 160864391543
00>
Clock Offset: -3072.167 Hz, 0.385 ppm
00>
RX Timestamp: 161936467200
00>
Clock Offset: -2521.706 Hz, 0.316 ppm
00>
_________________________________
Sequence Number: 102
00>
00>
Printing STS0 CIR
00>
00>
_________________________________
00>
27,19,
10,-28,
-7,-39,
-2,5,
33,33,
-1,-8,
-105,23,
-139,16,
-24,8,
29,1,
62,-19,
38,-46,
12,-15,
25,7,
45,-17,
13,-38,
-29,22,
-49,19,
-49,-13,
15,3,
10,-55,
-23,-21,
2,-31,
2,-17,
-42,-19,
-10,-2,
4,-41,
-58,-19,
-1,18,
-1,27,
26,-13,
-4,45,
-3,-16,
-44,-15,
-14,-24,
3,20,
0,-28,
-3,-76,
43,12,
-2,-8,
-42,-71,
-6,-25,
-15,19,
-5,22,
19,20,
38,-6,
17,29,
2,45,
-18,-22,
10,4,
-5,30,
40,-7,
15,3,
-4,75,
22,-18,
38,-44,
60,-5,
116,-21,
-12,8,
11,-8,
14,-48,
-33,14,
9,29,
9,69,
-30,-10,
-36,-61,
21,22,
1,13,
-8,-13,
12,6,
7,22,
12,-6,
25,50,
25,34,
-3,52,
-1,64,
-4,55,
12,108,
10,47,
9,28,
-28,-40,
-61,-34,
28,75,
70,67,
27,40,
7,-77,
20,-40,
-5,-28,
-52,23,
-56,-66,
-75,9,
-20,14,
1,78,
-27,-36,
7,-28,
10,-93,
7,-18,
38,-18,
69,-79,
90,-8,
68,-45,
79,-51,
99,11,
33,34,
-26,-57,
30,-43,
30,-2,
21,14,
12,-11,
-36,11,
-62,37,
-1,-38,
-32,-45,
22,-50,
30,-40,
14,-8,
18,45,
60,-3,
84,-52,
-1,-8,
-16,65,
-13,0,
-18,1,
9,-23,
36,22,
14,-62,
-9,-34,
-43,-7,
-24,25,
44,36,
11,38,
-6,18,
37,7,
-6,-2,
1,-1,
-26,32,
-35,-17,
4,-44,
41,22,
11,29,
-15,21,
-41,53,
-26,68,
-63,4,
19,-60,
24,-24,
46,-44,
-8,41,
2,54,
39,-55,
82,-50,
64,-3,
6,27,
-13,88,
0,5,
38,-20,
24,-35,
-42,-60,
-31,-51,
-30,-25,
7,-5,
-18,-37,
15,-87,
4,-86,
11,-72,
50,-34,
5,21,
41,27,
51,7,
-11,-11,
-30,63,
13,29,
1,-14,
-1,-41,
16,-71,
-4,-124,
7,-67,
27,-15,
21,-5,
37,2,
32,3,
-22,9,
-8,-19,
-7,-13,
2,-31,
-9,13,
-69,-9,
-1,-130,
16,-65,
17,-101,
-45,-60,
9,-58,
2,16,
10,34,
7,6,
-48,-88,
-13,-67,
-31,-26,
39,-5,
-44,12,
-29,-51,
29,-67,
28,35,
5,11,
-42,-28,
19,-57,
56,19,
36,19,
-49,11,
-41,-4,
-55,20,
-76,42,
-32,-14,
39,52,
46,69,
5,12,
-20,-39,
9,-97,
13,-7,
40,30,
28,-18,
-15,-35,
-5,-54,
-27,7,
-16,-35,
63,-59,
-4,-16,
9,-15,
9,29,
-35,15,
-21,-10,
-17,-3,
-28,-1,
-42,-35,
-17,-14,
-21,25,
27,30,
-2,-25,
10,10,
35,-76,
18,-83,
-10,-17,
20,-53,
47,-1,
22,-61,
-6,-33,
25,-22,
-30,-11,
6,30,
24,99,
31,50,
14,-20,
22,9,
43,-51,
11,-44,
-28,-14,
-20,30,
22,-39,
-21,-18,
-9,-32,
60,-39,
59,-24,
41,3,
69,-47,
55,-6,
10,16,
0,32,
2,-29,
-45,-73,
-43,-47,
12,-30,
59,-3,
21,38,
-32,66,
-5,-12,
72,-10,
-1,16,
-26,-48,
18,5,
25,8,
-2,-3,
76,-18,
27,4,
-18,-46,
-12,-12,
-5,-3,
3,-13,
3,33,
31,-49,
-9,-3,
3,-11,
31,19,
9,8,
52,-14,
14,48,
77,11,
74,-20,
-13,-14,
31,-28,
31,-3,
26,-7,
8,2,
-67,44,
-45,13,
-36,49,
47,-1,
51,-11,
26,16,
69,14,
77,-22,
38,-20,
-17,30,
8,-6,
60,33,
54,10,
-6,-43,
-62,-26,
-31,69,
14,50,
12,-1,
37,-64,
-21,-10,
-50,2,
-51,64,
43,42,
36,-44,
75,11,
-5,1,
6,-15,
0,-45,
11,-27,
45,6,
90,-11,
17,-18,
22,39,
2,76,
-40,-7,
7,-43,
-4,8,
16,77,
15,47,
-85,61,
-70,-28,
-59,-5,
18,-59,
29,-9,
47,-10,
14,-92,
-34,-19,
-51,-14,
-52,-20,
-29,-7,
35,-4,
-36,38,
3,103,
14,178,
368,1013,
1155,4353,
1715,7777,
903,7939,
-669,6384,
-1313,794,
-684,-1524,
212,-1165,
726,-1038,
1157,-1829,
1327,-2052,
927,-869,
-95,755,
-1111,1832,
-1569,1728,
-923,1033,
-74,272,
340,-38,
161,-82,
-76,-111,
-286,-246,
-438,-51,
-516,-55,
-295,-300,
73,-397,
172,-142,
7,350,
-137,307,
-124,-139,
-63,-480,
26,-390,
-62,-236,
-155,-214,
-242,-355,
-161,-58,
-283,7,
-286,-94,
-52,-166,
-1,-118,
-13,21,
-75,49,
-64,52,
-19,44,
-21,118,
-23,223,
-48,260,
-56,237,
5,128,
5,-18,
40,-164,
75,-122,
122,-71,
195,-67,
73,22,
44,-7,
-14,-108,
4,-247,
40,-308,
32,-300,
12,-195,
36,9,
29,54,
137,37,
103,-17,
-5,47,
1,-62,
57,-83,
22,-71,
-68,-187,
-52,-69,
-17,-102,
-12,-191,
-41,-239,
25,-272,
47,-186,
80,-27,
68,-17,
88,-54,
122,-124,
60,-285,
-56,-385,
-88,-360,
-121,-56,
-58,0,
-31,-97,
-3,-216,
22,-241,
67,-155,
18,-27,
-1,-15,
39,0,
59,-111,
17,-173,
-48,-182,
-85,-100,
-49,-102,
-25,-147,
-14,-192,
10,-70,
61,-48,
83,28,
-12,9,
-29,-1,
-22,-109,
-52,-114,
-43,-122,
-27,-90,
-23,-111,
-10,-135,
14,-134,
36,-83,
66,1,
52,-29,
0,-125,
-37,-57,
-22,-32,
20,-82,
2,-92,
-5,-113,
-12,-144,
13,-161,
-2,-101,
-24,-81,
-37,-90,
28,-108,
17,-85,
34,-38,
8,-40,
-21,-45,
-74,-33,
-34,-35,
27,-44,
14,-66,
-48,-72,
-29,-59,
-28,-18,
0,-75,
-18,17,
-27,-22,
27,-48,
33,-55,
20,-83,
84,-1,
31,27,
-3,-72,
-58,-58,
-6,-14,
-14,-30,
-24,-19,
2,-69,
15,-97,
-18,-74,
-5,-80,
-21,17,
46,13,
23,-40,
00>
_________________________________
00>
00>
Printing STS1 CIR
00>
00>
_________________________________
00>
35,36,
48,-14,
-12,-32,
47,58,
78,117,
61,144,
-89,111,
-107,126,
-92,57,
17,-45,
18,-37,
7,-40,
20,41,
17,-13,
65,-58,
44,1,
15,45,
29,16,
-34,-6,
25,-9,
28,15,
-15,-56,
14,34,
7,17,
16,15,
-20,40,
6,18,
-5,-17,
20,-55,
7,7,
-15,68,
37,72,
25,18,
-48,18,
-23,-26,
-29,5,
7,29,
-24,38,
-4,34,
10,33,
4,4,
21,65,
-17,120,
-38,71,
47,49,
35,90,
55,64,
37,26,
-9,-8,
-1,-9,
-9,15,
51,-23,
2,-13,
24,-17,
21,80,
-4,68,
-49,3,
-10,-15,
16,20,
13,97,
64,113,
-1,-4,
-6,-51,
-8,11,
15,13,
27,5,
26,17,
-30,65,
53,-1,
78,-46,
91,-67,
79,-56,
25,-76,
25,36,
-13,18,
-75,49,
29,12,
59,-31,
29,-92,
-13,24,
-1,6,
-30,-12,
-19,9,
22,-39,
28,-20,
-41,-39,
6,3,
17,3,
80,52,
63,66,
7,-29,
-65,-13,
-76,-7,
-66,30,
14,-10,
3,-13,
-15,39,
-14,24,
-3,-13,
12,16,
4,5,
12,-53,
41,-40,
29,-11,
-2,-9,
27,71,
-23,10,
5,9,
25,12,
-33,-31,
8,22,
41,59,
76,20,
57,-7,
-3,15,
-9,5,
24,-9,
32,-16,
11,-21,
-15,28,
-33,13,
-46,10,
-13,-23,
33,7,
49,-46,
23,13,
-44,12,
0,71,
-26,32,
-57,57,
20,-3,
58,-35,
-10,32,
-64,-24,
-20,2,
-35,31,
28,57,
21,5,
-34,-42,
25,30,
61,43,
65,13,
7,-61,
63,-97,
19,-34,
-18,23,
-11,60,
-7,43,
18,21,
-8,45,
-16,34,
16,22,
57,27,
57,19,
-22,16,
-38,23,
4,62,
19,54,
26,9,
61,-6,
61,-30,
72,-18,
43,-8,
-12,-32,
-2,-20,
66,-24,
124,-115,
93,-78,
24,-12,
3,-22,
3,-20,
16,41,
18,-3,
4,7,
-69,-15,
-48,15,
-50,27,
29,1,
78,-28,
13,-17,
19,8,
26,-10,
39,8,
-45,47,
-12,-18,
-8,-3,
34,27,
-6,59,
4,53,
-35,-4,
49,4,
27,59,
32,16,
-36,1,
-50,6,
-26,35,
9,60,
-44,-33,
-32,-23,
-13,-20,
81,13,
14,61,
-28,54,
-11,62,
43,28,
45,-23,
33,3,
9,4,
6,-8,
2,-11,
36,14,
97,5,
16,-15,
-18,-36,
-43,28,
3,26,
20,33,
50,27,
-13,-2,
-49,-8,
-2,-33,
17,-52,
-16,-44,
41,2,
48,2,
62,-32,
-8,-57,
-38,-27,
-34,-29,
67,-59,
29,-60,
34,-22,
-19,15,
-82,43,
-67,32,
18,40,
58,-34,
39,36,
19,-7,
-34,-56,
-15,-14,
-60,-27,
-30,-43,
-6,-33,
44,-4,
31,-66,
19,-64,
24,-43,
13,-16,
22,1,
93,-7,
78,-6,
85,25,
-39,4,
-22,27,
11,39,
20,38,
6,14,
31,-34,
38,-15,
-26,11,
-19,-18,
25,21,
61,35,
54,67,
39,14,
35,-21,
-9,22,
-12,39,
11,73,
12,58,
-39,-24,
-55,52,
7,47,
19,67,
-31,-34,
-44,-23,
1,-8,
22,-48,
63,-61,
74,-33,
74,-22,
-11,32,
-21,20,
38,14,
49,20,
34,-8,
-10,12,
53,16,
45,59,
-3,28,
-50,4,
7,-42,
5,-17,
-28,72,
-42,61,
33,65,
82,68,
53,4,
24,39,
26,83,
62,-20,
29,-33,
13,-1,
13,16,
-38,68,
32,19,
5,-13,
-18,-46,
6,-54,
33,-7,
19,10,
47,56,
-38,61,
-46,31,
0,-20,
-19,10,
42,6,
50,24,
72,6,
53,4,
18,5,
-17,36,
-4,-2,
61,-36,
37,-29,
38,-22,
17,4,
16,32,
4,0,
-4,54,
-45,49,
12,-5,
-7,-17,
-35,35,
-47,14,
7,9,
-31,15,
-24,-35,
-5,-48,
-2,-13,
-59,-4,
0,1,
31,50,
46,-11,
44,5,
81,-41,
78,31,
-19,0,
-18,-18,
8,19,
6,-1,
11,15,
-6,52,
23,50,
215,33,
1409,246,
4464,1532,
6974,3354,
6718,3716,
3728,2397,
-774,215,
-1975,-420,
-987,-290,
-865,-318,
-1897,-803,
-2257,-1440,
-897,-1367,
594,-802,
1276,-534,
1370,-660,
1025,-780,
437,-499,
-131,-188,
-187,77,
-181,82,
-493,54,
-782,209,
-1006,154,
-696,148,
-194,242,
2,327,
-140,349,
-524,256,
-654,137,
-478,-32,
-172,-38,
99,22,
133,-34,
25,-112,
21,-265,
64,-378,
20,-353,
217,-43,
269,101,
142,84,
77,-43,
49,-208,
-17,-213,
-52,-166,
-111,-35,
-165,51,
-120,130,
-127,88,
-81,-29,
-105,-79,
22,-65,
56,-98,
103,-29,
10,70,
-72,119,
-69,108,
-8,44,
-35,16,
-146,73,
-211,136,
-156,182,
9,100,
142,-39,
168,-107,
78,-85,
1,-80,
-25,-35,
-91,4,
-118,-48,
-20,-14,
35,-50,
74,-87,
50,-79,
53,-39,
122,30,
101,133,
58,114,
95,97,
142,-22,
153,-213,
32,-194,
-137,-167,
-68,2,
-60,84,
-88,145,
-117,125,
-133,65,
-115,46,
-94,-12,
-74,-54,
-83,-53,
-76,-35,
-31,-34,
-6,-1,
-74,21,
-152,46,
-85,23,
31,81,
84,45,
-3,59,
-64,28,
-24,-16,
-13,-51,
-48,-30,
28,-64,
49,-66,
61,-107,
-39,-12,
-57,-15,
-3,-22,
36,-7,
35,49,
-15,56,
-24,-41,
60,-75,
63,-6,
-6,6,
-92,26,
-94,36,
-16,44,
-65,47,
-132,42,
-113,27,
-104,-10,
-69,-9,
7,-3,
49,17,
75,-10,
56,-43,
-4,-39,
-15,24,
-9,37,
-69,24,
-71,50,
-112,-1,
-37,13,
-5,105,
23,60,
15,7,
-8,14,
-62,91,
-27,9,
1,-60,
37,-64,
7,-56,
-39,-20,
-15,15,
30,3,
-32,-55,
-25,3,
2,-7,
17,-7,
-15,30,
-18,55,
-71,41,
-118,12,
00>
_________________________________
00>
_________________________________
Sequence Number: 105
00>
00>
Printing STS0 CIR
00>
00>
_________________________________
00>
45,13,
-4,14,
-1,36,
-43,48,
13,86,
55,75,
86,37,
10,16,
-32,-30,
-33,-4,
-6,-6,
-47,-23,
14,-2,
30,-7,
41,-25,
63,-7,
31,10,
-13,-21,
-14,28,
21,72,
76,68,
39,4,
20,38,
19,85,
54,-17,
38,31,
-7,11,
-29,61,
39,46,
19,80,
-33,67,
9,41,
14,30,
23,-10,
34,7,
-9,-22,
-31,-13,
-15,54,
-44,61,
-9,27,
31,30,
23,42,
-51,54,
-40,37,
-11,42,
28,-18,
-30,14,
-28,-11,
-27,-36,
8,-13,
11,-22,
8,-30,
50,73,
97,24,
0,46,
-40,-6,
23,8,
76,-30,
7,-25,
-5,-4,
49,53,
28,89,
12,83,
53,18,
-1,32,
19,15,
-23,14,
-5,-21,
-13,8,
39,14,
78,-61,
27,15,
-37,7,
-32,56,
-6,17,
20,53,
22,55,
11,65,
18,-1,
5,-16,
29,15,
-3,43,
17,31,
21,-32,
22,-7,
-59,-19,
-24,-43,
59,-94,
37,-77,
14,-9,
-43,25,
-51,71,
42,41,
-9,45,
16,30,
9,28,
68,-1,
78,-10,
12,2,
71,64,
67,-50,
114,-8,
48,50,
-18,17,
2,16,
-1,31,
-69,-36,
25,-31,
5,-6,
25,-14,
-9,-41,
6,6,
-25,-55,
-61,54,
-49,97,
-36,43,
-3,14,
14,16,
-34,-24,
-37,-3,
26,-14,
57,-48,
49,-6,
19,50,
24,79,
34,100,
18,-7,
-26,-72,
-2,-11,
-4,28,
44,25,
12,1,
53,-18,
36,3,
-8,-4,
-43,-37,
-15,-22,
15,12,
34,5,
84,-29,
85,-52,
45,3,
-46,83,
-66,29,
4,-10,
37,-35,
6,-41,
22,34,
28,-13,
143,-5,
65,39,
8,41,
-5,-27,
-35,-20,
53,-51,
0,2,
-47,56,
-33,82,
-14,84,
10,42,
48,-51,
19,-44,
16,82,
40,70,
-7,48,
-35,-33,
-4,-51,
25,-72,
-27,-33,
-7,13,
17,44,
24,-32,
84,-59,
65,-24,
44,3,
-7,63,
14,68,
48,-44,
7,-61,
49,-21,
-1,-42,
-11,-45,
-5,1,
24,47,
82,17,
42,-2,
-26,-6,
4,0,
12,-28,
9,-31,
-53,14,
-56,-16,
-12,5,
20,-79,
-20,-74,
-46,-52,
-27,-50,
-44,-4,
-21,-17,
-77,60,
-45,7,
16,21,
82,-14,
35,-46,
31,-7,
31,28,
38,77,
48,-28,
29,15,
24,-56,
-36,37,
-52,42,
-11,-14,
-31,-55,
35,-4,
39,89,
-1,30,
11,-22,
-53,-22,
-89,33,
-35,66,
-9,58,
12,-15,
40,-87,
63,-59,
64,-23,
21,12,
0,49,
12,46,
-17,32,
76,23,
40,37,
41,32,
-11,75,
13,-22,
25,39,
13,21,
34,8,
21,-27,
27,-46,
-53,16,
-18,52,
25,4,
32,-57,
62,54,
-16,-9,
-8,-10,
5,38,
-5,76,
13,16,
41,4,
41,17,
49,21,
-15,-29,
-2,-35,
-53,-95,
-30,-27,
18,-20,
44,64,
-13,5,
-41,-5,
44,23,
2,-6,
64,13,
16,-30,
-2,-2,
9,-24,
-10,20,
23,-22,
10,-65,
-22,1,
-25,22,
9,54,
-60,5,
-34,-33,
1,0,
1,-10,
-38,9,
-63,-29,
-48,-22,
-1,44,
5,54,
16,36,
-31,12,
-33,-41,
-15,-14,
-12,42,
21,-50,
43,-82,
24,-67,
-10,81,
-41,5,
3,-5,
32,-1,
-2,10,
31,-13,
-35,-76,
-39,1,
-15,22,
-14,-7,
-16,18,
-6,25,
-23,22,
41,28,
65,-39,
18,-44,
8,-30,
-31,5,
17,21,
25,17,
45,-47,
36,-6,
10,92,
-40,71,
12,30,
33,13,
-13,-11,
-13,-34,
-42,-6,
-8,55,
-40,10,
-3,-48,
16,-62,
-53,-49,
-90,41,
20,48,
5,16,
-5,0,
-13,-37,
13,-44,
11,-16,
29,46,
-8,48,
-37,53,
-30,33,
22,35,
61,-11,
55,0,
29,-49,
32,-44,
-49,43,
-12,-24,
-26,21,
-38,10,
21,12,
32,-8,
-6,26,
-2,4,
-43,43,
27,21,
27,-4,
17,-9,
8,-48,
22,-17,
182,-519,
1011,-2961,
2782,-6456,
4358,-6873,
5288,-4653,
3461,-109,
789,1996,
-265,847,
132,-794,
1084,-1531,
1476,-1036,
780,-6,
-1,833,
-251,1102,
-154,1249,
-22,1083,
64,558,
109,96,
21,74,
-127,135,
-247,185,
-158,-36,
73,-492,
-4,-671,
-325,-605,
-460,-182,
-419,223,
-166,229,
-107,-72,
-119,-222,
-10,-192,
60,-111,
2,-89,
-150,-10,
-235,66,
-176,7,
-176,76,
-104,245,
-121,319,
-260,155,
-277,115,
-152,128,
39,133,
122,179,
153,253,
115,289,
7,163,
-25,-60,
-43,-31,
0,118,
-76,207,
-148,159,
-168,189,
-168,206,
-178,81,
-237,34,
-211,-42,
-84,15,
44,70,
66,91,
6,138,
-30,114,
-84,70,
-74,38,
-53,1,
-63,3,
-26,68,
-21,100,
29,127,
19,205,
-31,234,
-15,113,
51,11,
150,37,
99,68,
-25,16,
-144,55,
-37,-57,
51,-75,
189,-136,
124,-88,
-28,-7,
-173,15,
-86,-11,
-38,27,
-15,5,
-25,32,
-67,21,
-73,41,
-13,101,
-96,118,
-71,77,
-90,93,
-121,67,
-92,60,
-80,42,
-79,5,
-76,8,
-96,11,
-81,-68,
-117,-32,
-121,35,
-97,30,
-62,7,
-65,17,
-27,116,
-85,112,
-76,72,
-41,120,
9,78,
1,152,
-57,132,
-38,142,
-46,66,
-69,79,
-68,47,
-56,84,
-88,141,
-54,102,
-78,51,
2,-29,
42,57,
18,54,
-10,10,
-51,-50,
-57,31,
-53,65,
-104,20,
-40,20,
-8,81,
43,29,
54,56,
17,83,
2,101,
-54,92,
-107,71,
-102,66,
-38,49,
-31,10,
-34,-9,
-52,76,
-67,88,
-54,73,
-53,123,
-70,99,
-50,82,
-10,26,
48,40,
2,64,
-144,58,
-24,69,
-26,31,
-18,17,
-41,61,
-82,47,
-82,76,
-11,-27,
21,29,
00>
_________________________________
00>
00>
Printing STS1 CIR
00>
00>
_________________________________
00>
13,-10,
7,19,
44,5,
61,83,
83,31,
99,2,
88,81,
73,43,
60,46,
52,0,
52,-21,
62,5,
59,-15,
15,-23,
16,-38,
85,-26,
79,8,
72,27,
-21,54,
5,96,
18,47,
16,4,
26,-13,
13,16,
8,17,
23,21,
-31,68,
-18,83,
42,33,
99,-54,
41,-28,
77,39,
18,-1,
39,24,
79,-82,
82,-102,
103,1,
77,4,
69,-6,
31,0,
51,58,
-16,50,
21,35,
24,21,
48,-49,
14,-78,
57,48,
29,83,
-18,40,
-41,4,
-16,-38,
-17,-42,
36,48,
-8,58,
6,41,
17,-36,
16,-58,
39,-28,
9,-32,
-15,4,
61,7,
44,-4,
39,29,
6,-31,
25,-20,
103,6,
43,-12,
38,21,
1,4,
-113,-4,
-54,56,
-51,61,
-19,20,
30,6,
41,36,
64,0,
69,6,
0,-2,
-36,39,
-3,31,
78,12,
80,-5,
26,-3,
52,22,
11,24,
9,27,
-10,-47,
30,-15,
-4,21,
-19,17,
-25,66,
-8,15,
31,31,
60,12,
58,45,
35,59,
7,70,
16,7,
0,-1,
13,-27,
9,-30,
-11,-33,
45,-39,
19,-8,
36,-6,
10,38,
7,44,
-17,2,
-2,6,
50,55,
48,34,
62,-39,
6,-24,
-19,-10,
-30,97,
24,71,
105,-20,
179,-36,
179,10,
76,29,
-1,49,
-12,-27,
-5,-34,
-28,-1,
34,-10,
66,6,
54,14,
37,-3,
88,-9,
74,60,
90,12,
40,-16,
-4,-9,
19,19,
41,-1,
47,19,
47,-2,
11,-4,
-8,9,
-16,31,
-21,11,
34,-4,
66,-3,
39,-20,
32,9,
24,49,
49,33,
-77,12,
-21,9,
-97,75,
-81,133,
-26,50,
30,-41,
55,-15,
10,54,
-36,73,
28,39,
47,26,
15,10,
-22,33,
-52,19,
11,7,
10,43,
-3,0,
-27,-39,
3,-38,
70,-12,
42,13,
19,1,
34,-54,
-1,-98,
-9,-15,
71,9,
28,-23,
-15,-36,
-18,32,
50,68,
36,77,
43,64,
53,-24,
4,-47,
-20,1,
-37,-53,
-7,-2,
-31,31,
-27,4,
106,33,
40,34,
7,6,
-29,11,
42,-25,
81,-8,
79,20,
25,11,
21,-61,
40,-21,
29,5,
7,-10,
25,-49,
55,-10,
22,63,
18,53,
6,23,
18,55,
33,56,
20,30,
23,-36,
1,-50,
46,-10,
12,-7,
7,21,
-17,36,
-59,-12,
-55,6,
22,-19,
57,-14,
-37,-32,
-7,-8,
-2,3,
22,-9,
1,5,
36,-3,
64,-30,
11,-8,
12,4,
23,63,
40,22,
54,-11,
7,-71,
-6,-48,
78,-1,
80,38,
87,36,
16,14,
72,63,
73,27,
99,71,
42,-24,
-34,-57,
-46,21,
-26,47,
-29,0,
-38,11,
-24,-24,
-41,-9,
-62,16,
-37,10,
52,29,
17,15,
-23,60,
19,82,
89,83,
52,75,
-2,-6,
3,-13,
-7,-37,
23,15,
21,49,
48,21,
7,18,
-23,66,
-28,46,
-22,33,
17,39,
95,-45,
18,-14,
18,-28,
-11,-5,
-22,-18,
11,2,
107,-4,
60,25,
17,9,
-32,11,
-52,-29,
-22,-45,
27,67,
1,34,
-60,-60,
-56,3,
-22,57,
62,23,
57,-67,
76,-50,
86,23,
6,-2,
2,-37,
18,-68,
17,-21,
23,36,
43,44,
77,6,
30,-17,
-2,-40,
-34,-71,
40,41,
-6,80,
-9,32,
45,-95,
76,-33,
78,-27,
49,40,
70,16,
52,14,
-13,59,
-38,61,
-21,52,
8,100,
15,31,
-7,15,
-1,78,
-28,35,
15,-35,
36,-43,
52,-6,
54,16,
53,-31,
32,-12,
-7,-29,
40,-8,
52,-12,
26,19,
32,-8,
33,-14,
49,38,
52,-9,
66,-19,
30,15,
13,8,
7,47,
38,52,
-9,24,
-24,61,
20,40,
-38,22,
-23,19,
39,43,
40,25,
70,-38,
64,-25,
96,19,
92,-14,
-17,-32,
-6,-32,
63,15,
102,45,
87,61,
72,19,
1,-17,
-61,-22,
-55,-19,
18,18,
32,39,
-57,-27,
-644,-490,
-2188,-2288,
-3798,-5415,
-3401,-6631,
-1335,-4871,
1098,-1055,
1266,625,
-236,618,
-2194,169,
-3445,-444,
-2679,-1069,
-674,-992,
684,-503,
602,-286,
-29,-487,
-331,-567,
-133,-225,
53,90,
64,134,
39,62,
173,5,
335,23,
470,128,
451,352,
337,512,
153,370,
-75,55,
49,-74,
45,-73,
45,-64,
158,-12,
260,100,
279,271,
189,307,
33,163,
-5,53,
19,93,
32,223,
22,212,
31,166,
25,129,
107,74,
221,40,
249,25,
230,44,
110,112,
-11,162,
2,147,
164,99,
178,50,
124,92,
68,93,
28,73,
86,-1,
69,-16,
51,-47,
154,23,
149,93,
277,124,
272,70,
191,52,
76,106,
-41,52,
-95,-19,
-49,-5,
62,-32,
87,29,
95,20,
109,-2,
113,54,
116,170,
125,211,
196,200,
184,229,
108,298,
-59,258,
-126,112,
23,67,
168,132,
257,219,
196,159,
112,140,
10,55,
-57,77,
-87,55,
-106,43,
-21,43,
56,-7,
137,-6,
159,-10,
168,120,
41,165,
-83,162,
-47,19,
8,-40,
36,33,
39,61,
4,63,
-1,86,
12,104,
-27,191,
4,130,
96,50,
107,15,
88,92,
84,140,
53,69,
38,9,
9,58,
-29,140,
-19,114,
44,4,
77,30,
109,36,
32,76,
29,34,
-9,187,
-2,156,
13,126,
10,45,
88,10,
90,-2,
111,34,
101,58,
74,68,
95,100,
105,136,
68,69,
49,-10,
49,73,
129,132,
116,54,
102,21,
152,53,
100,66,
90,82,
85,26,
2,39,
-55,13,
9,15,
87,19,
59,32,
20,57,
15,63,
20,61,
39,46,
30,8,
46,-35,
7,10,
3,4,
-16,73,
-30,96,
0,95,
66,111,
94,-2,
11,1,
32,91,
74,33,
00>
_________________________________
00>
RX Timestamp: 300892981537
00>
Clock Offset: -2544.021 Hz, 0.319 ppm
00>
RX Timestamp: 301964443828
00>
Clock Offset: -2023.315 Hz, 0.253 ppm
00>
_________________________________
Sequence Number: 238
00>
00>
Printing STS0 CIR
00>
00>
_________________________________
00>
10,32,
-25,15,
-9,0,
49,-34,
72,-30,
12,-36,
6,-40,
63,-5,
24,30,
-101,30,
-33,-37,
-34,17,
-19,6,
12,0,
-5,-40,
66,-24,
24,-6,
35,-22,
-2,-62,
34,-70,
-30,41,
40,76,
-5,92,
-43,16,
-43,4,
-8,-21,
17,-13,
40,-15,
75,-14,
46,-44,
44,-12,
-6,-10,
-103,-2,
-88,-70,
-70,2,
-52,6,
0,20,
47,18,
-17,51,
-11,60,
-2,42,
-70,28,
-5,-20,
9,26,
12,8,
27,-11,
39,42,
38,21,
51,22,
38,30,
-26,17,
-29,8,
-115,-19,
-8,-62,
36,-35,
8,22,
1,7,
-31,-47,
-27,-17,
18,32,
16,13,
34,29,
60,53,
-16,-10,
-63,32,
17,92,
84,122,
38,66,
45,45,
-1,94,
-6,35,
27,18,
-80,-56,
-42,-21,
3,-52,
-50,-15,
-22,38,
31,3,
-8,37,
-31,48,
-67,83,
-49,26,
-49,-15,
-17,-35,
10,-2,
17,14,
31,-8,
36,-22,
-22,21,
15,15,
42,14,
28,33,
21,-37,
46,-35,
-12,12,
-36,-27,
-26,-6,
-18,-21,
10,-90,
16,-34,
-27,-65,
12,31,
10,4,
-28,-1,
27,-72,
10,6,
12,-45,
-19,4,
45,27,
45,-13,
27,-11,
-7,-8,
4,-59,
17,-73,
-3,20,
14,26,
-20,-19,
-34,-42,
-17,-45,
8,-1,
-7,-8,
-35,0,
-49,65,
-22,41,
-9,8,
-21,-6,
-11,43,
3,28,
-25,-21,
12,9,
15,7,
-25,40,
-5,-1,
3,64,
15,120,
49,133,
-14,2,
30,-68,
41,-35,
-6,-37,
-105,-84,
0,-2,
-42,-2,
5,18,
-12,42,
-17,-46,
-37,47,
17,-24,
47,1,
-26,14,
-41,43,
-42,68,
-18,-7,
-1,22,
1,-12,
-34,8,
-52,-29,
14,-65,
67,-49,
3,19,
-52,24,
-31,1,
-62,28,
-8,-5,
-34,18,
46,72,
24,21,
4,45,
-52,11,
-1,-28,
-56,-19,
-15,24,
2,-16,
78,62,
55,-4,
-24,-42,
-48,-33,
-4,25,
10,20,
41,79,
50,27,
-5,58,
-61,78,
-52,27,
18,-60,
54,-18,
9,-32,
41,-74,
127,0,
118,27,
1,19,
6,-32,
33,-60,
8,-15,
-18,58,
-4,89,
-20,81,
-66,69,
0,46,
3,23,
63,-23,
60,2,
35,13,
-10,-2,
-39,-38,
31,-11,
19,24,
80,-27,
5,0,
-24,11,
-28,13,
-13,9,
-1,56,
3,56,
-11,18,
27,15,
26,-37,
55,-89,
-22,-52,
-17,42,
4,30,
38,-9,
40,-6,
-14,12,
-7,-23,
-6,-87,
-17,-40,
0,-57,
20,-14,
34,29,
-43,29,
-53,-3,
49,66,
-29,68,
20,25,
-24,-40,
55,-50,
25,60,
43,69,
16,34,
16,-33,
-17,-44,
-59,-5,
-5,-21,
63,-70,
50,-58,
-28,-18,
109,-25,
35,-38,
20,54,
-2,-6,
-52,21,
-37,18,
-27,92,
-33,-19,
3,-3,
-35,-25,
10,-18,
16,14,
55,2,
-11,-2,
24,11,
-25,52,
-35,36,
21,-13,
31,26,
23,-3,
24,-35,
-31,36,
20,-3,
56,29,
-1,3,
13,-25,
-42,-4,
-24,-65,
-34,-51,
73,24,
41,73,
-10,29,
-28,-44,
7,-19,
14,10,
-29,13,
-41,-60,
-6,-54,
25,-57,
1,-24,
61,13,
81,22,
23,66,
16,15,
-6,14,
11,-10,
46,-60,
27,-19,
-5,-34,
-6,-47,
-13,-3,
-14,-26,
-17,-28,
28,-62,
53,-21,
23,66,
-7,21,
0,-37,
-61,-38,
-65,28,
10,-44,
21,-25,
6,9,
-7,-4,
-44,40,
-26,71,
-25,52,
-42,46,
-11,-51,
36,-30,
52,-20,
53,-39,
45,33,
27,-2,
54,39,
35,38,
-37,5,
-90,71,
-13,60,
-1,110,
-5,63,
13,-17,
-15,16,
4,26,
20,42,
-30,42,
-6,29,
-39,73,
36,95,
28,25,
-28,23,
-18,34,
-12,66,
-46,-22,
22,-57,
10,-20,
28,0,
44,57,
-28,38,
-65,22,
-89,65,
21,-39,
18,-33,
4,12,
-10,-12,
-22,-15,
-48,46,
-172,192,
-1387,877,
-5089,2340,
-7715,2370,
-7716,1223,
-3880,-722,
281,-1329,
1125,-548,
705,370,
909,767,
1571,1088,
1434,1182,
295,709,
-938,-345,
-1435,-1316,
-1119,-1381,
-492,-603,
-61,116,
160,256,
154,-45,
176,-183,
133,-325,
-18,-556,
51,-546,
305,-297,
341,81,
-24,98,
-364,-89,
-156,-213,
179,-249,
371,-106,
298,-78,
125,-152,
252,-181,
351,-208,
64,-118,
-15,-236,
3,-228,
23,-9,
-1,54,
21,-12,
44,-44,
-26,-114,
-72,-59,
-98,18,
-127,-7,
-159,-66,
-163,24,
-28,-20,
30,-59,
148,-52,
53,88,
53,148,
63,112,
9,60,
39,-2,
116,-60,
213,-23,
235,-22,
199,-80,
47,-54,
-22,86,
9,128,
58,140,
-15,45,
-58,5,
71,-32,
123,56,
91,-5,
86,-57,
30,-98,
32,-75,
91,-47,
131,-52,
201,14,
163,80,
32,101,
12,110,
67,111,
129,50,
230,-24,
309,-90,
278,-58,
113,26,
121,5,
139,-59,
121,-22,
88,41,
22,71,
44,14,
33,-8,
111,-36,
111,40,
99,47,
106,-46,
55,-69,
96,12,
140,-15,
185,21,
38,2,
86,-31,
71,46,
104,5,
103,-77,
137,-104,
102,-49,
64,-8,
101,22,
174,-7,
171,-42,
112,-71,
60,-34,
55,-46,
88,-17,
82,-58,
25,-65,
0,-23,
75,44,
-10,94,
48,57,
126,-41,
115,-92,
36,-2,
69,18,
50,-42,
83,26,
69,36,
-2,61,
68,11,
105,72,
56,29,
50,-35,
42,-5,
124,-85,
99,-10,
62,-2,
32,62,
33,61,
106,61,
76,1,
41,-16,
-5,-44,
-64,19,
2,22,
9,82,
57,-3,
142,-30,
68,27,
36,63,
107,28,
86,8,
51,19,
65,5,
50,8,
63,-20,
52,-63,
34,1,
-8,-15,
00>
_________________________________
00>
00>
Printing STS1 CIR
00>
00>
_________________________________
00>
48,-1,
41,2,
37,30,
-9,-4,
-2,-44,
46,-20,
17,-33,
22,3,
11,62,
11,108,
-22,17,
-9,-1,
-5,19,
-37,83,
-91,31,
-27,-16,
31,-7,
13,-5,
39,-8,
17,32,
86,-40,
50,15,
84,14,
3,56,
-24,36,
37,-4,
1,-42,
1,-15,
12,15,
4,-25,
-2,-81,
68,-34,
47,18,
-17,16,
-6,1,
49,-15,
51,-36,
25,0,
43,26,
32,39,
-43,33,
-20,40,
-23,12,
6,-21,
-6,-28,
7,-77,
27,-34,
-16,-28,
-27,-13,
15,-10,
35,-63,
46,-28,
-2,-4,
-27,6,
-16,17,
-32,39,
-19,-10,
2,-5,
-45,19,
-35,24,
26,24,
42,-35,
-21,-13,
-12,18,
9,87,
46,62,
33,15,
-18,30,
28,45,
43,27,
1,29,
-15,0,
-20,7,
-9,3,
18,10,
41,15,
-44,-13,
-54,-13,
32,-53,
18,9,
37,22,
-27,63,
-73,15,
-46,21,
-16,13,
63,-25,
5,3,
53,20,
95,68,
53,9,
-23,-30,
-18,20,
-6,33,
95,-22,
32,-1,
28,61,
13,30,
-20,-8,
-14,56,
-18,2,
-14,5,
-32,22,
-12,39,
75,41,
84,44,
49,54,
16,10,
19,-2,
40,-31,
-16,4,
-45,-9,
-27,-10,
10,67,
27,48,
55,-4,
12,-44,
-32,-18,
-16,25,
-34,2,
-22,-17,
42,11,
-10,-3,
-11,20,
-14,13,
-2,-9,
-11,-34,
28,-15,
73,-34,
44,14,
-6,72,
12,58,
30,26,
50,26,
39,30,
3,50,
41,2,
29,17,
13,45,
-3,69,
-17,20,
-4,-14,
32,21,
54,-9,
1,-42,
-3,-8,
-40,-47,
0,-50,
42,-37,
56,36,
29,8,
25,45,
-15,-35,
62,12,
81,-12,
31,15,
-39,0,
-47,18,
9,14,
-17,39,
-5,59,
39,-3,
48,-24,
10,-15,
49,-25,
9,-6,
26,-12,
11,9,
-18,61,
21,41,
46,-4,
-2,15,
-5,-5,
26,-51,
25,-20,
13,-58,
26,-43,
45,-7,
-14,2,
2,27,
63,-11,
-2,-42,
-31,-22,
-62,-19,
-3,29,
-14,64,
-23,54,
26,8,
17,29,
32,-46,
2,-15,
27,-9,
22,11,
9,31,
47,13,
35,-13,
20,-56,
-4,-15,
-12,-27,
-6,0,
23,3,
60,-34,
-9,-73,
-31,-58,
23,8,
18,29,
-37,-19,
11,-8,
40,-10,
58,-6,
67,-6,
55,-9,
52,-33,
5,-38,
51,2,
59,85,
23,64,
-21,75,
10,57,
24,55,
31,8,
-1,-27,
51,-28,
44,-5,
34,44,
26,26,
-25,8,
-4,7,
-13,35,
-19,36,
39,59,
52,30,
80,18,
99,17,
14,37,
33,-53,
-3,-25,
-65,34,
-40,14,
-13,17,
-9,49,
-19,59,
-35,75,
-39,46,
-14,56,
59,-16,
99,13,
138,43,
56,18,
21,52,
19,32,
20,94,
5,65,
-36,35,
-1,-63,
20,-46,
25,-50,
17,-33,
28,-29,
57,5,
38,10,
25,18,
65,13,
52,29,
-1,13,
-40,40,
-30,56,
2,-8,
-28,0,
10,-5,
35,-27,
69,-23,
45,-1,
21,-18,
57,-39,
67,-20,
64,9,
30,53,
0,11,
0,-15,
1,-3,
52,69,
24,40,
29,-31,
7,-26,
-21,-10,
2,42,
3,46,
27,17,
72,-19,
53,-62,
45,5,
26,5,
16,-21,
-4,-26,
14,-21,
39,19,
-2,-22,
11,-36,
-17,-17,
-4,-40,
30,-46,
43,-24,
46,-14,
-5,2,
-8,-6,
0,18,
-6,20,
21,73,
-10,80,
25,29,
73,24,
48,3,
-39,-14,
-18,-32,
50,56,
14,14,
37,-34,
69,-58,
26,-11,
30,2,
31,21,
-4,-46,
-19,-14,
-28,55,
-31,22,
-15,10,
35,-29,
65,4,
53,0,
42,15,
11,-9,
-5,16,
19,-25,
39,43,
23,33,
-2,14,
6,13,
33,41,
-15,45,
33,8,
4,47,
-13,17,
-18,-21,
-30,-27,
-24,-34,
17,-37,
2,20,
15,7,
33,14,
44,-57,
2,-31,
-42,7,
-46,-12,
28,7,
119,402,
99,2199,
-71,6092,
-527,7736,
-939,6972,
-876,2424,
-283,-1343,
-50,-1533,
-23,-591,
60,-1067,
371,-2352,
915,-2485,
1045,-1094,
841,288,
766,741,
924,504,
825,112,
415,-85,
93,-207,
-48,-87,
-73,-154,
-259,-418,
-461,-620,
-354,-631,
-240,-238,
-226,96,
-333,243,
-452,56,
-384,-260,
-213,-484,
-26,-364,
54,-94,
-21,71,
3,53,
167,-147,
240,-120,
205,-182,
204,-167,
78,113,
-21,212,
9,75,
83,-66,
143,-84,
259,-158,
182,-83,
31,-33,
-61,-35,
-74,-57,
-59,-59,
96,-107,
192,-119,
164,-16,
92,7,
-53,-35,
-93,3,
-159,26,
-75,30,
12,-42,
-25,-51,
-140,-128,
-187,-104,
-63,-46,
24,7,
103,72,
102,43,
69,-28,
71,-14,
61,-25,
36,-55,
3,-88,
64,21,
70,14,
86,17,
99,-31,
34,60,
-94,162,
-161,190,
-153,157,
-30,102,
141,6,
185,-44,
179,-77,
122,-51,
40,9,
-23,-7,
-61,-66,
-74,-57,
-49,-84,
-32,-41,
-18,-34,
6,-43,
20,-61,
4,-49,
-14,-4,
-15,-31,
-68,-41,
-107,-43,
-86,-25,
-57,17,
-5,-37,
-27,-50,
-8,-106,
-34,-109,
20,-129,
36,-91,
17,-113,
-11,-3,
36,30,
44,-71,
82,-52,
69,-14,
44,48,
-35,-6,
-23,-35,
15,-118,
2,-29,
-86,-11,
-80,56,
-49,-18,
41,-53,
107,-108,
56,-47,
23,-2,
7,-4,
8,-63,
59,-21,
28,5,
10,18,
-18,38,
-46,-24,
-42,-8,
41,0,
13,-22,
-39,-30,
11,-15,
8,-52,
-5,-45,
-60,-28,
-18,-28,
33,-39,
67,-26,
24,-46,
26,-45,
-22,29,
20,-12,
113,-54,
102,-60,
-5,-6,
65,-23,
65,-103,
118,-70,
105,-87,
23,-12,
-21,15,
44,-52,
24,-98,
-16,-46,
8,11,
00>
_________________________________
00>
_________________________________
Sequence Number: 241
00>
00>
Printing STS0 CIR
00>
00>
_________________________________
00>
31,23,
28,47,
-12,55,
-80,-26,
-13,-35,
36,-61,
87,36,
54,101,
7,60,
-21,-22,
7,-105,
13,-44,
25,4,
45,-13,
0,16,
-5,52,
36,33,
83,50,
65,47,
19,-37,
115,48,
39,68,
-17,59,
-40,-17,
-31,-8,
-23,52,
13,51,
19,40,
-19,51,
26,44,
64,24,
57,35,
68,44,
27,5,
28,-23,
27,-35,
26,50,
49,-58,
-1,-28,
-13,9,
-20,17,
-51,-26,
-30,-9,
21,-48,
84,-16,
74,-6,
72,-11,
35,-101,
3,-92,
-25,17,
47,66,
-14,3,
-9,27,
17,26,
70,68,
-31,-14,
6,-14,
-42,-54,
17,19,
63,-28,
59,-49,
-13,-8,
27,-40,
55,24,
18,22,
43,33,
17,43,
31,-8,
32,-41,
26,13,
16,-2,
-3,-15,
-9,18,
-41,46,
35,-47,
49,-41,
3,-10,
-19,-20,
-10,56,
-54,-12,
-26,1,
-22,34,
14,17,
-25,-5,
11,24,
-21,-35,
17,5,
-21,9,
-3,1,
-1,-5,
41,17,
18,31,
-22,51,
9,11,
78,33,
58,66,
-14,44,
-13,64,
-69,39,
-10,-3,
16,-58,
109,-21,
54,11,
-24,33,
-68,-10,
-79,-64,
-7,-91,
67,-59,
6,-36,
-36,-45,
-54,81,
-15,20,
6,50,
37,-39,
12,-36,
6,-34,
41,71,
-20,78,
-33,-28,
-8,-58,
4,17,
78,38,
35,19,
48,-43,
7,10,
46,-5,
11,12,
23,0,
30,-13,
-17,-6,
20,-5,
-23,-20,
-69,-33,
-34,-6,
-6,-27,
35,-11,
56,-52,
30,-21,
66,32,
26,10,
-21,0,
-4,-57,
53,-42,
8,5,
45,7,
67,11,
30,12,
106,88,
76,99,
-9,-28,
-31,-90,
-18,-28,
66,-6,
3,70,
-43,31,
-16,-26,
46,-38,
-5,-29,
1,46,
-26,16,
49,29,
23,54,
81,-6,
73,42,
44,92,
51,19,
71,21,
24,-31,
6,-41,
2,1,
2,0,
-23,-18,
-12,-19,
-7,70,
-27,62,
-4,1,
5,-14,
9,-76,
-7,-26,
-1,76,
32,82,
49,45,
-28,33,
3,-11,
-68,8,
0,17,
5,57,
50,3,
21,67,
0,11,
-32,17,
2,27,
5,33,
56,28,
30,-29,
60,17,
-46,78,
-95,23,
-110,12,
-29,-6,
11,21,
-1,-14,
-33,40,
11,10,
36,7,
13,20,
-1,-11,
-17,-47,
21,-10,
-20,-16,
-69,-76,
-12,-59,
-31,-90,
-29,-68,
-40,-3,
-18,-14,
-75,-35,
-45,17,
13,68,
-10,-19,
-56,-14,
-49,32,
-12,48,
-21,-2,
-34,7,
-34,52,
15,47,
127,3,
63,-28,
32,-4,
17,2,
44,-47,
22,-32,
11,-32,
16,-3,
-4,35,
-4,-23,
22,-15,
30,-27,
34,-41,
12,-35,
46,74,
12,74,
16,42,
34,11,
33,39,
-12,75,
-32,-74,
-85,-48,
-64,-34,
-18,49,
-41,58,
43,32,
78,-16,
55,-54,
-22,11,
-21,3,
-24,3,
26,-68,
29,-31,
-41,-56,
-55,36,
-10,-13,
-15,45,
45,11,
26,-39,
6,9,
14,6,
-19,-90,
7,-57,
2,47,
-10,40,
38,-11,
-27,-8,
1,42,
26,39,
-3,41,
3,-7,
11,-59,
-4,-5,
22,-2,
40,19,
37,-16,
12,22,
63,11,
25,-2,
-43,-22,
-34,9,
-55,5,
46,36,
35,-29,
-11,-29,
24,-50,
43,-66,
45,27,
54,-35,
21,-27,
-22,10,
0,-56,
-3,-11,
5,13,
-9,-7,
12,35,
43,51,
30,9,
8,-27,
-14,-141,
-4,-91,
-33,-79,
16,45,
22,-22,
-4,-40,
-65,-21,
-56,-7,
-34,1,
-25,-7,
37,11,
34,31,
-19,30,
-29,-40,
-9,24,
12,18,
2,31,
15,69,
-4,46,
-6,-7,
-31,-15,
-52,-32,
-20,-28,
28,27,
99,31,
87,7,
14,46,
41,11,
45,4,
1,3,
4,-60,
-39,-4,
-114,16,
-14,1,
83,27,
125,46,
28,48,
61,36,
29,33,
18,33,
-47,40,
-38,55,
23,19,
-19,15,
13,-18,
35,6,
62,-133,
490,-942,
2413,-3456,
5299,-5276,
6568,-4172,
5401,-715,
1913,2202,
-67,1834,
-206,1,
744,-957,
1562,-713,
1284,72,
400,565,
-176,719,
-289,1013,
-147,1148,
-14,768,
77,233,
91,-15,
-105,45,
-239,94,
-384,87,
-61,-236,
123,-471,
-45,-734,
-361,-658,
-593,-205,
-423,85,
-152,52,
2,-144,
-1,-255,
3,-187,
20,-115,
-33,-52,
-159,-40,
-235,-89,
-129,-22,
-177,87,
-175,186,
-360,113,
-335,-20,
-254,-5,
-85,149,
27,153,
67,285,
57,298,
18,241,
-54,75,
-61,-54,
-80,-30,
-167,63,
-262,40,
-171,67,
-169,191,
-183,59,
-184,-32,
-199,-63,
-128,-104,
9,-69,
50,9,
32,172,
-24,174,
-80,29,
-116,-113,
-96,-165,
-77,-131,
-98,-21,
-3,105,
48,146,
-13,233,
-138,135,
-145,174,
-55,97,
132,85,
118,124,
-45,80,
-138,-11,
-203,-34,
-67,-33,
111,42,
169,16,
103,-78,
-33,-43,
-139,-10,
-52,65,
38,41,
68,-21,
-23,18,
-5,97,
-51,105,
-103,114,
-77,109,
-80,98,
-97,65,
-51,8,
-116,-11,
-115,-18,
-134,30,
-228,25,
-162,-17,
-144,-65,
-128,-37,
-117,-54,
-113,22,
-79,38,
-21,-17,
-102,-39,
-36,-20,
-7,14,
27,73,
10,99,
-18,53,
-9,53,
-131,42,
-183,-91,
-126,-8,
-56,69,
-96,125,
-81,-38,
-117,-36,
-72,-15,
-69,37,
-47,-7,
-27,-45,
-29,3,
-49,27,
-64,19,
-68,53,
-43,1,
-36,65,
-91,35,
-91,4,
-107,-79,
-76,3,
-6,79,
-21,-52,
-46,-66,
-29,-70,
-46,0,
-88,37,
-59,81,
-87,19,
-62,12,
-48,11,
-64,42,
-77,51,
-128,28,
-48,19,
-22,17,
16,-37,
-14,21,
-20,51,
-26,48,
-28,31,
-8,36,
-5,-17,
-14,-76,
9,-53,
-32,-43,
-24,-5,
00>
_________________________________
00>
00>
Printing STS1 CIR
00>
00>
_________________________________
00>
-20,31,
28,34,
110,13,
67,0,
17,32,
-14,-2,
8,21,
-32,60,
5,71,
18,49,
47,-21,
51,-89,
-9,-50,
-36,0,
18,-1,
30,43,
25,70,
-20,97,
-5,34,
34,14,
51,33,
21,70,
64,99,
25,62,
39,53,
3,-1,
32,-46,
-23,-51,
49,-49,
-11,-43,
-42,-7,
-12,-17,
-44,4,
7,77,
-32,45,
-47,46,
-79,50,
2,70,
18,-6,
0,19,
19,56,
19,135,
26,87,
4,69,
11,-45,
2,-39,
17,-43,
1,-13,
42,22,
22,-5,
7,-15,
4,-52,
14,-78,
-42,32,
24,24,
28,29,
9,18,
-22,15,
-65,-8,
-60,-14,
-59,-7,
-31,-2,
-56,4,
-23,-21,
0,-38,
8,-56,
44,-15,
-21,86,
-27,67,
-57,53,
-12,50,
-35,6,
42,7,
32,28,
-38,65,
-18,17,
44,-4,
12,-38,
13,-22,
44,68,
50,37,
49,37,
51,9,
27,7,
77,-28,
74,3,
73,-33,
62,-19,
2,-17,
-20,-11,
52,-13,
107,-12,
53,7,
-22,15,
-40,-52,
28,-22,
43,23,
-9,92,
-39,71,
-48,12,
25,31,
67,68,
21,39,
-9,5,
1,39,
13,-13,
4,-19,
6,8,
14,-2,
14,1,
-7,22,
-13,39,
-7,90,
-10,75,
64,72,
54,4,
36,35,
96,46,
15,-17,
-48,21,
-47,39,
92,27,
69,29,
19,-33,
-17,-14,
18,13,
14,24,
43,29,
31,40,
5,11,
-83,-23,
-73,57,
-27,43,
-24,19,
-71,17,
-9,4,
11,27,
-20,66,
-31,100,
-20,71,
36,35,
6,69,
19,98,
27,59,
10,19,
24,3,
-24,34,
-5,23,
59,15,
-22,2,
-24,-2,
0,9,
22,7,
77,40,
78,26,
-6,35,
-25,-32,
-46,-5,
-21,-9,
18,50,
-13,83,
3,101,
-1,78,
49,-2,
17,5,
18,21,
1,49,
26,25,
17,26,
-14,-20,
-26,-35,
62,40,
53,54,
50,61,
54,27,
17,17,
-30,42,
7,71,
4,72,
-27,37,
-1,-27,
47,16,
27,-11,
-1,-15,
32,39,
40,68,
23,84,
9,18,
15,-4,
-37,23,
-37,49,
3,21,
11,44,
4,-51,
62,-31,
53,-65,
119,-23,
46,0,
-22,33,
8,-17,
-12,57,
22,114,
2,108,
27,48,
67,40,
-15,79,
25,84,
34,33,
70,12,
15,15,
30,12,
68,-29,
61,-28,
23,31,
-38,27,
4,14,
5,46,
27,47,
-9,22,
-7,38,
-17,35,
41,25,
66,66,
25,24,
-26,24,
-21,-12,
10,-32,
63,-57,
77,-38,
-14,21,
-8,67,
-14,64,
29,-14,
-2,-14,
-45,51,
-35,46,
-33,17,
-24,-6,
-12,40,
-7,38,
6,52,
-11,37,
-50,-47,
-16,-33,
-24,9,
4,33,
3,34,
38,27,
57,61,
37,21,
-16,92,
-28,121,
-5,83,
12,31,
31,13,
63,54,
23,8,
51,18,
44,-10,
14,9,
16,25,
14,68,
-8,47,
27,83,
33,61,
45,27,
-7,33,
-27,17,
-22,35,
33,-30,
16,-62,
20,-74,
20,-19,
3,38,
-18,52,
6,0,
65,19,
30,-7,
53,-21,
57,29,
50,-37,
-9,-86,
4,-27,
34,4,
40,12,
27,-8,
50,-22,
28,-30,
7,3,
24,35,
22,32,
47,-4,
57,-19,
22,-70,
1,13,
-29,58,
34,30,
6,-11,
-4,-11,
29,-3,
64,-2,
57,27,
43,30,
66,30,
47,7,
64,28,
59,-26,
56,4,
-5,-6,
28,37,
-48,-34,
-8,-21,
3,-71,
92,-45,
58,-24,
37,10,
51,14,
61,47,
20,107,
3,63,
-6,58,
39,-20,
41,11,
1,24,
-21,5,
-27,22,
-42,67,
10,83,
-26,59,
-97,43,
-36,45,
27,34,
53,-31,
-1,24,
-40,22,
-39,2,
16,13,
67,5,
-29,-12,
-23,-17,
27,5,
59,121,
24,27,
-23,-7,
62,63,
-24,81,
-34,45,
29,-42,
-14,-14,
21,9,
30,4,
4,-54,
-186,-135,
-1068,-882,
-3196,-3243,
-4756,-5634,
-3903,-5874,
-931,-3596,
1051,-593,
795,526,
-710,532,
-2397,367,
-3108,-169,
-1911,-884,
-181,-959,
570,-656,
238,-607,
-257,-727,
-293,-472,
-75,-28,
131,185,
68,69,
63,5,
54,-94,
285,-55,
421,217,
441,419,
348,537,
80,275,
-53,-34,
16,-121,
83,-155,
43,-8,
125,123,
225,236,
183,318,
95,259,
35,-12,
59,0,
57,136,
81,330,
70,260,
56,102,
88,10,
76,-37,
151,-64,
193,-13,
96,58,
53,166,
-12,209,
52,193,
122,111,
136,88,
131,37,
157,42,
131,54,
110,14,
68,-53,
28,-11,
98,37,
189,21,
250,-28,
198,14,
66,122,
-33,130,
-66,137,
-28,36,
-49,10,
31,-51,
67,42,
109,37,
160,59,
125,97,
179,242,
178,235,
247,193,
181,263,
45,319,
-41,339,
-22,211,
65,150,
114,109,
144,230,
157,175,
132,54,
7,-77,
14,8,
25,35,
42,62,
44,70,
24,85,
81,30,
133,15,
150,48,
67,124,
21,100,
-16,65,
57,24,
41,35,
89,51,
97,-2,
80,46,
76,47,
75,65,
30,-1,
39,18,
78,26,
91,98,
73,108,
12,136,
-21,121,
45,136,
48,147,
58,96,
45,87,
27,127,
23,92,
31,11,
66,52,
121,148,
35,151,
37,90,
90,16,
104,-52,
207,-12,
104,41,
22,74,
9,82,
63,131,
76,131,
68,108,
17,76,
12,110,
93,32,
116,26,
139,45,
101,31,
53,4,
92,-43,
53,35,
-3,86,
4,135,
64,117,
94,95,
68,90,
-58,102,
1,66,
61,-1,
137,54,
55,14,
35,-7,
20,45,
67,61,
80,118,
36,39,
24,64,
19,28,
65,47,
77,15,
65,-41,
17,48,
47,109,
00>
_________________________________
00>
RX Timestamp: 440927081015
00>
Clock Offset: -3258.133 Hz, 0.408 ppm
00>
RX Timestamp: 441997880260
00>
Clock Offset: -3001.499 Hz, 0.376 ppm
00>
_________________________________
Sequence Number: 118
00>
00>
Printing STS0 CIR
00>
00>
_________________________________
00>
-137,50,
-51,53,
24,13,
20,-21,
25,-17,
35,-2,
-39,10,
-19,10,
-30,24,
29,-11,
14,-22,
31,72,
-23,71,
7,-110,
14,-62,
31,8,
-13,-46,
-20,-46,
7,-36,
-16,-27,
-34,42,
25,67,
44,-4,
12,-30,
-64,-26,
-6,50,
17,-38,
31,-104,
55,-103,
20,-2,
11,-15,
-26,26,
21,10,
4,58,
28,-14,
-8,14,
-41,66,
42,135,
-18,104,
-15,21,
-4,52,
-43,34,
-82,91,
-67,86,
17,10,
-30,10,
53,27,
41,55,
11,14,
29,-66,
9,-25,
-34,4,
-20,25,
-33,30,
32,-11,
57,27,
35,97,
-25,45,
-42,27,
-60,-23,
-18,-19,
-86,-11,
-15,25,
27,-9,
28,61,
13,33,
12,6,
68,-9,
53,16,
13,54,
33,-24,
89,-128,
-9,-66,
22,-3,
-19,45,
58,-1,
20,-38,
-15,14,
17,58,
61,127,
58,79,
-1,4,
-43,-28,
4,-50,
28,-7,
42,3,
27,-50,
11,-49,
2,-21,
32,-19,
91,-13,
-31,-22,
15,-13,
19,-17,
-10,38,
-64,2,
-62,-5,
-81,20,
-28,-32,
-6,20,
26,26,
62,-19,
59,-33,
-28,-56,
37,-114,
19,-24,
-11,51,
-22,47,
-41,42,
-42,-21,
-4,2,
8,35,
-53,-15,
-39,36,
-19,45,
21,-59,
-16,-67,
0,-39,
-10,-63,
-22,-14,
-7,105,
-35,13,
36,11,
-18,6,
-2,-3,
-10,-10,
-40,-10,
-17,16,
23,-14,
42,-56,
-32,-5,
2,-9,
9,-32,
4,-35,
-22,16,
-20,-67,
-37,-16,
39,-18,
35,-41,
32,-31,
20,-10,
-26,48,
-36,-10,
-57,-83,
-70,-92,
-17,-7,
-8,-36,
-3,10,
37,19,
-48,50,
9,-13,
-15,5,
50,15,
-2,11,
9,9,
14,-46,
-17,5,
-10,29,
-27,50,
39,-40,
-3,-11,
-22,-46,
-27,31,
30,38,
47,51,
38,0,
1,34,
37,-1,
18,-31,
53,-23,
29,-39,
-11,-7,
-53,81,
6,70,
-32,86,
-70,26,
-74,43,
-68,35,
33,39,
-23,37,
6,-48,
64,-79,
5,-48,
-8,67,
-38,89,
29,-18,
52,-24,
-19,21,
-30,-10,
-31,31,
-51,24,
-47,20,
26,-26,
6,1,
-5,21,
-48,41,
40,3,
6,-14,
5,-17,
-2,17,
30,-29,
21,-21,
44,23,
33,29,
15,9,
-75,-7,
-36,-22,
49,-27,
60,34,
-8,57,
-1,8,
0,-105,
92,-125,
-37,-3,
-40,73,
4,48,
40,20,
-42,90,
-111,99,
-33,14,
-14,-82,
58,-38,
70,-23,
44,82,
-6,15,
-47,-17,
-44,-4,
-13,-39,
-6,-42,
-19,-44,
-29,-29,
-29,48,
38,79,
42,15,
41,-15,
28,-82,
44,-8,
24,-34,
11,-46,
36,20,
29,13,
47,-23,
-46,-26,
30,-9,
37,58,
-11,-11,
-55,-13,
-12,-20,
-23,-6,
-43,-5,
-52,35,
20,6,
112,19,
9,33,
-27,54,
2,23,
20,20,
25,36,
-15,12,
-8,43,
-14,-23,
-34,-73,
-16,-33,
38,-8,
68,-39,
54,-43,
30,10,
12,-19,
48,43,
35,65,
1,-18,
-40,-60,
-36,-39,
-50,20,
-81,31,
-77,-55,
-10,-50,
-25,37,
1,11,
29,-20,
29,-23,
3,20,
-21,10,
62,54,
58,-6,
4,40,
13,48,
-44,-25,
-53,-44,
58,-22,
34,-19,
-6,-57,
10,-7,
40,116,
67,99,
69,-10,
-46,24,
-20,5,
9,48,
-37,86,
-55,-54,
-55,-57,
-25,-10,
3,6,
-12,47,
-24,6,
-39,-37,
-32,-81,
-11,-83,
-17,-115,
-45,-64,
-25,-22,
-80,-85,
-12,-24,
10,3,
36,-25,
-18,66,
-27,0,
-3,-11,
27,-57,
-24,2,
-22,10,
62,-9,
29,26,
32,29,
41,37,
-30,-83,
16,-123,
-32,-22,
-5,11,
10,9,
-29,-9,
52,-49,
39,2,
49,32,
41,-2,
21,-88,
-4,-21,
17,-15,
7,-74,
5,-25,
-9,-78,
5,27,
-13,12,
-27,14,
-91,40,
-51,63,
-34,7,
51,14,
62,49,
40,39,
4,4,
-13,14,
-26,-5,
-1,-8,
-22,46,
23,-4,
-52,-77,
-106,-144,
-796,-841,
-3038,-3533,
-4985,-6271,
-4410,-7000,
-1775,-5809,
968,-1180,
1098,1021,
93,1042,
-363,1216,
-363,2065,
-502,2362,
-490,1158,
-166,-712,
495,-2077,
823,-2237,
543,-1338,
-61,-235,
-399,237,
-117,156,
159,19,
333,-5,
359,-263,
528,-181,
443,280,
205,492,
-63,153,
-101,-444,
41,-448,
192,62,
188,434,
88,343,
134,108,
230,89,
347,215,
220,41,
326,-97,
313,-142,
39,-72,
-52,57,
3,52,
79,-24,
62,-45,
-33,-24,
-107,-71,
-97,-142,
-46,-251,
-16,-236,
-50,-124,
4,26,
53,122,
-44,132,
-91,94,
-82,108,
-55,75,
35,2,
66,50,
123,161,
156,214,
108,220,
83,5,
-58,-23,
-63,-9,
-6,48,
-34,42,
76,24,
41,41,
26,48,
38,51,
97,55,
116,23,
75,72,
127,128,
140,167,
100,264,
-50,205,
-108,87,
-83,81,
-88,212,
-28,269,
127,296,
237,196,
275,198,
70,7,
111,-25,
166,87,
76,144,
10,115,
-19,49,
33,9,
30,-20,
8,13,
14,71,
29,150,
36,157,
67,152,
43,207,
60,154,
83,186,
71,92,
69,5,
82,9,
113,-7,
74,62,
19,95,
-24,146,
27,116,
53,135,
84,139,
98,169,
2,127,
-40,60,
34,15,
11,48,
33,48,
10,-7,
56,-48,
79,10,
105,50,
40,86,
27,134,
69,162,
50,170,
109,82,
138,59,
85,61,
-46,-3,
-65,7,
-68,25,
12,29,
16,58,
45,6,
-51,-8,
10,49,
82,92,
91,66,
57,61,
-59,42,
-54,25,
-7,-6,
13,79,
30,107,
73,36,
10,-33,
-14,-13,
16,11,
-15,17,
-13,14,
-6,57,
23,153,
-15,89,
22,53,
57,74,
4,102,
00>
_________________________________
00>
00>
Printing STS1 CIR
00>
00>
_________________________________
00>
7,-12,
61,19,
45,-10,
-6,-26,
-30,-53,
45,9,
95,22,
59,28,
15,21,
19,88,
-4,47,
1,34,
7,-45,
14,-19,
-66,16,
2,30,
-33,-2,
-17,28,
7,23,
5,77,
53,75,
-1,58,
20,15,
42,55,
27,8,
29,-33,
59,-46,
31,27,
98,41,
29,12,
7,-56,
7,28,
69,60,
28,83,
4,0,
-55,5,
-5,-36,
45,-28,
46,13,
63,2,
64,4,
56,-42,
67,7,
11,5,
50,11,
52,-9,
49,-23,
26,32,
27,28,
12,18,
12,25,
28,35,
75,18,
80,38,
15,30,
29,6,
-67,9,
39,29,
13,34,
12,41,
0,37,
34,24,
-25,24,
-46,36,
30,-49,
13,-59,
-16,13,
-55,44,
-21,-26,
0,-14,
11,1,
-13,27,
-28,8,
-18,-25,
-11,13,
14,15,
4,37,
-25,-7,
9,7,
7,-6,
33,52,
65,45,
38,11,
16,10,
-28,-28,
41,22,
43,-46,
56,20,
51,10,
-36,8,
16,-25,
-4,-23,
-41,44,
25,17,
33,-28,
-39,-59,
-55,-5,
38,42,
33,-24,
-9,50,
-19,69,
39,8,
31,-73,
40,-17,
-10,36,
-9,37,
21,33,
20,55,
-4,22,
44,12,
39,-19,
-7,-35,
11,-44,
-80,7,
-55,51,
-31,-17,
-20,48,
-35,67,
-26,53,
-56,30,
-18,21,
2,34,
18,23,
70,0,
5,-11,
2,-35,
26,-27,
56,69,
66,38,
15,7,
-24,22,
-51,10,
-50,82,
44,37,
55,-35,
74,-17,
70,-2,
22,48,
41,96,
-7,56,
-18,72,
18,38,
43,-12,
30,-22,
4,-1,
-3,12,
4,5,
5,-43,
-28,5,
6,28,
41,40,
17,-11,
-41,12,
-40,5,
-4,-2,
87,0,
80,-24,
-33,0,
-34,26,
8,32,
22,22,
58,33,
46,-4,
22,32,
-17,25,
-66,84,
-58,39,
-4,40,
50,10,
46,25,
25,29,
-24,38,
-22,45,
-34,46,
9,30,
64,-14,
0,28,
54,74,
53,22,
-13,-19,
-32,-5,
-15,-4,
47,19,
38,33,
10,-18,
-38,-24,
-7,19,
14,-10,
-8,11,
-5,16,
11,-20,
44,-9,
11,60,
20,33,
-17,-76,
11,-59,
51,-4,
41,27,
-3,-1,
-17,6,
-67,27,
19,42,
57,-25,
89,2,
2,49,
20,72,
-23,37,
17,2,
-22,20,
1,69,
51,25,
105,1,
66,-65,
17,-21,
-7,18,
16,9,
-19,14,
-27,81,
-6,101,
-11,86,
40,7,
14,-42,
-22,-16,
42,-28,
44,-78,
-35,-82,
-29,-57,
-8,30,
30,4,
50,15,
82,-27,
22,-31,
-27,3,
-35,7,
-50,69,
-29,85,
62,-52,
70,-1,
48,18,
24,68,
46,-18,
4,-53,
14,20,
49,-6,
6,-85,
-25,-25,
-14,9,
12,62,
4,11,
-4,-17,
28,12,
-2,53,
22,-19,
11,-33,
48,-96,
18,14,
-1,74,
33,81,
72,-37,
8,-31,
44,48,
-12,57,
-33,41,
-14,18,
7,1,
12,10,
64,-2,
98,22,
89,5,
71,60,
26,2,
-5,-24,
35,-75,
20,-36,
69,-20,
36,-75,
0,-107,
23,-81,
8,-39,
30,-29,
-9,28,
2,5,
19,36,
18,53,
55,90,
83,53,
36,37,
27,-4,
14,4,
35,-58,
69,-28,
-11,14,
-33,73,
-3,68,
30,55,
56,6,
53,-2,
33,-11,
14,-8,
76,35,
74,20,
1,-12,
-13,60,
22,46,
24,38,
10,38,
-10,31,
-32,16,
-13,40,
-32,46,
-52,37,
-21,-23,
70,-7,
26,12,
34,9,
63,25,
9,-6,
-5,2,
28,44,
-19,100,
-50,69,
-51,40,
-22,71,
59,66,
53,-3,
23,-8,
6,-20,
-50,-28,
18,33,
50,-44,
103,-47,
122,-21,
80,25,
-5,23,
-54,-26,
-36,-27,
-17,11,
12,33,
-5,20,
-39,43,
0,27,
-11,7,
-15,5,
-18,-11,
0,-67,
-7,34,
25,87,
20,90,
-13,3,
-34,-43,
-8,-12,
21,-6,
41,-17,
59,40,
22,60,
-3,5,
45,-15,
66,20,
-165,117,
-1641,470,
-5152,902,
-7706,689,
-7455,199,
-4168,-280,
843,-655,
1933,-561,
880,-202,
928,-111,
2245,-111,
2806,262,
1530,744,
-150,944,
-904,1030,
-909,1243,
-581,1138,
-112,590,
212,121,
142,17,
113,10,
433,-158,
724,-513,
895,-578,
513,-493,
-48,-251,
-242,-259,
14,-458,
414,-502,
562,-384,
497,-228,
294,-73,
17,19,
-67,70,
80,64,
146,137,
144,210,
258,241,
-170,177,
-300,105,
-150,32,
-11,86,
61,189,
100,285,
123,187,
143,40,
104,-123,
24,-63,
63,-11,
128,55,
83,115,
-3,119,
31,144,
100,91,
37,-50,
12,-124,
8,-89,
92,-18,
131,10,
167,-69,
142,-234,
95,-200,
-62,-57,
-28,86,
-17,127,
11,106,
-4,93,
1,102,
29,101,
157,89,
99,94,
42,71,
-26,134,
-55,117,
-24,85,
-79,23,
-112,-36,
-63,-78,
-87,-63,
-88,123,
-67,260,
60,217,
214,81,
87,-67,
28,-125,
79,-101,
82,-68,
81,-79,
170,-66,
198,-22,
145,11,
99,45,
62,49,
49,102,
74,24,
83,-57,
69,-92,
28,-46,
-15,17,
-6,-21,
44,-25,
109,-45,
122,-55,
102,-28,
67,27,
65,-11,
50,22,
54,-3,
109,60,
74,74,
23,68,
12,67,
12,47,
3,-13,
79,20,
28,13,
10,-17,
46,-46,
77,-26,
131,-39,
86,-32,
89,50,
59,18,
46,-23,
10,-121,
69,-103,
113,8,
-13,59,
-37,54,
49,7,
128,-7,
48,29,
24,85,
59,47,
74,1,
32,36,
42,19,
59,-61,
37,-74,
54,-79,
63,-54,
85,-38,
54,41,
8,2,
26,12,
71,-7,
81,13,
37,11,
43,-7,
94,15,
154,-46,
94,-14,
0,9,
-21,78,
00>
_________________________________
00>
_________________________________
Sequence Number: 121
00>
00>
Printing STS0 CIR
00>
00>
_________________________________
00>
13,6,
-38,-22,
-34,-29,
3,48,
14,44,
33,-28,
-27,9,
-24,11,
0,-24,
-31,3,
15,7,
28,13,
31,5,
38,-28,
5,-16,
40,9,
69,-16,
27,19,
-33,1,
39,1,
27,-5,
-25,-4,
-6,14,
6,-34,
-17,-21,
37,-68,
76,-63,
33,-90,
-54,-27,
-35,25,
23,21,
43,-54,
-27,-64,
-41,17,
48,30,
54,13,
8,10,
21,98,
9,-12,
-66,-11,
-33,61,
-25,46,
21,30,
39,-8,
45,-76,
13,14,
-32,21,
-8,-27,
68,4,
71,-17,
71,-21,
31,-46,
5,-36,
-9,4,
-82,12,
-15,18,
-21,51,
62,79,
25,33,
43,2,
-27,-63,
-38,-32,
32,38,
49,51,
53,54,
9,42,
73,58,
78,114,
15,61,
-36,-52,
8,-54,
103,18,
28,20,
-2,73,
-87,37,
-69,17,
-112,33,
-34,0,
15,-46,
-18,-36,
-11,-8,
-27,1,
11,-31,
24,-62,
41,-27,
-6,-26,
0,-21,
-75,-102,
-39,-133,
-7,-82,
18,-17,
71,21,
19,-68,
16,45,
-31,-10,
-16,13,
-8,6,
4,-78,
68,28,
27,46,
-33,35,
-41,8,
3,-9,
-27,1,
-5,-82,
-56,26,
19,-27,
0,-27,
12,-68,
15,9,
-2,74,
-17,117,
18,25,
-42,-19,
-27,-64,
21,-51,
83,-86,
28,-8,
-3,16,
24,50,
8,19,
16,21,
-6,62,
-22,61,
-22,17,
-4,-60,
-27,-13,
-41,-19,
-58,-2,
-50,-1,
44,-34,
66,-42,
51,-3,
43,18,
27,26,
17,76,
33,-20,
80,-13,
62,14,
-13,5,
-1,39,
-23,63,
63,29,
65,37,
8,66,
-39,64,
-28,73,
-18,15,
8,-13,
13,-58,
-26,-24,
-5,1,
-22,-74,
-68,-49,
-53,27,
5,69,
6,-28,
5,31,
0,-20,
-24,-32,
49,30,
61,6,
56,17,
53,7,
20,-11,
-7,-45,
25,-31,
9,-24,
-37,-33,
13,15,
-28,1,
-25,30,
14,-24,
15,-14,
51,20,
32,40,
0,73,
23,-18,
-6,13,
-31,48,
-9,73,
-1,31,
40,42,
85,13,
2,-32,
-54,-3,
-34,47,
31,53,
37,13,
14,-9,
14,-29,
33,-18,
9,-82,
32,-91,
-9,-61,
-3,-2,
-6,30,
36,26,
65,-14,
0,-79,
31,-56,
55,42,
29,15,
-4,-117,
17,-101,
-27,7,
-42,15,
-16,91,
38,32,
11,16,
37,16,
65,13,
16,-50,
-14,19,
-44,-14,
10,12,
-25,-20,
-106,7,
-33,20,
76,33,
51,-3,
4,13,
-16,84,
-38,93,
-1,-38,
-3,-44,
-27,-40,
-51,24,
-20,7,
9,51,
-9,35,
10,36,
30,41,
53,50,
48,119,
36,77,
43,-1,
3,26,
16,-55,
52,-38,
38,-33,
51,-24,
21,26,
20,37,
57,48,
-12,17,
3,35,
-52,13,
-23,-44,
29,-84,
30,-114,
-26,15,
-25,49,
-15,31,
17,-5,
-1,-50,
17,46,
4,6,
64,-38,
-10,-4,
-27,20,
-51,57,
-10,92,
-25,30,
9,32,
-31,50,
63,4,
54,-7,
4,55,
-30,-37,
-6,-31,
11,8,
-20,6,
-2,3,
-3,-7,
35,66,
71,-7,
57,-50,
58,10,
76,43,
71,56,
11,25,
1,8,
-34,14,
-24,5,
9,25,
-25,66,
-9,60,
18,-23,
57,-102,
5,-109,
65,-31,
33,91,
3,53,
-58,8,
-26,-22,
-8,-16,
-3,15,
38,3,
32,2,
-2,59,
-4,-5,
20,-11,
-9,-2,
31,33,
-48,11,
-64,62,
-28,46,
17,2,
33,42,
5,46,
21,-6,
-17,-60,
-76,8,
-44,-9,
6,-1,
27,2,
31,55,
-20,32,
-17,-29,
-31,-32,
7,9,
-33,-6,
-7,-17,
-20,15,
16,-37,
18,-11,
-41,32,
-69,-17,
-62,1,
-3,32,
43,-42,
-55,-23,
-9,52,
-63,-19,
5,-27,
8,-69,
-29,-52,
19,13,
-57,28,
-1,38,
4,23,
27,6,
44,39,
-6,27,
-16,-23,
-55,-28,
-21,-49,
23,34,
-23,103,
-21,63,
-13,-21,
-26,1,
36,34,
-75,92,
-35,72,
89,4,
531,-612,
2351,-2680,
5547,-4693,
7102,-3861,
6569,-936,
2671,2356,
-67,2431,
-379,510,
578,-813,
1694,-722,
1637,49,
556,598,
-409,792,
-605,929,
-469,1151,
-235,1040,
-25,534,
100,145,
-6,180,
-157,128,
-323,183,
-92,27,
242,-402,
126,-755,
-147,-794,
-398,-403,
-407,12,
-215,102,
-19,-152,
47,-336,
122,-231,
78,-78,
-25,-15,
-137,-60,
-233,-118,
-189,-89,
-250,33,
-291,110,
-351,141,
-310,68,
-249,-25,
-146,57,
-6,202,
63,315,
4,376,
-39,354,
27,187,
37,6,
8,23,
-74,98,
-91,179,
-96,89,
-180,168,
-256,114,
-239,22,
-276,-106,
-184,-142,
-53,-55,
35,60,
46,219,
-46,252,
-91,68,
-85,-14,
-80,-74,
-40,-43,
-72,58,
-13,112,
9,138,
-35,179,
-110,86,
-233,228,
-102,234,
65,138,
125,80,
39,57,
-102,-20,
-105,-83,
-70,-25,
-17,37,
126,34,
175,-29,
-32,-48,
-200,-61,
-122,-58,
-79,13,
-38,43,
-63,15,
-51,41,
-62,9,
-111,21,
-166,65,
-198,89,
-150,40,
-132,-74,
-103,-52,
-65,-55,
-128,-17,
-193,34,
-142,-5,
-111,-35,
-98,-39,
-114,-39,
-172,14,
-28,23,
-33,-8,
-52,85,
-41,27,
-93,15,
-71,53,
-34,151,
-134,117,
-136,51,
-111,-15,
-48,-99,
-77,-31,
-70,-99,
-67,9,
-80,16,
-29,13,
-60,23,
-60,15,
-58,-21,
-21,-22,
-39,-36,
-53,-26,
-82,-18,
-30,-18,
-97,-51,
-61,-28,
-25,21,
-75,11,
-35,-17,
-36,-17,
-87,-47,
-32,6,
-100,-34,
-51,-90,
-124,-72,
-76,-1,
-134,58,
13,-20,
3,-38,
6,74,
31,37,
-84,9,
-128,44,
-126,-5,
-88,-19,
-56,-38,
17,-5,
14,12,
-68,50,
-41,12,
-51,-12,
-50,-19,
00>
_________________________________
00>
00>
Printing STS1 CIR
00>
00>
_________________________________
00>
-40,-1,
22,8,
32,-36,
24,35,
4,54,
-54,39,
-44,30,
-24,81,
30,55,
-35,27,
-54,3,
-17,39,
66,33,
30,6,
29,80,
-34,80,
-24,11,
16,5,
45,23,
65,40,
88,52,
54,59,
34,75,
32,33,
-13,12,
-33,18,
-14,41,
60,41,
80,-6,
71,60,
33,67,
54,82,
9,81,
18,36,
51,52,
19,122,
-52,26,
-51,-18,
-1,-62,
109,-10,
81,-3,
88,32,
-15,65,
-67,84,
-71,48,
-8,28,
38,32,
14,31,
18,4,
37,-23,
23,-40,
51,2,
65,22,
79,44,
75,53,
52,32,
36,8,
69,-15,
35,36,
28,12,
-9,47,
-78,48,
2,31,
7,18,
33,33,
-2,25,
29,14,
44,22,
41,46,
48,60,
31,-42,
51,-81,
41,-41,
70,79,
27,87,
-36,2,
-3,-17,
-24,-29,
43,14,
46,50,
29,-33,
15,10,
-23,41,
9,-36,
53,-78,
54,0,
63,57,
75,44,
68,9,
36,42,
24,73,
7,22,
-7,-10,
11,14,
33,30,
-42,70,
-7,66,
33,32,
41,4,
-11,-31,
-21,-38,
-23,9,
21,115,
22,29,
26,21,
82,-11,
23,38,
10,37,
11,18,
106,-7,
111,2,
53,4,
-15,2,
-36,31,
-43,33,
7,0,
41,40,
33,21,
-10,42,
-65,77,
-9,30,
-42,28,
23,-25,
23,-1,
27,19,
48,53,
78,61,
-3,101,
7,55,
45,10,
-12,50,
-24,64,
25,79,
18,-28,
12,-22,
0,50,
24,-12,
-18,12,
-22,-10,
-8,37,
50,16,
68,-50,
-37,-42,
-65,92,
34,149,
32,54,
-5,4,
-17,-53,
-3,-1,
55,63,
87,51,
65,4,
18,16,
40,17,
58,33,
-8,89,
6,91,
12,19,
31,-12,
31,31,
78,77,
78,31,
-12,12,
-35,42,
-35,24,
20,-29,
-12,-19,
31,18,
13,26,
-6,-10,
-30,-10,
2,-15,
10,-11,
10,-26,
0,-16,
14,-1,
46,-6,
51,-19,
19,-11,
-27,-47,
-5,69,
36,42,
62,4,
63,8,
29,31,
54,64,
60,56,
69,39,
-39,54,
-15,16,
98,95,
35,94,
-65,29,
-12,30,
33,3,
50,-63,
35,-47,
13,46,
-3,59,
31,75,
39,32,
17,-39,
-12,-57,
-14,-17,
-39,31,
-9,21,
-18,19,
-54,22,
1,21,
7,35,
26,1,
-15,11,
17,-32,
42,-82,
22,5,
40,13,
12,45,
-8,102,
-15,-30,
34,19,
31,12,
3,16,
-14,5,
-20,13,
20,31,
34,22,
18,45,
16,8,
-23,-20,
10,-77,
-13,-74,
-24,-14,
-23,39,
28,52,
9,54,
18,55,
-57,8,
-41,24,
2,98,
10,13,
54,6,
49,42,
18,17,
14,-6,
-58,51,
-80,47,
-33,45,
29,38,
40,64,
-30,98,
4,65,
69,15,
36,-1,
-66,12,
-96,28,
-46,24,
33,27,
14,22,
-29,-28,
-1,-7,
20,-6,
40,-37,
45,-11,
71,-51,
27,-46,
29,36,
32,45,
41,9,
-17,-15,
-45,-21,
-58,22,
5,26,
65,12,
42,15,
63,39,
0,47,
-67,20,
-45,59,
-62,55,
-16,30,
-29,-6,
12,-41,
45,-26,
56,-11,
44,36,
-11,17,
-20,4,
-24,73,
-24,64,
-1,-2,
-17,20,
-38,-20,
17,-30,
29,20,
-7,34,
-60,13,
-55,45,
-44,19,
4,70,
17,88,
-8,87,
-26,57,
-31,30,
-17,52,
-15,39,
1,2,
-19,7,
-21,-2,
44,46,
-5,-6,
-68,-9,
21,-10,
5,11,
14,-2,
16,18,
31,-4,
-19,25,
25,-41,
58,-14,
73,39,
41,-12,
33,54,
6,52,
27,-9,
57,-5,
29,-39,
8,9,
22,0,
20,-37,
108,-45,
87,15,
0,5,
-52,38,
-65,62,
-30,77,
-43,85,
-1,-3,
-5,-75,
25,-40,
9,-57,
3,7,
2,27,
41,46,
-17,12,
-5,16,
19,-23,
-20,34,
-42,69,
-89,83,
-5,21,
17,5,
36,23,
-24,-3,
-10,34,
-22,19,
20,79,
-103,4,
-805,-633,
-2737,-2693,
-4814,-5365,
-4365,-6103,
-1813,-4669,
902,-1209,
1143,464,
-436,632,
-2288,482,
-3410,39,
-2603,-788,
-633,-1047,
509,-717,
353,-605,
-315,-743,
-423,-650,
-84,-193,
142,154,
78,126,
38,50,
152,-61,
277,-70,
484,130,
523,448,
376,556,
136,299,
-1,-49,
-9,-189,
53,-73,
94,-21,
81,147,
242,254,
277,260,
230,259,
64,-6,
95,-32,
72,93,
108,295,
126,356,
53,236,
25,98,
146,35,
195,82,
232,44,
187,58,
84,149,
-11,284,
32,250,
81,273,
87,170,
78,53,
87,75,
126,143,
48,52,
55,-25,
65,-39,
53,-7,
137,6,
219,4,
167,51,
75,130,
23,139,
-20,100,
-33,39,
-44,-71,
-16,-28,
-18,-12,
46,-6,
131,-29,
84,73,
143,183,
137,252,
188,307,
251,298,
115,374,
-34,294,
-82,129,
8,113,
115,137,
251,238,
309,197,
220,126,
-16,-2,
-116,64,
-152,162,
-1,175,
57,81,
53,3,
39,40,
120,79,
114,178,
48,238,
34,160,
14,100,
66,66,
58,74,
28,129,
98,138,
53,111,
28,89,
6,101,
71,93,
110,110,
135,77,
84,138,
64,166,
-3,149,
28,72,
35,184,
9,230,
16,149,
0,50,
52,-20,
140,-48,
74,-3,
66,9,
43,146,
78,196,
76,150,
43,78,
34,-15,
106,12,
173,84,
100,108,
41,134,
-25,79,
19,43,
55,78,
40,153,
0,184,
36,52,
63,23,
109,31,
90,145,
108,105,
113,33,
90,31,
21,64,
69,101,
38,80,
39,63,
-18,104,
-22,62,
8,70,
20,106,
70,132,
70,44,
86,-32,
120,21,
81,52,
55,37,
44,12,
82,30,
91,55,
20,95,
00>
_________________________________
00>
RX Timestamp: 580949709012
00>
Clock Offset: -2201.843 Hz, 0.276 ppm
00>
RX Timestamp: 582021690962
00>
Clock Offset: -2596.092 Hz, 0.325 ppm
00>
_________________________________
Sequence Number: 254
00>
00>
Printing STS0 CIR
00>
00>
_________________________________
00>
-51,26,
-10,18,
-37,1,
-18,-39,
12,35,
-26,0,
-30,4,
-4,98,
7,94,
0,49,
20,-6,
54,-4,
-21,-54,
-33,25,
-23,81,
47,43,
-4,21,
64,34,
59,10,
41,53,
72,115,
92,41,
30,68,
14,14,
23,19,
45,51,
35,59,
-14,47,
-51,31,
-91,24,
-87,39,
-47,-13,
-22,-14,
-19,-8,
-51,66,
-31,47,
4,54,
-35,25,
33,-9,
46,42,
-8,93,
-44,63,
-53,-2,
9,36,
48,17,
2,-33,
-67,68,
-26,37,
82,45,
50,6,
17,-65,
-40,26,
-28,44,
-47,58,
-35,-16,
50,-8,
33,37,
-7,97,
6,48,
4,-12,
3,72,
22,78,
31,72,
7,-57,
44,-25,
16,-16,
-84,72,
-62,37,
-69,0,
7,-1,
36,-24,
-12,-9,
13,24,
16,25,
-53,84,
-88,91,
6,66,
23,22,
0,6,
-20,78,
5,52,
6,58,
47,20,
37,-39,
-19,16,
25,31,
23,26,
-6,17,
-21,-9,
7,-17,
64,23,
77,5,
94,82,
46,39,
-13,24,
53,4,
9,-2,
41,-35,
-7,14,
29,15,
23,-10,
36,-10,
48,42,
69,27,
8,-20,
3,43,
34,83,
45,125,
2,123,
35,57,
4,-31,
-46,-29,
6,-1,
14,14,
22,31,
50,71,
69,103,
38,87,
52,22,
33,7,
13,-27,
-19,15,
28,37,
40,53,
-27,-14,
-41,20,
36,-10,
18,58,
-25,34,
-60,11,
7,58,
-25,36,
-118,23,
-96,-28,
-31,-2,
21,28,
55,50,
11,-6,
-15,-61,
35,-38,
76,81,
-5,28,
-12,-19,
-29,-54,
50,-40,
17,13,
61,10,
34,-42,
-18,4,
-13,7,
0,-19,
-49,12,
-39,38,
7,34,
38,44,
-24,-26,
-43,-17,
0,-3,
33,-13,
-42,-66,
-57,43,
-32,60,
-49,52,
-5,53,
8,44,
-22,93,
31,47,
-1,-3,
-3,1,
-24,64,
-37,7,
-1,0,
44,-22,
25,45,
21,37,
10,30,
-22,34,
-27,13,
-4,-31,
23,-9,
50,39,
18,24,
-29,48,
27,32,
-3,5,
-3,65,
32,10,
-53,64,
-55,-3,
-8,21,
17,65,
16,18,
25,-4,
-6,-29,
55,5,
32,18,
59,-27,
33,-16,
40,-83,
55,-11,
34,-19,
62,-13,
-22,-38,
12,-13,
2,-12,
17,-10,
-60,99,
-8,49,
22,-8,
-30,3,
-104,46,
-2,21,
54,5,
-14,9,
-30,19,
-16,-1,
3,-15,
12,-9,
-33,2,
-20,43,
-89,24,
-30,12,
6,-34,
13,39,
-31,16,
-19,-12,
-47,-2,
-45,98,
-24,36,
-56,33,
-15,59,
-3,73,
35,69,
56,-1,
-13,37,
41,16,
2,3,
17,6,
-3,36,
-25,60,
-61,-23,
-25,-22,
31,-1,
10,52,
-27,-34,
10,-32,
5,-3,
-65,-9,
-55,6,
-53,10,
-13,46,
-11,62,
12,32,
60,-2,
-47,13,
-19,25,
-51,51,
-49,61,
30,8,
6,98,
-34,71,
3,37,
-19,-17,
22,34,
-13,37,
13,-5,
47,7,
46,7,
-48,67,
-5,12,
22,-45,
-62,1,
-40,-10,
-48,30,
-20,11,
40,95,
-6,-14,
20,17,
70,-45,
-15,85,
-12,40,
19,52,
53,-27,
27,25,
-40,16,
45,-3,
-21,-16,
-48,2,
-128,9,
38,40,
43,3,
14,66,
-111,-8,
-27,55,
23,9,
-23,49,
34,48,
46,11,
41,26,
75,-15,
78,-6,
-17,84,
-20,42,
-24,20,
-5,-19,
7,30,
80,42,
95,30,
40,45,
15,76,
10,24,
-2,-29,
59,-57,
50,-25,
48,52,
23,100,
-24,28,
-17,44,
-4,6,
-11,-16,
-1,58,
-6,42,
-19,51,
-10,2,
33,32,
30,34,
76,91,
12,37,
41,29,
-44,28,
-3,36,
-24,51,
-19,29,
31,53,
50,-2,
-35,-1,
-50,36,
-9,48,
-18,-3,
-15,48,
9,36,
-79,-16,
-83,57,
12,57,
6,34,
-36,44,
-30,11,
22,21,
-12,26,
11,49,
-14,67,
-42,52,
1,-1,
80,-270,
515,-1872,
1953,-6046,
3337,-7712,
4193,-6950,
3131,-2490,
634,1014,
-417,1237,
-757,389,
-1230,392,
-1917,803,
-1813,606,
-549,-106,
979,-627,
1989,-497,
1739,-232,
650,-94,
-109,-139,
-281,21,
-70,100,
2,207,
93,343,
394,287,
314,362,
-175,507,
-436,331,
-97,-62,
343,-241,
237,15,
-105,267,
-305,403,
-140,246,
-74,244,
24,341,
89,356,
203,203,
232,249,
98,174,
-89,115,
-75,33,
2,-30,
35,-36,
67,-65,
-18,-34,
34,-143,
114,-156,
176,-148,
119,-141,
82,-81,
-86,49,
-114,168,
-232,22,
-206,-10,
-194,18,
-46,113,
43,89,
2,122,
-129,191,
-157,238,
-100,139,
6,75,
-8,0,
-47,-22,
-92,-9,
-29,20,
-70,13,
-28,81,
-57,73,
-44,59,
61,90,
65,51,
-43,183,
-30,160,
-60,117,
-138,180,
-109,26,
-79,7,
-78,13,
-178,95,
-150,100,
-176,188,
-184,308,
-34,259,
-39,91,
-6,107,
-46,236,
-90,192,
-100,139,
-5,69,
53,-11,
-36,7,
-48,55,
-74,120,
-76,76,
-76,149,
-52,178,
-53,240,
-22,193,
-34,164,
-55,55,
-22,22,
8,1,
2,19,
-19,156,
-33,186,
-32,94,
-48,133,
-111,172,
-70,111,
-81,175,
-113,122,
-139,23,
-34,53,
-54,108,
-21,36,
7,12,
-55,86,
-25,123,
-51,107,
-92,116,
-95,86,
-86,69,
-110,169,
-35,151,
-28,-33,
-32,-6,
-9,38,
-3,71,
-1,57,
-3,56,
-64,61,
-60,12,
-77,-7,
-96,63,
-13,79,
4,50,
0,14,
11,49,
67,64,
3,53,
-92,64,
-75,63,
-65,77,
-20,77,
-21,11,
35,66,
9,18,
2,58,
-23,42,
-57,51,
-93,111,
-48,133,
15,62,
-21,65,
-83,31,
-70,55,
-28,103,
3,64,
-51,77,
00>
_________________________________
00>
00>
Printing STS1 CIR
00>
00>
_________________________________
00>
13,-44,
22,-39,
57,46,
104,38,
32,-1,
33,-21,
39,-31,
24,6,
-15,10,
82,-22,
25,12,
-13,21,
-9,9,
-1,-24,
18,-48,
10,4,
43,11,
48,-27,
38,-4,
82,-23,
84,-40,
74,-30,
81,3,
42,17,
63,26,
49,59,
-35,7,
-94,-40,
-55,11,
-12,1,
8,38,
-45,18,
1,26,
-19,-19,
-30,10,
20,19,
80,-33,
69,-95,
12,-25,
50,67,
13,4,
30,-33,
21,-45,
-3,27,
63,48,
36,4,
19,9,
-8,5,
46,45,
58,20,
26,40,
-39,56,
28,-11,
39,-10,
-20,6,
-6,30,
36,22,
-16,23,
14,14,
5,-35,
16,38,
40,70,
20,-3,
50,-6,
29,2,
-47,24,
-47,-23,
16,-12,
42,-10,
22,53,
-6,-18,
-21,-38,
-29,-41,
-34,3,
-31,29,
1,25,
34,41,
20,-14,
41,-21,
6,0,
-13,90,
4,31,
-41,-23,
0,-12,
-29,67,
-29,85,
9,38,
-22,2,
3,1,
-26,54,
12,50,
-3,59,
48,41,
102,-8,
93,-3,
-10,32,
34,62,
51,44,
26,31,
34,53,
7,31,
8,-10,
-17,-4,
45,-9,
60,-40,
63,-11,
55,20,
22,41,
54,7,
-14,1,
-37,25,
-5,23,
7,7,
25,-35,
48,-35,
53,-31,
60,-86,
19,5,
28,17,
41,-3,
85,-7,
26,24,
-40,40,
48,43,
43,5,
-13,38,
15,22,
53,-7,
41,-3,
-12,-24,
3,-28,
-2,-16,
8,3,
15,-22,
43,-11,
34,-29,
6,36,
47,32,
20,-3,
-6,32,
-9,2,
25,-17,
82,-20,
31,17,
9,45,
64,10,
68,28,
61,-18,
5,-21,
-26,0,
18,66,
77,19,
16,-20,
53,22,
36,57,
10,-28,
57,50,
-13,33,
8,59,
-31,1,
44,5,
18,1,
57,19,
40,15,
22,38,
11,-17,
8,-15,
-10,17,
-36,27,
6,52,
-15,21,
-19,-40,
70,3,
25,24,
-6,21,
58,32,
17,55,
-7,39,
-51,35,
34,22,
-50,39,
-56,26,
-14,11,
18,-38,
78,-66,
109,-37,
75,14,
56,14,
-7,-1,
26,-11,
50,-7,
7,-38,
-62,-21,
-60,3,
2,-15,
-2,-4,
22,43,
13,81,
6,68,
1,8,
38,41,
1,56,
35,25,
91,13,
77,-35,
50,32,
-13,20,
65,23,
59,13,
54,47,
19,-24,
91,21,
112,-14,
117,1,
116,4,
84,32,
67,79,
79,-24,
19,11,
-83,-40,
-98,20,
-55,6,
20,-1,
55,30,
44,26,
102,79,
46,32,
24,22,
45,-12,
40,-56,
6,3,
58,38,
-5,21,
38,47,
82,20,
4,-32,
-4,-51,
38,-8,
26,-28,
6,-57,
24,-25,
-2,21,
83,-41,
41,-9,
16,28,
32,21,
43,-68,
78,14,
51,33,
3,5,
48,-14,
27,-11,
24,-5,
-3,-7,
4,15,
-20,-36,
-6,39,
43,5,
8,-3,
18,32,
27,-12,
34,-20,
64,-22,
29,19,
11,25,
27,16,
39,47,
16,47,
54,15,
12,60,
0,30,
-11,-5,
-39,-8,
42,-62,
99,-44,
74,-50,
36,-30,
6,19,
-39,17,
54,37,
36,41,
26,7,
57,-5,
53,12,
39,64,
28,40,
13,-15,
22,-31,
96,30,
84,97,
39,29,
2,38,
-1,42,
-10,40,
4,27,
60,25,
19,-29,
-24,21,
-36,-25,
-10,-48,
21,-52,
4,-10,
33,5,
30,25,
49,54,
-24,11,
-32,-50,
32,12,
37,20,
-4,70,
-10,40,
65,25,
34,-5,
34,-1,
46,30,
45,63,
79,48,
1,11,
-46,12,
15,16,
102,1,
88,41,
39,83,
-5,65,
-7,-11,
43,-2,
101,34,
72,35,
37,0,
-3,-49,
-62,-29,
-13,4,
-20,26,
30,-3,
86,63,
77,34,
10,51,
-47,27,
5,52,
89,35,
67,7,
43,3,
81,29,
27,55,
13,40,
4,43,
14,40,
-8,12,
21,-24,
24,-45,
75,13,
-6,56,
-44,5,
-407,-247,
-1931,-1505,
-4346,-4558,
-4850,-6274,
-3790,-5554,
-541,-1585,
1402,783,
1194,913,
499,381,
863,811,
1488,1883,
946,2004,
-313,1017,
-1103,197,
-1384,10,
-1372,219,
-894,371,
-314,338,
156,241,
140,117,
230,114,
669,162,
1009,233,
897,213,
462,1,
221,-204,
255,-329,
450,-151,
631,100,
603,208,
399,158,
101,35,
-4,-22,
-13,19,
-24,266,
-61,309,
-24,324,
-69,176,
-154,-70,
-132,-100,
-17,22,
-44,78,
-200,202,
-215,230,
-55,132,
156,6,
162,-66,
143,19,
61,42,
37,129,
-36,192,
-113,114,
-59,80,
69,1,
95,-38,
117,-78,
106,-5,
132,-8,
129,-50,
236,-32,
249,-42,
114,-18,
-20,-11,
-29,24,
-12,-7,
-39,44,
-33,60,
-17,75,
22,162,
73,184,
-61,40,
-129,27,
-26,26,
-18,25,
-48,9,
-35,-113,
-1,-126,
-26,-93,
-155,-8,
-209,51,
-197,176,
-32,206,
64,144,
107,-46,
109,-109,
97,-83,
124,39,
172,104,
131,86,
93,92,
-2,87,
84,40,
121,62,
80,39,
102,1,
126,16,
141,-26,
112,-9,
37,-58,
-17,-12,
32,63,
106,131,
129,43,
76,39,
91,33,
23,-20,
-4,-4,
38,1,
38,46,
25,61,
-54,102,
-64,14,
48,-39,
63,-28,
80,-6,
44,-16,
45,-37,
68,-37,
111,-11,
71,39,
59,-15,
96,15,
58,-21,
58,4,
18,90,
23,61,
-11,30,
28,67,
57,41,
26,24,
85,-4,
83,-34,
73,-8,
73,43,
44,92,
1,44,
28,20,
73,35,
89,15,
64,8,
43,42,
25,10,
9,25,
-10,103,
-1,130,
-10,133,
31,101,
-7,46,
10,81,
-62,29,
48,20,
139,49,
87,45,
68,17,
62,-54,
84,-15,
113,13,
15,4,
50,62,
00>
_________________________________
00>
_________________________________
Sequence Number: 1
00>
00>
Printing STS0 CIR
00>
00>
_________________________________
00>
28,22,
24,49,
21,3,
-17,-10,
-29,17,
28,38,
22,38,
26,17,
-3,-31,
-18,-25,
30,0,
-11,-8,
-12,84,
3,23,
31,-34,
23,-16,
34,64,
42,99,
5,76,
-2,22,
30,-42,
-6,-19,
44,-9,
9,-2,
28,-4,
-20,61,
4,38,
23,72,
-3,19,
-10,-20,
27,-22,
-35,16,
60,11,
58,60,
14,17,
19,0,
-35,82,
-9,6,
-23,-54,
4,39,
33,-15,
-33,-33,
-15,-16,
-28,-7,
-4,16,
-10,-2,
-14,-28,
7,-8,
-8,12,
38,-3,
24,3,
26,13,
29,9,
-50,-11,
51,-18,
0,19,
-44,15,
-47,38,
4,21,
-8,25,
18,29,
-2,14,
-10,-8,
-13,32,
17,12,
51,-3,
36,106,
42,86,
20,56,
70,-16,
-9,-47,
43,-18,
-22,30,
38,28,
54,14,
31,-7,
-14,26,
24,31,
11,24,
-18,-14,
-12,5,
26,-2,
19,-3,
17,-19,
-23,-34,
141,-3,
45,11,
8,22,
65,4,
71,-17,
17,-26,
13,-30,
8,-15,
-11,9,
-16,10,
-22,-22,
-47,-22,
-16,-51,
36,-57,
32,23,
12,60,
35,-7,
41,8,
47,-84,
-24,-31,
-14,46,
30,35,
28,27,
7,37,
13,-23,
57,22,
-4,57,
-29,85,
-33,105,
17,30,
18,65,
34,82,
29,44,
-18,-10,
7,-10,
20,51,
9,10,
8,36,
-3,37,
15,-21,
8,18,
-11,3,
-26,25,
-11,23,
47,-14,
17,35,
-1,27,
66,-54,
-2,21,
56,26,
1,-31,
-18,-54,
-27,-15,
-22,37,
-54,63,
-28,11,
23,2,
46,67,
3,51,
-48,68,
31,28,
38,34,
-1,2,
-27,18,
-89,-24,
-15,11,
25,-40,
49,-29,
24,7,
-31,-23,
-13,-4,
15,6,
17,24,
-6,3,
-71,-5,
-15,-70,
-29,-49,
18,-52,
64,-67,
95,-45,
48,-9,
11,49,
7,-9,
-40,-27,
-7,-40,
69,-2,
28,12,
-16,43,
2,-1,
33,-29,
52,-7,
16,-41,
58,-25,
51,25,
4,30,
5,24,
3,-44,
29,3,
-2,-23,
19,9,
74,18,
61,-12,
26,15,
-14,-10,
3,1,
40,22,
33,83,
46,28,
9,-39,
21,-31,
7,-45,
21,-6,
10,61,
-9,29,
37,-2,
-45,-10,
-4,-28,
-10,-40,
-14,-57,
18,7,
34,-4,
22,4,
-38,34,
-11,7,
-16,22,
-19,37,
-31,13,
40,-55,
94,-3,
46,-35,
16,53,
-70,46,
-77,4,
32,-4,
22,-33,
28,4,
19,31,
24,2,
22,3,
37,13,
15,42,
51,-40,
76,-46,
39,-11,
16,2,
-4,17,
-12,-51,
14,-27,
61,1,
34,12,
-5,2,
-1,-22,
33,15,
26,16,
-26,0,
-54,80,
55,-8,
42,25,
31,83,
19,26,
3,-26,
44,-49,
16,-21,
10,21,
-28,28,
-29,64,
0,2,
47,-63,
81,-28,
57,-18,
-10,-12,
17,1,
28,54,
24,5,
18,38,
3,85,
7,65,
38,29,
-9,-1,
-2,-2,
-12,6,
37,2,
14,17,
23,3,
-12,1,
25,47,
-19,79,
-22,66,
3,26,
16,-20,
51,-14,
21,7,
-12,41,
26,65,
66,29,
17,6,
4,-43,
-10,-29,
7,-4,
33,20,
-3,6,
-52,27,
20,38,
-2,21,
22,-38,
-31,-66,
-20,-53,
29,-69,
-22,-48,
24,8,
3,33,
-7,-16,
37,9,
32,-20,
20,-4,
33,-40,
31,-3,
39,26,
32,-12,
8,-5,
-17,-25,
4,4,
-16,7,
23,-18,
-14,10,
8,26,
40,24,
37,19,
45,29,
5,-23,
2,-5,
28,18,
5,-10,
37,-10,
27,-25,
49,-25,
5,12,
27,16,
38,26,
-32,15,
-38,-4,
-58,-24,
-28,-10,
-29,-12,
-22,4,
10,3,
-8,-15,
23,-22,
35,-25,
52,-10,
26,-38,
-13,5,
-32,113,
15,69,
11,34,
1,48,
-16,-5,
-39,17,
-33,35,
14,-43,
47,-10,
1,38,
-19,22,
-12,10,
-58,20,
-11,4,
220,-143,
1743,-911,
6856,-2574,
8028,-1707,
7985,412,
6433,4074,
399,4561,
-1321,1680,
69,-309,
1792,-336,
2581,744,
1374,1233,
-78,862,
-719,612,
-865,792,
-762,954,
-444,685,
-123,435,
26,251,
-22,117,
-85,81,
-226,21,
207,-290,
532,-676,
236,-791,
-16,-976,
-570,-618,
-510,-243,
-155,-115,
118,-301,
255,-323,
213,-153,
78,-29,
-88,-45,
-209,-227,
-72,-173,
-14,-61,
-171,75,
-471,-29,
-551,-6,
-287,-127,
-260,-150,
-106,17,
22,242,
-29,342,
-82,436,
-128,329,
-99,100,
-9,-64,
1,-52,
-185,30,
-40,30,
-69,115,
-284,197,
-386,-92,
-344,-223,
-152,-329,
-89,-213,
-30,33,
-69,159,
-105,119,
-147,102,
-159,4,
-145,-140,
-4,-152,
19,-128,
-64,23,
-11,61,
-49,152,
-87,188,
-229,219,
-264,116,
-55,106,
114,238,
145,280,
-25,103,
-93,-75,
-43,-128,
-11,-77,
149,73,
186,107,
138,-24,
-75,-145,
-42,-70,
0,-55,
-39,-33,
32,13,
-44,-14,
-68,42,
-126,94,
-262,129,
-236,-31,
-157,-151,
-120,-130,
-117,-110,
-83,-120,
-98,-115,
-166,-69,
-132,-54,
-23,-85,
-34,-98,
-41,-66,
-106,-73,
-124,-82,
-128,4,
-99,-45,
-128,-57,
-79,-41,
-41,-18,
-40,76,
-120,97,
-138,-7,
-85,-51,
-117,-55,
-102,-66,
10,3,
-31,14,
-111,49,
-168,-63,
-167,-32,
-88,34,
-43,29,
2,-40,
1,-15,
-14,-29,
-80,17,
-101,-2,
-106,1,
-16,-10,
-65,4,
-96,133,
-12,112,
-30,119,
-120,97,
-94,-100,
-15,-94,
-19,-87,
-34,-138,
-75,-96,
-91,-38,
-131,35,
-142,63,
-119,10,
-137,5,
-106,8,
-118,50,
-68,55,
6,53,
-21,10,
-76,62,
-83,-54,
-75,-90,
-29,-28,
-53,-47,
-87,-60,
-87,-105,
-52,-70,
45,-34,
16,-50,
-18,-22,
-20,-38,
00>
_________________________________
00>
00>
Printing STS1 CIR
00>
00>
_________________________________
00>
28,48,
30,30,
4,30,
23,37,
21,60,
8,44,
37,59,
46,75,
9,30,
-25,-25,
-34,-19,
29,-17,
24,28,
39,47,
-14,41,
5,5,
17,-52,
72,19,
84,10,
58,44,
9,125,
-31,76,
-12,20,
25,-22,
35,14,
-12,-6,
-16,38,
19,-2,
60,9,
47,10,
11,54,
-16,58,
31,90,
49,28,
52,65,
-3,77,
-9,55,
17,1,
-10,-1,
38,21,
72,57,
54,21,
65,30,
55,33,
15,45,
57,29,
73,-19,
29,-11,
8,-54,
33,-9,
23,-46,
-14,10,
-23,-5,
-1,-9,
-1,-6,
44,40,
16,17,
-16,-4,
-40,-7,
-33,-32,
43,-68,
34,-30,
20,1,
18,-37,
42,-31,
100,35,
108,40,
107,52,
76,54,
-19,37,
-13,-25,
24,-17,
90,-47,
96,-103,
70,-10,
37,-15,
-25,10,
-14,35,
-9,8,
32,42,
45,-12,
56,2,
35,6,
17,-3,
13,33,
-4,2,
20,54,
-7,49,
-17,33,
63,48,
4,32,
26,29,
8,-3,
9,-22,
21,-23,
4,40,
14,35,
4,19,
-19,-22,
20,-18,
46,-11,
25,-36,
-9,-45,
26,-47,
24,-41,
-30,70,
-44,55,
-53,34,
11,8,
7,5,
24,-51,
-8,19,
-10,41,
-1,50,
4,14,
-15,32,
-34,35,
-41,49,
19,45,
28,-4,
29,-15,
-22,-32,
9,-3,
-7,16,
36,62,
11,12,
-25,-8,
-36,6,
-28,-19,
-10,11,
-18,-4,
-9,-35,
30,11,
50,27,
5,5,
30,-1,
-57,-31,
-37,-8,
-4,45,
4,32,
-2,-10,
46,12,
14,11,
-9,9,
10,3,
-63,-27,
-20,-17,
-11,-33,
-64,-8,
-45,-28,
-22,15,
37,10,
18,45,
5,-18,
28,59,
53,50,
17,5,
-12,-15,
-8,-9,
12,-3,
49,-8,
23,3,
-38,17,
-41,14,
-29,-23,
-16,-43,
28,-63,
-5,7,
-18,84,
25,116,
10,46,
23,-14,
-7,-19,
-50,36,
-47,25,
-4,55,
-16,102,
10,10,
-12,24,
-7,15,
-54,-8,
29,-10,
58,-8,
38,29,
22,82,
-12,25,
42,18,
42,19,
13,3,
50,-9,
14,-3,
12,42,
84,44,
59,14,
37,0,
27,35,
-14,-10,
15,11,
-6,-12,
23,29,
34,22,
43,41,
18,44,
14,-4,
20,13,
9,3,
-12,24,
8,28,
-18,35,
-1,-31,
-23,7,
8,49,
42,-19,
-6,-1,
-13,-17,
-8,45,
-5,-20,
-51,48,
-66,5,
-37,43,
9,17,
37,34,
29,-43,
54,-46,
2,-27,
9,4,
24,32,
21,0,
20,54,
4,8,
15,12,
-12,-14,
25,43,
39,-2,
-24,-25,
-3,-25,
16,-9,
24,-11,
6,34,
14,49,
7,22,
5,8,
-6,-11,
-47,-62,
-74,45,
-77,42,
-20,32,
8,84,
37,72,
67,80,
10,53,
-19,56,
-28,36,
-31,17,
-19,15,
19,16,
48,-9,
-8,15,
-54,9,
-21,19,
13,45,
0,43,
24,50,
-15,69,
-53,31,
-46,-2,
-5,-1,
30,7,
31,-8,
20,12,
-29,55,
48,0,
115,-9,
73,40,
7,31,
-19,44,
38,35,
42,-23,
23,27,
7,134,
30,56,
27,53,
25,15,
-21,-21,
71,15,
19,7,
15,-33,
10,-15,
-6,8,
0,35,
-57,25,
-35,19,
28,1,
26,-7,
13,14,
19,50,
15,56,
-28,-41,
13,-53,
10,-32,
17,19,
-24,10,
-33,45,
9,58,
13,14,
48,-1,
-1,-17,
-14,-26,
47,36,
47,29,
8,46,
16,10,
-21,27,
12,-33,
40,-28,
30,-37,
1,46,
-7,24,
4,21,
-6,16,
-6,28,
-12,13,
3,6,
1,6,
-24,-33,
7,14,
17,10,
-34,54,
-10,59,
27,6,
29,83,
-15,32,
9,-18,
29,-8,
36,12,
7,24,
28,12,
-30,18,
-6,3,
14,-13,
15,9,
-4,55,
-23,43,
4,27,
19,40,
69,31,
22,11,
-2,0,
-6,46,
-25,33,
-5,-26,
-11,-449,
214,-2589,
1139,-7408,
2519,-7978,
3694,-7338,
3736,-3688,
1008,1029,
-306,1151,
-1271,-872,
-2545,-3551,
-2064,-4769,
-75,-3337,
1005,-862,
888,81,
578,-404,
548,-1000,
329,-743,
-18,-63,
-146,186,
-17,22,
105,45,
333,150,
321,404,
22,807,
-136,1007,
-188,941,
-73,282,
80,-71,
174,-114,
143,-27,
78,70,
23,307,
-65,543,
-117,603,
-43,178,
103,17,
138,107,
-88,333,
-217,411,
-195,301,
-81,176,
55,153,
167,244,
197,399,
21,264,
-28,268,
-142,209,
-141,238,
-108,233,
-92,225,
-51,76,
17,27,
-13,64,
38,180,
82,50,
95,15,
86,50,
63,100,
159,210,
111,355,
35,238,
-84,113,
-140,49,
-56,-11,
-32,7,
30,10,
11,48,
45,33,
39,51,
52,103,
-2,242,
-85,402,
-96,473,
-85,536,
-282,484,
-377,347,
-326,152,
-189,43,
-37,113,
38,307,
-8,540,
14,564,
106,92,
68,7,
-5,20,
-107,82,
-111,78,
-45,58,
18,15,
102,92,
124,209,
43,278,
-72,88,
-104,51,
-40,88,
36,60,
13,94,
31,143,
18,64,
26,70,
36,85,
-24,85,
-27,27,
-15,82,
-50,191,
-99,256,
-100,139,
-86,91,
-41,110,
-89,131,
-97,88,
-50,49,
55,25,
45,91,
36,53,
34,20,
-7,72,
-72,212,
-110,130,
-40,96,
26,111,
89,184,
66,95,
12,188,
-20,162,
-4,122,
-58,102,
-58,123,
-40,89,
-120,139,
-129,68,
-41,1,
57,41,
124,151,
54,230,
41,174,
-9,88,
-84,88,
-90,83,
-27,130,
-36,76,
0,78,
-36,71,
-43,97,
-57,86,
-12,57,
-49,21,
9,14,
-22,18,
4,106,
-5,103,
-18,121,
-41,116,
-60,87,
-30,96,
-5,62,
-13,6,
61,44,
-41,86,
-43,146,
-37,118,
00>
_________________________________
00>
RX Timestamp: 720976395020
00>
Clock Offset: -2361.774 Hz, 0.296 ppm
00>
RX Timestamp: 722048149666
00>
Clock Offset: -1684.856 Hz, 0.211 ppm
00>
_________________________________
Sequence Number: 134
00>
00>
Printing STS0 CIR
00>
00>
_________________________________
00>
-8,25,
7,31,
31,-2,
30,55,
-2,61,
19,1,
-8,-25,
-44,-8,
-69,0,
-12,-5,
29,-88,
12,-11,
-29,5,
-102,63,
-24,48,
20,-63,
48,-17,
25,10,
-11,24,
-25,-20,
-77,-9,
-25,-13,
25,-21,
59,33,
77,14,
83,22,
36,-24,
-4,67,
-39,67,
36,21,
21,48,
42,110,
1,88,
-38,-27,
-18,-50,
-2,-29,
50,-19,
-11,-33,
-13,-51,
15,-20,
16,-20,
-4,22,
36,-56,
15,9,
92,53,
33,31,
-23,-34,
-7,-58,
48,-87,
13,5,
22,62,
0,44,
-58,-50,
-41,-14,
1,-91,
39,-96,
28,-2,
-30,58,
-4,29,
-70,-66,
49,-117,
20,-50,
-11,-12,
-38,98,
23,94,
-47,42,
-31,11,
-44,-55,
-30,-8,
-53,49,
-40,42,
41,-9,
73,-27,
96,-58,
10,-8,
-56,103,
30,38,
76,-46,
22,-31,
-20,30,
-42,23,
-60,-47,
-25,-8,
12,18,
-26,42,
-25,36,
-15,106,
65,24,
39,-8,
-26,27,
-39,-18,
-105,-4,
-14,-7,
9,-8,
33,68,
70,-5,
-8,-20,
-20,-32,
-54,-36,
-14,-42,
10,18,
-1,10,
-6,-11,
30,-11,
0,-22,
3,-35,
0,30,
-17,35,
8,31,
9,2,
-15,-62,
98,-57,
-2,15,
-6,72,
5,99,
-52,48,
-29,25,
3,-22,
38,-5,
102,18,
55,16,
-8,7,
53,-1,
22,25,
33,37,
1,26,
82,20,
-11,58,
-13,45,
-90,28,
-40,33,
32,87,
1,80,
60,60,
13,-55,
-51,32,
-13,-25,
-86,-26,
-52,25,
34,-13,
40,-11,
82,5,
20,-28,
-68,92,
-71,63,
13,53,
75,-56,
45,-1,
-13,167,
30,29,
51,14,
-74,-41,
-71,-7,
38,35,
16,71,
12,50,
-36,0,
3,36,
69,31,
12,-7,
-59,-76,
-25,88,
46,94,
28,7,
-4,-6,
-53,6,
44,-29,
39,-34,
-13,-5,
-45,47,
46,-84,
-18,-95,
-11,-13,
-20,-1,
44,-11,
-7,-34,
-27,-4,
-63,67,
-63,107,
-47,92,
-9,26,
13,-10,
61,41,
31,-46,
90,-33,
1,-47,
21,-24,
-19,-3,
-18,23,
-51,1,
-64,-83,
-84,-55,
42,-6,
-24,32,
1,95,
-35,91,
-81,-40,
-10,-50,
5,-87,
46,-58,
37,30,
-32,19,
17,51,
21,47,
13,74,
59,-51,
2,-22,
9,31,
9,5,
40,-75,
-33,-28,
4,23,
28,62,
6,34,
-1,31,
15,-35,
6,-44,
-3,-24,
58,-4,
-14,29,
1,12,
-35,-78,
22,-75,
62,-36,
-4,29,
32,27,
47,26,
51,-4,
20,-29,
-18,28,
13,-50,
67,-25,
-46,29,
-36,-13,
-46,-9,
-51,-52,
-59,-8,
-32,30,
3,32,
-35,-19,
32,-55,
10,15,
-32,89,
-15,-5,
-5,-62,
-49,23,
-42,56,
-20,19,
27,-26,
15,-57,
2,21,
4,-26,
19,49,
8,-7,
14,-12,
5,-62,
3,-3,
10,-57,
-6,-78,
28,-31,
-42,35,
-75,91,
22,38,
41,-61,
34,-74,
-36,21,
-58,-3,
4,-8,
19,14,
-24,-19,
-25,24,
-38,-23,
-10,-121,
-44,-34,
-48,-33,
1,15,
19,-17,
88,29,
72,99,
76,60,
-26,-91,
-24,-38,
-23,-4,
125,-65,
91,-24,
22,-6,
-52,21,
-81,55,
-35,87,
41,47,
-9,27,
-64,1,
-44,-102,
19,-15,
-16,19,
130,-29,
48,-89,
71,32,
14,-19,
7,-55,
54,-11,
59,21,
84,67,
38,121,
1,102,
19,29,
28,-101,
33,-105,
45,-41,
-50,42,
-4,4,
65,72,
33,37,
-37,89,
-18,-39,
-5,-57,
-5,-39,
47,-13,
9,42,
54,-42,
-10,-18,
3,-29,
8,59,
16,77,
5,74,
63,71,
50,1,
8,32,
-2,0,
-44,-30,
-57,40,
-6,-20,
-11,4,
-23,-28,
-27,0,
10,-33,
105,-13,
30,46,
21,36,
-6,27,
-15,16,
19,-66,
-33,-54,
26,0,
-47,-24,
-40,-70,
2,-33,
105,-20,
39,-59,
31,19,
-26,13,
-20,-12,
28,-67,
83,-44,
-104,210,
-1032,1358,
-3016,3478,
-4627,4452,
-4384,3138,
-1870,422,
205,-1105,
672,-595,
559,67,
841,88,
1331,-58,
1140,52,
176,231,
-916,155,
-1267,-178,
-929,-365,
-350,-109,
88,91,
185,95,
105,-83,
51,-139,
-19,-252,
-162,-307,
-16,-359,
171,-207,
199,-52,
35,115,
-218,76,
-134,-2,
117,-174,
210,-204,
209,-135,
101,-142,
141,-233,
83,-234,
-10,-197,
-75,-131,
-56,-104,
50,-24,
64,5,
39,31,
9,-32,
-31,-27,
-70,-25,
-76,19,
-114,50,
-90,82,
-79,139,
14,70,
56,-18,
67,-43,
206,53,
159,121,
62,57,
-32,30,
-39,7,
-59,-71,
90,-146,
174,-217,
163,-101,
109,-29,
89,95,
-10,155,
11,73,
-18,24,
25,-80,
96,-77,
95,-71,
111,-95,
103,-99,
69,-123,
70,-74,
56,-137,
139,-146,
163,-98,
131,36,
67,39,
54,77,
104,1,
161,-25,
163,-124,
183,-159,
88,-114,
92,-21,
74,-7,
69,-59,
60,-97,
63,-75,
64,34,
22,-6,
22,-25,
107,-47,
177,-14,
152,-44,
110,-100,
50,-105,
21,-30,
44,-16,
-37,-88,
-15,-99,
28,-10,
42,29,
24,-32,
24,-135,
51,-82,
88,8,
75,-8,
66,-20,
106,-102,
145,-132,
140,-129,
114,-83,
82,-14,
30,21,
55,1,
48,30,
109,-21,
77,-13,
56,-9,
95,12,
143,6,
75,-49,
22,-41,
12,-32,
19,5,
76,22,
6,-82,
17,-113,
-30,-29,
65,19,
90,8,
22,15,
32,61,
-4,-15,
-35,-24,
-2,-52,
-13,-39,
45,3,
49,-71,
99,-9,
93,-73,
67,-70,
-28,51,
-24,33,
28,-80,
57,-58,
35,9,
22,-18,
-18,-10,
87,-70,
76,-17,
45,7,
50,7,
31,-33,
11,-44,
62,-42,
81,-27,
0,-31,
00>
_________________________________
00>
00>
Printing STS1 CIR
00>
00>
_________________________________
00>
-17,-9,
37,28,
4,66,
11,43,
-13,-44,
-15,-42,
-32,33,
66,108,
34,113,
87,35,
118,-19,
16,0,
28,24,
50,36,
19,74,
36,32,
67,72,
-11,73,
23,45,
27,58,
52,34,
26,58,
-3,1,
4,0,
26,-23,
-2,-50,
13,-11,
20,32,
-40,63,
-11,27,
45,11,
17,-61,
28,-16,
-10,2,
-23,62,
48,94,
103,108,
80,20,
61,-61,
35,-33,
41,20,
38,52,
-18,15,
28,-21,
13,-1,
10,56,
-47,89,
51,44,
40,96,
41,72,
28,-14,
23,3,
-31,73,
0,65,
42,78,
16,12,
28,-7,
-62,38,
15,104,
-5,124,
24,123,
75,-21,
19,-52,
48,-7,
-33,78,
-13,88,
-38,37,
-7,28,
-42,93,
-70,122,
-123,7,
-25,-51,
64,67,
6,97,
-27,11,
-89,-31,
-9,14,
69,16,
51,23,
-23,-2,
-13,-11,
1,27,
-25,-25,
-23,7,
28,52,
-8,21,
1,-9,
-18,53,
52,55,
53,80,
3,59,
-71,39,
-73,31,
-32,107,
-16,74,
-50,0,
1,41,
0,13,
1,48,
-28,21,
-62,-7,
-71,-77,
-79,-40,
23,10,
26,29,
7,36,
-81,80,
-27,113,
12,89,
-39,24,
-31,64,
44,10,
105,70,
98,73,
44,-12,
3,-9,
33,28,
23,0,
47,37,
-17,18,
-2,30,
43,34,
51,23,
2,10,
3,-37,
-41,7,
-82,49,
5,45,
53,3,
-29,15,
-25,122,
-16,26,
44,19,
41,36,
20,2,
10,-10,
55,-60,
1,-25,
8,14,
26,70,
32,40,
-18,77,
41,32,
-22,12,
-33,13,
14,60,
10,84,
-13,10,
-45,25,
4,23,
-9,33,
-18,-41,
-15,-25,
7,2,
-14,33,
-4,62,
-13,78,
4,54,
-12,47,
33,18,
20,21,
-31,1,
-12,15,
77,39,
-1,75,
-76,69,
-128,46,
-28,14,
66,23,
57,59,
24,51,
1,-7,
11,-51,
6,-52,
-1,48,
73,31,
76,32,
36,-1,
-54,57,
-38,12,
-11,34,
112,31,
41,30,
50,-19,
76,5,
68,31,
41,33,
105,35,
15,23,
-36,65,
-52,61,
-29,30,
9,69,
6,62,
-20,60,
-34,64,
135,95,
185,106,
154,-1,
5,-21,
-35,13,
-48,-14,
-89,-32,
-72,-7,
-87,55,
-55,38,
-14,18,
-56,20,
-34,91,
-45,84,
-53,29,
6,60,
-6,83,
18,29,
7,11,
-32,-5,
-20,17,
-30,51,
29,30,
0,-3,
-50,57,
-12,93,
9,98,
-13,41,
2,14,
-10,22,
-57,28,
-22,42,
3,71,
44,4,
-28,30,
2,83,
-10,64,
-46,30,
-47,13,
16,-26,
49,-11,
-26,86,
-48,53,
-95,6,
-106,-6,
-58,10,
-6,53,
0,20,
5,-37,
-71,-42,
-62,-55,
-67,29,
9,48,
12,83,
29,61,
46,40,
53,77,
5,50,
-21,34,
-52,14,
-86,54,
-24,35,
36,55,
65,58,
12,60,
-58,59,
-24,49,
-23,-3,
-73,39,
-88,81,
5,75,
46,21,
80,5,
58,18,
24,65,
-1,120,
-7,51,
30,38,
8,-42,
26,52,
-4,66,
-43,35,
-12,3,
27,-66,
42,-12,
-28,48,
-11,71,
-13,16,
17,-4,
-2,13,
18,-26,
24,-18,
3,-3,
31,1,
27,14,
-38,17,
-82,-44,
-16,18,
36,71,
-9,62,
-38,79,
14,28,
1,40,
-63,70,
-26,-1,
-22,-24,
-62,24,
-79,8,
-40,11,
23,51,
-40,19,
-5,17,
-3,70,
-36,19,
-52,0,
-56,2,
-66,-6,
-73,-8,
-50,10,
9,9,
43,-8,
61,40,
-31,19,
-73,2,
-4,9,
25,-1,
18,-3,
-41,32,
-1,59,
12,12,
-2,11,
35,19,
59,71,
58,-21,
-2,-49,
-29,-38,
8,17,
9,4,
-12,1,
-27,17,
-37,11,
-26,49,
1,45,
-9,74,
11,-43,
56,6,
-11,45,
1,64,
72,51,
46,-18,
-2,5,
1,-23,
-31,28,
-28,41,
-9,20,
-12,2,
-16,19,
9,108,
141,376,
520,1739,
873,4313,
751,5633,
203,3879,
-387,679,
-520,-935,
-286,-719,
-91,-348,
-210,-800,
-76,-1455,
364,-1330,
638,-481,
676,178,
754,303,
804,176,
585,-7,
258,-117,
-6,-81,
-61,-109,
-114,-145,
-316,-155,
-523,-354,
-463,-304,
-310,-86,
-207,153,
-197,165,
-276,19,
-345,-138,
-219,-188,
-133,-145,
-83,-37,
-50,-20,
92,16,
144,-175,
119,-219,
70,-240,
78,-22,
99,157,
42,77,
-31,-50,
-47,-12,
95,53,
167,-16,
20,-63,
-83,-89,
-72,-38,
-88,30,
-27,-66,
57,-42,
104,-16,
149,43,
148,65,
42,41,
-76,45,
-121,115,
-64,11,
-24,-68,
-76,-50,
-121,26,
-157,64,
-40,42,
15,12,
67,23,
80,54,
81,-1,
19,-94,
47,-74,
52,-59,
45,-6,
42,31,
25,23,
7,-14,
15,-37,
57,44,
-21,138,
-86,106,
-71,107,
-13,85,
118,106,
167,51,
84,-58,
-11,-92,
-79,-7,
-54,14,
-57,2,
-91,12,
-88,-1,
-83,60,
-12,79,
28,42,
12,38,
-48,6,
-51,-16,
-18,-47,
-35,-22,
-52,-17,
-44,-4,
50,-37,
-20,19,
-22,41,
-26,11,
-46,-6,
-84,-15,
-18,-17,
-73,18,
-37,64,
-2,48,
-20,-17,
-19,-76,
-71,-16,
-102,26,
-48,10,
13,-40,
85,-18,
-25,14,
-66,17,
-35,15,
-51,64,
-36,5,
-24,-36,
-50,-82,
-109,-21,
-63,90,
7,46,
-13,56,
-12,20,
40,67,
9,42,
0,81,
-53,3,
-5,-20,
-17,-28,
-28,-30,
-79,7,
-46,-8,
16,-11,
-1,6,
-57,18,
-73,19,
-80,-46,
-52,-11,
-18,38,
-26,-16,
22,-22,
-30,-62,
-1,-2,
14,2,
49,-75,
-17,-2,
-15,73,
-27,49,
-35,33,
38,-2,
73,68,
4,91,
-8,31,
-20,-23,
00>
_________________________________
00>
_________________________________
Sequence Number: 137
00>
00>
Printing STS0 CIR
00>
00>
_________________________________
00>
6,30,
8,18,
20,3,
29,47,
22,24,
11,46,
45,47,
18,17,
7,49,
30,38,
32,5,
13,-60,
-36,-76,
-63,-10,
-14,-13,
8,26,
14,72,
0,100,
-45,52,
55,60,
15,9,
62,25,
3,21,
-1,-42,
15,-26,
17,-12,
-30,34,
-16,2,
47,-34,
47,-39,
-26,24,
-104,-39,
-51,-57,
5,29,
39,-24,
27,-20,
19,22,
19,34,
5,8,
74,-70,
10,60,
26,79,
24,73,
32,28,
39,4,
46,73,
1,110,
-26,102,
-63,37,
-13,32,
-26,111,
79,150,
1,99,
36,87,
18,6,
-26,-2,
1,61,
9,83,
57,-43,
-19,66,
-29,42,
-12,14,
7,-62,
14,-33,
-28,-53,
-4,20,
76,28,
19,68,
35,25,
27,-9,
-26,5,
32,57,
5,-36,
15,-28,
-46,-13,
-7,-18,
-2,-29,
-44,39,
36,-16,
10,-22,
56,-26,
18,-98,
-53,-96,
-70,-44,
2,10,
-6,17,
50,26,
-12,48,
3,-10,
-34,4,
-15,15,
69,20,
36,-40,
21,-14,
13,-14,
0,19,
48,-25,
108,-38,
65,-56,
-16,-50,
4,-48,
79,-7,
85,-78,
33,-95,
-24,-54,
-24,-23,
-19,17,
69,-54,
4,-35,
-34,6,
-26,44,
-60,86,
-3,21,
-3,-77,
73,-115,
-8,-35,
-18,-18,
54,28,
41,-55,
11,-53,
47,-23,
-28,-1,
3,26,
15,12,
28,98,
88,102,
-2,101,
23,23,
-8,31,
-53,-7,
-2,27,
79,120,
98,101,
-32,90,
-30,-10,
-2,-2,
13,34,
1,21,
-74,94,
24,63,
45,43,
-27,5,
-73,13,
-13,1,
-8,15,
-68,103,
-48,103,
-14,8,
19,-16,
-95,6,
-30,22,
-11,21,
-7,16,
33,26,
64,17,
62,10,
30,-22,
0,48,
-14,-19,
-10,-7,
-17,-3,
-31,24,
29,-39,
33,-22,
37,-22,
58,37,
69,3,
-30,-23,
-5,-43,
-56,-34,
41,-30,
8,10,
-105,8,
-71,-26,
26,-34,
23,-34,
21,61,
13,48,
-45,5,
-25,41,
21,17,
21,46,
-68,57,
-36,-3,
-33,-19,
29,1,
-15,63,
-11,90,
5,-30,
-6,-52,
-2,-18,
18,-2,
2,5,
22,12,
-45,50,
14,-74,
-13,-39,
-48,78,
-17,87,
73,-11,
34,-2,
-21,-23,
-64,-19,
-6,42,
5,39,
53,24,
10,4,
35,-47,
13,16,
-22,-54,
-71,47,
55,91,
84,91,
57,45,
-45,99,
-18,122,
12,39,
27,16,
-2,56,
38,100,
22,76,
28,-3,
-30,-32,
-19,-10,
28,57,
26,1,
-49,-52,
28,1,
127,37,
52,38,
-49,16,
21,52,
13,8,
58,-117,
44,-122,
60,-49,
-1,49,
-22,65,
14,14,
24,-18,
-24,37,
-25,98,
17,94,
73,20,
39,-14,
-48,25,
-17,3,
3,-9,
-58,2,
-34,16,
46,7,
-21,-8,
-6,94,
-8,46,
-72,73,
-55,-3,
-12,25,
51,-23,
-1,29,
-10,-29,
1,-71,
78,37,
99,40,
-11,58,
-14,-5,
-59,-2,
25,-25,
-33,-49,
-61,14,
21,20,
21,8,
28,-35,
-78,-13,
-54,23,
-28,-2,
-18,52,
11,115,
-35,87,
20,-8,
29,-31,
22,66,
-14,64,
-21,47,
-48,27,
-60,30,
-62,-5,
-43,9,
19,11,
68,-9,
7,77,
-7,38,
-30,13,
34,8,
16,14,
-38,67,
-45,19,
47,-39,
58,29,
21,50,
55,43,
44,-10,
-13,-13,
19,-24,
43,-66,
5,-21,
-49,32,
-33,27,
-40,-14,
-13,7,
29,-74,
24,-33,
57,70,
-26,75,
-15,5,
34,-46,
-54,-30,
-9,5,
-26,6,
60,-75,
-26,-32,
-18,21,
1,158,
39,64,
93,63,
27,53,
-59,79,
-52,101,
-41,2,
46,-41,
75,4,
-36,33,
-53,-18,
28,20,
3,40,
-25,10,
85,-27,
-11,35,
14,22,
14,48,
74,-9,
69,-18,
-40,-2,
-46,70,
60,75,
91,-33,
94,-81,
21,-39,
-6,-41,
-48,-27,
-26,-28,
-16,-26,
13,28,
-185,317,
-1242,1558,
-4208,4041,
-6571,4402,
-7078,2503,
-4323,-1114,
-644,-2711,
580,-1350,
-119,413,
-1295,876,
-1846,357,
-1100,-363,
38,-688,
539,-830,
584,-1035,
415,-1081,
124,-707,
-113,-230,
-90,-107,
125,-72,
280,-107,
254,-61,
-160,221,
-206,638,
41,854,
278,656,
423,133,
321,-56,
114,22,
-16,257,
-54,366,
-97,237,
-61,65,
57,139,
245,226,
197,197,
111,106,
158,-72,
246,-201,
335,-96,
286,24,
229,36,
104,-107,
1,-264,
-43,-388,
-55,-327,
3,-199,
-8,0,
-4,-1,
33,-24,
203,-87,
171,-52,
172,-127,
183,-168,
176,-6,
195,92,
160,164,
82,68,
26,-56,
3,-155,
81,-146,
78,-74,
85,-17,
134,19,
72,89,
10,62,
54,-75,
15,-127,
17,-164,
97,-170,
150,-173,
123,-171,
7,-164,
-121,-138,
-93,-96,
37,-2,
57,-25,
82,25,
-47,15,
-140,61,
-168,59,
-77,109,
182,145,
161,98,
38,40,
-26,53,
67,45,
128,-27,
72,-12,
109,-28,
103,-68,
121,-40,
130,-33,
148,-36,
34,-2,
-4,-3,
56,-86,
86,-56,
85,-19,
46,3,
82,-47,
96,8,
117,19,
137,10,
65,-44,
61,14,
71,10,
65,-93,
-13,-21,
6,-24,
68,-16,
88,-46,
76,-37,
90,6,
84,42,
22,-37,
51,-14,
80,22,
70,16,
101,-6,
98,-52,
-5,-3,
-20,5,
-12,51,
38,58,
36,23,
110,-44,
58,-46,
75,-2,
75,-20,
83,56,
44,41,
80,32,
25,12,
42,-23,
68,20,
77,113,
54,52,
46,-52,
1,-68,
64,-65,
1,-45,
80,-47,
61,-56,
75,-22,
67,50,
69,63,
67,34,
44,-9,
5,-6,
118,48,
78,-6,
60,95,
107,96,
131,37,
46,-24,
43,2,
21,61,
12,109,
-29,35,
00>
_________________________________
00>
00>
Printing STS1 CIR
00>
00>
_________________________________
00>
22,4,
0,-40,
16,-23,
-1,-20,
-12,16,
-16,0,
-2,21,
-14,7,
22,7,
13,-22,
25,-11,
64,-33,
-15,-53,
0,2,
66,36,
49,13,
51,49,
35,78,
79,72,
69,0,
69,13,
27,-8,
-23,-98,
-10,-29,
70,-46,
89,-19,
68,-11,
37,61,
7,35,
25,-5,
-22,-12,
-41,-11,
-29,45,
3,60,
53,-6,
33,12,
49,-14,
-27,12,
-12,73,
-39,12,
-43,-30,
18,-49,
28,9,
9,-9,
37,-20,
10,0,
57,-34,
48,1,
86,18,
39,10,
-1,1,
-9,-8,
18,15,
14,2,
-25,5,
-3,61,
25,40,
9,-23,
-21,-57,
-7,-51,
50,44,
12,15,
-44,-33,
-52,-24,
-21,31,
25,26,
25,-19,
22,-16,
16,8,
19,-21,
32,17,
-3,24,
44,30,
21,25,
7,14,
26,31,
-8,38,
4,15,
-4,-35,
46,-10,
30,12,
49,26,
70,25,
23,46,
-50,46,
-20,-8,
20,-31,
67,-12,
27,-1,
0,3,
52,-32,
12,-57,
17,-55,
-13,-32,
-20,-35,
-53,-52,
27,-26,
44,10,
-51,-25,
-2,-13,
-2,-25,
22,-21,
13,67,
-21,48,
31,12,
-5,7,
39,-14,
59,10,
40,4,
-34,19,
-58,2,
-21,-30,
26,-76,
38,-68,
34,-5,
-10,30,
4,35,
43,9,
36,49,
45,63,
-19,53,
27,-26,
45,-13,
27,23,
30,27,
21,-14,
39,-79,
20,8,
26,22,
46,-9,
30,-68,
-11,-55,
-19,32,
5,3,
38,-43,
66,-2,
-8,28,
-3,62,
-5,62,
-13,43,
33,-66,
-16,-58,
43,-2,
-27,-13,
-32,37,
6,39,
72,-2,
80,-23,
79,-34,
-10,-64,
-42,-34,
-5,-13,
29,1,
-3,6,
17,-10,
76,-63,
75,-49,
16,-30,
-13,-28,
10,-58,
-20,-33,
34,-19,
20,98,
-17,63,
10,34,
7,51,
39,27,
49,13,
71,2,
7,26,
-7,10,
-3,-18,
14,-14,
34,37,
-37,43,
-29,37,
-19,44,
10,93,
79,76,
48,12,
-13,25,
-33,7,
-4,-4,
46,-34,
80,-23,
14,-10,
-12,3,
7,6,
16,1,
-2,-18,
-22,-26,
39,6,
46,-9,
0,-73,
-20,-5,
-2,7,
44,19,
59,-52,
45,-49,
32,-55,
-5,11,
26,29,
40,-5,
55,-52,
56,-56,
-38,-20,
1,28,
-18,19,
72,-2,
48,-21,
12,45,
-44,59,
-13,45,
20,16,
33,61,
31,85,
11,4,
-38,-24,
-35,-44,
10,-17,
-16,25,
1,-1,
-2,-31,
10,1,
-16,-15,
38,-4,
68,-45,
34,-10,
16,20,
24,35,
29,-25,
54,-47,
89,-60,
75,-29,
-1,-40,
32,8,
12,-15,
30,-49,
29,-26,
9,-26,
2,63,
6,-6,
117,-17,
125,-13,
56,23,
-37,5,
-8,-26,
53,-44,
-6,-11,
-38,12,
-31,66,
13,33,
75,30,
17,20,
42,18,
36,0,
17,-21,
52,-4,
3,5,
-54,24,
-33,-1,
22,23,
31,-29,
26,-26,
-23,4,
-27,25,
-28,52,
-11,39,
20,40,
55,20,
44,0,
0,-35,
68,-49,
71,8,
-2,37,
-25,17,
7,-41,
107,-81,
69,-13,
65,34,
64,42,
46,37,
-9,9,
6,27,
14,13,
-4,-19,
-12,-3,
89,-13,
65,-27,
58,5,
12,-13,
-17,-39,
8,-44,
-43,24,
-15,-37,
-4,-13,
27,-58,
20,-37,
-3,-40,
8,61,
23,76,
26,15,
-38,17,
14,-9,
25,-24,
13,12,
9,-25,
56,41,
-19,29,
-42,-5,
-7,-38,
23,-17,
4,-18,
-14,18,
-37,-2,
-36,30,
15,-13,
10,18,
-9,27,
-14,45,
-5,-22,
62,28,
32,24,
52,-3,
-26,37,
-51,5,
4,-21,
-26,-66,
14,-77,
24,18,
18,45,
-49,-3,
6,-54,
33,-76,
86,-40,
10,15,
-33,7,
6,30,
-53,-31,
-8,-1,
-38,50,
-47,54,
46,-1,
29,-51,
25,-28,
-1,44,
21,5,
63,-40,
84,-90,
40,-29,
-17,0,
75,-72,
361,236,
1360,1745,
3096,5048,
3466,6839,
1876,6111,
-582,2398,
-1245,-234,
-126,-670,
1686,-252,
3114,338,
2883,982,
1135,1248,
-408,806,
-703,525,
-119,665,
304,763,
209,392,
-41,-32,
-121,-111,
-40,-54,
-40,9,
-207,50,
-395,-41,
-423,-364,
-347,-537,
-227,-374,
-23,-76,
38,86,
-63,145,
-102,64,
-70,6,
-136,-152,
-156,-293,
-140,-333,
-23,-121,
-36,80,
-83,18,
13,-265,
-9,-394,
40,-259,
8,12,
-48,4,
-205,-52,
-277,-21,
-172,-66,
-69,-101,
25,-173,
17,-203,
63,-190,
-21,-156,
-6,-45,
19,-12,
-11,-54,
-8,-64,
5,42,
-4,66,
-79,76,
-94,-4,
-173,-28,
-185,-15,
-123,-73,
7,-110,
36,-23,
42,43,
101,29,
79,-24,
85,-72,
35,-68,
-51,-27,
-80,-24,
-70,-106,
-68,-198,
-52,-267,
-119,-270,
-62,-233,
70,-253,
150,-238,
135,-164,
24,-121,
-187,-187,
-298,-228,
-217,-231,
-35,-45,
70,53,
68,-6,
86,-119,
27,-125,
-40,-64,
-83,33,
-79,42,
-12,-91,
41,-223,
49,-145,
63,-91,
6,-13,
-63,-7,
-77,-6,
-73,-19,
-48,4,
-23,-17,
-27,-48,
-35,-82,
21,-68,
-13,-65,
-86,-77,
-167,-92,
-154,-112,
-47,-88,
62,-87,
37,-91,
49,-89,
13,-67,
-36,-37,
-60,-25,
-38,-60,
-17,-67,
20,-130,
30,-144,
-18,-161,
-21,-155,
-26,-64,
-74,-2,
-69,-9,
-28,-49,
-21,-90,
-43,-93,
-19,-101,
16,-81,
4,-67,
11,-91,
-2,-92,
-23,-70,
-54,-38,
-73,-41,
-137,6,
-33,60,
-21,-43,
-18,-56,
-16,-25,
-26,-31,
-4,-53,
-18,-30,
-3,-70,
9,-66,
33,-50,
17,-91,
18,-51,
6,21,
-35,49,
-22,-26,
3,-24,
1,-32,
11,-56,
14,-50,
-8,-41,
-27,-16,
85,38,
30,-32,
-49,-52,
-65,-53,
00>
_________________________________
00>
RX Timestamp: 860974687908
00>
Clock Offset: -2930.832 Hz, 0.367 ppm
00>
RX Timestamp: 862045665849
00>
Clock Offset: -1409.626 Hz, 0.176 ppm
00>
_________________________________
Sequence Number: 14
00>
00>
Printing STS0 CIR
00>
00>
_________________________________
00>
15,-14,
1,33,
-35,32,
1,30,
-20,41,
24,40,
-29,-22,
13,-33,
10,2,
-11,52,
-30,-43,
11,-32,
41,0,
10,28,
27,-33,
-4,-23,
31,-32,
25,31,
1,71,
-67,30,
-19,3,
-7,-17,
74,-3,
76,-21,
51,49,
30,22,
34,91,
-4,45,
36,27,
56,18,
51,45,
21,-14,
-47,-18,
-26,-46,
-15,-81,
58,-22,
97,-51,
82,17,
6,9,
-19,-21,
-12,-12,
-1,43,
36,-14,
28,-14,
-34,11,
-3,-17,
10,-22,
52,-75,
-7,-55,
-47,37,
28,-6,
21,22,
17,11,
-17,30,
3,17,
42,-40,
56,-78,
61,-22,
6,19,
36,-60,
-23,-3,
-7,37,
-84,61,
-21,52,
-9,-12,
10,-32,
44,21,
70,16,
18,28,
-2,3,
-93,23,
39,3,
50,27,
75,5,
-12,6,
-18,51,
-49,54,
-58,9,
51,64,
61,72,
51,24,
41,-48,
60,7,
-14,85,
-26,73,
-57,36,
-28,16,
0,42,
33,35,
21,36,
21,45,
13,13,
-21,16,
-9,44,
17,7,
60,-76,
29,-1,
42,-22,
-39,32,
46,-15,
10,14,
-50,55,
-92,28,
-16,-17,
23,9,
22,-61,
-5,-124,
-61,-77,
-67,23,
-17,129,
66,95,
62,5,
-28,-51,
-34,-68,
4,28,
15,42,
-2,4,
-17,-38,
40,-59,
20,-47,
2,-39,
59,-19,
83,-28,
104,50,
-12,59,
2,-12,
16,-37,
52,3,
50,60,
25,88,
90,112,
50,-20,
46,29,
14,19,
-5,38,
-38,21,
3,59,
-17,16,
14,2,
60,-46,
42,4,
15,-7,
39,25,
32,51,
63,-75,
11,3,
-13,28,
-24,33,
-10,28,
35,-14,
-6,-46,
57,-4,
31,-8,
27,3,
62,-58,
26,-2,
34,56,
27,11,
13,-8,
31,-8,
37,26,
32,-17,
48,-41,
83,8,
118,-33,
44,2,
-2,63,
-13,18,
-1,14,
-23,-7,
23,-30,
-5,-53,
-21,-29,
13,-4,
68,40,
69,84,
21,63,
20,39,
3,-23,
-25,18,
-35,34,
-15,100,
-1,52,
29,-8,
-32,30,
-8,58,
-27,17,
28,-99,
27,-41,
53,29,
29,1,
60,-12,
13,-33,
-5,23,
-67,21,
21,-35,
14,-36,
29,26,
22,82,
16,38,
19,57,
-36,89,
-9,23,
-1,-52,
8,-12,
-19,50,
10,52,
32,37,
23,-14,
47,41,
59,82,
-39,72,
26,12,
42,-5,
37,35,
26,12,
-16,13,
-42,-2,
16,16,
31,-15,
22,54,
30,42,
58,14,
81,34,
-7,31,
-21,44,
-63,99,
-67,52,
-37,32,
38,39,
32,-29,
16,9,
-34,76,
-17,51,
-1,-29,
32,-50,
27,19,
37,18,
-28,-28,
-40,-15,
-39,43,
-7,42,
104,19,
82,-2,
0,44,
6,51,
-33,95,
-10,-12,
-4,3,
43,42,
37,34,
25,16,
53,22,
35,-6,
37,29,
-53,1,
-34,39,
-32,64,
27,132,
13,24,
-52,-6,
-22,-25,
3,18,
23,16,
26,-27,
34,12,
17,19,
-22,36,
0,38,
66,-13,
-27,6,
-55,-15,
-22,15,
-22,-51,
-12,-39,
30,7,
33,72,
-37,72,
-35,-31,
-35,5,
27,89,
50,54,
-53,5,
24,-22,
-3,65,
38,-9,
43,-37,
67,-58,
48,31,
52,84,
84,84,
27,11,
-29,1,
-67,-5,
3,16,
7,58,
9,33,
-39,-45,
-20,-51,
-38,7,
-7,49,
58,40,
32,0,
-10,28,
27,27,
16,-21,
6,-36,
69,-72,
52,-42,
18,34,
6,9,
-25,-9,
-9,46,
5,19,
18,40,
-23,73,
37,17,
21,58,
-20,79,
-22,49,
63,-16,
64,15,
63,21,
-2,24,
-39,23,
-106,-2,
-56,12,
-12,20,
35,1,
65,-18,
29,0,
-10,5,
-7,-15,
19,2,
37,40,
-11,-14,
8,-58,
-7,-18,
5,21,
-10,79,
-29,96,
18,104,
22,-55,
16,-49,
-7,9,
21,36,
47,55,
22,-10,
51,40,
13,46,
27,65,
-10,44,
150,221,
960,1358,
3301,4721,
4371,7067,
3310,7424,
537,5069,
-1186,484,
-817,-1127,
126,-899,
448,-1161,
582,-2181,
691,-2262,
580,-747,
24,1058,
-698,2076,
-980,1964,
-513,1015,
91,181,
341,-167,
74,-105,
-113,-30,
-262,-19,
-455,165,
-504,74,
-295,-313,
-14,-508,
138,-101,
53,355,
-78,378,
-128,-100,
-128,-370,
-156,-297,
-175,-95,
-261,-106,
-350,-218,
-250,58,
-296,68,
-166,-19,
25,27,
34,-13,
-14,22,
-44,68,
-15,75,
79,91,
43,207,
38,211,
-10,271,
89,193,
74,88,
17,-60,
-62,-159,
22,-80,
79,-105,
123,-136,
64,-113,
-9,-93,
-44,-71,
-94,-182,
-101,-168,
-98,-128,
-20,-64,
76,30,
101,-45,
71,-103,
37,-39,
15,2,
1,-20,
36,-38,
-33,-11,
-110,-41,
-59,-14,
-42,-67,
-69,-97,
-101,-213,
-81,-272,
75,-215,
97,-7,
82,13,
76,-62,
39,-215,
-95,-272,
-189,-285,
-127,-191,
21,-30,
0,-19,
-90,-163,
-17,-151,
12,-139,
12,-87,
2,-98,
-23,-106,
-28,-165,
-31,-107,
-21,-53,
-69,-108,
-78,-113,
-96,-171,
-77,-179,
-106,-108,
-39,30,
-15,18,
-53,-42,
-35,-15,
-3,38,
8,-27,
-2,-184,
-6,-146,
-17,-56,
-66,-49,
-82,-96,
-5,-95,
25,-89,
35,-66,
-1,-72,
-77,-84,
-24,-15,
-85,12,
-12,-4,
23,-42,
16,-40,
37,-68,
-62,-106,
-31,-83,
-73,-58,
-32,-34,
60,53,
84,4,
2,-9,
-74,-37,
-47,0,
29,-28,
4,3,
-9,9,
-62,-53,
-63,-93,
55,-63,
16,-33,
9,-26,
3,-101,
-6,-45,
-69,-7,
-32,40,
41,-36,
-8,65,
-13,-14,
-20,14,
-78,-10,
-65,-7,
-22,-26,
20,-141,
8,-103,
-35,-114,
-72,-66,
-23,-28,
-16,-46,
-29,8,
6,-16,
-12,-47,
26,-72,
30,-92,
00>
_________________________________
00>
00>
Printing STS1 CIR
00>
00>
_________________________________
00>
-22,99,
18,24,
7,-18,
-4,2,
-21,19,
60,-28,
54,35,
10,-4,
-14,32,
-36,40,
-109,17,
-54,-39,
20,-18,
88,3,
8,-3,
-34,21,
-12,18,
-11,9,
39,-13,
31,16,
11,38,
27,25,
24,-9,
-1,30,
17,43,
17,44,
12,59,
2,69,
42,34,
-8,39,
-21,-24,
-18,29,
40,34,
38,72,
36,14,
59,-23,
71,-14,
6,-30,
31,7,
7,-10,
2,24,
-2,81,
1,-9,
-21,-4,
-6,22,
-15,38,
35,52,
6,31,
23,-38,
52,-59,
55,6,
31,53,
-2,27,
-42,17,
-30,21,
-37,26,
23,22,
99,-25,
79,-7,
53,26,
-33,29,
-59,8,
-45,26,
-3,50,
-19,53,
13,44,
8,78,
31,57,
-12,42,
-26,-1,
1,7,
-22,40,
-38,20,
10,-19,
32,-17,
6,-10,
-57,9,
-26,15,
-56,30,
-40,42,
5,52,
-5,63,
47,31,
33,15,
26,35,
-29,47,
-36,5,
54,-9,
58,-17,
3,3,
82,26,
88,69,
54,84,
-16,21,
20,-2,
57,-9,
38,34,
39,-13,
5,-19,
-17,85,
35,74,
-36,11,
34,9,
5,38,
2,25,
-48,-35,
-33,45,
30,65,
47,-7,
47,26,
50,-45,
17,-42,
15,10,
13,-12,
23,24,
5,68,
16,31,
16,23,
7,60,
-6,-35,
-16,-63,
12,-63,
24,30,
43,30,
18,-5,
-13,-21,
23,47,
-2,82,
-46,82,
-47,33,
38,13,
12,-79,
-2,-64,
29,50,
-6,94,
11,50,
48,-13,
30,-2,
-35,28,
-21,28,
-13,33,
-28,-25,
-77,-39,
-71,-3,
18,22,
-1,17,
45,-34,
8,-27,
7,-52,
43,-19,
57,26,
41,1,
59,45,
15,23,
21,-3,
36,-6,
31,10,
-20,-23,
-35,-25,
-8,-31,
16,72,
32,86,
14,97,
-3,51,
21,99,
-8,92,
24,44,
-27,6,
-56,7,
-15,26,
-14,17,
35,-67,
27,-10,
-14,8,
5,-19,
79,-31,
66,-11,
10,12,
15,8,
19,8,
54,42,
9,31,
-53,32,
-6,27,
23,31,
13,45,
16,12,
28,60,
16,61,
28,60,
-23,63,
-16,56,
18,40,
9,-15,
-5,0,
20,59,
-4,47,
-47,-52,
-25,-48,
-47,-30,
22,25,
1,24,
-54,-25,
-28,34,
7,-20,
61,9,
76,9,
47,86,
-27,60,
-98,90,
-32,123,
27,12,
34,31,
-22,6,
-5,21,
-6,12,
-2,37,
-9,14,
26,87,
30,46,
19,11,
21,20,
-21,56,
-30,12,
15,55,
-3,67,
5,55,
-3,82,
-13,126,
-21,51,
8,10,
26,78,
80,20,
66,-4,
43,51,
3,15,
-35,31,
-42,68,
-5,10,
-6,2,
-5,11,
-34,23,
-47,30,
-9,-19,
4,23,
16,-14,
7,3,
-37,5,
-16,-1,
19,17,
99,32,
109,-23,
73,18,
11,-5,
77,-5,
49,2,
34,-20,
61,-43,
-25,20,
19,35,
-3,51,
42,-11,
39,-13,
3,-16,
34,0,
28,6,
33,-45,
51,-17,
58,-45,
30,-24,
25,47,
19,22,
69,-17,
40,-15,
28,37,
22,11,
12,30,
13,20,
53,-43,
-30,-11,
-23,15,
-2,52,
-39,38,
50,28,
77,-18,
54,46,
5,65,
47,26,
14,-18,
32,14,
15,53,
-44,25,
20,27,
-62,-52,
-3,-10,
31,8,
59,28,
30,16,
22,34,
86,27,
57,-39,
-20,46,
-60,50,
-35,67,
-18,86,
-58,58,
-25,12,
-6,12,
47,25,
40,-5,
31,3,
-22,13,
-63,29,
-92,32,
-28,-14,
35,-7,
68,-27,
7,-15,
-53,10,
-118,24,
-53,26,
8,-1,
39,42,
4,17,
14,54,
-3,60,
-73,7,
-52,-17,
-19,42,
-53,3,
-3,-64,
14,-22,
47,35,
36,18,
92,34,
92,65,
19,52,
-33,-8,
-20,39,
12,33,
11,37,
59,-34,
20,52,
-32,49,
-33,28,
-41,2,
-5,-38,
37,-6,
-4,13,
40,35,
22,71,
27,13,
378,-126,
2257,-331,
6061,-271,
7787,372,
7194,749,
3036,628,
-1381,576,
-1879,416,
-798,212,
-1156,100,
-2597,-90,
-2728,-581,
-1103,-835,
482,-851,
1029,-958,
885,-1172,
498,-991,
48,-502,
-203,-91,
-128,45,
-146,58,
-428,304,
-766,582,
-889,582,
-471,387,
53,185,
190,283,
-102,430,
-486,450,
-624,343,
-511,189,
-151,140,
66,92,
103,17,
-9,-86,
-62,-180,
-101,-212,
-57,-258,
226,-114,
251,26,
117,35,
-20,-33,
29,-174,
36,-273,
-27,-197,
-100,6,
-143,100,
-72,93,
-39,65,
-39,30,
-37,-42,
20,-78,
4,-21,
14,38,
-2,122,
17,160,
-7,104,
-94,49,
-176,105,
-139,181,
-111,221,
-79,142,
27,19,
93,-98,
71,-120,
5,-132,
-44,-106,
-25,-35,
-40,9,
-132,-17,
-4,-54,
30,-69,
19,-94,
67,-73,
72,42,
136,75,
165,84,
98,40,
85,-53,
80,-159,
57,-214,
-60,-118,
-124,1,
6,81,
6,124,
63,104,
-12,90,
-107,45,
-93,23,
-72,-3,
-50,-7,
3,-83,
-28,-47,
-33,29,
-61,72,
-64,86,
-85,61,
-58,83,
-103,12,
26,26,
28,-43,
-27,0,
-105,14,
-87,-8,
-23,-9,
-43,-10,
58,-3,
49,34,
-33,18,
-66,-30,
-72,-39,
-30,-22,
-26,28,
-31,9,
15,-36,
9,31,
32,15,
-44,101,
-129,134,
-126,57,
-84,38,
4,-13,
-3,16,
-84,34,
-100,74,
-66,60,
-29,-4,
-61,-1,
-74,18,
-48,2,
-21,-6,
-41,-14,
-20,28,
3,65,
-11,43,
-34,31,
-29,50,
-5,109,
14,109,
21,54,
-25,83,
-89,12,
-76,25,
-119,24,
-67,-29,
-83,17,
-21,90,
-6,57,
-17,54,
-72,1,
-59,-27,
-87,-6,
-43,37,
-47,29,
-29,59,
-2,64,
-25,23,
-103,-2,
-23,42,
-9,42,
00>
_________________________________
00>
_________________________________
Sequence Number: 17
00>
00>
Printing STS0 CIR
00>
00>
_________________________________
00>
63,-27,
65,1,
69,-46,
52,39,
91,-42,
90,-24,
58,55,
49,104,
-8,24,
11,101,
44,60,
30,78,
61,-24,
5,-8,
45,19,
32,-6,
44,26,
-17,-6,
4,50,
12,-26,
-4,10,
-33,90,
3,78,
22,-30,
30,-117,
-25,-19,
17,-14,
26,34,
70,-32,
17,26,
-15,109,
-39,37,
-27,21,
12,-17,
29,-43,
23,-15,
8,27,
0,-19,
22,-36,
13,-6,
49,4,
38,66,
30,84,
84,35,
51,-76,
-32,-95,
-42,49,
3,75,
28,68,
-18,10,
12,35,
-40,18,
-11,3,
-17,5,
20,74,
18,37,
30,-49,
36,35,
12,136,
11,98,
3,-11,
8,-8,
-52,11,
-5,11,
99,13,
31,22,
30,11,
2,-11,
-43,2,
-61,19,
-33,52,
-32,22,
-16,-35,
-21,-70,
-56,-36,
-9,-16,
-9,-52,
-6,36,
-4,68,
-11,24,
-2,-20,
41,-70,
11,-20,
-15,17,
-6,-49,
59,-22,
-7,44,
-38,-8,
13,-13,
-24,-21,
19,9,
28,33,
47,-44,
30,-61,
5,-42,
19,-25,
21,-42,
53,-43,
9,-21,
-37,-7,
7,26,
44,58,
40,44,
-8,-32,
-8,5,
-58,72,
-34,89,
-30,61,
-28,48,
-31,57,
23,67,
29,-8,
31,-62,
40,27,
-19,125,
5,82,
-45,-6,
8,-122,
-17,-63,
19,29,
32,29,
5,-9,
-15,-3,
-26,64,
-8,-27,
-9,67,
-39,35,
-19,44,
-6,-27,
-43,27,
26,55,
0,6,
31,6,
67,-11,
74,22,
43,62,
6,52,
15,34,
-12,-21,
-24,-33,
-23,31,
-16,37,
68,-9,
39,-35,
16,-23,
24,25,
38,-8,
1,-2,
14,-46,
7,-28,
18,12,
-12,0,
-34,-80,
-16,19,
9,11,
36,-13,
50,-15,
-29,16,
-64,-17,
-15,19,
-54,56,
13,66,
-32,48,
7,25,
20,-24,
5,-24,
-87,-15,
58,-56,
55,-36,
6,9,
6,-44,
-25,-36,
7,-25,
65,-13,
57,45,
62,29,
60,35,
34,81,
34,29,
8,-50,
-20,-17,
3,-24,
-6,-30,
10,16,
12,12,
-7,53,
-2,4,
-42,-50,
-69,-30,
35,-10,
23,28,
-19,5,
-35,-3,
-35,23,
10,62,
7,4,
3,-50,
11,20,
-1,48,
-5,49,
44,20,
55,102,
11,74,
-14,-16,
42,-21,
35,24,
79,18,
29,-28,
4,0,
-9,1,
-17,84,
-9,88,
-24,75,
-11,44,
3,-45,
-42,42,
19,57,
5,12,
19,23,
25,43,
85,49,
116,51,
89,-3,
44,-7,
-1,27,
9,41,
6,27,
18,97,
-28,40,
36,64,
38,80,
47,8,
-39,-15,
9,-62,
27,12,
87,117,
140,10,
90,22,
50,-4,
-23,22,
-25,40,
-41,13,
-37,-3,
-15,39,
48,27,
13,24,
-44,-44,
-5,-55,
-16,-12,
2,-16,
51,-3,
58,0,
-36,2,
-45,7,
19,10,
9,58,
-17,70,
-4,-11,
11,-35,
12,7,
25,27,
-18,38,
11,0,
20,-56,
-14,-70,
-56,-127,
-39,-115,
-1,-113,
-19,43,
-8,108,
-42,-17,
3,20,
38,-6,
52,-33,
52,-33,
1,19,
-26,81,
-16,32,
88,68,
-10,74,
-37,68,
-67,57,
-23,27,
-20,12,
-36,-13,
-16,-1,
29,-14,
-5,-31,
34,-79,
71,9,
-13,25,
38,-43,
52,-7,
18,50,
42,58,
-6,-2,
-1,-14,
63,103,
4,122,
-75,107,
-79,39,
-42,72,
30,64,
17,45,
66,56,
-47,-20,
-68,35,
-13,54,
83,22,
-1,-44,
-3,6,
43,41,
23,24,
-32,-1,
-20,20,
-20,69,
29,128,
5,54,
5,-20,
2,-20,
17,-58,
12,8,
13,-19,
-1,-38,
-54,-19,
-42,11,
-24,40,
27,47,
15,0,
25,-2,
-41,-62,
21,-53,
18,-32,
39,71,
-54,28,
-17,12,
4,-22,
18,28,
-1,-17,
-26,30,
-12,25,
44,52,
20,35,
-14,9,
-66,-4,
-3,-47,
48,9,
16,32,
-12,37,
-32,106,
-15,76,
-17,-5,
-38,41,
22,65,
11,52,
-32,-27,
-7,-57,
48,-11,
165,-108,
892,-726,
3404,-2536,
6673,-3403,
7479,-2002,
5579,1029,
1290,2782,
-546,1882,
-138,64,
1107,-636,
1775,-225,
1314,407,
181,669,
-450,715,
-605,943,
-493,1084,
-305,824,
-59,385,
54,99,
-116,108,
-256,94,
-369,105,
101,-42,
283,-369,
164,-667,
-60,-696,
-354,-350,
-319,5,
-150,63,
15,-183,
115,-234,
106,-200,
121,-83,
-22,-24,
-196,-56,
-141,-202,
-99,-125,
-150,7,
-224,113,
-347,107,
-228,-14,
-237,-8,
-64,47,
21,163,
53,317,
-10,431,
15,380,
-28,112,
9,-113,
-1,-78,
-89,105,
-181,42,
-174,40,
-246,134,
-215,166,
-191,-44,
-195,-184,
-112,-69,
-10,37,
11,56,
16,106,
-4,119,
-69,43,
-62,49,
-31,-34,
-17,-13,
4,53,
24,138,
33,184,
-113,298,
-194,169,
-147,101,
-51,121,
39,167,
76,206,
-77,117,
-31,-48,
-18,-70,
-5,-7,
17,65,
175,88,
81,-41,
-55,-158,
-140,-174,
-64,-149,
89,-98,
44,25,
-12,48,
-42,60,
33,97,
-48,48,
-142,-24,
-140,-29,
-129,29,
-46,-8,
-30,28,
-39,33,
-101,5,
-95,-43,
-100,-73,
-76,-47,
-97,-106,
-77,-25,
-84,-10,
-111,-14,
-137,41,
-77,46,
-12,-11,
-6,25,
-49,137,
-106,142,
-103,115,
-80,23,
-146,32,
-114,-45,
-121,-32,
-75,-63,
-115,-43,
-138,-42,
-130,-84,
-59,-13,
5,10,
1,38,
-68,-87,
-37,-97,
-47,-24,
-53,-17,
23,-8,
26,46,
-46,98,
-121,-16,
-63,16,
-75,11,
-112,80,
-154,10,
-59,-2,
-43,-23,
-71,-33,
-73,4,
-29,18,
-49,4,
-45,45,
-42,71,
-41,112,
-65,53,
-85,31,
-67,14,
14,-8,
-21,77,
-48,109,
19,13,
-17,-4,
4,-8,
-49,14,
00>
_________________________________
00>
00>
Printing STS1 CIR
00>
00>
_________________________________
00>
64,-24,
80,17,
73,0,
52,-24,
53,16,
5,27,
-12,66,
0,38,
24,33,
96,25,
66,-1,
55,21,
16,6,
25,11,
23,4,
23,44,
14,9,
-25,33,
-3,36,
39,36,
40,47,
67,52,
64,59,
40,20,
22,6,
-26,13,
-23,53,
8,60,
10,40,
14,62,
-51,22,
5,48,
26,57,
36,-20,
32,-53,
-34,1,
-33,29,
-49,-33,
14,-18,
11,1,
46,22,
118,-46,
108,12,
24,50,
12,4,
44,-30,
22,35,
-14,126,
1,117,
18,75,
-29,46,
-74,3,
-32,25,
-52,-61,
11,-51,
-28,-17,
-16,-33,
-5,-7,
48,1,
49,50,
22,-22,
45,-22,
28,-64,
12,-23,
-3,-23,
-24,23,
0,13,
56,-30,
-7,-54,
3,16,
-13,62,
9,11,
46,15,
-1,39,
-19,-5,
-21,-39,
10,-21,
35,35,
23,37,
25,-33,
24,-37,
-15,-10,
-32,-6,
28,38,
35,14,
-9,23,
-12,5,
23,50,
-6,50,
-56,39,
15,36,
29,-4,
56,1,
40,3,
53,24,
31,47,
19,72,
-2,35,
49,44,
23,-31,
-39,-64,
-73,-27,
-28,-21,
-9,-3,
1,-45,
57,-17,
34,13,
-12,23,
31,9,
-3,-10,
-23,-78,
4,8,
-36,47,
-65,32,
-53,-60,
-80,-31,
4,95,
-18,96,
-33,81,
12,30,
76,-25,
-2,-28,
25,34,
-39,55,
-36,53,
54,-17,
43,-38,
-10,-24,
21,-19,
36,-23,
-16,-19,
-12,-14,
23,14,
1,45,
27,16,
7,-20,
17,-16,
15,1,
74,-2,
50,0,
29,13,
10,21,
-9,2,
37,-27,
63,-17,
11,-7,
-27,-52,
-29,23,
27,-5,
29,17,
30,-18,
11,19,
26,-92,
42,-38,
41,-35,
70,45,
-31,61,
-35,93,
-31,17,
-37,-75,
36,-94,
19,-22,
-27,47,
16,82,
20,52,
25,21,
9,-40,
-14,-25,
14,49,
66,22,
44,-14,
27,-50,
29,9,
-8,31,
37,82,
-29,9,
26,31,
69,35,
9,-1,
-39,28,
-52,60,
24,17,
77,43,
32,19,
19,-55,
25,-12,
15,8,
2,16,
7,-6,
32,-14,
41,38,
96,8,
44,-51,
8,-25,
22,62,
52,90,
22,31,
-40,-6,
-16,22,
73,33,
117,19,
86,-43,
60,-31,
49,-19,
-17,-9,
-2,-69,
-2,-50,
39,2,
36,41,
49,9,
62,-11,
-24,78,
-50,18,
-38,7,
-4,27,
16,21,
29,28,
4,-31,
-26,-8,
-59,-4,
-29,-33,
-56,-20,
-9,-19,
-24,-12,
-2,-20,
-33,1,
-2,12,
4,-5,
-12,16,
-54,-17,
-44,42,
19,0,
-3,24,
-25,73,
-9,52,
10,23,
1,-13,
9,-1,
-27,22,
3,54,
28,62,
70,-46,
74,-63,
36,-55,
-1,-44,
33,-71,
9,-30,
61,-12,
60,-19,
56,27,
-4,13,
54,-19,
34,13,
43,40,
7,70,
28,36,
-43,8,
-49,22,
-4,52,
20,27,
31,-22,
-16,24,
-48,48,
-17,67,
13,54,
20,4,
33,37,
4,56,
-15,11,
-62,21,
-27,50,
-14,-2,
-61,17,
-27,83,
4,63,
35,20,
27,-20,
26,-78,
-11,-31,
-23,52,
15,-34,
40,1,
52,3,
22,-61,
27,-17,
40,16,
-7,-5,
27,0,
-26,-24,
-15,-29,
-1,36,
-12,56,
-52,87,
4,61,
-36,35,
-8,11,
-25,-12,
10,15,
-55,44,
-72,-6,
-12,-25,
17,-8,
23,-19,
8,28,
-28,-16,
4,-33,
17,-21,
14,-59,
-7,1,
9,-21,
2,-27,
24,-19,
32,-36,
74,-95,
45,-37,
77,48,
76,20,
22,-33,
31,-78,
39,-10,
1,14,
-15,2,
-6,1,
-9,65,
-51,56,
-25,58,
20,27,
53,48,
77,82,
31,50,
27,69,
15,122,
33,54,
51,32,
0,26,
13,35,
32,14,
19,63,
13,41,
9,39,
-27,48,
16,3,
31,41,
8,70,
-32,53,
15,28,
13,-4,
-18,17,
4,6,
-41,56,
-12,35,
38,-29,
12,-7,
-2,23,
-43,78,
-5,48,
40,-34,
18,-33,
-170,-213,
-733,-1267,
-1783,-4229,
-2296,-7070,
-1319,-7048,
453,-3922,
1146,-173,
509,875,
-945,242,
-2535,-572,
-2835,-1349,
-1382,-1525,
258,-964,
877,-431,
437,-509,
24,-837,
-72,-609,
-67,-89,
13,274,
19,115,
52,-7,
159,-55,
303,50,
366,359,
242,598,
123,671,
-49,329,
-12,-47,
59,-134,
74,-139,
53,15,
51,152,
116,286,
142,374,
149,264,
138,25,
76,45,
45,251,
-23,359,
-21,362,
-32,180,
63,91,
111,122,
163,61,
208,41,
123,114,
57,187,
-27,186,
-3,196,
11,176,
8,91,
75,45,
107,58,
113,120,
88,-2,
77,-76,
95,-34,
56,38,
162,118,
254,54,
218,83,
96,114,
0,106,
-49,41,
-14,1,
54,-19,
26,50,
82,66,
78,26,
142,18,
93,103,
87,281,
95,292,
133,289,
113,328,
-102,309,
-133,276,
-136,183,
-19,125,
85,198,
213,286,
173,219,
13,155,
-68,29,
-116,52,
-60,99,
-52,65,
43,0,
73,-19,
149,59,
69,165,
55,207,
-29,141,
-103,99,
-102,57,
64,-21,
81,2,
54,107,
37,135,
-6,54,
-45,71,
-51,44,
-7,-13,
47,30,
47,98,
48,114,
-30,151,
-15,114,
-14,126,
-51,109,
-54,115,
-23,154,
36,48,
80,23,
55,62,
28,19,
37,70,
106,203,
2,148,
-18,120,
48,60,
94,62,
60,92,
57,173,
60,90,
48,87,
-37,75,
37,83,
34,108,
17,168,
52,131,
73,61,
19,32,
32,17,
32,74,
60,63,
6,32,
-38,-37,
-30,5,
28,73,
21,96,
19,71,
-5,79,
-7,102,
-42,73,
-47,55,
84,10,
77,36,
-10,26,
-32,-3,
35,13,
48,60,
22,146,
69,149,
00>
_________________________________
00>
RX Timestamp: 1000952031652
00>
Clock Offset: -2882.481 Hz, 0.361 ppm
00>
RX Timestamp: 1002024088858
00>
Clock Offset: -2837.849 Hz, 0.355 ppm
00>
_________________________________
Sequence Number: 150
00>
00>
Printing STS0 CIR
00>
00>
_________________________________
00>
26,10,
27,17,
4,20,
-48,9,
43,-12,
53,-26,
59,-24,
17,-40,
53,-42,
11,-67,
76,-49,
67,-7,
55,8,
7,1,
13,74,
-31,47,
-46,45,
35,-4,
55,44,
-39,-46,
24,12,
-14,13,
43,23,
12,18,
14,-32,
40,10,
-52,-19,
-11,-20,
37,63,
19,57,
19,17,
23,-23,
-7,-16,
-19,46,
-56,25,
-14,-73,
47,-107,
8,-12,
-10,56,
-2,-3,
-21,-4,
-25,1,
-8,46,
39,60,
35,64,
46,-20,
34,-34,
39,6,
-3,8,
7,25,
-64,14,
-15,70,
15,-24,
-38,-22,
33,-5,
48,-9,
54,-71,
15,-61,
10,11,
-17,29,
15,18,
0,-25,
6,-14,
77,71,
29,-3,
-1,13,
70,-80,
41,-35,
-11,-8,
-47,-45,
56,-46,
65,-6,
73,-26,
54,-4,
107,-46,
119,3,
2,35,
-66,58,
4,-12,
1,49,
19,-23,
-13,-8,
-15,-33,
5,13,
22,47,
61,57,
10,28,
0,-17,
-3,-16,
38,-27,
19,9,
-15,-61,
3,-32,
-29,6,
34,-58,
34,-94,
-23,-34,
-15,88,
-54,73,
13,22,
-3,2,
-2,-62,
43,-97,
-42,41,
-69,63,
-41,24,
56,-48,
99,-36,
77,11,
69,0,
-26,51,
-29,14,
21,23,
60,-9,
8,-15,
-8,-81,
-22,9,
42,16,
72,-69,
55,-37,
19,-16,
26,-41,
2,22,
-25,12,
-1,17,
-3,-2,
22,24,
37,-13,
34,-53,
30,-43,
35,-52,
47,-40,
-40,-4,
0,30,
42,-12,
28,-53,
-27,9,
-2,23,
-29,53,
-19,-28,
-13,6,
21,-17,
14,7,
9,8,
19,26,
-17,-38,
21,-20,
-13,-30,
16,-28,
14,18,
-69,52,
40,-32,
3,52,
12,29,
-5,17,
-16,45,
-11,33,
-25,9,
48,-8,
54,3,
47,2,
13,11,
-28,53,
16,32,
-21,-26,
-23,23,
-37,72,
34,128,
49,45,
21,22,
-49,2,
-1,2,
32,52,
51,-35,
9,-73,
-38,-70,
19,-36,
-2,7,
4,24,
24,0,
59,46,
38,22,
-7,-37,
17,-24,
5,-19,
4,-5,
-15,18,
-49,-8,
26,18,
60,-43,
86,25,
40,-3,
-21,11,
-16,8,
4,-35,
-41,-48,
7,26,
47,19,
28,70,
-8,36,
26,-29,
-29,11,
38,-4,
26,-41,
-3,-3,
-45,2,
-14,3,
-26,-26,
-11,12,
36,50,
30,27,
39,-18,
-1,-6,
-9,-20,
17,-25,
27,-51,
24,-70,
0,-49,
30,-40,
-24,-13,
-4,25,
-10,23,
-14,71,
7,67,
3,2,
34,-16,
-12,-9,
-9,5,
-24,-62,
-2,-90,
0,-31,
79,-77,
105,-69,
-51,-43,
-54,-9,
18,8,
11,0,
-40,54,
-24,42,
-48,25,
9,27,
-5,15,
84,56,
55,18,
2,-26,
-82,-53,
-51,-93,
40,-48,
56,5,
21,16,
20,63,
-10,63,
29,10,
7,-19,
24,-16,
25,-21,
25,-22,
17,-17,
-24,-20,
-8,46,
-18,27,
3,-10,
55,-22,
22,31,
45,-70,
5,21,
30,22,
-5,2,
22,40,
43,35,
79,84,
81,122,
28,35,
43,-15,
-24,4,
15,5,
15,10,
71,-71,
19,14,
-25,49,
-14,73,
-2,68,
-6,-42,
38,-37,
-25,-43,
10,16,
80,94,
68,39,
-3,-47,
-2,-36,
42,-25,
21,50,
10,59,
-15,28,
10,40,
32,-42,
1,-4,
50,29,
30,83,
8,44,
26,42,
-21,34,
-14,7,
20,-17,
32,21,
16,0,
-7,-12,
-35,-13,
-9,-64,
8,-55,
43,-95,
37,-36,
78,5,
-49,36,
41,-29,
9,-35,
-42,0,
-30,24,
49,28,
-1,9,
24,-2,
-35,-7,
3,2,
5,35,
36,-52,
11,-51,
-49,-14,
19,19,
5,11,
-12,-51,
-64,4,
-27,22,
24,24,
16,17,
63,5,
32,-10,
-2,18,
-18,-20,
-6,-26,
-36,2,
26,35,
3,123,
-5,106,
-33,21,
6,-37,
-73,24,
-51,0,
7,-55,
0,-36,
-10,27,
38,56,
3,31,
44,-31,
21,-36,
3,-18,
-29,-38,
-216,-10,
-1427,-195,
-5336,-1221,
-7767,-2721,
-7130,-3588,
-2575,-2900,
834,-955,
1050,283,
199,833,
78,1371,
403,1985,
401,1909,
-68,728,
-359,-792,
-381,-1944,
-132,-1798,
-36,-809,
-191,127,
-67,421,
40,156,
192,12,
194,-154,
250,-434,
366,-435,
377,8,
201,332,
-90,169,
-224,-218,
-29,-293,
212,-105,
306,121,
259,95,
187,-84,
234,-50,
416,-13,
233,-97,
232,-159,
138,21,
29,116,
13,74,
30,14,
-17,-29,
-99,-78,
-63,-44,
-75,20,
-66,-32,
-84,-93,
-86,-66,
-89,12,
-22,61,
137,138,
-28,161,
-5,179,
-14,67,
-37,-14,
47,-62,
124,35,
211,85,
256,153,
132,124,
80,49,
14,61,
-131,102,
-145,39,
-79,0,
-1,17,
128,107,
62,103,
62,-27,
154,-81,
29,-75,
116,-23,
135,18,
149,90,
130,91,
62,113,
-7,97,
53,115,
-8,155,
67,122,
142,82,
293,120,
216,175,
47,70,
52,3,
126,45,
146,84,
68,70,
75,23,
87,29,
2,94,
82,131,
48,152,
98,131,
140,100,
152,77,
160,52,
177,-7,
137,1,
5,-29,
15,-11,
-1,-10,
-12,-49,
34,29,
55,52,
38,40,
115,42,
60,24,
101,65,
111,63,
79,-1,
-40,2,
-45,-12,
16,9,
132,-22,
90,-19,
52,17,
35,56,
45,85,
31,88,
102,131,
43,61,
15,36,
45,13,
78,-3,
23,46,
3,83,
-10,60,
59,-5,
9,-26,
42,33,
22,40,
53,45,
63,1,
109,63,
35,33,
-61,-29,
-62,32,
18,19,
64,37,
33,-17,
61,-52,
93,-3,
-1,-21,
5,-6,
1,49,
27,127,
-17,13,
-10,30,
17,40,
-13,66,
32,-10,
97,36,
73,63,
49,58,
18,62,
00>
_________________________________
00>
00>
Printing STS1 CIR
00>
00>
_________________________________
00>
-16,41,
58,21,
54,18,
-2,29,
25,26,
51,-4,
65,-24,
18,-35,
-5,-29,
-20,-94,
-30,-45,
-36,8,
15,46,
-22,20,
-42,-25,
35,-62,
8,14,
-3,68,
-14,33,
53,-25,
59,-82,
-15,-22,
-8,1,
22,31,
51,79,
49,67,
21,21,
-39,54,
-21,-8,
9,-6,
17,-13,
23,-6,
-3,-2,
87,2,
3,-35,
46,-47,
44,-9,
49,43,
65,78,
85,53,
16,-16,
-8,40,
-29,67,
21,27,
49,-8,
12,-13,
-49,-9,
-32,49,
-44,48,
-19,1,
47,0,
43,44,
-22,30,
38,-8,
88,-27,
-25,9,
-40,19,
9,-9,
7,29,
-8,29,
22,15,
-7,-4,
-57,49,
-35,6,
99,-16,
51,-27,
-28,-2,
-16,12,
-2,4,
-1,24,
60,93,
24,-1,
20,17,
-29,15,
55,-18,
70,12,
38,19,
4,40,
-27,87,
-1,52,
31,2,
1,-15,
35,42,
60,44,
65,20,
24,-22,
-20,-16,
-4,-21,
-38,-7,
-10,29,
61,3,
21,13,
-14,5,
10,61,
35,34,
67,48,
14,-38,
-18,-35,
-13,12,
-3,35,
35,-27,
-19,-35,
-37,-11,
-65,3,
-52,8,
8,-16,
28,-54,
6,15,
12,-11,
3,-6,
21,4,
21,48,
3,4,
-70,62,
10,64,
33,50,
70,3,
53,33,
10,26,
75,49,
45,89,
-8,48,
11,2,
38,5,
78,-4,
78,-1,
-9,-37,
-37,-19,
5,-47,
64,-7,
94,-23,
104,15,
67,90,
61,22,
-6,45,
-15,-4,
0,48,
6,104,
-26,32,
21,57,
38,32,
-9,13,
-23,79,
-13,55,
20,24,
7,21,
10,51,
47,25,
48,0,
7,42,
-40,46,
27,20,
59,15,
54,21,
6,27,
-103,45,
20,25,
85,-13,
31,-25,
6,3,
-17,-22,
40,42,
56,18,
59,27,
43,27,
-20,46,
53,19,
5,16,
44,20,
68,-16,
20,3,
61,49,
28,37,
-7,-13,
-25,-16,
-3,-11,
4,-4,
-7,41,
32,35,
47,19,
1,-3,
17,18,
-3,-17,
-27,-11,
15,-8,
58,13,
-5,9,
-18,36,
-7,88,
44,9,
47,-8,
40,-41,
36,-38,
31,-30,
13,-12,
-8,-7,
26,-33,
-24,-30,
-40,32,
61,36,
41,39,
-8,10,
30,55,
-3,-10,
13,63,
-1,42,
-47,47,
-54,24,
-30,18,
-6,22,
-26,34,
7,37,
7,-22,
-23,27,
32,58,
38,64,
-26,22,
38,-8,
28,-46,
43,12,
42,-40,
86,-12,
82,31,
-17,51,
-52,27,
-20,12,
-23,32,
-52,24,
-37,-57,
3,-9,
-6,19,
27,-27,
17,-18,
26,-55,
72,-62,
-4,-25,
-104,-22,
-70,2,
20,60,
113,12,
104,-20,
21,4,
24,42,
55,20,
50,31,
5,2,
67,21,
43,25,
77,73,
16,58,
-85,40,
-76,31,
54,4,
39,23,
-35,-21,
-77,-25,
-75,5,
1,6,
41,11,
31,11,
-29,9,
2,5,
-36,-53,
40,-13,
36,12,
32,-1,
-10,4,
2,-35,
35,-26,
72,53,
46,44,
20,28,
-9,45,
15,39,
5,69,
43,-30,
42,-13,
63,64,
47,54,
36,39,
22,16,
48,-45,
10,-11,
-37,19,
-10,0,
-8,9,
-14,-11,
21,-11,
-59,19,
-31,70,
-7,47,
29,5,
28,-40,
32,-53,
-13,17,
-40,9,
-7,-17,
24,19,
-14,25,
25,24,
23,-4,
26,-17,
46,38,
35,36,
62,45,
53,5,
19,-31,
33,-63,
45,-41,
25,-37,
44,-50,
5,-20,
25,-6,
-50,28,
-16,-3,
-24,-21,
-6,-19,
14,-27,
19,7,
5,-29,
-1,-6,
31,-2,
16,20,
0,51,
26,14,
57,-15,
35,45,
12,41,
-27,35,
-40,16,
-45,-57,
-55,-35,
-17,-30,
-36,13,
-75,33,
6,25,
6,48,
7,-17,
15,-50,
51,5,
101,61,
17,35,
-42,-9,
36,-5,
16,-27,
28,6,
89,25,
42,19,
66,-25,
25,47,
-64,37,
-90,21,
-19,-6,
63,0,
62,16,
84,-5,
-196,310,
-1610,1538,
-4627,4133,
-6359,5174,
-5887,4272,
-2363,1164,
792,-1094,
1157,-1152,
565,-511,
1118,-753,
2341,-1488,
2654,-1241,
1469,-176,
242,683,
-115,1011,
143,1050,
335,744,
355,171,
240,-135,
63,-85,
57,-141,
201,-433,
359,-740,
376,-765,
65,-388,
-277,-60,
-417,-13,
-233,-265,
69,-428,
240,-524,
223,-380,
101,-146,
-101,53,
-51,58,
180,4,
166,62,
211,29,
166,53,
-111,169,
-187,113,
-44,38,
136,9,
265,66,
307,88,
183,29,
1,-36,
2,-76,
26,-68,
35,-22,
94,16,
142,100,
61,68,
71,59,
-26,-21,
-70,-89,
-107,-22,
-20,-50,
-8,-96,
15,-153,
-44,-164,
1,-165,
-2,-80,
-7,1,
37,46,
117,56,
72,74,
103,17,
51,-20,
59,-9,
97,-15,
85,31,
50,84,
88,40,
37,31,
-25,25,
-89,78,
-166,69,
-189,21,
-110,77,
33,69,
122,102,
106,69,
135,-73,
-31,-116,
-51,-86,
-81,-48,
8,-19,
73,-87,
133,-112,
158,-89,
167,-77,
142,-81,
40,-82,
43,-21,
65,-4,
76,-85,
60,-41,
-22,-106,
-75,-96,
-63,-127,
-44,-115,
-40,-84,
33,-9,
16,-42,
98,-73,
103,-22,
50,-15,
54,35,
70,-3,
75,31,
56,35,
-30,10,
-1,-15,
7,-37,
43,-75,
-10,-13,
13,-46,
-32,-96,
70,-65,
92,-13,
70,-21,
113,-58,
131,-34,
55,-36,
53,2,
50,55,
12,50,
17,-3,
21,11,
46,-20,
55,-22,
-7,-29,
30,-9,
6,41,
17,3,
83,-18,
22,-57,
17,-91,
43,-123,
33,-49,
45,4,
-31,6,
21,53,
63,11,
29,-4,
38,-70,
-20,-67,
-20,-54,
-8,-37,
44,-16,
88,-34,
68,-20,
76,-13,
93,-6,
23,8,
42,-16,
00>
_________________________________
00>
_________________________________
Sequence Number: 153
00>
00>
Printing STS0 CIR
00>
00>
_________________________________
00>
21,9,
42,10,
44,56,
7,-35,
-5,56,
10,44,
45,42,
50,24,
-8,-36,
-16,-19,
-48,-61,
-41,8,
-30,-16,
-21,-100,
32,-74,
34,-10,
-48,-42,
-27,-19,
11,-4,
45,23,
7,-49,
-6,-13,
38,-29,
124,-64,
-9,37,
-39,87,
38,8,
67,-79,
-4,-69,
-23,-1,
6,18,
31,-71,
16,1,
2,17,
12,66,
65,-77,
55,-76,
-26,-23,
-38,8,
-35,11,
-41,-10,
18,20,
8,57,
28,122,
-5,60,
-16,59,
-26,35,
-27,21,
-4,20,
25,21,
-14,-31,
-32,31,
-21,56,
-48,6,
34,-46,
-4,-63,
-52,27,
-14,88,
-45,34,
1,81,
19,29,
47,-20,
38,-87,
-1,-35,
-35,-57,
-25,-42,
-25,-30,
21,83,
60,41,
2,19,
40,48,
60,12,
27,-6,
16,21,
-26,-9,
46,-15,
22,14,
49,10,
30,17,
55,77,
7,61,
99,6,
47,34,
-7,-17,
-3,-12,
24,19,
22,41,
-6,-68,
-61,-69,
6,-21,
48,57,
56,8,
30,-21,
70,-92,
23,-125,
42,-52,
-11,-48,
-25,-4,
-8,3,
51,-24,
60,-70,
87,1,
79,32,
83,-57,
6,-17,
20,-20,
8,36,
-2,8,
-11,-44,
38,-7,
54,-56,
55,34,
-32,-23,
-38,-31,
24,-82,
-26,-67,
-49,-67,
-35,-6,
-47,-37,
-52,7,
-41,64,
-46,27,
-64,-67,
18,-83,
-3,-18,
-4,28,
26,-12,
8,2,
51,31,
21,42,
27,25,
41,115,
22,68,
33,24,
73,67,
1,14,
9,18,
-5,-19,
-60,36,
-104,46,
1,-3,
-66,23,
-48,11,
-31,7,
-5,26,
-26,-18,
-18,-24,
44,-47,
53,-10,
-76,4,
-70,-41,
12,-43,
48,-71,
18,22,
23,42,
35,44,
-1,-5,
-9,-34,
29,-12,
62,-44,
29,-19,
52,40,
43,4,
0,-54,
4,-17,
6,24,
11,-34,
52,-52,
-10,7,
-17,50,
-65,4,
-4,-29,
-25,24,
50,13,
66,-43,
54,-94,
10,5,
-22,17,
-5,-6,
52,-32,
25,40,
34,60,
0,15,
27,0,
9,-29,
2,-45,
22,12,
67,0,
110,12,
81,54,
-30,-85,
-36,-81,
55,-121,
19,-117,
-38,-63,
-57,22,
8,32,
-12,-6,
64,7,
11,-24,
-12,-2,
22,-33,
24,-68,
39,-64,
82,-43,
4,-36,
80,-32,
66,37,
56,47,
39,17,
-15,-15,
-36,26,
21,18,
-30,38,
-19,12,
53,-5,
-1,26,
-16,31,
-21,84,
-19,66,
34,12,
23,-114,
-49,-21,
4,63,
38,78,
13,69,
-3,48,
-17,2,
96,-5,
38,2,
68,52,
-7,37,
40,-8,
-18,-34,
15,39,
45,15,
-42,-21,
-35,-32,
-39,30,
-18,28,
-8,-40,
-85,-57,
-24,-78,
23,-82,
-70,-46,
-59,-84,
33,-48,
65,-10,
-4,19,
-21,-51,
-30,-38,
-30,-43,
-11,-32,
1,-52,
7,-33,
-9,22,
89,50,
77,-3,
27,-23,
-12,-74,
-12,-54,
67,102,
113,116,
113,-95,
69,-109,
49,-47,
41,41,
37,30,
-14,18,
64,6,
19,-4,
10,-14,
-22,-38,
-22,-24,
47,3,
5,18,
53,-60,
-15,-68,
25,5,
65,20,
5,53,
-6,30,
-32,61,
30,55,
20,28,
59,6,
54,-18,
24,-7,
18,-27,
53,-44,
47,-14,
20,-23,
56,18,
39,0,
11,-37,
-4,-36,
14,19,
-37,20,
-11,4,
20,-32,
15,-56,
5,-36,
44,-29,
47,10,
34,42,
45,-27,
65,10,
0,48,
-26,-35,
7,-1,
-9,-10,
10,-24,
56,-45,
57,-65,
-12,-52,
-28,25,
-11,73,
24,13,
43,-33,
32,-29,
52,-46,
95,-72,
25,0,
57,32,
23,16,
-4,22,
92,33,
52,-23,
7,-7,
-14,5,
71,-10,
24,-40,
-25,62,
59,94,
90,23,
51,30,
3,41,
-54,8,
-34,14,
17,72,
45,64,
46,59,
28,85,
-7,16,
-8,37,
-25,51,
31,9,
104,-31,
40,-7,
-12,-18,
19,-1,
72,23,
-3,45,
3,23,
-128,195,
-697,1341,
-2691,4249,
-4993,5933,
-6234,4800,
-5419,1390,
-1920,-2008,
88,-1762,
149,174,
-883,1420,
-1667,1173,
-1337,210,
-309,-690,
321,-1025,
398,-1180,
145,-1236,
60,-833,
-18,-359,
-15,-107,
108,-102,
135,-85,
232,-153,
-7,148,
-97,660,
82,901,
341,671,
526,107,
417,-172,
203,-2,
55,309,
-104,341,
-126,258,
-63,26,
116,41,
224,118,
202,121,
160,54,
286,-86,
325,-247,
301,-213,
323,-121,
232,-114,
127,-108,
-45,-167,
-102,-253,
-137,-344,
49,-282,
32,-108,
52,56,
60,39,
110,-73,
117,-121,
57,-152,
142,-271,
173,-103,
218,-58,
207,46,
169,69,
104,47,
59,-31,
12,-103,
-51,-108,
119,-138,
119,-100,
129,-49,
63,-32,
26,-23,
-19,-111,
-13,-148,
19,-134,
72,-158,
99,-176,
-10,-65,
-88,-52,
-171,-130,
6,-71,
15,-13,
31,114,
-16,55,
-131,100,
-143,79,
-40,65,
231,40,
179,126,
120,92,
80,72,
23,49,
-4,-32,
38,-62,
-18,-43,
33,-90,
71,-162,
182,-55,
166,-29,
105,-27,
148,-95,
198,-58,
149,-16,
80,-22,
104,18,
109,54,
133,23,
86,14,
36,6,
76,5,
51,6,
79,-30,
122,-39,
78,-12,
20,-129,
87,-93,
101,-54,
75,4,
103,34,
73,-1,
143,69,
118,51,
148,49,
93,-27,
65,-10,
7,-12,
20,-6,
-38,-4,
3,-22,
32,-29,
56,-3,
102,-40,
99,-23,
31,-56,
16,2,
63,-41,
33,-65,
26,-45,
68,-129,
50,-171,
97,-105,
115,-34,
44,-6,
67,-22,
31,-8,
41,-22,
48,-57,
85,-40,
140,-78,
60,-44,
80,-40,
88,-60,
10,2,
50,24,
46,-30,
66,-49,
90,-23,
100,-23,
14,46,
54,68,
-7,61,
-5,15,
71,39,
00>
_________________________________
00>
00>
Printing STS1 CIR
00>
00>
_________________________________
00>
-39,83,
14,72,
71,87,
48,34,
42,9,
16,11,
49,-35,
32,-37,
12,8,
14,22,
-15,84,
-33,66,
-11,-23,
12,17,
4,59,
33,-3,
32,-13,
-4,-12,
-8,29,
15,-44,
44,-10,
35,9,
55,17,
86,59,
17,-2,
0,4,
35,24,
-28,-21,
-71,37,
-62,48,
-48,38,
24,-76,
20,-7,
11,41,
13,58,
16,-10,
-24,67,
-46,85,
-35,-6,
-31,29,
-39,85,
12,77,
69,44,
37,16,
-30,25,
17,31,
118,10,
47,60,
-13,10,
-41,19,
-30,16,
16,7,
63,-4,
34,12,
55,5,
46,-11,
-19,-16,
5,-31,
9,-13,
83,5,
87,44,
52,71,
30,68,
68,9,
17,47,
-54,46,
-51,7,
-38,-29,
10,-89,
-10,-53,
-37,-11,
-1,-12,
-15,11,
-1,52,
-5,70,
29,6,
-15,-5,
-43,84,
22,30,
31,10,
-37,32,
-46,36,
8,21,
14,8,
28,-52,
-20,5,
-33,-32,
50,40,
68,20,
5,22,
-26,-41,
-18,-54,
-5,-12,
-18,48,
-14,-28,
-5,-33,
11,-22,
10,-44,
-15,5,
-56,57,
-1,-5,
-24,6,
-31,47,
-66,46,
36,54,
64,15,
50,-7,
29,-22,
-12,1,
-16,22,
-56,11,
49,31,
-8,60,
14,-3,
-26,-9,
-27,15,
-98,91,
-124,55,
-134,41,
-38,-10,
62,-44,
57,-2,
8,-24,
-46,20,
15,53,
68,54,
-25,9,
40,-61,
16,-2,
-1,42,
30,47,
44,48,
44,80,
9,29,
16,24,
-6,24,
2,24,
52,20,
41,-4,
1,19,
24,30,
89,-20,
85,-49,
-23,-20,
-82,-4,
-43,7,
-33,-27,
38,26,
-28,98,
25,41,
51,-17,
67,-9,
13,36,
61,-25,
141,-12,
29,-1,
-28,18,
-40,25,
10,-10,
41,3,
21,44,
19,35,
28,-24,
17,7,
4,28,
-78,39,
-92,23,
-51,26,
-38,36,
2,29,
6,-1,
2,57,
-56,33,
-117,32,
-97,10,
-18,-41,
40,-35,
12,-23,
29,-24,
31,-13,
16,0,
0,28,
30,20,
2,-15,
2,-39,
58,-10,
64,-20,
18,-8,
30,-1,
10,-1,
-41,16,
12,77,
29,-2,
8,-37,
19,-31,
-17,8,
-29,42,
42,62,
36,6,
19,-10,
-28,30,
6,32,
20,64,
31,8,
31,-34,
78,-31,
54,-26,
35,-30,
21,5,
7,25,
37,2,
-9,-14,
-8,63,
1,54,
-19,-6,
-54,4,
-28,72,
76,45,
84,-12,
24,4,
8,1,
35,48,
13,73,
7,51,
-3,-3,
-31,-18,
30,3,
26,53,
-44,46,
-45,49,
-23,4,
44,45,
75,13,
42,-24,
34,18,
-77,27,
-33,32,
50,15,
43,3,
80,-13,
59,78,
-10,47,
1,58,
-64,18,
-57,15,
5,21,
86,0,
80,-9,
53,-19,
31,25,
-13,50,
9,-16,
-3,13,
-42,8,
-25,-7,
56,35,
69,29,
21,28,
-46,-5,
-23,12,
33,9,
-2,27,
18,57,
-12,21,
16,-9,
59,-10,
115,-72,
46,-50,
36,-46,
30,-19,
59,17,
59,-3,
15,15,
5,37,
3,33,
-4,68,
27,54,
4,40,
7,41,
-5,44,
-15,-18,
57,-72,
82,-72,
182,-28,
112,-8,
46,-39,
21,-25,
1,-24,
18,54,
12,72,
-54,82,
-43,103,
-27,35,
38,8,
-12,-46,
7,-67,
0,-1,
26,-29,
10,-62,
-23,-21,
30,0,
84,41,
24,22,
-31,21,
-43,30,
-20,74,
58,36,
19,53,
30,60,
23,27,
18,-15,
73,-25,
89,-32,
47,-28,
-47,16,
-68,56,
-34,38,
25,-33,
97,3,
70,25,
40,74,
45,44,
30,40,
40,75,
1,18,
-15,-30,
41,30,
40,-23,
55,1,
70,2,
-2,15,
-73,-11,
-86,-31,
-49,16,
-16,32,
-34,69,
37,14,
15,54,
4,15,
64,-45,
112,-34,
121,-27,
93,7,
33,46,
58,52,
-33,9,
14,-6,
13,30,
24,108,
60,109,
27,29,
15,26,
45,18,
61,34,
287,207,
1206,1256,
3035,4003,
3891,6449,
2810,6401,
151,3425,
-1343,198,
-623,-771,
1266,-485,
3137,6,
3505,676,
1849,1154,
-116,1020,
-776,631,
-205,594,
342,773,
330,575,
107,43,
-32,-194,
29,-99,
-29,21,
-177,55,
-352,65,
-440,-196,
-377,-461,
-213,-447,
-37,-162,
10,73,
-66,212,
-75,120,
-26,33,
-113,-104,
-166,-281,
-158,-298,
-101,-188,
-87,22,
-192,-15,
-105,-227,
-5,-333,
11,-316,
3,-115,
-39,-65,
-120,-41,
-252,-52,
-228,-16,
-205,-46,
-62,-136,
29,-172,
4,-93,
-76,-33,
-46,10,
-43,-3,
-81,21,
-55,-24,
-48,50,
-36,51,
-70,12,
-111,36,
-142,67,
-196,-2,
-165,-68,
-26,-87,
71,-81,
65,-50,
-12,36,
-29,23,
-77,-11,
-86,6,
-107,-5,
-63,-73,
-82,-93,
-83,-193,
-161,-175,
-205,-148,
-43,-230,
77,-289,
199,-327,
168,-214,
-6,-146,
-177,-145,
-222,-221,
-196,-223,
-63,-125,
19,-16,
76,-35,
129,-91,
48,-83,
38,-48,
-10,-14,
-98,-60,
-92,-58,
-70,-63,
-13,-138,
47,-126,
64,-30,
11,11,
-16,-13,
7,-59,
-44,-65,
-37,-11,
-60,-61,
-9,-78,
-28,-23,
-62,22,
-98,-15,
-6,-55,
-26,-99,
35,-77,
-4,-133,
-16,-85,
-1,-106,
19,-50,
-15,31,
-17,22,
17,-33,
-34,-73,
-83,-68,
-12,-156,
45,-148,
77,-60,
-40,-39,
-112,-71,
-126,-27,
-64,-59,
-9,-44,
-47,-37,
-15,-99,
0,-107,
-60,-56,
-12,-62,
-2,-85,
-6,4,
-128,34,
-30,17,
-37,-43,
-66,-60,
-46,-58,
-1,-38,
-22,-33,
0,-58,
18,-85,
-31,-82,
-42,-68,
-50,-25,
-34,-42,
-3,-85,
-60,-66,
-40,-17,
-54,-24,
-113,-59,
-64,-80,
-85,-52,
-34,-38,
-33,-13,
1,-5,
-33,-41,
-83,-34,
-18,-5,
00>
_________________________________
00>
RX Timestamp: 41418086917
00>
Clock Offset: -2008.438 Hz, 0.251 ppm
00>
RX Timestamp: 42489342353
00>
Clock Offset: -2213.001 Hz, 0.277 ppm
00>
_________________________________
Sequence Number: 30
00>
00>
Printing STS0 CIR
00>
00>
_________________________________
00>
-70,23,
-37,63,
-3,47,
-35,-8,
14,0,
-11,-20,
27,49,
-13,-19,
-62,-108,
-39,-132,
22,-140,
56,-80,
12,19,
-10,80,
-38,50,
-68,-15,
-70,-25,
-24,73,
21,88,
17,37,
8,-22,
31,-43,
20,-18,
-1,19,
-26,-3,
-42,-16,
-12,38,
26,11,
8,38,
12,-34,
10,-46,
13,22,
-22,-30,
-42,8,
-19,25,
6,59,
-16,61,
60,24,
33,20,
-20,62,
21,67,
2,63,
-21,55,
-76,-41,
-21,33,
12,-12,
35,23,
1,49,
37,61,
73,5,
30,-35,
21,-24,
58,-27,
5,-10,
-5,-33,
18,25,
62,79,
63,83,
40,53,
88,80,
-12,46,
-18,40,
-47,-40,
-78,-58,
43,-23,
-3,-51,
-21,-18,
-39,3,
6,23,
-15,19,
-12,12,
9,-9,
41,15,
-2,16,
24,-20,
33,62,
-1,54,
-45,13,
-16,25,
-58,-11,
-77,15,
21,19,
18,-2,
0,50,
57,57,
-26,11,
-3,-25,
71,46,
46,91,
38,67,
23,87,
4,11,
2,-33,
-3,22,
-16,-11,
0,-22,
-3,1,
30,55,
46,49,
18,46,
3,54,
6,53,
-32,66,
-7,100,
-10,6,
16,41,
0,61,
49,22,
-6,-27,
-54,25,
1,2,
55,-37,
90,-46,
49,-42,
-12,0,
-4,24,
32,79,
30,11,
-11,24,
-13,-34,
-40,-63,
-63,-8,
-28,4,
61,-16,
57,-17,
12,-23,
-55,-6,
-73,28,
9,37,
23,72,
-9,5,
-43,5,
15,-8,
-8,20,
23,-22,
45,-36,
-6,-19,
-6,-43,
-11,-16,
-29,66,
-27,31,
22,42,
3,-3,
-38,-43,
-4,24,
48,9,
-11,4,
-15,33,
-59,45,
-16,36,
4,10,
-49,-37,
-32,7,
34,16,
41,52,
-9,33,
-20,29,
-26,29,
2,59,
-49,19,
-26,4,
21,-40,
0,17,
12,23,
39,41,
59,43,
-26,51,
-51,-3,
-33,-22,
13,-20,
14,28,
103,-34,
42,12,
-25,25,
14,8,
6,73,
17,-2,
36,-25,
5,-13,
-11,46,
36,8,
42,-6,
15,-9,
-33,-12,
-20,-29,
23,-26,
46,-42,
-17,15,
28,26,
17,38,
-17,0,
-84,-50,
-88,30,
-26,1,
-13,23,
15,-3,
31,-32,
27,-10,
7,40,
-24,62,
-8,45,
9,12,
21,-25,
-56,62,
-71,49,
-29,19,
11,-7,
-22,-51,
-12,45,
-40,19,
60,8,
10,-27,
6,17,
9,22,
-10,25,
-17,54,
28,-19,
8,27,
-28,51,
-51,-30,
-20,14,
-6,4,
-30,-13,
-8,12,
8,-42,
-5,20,
-37,-3,
-2,24,
69,2,
57,33,
23,2,
-35,59,
-12,-30,
4,-45,
24,-23,
50,-41,
-27,-5,
-3,29,
-26,30,
11,76,
33,28,
-21,2,
-2,12,
75,12,
104,14,
56,28,
-6,19,
15,56,
53,30,
57,74,
42,32,
-15,37,
47,46,
25,79,
-15,52,
34,-4,
73,-2,
4,6,
-21,-6,
9,56,
-11,52,
-33,65,
7,-18,
13,-19,
-28,-31,
-24,-44,
12,-30,
67,37,
19,79,
51,77,
29,0,
-2,-20,
16,2,
17,12,
-13,6,
-13,3,
19,35,
7,6,
1,5,
-51,-13,
-10,31,
9,61,
22,49,
-17,63,
12,-18,
-10,-15,
4,-39,
42,52,
-3,19,
-29,26,
-1,58,
16,31,
2,24,
-15,-17,
-29,-16,
17,10,
31,2,
7,6,
-25,-30,
75,-26,
61,-21,
8,-39,
35,19,
-55,-32,
-77,-15,
-27,34,
37,35,
47,39,
77,-48,
27,-30,
59,-17,
87,8,
20,49,
-39,30,
-14,1,
-8,12,
33,-14,
-13,9,
-26,36,
-43,18,
-49,-64,
-44,-40,
-15,-16,
-17,-18,
-37,-9,
40,29,
23,6,
51,-27,
14,63,
23,36,
62,48,
76,36,
30,11,
-24,-16,
-26,-25,
14,-7,
-8,-19,
55,-11,
1,-5,
28,-39,
19,24,
45,60,
18,4,
19,-96,
-47,-49,
6,-25,
23,-23,
-24,-59,
10,-17,
-9,33,
-34,23,
27,35,
-2,9,
18,-5,
6,-21,
34,38,
13,-36,
67,-70,
469,-345,
2840,-1797,
7653,-3679,
7986,-2994,
7908,-1313,
4801,1784,
-555,1625,
-1227,321,
-900,-722,
-1595,-1377,
-2531,-1837,
-1889,-1621,
-177,-546,
1219,698,
2209,1972,
1599,1715,
529,449,
6,-468,
-217,-447,
-57,-71,
-17,178,
-111,495,
3,889,
-197,627,
-511,124,
-560,-317,
105,-192,
600,178,
131,200,
-309,159,
-620,-83,
-364,-12,
-180,188,
-421,466,
-81,260,
34,237,
4,265,
-131,95,
-40,-122,
-53,-89,
-39,19,
24,111,
34,107,
0,6,
100,-31,
312,47,
330,86,
144,15,
63,-9,
-117,-12,
-81,-115,
-62,-133,
13,-154,
3,-183,
-36,-58,
-124,9,
-189,-13,
-274,-8,
-327,6,
-226,4,
-16,-29,
127,-83,
135,-63,
68,-60,
30,-9,
-11,66,
-86,-56,
-85,-104,
-61,-17,
-93,78,
-5,141,
-61,87,
-177,54,
-279,9,
-339,-28,
-227,-119,
-97,-119,
-84,-132,
-192,-259,
-242,-84,
-272,91,
-536,289,
-132,41,
-14,36,
4,67,
-195,75,
-72,-1,
-119,-21,
-51,-10,
3,56,
-54,-1,
-94,-58,
-115,6,
-136,47,
-176,51,
-139,51,
-112,49,
-191,135,
-21,50,
-30,-26,
-34,9,
-39,70,
-82,95,
-77,112,
-38,33,
-102,7,
-103,-77,
-128,-74,
-75,45,
-139,41,
-147,31,
-86,13,
-32,18,
-136,86,
-24,37,
-10,56,
-6,-2,
-72,52,
-23,13,
-65,-24,
-104,-7,
-178,11,
-151,7,
-100,41,
-47,-2,
-78,-1,
-48,-43,
-18,21,
-29,40,
-114,56,
1,-16,
23,12,
-2,-12,
-116,53,
-35,68,
-35,45,
-6,10,
-24,28,
-97,6,
-110,-22,
-66,41,
-40,30,
-16,-14,
-49,22,
-21,24,
5,-5,
-55,-28,
-22,-63,
-25,-25,
-76,-9,
-104,1,
-116,46,
-37,65,
-38,58,
00>
_________________________________
00>
00>
Printing STS1 CIR
00>
00>
_________________________________
00>
-64,11,
-32,-1,
20,22,
15,-23,
-1,-46,
3,-50,
-4,-5,
35,18,
64,32,
40,56,
52,54,
24,12,
-21,-48,
-63,-46,
18,21,
11,-20,
-3,8,
17,7,
24,14,
0,29,
-21,9,
12,29,
1,76,
11,51,
0,53,
14,64,
42,94,
-32,94,
11,0,
-11,2,
4,43,
-14,60,
18,34,
43,15,
79,-20,
23,-17,
63,7,
9,57,
9,32,
20,40,
32,-55,
46,-34,
42,2,
69,33,
30,24,
29,10,
37,33,
43,46,
54,49,
56,30,
-2,25,
-4,22,
15,40,
3,26,
32,-10,
10,38,
15,18,
-2,-3,
-8,3,
0,14,
29,-42,
25,11,
6,29,
-62,70,
-60,44,
-6,0,
-10,-24,
2,-32,
2,-52,
46,11,
22,92,
-9,101,
-53,-41,
-45,-32,
-24,-40,
-20,-13,
10,24,
33,50,
47,26,
26,11,
67,-18,
38,43,
12,61,
-17,53,
-58,54,
-56,27,
-34,63,
-6,62,
14,-1,
-11,21,
9,12,
-9,16,
-10,31,
2,58,
26,36,
35,78,
44,-26,
36,-35,
8,6,
-7,20,
3,12,
27,16,
9,6,
-5,-7,
22,-14,
43,-16,
44,-15,
23,-5,
32,-24,
24,7,
12,46,
-6,84,
-2,51,
20,28,
63,-44,
60,-20,
42,22,
4,23,
6,-21,
22,29,
107,41,
181,31,
99,32,
5,53,
-5,29,
-21,52,
-20,13,
-23,9,
-1,3,
48,-55,
36,-29,
7,-25,
7,-9,
42,12,
-4,29,
7,30,
-47,2,
-44,25,
34,32,
41,1,
1,0,
-14,-7,
29,50,
42,-5,
-12,12,
-22,23,
-21,85,
-19,94,
-7,56,
37,22,
13,-10,
-27,45,
56,57,
24,45,
47,27,
59,-2,
24,24,
3,7,
6,14,
-8,29,
-59,-4,
-45,55,
-36,21,
36,23,
39,5,
20,13,
16,13,
-64,-28,
-71,-31,
-20,7,
-58,-19,
-36,87,
3,3,
-3,18,
-15,27,
-26,40,
38,77,
-37,36,
26,38,
0,9,
-35,9,
-16,9,
-6,-15,
14,33,
8,10,
79,1,
60,-11,
44,-58,
42,-25,
15,-22,
21,36,
-23,14,
9,-14,
71,-9,
15,-24,
1,-26,
-3,-14,
20,-57,
38,-17,
1,14,
-31,22,
34,17,
87,9,
13,5,
-3,6,
-29,31,
11,13,
23,43,
54,35,
-16,53,
-34,35,
-14,31,
-17,1,
-22,73,
6,95,
25,17,
13,12,
10,24,
56,62,
54,48,
-15,78,
17,12,
32,-25,
55,-16,
17,7,
66,5,
54,-14,
5,-20,
10,-65,
-30,14,
-31,18,
-70,15,
-41,17,
-40,-1,
-49,-32,
-2,-6,
52,24,
12,41,
-4,31,
-16,39,
5,21,
35,26,
88,-4,
39,26,
13,58,
1,26,
47,-10,
17,45,
-40,9,
0,-27,
11,-34,
34,15,
27,-6,
15,17,
9,20,
35,60,
38,56,
7,36,
-16,19,
-17,-6,
-27,3,
-32,44,
-26,66,
41,93,
44,65,
59,79,
47,60,
-8,53,
-41,15,
-5,46,
17,-9,
11,-9,
-31,-12,
-19,-22,
-26,1,
-5,-26,
2,3,
15,42,
22,25,
-3,29,
34,24,
79,48,
29,-2,
-27,-10,
12,-8,
39,39,
22,68,
52,54,
34,3,
15,36,
-30,40,
44,19,
44,25,
19,10,
35,12,
6,-7,
-12,28,
-3,17,
10,14,
40,22,
72,4,
63,-27,
5,17,
-5,24,
29,51,
44,45,
34,12,
-2,65,
-28,41,
-8,17,
1,12,
33,-25,
-13,3,
-13,20,
-5,28,
9,9,
41,58,
-14,73,
-11,16,
-21,-29,
15,-14,
61,-45,
6,23,
-16,16,
28,3,
-2,11,
-11,-3,
-6,-28,
66,57,
37,45,
19,40,
29,68,
20,20,
22,32,
-12,19,
-19,27,
-39,-26,
33,-11,
78,-37,
79,-15,
46,-9,
11,14,
6,45,
24,-13,
32,32,
60,25,
54,51,
-12,36,
-34,8,
7,-6,
27,12,
-6,21,
28,-42,
29,-24,
8,13,
7,-8,
-4,30,
15,-95,
-47,-833,
420,-3998,
1505,-7934,
2445,-7960,
2857,-7143,
1626,-1788,
40,2104,
-323,1741,
-229,775,
-628,2008,
-1622,4027,
-2249,3200,
-1474,711,
-782,-726,
-650,-1027,
-859,-773,
-784,-338,
-546,67,
-55,124,
12,41,
134,152,
179,767,
287,1313,
177,1057,
182,287,
412,-132,
634,-172,
599,355,
305,665,
186,790,
77,530,
45,123,
79,-71,
-31,-27,
-161,81,
-150,69,
-233,59,
-294,56,
-5,-296,
106,-241,
-2,90,
-201,157,
-488,177,
-455,109,
-168,166,
87,159,
181,146,
141,104,
68,76,
9,106,
-106,21,
-64,7,
-70,-37,
23,-13,
133,10,
148,-27,
47,21,
-12,116,
97,197,
257,189,
244,131,
73,157,
1,51,
-142,-72,
-89,-68,
-62,-29,
10,46,
20,33,
-32,89,
-139,207,
-37,105,
-99,-12,
-102,-41,
-99,24,
-5,17,
150,-108,
214,-171,
93,-148,
-7,-162,
-180,-145,
-235,-35,
-208,89,
-76,43,
1,33,
59,18,
153,15,
138,38,
110,144,
-29,165,
-66,184,
-85,112,
-76,127,
-82,133,
-4,90,
49,66,
108,126,
99,95,
99,126,
119,-19,
83,-25,
66,31,
20,147,
50,128,
31,48,
30,26,
-15,54,
8,128,
29,31,
-19,44,
-54,90,
-17,46,
-25,-30,
-19,51,
21,165,
32,52,
74,0,
69,24,
79,27,
12,6,
-7,82,
-56,76,
-14,44,
39,103,
23,77,
-4,81,
-5,82,
14,26,
-1,-1,
-51,24,
-58,104,
5,34,
50,17,
16,45,
-99,116,
-11,83,
4,53,
56,13,
49,21,
55,43,
23,67,
3,69,
-16,31,
-1,-1,
-17,77,
45,89,
42,98,
12,-2,
35,24,
-3,30,
-49,106,
3,55,
4,78,
-2,61,
-9,117,
00>
_________________________________
00>
_________________________________
Sequence Number: 33
00>
00>
Printing STS0 CIR
00>
00>
_________________________________
00>
16,-75,
-4,-50,
7,-8,
17,-32,
99,-36,
-9,-12,
55,30,
17,30,
34,44,
52,-21,
64,-72,
-47,-6,
-30,35,
0,16,
-3,24,
19,14,
-3,50,
-6,74,
-36,60,
-26,46,
-12,50,
30,-2,
13,-30,
9,-25,
-57,45,
6,8,
63,-58,
134,-97,
100,-3,
34,92,
1,-1,
23,-42,
28,20,
12,62,
-34,33,
21,-9,
32,-19,
-9,21,
-36,37,
20,37,
8,-11,
-15,-71,
38,15,
46,21,
34,21,
2,-7,
53,46,
46,-28,
-17,-25,
-11,10,
28,-41,
53,-50,
39,-29,
6,10,
-17,-15,
31,19,
5,-14,
0,-57,
15,-68,
-25,-5,
11,52,
-51,84,
-13,67,
-50,-33,
-34,-48,
-68,45,
-24,46,
-22,-7,
55,5,
73,30,
22,-2,
62,31,
50,-4,
62,31,
23,-12,
12,-19,
-4,9,
-33,15,
-27,2,
2,-58,
86,-44,
45,16,
21,40,
-27,-62,
-51,-88,
-26,49,
-16,112,
47,96,
70,87,
33,-27,
15,-9,
-28,30,
9,67,
-4,47,
37,13,
76,29,
45,60,
10,10,
-24,15,
-5,9,
10,-7,
-21,-14,
76,-21,
-17,23,
-47,-60,
-28,-81,
-75,0,
-21,-39,
19,4,
49,-30,
44,-49,
6,101,
-8,100,
-22,81,
-20,-37,
3,-82,
35,-58,
41,-44,
-47,-50,
12,-4,
-50,-37,
-26,-74,
20,-23,
-29,-23,
68,9,
28,-1,
44,40,
27,26,
22,-20,
63,-41,
61,-14,
19,3,
-32,8,
-51,25,
-58,-62,
-113,-114,
-69,-114,
-3,-114,
6,-7,
-24,17,
-7,91,
-86,103,
-2,-20,
19,-45,
53,-37,
40,-31,
73,-33,
90,15,
17,12,
-52,74,
59,-26,
-13,30,
-13,25,
-55,-107,
-50,-46,
-58,31,
0,18,
-41,27,
-13,75,
-15,27,
-53,-20,
20,24,
9,27,
15,16,
-13,37,
22,29,
53,5,
60,-25,
42,2,
101,18,
43,74,
28,28,
22,77,
80,59,
74,43,
21,31,
-41,47,
3,52,
13,22,
-44,-35,
-19,-68,
-33,9,
-10,34,
-10,48,
4,75,
37,-7,
55,33,
-7,-10,
-72,-2,
-21,0,
14,15,
0,-16,
53,-48,
0,-10,
6,25,
-29,-3,
-21,11,
15,-7,
76,2,
33,8,
5,25,
11,39,
-36,-22,
-91,-26,
-5,11,
4,70,
37,79,
31,0,
-7,12,
-3,1,
26,-1,
26,20,
2,39,
-21,0,
-65,-26,
-59,13,
-36,-44,
-23,-128,
7,-48,
-5,-63,
-58,-97,
-71,-103,
-25,65,
-26,20,
26,6,
4,11,
95,11,
38,56,
-2,53,
-33,1,
43,-17,
24,32,
-17,48,
-50,41,
31,0,
13,-56,
30,37,
19,9,
47,-35,
-49,-26,
-40,-14,
-56,-48,
-34,8,
18,35,
11,12,
39,36,
18,19,
17,8,
7,-23,
15,-15,
17,-59,
86,-28,
56,2,
29,-11,
-28,13,
57,36,
50,2,
-6,-81,
-1,-9,
35,29,
39,16,
14,18,
72,34,
87,24,
65,61,
28,93,
-28,71,
18,66,
49,33,
84,-12,
47,-4,
42,-78,
40,-12,
24,-2,
13,-3,
13,-48,
8,-13,
-1,54,
47,30,
-38,8,
-19,34,
-18,-14,
-46,22,
12,-79,
-7,-56,
-17,-34,
-34,-40,
24,-40,
-26,13,
-75,-32,
-35,20,
-33,107,
7,25,
-6,-44,
62,18,
31,96,
17,87,
-29,1,
38,-28,
11,-51,
-64,-14,
-31,-7,
31,-43,
-3,-19,
-38,16,
19,43,
73,26,
16,1,
16,8,
-59,-96,
-16,-66,
-23,-44,
4,19,
-2,87,
-4,-1,
-28,-40,
12,-23,
61,-35,
5,-10,
43,19,
37,39,
41,-42,
77,-91,
-2,-72,
-26,-58,
-20,-42,
-25,-54,
-44,9,
-4,24,
44,21,
89,-80,
109,-101,
18,-47,
31,1,
9,-31,
-49,-66,
30,24,
76,-21,
-21,-74,
15,72,
41,25,
14,-8,
-2,-2,
-36,-10,
-17,32,
25,2,
-3,-10,
62,-31,
69,-34,
20,-49,
-4,-3,
16,-5,
-6,-27,
15,-35,
30,-2,
-4,38,
145,-280,
724,-1737,
2419,-5185,
4305,-6857,
5485,-5540,
4769,-1527,
1823,1737,
29,1449,
-104,-293,
806,-1473,
1596,-1418,
1290,-393,
238,680,
-306,1103,
-271,1280,
-84,1121,
84,690,
82,201,
49,17,
-27,125,
-38,171,
-200,145,
-12,-177,
46,-584,
-259,-663,
-410,-416,
-463,81,
-311,242,
-217,3,
-83,-380,
-23,-406,
50,-229,
26,-9,
-115,117,
-188,19,
-108,-22,
-80,43,
-228,243,
-243,261,
-369,218,
-252,61,
-154,77,
-9,101,
105,145,
168,160,
142,234,
62,177,
61,18,
69,-90,
-20,-1,
-13,106,
-25,108,
-15,168,
-52,220,
-98,114,
-188,79,
-245,14,
-118,-135,
-3,-89,
74,7,
74,30,
-9,116,
-39,115,
-64,12,
-42,-69,
-30,-30,
-13,72,
29,110,
23,141,
1,195,
-67,387,
-103,251,
-11,69,
160,-44,
166,21,
75,28,
-20,-5,
-56,-16,
53,0,
162,-42,
167,-140,
29,-115,
-145,0,
-132,-9,
12,65,
30,-48,
38,12,
-6,15,
-60,53,
-98,99,
-66,121,
-126,40,
-143,5,
-144,49,
-114,52,
-116,54,
-119,50,
-94,22,
-60,34,
-17,0,
-38,12,
-48,70,
-107,97,
-49,29,
-19,46,
-16,103,
-70,4,
-54,34,
-28,-27,
-9,96,
-10,193,
-143,157,
-113,69,
-106,54,
-105,29,
-121,-23,
-24,2,
-33,39,
-60,38,
-96,94,
-63,40,
0,-5,
-113,-58,
-24,-2,
34,20,
42,2,
-42,77,
-33,54,
-62,44,
-45,78,
-66,91,
-39,42,
-48,2,
-58,-74,
-50,33,
-34,24,
-57,68,
-152,44,
-38,33,
3,-9,
25,38,
9,104,
-50,112,
-34,27,
15,111,
-7,69,
-2,61,
-33,50,
-47,57,
-80,17,
-135,71,
-47,73,
17,90,
2,27,
0,-24,
-68,52,
00>
_________________________________
00>
00>
Printing STS1 CIR
00>
00>
_________________________________
00>
-33,20,
-81,33,
-33,21,
-14,-3,
-25,11,
11,-28,
-19,59,
-8,101,
-14,68,
-15,28,
34,0,
0,42,
-13,70,
18,54,
-8,45,
-12,-12,
33,18,
54,35,
-28,-6,
47,46,
49,60,
-14,34,
3,25,
38,-38,
9,-23,
2,-51,
-4,20,
10,95,
15,89,
-18,32,
27,8,
-20,92,
-49,61,
-129,26,
-74,56,
0,101,
9,82,
47,67,
-37,21,
14,67,
0,78,
-30,85,
-120,42,
-43,-15,
24,-17,
50,-6,
-34,-21,
-61,-17,
-2,-43,
-18,8,
9,59,
9,70,
0,7,
-63,-17,
10,24,
62,37,
90,55,
59,-4,
62,21,
89,21,
100,14,
-19,-18,
-39,7,
-14,12,
13,34,
27,39,
6,53,
18,-8,
3,17,
-30,-13,
-42,10,
-15,31,
34,32,
8,69,
28,10,
19,-1,
16,1,
-13,-42,
-52,13,
-46,24,
3,48,
27,6,
24,23,
5,-26,
-41,-16,
-53,-3,
-43,38,
-15,-12,
28,-26,
64,13,
-17,27,
-34,13,
2,29,
19,63,
19,-36,
-6,-48,
-29,-19,
-35,51,
-44,22,
-42,17,
-50,-4,
10,23,
-7,10,
14,-9,
25,-3,
21,42,
-34,42,
13,15,
-12,-31,
-10,-69,
30,-30,
-28,44,
-30,88,
-72,53,
-46,-38,
-26,-3,
5,6,
-13,13,
-6,42,
-35,24,
5,52,
23,41,
46,32,
82,56,
-17,6,
-24,-22,
7,-39,
13,-17,
62,15,
-57,5,
-9,26,
-14,47,
15,-1,
23,24,
3,21,
0,-15,
18,6,
31,-23,
61,-7,
-7,47,
-42,53,
-27,38,
-18,21,
25,-22,
-27,18,
-65,15,
35,37,
25,-14,
-42,4,
-33,63,
6,64,
-6,-13,
1,0,
-20,22,
32,5,
13,-17,
-26,-36,
-25,-22,
-7,4,
4,-12,
71,-16,
77,-22,
8,-32,
-52,-11,
-14,-10,
-12,7,
-25,-46,
-24,-18,
-53,-11,
-14,28,
-17,20,
5,8,
19,17,
33,-26,
15,35,
20,49,
-48,55,
-19,-11,
19,33,
-50,43,
-44,25,
-18,-22,
-36,-27,
48,7,
40,-23,
19,-6,
-17,17,
-45,45,
-13,26,
55,26,
16,53,
-21,34,
-39,31,
34,-6,
83,20,
30,3,
70,19,
-3,47,
19,32,
-45,14,
-30,36,
-5,61,
-78,1,
-54,6,
31,14,
69,2,
52,-50,
-41,23,
-56,52,
39,20,
49,-57,
57,-24,
-41,41,
-7,40,
1,37,
5,15,
33,38,
-37,59,
-23,20,
15,1,
95,-2,
-3,18,
-77,31,
-74,47,
-8,-37,
41,-32,
23,18,
-6,24,
34,31,
61,0,
-4,6,
-20,6,
-23,22,
-24,-34,
18,17,
30,6,
49,18,
23,53,
13,52,
5,83,
27,53,
22,23,
-35,-2,
-28,6,
-31,-36,
-35,-39,
69,10,
53,-32,
37,10,
1,29,
-44,27,
-39,37,
-12,7,
32,18,
30,16,
32,40,
31,13,
58,45,
53,14,
62,71,
10,18,
21,18,
75,-48,
77,-8,
68,59,
61,52,
22,-48,
-19,-21,
-16,35,
17,-15,
15,-17,
32,23,
54,48,
-38,76,
23,89,
43,15,
-58,41,
-41,45,
-41,51,
-34,15,
-72,44,
-56,4,
-33,49,
10,39,
10,31,
-10,18,
14,94,
-38,60,
-27,-9,
48,-9,
96,-6,
57,3,
-5,19,
-8,0,
62,15,
20,38,
44,63,
55,25,
109,-7,
-27,31,
-49,8,
-19,15,
21,62,
39,86,
-51,32,
-93,7,
-44,10,
29,47,
71,60,
14,47,
62,-30,
36,-78,
19,-11,
10,39,
-4,15,
-2,3,
-2,43,
-1,68,
-19,63,
-17,-12,
-21,-27,
33,-12,
14,53,
28,37,
-46,25,
-57,9,
-52,9,
-53,11,
86,12,
4,-9,
-34,18,
-5,40,
-5,41,
-68,32,
-7,-2,
15,-2,
20,47,
23,44,
61,12,
113,-28,
54,22,
7,-4,
17,23,
37,-17,
6,8,
-26,59,
1,52,
-35,-4,
-2,-49,
15,-33,
-46,42,
15,71,
11,56,
31,20,
-16,9,
-25,14,
-340,-182,
-1619,-1373,
-3679,-4312,
-4163,-6316,
-2785,-5746,
92,-2306,
1389,203,
374,727,
-1735,464,
-3412,-52,
-3412,-722,
-1629,-1047,
189,-649,
655,-331,
58,-517,
-403,-673,
-245,-418,
136,-7,
182,185,
32,82,
86,10,
236,-66,
412,106,
496,374,
425,501,
217,451,
35,113,
16,-80,
117,-118,
78,-73,
67,7,
137,151,
226,273,
164,348,
158,169,
135,6,
232,43,
126,237,
-11,277,
38,163,
53,120,
71,118,
160,121,
239,42,
279,26,
221,125,
90,183,
74,150,
42,80,
134,69,
173,96,
132,48,
75,144,
44,147,
18,36,
-8,-43,
-8,-59,
18,-36,
101,52,
156,62,
132,140,
35,112,
5,87,
-28,-40,
-50,6,
-69,11,
-4,2,
110,0,
112,45,
73,122,
154,139,
211,264,
242,292,
196,300,
35,290,
-49,283,
-91,259,
-9,134,
137,78,
265,124,
331,152,
192,165,
52,89,
-54,54,
-88,72,
30,51,
101,88,
143,51,
101,-1,
59,55,
49,65,
-19,166,
-14,154,
-16,131,
-17,59,
45,3,
41,34,
28,78,
52,115,
62,93,
72,66,
33,89,
67,53,
-17,45,
33,45,
59,115,
58,96,
13,28,
8,97,
32,130,
33,75,
44,69,
32,38,
41,13,
131,11,
56,58,
22,135,
-6,149,
7,109,
-29,108,
-4,51,
55,11,
100,-12,
137,72,
139,98,
91,59,
57,37,
17,40,
44,35,
94,105,
53,95,
26,50,
68,107,
140,133,
83,74,
85,55,
79,43,
8,76,
-38,153,
-36,78,
-3,55,
65,72,
21,62,
11,68,
-26,113,
-17,143,
62,161,
47,76,
77,20,
72,78,
15,77,
32,67,
63,118,
83,73,
57,29,
5,41,
00>
_________________________________
00>
RX Timestamp: 181401470469
00>
Clock Offset: -2845.287 Hz, 0.356 ppm
00>
RX Timestamp: 182473122733
00>
Clock Offset: -1762.962 Hz, 0.221 ppm
00>
_________________________________
Sequence Number: 166
00>
00>
Printing STS0 CIR
00>
00>
_________________________________
00>
-55,43,
9,42,
-2,25,
-7,28,
-4,-5,
-7,-31,
3,-4,
-3,6,
-5,42,
57,27,
39,46,
52,56,
9,22,
37,11,
9,9,
-15,13,
19,-15,
4,-38,
13,15,
-8,-16,
59,-3,
-16,-48,
10,9,
-26,-7,
-47,1,
-53,-29,
0,-35,
47,-56,
66,2,
13,33,
-37,65,
-13,101,
5,117,
-4,76,
19,14,
9,1,
3,-3,
-31,9,
2,-6,
40,-38,
20,-23,
39,-12,
9,15,
36,12,
48,18,
27,11,
-12,-35,
-4,-71,
12,-23,
30,-13,
8,-20,
38,8,
42,8,
7,-12,
-17,43,
1,71,
2,34,
-44,7,
-36,28,
-12,19,
16,17,
5,-2,
5,-42,
47,-40,
95,-65,
114,-48,
76,39,
53,44,
25,-41,
17,-73,
-20,-17,
4,24,
-31,25,
-25,0,
-49,37,
-9,21,
0,-16,
-3,53,
1,52,
22,-26,
43,-23,
19,30,
2,4,
-7,17,
-30,42,
-21,14,
33,11,
-14,35,
37,-38,
40,-38,
66,-28,
46,-9,
29,37,
-20,-13,
-20,-17,
16,51,
14,124,
22,34,
-6,44,
20,-10,
69,-32,
16,3,
26,-5,
94,-13,
25,8,
11,29,
19,-19,
88,39,
53,6,
29,-39,
-28,2,
3,50,
-18,-1,
48,-28,
7,-14,
-11,-30,
50,-19,
26,33,
-17,15,
-17,34,
53,-65,
49,-38,
73,-18,
33,62,
37,36,
49,43,
13,3,
53,-37,
-3,31,
34,58,
2,32,
31,17,
-3,-8,
23,-21,
45,-19,
16,-14,
70,13,
30,0,
57,14,
23,-69,
4,5,
11,-28,
20,-46,
30,21,
41,0,
-6,8,
-18,14,
3,-34,
82,3,
98,52,
53,-2,
6,56,
-44,44,
22,-21,
2,4,
23,-2,
57,-45,
-1,3,
-12,3,
-24,55,
15,34,
12,30,
3,-8,
3,-18,
13,-5,
9,9,
23,24,
-33,27,
26,-1,
65,-40,
21,-13,
-35,43,
-14,30,
19,24,
-14,-18,
-7,-27,
-12,27,
0,-29,
16,-10,
1,54,
-24,68,
36,-29,
27,-13,
-31,-53,
21,-29,
4,-7,
14,9,
9,60,
-6,26,
3,79,
13,-25,
-52,-61,
-44,-33,
-39,-19,
8,-35,
-5,27,
4,5,
7,7,
31,14,
57,33,
-1,57,
-4,32,
17,20,
-6,-96,
46,11,
29,48,
9,5,
42,55,
45,115,
78,-32,
35,-25,
7,15,
-25,18,
-27,65,
32,29,
34,-19,
-46,-1,
-89,31,
-21,31,
-23,-10,
-14,-2,
-2,4,
13,3,
21,-2,
44,-31,
-12,-20,
-6,18,
73,-62,
33,-34,
65,-3,
38,24,
20,-17,
46,-15,
28,-12,
92,-3,
98,23,
33,53,
9,35,
6,26,
16,-35,
19,-84,
2,-11,
-52,41,
23,59,
8,4,
-10,14,
20,-2,
7,64,
-96,113,
-138,99,
-85,39,
-38,-9,
32,-107,
28,-16,
22,11,
41,-27,
83,7,
98,46,
17,0,
2,-29,
72,8,
65,0,
14,1,
-1,40,
-4,24,
21,0,
17,-15,
-13,1,
8,21,
67,21,
-21,-13,
-20,-22,
0,1,
-24,-15,
-21,12,
44,-21,
44,-12,
24,-9,
-2,-39,
-10,34,
29,30,
4,-11,
44,-8,
75,-31,
24,-16,
10,32,
31,34,
5,-5,
-15,-10,
-3,31,
3,22,
-27,20,
-18,69,
33,60,
29,27,
4,57,
-78,46,
-15,4,
-33,-6,
22,-41,
51,-32,
38,-12,
20,9,
3,-3,
73,-55,
39,-59,
7,-5,
-23,46,
16,1,
45,55,
-11,25,
-26,-33,
65,19,
25,50,
36,32,
-4,63,
-14,13,
-11,35,
17,17,
2,24,
16,4,
56,-20,
24,-40,
49,-48,
23,4,
-13,35,
-18,-4,
6,-11,
13,-8,
-3,-6,
29,12,
-14,27,
-11,15,
-16,12,
-6,-17,
22,-74,
5,-28,
-14,-65,
-5,43,
23,24,
14,-70,
0,-90,
8,-7,
60,69,
-15,27,
19,26,
7,36,
43,-11,
-61,14,
-37,49,
18,-8,
47,-10,
6,50,
30,26,
-3,-20,
-13,1,
11,-49,
23,-39,
289,421,
1867,2773,
4309,7239,
3629,7865,
2179,7890,
-916,5420,
-1404,-480,
-420,-1318,
342,-927,
768,-1668,
1139,-2867,
1137,-2295,
408,-314,
-354,1327,
-1368,2520,
-1217,1885,
-266,650,
355,182,
276,-173,
-66,-2,
-225,-2,
-526,-33,
-731,71,
-541,-189,
-164,-479,
200,-565,
240,155,
-99,678,
-174,135,
-174,-435,
-56,-754,
-50,-476,
-134,-221,
-478,-464,
-185,-37,
-144,37,
-160,29,
-33,-80,
47,-116,
44,-147,
-23,22,
-79,171,
-56,112,
7,0,
57,55,
47,229,
22,269,
78,287,
33,111,
13,-74,
135,-143,
215,-81,
242,-60,
192,-115,
-2,-70,
-94,-67,
-31,-78,
-52,-292,
-23,-451,
-2,-279,
17,-69,
78,73,
98,116,
129,43,
81,4,
63,-64,
48,-93,
6,-24,
-111,13,
-190,-76,
-108,-43,
-91,-109,
-84,-129,
-107,-239,
-41,-342,
63,-209,
88,-85,
128,-136,
121,-275,
73,-339,
-63,-293,
-318,-600,
-35,-76,
28,-13,
-35,-13,
-97,-244,
-90,-193,
-2,-139,
24,-48,
80,-61,
94,-77,
78,-137,
17,-106,
-3,-219,
-25,-268,
-73,-156,
-84,-136,
-170,-198,
-71,-31,
-43,-8,
17,-29,
-32,-26,
-64,-21,
-72,-80,
-15,-97,
37,-119,
35,-173,
25,-165,
-26,-101,
-22,-102,
44,-125,
23,-83,
-27,-35,
-69,-108,
-20,21,
-15,-13,
1,-1,
17,-129,
20,-139,
12,-140,
16,-81,
6,-66,
43,-87,
-1,-91,
-3,-56,
68,-82,
52,-85,
28,-64,
13,-33,
-40,-29,
-10,-9,
-28,11,
-39,6,
-23,-114,
-72,-99,
-20,-8,
72,-2,
19,9,
38,-45,
46,-101,
-3,-91,
-49,-58,
-66,-20,
32,-96,
4,-36,
14,-29,
15,-5,
11,21,
30,13,
53,-111,
14,-169,
-23,-101,
-2,-25,
-7,-121,
00>
_________________________________
00>
00>
Printing STS1 CIR
00>
00>
_________________________________
00>
84,-2,
15,-33,
42,-4,
24,1,
20,36,
3,90,
-16,96,
-41,73,
12,-20,
12,-24,
-3,-8,
12,32,
47,-27,
30,14,
-21,23,
-13,54,
27,95,
77,51,
25,-4,
-41,8,
-4,41,
5,9,
6,-2,
-20,65,
5,81,
0,64,
-29,45,
-46,47,
60,19,
41,20,
39,8,
8,-18,
67,-14,
66,18,
71,32,
58,-18,
4,-16,
10,-8,
-10,-7,
-29,-8,
-5,24,
-21,-9,
2,2,
29,41,
0,-14,
12,-40,
-42,-22,
-30,-4,
-117,-2,
-77,14,
-10,31,
-1,41,
37,34,
17,38,
31,42,
5,46,
-33,-5,
-5,26,
-3,35,
23,-1,
47,35,
41,47,
11,40,
-49,53,
-17,14,
-15,1,
-27,-28,
40,-38,
7,55,
-38,90,
-36,79,
-22,25,
20,59,
38,65,
23,106,
-7,90,
-14,29,
-27,-44,
-12,-46,
-12,-7,
11,-12,
-6,4,
6,1,
3,6,
7,-3,
-24,-13,
-28,22,
-26,46,
12,30,
12,27,
32,19,
-23,32,
-47,10,
25,-14,
26,-27,
24,4,
9,-34,
57,-18,
58,41,
38,-3,
68,-6,
57,6,
2,9,
9,33,
12,-5,
25,-24,
24,-62,
-21,7,
-9,74,
-24,22,
-13,16,
-40,-21,
-57,38,
1,14,
3,34,
-4,35,
7,17,
12,25,
14,-6,
28,21,
16,17,
-5,-44,
5,-54,
-50,-6,
-36,2,
28,0,
27,-8,
10,18,
-21,49,
-64,36,
-41,12,
39,-16,
1,-1,
0,39,
-22,64,
46,55,
32,12,
30,23,
28,-12,
-49,33,
-16,23,
30,8,
54,-18,
-3,11,
0,66,
46,59,
3,11,
14,-5,
-26,77,
-44,17,
-10,10,
27,-79,
35,-38,
17,-9,
6,-30,
19,-1,
29,-12,
-1,-33,
18,-42,
-18,-10,
-49,29,
30,46,
-4,69,
26,42,
31,20,
38,-32,
11,-52,
53,-88,
12,-63,
4,-5,
25,18,
60,63,
0,26,
27,2,
22,16,
19,55,
-18,29,
-64,14,
19,9,
-11,15,
39,-10,
11,-5,
15,23,
17,6,
13,-4,
36,-16,
33,-13,
-17,10,
-27,11,
21,13,
33,-5,
76,-4,
-3,-3,
-3,34,
-2,1,
25,20,
-6,16,
31,44,
5,43,
-6,78,
-14,93,
-8,73,
-24,72,
-36,9,
-4,38,
-32,8,
59,4,
-13,4,
36,-16,
62,-11,
34,7,
32,-48,
41,-37,
26,0,
-19,58,
11,3,
-26,12,
16,47,
15,30,
47,4,
62,-32,
65,1,
-13,12,
-18,34,
13,17,
-7,-19,
22,-3,
31,-3,
21,-16,
-5,2,
-8,-24,
-53,-32,
-17,-56,
1,-38,
-15,-6,
29,-10,
26,33,
-5,30,
5,7,
9,38,
21,34,
3,92,
20,34,
-3,-5,
-23,-39,
-8,8,
2,44,
65,-30,
-18,-5,
-4,71,
-9,56,
-82,0,
11,2,
37,13,
41,18,
3,0,
-12,53,
37,19,
13,34,
4,35,
-22,8,
-35,26,
-15,13,
-50,-15,
0,19,
0,-46,
-11,19,
23,23,
-9,2,
61,-25,
60,-56,
-4,-33,
-63,77,
27,79,
42,61,
18,-11,
44,-43,
17,-41,
32,-43,
-3,-24,
27,-22,
34,-1,
33,17,
-7,15,
-31,31,
-43,18,
-9,-33,
18,4,
33,25,
44,47,
57,19,
4,9,
-2,-26,
2,-37,
-2,-13,
-50,0,
-29,58,
-23,64,
1,54,
33,-12,
-34,22,
-29,32,
15,34,
31,53,
-45,10,
-3,-10,
-5,10,
-6,13,
24,7,
62,11,
39,44,
-14,46,
-1,79,
32,60,
36,93,
42,13,
-15,27,
-4,-10,
-18,22,
-22,44,
-29,45,
-10,17,
13,36,
-24,13,
6,22,
32,-48,
68,-83,
43,-28,
19,52,
1,2,
-7,-6,
-18,-13,
14,-31,
42,-10,
16,12,
-23,24,
-9,38,
-50,-60,
-37,-40,
-5,-21,
3,10,
-2,10,
3,30,
6,-42,
7,-59,
15,-5,
-7,47,
-30,50,
-28,69,
-30,-8,
15,-7,
43,-40,
33,8,
21,11,
19,38,
30,97,
-36,55,
43,-64,
731,-437,
3582,-1186,
7832,-1287,
7942,-519,
7230,330,
1907,719,
-1891,903,
-1624,444,
-637,214,
-1771,411,
-3929,165,
-3411,-756,
-823,-1126,
599,-1142,
878,-1201,
671,-1293,
316,-992,
-111,-475,
-100,-19,
-30,44,
-134,170,
-745,529,
-1151,848,
-1013,634,
-214,318,
260,316,
444,581,
-120,755,
-474,746,
-595,563,
-445,313,
-184,117,
7,18,
11,-71,
-99,-169,
-22,-211,
-41,-273,
-39,-215,
364,-140,
256,11,
46,7,
-56,-147,
-178,-405,
-239,-452,
-152,-161,
-69,129,
-35,240,
-9,182,
-96,76,
-234,3,
-64,-152,
-12,-158,
28,-165,
98,-52,
87,124,
89,209,
19,98,
-55,84,
-173,166,
-173,300,
-117,305,
-94,122,
-30,-61,
106,-137,
105,-154,
57,-43,
-41,22,
-13,103,
-78,20,
-226,-53,
-43,-111,
10,-128,
9,-60,
46,-38,
75,19,
211,105,
189,202,
94,108,
65,-55,
68,-259,
23,-275,
-147,-244,
-65,-118,
-14,91,
37,220,
103,181,
-54,155,
-176,144,
-100,91,
-90,37,
-103,-30,
-116,-3,
-79,14,
-24,66,
-70,105,
-115,146,
-66,121,
-73,124,
-8,46,
-34,18,
-16,1,
-60,14,
-98,61,
-76,94,
-21,61,
34,-9,
3,16,
-58,20,
-60,-45,
-46,-88,
-16,-53,
0,13,
15,75,
-19,71,
7,101,
34,83,
29,113,
8,83,
-64,15,
-117,19,
-60,-17,
-89,17,
-125,42,
-183,66,
-47,47,
-11,101,
21,65,
28,-2,
-4,-20,
-23,-54,
9,79,
22,47,
-20,26,
-132,40,
-82,-27,
-10,-42,
19,3,
23,35,
3,85,
-71,60,
-99,60,
-60,65,
-19,23,
31,1,
5,-21,
-93,-4,
-20,-18,
6,-23,
7,-13,
-120,-59,
-59,16,
-52,30,
-15,84,
20,69,
00>
_________________________________
00>
_________________________________
Sequence Number: 169
00>
00>
Printing STS0 CIR
00>
00>
_________________________________
00>
41,-34,
57,-18,
54,-1,
-37,-52,
-54,-2,
-30,66,
57,-14,
70,-79,
49,-72,
63,63,
22,88,
-1,-7,
33,-12,
-2,-46,
18,-98,
3,-45,
-17,70,
57,-18,
19,47,
3,-12,
40,-34,
-6,-16,
-69,-10,
-13,3,
21,21,
-28,-17,
-8,24,
-5,9,
8,18,
-34,41,
-20,82,
-31,43,
13,-71,
-27,-49,
-29,67,
-31,36,
29,-35,
53,20,
9,14,
20,-1,
31,30,
-53,61,
-46,8,
9,16,
7,-4,
61,-31,
2,-2,
-20,2,
1,-49,
32,-82,
33,-66,
63,0,
77,-107,
137,-110,
53,-103,
36,64,
-48,9,
-20,-44,
-51,-40,
-23,-11,
63,-76,
94,-51,
6,-35,
-22,-2,
-5,-57,
7,-23,
-46,-10,
-53,42,
22,2,
37,53,
21,22,
-2,54,
51,42,
27,2,
-5,12,
-138,11,
-122,26,
-31,1,
-16,78,
16,38,
42,56,
5,-15,
19,-58,
-16,-10,
-11,-16,
24,-10,
65,-5,
66,70,
26,118,
-72,54,
-1,-42,
44,-36,
51,20,
-8,11,
-3,-5,
55,30,
105,0,
52,-35,
-9,10,
-51,43,
-30,60,
-81,41,
-23,-36,
19,-40,
40,-95,
6,-75,
-35,45,
1,65,
-19,69,
-72,37,
-83,52,
42,-3,
35,-84,
-58,-37,
-84,-90,
20,-42,
2,-12,
23,16,
-14,38,
10,48,
21,-10,
39,-85,
-31,19,
-73,8,
-87,62,
-28,0,
-55,-20,
-44,-10,
31,56,
10,10,
25,-19,
14,-51,
60,-55,
59,-77,
29,-7,
32,-44,
28,-35,
-36,74,
-69,9,
8,49,
6,10,
-14,7,
71,-24,
71,9,
20,14,
-73,-22,
-24,-59,
-16,-54,
-31,54,
59,115,
-3,63,
5,-42,
10,19,
-14,87,
31,8,
-7,20,
42,-15,
2,46,
-14,67,
31,29,
40,-42,
-11,-10,
-13,-38,
13,15,
-39,94,
-69,31,
41,70,
60,22,
84,-64,
25,-91,
-48,9,
-64,49,
-8,-18,
-7,-26,
52,-75,
-32,-10,
-51,-59,
-46,-8,
-57,95,
5,60,
-10,51,
-13,-28,
30,-20,
-19,7,
-1,-4,
7,-10,
-16,8,
-71,69,
-67,79,
-37,-26,
35,-26,
86,39,
68,-15,
6,12,
48,-45,
43,23,
40,1,
43,4,
18,-6,
10,-5,
18,76,
7,97,
-10,67,
-20,-31,
33,-49,
33,-125,
94,11,
70,5,
22,2,
-43,-88,
-41,-55,
11,31,
6,42,
4,56,
-45,-20,
24,-39,
18,-5,
34,34,
-13,72,
6,67,
73,-42,
65,-26,
88,-67,
64,-99,
-7,-13,
38,95,
24,86,
17,-9,
31,-30,
-22,-2,
-44,6,
-44,66,
-3,30,
5,57,
74,4,
59,-52,
48,-18,
12,-14,
-73,28,
-18,-10,
33,-29,
16,9,
78,11,
-20,-41,
-58,-6,
-20,53,
2,44,
40,36,
115,-23,
65,-37,
-26,30,
-6,55,
-22,22,
-18,-57,
-1,22,
-28,0,
-43,8,
17,-49,
-30,-19,
19,-25,
-7,-23,
-41,-8,
-37,-30,
61,-50,
39,11,
-9,-42,
-16,22,
9,-18,
10,-64,
52,34,
60,21,
-16,-27,
-75,-24,
-4,-70,
46,-49,
30,-42,
-20,52,
4,87,
-26,60,
-66,38,
54,-34,
77,-46,
10,-5,
5,60,
18,102,
6,53,
-30,101,
-30,81,
29,105,
-1,72,
4,-7,
-63,0,
28,25,
92,17,
82,-18,
19,6,
76,-31,
6,-61,
19,-29,
-7,-38,
-3,22,
-28,-1,
-24,15,
14,-37,
-21,77,
62,10,
31,-58,
-15,1,
12,0,
8,-43,
3,-39,
24,20,
26,-14,
50,-37,
4,-44,
-39,-15,
-3,-7,
90,6,
25,-40,
-41,-17,
-13,1,
-13,-66,
-19,-1,
-24,4,
-8,-43,
-27,-87,
-34,-76,
-16,-4,
-4,9,
1,-50,
2,33,
-37,34,
-13,-11,
-30,-54,
-60,-21,
4,-97,
-56,-79,
31,-35,
-87,-26,
-154,-11,
-52,-11,
-19,10,
53,-131,
25,-143,
-56,-103,
76,-75,
49,15,
13,68,
41,-3,
-12,-34,
-44,-9,
45,53,
39,58,
11,-13,
-31,27,
-33,-10,
99,-157,
828,-865,
2608,-2656,
4524,-3788,
5014,-2701,
3266,-82,
799,1429,
-252,927,
59,-286,
851,-799,
1404,-477,
903,95,
29,510,
-477,641,
-467,704,
-393,730,
-197,451,
-26,134,
23,51,
-83,119,
-187,94,
-180,-22,
84,-143,
201,-329,
5,-484,
-208,-373,
-319,-118,
-249,105,
-100,5,
-2,-268,
93,-238,
93,-74,
28,49,
-107,10,
-174,-124,
-173,-94,
-99,7,
-147,83,
-265,86,
-277,79,
-250,50,
-255,35,
-173,102,
-28,220,
92,200,
-51,95,
-10,94,
17,-16,
30,-81,
21,5,
-147,104,
-194,91,
-154,141,
-150,94,
-149,90,
-243,18,
-175,-36,
-87,-58,
77,-54,
42,-21,
24,76,
-26,48,
-66,25,
-71,25,
-85,14,
-27,-66,
-5,31,
-43,115,
74,169,
22,157,
-67,106,
-75,51,
-78,20,
46,93,
54,55,
63,44,
50,2,
-86,-23,
-32,-48,
17,-76,
46,-72,
-2,-38,
-168,-17,
-119,20,
-110,57,
-66,-1,
36,50,
-13,-42,
-28,-36,
-41,74,
-1,77,
-38,31,
-27,-107,
-45,-76,
-104,27,
-119,62,
-80,32,
-128,18,
-142,69,
-128,107,
-49,87,
-41,-22,
-134,31,
-72,20,
-18,0,
-15,17,
-79,-19,
-145,-19,
-87,49,
-48,92,
-98,55,
-87,-21,
-38,55,
-39,-62,
-88,-53,
-57,-28,
-47,-7,
-41,82,
-166,120,
-102,103,
-57,6,
-40,17,
-64,-5,
49,-46,
-10,-61,
-79,62,
-93,63,
-112,50,
-41,39,
-31,-1,
-28,68,
-43,56,
-70,44,
-143,38,
-99,0,
-42,-12,
-115,18,
-49,-37,
-49,-40,
-7,13,
-21,66,
-46,71,
-34,47,
-34,78,
-127,92,
-76,85,
-76,-29,
32,44,
-54,21,
-100,61,
-71,-58,
-3,-27,
-2,23,
-7,72,
-28,-43,
-74,-12,
00>
_________________________________
00>
00>
Printing STS1 CIR
00>
00>
_________________________________
00>
-16,-20,
0,-7,
16,15,
41,17,
82,49,
8,14,
-70,-30,
-56,18,
-46,44,
-43,35,
-3,4,
70,37,
77,32,
23,10,
15,32,
-16,-30,
7,34,
8,-8,
14,34,
36,119,
79,67,
8,58,
11,37,
32,18,
-19,16,
-47,4,
-19,-65,
58,30,
22,84,
-65,104,
-25,77,
11,43,
19,9,
-12,85,
-11,73,
20,19,
18,50,
-3,69,
-35,15,
-80,-25,
6,6,
24,16,
18,79,
16,48,
14,15,
10,-43,
-5,-55,
7,-57,
9,48,
8,74,
-3,88,
7,2,
2,23,
-42,33,
7,16,
94,-48,
62,18,
-7,38,
31,32,
47,-11,
68,31,
24,-3,
7,-21,
13,36,
37,-38,
16,-22,
53,15,
64,40,
37,70,
19,-19,
-6,-18,
-62,-3,
-78,60,
-43,66,
-23,-25,
41,-60,
16,-26,
25,3,
-33,22,
-70,73,
6,14,
53,43,
15,43,
16,19,
0,0,
57,28,
-1,-1,
0,-49,
61,-28,
77,-5,
50,15,
30,49,
23,66,
-24,7,
-23,21,
4,10,
14,40,
7,-1,
-6,-33,
-38,-26,
12,-22,
28,-13,
-19,6,
-61,41,
-42,9,
39,1,
41,-1,
75,43,
-49,37,
-96,3,
-70,12,
-23,-28,
-27,-38,
-2,-41,
16,8,
28,-32,
93,-66,
99,-25,
10,-29,
-49,44,
4,52,
68,32,
53,45,
59,47,
62,38,
101,32,
61,-46,
25,-63,
-13,1,
-9,-15,
49,35,
66,72,
99,32,
118,-1,
24,-30,
-36,36,
-42,123,
-44,61,
-4,31,
61,29,
0,19,
-24,-25,
-5,-107,
46,-63,
7,-22,
51,4,
52,26,
19,41,
-29,32,
-20,2,
-12,-12,
-31,-57,
-23,-38,
-39,34,
18,31,
34,77,
105,97,
18,66,
-12,57,
4,5,
-69,2,
-58,-47,
-11,-46,
-40,-5,
-40,73,
4,-6,
9,1,
-44,-91,
7,-39,
5,59,
-27,10,
-102,3,
-77,27,
38,64,
6,-18,
-36,-19,
28,-15,
46,-36,
30,-88,
56,-31,
104,34,
125,36,
34,-76,
47,-9,
61,18,
25,-7,
-5,-38,
36,-28,
75,-20,
-29,-3,
-2,-13,
5,1,
-41,-14,
19,-55,
-51,-57,
-11,17,
-34,23,
14,-41,
18,-22,
-6,-4,
-31,-2,
6,1,
-96,6,
-32,-15,
61,-36,
65,7,
43,51,
2,84,
-22,69,
62,-8,
52,-18,
62,-34,
19,4,
17,8,
26,21,
-58,35,
-35,64,
34,-22,
35,-32,
38,24,
55,-5,
24,-17,
25,20,
30,65,
-5,58,
31,14,
17,-3,
91,29,
45,23,
37,9,
30,5,
1,95,
-37,97,
-1,29,
6,-43,
-3,30,
22,48,
53,51,
47,-35,
60,-35,
21,-28,
-27,8,
-13,58,
20,32,
42,60,
78,38,
-13,17,
-15,-2,
-28,29,
8,59,
3,104,
9,49,
85,-37,
91,-39,
71,60,
48,125,
26,97,
-46,39,
-8,-6,
26,21,
69,97,
34,65,
35,73,
84,6,
63,0,
-28,-15,
-7,-28,
41,-11,
26,-46,
18,6,
74,8,
97,21,
30,-18,
-80,12,
-49,58,
22,89,
55,20,
7,-32,
-54,24,
-65,-20,
-53,8,
41,-13,
-19,-2,
-33,45,
-28,35,
-19,-20,
-18,-33,
-75,6,
-45,22,
-11,49,
84,-17,
57,30,
-20,15,
-55,15,
-88,69,
-3,46,
107,122,
98,118,
-12,5,
-31,-24,
-51,-38,
-42,66,
30,20,
13,-13,
-15,57,
-20,15,
-17,-17,
1,-31,
17,48,
-17,63,
-31,62,
1,37,
10,-19,
-3,-36,
33,-50,
42,57,
101,53,
66,20,
18,-5,
7,63,
-18,25,
25,-60,
46,-45,
109,12,
85,4,
79,63,
9,-9,
-21,-25,
-6,-46,
38,3,
50,50,
58,50,
96,25,
71,52,
-15,63,
-9,-3,
59,34,
85,22,
101,12,
-6,-11,
-6,-20,
-14,31,
9,-15,
108,-39,
26,-5,
-21,-20,
30,8,
28,40,
23,-7,
78,-12,
1,12,
-45,14,
-35,28,
-28,18,
40,7,
-17,-30,
-107,-284,
-552,-1312,
-1154,-3519,
-1068,-5223,
-285,-4353,
700,-1533,
901,438,
139,491,
-1043,-196,
-1863,-886,
-1742,-1316,
-724,-1102,
320,-405,
524,-60,
170,-288,
-46,-535,
-1,-391,
55,-18,
135,140,
130,33,
152,-23,
231,44,
337,138,
329,346,
176,430,
119,268,
13,20,
4,-106,
102,-147,
90,-84,
58,39,
108,139,
146,278,
65,255,
104,39,
114,13,
77,98,
-11,166,
-110,144,
-98,127,
25,99,
91,87,
91,30,
198,49,
203,76,
121,94,
13,92,
-19,68,
5,-7,
45,35,
13,64,
46,101,
90,135,
113,86,
73,46,
63,-1,
31,42,
61,47,
126,140,
173,139,
110,113,
8,168,
-41,133,
-15,-8,
12,-64,
69,-28,
65,68,
65,6,
101,-3,
150,61,
110,169,
81,191,
62,124,
76,190,
60,222,
-30,153,
-111,107,
-30,74,
35,85,
102,135,
196,144,
205,118,
79,11,
-7,-24,
-34,24,
-39,2,
-6,54,
53,27,
0,-56,
5,24,
7,79,
60,116,
4,77,
-34,-10,
33,16,
68,85,
70,82,
71,50,
94,37,
69,64,
-34,129,
-53,103,
12,49,
0,52,
-8,49,
-38,-15,
-13,-3,
18,12,
24,128,
32,105,
10,38,
42,-4,
-49,-3,
-67,16,
-23,3,
50,75,
98,110,
49,110,
-18,112,
-29,97,
-13,148,
36,88,
71,52,
73,46,
69,62,
67,162,
4,175,
14,127,
33,62,
-27,81,
11,28,
61,21,
80,-48,
34,1,
49,35,
47,88,
5,91,
19,32,
14,7,
38,24,
-18,62,
-9,36,
3,85,
45,4,
69,-2,
50,16,
81,1,
89,-16,
38,41,
33,52,
-10,50,
-83,70,
-83,35,
-17,58,
20,49,
-30,70,
00>
_________________________________
00>
RX Timestamp: 321396307850
00>
Clock Offset: -3012.657 Hz, 0.377 ppm
00>
RX Timestamp: 322467194651
00>
Clock Offset: -3529.644 Hz, 0.442 ppm
00>
_________________________________
Sequence Number: 46
00>
00>
Printing STS0 CIR
00>
00>
_________________________________
00>
17,0,
15,-19,
-5,54,
23,32,
1,65,
25,16,
34,-49,
-96,-41,
-70,-45,
-64,-23,
33,-44,
17,-59,
-17,9,
-3,52,
-15,7,
99,1,
42,-26,
-22,-11,
-12,53,
31,43,
34,15,
75,64,
53,44,
47,34,
-1,51,
36,69,
-16,-1,
27,-55,
16,-71,
-43,-44,
-61,22,
29,-41,
24,2,
-9,49,
40,-34,
22,20,
29,23,
17,2,
80,17,
93,56,
103,27,
72,-42,
6,8,
-48,-28,
-37,-81,
-22,-9,
27,10,
-9,-4,
-7,11,
13,-35,
29,8,
8,31,
22,-38,
-23,-61,
-34,-65,
-51,-10,
-51,-37,
15,-7,
5,-43,
48,-22,
28,-29,
-26,32,
29,42,
15,11,
42,-16,
-7,-6,
40,-43,
-49,-26,
-53,0,
15,-35,
76,-35,
48,-13,
68,6,
20,100,
5,55,
-15,19,
-4,28,
-56,74,
13,-5,
68,-30,
7,-36,
-2,-8,
8,-15,
26,9,
-10,24,
-4,15,
47,-28,
52,20,
32,31,
-1,-4,
-8,-32,
21,-35,
-8,-33,
5,-69,
20,35,
-6,33,
34,54,
28,-12,
21,7,
-32,-1,
7,-43,
-28,14,
40,-31,
81,34,
6,15,
-13,83,
25,65,
-31,24,
-30,11,
-15,-16,
39,-2,
46,-26,
-13,-5,
-51,39,
-23,64,
-24,-4,
18,-45,
10,-8,
-1,-30,
-47,-5,
-26,-56,
-46,-15,
-2,30,
-19,86,
14,38,
64,4,
26,-14,
-14,-56,
-14,19,
3,17,
0,8,
14,-29,
37,9,
-22,64,
-14,36,
-17,40,
-57,22,
-37,38,
-6,14,
-28,2,
10,18,
53,-74,
36,-86,
-8,-28,
30,48,
8,-68,
-33,8,
-29,44,
-41,22,
39,-55,
44,-15,
17,20,
-9,-39,
-18,7,
-27,4,
-11,9,
35,1,
4,1,
-58,-11,
-14,-43,
11,-27,
-2,-22,
-1,-49,
-15,-51,
83,-26,
48,47,
30,-27,
-8,-34,
-31,-4,
-25,21,
-16,5,
-23,-71,
-96,-9,
-26,8,
-11,-5,
-47,28,
-36,-36,
4,15,
68,0,
78,8,
20,-2,
-38,-39,
-3,-2,
-8,-37,
12,-28,
-43,-27,
4,-55,
22,-15,
-1,21,
31,-28,
23,29,
60,15,
51,-37,
55,-27,
17,-16,
27,-43,
-21,-22,
-21,10,
-40,8,
27,16,
40,-56,
-2,-11,
-10,-25,
7,10,
37,-4,
-11,8,
21,-14,
12,61,
58,32,
66,-5,
37,-37,
41,-24,
27,-14,
-37,-43,
-38,-78,
-21,-11,
-44,19,
-33,49,
6,1,
10,-37,
33,-16,
8,-14,
31,5,
-7,35,
-26,61,
-36,25,
4,-48,
0,7,
11,-19,
-16,34,
24,14,
19,21,
9,-46,
-31,-18,
24,-4,
29,-39,
57,-37,
73,-82,
40,-81,
-15,-18,
-20,-65,
-40,-7,
29,-15,
50,28,
9,56,
-44,-22,
-19,-8,
-20,7,
-16,11,
-44,4,
-35,16,
30,105,
36,82,
53,32,
65,-23,
37,-33,
-17,3,
-42,-32,
-25,-37,
-50,-5,
-37,32,
-1,-12,
36,-18,
15,13,
-3,2,
-78,5,
-15,25,
-66,-55,
-55,13,
-118,71,
-41,29,
83,-63,
45,10,
29,-6,
-35,-6,
-14,-69,
51,-28,
63,-13,
28,-14,
18,-9,
27,17,
66,61,
-18,49,
-17,15,
-1,47,
48,-36,
35,-23,
0,-38,
-4,-5,
-66,-13,
-32,13,
-45,15,
-5,-11,
-21,18,
-26,6,
56,83,
37,33,
-5,-50,
13,-105,
34,-58,
-49,-4,
14,-65,
14,-24,
44,-29,
4,11,
-84,-28,
-67,30,
2,49,
0,-31,
16,-19,
26,20,
7,42,
-12,23,
54,-23,
-18,-32,
-27,-59,
19,-35,
1,-12,
19,52,
46,-16,
13,7,
-12,-75,
13,28,
48,-32,
28,-33,
18,-2,
35,-21,
28,-1,
-38,-23,
6,45,
24,-38,
87,-27,
69,-57,
7,49,
-12,3,
38,-84,
9,-25,
-32,-66,
-18,-72,
14,-7,
2,-43,
61,23,
45,-32,
-26,-2,
-8,32,
-40,24,
12,-43,
21,-31,
49,-12,
24,-30,
-62,-17,
-53,-15,
31,32,
60,-3,
139,-6,
47,-45,
122,-402,
891,-2241,
3152,-6048,
4563,-7089,
5147,-5923,
2791,-1518,
180,1411,
-669,1093,
-754,129,
-1259,211,
-1975,518,
-1718,306,
-436,-207,
1011,-300,
1887,-134,
1581,54,
616,-103,
-110,-265,
-240,-123,
-13,103,
26,273,
130,346,
360,354,
156,496,
-246,435,
-322,235,
59,-140,
388,-236,
119,94,
-98,326,
-259,326,
-190,199,
-6,293,
-38,411,
28,317,
73,177,
86,183,
-9,88,
-93,-65,
-107,-21,
26,43,
59,75,
10,32,
9,12,
20,-64,
33,-173,
91,-176,
115,-190,
53,-57,
-23,65,
-77,41,
-188,-28,
-242,-67,
-123,-67,
-52,-65,
-15,-44,
-75,68,
-164,200,
-154,229,
-122,101,
-21,-29,
6,-97,
-26,-107,
-15,-96,
8,-27,
29,7,
-52,7,
-86,52,
-25,73,
-3,83,
14,56,
12,132,
5,146,
-133,212,
-147,196,
-130,110,
-77,-3,
-35,-39,
-162,-44,
-147,81,
-106,311,
-91,401,
-108,173,
-14,63,
7,85,
-95,205,
-101,165,
-33,27,
-1,-49,
-73,-38,
-126,54,
-117,42,
-74,-3,
-83,119,
-39,117,
-24,171,
-5,118,
-48,193,
-72,81,
-64,-18,
-8,-2,
-40,92,
1,98,
11,116,
-17,86,
-39,45,
-84,6,
-87,49,
-95,36,
-23,10,
-67,-31,
-58,68,
-98,48,
-30,64,
20,63,
-20,20,
-64,73,
-107,38,
-5,-54,
-10,39,
-45,112,
-67,107,
-46,87,
-15,82,
-52,16,
-99,-58,
-88,-62,
-109,17,
-80,33,
-47,7,
-5,45,
28,34,
92,80,
-26,78,
-7,42,
15,62,
64,-19,
-11,-35,
-40,-17,
19,-31,
40,9,
17,33,
0,108,
-69,57,
-17,102,
-66,59,
-20,4,
-14,11,
-72,-23,
-22,44,
36,86,
11,53,
-46,131,
-72,108,
-22,62,
-38,8,
00>
_________________________________
00>
00>
Printing STS1 CIR
00>
00>
_________________________________
00>
20,86,
9,53,
-5,5,
-10,-18,
51,-1,
19,28,
75,33,
3,57,
-26,3,
-34,-33,
33,47,
46,40,
-6,18,
-27,0,
-49,2,
-31,26,
32,53,
77,14,
54,2,
12,-15,
-16,6,
-13,34,
-95,47,
-102,56,
-40,35,
-5,-11,
-1,-54,
-11,-52,
23,-25,
44,31,
6,84,
2,51,
-15,-6,
-48,-13,
57,20,
18,-35,
15,-8,
0,-13,
27,-12,
49,9,
82,-7,
50,7,
-22,-4,
-14,-17,
34,-4,
35,37,
45,28,
-10,15,
-4,-2,
11,-10,
33,16,
110,-26,
35,0,
-8,51,
-2,23,
38,4,
50,44,
66,7,
69,80,
-34,9,
-48,6,
19,14,
-19,5,
-53,60,
-76,76,
-39,49,
-5,60,
1,58,
25,34,
27,55,
-9,-16,
-54,26,
-56,22,
-6,71,
12,28,
-18,50,
-25,71,
-43,79,
-30,40,
-55,-15,
-12,-27,
49,-40,
64,-19,
20,10,
-27,44,
-25,34,
6,38,
29,50,
3,3,
4,-8,
-20,-14,
25,41,
-3,16,
-33,35,
-18,20,
14,92,
31,72,
42,15,
-16,-6,
-44,-32,
-25,-5,
-3,12,
55,-9,
29,12,
63,31,
41,3,
-24,-23,
38,-15,
12,33,
-38,21,
-51,28,
9,4,
63,5,
17,2,
43,-19,
58,-20,
56,-28,
20,19,
4,75,
-12,56,
-16,-3,
-12,18,
-15,2,
-28,35,
-2,19,
-5,-23,
30,-38,
78,-2,
-15,88,
13,112,
61,37,
41,32,
41,23,
48,51,
4,-1,
3,-40,
-39,-29,
-33,14,
35,38,
46,64,
-9,25,
-29,35,
-27,34,
-26,22,
25,29,
0,-4,
6,23,
-13,-2,
-45,79,
8,83,
-69,22,
-38,52,
-79,88,
-10,2,
94,9,
44,36,
95,-6,
48,-48,
59,-52,
80,-18,
25,-8,
76,-20,
25,-2,
-12,27,
-22,66,
-9,16,
22,-105,
93,-68,
76,-3,
40,23,
13,-19,
39,18,
25,25,
1,50,
-78,35,
-60,7,
-63,-16,
-18,-5,
-6,34,
1,13,
62,48,
61,-17,
43,-37,
62,-29,
52,17,
5,68,
-6,51,
-11,11,
-7,21,
16,44,
20,-29,
-19,-56,
41,15,
24,52,
17,20,
-14,-11,
-6,14,
35,80,
-22,84,
-43,96,
-32,60,
21,22,
-11,25,
-32,10,
-15,-20,
11,38,
55,45,
48,41,
2,55,
25,37,
-3,22,
23,33,
28,17,
-59,-4,
22,22,
88,-24,
50,3,
-3,3,
-19,-21,
-62,28,
-97,55,
-40,23,
-57,26,
-97,-10,
-25,-19,
42,24,
-4,33,
-20,91,
-29,2,
56,19,
46,72,
12,73,
-7,33,
-37,28,
-32,21,
-6,5,
52,17,
66,23,
56,25,
-9,-21,
-11,33,
-60,41,
-27,15,
34,31,
24,53,
-37,53,
-59,40,
-11,-34,
-8,4,
14,69,
21,16,
22,38,
5,75,
21,53,
3,20,
-19,-8,
39,61,
-2,56,
-8,25,
27,55,
18,50,
-3,80,
-36,-3,
-45,-8,
-45,49,
1,34,
73,-25,
13,-20,
-24,0,
-6,34,
-6,51,
44,79,
36,28,
-29,49,
-21,70,
-30,59,
-3,-6,
-8,-39,
36,-83,
46,-95,
80,-13,
51,40,
66,51,
1,66,
-33,59,
-10,34,
3,60,
-47,2,
-37,-27,
-14,23,
3,-2,
-16,-13,
43,-8,
66,42,
-35,67,
-60,110,
-50,34,
-24,6,
75,4,
104,66,
-26,74,
-69,18,
11,-8,
107,-29,
75,63,
47,28,
47,-27,
38,-86,
38,-45,
64,-35,
10,33,
48,36,
99,32,
44,17,
6,-36,
44,19,
13,9,
-15,-12,
17,15,
-1,58,
-22,26,
-27,-49,
22,-11,
74,29,
38,39,
11,41,
-50,22,
-57,35,
12,70,
29,34,
-24,10,
-10,-2,
-21,-58,
57,-1,
32,29,
-4,57,
13,17,
7,4,
3,43,
44,-1,
86,8,
75,-20,
50,28,
-3,82,
0,129,
32,54,
-6,-24,
8,-9,
31,14,
29,-21,
-36,40,
0,55,
-31,-9,
8,-27,
34,-21,
-75,14,
-486,-301,
-1920,-1769,
-4280,-5013,
-4721,-6458,
-3466,-5322,
-183,-1227,
1377,862,
948,806,
367,438,
852,1057,
1413,2158,
742,2242,
-438,1201,
-1115,318,
-1338,113,
-1300,384,
-829,435,
-186,339,
140,234,
105,129,
182,147,
551,85,
898,135,
783,136,
336,-84,
183,-328,
259,-470,
551,-281,
672,14,
596,134,
354,153,
120,51,
61,0,
-19,56,
-49,257,
-129,340,
-97,405,
-119,130,
-106,-100,
-83,-139,
-17,18,
-55,97,
-132,100,
-139,179,
-62,164,
127,60,
211,-55,
132,5,
-6,46,
5,164,
-61,132,
-61,107,
-172,117,
-63,-7,
35,-107,
103,-107,
49,-66,
80,35,
112,100,
268,-12,
245,-31,
116,22,
-62,23,
-77,2,
-57,69,
-40,98,
13,111,
48,59,
56,85,
11,87,
3,110,
-61,118,
-57,92,
-37,71,
-29,-59,
35,-114,
105,-100,
92,-65,
-117,58,
-236,144,
-209,246,
-90,182,
70,77,
101,-82,
113,-137,
120,-144,
108,-39,
132,38,
46,94,
-1,81,
-60,103,
-89,70,
-80,26,
-57,-3,
100,-14,
127,-13,
133,-6,
104,54,
44,44,
78,24,
150,-11,
79,58,
71,5,
90,7,
24,32,
19,-39,
-1,-32,
-6,87,
16,135,
0,158,
-2,66,
-21,37,
34,29,
26,49,
35,28,
-42,68,
-6,80,
57,63,
114,43,
109,86,
1,52,
43,81,
120,51,
124,34,
25,-6,
25,-34,
-5,42,
-9,52,
-43,59,
-9,45,
75,9,
57,-59,
86,-48,
35,-37,
50,58,
43,121,
41,29,
16,-5,
21,-7,
5,18,
41,16,
76,60,
71,-5,
37,-18,
27,23,
55,22,
27,73,
6,33,
65,-11,
59,-1,
68,-33,
27,73,
53,33,
71,-6,
63,-11,
71,64,
00>
_________________________________
00>
_________________________________
Sequence Number: 49
00>
00>
Printing STS0 CIR
00>
00>
_________________________________
00>
33,-17,
13,9,
55,-10,
69,1,
-14,-30,
14,30,
-20,-30,
24,-31,
3,25,
-23,55,
-31,19,
-46,-11,
-5,-68,
-19,-25,
43,37,
22,10,
26,23,
32,-58,
41,-81,
108,-13,
20,5,
43,72,
94,70,
56,9,
-21,0,
-35,38,
6,79,
-14,106,
-21,47,
-5,-60,
-19,-38,
2,-23,
-53,-52,
-53,-19,
-27,-6,
2,70,
54,19,
24,-11,
-5,29,
-52,-32,
-6,2,
-11,-5,
25,23,
-14,-13,
35,-42,
-54,-18,
-16,-6,
34,-21,
18,-2,
-1,44,
-47,40,
-64,23,
-1,-42,
-42,-84,
18,-68,
11,-23,
-2,28,
-42,122,
-46,112,
-83,73,
1,35,
-10,36,
-24,51,
56,-19,
95,-52,
30,-25,
10,-30,
-27,-25,
-8,117,
107,67,
58,-18,
70,-27,
-64,-74,
-52,7,
-40,2,
-41,12,
26,-21,
-2,-30,
-17,-24,
-45,-43,
54,-37,
70,7,
-18,59,
-49,63,
-64,-49,
-26,-5,
-47,45,
15,47,
21,85,
-52,58,
-8,-6,
39,-26,
27,-34,
61,1,
75,-62,
14,-5,
18,0,
-55,-14,
40,-49,
-19,24,
-67,22,
-110,34,
-128,-28,
-106,106,
-24,51,
37,73,
35,22,
33,49,
-4,-24,
23,8,
19,-56,
0,-18,
50,-85,
76,-30,
24,-106,
4,-90,
-36,68,
-21,52,
3,-74,
21,-60,
-28,39,
1,36,
59,-29,
57,7,
-13,12,
-64,48,
-47,22,
-76,5,
-89,-37,
8,-47,
11,-81,
53,-77,
-9,-17,
59,0,
135,113,
17,94,
5,-24,
-6,-77,
15,38,
49,-4,
12,-22,
-36,-87,
-61,3,
-48,42,
-69,65,
-96,1,
15,-11,
44,30,
66,33,
55,-45,
46,-23,
-54,1,
-4,16,
-12,6,
58,-24,
40,-38,
-2,-37,
-34,23,
-7,14,
-12,-14,
43,-89,
53,-101,
20,-70,
-22,-8,
11,-12,
61,-10,
118,-3,
32,73,
-61,76,
13,18,
34,-50,
8,-21,
41,47,
79,50,
54,57,
-9,78,
-39,38,
-41,62,
69,44,
54,70,
-9,-13,
-62,-40,
2,22,
-43,18,
47,8,
25,9,
60,4,
90,-21,
9,-8,
-73,-14,
-90,42,
-16,35,
-3,-23,
-21,-43,
52,-15,
111,16,
-6,112,
-52,54,
-36,48,
100,-15,
35,-30,
-52,-71,
-89,-39,
-55,-26,
77,-13,
69,45,
4,44,
-10,9,
80,-63,
103,-41,
-29,50,
-56,4,
17,-29,
-20,9,
-40,16,
17,54,
21,14,
17,-43,
59,-45,
36,20,
-7,58,
26,31,
24,-49,
57,-12,
20,-14,
48,12,
-14,-8,
22,8,
22,14,
-2,26,
-21,-1,
-6,-77,
32,-45,
51,20,
60,-28,
-1,-18,
-23,-25,
1,59,
-2,86,
-9,-9,
40,-94,
43,-134,
28,-76,
36,0,
28,44,
25,26,
36,-6,
4,-4,
33,-37,
16,19,
34,40,
8,22,
-7,-31,
1,-53,
102,-22,
69,-34,
19,2,
-47,-28,
5,5,
-20,69,
-14,7,
25,-10,
30,48,
79,16,
-4,33,
-73,44,
-62,68,
8,13,
111,21,
12,27,
11,5,
1,-99,
92,-94,
10,-42,
-19,-4,
-61,34,
-27,13,
74,6,
57,10,
-14,69,
-72,48,
-91,32,
10,2,
-38,30,
5,10,
19,11,
21,2,
4,18,
-16,15,
19,12,
60,-39,
22,-13,
11,30,
-67,-84,
-12,-46,
43,6,
-15,42,
-3,-45,
63,-27,
115,-8,
34,6,
61,50,
105,27,
39,40,
19,2,
1,8,
-42,-4,
-52,3,
10,-28,
3,14,
42,41,
20,-74,
90,-43,
39,-30,
1,13,
-38,30,
-11,14,
14,-44,
-51,66,
-39,106,
-29,123,
33,5,
27,-23,
-19,-26,
-68,77,
-18,71,
-62,-14,
24,-40,
-12,-14,
-16,39,
-107,83,
-84,36,
-12,-40,
35,-15,
25,-4,
8,-46,
-5,-44,
-1,-96,
54,-65,
60,11,
71,76,
96,-49,
64,-50,
-5,-13,
13,-4,
51,-51,
-6,26,
-52,30,
-33,-22,
32,14,
18,6,
-51,15,
-70,13,
-38,-65,
14,145,
-254,1153,
-1266,3538,
-2704,5237,
-3583,4393,
-3001,1451,
-1248,-884,
-34,-921,
57,226,
-554,1040,
-1101,1009,
-784,343,
-180,-385,
191,-746,
109,-801,
2,-638,
-107,-333,
-96,-80,
-35,-2,
8,-161,
77,-217,
111,-24,
7,255,
34,428,
206,371,
396,164,
396,-105,
177,-133,
84,40,
115,130,
64,206,
89,84,
75,-13,
43,-45,
136,91,
140,83,
108,-81,
166,-131,
144,-251,
232,-210,
201,-101,
137,-130,
-12,-77,
-32,-98,
-70,-94,
-27,-186,
-36,-193,
66,-81,
65,-14,
17,-6,
21,-221,
52,-229,
124,-221,
188,-228,
139,-138,
184,-79,
203,22,
149,5,
11,1,
-64,-3,
24,-71,
23,-94,
38,-79,
29,-58,
-4,-27,
100,-102,
60,-105,
-75,-113,
-79,-72,
35,-203,
155,-240,
103,-126,
-6,-34,
-75,-2,
-114,-69,
7,-43,
20,-14,
-12,47,
4,35,
-88,69,
-105,149,
-83,166,
-12,33,
41,-52,
21,-21,
0,88,
-19,126,
28,-12,
-24,-38,
44,-162,
32,-36,
54,6,
122,37,
96,-24,
115,-82,
142,-32,
95,-158,
103,-182,
80,-88,
75,-33,
39,12,
130,-123,
77,-107,
19,-60,
5,-41,
41,-92,
39,-45,
19,22,
-50,40,
24,2,
23,-36,
82,-29,
67,-7,
35,-37,
25,46,
110,41,
149,-4,
71,-55,
85,-115,
123,-114,
117,-59,
50,-12,
-22,16,
5,15,
-30,3,
14,-77,
52,-60,
4,-87,
-43,-49,
81,-52,
38,-78,
75,-47,
123,21,
111,31,
55,-84,
87,-54,
114,-22,
63,-24,
-5,-30,
-6,-117,
28,-100,
66,-76,
12,-37,
-9,-48,
63,-44,
35,-16,
37,-84,
32,-20,
48,19,
3,-46,
118,60,
42,-67,
19,0,
-7,-30,
20,-3,
97,-29,
57,-31,
88,-18,
00>
_________________________________
00>
00>
Printing STS1 CIR
00>
00>
_________________________________
00>
23,0,
52,1,
41,-9,
2,47,
78,50,
66,43,
50,65,
19,77,
-73,32,
-112,-23,
-34,-28,
-38,-15,
-33,60,
-61,43,
9,21,
43,38,
-29,-37,
-23,32,
52,44,
47,10,
68,-33,
76,44,
44,86,
54,29,
23,4,
38,8,
-15,5,
-52,29,
-62,8,
2,3,
-59,-15,
-54,46,
-20,-25,
-57,30,
-38,4,
-17,-6,
93,100,
30,137,
-8,70,
17,55,
94,63,
19,37,
-42,15,
-16,36,
46,31,
-20,32,
-17,6,
29,10,
-30,-8,
10,22,
101,77,
76,11,
64,-60,
22,-29,
-3,42,
0,87,
8,54,
22,-18,
32,-12,
44,20,
-8,38,
14,61,
26,40,
107,-23,
79,-47,
82,-31,
36,34,
-19,95,
8,63,
37,4,
32,27,
4,15,
-22,-9,
-46,-47,
36,-16,
66,64,
39,27,
-19,-52,
23,15,
73,7,
58,-14,
-24,5,
-50,-30,
-42,-49,
-27,-19,
-24,19,
-43,29,
-73,1,
-78,-1,
35,17,
31,2,
49,31,
-4,50,
-5,-13,
2,25,
6,68,
14,91,
85,81,
44,85,
-5,42,
23,-19,
-14,-13,
41,24,
20,-20,
69,9,
53,55,
43,55,
8,48,
36,28,
85,-34,
44,17,
-65,53,
-57,26,
17,-28,
47,-40,
89,43,
61,151,
-33,62,
-14,-5,
30,18,
-5,-36,
-32,-7,
-26,-18,
-33,-89,
-7,-36,
-26,34,
-60,11,
4,-6,
20,-33,
0,13,
-19,-5,
19,2,
18,22,
6,3,
17,11,
19,35,
23,30,
-3,-31,
32,11,
1,6,
-17,19,
1,-50,
25,-48,
16,15,
-20,8,
-14,0,
-4,44,
-4,63,
-31,82,
-9,8,
42,-33,
20,21,
47,35,
3,30,
2,-55,
82,13,
71,-1,
12,-14,
-13,-33,
-98,-21,
-49,11,
-14,66,
32,24,
14,17,
-15,48,
-66,57,
-21,2,
-22,10,
20,-15,
50,61,
47,62,
64,3,
15,42,
22,12,
32,14,
67,26,
61,84,
40,50,
-1,26,
47,6,
45,51,
27,94,
45,94,
-37,-13,
-52,-2,
44,83,
85,136,
1,18,
-37,-3,
-39,66,
30,-46,
6,-55,
-33,8,
-33,17,
29,-21,
82,-5,
108,29,
86,-16,
98,11,
15,28,
-10,76,
46,119,
2,-5,
-27,-69,
-51,-92,
-100,-23,
-37,-37,
28,-6,
29,7,
4,36,
19,29,
36,-42,
29,36,
39,62,
-8,87,
-37,50,
-1,11,
-10,8,
-19,30,
-15,39,
-11,-1,
72,27,
45,-8,
20,22,
-33,-23,
-10,43,
-31,9,
1,36,
30,49,
24,7,
23,22,
55,-21,
74,-8,
17,23,
43,46,
71,29,
107,-2,
37,-44,
-12,4,
-1,-35,
-5,-1,
31,37,
29,-3,
-19,0,
8,28,
38,11,
29,-39,
30,20,
45,99,
43,109,
35,36,
28,-11,
43,-3,
-6,-12,
15,2,
10,54,
-7,4,
-48,-27,
53,23,
101,23,
37,56,
38,54,
14,-29,
15,-6,
-4,26,
-59,39,
14,40,
-27,10,
-13,25,
-27,44,
-19,65,
14,51,
1,52,
13,68,
12,25,
13,-16,
7,-35,
73,39,
73,89,
44,50,
-30,-6,
-56,-25,
-26,16,
-23,-5,
-5,37,
18,23,
69,20,
11,22,
-11,43,
-34,57,
-26,-9,
-25,-10,
0,19,
-83,5,
-33,12,
12,-5,
-61,-5,
-24,59,
-40,60,
-26,-12,
-21,19,
-32,70,
14,46,
9,41,
21,4,
34,10,
10,42,
-11,71,
8,39,
102,90,
30,71,
6,15,
28,66,
71,62,
22,26,
5,-24,
-22,8,
-7,-34,
58,-70,
74,-16,
14,16,
-12,67,
7,11,
53,7,
94,35,
94,54,
88,-18,
0,81,
-11,49,
-13,3,
74,17,
-37,-32,
-43,65,
-49,93,
-37,130,
4,85,
43,15,
34,-3,
24,51,
-29,57,
-9,18,
26,35,
-23,6,
-48,-3,
-56,8,
-59,26,
-51,49,
-42,3,
-21,10,
11,43,
93,12,
35,18,
32,-14,
33,42,
166,320,
779,1494,
1351,3739,
1180,5225,
351,4163,
-680,1282,
-827,-595,
-76,-517,
1140,336,
1999,1162,
1776,1444,
631,1073,
-334,382,
-509,138,
-140,394,
153,524,
103,341,
-30,19,
-74,-150,
14,-41,
10,-11,
-81,-1,
-250,-86,
-248,-257,
-133,-332,
-33,-230,
12,-17,
-77,158,
-105,133,
-35,76,
-20,20,
-110,-115,
-162,-214,
-31,-196,
40,-77,
9,27,
-69,-22,
56,-104,
120,-111,
23,-110,
-53,-24,
-87,-5,
-88,-58,
-140,-104,
-98,-110,
-27,-93,
-25,-53,
-12,-65,
-49,-54,
-89,-72,
-47,-30,
-10,-51,
-20,-85,
-27,-83,
-5,-38,
-32,44,
-74,71,
-102,-38,
-80,-107,
-71,-85,
-57,-60,
38,-11,
60,-39,
15,-27,
-6,30,
38,34,
11,4,
47,14,
10,45,
-49,-32,
-106,-100,
-74,-130,
8,-102,
-45,-125,
22,-177,
60,-85,
128,-56,
84,-57,
-21,-108,
-156,-149,
-198,-164,
-89,-49,
-17,23,
75,105,
31,-4,
1,-11,
-3,62,
-27,93,
-72,61,
-96,-56,
-55,-69,
-20,-67,
42,-31,
31,-31,
39,-45,
-17,-62,
-59,-50,
-89,-92,
-37,-28,
48,-18,
31,-35,
-2,-3,
-59,25,
-59,36,
-49,-12,
-23,-70,
32,20,
49,49,
3,-38,
-3,-98,
-29,-80,
9,6,
-34,63,
-29,45,
-6,55,
-26,2,
41,-85,
17,-138,
-25,-15,
-67,-13,
-12,85,
2,41,
-42,48,
-75,-20,
-90,-78,
-95,-72,
-13,-29,
-20,4,
-47,-20,
-12,-49,
-34,-14,
-13,-22,
-12,-50,
-11,-49,
-3,13,
-13,90,
37,89,
25,-20,
-17,-25,
-8,-25,
-9,4,
0,9,
-34,35,
-56,11,
-41,10,
-20,-33,
3,-7,
11,-32,
16,-96,
-43,-95,
-40,37,
24,55,
18,12,
19,14,
-24,37,
-27,77,
-5,58,
44,-7,
00>
_________________________________
00>
RX Timestamp: 461374680179
00>
Clock Offset: -1807.594 Hz, 0.226 ppm
00>
RX Timestamp: 462446004211
00>
Clock Offset: -1446.819 Hz, 0.181 ppm
00>
_________________________________
Sequence Number: 182
00>
00>
Printing STS0 CIR
00>
00>
_________________________________
00>
38,34,
-19,40,
23,9,
-23,-1,
-12,17,
-104,47,
-12,27,
-5,-17,
38,-36,
23,39,
-4,91,
-30,61,
14,41,
66,17,
54,27,
42,25,
-10,27,
-56,32,
-11,0,
73,50,
81,64,
44,2,
5,36,
39,13,
2,41,
38,27,
40,31,
26,42,
8,48,
18,-25,
58,-6,
57,13,
57,40,
54,100,
24,45,
21,-17,
16,46,
-4,60,
-4,91,
81,14,
71,-12,
35,-2,
39,73,
-25,28,
9,-4,
-8,6,
16,6,
27,19,
46,17,
83,65,
55,56,
-25,69,
-23,49,
-15,-10,
6,28,
55,32,
32,40,
24,-1,
10,-14,
22,11,
-4,22,
31,22,
86,30,
67,-74,
-27,-26,
-45,-60,
-52,33,
16,1,
-43,-18,
-6,40,
-37,19,
37,7,
-3,-37,
54,17,
-18,71,
12,-22,
6,5,
-7,36,
-39,16,
-31,-9,
-50,15,
17,51,
-32,55,
-35,48,
73,14,
61,-13,
44,-32,
-19,-44,
1,-17,
-12,5,
-7,32,
-47,0,
-39,-12,
26,10,
22,11,
35,5,
29,-47,
66,-10,
-14,28,
-9,50,
2,5,
51,-33,
82,7,
102,5,
70,-39,
79,-17,
47,17,
9,7,
3,8,
-10,9,
12,69,
15,45,
61,-11,
79,13,
30,37,
27,44,
18,87,
-64,-3,
-7,-33,
3,13,
11,21,
-2,-61,
-35,-21,
27,21,
-15,87,
-6,86,
22,3,
15,28,
43,-18,
78,9,
-23,64,
-30,37,
-13,10,
-1,-29,
-21,-95,
-57,13,
52,9,
-15,-9,
30,10,
1,6,
24,-53,
-40,27,
-1,40,
-13,40,
66,-27,
29,16,
27,50,
1,23,
-66,-80,
7,-20,
-3,-33,
17,-9,
47,-56,
4,32,
26,17,
93,-24,
8,-17,
28,41,
-9,52,
-47,35,
-29,18,
35,71,
42,30,
-30,7,
-62,-14,
8,-3,
-10,-27,
15,-39,
-32,-49,
-35,-90,
-25,-39,
33,-1,
52,19,
29,-23,
70,-47,
-8,-16,
21,-13,
-89,35,
-49,35,
-29,32,
31,51,
-45,24,
1,-30,
51,-29,
40,-15,
-47,-12,
-81,39,
-25,8,
-6,-19,
47,-22,
3,67,
11,16,
-66,20,
27,60,
39,1,
14,40,
14,96,
-24,75,
-23,-24,
5,-31,
-5,-18,
-31,11,
-31,26,
-5,-45,
-11,27,
15,42,
6,61,
-25,-6,
-74,-13,
32,99,
70,48,
35,1,
27,18,
9,-6,
31,53,
1,41,
-8,45,
-3,15,
-79,0,
31,-16,
-14,-11,
-35,-50,
-24,-78,
-48,39,
-61,78,
12,31,
35,28,
42,32,
-43,8,
-27,16,
17,-62,
-4,21,
-9,7,
-63,-39,
-24,-66,
0,-8,
-19,63,
-13,84,
-9,89,
-13,40,
34,13,
-46,-5,
-4,-7,
17,-6,
72,-4,
8,65,
-17,62,
-67,18,
-77,-38,
-14,22,
109,40,
59,93,
-21,8,
-39,-32,
65,-72,
26,-58,
-11,-34,
20,16,
47,-48,
14,-8,
7,35,
-44,11,
-2,13,
30,82,
25,22,
-8,7,
17,51,
24,6,
-23,-45,
-16,-39,
-13,9,
-5,4,
6,22,
28,-44,
11,-63,
28,-45,
7,38,
30,16,
36,58,
20,64,
-13,61,
-48,37,
-18,47,
4,69,
-44,14,
-44,67,
-10,94,
37,29,
-34,-26,
-53,-50,
27,-44,
60,-50,
81,-47,
54,5,
-17,73,
-91,69,
13,40,
0,-18,
-15,9,
-36,10,
-26,-4,
-39,25,
-42,40,
-11,6,
69,-47,
13,45,
1,33,
-23,77,
21,15,
81,58,
32,38,
-27,15,
32,8,
29,-24,
12,-47,
-4,3,
-44,9,
-11,36,
-55,18,
-17,16,
7,2,
39,107,
2,92,
4,10,
42,54,
8,7,
-39,-40,
-19,-36,
37,63,
-43,43,
-7,-24,
10,-23,
16,-43,
-17,-11,
-40,8,
-10,95,
-23,107,
17,121,
-2,89,
-40,11,
-65,56,
-20,70,
-29,-4,
-32,-27,
-35,-31,
-15,20,
-6,6,
-2,40,
-20,66,
-35,47,
25,8,
-96,-73,
-1150,-145,
-4429,-832,
-7651,-2120,
-7470,-3138,
-4373,-3562,
264,-1442,
1296,50,
511,810,
246,1332,
562,2019,
622,2284,
69,1283,
-410,-351,
-488,-1808,
-286,-2120,
-160,-1248,
-146,-83,
-123,487,
-3,290,
146,9,
281,-133,
194,-413,
320,-468,
427,-102,
273,268,
-22,120,
-225,-235,
-109,-266,
164,-45,
307,209,
284,196,
243,4,
294,-65,
394,-23,
247,-71,
233,-168,
179,-1,
49,61,
-20,128,
2,3,
50,-64,
96,-54,
-23,11,
-54,-52,
-95,-81,
-110,-108,
-90,-91,
-86,-76,
-24,-7,
107,94,
65,175,
-35,218,
-7,232,
93,48,
82,-6,
75,-14,
98,91,
148,100,
168,45,
80,9,
-46,-66,
-232,41,
-182,170,
-121,115,
22,27,
94,46,
64,55,
10,95,
-20,-5,
49,-35,
134,23,
193,39,
167,83,
209,162,
184,243,
31,260,
-26,161,
75,178,
84,228,
179,171,
264,100,
278,-22,
62,5,
50,20,
164,86,
120,140,
89,121,
110,85,
107,62,
80,72,
71,62,
73,126,
53,134,
162,126,
137,123,
122,50,
76,46,
95,45,
56,14,
45,-38,
47,25,
88,1,
105,-6,
73,25,
76,40,
102,98,
91,91,
88,50,
127,25,
138,61,
84,109,
79,56,
63,4,
57,39,
51,38,
11,30,
57,78,
78,86,
100,-11,
84,46,
76,74,
119,57,
85,71,
92,127,
67,96,
60,52,
27,27,
25,33,
46,43,
34,85,
68,54,
52,-5,
39,9,
55,-27,
86,-14,
56,35,
8,27,
46,9,
52,50,
51,56,
15,-16,
5,18,
13,78,
18,26,
42,-10,
15,-21,
-21,28,
19,25,
89,124,
109,87,
103,65,
148,106,
117,-22,
96,-19,
16,-16,
71,4,
105,-10,
119,-20,
72,-23,
44,23,
00>
_________________________________
00>
00>
Printing STS1 CIR
00>
00>
_________________________________
00>
-53,62,
-20,5,
-13,-1,
40,39,
24,16,
-40,7,
7,-43,
14,5,
-50,22,
33,71,
8,24,
-3,46,
4,34,
10,-13,
28,-14,
25,14,
-16,52,
-23,-9,
-21,-18,
-46,-12,
-41,25,
1,42,
-7,9,
-24,20,
32,46,
42,7,
23,52,
75,59,
56,52,
22,30,
9,6,
26,11,
-2,22,
-1,70,
-26,-4,
-19,-26,
-18,-12,
-34,-13,
-9,35,
19,-13,
4,64,
14,69,
4,65,
20,54,
-11,1,
-4,7,
-34,-8,
-4,3,
38,54,
28,-14,
56,-16,
95,37,
48,15,
40,-69,
63,-71,
50,-10,
-39,25,
-47,22,
74,37,
109,-30,
52,-70,
-62,-64,
-58,1,
15,53,
45,55,
105,92,
89,116,
62,128,
26,54,
53,-6,
60,4,
44,26,
25,12,
45,-37,
32,-11,
61,31,
69,-26,
121,-14,
81,-43,
32,-55,
-2,-6,
-22,-11,
63,41,
32,7,
-18,33,
21,20,
49,86,
90,26,
55,-6,
47,10,
18,44,
-12,26,
-6,-15,
-7,28,
48,53,
44,59,
-15,38,
-20,53,
4,14,
30,52,
20,21,
54,4,
27,2,
20,36,
-2,44,
-75,83,
-43,19,
-14,9,
-29,6,
-4,9,
-40,35,
-26,45,
59,41,
67,3,
-7,7,
22,2,
26,-3,
53,38,
7,31,
-104,36,
5,52,
24,76,
-6,68,
-12,54,
5,47,
22,1,
50,50,
52,43,
-20,35,
-27,62,
49,37,
29,39,
23,50,
146,40,
85,-45,
46,-18,
19,-33,
16,12,
-28,38,
-8,27,
27,6,
35,-1,
45,20,
59,17,
34,28,
-9,44,
-15,-30,
-6,-41,
43,17,
25,14,
26,-10,
80,11,
51,3,
98,5,
59,22,
75,-28,
12,31,
-41,61,
-45,85,
57,87,
7,49,
0,-27,
41,38,
14,66,
-26,42,
-20,21,
7,6,
5,13,
98,4,
10,78,
-12,87,
25,42,
66,47,
31,74,
21,72,
46,22,
47,19,
-13,-4,
51,2,
97,50,
120,-17,
59,-24,
68,14,
45,64,
28,63,
10,8,
13,46,
-34,75,
12,60,
75,-7,
48,11,
-17,9,
-27,8,
-33,-47,
-14,4,
-30,-12,
-48,46,
6,97,
11,56,
-37,-12,
-30,16,
31,44,
51,13,
67,15,
32,17,
-46,-10,
29,-1,
-26,-1,
-8,22,
-115,48,
-28,40,
2,62,
2,58,
55,44,
89,41,
-15,71,
-77,129,
-8,35,
32,-31,
33,40,
-2,34,
-11,44,
0,52,
-47,11,
-22,-4,
1,29,
8,3,
42,-9,
33,-35,
39,-13,
4,12,
28,-18,
91,-24,
119,4,
29,60,
-29,54,
23,3,
-1,26,
-27,-2,
25,35,
3,43,
-50,28,
-33,-10,
-25,26,
-24,32,
9,61,
-2,-2,
55,-40,
60,-17,
-3,-18,
20,79,
60,53,
76,21,
45,-5,
22,-19,
11,28,
-6,23,
-12,-43,
34,-73,
0,-59,
38,-11,
75,78,
52,25,
83,2,
124,-21,
109,6,
52,55,
49,9,
69,33,
69,10,
-21,52,
-32,75,
48,19,
-1,-28,
16,-30,
19,29,
-35,33,
-11,33,
19,55,
63,53,
57,31,
58,20,
131,-2,
28,46,
-36,34,
-25,16,
-15,27,
-1,-5,
16,17,
22,3,
-23,-10,
-25,-20,
17,-36,
16,31,
27,35,
8,27,
-9,19,
38,-10,
-14,1,
0,6,
60,37,
65,15,
39,28,
37,18,
25,-23,
-5,-12,
39,20,
15,46,
29,62,
56,28,
52,34,
40,-14,
10,16,
11,56,
33,-10,
70,-7,
-17,-44,
49,2,
46,-10,
12,-21,
-8,21,
-1,100,
47,92,
33,73,
-27,12,
-18,44,
-7,25,
30,-6,
65,-39,
47,-20,
27,8,
79,-44,
13,-49,
53,-15,
45,59,
40,50,
24,26,
32,11,
38,18,
52,5,
42,48,
-14,25,
2,11,
-15,-1,
-1,18,
29,4,
70,-86,
-2,-27,
9,32,
-18,28,
55,25,
-80,255,
-1231,1191,
-4136,3355,
-6616,4552,
-6621,4062,
-3906,1892,
459,-819,
1546,-1391,
861,-725,
1030,-790,
2290,-1471,
2865,-1346,
1801,-200,
316,768,
-338,1143,
-186,1267,
139,1021,
274,429,
276,-41,
63,-76,
90,-51,
251,-262,
380,-632,
505,-843,
271,-552,
-143,-212,
-427,-82,
-223,-235,
65,-483,
298,-503,
343,-393,
169,-180,
5,-23,
-33,131,
179,66,
211,64,
203,76,
227,90,
-62,174,
-202,165,
-55,38,
106,-18,
216,70,
252,106,
255,46,
172,-42,
90,-128,
49,-76,
23,-48,
36,9,
71,-7,
84,41,
69,61,
16,92,
-39,-25,
-109,-87,
-91,-62,
-49,-2,
65,-52,
40,-99,
15,-189,
25,-161,
-39,-56,
-16,90,
55,104,
25,81,
-56,39,
-56,-56,
44,-120,
144,-91,
146,-28,
65,32,
50,62,
65,38,
15,19,
-16,-22,
-63,-18,
-159,-25,
-59,28,
-22,177,
58,211,
126,153,
74,104,
31,5,
4,-48,
-26,-122,
-24,-86,
34,-100,
89,-89,
143,-30,
83,46,
-17,85,
-11,100,
21,91,
9,-2,
30,-79,
57,-112,
6,-40,
6,-69,
-58,-48,
-10,-24,
44,-101,
61,32,
90,-7,
60,48,
53,-8,
2,-33,
15,-1,
94,-26,
86,12,
94,-13,
56,52,
42,-2,
16,-7,
2,-57,
-24,-57,
-5,-10,
44,16,
88,-34,
87,-70,
79,24,
127,18,
153,-21,
137,-40,
56,0,
22,9,
54,-46,
66,-48,
51,33,
100,50,
68,-16,
12,23,
0,-12,
64,1,
75,13,
64,27,
56,21,
71,-29,
64,-60,
44,-88,
27,-6,
50,-46,
129,-13,
74,18,
43,-14,
-6,-2,
24,0,
5,-19,
25,-36,
39,-28,
39,39,
44,12,
37,-16,
16,15,
45,49,
-10,43,
10,-7,
37,-25,
69,-9,
67,12,
9,32,
00>
_________________________________
00>
_________________________________
Sequence Number: 185
00>
00>
Printing STS0 CIR
00>
00>
_________________________________
00>
-43,29,
12,45,
5,98,
-25,37,
43,38,
-46,-20,
23,-12,
46,14,
79,69,
58,77,
40,77,
72,4,
8,50,
4,21,
-12,-25,
0,66,
17,74,
-68,57,
-23,-34,
-33,4,
-4,4,
47,-46,
45,-49,
57,19,
2,57,
-25,8,
13,27,
22,-96,
8,-20,
-4,110,
3,5,
91,-7,
106,-82,
8,-6,
15,47,
-72,132,
-7,100,
28,-2,
-15,46,
29,61,
-22,41,
30,26,
-4,47,
32,16,
-19,71,
18,45,
-42,42,
-19,13,
-29,55,
1,19,
13,-41,
20,34,
-11,35,
62,10,
66,-3,
115,-31,
75,18,
0,65,
24,-8,
17,-28,
21,-61,
57,-30,
-6,60,
33,67,
43,-30,
41,-5,
52,25,
22,48,
5,17,
9,-33,
9,-5,
16,-43,
22,-1,
-4,-10,
26,-80,
54,14,
23,-8,
-12,-31,
-40,-61,
56,-20,
56,-3,
78,25,
10,36,
-4,24,
6,7,
23,-4,
-10,36,
49,28,
48,6,
-19,5,
-47,2,
-21,35,
27,-56,
57,-24,
-4,23,
19,-17,
15,21,
34,-13,
14,63,
-2,7,
49,23,
41,109,
46,102,
-3,-42,
-61,-107,
-103,-132,
-65,-103,
-8,-76,
-8,14,
31,-51,
59,9,
-7,97,
-27,35,
39,-12,
15,55,
-51,109,
-6,98,
36,39,
12,-4,
3,-51,
26,15,
-1,29,
36,84,
28,50,
19,20,
55,37,
39,12,
40,26,
26,66,
56,-10,
28,-9,
18,-9,
17,27,
-22,39,
-8,2,
-21,-2,
47,-4,
-3,8,
16,21,
0,15,
32,-28,
58,56,
35,69,
16,9,
-40,46,
-23,25,
25,58,
58,48,
21,14,
15,12,
47,-32,
24,17,
7,-36,
45,5,
69,33,
0,61,
-18,-41,
72,-4,
58,-18,
29,20,
-16,29,
44,31,
99,24,
18,21,
8,52,
0,12,
30,22,
-21,51,
44,-41,
-5,-92,
21,-67,
13,-47,
-7,64,
23,75,
37,-9,
41,-49,
11,23,
25,31,
-1,-8,
28,-13,
-12,20,
7,-9,
39,-120,
61,-99,
24,-12,
62,-4,
52,-31,
43,-26,
66,-53,
0,29,
-12,34,
33,76,
30,121,
-20,79,
42,-16,
35,-27,
21,23,
-26,116,
7,86,
88,51,
33,-30,
-46,-50,
-40,-52,
56,-36,
36,72,
48,43,
-20,29,
38,-30,
11,-40,
-27,-34,
4,-9,
-15,14,
-30,72,
-19,10,
77,-33,
38,65,
7,-16,
29,29,
4,-22,
-76,1,
-18,-29,
-11,2,
34,-89,
47,-81,
14,13,
60,42,
59,69,
58,18,
31,31,
60,27,
-44,-22,
-48,-62,
-90,-9,
-48,-47,
-68,-32,
61,-40,
84,-51,
27,-41,
-57,35,
36,-10,
41,-34,
20,-69,
29,20,
31,-26,
18,-7,
36,-29,
-6,-41,
8,34,
22,-8,
-21,-9,
-50,26,
-32,-37,
47,-26,
110,-28,
28,-9,
-3,11,
-7,-22,
7,55,
-60,-40,
-37,65,
-27,62,
-13,50,
71,20,
7,20,
-30,-36,
5,-53,
14,-113,
81,-6,
49,16,
68,20,
18,36,
97,13,
50,17,
12,-37,
4,-21,
14,39,
77,4,
28,55,
56,60,
0,26,
-14,-25,
3,3,
32,36,
-8,26,
1,-50,
-16,-22,
-33,34,
33,14,
-25,45,
60,-62,
36,-18,
-4,42,
7,16,
-27,25,
33,43,
-31,10,
-41,-20,
-68,-51,
-34,-78,
23,53,
-12,85,
21,86,
1,34,
-46,15,
12,-11,
-4,40,
-19,74,
23,66,
-10,56,
26,46,
37,-18,
-46,-36,
-33,-93,
-14,-114,
19,-12,
55,-11,
9,11,
-31,9,
-26,51,
-4,-11,
21,27,
22,39,
-2,39,
-41,17,
-2,21,
44,-41,
-2,-21,
-15,-15,
-24,0,
11,2,
25,49,
99,36,
21,57,
-34,61,
-20,89,
-19,-44,
51,-12,
2,-18,
-4,59,
-16,79,
41,71,
68,41,
37,32,
38,13,
-42,-41,
-71,-51,
6,37,
-24,-24,
15,13,
-3,54,
63,40,
41,13,
4,-42,
-31,11,
-24,-35,
-62,22,
42,-6,
49,-111,
426,-881,
1972,-3477,
4329,-5939,
5743,-5431,
5641,-2406,
2439,1464,
173,1872,
-276,274,
543,-1056,
1414,-1282,
1313,-479,
427,384,
-246,1030,
-276,1107,
-137,996,
-16,765,
65,329,
79,91,
-85,43,
-192,52,
-301,86,
-5,-153,
94,-452,
-24,-641,
-294,-641,
-448,-249,
-320,227,
-185,108,
-104,-251,
-3,-369,
60,-271,
103,-40,
1,40,
-176,13,
-235,-94,
-141,-50,
-88,110,
-205,283,
-276,266,
-260,111,
-204,188,
-107,218,
-35,186,
95,181,
157,291,
90,305,
-5,121,
-51,42,
-86,38,
-187,86,
-174,106,
-34,123,
-158,249,
-104,172,
-218,28,
-201,-49,
-160,-45,
-47,-28,
17,55,
29,75,
19,74,
-35,123,
-116,86,
-100,-57,
-51,-80,
5,67,
87,160,
98,221,
29,193,
20,249,
-72,213,
-60,99,
78,90,
85,155,
65,77,
28,28,
-3,7,
27,-7,
84,-70,
189,-120,
55,-93,
-147,65,
-185,-8,
-104,-63,
-24,-71,
2,-6,
16,-14,
-1,17,
-26,40,
-18,76,
-63,169,
-131,129,
-131,18,
-80,78,
-64,25,
-93,69,
-118,19,
-137,33,
-134,-30,
-108,-51,
-168,-35,
-111,-44,
-23,-15,
-40,43,
-72,100,
-76,36,
-62,43,
-65,42,
13,72,
-64,140,
-130,136,
-90,97,
-117,23,
-90,54,
-55,69,
-66,-20,
-122,6,
-102,97,
-91,174,
-102,127,
-50,58,
9,26,
-8,44,
-18,10,
-33,-58,
-43,81,
-18,107,
-28,45,
-18,1,
-33,7,
-67,-15,
-90,-23,
-41,125,
-69,116,
-12,16,
-29,-20,
-6,-85,
6,-51,
-10,10,
-31,17,
-31,130,
-21,170,
-45,113,
-37,81,
-17,101,
-10,65,
58,113,
24,78,
-18,121,
-21,164,
-1,95,
-5,60,
-55,107,
-78,95,
00>
_________________________________
00>
00>
Printing STS1 CIR
00>
00>
_________________________________
00>
74,-8,
62,14,
43,29,
-16,76,
-26,46,
-40,43,
-15,26,
27,25,
-1,-7,
-14,12,
42,39,
70,23,
56,-11,
34,-36,
5,18,
101,26,
69,-9,
34,-27,
-19,14,
-17,18,
59,-10,
-4,-11,
-53,26,
-36,21,
-47,-2,
-55,19,
-60,-34,
19,24,
-13,44,
51,52,
42,27,
43,95,
15,51,
-9,45,
0,-3,
44,-43,
-47,-4,
-16,0,
4,55,
-22,81,
-11,25,
33,3,
7,-35,
-19,19,
-54,29,
-34,84,
17,43,
-4,54,
5,41,
56,98,
77,23,
28,-3,
24,-11,
-15,42,
46,10,
99,30,
125,7,
85,0,
19,-3,
27,37,
4,-24,
52,-9,
19,-12,
-19,-21,
30,8,
101,15,
66,37,
15,-9,
-21,25,
11,49,
41,-3,
10,-23,
29,6,
30,28,
10,68,
49,19,
44,15,
39,21,
-7,-29,
44,-55,
41,-6,
18,64,
21,77,
46,72,
62,-3,
71,-25,
15,-48,
5,0,
-41,-11,
1,17,
-18,20,
9,91,
67,47,
71,8,
59,24,
15,56,
-26,75,
42,34,
24,-32,
32,-17,
49,11,
40,4,
69,56,
75,11,
47,-16,
28,10,
38,-1,
-10,-9,
-5,-42,
35,-37,
34,-23,
70,70,
74,4,
12,-29,
29,-3,
39,19,
83,35,
63,33,
37,3,
49,-7,
50,51,
64,40,
91,86,
25,26,
12,6,
-10,32,
13,16,
81,-61,
105,-41,
33,51,
-32,28,
44,-41,
15,-7,
4,40,
32,82,
46,24,
49,6,
42,21,
14,6,
51,-3,
70,14,
50,-22,
-14,-17,
-76,24,
-51,55,
22,41,
-9,57,
63,42,
60,28,
26,-11,
27,2,
23,47,
39,1,
27,30,
25,29,
16,35,
46,48,
14,76,
80,74,
61,95,
24,1,
20,-51,
-5,21,
11,65,
-9,16,
-46,21,
0,46,
7,30,
-8,62,
-14,10,
16,-46,
-4,-63,
29,-20,
37,-6,
25,-48,
39,-70,
28,-75,
32,6,
19,28,
20,39,
79,20,
69,-44,
69,-27,
101,60,
62,34,
64,53,
66,82,
43,88,
10,-27,
25,-62,
36,-2,
49,71,
54,81,
30,14,
40,14,
67,26,
62,54,
31,33,
-7,24,
-50,-29,
0,6,
33,40,
81,114,
60,50,
82,18,
38,12,
23,-4,
-23,55,
-44,6,
9,11,
8,9,
42,5,
7,48,
68,13,
97,62,
130,90,
50,4,
53,-8,
127,8,
50,1,
25,12,
-19,26,
45,-8,
67,-3,
53,-44,
-45,22,
-51,-6,
28,-31,
-24,-34,
45,10,
28,0,
18,15,
-35,-22,
-1,11,
-32,18,
-18,45,
-30,38,
13,-5,
54,-6,
63,28,
94,77,
22,53,
-6,14,
-1,-9,
-51,13,
11,-31,
68,26,
24,-4,
-3,-2,
32,2,
23,10,
22,35,
41,22,
47,24,
44,23,
6,42,
13,48,
45,39,
23,59,
-23,9,
48,-5,
83,-30,
115,-62,
12,-65,
7,2,
36,44,
20,43,
41,12,
83,1,
-1,41,
-41,61,
12,72,
54,35,
34,-4,
73,66,
92,61,
13,41,
17,17,
18,26,
8,-29,
43,37,
16,4,
35,-14,
61,13,
-24,60,
2,42,
24,-13,
-28,-47,
1,-38,
14,21,
37,34,
13,46,
-2,-49,
5,-5,
-47,-51,
-2,6,
-1,27,
32,-20,
61,-51,
47,-53,
5,-12,
17,-7,
28,24,
-51,41,
3,-1,
15,19,
-8,69,
-31,-5,
9,26,
38,32,
40,26,
55,-24,
59,-2,
70,44,
67,18,
53,-27,
25,-41,
36,-14,
57,22,
-24,13,
8,38,
6,65,
-30,-3,
1,2,
-1,15,
31,32,
16,17,
0,5,
-47,23,
-39,6,
18,-53,
66,25,
80,50,
1,21,
-17,-20,
7,-57,
13,-17,
-3,6,
10,39,
-25,-11,
-28,-38,
36,23,
21,59,
-33,3,
11,-36,
57,-69,
18,-22,
18,37,
51,4,
53,-44,
20,-85,
9,-28,
21,12,
-13,-3,
-27,33,
53,23,
1,0,
-142,-108,
-829,-812,
-2399,-3264,
-3433,-6273,
-2604,-6618,
-364,-3952,
1227,-449,
858,699,
-810,440,
-2631,-77,
-3351,-764,
-2058,-1184,
-72,-952,
768,-507,
425,-463,
-80,-667,
-189,-548,
-65,-66,
119,166,
110,85,
124,-50,
202,-28,
330,72,
421,320,
415,422,
272,459,
-42,209,
-80,-113,
67,-168,
127,-72,
124,-40,
168,60,
251,217,
238,338,
127,329,
42,90,
50,68,
-21,220,
-102,290,
7,276,
58,182,
52,112,
134,41,
176,8,
187,37,
153,82,
52,138,
-29,147,
-16,150,
38,108,
77,118,
108,36,
120,49,
133,61,
44,9,
14,-81,
33,-77,
126,26,
228,92,
250,107,
197,93,
96,68,
81,41,
49,17,
53,14,
16,42,
2,81,
114,38,
158,23,
197,83,
81,78,
59,185,
100,241,
177,233,
195,255,
14,282,
-148,249,
-109,206,
4,133,
192,144,
246,169,
231,218,
148,127,
45,-8,
-13,26,
-13,81,
-29,74,
60,14,
100,39,
168,-7,
175,65,
70,115,
48,142,
43,90,
89,29,
157,38,
134,29,
86,43,
10,59,
31,124,
8,145,
4,94,
-24,17,
59,85,
95,150,
80,178,
21,188,
-25,131,
-48,112,
-23,92,
-35,109,
29,80,
16,52,
41,11,
101,-1,
100,83,
95,79,
72,212,
-22,108,
-18,41,
18,1,
76,-30,
116,6,
128,57,
39,97,
8,105,
32,13,
1,5,
11,51,
-35,100,
18,72,
-5,34,
-16,65,
45,21,
86,24,
139,36,
147,50,
118,42,
4,114,
15,119,
30,50,
19,29,
-36,9,
-21,39,
5,56,
34,69,
64,56,
21,-4,
44,37,
96,78,
53,67,
16,82,
-1,70,
-18,58,
54,46,
00>
_________________________________
00>
RX Timestamp: 601369564423
00>
Clock Offset: -2380.371 Hz, 0.298 ppm
00>
RX Timestamp: 602441011846
00>
Clock Offset: -4132.175 Hz, 0.517 ppm
00>
_________________________________
Sequence Number: 62
00>
00>
Printing STS0 CIR
00>
00>
_________________________________
00>
-10,62,
-43,-3,
-11,-51,
28,-54,
-14,53,
-56,56,
42,35,
81,-11,
18,35,
-6,8,
53,44,
38,-32,
43,-73,
-25,-35,
0,-33,
3,-2,
14,-95,
-5,-50,
-11,8,
7,91,
-11,-10,
-43,-33,
-59,-15,
-11,5,
53,-80,
49,-23,
36,-16,
35,-14,
5,7,
37,7,
36,58,
-2,64,
-40,15,
0,-12,
13,-56,
24,44,
28,51,
73,60,
74,130,
61,81,
-71,19,
0,-28,
56,-39,
-42,-15,
-25,-1,
-8,-2,
46,-24,
32,-13,
-1,-29,
-24,-24,
34,-9,
55,-39,
1,53,
11,17,
120,65,
70,-50,
1,-53,
-19,19,
17,60,
63,-3,
29,18,
5,22,
-37,57,
4,42,
9,-1,
89,14,
43,12,
-5,43,
2,-2,
23,-2,
21,59,
-64,108,
-35,23,
-15,29,
87,-31,
47,-61,
48,-34,
-30,5,
31,3,
27,2,
23,-2,
-31,35,
-1,-19,
31,-22,
40,-15,
25,44,
-40,-21,
-47,-34,
-42,-26,
-38,34,
77,-52,
75,-34,
31,-48,
7,-31,
32,-37,
48,-1,
33,81,
14,82,
-7,17,
-80,6,
-81,-20,
-80,4,
-30,30,
4,-33,
-39,-88,
-49,-58,
1,8,
-23,58,
-64,28,
-46,-18,
2,40,
-10,13,
60,22,
14,30,
-16,12,
-22,55,
-44,19,
-57,-4,
-33,66,
-34,89,
10,29,
39,-44,
36,10,
31,-1,
-55,6,
-16,-1,
37,22,
7,22,
-37,-13,
-15,38,
77,-19,
78,38,
-17,-7,
-24,2,
-25,1,
7,12,
-19,-23,
43,-19,
23,14,
-33,91,
-81,79,
-14,-3,
17,-3,
43,3,
-13,36,
53,25,
18,-17,
9,53,
-6,25,
25,14,
47,52,
-6,25,
-6,-30,
17,44,
40,80,
23,-44,
15,15,
-8,5,
26,72,
-10,88,
3,25,
-15,20,
-50,81,
-17,49,
2,14,
-47,-34,
-12,-5,
29,-87,
39,-72,
14,20,
2,52,
-60,107,
-84,57,
-84,50,
-35,-25,
2,-23,
20,-56,
45,-49,
7,5,
-53,-22,
2,12,
-70,-6,
-14,-73,
-26,-42,
0,-16,
1,7,
-6,45,
-12,35,
19,57,
3,30,
75,1,
41,34,
-13,28,
5,44,
25,-10,
56,25,
56,0,
-23,-15,
22,-10,
86,-22,
16,39,
-3,77,
8,37,
9,19,
-62,3,
7,-69,
-17,-8,
19,61,
23,23,
17,-24,
-13,-53,
-2,-40,
-12,-21,
-38,-29,
19,0,
28,27,
43,23,
-11,-31,
42,-17,
70,5,
46,-50,
46,-37,
33,39,
71,42,
18,25,
-22,-28,
-18,-34,
5,-43,
-2,-46,
-2,18,
-39,15,
-37,28,
33,-13,
19,-15,
17,8,
-11,49,
-7,45,
65,-21,
3,7,
-10,17,
-34,8,
-73,35,
-49,-34,
23,15,
41,66,
19,22,
-72,6,
-11,-25,
14,-7,
5,17,
-4,14,
46,41,
48,62,
84,31,
35,-36,
0,-98,
22,-26,
5,-30,
23,57,
13,23,
39,-37,
-17,-99,
8,-55,
53,-5,
-35,26,
-23,-23,
-29,-8,
16,2,
52,-8,
73,-35,
60,-74,
-10,-40,
34,-1,
16,47,
26,2,
37,-45,
-9,-62,
-31,-49,
7,-9,
106,-39,
83,-16,
-2,-39,
-74,-16,
-44,-10,
9,32,
60,-21,
34,53,
-11,30,
3,-26,
-6,-99,
49,-45,
-9,-20,
25,2,
-31,-18,
-37,-21,
-81,-5,
-29,57,
-15,45,
42,-58,
48,-24,
-45,46,
-30,71,
23,88,
21,66,
53,28,
-1,-8,
-30,14,
-34,41,
-36,75,
31,58,
-5,-21,
-28,-74,
-22,12,
3,23,
34,41,
0,-18,
-11,-25,
-20,91,
36,57,
22,15,
-53,-95,
-60,-114,
40,-9,
35,-16,
-85,7,
-13,-4,
14,14,
30,-4,
20,-23,
50,0,
14,25,
13,8,
-82,112,
-35,-20,
41,-17,
15,-51,
36,-67,
38,-62,
-15,8,
-36,69,
-76,-25,
-78,-47,
-9,-11,
33,14,
-11,-44,
-26,-22,
-18,-103,
33,-35,
84,56,
66,40,
-19,19,
-10,7,
-50,48,
-6,-22,
109,-467,
936,-2385,
2985,-6084,
4482,-7087,
4964,-5765,
2674,-1415,
128,1457,
-717,983,
-789,90,
-1312,93,
-1976,448,
-1680,299,
-374,-83,
927,-186,
1812,-78,
1477,52,
521,-96,
-180,-282,
-282,-134,
-103,-21,
-10,205,
193,401,
319,511,
131,527,
-233,451,
-362,183,
-60,-128,
257,-228,
182,53,
-76,286,
-236,308,
-131,208,
-55,291,
-78,324,
-56,277,
85,124,
64,167,
-65,128,
-99,28,
-43,56,
87,103,
68,87,
8,11,
6,-25,
105,-79,
173,-76,
168,-57,
65,-158,
-24,-81,
-81,58,
-219,86,
-129,1,
-116,-62,
-59,-85,
38,-11,
14,74,
-75,206,
-116,261,
-190,223,
-70,41,
26,-87,
67,-111,
67,-110,
-54,-48,
-33,-27,
-28,-17,
-100,41,
-73,-11,
-21,52,
3,174,
11,125,
20,99,
-41,172,
-110,266,
-186,212,
-136,18,
-64,-99,
-44,-172,
-119,-78,
-198,157,
-193,267,
-175,330,
-124,177,
-31,32,
-67,95,
-84,150,
-86,145,
-48,54,
-22,-37,
-59,49,
-39,33,
-11,14,
-41,27,
-74,46,
-65,151,
8,168,
-40,139,
-60,95,
-106,72,
-14,-13,
-19,-10,
7,99,
57,-7,
-9,105,
-34,128,
-31,71,
-31,35,
-92,117,
-115,89,
-45,90,
-45,34,
10,39,
27,33,
1,-4,
-61,23,
-9,22,
37,38,
13,62,
-68,7,
-79,23,
-66,65,
-15,132,
-63,110,
-42,85,
-18,-6,
-16,-77,
-89,-65,
-52,18,
14,71,
35,119,
-5,3,
-41,4,
-12,27,
-47,98,
-44,116,
-9,67,
10,36,
23,39,
17,8,
27,-32,
-32,35,
-34,62,
-2,10,
-8,-10,
-45,16,
-13,31,
50,127,
18,77,
-31,95,
-99,66,
-16,36,
-42,43,
-54,53,
-67,51,
14,44,
8,10,
47,16,
5,-19,
00>
_________________________________
00>
00>
Printing STS1 CIR
00>
00>
_________________________________
00>
38,-34,
9,-28,
11,24,
1,106,
-89,87,
-60,60,
-40,15,
-4,53,
28,-3,
42,18,
73,55,
61,65,
26,53,
59,62,
69,22,
48,48,
39,56,
16,46,
-5,8,
49,15,
70,-3,
61,-63,
50,-45,
-13,-35,
11,-13,
4,-6,
39,-3,
33,-37,
24,26,
-44,9,
-17,-7,
-3,9,
67,53,
69,65,
19,54,
-6,42,
-10,-2,
25,35,
7,66,
-14,-13,
3,-9,
37,-14,
35,10,
45,-35,
12,13,
61,64,
8,50,
26,26,
11,36,
-19,5,
-56,15,
-9,17,
26,51,
-13,53,
-40,54,
3,33,
39,-5,
49,21,
33,68,
-14,31,
9,-20,
15,-39,
-9,-38,
12,35,
38,57,
8,60,
36,66,
-22,49,
6,9,
65,-60,
23,-75,
16,-27,
35,-9,
94,-9,
59,-1,
34,55,
33,65,
-44,6,
-62,-20,
31,3,
51,-34,
8,-44,
-17,-15,
7,-21,
35,-35,
59,9,
25,4,
-33,2,
46,-11,
37,-32,
20,4,
15,12,
-4,16,
-33,30,
-60,64,
22,17,
68,-9,
-13,49,
-23,48,
-13,27,
8,48,
3,83,
10,84,
-31,58,
25,36,
-8,21,
38,38,
14,59,
-36,39,
-79,129,
-30,64,
17,-7,
49,-19,
4,-28,
-55,-2,
-21,23,
10,-22,
-5,48,
-59,38,
-6,42,
25,-18,
37,-5,
6,19,
19,60,
41,-45,
87,-34,
21,-44,
22,-13,
13,-38,
73,63,
49,73,
75,27,
12,6,
35,16,
21,34,
-5,-11,
48,57,
30,39,
56,63,
-8,50,
-30,16,
-18,-16,
38,-40,
-24,4,
-58,54,
-56,17,
13,5,
65,1,
68,-15,
57,-1,
7,34,
-26,72,
42,30,
68,-13,
7,10,
11,-8,
48,-17,
58,7,
21,9,
-40,0,
59,5,
36,-1,
23,15,
0,-5,
19,-54,
40,-23,
4,-18,
-10,7,
30,70,
68,33,
30,26,
59,11,
68,27,
48,-1,
35,67,
-35,70,
-43,52,
23,32,
0,38,
36,37,
43,-30,
97,-22,
83,-26,
27,26,
-28,34,
-38,-24,
-32,-34,
-78,-16,
22,-26,
-7,-69,
12,-60,
-7,26,
-9,72,
13,29,
60,19,
64,6,
-5,15,
72,15,
90,37,
52,15,
17,36,
81,3,
28,16,
-26,-2,
52,14,
70,15,
-15,10,
-60,47,
-19,23,
-12,23,
19,-5,
52,4,
22,-4,
-19,-56,
4,0,
53,55,
-15,44,
-62,39,
-28,15,
13,-1,
20,-8,
36,-26,
-2,2,
-4,10,
2,18,
-42,73,
10,36,
108,-5,
116,-26,
107,-108,
87,-92,
-2,21,
10,27,
31,9,
45,-1,
24,-16,
-22,14,
-16,20,
-39,38,
15,19,
73,8,
-3,-32,
70,-42,
19,-37,
-40,-8,
-1,-12,
5,17,
62,-15,
24,82,
19,65,
20,52,
28,3,
70,9,
28,21,
46,-32,
73,-2,
12,61,
7,65,
67,21,
30,-19,
-18,-59,
-2,-75,
48,-46,
76,14,
80,56,
34,68,
-61,11,
-54,2,
12,-4,
62,-28,
84,-28,
52,7,
-15,4,
-23,-16,
29,5,
32,-12,
61,20,
0,-18,
-10,-49,
-12,9,
-37,-2,
6,12,
14,-24,
3,18,
53,25,
56,42,
62,4,
-37,-1,
-4,21,
82,8,
29,-61,
74,-2,
42,-5,
44,16,
-11,-2,
-37,30,
-5,23,
-4,46,
14,36,
32,53,
15,11,
39,12,
103,13,
83,61,
56,58,
-9,4,
-11,28,
9,43,
-32,23,
-76,54,
-13,66,
49,40,
6,-14,
64,-18,
86,51,
62,-5,
25,-24,
7,-3,
-1,74,
-21,35,
19,83,
78,-10,
89,-34,
51,-10,
-10,-47,
-26,42,
-22,10,
-21,10,
12,20,
38,40,
43,21,
56,9,
-52,-24,
-4,-30,
39,9,
4,3,
21,31,
15,-7,
30,-25,
19,4,
13,60,
-75,63,
-67,85,
-34,63,
-41,15,
-19,-46,
81,-11,
116,20,
30,51,
-12,24,
-3,17,
-11,45,
89,7,
-2,-15,
-441,-320,
-1975,-1843,
-4250,-5109,
-4672,-6592,
-3379,-5485,
-222,-1280,
1248,926,
950,816,
481,414,
973,1053,
1429,2106,
689,2132,
-469,1100,
-1069,225,
-1295,46,
-1272,321,
-815,488,
-199,452,
198,297,
122,118,
231,119,
590,109,
924,157,
850,141,
442,-45,
204,-286,
270,-433,
516,-231,
616,53,
546,232,
362,222,
173,86,
68,-17,
-44,44,
-53,220,
-148,283,
-90,415,
-165,231,
-254,-97,
-161,-135,
11,-62,
25,110,
-99,245,
-109,300,
-27,196,
128,109,
112,21,
34,-19,
32,13,
56,79,
-104,105,
-104,41,
-124,-70,
-39,-81,
55,-62,
104,-59,
74,-31,
131,-12,
232,45,
235,-55,
174,-43,
108,19,
36,54,
-83,88,
-55,59,
-18,34,
26,53,
18,98,
90,121,
60,152,
-90,80,
-127,80,
-71,87,
-21,60,
22,1,
-33,-136,
44,-165,
27,-85,
-49,42,
-223,121,
-273,175,
-95,184,
21,131,
73,14,
50,-34,
52,-82,
142,-2,
223,47,
165,87,
13,60,
5,94,
41,61,
96,-4,
56,-5,
69,-6,
145,6,
157,34,
122,36,
60,-12,
69,-10,
65,89,
27,126,
38,101,
87,70,
3,34,
-22,71,
-41,96,
1,80,
29,90,
7,140,
-39,77,
-2,32,
-3,37,
13,59,
5,50,
39,8,
63,-39,
66,-24,
50,33,
53,89,
51,36,
25,41,
91,25,
121,33,
145,76,
57,74,
-23,29,
-25,46,
74,4,
80,25,
72,-15,
77,-26,
68,6,
94,126,
75,37,
63,58,
-20,16,
1,-19,
24,-46,
10,-68,
36,-38,
-29,30,
-8,21,
-26,82,
-46,86,
-12,130,
43,80,
68,-47,
83,6,
60,76,
6,86,
-16,51,
-46,28,
24,46,
51,11,
57,72,
-2,113,
18,120,
00>
_________________________________
00>
_________________________________
Sequence Number: 65
00>
00>
Printing STS0 CIR
00>
00>
_________________________________
00>
10,6,
-47,14,
-22,16,
-5,11,
-20,91,
7,79,
-26,46,
18,-6,
-11,38,
26,15,
9,8,
1,7,
33,-7,
41,20,
8,-18,
-1,34,
-38,-5,
-14,16,
-37,-10,
5,-19,
26,-52,
16,10,
37,28,
47,-39,
79,-39,
131,-12,
68,50,
41,-45,
-34,27,
-32,0,
42,22,
44,-29,
32,2,
11,22,
-3,34,
9,73,
21,36,
-1,16,
8,-7,
7,26,
23,36,
-9,-48,
-29,-37,
-27,-4,
23,-36,
1,19,
0,20,
35,43,
-15,36,
-3,-22,
-11,-2,
-21,-12,
-3,-16,
0,42,
-13,54,
-35,6,
-11,-6,
18,20,
43,27,
41,40,
31,-4,
-9,29,
31,31,
73,13,
37,-28,
-4,-27,
24,-66,
14,-37,
66,-63,
14,52,
11,9,
6,-1,
-10,22,
26,1,
54,-27,
-12,-14,
-2,21,
11,26,
21,29,
37,79,
-6,62,
-115,38,
-44,19,
-44,55,
3,-41,
49,26,
64,-23,
4,6,
-12,39,
-1,72,
25,43,
61,50,
10,-14,
-11,17,
-20,-9,
22,-34,
-1,29,
49,37,
-9,4,
22,-24,
45,14,
35,-1,
32,-17,
46,-10,
14,-45,
18,-25,
48,3,
26,21,
11,-23,
-13,-27,
29,-5,
1,0,
-32,24,
-35,70,
30,67,
57,9,
57,23,
33,-1,
-56,-24,
-28,-7,
-33,11,
-38,29,
-21,36,
12,17,
-11,31,
6,19,
-8,23,
11,25,
46,1,
-7,-6,
1,-18,
45,-8,
42,-71,
12,5,
12,59,
59,49,
0,19,
-16,-2,
-14,-10,
-37,28,
21,-5,
31,-15,
48,51,
50,11,
12,11,
41,-44,
-31,-9,
30,81,
20,19,
-46,37,
-4,-30,
61,45,
45,15,
-75,32,
-53,12,
-12,22,
32,32,
21,-5,
4,7,
43,64,
10,47,
-5,31,
8,-26,
16,28,
20,6,
1,-72,
-14,-57,
-21,-24,
-6,-22,
21,-14,
10,-44,
0,55,
-13,67,
12,75,
19,70,
29,13,
-13,21,
7,-31,
28,-61,
18,-84,
9,-75,
51,-13,
57,42,
12,41,
18,-31,
9,-14,
16,71,
-32,89,
19,5,
-5,40,
-47,26,
-11,-4,
0,-36,
28,63,
14,-13,
19,-28,
13,-58,
14,-61,
-11,-61,
5,20,
-38,19,
-49,-42,
-19,19,
39,69,
-7,38,
30,58,
3,15,
66,34,
49,5,
-13,57,
10,32,
7,17,
37,49,
-21,35,
31,27,
18,12,
-28,19,
-26,-17,
19,33,
67,79,
1,40,
-30,16,
-8,31,
-3,14,
-17,26,
-30,21,
35,7,
35,46,
5,60,
-44,9,
-3,-1,
-10,25,
-5,33,
-40,6,
-53,21,
13,-15,
-10,-17,
16,-18,
25,-18,
-19,62,
-17,66,
40,41,
-19,-46,
18,14,
-3,27,
27,27,
28,28,
33,9,
19,38,
31,0,
-45,-51,
-20,22,
28,17,
19,47,
-18,57,
4,24,
37,5,
46,-3,
22,-21,
46,-21,
51,-58,
-8,-47,
-29,41,
15,-5,
39,-3,
24,38,
13,85,
24,3,
-42,16,
16,6,
2,-14,
-14,-2,
35,29,
45,91,
56,41,
36,51,
51,37,
-13,47,
37,46,
9,39,
50,10,
81,47,
16,32,
15,34,
-2,21,
1,2,
-26,-13,
-46,-28,
13,-17,
18,12,
-52,4,
20,-41,
-17,10,
50,1,
10,2,
11,39,
81,17,
75,4,
18,-46,
31,-19,
3,14,
-18,41,
32,4,
36,-23,
31,7,
72,107,
40,14,
28,26,
25,-4,
-20,24,
-18,-23,
-41,13,
3,-5,
42,-10,
-11,3,
-11,34,
-18,39,
28,52,
35,46,
38,25,
6,14,
-37,61,
-12,-52,
43,-12,
44,-32,
14,-13,
41,30,
27,26,
-39,3,
29,-26,
56,-25,
59,51,
29,50,
23,86,
22,12,
-12,-15,
-16,-29,
-35,77,
20,126,
-6,73,
-9,37,
-51,29,
-37,51,
-31,41,
17,43,
-5,33,
-27,10,
1,-66,
20,37,
24,14,
27,25,
74,16,
410,-118,
2748,-708,
7849,-1402,
8041,-89,
7736,2426,
4355,5386,
-673,3774,
-920,708,
634,-394,
2232,229,
2426,1554,
737,1406,
-577,653,
-1125,333,
-1083,598,
-734,760,
-308,458,
20,289,
19,167,
-72,52,
-141,99,
-245,-134,
245,-261,
455,-536,
269,-802,
-153,-925,
-680,-648,
-454,-289,
-100,-207,
240,-340,
339,-253,
159,-61,
15,42,
-140,-237,
-107,-359,
-11,-237,
-46,-49,
-355,16,
-605,-141,
-479,-250,
-231,-256,
-226,-153,
-140,114,
-37,336,
-92,476,
-154,451,
-224,278,
-88,17,
2,-119,
-83,-56,
-219,-51,
-78,54,
-108,161,
-269,55,
-236,-195,
-267,-258,
-132,-220,
-108,-131,
-54,-11,
6,162,
-39,121,
-100,32,
-190,-71,
-137,-133,
-27,-147,
33,-85,
11,40,
-29,77,
-83,142,
-197,219,
-264,203,
-176,32,
-19,118,
25,295,
41,272,
-51,33,
-34,-134,
-21,-101,
80,34,
170,145,
199,88,
72,-45,
-29,-213,
21,-108,
6,-24,
64,87,
42,36,
-56,-11,
-81,-29,
-165,102,
-174,90,
-251,-41,
-184,-103,
-117,-140,
-41,-101,
-51,-107,
-117,-76,
-255,-69,
-125,-114,
-14,-65,
10,-80,
12,-87,
-64,-60,
-86,97,
-81,55,
-116,-51,
-57,-150,
-6,-88,
8,34,
-35,116,
-133,117,
-182,50,
-111,-33,
-18,-76,
-18,-39,
1,1,
-37,-1,
-161,-19,
-117,-39,
-69,-32,
-56,-31,
-44,30,
-35,36,
-6,-26,
14,-35,
-8,67,
-86,18,
-86,21,
-41,-56,
20,-8,
-37,107,
-40,64,
-76,141,
-166,77,
-80,-92,
-94,-112,
-24,-118,
-50,-69,
-83,-56,
-102,-51,
-82,8,
-92,65,
-87,37,
-101,-22,
-106,-26,
-147,-10,
-78,-31,
-10,-37,
16,-25,
-75,-15,
-67,34,
-101,-57,
-37,-25,
-31,-44,
20,-42,
4,-43,
12,-26,
72,-11,
74,3,
36,-54,
00>
_________________________________
00>
00>
Printing STS1 CIR
00>
00>
_________________________________
00>
12,21,
20,46,
22,27,
20,10,
18,-18,
53,-13,
18,-20,
54,16,
37,7,
-40,-2,
-73,-66,
-41,47,
20,26,
2,52,
-7,-23,
-14,3,
19,-16,
1,-10,
-39,-19,
-52,-31,
-33,-5,
-4,-39,
26,14,
21,39,
48,19,
61,-5,
-6,-51,
-7,-9,
2,0,
-29,-1,
21,-13,
19,-18,
-9,27,
27,-31,
-53,-33,
-76,0,
-49,12,
26,-25,
46,-21,
24,38,
28,5,
11,65,
-12,0,
64,-10,
83,-16,
36,54,
-12,88,
47,25,
57,-24,
-13,1,
-60,45,
-13,-9,
-4,-49,
2,-43,
-4,-5,
8,35,
-54,88,
-18,34,
9,-12,
48,-13,
62,1,
65,-9,
35,9,
40,2,
9,15,
21,7,
3,-33,
-17,-45,
-33,-48,
24,-39,
-6,60,
13,28,
47,-7,
38,29,
-1,120,
-30,75,
18,5,
22,-53,
4,-32,
-14,-6,
27,-30,
67,15,
14,40,
-6,44,
27,47,
-8,-67,
-11,-23,
14,-14,
80,24,
18,16,
-10,73,
-6,25,
0,3,
8,15,
11,-16,
54,-9,
19,9,
-5,-14,
23,4,
-5,-1,
-10,9,
24,3,
0,-8,
-15,14,
-34,15,
-29,-52,
34,-38,
83,25,
0,21,
-2,4,
-16,5,
-16,0,
11,15,
11,-9,
24,62,
5,17,
-20,-22,
-28,-58,
-35,18,
30,-23,
-14,-17,
-2,-44,
-20,36,
-13,76,
-25,80,
0,5,
16,1,
34,-37,
38,20,
-24,12,
-69,1,
-8,39,
-5,5,
60,-12,
69,-49,
64,-37,
-2,61,
5,35,
-56,1,
-26,4,
23,-5,
24,7,
2,14,
37,3,
35,62,
24,45,
-25,-8,
-28,-28,
0,-61,
32,-16,
18,13,
-18,25,
-38,26,
-37,-5,
-62,-16,
-50,30,
-40,10,
19,20,
46,27,
17,-1,
24,-25,
-38,-47,
-24,49,
-31,48,
6,39,
-39,-45,
12,-30,
9,-12,
6,-16,
33,-27,
20,35,
47,30,
41,35,
29,17,
50,-12,
9,30,
5,48,
18,-23,
-53,-5,
-45,2,
-38,-21,
-6,-16,
17,66,
19,39,
41,43,
68,39,
22,-42,
70,-47,
37,-38,
32,-47,
-12,-15,
-49,20,
-49,37,
-12,-11,
-39,3,
-40,-40,
-13,-9,
6,-8,
75,-10,
36,14,
-27,15,
-67,55,
-32,85,
-13,40,
19,-14,
49,0,
25,39,
29,32,
23,35,
-35,46,
-37,-7,
30,-11,
2,-31,
-17,-22,
-40,4,
55,-5,
-9,26,
13,32,
18,-5,
8,-40,
21,-11,
18,12,
12,-1,
-11,36,
-53,46,
-19,51,
3,41,
-33,15,
-36,-1,
-19,-28,
-20,10,
-7,2,
26,-18,
53,-7,
-8,-4,
-9,4,
-53,8,
-11,-15,
-20,-12,
-42,53,
-31,9,
18,39,
140,70,
120,76,
80,64,
39,32,
19,12,
14,-22,
16,-48,
21,27,
15,32,
-45,86,
-1,44,
52,-16,
24,-13,
70,23,
25,5,
-23,46,
-5,30,
-4,24,
1,12,
-91,30,
6,29,
4,3,
-36,-4,
-41,-33,
-23,-28,
1,58,
6,54,
29,25,
-6,-10,
-48,-5,
-16,12,
-8,1,
12,36,
-19,11,
-37,26,
-56,45,
16,13,
31,-4,
30,-12,
-2,17,
-2,-9,
4,16,
31,-42,
44,-28,
10,-9,
-23,-11,
-5,-14,
-20,-42,
-48,-31,
-28,-23,
-36,-13,
-36,-15,
30,71,
39,48,
36,77,
-18,32,
-71,36,
-45,5,
-5,-35,
15,19,
3,21,
-6,15,
3,19,
-27,22,
3,2,
5,14,
23,48,
-29,-27,
-17,35,
41,3,
12,-10,
36,-90,
33,-8,
-17,-19,
-42,-25,
-40,14,
-19,13,
25,-1,
20,-11,
10,20,
43,16,
31,36,
-2,14,
10,-8,
-3,39,
5,-6,
-4,1,
-13,-36,
43,21,
-1,-16,
11,-6,
15,7,
-6,-4,
19,24,
-13,28,
9,34,
13,12,
-9,18,
0,5,
5,14,
-9,52,
-58,-1,
-30,-21,
-6,20,
20,-28,
-4,-21,
6,2,
36,18,
-4,45,
9,-42,
233,-672,
1474,-3338,
3775,-7172,
5094,-7118,
5562,-5633,
3214,-1128,
58,1483,
-866,542,
-1132,-1910,
-1251,-4526,
-29,-4738,
1139,-2274,
955,-179,
599,167,
712,-532,
842,-912,
474,-473,
58,97,
-152,86,
-37,41,
171,159,
331,370,
49,687,
-379,871,
-511,1015,
-368,649,
-38,7,
168,-86,
178,-1,
88,39,
10,148,
-138,363,
-235,524,
-224,590,
-27,79,
30,24,
-18,131,
-335,204,
-266,149,
-231,169,
-72,164,
16,331,
64,426,
24,358,
3,200,
-106,133,
-204,143,
-179,186,
-131,212,
-39,202,
-7,39,
-45,34,
34,42,
127,111,
138,41,
64,37,
35,136,
140,251,
147,310,
43,252,
-3,101,
-85,78,
-112,27,
-44,-2,
25,-60,
77,-85,
-42,-26,
-19,5,
3,29,
-47,187,
-36,253,
-143,267,
-172,428,
-215,549,
-320,364,
-400,195,
-322,59,
-148,56,
-145,189,
-184,391,
-191,521,
-195,575,
6,63,
-46,-17,
-89,-63,
-107,-6,
-61,42,
-1,45,
68,137,
34,191,
-11,253,
-122,235,
-122,86,
-120,67,
-9,57,
-5,68,
-17,67,
12,119,
56,63,
48,61,
-24,96,
-65,39,
-3,11,
1,122,
-12,171,
-71,77,
-30,31,
-23,38,
-24,41,
-134,49,
-110,96,
-34,52,
-5,78,
2,113,
43,58,
-5,11,
-23,70,
-168,142,
-99,117,
-44,117,
-1,178,
69,150,
28,155,
-103,154,
-18,110,
21,159,
-46,100,
-65,111,
-44,95,
-30,174,
-30,64,
15,58,
-2,61,
-38,161,
-25,220,
-37,94,
10,51,
-41,-50,
-11,28,
-71,83,
-29,63,
-53,54,
-32,35,
-55,22,
-89,7,
-50,77,
-19,61,
-15,27,
-13,-3,
-51,62,
7,71,
-33,43,
-46,114,
-68,122,
-68,111,
-41,84,
-8,17,
4,26,
-43,109,
-76,129,
00>
_________________________________
00>
RX Timestamp: 741329002272
00>
Clock Offset: -2663.040 Hz, 0.333 ppm
00>
RX Timestamp: 742399642781
00>
Clock Offset: -2756.023 Hz, 0.345 ppm
00>
_________________________________
Sequence Number: 198
00>
00>
Printing STS0 CIR
00>
00>
_________________________________
00>
-1,-45,
-9,-62,
8,2,
6,29,
68,25,
26,111,
23,83,
-2,-7,
-9,-58,
-7,-75,
5,10,
10,28,
18,62,
-47,19,
-31,-37,
25,-35,
7,35,
13,19,
-38,-26,
-26,-16,
-36,-8,
-7,14,
-1,8,
12,-31,
-29,-55,
-42,-14,
27,51,
39,81,
-5,17,
1,-10,
-8,32,
20,61,
71,-1,
27,-36,
-26,-6,
-37,31,
-71,11,
-56,-74,
-20,-143,
73,-79,
45,47,
27,33,
-2,-5,
-30,-22,
6,0,
11,18,
0,-4,
15,-48,
26,-36,
5,-47,
8,-42,
-32,-15,
32,72,
11,112,
12,88,
6,24,
16,24,
6,-53,
12,-63,
35,-55,
100,7,
45,4,
34,-73,
33,-41,
22,-37,
-8,-48,
33,33,
-17,13,
-34,-29,
-40,-30,
-29,26,
41,86,
-16,53,
15,76,
-13,19,
-45,-54,
9,-14,
26,66,
73,81,
74,65,
40,-59,
20,-62,
-3,5,
-23,-60,
-15,17,
19,22,
-16,14,
-13,69,
-10,-30,
31,-8,
50,53,
31,24,
24,12,
-27,36,
0,52,
7,-19,
-3,36,
4,32,
-14,-11,
-7,-12,
-43,30,
17,9,
18,-22,
30,-50,
6,43,
14,-6,
22,88,
-52,15,
-8,-22,
7,22,
2,10,
53,-21,
35,2,
28,13,
54,53,
56,32,
59,-8,
-4,5,
-19,12,
35,51,
13,15,
-10,43,
-20,48,
-38,2,
9,4,
93,-11,
45,22,
41,32,
-3,-6,
-73,-12,
2,7,
37,12,
-36,14,
12,-2,
43,35,
38,68,
-12,-68,
-27,-37,
39,5,
8,39,
-37,-13,
-9,24,
28,-18,
50,12,
-42,6,
-14,33,
-8,28,
-48,-16,
-71,-21,
-41,-25,
-75,-14,
-30,-46,
-10,2,
14,18,
43,66,
32,39,
3,-33,
-8,-41,
27,-28,
57,49,
71,36,
33,-39,
-63,-59,
-11,-24,
6,53,
30,56,
45,114,
101,38,
39,-45,
49,-65,
41,-47,
11,-33,
-35,-63,
1,-16,
32,42,
54,0,
25,-18,
-31,33,
-4,81,
-20,49,
1,53,
52,-33,
51,-8,
17,38,
-17,47,
-20,40,
-36,35,
3,40,
-14,-55,
26,-77,
35,-57,
45,-49,
3,-23,
4,35,
-37,-17,
15,-31,
-42,-17,
-44,-19,
3,-22,
41,26,
37,-8,
4,5,
-5,0,
57,65,
6,8,
-67,23,
-30,20,
-16,17,
6,-23,
-20,-16,
-13,58,
-30,84,
39,95,
92,98,
61,80,
12,8,
-58,-20,
-24,44,
36,31,
25,45,
38,50,
12,50,
49,29,
20,56,
20,-11,
42,38,
31,11,
17,13,
-109,-31,
-57,-31,
-18,-6,
29,11,
-23,40,
-62,10,
5,7,
116,11,
-8,-26,
-9,50,
-6,49,
19,60,
45,9,
63,-24,
28,24,
-78,37,
-81,26,
17,70,
-19,12,
-60,-45,
-38,-30,
-29,-2,
33,-18,
48,-5,
76,-34,
-22,-40,
-14,15,
81,78,
63,10,
77,-32,
70,37,
-17,51,
44,52,
20,77,
-26,14,
-45,26,
1,16,
-15,12,
28,28,
30,-14,
51,82,
54,15,
25,10,
-11,34,
-2,57,
4,33,
5,31,
48,57,
43,26,
9,13,
16,-11,
43,-57,
12,90,
13,26,
19,-7,
14,14,
59,39,
38,42,
48,-15,
33,-20,
40,3,
26,43,
44,17,
-18,-40,
-25,-69,
-45,-29,
7,-14,
-56,-16,
-25,-18,
11,53,
-24,-26,
-32,12,
1,52,
2,43,
-11,6,
-3,18,
-39,-56,
-66,-58,
-9,-2,
-11,14,
5,43,
-10,-5,
-20,17,
52,22,
49,89,
-9,113,
-4,57,
-19,49,
40,34,
44,-30,
10,-11,
-64,31,
-47,-13,
-19,-42,
39,47,
-38,55,
48,105,
40,97,
40,78,
36,27,
-13,-59,
-3,-38,
32,41,
15,31,
7,-32,
31,-29,
-6,-14,
8,73,
30,90,
-20,56,
-40,36,
37,-40,
-1,13,
28,2,
64,28,
72,36,
27,-2,
16,26,
-41,25,
-12,-25,
39,-45,
54,-24,
40,9,
22,-12,
-93,-50,
-36,-27,
176,-204,
1272,-1422,
4421,-4002,
6862,-4541,
7022,-3269,
3436,-164,
18,1420,
-821,678,
-620,-325,
-1052,-723,
-1718,-706,
-1566,-813,
-431,-457,
812,175,
1610,906,
1361,988,
555,378,
-28,-288,
-282,-275,
-118,90,
-47,286,
50,480,
175,581,
44,596,
-279,315,
-381,62,
-13,-104,
295,-56,
187,90,
-112,263,
-287,245,
-215,165,
-52,203,
-147,327,
-168,398,
-2,239,
28,295,
-48,212,
-9,-69,
1,-96,
17,-19,
40,30,
14,99,
-18,84,
36,0,
146,-44,
236,-94,
180,-144,
51,-73,
-28,-72,
-120,-43,
-196,-156,
-167,-129,
-71,-176,
-1,-60,
0,52,
-64,168,
-105,175,
-133,133,
-110,108,
-37,58,
22,-69,
82,-175,
42,-131,
60,-61,
33,26,
-64,106,
-67,44,
-85,67,
-102,110,
-1,108,
-32,120,
-75,97,
-171,79,
-194,30,
-96,-101,
-49,-70,
-58,-113,
-65,-76,
-145,-7,
-196,133,
-232,270,
-144,206,
-19,94,
9,107,
-143,124,
-137,40,
-116,50,
-27,53,
-12,17,
-14,8,
-18,-19,
-56,-43,
-53,29,
-47,148,
-17,142,
-33,109,
-84,106,
-81,151,
-21,25,
-2,6,
4,86,
-18,117,
-6,108,
8,42,
-4,-24,
-43,7,
-42,37,
-124,86,
-108,82,
-99,60,
-32,17,
4,64,
10,30,
-4,97,
11,-27,
-41,10,
-70,73,
13,-32,
15,-11,
-60,-18,
-73,18,
-44,100,
-12,23,
-63,44,
-2,13,
-48,-18,
-29,72,
-55,42,
-38,5,
-28,7,
-72,-26,
4,28,
-120,62,
-27,46,
-52,-9,
15,-50,
1,-27,
-66,-2,
-38,16,
-17,24,
-45,73,
-48,8,
16,57,
5,51,
22,91,
20,95,
16,65,
-13,-3,
15,25,
11,40,
-39,-69,
-62,-22,
-5,50,
9,51,
-25,26,
-43,-28,
-82,95,
00>
_________________________________
00>
00>
Printing STS1 CIR
00>
00>
_________________________________
00>
46,40,
6,25,
-28,41,
-45,-12,
-1,36,
32,-33,
26,-6,
40,-10,
32,62,
-19,20,
22,-4,
25,24,
-15,55,
-60,35,
10,61,
59,35,
27,-3,
-30,-15,
-28,-23,
-18,32,
-53,40,
-4,-5,
8,-28,
9,8,
18,8,
-2,34,
-1,75,
8,80,
38,69,
17,17,
-2,48,
66,42,
-11,26,
-12,100,
-59,88,
-30,41,
-9,61,
5,24,
49,21,
44,42,
82,46,
50,29,
-3,32,
23,38,
22,50,
64,-6,
68,-62,
41,-29,
42,27,
31,18,
8,-19,
53,-22,
1,33,
-17,40,
4,36,
-18,-7,
-48,14,
4,59,
26,36,
7,45,
-43,20,
-37,44,
-21,3,
-10,14,
2,42,
29,28,
25,37,
-21,81,
-24,54,
-6,-3,
2,20,
25,84,
10,44,
66,-10,
67,42,
3,38,
9,-2,
3,5,
48,-7,
34,27,
-46,47,
-26,5,
26,13,
43,1,
-6,-23,
-12,15,
25,29,
2,47,
-4,28,
-27,12,
-2,0,
-11,-1,
-27,32,
28,-8,
35,-58,
6,-10,
-27,36,
39,81,
58,36,
1,7,
6,-1,
-18,-20,
9,-19,
51,-40,
41,26,
-8,10,
-56,21,
-57,19,
-13,39,
57,30,
57,44,
31,8,
8,25,
35,4,
11,55,
-44,18,
-32,-26,
29,16,
1,35,
11,34,
7,31,
15,13,
-27,-2,
1,25,
29,1,
37,34,
51,15,
15,11,
12,-22,
13,21,
-3,-7,
-14,-9,
-60,-25,
-69,24,
-54,45,
-40,-14,
-9,-18,
1,-77,
33,-11,
58,30,
63,11,
60,-20,
65,-9,
-9,-17,
-3,15,
-4,36,
8,91,
14,-21,
76,-73,
40,-25,
5,-20,
-23,-36,
-18,21,
33,12,
19,-78,
-7,-1,
0,70,
-10,78,
-15,41,
56,26,
89,57,
66,16,
-39,-42,
-76,-65,
-94,56,
-55,73,
-53,60,
15,42,
82,-7,
40,-7,
51,-3,
26,-7,
36,22,
25,-10,
9,-31,
11,14,
-10,26,
8,22,
-11,-13,
0,-11,
-12,45,
-31,35,
-77,35,
35,44,
63,-13,
42,26,
-35,33,
45,70,
13,21,
2,-10,
23,28,
-4,-10,
9,10,
20,-27,
-7,8,
-2,115,
26,67,
53,-14,
58,-46,
39,42,
40,6,
24,32,
68,16,
83,-9,
-24,-8,
-21,-60,
66,-1,
20,2,
8,45,
2,40,
-6,-2,
-33,9,
37,15,
-29,-9,
-6,-12,
-16,34,
0,34,
36,-8,
15,65,
15,59,
-37,13,
4,21,
6,-10,
16,-13,
-23,2,
-40,40,
21,10,
38,24,
36,34,
-10,27,
-25,15,
-32,14,
44,76,
71,105,
36,60,
15,41,
-7,-19,
8,-34,
19,8,
61,51,
15,84,
53,45,
16,69,
-76,-10,
-31,-20,
-15,30,
31,20,
24,28,
-4,12,
-1,56,
46,-31,
53,-33,
84,2,
27,52,
-11,41,
-77,-30,
-59,33,
-23,94,
11,74,
28,67,
-42,23,
-67,30,
-71,48,
36,59,
36,-11,
22,-52,
-27,37,
29,12,
55,-15,
56,-31,
49,-66,
22,-37,
48,61,
-4,92,
-42,13,
4,-34,
61,-37,
-52,-7,
-110,7,
-40,30,
84,2,
130,-1,
50,-20,
15,-34,
3,-47,
-2,-48,
-13,7,
-59,-2,
-33,-17,
12,8,
-28,57,
37,54,
-8,-9,
-36,31,
-40,21,
62,-1,
62,2,
46,-21,
48,15,
58,37,
18,-39,
29,7,
35,18,
68,-7,
40,18,
14,65,
27,38,
43,-45,
48,-41,
24,-17,
45,-27,
50,37,
7,-4,
18,21,
-53,35,
6,12,
5,-50,
-40,-58,
-32,-33,
-24,-34,
-1,-16,
5,44,
11,46,
-31,38,
-6,-35,
18,-3,
55,-23,
23,-11,
-18,-50,
-51,-43,
31,24,
59,32,
48,0,
12,-14,
-5,5,
-34,42,
-25,70,
-17,63,
39,20,
11,13,
32,-22,
69,1,
50,-42,
54,-82,
32,-39,
40,38,
27,-34,
-14,-74,
16,-67,
27,-22,
26,-6,
-1,-5,
-15,7,
-21,-18,
-247,-342,
-1167,-1952,
-2779,-5615,
-3155,-7259,
-2279,-6471,
-199,-2122,
958,1033,
794,1212,
281,547,
502,1178,
793,2569,
277,2769,
-522,1450,
-857,198,
-978,-160,
-1091,55,
-912,302,
-359,342,
150,231,
32,81,
128,115,
400,270,
739,424,
677,454,
385,185,
179,-197,
237,-351,
419,-158,
549,219,
482,373,
293,266,
119,67,
47,-50,
-17,20,
-73,162,
-158,186,
-127,263,
-84,172,
-55,-102,
-3,-242,
53,-61,
11,107,
-104,207,
-197,271,
-125,231,
27,107,
96,-52,
97,-96,
54,38,
10,102,
-70,122,
-177,58,
-184,42,
-116,-23,
-28,-40,
46,-115,
123,-58,
136,-6,
193,65,
261,63,
242,26,
121,41,
-63,72,
-165,57,
-160,65,
-65,82,
18,86,
44,60,
35,133,
50,173,
22,65,
-29,33,
-15,47,
-25,70,
4,1,
47,-75,
42,-106,
76,-138,
-23,-83,
-110,28,
-153,116,
-75,202,
3,164,
4,18,
28,6,
12,-72,
48,-27,
150,58,
116,83,
11,137,
-12,86,
-23,7,
43,28,
-13,80,
17,5,
90,-14,
123,-24,
133,17,
169,-10,
83,-18,
59,47,
82,121,
70,73,
38,7,
57,70,
30,67,
100,59,
91,58,
29,71,
-47,107,
4,54,
-30,28,
-14,3,
16,21,
55,8,
52,15,
-15,27,
35,19,
73,-15,
74,7,
78,45,
37,71,
47,78,
62,27,
96,-6,
43,-33,
49,-17,
-21,48,
18,26,
12,72,
68,76,
10,29,
40,37,
84,79,
77,91,
37,36,
71,81,
136,18,
110,25,
43,72,
-8,44,
17,35,
9,27,
60,14,
100,14,
64,12,
-12,1,
-25,13,
40,38,
31,92,
13,69,
7,16,
17,6,
38,27,
21,52,
80,81,
55,33,
34,-57,
00>
_________________________________
00>
_________________________________
Sequence Number: 201
00>
00>
Printing STS0 CIR
00>
00>
_________________________________
00>
-1,-15,
38,75,
42,112,
20,28,
-7,-36,
-37,-44,
40,-1,
85,32,
79,-5,
17,18,
12,20,
43,31,
45,34,
16,62,
20,52,
22,-11,
70,4,
64,31,
100,57,
42,31,
19,47,
17,15,
-11,10,
3,13,
5,27,
30,-19,
10,-44,
82,18,
28,1,
-33,-74,
14,-11,
46,-9,
-4,21,
42,11,
24,61,
-13,74,
-2,87,
-31,-5,
-8,-71,
35,-3,
9,-34,
-61,61,
-3,8,
-3,39,
3,-66,
13,-66,
-38,-54,
-40,-64,
22,-14,
37,49,
23,121,
-29,94,
-52,20,
-34,29,
-32,18,
16,-31,
51,-10,
33,1,
5,42,
16,-25,
-18,-21,
-1,-34,
1,21,
-38,40,
-52,-19,
25,-82,
20,-76,
13,5,
31,32,
-2,6,
58,10,
72,-6,
44,-1,
19,-56,
13,-27,
-32,8,
-61,-15,
-42,-41,
27,-84,
4,-51,
-2,0,
-35,-18,
5,-52,
62,-58,
8,-27,
15,25,
-51,26,
-8,51,
-20,28,
-8,62,
27,4,
17,18,
44,-41,
4,-15,
11,9,
64,73,
4,-1,
13,-15,
26,16,
5,-5,
42,-32,
72,-53,
13,-18,
-12,-23,
-18,-36,
48,-46,
0,-60,
-68,-29,
-12,13,
-41,35,
-23,-43,
53,-52,
42,19,
-21,40,
-47,15,
-81,-10,
24,-6,
-21,20,
-19,36,
-25,5,
6,-11,
20,0,
13,29,
20,34,
16,7,
57,-1,
-23,26,
2,-17,
6,-43,
27,11,
58,38,
-6,44,
15,93,
22,78,
11,46,
52,113,
33,77,
40,36,
-38,-39,
-27,-7,
-52,-49,
-38,-9,
1,-3,
4,9,
-21,-23,
-86,2,
-49,-24,
31,-36,
39,-6,
-17,5,
-19,33,
43,59,
0,28,
-1,35,
54,-76,
15,36,
41,72,
50,-20,
50,-67,
13,18,
-10,33,
-35,10,
25,17,
15,74,
27,8,
-52,-21,
-36,4,
-2,16,
25,50,
15,-6,
12,-17,
8,33,
18,35,
-12,59,
-30,51,
-17,4,
-6,-8,
25,32,
85,11,
38,8,
28,37,
-7,90,
-28,41,
1,4,
6,-3,
62,-2,
26,-24,
-70,-73,
-74,-43,
-21,5,
32,6,
-31,10,
-59,54,
-28,109,
16,51,
25,5,
-13,29,
-17,24,
-13,-47,
41,-32,
29,-37,
36,-18,
8,39,
25,-9,
-6,-24,
3,-71,
-36,-69,
-21,-53,
10,-35,
17,-11,
13,-1,
-29,-55,
22,-11,
27,7,
7,37,
15,34,
78,20,
-11,-11,
-15,-40,
10,12,
46,72,
74,123,
39,67,
-2,-14,
-32,-47,
-24,57,
25,-5,
32,-24,
26,-30,
59,34,
0,60,
-6,75,
-35,13,
21,4,
26,73,
34,77,
-8,39,
-12,-32,
-28,4,
-32,32,
-13,12,
-9,-4,
92,-37,
67,-42,
8,-20,
23,-5,
-26,24,
-37,-13,
-51,28,
2,-27,
1,-7,
-8,25,
-37,23,
42,-52,
36,3,
52,80,
-29,39,
33,-42,
29,-38,
62,33,
-5,29,
4,0,
28,-20,
-14,24,
-13,38,
-25,-5,
28,-48,
67,24,
55,68,
27,46,
-27,-26,
-21,-11,
-32,3,
-7,40,
15,-2,
-38,-28,
20,-64,
-5,-72,
9,21,
31,-18,
-32,23,
-37,49,
6,11,
-24,31,
-35,-16,
-25,0,
-11,-3,
75,40,
82,-9,
18,21,
-145,-3,
-40,-79,
-28,-24,
4,35,
-22,10,
-28,-27,
-31,6,
30,26,
10,-40,
-9,-56,
-14,6,
18,11,
68,33,
48,74,
32,29,
-24,11,
-21,83,
-18,95,
8,56,
68,24,
44,-59,
36,8,
38,48,
-26,42,
25,47,
64,19,
17,5,
9,-50,
-26,6,
11,63,
25,77,
3,4,
51,-5,
28,-28,
33,-49,
73,12,
74,70,
57,38,
15,24,
12,-15,
-60,-57,
-54,-26,
-19,-11,
-3,-24,
9,2,
18,-1,
27,-9,
10,22,
15,58,
25,46,
49,-3,
49,0,
-46,2,
-14,35,
31,-25,
47,-20,
-7,67,
43,46,
118,45,
40,-44,
39,-41,
45,32,
232,-22,
1585,-383,
5197,-812,
7745,-279,
7333,1584,
3613,3385,
-84,2729,
-741,830,
333,-380,
1461,-89,
1765,775,
798,1078,
-292,688,
-837,426,
-900,444,
-721,588,
-385,459,
-64,227,
-86,127,
-140,31,
-177,-51,
-259,-102,
158,-86,
348,-346,
163,-650,
-34,-667,
-281,-382,
-239,-116,
-35,-126,
152,-213,
232,-212,
165,-90,
37,6,
-128,-67,
-185,-247,
-109,-214,
-102,-47,
-207,63,
-272,-7,
-321,-88,
-170,-124,
-126,-25,
-137,-13,
-86,138,
-76,206,
-135,243,
-128,174,
-65,-54,
31,-146,
-17,-26,
-238,52,
-226,99,
-211,82,
-327,-4,
-177,-108,
-153,-172,
-111,-133,
-34,-87,
5,30,
-41,76,
-28,105,
-116,71,
-110,1,
-21,-94,
-18,-117,
-23,-123,
5,-54,
-41,68,
-58,121,
-131,143,
-161,147,
-132,69,
-11,101,
82,222,
45,216,
-14,76,
-25,-25,
6,-41,
51,2,
184,44,
163,85,
42,31,
-143,-131,
-63,-171,
-23,-75,
-24,-16,
10,31,
7,-3,
16,-4,
-65,44,
-56,23,
-60,24,
-32,-74,
8,-90,
-34,-123,
-72,-133,
-80,-54,
-47,-29,
-80,21,
-39,-14,
-42,-10,
-194,-80,
-117,-85,
-95,-64,
-46,1,
-6,-18,
-34,-67,
-106,-73,
-78,5,
-97,70,
-78,31,
-52,4,
-88,-1,
-145,-66,
-95,-85,
2,-33,
-45,1,
-69,-55,
-60,-53,
-80,-38,
-71,-68,
-67,-100,
-38,-69,
-63,-15,
32,-18,
-26,-18,
-33,4,
-34,-2,
13,-1,
4,3,
-53,17,
8,93,
46,41,
8,5,
-80,-37,
-35,-62,
19,-83,
22,-74,
-20,-36,
-40,-69,
-63,-61,
-45,-39,
22,32,
-42,47,
-42,30,
-21,3,
-57,15,
8,66,
-88,144,
-127,44,
-75,-29,
-33,-6,
-32,-23,
-37,-39,
-70,-53,
-49,-43,
-10,-77,
-14,-84,
-6,-131,
-4,-34,
00>
_________________________________
00>
00>
Printing STS1 CIR
00>
00>
_________________________________
00>
49,21,
44,34,
2,49,
32,21,
35,-16,
43,14,
16,-14,
12,-3,
6,-33,
24,-28,
81,23,
18,14,
-30,27,
-32,-1,
21,16,
-1,-12,
-12,-68,
-7,-46,
-36,3,
24,16,
27,-2,
-23,35,
28,19,
19,-23,
17,-59,
20,-12,
11,-16,
11,-49,
12,-20,
27,20,
66,26,
-25,50,
-17,15,
-24,7,
-5,72,
-20,32,
-17,46,
-44,10,
8,23,
33,52,
66,67,
12,55,
20,72,
5,13,
42,-1,
42,-5,
-4,-43,
-36,-17,
43,-17,
83,-71,
29,-36,
55,21,
60,62,
14,33,
34,7,
-22,-10,
-6,17,
27,46,
-15,56,
22,-6,
-61,1,
22,-58,
22,-3,
23,34,
16,20,
-17,20,
29,11,
19,68,
23,53,
-8,21,
-26,-11,
-62,7,
48,23,
12,44,
-40,11,
-22,-19,
-4,-6,
35,71,
57,17,
18,21,
-37,-2,
-85,-59,
-39,-10,
-29,44,
3,82,
-41,18,
40,32,
-2,6,
12,-34,
15,22,
34,24,
10,44,
-11,54,
-1,-36,
34,-17,
33,-6,
57,-34,
-3,-26,
11,52,
-5,64,
26,29,
19,-25,
30,22,
-10,-6,
-37,-15,
7,27,
59,-15,
80,-28,
71,0,
38,22,
2,-51,
54,-78,
59,-40,
74,19,
27,2,
-1,-31,
15,1,
44,6,
61,-35,
46,40,
0,26,
-14,5,
76,8,
99,36,
35,-4,
63,-5,
62,3,
7,23,
29,41,
66,87,
63,75,
6,13,
-22,7,
13,15,
-2,30,
-85,65,
-59,76,
35,36,
41,-28,
45,-19,
39,12,
12,-45,
51,-95,
54,-8,
-20,61,
-111,49,
-18,38,
3,32,
-30,40,
-28,61,
20,48,
21,14,
-10,36,
-61,25,
15,38,
82,-36,
35,-18,
42,20,
-7,60,
32,-9,
-5,21,
-20,36,
8,-4,
-53,4,
-50,38,
-37,56,
36,-3,
50,-17,
24,28,
-60,89,
-64,77,
-34,-21,
12,-49,
52,-9,
2,12,
36,6,
9,49,
49,16,
46,-8,
71,42,
106,18,
41,6,
88,30,
50,13,
16,30,
6,9,
9,-54,
74,-1,
86,30,
53,-13,
42,-47,
53,5,
-18,39,
-32,-1,
27,33,
50,53,
18,51,
24,63,
-47,96,
-87,103,
-47,91,
19,39,
45,26,
72,4,
17,33,
9,40,
9,48,
54,24,
42,38,
26,-5,
55,8,
83,63,
62,5,
98,-1,
5,-11,
-20,27,
-12,42,
31,25,
2,-48,
7,-50,
-19,25,
-17,43,
32,-25,
44,-78,
8,7,
22,2,
44,-42,
-2,-22,
22,-36,
-32,5,
18,18,
83,11,
31,28,
22,10,
41,23,
44,9,
34,-6,
16,1,
26,25,
-12,82,
-36,42,
28,35,
57,14,
11,69,
-1,25,
-15,5,
-9,37,
-15,17,
2,10,
-7,15,
9,92,
26,33,
25,23,
11,-10,
4,-18,
32,32,
-30,56,
-20,25,
-57,-8,
-37,60,
-1,31,
-32,12,
-3,7,
45,3,
38,9,
10,18,
14,-26,
25,-14,
-18,60,
-12,49,
18,14,
-17,5,
-3,-62,
-12,-17,
-2,5,
18,42,
32,27,
77,12,
9,15,
45,-3,
0,16,
-6,17,
20,38,
52,26,
36,-1,
1,28,
21,-5,
-25,61,
36,84,
62,26,
51,5,
81,2,
26,-57,
1,3,
-48,37,
-24,12,
49,10,
96,35,
59,54,
-46,53,
-31,31,
13,-8,
-23,4,
-15,37,
39,45,
47,14,
-4,48,
-2,39,
33,48,
58,40,
33,21,
52,34,
-19,71,
-56,21,
-25,32,
-7,48,
48,-1,
-5,45,
12,-57,
-41,48,
27,45,
4,54,
-4,37,
-14,14,
2,7,
12,7,
-23,-7,
-14,55,
4,1,
45,24,
33,-35,
32,31,
28,3,
22,38,
-34,81,
-17,75,
-15,32,
63,-11,
42,73,
4,61,
-58,12,
-57,46,
-35,32,
7,-10,
-20,11,
-25,-17,
51,19,
33,26,
21,-8,
32,-37,
24,-31,
-8,-48,
87,-421,
756,-2129,
2385,-5434,
3689,-6847,
4026,-5535,
2452,-1606,
371,1130,
-562,842,
-961,-888,
-1132,-2512,
-520,-3009,
476,-1931,
849,-368,
717,202,
635,-294,
600,-773,
404,-487,
154,-38,
37,214,
106,123,
154,124,
106,218,
82,384,
-73,653,
-227,739,
-177,550,
16,94,
179,-116,
193,-22,
139,43,
48,96,
-86,304,
-164,451,
-142,357,
-35,150,
92,35,
58,40,
-136,140,
-263,162,
-192,155,
-68,102,
42,87,
30,202,
-25,270,
-30,180,
-53,196,
-141,177,
-132,115,
-138,133,
-115,209,
-59,227,
-19,86,
-88,58,
-75,116,
33,50,
121,14,
31,47,
-34,72,
53,190,
38,191,
-34,134,
-76,87,
-80,11,
-97,24,
12,46,
46,-15,
-33,14,
10,3,
95,127,
48,89,
-49,144,
-213,280,
-228,332,
-185,283,
-166,169,
-178,58,
-190,44,
-127,139,
-81,206,
-137,334,
-83,391,
-41,377,
101,194,
82,35,
-45,34,
-103,87,
-114,85,
-83,64,
56,65,
70,70,
79,80,
9,69,
-80,80,
-96,86,
-32,57,
-25,73,
35,61,
-2,63,
-30,50,
-42,53,
-73,-14,
-79,-14,
5,5,
16,106,
-29,177,
-31,114,
-88,81,
-48,45,
14,39,
-98,56,
-146,53,
-99,71,
-29,19,
5,29,
30,69,
1,68,
-55,113,
-148,126,
-93,77,
-45,52,
-26,93,
16,175,
50,162,
17,97,
-13,55,
-48,92,
-30,33,
-41,37,
-11,80,
-17,120,
-34,145,
6,63,
-25,56,
-41,74,
10,93,
-9,141,
-23,89,
-61,47,
-47,66,
-47,79,
21,55,
-9,66,
-43,21,
-65,54,
-63,99,
-20,97,
24,67,
12,8,
7,36,
15,88,
-6,119,
-65,153,
-74,54,
-53,-47,
-29,0,
18,85,
17,17,
8,26,
-85,99,
-52,105,
00>
_________________________________
00>
RX Timestamp: 881281982654
00>
Clock Offset: -1934.052 Hz, 0.242 ppm
00>
RX Timestamp: 882352981573
00>
Clock Offset: -2436.161 Hz, 0.305 ppm
00>
_________________________________
Sequence Number: 78
00>
00>
Printing STS0 CIR
00>
00>
_________________________________
00>
-18,-4,
19,-29,
46,-47,
34,27,
90,0,
51,-35,
25,-73,
-18,-42,
37,-47,
9,12,
20,7,
43,-50,
-13,-65,
31,-25,
-7,-45,
-6,-25,
-48,-63,
25,-48,
41,-56,
100,15,
119,37,
142,34,
98,13,
17,76,
-39,77,
-34,36,
-9,11,
-49,18,
-44,0,
39,-59,
-26,5,
-12,46,
-59,71,
-3,-23,
10,-87,
107,-61,
48,-79,
26,-44,
-13,21,
10,34,
5,-4,
-4,7,
50,-18,
111,-68,
48,-10,
-7,17,
-54,4,
4,-42,
12,-20,
-15,14,
-6,-13,
27,22,
42,8,
44,-8,
-4,-13,
23,6,
38,23,
6,14,
22,-35,
35,-59,
78,-95,
33,-49,
-10,18,
-30,-14,
-45,22,
-1,54,
-4,19,
44,35,
8,25,
22,-12,
5,14,
52,58,
0,16,
-32,-13,
-35,-5,
49,1,
50,30,
29,-2,
71,-29,
60,-2,
-44,63,
-10,10,
50,-25,
33,-55,
-25,-40,
-7,-11,
8,84,
0,6,
9,30,
16,19,
-8,25,
-25,33,
-38,70,
-17,30,
23,0,
-22,2,
-40,16,
23,12,
-2,0,
-13,-16,
-40,9,
-4,6,
-11,-36,
53,70,
43,74,
8,56,
56,-8,
-4,27,
-31,47,
15,-5,
60,1,
78,-40,
41,-64,
-6,18,
-67,6,
28,9,
26,25,
13,20,
35,-21,
-4,52,
-9,2,
14,30,
11,28,
29,61,
25,30,
6,38,
-12,29,
29,2,
-15,44,
-7,16,
99,-25,
-8,32,
-8,-7,
-26,-2,
32,-14,
1,17,
-11,1,
-12,-23,
13,8,
25,16,
35,20,
-14,14,
4,6,
11,-27,
-47,11,
-5,38,
-18,58,
7,-18,
-4,0,
20,42,
-14,29,
-6,35,
-3,42,
-12,22,
30,-11,
13,37,
-30,34,
1,12,
-35,59,
29,21,
40,89,
20,-20,
34,-10,
-20,-9,
-41,-23,
25,27,
-23,-21,
-7,14,
26,5,
54,6,
11,21,
20,76,
54,-21,
-2,18,
9,-20,
-25,-28,
-30,32,
-28,60,
14,54,
71,36,
58,15,
113,46,
-3,-13,
16,22,
-1,52,
8,-17,
23,12,
50,-20,
16,-31,
2,-18,
27,-7,
57,-45,
15,-16,
44,-13,
50,49,
-33,-6,
-59,2,
-45,15,
24,45,
24,-18,
9,-75,
2,49,
-23,47,
3,14,
22,35,
1,34,
57,-33,
-20,-27,
0,-10,
10,-3,
-5,25,
5,5,
30,-18,
-26,16,
0,5,
3,33,
29,6,
5,-25,
-32,-5,
-22,21,
-6,-13,
4,36,
32,-2,
26,-25,
12,-6,
-23,9,
-33,-44,
-26,69,
-36,38,
-47,34,
1,24,
46,-39,
-24,-14,
17,27,
3,40,
-111,43,
-44,52,
35,-24,
46,-71,
-36,-54,
-3,-14,
-19,7,
0,-22,
13,-18,
-46,-39,
-4,3,
1,80,
33,46,
34,36,
47,-17,
20,-48,
-18,14,
24,-4,
7,15,
-19,-3,
-100,31,
5,4,
15,45,
20,-35,
-7,-2,
-1,24,
9,35,
54,-42,
61,30,
25,24,
-33,77,
32,-17,
7,-37,
36,-32,
25,-2,
0,28,
-2,7,
60,-78,
30,-15,
-10,-31,
-38,-6,
16,19,
-25,-4,
-25,-21,
-13,25,
39,28,
10,20,
-16,18,
3,59,
59,-8,
53,15,
32,12,
27,19,
50,-29,
21,3,
1,-57,
-69,43,
-51,-28,
24,-2,
26,-106,
-12,-93,
-18,-52,
6,0,
39,10,
-18,42,
-15,46,
4,-22,
53,-36,
10,14,
45,-8,
43,18,
61,67,
-10,23,
-15,50,
34,27,
40,-9,
-17,12,
-45,17,
32,31,
63,-64,
42,-45,
4,9,
51,1,
-4,17,
44,-27,
-4,13,
12,-22,
-24,-39,
72,-22,
74,-7,
111,14,
53,-8,
-20,-51,
-24,-25,
-11,-40,
25,12,
29,-1,
19,-49,
8,-14,
28,-37,
72,-22,
52,8,
32,29,
24,62,
22,56,
8,11,
-2,1,
-19,43,
-1,-20,
4,45,
3,-4,
40,18,
80,13,
69,15,
32,-8,
25,6,
19,24,
23,38,
53,569,
321,4001,
228,8057,
-848,8057,
-2312,7802,
-3107,3387,
-845,-1361,
356,-1325,
826,-673,
1554,-1255,
2371,-2209,
1776,-1534,
302,-25,
-1003,1005,
-2167,1494,
-1589,941,
-361,341,
378,166,
321,-47,
19,11,
-191,-92,
-453,-213,
-722,-401,
-335,-480,
174,-587,
507,-446,
81,222,
-325,496,
-127,57,
50,-368,
257,-618,
71,-372,
-43,-283,
-174,-652,
-98,-135,
-101,-47,
-120,-105,
159,-285,
118,-19,
85,-17,
-60,69,
-121,31,
20,1,
50,96,
3,165,
-86,275,
-124,299,
-57,236,
5,90,
2,-125,
94,-75,
104,12,
122,29,
126,-10,
9,34,
-31,-71,
11,-120,
112,-248,
201,-348,
129,-143,
62,24,
125,81,
176,101,
173,101,
19,89,
-14,87,
54,-31,
29,6,
-67,-22,
-95,-40,
-33,-80,
52,-133,
9,-150,
90,-340,
217,-381,
201,-156,
97,3,
148,-27,
236,-149,
232,-288,
61,-364,
-72,-693,
-18,-98,
-41,-20,
-73,-62,
61,-305,
37,-214,
85,-104,
76,-32,
23,5,
94,-62,
117,-119,
84,-92,
49,-112,
24,-183,
4,-247,
48,-165,
-33,-213,
30,18,
49,-3,
25,0,
26,-88,
-83,-70,
-30,-71,
19,-74,
103,-162,
196,-212,
105,-105,
74,-65,
84,-100,
20,-104,
42,-53,
58,-54,
59,-136,
8,9,
24,3,
53,-3,
144,-89,
70,-61,
77,-148,
66,-115,
51,-153,
11,-170,
44,-122,
57,-67,
111,-29,
121,-89,
23,-26,
2,-61,
-7,-87,
-31,12,
19,39,
-9,-5,
4,-105,
-33,-79,
30,-31,
-10,2,
30,11,
36,-74,
47,-107,
-12,-57,
46,-77,
81,-99,
5,-84,
-19,-16,
-3,-49,
74,-9,
50,24,
94,9,
114,-128,
44,-115,
66,-160,
53,-93,
27,-75,
95,-43,
86,-45,
46,-17,
39,-52,
1,-72,
00>
_________________________________
00>
00>
Printing STS1 CIR
00>
00>
_________________________________
00>
-72,13,
-6,34,
-3,53,
-4,39,
17,35,
-18,42,
53,41,
20,47,
-29,-8,
21,6,
28,27,
-42,-1,
25,-58,
33,-50,
16,6,
1,-6,
19,20,
25,7,
45,-5,
23,-18,
30,-2,
13,3,
28,71,
14,31,
28,36,
14,36,
14,21,
-29,53,
-17,48,
48,22,
64,-24,
6,-9,
-12,34,
3,-4,
43,39,
-11,64,
-34,71,
-18,19,
39,-23,
32,-20,
54,-13,
35,-1,
43,8,
11,-2,
8,-20,
-11,-28,
-7,-2,
-24,11,
-24,44,
4,-31,
49,-34,
-14,47,
-11,0,
-6,-26,
15,1,
-36,8,
7,34,
-11,-27,
47,-11,
77,-10,
39,34,
18,48,
32,22,
-10,-7,
-5,0,
28,18,
53,42,
16,18,
15,-38,
15,-36,
-19,-3,
32,67,
40,49,
-2,42,
24,39,
1,27,
-15,40,
24,0,
26,-4,
52,-17,
40,11,
36,40,
38,67,
25,84,
-21,104,
19,54,
15,-11,
53,-35,
7,-28,
12,6,
-31,52,
29,76,
22,49,
-47,-7,
-10,30,
0,-1,
42,19,
41,-6,
40,-28,
5,-3,
4,-1,
33,-6,
30,19,
21,13,
16,19,
-3,63,
17,105,
77,94,
74,21,
63,19,
57,-23,
-11,-24,
3,-31,
8,40,
88,22,
14,-4,
7,-24,
7,-26,
7,45,
-33,55,
8,72,
16,23,
1,8,
10,-6,
87,-7,
21,-9,
-12,-4,
-30,34,
-21,6,
18,-8,
45,-35,
40,15,
21,-40,
35,-56,
30,-21,
26,45,
61,35,
5,17,
-21,-8,
19,0,
61,21,
78,25,
18,32,
18,39,
46,-45,
51,0,
44,-92,
56,-61,
65,-38,
60,-29,
12,44,
-39,88,
5,39,
-40,21,
6,20,
-8,7,
3,-17,
-11,62,
39,18,
46,35,
-5,24,
12,62,
4,48,
-8,-62,
12,-82,
-2,-50,
29,-31,
4,5,
12,-23,
42,21,
55,16,
-11,-4,
-32,7,
-48,28,
-13,30,
45,33,
34,47,
3,85,
1,26,
-18,46,
-35,43,
-16,71,
53,54,
83,-17,
44,18,
29,13,
41,73,
88,13,
43,6,
62,-7,
76,9,
34,42,
-6,11,
20,48,
53,76,
65,74,
26,92,
56,70,
36,2,
55,-1,
-9,44,
-3,19,
28,-36,
81,15,
-11,-12,
11,15,
0,8,
41,10,
4,14,
38,21,
22,-32,
-19,-21,
17,27,
25,36,
-30,29,
-16,51,
-2,73,
25,10,
69,27,
103,12,
85,11,
32,17,
30,28,
37,0,
6,-50,
18,-24,
-1,-53,
16,-132,
48,-107,
61,-94,
42,6,
28,16,
25,24,
-12,-1,
-2,44,
28,60,
48,85,
-1,38,
9,14,
-44,13,
-21,20,
-10,-8,
120,-23,
82,-5,
64,49,
66,45,
66,-11,
73,22,
49,39,
-19,23,
-23,65,
5,-6,
10,-3,
-4,44,
4,5,
1,18,
29,31,
-3,44,
25,22,
18,-4,
17,12,
-11,1,
23,40,
35,-36,
39,1,
18,8,
6,29,
4,9,
32,-28,
8,17,
-2,46,
2,15,
33,-35,
31,-2,
44,31,
0,32,
-21,8,
-14,26,
-23,-23,
-34,-66,
-21,-17,
-48,-27,
0,-23,
73,22,
37,93,
7,26,
22,24,
32,49,
73,-23,
42,9,
-16,47,
11,70,
7,87,
25,74,
-25,2,
-12,4,
21,4,
0,9,
80,18,
65,49,
20,9,
24,-25,
22,-33,
56,-5,
18,9,
-9,-7,
42,39,
32,1,
49,-4,
5,25,
-7,-18,
45,-16,
29,-9,
5,43,
-16,42,
6,43,
41,34,
39,-43,
52,-5,
10,47,
2,16,
-8,26,
-9,17,
54,8,
88,-40,
85,-30,
27,-3,
18,12,
-12,49,
9,6,
58,7,
40,37,
-73,-9,
-33,-26,
26,-33,
2,32,
14,24,
24,-14,
-22,-31,
-8,17,
-30,46,
-12,1,
3,8,
37,22,
46,50,
-14,32,
24,-11,
5,-56,
88,-41,
43,-34,
35,-1,
-6,22,
105,5,
982,18,
4290,1029,
7528,3191,
7321,4216,
6137,4211,
512,1087,
-2090,-223,
-1367,-333,
-655,-137,
-1933,-598,
-3510,-1873,
-2166,-2235,
82,-1228,
1056,-651,
1332,-637,
1225,-834,
738,-676,
189,-397,
-79,-8,
-62,51,
-215,71,
-827,98,
-1454,87,
-1095,76,
-376,174,
-47,442,
16,706,
-540,570,
-675,359,
-702,213,
-525,118,
-271,79,
37,70,
145,-84,
114,-219,
139,-265,
111,-323,
96,-155,
316,89,
166,154,
11,71,
-18,-122,
29,-397,
33,-512,
-6,-258,
-94,22,
-116,102,
-60,32,
-94,11,
-66,-96,
57,-172,
125,-197,
151,-200,
73,-69,
-30,59,
3,142,
-35,95,
-64,104,
-219,174,
-307,252,
-282,216,
-142,33,
-13,-29,
178,-114,
154,-93,
43,-21,
-66,105,
-63,145,
-63,51,
-207,-133,
-23,-72,
152,-31,
122,-33,
90,-60,
93,-50,
120,156,
25,259,
59,156,
176,-14,
258,-164,
159,-167,
-70,-184,
-7,-60,
-35,51,
-32,112,
-24,178,
-118,91,
-173,26,
-120,-20,
-141,-38,
-120,-110,
-87,-104,
-15,-28,
-21,25,
-54,31,
-118,80,
-105,74,
-100,117,
-2,82,
18,36,
-39,50,
-115,-44,
-151,3,
-133,17,
-56,34,
-45,-13,
-12,-51,
-64,-43,
-18,-31,
18,-62,
-5,-59,
42,-36,
6,-16,
-23,-42,
6,-31,
-3,5,
-7,33,
-13,21,
-13,15,
-73,-3,
-37,27,
-92,10,
-140,-49,
-158,-62,
-120,-3,
-36,24,
-44,31,
-6,32,
-3,-15,
-1,-29,
23,-99,
15,-55,
-9,-76,
-81,-19,
-49,-24,
-14,-3,
25,42,
-8,41,
-48,53,
-118,26,
-23,13,
-32,27,
-32,37,
-40,10,
2,-18,
-42,-1,
-24,34,
-16,-25,
-33,1,
-39,-8,
-92,23,
-51,6,
4,-7,
62,1,
63,6,
-40,13,
-54,-27,
-41,-36,
-42,5,
00>
_________________________________
00>
_________________________________
Sequence Number: 81
00>
00>
Printing STS0 CIR
00>
00>
_________________________________
00>
-21,10,
3,5,
6,-7,
-54,0,
-62,-5,
-13,-3,
41,-41,
23,-39,
-9,-5,
-54,8,
-23,11,
-7,18,
6,72,
0,-11,
55,-39,
21,-25,
-14,-69,
10,-21,
47,-6,
71,-19,
48,14,
29,28,
6,80,
3,80,
25,71,
-23,31,
12,-7,
-29,-19,
-23,74,
-47,31,
-18,-20,
34,27,
32,-24,
-51,68,
-57,68,
-34,33,
-76,14,
-2,34,
-22,51,
26,20,
3,-24,
-1,-12,
-23,14,
-11,18,
-15,-36,
-11,-10,
-66,12,
-19,-9,
-29,36,
-37,25,
-7,17,
2,46,
-63,-4,
-83,-68,
-16,-35,
10,46,
7,-3,
-6,29,
-19,-11,
-31,-57,
-9,-25,
24,7,
-6,-17,
-18,8,
13,10,
72,30,
0,35,
1,-25,
65,-20,
40,19,
27,93,
32,33,
-15,-61,
2,-2,
-37,59,
-18,38,
-12,-1,
18,2,
-2,51,
-16,65,
-2,-38,
50,-51,
55,-45,
11,-21,
7,-16,
16,32,
6,48,
-6,42,
0,6,
-10,39,
-19,24,
9,26,
17,-25,
70,-28,
55,-5,
24,0,
29,73,
18,32,
46,17,
36,13,
17,-7,
73,7,
30,9,
14,8,
-36,38,
-24,35,
-7,-1,
12,-40,
28,43,
2,14,
-13,-11,
-1,7,
8,-57,
-11,13,
51,-7,
39,2,
0,62,
-8,-10,
-17,-5,
27,7,
8,-4,
36,104,
28,19,
49,18,
19,41,
30,58,
-1,69,
-36,3,
-4,13,
4,29,
6,51,
-19,8,
-82,-35,
-23,-30,
0,-12,
-16,18,
6,-36,
-58,-3,
-39,52,
-26,0,
1,-59,
-7,-7,
-2,89,
-11,83,
-14,20,
-1,20,
9,14,
19,18,
43,8,
49,-15,
-32,45,
-45,-24,
-23,-36,
-31,1,
19,47,
36,8,
61,69,
22,33,
21,7,
-18,13,
-31,11,
-10,48,
60,-54,
78,-14,
67,46,
23,45,
-36,-13,
21,-21,
5,71,
-1,113,
-10,54,
-20,61,
8,52,
-5,10,
-11,15,
3,18,
30,-59,
33,-58,
19,-28,
-4,-54,
11,11,
65,46,
-21,-16,
-12,2,
-36,-54,
-2,-30,
23,-15,
-42,30,
-29,24,
39,-14,
48,3,
3,13,
30,-19,
22,-14,
-6,-24,
-20,-2,
31,26,
37,-3,
36,-17,
-7,6,
17,84,
-9,69,
23,1,
-11,-12,
-25,42,
-27,27,
40,-16,
19,-16,
-35,48,
-16,92,
2,25,
-17,18,
-2,1,
-31,-21,
-15,27,
29,28,
-26,25,
-91,-22,
32,-19,
30,-4,
-13,14,
-16,31,
-30,32,
36,24,
21,-8,
0,20,
34,27,
96,46,
80,53,
-1,45,
-63,22,
36,54,
94,84,
60,43,
66,-7,
-6,-26,
-11,-15,
24,-41,
25,-3,
18,2,
36,31,
-1,-1,
0,23,
21,43,
6,55,
27,101,
25,24,
28,-14,
4,-47,
33,-87,
-11,-14,
-17,69,
2,26,
-18,0,
-39,18,
-36,78,
-16,-3,
22,-14,
69,-42,
-10,9,
-7,47,
-18,-3,
-19,-19,
-3,22,
1,70,
8,111,
54,20,
43,-26,
4,43,
18,91,
1,18,
-37,-22,
10,17,
20,-26,
38,-7,
71,22,
39,75,
-16,45,
-36,7,
-2,-19,
-12,-9,
-44,13,
-69,34,
23,19,
24,61,
68,39,
28,32,
-13,-4,
-3,-46,
-13,41,
-5,11,
32,58,
22,102,
12,-15,
8,-27,
17,4,
-14,-34,
0,23,
-55,9,
-7,-25,
38,-5,
-34,-36,
-6,-14,
-31,2,
-11,-43,
70,3,
84,-53,
101,-18,
80,67,
-13,38,
17,21,
28,9,
18,-23,
39,22,
53,55,
-16,36,
-6,36,
-49,1,
-42,-37,
10,13,
47,60,
46,-20,
14,-20,
38,-22,
16,58,
50,71,
52,4,
0,-45,
-26,-38,
-40,-1,
-23,33,
-2,-13,
-51,-8,
-46,-20,
17,-5,
9,-19,
79,-26,
-32,-30,
2,-36,
21,4,
-33,12,
-20,71,
23,23,
71,-22,
51,-47,
8,14,
-12,-32,
-33,1,
25,-11,
16,-27,
85,38,
506,504,
2428,2670,
5362,6499,
4437,7589,
2045,7933,
-2449,6174,
-3132,781,
-839,-673,
746,493,
1046,2354,
154,2734,
-603,1193,
-846,-348,
-971,-986,
-1089,-787,
-936,-434,
-520,-109,
-246,11,
-85,10,
-30,-45,
-86,-82,
52,-214,
467,197,
622,179,
691,-172,
525,-483,
83,-739,
-13,-439,
86,-72,
349,61,
392,175,
204,103,
-5,-34,
-20,-242,
194,-222,
163,-88,
-31,-60,
-233,-287,
-280,-624,
-135,-581,
35,-431,
-126,-392,
-154,-257,
-181,27,
-235,-27,
-327,-50,
-261,-101,
5,-83,
87,-39,
-73,-68,
-36,-80,
-42,14,
-134,-39,
-290,-262,
-115,-330,
-7,-359,
143,-229,
139,-47,
27,25,
-97,129,
-135,30,
-156,-103,
-85,-215,
62,-193,
79,-52,
124,-11,
12,-36,
4,0,
-175,-7,
-245,-129,
-284,-248,
-154,-162,
-153,60,
-117,198,
-120,110,
-20,-66,
84,-100,
41,-22,
18,83,
-44,208,
51,207,
204,-15,
229,-205,
167,-128,
148,-38,
95,76,
-7,39,
6,-25,
-15,-70,
-82,-64,
-92,-175,
-4,-133,
-14,-146,
-1,-109,
88,-117,
64,-158,
42,-175,
-54,-228,
26,-129,
42,-77,
29,-40,
43,-182,
-20,-247,
-9,-121,
-60,-118,
-83,-154,
6,-182,
-10,-84,
-37,-53,
-76,-100,
-113,-173,
-94,-140,
-35,-113,
91,-187,
134,-124,
81,-62,
65,-91,
7,-125,
-18,-72,
1,-123,
-18,-81,
-41,-49,
28,-53,
25,35,
-9,-23,
-28,-1,
-43,-75,
-25,-93,
47,-54,
55,-71,
64,-65,
37,-31,
40,-46,
31,-24,
-3,-160,
-7,-122,
73,-145,
63,-117,
21,-56,
-34,36,
-52,-72,
-37,-138,
-50,-123,
-58,-91,
-47,-93,
32,-139,
62,-85,
62,-60,
21,-77,
10,-85,
45,-123,
-24,-133,
1,-94,
46,-27,
50,-14,
87,-101,
80,-22,
59,-42,
59,-17,
-1,-59,
49,-56,
00>
_________________________________
00>
00>
Printing STS1 CIR
00>
00>
_________________________________
00>
17,-13,
13,89,
12,114,
27,56,
54,-15,
31,-3,
19,12,
0,45,
-4,35,
-14,74,
18,10,
-31,-22,
-49,14,
-3,46,
33,27,
27,24,
70,15,
16,-3,
20,-3,
9,5,
41,25,
43,19,
20,1,
24,-26,
-47,13,
-26,18,
14,19,
-3,-3,
12,7,
-8,-4,
2,3,
-33,18,
-14,43,
-9,31,
12,55,
36,65,
-22,62,
5,24,
99,29,
42,98,
51,131,
-28,92,
5,69,
-16,41,
-8,4,
0,-19,
24,-17,
4,8,
-1,-14,
-9,40,
24,20,
44,-23,
-40,29,
-75,-6,
-16,-29,
-21,30,
-29,46,
-27,12,
6,-5,
30,8,
34,6,
17,6,
43,-20,
23,23,
-3,71,
42,28,
60,26,
31,60,
13,4,
-15,25,
-14,51,
16,28,
38,46,
25,-2,
7,31,
4,77,
47,36,
21,18,
21,-26,
1,34,
-9,30,
-30,52,
0,0,
9,-15,
16,8,
17,-10,
2,33,
-41,74,
29,55,
19,34,
-54,-9,
-29,-21,
55,6,
23,20,
7,-14,
15,-6,
-12,48,
75,122,
65,95,
13,32,
-42,1,
-60,43,
36,36,
57,46,
103,39,
39,54,
40,-37,
-18,30,
-40,-6,
-5,-34,
11,-33,
21,-19,
-5,-9,
-20,3,
-19,-16,
-4,-4,
-29,21,
-12,3,
8,19,
50,24,
6,31,
65,11,
54,9,
18,2,
22,19,
29,25,
59,6,
-9,32,
-19,32,
2,-21,
-8,-95,
54,-96,
80,9,
29,75,
10,62,
4,32,
-64,64,
-13,51,
32,-10,
49,0,
26,16,
50,-11,
62,6,
49,-9,
25,40,
7,88,
2,64,
10,14,
13,15,
-58,6,
-62,59,
27,51,
43,40,
31,56,
21,75,
0,32,
30,52,
6,26,
32,20,
37,50,
63,-1,
66,-22,
34,6,
20,22,
63,-3,
37,-40,
-31,13,
3,52,
4,57,
-13,33,
22,75,
24,37,
8,52,
20,11,
15,30,
-4,31,
-24,50,
-20,74,
-20,61,
11,61,
75,20,
29,-16,
24,46,
16,106,
2,124,
-17,42,
14,25,
22,29,
6,7,
11,12,
8,54,
13,60,
40,36,
-14,27,
5,34,
-4,42,
-51,-9,
7,-52,
3,9,
-17,77,
12,85,
26,27,
33,44,
-10,8,
10,-26,
-9,26,
22,21,
6,32,
5,8,
29,8,
52,17,
38,86,
-2,34,
18,4,
6,-40,
34,14,
23,62,
18,43,
6,-6,
-14,24,
-8,-16,
17,2,
6,42,
-40,42,
-32,44,
-19,60,
24,40,
21,43,
9,49,
-66,79,
-33,43,
0,32,
-73,-43,
0,14,
58,31,
50,35,
2,3,
-17,20,
30,-1,
19,41,
6,40,
20,-11,
29,-13,
58,25,
33,-2,
-16,12,
-68,2,
16,-6,
82,-59,
89,-73,
33,6,
-27,43,
5,44,
-9,36,
-32,77,
-51,51,
-45,39,
10,-6,
20,-20,
14,-38,
-4,38,
-55,53,
-50,58,
-51,34,
-23,-14,
-3,-26,
1,-25,
10,-21,
-3,-6,
27,-2,
33,-34,
3,-12,
1,-7,
36,51,
-3,55,
18,1,
18,13,
35,-8,
5,16,
-3,69,
28,98,
38,91,
-13,78,
31,-9,
59,4,
-8,6,
-8,30,
-17,16,
-59,50,
30,84,
1,38,
0,-1,
-13,12,
11,-9,
30,12,
73,34,
50,69,
31,18,
43,-28,
46,-19,
-13,33,
-7,45,
0,12,
-47,29,
-25,5,
-14,-24,
-14,6,
27,-10,
90,-18,
33,2,
10,-1,
-2,-15,
13,16,
-22,28,
-55,-5,
25,23,
-9,16,
-31,63,
16,80,
22,44,
-21,97,
0,84,
19,59,
5,21,
-33,26,
-14,16,
19,1,
-45,31,
-12,41,
-32,68,
-36,25,
5,15,
19,31,
-8,40,
-17,-5,
-10,2,
15,-19,
8,64,
7,15,
-15,-8,
27,-25,
-23,2,
-18,-6,
-24,71,
15,59,
68,42,
54,24,
24,25,
18,53,
0,13,
73,-39,
893,-441,
3867,-1389,
7761,-1549,
7923,-383,
7106,1130,
1605,1721,
-1350,1062,
-615,-483,
1367,-2732,
3107,-4257,
3671,-3152,
2077,-648,
336,699,
-22,635,
609,154,
1011,-71,
574,7,
13,60,
-80,47,
-2,95,
-3,258,
-107,456,
-492,485,
-788,331,
-963,360,
-590,112,
5,61,
208,153,
58,184,
-42,114,
-157,82,
-459,216,
-567,234,
-648,163,
-57,78,
-20,101,
-115,115,
-427,-159,
-305,-127,
-264,-66,
-144,87,
-119,248,
-158,280,
-261,231,
-173,161,
-226,5,
-214,-52,
-178,-9,
-200,60,
-279,103,
-36,65,
-11,59,
-26,84,
-56,31,
-24,48,
13,70,
-7,152,
-141,165,
-196,206,
-288,205,
-158,91,
-113,-8,
-22,-30,
25,-14,
26,25,
-28,26,
-18,31,
2,65,
-78,165,
-171,168,
-243,113,
-351,46,
-332,-2,
-405,9,
-366,-93,
-288,-167,
-75,-199,
-20,-73,
-198,85,
-407,197,
-449,245,
-405,220,
13,77,
6,-11,
0,-60,
-105,-100,
-71,-46,
-13,-8,
11,50,
-83,73,
-128,118,
-118,34,
-54,-11,
-33,-26,
-27,-4,
-11,52,
-64,88,
-65,53,
19,23,
13,8,
8,17,
-82,-12,
-72,4,
-95,23,
-138,39,
-132,41,
-78,-1,
-106,2,
-81,-32,
-36,-17,
-55,11,
-59,51,
-25,62,
-16,96,
-39,125,
-40,110,
-143,96,
-311,-21,
-164,-36,
-112,29,
-121,172,
-51,190,
-63,168,
-102,47,
-98,32,
-94,32,
-30,-8,
-84,-12,
-98,38,
-70,-28,
0,2,
-3,79,
-41,127,
-145,134,
-160,115,
-132,5,
-18,-25,
9,-57,
-73,-77,
-133,-4,
-125,-3,
-65,-5,
4,-19,
-4,6,
-3,33,
-98,29,
-39,9,
14,40,
8,-47,
-107,-22,
-106,36,
-124,78,
-67,2,
-75,12,
-119,9,
-40,3,
-50,38,
-20,35,
-96,29,
-140,29,
-115,28,
00>
_________________________________
00>
RX Timestamp: 1021215508014
00>
Clock Offset: -2190.685 Hz, 0.274 ppm
00>
RX Timestamp: 1022286054828
00>
Clock Offset: -2640.724 Hz, 0.331 ppm
00>
_________________________________
Sequence Number: 214
00>
00>
Printing STS0 CIR
00>
00>
_________________________________
00>
-6,0,
5,29,
-1,34,
-19,31,
-42,10,
-33,-3,
-41,21,
-37,7,
-19,60,
-5,-13,
66,-10,
14,11,
23,68,
49,-3,
34,10,
14,20,
-27,4,
-69,-38,
-4,-3,
54,3,
12,2,
-30,-11,
-26,-7,
-9,12,
2,-62,
-18,-42,
-6,-23,
-1,-58,
-26,-84,
-59,-39,
-8,17,
67,20,
-31,16,
13,14,
36,27,
-2,-35,
26,72,
23,49,
41,83,
28,-3,
2,37,
1,40,
13,39,
-26,54,
7,66,
40,45,
29,24,
-16,68,
-20,62,
20,-30,
25,-24,
-22,-9,
-17,22,
-72,19,
-27,-40,
-31,16,
35,70,
5,16,
3,-42,
13,46,
46,18,
26,-12,
6,65,
-11,-27,
2,18,
-24,27,
-40,11,
14,-20,
12,-59,
24,-60,
-18,-10,
9,24,
63,49,
31,5,
19,-5,
26,2,
28,-72,
-33,-43,
-48,2,
-31,-23,
-62,-37,
-28,-3,
-26,24,
-19,52,
1,-47,
-9,-37,
8,-12,
-40,23,
-15,40,
28,14,
29,58,
-16,13,
-24,33,
25,-11,
28,0,
13,16,
23,-18,
-43,-26,
-42,-43,
5,-22,
2,46,
30,16,
57,-34,
-20,-30,
-9,26,
-24,125,
8,49,
-23,4,
-16,-20,
52,9,
26,14,
42,-4,
13,-56,
-98,-41,
-43,-38,
-28,-35,
4,-47,
67,51,
63,48,
18,-4,
21,41,
-16,0,
32,-19,
35,-14,
24,-4,
30,-54,
-9,29,
-26,-21,
-5,-90,
-48,-12,
-60,10,
47,14,
74,-3,
-2,-66,
-21,-68,
-47,33,
-17,-48,
-5,24,
-27,13,
35,62,
-23,47,
16,31,
-3,-8,
79,22,
67,13,
72,17,
51,7,
26,-57,
-19,-76,
-9,-1,
-20,61,
32,78,
57,49,
2,22,
11,-20,
0,51,
-36,-17,
-36,-62,
-12,-1,
6,-25,
50,-28,
-36,11,
-6,29,
69,74,
52,26,
17,28,
27,4,
-15,-52,
-18,-35,
70,-32,
64,31,
-21,87,
-14,27,
34,-30,
43,-51,
-36,28,
-82,6,
-49,14,
-40,-43,
10,4,
-8,86,
25,37,
-5,-14,
-6,36,
-83,10,
-15,21,
34,8,
28,-1,
64,-13,
3,-21,
43,-29,
34,-40,
43,-14,
4,-4,
-27,-16,
-8,-54,
32,-11,
26,-15,
-5,6,
-45,7,
-44,4,
-21,15,
4,52,
-45,-30,
55,11,
-7,-12,
-6,-91,
30,15,
68,28,
64,-37,
50,-32,
17,-35,
66,-1,
32,27,
13,-21,
-37,12,
27,-1,
42,31,
20,31,
10,32,
13,47,
1,36,
16,26,
32,20,
67,-18,
14,19,
-22,68,
-52,-17,
-31,45,
-20,1,
43,-75,
48,-40,
-11,35,
15,54,
43,21,
7,0,
-3,-29,
-44,56,
-43,25,
8,37,
15,-20,
-26,-16,
-2,8,
-6,37,
-27,3,
-39,54,
-15,24,
-20,-42,
-2,-44,
-33,-45,
-11,-3,
-30,7,
22,29,
42,58,
39,-18,
11,-14,
10,48,
23,26,
2,33,
36,-10,
20,-31,
-31,17,
-6,16,
-31,-54,
-5,-50,
-12,-61,
-8,-19,
-19,-41,
-3,12,
31,3,
-11,-38,
32,-37,
59,59,
38,90,
34,32,
24,-31,
-26,-40,
26,19,
-7,-30,
-12,-2,
28,-88,
26,-12,
18,50,
44,64,
14,-9,
26,7,
29,40,
46,19,
24,-11,
-31,2,
-34,-5,
-13,-29,
-1,21,
-6,-17,
55,-33,
19,-28,
-32,-47,
-46,-36,
32,-21,
-56,-28,
-70,49,
-2,81,
40,153,
17,63,
2,0,
-56,-21,
-73,-55,
-40,8,
-88,-20,
48,-1,
57,31,
78,48,
67,6,
26,11,
25,8,
33,55,
12,47,
10,63,
19,75,
15,34,
-35,-98,
-43,8,
-82,10,
-21,40,
61,26,
40,-46,
54,-12,
50,21,
23,69,
-10,-3,
6,-59,
-17,-17,
-31,118,
46,-45,
-7,-85,
13,0,
68,8,
-18,-26,
-32,13,
-29,-11,
45,20,
13,26,
-12,9,
-8,57,
29,-15,
-13,45,
20,-3,
-6,-29,
-20,17,
17,69,
32,204,
-17,1306,
-739,4818,
-2207,7541,
-3241,7292,
-3062,4466,
-1061,-456,
161,-1457,
663,-505,
1027,-101,
1680,-363,
1834,-360,
988,65,
-408,363,
-1554,364,
-1705,110,
-896,45,
23,125,
407,191,
238,21,
4,-85,
-204,-352,
-411,-332,
-357,-465,
-60,-391,
266,-256,
228,111,
-110,273,
-203,71,
-92,-214,
147,-352,
117,-310,
29,-262,
13,-365,
48,-467,
-159,-199,
-224,-202,
-123,-139,
16,40,
64,36,
31,34,
-54,12,
-84,8,
-21,78,
19,122,
-27,137,
-111,155,
-99,186,
-28,114,
-15,2,
67,-71,
176,-5,
209,68,
169,56,
85,8,
-13,-101,
7,-115,
96,-152,
136,-185,
86,-186,
67,-82,
42,79,
-3,124,
41,94,
44,82,
48,10,
34,-88,
49,-69,
53,-51,
3,-135,
-85,-72,
10,-115,
60,-116,
77,-124,
147,-101,
53,-51,
63,28,
127,-9,
230,-50,
191,-70,
79,-170,
101,-296,
58,-198,
21,-30,
2,-37,
2,-156,
85,-112,
83,-87,
91,-29,
58,-2,
22,-44,
45,-58,
104,-73,
-2,-66,
-10,-129,
-35,-167,
60,-235,
47,-108,
26,-100,
36,21,
65,33,
-27,-58,
56,7,
-12,-57,
-1,-75,
55,-68,
86,-58,
40,-78,
50,-81,
32,-113,
82,-105,
108,-29,
82,10,
51,-85,
-71,-111,
-13,-28,
3,-42,
29,-113,
-35,-34,
3,-58,
69,-77,
90,-110,
75,-143,
26,-122,
16,-36,
-24,-47,
-3,-19,
-32,-86,
45,-86,
81,-61,
49,-81,
15,-6,
33,-32,
-17,-7,
-9,-64,
44,-87,
50,-71,
69,5,
-20,0,
-39,-24,
-42,-49,
-6,-10,
-18,-34,
66,-79,
32,-19,
33,-43,
29,-2,
37,-10,
23,-41,
99,-93,
69,-104,
58,-93,
-5,-87,
9,-58,
53,-13,
17,4,
56,7,
42,-38,
27,-89,
6,-38,
58,-30,
48,-105,
00>
_________________________________
00>
00>
Printing STS1 CIR
00>
00>
_________________________________
00>
6,73,
-32,19,
6,-9,
-14,10,
-61,30,
-25,47,
25,22,
14,12,
-29,-1,
-22,36,
-87,14,
-29,-36,
5,9,
27,63,
29,46,
32,20,
15,-59,
31,-38,
14,-65,
-32,-57,
37,13,
32,45,
23,30,
2,-6,
-24,32,
-30,15,
-20,16,
28,1,
39,11,
59,-8,
-37,49,
0,20,
6,26,
-48,59,
-53,36,
-18,31,
-13,-24,
22,-43,
-4,-19,
18,39,
11,43,
8,23,
16,40,
-2,33,
-11,-52,
25,-1,
34,3,
37,-9,
-11,20,
0,48,
36,9,
-4,-7,
-53,-33,
-55,3,
-28,39,
-36,59,
-45,27,
-30,2,
33,-38,
85,-6,
-26,4,
25,26,
56,18,
23,-18,
23,-19,
4,44,
50,-36,
-43,3,
-23,-29,
8,-27,
114,-50,
50,-42,
-43,54,
-39,104,
-41,95,
-14,40,
-9,26,
26,-22,
34,9,
-7,12,
-14,30,
-34,29,
-51,73,
-84,56,
-22,-14,
-26,-23,
51,5,
49,-1,
59,-53,
13,-54,
62,-8,
20,29,
-4,46,
-8,22,
-15,5,
-9,29,
39,4,
16,-10,
17,-17,
34,-7,
44,-5,
16,-44,
10,-33,
25,39,
57,29,
84,9,
26,-12,
-10,-30,
-20,-2,
-23,39,
-9,15,
-8,-5,
-47,71,
-41,18,
-15,-18,
-46,17,
-25,50,
-2,21,
38,37,
48,23,
78,47,
47,22,
43,19,
23,3,
-24,4,
12,27,
7,-42,
9,14,
11,10,
4,31,
-1,57,
0,52,
-12,58,
15,56,
28,46,
17,0,
-34,-6,
-27,53,
55,87,
17,47,
3,23,
35,-61,
12,-21,
53,21,
42,-51,
19,-22,
12,-18,
45,38,
12,2,
-31,11,
-25,19,
-2,-8,
-7,44,
-15,66,
-12,70,
78,41,
52,-10,
-7,6,
-50,62,
11,39,
-4,53,
-88,64,
-34,77,
-1,1,
-9,-37,
-50,-15,
10,10,
19,9,
43,9,
75,37,
61,-6,
55,30,
25,75,
16,4,
19,24,
37,0,
32,4,
22,1,
36,42,
33,43,
-3,19,
12,-17,
-16,-21,
-20,33,
12,24,
58,-24,
69,-36,
32,-72,
-29,-24,
6,-14,
59,31,
77,28,
-2,-16,
-26,-5,
31,30,
62,30,
47,31,
73,27,
27,-17,
11,-33,
-12,5,
17,6,
61,17,
18,-20,
-42,-25,
-55,-20,
-36,-3,
10,27,
22,30,
17,-5,
-11,8,
42,87,
-1,46,
3,-7,
-13,-1,
16,76,
-25,31,
-12,-52,
4,-106,
22,-48,
-8,70,
15,12,
37,20,
-26,69,
-82,59,
-46,19,
3,32,
-1,88,
37,-15,
23,-26,
-43,8,
-44,6,
-19,-46,
34,-16,
64,-3,
-17,-6,
5,10,
29,67,
3,51,
0,0,
45,-24,
69,-50,
75,-8,
61,15,
-30,24,
-19,58,
-3,10,
23,21,
19,-5,
26,41,
-38,15,
-5,-40,
39,-56,
47,-82,
49,-8,
-39,32,
-82,95,
-70,115,
-46,60,
12,-12,
-7,-8,
-36,1,
21,-22,
-3,7,
17,61,
83,32,
61,34,
17,-6,
-2,-39,
-26,-4,
18,-29,
9,-38,
-48,-63,
-16,-23,
12,-26,
20,-96,
36,-8,
49,24,
33,-12,
-13,19,
-20,89,
-3,93,
11,42,
-4,21,
-9,-24,
17,-41,
67,2,
33,37,
20,5,
68,-53,
60,-65,
13,-37,
-16,49,
-35,64,
-53,74,
-16,59,
-2,70,
-1,68,
-21,90,
27,54,
47,-18,
17,-29,
-24,-64,
38,-43,
28,-21,
60,-78,
33,-35,
33,16,
-36,16,
-51,-12,
-21,-45,
10,-5,
-4,13,
11,47,
6,20,
-8,0,
-7,34,
19,40,
0,45,
-33,47,
-15,35,
35,15,
12,-3,
-5,-35,
-48,-11,
-15,4,
-17,-9,
16,26,
46,18,
43,72,
30,34,
67,-39,
52,-36,
34,-42,
39,20,
32,2,
13,-34,
61,-18,
95,-52,
75,25,
-3,28,
38,15,
2,-3,
-32,-22,
-16,-25,
33,-50,
-3,21,
-79,39,
-51,16,
17,-31,
281,78,
1329,596,
4174,2498,
6576,4455,
6042,4606,
2522,2610,
-892,20,
-1490,-558,
-662,-261,
-703,-422,
-1556,-1275,
-1530,-1978,
-379,-1566,
625,-727,
981,-423,
1100,-646,
923,-864,
424,-619,
-94,-222,
-121,21,
-113,-24,
-431,-35,
-669,144,
-885,121,
-507,152,
-185,229,
-64,362,
-267,462,
-508,363,
-546,161,
-400,58,
-246,12,
-92,71,
38,-8,
15,-161,
21,-186,
39,-295,
52,-264,
171,68,
168,226,
9,194,
-28,47,
83,-173,
67,-277,
-22,-232,
-67,-79,
-96,28,
-70,62,
-20,33,
43,-78,
56,-177,
115,-151,
188,-164,
169,-37,
31,102,
-109,217,
-52,186,
-84,91,
-171,20,
-230,86,
-209,182,
-110,180,
5,21,
106,-76,
157,-90,
102,-32,
16,-48,
38,-57,
-43,-55,
-74,-111,
-31,-78,
43,-63,
64,-67,
26,-33,
26,-10,
-40,55,
38,121,
51,114,
47,55,
81,-65,
13,-162,
22,-231,
-115,-128,
-97,28,
-120,127,
-67,188,
-91,116,
-118,75,
-162,24,
-141,-33,
-72,-82,
-90,-110,
-18,-28,
-27,-12,
-73,74,
-148,111,
-139,70,
-101,68,
-70,152,
-61,158,
-68,157,
-98,98,
-100,62,
-120,-29,
-60,17,
-61,47,
-12,19,
-37,-43,
25,-73,
14,-59,
40,-64,
-16,-66,
-62,30,
-40,82,
-12,29,
-14,45,
-55,47,
-80,61,
-47,39,
0,34,
-30,-56,
-70,-18,
-86,37,
-70,-3,
-26,-13,
-18,29,
-43,4,
-105,12,
-75,20,
-96,18,
-6,-22,
-36,11,
-38,-10,
-96,-21,
-68,15,
1,-29,
23,-33,
7,-31,
-20,16,
-39,52,
-8,30,
-38,-12,
-6,-9,
-41,-35,
-41,2,
13,-25,
-22,54,
-24,24,
-6,-14,
6,-89,
39,-64,
11,-50,
-5,-2,
12,1,
-19,13,
-56,33,
-32,25,
-8,12,
-42,-53,
-30,-71,
-47,-7,
5,38,
00>
_________________________________
00>
_________________________________
Sequence Number: 217
00>
00>
Printing STS0 CIR
00>
00>
_________________________________
00>
0,50,
9,-19,
-70,3,
-27,20,
-33,92,
15,27,
66,-71,
-39,-35,
-11,-2,
-9,-10,
0,3,
2,20,
31,84,
5,63,
1,-6,
-19,6,
8,-4,
38,38,
-11,51,
31,6,
-10,4,
22,-40,
29,22,
-1,-5,
19,41,
-36,14,
-1,14,
16,24,
35,10,
18,1,
-20,35,
22,15,
62,-22,
47,9,
-11,51,
-69,57,
-2,35,
-4,35,
57,-34,
32,-20,
-5,11,
35,20,
-40,38,
-34,-7,
17,-12,
-14,0,
-42,-1,
-1,-13,
15,11,
14,59,
64,-3,
-2,74,
40,1,
23,38,
38,19,
69,-22,
56,11,
16,12,
-30,110,
-14,62,
85,-5,
45,23,
3,38,
3,30,
-38,65,
-3,94,
41,29,
17,83,
-42,72,
8,25,
75,2,
75,28,
35,-6,
33,0,
29,42,
25,87,
74,-28,
43,-21,
41,41,
55,60,
13,-21,
96,-55,
67,-22,
25,110,
-12,83,
-19,52,
32,60,
28,18,
-6,-47,
53,10,
49,22,
83,30,
61,-6,
56,-74,
-40,45,
-26,58,
-26,40,
-32,52,
-11,87,
-91,81,
-27,11,
33,-6,
38,19,
-23,52,
-14,30,
-34,55,
118,-38,
17,17,
-99,51,
-12,6,
80,21,
61,53,
1,10,
26,-15,
19,12,
-44,53,
-29,66,
-16,78,
-10,41,
35,58,
-10,22,
16,24,
-10,16,
-29,51,
-55,29,
-59,54,
-5,9,
8,27,
-4,28,
-56,25,
-84,9,
-12,-24,
30,7,
26,-1,
20,-12,
50,4,
38,37,
0,73,
-59,63,
52,45,
-10,125,
24,38,
-8,45,
7,81,
-31,27,
-8,-29,
-17,-28,
17,8,
20,48,
-8,-4,
-44,17,
-38,-60,
32,-4,
17,22,
75,57,
15,24,
-20,25,
-43,13,
-76,96,
-35,120,
30,26,
25,-4,
-15,30,
43,-10,
22,26,
49,-24,
46,-47,
51,78,
-31,76,
-17,11,
12,60,
-30,92,
-12,37,
7,-23,
-10,10,
-20,32,
5,90,
-2,20,
14,-42,
82,27,
19,29,
4,-33,
-101,-16,
-11,-20,
-10,-50,
32,-9,
39,-27,
14,-12,
10,24,
27,21,
5,-27,
9,-28,
29,30,
-15,28,
5,-3,
64,-11,
43,44,
26,38,
8,126,
41,69,
37,49,
47,-27,
23,27,
-30,9,
-47,82,
-28,89,
34,39,
-11,-22,
8,6,
77,61,
24,52,
10,50,
25,50,
30,79,
34,76,
75,63,
65,25,
68,48,
37,100,
-18,113,
-83,64,
-21,66,
24,31,
52,94,
-15,18,
-32,26,
-1,-12,
54,19,
16,-7,
65,-17,
62,5,
16,27,
2,-35,
14,-6,
29,-37,
-22,6,
-13,31,
6,17,
63,-15,
5,-7,
-92,22,
-93,47,
-10,20,
78,40,
76,8,
37,46,
88,54,
62,77,
64,72,
-44,83,
-20,55,
-28,51,
8,32,
-27,42,
39,-7,
19,-16,
41,-16,
-3,5,
16,55,
1,60,
49,-23,
-31,1,
5,-30,
-13,14,
-13,81,
62,60,
9,23,
46,-11,
44,32,
66,68,
30,24,
-37,5,
-42,-48,
-8,-6,
-14,72,
62,48,
-21,15,
-65,57,
-101,17,
23,-19,
27,-11,
-18,-1,
-100,33,
-86,-4,
-72,40,
-3,41,
46,85,
62,89,
-38,59,
-8,-17,
32,-26,
-25,49,
-36,37,
31,10,
57,5,
74,5,
13,-1,
-13,28,
36,72,
9,-29,
34,-23,
54,-53,
-20,78,
41,86,
-27,58,
-69,40,
-45,40,
-43,-22,
22,-35,
-3,62,
-26,108,
93,74,
2,28,
-37,84,
-55,73,
11,2,
21,-8,
46,-25,
38,-2,
-22,14,
4,-38,
17,-16,
54,-7,
-12,21,
-62,75,
40,14,
72,9,
67,70,
52,92,
5,81,
2,108,
-61,74,
-40,87,
15,57,
36,31,
-19,24,
-30,-15,
92,-57,
58,-45,
35,42,
-72,70,
-64,131,
-20,-9,
-12,6,
18,-45,
5,-3,
41,-30,
15,-5,
28,57,
19,55,
17,44,
8,30,
4,9,
-17,-58,
58,-36,
69,-102,
-23,92,
-627,1010,
-2346,3749,
-4726,6157,
-6075,5539,
-5835,2365,
-2480,-1289,
-23,-1743,
274,-124,
-760,1267,
-1720,1444,
-1592,607,
-437,-356,
377,-865,
506,-1074,
263,-979,
-43,-579,
-156,-186,
-124,-39,
49,-107,
194,-54,
309,-201,
-50,116,
-109,492,
-23,757,
266,699,
528,170,
395,-219,
182,-122,
109,163,
-47,340,
-132,289,
-111,74,
96,-54,
257,22,
269,143,
176,92,
165,-79,
320,-239,
395,-201,
413,-121,
260,-51,
150,-40,
63,-169,
-103,-137,
-149,-179,
-125,-170,
21,-114,
88,46,
37,30,
112,-133,
117,-114,
104,-91,
227,-208,
251,-165,
226,-46,
261,47,
183,73,
19,65,
-53,4,
-70,-32,
5,-202,
61,-90,
126,-53,
104,42,
100,55,
47,-18,
26,-79,
0,-96,
6,-196,
59,-215,
98,-284,
41,-134,
-57,-78,
-111,-66,
5,-63,
52,39,
-31,19,
-41,37,
-91,47,
-160,97,
-60,48,
102,42,
117,28,
23,5,
-1,19,
36,-38,
38,-26,
46,-119,
29,-31,
70,-96,
115,-82,
139,-125,
129,-62,
99,-58,
61,32,
141,35,
136,-8,
56,-72,
10,-104,
30,-42,
109,-4,
173,-30,
148,-72,
44,-47,
75,-60,
59,-50,
92,-33,
80,-65,
28,-69,
33,-69,
118,-37,
145,-98,
143,-25,
65,-60,
141,-15,
132,-15,
109,-36,
122,-13,
55,16,
9,-35,
43,-66,
19,-46,
20,19,
92,5,
62,13,
87,-12,
100,-47,
34,43,
56,8,
111,-19,
36,-4,
12,-38,
-19,-53,
84,-78,
100,-15,
83,-21,
91,11,
69,-7,
34,-31,
43,-16,
59,-26,
70,-42,
88,-80,
107,-127,
47,-82,
94,-29,
105,-14,
47,29,
54,-36,
-11,-53,
79,17,
55,-38,
73,-8,
105,-9,
46,-17,
00>
_________________________________
00>
00>
Printing STS1 CIR
00>
00>
_________________________________
00>
-5,17,
8,44,
-56,23,
28,13,
9,0,
97,33,
84,43,
2,86,
-33,30,
8,-26,
13,-31,
2,22,
53,79,
39,64,
52,64,
29,53,
11,-57,
15,-18,
-14,-11,
28,2,
90,28,
79,-12,
40,21,
46,5,
34,41,
-19,-15,
-54,-3,
-28,-21,
30,51,
-18,-3,
54,-48,
51,-32,
58,-37,
9,-17,
47,71,
59,60,
50,-11,
-10,15,
-22,47,
10,-11,
-18,28,
-29,37,
-48,-2,
13,18,
65,6,
50,40,
29,55,
19,31,
9,17,
34,54,
60,3,
19,-18,
24,19,
51,27,
57,54,
1,-3,
-48,19,
18,10,
66,9,
83,21,
21,42,
30,63,
22,63,
72,27,
22,-18,
2,-55,
-53,-48,
12,-28,
91,51,
68,-13,
33,-6,
-10,6,
-2,39,
37,61,
-22,17,
0,-19,
13,-24,
50,14,
84,-1,
81,53,
7,24,
14,29,
-20,-49,
3,2,
75,-9,
70,-20,
8,-73,
17,-26,
26,3,
2,47,
53,-9,
69,0,
25,-46,
4,36,
64,-1,
72,-36,
60,-26,
26,57,
14,29,
5,-4,
-14,7,
26,3,
43,-72,
23,-88,
-9,-59,
-27,-99,
2,-48,
-61,-25,
19,4,
52,-37,
48,-78,
24,-82,
-30,-8,
67,-36,
65,-11,
80,2,
72,27,
42,17,
2,32,
-17,40,
-55,6,
-38,-33,
-61,-9,
6,-30,
-13,-39,
20,10,
-37,25,
11,53,
15,26,
48,27,
-15,17,
-5,63,
-31,36,
-14,-12,
73,-24,
94,-33,
124,42,
33,12,
-37,82,
-18,103,
35,53,
34,7,
44,-9,
10,47,
45,30,
33,28,
-33,33,
-26,21,
-24,17,
-17,22,
-34,41,
-72,26,
-27,-15,
16,-22,
47,14,
42,23,
63,-20,
-12,4,
-49,-68,
0,-53,
90,12,
58,-16,
16,-36,
-19,13,
12,48,
30,50,
10,4,
7,-27,
-44,-23,
6,18,
14,34,
-5,24,
17,13,
-5,23,
-57,11,
-60,54,
7,-4,
44,19,
8,68,
-31,72,
-12,31,
-38,9,
-20,46,
-102,22,
-62,-28,
-62,-8,
-83,60,
-23,6,
62,-23,
56,-4,
46,30,
26,79,
49,54,
57,15,
16,65,
12,6,
-16,21,
51,8,
-5,-14,
-96,53,
-133,12,
55,10,
115,-42,
97,-10,
8,21,
31,41,
52,82,
40,9,
-13,-57,
47,3,
39,43,
62,69,
29,77,
39,39,
14,-9,
37,-38,
52,-14,
49,20,
-1,11,
26,-86,
55,-7,
116,19,
68,59,
2,27,
-2,53,
64,46,
34,-24,
5,-28,
42,-8,
113,34,
90,5,
-14,-66,
-43,-43,
-61,11,
-23,-62,
-6,21,
6,54,
-3,10,
-63,-14,
-30,-2,
26,0,
60,14,
4,81,
-13,34,
14,2,
33,-40,
0,-43,
-6,44,
-38,2,
8,11,
-6,-13,
-1,-29,
-18,-12,
-15,-11,
5,-2,
26,45,
-45,-10,
-5,12,
40,29,
81,62,
7,62,
0,5,
-10,-11,
-39,30,
30,39,
13,6,
100,-26,
84,2,
22,16,
13,27,
56,-8,
14,52,
3,97,
-28,53,
9,42,
55,40,
90,30,
8,-23,
-55,-55,
-115,-29,
-85,-7,
-6,48,
59,20,
4,21,
22,12,
40,17,
-24,-48,
-70,-73,
-24,11,
17,-1,
9,-27,
55,-19,
13,35,
-15,47,
-44,109,
-49,28,
-24,-3,
-75,56,
-21,31,
36,-34,
34,-2,
4,-53,
24,-26,
18,55,
-43,21,
-34,5,
5,-16,
-6,-21,
-22,-13,
33,-22,
52,28,
15,56,
-16,80,
-35,30,
54,24,
89,24,
15,36,
-25,-5,
-47,-22,
-14,58,
-5,55,
-5,21,
8,15,
44,47,
28,24,
85,59,
106,67,
56,0,
29,-47,
91,-41,
68,-12,
49,33,
-1,48,
4,-14,
-9,-22,
55,-8,
56,0,
31,15,
2,4,
4,20,
37,56,
57,40,
15,-32,
-16,-86,
-37,-43,
-42,11,
-2,14,
19,-50,
71,-41,
78,34,
6,64,
39,-33,
22,-4,
44,59,
95,24,
28,-3,
224,206,
856,1139,
2118,3875,
2299,6881,
1386,6888,
-210,3505,
-1274,-75,
-630,-921,
1181,-125,
2963,847,
3380,1585,
1880,1653,
-61,889,
-829,166,
-399,306,
203,725,
311,589,
138,94,
-1,-165,
-25,-51,
-78,-11,
-227,-22,
-354,-119,
-385,-356,
-276,-513,
-153,-492,
-30,-187,
29,59,
-47,112,
-31,47,
-61,-48,
-159,-192,
-198,-295,
-111,-299,
57,-279,
21,-73,
-25,-22,
35,-179,
88,-240,
74,-198,
30,-109,
-42,-114,
-93,-116,
-193,-141,
-167,-77,
-82,-90,
17,-118,
63,-101,
-11,-105,
-65,-49,
-79,-33,
-40,-35,
38,-61,
-6,-102,
-117,-10,
-138,78,
-61,75,
-28,-10,
-151,-84,
-177,-118,
-156,-80,
58,-59,
125,-85,
142,16,
62,55,
75,70,
61,-67,
9,-57,
-24,-44,
-31,-104,
-48,-42,
-39,-223,
-33,-273,
-79,-252,
-25,-233,
55,-224,
149,-181,
148,-143,
63,-121,
-79,-144,
-220,-192,
-253,-208,
-135,-186,
30,-30,
116,-6,
86,-31,
40,-46,
-15,-22,
5,-34,
-77,-60,
-79,-106,
-25,-107,
33,-97,
99,-67,
41,-8,
7,13,
6,-69,
43,-51,
48,-46,
48,-35,
20,-57,
7,-49,
36,9,
40,25,
10,-35,
-35,-130,
25,-113,
66,-45,
62,10,
74,-20,
47,-48,
84,-50,
40,20,
5,-31,
-42,-57,
15,-33,
-4,-10,
-19,-126,
36,-87,
24,-74,
-18,24,
-23,1,
-15,-62,
-33,-65,
-35,-62,
-34,-70,
-48,-44,
-8,5,
21,-32,
28,-86,
11,-134,
93,-100,
21,-57,
-5,-64,
-36,-40,
-24,-38,
24,-39,
75,-48,
15,-88,
-12,-98,
-43,-25,
14,-48,
34,-15,
41,-21,
54,13,
-8,-17,
-31,-43,
-5,37,
31,-25,
-9,-117,
-17,-102,
-14,-57,
-36,-49,
-19,-72,
27,-110,
60,-59,
00>
_________________________________
00>
RX Timestamp: 61667767613
00>
Clock Offset: -2160.931 Hz, 0.271 ppm
00>
RX Timestamp: 62739207358
00>
Clock Offset: -2700.233 Hz, 0.338 ppm
00>
_________________________________
Sequence Number: 94
00>
00>
Printing STS0 CIR
00>
00>
_________________________________
00>
-21,-20,
-23,-26,
17,-18,
14,37,
72,-3,
40,13,
38,-7,
-87,-4,
63,19,
68,0,
65,8,
30,49,
4,-10,
-11,-19,
18,-54,
-24,-26,
17,-5,
-10,-23,
57,-73,
16,23,
65,64,
-18,-18,
9,-15,
2,-11,
1,-8,
-33,44,
30,27,
14,-9,
-29,2,
-103,-5,
-101,-56,
27,-62,
12,-65,
43,-36,
17,-4,
12,17,
107,-16,
84,77,
-11,63,
-2,111,
-55,0,
-4,-45,
-40,-2,
-58,55,
2,-40,
14,-30,
12,-2,
18,20,
-11,-2,
38,-17,
-11,12,
-80,24,
15,41,
19,-12,
39,-19,
23,38,
-18,13,
42,-29,
21,16,
30,3,
-47,-14,
7,-41,
57,-45,
29,69,
23,41,
40,84,
12,19,
-13,27,
36,-18,
25,-20,
39,-2,
1,21,
-37,59,
21,30,
-7,143,
-29,26,
-57,15,
-44,-15,
21,31,
0,73,
-64,64,
5,-4,
19,10,
38,-37,
-58,-27,
66,-60,
31,-64,
7,-68,
3,-34,
19,7,
6,25,
-25,-11,
-64,-16,
-22,-61,
-2,-6,
-2,112,
-19,48,
12,33,
34,-17,
12,29,
-20,50,
-6,-12,
-27,-28,
53,-5,
-14,-52,
31,-44,
20,-85,
22,-3,
63,18,
5,-14,
8,14,
-40,-9,
-55,47,
-84,9,
9,15,
9,-61,
34,18,
15,32,
35,8,
-39,24,
4,39,
5,37,
-16,6,
-41,-49,
-61,6,
10,-20,
50,-26,
-4,63,
-42,61,
-13,0,
-13,43,
-40,-3,
-121,90,
-120,55,
-115,43,
-79,39,
-18,57,
20,52,
39,47,
36,23,
40,41,
23,-44,
29,-23,
13,48,
18,-42,
-43,-13,
-15,14,
13,22,
90,-15,
71,-16,
38,12,
23,-15,
24,44,
58,-4,
48,-53,
25,-22,
22,1,
47,64,
39,24,
-37,49,
30,-23,
47,6,
23,0,
19,57,
18,97,
82,-5,
91,-53,
86,-33,
18,86,
16,41,
10,-48,
3,-63,
-10,-63,
-37,7,
-46,27,
-19,73,
-9,96,
77,59,
32,30,
1,44,
-26,-22,
6,26,
70,16,
33,64,
-28,58,
-41,-4,
-37,-53,
49,-127,
72,-98,
2,-15,
13,15,
-37,-6,
45,-32,
75,16,
27,58,
-18,46,
-39,22,
62,16,
7,18,
-33,-17,
-11,53,
3,76,
-7,6,
2,-22,
-28,34,
18,55,
-32,33,
65,7,
-16,3,
1,22,
-75,-18,
38,-15,
3,-20,
1,36,
31,12,
-52,62,
16,74,
-42,26,
-13,-43,
-53,-86,
-52,-22,
15,53,
1,25,
17,1,
-27,18,
22,-13,
13,-20,
-7,-82,
-10,25,
-14,55,
-103,66,
-124,73,
36,28,
-3,-65,
42,-16,
43,-26,
5,42,
-31,-54,
-75,-34,
-48,27,
8,-25,
48,14,
-17,-18,
9,61,
-48,48,
46,15,
63,-24,
18,-61,
-8,23,
51,63,
3,54,
12,-8,
-12,-31,
16,-46,
3,-49,
0,-44,
10,14,
-4,21,
-7,4,
41,-37,
34,1,
28,47,
0,55,
-16,54,
9,10,
-32,-44,
-3,-51,
36,-82,
-12,-17,
-53,-37,
-89,17,
-22,13,
66,9,
-38,17,
13,14,
33,0,
32,-33,
48,41,
52,0,
-18,-22,
-14,85,
-2,70,
7,16,
-35,-2,
-53,-9,
-37,-17,
1,19,
36,34,
54,-11,
-4,52,
21,62,
-4,-11,
40,8,
121,-5,
32,-6,
47,34,
-14,0,
3,-40,
0,18,
-16,-24,
0,12,
-19,96,
54,9,
103,-86,
44,-43,
-11,58,
-3,21,
31,77,
-26,89,
-61,19,
-15,63,
-74,61,
-37,48,
-44,53,
-41,-17,
8,9,
20,1,
88,-19,
21,-50,
-54,-23,
-63,-45,
-31,3,
-17,71,
15,10,
-23,-64,
68,-16,
51,-9,
-26,-47,
17,-9,
31,-40,
-39,-47,
-10,42,
-55,4,
-6,1,
9,71,
-3,-69,
44,-12,
44,15,
-9,6,
-2,38,
-90,33,
8,21,
25,-38,
20,-13,
44,-10,
-3,41,
2,-9,
15,-5,
1,21,
-8,32,
-27,46,
-1,57,
-42,50,
-20,53,
-56,-75,
-424,-708,
-1966,-3375,
-3675,-6749,
-3254,-7600,
-1167,-6526,
914,-1508,
898,1007,
62,1065,
-519,1045,
-759,1884,
-855,2373,
-696,1394,
-100,-209,
672,-1631,
1073,-1955,
676,-1268,
-22,-344,
-359,197,
-102,220,
119,82,
267,147,
361,-106,
490,-107,
363,234,
71,553,
-135,274,
-115,-254,
76,-344,
192,29,
185,426,
115,427,
93,254,
227,164,
345,156,
275,46,
242,-23,
210,52,
-16,75,
-129,72,
-16,26,
-10,-94,
-31,-64,
-14,5,
-30,-27,
25,-114,
63,-257,
-31,-213,
-25,-29,
-46,73,
-35,260,
-100,200,
-133,148,
-149,88,
-65,-46,
-8,-31,
28,140,
18,258,
9,261,
-5,252,
-1,40,
-89,-69,
-94,3,
-80,26,
-69,14,
-55,1,
6,43,
-10,69,
14,78,
91,133,
76,63,
79,43,
69,160,
110,165,
47,164,
-5,190,
-8,97,
-68,27,
-62,32,
-71,152,
8,195,
74,230,
177,241,
65,67,
32,47,
94,76,
101,135,
29,190,
-72,94,
-87,22,
-98,32,
-65,11,
-64,75,
9,117,
48,211,
91,134,
69,128,
107,101,
168,79,
77,3,
52,20,
98,58,
13,56,
27,84,
33,15,
16,74,
5,68,
29,77,
-7,134,
21,156,
42,122,
36,100,
-16,84,
-7,44,
-30,29,
-11,49,
6,1,
-30,18,
7,-16,
-17,142,
-4,130,
28,170,
30,182,
103,117,
83,96,
26,70,
-61,30,
-96,21,
-28,82,
18,159,
64,191,
6,63,
26,39,
-11,62,
-8,82,
14,76,
44,18,
11,-18,
39,-9,
22,133,
9,91,
15,69,
1,60,
-20,17,
-21,12,
-22,50,
37,19,
22,1,
-27,12,
-22,13,
-28,43,
-90,25,
27,-31,
104,36,
21,82,
-24,41,
-8,14,
72,1,
00>
_________________________________
00>
00>
Printing STS1 CIR
00>
00>
_________________________________
00>
-34,39,
-20,9,
-14,-3,
0,-44,
-9,16,
-3,3,
18,29,
36,44,
13,13,
62,1,
25,4,
-26,33,
4,21,
20,25,
12,67,
-8,23,
-24,11,
12,25,
-3,21,
34,24,
12,1,
58,-1,
44,28,
32,24,
-30,43,
-58,11,
-14,21,
55,21,
23,26,
-25,18,
-19,3,
-2,49,
91,25,
17,74,
48,38,
-7,12,
60,74,
46,53,
6,53,
-1,57,
14,22,
42,27,
65,18,
41,4,
80,-58,
99,-84,
89,4,
27,47,
8,62,
4,53,
1,38,
55,20,
37,50,
49,66,
-1,51,
-49,38,
-13,-7,
55,-27,
65,-56,
5,24,
7,-38,
17,14,
27,1,
19,-29,
-42,-13,
12,-16,
1,3,
52,-20,
55,7,
27,-33,
15,7,
-3,13,
-15,64,
5,2,
7,-38,
6,11,
-20,37,
-5,42,
5,18,
68,39,
43,20,
29,42,
-62,66,
-37,31,
31,36,
73,54,
36,68,
58,50,
20,47,
66,-3,
19,-50,
2,-28,
-21,-7,
3,-30,
22,-22,
24,-28,
18,2,
8,-17,
65,0,
15,-59,
-37,-12,
12,-27,
17,2,
61,-2,
47,-9,
41,8,
17,7,
-20,-5,
-28,22,
33,-3,
45,-2,
30,24,
-2,15,
-9,-3,
4,75,
3,44,
73,-37,
61,-6,
41,-29,
-10,17,
-11,15,
10,15,
4,63,
37,39,
48,-60,
-39,-74,
4,4,
1,7,
-7,43,
-33,35,
6,34,
12,18,
11,34,
-23,36,
-3,59,
90,11,
81,-23,
-4,35,
-51,68,
-34,56,
27,37,
9,3,
-5,3,
-49,-45,
5,-19,
1,50,
33,9,
63,38,
23,14,
-28,-13,
-16,51,
26,45,
24,60,
-26,74,
-58,24,
-1,-7,
41,23,
29,63,
82,28,
30,76,
-27,86,
8,21,
74,-7,
40,-71,
18,-11,
-21,9,
-8,-43,
13,-100,
12,-33,
42,22,
-24,31,
-21,-5,
17,17,
17,19,
-6,34,
7,36,
-25,47,
22,11,
-8,38,
13,25,
32,73,
34,-12,
8,6,
-23,53,
-26,89,
-65,35,
-41,43,
20,37,
53,60,
-2,43,
-7,-45,
16,-30,
51,1,
39,22,
-12,64,
-23,10,
-5,-37,
18,-40,
25,-19,
-19,70,
-45,77,
-42,90,
30,7,
-11,5,
-21,54,
81,82,
45,15,
33,43,
37,47,
38,43,
31,79,
37,29,
0,52,
-15,-9,
8,-21,
33,-5,
60,-14,
34,10,
-17,43,
-26,62,
7,59,
31,41,
-14,51,
-19,51,
37,37,
28,35,
64,75,
80,13,
45,3,
18,25,
16,-1,
0,19,
-21,28,
-42,-14,
-59,27,
-26,-27,
-22,-1,
-23,19,
-30,3,
-4,-6,
14,-8,
-3,20,
-7,48,
34,74,
18,33,
-15,60,
-29,12,
-49,10,
-2,0,
52,22,
13,-45,
22,-22,
-8,-11,
-13,-19,
-29,13,
22,65,
21,47,
27,-19,
-44,33,
-95,48,
-58,89,
-21,74,
-22,109,
-51,139,
-44,50,
-24,-41,
54,9,
118,54,
134,24,
76,5,
25,-9,
15,21,
15,32,
7,29,
-36,-27,
5,45,
22,39,
-2,21,
26,45,
5,-6,
-18,33,
32,53,
42,23,
-13,2,
-79,16,
-95,9,
-52,7,
-45,13,
5,31,
31,-20,
5,12,
-11,69,
3,75,
29,33,
30,32,
25,13,
-51,48,
-7,52,
-4,23,
87,-3,
30,-37,
17,-47,
76,17,
71,43,
26,6,
-88,63,
-39,40,
63,-41,
61,12,
-8,111,
28,116,
-1,75,
-41,-9,
27,1,
78,12,
102,-41,
80,-50,
32,-14,
28,15,
9,64,
-28,103,
-6,76,
-18,81,
-31,25,
-29,46,
-29,39,
-31,28,
-2,58,
3,48,
22,43,
17,36,
43,-1,
48,-5,
42,52,
0,51,
-64,28,
-27,39,
-17,29,
34,12,
12,-7,
-12,5,
25,38,
44,12,
69,-16,
50,29,
34,7,
-11,-8,
-33,14,
-69,25,
19,46,
44,38,
25,-11,
29,15,
-16,28,
-208,112,
-1338,224,
-4550,105,
-7557,-668,
-7507,-1078,
-4840,-849,
450,-352,
2095,-278,
1172,-203,
1062,-172,
2454,46,
3073,600,
1793,964,
-75,893,
-1003,824,
-1067,1042,
-682,1059,
-204,665,
153,209,
130,8,
119,-49,
415,-157,
641,-339,
870,-413,
588,-315,
76,-251,
-190,-340,
21,-442,
364,-423,
542,-340,
493,-166,
278,-46,
50,-56,
-31,1,
11,95,
90,210,
76,265,
136,225,
-144,75,
-288,-46,
-120,-23,
-3,104,
20,247,
32,303,
140,236,
160,49,
143,-82,
61,-70,
61,-32,
55,33,
62,155,
23,213,
-2,174,
-30,116,
-1,-28,
60,-149,
58,-64,
35,-14,
125,-43,
213,-138,
229,-196,
164,-176,
25,-26,
-113,85,
-126,141,
-50,65,
-8,19,
52,-4,
104,-21,
175,29,
100,76,
40,125,
-58,48,
-12,48,
18,38,
2,-6,
-131,-32,
-69,-23,
-76,39,
-74,102,
-54,203,
18,209,
42,180,
13,116,
8,65,
-51,-27,
77,-95,
152,-91,
194,-53,
162,-1,
125,53,
52,89,
56,42,
33,-8,
53,-39,
45,-33,
97,-77,
95,-17,
49,-30,
-7,-44,
54,-15,
108,-11,
105,-49,
68,-34,
64,7,
97,47,
101,40,
17,48,
68,33,
77,82,
50,96,
74,103,
42,43,
47,-36,
48,-63,
43,-30,
39,47,
39,23,
55,-42,
60,-58,
112,-10,
77,-16,
86,-15,
42,-24,
35,-32,
48,35,
37,46,
36,21,
64,-21,
3,53,
42,72,
56,-15,
39,-81,
73,-30,
59,-23,
51,16,
36,-3,
37,-1,
51,0,
91,-33,
96,-15,
1,8,
22,-8,
9,28,
1,-33,
72,6,
37,32,
49,47,
57,60,
77,95,
84,20,
31,10,
41,-42,
-22,-1,
-19,-4,
71,-57,
69,55,
108,55,
00>
_________________________________
00>
_________________________________
Sequence Number: 97
00>
00>
Printing STS0 CIR
00>
00>
_________________________________
00>
-20,-34,
26,-13,
61,-10,
31,-22,
-12,42,
-14,21,
10,31,
11,24,
-11,19,
-20,-13,
13,-65,
-5,-61,
5,-22,
-45,37,
41,41,
1,2,
27,31,
-9,-10,
8,-87,
18,-157,
37,-54,
28,46,
-2,19,
-14,-27,
-62,-7,
-40,-62,
10,-73,
19,-40,
66,8,
14,55,
-32,44,
24,7,
22,-23,
45,-23,
42,101,
80,96,
23,111,
-22,99,
-25,63,
-56,95,
-8,-17,
41,-15,
14,35,
-29,-73,
8,-29,
55,23,
-30,46,
-14,-4,
8,10,
51,-10,
63,11,
59,-70,
20,-28,
-22,-18,
-22,25,
-18,20,
3,24,
-19,-36,
45,-24,
39,71,
-64,69,
-31,7,
-14,-47,
28,-15,
60,28,
44,61,
32,20,
6,53,
8,46,
-10,54,
10,-28,
46,-91,
16,-37,
-8,-36,
-48,24,
-5,59,
21,-35,
-8,-66,
-25,-26,
78,-4,
18,23,
26,-24,
44,-31,
43,72,
17,61,
82,69,
33,-27,
51,-16,
-2,14,
42,-87,
-39,-76,
-36,-60,
-19,-16,
-2,2,
5,-32,
-24,-36,
10,-41,
0,-71,
-4,-67,
-42,-78,
-38,-43,
-12,-13,
88,-38,
-12,-68,
-24,-59,
21,-14,
18,6,
54,-31,
38,-14,
36,-38,
7,-65,
5,-76,
22,-33,
19,-23,
11,-22,
28,-67,
78,-66,
74,-52,
66,25,
-20,24,
-34,25,
-35,11,
-8,1,
-27,-3,
4,40,
47,7,
52,3,
71,-45,
36,-21,
42,-31,
32,-75,
6,-16,
-18,29,
17,15,
25,12,
70,24,
41,-7,
8,-14,
36,-6,
-24,23,
3,-2,
9,-11,
21,-33,
15,-43,
-38,1,
-27,-58,
-28,45,
19,97,
-74,97,
-69,45,
-26,-26,
26,-56,
39,-2,
9,-15,
-72,-39,
-19,-36,
-42,-18,
-39,-74,
19,-93,
17,6,
-5,73,
-8,14,
-3,-9,
24,-56,
-7,49,
22,31,
70,-16,
-11,-48,
-24,-5,
-40,-2,
-23,17,
4,1,
-30,17,
45,-5,
22,-20,
2,-41,
25,-66,
25,-55,
-44,-37,
23,-39,
25,-68,
19,-29,
-59,5,
-16,-44,
30,-15,
47,-4,
17,15,
51,15,
42,16,
-7,36,
12,30,
-18,30,
7,-41,
-45,-90,
-56,-36,
-1,74,
-13,70,
141,-46,
11,-52,
15,-14,
-5,-26,
39,-75,
-39,10,
-4,-10,
-30,64,
-12,39,
23,62,
-26,38,
-32,-16,
-32,-46,
30,-50,
17,-1,
13,-34,
14,-66,
19,-49,
-28,-12,
-34,14,
-11,15,
-30,-4,
17,-77,
60,-36,
31,-2,
22,30,
23,48,
-21,45,
-7,-57,
26,-34,
-24,-65,
-13,-20,
-41,-34,
-16,18,
10,-38,
-67,22,
-38,43,
7,-2,
-10,-72,
-24,-104,
-39,-83,
21,7,
-2,-8,
61,-24,
53,-38,
81,53,
38,27,
-3,49,
-30,-21,
-31,-33,
17,-8,
2,-1,
3,-7,
65,-25,
51,-37,
-59,3,
32,52,
40,25,
42,-28,
31,-56,
19,-19,
-29,-7,
7,71,
-25,31,
-48,47,
23,23,
28,38,
17,12,
-6,-54,
-37,-21,
-72,8,
23,78,
-13,96,
-24,3,
-38,23,
48,-29,
16,-57,
34,45,
35,139,
-46,118,
-14,13,
-7,36,
16,14,
-8,33,
-59,34,
-62,41,
-30,24,
-14,-92,
35,-65,
55,46,
53,-10,
3,-6,
-23,-8,
-12,6,
6,-127,
-17,-96,
48,-74,
13,38,
11,-28,
1,-56,
16,-44,
4,-12,
-37,-27,
-24,-11,
0,47,
-21,74,
36,11,
16,-41,
-6,-32,
-51,17,
-35,10,
30,-21,
69,9,
59,26,
23,37,
28,17,
39,-32,
-1,-79,
-14,-8,
-52,-11,
-30,-47,
21,-24,
50,15,
57,-7,
-11,-20,
-88,54,
-44,0,
-31,21,
10,79,
-6,71,
4,49,
38,67,
-19,-8,
25,-40,
12,0,
34,22,
-2,29,
-8,4,
36,-16,
-10,0,
-40,3,
-7,-1,
35,-50,
53,-38,
28,-76,
-30,10,
37,19,
18,42,
23,30,
14,-17,
-28,15,
-24,-9,
6,28,
18,19,
-1,2,
-79,35,
-676,259,
-3261,706,
-7063,518,
-7755,-880,
-5464,-2976,
-825,-3294,
965,-1718,
307,-55,
-904,313,
-1564,-390,
-1139,-945,
-45,-744,
724,-473,
876,-390,
758,-629,
518,-582,
231,-321,
20,-164,
77,-153,
196,-43,
416,46,
-34,81,
-412,224,
-373,488,
-172,749,
212,623,
296,239,
177,153,
-51,234,
-175,282,
-148,105,
-152,12,
-39,100,
116,224,
128,300,
-24,204,
121,130,
337,95,
377,120,
274,162,
163,149,
193,30,
148,-134,
135,-288,
96,-285,
99,-254,
101,-125,
39,14,
21,75,
144,-31,
215,-92,
178,-193,
266,-125,
255,-14,
247,108,
126,269,
44,251,
47,132,
0,-42,
8,-95,
103,-33,
201,-2,
216,112,
113,151,
-26,161,
-26,28,
-1,-142,
67,-115,
126,-156,
148,-78,
146,-89,
106,-13,
120,-125,
-7,-178,
34,-168,
10,14,
-23,114,
0,92,
-26,-40,
-143,-161,
-125,-82,
28,114,
115,297,
60,171,
-19,125,
22,74,
-25,41,
-21,22,
81,49,
117,-52,
89,0,
80,44,
97,68,
85,90,
60,77,
67,52,
89,22,
116,51,
108,109,
28,72,
87,79,
82,78,
97,-2,
44,-2,
75,24,
114,92,
140,54,
43,11,
48,-9,
115,-34,
128,-27,
122,43,
8,20,
55,6,
91,-39,
44,10,
99,3,
145,53,
189,8,
102,-18,
20,33,
-1,31,
-11,-3,
-22,-70,
-1,3,
83,-9,
101,35,
32,52,
105,32,
75,43,
17,28,
-7,15,
35,20,
-20,-35,
30,99,
8,55,
2,15,
30,31,
1,29,
7,33,
84,9,
86,-18,
88,9,
34,51,
45,-52,
141,-41,
48,-30,
38,32,
9,0,
56,23,
59,-22,
48,25,
37,33,
36,58,
23,44,
83,64,
31,83,
4,30,
8,-46,
00>
_________________________________
00>
00>
Printing STS1 CIR
00>
00>
_________________________________
00>
-15,92,
14,5,
29,-66,
8,-7,
4,21,
71,66,
40,17,
40,45,
39,33,
10,-58,
21,-13,
13,-7,
14,-28,
39,-16,
57,1,
79,-30,
0,43,
-41,58,
-2,27,
40,-4,
69,15,
71,45,
3,71,
-64,38,
-58,57,
-35,-11,
-34,-11,
-36,-7,
25,58,
30,32,
46,10,
-18,32,
-58,57,
12,56,
-11,22,
-10,-70,
-6,-20,
40,-26,
16,12,
-12,19,
-46,24,
-35,-5,
-25,-7,
-6,-18,
31,-21,
5,17,
18,9,
-29,11,
-50,-15,
-74,-42,
-23,7,
6,45,
-24,37,
19,1,
15,7,
-1,40,
-33,76,
-39,32,
19,30,
-41,43,
9,49,
16,32,
-2,0,
-12,45,
-53,66,
15,65,
50,-7,
36,1,
-13,31,
2,0,
-18,23,
-8,-48,
-6,-11,
13,30,
4,12,
-23,40,
-25,38,
-65,35,
3,-2,
-26,65,
-2,92,
56,94,
46,46,
4,9,
-11,47,
43,45,
2,-7,
-38,29,
-96,60,
-56,9,
-10,25,
40,10,
28,-31,
24,0,
-48,16,
-45,-4,
49,15,
34,37,
36,43,
-4,41,
-25,12,
15,7,
56,-15,
80,12,
-1,-1,
-19,-17,
2,-5,
8,-43,
-13,29,
-70,42,
-18,47,
-48,8,
-52,-34,
-36,12,
-58,58,
1,-11,
-4,-9,
50,-17,
62,0,
15,20,
68,-12,
43,1,
13,-25,
18,-66,
-9,-10,
-6,46,
-29,2,
-18,23,
16,16,
7,35,
20,15,
83,-9,
91,35,
11,70,
-21,82,
9,-25,
32,-13,
14,34,
28,74,
2,-41,
63,-64,
50,-65,
-9,7,
-13,20,
-21,28,
5,-4,
44,1,
85,12,
64,28,
-11,41,
-13,64,
20,8,
34,-22,
43,-34,
14,-15,
-14,41,
42,46,
41,60,
98,36,
17,36,
26,37,
5,-2,
18,50,
-30,50,
-45,24,
24,-45,
82,-46,
5,19,
-28,31,
32,39,
111,-66,
76,-33,
22,-39,
34,24,
-12,17,
-4,35,
-21,24,
14,8,
-24,52,
-53,-48,
-91,-56,
-14,-41,
-11,24,
-22,26,
16,-31,
-13,-15,
-41,-3,
-16,49,
26,11,
69,-17,
43,-13,
-5,22,
32,37,
50,40,
15,40,
15,34,
-38,14,
-72,-45,
1,-1,
-32,6,
-33,-14,
-2,77,
16,127,
-33,50,
10,-35,
12,-27,
18,20,
19,76,
30,38,
-17,-45,
-1,-53,
42,21,
57,-6,
22,6,
-9,-13,
25,16,
49,83,
34,67,
18,11,
32,0,
5,-10,
23,-6,
36,11,
35,24,
-19,11,
-17,58,
33,46,
74,-22,
84,-8,
45,13,
9,66,
-26,65,
-9,14,
12,-29,
19,-39,
24,38,
73,16,
23,6,
-35,28,
-34,9,
-23,25,
-10,46,
-39,59,
30,44,
42,19,
37,-4,
4,-53,
-7,-51,
-4,-59,
-7,-52,
-5,-56,
5,-49,
101,-17,
68,-1,
25,31,
-33,9,
-38,44,
-27,50,
-22,30,
-95,7,
-54,47,
70,13,
24,35,
-5,31,
22,41,
37,36,
1,52,
-11,30,
-55,7,
-25,39,
36,-4,
-1,23,
-38,50,
-23,29,
26,27,
-6,-24,
-10,-30,
8,-18,
-13,-31,
19,-16,
17,42,
-3,7,
29,0,
12,79,
-33,63,
10,56,
29,-43,
60,-2,
36,14,
21,21,
48,97,
-25,21,
41,-49,
45,27,
-39,20,
-41,-18,
32,-4,
63,61,
67,43,
16,12,
-18,25,
26,61,
28,72,
-5,66,
-11,-16,
-15,-51,
0,-69,
25,27,
15,46,
63,86,
57,58,
32,38,
-27,63,
-49,-19,
20,-39,
-2,-46,
50,15,
-18,-24,
-28,-35,
-2,42,
62,37,
78,-5,
33,-2,
8,5,
-1,17,
55,-25,
49,81,
21,57,
-30,69,
-25,9,
30,9,
18,22,
57,29,
-7,39,
-28,-7,
-23,-27,
51,-24,
7,15,
-28,0,
10,4,
70,45,
-40,34,
-19,33,
46,45,
25,29,
54,15,
1,-22,
-20,-12,
17,-16,
3,16,
28,7,
34,71,
17,199,
-196,1099,
-1158,3758,
-2551,6717,
-3438,6583,
-3063,3624,
-1176,-194,
151,-1183,
793,-36,
1339,1519,
1228,2615,
200,2299,
-675,928,
-767,13,
-615,167,
-578,674,
-453,691,
-156,265,
76,-92,
59,-91,
9,-14,
-91,-74,
-133,-179,
-15,-465,
156,-617,
202,-614,
64,-192,
-66,77,
-131,70,
-62,-26,
18,-69,
53,-195,
75,-353,
136,-389,
118,-163,
8,0,
-38,-58,
67,-191,
296,-235,
304,-230,
162,-152,
62,-138,
53,-156,
24,-222,
-66,-175,
-35,-160,
40,-152,
88,-119,
127,-117,
119,-117,
79,-99,
11,-13,
69,-18,
159,-99,
71,-40,
-15,-21,
-24,-26,
-52,-23,
-46,-100,
-110,-159,
-32,-148,
57,-184,
88,-96,
67,-49,
16,55,
-21,67,
-19,-2,
-60,-90,
-60,-117,
-24,-162,
92,-134,
167,-194,
138,-216,
87,-271,
102,-235,
216,-180,
301,-110,
269,-84,
127,-61,
33,-149,
66,-295,
48,-342,
35,-220,
16,25,
20,95,
105,48,
73,-21,
38,-21,
-28,-17,
18,-79,
-57,-140,
-21,-133,
124,-110,
178,-120,
138,-56,
41,-35,
5,-97,
-7,-77,
-22,-104,
-5,-37,
24,23,
40,-18,
1,-12,
45,-111,
41,-162,
38,-196,
115,-137,
115,-51,
85,-20,
103,-5,
117,-10,
74,11,
12,2,
-37,-23,
-66,-33,
31,-102,
79,-112,
152,-178,
163,-92,
107,-130,
7,-123,
-59,-99,
-15,-60,
5,-13,
21,-43,
81,-71,
46,-33,
26,18,
11,-63,
103,-100,
151,-132,
126,13,
71,15,
45,-31,
26,-109,
1,-128,
33,-92,
99,-28,
61,44,
72,-77,
64,-62,
63,-16,
72,-22,
71,-17,
74,-39,
69,-61,
30,-98,
32,8,
42,10,
37,18,
-31,-49,
-38,1,
11,-20,
-6,-68,
50,-84,
35,-6,
14,34,
30,-30,
70,-99,
105,-81,
00>
_________________________________
00>
RX Timestamp: 201650533828
00>
Clock Offset: -1364.994 Hz, 0.171 ppm
00>
RX Timestamp: 202721967424
00>
Clock Offset: -2789.497 Hz, 0.349 ppm
00>
_________________________________
Sequence Number: 230
00>
00>
Printing STS0 CIR
00>
00>
_________________________________
00>
78,20,
7,18,
-11,-29,
-43,-57,
11,-8,
-38,6,
85,54,
77,64,
51,10,
43,39,
24,55,
-31,66,
-2,54,
39,43,
80,17,
5,13,
-57,5,
-6,-47,
-39,-16,
9,-9,
9,-79,
-21,14,
38,60,
28,59,
75,-32,
86,-85,
-54,0,
-85,-54,
-140,23,
-112,-44,
26,23,
-8,-32,
-57,-21,
-15,-40,
-39,13,
-36,47,
26,9,
-11,-23,
46,-26,
20,22,
-31,-19,
38,41,
22,14,
-13,83,
-49,100,
-84,64,
-12,38,
-18,86,
-24,25,
24,-70,
57,-15,
57,1,
-10,-34,
-34,-37,
-47,19,
20,0,
53,-30,
30,30,
-41,69,
-107,53,
-56,3,
13,-5,
48,-17,
-9,19,
24,29,
28,30,
78,-15,
90,12,
-64,-4,
-56,-62,
-120,-52,
-12,-47,
18,6,
6,-110,
-23,-80,
15,-28,
31,69,
-74,35,
-45,35,
39,13,
-15,-32,
-2,1,
-39,-68,
-12,-71,
28,-10,
-23,-40,
-116,55,
-70,103,
2,32,
19,-43,
75,-32,
79,11,
48,17,
79,-14,
64,5,
4,-38,
-42,24,
-55,-48,
1,-34,
40,18,
-21,19,
-46,26,
-33,-57,
32,-31,
-24,-8,
-46,-9,
-22,-28,
-27,-47,
-68,-1,
-58,7,
-14,-44,
67,-29,
19,-11,
18,-9,
0,-10,
-25,-26,
-21,-4,
-16,-2,
1,-27,
32,-3,
-8,-4,
22,0,
-53,11,
14,6,
25,-6,
20,36,
-65,-43,
-106,13,
-61,-40,
-4,-35,
42,-25,
24,-111,
-43,-94,
-1,-106,
55,38,
44,55,
67,31,
-51,2,
-24,-40,
2,-18,
52,-75,
91,-57,
99,-28,
-10,-19,
-90,37,
-10,56,
-42,34,
-61,-21,
16,43,
-15,-16,
0,64,
-5,75,
-33,60,
14,-71,
21,-14,
4,10,
-33,44,
-47,24,
-15,-8,
-73,-9,
10,-5,
71,34,
96,-21,
56,44,
23,-8,
-7,51,
-21,41,
-23,32,
-25,0,
12,129,
-19,40,
79,-85,
112,-33,
128,-33,
43,14,
14,-15,
-34,-38,
35,-67,
-13,-11,
-88,24,
-15,100,
-33,54,
0,40,
36,30,
22,28,
-10,-33,
9,-42,
17,3,
4,63,
-63,89,
-30,70,
9,-67,
-39,-17,
-6,-13,
15,57,
-19,90,
-49,91,
-22,7,
30,-33,
-4,-1,
-42,37,
4,-48,
105,-77,
50,-77,
1,47,
-88,-3,
-14,-10,
2,70,
-19,84,
-48,59,
-33,-6,
10,20,
16,46,
28,24,
-9,1,
-90,-13,
0,-5,
34,10,
-5,31,
14,-25,
24,-5,
28,35,
-10,29,
22,-28,
67,-76,
7,-42,
-20,82,
-23,26,
-26,59,
-52,79,
-53,21,
-93,22,
-22,41,
25,-56,
-53,-35,
35,-14,
74,35,
34,99,
-24,18,
65,42,
15,-25,
-7,61,
25,122,
-62,37,
-44,-5,
-13,11,
25,-20,
-26,-12,
-63,11,
-44,6,
-64,50,
44,-44,
21,-64,
-52,6,
-102,66,
-55,45,
-57,11,
10,-10,
54,-16,
6,65,
38,-4,
23,30,
16,-16,
-6,33,
-39,-7,
14,-23,
17,-1,
-49,-7,
5,12,
36,-14,
36,55,
7,42,
-69,57,
-86,26,
-100,26,
-13,28,
27,-36,
60,-15,
-28,19,
-10,37,
50,55,
-9,70,
16,27,
-16,-26,
49,-69,
53,2,
-43,10,
-38,-5,
-23,-65,
10,11,
-15,108,
-34,44,
-30,120,
27,48,
82,33,
29,-31,
4,29,
-48,17,
8,16,
-4,44,
-29,-14,
-57,-68,
3,-58,
27,15,
-23,5,
66,-5,
48,-49,
-6,-24,
-29,37,
-72,-12,
49,-67,
70,-70,
30,-3,
-59,-43,
-83,11,
-54,36,
-45,40,
11,42,
-40,14,
-29,22,
-20,-25,
20,-8,
-14,-4,
53,-61,
16,-17,
-2,-52,
-52,31,
-28,-35,
-52,-88,
-59,-24,
-39,0,
-27,-26,
29,35,
8,21,
54,55,
74,-36,
-23,-5,
-36,-62,
9,-92,
-78,38,
-59,20,
1,0,
36,-7,
74,19,
36,51,
-39,137,
-81,139,
-129,97,
-44,84,
-6,74,
36,6,
-7,45,
-19,-23,
0,-85,
-19,-34,
-68,3,
34,-1,
344,-356,
1783,-1708,
4226,-3656,
5333,-3852,
4124,-2085,
1079,313,
-585,913,
-722,393,
-596,-48,
-1194,-12,
-1568,3,
-981,-100,
104,-173,
1011,79,
1240,326,
845,277,
115,-25,
-120,-115,
-167,81,
-74,181,
-49,219,
-56,264,
-54,359,
-198,371,
-296,200,
-145,11,
162,-84,
307,-5,
68,141,
-236,201,
-248,152,
-91,99,
-24,170,
-104,226,
-74,201,
-41,115,
-2,46,
-35,86,
-9,36,
-7,15,
-20,58,
31,88,
30,75,
76,-14,
116,-72,
159,-63,
147,-101,
155,-39,
17,-45,
-76,9,
-119,23,
-178,7,
-109,-109,
79,-84,
68,35,
36,2,
-108,71,
-136,91,
-87,92,
18,-27,
69,-62,
15,7,
6,25,
-38,-43,
84,-4,
74,-67,
11,12,
-37,9,
-178,47,
-42,121,
-28,90,
-30,40,
-98,65,
-60,77,
-129,55,
-84,61,
-50,-76,
-62,-54,
-96,-58,
-163,103,
-169,277,
-78,228,
-89,98,
-80,57,
-106,144,
-72,56,
-73,23,
-44,-25,
25,-86,
-30,-55,
-41,-48,
-36,25,
-26,22,
-59,20,
-62,71,
-125,134,
-109,10,
-48,-24,
30,76,
8,125,
32,17,
-3,36,
-35,-2,
-21,59,
-216,92,
-148,22,
-45,62,
-73,143,
-112,141,
-122,104,
-159,90,
-137,48,
-37,64,
44,53,
-40,22,
-5,41,
-6,25,
-49,55,
-20,60,
-75,36,
-92,8,
-97,21,
-51,88,
-4,30,
-40,-1,
-157,1,
-130,41,
-110,48,
-26,5,
22,-29,
10,55,
-44,27,
0,57,
-47,128,
-84,72,
-58,69,
32,5,
87,-58,
8,-14,
-5,32,
-16,18,
21,60,
4,35,
85,4,
-8,97,
-10,59,
-8,30,
-1,25,
-14,-29,
-63,23,
-134,102,
-136,114,
-27,47,
30,12,
92,4,
00>
_________________________________
00>
00>
Printing STS1 CIR
00>
00>
_________________________________
00>
57,24,
47,-37,
64,-3,
38,12,
-9,36,
60,-14,
-2,-49,
7,-18,
-10,16,
54,36,
52,-7,
27,1,
-14,-22,
-7,8,
42,35,
48,6,
15,34,
-19,6,
1,-58,
37,9,
81,76,
91,58,
-15,-1,
-84,-43,
-36,-4,
107,-11,
84,-56,
129,30,
23,34,
88,8,
56,28,
32,53,
20,67,
-56,30,
-24,-56,
-3,-59,
12,-2,
-12,-84,
-59,-53,
-46,-44,
-37,7,
-8,-34,
-8,52,
-39,52,
0,53,
31,60,
11,3,
3,27,
-24,47,
-18,81,
38,-17,
53,-54,
38,4,
41,44,
-26,-16,
-76,-14,
-66,-29,
-21,-19,
-1,-11,
25,-89,
25,9,
7,20,
30,-43,
-24,-68,
-60,-16,
-42,30,
46,53,
66,62,
15,-8,
-34,16,
-21,-23,
6,4,
-13,-6,
41,24,
21,5,
7,-15,
-18,37,
-39,-29,
28,-61,
69,-63,
45,43,
30,40,
37,8,
32,9,
23,-2,
40,34,
31,-55,
52,-52,
46,13,
37,12,
35,37,
-18,20,
-5,26,
17,-7,
19,11,
46,57,
75,113,
37,33,
-19,-53,
-71,-83,
-54,-81,
-64,-57,
-35,47,
-27,21,
-31,40,
-45,52,
-3,13,
44,18,
-11,10,
-12,-87,
-15,-42,
24,16,
8,23,
-1,49,
-58,28,
-49,2,
33,51,
73,-35,
71,9,
80,55,
100,39,
79,7,
34,-11,
57,-18,
33,-32,
49,-15,
38,21,
35,-25,
-19,10,
-16,14,
-34,6,
-39,7,
1,12,
-14,23,
1,-68,
-52,-99,
-24,-36,
19,5,
15,37,
-32,55,
-33,22,
7,-11,
56,-37,
63,-38,
21,-33,
18,32,
-1,-32,
-6,16,
-38,72,
-36,-31,
92,-9,
76,-43,
35,24,
33,22,
-15,-23,
-48,-98,
-4,-86,
32,-63,
15,-101,
-8,-101,
-14,29,
86,57,
63,59,
26,-17,
-13,-1,
-17,-4,
-41,19,
-91,-41,
-66,-21,
-37,-35,
-52,-66,
25,-102,
86,-71,
37,-42,
-25,-2,
-33,23,
26,39,
40,48,
25,31,
-26,-34,
-14,-19,
73,52,
63,16,
99,40,
46,-12,
-19,-31,
-5,-48,
-17,-26,
15,54,
28,34,
-41,34,
19,12,
-20,12,
1,-10,
-47,-39,
-76,-68,
-53,-52,
-9,-50,
65,10,
67,-19,
0,-24,
58,1,
29,-25,
2,37,
16,45,
35,29,
16,-14,
6,-2,
37,-5,
91,-27,
83,52,
53,27,
42,42,
92,-22,
83,-42,
32,-53,
12,-65,
-20,-45,
-29,-65,
-41,-1,
21,50,
42,11,
38,37,
74,67,
9,48,
2,15,
-43,-57,
-28,10,
-23,25,
-34,-21,
-43,-21,
17,-28,
25,-45,
-28,-21,
-4,-38,
38,-4,
103,11,
144,11,
115,21,
76,51,
51,11,
64,17,
-62,33,
31,56,
15,11,
72,-23,
12,-12,
-3,13,
7,17,
18,41,
-25,24,
-53,-44,
-4,23,
-8,-31,
-38,-28,
36,-85,
2,-31,
51,20,
26,-59,
37,-92,
-16,-20,
-26,9,
-17,82,
6,37,
24,-30,
50,-21,
16,39,
19,5,
21,-15,
14,14,
11,1,
30,-48,
-26,-86,
-59,-86,
49,-8,
92,34,
103,-15,
42,23,
-16,24,
22,-21,
-9,5,
-1,30,
33,43,
69,4,
-8,-13,
3,38,
38,118,
22,66,
-37,32,
-10,-28,
21,14,
27,21,
26,10,
21,4,
42,87,
13,68,
42,14,
2,-3,
-49,-69,
11,-35,
-10,-2,
73,58,
-2,109,
5,101,
30,66,
-2,-4,
-32,-30,
-69,-27,
-13,70,
6,3,
-8,-97,
1,-60,
-4,-19,
-6,82,
-13,13,
-14,0,
-6,38,
38,18,
-38,6,
24,-8,
8,19,
15,29,
17,-11,
24,13,
76,-22,
41,-24,
20,-42,
-77,-16,
-40,11,
27,-15,
79,-33,
21,-50,
10,-18,
47,-18,
66,37,
40,99,
26,39,
47,41,
42,8,
-17,5,
28,-16,
24,59,
8,-13,
9,-45,
3,-40,
4,13,
20,-17,
45,-37,
63,18,
74,-1,
98,-40,
86,-33,
27,16,
-30,25,
5,66,
53,51,
-9,-75,
-172,-709,
-378,-2693,
-209,-5311,
176,-5673,
340,-2971,
518,197,
418,1186,
173,689,
102,650,
120,1418,
-157,1855,
-566,1107,
-722,98,
-691,-486,
-744,-586,
-681,-392,
-392,-25,
-52,242,
-3,259,
-7,130,
100,178,
330,381,
402,530,
406,403,
291,53,
242,-76,
422,-28,
438,252,
335,438,
174,398,
92,244,
103,60,
79,0,
-19,11,
-132,160,
-227,237,
-180,209,
-101,-32,
-1,-80,
30,-49,
-11,10,
-97,66,
-198,13,
-186,63,
-63,86,
40,104,
131,68,
100,41,
43,23,
-55,80,
-148,13,
-137,23,
-57,-48,
81,-14,
118,-12,
109,52,
55,42,
75,2,
130,43,
151,47,
184,57,
9,27,
-71,-62,
-92,-66,
-52,-1,
1,22,
-48,22,
0,119,
58,79,
16,29,
-67,12,
-69,26,
-57,-31,
-29,-67,
-69,17,
8,-29,
9,-12,
-20,-40,
-39,-78,
-46,21,
-26,51,
-6,74,
16,57,
36,34,
146,25,
165,70,
78,-18,
-1,40,
8,79,
-22,116,
5,83,
-36,24,
-68,83,
3,29,
85,64,
70,97,
98,50,
55,-47,
102,-29,
67,5,
58,108,
88,58,
45,14,
19,-24,
-8,-69,
-22,14,
-8,-19,
-44,43,
-75,60,
-42,83,
3,43,
41,-10,
84,27,
98,45,
46,57,
29,-6,
10,-27,
6,6,
56,-46,
69,13,
38,54,
20,28,
29,31,
31,64,
73,63,
24,62,
-13,60,
-17,36,
16,52,
35,-28,
-2,-86,
2,-46,
19,93,
18,69,
41,42,
109,14,
20,16,
-44,13,
-46,24,
-15,1,
-22,1,
4,-22,
24,1,
47,47,
-50,49,
-59,11,
-7,32,
15,69,
67,171,
64,86,
39,21,
25,-39,
62,-77,
-11,-65,
-32,12,
00>
_________________________________
00>
_________________________________
Sequence Number: 233
00>
00>
Printing STS0 CIR
00>
00>
_________________________________
00>
27,-7,
13,-2,
44,42,
62,-42,
38,-38,
-24,31,
-8,7,
57,-34,
40,-3,
-30,-7,
-36,-60,
-62,-25,
-22,-9,
23,18,
2,34,
39,-29,
-52,-67,
-11,-4,
26,-4,
32,14,
-38,-93,
6,0,
23,20,
54,9,
21,-7,
15,-84,
-4,-32,
13,20,
32,67,
86,58,
67,-1,
43,-20,
-18,-3,
19,4,
31,-17,
-7,8,
-59,-23,
2,-30,
8,5,
-11,62,
-8,51,
19,-50,
57,-15,
10,64,
7,32,
16,18,
17,61,
-55,59,
0,11,
0,50,
48,43,
15,-4,
-65,22,
5,-4,
15,37,
-16,42,
18,52,
-15,28,
13,-34,
49,-44,
78,-13,
45,7,
29,12,
-27,26,
26,-9,
38,-64,
27,29,
-66,75,
-34,157,
7,135,
-22,90,
-61,130,
-65,32,
-11,12,
63,-33,
61,90,
34,76,
8,35,
2,39,
46,-17,
24,-42,
12,29,
18,24,
-64,16,
-68,-49,
32,-2,
63,116,
-12,107,
5,62,
-4,3,
-10,-43,
77,3,
34,11,
54,-76,
-8,-73,
-5,36,
54,44,
83,-22,
-28,27,
17,40,
71,57,
44,19,
45,62,
24,55,
8,60,
16,4,
32,13,
25,64,
84,72,
35,21,
28,66,
0,48,
-34,26,
10,8,
56,14,
61,45,
27,2,
21,50,
37,-7,
0,10,
66,-88,
34,-29,
52,38,
-15,90,
7,7,
24,11,
8,25,
16,65,
-17,49,
-13,46,
20,-12,
0,-14,
9,1,
-3,26,
-22,10,
33,-15,
46,11,
30,-37,
-10,-6,
-2,46,
39,100,
27,75,
2,53,
53,33,
87,-39,
65,-44,
51,74,
37,14,
5,-3,
84,-89,
65,-48,
91,-71,
58,-52,
6,-2,
60,66,
4,43,
21,-13,
21,-16,
51,19,
82,-27,
37,-28,
2,-30,
48,-45,
75,-26,
55,25,
-56,-17,
-61,25,
2,51,
0,72,
-39,-14,
-10,-1,
70,60,
55,38,
52,-8,
-22,-24,
-3,52,
46,21,
5,11,
-7,-14,
2,-37,
5,61,
-37,52,
-21,8,
-90,63,
-50,-2,
14,9,
51,-16,
75,-37,
-1,20,
68,-35,
97,40,
39,58,
26,39,
-17,8,
-18,-5,
21,-12,
59,31,
-36,1,
-55,-50,
70,-17,
57,43,
67,35,
2,35,
-36,7,
24,35,
31,18,
14,-1,
-7,-138,
-28,-64,
35,-4,
43,95,
38,51,
34,27,
70,-10,
50,53,
11,45,
-8,18,
52,52,
37,43,
-32,-2,
-16,60,
24,56,
43,42,
10,-16,
-74,12,
-30,-17,
-12,-8,
16,29,
14,-19,
18,-23,
17,25,
27,7,
11,-25,
9,-28,
77,19,
88,-18,
66,-6,
13,4,
-19,29,
28,87,
24,103,
54,86,
0,-14,
-40,-28,
-50,-14,
-23,-33,
56,-27,
59,-60,
60,16,
25,72,
3,22,
-5,38,
-4,-59,
38,-10,
47,21,
-27,1,
-12,-11,
0,13,
22,79,
36,-2,
38,-15,
49,1,
8,62,
-20,35,
-16,-13,
34,-36,
-6,31,
3,14,
-50,-6,
-12,-38,
30,-13,
7,-28,
-1,22,
-2,12,
10,-3,
-24,-62,
-37,-4,
9,89,
9,51,
14,59,
9,26,
12,29,
-18,28,
3,48,
-21,55,
14,35,
1,-6,
-13,23,
-5,-24,
-55,8,
17,24,
8,2,
-28,-63,
79,-69,
71,-82,
96,18,
-48,-1,
-62,5,
27,-26,
35,3,
-2,-26,
11,-51,
-30,39,
-28,38,
29,4,
9,32,
-19,29,
-13,-53,
-73,-144,
37,-134,
85,-76,
84,8,
1,-28,
-65,-65,
-10,39,
50,60,
102,45,
2,20,
19,-5,
7,-16,
68,13,
-12,31,
-45,44,
12,35,
20,48,
17,35,
-36,-2,
3,21,
-18,18,
42,20,
8,31,
31,-58,
19,-19,
-23,-25,
-29,-6,
37,15,
7,18,
-52,26,
-18,3,
35,35,
69,11,
35,-28,
47,-7,
42,35,
-35,60,
-42,22,
-16,16,
6,-13,
-40,-10,
-29,-59,
11,-13,
-14,-54,
19,-57,
55,10,
-66,-31,
-778,-25,
-3175,-150,
-6868,-1207,
-7363,-2720,
-4665,-4197,
-296,-3374,
1218,-1381,
339,-33,
-930,-92,
-1417,-845,
-837,-1228,
164,-797,
769,-213,
957,-88,
819,-300,
572,-401,
232,-248,
-28,-167,
136,-50,
286,-13,
394,5,
43,73,
-320,129,
-439,351,
-270,696,
106,702,
266,364,
136,158,
-90,243,
-228,319,
-201,240,
-105,75,
-35,131,
36,271,
8,359,
-17,176,
160,121,
236,182,
260,200,
174,256,
172,225,
178,162,
174,-20,
160,-199,
119,-316,
157,-294,
97,-119,
14,43,
-42,92,
69,84,
303,22,
235,-70,
307,-56,
211,14,
203,175,
135,214,
0,138,
-23,35,
1,-83,
70,-167,
71,-121,
121,10,
139,112,
43,122,
-54,101,
13,9,
95,-14,
100,-115,
155,-107,
183,-4,
180,6,
74,-1,
10,-141,
74,-156,
83,-68,
79,32,
-34,131,
-49,97,
-52,-68,
-107,-117,
-88,-59,
11,137,
100,149,
8,24,
-42,7,
-46,13,
-6,-7,
-2,-7,
48,43,
47,104,
55,123,
116,87,
106,71,
43,103,
51,101,
130,135,
120,148,
92,150,
76,101,
80,74,
69,125,
42,109,
25,18,
7,52,
26,74,
72,83,
95,74,
28,95,
56,3,
75,-16,
128,55,
56,110,
70,81,
70,57,
45,47,
31,48,
80,54,
74,-26,
83,-61,
56,17,
0,76,
-51,-3,
34,-61,
32,20,
19,28,
63,98,
75,89,
83,74,
42,63,
93,89,
68,95,
42,97,
19,-32,
-20,51,
6,81,
12,110,
29,152,
48,106,
67,44,
61,20,
83,39,
99,16,
82,15,
87,46,
65,84,
116,37,
85,-15,
126,7,
75,-64,
97,-8,
74,59,
52,48,
11,-7,
33,47,
52,115,
77,133,
63,-3,
00>
_________________________________
00>
00>
Printing STS1 CIR
00>
00>
_________________________________
00>
13,70,
-4,29,
-38,17,
-10,46,
69,74,
45,50,
13,90,
-2,86,
30,80,
-3,-18,
-59,-18,
16,30,
6,13,
-19,-9,
-64,-31,
-46,9,
31,-39,
0,12,
26,26,
38,-6,
55,-67,
11,-29,
-20,22,
0,71,
-4,1,
-12,83,
6,56,
-49,40,
-9,-2,
41,-23,
-8,2,
-18,-9,
4,31,
-4,-2,
-28,-26,
-39,34,
-20,74,
-17,74,
-47,15,
-51,-1,
-25,-23,
-46,22,
-21,35,
-2,59,
57,-14,
58,-39,
16,-7,
-36,41,
35,49,
63,-7,
-16,39,
15,-3,
17,-45,
-2,-1,
-77,-2,
-52,29,
-18,23,
18,59,
35,13,
-8,-13,
8,-71,
18,-18,
-22,17,
-44,-10,
-63,-43,
-19,-21,
-3,2,
49,0,
54,21,
26,27,
24,-6,
-58,-7,
-44,13,
-6,-16,
10,24,
-64,29,
-2,90,
45,102,
13,51,
16,58,
-8,4,
-28,35,
2,62,
-6,18,
-6,-44,
-7,-7,
65,45,
46,75,
10,43,
-88,61,
-68,67,
46,69,
48,31,
8,2,
-40,0,
16,-23,
-7,-15,
-39,26,
16,30,
65,39,
26,38,
6,120,
11,87,
17,48,
11,-8,
106,8,
81,9,
69,41,
-31,6,
5,-36,
10,-61,
26,-5,
40,45,
63,87,
35,66,
-20,34,
-51,50,
-17,-35,
-31,-23,
-5,14,
26,29,
11,-4,
1,29,
43,35,
41,81,
16,57,
14,24,
23,-25,
-11,49,
3,96,
26,64,
21,80,
92,-29,
25,-23,
9,24,
-15,101,
21,33,
11,60,
3,86,
-7,33,
18,-10,
-8,25,
-36,-22,
-20,24,
30,5,
61,-1,
50,-52,
27,-40,
38,-17,
0,17,
-26,15,
4,-12,
-15,25,
3,43,
16,35,
-5,26,
12,2,
-21,0,
22,-24,
-3,-8,
23,-22,
-11,-12,
1,30,
21,53,
24,38,
25,25,
-19,-33,
-53,43,
13,61,
-34,82,
30,-20,
19,-64,
34,24,
82,60,
49,1,
-4,55,
-14,48,
-6,1,
-22,-11,
6,37,
7,53,
7,31,
-17,-19,
-57,-8,
-2,-5,
-21,24,
21,31,
11,16,
-7,-44,
-57,-54,
-57,-12,
15,29,
44,54,
44,-4,
-39,25,
-73,54,
74,46,
92,45,
42,12,
0,2,
-51,-11,
10,-29,
-27,30,
24,28,
-30,63,
31,18,
10,9,
43,23,
54,24,
29,15,
47,66,
71,47,
38,105,
14,87,
10,47,
7,53,
-18,-21,
8,14,
13,60,
61,69,
64,30,
67,20,
61,34,
-6,33,
-35,43,
-8,14,
-12,30,
-43,11,
12,23,
28,-12,
16,7,
-22,-20,
39,46,
28,43,
-11,27,
-20,37,
15,9,
79,26,
90,25,
36,23,
45,5,
29,-21,
-11,17,
-35,46,
51,36,
24,-4,
-16,-32,
-42,12,
4,28,
18,31,
-18,4,
-25,42,
13,13,
1,-10,
-7,28,
25,57,
29,28,
-26,26,
-45,13,
20,-5,
-9,-22,
18,-4,
-14,26,
-28,34,
-32,17,
-14,45,
-27,64,
8,56,
34,28,
33,44,
7,68,
31,24,
-24,-22,
4,-35,
-6,29,
1,25,
27,4,
-7,-13,
-45,-54,
16,21,
12,-48,
39,16,
43,17,
61,43,
13,39,
19,16,
-45,41,
-27,55,
-34,29,
-22,-25,
5,-6,
-49,31,
-28,34,
4,39,
53,61,
41,45,
30,66,
-17,90,
16,-1,
36,25,
-2,-13,
-9,51,
35,14,
-42,16,
-1,65,
-17,66,
-30,13,
-13,-10,
22,-69,
21,1,
42,-17,
-49,17,
-45,13,
30,16,
5,38,
-52,30,
-10,-12,
-25,41,
-17,-13,
-44,15,
-36,30,
18,42,
8,34,
-54,43,
-113,37,
4,14,
-7,-24,
21,-8,
39,17,
3,53,
-29,38,
-25,25,
-46,25,
23,-12,
58,10,
33,20,
-14,8,
7,55,
-7,26,
-4,27,
21,-13,
-36,-10,
-22,41,
8,-24,
71,22,
36,31,
4,4,
-1,0,
9,-31,
21,-3,
43,-10,
-11,71,
-12,66,
-13,60,
-141,150,
-700,899,
-2667,3050,
-5114,5082,
-5892,4604,
-4352,2179,
-927,-574,
579,-1025,
673,347,
488,2056,
-129,2933,
-875,2241,
-1006,623,
-717,-336,
-587,-141,
-776,401,
-687,499,
-236,166,
125,-73,
92,-88,
16,-89,
-118,-127,
-81,-206,
147,-367,
443,-462,
474,-402,
255,-103,
-54,97,
-167,76,
-144,-2,
-21,-19,
97,-142,
264,-309,
332,-321,
267,-200,
19,-32,
-48,-67,
93,-132,
256,-73,
288,-61,
188,-22,
25,-53,
-53,-68,
50,-168,
114,-233,
54,-158,
95,-51,
105,-56,
125,-93,
97,-106,
103,-103,
45,6,
57,25,
91,-57,
38,-30,
-7,-41,
38,-4,
11,-55,
6,-203,
29,-239,
46,-161,
106,-122,
93,45,
97,35,
9,14,
-11,14,
2,-11,
49,-45,
66,-26,
17,-40,
44,-8,
108,-136,
224,-123,
175,-163,
223,-170,
263,-42,
324,82,
193,165,
121,54,
179,-139,
185,-259,
196,-265,
103,-139,
-67,-28,
-22,12,
90,42,
95,5,
-15,7,
-1,-17,
-1,12,
17,11,
41,-80,
82,-19,
49,8,
47,55,
21,19,
18,-5,
6,-54,
33,-63,
-2,7,
28,54,
129,54,
55,45,
50,25,
49,-23,
92,-104,
141,-89,
110,-16,
74,4,
132,28,
151,-6,
52,-11,
19,-26,
15,-74,
-16,-40,
102,10,
125,31,
144,-61,
47,-59,
52,-11,
56,6,
37,-12,
71,-9,
103,-59,
87,-52,
92,-48,
101,-30,
53,12,
19,-5,
40,-8,
137,15,
61,10,
20,-40,
67,-33,
50,-3,
73,-6,
88,-23,
27,-3,
43,49,
68,-3,
41,-21,
3,3,
29,14,
45,3,
38,21,
29,8,
20,39,
39,62,
17,60,
35,68,
64,-17,
2,-29,
37,3,
78,40,
-2,12,
-59,-8,
8,-48,
7,-11,
00>
_________________________________
00>
RX Timestamp: 341620553188
00>
Clock Offset: -3555.679 Hz, 0.445 ppm
00>
RX Timestamp: 342691897176
00>
Clock Offset: -2703.953 Hz, 0.339 ppm
00>
_________________________________
Sequence Number: 110
00>
00>
Printing STS0 CIR
00>
00>
_________________________________
00>
-21,-2,
20,11,
-17,13,
10,29,
-48,-23,
-6,17,
18,-74,
84,-107,
31,-63,
34,-47,
51,2,
18,3,
-2,-3,
21,3,
7,7,
50,-63,
19,-43,
33,60,
40,71,
56,44,
62,-21,
1,18,
-23,19,
-40,16,
-47,15,
3,24,
-31,-30,
-9,-15,
1,35,
10,-1,
6,47,
48,12,
27,25,
28,20,
32,22,
-14,34,
28,26,
-10,73,
23,29,
41,70,
-3,163,
-25,160,
56,22,
18,-62,
14,-47,
56,36,
-1,2,
97,-30,
92,2,
-13,8,
12,-29,
12,-48,
75,-5,
97,54,
54,-22,
50,-41,
-27,80,
-32,89,
-6,53,
-8,-25,
4,-17,
-18,29,
42,-23,
29,-3,
51,-39,
42,-45,
-38,10,
-44,23,
15,99,
45,77,
31,-15,
2,-75,
-24,-19,
16,-41,
0,-11,
8,28,
28,16,
12,-43,
27,8,
-22,39,
-20,81,
44,67,
10,109,
36,-11,
70,25,
51,-21,
5,-19,
-5,43,
12,107,
6,12,
107,56,
61,27,
-15,54,
-53,8,
15,12,
13,76,
59,77,
47,59,
30,-39,
3,-47,
27,-27,
15,72,
-8,75,
-10,53,
-21,17,
-14,70,
33,64,
-24,49,
-10,32,
72,33,
40,-18,
49,26,
35,39,
-2,-73,
3,-28,
5,47,
2,49,
9,92,
45,81,
62,51,
19,90,
-21,121,
21,83,
35,51,
56,-8,
27,1,
49,21,
38,43,
40,88,
34,95,
43,69,
43,40,
19,10,
13,-28,
48,-6,
2,57,
-18,61,
-2,56,
20,41,
12,7,
-13,30,
19,16,
64,0,
86,27,
16,-10,
24,-31,
9,-3,
102,52,
7,-29,
1,-63,
-4,-23,
11,11,
43,19,
-11,2,
-35,33,
-12,92,
22,46,
35,-42,
-2,-12,
33,23,
-19,48,
-15,47,
48,101,
8,95,
-20,-4,
-53,-21,
-27,-17,
45,21,
54,40,
20,-23,
15,8,
-32,77,
39,28,
-24,46,
7,16,
24,52,
-10,50,
-38,47,
-14,38,
10,51,
56,44,
0,-2,
15,-17,
39,-66,
36,-67,
35,-51,
81,-53,
-7,-38,
28,-38,
-28,34,
-1,0,
-8,1,
36,15,
5,-12,
-2,-4,
-14,13,
7,41,
72,14,
11,42,
38,13,
68,7,
-18,24,
-13,-41,
37,-42,
32,-72,
11,49,
-4,127,
8,-10,
21,-50,
25,27,
41,73,
28,15,
22,43,
-26,42,
-33,42,
6,59,
-49,42,
-32,35,
57,76,
6,47,
32,83,
18,-26,
-6,-41,
31,-31,
60,15,
24,29,
-11,30,
37,23,
63,25,
65,14,
14,-3,
-41,51,
-59,69,
-7,18,
-44,13,
-3,3,
52,-33,
-3,-32,
-43,2,
3,-14,
49,63,
5,56,
-30,-27,
4,-42,
-26,-51,
-3,21,
45,50,
1,5,
-20,-30,
2,-49,
32,-48,
5,-44,
6,30,
25,50,
38,-8,
1,56,
-28,85,
22,42,
81,59,
48,-35,
30,-1,
43,24,
-12,-6,
40,20,
-27,62,
-4,108,
-52,143,
36,16,
92,-48,
15,-5,
-9,40,
-41,11,
-19,4,
26,-14,
54,63,
-23,52,
-66,-7,
31,20,
31,88,
125,29,
-1,25,
31,-26,
-9,-10,
13,27,
17,16,
-19,-18,
-23,5,
62,-29,
6,16,
-8,7,
18,1,
23,51,
74,44,
39,5,
-40,-48,
-19,-5,
6,-51,
-17,-40,
4,47,
64,-37,
5,-37,
52,2,
12,22,
41,67,
36,3,
-45,-43,
-17,-78,
3,-32,
51,-29,
54,8,
-27,-18,
-77,15,
-12,60,
22,40,
7,-16,
-32,8,
-27,24,
24,14,
-13,-54,
40,1,
83,7,
32,10,
-29,21,
-69,-23,
-16,-57,
6,-14,
-4,48,
119,137,
38,127,
-9,93,
41,41,
-2,-4,
30,22,
42,4,
36,1,
0,-2,
28,-65,
18,-30,
0,-1,
-10,32,
-22,-41,
26,-70,
39,11,
-38,33,
-9,-32,
44,-22,
72,-23,
57,26,
69,26,
6,25,
44,47,
24,44,
-2,53,
-10,9,
3,3,
42,15,
-15,-20,
253,28,
1474,178,
5215,909,
7712,2103,
7244,3102,
3368,3053,
-579,1194,
-1141,-121,
-499,-685,
-519,-1281,
-967,-1982,
-866,-2025,
-172,-925,
389,585,
599,1893,
460,1984,
285,911,
233,-83,
58,-411,
-72,-148,
-121,-21,
-231,112,
-169,417,
-284,411,
-392,0,
-242,-373,
31,-186,
216,172,
0,255,
-187,95,
-306,-109,
-226,-133,
-232,-34,
-298,63,
-321,150,
-174,272,
-198,236,
-180,58,
15,-46,
37,-85,
0,-4,
-32,84,
16,-26,
18,-14,
116,43,
219,174,
192,210,
107,118,
96,49,
-13,-12,
-123,-87,
-52,-185,
-73,-237,
-64,-174,
-19,-32,
-103,-25,
-111,-18,
-127,-27,
-133,-70,
-81,-2,
1,10,
106,49,
135,-36,
101,-41,
52,-11,
-12,-7,
-115,35,
-33,-62,
-48,-72,
-51,14,
-2,96,
-45,77,
-108,-10,
-171,-70,
-185,-158,
-159,-209,
-31,-221,
16,-165,
10,-123,
-59,-104,
-173,-50,
-308,-65,
-275,-60,
-44,4,
-43,55,
-139,-32,
-132,-20,
-23,-31,
-16,-56,
13,-52,
26,-6,
35,-29,
-133,-75,
-103,-94,
-80,-60,
-126,-33,
-65,-14,
-101,-22,
-97,-58,
-19,-36,
-5,43,
-62,9,
6,57,
-40,18,
-55,-16,
-34,-44,
-75,-53,
-44,-19,
-50,1,
-34,-11,
-110,-19,
-74,-43,
-1,12,
-7,-6,
-67,13,
-10,43,
-9,49,
-63,-9,
-29,25,
-58,-14,
1,-16,
11,-47,
-95,-25,
-127,-29,
-53,-9,
2,-61,
23,-13,
-33,1,
-88,85,
-61,92,
-54,10,
-27,2,
-52,-21,
-51,10,
-21,15,
12,-20,
15,-63,
13,29,
-13,33,
-24,2,
-83,-8,
-89,-32,
-48,13,
-60,64,
-18,4,
14,-38,
-24,-15,
-20,68,
-52,67,
28,-3,
-21,-18,
-55,-22,
-90,-8,
-52,-61,
-22,-54,
00>
_________________________________
00>
00>
Printing STS1 CIR
00>
00>
_________________________________
00>
-7,-28,
-28,-43,
-28,-5,
-19,39,
29,23,
39,11,
26,18,
-15,49,
-8,10,
52,-67,
101,-70,
46,-36,
42,8,
42,15,
51,57,
-11,50,
-47,9,
-11,-4,
37,-31,
41,-29,
18,10,
31,-24,
17,-32,
-2,-21,
-24,-20,
-33,13,
13,75,
52,42,
58,-47,
15,-14,
-2,30,
23,106,
-19,87,
-10,36,
39,15,
32,7,
51,-50,
15,-45,
-6,3,
-30,47,
4,78,
-18,66,
0,68,
23,23,
41,0,
47,40,
-23,28,
-73,-4,
-40,-28,
-26,-1,
-18,7,
28,12,
25,49,
-26,34,
-6,50,
25,12,
11,43,
0,22,
19,18,
-19,-54,
-28,16,
-24,62,
-5,12,
-7,12,
-20,43,
-25,25,
24,33,
17,21,
-37,47,
13,2,
70,-4,
41,47,
42,35,
52,-2,
-30,-10,
8,-20,
-38,15,
-6,38,
-46,50,
-55,107,
-84,38,
-34,24,
-20,37,
14,4,
28,4,
27,-20,
65,11,
-29,-49,
-26,-70,
-14,-71,
36,20,
69,-67,
85,-25,
5,27,
-33,38,
-2,38,
2,22,
-33,-8,
-69,50,
40,66,
58,1,
-5,7,
-44,24,
39,54,
29,-2,
52,6,
18,-57,
5,-46,
8,-32,
-23,-8,
3,33,
21,-8,
55,-67,
-7,23,
-41,80,
13,-1,
6,-8,
20,-10,
26,43,
11,38,
2,24,
-13,31,
11,2,
57,8,
-67,7,
-100,35,
1,-65,
6,-42,
-4,-6,
18,-19,
34,-49,
5,-53,
37,-9,
-18,-38,
-55,8,
-29,8,
24,16,
27,25,
-21,-3,
-9,-26,
7,-3,
19,4,
46,7,
-32,33,
-6,-25,
17,27,
33,68,
34,18,
17,-2,
26,-14,
23,54,
81,51,
119,74,
35,72,
55,80,
-34,57,
-42,20,
-9,-12,
15,31,
64,42,
36,32,
17,-21,
37,-14,
19,20,
-35,21,
-2,56,
61,29,
73,59,
42,47,
-15,-11,
-5,-3,
3,8,
73,27,
58,14,
15,-23,
-37,-32,
29,-4,
25,33,
-13,43,
-47,36,
17,-15,
48,-47,
68,-28,
-30,-32,
-49,-28,
26,33,
34,-3,
14,-21,
-9,14,
46,22,
54,-30,
75,-60,
4,-31,
14,-2,
37,40,
56,78,
28,-10,
6,-42,
7,-7,
-19,11,
-2,-52,
21,-54,
11,83,
-77,30,
19,47,
87,52,
53,25,
25,9,
1,7,
-25,41,
-28,50,
47,-27,
42,-13,
35,0,
-10,47,
5,8,
8,1,
40,-23,
64,13,
-19,-14,
-17,17,
-28,20,
-36,53,
-2,45,
34,47,
41,30,
48,11,
55,-37,
31,28,
-11,52,
-3,5,
1,26,
65,38,
30,45,
48,-32,
74,-44,
-15,-5,
-39,98,
4,17,
18,-20,
-15,-42,
14,-55,
-7,-13,
94,-12,
58,-85,
41,-32,
5,-2,
16,12,
-25,11,
-11,-2,
15,37,
12,12,
-14,22,
-24,38,
4,73,
57,-1,
24,-64,
49,-28,
77,-21,
41,-29,
-9,-20,
-14,24,
69,-19,
57,5,
2,4,
0,18,
-30,13,
-15,-16,
-21,-6,
41,9,
68,-18,
36,-1,
0,7,
13,42,
-36,16,
2,60,
37,31,
3,5,
25,-18,
-46,-43,
-34,13,
9,34,
-9,8,
-24,-35,
52,-21,
77,-33,
8,-16,
-3,30,
70,27,
-6,17,
2,-84,
27,-5,
42,-1,
37,13,
76,-34,
78,-6,
43,34,
8,88,
5,-14,
57,-82,
53,-36,
-15,41,
-7,46,
-3,33,
46,23,
29,41,
-21,46,
-1,3,
-5,6,
3,13,
67,24,
19,73,
-35,-34,
26,-2,
47,25,
-5,43,
-19,55,
-21,66,
-12,21,
32,-12,
34,-11,
-11,-15,
-20,48,
-15,19,
10,-18,
-13,34,
-6,24,
37,7,
-12,-18,
18,1,
-32,21,
3,-25,
0,-25,
-12,29,
-18,28,
29,-25,
7,33,
19,50,
67,-12,
68,-17,
35,23,
54,62,
12,-5,
-58,-11,
-3,21,
29,22,
47,17,
1,-34,
44,-18,
30,3,
-3,38,
15,23,
32,-2,
7,55,
-4,69,
-6,94,
-32,52,
142,-240,
1445,-1541,
4389,-4218,
6180,-5367,
5830,-4555,
2690,-1554,
-670,1171,
-1226,1407,
-646,663,
-1034,938,
-2180,1766,
-2567,1494,
-1440,240,
-240,-735,
203,-1120,
-54,-1107,
-240,-788,
-304,-268,
-200,156,
-25,76,
-48,160,
-213,457,
-275,779,
-318,880,
-93,458,
285,173,
477,128,
272,385,
-88,549,
-293,590,
-302,447,
-115,173,
75,17,
-11,-26,
-218,-24,
-249,-122,
-312,-107,
-229,-41,
176,-151,
291,-123,
148,-40,
-24,-4,
-137,-60,
-119,-104,
-139,0,
-34,126,
19,132,
73,90,
-8,27,
-51,52,
-86,12,
-81,-84,
-93,-91,
-29,-44,
44,39,
97,68,
79,107,
12,86,
-38,155,
-24,235,
79,187,
93,88,
35,-12,
12,-40,
-19,-111,
20,-113,
-25,22,
-35,58,
-18,98,
-137,93,
-98,77,
-71,-49,
-19,-60,
8,-60,
15,-2,
97,12,
221,16,
219,-43,
155,-117,
14,-167,
-76,-188,
-140,-33,
-78,93,
21,55,
118,38,
154,50,
3,138,
-38,108,
-70,99,
-111,57,
-76,11,
-17,5,
-24,3,
-21,-2,
-26,-12,
-21,70,
-37,128,
12,110,
92,76,
55,79,
-41,61,
-58,114,
3,105,
-19,119,
-14,48,
-48,29,
-89,54,
-60,52,
-70,20,
-69,-15,
-16,-32,
7,-16,
-5,28,
12,31,
12,37,
44,61,
29,80,
64,46,
15,2,
-69,14,
-53,0,
-59,9,
22,-37,
11,30,
-8,91,
-69,106,
5,35,
6,-39,
29,-36,
-4,-2,
16,37,
36,35,
36,42,
-114,73,
-4,37,
-4,24,
-7,55,
-4,67,
-26,99,
9,77,
31,15,
11,-30,
-26,-16,
-63,2,
-50,27,
-40,37,
-26,32,
-25,-26,
14,47,
-10,59,
-49,119,
-19,107,
41,35,
83,-33,
50,87,
00>
_________________________________
00>
_________________________________
Sequence Number: 113
00>
00>
Printing STS0 CIR
00>
00>
_________________________________
00>
56,-29,
32,-22,
-11,12,
7,39,
26,48,
24,22,
-15,44,
-34,7,
-47,11,
12,-52,
65,-85,
50,-34,
-49,-27,
-36,-13,
-12,-38,
4,1,
1,4,
-31,25,
-22,0,
-4,-6,
-39,42,
-38,66,
-18,39,
-56,59,
-47,42,
-61,-2,
-45,-45,
-50,46,
-36,42,
-29,16,
45,91,
53,19,
51,-30,
26,-6,
-14,9,
-16,44,
15,52,
3,62,
23,75,
-3,59,
42,24,
17,61,
95,82,
9,75,
27,117,
40,69,
32,10,
20,4,
-26,-5,
-9,-2,
-12,-25,
-9,-33,
43,-18,
45,1,
11,-17,
3,11,
-12,18,
21,44,
-9,46,
24,11,
-3,-98,
-20,-51,
-30,-11,
-18,16,
-24,18,
8,45,
-11,18,
24,25,
21,19,
52,-26,
87,-45,
89,-25,
67,9,
-30,29,
-40,47,
-47,16,
2,13,
74,2,
67,17,
25,29,
23,75,
20,50,
5,0,
18,-21,
-18,24,
-15,18,
14,43,
17,-29,
-30,23,
-30,-4,
-31,50,
-10,-7,
32,-6,
38,-24,
-6,-9,
-2,-15,
-46,-34,
-25,-34,
20,18,
11,39,
-37,-40,
-17,-22,
20,21,
38,55,
47,34,
-21,32,
-83,17,
-6,46,
-17,76,
52,-8,
44,-5,
77,6,
30,5,
-3,33,
-26,13,
-32,-36,
-7,-66,
-39,29,
-50,83,
-54,74,
-92,22,
-2,-57,
34,-6,
-5,6,
16,33,
45,11,
55,-6,
-7,-9,
-40,-22,
-9,6,
-8,12,
-20,47,
-83,-19,
-35,49,
-25,49,
-55,29,
-42,-11,
-49,1,
-43,-26,
-12,-4,
-27,17,
-4,-33,
-9,3,
52,-7,
68,29,
16,51,
16,-5,
-7,-6,
8,7,
19,24,
16,35,
0,6,
12,1,
8,35,
-12,36,
8,-10,
9,-14,
38,67,
48,47,
12,25,
-65,34,
-42,-4,
51,29,
37,4,
-36,-6,
-30,-6,
-19,56,
9,55,
7,-7,
-50,-28,
-28,-36,
3,39,
-43,5,
-60,-4,
-9,-7,
-18,47,
25,-10,
-10,-18,
-24,-1,
17,-29,
55,-13,
49,-47,
42,24,
87,-2,
57,73,
65,62,
-39,20,
-31,20,
73,12,
30,-2,
29,-4,
31,-10,
46,-11,
26,8,
-30,-9,
-24,62,
-4,15,
30,-27,
19,-13,
35,0,
51,47,
34,93,
7,75,
-32,-4,
-12,-14,
32,30,
52,43,
24,23,
-18,40,
-21,79,
-30,75,
-6,18,
-7,-2,
-38,68,
-6,51,
19,27,
74,34,
23,-36,
1,-4,
7,-20,
-29,9,
-23,-5,
-56,16,
-27,53,
37,34,
22,64,
-2,10,
-31,0,
-29,2,
-25,48,
-22,36,
11,6,
-48,8,
-31,3,
-14,-1,
37,-43,
-4,-40,
-30,-75,
-28,0,
-7,32,
17,63,
44,67,
46,33,
23,-8,
5,-17,
38,6,
-18,20,
-38,6,
-37,-13,
-44,4,
-1,61,
-1,-15,
21,1,
-1,-12,
20,36,
65,-20,
42,-30,
0,2,
-12,-22,
2,4,
48,38,
-1,-14,
59,-16,
70,-30,
26,46,
-43,-3,
35,-20,
26,7,
59,53,
-19,13,
-2,-1,
-4,39,
-23,90,
-28,48,
-57,11,
39,50,
65,-26,
75,-14,
63,29,
55,-22,
18,-9,
-52,-59,
-35,-86,
-11,-73,
-42,-73,
6,58,
5,54,
20,25,
0,-6,
8,-37,
53,23,
7,-9,
36,-59,
76,-81,
49,-84,
44,-56,
34,47,
-2,15,
15,66,
-15,17,
-53,42,
15,20,
76,-14,
41,13,
-16,45,
-67,19,
25,79,
24,41,
68,80,
-10,2,
0,-16,
-51,39,
-13,50,
-30,87,
-21,-29,
-36,-17,
-21,-30,
19,43,
6,52,
-39,34,
-27,19,
-25,-16,
-32,-9,
-14,-21,
-41,10,
56,3,
32,30,
-9,63,
-25,8,
-14,51,
18,76,
-26,71,
0,-10,
-36,-19,
-21,15,
-23,19,
-6,69,
-37,32,
-15,-3,
-13,3,
-25,-6,
-36,13,
-32,-5,
-58,22,
-6,21,
-45,-31,
-42,10,
-13,20,
39,22,
49,83,
64,82,
24,29,
39,43,
-10,26,
-79,-55,
-326,-286,
-1801,-1667,
-5671,-5277,
-5566,-6915,
-3817,-7756,
231,-7524,
3541,-2698,
1949,480,
-321,-74,
-1218,-1864,
-672,-3019,
380,-1949,
897,-81,
1110,925,
1206,873,
1162,565,
671,212,
306,-76,
125,-116,
118,-22,
102,39,
130,132,
-394,-121,
-850,-246,
-759,127,
-683,567,
-98,891,
140,615,
-14,212,
-323,24,
-411,-134,
-270,-147,
-51,-44,
18,158,
-84,240,
-116,188,
-10,104,
219,230,
265,667,
188,551,
44,416,
76,449,
217,417,
276,104,
304,-129,
311,-156,
272,-6,
104,114,
2,43,
12,73,
116,146,
49,29,
185,29,
379,181,
258,395,
41,416,
-111,327,
-146,142,
-18,-71,
60,-137,
175,-100,
183,46,
99,174,
4,213,
-69,156,
-75,73,
11,46,
91,-48,
143,-65,
324,64,
314,201,
248,259,
120,134,
121,-85,
140,-57,
98,95,
-48,154,
-71,122,
8,15,
-22,-167,
-42,-231,
-83,-77,
-7,218,
-65,117,
11,47,
-20,-18,
-13,-20,
51,4,
81,54,
109,131,
124,133,
79,193,
25,173,
-32,194,
-77,142,
-100,129,
-26,124,
100,168,
55,81,
39,11,
28,36,
33,83,
1,212,
47,137,
69,108,
70,145,
74,146,
33,127,
53,82,
127,161,
172,186,
118,225,
53,198,
46,192,
-19,132,
-25,62,
47,76,
26,121,
16,213,
0,154,
39,62,
2,10,
-15,-28,
-35,-87,
9,11,
44,93,
31,135,
9,122,
29,96,
50,129,
-51,108,
-12,23,
22,28,
78,62,
51,137,
-59,106,
-54,119,
-74,160,
0,185,
11,144,
67,74,
36,17,
103,31,
99,129,
85,160,
55,163,
24,99,
28,36,
6,12,
31,72,
23,110,
-3,119,
40,96,
62,120,
7,120,
-41,131,
-47,77,
00>
_________________________________
00>
00>
Printing STS1 CIR
00>
00>
_________________________________
00>
-7,-11,
-24,8,
18,17,
38,1,
38,6,
18,-56,
9,-101,
22,-66,
57,2,
24,20,
72,34,
52,-12,
-3,28,
14,18,
36,18,
-1,5,
-1,-24,
61,16,
15,79,
9,94,
-6,36,
22,-20,
31,10,
27,68,
14,45,
34,-36,
22,-7,
0,-37,
10,0,
-1,58,
33,27,
-48,-31,
-72,-15,
-1,34,
17,22,
47,16,
32,22,
-16,30,
15,101,
21,37,
-65,13,
-10,7,
-3,26,
-14,26,
-31,52,
-31,51,
-41,57,
-69,-3,
-44,14,
-39,92,
-3,-19,
40,1,
55,11,
-4,16,
-15,35,
-25,76,
-14,93,
29,11,
11,-16,
-28,11,
-101,-35,
-34,9,
-15,65,
42,24,
58,23,
-20,35,
-8,35,
-5,59,
29,93,
53,99,
14,161,
-20,134,
-62,72,
-36,43,
4,-21,
47,-5,
85,27,
80,70,
48,4,
-17,11,
-21,16,
-4,20,
-36,37,
10,11,
59,-7,
22,70,
6,35,
-9,-28,
-41,-33,
25,-8,
3,21,
42,4,
-26,-5,
16,-31,
28,-28,
8,4,
-17,-30,
-23,-12,
13,5,
17,39,
32,-19,
0,-13,
-21,37,
9,20,
19,54,
38,51,
-8,44,
-25,26,
-19,78,
46,0,
33,-3,
46,-32,
28,-35,
27,5,
-16,-6,
5,45,
-40,38,
-61,-2,
-2,14,
-16,6,
26,-26,
33,18,
22,42,
16,66,
-23,41,
-3,15,
28,-64,
-4,-36,
17,36,
43,60,
56,28,
40,2,
86,5,
3,11,
-17,30,
-1,27,
10,51,
31,49,
8,-2,
-13,33,
34,-30,
22,50,
33,-5,
-29,-18,
-30,-1,
14,-28,
-15,8,
-23,17,
-3,38,
9,0,
-8,-25,
13,-16,
92,57,
17,-6,
-27,46,
28,16,
4,37,
-57,111,
-77,79,
-28,39,
-17,13,
-6,-4,
-11,-10,
-3,29,
-34,-2,
-51,4,
35,51,
33,34,
6,13,
17,-22,
-10,-18,
4,12,
24,-14,
4,-15,
23,-8,
-6,5,
41,45,
68,-16,
14,22,
-8,50,
-3,31,
19,-1,
-23,-15,
-5,26,
49,55,
56,29,
35,-3,
5,48,
18,33,
23,22,
40,-10,
10,2,
-8,14,
-54,91,
10,75,
51,14,
29,-51,
28,-107,
-23,-67,
-16,-2,
65,73,
54,33,
43,30,
93,11,
42,29,
-60,65,
13,26,
32,48,
13,26,
40,35,
-14,95,
-32,65,
-19,65,
28,7,
14,-47,
28,-37,
15,-40,
5,-11,
-40,23,
-12,-17,
9,-3,
37,-89,
44,-18,
75,-22,
74,-18,
9,4,
-38,32,
-46,26,
-64,-37,
-21,-63,
5,-82,
11,-34,
46,9,
31,1,
23,-3,
39,12,
-36,-21,
-21,-5,
43,27,
10,-1,
37,34,
31,26,
72,22,
49,9,
21,45,
43,-3,
29,7,
43,-2,
9,-7,
29,-11,
40,48,
17,71,
54,43,
9,-5,
30,-4,
-18,15,
54,-7,
70,-20,
26,5,
-17,44,
7,30,
-30,-8,
37,60,
31,67,
20,33,
46,7,
-14,19,
-13,-35,
7,22,
-9,12,
-60,49,
23,32,
21,9,
40,-73,
74,14,
31,15,
14,1,
7,74,
0,82,
-11,74,
-22,31,
13,34,
37,-7,
-17,22,
8,30,
15,-4,
64,-19,
8,8,
4,36,
4,36,
20,1,
-34,13,
-7,34,
52,60,
24,67,
30,38,
50,16,
-1,32,
-40,12,
-20,-15,
-24,-35,
29,15,
29,3,
13,11,
54,-3,
-33,37,
-2,20,
53,-17,
34,-33,
-77,-56,
-35,-22,
-14,3,
9,53,
5,47,
-73,14,
-63,8,
-45,70,
-62,69,
-68,14,
-47,-7,
-2,-2,
3,34,
-29,29,
-54,5,
-23,70,
23,60,
3,37,
54,3,
-23,10,
-14,63,
-6,51,
-8,6,
16,54,
30,62,
11,40,
14,-10,
11,0,
-11,40,
44,49,
-5,37,
7,-38,
33,-4,
42,1,
70,21,
28,23,
10,-39,
-16,-7,
11,46,
64,68,
50,0,
28,11,
46,-27,
24,-17,
-9,-9,
-61,11,
-471,272,
-2686,1211,
-7281,2005,
-7988,1018,
-7636,-407,
-4312,-1796,
991,-1638,
1240,-191,
-552,2161,
-2462,4439,
-3645,4180,
-3029,1695,
-977,-512,
-104,-897,
-546,-268,
-1153,123,
-769,113,
-98,-41,
133,26,
49,14,
32,-138,
9,-469,
349,-517,
749,-430,
927,-331,
799,-82,
158,57,
-185,1,
-92,-161,
30,-169,
190,-124,
442,-254,
609,-311,
585,-143,
162,84,
8,20,
34,-54,
327,20,
325,55,
306,127,
151,128,
106,-15,
173,-154,
270,-234,
208,-188,
160,-62,
194,32,
242,23,
275,50,
256,-42,
58,-85,
2,-109,
62,-55,
243,-124,
85,-87,
12,-92,
27,-173,
91,-215,
174,-255,
269,-300,
241,-78,
194,37,
155,91,
39,111,
-77,70,
-95,29,
60,26,
6,55,
24,-22,
177,-53,
232,-75,
382,-79,
391,-80,
437,-69,
457,28,
409,206,
250,258,
70,231,
146,90,
368,-113,
505,-218,
485,-218,
139,-28,
42,64,
40,118,
123,186,
117,29,
67,-40,
47,-75,
97,-109,
181,-129,
233,-13,
199,83,
84,62,
-13,36,
-1,4,
73,-73,
106,-53,
94,47,
47,78,
57,109,
155,57,
91,9,
120,17,
177,-43,
199,-22,
180,-3,
148,17,
87,98,
112,119,
127,76,
38,-4,
76,-88,
107,-83,
63,-90,
62,-106,
77,-121,
314,-26,
169,77,
98,47,
104,-87,
129,-123,
102,-15,
194,-61,
161,-66,
138,-34,
127,-42,
105,-40,
76,-26,
112,27,
99,2,
17,-29,
29,-84,
80,-152,
129,-67,
145,-26,
51,-34,
37,25,
109,61,
124,41,
78,-16,
105,-37,
68,-14,
40,-4,
15,13,
87,18,
57,-42,
41,4,
71,-18,
142,-77,
128,-53,
117,5,
120,63,
73,33,
106,-12,
68,-17,
27,-19,
00>
_________________________________
00>
RX Timestamp: 481614660002
00>
Clock Offset: -2279.949 Hz, 0.285 ppm
00>
RX Timestamp: 482685837598
00>
Clock Offset: -2737.427 Hz, 0.343 ppm
00>
_________________________________
Sequence Number: 246
00>
00>
Printing STS0 CIR
00>
00>
_________________________________
00>
43,-91,
14,-39,
-28,103,
-24,56,
29,-5,
23,26,
36,50,
41,4,
23,43,
37,-16,
49,-42,
61,-22,
83,-1,
84,4,
3,-11,
23,-67,
47,-42,
35,1,
42,62,
20,97,
63,-5,
-1,-1,
32,43,
34,-2,
-12,9,
-56,-2,
0,-16,
-13,16,
19,-7,
21,-22,
67,33,
72,-6,
-3,-47,
-13,-4,
34,11,
10,-11,
4,28,
48,37,
30,74,
82,6,
67,51,
67,36,
15,-16,
0,1,
-4,30,
-41,14,
13,-71,
54,-54,
22,9,
18,-37,
84,-31,
45,12,
21,-10,
15,-14,
43,-53,
-3,7,
-12,-1,
55,34,
39,-15,
-20,-27,
-20,-12,
-5,-35,
-93,49,
-16,22,
10,42,
-23,-18,
6,-77,
-19,-56,
-49,-38,
7,16,
36,6,
67,32,
72,28,
73,34,
45,24,
-9,51,
-22,56,
-63,23,
-17,-12,
-38,7,
-14,-3,
40,-74,
66,-16,
66,99,
41,125,
48,-4,
-63,-53,
-75,5,
-71,5,
-39,27,
62,-13,
-2,-20,
-16,-1,
10,-7,
23,36,
7,29,
-23,-7,
-36,3,
31,72,
14,5,
59,-55,
29,-54,
-40,-80,
-51,-22,
-28,-22,
-40,21,
-36,-23,
-4,-35,
25,6,
-8,35,
32,6,
75,-20,
79,-47,
-27,-41,
-3,-97,
-20,-45,
-40,20,
-8,47,
-5,53,
53,-22,
53,-36,
49,-16,
19,-43,
-20,-32,
-14,-55,
1,-42,
-87,22,
-45,-36,
-25,32,
50,48,
32,20,
-55,19,
-49,62,
27,-6,
-17,1,
-101,-6,
-55,-19,
16,-23,
56,54,
72,-14,
28,35,
54,-2,
38,2,
6,-5,
-8,-17,
-51,39,
-78,78,
18,38,
9,-1,
-1,-15,
65,-15,
86,18,
63,59,
-1,-37,
-13,10,
-10,26,
39,-22,
19,-23,
-14,39,
-39,-5,
-28,-1,
0,-53,
-5,-17,
2,8,
-14,-33,
-5,22,
-17,16,
-8,23,
-41,-26,
-5,-61,
-55,-38,
18,7,
-13,38,
-46,20,
35,-27,
45,-71,
-19,-27,
-23,56,
-29,-21,
-36,-29,
-21,-31,
35,41,
72,-61,
72,-40,
57,-21,
7,-31,
59,-99,
21,-3,
39,47,
43,65,
21,-5,
57,-21,
69,-56,
-19,-42,
4,21,
27,36,
76,53,
82,8,
-23,-14,
-37,29,
-84,-26,
-13,13,
7,-10,
36,-32,
48,-52,
-9,-126,
-2,-21,
21,69,
-3,80,
55,-16,
10,42,
-31,-20,
-49,30,
14,-40,
-7,-36,
35,-20,
6,-63,
-53,-76,
-31,-45,
-10,-69,
-6,-38,
42,0,
26,-4,
44,-50,
23,-52,
-33,-71,
2,-48,
42,4,
59,11,
-35,26,
0,4,
-62,-56,
-94,-96,
-29,-21,
67,17,
22,46,
17,28,
1,19,
-23,-70,
-64,-10,
-10,11,
-9,54,
-47,38,
39,-18,
12,-56,
13,-24,
46,11,
15,76,
16,26,
-28,4,
-47,-51,
24,-86,
39,-90,
-3,-16,
29,24,
8,45,
-2,-70,
2,-40,
-38,-45,
-28,-67,
1,-57,
42,-31,
14,-5,
10,-36,
-26,-44,
-23,-129,
-52,-43,
-30,60,
23,-9,
-10,5,
4,30,
-23,37,
44,26,
10,-7,
46,-53,
0,-40,
-7,39,
13,2,
58,23,
-10,5,
3,33,
3,-14,
27,51,
16,29,
19,-5,
-34,4,
17,-9,
11,-43,
-10,-28,
-19,-81,
21,-35,
35,-49,
75,-38,
15,36,
-26,46,
32,10,
23,5,
12,24,
-21,32,
-31,42,
40,-3,
34,0,
76,-33,
114,-6,
34,35,
-4,-9,
-7,-59,
-24,-22,
4,13,
19,5,
36,3,
64,13,
5,47,
6,-2,
1,-3,
30,-11,
3,-11,
69,-56,
-37,-41,
38,-10,
56,25,
7,78,
17,9,
18,4,
-1,-37,
-42,110,
-5,93,
7,-1,
13,-2,
10,-5,
38,37,
27,65,
6,22,
39,-15,
41,33,
35,7,
1,13,
-11,28,
51,15,
49,-14,
43,-15,
-12,4,
36,8,
60,41,
45,28,
-13,101,
-29,6,
-40,5,
-13,-23,
56,-13,
9,-20,
-15,-50,
11,10,
-2,4,
9,12,
-42,33,
46,-194,
387,-1525,
1739,-5080,
3474,-7438,
4310,-6952,
3680,-3739,
911,799,
-317,1587,
-673,553,
-1016,208,
-1716,576,
-1849,582,
-861,-27,
492,-414,
1645,-370,
1797,-101,
929,16,
108,-101,
-218,-86,
-64,59,
51,166,
-12,334,
219,405,
277,482,
-30,467,
-340,276,
-167,-26,
209,-213,
210,-64,
-20,240,
-207,430,
-200,365,
-51,256,
22,293,
66,353,
125,229,
110,159,
31,155,
-65,-26,
-42,-30,
-8,-2,
69,47,
60,3,
-7,-76,
53,-92,
175,-154,
220,-177,
212,-195,
101,-164,
-7,-51,
-145,102,
-157,56,
-194,-59,
-61,-35,
18,2,
-35,59,
-95,108,
-112,154,
-142,151,
-76,147,
41,-12,
95,-98,
85,-190,
61,-167,
4,-143,
84,-4,
68,131,
-31,71,
-72,71,
-2,90,
74,70,
52,67,
27,90,
-69,132,
-106,241,
-161,161,
-110,115,
-65,-17,
-101,-57,
-103,72,
-73,204,
-88,294,
-101,254,
24,94,
3,127,
-33,226,
-67,186,
-45,81,
-51,13,
45,27,
10,22,
-31,105,
-80,87,
-40,112,
-67,183,
-118,192,
-60,197,
-103,157,
-107,81,
-29,56,
-53,31,
-35,71,
16,87,
0,93,
-61,21,
-76,142,
-68,160,
-23,102,
-39,134,
-67,217,
-52,169,
-18,49,
10,16,
-43,68,
-4,161,
58,102,
-13,4,
-52,-78,
-51,-41,
-42,89,
-40,154,
-128,148,
-42,34,
-62,9,
-54,9,
27,28,
24,1,
-55,-18,
4,40,
8,92,
-65,75,
-39,6,
-104,-2,
-103,86,
16,141,
76,139,
37,88,
-4,34,
36,28,
-78,61,
-89,20,
-20,70,
16,8,
3,17,
29,33,
-2,52,
-94,13,
-14,22,
-10,18,
-52,38,
-15,31,
-17,56,
-63,112,
-27,111,
-44,-18,
62,5,
00>
_________________________________
00>
00>
Printing STS1 CIR
00>
00>
_________________________________
00>
-8,-64,
18,-41,
40,-38,
36,0,
3,10,
11,35,
120,5,
123,-65,
55,-48,
28,-12,
-45,-10,
-38,14,
9,47,
-14,38,
35,30,
-43,29,
-77,-30,
-29,-1,
-23,-43,
42,-4,
14,-56,
-14,29,
-7,32,
-32,62,
9,19,
-5,32,
-32,-46,
-4,-31,
42,21,
-1,26,
7,34,
32,-7,
-32,52,
13,37,
13,88,
62,68,
75,-2,
56,17,
53,45,
-13,62,
-37,29,
-33,12,
14,-19,
50,13,
-62,9,
-75,32,
-9,37,
71,32,
66,-14,
26,2,
-32,31,
11,79,
-1,51,
-11,68,
-17,53,
-4,-20,
0,-23,
42,46,
27,49,
16,19,
-14,63,
-54,2,
-43,-21,
5,-3,
45,-11,
33,-35,
-16,-25,
-28,23,
0,39,
-3,-25,
71,-3,
40,23,
8,68,
-4,84,
8,17,
4,2,
-22,42,
34,40,
53,33,
63,45,
-42,45,
-73,41,
-49,36,
-20,33,
-27,14,
27,-5,
57,-24,
-13,56,
-47,36,
-76,5,
-5,56,
37,49,
86,41,
30,-34,
5,-29,
21,61,
56,25,
0,29,
13,13,
87,-5,
63,17,
28,6,
13,14,
-6,-10,
32,-19,
86,13,
-43,-8,
-47,37,
20,-20,
50,33,
19,-3,
-33,-32,
34,-12,
30,-20,
60,15,
21,29,
-20,69,
28,26,
50,65,
-7,87,
-1,90,
4,65,
17,16,
-28,11,
-59,18,
16,-43,
61,-57,
53,-58,
13,53,
1,51,
25,18,
27,10,
20,-10,
-69,10,
-153,-2,
-123,84,
-65,45,
-20,31,
31,-15,
57,6,
-25,48,
-36,23,
46,-16,
13,-73,
45,13,
32,89,
45,31,
8,-4,
8,2,
-14,-1,
-36,-9,
-12,-37,
40,-15,
56,1,
48,2,
37,24,
64,24,
82,31,
70,0,
11,32,
-19,-2,
-38,15,
20,38,
62,-14,
76,26,
30,-8,
-132,61,
-111,109,
-150,103,
-102,45,
-38,-28,
4,-51,
51,-15,
114,-7,
33,8,
80,12,
44,-27,
19,89,
2,58,
-61,91,
-34,67,
-20,15,
13,74,
-15,43,
-55,81,
-14,135,
14,83,
24,58,
39,42,
8,55,
-45,73,
-8,70,
19,7,
34,-32,
-7,10,
-14,-34,
-18,3,
38,72,
39,138,
-10,68,
-57,34,
-108,52,
-29,82,
12,17,
33,-55,
48,-42,
69,4,
20,78,
4,18,
19,28,
-12,56,
33,21,
93,16,
66,28,
34,51,
-4,17,
-14,19,
16,52,
27,50,
-41,20,
-53,-21,
-33,13,
4,53,
-14,56,
-16,31,
14,5,
34,34,
-4,41,
-23,64,
-16,12,
22,-35,
-40,22,
-75,70,
-23,116,
-41,48,
26,20,
65,19,
51,30,
65,-28,
29,39,
18,18,
42,27,
9,40,
-7,5,
1,50,
-46,62,
-7,55,
-24,-4,
-40,-18,
48,-1,
57,-21,
39,-32,
6,-5,
-4,34,
-36,78,
-18,83,
3,61,
57,13,
18,-12,
-81,20,
-85,15,
-28,2,
19,-2,
23,14,
51,-24,
-7,6,
-11,31,
7,26,
38,21,
10,-31,
53,-30,
38,12,
-29,14,
-58,14,
-49,18,
-60,21,
-12,-7,
0,2,
-3,-18,
-36,-4,
0,35,
2,29,
1,27,
5,58,
4,52,
44,52,
-4,54,
11,17,
-45,7,
-8,6,
13,27,
20,36,
65,7,
53,27,
1,68,
-28,80,
-47,78,
31,24,
63,54,
1,55,
-18,60,
-6,19,
4,82,
-16,117,
-87,88,
-1,22,
59,40,
31,67,
14,61,
32,19,
29,14,
43,6,
4,29,
-27,12,
-111,-1,
-31,20,
29,53,
3,36,
-81,40,
3,17,
45,39,
88,41,
62,34,
-52,53,
-4,-14,
41,-27,
24,65,
-64,87,
-51,4,
-86,-11,
-61,45,
-1,6,
12,12,
-9,36,
26,17,
29,35,
-11,54,
-21,19,
-9,2,
-34,86,
-17,62,
27,46,
15,49,
10,-22,
-5,-7,
21,72,
74,19,
-18,46,
-49,14,
-59,43,
-42,13,
51,-2,
105,-33,
32,22,
-34,68,
-51,96,
-233,-129,
-1190,-1163,
-3158,-4191,
-4117,-6794,
-3450,-6464,
-1137,-2853,
976,579,
1211,1153,
578,545,
686,768,
1180,1958,
741,2487,
-323,1473,
-1018,328,
-1314,-113,
-1392,86,
-1141,289,
-523,338,
46,245,
154,88,
193,102,
485,273,
824,265,
953,376,
583,95,
299,-164,
282,-413,
510,-279,
631,127,
609,324,
474,330,
211,151,
50,35,
15,114,
-20,276,
-116,370,
-131,373,
-111,168,
-116,-152,
-99,-198,
-33,-32,
-54,102,
-142,215,
-207,272,
-89,213,
85,83,
150,-8,
79,-65,
62,47,
20,130,
42,130,
-63,95,
-72,40,
-91,-60,
16,-41,
77,-101,
130,-77,
108,20,
127,94,
212,35,
266,-66,
175,-106,
6,-53,
-97,10,
-186,30,
-69,-9,
21,68,
10,68,
82,74,
96,57,
-4,17,
-117,62,
-126,66,
-43,49,
-65,32,
-92,-84,
5,-127,
24,-119,
-33,-77,
-194,9,
-182,82,
-63,147,
-26,168,
-14,42,
51,-64,
42,-70,
94,2,
127,39,
124,69,
98,73,
0,127,
-35,78,
26,38,
-1,64,
28,64,
102,47,
110,32,
82,34,
58,50,
17,94,
41,61,
105,81,
98,1,
93,17,
58,63,
38,75,
102,47,
76,5,
26,83,
-41,71,
-67,105,
18,47,
65,-13,
98,27,
78,24,
14,-44,
12,-47,
54,24,
127,35,
123,38,
48,39,
65,61,
62,94,
45,73,
66,47,
99,40,
56,40,
27,15,
3,12,
19,28,
25,21,
45,24,
64,11,
79,35,
43,103,
-10,72,
14,79,
29,59,
71,41,
53,-1,
105,96,
72,23,
6,29,
-48,48,
52,76,
116,49,
85,78,
-5,37,
26,50,
64,67,
75,43,
32,76,
16,81,
41,47,
33,-32,
96,17,
00>
_________________________________
00>
_________________________________
Sequence Number: 249
00>
00>
Printing STS0 CIR
00>
00>
_________________________________
00>
-12,2,
28,38,
-9,-3,
-28,16,
-41,-48,
4,31,
45,9,
-4,-27,
-26,-37,
23,-5,
24,-13,
16,-17,
-45,-47,
-12,-41,
-21,-15,
20,38,
63,39,
45,55,
30,10,
-11,14,
-67,0,
-77,35,
-124,-9,
-88,2,
-40,15,
9,-30,
-21,33,
-75,-41,
-44,-33,
3,-46,
44,-13,
0,5,
-32,-27,
6,-39,
1,-8,
-1,38,
-39,-8,
-10,-1,
3,7,
17,43,
16,19,
35,19,
17,-30,
62,-5,
37,22,
-7,19,
27,35,
12,0,
20,40,
39,53,
41,-20,
-3,-54,
16,8,
20,-33,
29,5,
34,-6,
55,80,
42,44,
27,3,
52,-17,
-11,-25,
14,42,
21,0,
-13,7,
11,-26,
-9,-43,
3,18,
-46,-19,
14,-7,
-21,21,
-7,-15,
19,7,
-3,-2,
-33,2,
-35,43,
19,9,
23,-2,
-2,-23,
-28,-52,
-21,-47,
-3,11,
25,-41,
48,-10,
-26,25,
-45,1,
-3,-71,
23,-103,
-9,-60,
-15,-58,
47,-13,
-11,7,
-39,35,
7,15,
-22,36,
29,29,
45,-22,
1,-17,
57,-5,
28,46,
20,26,
-21,52,
-19,37,
-35,22,
-18,8,
-7,-17,
0,-49,
-24,-10,
-12,-10,
-13,21,
21,-16,
18,40,
49,-17,
20,11,
12,-15,
19,-16,
7,-35,
-44,-51,
-1,-8,
-24,1,
-21,-55,
-61,-46,
-30,1,
37,58,
23,49,
39,-10,
44,19,
11,52,
25,28,
64,3,
-18,13,
-20,-9,
12,8,
56,28,
41,21,
3,-5,
27,-35,
-38,-19,
29,-20,
19,0,
8,20,
16,32,
26,-30,
0,-2,
5,19,
2,-20,
-6,-5,
-5,39,
-40,18,
-78,-20,
-50,14,
-18,-5,
-49,19,
4,-25,
21,11,
10,-9,
-8,-67,
-5,-26,
15,-16,
-5,26,
35,33,
21,29,
-7,25,
-69,3,
-43,-24,
-21,12,
-17,49,
-25,36,
15,11,
13,-64,
40,-13,
-6,-8,
3,26,
-29,-20,
48,-34,
37,4,
47,40,
5,60,
-57,-44,
-45,-33,
27,-83,
38,-10,
-24,-20,
-47,46,
18,14,
49,-26,
-41,-33,
-9,28,
10,-9,
101,-31,
57,-59,
4,-2,
5,41,
15,-21,
43,2,
-12,32,
-48,-7,
51,-4,
-12,44,
76,-4,
33,36,
16,46,
-45,-15,
30,30,
58,25,
58,-7,
68,-46,
3,39,
-31,5,
-58,-23,
34,-36,
35,-12,
57,-9,
51,-22,
32,-1,
60,-45,
44,4,
-15,-18,
6,13,
-14,-8,
26,-19,
35,32,
25,43,
28,51,
-5,28,
-9,-33,
-27,-2,
-18,50,
54,48,
16,12,
44,28,
11,39,
29,56,
64,-55,
28,-41,
-5,7,
-44,-36,
-5,-59,
53,-35,
30,-9,
3,-4,
-9,9,
13,-17,
20,-81,
47,-5,
2,-62,
10,15,
15,13,
5,-4,
-31,-9,
18,45,
35,18,
104,-27,
26,-47,
16,-16,
-1,19,
21,-22,
0,21,
7,19,
2,-25,
23,-41,
87,-54,
98,-48,
99,-33,
154,42,
78,71,
14,34,
38,-27,
25,-62,
19,13,
21,-2,
-38,40,
-10,13,
-35,43,
33,36,
4,-7,
18,-44,
28,1,
59,-3,
43,-3,
30,1,
69,-64,
-17,-26,
17,31,
46,84,
28,18,
8,31,
-10,-24,
-22,-21,
63,35,
26,-31,
53,-11,
10,53,
8,20,
4,17,
-18,-12,
18,-26,
-9,-35,
66,24,
-37,60,
-36,-21,
29,-26,
18,-19,
1,76,
-11,-1,
-6,-63,
15,-55,
8,-73,
52,-26,
10,9,
-58,81,
-27,60,
-60,31,
-58,-41,
-31,5,
17,1,
-16,16,
-8,58,
12,10,
-16,-36,
-23,-58,
3,-41,
69,10,
11,13,
0,33,
-43,12,
-47,30,
-25,19,
-10,-6,
-44,-12,
-10,-6,
7,26,
24,19,
7,6,
3,-64,
32,-7,
-2,12,
44,0,
-37,-38,
-9,4,
32,5,
-36,32,
16,33,
32,0,
17,28,
-38,41,
-26,-7,
-8,-43,
22,-25,
6,-52,
29,-59,
28,-27,
28,-17,
-36,9,
-9,15,
279,239,
1550,1450,
5156,5351,
5262,7266,
3617,7854,
-323,7571,
-3440,2619,
-1919,-666,
146,-47,
1156,1749,
638,2865,
-299,1780,
-813,15,
-1047,-927,
-1152,-991,
-1135,-644,
-681,-326,
-328,-31,
-128,154,
-74,18,
-119,11,
-103,-145,
375,115,
783,336,
721,15,
746,-342,
232,-825,
-46,-617,
72,-222,
313,27,
400,210,
267,205,
61,94,
49,-131,
114,-247,
84,-125,
-4,-60,
-225,-138,
-218,-581,
-161,-471,
0,-398,
-22,-346,
-142,-329,
-207,-87,
-259,70,
-346,91,
-296,-11,
-130,-69,
-9,-49,
32,-104,
-89,-145,
39,-79,
-97,-7,
-259,-183,
-137,-365,
-26,-317,
101,-216,
129,-85,
27,44,
-67,100,
-150,75,
-149,-47,
-138,-144,
-47,-127,
60,-54,
72,-5,
-66,-29,
-110,21,
-172,12,
-262,-90,
-270,-231,
-262,-242,
-104,-100,
-122,72,
-155,131,
-75,-25,
58,-98,
87,-113,
52,-7,
92,157,
111,217,
111,92,
117,-208,
140,-123,
100,-26,
40,60,
-57,24,
-73,-90,
-31,-113,
-89,-87,
-62,-161,
-35,-214,
-45,-177,
-45,-242,
18,-183,
59,-112,
70,-150,
28,-171,
25,-178,
39,-43,
43,-7,
1,-21,
-30,-120,
-73,-174,
-92,-120,
-62,-74,
38,-127,
38,-130,
20,-40,
-132,-38,
-234,-184,
-122,-228,
-11,-134,
22,-114,
30,-165,
24,-39,
18,-12,
2,-51,
-23,-148,
-55,-117,
-14,-105,
13,-48,
-29,39,
19,50,
-55,-17,
-80,-19,
-58,-118,
-11,-117,
-22,-123,
-65,-135,
-49,-64,
-59,36,
-33,34,
16,-28,
-11,-122,
44,-99,
55,-116,
77,-106,
34,-18,
-5,-100,
20,-49,
14,-77,
-43,-71,
-84,-117,
-88,-102,
-64,-151,
24,-59,
10,-21,
41,-38,
37,-42,
13,-61,
-100,-61,
-13,-91,
25,-128,
-4,-120,
49,-97,
44,-53,
21,-49,
00>
_________________________________
00>
00>
Printing STS1 CIR
00>
00>
_________________________________
00>
1,42,
26,98,
0,69,
-5,11,
-38,-49,
13,-28,
-1,-42,
-25,23,
-29,49,
11,47,
-3,31,
-11,-8,
-48,1,
-14,-12,
70,6,
91,-20,
50,16,
22,-3,
16,-12,
42,5,
36,63,
-19,67,
-25,72,
-30,35,
36,-9,
71,-9,
23,-41,
-73,-42,
-78,1,
22,-19,
19,17,
6,68,
-11,53,
-32,56,
9,36,
-6,55,
13,72,
34,58,
-4,25,
-11,84,
-26,10,
7,-15,
-30,64,
42,42,
14,-1,
43,-5,
-23,13,
-18,40,
-6,71,
20,15,
17,53,
-20,-15,
18,14,
29,22,
30,44,
-19,18,
11,-4,
14,-32,
75,-34,
55,-30,
59,20,
39,21,
52,53,
62,17,
60,10,
-3,18,
-13,34,
-17,16,
-18,-2,
9,-76,
4,-103,
-20,-8,
14,29,
-21,70,
-7,68,
-8,69,
4,-10,
1,-24,
42,-38,
27,-21,
31,34,
13,55,
23,-1,
48,18,
55,-28,
-33,-46,
16,-23,
84,-8,
22,22,
23,-6,
4,45,
30,38,
-60,24,
-55,-12,
-24,-44,
-19,-8,
10,-18,
23,-3,
44,-14,
28,-42,
11,4,
-24,-33,
14,-39,
-11,-15,
3,35,
12,17,
-11,-59,
-58,-16,
-45,1,
-44,-30,
-5,2,
33,-32,
19,-3,
-16,11,
-40,-17,
-47,-38,
-6,68,
-4,46,
31,90,
13,75,
0,3,
67,-40,
9,49,
4,69,
26,72,
59,64,
27,1,
-13,20,
-1,-20,
0,-18,
1,-15,
1,-16,
25,-59,
35,-5,
9,-20,
-2,7,
8,2,
62,9,
12,-1,
32,-1,
40,-19,
26,0,
11,-15,
-15,38,
-19,-13,
-39,37,
28,49,
28,-53,
-25,-62,
17,-32,
27,16,
-21,33,
-34,37,
-52,-11,
27,-10,
35,21,
53,-21,
-36,-29,
40,-21,
33,13,
3,-33,
3,-26,
-4,-9,
46,-21,
64,-35,
-1,-83,
15,-45,
64,-11,
14,50,
-32,17,
-14,42,
-33,11,
33,-23,
76,-54,
49,-19,
11,7,
-14,-28,
-14,-12,
-43,49,
-42,44,
5,55,
13,12,
-7,59,
21,101,
8,58,
-5,-7,
14,-14,
16,-15,
28,45,
10,61,
63,2,
-3,-30,
46,20,
15,68,
13,42,
35,18,
8,-113,
15,-75,
30,-73,
30,-70,
23,-24,
9,42,
-35,89,
-5,27,
-54,-34,
25,-57,
10,-43,
9,1,
-3,-10,
-8,1,
-32,44,
2,41,
-15,-14,
13,-14,
23,-16,
-36,10,
-11,45,
16,41,
11,39,
-26,8,
18,-13,
18,-58,
-35,-2,
-15,17,
5,23,
30,12,
24,18,
30,-14,
24,-4,
-17,-19,
-6,4,
-44,53,
-6,69,
61,22,
32,-26,
27,-21,
24,16,
20,62,
-1,44,
-20,3,
-19,14,
-27,62,
-1,76,
20,20,
3,29,
23,52,
64,6,
76,-67,
39,-32,
66,40,
86,29,
72,2,
93,41,
56,7,
-31,20,
-7,33,
-11,42,
80,11,
36,-36,
19,-39,
-26,-36,
-5,-3,
22,-64,
101,-105,
28,4,
-25,27,
-20,17,
-20,2,
18,14,
78,19,
59,-24,
4,14,
29,-12,
62,-7,
36,3,
-13,46,
12,-54,
20,-94,
40,-41,
-17,59,
40,24,
24,-39,
-24,1,
-21,35,
43,26,
-3,14,
-17,3,
-11,9,
16,35,
45,31,
27,32,
-31,-17,
-6,-44,
-32,-60,
-12,-12,
-2,36,
3,44,
1,15,
-29,16,
-4,42,
-43,19,
-15,-25,
14,-52,
-1,-28,
-49,-31,
-43,20,
5,53,
-9,66,
-26,69,
-10,8,
-13,5,
-14,27,
45,48,
-49,24,
-35,-5,
-4,50,
3,-14,
-14,31,
-37,32,
-39,13,
20,-6,
29,33,
2,4,
-65,49,
-59,2,
5,-42,
2,-55,
36,-39,
30,17,
-8,20,
42,-1,
34,47,
16,38,
-18,76,
-22,37,
5,11,
52,-31,
47,2,
54,29,
27,-17,
50,33,
-2,60,
4,47,
-3,36,
-14,54,
-14,0,
-32,-21,
-7,5,
-15,-6,
-45,-4,
-27,68,
-16,57,
0,43,
62,-45,
373,-240,
2305,-1125,
6927,-2114,
7920,-1013,
7657,360,
4824,1793,
-568,1580,
-1138,287,
272,-1832,
2206,-4145,
3443,-4124,
2785,-1791,
933,444,
123,896,
462,346,
1014,-85,
759,-63,
207,-13,
-194,1,
-54,-19,
-15,87,
-53,350,
-256,475,
-647,436,
-808,307,
-790,149,
-217,55,
59,158,
41,174,
-36,233,
-72,158,
-281,196,
-451,209,
-524,84,
-243,-91,
-29,39,
-51,92,
-296,-28,
-281,-95,
-310,-35,
-163,-2,
-159,48,
-146,147,
-224,281,
-155,286,
-121,155,
-127,17,
-205,-15,
-199,20,
-163,7,
-90,40,
-12,30,
-39,90,
-183,112,
-36,124,
-14,117,
-6,189,
-84,180,
-161,304,
-286,374,
-191,186,
-204,26,
-100,-122,
13,-96,
94,-46,
50,-11,
-1,-89,
-21,-97,
4,8,
-83,119,
-206,75,
-321,46,
-326,-6,
-455,4,
-455,-118,
-367,-210,
-165,-258,
-116,-132,
-82,24,
-245,207,
-382,308,
-369,263,
-56,51,
39,22,
21,-71,
-87,-48,
-87,-33,
-20,-36,
25,25,
26,120,
-54,114,
-157,122,
-130,3,
-112,-54,
-54,-11,
2,26,
-102,93,
-109,115,
-79,36,
-47,27,
-36,-20,
-83,1,
-50,73,
-89,54,
-105,135,
-190,151,
-116,-25,
-80,-20,
-74,-14,
-83,2,
-97,-14,
-46,-5,
-17,45,
-45,30,
-54,-28,
-23,-34,
-20,32,
-155,-14,
-118,-2,
-138,15,
-113,94,
-70,151,
-130,72,
-153,72,
-143,108,
-104,52,
-56,28,
-58,-11,
-87,44,
-139,29,
-42,9,
34,45,
25,82,
-106,140,
-68,100,
-100,86,
-63,32,
-33,-48,
-71,-35,
-124,-2,
-102,12,
-92,33,
5,30,
-38,46,
-39,29,
-45,-27,
-84,-54,
-57,-45,
-28,25,
-53,51,
-63,19,
-59,-28,
-80,2,
-77,-2,
-53,-21,
-6,-25,
-67,59,
-83,74,
00>
_________________________________
00>
RX Timestamp: 621621958899
00>
Clock Offset: -1554.680 Hz, 0.195 ppm
00>
RX Timestamp: 622693469793
00>
Clock Offset: -2573.776 Hz, 0.322 ppm
00>
_________________________________
Sequence Number: 126
00>
00>
Printing STS0 CIR
00>
00>
_________________________________
00>
19,-16,
42,-47,
-22,-12,
14,-27,
5,-66,
35,7,
22,-23,
-3,49,
-18,22,
4,-15,
8,22,
-27,2,
-53,14,
-8,61,
91,18,
71,61,
24,-56,
-46,-30,
-24,-41,
39,-37,
24,-41,
-69,22,
5,14,
33,-51,
65,-58,
57,16,
29,37,
31,60,
34,22,
48,-7,
26,-1,
-12,45,
-40,-19,
-20,-61,
25,-44,
59,-43,
-68,44,
-61,-77,
-26,-34,
16,132,
-27,52,
16,21,
11,11,
20,39,
9,34,
29,78,
41,78,
55,14,
97,-14,
-2,-51,
-119,20,
-112,64,
-71,16,
-52,89,
34,83,
32,-5,
105,-10,
83,10,
91,-21,
47,21,
34,28,
19,46,
-9,27,
30,4,
27,51,
34,24,
-32,-6,
31,-17,
-42,39,
-21,-50,
-44,2,
37,7,
32,38,
31,40,
37,38,
49,15,
2,-49,
41,11,
9,58,
-33,34,
2,52,
5,19,
13,34,
47,-20,
19,14,
21,-21,
28,2,
-1,34,
83,-34,
58,-52,
14,-25,
-31,68,
-14,105,
-15,25,
-18,36,
5,114,
-75,90,
-33,-37,
-10,-1,
-14,33,
-52,62,
-57,9,
8,7,
24,6,
66,10,
61,-2,
51,14,
7,-4,
35,-27,
41,93,
0,77,
-30,-16,
41,8,
-41,21,
-39,23,
-17,2,
-68,18,
-58,28,
-96,44,
19,-25,
50,-147,
38,-45,
-27,105,
-7,113,
21,82,
6,58,
-31,-2,
56,-50,
63,-3,
2,-3,
-15,-16,
47,-12,
29,-57,
4,-16,
9,-43,
-29,54,
15,33,
56,-6,
90,-10,
-61,26,
-70,83,
-49,104,
-110,92,
-46,27,
-33,5,
58,-9,
58,-6,
-20,27,
-90,-1,
-14,36,
-63,108,
-61,5,
13,2,
143,-10,
110,27,
-19,4,
-99,11,
-11,1,
40,68,
34,44,
19,-27,
-9,-31,
77,48,
30,104,
85,40,
39,32,
71,69,
-18,65,
-8,-42,
13,-13,
-24,-104,
38,-91,
7,18,
15,78,
34,26,
105,11,
74,85,
46,-5,
111,16,
87,57,
22,56,
-8,-20,
5,-46,
4,-12,
67,-22,
-14,84,
33,48,
-2,26,
-19,-6,
-28,-33,
-48,-38,
36,-22,
33,-12,
-4,24,
-108,41,
-67,39,
-19,77,
-17,-12,
-46,-2,
-36,11,
36,-2,
-1,4,
-18,33,
63,22,
107,-69,
36,-21,
-25,29,
10,12,
48,45,
7,29,
9,-5,
43,-4,
-17,-14,
21,24,
24,21,
-22,119,
4,92,
-41,14,
-87,-16,
-104,27,
-125,83,
-92,75,
-72,62,
11,-47,
64,-63,
-27,29,
-12,47,
-46,49,
-52,38,
41,-10,
36,5,
37,59,
50,48,
-35,43,
-32,54,
-29,39,
-3,-8,
-2,-50,
-57,25,
-16,30,
-29,-31,
33,-40,
11,-25,
-60,22,
-50,15,
-57,13,
-68,84,
-38,50,
12,-39,
-22,3,
-91,33,
-123,59,
-102,74,
-61,55,
51,10,
19,-27,
37,67,
-54,74,
-116,43,
-74,5,
-31,-39,
28,-12,
8,-16,
-53,1,
79,7,
118,-26,
57,80,
13,113,
-21,12,
25,-20,
23,6,
58,69,
-51,78,
34,-40,
15,-72,
58,21,
78,109,
108,119,
-8,107,
32,-39,
79,-31,
-18,22,
-85,26,
-51,-48,
58,-98,
39,-40,
66,20,
10,39,
-49,18,
-64,-6,
-78,-12,
-23,-44,
0,-18,
-42,-20,
-45,50,
69,-20,
51,-40,
-3,1,
-34,85,
42,64,
53,-24,
23,10,
30,69,
50,78,
-24,74,
43,10,
80,-31,
39,-9,
34,-50,
23,-45,
-21,10,
-31,1,
-21,2,
-71,-27,
49,-14,
57,-4,
101,23,
25,63,
-34,4,
2,-26,
-37,-32,
-73,7,
55,-2,
76,-4,
7,25,
65,-37,
22,51,
-89,80,
-26,47,
16,-57,
1,53,
6,39,
16,27,
-30,-1,
-30,-21,
-13,-20,
14,59,
-17,110,
-3,15,
1,-29,
-4,-35,
26,24,
13,55,
14,82,
2,27,
-13,-61,
-79,-98,
-1,-59,
50,-62,
25,-1,
38,15,
-35,63,
-59,4,
-44,26,
-671,740,
-2648,2464,
-4917,3827,
-5415,3252,
-3311,1129,
-296,-729,
753,-773,
669,-137,
830,129,
1366,134,
1422,246,
583,305,
-516,149,
-1200,-247,
-1174,-411,
-632,-233,
-56,108,
124,199,
142,-54,
137,-175,
112,-200,
-82,-211,
-88,-291,
105,-245,
241,-16,
98,106,
-138,60,
-149,-48,
50,-134,
204,-43,
239,-67,
173,-146,
235,-253,
181,-228,
103,-165,
47,-72,
27,-60,
38,43,
90,-31,
-29,17,
-66,28,
-35,24,
-20,21,
-98,75,
-168,152,
-174,136,
-177,79,
-123,101,
-44,53,
47,-13,
91,14,
148,19,
158,-1,
101,3,
36,-27,
118,-22,
105,-52,
130,-78,
125,-54,
17,32,
-40,6,
-33,16,
-8,62,
-11,36,
-17,91,
-4,22,
59,23,
46,-51,
-56,-16,
-66,-27,
43,-37,
102,-100,
130,-100,
172,-33,
157,-18,
103,-3,
69,125,
37,174,
71,-20,
142,-101,
133,-104,
128,-93,
93,-25,
114,-37,
55,-45,
118,16,
74,24,
33,46,
-34,40,
13,-31,
109,-19,
65,9,
54,-24,
86,-71,
76,-20,
48,-16,
68,-73,
52,-101,
26,1,
-17,14,
52,37,
43,32,
36,12,
-10,-49,
-34,-92,
33,-44,
116,-28,
90,-32,
9,-4,
35,-36,
91,-82,
74,-9,
32,59,
50,60,
-18,17,
-33,36,
23,58,
26,88,
43,44,
49,-68,
73,-17,
62,28,
36,58,
-10,1,
54,26,
82,-11,
-50,76,
-45,39,
-2,-9,
30,-1,
-50,57,
-9,71,
41,36,
67,-24,
12,-32,
40,-30,
40,14,
23,7,
-36,95,
63,72,
68,44,
25,13,
-20,11,
2,18,
89,-25,
14,-5,
-29,-55,
-63,-35,
13,68,
-19,90,
8,71,
41,59,
102,-57,
97,5,
43,-1,
-20,42,
-62,38,
-3,-37,
00>
_________________________________
00>
00>
Printing STS1 CIR
00>
00>
_________________________________
00>
47,-18,
62,42,
41,107,
-24,-14,
-46,-39,
-53,26,
-75,54,
-24,32,
-42,35,
11,51,
35,-7,
39,34,
-31,13,
-55,-20,
-51,-12,
-10,3,
47,54,
15,43,
-5,56,
-12,64,
-72,3,
-3,-22,
30,-8,
-14,34,
-23,20,
1,3,
21,53,
26,56,
-30,12,
-11,-8,
0,-8,
67,-27,
68,-3,
39,-15,
35,-10,
-8,77,
-18,62,
-2,13,
29,-25,
33,-19,
-8,39,
-41,50,
-38,-7,
-36,4,
33,60,
84,73,
15,31,
37,-21,
63,-62,
25,38,
42,109,
23,39,
-15,5,
-72,6,
-81,3,
-63,-9,
-47,-18,
32,-15,
64,62,
40,79,
16,45,
53,79,
4,36,
3,32,
49,21,
30,41,
-2,35,
48,-29,
20,-21,
95,58,
177,113,
80,84,
75,14,
37,10,
46,11,
82,13,
46,-28,
22,-60,
15,9,
-17,74,
-7,104,
38,56,
38,-7,
45,-23,
-12,38,
-119,11,
-67,-36,
-69,-31,
-28,-72,
-2,-80,
87,-21,
47,27,
9,4,
25,27,
-2,57,
6,55,
8,34,
3,-9,
47,-29,
-28,78,
-60,107,
-47,63,
-6,29,
20,-55,
69,4,
80,-3,
76,-15,
9,-13,
3,21,
61,77,
92,21,
66,-40,
68,-35,
41,-25,
-9,-24,
49,27,
72,-23,
65,-80,
38,-48,
6,52,
66,29,
7,-39,
-23,-65,
-36,-35,
13,28,
1,69,
-36,61,
-10,26,
-24,76,
-52,14,
-43,-49,
29,-50,
-13,-41,
-1,-17,
28,30,
14,61,
17,34,
-33,-50,
-49,19,
-4,56,
49,56,
43,-28,
4,-58,
-23,-33,
26,17,
60,55,
129,25,
107,105,
81,33,
37,9,
-43,-13,
-17,-87,
4,-3,
63,31,
87,66,
12,46,
-32,26,
-40,-43,
-7,-29,
22,-22,
69,9,
16,-59,
33,25,
28,18,
109,-44,
53,36,
13,54,
6,29,
2,55,
37,69,
25,24,
7,-54,
-8,-7,
-33,-21,
-46,-10,
14,1,
32,-19,
4,77,
-40,105,
-28,44,
-7,22,
9,-33,
36,-64,
48,-20,
90,-32,
56,-65,
2,-100,
-4,-56,
23,63,
16,59,
19,64,
32,-7,
1,24,
29,31,
-5,18,
59,20,
53,16,
-17,-6,
-46,-37,
22,-53,
71,4,
12,58,
37,24,
17,15,
-56,56,
-57,69,
73,30,
42,14,
-6,28,
-1,3,
14,18,
27,38,
16,5,
-8,-13,
-21,25,
-40,-20,
-30,16,
-34,60,
28,49,
26,86,
-7,-57,
12,-22,
30,-34,
81,92,
28,50,
-47,-6,
-27,53,
56,168,
107,114,
56,50,
36,28,
43,22,
-12,-11,
-27,35,
-77,79,
62,35,
67,-35,
38,-29,
67,14,
85,1,
31,32,
21,27,
-28,8,
39,16,
94,26,
111,-33,
17,-52,
-17,-38,
44,15,
-2,12,
-17,35,
21,69,
0,-18,
9,-21,
23,-17,
-21,43,
-21,15,
36,9,
-14,10,
-2,61,
-16,59,
1,3,
58,27,
60,14,
46,-7,
13,-64,
0,-20,
-18,30,
-15,-9,
-6,-39,
35,-47,
10,-54,
-31,3,
-26,133,
-25,116,
97,-12,
124,-11,
29,49,
9,32,
35,-7,
-46,-18,
6,19,
-6,-34,
31,-24,
76,109,
47,127,
-28,-2,
-53,-55,
-42,1,
-30,26,
4,34,
17,-30,
42,-2,
-14,-17,
-24,0,
10,8,
-12,-7,
-21,56,
1,71,
-8,39,
10,63,
17,2,
22,-10,
38,-14,
28,31,
-97,72,
-20,70,
37,84,
69,13,
35,-20,
-9,-26,
43,43,
31,32,
76,2,
63,-44,
19,-36,
19,41,
44,10,
51,-71,
49,-19,
37,-21,
3,-44,
68,-33,
92,-8,
128,79,
50,65,
-14,-39,
-19,-7,
7,51,
0,31,
60,-11,
111,-29,
91,5,
-15,34,
-43,7,
-11,65,
67,59,
90,45,
6,23,
29,-18,
-30,8,
-61,-10,
-58,-21,
14,-1,
16,93,
39,93,
26,-10,
33,-37,
41,25,
2,-2,
19,-55,
13,-51,
-34,49,
-1,245,
200,1279,
194,3578,
-253,5725,
-564,5172,
-464,1960,
-353,-774,
-217,-1172,
-132,-626,
-91,-771,
101,-1636,
477,-1728,
702,-749,
612,242,
629,599,
811,545,
758,312,
419,105,
91,-76,
-5,-163,
9,-181,
-180,-248,
-382,-357,
-421,-433,
-336,-229,
-296,-17,
-264,157,
-268,4,
-241,-230,
-217,-350,
-93,-312,
-36,-137,
12,-22,
93,14,
207,-97,
259,-196,
249,-224,
147,-3,
-51,131,
-99,98,
-61,-5,
89,-12,
242,-5,
301,34,
197,27,
41,19,
2,62,
-47,95,
-61,84,
-11,7,
36,0,
101,85,
115,102,
25,70,
-107,0,
-53,-26,
-78,10,
20,23,
12,60,
-53,-46,
-106,-83,
-58,-129,
40,-19,
59,130,
61,120,
41,69,
55,-17,
37,-46,
-19,-89,
-11,-81,
5,-54,
88,26,
100,34,
16,19,
-36,101,
15,94,
6,60,
-10,38,
0,51,
131,102,
124,-35,
155,-144,
137,-80,
37,-9,
-22,56,
-27,-3,
-58,-52,
-85,-73,
-81,-50,
74,-27,
86,15,
127,31,
75,28,
31,47,
-61,7,
-13,-7,
-30,-89,
-74,-72,
-109,21,
-11,67,
45,36,
-25,-77,
-33,-78,
-16,-23,
52,32,
29,31,
17,-11,
-44,-43,
-18,-39,
70,16,
62,38,
14,41,
-27,40,
-48,3,
25,-19,
-7,40,
-20,57,
10,15,
37,12,
9,49,
37,12,
3,-17,
37,-24,
42,-41,
11,-22,
34,-29,
-1,-19,
44,50,
13,47,
15,-42,
22,-13,
80,-25,
56,-30,
62,-21,
57,-52,
88,-35,
29,3,
28,20,
-44,-15,
-15,5,
-2,-8,
32,-72,
-5,-115,
28,-75,
80,-8,
46,26,
-54,-22,
-82,-45,
-58,14,
36,20,
69,70,
51,70,
59,73,
50,53,
32,-8,
3,3,
-18,49,
-68,12,
-31,28,
00>
_________________________________
00>
_________________________________
Sequence Number: 129
00>
00>
Printing STS0 CIR
00>
00>
_________________________________
00>
-10,-40,
-7,-51,
43,1,
71,23,
50,-42,
65,-16,
72,-17,
95,10,
60,36,
16,20,
10,16,
33,-9,
39,-14,
14,-18,
-42,67,
-45,11,
-14,-10,
17,-2,
-68,5,
-65,-56,
-15,-42,
125,-61,
144,-22,
96,36,
5,15,
9,-45,
-3,34,
-1,-16,
17,-53,
-9,-8,
8,29,
-27,19,
19,59,
7,-6,
48,15,
-16,52,
-34,4,
10,23,
33,7,
36,3,
82,52,
36,43,
-14,76,
9,45,
53,-32,
48,-92,
125,-55,
123,-76,
23,10,
-43,27,
76,-10,
77,-34,
30,-40,
-9,13,
30,14,
-1,29,
29,-30,
78,-93,
37,-37,
68,-49,
92,-41,
9,37,
16,10,
-34,4,
8,-15,
72,8,
183,67,
116,50,
157,116,
38,134,
-31,12,
36,-3,
41,-10,
24,25,
8,65,
42,-26,
-26,-40,
2,5,
20,-22,
32,36,
-22,63,
-42,9,
-38,12,
-26,-6,
-26,-5,
14,15,
-15,18,
24,-41,
110,-34,
98,-35,
6,32,
-26,-8,
10,-5,
20,-62,
7,-60,
-14,-28,
-8,-36,
1,46,
34,66,
2,36,
-53,10,
-70,-39,
-12,12,
9,-19,
47,65,
-31,87,
-13,85,
49,-20,
24,-15,
-41,-7,
-22,51,
-24,66,
-34,51,
-6,-81,
27,-4,
59,29,
74,29,
33,-37,
39,-39,
2,-8,
22,5,
-24,-7,
-7,12,
-21,-34,
57,11,
65,8,
7,-31,
17,-3,
-23,-9,
-35,-21,
-16,-4,
-15,3,
-23,14,
24,27,
5,-56,
8,-86,
-11,-39,
-35,-42,
-22,-35,
-73,1,
-50,-11,
-13,-87,
57,-14,
32,13,
15,7,
-25,-54,
-79,-39,
-26,-29,
-26,-10,
-5,20,
-43,44,
8,16,
82,-24,
75,-102,
40,-57,
69,-30,
10,-42,
-35,-1,
6,27,
47,-21,
79,-82,
20,-83,
-33,-21,
-41,-27,
4,-23,
64,0,
66,-29,
24,-8,
35,0,
9,60,
0,4,
-30,-19,
-42,-73,
17,-50,
61,-34,
132,23,
14,104,
28,-3,
19,-39,
21,-14,
106,-3,
71,45,
-12,28,
3,49,
14,-5,
8,24,
26,8,
53,-71,
-10,-46,
11,-67,
28,11,
50,-24,
49,-30,
45,43,
16,-33,
14,-26,
7,-6,
22,-6,
-16,-45,
3,49,
-15,46,
-93,31,
-77,-21,
3,-12,
70,-21,
17,17,
-13,47,
-57,-17,
3,-46,
10,17,
11,9,
48,-3,
-1,-58,
42,-4,
57,-9,
-26,-10,
0,52,
48,-16,
44,-18,
24,-112,
22,-95,
-25,-19,
-30,54,
14,1,
0,-40,
4,-42,
-5,-23,
31,-29,
36,-21,
113,6,
132,-49,
120,-44,
43,-56,
-31,47,
-33,30,
22,-30,
50,-26,
2,-22,
-50,63,
-12,-8,
21,-61,
17,-55,
-72,-27,
-12,-22,
22,10,
27,-23,
30,27,
33,42,
9,11,
75,-17,
81,-40,
40,116,
-16,79,
29,15,
57,1,
-26,-23,
-35,-17,
-5,-26,
-11,43,
17,16,
82,-63,
88,-53,
45,-47,
65,-9,
47,-17,
5,-50,
-3,-73,
-1,-27,
43,-37,
-2,-11,
-15,-3,
22,20,
30,51,
37,77,
80,43,
32,9,
-4,-45,
-17,34,
28,-59,
69,-48,
48,4,
-43,10,
-33,-16,
15,21,
14,-2,
17,-35,
-4,-32,
0,-8,
4,-40,
86,8,
15,15,
36,30,
67,42,
-47,50,
32,15,
41,-6,
-42,-45,
-13,14,
33,-17,
11,33,
-6,41,
11,9,
4,-2,
-3,-6,
83,-23,
144,-24,
36,59,
82,87,
-15,-41,
-24,-3,
-26,-30,
12,-12,
23,-43,
84,-65,
42,-53,
25,2,
-26,-48,
0,-3,
-39,35,
8,8,
44,69,
10,-37,
-17,-44,
-15,55,
29,-25,
-75,74,
15,-28,
8,-43,
78,2,
0,-31,
-19,10,
34,36,
64,31,
-35,29,
-21,18,
34,-14,
5,-8,
30,-7,
24,2,
50,43,
62,38,
87,69,
60,-9,
14,-4,
28,8,
39,69,
67,3,
18,41,
-24,-85,
-57,25,
57,2,
89,-218,
483,-1533,
1726,-5050,
3435,-7321,
4853,-6576,
5035,-2844,
2397,1287,
313,1693,
-113,-15,
738,-1501,
1549,-1552,
1237,-593,
317,620,
-230,1169,
-204,1298,
-58,1143,
45,681,
143,153,
142,8,
25,118,
-23,203,
-135,225,
36,-158,
51,-576,
-270,-605,
-499,-386,
-478,64,
-286,254,
-175,123,
-129,-118,
-106,-286,
61,-250,
85,-100,
-22,12,
-217,79,
-179,4,
-111,52,
-118,275,
-243,303,
-289,349,
-285,192,
-240,145,
-58,204,
93,115,
222,182,
244,196,
122,189,
-4,85,
-58,-23,
-80,58,
-53,224,
-25,184,
67,238,
-72,332,
-97,267,
-276,166,
-193,-7,
-75,-18,
70,-64,
136,52,
99,108,
12,199,
-115,155,
-186,59,
-128,-2,
-17,-16,
-27,7,
55,49,
101,43,
60,130,
-12,278,
-125,340,
-138,166,
83,-19,
182,-41,
11,69,
-82,81,
-138,11,
-64,-12,
104,-110,
220,-207,
68,-141,
-197,11,
-204,-14,
-99,4,
11,-39,
38,37,
-41,55,
5,32,
-4,28,
-2,145,
-21,98,
-112,84,
-112,78,
-147,83,
-81,25,
-134,40,
-132,35,
-65,132,
-12,65,
-38,93,
-110,100,
-122,47,
-87,56,
-40,96,
-22,76,
-47,44,
3,-4,
-26,-15,
3,97,
0,136,
-88,140,
-119,102,
-94,66,
-75,102,
-68,0,
-50,-1,
-29,80,
-129,91,
-179,111,
7,58,
38,-16,
60,-43,
6,-73,
-43,-38,
-53,110,
-27,127,
41,-3,
-29,-36,
-23,30,
-43,120,
40,24,
95,12,
2,97,
-113,48,
-110,9,
-80,50,
-60,74,
-23,63,
41,-18,
3,11,
16,40,
-26,67,
-65,76,
-13,60,
60,76,
36,36,
5,37,
49,50,
-64,10,
-82,44,
-67,25,
-67,77,
-75,116,
-74,90,
-111,63,
-69,20,
-17,44,
20,76,
-30,88,
-29,-24,
00>
_________________________________
00>
00>
Printing STS1 CIR
00>
00>
_________________________________
00>
16,34,
16,30,
-18,64,
5,-2,
-50,-19,
-44,-6,
55,24,
76,17,
98,-25,
31,3,
54,75,
40,87,
4,52,
-54,0,
47,-45,
80,4,
0,16,
23,-34,
43,-38,
108,-59,
12,25,
109,19,
86,19,
54,37,
-16,21,
-28,49,
-21,53,
32,-37,
-9,-49,
-24,-43,
-16,12,
50,22,
1,-7,
6,-7,
20,-26,
43,23,
52,48,
77,36,
34,-12,
-26,13,
15,-7,
5,41,
7,-13,
9,10,
81,16,
78,12,
64,-18,
-41,42,
-9,71,
-11,39,
11,50,
23,47,
-23,-1,
-43,-36,
16,66,
65,12,
57,-12,
-1,-12,
-41,-14,
-17,8,
23,6,
5,-14,
61,23,
60,3,
61,25,
77,49,
76,40,
91,8,
43,-38,
13,24,
-34,14,
-49,-8,
-54,-11,
8,2,
21,35,
-32,-1,
-4,-9,
70,50,
95,75,
22,67,
-20,45,
-5,-28,
-14,-1,
4,-15,
-5,11,
-12,-22,
-35,-19,
6,47,
-29,78,
-5,14,
73,9,
84,22,
24,3,
-49,9,
-24,41,
-59,35,
-5,57,
9,44,
25,-3,
10,-38,
-50,-41,
12,82,
44,19,
-9,-49,
-15,-40,
11,60,
48,38,
36,-2,
19,-7,
3,1,
19,46,
37,40,
22,-10,
76,-26,
4,40,
-10,50,
57,45,
112,52,
32,31,
-38,6,
29,44,
51,78,
-3,100,
39,69,
85,-2,
89,-2,
55,-42,
11,2,
35,-13,
12,-21,
-22,65,
14,81,
-5,69,
35,75,
21,44,
28,23,
11,-3,
30,28,
1,-3,
-43,-53,
-29,-6,
-32,14,
16,14,
-46,28,
-76,55,
-105,11,
-80,56,
-117,98,
-56,53,
13,14,
62,23,
5,33,
-97,16,
-89,-28,
-52,-70,
-23,40,
-40,18,
-5,31,
-12,9,
-20,16,
-15,3,
-32,8,
-80,50,
-29,30,
2,-4,
20,20,
52,28,
52,-10,
5,-11,
25,10,
40,-20,
20,22,
7,18,
-47,39,
-42,-5,
-70,5,
-41,39,
-32,34,
6,84,
38,57,
-3,31,
16,-4,
39,-27,
-50,-18,
17,23,
51,27,
71,45,
60,-16,
53,-52,
1,23,
9,15,
8,25,
17,22,
21,12,
-7,-24,
24,40,
59,10,
59,41,
70,54,
9,54,
-49,41,
0,22,
8,6,
8,5,
40,74,
44,90,
10,21,
-55,25,
-68,18,
-55,19,
54,-11,
102,8,
2,-37,
-68,-80,
-47,-82,
34,-18,
76,51,
1,33,
4,66,
39,12,
119,23,
105,67,
57,1,
25,-37,
19,30,
-40,30,
-47,75,
-72,68,
13,45,
-18,16,
25,44,
-19,35,
71,38,
63,-17,
37,-26,
26,34,
-22,57,
-1,-3,
-5,0,
18,4,
-6,-14,
-29,-24,
-50,-23,
-7,-50,
22,-33,
-3,-26,
19,38,
52,8,
60,62,
65,75,
43,36,
16,-17,
25,27,
4,41,
17,-22,
-59,26,
-15,17,
28,1,
-17,25,
-6,15,
40,64,
46,-29,
17,18,
-13,68,
15,36,
20,51,
55,30,
84,38,
-21,7,
-23,-12,
40,49,
-37,30,
2,28,
83,-41,
105,-32,
98,20,
19,76,
41,2,
8,-22,
11,7,
44,44,
22,29,
52,-21,
88,-2,
33,0,
-43,33,
-7,45,
27,14,
62,39,
61,51,
-10,11,
-40,-37,
-56,-46,
9,-75,
-7,19,
-29,23,
7,-24,
-30,-64,
-50,11,
-21,36,
23,18,
69,60,
24,51,
-49,8,
-6,-2,
12,28,
8,12,
-39,56,
50,37,
92,9,
34,-27,
40,0,
-6,11,
5,12,
17,83,
21,90,
114,6,
99,-1,
57,87,
31,73,
28,35,
58,36,
40,-9,
80,26,
67,93,
57,46,
36,51,
-30,0,
-10,39,
44,45,
26,2,
42,12,
51,34,
35,40,
72,76,
46,85,
-40,93,
-64,91,
-55,106,
-25,28,
-11,-30,
46,-14,
39,0,
34,3,
42,-1,
49,-22,
18,-7,
18,1,
-22,42,
-13,63,
-35,5,
-310,-256,
-1391,-1426,
-3195,-4332,
-3575,-6693,
-2427,-6341,
-40,-2820,
1448,236,
656,774,
-1512,145,
-3298,-596,
-3454,-1209,
-1833,-1351,
257,-778,
795,-376,
205,-514,
-355,-739,
-346,-502,
-45,-81,
49,88,
-31,78,
64,13,
246,7,
404,56,
481,340,
441,539,
309,517,
155,258,
86,-34,
120,-65,
129,-45,
174,93,
269,206,
305,339,
184,334,
126,165,
109,-70,
96,-14,
42,181,
-1,249,
0,253,
54,191,
108,93,
171,70,
292,119,
270,69,
166,63,
97,113,
124,113,
94,115,
117,160,
13,183,
-17,41,
-25,77,
86,64,
148,9,
103,-7,
110,33,
109,45,
248,113,
284,171,
223,156,
85,144,
-57,140,
-85,78,
7,-42,
14,-13,
23,43,
82,48,
146,54,
154,90,
127,135,
145,185,
193,193,
139,266,
68,241,
2,218,
-154,140,
-95,109,
78,131,
261,207,
367,285,
353,247,
102,117,
-61,20,
-78,60,
-22,116,
42,126,
72,10,
28,-16,
94,45,
141,150,
174,125,
84,114,
31,102,
9,31,
41,-2,
77,63,
69,93,
117,49,
100,55,
0,60,
22,60,
66,82,
3,77,
52,57,
-2,49,
-60,22,
-95,43,
-58,76,
-67,107,
-11,98,
-2,43,
-1,19,
21,66,
27,123,
9,128,
30,147,
53,203,
84,163,
89,112,
95,122,
66,70,
-4,67,
37,79,
36,122,
99,133,
102,94,
101,32,
29,71,
16,125,
-64,151,
-60,52,
72,112,
197,61,
171,122,
83,90,
6,34,
-64,46,
-72,77,
37,118,
12,63,
-79,19,
-37,15,
-31,62,
-36,42,
13,54,
11,2,
32,26,
0,1,
106,-40,
115,19,
119,97,
79,142,
60,92,
75,100,
27,73,
25,87,
46,94,
88,71,
60,134,
67,99,
00>
_________________________________
00>
RX Timestamp: 761614525363
00>
Clock Offset: -3087.044 Hz, 0.386 ppm
00>
RX Timestamp: 762685645104
00>
Clock Offset: -3101.921 Hz, 0.388 ppm
00>
_________________________________
Sequence Number: 6
00>
00>
Printing STS0 CIR
00>
00>
_________________________________
00>
-5,-42,
5,27,
-16,41,
54,36,
86,-35,
85,-9,
6,36,
-11,-7,
-55,44,
-11,-7,
-31,34,
-58,0,
-42,59,
-14,16,
-25,24,
25,46,
8,77,
-9,64,
-6,28,
73,9,
68,-27,
6,-15,
65,53,
113,29,
76,5,
67,12,
42,-32,
-44,34,
20,-6,
19,-32,
-28,-26,
-31,-3,
-51,17,
4,37,
41,-3,
33,38,
44,24,
24,-16,
49,-8,
28,18,
38,-21,
30,2,
-6,8,
46,48,
35,7,
42,16,
43,-3,
9,11,
-38,-3,
-15,5,
-15,19,
-29,32,
18,10,
21,29,
47,-56,
28,-4,
1,49,
19,-26,
42,-66,
50,-51,
-8,16,
-9,1,
46,5,
41,18,
15,44,
20,23,
74,25,
-25,0,
-7,47,
-35,3,
20,-27,
38,-33,
36,-41,
49,-40,
31,-40,
34,-16,
-6,-7,
-14,8,
-27,-10,
-15,-18,
8,16,
-9,-25,
-3,1,
-11,-8,
70,3,
24,2,
2,4,
-1,49,
70,2,
8,-28,
29,-38,
-1,84,
-7,44,
13,47,
1,47,
-18,14,
48,77,
-19,-9,
-6,-3,
11,30,
11,-14,
42,5,
16,95,
-73,73,
-13,11,
-41,44,
0,25,
-47,73,
-45,72,
-24,61,
-1,44,
32,84,
-61,1,
51,-33,
63,61,
20,44,
27,12,
60,-9,
33,-43,
89,-14,
79,-59,
162,-35,
116,38,
3,56,
-39,7,
-12,-12,
-4,11,
-6,1,
-12,-31,
-2,23,
-24,36,
52,-48,
61,-36,
-6,-9,
-31,-11,
-7,33,
-54,46,
-18,-1,
3,-15,
17,-8,
56,40,
45,93,
5,86,
-35,42,
-53,14,
-47,3,
-77,60,
-83,81,
-17,43,
56,-27,
30,19,
-3,20,
21,33,
-3,19,
-24,-5,
-1,4,
0,1,
0,-4,
1,8,
-20,-46,
46,-2,
4,-53,
53,56,
40,61,
48,62,
52,-24,
78,18,
44,22,
69,11,
14,61,
-14,-29,
15,5,
19,50,
13,50,
5,27,
-1,38,
-4,17,
19,-47,
47,-53,
12,-30,
26,17,
42,68,
23,49,
-18,55,
-74,71,
-26,16,
-44,60,
70,11,
4,-41,
-1,27,
54,42,
52,43,
16,19,
12,8,
-44,-61,
23,42,
-113,27,
-101,-26,
-6,-49,
39,-43,
44,-43,
22,18,
55,85,
-63,90,
12,-6,
-34,-19,
17,-65,
-14,27,
-28,-2,
18,24,
69,-39,
30,-39,
-56,12,
-11,-1,
15,39,
21,9,
45,-71,
43,-77,
57,-20,
70,72,
0,22,
-16,-18,
-15,49,
1,7,
-7,-18,
-15,-27,
39,8,
69,31,
50,57,
57,17,
62,-18,
66,-45,
13,-9,
38,-10,
-13,30,
3,26,
-25,0,
-33,-35,
20,-59,
69,-55,
65,-91,
-3,13,
47,-2,
-4,-35,
-55,-19,
-8,-60,
-11,-2,
33,7,
73,-26,
25,-31,
-87,-37,
-21,0,
10,34,
-4,18,
21,-37,
15,1,
-8,-54,
-36,-19,
0,43,
19,9,
-37,-8,
8,-48,
61,11,
46,-11,
55,-16,
57,12,
24,21,
4,-2,
77,52,
38,124,
-33,50,
-10,9,
4,7,
26,63,
-22,20,
-29,-20,
6,6,
16,60,
-21,60,
-111,79,
-75,63,
-17,8,
32,-23,
75,45,
100,13,
-42,-11,
11,10,
97,34,
52,36,
-32,8,
-108,-42,
-26,-88,
-1,-40,
3,49,
46,116,
-54,27,
-52,60,
-33,73,
-9,20,
-48,-52,
-55,22,
0,-5,
59,-6,
69,14,
87,36,
93,60,
10,63,
25,-19,
-68,-26,
-56,-20,
-17,68,
84,8,
68,-35,
-10,-23,
-76,36,
-111,48,
-15,-13,
78,-59,
48,-49,
-43,-18,
-4,-9,
42,3,
104,17,
74,33,
-11,-7,
-19,-47,
6,27,
-40,32,
-45,33,
8,88,
-1,44,
-17,-11,
-6,-7,
13,-44,
-12,-12,
-40,43,
70,117,
61,94,
-22,41,
-45,-4,
7,-2,
-16,6,
31,4,
-7,-40,
40,26,
42,-15,
37,-37,
-49,-17,
-26,4,
-30,62,
19,-4,
15,-84,
-7,-39,
-7,11,
62,-30,
54,13,
176,147,
974,864,
3649,3414,
5768,5788,
5159,6480,
2132,5274,
-912,1229,
-1143,-725,
-183,-954,
193,-1347,
175,-2348,
155,-2595,
301,-1296,
163,619,
-247,2144,
-547,2321,
-300,1259,
145,122,
197,-343,
-11,-100,
-158,28,
-269,-26,
-342,320,
-472,292,
-401,-106,
-185,-412,
74,-131,
163,319,
-13,291,
-142,-71,
-230,-385,
-228,-278,
-225,-127,
-248,-103,
-351,-95,
-232,80,
-206,36,
-128,-10,
44,-91,
105,-42,
43,45,
-69,35,
-16,-21,
110,-27,
87,46,
90,157,
61,268,
174,240,
92,114,
24,36,
-5,-240,
184,-233,
267,-191,
100,-125,
17,-60,
-88,-71,
-112,-73,
-91,-155,
-120,-237,
-87,-112,
22,14,
80,100,
162,105,
173,-13,
114,30,
8,24,
-8,4,
33,-22,
-46,-8,
-78,-35,
-20,58,
-110,-57,
-134,-90,
-97,-172,
-106,-220,
-74,-245,
-21,-131,
20,-123,
4,-147,
3,-145,
-87,-192,
-205,-194,
-247,-183,
-95,12,
-93,49,
-145,-61,
-110,-138,
-22,-116,
49,-89,
19,2,
-3,45,
15,-4,
-23,-47,
-48,-109,
-122,-114,
-158,-83,
-92,-88,
-50,-110,
9,-132,
25,-73,
9,-21,
-3,82,
-48,48,
-42,-26,
-66,-35,
-56,-87,
-39,-118,
-99,-128,
-60,-88,
-100,-108,
-62,-84,
-48,-58,
-22,-52,
-26,3,
-95,9,
-61,38,
-44,18,
-53,-26,
7,27,
32,-15,
-28,-125,
-27,-145,
-82,-162,
-82,-43,
-31,11,
-56,-62,
-9,-107,
-45,-73,
-45,35,
-27,25,
-111,-14,
-11,-69,
29,-54,
48,-34,
-15,-61,
-55,-53,
-20,-50,
-31,23,
16,49,
-19,6,
-12,22,
-6,6,
64,-24,
-20,7,
-24,-82,
-6,-36,
15,-1,
39,-31,
64,-53,
60,-147,
37,-62,
-23,-60,
-80,-2,
-72,-31,
-58,-63,
-29,-68,
00>
_________________________________
00>
00>
Printing STS1 CIR
00>
00>
_________________________________
00>
-14,23,
-44,70,
-23,69,
-19,24,
28,-17,
67,-41,
79,52,
-4,98,
15,74,
-36,0,
-4,30,
33,34,
61,27,
74,7,
-5,-5,
51,7,
47,61,
18,49,
41,-26,
-11,-46,
-8,-27,
-5,-56,
-44,-46,
-19,36,
-24,70,
-73,48,
32,-22,
40,-30,
-15,-39,
-17,-42,
-18,-17,
-30,-29,
-23,20,
21,30,
-20,61,
5,67,
33,-9,
-14,-32,
9,-33,
-6,-9,
-21,40,
-10,118,
-10,51,
-13,-1,
38,-7,
22,39,
12,47,
-28,15,
-4,-55,
50,-44,
64,15,
46,19,
-3,10,
-1,35,
-49,83,
-43,88,
6,32,
62,-33,
-26,-16,
-58,3,
-23,11,
3,-38,
20,10,
-68,89,
-35,31,
-15,-8,
-16,-15,
-34,36,
-54,32,
2,26,
34,-53,
17,-78,
40,-26,
41,-2,
-14,-16,
9,16,
68,-28,
23,-30,
37,41,
-16,86,
-30,15,
-19,16,
29,-43,
0,5,
0,41,
50,-30,
41,-3,
55,59,
77,76,
32,31,
19,-4,
33,-28,
16,-13,
-32,-37,
-12,3,
0,21,
4,-11,
41,62,
-31,66,
-34,60,
-23,47,
27,-29,
48,-52,
28,50,
32,74,
37,4,
-20,-18,
-16,-21,
-30,58,
-21,17,
-21,-14,
30,-20,
41,-14,
20,46,
11,13,
-5,44,
-13,24,
-26,37,
-43,-3,
-42,-56,
-30,-83,
18,-14,
26,46,
20,-3,
2,44,
7,52,
27,0,
-46,50,
-56,6,
31,10,
-9,-6,
-34,6,
-14,15,
-2,29,
9,-1,
-2,2,
-50,45,
44,12,
53,73,
8,64,
-10,39,
12,-34,
46,4,
43,53,
-6,99,
-7,79,
-32,7,
-30,-31,
-26,-13,
9,-4,
-28,-33,
9,-59,
8,-34,
2,33,
58,21,
61,14,
87,-17,
37,27,
13,44,
-73,3,
-54,-2,
4,14,
-19,5,
-26,9,
-4,14,
-4,11,
8,17,
11,-64,
21,-73,
51,-15,
25,22,
-51,48,
6,3,
29,16,
-73,42,
-65,105,
47,23,
73,49,
79,23,
9,30,
-44,32,
-54,24,
41,18,
21,46,
44,42,
25,57,
44,5,
47,9,
98,22,
67,54,
16,19,
15,-26,
37,-42,
45,14,
-31,65,
-44,107,
-63,43,
-8,15,
3,25,
-5,38,
-3,11,
6,8,
62,-46,
74,-13,
12,-14,
21,23,
-5,40,
-15,44,
1,56,
2,55,
-13,18,
9,38,
37,23,
43,-44,
-22,42,
-10,114,
29,85,
5,48,
38,4,
87,-26,
40,50,
80,50,
47,-30,
20,4,
37,6,
-55,6,
5,-12,
75,-2,
36,17,
59,39,
6,3,
10,24,
29,-38,
22,-34,
-25,11,
-62,41,
-64,33,
8,44,
61,-38,
98,-50,
24,23,
-5,24,
1,65,
56,48,
114,17,
84,0,
59,-30,
-14,41,
-39,31,
-40,-24,
35,11,
20,-19,
-16,-8,
-38,14,
7,22,
78,46,
5,-28,
59,31,
21,-3,
45,31,
57,72,
-4,70,
25,65,
14,56,
32,25,
-23,26,
-19,20,
24,40,
-37,40,
-43,-7,
42,23,
47,46,
15,79,
-10,61,
-42,31,
-3,42,
9,9,
-8,15,
-46,-18,
15,-10,
44,-62,
9,-72,
21,-6,
-2,6,
-3,46,
-18,45,
-42,39,
-39,10,
-50,-3,
-15,-3,
16,3,
36,-7,
6,21,
-17,42,
17,76,
8,100,
4,73,
6,44,
48,-29,
95,-32,
73,4,
31,-17,
60,-4,
74,-4,
81,43,
102,20,
65,16,
9,3,
55,28,
66,84,
30,108,
18,94,
26,133,
15,81,
12,48,
-10,58,
44,14,
5,-28,
-15,-10,
22,-1,
50,-36,
46,-21,
38,-34,
-1,-15,
29,-43,
70,-25,
23,16,
-22,48,
-30,27,
-6,-6,
-49,16,
23,-22,
86,-35,
98,-23,
25,22,
-7,-18,
16,6,
15,42,
5,68,
-63,67,
-51,42,
17,17,
-31,10,
-17,-57,
0,-60,
35,10,
60,38,
39,32,
-16,42,
-10,54,
-54,71,
11,56,
-4,-2,
27,-35,
48,-37,
26,26,
332,-74,
1855,-485,
5506,-912,
7775,-658,
7420,-231,
3937,205,
-979,643,
-1975,611,
-984,272,
-1247,234,
-2760,298,
-3130,-130,
-1526,-689,
274,-955,
981,-1022,
927,-1106,
499,-991,
60,-542,
-233,-105,
-78,5,
-100,-3,
-392,272,
-688,541,
-837,592,
-450,412,
65,253,
320,367,
50,467,
-342,562,
-562,455,
-571,301,
-254,112,
-24,38,
58,-18,
-93,-131,
-154,-230,
-171,-243,
-147,-180,
241,-48,
355,20,
179,63,
0,-4,
11,-151,
-32,-290,
-29,-179,
8,19,
80,130,
51,89,
24,-25,
-42,-76,
19,-105,
62,-130,
29,-122,
85,-51,
77,80,
83,144,
94,125,
41,95,
-21,60,
-43,163,
-85,249,
-48,186,
-42,15,
98,-128,
80,-149,
-21,-20,
7,14,
-45,47,
-67,117,
-167,69,
-68,-24,
14,-114,
99,-102,
115,-67,
79,-32,
129,-26,
179,61,
105,84,
131,31,
79,-80,
73,-194,
-12,-226,
-84,-52,
-8,45,
64,115,
148,102,
-6,150,
-98,115,
-155,104,
-137,12,
-97,35,
-105,-53,
-63,-59,
-13,12,
-33,57,
-66,126,
-80,190,
-61,127,
41,154,
45,126,
-28,91,
-67,82,
-40,73,
-83,85,
-47,89,
-19,23,
4,23,
9,36,
-66,71,
-72,9,
-54,-20,
64,9,
42,94,
1,98,
-14,59,
0,22,
-1,-3,
-5,51,
6,51,
19,87,
-68,69,
-60,106,
-78,90,
-49,71,
-68,120,
-100,85,
-26,50,
-33,15,
-65,72,
-17,-31,
-52,-68,
-32,31,
-4,37,
-23,44,
-74,37,
-6,34,
17,20,
68,25,
48,61,
-35,47,
-54,15,
-26,17,
-29,9,
-8,-35,
-79,-26,
-38,-4,
21,-20,
16,-3,
-46,-7,
-86,25,
-107,66,
-30,51,
-4,57,
-39,8,
-66,17,
-55,32,
00>
_________________________________
00>
_________________________________
Sequence Number: 9
00>
00>
Printing STS0 CIR
00>
00>
_________________________________
00>
34,-55,
-10,-3,
-30,-32,
15,-7,
9,18,
-23,-48,
-37,-30,
54,-19,
50,43,
21,10,
-44,75,
48,47,
62,-6,
69,-20,
12,10,
-2,92,
-6,58,
24,16,
87,-12,
8,3,
5,4,
-2,-18,
17,-25,
49,-6,
37,20,
27,35,
-30,25,
36,-36,
18,-52,
-20,-26,
-82,32,
1,38,
13,-6,
24,32,
4,75,
6,3,
-12,9,
22,-7,
101,-30,
35,8,
-4,-9,
-6,-12,
31,35,
-20,23,
-35,42,
-79,32,
-13,81,
-4,53,
39,-21,
33,22,
2,44,
-105,86,
-55,41,
10,10,
-8,-10,
51,40,
-16,57,
-32,95,
-40,69,
0,-45,
-34,-3,
3,47,
-30,107,
-36,87,
-23,67,
-41,29,
6,59,
64,-11,
18,-15,
-38,25,
-28,67,
-43,-5,
-11,-22,
-49,83,
-25,35,
26,28,
-5,-38,
6,-41,
27,26,
8,75,
39,76,
24,57,
17,16,
-3,-45,
-54,58,
5,3,
31,-50,
27,-95,
-43,-80,
-22,-3,
-11,-63,
-56,-30,
-10,59,
54,0,
17,45,
-55,12,
-49,36,
-18,47,
-23,9,
-9,-16,
-24,33,
-8,29,
-23,4,
-43,-7,
-2,-39,
27,26,
82,11,
16,23,
25,15,
-14,6,
41,47,
4,71,
25,66,
-3,78,
1,79,
-44,41,
-26,14,
1,7,
12,12,
61,-29,
8,-24,
43,19,
-19,90,
-45,-32,
37,-84,
28,-27,
13,44,
13,34,
-32,67,
-11,20,
-15,-10,
-13,-16,
-26,72,
69,33,
20,49,
76,47,
52,61,
4,29,
-26,-4,
-17,19,
-9,24,
-31,30,
21,11,
74,-24,
52,-34,
-19,-3,
-39,12,
-6,19,
20,14,
41,45,
-2,-38,
17,-34,
-16,21,
21,53,
55,-9,
18,-86,
42,-21,
-9,9,
-35,5,
54,53,
49,77,
-10,71,
25,84,
-22,78,
-66,110,
-11,65,
3,31,
-10,25,
4,21,
18,64,
10,49,
-25,58,
-22,31,
-67,20,
-51,52,
83,28,
8,26,
-100,57,
-89,40,
56,2,
83,-72,
-31,-95,
-12,-21,
-20,-60,
9,-32,
-37,-38,
-4,-7,
8,39,
20,39,
73,83,
28,18,
-20,46,
28,16,
27,17,
19,12,
24,-33,
20,-39,
-12,-50,
-28,-45,
-73,-28,
31,-25,
19,-43,
73,-63,
-24,15,
-1,76,
0,106,
-13,78,
-1,32,
35,-2,
36,0,
72,-33,
-4,20,
-11,83,
-6,71,
-3,-33,
-8,9,
22,49,
37,23,
-12,-60,
64,-10,
-8,-2,
-52,41,
-50,-5,
49,14,
5,30,
-6,20,
20,-21,
74,-41,
-12,18,
63,-7,
18,-13,
82,-43,
41,-58,
-10,-37,
-11,10,
12,9,
13,56,
29,2,
34,89,
-17,63,
-30,25,
-20,17,
31,60,
-12,39,
10,-23,
2,-7,
-35,20,
7,4,
64,-15,
48,-54,
-8,8,
77,50,
14,45,
47,-89,
24,-165,
56,-106,
61,-37,
-5,-45,
23,-27,
66,10,
27,50,
28,7,
28,-36,
62,-1,
42,-3,
24,32,
30,-7,
-42,22,
-18,34,
8,19,
-14,66,
-69,-6,
-12,-57,
-26,7,
24,91,
79,71,
43,13,
42,4,
-6,-47,
-10,54,
81,69,
41,-16,
-12,57,
-51,37,
69,3,
62,79,
-4,-9,
-10,-42,
-17,-21,
-2,38,
31,66,
11,60,
3,29,
-36,-3,
-5,14,
29,24,
24,-1,
35,-3,
-28,17,
36,10,
-45,-17,
-2,9,
28,64,
32,28,
6,15,
-59,17,
-15,7,
19,20,
-36,42,
29,32,
51,49,
65,64,
-48,32,
-4,22,
16,-48,
24,22,
15,62,
32,-17,
34,-6,
-18,-16,
-41,-15,
-30,34,
-15,85,
-4,63,
8,77,
14,105,
36,49,
48,23,
23,62,
-6,118,
-16,87,
23,-40,
5,-38,
-19,-10,
43,70,
32,58,
-5,66,
-20,-4,
5,16,
56,87,
29,83,
21,-48,
30,-47,
9,30,
-18,64,
32,40,
54,74,
66,24,
-6,66,
-7,56,
7,33,
43,8,
13,25,
-3,56,
-123,107,
-1073,400,
-4172,908,
-7469,193,
-7537,-1532,
-4154,-3209,
224,-2889,
1224,-1289,
71,72,
-1116,128,
-1470,-549,
-682,-933,
296,-654,
876,-380,
998,-477,
877,-542,
528,-408,
107,-188,
-86,-142,
170,-29,
284,23,
286,129,
-144,125,
-379,347,
-417,623,
-279,759,
176,470,
298,219,
94,104,
-138,165,
-207,191,
-185,77,
-88,61,
45,125,
139,193,
54,234,
74,160,
250,65,
324,40,
244,125,
213,159,
207,112,
189,64,
149,-28,
108,-264,
165,-285,
160,-185,
63,-22,
-59,100,
23,143,
207,75,
249,73,
221,3,
310,-79,
197,-12,
117,49,
26,198,
7,194,
-7,81,
0,-53,
31,-163,
98,-147,
136,14,
78,59,
47,116,
-46,115,
6,51,
92,21,
116,-71,
89,-127,
118,-97,
180,3,
103,9,
1,-95,
-17,-110,
44,-5,
-11,69,
-9,87,
24,58,
-98,17,
-184,-44,
-65,15,
61,188,
159,205,
21,33,
-6,-69,
13,-19,
1,22,
55,21,
17,-16,
65,59,
66,-8,
104,75,
25,95,
35,97,
31,125,
63,47,
121,27,
115,60,
81,43,
47,38,
51,102,
125,54,
111,19,
75,-38,
57,-5,
128,37,
115,51,
86,15,
11,33,
51,28,
113,98,
113,108,
86,139,
47,114,
90,83,
50,78,
60,33,
36,104,
39,39,
39,30,
35,-15,
-3,75,
-6,25,
10,88,
66,7,
94,-60,
61,-33,
127,1,
114,73,
93,94,
25,43,
44,-1,
33,14,
-16,-3,
57,37,
40,55,
105,151,
51,88,
16,-12,
33,-18,
55,-20,
41,-12,
20,59,
65,-11,
34,15,
76,27,
103,80,
71,9,
53,5,
32,-21,
90,-12,
26,28,
64,89,
66,132,
60,57,
29,107,
7,122,
00>
_________________________________
00>
00>
Printing STS1 CIR
00>
00>
_________________________________
00>
-49,3,
23,-2,
41,31,
40,-10,
-1,-36,
-74,-13,
-87,-23,
29,61,
59,1,
57,-2,
62,-3,
43,-34,
80,-30,
77,-50,
64,-47,
37,-19,
-5,47,
-17,49,
-15,33,
-6,22,
35,0,
31,-38,
32,-9,
-19,41,
-20,-12,
55,-2,
-17,46,
-112,70,
-38,69,
46,-3,
127,-23,
30,-37,
-27,-1,
-1,-21,
12,6,
43,30,
-22,-35,
34,36,
62,8,
74,75,
60,6,
25,21,
-14,8,
-15,82,
-27,75,
-1,63,
45,51,
-12,65,
80,9,
30,-63,
-27,-2,
-8,75,
-49,77,
-105,-20,
-74,-30,
-68,-16,
-38,-62,
29,7,
32,23,
10,27,
-24,31,
-72,29,
5,-1,
6,-24,
26,-36,
33,-24,
32,43,
58,55,
54,4,
111,-49,
78,4,
14,57,
-4,27,
20,4,
85,8,
77,44,
54,27,
48,-23,
53,-41,
-7,13,
24,40,
39,55,
-41,41,
-5,19,
12,7,
12,20,
19,37,
-23,5,
16,37,
42,2,
28,27,
22,9,
10,33,
48,-19,
18,-24,
-17,9,
29,5,
15,-30,
60,-33,
11,20,
13,27,
16,21,
39,-8,
-26,-22,
8,-12,
65,19,
114,39,
1,17,
-3,43,
-46,-26,
66,-37,
43,-11,
-31,51,
-66,49,
-9,18,
-22,9,
-6,22,
-37,4,
-68,37,
51,28,
39,46,
24,36,
24,56,
46,-22,
73,-24,
19,-34,
58,-60,
94,-48,
48,18,
11,47,
-21,59,
-31,48,
14,-1,
55,11,
13,33,
-43,15,
-2,-24,
-15,-26,
47,23,
66,53,
79,62,
20,26,
17,44,
25,2,
31,8,
63,49,
93,81,
29,62,
-31,73,
-44,40,
22,14,
3,84,
18,29,
41,29,
-26,43,
-63,61,
6,63,
31,26,
-34,7,
3,4,
69,31,
75,58,
90,14,
21,-14,
17,79,
44,70,
27,48,
-27,51,
45,-5,
84,-54,
93,-5,
14,32,
22,49,
76,14,
81,9,
42,61,
20,31,
-24,54,
-25,56,
11,49,
4,34,
-30,23,
3,25,
-8,20,
-20,-31,
-14,-29,
21,46,
8,15,
69,11,
-44,22,
-2,73,
13,35,
46,4,
-21,4,
6,-12,
65,-49,
72,-44,
56,-6,
9,-14,
8,24,
49,19,
49,-30,
29,-37,
23,-28,
47,-46,
12,16,
16,14,
-16,24,
42,15,
10,-25,
-67,-33,
-4,13,
-30,55,
-19,41,
3,12,
-51,44,
-3,24,
18,8,
62,15,
124,78,
72,65,
67,33,
24,42,
3,57,
-5,52,
8,31,
20,61,
17,25,
11,-50,
-22,-58,
23,-28,
43,66,
10,36,
13,7,
2,-14,
35,48,
47,63,
-20,78,
-35,40,
11,17,
46,36,
77,66,
80,39,
21,23,
12,48,
54,44,
62,15,
32,47,
-36,44,
-48,95,
25,80,
33,-12,
4,1,
-37,56,
4,68,
13,11,
39,-6,
37,-2,
12,5,
0,45,
23,-5,
10,1,
5,-2,
-35,-28,
-8,87,
1,67,
-6,38,
-11,28,
-45,55,
-13,14,
31,-6,
96,30,
42,39,
17,-8,
62,-50,
105,-20,
105,-20,
52,34,
12,-7,
16,21,
-69,31,
-28,29,
-6,50,
51,47,
101,-35,
107,-3,
67,21,
-9,24,
-30,3,
21,3,
20,35,
-17,75,
-12,43,
-46,-2,
-30,14,
3,-26,
53,29,
22,57,
-1,13,
-44,-20,
12,23,
-26,-2,
-11,14,
-39,38,
-64,48,
-8,51,
-53,31,
-4,34,
36,-12,
17,-15,
24,17,
108,51,
68,-4,
-41,-2,
2,16,
-12,35,
-39,-32,
27,-22,
8,6,
36,26,
-25,-1,
-20,10,
21,-28,
49,-13,
26,-12,
-12,-19,
30,-28,
-76,45,
-20,75,
29,51,
90,23,
31,19,
56,-46,
39,-34,
52,3,
25,3,
9,26,
29,-27,
56,-2,
17,-9,
68,8,
40,12,
9,-29,
-29,-4,
-8,32,
-22,-20,
37,-42,
-22,-47,
-46,-35,
19,-3,
21,-30,
55,-47,
46,18,
57,78,
47,260,
-58,1529,
-566,4734,
-1525,7214,
-2282,6577,
-2140,2804,
-875,-509,
139,-897,
1046,267,
1889,1632,
1683,2391,
308,1788,
-727,662,
-858,89,
-550,403,
-370,789,
-216,613,
-61,119,
81,-191,
64,-62,
-41,-23,
-145,-91,
-279,-188,
-104,-410,
110,-559,
103,-505,
-24,-131,
-70,128,
-123,106,
-127,72,
-52,-16,
40,-175,
69,-313,
120,-304,
90,-167,
-49,-54,
-62,-47,
116,-152,
201,-141,
195,-174,
49,-109,
-3,-88,
-120,-104,
-138,-147,
-90,-129,
49,-86,
143,-129,
128,-104,
104,-111,
82,-78,
100,-43,
141,-32,
50,-74,
25,-126,
-39,-20,
-62,-17,
-43,-11,
-39,-109,
-115,-217,
-114,-202,
-28,-159,
145,-116,
148,-22,
62,70,
18,105,
-72,130,
-4,28,
82,-56,
-8,-58,
-78,-101,
0,-148,
92,-235,
122,-193,
52,-267,
73,-229,
201,-201,
277,-146,
233,-107,
124,-122,
77,-182,
43,-272,
42,-320,
21,-147,
42,44,
60,41,
128,-2,
127,-10,
61,-6,
-23,-71,
15,-127,
30,-88,
61,-59,
65,-72,
129,1,
66,10,
-12,5,
-32,-54,
-4,-27,
84,-87,
131,-27,
103,-6,
48,-11,
53,2,
-21,-61,
29,-98,
69,-112,
75,-58,
104,-6,
126,12,
116,-7,
93,-41,
96,-45,
46,-30,
16,-63,
50,-63,
98,-32,
45,-76,
136,-142,
130,-72,
96,-100,
-38,-73,
-16,-130,
-59,-184,
-4,-120,
85,-97,
86,-67,
30,-19,
70,-9,
40,-84,
24,-119,
32,-71,
-5,-60,
-34,-62,
12,-53,
-3,-32,
-1,-22,
42,-36,
32,-4,
30,30,
61,-66,
55,-56,
59,-20,
18,54,
3,-33,
46,-34,
41,1,
11,31,
27,-21,
-38,-72,
-46,-86,
-4,-15,
27,52,
34,28,
-3,-31,
27,-27,
39,-50,
20,-37,
26,-21,
00>
_________________________________
00>
RX Timestamp: 901598713839
00>
Clock Offset: -2592.373 Hz, 0.325 ppm
00>
RX Timestamp: 902670709121
00>
Clock Offset: -3503.609 Hz, 0.439 ppm
00>
_________________________________
Sequence Number: 142
00>
00>
Printing STS0 CIR
00>
00>
_________________________________
00>
-66,-123,
-55,-111,
63,-12,
18,-13,
62,37,
49,68,
1,36,
26,-9,
38,15,
11,10,
-14,8,
63,43,
31,32,
-26,13,
-19,6,
-22,-61,
19,-47,
19,21,
5,15,
-27,16,
-7,7,
-6,-2,
15,-13,
3,66,
24,32,
12,34,
18,46,
13,-38,
-46,1,
-26,14,
-32,6,
7,-67,
25,14,
17,29,
59,5,
20,-47,
1,-30,
-52,36,
-49,23,
2,-31,
-19,12,
-17,43,
-27,10,
-37,57,
-5,63,
-49,30,
-37,32,
-18,49,
16,13,
56,16,
-20,-12,
-16,-14,
29,18,
30,39,
9,94,
-44,-16,
-27,-31,
11,-3,
-13,-3,
15,38,
22,37,
-37,41,
-1,59,
-18,79,
51,63,
7,-19,
-28,9,
-31,-9,
5,-70,
33,27,
-14,39,
11,-7,
-44,-4,
-10,-4,
35,6,
0,-57,
42,0,
35,3,
-25,40,
-80,33,
-47,82,
1,74,
17,31,
-39,-6,
-105,-13,
-7,33,
-35,31,
-85,-20,
-135,-45,
-98,-23,
-97,-3,
-20,-10,
-11,-60,
31,5,
26,30,
21,51,
49,24,
15,46,
12,11,
27,3,
-21,11,
4,-50,
-3,-47,
-19,56,
34,-12,
61,-10,
30,-8,
79,-1,
44,52,
74,36,
57,38,
39,-7,
8,-92,
-39,-75,
15,26,
23,86,
41,38,
45,21,
-2,-7,
16,28,
38,46,
7,24,
-27,8,
-48,-49,
4,12,
29,20,
65,23,
54,-40,
37,-33,
-17,37,
-14,62,
-65,50,
-95,15,
3,8,
35,69,
86,67,
21,6,
-62,-22,
-51,-22,
13,-33,
38,36,
23,7,
-38,-15,
-27,-43,
-46,-27,
-58,-7,
15,-15,
35,-74,
41,-76,
32,-27,
55,43,
31,79,
12,1,
24,23,
18,25,
70,-29,
-9,11,
8,21,
28,-37,
6,-34,
3,-27,
17,25,
13,34,
61,27,
8,82,
-20,77,
16,54,
30,15,
-20,-8,
-8,8,
-17,52,
-52,56,
38,64,
56,2,
35,7,
-2,-19,
-3,-5,
51,-19,
36,22,
-42,-14,
-8,13,
-36,12,
-48,5,
45,29,
-7,17,
11,10,
8,25,
-47,29,
34,-46,
57,-16,
10,76,
-31,85,
-33,24,
57,53,
30,40,
-12,-35,
45,-51,
4,-42,
10,-7,
0,-20,
1,-6,
21,6,
46,50,
10,13,
-51,-3,
8,19,
56,-9,
-22,-11,
-32,35,
-23,-73,
-24,-35,
5,-8,
-43,0,
-21,22,
21,12,
-49,90,
17,-32,
-6,-22,
-4,20,
-23,76,
-58,-2,
26,3,
27,-15,
12,-55,
54,-32,
11,-49,
-10,-2,
-39,14,
-41,-60,
5,-48,
34,-61,
25,-32,
14,-16,
-40,-18,
-7,16,
50,28,
51,-17,
-4,-32,
31,31,
-20,-15,
-9,-26,
-13,-25,
20,28,
0,16,
24,38,
32,31,
31,22,
-18,29,
3,6,
6,-11,
38,36,
16,-4,
-43,24,
-53,-30,
-17,-21,
17,39,
22,-2,
2,-51,
19,20,
5,17,
-53,-22,
4,-32,
5,-5,
-39,-48,
-77,-17,
-50,-33,
-10,-12,
-34,-71,
36,-28,
-5,3,
-16,-1,
24,29,
7,-32,
-26,0,
-52,11,
9,-5,
-36,-34,
-63,-41,
-52,24,
-14,-15,
-66,22,
-50,22,
-56,13,
18,-29,
6,-57,
-2,-17,
-20,0,
14,74,
-14,22,
-14,-30,
-6,-17,
-31,-73,
-4,2,
14,10,
25,38,
-37,-23,
-6,40,
38,25,
10,-12,
-4,51,
-27,-17,
-48,-13,
-38,0,
-37,-6,
-41,-51,
-72,-14,
-8,48,
4,85,
39,-18,
-1,33,
-2,50,
8,76,
7,-11,
12,2,
9,25,
0,-22,
21,18,
-8,18,
-59,-36,
-69,-19,
52,-1,
-11,-1,
-10,15,
62,31,
56,-15,
13,12,
8,15,
-30,-1,
-18,7,
56,38,
58,24,
-4,-16,
-15,-19,
17,12,
-19,54,
19,50,
13,83,
22,50,
71,18,
31,-3,
11,-4,
-29,17,
16,77,
23,29,
-27,-10,
-63,1,
-47,2,
-31,48,
16,22,
28,39,
-1,-30,
-79,6,
-82,94,
18,82,
-19,47,
-60,18,
-71,-1,
-49,-110,
41,-1081,
836,-5408,
2505,-7899,
3753,-7646,
4982,-6500,
2979,-545,
449,2052,
-599,978,
-1189,273,
-2258,632,
-3154,958,
-2092,183,
-54,-429,
1893,-616,
3026,-175,
1835,99,
362,-97,
-378,-191,
-236,-43,
17,35,
151,180,
563,462,
648,675,
194,680,
-326,516,
-521,119,
89,-357,
418,-187,
149,220,
-166,525,
-381,483,
-122,359,
47,479,
-24,674,
134,99,
173,103,
187,162,
-110,84,
-97,-115,
-17,-20,
26,29,
-29,25,
-78,-13,
-49,-105,
70,-188,
225,-204,
190,-264,
76,-228,
-42,-92,
-192,97,
-235,-40,
-278,-125,
-259,-111,
-166,-74,
4,45,
-48,204,
-107,186,
-201,256,
-328,253,
-200,83,
-25,-80,
65,-161,
20,-243,
-18,-139,
11,-37,
49,113,
21,38,
-29,10,
100,83,
173,156,
63,206,
-35,188,
-112,233,
-230,236,
-296,153,
-172,47,
-62,-38,
-132,-17,
-235,88,
-156,303,
-89,400,
-154,508,
-57,31,
-34,12,
58,97,
-138,220,
-135,127,
-112,33,
-59,18,
-60,67,
-82,84,
-110,199,
-48,117,
-47,205,
-38,211,
-57,151,
-57,171,
-100,258,
-74,43,
-12,21,
6,34,
42,109,
18,90,
-15,109,
-6,143,
-74,132,
-135,107,
-131,95,
-43,143,
-67,238,
-105,149,
-85,64,
-57,56,
-71,140,
19,14,
-15,-16,
-38,-10,
-80,26,
-47,48,
-54,93,
-73,141,
-110,165,
-58,116,
12,88,
-9,53,
-80,59,
-85,65,
1,59,
10,97,
-72,119,
32,24,
5,20,
64,38,
-8,196,
47,152,
-11,55,
10,-3,
-15,-10,
-122,46,
-97,35,
-66,-21,
-15,35,
55,79,
29,106,
-36,38,
-83,61,
-50,-14,
-19,-9,
-85,-25,
-96,112,
-77,42,
-52,55,
-37,80,
-51,47,
00>
_________________________________
00>
00>
Printing STS1 CIR
00>
00>
_________________________________
00>
42,-21,
59,32,
45,79,
85,69,
34,33,
2,60,
-13,41,
25,31,
40,68,
32,51,
38,18,
41,18,
-33,-22,
14,1,
51,-15,
49,34,
61,29,
32,-28,
-53,21,
-22,21,
55,-22,
100,-52,
41,7,
14,4,
21,3,
60,6,
80,32,
81,77,
33,37,
38,55,
-15,1,
-30,56,
8,17,
25,8,
6,8,
12,-4,
8,12,
14,5,
-18,15,
-69,-20,
-2,12,
17,11,
5,43,
52,64,
-10,27,
-6,-2,
17,17,
26,71,
47,48,
-9,27,
7,-32,
10,34,
-13,23,
20,9,
16,5,
-36,80,
-15,22,
-12,54,
-10,36,
46,8,
59,-3,
46,1,
15,-14,
-5,5,
-73,-62,
-36,29,
5,13,
33,20,
81,10,
28,52,
8,90,
-26,84,
-15,40,
-47,45,
-32,43,
38,4,
102,-21,
31,1,
1,12,
78,52,
70,57,
27,60,
-37,32,
20,33,
10,18,
14,14,
3,35,
34,91,
31,-37,
-4,2,
7,28,
1,30,
-8,-4,
-56,-7,
16,26,
-18,50,
-24,40,
13,1,
41,-6,
-18,3,
-7,11,
12,-8,
-6,-16,
-7,-33,
33,-21,
49,9,
47,9,
0,54,
-25,0,
11,39,
35,15,
45,10,
11,-10,
27,42,
26,69,
29,35,
33,-56,
80,-9,
82,-25,
78,-43,
83,-97,
98,-72,
86,-29,
15,95,
27,52,
47,61,
81,53,
14,85,
-5,85,
-34,-17,
-1,-43,
-19,9,
-60,27,
41,2,
41,-10,
24,35,
-9,41,
57,-18,
57,-17,
27,37,
-17,27,
-25,-11,
2,82,
42,90,
38,56,
56,50,
73,28,
4,34,
20,47,
-28,1,
-20,-35,
-5,19,
-17,5,
-45,36,
3,-21,
4,0,
16,-14,
7,-23,
7,2,
14,69,
16,52,
-41,59,
-23,62,
72,17,
52,27,
33,37,
7,29,
32,12,
38,-100,
73,-94,
51,-67,
-16,49,
1,111,
11,50,
3,15,
2,17,
7,90,
20,87,
5,34,
3,29,
-33,80,
-46,-8,
-1,28,
61,47,
10,45,
-1,26,
-53,79,
-10,19,
-37,-10,
-51,32,
9,45,
73,51,
28,-23,
9,-13,
37,63,
53,20,
41,29,
48,31,
32,3,
39,15,
3,1,
21,31,
22,13,
23,6,
4,43,
-36,56,
-10,48,
-28,0,
39,-18,
23,-25,
-5,-32,
15,55,
23,14,
41,-27,
-9,-21,
9,13,
54,32,
61,-21,
33,25,
39,30,
11,28,
-13,43,
-21,46,
-4,18,
13,41,
16,44,
-10,-16,
23,-45,
-14,-20,
49,-61,
14,-18,
-27,55,
-16,98,
-15,97,
-9,95,
-46,31,
-41,-19,
-17,42,
14,1,
56,-33,
60,-48,
51,42,
-2,19,
7,103,
-23,63,
-36,10,
12,16,
42,26,
-20,33,
6,38,
38,12,
95,-16,
74,12,
92,53,
42,78,
48,75,
10,25,
7,10,
66,-5,
18,18,
-24,68,
9,7,
-24,22,
-17,26,
-45,42,
-14,-6,
-16,2,
43,-12,
19,-8,
24,10,
13,21,
41,27,
8,43,
-47,67,
-14,49,
32,31,
-14,52,
-48,65,
-22,14,
24,-11,
29,2,
1,-7,
7,14,
51,-2,
48,-42,
37,-4,
73,-25,
54,1,
-3,31,
-9,23,
-17,47,
-2,-14,
-6,-1,
51,6,
43,22,
71,27,
68,-5,
92,-31,
26,-13,
59,23,
-21,-8,
3,-6,
-13,14,
-19,45,
-54,38,
-3,2,
-16,30,
44,62,
-22,44,
-24,25,
1,-8,
-51,61,
-16,83,
-12,61,
13,51,
43,94,
-5,22,
25,-24,
17,6,
28,52,
2,65,
-6,63,
-27,66,
16,74,
28,8,
19,-2,
7,47,
38,48,
-5,4,
-13,-23,
6,-48,
28,0,
-15,-2,
-14,22,
-14,60,
-54,79,
-56,134,
29,93,
41,13,
-8,33,
-31,16,
10,17,
73,29,
130,-28,
36,-13,
28,-9,
-18,26,
56,-52,
66,-1,
24,58,
21,61,
15,-6,
14,-30,
55,5,
9,35,
-27,22,
-62,44,
-259,59,
-1320,-296,
-5223,-2256,
-7575,-4045,
-7293,-4683,
-5551,-4760,
259,-1058,
2297,856,
1193,681,
899,491,
2451,1635,
3484,3256,
1703,3163,
-445,1556,
-1315,659,
-1433,739,
-1151,1010,
-632,882,
11,538,
87,24,
65,-32,
283,-65,
822,-72,
1599,33,
948,-2,
309,-282,
29,-716,
217,-750,
644,-465,
835,-146,
796,53,
434,119,
136,-17,
14,-50,
32,159,
-40,179,
-110,166,
-84,267,
-154,50,
-305,-257,
-122,-194,
24,77,
-53,290,
-144,427,
-46,426,
58,147,
143,-28,
162,-72,
69,6,
24,112,
-35,211,
-78,239,
-125,172,
-152,171,
-12,-98,
43,-248,
60,-191,
22,-131,
195,-35,
250,-195,
293,-277,
253,-217,
108,-56,
-62,63,
-159,83,
-100,43,
-68,-8,
-1,44,
59,33,
143,76,
79,184,
-8,163,
-114,72,
-96,53,
-60,52,
-67,-42,
-121,-208,
-117,-181,
-122,-82,
-165,25,
-142,253,
-57,304,
108,362,
-17,109,
33,-25,
47,-96,
68,-154,
238,-95,
240,6,
155,85,
214,148,
98,115,
85,76,
4,93,
29,36,
118,-21,
178,-90,
115,-110,
91,-128,
29,-92,
55,-83,
107,-46,
118,34,
84,51,
49,80,
20,79,
93,63,
42,36,
112,66,
53,114,
11,119,
25,70,
29,-39,
77,-16,
87,33,
26,19,
18,36,
3,-40,
80,-37,
131,-22,
90,106,
43,69,
114,47,
97,18,
130,77,
67,19,
50,12,
91,46,
70,104,
50,98,
53,116,
-1,28,
-22,50,
50,34,
112,86,
141,99,
79,50,
87,13,
107,-32,
77,-46,
58,32,
30,56,
79,77,
58,76,
39,64,
46,62,
66,148,
39,48,
37,29,
58,16,
42,37,
109,63,
76,39,
72,-20,
-24,-50,
00>
_________________________________
00>
_________________________________
Sequence Number: 145
00>
00>
Printing STS0 CIR
00>
00>
_________________________________
00>
-28,57,
-4,6,
19,-18,
46,-3,
18,-19,
48,40,
57,78,
21,135,
21,49,
14,-75,
-29,-67,
-50,-8,
-23,62,
-47,130,
-14,16,
76,12,
44,21,
6,29,
-8,45,
39,23,
62,36,
13,16,
-7,-101,
7,-91,
46,-30,
62,87,
66,86,
9,-28,
21,5,
55,8,
77,24,
85,16,
62,63,
34,41,
-5,-40,
-11,-27,
-2,-12,
39,12,
53,9,
80,-11,
67,47,
-12,-2,
30,-32,
7,-59,
18,5,
53,53,
102,47,
55,-4,
35,0,
-15,20,
25,38,
33,25,
18,22,
10,-25,
1,14,
-9,16,
25,61,
11,63,
24,50,
29,-37,
25,-31,
-3,-39,
-4,-20,
16,45,
43,47,
49,54,
-19,54,
-6,-27,
-27,57,
-3,78,
-1,2,
28,-30,
39,-58,
27,-26,
43,-19,
4,-23,
23,-20,
5,-43,
15,13,
45,33,
-22,6,
13,-41,
49,-44,
52,-49,
-1,26,
47,10,
27,-67,
45,-118,
62,-73,
40,-25,
20,-1,
67,-15,
0,-89,
-66,-49,
-39,-7,
-35,32,
-5,57,
19,109,
6,65,
10,39,
27,36,
79,54,
-10,1,
-5,-36,
18,12,
69,21,
40,56,
6,-19,
21,-56,
12,-24,
82,-19,
65,-73,
47,-86,
-3,-94,
-39,-50,
7,-40,
0,-19,
62,-27,
28,-1,
-46,-12,
-10,1,
10,-14,
-13,15,
31,19,
2,48,
-7,76,
-21,-20,
34,-8,
38,68,
-49,5,
-14,0,
23,-8,
84,-4,
46,9,
-24,-16,
12,-37,
52,1,
30,0,
55,16,
8,-6,
-15,-3,
18,-75,
107,-26,
96,-16,
64,50,
16,81,
45,84,
62,8,
0,-14,
-14,-4,
75,45,
50,33,
72,-11,
12,-7,
-39,10,
-37,6,
-25,9,
-25,65,
34,10,
-13,64,
-30,45,
-26,2,
21,22,
13,37,
53,12,
60,5,
54,69,
17,95,
10,-3,
20,17,
31,-31,
5,3,
12,10,
21,-35,
-40,-5,
1,17,
7,24,
103,35,
17,31,
0,73,
9,32,
-60,4,
0,-94,
54,-74,
103,-41,
55,-28,
42,-43,
-1,4,
12,-78,
41,-11,
28,-37,
62,-16,
46,58,
-3,52,
-58,65,
-41,15,
-15,-14,
-42,-5,
-14,-37,
18,-65,
47,-112,
38,-49,
20,-6,
4,-11,
-3,95,
64,84,
34,39,
-8,85,
4,-13,
36,76,
3,9,
-53,16,
-16,-35,
44,-79,
51,-65,
31,-20,
21,31,
-58,54,
21,111,
36,4,
66,-8,
-15,40,
-31,29,
-18,39,
-8,-10,
64,-27,
60,0,
2,-11,
-43,-27,
60,-49,
-21,-31,
-32,-13,
-7,20,
28,-18,
73,15,
52,39,
19,48,
65,91,
15,32,
45,-1,
25,-65,
-5,-10,
56,-28,
27,-5,
-16,105,
-21,-2,
19,13,
-1,26,
-2,13,
-4,9,
-51,39,
9,22,
29,39,
88,14,
53,36,
-40,28,
-22,-29,
-16,53,
-20,55,
76,3,
41,36,
71,-31,
-5,-10,
51,-41,
7,54,
-28,38,
-7,11,
71,-28,
44,32,
-10,28,
-64,56,
5,40,
81,63,
2,86,
-44,52,
29,21,
-8,-10,
56,-9,
10,-30,
-57,31,
13,-18,
-23,-8,
-43,-10,
3,36,
19,62,
34,4,
-10,-30,
7,24,
-20,46,
-63,25,
75,-36,
68,-38,
89,53,
12,51,
-12,-75,
-15,-80,
-28,-10,
8,-9,
-22,0,
13,-67,
-11,-32,
62,-41,
21,1,
-29,-1,
-9,-31,
3,34,
-32,24,
-10,-2,
21,-17,
23,0,
-11,79,
9,91,
15,95,
15,50,
0,-28,
30,1,
40,68,
9,69,
-12,-1,
8,-48,
29,-7,
34,-17,
19,-1,
18,14,
21,-21,
2,16,
-24,-36,
52,-37,
31,-28,
43,-39,
39,-2,
39,0,
45,54,
31,42,
24,-14,
-3,36,
-25,44,
4,63,
4,14,
45,-48,
-16,0,
-33,-51,
12,-119,
67,-92,
58,-47,
21,-22,
-3,74,
12,69,
5,40,
41,27,
-8,8,
-62,-24,
-23,-51,
-9,6,
24,42,
137,46,
783,-4,
3179,95,
6945,980,
7478,2386,
5171,4036,
517,3636,
-1308,1634,
-477,47,
865,51,
1499,996,
980,1410,
-91,923,
-810,255,
-966,222,
-885,479,
-632,538,
-206,337,
13,211,
-85,94,
-119,-79,
-184,-69,
119,-32,
434,-66,
478,-388,
305,-688,
-33,-610,
-239,-393,
-138,-106,
52,-171,
194,-205,
198,-109,
96,61,
2,26,
-37,-122,
-39,-199,
-6,-145,
-152,-112,
-295,-125,
-332,-195,
-256,-218,
-149,-188,
-154,-91,
-124,63,
-83,247,
-131,313,
-194,281,
-95,115,
0,-5,
16,22,
-107,60,
-160,-11,
-77,8,
-225,41,
-214,-11,
-174,-100,
-90,-156,
17,-152,
24,-17,
-5,119,
-11,91,
-61,118,
-90,24,
-106,-44,
-61,-85,
21,-169,
0,-74,
-52,23,
-3,101,
-20,98,
-139,67,
-272,50,
-168,112,
-20,167,
-3,243,
-46,162,
-9,-15,
-28,-58,
1,-60,
115,-40,
149,46,
112,84,
26,-25,
-53,-79,
-20,-15,
11,112,
-33,62,
38,29,
-46,-47,
-67,-18,
-72,38,
-70,20,
-131,-23,
-117,-102,
-67,-122,
-33,-62,
-56,-94,
-65,-118,
-75,-80,
-13,-24,
-28,-9,
2,-87,
-83,-33,
-18,-110,
-14,-75,
-51,-19,
-26,48,
-75,6,
-36,-54,
-60,-57,
-103,-36,
-68,-34,
-30,-52,
-17,-53,
-52,-70,
-93,60,
-35,22,
-51,31,
-45,-52,
2,-40,
-17,-40,
22,-18,
45,-6,
17,-10,
10,14,
10,29,
-36,33,
-79,65,
-111,-33,
-65,-32,
-68,-81,
-14,-80,
31,-100,
90,-130,
43,-75,
8,-53,
-20,25,
30,-53,
14,-42,
16,-40,
-33,2,
-23,-6,
-8,-69,
-13,39,
-27,72,
-107,-52,
-84,-67,
13,-17,
-34,6,
-48,39,
-45,24,
4,-9,
-87,-71,
-80,-53,
-1,-30,
29,-67,
-4,-77,
00>
_________________________________
00>
00>
Printing STS1 CIR
00>
00>
_________________________________
00>
14,-34,
31,-26,
31,7,
30,-7,
1,15,
-15,9,
7,-32,
9,3,
-6,37,
13,39,
28,37,
14,51,
18,47,
-42,2,
-39,-55,
28,-64,
27,5,
76,1,
17,-6,
-29,53,
6,34,
-24,-32,
12,-5,
-52,22,
-97,1,
1,0,
51,14,
48,-10,
-16,-13,
-27,28,
8,16,
59,49,
18,-30,
24,4,
-34,37,
-57,10,
16,16,
14,21,
0,11,
-36,-5,
-39,-10,
26,-2,
-9,-14,
-82,42,
-86,99,
-7,101,
3,125,
-8,65,
-52,-30,
-1,9,
7,24,
18,22,
25,23,
-25,29,
-23,59,
-38,66,
-50,88,
-3,-8,
33,-44,
22,-42,
52,-19,
25,-4,
8,-41,
6,-21,
-4,-23,
45,-29,
49,-14,
35,12,
43,20,
35,-8,
18,-14,
-51,21,
-34,30,
20,65,
-25,84,
-40,106,
-51,14,
-16,-4,
23,31,
25,38,
-54,30,
-60,-27,
-35,25,
6,-9,
-5,-62,
-41,-45,
38,-11,
64,1,
39,56,
32,2,
-6,24,
-34,47,
-39,70,
-51,53,
-41,44,
-25,37,
1,39,
31,63,
15,60,
24,1,
12,2,
17,38,
5,15,
-10,0,
-11,-25,
31,29,
75,22,
78,-14,
27,28,
-36,-1,
-16,55,
-32,33,
11,-12,
37,-87,
106,-42,
49,49,
-13,10,
-41,9,
-24,-33,
3,-14,
-28,63,
17,12,
66,0,
82,-37,
-4,-38,
-80,47,
-68,69,
28,-1,
9,7,
-38,55,
-39,39,
39,-25,
64,-6,
65,53,
17,45,
25,-36,
31,-32,
-34,36,
-2,86,
12,43,
-34,41,
-16,74,
7,83,
-4,74,
15,-20,
-67,6,
39,-7,
77,2,
41,31,
12,13,
44,-17,
31,8,
11,7,
14,8,
21,44,
21,31,
18,11,
1,29,
29,20,
66,25,
40,30,
98,9,
58,-61,
33,17,
-2,21,
-25,20,
-12,-34,
4,-59,
-29,-63,
-7,25,
-10,4,
8,58,
-22,24,
31,5,
66,-39,
49,-38,
10,-21,
-2,19,
-33,36,
-85,53,
-60,18,
-34,0,
-29,-22,
-54,-26,
7,31,
9,7,
14,-21,
12,3,
26,39,
-14,23,
-49,-33,
29,-5,
18,44,
-20,112,
26,-15,
64,-89,
40,-55,
10,47,
28,47,
-5,24,
18,7,
43,55,
55,-1,
33,14,
10,32,
32,-15,
5,-61,
-44,-34,
4,4,
16,21,
4,66,
32,-2,
3,0,
-49,32,
8,49,
41,54,
12,-9,
-59,-1,
-22,-10,
70,4,
0,23,
0,12,
-26,23,
-26,1,
-37,-14,
-66,40,
-31,47,
-2,74,
14,39,
59,17,
48,34,
-16,74,
-53,97,
-73,66,
12,9,
35,-34,
40,-28,
59,18,
36,59,
-3,-4,
-33,-43,
-36,-25,
24,60,
8,36,
0,-1,
23,-52,
40,-10,
30,8,
1,-1,
-38,24,
-45,55,
12,69,
37,32,
29,-3,
-55,-15,
14,1,
17,-8,
28,78,
8,95,
-28,23,
8,-29,
-2,-32,
-16,-72,
-30,-56,
-1,-13,
38,53,
-4,34,
-16,19,
1,2,
5,-53,
-5,-37,
-57,33,
-35,9,
-69,-36,
-61,-18,
0,-11,
-9,12,
-47,30,
-43,-63,
-54,-58,
-49,-48,
-19,80,
-83,61,
-31,29,
-5,-2,
4,-25,
86,-30,
36,-109,
-51,-49,
41,9,
31,-17,
34,30,
-9,-47,
-25,-13,
-9,6,
21,43,
40,54,
52,16,
55,-4,
-15,-32,
-26,8,
-69,-23,
-36,25,
36,15,
68,-21,
-11,18,
4,50,
64,0,
-27,32,
-1,-6,
-28,6,
-40,43,
-17,39,
-64,66,
-66,36,
-19,55,
-11,26,
76,-35,
69,-16,
68,37,
39,36,
65,9,
20,5,
-60,10,
-10,25,
20,13,
87,39,
-4,40,
1,-1,
23,30,
-37,67,
7,70,
-3,24,
26,13,
22,31,
12,22,
14,7,
38,-23,
55,-41,
9,-45,
66,-47,
43,17,
18,70,
57,16,
43,15,
44,16,
7,76,
39,54,
28,18,
58,26,
41,-19,
11,50,
28,43,
17,51,
7,20,
34,-110,
351,-1055,
1520,-3590,
3147,-6426,
4065,-6389,
3536,-3781,
1223,180,
-160,1281,
-649,-30,
-936,-1831,
-773,-2990,
71,-2632,
851,-1074,
851,92,
658,19,
674,-663,
521,-726,
184,-233,
-51,182,
-19,168,
47,105,
125,96,
174,260,
12,517,
-179,617,
-276,572,
-167,241,
44,24,
153,-25,
104,28,
31,69,
-25,214,
-98,348,
-164,398,
-156,237,
-25,10,
33,34,
4,125,
-238,149,
-262,161,
-171,130,
-35,129,
-19,187,
15,220,
51,222,
3,166,
-80,84,
-138,73,
-72,96,
-86,208,
-28,191,
-69,54,
-31,24,
-42,100,
8,73,
55,60,
12,20,
36,38,
122,133,
101,250,
-37,289,
-83,212,
-107,79,
-28,-60,
8,-82,
56,-41,
-13,-7,
-37,32,
-13,33,
-15,128,
-9,160,
-113,202,
-210,271,
-226,282,
-223,296,
-303,241,
-285,79,
-230,36,
-99,81,
-67,188,
-69,320,
-39,330,
-43,174,
-46,-44,
-108,5,
-106,27,
-103,94,
-56,21,
39,-9,
49,42,
33,148,
-57,98,
-86,41,
-48,63,
-52,18,
-14,46,
20,23,
46,-9,
12,56,
59,13,
23,42,
-76,88,
-65,54,
-22,62,
10,30,
21,129,
-26,135,
-77,99,
-71,41,
-127,-3,
-50,72,
-61,72,
-23,10,
13,-11,
-14,-11,
-14,39,
-28,93,
-82,144,
-150,183,
-96,97,
-27,43,
4,132,
68,193,
30,166,
-6,198,
4,197,
-29,102,
-89,23,
-38,-46,
-36,34,
-9,87,
-38,83,
-20,97,
-42,129,
-52,168,
-17,167,
28,123,
-11,42,
-83,24,
-61,84,
-42,63,
14,79,
1,51,
-73,63,
-120,13,
-76,36,
-23,51,
3,77,
44,43,
81,88,
24,42,
-24,39,
-26,73,
-28,22,
8,49,
10,16,
18,68,
00>
_________________________________
00>
RX Timestamp: 1041623388592
00>
Clock Offset: -2410.126 Hz, 0.302 ppm
00>
RX Timestamp: 1042695481665
00>
Clock Offset: -1948.929 Hz, 0.244 ppm
00>
_________________________________
Sequence Number: 22
00>
00>
Printing STS0 CIR
00>
00>
_________________________________
00>
-35,0,
11,-12,
-15,24,
-34,-20,
1,13,
-53,8,
-4,15,
102,84,
83,66,
88,60,
16,-3,
-37,-33,
30,-11,
25,28,
-13,4,
-10,-49,
-34,-8,
9,-3,
-3,7,
-5,15,
48,27,
8,72,
8,6,
-88,-14,
-47,-24,
-29,11,
-15,-22,
13,40,
-4,45,
-20,-14,
-15,8,
31,65,
20,45,
0,38,
-7,-10,
-23,-54,
8,-50,
8,-5,
3,107,
18,31,
9,31,
-6,-18,
-11,53,
-12,62,
9,3,
16,2,
-62,51,
-55,62,
-13,-3,
-24,-5,
-13,-63,
59,-69,
-21,-18,
-29,18,
-18,7,
-77,3,
-58,-41,
-33,-64,
-16,-53,
16,31,
49,44,
12,-5,
10,23,
27,58,
13,-11,
31,-39,
60,-13,
112,16,
-1,8,
25,43,
31,1,
25,15,
-33,-12,
-71,-29,
-14,39,
-21,-30,
-38,-14,
8,19,
-54,60,
-17,19,
72,-33,
26,6,
-18,-41,
41,-21,
67,-16,
68,8,
-35,-30,
-84,-66,
-79,-71,
-28,-26,
-15,38,
46,24,
56,-10,
-10,-20,
-5,-8,
21,41,
63,44,
34,23,
30,-7,
5,-71,
-25,-66,
14,-2,
-4,4,
-44,1,
22,20,
-8,-40,
-3,21,
3,35,
-45,8,
27,-63,
52,-2,
83,-20,
22,-39,
-4,19,
-42,42,
-57,-26,
-23,42,
7,39,
52,35,
8,11,
-4,-7,
-3,1,
-21,73,
19,11,
26,7,
42,-6,
62,-19,
-4,-26,
-27,-34,
23,34,
-16,8,
-19,4,
-1,-11,
22,25,
84,8,
6,42,
-25,2,
27,55,
9,38,
-35,-20,
-17,-29,
-12,-14,
17,-24,
-38,-24,
-63,-3,
17,1,
59,4,
72,22,
-11,88,
8,22,
1,-5,
36,48,
-1,23,
36,36,
-60,7,
-12,-24,
57,27,
37,5,
30,-52,
1,-14,
19,3,
-13,21,
-35,63,
-30,31,
18,40,
-32,14,
-25,62,
-68,-34,
-52,-49,
-38,-9,
13,-48,
-10,-2,
-10,23,
50,39,
54,-26,
43,57,
-21,40,
-20,-42,
-9,-47,
54,-73,
36,-6,
8,-23,
-24,-47,
46,15,
-7,11,
13,21,
-53,-23,
-20,-9,
12,-15,
36,58,
-10,-32,
33,12,
67,37,
9,18,
21,-6,
10,13,
74,13,
30,-6,
32,10,
11,2,
27,12,
52,36,
-5,-63,
-49,-74,
-4,24,
-16,20,
16,-3,
45,-38,
22,58,
25,38,
44,40,
15,-29,
72,-15,
-12,-23,
-5,5,
-36,-1,
-1,6,
8,9,
13,55,
69,34,
-9,39,
2,48,
12,34,
49,65,
-7,65,
22,25,
9,14,
-35,21,
-20,43,
22,47,
16,28,
0,26,
36,46,
-5,-21,
41,23,
22,-7,
-9,0,
-14,46,
28,-27,
6,-30,
-10,5,
-5,-12,
-70,13,
-43,37,
-56,11,
4,-11,
-87,-47,
2,15,
26,1,
1,-8,
-7,7,
31,-50,
31,-40,
-10,7,
-73,28,
-78,20,
-4,5,
14,11,
-20,19,
-80,-49,
8,7,
35,37,
-12,26,
14,16,
45,27,
56,55,
9,36,
-49,-20,
22,-18,
12,10,
39,55,
27,56,
11,-25,
13,-20,
-1,37,
36,26,
40,20,
47,-53,
117,36,
63,38,
39,27,
24,64,
19,23,
-32,-21,
43,-35,
32,-14,
-16,-68,
-26,-90,
13,2,
-2,58,
-30,100,
-40,56,
-17,21,
25,-39,
63,23,
96,53,
68,46,
57,48,
-66,12,
-27,58,
-47,-82,
-13,-89,
51,-26,
8,0,
18,-7,
-51,11,
45,5,
29,25,
13,40,
-16,-2,
-10,-18,
13,12,
79,12,
65,-41,
-2,-9,
-11,-34,
-18,14,
-5,43,
-27,18,
-5,11,
-28,83,
-21,55,
-12,36,
40,18,
-2,-21,
-11,41,
47,7,
31,34,
2,23,
6,78,
-48,48,
-66,28,
-38,1,
37,-17,
24,-35,
38,15,
19,-24,
-23,5,
29,23,
-21,70,
-9,59,
21,63,
20,-24,
20,-8,
12,-6,
-13,-26,
66,12,
-7,48,
-31,49,
-29,19,
15,8,
24,37,
18,32,
-17,12,
-35,-4,
-21,-32,
37,-119,
290,-922,
2241,-4894,
4533,-7302,
5660,-6748,
6557,-5104,
2989,76,
-163,1941,
-840,775,
-1054,-40,
-2204,44,
-3382,117,
-2061,-346,
-25,-337,
1894,-123,
2945,454,
1774,447,
370,-27,
-406,-306,
-277,-147,
16,10,
134,195,
332,528,
396,740,
28,631,
-385,391,
-460,23,
235,-299,
502,-73,
60,182,
-413,447,
-550,389,
-229,283,
-93,418,
-168,698,
91,193,
190,222,
120,220,
-102,68,
-124,-57,
-30,-41,
75,20,
62,-20,
-46,-13,
-27,-93,
60,-113,
244,-150,
259,-153,
167,-123,
0,-17,
-165,78,
-224,-105,
-135,-134,
-146,-155,
-120,-48,
43,73,
-40,165,
-149,148,
-227,224,
-260,203,
-156,-16,
-20,-62,
-19,-180,
-52,-213,
-64,-191,
52,-88,
12,97,
15,60,
38,65,
55,109,
126,241,
45,207,
-36,161,
-150,164,
-343,218,
-353,152,
-174,-67,
-55,-36,
-243,-39,
-315,57,
-252,192,
-207,351,
-243,540,
27,83,
46,82,
43,183,
-227,304,
-144,90,
-78,16,
-28,-50,
-48,30,
-104,43,
-69,18,
-68,61,
-86,138,
-59,243,
-66,199,
-54,185,
-175,98,
-108,-35,
-62,-4,
-26,-14,
22,-13,
10,38,
-32,89,
-50,131,
-151,110,
-147,75,
-99,116,
-61,115,
-168,120,
-142,51,
-50,-53,
-63,-10,
-52,82,
-41,12,
-14,3,
-40,-28,
-128,-3,
-69,39,
-84,86,
-83,135,
-136,128,
-94,117,
-68,97,
-35,88,
-44,-12,
-132,24,
-37,62,
-27,73,
-42,104,
-28,23,
-24,27,
0,53,
-92,75,
-6,63,
23,43,
-1,19,
5,-53,
-60,-39,
-121,38,
-70,52,
-54,33,
-44,58,
-20,97,
-14,59,
-106,35,
-5,3,
-3,4,
-7,22,
-26,89,
-127,105,
-67,96,
10,57,
-20,108,
7,21,
00>
_________________________________
00>
00>
Printing STS1 CIR
00>
00>
_________________________________
00>
40,42,
-6,37,
-10,-14,
0,-5,
10,-27,
-24,3,
40,39,
-19,25,
-19,53,
19,53,
15,7,
-19,-2,
-25,-46,
-14,-15,
-43,25,
22,30,
28,-20,
-18,75,
-7,0,
47,19,
24,6,
20,-16,
-4,12,
11,9,
10,17,
19,-14,
15,5,
34,-26,
27,-4,
11,-7,
-13,12,
22,40,
23,4,
-1,-6,
-30,-19,
-53,4,
-41,26,
-14,-28,
16,-82,
48,-24,
34,7,
63,32,
15,25,
14,-1,
31,20,
27,0,
-10,-16,
-35,40,
27,90,
38,50,
-6,15,
32,-39,
-27,-36,
-11,-28,
-29,-32,
-57,53,
-32,55,
-33,39,
5,-5,
-18,-58,
-9,-31,
28,-16,
19,-1,
33,34,
-5,-19,
-51,-10,
-5,-12,
7,63,
-12,34,
-18,1,
9,-1,
-19,36,
-36,20,
-2,18,
6,45,
64,0,
35,22,
-26,21,
-69,-51,
-38,-34,
6,9,
-25,31,
-18,63,
40,43,
0,11,
-13,19,
37,27,
-8,3,
6,27,
30,-46,
14,-23,
6,-8,
-17,44,
22,-10,
-12,-38,
-27,52,
-17,9,
23,16,
26,8,
30,-19,
49,2,
21,20,
30,-21,
1,-29,
-2,-20,
12,-8,
39,19,
-30,16,
-30,2,
-19,-18,
22,-19,
27,-41,
28,16,
43,42,
6,62,
70,48,
81,20,
56,61,
-30,31,
-32,25,
-69,55,
3,26,
29,39,
69,61,
0,77,
20,5,
-36,-43,
16,14,
67,6,
16,-28,
-10,36,
-2,1,
70,34,
51,-7,
-12,-64,
33,-52,
14,-10,
-44,35,
-2,44,
28,77,
8,48,
-1,35,
-49,3,
-66,65,
2,-8,
35,-59,
-18,-50,
-36,10,
16,-25,
23,2,
21,38,
14,33,
37,26,
-12,29,
-35,27,
40,49,
84,70,
66,-33,
30,-82,
-20,-28,
-56,-24,
9,3,
-14,-7,
-16,-11,
24,-19,
-13,11,
-18,-8,
25,-56,
32,-65,
-8,3,
-11,34,
13,-5,
26,-26,
1,-9,
-2,-11,
-2,37,
16,44,
7,16,
27,48,
-10,20,
34,17,
-5,-8,
74,16,
6,3,
-32,30,
-15,30,
33,-20,
74,-14,
40,15,
-8,45,
-69,54,
-41,35,
3,42,
87,42,
40,23,
18,52,
-15,7,
1,-36,
42,-5,
47,12,
62,0,
-7,-22,
-15,32,
47,27,
44,-5,
28,19,
-20,-3,
-57,83,
-59,79,
-8,20,
56,-12,
46,37,
14,38,
39,19,
32,-3,
-37,9,
-24,17,
-16,19,
-7,-1,
-35,-8,
35,52,
15,-18,
53,51,
39,38,
32,90,
15,7,
-9,28,
21,47,
17,-4,
24,48,
3,-22,
-42,50,
-49,44,
-10,12,
12,10,
8,-6,
5,10,
17,-9,
20,6,
39,-2,
40,10,
51,-38,
0,-3,
59,39,
51,13,
16,57,
31,-26,
30,27,
23,38,
11,-5,
-5,-47,
25,-6,
24,41,
18,36,
-36,-9,
-21,26,
0,14,
40,25,
-32,24,
-24,36,
46,34,
46,2,
43,-38,
26,-11,
18,-7,
28,-4,
29,42,
-1,47,
12,19,
25,19,
-11,-1,
13,46,
14,32,
19,-40,
-53,-25,
-40,12,
-65,16,
-41,31,
-52,1,
-12,23,
36,10,
26,15,
53,7,
-3,-24,
8,-15,
40,11,
48,49,
22,68,
-5,29,
20,24,
18,3,
-37,28,
-44,26,
38,-1,
58,33,
28,63,
96,11,
75,32,
1,43,
-67,37,
-33,8,
29,26,
-1,51,
-38,24,
-23,-7,
29,27,
31,14,
2,58,
76,42,
17,6,
-5,39,
-42,41,
-38,35,
-25,19,
21,41,
-20,16,
-105,-10,
-22,-43,
30,-20,
106,-26,
0,-20,
-18,35,
19,24,
26,-2,
6,29,
-12,44,
-28,-25,
5,-13,
-7,-4,
14,47,
-6,57,
23,-8,
27,69,
-4,8,
-12,-27,
-9,47,
43,38,
35,13,
40,13,
18,-11,
29,-11,
44,11,
46,-19,
29,18,
64,-6,
111,-28,
14,34,
-6,66,
-36,72,
-12,36,
-17,34,
-67,-10,
-24,-2,
12,21,
3,3,
-47,28,
-193,-11,
-1089,-529,
-4359,-3284,
-6614,-5920,
-6146,-6470,
-4160,-5894,
533,-883,
1932,1265,
914,882,
656,599,
1843,1912,
2490,3763,
728,3320,
-743,1365,
-1333,367,
-1485,445,
-1336,776,
-782,661,
-120,496,
108,-38,
142,-78,
400,-50,
756,96,
1453,352,
825,189,
277,-157,
176,-583,
361,-692,
673,-332,
721,2,
690,179,
412,134,
105,-34,
-16,-22,
9,124,
-42,123,
-174,177,
-133,285,
-177,85,
-224,-260,
-56,-166,
-17,59,
-102,292,
-244,481,
-206,381,
-3,148,
110,-3,
152,-67,
117,-55,
12,59,
-112,176,
-131,102,
-174,82,
-193,45,
6,-87,
147,-96,
155,-118,
116,-62,
125,-28,
212,-58,
337,-128,
253,-120,
138,-5,
-65,83,
-207,134,
-158,65,
-93,-45,
45,31,
88,0,
109,74,
44,148,
-14,109,
-112,78,
-56,25,
-29,-4,
-47,-63,
-46,-205,
-35,-236,
-76,-173,
-190,-72,
-227,180,
-114,302,
64,317,
-33,29,
2,-26,
50,-58,
99,-141,
182,-90,
200,37,
115,55,
72,168,
-16,169,
-39,111,
18,71,
29,-22,
120,-35,
153,-53,
160,1,
160,-36,
112,-51,
105,-32,
83,15,
113,14,
147,1,
77,44,
38,25,
-7,46,
-17,62,
-5,45,
24,108,
5,107,
-16,56,
-5,25,
10,-13,
79,-25,
58,-55,
70,-55,
132,-57,
70,-31,
76,62,
54,58,
51,47,
51,58,
69,96,
57,49,
50,32,
20,-2,
82,-27,
46,-30,
-16,35,
-10,81,
24,24,
77,-18,
60,11,
55,73,
71,131,
47,75,
5,60,
-7,74,
19,77,
81,12,
83,3,
32,95,
-27,59,
-51,62,
31,41,
84,59,
-59,51,
-30,61,
28,52,
67,99,
133,80,
58,32,
-13,-9,
42,-17,
119,4,
00>
_________________________________
00>
_________________________________
Sequence Number: 25
00>
00>
Printing STS0 CIR
00>
00>
_________________________________
00>
-55,8,
-4,-15,
11,7,
-22,27,
-22,56,
9,66,
-50,33,
-23,62,
30,-11,
40,-42,
43,2,
15,4,
-73,16,
7,53,
29,68,
37,132,
40,59,
27,-28,
18,14,
41,11,
18,3,
9,-3,
15,-38,
14,-88,
-11,-63,
-4,26,
47,43,
56,18,
70,-14,
28,1,
26,-6,
10,49,
-10,14,
-64,48,
-73,-17,
18,-46,
99,-24,
51,22,
12,95,
37,19,
-26,1,
10,-2,
4,-51,
32,12,
-15,76,
-8,13,
38,56,
77,3,
-30,-22,
-48,-23,
-14,51,
12,145,
55,106,
37,48,
20,-10,
-66,-92,
30,-16,
48,38,
20,26,
6,-19,
-28,-80,
10,-3,
-27,-1,
50,-45,
28,-27,
-1,45,
25,53,
5,51,
-11,0,
-5,-18,
67,-77,
145,-96,
95,8,
32,-32,
11,52,
24,6,
101,-49,
51,22,
22,21,
-16,-11,
3,28,
47,-19,
21,13,
-11,15,
45,8,
87,57,
23,41,
27,45,
55,54,
5,23,
11,4,
-1,52,
31,47,
106,-6,
35,33,
25,15,
-2,29,
37,21,
81,-34,
46,20,
68,35,
62,69,
50,63,
-25,45,
5,75,
83,21,
42,-9,
18,42,
-35,76,
-27,119,
-4,-1,
-23,-33,
10,15,
43,97,
50,98,
-3,8,
60,41,
54,5,
-5,-37,
93,-61,
92,-20,
82,36,
31,-38,
-57,-54,
-22,-11,
6,-102,
63,-37,
47,44,
92,28,
87,42,
48,20,
-7,12,
19,4,
6,53,
8,19,
7,-1,
-14,53,
0,33,
6,24,
32,11,
8,-6,
21,1,
25,42,
79,9,
34,36,
10,39,
0,19,
-19,5,
-9,6,
2,11,
57,-15,
80,-55,
52,-40,
45,-1,
0,17,
-50,30,
43,-26,
36,-59,
103,-56,
84,42,
37,18,
15,18,
-2,-56,
42,-1,
50,8,
35,-10,
51,15,
15,25,
-19,45,
-61,-25,
-7,-2,
12,-34,
73,-2,
131,35,
38,15,
15,45,
3,33,
-42,46,
29,105,
12,9,
5,45,
34,71,
10,98,
67,-14,
10,12,
-36,72,
-25,25,
62,12,
68,40,
-21,21,
-19,4,
36,0,
31,29,
34,-48,
47,-10,
43,-6,
70,44,
-22,-26,
24,-25,
78,12,
81,-58,
71,-48,
53,37,
111,-19,
76,-65,
51,-17,
41,27,
9,14,
-18,36,
-59,0,
-40,-9,
26,-25,
-25,-81,
-22,-102,
8,22,
34,64,
85,50,
25,61,
37,62,
1,12,
19,-53,
46,16,
77,-44,
13,-57,
-6,-16,
-12,-12,
37,-41,
-47,30,
-28,40,
36,-73,
59,-10,
34,42,
8,-4,
9,14,
-13,37,
-33,53,
24,30,
38,-10,
47,16,
80,3,
93,-64,
41,-67,
-23,-9,
17,9,
51,24,
-22,-36,
-6,-13,
56,10,
36,17,
26,-12,
4,-31,
-32,-51,
-40,-53,
40,-17,
41,-19,
21,34,
49,-11,
60,25,
40,-40,
-35,67,
-16,15,
30,122,
27,75,
18,61,
-26,22,
33,-69,
-10,-4,
-54,73,
-15,9,
-3,14,
11,5,
-13,-33,
-62,34,
-60,36,
24,8,
69,35,
-29,90,
7,-51,
6,-99,
-54,49,
-49,62,
-8,32,
10,23,
27,-43,
34,-37,
17,-55,
21,-11,
34,35,
-31,34,
-17,35,
-31,-6,
-3,-23,
46,25,
-11,27,
-33,70,
-19,4,
17,19,
-2,-39,
54,-17,
16,27,
-39,80,
46,36,
-11,-9,
-21,-63,
-4,30,
26,26,
6,4,
41,23,
-16,-63,
-55,-143,
-61,-155,
-12,-149,
75,-59,
2,3,
-12,-2,
45,-36,
-66,-40,
-13,34,
-33,23,
8,21,
62,15,
57,3,
70,31,
-6,37,
-33,68,
-14,48,
21,14,
6,71,
-16,1,
24,7,
-26,34,
-11,-6,
24,-20,
20,1,
71,21,
8,35,
-19,1,
-16,-20,
0,37,
24,-12,
32,-83,
39,-61,
-7,-15,
26,10,
40,-62,
94,-99,
-6,-60,
-17,-51,
-1,-55,
-16,-1,
18,25,
-30,-2,
-47,22,
24,23,
121,-95,
651,-488,
2818,-1892,
6388,-2859,
7610,-1866,
6549,517,
1813,2654,
-725,2239,
-475,479,
771,-495,
1666,-280,
1383,422,
190,766,
-728,750,
-873,794,
-756,975,
-477,866,
-174,389,
15,64,
-110,47,
-135,34,
-264,106,
-36,-102,
271,-320,
284,-558,
59,-715,
-249,-462,
-406,-96,
-184,4,
84,-166,
259,-306,
160,-245,
103,-96,
29,-17,
-94,-50,
-116,-208,
-65,-112,
-137,-2,
-284,18,
-275,-7,
-207,-95,
-125,-16,
-154,-9,
-160,119,
-70,157,
25,288,
-7,284,
-53,180,
-18,21,
-46,-30,
-125,-20,
-217,18,
-143,20,
-183,119,
-205,105,
-177,47,
-153,-83,
-59,-86,
52,-32,
34,69,
24,119,
-43,134,
-112,177,
-84,83,
-45,-61,
66,-134,
15,-44,
-45,47,
-62,136,
-30,167,
-173,179,
-214,108,
-135,89,
-10,146,
88,170,
41,101,
-11,7,
-66,-78,
-62,2,
61,-27,
145,-19,
164,-31,
-41,-110,
-184,-129,
-64,-88,
-16,-92,
54,-8,
-10,-35,
-88,31,
-84,48,
-76,93,
-95,64,
-114,63,
-164,-44,
-69,-48,
-71,-54,
-17,-71,
-21,-77,
-108,-84,
-115,-36,
-33,-11,
-78,9,
-124,-28,
-108,12,
-85,37,
-62,34,
-69,17,
-45,-39,
-41,-5,
-51,102,
-28,38,
-123,57,
-79,30,
-35,-38,
-90,-65,
-157,-164,
-63,-128,
-112,-97,
-88,-38,
-93,107,
-63,91,
0,14,
-7,-2,
8,-26,
-12,11,
-11,61,
-63,83,
-108,95,
-54,13,
-33,-65,
-84,10,
-41,-2,
-32,12,
-78,44,
6,8,
-72,-4,
3,-48,
-73,-38,
-108,-3,
-91,61,
-95,101,
-74,46,
-19,23,
-17,-21,
-88,54,
-68,35,
-66,22,
15,-31,
-22,14,
-30,72,
-11,41,
-68,40,
-41,40,
-15,36,
13,29,
-23,-86,
-7,-54,
-74,-26,
00>
_________________________________
00>
00>
Printing STS1 CIR
00>
00>
_________________________________
00>
34,-3,
59,19,
33,31,
10,47,
-1,44,
60,-32,
86,5,
20,-5,
-5,-6,
-25,27,
-19,42,
40,-10,
-12,-22,
5,5,
53,13,
73,46,
52,23,
-21,31,
-15,37,
-41,58,
-15,5,
39,18,
60,-7,
21,-43,
31,12,
56,43,
-12,38,
12,60,
36,23,
-61,-60,
-31,-76,
48,-40,
27,12,
55,57,
6,30,
42,-3,
36,-90,
80,-31,
33,-7,
5,61,
-38,23,
-49,23,
-5,66,
8,22,
17,-36,
49,20,
67,-3,
-18,-2,
-27,23,
-35,70,
-26,44,
-20,-4,
23,-16,
28,-25,
-31,29,
-9,37,
-34,47,
-57,26,
-63,-23,
-37,-27,
70,-17,
25,12,
27,12,
18,-2,
40,89,
9,129,
16,26,
-17,0,
-38,19,
11,-56,
43,-55,
48,20,
77,39,
54,31,
-20,48,
-20,44,
28,55,
-29,27,
-44,-19,
2,14,
39,81,
19,80,
-26,32,
0,37,
8,25,
38,-8,
33,15,
49,-11,
-11,28,
12,19,
-21,21,
-10,27,
11,42,
36,15,
-2,-44,
-37,30,
12,70,
15,50,
4,8,
-45,30,
40,11,
54,50,
9,-11,
-15,32,
2,9,
-40,-15,
-56,36,
-51,51,
14,62,
18,-50,
85,-63,
8,24,
-49,42,
-19,40,
16,26,
41,-18,
-1,-55,
-37,49,
-37,35,
-38,3,
-3,22,
3,15,
-49,34,
-87,-1,
-65,-27,
-67,77,
-96,32,
-94,72,
-104,31,
-57,-30,
-18,-30,
38,-5,
22,-55,
-50,-53,
-55,-21,
-12,11,
-17,-6,
-7,-3,
28,-17,
7,20,
16,42,
80,15,
-21,-4,
-25,21,
-60,5,
14,-2,
32,-2,
50,-56,
26,-22,
24,-43,
50,-65,
15,-56,
31,17,
-27,44,
-25,16,
39,0,
-35,-19,
-23,-2,
-21,-48,
24,-14,
52,41,
13,-16,
-43,-59,
-19,-40,
-22,-51,
23,25,
-36,16,
-1,43,
7,26,
25,3,
2,-22,
31,-27,
1,72,
-67,86,
-59,49,
18,-20,
34,-20,
56,-2,
32,61,
-4,17,
-41,12,
-79,61,
-48,85,
-56,45,
-36,48,
39,36,
44,77,
35,0,
32,-24,
60,-50,
49,-60,
71,-10,
56,-20,
71,-2,
5,-8,
39,22,
89,-30,
83,77,
87,15,
79,26,
-10,29,
-43,-31,
-26,93,
33,72,
-16,22,
-10,3,
12,24,
10,42,
70,47,
54,27,
21,-30,
60,-35,
-28,-59,
-21,-94,
55,-7,
8,38,
-32,67,
-32,88,
1,28,
-17,-23,
-35,-62,
-34,-12,
15,35,
-19,-48,
-13,-63,
19,-18,
-29,38,
53,61,
39,5,
-14,-57,
15,-28,
77,-2,
33,33,
29,14,
29,59,
-9,147,
-3,114,
-1,46,
19,41,
61,-21,
51,-1,
20,7,
-31,36,
-68,36,
-35,12,
-16,9,
-112,-3,
-99,0,
37,-26,
68,3,
40,31,
-12,62,
-91,-1,
-28,16,
43,30,
72,17,
53,22,
40,-13,
38,-17,
16,9,
21,52,
-5,58,
-12,0,
-80,-4,
16,15,
-1,30,
9,34,
4,59,
84,32,
29,23,
46,76,
46,51,
45,55,
-24,69,
-12,53,
69,-11,
79,-57,
-17,17,
-45,-28,
-21,-1,
58,-6,
109,36,
4,75,
-18,106,
34,26,
14,31,
31,57,
3,46,
43,11,
2,-40,
-9,4,
-27,26,
30,19,
37,24,
49,2,
78,64,
45,36,
88,1,
73,11,
65,-9,
39,-3,
43,4,
33,-8,
41,-2,
19,14,
36,41,
2,-13,
54,-12,
29,0,
-62,-15,
-37,33,
15,-3,
9,42,
35,62,
5,68,
9,-38,
-28,-54,
-49,-39,
52,13,
68,22,
49,-55,
28,-5,
34,-3,
36,-13,
49,8,
-28,-13,
-37,-28,
-11,-8,
-17,28,
59,-30,
38,-25,
-17,-18,
-31,3,
-49,4,
4,-11,
52,-37,
88,-15,
58,50,
-79,-16,
-63,1,
-69,-33,
0,-24,
-26,21,
-50,26,
-19,23,
-45,9,
-20,-6,
67,-69,
99,17,
20,13,
-24,-16,
-6,-39,
-30,21,
-10,21,
-68,-83,
-333,-893,
-722,-3442,
-700,-6918,
14,-7272,
1125,-4591,
1347,-308,
591,1055,
-782,341,
-2281,-814,
-2767,-1719,
-1505,-1822,
185,-1107,
897,-370,
649,-320,
194,-754,
54,-793,
53,-271,
107,129,
66,143,
28,41,
81,12,
252,121,
358,336,
197,520,
51,526,
-23,293,
20,54,
145,-35,
154,-5,
99,28,
22,213,
101,374,
99,330,
14,249,
30,-12,
63,-17,
18,142,
-47,238,
-98,232,
-93,167,
-44,132,
15,129,
90,149,
162,161,
150,112,
31,140,
-38,133,
-24,146,
60,131,
110,146,
41,41,
24,38,
101,77,
160,50,
163,-5,
107,-19,
67,15,
119,35,
205,154,
124,168,
-5,194,
-4,150,
36,88,
44,-20,
81,-75,
88,-20,
113,49,
152,102,
171,140,
82,163,
-32,246,
-4,281,
41,330,
61,314,
-36,251,
-194,138,
-179,74,
-137,115,
123,174,
218,220,
207,309,
122,264,
-61,-10,
-89,-88,
-54,21,
-35,56,
3,24,
-13,56,
29,52,
112,91,
65,100,
-1,137,
-101,148,
-34,83,
35,3,
46,6,
42,84,
-74,84,
-42,-30,
-1,5,
44,89,
76,94,
63,117,
17,145,
-24,105,
-2,117,
-46,60,
-64,24,
-14,82,
-61,144,
-75,124,
1,28,
36,18,
10,81,
17,77,
-11,95,
37,183,
51,113,
-15,110,
66,81,
127,123,
178,148,
151,108,
64,83,
48,126,
-5,127,
23,125,
25,95,
70,59,
86,70,
104,86,
19,31,
19,60,
8,95,
51,125,
61,75,
4,59,
-58,-7,
6,71,
9,99,
2,29,
-95,38,
-51,35,
-30,22,
0,54,
-35,95,
-59,29,
-13,57,
-19,53,
1,7,
58,68,
47,98,
75,86,
52,3,
7,37,
0,56,
30,27,
00>
_________________________________
00>
RX Timestamp: 82100795060
00>
Clock Offset: -1844.788 Hz, 0.231 ppm
00>
RX Timestamp: 83171706934
00>
Clock Offset: -3276.729 Hz, 0.410 ppm
00>
_________________________________
Sequence Number: 158
00>
00>
Printing STS0 CIR
00>
00>
_________________________________
00>
-54,-58,
39,37,
60,52,
39,34,
25,-25,
31,22,
-52,79,
-20,91,
9,-26,
34,37,
35,-35,
73,-2,
57,7,
-49,13,
-45,19,
-43,4,
-37,37,
-14,41,
30,0,
-14,53,
-29,10,
4,37,
-85,45,
-84,65,
57,-6,
69,-146,
59,-98,
74,-79,
50,-39,
55,-16,
-44,63,
-58,15,
-21,31,
17,7,
74,-17,
-17,14,
-55,14,
-10,17,
-28,-46,
-26,-35,
-17,42,
-13,20,
38,-6,
0,20,
-23,100,
42,43,
4,53,
21,-12,
60,-31,
33,7,
100,14,
25,-8,
69,48,
30,68,
64,91,
2,96,
-38,41,
-26,55,
-3,29,
-17,-27,
25,20,
30,45,
19,67,
24,-50,
-2,-10,
24,9,
5,-47,
54,29,
47,-1,
79,-2,
83,-9,
21,14,
4,-44,
13,3,
-4,-28,
4,-6,
35,-28,
-4,14,
-17,-22,
-30,-19,
16,-14,
7,-8,
-2,52,
16,10,
26,-16,
43,44,
-19,-24,
15,44,
1,1,
55,-16,
50,62,
68,59,
-47,6,
-4,-40,
52,-27,
48,35,
19,25,
-14,-8,
40,26,
-15,-21,
26,-2,
-14,-31,
-1,-6,
30,-48,
41,17,
38,25,
-66,7,
-18,72,
-7,32,
4,20,
35,-19,
-17,-2,
-18,-27,
-36,-57,
-39,-69,
-4,0,
-25,39,
9,-17,
51,5,
-3,41,
-16,37,
-21,5,
7,-7,
-25,39,
29,5,
44,-27,
-38,-26,
-13,84,
-1,77,
17,45,
19,-31,
-24,-39,
36,-21,
38,-20,
25,35,
-38,77,
2,-5,
14,1,
13,-2,
-36,70,
-12,14,
-22,12,
62,44,
-12,-13,
28,37,
63,4,
39,-72,
-8,-8,
45,-24,
10,60,
6,50,
28,31,
38,-4,
7,63,
-66,36,
-1,22,
3,58,
29,2,
32,32,
-12,21,
18,4,
-25,19,
-24,98,
85,77,
86,67,
0,-5,
28,-14,
29,-4,
13,25,
25,-58,
-6,-68,
-40,-54,
-31,-39,
-7,-26,
11,43,
-15,52,
32,26,
-11,21,
-46,-12,
10,-17,
55,28,
27,52,
-31,28,
-24,-19,
7,-35,
9,-6,
-7,-38,
-26,18,
-32,34,
23,48,
70,12,
-17,31,
-78,60,
-1,-14,
-4,-73,
-21,6,
-22,23,
-56,46,
-27,7,
-9,-1,
0,-36,
42,-5,
23,41,
-19,102,
-42,37,
-3,-5,
13,-9,
61,-101,
5,-17,
15,-22,
25,17,
44,15,
76,-11,
41,103,
70,7,
43,23,
12,-26,
-14,7,
-41,98,
-13,71,
1,2,
-79,-1,
-118,17,
-32,50,
40,40,
-12,46,
-21,8,
2,30,
-24,46,
-16,32,
-24,12,
-55,37,
-37,40,
-36,38,
-41,-2,
19,-32,
42,0,
-11,57,
-58,72,
-30,-12,
-11,-74,
-4,-2,
-30,10,
-116,-67,
-114,-67,
-73,-84,
-25,58,
44,19,
87,-51,
10,5,
-33,74,
48,72,
-13,24,
28,-23,
-25,-7,
21,-15,
4,23,
-65,70,
-101,63,
-30,-8,
-49,-18,
5,-43,
14,27,
35,15,
23,1,
24,34,
49,37,
-50,-16,
81,-8,
46,-46,
56,-9,
10,-94,
-3,-39,
45,-46,
68,13,
38,-13,
26,2,
-65,62,
-4,55,
2,-7,
58,31,
42,-7,
15,-33,
-71,53,
-48,27,
-24,26,
-4,40,
66,16,
16,-17,
35,-15,
-10,-19,
21,2,
40,59,
33,51,
31,27,
-14,49,
-48,44,
-14,18,
44,0,
16,25,
-88,17,
-75,51,
11,41,
7,24,
20,21,
18,2,
37,-120,
-38,-29,
-32,-48,
-101,-56,
-11,23,
61,19,
13,9,
-55,63,
-70,75,
-3,33,
-25,-1,
4,10,
41,68,
-38,-3,
28,-37,
33,-19,
51,-13,
-15,-6,
38,37,
54,41,
-28,34,
-52,6,
-59,-15,
-27,-4,
-50,-38,
15,-79,
0,-47,
-55,24,
13,55,
45,54,
21,-27,
52,-17,
38,-20,
26,2,
-59,-42,
75,28,
36,24,
31,25,
22,16,
33,-27,
58,-35,
32,11,
-4,37,
-20,-3,
1,-12,
12,4,
53,-111,
354,-957,
1657,-4396,
3356,-7392,
4300,-7318,
4339,-4692,
1480,167,
-323,1569,
-781,728,
-1145,422,
-1919,811,
-2340,853,
-1401,300,
321,-371,
1729,-530,
2106,-368,
1250,-245,
166,-280,
-411,-131,
-225,-3,
-22,96,
28,224,
317,214,
354,338,
-30,494,
-373,474,
-273,135,
155,-139,
266,-86,
-4,206,
-279,404,
-270,336,
-74,253,
-39,299,
2,472,
122,212,
199,193,
134,192,
-55,-4,
-115,-102,
-22,-20,
92,8,
69,-47,
-18,-61,
39,-89,
111,-135,
186,-176,
222,-152,
132,-126,
-1,-14,
-157,125,
-198,24,
-199,-33,
-196,35,
-81,-14,
-4,82,
-87,99,
-61,102,
-122,174,
-76,175,
-31,59,
-43,-12,
-29,-80,
-28,-144,
-6,-77,
59,-14,
-5,90,
8,40,
38,94,
42,160,
36,28,
38,13,
-69,108,
-65,115,
-161,198,
-174,122,
-61,42,
-79,18,
-61,-8,
-183,101,
-75,205,
-61,272,
-63,330,
-11,108,
-13,13,
3,182,
-113,164,
-69,123,
-48,-16,
17,53,
-32,15,
-109,24,
-105,36,
-58,26,
-68,138,
-132,197,
-61,128,
-44,158,
-52,169,
3,72,
-42,33,
-95,-47,
-28,34,
21,52,
-17,71,
-21,47,
-36,-23,
-115,50,
-129,121,
-63,169,
-23,152,
-88,50,
-62,60,
-16,67,
79,62,
110,77,
92,80,
37,63,
4,87,
-28,57,
-53,61,
-127,96,
-53,57,
-73,152,
-36,80,
-10,84,
-79,42,
-69,11,
-37,45,
6,64,
-4,70,
70,15,
76,39,
-47,41,
-159,128,
-49,146,
-1,60,
44,4,
-3,50,
-8,77,
-24,71,
-73,86,
-47,35,
1,12,
5,44,
7,109,
-43,48,
9,-35,
-41,-16,
-13,7,
1,89,
-81,132,
-5,87,
29,52,
13,41,
6,111,
1,31,
8,-17,
-11,31,
-32,89,
00>
_________________________________
00>
00>
Printing STS1 CIR
00>
00>
_________________________________
00>
6,-16,
43,13,
78,32,
36,24,
42,-37,
67,-48,
-15,24,
-57,10,
11,8,
29,-37,
65,-29,
24,-14,
15,23,
5,-7,
-11,4,
-31,39,
-28,16,
13,79,
31,54,
-13,8,
3,-18,
-15,24,
-37,2,
-50,-16,
-31,-1,
-52,-10,
-49,0,
-43,4,
-4,1,
-23,57,
-66,91,
-31,85,
-48,53,
-21,4,
-34,-55,
30,12,
50,6,
77,-28,
51,1,
-29,-45,
33,-19,
38,40,
87,18,
5,-2,
-76,27,
-2,50,
29,25,
65,27,
112,-9,
50,-54,
-21,23,
-25,53,
84,-4,
127,-7,
27,-54,
19,-3,
19,30,
-58,49,
-22,9,
-45,2,
-14,-1,
54,37,
82,39,
-12,32,
-58,7,
-23,28,
-28,-6,
-67,-48,
-39,-7,
20,-9,
76,3,
31,33,
-26,7,
33,-47,
39,-60,
-43,7,
-62,52,
29,79,
31,66,
-11,2,
-56,19,
-53,-30,
15,45,
21,50,
65,0,
32,-40,
32,-47,
-18,39,
-45,61,
-38,24,
-13,-25,
7,-24,
-4,36,
46,-2,
51,49,
31,31,
30,33,
-17,3,
-33,-18,
23,3,
43,-32,
42,-24,
6,-54,
-1,-10,
-20,48,
-54,88,
-19,62,
44,25,
-34,11,
-12,-34,
-68,1,
-72,-2,
-70,10,
-4,10,
-37,9,
2,14,
39,34,
44,33,
23,15,
-34,30,
-24,15,
-11,-10,
2,1,
3,31,
22,9,
-42,-31,
-2,-21,
0,-6,
-26,-22,
21,48,
-68,19,
-63,40,
-31,2,
-58,-52,
-26,-34,
-46,-25,
-19,46,
17,9,
12,-38,
0,-55,
-46,-35,
-24,35,
28,51,
-24,10,
4,-39,
-33,1,
-45,38,
-24,47,
-93,44,
-71,-6,
38,44,
65,35,
42,19,
22,13,
2,-9,
3,-47,
-38,-19,
-14,2,
0,12,
-1,52,
-52,20,
-105,-36,
-86,-87,
18,13,
12,40,
-25,46,
-23,4,
-6,-9,
39,-17,
23,-12,
18,-26,
-11,-2,
28,-9,
74,30,
-6,22,
-39,-38,
52,-34,
32,20,
7,55,
4,45,
8,3,
-37,-40,
20,-13,
9,-16,
-31,19,
-44,-1,
3,-35,
53,-66,
-59,-37,
0,-3,
20,15,
17,0,
6,1,
32,27,
115,53,
89,-18,
77,-7,
38,73,
24,18,
36,-13,
23,8,
25,22,
34,21,
6,-29,
40,-6,
80,44,
64,22,
3,72,
-54,21,
-32,-23,
-42,-34,
49,-22,
13,18,
92,37,
44,28,
39,28,
-2,4,
-59,-3,
-17,6,
9,1,
0,-34,
-38,-22,
-84,5,
-85,12,
-45,-13,
-4,33,
11,21,
0,-29,
-19,11,
57,38,
57,8,
37,-9,
-43,8,
-40,48,
-59,77,
-116,31,
-116,22,
-29,0,
-16,-2,
-63,-19,
-57,-16,
-2,-16,
-6,-37,
-6,3,
-48,36,
-48,-2,
-31,-48,
9,-60,
54,-6,
35,45,
39,54,
20,-2,
16,3,
15,-13,
-56,14,
-82,-2,
-93,-38,
-71,-33,
-12,12,
34,29,
38,20,
22,53,
-22,22,
-50,-7,
-55,-3,
34,65,
21,57,
-21,83,
37,52,
-4,21,
-92,-45,
-97,-43,
-41,31,
8,49,
-28,72,
-126,39,
-108,40,
-84,55,
2,73,
23,42,
25,22,
-26,-23,
53,20,
97,78,
61,-3,
15,-8,
64,62,
-19,46,
-29,16,
24,-29,
44,-11,
80,0,
72,-13,
23,34,
-1,2,
-38,8,
-9,2,
-3,12,
-8,32,
17,22,
-59,20,
-23,22,
84,15,
90,5,
8,44,
-79,69,
-28,57,
-44,37,
-38,9,
-28,-2,
49,7,
56,25,
67,13,
26,-35,
-7,-12,
26,65,
-3,57,
-48,5,
-33,-14,
34,20,
9,23,
-39,9,
-16,-19,
-43,58,
-126,97,
-108,88,
-1,15,
65,-14,
62,32,
23,47,
23,58,
63,83,
48,34,
-11,28,
-17,9,
14,69,
34,50,
54,34,
-15,61,
-78,72,
-78,54,
-84,19,
-17,-23,
34,-3,
1,21,
-15,-18,
14,41,
79,77,
103,86,
-25,0,
-19,47,
-23,65,
-198,-23,
-1087,-1046,
-2834,-4084,
-3638,-6938,
-3143,-6892,
-1423,-3808,
853,328,
1242,1354,
587,728,
646,797,
1211,2106,
994,2748,
-115,1665,
-945,205,
-1365,-425,
-1548,-215,
-1276,137,
-606,218,
-35,365,
26,122,
48,145,
390,277,
788,365,
920,486,
587,209,
292,-74,
240,-322,
447,-156,
655,132,
684,324,
466,382,
250,171,
52,17,
-79,41,
-84,181,
-136,260,
-181,267,
-147,285,
-100,-91,
-16,-252,
38,-104,
-54,-20,
-214,115,
-257,171,
-164,148,
105,87,
135,42,
94,9,
9,39,
18,27,
-22,160,
-120,113,
-150,88,
-97,-3,
19,-41,
86,-52,
149,-50,
147,-32,
137,-24,
226,31,
231,56,
159,13,
40,-12,
-22,15,
-63,52,
-46,54,
-96,32,
-7,18,
37,66,
79,136,
-14,51,
-91,45,
-114,10,
-119,-9,
-90,40,
34,-10,
74,-45,
74,-101,
-32,-107,
-103,-50,
-227,88,
-200,184,
-83,216,
-53,59,
25,-19,
19,-59,
128,14,
236,59,
223,95,
113,94,
40,67,
-27,85,
9,106,
22,82,
96,38,
125,34,
178,90,
171,92,
69,67,
61,59,
61,92,
141,124,
73,67,
140,20,
108,29,
47,35,
100,85,
86,95,
92,97,
-49,102,
-19,59,
22,40,
30,-25,
61,-46,
71,-2,
111,-29,
135,-61,
128,-29,
95,49,
23,40,
37,98,
-2,100,
34,86,
30,96,
12,81,
58,40,
64,68,
32,-8,
51,-14,
80,34,
49,50,
15,13,
40,18,
94,24,
57,102,
17,105,
-66,26,
-36,16,
123,8,
74,5,
59,17,
69,30,
19,54,
-17,96,
-17,121,
-18,50,
17,30,
64,7,
51,47,
117,67,
54,17,
13,58,
-20,19,
23,-18,
-18,68,
-13,91,
33,61,
29,78,
38,55,
2,83,
00>
_________________________________
00>
_________________________________
Sequence Number: 161
00>
00>
Printing STS0 CIR
00>
00>
_________________________________
00>
15,73,
47,47,
11,-51,
-8,-111,
-3,-9,
16,14,
-20,-3,
-31,12,
-4,-26,
12,-7,
27,-45,
46,-20,
30,27,
29,-18,
39,-40,
36,18,
76,-33,
-33,13,
13,-20,
15,-1,
-34,34,
-47,77,
3,0,
26,-17,
36,-6,
71,-12,
112,14,
64,12,
20,10,
-4,29,
73,31,
62,-13,
41,-5,
-27,2,
-16,-4,
-14,-34,
-37,-40,
19,-6,
-10,20,
31,-24,
-6,-36,
32,12,
-20,35,
17,41,
46,9,
19,40,
40,78,
95,56,
60,-6,
-41,6,
3,83,
26,76,
34,12,
-14,24,
-30,-22,
8,17,
7,-33,
21,4,
1,42,
-24,-17,
-26,-11,
44,20,
24,77,
6,25,
-40,-1,
-42,23,
6,30,
46,-28,
42,46,
3,107,
27,81,
6,10,
-38,7,
-74,102,
31,88,
0,-4,
-29,-22,
-50,55,
-20,38,
31,71,
-66,29,
-63,-1,
-34,60,
15,76,
-21,-17,
-51,-63,
-55,-62,
10,-18,
78,51,
75,80,
58,57,
121,39,
81,32,
69,52,
3,54,
-22,-6,
-44,-78,
-42,-83,
-47,-71,
23,-26,
3,4,
24,-37,
11,26,
58,32,
31,5,
48,-24,
89,-19,
67,-27,
-77,-1,
-71,-15,
-22,-14,
14,-8,
72,-28,
51,-49,
16,-64,
-34,58,
43,21,
18,-35,
53,-87,
78,-42,
42,26,
46,-30,
-4,-34,
-34,27,
-71,-15,
-78,41,
-9,64,
17,67,
-55,70,
-51,70,
-5,18,
29,15,
-12,15,
41,4,
22,59,
55,35,
99,43,
20,109,
-11,59,
-47,23,
8,43,
64,63,
59,11,
15,8,
69,0,
5,-35,
35,6,
2,-17,
-51,-49,
30,27,
34,-16,
53,9,
3,48,
10,41,
33,43,
33,55,
94,37,
46,79,
31,18,
52,42,
42,9,
45,62,
55,20,
31,6,
-15,-6,
17,20,
22,32,
69,-20,
-11,-18,
-35,-62,
2,-13,
36,68,
34,102,
25,59,
-29,2,
-43,-36,
-18,7,
26,26,
7,-31,
27,-59,
-9,3,
-15,18,
22,57,
55,58,
30,114,
36,2,
72,-101,
103,-50,
35,24,
-4,42,
-21,2,
87,45,
-2,0,
40,-63,
9,-91,
93,-61,
42,-31,
6,36,
15,10,
65,6,
46,16,
-3,62,
67,65,
91,1,
8,-24,
85,-73,
25,-112,
4,-66,
-62,-2,
-44,-4,
-9,-31,
15,-1,
-20,33,
21,38,
29,21,
-19,23,
-27,30,
4,50,
1,-11,
-13,13,
58,55,
25,73,
6,14,
-18,11,
-13,46,
16,91,
43,63,
7,19,
-54,51,
-105,63,
47,86,
15,69,
-8,44,
-15,-37,
68,-91,
54,-33,
28,7,
-34,11,
-53,45,
-15,-5,
-45,-23,
-35,-51,
1,-26,
22,-17,
-18,1,
33,25,
2,19,
-18,-5,
33,-15,
72,-42,
-33,-61,
-67,-1,
-22,-16,
47,52,
47,37,
62,26,
53,1,
30,-4,
-5,-21,
-26,34,
5,-43,
46,40,
41,54,
12,0,
30,-94,
18,-72,
32,-6,
37,48,
19,99,
4,86,
-39,3,
19,30,
49,26,
7,48,
-18,56,
-56,43,
-1,-10,
20,-19,
48,24,
-76,61,
29,75,
-19,23,
37,-5,
-10,15,
-8,13,
-48,-13,
9,-9,
47,53,
9,41,
-58,18,
-61,28,
-4,-48,
-20,-33,
-2,-16,
-27,7,
-20,-23,
0,39,
30,12,
-47,-33,
-14,-40,
-59,79,
-7,43,
-32,26,
-22,-49,
33,37,
48,0,
55,-17,
12,-2,
12,-9,
-15,-19,
-11,-23,
-44,-12,
-25,67,
-43,94,
-4,60,
32,11,
89,-34,
-4,55,
13,89,
14,-28,
89,-71,
21,-74,
-9,-64,
-46,-30,
44,-6,
-12,23,
-23,17,
10,-27,
-29,35,
-26,-27,
-30,15,
-55,14,
-4,36,
46,-17,
53,-35,
8,-12,
-105,1,
-52,-31,
9,-73,
15,-46,
43,-43,
22,34,
-40,-11,
-13,-6,
-42,-56,
-9,33,
2,41,
-58,3,
-32,29,
-12,53,
-1,25,
23,-75,
73,10,
-1,13,
21,67,
7,-2,
-4,-8,
12,-31,
-96,-14,
-782,-110,
-2490,-556,
-4616,-1617,
-4570,-2784,
-1841,-3015,
513,-1905,
865,-524,
37,75,
-741,-222,
-818,-880,
-320,-920,
282,-427,
576,-37,
734,4,
661,-140,
446,-219,
150,-174,
16,-38,
166,49,
259,167,
159,95,
-88,-11,
-185,65,
-251,310,
-161,377,
92,292,
213,142,
139,180,
-42,153,
-160,60,
-111,-15,
-53,-22,
22,107,
8,183,
11,220,
70,149,
117,74,
181,87,
165,110,
152,138,
81,180,
77,34,
91,-117,
31,-184,
87,-127,
107,-21,
50,38,
22,78,
18,73,
39,35,
172,-86,
239,20,
236,62,
199,25,
133,78,
75,100,
46,147,
48,35,
57,-15,
110,-87,
88,-49,
105,69,
60,115,
54,104,
-5,14,
39,-66,
133,-76,
140,-6,
84,10,
152,16,
71,101,
70,22,
-10,-90,
2,-123,
73,-2,
7,57,
-29,92,
-79,47,
-107,-7,
-68,-112,
2,-39,
102,84,
86,117,
41,64,
-44,-46,
59,0,
51,7,
-15,21,
29,40,
-4,44,
23,99,
76,147,
110,165,
75,133,
65,100,
41,107,
76,102,
88,95,
68,80,
120,127,
32,136,
9,69,
19,23,
81,44,
84,78,
40,68,
28,64,
-47,58,
69,14,
174,56,
123,40,
101,83,
-6,55,
-57,90,
6,120,
43,21,
46,24,
6,66,
19,14,
135,30,
86,42,
19,25,
-96,-11,
-57,45,
-14,47,
17,65,
100,-12,
49,-33,
6,54,
102,76,
50,-6,
3,10,
-32,-22,
-1,-49,
5,33,
-19,120,
20,54,
16,40,
59,52,
72,75,
51,65,
27,-7,
63,-49,
89,-62,
78,-11,
41,59,
-37,27,
-45,36,
-6,11,
-11,34,
-2,78,
34,111,
83,108,
00>
_________________________________
00>
00>
Printing STS1 CIR
00>
00>
_________________________________
00>
48,11,
33,27,
49,5,
21,47,
-24,8,
8,24,
13,28,
-5,-4,
-20,69,
-9,8,
-28,19,
-59,-66,
1,-49,
-1,3,
44,8,
6,28,
10,34,
-3,62,
5,20,
24,6,
16,-13,
49,-75,
88,-11,
43,30,
65,68,
81,74,
23,1,
-58,-26,
16,17,
34,89,
10,84,
51,-2,
27,-35,
48,-5,
25,-16,
-58,10,
-50,36,
66,1,
41,11,
32,-7,
77,-46,
68,-16,
77,12,
72,-19,
15,38,
-144,87,
-18,73,
40,55,
-16,-27,
-47,-26,
-59,19,
31,22,
3,50,
-34,-4,
-1,43,
-7,58,
-53,33,
-30,16,
-44,-19,
-26,-30,
-16,43,
-23,18,
-54,11,
-57,94,
-9,29,
-18,40,
50,32,
77,0,
38,-14,
-13,29,
2,-9,
38,13,
41,-49,
-2,-56,
92,19,
94,38,
63,15,
84,13,
41,29,
-19,31,
40,23,
18,24,
15,82,
50,31,
91,-16,
86,16,
83,16,
60,11,
55,-21,
20,30,
14,46,
62,6,
72,-50,
141,-7,
138,22,
16,-35,
-24,-13,
23,-14,
33,30,
-74,35,
-30,63,
-24,-10,
4,-9,
-20,2,
-19,-7,
60,-28,
106,-7,
42,8,
-13,17,
-25,52,
-10,34,
-49,4,
-53,-10,
-32,39,
-49,-26,
15,12,
38,42,
97,50,
65,32,
4,6,
-2,-19,
16,-43,
35,-7,
40,47,
95,2,
43,2,
-16,-34,
-93,-9,
-115,26,
-40,39,
75,-4,
57,-38,
-2,-85,
-44,25,
-75,98,
-99,45,
2,60,
10,31,
-4,-11,
10,23,
-7,66,
23,22,
-15,3,
-32,46,
-10,31,
-75,34,
-28,43,
27,-34,
1,-39,
-5,44,
20,44,
47,5,
43,-13,
8,-45,
0,-4,
-34,-18,
-12,7,
72,-19,
40,35,
-13,19,
-44,97,
-24,45,
21,10,
3,11,
-32,-7,
-43,-44,
-33,-55,
3,14,
33,42,
68,54,
80,15,
9,20,
-3,6,
-17,18,
31,11,
76,25,
30,64,
15,-6,
42,-10,
5,9,
-9,2,
0,6,
40,18,
27,-14,
63,19,
34,81,
-101,75,
-83,49,
19,24,
43,-3,
15,-34,
-75,7,
-49,26,
-54,-6,
-21,-30,
61,-41,
81,-34,
14,-16,
23,8,
7,-25,
18,-8,
30,-23,
4,-19,
33,12,
45,28,
30,62,
53,-18,
2,-81,
18,-91,
71,-71,
30,-26,
-57,51,
7,-13,
43,-33,
72,-39,
80,-47,
51,33,
49,96,
29,86,
48,33,
30,-14,
17,11,
41,-24,
32,13,
20,38,
21,54,
-34,57,
-78,-7,
-62,16,
-58,18,
-5,-11,
75,45,
79,-20,
36,36,
12,6,
29,4,
113,-16,
50,-40,
-18,-35,
5,-18,
-39,-21,
-16,4,
36,12,
29,-14,
63,14,
-3,-18,
37,-2,
3,14,
-28,47,
-37,8,
-42,-12,
-45,6,
-41,23,
17,40,
5,18,
-51,21,
-51,44,
6,23,
91,-3,
38,65,
0,23,
25,26,
73,2,
72,87,
43,105,
75,40,
65,-53,
52,-4,
61,-30,
60,22,
32,-20,
-8,-22,
25,-42,
49,-32,
-4,14,
14,41,
24,19,
91,23,
60,-24,
22,-55,
-11,-86,
39,-69,
27,3,
128,-33,
92,-73,
65,-33,
31,-27,
12,-7,
39,-2,
9,53,
85,-22,
39,-61,
19,-6,
10,2,
-5,4,
62,-42,
49,-1,
-7,35,
-12,-38,
22,-4,
21,8,
-26,36,
-89,32,
-44,-3,
19,-4,
32,-8,
36,-24,
48,5,
40,12,
-33,8,
-40,9,
-29,0,
-15,43,
7,22,
39,-2,
5,-2,
49,92,
-7,36,
19,-81,
-34,-83,
9,-46,
64,-57,
25,11,
-3,9,
-13,-1,
25,-21,
31,-28,
24,-3,
-1,1,
-17,23,
52,34,
32,43,
79,30,
48,23,
-30,-28,
-8,-44,
-24,19,
-53,33,
-10,4,
72,-5,
49,21,
-16,65,
-78,71,
-33,-10,
-29,-9,
31,36,
42,43,
14,17,
83,-6,
96,-32,
60,-12,
-51,-24,
-29,-3,
-46,11,
20,-16,
10,-5,
61,32,
4,0,
-72,161,
-766,811,
-2515,2061,
-4313,3109,
-4424,2554,
-2326,747,
-81,-633,
597,-532,
268,478,
-106,1575,
-589,1822,
-829,1151,
-573,160,
-323,-350,
-297,-50,
-497,281,
-355,283,
-69,71,
54,-28,
47,-69,
14,-62,
-54,-62,
-7,-140,
176,-200,
352,-222,
304,-179,
107,-59,
-22,-16,
-93,-10,
-36,-46,
38,-41,
92,-122,
200,-235,
267,-193,
171,-50,
56,67,
6,6,
66,-27,
145,-29,
141,-36,
117,-46,
97,-65,
150,-104,
89,-137,
77,-110,
41,-114,
131,-62,
140,-85,
137,-34,
128,15,
119,-25,
58,-133,
69,-62,
67,11,
36,-87,
-1,-54,
-7,7,
21,-37,
-11,-124,
13,-107,
120,-148,
151,-135,
143,-72,
37,37,
-29,70,
-88,32,
-103,19,
0,-32,
19,-26,
13,-63,
103,-83,
169,-44,
202,-66,
195,-43,
146,-78,
91,-13,
201,20,
174,25,
68,-8,
90,-107,
100,-168,
134,-157,
117,-7,
48,68,
43,-9,
1,-36,
54,-40,
41,-38,
56,-78,
46,-114,
86,-105,
73,-73,
152,-34,
91,24,
-10,78,
2,29,
30,-42,
32,-107,
-4,-99,
-9,-76,
55,-10,
133,-80,
57,-34,
2,-9,
80,-84,
100,-78,
74,-102,
49,-42,
106,30,
148,19,
111,68,
69,28,
53,92,
0,45,
4,16,
-6,-78,
6,-77,
94,-38,
133,-20,
135,-20,
65,-84,
-51,-11,
-52,-9,
-27,-59,
32,-87,
92,-90,
119,-50,
78,-43,
44,-44,
71,-45,
93,-7,
33,-51,
21,-101,
87,-98,
121,-106,
51,-121,
38,-2,
70,-9,
159,5,
59,46,
15,25,
16,4,
51,-11,
19,21,
20,-24,
34,-39,
74,4,
86,39,
38,-15,
82,-66,
88,-78,
-15,-56,
44,3,
99,27,
00>
_________________________________
00>
RX Timestamp: 222091610407
00>
Clock Offset: -3403.187 Hz, 0.426 ppm
00>
RX Timestamp: 223162899086
00>
Clock Offset: -1800.156 Hz, 0.225 ppm
00>
_________________________________
Sequence Number: 38
00>
00>
Printing STS0 CIR
00>
00>
_________________________________
00>
-3,81,
-11,52,
18,44,
-20,38,
31,5,
19,37,
-13,-22,
-59,16,
-16,22,
18,-15,
57,-22,
38,49,
31,4,
28,-8,
21,14,
9,-15,
-1,-27,
-21,-26,
-40,-56,
24,-35,
42,-70,
50,-42,
25,-25,
42,-37,
51,-29,
43,20,
46,47,
79,77,
25,0,
-15,-29,
6,-75,
34,-13,
30,-32,
11,24,
-23,22,
-73,23,
-75,-35,
-7,-31,
36,2,
-6,43,
-39,45,
18,-23,
1,-26,
-55,-27,
-10,43,
4,5,
20,-58,
17,12,
-21,18,
57,23,
87,17,
20,6,
22,47,
-31,9,
8,26,
27,9,
17,28,
64,83,
-5,84,
27,10,
47,16,
-22,-22,
-12,48,
8,24,
68,57,
72,16,
-59,34,
-33,-37,
9,-63,
50,-54,
57,-41,
32,63,
10,-5,
-12,32,
18,10,
0,-22,
45,46,
23,-47,
1,-5,
-43,-31,
-84,-50,
-74,-4,
8,-11,
-21,-36,
3,-35,
0,-59,
8,-39,
-39,-48,
15,-74,
-20,47,
-6,40,
44,73,
54,24,
-6,-22,
-5,-11,
71,-40,
23,-53,
43,-62,
51,-46,
9,20,
-35,15,
-5,-45,
21,-51,
-5,-25,
17,-11,
2,-17,
-20,-12,
34,75,
54,5,
65,123,
14,38,
-26,-18,
-19,-68,
-20,-130,
7,-77,
-18,13,
32,130,
13,80,
-15,21,
-9,6,
-45,27,
13,23,
17,18,
27,-33,
31,-52,
-68,-20,
-64,78,
2,72,
22,26,
13,4,
-33,-1,
-28,10,
-55,-15,
32,54,
-19,34,
-61,31,
-35,14,
-43,-8,
-26,-8,
29,19,
62,19,
39,38,
83,57,
46,-11,
-40,-86,
-57,-38,
-51,-7,
-5,-14,
-48,34,
-56,117,
-58,72,
-12,61,
-3,-13,
-33,-6,
51,-34,
69,-33,
91,30,
83,41,
-17,61,
20,52,
0,4,
-52,-5,
44,58,
51,-2,
38,-27,
63,-50,
-28,-64,
-41,-24,
27,36,
55,32,
71,-6,
-12,56,
-4,32,
-48,7,
-25,50,
19,74,
34,-14,
33,-48,
1,26,
2,24,
35,64,
-73,58,
-61,51,
0,9,
-29,-34,
2,-10,
26,45,
58,-8,
33,-2,
55,25,
45,64,
-15,-15,
-68,6,
-17,-23,
5,36,
3,51,
58,47,
5,55,
-5,38,
-18,32,
-18,27,
-26,-26,
40,-7,
29,-12,
85,-9,
4,-6,
-22,0,
23,45,
68,41,
62,17,
12,24,
-6,40,
-26,39,
-15,32,
4,57,
-1,26,
-22,22,
-25,-43,
61,-25,
22,6,
-17,8,
-74,8,
9,80,
44,70,
-11,51,
17,6,
49,-50,
16,-40,
11,39,
-31,63,
17,23,
-41,63,
-30,46,
19,-34,
-20,-47,
-38,-5,
-24,-50,
5,-14,
18,-62,
23,13,
-23,-11,
23,-17,
-11,-29,
34,43,
-27,68,
-34,14,
2,35,
-39,54,
16,-13,
80,44,
15,24,
22,29,
31,88,
1,43,
26,-9,
-3,-12,
41,20,
-14,50,
40,-2,
-19,-1,
60,-31,
12,40,
-57,-14,
-52,-10,
-17,-5,
29,-43,
66,17,
20,-5,
-17,-60,
60,12,
18,44,
4,71,
-43,60,
-45,17,
0,19,
55,16,
-17,48,
15,21,
45,-28,
-1,24,
-60,14,
-15,115,
-2,28,
43,-18,
18,4,
55,20,
67,46,
54,-8,
49,-48,
82,18,
24,64,
-36,20,
42,-53,
81,-83,
103,-56,
42,-41,
0,-10,
-30,74,
-4,83,
-51,12,
-39,35,
33,41,
31,7,
30,-21,
-11,-15,
11,3,
-2,-47,
70,3,
51,-58,
24,38,
9,45,
7,29,
75,69,
-34,-11,
-14,6,
-12,31,
17,6,
36,-23,
23,24,
13,18,
48,-11,
58,40,
20,37,
-6,9,
31,50,
48,-22,
30,18,
13,-48,
-34,-26,
-11,-22,
-5,-11,
-6,29,
-33,70,
-73,94,
23,25,
16,46,
10,15,
-7,-50,
-3,-10,
51,21,
26,79,
-33,70,
-18,24,
1,61,
10,24,
-14,9,
27,-1,
52,26,
63,17,
-20,39,
-29,33,
-50,0,
-37,17,
10,27,
-128,-22,
-1179,-559,
-4493,-2369,
-6971,-4230,
-6314,-5011,
-2738,-4232,
810,-1105,
1143,471,
322,791,
83,1382,
303,2187,
206,2371,
-118,1238,
-280,-611,
-83,-2052,
154,-2218,
106,-1126,
-110,1,
-69,413,
22,141,
232,-81,
381,-105,
291,-403,
377,-379,
405,80,
254,458,
-28,240,
-194,-117,
-53,-231,
197,22,
284,283,
228,246,
210,101,
292,-13,
413,10,
224,-151,
249,-148,
186,-19,
-32,66,
-56,70,
17,4,
59,-42,
59,12,
-36,-4,
-27,-53,
-144,-95,
-140,-77,
-145,-44,
-90,13,
-52,103,
87,278,
-54,279,
-87,228,
1,199,
69,19,
40,-57,
83,17,
102,125,
156,197,
76,122,
-4,85,
-100,-2,
-109,-35,
-66,37,
-49,33,
-17,-35,
124,2,
140,57,
127,55,
174,15,
27,-12,
85,41,
132,37,
200,183,
189,227,
107,266,
17,196,
-33,176,
-37,130,
42,95,
213,122,
340,186,
248,230,
112,58,
86,25,
150,65,
51,147,
60,192,
34,90,
8,-19,
-13,30,
-16,38,
-4,145,
45,126,
113,62,
135,86,
130,92,
88,105,
126,96,
66,19,
83,-24,
59,36,
13,-40,
21,-59,
58,17,
112,25,
133,49,
90,92,
56,94,
92,107,
137,203,
93,162,
79,111,
70,31,
75,-24,
4,16,
-36,-6,
44,85,
3,86,
12,104,
54,116,
53,144,
46,98,
75,54,
20,56,
37,66,
41,55,
29,29,
41,56,
53,90,
8,28,
6,10,
-35,72,
-10,43,
0,18,
64,49,
34,26,
22,19,
28,57,
33,91,
31,56,
17,32,
17,-15,
58,28,
98,9,
76,21,
19,-1,
-46,44,
-14,56,
9,62,
22,82,
64,43,
100,54,
84,5,
55,-11,
43,-3,
51,-20,
50,12,
00>
_________________________________
00>
00>
Printing STS1 CIR
00>
00>
_________________________________
00>
-60,-11,
-101,56,
-62,-2,
-41,1,
-40,-42,
24,-35,
31,22,
84,-11,
66,-8,
-3,-54,
-58,1,
-37,32,
5,24,
-2,17,
-9,37,
15,31,
7,40,
-9,0,
6,-19,
10,-63,
9,-45,
-16,-90,
-13,-90,
-22,-41,
9,56,
40,30,
17,24,
-2,9,
53,80,
22,74,
-33,61,
-6,21,
8,-41,
-6,6,
54,23,
44,13,
-18,2,
-44,-21,
-5,-66,
14,-39,
-35,9,
-32,36,
-39,18,
14,14,
-17,14,
-40,-16,
34,-35,
6,-73,
26,-64,
1,24,
36,-1,
112,-37,
120,-23,
41,-11,
-4,-13,
-65,15,
-61,28,
7,53,
77,44,
19,7,
3,2,
50,-14,
-7,13,
16,10,
-20,2,
-34,-35,
-38,32,
18,48,
34,28,
16,-15,
2,-7,
-57,35,
-39,21,
15,36,
55,30,
63,18,
22,-12,
26,-6,
57,54,
68,12,
93,33,
4,81,
-24,24,
7,7,
12,8,
21,-14,
12,-44,
55,-44,
35,37,
6,48,
23,5,
86,-12,
25,43,
41,36,
-43,15,
-36,-66,
36,-15,
1,-3,
-19,48,
4,60,
-45,65,
38,95,
34,74,
13,1,
33,32,
12,32,
-5,55,
96,-16,
103,-37,
52,17,
17,37,
17,14,
28,15,
19,26,
121,-9,
98,-12,
39,-32,
3,-11,
-2,-10,
-13,-2,
14,70,
57,50,
34,-10,
5,-71,
44,-60,
-27,-83,
-36,-26,
-39,22,
13,-13,
2,-15,
-1,-12,
2,35,
-23,57,
-37,73,
-41,-9,
-1,-84,
-13,-25,
59,-39,
47,7,
36,8,
22,-12,
38,-23,
-9,-9,
-15,5,
4,9,
-9,10,
13,0,
1,5,
-41,33,
-7,71,
-4,63,
3,21,
-20,-4,
4,-10,
33,-2,
44,-46,
58,10,
39,-21,
34,5,
37,7,
72,-8,
116,11,
23,53,
-21,53,
94,77,
98,109,
50,39,
-6,-33,
19,-38,
53,42,
73,26,
8,36,
9,-2,
79,-2,
88,21,
86,39,
-6,9,
22,-1,
39,8,
83,46,
80,78,
6,45,
15,33,
15,8,
-19,26,
-33,42,
-4,58,
41,-31,
29,-45,
14,-45,
-12,-8,
-12,-46,
5,-25,
41,-12,
32,-1,
-5,18,
63,14,
27,-8,
10,-31,
23,15,
-4,54,
-5,23,
46,31,
28,30,
58,-7,
74,10,
68,-42,
32,-48,
-13,-25,
38,22,
13,22,
1,5,
-11,49,
39,23,
33,39,
-49,16,
-89,-9,
-56,2,
13,2,
-18,-44,
12,-90,
-45,-78,
21,-74,
-2,-96,
1,-83,
26,-11,
11,-52,
-49,-45,
-20,-42,
16,-21,
10,-20,
23,47,
14,-7,
-57,7,
-71,7,
21,31,
60,-14,
-7,-36,
-32,-58,
-26,-43,
-3,-11,
23,28,
60,9,
18,-7,
-1,-24,
-34,-24,
-12,32,
5,26,
85,1,
2,0,
-77,5,
-39,4,
12,-24,
3,-42,
15,-5,
46,21,
38,13,
29,14,
29,51,
39,33,
-9,82,
-45,123,
-18,58,
-21,-45,
48,-31,
13,-49,
24,-4,
-14,3,
23,-9,
49,-15,
36,-38,
-11,-30,
-18,9,
5,-20,
-22,-10,
-31,10,
27,6,
12,-20,
18,-21,
-23,7,
-6,18,
-49,47,
-31,30,
37,15,
26,-6,
2,36,
-6,-11,
-23,5,
-21,48,
-20,48,
37,29,
10,19,
36,72,
13,78,
42,-3,
-57,-52,
-45,-17,
-51,-59,
25,-6,
18,39,
66,16,
61,-36,
20,-13,
-7,15,
-53,37,
-58,14,
9,21,
60,-36,
54,-16,
6,-30,
16,-39,
-44,-63,
-10,-25,
11,-48,
21,27,
-4,30,
19,-43,
37,-49,
-2,20,
-17,16,
-3,-19,
10,-5,
-15,11,
16,69,
-5,63,
18,-25,
20,-5,
36,-6,
-22,-2,
-26,17,
-43,-18,
2,10,
105,12,
160,10,
69,-2,
-43,41,
-54,69,
16,68,
40,33,
27,20,
24,49,
14,42,
35,11,
-15,9,
-17,31,
13,46,
49,43,
56,15,
14,-61,
-49,-8,
-18,25,
42,-39,
92,-42,
64,40,
-176,260,
-1783,920,
-5344,2249,
-7556,2643,
-7177,2116,
-3623,607,
943,-771,
1790,-825,
955,-375,
1318,-504,
2753,-902,
3164,-530,
1759,292,
11,899,
-641,1067,
-467,1112,
-57,961,
224,460,
270,-9,
84,-55,
102,-65,
332,-271,
568,-572,
687,-681,
393,-487,
-80,-262,
-326,-225,
-213,-398,
148,-559,
510,-462,
462,-239,
218,-127,
-16,-49,
-3,-13,
202,30,
190,150,
213,240,
196,153,
-173,132,
-267,86,
-91,53,
48,47,
123,90,
159,141,
150,86,
109,-47,
23,-107,
-76,-91,
-60,41,
6,85,
34,122,
30,172,
26,110,
45,61,
5,-57,
-37,-71,
16,-67,
15,-43,
36,-82,
14,-185,
34,-205,
45,-107,
98,-9,
-36,111,
-89,136,
-105,149,
-9,88,
14,-29,
61,-39,
170,-38,
91,-11,
51,59,
0,106,
-46,85,
-7,49,
-82,-22,
-134,-18,
-130,25,
-135,94,
-95,126,
73,132,
143,28,
190,1,
46,12,
-54,-85,
-134,-78,
8,-101,
83,-141,
168,-126,
147,-80,
88,16,
104,32,
66,-14,
66,8,
88,-47,
99,-72,
121,-77,
112,-80,
25,-72,
-31,-14,
-17,-60,
68,-76,
63,-52,
-9,18,
58,62,
40,10,
59,-74,
42,-68,
56,40,
36,89,
34,57,
35,39,
18,22,
29,-21,
-2,-4,
-32,4,
-71,-17,
-4,-61,
15,-21,
53,-43,
65,-62,
75,-29,
35,6,
65,-23,
90,-61,
11,-52,
-12,18,
-11,29,
78,26,
96,4,
75,-9,
-30,-81,
9,-65,
88,-66,
115,-47,
70,-36,
50,-55,
-11,21,
-29,-42,
64,-10,
74,-8,
62,10,
15,15,
62,50,
97,64,
107,20,
52,-25,
-14,-66,
9,-83,
54,-42,
112,-42,
75,25,
90,48,
79,41,
32,6,
57,-23,
102,-11,
96,-51,
00>
_________________________________
00>
_________________________________
Sequence Number: 41
00>
00>
Printing STS0 CIR
00>
00>
_________________________________
00>
-43,0,
-12,14,
19,-7,
77,-3,
26,-1,
14,68,
4,83,
-9,36,
-21,32,
5,12,
82,-8,
16,-25,
19,-25,
21,-9,
2,92,
-24,-25,
-19,-25,
6,-48,
3,5,
19,13,
32,15,
35,19,
126,-43,
15,40,
42,28,
-18,1,
-5,-14,
9,27,
27,31,
17,36,
-5,-6,
8,-20,
-27,-48,
-18,-2,
29,28,
77,27,
42,25,
-22,16,
-20,-20,
-34,-18,
1,-14,
50,20,
31,92,
42,49,
19,9,
14,19,
5,70,
-5,7,
-29,66,
-53,-25,
-106,20,
-62,-31,
-54,-54,
-6,-20,
30,-80,
-1,-44,
-25,43,
-3,-8,
-15,0,
-8,5,
11,-14,
64,4,
53,2,
1,48,
-17,41,
11,-3,
60,29,
74,16,
78,36,
97,105,
-66,0,
-47,-30,
-9,-1,
-17,40,
36,52,
6,53,
-19,46,
-34,32,
-31,39,
15,32,
16,16,
23,6,
53,16,
5,15,
15,50,
100,13,
16,28,
-26,11,
-8,-15,
-40,19,
-21,12,
-52,1,
-44,-3,
-3,14,
54,-7,
31,-44,
27,-6,
43,30,
49,-18,
59,-12,
64,31,
25,47,
44,18,
33,-13,
-3,-32,
-1,-25,
37,-20,
17,40,
-15,17,
7,-15,
32,-37,
10,-20,
-1,16,
39,16,
-50,-28,
-62,-52,
-93,-43,
-28,-40,
28,26,
-1,-16,
1,-49,
-26,-77,
12,29,
-32,28,
-6,89,
13,69,
49,65,
45,-5,
0,-26,
-11,-3,
-47,15,
-47,-30,
-75,-32,
-38,26,
1,-26,
-8,31,
13,-6,
11,18,
-51,80,
2,65,
16,-1,
-4,-20,
-8,0,
0,12,
-9,55,
8,76,
36,14,
-34,19,
-17,39,
-16,45,
5,15,
-31,38,
-20,32,
1,65,
24,36,
25,-12,
22,-2,
29,52,
36,2,
77,23,
49,21,
16,-6,
29,22,
71,81,
51,55,
-35,0,
5,54,
53,57,
50,-29,
64,-26,
-49,-34,
23,41,
66,40,
20,22,
11,56,
29,39,
16,-35,
10,1,
-77,16,
-57,15,
-61,0,
6,-17,
54,-6,
47,-18,
9,31,
13,32,
83,-45,
69,-47,
10,-33,
39,0,
29,-2,
-28,-37,
-48,9,
-79,28,
45,57,
15,64,
36,64,
-14,-24,
19,9,
-5,1,
43,20,
-3,-14,
32,22,
18,109,
42,43,
7,35,
-8,-32,
-8,-29,
13,-30,
13,38,
4,12,
4,14,
20,5,
-40,-31,
10,27,
-24,11,
-19,20,
23,15,
67,23,
31,1,
7,-35,
-46,-5,
-10,2,
-25,29,
-36,27,
-1,34,
43,8,
24,50,
74,60,
24,42,
60,4,
34,-24,
10,-13,
36,-21,
44,8,
9,-20,
-23,-13,
-6,42,
23,53,
-4,8,
-32,33,
-64,11,
-96,-19,
-77,4,
-28,-49,
-32,-45,
27,-32,
22,-39,
5,-13,
10,48,
-15,20,
16,-7,
0,-33,
-6,-28,
-32,-11,
0,-67,
-17,31,
2,0,
-28,30,
40,4,
35,-12,
13,9,
43,37,
38,76,
-20,-18,
23,-49,
-3,-3,
-4,-7,
-13,-3,
13,21,
2,-29,
5,11,
-1,9,
-10,-41,
41,2,
49,-1,
58,22,
-25,-40,
39,-48,
-10,19,
-18,26,
31,62,
43,9,
1,0,
-15,16,
21,31,
-1,47,
-24,14,
11,0,
73,43,
33,46,
72,18,
32,15,
38,-46,
-59,-24,
12,106,
-38,60,
43,6,
9,-13,
25,-3,
16,-23,
-9,29,
-23,-38,
-21,3,
-30,0,
-56,-28,
-121,41,
-20,-26,
-26,2,
-8,-63,
33,-27,
-15,11,
1,39,
2,-29,
43,-71,
55,13,
19,28,
13,-5,
21,20,
-6,13,
29,12,
-11,-14,
-8,-38,
1,6,
30,-10,
35,-95,
-7,-6,
-24,60,
47,26,
13,76,
30,19,
-31,0,
24,-17,
-5,-2,
-42,3,
-61,5,
-25,23,
23,-50,
-25,-47,
38,-12,
22,-19,
9,35,
3,-13,
-26,40,
15,-24,
6,-7,
10,42,
11,-32,
-12,-8,
0,4,
12,6,
28,28,
36,363,
210,2432,
-144,7789,
-1517,8038,
-3661,7608,
-6048,4408,
-3805,-1503,
-725,-1764,
163,358,
-400,2107,
-1509,2352,
-1235,742,
-503,-721,
-136,-1323,
-210,-1379,
-330,-1141,
-254,-593,
-208,-150,
-201,26,
-58,-61,
-40,-91,
108,-230,
245,352,
346,798,
511,571,
729,225,
668,-420,
344,-393,
145,-39,
207,315,
151,431,
13,326,
-72,96,
38,-99,
284,-78,
200,19,
69,-18,
49,-251,
252,-479,
203,-378,
230,-228,
257,-325,
131,-390,
-123,-238,
-243,-223,
-255,-195,
-141,-230,
-30,-138,
27,-51,
63,-99,
31,-178,
-42,-117,
-179,-211,
-103,-400,
111,-350,
239,-220,
250,-122,
154,-66,
-71,-33,
-130,-47,
-127,-112,
-80,-206,
36,-207,
133,-91,
124,42,
95,56,
65,-26,
-24,-26,
-128,-105,
-112,-206,
-123,-439,
-19,-342,
-13,-104,
-108,-51,
-171,9,
-21,-101,
87,-105,
108,-90,
39,29,
-43,184,
-16,149,
31,178,
163,-35,
130,24,
42,-3,
-61,35,
25,31,
40,5,
33,-14,
-4,-155,
28,-154,
71,-180,
47,-107,
108,-33,
116,-79,
112,-65,
108,-115,
110,-166,
51,-142,
-13,-51,
4,-38,
124,1,
111,-108,
29,-110,
48,-50,
105,-124,
118,-88,
94,-24,
-26,-38,
-25,-124,
-15,-206,
63,-213,
89,-168,
152,-64,
150,-3,
57,-3,
31,-8,
62,-79,
130,-117,
58,-141,
60,-40,
45,-77,
-18,-83,
25,-127,
-13,-91,
50,-41,
57,-47,
27,-52,
57,-48,
92,-72,
114,-27,
71,28,
12,-1,
80,-15,
160,-32,
79,-10,
68,62,
107,32,
89,-92,
60,-82,
51,-66,
51,-52,
22,-138,
21,-156,
65,-74,
79,-124,
49,-55,
-32,20,
28,16,
-15,-66,
65,-68,
57,-66,
59,-43,
88,-80,
132,-104,
172,-64,
94,23,
78,24,
56,4,
72,-34,
00>
_________________________________
00>
00>
Printing STS1 CIR
00>
00>
_________________________________
00>
39,77,
41,23,
15,42,
15,6,
-30,22,
16,46,
74,-4,
32,16,
-21,6,
-13,23,
2,-13,
31,-4,
25,-44,
-3,-24,
-22,1,
31,-17,
23,-7,
41,-2,
26,-17,
-3,12,
-11,-6,
-10,-59,
15,-27,
2,-13,
4,59,
-30,19,
-76,8,
-54,37,
2,25,
64,18,
60,21,
-3,98,
-41,42,
-15,59,
18,21,
18,-6,
58,-50,
28,-44,
-28,15,
-2,19,
-60,36,
-7,0,
61,1,
44,-9,
-21,43,
35,50,
79,23,
27,-9,
20,-21,
8,0,
-13,59,
-1,7,
8,7,
1,12,
-57,-12,
12,20,
43,16,
47,13,
52,55,
51,12,
27,-25,
14,21,
21,-13,
25,12,
-9,-2,
-5,3,
17,34,
-1,19,
35,27,
27,10,
19,10,
36,21,
36,-7,
52,31,
39,2,
57,25,
8,7,
-4,31,
-48,8,
-2,24,
25,37,
61,20,
-14,11,
31,-39,
41,-17,
-24,-3,
1,10,
41,10,
31,-10,
-4,-7,
15,-5,
-24,-5,
24,44,
35,22,
3,4,
-24,18,
10,16,
-17,-10,
-79,100,
-57,52,
-39,38,
-38,-11,
4,-19,
38,11,
46,0,
65,10,
101,33,
32,79,
14,52,
48,7,
-7,22,
-51,-2,
-22,14,
17,34,
-4,14,
-15,35,
-36,21,
-44,-19,
-38,-62,
-4,-12,
19,7,
39,50,
-43,78,
-31,36,
-8,9,
28,14,
26,47,
29,44,
43,14,
-19,42,
-33,74,
-45,103,
-44,48,
-17,9,
5,-29,
-29,-4,
16,28,
66,36,
40,3,
33,-7,
-1,-17,
29,-33,
23,-6,
-18,25,
26,-20,
-1,29,
-19,94,
-22,62,
-32,32,
26,19,
11,-32,
9,-25,
50,19,
39,50,
47,46,
0,46,
-30,11,
-32,-24,
-3,68,
11,55,
30,-4,
43,-4,
15,22,
20,35,
62,-5,
-1,-35,
-5,34,
1,27,
-18,29,
22,-21,
77,-24,
65,-74,
28,-27,
6,3,
-29,6,
0,-11,
-8,-11,
-8,18,
0,1,
5,-18,
19,-23,
59,-6,
19,10,
-27,29,
35,1,
66,-8,
3,-5,
4,-1,
44,36,
34,-5,
43,-29,
46,-2,
41,22,
46,39,
7,-14,
-6,9,
-14,55,
44,91,
90,61,
54,41,
-42,-8,
-65,-65,
-38,-31,
31,18,
6,24,
28,21,
2,36,
25,28,
-39,35,
-24,6,
36,52,
-31,75,
-52,59,
-29,42,
100,-1,
79,14,
37,61,
43,15,
50,-21,
7,28,
29,43,
41,41,
12,34,
-32,4,
31,-16,
-5,-7,
33,-4,
-2,34,
18,49,
35,62,
100,-23,
83,8,
39,-50,
-45,-24,
22,56,
9,-8,
9,-8,
26,5,
-8,26,
-9,38,
2,-13,
57,-23,
5,-4,
31,-17,
37,-10,
48,23,
46,-27,
45,14,
104,34,
68,-21,
30,-14,
-17,-3,
4,-14,
-19,-20,
-39,15,
20,30,
36,42,
49,49,
45,-15,
-5,46,
-22,54,
20,34,
-43,17,
30,25,
71,73,
-11,84,
-17,61,
67,83,
26,-11,
10,-16,
5,6,
-10,39,
-10,25,
-11,0,
2,21,
-4,30,
7,34,
19,3,
18,-66,
23,-8,
27,51,
79,77,
25,9,
17,-5,
-8,-3,
12,-1,
-29,-5,
-40,20,
30,35,
21,25,
11,18,
-23,55,
-7,11,
-34,-21,
-11,48,
-5,36,
49,-3,
9,2,
12,26,
20,-3,
6,-25,
20,14,
-39,27,
-13,23,
20,35,
1,3,
39,-6,
33,-12,
29,-13,
40,24,
33,27,
19,2,
27,28,
7,32,
18,32,
40,7,
16,19,
6,32,
14,33,
37,9,
-3,44,
73,20,
10,-30,
13,-7,
34,25,
30,-4,
32,-40,
53,-28,
-22,2,
4,-9,
57,65,
77,9,
-23,-22,
-19,-22,
62,5,
79,26,
38,47,
47,6,
21,-38,
30,-58,
61,-27,
83,-15,
63,71,
17,20,
-12,4,
-52,24,
-47,36,
-30,18,
10,-40,
71,9,
56,-17,
57,16,
474,229,
2407,1305,
5895,4947,
5744,6757,
4207,6955,
179,4023,
-1650,206,
-520,-757,
1998,-836,
4683,-583,
5140,483,
2517,1215,
-168,970,
-653,640,
24,656,
569,765,
423,468,
83,98,
-65,-120,
-9,-14,
-67,56,
-311,204,
-635,11,
-695,-273,
-619,-436,
-515,-562,
-91,-136,
99,195,
-47,189,
-75,125,
-106,20,
-297,-104,
-361,-199,
-417,-316,
-19,-113,
1,45,
-70,29,
-170,-257,
-31,-255,
7,-252,
21,-173,
-43,-46,
-202,-36,
-409,-76,
-251,-8,
-168,-54,
-49,-128,
-76,-144,
-68,-95,
-99,-85,
-75,-52,
-12,-18,
-55,-51,
-160,-82,
-78,53,
-53,71,
-94,98,
-203,37,
-352,2,
-464,-76,
-170,-152,
-23,-184,
56,-130,
90,-35,
69,42,
25,68,
-32,-21,
-31,-6,
-81,25,
-180,-49,
-246,-92,
-216,-216,
-216,-266,
-259,-303,
-179,-381,
-7,-409,
165,-298,
99,-126,
-72,-55,
-291,-125,
-380,-153,
-417,-154,
-63,-27,
-5,22,
32,-25,
-45,-82,
-14,-99,
-34,-27,
-81,61,
-142,95,
-169,63,
-142,-106,
-9,-180,
63,-105,
26,-5,
-50,26,
-90,8,
-123,-57,
-67,-36,
-6,-33,
1,-70,
-49,-171,
-57,-56,
-52,-36,
-95,-72,
-132,-148,
-63,-168,
22,-53,
43,-75,
70,-105,
39,-109,
-1,-91,
-45,17,
-116,-30,
-24,-88,
-34,-75,
-97,-81,
-151,-191,
-24,-99,
-24,-84,
-113,-21,
-176,-2,
-123,-30,
-118,-42,
-76,-41,
-120,-11,
-105,9,
-95,-37,
-54,-42,
-58,-119,
-21,-108,
-15,-78,
-60,-11,
-88,-8,
-97,25,
-50,-1,
-23,-13,
33,-80,
-7,-100,
-46,-50,
2,-41,
15,-33,
21,-19,
13,-32,
12,-5,
-7,-37,
-28,35,
-48,74,
-66,20,
-129,-76,
-63,-18,
-57,-66,
-37,-49,
17,-23,
-38,5,
-92,-21,
-55,6,
-66,20,
-38,-13,
-32,-54,
00>
_________________________________
00>
RX Timestamp: 362091632389
00>
Clock Offset: -2231.598 Hz, 0.279 ppm
00>
RX Timestamp: 363163075201
00>
Clock Offset: -3328.800 Hz, 0.417 ppm
00>
_________________________________
Sequence Number: 174
00>
00>
Printing STS0 CIR
00>
00>
_________________________________
00>
-22,-6,
8,-19,
48,-12,
16,6,
30,-7,
4,-7,
-4,29,
-4,49,
14,52,
7,34,
38,-28,
19,-84,
-2,35,
60,64,
-14,10,
-26,29,
-4,-17,
5,28,
-18,66,
7,-16,
-51,-33,
36,19,
-19,29,
-6,-34,
2,-3,
50,56,
38,63,
12,-10,
45,30,
37,50,
66,15,
-7,-7,
35,-28,
-34,44,
18,45,
59,25,
-38,8,
-44,57,
-19,38,
-42,27,
-39,26,
13,-9,
16,-15,
22,15,
36,0,
36,-8,
4,-25,
12,-25,
24,103,
4,77,
-16,14,
5,25,
38,81,
50,81,
-9,-1,
12,19,
0,30,
39,-49,
57,-33,
-8,33,
-20,-16,
-9,-11,
10,33,
46,13,
1,-54,
-14,5,
-48,-26,
17,-79,
-16,98,
18,153,
-39,65,
-7,7,
-78,-67,
-2,-16,
21,32,
27,8,
33,7,
-5,-18,
44,-12,
3,-10,
45,35,
-24,19,
-3,8,
-5,24,
-30,78,
5,79,
-16,112,
-63,75,
-48,71,
47,22,
49,73,
-7,-29,
7,-2,
-18,-27,
35,11,
-2,84,
-59,124,
-35,54,
-50,17,
0,-9,
62,-27,
34,-45,
30,-43,
36,-13,
7,53,
-10,43,
29,95,
14,90,
14,24,
15,14,
-6,19,
123,36,
34,-27,
14,-24,
37,51,
-1,18,
-20,41,
2,2,
-2,5,
44,13,
34,-25,
25,40,
-12,19,
26,-80,
-21,-94,
27,12,
101,10,
63,49,
-60,15,
-11,18,
11,-17,
-3,-81,
-25,25,
-64,58,
-8,54,
64,7,
43,-32,
90,9,
35,55,
0,52,
-17,45,
18,75,
-14,38,
-5,33,
-9,19,
2,44,
-14,78,
-56,44,
-35,-1,
-38,-32,
-71,-12,
-5,-70,
21,-83,
18,-97,
-5,-14,
-50,10,
2,-3,
-26,-55,
16,-30,
-49,54,
-35,35,
-10,26,
45,15,
6,-33,
-2,-51,
14,-48,
23,-3,
75,-10,
26,-6,
31,53,
70,-1,
52,34,
75,57,
15,37,
15,-6,
45,-21,
5,46,
24,55,
-5,38,
36,24,
-11,9,
11,13,
33,-1,
34,-4,
-16,-3,
-15,29,
24,-17,
13,-27,
41,-8,
23,82,
-13,92,
24,82,
32,67,
6,27,
-6,37,
-16,15,
-2,122,
-6,92,
-24,103,
42,30,
35,-40,
-1,-10,
17,25,
50,29,
91,12,
59,50,
69,-33,
27,-49,
9,-65,
74,-2,
53,4,
21,80,
11,76,
-3,92,
2,58,
-34,30,
-9,-23,
17,-13,
74,44,
22,-6,
-2,-9,
25,44,
-25,33,
13,-35,
66,17,
98,13,
64,0,
37,18,
6,29,
14,72,
-15,104,
-65,-43,
-62,-44,
-32,-35,
29,39,
51,41,
4,54,
-12,-3,
18,7,
56,50,
31,44,
-13,32,
-29,37,
30,16,
39,-19,
-6,17,
25,18,
-31,8,
-37,55,
3,5,
-65,25,
19,-7,
-4,28,
-3,15,
-7,-10,
-11,-21,
-48,73,
-17,29,
-60,48,
-14,76,
-11,40,
-39,63,
-32,59,
-19,23,
27,-16,
8,-26,
-19,7,
1,46,
-16,26,
50,135,
-35,84,
-60,83,
-1,70,
8,28,
-2,-21,
-42,-4,
9,28,
7,50,
-24,46,
-57,54,
25,-33,
18,-7,
-23,-20,
-44,-28,
23,51,
29,-5,
14,18,
20,49,
30,17,
-15,-20,
41,37,
-50,96,
-47,45,
3,25,
-6,73,
-7,25,
35,-94,
56,-34,
20,16,
-13,17,
76,35,
22,69,
26,40,
0,15,
-10,2,
-69,17,
-48,-8,
-1,10,
-9,40,
-30,25,
-13,-26,
-11,-44,
40,-48,
38,-15,
49,-4,
13,8,
-64,-22,
1,-21,
17,-26,
45,-30,
-56,61,
-63,85,
10,48,
22,-39,
-3,-39,
77,-56,
101,-55,
-22,69,
-43,37,
22,8,
20,-5,
2,23,
-29,28,
-54,-25,
-21,9,
-3,38,
-9,32,
-1,-24,
-9,11,
43,38,
69,91,
57,18,
42,-35,
21,24,
19,54,
9,21,
30,-16,
-33,-21,
11,3,
27,22,
24,10,
-5,46,
32,55,
-16,40,
-537,134,
-2769,454,
-7120,172,
-8030,-826,
-6793,-1952,
-1277,-1875,
1217,-894,
937,205,
460,899,
790,1450,
1191,1965,
696,1548,
-145,292,
-683,-1140,
-770,-1956,
-476,-1540,
-218,-360,
-51,314,
160,297,
152,-15,
259,-120,
100,-314,
256,-579,
337,-345,
425,126,
216,277,
-170,59,
-252,-237,
89,-143,
355,40,
466,121,
264,11,
255,-102,
401,-120,
267,-181,
101,-223,
151,-256,
71,19,
-26,168,
16,98,
22,-10,
23,-79,
-22,-34,
-75,36,
-133,2,
-211,-60,
-179,-75,
-151,-44,
-110,54,
37,120,
159,294,
64,356,
12,346,
-54,74,
-5,-52,
154,-109,
149,27,
201,154,
167,113,
107,41,
-6,-76,
-126,77,
-90,176,
-71,148,
-72,42,
39,67,
156,164,
59,189,
84,35,
35,-33,
12,-77,
27,-48,
127,7,
229,158,
230,169,
139,179,
-4,135,
-35,171,
50,210,
138,68,
247,-48,
293,-30,
180,-41,
86,-149,
184,-78,
197,56,
75,149,
81,107,
-5,21,
-10,28,
32,80,
62,89,
64,41,
153,0,
186,-60,
154,2,
87,62,
102,57,
72,1,
41,-66,
54,8,
54,-31,
133,-48,
79,36,
103,73,
68,66,
18,69,
59,56,
65,35,
100,80,
136,55,
122,34,
30,-17,
9,-28,
68,35,
62,22,
49,39,
110,104,
80,29,
123,58,
84,39,
103,7,
64,61,
77,26,
4,24,
16,31,
87,60,
88,45,
81,21,
128,34,
65,38,
-2,16,
43,-20,
48,-31,
19,4,
-8,-48,
-34,-6,
53,34,
64,27,
53,-21,
82,20,
63,55,
57,8,
-38,-43,
-23,23,
52,-1,
51,-6,
-12,-14,
60,-10,
97,67,
63,95,
67,67,
9,37,
4,79,
38,41,
48,86,
66,-14,
3,44,
00>
_________________________________
00>
00>
Printing STS1 CIR
00>
00>
_________________________________
00>
-3,22,
40,48,
22,-11,
-1,-9,
8,25,
46,29,
44,57,
-15,27,
25,8,
3,28,
93,4,
70,-9,
-25,3,
-3,3,
-33,64,
-48,46,
1,24,
-1,80,
-1,84,
11,100,
-7,5,
5,-4,
-11,-17,
3,16,
22,75,
59,69,
14,29,
-18,6,
-24,-31,
-2,42,
-34,83,
20,79,
61,17,
64,-6,
26,57,
-14,43,
-17,42,
-4,-20,
26,15,
88,-24,
3,-7,
-53,56,
-44,32,
0,19,
39,33,
58,8,
-9,81,
1,58,
6,38,
-32,35,
63,60,
83,46,
76,17,
54,0,
60,39,
11,19,
-11,0,
15,15,
42,36,
-8,43,
-57,-28,
-24,-2,
64,-2,
59,13,
33,-17,
20,12,
16,19,
-9,5,
17,14,
23,24,
48,42,
2,40,
-37,74,
-24,65,
52,39,
74,42,
-27,10,
-16,14,
47,-42,
34,48,
11,74,
-15,33,
7,17,
25,-4,
-29,53,
9,52,
-1,28,
18,18,
52,13,
28,23,
52,17,
66,-5,
54,59,
50,44,
63,56,
-4,74,
45,63,
66,36,
26,-37,
16,-40,
-39,17,
-35,4,
-27,7,
-68,59,
16,90,
-10,6,
-7,41,
18,71,
31,85,
46,52,
-39,-18,
-30,-1,
-37,75,
-36,67,
-73,6,
-60,-5,
-17,38,
16,53,
49,42,
65,79,
36,103,
55,34,
22,35,
28,33,
98,70,
22,76,
57,26,
61,-12,
85,19,
33,-10,
-27,23,
23,50,
51,93,
22,30,
34,46,
25,-48,
29,-41,
-1,-60,
38,-20,
27,-11,
39,-2,
27,-26,
-3,44,
39,40,
51,75,
74,53,
41,20,
-11,76,
47,22,
52,4,
33,34,
100,-5,
31,-43,
78,-31,
47,58,
55,114,
19,153,
-22,105,
-16,28,
89,31,
82,44,
31,31,
41,33,
49,-8,
62,69,
52,57,
30,48,
-3,53,
25,54,
-2,43,
16,9,
-41,61,
-23,54,
-35,21,
28,-44,
103,29,
84,51,
51,64,
-1,56,
33,-8,
21,12,
42,15,
-1,37,
22,67,
59,30,
62,19,
61,0,
62,-15,
28,12,
11,50,
28,59,
-13,127,
37,25,
90,42,
66,15,
65,-23,
35,58,
26,54,
0,24,
30,42,
8,58,
22,45,
-17,36,
18,-1,
40,2,
47,34,
10,65,
66,90,
27,111,
3,56,
11,18,
-45,-13,
-21,20,
8,0,
120,26,
44,0,
0,-13,
12,27,
18,-12,
69,11,
107,-13,
52,4,
73,70,
2,41,
4,-43,
-19,-15,
33,-16,
39,50,
52,-7,
64,40,
32,25,
55,32,
-9,25,
-21,-1,
-13,38,
-17,47,
-22,62,
-23,10,
71,-5,
68,40,
22,45,
53,43,
53,34,
59,8,
48,20,
22,13,
-2,11,
8,4,
57,29,
31,48,
51,2,
74,-3,
52,-6,
1,-30,
14,-18,
52,-14,
52,20,
76,45,
17,35,
3,42,
-35,51,
-11,24,
-21,-42,
22,-17,
46,33,
9,-19,
-7,-10,
30,-9,
1,-13,
-15,-25,
41,8,
-9,28,
20,18,
18,-7,
25,12,
4,44,
68,23,
61,42,
54,19,
-1,-62,
8,-20,
40,-46,
22,14,
1,21,
-8,15,
0,36,
24,35,
10,1,
21,4,
28,0,
22,3,
-40,-33,
-57,-20,
9,-13,
34,-22,
24,11,
31,45,
62,8,
91,-5,
108,1,
70,4,
82,-20,
9,16,
-21,57,
6,40,
67,48,
109,1,
63,20,
28,-9,
70,41,
66,73,
-15,65,
-59,72,
-28,21,
20,-73,
-6,-70,
23,-51,
109,-55,
50,-41,
54,13,
57,0,
50,41,
-23,28,
-6,13,
-39,-36,
-82,7,
-30,4,
-7,20,
10,11,
-10,19,
-30,-6,
40,-25,
107,-85,
31,-35,
-60,23,
9,19,
39,57,
-4,35,
-75,-21,
-8,-64,
10,11,
10,8,
52,-16,
60,20,
83,-8,
70,18,
34,-2,
11,-15,
15,14,
8,27,
-11,62,
-8,48,
16,-3,
36,64,
-179,799,
-1245,3362,
-2887,6812,
-3485,7141,
-3135,5215,
-785,370,
512,-1762,
420,-1165,
326,-697,
911,-1675,
1721,-2530,
1853,-1647,
1144,-125,
509,798,
596,983,
835,741,
727,355,
387,-20,
80,-147,
31,-94,
-10,-262,
-131,-512,
-146,-887,
-114,-670,
-208,-255,
-373,45,
-439,-51,
-253,-325,
-100,-480,
37,-486,
51,-289,
11,-90,
-30,47,
129,15,
220,-68,
209,24,
205,-98,
15,102,
-139,235,
-98,116,
32,8,
182,62,
311,144,
267,82,
138,-5,
-12,-115,
-98,-72,
-57,7,
35,56,
126,75,
163,88,
187,119,
144,125,
0,30,
-143,1,
-174,-4,
-57,11,
-44,-12,
-91,-82,
-149,-118,
-173,-120,
-44,-45,
77,50,
79,101,
-17,74,
40,72,
67,6,
30,-27,
88,-77,
101,-13,
84,112,
127,111,
77,39,
59,57,
-34,30,
-134,105,
-108,129,
-75,132,
12,122,
154,110,
248,57,
257,-61,
85,-100,
-45,-51,
-6,-14,
-66,-31,
-72,-65,
-72,-50,
25,-42,
51,-58,
81,-78,
107,-22,
75,-25,
18,-25,
-34,-79,
-35,-95,
35,-107,
11,-33,
-50,5,
-15,-8,
3,-25,
-10,-58,
16,-32,
-25,-15,
2,-57,
17,-59,
48,-57,
90,-76,
82,-29,
95,12,
46,6,
46,-79,
26,-48,
24,48,
30,-9,
-14,-5,
-43,5,
-29,-51,
-23,-36,
17,-64,
18,-70,
101,-61,
125,-45,
96,-28,
37,0,
-12,0,
-46,-19,
-10,54,
-23,21,
-11,49,
42,95,
72,84,
51,16,
59,-90,
42,-56,
32,-12,
-25,5,
-50,-51,
1,-86,
11,-36,
-38,-11,
10,5,
22,39,
-29,20,
-28,-12,
-24,-32,
2,-33,
-42,-15,
-33,2,
6,-17,
39,-48,
27,-24,
-36,-37,
-60,15,
-34,17,
-1,10,
8,-1,
62,-34,
00>
_________________________________
00>
_________________________________
Sequence Number: 177
00>
00>
Printing STS0 CIR
00>
00>
_________________________________
00>
5,57,
-44,-16,
-56,-23,
-20,-80,
50,-73,
59,7,
74,-30,
3,-11,
25,-18,
47,88,
34,11,
67,-8,
5,-6,
-12,19,
-13,3,
-26,-20,
-52,-31,
-35,38,
18,45,
-23,46,
-6,64,
-25,9,
-37,-98,
-13,-47,
12,-3,
-29,-4,
-41,-6,
21,-52,
-22,-66,
8,-51,
12,44,
19,10,
-31,32,
-9,36,
-15,-36,
48,-76,
44,-49,
32,-7,
7,70,
-30,-18,
-53,12,
-85,-46,
-61,7,
18,3,
-14,-31,
25,21,
48,-31,
27,-9,
5,70,
20,32,
5,14,
22,-26,
-3,-62,
-22,37,
-21,4,
-12,-5,
28,-21,
8,-67,
73,-52,
-4,-54,
73,12,
48,26,
32,-3,
-12,-37,
-56,31,
-11,95,
24,155,
-2,132,
40,72,
-5,12,
-48,-2,
-12,55,
-32,-10,
15,-40,
71,-23,
27,2,
-15,47,
-45,53,
15,60,
15,63,
-33,18,
-60,-28,
-62,4,
-16,100,
-17,40,
-7,37,
-10,11,
43,-1,
52,18,
14,-36,
-89,3,
-100,23,
-68,-4,
-10,29,
24,55,
31,6,
13,-46,
-27,3,
-28,44,
-18,75,
36,90,
10,20,
16,-23,
8,-6,
16,39,
-20,64,
8,74,
32,-47,
25,-67,
6,-5,
22,50,
24,-26,
85,53,
15,80,
10,93,
-41,48,
0,-26,
0,-34,
-21,53,
48,74,
15,64,
-40,-7,
-64,-17,
-1,27,
-20,-35,
-30,-14,
-24,11,
-37,31,
47,-21,
97,22,
-4,-36,
12,8,
-27,37,
-6,33,
-17,9,
15,-40,
-25,34,
-48,-11,
-2,-5,
7,9,
44,46,
-22,10,
-19,-45,
-18,-24,
-49,14,
-36,7,
44,30,
-21,34,
13,-19,
99,10,
50,-7,
9,37,
-38,33,
31,41,
57,-5,
17,29,
22,9,
2,-26,
-34,-15,
-12,19,
37,18,
18,-54,
-7,-95,
-29,-10,
-12,30,
-54,-28,
-32,-18,
-3,-27,
58,-26,
31,36,
-19,60,
-3,37,
-13,22,
4,11,
29,42,
-26,12,
-33,-6,
-1,-41,
-28,-71,
-30,-33,
6,53,
74,21,
-23,19,
-15,15,
-52,-13,
-31,3,
16,0,
8,64,
-29,80,
-25,17,
29,-25,
-32,-43,
-47,-34,
-1,15,
-28,18,
-11,17,
-32,-13,
-25,8,
79,31,
-11,-24,
6,-69,
-11,1,
43,80,
24,52,
-10,33,
-20,46,
-21,47,
-8,7,
-37,48,
8,-22,
11,-20,
2,-18,
13,1,
42,35,
3,24,
1,-20,
-19,-46,
60,30,
-7,40,
-15,64,
0,64,
-15,40,
-31,7,
-66,-24,
-12,58,
67,86,
41,57,
6,26,
-25,-3,
-39,63,
17,26,
-8,-35,
2,6,
79,-41,
42,-50,
-43,-57,
-32,-6,
35,38,
30,-5,
-18,-20,
60,68,
-17,54,
32,-38,
57,-92,
96,-105,
79,32,
51,80,
82,114,
44,-1,
7,-57,
38,-23,
7,-6,
35,12,
47,11,
36,-15,
16,42,
49,55,
11,37,
18,61,
19,-2,
42,-2,
6,19,
-7,-5,
-47,-61,
-26,-8,
32,58,
77,0,
23,-99,
-17,-15,
5,-24,
16,95,
37,48,
52,-2,
3,17,
18,22,
2,-26,
-30,31,
-43,29,
-60,22,
-20,-20,
-57,-15,
-16,-72,
-5,-35,
35,6,
7,-23,
-16,-36,
-7,-9,
71,2,
63,44,
18,17,
-31,-11,
-14,-13,
11,5,
29,28,
66,17,
-20,-50,
-2,-7,
19,27,
48,11,
3,32,
4,16,
-32,26,
0,-11,
48,-38,
39,15,
-58,-70,
-9,-39,
21,-6,
-12,65,
36,27,
-30,87,
9,14,
38,-2,
70,36,
18,15,
17,-41,
19,-46,
74,-49,
79,44,
52,71,
24,104,
34,-12,
43,-91,
46,-83,
82,-84,
120,-1,
9,-28,
-62,20,
-23,45,
-8,15,
3,15,
62,-8,
41,41,
15,50,
12,-1,
-3,35,
-32,34,
0,32,
-32,-34,
-46,37,
-4,30,
-9,24,
-17,43,
-47,-54,
-1,-41,
-8,-19,
22,-43,
32,-67,
73,-80,
6,-67,
-7,-43,
68,30,
806,-39,
3217,43,
6982,687,
7581,2128,
5323,3968,
817,3615,
-1109,1625,
-465,118,
861,-5,
1560,889,
1153,1368,
72,899,
-710,204,
-992,109,
-950,394,
-649,388,
-223,250,
33,168,
-65,85,
-166,18,
-304,2,
14,-72,
421,-204,
425,-409,
183,-692,
-154,-661,
-307,-351,
-132,-232,
100,-173,
226,-142,
188,-35,
107,-17,
-5,-96,
-74,-219,
-50,-270,
14,-249,
-89,-114,
-265,-85,
-328,-115,
-248,-184,
-180,-183,
-79,-140,
-47,-2,
-37,199,
-97,238,
-109,203,
-74,80,
3,-48,
-21,-91,
-96,5,
-243,2,
-185,-31,
-261,-22,
-186,-21,
-165,-165,
-144,-233,
-68,-190,
20,-61,
20,-11,
-25,21,
-79,111,
-140,73,
-104,-79,
-3,-106,
23,-156,
-41,-112,
-100,-116,
-34,-45,
-18,-38,
-119,57,
-163,75,
-132,15,
1,57,
8,132,
-47,114,
-27,-11,
-7,-107,
6,-97,
79,3,
118,91,
78,-12,
35,-183,
-108,-182,
-16,-103,
24,-15,
80,1,
-11,-71,
-56,-56,
-54,-24,
-68,4,
-113,-61,
-143,-91,
-165,-101,
-102,-77,
-37,-43,
-42,-102,
-126,-162,
-214,-137,
-79,-49,
56,-87,
45,-51,
36,-18,
-67,-17,
-47,-35,
-90,16,
-75,25,
-58,-46,
-25,-76,
-22,38,
-68,77,
-150,-8,
-83,-46,
-38,-35,
-66,-41,
-65,-34,
-36,-17,
-19,-62,
-30,-44,
-30,-57,
-47,-97,
6,-51,
-15,-79,
-7,-69,
-4,20,
-18,41,
-72,18,
-46,-10,
-54,-35,
-41,-42,
-93,-65,
-51,20,
-11,14,
-22,-58,
13,-59,
-29,-72,
-85,-129,
-42,-151,
-84,-93,
-63,-40,
-11,-2,
-78,2,
-80,12,
-50,-12,
-13,-2,
-103,-60,
-108,-37,
-48,16,
-16,9,
-69,-56,
-25,-104,
-34,-64,
-60,-50,
12,-12,
-59,-60,
-51,-81,
-37,-44,
27,-22,
34,-63,
22,0,
8,-69,
00>
_________________________________
00>
00>
Printing STS1 CIR
00>
00>
_________________________________
00>
10,60,
15,29,
-21,-15,
49,-44,
39,-56,
60,-21,
-25,56,
-74,78,
-4,43,
-3,32,
32,-20,
26,-41,
37,-33,
48,12,
14,19,
16,13,
52,27,
-14,55,
-74,-5,
5,-29,
-32,30,
-2,49,
32,51,
24,-22,
1,-13,
26,21,
10,-8,
18,-93,
52,-80,
81,-53,
46,-17,
20,47,
22,13,
112,-8,
66,7,
40,69,
45,35,
-44,22,
-75,-3,
-48,21,
-26,77,
17,96,
-11,118,
-28,64,
-7,-20,
-8,8,
16,48,
8,-1,
7,-60,
38,34,
33,53,
23,14,
-16,0,
-32,-5,
8,10,
34,45,
34,51,
6,-32,
0,-25,
43,54,
-22,54,
44,14,
58,-57,
9,-48,
-22,29,
-97,78,
-47,-11,
29,-29,
72,13,
54,-7,
43,-36,
29,-7,
100,-54,
99,-61,
15,-36,
10,66,
12,83,
31,23,
4,-18,
41,-78,
16,0,
-52,92,
-20,9,
-27,-14,
30,-64,
29,9,
-17,10,
34,8,
90,-2,
77,43,
60,74,
26,17,
40,38,
6,41,
59,9,
43,94,
97,75,
61,10,
50,21,
7,0,
77,54,
35,69,
0,70,
57,73,
40,76,
-7,19,
38,-16,
47,4,
70,19,
9,9,
49,1,
93,28,
94,0,
68,-61,
-12,-43,
38,-37,
74,56,
16,91,
-18,66,
-54,31,
-21,-7,
10,-25,
67,-16,
42,15,
31,-8,
13,-10,
32,6,
45,-16,
-46,49,
-61,17,
-22,-20,
-13,-11,
11,-22,
36,-19,
45,7,
37,6,
11,-6,
0,-27,
16,14,
32,50,
-5,38,
-7,-16,
-11,-39,
-27,19,
21,47,
71,17,
101,48,
26,69,
-26,32,
9,-41,
15,8,
2,-11,
10,-39,
-5,-46,
10,33,
5,35,
12,7,
2,-2,
24,-10,
55,-28,
55,-61,
69,-78,
-18,-37,
-49,-49,
-58,-14,
0,1,
-31,13,
60,39,
13,39,
-67,-20,
-66,-99,
39,-59,
111,-39,
74,-5,
20,-21,
-5,-51,
7,-10,
38,24,
23,39,
49,54,
40,78,
-13,26,
7,38,
66,42,
98,30,
84,16,
58,36,
30,21,
20,26,
41,44,
78,-3,
58,63,
45,67,
55,44,
29,33,
19,7,
8,48,
-26,102,
2,15,
39,-2,
8,12,
36,17,
19,24,
62,-5,
65,-37,
26,-19,
-19,30,
-23,43,
-13,36,
-1,56,
65,7,
67,35,
45,3,
2,-10,
28,29,
22,50,
40,3,
44,29,
44,-9,
-1,52,
-3,-8,
4,21,
46,26,
13,-5,
0,-1,
47,66,
92,116,
-6,101,
18,91,
21,78,
55,47,
101,27,
94,-63,
54,-68,
-30,-30,
-63,13,
-65,37,
-19,32,
38,27,
-4,26,
7,55,
18,85,
87,-21,
37,-73,
47,-58,
59,-16,
77,35,
30,46,
8,68,
25,9,
15,-76,
25,-14,
-16,35,
-4,82,
55,10,
20,-23,
-26,86,
4,84,
77,24,
26,-25,
-43,-13,
-35,58,
32,3,
26,-41,
32,25,
15,-1,
57,-15,
47,15,
6,11,
62,19,
67,13,
29,27,
-4,-37,
28,-2,
-5,-43,
-27,-17,
-8,-58,
51,14,
25,45,
29,24,
-2,6,
0,-6,
-19,11,
-11,64,
26,46,
17,54,
18,41,
22,27,
-1,-29,
-21,-30,
33,58,
52,42,
-26,37,
-10,6,
-7,-8,
69,-21,
26,-24,
41,7,
26,16,
12,-16,
-31,24,
-39,25,
25,-45,
37,-8,
15,-13,
-12,40,
37,12,
83,9,
64,65,
11,-1,
15,-45,
-2,-5,
16,4,
42,-74,
20,-34,
-14,34,
10,34,
38,-42,
31,25,
29,-22,
29,15,
29,6,
-22,-28,
7,4,
-29,-9,
-51,7,
-19,80,
-29,67,
-16,12,
12,-60,
-2,-6,
-25,45,
-24,73,
-16,-19,
-41,-69,
35,16,
-32,72,
-59,50,
-2,26,
42,-48,
23,-25,
10,-63,
31,-45,
-37,16,
-47,25,
-11,13,
9,30,
19,-20,
17,56,
15,56,
-50,69,
-11,-89,
524,-836,
2343,-3035,
4784,-5397,
5594,-5099,
4335,-2648,
975,553,
-614,1282,
-697,-82,
-454,-1981,
39,-3120,
790,-2583,
1025,-853,
756,294,
680,127,
843,-490,
737,-583,
270,-188,
-71,149,
-32,94,
51,75,
72,151,
13,255,
-200,518,
-432,532,
-480,503,
-239,312,
20,103,
89,55,
70,74,
46,66,
-17,148,
-170,308,
-264,348,
-229,253,
-66,-15,
22,19,
-31,88,
-206,153,
-283,183,
-193,122,
-85,136,
-55,127,
-14,236,
-7,245,
-55,200,
-94,92,
-106,55,
-87,119,
-108,176,
1,153,
71,177,
61,126,
-39,143,
-6,90,
101,61,
92,50,
47,120,
1,106,
-62,167,
-35,230,
-37,194,
-81,55,
-51,-16,
4,-50,
48,-61,
46,-28,
-3,1,
-25,3,
-38,77,
-84,172,
-158,274,
-185,260,
-180,247,
-186,168,
-238,84,
-259,-32,
-202,-16,
-80,71,
-111,175,
-100,325,
-147,292,
-72,159,
44,-30,
26,-40,
-51,42,
-30,29,
-11,7,
31,36,
-20,130,
-73,211,
-82,147,
-98,70,
-105,39,
-106,31,
-22,-23,
52,41,
93,109,
-24,92,
-21,5,
-12,-9,
0,-10,
23,31,
11,50,
-12,72,
-83,145,
-73,102,
12,-4,
11,18,
-73,-19,
-117,38,
-112,24,
-16,34,
-28,47,
-23,124,
-19,61,
9,28,
-46,129,
-111,137,
-81,76,
-52,69,
5,45,
21,85,
19,103,
-13,101,
-13,83,
-66,57,
-31,-35,
-12,-41,
-37,55,
-28,43,
-13,30,
82,76,
27,145,
-35,124,
-11,80,
-37,72,
-14,62,
-10,25,
-47,19,
-49,54,
-51,47,
-28,-30,
-11,-26,
0,18,
10,18,
18,19,
-5,11,
-14,3,
-45,79,
-38,115,
-52,86,
-78,91,
-37,67,
-39,84,
-10,37,
3,60,
-39,49,
-24,83,
-80,141,
-95,95,
00>
_________________________________
00>
RX Timestamp: 502062732921
00>
Clock Offset: -2670.479 Hz, 0.334 ppm
00>
RX Timestamp: 503134229486
00>
Clock Offset: -1569.557 Hz, 0.197 ppm
00>
_________________________________
Sequence Number: 54
00>
00>
Printing STS0 CIR
00>
00>
_________________________________
00>
43,62,
19,5,
35,-55,
77,1,
39,56,
-2,7,
11,33,
-17,53,
-53,10,
-9,12,
-70,0,
-48,39,
-82,46,
-18,28,
57,29,
17,0,
14,63,
-14,-42,
-43,-95,
-29,-97,
-37,-31,
10,58,
17,35,
32,-21,
19,44,
49,82,
41,55,
13,17,
10,77,
11,34,
-4,-14,
-18,-24,
-15,30,
51,99,
75,109,
7,102,
-61,146,
-20,89,
12,2,
-15,-85,
22,-111,
25,-58,
40,85,
17,17,
10,61,
-21,20,
-12,16,
83,-17,
52,15,
39,36,
-17,21,
47,51,
71,96,
18,-11,
16,-8,
10,2,
-25,8,
-38,-36,
32,-42,
48,1,
82,41,
-38,47,
-68,80,
38,19,
14,-36,
-4,-97,
-39,-44,
-6,-37,
32,-38,
12,-59,
-1,-76,
-26,-69,
-50,17,
2,124,
-8,151,
6,114,
-38,10,
-22,-3,
17,-16,
57,-32,
12,-56,
7,-55,
-23,-117,
-24,-83,
-41,-50,
23,-28,
-15,16,
-35,35,
-37,52,
16,-45,
-4,-103,
1,-61,
-19,-2,
-46,36,
1,16,
-16,2,
-30,-7,
2,10,
23,-27,
-9,-61,
-21,-88,
20,21,
15,46,
8,83,
-56,-2,
-19,-39,
-16,18,
-22,41,
41,32,
58,23,
68,-93,
-35,-52,
-36,4,
16,62,
20,-22,
30,-49,
89,-10,
3,98,
-58,103,
-23,21,
-39,-10,
9,53,
44,82,
16,1,
-41,-42,
-34,-2,
11,106,
6,49,
34,-13,
34,16,
23,162,
25,143,
2,52,
3,22,
31,-13,
36,17,
-43,21,
-51,-29,
14,-1,
-19,-68,
0,-81,
1,24,
-40,103,
11,34,
12,-52,
-21,4,
-41,-10,
-7,-5,
9,4,
19,24,
30,3,
27,13,
33,53,
22,3,
5,4,
-56,8,
-35,-5,
14,-19,
50,22,
47,40,
-4,81,
1,-10,
61,86,
46,95,
49,4,
15,-30,
29,3,
22,42,
41,-37,
38,-56,
5,-29,
-5,36,
-3,19,
33,41,
-20,63,
-35,58,
2,75,
0,67,
76,48,
31,44,
-29,115,
-30,21,
-2,1,
-34,55,
-26,34,
-24,41,
-34,48,
3,45,
-9,17,
-9,7,
-4,56,
56,60,
47,49,
-22,13,
-40,73,
-15,96,
-10,-15,
21,-3,
-12,6,
13,16,
19,-33,
28,18,
42,12,
-33,53,
-47,64,
-52,9,
83,-9,
-7,-4,
6,-15,
2,30,
-11,7,
-2,-16,
-53,59,
-47,4,
1,-36,
14,-11,
32,8,
36,20,
-37,52,
-14,-36,
-7,-30,
-47,9,
-77,71,
-3,44,
-30,37,
31,9,
25,-28,
-25,-49,
-40,-29,
24,29,
40,41,
83,52,
9,60,
-22,48,
-23,17,
63,-3,
-11,-35,
-53,-9,
-53,31,
-16,7,
-21,42,
8,49,
-37,-9,
-12,37,
28,-7,
-14,2,
23,-14,
-11,25,
-7,24,
-7,25,
-31,-7,
-20,36,
23,-37,
83,31,
43,-43,
46,-48,
4,3,
-74,-8,
-102,-86,
-69,-95,
-35,-81,
61,-30,
-47,36,
-33,52,
-56,77,
-40,16,
-29,-3,
-5,85,
-6,42,
46,-13,
-54,22,
-7,0,
-3,-28,
29,22,
6,54,
-31,53,
-59,-20,
18,62,
20,72,
61,-48,
-38,-51,
-41,-59,
3,-33,
39,-21,
30,41,
-63,73,
17,21,
31,-7,
26,17,
-1,9,
-60,12,
1,-25,
48,-12,
22,-50,
-2,-54,
-6,-13,
-52,41,
-12,40,
-2,78,
-8,86,
2,23,
16,8,
5,14,
28,-1,
37,-54,
-21,-56,
-3,0,
-20,-25,
-9,-109,
14,-46,
-54,57,
-33,107,
6,40,
-21,17,
-56,57,
5,-10,
46,3,
37,-17,
-19,-31,
4,83,
-13,71,
53,-17,
31,28,
18,31,
36,60,
-53,66,
-39,17,
93,45,
69,-1,
-8,-45,
-15,-87,
52,-59,
43,10,
-33,40,
-37,46,
1,37,
-11,-40,
-80,-16,
0,-34,
-5,-28,
41,-50,
-40,73,
-22,62,
-15,48,
-20,78,
-51,75,
34,26,
-9,74,
-30,19,
-6,-16,
-5,13,
-92,155,
-855,701,
-3763,2208,
-7357,2994,
-7806,2000,
-5304,51,
-406,-1347,
1041,-956,
746,128,
804,731,
1406,1023,
1625,1243,
672,864,
-380,-81,
-1136,-1099,
-1187,-1443,
-630,-829,
-102,6,
154,289,
156,98,
102,-74,
271,-302,
31,-533,
152,-629,
306,-300,
373,69,
109,216,
-232,70,
-148,-107,
110,-178,
348,-45,
236,-23,
134,-183,
179,-259,
329,-329,
109,-170,
86,-139,
77,-95,
70,48,
14,118,
-26,29,
-45,-34,
91,-59,
40,16,
-26,13,
-147,-24,
-221,30,
-165,111,
-75,150,
-24,54,
230,35,
186,129,
104,170,
78,161,
-3,86,
8,44,
102,-58,
177,-13,
226,-9,
171,76,
58,19,
-36,57,
-38,55,
-85,155,
-45,128,
-43,56,
65,48,
88,-5,
64,7,
15,-108,
-44,-85,
40,-16,
180,16,
138,5,
165,18,
151,91,
73,58,
19,76,
77,182,
121,126,
193,-7,
301,-121,
332,-130,
70,-9,
-11,19,
160,-20,
123,43,
96,109,
12,95,
34,46,
4,31,
109,28,
58,23,
119,39,
111,-102,
168,-97,
81,-51,
83,-12,
93,26,
92,-2,
-1,-15,
42,-8,
17,-33,
-28,-40,
26,-93,
66,15,
118,82,
111,41,
127,-26,
117,-28,
75,-34,
26,60,
37,48,
58,-5,
21,42,
4,77,
-6,18,
-41,21,
-6,-27,
72,-1,
105,7,
112,-3,
114,15,
29,49,
87,-2,
22,41,
77,-35,
116,38,
55,85,
20,31,
39,-17,
60,22,
31,-18,
-2,-89,
32,25,
38,46,
33,-46,
22,-16,
101,17,
123,2,
125,-83,
32,-18,
66,-15,
1,-30,
10,-52,
28,-48,
-92,-52,
49,10,
79,-62,
173,-63,
94,-49,
94,22,
72,67,
20,22,
54,14,
29,47,
-6,-3,
25,0,
47,-32,
88,30,
38,-19,
00>
_________________________________
00>
00>
Printing STS1 CIR
00>
00>
_________________________________
00>
0,-3,
-37,33,
-13,-5,
39,29,
-19,-37,
-3,-40,
30,3,
54,7,
20,-3,
12,-34,
59,1,
-9,71,
-13,-6,
26,-38,
80,20,
13,38,
-3,9,
-49,-18,
-25,-14,
-21,1,
5,-7,
40,-65,
30,-52,
34,-12,
40,4,
26,66,
8,88,
22,73,
11,35,
25,-1,
4,6,
15,2,
-23,-43,
4,0,
49,26,
1,24,
1,-14,
-24,-1,
-6,-3,
2,83,
-31,46,
13,12,
39,28,
85,12,
37,14,
49,12,
31,8,
39,6,
38,33,
37,52,
9,46,
1,64,
-26,-20,
36,8,
60,-9,
51,29,
17,-38,
52,12,
84,-60,
20,24,
31,18,
48,-9,
19,-30,
13,-4,
25,57,
49,32,
61,-10,
71,-1,
85,-10,
17,51,
-40,46,
-3,105,
14,9,
12,-43,
-44,-2,
-3,46,
24,45,
28,-30,
45,-2,
59,19,
-17,73,
-36,99,
-69,10,
-46,-3,
-38,-10,
-20,35,
27,-11,
34,-6,
39,-7,
39,32,
-40,76,
-22,-10,
70,-41,
99,-30,
51,10,
-40,43,
-18,-21,
61,-13,
120,-15,
123,-4,
43,43,
24,58,
75,39,
0,75,
-18,39,
-43,38,
37,28,
81,54,
21,66,
-14,-8,
-30,-20,
29,65,
40,74,
23,85,
-43,26,
-56,31,
26,51,
39,77,
61,54,
49,24,
-31,10,
7,48,
59,44,
52,14,
44,-17,
20,-63,
16,4,
33,44,
-11,13,
70,-14,
94,-11,
45,14,
50,-23,
48,-50,
-7,-32,
20,-5,
79,20,
40,63,
-9,50,
43,18,
35,-12,
79,24,
12,28,
56,47,
59,28,
73,-28,
29,-49,
10,-54,
-18,-1,
46,72,
-2,77,
29,12,
22,-10,
20,22,
19,38,
-15,45,
5,33,
33,-30,
67,30,
67,-2,
46,-47,
-36,-7,
32,-7,
88,-4,
62,12,
17,0,
-7,17,
3,28,
-4,21,
-44,-4,
-23,13,
-27,12,
23,57,
74,39,
19,-13,
59,-20,
36,37,
12,67,
1,37,
24,17,
37,38,
14,76,
4,10,
-14,56,
4,57,
-51,83,
5,56,
-21,22,
-3,50,
-7,-2,
2,-38,
-12,39,
-12,-6,
33,-29,
85,-22,
38,-5,
14,-24,
79,-5,
11,8,
1,32,
23,47,
4,52,
19,-32,
-5,-24,
11,-37,
2,14,
53,-19,
48,14,
20,33,
-40,32,
-32,47,
-21,44,
7,28,
-17,15,
22,32,
36,25,
37,49,
36,-6,
-1,-20,
-1,-40,
20,0,
8,32,
-8,-24,
-7,-5,
10,69,
-8,65,
-38,8,
-97,-8,
-31,23,
29,52,
17,44,
50,23,
45,3,
16,36,
-32,23,
-17,-16,
40,-18,
-4,14,
22,-19,
71,15,
53,25,
4,40,
-5,9,
32,44,
20,40,
64,13,
0,-11,
-13,35,
51,17,
57,-41,
69,-76,
30,-32,
-19,-1,
-27,32,
-3,-11,
23,-6,
38,-49,
31,-24,
42,-2,
67,73,
62,71,
20,4,
1,-13,
5,-17,
-2,21,
-13,77,
19,-12,
29,-5,
23,12,
24,18,
45,45,
-26,18,
-53,-4,
-2,9,
-12,58,
-24,18,
-18,-56,
74,-11,
12,-8,
6,-11,
-34,-4,
-17,26,
44,74,
58,24,
30,-7,
34,11,
8,-22,
28,-29,
32,13,
17,34,
88,9,
108,-42,
68,-20,
35,13,
-24,31,
19,15,
11,10,
20,27,
-15,39,
-45,26,
44,20,
58,-43,
53,-30,
22,-11,
13,9,
18,31,
14,42,
-2,40,
-20,-23,
-17,23,
24,46,
-1,23,
-9,-21,
19,-13,
-39,31,
-13,-32,
28,-2,
54,31,
48,56,
79,22,
60,-20,
30,12,
76,20,
50,-6,
40,-35,
-1,-6,
-21,-11,
25,-11,
52,-27,
12,9,
6,5,
-41,-77,
-19,-35,
-21,-16,
-28,-7,
1,39,
45,12,
8,32,
36,11,
50,6,
28,36,
-6,-1,
20,-21,
10,31,
3,-12,
25,-2,
41,-43,
8,-11,
10,-42,
1,71,
-4,94,
32,218,
284,1375,
537,4802,
581,7601,
53,7270,
-674,3751,
-492,-593,
-259,-1633,
-33,-794,
14,-938,
184,-2203,
674,-2767,
1013,-1491,
822,-49,
837,551,
1023,349,
992,100,
586,-106,
80,-331,
-114,-106,
-88,-98,
-204,-281,
-305,-421,
-451,-583,
-333,-247,
-311,133,
-388,397,
-447,190,
-415,-238,
-272,-468,
-101,-405,
-33,-179,
-42,52,
-31,78,
101,-50,
207,-114,
261,-133,
177,-221,
46,160,
-87,293,
-86,117,
58,4,
198,-46,
305,-138,
189,-87,
29,-77,
-72,-26,
-74,11,
-7,52,
29,15,
44,-64,
127,-13,
114,77,
73,110,
-50,70,
-187,59,
-123,81,
-102,-4,
-106,-82,
-158,-76,
-218,-43,
-178,-46,
-27,-27,
76,5,
129,23,
93,44,
58,-56,
48,-60,
29,-103,
-8,-183,
59,-66,
100,-20,
105,22,
62,19,
-21,22,
-74,67,
-77,143,
-24,116,
59,150,
142,74,
224,-23,
235,-125,
169,-160,
-13,-4,
-47,-2,
-51,-2,
-85,-10,
-148,-46,
-72,-108,
-13,-31,
22,8,
38,5,
20,-6,
2,30,
-11,3,
-64,-26,
-115,-37,
-111,-31,
-103,42,
-36,6,
13,-10,
5,-81,
-24,10,
-40,-31,
-18,-89,
-19,-37,
10,-21,
17,-104,
46,-85,
71,-47,
109,43,
29,18,
-59,14,
-32,12,
-20,15,
28,3,
-10,15,
-54,32,
-38,53,
8,-64,
21,-67,
0,-8,
-85,-85,
-30,-140,
28,-86,
35,-58,
-38,-46,
5,-9,
16,23,
-23,24,
15,-29,
55,-55,
13,-57,
1,-69,
22,-62,
-22,-101,
-40,-56,
-46,29,
-11,4,
1,-75,
15,-13,
0,12,
29,-17,
24,-16,
57,30,
31,-5,
71,-114,
-13,-37,
25,-7,
-17,-25,
14,-8,
1,-19,
-7,9,
-11,82,
-68,16,
-72,58,
-46,-4,
-49,-49,
11,-58,
17,-13,
29,27,
00>
_________________________________
00>
_________________________________
Sequence Number: 57
00>
00>
Printing STS0 CIR
00>
00>
_________________________________
00>
-33,47,
-28,62,
2,33,
26,-38,
46,-10,
18,-46,
13,-32,
-27,-53,
-11,-3,
-31,-24,
52,-38,
97,29,
81,33,
-19,-7,
-33,-26,
-54,45,
34,17,
16,-6,
-39,-112,
4,-23,
19,-11,
34,15,
23,41,
50,23,
95,38,
45,12,
34,-16,
70,25,
52,48,
39,69,
5,90,
3,47,
23,32,
54,21,
30,-4,
25,17,
41,59,
44,24,
35,-5,
-100,-50,
-73,-3,
-38,-11,
37,-47,
22,-24,
46,45,
30,-14,
-28,-66,
-54,-26,
-2,0,
43,17,
37,45,
-29,-26,
-29,-5,
-8,19,
26,-41,
16,-146,
-19,-45,
-48,-10,
-20,-95,
-53,20,
-23,73,
8,22,
-17,-13,
-53,-37,
16,-23,
48,48,
23,17,
0,-22,
38,-84,
-3,-18,
34,20,
-29,-50,
-68,-31,
-23,-60,
-12,13,
-7,54,
-9,113,
13,55,
18,-72,
7,-94,
-8,-31,
3,27,
12,-42,
1,-88,
11,-30,
-55,-16,
-82,32,
-18,57,
-14,-2,
-15,18,
45,-66,
-16,-40,
15,-42,
-50,-61,
-62,19,
-57,-19,
15,31,
-38,30,
40,21,
5,38,
-32,35,
-13,48,
6,28,
-26,-48,
-8,-68,
41,-11,
48,4,
19,-54,
75,-38,
-13,42,
-11,77,
-34,0,
-27,-27,
-46,34,
13,25,
47,20,
41,13,
5,-2,
24,-9,
-18,-12,
-37,-30,
-45,-13,
-112,7,
-15,-47,
-21,7,
-24,-4,
-37,-23,
-76,-31,
-19,29,
48,21,
31,28,
18,39,
32,-12,
31,-4,
36,-7,
3,-20,
29,-47,
41,-29,
14,-12,
34,-38,
41,-2,
22,-98,
-14,-65,
-9,9,
15,-31,
-1,70,
-62,-8,
4,-1,
49,-24,
7,-113,
-15,-13,
23,52,
110,21,
18,100,
-8,22,
-112,30,
-20,-34,
30,43,
26,-19,
-78,5,
-1,-62,
31,21,
55,27,
13,12,
14,-9,
9,-11,
-13,-4,
-16,-42,
-5,-6,
8,-12,
18,16,
-12,-3,
-1,69,
41,-5,
21,21,
22,9,
-3,-7,
-19,-25,
-9,14,
-49,42,
-34,55,
21,-33,
51,-54,
48,-62,
-11,17,
-31,12,
-29,10,
-6,-32,
50,-27,
102,-33,
60,14,
-13,43,
23,71,
15,22,
-37,35,
21,7,
30,61,
6,-43,
-50,-31,
-37,28,
-11,79,
-28,101,
-9,9,
2,-52,
-2,-37,
24,-8,
112,-47,
66,21,
-17,-59,
-37,-3,
-82,28,
-35,47,
-1,2,
-35,-36,
-19,36,
-50,72,
15,48,
43,40,
24,8,
-9,37,
-32,110,
-30,5,
30,-1,
16,-37,
21,-11,
33,27,
25,31,
60,-9,
-24,20,
-34,-41,
-12,-1,
33,-38,
66,59,
9,55,
20,78,
-1,-60,
59,-57,
38,-69,
-3,3,
9,-2,
49,-58,
8,25,
-13,66,
23,25,
1,18,
-12,4,
-31,15,
-12,14,
-33,-17,
25,8,
38,8,
-14,-4,
33,8,
-13,-10,
-43,-38,
-25,-55,
4,-25,
-56,60,
-16,44,
2,-29,
9,8,
-32,-17,
39,-29,
60,-10,
33,-8,
48,63,
57,25,
-14,12,
23,-69,
0,-24,
-40,18,
6,60,
-33,-1,
-44,-15,
-45,1,
-26,-14,
-8,20,
46,4,
-26,-51,
-2,-23,
-28,-53,
-15,-4,
-21,7,
-12,-11,
31,-24,
16,-120,
7,-76,
59,1,
36,-24,
-29,-21,
-72,14,
-86,9,
3,-17,
-20,-19,
-37,-60,
-76,20,
-39,-25,
-13,56,
88,48,
29,35,
46,12,
32,15,
48,-21,
-11,-35,
-29,-34,
-3,-35,
-3,-35,
-5,28,
54,15,
-1,-53,
-3,-28,
-5,-67,
40,33,
94,-4,
18,-13,
-66,-75,
-17,0,
-3,43,
31,-14,
-5,-51,
-63,24,
16,37,
64,51,
31,73,
41,70,
64,16,
47,-8,
-1,33,
-19,-8,
-13,-6,
-36,31,
-25,26,
-19,11,
-33,-7,
26,16,
74,-12,
84,-57,
51,-4,
-17,10,
-28,-14,
-57,-26,
-57,-48,
10,-46,
-13,-85,
-22,-20,
2,43,
96,-10,
63,-14,
84,-38,
84,-15,
19,2,
-82,6,
-89,81,
-8,0,
8,-9,
45,-32,
56,40,
128,-82,
1025,-1009,
3826,-3136,
6705,-3913,
7399,-2320,
5132,967,
1130,2752,
-504,1656,
-43,-217,
1149,-769,
1786,-147,
1119,520,
-49,759,
-693,779,
-668,988,
-461,1063,
-230,756,
-16,290,
96,150,
-67,75,
-195,115,
-295,21,
45,-191,
249,-453,
0,-727,
-232,-757,
-426,-365,
-364,15,
-163,-5,
19,-307,
118,-324,
131,-170,
110,-38,
-36,-15,
-162,-92,
-170,-197,
-117,-78,
-302,109,
-363,114,
-296,-32,
-225,-90,
-173,-53,
-163,87,
-52,153,
83,278,
154,293,
63,304,
-11,140,
-6,-18,
-20,22,
-189,149,
-219,63,
-238,91,
-250,112,
-144,89,
-191,-63,
-176,-114,
-101,-93,
26,-25,
56,129,
27,238,
-6,179,
-179,71,
-146,-87,
-23,-184,
-33,-131,
-32,-60,
-57,57,
-51,94,
-79,218,
-127,249,
-175,207,
-121,128,
-2,99,
42,140,
-66,45,
-80,-89,
-97,-77,
29,-69,
115,-74,
154,-55,
39,-61,
-176,-18,
-184,-52,
-49,-72,
65,-61,
60,-96,
-28,-31,
-22,22,
-82,19,
-109,-8,
-81,40,
-70,21,
-134,-32,
-153,-53,
-70,-67,
-86,-102,
-152,-36,
-160,20,
-75,2,
-79,-5,
-177,-9,
-92,-32,
-61,21,
-17,-1,
-31,-10,
-35,-34,
-53,6,
-38,36,
-58,67,
-67,72,
-103,86,
-99,13,
-91,-34,
-103,12,
-81,13,
-50,16,
-105,40,
-100,2,
-120,9,
-56,-9,
-5,84,
-70,21,
-21,6,
-2,-18,
-10,-68,
-64,-61,
-90,22,
-40,-28,
-35,-20,
-57,-60,
-23,-6,
-9,36,
-46,-26,
-26,40,
-18,-11,
-13,-68,
-33,-138,
-51,-81,
-17,-22,
-52,14,
-37,63,
-17,67,
-62,45,
-44,42,
-80,43,
-88,82,
-51,14,
-52,4,
-107,2,
-106,-9,
-51,-93,
-49,-41,
-41,53,
-36,31,
00>
_________________________________
00>
00>
Printing STS1 CIR
00>
00>
_________________________________
00>
-15,-8,
47,-3,
18,31,
1,-22,
19,-2,
-20,-23,
-41,7,
-3,69,
-40,47,
26,35,
60,49,
53,62,
58,56,
49,96,
26,40,
-10,13,
-13,16,
-29,40,
24,-43,
12,-22,
39,23,
5,93,
28,59,
42,24,
60,12,
89,-16,
76,-20,
-16,31,
-28,49,
31,-4,
14,10,
66,-11,
125,-21,
45,10,
-6,44,
-51,62,
2,18,
9,-52,
22,-15,
43,-38,
61,7,
35,-12,
-13,-5,
4,37,
12,4,
21,51,
-17,96,
-21,43,
-49,25,
3,19,
34,12,
16,54,
9,68,
5,28,
-3,30,
5,-19,
30,-3,
75,-26,
105,11,
15,-25,
-13,-14,
-4,32,
36,-19,
16,47,
-24,127,
21,142,
51,62,
71,-6,
56,-33,
16,-9,
-43,31,
-53,-7,
29,-68,
44,-50,
3,12,
-35,74,
28,37,
47,-60,
16,-58,
-11,38,
31,-3,
38,-14,
14,-22,
-6,4,
9,68,
52,56,
66,26,
56,-21,
68,11,
49,63,
26,38,
53,31,
11,-20,
13,-14,
7,-9,
-40,58,
0,72,
21,-6,
-7,46,
39,96,
37,79,
-4,36,
28,21,
-35,92,
-29,108,
-27,69,
47,82,
60,18,
42,37,
-7,39,
17,55,
5,46,
54,88,
-27,48,
10,48,
10,-2,
33,-1,
12,-37,
-39,-46,
15,-2,
-2,32,
46,36,
59,-74,
74,-9,
6,29,
12,74,
-26,33,
-27,-7,
4,-1,
-21,33,
31,35,
22,82,
12,16,
-35,-97,
24,-27,
47,19,
7,9,
-23,22,
25,23,
27,-3,
79,-14,
44,-28,
-83,93,
-64,148,
-6,105,
45,17,
47,52,
30,45,
55,98,
8,69,
-41,1,
-93,6,
7,1,
-21,-7,
38,46,
14,6,
25,27,
-19,51,
-20,30,
-83,-11,
-12,-40,
42,27,
112,61,
56,111,
57,28,
-3,7,
19,39,
22,32,
-16,50,
34,48,
12,36,
34,67,
18,99,
13,40,
45,61,
-8,70,
-12,64,
31,18,
45,11,
1,66,
-64,96,
-50,36,
18,-30,
151,-78,
133,-57,
79,-8,
11,37,
-16,15,
-1,32,
-21,-16,
3,7,
36,20,
59,10,
39,44,
105,7,
89,101,
76,13,
48,57,
18,75,
68,14,
73,44,
18,75,
-29,37,
3,78,
7,32,
34,46,
2,34,
-45,5,
-30,10,
49,90,
27,56,
-8,50,
38,24,
17,13,
54,-22,
46,-20,
14,88,
22,36,
24,13,
36,-22,
73,49,
24,74,
29,119,
32,91,
33,5,
3,-104,
33,-48,
16,-10,
-32,43,
-5,48,
21,53,
29,40,
-10,-15,
6,11,
-8,1,
48,38,
-6,88,
-27,34,
12,-82,
-6,-81,
11,-42,
-17,48,
-13,70,
-27,0,
49,-26,
30,16,
25,75,
-12,36,
24,-22,
23,11,
-14,44,
-28,4,
-4,0,
-39,34,
-16,45,
-6,92,
10,88,
54,58,
95,40,
125,57,
77,95,
32,99,
-40,39,
-18,21,
-3,30,
-27,81,
23,45,
48,24,
-13,-11,
9,82,
35,115,
18,100,
26,23,
-49,-31,
-37,-35,
27,33,
8,22,
36,-24,
-6,-39,
56,12,
22,-29,
-6,-20,
-25,67,
-19,58,
17,4,
15,27,
0,73,
-14,28,
42,15,
23,-43,
25,-34,
40,14,
-24,80,
-46,33,
-34,21,
71,41,
12,10,
29,-6,
43,-18,
66,32,
67,14,
25,28,
45,8,
69,46,
80,18,
13,7,
1,34,
-13,71,
56,17,
72,10,
27,-10,
25,-9,
7,-2,
57,0,
50,33,
73,38,
65,-46,
10,91,
72,29,
126,-3,
65,32,
0,7,
30,39,
47,32,
98,58,
95,-33,
91,-59,
88,-30,
47,-25,
55,0,
4,20,
51,1,
20,-25,
-36,-11,
-40,44,
54,38,
50,48,
8,17,
-17,-10,
7,-67,
20,4,
5,9,
37,-2,
99,-10,
25,-44,
37,2,
29,20,
36,-22,
27,-28,
51,-17,
80,7,
40,9,
-5,50,
30,3,
39,7,
32,26,
23,4,
-202,-170,
-1177,-1241,
-3204,-3978,
-4323,-6105,
-3171,-6043,
-301,-3285,
1221,-241,
569,852,
-1133,711,
-2761,288,
-3102,-433,
-1616,-1059,
83,-1014,
642,-695,
153,-716,
-342,-844,
-311,-529,
-50,-71,
180,147,
150,20,
181,-57,
299,-87,
394,4,
443,287,
436,513,
339,467,
82,167,
21,-49,
106,-64,
116,-42,
126,19,
201,176,
290,325,
274,372,
93,165,
14,-26,
62,-29,
127,113,
100,239,
87,259,
7,127,
64,94,
128,28,
175,-7,
241,43,
174,47,
109,179,
78,219,
61,156,
31,104,
42,62,
65,-7,
139,52,
189,100,
168,4,
119,-13,
43,22,
93,10,
239,-11,
298,31,
221,104,
96,169,
16,193,
13,67,
45,-65,
79,-59,
46,50,
71,35,
90,37,
178,21,
160,140,
124,301,
119,320,
195,249,
197,316,
61,379,
-145,311,
-99,243,
72,174,
223,195,
325,214,
270,196,
159,99,
31,-11,
39,3,
72,160,
76,124,
24,51,
87,10,
134,-15,
147,47,
116,99,
47,189,
10,158,
2,78,
75,22,
112,37,
142,56,
71,86,
8,48,
41,70,
109,75,
82,97,
91,42,
43,83,
73,104,
-18,106,
-43,78,
-7,75,
26,134,
52,185,
43,78,
1,20,
67,79,
104,53,
128,60,
129,62,
86,163,
101,97,
149,84,
130,54,
100,31,
119,63,
152,32,
118,28,
106,116,
76,111,
-3,69,
66,53,
96,64,
106,144,
53,77,
66,96,
184,28,
98,56,
59,122,
31,52,
51,55,
46,100,
36,41,
83,71,
137,122,
99,91,
69,57,
47,92,
28,30,
66,101,
43,50,
70,75,
93,78,
66,75,
82,90,
109,52,
100,68,
84,43,
00>
_________________________________
00>
RX Timestamp: 642032802644
00>
Clock Offset: -2610.969 Hz, 0.327 ppm
00>
RX Timestamp: 643104391366
00>
Clock Offset: -1472.855 Hz, 0.184 ppm
00>
_________________________________
Sequence Number: 190
00>
00>
Printing STS0 CIR
00>
00>
_________________________________
00>
23,-30,
-25,-6,
-21,58,
0,52,
49,108,
51,1,
33,10,
-4,-5,
-42,60,
-15,21,
-16,7,
-59,20,
8,68,
33,-11,
7,51,
5,54,
-29,24,
5,-25,
-6,-2,
3,-24,
2,-8,
31,-10,
-37,15,
30,13,
94,19,
5,15,
-27,22,
-28,41,
8,6,
80,29,
10,0,
-47,-29,
-6,39,
72,23,
55,-34,
-3,-25,
-31,-1,
-16,-27,
11,-25,
-2,-15,
-12,-27,
-11,32,
-2,29,
30,40,
65,-13,
10,39,
-21,8,
-3,13,
-25,9,
-20,26,
-7,-52,
13,-28,
64,7,
15,49,
43,21,
45,-29,
10,49,
19,63,
-1,32,
-29,-17,
-9,31,
21,-26,
7,-36,
3,-51,
3,45,
-2,70,
-5,71,
35,84,
-10,44,
0,57,
-37,-25,
29,-54,
60,-58,
20,24,
-29,26,
-80,-39,
6,-16,
32,24,
57,51,
71,22,
-27,-81,
19,-54,
-6,-33,
14,20,
-42,18,
36,17,
1,-28,
-27,86,
-29,48,
16,16,
57,-34,
82,-17,
10,11,
-59,-29,
-72,19,
-61,15,
15,-13,
30,-62,
6,-50,
11,59,
-29,30,
-21,-40,
-6,-37,
3,-34,
-71,74,
-33,45,
-7,-17,
14,-8,
30,10,
-44,49,
-7,31,
-2,42,
-2,62,
-18,32,
-33,-29,
11,-91,
-4,-6,
-36,38,
1,32,
-28,-5,
2,-17,
-59,16,
39,-8,
82,32,
102,68,
54,-15,
18,27,
46,1,
14,4,
11,3,
-68,57,
-4,0,
9,-30,
-6,-57,
-37,-87,
-26,-65,
20,-84,
5,40,
-11,30,
-10,88,
-13,-24,
-28,-86,
-29,-41,
32,20,
58,22,
30,63,
-20,9,
-14,27,
-6,7,
-1,17,
-18,-26,
29,5,
-28,-34,
-29,17,
-26,43,
21,2,
6,11,
32,15,
58,21,
-18,49,
18,-19,
47,-27,
37,-40,
7,10,
2,-24,
11,17,
38,16,
-2,-6,
58,16,
58,-30,
-13,80,
-74,58,
-41,15,
23,32,
47,41,
20,31,
33,33,
-23,11,
1,25,
19,69,
4,31,
19,33,
-10,-13,
2,-14,
27,24,
21,-19,
-18,33,
15,-20,
8,45,
91,-6,
-6,85,
-11,74,
24,13,
59,30,
33,97,
11,93,
-29,138,
-34,110,
5,101,
-1,66,
-37,35,
-12,41,
8,119,
-5,116,
35,42,
89,19,
147,-25,
75,-3,
55,53,
6,68,
44,35,
71,43,
38,12,
36,9,
10,55,
36,2,
50,-20,
0,26,
86,-15,
38,38,
0,15,
-10,21,
63,8,
-12,45,
-5,100,
9,62,
38,-33,
80,-29,
37,-38,
-15,32,
15,4,
51,43,
49,51,
-9,-27,
-4,-13,
52,42,
35,36,
-24,18,
16,8,
20,10,
-15,55,
-24,-1,
-18,20,
6,-11,
24,-18,
-26,43,
-10,41,
-43,60,
62,49,
115,-12,
70,1,
62,17,
6,-33,
46,-55,
17,-34,
3,-12,
-8,-18,
-54,49,
-10,76,
13,66,
51,5,
65,14,
32,22,
-25,69,
50,34,
6,43,
-5,41,
28,-10,
22,48,
23,34,
-34,-7,
-29,-16,
8,-3,
4,-5,
-5,5,
27,37,
8,14,
56,18,
20,11,
-9,34,
7,23,
-1,21,
-9,37,
-9,-8,
69,-34,
24,-17,
17,-5,
51,-1,
1,40,
25,-6,
2,-17,
-15,-30,
-30,23,
29,1,
81,99,
24,94,
-43,33,
-35,-16,
-42,-70,
-25,-8,
15,15,
-25,124,
41,119,
40,-11,
2,-32,
36,41,
40,121,
-14,58,
-25,30,
-20,79,
20,68,
11,48,
-3,31,
-11,17,
21,-4,
39,-17,
40,1,
59,-21,
45,57,
72,62,
60,20,
-13,10,
-44,9,
-51,17,
37,-26,
69,-27,
96,-56,
53,-27,
25,-2,
26,25,
8,-2,
-3,23,
-9,36,
29,41,
-46,53,
-12,-27,
-32,-8,
23,86,
104,172,
42,28,
36,0,
-61,-56,
8,37,
5,20,
8,11,
-4,24,
-36,19,
-32,6,
-20,10,
-2,-11,
-2,17,
32,0,
80,-15,
43,-40,
-25,-13,
-296,26,
-2031,111,
-6190,-546,
-7975,-1719,
-7191,-2730,
-2286,-2411,
1021,-1046,
1080,164,
369,887,
452,1533,
831,2106,
644,1946,
-30,726,
-487,-860,
-524,-2072,
-298,-1844,
-89,-711,
-39,225,
75,418,
115,53,
261,-88,
282,-277,
287,-557,
363,-456,
391,20,
183,343,
-74,134,
-272,-193,
-36,-188,
252,-28,
329,164,
309,140,
223,-37,
314,-64,
407,-148,
200,-263,
212,-298,
141,18,
1,83,
45,78,
33,21,
7,40,
17,54,
-25,36,
-29,10,
-82,-21,
-193,-90,
-208,-21,
-98,51,
69,40,
148,241,
15,339,
3,341,
60,147,
19,78,
34,-15,
141,19,
242,23,
286,72,
178,126,
-6,100,
-105,89,
-140,122,
-86,102,
-57,50,
19,3,
140,-4,
77,64,
69,17,
37,-71,
35,2,
73,15,
106,29,
190,109,
232,169,
42,170,
-36,113,
-21,127,
50,149,
145,138,
290,35,
308,-2,
250,137,
88,36,
122,-59,
159,-101,
78,7,
87,78,
83,37,
12,84,
21,99,
55,84,
121,24,
156,15,
146,20,
135,44,
87,68,
100,30,
172,-2,
103,-62,
105,-18,
68,-12,
57,38,
75,22,
79,35,
96,87,
110,75,
136,-48,
143,7,
160,34,
110,82,
63,80,
4,106,
19,105,
53,61,
28,46,
-15,70,
5,36,
102,31,
171,62,
135,93,
107,90,
73,74,
100,61,
90,63,
30,4,
38,52,
72,82,
41,35,
48,94,
1,28,
45,55,
22,55,
83,67,
39,-42,
31,-75,
76,-18,
47,82,
32,92,
96,125,
78,74,
63,35,
-23,-5,
4,21,
27,38,
43,-12,
72,1,
32,27,
50,77,
71,24,
109,-3,
115,-36,
59,25,
65,35,
-20,62,
10,4,
128,-14,
00>
_________________________________
00>
00>
Printing STS1 CIR
00>
00>
_________________________________
00>
11,3,
16,2,
12,-25,
0,-1,
25,58,
13,57,
26,-33,
49,-33,
80,8,
84,40,
49,47,
28,23,
1,30,
6,19,
27,35,
-28,16,
14,0,
11,7,
40,-12,
43,-61,
49,-5,
37,12,
3,0,
27,45,
38,-21,
33,-34,
32,-37,
-13,19,
16,23,
6,-1,
38,-69,
28,13,
4,5,
17,-30,
44,-27,
66,-10,
18,-11,
59,-13,
47,16,
58,57,
43,3,
30,-28,
52,-57,
23,18,
31,29,
-5,-13,
-8,-41,
-2,-19,
-96,15,
-28,5,
-2,-5,
1,12,
12,-34,
7,-14,
8,-18,
-12,-73,
-14,-41,
-13,24,
-1,0,
-13,6,
16,13,
10,50,
39,34,
21,-15,
6,-26,
-26,-8,
-16,-36,
-6,0,
64,7,
80,9,
-4,4,
-65,-50,
-3,-28,
-15,-2,
16,41,
53,36,
66,26,
-17,-38,
-8,-51,
-33,27,
9,80,
38,57,
4,-3,
35,17,
1,51,
67,-11,
79,9,
39,-4,
-20,4,
1,3,
4,11,
-31,23,
-29,27,
130,43,
98,41,
33,-5,
11,-34,
35,1,
47,25,
63,16,
51,14,
45,13,
35,34,
4,24,
41,-2,
9,43,
12,13,
29,-5,
52,18,
41,51,
9,84,
32,-18,
25,4,
-49,-7,
-1,37,
68,-17,
-29,34,
-47,-7,
-39,-64,
37,-47,
8,75,
-33,30,
-39,20,
8,5,
22,0,
-5,5,
-24,14,
-22,-5,
20,-10,
64,-16,
46,9,
58,26,
18,-22,
7,-69,
-4,1,
29,61,
-1,22,
45,21,
44,29,
-48,72,
28,20,
57,-35,
46,-56,
88,-7,
77,37,
18,50,
4,41,
33,39,
29,69,
133,55,
164,78,
32,-19,
-3,-4,
-16,16,
26,-34,
68,-35,
36,-3,
56,-21,
76,-56,
82,-13,
22,10,
27,-17,
79,-5,
112,-12,
121,-4,
99,52,
83,31,
40,60,
-11,77,
-69,20,
31,3,
21,-18,
31,-7,
-28,13,
10,19,
-18,-12,
-38,10,
36,37,
67,17,
106,24,
30,49,
33,51,
39,28,
16,26,
33,18,
-33,23,
1,58,
31,40,
-21,24,
-26,31,
9,12,
45,4,
-9,-11,
9,6,
41,35,
-21,50,
1,42,
22,10,
-16,-3,
-11,11,
-11,37,
29,-2,
26,-19,
6,-5,
7,-4,
-37,-56,
-25,-23,
-21,30,
-2,71,
-8,16,
1,9,
-32,52,
62,133,
70,103,
70,42,
78,11,
22,13,
28,-8,
-39,-25,
4,-81,
31,-40,
70,-36,
14,-17,
43,-80,
51,-19,
-7,40,
-72,67,
-50,10,
-1,4,
13,-4,
14,-12,
-1,-42,
16,-40,
32,52,
19,-41,
45,-31,
-1,3,
1,53,
-9,46,
45,64,
50,16,
8,-18,
-25,21,
27,14,
47,20,
55,25,
-3,39,
-5,33,
30,36,
57,21,
-3,41,
-1,41,
4,-10,
26,-32,
43,-2,
-2,44,
32,36,
-8,10,
-14,25,
13,18,
52,-3,
18,8,
51,23,
19,16,
22,12,
-6,20,
-10,24,
17,-13,
31,-57,
57,-35,
53,-27,
-12,-19,
-19,-39,
5,-20,
50,-15,
23,53,
14,50,
15,62,
52,22,
28,-12,
13,12,
-30,-37,
31,-97,
16,-9,
48,25,
20,56,
28,15,
47,55,
46,-21,
-29,-47,
-56,3,
-49,30,
-6,37,
-22,37,
-73,-58,
-44,-79,
-53,28,
33,26,
31,10,
32,-2,
49,26,
54,-20,
22,5,
76,-7,
25,32,
17,20,
12,5,
-19,-12,
58,-29,
14,-1,
17,-5,
-13,13,
-19,14,
8,24,
17,-5,
92,-22,
81,4,
47,-4,
73,38,
86,-4,
25,30,
42,38,
-3,50,
19,8,
14,56,
61,11,
45,31,
47,41,
-15,47,
-6,-18,
-20,-15,
-39,-5,
-12,-32,
64,7,
44,-23,
67,-26,
57,-5,
45,49,
-17,21,
22,57,
10,29,
68,28,
-9,39,
0,69,
-7,64,
12,-16,
45,-61,
42,-73,
58,-9,
65,22,
36,-18,
-3,8,
-33,29,
51,31,
20,50,
-185,562,
-1398,2376,
-3591,5690,
-4587,6723,
-4299,5508,
-1613,1208,
676,-1517,
796,-1368,
473,-677,
986,-1279,
1995,-2257,
2364,-1789,
1482,-295,
504,759,
317,1056,
662,961,
686,555,
416,92,
129,-223,
40,-90,
77,-147,
92,-475,
-38,-746,
4,-740,
-143,-391,
-346,-29,
-439,15,
-340,-271,
-95,-462,
138,-558,
151,-409,
52,-148,
25,4,
19,44,
146,-86,
185,-12,
288,-18,
193,42,
-44,170,
-130,140,
22,4,
149,-18,
274,34,
259,101,
189,65,
24,-34,
-89,-73,
-63,-44,
-11,3,
102,-25,
125,15,
124,103,
102,127,
26,39,
-55,-70,
-95,-46,
-60,-42,
6,-42,
-19,-136,
-66,-154,
-124,-152,
-51,-121,
7,12,
34,58,
50,94,
28,85,
38,18,
15,-48,
60,-54,
110,-65,
103,-9,
63,77,
58,149,
45,67,
6,48,
-86,15,
-193,98,
-166,113,
-52,128,
115,177,
221,117,
233,-14,
108,-16,
-25,-49,
-45,-11,
-98,44,
-120,-8,
10,-137,
78,-147,
71,-114,
15,-52,
-18,-25,
-16,20,
3,-38,
-3,-31,
-5,-83,
20,-107,
-23,-58,
-70,-50,
25,-13,
42,-44,
-5,-43,
-47,-73,
23,-55,
46,-28,
60,-7,
60,-7,
68,-80,
85,-22,
130,-34,
40,-12,
-51,-24,
15,-35,
47,-54,
24,-62,
-44,-66,
-53,-19,
-63,10,
-34,-43,
-13,-42,
47,-96,
79,-67,
-1,-38,
-32,-51,
-7,-49,
-1,-40,
-17,-66,
-10,-57,
60,35,
87,-25,
33,38,
-14,8,
12,9,
98,10,
89,-16,
30,-36,
-9,2,
-38,-11,
-30,-9,
-4,-72,
1,-67,
-6,-64,
5,-8,
34,43,
82,-2,
68,-22,
15,-46,
-30,-10,
22,-24,
98,-62,
124,-99,
93,-99,
-23,-2,
13,-20,
74,-46,
76,-66,
83,0,
00>
_________________________________
00>
_________________________________
Sequence Number: 193
00>
00>
Printing STS0 CIR
00>
00>
_________________________________
00>
13,-24,
46,43,
15,14,
41,62,
47,89,
21,48,
-24,42,
10,-13,
1,13,
20,7,
35,84,
39,84,
3,85,
49,3,
35,-55,
-2,15,
-8,51,
32,61,
1,69,
18,69,
29,38,
29,17,
-32,2,
21,57,
46,22,
56,-53,
6,-56,
-2,15,
33,5,
-6,18,
-27,-13,
12,50,
10,14,
18,33,
84,10,
17,48,
19,47,
17,68,
-16,41,
-42,9,
19,20,
-9,7,
-22,-26,
-16,-11,
-9,-15,
11,-3,
-37,-10,
15,-35,
8,13,
53,-5,
58,-66,
63,83,
42,90,
10,9,
-57,-3,
-60,30,
20,63,
-5,8,
3,20,
76,-5,
26,1,
-10,-18,
-1,6,
29,33,
10,32,
-30,-4,
-16,45,
-1,47,
5,44,
-17,27,
19,-23,
43,-1,
-7,20,
19,-4,
7,17,
63,25,
59,-6,
35,-5,
43,-30,
-15,27,
0,13,
10,1,
44,19,
37,48,
-12,69,
13,60,
-4,84,
-2,-44,
-30,-22,
0,38,
-66,84,
-14,-12,
-6,11,
-23,31,
51,37,
51,36,
60,-2,
-11,-14,
-39,-38,
-21,10,
-4,10,
-12,18,
-18,-1,
59,37,
103,-24,
28,-37,
4,-14,
-57,1,
-33,-3,
9,-17,
60,2,
86,5,
39,3,
-3,-8,
1,-12,
-30,5,
-53,-8,
-10,30,
2,-80,
70,-50,
46,-33,
3,-30,
-61,0,
34,-45,
39,-22,
51,-14,
21,26,
7,43,
-50,-27,
-15,-25,
36,-34,
21,-44,
-3,-62,
7,-49,
-15,-48,
17,-12,
25,-13,
-20,-29,
53,20,
49,-48,
45,-39,
4,-12,
48,3,
3,21,
-30,13,
-16,-5,
9,0,
36,6,
29,-14,
22,-66,
70,-73,
-22,-38,
-1,-38,
49,-23,
-7,11,
-2,-36,
68,-47,
84,-16,
29,7,
8,16,
-34,32,
-18,15,
68,-15,
28,12,
12,32,
-8,10,
-58,34,
14,73,
-29,105,
4,-10,
49,42,
68,-50,
55,11,
12,36,
-17,-32,
-38,-38,
-6,0,
-7,27,
53,31,
50,76,
0,73,
29,56,
62,65,
20,-29,
-14,51,
35,39,
-1,79,
9,64,
-37,-25,
-3,-1,
12,-5,
40,11,
0,12,
34,26,
-8,25,
-8,-64,
-23,-24,
22,-31,
20,19,
97,72,
83,21,
54,-41,
36,-59,
33,-52,
-12,-32,
9,49,
3,73,
21,-18,
10,-42,
-6,-12,
2,-52,
-39,-26,
-21,-12,
34,-54,
27,-12,
-22,-114,
-25,7,
-17,43,
6,7,
-3,1,
7,-44,
2,-10,
19,2,
-37,6,
24,-49,
56,-16,
41,-1,
87,125,
60,117,
39,89,
42,52,
-20,29,
-14,-3,
22,-10,
33,35,
-47,18,
-48,5,
40,-15,
38,1,
-22,18,
3,-58,
-13,0,
40,77,
21,-18,
20,24,
31,52,
57,1,
51,18,
1,-10,
4,18,
45,17,
53,24,
33,-18,
82,-26,
67,33,
31,0,
-20,16,
-17,-10,
-96,101,
-33,19,
-30,-13,
4,12,
50,65,
49,1,
12,-17,
5,-38,
-30,-25,
-32,-20,
32,-66,
34,-24,
47,10,
29,42,
-1,15,
24,-14,
29,-31,
-20,-21,
22,22,
4,27,
37,-48,
-45,-59,
11,0,
33,-28,
100,-7,
15,14,
13,-8,
-17,5,
15,-46,
1,-28,
0,-28,
7,42,
13,71,
44,19,
14,-15,
-15,-24,
62,35,
-46,4,
-6,19,
-8,-1,
-28,9,
18,52,
8,16,
-42,-9,
20,1,
24,25,
50,68,
-3,38,
33,26,
-40,0,
-75,-28,
-20,-44,
22,-22,
46,-6,
46,-18,
32,-15,
24,-14,
85,-9,
11,13,
25,-7,
2,-23,
-24,0,
-24,43,
6,12,
58,-3,
-18,23,
-21,14,
17,-31,
37,18,
23,70,
1,-34,
-43,-42,
-1,-37,
-9,30,
-27,3,
26,-1,
22,16,
23,16,
-19,22,
22,0,
17,-34,
-25,-28,
21,46,
42,22,
7,16,
20,9,
-21,35,
-38,33,
-51,-29,
-12,-35,
15,-34,
31,-3,
24,28,
2,-3,
45,0,
389,-484,
2451,-2894,
6591,-5212,
7661,-4012,
7949,-1431,
5708,3245,
531,3780,
-559,1099,
427,-754,
2052,-890,
2367,126,
871,893,
-327,1028,
-722,1125,
-632,1246,
-314,1035,
-75,627,
44,363,
98,141,
-34,20,
-86,109,
-225,10,
181,-482,
201,-836,
-74,-1030,
-556,-807,
-833,-123,
-336,16,
-45,-149,
137,-511,
202,-423,
111,-136,
-8,-12,
-164,-72,
-226,-221,
-114,-139,
-52,25,
-456,235,
-498,161,
-407,51,
-283,-33,
-382,28,
-237,212,
69,323,
103,357,
48,406,
-79,268,
-75,16,
-48,-80,
-102,37,
-162,-53,
-37,13,
-27,110,
-275,258,
-286,79,
-238,-54,
-187,-112,
-98,-112,
77,26,
156,185,
26,211,
-40,171,
-159,78,
-130,-45,
-75,-145,
-112,-137,
-48,-28,
39,11,
59,121,
-132,287,
-187,376,
-213,230,
-21,144,
111,191,
113,151,
-31,68,
-103,-64,
-67,-106,
4,-25,
126,-27,
168,47,
33,51,
-147,-94,
-53,-61,
-18,18,
32,86,
101,-1,
-11,-11,
-105,87,
-247,139,
-259,102,
-121,-4,
-150,3,
-121,-66,
-121,-43,
-146,-75,
-94,-42,
-290,35,
-118,-47,
-54,-80,
-10,0,
-126,43,
-127,59,
-105,70,
-61,-3,
-69,57,
-70,56,
-43,-22,
-66,54,
-66,226,
-99,204,
-86,143,
-91,26,
-161,-29,
-86,-95,
-50,-55,
-75,-34,
-91,70,
-87,57,
-105,39,
-80,-14,
-74,-16,
-54,-14,
-15,-84,
-39,-17,
-73,28,
-65,27,
-48,63,
-75,48,
-120,8,
9,2,
58,52,
-32,45,
-99,71,
-61,-8,
-78,-79,
-78,-92,
-73,0,
-95,-44,
6,-46,
-15,28,
-43,7,
-46,82,
-126,118,
-57,63,
-114,60,
-24,-24,
39,29,
-10,89,
-143,106,
-114,24,
-75,-21,
-30,2,
-32,67,
-106,-45,
-108,-47,
-43,-7,
-30,-16,
-29,19,
00>
_________________________________
00>
00>
Printing STS1 CIR
00>
00>
_________________________________
00>
32,-14,
-15,24,
19,58,
9,-40,
74,-15,
31,-28,
42,-18,
-9,36,
19,8,
35,-30,
68,-14,
65,33,
23,13,
-13,23,
10,31,
21,45,
19,62,
-17,17,
7,-3,
21,43,
16,47,
-56,27,
-34,-8,
-33,15,
-6,44,
31,11,
41,-14,
32,-16,
30,-27,
22,-11,
35,-33,
26,-18,
9,35,
10,12,
-23,-29,
-28,28,
-10,50,
18,55,
-18,-5,
-83,21,
-10,8,
-50,38,
16,30,
-27,23,
-26,22,
19,54,
7,19,
1,27,
30,5,
-3,25,
1,76,
23,-4,
23,8,
27,27,
40,28,
50,1,
33,-3,
63,-18,
61,-6,
56,14,
55,19,
19,18,
60,-31,
27,11,
-12,16,
3,-2,
-17,-25,
6,28,
-50,10,
-67,7,
-53,27,
-11,-28,
-4,3,
30,45,
39,49,
68,105,
22,28,
50,5,
35,2,
36,16,
29,51,
39,39,
82,-18,
92,-45,
63,-27,
72,33,
38,-10,
32,-15,
14,11,
-2,32,
35,68,
-5,4,
4,34,
-19,66,
-4,31,
7,7,
-10,25,
-17,51,
-47,71,
-29,62,
7,-6,
-6,-17,
5,-22,
11,21,
-11,34,
-9,25,
-15,52,
8,33,
32,-14,
52,-30,
-1,-7,
-5,38,
23,24,
45,9,
48,-40,
-16,-19,
-50,-24,
-50,20,
-35,72,
-1,38,
-8,57,
6,-5,
12,37,
20,81,
-6,56,
9,2,
34,8,
-11,12,
3,-12,
-19,52,
-67,32,
5,29,
29,37,
30,17,
-8,-3,
-34,-9,
9,-3,
34,2,
27,29,
3,70,
-21,-10,
-6,-14,
30,16,
-34,54,
-7,19,
2,25,
41,62,
12,-12,
23,-16,
69,-21,
5,20,
-26,-7,
-10,-8,
71,26,
-53,103,
-69,137,
13,40,
29,12,
60,-16,
10,62,
29,10,
38,3,
57,54,
33,13,
22,-3,
41,40,
15,44,
22,29,
27,22,
-34,23,
-37,43,
-18,39,
-2,38,
6,-1,
-10,-20,
-12,22,
1,57,
13,47,
24,-19,
-18,0,
23,23,
43,18,
37,40,
47,18,
28,-22,
-37,-51,
-22,-20,
44,28,
-21,29,
-6,14,
-29,32,
-7,50,
-36,15,
-11,25,
-7,34,
-12,-6,
-7,5,
-23,-6,
6,3,
21,54,
27,48,
62,13,
40,9,
10,7,
15,2,
36,-7,
80,31,
44,21,
25,17,
13,14,
49,45,
12,42,
23,38,
26,-21,
50,-3,
-16,92,
16,62,
46,71,
65,64,
58,13,
57,-10,
43,-15,
34,46,
38,67,
5,42,
1,-28,
53,-31,
66,12,
60,9,
50,55,
-25,20,
-50,12,
-17,28,
7,-5,
-3,-38,
36,10,
-13,28,
-52,16,
-20,-5,
-8,19,
-28,-3,
24,12,
20,-7,
57,42,
93,44,
98,4,
73,13,
23,13,
-14,32,
37,35,
12,19,
24,-20,
2,-25,
-4,-22,
-8,44,
3,54,
41,28,
6,3,
43,35,
22,18,
49,-1,
71,39,
32,91,
1,34,
-47,46,
-16,38,
29,-16,
22,-20,
-2,24,
-10,-18,
19,-8,
33,9,
33,1,
33,24,
49,54,
52,-3,
11,-7,
35,46,
72,72,
17,46,
-3,55,
47,40,
63,4,
27,8,
-21,16,
13,22,
-14,0,
-21,10,
25,41,
55,76,
21,45,
61,40,
57,24,
49,36,
-2,50,
-23,34,
22,-41,
62,-73,
47,-50,
61,29,
32,13,
26,-4,
-2,-45,
5,-44,
13,-2,
25,-21,
68,1,
22,37,
2,17,
-64,16,
-9,1,
47,7,
24,23,
42,34,
1,29,
-44,63,
-46,10,
11,8,
23,30,
33,-51,
18,6,
33,-15,
-45,-10,
-75,-15,
-45,1,
39,1,
44,-25,
-11,-8,
-10,-24,
-11,-9,
-75,48,
-22,19,
17,36,
58,-9,
48,2,
4,3,
9,-25,
16,-22,
-6,26,
43,39,
11,35,
-30,42,
16,74,
77,13,
39,15,
30,-12,
57,-12,
48,42,
36,40,
9,38,
-14,18,
-15,-26,
-13,-52,
-415,-707,
-1649,-3730,
-2607,-7691,
-1579,-7969,
332,-7247,
1929,-2171,
1032,909,
-577,880,
-2750,-234,
-4548,-1861,
-3233,-2757,
-292,-1866,
891,-785,
690,-487,
265,-913,
33,-998,
24,-455,
62,98,
46,79,
73,52,
199,-8,
397,-88,
486,310,
308,667,
394,867,
174,652,
57,89,
163,-184,
170,-98,
128,-1,
87,162,
206,404,
191,491,
136,616,
16,53,
79,8,
128,90,
-56,379,
-159,408,
-128,278,
-3,175,
180,175,
241,155,
221,129,
179,118,
105,154,
-3,159,
-7,178,
67,234,
88,273,
44,67,
3,35,
67,28,
147,51,
156,-15,
130,-24,
176,59,
238,187,
350,261,
273,237,
66,171,
-31,206,
-93,114,
-39,10,
27,-64,
67,-80,
145,-5,
161,-6,
146,41,
83,160,
78,314,
33,297,
123,340,
110,445,
-16,429,
-155,339,
-226,164,
-101,121,
113,103,
211,274,
212,313,
267,349,
62,12,
-36,6,
-73,-16,
-90,168,
-36,136,
24,47,
196,44,
275,100,
192,156,
1,205,
-78,73,
-58,79,
-21,82,
64,26,
58,83,
72,156,
6,67,
-26,58,
-7,23,
-19,74,
43,64,
77,93,
66,190,
50,303,
17,152,
-39,101,
-38,144,
-113,182,
-75,140,
-1,56,
34,28,
94,55,
-27,78,
-18,15,
-44,25,
-83,227,
-11,178,
81,128,
93,90,
150,102,
99,155,
57,125,
6,93,
14,69,
26,105,
1,91,
17,60,
-2,111,
-5,55,
28,19,
95,24,
143,61,
113,118,
46,63,
75,56,
-37,117,
-18,123,
-46,106,
1,93,
-15,92,
-12,70,
-63,98,
8,78,
-15,59,
68,2,
69,12,
85,31,
96,26,
92,47,
54,51,
74,73,
34,70,
7,97,
76,37,
54,69,
42,36,
51,137,
00>
_________________________________
00>
RX Timestamp: 781993891302
00>
Clock Offset: -2350.616 Hz, 0.294 ppm
00>
RX Timestamp: 783065201484
00>
Clock Offset: -2067.947 Hz, 0.259 ppm
00>
_________________________________
Sequence Number: 70
00>
00>
Printing STS0 CIR
00>
00>
_________________________________
00>
11,11,
2,42,
-23,111,
-2,20,
-4,17,
43,5,
67,-17,
40,10,
-25,31,
-18,90,
57,50,
75,52,
99,89,
27,23,
2,-58,
-17,7,
13,35,
53,-10,
56,2,
20,38,
-23,24,
-13,51,
-34,-2,
-46,50,
-38,-11,
-12,-7,
50,25,
13,45,
-29,95,
21,86,
58,43,
14,71,
32,81,
18,53,
-8,24,
35,14,
-4,-19,
-19,29,
18,-5,
64,65,
-52,115,
-7,22,
-47,-37,
-44,-12,
54,40,
25,41,
66,-9,
40,-14,
20,45,
-26,105,
24,63,
18,16,
11,42,
-35,59,
11,19,
54,-89,
16,-103,
47,-76,
-13,39,
58,63,
23,3,
27,43,
-20,40,
-30,26,
14,7,
-8,3,
-20,44,
-47,40,
20,101,
6,23,
7,46,
23,-5,
1,-16,
52,-50,
50,34,
79,42,
49,98,
-7,73,
-15,17,
-74,-48,
-98,-95,
38,-48,
64,88,
62,70,
29,92,
37,18,
68,-6,
-50,39,
-13,8,
26,-36,
47,25,
-11,63,
-24,71,
29,42,
49,72,
47,60,
92,108,
18,0,
-3,10,
44,10,
32,-35,
75,-32,
61,-33,
-11,-34,
41,-67,
14,-38,
-1,-22,
15,-33,
31,66,
-13,58,
-15,34,
-28,-15,
-17,41,
-6,1,
37,-37,
26,-44,
36,36,
54,18,
15,35,
52,67,
38,109,
-5,96,
31,107,
39,47,
61,56,
56,3,
37,21,
92,23,
48,10,
-6,-51,
-33,-13,
-95,37,
35,43,
18,-31,
2,-2,
79,10,
67,-15,
64,-13,
-73,65,
42,30,
8,4,
0,47,
28,90,
72,48,
-26,41,
16,46,
-22,33,
21,11,
46,-11,
56,27,
67,14,
8,47,
-2,84,
-2,89,
-12,66,
-26,27,
39,75,
64,57,
45,-22,
-21,-74,
-78,20,
-55,14,
-53,-45,
-31,-41,
-1,73,
57,98,
45,1,
-7,-110,
55,-104,
34,-60,
41,-43,
85,48,
66,3,
8,-7,
8,-16,
66,17,
27,29,
-14,-30,
-74,7,
-33,-36,
12,-32,
47,49,
-15,8,
-8,-31,
34,-32,
55,3,
111,36,
25,62,
51,18,
51,58,
58,53,
94,14,
80,-23,
6,-12,
10,31,
29,15,
48,70,
1,51,
-43,-21,
45,-29,
14,22,
38,14,
12,-47,
-40,-18,
36,-11,
32,55,
-5,39,
24,-4,
26,39,
72,0,
14,-19,
-8,14,
44,8,
58,-22,
90,31,
58,16,
-11,-22,
-15,-27,
69,27,
94,32,
100,-12,
80,-25,
42,73,
4,43,
-15,15,
-38,-5,
8,-17,
74,-32,
78,46,
54,51,
-4,54,
19,85,
-10,47,
67,-1,
122,24,
-20,-19,
-67,33,
13,58,
55,8,
8,81,
37,29,
8,35,
-2,24,
-10,-27,
31,59,
49,27,
48,27,
7,111,
0,13,
64,10,
-40,43,
-31,30,
37,16,
44,22,
43,27,
7,18,
-25,-10,
-20,-69,
8,20,
65,23,
23,48,
23,15,
52,-4,
3,11,
-43,16,
-48,60,
0,8,
67,-5,
48,15,
108,41,
100,-16,
80,-14,
26,-23,
20,-25,
-30,-8,
14,-11,
15,-1,
55,61,
93,45,
18,-26,
15,-36,
-26,26,
48,72,
21,53,
58,12,
88,61,
71,42,
119,28,
69,-18,
22,-56,
19,9,
-17,61,
4,-10,
15,15,
-20,39,
27,93,
54,115,
29,107,
62,78,
20,23,
23,-28,
60,-16,
34,-24,
5,-2,
14,-27,
39,-8,
0,-56,
5,0,
-54,-19,
7,1,
39,41,
27,51,
4,16,
0,-28,
-8,37,
52,5,
13,-39,
8,-28,
17,-39,
95,-18,
77,32,
-1,19,
-13,-7,
7,-65,
83,54,
92,43,
115,-34,
37,-104,
-6,-34,
20,20,
6,18,
100,55,
91,28,
44,17,
-18,21,
-17,0,
-11,1,
47,45,
28,37,
61,-70,
28,-13,
-78,72,
-19,47,
42,22,
90,-6,
27,-57,
26,-8,
4,-64,
19,19,
41,32,
27,13,
26,-2,
-2,-42,
-13,-20,
5,-1,
-51,10,
-39,72,
237,67,
1528,-43,
5409,136,
7921,1023,
7571,2090,
3640,2682,
-529,1333,
-1221,53,
-550,-646,
-558,-1334,
-1074,-2010,
-994,-2127,
-169,-965,
541,690,
871,2020,
655,2042,
348,1011,
167,-64,
-72,-387,
-142,-86,
-156,92,
-243,185,
-157,424,
-274,477,
-477,69,
-323,-269,
75,-165,
304,216,
152,241,
-179,68,
-351,-123,
-248,-94,
-192,-24,
-262,112,
-355,90,
-102,165,
-107,155,
-59,97,
0,-5,
19,-60,
19,22,
-1,55,
65,26,
82,-51,
124,-49,
197,80,
233,155,
223,129,
153,-18,
-28,-54,
-205,-216,
-85,-231,
-14,-175,
-21,-131,
11,-7,
-5,20,
-79,-13,
-152,-42,
-188,-90,
-84,-71,
31,11,
105,-14,
119,-32,
116,-131,
59,-91,
63,65,
-35,46,
-57,40,
-37,81,
-80,136,
-17,78,
6,49,
-87,-79,
-180,-19,
-188,-149,
-24,-196,
10,-139,
-8,-107,
-94,-152,
-134,-169,
-246,0,
-285,67,
-219,70,
-39,81,
-76,71,
-211,69,
-112,-8,
-21,-106,
-32,-134,
-5,-113,
-2,-105,
-20,-98,
-86,-101,
-116,-11,
-108,29,
-122,53,
-59,38,
-91,25,
-122,-41,
-45,-16,
-31,-8,
-14,30,
-10,137,
-58,162,
-25,119,
-22,9,
-55,-42,
-45,-130,
-62,-70,
-195,-59,
-129,-80,
-45,-84,
7,-66,
-31,1,
-110,56,
-12,20,
27,-33,
38,51,
20,-13,
-39,-5,
-127,-34,
-85,-67,
-80,-66,
-74,-68,
19,-94,
26,-10,
-24,-32,
-43,-7,
-21,9,
-26,19,
-45,-12,
-21,-67,
-32,19,
-37,21,
-41,-8,
-30,-65,
26,-83,
55,24,
-7,-50,
-62,-46,
-78,-103,
4,-88,
29,-56,
-37,13,
-68,-13,
-38,-10,
-149,66,
-25,169,
-20,168,
-101,55,
-34,-26,
-39,-28,
-11,10,
-17,-28,
-64,-59,
00>
_________________________________
00>
00>
Printing STS1 CIR
00>
00>
_________________________________
00>
39,-37,
62,-44,
29,-49,
-25,4,
-92,80,
-61,64,
-29,21,
11,-31,
20,-20,
-15,-19,
-5,50,
-9,38,
-9,-6,
19,-82,
25,-52,
15,25,
-29,125,
15,82,
-8,47,
-10,21,
31,-31,
47,-23,
37,20,
54,-29,
12,3,
52,31,
-51,32,
-2,21,
-1,12,
7,63,
-12,79,
-41,97,
-12,30,
-33,-5,
-31,30,
-58,52,
-16,34,
9,9,
35,41,
59,7,
79,10,
101,34,
-16,-13,
-4,13,
-40,44,
-3,35,
4,41,
-55,42,
-36,26,
-53,24,
-44,11,
22,-36,
31,30,
51,40,
48,82,
9,62,
44,10,
12,30,
20,68,
-8,57,
-64,-8,
-64,18,
-55,47,
-9,-1,
38,30,
55,5,
36,-71,
30,-5,
23,30,
-29,113,
27,64,
-12,38,
-41,-50,
-27,-60,
30,-36,
20,28,
37,61,
26,26,
23,34,
-51,69,
7,57,
14,85,
9,62,
23,-14,
-12,-13,
-26,15,
-60,4,
-30,58,
-21,35,
-20,26,
-38,29,
-37,51,
-23,40,
-47,-3,
-43,-22,
24,-20,
11,57,
61,38,
45,36,
15,25,
36,37,
5,65,
-24,88,
4,7,
9,-22,
-22,-22,
12,17,
14,-42,
17,0,
47,38,
16,63,
7,56,
21,-53,
17,-41,
5,-46,
34,-6,
-7,41,
-59,72,
-65,9,
53,-12,
97,20,
61,48,
-79,91,
-56,66,
8,11,
30,5,
-27,51,
-51,43,
-28,26,
-3,-2,
-36,46,
36,-17,
7,-24,
22,-12,
26,-7,
75,2,
63,7,
67,50,
-31,79,
-72,11,
-91,21,
-21,5,
-77,12,
-40,47,
-67,-21,
49,24,
26,-3,
-34,-46,
-13,-46,
32,22,
5,61,
4,-17,
-18,1,
-45,-6,
-3,1,
49,-36,
40,-26,
53,20,
61,42,
-15,42,
-34,83,
8,37,
24,13,
-59,12,
-4,39,
9,24,
27,33,
-6,61,
15,-5,
14,2,
-13,19,
23,45,
123,36,
23,-3,
4,4,
52,32,
34,1,
12,46,
19,21,
7,3,
-64,34,
-10,31,
20,57,
15,95,
22,69,
22,42,
-50,52,
-37,43,
13,92,
7,-1,
-30,-9,
-89,5,
-85,80,
-3,96,
5,-9,
-8,-40,
-24,29,
-29,22,
-27,-40,
2,-56,
-32,-43,
-88,-11,
-82,13,
-18,-28,
35,-37,
49,-35,
7,35,
-48,72,
43,55,
78,111,
37,97,
-8,13,
-71,64,
-15,25,
51,-2,
18,-1,
2,-13,
11,54,
18,58,
23,28,
-21,-6,
-62,29,
25,25,
57,30,
81,41,
68,7,
97,-59,
104,-26,
64,38,
14,39,
-5,28,
18,42,
55,39,
33,60,
24,39,
0,2,
-45,28,
-47,2,
-5,21,
-7,-28,
-39,-22,
15,10,
28,-19,
4,-12,
-14,86,
-20,40,
85,-21,
108,25,
78,38,
80,48,
-10,48,
7,33,
-23,23,
30,4,
21,-1,
9,23,
39,35,
-11,15,
28,-5,
24,-8,
-1,-15,
41,-1,
63,-33,
37,-61,
-10,24,
-32,12,
9,-5,
-14,-68,
7,-46,
-15,-59,
1,-20,
-27,38,
55,38,
105,11,
144,-3,
65,-49,
52,-53,
-11,-21,
11,-16,
25,-46,
20,15,
8,35,
-35,71,
44,25,
18,-7,
-11,10,
23,17,
21,3,
23,-19,
20,-50,
52,6,
32,43,
17,40,
42,-23,
21,-29,
10,13,
4,8,
15,-2,
-34,13,
60,25,
0,30,
31,18,
24,7,
16,18,
-12,27,
-19,45,
49,41,
67,44,
78,-12,
22,3,
22,-29,
72,-28,
47,-25,
43,-14,
36,15,
25,92,
-12,73,
-26,38,
25,-36,
8,-39,
30,-33,
54,54,
13,23,
-46,-4,
-13,-70,
63,-35,
65,24,
48,57,
28,49,
24,16,
24,100,
-34,27,
-49,-16,
22,9,
-8,25,
7,28,
23,-8,
37,-21,
91,-35,
55,-5,
16,16,
9,36,
57,-39,
84,9,
9,14,
45,32,
89,36,
7,12,
-2,1,
-26,14,
31,-13,
43,27,
33,46,
1,10,
65,-37,
70,31,
66,0,
189,-413,
1242,-1841,
3542,-4974,
5014,-6362,
4912,-5543,
2455,-1994,
-418,1255,
-921,1550,
-532,678,
-920,1049,
-1965,2086,
-2446,1938,
-1626,606,
-541,-618,
-141,-1111,
-413,-1063,
-563,-703,
-396,-123,
-127,248,
36,117,
30,177,
-32,518,
-63,790,
-106,858,
51,431,
331,102,
434,0,
325,247,
102,518,
-146,650,
-179,456,
-86,164,
60,-32,
83,-81,
-103,61,
-220,11,
-279,43,
-204,7,
134,-160,
248,-191,
90,-59,
-140,10,
-242,-47,
-264,-59,
-163,2,
-44,98,
52,88,
42,21,
-39,-1,
-94,-45,
-103,-53,
-36,-59,
-35,-74,
8,-66,
68,71,
125,98,
149,36,
55,-9,
7,45,
65,159,
135,211,
110,158,
58,21,
46,-116,
12,-146,
-29,-89,
-46,-24,
-66,14,
-77,26,
-71,37,
-44,-7,
-70,-50,
-92,-52,
-7,-60,
57,33,
115,10,
184,-35,
165,-49,
77,-106,
-35,-144,
-154,-111,
-188,24,
-143,29,
32,84,
51,60,
140,36,
90,82,
-10,172,
-47,154,
-114,77,
-140,51,
-113,7,
-35,27,
36,-22,
54,24,
12,124,
-12,126,
55,121,
135,111,
40,29,
29,34,
-14,60,
-19,122,
-26,149,
-74,38,
-58,34,
-24,134,
51,76,
23,-8,
-84,12,
-70,31,
13,-29,
86,18,
52,70,
23,92,
84,55,
95,70,
34,63,
29,4,
31,11,
13,46,
-43,64,
-78,102,
-60,109,
-1,69,
-31,39,
-35,10,
-50,-14,
-47,-46,
6,2,
26,25,
17,10,
-12,-18,
0,-19,
3,25,
12,35,
25,36,
18,66,
-47,87,
15,70,
67,84,
60,-8,
-14,-10,
-49,42,
-14,21,
25,40,
-18,1,
-71,1,
-66,-7,
-105,15,
-62,52,
-48,21,
-51,30,
39,56,
89,81,
00>
_________________________________
00>
_________________________________
Sequence Number: 73
00>
00>
Printing STS0 CIR
00>
00>
_________________________________
00>
24,-24,
-22,-16,
-15,10,
34,57,
70,60,
123,33,
114,63,
41,91,
24,-60,
-14,-41,
-2,18,
14,26,
65,69,
0,-32,
-6,-46,
0,-30,
32,44,
-6,84,
-40,38,
21,32,
25,75,
-17,28,
-71,-18,
-49,-40,
-6,-61,
-42,-44,
-16,-20,
1,11,
20,-5,
27,-21,
25,-21,
56,-24,
44,-25,
62,5,
8,1,
-35,43,
45,-29,
75,-75,
9,11,
-68,-94,
-4,-35,
37,-22,
86,35,
96,69,
10,28,
-16,-19,
-26,-9,
-24,-8,
12,-16,
12,8,
31,67,
-32,37,
-8,18,
88,-33,
21,70,
30,130,
-27,62,
-33,32,
25,65,
-15,-10,
-38,18,
27,53,
-14,7,
-10,39,
6,4,
43,-48,
0,14,
-32,18,
25,-16,
34,26,
-9,52,
0,38,
-21,49,
-4,48,
3,27,
22,97,
26,81,
48,-19,
15,-52,
38,-59,
-17,0,
16,13,
9,57,
4,-39,
29,-29,
28,-88,
13,-39,
-18,1,
39,40,
30,22,
38,39,
1,15,
33,33,
31,35,
26,-40,
19,-19,
19,-6,
16,5,
39,14,
4,37,
52,-2,
46,43,
14,-6,
23,0,
25,64,
32,42,
15,-34,
-34,-7,
-38,44,
2,52,
26,23,
9,16,
21,-65,
67,-47,
37,37,
46,72,
54,59,
-10,-1,
3,-22,
-10,18,
9,70,
-16,100,
-45,43,
-26,17,
14,-54,
42,14,
64,59,
42,84,
18,-8,
33,129,
21,43,
50,36,
59,33,
24,52,
37,-39,
29,-44,
-102,24,
-18,21,
-26,18,
-17,30,
12,36,
48,31,
47,-13,
53,-6,
9,3,
15,8,
7,-19,
17,8,
10,25,
47,38,
-26,31,
24,19,
32,-20,
17,31,
39,54,
57,45,
32,49,
49,-30,
-18,-33,
11,-5,
19,19,
-39,9,
-9,-23,
1,-29,
43,-5,
41,41,
3,105,
6,62,
16,-13,
45,-55,
15,-12,
-5,32,
68,-5,
66,-15,
-9,-4,
-4,51,
20,60,
-9,-10,
-28,-23,
39,9,
69,46,
-5,78,
6,52,
7,45,
25,27,
-31,-24,
-17,11,
5,56,
67,29,
48,34,
58,21,
57,25,
39,35,
27,-28,
21,-48,
2,10,
0,3,
72,30,
-2,47,
58,32,
68,-52,
43,-12,
41,-49,
44,-9,
43,-15,
17,-2,
52,-6,
44,12,
-54,34,
-27,40,
-7,-10,
54,-38,
50,24,
0,7,
-5,44,
-33,17,
26,-80,
91,-34,
-26,53,
-36,46,
-7,35,
-11,-110,
77,-145,
42,-40,
-12,-29,
22,50,
14,108,
46,25,
53,-12,
55,-35,
46,49,
63,22,
8,6,
-7,-2,
4,20,
50,-48,
107,1,
46,49,
31,47,
16,25,
-39,-37,
56,-9,
63,-63,
61,-24,
50,2,
59,1,
66,47,
73,53,
31,12,
99,11,
85,53,
-12,-29,
-46,-6,
-36,-25,
42,42,
-55,82,
11,0,
53,-31,
-3,-19,
-57,15,
54,-15,
-16,26,
26,24,
8,34,
-16,24,
56,2,
45,-5,
0,4,
-32,31,
-47,2,
-5,-30,
30,4,
38,-85,
21,16,
30,51,
14,79,
77,24,
58,-62,
9,53,
-22,7,
-5,-21,
50,1,
4,-14,
23,16,
26,-51,
38,-68,
35,-77,
48,-54,
39,-26,
-5,-68,
37,-47,
-34,-32,
12,36,
21,-13,
61,30,
21,-13,
-27,17,
2,62,
26,18,
53,-19,
53,-20,
-40,36,
-6,98,
-16,10,
-17,1,
-20,67,
-63,43,
-65,48,
1,33,
-36,18,
29,-56,
35,-51,
73,-122,
23,-130,
-22,-8,
6,27,
-14,54,
-38,43,
58,40,
44,-23,
9,28,
3,-39,
29,-65,
18,-27,
8,18,
11,-6,
23,0,
54,38,
-18,92,
-48,5,
22,19,
34,13,
12,30,
4,-54,
52,7,
23,78,
0,69,
-23,8,
-16,84,
-14,-17,
13,71,
13,51,
16,62,
81,81,
42,64,
26,75,
42,43,
63,-15,
63,-90,
62,-116,
40,-23,
44,19,
13,-11,
-60,-42,
7,54,
-87,421,
-720,2069,
-2500,5451,
-4296,6869,
-5409,5323,
-4377,1127,
-1522,-1925,
69,-1367,
-26,387,
-806,1307,
-1367,1048,
-987,83,
-65,-822,
357,-1155,
245,-1150,
68,-1018,
-64,-545,
-84,-74,
-24,15,
92,-49,
142,-207,
262,-126,
-30,326,
20,613,
267,707,
428,475,
444,-28,
258,-236,
151,-45,
103,234,
-55,324,
-99,223,
-79,98,
38,67,
196,24,
160,12,
108,-60,
243,-210,
206,-220,
309,-201,
227,-72,
187,-113,
174,-228,
-17,-236,
-134,-228,
-140,-188,
4,-176,
67,-41,
59,65,
54,-39,
137,-224,
124,-162,
44,-134,
130,-211,
155,-154,
263,-79,
271,8,
113,34,
-74,60,
-40,-27,
-27,-116,
58,-149,
143,-151,
78,-41,
33,13,
6,107,
60,-3,
34,-3,
-34,-102,
-24,-180,
69,-263,
114,-196,
8,-87,
-122,-78,
-69,-78,
45,-9,
42,43,
66,33,
-16,44,
-125,42,
-161,118,
-26,90,
146,-39,
52,27,
16,10,
-55,18,
-66,-32,
4,-72,
-6,-115,
-4,-131,
3,-99,
64,-71,
109,36,
123,16,
140,9,
147,-32,
125,-8,
122,-42,
151,-73,
62,-57,
109,-46,
124,-9,
99,-21,
54,-48,
63,-95,
58,-90,
94,-71,
136,-56,
27,-58,
17,-104,
-5,-84,
64,-51,
87,-25,
94,-26,
90,-5,
85,10,
82,-10,
51,-4,
110,-6,
86,-81,
17,-98,
7,-21,
61,28,
65,13,
48,-26,
56,-35,
4,-10,
-20,-71,
26,-104,
79,-82,
143,-34,
24,-59,
65,-44,
11,-65,
38,-57,
89,-66,
118,0,
157,-13,
68,-74,
36,-111,
23,-89,
-12,-34,
36,0,
48,-77,
42,-105,
37,-17,
-3,-46,
-45,-31,
35,-62,
81,-97,
107,-41,
117,-109,
122,-79,
50,3,
57,5,
53,-10,
92,86,
00>
_________________________________
00>
00>
Printing STS1 CIR
00>
00>
_________________________________
00>
40,-25,
-9,54,
-63,91,
-13,77,
-1,8,
18,29,
36,-14,
31,-2,
4,25,
23,-30,
36,-2,
55,60,
-13,36,
-75,-6,
-8,10,
60,11,
61,-21,
31,0,
20,42,
48,-8,
44,30,
13,27,
-87,40,
-53,1,
78,8,
49,-45,
21,-32,
25,17,
1,-25,
36,-97,
100,-31,
27,43,
23,53,
14,32,
-38,-4,
-95,-32,
-32,-48,
74,-57,
49,-26,
13,24,
19,-16,
5,48,
11,39,
12,6,
37,-21,
26,-69,
68,-28,
94,13,
-38,41,
1,23,
33,-57,
-2,-27,
27,9,
-2,19,
-1,28,
-15,26,
54,-36,
-5,1,
-23,4,
-66,2,
-4,67,
-2,20,
-18,-7,
34,-21,
44,33,
69,-14,
28,6,
9,64,
23,38,
-23,19,
-8,14,
-31,70,
-16,54,
-1,59,
-2,30,
26,41,
29,5,
32,35,
0,51,
26,38,
-14,24,
2,6,
11,-10,
6,-3,
-49,43,
-123,100,
-58,87,
-69,31,
-53,-39,
-21,3,
-36,33,
-55,67,
-38,20,
9,-12,
-4,-4,
-44,-25,
-9,-23,
-8,2,
20,5,
-2,39,
23,5,
22,-1,
-66,41,
-50,-32,
-26,-11,
54,17,
16,11,
-3,23,
24,119,
-19,86,
8,65,
-21,43,
-7,51,
-28,4,
-31,-14,
-23,-8,
0,53,
45,21,
53,-44,
13,-19,
-19,-15,
29,-26,
57,-6,
9,-9,
15,30,
23,-6,
-30,26,
29,55,
77,-11,
-4,-6,
-15,-22,
16,47,
31,8,
70,-18,
19,46,
-43,45,
-27,81,
13,23,
42,26,
14,25,
20,56,
4,43,
43,-33,
40,7,
29,17,
-27,30,
26,-2,
20,4,
37,16,
33,6,
47,36,
49,15,
32,5,
18,13,
40,-49,
60,11,
78,46,
5,30,
-44,30,
8,-6,
77,0,
93,44,
49,23,
15,17,
40,65,
79,42,
81,-16,
-24,33,
-31,26,
-15,48,
38,36,
20,27,
54,84,
-6,47,
-9,-22,
-21,12,
38,1,
-4,26,
-5,19,
-1,50,
-28,3,
20,-84,
-6,-64,
-72,-21,
-11,12,
-12,49,
63,45,
-16,0,
-37,-16,
-39,-8,
30,2,
49,18,
81,25,
37,-2,
53,-63,
36,-76,
75,-23,
40,-24,
65,29,
90,43,
31,36,
-3,-5,
-35,8,
6,20,
24,44,
32,26,
-13,64,
-20,23,
19,-10,
-2,-3,
7,66,
49,60,
45,1,
61,-74,
118,-30,
69,23,
-40,59,
-54,-9,
31,-4,
59,0,
32,18,
0,1,
58,3,
42,74,
83,55,
18,91,
28,33,
41,-11,
27,-16,
39,21,
3,65,
-33,106,
-65,11,
27,13,
36,-17,
39,29,
77,15,
84,21,
18,20,
-12,-11,
-50,-13,
27,18,
50,27,
38,-1,
-3,-7,
-16,-84,
7,18,
72,-40,
92,20,
66,14,
50,-94,
26,-10,
47,53,
14,19,
-30,37,
-65,47,
-74,35,
1,21,
54,59,
35,66,
-43,7,
-5,-18,
71,-20,
55,28,
9,0,
-12,-64,
-20,25,
10,75,
0,96,
-2,32,
-50,-18,
13,15,
59,56,
-7,67,
-48,55,
-36,39,
12,49,
-46,-32,
6,-14,
50,30,
27,16,
20,-30,
1,-20,
-47,16,
-25,19,
-25,1,
-18,-35,
22,-43,
26,-19,
4,-1,
41,18,
38,67,
15,101,
-50,23,
-64,19,
-83,48,
-86,-17,
-3,3,
60,-2,
36,-3,
29,45,
86,72,
73,74,
-37,0,
-87,-6,
-14,11,
-2,34,
-7,19,
-35,15,
41,32,
-7,19,
36,30,
99,-30,
85,-20,
58,1,
20,-22,
-13,3,
-20,-13,
9,-12,
-40,-30,
5,2,
25,35,
20,18,
52,-4,
-26,12,
6,64,
13,-2,
64,28,
-11,33,
-28,-26,
1,-25,
42,15,
20,57,
51,5,
-1,-44,
-6,-8,
-46,21,
-28,21,
-46,-17,
-54,-19,
13,-36,
-64,-38,
-72,1,
-32,-26,
-24,17,
7,64,
46,59,
-34,78,
-51,68,
-6,39,
-4,19,
-21,-21,
11,-18,
39,1,
83,66,
383,307,
1591,1676,
3437,4647,
3755,6632,
2367,5895,
-420,2112,
-1302,-268,
-157,-633,
1825,-248,
3314,310,
3129,910,
1339,1104,
-301,792,
-629,487,
-53,665,
363,765,
276,458,
-15,64,
-140,-152,
-95,-10,
-152,-44,
-322,104,
-431,-43,
-436,-305,
-342,-435,
-188,-346,
-22,-45,
-18,144,
-100,100,
-99,50,
-76,-30,
-180,-242,
-297,-352,
-126,-275,
-41,-74,
-70,50,
-106,9,
-94,-149,
5,-221,
-19,-162,
-42,-42,
-57,-7,
-112,-9,
-207,-27,
-155,-40,
-79,-101,
-18,-121,
-62,-104,
-57,-74,
-60,-81,
-71,-7,
-54,-20,
-81,-107,
-109,-81,
-130,69,
-88,110,
-52,70,
-117,-56,
-264,-57,
-257,-81,
-174,-83,
5,-68,
48,-63,
71,9,
46,33,
-6,59,
-72,28,
-48,-45,
-82,-76,
-64,-67,
-146,-107,
-132,-261,
-173,-266,
-171,-238,
-61,-243,
134,-232,
215,-203,
128,-142,
-29,-87,
-242,-156,
-298,-136,
-235,-112,
-49,16,
74,65,
94,63,
26,-62,
-61,-34,
-75,4,
-66,43,
-146,39,
-147,8,
-102,-105,
24,-76,
56,-94,
26,-37,
-15,65,
-54,82,
-59,-59,
-38,-65,
-1,-53,
17,-59,
12,-13,
-47,-80,
-107,-62,
-101,-58,
1,-63,
21,-90,
70,-123,
36,-95,
84,-84,
-3,-83,
-58,-55,
-117,-16,
-85,7,
-29,-6,
-10,-13,
-46,-12,
-12,-97,
-56,-20,
-62,-11,
-77,-13,
-87,-33,
-66,-3,
-57,-29,
-76,-53,
-105,1,
-74,24,
-17,-49,
-9,-68,
12,-52,
8,-68,
-2,-54,
-155,-17,
-124,56,
-61,17,
-16,-6,
2,9,
39,-62,
-32,-36,
-35,-15,
-10,-16,
-8,-56,
-39,-74,
-51,8,
10,-19,
23,-79,
-3,-115,
-31,-103,
-32,-29,
-24,-35,
-30,-34,
17,-50,
-18,-67,
-44,-32,
-43,-57,
-43,-57,
-23,-39,
00>
_________________________________
00>
RX Timestamp: 921943946701
00>
Clock Offset: -3723.049 Hz, 0.466 ppm
00>
RX Timestamp: 923014438202
00>
Clock Offset: -1625.347 Hz, 0.203 ppm
00>
_________________________________
Sequence Number: 206
00>
00>
Printing STS0 CIR
00>
00>
_________________________________
00>
17,-9,
-17,59,
-1,49,
-22,28,
-5,-39,
0,-42,
8,60,
-14,-20,
-18,3,
3,-24,
-27,53,
41,-19,
48,-7,
50,33,
42,74,
6,38,
-45,54,
-45,22,
51,35,
36,-19,
17,-22,
29,-17,
18,-35,
59,-28,
84,-60,
117,-18,
14,-5,
5,-27,
-20,-58,
-21,-9,
-57,-67,
-42,-104,
-19,0,
15,26,
1,29,
-7,-57,
-39,16,
-5,-18,
2,-99,
31,-129,
87,-66,
9,-30,
-48,41,
-18,-17,
10,79,
32,-1,
20,11,
-39,-18,
63,-9,
-14,-34,
40,-44,
40,44,
74,52,
26,-36,
42,-47,
-4,6,
14,-4,
44,61,
-11,-35,
30,-24,
20,22,
45,20,
3,4,
-23,48,
-16,77,
55,48,
42,107,
19,119,
19,-9,
22,-44,
-62,-9,
-87,39,
-66,49,
-76,75,
-77,-2,
9,52,
13,83,
-9,54,
18,7,
-21,41,
-13,32,
-19,8,
-30,-36,
16,-75,
-1,-4,
-37,-50,
-11,-28,
15,-27,
16,-28,
36,5,
14,-24,
-15,-8,
-12,30,
19,18,
17,33,
-20,4,
-42,-19,
-91,-88,
-32,11,
29,5,
85,47,
17,-45,
-19,-96,
-43,-16,
7,35,
50,7,
56,42,
16,39,
-27,20,
16,12,
87,-1,
52,-29,
72,24,
8,39,
-5,44,
1,44,
-1,-13,
-23,20,
28,40,
22,74,
-17,5,
26,1,
-1,-6,
-4,-11,
15,4,
0,-35,
6,-19,
0,57,
-26,43,
10,44,
-19,6,
29,-29,
-25,-9,
-25,-14,
-34,24,
26,53,
7,28,
0,63,
2,14,
3,-46,
-20,18,
-14,69,
13,1,
-4,-22,
10,-20,
59,-51,
90,-37,
52,34,
31,24,
-4,23,
-3,15,
32,50,
59,-1,
105,-39,
41,7,
50,3,
17,14,
-24,-23,
-5,37,
57,45,
56,47,
7,29,
-42,18,
-56,48,
41,-20,
90,-29,
75,-43,
138,-10,
94,-61,
38,-58,
106,-54,
0,19,
-23,29,
0,49,
-26,-30,
41,-3,
24,36,
4,41,
29,21,
16,4,
-8,-23,
8,33,
18,48,
26,42,
35,-10,
10,9,
9,-37,
17,-21,
31,5,
1,32,
35,13,
37,45,
13,18,
0,46,
-1,72,
-1,45,
39,25,
-20,61,
16,78,
18,69,
-25,44,
32,31,
26,-34,
2,15,
-30,-22,
5,-17,
25,99,
85,78,
65,39,
27,32,
60,7,
62,-58,
15,50,
-5,19,
23,79,
-2,47,
-30,112,
-60,68,
12,0,
67,-2,
52,12,
27,56,
-23,21,
38,26,
20,16,
7,31,
8,52,
-9,2,
-50,-1,
-21,50,
38,-13,
70,10,
22,2,
2,-3,
42,27,
-45,43,
14,30,
-31,-24,
-66,64,
-11,69,
15,59,
34,-2,
-36,6,
-35,-49,
-25,-10,
-18,0,
-11,71,
-9,9,
7,51,
3,64,
66,53,
54,-28,
58,-44,
29,-44,
-33,-38,
-8,22,
79,-5,
25,24,
81,55,
-7,36,
-26,-19,
7,12,
-2,-50,
30,7,
2,55,
-58,29,
-15,26,
35,48,
31,95,
-24,58,
-45,57,
5,29,
-15,66,
8,66,
20,7,
31,1,
1,23,
-16,42,
-20,-16,
60,-60,
38,-7,
109,-17,
93,-31,
74,-15,
-10,-3,
-65,36,
-11,38,
24,-25,
39,10,
27,-74,
53,8,
89,-17,
20,-9,
-30,3,
9,-67,
97,-22,
73,-20,
-1,8,
-46,25,
-41,138,
5,122,
-46,14,
9,-55,
7,-18,
38,10,
0,9,
50,57,
78,51,
61,-36,
25,-52,
17,2,
-46,38,
13,29,
18,-29,
41,-53,
32,-29,
-1,11,
-36,28,
-27,5,
-20,-11,
56,-8,
63,29,
0,48,
-48,8,
-51,50,
-15,17,
-21,30,
19,24,
9,14,
-39,15,
20,19,
-10,-41,
20,-77,
88,-86,
59,14,
-8,29,
11,56,
36,42,
4,-4,
34,-51,
17,-37,
54,-58,
0,48,
7,42,
35,52,
49,13,
8,-23,
-29,-41,
16,27,
44,44,
1,47,
-55,22,
-45,39,
-65,19,
38,56,
28,65,
-19,3,
140,373,
856,2093,
2496,6164,
2608,7740,
1299,7697,
-919,3801,
-1165,-411,
-246,-1167,
494,-757,
905,-1228,
1167,-2030,
1043,-1766,
345,-337,
-448,1235,
-1223,1984,
-1202,1592,
-431,640,
242,83,
359,-150,
34,-54,
-190,-23,
-343,-28,
-529,168,
-431,-112,
-108,-506,
145,-493,
124,-4,
-129,352,
-219,122,
-101,-308,
37,-475,
-53,-326,
-159,-224,
-189,-327,
-260,-285,
-152,-66,
-123,-25,
41,-51,
146,-26,
61,4,
42,68,
-17,60,
-6,7,
76,27,
23,80,
-7,177,
30,192,
19,225,
26,168,
-6,-42,
-42,-179,
79,-96,
159,-114,
115,-113,
33,-9,
-39,-63,
-65,-101,
-46,-192,
-49,-294,
-44,-143,
-46,-11,
57,83,
211,85,
215,13,
68,-38,
-44,-43,
-35,-16,
36,-81,
37,-100,
-117,-76,
-77,-21,
-82,-123,
-72,-134,
-96,-208,
-18,-217,
66,-140,
137,-34,
120,11,
132,-115,
77,-179,
24,-291,
-64,-256,
-82,-134,
-45,20,
-30,-32,
-10,-174,
81,-83,
13,-15,
51,-33,
54,-25,
43,-57,
24,-35,
-40,-115,
54,-134,
37,-193,
-70,-144,
-91,-92,
-91,-88,
-47,-54,
-57,38,
-47,46,
-85,36,
-90,23,
-113,-82,
-22,-135,
-24,-87,
51,-90,
46,-116,
0,-152,
-25,-141,
20,-51,
-16,-43,
31,-19,
18,-56,
34,-62,
27,13,
1,-34,
0,-81,
-17,-39,
22,-86,
87,-132,
52,-157,
3,-147,
-12,-109,
-24,-66,
36,-52,
57,-34,
-7,-48,
0,-40,
-17,-68,
-55,1,
-49,11,
-39,-26,
-10,-142,
64,-88,
14,-59,
-23,-13,
-36,3,
36,22,
27,-52,
10,-58,
-13,-35,
-6,-20,
-34,-23,
19,-37,
6,-20,
5,-24,
14,-17,
-26,-9,
52,-65,
74,-61,
22,-74,
-22,-9,
-11,38,
55,9,
00>
_________________________________
00>
00>
Printing STS1 CIR
00>
00>
_________________________________
00>
-50,5,
31,27,
3,-56,
48,-85,
22,-60,
5,31,
-30,52,
-45,49,
-39,44,
-63,80,
-46,45,
5,-20,
-3,30,
34,54,
53,-1,
50,4,
89,62,
3,104,
8,91,
5,34,
-3,-6,
-33,-31,
-71,-79,
-36,-51,
-12,-7,
16,42,
63,-6,
41,-2,
14,-19,
7,-23,
71,17,
41,38,
-17,42,
16,13,
46,7,
89,25,
55,54,
16,10,
29,43,
41,38,
-1,14,
-16,-42,
-28,-9,
-38,-16,
11,-20,
19,-6,
2,11,
-68,14,
-62,35,
-41,16,
-69,65,
-52,29,
5,-18,
12,-19,
2,70,
-31,80,
-42,42,
-35,58,
17,50,
67,-21,
91,-32,
119,4,
44,-3,
10,-15,
9,-1,
50,32,
14,15,
46,37,
99,16,
36,35,
7,27,
35,-16,
-1,-31,
-16,-38,
10,-8,
22,14,
-40,-6,
13,-19,
5,31,
-9,116,
-35,84,
-45,-16,
10,-45,
58,-36,
72,48,
-6,20,
42,38,
-3,-32,
15,17,
18,35,
-19,67,
19,80,
-37,38,
-36,43,
-32,15,
-26,35,
-6,16,
7,30,
11,63,
4,16,
-5,5,
14,9,
-8,19,
44,4,
29,-20,
25,-1,
39,37,
10,19,
23,-3,
31,-29,
-20,21,
22,32,
47,43,
17,43,
11,-14,
42,12,
57,42,
71,33,
-33,51,
-30,27,
-25,33,
11,55,
69,38,
41,18,
20,43,
13,42,
94,66,
97,22,
71,19,
22,62,
18,55,
-1,-15,
4,-35,
0,-22,
-54,15,
28,15,
2,24,
-38,48,
-20,33,
18,15,
40,19,
32,25,
-20,32,
-31,33,
-26,18,
-48,-2,
-45,-20,
-28,-17,
27,15,
39,60,
14,102,
-10,63,
25,1,
21,8,
102,15,
70,0,
-80,-14,
-30,13,
92,9,
59,13,
63,21,
66,-9,
42,-45,
55,-54,
-3,-6,
-34,-56,
-28,14,
-23,58,
-9,67,
33,5,
69,-63,
70,-49,
-28,28,
22,63,
18,4,
-4,-22,
25,8,
15,34,
32,41,
1,-2,
-1,-6,
49,-1,
20,-29,
1,12,
42,42,
45,49,
-5,0,
14,39,
36,14,
34,41,
-3,45,
-54,48,
-38,3,
-27,42,
35,-6,
43,10,
12,44,
47,54,
50,24,
72,-28,
48,-37,
3,-14,
8,-19,
-21,44,
39,61,
17,14,
-18,47,
-11,3,
12,-21,
23,-67,
-10,-17,
-1,-27,
36,12,
62,-12,
63,-42,
0,6,
-23,41,
-14,13,
-46,3,
18,54,
66,9,
57,36,
5,46,
-78,16,
-143,31,
-88,-17,
0,-14,
81,19,
4,20,
43,-30,
15,-22,
28,-5,
-35,65,
-2,10,
-1,-28,
51,-18,
101,9,
31,5,
-13,-12,
14,22,
-1,24,
-1,25,
-1,22,
14,-31,
1,-22,
42,-31,
-9,-6,
-63,68,
-51,47,
10,60,
10,-3,
2,48,
-59,29,
10,11,
42,-10,
43,53,
75,27,
15,50,
-23,3,
-26,35,
50,22,
68,77,
43,64,
43,29,
13,28,
23,24,
20,27,
39,12,
32,15,
56,6,
42,5,
-43,-65,
-13,-62,
52,-19,
28,3,
30,7,
41,-34,
-9,21,
-14,33,
-77,102,
-59,110,
-59,65,
21,1,
20,-43,
47,21,
80,15,
69,6,
57,33,
11,-65,
-5,6,
-35,28,
5,39,
21,51,
-9,27,
12,44,
53,72,
-16,45,
-4,29,
41,43,
46,10,
73,-15,
10,-40,
-55,-38,
-44,24,
-52,29,
-33,9,
-32,30,
-27,-29,
-64,24,
-46,41,
-15,36,
50,45,
-20,30,
-3,-9,
9,-8,
100,-66,
70,-20,
18,8,
59,34,
8,52,
29,60,
13,-5,
6,-16,
6,1,
-33,9,
2,-2,
16,-11,
30,-41,
0,-16,
-1,-13,
-10,42,
40,49,
27,36,
-2,17,
14,-45,
8,7,
48,37,
80,26,
-7,-15,
7,-9,
15,7,
-3,-28,
-9,-23,
58,-68,
53,-44,
53,9,
15,22,
63,-27,
72,-35,
25,-47,
14,-71,
-51,-31,
-72,-14,
11,78,
34,13,
66,-40,
161,11,
685,22,
2949,661,
6490,2337,
7334,3263,
6030,3101,
1294,1007,
-1910,-196,
-1600,-356,
-788,-185,
-1562,-606,
-2692,-1308,
-2085,-1593,
-359,-1113,
825,-596,
1269,-565,
1179,-746,
739,-677,
96,-379,
-132,-59,
-56,46,
-193,56,
-658,96,
-1001,188,
-857,164,
-336,220,
15,378,
-6,457,
-420,378,
-763,151,
-692,14,
-419,-58,
-156,9,
-11,81,
10,-9,
-100,-148,
-67,-165,
-89,-259,
37,-149,
308,37,
318,116,
102,-17,
55,-125,
70,-199,
128,-255,
-15,-102,
-55,17,
-55,38,
-16,52,
36,37,
-41,-38,
19,-122,
7,-72,
115,-71,
161,11,
71,80,
-16,170,
-31,99,
-31,15,
-162,55,
-266,160,
-166,172,
-22,81,
164,-60,
217,-37,
163,-17,
46,-85,
28,-85,
21,-6,
-12,-14,
-28,4,
63,-12,
84,-71,
52,-34,
16,-21,
27,42,
88,111,
103,141,
141,108,
227,13,
155,-96,
146,-145,
22,-147,
-80,-40,
-80,72,
-65,113,
5,151,
-68,110,
-157,76,
-121,-36,
-8,-60,
35,-76,
55,-40,
19,-56,
-44,4,
-46,66,
-87,92,
-49,101,
-66,57,
-50,64,
-47,43,
-44,4,
-61,9,
-42,43,
-73,74,
-45,27,
-57,-24,
-58,-13,
-36,-29,
-64,-47,
-69,-71,
8,-25,
43,-11,
-20,-32,
-94,-5,
-72,-27,
24,-22,
29,49,
12,58,
13,81,
-21,15,
22,51,
-8,16,
-87,10,
-111,64,
-87,12,
-72,47,
-54,21,
-38,25,
-31,-25,
-50,-16,
34,56,
4,69,
-42,78,
-59,47,
-39,-73,
-64,-85,
-70,-20,
-53,52,
48,14,
15,24,
-9,50,
-35,-48,
-20,-24,
14,14,
64,28,
31,39,
-9,74,
-80,53,
-103,29,
-41,14,
-24,-1,
-26,-39,
-13,-3,
-13,-19,
4,-24,
00>
_________________________________
00>
_________________________________
Sequence Number: 209
00>
00>
Printing STS0 CIR
00>
00>
_________________________________
00>
6,47,
8,54,
-23,-31,
-29,29,
-67,73,
-49,8,
0,-12,
38,-32,
11,17,
29,60,
-24,96,
-19,32,
22,35,
26,18,
-4,36,
-25,26,
-48,-39,
-11,31,
-5,16,
-20,24,
-26,39,
-65,10,
-35,-23,
-20,-33,
23,-109,
27,-59,
-26,-23,
-41,54,
20,-35,
-8,14,
-31,5,
-6,2,
9,-17,
16,-48,
-6,17,
-35,-23,
-28,65,
-7,-7,
2,-1,
16,47,
3,33,
65,23,
21,68,
2,34,
15,49,
16,45,
61,33,
32,22,
31,-19,
-2,11,
-39,25,
6,-21,
-61,19,
-57,6,
-76,-56,
-22,-58,
5,-35,
-8,62,
45,73,
-11,16,
-33,-14,
-1,-10,
-31,-22,
31,10,
4,-7,
3,-29,
11,-20,
-17,33,
-4,13,
11,-4,
-46,5,
-44,-24,
-30,17,
17,-4,
-19,5,
-27,63,
-14,20,
-27,69,
13,-9,
-5,-49,
39,19,
5,21,
-1,9,
22,36,
-45,-36,
5,41,
21,8,
16,16,
2,-52,
1,-62,
16,-48,
-10,9,
-10,38,
-17,-7,
-24,-24,
0,-42,
9,2,
15,52,
10,-1,
27,-12,
27,5,
66,-5,
41,13,
42,64,
-13,40,
-64,-1,
-4,-48,
19,-53,
5,-24,
-65,35,
-40,30,
-23,-6,
-13,-68,
-19,30,
20,17,
27,4,
41,11,
37,32,
3,34,
1,-16,
-70,-70,
-28,-73,
2,-12,
29,45,
9,98,
-18,64,
-29,48,
-23,29,
-41,-9,
-38,5,
-18,4,
3,-35,
-7,-6,
44,-6,
-18,9,
29,6,
28,-35,
16,0,
19,3,
59,13,
13,-57,
-16,-9,
33,0,
53,-7,
23,26,
-26,50,
-31,38,
43,-10,
34,10,
28,28,
31,42,
39,67,
36,96,
-78,52,
3,37,
-19,41,
15,6,
-30,10,
-27,71,
-38,75,
-81,19,
-51,-56,
-2,31,
8,40,
-29,-32,
44,21,
-21,25,
2,34,
-14,22,
27,33,
-30,17,
-29,-10,
-49,-37,
26,19,
11,18,
-30,-28,
-32,-55,
5,-9,
-36,-70,
-46,-18,
-34,-41,
-40,-3,
-23,-44,
-45,-70,
-2,-31,
39,-36,
9,21,
22,58,
-26,10,
-24,-14,
-17,1,
-11,-50,
-42,-16,
-14,1,
-40,24,
-2,16,
-37,-15,
-9,-7,
-26,-7,
0,-7,
-28,-79,
18,-35,
-6,-42,
-16,-12,
15,-52,
-10,-36,
-39,-26,
-23,-28,
-38,0,
-38,-10,
-23,-63,
70,-50,
60,17,
86,68,
83,84,
32,-3,
35,35,
-8,50,
19,-2,
51,-4,
26,21,
9,58,
17,13,
-7,11,
1,25,
-63,28,
-13,-23,
33,-11,
74,12,
60,-11,
99,21,
63,52,
-13,51,
-51,16,
45,-47,
104,-12,
78,-9,
-5,54,
18,8,
47,9,
19,-47,
26,-43,
6,-13,
26,26,
51,1,
43,-72,
18,4,
-4,30,
64,-13,
41,-1,
-40,10,
-15,61,
14,-19,
-14,-30,
27,-26,
-31,44,
-53,53,
-16,2,
-76,17,
-28,-43,
-18,-21,
-93,-11,
-80,-16,
-52,-3,
-17,-74,
1,-58,
-43,47,
-5,37,
-9,27,
-9,-37,
3,51,
59,-4,
14,-11,
22,-40,
69,-30,
58,-33,
76,-14,
-40,-18,
4,-24,
14,-6,
-6,9,
-54,47,
-54,55,
-24,63,
-26,10,
-36,8,
-12,-42,
-17,-23,
17,24,
-10,7,
-15,48,
-29,35,
-27,53,
25,-5,
18,5,
31,-45,
-15,-13,
42,9,
-8,-9,
45,-67,
61,-36,
69,-33,
66,36,
28,50,
2,30,
-21,-41,
-42,0,
-25,14,
-59,-2,
-153,-36,
-121,-22,
-91,-76,
38,-83,
95,25,
82,37,
14,39,
-33,2,
6,-69,
56,-27,
75,20,
-9,19,
-24,53,
6,46,
30,19,
-58,-22,
-22,31,
45,35,
-24,-35,
26,-83,
-41,-20,
6,0,
-30,21,
-30,-36,
1,-32,
38,3,
12,19,
-11,50,
-13,-1,
10,-8,
27,-15,
22,16,
-4,6,
-9,26,
-9,49,
-26,-11,
55,46,
25,45,
78,68,
-16,56,
-3,19,
39,18,
-16,8,
-20,8,
0,-19,
-17,80,
-93,890,
-796,4531,
-2545,7895,
-4015,7671,
-5961,6090,
-6120,706,
-2030,-2817,
127,-1131,
11,1305,
-1404,2607,
-2158,1869,
-1209,81,
-227,-1172,
75,-1582,
-55,-1562,
-90,-1213,
-87,-524,
-171,-84,
-56,-88,
-68,-71,
-69,-141,
202,-5,
175,662,
253,822,
549,766,
769,81,
711,-475,
359,-298,
204,76,
166,467,
55,509,
-50,212,
20,32,
265,-69,
324,53,
159,49,
64,-69,
278,-431,
383,-442,
377,-265,
307,-183,
296,-286,
56,-313,
-186,-277,
-247,-329,
-208,-429,
-81,-267,
18,50,
68,94,
47,-121,
-20,-104,
-52,-74,
-101,-206,
239,-475,
373,-341,
324,-198,
251,-56,
90,-42,
-101,-66,
-111,-114,
-111,-154,
-17,-153,
164,-194,
231,-73,
176,39,
128,52,
50,-10,
-40,-32,
-103,-190,
-49,-361,
0,-442,
36,-254,
-38,-74,
-145,-6,
-40,-71,
129,-51,
118,-45,
90,50,
-1,120,
-149,236,
-108,206,
88,89,
263,40,
142,98,
71,122,
6,148,
17,-37,
38,-80,
47,-144,
99,-224,
96,-225,
105,-172,
103,-180,
132,-139,
125,-71,
85,2,
84,-68,
120,-204,
38,-36,
1,-47,
16,-95,
114,-173,
115,-114,
127,-63,
44,-46,
62,-145,
100,-132,
44,-54,
-12,-52,
13,-144,
73,-169,
113,-124,
126,-122,
216,-162,
234,-12,
120,3,
72,17,
127,-57,
139,-69,
46,-68,
63,-65,
17,31,
58,54,
81,-58,
37,-51,
35,-73,
72,-75,
46,-75,
104,-29,
113,-40,
67,16,
54,28,
6,-69,
78,-101,
108,-32,
66,11,
162,65,
171,40,
159,-57,
110,-75,
31,-100,
35,-99,
55,-113,
62,-99,
51,-58,
98,-19,
23,-12,
33,-34,
-40,-98,
62,-151,
125,-153,
127,-66,
71,-19,
117,-3,
152,-59,
111,-38,
91,-34,
00>
_________________________________
00>
00>
Printing STS1 CIR
00>
00>
_________________________________
00>
-20,15,
31,69,
68,62,
26,34,
-2,4,
13,-18,
0,-14,
3,-15,
65,2,
73,10,
-1,36,
83,1,
57,-10,
14,42,
-5,21,
7,38,
51,23,
-14,5,
-53,26,
11,-24,
56,-8,
79,-31,
36,-3,
45,32,
-38,83,
-31,-28,
-55,-17,
11,33,
17,3,
-25,-33,
-18,3,
33,-19,
22,18,
-14,3,
8,11,
55,10,
52,-51,
66,-47,
49,-15,
15,18,
-25,38,
-4,61,
-11,18,
-72,21,
27,40,
50,40,
48,38,
30,44,
36,-2,
32,54,
35,61,
28,79,
53,16,
50,-15,
2,45,
27,20,
-5,72,
4,24,
6,6,
-43,27,
-7,59,
92,-2,
62,18,
-4,51,
-44,25,
2,28,
-16,55,
-27,30,
-4,10,
18,-38,
7,-46,
-53,41,
-11,67,
53,66,
35,71,
5,109,
-39,84,
-46,7,
-54,23,
-23,1,
-15,12,
-7,33,
-26,16,
-48,15,
-66,-31,
-10,5,
-27,18,
38,30,
48,21,
78,63,
5,13,
-13,-5,
-34,-3,
-44,-23,
13,-2,
40,29,
-18,23,
-18,56,
12,56,
60,41,
45,29,
24,12,
11,4,
16,21,
5,44,
-13,31,
32,10,
69,8,
50,-10,
-21,-48,
55,49,
-17,13,
1,42,
45,33,
-19,42,
6,82,
2,51,
-6,-12,
25,-48,
5,-20,
-31,49,
-44,60,
-14,41,
-39,0,
9,43,
17,-15,
4,1,
-16,6,
-19,1,
-20,-32,
-23,4,
2,31,
-5,10,
5,0,
-19,33,
-5,37,
44,10,
31,3,
48,15,
47,49,
12,107,
-20,79,
1,36,
4,24,
2,4,
15,46,
-32,72,
17,30,
76,2,
47,15,
63,-2,
50,31,
42,15,
37,8,
81,-7,
29,-7,
16,72,
55,22,
39,7,
37,36,
-36,17,
10,-9,
9,39,
-25,3,
28,64,
-37,33,
-27,68,
16,26,
45,17,
42,33,
46,25,
31,28,
-1,83,
-15,35,
0,35,
26,7,
31,8,
20,26,
44,37,
1,61,
-32,18,
-58,83,
-50,89,
-57,89,
-54,29,
35,-2,
11,13,
21,16,
9,95,
64,89,
41,94,
26,12,
30,15,
6,27,
23,23,
2,-15,
2,19,
-14,55,
-14,60,
-6,44,
-5,-1,
62,-18,
49,20,
34,47,
-3,53,
-58,24,
34,-24,
25,12,
8,48,
-60,70,
-19,4,
31,-42,
68,-83,
36,31,
5,54,
-17,32,
-11,50,
-1,-59,
-42,-66,
12,-4,
15,-13,
6,-63,
0,-44,
11,-14,
39,19,
39,25,
13,35,
-19,24,
-43,2,
-37,44,
-30,34,
-32,29,
33,25,
46,-8,
-36,41,
-78,73,
-19,12,
10,5,
15,50,
-7,36,
13,-48,
23,42,
-9,62,
11,3,
31,21,
33,8,
72,-18,
63,-39,
-2,43,
22,47,
37,11,
56,-4,
-28,31,
45,3,
43,-13,
-47,6,
-29,-4,
25,-30,
80,-15,
87,46,
2,35,
-30,53,
-64,58,
-33,11,
49,1,
76,28,
65,14,
61,10,
42,41,
20,40,
41,19,
-21,31,
-1,47,
25,38,
22,28,
-55,31,
16,39,
3,41,
-42,89,
5,37,
19,-31,
11,41,
68,-15,
72,-61,
31,19,
21,43,
34,19,
54,-35,
62,-25,
44,-19,
50,-11,
26,2,
26,32,
53,65,
-2,69,
3,32,
-15,37,
-16,29,
-3,7,
2,-4,
29,29,
28,46,
-79,3,
-40,63,
-27,48,
-7,25,
19,41,
37,-5,
45,-33,
82,-42,
69,-3,
58,11,
3,26,
-18,26,
18,23,
56,37,
88,6,
40,-10,
-41,-5,
-30,22,
7,48,
30,36,
60,-10,
11,-39,
-16,44,
-26,83,
-34,61,
-35,77,
-3,61,
28,8,
0,8,
-38,38,
-11,63,
-1,27,
36,24,
70,30,
8,57,
-26,26,
-22,0,
-77,-6,
-84,15,
-38,80,
4,29,
13,23,
-3,-6,
-9,-9,
14,30,
18,40,
27,69,
42,67,
5,40,
5,38,
41,25,
13,33,
160,98,
1004,611,
3593,3062,
5322,6557,
4480,7397,
2531,6896,
-1171,1934,
-1582,-528,
484,-770,
3554,-554,
5634,320,
4546,1419,
1139,1385,
-769,802,
-599,514,
310,731,
659,809,
327,387,
-96,-22,
-23,-8,
-43,43,
-172,139,
-446,166,
-755,-190,
-634,-478,
-666,-635,
-240,-354,
19,81,
-3,263,
-70,125,
-90,77,
-152,-15,
-365,-192,
-350,-296,
-343,-415,
-11,18,
-134,116,
-224,58,
-105,-337,
-26,-295,
6,-200,
-16,-44,
-85,-23,
-287,-26,
-305,-41,
-257,-13,
-79,-125,
6,-208,
-48,-151,
-105,-94,
-165,-27,
-41,61,
14,-22,
-3,-79,
-76,-35,
-87,98,
-36,121,
-127,61,
-211,-18,
-362,-45,
-337,-97,
-164,-52,
-58,-67,
83,-50,
124,-15,
43,14,
-24,-16,
-48,-17,
-82,11,
-150,74,
-185,-60,
-234,-175,
-152,-239,
-157,-337,
-124,-369,
-72,-447,
111,-359,
207,-254,
120,-138,
-155,-26,
-425,-142,
-465,-216,
-320,-285,
79,-55,
125,-29,
138,-33,
69,-66,
32,12,
-11,50,
-102,56,
-113,-20,
-100,-149,
-14,-155,
80,-91,
68,-12,
63,13,
-65,-21,
-83,-47,
-112,-87,
-36,-23,
-16,-4,
36,-20,
9,-46,
-17,-5,
-71,-53,
-123,-128,
-124,-140,
-18,-95,
19,-71,
10,-81,
-45,-63,
14,-103,
-16,-13,
-103,14,
-121,-49,
-33,29,
-43,23,
-38,-70,
-19,-219,
-42,-108,
-96,-18,
-186,-34,
-112,-60,
-101,-62,
-162,-39,
-118,-21,
-57,-39,
-55,-58,
-78,-97,
-43,-100,
-41,-130,
-59,-16,
-79,19,
-95,-6,
-117,-45,
-122,-54,
-33,-25,
29,-49,
61,47,
38,-7,
-71,-68,
-71,-77,
-15,-59,
-40,-29,
27,-1,
1,3,
-93,-53,
-57,-10,
-68,6,
-155,-4,
-132,-39,
-80,-67,
-21,-16,
-66,2,
-37,0,
-18,-93,
-23,-61,
-10,29,
00>
_________________________________
00>
RX Timestamp: 1061903551850
00>
Clock Offset: -3444.099 Hz, 0.431 ppm
00>
RX Timestamp: 1062974269659
00>
Clock Offset: -3358.555 Hz, 0.420 ppm
00>
_________________________________
Sequence Number: 86
00>
00>
Printing STS0 CIR
00>
00>
_________________________________
00>
6,16,
-37,-27,
-41,40,
-31,96,
-19,46,
-41,13,
-29,17,
-26,32,
22,-6,
21,-23,
60,59,
-10,33,
-52,-12,
14,42,
40,20,
3,-20,
-45,40,
-58,70,
14,59,
12,16,
8,-1,
-54,-55,
-10,42,
-1,-26,
-13,-88,
3,-26,
39,9,
-15,-21,
-23,-34,
-41,-35,
-15,-24,
-17,7,
-32,-20,
-78,4,
29,12,
60,-49,
31,35,
-14,-25,
-3,63,
39,-1,
4,12,
-4,1,
-58,24,
-84,20,
-1,17,
1,13,
62,16,
6,-8,
-25,-35,
-38,-45,
-49,-46,
-77,22,
-52,35,
-43,68,
-42,57,
-9,29,
-61,28,
-3,2,
42,40,
-20,6,
16,-73,
-1,-42,
67,-49,
2,29,
-11,14,
-71,44,
19,-4,
-30,-35,
31,35,
44,53,
17,10,
42,7,
20,-5,
14,-66,
5,-44,
18,-34,
62,39,
40,-24,
15,-10,
-34,16,
-2,-46,
39,-61,
-15,14,
-77,28,
-43,-87,
61,-54,
79,16,
30,-2,
38,-32,
9,-37,
8,-38,
-5,-17,
-7,7,
26,18,
1,92,
16,91,
6,41,
-4,7,
79,-22,
-12,43,
-21,-27,
-9,44,
7,91,
35,66,
42,-56,
61,-68,
65,-76,
19,84,
-32,74,
-15,35,
-3,-53,
28,21,
-59,18,
-31,13,
47,72,
54,35,
-28,75,
-38,89,
-55,37,
-15,63,
-37,36,
-10,76,
-19,56,
34,78,
53,37,
-31,36,
43,-28,
49,3,
21,22,
-2,-56,
5,-2,
91,-48,
45,30,
-19,31,
8,18,
0,34,
-49,-35,
5,-43,
7,22,
-17,10,
59,34,
56,57,
52,-27,
-22,24,
-17,-35,
-67,-35,
15,31,
30,50,
2,-5,
23,-32,
63,49,
62,14,
41,11,
-66,-27,
-3,37,
3,126,
-43,63,
-30,72,
36,21,
42,-8,
50,3,
-15,17,
43,97,
-22,61,
26,1,
-79,-26,
-14,4,
57,-52,
105,-32,
-11,41,
-49,33,
10,111,
18,40,
-60,-8,
4,-20,
-23,-21,
-50,95,
-22,55,
-38,13,
-15,28,
12,46,
70,-18,
73,-3,
27,-8,
-5,-45,
47,-71,
31,55,
3,59,
50,28,
9,-44,
14,-3,
62,46,
-6,10,
16,-14,
10,3,
13,-33,
-12,55,
55,118,
49,-12,
-10,-30,
-35,19,
36,1,
-8,-3,
-9,-14,
19,6,
6,-38,
-23,-55,
20,32,
78,27,
-5,3,
-64,-52,
-53,-49,
-34,39,
-1,33,
-53,36,
-38,37,
-40,-3,
40,3,
20,-66,
9,-71,
14,-22,
29,-6,
21,83,
19,-7,
40,22,
31,-16,
-28,16,
-14,45,
-9,16,
48,-12,
81,-81,
21,-64,
104,-33,
-2,17,
-60,-30,
-48,2,
7,-21,
-30,-16,
-4,-9,
2,6,
40,-34,
10,-16,
-2,10,
28,7,
19,27,
49,-57,
80,-47,
57,-44,
58,62,
5,47,
15,-32,
48,70,
17,19,
-12,26,
-46,21,
-29,-10,
-10,-12,
-12,44,
9,136,
-31,106,
12,35,
28,-53,
34,-38,
19,-7,
-9,14,
-50,-3,
-27,-36,
16,33,
7,-43,
18,45,
-54,72,
-48,-32,
-57,-23,
56,-26,
-20,36,
-23,12,
24,-80,
17,29,
6,-38,
10,-49,
4,-27,
-34,-38,
-35,27,
-71,83,
20,25,
31,-5,
0,-55,
-7,11,
-16,32,
-18,1,
27,-49,
16,-74,
34,-8,
8,103,
67,21,
35,11,
3,40,
-27,29,
-31,20,
-25,15,
-4,14,
21,-20,
38,22,
-22,-17,
6,44,
34,7,
20,-27,
20,-35,
-5,-14,
63,14,
104,-56,
93,-57,
37,22,
65,10,
58,8,
11,36,
7,6,
-24,5,
14,-44,
21,-32,
34,-10,
74,-1,
34,7,
-8,10,
-89,21,
-46,-20,
54,-70,
75,-48,
68,17,
27,37,
31,28,
-36,26,
9,18,
-34,-32,
-13,67,
45,98,
98,39,
42,-48,
4,-9,
-22,-1,
21,-40,
33,-22,
28,52,
24,23,
10,96,
3,25,
14,27,
23,7,
37,51,
34,81,
9,20,
14,-59,
8,-88,
1,-52,
-69,0,
98,208,
934,1190,
3308,4401,
4723,6847,
3831,7272,
606,5104,
-1159,613,
-845,-1048,
118,-925,
572,-1295,
690,-2207,
754,-2318,
555,-905,
-63,920,
-808,2263,
-939,2268,
-420,1165,
177,130,
249,-286,
55,-184,
-208,-37,
-332,-66,
-404,292,
-498,148,
-332,-253,
-3,-481,
147,-159,
78,350,
-91,354,
-165,-51,
-98,-408,
-114,-366,
-209,-115,
-339,-164,
-393,-195,
-169,-24,
-133,33,
-104,-103,
30,-79,
20,-27,
-72,117,
-58,88,
-54,64,
-84,39,
-30,58,
60,148,
63,175,
153,196,
75,111,
-28,10,
10,-156,
160,-122,
243,-126,
130,-153,
52,-54,
43,-48,
-13,-63,
-118,-161,
-135,-262,
-49,-243,
4,-146,
80,-59,
103,-78,
130,-106,
33,37,
-71,110,
-39,-8,
-11,-58,
-29,-40,
-77,-159,
-101,-16,
-37,7,
-110,-139,
-52,-284,
-79,-348,
22,-153,
25,-8,
43,-40,
50,-20,
-4,-120,
-83,-248,
-154,-232,
-150,-154,
-105,-27,
-116,7,
-116,-174,
-41,-172,
22,-189,
-21,-90,
-26,86,
9,95,
-34,-14,
-13,-133,
-57,-108,
-118,-75,
-68,-186,
-45,-159,
-46,-125,
2,-123,
26,-4,
16,-22,
16,-30,
-20,-1,
-65,-65,
-83,-42,
-32,-54,
15,-114,
14,-76,
-6,-148,
-2,-134,
-2,-143,
-5,-84,
21,-3,
-7,-1,
-52,-18,
-2,26,
10,26,
-43,11,
-16,9,
4,-22,
-2,-123,
-3,-123,
-64,-153,
-34,-95,
13,-54,
-6,-81,
-43,-36,
-59,-14,
-12,-87,
0,-55,
42,-27,
23,-9,
38,0,
-43,-50,
-54,-48,
-66,3,
-63,-11,
-25,46,
14,13,
-15,-109,
-7,-91,
-24,-69,
-81,-42,
-36,-49,
-12,-87,
-10,-55,
21,-17,
8,-4,
21,-1,
-61,-21,
14,-56,
-33,-73,
-93,-35,
-3,-127,
32,-119,
65,-45,
6,61,
00>
_________________________________
00>
00>
Printing STS1 CIR
00>
00>
_________________________________
00>
1,18,
24,37,
54,-6,
3,27,
-1,2,
22,7,
16,-41,
6,-25,
-69,-27,
-23,56,
-1,77,
34,34,
24,39,
5,-10,
-16,-21,
-63,55,
-8,25,
7,11,
6,33,
41,33,
7,50,
39,-10,
-1,-5,
3,-7,
-83,8,
-84,1,
-10,-4,
-5,29,
-13,10,
-74,-6,
-43,-40,
18,-34,
29,-48,
-24,-16,
-56,-38,
-7,-39,
9,-2,
-2,38,
18,36,
-25,40,
-10,21,
-18,6,
17,-32,
-35,-18,
8,-23,
43,7,
8,16,
-66,16,
-55,44,
-33,43,
31,17,
86,27,
102,66,
60,66,
20,97,
14,91,
-6,14,
-62,14,
-69,44,
-15,22,
-28,4,
28,-20,
41,-22,
82,-30,
54,18,
14,51,
-49,36,
8,32,
37,26,
15,29,
-7,-37,
-13,-13,
-41,23,
-100,44,
-114,56,
-43,39,
44,30,
50,27,
16,38,
3,27,
-59,31,
-12,39,
39,22,
-4,12,
9,-2,
41,-25,
46,-11,
58,5,
-4,-18,
4,-62,
25,-37,
2,9,
-64,25,
-27,59,
12,65,
-24,18,
-22,42,
5,38,
29,45,
77,19,
126,7,
102,-6,
56,19,
26,-1,
38,22,
-29,-30,
-50,-53,
44,-13,
55,27,
24,47,
1,37,
14,-5,
50,-19,
-14,-8,
-38,35,
-35,6,
-46,26,
-14,71,
20,110,
57,145,
81,40,
55,11,
18,25,
-2,34,
3,-9,
9,-10,
22,13,
46,13,
-34,31,
-49,19,
-22,6,
4,11,
55,46,
-20,20,
15,-38,
47,-67,
-20,3,
-25,-1,
-49,56,
34,7,
23,-7,
6,-32,
-53,29,
-32,-37,
72,-30,
110,8,
8,18,
-88,35,
-44,8,
7,4,
31,40,
0,58,
43,0,
61,-8,
3,1,
-10,-5,
7,29,
33,24,
46,-22,
-53,-29,
-9,-3,
11,31,
18,72,
52,45,
31,72,
-10,7,
25,-41,
39,-80,
24,-69,
51,45,
127,46,
67,22,
26,24,
106,84,
54,43,
-2,23,
-18,-3,
15,8,
110,33,
110,10,
89,42,
-17,65,
-19,104,
-13,101,
-43,36,
-54,-7,
10,8,
-19,50,
0,74,
-12,-84,
10,-92,
-14,-29,
-77,26,
-115,37,
-69,-9,
-67,-16,
-12,11,
-21,47,
-41,99,
-3,90,
23,15,
-6,8,
21,63,
82,52,
0,27,
-32,20,
-46,-19,
-5,12,
35,-23,
-23,-8,
-5,45,
61,32,
66,0,
12,4,
7,6,
-16,58,
-33,-13,
8,-6,
-12,15,
60,41,
-19,31,
-67,-15,
1,-60,
-9,14,
-16,-1,
82,-57,
92,24,
66,24,
17,28,
8,13,
10,-23,
-10,-15,
-5,-1,
35,-26,
12,3,
25,35,
-9,42,
-53,15,
-78,-1,
-30,12,
15,55,
8,26,
-10,-9,
19,2,
72,1,
47,34,
15,49,
-3,5,
-29,41,
9,-14,
5,-19,
8,13,
26,-11,
45,2,
26,6,
-49,60,
-3,75,
22,35,
59,19,
85,23,
43,-14,
3,-51,
-8,-30,
19,5,
59,-29,
76,-16,
73,17,
19,48,
25,55,
-15,20,
-49,-32,
-112,-46,
-40,-34,
29,-15,
6,-9,
-55,-17,
-43,15,
29,34,
15,-44,
8,-14,
-5,13,
27,14,
30,12,
39,28,
7,-22,
-1,-9,
10,-49,
13,-3,
-5,59,
39,2,
47,4,
9,10,
-53,21,
-48,12,
-10,-15,
18,-1,
13,42,
-3,49,
-1,43,
-25,-26,
-26,-5,
36,29,
49,5,
27,-33,
-8,66,
-38,94,
24,23,
67,-13,
31,-37,
0,54,
21,90,
-12,56,
20,-40,
-12,1,
-61,-19,
-10,25,
-50,-12,
-34,20,
-47,15,
-48,23,
14,14,
38,-10,
56,7,
39,31,
-25,45,
0,-35,
28,-20,
29,-11,
-23,-46,
-53,-6,
-47,51,
26,-23,
-8,6,
22,27,
-1,6,
65,5,
21,5,
-3,42,
64,21,
68,10,
-50,13,
-5,57,
22,75,
4,27,
-56,-46,
-66,20,
-52,29,
-22,69,
-36,43,
-52,24,
-10,1,
-38,-31,
-11,24,
21,-19,
45,-36,
458,-100,
2378,-80,
6257,126,
7927,712,
7346,1010,
3197,870,
-1465,384,
-2000,156,
-935,74,
-1375,-100,
-2894,-439,
-3015,-837,
-1332,-934,
360,-734,
1019,-698,
902,-863,
488,-805,
-11,-430,
-184,-76,
-13,-3,
-87,25,
-426,183,
-886,314,
-940,442,
-376,378,
106,333,
129,448,
-158,515,
-524,352,
-674,188,
-496,87,
-141,71,
96,47,
11,-12,
-132,-32,
-75,-81,
-87,-178,
-134,-218,
144,-83,
294,66,
146,74,
-16,-16,
-107,-197,
-110,-272,
-124,-143,
-128,53,
-118,140,
-70,144,
-24,52,
-31,-44,
-10,-60,
-10,-55,
71,-33,
114,31,
35,81,
17,120,
46,111,
33,16,
-130,-8,
-162,128,
-118,184,
12,76,
42,-37,
135,-89,
136,-69,
-37,-47,
-49,14,
3,75,
-15,48,
-115,-6,
-63,-76,
14,-98,
53,-102,
15,-39,
-22,20,
69,56,
136,61,
172,111,
230,16,
164,-131,
18,-203,
-125,-217,
-128,-203,
22,-54,
40,41,
32,95,
-44,121,
-123,127,
-145,107,
-68,44,
-39,-11,
-60,-79,
-163,-17,
-86,3,
-46,9,
-53,39,
-93,70,
-136,60,
-43,40,
-9,19,
-17,56,
-76,113,
-84,108,
-27,-4,
-10,3,
34,24,
10,-19,
-42,-38,
-138,7,
-142,-3,
-9,7,
46,-58,
46,9,
-1,-8,
-52,6,
2,47,
-18,56,
-26,41,
-80,29,
-97,60,
-89,66,
-7,2,
-21,33,
-55,60,
-69,6,
-65,44,
-5,-6,
21,33,
-41,1,
-80,-25,
-55,21,
3,51,
-33,73,
-148,72,
-96,71,
-66,83,
-111,39,
-59,44,
8,10,
-35,40,
-124,61,
-89,22,
-57,14,
-6,-37,
8,-50,
-61,-18,
-60,-36,
27,53,
-5,10,
-80,59,
-123,58,
-57,17,
61,5,
30,44,
-22,41,
-59,23,
-104,0,
00>
_________________________________
00>
_________________________________
Sequence Number: 89
00>
00>
Printing STS0 CIR
00>
00>
_________________________________
00>
39,3,
-16,49,
14,38,
37,34,
68,-8,
-15,20,
-49,2,
60,19,
79,20,
58,22,
32,12,
1,4,
30,11,
15,53,
39,61,
2,14,
-28,-38,
15,0,
17,54,
47,-2,
81,-35,
39,-32,
32,14,
108,62,
123,-1,
-9,-47,
-82,-33,
-22,11,
37,1,
58,42,
-18,53,
-44,43,
1,18,
5,28,
52,-57,
79,-14,
48,-5,
64,-6,
14,-6,
15,-17,
9,-3,
47,-39,
63,-1,
-77,-1,
-42,1,
-27,14,
14,-14,
-72,13,
17,69,
83,-31,
50,19,
11,26,
57,-19,
0,-63,
19,43,
15,48,
-7,-12,
17,1,
-12,60,
-50,115,
17,36,
34,-7,
28,-83,
8,-58,
-46,23,
18,-29,
86,-87,
72,37,
74,-20,
41,22,
-16,-20,
0,-14,
13,44,
7,42,
88,24,
19,7,
-23,7,
-36,36,
-17,-9,
45,12,
-19,7,
-24,59,
8,11,
129,-48,
67,-19,
49,-28,
32,42,
19,2,
26,29,
33,-4,
75,-94,
85,-53,
5,-61,
43,-26,
34,69,
-6,28,
9,22,
49,9,
48,56,
-8,4,
-64,41,
-35,-4,
7,24,
5,-25,
27,-27,
6,24,
57,15,
47,28,
31,-40,
48,-13,
82,-7,
35,-6,
-19,6,
27,-8,
-55,73,
-17,5,
2,13,
8,43,
-22,30,
-39,-36,
-19,2,
55,-18,
7,35,
-33,124,
-28,55,
-18,36,
49,1,
-19,-9,
-22,23,
35,-29,
-14,-54,
-63,-11,
-104,45,
-46,55,
-4,-12,
-28,-66,
-13,-14,
52,16,
-15,17,
13,-28,
62,-27,
45,11,
24,22,
66,-77,
59,-16,
22,-58,
-30,4,
59,80,
71,34,
-29,4,
33,31,
71,7,
62,28,
38,6,
92,118,
95,58,
49,-10,
34,-2,
24,70,
32,58,
4,97,
-11,-14,
32,-38,
54,58,
73,6,
59,23,
-66,-5,
-37,18,
-5,11,
-2,22,
44,15,
35,18,
40,62,
4,-9,
0,-34,
22,-66,
3,-85,
52,-38,
-2,-7,
-43,57,
-52,28,
8,-16,
29,-14,
-2,85,
72,33,
42,9,
27,-3,
-78,18,
-60,13,
-2,61,
52,31,
36,48,
-9,-32,
-11,-37,
74,-15,
50,-46,
55,-61,
32,-76,
31,-7,
0,-90,
58,11,
97,-2,
35,-27,
9,24,
-54,-5,
-18,-23,
-54,-28,
-29,4,
-6,2,
12,27,
10,34,
47,60,
7,-22,
11,-27,
-28,2,
6,9,
29,-17,
29,-42,
-14,-65,
-17,56,
-18,58,
34,-8,
7,-60,
53,15,
64,-1,
104,-6,
50,4,
-54,-22,
57,-61,
70,-22,
75,-60,
64,20,
73,37,
-43,48,
-118,68,
-3,5,
54,14,
8,30,
-51,-26,
26,-45,
49,-27,
38,-3,
46,78,
71,49,
-66,19,
-56,3,
-33,-62,
45,-4,
-47,-34,
-52,-25,
-11,-8,
-5,-39,
-7,-38,
48,-73,
109,-66,
96,-78,
59,-12,
68,-8,
45,-20,
96,6,
47,-31,
58,29,
14,34,
36,26,
-29,-24,
9,-29,
-46,-2,
-21,15,
-22,-12,
53,2,
-12,47,
46,62,
17,13,
67,-31,
52,-18,
41,59,
-35,37,
-45,32,
-16,-16,
17,71,
26,58,
80,6,
19,35,
21,58,
44,38,
71,-51,
12,-5,
-27,-1,
-34,-15,
27,-10,
40,-38,
13,-74,
-35,-33,
63,5,
35,39,
13,72,
9,-18,
22,-41,
31,17,
14,0,
9,45,
18,31,
64,48,
51,85,
65,-7,
37,-39,
-19,-24,
-5,75,
-45,13,
68,43,
139,-31,
38,-32,
-9,39,
16,46,
45,-44,
43,-7,
-10,28,
-42,-26,
-42,-22,
-35,-4,
30,8,
-11,45,
38,-15,
8,18,
-43,-20,
-44,-12,
-62,3,
-5,24,
-29,-13,
54,-48,
54,-17,
64,53,
20,13,
60,5,
70,39,
20,21,
-47,-8,
-39,15,
38,-61,
56,17,
-9,25,
-34,5,
48,28,
-5,2,
22,-22,
12,-14,
42,7,
15,51,
24,7,
19,-47,
56,-27,
61,-24,
-10,55,
168,294,
943,1571,
2671,5102,
2866,7316,
790,7505,
-2148,4654,
-2554,810,
-872,-536,
357,243,
442,1649,
-220,2246,
-631,1263,
-620,-38,
-609,-690,
-761,-702,
-681,-468,
-427,-119,
-160,146,
-65,80,
-120,-73,
-108,-187,
-7,-178,
238,111,
454,158,
674,-106,
612,-416,
178,-550,
-9,-328,
64,-146,
257,13,
244,70,
122,180,
24,150,
-9,-28,
86,-259,
67,-175,
-4,-151,
-62,-325,
-27,-433,
107,-451,
121,-290,
56,-113,
-36,-75,
-172,57,
-261,117,
-307,5,
-165,-53,
12,-100,
111,-70,
35,-76,
-98,-252,
-42,-170,
-138,-192,
8,-254,
33,-240,
138,-197,
148,-107,
127,-67,
17,-24,
-10,-17,
-78,-3,
-134,-45,
-15,-79,
93,-178,
124,-67,
70,-13,
-26,-111,
-58,-68,
-68,-12,
-111,-27,
-168,-143,
-140,-155,
-162,-7,
-189,110,
-189,76,
59,-88,
166,-141,
195,-48,
90,9,
-17,123,
20,189,
44,56,
149,-177,
181,-112,
68,-36,
-32,39,
-62,42,
33,-90,
-26,-67,
-97,-125,
-90,-135,
7,-134,
68,-176,
36,-176,
81,-138,
112,-124,
80,-143,
43,-210,
-6,-217,
9,-45,
119,-56,
77,-95,
115,-133,
48,-166,
3,-137,
2,-178,
33,-122,
20,-53,
-42,0,
-59,-5,
4,-142,
32,-80,
55,-73,
-6,-15,
43,-82,
-13,-79,
-12,-85,
-36,-133,
88,-153,
26,-119,
15,-61,
-21,-110,
-42,-60,
-15,23,
-34,53,
20,-47,
65,-86,
34,-60,
44,-42,
68,-42,
-17,-131,
-8,-23,
10,-15,
91,-126,
64,-74,
81,-51,
32,-70,
24,-20,
38,-7,
-7,-43,
9,-62,
42,-128,
33,-73,
81,-130,
22,-77,
47,-50,
-15,-53,
41,-40,
36,23,
113,49,
39,-75,
3,-120,
-7,-63,
17,-101,
36,-78,
84,-112,
62,-57,
78,-25,
52,-34,
00>
_________________________________
00>
00>
Printing STS1 CIR
00>
00>
_________________________________
00>
31,16,
-7,22,
-70,-26,
-79,65,
-39,76,
-15,79,
66,33,
29,27,
-22,-1,
-37,31,
46,12,
16,42,
7,-13,
-52,-13,
-24,-7,
7,11,
35,-20,
-19,27,
-27,34,
58,75,
-7,30,
-22,-7,
-42,-27,
51,57,
110,37,
78,24,
14,22,
-30,23,
-2,-62,
-5,-24,
18,0,
-6,-3,
-16,41,
-36,41,
-19,60,
-58,28,
4,48,
19,1,
58,23,
29,-28,
-8,-21,
-43,23,
7,64,
29,29,
-22,43,
8,59,
72,-25,
51,-21,
70,44,
-34,68,
-7,79,
25,100,
37,72,
36,53,
20,44,
2,33,
54,48,
27,28,
-47,5,
0,-4,
55,45,
-25,44,
-6,58,
6,30,
27,23,
-30,28,
-8,-29,
7,-38,
43,10,
44,-23,
3,7,
-62,11,
4,18,
6,2,
47,-12,
-11,-4,
19,30,
-16,40,
7,54,
42,-32,
26,-38,
-3,-5,
25,44,
36,43,
32,101,
43,92,
-1,8,
-30,-32,
-15,13,
19,75,
-5,76,
-8,16,
6,15,
51,14,
54,0,
34,43,
28,6,
-11,-7,
-16,39,
34,24,
46,-3,
22,38,
16,4,
5,29,
24,14,
75,-21,
68,19,
34,20,
30,34,
66,1,
19,-3,
-35,-27,
-39,30,
-8,35,
15,0,
22,-9,
49,-13,
54,-11,
-47,6,
-47,19,
75,81,
72,55,
35,34,
2,-17,
-24,-7,
0,24,
-44,48,
-14,47,
-27,33,
-64,13,
-68,-8,
42,-21,
47,21,
43,-10,
-51,-11,
-5,-19,
14,-4,
-23,44,
-22,68,
73,68,
106,22,
46,-4,
-35,72,
-43,53,
63,-14,
36,34,
16,16,
0,26,
-1,23,
35,-39,
60,18,
-15,53,
-36,-32,
33,-21,
39,55,
48,-15,
22,-7,
-11,-17,
80,5,
38,8,
46,-9,
-1,0,
-57,-33,
-4,-19,
-15,-52,
-13,-48,
-21,-7,
85,-7,
26,-4,
29,18,
21,-29,
-14,-51,
14,33,
116,42,
80,84,
-31,17,
-18,-14,
14,-16,
5,-9,
18,-18,
-4,24,
31,-1,
-41,-6,
-10,60,
6,43,
15,-1,
25,-32,
-51,-9,
-37,2,
39,28,
33,1,
-13,6,
-12,58,
11,22,
54,-21,
24,66,
33,104,
49,93,
86,-30,
8,-47,
-12,39,
41,62,
35,-14,
-6,-28,
12,-23,
106,27,
68,31,
62,58,
7,-8,
-7,37,
-53,-2,
-13,-26,
53,-21,
7,35,
-15,36,
-22,27,
-24,-14,
-2,35,
53,-4,
67,-8,
77,-25,
77,-34,
89,-15,
57,29,
24,-26,
21,0,
56,-39,
19,59,
3,3,
25,-6,
19,27,
-12,42,
56,27,
11,9,
-20,14,
-35,-19,
-29,1,
22,51,
56,34,
-30,23,
-38,-3,
-41,40,
44,60,
17,74,
50,6,
40,-19,
-46,30,
-23,52,
5,78,
-2,31,
-38,6,
-39,9,
30,3,
19,20,
-3,18,
-48,50,
-29,52,
35,43,
52,72,
8,-13,
33,-66,
42,-65,
84,-12,
32,15,
42,30,
-27,28,
-92,1,
-27,-48,
8,-68,
-2,-34,
-21,27,
-62,11,
-80,15,
-57,60,
-7,16,
9,72,
2,107,
-4,29,
23,73,
-63,21,
-34,42,
-17,82,
72,80,
44,58,
-85,23,
-75,56,
-29,63,
-7,37,
-15,35,
29,53,
8,67,
9,30,
6,-42,
-33,25,
-7,28,
-38,-10,
-9,45,
76,54,
39,87,
6,26,
-31,-14,
17,18,
41,15,
-40,43,
-74,16,
-21,54,
-34,3,
-4,33,
-56,37,
-56,9,
51,32,
30,58,
-35,22,
6,-12,
57,-6,
75,95,
27,119,
1,86,
-56,40,
-77,17,
35,56,
42,10,
55,20,
-26,-55,
18,-41,
27,-12,
-14,-26,
-37,36,
-39,-15,
4,-7,
-3,14,
-30,-36,
-26,10,
-25,14,
7,-10,
8,37,
-45,12,
-6,32,
22,-9,
33,-24,
-20,48,
7,74,
127,82,
29,68,
-47,17,
-32,38,
-23,77,
12,21,
101,-12,
79,-5,
14,-14,
-67,-23,
38,-27,
612,-50,
2758,-222,
6384,-40,
7656,710,
6428,1482,
1891,1379,
-1229,767,
-933,-180,
902,-1315,
2485,-2193,
3069,-1680,
2039,-245,
529,667,
-18,719,
620,360,
1033,98,
600,13,
-27,1,
-256,8,
-6,10,
-11,127,
-79,297,
-345,280,
-646,152,
-732,5,
-437,2,
25,28,
143,127,
60,152,
-25,139,
-140,108,
-347,62,
-515,68,
-448,-10,
-120,-124,
12,6,
-57,48,
-243,-66,
-318,-101,
-245,-129,
-174,-30,
-139,95,
-154,170,
-161,168,
-183,109,
-151,2,
-211,-83,
-231,-24,
-131,-8,
-70,6,
-63,52,
-81,41,
-134,23,
-41,52,
56,106,
102,132,
24,98,
-128,189,
-173,227,
-238,161,
-231,84,
-117,4,
-63,16,
47,13,
45,67,
40,54,
-30,97,
-40,66,
-91,133,
-137,101,
-211,57,
-290,12,
-287,16,
-290,-5,
-274,-43,
-190,-177,
-70,-166,
47,-55,
-46,70,
-255,146,
-371,179,
-285,152,
-17,90,
41,-12,
-4,-34,
-70,-70,
-83,-20,
-47,41,
-50,49,
-97,90,
-122,6,
-30,-16,
-59,-58,
-67,-81,
-50,19,
-6,80,
-50,30,
-128,66,
-146,84,
-25,90,
-28,92,
-61,26,
-64,3,
-112,26,
-108,42,
-20,98,
-49,16,
-91,-43,
-62,-79,
-124,-71,
-56,-5,
-48,20,
-15,46,
-32,64,
-96,26,
-16,-33,
-16,-37,
-107,-26,
-113,-49,
-120,-4,
-119,35,
-174,84,
-172,123,
-117,40,
-64,3,
-68,-34,
-76,15,
-88,10,
-84,-23,
-62,-14,
-122,39,
-41,70,
-35,43,
-44,9,
-111,-15,
-126,-21,
-31,-24,
50,-50,
-39,-14,
-50,35,
-87,60,
-151,-8,
-146,-55,
-84,-29,
-37,-10,
-99,-28,
-95,-53,
-69,-11,
-56,-8,
-105,83,
-110,115,
-76,52,
-50,59,
-78,34,
-66,13,
-55,7,
-61,45,
-42,15,
-76,-6,
00>
_________________________________
00>
RX Timestamp: 102386298504
00>
Clock Offset: -3477.573 Hz, 0.435 ppm
00>
RX Timestamp: 103458444796
00>
Clock Offset: -2451.038 Hz, 0.307 ppm
00>
_________________________________
Sequence Number: 222
00>
00>
Printing STS0 CIR
00>
00>
_________________________________
00>
-36,45,
70,22,
17,7,
-57,63,
-52,55,
-12,70,
-17,-55,
27,-23,
26,37,
20,82,
27,107,
-5,20,
-5,-50,
19,-59,
38,-7,
20,31,
6,57,
1,47,
23,-44,
32,-35,
-11,44,
47,10,
71,21,
121,-27,
71,10,
27,-36,
-20,-16,
7,77,
-1,6,
15,2,
-1,51,
-22,16,
9,81,
35,28,
20,-67,
40,-25,
32,9,
19,57,
82,-33,
51,-8,
5,20,
-6,15,
-30,3,
16,16,
29,40,
1,10,
-38,-25,
-27,-72,
7,-37,
21,-5,
47,12,
8,45,
-3,-7,
-53,25,
27,-7,
32,-15,
-7,-35,
-17,32,
-6,49,
-39,-22,
-17,-10,
13,36,
37,-22,
64,-30,
23,-21,
-4,10,
-4,-13,
-13,59,
-43,-16,
-30,-14,
14,16,
21,41,
-10,-22,
5,-5,
12,70,
54,106,
56,64,
35,53,
16,36,
12,29,
-44,18,
-48,32,
-84,-23,
7,-1,
34,-19,
-8,70,
17,-7,
-18,-10,
-4,14,
-24,-4,
-10,30,
43,26,
42,-21,
34,9,
6,55,
-46,56,
8,44,
65,10,
61,-29,
53,-7,
11,-11,
6,29,
-29,68,
-19,37,
19,32,
-13,149,
-32,107,
-30,0,
-40,61,
-22,73,
-9,41,
-32,3,
32,1,
-2,-19,
-5,-101,
101,-93,
58,-29,
77,28,
79,67,
32,25,
-3,64,
-14,3,
11,-1,
12,18,
-14,-3,
46,-4,
27,14,
18,15,
12,48,
-40,32,
5,-57,
-11,-21,
-16,68,
-36,58,
18,41,
59,9,
31,24,
27,17,
19,-31,
2,8,
15,22,
27,63,
-3,41,
25,15,
34,-20,
45,18,
-34,-12,
-77,23,
-31,64,
-12,87,
29,-16,
24,5,
-5,25,
-28,57,
-17,63,
68,-12,
-16,19,
-64,66,
4,27,
38,-4,
0,18,
33,61,
-7,3,
38,31,
84,91,
58,73,
-41,24,
-26,66,
-82,65,
-20,23,
32,14,
40,-19,
16,10,
44,54,
26,-14,
45,-26,
32,-9,
-29,13,
20,32,
-10,43,
-9,36,
-38,73,
16,64,
9,27,
34,-98,
23,-11,
42,28,
6,58,
-19,20,
41,57,
-88,67,
-19,39,
-17,-1,
14,-21,
-3,-26,
9,-2,
61,-38,
65,-51,
45,19,
16,-17,
46,17,
14,14,
-5,-3,
-28,33,
-3,39,
21,62,
20,59,
-17,-1,
-13,8,
47,19,
-13,11,
-16,83,
-55,60,
-27,57,
-66,41,
-42,36,
-4,11,
46,-33,
44,-18,
42,23,
40,27,
-54,14,
-43,38,
-40,71,
-25,34,
-24,69,
24,75,
-26,42,
-28,69,
-26,17,
27,-16,
40,-9,
54,4,
-6,46,
20,11,
23,41,
17,9,
5,-46,
-21,-60,
-6,-74,
6,-17,
4,-50,
-9,-28,
19,-20,
16,86,
9,41,
17,92,
53,28,
11,26,
-23,3,
-34,-43,
-20,-41,
14,-20,
27,-5,
23,-34,
-27,43,
8,60,
30,-2,
9,14,
18,-48,
-30,-15,
-3,49,
42,74,
17,-34,
12,2,
45,8,
4,-8,
8,15,
55,23,
30,23,
8,6,
-26,66,
29,66,
-22,56,
-11,4,
9,14,
40,9,
32,54,
35,-14,
68,-17,
40,-52,
57,19,
7,15,
-1,70,
-25,37,
-34,21,
-25,3,
-33,65,
-39,20,
9,16,
-61,81,
-2,95,
0,70,
-44,53,
-36,17,
5,-56,
-60,12,
1,0,
50,81,
20,57,
17,61,
-13,33,
-30,36,
-49,17,
-3,-3,
64,-37,
17,19,
55,98,
61,83,
-5,-21,
-36,6,
50,19,
17,62,
58,0,
17,-45,
40,-37,
-19,50,
3,17,
-18,-1,
-50,27,
7,-8,
71,-17,
61,-111,
19,-17,
8,-23,
12,-58,
23,83,
10,69,
27,-2,
-3,-18,
5,-22,
-39,12,
-36,19,
0,-27,
23,38,
-10,53,
-10,46,
-33,29,
16,7,
7,-4,
-20,2,
-43,26,
-19,2,
-2,50,
-15,52,
-20,39,
-55,-56,
-1,19,
35,-1,
-8,7,
-1,-12,
-59,40,
-500,49,
-2535,-120,
-6811,-1129,
-7834,-2475,
-6171,-3186,
-868,-1946,
1155,-598,
717,358,
130,858,
336,1349,
563,1788,
274,1406,
-189,148,
-416,-1188,
-276,-1931,
-93,-1457,
-105,-366,
-237,345,
-1,409,
58,44,
219,-153,
61,-380,
232,-559,
339,-374,
286,146,
159,302,
-144,-34,
-184,-346,
106,-191,
287,58,
292,179,
276,115,
261,-11,
381,-130,
301,-197,
151,-261,
207,-252,
106,-44,
29,93,
17,15,
38,-124,
13,-104,
-35,-102,
-21,-8,
-41,-5,
-116,-79,
-60,-70,
-65,-49,
-59,59,
83,78,
89,176,
28,212,
12,184,
5,219,
11,171,
20,103,
117,113,
191,115,
251,103,
154,68,
-18,63,
-72,86,
-48,50,
-38,34,
-22,24,
-2,13,
59,131,
-3,89,
114,-16,
125,-94,
126,-58,
129,59,
125,2,
181,105,
111,101,
47,133,
-46,85,
-68,128,
-29,194,
42,79,
159,72,
257,23,
158,-11,
36,-35,
58,-49,
113,54,
85,129,
120,79,
34,80,
-13,75,
49,99,
44,55,
44,62,
112,64,
137,-9,
166,16,
88,-2,
107,86,
80,111,
5,103,
32,64,
43,82,
44,74,
93,23,
45,-42,
93,-32,
57,-9,
62,38,
122,3,
63,42,
86,112,
76,91,
12,9,
31,-12,
35,20,
58,-32,
123,-44,
90,-22,
63,56,
53,90,
37,93,
95,58,
56,-13,
9,-42,
30,4,
63,5,
74,92,
41,32,
44,52,
53,41,
20,7,
-17,-74,
10,28,
83,59,
83,18,
18,-18,
-4,23,
15,-24,
-7,10,
77,76,
107,3,
64,28,
43,47,
-10,-37,
19,-92,
-1,-64,
-3,23,
30,-12,
26,48,
96,64,
96,63,
81,46,
40,-16,
46,114,
23,46,
-50,22,
30,-7,
54,-40,
75,61,
106,71,
00>
_________________________________
00>
00>
Printing STS1 CIR
00>
00>
_________________________________
00>
52,4,
44,30,
17,-47,
-5,-23,
5,17,
-22,-3,
-30,-12,
-3,4,
19,14,
11,24,
-54,38,
1,24,
92,-21,
91,26,
59,29,
64,-11,
55,-31,
62,-8,
45,-4,
-24,-46,
37,-19,
7,26,
38,17,
71,-21,
66,-55,
50,-5,
33,-12,
-21,36,
21,8,
21,-17,
-6,1,
-5,10,
31,-50,
23,-56,
-13,-21,
-48,-33,
-42,34,
64,-3,
85,-48,
63,-4,
48,-14,
50,-38,
65,-5,
46,25,
34,58,
-11,17,
27,-33,
13,2,
16,14,
9,20,
43,59,
-34,2,
4,55,
76,-7,
29,-27,
-1,-14,
51,20,
34,34,
24,48,
33,36,
8,-22,
11,-31,
0,28,
42,-15,
-6,33,
16,61,
-30,60,
-15,-9,
-2,50,
12,29,
-3,10,
31,-22,
18,-14,
45,13,
38,-20,
0,3,
33,60,
19,40,
20,13,
-21,17,
48,32,
74,20,
25,45,
46,31,
7,34,
16,20,
21,36,
-23,0,
9,4,
-12,-1,
28,-7,
30,-1,
34,-12,
46,-14,
1,19,
-5,-4,
-38,-6,
-48,-64,
-52,-45,
32,47,
3,80,
-31,22,
17,22,
57,-64,
7,-10,
27,18,
62,11,
12,7,
37,-26,
42,-39,
21,-67,
-15,-16,
-2,32,
36,40,
85,8,
61,11,
60,47,
11,-4,
-14,14,
16,7,
29,12,
5,-8,
-3,-13,
-52,23,
-16,-7,
55,-9,
-2,-13,
-4,2,
76,62,
76,16,
36,12,
47,32,
41,51,
74,32,
71,7,
59,-17,
8,14,
60,78,
55,21,
62,-36,
34,-18,
48,20,
70,4,
83,20,
37,1,
13,-28,
43,-30,
34,19,
23,-4,
-16,46,
-15,25,
-20,29,
25,3,
30,-27,
2,-24,
21,72,
-20,16,
-43,16,
-12,-24,
-7,25,
-33,18,
19,-40,
69,1,
73,58,
35,37,
21,-51,
34,-31,
50,-7,
32,38,
-13,34,
-34,-6,
-99,-7,
7,-25,
78,-25,
65,5,
24,9,
5,-8,
-3,-34,
-36,-10,
-33,-21,
-33,-17,
-28,-6,
3,34,
-22,27,
28,21,
14,50,
10,45,
2,12,
36,-23,
2,12,
-32,29,
3,-13,
82,-27,
35,-33,
-17,-52,
-35,-53,
8,-67,
38,-14,
-1,22,
-21,38,
-48,-4,
-44,5,
40,-42,
6,-2,
47,4,
40,-25,
-13,3,
-16,15,
37,32,
24,31,
62,5,
-12,-20,
-57,-8,
-17,29,
11,11,
35,29,
82,-21,
32,25,
7,23,
-29,25,
15,11,
13,6,
29,50,
15,22,
34,29,
4,49,
68,26,
90,38,
24,16,
15,1,
37,3,
-13,-8,
37,37,
9,38,
-44,-2,
-67,-26,
31,-30,
29,-21,
29,-2,
27,17,
81,39,
13,37,
7,-2,
52,6,
41,49,
33,34,
36,-39,
-1,19,
-24,9,
-7,-49,
39,-57,
60,-30,
26,8,
58,1,
39,-46,
-9,3,
36,41,
-12,4,
-17,15,
30,52,
29,69,
26,32,
-8,19,
35,50,
45,1,
51,27,
-5,-33,
19,-47,
57,-31,
34,41,
27,73,
36,64,
45,0,
-12,3,
-94,6,
-44,-30,
-21,-94,
-36,27,
-44,20,
-4,23,
-18,9,
-14,17,
10,35,
-54,63,
-44,43,
-31,-18,
-28,43,
-43,48,
-37,25,
7,0,
45,-48,
13,-19,
-41,13,
-50,19,
4,-9,
14,-12,
-30,0,
-3,11,
67,-77,
44,18,
4,76,
-44,8,
-36,1,
-67,-44,
10,-4,
23,13,
-12,29,
-31,-4,
-44,23,
-31,54,
37,45,
-22,-67,
-16,-13,
-76,-5,
-88,2,
-7,-38,
55,50,
79,36,
72,-7,
19,-50,
-28,-25,
-11,41,
45,90,
82,43,
74,27,
33,11,
22,-51,
66,-65,
27,-2,
20,6,
0,26,
26,26,
10,20,
17,20,
2,29,
54,-79,
43,-53,
24,-31,
15,-3,
-4,-42,
-8,17,
-8,-17,
47,11,
-14,3,
-51,-22,
-10,-10,
-11,22,
-22,-29,
-64,-10,
-32,6,
14,-4,
0,116,
-486,628,
-2261,2518,
-4876,5390,
-5652,5645,
-4556,3754,
-771,68,
1069,-1399,
759,-837,
427,-413,
1147,-1062,
2277,-1732,
2196,-1009,
1103,120,
245,795,
173,987,
436,771,
438,420,
382,6,
168,-148,
57,-90,
116,-273,
177,-514,
203,-813,
146,-581,
-140,-161,
-365,41,
-458,-30,
-263,-317,
13,-456,
149,-378,
173,-216,
32,-46,
-46,42,
155,44,
282,46,
235,29,
290,-62,
66,89,
-171,186,
-173,119,
-12,-9,
185,-56,
392,34,
357,1,
168,-75,
-21,-122,
-66,-101,
-39,-95,
45,-43,
108,-84,
39,16,
48,62,
65,103,
32,43,
-71,25,
-157,17,
-54,-7,
45,-57,
88,-175,
-20,-201,
-47,-93,
29,-70,
40,9,
29,82,
57,80,
41,55,
-21,-73,
4,-23,
53,-74,
145,-34,
159,17,
111,50,
107,33,
80,60,
53,109,
-41,95,
-172,59,
-150,127,
-25,136,
43,176,
123,94,
197,-29,
129,8,
84,43,
40,36,
-11,-18,
-31,-100,
47,-92,
52,-101,
134,-52,
89,-26,
81,-12,
46,-44,
45,-47,
55,-38,
7,-61,
-13,-37,
15,-35,
-1,0,
-15,8,
54,-56,
48,-83,
0,-31,
2,-32,
57,-30,
28,-37,
21,-2,
59,-15,
132,-27,
135,-2,
53,-13,
45,19,
23,24,
26,-63,
-46,-105,
-25,-14,
16,18,
10,-14,
41,-37,
45,-50,
11,-5,
33,51,
101,16,
116,-33,
50,-38,
41,5,
5,15,
7,-25,
3,-16,
45,66,
61,26,
31,3,
63,-31,
62,-22,
2,-4,
46,-41,
22,-10,
-4,-28,
-29,-33,
6,-96,
23,-23,
60,-3,
61,20,
19,9,
34,-6,
75,-9,
53,-57,
67,-34,
110,-17,
108,-38,
56,-65,
50,-22,
19,40,
19,12,
12,-36,
25,-89,
93,-137,
3,-75,
13,-12,
74,-8,
00>
_________________________________
00>
_________________________________
Sequence Number: 225
00>
00>
Printing STS0 CIR
00>
00>
_________________________________
00>
6,-27,
24,-20,
7,-17,
3,-23,
-35,26,
-50,38,
-1,15,
39,-23,
24,-1,
17,24,
33,28,
-11,-35,
-51,41,
59,15,
35,-5,
4,17,
-43,5,
-9,31,
-68,63,
-40,32,
28,-45,
31,-38,
53,29,
30,-4,
53,-11,
23,13,
69,21,
4,65,
-12,24,
25,-9,
-18,81,
-52,85,
-57,-7,
25,-8,
-5,-32,
-15,4,
-25,60,
-1,-5,
4,-40,
-37,-32,
-3,-18,
-43,-23,
-62,16,
-35,-5,
-16,37,
48,-16,
27,6,
-98,95,
-32,10,
52,-10,
39,-28,
-4,-34,
14,-46,
15,-26,
10,-30,
-6,-30,
5,-27,
-9,115,
6,130,
21,51,
-15,52,
-12,17,
18,5,
-54,51,
-52,35,
-62,71,
-23,-7,
17,-73,
5,-6,
2,5,
-78,2,
10,-66,
16,-139,
6,-89,
30,-87,
8,19,
43,14,
-17,4,
-12,22,
25,51,
18,-5,
-12,-15,
61,-37,
5,58,
10,-14,
-50,39,
-54,41,
-10,-9,
-11,3,
17,-2,
-52,13,
20,-5,
61,35,
-2,98,
-27,12,
-43,4,
32,-18,
59,53,
70,-55,
36,-4,
24,-17,
71,-7,
63,6,
30,29,
-16,36,
-13,21,
3,62,
20,43,
26,9,
10,-5,
-19,33,
13,18,
-10,4,
52,-18,
-18,70,
24,39,
27,53,
-17,20,
-13,1,
-27,-10,
-20,-64,
27,-57,
73,-80,
24,-48,
6,-9,
6,-4,
2,-25,
-2,20,
-23,-20,
-70,43,
-47,68,
5,11,
56,-20,
53,-67,
-4,6,
37,52,
4,70,
18,77,
-26,-6,
23,-18,
22,-46,
2,-62,
-77,7,
25,-80,
7,-48,
-10,-73,
-27,31,
42,6,
51,-35,
17,2,
-16,1,
-81,-36,
-1,-45,
14,-67,
29,-20,
36,-22,
9,-30,
27,15,
15,-29,
32,6,
11,-36,
68,-41,
61,7,
16,-33,
49,8,
-11,29,
-33,-16,
5,-31,
31,-10,
0,-90,
15,-45,
67,-14,
45,-20,
14,1,
-6,16,
37,11,
18,7,
56,-57,
81,-21,
31,-16,
-16,-17,
-1,-34,
-13,53,
16,50,
25,96,
24,98,
-43,86,
-27,36,
-7,-18,
13,16,
43,24,
3,59,
23,15,
18,3,
-15,11,
-24,15,
7,3,
49,32,
-18,45,
37,-1,
60,20,
0,-28,
17,-28,
42,-86,
101,-60,
48,4,
-20,77,
5,1,
4,59,
-18,56,
1,36,
-40,-13,
-24,-9,
53,35,
25,88,
49,40,
31,32,
12,26,
45,62,
-70,39,
-79,23,
38,-56,
41,-52,
55,-74,
28,46,
21,24,
-37,-29,
-8,-33,
-30,35,
-35,47,
-21,1,
22,-29,
16,-34,
-2,-28,
19,-12,
46,-62,
75,-59,
69,-60,
53,-23,
-47,-53,
2,-28,
-46,-4,
0,-5,
29,-37,
55,16,
7,51,
-6,-25,
61,41,
10,14,
14,59,
88,121,
37,33,
22,3,
30,-37,
17,2,
-25,11,
-41,31,
26,-24,
54,-42,
88,-41,
5,39,
-45,-25,
-40,18,
4,62,
35,70,
5,42,
5,41,
95,-28,
63,-3,
-9,3,
-6,45,
22,71,
43,16,
16,40,
-75,36,
35,66,
36,38,
25,26,
-31,81,
62,61,
-15,-49,
-17,4,
-47,56,
-80,-5,
43,24,
46,-23,
55,25,
-46,8,
20,25,
17,25,
70,-28,
52,-11,
3,-5,
-34,35,
-34,7,
-7,-54,
64,-42,
25,-64,
63,18,
20,14,
38,21,
-7,63,
41,62,
1,-1,
2,13,
-15,-71,
-5,-9,
13,41,
-20,15,
-18,54,
16,65,
87,57,
33,107,
-18,75,
81,66,
9,11,
25,26,
-19,40,
43,66,
92,-42,
69,16,
-17,37,
-3,5,
65,-32,
73,-58,
-18,18,
-35,54,
-3,30,
0,53,
7,20,
54,58,
54,21,
23,53,
13,80,
19,54,
44,33,
30,-9,
7,-4,
21,-5,
51,-30,
26,-27,
-16,44,
26,49,
60,2,
-25,53,
14,58,
-14,37,
-21,36,
47,16,
7,2,
31,67,
12,27,
-33,12,
1,45,
-28,-24,
-2,-19,
68,-7,
-31,96,
-705,385,
-3402,1128,
-7089,1022,
-7806,-530,
-5834,-2613,
-780,-3251,
1226,-1874,
493,-172,
-963,449,
-1803,-142,
-1264,-723,
-95,-791,
721,-602,
975,-618,
914,-713,
623,-597,
279,-333,
33,-139,
123,-16,
178,7,
356,21,
6,23,
-326,316,
-388,626,
-255,770,
111,530,
305,215,
142,107,
-61,244,
-237,311,
-253,245,
-103,75,
38,38,
92,178,
93,310,
115,315,
271,194,
349,66,
382,-7,
276,101,
268,151,
193,67,
147,-159,
100,-218,
95,-266,
203,-274,
188,-147,
34,75,
39,88,
147,116,
212,139,
166,67,
260,-27,
308,30,
231,146,
158,276,
104,216,
49,87,
37,-45,
91,-165,
127,-152,
130,-38,
129,136,
41,181,
9,94,
87,25,
119,-1,
87,-31,
174,-47,
159,-37,
211,-13,
86,-35,
11,-138,
-66,-167,
-16,-61,
56,-9,
84,78,
51,28,
-40,16,
-132,-78,
-82,10,
46,126,
150,219,
65,134,
55,81,
32,91,
56,38,
42,57,
80,-15,
191,-2,
212,17,
146,47,
90,114,
64,127,
61,141,
44,105,
36,155,
116,126,
21,144,
12,114,
76,138,
55,78,
92,-22,
109,28,
64,8,
60,17,
47,88,
24,64,
83,-8,
93,-22,
156,-47,
43,93,
70,93,
106,131,
60,59,
71,54,
174,31,
126,47,
119,1,
139,87,
25,17,
51,50,
-2,84,
39,20,
-5,-23,
31,-28,
92,23,
112,39,
50,76,
70,18,
73,105,
73,58,
35,15,
81,18,
99,20,
69,43,
115,103,
42,140,
115,43,
100,27,
101,-48,
90,-8,
74,-27,
98,-76,
108,-7,
148,16,
116,37,
56,-6,
60,-6,
151,8,
127,16,
72,12,
99,27,
126,55,
00>
_________________________________
00>
00>
Printing STS1 CIR
00>
00>
_________________________________
00>
42,111,
14,82,
10,24,
28,15,
63,28,
39,-27,
42,-5,
9,-6,
41,12,
87,12,
65,-42,
32,0,
46,6,
29,58,
-9,17,
-63,-19,
-41,14,
26,12,
74,31,
62,28,
35,-2,
29,-19,
-37,-25,
-45,-31,
-69,-80,
-90,-61,
-47,22,
11,16,
3,2,
-16,1,
-101,2,
-54,27,
-22,57,
21,20,
-17,60,
-2,14,
14,92,
39,14,
58,-39,
54,-22,
25,39,
40,-7,
133,-35,
92,8,
14,-3,
57,-8,
106,-25,
71,15,
23,33,
31,16,
23,39,
52,-21,
32,-76,
13,-9,
11,-35,
57,-73,
42,10,
24,58,
-4,36,
-5,5,
11,-52,
81,16,
86,30,
63,14,
-15,16,
8,25,
24,-5,
85,32,
72,29,
38,-37,
14,33,
-6,45,
-41,22,
-79,46,
-31,56,
54,-44,
10,-40,
20,-68,
-33,-34,
1,39,
60,71,
39,26,
-25,-7,
1,-34,
3,-26,
-38,-9,
-3,-38,
8,-57,
-29,-23,
-30,-19,
-28,-70,
96,-5,
69,-8,
14,15,
-72,55,
-93,82,
-58,7,
-23,4,
-19,-14,
2,-6,
23,-15,
-21,-97,
-18,-63,
-85,5,
-78,44,
-47,2,
-90,-34,
-35,-9,
-10,73,
-59,57,
-18,0,
-29,-43,
-73,-55,
17,-3,
56,29,
44,62,
4,18,
-59,-36,
-27,-16,
-6,-7,
-24,44,
-23,75,
-50,-15,
35,-40,
-1,67,
-16,40,
-40,18,
-13,-28,
-4,-27,
53,6,
-18,39,
-45,29,
20,20,
24,39,
-29,127,
-34,34,
-3,-36,
36,0,
-15,-20,
2,25,
29,-5,
1,16,
-11,10,
18,23,
94,17,
69,52,
18,16,
28,25,
-8,43,
-56,34,
-3,14,
15,-4,
23,55,
-5,45,
49,21,
43,10,
7,52,
47,32,
43,44,
-29,9,
-29,-10,
-18,30,
-18,28,
44,6,
54,-8,
-14,21,
-18,32,
12,84,
-40,23,
-7,16,
26,109,
1,35,
14,-13,
68,-32,
130,20,
47,70,
5,47,
-6,-48,
17,-54,
-43,74,
30,66,
45,-38,
-21,-32,
-27,-45,
-43,-14,
-62,-2,
25,-19,
43,-20,
66,-10,
-38,-35,
-31,13,
19,-20,
38,-41,
49,-40,
74,2,
21,-12,
13,-1,
35,-23,
45,9,
36,27,
28,22,
23,7,
26,15,
32,-15,
-15,15,
15,-28,
-27,-13,
-42,75,
-72,89,
-70,7,
36,14,
55,6,
57,-19,
35,-8,
11,-58,
65,47,
70,36,
37,28,
-30,20,
14,27,
30,-1,
34,24,
25,9,
-29,30,
2,15,
4,7,
27,36,
20,65,
47,29,
51,-39,
113,10,
106,-29,
58,-12,
78,7,
52,-4,
43,11,
20,-19,
17,0,
85,53,
53,60,
71,-25,
52,-3,
97,51,
82,70,
-5,69,
9,54,
42,33,
36,30,
17,29,
-18,16,
-15,38,
69,-7,
70,47,
19,29,
-59,-14,
-64,-25,
-26,22,
2,52,
38,36,
-2,-8,
-124,9,
-71,1,
-22,14,
5,-16,
-7,-21,
-10,-33,
-47,49,
42,32,
39,2,
3,65,
25,78,
91,33,
94,5,
-25,-35,
-50,47,
16,-3,
-5,-12,
-26,-1,
-13,42,
9,52,
3,-7,
29,-29,
43,-33,
50,14,
44,33,
30,28,
23,-13,
97,-14,
19,26,
36,32,
-10,24,
-16,-39,
-21,7,
-22,-17,
20,-31,
-37,-34,
-42,-29,
-56,-38,
2,-12,
46,-7,
14,33,
8,2,
10,-15,
-27,-35,
2,-13,
57,-55,
67,-1,
63,-34,
0,1,
9,15,
45,5,
-2,45,
-3,18,
-5,-8,
-28,4,
9,31,
33,8,
42,11,
26,42,
-6,18,
-26,79,
-8,69,
17,-43,
-2,-30,
-47,11,
43,-13,
69,18,
78,19,
74,29,
33,38,
17,40,
72,22,
30,11,
-6,6,
-47,5,
42,-37,
46,-20,
46,77,
21,46,
21,30,
3,14,
-2,8,
-38,-10,
-73,11,
-102,16,
-40,-8,
2,-15,
10,-3,
-19,-35,
16,-23,
80,7,
59,21,
20,29,
-4,12,
3,-1,
4,-3,
3,40,
73,200,
146,1066,
111,3842,
-376,7136,
-1223,7229,
-1985,4198,
-1380,102,
-366,-1018,
877,-107,
2154,1221,
2429,2205,
1080,2094,
-510,1048,
-998,217,
-701,290,
-386,767,
-228,680,
-94,147,
-86,-240,
-139,-125,
-170,-26,
-191,-73,
-231,-183,
-109,-406,
-14,-550,
12,-504,
7,-197,
-11,182,
-151,168,
-72,115,
-38,15,
7,-183,
-25,-352,
86,-434,
226,-252,
92,-33,
-20,33,
-17,-66,
131,-209,
157,-270,
85,-128,
-73,-149,
15,-229,
-66,-188,
-182,-136,
-178,-103,
13,-175,
165,-183,
231,-120,
75,-132,
-104,-103,
-137,-71,
-33,-57,
52,-164,
34,-98,
-60,29,
-85,59,
-112,-54,
-123,-125,
-110,-102,
-80,-93,
4,-112,
61,-115,
114,-104,
18,12,
16,75,
-30,89,
-28,3,
-48,-41,
-57,-39,
-30,-148,
51,-247,
101,-263,
-11,-236,
53,-199,
188,-193,
257,-162,
219,-132,
128,-128,
57,-143,
-42,-301,
-76,-332,
-2,-233,
64,16,
126,79,
118,-46,
171,-54,
69,-51,
14,-73,
16,-68,
-60,-110,
-40,-110,
-21,-72,
68,-54,
56,43,
61,-2,
49,-89,
51,-124,
7,-54,
8,-9,
104,-5,
58,-71,
24,-52,
25,-6,
-18,-61,
16,-73,
40,-129,
111,-144,
117,-36,
139,-112,
128,-113,
113,-75,
2,17,
-77,68,
-56,-32,
-44,-76,
27,-15,
104,-89,
103,-95,
88,-2,
48,-73,
-27,-55,
-61,-103,
6,-51,
82,-32,
65,-44,
46,-61,
11,-79,
12,-39,
50,-35,
34,-54,
-40,-102,
-23,-45,
-23,-62,
-48,-64,
-123,-108,
-25,-77,
78,-64,
92,-12,
52,-7,
10,-35,
48,-76,
109,-99,
68,-58,
71,-53,
44,-50,
19,-35,
-22,-10,
34,-13,
72,-17,
56,-39,
-3,-88,
45,-134,
18,-83,
22,-1,
00>
_________________________________
00>
RX Timestamp: 242382068513
00>
Clock Offset: -3763.962 Hz, 0.471 ppm
00>
RX Timestamp: 243453508793
00>
Clock Offset: -1870.823 Hz, 0.234 ppm
00>
_________________________________
Sequence Number: 102
00>
00>
Printing STS0 CIR
00>
00>
_________________________________
00>
-16,24,
-20,-22,
-6,-15,
18,-4,
14,-17,
86,-35,
79,-43,
49,-24,
33,7,
-21,-30,
10,51,
-21,119,
66,63,
34,-59,
-16,16,
15,-18,
3,-13,
41,5,
-10,-42,
32,19,
-33,49,
-73,59,
-59,105,
-97,63,
-1,10,
41,-18,
19,-15,
9,-32,
16,-33,
3,23,
-11,26,
2,-9,
-19,-8,
-8,-11,
-32,-4,
12,-30,
43,-39,
38,17,
69,18,
38,6,
15,-18,
-38,-53,
-13,29,
87,0,
39,20,
11,35,
31,37,
-5,52,
-26,41,
22,0,
43,49,
27,-27,
-56,-3,
8,-19,
-45,3,
-54,3,
6,16,
21,14,
-3,16,
27,3,
72,37,
21,30,
-6,-3,
-10,34,
27,-4,
70,32,
17,16,
-6,22,
11,-39,
38,-46,
49,-2,
51,-43,
5,13,
-40,84,
1,-3,
-6,28,
24,65,
22,41,
-8,39,
12,-5,
-60,6,
-16,84,
47,70,
-29,56,
-90,75,
-35,55,
-16,29,
18,-17,
-56,63,
1,1,
15,43,
19,12,
31,0,
-14,11,
-3,44,
26,43,
-39,1,
-49,22,
-7,10,
-4,-4,
5,-36,
44,-60,
-5,-3,
72,3,
-1,-25,
-21,47,
-4,-19,
-51,-48,
-6,28,
36,-11,
53,24,
48,41,
61,-9,
47,-76,
26,25,
18,43,
3,84,
-32,8,
-16,40,
-40,43,
-23,15,
16,-1,
-4,24,
16,-11,
24,-36,
16,-7,
-45,-16,
-15,-26,
10,-6,
17,27,
-36,-17,
-29,17,
21,10,
10,15,
16,0,
-43,-8,
-20,9,
6,-9,
13,-21,
10,-93,
50,-64,
52,-88,
30,0,
-4,-11,
27,-10,
71,30,
-29,31,
-15,-21,
4,36,
33,26,
40,-10,
-9,-24,
58,-64,
50,33,
1,74,
-16,43,
30,4,
23,20,
-19,7,
0,23,
-4,75,
-64,44,
-41,44,
28,46,
24,-76,
61,-81,
88,-70,
121,-21,
64,69,
-10,20,
-36,21,
-30,8,
-29,26,
8,39,
-2,-6,
-4,37,
-16,65,
42,44,
56,-12,
23,29,
6,12,
15,-24,
7,-24,
3,-3,
47,-25,
57,-6,
76,45,
23,-7,
51,-18,
34,-34,
26,19,
26,-36,
47,19,
31,-7,
5,10,
14,33,
-62,118,
-87,72,
-69,42,
-33,48,
-6,33,
8,17,
15,70,
5,35,
-21,52,
83,52,
0,77,
-19,57,
-40,58,
-12,-7,
-31,26,
26,-8,
-21,-35,
17,-37,
9,-10,
58,-13,
-14,38,
28,36,
-6,2,
10,-5,
3,36,
16,96,
-13,31,
-35,52,
-5,14,
48,-63,
48,-91,
29,-13,
30,15,
42,14,
57,9,
51,-22,
25,71,
2,85,
1,24,
-42,25,
-8,13,
-37,-1,
-8,17,
-9,52,
7,18,
9,112,
32,93,
21,13,
-60,-21,
-21,42,
-44,30,
-109,70,
-8,31,
-16,-15,
43,21,
34,3,
43,12,
7,32,
22,39,
-27,-22,
-21,9,
54,26,
25,12,
-2,48,
-17,22,
20,-28,
-14,-48,
-10,11,
3,-17,
-34,-20,
-2,18,
23,19,
13,78,
-12,55,
33,62,
17,26,
20,34,
20,-3,
-16,-4,
-10,-3,
40,-28,
24,-29,
51,-3,
17,-10,
-47,-37,
-14,-67,
-23,-36,
-20,-18,
0,-39,
9,-83,
-28,-77,
-13,13,
-5,11,
-1,7,
32,-15,
8,-14,
3,23,
41,-32,
46,-10,
25,-11,
27,41,
11,-12,
56,13,
-1,9,
-33,-35,
26,-33,
0,4,
-40,-30,
-4,27,
4,19,
-27,112,
9,77,
57,40,
15,-4,
50,-23,
25,-27,
5,-57,
-16,-23,
26,8,
-4,36,
-18,31,
-57,-70,
-57,-21,
-30,-20,
-26,-2,
12,44,
3,-27,
8,-39,
-5,-54,
-26,-1,
-49,-2,
-46,-2,
1,-81,
49,-2,
62,-26,
45,32,
29,22,
20,-8,
11,38,
-14,69,
62,22,
14,-36,
43,-31,
-2,64,
-28,-46,
36,-37,
-1,-11,
75,9,
79,-3,
36,44,
-2,2,
0,5,
-36,-17,
-11,19,
17,-23,
14,-11,
-9,-73,
46,-24,
-89,-95,
-1020,-724,
-4992,-3928,
-6379,-5932,
-5610,-6778,
-3683,-7358,
901,-2664,
1716,872,
358,1213,
-295,1373,
-204,2717,
-153,3570,
-386,2092,
-285,-241,
213,-2409,
747,-3140,
415,-1811,
-96,-386,
-438,366,
-124,199,
92,-28,
367,-142,
595,-508,
761,-440,
548,43,
280,564,
-78,464,
-225,-403,
27,-673,
274,-82,
349,481,
237,569,
197,317,
326,191,
609,231,
199,-155,
253,-206,
313,-136,
61,185,
-85,206,
-57,51,
25,-112,
53,-127,
5,-67,
-14,-117,
-96,-99,
-170,-212,
-148,-196,
-89,-58,
-54,30,
77,179,
-54,99,
-100,97,
-170,115,
-120,65,
38,57,
117,116,
107,235,
171,420,
198,414,
84,231,
-70,-10,
-169,-51,
-140,9,
-88,-6,
-6,-35,
113,26,
-14,59,
41,46,
179,-11,
165,49,
92,71,
107,148,
180,169,
141,394,
65,329,
-21,154,
-74,99,
-88,166,
-71,297,
139,332,
291,354,
407,240,
134,-23,
171,-54,
204,6,
212,279,
148,284,
48,143,
0,32,
-61,-12,
-51,16,
25,157,
81,178,
180,214,
157,202,
120,186,
210,193,
163,183,
16,11,
-73,34,
-7,26,
114,113,
130,92,
72,23,
119,28,
75,123,
23,162,
83,115,
110,118,
102,202,
70,160,
-5,104,
-39,70,
102,75,
18,-5,
-21,15,
11,44,
-8,110,
67,90,
82,127,
87,178,
131,137,
116,135,
100,79,
29,59,
33,103,
-40,109,
-7,6,
58,62,
164,62,
57,-7,
66,-40,
78,-5,
92,54,
63,81,
70,67,
-15,66,
-53,39,
28,116,
52,117,
38,62,
54,59,
51,74,
56,46,
87,41,
25,-15,
34,-39,
15,-20,
33,36,
13,130,
117,115,
87,133,
50,134,
11,132,
47,46,
60,52,
48,8,
00>
_________________________________
00>
00>
Printing STS1 CIR
00>
00>
_________________________________
00>
-10,4,
-54,20,
-19,-24,
-22,-11,
51,30,
14,-4,
-2,-11,
16,64,
23,100,
-44,68,
10,44,
15,57,
-57,27,
-51,-40,
-34,-5,
18,68,
28,35,
25,24,
31,-32,
34,-59,
14,3,
-24,-34,
-9,-23,
11,22,
-2,-11,
3,26,
-20,15,
-12,2,
-32,6,
7,12,
2,-36,
-24,-38,
-30,-20,
-27,42,
-23,36,
29,-28,
43,14,
-7,49,
-8,44,
-23,76,
-6,42,
-10,25,
-21,50,
-17,33,
-43,39,
-45,-9,
19,1,
30,31,
29,34,
28,14,
-14,39,
-62,37,
-33,-30,
-4,-61,
-1,-34,
1,5,
38,37,
7,55,
43,47,
26,-1,
33,-30,
-43,-44,
-15,23,
-23,9,
3,-11,
-5,-26,
-42,17,
8,-9,
33,35,
8,40,
21,8,
31,-7,
87,-23,
72,3,
58,8,
-4,16,
-38,39,
-4,15,
23,-10,
72,-56,
38,-20,
-21,55,
-18,54,
53,69,
15,54,
26,70,
38,62,
63,101,
-3,6,
-33,2,
-60,-7,
-40,-19,
-39,-4,
17,-32,
26,5,
29,-27,
48,9,
54,38,
63,50,
22,35,
32,-38,
-1,-67,
14,-33,
22,44,
41,69,
-5,37,
-12,-11,
60,-52,
113,-48,
42,18,
-21,45,
1,53,
2,-4,
-37,28,
-19,20,
-41,28,
11,28,
3,-8,
-21,-16,
10,-15,
43,27,
45,4,
23,-4,
-2,-9,
-14,8,
47,17,
11,16,
-2,-6,
-20,17,
3,-40,
19,-10,
23,-7,
21,65,
-5,81,
5,92,
24,91,
2,36,
-31,-21,
-49,-26,
-25,11,
-7,2,
-41,-24,
-9,-52,
4,0,
-15,22,
61,36,
18,18,
5,30,
3,19,
-7,4,
-15,-39,
30,12,
26,21,
17,16,
-43,26,
34,2,
68,-23,
45,-10,
-10,-23,
-2,17,
-25,4,
-16,-26,
-20,20,
-33,59,
28,73,
7,79,
-12,84,
-56,102,
-62,-3,
-18,-8,
-14,2,
15,23,
39,51,
35,-12,
73,-15,
13,4,
19,-11,
-13,-12,
46,-25,
-4,-12,
-10,-2,
-8,-66,
5,-86,
27,-41,
-48,15,
15,21,
-61,9,
2,5,
-9,-6,
32,58,
38,65,
16,32,
31,43,
-6,13,
31,13,
22,-2,
41,42,
4,55,
23,102,
62,69,
27,-1,
1,17,
-9,39,
3,7,
7,11,
-50,28,
-4,18,
77,-8,
54,3,
29,17,
15,24,
12,25,
47,7,
56,-3,
32,-37,
34,-13,
19,13,
13,13,
2,-43,
23,15,
-19,15,
17,17,
-5,2,
-24,6,
-24,59,
22,7,
3,9,
-17,17,
-17,18,
27,33,
31,9,
3,-17,
-40,22,
-12,-8,
28,17,
10,50,
41,3,
-13,46,
-1,24,
27,17,
-8,24,
43,50,
-1,57,
22,39,
38,4,
21,-10,
9,-39,
11,7,
18,-1,
-7,10,
-3,1,
-13,15,
-12,14,
64,48,
60,-2,
36,32,
-15,50,
-50,34,
-36,52,
-26,14,
12,-1,
-23,32,
-12,30,
-30,42,
-5,11,
28,29,
19,50,
10,29,
42,42,
98,-27,
56,4,
16,-9,
-14,21,
40,24,
32,-11,
-2,25,
-20,-65,
5,-25,
3,-13,
-7,-4,
34,15,
33,46,
7,0,
44,-6,
32,78,
-2,61,
7,60,
24,14,
2,10,
-8,-47,
-25,-35,
-4,4,
-26,26,
-10,78,
0,65,
-17,50,
-5,34,
40,-9,
50,8,
37,15,
42,13,
-8,-12,
-25,49,
-6,30,
-4,67,
33,97,
38,46,
32,10,
5,49,
37,30,
25,80,
1,31,
14,-3,
35,-7,
29,16,
-45,19,
-79,-18,
-47,-18,
12,-3,
43,9,
-8,27,
-4,56,
28,2,
35,27,
51,34,
-6,-16,
9,22,
41,51,
13,24,
-37,-9,
51,-54,
0,-23,
38,-48,
18,-37,
-16,-62,
20,-38,
8,-25,
46,25,
88,33,
12,61,
-9,111,
-14,72,
15,41,
-25,74,
23,-6,
15,-20,
31,8,
0,42,
-3,16,
-47,-33,
-12,-36,
6,-40,
-16,16,
-5,18,
-196,242,
-1678,1116,
-6196,2838,
-7842,2788,
-7906,2026,
-6716,691,
327,-863,
2462,-1271,
1155,-529,
1094,-514,
3259,-1192,
4844,-786,
3228,500,
540,1246,
-659,1581,
-760,1883,
-417,1600,
-96,837,
285,126,
46,-38,
47,-9,
246,-252,
656,-725,
1170,-1095,
586,-695,
-72,-357,
-534,-404,
-348,-717,
236,-875,
520,-766,
579,-581,
357,-254,
55,-59,
-17,60,
109,124,
57,162,
80,184,
201,300,
-117,279,
-439,278,
-189,58,
67,-24,
187,174,
277,422,
282,341,
138,31,
87,-165,
44,-180,
65,-78,
115,6,
66,105,
9,131,
1,159,
-30,101,
-52,-28,
-48,-116,
-28,-92,
20,-52,
138,-138,
81,-326,
58,-438,
77,-262,
14,-17,
-96,207,
-68,260,
-5,158,
94,51,
22,55,
47,45,
83,77,
83,82,
8,151,
-47,113,
-42,32,
-36,57,
-130,26,
-198,-48,
-162,-50,
-131,45,
-64,218,
16,320,
104,214,
200,92,
33,-40,
-20,-99,
-40,-139,
15,-146,
69,-150,
168,-112,
205,-45,
244,29,
195,69,
184,95,
120,1,
23,-67,
35,-151,
108,-175,
101,-140,
60,-89,
23,-18,
27,-36,
32,-99,
71,-158,
65,-96,
111,-17,
99,-40,
96,-29,
23,-13,
86,-20,
147,68,
11,84,
9,13,
-7,-50,
40,-7,
52,-28,
2,-45,
-9,-78,
24,-97,
34,-110,
104,-72,
83,-24,
75,-26,
158,-18,
155,-11,
150,-52,
18,-58,
-8,-45,
-3,-18,
1,-14,
79,-29,
56,0,
31,47,
32,10,
74,-12,
70,-12,
105,-48,
67,-23,
56,-45,
54,-54,
59,-27,
100,-111,
58,-74,
48,-43,
73,-14,
57,-1,
100,41,
105,-8,
49,-4,
29,0,
83,-11,
89,4,
73,-15,
84,-67,
18,-24,
-8,-58,
59,-93,
34,-26,
81,-27,
00>
_________________________________
00>
_________________________________
Sequence Number: 105
00>
00>
Printing STS0 CIR
00>
00>
_________________________________
00>
-15,7,
-39,-41,
-17,-102,
-15,-17,
-29,-45,
16,-39,
52,15,
49,42,
37,4,
12,-90,
33,-48,
-14,1,
-40,46,
10,20,
47,37,
63,39,
-4,-17,
-4,-39,
-49,-64,
-62,-38,
-37,2,
41,13,
10,-5,
49,-50,
5,-34,
-45,35,
4,7,
55,-12,
76,14,
34,34,
32,21,
25,-18,
47,61,
55,77,
65,65,
26,85,
39,29,
-31,102,
9,23,
71,-6,
64,28,
5,79,
-5,26,
-18,-17,
11,26,
20,25,
-11,-14,
18,28,
-21,91,
35,37,
53,13,
17,25,
-42,20,
-62,-45,
-26,-36,
35,-29,
46,-6,
-11,14,
-29,-14,
-22,9,
4,-14,
-17,32,
-33,26,
-36,-13,
-3,51,
-12,32,
-52,-10,
-40,-2,
-24,-23,
26,38,
55,86,
60,62,
62,93,
36,40,
14,44,
-16,18,
5,-19,
-13,20,
-57,-7,
6,-33,
50,-31,
66,-12,
27,-18,
33,-60,
17,-61,
9,-26,
31,-65,
2,-41,
52,20,
29,27,
19,145,
28,67,
43,25,
1,12,
18,32,
-5,8,
26,58,
36,38,
52,6,
-19,-47,
-25,-39,
16,-12,
44,27,
-24,-19,
-80,0,
-8,-18,
-15,19,
70,28,
71,-27,
5,3,
-37,90,
-16,-5,
26,-48,
-51,-58,
-16,8,
7,40,
-4,46,
-1,21,
-66,-48,
2,-4,
-3,53,
-28,13,
-45,20,
-43,-13,
15,70,
30,56,
-9,17,
19,17,
3,37,
-18,21,
-32,-38,
-91,-84,
-43,-44,
-58,-14,
33,-30,
-47,13,
-65,3,
-22,49,
-69,-24,
-15,18,
22,-26,
50,-42,
25,17,
2,-10,
-9,57,
-14,109,
9,22,
19,18,
25,56,
47,16,
20,44,
14,65,
20,49,
41,46,
60,70,
56,26,
20,-8,
-19,37,
4,37,
43,-16,
46,11,
6,23,
-39,44,
-40,19,
-4,8,
-16,-21,
-12,14,
56,20,
-1,13,
18,66,
-21,43,
37,-20,
41,-23,
39,21,
46,29,
57,47,
0,67,
-9,35,
41,62,
17,-24,
-19,-28,
-41,-4,
58,-34,
20,86,
-17,95,
16,1,
27,-49,
-4,32,
16,43,
-6,12,
28,48,
21,-5,
4,52,
39,12,
-19,18,
12,23,
8,-33,
6,91,
12,-8,
52,-27,
24,-39,
-56,10,
-17,-27,
51,11,
63,15,
13,10,
-2,-6,
-25,-12,
33,-7,
52,51,
29,64,
1,6,
9,4,
12,7,
47,-4,
71,-67,
64,17,
32,95,
9,63,
55,-14,
31,27,
33,51,
55,45,
21,14,
-23,-18,
76,-1,
30,36,
-1,-52,
31,-70,
73,-49,
0,-52,
-7,2,
3,50,
8,104,
31,54,
7,39,
-3,28,
19,-20,
18,11,
-5,67,
-5,20,
-15,-15,
29,-38,
88,35,
97,37,
81,-12,
45,52,
23,121,
29,52,
24,19,
8,75,
70,34,
70,66,
55,39,
39,44,
7,-17,
50,82,
-3,47,
2,35,
54,2,
65,47,
-37,83,
-19,55,
-46,29,
-6,34,
37,55,
-18,77,
-10,39,
3,-3,
12,-5,
75,2,
43,28,
26,34,
87,-27,
39,-4,
-3,8,
-8,-6,
-29,9,
84,-15,
69,-7,
-28,59,
-27,33,
-26,13,
-14,-34,
14,-57,
26,34,
44,-4,
20,-45,
-19,-11,
-37,9,
13,38,
20,84,
19,86,
34,88,
-29,14,
-19,-58,
5,-68,
9,-15,
-37,-36,
45,-82,
19,-33,
93,-18,
26,30,
-11,9,
-59,-18,
-49,5,
3,-10,
29,-49,
49,-72,
65,-65,
111,-29,
66,-71,
17,-21,
5,70,
26,57,
55,23,
37,23,
46,75,
38,20,
18,7,
9,-26,
27,-39,
35,0,
49,99,
30,102,
-47,86,
-13,70,
-17,19,
32,-28,
50,-38,
61,24,
18,1,
42,-12,
4,40,
11,98,
-14,74,
-43,54,
34,9,
65,-19,
-7,-77,
5,-101,
37,-47,
36,53,
40,43,
-21,41,
-25,-14,
20,54,
44,61,
57,80,
-10,22,
-13,86,
-18,19,
-102,158,
-794,892,
-3200,2865,
-6377,3912,
-7192,2383,
-4912,-807,
-1178,-2549,
404,-1533,
97,143,
-884,763,
-1531,299,
-1104,-424,
-9,-635,
555,-741,
591,-898,
386,-961,
195,-679,
18,-324,
0,-130,
105,-157,
255,-104,
286,-52,
-24,161,
-151,468,
10,671,
174,685,
362,327,
296,41,
178,58,
11,230,
-113,296,
-129,192,
-19,29,
120,-6,
277,155,
298,337,
263,239,
316,33,
260,-107,
297,-125,
244,29,
203,117,
197,20,
77,-115,
-20,-193,
-19,-239,
82,-254,
79,-67,
24,78,
33,102,
128,-78,
170,-138,
202,-107,
257,-87,
230,-30,
219,49,
239,88,
134,137,
7,20,
-55,-105,
-18,-146,
67,-128,
112,-40,
128,90,
73,86,
50,28,
55,-46,
43,-53,
56,-14,
130,-168,
113,-200,
152,-115,
-5,-54,
-89,-76,
-67,-94,
9,-57,
68,88,
99,133,
-21,67,
-65,-4,
-118,-15,
-60,41,
175,88,
196,187,
74,135,
-63,77,
-25,15,
60,62,
73,3,
27,9,
104,-43,
122,26,
164,-6,
170,36,
115,111,
83,106,
76,71,
96,13,
160,-23,
179,-1,
137,64,
164,9,
86,39,
49,69,
88,-38,
101,-71,
93,18,
71,38,
95,8,
118,-50,
138,-96,
95,-47,
98,34,
48,14,
48,94,
38,-12,
56,15,
144,-32,
122,-8,
96,-14,
23,42,
31,-24,
17,-74,
38,29,
68,58,
60,38,
86,1,
44,31,
66,16,
25,-14,
60,-50,
28,7,
53,46,
98,6,
75,-15,
121,80,
117,117,
47,59,
70,-12,
64,-38,
40,8,
51,26,
71,-54,
34,-50,
73,-2,
113,27,
123,-62,
55,-2,
14,-65,
92,-27,
87,-35,
130,4,
92,-37,
80,-59,
84,-1,
110,5,
57,57,
-23,81,
103,7,
96,17,
00>
_________________________________
00>
00>
Printing STS1 CIR
00>
00>
_________________________________
00>
29,-31,
-16,-33,
28,-5,
27,30,
-6,23,
-28,13,
-23,-3,
55,8,
63,61,
39,44,
-41,19,
11,49,
6,52,
-4,44,
-10,2,
-8,50,
53,87,
70,46,
-18,37,
3,71,
71,-22,
28,14,
3,-37,
-38,45,
4,21,
42,-13,
26,-93,
11,-42,
-9,-11,
-8,1,
38,35,
12,-7,
62,-44,
50,8,
-7,52,
-28,-2,
-3,-44,
50,-27,
-5,8,
-27,37,
1,53,
5,26,
-10,16,
-20,4,
-49,12,
-39,-32,
-64,-19,
-33,39,
5,25,
-17,-8,
4,15,
-19,-18,
-63,-9,
3,-4,
36,19,
22,-26,
24,-22,
-26,-14,
-59,-2,
-48,-26,
-25,18,
34,3,
32,10,
9,26,
-30,78,
-9,127,
4,11,
15,-2,
-4,17,
-23,22,
13,-19,
21,20,
41,37,
42,18,
45,41,
-65,41,
-26,9,
-15,-32,
1,32,
29,60,
-50,41,
7,45,
34,-58,
69,-49,
89,-46,
49,-50,
4,-7,
37,14,
50,-35,
22,-62,
54,-11,
8,43,
2,55,
4,25,
58,-14,
40,59,
-8,60,
-1,-38,
-63,5,
-73,50,
-45,49,
27,57,
110,-25,
-3,-5,
-28,4,
-42,22,
5,59,
30,0,
-1,-19,
-7,23,
10,33,
-22,12,
-26,15,
-15,9,
-57,4,
-45,52,
7,22,
6,30,
5,14,
-5,6,
0,2,
38,39,
55,26,
19,18,
-20,41,
64,46,
41,46,
5,68,
21,19,
-11,38,
51,64,
132,22,
146,-14,
88,-6,
27,34,
-20,16,
-17,21,
9,43,
23,15,
-19,-4,
31,14,
36,21,
6,34,
-26,38,
1,-2,
11,47,
23,41,
59,30,
75,37,
77,-16,
26,-19,
-7,25,
-11,-7,
-45,-42,
26,39,
-36,26,
-53,-13,
-29,-15,
43,-30,
49,-1,
-11,39,
28,0,
63,32,
29,2,
26,5,
74,-22,
53,-27,
5,-19,
33,19,
44,55,
33,54,
47,5,
23,-49,
-4,12,
0,-4,
23,21,
41,-3,
58,23,
75,2,
78,-7,
0,6,
15,-13,
4,56,
-64,34,
-100,31,
-54,57,
-29,30,
3,11,
-10,19,
35,9,
9,1,
-19,68,
-7,68,
48,46,
38,35,
27,-9,
23,-52,
25,-49,
4,36,
-8,1,
15,56,
57,68,
103,34,
61,19,
20,-56,
-6,-75,
35,-51,
73,-57,
20,-18,
31,-16,
12,-3,
69,-16,
74,60,
38,50,
-14,19,
-28,16,
17,-15,
20,52,
23,23,
10,-14,
24,-33,
23,-7,
5,-12,
-13,37,
49,35,
42,0,
30,-10,
16,1,
45,34,
38,80,
71,39,
66,28,
49,-28,
-3,-27,
34,-33,
71,38,
60,77,
-39,8,
27,17,
75,-24,
48,15,
1,-4,
-21,14,
48,-32,
62,-22,
47,-36,
50,-28,
29,-4,
58,-28,
-18,44,
-12,52,
2,7,
10,-20,
13,-11,
-11,30,
-47,47,
-23,1,
-2,39,
11,75,
-43,57,
9,-4,
53,31,
49,10,
35,23,
74,46,
107,17,
71,86,
43,52,
32,17,
52,4,
-31,25,
-7,55,
-7,47,
41,49,
-50,96,
4,30,
-43,33,
22,-48,
36,33,
74,49,
-1,87,
7,54,
44,-8,
3,-12,
-15,-57,
-25,-17,
-34,-11,
44,9,
76,11,
31,1,
57,-3,
10,-28,
22,23,
2,-5,
9,41,
42,61,
7,64,
-5,43,
7,-17,
81,-100,
95,-7,
46,1,
30,3,
34,41,
12,-6,
13,26,
31,-41,
63,-23,
134,5,
16,-3,
-21,6,
-9,-1,
45,6,
47,6,
66,-9,
28,-64,
16,-22,
-7,15,
14,25,
26,44,
-2,38,
-56,10,
-51,-4,
27,17,
-17,-8,
35,-20,
11,36,
-10,33,
10,25,
14,61,
15,30,
50,21,
50,-29,
10,-11,
-31,-16,
15,-2,
17,-19,
-6,17,
32,80,
76,30,
93,-12,
49,-23,
40,41,
-9,54,
20,44,
-7,13,
-6,-66,
-21,-31,
2,32,
58,49,
41,26,
57,-12,
143,201,
627,1273,
1683,4223,
2230,6877,
1137,6584,
-669,3172,
-1045,86,
-299,-752,
1040,-267,
2365,387,
2476,1085,
1042,1282,
-354,805,
-672,352,
-321,494,
64,707,
113,516,
74,22,
-3,-321,
47,-129,
2,8,
-123,100,
-243,-37,
-290,-339,
-152,-522,
-48,-461,
17,-116,
-23,195,
-65,236,
-31,84,
-4,-1,
-106,-111,
-115,-274,
-63,-299,
-52,-223,
-8,-47,
-60,-24,
14,-167,
101,-263,
108,-281,
37,-120,
-17,1,
-120,7,
-150,-32,
-145,-116,
-27,-164,
83,-168,
71,-140,
26,-106,
-20,-86,
-92,-97,
-20,-46,
-9,-51,
-62,-52,
-138,29,
-124,108,
-89,53,
-61,-15,
-113,-111,
-144,-145,
-107,-121,
-19,-125,
58,-57,
54,14,
48,80,
-19,56,
-56,42,
-71,22,
-87,-29,
-62,-96,
-26,-106,
-40,-122,
-47,-191,
-105,-306,
-112,-308,
61,-253,
234,-265,
141,-101,
22,-56,
-107,-85,
-117,-170,
-108,-152,
-49,32,
-20,116,
-36,80,
29,-71,
35,-97,
68,-58,
-2,5,
-70,4,
-132,-37,
-46,-73,
78,-135,
51,-120,
11,-22,
-21,59,
-30,-5,
-58,-49,
-60,-15,
-32,47,
-18,-2,
11,-104,
33,-43,
-6,34,
-14,-31,
-58,-69,
-16,-65,
-11,-27,
2,-28,
41,-134,
101,-144,
66,-88,
9,-28,
19,-2,
9,-66,
30,-65,
-63,-96,
-48,-148,
16,-113,
0,-7,
-48,6,
-106,-28,
-79,-9,
-39,-39,
-32,-18,
-35,-98,
61,-124,
15,-68,
21,-47,
8,-61,
-41,-53,
-105,-6,
-87,-30,
-56,-3,
-27,-46,
-40,-65,
-12,-54,
29,-38,
60,-22,
33,-49,
-11,-55,
-51,-40,
-21,-39,
19,-52,
1,-70,
21,-122,
-29,-111,
15,-63,
4,-6,
6,-51,
5,-64,
25,-97,
33,-27,
-30,-7,
-44,19,
-47,-34,
29,-45,
-6,-29,
12,-59,
-4,-45,
00>
_________________________________
00>
RX Timestamp: 382372455292
00>
Clock Offset: -1673.698 Hz, 0.210 ppm
00>
RX Timestamp: 383442847475
00>
Clock Offset: -2372.932 Hz, 0.297 ppm
00>
_________________________________
Sequence Number: 238
00>
00>
Printing STS0 CIR
00>
00>
_________________________________
00>
1,-16,
4,-1,
25,46,
25,31,
31,-35,
64,-55,
141,10,
111,34,
35,-2,
5,-72,
-8,-86,
13,38,
-4,31,
16,-46,
35,-99,
12,-33,
-4,-1,
-40,-26,
5,-19,
-15,18,
-11,17,
-10,16,
23,25,
19,-1,
60,29,
-16,33,
25,-54,
45,-10,
11,-56,
-18,37,
30,32,
6,-27,
31,12,
9,-15,
-19,61,
-28,22,
-37,-17,
-18,9,
16,-24,
-12,-17,
-25,3,
-40,4,
-32,-21,
-1,-6,
58,-11,
29,13,
17,-3,
39,-53,
12,-12,
9,-30,
4,-43,
-34,-11,
-39,-2,
44,-39,
66,-13,
22,54,
55,-26,
5,48,
-16,6,
-8,1,
40,-59,
3,-6,
-56,-8,
45,-41,
23,-14,
-4,-11,
8,-11,
1,-7,
-29,20,
-61,-35,
-79,-102,
-79,-40,
-37,-15,
9,-83,
34,-77,
42,13,
35,-6,
-9,92,
-4,77,
39,48,
-18,0,
-31,-36,
-16,14,
-52,-28,
-35,-31,
-26,28,
19,22,
-30,35,
-58,29,
-49,11,
-13,-39,
52,-54,
-8,-40,
6,-17,
21,-6,
16,2,
53,-15,
57,-3,
-8,-17,
43,11,
29,4,
-26,12,
-8,-18,
21,12,
-30,-16,
-56,-38,
-10,-31,
-53,4,
-25,69,
-6,-36,
7,-67,
-14,-26,
-19,14,
17,1,
20,-6,
-4,-93,
1,-8,
0,29,
5,25,
2,57,
-50,13,
18,-20,
35,-8,
13,-4,
19,-33,
35,-9,
-13,0,
10,-25,
-69,-90,
-38,-3,
-26,11,
-46,13,
5,-58,
34,-121,
-23,-9,
73,48,
125,11,
8,-81,
-12,-40,
-52,15,
-34,36,
-7,-46,
66,-38,
-26,-64,
-18,-51,
25,37,
0,73,
40,-21,
3,8,
-14,52,
67,92,
81,67,
29,-33,
-59,32,
-13,-25,
58,-28,
39,-3,
-15,-7,
-1,-26,
35,-24,
34,-57,
18,-34,
-17,2,
3,-20,
-35,17,
-46,71,
11,-23,
-26,-24,
-30,-49,
95,29,
36,39,
7,-7,
-15,-3,
-40,-12,
-20,34,
48,12,
9,-41,
67,-74,
20,-88,
47,-34,
-6,-29,
-40,7,
52,60,
66,28,
50,-11,
52,-50,
-13,-28,
-55,18,
-1,17,
48,12,
31,-2,
16,-112,
18,-46,
3,-12,
-7,68,
1,36,
5,19,
71,-55,
40,-29,
36,19,
-29,24,
-33,-28,
13,38,
9,54,
68,-18,
-14,-16,
-6,6,
13,50,
1,-9,
15,-47,
-12,-25,
-36,-14,
7,-10,
21,-64,
-9,12,
23,32,
22,-20,
41,-10,
50,44,
34,23,
15,18,
36,13,
33,48,
26,4,
-8,22,
-28,-7,
-57,-49,
-6,-19,
-40,11,
-68,56,
-73,-39,
-27,-30,
-25,-15,
35,-26,
36,-44,
-31,-42,
-8,-5,
0,28,
27,15,
33,2,
-22,-13,
-33,-27,
-13,-27,
8,-1,
17,39,
-11,23,
51,-5,
33,40,
6,25,
-22,13,
-46,53,
5,-50,
-5,8,
-22,-71,
10,24,
15,64,
-34,41,
-17,-26,
2,-79,
5,6,
49,32,
49,-5,
46,2,
85,65,
36,-11,
1,15,
2,-44,
-9,21,
-9,-7,
32,-41,
45,-41,
39,14,
22,1,
44,0,
22,33,
30,73,
-3,34,
-19,16,
20,-1,
43,11,
78,6,
28,-42,
-23,-14,
0,-17,
-26,15,
-44,19,
37,24,
76,28,
4,18,
-99,3,
-55,36,
2,21,
-13,52,
-106,53,
-48,21,
-1,-40,
-2,-3,
-55,-7,
-35,29,
9,26,
-33,27,
-26,74,
13,64,
82,28,
62,9,
17,-26,
-27,-2,
-15,-20,
-22,-33,
-26,-53,
-16,-46,
-20,-43,
-23,58,
1,12,
-27,38,
-13,47,
11,35,
36,38,
-5,2,
25,31,
7,-22,
33,-67,
73,-30,
-10,-65,
25,-24,
72,-29,
6,-53,
-23,1,
-16,56,
12,6,
84,-25,
91,-47,
66,-34,
34,-42,
-1,-48,
9,-20,
-55,-15,
6,34,
30,-56,
-15,2,
-47,9,
71,-10,
27,15,
30,-11,
7,17,
5,-80,
16,-12,
62,-50,
53,-36,
33,-39,
103,-30,
24,-21,
0,-13,
16,50,
19,-54,
22,-111,
292,-813,
1676,-3502,
3879,-6822,
4945,-6785,
4730,-4435,
1416,55,
-276,1478,
-649,670,
-692,11,
-1317,219,
-1805,295,
-1164,10,
55,-238,
1149,-220,
1632,116,
995,59,
205,-141,
-293,-224,
-218,-13,
25,151,
71,325,
254,343,
326,405,
11,491,
-262,342,
-210,25,
227,-230,
386,-136,
109,203,
-180,295,
-271,225,
-144,187,
-31,276,
-50,435,
19,246,
112,224,
83,237,
30,45,
-52,-50,
16,-11,
53,49,
93,17,
-14,13,
-33,-23,
47,-107,
189,-170,
181,-162,
86,-127,
55,-88,
-22,-27,
-174,37,
-160,-77,
-90,-117,
-7,-28,
18,-25,
-59,85,
-142,113,
-128,226,
-135,268,
-84,83,
-20,-54,
11,-206,
-72,-191,
-36,-96,
63,-48,
53,-2,
-117,23,
-135,0,
3,117,
59,76,
-42,60,
-92,73,
-89,104,
-141,144,
-138,86,
-46,39,
3,-57,
-25,-105,
-75,-32,
-94,157,
-95,284,
-138,350,
-26,145,
20,20,
-14,66,
-17,28,
-48,65,
-29,10,
1,-32,
1,6,
-25,65,
-66,53,
-28,91,
-93,110,
-84,110,
-63,127,
-74,136,
-106,152,
-40,54,
-60,18,
-40,37,
7,32,
-11,54,
-2,54,
27,42,
-88,102,
-117,158,
-92,124,
-52,93,
-29,34,
-38,-20,
-46,-17,
-61,27,
22,41,
9,43,
11,44,
24,20,
19,19,
-35,7,
-83,98,
-72,30,
-20,32,
-25,30,
-41,20,
-73,-15,
-58,60,
-47,95,
17,79,
31,82,
-9,93,
38,100,
18,85,
21,37,
-2,69,
-40,24,
-23,44,
-1,39,
-49,-43,
-22,-19,
-27,-21,
-35,13,
-84,77,
-37,64,
-14,60,
-66,38,
29,-4,
-15,1,
10,-13,
15,-33,
-18,35,
-71,39,
-8,96,
1,44,
-25,84,
8,58,
-19,68,
00>
_________________________________
00>
00>
Printing STS1 CIR
00>
00>
_________________________________
00>
50,20,
-31,11,
-20,-11,
2,-9,
-24,-10,
-36,2,
-7,-7,
39,-2,
24,-26,
49,16,
17,35,
24,0,
51,9,
30,18,
12,27,
50,69,
79,27,
44,33,
17,-25,
29,-4,
6,-2,
-14,58,
32,38,
36,33,
18,1,
15,-20,
-10,42,
32,61,
24,62,
29,20,
22,5,
-41,-18,
-18,60,
46,7,
28,-32,
17,48,
-4,31,
-6,22,
38,14,
56,56,
108,50,
49,-2,
-3,-60,
18,-7,
-2,3,
10,58,
111,17,
56,37,
65,-13,
75,7,
44,-7,
-21,-53,
36,17,
80,22,
101,2,
34,79,
33,-3,
10,8,
55,22,
78,12,
58,3,
26,0,
-21,36,
26,1,
19,37,
-23,32,
-20,16,
18,-24,
38,-9,
55,6,
70,-38,
93,-83,
35,-59,
37,-11,
67,0,
50,64,
80,84,
60,61,
55,2,
60,-49,
13,-36,
47,2,
9,-5,
53,14,
-4,54,
-36,13,
18,4,
63,-5,
28,-35,
26,4,
-65,11,
2,56,
29,0,
33,-10,
26,-20,
-6,20,
-56,45,
-53,58,
35,0,
58,-16,
101,-4,
86,8,
-13,-17,
2,-23,
38,-25,
-33,41,
-21,58,
46,9,
35,12,
-30,-48,
-17,-5,
65,29,
-23,12,
25,1,
3,65,
23,73,
3,48,
0,-4,
8,27,
43,27,
33,-30,
3,-26,
-56,-49,
-46,-31,
-20,-1,
11,-8,
24,-8,
18,-17,
27,5,
37,-3,
24,-36,
16,-69,
-6,-34,
-3,15,
-22,-11,
20,-33,
46,11,
39,-26,
28,18,
57,37,
52,27,
25,53,
14,64,
5,60,
24,36,
16,21,
90,15,
99,6,
18,-15,
47,9,
53,-57,
83,-32,
33,4,
15,34,
-10,59,
21,73,
32,29,
17,6,
32,-37,
43,49,
48,67,
7,78,
-25,19,
13,-28,
25,4,
-25,8,
-48,46,
-64,71,
-73,94,
102,66,
136,22,
94,35,
11,-15,
1,-2,
114,-40,
59,-1,
-16,33,
-19,37,
26,31,
-28,41,
-9,-14,
8,-69,
72,7,
15,68,
43,86,
44,-10,
18,-70,
35,-4,
9,26,
8,-42,
-10,-104,
21,-29,
40,5,
28,-13,
65,4,
35,42,
24,4,
-32,-55,
-24,-6,
-27,60,
-4,-20,
27,35,
70,31,
42,13,
29,-13,
96,-1,
46,15,
49,37,
44,-8,
30,-35,
60,-41,
45,-20,
8,-7,
20,16,
-49,25,
-87,32,
-31,8,
25,10,
75,43,
79,-5,
45,-22,
76,6,
88,5,
60,-2,
12,30,
-15,40,
43,73,
34,-6,
0,-78,
47,-24,
37,-3,
43,-11,
19,8,
-6,-17,
5,4,
-4,2,
14,21,
7,10,
-2,-15,
-51,-27,
-21,34,
-9,53,
-33,18,
14,-16,
41,10,
13,22,
-7,-34,
-42,-4,
-39,5,
25,43,
59,-43,
37,-25,
-7,-50,
48,-45,
41,-31,
6,-31,
-30,25,
-22,24,
4,21,
-68,20,
11,61,
50,69,
-13,59,
-30,13,
-40,-52,
-23,16,
-10,18,
10,52,
-2,17,
27,0,
44,15,
51,76,
53,81,
27,65,
30,24,
43,30,
37,81,
19,42,
-41,42,
4,20,
24,-70,
66,-9,
14,-85,
2,-47,
23,11,
49,1,
56,-5,
21,-8,
12,13,
12,47,
39,12,
47,-28,
26,-17,
-51,-46,
-79,13,
-28,-13,
0,-24,
21,22,
5,14,
26,-20,
41,20,
60,-5,
59,2,
8,25,
18,-14,
16,-33,
37,-38,
60,32,
24,24,
-24,14,
-89,31,
-40,21,
-30,4,
-20,2,
47,-34,
94,-54,
49,-73,
2,-17,
-55,-1,
-19,-5,
36,2,
42,11,
28,17,
43,12,
82,-2,
92,1,
-17,-49,
-4,-35,
15,4,
0,-11,
-22,25,
-35,18,
-14,-4,
-22,-9,
49,-8,
51,-10,
31,66,
19,37,
60,46,
71,81,
82,43,
95,-19,
59,-32,
59,-30,
82,-13,
63,-3,
77,12,
-4,-15,
-9,26,
65,6,
19,-31,
19,-74,
42,-21,
33,34,
17,30,
-126,-74,
-710,-785,
-2113,-3278,
-3251,-6795,
-2913,-7128,
-1437,-4254,
604,35,
1137,1230,
556,652,
479,616,
866,1558,
786,2322,
-74,1704,
-838,497,
-1208,-125,
-1393,-200,
-1220,9,
-615,153,
4,275,
205,143,
139,152,
322,254,
615,249,
811,426,
582,220,
330,-103,
261,-301,
435,-237,
550,12,
623,230,
487,264,
220,184,
11,25,
-118,-80,
-168,-23,
-174,255,
-173,307,
-155,328,
-170,-11,
-187,-241,
-31,-158,
38,-23,
-82,102,
-255,199,
-167,160,
20,126,
120,34,
131,24,
94,-62,
93,-18,
16,15,
-110,21,
-103,25,
-54,18,
69,-41,
133,-53,
88,-60,
72,1,
85,110,
225,69,
245,11,
177,4,
30,18,
-100,5,
-104,0,
1,17,
-23,60,
25,40,
8,71,
56,98,
-19,42,
-50,50,
-16,24,
7,12,
31,27,
46,-44,
56,-140,
43,-120,
60,-102,
-104,-15,
-166,63,
-202,101,
-133,148,
1,121,
84,14,
84,-55,
113,-33,
167,3,
160,46,
91,77,
45,127,
15,100,
44,35,
10,48,
44,43,
158,58,
225,-9,
205,8,
213,-7,
95,-44,
59,43,
94,43,
125,32,
126,22,
89,27,
57,20,
-17,-35,
23,-41,
37,54,
6,106,
-60,97,
-74,42,
32,5,
94,37,
120,76,
62,11,
16,-2,
110,-36,
67,8,
92,19,
92,11,
38,13,
22,28,
26,40,
57,8,
59,20,
-1,42,
28,66,
31,58,
58,21,
92,7,
-23,-18,
-2,9,
14,93,
51,91,
100,78,
113,55,
17,56,
1,22,
9,53,
0,76,
-5,25,
6,25,
-44,62,
-26,94,
33,89,
19,124,
-26,76,
1,42,
-4,121,
39,109,
29,109,
56,50,
80,57,
123,22,
59,63,
61,89,
00>
_________________________________
00>
_________________________________
Sequence Number: 241
00>
00>
Printing STS0 CIR
00>
00>
_________________________________
00>
-23,12,
40,-5,
44,-21,
47,28,
94,61,
64,-3,
70,26,
33,7,
-63,35,
-41,56,
-9,53,
39,-36,
19,-41,
-19,-11,
-14,39,
32,-43,
7,-67,
-37,10,
-32,8,
49,-2,
-2,-62,
10,-49,
0,41,
1,20,
-7,-39,
9,-23,
10,-28,
55,-4,
31,43,
-19,-19,
14,-51,
40,-73,
41,-51,
-22,-55,
-12,-86,
-28,-108,
-32,-31,
-35,18,
-44,20,
58,35,
33,25,
77,-15,
-45,31,
-18,-87,
-1,-27,
104,-82,
-7,-26,
6,1,
-6,-8,
45,9,
51,-21,
71,-8,
36,3,
87,-27,
28,-22,
30,-65,
-4,-17,
13,-41,
74,31,
34,70,
67,-8,
22,-50,
39,-75,
-2,11,
-67,17,
-1,30,
21,19,
-16,6,
-29,75,
-66,52,
-32,-15,
-43,-55,
6,-12,
10,-58,
102,-84,
14,-25,
32,-32,
81,-49,
62,-13,
14,-35,
-47,-24,
-16,-33,
20,-50,
-21,67,
-11,43,
-64,34,
19,-16,
-41,14,
-38,39,
-13,16,
34,-24,
-17,28,
-46,28,
1,30,
7,14,
15,3,
62,-51,
11,-68,
-28,16,
13,51,
16,37,
33,29,
39,41,
-13,7,
32,-8,
-1,20,
52,8,
47,-26,
63,14,
-3,-16,
-31,-10,
24,-55,
30,-34,
45,-85,
35,-46,
54,-8,
40,7,
27,25,
-3,6,
27,26,
31,30,
-17,-55,
36,-117,
36,-51,
101,-45,
45,-55,
63,-67,
56,-32,
75,-22,
23,23,
13,30,
-22,-9,
10,67,
29,56,
53,27,
32,47,
30,11,
-1,-11,
31,-52,
-3,-27,
-22,-1,
28,-26,
63,-40,
48,-12,
-46,92,
-48,36,
-40,10,
-9,5,
-32,-31,
-15,-84,
36,-93,
27,-102,
29,-49,
-30,-36,
25,-8,
3,-4,
-30,-31,
37,-18,
88,-90,
73,-63,
46,-68,
16,-56,
-36,-8,
11,-26,
56,-25,
16,-29,
6,21,
42,-7,
13,30,
59,-4,
22,-16,
-19,-12,
-23,58,
-14,75,
11,41,
52,-54,
20,-35,
93,-56,
32,-27,
29,33,
63,31,
-5,18,
-4,-35,
-20,-51,
37,0,
8,-22,
-3,25,
-24,-1,
-16,-5,
29,-49,
3,-9,
19,-3,
18,-26,
1,-54,
-11,-14,
4,80,
31,26,
59,-62,
-25,-76,
62,-75,
58,41,
6,25,
-8,7,
3,-19,
-17,-14,
-36,40,
-21,34,
25,29,
49,-72,
44,-47,
20,-17,
68,-41,
-49,-54,
14,-19,
-11,-85,
-18,-47,
-10,27,
9,11,
72,-92,
59,-67,
28,11,
0,48,
3,-49,
22,-83,
44,-11,
-22,43,
-11,80,
29,80,
17,1,
40,47,
-16,3,
-54,63,
-68,7,
18,35,
48,-7,
1,46,
30,32,
27,-46,
-46,7,
1,51,
9,-62,
4,-27,
10,-42,
32,-58,
69,20,
17,53,
-42,-29,
-29,-18,
-9,98,
-13,106,
4,40,
1,19,
42,37,
76,4,
20,9,
15,-34,
27,-54,
17,-93,
2,-29,
44,9,
-1,-41,
-14,-71,
62,-56,
9,21,
38,41,
-3,-33,
3,-121,
-27,-78,
-4,-29,
80,-31,
73,-42,
77,-59,
21,-23,
20,2,
3,42,
-6,-22,
-41,-31,
-8,-23,
26,53,
-3,-16,
11,20,
-67,-19,
-5,-42,
-12,-25,
-45,20,
-35,51,
-16,58,
-49,-20,
13,-9,
-37,-63,
-7,-58,
44,-70,
16,-3,
-31,-36,
71,3,
138,49,
72,29,
8,1,
24,-31,
41,-14,
24,-29,
-44,11,
-26,67,
61,41,
93,-2,
52,24,
-9,6,
-20,-83,
-28,-51,
18,15,
8,-25,
-44,-28,
-1,-19,
-68,-24,
-70,49,
17,16,
11,-39,
4,3,
9,16,
5,-39,
-24,-55,
-64,-60,
30,-76,
4,4,
-4,9,
6,-2,
-22,-32,
-5,48,
36,10,
-22,-16,
-28,-4,
8,-14,
-11,74,
-14,-7,
50,-6,
65,-1,
38,27,
54,-6,
19,30,
32,-14,
-13,-46,
15,-30,
-5,-30,
-16,19,
4,0,
-22,11,
-42,-57,
44,-104,
50,-84,
66,-16,
35,14,
47,62,
11,-5,
-106,102,
-910,933,
-3636,2958,
-6707,3656,
-7409,2138,
-5284,-786,
-925,-2656,
692,-1706,
133,38,
-1072,836,
-1776,535,
-1149,-221,
-44,-623,
663,-824,
731,-1046,
638,-1074,
365,-750,
100,-369,
46,-175,
145,-50,
248,-77,
398,-42,
-16,129,
-247,497,
-195,771,
76,703,
392,359,
368,47,
157,79,
-60,264,
-196,346,
-197,241,
-60,38,
39,36,
250,95,
179,153,
120,101,
274,-25,
368,-139,
383,-118,
267,-2,
223,-18,
203,-80,
70,-243,
-13,-306,
31,-237,
104,-233,
69,-145,
16,38,
28,67,
121,-47,
127,-22,
186,-112,
351,-188,
230,-87,
252,108,
158,128,
78,93,
-25,-38,
57,-127,
76,-233,
179,-181,
115,-84,
113,44,
95,28,
47,43,
82,-16,
107,-40,
56,-105,
107,-196,
153,-191,
231,-157,
111,-127,
-32,-118,
-9,-173,
80,-134,
53,-12,
9,53,
-41,97,
-82,49,
-91,54,
-49,40,
34,135,
96,129,
107,98,
110,7,
40,-23,
61,-45,
66,-49,
93,-23,
124,-94,
129,-131,
138,-35,
153,-9,
157,41,
146,52,
127,44,
120,16,
160,-39,
61,-10,
83,31,
125,41,
103,28,
102,-10,
71,4,
65,-16,
57,-30,
15,32,
18,-26,
70,-117,
103,-141,
95,-110,
42,-27,
49,14,
58,48,
58,50,
35,-30,
132,-35,
143,-24,
135,-79,
113,-43,
67,-49,
-40,52,
-46,43,
28,59,
77,-74,
79,8,
53,-2,
68,60,
93,-22,
125,-8,
97,14,
76,-1,
126,-6,
98,-46,
89,-27,
47,20,
34,39,
10,120,
53,49,
-6,-49,
41,-9,
108,-62,
49,-40,
103,-49,
123,-4,
138,-8,
-37,-24,
-3,-4,
65,-26,
97,-68,
58,-16,
61,26,
68,25,
51,44,
99,42,
50,26,
22,2,
13,40,
00>
_________________________________
00>
00>
Printing STS1 CIR
00>
00>
_________________________________
00>
-1,21,
-48,-32,
-21,-63,
64,17,
95,19,
100,-3,
61,53,
68,46,
31,19,
0,11,
-9,-15,
33,-4,
12,6,
11,-10,
22,-1,
-7,-41,
68,-43,
46,-19,
26,23,
-56,-4,
-24,9,
-60,9,
-27,21,
16,-38,
35,-3,
18,-11,
-83,28,
-74,30,
-26,81,
43,32,
-15,15,
-27,-13,
14,1,
29,19,
4,19,
-12,-76,
93,-27,
120,-76,
59,25,
-41,27,
6,42,
7,25,
20,37,
57,25,
9,-4,
71,15,
54,52,
27,126,
-54,40,
-22,-25,
28,-41,
-10,-2,
-35,10,
-50,32,
-66,-4,
-26,20,
-30,39,
10,30,
-22,5,
-3,18,
-9,-31,
-1,5,
2,24,
-13,-8,
-23,-1,
-19,42,
71,55,
80,30,
28,7,
9,8,
-44,29,
-58,36,
-58,65,
-23,17,
32,13,
51,-9,
11,-37,
-60,-13,
-64,32,
-72,23,
-20,10,
44,-16,
38,-28,
38,-17,
43,-52,
31,-4,
-1,51,
-46,51,
0,30,
-31,-27,
-14,6,
-6,21,
15,74,
10,-8,
21,-30,
2,-46,
-11,-19,
21,4,
-14,12,
-10,44,
-24,-1,
43,-6,
82,-2,
64,33,
-21,20,
-36,-21,
-10,-17,
-57,-68,
-115,-14,
-5,13,
7,2,
14,49,
10,26,
23,42,
33,-37,
79,27,
18,-66,
56,-40,
33,-26,
53,7,
51,40,
33,9,
-25,-10,
-29,-13,
49,24,
-11,-4,
14,-1,
-46,17,
-36,32,
8,17,
23,61,
1,11,
-61,-8,
-90,22,
-43,61,
6,-7,
6,-55,
0,-36,
20,24,
10,1,
-51,-39,
-24,35,
39,29,
23,2,
-17,3,
-42,25,
-24,32,
36,-60,
52,-32,
-4,-11,
-18,10,
28,71,
12,20,
19,22,
21,8,
44,4,
29,-2,
-19,5,
26,-15,
26,21,
37,30,
6,80,
-13,45,
27,19,
16,6,
-35,32,
16,2,
-1,6,
-37,-28,
-22,52,
-51,34,
37,17,
33,37,
-10,17,
0,-10,
15,-14,
13,36,
43,24,
31,55,
57,15,
70,-19,
28,-36,
26,-4,
9,38,
22,27,
46,53,
56,50,
68,95,
-4,26,
53,31,
54,15,
-53,11,
-24,-11,
68,-47,
70,-10,
50,6,
38,8,
19,-52,
-1,-46,
-7,-31,
-53,23,
-51,15,
-58,15,
-19,4,
-8,-7,
34,-9,
16,38,
-19,8,
52,-30,
45,-20,
39,36,
13,128,
22,46,
78,52,
7,31,
-27,-3,
-21,16,
-42,-49,
-86,-42,
-97,-20,
-74,18,
-118,41,
-26,17,
-3,-9,
28,-31,
-60,34,
-78,23,
-57,9,
-77,26,
-77,32,
-76,9,
-33,-59,
34,-55,
55,-6,
-21,76,
-69,127,
-73,56,
-114,24,
-76,-8,
13,12,
12,6,
11,56,
-43,20,
-92,13,
-2,19,
32,-6,
69,-6,
-5,-13,
8,3,
71,-14,
48,-14,
-8,-41,
16,30,
9,-9,
-2,22,
20,14,
-17,53,
2,-10,
-50,8,
-21,32,
9,26,
24,26,
-28,22,
13,47,
18,86,
15,30,
-14,-4,
-8,16,
38,-19,
75,48,
43,23,
30,6,
-7,-13,
-7,11,
-46,60,
57,0,
81,-49,
33,-28,
48,39,
8,73,
47,65,
-14,49,
25,15,
12,-4,
12,6,
7,-8,
27,-66,
-28,-38,
-32,-56,
-52,-11,
-35,-22,
13,-27,
48,3,
74,69,
-27,30,
-28,-59,
-78,-20,
-93,-35,
-24,69,
-9,51,
19,-10,
8,23,
-3,-26,
-40,-8,
-40,-34,
19,-8,
-19,26,
1,-13,
-12,38,
12,12,
29,10,
16,-13,
-24,-23,
37,4,
38,-23,
-34,32,
-48,-17,
-28,-4,
-15,82,
40,16,
-31,7,
-76,22,
-20,16,
-16,36,
-49,29,
-1,10,
-8,50,
16,35,
43,7,
31,15,
-51,1,
-8,-7,
12,30,
-41,-19,
-66,-1,
-15,25,
16,-9,
103,-35,
16,-10,
-60,-32,
-55,15,
-68,43,
-141,-47,
-60,-94,
-11,-15,
38,1,
28,11,
30,42,
26,-2,
10,18,
29,3,
80,34,
84,14,
159,214,
504,1346,
979,4485,
848,7319,
-157,6800,
-1233,2987,
-1205,-263,
-204,-778,
1294,55,
2746,1118,
2791,1831,
1078,1604,
-590,710,
-971,144,
-409,301,
-4,706,
22,562,
20,86,
-48,-208,
-19,-3,
-33,70,
-210,-9,
-296,-190,
-214,-382,
-53,-494,
-41,-433,
-20,-107,
-82,117,
-213,75,
-173,85,
-49,56,
-58,-143,
-73,-303,
-18,-362,
-6,-271,
-36,-18,
-129,-39,
-126,-218,
29,-312,
78,-250,
35,-75,
-78,38,
-141,5,
-222,-116,
-139,-133,
-39,-81,
73,-111,
107,-101,
105,-100,
41,-95,
-59,-120,
-122,-58,
-85,-73,
-58,-11,
-6,-6,
-78,60,
-107,-1,
-147,-22,
-133,-36,
-102,-65,
-53,-103,
-24,-203,
32,-144,
35,21,
122,62,
56,2,
19,-115,
70,-83,
35,-58,
3,-101,
-44,-108,
-16,-168,
-56,-194,
-71,-255,
52,-275,
207,-189,
231,-147,
133,-59,
-56,-16,
-136,-127,
-169,-224,
-101,-263,
-32,-108,
37,70,
122,55,
54,-73,
75,-94,
24,-43,
16,30,
-83,-33,
-96,-111,
-75,-171,
39,-128,
131,-66,
53,-47,
-72,-40,
-131,-30,
-93,-59,
-40,-77,
-61,-66,
-69,-117,
-25,-128,
4,-71,
-61,-25,
-59,-2,
-53,-60,
41,-58,
20,-35,
-25,-12,
-16,-34,
37,-26,
8,-62,
-46,-68,
12,-76,
24,-65,
52,-28,
-18,-69,
-46,-118,
-3,-138,
-7,-48,
-7,12,
-50,-20,
-66,-73,
-12,-86,
13,-63,
8,-43,
21,-60,
31,-19,
-45,-16,
-71,-61,
-56,-19,
-140,-23,
-68,-62,
-34,-60,
-32,-96,
-11,-53,
-3,0,
31,-28,
-42,-42,
-33,-62,
-34,-28,
21,6,
38,43,
27,39,
53,-7,
40,-29,
9,-128,
54,-46,
36,-25,
49,-26,
44,-44,
-25,-63,
-40,-12,
3,28,
-19,-72,
-14,-65,
-12,-54,
-22,-18,
-33,-13,
00>
_________________________________
00>
RX Timestamp: 522328706385
00>
Clock Offset: -2651.882 Hz, 0.332 ppm
00>
RX Timestamp: 523399946945
00>
Clock Offset: -2279.949 Hz, 0.285 ppm
00>
_________________________________
Sequence Number: 118
00>
00>
Printing STS0 CIR
00>
00>
_________________________________
00>
21,-9,
-2,-85,
22,-53,
107,21,
88,-15,
-9,-35,
22,-52,
31,29,
-30,-7,
-30,10,
30,-66,
-4,45,
0,58,
19,72,
30,-53,
-19,4,
-67,58,
6,15,
7,-28,
-16,-1,
34,-16,
6,52,
-10,89,
-40,30,
51,27,
42,-13,
-4,15,
17,41,
60,16,
24,1,
-9,9,
-5,29,
-19,1,
-19,5,
-78,8,
-30,61,
52,-1,
13,8,
13,-75,
-37,-51,
5,39,
43,65,
38,48,
23,-28,
3,-60,
-35,0,
15,-21,
-4,-17,
75,12,
4,33,
60,77,
10,63,
11,21,
-50,-4,
-13,18,
38,-42,
-33,-48,
-41,-16,
-19,15,
-27,-23,
-65,-52,
-13,-13,
-24,65,
-22,42,
29,55,
21,23,
19,44,
29,73,
51,29,
81,36,
71,8,
30,17,
2,5,
-6,2,
-1,48,
0,68,
30,33,
-3,-35,
11,24,
25,62,
12,117,
58,16,
69,16,
37,45,
-39,11,
-38,-31,
48,-26,
-8,-13,
-48,-24,
-23,-37,
46,-32,
28,8,
3,61,
-39,7,
-20,-24,
22,11,
15,16,
-31,-57,
19,-20,
29,49,
49,40,
83,20,
49,43,
18,58,
0,98,
13,22,
-17,-62,
-28,-66,
49,-13,
-52,37,
-58,12,
5,54,
-16,0,
46,-33,
30,-34,
20,-19,
-6,-7,
25,33,
33,77,
58,85,
5,-8,
-9,-29,
15,1,
49,-12,
49,15,
30,40,
42,15,
41,11,
23,8,
18,4,
67,64,
-24,30,
42,7,
-31,21,
22,27,
55,-5,
74,-30,
63,-37,
17,16,
22,10,
64,63,
22,59,
-52,72,
-6,69,
24,22,
30,-57,
46,-48,
-5,-1,
-64,-32,
-43,-3,
-7,73,
25,40,
38,53,
10,2,
55,-69,
18,-14,
46,29,
63,7,
95,6,
49,-36,
57,13,
67,50,
6,36,
50,36,
16,41,
4,1,
-40,47,
-59,72,
16,28,
15,-11,
-34,-25,
-22,10,
-5,-4,
-26,-79,
-10,-98,
11,-58,
-19,70,
38,41,
-22,-8,
-30,26,
35,-10,
55,-37,
27,-115,
24,-56,
-28,75,
-3,87,
34,31,
-18,-12,
38,-35,
41,6,
76,38,
44,44,
53,53,
114,51,
58,54,
30,50,
44,32,
-11,63,
-39,55,
25,48,
90,-11,
3,-42,
24,49,
9,24,
20,62,
39,-38,
35,-101,
72,-42,
9,-7,
91,29,
60,98,
88,46,
73,35,
-15,41,
20,60,
-1,121,
9,75,
-50,48,
-13,4,
9,30,
71,13,
69,-8,
40,-22,
67,18,
76,5,
25,38,
-27,32,
20,56,
-7,30,
9,68,
17,90,
-39,66,
-46,22,
25,-43,
38,-46,
3,-5,
12,-28,
41,6,
52,15,
29,33,
-26,24,
-9,-19,
-54,0,
-48,46,
-35,20,
30,-19,
58,-30,
4,-26,
5,104,
40,128,
20,56,
16,-47,
-12,-55,
-17,-25,
48,-6,
38,36,
12,61,
2,56,
-20,44,
49,-8,
118,-20,
48,99,
58,80,
45,-1,
6,-24,
-14,22,
-29,47,
-5,46,
-13,17,
18,26,
19,-3,
11,19,
42,28,
-8,14,
0,121,
-22,69,
-10,79,
45,47,
76,79,
41,101,
4,1,
55,-85,
51,-22,
-4,52,
20,85,
32,-23,
32,-20,
36,-7,
-7,37,
15,33,
-32,-7,
-3,-61,
-18,-23,
30,18,
-10,33,
-35,75,
-41,56,
-34,79,
-52,51,
-25,-2,
37,-5,
25,54,
-1,90,
-24,25,
-32,-10,
-20,-32,
-4,101,
41,46,
33,-18,
-28,-34,
14,-87,
-15,-84,
-31,23,
-57,71,
77,48,
60,11,
-16,-13,
-44,-36,
-42,-18,
15,6,
47,22,
120,55,
92,26,
30,2,
-14,34,
-10,12,
24,37,
7,-25,
33,-28,
6,8,
15,53,
16,41,
14,38,
40,3,
21,51,
52,47,
61,75,
30,6,
16,15,
14,60,
38,-2,
-36,-15,
-1,70,
18,50,
-20,15,
3,5,
8,-20,
-23,17,
14,22,
15,-3,
37,-37,
17,-51,
26,-61,
43,-11,
-65,49,
-396,104,
-2117,288,
-6410,137,
-7985,-737,
-7125,-1906,
-1858,-1939,
918,-984,
931,95,
372,799,
641,1335,
1038,1802,
751,1598,
-40,468,
-576,-903,
-764,-1857,
-496,-1553,
-199,-499,
-114,301,
45,428,
70,75,
177,-101,
98,-387,
153,-557,
302,-481,
347,-31,
229,285,
-137,97,
-324,-225,
-45,-229,
247,19,
347,167,
264,84,
166,-86,
251,-176,
292,-120,
120,-121,
166,-190,
118,6,
89,120,
-17,189,
-71,13,
-71,-57,
24,-39,
0,89,
-77,21,
-150,-71,
-109,-40,
-99,30,
-96,83,
54,63,
144,109,
70,154,
9,150,
-57,128,
-8,-6,
40,-35,
171,1,
207,137,
200,176,
150,57,
-35,26,
-122,118,
-108,171,
-48,44,
-19,-7,
-13,-9,
92,-46,
107,65,
189,9,
94,-37,
85,-105,
62,-70,
155,44,
178,165,
159,142,
58,134,
-64,122,
18,147,
74,173,
139,111,
260,34,
312,-29,
220,-99,
99,-108,
87,-105,
186,-11,
134,-28,
33,46,
-38,97,
-29,74,
0,4,
82,11,
51,1,
85,0,
181,-13,
159,-48,
92,-55,
88,3,
111,30,
67,6,
35,-42,
70,-57,
65,-60,
76,-111,
92,-12,
39,58,
85,101,
75,81,
130,1,
172,-52,
155,-21,
82,67,
10,32,
-12,66,
93,17,
75,-7,
65,-58,
113,-32,
131,10,
119,51,
124,39,
88,26,
89,14,
83,-10,
75,-25,
70,-4,
82,18,
88,78,
48,40,
45,38,
99,37,
57,112,
89,67,
82,70,
-2,33,
37,-49,
35,-25,
44,14,
39,-36,
75,23,
80,-15,
52,17,
10,-35,
-30,-23,
23,-1,
76,-20,
11,65,
50,62,
22,33,
57,29,
10,20,
31,5,
40,-21,
57,-3,
40,-23,
18,-17,
33,29,
00>
_________________________________
00>
00>
Printing STS1 CIR
00>
00>
_________________________________
00>
26,38,
-6,19,
-3,10,
36,-1,
6,22,
-43,20,
-64,4,
-79,12,
-33,-16,
44,-3,
29,19,
22,-28,
19,13,
25,22,
-16,48,
-21,7,
5,-31,
-3,15,
-10,9,
-49,13,
-48,25,
-50,-31,
-23,-59,
-12,-4,
9,-25,
-10,-11,
-31,40,
-37,45,
-13,52,
37,20,
5,53,
-47,66,
-35,52,
11,5,
31,4,
17,36,
21,29,
49,-44,
58,-10,
48,1,
33,-20,
8,-3,
-38,38,
-18,30,
15,-20,
-42,-85,
-17,-36,
25,-3,
51,39,
13,29,
28,35,
10,-6,
-32,-2,
-38,-35,
-22,6,
-19,15,
-44,27,
-28,-16,
8,20,
-1,13,
60,46,
42,48,
14,11,
-6,-7,
50,-39,
2,12,
12,-58,
44,-35,
55,7,
43,4,
68,-40,
89,-43,
44,-16,
-12,-2,
5,13,
11,23,
29,42,
-61,6,
-25,-29,
-35,1,
-26,53,
19,22,
44,-16,
-1,-18,
-51,-63,
-8,-14,
95,72,
70,43,
-8,2,
-4,-37,
-27,9,
-34,40,
46,30,
68,12,
61,9,
-1,-18,
-30,3,
23,15,
29,40,
8,40,
54,3,
-19,47,
-60,-10,
-7,-7,
0,11,
22,-36,
-11,12,
1,-17,
19,36,
88,-1,
52,21,
75,-3,
59,-4,
29,-23,
0,32,
13,12,
25,-19,
37,-11,
48,-14,
-8,-22,
5,-19,
-15,36,
31,-21,
-11,-37,
37,-15,
74,-77,
12,35,
22,38,
70,-4,
33,-33,
-20,55,
0,5,
74,-30,
10,-28,
-22,-26,
-41,9,
-36,44,
4,-40,
25,-2,
-9,-2,
-9,44,
24,22,
30,-24,
63,-21,
21,13,
16,-9,
32,-33,
15,-49,
-1,-12,
65,42,
46,42,
43,19,
44,-25,
31,-36,
-1,-6,
40,15,
35,-12,
-12,1,
-54,3,
-16,61,
58,85,
75,28,
91,-20,
35,-12,
-91,20,
-68,-36,
-50,-38,
33,-1,
89,-24,
15,-6,
30,-21,
-16,2,
-9,-7,
17,-20,
-46,-15,
47,21,
66,13,
41,56,
-21,16,
58,12,
30,45,
32,41,
57,40,
70,-31,
22,13,
12,39,
45,34,
46,2,
22,-17,
13,8,
70,-43,
48,-33,
101,-27,
31,-4,
6,-28,
24,-36,
81,-4,
51,-14,
-2,-34,
-9,1,
-14,53,
11,-4,
40,-8,
23,-17,
56,-34,
71,12,
50,-10,
9,-3,
31,-15,
58,25,
100,-14,
34,-11,
-74,-46,
-90,-18,
-24,-31,
26,-22,
53,-36,
26,-45,
10,-3,
-9,-35,
18,-88,
78,-30,
47,-27,
14,11,
-51,29,
-22,14,
46,-14,
80,20,
58,16,
45,32,
37,23,
57,40,
19,22,
38,35,
-3,30,
-14,4,
-19,-6,
-42,13,
16,5,
-45,-3,
6,59,
6,54,
12,66,
1,20,
-7,-13,
-32,-14,
-41,-55,
20,-30,
45,22,
59,14,
68,4,
54,-40,
-4,-19,
59,-10,
25,19,
6,21,
0,6,
-15,-29,
-60,-2,
16,-25,
-22,-44,
9,16,
16,46,
8,1,
12,39,
11,-7,
58,-25,
-32,17,
35,20,
26,19,
26,-4,
44,-60,
28,10,
21,63,
31,52,
47,-3,
101,28,
73,30,
48,58,
32,-12,
87,8,
65,21,
21,4,
-10,-1,
15,-19,
36,-7,
14,-9,
60,-6,
20,-5,
-3,13,
2,8,
-2,55,
12,41,
38,-20,
12,49,
4,31,
-39,53,
-27,36,
44,27,
16,-20,
-6,2,
-27,-35,
-48,-34,
-40,31,
-18,6,
-10,-47,
-13,-37,
-46,-40,
-7,-6,
0,46,
31,24,
35,31,
-3,19,
10,11,
-20,18,
36,90,
-13,24,
-32,29,
-25,-79,
9,-64,
-4,1,
-3,48,
2,28,
-14,51,
-27,34,
-20,-46,
-19,-32,
47,-16,
19,-9,
61,27,
57,17,
-15,-21,
-7,-19,
3,33,
43,6,
66,21,
16,8,
89,-27,
57,-17,
68,-8,
12,4,
-36,-50,
2,5,
47,25,
48,6,
-51,-37,
50,-8,
65,-13,
76,-30,
99,-63,
73,-63,
6,3,
11,29,
11,54,
-3,90,
-286,563,
-1674,2410,
-3974,5627,
-4884,6390,
-4298,4858,
-1260,625,
770,-1477,
752,-1148,
485,-653,
1147,-1271,
2086,-2001,
2214,-1502,
1371,-202,
507,644,
390,923,
542,889,
543,500,
358,69,
108,-209,
45,-137,
117,-211,
68,-479,
63,-748,
-7,-625,
-157,-201,
-393,44,
-491,-20,
-294,-316,
-33,-508,
129,-470,
139,-297,
27,-75,
-81,58,
21,50,
141,-67,
119,-17,
191,-68,
127,100,
-34,231,
-62,167,
-28,39,
140,28,
253,149,
313,107,
201,-13,
26,-115,
-91,-89,
-86,-23,
-19,-3,
58,26,
66,59,
96,94,
73,157,
-14,106,
-71,-13,
-139,-25,
-57,13,
38,-41,
45,-84,
-71,-135,
-103,-77,
7,-20,
76,58,
121,75,
133,30,
89,-70,
71,-68,
90,-13,
51,-2,
30,-32,
81,-31,
45,17,
-32,48,
-66,40,
-68,46,
-55,141,
-123,114,
-144,65,
-8,74,
96,90,
195,66,
247,-53,
135,-65,
8,-28,
-35,-5,
-135,-11,
-122,-67,
13,-167,
60,-140,
97,-70,
32,-11,
10,15,
28,25,
-7,55,
-13,33,
20,-67,
44,-79,
41,-86,
9,27,
-16,-13,
-17,-35,
5,-32,
-70,-4,
-32,4,
-20,-36,
34,-37,
72,58,
51,-23,
25,-47,
33,18,
33,26,
-16,23,
-29,-12,
10,-32,
3,-23,
-89,-31,
-144,-54,
-72,-7,
36,22,
102,-45,
92,-64,
87,-99,
49,-87,
33,-13,
51,-31,
37,-63,
-7,-47,
-23,-6,
4,86,
43,43,
20,-29,
-14,6,
-7,6,
51,-55,
99,-68,
52,-73,
48,-60,
-20,3,
-28,14,
-3,-5,
39,-7,
79,20,
86,22,
61,46,
41,-19,
-4,-59,
29,-40,
46,14,
63,-29,
71,-54,
95,-29,
74,-64,
101,-58,
68,-30,
56,-61,
-8,25,
49,0,
00>
_________________________________
00>
_________________________________
Sequence Number: 121
00>
00>
Printing STS0 CIR
00>
00>
_________________________________
00>
63,-13,
38,33,
19,53,
-48,37,
-55,8,
43,-10,
90,-34,
32,-22,
23,17,
-36,-9,
-6,1,
-27,25,
-27,-3,
19,-7,
18,-8,
20,-30,
-19,6,
-42,-6,
3,24,
35,-51,
8,-36,
31,-31,
-40,6,
-9,52,
-25,26,
33,44,
59,63,
42,-15,
-10,-35,
20,51,
-14,95,
23,-16,
-19,30,
40,37,
20,49,
5,-8,
37,15,
5,4,
-11,61,
-37,15,
-2,74,
30,0,
37,-31,
-33,-52,
-35,25,
29,47,
48,-8,
49,-70,
-4,0,
31,41,
48,36,
0,25,
-28,11,
-27,-18,
70,-43,
62,-46,
36,29,
-23,3,
15,-1,
-12,75,
3,24,
18,9,
0,-40,
11,-11,
-11,-1,
-39,-29,
0,55,
-22,39,
-28,34,
33,-4,
25,-27,
15,38,
25,-35,
15,-58,
-44,20,
-9,41,
32,42,
-8,42,
3,-6,
-21,26,
1,-7,
-3,-37,
-36,-152,
-69,18,
-60,19,
-9,22,
16,20,
19,-59,
34,-36,
-25,-8,
-36,13,
-10,12,
-4,41,
10,11,
21,12,
-12,-16,
-8,17,
-24,53,
42,30,
49,45,
-9,18,
-46,-21,
11,35,
-26,32,
-11,61,
18,83,
39,39,
32,75,
22,-41,
13,31,
-23,-28,
27,8,
-24,-81,
-14,-96,
59,-8,
78,16,
79,-55,
35,-6,
-27,-6,
-23,-22,
9,-52,
40,-49,
-23,-12,
-70,70,
-3,-36,
31,-66,
13,-40,
49,1,
23,-19,
39,-3,
28,-31,
-44,41,
-17,2,
16,40,
-25,43,
-41,54,
19,64,
2,92,
-31,98,
40,37,
8,-9,
48,-28,
54,-17,
8,29,
-11,13,
34,-46,
19,-45,
-37,13,
-24,47,
13,71,
-53,-32,
-47,-24,
-74,-31,
-32,-12,
56,1,
6,-2,
-25,-40,
-24,-17,
-10,-16,
-44,-43,
1,-60,
49,-36,
36,-5,
27,45,
-26,36,
-46,54,
-13,-30,
-8,-52,
-71,-43,
-49,30,
-6,28,
33,-33,
6,1,
37,23,
29,18,
43,-33,
76,0,
-36,-2,
-20,11,
56,-23,
86,-17,
88,1,
32,-1,
13,7,
75,-61,
118,-2,
69,19,
50,3,
-9,13,
12,-58,
16,-7,
-1,45,
-24,17,
-37,-12,
-30,-78,
58,9,
50,20,
-15,-23,
-107,15,
-2,1,
53,-29,
41,-58,
18,31,
-45,75,
-33,40,
32,-35,
40,-20,
16,-9,
36,15,
-17,26,
-38,51,
38,-19,
12,-41,
-24,-26,
41,51,
27,-85,
2,11,
47,-22,
9,-16,
32,-88,
25,-92,
-22,7,
4,107,
10,32,
54,-35,
23,17,
43,9,
-39,-91,
-36,-15,
-71,-51,
-3,-83,
3,-13,
-24,-19,
33,4,
7,64,
8,19,
17,-22,
-41,21,
-13,-2,
1,3,
3,-79,
-16,36,
-10,34,
45,44,
-34,15,
-53,-28,
9,-59,
16,-8,
16,44,
-15,29,
-48,48,
-17,23,
-10,-29,
17,-1,
72,26,
-28,69,
-1,33,
10,-74,
18,-43,
16,-44,
39,-22,
2,-1,
18,43,
47,-19,
75,-39,
0,-11,
-61,43,
-58,21,
-40,66,
-3,15,
22,-21,
56,20,
20,6,
13,-30,
-6,-14,
-7,60,
-65,-6,
46,-23,
49,-25,
10,-7,
-16,-20,
55,-84,
37,8,
51,-47,
-4,-8,
-44,28,
-5,-22,
16,-22,
-2,57,
20,21,
74,54,
4,-1,
-31,-38,
-10,-28,
58,-64,
2,-43,
-13,-43,
-35,-80,
-47,-70,
55,23,
12,58,
21,13,
68,-32,
55,-31,
22,-9,
28,45,
4,46,
-24,61,
-18,3,
-12,-11,
-8,-23,
38,60,
14,28,
42,-8,
35,-19,
43,-18,
15,6,
-35,5,
6,-13,
-4,-31,
10,59,
20,108,
3,23,
-72,-10,
-42,-24,
-7,7,
13,33,
38,-10,
-28,-68,
-26,3,
-1,69,
-40,40,
15,-61,
69,20,
70,40,
-16,-6,
-30,-55,
45,-46,
55,19,
47,35,
-32,10,
-28,66,
17,42,
16,51,
-6,10,
1,-28,
12,-2,
3,-42,
60,-35,
55,-10,
13,38,
10,20,
8,10,
209,549,
800,2840,
1684,6717,
765,7807,
-1617,6660,
-2867,2475,
-1762,-447,
-245,-514,
253,699,
-159,1904,
-706,1775,
-635,477,
-398,-615,
-440,-903,
-586,-644,
-486,-471,
-293,-132,
-147,-10,
-139,-132,
64,-159,
84,-282,
125,-38,
236,332,
488,209,
565,-29,
429,-343,
116,-364,
11,-184,
182,9,
279,168,
109,163,
-4,103,
30,-45,
128,-135,
241,-161,
220,-109,
94,-139,
26,-306,
21,-381,
87,-389,
148,-246,
58,-213,
-35,-90,
-146,23,
-239,82,
-241,-41,
-111,-129,
24,-46,
26,33,
-66,-19,
-58,-206,
-107,-151,
-70,-263,
26,-240,
16,-307,
136,-262,
144,-148,
38,-50,
-31,-27,
-146,48,
-130,-44,
-48,-143,
32,-153,
112,-115,
85,-55,
-8,-57,
-42,-82,
-81,9,
-117,-2,
-79,-104,
-96,-198,
-62,-140,
-85,-1,
-100,68,
-104,-23,
42,-97,
98,-59,
71,-35,
4,62,
-89,168,
-31,161,
44,-89,
113,-129,
92,-10,
35,145,
-32,86,
-74,14,
51,-54,
28,-64,
-2,-93,
-50,-133,
16,-121,
27,-120,
81,-106,
78,-89,
42,2,
39,-47,
-6,-162,
7,-182,
5,-93,
66,-58,
105,-167,
-19,-87,
-18,-69,
44,-78,
31,-116,
-18,-58,
14,-60,
-12,-74,
-39,-97,
32,-147,
48,-133,
86,-144,
25,-116,
75,-56,
53,-42,
53,-56,
-2,-122,
56,-37,
42,-45,
3,-101,
52,2,
102,-5,
72,-8,
9,-37,
-14,-88,
-33,-97,
-52,-63,
8,-135,
52,-90,
-78,-3,
-118,0,
-53,-29,
109,-110,
109,-129,
47,-43,
49,-4,
11,-17,
-31,-57,
16,-50,
-13,50,
-90,-53,
-53,-95,
-45,-49,
18,-49,
18,-179,
11,-66,
-32,-21,
4,-24,
5,-55,
-9,-56,
54,-51,
9,-43,
43,35,
32,-44,
35,-31,
23,3,
97,38,
66,-6,
00>
_________________________________
00>
00>
Printing STS1 CIR
00>
00>
_________________________________
00>
-38,39,
14,19,
55,34,
22,16,
25,-35,
-26,-25,
12,-39,
-12,-14,
1,36,
-5,69,
18,39,
-25,4,
24,50,
11,9,
-49,16,
-97,12,
9,68,
10,39,
21,9,
-46,-13,
-32,11,
26,31,
-20,43,
19,56,
77,40,
92,3,
62,33,
47,-10,
-10,-7,
8,-12,
-21,-9,
-15,-59,
-13,-26,
0,-18,
-48,-24,
47,-8,
52,-36,
41,-10,
16,11,
-14,-23,
-48,-5,
-93,27,
-20,27,
-8,-37,
-11,-4,
14,13,
36,43,
24,44,
47,13,
-19,6,
-58,-31,
25,-48,
9,-4,
32,8,
16,13,
-83,53,
-46,100,
-39,93,
-29,41,
27,11,
26,-1,
36,18,
30,8,
17,-5,
13,28,
-6,36,
-2,-51,
-18,-20,
14,14,
17,46,
-34,10,
-10,7,
8,76,
7,12,
1,-32,
-29,21,
4,17,
23,15,
-15,-37,
28,-3,
73,35,
32,14,
27,-8,
-42,-27,
-1,25,
57,7,
30,2,
-11,-7,
-52,10,
-7,50,
37,10,
53,11,
24,11,
-53,27,
-15,5,
20,31,
-39,18,
-41,-9,
6,13,
-4,31,
17,52,
5,8,
11,-8,
33,18,
19,-18,
13,33,
-14,62,
21,41,
-9,47,
-2,34,
18,16,
-15,55,
10,61,
-25,20,
7,-5,
105,13,
123,18,
30,-3,
-62,-13,
-8,-23,
-5,-17,
56,-9,
7,24,
3,4,
26,-10,
17,-18,
-12,9,
-34,20,
-49,-28,
-23,40,
-32,-14,
72,-18,
27,-39,
-67,-8,
-72,8,
-23,-46,
37,-20,
30,-63,
-19,-29,
-43,38,
13,32,
39,23,
-73,-44,
-19,10,
6,-10,
60,6,
57,12,
27,0,
13,31,
10,6,
21,35,
9,-12,
43,-15,
-11,11,
-39,23,
-56,-17,
-8,-13,
-15,26,
-20,49,
17,22,
16,43,
-34,12,
-37,-3,
40,-2,
91,30,
102,-15,
45,41,
50,74,
10,36,
-28,-17,
-14,-58,
-47,-16,
-3,-2,
7,44,
11,-13,
36,-13,
96,-1,
95,35,
-26,33,
-52,18,
-2,13,
22,-21,
14,2,
7,47,
-51,-47,
-56,-50,
15,-10,
-55,55,
-55,37,
-48,28,
27,-7,
2,-5,
-25,-15,
-27,36,
-27,65,
39,15,
37,18,
-31,9,
-68,-16,
-58,-44,
-44,-38,
-45,-12,
6,-33,
0,44,
8,13,
13,16,
5,33,
-41,-21,
2,-54,
2,1,
30,41,
10,82,
6,107,
24,27,
14,-18,
-46,1,
-55,0,
-63,25,
-27,-23,
15,-43,
-47,9,
-63,6,
-47,39,
-26,20,
-7,20,
-38,52,
4,46,
13,37,
18,77,
-21,61,
-49,2,
-101,19,
0,-19,
48,48,
120,38,
36,1,
-30,26,
-21,32,
29,6,
-9,18,
-43,25,
16,53,
20,6,
-9,-5,
-38,-14,
-58,-54,
-30,-19,
6,-15,
30,18,
9,13,
37,-17,
28,9,
2,-6,
31,73,
68,53,
-13,26,
-32,-7,
-22,-36,
-21,-93,
-13,-74,
-9,-40,
45,-18,
22,4,
14,-34,
33,-28,
9,11,
-10,-1,
0,-18,
44,-26,
35,-10,
10,-21,
10,8,
15,52,
-50,34,
-36,30,
-23,28,
21,36,
33,61,
52,28,
-12,-6,
84,27,
2,20,
-35,15,
0,9,
-9,16,
62,34,
68,1,
20,-4,
-19,29,
5,-7,
-19,-15,
-76,123,
-72,63,
33,32,
10,-33,
-33,-77,
-31,-24,
23,41,
113,57,
86,9,
34,-4,
-29,-2,
-12,33,
78,41,
-8,6,
-6,27,
-31,31,
41,41,
11,9,
40,50,
14,-28,
-19,-50,
-52,-8,
22,27,
75,10,
52,-10,
-17,11,
-49,65,
-11,12,
-37,-39,
31,-19,
5,-9,
31,82,
-12,94,
-27,58,
-65,23,
-54,-32,
1,8,
52,22,
37,-16,
9,33,
1,14,
47,-33,
-15,-7,
8,32,
76,21,
20,41,
6,18,
21,20,
-2,-52,
-23,-8,
0,-21,
8,10,
-29,17,
-87,47,
-47,17,
-58,26,
-22,-60,
4,-36,
21,37,
9,22,
15,18,
141,9,
1051,239,
3698,1232,
6586,2817,
6616,3688,
3986,3280,
-98,1109,
-1266,-125,
-10,-599,
1884,-921,
3143,-824,
2830,-37,
1149,687,
-180,676,
-61,537,
616,478,
671,319,
157,58,
-223,-149,
-117,-67,
-24,54,
-16,138,
-241,119,
-512,22,
-701,-202,
-553,-202,
-208,-51,
83,124,
62,235,
36,131,
-4,69,
-117,-5,
-351,-94,
-430,-150,
-320,-145,
-41,40,
-37,135,
-147,45,
-188,-161,
-172,-205,
-85,-111,
-30,-14,
-116,48,
-187,86,
-235,77,
-203,-22,
-163,-129,
-109,-153,
-87,-95,
-161,-37,
-112,4,
-68,-27,
-36,7,
-85,-47,
-73,11,
-51,43,
-47,23,
-27,52,
-126,9,
-169,28,
-167,-33,
-128,-131,
-72,-113,
46,-46,
121,-22,
-1,21,
-3,0,
-34,3,
-20,65,
-83,46,
-72,11,
-204,-57,
-252,-77,
-317,-101,
-341,-127,
-237,-253,
-93,-259,
27,-161,
-12,-84,
-166,-89,
-325,-103,
-333,-84,
-211,34,
30,38,
28,8,
-8,-43,
-4,-97,
-26,-52,
-65,-2,
-30,52,
-131,33,
-94,-78,
-45,-95,
16,-107,
42,-75,
-10,-61,
-44,28,
-11,4,
-25,-19,
-39,-14,
-32,-52,
-12,-54,
-26,-2,
-91,21,
-85,-39,
-88,-76,
-111,-53,
-88,-54,
-92,-71,
-96,-112,
-9,-115,
-11,-44,
13,25,
-20,15,
-67,-15,
15,5,
-49,-47,
-152,-118,
-128,-142,
-85,-86,
-41,31,
-91,75,
-101,42,
-109,-12,
-110,-73,
-166,-38,
-132,9,
-119,47,
-112,22,
-95,-60,
-40,-83,
-55,-16,
-43,30,
-71,-9,
-81,35,
-94,13,
-15,-24,
4,-22,
93,-24,
10,-50,
-25,-25,
-22,21,
6,-9,
-29,-21,
-67,3,
-33,53,
-64,-11,
-54,1,
-48,17,
-35,-17,
-80,-9,
-14,-2,
-8,14,
-34,-19,
-104,-37,
-25,-75,
21,-20,
11,0,
-60,-53,
-106,-55,
00>
_________________________________
00>
RX Timestamp: 662279021755
00>
Clock Offset: -1212.501 Hz, 0.152 ppm
00>
RX Timestamp: 663349922868
00>
Clock Offset: -2703.953 Hz, 0.339 ppm
00>
_________________________________
Sequence Number: 254
00>
00>
Printing STS0 CIR
00>
00>
_________________________________
00>
-33,-62,
-46,23,
-55,22,
2,-8,
-22,11,
-51,26,
-41,-51,
-27,-13,
47,-16,
-21,47,
-50,-44,
-33,-33,
-21,17,
-27,92,
-40,80,
16,12,
11,1,
4,74,
79,16,
39,57,
13,93,
-16,71,
-12,16,
-9,15,
42,5,
29,30,
10,-17,
60,-12,
58,22,
-61,97,
-34,63,
-7,15,
-21,31,
36,49,
53,-89,
-20,-59,
32,-2,
52,1,
-68,1,
-70,15,
-16,-8,
19,-19,
-29,10,
-67,-14,
35,15,
41,-73,
-41,-20,
-85,63,
-53,63,
-15,-3,
-2,-69,
22,7,
-18,-18,
24,48,
-69,79,
-125,66,
-25,27,
48,18,
54,-10,
-30,68,
-37,-27,
2,-24,
-20,-82,
13,-56,
4,-53,
-53,42,
-63,39,
-28,51,
-4,83,
-25,81,
12,5,
59,17,
-20,41,
-3,-5,
4,-38,
-7,-62,
-15,-35,
27,28,
9,-41,
58,-55,
23,-24,
45,15,
0,-27,
11,-15,
1,-31,
52,-4,
-19,-2,
6,35,
3,16,
-13,-4,
-15,-67,
-4,-21,
8,18,
11,33,
-9,-46,
-14,2,
-52,37,
-37,44,
58,76,
15,70,
6,45,
-11,61,
-3,26,
32,13,
-30,-11,
-7,43,
-38,82,
31,52,
-8,56,
-56,103,
-45,93,
43,20,
12,-2,
-10,13,
-26,-78,
15,-2,
26,-24,
77,-85,
22,34,
50,-54,
-36,1,
-33,86,
-49,90,
-63,27,
-47,-9,
6,4,
-24,-18,
-1,-39,
15,-17,
-27,13,
30,7,
26,19,
20,41,
-15,52,
5,52,
17,-60,
-24,-36,
8,46,
31,47,
29,25,
44,79,
-4,28,
51,31,
-59,58,
-2,58,
1,39,
-11,3,
-53,18,
-13,42,
6,3,
21,26,
-36,66,
-14,69,
-22,-10,
24,-31,
72,26,
45,43,
24,17,
-31,58,
16,19,
-19,-25,
-8,-24,
-81,-29,
-54,-3,
3,1,
-28,5,
-8,5,
12,26,
-5,14,
-19,-28,
-24,27,
-28,36,
-22,131,
-51,93,
-62,-1,
10,14,
-42,33,
5,26,
37,30,
-4,21,
-25,-43,
-12,-79,
7,36,
-39,63,
11,-31,
-5,-11,
38,-15,
28,49,
46,-14,
21,15,
10,-40,
27,-62,
-25,-1,
-50,-3,
-25,18,
5,24,
18,42,
-40,-23,
-13,12,
-43,83,
16,64,
-40,-23,
-23,10,
6,68,
5,52,
12,-15,
-34,1,
24,-13,
6,13,
-4,7,
-17,13,
42,17,
27,0,
66,42,
20,23,
-7,37,
-1,65,
-58,-16,
-29,7,
16,44,
-12,92,
-5,56,
-22,20,
-34,-23,
-3,-27,
-26,46,
-16,54,
24,77,
25,69,
72,20,
17,38,
-27,7,
35,-30,
12,-5,
-39,36,
-18,52,
-13,61,
-11,20,
17,20,
16,25,
-1,27,
-4,-7,
47,57,
11,69,
-37,41,
-56,-19,
-3,-2,
-16,-18,
-26,10,
11,-19,
-16,-112,
-20,-9,
-42,21,
0,48,
24,-35,
-27,-2,
-89,27,
22,0,
-42,-15,
-39,-29,
-36,-51,
34,-38,
35,17,
28,75,
18,-16,
16,-45,
8,0,
-39,-6,
-26,17,
37,9,
87,4,
15,26,
26,2,
-31,-28,
-30,62,
80,143,
46,132,
22,48,
-10,39,
-7,-26,
51,5,
43,-5,
-8,18,
-25,-25,
20,-34,
65,8,
-40,73,
-19,80,
-29,-11,
-13,-20,
108,-18,
112,74,
111,68,
23,98,
71,3,
38,-29,
-49,-44,
-36,-33,
-32,-23,
3,29,
-10,45,
6,26,
28,1,
5,-24,
51,11,
16,48,
-31,8,
39,19,
66,-7,
-28,-33,
-11,-8,
-25,20,
31,22,
54,-37,
33,-19,
19,26,
13,41,
36,-8,
14,-45,
-6,-66,
7,13,
10,9,
23,-30,
21,20,
10,27,
9,28,
33,67,
69,19,
29,-21,
-25,-84,
24,-4,
2,73,
30,80,
-22,41,
-6,-36,
-30,8,
1,26,
33,52,
51,68,
67,137,
27,112,
34,96,
18,21,
-28,-3,
-58,33,
-26,45,
-12,-21,
54,-15,
16,-10,
15,52,
10,7,
-31,-8,
-108,8,
-704,681,
-3476,2709,
-6752,3976,
-7510,3223,
-6195,1322,
-985,-1081,
1214,-1377,
947,-194,
860,450,
1611,574,
1890,819,
999,720,
-339,117,
-1338,-660,
-1460,-1125,
-880,-716,
-235,22,
138,335,
216,192,
89,24,
152,-159,
-86,-463,
-87,-637,
253,-517,
444,-185,
253,95,
-294,115,
-285,-93,
53,-217,
376,-239,
345,-84,
248,-97,
211,-228,
279,-269,
123,-204,
-10,-206,
42,-151,
78,49,
121,197,
94,89,
-17,-39,
-58,-75,
-110,-16,
-125,48,
-150,27,
-159,54,
-151,129,
-128,120,
5,-55,
83,-86,
137,-7,
95,137,
95,172,
27,130,
-12,46,
85,-33,
175,-86,
311,-134,
299,-63,
123,9,
-7,98,
-81,186,
-15,139,
-20,2,
-40,-91,
-31,-98,
63,-20,
57,12,
62,-104,
40,-110,
72,-17,
96,-17,
197,-96,
265,13,
251,64,
66,174,
12,169,
19,151,
97,30,
217,-30,
282,-144,
289,-205,
42,-107,
9,-2,
106,-18,
192,-6,
102,-30,
54,-2,
-33,30,
45,-10,
101,-14,
110,-58,
91,-65,
133,-97,
162,-93,
176,-150,
133,-151,
222,-97,
30,-14,
-31,4,
-40,-54,
1,-98,
90,-83,
102,-41,
81,-25,
119,22,
167,-17,
116,-1,
134,-38,
43,-6,
27,50,
5,73,
63,10,
86,-37,
13,-44,
-11,-17,
73,15,
97,26,
98,9,
122,-22,
127,-67,
84,12,
70,-67,
60,-3,
46,46,
65,59,
46,87,
114,-47,
28,-63,
47,-66,
3,-36,
17,-6,
104,-66,
68,-86,
-40,-66,
-3,-38,
-2,64,
-35,90,
10,86,
58,36,
57,-30,
60,-115,
50,0,
112,-7,
13,12,
-59,20,
-1,46,
36,59,
122,38,
66,40,
72,47,
66,-53,
41,-34,
64,8,
73,31,
77,-40,
22,-35,
-4,-13,
22,-22,
00>
_________________________________
00>
00>
Printing STS1 CIR
00>
00>
_________________________________
00>
59,17,
-22,52,
-48,45,
-39,22,
14,-21,
37,-25,
36,-27,
52,-22,
90,-11,
12,18,
-16,46,
38,6,
60,5,
58,8,
71,-25,
31,-5,
-58,30,
-68,56,
-75,-28,
-78,31,
-31,5,
-19,-3,
-15,-27,
79,42,
75,4,
70,-22,
11,-26,
-22,-28,
-18,49,
-80,33,
-65,50,
-81,39,
-110,70,
-32,25,
20,-2,
11,-24,
2,0,
9,49,
-43,-5,
-15,58,
23,11,
33,43,
-1,19,
-45,23,
-82,-1,
-36,18,
9,21,
45,2,
40,-27,
-22,31,
-31,38,
25,40,
15,16,
12,-6,
54,-59,
-57,-5,
-7,49,
-22,66,
9,48,
-40,22,
-68,2,
9,71,
55,97,
14,75,
21,-2,
13,20,
31,55,
-10,-14,
-9,-13,
22,50,
44,0,
50,24,
-7,23,
1,-13,
-24,2,
-8,-36,
-4,-25,
13,7,
27,0,
36,23,
21,32,
70,29,
37,79,
5,-10,
-32,15,
-44,18,
-18,-40,
-22,-1,
-4,-23,
37,8,
-15,-23,
-72,8,
-31,2,
28,45,
64,41,
94,24,
13,54,
-39,23,
-49,-11,
-24,-10,
28,-5,
-2,3,
26,-13,
51,22,
-5,66,
13,2,
14,20,
87,-1,
136,13,
26,-18,
-1,-25,
-11,49,
22,54,
60,38,
-9,19,
-43,-11,
-63,48,
9,88,
20,42,
26,12,
22,34,
-30,46,
18,-35,
48,16,
16,57,
50,73,
-7,63,
-7,46,
34,58,
10,90,
62,76,
41,42,
35,61,
50,11,
-1,-30,
-30,-14,
-21,60,
-14,63,
-16,28,
-5,18,
-6,3,
28,77,
-55,47,
-64,63,
-10,-12,
29,-50,
68,-25,
34,9,
26,4,
16,34,
-4,3,
20,-65,
21,-31,
21,-14,
48,10,
60,-30,
-6,-3,
-75,34,
-73,10,
-45,-5,
-27,72,
12,68,
26,-37,
62,-42,
68,29,
-1,80,
-27,45,
0,40,
-3,49,
0,27,
1,39,
-34,-16,
-25,0,
8,2,
-37,41,
5,38,
-13,8,
33,5,
80,11,
90,-15,
46,5,
4,-43,
17,2,
4,46,
7,48,
-14,77,
8,44,
13,14,
-5,25,
-2,-15,
-14,-3,
-30,21,
-7,18,
11,61,
51,33,
26,33,
19,21,
65,61,
22,14,
18,30,
-6,39,
-66,33,
-54,14,
12,14,
57,17,
28,31,
62,20,
7,70,
-39,104,
-14,57,
67,-25,
57,-19,
73,15,
3,102,
-41,69,
-40,17,
-32,-31,
-22,-5,
-16,-31,
-26,-17,
-20,-22,
3,6,
-10,-40,
4,24,
19,34,
-4,36,
8,41,
-14,7,
30,21,
18,26,
39,74,
14,39,
12,6,
-19,-13,
-45,73,
-18,80,
43,53,
22,15,
-29,85,
-40,106,
18,23,
57,21,
11,2,
47,-31,
120,-24,
83,69,
37,77,
37,33,
24,19,
7,21,
-3,-13,
-37,-50,
14,24,
22,-30,
37,40,
21,41,
10,18,
21,25,
-22,26,
-19,18,
59,-13,
37,-16,
12,16,
-39,5,
-61,60,
-68,79,
2,-15,
66,-8,
66,33,
19,77,
20,-16,
59,-10,
36,29,
-22,33,
29,27,
10,13,
-73,39,
-63,-8,
10,-9,
20,-7,
-34,-4,
-72,41,
41,29,
93,2,
100,-37,
93,-68,
31,-15,
17,16,
-21,10,
-27,43,
-14,67,
7,38,
-41,-1,
-53,23,
30,-12,
65,-19,
92,27,
53,20,
67,-10,
98,-58,
56,-8,
-46,48,
-9,50,
10,31,
2,35,
7,64,
-26,47,
-33,52,
-23,12,
15,21,
-65,28,
-78,3,
-23,-13,
-4,30,
69,-8,
70,-27,
-5,-23,
60,-11,
50,15,
5,12,
-3,-25,
9,-45,
48,2,
71,-23,
41,-14,
16,43,
6,6,
-44,-22,
-35,-29,
-40,42,
9,32,
-5,-37,
12,-9,
17,-23,
47,-47,
6,-31,
-63,-12,
-33,18,
76,82,
128,7,
104,2,
85,9,
38,-14,
-13,63,
3,13,
42,7,
22,50,
7,98,
-52,21,
-5,-16,
59,-12,
36,13,
162,139,
793,969,
2086,3880,
3012,7166,
2591,7216,
906,4257,
-751,-162,
-1043,-1358,
-434,-689,
-385,-758,
-759,-1891,
-466,-2685,
483,-1762,
1089,-541,
1311,66,
1448,18,
1251,-160,
620,-245,
8,-288,
-150,-100,
-2,-96,
-188,-243,
-601,-195,
-919,-318,
-577,-122,
-311,226,
-289,454,
-460,297,
-568,4,
-495,-226,
-325,-320,
-178,-178,
-105,40,
29,76,
140,-44,
165,-172,
215,-223,
211,-298,
219,33,
225,232,
96,102,
12,-32,
156,-162,
332,-189,
238,-123,
21,-66,
-136,17,
-120,4,
-55,-33,
-50,7,
20,-23,
102,-41,
103,-15,
96,74,
-21,121,
-138,126,
-110,110,
-122,66,
-126,-5,
-152,-22,
-206,60,
-153,98,
-23,55,
95,9,
149,-14,
67,44,
-21,66,
-15,-19,
35,-60,
-4,-86,
32,-54,
75,-54,
127,-2,
135,-18,
76,19,
21,60,
-38,178,
-52,153,
8,42,
158,-14,
251,-106,
177,-101,
135,-130,
1,-66,
-116,7,
-157,66,
-148,28,
-68,29,
-65,-16,
-7,-21,
71,-62,
93,-98,
-10,-60,
12,-17,
-60,-44,
-71,-63,
-126,36,
-78,38,
-39,-11,
65,15,
43,-2,
-7,-75,
-72,-20,
-80,-11,
19,3,
-34,15,
16,-18,
47,-51,
66,-70,
99,-110,
57,-70,
23,-33,
-45,48,
-27,61,
21,-32,
90,-23,
81,30,
22,-47,
-27,-25,
-100,-5,
-67,57,
32,59,
-2,18,
-38,-12,
-105,-37,
-50,-8,
-20,-14,
4,0,
-1,1,
-43,16,
-40,-5,
-4,-39,
43,-27,
-53,-43,
-78,-15,
-89,-5,
14,-5,
31,-30,
-6,-27,
-67,-1,
-66,13,
17,34,
-18,26,
12,-55,
2,-63,
36,-61,
-1,-78,
9,-26,
24,7,
91,-30,
44,-21,
-24,-92,
-61,-73,
30,-40,
64,33,
41,-5,
-35,-15,
-20,-55,
5,-31,
-20,64,
00>
_________________________________
00>
_________________________________
Sequence Number: 1
00>
00>
Printing STS0 CIR
00>
00>
_________________________________
00>
-20,20,
-19,20,
10,-4,
66,-18,
69,-25,
59,-12,
27,25,
27,-23,
54,50,
63,81,
70,35,
-4,32,
-27,-9,
27,-30,
-37,-18,
63,15,
50,44,
41,2,
6,19,
-29,11,
36,-7,
58,24,
28,11,
1,-9,
-57,-4,
-13,29,
29,24,
-64,51,
-38,-8,
-46,50,
20,97,
63,68,
66,12,
84,1,
-2,22,
9,101,
-17,41,
10,-28,
-9,29,
-62,1,
-68,11,
-61,-33,
-72,-102,
-1,-56,
-69,7,
-112,29,
-84,-3,
-58,-39,
-54,-130,
31,-30,
-14,87,
-28,146,
-22,58,
-15,6,
-24,-5,
-61,24,
-60,-18,
-32,-101,
-1,-74,
-2,-18,
6,21,
-39,-46,
-50,-88,
-49,-55,
21,-55,
-1,-1,
-38,31,
-20,-20,
-9,17,
30,4,
25,41,
53,-38,
-35,11,
14,64,
-11,28,
-13,56,
40,43,
61,-22,
96,-25,
49,-23,
20,30,
-13,-15,
-13,-63,
16,-13,
60,-16,
38,-41,
31,-42,
22,-118,
5,-79,
2,-52,
-59,-72,
47,-25,
-11,7,
-10,25,
-14,-13,
19,37,
-24,-11,
38,-18,
53,-21,
50,-22,
-21,-59,
18,-60,
-26,6,
-2,18,
-14,-29,
-26,-10,
-23,55,
-37,79,
-23,57,
-14,1,
-37,-67,
-65,-5,
-71,33,
-3,50,
55,27,
16,10,
-50,-1,
-30,29,
-24,29,
45,-13,
48,30,
2,64,
-26,71,
-27,19,
7,29,
1,-17,
3,27,
7,66,
-2,32,
35,-69,
-20,17,
-8,-7,
-76,-62,
-30,-33,
1,64,
-13,82,
-20,43,
-44,-47,
-49,-66,
13,11,
-45,80,
19,-4,
-2,18,
6,34,
46,48,
11,-14,
-18,-11,
22,-18,
61,3,
18,-6,
39,-21,
6,-49,
89,-73,
37,-48,
8,19,
-32,77,
-36,50,
29,16,
-26,42,
-31,50,
-41,75,
-51,40,
43,-10,
9,41,
32,12,
29,21,
17,35,
29,-29,
66,17,
25,2,
40,3,
-10,-9,
-55,75,
-6,52,
6,18,
-8,-4,
-15,3,
-1,-2,
-69,16,
-51,42,
-15,48,
-14,78,
10,25,
-8,-2,
-41,-1,
-15,43,
-14,-30,
64,14,
82,122,
52,72,
-19,60,
-5,9,
21,18,
27,-11,
-37,21,
-75,27,
-31,0,
7,60,
-24,10,
-50,72,
15,119,
68,158,
-6,97,
-5,40,
-63,50,
-76,45,
-52,84,
-16,53,
-12,81,
-14,57,
2,32,
-30,49,
31,73,
75,-1,
3,-9,
-11,-38,
-20,-55,
-40,-44,
-34,-11,
-34,63,
-75,27,
33,-8,
-24,51,
-32,3,
7,-8,
70,-22,
-13,-43,
-5,29,
-13,-5,
7,59,
8,81,
-8,51,
-21,17,
22,-2,
19,-36,
-42,-67,
-11,-7,
-14,12,
38,9,
6,11,
-62,1,
-94,-35,
-31,-64,
12,-7,
1,38,
14,3,
90,33,
13,-12,
-29,6,
-38,-29,
-44,-20,
-44,77,
2,73,
-17,28,
17,55,
0,2,
-41,-18,
-74,-11,
5,41,
25,31,
-8,32,
25,63,
59,38,
32,51,
30,-32,
-30,-90,
-16,-76,
36,-59,
26,-27,
62,14,
16,18,
-17,-76,
-44,-39,
-1,63,
-10,-26,
-1,-25,
-5,-13,
31,51,
31,8,
5,-13,
-9,15,
-4,21,
-2,16,
-20,33,
58,-15,
3,-50,
-15,-26,
-57,0,
-24,-10,
8,-78,
-5,21,
-5,40,
-31,107,
-42,34,
3,16,
20,-40,
-73,-33,
-33,45,
-11,71,
34,28,
-4,39,
-10,117,
-14,83,
18,26,
44,-17,
48,65,
63,2,
-1,13,
-15,-4,
36,-55,
41,-71,
39,-35,
29,31,
-38,10,
-43,44,
-22,23,
31,-42,
-28,-14,
8,33,
-10,-10,
-13,4,
18,-9,
25,-6,
4,6,
-6,-3,
-37,-18,
24,38,
-14,24,
-18,28,
11,12,
48,105,
-20,55,
-103,65,
-9,-26,
-55,-13,
38,-4,
14,22,
21,25,
47,-43,
26,-65,
31,16,
41,20,
12,64,
2,-16,
-86,-4,
-15,9,
-35,37,
-16,29,
22,113,
23,164,
25,61,
43,-5,
2,-12,
98,-5,
35,54,
31,32,
-6,8,
25,-66,
134,-178,
894,-1228,
3377,-3663,
6028,-4846,
6926,-3367,
5124,103,
1276,2449,
-349,1665,
-59,-105,
989,-1000,
1639,-642,
1089,176,
65,747,
-553,999,
-515,1078,
-355,1099,
-169,736,
18,338,
-10,133,
-128,112,
-221,34,
-252,58,
6,-205,
144,-490,
37,-806,
-249,-614,
-408,-228,
-276,45,
-71,-84,
68,-263,
118,-355,
130,-238,
41,-56,
-77,-22,
-197,-123,
-166,-86,
-107,-18,
-239,247,
-304,233,
-306,95,
-295,42,
-152,-10,
-101,81,
-27,184,
43,269,
28,367,
-67,231,
-142,87,
-18,-105,
-21,98,
-109,215,
-107,143,
-162,186,
-340,238,
-279,144,
-185,-25,
-157,-105,
-88,-135,
-106,12,
-28,112,
64,163,
-12,179,
-88,79,
-79,41,
-46,20,
-27,21,
-33,61,
19,35,
5,150,
-78,209,
-150,191,
-89,189,
-29,155,
76,176,
98,219,
19,110,
-98,-10,
-83,-57,
-21,-4,
122,-41,
142,-79,
61,-12,
-198,-120,
-192,-187,
-117,-112,
-41,-74,
33,-15,
26,-48,
-91,7,
-70,41,
-49,102,
-115,71,
-146,56,
-141,-11,
-92,-24,
-42,-56,
-109,-25,
-160,37,
-205,84,
-90,-1,
-123,-64,
-104,-16,
-128,-19,
-71,29,
-53,61,
-113,3,
-68,-16,
-5,-35,
-31,43,
-23,114,
-33,128,
-54,51,
-69,46,
-95,66,
-109,26,
-83,17,
-19,47,
-77,49,
-51,25,
-82,43,
-57,53,
-87,11,
-34,-52,
53,-10,
7,-23,
-31,43,
-23,20,
-76,-39,
-28,1,
-73,6,
-43,106,
4,60,
-62,88,
-73,115,
-103,44,
-74,-45,
-79,-117,
-89,-56,
-104,32,
-80,58,
-7,89,
26,89,
-31,0,
-60,9,
-88,3,
-94,78,
-85,84,
-17,-20,
-68,-71,
-45,46,
-11,71,
-32,-44,
-41,-9,
-29,-39,
00>
_________________________________
00>
00>
Printing STS1 CIR
00>
00>
_________________________________
00>
14,23,
34,37,
5,87,
-18,66,
-24,-15,
-41,16,
-33,63,
-6,76,
40,30,
20,8,
-3,11,
-26,55,
-9,23,
6,66,
-22,71,
-19,16,
-25,3,
8,30,
20,-4,
17,13,
39,-13,
-1,-20,
-27,6,
-24,23,
42,-82,
-3,-1,
-2,-21,
-60,82,
5,75,
64,-7,
20,-7,
-1,5,
15,-16,
4,-17,
-11,24,
60,27,
76,48,
-10,17,
-91,44,
-71,18,
-2,41,
-37,95,
-49,62,
-20,-37,
-34,-24,
-2,-7,
-8,77,
40,101,
11,125,
-2,19,
20,-15,
25,-40,
29,65,
70,69,
81,43,
40,-17,
10,-71,
53,-76,
16,-48,
27,18,
41,69,
2,16,
5,8,
72,-14,
105,-20,
21,35,
-19,13,
3,54,
-35,40,
-9,8,
4,19,
-24,2,
7,-18,
38,-84,
42,-33,
-52,-6,
-4,87,
26,20,
30,20,
12,17,
-9,83,
-36,98,
14,22,
3,-18,
79,-24,
55,-16,
30,17,
14,11,
-20,-15,
53,-29,
-22,-15,
0,11,
55,73,
27,39,
-29,-3,
-57,-4,
-47,15,
28,19,
41,23,
-14,-12,
-35,-71,
-21,-36,
-57,44,
0,-9,
-8,-78,
-45,-25,
-44,-20,
8,9,
-26,36,
-88,-9,
-57,-40,
33,19,
56,19,
24,5,
-4,-11,
-13,-60,
-2,-34,
-14,-27,
-14,-6,
5,3,
-35,6,
10,-21,
24,-19,
1,-16,
26,-14,
50,3,
39,10,
-6,-35,
62,-67,
58,38,
-5,53,
-31,40,
-1,-59,
-19,9,
3,-30,
-55,35,
-96,55,
-55,22,
-60,28,
-1,-11,
-13,70,
-38,19,
-32,24,
-58,40,
-7,109,
13,20,
3,-3,
34,22,
29,24,
-13,-6,
-10,-56,
-9,-12,
-19,-27,
-61,-56,
-33,-47,
-1,-30,
-5,0,
-7,-24,
-41,1,
-11,64,
-30,7,
2,47,
86,7,
47,-35,
-36,-25,
-35,-35,
4,42,
-27,50,
7,10,
43,-1,
8,23,
4,70,
37,23,
45,-48,
5,-47,
6,-25,
-17,13,
22,20,
10,17,
-9,7,
11,-2,
31,40,
-36,-12,
10,-7,
22,49,
-10,49,
34,27,
49,-60,
7,-24,
15,-20,
46,30,
45,48,
20,30,
0,-39,
13,-36,
-27,26,
14,32,
-3,-17,
-5,-40,
25,22,
-10,75,
-36,22,
-66,-14,
-33,-8,
16,-11,
31,23,
-26,45,
-32,21,
-46,2,
-29,82,
-18,96,
-21,3,
2,-15,
-9,-9,
-21,-7,
-46,92,
3,24,
15,-18,
23,-29,
19,24,
-19,44,
-105,68,
-33,33,
36,-41,
65,-51,
13,26,
32,42,
-4,11,
27,8,
62,-26,
40,-19,
-28,-20,
-44,-6,
-50,6,
-52,95,
-46,89,
-66,61,
10,-3,
-32,9,
-47,8,
-30,-28,
-25,-8,
10,54,
3,23,
41,21,
23,42,
-33,-16,
-31,18,
4,-4,
8,10,
2,-17,
-1,-21,
82,1,
58,27,
-3,54,
-20,51,
-24,24,
23,-27,
72,-30,
29,14,
-22,23,
6,-31,
44,-19,
-18,-9,
-26,35,
30,-25,
-9,18,
-7,-12,
20,36,
33,23,
24,35,
-20,33,
-19,52,
-13,97,
-10,33,
13,-1,
20,35,
24,8,
12,48,
0,-26,
7,-43,
16,-48,
57,-10,
63,0,
23,-17,
-14,-12,
-11,33,
34,23,
21,24,
-22,5,
-40,-5,
-16,-22,
69,-27,
80,-39,
61,12,
-18,59,
-17,114,
57,54,
63,14,
20,23,
-39,-45,
-65,-39,
17,7,
74,35,
1,28,
-19,-26,
-21,-5,
43,36,
12,-1,
-18,-26,
10,8,
3,28,
77,37,
78,43,
84,48,
101,-24,
5,-30,
0,-10,
-20,58,
17,71,
2,36,
13,5,
57,1,
64,6,
34,26,
14,11,
-2,2,
-4,31,
-65,18,
-33,8,
-16,48,
34,49,
49,61,
25,23,
28,-12,
18,-47,
-9,-47,
31,8,
-13,-33,
55,1,
61,-12,
23,14,
-37,13,
-57,13,
-73,-23,
45,-56,
8,-15,
1,-10,
-3,32,
-40,18,
-12,-3,
3,14,
-26,-9,
-72,38,
-56,29,
16,34,
22,54,
-5,45,
-247,-152,
-1188,-1109,
-3218,-3808,
-4269,-6141,
-3085,-6065,
-178,-2963,
1220,-144,
573,732,
-1244,601,
-2926,291,
-3118,-343,
-1526,-924,
214,-843,
717,-565,
213,-532,
-239,-603,
-169,-384,
42,-5,
205,176,
41,33,
-5,-31,
113,-60,
444,-29,
503,177,
460,369,
248,404,
52,106,
46,-151,
65,-174,
32,-110,
61,5,
183,168,
242,328,
139,335,
58,264,
-7,37,
72,16,
137,189,
29,265,
35,248,
-40,117,
52,43,
205,15,
256,36,
175,32,
84,107,
-11,170,
-16,200,
58,141,
87,86,
45,123,
17,112,
65,96,
70,49,
57,-12,
55,-56,
63,-34,
151,42,
162,14,
167,45,
123,74,
27,128,
-75,95,
-58,-8,
-25,48,
34,30,
54,95,
69,54,
85,47,
199,67,
180,51,
121,129,
116,240,
137,228,
53,314,
-60,328,
-97,239,
-6,126,
114,22,
186,68,
273,163,
283,151,
153,100,
6,0,
-13,-23,
-7,41,
4,55,
71,-21,
69,-67,
116,-49,
112,36,
128,85,
110,114,
19,65,
-13,31,
15,43,
100,52,
102,116,
130,119,
81,96,
7,81,
-43,115,
32,63,
47,48,
100,117,
91,122,
45,116,
-12,80,
11,119,
41,94,
37,103,
75,78,
75,36,
42,27,
75,82,
109,66,
156,68,
85,176,
38,115,
35,91,
67,7,
116,29,
44,37,
29,46,
56,54,
31,111,
17,76,
25,46,
43,55,
55,102,
46,124,
43,59,
45,61,
84,78,
127,56,
143,-9,
120,-14,
-22,57,
-40,83,
34,68,
99,59,
52,96,
-5,74,
8,41,
10,101,
-16,73,
65,60,
-3,5,
16,-22,
53,50,
72,41,
15,66,
-28,32,
-21,53,
00>
_________________________________
00>
RX Timestamp: 802225587702
00>
Clock Offset: -2443.600 Hz, 0.306 ppm
00>
RX Timestamp: 803296463719
00>
Clock Offset: -2748.585 Hz, 0.344 ppm
00>
_________________________________
Sequence Number: 134
00>
00>
Printing STS0 CIR
00>
00>
_________________________________
00>
57,12,
19,-6,
-31,18,
18,6,
19,-24,
57,-36,
-15,17,
-50,18,
-4,56,
13,48,
-44,-59,
-4,35,
30,57,
53,58,
-5,-16,
37,-17,
18,39,
83,75,
8,95,
16,66,
12,53,
78,-27,
32,-10,
37,14,
45,12,
19,17,
-7,1,
-15,-7,
8,37,
7,42,
59,22,
35,-18,
43,46,
13,31,
-34,27,
-93,-22,
-47,-17,
-24,14,
11,34,
49,-25,
8,38,
25,31,
-52,10,
34,-39,
43,12,
-22,71,
23,11,
36,-1,
38,6,
12,72,
33,62,
86,14,
60,-37,
-13,21,
-37,73,
1,21,
66,42,
21,40,
51,43,
10,18,
-10,4,
-8,5,
1,58,
21,17,
26,64,
22,29,
9,1,
23,27,
48,79,
14,21,
37,-16,
-18,-68,
38,11,
67,34,
122,-3,
16,63,
30,-8,
10,31,
23,19,
15,113,
-1,0,
-6,-54,
17,-2,
35,35,
31,53,
13,-2,
-30,-20,
-4,-60,
-4,-11,
52,61,
61,146,
-23,32,
-26,-14,
20,21,
70,20,
55,-10,
-31,44,
-8,20,
-46,-47,
25,-20,
63,26,
31,31,
68,46,
83,14,
44,36,
2,22,
10,-59,
-28,22,
4,20,
42,4,
39,15,
5,58,
-44,-17,
-49,-21,
-9,-5,
2,13,
13,-10,
23,15,
-15,-36,
-33,-31,
27,-45,
33,-112,
7,-48,
5,11,
21,25,
49,43,
-6,73,
19,40,
-7,41,
65,-11,
-8,-25,
-29,-4,
5,29,
13,-2,
102,-2,
136,-9,
71,31,
24,48,
37,47,
20,-9,
44,5,
65,43,
9,12,
-26,17,
-17,-13,
-13,61,
21,24,
64,14,
22,92,
-15,134,
17,44,
43,17,
-42,19,
-50,42,
-35,107,
-41,62,
44,12,
39,-48,
45,-30,
3,50,
-57,-3,
4,-20,
9,-34,
-21,6,
38,32,
56,16,
40,66,
16,-7,
15,-2,
-16,-5,
7,-51,
18,-24,
47,11,
-6,-9,
-31,-7,
27,15,
44,21,
-9,-67,
60,6,
54,-47,
-8,-29,
-2,23,
-13,53,
4,70,
-8,30,
42,9,
103,1,
6,1,
6,37,
33,54,
54,19,
20,56,
13,40,
-2,27,
35,-1,
44,-32,
66,-6,
-17,-17,
-12,26,
-21,100,
15,97,
48,120,
13,104,
-9,10,
18,26,
60,92,
-2,79,
34,31,
-24,-75,
-14,25,
47,14,
-25,19,
33,15,
79,4,
39,-9,
18,-51,
-50,-36,
3,-20,
46,4,
5,39,
42,-6,
-11,-2,
-18,28,
31,62,
1,19,
44,-33,
28,-25,
78,20,
63,-17,
28,-38,
-12,1,
-26,-23,
-19,38,
13,25,
9,23,
51,11,
42,-56,
23,-8,
15,56,
15,-23,
-1,18,
-45,-19,
-4,-29,
37,33,
12,-32,
18,-23,
-6,7,
13,6,
-6,26,
30,-51,
49,-31,
28,-51,
33,42,
6,5,
-24,-45,
-52,-55,
-45,-69,
43,-65,
15,8,
-8,14,
42,13,
-14,-40,
-31,-23,
38,-57,
30,-13,
20,-40,
-54,4,
40,27,
83,51,
23,3,
55,20,
-32,56,
-70,-25,
-20,-51,
9,-30,
49,-43,
50,-35,
22,-19,
15,-25,
-36,-16,
81,53,
50,42,
74,25,
23,25,
46,-22,
25,-54,
44,-27,
27,-2,
-18,-88,
-3,-23,
36,14,
48,6,
-9,-15,
-71,-27,
-2,-9,
-16,6,
-12,-9,
-36,-27,
26,-33,
19,-32,
33,5,
35,52,
89,26,
0,32,
40,-58,
4,-36,
-71,-38,
12,-25,
-53,0,
-62,13,
24,-29,
21,-115,
27,-90,
0,-55,
52,-16,
55,-10,
5,30,
-13,-14,
-2,7,
-24,17,
-30,16,
34,86,
26,38,
32,-34,
-7,-97,
23,-35,
5,-49,
21,-76,
42,-80,
40,-78,
14,-7,
-11,2,
1,-12,
72,41,
58,40,
2,64,
20,40,
3,40,
-13,2,
23,15,
25,81,
14,69,
28,-32,
32,-39,
1,-77,
15,2,
-39,38,
-28,25,
-48,15,
-35,-9,
46,-46,
88,-44,
-18,68,
12,53,
8,-45,
20,-60,
-36,4,
-121,156,
-933,536,
-4077,1780,
-7582,1983,
-7850,992,
-5242,-678,
-310,-1397,
1104,-723,
686,275,
725,868,
1308,1211,
1343,1359,
502,906,
-396,-112,
-1053,-1264,
-979,-1629,
-533,-917,
-155,43,
109,470,
147,182,
150,-108,
344,-368,
40,-565,
102,-682,
318,-361,
435,31,
172,79,
-258,-72,
-177,-167,
100,-176,
380,-95,
364,13,
209,-57,
230,-119,
378,-286,
121,-183,
23,-228,
125,-169,
109,72,
61,149,
24,-23,
9,-141,
-32,-125,
-32,-65,
-92,-5,
-118,56,
-148,67,
-93,81,
-107,10,
0,-83,
162,-125,
144,-13,
104,109,
29,206,
-11,122,
19,56,
101,9,
138,49,
213,121,
144,107,
58,22,
-58,50,
-109,124,
-108,151,
-8,86,
33,-18,
109,-53,
102,-7,
105,-72,
133,-86,
68,-64,
97,-13,
127,17,
83,45,
205,38,
158,110,
11,116,
-4,93,
3,105,
88,69,
164,-16,
284,-117,
356,-172,
168,20,
96,-13,
153,-74,
131,-73,
126,-10,
86,83,
27,78,
40,-13,
106,-28,
116,18,
72,4,
99,-43,
154,-65,
148,-70,
103,-9,
68,-78,
7,-71,
11,-24,
83,-60,
36,-62,
82,-84,
67,-21,
90,35,
129,-27,
115,4,
148,-26,
155,-68,
124,-54,
62,8,
43,60,
121,-39,
139,-29,
80,7,
44,12,
54,77,
133,33,
123,-35,
94,0,
102,0,
126,-14,
100,-39,
28,-57,
49,-6,
74,-32,
-9,-9,
24,15,
10,-32,
55,-79,
0,-48,
-4,-51,
37,-95,
-9,-71,
10,30,
3,-22,
-22,-33,
-45,14,
16,-6,
63,-33,
82,-22,
40,-35,
5,-57,
21,-41,
43,-70,
-35,-60,
45,-4,
43,-12,
107,-34,
101,-31,
99,-7,
79,27,
40,14,
39,3,
00>
_________________________________
00>
00>
Printing STS1 CIR
00>
00>
_________________________________
00>
-33,-22,
-51,-45,
49,2,
44,-2,
26,28,
-28,15,
-8,-50,
0,-45,
63,-46,
44,24,
-3,40,
-27,6,
17,-46,
32,-73,
54,-1,
-4,89,
-65,33,
-29,-12,
-18,-38,
-42,-40,
27,-62,
73,14,
79,-30,
-22,-32,
-51,-52,
-30,-7,
-94,-6,
10,43,
53,14,
41,17,
10,9,
47,23,
65,-18,
57,6,
50,-15,
-33,-17,
-28,50,
33,-13,
-1,-11,
-13,59,
-12,3,
8,2,
55,50,
14,57,
25,74,
8,24,
68,0,
65,-42,
35,-28,
14,11,
47,29,
14,-1,
16,-16,
55,-51,
64,8,
102,-9,
30,-8,
-12,41,
76,66,
18,22,
-35,-31,
0,-44,
33,-14,
-20,48,
-17,22,
-49,-11,
-37,-25,
-43,-23,
-85,-61,
-45,-21,
35,-2,
67,10,
121,39,
25,16,
-32,32,
-35,36,
-26,-4,
20,-12,
-2,59,
2,1,
31,16,
41,-9,
36,-80,
51,11,
42,-28,
-2,-29,
-10,-10,
48,-31,
58,5,
24,-9,
-15,-27,
-35,-37,
28,-17,
9,40,
17,10,
43,0,
61,-26,
35,-52,
-11,-35,
-12,18,
-38,7,
-25,8,
-39,-16,
-28,2,
-36,9,
-9,-20,
74,-30,
13,-72,
8,0,
-6,61,
-38,46,
21,-3,
22,4,
15,-10,
-23,42,
20,51,
16,52,
26,-1,
19,-31,
-32,22,
-59,25,
-103,8,
-2,-40,
-3,-51,
32,36,
11,34,
-28,22,
-35,-1,
-62,51,
-40,69,
30,94,
22,16,
-14,-7,
6,10,
-38,23,
53,20,
48,7,
71,26,
101,-23,
61,44,
42,21,
42,-5,
2,-12,
-56,6,
-34,6,
-17,-26,
10,-32,
-1,4,
-23,-10,
-12,5,
-13,-6,
8,33,
-17,29,
-35,54,
-36,70,
14,44,
35,6,
14,-24,
15,-7,
58,33,
13,30,
-7,12,
21,13,
-3,46,
22,72,
30,74,
21,38,
-34,18,
-24,14,
10,29,
16,-45,
56,-15,
28,6,
25,21,
16,35,
21,12,
29,-6,
69,5,
89,2,
1,12,
28,4,
70,52,
55,41,
10,32,
-20,12,
-40,5,
10,-27,
6,-21,
33,-18,
23,-50,
27,-12,
42,15,
34,25,
16,7,
-59,8,
-8,-8,
22,10,
4,8,
10,-2,
-23,52,
-1,10,
-49,11,
20,7,
-7,20,
80,24,
35,40,
-37,23,
-42,37,
11,35,
1,84,
17,50,
13,-7,
6,-121,
3,-33,
41,13,
62,70,
-24,30,
62,42,
19,7,
7,28,
-2,-4,
30,-46,
36,0,
1,7,
-2,16,
-40,11,
-19,-21,
12,3,
12,68,
-2,44,
59,13,
116,-6,
65,-58,
29,-33,
-16,-38,
7,-53,
22,-31,
33,-3,
-7,73,
-51,49,
18,-15,
7,17,
12,69,
32,113,
36,6,
87,3,
45,-43,
-38,9,
-40,7,
-64,21,
-31,14,
22,-35,
77,-12,
59,-40,
19,-67,
-36,-4,
-19,18,
36,21,
-47,-35,
-37,-1,
-24,43,
35,28,
71,-32,
90,29,
66,17,
61,-41,
-2,-50,
21,1,
91,-56,
73,-75,
21,20,
-36,6,
-30,32,
-10,2,
-23,-25,
7,-29,
64,-3,
26,32,
66,11,
69,32,
-6,-28,
-16,3,
-42,-19,
9,11,
37,22,
-11,19,
20,16,
13,2,
-18,-7,
1,-2,
-6,37,
11,17,
46,-14,
28,-19,
13,25,
-38,-23,
18,-23,
33,8,
37,30,
42,61,
38,41,
-2,-30,
-4,0,
52,37,
61,50,
23,39,
-14,-6,
-23,-8,
-4,-42,
30,-23,
8,63,
3,-7,
31,1,
36,35,
54,33,
-21,-27,
-22,-93,
36,-40,
7,20,
22,5,
30,92,
20,79,
45,49,
16,53,
57,-43,
88,-54,
40,-37,
36,-20,
0,-23,
33,-2,
9,35,
-8,-31,
10,-6,
33,-7,
81,-44,
76,14,
52,6,
19,41,
-13,27,
-9,89,
10,33,
16,-4,
15,3,
42,20,
101,-21,
111,17,
94,7,
-3,7,
-38,16,
-78,10,
-66,44,
-40,-2,
-16,-27,
-14,-17,
-41,17,
-34,12,
-6,58,
89,174,
311,1363,
663,4869,
812,7582,
281,7265,
-559,3958,
-517,-533,
-307,-1613,
-33,-813,
-13,-953,
64,-2259,
461,-2827,
909,-1676,
1015,-202,
1057,415,
1072,420,
897,154,
545,-87,
163,-302,
-16,-158,
15,-169,
-132,-422,
-420,-444,
-553,-560,
-353,-283,
-284,137,
-364,360,
-467,151,
-440,-203,
-367,-409,
-237,-366,
-90,-181,
10,1,
70,78,
143,-37,
159,-148,
183,-179,
228,-311,
143,97,
64,283,
1,178,
82,15,
210,-64,
314,-120,
240,-125,
71,-47,
-76,4,
-116,50,
-48,-50,
-39,-71,
-43,-62,
40,7,
65,59,
53,102,
-49,44,
-116,86,
-140,110,
-112,29,
-95,-52,
-110,-55,
-183,5,
-175,39,
-49,71,
74,34,
77,12,
52,33,
56,-17,
84,-70,
81,-56,
101,-143,
51,-63,
105,18,
70,32,
63,71,
40,30,
26,79,
-35,162,
-65,136,
28,18,
110,-37,
202,-77,
167,-81,
27,-132,
-99,-60,
-120,-12,
-82,70,
-72,47,
-48,-56,
-85,-60,
45,-84,
108,-71,
97,-52,
23,7,
-15,-11,
-34,2,
-52,-8,
-65,24,
-45,0,
-23,38,
-25,11,
2,20,
-13,-9,
-22,-84,
-17,-92,
21,-16,
4,-29,
11,-40,
31,-78,
6,-83,
23,-74,
50,-57,
62,7,
32,54,
-41,15,
-66,-48,
-42,-3,
-55,24,
-64,-21,
-20,-14,
1,-19,
41,-73,
30,-71,
5,-34,
-14,-49,
66,11,
64,4,
29,-59,
-5,-18,
0,-33,
45,27,
14,23,
-16,12,
-60,27,
-28,-8,
-8,-27,
5,-9,
22,-16,
40,8,
8,11,
47,-66,
24,-22,
11,25,
26,18,
72,-1,
33,-42,
17,-75,
31,-68,
22,-52,
33,-17,
44,-96,
37,-33,
41,-13,
-4,-14,
12,-41,
8,-13,
00>
_________________________________
00>
_________________________________
Sequence Number: 137
00>
00>
Printing STS0 CIR
00>
00>
_________________________________
00>
-19,-41,
-26,21,
5,53,
28,30,
80,47,
57,1,
10,54,
-12,80,
28,15,
41,-71,
-9,-43,
-45,78,
-21,63,
19,41,
27,44,
6,3,
5,10,
22,59,
48,-26,
33,-11,
32,-10,
10,-4,
-26,38,
9,24,
69,77,
38,35,
11,-5,
12,-34,
-10,-30,
38,-30,
-2,7,
9,24,
-9,11,
46,-28,
36,-14,
53,21,
40,23,
63,3,
14,48,
24,-11,
132,-1,
67,-30,
4,-11,
6,-22,
72,-62,
-25,43,
4,76,
9,62,
-83,48,
17,14,
15,8,
-14,22,
30,-57,
1,-51,
11,-21,
22,-32,
15,-2,
44,-14,
22,-53,
57,-52,
38,-71,
24,-54,
19,-30,
-6,8,
60,61,
78,53,
50,20,
15,-16,
7,-52,
-28,-3,
26,8,
1,-53,
1,-10,
12,32,
0,28,
-18,42,
-15,24,
-3,-38,
-30,12,
35,35,
15,10,
38,7,
-47,18,
38,-49,
18,6,
10,26,
32,37,
82,100,
37,66,
-7,-9,
-20,-42,
-22,-32,
-32,104,
38,107,
19,76,
18,0,
21,-24,
16,3,
-38,44,
-6,59,
1,-9,
-20,-30,
-14,-36,
-11,-31,
21,33,
20,-1,
47,24,
77,-55,
12,-13,
-31,-11,
-85,16,
-24,4,
14,1,
-1,-29,
50,-22,
15,-23,
46,-9,
49,36,
103,29,
43,-13,
-30,22,
-75,31,
10,36,
78,-13,
14,11,
-17,22,
20,23,
10,-7,
-20,40,
-51,86,
-20,31,
-37,-18,
-15,36,
35,19,
9,22,
27,78,
-65,38,
-24,23,
20,-15,
38,-1,
76,-85,
79,-36,
9,-27,
39,-22,
19,-17,
43,2,
2,-48,
-21,-25,
43,15,
89,82,
71,80,
81,28,
-9,-11,
-59,70,
18,24,
37,-42,
96,-46,
25,44,
-72,3,
-8,-30,
15,11,
-46,43,
48,11,
44,12,
21,46,
-19,-12,
6,-72,
4,-47,
87,18,
-14,-8,
-21,-18,
28,52,
45,109,
59,64,
16,41,
0,44,
-4,-23,
14,-3,
72,20,
8,38,
13,34,
-29,6,
33,58,
-23,40,
-28,11,
11,38,
34,30,
4,35,
27,38,
98,55,
-3,20,
-3,23,
-13,41,
-4,8,
12,4,
6,21,
-30,54,
-38,5,
8,13,
10,-27,
102,4,
2,21,
-3,-12,
-38,-12,
6,-61,
74,-46,
29,15,
-1,47,
-9,28,
-9,-1,
-34,-33,
-100,-53,
-37,1,
35,48,
22,16,
27,18,
-24,19,
-32,-15,
-11,2,
-33,-21,
-9,-46,
-43,-51,
-58,73,
-46,63,
-29,-14,
-6,-58,
-38,1,
0,28,
5,53,
-43,62,
-21,-53,
-81,5,
26,-34,
-14,-72,
-33,3,
-60,57,
49,2,
13,21,
22,-25,
-8,6,
12,12,
32,-44,
16,47,
38,59,
53,63,
78,83,
31,120,
1,107,
4,68,
-61,-12,
-20,15,
-7,52,
61,25,
70,95,
-17,60,
-16,-12,
-9,29,
-51,6,
-25,11,
-43,73,
19,49,
47,13,
4,-33,
62,-21,
46,2,
18,26,
29,-66,
-50,4,
-41,62,
51,62,
49,23,
59,-9,
-52,27,
-39,8,
-19,24,
1,12,
25,-23,
-11,-89,
-34,-89,
18,-31,
93,8,
23,19,
11,32,
-4,40,
-7,-41,
-20,-24,
51,18,
33,46,
-4,19,
4,45,
28,96,
33,94,
-5,53,
-20,82,
-21,23,
-25,-32,
29,0,
6,-44,
10,31,
-38,55,
-21,37,
-29,60,
0,93,
34,80,
22,27,
12,-36,
14,-52,
10,4,
21,19,
6,98,
7,22,
-9,-47,
-60,-30,
-47,21,
0,39,
47,19,
40,31,
1,61,
-4,91,
-11,44,
37,40,
-23,19,
-27,30,
-3,44,
-43,43,
-79,14,
17,-18,
-28,-71,
11,-66,
15,-21,
28,8,
2,1,
-32,88,
4,12,
9,50,
13,10,
-31,-58,
41,-64,
84,-1,
21,-19,
1,-37,
7,40,
-28,99,
39,136,
-66,82,
-24,17,
-43,-11,
24,28,
-18,67,
-56,62,
9,63,
-56,55,
-20,-5,
-20,-20,
1,-27,
172,-211,
1151,-1454,
3719,-4143,
6066,-5134,
6848,-3482,
4794,79,
1063,2331,
-447,1477,
46,-231,
1145,-1087,
1768,-789,
1212,-1,
50,646,
-692,955,
-631,1108,
-423,1029,
-148,665,
85,333,
78,239,
-79,147,
-169,164,
-230,153,
126,-179,
138,-564,
-54,-747,
-361,-477,
-491,25,
-311,173,
-109,-3,
39,-266,
107,-269,
84,-68,
17,-19,
-148,22,
-302,-48,
-293,-182,
-194,-63,
-338,163,
-336,257,
-357,135,
-272,11,
-179,50,
-97,121,
24,154,
42,235,
-1,232,
-57,165,
26,25,
63,-38,
-8,88,
-105,190,
-57,166,
-125,138,
-234,192,
-177,106,
-261,58,
-227,-33,
-118,-48,
-46,-31,
18,98,
10,123,
-6,89,
-118,118,
-113,28,
-64,-60,
6,-62,
-31,71,
24,109,
12,143,
-84,188,
-121,201,
-139,184,
1,95,
87,80,
63,83,
-79,80,
-85,-45,
22,-158,
6,-137,
61,-65,
119,14,
62,-36,
-106,-101,
-115,-50,
-14,-25,
27,6,
0,10,
-10,-32,
-14,59,
-83,73,
-49,59,
-109,87,
-88,79,
-87,13,
-87,-10,
-94,-49,
-83,-22,
-146,42,
-110,47,
-65,58,
-67,-6,
-44,-58,
-13,-5,
-7,49,
-94,79,
-71,39,
-65,-58,
-50,-10,
43,43,
18,143,
-10,104,
-118,91,
-81,58,
-87,66,
-110,69,
-44,10,
16,-6,
-40,56,
-57,12,
-61,40,
-29,40,
-26,46,
-8,59,
36,33,
-59,-24,
-59,-10,
-56,90,
-140,162,
-96,113,
-58,39,
-103,82,
7,40,
4,56,
-86,159,
-58,83,
-128,-8,
-85,-5,
-95,-30,
-73,8,
-57,21,
-40,40,
-39,61,
-54,61,
-117,99,
-67,38,
-86,45,
-107,52,
-65,45,
-28,108,
-46,102,
-1,41,
-96,30,
-115,31,
-57,73,
-106,90,
-91,56,
-75,-3,
00>
_________________________________
00>
00>
Printing STS1 CIR
00>
00>
_________________________________
00>
-8,3,
13,-21,
30,-29,
15,-45,
-31,-36,
-33,-17,
29,41,
36,85,
63,67,
119,20,
42,-7,
-43,15,
-55,14,
47,-6,
50,31,
27,29,
26,11,
1,-21,
63,-5,
58,12,
64,65,
-28,-39,
16,4,
77,8,
106,45,
118,83,
42,70,
21,9,
46,-79,
72,-42,
67,-48,
48,-16,
51,-15,
80,51,
36,46,
-36,-4,
30,5,
106,-17,
61,18,
110,-4,
96,-4,
43,63,
56,13,
12,-15,
61,-78,
94,20,
36,22,
43,34,
-6,61,
20,66,
30,4,
23,-2,
-20,13,
-43,-18,
54,-12,
42,-23,
-40,3,
-38,-16,
10,0,
100,-7,
129,-16,
85,-6,
-28,2,
-3,11,
32,-45,
5,16,
0,0,
73,10,
48,-14,
40,7,
21,-23,
15,-14,
13,41,
40,17,
44,-56,
77,-51,
10,-32,
-18,-20,
-14,3,
-30,40,
3,41,
2,-5,
6,21,
-29,21,
43,20,
61,-48,
43,37,
-6,53,
-7,19,
-26,4,
-3,52,
17,28,
25,-27,
8,36,
-30,14,
1,-17,
4,-41,
35,-15,
-1,-16,
33,50,
-18,46,
-10,62,
4,125,
66,113,
133,65,
70,51,
-31,-15,
-72,1,
-42,5,
25,29,
-3,7,
-49,4,
-32,46,
8,17,
-30,9,
-96,11,
-18,22,
20,56,
-3,94,
8,54,
14,48,
11,3,
-12,19,
-46,88,
7,75,
66,14,
20,-47,
29,-41,
-23,-27,
-3,-21,
58,-13,
42,-54,
44,-9,
-35,-45,
-38,53,
-31,59,
-60,8,
12,-30,
60,-13,
101,50,
34,35,
1,73,
25,23,
60,65,
67,34,
74,9,
71,24,
54,9,
9,31,
6,32,
81,-6,
22,-6,
45,-15,
7,-9,
28,29,
38,30,
54,-74,
98,-37,
33,12,
1,7,
44,-31,
69,12,
96,68,
30,97,
40,77,
10,60,
1,20,
-28,-27,
9,-31,
38,36,
72,34,
88,-9,
80,20,
59,17,
32,54,
-25,23,
-22,3,
-39,-12,
-4,44,
50,45,
22,9,
68,39,
30,-33,
-14,-10,
1,-4,
-25,29,
18,-1,
44,60,
34,65,
10,-16,
4,-19,
35,38,
55,61,
59,85,
-6,12,
-28,0,
-1,-11,
-28,5,
-67,44,
-22,10,
19,26,
69,40,
23,114,
-22,83,
0,26,
-3,-29,
5,39,
-25,59,
-17,20,
3,-17,
64,-40,
72,-36,
87,-20,
69,53,
5,22,
-11,10,
42,12,
63,44,
61,32,
31,-33,
13,32,
52,2,
96,17,
32,-10,
29,-57,
23,-8,
31,32,
11,20,
49,3,
22,-23,
2,8,
26,-27,
4,-32,
6,-15,
57,42,
64,-7,
41,3,
76,2,
43,26,
49,92,
3,17,
-16,-21,
-25,-30,
11,-22,
57,-8,
35,21,
43,14,
34,-13,
22,28,
45,-14,
24,-6,
14,-15,
3,15,
44,-28,
34,-59,
30,-39,
72,-4,
36,12,
20,39,
2,22,
24,42,
16,-7,
38,54,
-1,47,
7,109,
-7,59,
32,-25,
58,2,
109,-14,
55,-46,
33,21,
-52,64,
-2,93,
75,30,
70,-3,
57,56,
17,83,
24,24,
21,44,
3,78,
-21,23,
22,1,
14,-11,
19,20,
82,98,
97,20,
8,60,
1,5,
-11,-12,
11,-21,
54,-21,
59,-20,
6,-24,
-17,-57,
-17,-10,
-14,-20,
44,-21,
33,-57,
64,-77,
28,-17,
76,47,
-2,69,
-1,-5,
47,-17,
42,-13,
34,-2,
48,-36,
61,-8,
103,-34,
90,-57,
-64,-17,
-70,-4,
-68,15,
-38,9,
27,-12,
74,25,
135,8,
89,-3,
30,-26,
-42,-21,
-58,-39,
24,9,
56,-45,
48,-29,
82,-26,
62,9,
42,-1,
64,0,
59,-26,
34,33,
40,-21,
57,-50,
38,-47,
-4,-36,
-62,-31,
7,-24,
15,27,
33,39,
27,60,
15,57,
4,16,
18,-20,
-24,-3,
-45,22,
-3,8,
5,33,
32,44,
68,-26,
35,-12,
48,18,
77,-16,
50,6,
48,19,
16,28,
-28,-37,
-316,-303,
-1196,-1681,
-2447,-4901,
-2396,-7158,
-1216,-6276,
771,-2185,
1278,424,
207,756,
-1699,122,
-3201,-743,
-2904,-1362,
-1094,-1272,
526,-551,
709,-217,
200,-460,
-171,-700,
-93,-422,
54,45,
74,231,
-17,86,
13,-30,
287,40,
467,183,
419,394,
251,498,
58,358,
22,11,
65,-154,
190,-122,
202,-45,
136,42,
160,143,
215,194,
207,289,
79,263,
16,61,
60,94,
19,230,
-11,257,
-12,186,
-14,66,
117,83,
211,73,
255,119,
189,127,
35,212,
-46,199,
65,150,
116,95,
113,112,
73,136,
60,78,
73,69,
86,30,
90,-50,
112,-55,
82,-5,
112,31,
203,27,
256,67,
146,162,
31,125,
-49,35,
23,30,
3,-26,
29,18,
86,54,
110,24,
107,55,
98,27,
131,64,
98,190,
169,230,
136,266,
86,296,
-96,297,
-176,176,
-87,85,
64,134,
234,248,
254,243,
215,193,
102,72,
-33,-35,
-109,1,
-88,103,
-40,64,
-38,50,
82,47,
141,26,
166,92,
38,118,
-43,95,
-21,23,
18,-5,
98,37,
119,69,
136,43,
115,30,
84,62,
4,115,
-35,99,
2,73,
120,89,
159,123,
74,124,
12,75,
0,35,
61,52,
15,69,
-88,124,
-15,95,
74,41,
61,48,
17,134,
26,117,
57,128,
-14,228,
-29,141,
63,98,
114,88,
129,52,
75,84,
5,113,
22,111,
3,83,
64,63,
107,49,
66,50,
44,117,
42,125,
31,55,
87,57,
107,67,
52,66,
4,111,
-77,77,
-43,73,
39,72,
12,89,
21,113,
41,77,
44,56,
34,11,
43,10,
60,53,
30,67,
47,71,
78,62,
51,88,
20,43,
2,11,
12,17,
10,22,
59,50,
68,40,
28,33,
00>
_________________________________
00>
RX Timestamp: 942184852114
00>
Clock Offset: -2692.795 Hz, 0.337 ppm
00>
RX Timestamp: 943255888389
00>
Clock Offset: -1796.436 Hz, 0.225 ppm
00>
_________________________________
Sequence Number: 14
00>
00>
Printing STS0 CIR
00>
00>
_________________________________
00>
13,-73,
-23,-42,
35,-46,
52,-16,
24,-20,
1,4,
-7,-26,
-27,-10,
8,26,
32,43,
-23,39,
25,70,
21,-7,
14,-32,
69,60,
40,57,
20,-30,
16,33,
3,62,
5,10,
46,9,
18,31,
59,47,
25,28,
37,18,
11,18,
40,7,
0,25,
-25,61,
-6,37,
-16,-2,
19,-10,
4,-7,
7,26,
14,-33,
76,-57,
91,-55,
94,14,
-1,-5,
-42,-26,
-25,5,
-30,17,
-42,35,
39,55,
83,61,
68,29,
-15,0,
52,28,
66,-7,
74,-36,
25,-33,
35,-29,
56,-22,
68,20,
48,-2,
17,47,
-8,-5,
-32,-3,
-36,1,
-20,-21,
63,-34,
33,50,
-2,55,
-58,75,
-21,-11,
4,26,
8,17,
23,-33,
44,-26,
43,-48,
9,17,
-17,-24,
-21,41,
-5,2,
49,34,
26,-45,
34,40,
40,-3,
80,4,
23,8,
-18,10,
32,-1,
22,62,
-35,67,
-41,41,
-2,61,
1,48,
-35,34,
-12,-24,
7,-7,
22,15,
55,-23,
-13,30,
-10,26,
-22,97,
25,52,
31,-18,
-30,-46,
30,-3,
-8,8,
17,5,
7,12,
15,-8,
-22,21,
-32,-23,
-74,-35,
-31,38,
0,46,
31,11,
35,10,
27,-17,
8,-18,
19,9,
21,15,
-32,6,
-51,-5,
-53,33,
59,25,
98,26,
66,12,
-30,45,
7,13,
5,-12,
51,-48,
13,-4,
-3,47,
-11,88,
-36,11,
0,23,
14,34,
-8,-4,
17,11,
0,30,
-19,-25,
-4,15,
78,-14,
34,2,
3,57,
-11,1,
21,7,
-9,23,
-12,17,
37,46,
26,18,
-3,-25,
-53,-13,
52,22,
20,64,
26,38,
27,-2,
23,-8,
9,-17,
20,9,
35,-14,
26,-7,
8,-21,
31,-5,
5,22,
-32,69,
-22,63,
-30,24,
0,-5,
21,5,
65,-18,
71,-23,
52,21,
-13,60,
19,-3,
36,17,
20,7,
20,28,
63,-7,
55,-14,
5,-1,
-9,-14,
8,-4,
-68,-7,
49,42,
2,19,
57,13,
66,-1,
-31,-36,
28,-41,
44,-1,
33,-50,
10,22,
-20,76,
79,-45,
59,3,
-18,9,
-5,64,
24,24,
32,20,
-10,9,
30,-25,
67,-17,
35,17,
98,4,
58,-30,
-25,3,
-10,-4,
-2,32,
-12,-51,
-26,-21,
36,8,
9,14,
9,49,
-1,63,
-42,0,
10,19,
-38,-40,
32,8,
28,4,
12,-25,
80,-40,
80,-35,
17,-65,
-33,22,
-21,48,
-38,30,
70,31,
52,30,
33,-24,
52,-31,
27,31,
14,39,
-82,24,
-51,-21,
-65,23,
-20,6,
-65,-7,
9,13,
49,-82,
44,-5,
58,37,
43,14,
-37,31,
26,1,
-8,1,
21,-8,
-12,21,
-3,15,
-57,1,
-60,19,
-68,36,
-114,-1,
-38,5,
-42,41,
-14,11,
0,-26,
18,1,
1,7,
14,4,
70,-15,
4,-27,
-15,26,
-28,23,
-33,-5,
38,-63,
44,-29,
72,-39,
102,-12,
9,50,
14,-28,
24,72,
47,40,
-35,12,
-27,-67,
-8,-23,
-23,18,
9,32,
51,39,
22,-26,
-17,-35,
-2,-15,
20,-2,
72,-15,
-8,11,
32,77,
-11,15,
13,-49,
29,2,
-19,-32,
23,8,
43,4,
72,22,
58,20,
-12,26,
48,75,
14,32,
2,-6,
-32,-1,
-22,1,
11,33,
57,-38,
35,-2,
-12,-7,
11,-9,
-7,-59,
-42,-38,
-37,-7,
-27,-5,
2,12,
27,66,
12,-3,
3,-80,
1,-21,
-17,-6,
-36,59,
4,-5,
71,-4,
36,47,
-2,-11,
10,-14,
50,51,
3,75,
-10,31,
-18,29,
52,-34,
74,-32,
59,-57,
-2,-6,
7,-24,
31,-32,
34,-9,
68,-36,
25,47,
21,15,
18,35,
72,29,
55,38,
11,56,
-23,2,
22,-80,
92,-53,
104,-52,
12,-33,
-38,18,
-57,70,
6,-10,
3,5,
20,-49,
17,38,
-17,16,
-20,30,
13,-45,
9,-34,
-16,-9,
8,12,
29,-3,
-2,21,
37,11,
254,167,
1697,1242,
6259,5218,
6562,6512,
5381,7184,
1674,7054,
-1719,1114,
-1289,-1183,
-40,-1295,
357,-2040,
451,-3413,
690,-3312,
602,-1090,
104,1121,
-706,3121,
-1025,2901,
-391,1088,
288,-50,
421,-424,
-12,-87,
-191,60,
-495,9,
-742,404,
-824,210,
-415,-332,
-26,-700,
192,-105,
107,761,
-182,513,
-349,-54,
-335,-660,
-210,-577,
-226,-206,
-448,-235,
-306,-94,
-152,78,
-228,109,
-145,-26,
116,-208,
67,-228,
80,-32,
3,121,
16,150,
19,57,
-5,71,
71,223,
215,244,
164,197,
105,80,
-34,-61,
-30,-157,
115,-91,
178,-92,
206,-79,
84,-69,
-14,-98,
-27,-173,
-60,-265,
-114,-418,
-109,-374,
14,-128,
95,11,
212,-52,
246,-88,
112,91,
12,153,
-178,-16,
32,-105,
-3,-26,
-100,-81,
-77,28,
-131,-101,
-65,-175,
-86,-273,
-31,-374,
70,-277,
111,-122,
113,-147,
160,-251,
7,-298,
-124,-234,
-436,-335,
-149,-137,
4,17,
-19,2,
-165,-75,
-50,-180,
-40,-202,
11,-125,
-15,-15,
49,-55,
55,-86,
0,-95,
-19,-145,
-139,-124,
-191,-135,
-181,-65,
-165,-140,
-111,-100,
9,-7,
131,-26,
35,-47,
-126,4,
-151,-20,
-94,-82,
3,-154,
21,-186,
40,-134,
0,-119,
-82,-126,
-61,-177,
0,-209,
38,-77,
4,-13,
-84,9,
-69,18,
-21,-10,
-8,-100,
12,-134,
-18,-194,
-29,-142,
-37,-171,
-63,-167,
-32,-140,
1,-61,
11,-49,
-39,-44,
-41,-40,
-78,14,
-52,14,
-8,-46,
38,-38,
26,-29,
-25,-76,
-70,-52,
-32,-71,
-64,3,
18,26,
37,-102,
8,-140,
-34,-97,
-9,-30,
-32,-88,
23,11,
-19,-51,
-20,-23,
-10,4,
44,-15,
47,-20,
6,-61,
-3,-75,
-36,-111,
-30,-113,
-47,-55,
-44,5,
-41,-15,
-40,18,
14,-13,
35,-73,
-61,-132,
00>
_________________________________
00>
00>
Printing STS1 CIR
00>
00>
_________________________________
00>
29,-9,
27,7,
6,32,
28,-7,
19,16,
15,46,
25,17,
21,-23,
33,16,
7,-5,
40,1,
-4,8,
45,1,
49,56,
0,28,
-7,28,
28,26,
51,12,
60,42,
28,73,
52,81,
57,55,
26,39,
-10,-44,
19,21,
83,-3,
75,15,
44,56,
17,49,
73,11,
90,-3,
76,33,
65,29,
84,22,
15,16,
31,-1,
17,-60,
33,-61,
12,-13,
1,38,
60,1,
34,0,
19,1,
31,31,
-38,34,
-45,40,
-67,1,
-46,18,
-21,32,
-10,-19,
20,-39,
-27,29,
20,61,
88,-5,
59,-22,
45,-8,
69,19,
5,-15,
-57,4,
-24,-3,
-67,-8,
1,-30,
-29,35,
-1,-16,
52,-44,
15,-12,
26,13,
36,23,
35,-20,
77,-56,
18,-6,
-22,-12,
-12,-25,
-29,36,
-39,20,
-2,-26,
45,-2,
43,28,
35,-4,
67,1,
68,44,
61,17,
1,8,
0,0,
-22,22,
49,-15,
-2,-2,
-33,8,
12,22,
60,-4,
57,3,
16,42,
4,3,
-11,1,
34,6,
68,39,
35,45,
69,33,
-13,79,
-4,75,
-15,60,
8,-10,
-45,31,
-14,41,
29,27,
57,18,
15,-50,
63,-11,
-9,-35,
25,57,
-1,31,
36,46,
18,55,
56,8,
-6,8,
-16,-14,
17,9,
62,46,
67,20,
15,-58,
-17,-47,
-47,6,
-10,17,
18,54,
4,29,
-8,-12,
73,37,
29,-19,
-24,-33,
0,16,
17,-68,
36,-9,
53,-2,
76,16,
79,7,
37,47,
27,43,
11,59,
29,83,
0,47,
33,13,
29,-1,
23,-44,
-6,-15,
37,14,
32,29,
12,66,
-28,-2,
-4,53,
2,92,
38,-24,
39,26,
4,21,
-12,8,
25,0,
35,-35,
-15,-8,
18,18,
51,50,
33,40,
-1,17,
20,17,
30,39,
2,17,
17,5,
-16,-14,
14,-36,
-22,-10,
26,-27,
5,-1,
52,57,
-7,84,
-10,36,
-38,-11,
3,13,
22,53,
-3,-3,
40,-22,
52,-27,
48,13,
53,21,
17,-3,
15,9,
26,12,
30,30,
30,30,
53,6,
93,-9,
80,53,
22,61,
-37,-4,
-58,37,
-44,6,
21,-14,
32,36,
13,43,
8,27,
2,39,
9,2,
-2,21,
1,70,
34,56,
81,62,
35,35,
24,2,
0,-4,
-78,35,
-62,47,
-26,49,
-27,-31,
20,-8,
13,-17,
30,-20,
75,28,
63,29,
39,22,
-40,29,
-25,49,
-13,53,
-14,42,
90,33,
15,-28,
6,14,
-21,34,
14,-7,
23,-26,
20,-41,
32,1,
65,-24,
73,-59,
74,-28,
-11,5,
27,-4,
31,8,
75,24,
101,95,
53,102,
-18,34,
-48,18,
8,-21,
24,10,
45,20,
0,30,
-12,-24,
1,14,
41,7,
-26,30,
-85,3,
-78,18,
-67,-20,
7,-6,
-20,1,
18,19,
13,31,
10,14,
20,59,
34,18,
87,31,
28,3,
13,28,
26,30,
51,72,
28,35,
-16,-2,
16,-8,
29,-10,
0,-30,
1,-4,
-46,-31,
-31,-9,
10,-13,
28,-27,
-27,7,
23,51,
17,-5,
30,-29,
12,13,
27,47,
35,-21,
52,8,
25,12,
21,13,
-17,-7,
3,-16,
22,35,
26,51,
-24,22,
54,40,
-7,-9,
-6,-93,
17,-60,
26,-63,
56,-67,
31,3,
-4,56,
-20,6,
-4,-13,
14,-5,
-33,85,
-32,61,
-29,-32,
1,-36,
35,37,
21,21,
-9,7,
-66,-21,
13,-29,
6,24,
17,-29,
7,-7,
-24,24,
30,18,
41,56,
107,53,
77,13,
21,27,
-31,20,
-2,-14,
21,-21,
-50,8,
-19,16,
-27,39,
35,117,
28,47,
21,32,
45,31,
32,65,
-6,23,
-40,-18,
-32,-62,
-7,-28,
-17,-31,
36,19,
40,28,
33,-6,
57,20,
78,-19,
30,24,
37,-28,
15,10,
53,-15,
37,22,
59,43,
54,90,
1,47,
-22,1,
-19,99,
0,69,
29,54,
22,42,
13,7,
46,-30,
592,-102,
3173,31,
7835,736,
7958,1668,
7572,2421,
4337,2398,
-1854,477,
-2556,-153,
-1126,-182,
-1947,-290,
-4418,-1083,
-4419,-2079,
-1583,-1866,
641,-1064,
1356,-851,
1142,-1021,
606,-936,
143,-692,
-108,-316,
1,-93,
-52,20,
-644,300,
-1204,522,
-1430,416,
-533,237,
185,410,
444,768,
-66,870,
-614,598,
-865,324,
-773,142,
-317,84,
-34,53,
28,-7,
-80,-173,
-8,-198,
-17,-220,
-139,-415,
351,-76,
514,107,
200,106,
16,-23,
-80,-320,
-35,-422,
-109,-252,
-61,75,
-102,209,
-50,148,
-40,17,
-102,-136,
-27,-207,
57,-179,
111,-198,
158,-95,
39,100,
29,218,
-1,121,
-60,59,
-158,178,
-189,313,
-179,257,
-133,117,
28,-6,
103,-82,
76,-75,
17,-125,
-24,-161,
2,-164,
8,-117,
-61,-118,
15,-93,
64,-107,
105,-58,
43,12,
12,4,
107,118,
225,233,
165,160,
67,70,
71,-147,
40,-256,
-72,-257,
-66,-118,
13,52,
28,70,
29,174,
-75,146,
-149,108,
-153,73,
-157,-3,
-121,-34,
-96,-62,
-48,-28,
-28,7,
-71,15,
-144,113,
-155,81,
-165,100,
-55,157,
1,110,
-15,64,
-76,97,
-93,72,
-48,65,
14,7,
0,6,
-20,12,
-36,4,
-88,-17,
-80,-38,
-52,-56,
-17,-13,
-24,31,
-58,41,
11,35,
1,59,
25,110,
-6,116,
-61,86,
-97,86,
-82,-14,
-104,-52,
-71,-36,
-96,61,
-108,46,
-96,72,
-31,40,
-44,-1,
-89,-2,
-109,7,
-29,-4,
27,30,
30,28,
-53,-21,
-56,-25,
-130,-9,
-37,26,
-58,50,
-46,68,
-84,16,
-65,55,
-40,27,
-19,10,
-43,-4,
-68,-56,
-89,-30,
-22,52,
-3,54,
-3,26,
-104,19,
-37,5,
-29,11,
19,42,
-8,40,
-17,92,
-66,95,
-63,87,
-62,33,
-37,80,
-26,95,
00>
_________________________________
00>
_________________________________
Sequence Number: 17
00>
00>
Printing STS0 CIR
00>
00>
_________________________________
00>
13,-38,
20,-66,
28,0,
-7,54,
-13,54,
-23,62,
-2,-48,
-19,-75,
-30,-10,
-58,-52,
-9,15,
-23,-23,
-3,10,
-14,-8,
5,-47,
28,-30,
-17,-73,
7,-42,
24,15,
4,38,
58,20,
47,2,
21,41,
-24,24,
17,40,
35,10,
0,-49,
-17,29,
-3,6,
5,75,
17,-49,
31,-17,
-5,27,
-20,28,
26,-32,
28,-26,
25,-64,
-6,-21,
-14,-3,
-11,-34,
-71,-40,
-36,25,
-5,-22,
49,47,
-13,-10,
-21,-46,
-16,-104,
-15,-27,
28,22,
-56,22,
-32,80,
-17,33,
-17,-24,
0,-19,
14,-1,
25,17,
-6,25,
-40,2,
-26,46,
7,-32,
-14,-82,
-69,-26,
-16,28,
-14,40,
-30,21,
-5,4,
9,69,
7,43,
5,13,
-33,-6,
35,30,
-14,55,
-11,2,
-46,-35,
27,7,
-12,24,
14,7,
63,-12,
32,-15,
-27,-18,
-24,-19,
-7,7,
-8,-28,
-18,16,
12,14,
12,-26,
29,-64,
40,-33,
-7,51,
-42,28,
22,84,
44,-19,
57,-36,
13,54,
-12,27,
14,1,
20,17,
-23,-24,
-25,27,
-8,25,
25,14,
57,-25,
28,22,
52,-19,
73,2,
21,-6,
23,49,
-10,13,
-5,-54,
-17,18,
35,83,
56,48,
-27,44,
-39,38,
-50,30,
-75,-16,
-84,16,
-42,13,
-5,-51,
-55,-46,
-57,-19,
-55,-41,
-23,-37,
19,-42,
-28,6,
20,-12,
-20,-34,
-28,-56,
-22,-15,
-18,-16,
31,-14,
7,-55,
-39,-69,
-21,33,
-7,23,
-30,31,
30,37,
39,48,
24,27,
-91,6,
-81,-75,
12,17,
-2,-48,
-18,11,
-3,29,
44,30,
31,-21,
20,-67,
4,0,
19,40,
-15,52,
18,7,
35,-29,
25,53,
9,11,
41,52,
51,23,
40,-54,
20,-25,
54,41,
56,46,
30,-37,
-15,-42,
4,7,
40,11,
30,-4,
35,-39,
-8,5,
-35,37,
-61,-35,
6,21,
43,-1,
13,32,
-22,-22,
-55,44,
-30,-21,
-10,20,
-64,13,
-29,10,
20,43,
15,-6,
-7,53,
-14,-9,
7,9,
-9,-53,
9,10,
55,21,
39,47,
22,48,
-74,48,
-48,49,
-26,41,
-18,25,
-3,14,
20,-40,
8,17,
-27,-8,
1,-40,
39,-43,
65,42,
5,39,
69,42,
61,6,
17,2,
38,-7,
37,-1,
44,-15,
28,-23,
-2,18,
-34,60,
-2,18,
-41,11,
27,0,
27,18,
5,23,
-19,-43,
-68,30,
-6,85,
-21,20,
-41,8,
35,33,
33,-9,
11,-23,
-3,-2,
3,26,
0,-13,
4,-5,
0,-9,
-10,34,
36,19,
44,17,
20,19,
44,36,
32,31,
7,57,
-6,41,
-28,10,
13,14,
20,-48,
30,-25,
51,20,
8,69,
-22,94,
7,68,
44,1,
-63,-10,
-39,-4,
4,115,
83,59,
43,52,
72,40,
0,121,
-3,134,
27,21,
40,-69,
71,-22,
17,27,
-14,4,
11,70,
-28,-14,
0,-22,
-30,-36,
-8,-4,
7,35,
6,42,
83,-6,
42,31,
-45,48,
20,-21,
42,-80,
45,21,
-9,58,
-45,33,
24,-34,
-31,-78,
-39,10,
4,24,
28,-64,
42,-63,
18,-43,
-25,1,
-7,2,
-23,-19,
-47,2,
17,19,
51,40,
-5,-85,
15,-23,
15,-31,
29,-18,
43,21,
41,17,
87,11,
56,41,
36,93,
-25,-4,
-7,-22,
14,8,
24,24,
35,89,
-58,-33,
-18,13,
15,-21,
-23,-7,
-35,-6,
-42,21,
6,-2,
25,8,
18,-22,
-68,-24,
-31,-53,
-32,-76,
27,-21,
-40,-5,
19,-67,
93,-69,
30,12,
26,48,
-27,47,
1,-41,
-27,-47,
-4,-44,
-27,3,
19,41,
25,-13,
21,68,
-8,35,
22,9,
56,-28,
39,-28,
-13,-26,
22,-59,
4,-12,
12,-38,
-8,-1,
17,78,
-9,80,
-25,-10,
15,13,
6,45,
11,68,
14,8,
-38,-17,
-51,5,
-33,0,
-26,-2,
-15,100,
-10,-5,
27,30,
41,-60,
9,-25,
16,-10,
-4,0,
27,52,
85,-38,
71,2,
3,-22,
-7,-1,
-58,433,
-559,2397,
-2145,5849,
-4004,6828,
-5162,5054,
-3741,527,
-1226,-2083,
40,-1229,
47,551,
-733,1387,
-1196,1043,
-747,42,
-108,-851,
184,-1235,
51,-1273,
-69,-1064,
-118,-547,
-89,-119,
2,-99,
102,-102,
192,-165,
79,-79,
-62,338,
81,686,
351,722,
462,408,
351,-118,
162,-221,
108,32,
125,303,
10,316,
-43,188,
41,37,
159,-34,
290,35,
189,63,
98,-42,
160,-278,
198,-294,
231,-209,
271,-81,
180,-115,
10,-136,
-77,-198,
-134,-252,
-79,-337,
-29,-149,
3,-24,
46,27,
23,-77,
54,-176,
52,-127,
108,-201,
168,-295,
155,-165,
238,-101,
271,18,
165,38,
56,31,
-42,-13,
-86,-129,
-2,-183,
129,-163,
130,8,
96,103,
18,70,
43,-79,
-51,-118,
-65,-152,
-75,-229,
32,-235,
59,-199,
-8,-133,
-147,-92,
-90,-33,
-16,-28,
95,17,
52,33,
26,130,
-64,191,
-72,138,
-13,64,
180,-63,
134,-9,
12,22,
-43,29,
-15,104,
13,-22,
44,-29,
61,-119,
44,-147,
33,-49,
112,1,
105,-6,
109,35,
123,34,
101,-29,
88,-104,
96,-107,
58,-11,
93,-41,
123,-28,
94,-24,
42,-43,
14,-62,
39,-49,
88,17,
76,27,
58,16,
52,-41,
-7,-69,
20,-41,
39,18,
77,15,
120,-40,
119,-23,
58,-7,
36,-68,
102,-27,
89,13,
50,-16,
73,-42,
43,-30,
21,75,
20,83,
4,-41,
45,-36,
100,9,
135,20,
72,-51,
78,-9,
32,-74,
26,-97,
15,7,
103,73,
92,51,
99,1,
73,36,
76,-74,
36,-45,
52,-71,
66,-105,
73,-85,
73,-144,
75,-83,
62,-68,
18,28,
18,25,
39,26,
101,-48,
141,-4,
80,-48,
50,-29,
44,-43,
00>
_________________________________
00>
00>
Printing STS1 CIR
00>
00>
_________________________________
00>
26,-27,
4,5,
-5,48,
12,65,
-51,20,
-49,17,
-15,-5,
-9,22,
10,25,
26,34,
104,20,
122,-69,
-9,-14,
-95,0,
-44,1,
-26,-26,
-18,0,
-18,50,
15,98,
16,58,
-8,-16,
1,9,
-73,25,
-20,52,
29,25,
18,22,
-21,-21,
-13,-26,
24,-33,
-23,-55,
-44,-30,
26,29,
-7,-4,
-40,-38,
-42,7,
29,39,
50,20,
37,30,
30,41,
-15,-18,
-2,-17,
32,-42,
29,-110,
98,15,
50,61,
9,61,
8,31,
15,-23,
-8,7,
-19,38,
-22,29,
0,47,
16,33,
7,2,
-36,-81,
-63,-34,
-65,38,
-74,75,
-33,95,
-7,58,
39,2,
14,46,
-6,83,
-16,53,
-48,8,
-38,2,
17,1,
39,-32,
39,-21,
-8,6,
-50,39,
-5,83,
16,73,
10,67,
18,31,
17,-6,
38,-20,
39,-37,
-27,-4,
-14,77,
3,23,
8,-31,
-8,-15,
28,-54,
32,-1,
42,40,
-39,7,
-29,11,
27,27,
61,-34,
9,18,
-28,12,
35,-9,
54,-31,
43,-43,
14,-44,
-47,-35,
37,-41,
21,26,
29,39,
-30,6,
-19,-8,
-33,-18,
-59,35,
-29,44,
-34,-32,
-9,27,
2,15,
-78,28,
-17,-41,
61,-39,
50,29,
-14,31,
-17,21,
43,-9,
22,-54,
10,1,
-27,-9,
-31,-19,
4,-50,
33,4,
16,-29,
12,-18,
28,-2,
-20,-37,
-21,-11,
-73,-44,
-26,21,
17,15,
11,36,
6,23,
-14,33,
-28,58,
-47,32,
27,-2,
13,-12,
33,-47,
65,-43,
57,6,
27,35,
-53,-15,
13,-41,
102,-55,
5,2,
-66,39,
12,13,
68,6,
36,44,
-39,45,
-15,25,
11,70,
40,56,
36,65,
-29,87,
-73,73,
-7,55,
-48,73,
7,27,
21,-47,
-5,-3,
-53,30,
-43,63,
-15,73,
5,32,
-43,29,
-5,53,
14,35,
-4,19,
-32,-25,
0,-22,
-41,15,
-30,63,
-19,73,
67,51,
68,48,
69,42,
70,92,
3,63,
-42,-5,
-19,20,
-10,17,
-48,55,
-37,46,
-41,3,
51,-83,
21,-58,
30,1,
61,74,
50,36,
47,-21,
64,6,
59,34,
-14,12,
-52,-4,
21,12,
4,54,
24,41,
51,52,
16,16,
55,51,
36,41,
48,-15,
12,22,
-27,3,
13,13,
22,15,
3,14,
-12,-16,
-9,-4,
-37,79,
-2,19,
11,17,
-3,24,
-28,57,
-35,-10,
2,-13,
70,-29,
35,24,
-28,46,
5,41,
8,70,
-9,51,
-53,42,
-5,-15,
10,31,
8,-11,
-9,33,
-39,62,
12,68,
70,55,
70,10,
53,-10,
-8,-7,
-2,-16,
-34,26,
-26,46,
17,41,
18,5,
6,39,
-48,41,
-52,17,
-28,37,
15,55,
36,14,
45,-23,
16,22,
-22,39,
-43,44,
-46,-3,
17,-13,
19,-8,
-24,15,
-17,78,
5,79,
39,49,
64,32,
5,35,
-23,38,
11,17,
13,-11,
3,45,
-2,55,
41,40,
49,-41,
35,-76,
1,-17,
33,-8,
8,-11,
28,11,
-29,19,
10,40,
-13,-25,
-46,10,
-37,34,
8,24,
20,34,
-4,-27,
13,-8,
-3,4,
7,58,
-40,38,
11,34,
-11,30,
22,72,
-2,23,
-7,16,
2,48,
33,24,
71,29,
1,6,
-32,-42,
6,-7,
7,81,
33,73,
14,56,
-66,28,
-87,17,
-28,4,
-55,-31,
-1,42,
-24,75,
-25,89,
87,27,
30,-18,
-22,-1,
-86,-29,
-24,12,
57,20,
41,24,
-9,69,
-8,47,
-21,30,
63,36,
46,-39,
36,-27,
31,31,
16,88,
36,32,
5,33,
39,45,
15,83,
33,40,
-9,35,
-13,36,
5,-21,
-2,10,
-18,16,
-3,-2,
46,6,
37,-34,
-8,-80,
-72,-26,
-11,-6,
-21,-22,
44,22,
-26,33,
38,45,
-1,-34,
50,38,
21,30,
28,30,
37,35,
0,40,
21,57,
77,29,
42,-12,
31,-7,
-16,47,
-11,52,
-13,23,
-29,-26,
27,-30,
3,21,
-1,54,
-4,52,
-7,24,
39,-3,
90,11,
561,173,
2176,1026,
4883,3219,
5682,4792,
3648,4288,
-21,1774,
-1215,161,
-231,-538,
1601,-980,
2964,-998,
2765,-332,
1152,495,
-226,742,
-355,662,
176,594,
419,545,
128,346,
-79,10,
-122,-87,
-24,33,
-52,141,
-207,204,
-367,87,
-466,-174,
-454,-292,
-290,-186,
22,-4,
70,194,
-83,162,
-54,126,
-73,74,
-256,-80,
-294,-206,
-250,-181,
-39,-125,
-16,13,
-118,-15,
-142,-171,
-85,-194,
-32,-184,
-82,-26,
-142,60,
-196,8,
-187,28,
-146,35,
-58,-72,
-62,-76,
-74,-77,
-48,-22,
-58,-66,
-66,-17,
-73,3,
-66,8,
-119,44,
-24,132,
-7,149,
1,80,
-149,103,
-222,105,
-216,63,
-125,-8,
16,-78,
66,-94,
77,-75,
48,-32,
-63,-23,
-134,-79,
-35,0,
-66,28,
-105,-3,
-127,-92,
-168,-126,
-234,-153,
-242,-163,
-155,-201,
-20,-214,
35,-231,
17,-154,
-83,-74,
-177,-53,
-276,-16,
-208,21,
-29,55,
68,48,
77,-48,
0,-31,
19,-73,
-8,-2,
-82,97,
-95,106,
-107,79,
-42,-47,
-67,-48,
-47,-13,
-23,18,
-73,87,
-46,48,
-72,17,
-109,-16,
-143,-5,
-47,-64,
-23,4,
27,26,
-77,-17,
-74,-20,
-70,-111,
-17,-64,
0,-65,
22,-125,
-7,-105,
26,-62,
-38,-17,
-64,-7,
-80,35,
-19,31,
-51,15,
-64,-42,
-83,-119,
-24,-42,
-66,-2,
-104,70,
-111,73,
-111,-13,
-82,-34,
-67,-29,
-25,35,
-62,44,
-7,-11,
-11,-45,
8,-100,
19,-78,
0,-3,
-58,10,
-30,19,
-82,13,
-69,-21,
-61,-3,
-33,-9,
-49,-94,
-88,-30,
3,16,
-11,28,
-4,22,
-15,-5,
-35,-52,
-17,-67,
-4,-68,
-30,-18,
-46,-11,
-49,13,
-32,28,
-50,4,
-34,-25,
-25,-36,
00>
_________________________________
00>
RX Timestamp: 1082167668970
00>
Clock Offset: -1963.806 Hz, 0.246 ppm
00>
RX Timestamp: 1083238136947
00>
Clock Offset: -3176.308 Hz, 0.398 ppm
00>
_________________________________
Sequence Number: 150
00>
00>
Printing STS0 CIR
00>
00>
_________________________________
00>
47,-38,
-19,14,
-16,48,
46,28,
56,48,
107,54,
52,59,
18,26,
23,76,
13,12,
34,24,
26,-13,
-31,13,
-7,-26,
7,-25,
-27,-40,
-42,-39,
0,-23,
13,68,
86,7,
31,31,
12,-18,
27,-18,
-13,-29,
4,6,
-31,-8,
-17,-9,
55,26,
61,67,
25,-43,
33,18,
47,-8,
18,-18,
-2,-26,
35,10,
25,-50,
-21,39,
39,35,
32,4,
36,-28,
21,-72,
-32,-53,
-51,-3,
12,-11,
29,-28,
33,21,
22,-17,
-66,-40,
-32,60,
50,34,
24,42,
41,4,
60,9,
22,40,
43,62,
-2,43,
-48,-11,
42,-20,
31,-13,
4,-75,
-41,-6,
23,-3,
1,17,
-43,27,
-22,22,
10,23,
15,4,
-13,-10,
34,42,
35,35,
51,21,
7,65,
-47,21,
-41,-7,
-71,46,
-49,38,
2,-30,
31,-34,
26,2,
27,3,
71,-6,
55,2,
-24,-50,
-44,-104,
-77,-71,
-68,-69,
-32,-68,
19,-23,
1,42,
23,24,
44,40,
112,87,
17,82,
-30,2,
-4,-56,
56,-17,
-32,-71,
-36,-54,
-10,-1,
-33,0,
-17,-29,
-16,-28,
-3,-40,
26,-34,
13,56,
2,36,
-23,-29,
-59,24,
-3,27,
34,80,
32,-3,
44,-16,
62,-3,
62,8,
-28,-4,
-5,-24,
29,4,
99,59,
67,105,
-17,62,
19,-5,
-4,42,
-18,-42,
-33,-51,
73,-55,
67,-61,
11,3,
-5,24,
-9,49,
26,22,
22,34,
10,36,
-32,-25,
62,40,
20,45,
-27,13,
15,-20,
23,61,
3,59,
12,-3,
17,24,
40,25,
44,11,
29,-49,
-26,0,
3,48,
28,41,
11,57,
11,1,
19,36,
22,19,
55,-11,
13,-20,
15,-18,
-45,2,
18,29,
-34,-20,
30,-77,
38,-13,
36,39,
6,-29,
-4,-9,
-11,59,
2,15,
76,23,
81,39,
-2,-40,
-32,-14,
2,-25,
26,39,
47,-5,
54,-31,
40,-56,
26,1,
9,21,
20,32,
33,70,
-4,-34,
-8,-35,
-5,-14,
23,7,
92,43,
64,-22,
-44,26,
10,-28,
26,-50,
56,-40,
42,-12,
12,28,
44,30,
56,24,
49,19,
-34,19,
-12,-1,
-5,10,
23,35,
-5,14,
-6,1,
9,45,
11,5,
8,-20,
28,44,
28,-41,
33,16,
59,-22,
28,10,
14,30,
35,18,
-22,35,
-74,4,
6,14,
105,4,
78,2,
23,-21,
53,14,
-14,40,
-16,-29,
-25,-20,
6,-31,
-9,-10,
-4,18,
29,35,
6,-8,
-17,28,
-19,-60,
-28,-45,
-40,9,
-80,68,
14,32,
13,44,
-13,-9,
-65,-62,
-18,-46,
-20,66,
-24,53,
-18,-6,
-80,-9,
-10,-6,
-15,-52,
-33,-1,
-14,47,
1,27,
-13,13,
-40,65,
-17,10,
14,20,
-28,-4,
34,-49,
-2,16,
3,24,
21,31,
-13,-5,
75,33,
46,20,
-38,18,
-26,25,
34,15,
25,-19,
14,-7,
-35,35,
-36,9,
-7,19,
18,-2,
-49,90,
15,36,
1,-7,
11,-15,
38,51,
13,38,
0,6,
-15,42,
-1,61,
-35,48,
-26,18,
-28,-30,
-36,48,
-69,-24,
-1,-4,
0,-1,
-1,35,
-10,2,
-46,38,
14,43,
62,73,
-35,-7,
-14,-18,
-12,-5,
65,-18,
-37,11,
-5,28,
-29,6,
16,-42,
-42,-43,
-76,-44,
-72,-32,
-4,-56,
-3,-79,
-6,-33,
-9,27,
-16,20,
-19,-24,
-33,24,
-11,2,
-22,-1,
-3,-57,
-13,-51,
11,10,
5,2,
31,-33,
31,-7,
28,33,
20,67,
13,42,
-16,-41,
-30,-56,
11,-47,
47,-29,
101,-33,
21,-50,
12,-44,
-9,-5,
20,64,
-26,36,
-43,41,
-36,15,
14,41,
35,47,
4,19,
-35,-41,
5,11,
-4,23,
30,-12,
-68,14,
-1,36,
32,35,
34,29,
25,12,
9,-13,
-32,-9,
-38,-15,
4,-23,
-18,-60,
-16,7,
-71,-18,
24,-52,
15,68,
12,94,
-2,41,
26,-15,
31,38,
8,82,
27,23,
31,-34,
26,118,
-326,1003,
-2414,5417,
-4734,7299,
-5940,6708,
-6754,5049,
-2607,-365,
291,-2112,
873,-729,
1064,155,
1957,24,
2660,-75,
1491,301,
-132,377,
-1723,107,
-2475,-514,
-1332,-419,
-251,147,
421,548,
297,119,
-34,-108,
-168,-290,
-457,-557,
-303,-892,
41,-705,
427,-390,
360,38,
-453,295,
-603,-13,
-85,-262,
371,-515,
549,-420,
259,-304,
106,-413,
163,-610,
-140,-180,
-122,-146,
-117,-206,
184,-94,
140,149,
10,104,
-86,110,
-129,88,
-33,84,
19,130,
-52,120,
-189,140,
-148,233,
-83,152,
4,-31,
238,-174,
211,87,
242,179,
204,194,
120,110,
30,3,
63,-103,
159,-205,
320,-214,
342,-206,
118,-48,
5,27,
37,209,
108,278,
93,246,
-17,81,
25,-69,
102,17,
88,58,
-12,-83,
57,-206,
24,-170,
99,-140,
76,-194,
205,-197,
324,-49,
171,107,
57,142,
117,102,
220,-6,
177,-148,
183,-267,
337,-466,
-26,-67,
-74,-70,
-89,-150,
230,-215,
171,-130,
81,-50,
-2,22,
-23,20,
108,-2,
148,-59,
72,-87,
86,-137,
111,-212,
103,-169,
106,-176,
159,-204,
40,0,
30,34,
31,24,
56,-83,
-31,-165,
56,-109,
74,-118,
185,-96,
149,-89,
68,-93,
26,-141,
100,-136,
117,-58,
72,-7,
85,-35,
107,-94,
17,14,
72,24,
65,37,
140,-36,
83,-28,
107,-86,
67,-93,
103,-106,
111,-117,
83,-78,
59,-34,
84,-5,
40,47,
-24,-29,
-23,-3,
44,-71,
71,73,
91,69,
40,-3,
99,-72,
48,-69,
63,-13,
-11,6,
16,37,
73,-3,
40,-46,
17,-4,
49,1,
44,-79,
80,-75,
67,-32,
48,-13,
-45,-35,
-50,-18,
51,-10,
117,-77,
-3,-95,
31,-36,
6,13,
84,12,
121,-74,
19,-48,
7,-62,
-49,-104,
00>
_________________________________
00>
00>
Printing STS1 CIR
00>
00>
_________________________________
00>
3,34,
-35,21,
13,5,
-48,33,
-60,24,
-83,6,
-60,-5,
16,33,
32,4,
5,3,
17,-24,
59,-97,
-6,-21,
24,6,
15,15,
22,20,
28,13,
9,-6,
-22,-17,
-54,36,
-26,-25,
-49,-5,
-42,-61,
-11,-3,
4,15,
1,-6,
8,32,
61,17,
94,55,
44,23,
7,45,
-36,33,
22,26,
-21,-15,
-27,-17,
-57,-1,
16,-48,
17,0,
16,8,
1,6,
-40,98,
-33,14,
41,4,
43,-65,
60,42,
-23,85,
0,28,
49,-19,
13,23,
-33,12,
-13,69,
46,32,
-3,-9,
-41,-24,
-41,-35,
11,-51,
3,-1,
42,24,
7,22,
62,26,
-10,5,
40,23,
12,1,
-13,21,
-35,-9,
-10,28,
-17,29,
-5,30,
17,-10,
45,-22,
51,-5,
-31,18,
-1,55,
24,23,
29,-18,
-32,0,
0,-16,
-4,-43,
15,-33,
22,5,
-6,16,
-20,-8,
-17,5,
-98,47,
-6,45,
23,42,
-2,-2,
33,10,
29,-39,
32,-28,
8,-4,
8,-3,
30,-56,
-37,8,
-68,36,
-55,58,
5,30,
16,66,
-1,51,
-6,45,
76,-44,
63,-28,
42,1,
-33,-3,
-34,-9,
-4,-12,
20,17,
22,55,
2,15,
-21,-24,
29,0,
18,-23,
0,5,
-5,34,
19,23,
-12,38,
-115,48,
-115,55,
-97,65,
-28,45,
6,4,
12,-34,
9,-15,
-3,-46,
34,-36,
21,55,
-23,-12,
0,41,
-9,-42,
-23,-34,
30,-33,
18,-46,
8,35,
52,31,
23,33,
52,-45,
57,-23,
27,-15,
38,-14,
32,-63,
7,-50,
30,15,
17,31,
-3,26,
-11,68,
15,45,
-13,21,
18,27,
-31,-5,
-41,-6,
-18,-22,
44,-47,
24,-43,
-7,51,
0,27,
-9,-9,
-8,-13,
46,7,
22,41,
36,41,
12,-28,
73,-30,
79,0,
59,24,
50,77,
49,55,
45,25,
47,15,
22,-2,
18,-11,
10,17,
2,-4,
-37,18,
50,31,
68,48,
69,-8,
35,-29,
12,-2,
46,65,
31,32,
-12,29,
0,27,
32,11,
-29,-7,
-4,-26,
-14,-35,
-5,-45,
17,-28,
21,6,
3,-41,
-24,-51,
2,-27,
60,10,
46,24,
-2,27,
19,25,
25,10,
11,10,
-15,8,
-19,61,
-17,14,
-39,16,
1,34,
-11,32,
-23,10,
11,37,
-15,-13,
5,-19,
38,-30,
60,-49,
-20,20,
-23,13,
9,9,
31,-39,
13,-47,
35,-24,
20,12,
-7,0,
27,13,
12,51,
-22,41,
-68,21,
-28,-10,
-6,-13,
-6,17,
-11,36,
-26,14,
-6,-19,
33,37,
34,1,
-19,12,
-29,1,
-12,32,
46,-16,
14,-19,
-14,-40,
25,-7,
20,29,
30,15,
-15,18,
8,30,
45,39,
41,33,
89,-33,
77,-14,
93,-44,
72,-48,
20,-6,
54,-20,
51,-12,
6,44,
20,44,
8,22,
25,83,
10,18,
40,-20,
-13,23,
-4,25,
22,37,
11,-15,
35,10,
18,38,
16,36,
13,22,
-14,15,
14,24,
67,4,
56,4,
47,4,
-16,-25,
43,-43,
40,4,
25,22,
-2,15,
-30,65,
41,90,
17,44,
-20,51,
-14,27,
23,-44,
24,-55,
6,-32,
31,10,
-7,-21,
13,-44,
70,-38,
38,-12,
32,-3,
46,-8,
34,-46,
23,-18,
13,0,
-6,2,
32,6,
-15,-1,
6,7,
22,41,
1,-18,
12,-3,
48,6,
-22,12,
46,20,
17,44,
-34,3,
2,24,
12,16,
20,17,
13,19,
-11,86,
-18,67,
72,56,
94,17,
10,31,
-23,0,
1,-3,
-18,-33,
23,47,
-27,30,
3,2,
24,7,
46,34,
-4,5,
8,37,
18,42,
-34,36,
-25,40,
22,28,
35,14,
56,9,
49,31,
3,17,
38,-50,
50,39,
34,17,
17,8,
54,58,
83,46,
74,36,
21,0,
0,-18,
-35,59,
-20,63,
31,29,
40,-21,
52,-18,
10,31,
34,4,
44,-37,
62,-40,
75,-44,
60,-35,
20,-14,
26,67,
180,103,
1076,959,
3538,4723,
4462,7424,
3740,7652,
2006,6695,
-855,420,
-1470,-1745,
-490,-981,
-345,-737,
-1125,-2398,
-1080,-4190,
464,-3139,
1290,-1050,
1590,-30,
1668,-57,
1501,-312,
920,-345,
268,-437,
36,-59,
-37,-12,
-346,-44,
-728,-208,
-1349,-746,
-731,-338,
-352,172,
-286,705,
-559,760,
-852,162,
-756,-187,
-631,-322,
-305,-218,
-76,-12,
51,70,
79,-60,
145,-165,
167,-153,
228,-264,
240,3,
229,381,
64,250,
54,44,
196,-164,
372,-333,
309,-351,
87,-147,
-162,-21,
-159,23,
-85,6,
9,-71,
55,-128,
128,-95,
134,-47,
157,-9,
5,112,
-87,195,
-109,184,
-81,108,
-98,5,
-218,-22,
-349,29,
-302,23,
-101,38,
94,43,
185,-3,
73,-44,
11,-35,
-24,-5,
-21,-28,
-22,-94,
155,-91,
225,-46,
192,-15,
103,-18,
113,-67,
72,64,
33,235,
-31,220,
15,126,
200,18,
313,-135,
229,-220,
126,-233,
37,3,
-32,57,
-54,114,
-89,76,
-156,-6,
-166,-58,
-85,-90,
-15,-161,
70,-117,
91,-43,
107,-10,
26,14,
-106,15,
-167,20,
-100,16,
-77,-31,
-13,12,
-14,10,
-79,20,
-97,-20,
-130,-65,
-105,-42,
-56,-70,
-34,-80,
-14,-44,
-37,-73,
47,-109,
96,-76,
43,-13,
-21,-18,
-29,32,
-32,-8,
50,-27,
21,-10,
-40,6,
-49,47,
-62,-38,
-11,-33,
-12,-51,
-19,-62,
-46,55,
-47,-12,
-57,-30,
-65,9,
-19,8,
36,-76,
39,-64,
-11,-14,
9,10,
28,-23,
-54,-16,
-24,-2,
0,-40,
28,-51,
4,-2,
-6,20,
-74,30,
-66,3,
-21,-63,
-41,-54,
-54,-57,
11,-72,
-9,-46,
-11,-87,
19,-51,
62,-55,
102,-51,
26,-25,
-50,-50,
-41,-38,
-25,-4,
-47,-19,
-91,-30,
-101,-101,
-28,-86,
-25,-25,
00>
_________________________________
00>
_________________________________
Sequence Number: 153
00>
00>
Printing STS0 CIR
00>
00>
_________________________________
00>
-12,-4,
55,24,
-3,7,
5,-10,
5,-10,
26,54,
92,37,
77,24,
15,49,
29,70,
32,50,
69,2,
-54,4,
-38,46,
-43,52,
-56,88,
4,3,
-2,-8,
44,-29,
-46,-42,
-73,-17,
-64,55,
-4,51,
53,19,
-1,-40,
38,-52,
17,-14,
41,1,
-46,11,
-9,22,
-67,14,
-17,-14,
-51,37,
49,108,
21,39,
-13,18,
-48,2,
-25,-9,
-41,27,
6,81,
4,157,
45,88,
33,1,
16,-28,
11,5,
27,48,
57,-42,
50,-23,
-2,-28,
4,-11,
-40,62,
-4,57,
51,47,
57,-4,
-9,45,
-71,20,
-20,-24,
31,-3,
56,13,
52,63,
-25,33,
-30,10,
-7,-3,
39,-27,
43,-10,
-85,-32,
-113,-5,
-124,-18,
-51,-50,
2,-21,
37,33,
37,34,
-28,4,
-60,72,
-18,-11,
68,-5,
45,-18,
36,-63,
28,-14,
1,-21,
-14,25,
-40,29,
1,23,
42,20,
19,52,
5,23,
74,-41,
17,17,
-6,-6,
-32,-15,
-31,-2,
10,-4,
4,28,
-17,-18,
-50,-6,
-46,33,
17,-18,
-93,62,
-149,70,
-98,-9,
-72,-53,
13,-66,
55,34,
26,-6,
-8,-17,
7,-51,
26,-84,
31,-15,
72,-25,
48,25,
-32,49,
22,28,
31,-26,
18,-138,
23,-53,
-18,17,
17,9,
-17,73,
8,-1,
80,13,
65,53,
47,34,
-19,-24,
-27,-18,
16,18,
-13,35,
25,17,
12,18,
81,-19,
55,41,
-41,38,
-23,-2,
28,29,
64,-18,
28,64,
59,-8,
83,-23,
40,-25,
34,43,
-58,8,
-10,-27,
-19,8,
49,29,
27,16,
34,-12,
-64,13,
-42,-50,
-82,-45,
50,5,
-45,68,
-8,43,
6,-50,
30,-17,
-35,26,
14,-43,
-82,-39,
-63,-23,
5,-15,
-11,-17,
62,-21,
-11,22,
19,57,
-14,4,
19,9,
-14,13,
-28,28,
3,33,
20,19,
7,-66,
11,-26,
15,10,
4,5,
44,-106,
22,-17,
32,82,
5,63,
-3,11,
8,-21,
14,5,
47,-38,
52,-29,
42,-53,
31,-15,
61,-2,
78,9,
66,-19,
-8,-32,
-58,-29,
-39,-19,
29,-1,
-31,1,
-2,40,
48,11,
-2,-80,
-66,-11,
-79,29,
-43,33,
-87,30,
-11,15,
13,-26,
35,-1,
-41,-13,
41,-2,
11,-54,
29,-25,
-9,-35,
1,-48,
-5,-45,
-42,36,
3,11,
39,3,
50,-27,
12,18,
41,-31,
24,-22,
21,-57,
-45,18,
21,-31,
-6,-29,
-28,10,
41,-21,
-2,-13,
-54,51,
-16,60,
17,22,
-8,-24,
39,-17,
39,-27,
-13,-35,
-2,15,
14,45,
81,14,
82,10,
4,18,
-31,24,
-15,-36,
-24,-24,
13,-39,
13,-18,
-18,18,
-17,5,
30,-44,
44,-24,
86,-26,
-10,17,
30,-37,
-6,-24,
-34,28,
-37,-1,
-5,-20,
-49,75,
7,40,
-7,-26,
7,-57,
-47,-4,
-26,54,
-68,25,
-49,-61,
-27,-5,
-54,-21,
-112,36,
-61,63,
-36,5,
13,-23,
37,6,
-35,71,
-61,99,
-63,27,
-30,-31,
-27,-17,
62,81,
50,6,
-55,-76,
-32,-98,
23,-39,
94,16,
9,10,
-12,52,
-45,18,
20,22,
-33,47,
-78,31,
28,-32,
6,-46,
4,-2,
-42,59,
26,22,
46,77,
42,65,
-37,-3,
-8,-69,
37,-22,
-9,61,
-24,75,
10,18,
29,-16,
65,-73,
46,-73,
25,-78,
58,-34,
-32,-23,
-36,-21,
-82,-35,
25,-41,
15,-19,
24,-6,
-6,-24,
54,33,
-3,9,
-36,9,
-45,32,
1,48,
-35,47,
19,9,
-22,14,
-3,61,
4,-26,
3,-29,
-36,-31,
-33,65,
44,-8,
37,3,
-54,-36,
-71,-5,
-34,-3,
-67,19,
-64,38,
3,68,
-29,36,
-11,-96,
-9,-112,
-46,-3,
-96,7,
11,21,
11,-49,
47,-88,
46,-68,
45,-3,
73,32,
124,39,
19,13,
-36,90,
18,118,
4,102,
3,81,
87,-40,
106,-13,
48,-65,
-15,-30,
-26,76,
-26,26,
-74,-112,
-415,-1031,
-1278,-4271,
-1634,-7485,
-48,-7878,
2696,-5498,
3209,-1091,
1505,806,
-107,212,
-278,-1177,
542,-2031,
1021,-1462,
802,-75,
486,830,
536,922,
697,581,
586,199,
303,-51,
135,-146,
73,21,
50,166,
19,244,
-115,-56,
-441,-334,
-630,-180,
-752,74,
-436,355,
-72,363,
-10,183,
-245,-17,
-254,-139,
-78,-131,
10,-82,
-119,97,
-280,257,
-238,96,
-140,44,
18,215,
64,357,
-6,397,
-77,330,
-99,304,
-53,203,
138,83,
272,-32,
285,25,
165,115,
58,124,
-43,28,
-1,35,
85,190,
64,189,
20,140,
-3,273,
-51,267,
-120,236,
-224,231,
-170,87,
-7,82,
18,20,
73,6,
155,42,
75,125,
-64,120,
-116,75,
-24,-7,
-37,20,
1,-48,
63,-9,
108,77,
129,257,
80,235,
80,129,
140,-17,
96,-92,
30,12,
-40,46,
-70,34,
-14,66,
-6,-90,
28,-197,
-10,-63,
-118,187,
-102,134,
22,36,
30,49,
57,58,
-32,144,
19,111,
-17,86,
0,44,
36,71,
8,178,
-70,188,
-122,171,
-119,156,
-74,200,
-25,206,
-6,197,
-98,124,
-178,105,
-150,105,
-133,103,
-38,133,
59,70,
5,87,
-41,110,
-62,106,
-15,67,
25,103,
23,106,
11,89,
-15,101,
17,-20,
-11,8,
-38,22,
-20,47,
-25,74,
-60,92,
-49,102,
-24,58,
-61,30,
-51,15,
13,24,
30,30,
-2,142,
28,98,
-33,120,
-90,87,
-52,110,
32,81,
41,60,
9,48,
-19,73,
21,105,
-28,61,
-68,69,
-87,67,
-81,41,
-60,118,
18,93,
-19,37,
-20,73,
-11,84,
-34,146,
-2,112,
-56,172,
28,61,
25,34,
-17,31,
-14,65,
-75,64,
-22,26,
-22,64,
-76,-8,
-57,7,
-50,-32,
-93,-14,
-98,33,
-22,58,
-50,-21,
00>
_________________________________
00>
00>
Printing STS1 CIR
00>
00>
_________________________________
00>
-52,-71,
9,-44,
8,1,
-4,30,
31,33,
45,-39,
-38,-19,
38,36,
-33,52,
-76,-24,
-46,-28,
-33,-4,
-2,37,
-1,11,
101,-11,
79,-6,
3,69,
14,174,
4,129,
-32,68,
-74,-19,
34,-48,
98,-29,
2,31,
34,70,
-31,71,
-22,33,
15,14,
45,-20,
66,-25,
16,-4,
23,41,
53,30,
12,17,
27,48,
4,55,
-7,50,
16,37,
-21,14,
43,20,
69,8,
54,1,
-37,66,
-7,37,
-16,54,
-14,58,
10,-2,
-12,-8,
-20,-4,
-14,-18,
-9,-48,
-11,25,
30,-12,
77,30,
38,22,
-1,44,
3,47,
-9,-26,
-50,-35,
-27,16,
48,21,
28,12,
33,19,
-36,8,
-20,-42,
6,-6,
-19,49,
-36,27,
33,21,
62,50,
-6,54,
-23,21,
-16,6,
22,46,
-10,17,
2,44,
27,38,
48,-14,
44,-33,
-31,-5,
-49,32,
-13,71,
15,26,
16,26,
40,31,
33,4,
-38,-15,
35,28,
37,67,
53,74,
-4,23,
-34,13,
-46,9,
25,54,
-5,30,
-9,30,
52,17,
48,21,
63,-3,
35,2,
-23,-26,
-23,8,
47,14,
55,22,
-15,-57,
12,-34,
24,4,
-1,22,
-4,42,
-20,79,
-58,55,
-22,-21,
-19,14,
13,27,
8,46,
-25,44,
-20,20,
-46,54,
-38,29,
-78,15,
-30,12,
9,-19,
21,-2,
35,-23,
-13,21,
2,-10,
37,12,
56,29,
15,58,
-24,86,
-11,111,
13,35,
2,18,
32,2,
-14,-49,
14,-27,
46,8,
59,42,
11,27,
-54,34,
-13,6,
29,12,
0,2,
-86,23,
-29,27,
74,114,
14,109,
-37,135,
5,74,
30,-5,
-1,21,
-32,35,
-4,2,
83,69,
27,60,
2,52,
-31,38,
6,-26,
15,-33,
17,17,
-37,97,
-25,127,
-39,52,
-23,4,
-19,4,
-26,14,
-26,-28,
-34,-84,
10,-38,
59,10,
25,16,
14,2,
25,10,
4,24,
27,40,
40,41,
3,34,
-61,-18,
-20,-38,
-1,-66,
49,17,
13,67,
37,43,
33,-60,
-9,-45,
11,11,
-20,3,
-23,-26,
-18,-6,
-15,40,
6,12,
-23,20,
-48,10,
11,45,
-28,69,
-1,-19,
40,-19,
-3,15,
48,12,
108,-9,
72,5,
-83,15,
-60,-32,
-21,-24,
-20,-29,
-12,44,
-4,23,
-48,30,
8,63,
-25,83,
63,26,
36,21,
30,18,
-37,-13,
-46,-26,
-65,43,
-29,-8,
28,42,
2,28,
58,32,
18,63,
-4,73,
-19,-33,
-31,-31,
14,-7,
4,-13,
28,76,
12,115,
-5,80,
-22,56,
-29,37,
-8,39,
30,30,
-51,-16,
-32,54,
31,103,
5,65,
6,11,
33,4,
59,21,
51,48,
-36,8,
-6,33,
-7,24,
36,50,
7,91,
-37,67,
-49,64,
-24,12,
-59,18,
-76,46,
-25,13,
-23,9,
-24,9,
41,50,
9,21,
-28,23,
76,64,
27,60,
35,12,
-20,62,
38,-3,
-5,-22,
-38,-23,
10,-29,
11,-1,
4,23,
53,4,
49,54,
-10,43,
2,86,
-15,60,
-32,19,
-10,-16,
53,-2,
90,29,
45,20,
18,112,
7,89,
7,29,
-66,-21,
-3,20,
-9,59,
24,87,
-14,113,
2,41,
52,-29,
69,30,
68,60,
47,4,
29,0,
7,-13,
-27,-15,
-39,34,
20,15,
-9,-16,
-21,-53,
-28,-24,
-76,31,
-51,12,
23,48,
57,-14,
9,-42,
3,5,
2,89,
-19,152,
-10,113,
-47,86,
-85,82,
37,38,
81,6,
-15,-22,
-14,56,
2,97,
52,81,
7,40,
-24,-48,
14,-49,
-10,76,
-11,52,
-97,-8,
-46,-55,
-19,36,
-8,76,
8,100,
14,17,
-20,5,
13,-16,
77,-49,
-1,-15,
1,37,
42,7,
74,52,
65,60,
36,65,
48,53,
15,5,
-5,55,
-24,81,
-21,56,
56,40,
4,17,
-49,31,
-10,56,
-2,25,
12,38,
23,58,
38,15,
54,-3,
-2,16,
-47,48,
-339,-42,
-1864,-273,
-5149,-1073,
-7388,-2182,
-6701,-2861,
-2982,-2306,
867,-757,
1240,203,
-493,948,
-2368,1547,
-3111,1263,
-2383,85,
-720,-677,
121,-688,
-262,-478,
-799,-455,
-673,-307,
-116,-6,
147,70,
-3,47,
-6,4,
24,-141,
292,-185,
594,1,
727,201,
504,218,
84,82,
-129,-82,
-94,-148,
-1,-141,
137,-53,
288,23,
504,111,
452,198,
237,202,
34,56,
38,-38,
134,63,
186,231,
204,231,
166,148,
36,5,
104,-52,
245,-78,
218,-66,
230,52,
224,161,
166,141,
153,96,
188,87,
161,130,
65,88,
50,92,
49,42,
27,-100,
5,-97,
108,-32,
147,6,
132,-66,
185,-88,
182,18,
200,64,
77,100,
17,51,
-73,38,
-35,51,
57,27,
67,57,
124,9,
150,1,
205,-3,
308,100,
307,109,
328,138,
299,229,
209,286,
121,259,
6,163,
44,53,
158,16,
362,47,
374,59,
138,21,
-55,16,
1,3,
131,46,
183,92,
105,34,
69,-7,
79,-27,
162,-3,
225,-22,
198,33,
132,69,
1,73,
56,55,
104,93,
105,10,
99,-78,
118,-35,
68,34,
37,92,
2,14,
29,21,
146,8,
189,75,
148,50,
52,36,
45,83,
91,125,
85,136,
54,80,
33,30,
61,13,
66,31,
92,68,
113,110,
121,190,
96,136,
147,127,
145,49,
98,22,
158,-33,
193,57,
181,97,
142,104,
95,49,
31,13,
62,87,
89,82,
70,6,
46,56,
83,8,
73,-2,
131,49,
78,70,
78,14,
-2,-9,
-8,28,
48,85,
168,91,
180,54,
108,54,
44,123,
48,80,
76,54,
82,39,
54,98,
35,84,
42,55,
110,4,
108,18,
82,61,
47,81,
9,15,
-18,68,
44,19,
88,10,
133,36,
117,56,
83,69,
00>
_________________________________
00>
RX Timestamp: 122653945619
00>
Clock Offset: -1993.561 Hz, 0.250 ppm
00>
RX Timestamp: 123725472893
00>
Clock Offset: -2279.949 Hz, 0.285 ppm
00>
_________________________________
Sequence Number: 30
00>
00>
Printing STS0 CIR
00>
00>
_________________________________
00>
45,0,
17,-23,
51,-40,
63,-64,
29,22,
51,19,
33,-19,
-9,-8,
-17,-33,
-3,-25,
-6,-9,
65,22,
5,-11,
-2,-38,
55,-19,
66,-24,
26,-2,
-33,-1,
-39,-18,
-6,41,
61,0,
10,-37,
9,-56,
33,-23,
51,61,
38,29,
49,-30,
-47,-25,
-81,70,
-84,33,
-10,6,
6,-45,
-33,-67,
-72,8,
-39,26,
12,30,
-47,-35,
17,-34,
16,-79,
32,-17,
60,-28,
87,30,
10,1,
-4,-23,
55,13,
101,32,
91,67,
-14,5,
-7,-37,
25,-37,
-16,-14,
7,10,
-74,40,
-14,16,
-68,-35,
48,52,
38,-18,
14,-31,
-13,-38,
-50,-59,
-4,16,
-13,40,
19,1,
-59,-23,
-38,-64,
10,-46,
16,-42,
3,88,
-7,25,
-45,-54,
-4,-39,
14,-17,
17,24,
32,42,
4,6,
44,-20,
20,-51,
9,17,
18,-10,
11,-20,
13,-27,
-1,-55,
-37,-70,
-46,-44,
-43,22,
-55,-13,
-40,-15,
-43,-17,
-4,-22,
4,8,
-17,27,
0,50,
14,-35,
-17,-68,
-8,-24,
-29,1,
-41,68,
-28,80,
-29,-48,
23,-12,
42,17,
4,54,
-54,19,
-15,61,
96,15,
-8,44,
-4,-3,
16,58,
31,60,
35,98,
23,28,
0,-24,
-3,-55,
17,-54,
1,-27,
-11,38,
23,6,
25,2,
24,-6,
60,-18,
6,41,
43,7,
17,-27,
143,-52,
89,33,
5,105,
3,27,
-35,-55,
-17,-34,
-17,12,
31,74,
0,74,
-11,-6,
-50,-59,
9,-16,
96,-16,
45,71,
21,51,
29,52,
23,31,
-17,-31,
-17,10,
-3,-6,
20,18,
22,29,
75,-27,
17,-56,
57,-21,
48,93,
95,81,
-6,55,
-18,38,
-40,6,
-30,22,
-1,-53,
37,-4,
33,25,
-18,-47,
-14,-43,
-35,0,
-10,31,
34,-1,
-8,-5,
-2,-20,
-14,-20,
-23,3,
43,-29,
69,35,
55,12,
42,4,
-12,-38,
5,-7,
7,0,
27,-6,
41,38,
4,67,
-34,29,
-38,-26,
16,-26,
23,-63,
3,12,
-48,-14,
-72,-32,
11,-54,
28,-11,
70,36,
38,57,
52,35,
12,66,
-3,69,
32,-46,
-33,-41,
-10,-49,
0,-44,
13,-67,
0,-48,
-63,64,
32,14,
39,-24,
-1,6,
33,65,
31,37,
7,102,
-5,30,
28,-47,
-17,-2,
25,51,
43,100,
14,17,
-11,69,
-27,-38,
-13,-95,
-11,-67,
63,36,
74,120,
34,90,
8,-4,
-42,70,
-25,16,
-99,7,
-22,35,
69,0,
76,-26,
-5,-21,
-8,-57,
82,-53,
95,-79,
-19,-74,
-94,-14,
-67,-9,
-9,2,
5,-6,
12,1,
9,6,
93,23,
32,27,
-6,68,
-4,21,
52,-45,
46,-39,
71,-34,
36,-39,
19,-5,
-6,47,
3,62,
84,29,
94,78,
-11,99,
-29,-31,
-14,-121,
26,-102,
15,-47,
46,-24,
65,5,
41,4,
3,-15,
-10,-18,
7,89,
31,12,
32,-73,
23,-26,
5,-20,
28,44,
-9,-34,
24,-26,
34,15,
29,37,
25,14,
39,-4,
-13,23,
-13,-9,
8,-18,
-41,-30,
10,-50,
70,-59,
-49,1,
-51,-25,
44,5,
71,31,
2,11,
36,-5,
47,-2,
48,-17,
55,26,
4,63,
32,11,
31,62,
-12,51,
4,39,
32,-14,
-29,53,
10,61,
35,42,
32,40,
-47,22,
20,-47,
-13,-45,
-9,1,
-7,-13,
-7,4,
-43,44,
-39,38,
-16,17,
-27,13,
-40,-15,
-29,6,
19,65,
55,25,
-13,-40,
-60,-77,
-42,-19,
-43,32,
15,-54,
-4,-56,
-27,-48,
16,-21,
9,47,
26,28,
19,6,
27,-30,
44,15,
57,60,
58,24,
28,-35,
48,-75,
13,-32,
17,-18,
-21,-23,
-65,45,
4,-2,
50,-9,
16,-28,
11,-6,
49,12,
-31,8,
14,-8,
34,-32,
47,-25,
32,-2,
10,-2,
38,-30,
11,-42,
39,4,
-61,33,
-25,-66,
16,-34,
52,6,
17,27,
13,-49,
48,13,
6,73,
5,-4,
-55,-88,
13,-44,
-69,182,
-692,1689,
-2838,5181,
-4860,6675,
-5512,5759,
-3530,2102,
-360,-1291,
660,-1331,
787,-198,
1074,103,
1699,-115,
1570,-101,
542,219,
-624,177,
-1482,-171,
-1387,-291,
-589,-135,
88,276,
355,229,
83,-59,
21,-190,
41,-414,
-143,-423,
-161,-572,
151,-431,
269,-129,
14,174,
-312,183,
-231,-87,
107,-304,
316,-407,
191,-308,
63,-279,
66,-360,
136,-452,
-106,-218,
-106,-168,
18,-82,
121,13,
110,33,
-41,35,
-121,58,
-139,13,
-55,-18,
-61,51,
-90,105,
-117,114,
-116,124,
-49,164,
-21,29,
134,-143,
152,19,
172,61,
163,67,
40,57,
66,13,
107,-55,
201,-70,
173,-126,
144,-132,
42,-80,
-50,95,
-33,191,
48,196,
14,162,
3,47,
45,-32,
62,-27,
28,-63,
15,-203,
-46,-203,
-16,-196,
90,-155,
132,-133,
155,-102,
75,69,
-2,127,
36,109,
112,70,
156,-43,
113,-174,
138,-254,
28,-115,
-28,-73,
-4,-75,
39,-195,
28,-99,
111,-38,
37,-31,
0,50,
11,37,
89,15,
74,-70,
68,-85,
34,-119,
24,-113,
78,-133,
52,-100,
59,-23,
26,-28,
98,16,
119,-98,
-1,-123,
21,-133,
46,-109,
86,-130,
72,-181,
93,-95,
150,-142,
81,-154,
52,-129,
39,10,
38,41,
83,-32,
104,-68,
37,29,
27,54,
92,-1,
55,-18,
94,-90,
123,-62,
118,-98,
70,-107,
44,-125,
23,-28,
36,72,
29,22,
47,-26,
63,-62,
44,-23,
25,-15,
-38,5,
-17,8,
41,-23,
10,-56,
-1,-114,
57,-47,
-10,28,
51,57,
49,-2,
56,-22,
45,-3,
47,-32,
31,-61,
39,-29,
8,22,
67,13,
72,13,
51,10,
64,8,
57,-83,
25,-131,
85,-86,
55,-59,
93,-12,
12,6,
26,-11,
6,-46,
00>
_________________________________
00>
00>
Printing STS1 CIR
00>
00>
_________________________________
00>
-15,15,
-19,58,
-30,82,
33,81,
33,-36,
-42,-80,
-49,-66,
-12,44,
43,14,
15,67,
18,21,
17,15,
-16,54,
-48,99,
7,80,
38,51,
-13,28,
-41,36,
-53,89,
-23,52,
27,-17,
61,7,
52,32,
36,-20,
19,-37,
54,30,
38,14,
81,-29,
64,-16,
54,0,
95,-18,
10,29,
11,6,
3,20,
-8,53,
21,89,
-1,90,
-24,56,
-44,4,
35,4,
41,30,
2,12,
-16,-12,
9,-9,
41,-41,
49,-75,
10,7,
-26,40,
-10,86,
21,16,
81,-11,
90,-55,
116,-77,
72,27,
50,56,
61,-49,
95,-62,
74,-9,
20,-3,
-78,27,
-52,17,
-17,69,
37,6,
30,-6,
34,14,
48,-17,
57,15,
82,-17,
88,28,
78,-18,
113,39,
9,39,
-58,35,
-14,-2,
67,-29,
38,-11,
0,14,
-10,19,
-6,-5,
8,1,
14,26,
47,-7,
100,51,
73,26,
54,-5,
29,-26,
-4,-5,
-17,6,
-19,1,
-12,3,
72,23,
70,40,
-38,66,
-18,35,
8,38,
23,39,
33,23,
57,-26,
47,14,
-44,-26,
-34,15,
-7,15,
19,16,
-16,80,
28,69,
17,40,
23,-14,
32,-1,
38,57,
6,51,
25,51,
-38,45,
-43,38,
-14,-7,
7,-10,
32,40,
20,37,
18,4,
14,16,
-31,42,
-31,-6,
25,-8,
43,-36,
58,-26,
83,-6,
55,18,
1,-5,
23,-15,
0,-49,
-1,-44,
-9,44,
-13,66,
97,59,
79,1,
101,26,
35,7,
31,15,
38,8,
34,-10,
21,1,
-1,-16,
2,-11,
27,2,
63,9,
-3,27,
-10,70,
46,38,
51,-18,
57,9,
-37,70,
-56,76,
-51,-12,
22,-28,
-7,10,
26,30,
51,-47,
46,-5,
7,24,
-55,42,
-4,28,
0,1,
22,-17,
72,-25,
54,0,
73,42,
25,-43,
41,-14,
-14,47,
11,101,
4,40,
-53,16,
8,34,
-7,34,
1,-23,
57,-71,
25,-29,
18,20,
11,72,
-27,-5,
-35,-8,
-55,9,
-32,-10,
-3,-9,
-6,63,
5,34,
-11,19,
23,22,
9,3,
-1,2,
-27,-11,
6,-33,
39,14,
4,16,
-17,27,
-40,59,
65,91,
25,102,
-27,21,
-24,48,
28,13,
37,-9,
22,31,
27,36,
50,32,
33,-42,
-33,-3,
-32,16,
62,0,
55,-6,
44,-10,
2,-5,
-39,54,
-45,37,
32,-16,
35,-7,
-9,-9,
-36,-9,
25,-21,
59,37,
42,55,
49,48,
28,29,
1,-45,
20,-54,
34,-17,
36,16,
2,35,
26,28,
24,7,
51,-8,
-2,7,
-4,45,
-6,19,
-24,-10,
25,-32,
18,-9,
30,-10,
35,100,
21,46,
-13,-23,
15,-59,
63,14,
49,29,
-29,-19,
-35,-13,
32,0,
42,99,
27,48,
26,51,
-8,44,
-8,48,
-31,-11,
-3,-38,
5,-8,
-20,-5,
21,40,
51,44,
25,56,
36,50,
27,3,
20,23,
5,22,
-6,27,
-53,35,
17,-29,
50,-22,
-9,-5,
39,50,
40,106,
-2,91,
22,10,
34,-37,
35,-34,
-58,-44,
-19,-14,
-10,28,
53,19,
68,63,
36,28,
29,0,
7,42,
-6,-5,
3,-20,
-33,19,
-24,61,
-12,40,
64,39,
10,81,
-44,24,
-5,15,
60,-15,
72,-11,
69,25,
63,30,
58,6,
81,36,
25,42,
-37,72,
2,7,
-50,43,
30,78,
29,16,
48,-30,
-11,15,
15,14,
12,7,
-3,7,
0,28,
-22,-6,
-37,23,
-6,21,
74,62,
44,46,
-12,24,
-8,-12,
52,6,
96,-12,
119,-21,
92,-6,
90,-27,
88,-4,
67,2,
10,2,
-3,4,
-10,20,
10,18,
-33,20,
68,22,
47,-3,
68,-20,
77,-8,
43,-98,
8,-5,
-38,-3,
-48,36,
17,74,
33,9,
11,35,
4,53,
-6,9,
13,-29,
-20,2,
-4,11,
-17,3,
19,52,
37,44,
54,4,
62,58,
-9,45,
32,19,
83,48,
36,72,
-1,35,
41,89,
330,274,
1065,1649,
2314,5415,
2579,7552,
1835,6682,
12,2049,
-900,-827,
-696,-1071,
-273,-538,
-393,-1026,
-466,-2221,
133,-2293,
886,-1142,
1180,-100,
1230,275,
1300,104,
1040,-100,
426,-225,
-13,-217,
-12,-75,
-61,-109,
-417,-273,
-719,-377,
-710,-371,
-439,-79,
-306,271,
-399,447,
-557,229,
-587,-79,
-448,-224,
-219,-243,
-56,-63,
26,59,
82,105,
135,-173,
168,-225,
247,-262,
286,-130,
145,184,
67,259,
-33,82,
88,-26,
258,-142,
266,-138,
156,-113,
-37,-34,
-132,82,
-136,47,
-34,0,
74,-14,
126,-54,
77,-25,
82,-9,
68,49,
-34,42,
-121,54,
-121,90,
-103,35,
-100,-33,
-146,30,
-195,51,
-91,17,
82,37,
128,56,
112,17,
65,-69,
-20,-125,
-8,-62,
17,-75,
9,-98,
72,-55,
119,-3,
114,2,
63,7,
60,15,
64,122,
-24,136,
-84,133,
0,86,
107,-25,
209,-91,
152,-142,
67,-126,
25,-42,
38,79,
-11,120,
-74,55,
-120,-94,
-88,-110,
-3,-136,
4,-60,
32,-55,
64,-48,
60,-62,
-25,-52,
-165,9,
-141,-37,
-163,-45,
-41,89,
-32,38,
-9,-2,
24,-34,
-11,-7,
32,10,
-7,35,
27,4,
-21,-26,
-64,-38,
31,-35,
41,-70,
50,-77,
-10,73,
-12,103,
45,13,
20,-128,
-26,-17,
-52,-4,
-63,0,
-79,14,
30,29,
73,-27,
19,-18,
-35,10,
-22,38,
4,-8,
8,-2,
9,31,
31,31,
10,3,
13,-13,
-1,47,
4,34,
-19,-13,
-16,-73,
17,-60,
10,-20,
35,2,
2,-14,
-137,22,
-122,-7,
-38,3,
11,65,
37,58,
21,-36,
60,-19,
4,22,
34,-12,
63,-39,
81,-76,
1,-86,
5,-17,
17,-20,
0,29,
-1,32,
-8,7,
-19,-55,
40,-62,
-17,-76,
00>
_________________________________
00>
_________________________________
Sequence Number: 33
00>
00>
Printing STS0 CIR
00>
00>
_________________________________
00>
-18,-10,
11,-72,
18,-79,
38,-83,
-13,19,
36,63,
50,12,
55,38,
-2,-22,
46,-84,
-39,-13,
34,18,
38,5,
37,14,
1,26,
40,80,
73,21,
-5,-93,
33,-39,
45,-15,
49,-20,
41,9,
35,6,
19,13,
31,26,
46,22,
-6,-58,
25,-52,
73,-22,
34,16,
93,-6,
57,-50,
9,7,
-18,56,
4,9,
-12,25,
-28,54,
41,60,
41,18,
0,9,
16,46,
-4,3,
73,24,
23,34,
-2,16,
23,-9,
-16,-24,
-12,4,
11,56,
58,-18,
3,-1,
-31,50,
-34,30,
45,52,
23,-7,
11,-22,
-11,-8,
-15,15,
10,-35,
-17,-74,
3,43,
52,49,
45,48,
22,44,
-47,48,
3,-9,
-29,-27,
3,-72,
14,-25,
50,-13,
32,28,
-2,-7,
-2,50,
19,21,
36,-35,
56,-4,
31,-7,
42,42,
6,81,
-41,50,
-24,71,
-47,76,
21,55,
7,24,
-43,82,
-38,21,
63,-43,
23,-22,
-43,16,
-8,24,
61,67,
83,45,
52,19,
57,29,
27,-28,
50,-37,
71,-1,
43,25,
-27,62,
-4,71,
42,-26,
65,-20,
34,18,
20,30,
56,6,
5,27,
-48,-47,
-76,-21,
-28,40,
37,45,
1,10,
-51,17,
-8,-22,
2,56,
0,13,
14,15,
10,-5,
1,11,
68,77,
3,6,
18,30,
4,31,
23,-13,
-10,25,
12,38,
-25,20,
-13,45,
-1,20,
16,42,
11,53,
-14,76,
-34,125,
-20,53,
-64,-20,
7,-25,
23,3,
-8,5,
23,41,
-25,15,
46,-12,
-21,47,
-19,23,
-27,44,
-53,-6,
-6,1,
17,31,
-50,59,
21,13,
41,-39,
34,16,
-14,-17,
18,17,
14,3,
-42,48,
-5,60,
35,19,
7,-5,
52,1,
55,19,
26,-19,
7,38,
41,59,
-34,33,
-27,16,
-21,84,
-12,17,
21,0,
56,-19,
28,-6,
-34,-35,
-7,-54,
-6,-49,
11,-15,
-17,5,
13,-38,
9,-66,
33,-6,
39,69,
-26,72,
-29,11,
-16,18,
24,-30,
-23,18,
6,16,
20,36,
10,-30,
65,32,
49,48,
61,51,
-40,19,
2,-13,
13,-33,
30,-4,
-16,79,
7,22,
34,21,
21,-7,
33,6,
-33,15,
48,-21,
66,34,
79,84,
63,12,
-14,15,
23,51,
34,50,
66,24,
30,32,
-24,35,
-32,14,
-23,31,
-12,20,
-33,38,
50,-17,
33,-4,
17,-40,
39,-18,
75,19,
48,50,
10,9,
11,-39,
34,34,
16,-19,
25,-6,
32,3,
-48,12,
53,46,
45,15,
14,-37,
0,-1,
-9,-10,
-10,-33,
31,-2,
59,29,
-3,50,
37,23,
64,-32,
50,-59,
34,18,
4,51,
5,24,
-6,14,
-1,45,
26,13,
-7,-4,
-23,41,
-31,52,
4,28,
18,60,
0,49,
-52,61,
-18,43,
-13,6,
-16,6,
-29,3,
-22,-20,
-8,13,
-18,-4,
-9,-57,
39,-76,
31,-31,
68,27,
2,-3,
23,5,
2,-6,
42,-36,
84,-3,
66,8,
24,-10,
-14,29,
29,40,
-21,-18,
-3,-37,
76,73,
-9,35,
6,70,
-31,88,
-30,67,
39,42,
58,19,
51,-21,
-16,56,
-86,26,
-30,46,
32,-34,
63,-27,
4,46,
17,10,
5,-18,
-1,47,
-9,36,
16,98,
34,11,
83,-25,
10,-71,
4,-29,
49,43,
32,58,
-13,16,
-8,2,
9,27,
5,-79,
6,-11,
24,26,
4,36,
54,2,
28,0,
28,14,
71,-2,
68,25,
51,-20,
48,-42,
84,42,
20,31,
-27,29,
-33,-33,
49,-13,
-1,1,
1,-26,
-8,-21,
-37,8,
-26,-15,
19,-24,
61,-33,
51,0,
72,53,
33,18,
-30,-22,
-33,-18,
28,12,
52,46,
8,104,
17,86,
65,-15,
72,-23,
65,-31,
-1,-62,
-13,-63,
49,-16,
39,-60,
43,17,
-7,42,
0,-24,
13,-25,
16,-16,
30,16,
1,65,
-60,23,
-18,27,
-43,-1,
-21,-6,
-86,-36,
-747,-46,
-4086,-741,
-8004,-2281,
-7737,-3765,
-5943,-6110,
-601,-6780,
2805,-3011,
1116,-99,
-1007,86,
-2209,-1605,
-1668,-2659,
48,-1646,
1058,-307,
1374,215,
1429,-131,
1044,-450,
447,-387,
95,-288,
64,-66,
77,22,
112,35,
49,123,
-535,164,
-773,434,
-705,858,
-244,970,
372,708,
258,269,
-44,169,
-378,224,
-370,111,
-180,-31,
30,-13,
149,342,
-51,380,
-43,162,
55,75,
499,227,
556,408,
378,466,
132,376,
225,219,
243,-43,
198,-318,
307,-318,
427,-157,
278,-28,
44,58,
-39,-22,
180,-26,
143,-10,
82,14,
163,6,
397,269,
326,404,
126,409,
9,363,
8,238,
76,-7,
87,-157,
130,-179,
222,28,
187,225,
60,308,
-28,242,
-97,92,
37,23,
83,-51,
199,-119,
410,-74,
477,-64,
250,46,
126,-83,
102,-231,
80,-103,
79,154,
42,172,
-1,78,
-55,10,
-174,-131,
-113,-114,
-19,215,
-63,315,
-89,217,
-88,126,
-56,-15,
4,-30,
28,10,
87,53,
235,73,
225,145,
85,174,
96,139,
91,183,
70,234,
59,227,
60,190,
200,183,
13,81,
-64,118,
5,103,
63,119,
62,168,
55,146,
112,89,
173,143,
97,145,
92,113,
100,21,
161,57,
112,122,
98,150,
89,151,
141,201,
19,155,
-12,110,
-32,85,
47,148,
18,80,
54,124,
87,81,
71,62,
-8,37,
-26,68,
0,38,
102,-12,
118,-1,
27,58,
50,103,
88,131,
7,58,
21,51,
49,38,
39,105,
41,170,
40,102,
56,129,
65,74,
78,72,
79,96,
127,75,
149,34,
112,-5,
103,46,
94,93,
120,162,
9,81,
-2,33,
-34,71,
9,79,
59,134,
88,58,
83,78,
32,158,
46,169,
20,136,
15,43,
-42,-11,
39,30,
-11,125,
00>
_________________________________
00>
00>
Printing STS1 CIR
00>
00>
_________________________________
00>
54,34,
61,58,
57,18,
47,53,
16,64,
-16,27,
-18,-15,
23,-10,
30,-9,
8,38,
36,67,
-6,28,
-68,-5,
-32,-27,
34,-7,
80,-1,
8,46,
-34,-22,
5,-29,
24,-24,
36,-37,
15,-34,
-13,-29,
-20,15,
51,18,
49,35,
33,-26,
1,0,
-15,-56,
-15,21,
10,26,
57,65,
24,55,
30,8,
52,4,
27,9,
3,76,
13,59,
-72,30,
2,26,
75,-11,
54,48,
54,1,
86,35,
62,56,
46,-4,
27,-10,
36,-5,
48,34,
5,-21,
-24,-37,
-56,-10,
-31,-1,
-11,10,
57,-51,
67,10,
24,41,
-10,-15,
-38,-25,
-23,-28,
18,29,
-20,9,
25,-19,
0,-3,
11,3,
47,10,
54,49,
42,39,
4,38,
3,-13,
59,13,
21,23,
74,67,
61,8,
19,-56,
17,-14,
46,10,
53,11,
12,-5,
9,18,
29,15,
94,11,
40,52,
17,22,
41,21,
10,56,
-56,39,
-36,52,
-29,51,
-26,34,
-22,-8,
-37,-11,
-51,18,
-25,12,
-14,-1,
-47,-1,
-23,-23,
17,-13,
14,1,
15,6,
19,19,
-26,-26,
-9,15,
15,16,
23,79,
-17,97,
-63,74,
-11,-26,
10,28,
-15,25,
-5,24,
-11,-4,
-4,17,
18,74,
57,0,
45,-7,
2,-65,
-1,-49,
12,21,
27,39,
31,41,
-12,19,
33,-57,
91,-13,
71,-17,
-2,34,
43,33,
60,18,
61,11,
34,-9,
4,-43,
-32,-44,
-34,5,
-3,55,
-23,104,
-97,68,
-14,31,
-9,11,
1,-5,
-9,-21,
-11,41,
-9,33,
-36,-5,
-25,-15,
2,6,
49,40,
14,95,
-5,83,
-12,41,
38,8,
-16,3,
-20,-4,
36,-16,
18,44,
32,4,
21,-13,
17,-32,
-4,22,
-21,-8,
28,23,
49,40,
4,63,
-16,4,
-18,-25,
-2,-10,
-9,17,
50,46,
27,-13,
22,-2,
26,37,
8,15,
6,-25,
53,-30,
3,8,
-54,-3,
-11,-67,
3,-13,
42,47,
44,93,
45,92,
50,74,
22,-8,
-11,5,
16,60,
32,128,
31,46,
44,-16,
27,33,
7,34,
2,21,
-15,14,
28,28,
23,34,
79,22,
51,32,
63,84,
16,90,
7,27,
-6,13,
24,2,
116,-9,
104,-21,
74,46,
21,54,
-53,-8,
-49,10,
-44,23,
5,21,
53,30,
-9,84,
22,-6,
11,8,
-22,22,
-14,-26,
62,-75,
32,7,
20,19,
13,42,
66,-6,
73,17,
62,19,
-17,34,
-16,15,
-8,39,
8,25,
47,32,
67,77,
49,77,
29,26,
-9,-5,
-30,-8,
12,33,
-39,53,
-20,42,
-34,35,
-5,-9,
49,30,
-9,29,
17,32,
47,19,
45,-42,
-8,-37,
-40,-40,
-45,-38,
-34,-35,
20,-12,
31,8,
-12,-14,
-40,-24,
-69,-15,
-7,-18,
36,24,
47,-22,
28,-11,
-40,-31,
-15,-29,
56,-6,
42,50,
1,42,
19,64,
21,46,
42,10,
19,-6,
1,5,
26,8,
47,4,
34,25,
19,24,
1,33,
-19,33,
17,13,
63,8,
68,19,
43,-23,
9,-3,
-34,-22,
-6,-6,
5,-37,
62,-32,
22,19,
63,-5,
62,-48,
42,0,
-16,34,
-8,-14,
28,4,
6,19,
41,54,
22,9,
-52,3,
-26,4,
-6,13,
9,-60,
64,-46,
50,-38,
22,59,
-34,49,
-40,-6,
-18,-31,
-42,-3,
16,-16,
11,4,
13,-28,
13,-15,
78,25,
54,8,
36,23,
30,28,
28,30,
-27,-10,
59,-64,
51,22,
44,46,
79,88,
123,-1,
32,-19,
3,0,
0,16,
26,-32,
-5,51,
-12,45,
-6,33,
-4,-21,
-13,-25,
-28,-17,
10,-29,
-20,-30,
-22,14,
-31,-3,
-54,-31,
-39,35,
20,-12,
38,-21,
7,-31,
5,-3,
9,-48,
26,-60,
33,5,
-16,-3,
-52,-8,
-2,105,
44,19,
47,-4,
48,6,
56,-36,
30,-1,
21,-3,
-11,-37,
1,-45,
22,-1,
0,21,
-106,140,
-874,885,
-3826,3239,
-7023,4772,
-7710,3942,
-7242,2010,
-2450,-1066,
1003,-1562,
1027,304,
79,3126,
-1203,5275,
-2342,4322,
-1942,1170,
-764,-562,
-457,-517,
-1027,251,
-1210,539,
-520,188,
160,-204,
53,1,
1,44,
-107,-90,
-218,-388,
376,-665,
828,-616,
991,-613,
488,-163,
-131,85,
-322,-17,
-150,-157,
-6,-93,
74,-107,
358,-281,
539,-370,
524,-285,
40,14,
-68,-70,
26,-189,
448,-76,
482,-110,
300,-18,
106,36,
92,-105,
67,-278,
135,-323,
148,-203,
173,-44,
266,21,
279,-33,
249,-73,
263,-76,
96,21,
79,-18,
96,-12,
-2,-98,
-97,-119,
-84,-138,
0,-227,
100,-219,
155,-276,
185,-230,
223,-152,
224,-29,
168,53,
36,-2,
-16,-14,
-34,-19,
-8,-22,
0,-54,
14,-147,
149,-197,
312,-213,
379,-110,
422,-220,
439,-227,
535,-62,
487,101,
302,192,
154,96,
140,-84,
337,-278,
342,-349,
314,-312,
37,-56,
32,-26,
51,38,
197,5,
123,5,
27,16,
-1,-110,
95,-195,
154,-156,
204,-95,
169,20,
87,19,
29,-26,
67,-102,
92,-84,
176,-33,
82,67,
47,74,
39,11,
136,-20,
51,-37,
79,-55,
180,-180,
243,-69,
187,26,
165,43,
143,53,
114,54,
128,26,
42,-24,
20,15,
76,-24,
38,4,
42,7,
113,11,
351,-22,
202,-9,
95,-62,
2,-212,
63,-295,
131,-165,
162,-102,
126,-50,
110,-39,
108,10,
120,22,
72,-66,
160,-17,
81,9,
-7,-36,
-14,-85,
27,-155,
107,-85,
123,-20,
83,51,
63,-40,
71,-73,
130,-48,
97,-32,
131,-67,
65,-31,
70,-1,
80,35,
102,-25,
25,-3,
1,-21,
12,-35,
31,-31,
97,-8,
79,-4,
29,-10,
36,21,
44,24,
92,-5,
109,-16,
93,-51,
173,-72,
198,-85,
00>
_________________________________
00>
RX Timestamp: 262641320694
00>
Clock Offset: -1625.347 Hz, 0.203 ppm
00>
RX Timestamp: 263712123002
00>
Clock Offset: -2703.953 Hz, 0.339 ppm
00>