Sequence Number: 114
00>
00>
Printing STS0 CIR
00>
00>
_________________________________
00>
20,-16,
-127,-33,
-3,-71,
34,-15,
-55,-57,
-18,-43,
70,13,
2,52,
-6,42,
-62,-4,
-38,4,
19,-49,
-15,-27,
-27,19,
-3,-25,
-11,-17,
47,53,
-6,3,
-16,38,
-40,-27,
-16,-11,
-2,18,
-34,-4,
40,71,
74,11,
35,-10,
18,-2,
-50,64,
-91,40,
-46,-28,
-6,-41,
-15,27,
-7,-7,
-5,2,
39,-68,
-2,-3,
0,15,
-6,5,
-25,26,
29,81,
-32,67,
-6,-6,
-6,-60,
44,-7,
45,10,
117,3,
32,12,
-15,101,
-12,57,
22,39,
88,-43,
47,-57,
81,21,
40,105,
44,56,
41,9,
-39,37,
-118,1,
-92,9,
66,-75,
72,-1,
23,17,
78,55,
-11,45,
-84,2,
-50,14,
33,-4,
47,7,
121,27,
98,69,
17,11,
-58,-3,
30,56,
62,44,
20,12,
-20,-25,
-8,12,
64,56,
49,-18,
-34,-12,
-37,1,
63,39,
91,38,
107,-10,
94,-4,
22,-7,
19,21,
39,61,
11,25,
94,-3,
45,-32,
22,-18,
0,-42,
-13,27,
-35,46,
40,48,
15,-36,
-24,-4,
54,54,
-33,42,
-29,11,
-7,2,
-1,45,
-5,72,
50,-12,
2,-70,
-62,38,
-20,26,
13,-7,
23,56,
47,53,
42,17,
31,-38,
16,21,
28,-44,
-53,14,
-60,7,
-23,-57,
68,-13,
69,-44,
31,3,
-22,-55,
-18,34,
6,1,
-9,46,
-26,51,
1,0,
-12,-1,
10,12,
16,-47,
61,-44,
96,33,
74,-4,
91,-19,
-18,-33,
-18,-92,
-3,-15,
-8,55,
13,-43,
34,-62,
113,-61,
53,44,
-7,42,
7,-6,
-17,-11,
34,21,
0,-14,
58,23,
115,56,
57,-31,
50,-3,
-38,-24,
-37,-8,
-124,-63,
-31,-65,
21,-13,
94,-28,
78,27,
32,6,
-24,-11,
18,25,
16,27,
32,110,
85,76,
42,74,
12,13,
-13,-39,
-12,-15,
-54,-10,
-41,36,
-19,-44,
46,-76,
30,17,
-76,45,
-34,-35,
51,-45,
54,32,
-4,118,
-73,76,
-125,-16,
-52,-1,
57,-35,
19,-1,
68,21,
36,20,
-33,3,
30,8,
39,44,
31,-10,
43,-32,
59,-34,
-5,17,
2,-27,
-21,-30,
38,17,
-17,-33,
-54,-30,
-4,-62,
28,-32,
73,72,
14,107,
-16,-12,
-46,3,
-71,33,
-19,21,
-6,14,
-22,2,
29,38,
66,40,
-48,25,
-9,107,
52,7,
113,2,
146,38,
33,56,
-85,-9,
-99,-25,
-58,0,
-12,-28,
54,-63,
56,-102,
20,-30,
-40,16,
-73,45,
13,58,
-30,26,
24,19,
11,1,
-26,-43,
-102,-41,
31,37,
52,47,
21,52,
15,-23,
40,-67,
18,-26,
29,-2,
31,-4,
-3,29,
102,38,
41,22,
44,-7,
2,9,
18,13,
80,11,
-11,21,
27,4,
5,-50,
39,22,
19,26,
-51,-51,
-87,-23,
5,-14,
6,38,
17,50,
54,-2,
26,5,
-34,-20,
57,-1,
95,10,
48,18,
9,30,
-87,-7,
1,-55,
1,-44,
-3,40,
41,70,
32,81,
-27,29,
-35,-45,
12,-33,
-5,-99,
-9,-45,
56,47,
35,-29,
24,-36,
26,-14,
4,-21,
22,-33,
-10,19,
18,76,
-13,44,
41,70,
-39,4,
-40,29,
-80,0,
-95,-11,
4,17,
45,10,
46,-21,
13,29,
-46,6,
-47,-35,
-4,1,
20,2,
-62,-18,
-33,3,
-18,27,
81,47,
54,55,
52,66,
-13,-17,
-9,-43,
26,15,
20,-18,
-7,-14,
-25,-18,
-29,19,
-3,31,
19,83,
24,24,
14,-37,
0,-20,
-18,27,
78,40,
49,-37,
46,-64,
-49,23,
0,7,
7,6,
-26,-19,
-52,-29,
18,38,
-17,1,
-67,8,
-28,-16,
33,15,
68,-17,
-8,7,
-21,61,
5,-10,
0,22,
-15,20,
38,72,
7,34,
12,17,
64,49,
26,34,
-33,31,
-19,-30,
-22,19,
11,18,
-40,26,
13,-29,
-32,-30,
-8,-1,
6,16,
-50,68,
-44,12,
-29,-1,
3,-10,
94,-6,
-34,82,
-155,-412,
-143,-2725,
939,-6835,
2373,-7499,
3388,-5135,
1968,778,
571,2944,
-386,1693,
-1540,1013,
-4086,1357,
-6054,196,
-5103,-2054,
-1815,-2446,
447,-880,
710,256,
149,234,
152,-182,
580,-480,
605,-155,
240,40,
-28,127,
-41,-45,
29,-209,
-17,-68,
-163,129,
-206,300,
-79,168,
-7,-55,
-1,-379,
70,-519,
64,-468,
38,-177,
62,99,
163,254,
269,115,
240,30,
259,-85,
202,65,
139,139,
-29,-11,
-226,-172,
-208,-136,
-119,88,
-120,178,
-158,62,
-269,15,
-93,-19,
-13,-71,
66,-73,
-13,-135,
-179,-6,
-34,34,
-8,58,
-18,79,
15,99,
-22,216,
-20,257,
-57,268,
-153,267,
-202,202,
-33,200,
9,248,
-48,189,
32,110,
-73,75,
-67,233,
-23,125,
91,9,
20,53,
66,182,
65,266,
117,159,
150,16,
126,-23,
27,25,
101,85,
243,260,
421,246,
364,226,
209,172,
75,93,
42,14,
-18,-26,
-42,-16,
1,-61,
67,66,
73,97,
4,3,
40,27,
64,80,
70,-22,
79,-16,
120,36,
150,140,
66,103,
20,68,
-25,26,
-14,4,
81,-19,
88,2,
-15,-69,
-122,-53,
-81,36,
-24,129,
70,126,
-26,42,
31,-39,
20,-33,
64,110,
57,129,
-38,119,
-98,81,
-99,9,
-38,40,
21,74,
4,-3,
-51,68,
-19,125,
50,207,
28,114,
-9,142,
-38,29,
-63,15,
8,90,
28,84,
-1,49,
28,16,
92,68,
71,48,
48,20,
-48,33,
-94,6,
-63,-24,
-8,52,
134,129,
87,64,
69,66,
-15,67,
-1,96,
-24,154,
2,89,
102,22,
72,43,
66,-1,
38,-4,
20,18,
49,24,
32,15,
-6,-25,
63,74,
103,45,
57,17,
-15,24,
-32,-29,
89,-41,
79,14,
94,46,
96,16,
22,16,
00>
_________________________________
00>
00>
Printing STS1 CIR
00>
00>
_________________________________
00>
-50,95,
-13,59,
49,21,
101,-69,
121,-84,
94,-56,
72,12,
30,-9,
-3,22,
-32,-46,
-27,4,
35,-20,
38,25,
8,23,
25,-9,
-7,-32,
-20,-28,
16,46,
-93,41,
-45,24,
33,-22,
-49,-27,
-32,-52,
13,3,
68,36,
20,48,
-33,41,
15,26,
33,13,
35,0,
-16,18,
-15,-21,
-9,18,
49,-59,
82,-40,
62,-35,
78,-11,
73,-25,
18,-1,
52,66,
13,34,
40,3,
67,33,
54,65,
23,63,
-10,48,
2,50,
-53,22,
3,1,
32,-36,
39,-14,
-30,-59,
-42,-6,
-3,-15,
-59,-44,
-36,-76,
20,-46,
30,-79,
117,-37,
8,-33,
-48,21,
34,66,
63,47,
-4,-8,
14,13,
31,-21,
-6,15,
-13,50,
-1,25,
-96,-52,
-14,-55,
13,-90,
61,-60,
22,-20,
45,14,
34,-16,
22,-13,
13,17,
-5,18,
-55,-13,
18,-11,
18,10,
30,45,
49,13,
16,9,
61,17,
32,4,
1,97,
46,53,
25,3,
-3,-40,
-8,0,
-44,51,
37,7,
66,18,
51,-31,
59,-38,
28,-24,
7,14,
9,8,
32,-14,
61,19,
29,14,
-7,17,
9,-19,
105,18,
43,-17,
42,-37,
40,35,
-16,35,
25,-6,
60,-23,
-10,-14,
-42,-18,
41,14,
33,-3,
22,6,
18,-64,
32,-27,
14,33,
17,16,
34,17,
49,43,
6,-3,
-71,-31,
39,-26,
30,5,
39,68,
-9,-2,
7,-7,
6,2,
27,21,
2,9,
28,-28,
58,-25,
57,29,
-30,38,
-28,59,
70,14,
10,55,
-33,30,
-9,16,
9,20,
-1,-27,
1,57,
-10,1,
33,11,
-4,1,
12,30,
-14,65,
-5,48,
-1,-13,
-21,14,
22,26,
31,-84,
38,-92,
33,-1,
6,93,
-23,52,
18,29,
-42,2,
-31,78,
-23,71,
-19,35,
18,51,
37,0,
36,9,
-21,1,
33,2,
-21,30,
10,26,
65,29,
97,16,
-19,36,
-32,-28,
49,-13,
48,7,
27,-11,
27,-46,
4,-39,
-14,43,
4,38,
-6,-29,
-16,22,
-20,38,
-44,17,
-1,-6,
74,-55,
1,16,
-69,31,
-24,-10,
48,31,
30,31,
-2,-22,
6,-21,
54,-26,
38,-27,
-55,12,
-38,11,
-14,9,
14,-36,
35,-61,
-38,33,
22,73,
38,102,
35,32,
11,39,
7,-6,
-1,-2,
20,29,
30,53,
6,73,
-26,28,
-60,16,
-37,-37,
17,-31,
-2,10,
7,-75,
48,-63,
-19,-38,
-17,-26,
39,-12,
37,34,
18,-4,
-17,-36,
9,14,
11,83,
-1,91,
-65,65,
-5,-11,
18,10,
38,33,
61,-20,
23,18,
5,0,
10,-11,
46,-87,
-6,5,
22,18,
2,24,
-29,-24,
2,-40,
-27,46,
-87,95,
-69,57,
-47,58,
7,-6,
-13,-20,
35,31,
6,18,
-9,-5,
-52,4,
-11,-51,
1,-28,
38,-59,
36,-7,
19,3,
-3,78,
28,71,
6,45,
-66,44,
-40,27,
17,46,
-12,10,
-34,-7,
-7,-2,
-49,-15,
-39,14,
-1,-5,
102,-12,
29,-59,
20,-5,
4,-16,
29,-16,
15,0,
25,15,
28,13,
-88,16,
-66,38,
-23,-4,
3,22,
69,52,
4,53,
49,-24,
-4,-11,
-27,-36,
0,5,
-25,-16,
2,36,
14,39,
2,19,
27,52,
-17,53,
4,33,
-22,40,
-21,31,
-29,26,
3,1,
-62,-54,
-19,-17,
33,0,
32,-25,
-30,19,
-50,-35,
7,38,
26,-64,
-10,12,
41,7,
27,22,
30,8,
57,25,
8,61,
5,76,
-21,-47,
-16,-44,
3,-14,
30,52,
-8,21,
34,30,
38,64,
45,16,
52,-30,
13,3,
-27,11,
-41,61,
-89,-52,
-42,-43,
19,24,
52,-6,
81,-55,
50,-56,
9,5,
-28,46,
-30,60,
-33,59,
-23,6,
24,-45,
-6,48,
-6,56,
-23,68,
42,48,
9,74,
26,54,
15,80,
10,-5,
-28,-39,
-38,-32,
-23,-27,
-2,-8,
7,64,
-12,104,
28,54,
39,2,
-430,-382,
-1808,-2852,
-3233,-6556,
-2990,-7518,
-1263,-5419,
1095,49,
2007,2358,
983,870,
274,-1056,
924,-1976,
2463,-1823,
2843,-921,
1663,44,
394,211,
-182,-14,
-336,-58,
-654,147,
-1100,381,
-772,412,
-192,185,
308,256,
188,40,
-107,-89,
-209,27,
-167,332,
-122,451,
-190,326,
-291,134,
-320,113,
-336,383,
-248,492,
-115,386,
-60,209,
25,190,
0,85,
24,-23,
87,-68,
83,156,
59,356,
61,404,
123,471,
267,378,
328,265,
242,174,
19,113,
-95,160,
-12,191,
78,209,
-13,195,
-192,186,
-227,141,
-56,46,
120,28,
131,50,
80,140,
93,108,
159,112,
206,137,
229,68,
205,100,
174,110,
120,176,
88,185,
-39,244,
-88,256,
-150,327,
-48,188,
81,43,
25,35,
-72,92,
-161,193,
-178,125,
-7,15,
179,113,
148,131,
137,259,
142,198,
175,164,
132,219,
28,162,
-38,152,
-17,153,
22,80,
32,50,
63,123,
38,169,
-15,150,
-34,86,
0,-115,
13,-123,
-5,-62,
45,85,
34,134,
0,75,
104,22,
63,-2,
55,1,
86,28,
48,32,
-1,21,
-61,38,
-30,11,
5,-18,
108,-33,
74,-49,
62,8,
-11,-19,
22,-40,
-30,52,
-71,117,
-49,107,
-89,50,
-85,109,
-23,73,
-58,69,
5,43,
-19,56,
-45,94,
-4,86,
37,51,
43,37,
-21,40,
-141,105,
-70,135,
-61,113,
-4,117,
-3,136,
34,78,
4,16,
6,23,
-44,37,
-54,-1,
-45,65,
-30,67,
-59,52,
9,43,
-6,-32,
-3,-13,
18,15,
14,22,
75,0,
26,53,
40,33,
9,51,
-27,48,
-25,102,
-8,46,
5,-4,
-5,3,
6,67,
2,185,
95,140,
22,32,
11,-20,
-9,35,
59,135,
23,74,
16,28,
-13,77,
00>
_________________________________
00>
_________________________________
Sequence Number: 117
00>
00>
Printing STS0 CIR
00>
00>
_________________________________
00>
57,33,
1,36,
16,21,
-16,43,
-16,1,
-1,22,
9,-16,
-30,25,
-14,-70,
35,-68,
-14,-6,
61,14,
-31,-13,
-4,-1,
-13,-39,
-51,-5,
43,38,
66,12,
11,-38,
23,-7,
-20,-22,
-14,59,
-20,86,
10,29,
25,49,
24,44,
69,40,
15,52,
-21,-12,
6,36,
62,58,
56,60,
15,72,
7,45,
4,0,
38,11,
17,31,
69,21,
23,40,
37,29,
53,35,
40,50,
15,32,
6,23,
-11,1,
-26,-25,
-18,33,
43,-27,
63,11,
-11,-17,
-60,-12,
14,-13,
13,40,
11,0,
-33,24,
14,-29,
12,13,
60,-22,
55,32,
9,37,
-33,-24,
-22,-15,
45,7,
49,25,
18,47,
-25,62,
-24,25,
-3,9,
7,-17,
34,33,
11,18,
17,32,
-20,10,
-28,27,
-32,63,
-68,44,
-74,18,
34,49,
13,12,
42,72,
-88,19,
-37,1,
0,5,
58,64,
27,32,
-29,-14,
-24,22,
6,25,
0,-7,
8,19,
-15,69,
-18,73,
-32,-48,
-32,-25,
10,45,
-31,94,
-30,74,
16,21,
-15,26,
-5,0,
-18,43,
17,6,
31,10,
56,-27,
-4,67,
4,41,
-38,-12,
24,33,
17,42,
62,57,
86,58,
81,74,
0,20,
-81,61,
-36,-6,
-38,-2,
7,1,
-37,51,
-46,81,
46,82,
4,91,
2,99,
-18,42,
7,7,
33,-44,
18,-21,
39,65,
74,58,
35,84,
-22,84,
-35,91,
23,40,
58,-45,
30,0,
56,13,
72,29,
26,4,
21,-32,
-41,-55,
8,-6,
-11,18,
37,11,
-7,28,
-19,-22,
37,1,
58,42,
-20,24,
-54,52,
-33,39,
-10,13,
20,0,
-86,30,
-49,0,
-36,52,
-56,73,
-35,66,
61,-11,
57,-22,
35,56,
-19,48,
-18,43,
46,-8,
118,25,
54,59,
16,28,
14,11,
22,18,
-16,14,
34,-3,
-1,14,
4,11,
-5,29,
76,78,
-3,3,
-74,33,
-18,32,
91,66,
43,0,
28,11,
16,9,
0,86,
12,54,
-37,45,
-36,12,
-4,112,
3,47,
53,44,
14,-20,
42,6,
19,51,
44,92,
-16,10,
54,68,
14,-34,
-38,-31,
-44,0,
39,-18,
-11,22,
-24,26,
67,25,
1,-16,
-35,39,
-4,75,
67,35,
-68,-42,
-40,-11,
8,25,
80,-3,
-90,-16,
-147,11,
-37,-9,
64,10,
42,40,
-27,-3,
41,-10,
-9,49,
9,29,
-24,-3,
-37,46,
-59,78,
-31,62,
-43,20,
50,-4,
22,-35,
9,-11,
-4,18,
6,61,
23,78,
39,50,
-38,-25,
22,3,
-15,-11,
11,40,
11,6,
39,66,
84,27,
61,4,
93,36,
17,30,
31,35,
5,-33,
55,20,
19,47,
4,15,
32,30,
-1,-28,
15,-10,
-8,-18,
-39,29,
-10,31,
31,6,
-4,9,
43,24,
13,-23,
25,10,
-50,63,
19,50,
43,11,
37,-1,
-23,-30,
-79,-26,
14,31,
44,-58,
-2,-2,
13,31,
-17,86,
1,29,
0,-15,
43,44,
1,49,
17,72,
51,33,
34,35,
14,87,
2,99,
-6,40,
5,-4,
-1,12,
-32,-83,
12,-22,
-1,-52,
30,-35,
-2,-58,
11,-2,
9,74,
13,90,
37,9,
-18,-47,
30,-49,
21,36,
21,62,
-21,41,
52,52,
23,47,
-15,12,
-47,-14,
-18,20,
-23,43,
12,45,
47,11,
26,-47,
22,-7,
70,33,
24,-8,
-74,-26,
-16,53,
14,82,
-29,-7,
4,-8,
34,14,
6,29,
-38,52,
-28,71,
-22,64,
55,2,
0,35,
50,18,
-4,-23,
11,-29,
61,-36,
-5,12,
26,55,
-9,59,
32,-25,
25,-70,
21,1,
-20,48,
55,19,
-6,-23,
44,22,
60,59,
19,73,
-17,34,
-11,-13,
-21,6,
-37,-72,
52,-78,
28,42,
26,25,
51,12,
-7,12,
20,-27,
27,1,
33,26,
8,22,
-58,93,
-27,30,
-30,-11,
11,26,
37,-16,
97,27,
62,122,
101,28,
2,-15,
-44,-9,
-33,46,
5,-11,
-186,3,
-1658,-36,
-6050,-168,
-7976,-852,
-7735,-2289,
-3524,-3084,
1294,-1811,
1685,-257,
-30,770,
-1866,1398,
-3035,1186,
-2988,9,
-1706,-744,
-392,-482,
218,-45,
323,115,
510,132,
1042,231,
918,189,
102,84,
-62,38,
-213,267,
-42,497,
154,387,
351,75,
399,-104,
191,-176,
2,-50,
120,86,
279,50,
306,-61,
180,-83,
119,-70,
14,-17,
29,-6,
-12,21,
16,-21,
205,-124,
304,-133,
388,-105,
284,-137,
160,-57,
81,23,
141,99,
278,61,
245,31,
240,-12,
216,-45,
182,8,
97,124,
90,172,
-12,103,
-63,66,
-53,103,
38,114,
152,138,
31,10,
-33,5,
42,-25,
4,-23,
18,-27,
69,-42,
116,3,
233,37,
235,96,
143,82,
72,0,
12,49,
-1,87,
268,120,
222,-114,
171,-79,
111,23,
61,105,
60,199,
66,188,
1,46,
-39,-64,
-97,-119,
14,-87,
88,20,
240,121,
113,203,
29,92,
26,19,
103,42,
95,69,
111,28,
78,15,
137,25,
134,88,
75,115,
43,87,
-30,-3,
65,9,
76,26,
122,53,
132,32,
139,2,
21,-35,
13,-5,
109,78,
79,36,
82,58,
-9,-13,
26,-17,
139,38,
118,49,
113,9,
116,19,
119,29,
77,41,
120,35,
53,61,
74,35,
43,75,
53,25,
78,-8,
95,-54,
86,18,
126,60,
123,50,
153,38,
112,55,
15,31,
0,47,
55,-19,
81,-25,
116,-76,
112,-26,
50,-20,
49,39,
66,118,
172,83,
148,-17,
177,-60,
65,12,
104,100,
114,76,
129,36,
109,69,
63,44,
22,1,
51,21,
64,11,
122,-8,
88,-9,
39,0,
57,48,
-13,51,
43,-29,
11,-82,
39,18,
-12,44,
64,66,
00>
_________________________________
00>
00>
Printing STS1 CIR
00>
00>
_________________________________
00>
12,71,
-49,17,
24,1,
33,-28,
48,31,
-3,8,
1,25,
-28,21,
11,-34,
-19,-37,
-36,-50,
31,14,
70,59,
62,22,
13,16,
16,14,
-10,11,
-23,-37,
-23,10,
17,23,
41,39,
-1,6,
-19,-29,
-26,-14,
-1,-53,
-36,-82,
-12,-54,
15,-8,
20,-37,
38,-5,
14,35,
-50,53,
-48,79,
33,74,
10,81,
-24,-24,
-2,-17,
48,27,
14,2,
8,19,
-1,-26,
3,28,
-19,-16,
-24,-4,
4,14,
78,33,
46,34,
5,50,
-23,21,
-54,-19,
-12,-41,
-37,-18,
20,-37,
27,-25,
-1,40,
-10,16,
-39,20,
-48,-40,
-17,-7,
38,-24,
9,27,
17,-52,
-22,1,
-67,77,
-19,11,
31,41,
36,5,
77,-65,
26,-15,
-16,49,
-67,-44,
-35,-7,
0,-26,
35,32,
34,44,
-13,78,
-13,19,
-46,40,
-3,-22,
89,-59,
8,-48,
12,-21,
-3,-39,
8,-45,
24,-45,
16,11,
-1,23,
33,-20,
25,-33,
-22,-84,
-39,-47,
23,-11,
33,-16,
8,-20,
12,18,
15,35,
45,64,
89,78,
-8,33,
-7,19,
-16,-42,
15,-4,
14,17,
27,24,
37,5,
57,13,
10,15,
-19,-1,
-12,27,
12,26,
-19,33,
-43,85,
16,32,
23,-17,
-4,15,
33,-3,
-2,-2,
16,53,
64,28,
86,-8,
51,-6,
-29,-9,
-83,5,
-61,70,
-28,23,
2,44,
17,59,
-9,55,
39,27,
22,33,
33,1,
-33,-48,
-37,-38,
-41,-41,
-22,25,
44,12,
-2,-27,
-55,-16,
-90,37,
-30,35,
0,61,
67,76,
77,43,
89,10,
45,10,
1,22,
12,10,
40,4,
-2,54,
-7,68,
46,22,
-2,95,
28,115,
30,112,
19,47,
23,-13,
66,-22,
44,9,
31,46,
27,10,
26,9,
33,89,
15,61,
-68,-10,
-3,-47,
49,-23,
54,32,
81,28,
99,59,
102,73,
83,20,
43,-81,
15,-40,
21,7,
11,-20,
11,-25,
12,-19,
11,19,
-14,1,
0,-47,
-6,14,
-38,20,
-38,-66,
14,-3,
25,-4,
37,-49,
-78,-45,
-35,-16,
26,-10,
41,-16,
25,20,
69,-55,
48,-16,
-36,35,
12,9,
46,26,
87,17,
27,19,
12,15,
25,29,
52,64,
45,65,
12,-32,
16,-25,
5,-3,
44,3,
21,-6,
-7,9,
8,21,
-66,15,
-59,23,
-24,-11,
42,4,
69,27,
5,57,
-31,60,
-12,-25,
14,9,
2,52,
-19,64,
-16,-8,
-44,-30,
-27,8,
-47,48,
-32,111,
0,44,
-2,5,
55,16,
65,3,
24,-19,
-2,8,
-50,38,
2,3,
-17,4,
33,-38,
44,-38,
43,-11,
89,21,
7,41,
43,-1,
7,-26,
20,-18,
23,-48,
-20,-43,
0,-7,
36,48,
9,38,
55,16,
67,32,
13,56,
36,49,
0,59,
54,21,
3,6,
-26,14,
-15,55,
-6,63,
62,25,
48,37,
1,28,
22,-2,
12,10,
-56,-23,
-21,45,
-14,58,
-2,28,
-3,19,
-1,-2,
37,11,
-6,3,
61,5,
47,-11,
54,40,
4,49,
-12,-5,
9,-21,
85,4,
47,1,
30,23,
-16,-11,
5,-19,
37,14,
30,36,
38,22,
10,15,
18,-4,
-8,-23,
-37,-53,
-35,-46,
10,-21,
17,-50,
13,40,
22,25,
4,-9,
-6,-24,
-23,-30,
-6,-23,
17,-43,
121,-42,
22,42,
-68,84,
3,11,
-7,28,
-3,19,
35,61,
23,-8,
89,-5,
43,-7,
57,-36,
26,-3,
53,-36,
29,58,
4,-44,
26,-67,
10,-82,
-15,-54,
38,26,
94,29,
55,-53,
-6,-38,
19,22,
51,8,
26,-30,
53,11,
25,20,
39,29,
-10,34,
-63,-5,
-6,26,
6,3,
5,56,
-74,62,
-48,3,
13,24,
31,40,
44,-29,
28,-30,
-24,-42,
52,-34,
81,-16,
64,36,
-9,49,
-62,34,
35,36,
84,60,
32,-5,
-60,-25,
20,21,
40,-8,
8,-24,
-63,17,
-82,14,
36,-21,
50,-26,
4,25,
-15,4,
-56,14,
-286,200,
-1831,1504,
-5749,4121,
-7312,4640,
-7463,3863,
-3335,651,
1139,-1342,
1693,-771,
623,196,
729,-136,
1851,-1157,
2275,-1253,
1468,-385,
530,159,
-10,105,
-239,-310,
-321,-649,
-291,-710,
-222,-359,
64,76,
108,397,
-193,589,
-156,460,
178,215,
479,-78,
572,-305,
378,-291,
13,-137,
-182,7,
-190,142,
-57,108,
110,20,
290,-135,
321,-184,
116,10,
-52,-19,
-92,-113,
203,-184,
331,-112,
333,121,
197,191,
101,208,
14,33,
73,-138,
161,-139,
123,-140,
56,-108,
-68,-65,
-170,6,
-106,211,
93,261,
105,143,
105,89,
157,-14,
-39,19,
-135,27,
-58,-54,
56,-45,
116,8,
155,10,
125,-89,
62,-143,
149,-110,
156,49,
149,60,
63,24,
21,63,
29,18,
35,104,
259,49,
325,-52,
252,-165,
101,-96,
-76,-98,
-32,27,
-21,45,
-80,-35,
-72,-106,
-55,-212,
-13,-187,
73,-169,
115,-12,
119,16,
45,25,
14,-37,
-13,21,
-6,-9,
-20,14,
79,-78,
67,-43,
114,-102,
138,-18,
74,-40,
43,-101,
54,-122,
41,-64,
92,8,
53,11,
35,6,
-32,-56,
-25,-111,
110,-114,
72,-80,
48,-54,
32,-29,
-28,27,
1,-5,
63,-4,
97,20,
76,-4,
92,-53,
35,-86,
6,-89,
34,-30,
34,-32,
40,30,
48,0,
78,-67,
15,-59,
75,-25,
89,-50,
62,-41,
45,-75,
89,-63,
72,-33,
58,2,
23,-18,
34,-28,
30,-16,
33,-2,
-43,-49,
-19,-72,
21,-11,
111,-6,
119,-35,
79,-67,
61,-78,
88,-28,
48,31,
45,-1,
73,-18,
57,-35,
20,4,
27,-8,
63,13,
44,10,
23,-44,
45,24,
13,31,
-10,8,
13,6,
77,-23,
-12,5,
16,7,
27,8,
00>
_________________________________
00>
RX Timestamp: 395550636277
00>
Clock Offset: 1476.574 Hz, -0.185 ppm
00>
RX Timestamp: 396622749701
00>
Clock Offset: 1387.310 Hz, -0.174 ppm
00>
_________________________________
Sequence Number: 250
00>
00>
Printing STS0 CIR
00>
00>
_________________________________
00>
-36,17,
-28,-46,
3,-10,
17,-4,
10,50,
4,-16,
-2,85,
8,25,
51,-6,
-12,-55,
-14,41,
1,55,
-70,-1,
-52,23,
32,1,
-15,-6,
45,-15,
22,-30,
-25,-37,
-77,-7,
-110,59,
-96,20,
-23,-11,
-3,1,
-2,-21,
4,1,
32,-33,
18,-35,
-12,19,
49,103,
65,25,
-1,-13,
-38,-50,
-40,-66,
35,-53,
-9,14,
10,0,
13,46,
-18,72,
-10,-9,
12,18,
-10,0,
-54,-18,
-21,-12,
5,1,
96,59,
81,57,
-4,1,
-7,21,
-42,52,
41,39,
29,51,
-3,-41,
-81,-22,
10,8,
19,38,
29,-38,
36,-6,
-89,46,
-56,-46,
2,8,
-36,-41,
19,3,
40,29,
27,20,
-26,4,
38,4,
17,48,
-10,16,
-98,27,
2,75,
44,150,
39,32,
-7,4,
71,-62,
115,33,
13,69,
-10,97,
-51,29,
-10,28,
41,-28,
-15,-6,
6,6,
-95,25,
-133,2,
-92,41,
-16,60,
25,-40,
12,-67,
51,16,
-13,-20,
-55,-11,
63,35,
68,166,
-28,105,
-15,6,
56,-25,
25,1,
-25,-21,
-75,-27,
-122,-25,
-62,-33,
55,-58,
116,75,
57,-7,
0,6,
-23,-22,
34,62,
-28,111,
-85,72,
-39,-82,
1,-17,
-14,-13,
16,21,
10,23,
15,13,
60,69,
-39,13,
-57,36,
-32,-4,
18,15,
-33,6,
20,-18,
22,-26,
26,42,
31,1,
40,55,
-15,-36,
-44,-85,
40,-11,
140,25,
37,-22,
55,11,
109,62,
33,23,
53,31,
12,41,
-3,9,
-26,-20,
54,-13,
9,48,
61,64,
6,60,
-87,-40,
-39,5,
26,56,
58,35,
51,-22,
-31,53,
-42,13,
-28,-6,
-34,-14,
0,-18,
-36,-64,
39,-50,
14,12,
15,29,
-52,-5,
-1,20,
36,20,
87,41,
30,4,
-24,-4,
3,16,
-3,-7,
-64,-18,
-34,-79,
-64,-111,
49,-41,
35,34,
-19,36,
-19,-7,
-46,20,
-55,0,
19,-5,
40,-1,
10,5,
-10,57,
-22,23,
2,-12,
-21,-20,
31,25,
47,-4,
14,-2,
-45,8,
-46,12,
-21,51,
-12,20,
-67,-13,
-104,9,
4,-10,
103,15,
29,-10,
-36,8,
-75,-8,
22,22,
33,28,
36,13,
-9,-35,
-18,50,
-10,7,
-15,-23,
22,26,
-19,-5,
-102,-51,
-22,-32,
-18,3,
-8,22,
33,-9,
62,2,
13,-29,
37,2,
0,35,
38,28,
57,44,
76,73,
17,-43,
-100,42,
-40,25,
94,86,
77,49,
27,-10,
-51,-3,
22,19,
52,41,
54,10,
-3,-59,
-23,57,
-76,-6,
-54,-11,
-14,31,
-45,28,
-48,-22,
12,-64,
-8,-37,
-55,-31,
10,-19,
22,64,
6,1,
-36,-23,
-28,-33,
-21,14,
-30,-21,
-43,-7,
18,36,
39,9,
1,28,
28,54,
36,36,
-42,15,
-10,13,
-13,-25,
-35,-41,
51,-30,
-21,-20,
-40,45,
-92,71,
-30,-12,
4,29,
-6,-8,
21,16,
15,-20,
10,32,
54,-3,
33,47,
1,24,
66,-7,
36,13,
78,19,
19,28,
-11,-51,
-14,60,
18,58,
19,6,
24,8,
36,-21,
71,-32,
24,-50,
54,-24,
-29,-34,
-36,35,
29,35,
17,79,
-94,31,
-31,34,
-19,-5,
-65,-7,
-18,1,
-45,47,
31,41,
13,72,
7,-21,
13,27,
-12,6,
10,43,
-80,-13,
39,-6,
58,59,
-7,44,
-48,40,
-9,61,
99,51,
26,24,
-25,38,
-33,-8,
22,42,
-22,25,
-49,11,
-51,23,
10,-39,
47,-54,
20,43,
49,71,
2,-32,
17,5,
1,30,
-4,61,
46,38,
64,29,
69,-20,
-2,2,
-24,-33,
-11,27,
-22,38,
-58,-19,
6,-9,
38,43,
33,0,
43,49,
10,42,
17,76,
-19,150,
8,91,
-56,80,
-96,28,
1,28,
46,58,
-7,18,
-13,-13,
-38,-40,
49,-3,
31,7,
115,54,
51,88,
25,18,
-87,34,
-35,24,
-27,9,
-16,-1,
51,-4,
13,-19,
27,-37,
-56,-78,
-68,-117,
-334,-1002,
-419,-4445,
712,-7699,
2037,-7470,
2644,-2637,
1702,2175,
493,2534,
-518,1109,
-1893,1182,
-4418,1571,
-5723,-166,
-4129,-2161,
-1101,-1732,
454,-164,
463,467,
166,133,
197,-369,
601,-488,
389,4,
122,131,
-73,168,
33,-61,
-20,-69,
-70,91,
-147,238,
-96,173,
-97,-30,
-140,-208,
-83,-406,
-18,-479,
7,-287,
75,14,
117,281,
220,295,
195,64,
232,-23,
281,-1,
162,55,
70,68,
-113,-53,
-158,-104,
-200,15,
-113,245,
-114,194,
-194,23,
-202,-7,
-123,-61,
-23,-65,
-33,-25,
-81,-43,
-181,46,
-85,46,
27,78,
44,97,
-11,160,
-3,275,
-24,383,
-97,343,
-264,170,
-144,152,
32,181,
87,191,
54,229,
-24,136,
-50,156,
-18,165,
-2,43,
88,82,
57,141,
130,261,
50,183,
116,37,
162,-18,
188,-128,
186,-39,
322,94,
330,303,
381,258,
324,284,
214,162,
113,83,
-69,6,
-81,-4,
-64,-42,
-18,42,
67,-8,
45,37,
24,38,
-7,72,
-9,166,
0,96,
43,-11,
28,55,
47,50,
52,51,
-14,68,
-1,26,
64,171,
73,85,
26,48,
-68,43,
-110,59,
-47,33,
28,74,
76,112,
69,41,
60,-8,
97,11,
40,50,
-95,15,
-65,71,
-37,92,
-12,80,
-20,112,
-78,57,
-52,16,
34,71,
66,100,
54,185,
40,88,
18,42,
-76,71,
-94,149,
-36,75,
13,33,
49,75,
44,38,
50,73,
-5,69,
-34,57,
46,-7,
59,40,
36,104,
-21,44,
17,79,
2,9,
-2,89,
6,17,
7,34,
-7,33,
22,-37,
47,51,
25,45,
4,109,
34,105,
49,144,
-35,68,
-5,59,
12,80,
119,-6,
84,24,
35,71,
22,40,
52,121,
-9,79,
-30,30,
-19,61,
21,73,
00>
_________________________________
00>
00>
Printing STS1 CIR
00>
00>
_________________________________
00>
-5,1,
1,6,
-49,54,
-31,17,
68,-42,
14,-45,
-18,-73,
5,37,
15,22,
-27,-24,
-38,-57,
20,44,
-37,53,
9,110,
28,116,
11,24,
-41,19,
-23,-36,
10,7,
-56,79,
-72,60,
-85,77,
-92,12,
-74,-52,
-76,-48,
14,17,
12,32,
-2,7,
-25,-76,
33,-73,
50,-63,
58,-14,
41,26,
-19,12,
5,29,
-20,36,
28,-27,
-17,-12,
-56,19,
12,50,
49,25,
-23,56,
0,47,
42,29,
41,-1,
-21,20,
18,1,
45,-63,
46,-24,
-12,32,
-72,47,
-48,68,
-40,6,
-65,-3,
-124,-13,
-53,-60,
11,-41,
-32,0,
-56,23,
19,-33,
41,-47,
-5,-34,
-4,-18,
0,-9,
-6,22,
-49,-30,
-11,-33,
-57,44,
-40,3,
-27,-1,
3,-14,
45,9,
4,-11,
9,-24,
34,-92,
57,-117,
33,-93,
-1,-25,
-13,-20,
48,-32,
14,3,
-7,6,
19,39,
10,-48,
1,27,
-10,51,
25,-14,
-33,-15,
-23,-12,
14,8,
-10,39,
-26,54,
-3,34,
10,-26,
13,-3,
34,-4,
36,2,
55,33,
5,34,
-59,133,
-54,78,
-57,35,
-90,-94,
5,-69,
-2,-7,
-3,25,
47,-11,
82,-13,
73,-45,
39,-22,
23,15,
59,-33,
-7,-12,
25,-32,
-24,43,
8,85,
-19,55,
26,9,
21,-85,
60,-46,
43,46,
38,9,
-19,-22,
15,35,
43,64,
48,5,
-35,17,
-17,55,
0,77,
49,41,
66,10,
10,18,
-4,-6,
-25,11,
-55,-19,
-16,0,
15,11,
41,23,
32,-65,
58,-51,
119,-4,
107,46,
17,-20,
25,-21,
20,31,
6,-28,
-35,21,
-9,25,
5,32,
38,61,
2,-12,
-1,-50,
6,-84,
-53,-103,
-46,-65,
31,-53,
54,-46,
19,-3,
58,19,
69,18,
17,-2,
-35,16,
-41,60,
-12,7,
21,21,
41,-34,
13,93,
-3,14,
-38,0,
-22,-22,
21,-14,
18,-17,
25,-9,
22,20,
71,-11,
-20,-13,
51,-19,
38,-32,
29,-58,
16,-46,
3,-10,
0,-9,
-22,-18,
-30,60,
-44,42,
-38,19,
34,28,
42,36,
1,18,
5,42,
-9,74,
2,-37,
42,14,
0,22,
-22,29,
52,-19,
52,-38,
15,2,
19,7,
42,-49,
72,16,
23,32,
-12,30,
4,13,
38,24,
65,35,
-27,19,
-61,19,
-3,-6,
32,-8,
13,8,
20,26,
15,-14,
12,-39,
6,-20,
15,-31,
29,-39,
23,1,
-21,39,
43,43,
50,13,
26,-2,
-5,14,
-22,-13,
-12,-9,
48,-7,
16,16,
24,7,
16,13,
61,18,
13,-43,
22,-36,
-37,-14,
13,-9,
-6,21,
12,80,
18,39,
5,18,
-16,8,
-42,51,
-82,5,
0,-23,
-25,-55,
-52,-9,
-66,25,
-18,35,
49,24,
37,-17,
13,-5,
11,19,
-4,-8,
-22,13,
-27,-13,
20,-45,
43,-29,
19,7,
-46,5,
-56,15,
-43,34,
-9,64,
11,47,
-9,-19,
34,-30,
1,14,
-31,50,
-15,14,
2,2,
-39,-50,
10,4,
23,30,
30,1,
38,-52,
0,-38,
35,-22,
79,8,
-11,-37,
-82,11,
-43,11,
7,-5,
31,7,
40,-4,
48,-1,
-3,1,
56,47,
46,-3,
67,2,
2,-7,
27,-43,
42,-25,
78,-7,
95,-35,
-4,55,
74,-26,
-1,-23,
10,-5,
34,14,
5,23,
-39,14,
-2,37,
-21,6,
37,0,
-27,-37,
8,11,
-45,22,
56,1,
48,-12,
-12,-3,
-7,36,
-22,51,
28,3,
-13,6,
-12,-66,
-11,-101,
64,-96,
64,-17,
-5,-15,
-27,40,
21,33,
18,36,
-6,7,
-3,-18,
-17,13,
-39,-2,
-26,-1,
-55,-5,
-15,12,
6,15,
31,12,
0,30,
31,-35,
-4,-43,
10,-37,
1,-2,
76,22,
0,32,
-27,4,
-41,19,
-8,17,
61,-5,
-3,-3,
-17,23,
-9,29,
15,-10,
21,50,
-44,-3,
-18,-18,
32,-48,
-11,-19,
-9,-12,
-3,3,
5,-5,
9,40,
-2,-3,
-119,-86,
-965,-709,
-3147,-3807,
-4434,-6566,
-3717,-6957,
-492,-2948,
1887,974,
1777,1523,
500,-35,
92,-1533,
1229,-2154,
2470,-1872,
2255,-749,
923,74,
-87,162,
-414,-26,
-465,65,
-766,366,
-1010,460,
-470,251,
87,91,
266,131,
127,50,
-67,57,
-128,223,
-74,399,
-98,336,
-136,144,
-123,60,
-182,186,
-209,360,
-121,342,
-135,296,
-20,172,
56,89,
-18,32,
7,-21,
14,40,
36,143,
96,323,
69,279,
229,311,
367,162,
307,135,
93,122,
-62,157,
-81,211,
24,173,
-11,221,
-75,231,
-150,174,
-150,81,
-111,40,
33,-31,
118,-12,
151,95,
141,187,
191,291,
135,180,
81,15,
56,2,
109,62,
87,151,
55,235,
-43,293,
-159,321,
-38,343,
-6,97,
20,44,
-3,49,
-159,108,
-180,148,
-22,89,
119,86,
128,160,
226,138,
281,156,
262,245,
246,262,
141,199,
15,119,
6,57,
-45,96,
34,71,
49,91,
76,116,
43,51,
-2,53,
-70,79,
3,-16,
6,-112,
56,-44,
56,18,
89,40,
86,52,
106,20,
8,-11,
-23,28,
4,32,
28,17,
69,-27,
35,33,
-29,59,
74,44,
131,-10,
85,-20,
-7,-9,
-54,77,
-28,83,
-20,114,
-73,104,
-54,68,
-38,75,
-84,21,
-94,17,
-31,87,
-65,93,
27,112,
84,105,
44,43,
-17,-20,
-39,4,
-88,35,
-98,4,
-72,2,
-81,45,
-58,1,
78,11,
66,-18,
31,67,
-56,93,
-31,90,
-29,58,
26,32,
12,-25,
19,-2,
-5,47,
-19,29,
-15,20,
40,31,
6,39,
23,59,
61,58,
-18,37,
-4,-32,
17,30,
-49,69,
-84,28,
-83,55,
-27,113,
-10,46,
43,70,
33,80,
82,104,
44,44,
62,49,
46,61,
-4,94,
-60,49,
00>
_________________________________
00>
_________________________________
Sequence Number: 253
00>
00>
Printing STS0 CIR
00>
00>
_________________________________
00>
16,35,
-38,-18,
22,-9,
-33,11,
-35,-56,
-18,-31,
-78,50,
12,1,
23,-50,
-1,-38,
-19,-25,
-9,-23,
0,-9,
-3,25,
-12,19,
-33,17,
25,-2,
25,39,
4,57,
-33,78,
-32,54,
-3,7,
30,-68,
45,-3,
11,13,
17,75,
17,-1,
-65,-59,
-26,-31,
-14,29,
-39,-9,
31,-52,
21,-41,
-31,-16,
-29,25,
-26,-18,
14,-36,
38,-14,
-15,15,
5,-6,
-34,-5,
10,-19,
7,20,
6,43,
14,-17,
21,-1,
25,19,
-22,-27,
-65,17,
-50,53,
62,76,
-11,33,
-32,-71,
-17,-46,
-10,-11,
-10,-4,
11,-28,
-3,-24,
-3,-47,
-35,17,
-10,-24,
-37,55,
-66,23,
2,1,
-16,-11,
35,-22,
4,0,
-9,-9,
-25,20,
34,55,
83,-20,
80,-1,
5,27,
-37,-13,
-30,49,
-5,30,
5,18,
33,-44,
21,-16,
-31,-22,
-9,1,
13,-43,
9,-4,
36,85,
23,-25,
-72,26,
-30,59,
42,-24,
1,65,
22,53,
13,-19,
3,-39,
52,-36,
31,-86,
35,-19,
12,39,
48,86,
43,97,
13,77,
15,42,
3,12,
-19,5,
-2,-19,
-28,-1,
-16,-79,
17,-55,
21,-25,
41,84,
-3,35,
1,-20,
-32,-33,
-8,-16,
-88,-19,
-72,19,
21,3,
39,-17,
25,-3,
-38,9,
-11,23,
-47,-10,
-27,12,
-22,11,
15,13,
22,20,
-8,10,
49,19,
23,-5,
-28,-66,
-89,-30,
-50,-45,
-8,-75,
36,72,
-51,72,
-27,33,
-2,18,
-8,23,
22,35,
21,100,
-35,73,
22,27,
26,-48,
20,-23,
-8,-17,
-57,-38,
-74,37,
-26,23,
-50,-36,
5,28,
-18,48,
25,-22,
73,-48,
39,32,
-3,91,
22,93,
32,57,
44,19,
-84,-48,
-25,-38,
-27,22,
13,12,
35,15,
-13,60,
-1,6,
-2,-4,
-4,16,
-45,23,
-22,-6,
25,-64,
19,-38,
7,-32,
-11,29,
-16,3,
32,-22,
0,-27,
-20,-39,
-31,-37,
0,-22,
-13,-9,
11,4,
78,-53,
-23,-19,
-7,3,
-8,19,
6,-14,
55,11,
80,66,
56,46,
-43,-54,
-74,-29,
-1,-72,
-66,-2,
-3,26,
-16,22,
-14,43,
-69,84,
14,-55,
32,-54,
55,-31,
25,43,
41,118,
9,138,
-13,54,
44,31,
55,-15,
-11,7,
-17,-21,
-8,-41,
-27,-10,
-15,39,
1,69,
37,-44,
19,-36,
-14,-24,
-12,12,
-48,65,
-16,1,
42,-1,
13,6,
-21,46,
56,15,
30,22,
36,-57,
-26,-33,
-13,-31,
15,-17,
21,-25,
26,-49,
41,-17,
-40,33,
-45,-5,
-52,40,
16,-23,
45,6,
2,50,
-27,34,
-34,-27,
45,25,
1,27,
-19,-13,
21,11,
-4,-40,
-32,48,
37,47,
17,-1,
48,54,
61,-10,
21,2,
49,12,
-13,-8,
-13,44,
35,19,
-12,24,
12,4,
46,-14,
-15,-10,
-19,-42,
55,24,
60,65,
58,22,
53,55,
27,-7,
1,4,
35,-33,
20,-17,
1,55,
65,75,
38,53,
41,62,
39,-21,
-17,-6,
-5,-23,
13,30,
-9,87,
-20,76,
-37,56,
-56,-43,
28,25,
37,55,
2,53,
42,62,
-11,70,
-2,28,
-11,75,
-23,103,
-21,1,
7,-49,
8,32,
46,58,
22,-23,
-43,10,
40,-18,
12,8,
-24,-9,
-56,-66,
-22,36,
16,90,
-20,-18,
-2,-3,
-18,68,
-19,41,
-80,-38,
21,-43,
16,26,
36,15,
-35,11,
14,21,
56,-4,
-18,-1,
-57,7,
-52,-56,
-43,-28,
10,-73,
-13,-54,
12,-56,
10,-59,
6,33,
-78,49,
8,8,
-30,-30,
-6,-53,
-1,-91,
8,-24,
-15,15,
5,-6,
-38,-78,
-76,3,
-4,24,
-8,-29,
15,16,
-5,29,
8,105,
-54,3,
4,-18,
11,-23,
-48,65,
3,57,
29,-8,
33,11,
2,51,
11,80,
49,31,
-8,19,
13,-36,
81,-16,
40,11,
7,47,
16,68,
-23,60,
-59,-4,
36,13,
76,122,
46,54,
3,47,
-11,31,
55,4,
-3,-14,
-72,-47,
-134,28,
-473,229,
-2807,1186,
-7012,2572,
-7902,1991,
-7731,-2,
-2433,-2255,
1146,-1977,
992,-126,
-409,1533,
-1816,2464,
-2636,1923,
-2520,522,
-1329,-357,
-153,-265,
413,7,
552,-29,
762,-188,
1267,-317,
473,-78,
96,61,
-53,230,
60,544,
230,490,
307,135,
393,-256,
316,-336,
43,-160,
-50,-100,
188,-67,
353,-148,
214,-209,
59,-288,
85,-280,
140,-224,
25,-53,
25,0,
83,-74,
142,-245,
265,-267,
284,-191,
289,-171,
244,-81,
135,-43,
108,104,
169,24,
203,-30,
221,-110,
126,-115,
157,-86,
172,22,
87,110,
74,93,
-17,72,
136,33,
72,23,
46,16,
55,48,
14,80,
-14,44,
-39,-3,
-46,-131,
46,-94,
188,-22,
217,45,
128,65,
75,66,
108,17,
63,85,
122,94,
209,39,
58,-151,
52,-133,
101,-13,
104,110,
102,190,
44,195,
3,47,
-32,-129,
12,-220,
37,-55,
96,14,
233,72,
97,22,
0,-49,
20,-2,
153,84,
192,73,
142,11,
105,-15,
115,-39,
110,6,
11,1,
-42,-48,
-8,-34,
64,2,
85,-6,
109,-68,
119,-77,
27,-10,
13,93,
8,73,
128,34,
48,-62,
47,-56,
44,-59,
108,-3,
108,44,
35,52,
7,-8,
21,-24,
41,24,
58,89,
95,-18,
156,6,
83,43,
16,3,
35,-10,
103,35,
61,-85,
104,-2,
156,51,
242,-25,
102,-80,
50,-97,
11,-36,
53,22,
44,-52,
64,-57,
75,-28,
128,29,
60,77,
53,70,
100,9,
94,-43,
48,-52,
64,-7,
74,-43,
120,-18,
63,68,
35,50,
51,0,
39,5,
107,-3,
117,23,
82,-28,
94,-48,
57,-32,
39,8,
-30,-80,
-30,-8,
40,-12,
85,38,
65,2,
102,69,
00>
_________________________________
00>
00>
Printing STS1 CIR
00>
00>
_________________________________
00>
40,2,
9,-9,
8,-10,
-53,44,
-20,46,
6,77,
55,57,
97,-5,
76,52,
65,63,
41,93,
-29,14,
-20,-1,
37,41,
-15,-16,
-14,25,
-66,-16,
-40,-18,
-60,-50,
-21,-38,
-63,-7,
-48,37,
5,87,
17,47,
59,47,
39,32,
48,26,
1,77,
-40,-11,
4,-41,
-8,-14,
-7,-35,
-79,29,
-80,-10,
-26,-27,
-53,-10,
-2,-15,
18,17,
0,41,
-5,-5,
26,12,
-9,9,
10,19,
22,-20,
-13,39,
3,50,
15,-34,
9,20,
-17,43,
-42,-42,
-46,-65,
-8,-25,
42,-33,
-4,1,
-24,-14,
20,-73,
33,-27,
38,-35,
25,33,
11,61,
-11,24,
-38,7,
-52,-24,
16,65,
8,38,
8,22,
-16,38,
-26,-2,
10,34,
-29,17,
-41,10,
22,17,
43,-1,
36,-11,
12,-12,
27,0,
4,-38,
-53,-12,
15,-3,
1,-57,
12,4,
24,10,
-3,55,
-30,-14,
-79,-1,
-6,-2,
25,16,
-44,20,
-35,-4,
-13,-43,
1,-33,
-62,-47,
-21,-11,
10,7,
52,-21,
38,-25,
14,-41,
-57,-81,
-48,-65,
-9,-34,
-17,13,
2,1,
37,18,
-16,8,
1,37,
-20,24,
-49,20,
-28,9,
11,15,
22,-23,
27,48,
71,68,
-29,55,
5,22,
37,-21,
59,4,
24,23,
-4,15,
-30,33,
2,0,
6,6,
31,14,
-6,-28,
-44,-60,
-7,13,
4,0,
-4,7,
1,15,
-48,51,
-20,37,
-7,42,
-11,6,
45,26,
18,62,
30,27,
61,9,
8,48,
41,15,
49,14,
23,26,
-16,58,
5,25,
22,28,
54,32,
-4,8,
-26,-11,
-19,-28,
-32,46,
28,34,
53,-26,
18,-3,
50,-23,
59,-6,
19,7,
39,6,
57,2,
6,-19,
-16,31,
17,-12,
9,-80,
27,3,
-13,28,
-13,48,
-45,12,
-6,44,
9,39,
-23,38,
26,48,
-36,36,
-66,19,
-82,23,
-48,32,
-19,26,
-7,-14,
8,-17,
61,2,
59,3,
30,3,
56,-30,
30,-28,
27,9,
-34,19,
-9,15,
28,12,
49,52,
50,30,
13,4,
-16,14,
-37,53,
-20,19,
-46,29,
17,-31,
51,-99,
34,-43,
39,18,
18,48,
1,17,
57,-25,
44,-2,
8,65,
24,16,
3,-24,
16,-104,
-17,-96,
-29,7,
-8,39,
6,45,
3,1,
64,-20,
35,2,
12,-8,
27,-26,
17,-2,
-30,31,
-50,8,
-21,-18,
-7,73,
2,66,
-65,52,
0,-14,
-30,33,
-11,42,
2,-18,
29,-20,
39,-65,
8,-36,
-59,17,
-8,28,
-11,-32,
31,31,
36,41,
53,2,
39,13,
43,34,
30,7,
-39,48,
-59,34,
-33,39,
-23,14,
-8,2,
-32,65,
-28,94,
14,31,
62,8,
-34,-31,
-102,46,
-22,10,
29,-40,
34,-21,
8,-27,
48,5,
35,19,
16,1,
-12,-3,
7,-50,
-8,1,
-59,17,
-55,66,
37,17,
17,2,
-12,4,
-35,-16,
-10,-8,
-74,20,
-52,11,
-18,23,
-31,45,
-47,10,
-47,17,
9,35,
11,45,
-1,41,
65,-37,
11,-23,
-9,3,
-66,-26,
-40,-14,
8,2,
-16,4,
-80,29,
-85,-31,
-23,0,
-46,-12,
-47,-28,
-36,4,
-90,-12,
-65,3,
1,-9,
-20,11,
-33,-34,
5,8,
29,12,
33,35,
-8,50,
63,23,
50,-46,
39,-4,
-39,-19,
-33,-10,
-29,-32,
-9,-21,
-36,7,
22,51,
15,29,
21,14,
37,-22,
60,-18,
47,-22,
36,0,
28,47,
-3,22,
30,-23,
-10,-32,
58,36,
38,35,
-50,15,
-16,-2,
32,-23,
47,2,
35,-39,
8,-20,
12,-26,
21,-40,
12,26,
20,35,
-3,13,
-35,-4,
6,5,
-34,3,
-40,-13,
-38,-57,
-65,29,
-5,53,
20,35,
19,-54,
17,-81,
37,-1,
51,28,
9,31,
-75,13,
-56,-26,
-25,-6,
50,32,
42,-38,
11,-43,
0,2,
17,42,
57,-7,
13,-26,
-20,-77,
-13,-46,
-5,-11,
5,27,
-64,-2,
-49,-45,
5,25,
38,50,
28,60,
-281,708,
-1821,3643,
-3841,6849,
-4736,7186,
-4783,5931,
-1214,468,
1037,-2069,
929,-911,
484,-33,
755,-921,
1376,-2136,
1448,-1826,
921,-603,
251,161,
-221,129,
-566,-256,
-669,-493,
-611,-526,
-219,-102,
129,140,
227,459,
108,449,
144,344,
341,-25,
359,-367,
230,-472,
74,-372,
-140,-126,
-185,100,
-186,147,
-22,73,
173,-111,
333,-300,
232,-422,
34,16,
-19,55,
-10,4,
283,-214,
423,-244,
368,-38,
270,91,
142,-6,
11,-94,
-33,-199,
53,-236,
56,-140,
71,-66,
-58,32,
-116,116,
43,135,
270,122,
267,144,
196,-1,
32,-38,
-4,-116,
37,-74,
84,-36,
56,48,
9,46,
13,-18,
18,-113,
56,-166,
92,-100,
170,-40,
180,-28,
92,-52,
-19,-3,
38,10,
148,17,
241,-83,
224,-202,
42,-180,
-90,-96,
-93,-66,
-23,21,
19,8,
-29,-101,
-32,-199,
1,-238,
20,-185,
15,-113,
-15,-84,
-76,-65,
-95,-46,
-38,-57,
22,-39,
52,-79,
104,-59,
58,-36,
44,-48,
107,-162,
45,-88,
22,-54,
77,-37,
16,-32,
53,-72,
37,52,
14,34,
-50,-62,
-85,-96,
-56,-97,
9,-47,
-12,-23,
31,-52,
13,-44,
13,-95,
66,-99,
61,-46,
-8,-21,
-22,-63,
57,-115,
75,-130,
53,-113,
50,-132,
8,-30,
69,8,
18,-94,
42,-43,
5,-43,
8,-7,
48,-7,
123,-67,
52,-127,
1,-57,
7,-9,
4,24,
20,20,
78,-32,
101,-114,
-21,-5,
-29,14,
-2,-12,
57,-34,
71,26,
28,-20,
50,-72,
34,-14,
60,-15,
93,-14,
66,-49,
45,-57,
7,11,
96,16,
118,-16,
73,-20,
85,-48,
45,9,
43,15,
31,5,
-37,-19,
-33,-28,
24,-64,
4,-79,
11,-17,
00>
_________________________________
00>
RX Timestamp: 535788434252
00>
Clock Offset: 2242.756 Hz, -0.281 ppm
00>
RX Timestamp: 536862196346
00>
Clock Offset: 3403.187 Hz, -0.426 ppm
00>
_________________________________
Sequence Number: 130
00>
00>
Printing STS0 CIR
00>
00>
_________________________________
00>
78,-26,
81,-40,
-4,-65,
5,-63,
-35,-30,
-40,1,
-3,-33,
63,-40,
9,-45,
78,42,
40,33,
11,12,
42,12,
46,30,
53,26,
43,-32,
7,-43,
0,-30,
37,-20,
69,4,
17,54,
22,-6,
15,-5,
-15,71,
57,58,
27,25,
25,13,
-32,-22,
38,-8,
37,-14,
-1,39,
34,-4,
18,-27,
59,-30,
20,-36,
11,34,
30,2,
-28,-58,
-27,-1,
-5,-9,
70,-31,
61,50,
60,44,
22,32,
-29,-41,
-29,65,
18,88,
-8,38,
4,32,
50,30,
17,6,
37,-85,
25,-73,
21,56,
-26,32,
-29,27,
37,47,
57,-11,
24,-10,
4,-47,
37,-88,
-1,31,
-17,22,
30,-19,
114,84,
89,-21,
27,-2,
-15,-73,
13,-40,
29,27,
24,-24,
-4,4,
4,-52,
12,-9,
40,0,
19,11,
-11,-15,
-38,-11,
-23,40,
4,15,
3,-29,
42,-1,
-25,-42,
-35,-47,
-50,-3,
-12,13,
41,16,
-65,11,
-36,-56,
15,-85,
83,36,
14,49,
1,40,
-55,55,
-62,32,
21,-38,
79,-12,
49,53,
-19,14,
35,4,
39,-30,
-46,49,
3,-10,
-8,68,
-17,18,
25,-28,
11,13,
48,22,
149,29,
105,35,
43,-40,
-7,-10,
-48,64,
-17,-9,
6,-18,
62,39,
69,78,
-30,53,
18,34,
68,-34,
45,-66,
33,-42,
-21,6,
-19,116,
-26,44,
23,-33,
19,-35,
4,27,
82,34,
-12,19,
-38,-25,
4,50,
7,61,
61,14,
42,33,
84,99,
83,58,
-7,27,
-11,11,
49,-64,
12,-57,
61,8,
-3,47,
32,-16,
81,-42,
12,-13,
-13,-10,
38,14,
46,32,
-26,38,
-30,15,
-20,7,
6,53,
-15,-1,
-7,2,
-4,-30,
53,62,
33,-29,
15,-20,
53,-14,
58,83,
-14,19,
15,-75,
6,0,
46,-37,
-30,30,
-34,-5,
57,33,
62,25,
48,-40,
1,21,
32,-18,
24,-57,
5,2,
-12,54,
-39,57,
-32,-57,
-36,-2,
-45,34,
-15,-29,
14,-33,
36,-20,
33,-31,
78,19,
-1,8,
-11,23,
-52,60,
34,39,
-10,48,
1,-12,
58,-38,
20,-26,
-86,0,
-45,-42,
-4,-7,
28,9,
76,6,
43,-59,
24,34,
44,-22,
50,8,
3,-37,
-3,-96,
-33,-36,
-27,56,
-13,-25,
-54,-65,
-42,-17,
12,21,
16,16,
-11,-22,
-34,11,
-13,64,
56,-8,
9,39,
22,36,
17,42,
23,-35,
-30,12,
-7,67,
5,49,
1,18,
-5,-12,
15,-68,
8,-9,
-6,80,
3,17,
-9,-18,
32,5,
-21,41,
-16,48,
-5,-29,
24,23,
21,-20,
-4,-34,
11,-29,
-49,-14,
23,-2,
35,14,
24,36,
26,1,
-15,-63,
-92,-82,
-34,-101,
42,75,
74,44,
18,77,
-2,90,
20,21,
57,31,
-2,-37,
23,13,
3,47,
83,74,
83,75,
103,40,
-8,37,
-24,-53,
-9,62,
50,16,
61,6,
44,-24,
25,20,
33,56,
53,-12,
34,33,
54,-14,
15,10,
29,0,
13,-9,
41,-4,
24,14,
86,-15,
50,-40,
8,-19,
-25,-15,
5,-13,
-19,5,
-50,20,
-16,-48,
38,-21,
-1,-62,
43,-51,
11,-21,
-36,-81,
-38,-116,
10,-34,
22,51,
45,61,
2,25,
79,8,
63,37,
42,56,
-40,-55,
-8,-102,
29,-54,
42,-5,
-6,-25,
-35,16,
-8,-10,
31,19,
-64,3,
-21,11,
-2,69,
-21,49,
-11,61,
-23,13,
-39,-72,
33,-23,
34,23,
47,19,
1,-39,
-7,-9,
23,17,
-19,20,
-4,10,
34,-84,
14,-47,
-31,24,
-26,-7,
34,-10,
-3,-33,
0,40,
-4,80,
50,50,
-25,74,
-15,53,
30,-5,
41,28,
39,-8,
-8,-57,
0,-14,
-31,22,
-14,37,
36,15,
34,-10,
-34,21,
-15,-13,
31,-11,
8,-46,
27,-10,
-101,121,
-17,13,
5,-47,
-14,-21,
-29,5,
-8,1,
-42,-69,
74,-31,
34,33,
6,-15,
6,-40,
19,7,
-10,2,
16,59,
-178,164,
-1919,546,
-6288,1147,
-7972,708,
-7013,-698,
-964,-1680,
2461,-1561,
2037,-473,
1529,935,
2799,3079,
3030,5185,
628,5548,
-1635,3260,
-1452,486,
-212,-576,
158,-366,
-278,-78,
-690,-280,
-427,-422,
-12,-316,
220,-149,
97,76,
-141,121,
-82,76,
92,34,
310,41,
235,24,
-18,101,
-315,187,
-560,126,
-479,61,
-163,73,
60,40,
124,-119,
23,-203,
-38,-193,
-132,-204,
-68,-172,
142,-100,
112,21,
-80,112,
-53,165,
38,86,
171,27,
212,32,
131,221,
69,149,
-12,93,
-76,15,
-142,84,
53,176,
86,162,
92,-30,
19,-108,
145,-110,
252,-20,
370,-106,
437,-73,
378,20,
332,199,
191,202,
198,-24,
165,-24,
154,17,
122,98,
195,-55,
157,-130,
29,-180,
53,-132,
195,-119,
197,-138,
47,-83,
-122,-93,
-204,-173,
-164,-116,
-68,-259,
93,-557,
246,-536,
256,-446,
187,-241,
185,-121,
118,-29,
100,7,
-2,77,
19,118,
-11,49,
-21,-71,
-35,33,
86,-33,
98,-17,
69,-41,
36,-65,
95,-112,
40,-102,
27,-51,
82,-19,
46,-6,
82,-88,
56,-111,
7,10,
18,18,
85,71,
110,32,
69,-57,
34,-17,
32,-61,
-3,-13,
10,-32,
105,-99,
80,-19,
113,32,
112,93,
66,68,
54,9,
60,-20,
54,-47,
65,-72,
68,-52,
83,-81,
116,-16,
119,-11,
139,-2,
141,3,
156,18,
141,-69,
50,-40,
72,-29,
29,-44,
31,-9,
64,-6,
48,-58,
17,-16,
23,7,
50,-8,
43,-63,
76,-102,
97,0,
119,-25,
-10,-17,
-27,14,
45,-69,
36,-173,
66,-100,
80,-16,
127,22,
102,-31,
51,20,
-11,27,
32,17,
0,25,
-10,-56,
-10,-115,
88,-109,
64,2,
57,39,
-25,27,
25,-55,
00>
_________________________________
00>
00>
Printing STS1 CIR
00>
00>
_________________________________
00>
47,49,
9,7,
34,-27,
32,-43,
34,-50,
78,55,
77,29,
6,41,
-68,15,
-70,31,
1,-17,
15,9,
9,72,
4,80,
6,-19,
-6,13,
-24,18,
25,32,
5,-15,
5,7,
46,-53,
27,16,
14,21,
49,-16,
-32,33,
-60,4,
-44,-12,
-14,-10,
51,-18,
41,46,
-7,50,
10,7,
18,2,
-31,-33,
-7,-15,
12,25,
-24,30,
25,35,
47,48,
20,72,
-27,15,
13,26,
31,-31,
-2,-38,
-33,-10,
32,12,
74,31,
41,14,
-7,29,
7,-2,
-16,18,
-15,43,
-68,31,
-25,0,
1,-2,
-18,-51,
38,-27,
17,-9,
5,19,
36,1,
-3,12,
52,18,
34,45,
6,9,
19,-9,
21,-18,
-14,36,
56,0,
15,-15,
36,-34,
27,-27,
25,-5,
92,39,
38,57,
13,19,
-31,-24,
-9,19,
60,21,
156,27,
49,-40,
-3,-63,
-52,-33,
24,-20,
56,-23,
8,22,
32,3,
86,-6,
113,22,
22,-47,
31,12,
-52,-9,
-115,72,
-58,59,
-16,1,
24,-102,
-2,-13,
32,47,
-7,77,
42,-12,
85,-20,
16,-47,
-33,-21,
-103,-55,
-110,-26,
-29,-36,
44,26,
51,61,
-14,98,
-31,32,
10,-8,
30,-84,
20,-33,
49,39,
-28,31,
2,3,
74,-36,
52,-32,
-43,-24,
-60,-22,
-22,-11,
67,-34,
6,-21,
5,-5,
-29,23,
4,32,
7,55,
9,77,
44,112,
74,43,
38,40,
-43,-8,
-6,34,
-2,104,
63,80,
21,26,
-14,22,
-20,-25,
10,-35,
6,-8,
-6,9,
39,-18,
60,-12,
58,35,
5,33,
41,9,
63,23,
79,20,
15,13,
-2,-34,
22,48,
50,29,
82,-12,
19,26,
-39,27,
-50,19,
2,-27,
11,-104,
22,-26,
100,73,
67,29,
59,-52,
43,-44,
13,21,
40,17,
31,72,
49,68,
37,18,
35,-3,
80,47,
-4,34,
27,48,
48,3,
79,-45,
16,-22,
33,-7,
54,8,
-2,20,
32,30,
46,-8,
52,-32,
60,-48,
0,-9,
10,15,
63,4,
25,26,
47,7,
66,-6,
51,-29,
59,-1,
51,13,
45,1,
28,-54,
-18,-19,
-33,60,
-4,5,
25,19,
54,-20,
13,-11,
48,-3,
45,3,
49,43,
34,-6,
-49,-65,
-40,6,
-4,2,
-30,-32,
4,3,
-13,45,
-46,10,
47,14,
63,44,
-5,71,
-60,28,
-11,-8,
-50,-19,
-42,-64,
14,-32,
4,10,
27,14,
18,-1,
11,5,
38,42,
46,35,
59,-4,
45,-16,
21,-107,
-45,-69,
-58,18,
-36,-35,
-38,-68,
-19,-83,
38,-8,
45,10,
79,-68,
35,-33,
35,48,
25,52,
51,23,
37,-28,
-20,-45,
-26,-23,
22,17,
53,35,
60,21,
63,71,
31,18,
18,32,
46,23,
-17,0,
-44,9,
16,41,
47,-24,
57,-44,
41,20,
13,41,
29,50,
-16,26,
42,6,
27,-5,
18,-40,
25,-19,
-30,-6,
41,-9,
-13,-28,
-11,-63,
-66,-18,
-40,6,
-13,-29,
76,-14,
79,8,
23,-22,
61,-50,
26,25,
56,-38,
-11,1,
76,25,
-6,56,
-42,31,
-45,-9,
10,-20,
18,-49,
67,-32,
29,54,
-25,41,
-49,106,
-54,61,
-52,23,
-51,17,
18,-38,
61,24,
-8,56,
-5,19,
-34,-68,
-68,-6,
56,29,
93,46,
54,29,
16,17,
-71,60,
-74,-22,
-1,-38,
2,-122,
27,-82,
48,-28,
16,20,
-5,8,
2,-25,
15,-29,
58,-70,
51,16,
4,29,
62,52,
59,55,
-50,34,
-50,46,
6,9,
-11,48,
-21,-42,
-7,24,
-17,24,
-7,-2,
-20,-41,
1,-6,
90,-18,
162,25,
46,37,
-55,-9,
-57,62,
6,-46,
-15,-47,
33,-35,
6,-22,
12,-66,
-21,-54,
4,-8,
-6,1,
60,50,
4,47,
16,1,
5,28,
-11,44,
-12,4,
-13,25,
1,7,
-14,26,
3,4,
27,16,
37,15,
38,49,
-13,100,
-63,57,
-60,14,
-24,7,
29,-19,
18,-43,
-136,386,
-1344,2569,
-3927,5898,
-5212,6528,
-4771,4816,
-901,-606,
1130,-3344,
460,-1636,
-900,480,
-1930,570,
-2541,-901,
-2187,-2116,
-926,-1712,
-67,-587,
32,226,
49,380,
349,393,
685,595,
658,508,
232,134,
59,-314,
26,-289,
-80,107,
40,171,
324,-77,
502,-211,
314,-26,
170,165,
207,163,
361,67,
488,-4,
489,29,
376,-55,
316,-45,
135,80,
51,87,
-45,75,
12,-48,
177,-167,
244,-255,
259,-295,
129,-371,
-77,-395,
29,-343,
168,-133,
264,-17,
279,-35,
208,-110,
143,-63,
161,119,
169,176,
109,130,
30,109,
-11,25,
-8,-141,
50,-265,
108,-294,
191,-292,
119,-205,
-16,-143,
-45,-73,
68,-91,
203,-120,
273,-40,
280,-28,
324,-24,
197,29,
55,54,
50,-8,
73,75,
184,133,
191,96,
99,12,
78,-169,
133,-275,
140,-384,
198,-432,
204,-370,
206,-176,
214,-88,
102,-64,
95,-43,
-68,-38,
-104,-32,
-9,-31,
58,-64,
91,-45,
23,79,
-84,79,
-26,75,
13,19,
0,-22,
-20,-49,
28,-55,
62,-27,
78,-17,
37,-39,
47,-122,
9,1,
36,24,
130,38,
58,13,
81,-19,
22,-5,
2,9,
-37,-35,
-20,-9,
22,3,
62,12,
89,57,
104,27,
127,-4,
115,24,
83,25,
115,41,
103,91,
58,20,
28,-7,
19,4,
123,-59,
96,-30,
92,47,
28,57,
17,40,
64,73,
63,-2,
62,-50,
90,-87,
55,-12,
31,26,
26,1,
10,-4,
35,52,
70,39,
103,-43,
50,-67,
64,-84,
14,30,
23,71,
-16,12,
13,4,
84,1,
53,12,
13,-36,
56,-56,
61,-7,
37,-4,
70,37,
37,53,
48,19,
29,-25,
50,-8,
63,61,
36,40,
16,-27,
37,-23,
96,-45,
00>
_________________________________
00>
_________________________________
Sequence Number: 133
00>
00>
Printing STS0 CIR
00>
00>
_________________________________
00>
-78,47,
-42,75,
30,14,
132,6,
100,-23,
-15,52,
-72,10,
20,14,
4,-35,
18,44,
-16,33,
-11,34,
15,45,
29,24,
8,63,
7,-12,
50,-16,
4,-26,
62,-23,
84,-15,
18,71,
19,11,
-42,-62,
5,22,
-36,-32,
-36,0,
62,-19,
43,-59,
31,-40,
36,-16,
-60,0,
-107,23,
-66,-9,
-27,-4,
-53,-18,
2,40,
48,5,
22,-27,
-2,-26,
20,-13,
61,-50,
43,32,
36,74,
50,21,
3,-9,
-36,-17,
29,10,
-59,-52,
-18,-37,
63,-20,
-23,-47,
-18,-28,
40,-69,
-65,-30,
-88,-65,
2,-64,
-48,27,
6,17,
-77,-63,
-78,-49,
-31,32,
8,15,
20,-18,
16,-51,
-35,-9,
40,108,
5,55,
-5,31,
14,50,
-21,75,
10,35,
-31,96,
6,-15,
-1,-41,
-11,-27,
27,29,
-42,-4,
-17,28,
-4,18,
-21,-48,
1,-46,
-56,-128,
-111,-52,
-85,5,
-52,54,
-23,-16,
-16,17,
-18,-13,
56,35,
-41,-64,
-86,-3,
-74,-53,
0,-18,
0,-6,
61,-16,
-116,-95,
39,-50,
71,21,
48,-8,
22,73,
44,29,
18,61,
-5,59,
80,9,
-21,0,
-43,-9,
-21,-3,
26,-17,
62,-77,
52,-6,
23,-2,
63,-18,
0,17,
-88,-29,
-38,-23,
62,-28,
59,74,
-30,47,
-55,7,
-55,-43,
-66,-87,
-55,-60,
15,27,
3,28,
11,11,
37,21,
10,-5,
-70,47,
-30,16,
-7,-20,
20,-6,
-26,-4,
-47,12,
45,-22,
-31,42,
-1,45,
-60,57,
11,4,
4,-6,
-29,16,
-33,38,
-69,18,
-7,-4,
73,-14,
16,-6,
-76,89,
-125,120,
2,34,
-2,86,
-1,16,
19,-19,
66,-58,
-81,-7,
-100,13,
-101,9,
-19,-27,
42,-12,
17,4,
-18,57,
93,42,
52,-5,
-29,-59,
-9,-26,
-51,-10,
18,-17,
12,-67,
43,-29,
-48,12,
-165,38,
-156,64,
-26,44,
27,8,
40,-40,
-30,-82,
-31,-57,
14,-42,
-24,-27,
30,3,
18,-9,
28,40,
9,28,
-80,-32,
-68,-40,
42,-49,
115,-33,
119,-42,
60,-38,
7,31,
22,20,
-42,6,
-16,24,
23,5,
28,14,
21,-22,
4,37,
-11,24,
-23,65,
-49,-24,
-56,-10,
-91,-72,
-51,-12,
58,-5,
66,44,
-7,-46,
98,-17,
69,20,
-3,44,
-58,7,
-41,-32,
1,-38,
97,-62,
96,-62,
14,-70,
-26,20,
-57,20,
67,27,
86,-3,
33,-44,
-41,-23,
-82,-43,
17,-3,
28,20,
14,9,
20,9,
34,20,
38,-40,
-14,-26,
-23,-33,
-41,-81,
-26,-51,
-2,-23,
64,-62,
79,-18,
77,-42,
-28,-35,
3,-7,
22,43,
-37,9,
-48,36,
14,37,
52,12,
32,-1,
8,11,
-3,-21,
20,21,
47,51,
-29,95,
-96,-35,
-25,-23,
-16,-32,
7,-10,
12,-5,
-20,-69,
-3,-60,
41,-28,
-7,-4,
-10,-2,
-55,-57,
-58,-73,
-20,-12,
80,-5,
3,-35,
-40,-38,
-4,-43,
47,-61,
-32,-7,
-32,9,
-32,70,
-74,35,
52,33,
78,7,
13,-82,
-83,-66,
-127,-6,
13,28,
1,62,
7,-33,
-1,-16,
0,4,
-4,14,
21,83,
-11,28,
-45,-40,
-8,-12,
-15,107,
19,76,
31,-11,
-58,-7,
-78,-79,
-31,-30,
26,-19,
48,4,
29,36,
34,-26,
45,-56,
12,-39,
97,-41,
50,30,
75,-1,
55,-25,
41,-12,
1,38,
-33,-12,
-14,-21,
65,-92,
39,-39,
50,-80,
100,-65,
61,-78,
-69,11,
-54,-60,
-62,31,
-31,49,
34,53,
12,6,
-21,0,
10,-71,
-1,-68,
47,-18,
59,-33,
22,-96,
41,45,
59,40,
61,36,
66,25,
87,30,
57,16,
40,-20,
-76,-80,
-64,-1,
-79,-23,
23,-68,
72,-18,
74,4,
79,60,
33,-4,
-6,-13,
-91,11,
-31,12,
39,55,
14,44,
-2,-43,
-5,18,
-55,1,
-25,-17,
-47,51,
-57,-2,
17,-41,
22,4,
65,30,
-20,-36,
65,25,
593,599,
2360,2464,
3611,4987,
2830,5846,
132,3853,
-1841,555,
-1231,-677,
539,-325,
1728,339,
2029,1022,
1387,1498,
440,1328,
-183,601,
-242,-11,
-134,-269,
-283,-353,
-401,-495,
-369,-639,
-163,-283,
-10,-32,
234,-18,
366,-135,
173,-231,
-164,-235,
-223,-116,
-186,27,
-92,27,
-37,-35,
-55,-116,
-148,-187,
-157,-114,
-177,-8,
-129,-16,
-86,-55,
5,-38,
-31,-10,
-173,30,
-289,4,
-290,-135,
-271,-181,
-144,-160,
-55,-120,
-116,-84,
-79,-135,
-107,-134,
-86,-196,
-122,-169,
-79,-92,
-23,-63,
24,-28,
89,-90,
73,-70,
74,-83,
7,-22,
-43,-25,
9,-54,
36,-48,
47,-23,
-78,-60,
-69,-10,
-18,14,
-87,-47,
-87,-181,
-13,-198,
24,-218,
-3,-86,
-11,0,
-57,-32,
-20,-146,
-45,-153,
-82,-78,
-69,-66,
5,-49,
37,-55,
21,-112,
32,-21,
-55,17,
-129,1,
-73,40,
-12,14,
-49,-54,
-18,-118,
-15,-95,
-40,-94,
31,-110,
35,-79,
11,-40,
23,16,
-1,-31,
-6,10,
13,13,
-12,-27,
-9,0,
-28,54,
23,-1,
15,-53,
-10,36,
-83,30,
-2,23,
-8,-7,
-39,-126,
-51,-121,
-1,-81,
29,-14,
-43,1,
-21,-66,
-3,-23,
-55,-52,
-43,29,
7,11,
47,-45,
54,-141,
64,-129,
1,-152,
11,-39,
-41,-55,
-15,-54,
-46,-85,
-72,-181,
-57,-129,
-112,-84,
-142,-114,
-124,-74,
-23,-64,
12,-37,
-11,-33,
-48,-63,
-81,-62,
0,-85,
-24,-21,
31,-63,
-29,-89,
-51,-78,
-68,-45,
-14,-29,
-41,-101,
26,-98,
-9,-74,
-6,-71,
-26,-66,
-20,-48,
-46,-40,
22,-56,
49,-61,
-38,6,
22,-62,
26,-74,
-41,-31,
12,-65,
27,-45,
-15,-35,
-32,-42,
-9,-70,
-11,-136,
-56,-94,
-57,-5,
-68,11,
-19,16,
25,-29,
9,-96,
00>
_________________________________
00>
00>
Printing STS1 CIR
00>
00>
_________________________________
00>
6,-56,
14,18,
-11,-38,
18,-23,
19,-42,
14,13,
100,72,
84,63,
20,10,
-31,1,
59,-18,
78,-17,
23,-64,
-43,-32,
6,-19,
38,19,
65,-10,
46,20,
62,34,
64,-16,
113,-35,
84,19,
87,61,
64,-41,
58,-31,
27,30,
43,26,
59,-42,
89,-22,
36,-24,
1,-9,
-23,-89,
15,-69,
13,-59,
13,22,
38,-49,
53,-78,
47,23,
9,88,
64,27,
28,-64,
27,-110,
67,-51,
54,-2,
73,4,
-10,-59,
30,-37,
114,-18,
140,-37,
10,-52,
27,-28,
-8,21,
-29,39,
1,25,
12,75,
43,3,
-3,-29,
5,-84,
-39,4,
-36,55,
-51,85,
31,-21,
-7,-71,
17,-56,
2,-30,
43,-87,
11,-118,
-12,-88,
-6,-21,
24,-52,
35,-108,
-3,-13,
-7,88,
26,10,
14,-106,
25,-76,
-30,-29,
16,-27,
-55,-61,
-35,-43,
6,-46,
19,28,
12,27,
-21,-35,
6,-20,
-31,-89,
-2,-79,
73,-43,
109,8,
53,-9,
77,9,
42,-31,
119,19,
3,-5,
17,-53,
-20,3,
-12,50,
-15,36,
-2,25,
10,-30,
-24,-18,
-53,48,
-58,-32,
43,0,
59,-53,
42,-22,
53,-85,
16,-17,
-19,-41,
-60,-3,
-25,15,
32,-6,
57,12,
46,-4,
117,-80,
90,-33,
80,3,
65,-73,
65,-38,
43,-37,
26,24,
-27,29,
90,-36,
15,-20,
23,11,
-15,10,
4,-17,
28,19,
118,5,
49,30,
16,69,
-23,33,
12,43,
-28,-4,
-22,-62,
39,-33,
-4,46,
-26,23,
-53,-59,
-37,11,
9,13,
-2,44,
55,-65,
86,-32,
102,-60,
33,-11,
23,-5,
67,8,
62,21,
27,-19,
45,-32,
48,-31,
27,-72,
77,-27,
65,-3,
43,-17,
52,-32,
17,12,
90,-12,
91,-23,
55,-23,
32,-12,
23,-8,
2,54,
-68,26,
-42,-7,
31,46,
17,63,
26,111,
45,55,
97,-32,
122,-25,
79,-8,
34,19,
22,-45,
52,-131,
55,-59,
18,-37,
12,-51,
14,-100,
56,-54,
50,16,
37,24,
-27,-48,
31,-47,
-9,62,
-5,78,
-87,73,
15,41,
51,49,
-3,41,
-22,4,
19,13,
43,62,
43,66,
28,18,
28,40,
14,72,
-84,14,
-4,-27,
27,-53,
6,-60,
-23,-3,
-28,-30,
-3,10,
61,53,
63,14,
-6,-30,
-37,-66,
-77,-96,
2,-92,
19,-36,
11,34,
59,60,
6,53,
-45,6,
-12,-36,
-36,66,
-24,57,
-2,-10,
64,15,
73,-16,
65,42,
5,31,
-37,3,
-32,-29,
21,-92,
10,-54,
7,-58,
24,-18,
114,-29,
1,-24,
-22,-21,
-108,23,
-37,1,
34,-28,
-18,-2,
-35,3,
-13,-18,
-7,-13,
10,-36,
12,-28,
21,3,
73,53,
90,21,
11,-16,
-53,61,
-56,30,
-24,-65,
86,-38,
48,57,
19,31,
-32,29,
-27,-16,
-4,-70,
32,4,
13,-55,
-31,-25,
-37,18,
38,29,
-13,-16,
13,-32,
-6,-49,
8,18,
-5,49,
31,0,
75,62,
94,18,
25,-50,
68,28,
145,43,
118,0,
-7,37,
-32,-1,
3,10,
40,4,
10,86,
17,86,
48,30,
32,11,
0,-3,
44,-12,
51,-14,
32,15,
43,-23,
6,-36,
33,12,
17,19,
-4,5,
-1,55,
7,28,
-28,39,
-33,-28,
-8,6,
44,-22,
53,25,
14,29,
-7,-36,
49,-2,
107,37,
73,-16,
41,12,
53,70,
3,111,
-39,22,
-54,-99,
24,-62,
23,-19,
7,10,
0,75,
34,-18,
-17,-3,
-19,38,
-60,28,
-18,-49,
20,-24,
52,52,
53,71,
53,33,
27,93,
52,70,
31,-34,
52,-101,
86,-42,
19,79,
-44,104,
-25,2,
-7,-37,
-10,-26,
40,-86,
30,-20,
77,-19,
72,-15,
33,24,
-18,-21,
36,25,
-11,-13,
-74,-42,
-22,30,
21,85,
-44,101,
-32,-5,
35,-32,
48,-12,
63,58,
-40,104,
-75,22,
17,0,
37,62,
-3,7,
-46,-18,
141,30,
1082,107,
3657,663,
6506,1730,
6549,2414,
3123,1909,
-513,371,
-1218,-611,
-282,-571,
-68,-216,
-954,-184,
-1531,-375,
-1056,-709,
-263,-587,
117,-188,
96,323,
-156,647,
-327,622,
-225,381,
86,22,
239,-206,
400,-162,
303,-223,
113,-212,
-138,-168,
-317,-71,
-359,-70,
-161,30,
-5,22,
108,53,
126,-3,
16,-179,
-168,-121,
-182,-137,
-98,-71,
88,4,
59,9,
-143,13,
-160,-128,
-107,-188,
-62,-245,
-53,-96,
-82,28,
-151,122,
-185,20,
-141,-30,
-71,-12,
58,78,
77,116,
97,44,
64,-34,
33,-67,
-59,-138,
-142,-122,
-47,-16,
-29,-25,
-50,3,
-17,-39,
-17,-35,
2,13,
1,64,
-65,89,
-148,51,
-108,-85,
-33,-141,
-12,-115,
4,-45,
49,-41,
47,-63,
-45,-138,
-183,-41,
-149,32,
-123,0,
-18,29,
62,116,
138,130,
64,82,
-75,15,
-139,0,
-63,73,
-18,64,
29,52,
-24,46,
-86,48,
-66,35,
-40,39,
-3,41,
-23,-9,
-15,27,
-18,-42,
-41,-50,
-50,-35,
-20,-34,
-2,-37,
-30,-19,
14,-16,
29,-26,
8,-39,
-19,-18,
-26,75,
-6,58,
17,29,
8,-26,
-19,-21,
9,50,
1,86,
-23,4,
-5,-9,
34,-16,
-42,23,
-76,17,
-61,44,
14,-29,
18,-50,
-12,15,
-74,-18,
-34,-18,
-96,-52,
-24,36,
-45,46,
-28,21,
-28,-25,
-36,-41,
-50,-96,
-40,-49,
-3,-13,
-19,-26,
-24,32,
-82,53,
-50,10,
-49,-13,
-41,-61,
-21,-97,
-51,21,
-32,15,
11,-19,
83,-61,
55,-127,
17,-12,
-5,21,
-30,-16,
-62,14,
14,-21,
33,6,
-35,25,
-14,32,
36,-51,
38,-64,
89,-4,
104,39,
38,54,
-28,15,
-44,3,
35,-29,
-9,-68,
3,-19,
24,-29,
11,-34,
-34,24,
-17,16,
3,-3,
00>
_________________________________
00>
RX Timestamp: 676163986374
00>
Clock Offset: 1729.488 Hz, -0.217 ppm
00>
RX Timestamp: 677233965797
00>
Clock Offset: 1450.539 Hz, -0.182 ppm
00>
_________________________________
Sequence Number: 11
00>
00>
Printing STS0 CIR
00>
00>
_________________________________
00>
30,-37,
21,21,
27,2,
-6,61,
1,52,
51,9,
-27,-23,
-24,52,
-13,99,
-59,46,
-131,-88,
-19,-12,
43,-25,
-16,-19,
66,-57,
60,15,
42,-60,
1,-51,
10,30,
31,48,
33,3,
-27,-17,
12,-57,
-14,46,
-38,68,
-37,54,
-2,18,
1,74,
-22,22,
-36,50,
-34,29,
-30,14,
-4,9,
52,5,
27,-42,
-38,-53,
-99,-32,
-31,13,
27,-40,
20,40,
-11,72,
-20,20,
3,-11,
7,-36,
59,23,
41,-7,
25,11,
32,-12,
-25,15,
-19,-29,
-10,-7,
24,14,
28,-5,
-28,-6,
-76,-61,
-14,-10,
32,-28,
53,-87,
26,-70,
-58,44,
-92,-2,
-4,-29,
-52,-68,
-21,9,
-30,37,
-32,32,
-58,-80,
-11,-69,
-58,-28,
-33,18,
-37,44,
-4,97,
-25,30,
-1,47,
-92,26,
-24,20,
16,19,
28,-11,
10,-67,
-35,-16,
4,8,
35,14,
46,-13,
-2,-7,
-14,-9,
-24,46,
-25,-8,
3,-11,
-19,18,
-44,13,
-6,63,
44,-6,
22,-13,
-20,15,
-7,65,
4,-10,
28,-7,
-2,3,
7,32,
-21,-24,
-44,-45,
-35,-36,
-1,21,
2,-8,
13,-53,
32,10,
-60,34,
-25,46,
7,0,
14,-23,
23,-38,
25,14,
-24,23,
-56,-30,
-15,-28,
-10,74,
40,18,
25,-31,
-67,-18,
4,-32,
40,-30,
43,8,
82,38,
16,52,
-32,-25,
-27,-5,
2,108,
19,18,
-24,-26,
-33,-50,
-40,-26,
-16,37,
-33,22,
-66,-24,
-56,15,
33,23,
28,45,
-12,47,
59,-18,
2,-82,
42,-54,
-35,-62,
21,4,
87,-19,
3,38,
36,110,
4,17,
45,13,
47,70,
80,4,
54,64,
-16,-14,
-31,20,
-52,8,
-24,-107,
77,-18,
22,41,
-31,-29,
-13,-36,
-86,13,
-76,-33,
-33,-53,
-81,6,
-71,-11,
-39,17,
41,-23,
15,65,
37,-67,
27,-18,
-23,-29,
37,79,
20,94,
-3,-43,
8,-36,
-3,-42,
42,-21,
19,5,
-18,-11,
-57,-18,
-77,-40,
-42,-29,
0,-11,
-92,52,
20,63,
16,22,
12,63,
-21,26,
-2,-6,
-15,-12,
3,30,
-3,67,
53,24,
51,4,
-2,30,
-2,59,
53,9,
31,-40,
13,45,
-15,0,
49,-47,
54,-19,
17,17,
-33,-14,
52,-25,
-3,-5,
-93,25,
-37,18,
-47,-34,
-7,-6,
32,37,
16,28,
-28,-23,
22,-31,
32,-30,
29,-1,
5,-79,
-6,-8,
41,64,
23,9,
-63,12,
-50,-23,
-44,55,
-45,60,
53,55,
39,-12,
-54,-28,
-37,81,
-26,75,
68,-3,
41,29,
65,6,
22,0,
33,42,
4,9,
20,5,
67,-26,
0,15,
-4,30,
47,17,
-23,96,
24,87,
5,40,
-36,51,
-71,16,
-38,-27,
-55,-5,
27,-60,
-4,-49,
3,-53,
29,-27,
25,11,
25,59,
9,-50,
-23,-29,
-8,-18,
37,30,
53,37,
12,-63,
4,-53,
-37,-31,
18,-13,
-59,0,
8,8,
-17,56,
-2,63,
-29,60,
6,9,
-17,7,
45,-24,
66,5,
23,44,
-106,6,
-31,-14,
-5,17,
32,-17,
-1,13,
-14,-16,
8,27,
-50,16,
40,51,
21,15,
19,-16,
12,-91,
49,-44,
45,-3,
19,-22,
21,74,
58,57,
-3,-17,
-58,-4,
-12,44,
2,19,
52,26,
29,67,
-16,65,
-11,-45,
-1,-39,
-43,33,
-46,27,
-43,-13,
-16,16,
13,9,
45,-45,
75,-57,
58,14,
-38,-23,
-4,0,
-15,-17,
13,-4,
-12,10,
23,53,
-6,20,
-22,46,
-57,68,
-78,25,
6,38,
47,19,
-2,11,
46,-53,
13,-9,
6,39,
-7,3,
6,-38,
-18,-25,
4,42,
-29,60,
-24,-6,
50,-14,
47,28,
-34,65,
27,2,
56,-54,
34,-21,
33,-7,
-11,-63,
-30,58,
-79,68,
6,21,
-3,-25,
31,34,
1,63,
-12,1,
-53,-56,
-14,-2,
10,40,
8,34,
20,22,
-24,17,
-17,-26,
-37,-28,
-7,-39,
-59,-6,
23,3,
61,54,
3,-9,
-35,-30,
-22,-2,
-461,-101,
-2734,-607,
-7014,-1924,
-7754,-2997,
-6658,-4260,
-1200,-3286,
2248,-1030,
1304,321,
-851,874,
-2768,1003,
-3489,167,
-2614,-930,
-1122,-1048,
17,-367,
382,253,
408,399,
712,322,
1216,409,
619,169,
118,-5,
-82,151,
-190,434,
-179,591,
178,391,
433,91,
448,-118,
173,-120,
-19,-65,
124,13,
324,116,
355,96,
256,1,
158,-33,
219,9,
73,-80,
41,-43,
23,-43,
208,-100,
400,-45,
471,-37,
418,8,
247,56,
98,115,
83,123,
185,138,
247,103,
266,25,
251,-8,
93,7,
28,142,
-56,272,
-96,177,
-93,159,
-52,57,
-24,127,
15,135,
-44,136,
-10,62,
-56,2,
-39,-57,
71,-24,
136,-40,
179,50,
222,137,
171,133,
40,99,
36,76,
-16,71,
-21,132,
140,169,
237,39,
159,9,
16,47,
-45,59,
-37,167,
9,67,
-21,74,
-20,15,
-23,-36,
27,-73,
94,7,
236,179,
87,144,
-5,7,
113,-79,
131,4,
45,69,
62,82,
26,-21,
103,26,
87,115,
57,148,
-8,48,
-69,-17,
-48,45,
8,67,
98,82,
113,43,
111,-53,
15,-36,
55,-11,
142,62,
147,8,
61,-34,
22,-43,
7,47,
86,106,
166,85,
131,93,
75,47,
128,44,
95,82,
47,39,
107,53,
82,35,
46,-59,
96,-51,
138,10,
76,55,
95,29,
91,40,
37,7,
98,-38,
114,25,
27,52,
54,84,
10,27,
70,54,
95,51,
74,0,
32,6,
57,-28,
116,-39,
163,71,
113,52,
130,55,
101,10,
58,7,
30,-35,
53,8,
63,30,
113,17,
86,64,
48,-22,
79,33,
102,15,
61,-18,
-43,-6,
-15,5,
23,-9,
43,-65,
66,-2,
108,56,
132,-3,
74,52,
00>
_________________________________
00>
00>
Printing STS1 CIR
00>
00>
_________________________________
00>
67,-10,
7,1,
33,13,
11,-11,
15,-55,
43,-29,
59,-63,
1,-38,
20,9,
-14,10,
-16,63,
-11,45,
-26,18,
-19,18,
18,-1,
51,-15,
48,31,
13,34,
9,49,
53,-35,
24,25,
66,-20,
-5,-6,
10,10,
4,53,
-13,4,
8,13,
44,49,
12,72,
-17,83,
-38,7,
-10,35,
12,27,
46,72,
-5,72,
-15,54,
25,-31,
6,-7,
75,19,
56,78,
-8,60,
-47,24,
-14,-14,
2,-32,
16,17,
-19,62,
-22,73,
41,35,
68,25,
89,-15,
66,-71,
-13,-32,
-28,14,
-19,61,
74,71,
46,57,
35,82,
41,94,
54,45,
6,-19,
30,-3,
0,-54,
-23,33,
-33,66,
61,-20,
38,-36,
44,-21,
-10,-31,
28,31,
26,-26,
21,-64,
8,-77,
7,-30,
30,13,
76,17,
38,-11,
-3,-30,
-19,-7,
-15,-20,
-23,-30,
83,-33,
1,-7,
29,-45,
0,-15,
5,-39,
44,-23,
35,25,
8,-7,
51,30,
-16,38,
-80,15,
52,26,
72,37,
14,19,
-27,15,
-15,-26,
16,-34,
14,6,
-1,25,
-30,48,
-30,15,
26,-6,
42,-57,
-19,-37,
-27,-22,
-12,31,
35,29,
55,26,
-1,15,
-31,7,
4,18,
-19,4,
-51,-36,
-10,8,
17,22,
55,3,
3,19,
15,52,
16,60,
-23,-48,
12,-18,
-75,-16,
-34,62,
-8,6,
-49,16,
-3,50,
-37,46,
13,6,
-7,-35,
20,-29,
-16,-12,
-14,4,
5,-15,
18,21,
46,45,
71,67,
34,37,
46,70,
38,19,
7,-11,
40,-50,
102,-31,
96,-2,
65,80,
-3,103,
8,20,
36,83,
-14,68,
-12,27,
19,41,
-16,32,
30,-12,
23,20,
25,-14,
-1,43,
28,19,
18,-14,
-17,-14,
-6,28,
60,-17,
18,1,
21,-37,
-43,-9,
-13,13,
-5,35,
-1,52,
75,50,
67,53,
42,26,
-13,36,
8,-18,
28,-66,
15,-46,
-11,25,
2,2,
-27,-24,
-8,-51,
10,-5,
81,-15,
44,-6,
-14,-13,
-4,26,
-21,43,
-2,-67,
33,-25,
-2,-8,
14,24,
-16,16,
-43,43,
3,3,
37,-22,
-5,-58,
91,-49,
30,13,
-19,92,
-4,97,
-16,26,
43,-1,
92,-63,
71,31,
39,49,
34,15,
70,-17,
71,-25,
9,48,
2,49,
14,20,
73,4,
62,37,
-11,-8,
-33,33,
-34,83,
-25,2,
-22,-15,
-5,39,
30,91,
63,94,
75,36,
72,-87,
80,-42,
-6,-81,
10,7,
-38,-10,
29,-58,
74,-86,
-27,-42,
18,16,
9,-40,
-58,-20,
-123,-7,
-107,-30,
-41,3,
-13,3,
-8,21,
-9,5,
-77,-40,
-68,-64,
-43,32,
-33,16,
0,30,
20,26,
-43,-36,
-20,-64,
19,-32,
-19,23,
15,23,
-27,21,
-28,55,
-51,-6,
-12,10,
76,-57,
-20,-58,
-6,25,
-11,84,
-39,-17,
-36,-20,
-14,-38,
-12,2,
-32,23,
21,-31,
41,-9,
35,45,
-7,42,
-17,3,
-11,-13,
-50,2,
18,-41,
-26,-32,
-24,6,
-22,55,
17,90,
18,23,
-17,-11,
-24,39,
-7,47,
2,18,
8,-32,
-13,17,
-8,71,
-5,3,
10,-22,
37,-21,
-39,35,
-69,28,
53,-28,
48,-52,
-13,34,
12,27,
-10,14,
2,-17,
-44,61,
-66,20,
-10,30,
-15,14,
-33,13,
-12,-8,
27,-30,
20,80,
20,16,
-14,-31,
22,-28,
5,-28,
-39,0,
-29,40,
7,26,
-45,-8,
-41,5,
5,-58,
-28,-33,
-23,-42,
-18,23,
25,2,
11,28,
-9,100,
-2,52,
-36,50,
-52,12,
-42,12,
-2,5,
-19,-25,
-22,15,
25,15,
-42,36,
-35,34,
-38,13,
-13,39,
-25,-22,
38,-1,
42,55,
28,91,
37,26,
-25,-32,
9,1,
62,-20,
6,-6,
-64,-24,
-58,13,
-60,36,
-60,9,
-53,63,
-46,38,
-44,13,
-65,-11,
-39,-66,
-30,-63,
27,-37,
-4,-14,
-21,10,
-60,-26,
-33,42,
1,27,
2,39,
-29,60,
-9,69,
12,-7,
43,-66,
-8,23,
-429,475,
-2620,2404,
-6294,4734,
-7288,4813,
-7191,3531,
-2065,-129,
1498,-1537,
1358,-448,
450,288,
830,-532,
1977,-1510,
2119,-1269,
1200,-263,
249,262,
-209,56,
-369,-460,
-372,-887,
-377,-872,
-159,-205,
51,115,
13,459,
-233,468,
-135,436,
271,174,
429,-131,
417,-328,
244,-315,
53,-104,
-111,88,
-93,222,
-27,135,
210,-16,
349,-122,
347,-189,
114,37,
59,58,
93,33,
253,-51,
342,49,
300,134,
206,113,
148,1,
75,-162,
64,-232,
143,-193,
128,-119,
88,-61,
-19,-31,
-135,95,
-93,260,
181,263,
147,171,
169,24,
88,-32,
-45,-20,
-97,23,
-11,49,
5,55,
2,18,
-1,-29,
71,-178,
87,-122,
115,-43,
131,60,
147,25,
54,22,
10,50,
68,107,
81,186,
227,73,
217,-95,
116,-175,
-3,-102,
-99,-61,
-60,33,
-64,24,
-70,-115,
-67,-151,
-49,-173,
-64,-136,
25,-42,
133,-91,
126,48,
53,-34,
22,-108,
-71,-46,
-53,-75,
8,-73,
84,-22,
91,-21,
83,-85,
101,-29,
105,-68,
78,-11,
18,-42,
-35,62,
111,95,
90,30,
28,30,
10,-16,
69,-20,
86,-60,
145,-118,
60,-42,
9,38,
86,43,
51,20,
73,15,
52,8,
10,-49,
-7,-24,
56,-47,
44,-38,
-46,-51,
-31,-21,
26,-93,
71,-120,
91,-64,
-29,-41,
38,-10,
65,-14,
106,-17,
95,4,
53,-30,
49,40,
31,-24,
-7,-14,
14,-36,
81,-20,
73,-40,
-37,-66,
-68,-107,
10,-93,
63,-1,
94,-15,
24,-13,
95,-3,
77,21,
20,1,
49,-78,
89,-47,
59,-51,
107,-41,
82,17,
127,-16,
72,-87,
-33,-8,
-48,18,
-48,62,
-18,-45,
-13,-21,
26,-56,
-21,-93,
-40,-65,
69,-11,
00>
_________________________________
00>
_________________________________
Sequence Number: 14
00>
00>
Printing STS0 CIR
00>
00>
_________________________________
00>
39,50,
31,85,
9,22,
23,19,
0,4,
66,18,
105,-15,
93,-11,
-2,46,
-13,32,
-19,72,
10,51,
29,-9,
14,-63,
-54,-26,
-18,13,
6,45,
14,-10,
-38,30,
19,39,
40,-13,
1,20,
-13,-18,
-5,-20,
61,32,
28,17,
-22,-76,
2,-46,
87,20,
88,-6,
37,-31,
-13,-12,
18,5,
3,12,
22,26,
17,-36,
-23,-21,
-40,-51,
-37,-28,
-35,25,
-8,-31,
59,-16,
48,18,
-6,-8,
-75,56,
22,67,
32,44,
66,16,
93,23,
17,-15,
-14,-7,
-124,46,
-34,35,
5,-73,
53,36,
33,25,
5,6,
-24,-13,
-36,-46,
43,-8,
91,26,
39,-30,
16,46,
-4,-30,
-31,-49,
-83,-10,
-38,-12,
41,-12,
83,46,
-6,51,
11,34,
-11,44,
50,2,
98,26,
55,17,
-10,72,
-9,38,
53,-13,
8,20,
106,10,
3,20,
19,55,
-14,20,
-29,2,
-49,23,
-58,15,
-9,56,
12,-26,
-18,-63,
-56,-77,
-55,21,
-27,30,
30,-9,
14,-37,
48,-5,
89,-18,
126,0,
81,33,
0,36,
-35,79,
-11,62,
44,30,
79,63,
-5,-8,
-54,-9,
-145,63,
-84,40,
28,-60,
27,24,
-15,5,
66,5,
54,6,
17,12,
-14,-42,
-18,-90,
80,-11,
103,6,
34,44,
-110,2,
-55,-3,
66,73,
46,104,
61,73,
-3,-26,
58,46,
91,11,
26,-38,
-4,-25,
39,-17,
26,-27,
25,-37,
66,24,
103,47,
40,18,
10,52,
39,74,
60,-10,
-25,-38,
-102,-89,
-19,-51,
-18,-46,
31,6,
-14,-9,
3,12,
-41,-29,
-60,0,
-56,27,
-3,34,
-41,-45,
10,-28,
20,-85,
-3,-43,
63,-25,
58,70,
-32,47,
-28,36,
-52,15,
-8,31,
31,-24,
-3,43,
47,3,
-4,-16,
-53,-60,
40,18,
20,0,
42,-64,
80,-61,
1,-7,
-23,-13,
4,-55,
59,-68,
62,-25,
121,-15,
24,-12,
-52,-54,
-88,-12,
-18,14,
41,35,
97,40,
37,22,
-2,47,
31,78,
42,30,
43,39,
32,-22,
-13,-48,
-50,20,
44,-31,
33,-13,
11,16,
-67,-75,
-56,-24,
-22,9,
53,-4,
22,4,
-55,-57,
3,-15,
-49,-37,
56,-9,
-10,14,
43,-1,
33,-32,
23,23,
3,-59,
19,13,
95,-5,
62,-1,
33,46,
10,9,
21,48,
-20,29,
0,69,
28,58,
8,1,
14,65,
14,17,
-6,102,
-40,105,
-15,-30,
33,-38,
27,-38,
33,48,
-13,-22,
5,-51,
-30,-16,
-15,31,
21,60,
-31,88,
-64,-21,
-14,5,
5,12,
62,35,
23,19,
-36,67,
-13,78,
82,60,
29,122,
-56,-11,
-30,-21,
-60,-28,
-34,5,
-5,18,
12,15,
32,33,
30,56,
-10,-3,
18,-35,
51,-70,
-1,-2,
-2,-19,
13,14,
20,-44,
-20,18,
-10,-15,
7,-45,
29,-72,
78,-31,
4,-63,
31,5,
54,-7,
14,-21,
52,28,
81,-3,
55,36,
64,7,
87,-74,
67,-42,
-26,-67,
-44,-50,
-10,-31,
33,8,
0,-26,
-2,-18,
-4,-13,
16,18,
38,-14,
-1,-34,
-13,43,
13,17,
-3,-28,
26,-86,
29,42,
52,41,
-37,-29,
-11,17,
26,18,
-21,8,
-17,-40,
-38,-25,
-7,31,
-25,55,
-47,-77,
-11,-63,
26,-89,
43,-20,
96,57,
16,43,
-33,-25,
74,-66,
56,-69,
44,-46,
-24,-72,
65,-18,
-37,-21,
21,24,
11,84,
85,46,
19,3,
34,30,
48,47,
65,7,
39,-5,
44,-14,
64,64,
27,35,
33,-61,
12,-25,
-18,24,
34,18,
92,123,
23,34,
47,73,
-18,-33,
16,19,
-22,74,
-33,60,
-26,10,
43,21,
-25,-38,
-56,11,
-29,67,
72,19,
22,4,
-53,-90,
16,-11,
42,-20,
33,67,
34,66,
-42,57,
-70,-14,
-140,-47,
-62,-39,
-34,-18,
-5,31,
-41,25,
-2,53,
-30,-6,
45,-63,
-31,-35,
-60,47,
-45,-6,
-54,-22,
-37,-69,
126,106,
627,846,
1590,3039,
1806,5310,
586,4963,
-1100,1554,
-1597,-1138,
-780,-1414,
92,-977,
961,-1523,
2317,-2250,
3483,-1304,
2805,394,
1031,847,
-284,186,
-395,-186,
-137,17,
-34,378,
-180,419,
-261,154,
-127,-122,
102,-138,
148,83,
97,56,
13,-48,
-4,-172,
59,-177,
62,11,
81,190,
143,316,
122,328,
68,161,
-57,-6,
-147,-53,
-218,-33,
-190,-15,
-129,6,
-130,17,
-99,-26,
12,47,
194,26,
236,-23,
159,14,
29,-135,
-40,-102,
41,-89,
89,-115,
33,-20,
-13,45,
62,40,
71,15,
127,11,
7,-2,
21,-3,
9,-32,
-69,-88,
-184,-190,
-154,-227,
-27,-209,
84,-98,
47,-44,
-3,-64,
-32,-96,
-111,-134,
-52,-44,
-62,-59,
-73,-98,
-101,-67,
-29,-47,
-32,-127,
-98,-183,
-157,-119,
-35,18,
51,94,
57,168,
-43,116,
-138,94,
-239,-52,
-193,-135,
-201,-158,
-167,-72,
-58,-40,
-33,0,
-23,27,
19,94,
72,92,
-8,92,
16,79,
-1,43,
21,-28,
19,10,
29,77,
5,40,
-56,-75,
-101,-65,
-60,-82,
-1,32,
-39,-2,
-27,11,
26,24,
62,31,
44,53,
-51,22,
-109,-42,
-115,-63,
-108,-26,
-3,19,
43,51,
27,30,
-58,11,
-18,-79,
114,-2,
87,-34,
-8,-35,
-66,-44,
2,-8,
-30,-52,
-131,-5,
-101,-36,
-10,-43,
12,-23,
-27,-78,
-44,-121,
-16,-73,
-37,27,
-90,3,
-21,-35,
4,-4,
-21,-49,
-86,-26,
-43,1,
15,59,
6,7,
53,-32,
7,-34,
-17,-72,
-108,-45,
-50,-9,
-4,-15,
0,25,
3,-13,
-72,-45,
-27,4,
25,26,
49,72,
8,89,
12,-34,
107,-17,
68,53,
7,-28,
-65,-25,
-39,-62,
-62,-9,
-52,-68,
12,-12,
-16,-15,
33,-31,
12,-36,
-33,50,
00>
_________________________________
00>
00>
Printing STS1 CIR
00>
00>
_________________________________
00>
2,-15,
79,113,
116,120,
18,69,
29,-7,
8,79,
19,123,
-31,58,
19,-73,
-2,-78,
49,2,
50,12,
21,103,
1,15,
49,-16,
16,41,
7,30,
-85,10,
-19,44,
12,13,
28,-55,
1,1,
19,26,
4,56,
-41,57,
18,36,
119,-47,
24,0,
-97,41,
-17,15,
36,-32,
43,34,
88,-19,
40,-36,
40,-12,
42,17,
1,69,
-6,88,
-4,26,
-36,-45,
13,3,
6,30,
44,60,
8,-36,
-24,-26,
8,65,
22,104,
24,73,
-38,41,
-5,5,
-20,12,
-26,18,
-21,94,
-31,72,
-13,-14,
-22,1,
-37,31,
-57,-41,
29,-25,
89,4,
37,71,
81,60,
35,-12,
-43,-22,
12,-31,
-62,0,
-66,-2,
-90,1,
-13,-47,
44,27,
80,61,
88,18,
44,49,
5,-44,
35,51,
-28,-32,
16,-18,
6,-19,
-47,11,
-19,46,
-65,79,
-18,87,
-39,56,
-26,47,
-46,-6,
-62,-49,
26,-9,
17,1,
-29,24,
-43,44,
-31,66,
-64,50,
-55,-18,
-3,-8,
-47,-11,
-83,4,
-20,-14,
-14,16,
-1,50,
26,10,
14,-12,
49,7,
4,89,
-18,111,
-7,92,
-10,23,
-16,-28,
37,67,
41,38,
-11,43,
-102,22,
-83,-12,
-11,-4,
-23,-40,
22,-24,
54,-20,
-25,6,
-23,-20,
52,-12,
22,53,
18,-24,
-73,4,
10,52,
56,53,
70,-7,
45,-103,
8,-35,
-30,17,
38,-9,
15,-41,
-39,-37,
1,29,
4,49,
-18,38,
-18,70,
-17,108,
-9,70,
-15,6,
-6,55,
-58,42,
-73,-30,
-26,0,
37,21,
16,28,
-32,2,
-36,30,
37,-12,
42,18,
99,4,
45,-55,
28,-13,
56,-18,
18,-14,
19,-17,
67,-13,
29,13,
22,-59,
-34,-70,
35,7,
-35,63,
1,62,
14,-64,
44,-5,
61,34,
7,19,
-3,-23,
-18,5,
8,0,
-6,-72,
-19,-23,
-4,-4,
26,36,
-45,90,
-47,35,
-24,-24,
53,-46,
34,-81,
3,-64,
19,-29,
-93,18,
-40,-9,
13,-6,
-10,19,
-45,37,
-14,5,
-15,-11,
55,62,
7,60,
16,-74,
3,-72,
-28,-39,
-74,30,
-66,87,
23,-24,
7,-26,
16,24,
50,6,
31,24,
17,-18,
68,8,
55,29,
13,51,
37,44,
27,-2,
9,31,
-1,49,
-5,27,
3,57,
24,29,
-4,9,
19,54,
78,45,
75,39,
-1,96,
-42,37,
9,8,
125,-25,
121,-41,
113,-18,
9,-48,
-71,-58,
-9,-7,
82,119,
46,37,
-7,-37,
43,-13,
66,2,
16,-29,
23,-1,
33,10,
5,5,
39,-15,
39,-64,
-21,34,
-17,90,
10,114,
84,8,
13,20,
-52,-18,
-10,5,
23,50,
42,4,
44,-25,
-7,-81,
-34,40,
-12,12,
12,50,
-16,46,
13,13,
14,70,
9,46,
23,98,
-74,109,
-69,75,
-54,101,
9,32,
46,-2,
-44,3,
-59,6,
51,52,
-11,51,
52,63,
-3,90,
-36,80,
-59,7,
-67,12,
23,19,
18,-30,
-40,-10,
-45,4,
-23,79,
-61,106,
3,85,
61,40,
22,-19,
19,38,
-21,5,
-19,-57,
-24,-13,
-36,24,
3,40,
-7,-15,
-58,48,
-25,46,
-7,9,
-17,-6,
-17,67,
-11,65,
14,17,
49,14,
54,45,
-33,12,
-70,33,
-68,23,
37,57,
27,123,
8,42,
-35,34,
-32,3,
21,-9,
17,16,
26,84,
2,43,
-3,-34,
-41,-29,
-29,74,
2,-10,
-45,-55,
17,-27,
2,44,
59,33,
63,-24,
-57,7,
-66,35,
1,-13,
1,-11,
32,17,
29,22,
-31,96,
46,63,
80,23,
30,50,
-27,59,
-57,54,
-9,9,
55,2,
47,126,
42,105,
-75,45,
-75,31,
40,-1,
29,55,
-67,-7,
-85,24,
-71,-69,
-51,53,
48,34,
39,68,
74,50,
49,-35,
82,-7,
-42,59,
-17,129,
56,119,
35,14,
46,-7,
30,16,
-39,59,
-14,37,
14,-4,
-76,44,
-34,71,
-34,59,
146,71,
1027,420,
3090,1963,
4659,3594,
3596,3524,
373,1366,
-1748,-322,
-1424,-457,
-80,309,
366,1121,
-268,1683,
-1099,1648,
-1164,877,
-592,125,
104,-124,
291,-66,
238,-194,
363,-416,
408,-458,
119,-245,
-241,-84,
-257,71,
-35,66,
110,-52,
14,-209,
-35,-270,
8,-300,
51,-189,
112,-120,
115,-192,
115,-340,
36,-340,
-8,-282,
-85,-122,
-1,-118,
118,-71,
55,-18,
53,7,
12,-100,
4,-194,
-123,-190,
-209,-52,
-247,35,
-236,32,
-112,-122,
-35,-246,
-54,-117,
-79,-51,
-67,-74,
-9,-55,
73,-80,
84,-50,
78,-25,
-25,52,
-139,12,
-42,-7,
-68,-58,
-167,-23,
-132,-47,
-100,-38,
-51,-8,
-29,5,
-78,-60,
-52,-140,
2,-211,
24,-212,
-15,-187,
-48,-38,
26,59,
17,-10,
7,-88,
39,-58,
-22,35,
-163,26,
-247,32,
-152,-44,
-165,-66,
-120,-86,
-106,-103,
-106,-110,
-40,-98,
3,-1,
14,5,
33,-32,
-15,-19,
-111,33,
-28,19,
-31,52,
41,59,
46,5,
44,13,
-34,15,
-45,30,
6,37,
-23,61,
0,73,
2,30,
-19,-87,
-80,-50,
-70,-19,
5,-46,
1,-78,
-14,-88,
11,-38,
26,45,
-61,12,
-66,37,
-43,-36,
-39,-27,
-38,23,
17,41,
47,-29,
-7,-96,
-17,-79,
30,-57,
41,4,
74,-49,
61,-72,
-44,-32,
44,1,
109,-45,
100,-64,
68,-49,
75,-59,
26,-63,
-63,-52,
-6,-5,
27,-53,
-28,-34,
20,-72,
10,-10,
-49,-9,
-12,68,
-60,-16,
-5,27,
31,-10,
72,11,
-7,9,
-53,44,
4,82,
28,33,
18,8,
58,-39,
23,-19,
-42,24,
-38,48,
17,3,
19,12,
-42,12,
-44,-12,
5,-33,
-1,-15,
8,-31,
-27,-34,
1,25,
-41,-49,
-32,-21,
-11,24,
-56,-35,
00>
_________________________________
00>
RX Timestamp: 816317380286
00>
Clock Offset: 1104.641 Hz, -0.138 ppm
00>
RX Timestamp: 817389238205
00>
Clock Offset: 2064.228 Hz, -0.258 ppm
00>
_________________________________
Sequence Number: 147
00>
00>
Printing STS0 CIR
00>
00>
_________________________________
00>
-4,-57,
84,-46,
63,27,
-16,40,
-2,62,
-30,23,
-41,10,
62,60,
9,41,
-47,65,
-55,39,
0,57,
41,15,
34,-56,
-3,-69,
15,-34,
39,0,
18,-5,
14,34,
-32,-5,
0,37,
-19,-33,
28,-4,
-27,40,
-9,66,
18,22,
8,-42,
33,17,
-41,16,
39,57,
57,27,
42,9,
29,5,
-126,8,
-52,-59,
-57,-104,
-9,-157,
-3,-83,
51,-10,
106,20,
22,37,
-18,-53,
-57,-28,
-49,-38,
-3,-82,
-9,-103,
29,-46,
-11,22,
-20,17,
-12,-3,
-44,5,
-7,4,
42,67,
80,25,
69,-17,
29,-48,
60,5,
18,38,
3,-34,
34,19,
3,23,
-4,-11,
-10,27,
20,31,
-33,-7,
-36,-59,
-37,52,
24,89,
-7,88,
18,19,
21,-29,
-12,-24,
-66,-6,
-20,112,
-10,63,
40,-59,
29,-24,
12,-2,
86,-37,
31,-4,
4,-33,
15,22,
-8,18,
1,33,
-13,-1,
5,-61,
55,52,
-17,33,
-29,70,
-32,20,
44,-37,
35,-45,
54,-67,
42,19,
57,-2,
51,-51,
31,-18,
-50,-12,
-40,-16,
-32,13,
-3,6,
-5,-4,
-52,102,
-27,70,
-47,21,
68,-41,
92,-66,
34,10,
-9,64,
-22,-37,
-15,-47,
33,47,
39,29,
42,22,
29,25,
12,-20,
-3,-45,
-7,-26,
43,-40,
14,-16,
29,31,
-3,3,
-51,10,
0,-33,
-27,-33,
46,2,
61,5,
78,-14,
81,-5,
42,-28,
5,-18,
44,-39,
-35,12,
-60,46,
-61,27,
7,-19,
1,-41,
42,32,
-80,39,
-11,35,
14,14,
-66,10,
-69,0,
-71,-29,
-14,4,
-33,21,
148,2,
97,19,
74,38,
-39,-1,
8,-71,
-48,-25,
3,-2,
27,-21,
-53,29,
-19,30,
-84,25,
-5,30,
144,76,
53,65,
2,-15,
-5,-46,
-36,-22,
10,99,
-36,160,
-65,125,
-89,-13,
-31,15,
-9,84,
1,67,
-12,-62,
44,-61,
-23,-43,
-49,-83,
-62,-16,
-31,-9,
10,-52,
13,68,
-16,67,
-22,25,
-9,-22,
42,45,
16,27,
36,26,
34,-13,
-12,-26,
-11,52,
50,8,
44,67,
-9,-9,
-11,62,
15,140,
12,31,
-4,39,
-4,-22,
57,72,
27,57,
-14,0,
21,-58,
13,-16,
21,-30,
38,-24,
58,-35,
57,61,
122,43,
61,-12,
-16,-18,
40,38,
-1,-86,
24,-66,
23,16,
-104,88,
-23,14,
18,-19,
-8,27,
63,8,
38,94,
-8,25,
4,-11,
22,-15,
50,43,
-18,50,
22,30,
10,-49,
11,1,
0,3,
14,10,
-42,-63,
-56,-120,
21,-62,
37,5,
7,25,
12,21,
48,-81,
-58,-76,
-42,-8,
5,17,
30,6,
15,29,
46,23,
18,75,
-36,47,
-8,36,
26,14,
12,10,
13,-5,
35,7,
37,-51,
2,-38,
41,-43,
36,-46,
-5,-67,
-22,9,
-21,28,
-35,-38,
5,-23,
17,-24,
24,1,
-35,-34,
10,-30,
15,21,
42,125,
35,110,
-20,-8,
12,-51,
-37,-12,
-55,-1,
-45,8,
-21,20,
-3,-8,
29,17,
62,-42,
-4,-23,
-9,32,
14,29,
68,15,
38,39,
60,24,
11,-6,
72,24,
-1,31,
-25,5,
-22,9,
-16,-20,
-37,-22,
6,-3,
-7,-26,
-93,0,
14,-10,
-10,26,
37,-21,
36,-25,
57,-76,
62,-60,
54,-55,
-46,34,
-74,44,
-96,84,
9,-3,
11,-77,
37,-99,
4,-45,
-30,23,
-41,19,
15,-83,
35,-45,
11,17,
-22,0,
-12,-5,
22,13,
57,-17,
-12,38,
6,31,
40,-23,
41,58,
44,40,
78,51,
66,40,
14,66,
-15,45,
-30,73,
28,-2,
-17,-59,
2,-73,
-34,-47,
-24,-57,
71,-17,
57,-14,
12,4,
-3,71,
0,-5,
-20,-8,
48,107,
12,88,
-34,114,
2,70,
8,49,
12,46,
-3,80,
69,-32,
78,8,
93,8,
12,-11,
4,-11,
45,34,
41,2,
-41,58,
18,25,
33,24,
-18,-52,
-4,-108,
18,-44,
74,6,
579,-246,
2526,-1049,
5572,-1694,
6546,-1050,
4234,665,
613,1566,
-907,997,
-513,-245,
512,-1312,
1320,-1571,
1782,-910,
1543,-45,
675,290,
-7,127,
-227,-66,
-321,46,
-492,111,
-693,40,
-393,-20,
-55,-72,
96,-253,
54,-239,
-122,-202,
-224,-16,
-240,208,
-75,213,
16,122,
-56,90,
-209,2,
-192,34,
-129,136,
-48,168,
-83,135,
-49,39,
-27,8,
-20,39,
-52,110,
-61,194,
-172,254,
-180,214,
-172,244,
-64,75,
35,-46,
-18,-54,
-103,-5,
-131,75,
-135,167,
-91,67,
-85,13,
-46,-55,
-78,-55,
-68,-54,
25,29,
-22,32,
4,-21,
-35,-18,
-88,49,
-82,121,
-45,40,
101,-2,
74,44,
-74,57,
-131,-26,
-194,-126,
-115,-54,
90,16,
15,-46,
-132,-120,
-177,-10,
-29,-19,
-30,8,
17,123,
-6,32,
-26,-115,
-27,-127,
87,-45,
56,49,
83,106,
39,18,
-99,24,
-123,-37,
-146,20,
-49,17,
4,83,
-5,20,
-46,-54,
-69,-69,
-35,-45,
29,22,
73,-44,
-102,-2,
-124,46,
-6,130,
24,52,
-15,8,
-27,35,
-93,2,
-86,40,
13,1,
15,-17,
-29,-27,
-54,42,
-11,-12,
-19,-33,
-32,-53,
-93,-137,
-38,-38,
25,33,
-12,114,
-46,26,
-31,-21,
-3,-59,
-88,-25,
-63,70,
-54,22,
-37,-30,
-61,46,
-10,74,
-6,90,
-36,34,
-5,58,
-71,78,
-105,-25,
-97,-20,
-45,17,
-2,-2,
23,-57,
-38,-40,
-110,117,
-76,92,
-77,3,
-28,3,
-67,-14,
-96,-42,
-66,20,
-46,-19,
-48,22,
-17,5,
-2,8,
7,50,
6,3,
-36,6,
-72,-100,
-54,-68,
7,71,
-7,-58,
-82,-76,
-43,9,
-5,34,
7,71,
71,34,
66,63,
-54,18,
-111,-24,
-102,4,
-36,52,
-29,25,
-84,-52,
-105,-63,
00>
_________________________________
00>
00>
Printing STS1 CIR
00>
00>
_________________________________
00>
26,-5,
-29,19,
-51,-19,
-73,-15,
3,86,
-39,49,
-28,4,
-4,20,
40,13,
10,33,
27,-13,
44,-57,
1,-44,
4,-5,
-34,-10,
-27,7,
-7,25,
-76,29,
-26,18,
-28,-37,
-55,-35,
-30,0,
-49,46,
-43,48,
-11,156,
9,92,
9,67,
-13,-5,
-47,25,
-35,22,
50,22,
37,4,
14,-50,
41,-36,
46,0,
44,45,
16,6,
-38,6,
-48,70,
-58,-27,
32,-37,
47,4,
43,-12,
-11,-14,
-2,47,
-34,-32,
18,-23,
-30,-4,
-100,9,
-75,-27,
-50,29,
-85,21,
-78,-56,
-30,-38,
-60,-12,
11,-26,
69,-18,
61,4,
-40,28,
6,29,
50,22,
14,27,
-27,22,
-5,35,
43,71,
105,28,
98,48,
57,5,
-15,-4,
-48,35,
32,-3,
19,-9,
-6,33,
25,63,
-31,16,
-81,31,
-56,8,
-41,38,
23,-1,
13,-38,
-31,25,
-10,-14,
11,-3,
94,35,
73,37,
48,58,
70,46,
42,-15,
9,-6,
-43,12,
24,4,
5,-22,
-12,15,
5,-9,
65,6,
-20,-8,
52,-19,
5,-14,
15,-31,
47,0,
33,47,
14,60,
43,17,
0,28,
35,-8,
40,-14,
8,17,
51,16,
1,15,
-43,60,
-32,20,
-15,-68,
18,-90,
49,-7,
65,-30,
-32,34,
-50,12,
-88,44,
-76,19,
-28,-26,
51,-9,
80,-44,
25,-31,
-104,-9,
-4,-13,
4,23,
15,41,
-22,29,
-1,45,
65,23,
49,-8,
-17,-61,
-9,-28,
-1,-7,
-12,59,
2,85,
41,-16,
70,-51,
37,-51,
-23,22,
-16,56,
-19,19,
49,76,
77,84,
-2,73,
-5,41,
11,14,
34,7,
25,50,
54,-7,
63,-29,
40,-7,
-15,-11,
28,50,
-45,61,
6,-11,
-42,-37,
-19,-9,
-47,-16,
-30,55,
7,0,
52,-19,
35,-53,
-1,47,
3,18,
1,25,
44,4,
65,34,
14,33,
-23,-18,
6,-20,
-13,-7,
-25,73,
48,34,
113,-12,
48,21,
7,72,
-28,66,
-31,4,
-52,-28,
-82,-30,
7,-11,
36,12,
-44,8,
-46,15,
4,47,
3,63,
75,62,
7,50,
-4,74,
-79,10,
-2,46,
-42,0,
-57,8,
47,-34,
75,8,
97,8,
-18,20,
-51,21,
-45,41,
-14,16,
-13,29,
15,-12,
-26,-2,
-96,-32,
-46,6,
-4,9,
92,30,
42,-12,
31,28,
37,20,
26,68,
92,60,
81,-51,
9,17,
-36,12,
-64,-22,
-24,49,
-10,80,
-10,-6,
17,-35,
1,0,
-1,23,
-21,67,
-49,27,
17,0,
24,-29,
-11,43,
-43,36,
-1,-13,
41,-2,
23,45,
-73,-7,
-9,-40,
37,-55,
38,-1,
-7,8,
-28,-15,
-19,-115,
-14,-93,
27,0,
9,61,
44,-8,
39,-59,
-45,-13,
-81,0,
-21,78,
9,37,
12,-37,
16,-48,
-26,36,
-56,51,
-12,61,
-21,65,
54,38,
64,37,
26,19,
41,-25,
60,34,
31,30,
35,0,
43,11,
9,44,
-20,55,
37,-27,
103,-61,
71,-4,
83,18,
30,19,
30,21,
-44,26,
9,32,
-61,60,
-1,37,
-27,-25,
-42,-51,
-41,-56,
-60,-62,
-31,50,
23,47,
82,19,
75,43,
-4,86,
-49,32,
-38,24,
2,7,
21,49,
24,11,
51,5,
7,9,
13,-18,
-31,23,
-46,-7,
42,-3,
41,41,
1,68,
21,14,
60,-10,
-10,-60,
-19,-68,
4,-48,
5,11,
-14,100,
14,103,
73,65,
14,59,
-18,75,
46,36,
45,50,
31,53,
-28,62,
-44,0,
38,16,
11,-25,
-3,12,
-34,54,
-17,23,
38,0,
-32,-30,
21,-38,
-2,43,
-52,58,
-22,7,
-40,-31,
5,-55,
19,-31,
18,6,
-16,40,
29,5,
11,-7,
-14,7,
-70,56,
-63,51,
33,54,
-6,67,
21,29,
43,-18,
64,-21,
25,7,
-38,37,
-12,19,
-37,-7,
1,-99,
20,-35,
56,8,
-17,-5,
74,32,
-5,23,
-46,-12,
27,-41,
2,-19,
12,7,
-22,-6,
327,-755,
1608,-3216,
3327,-5768,
3892,-5698,
2494,-2595,
238,768,
-699,1194,
-496,181,
-332,29,
-497,872,
-722,1441,
-726,977,
-435,183,
-50,-160,
245,-46,
410,190,
419,433,
324,300,
91,-44,
-119,-243,
-118,-337,
-65,-341,
-88,-176,
-160,63,
-184,307,
-150,304,
35,98,
101,-41,
89,-119,
78,-76,
18,31,
-64,151,
-170,193,
-158,133,
8,83,
57,114,
-38,196,
-235,145,
-301,67,
-240,-6,
-164,-65,
-72,-10,
-52,77,
22,136,
-26,191,
-83,132,
-27,49,
32,-78,
78,-109,
21,-52,
0,-50,
-47,-4,
-113,103,
-47,46,
-38,20,
-51,-10,
-58,60,
-72,97,
-70,100,
-98,119,
9,83,
1,76,
-63,3,
-140,95,
-98,42,
-10,-37,
14,42,
-8,15,
-116,57,
-78,138,
-27,157,
-10,111,
62,58,
15,35,
30,72,
60,104,
112,108,
72,137,
67,119,
35,76,
-25,100,
-35,110,
65,94,
1,-32,
-36,-17,
-84,6,
-72,60,
-37,11,
37,6,
-45,73,
-51,142,
-37,122,
32,51,
-18,12,
-25,56,
38,116,
-27,82,
-61,20,
-84,23,
-46,19,
5,-9,
57,0,
-28,75,
44,32,
0,-34,
-28,5,
-82,107,
33,82,
92,68,
34,77,
34,76,
-32,-34,
-27,9,
-80,104,
-42,0,
41,-7,
-15,22,
33,5,
-1,13,
11,86,
62,79,
57,64,
45,67,
-17,186,
33,53,
-3,15,
24,-37,
59,-41,
16,35,
9,94,
21,98,
-46,25,
-81,59,
-17,77,
93,29,
6,67,
-67,39,
-26,98,
-14,76,
14,76,
-10,15,
21,49,
2,48,
-22,36,
-30,60,
-76,26,
-76,-22,
-119,-20,
-107,-26,
52,-13,
51,-41,
10,-4,
37,42,
41,44,
1,16,
-11,42,
6,50,
-12,81,
3,61,
00>
_________________________________
00>
_________________________________
Sequence Number: 150
00>
00>
Printing STS0 CIR
00>
00>
_________________________________
00>
59,-40,
7,-41,
-96,-17,
-7,-60,
-1,19,
-42,-33,
-40,39,
-36,92,
-75,68,
-79,49,
-51,23,
-66,-25,
9,-46,
29,-34,
70,-4,
97,76,
30,35,
-15,18,
-88,20,
-43,-17,
8,-46,
2,-12,
-30,-36,
-80,-45,
-50,64,
-70,33,
8,54,
-33,-44,
12,-2,
55,42,
9,-5,
44,-10,
49,28,
-14,3,
-52,-58,
-37,-14,
17,13,
9,73,
-18,-39,
43,-62,
85,-43,
64,36,
-8,97,
-16,53,
-18,50,
34,43,
-42,-45,
-62,-76,
-110,-104,
-21,-68,
-28,20,
-73,56,
-72,27,
-18,6,
6,91,
-20,12,
40,-1,
-26,-31,
-21,-7,
29,-23,
13,-30,
26,-47,
-16,-8,
0,14,
19,75,
24,4,
15,32,
3,54,
-18,16,
-6,13,
-40,-3,
-24,41,
26,3,
64,-1,
90,-3,
13,21,
9,-36,
30,-52,
21,-19,
46,-36,
-15,-17,
18,-20,
70,-71,
41,-75,
30,1,
23,32,
20,-9,
4,-9,
17,-47,
-18,-57,
-26,-32,
-1,20,
-8,19,
66,-6,
-12,-78,
-23,-32,
-74,16,
1,-12,
36,-23,
30,6,
9,-43,
65,-84,
51,-102,
28,-31,
49,-35,
9,-26,
-17,22,
11,31,
-37,73,
85,53,
42,-17,
11,-25,
-13,-38,
-12,17,
13,30,
-35,-34,
2,-8,
-32,-48,
-96,-88,
5,-61,
63,-43,
19,-41,
-6,-52,
0,-4,
20,17,
-109,8,
-42,-15,
-31,-48,
72,-14,
47,-26,
59,58,
42,23,
52,-3,
-7,-35,
5,2,
-15,17,
-3,8,
-12,21,
48,-53,
23,-3,
-27,1,
-10,11,
65,14,
76,-41,
34,47,
53,88,
-16,-1,
-39,-50,
-28,8,
-28,41,
87,67,
84,4,
39,23,
-9,-16,
-3,43,
39,-47,
-5,-15,
67,-7,
87,5,
88,-9,
-23,-56,
37,7,
14,-27,
35,-62,
1,-12,
30,13,
34,-59,
8,-25,
-14,46,
-10,-9,
37,18,
93,-2,
94,3,
24,7,
-35,19,
-50,-11,
-1,-31,
32,10,
9,95,
29,18,
45,-5,
-12,-55,
-21,62,
-57,-22,
14,8,
40,8,
36,-71,
-48,-28,
6,-19,
54,-44,
87,-71,
-11,-6,
57,40,
52,61,
71,20,
36,-25,
-13,-104,
9,-17,
31,-36,
23,-60,
18,-48,
12,48,
7,30,
14,29,
16,-24,
34,-5,
4,-17,
-48,-20,
-16,5,
-4,5,
80,8,
69,21,
61,43,
10,-63,
-1,-36,
-57,-1,
-5,15,
-37,8,
25,-65,
18,4,
-5,30,
21,22,
30,52,
24,7,
22,23,
-6,35,
13,-10,
-64,-54,
-32,-35,
14,19,
71,7,
60,-53,
45,-25,
13,-31,
-14,33,
49,29,
18,10,
40,42,
-4,80,
15,66,
61,25,
-1,24,
32,40,
49,-3,
45,-12,
-7,-29,
23,-44,
21,-24,
106,-14,
-10,-20,
8,-50,
-43,-5,
-10,-3,
-54,57,
-36,14,
5,-84,
3,-95,
-27,-44,
-38,-10,
-60,38,
27,20,
31,-47,
36,44,
77,-13,
72,-113,
-8,-76,
28,48,
-21,42,
-79,14,
-1,41,
33,18,
11,-6,
6,-23,
-17,13,
32,-46,
19,16,
54,50,
-11,50,
-32,-38,
-24,-38,
49,-42,
52,-35,
18,21,
64,6,
-7,2,
14,-5,
38,-60,
22,-74,
-33,-46,
-119,13,
20,59,
17,14,
-24,-25,
9,12,
18,58,
-14,46,
51,9,
52,51,
53,5,
-25,-10,
-57,-23,
1,8,
8,31,
39,41,
46,-27,
-6,-89,
-64,-51,
-38,-37,
-28,-79,
50,-5,
20,6,
28,-31,
12,-59,
1,-1,
-12,23,
-3,55,
-37,95,
-36,29,
-5,17,
-42,-35,
-67,-44,
-65,-12,
-16,27,
51,45,
-6,34,
-38,9,
26,66,
34,1,
-31,80,
-32,19,
24,-52,
35,9,
6,112,
-25,78,
-29,31,
27,39,
-113,88,
-116,66,
-20,-39,
28,-11,
121,69,
104,110,
-38,31,
-13,44,
-3,39,
13,88,
37,-9,
16,-57,
6,-62,
-17,-18,
18,43,
5,8,
30,32,
50,62,
63,94,
37,21,
11,-28,
-530,-202,
-2777,-1791,
-5637,-4727,
-5478,-5981,
-2564,-5224,
2108,-785,
3107,1292,
1288,1199,
156,1866,
-569,4303,
-2619,5247,
-4456,3247,
-3399,425,
-846,-532,
509,-176,
245,-13,
-182,-357,
-222,-663,
172,-383,
179,-148,
179,63,
-78,-78,
-195,-162,
-60,25,
122,268,
127,358,
110,184,
-75,15,
-347,-176,
-498,-340,
-419,-302,
-163,-123,
95,3,
240,9,
203,-84,
78,-41,
99,-63,
154,-77,
140,-67,
-73,-111,
-300,28,
-237,248,
-38,311,
43,295,
-14,225,
-86,143,
-131,62,
-60,16,
0,40,
0,10,
-47,124,
-24,87,
-10,61,
46,117,
175,105,
257,139,
346,220,
377,365,
198,306,
107,257,
127,153,
185,192,
160,221,
154,150,
83,137,
222,104,
151,-25,
156,-45,
251,33,
164,146,
142,44,
76,-21,
5,-136,
-17,-194,
50,-215,
102,-207,
339,-199,
453,-190,
384,-125,
280,56,
162,67,
88,133,
38,55,
2,18,
22,72,
-34,1,
-16,-79,
78,11,
19,69,
-29,9,
-73,-57,
31,-136,
188,-59,
172,-9,
142,10,
92,88,
87,134,
157,115,
60,4,
-16,-22,
7,145,
47,130,
27,118,
72,30,
116,25,
138,-51,
125,-64,
130,-28,
181,49,
84,46,
73,26,
95,-38,
53,-14,
134,96,
79,12,
84,-29,
199,5,
231,2,
190,65,
35,72,
-27,56,
38,82,
53,85,
-17,-19,
15,-61,
-22,-67,
60,-29,
83,-3,
110,45,
99,98,
90,12,
70,47,
97,87,
33,114,
-5,1,
84,-40,
102,105,
9,81,
76,38,
89,61,
103,-7,
55,-45,
27,11,
-22,-26,
36,-21,
166,5,
45,22,
-4,48,
-4,48,
0,2,
51,-66,
93,-23,
97,59,
135,48,
72,31,
00>
_________________________________
00>
00>
Printing STS1 CIR
00>
00>
_________________________________
00>
47,30,
1,-18,
48,-26,
43,44,
2,75,
-42,54,
18,-36,
32,-43,
59,-71,
27,72,
44,67,
37,12,
12,-10,
29,-20,
8,-29,
6,-10,
10,58,
54,-55,
6,20,
-34,-1,
-20,17,
19,-26,
-65,-44,
6,-12,
-35,-20,
-59,-31,
12,9,
-17,-44,
7,-43,
-12,32,
24,66,
-15,-3,
0,-43,
6,-64,
-3,-56,
-21,2,
6,34,
15,13,
-4,33,
2,38,
4,-50,
-37,-9,
-21,39,
-50,41,
76,74,
10,44,
1,2,
-17,-23,
-24,-9,
37,-7,
61,30,
50,28,
-47,14,
0,-44,
15,-68,
26,-50,
60,8,
29,1,
69,83,
53,79,
48,-40,
7,29,
-59,17,
-5,1,
-27,-72,
29,-20,
72,33,
90,18,
54,-20,
48,-86,
55,8,
32,13,
21,-77,
12,-54,
26,18,
95,58,
64,78,
28,34,
51,-3,
27,37,
3,85,
9,69,
32,30,
75,-17,
40,-20,
-7,19,
-13,37,
-36,46,
-16,32,
28,19,
6,9,
39,-11,
18,37,
58,21,
17,19,
-43,-39,
-35,3,
1,68,
20,29,
78,-15,
36,-26,
-6,2,
40,27,
35,-35,
-27,-29,
24,-40,
89,1,
88,-33,
8,8,
19,48,
35,21,
4,105,
17,74,
46,56,
4,51,
43,35,
-32,-31,
25,-25,
20,34,
14,-5,
43,-13,
-45,66,
-31,64,
-5,39,
45,-18,
28,-46,
59,45,
-35,61,
-71,12,
-86,-38,
-16,17,
30,-12,
40,22,
26,42,
-30,26,
7,77,
-24,43,
-59,142,
-59,54,
-32,-20,
26,-54,
-12,-36,
7,-5,
46,8,
45,-27,
19,-33,
9,-27,
51,13,
46,-18,
27,-75,
73,-39,
44,55,
-14,102,
-24,21,
-17,-90,
86,-70,
48,34,
48,70,
-1,78,
8,-11,
-38,-11,
28,-16,
12,25,
63,-63,
115,-77,
0,1,
-31,-2,
46,2,
33,4,
27,-71,
61,-80,
63,-22,
-2,-18,
-19,-5,
-22,16,
-32,-25,
40,-28,
63,-47,
-20,-24,
-61,-19,
-7,-36,
9,-2,
12,69,
-6,4,
5,43,
-29,-6,
-46,39,
78,-33,
95,-38,
-29,-37,
-92,-72,
-52,20,
30,53,
-35,-1,
26,-41,
38,-3,
4,-56,
15,-22,
6,-44,
58,-11,
19,-27,
52,-53,
68,-56,
-9,-61,
-18,11,
-13,19,
6,15,
-20,0,
43,35,
-18,13,
19,-3,
77,-2,
-10,19,
-35,-21,
-51,74,
31,91,
8,22,
-48,65,
-16,90,
5,61,
85,-57,
-1,-67,
48,-18,
17,-54,
-14,19,
-52,3,
-44,-8,
-4,-10,
-46,-28,
-40,16,
25,24,
27,42,
22,24,
-1,-13,
30,-22,
39,9,
54,-1,
47,-10,
15,45,
-33,-1,
-43,12,
-54,-18,
-24,-30,
-49,26,
4,2,
14,-17,
17,-19,
66,35,
26,26,
4,85,
-11,-23,
6,-71,
-72,-98,
-46,-2,
-53,-6,
-52,-55,
0,-13,
21,-12,
28,23,
-12,-41,
-11,22,
-9,21,
-15,57,
-17,64,
-9,104,
-5,53,
26,-30,
27,-10,
-49,-12,
-31,26,
-41,-20,
-17,-34,
6,-10,
23,-58,
38,-93,
39,-50,
81,20,
36,-48,
-4,26,
28,4,
-2,13,
-29,33,
-15,21,
40,-6,
-21,6,
-43,18,
-27,29,
26,22,
-58,37,
14,35,
3,57,
7,65,
50,-28,
83,-115,
22,-78,
-6,-9,
24,40,
50,-21,
38,-32,
-69,27,
-99,16,
-103,-18,
-39,-65,
-13,15,
25,-18,
38,-43,
16,-23,
-4,-9,
1,18,
-20,80,
-17,38,
-15,32,
-19,66,
31,73,
31,-10,
76,-46,
59,2,
65,-19,
-59,41,
-61,93,
-33,57,
-42,20,
-44,23,
19,38,
-47,65,
-21,2,
-42,-16,
43,13,
31,81,
8,19,
22,-26,
22,1,
-2,-32,
-11,-54,
51,-56,
2,-29,
1,-26,
18,2,
-11,-62,
-10,-8,
30,-3,
55,64,
37,66,
-1,68,
15,77,
-15,70,
35,-41,
-9,-36,
-22,20,
-2,6,
-14,6,
-56,-23,
-33,27,
-20,15,
8,43,
-17,10,
-103,54,
-715,297,
-3737,581,
-7553,-109,
-8014,-1106,
-5386,-1945,
967,-1492,
3281,-854,
1184,-311,
-900,-456,
-1157,-1823,
-105,-3255,
883,-3054,
858,-1305,
320,-21,
-156,207,
-263,214,
-306,650,
-378,1167,
-79,864,
85,255,
409,-209,
157,-178,
-197,-6,
-39,191,
211,319,
300,437,
117,328,
-110,226,
-152,195,
102,272,
264,362,
304,295,
188,106,
111,65,
37,29,
87,-101,
239,-91,
239,-72,
235,67,
317,106,
403,66,
545,-25,
488,-123,
341,-22,
203,163,
140,84,
189,65,
157,72,
36,180,
-62,313,
3,242,
6,180,
21,22,
94,-155,
138,-107,
172,-83,
247,28,
326,66,
274,0,
65,-10,
54,-79,
210,-57,
244,103,
153,314,
87,391,
182,349,
132,205,
97,99,
-1,169,
-5,212,
-22,187,
-29,121,
-13,32,
107,-58,
230,-122,
294,-168,
304,-160,
279,-113,
272,-47,
178,88,
108,75,
151,24,
78,-10,
62,-8,
116,6,
107,66,
47,137,
-63,85,
-47,2,
-52,18,
-66,30,
29,-15,
86,-33,
74,-24,
79,-27,
85,3,
33,-35,
86,17,
77,73,
74,90,
111,30,
75,5,
39,69,
40,-30,
45,-3,
76,-15,
35,-11,
4,82,
-27,106,
-29,73,
8,83,
-8,123,
-10,153,
-35,173,
-35,193,
-3,120,
37,50,
69,17,
40,88,
-45,56,
-19,68,
-2,54,
-2,97,
24,36,
-35,-43,
38,1,
24,117,
42,97,
44,38,
101,20,
52,-51,
33,8,
58,38,
28,21,
7,4,
71,18,
48,20,
67,78,
23,52,
9,2,
-3,34,
20,-13,
59,9,
65,27,
37,-20,
98,77,
53,78,
24,29,
46,-23,
44,13,
87,-6,
80,-22,
66,39,
84,-18,
65,49,
00>
_________________________________
00>
RX Timestamp: 956375715267
00>
Clock Offset: 1562.119 Hz, -0.196 ppm
00>
RX Timestamp: 957445831885
00>
Clock Offset: 1082.325 Hz, -0.136 ppm
00>
_________________________________
Sequence Number: 27
00>
00>
Printing STS0 CIR
00>
00>
_________________________________
00>
-6,-14,
23,-5,
61,32,
43,46,
-55,24,
-20,49,
48,47,
39,10,
-8,17,
-26,18,
-87,-34,
-45,-44,
-9,-68,
-8,70,
5,48,
-2,-65,
51,-43,
-6,32,
-16,-21,
-18,16,
-33,40,
-20,9,
-9,45,
129,126,
129,157,
69,79,
-52,17,
-82,-5,
-23,6,
32,45,
87,-29,
115,-31,
42,47,
21,32,
21,66,
30,51,
-14,3,
21,-48,
-3,-35,
52,40,
8,127,
18,106,
-17,39,
-13,34,
-4,11,
2,-9,
-5,10,
7,28,
54,41,
90,48,
33,81,
-51,11,
-64,9,
-33,-16,
-51,-9,
-21,4,
-37,-57,
-19,28,
27,-37,
6,-63,
-53,-52,
-27,-1,
-81,-53,
-46,-16,
-21,14,
-35,32,
-25,-15,
-47,30,
-41,25,
11,32,
8,26,
17,50,
4,55,
15,83,
-13,67,
60,12,
10,-62,
23,3,
33,-37,
46,-57,
60,-20,
-32,19,
1,22,
-13,28,
-30,19,
16,17,
75,14,
-9,32,
-10,-37,
-44,-15,
-6,30,
-7,54,
28,70,
31,39,
-37,3,
3,-53,
37,-36,
-2,4,
-2,15,
23,-92,
33,-3,
45,-87,
63,-78,
112,32,
52,98,
11,105,
37,36,
30,-29,
46,-3,
19,68,
47,82,
-17,47,
-58,39,
-56,49,
-16,22,
-1,7,
11,30,
-24,19,
61,-28,
41,-5,
79,42,
54,-19,
-22,-63,
-89,-68,
-18,8,
49,71,
46,18,
12,46,
38,70,
-46,29,
-12,-8,
19,45,
0,56,
-8,80,
-15,43,
19,-38,
61,9,
76,7,
23,-55,
-7,45,
-51,-15,
25,2,
-92,1,
-8,53,
-25,94,
8,-8,
-17,-22,
14,33,
39,72,
30,55,
51,87,
5,36,
-5,23,
32,0,
64,-69,
13,-51,
-9,15,
40,43,
39,-49,
6,14,
-32,77,
-7,-2,
-9,23,
-56,10,
-1,-49,
22,-23,
-12,25,
109,17,
44,66,
50,60,
13,-33,
-5,45,
12,27,
-57,-29,
82,-84,
-6,-13,
20,-13,
-21,30,
-45,24,
-51,50,
-30,-25,
48,97,
3,28,
24,83,
47,43,
-3,28,
-22,7,
-19,11,
10,11,
38,51,
50,27,
56,45,
35,6,
54,63,
67,-26,
12,3,
5,-25,
2,61,
24,0,
-63,-43,
-76,-98,
-28,-55,
56,-5,
36,130,
36,21,
53,-38,
-63,-59,
-29,7,
10,-16,
20,-44,
6,7,
54,9,
74,3,
52,-28,
50,20,
8,42,
23,43,
-30,29,
-38,6,
-12,45,
24,15,
15,34,
50,23,
34,97,
20,78,
-43,10,
-76,21,
10,10,
51,21,
-9,29,
-42,-82,
-6,-51,
-55,-55,
5,30,
12,30,
35,107,
12,40,
37,13,
3,-33,
65,28,
37,19,
8,-7,
70,71,
73,73,
-5,19,
18,19,
23,-38,
5,25,
-34,4,
-20,-36,
10,18,
69,-34,
90,16,
68,-11,
-25,78,
-65,34,
-25,12,
-12,18,
18,-35,
0,-2,
-34,58,
5,31,
39,54,
57,109,
0,68,
-49,76,
-25,52,
5,-39,
-12,5,
71,22,
73,-2,
85,22,
39,2,
46,-67,
28,-5,
-28,82,
-31,37,
-26,-5,
-18,-51,
19,-17,
22,-22,
35,-24,
28,-30,
20,17,
15,39,
35,29,
6,16,
-26,18,
-40,3,
-16,-59,
24,-52,
-18,-64,
36,-12,
-6,65,
-6,22,
18,5,
16,-9,
15,-32,
-39,-31,
-7,-56,
-42,-25,
-7,56,
-52,44,
-34,-8,
-37,34,
-51,20,
7,-11,
-18,12,
13,31,
-39,11,
10,31,
11,56,
55,46,
-2,30,
-43,9,
19,31,
-41,14,
3,-41,
67,-11,
46,75,
71,6,
-6,26,
-21,-11,
-2,8,
8,56,
32,34,
5,26,
-31,-52,
8,-51,
10,-30,
-11,41,
13,10,
18,36,
13,13,
10,-88,
-46,-70,
-13,-18,
32,90,
38,68,
-23,25,
0,12,
-32,66,
27,84,
102,-35,
44,-53,
57,-38,
47,8,
-16,-27,
28,-57,
-22,-73,
38,-14,
9,27,
46,9,
83,18,
17,12,
-4,3,
-87,44,
-279,500,
-1768,2665,
-4989,5880,
-6459,5745,
-6956,3505,
-3400,-1170,
-20,-2393,
851,-550,
463,1791,
-320,3128,
-1433,3118,
-2048,1797,
-1363,401,
-244,-225,
428,-226,
461,-315,
585,-595,
919,-853,
507,-226,
50,-41,
25,84,
287,300,
399,259,
406,-86,
194,-338,
124,-431,
-76,-173,
-40,-72,
235,-164,
285,-240,
130,-319,
30,-331,
79,-206,
74,-94,
21,-74,
-48,-108,
-72,-169,
39,-310,
70,-410,
141,-385,
173,-379,
149,-222,
54,-27,
150,63,
153,-51,
138,-186,
79,-185,
33,-197,
77,-133,
193,-11,
213,84,
117,71,
50,144,
6,96,
56,19,
106,83,
118,93,
37,97,
72,76,
-55,56,
-52,-19,
38,-115,
82,-169,
159,-85,
186,-12,
89,29,
0,29,
111,80,
227,93,
208,-82,
73,-170,
55,-63,
37,5,
152,79,
140,167,
82,161,
-52,-50,
-203,-148,
-126,-74,
4,5,
154,-77,
221,-74,
52,-27,
-35,-46,
32,-8,
201,65,
167,84,
72,46,
46,-38,
37,-78,
109,-19,
120,-35,
81,-31,
35,-13,
46,-31,
83,-50,
137,-76,
155,-79,
29,22,
19,28,
37,57,
74,-52,
44,-149,
44,-73,
34,-31,
14,-35,
124,-60,
139,-48,
87,-34,
104,-34,
136,4,
115,-38,
103,-81,
147,-50,
53,-75,
35,-76,
3,-118,
-3,-113,
73,-107,
120,-87,
41,-68,
45,-85,
105,-125,
73,-30,
60,-10,
50,-51,
26,-9,
39,-13,
115,-64,
38,-61,
-2,-53,
60,-68,
103,-92,
112,-27,
110,23,
58,-7,
48,-49,
18,-77,
32,-63,
99,-85,
77,-118,
126,-76,
67,-49,
71,1,
27,5,
19,-102,
42,-36,
75,55,
33,-13,
93,-43,
46,-29,
35,-16,
-2,-77,
47,-72,
83,-80,
00>
_________________________________
00>
00>
Printing STS1 CIR
00>
00>
_________________________________
00>
1,-21,
32,-6,
1,42,
-8,6,
9,-18,
30,26,
54,26,
15,17,
-28,37,
24,23,
83,-4,
35,51,
-7,14,
-9,0,
-25,34,
-54,8,
-31,44,
51,-8,
71,-56,
22,33,
-48,40,
-105,34,
2,-10,
80,8,
65,-5,
36,-50,
-12,-4,
-57,-8,
-32,19,
-29,64,
59,18,
76,22,
23,0,
58,6,
24,-19,
-33,-8,
15,-15,
10,37,
-5,34,
-44,21,
-46,-15,
-38,21,
27,1,
55,19,
76,30,
16,36,
16,66,
43,46,
12,52,
18,-11,
31,2,
33,3,
38,37,
19,-4,
-3,-2,
-17,-17,
10,-11,
88,61,
90,53,
-10,30,
-26,2,
-14,-15,
0,-8,
-19,40,
-47,-18,
4,-109,
7,-35,
-13,12,
-13,28,
38,29,
95,26,
42,4,
10,-4,
75,50,
-6,16,
-35,-29,
21,37,
48,52,
-10,25,
-9,-20,
-16,33,
50,1,
40,9,
-1,0,
-43,-7,
30,34,
11,23,
-35,20,
-34,12,
-37,-44,
29,6,
86,47,
1,61,
11,-3,
1,-15,
33,26,
73,11,
42,17,
-1,14,
42,-5,
40,-20,
29,-30,
46,0,
93,35,
47,50,
-12,58,
20,53,
-52,55,
-11,-12,
45,-7,
-10,-37,
-24,40,
-32,3,
2,-24,
51,-57,
54,-11,
43,-36,
-25,-5,
-12,12,
-21,-8,
-15,-30,
-37,-21,
45,-44,
66,-13,
68,18,
4,-10,
-19,3,
-44,49,
48,96,
79,55,
123,7,
23,43,
-7,69,
5,-38,
19,-33,
52,14,
69,16,
102,32,
105,25,
44,-9,
-55,28,
-14,44,
30,30,
40,67,
-5,78,
-13,31,
-4,-42,
12,-26,
22,36,
77,-5,
26,30,
-14,41,
20,63,
51,43,
25,36,
34,-2,
48,-28,
93,-10,
54,-11,
33,-43,
12,-49,
6,-59,
-18,-28,
25,1,
49,8,
19,8,
-3,-29,
-38,64,
-30,60,
34,38,
54,-26,
79,-52,
-15,-5,
-31,32,
76,-12,
95,4,
51,35,
0,37,
5,49,
30,-54,
-7,-54,
-19,-32,
-81,40,
-43,7,
-51,11,
-40,55,
6,84,
90,38,
17,-32,
-23,-46,
65,14,
18,-15,
95,-71,
42,-70,
17,7,
-41,67,
-55,7,
12,-15,
112,1,
106,-20,
42,-58,
14,-91,
-44,-2,
-21,42,
2,5,
29,25,
18,2,
11,22,
-15,-33,
24,-16,
29,-10,
35,81,
31,4,
44,-12,
46,-26,
100,-12,
26,-14,
-19,11,
-12,42,
15,54,
15,-21,
-28,-47,
-43,-34,
-41,-59,
43,76,
35,33,
17,50,
39,-39,
3,-1,
-7,-9,
39,4,
97,32,
36,19,
103,-23,
64,51,
48,83,
-51,87,
-56,-29,
-36,-5,
-1,39,
6,73,
74,51,
68,24,
73,-20,
12,36,
17,22,
45,14,
35,24,
62,3,
75,3,
-24,5,
-35,21,
4,-11,
61,11,
13,29,
-64,49,
7,-8,
73,-28,
23,-7,
24,10,
20,11,
11,47,
33,12,
-22,29,
-49,-4,
15,-17,
36,30,
4,124,
10,48,
9,-9,
21,-41,
6,-14,
12,28,
22,22,
-8,-11,
24,21,
59,77,
11,89,
13,52,
-42,19,
-25,14,
8,13,
56,0,
31,-28,
5,-61,
9,-31,
35,-49,
-13,-35,
42,36,
15,-4,
-18,24,
-20,68,
17,6,
26,-91,
36,-53,
-36,-45,
-1,27,
37,20,
72,-11,
82,61,
74,28,
40,-25,
52,28,
37,30,
4,46,
-49,-44,
-54,25,
5,43,
4,31,
11,2,
10,35,
-83,26,
-115,-31,
-47,-54,
-29,-36,
47,18,
-33,32,
19,48,
63,38,
45,4,
22,-21,
31,-21,
9,-4,
48,10,
52,-11,
47,-25,
32,-27,
70,-4,
48,-15,
26,-1,
25,35,
-43,51,
-5,29,
-25,21,
27,6,
17,19,
18,-9,
14,-3,
-12,-10,
37,-45,
11,4,
-14,14,
8,55,
61,3,
121,18,
70,32,
65,18,
11,23,
61,-20,
59,21,
12,75,
34,8,
31,40,
58,-1,
82,1,
89,-21,
41,46,
-3,714,
-211,4015,
-343,7573,
-838,8029,
-1482,7475,
-717,1270,
201,-2217,
536,-1308,
421,-230,
245,-1046,
321,-2457,
578,-2407,
684,-1139,
472,-143,
-124,165,
-650,9,
-1009,-131,
-914,-169,
-190,-47,
238,44,
359,284,
233,397,
291,281,
231,-99,
109,-452,
-13,-545,
-176,-458,
-162,-110,
-113,138,
-6,228,
126,65,
161,-208,
166,-346,
157,-302,
92,19,
-9,41,
-25,-44,
149,-188,
305,-258,
311,-164,
238,-60,
104,-40,
-105,-120,
-112,-167,
-89,-152,
3,-136,
51,-52,
-35,43,
-16,173,
133,235,
185,77,
53,-40,
11,-72,
-7,-31,
-37,14,
36,25,
12,-19,
50,34,
38,31,
33,8,
19,-108,
50,-158,
108,-139,
195,-76,
149,-50,
77,-20,
75,26,
178,62,
346,22,
243,-141,
40,-269,
-65,-168,
-69,-69,
-52,83,
-53,73,
-65,-27,
-86,-106,
-162,-125,
-159,-114,
-104,-61,
-6,-42,
67,-63,
48,-2,
29,3,
35,45,
18,22,
29,-5,
20,-20,
14,-20,
-39,-81,
-13,-190,
58,-267,
20,-161,
-5,-84,
-8,26,
-7,-4,
60,-28,
89,-119,
45,-59,
13,-1,
-5,-25,
37,-24,
11,-102,
28,-137,
-6,-71,
8,-35,
63,52,
119,29,
67,-22,
23,-23,
43,-71,
48,-93,
2,-40,
-14,-62,
94,-32,
77,-30,
80,-69,
50,-94,
-32,-143,
-28,-41,
53,-33,
70,-107,
30,-106,
-52,0,
17,-25,
22,-36,
36,-14,
-24,-40,
-27,-23,
22,-52,
-3,-41,
31,-27,
32,-90,
37,-79,
33,-77,
59,-18,
53,-86,
92,-74,
48,-67,
-9,-60,
1,-30,
16,-56,
61,-95,
33,-104,
1,-76,
-11,-53,
77,0,
74,-4,
-44,1,
-38,35,
-31,-9,
-5,-74,
-12,-55,
-8,-34,
22,-77,
00>
_________________________________
00>
_________________________________
Sequence Number: 30
00>
00>
Printing STS0 CIR
00>
00>
_________________________________
00>
3,-23,
-22,66,
-66,82,
-30,3,
48,-36,
52,-10,
79,51,
85,-7,
41,-30,
-29,-21,
-42,-4,
2,11,
-4,18,
-51,60,
-27,28,
-35,-26,
-27,-22,
-36,-19,
-57,38,
-30,3,
35,-18,
43,-19,
14,-1,
25,30,
7,15,
-10,37,
20,74,
-15,15,
-6,-56,
58,-70,
56,-22,
-11,12,
4,-44,
41,10,
-52,22,
-100,107,
-27,24,
48,-50,
38,-17,
-20,-12,
-34,9,
-7,-70,
17,-52,
-2,15,
50,17,
15,-22,
40,-26,
62,93,
-35,5,
-46,-12,
-31,24,
-14,44,
3,-8,
-44,13,
44,53,
14,16,
22,-65,
-28,-24,
-20,33,
41,13,
-4,-38,
49,26,
-9,70,
-21,-4,
64,46,
44,-11,
2,13,
-19,30,
-6,-9,
60,-17,
29,28,
17,94,
-26,77,
-11,87,
-15,65,
-44,27,
19,57,
42,41,
29,54,
40,-22,
-6,30,
-22,1,
-67,-4,
-85,56,
-15,11,
-32,36,
3,21,
-10,-44,
-30,-14,
-10,8,
58,31,
38,75,
25,83,
32,0,
26,-33,
31,-49,
17,-83,
-12,-34,
-34,-22,
-18,-11,
-5,-5,
28,-40,
32,16,
46,-3,
22,28,
-35,39,
16,-81,
65,-101,
54,-10,
54,44,
-9,-26,
12,-31,
-3,6,
9,36,
-39,2,
-43,6,
-6,-24,
5,-4,
37,-77,
21,20,
-2,39,
-41,-19,
0,-70,
49,48,
-12,58,
-104,-9,
15,-1,
-1,5,
-28,-16,
-47,4,
1,6,
-24,52,
-31,16,
-63,31,
-16,75,
40,19,
11,-34,
26,55,
25,160,
60,90,
41,72,
0,20,
-1,78,
21,6,
-6,65,
-36,-57,
-13,13,
42,33,
31,8,
5,33,
49,34,
5,18,
-49,-59,
-53,-38,
-66,65,
-103,6,
-59,-38,
30,23,
62,-74,
-6,-20,
-30,1,
-51,15,
46,13,
72,-41,
4,2,
38,12,
-6,57,
13,63,
-6,61,
20,10,
19,-88,
-43,23,
-23,51,
-64,76,
-3,-4,
28,-17,
35,-38,
35,-9,
2,21,
-18,30,
-77,56,
-24,45,
5,67,
-2,64,
46,17,
-22,21,
46,-3,
47,3,
20,-37,
-18,47,
-26,-13,
-53,-48,
-54,21,
1,81,
-60,87,
-6,-3,
46,-4,
47,3,
9,61,
-18,61,
-60,27,
-35,14,
-36,24,
38,4,
19,-35,
-39,41,
-44,-44,
-71,1,
-8,47,
15,12,
18,-30,
-29,-30,
13,41,
-4,63,
-36,10,
24,67,
8,-1,
-41,-21,
-3,-6,
43,28,
42,-4,
28,59,
-9,-2,
1,-12,
8,-14,
16,14,
4,-32,
-84,43,
-135,61,
-33,71,
-11,-10,
26,3,
-5,40,
59,29,
-9,27,
-40,68,
-30,-5,
39,-36,
-2,-23,
1,-16,
-46,44,
-120,70,
-107,-8,
-8,-9,
37,-32,
81,-20,
67,4,
27,-48,
14,0,
-7,56,
16,-21,
7,-31,
52,-17,
-36,31,
81,45,
6,94,
-37,33,
-45,-49,
-54,-34,
2,36,
-1,19,
-37,55,
-6,21,
1,-8,
-22,-20,
-20,19,
28,-40,
52,53,
-2,64,
1,34,
12,-48,
-40,-57,
-21,-53,
18,30,
-15,-1,
-53,-26,
-41,53,
-6,42,
29,-1,
71,-12,
31,-26,
29,0,
22,-20,
-3,-33,
17,22,
-21,59,
48,36,
79,-42,
27,-26,
-38,-10,
-49,-25,
20,-3,
33,-5,
33,-39,
66,-25,
67,8,
-42,-29,
-16,7,
27,9,
5,67,
-21,12,
-8,-12,
-18,19,
11,45,
-5,52,
-12,50,
-25,-1,
-37,-9,
28,32,
63,102,
-14,-1,
0,-55,
12,-23,
14,-3,
-11,-19,
18,41,
8,7,
-26,6,
-39,-3,
9,-14,
-6,-6,
19,14,
-54,-4,
-20,33,
-9,24,
-71,1,
-89,-8,
15,27,
70,40,
91,38,
29,38,
-6,-40,
-4,-48,
41,10,
-21,-4,
27,-12,
2,-16,
43,-29,
-54,-7,
-53,69,
-109,85,
-51,92,
62,-24,
40,-28,
50,-71,
54,-8,
34,-40,
-10,62,
21,67,
56,-17,
64,-20,
-7,-38,
-10,-20,
238,124,
1654,1230,
4840,4164,
5617,5919,
3822,6071,
-728,1821,
-2972,-1133,
-1664,-1222,
-442,-1416,
139,-3566,
1857,-5210,
4117,-3855,
3946,-775,
1401,661,
-339,368,
-488,59,
32,219,
247,631,
-54,620,
-289,248,
-327,27,
-12,-228,
273,104,
174,89,
-57,-171,
-79,-392,
30,-272,
120,-79,
326,150,
440,339,
401,370,
236,142,
-56,-36,
-205,-150,
-286,70,
-145,147,
-78,154,
-121,238,
-183,148,
-22,33,
121,-94,
171,-109,
27,-128,
-83,-179,
-23,-214,
85,-105,
129,6,
58,41,
23,1,
36,15,
133,-137,
89,-161,
112,-92,
-33,-52,
-120,-60,
-220,-176,
-224,-257,
-326,-309,
-234,-286,
-128,-318,
-117,-200,
-104,-66,
-103,-73,
-132,-162,
-43,-134,
-121,-157,
-115,-96,
-155,1,
-105,-46,
-120,-68,
-208,-130,
-130,-46,
26,59,
28,123,
23,228,
-149,222,
-324,227,
-332,158,
-342,144,
-321,75,
-203,-11,
-43,-29,
-46,-78,
-4,-61,
46,-23,
39,76,
-11,99,
2,47,
-47,-49,
-37,-39,
-33,23,
-97,65,
-192,52,
-113,17,
-43,-18,
-52,6,
-53,-30,
-137,-61,
-107,-17,
-37,17,
-6,32,
-30,-29,
-73,-103,
-47,-67,
-17,19,
-65,52,
-47,30,
-120,38,
-124,97,
-78,10,
-124,-58,
-64,-43,
-79,-83,
-35,-74,
-67,35,
-107,22,
-101,6,
-98,-26,
-140,-26,
-149,-42,
-90,-89,
0,-70,
-2,-84,
-22,-63,
-67,-85,
-41,-91,
-74,-89,
-74,-1,
-49,33,
-35,-30,
-25,40,
-63,36,
-61,-33,
-41,-26,
-10,-7,
-22,37,
-168,-23,
-133,-10,
-37,-133,
-35,-45,
-87,77,
-21,-77,
-25,-51,
-71,-71,
-54,-9,
-123,31,
-56,-20,
49,-58,
41,-61,
20,71,
15,89,
-61,2,
-79,-15,
-158,31,
-143,32,
-127,-11,
-33,-68,
-57,-32,
-4,-7,
00>
_________________________________
00>
00>
Printing STS1 CIR
00>
00>
_________________________________
00>
-27,66,
-8,33,
-29,4,
-2,-47,
44,-73,
77,0,
15,-13,
-99,61,
-5,-38,
35,9,
-8,28,
11,4,
51,-11,
20,-4,
3,16,
11,-3,
-8,-49,
17,66,
-29,79,
1,-6,
-1,25,
29,67,
35,15,
18,-45,
102,-52,
13,-26,
-41,-79,
-57,-3,
-51,-34,
12,7,
-16,47,
-42,3,
-35,14,
-10,8,
33,-4,
21,10,
24,29,
-3,53,
-45,58,
-125,18,
29,29,
47,-18,
29,-17,
-41,-57,
-70,5,
56,31,
54,60,
-5,21,
-12,-39,
21,-44,
-26,-68,
-4,-44,
20,-12,
54,-33,
31,-50,
11,-35,
27,18,
39,-11,
1,-32,
-40,-12,
-36,34,
37,-30,
16,-35,
-15,35,
2,61,
-1,23,
-21,-41,
-11,33,
-6,53,
9,29,
-30,-1,
-64,12,
-56,51,
-20,6,
39,-19,
35,-13,
-11,76,
-43,48,
-66,-5,
-80,11,
-58,24,
-32,1,
37,-45,
47,-85,
-2,-110,
25,-64,
2,-34,
21,20,
0,-6,
-2,27,
87,-30,
104,55,
33,53,
-38,10,
6,-15,
25,29,
35,-18,
20,1,
-46,38,
-16,77,
41,9,
49,-45,
18,24,
-1,54,
17,30,
-25,-8,
-42,-21,
-2,86,
49,38,
34,26,
57,27,
-37,11,
-23,47,
33,30,
55,38,
37,4,
6,-58,
-14,-116,
-9,-9,
-12,19,
61,65,
47,-20,
-19,21,
-42,-3,
8,-51,
29,-13,
-25,-6,
7,-14,
59,0,
21,35,
-25,16,
-29,-11,
41,-5,
31,-21,
84,-44,
101,-30,
28,13,
-8,-17,
17,15,
-4,5,
-17,-23,
5,43,
-5,51,
7,29,
-10,57,
-28,-1,
-98,-5,
-76,-60,
17,-70,
7,-11,
44,42,
74,54,
85,59,
6,75,
42,6,
25,16,
33,-24,
42,20,
39,-13,
6,-37,
-34,-45,
-5,-25,
68,24,
8,21,
-6,23,
38,-66,
46,-73,
82,5,
12,13,
-82,-4,
-31,-19,
-10,-30,
35,-15,
39,-46,
76,5,
-60,53,
-17,19,
16,-47,
54,10,
4,6,
19,58,
-12,89,
-12,50,
12,55,
6,-22,
-5,-9,
-11,51,
26,65,
1,5,
20,-31,
18,26,
30,3,
28,49,
19,0,
48,33,
39,21,
-12,-6,
-21,18,
28,-20,
8,-17,
-34,-1,
-11,-33,
47,17,
16,9,
25,26,
17,67,
38,11,
39,-14,
10,-75,
-50,-11,
10,6,
-4,65,
4,31,
71,-3,
2,54,
9,26,
-5,18,
-49,32,
70,-20,
71,-36,
16,49,
-50,14,
-56,-4,
33,4,
38,7,
26,-40,
33,2,
-9,-1,
-27,-31,
27,-11,
79,-9,
94,23,
2,-18,
-52,-7,
-46,-5,
-63,-54,
24,-53,
76,-9,
22,85,
38,40,
6,-34,
11,-45,
64,-7,
61,-70,
64,-38,
81,-21,
39,34,
3,31,
66,-33,
52,1,
18,0,
19,60,
47,38,
65,77,
118,-8,
48,-17,
77,17,
23,10,
40,-11,
45,73,
-7,46,
-12,82,
-16,22,
-48,-23,
-4,-39,
38,9,
3,11,
-39,-30,
10,3,
84,40,
72,40,
-1,-10,
-5,-17,
73,-40,
58,-66,
44,-33,
-3,20,
30,12,
3,-19,
0,-45,
-38,-32,
59,3,
2,0,
-25,12,
-20,-35,
55,-46,
1,-84,
-20,-10,
-26,44,
-21,15,
19,46,
67,39,
-12,55,
15,95,
39,30,
1,-86,
-11,-61,
47,10,
26,14,
17,-14,
-66,-17,
-26,-89,
49,-16,
75,-4,
9,33,
67,-10,
58,1,
10,62,
30,96,
50,54,
46,72,
19,54,
31,78,
-2,26,
-20,-33,
25,-76,
22,27,
47,5,
47,34,
-21,37,
-12,-2,
40,-45,
43,-32,
53,1,
28,-3,
37,-32,
-23,28,
-9,59,
-4,30,
58,-25,
31,2,
11,26,
-1,12,
4,8,
-30,-3,
-57,45,
7,58,
29,-28,
81,20,
44,3,
4,30,
2,-37,
33,-19,
-13,57,
9,-15,
71,-54,
77,-73,
-29,-37,
7,-39,
-30,-6,
29,26,
-4,55,
31,-15,
373,-253,
2546,-747,
6829,-603,
7936,328,
6938,1356,
550,1471,
-3074,1180,
-1752,447,
645,122,
1434,1056,
581,2678,
-561,3257,
-979,2010,
-651,450,
-49,-219,
238,-286,
301,-517,
454,-965,
115,-896,
-18,-321,
-242,132,
-150,108,
205,-62,
149,-175,
-119,-187,
-360,-336,
-190,-351,
74,-288,
42,-271,
-100,-330,
-193,-396,
-223,-335,
-180,-260,
-177,-148,
-47,-135,
23,-75,
43,-23,
5,66,
-212,14,
-346,-113,
-430,-47,
-558,31,
-424,187,
-182,170,
-88,-76,
-96,-137,
-206,-64,
-117,-3,
-26,-52,
27,-182,
55,-138,
23,-66,
42,51,
36,74,
-49,68,
-160,32,
-183,-5,
-217,34,
-135,83,
-88,141,
-85,180,
-210,208,
-207,83,
-192,-89,
-212,-208,
-148,-250,
-148,-186,
-21,-76,
-18,-72,
-8,-145,
-33,-311,
-38,-188,
-29,-39,
-46,6,
-150,134,
-251,138,
-295,128,
-292,145,
-262,77,
-213,14,
-81,-72,
-76,20,
-97,103,
-37,72,
-96,4,
-112,16,
-19,-11,
130,-101,
101,-17,
27,74,
46,51,
42,70,
-24,40,
-78,7,
-65,-39,
-42,12,
-16,12,
-16,83,
-13,75,
-28,14,
-50,-2,
-57,-45,
-48,-30,
10,-37,
4,33,
-4,17,
-36,42,
-57,37,
14,-30,
-18,-41,
-22,-49,
15,-89,
34,-41,
14,-85,
19,-75,
0,-20,
-33,30,
-56,-37,
-20,-116,
27,-148,
3,6,
-51,38,
35,-98,
98,-185,
106,-112,
-37,-36,
-90,-36,
-37,13,
-15,13,
6,5,
-49,47,
-8,24,
-9,-71,
-23,-36,
-10,-22,
8,-6,
-52,10,
-50,-10,
-45,14,
-45,-39,
6,-15,
-12,-37,
-32,-13,
-75,-61,
-72,-23,
-63,8,
-33,-7,
3,-61,
-41,-27,
-90,-18,
-53,38,
-8,4,
5,-18,
-35,18,
-85,-9,
-50,7,
-15,-33,
-2,-30,
-39,-27,
00>
_________________________________
00>
RX Timestamp: 1096424221418
00>
Clock Offset: 2023.315 Hz, -0.253 ppm
00>
RX Timestamp: 1097496008191
00>
Clock Offset: 3135.395 Hz, -0.393 ppm
00>
_________________________________
Sequence Number: 163
00>
00>
Printing STS0 CIR
00>
00>
_________________________________
00>
-14,6,
-8,-4,
13,-44,
43,62,
8,47,
27,58,
17,54,
32,-39,
113,-17,
52,-19,
8,3,
-62,23,
37,-28,
-23,16,
-15,3,
14,24,
9,27,
-47,-10,
-17,-45,
-22,16,
8,-34,
4,-18,
-59,26,
31,-7,
-13,13,
36,35,
29,20,
-16,-7,
17,14,
-40,15,
2,43,
74,84,
23,61,
-44,-5,
-58,7,
28,25,
22,-25,
32,-70,
72,-40,
-19,-28,
-63,-9,
-10,53,
5,64,
-5,-22,
-31,-86,
-72,27,
-13,25,
1,42,
35,-16,
-21,29,
-15,-58,
1,-51,
47,-13,
26,38,
-5,28,
-3,-35,
32,11,
57,27,
-45,-49,
-11,-94,
16,-84,
9,12,
37,-45,
3,-18,
22,-13,
50,7,
53,15,
9,-28,
-39,-7,
25,-16,
67,-22,
41,14,
-34,4,
-4,67,
65,59,
71,-22,
57,6,
-5,-54,
-12,-54,
-36,-128,
-7,-73,
14,13,
34,37,
40,17,
-20,-16,
-3,51,
-1,19,
-16,65,
20,4,
-29,-9,
-13,29,
-3,60,
-24,25,
32,16,
6,15,
2,6,
53,9,
12,-29,
-100,4,
-17,10,
27,10,
58,-31,
-46,-2,
4,73,
42,64,
6,-45,
-15,-55,
-24,-16,
47,-15,
67,48,
13,18,
-8,56,
51,16,
20,-10,
-51,51,
-48,-59,
-52,3,
-2,-2,
35,52,
30,9,
91,-45,
42,-41,
-31,-1,
-43,1,
-37,4,
-27,5,
-37,-21,
14,18,
31,6,
-8,15,
14,-46,
51,-56,
14,-17,
-26,69,
-54,69,
-59,121,
9,110,
-2,27,
-83,-15,
-39,-28,
-16,-4,
38,28,
12,25,
29,-66,
19,-12,
-51,19,
-74,66,
-45,6,
-73,27,
-55,30,
2,-21,
0,-22,
-17,-9,
42,13,
-13,25,
47,26,
32,11,
4,-19,
-1,-11,
45,50,
-48,51,
13,37,
34,34,
62,20,
-50,-9,
27,-60,
-11,2,
18,45,
9,27,
-16,-13,
-43,-47,
-48,-27,
56,-3,
46,-52,
50,-24,
-32,-17,
20,-12,
0,28,
43,21,
-28,-39,
11,-22,
11,14,
46,-56,
-3,0,
14,-2,
-33,11,
-16,-29,
-12,-35,
55,-3,
-1,20,
-33,3,
-57,7,
14,54,
0,64,
21,40,
16,-6,
-19,-26,
-6,39,
-14,-13,
-18,-71,
-64,-40,
-16,18,
54,61,
-9,87,
-49,45,
-2,1,
3,17,
-4,-17,
-49,-1,
15,8,
-13,-3,
36,-30,
22,-60,
-4,16,
10,42,
7,16,
-7,16,
60,41,
21,11,
8,34,
-20,-53,
-5,6,
47,6,
-27,15,
-41,-32,
-25,-3,
32,76,
46,3,
18,-76,
7,-79,
83,-45,
115,-2,
35,-9,
-33,-59,
-12,-64,
-35,-54,
-36,35,
35,31,
57,-23,
36,15,
-32,-17,
-11,10,
23,58,
-33,42,
4,14,
35,4,
49,9,
43,-26,
-50,-83,
25,-17,
39,20,
-49,5,
21,25,
-7,21,
3,9,
1,66,
23,35,
70,-3,
-9,58,
-27,10,
8,-46,
3,-42,
19,-63,
12,-23,
45,-14,
30,13,
20,22,
-6,38,
-2,-63,
26,-46,
81,-17,
97,30,
65,-18,
97,-6,
-20,-22,
-24,-18,
-46,111,
-94,109,
29,33,
0,-40,
-15,30,
-25,8,
73,17,
-11,1,
-43,42,
-53,38,
6,48,
-6,56,
47,-20,
14,-2,
49,-77,
1,-27,
3,-47,
66,-28,
34,-2,
85,41,
3,47,
-31,65,
-23,20,
-19,-11,
-6,-77,
51,-12,
59,36,
16,-30,
8,-12,
3,15,
-25,6,
21,49,
-1,-35,
2,-23,
-26,-1,
-34,22,
22,24,
44,9,
-21,26,
-42,77,
8,17,
94,-30,
52,-9,
8,-4,
-33,36,
-10,-17,
28,25,
28,56,
-14,113,
-42,58,
-96,75,
-23,17,
24,24,
59,19,
65,-3,
10,20,
-23,73,
-24,9,
-19,8,
-4,15,
25,0,
54,-29,
-21,-28,
-20,18,
4,-5,
39,-31,
-31,-2,
-38,-34,
50,-24,
-27,45,
-24,28,
3,-39,
16,35,
-18,-3,
-19,14,
18,-42,
18,-19,
-156,-71,
-1340,-324,
-4906,-1167,
-7568,-2457,
-7348,-3750,
-4188,-4491,
1260,-2152,
2082,-139,
3,678,
-2097,982,
-3366,461,
-3311,-666,
-1948,-1224,
-408,-898,
346,-151,
411,189,
558,192,
1071,334,
1114,394,
184,161,
76,9,
-105,130,
-138,413,
108,412,
361,201,
439,-36,
251,-157,
16,-213,
138,-49,
301,233,
401,167,
353,-33,
285,-127,
226,-128,
136,-21,
15,15,
25,-43,
203,-69,
409,-185,
559,-107,
415,15,
356,10,
160,93,
120,148,
141,136,
148,152,
227,87,
319,1,
233,-38,
166,-18,
111,124,
9,127,
-28,77,
-49,78,
-30,90,
40,109,
-6,63,
-20,-11,
13,-16,
28,-31,
10,-65,
36,-41,
185,-40,
253,22,
129,189,
71,198,
49,44,
71,30,
38,77,
242,138,
185,141,
142,20,
122,6,
120,43,
90,95,
-29,178,
-41,137,
13,4,
50,-100,
56,-71,
114,-34,
134,89,
146,87,
-24,31,
3,23,
105,103,
114,178,
27,170,
24,127,
106,48,
91,61,
77,36,
85,50,
84,71,
16,44,
43,38,
121,62,
144,58,
88,22,
30,-26,
62,-31,
102,38,
109,15,
111,99,
58,94,
51,43,
126,16,
118,8,
201,55,
136,58,
82,24,
60,39,
122,35,
118,32,
109,61,
-2,20,
9,8,
144,58,
165,-11,
134,-14,
10,53,
55,60,
51,-27,
134,-15,
137,21,
78,52,
3,-25,
77,1,
180,27,
85,42,
103,-19,
74,-131,
64,-58,
181,28,
97,64,
42,104,
39,71,
72,65,
63,4,
104,-16,
145,57,
84,26,
87,59,
91,50,
59,-26,
58,45,
121,53,
56,21,
34,21,
36,99,
26,36,
52,56,
92,56,
133,52,
176,62,
146,103,
119,76,
115,21,
120,37,
00>
_________________________________
00>
00>
Printing STS1 CIR
00>
00>
_________________________________
00>
25,-14,
20,9,
55,-32,
91,-60,
-9,-16,
24,-1,
23,34,
33,-22,
10,-59,
33,-31,
71,-33,
-12,-7,
-3,15,
7,-33,
62,-20,
43,20,
-42,16,
-8,-30,
61,-16,
63,42,
-19,24,
-30,-53,
-5,-71,
56,-59,
8,-15,
-38,46,
30,-23,
-32,-42,
58,-41,
7,-40,
-46,-22,
-8,34,
19,19,
62,23,
51,42,
30,20,
38,76,
39,103,
3,39,
65,-45,
44,-19,
43,-33,
-57,-12,
13,0,
35,41,
32,65,
0,-1,
-4,-15,
-3,43,
49,41,
45,-6,
23,3,
27,52,
64,75,
43,7,
45,-1,
35,-4,
25,-35,
30,-9,
-40,-12,
-12,51,
-48,109,
33,47,
63,-28,
24,12,
-34,27,
-50,64,
-18,4,
34,71,
18,38,
82,-28,
30,-65,
9,-17,
-47,-27,
12,-32,
40,-28,
77,42,
-31,13,
-20,12,
16,-16,
27,-22,
32,41,
-42,113,
21,84,
24,18,
-19,4,
-45,7,
-14,-32,
82,-85,
52,-53,
50,2,
68,8,
1,92,
-32,-8,
-25,-21,
-20,-36,
-5,0,
-53,38,
-6,33,
-94,-43,
-44,-50,
-44,17,
57,-20,
51,31,
1,10,
-33,-13,
-19,24,
28,36,
65,42,
45,26,
40,34,
15,18,
34,47,
1,33,
49,35,
-12,17,
26,-3,
33,11,
1,31,
13,6,
-11,-45,
-1,15,
-13,0,
28,16,
-6,17,
60,52,
8,15,
66,-42,
-15,15,
-5,85,
13,89,
64,-12,
-21,-121,
-5,6,
6,-7,
71,64,
103,8,
55,29,
19,58,
30,41,
75,21,
-10,20,
11,-61,
1,-49,
-10,-3,
38,-25,
89,-37,
7,46,
37,78,
41,74,
-17,43,
15,-1,
24,-79,
-10,9,
-75,-28,
-33,-36,
-70,36,
40,9,
51,-24,
-10,24,
22,6,
15,-1,
-25,0,
36,16,
38,12,
29,56,
53,1,
48,-13,
43,-37,
1,79,
29,58,
64,-38,
74,-64,
30,4,
-8,37,
-9,23,
25,8,
-33,-27,
-26,3,
68,21,
37,47,
66,99,
10,43,
12,-41,
73,-56,
64,-25,
18,10,
43,-24,
68,-41,
92,-42,
5,-21,
-16,-24,
47,-16,
24,-3,
-10,23,
-64,46,
-5,-48,
-10,-49,
-28,-36,
75,13,
88,-2,
-47,24,
-65,50,
-14,62,
-40,44,
-16,7,
-20,56,
-39,98,
11,9,
1,-34,
1,8,
7,33,
45,-15,
-12,-53,
77,-33,
25,-14,
34,6,
11,23,
-26,-43,
6,8,
-5,-5,
-64,6,
-27,20,
-26,69,
15,16,
-27,8,
-21,29,
-27,-15,
-22,-2,
-19,46,
3,60,
6,23,
-34,-7,
-25,35,
29,-10,
40,-9,
-33,22,
46,36,
54,39,
50,16,
0,34,
-19,50,
-29,-62,
38,5,
20,-6,
8,42,
11,24,
-2,28,
-3,34,
41,-27,
56,-85,
-21,-61,
56,-28,
67,19,
130,33,
69,48,
-35,20,
-16,-10,
1,-8,
13,8,
3,7,
-1,35,
-7,25,
-26,-37,
-16,-82,
-3,-39,
48,26,
67,38,
16,33,
22,6,
32,-21,
27,26,
4,59,
5,-21,
27,-11,
44,75,
45,13,
51,26,
12,-11,
41,-39,
17,10,
87,-9,
86,-1,
33,-25,
2,19,
3,36,
32,23,
4,74,
-32,13,
14,31,
66,16,
5,45,
-3,-11,
-5,-14,
14,18,
32,-64,
32,-41,
30,-11,
-13,-42,
-46,-74,
-16,-5,
36,-4,
14,46,
33,16,
52,-5,
8,13,
-10,60,
20,63,
1,48,
27,-17,
10,90,
-9,33,
40,9,
3,-22,
-25,-7,
-52,2,
-40,-17,
44,-1,
47,-7,
44,24,
-16,34,
-18,36,
50,40,
-17,-58,
8,-42,
12,-29,
2,29,
11,-10,
-11,-15,
-5,-6,
24,-32,
7,1,
-7,-12,
-19,-29,
-8,28,
56,-2,
61,54,
-1,13,
-77,-45,
-18,-74,
18,16,
-8,2,
36,1,
-14,2,
-4,-4,
18,6,
31,84,
13,70,
-4,27,
-8,-3,
-19,37,
-3,-24,
-21,-7,
-99,99,
-1259,862,
-5302,2816,
-7682,3170,
-7973,2490,
-5682,522,
306,-1159,
2018,-666,
826,407,
382,248,
1458,-707,
2374,-1057,
1843,-414,
800,216,
130,206,
-97,-222,
-166,-719,
-162,-969,
-185,-622,
-65,9,
-6,291,
-279,567,
-187,539,
19,321,
353,68,
466,-141,
396,-289,
230,-167,
-39,-88,
-151,61,
-134,131,
95,21,
328,-82,
433,-146,
237,-80,
25,-46,
-33,-89,
200,-141,
299,-13,
357,170,
235,238,
121,135,
36,-27,
19,-157,
178,-181,
293,-134,
176,-95,
-11,-106,
-118,0,
-145,82,
-35,206,
41,196,
96,187,
180,101,
80,53,
48,8,
42,20,
22,-45,
34,-32,
52,-6,
73,-70,
126,-136,
161,-18,
215,116,
142,70,
87,125,
58,124,
51,151,
43,233,
253,189,
286,-6,
278,-127,
99,-98,
38,-93,
-5,-4,
-59,51,
-88,-15,
-15,-190,
25,-256,
81,-217,
70,-205,
31,-69,
140,34,
20,-1,
27,-10,
97,-46,
106,-79,
139,-80,
37,-85,
25,-27,
133,-9,
108,-69,
160,-67,
116,-48,
58,-4,
46,28,
50,57,
75,-6,
54,18,
59,29,
57,12,
70,4,
144,-4,
198,-69,
138,-33,
95,-35,
87,-11,
41,37,
66,19,
58,29,
43,-45,
29,-55,
43,-44,
79,7,
43,21,
17,27,
34,-36,
137,-75,
113,-1,
161,-53,
64,-61,
111,21,
101,48,
87,0,
153,-32,
67,-26,
25,-11,
67,-33,
25,-24,
88,-60,
29,-15,
4,50,
8,44,
59,110,
70,0,
103,-70,
126,-92,
175,-14,
123,18,
105,-16,
67,-50,
30,-26,
67,-14,
74,12,
101,-8,
132,-48,
94,-60,
19,51,
27,52,
21,16,
61,-22,
98,-33,
70,-27,
94,-20,
90,-53,
64,-22,
12,26,
56,-45,
64,-5,
00>
_________________________________
00>
_________________________________
Sequence Number: 166
00>
00>
Printing STS0 CIR
00>
00>
_________________________________
00>
37,-43,
-19,12,
-2,-20,
54,-72,
44,17,
38,78,
45,112,
135,50,
-3,-40,
14,26,
-91,11,
-59,-96,
-5,43,
77,61,
55,60,
-30,-29,
-39,-93,
-44,-9,
63,17,
32,-47,
93,-33,
19,-2,
-8,-44,
9,27,
-22,80,
-27,35,
-4,-23,
-32,32,
2,26,
26,-69,
67,-42,
70,-10,
1,21,
47,56,
100,-18,
65,-29,
12,-4,
6,21,
29,-45,
15,-71,
4,12,
0,56,
-34,40,
-30,-125,
-10,-78,
-8,5,
59,-21,
22,-14,
-20,24,
-27,12,
-29,79,
-18,-53,
58,73,
33,18,
40,86,
-84,-34,
-26,-40,
-56,-12,
-25,19,
48,-4,
26,43,
-73,72,
21,24,
-22,39,
-1,54,
32,-43,
-29,-25,
-58,-4,
-40,18,
-40,-75,
0,23,
7,8,
30,37,
18,29,
-85,25,
5,35,
70,0,
10,-14,
3,-59,
59,79,
32,75,
-91,25,
-90,-57,
-26,-24,
16,7,
-66,19,
-22,46,
-12,20,
-7,-21,
27,-10,
-15,49,
-3,45,
-20,29,
38,37,
-20,46,
38,76,
72,-4,
4,-15,
2,86,
-14,43,
-11,12,
11,-14,
6,-24,
-51,1,
-58,-14,
-73,4,
-40,83,
-15,-38,
-16,-35,
-5,-71,
27,-38,
21,60,
-62,81,
-67,40,
-15,-55,
27,-30,
8,34,
18,4,
13,52,
23,-18,
-13,-6,
-7,-7,
-38,-30,
-4,41,
-41,99,
-83,40,
-39,6,
48,-75,
21,15,
35,49,
71,8,
5,3,
36,0,
28,29,
50,27,
30,-43,
-33,-65,
21,7,
27,53,
40,28,
39,-7,
-5,-28,
-51,10,
-74,-10,
-57,-32,
-18,-54,
65,-21,
10,11,
-41,-23,
13,-24,
48,25,
-9,25,
4,22,
77,78,
19,32,
61,25,
98,7,
58,-41,
-39,36,
-4,24,
-8,-47,
43,-51,
53,-29,
-1,-109,
-16,-45,
-18,18,
-28,-34,
-42,-15,
10,38,
-2,58,
11,44,
27,63,
2,-15,
45,56,
-45,23,
17,60,
44,36,
-8,-14,
-40,-32,
-18,49,
17,98,
-39,29,
-4,-46,
-21,-3,
-46,-9,
-22,-4,
-46,-84,
16,-23,
-30,10,
-55,67,
28,21,
22,76,
-28,57,
-88,-49,
39,49,
35,48,
8,26,
6,38,
-43,3,
14,19,
3,14,
52,87,
40,45,
-9,-34,
24,-29,
0,51,
-56,78,
-71,21,
-96,-43,
17,-47,
44,-6,
-2,-6,
17,46,
12,92,
0,31,
-15,-27,
-64,-22,
-14,31,
-28,66,
23,-32,
9,-33,
-43,2,
-71,34,
-29,61,
-47,75,
-46,43,
-35,33,
-4,48,
-16,61,
-10,78,
-21,-7,
-38,41,
-72,27,
-7,17,
10,-17,
22,36,
-35,-2,
-55,-21,
-52,27,
-16,-7,
-48,6,
-40,53,
-27,-23,
-5,25,
-6,24,
9,5,
-23,-39,
-2,-94,
-30,-36,
-77,3,
-73,8,
20,-31,
-2,91,
-49,48,
-50,33,
-66,48,
-2,45,
-60,11,
14,-13,
-31,-17,
-80,-46,
-74,-25,
-30,-13,
-14,6,
-112,24,
-86,8,
-64,-30,
-59,-28,
-122,37,
-59,18,
1,-10,
-46,-10,
-61,61,
-110,42,
-69,1,
7,-95,
12,-55,
27,27,
-27,28,
-16,45,
-106,3,
-94,-43,
-73,-83,
37,-43,
59,-57,
37,-23,
16,54,
25,62,
-9,45,
-73,57,
-87,15,
42,-37,
-2,7,
-8,-29,
6,6,
-61,46,
26,27,
11,18,
-45,13,
-40,3,
-63,30,
-28,2,
30,41,
49,11,
91,-20,
73,-88,
45,7,
10,-19,
-66,14,
-38,-2,
31,31,
37,77,
1,51,
106,74,
57,32,
-19,0,
-32,23,
-1,-9,
72,13,
44,-48,
-7,54,
4,50,
8,-68,
-34,-43,
-24,25,
6,63,
22,-3,
7,26,
-8,21,
-23,-23,
-21,76,
6,-52,
9,16,
-26,-15,
-25,-5,
30,-8,
11,-33,
-12,-28,
1,-44,
-37,27,
-17,2,
-70,-13,
-14,-8,
-4,57,
84,19,
47,15,
28,43,
-77,-28,
-25,-104,
9,-49,
-31,35,
-90,8,
-65,-65,
34,-85,
27,-51,
-23,-8,
-37,2,
9,74,
-79,565,
-1012,2836,
-3660,6239,
-5212,6294,
-4844,2992,
-1395,-1754,
578,-2751,
1111,-1127,
1946,-180,
4313,391,
5375,2189,
3617,3819,
764,2914,
-605,639,
-378,-301,
-107,-33,
-308,241,
-697,132,
-539,-161,
-63,-153,
181,-150,
98,72,
-53,162,
78,-25,
266,-105,
218,-174,
123,-164,
129,120,
35,469,
-122,461,
-167,409,
-151,256,
-14,-15,
10,-138,
-106,-143,
-115,-95,
-174,-65,
-155,-156,
-110,-134,
-8,40,
-21,264,
107,126,
132,-108,
169,-219,
266,-15,
200,90,
59,111,
36,164,
-33,143,
-1,98,
129,87,
30,120,
-20,95,
-45,-56,
16,-113,
35,-154,
186,-271,
286,-288,
226,-241,
164,-120,
19,-92,
44,-123,
44,-152,
88,-30,
81,-28,
23,-220,
-103,-177,
-132,-156,
-31,-116,
62,-155,
44,-211,
-42,-100,
-96,39,
-154,112,
-163,62,
-294,-41,
-358,-268,
-236,-317,
-161,-354,
-83,-264,
19,-116,
53,-51,
12,12,
-8,-23,
6,4,
51,9,
-25,-5,
27,-12,
39,-11,
59,-28,
-64,16,
-31,-80,
-59,-126,
-99,-99,
-45,-55,
-6,-63,
6,31,
27,-68,
-22,-20,
37,-49,
72,5,
79,-37,
30,-34,
26,-58,
-35,-40,
-56,-17,
-105,-15,
-112,-78,
-116,-126,
-6,-102,
20,-71,
39,-26,
70,3,
78,-49,
31,-77,
-27,-54,
-46,-184,
-27,-93,
3,-73,
-35,-59,
-2,-11,
100,3,
55,-43,
25,-8,
-92,-64,
-106,-18,
-50,6,
-34,-2,
-48,-99,
-36,-86,
-54,-124,
22,-22,
15,57,
70,77,
-31,27,
-92,53,
-25,-8,
33,-116,
2,-127,
-78,-44,
-101,-27,
-79,-40,
-25,-36,
3,-38,
9,-10,
21,-120,
25,-33,
75,-8,
28,115,
-81,83,
-33,-6,
-35,-25,
15,-69,
3,-19,
00>
_________________________________
00>
00>
Printing STS1 CIR
00>
00>
_________________________________
00>
72,-42,
65,34,
38,62,
25,33,
-11,47,
-9,1,
1,62,
-43,19,
-8,-43,
-17,-30,
-38,-29,
-8,81,
15,-1,
65,-10,
7,47,
-49,110,
-26,26,
-11,-19,
32,31,
15,13,
21,-5,
11,12,
-2,34,
-51,68,
-50,18,
-37,-20,
-41,6,
9,20,
8,7,
38,-16,
64,3,
27,-73,
30,-42,
-26,-16,
-13,-39,
-2,29,
21,43,
-16,-17,
-51,15,
-79,94,
19,72,
9,42,
11,-24,
47,-16,
1,37,
0,75,
-86,21,
-11,13,
-35,-34,
34,14,
6,-19,
-42,9,
-17,20,
-8,43,
23,89,
11,151,
-47,100,
19,51,
34,-30,
-3,-16,
-9,17,
22,52,
61,50,
31,85,
52,-16,
-20,-18,
-14,-6,
4,51,
-75,25,
-23,12,
-12,15,
7,48,
-12,47,
24,-26,
-3,23,
-19,5,
73,9,
100,-2,
-15,3,
-21,-21,
-28,-19,
41,1,
-5,34,
1,9,
-11,-19,
12,-25,
39,-16,
104,-60,
63,-21,
63,-6,
103,12,
24,-12,
-80,43,
-112,-1,
-21,2,
34,-7,
39,52,
28,-9,
0,75,
2,65,
41,40,
11,12,
-15,-11,
-19,17,
50,-2,
84,46,
33,38,
-33,68,
-63,8,
-26,-39,
34,12,
109,68,
6,66,
-11,56,
-65,3,
-40,-47,
-31,-8,
70,-20,
73,43,
27,-31,
-52,-25,
-131,6,
-48,36,
25,23,
-19,29,
-3,18,
41,27,
-10,28,
35,-40,
-11,0,
-41,-36,
17,-23,
6,-48,
-36,-19,
19,71,
-4,34,
9,40,
-18,79,
-12,70,
44,69,
30,13,
1,60,
23,98,
37,101,
40,108,
30,66,
55,27,
-3,37,
-18,56,
-1,58,
-6,25,
24,-17,
18,2,
24,57,
22,75,
-23,14,
-2,41,
38,31,
23,43,
-20,15,
57,-41,
63,-19,
-9,94,
-28,26,
-49,11,
-94,59,
2,36,
80,63,
117,7,
62,34,
-2,58,
-6,37,
1,19,
13,3,
42,-23,
-19,43,
-28,40,
10,11,
-14,-37,
46,-34,
-12,26,
19,43,
56,24,
28,4,
-7,-4,
17,27,
24,26,
14,76,
-10,66,
-53,70,
-56,14,
-54,30,
-8,32,
38,15,
16,29,
53,-67,
54,-66,
45,28,
7,26,
39,7,
38,15,
66,-19,
30,-7,
-4,2,
-56,-47,
-11,-40,
-31,-24,
42,23,
43,27,
12,23,
6,40,
37,17,
16,-6,
-29,-6,
-16,-30,
39,40,
58,56,
57,27,
69,-46,
33,-12,
72,-38,
66,10,
47,24,
39,16,
-46,67,
6,95,
5,10,
28,-25,
-15,-60,
-52,71,
-46,97,
47,13,
53,-19,
22,41,
45,54,
-4,56,
-14,47,
-21,-3,
61,3,
-9,32,
-64,19,
5,-48,
36,-2,
13,-2,
26,-6,
20,-75,
48,-49,
8,26,
-63,42,
-7,23,
13,-46,
-25,1,
-46,-34,
14,46,
11,48,
-15,34,
38,32,
8,-2,
-20,-47,
-12,-18,
-26,-1,
-65,8,
4,23,
74,52,
56,0,
18,-10,
-33,109,
13,77,
-103,38,
-28,0,
15,44,
9,89,
-15,28,
-10,21,
11,46,
23,29,
-19,12,
-46,25,
18,-13,
77,-35,
51,-17,
58,38,
-17,22,
-10,45,
-23,14,
5,-40,
49,-2,
55,23,
-23,31,
-29,36,
67,10,
52,50,
-9,9,
-25,-16,
-43,-29,
-13,-51,
-45,16,
-36,14,
9,37,
-15,20,
6,5,
-1,1,
-29,-1,
-24,-14,
10,-25,
56,19,
70,34,
-4,3,
-27,-40,
-39,-40,
25,-45,
5,8,
7,69,
-14,74,
-45,18,
-15,-34,
1,-41,
1,-24,
-30,24,
-3,42,
-2,2,
9,-8,
-41,2,
11,5,
-7,9,
-24,-4,
-2,8,
50,-23,
65,22,
12,1,
-89,31,
-6,43,
2,7,
-31,5,
-39,23,
-4,11,
40,15,
4,30,
7,-12,
43,-2,
19,-4,
27,25,
-44,92,
-23,20,
5,25,
71,-3,
44,62,
-5,67,
-4,44,
-23,38,
12,55,
47,35,
0,18,
15,22,
14,45,
51,-26,
26,-19,
59,45,
258,643,
685,3482,
693,7270,
101,7927,
-645,5195,
-914,-552,
-937,-2659,
-392,-859,
-388,1088,
-1456,1620,
-2893,884,
-2912,-225,
-1497,-701,
-242,-355,
99,70,
205,197,
677,104,
1186,192,
842,-4,
215,-68,
-212,-337,
-183,-25,
44,168,
205,60,
294,-262,
309,-342,
216,-144,
167,51,
266,36,
467,-192,
480,-298,
348,-248,
158,-147,
126,-118,
66,-11,
-17,40,
-105,15,
-34,-90,
41,-260,
126,-332,
0,-391,
-126,-358,
-238,-341,
-198,-309,
46,-193,
110,-60,
49,-72,
108,-136,
153,-131,
193,-55,
174,24,
119,52,
3,86,
-52,7,
-26,-98,
-52,-131,
-86,-194,
0,-150,
-100,-97,
-198,-64,
-235,-59,
-87,-146,
43,-200,
168,-203,
174,-177,
204,-218,
131,-117,
37,-37,
106,-19,
267,-98,
288,-111,
137,1,
6,41,
-20,-33,
-97,-162,
-114,-240,
-172,-274,
-85,-232,
-34,-198,
45,-164,
53,-109,
27,-32,
35,29,
25,12,
-13,-76,
26,-48,
-5,-40,
65,44,
24,135,
-15,140,
-52,124,
-57,13,
-20,-8,
-65,-33,
-51,3,
-32,1,
-48,30,
-38,57,
-18,45,
19,27,
25,-61,
68,-71,
-53,-18,
-2,42,
-5,73,
-31,38,
12,-16,
12,16,
88,30,
103,-4,
93,-41,
40,-44,
42,-19,
80,-1,
82,8,
44,23,
107,-47,
125,-31,
77,-74,
19,-37,
-42,-6,
20,28,
28,-4,
30,22,
68,-30,
51,14,
17,-38,
-13,20,
23,20,
-20,-25,
-25,-12,
-22,9,
-5,4,
65,-5,
110,32,
46,14,
-25,-53,
-11,-77,
-13,18,
68,74,
33,14,
-37,-45,
-40,-55,
-37,-2,
16,0,
26,-50,
90,-39,
107,-2,
71,38,
19,67,
-41,28,
-47,-16,
-3,-40,
0,-80,
00>
_________________________________
00>
RX Timestamp: 137118854697
00>
Clock Offset: 2120.018 Hz, -0.265 ppm
00>
RX Timestamp: 138192424765
00>
Clock Offset: 2365.494 Hz, -0.296 ppm
00>
_________________________________
Sequence Number: 43
00>
00>
Printing STS0 CIR
00>
00>
_________________________________
00>
0,-40,
33,47,
-22,55,
-47,42,
6,-25,
49,35,
117,33,
42,15,
91,-13,
51,-7,
68,6,
53,-39,
-7,31,
-21,51,
-4,19,
1,4,
-8,-63,
-20,-98,
7,-20,
2,-16,
16,24,
-27,12,
26,-8,
3,2,
-38,34,
-18,37,
37,9,
28,-78,
30,-29,
-11,6,
17,-43,
7,-43,
-23,-27,
8,21,
8,48,
14,16,
29,13,
21,54,
3,-2,
10,61,
57,-10,
35,64,
-53,52,
-49,61,
28,-20,
100,-6,
105,16,
64,69,
-14,101,
-73,-21,
32,7,
78,27,
64,31,
-7,-7,
-1,-3,
33,-27,
24,-36,
-21,6,
-31,41,
-3,-19,
9,48,
30,4,
19,13,
28,-29,
1,-2,
17,104,
4,-7,
2,-29,
-5,-37,
-8,-15,
-25,67,
-87,-4,
-53,-77,
-62,32,
-24,32,
-33,26,
-81,-12,
-5,21,
31,10,
-40,-15,
36,62,
-9,34,
-97,4,
-29,-72,
41,-67,
58,-7,
78,29,
-50,0,
0,28,
-67,69,
-44,-6,
-63,18,
-71,-19,
8,-30,
59,-4,
23,-21,
33,-4,
32,13,
-21,-2,
-69,-16,
-24,29,
8,-24,
40,3,
12,12,
24,56,
-9,65,
-44,50,
-103,12,
-7,-9,
50,1,
40,38,
33,-30,
-41,34,
-57,14,
-53,13,
-64,-13,
3,45,
16,13,
26,26,
-24,-1,
-35,-45,
79,-54,
16,-57,
-6,2,
13,-14,
11,26,
27,66,
27,-47,
11,-27,
0,35,
-30,64,
37,-36,
45,-41,
38,37,
-13,54,
43,3,
5,-49,
-1,15,
-46,12,
48,5,
-39,89,
-28,34,
-32,6,
-41,-26,
-39,14,
-42,26,
-61,-24,
16,-25,
-32,-59,
-40,-85,
41,25,
34,5,
-35,-52,
-41,37,
-4,21,
-74,0,
-2,12,
29,38,
48,-13,
41,-3,
-55,-16,
-26,7,
-43,33,
14,-12,
1,1,
-18,-48,
33,1,
-7,-36,
-4,-32,
-13,73,
-27,24,
1,37,
12,10,
-2,-17,
22,-24,
22,-15,
-19,40,
-15,-17,
8,-6,
9,2,
2,11,
8,71,
19,24,
-33,-35,
29,8,
27,32,
73,-25,
28,-11,
5,-36,
-15,-56,
9,-43,
91,-31,
65,24,
17,19,
-21,-10,
-21,57,
12,20,
17,74,
-8,34,
-19,16,
-17,-21,
47,1,
24,32,
-21,66,
18,0,
43,7,
79,-45,
35,13,
33,6,
-2,-2,
-31,7,
-51,-31,
-7,30,
-13,0,
-10,9,
-19,60,
15,36,
26,1,
57,-19,
39,-2,
-59,78,
-72,38,
45,2,
63,-14,
-3,-27,
-9,-45,
25,13,
-24,-34,
29,17,
-52,-41,
-59,-43,
60,-9,
9,14,
-2,18,
-56,11,
23,-34,
33,-16,
21,-4,
-1,33,
-2,29,
63,7,
52,84,
122,50,
-65,-9,
-38,-33,
-2,-26,
56,37,
-12,-39,
-55,32,
-1,-23,
37,39,
-13,32,
-33,58,
-69,-3,
31,-37,
72,10,
57,7,
-11,24,
35,60,
-75,26,
53,18,
30,-1,
42,-32,
86,-63,
-46,-21,
-22,17,
-27,-4,
-50,62,
-47,-30,
90,-52,
33,-24,
-17,-1,
36,14,
-67,5,
-15,-9,
-42,3,
-20,30,
-58,45,
-22,27,
-40,-73,
3,24,
-40,45,
-15,80,
15,-20,
43,62,
36,8,
66,-39,
21,-88,
13,-46,
31,11,
-32,-10,
-52,7,
-24,11,
57,26,
79,67,
-6,1,
11,-48,
3,23,
8,34,
7,31,
-31,2,
-12,4,
-36,22,
14,-15,
71,41,
60,40,
7,67,
-54,90,
42,46,
0,7,
-20,-34,
-5,-7,
53,-15,
45,24,
13,68,
66,-44,
-8,-54,
-66,-35,
-4,21,
83,38,
71,5,
36,-59,
-1,-15,
-4,20,
35,51,
15,-13,
-20,-27,
8,-15,
-54,64,
-46,-11,
-13,-19,
-14,21,
-23,-15,
25,51,
-71,1,
-10,-15,
-24,71,
-54,39,
-27,13,
17,50,
19,54,
6,39,
-75,-17,
-9,6,
-6,86,
-40,27,
-10,55,
-44,30,
-18,1,
32,-31,
25,-29,
-43,45,
28,80,
42,21,
25,95,
-27,16,
-6,9,
-1,14,
206,61,
1335,1005,
4407,3907,
5592,6217,
4432,7034,
425,5132,
-2546,664,
-1573,-815,
848,-404,
2711,364,
3263,1330,
2435,2111,
821,1851,
-141,809,
-277,-47,
-319,-348,
-499,-508,
-810,-795,
-511,-722,
-70,-91,
12,27,
365,-50,
475,-318,
92,-380,
-232,-285,
-419,-175,
-311,55,
-43,113,
-126,-22,
-230,-235,
-274,-175,
-168,-43,
-112,-10,
-192,-44,
-110,25,
-122,94,
-160,88,
-208,39,
-316,-94,
-380,-138,
-326,-130,
-285,-54,
-110,-18,
-20,-76,
-99,-232,
-101,-174,
-144,-156,
-206,-100,
-198,-142,
-102,-57,
126,-87,
150,-164,
144,-83,
105,-93,
89,-62,
75,-24,
56,-28,
80,8,
92,21,
-36,8,
-90,-3,
-149,2,
-93,-96,
-53,-179,
-37,-245,
-20,-118,
6,-48,
7,-87,
47,-75,
-100,-279,
-106,-145,
-67,-22,
-29,-23,
2,-51,
96,-106,
105,-95,
77,-38,
-42,-32,
-47,98,
-121,57,
-66,-41,
-28,-200,
-35,-197,
-51,-22,
-6,3,
-54,-28,
-25,-132,
-59,-147,
-30,-64,
-90,-46,
-65,-7,
9,-74,
-28,-42,
-80,-8,
1,-42,
-22,-48,
-11,-62,
-31,-100,
-57,-63,
15,0,
-34,7,
-77,-36,
-76,-60,
-53,-48,
18,-12,
-111,-76,
-46,-37,
-98,-111,
-80,-111,
-53,-97,
-85,-37,
-86,-7,
-112,-55,
-132,-131,
-116,-100,
-110,37,
-59,44,
-176,-85,
-137,-23,
-55,-9,
-38,7,
-75,5,
-104,-36,
-134,-1,
-59,-76,
-42,-87,
-20,-24,
-47,-31,
-62,-56,
-22,29,
10,38,
-66,40,
-90,-27,
-66,-80,
-40,-153,
-3,-83,
-85,-71,
4,-9,
-33,-104,
-67,-53,
-72,-90,
-10,-128,
-40,-49,
100,-12,
11,-9,
-72,-23,
-84,-56,
12,-42,
62,-4,
-72,-29,
-23,-28,
3,-31,
-10,-20,
-13,-69,
00>
_________________________________
00>
00>
Printing STS1 CIR
00>
00>
_________________________________
00>
28,30,
-38,7,
-27,33,
-30,59,
-33,16,
-22,15,
-28,3,
-55,111,
-72,109,
-53,100,
-73,107,
-11,34,
36,23,
33,10,
9,53,
16,-12,
67,53,
53,15,
6,-29,
-29,-56,
-8,-5,
11,24,
60,46,
54,25,
0,23,
41,-25,
42,-62,
130,-7,
38,-1,
-30,21,
-60,17,
4,20,
66,-3,
32,30,
-27,29,
11,18,
5,18,
36,-10,
13,-29,
-6,-21,
47,64,
5,9,
-9,28,
55,49,
42,63,
48,63,
16,53,
1,-8,
35,18,
64,4,
3,34,
4,-1,
22,-3,
32,12,
-5,56,
14,-5,
12,-32,
22,1,
9,48,
7,11,
12,23,
-30,65,
-45,7,
28,5,
55,12,
-9,73,
75,45,
21,41,
-8,1,
10,30,
-3,65,
7,72,
-6,-62,
44,-90,
34,-101,
-19,-80,
34,-18,
5,32,
16,37,
-3,14,
29,13,
-26,62,
55,-13,
-25,-18,
8,21,
21,54,
-49,9,
-8,-32,
-82,14,
-19,-3,
-22,12,
-95,-26,
14,-61,
99,13,
68,16,
20,46,
51,11,
42,26,
32,30,
51,72,
-17,57,
-4,7,
33,2,
9,38,
28,68,
13,60,
-6,83,
11,87,
11,57,
2,23,
-27,-20,
-18,-30,
29,-30,
-32,5,
-43,-1,
-30,4,
-5,9,
-21,-25,
-30,-62,
-39,-26,
-23,11,
9,12,
17,10,
56,-14,
-47,-67,
-5,-20,
1,5,
-35,4,
-77,17,
15,23,
88,16,
50,48,
9,83,
1,-11,
18,11,
88,12,
36,17,
18,-6,
37,-49,
-19,14,
-9,35,
-31,31,
4,-50,
40,2,
46,-31,
7,20,
-23,83,
-1,18,
55,12,
-19,29,
-12,13,
-44,11,
-9,37,
-38,89,
-15,8,
-3,-19,
-8,-14,
-28,-33,
22,-14,
35,10,
26,-12,
-43,37,
-63,14,
-7,0,
-26,47,
48,53,
21,33,
-40,-35,
32,-14,
1,17,
19,16,
43,14,
56,73,
-7,-4,
23,-21,
19,5,
-24,53,
-86,-14,
-4,3,
-34,-89,
-23,-43,
-59,44,
-59,44,
-17,42,
25,-30,
57,-40,
67,-47,
10,-15,
-16,0,
5,-19,
8,2,
9,28,
-1,93,
-19,50,
-50,39,
1,10,
-22,7,
-102,23,
8,-18,
25,15,
85,-66,
33,-125,
42,-156,
-11,-100,
19,14,
-85,53,
-97,19,
-5,-5,
69,78,
8,113,
10,103,
-59,68,
-42,41,
-28,38,
16,27,
39,-10,
24,22,
-10,42,
10,-13,
-6,-49,
13,-44,
-1,49,
-58,74,
-37,41,
3,0,
33,-38,
3,-25,
40,-53,
6,-7,
-32,-3,
-47,28,
16,43,
40,18,
23,76,
14,90,
1,103,
12,75,
-69,-6,
-10,-64,
50,11,
76,51,
-54,-10,
-38,-21,
-9,-11,
14,73,
3,32,
-16,-27,
-17,18,
18,15,
36,38,
31,4,
-16,15,
-57,25,
52,-2,
71,-30,
54,-55,
12,7,
17,48,
-56,34,
-36,57,
-40,-23,
-8,-22,
32,14,
61,14,
8,-90,
11,-105,
2,-72,
-48,-9,
-18,41,
-2,67,
-33,15,
20,34,
-22,14,
-39,23,
-61,32,
-17,15,
-8,14,
42,-23,
36,-6,
70,-28,
-3,27,
-47,55,
-48,41,
-74,-11,
-2,-5,
57,16,
-10,-27,
30,-54,
27,21,
-26,-3,
-78,29,
-43,-54,
-2,-67,
2,-18,
54,34,
65,40,
-36,63,
-23,23,
-29,60,
-10,42,
-20,-62,
-29,-36,
-34,32,
-37,7,
-8,-3,
-25,-17,
5,-62,
10,9,
26,-39,
14,48,
-33,4,
42,10,
111,-42,
17,9,
15,8,
-19,20,
-39,21,
-23,11,
25,-21,
37,-2,
-13,31,
-39,10,
-17,10,
14,20,
38,20,
19,15,
5,81,
31,18,
13,11,
17,99,
22,74,
21,26,
46,12,
52,26,
6,38,
3,-14,
-18,-28,
-65,-16,
-25,1,
-2,-2,
1,-1,
-3,-28,
-35,0,
12,-34,
-30,-74,
24,-1,
11,-25,
16,-61,
-15,-2,
5,31,
-45,31,
-53,6,
-28,-39,
59,5,
-3,10,
-9,-38,
9,7,
28,-39,
248,0,
1850,-57,
6477,516,
7902,1403,
7913,2168,
4080,2172,
-1085,627,
-1710,-576,
-333,-841,
-308,-509,
-1668,-248,
-2350,-400,
-1449,-625,
-327,-523,
139,-69,
15,465,
-182,855,
-262,943,
-99,522,
46,-92,
143,-316,
579,-307,
367,-238,
82,-332,
-195,-212,
-427,-78,
-473,112,
-261,130,
7,106,
115,17,
83,-48,
3,-95,
-182,-81,
-382,-19,
-144,-14,
-13,-3,
-13,34,
-282,-72,
-273,-204,
-232,-265,
-110,-182,
-34,-92,
-66,31,
-190,143,
-222,87,
-237,23,
-77,63,
-2,100,
99,47,
247,-52,
173,-214,
69,-252,
-19,-152,
-173,-85,
-62,-5,
86,-22,
90,14,
20,74,
-35,80,
-138,62,
-130,21,
-138,51,
-111,5,
-97,-84,
-48,-110,
-42,-36,
15,47,
50,-52,
61,-237,
-110,-229,
-222,-96,
-217,-2,
-138,80,
10,88,
27,32,
66,7,
-1,60,
-112,141,
-109,187,
-117,213,
-125,108,
-140,11,
-158,-26,
-52,7,
-30,31,
24,66,
-34,-27,
-57,-44,
-44,-55,
-84,-71,
-116,-55,
-201,23,
-111,-7,
-93,4,
-83,-9,
-65,45,
-33,55,
-42,-27,
2,-18,
40,-45,
-35,-18,
-80,-47,
-101,47,
-133,73,
-118,48,
-106,-70,
-67,-116,
-68,-65,
-58,-75,
-55,-107,
-65,-10,
-101,55,
-93,56,
-51,71,
-20,-12,
-31,45,
-37,49,
-157,-40,
-54,-3,
-27,-44,
-26,12,
-39,55,
-90,-30,
-65,-116,
-97,-64,
-67,-30,
-24,-23,
22,-23,
-15,36,
-72,10,
-66,25,
0,14,
28,8,
-57,-35,
-85,11,
-87,-8,
-45,12,
-82,-1,
-40,-14,
-31,-15,
-32,-31,
-66,-32,
-57,-13,
-23,-9,
-80,-16,
-62,-30,
-56,-51,
3,-23,
0,26,
-54,-27,
-25,-24,
-6,17,
-18,2,
-100,-5,
00>
_________________________________
00>
_________________________________
Sequence Number: 46
00>
00>
Printing STS0 CIR
00>
00>
_________________________________
00>
81,1,
-31,-40,
-66,-60,
-65,-54,
53,-3,
25,10,
81,53,
55,-21,
9,0,
-5,-4,
-22,21,
-26,-36,
5,2,
-37,-7,
-13,-62,
87,-36,
50,-38,
-8,14,
-19,0,
-73,-24,
48,-9,
-5,42,
-8,19,
-54,8,
-73,-3,
-2,-62,
20,-39,
14,-71,
22,-5,
43,-18,
9,13,
12,24,
-27,6,
-13,-11,
30,6,
47,9,
-38,43,
-8,32,
-22,24,
-49,26,
-31,29,
72,-73,
-7,-99,
9,-61,
-107,-50,
-76,-6,
-19,8,
-54,-85,
-32,-10,
-26,48,
-4,-20,
-25,29,
19,77,
31,69,
45,36,
6,38,
6,28,
20,28,
3,-30,
-25,11,
-16,32,
47,24,
63,-45,
-9,-104,
-78,-31,
-5,-15,
22,9,
28,63,
41,50,
55,-32,
39,-43,
24,13,
33,38,
30,68,
1,108,
-3,6,
-32,-27,
34,-60,
72,54,
73,31,
21,-10,
-14,-1,
-15,35,
48,17,
61,-10,
10,-9,
-4,-19,
7,-45,
-50,-8,
-28,-22,
68,-35,
48,-1,
-26,-47,
-40,-24,
-71,-24,
-24,-19,
-87,6,
4,-11,
-19,-19,
31,16,
15,5,
8,74,
25,28,
40,51,
17,-36,
-46,-83,
-17,-46,
-34,-32,
-12,-7,
-26,23,
98,0,
47,13,
-17,31,
12,56,
-19,63,
22,19,
-5,33,
-27,43,
28,28,
47,-54,
27,17,
-36,-8,
30,82,
-1,10,
-1,2,
23,-48,
30,-13,
-59,26,
-40,42,
-42,-26,
43,28,
41,14,
-33,-41,
-74,-33,
-39,-46,
1,-55,
4,-22,
-18,-95,
39,-30,
15,-9,
53,-12,
10,-15,
25,21,
61,-27,
33,41,
33,-18,
2,22,
-13,-7,
54,-22,
-42,11,
-69,-2,
-79,-29,
-41,-72,
-21,-18,
6,-46,
81,-79,
34,-21,
-45,-2,
-74,30,
-65,-17,
23,-3,
31,-38,
19,7,
22,-16,
8,-29,
37,-33,
103,-5,
80,15,
-19,-8,
-21,45,
53,10,
61,65,
-54,11,
-38,-9,
31,-33,
58,-58,
6,-36,
6,3,
8,72,
52,-8,
29,-23,
19,-2,
27,-28,
34,-52,
17,-10,
-56,-5,
13,-81,
-8,-85,
-74,6,
-23,-18,
60,-4,
39,-35,
50,-4,
-15,-51,
26,-42,
-11,-8,
-20,-55,
70,36,
64,50,
29,70,
-25,37,
31,61,
60,-12,
-34,-25,
-22,-46,
85,-39,
29,-33,
-41,-43,
27,-31,
-36,-15,
-14,-5,
14,-45,
0,-54,
37,-61,
-34,-56,
-33,40,
-24,42,
-47,-11,
43,-14,
-5,-15,
0,-76,
42,-5,
10,45,
-14,64,
53,41,
40,-36,
5,-7,
-27,-22,
-17,-12,
19,-47,
-2,-11,
-8,49,
37,85,
13,43,
49,-78,
-13,-31,
-58,64,
6,21,
-19,-27,
79,-47,
27,22,
3,-20,
25,-12,
-8,-59,
-62,-36,
-12,29,
-43,28,
23,15,
-42,-98,
64,-40,
32,-18,
29,-21,
58,-2,
4,69,
-38,8,
-55,-9,
-33,34,
47,57,
-23,38,
-12,-2,
-59,-37,
-14,-39,
23,36,
23,78,
26,26,
-46,-57,
2,-1,
50,-22,
63,-37,
26,41,
33,13,
-24,-32,
80,-13,
36,-54,
19,1,
2,22,
-3,40,
46,24,
36,27,
-10,-38,
-15,22,
-59,-56,
-43,-15,
33,-16,
23,-8,
-58,-96,
-47,-84,
-41,-89,
32,-85,
58,6,
-13,-41,
-22,45,
6,80,
-9,24,
-66,-73,
-10,-14,
109,61,
42,36,
35,1,
-2,-14,
18,24,
19,55,
26,-40,
3,-24,
19,-2,
27,-8,
-31,-18,
-12,39,
25,-73,
45,-65,
-37,-40,
-9,-17,
10,41,
41,65,
39,9,
-13,-20,
51,17,
16,2,
-47,-49,
-42,-2,
-40,-14,
22,29,
-6,5,
-43,-52,
-53,-30,
-151,-21,
-43,18,
-2,15,
28,-38,
38,36,
3,35,
-12,-26,
11,-22,
13,64,
-50,60,
-38,18,
19,-6,
-14,-10,
41,78,
7,26,
12,-1,
-119,-61,
-125,-49,
-37,-45,
51,-17,
39,-36,
16,-8,
23,46,
-84,105,
-63,92,
-49,49,
-11,-32,
4,10,
-76,-17,
-10,-63,
-53,-729,
382,-3371,
2087,-7014,
3328,-7017,
3248,-3149,
1265,1578,
-105,2596,
-917,1159,
-2377,754,
-4830,629,
-5811,-943,
-4103,-2671,
-1047,-2095,
431,-464,
393,338,
181,89,
339,-214,
653,-304,
400,50,
88,95,
-14,78,
26,-160,
127,-213,
37,55,
-218,206,
-188,229,
-118,114,
-63,-53,
28,-387,
39,-462,
63,-436,
49,-181,
29,74,
60,275,
78,83,
126,38,
261,-102,
238,78,
82,46,
-29,-122,
-81,-292,
-91,-126,
-71,120,
-126,240,
-132,152,
-161,10,
-110,-70,
-36,-42,
49,-96,
59,-15,
-98,-12,
-62,-11,
5,43,
10,87,
-75,130,
-47,135,
52,161,
-6,234,
-141,182,
-134,222,
-77,177,
-68,149,
-76,99,
-148,56,
-106,77,
-22,252,
180,172,
197,111,
74,93,
-34,150,
-29,143,
88,40,
153,-20,
135,-90,
116,-35,
252,104,
352,212,
304,220,
227,254,
148,227,
51,92,
37,41,
68,44,
-34,14,
-24,5,
19,-34,
56,-3,
36,46,
85,87,
-24,54,
67,-20,
23,12,
118,65,
94,41,
56,40,
-18,46,
-7,-15,
2,35,
51,103,
41,115,
-12,58,
-76,29,
-45,156,
-25,131,
-39,73,
62,34,
131,36,
96,106,
47,102,
-15,73,
24,72,
-52,94,
-41,92,
-13,94,
-9,-11,
25,29,
98,107,
24,121,
25,74,
-10,81,
60,93,
11,104,
-58,64,
-81,15,
-7,23,
101,-16,
53,71,
46,49,
-7,64,
20,31,
39,84,
-9,107,
-71,117,
23,37,
17,-4,
43,100,
-81,144,
-48,58,
20,91,
44,55,
100,61,
50,55,
70,84,
80,21,
-20,-3,
-61,41,
-22,41,
-134,-7,
-15,34,
-6,22,
33,6,
20,51,
-27,72,
32,63,
28,86,
-3,96,
39,91,
00>
_________________________________
00>
00>
Printing STS1 CIR
00>
00>
_________________________________
00>
-17,-97,
-5,16,
19,54,
6,-39,
25,-79,
7,-45,
-16,39,
-25,103,
-19,137,
-23,21,
15,5,
28,-30,
21,-24,
-4,-87,
-4,-107,
63,-44,
-17,46,
-9,62,
8,-4,
-23,54,
-6,56,
-4,-11,
-10,6,
-39,-17,
-44,-61,
46,-16,
8,-33,
-11,-70,
6,-4,
-25,-25,
-19,-17,
10,26,
8,36,
48,67,
21,12,
-4,-9,
-28,18,
35,41,
64,16,
16,61,
44,123,
41,8,
3,-5,
-26,4,
7,-18,
0,17,
-8,49,
3,10,
5,0,
10,-40,
-12,-44,
0,-1,
37,18,
123,-39,
93,-6,
50,48,
64,-59,
27,-57,
-10,-68,
6,66,
8,63,
89,22,
48,-5,
22,11,
18,20,
7,42,
-21,36,
34,41,
41,-98,
49,-8,
37,-26,
-1,16,
32,9,
-18,-34,
4,-49,
16,-1,
-13,59,
10,64,
-8,-1,
20,-33,
2,-43,
30,-35,
-9,-52,
46,-86,
7,5,
36,-46,
42,-39,
-3,20,
36,9,
-21,-26,
-8,10,
-11,-2,
0,-57,
-39,-12,
-65,-13,
-46,35,
29,44,
18,18,
8,-13,
-33,4,
-23,73,
-9,21,
-42,-26,
-8,36,
-31,55,
-34,19,
58,7,
17,-45,
-20,-15,
9,-13,
3,12,
-40,30,
-19,17,
-56,27,
-26,18,
-48,-28,
-28,54,
-64,74,
-34,31,
-62,18,
61,37,
74,34,
75,-27,
-16,-44,
-25,-13,
-3,1,
-23,-39,
-16,-16,
8,31,
0,45,
-16,-20,
-61,-5,
-14,69,
10,29,
-16,8,
-47,-127,
-85,-86,
8,7,
25,-13,
79,-1,
36,-86,
-21,-20,
22,-39,
82,-38,
49,8,
-8,43,
-12,-43,
-11,-58,
21,22,
1,34,
34,44,
-60,6,
-44,45,
-17,7,
-15,-28,
20,-56,
-62,-43,
-57,-36,
-8,3,
47,43,
70,33,
38,-42,
-7,15,
-7,97,
-36,71,
-7,24,
-72,8,
2,-56,
40,-3,
11,28,
42,0,
4,28,
7,108,
11,14,
56,8,
68,2,
12,-40,
-19,-24,
27,25,
-45,66,
37,49,
28,-18,
59,-44,
79,-54,
46,-60,
19,-65,
-30,-9,
4,-44,
-7,-19,
36,5,
34,-4,
-27,4,
-3,27,
-28,35,
-11,49,
11,-35,
-1,-29,
87,-17,
-18,20,
46,50,
44,41,
41,-79,
-34,-13,
-22,31,
11,48,
36,19,
-3,-67,
-1,-14,
-5,-25,
26,-32,
31,-15,
2,-1,
-45,63,
-44,10,
-32,-20,
2,-59,
-34,-1,
-1,-5,
35,-21,
9,-46,
-8,-38,
33,-29,
12,10,
-17,-18,
7,28,
24,-3,
38,-25,
19,-30,
-51,43,
-8,20,
-4,-62,
5,-71,
-28,-14,
35,-58,
71,9,
-5,13,
-40,20,
-15,19,
101,95,
10,15,
-3,-17,
3,-15,
56,8,
80,-17,
5,-55,
21,-59,
34,20,
-11,-29,
-2,3,
-55,43,
-10,-19,
-12,35,
-46,6,
-51,-24,
18,2,
75,16,
73,15,
0,32,
61,47,
-14,-40,
-85,-14,
-31,9,
14,35,
107,42,
72,38,
-4,58,
19,2,
-36,6,
67,-24,
67,-44,
5,-54,
-39,46,
1,-8,
3,-26,
2,-7,
-36,-42,
4,-79,
87,-57,
87,-36,
63,14,
13,58,
-24,5,
4,-80,
-25,-85,
51,-5,
84,-33,
66,10,
11,26,
15,-6,
58,16,
35,-24,
30,-25,
33,-26,
-15,57,
-36,32,
43,-16,
-2,-39,
52,52,
37,-4,
23,-29,
-16,35,
4,26,
-28,2,
0,1,
49,-11,
-31,9,
-48,7,
-25,15,
-1,0,
-15,55,
-13,48,
-82,-19,
13,17,
-4,-28,
-10,-5,
46,-19,
-57,5,
10,62,
-42,60,
37,42,
29,17,
18,-28,
1,-28,
2,15,
-10,25,
40,-61,
52,-22,
25,23,
23,2,
-8,53,
18,6,
40,32,
64,-6,
37,42,
-15,26,
8,53,
-56,51,
-41,1,
16,-20,
6,64,
-71,115,
-64,89,
-82,28,
-35,-34,
7,-60,
-11,-63,
0,-11,
-26,12,
-75,84,
-17,11,
20,9,
-24,-13,
-1,35,
-5,0,
-96,-53,
-685,-821,
-2533,-4070,
-3901,-7087,
-3362,-7375,
-574,-3409,
1637,1466,
1780,2184,
358,171,
-145,-1331,
894,-1921,
2356,-1631,
2389,-642,
1051,165,
-19,214,
-323,-26,
-357,9,
-658,157,
-1133,261,
-540,271,
29,152,
432,277,
209,-36,
-60,-76,
-65,184,
-72,469,
-96,414,
-175,189,
-248,10,
-160,139,
-201,408,
-202,448,
-62,231,
-14,74,
-31,119,
-109,84,
-7,42,
93,66,
60,209,
75,360,
92,392,
121,385,
108,241,
263,167,
106,197,
-50,204,
-89,159,
-30,196,
-20,129,
-59,138,
-94,34,
-73,79,
-33,52,
37,-13,
45,-20,
34,16,
86,107,
169,101,
132,35,
168,-76,
120,-42,
141,11,
104,163,
-15,278,
-133,322,
-132,333,
-114,279,
-36,34,
15,-7,
-31,36,
-127,218,
-126,193,
-35,59,
67,114,
108,148,
193,189,
295,150,
265,175,
189,228,
127,179,
42,98,
-11,54,
8,45,
59,17,
80,-11,
25,70,
-14,54,
-27,40,
-47,-57,
-49,-124,
-7,-101,
32,-66,
84,-8,
70,16,
63,16,
35,-4,
12,-62,
35,-83,
104,-4,
97,4,
25,21,
17,64,
-70,16,
20,14,
42,-1,
84,-28,
26,36,
19,111,
22,44,
-75,47,
-51,15,
-26,82,
-45,69,
-128,77,
-193,72,
-89,-8,
-64,-11,
37,9,
42,48,
-35,73,
-16,31,
-16,4,
15,-42,
2,-36,
-51,12,
24,94,
-7,68,
49,45,
-30,60,
-10,52,
-61,-5,
3,31,
44,55,
-31,63,
-7,6,
1,19,
13,48,
31,107,
37,97,
60,116,
72,59,
67,11,
58,99,
63,97,
-10,60,
36,85,
17,53,
-3,-11,
-1,32,
17,84,
20,115,
65,57,
64,30,
43,51,
62,106,
59,81,
63,103,
-25,89,
00>
_________________________________
00>
RX Timestamp: 277301154188
00>
Clock Offset: 2101.421 Hz, -0.263 ppm
00>
RX Timestamp: 278374947995
00>
Clock Offset: 2525.425 Hz, -0.316 ppm
00>
_________________________________
Sequence Number: 179
00>
00>
Printing STS0 CIR
00>
00>
_________________________________
00>
59,-39,
25,-15,
12,-33,
13,9,
16,20,
56,108,
41,68,
-49,56,
-30,43,
-19,-35,
-13,-59,
9,-71,
81,-25,
44,16,
82,-11,
35,-75,
-7,-98,
-41,-51,
28,-9,
66,-11,
40,-24,
59,23,
-25,4,
47,-12,
63,-49,
47,-29,
9,-20,
-17,17,
-45,76,
-36,66,
3,-62,
-23,-38,
-9,21,
9,44,
-8,-38,
58,-56,
-24,37,
-48,-3,
-2,-42,
48,-3,
67,-47,
6,12,
-30,37,
1,46,
-9,24,
-19,35,
67,44,
82,-25,
62,19,
-12,107,
-24,27,
-28,33,
33,-8,
0,-5,
-34,-51,
33,-71,
56,3,
40,2,
-5,61,
-14,25,
55,57,
-19,25,
-39,-45,
-91,-40,
-8,4,
-28,35,
-1,8,
-19,16,
-48,-64,
-23,-28,
-2,-58,
-19,-38,
-50,-52,
9,28,
38,70,
-39,-54,
-6,-43,
32,-78,
19,27,
44,107,
-26,101,
-94,-38,
-5,-5,
40,26,
25,-15,
58,17,
84,-58,
43,-4,
51,-22,
-10,4,
-50,-16,
-99,25,
-82,16,
-2,16,
61,5,
27,11,
54,6,
4,-9,
-24,-41,
20,-31,
-4,-32,
25,11,
21,-54,
41,-63,
4,-31,
-26,-23,
-17,67,
6,31,
-36,31,
26,-36,
27,-63,
69,-24,
-9,-12,
-13,118,
-6,121,
32,80,
27,-17,
-12,-48,
-77,-42,
-39,-74,
74,-68,
72,10,
-38,-24,
34,-66,
11,-48,
26,55,
46,25,
43,-12,
-59,-12,
-20,-7,
-68,-12,
-40,-2,
-1,35,
-2,2,
-56,1,
-35,-46,
-63,156,
-36,61,
-6,49,
-29,-49,
22,-51,
13,-87,
-55,25,
11,89,
18,35,
-12,13,
7,9,
13,39,
-9,18,
-7,33,
-70,2,
-8,-43,
-29,-17,
-16,28,
12,-27,
77,-53,
68,0,
-7,120,
-26,109,
-34,89,
-46,-4,
-5,21,
-5,48,
-21,57,
43,17,
8,0,
59,-37,
8,26,
21,49,
-10,54,
-56,-54,
-50,-53,
-11,1,
79,33,
45,47,
-83,21,
-97,11,
-5,81,
-58,26,
15,-43,
17,-80,
16,12,
33,51,
-13,44,
-6,53,
9,-11,
-22,-81,
84,-33,
-47,-37,
-23,-52,
-18,-5,
0,82,
-37,104,
46,5,
32,-48,
95,6,
-12,-5,
-38,-36,
-47,-57,
42,-16,
64,9,
2,12,
-65,-18,
-56,-57,
-59,-39,
-6,-8,
-6,-36,
44,-56,
-28,-87,
-51,-64,
-42,-9,
-46,45,
-19,52,
16,29,
-26,-8,
1,72,
-13,22,
-32,27,
2,9,
0,-60,
-10,-6,
23,-19,
-6,-11,
-39,-17,
51,-19,
87,28,
49,-46,
51,-64,
-34,15,
4,50,
21,2,
-16,-57,
-23,6,
-62,-21,
40,-30,
44,0,
19,36,
26,24,
-41,-37,
18,-54,
44,-37,
-35,24,
37,31,
83,10,
56,5,
39,34,
-17,-70,
-64,-27,
39,-107,
3,-43,
39,1,
47,33,
-4,26,
-33,-39,
63,24,
20,16,
26,85,
-48,20,
18,11,
-9,7,
-21,33,
70,-52,
117,6,
17,-28,
4,-37,
81,-38,
5,17,
-65,27,
-35,26,
5,36,
46,37,
30,61,
66,9,
123,10,
66,15,
-13,42,
2,10,
65,-41,
49,-119,
27,-27,
-35,-56,
-16,0,
55,33,
27,-16,
-24,-14,
10,-7,
-21,-33,
15,41,
11,28,
20,44,
17,62,
-11,60,
-102,51,
-60,90,
29,44,
68,-18,
-4,-1,
-57,34,
48,2,
17,-34,
5,42,
26,30,
-30,86,
18,31,
2,-30,
61,-22,
57,-3,
45,-29,
-38,-35,
-35,-56,
-48,-83,
-46,18,
-57,23,
-38,-29,
5,-18,
-36,-5,
21,83,
78,48,
-41,15,
-97,-58,
-44,-27,
1,6,
20,28,
-26,29,
30,1,
15,-50,
-8,-30,
2,-8,
79,-2,
26,0,
26,-37,
-15,-48,
-1,-83,
-4,-42,
5,73,
67,82,
5,35,
-15,21,
-61,8,
-28,55,
25,-12,
74,-29,
-12,-53,
23,66,
115,32,
32,-52,
57,-1,
-11,-2,
-64,-12,
-6,-8,
76,26,
52,13,
-14,78,
-18,1,
20,-27,
55,51,
-190,5,
-1669,-427,
-4590,-1370,
-6273,-2472,
-4809,-3056,
-816,-2214,
1512,-710,
861,239,
-774,675,
-1772,617,
-2228,49,
-1799,-708,
-858,-769,
-44,-270,
136,62,
309,165,
491,237,
703,342,
476,186,
102,-16,
-53,-15,
-94,133,
-37,289,
172,260,
271,131,
259,-140,
134,-207,
-1,-121,
53,56,
189,149,
225,100,
215,-89,
156,-123,
181,-57,
61,-11,
54,20,
67,-26,
123,-44,
171,-122,
201,-141,
304,-39,
217,-61,
34,-15,
66,-11,
120,36,
206,65,
242,15,
194,16,
100,60,
-11,57,
-25,84,
-31,31,
7,138,
-65,111,
-5,73,
33,94,
-63,109,
39,4,
-28,-35,
29,1,
-26,19,
77,-14,
123,92,
91,110,
2,90,
8,80,
21,26,
-19,91,
51,109,
86,101,
173,28,
145,22,
71,45,
12,53,
1,135,
-30,141,
-26,64,
-4,-62,
-7,-131,
-40,-76,
6,17,
58,70,
68,152,
85,84,
25,56,
-7,66,
12,34,
31,8,
24,8,
76,129,
38,116,
-53,131,
-97,-37,
-44,-14,
-18,-4,
61,-20,
113,-14,
113,-37,
81,-41,
7,-49,
88,-14,
112,97,
83,45,
107,1,
62,15,
43,73,
62,58,
58,77,
67,-3,
49,-76,
-5,38,
14,95,
-21,96,
50,92,
138,25,
60,-9,
126,8,
65,54,
27,-12,
43,62,
5,49,
90,40,
22,-40,
27,7,
58,53,
35,22,
64,49,
97,45,
129,15,
46,1,
77,-34,
53,-56,
82,-37,
102,-13,
110,-24,
125,14,
44,30,
123,-26,
138,11,
129,42,
44,64,
44,26,
48,57,
127,56,
98,40,
44,23,
38,42,
80,14,
99,-27,
55,-13,
62,0,
68,-18,
79,13,
129,12,
87,90,
11,61,
00>
_________________________________
00>
00>
Printing STS1 CIR
00>
00>
_________________________________
00>
46,-78,
-32,7,
-68,24,
-63,58,
-62,20,
-70,4,
-39,-26,
-18,-36,
88,22,
2,58,
-73,36,
-15,-63,
-36,-14,
6,15,
2,3,
-29,-13,
16,12,
-1,1,
-30,-53,
72,20,
59,29,
69,11,
51,32,
117,35,
87,1,
26,-47,
7,-12,
65,-12,
-11,7,
-43,94,
-61,-14,
46,-79,
35,-107,
39,-45,
-38,-35,
17,66,
41,121,
1,30,
-18,-7,
-1,13,
31,-39,
8,39,
-14,23,
27,10,
26,1,
-19,38,
-11,132,
37,91,
25,47,
72,-4,
23,15,
1,42,
52,1,
-30,68,
-9,47,
28,46,
9,-6,
67,-9,
63,-82,
27,-34,
8,-5,
-75,-27,
-63,-34,
-38,-81,
22,15,
36,32,
35,29,
75,-3,
15,-47,
51,32,
13,12,
-19,-47,
30,-8,
42,-12,
12,15,
2,-7,
-37,24,
10,25,
-21,31,
-17,-7,
-20,12,
35,-11,
14,-46,
41,-28,
-53,39,
-62,75,
1,61,
11,27,
6,-28,
-2,14,
-20,50,
-10,53,
-4,35,
-34,-12,
-10,24,
-5,-13,
60,8,
47,-24,
15,-3,
-48,60,
5,55,
-12,-28,
15,-4,
51,50,
41,55,
2,45,
17,-20,
32,17,
14,19,
-51,26,
-9,50,
43,3,
-60,85,
16,51,
-61,-15,
-46,42,
-65,-8,
-10,-26,
16,22,
43,12,
12,-14,
10,10,
-8,33,
85,-27,
78,-3,
-6,3,
31,-32,
21,-29,
18,5,
-12,-26,
2,-66,
2,-67,
-41,-10,
-11,-17,
51,8,
14,6,
41,-31,
-17,91,
-18,85,
38,84,
30,41,
45,4,
-1,68,
-1,64,
48,34,
45,-55,
-2,-24,
-63,-8,
-58,6,
27,-73,
52,-60,
3,30,
-24,-14,
-36,24,
15,-15,
38,-18,
19,17,
21,23,
2,7,
-7,50,
2,-24,
50,-30,
13,-4,
51,64,
-11,50,
-37,78,
-12,15,
21,10,
84,19,
49,11,
50,-34,
57,-36,
59,10,
22,105,
-46,27,
-38,-16,
51,-19,
20,-48,
-7,35,
-33,54,
-57,50,
-30,46,
35,21,
-1,11,
20,-68,
18,-40,
47,-3,
33,-20,
-59,-32,
-98,-49,
-13,-5,
-5,54,
-32,44,
-10,-52,
79,-90,
39,-28,
-2,-8,
8,-33,
0,44,
16,35,
32,-13,
-51,46,
-50,16,
60,-16,
68,-15,
23,26,
9,35,
-51,63,
-101,104,
-26,85,
-47,-6,
-42,-47,
-64,-16,
-50,8,
27,11,
4,15,
11,41,
-17,-5,
-40,-45,
54,-17,
68,-20,
53,45,
5,53,
26,69,
25,-1,
-98,-12,
-24,1,
-26,22,
13,47,
39,69,
23,58,
41,-33,
32,13,
41,26,
-31,67,
-10,-48,
2,-40,
15,53,
-22,51,
32,2,
-6,-103,
-14,-79,
-46,12,
-54,17,
-25,13,
6,-14,
10,23,
-6,-47,
-22,-2,
7,9,
-7,-53,
12,-38,
-24,-42,
1,-67,
41,-52,
36,-8,
21,13,
71,-19,
25,30,
85,25,
-8,22,
-40,-80,
-15,-8,
-60,33,
28,-25,
60,-87,
82,-85,
4,-9,
-22,111,
-20,151,
-2,75,
67,53,
6,10,
12,43,
2,-38,
27,-21,
-9,-6,
36,78,
24,15,
-16,24,
-40,45,
-35,-9,
-53,-47,
-4,26,
-44,90,
19,86,
-2,70,
-47,77,
-83,56,
-62,23,
-24,-49,
21,-20,
78,64,
-10,44,
-12,-34,
27,-14,
32,9,
11,-16,
-5,-19,
-46,-49,
-43,-64,
-79,27,
-85,85,
4,99,
48,25,
30,-13,
-14,-19,
-53,5,
-6,34,
37,-41,
23,32,
50,20,
-76,11,
-50,69,
-2,58,
88,34,
6,25,
0,-8,
24,20,
51,46,
-52,98,
22,60,
34,-17,
38,18,
-42,60,
-71,61,
-38,62,
-39,41,
-13,91,
-9,24,
-19,45,
-27,13,
-51,13,
-20,-24,
-24,9,
44,37,
-26,5,
-38,-26,
2,-73,
54,-5,
65,99,
-18,76,
34,60,
84,54,
21,-19,
20,-7,
-4,-4,
14,-73,
37,-36,
21,36,
-11,65,
-40,43,
-65,-35,
-24,-33,
-52,-14,
-2,71,
-292,258,
-1788,1114,
-4868,2418,
-6775,2624,
-5814,1423,
-1575,-468,
1041,-876,
1016,-80,
267,380,
484,-54,
1186,-688,
1391,-507,
936,34,
270,378,
-40,87,
-104,-330,
-98,-654,
-109,-550,
-73,-151,
-12,276,
-82,393,
-266,308,
-176,326,
51,174,
315,-74,
352,-208,
242,-231,
120,-94,
-76,69,
-110,73,
13,35,
133,24,
145,-15,
152,-18,
80,61,
3,-8,
-38,-36,
81,6,
258,42,
276,137,
218,154,
104,1,
36,-10,
65,-74,
162,-174,
163,-167,
88,-119,
-140,-89,
-152,31,
-105,130,
46,171,
125,153,
194,46,
53,-64,
-6,-81,
-25,-48,
-74,15,
-42,-29,
24,-30,
55,-15,
93,-20,
110,-102,
128,-45,
156,83,
-2,121,
-76,47,
9,76,
49,87,
125,38,
144,-2,
148,-114,
93,-111,
-15,-101,
-44,-69,
-48,66,
-7,19,
85,-49,
88,-69,
32,-181,
-12,-138,
7,-104,
125,12,
143,29,
60,21,
-21,-62,
-14,-77,
7,-11,
21,37,
13,-20,
22,-80,
28,-144,
43,-55,
50,-27,
58,-38,
27,-75,
16,-9,
-15,-17,
-6,49,
81,-23,
82,8,
78,-5,
89,31,
116,28,
84,87,
67,90,
-4,50,
15,-1,
35,13,
1,43,
88,35,
51,-2,
48,19,
24,-51,
54,-67,
119,-36,
26,-67,
12,-59,
63,-25,
45,-55,
7,60,
-9,-22,
-49,20,
1,45,
25,-8,
82,-36,
116,23,
23,11,
11,50,
69,10,
96,-72,
35,-11,
37,-61,
17,-20,
79,6,
31,-48,
7,44,
48,31,
130,38,
71,68,
22,82,
18,-11,
55,-18,
87,74,
67,48,
59,9,
5,-22,
3,-36,
32,53,
48,57,
-14,-25,
-36,-34,
-15,13,
11,38,
-39,50,
-30,-26,
10,-70,
00>
_________________________________
00>
_________________________________
Sequence Number: 182
00>
00>
Printing STS0 CIR
00>
00>
_________________________________
00>
-35,-41,
-39,-13,
83,-21,
112,10,
130,49,
7,81,
-45,62,
29,13,
60,-48,
53,44,
-100,-1,
-26,21,
-83,-25,
-34,-19,
4,-7,
12,3,
26,5,
55,33,
-26,56,
-14,-51,
44,50,
23,-29,
27,-32,
48,28,
-15,47,
-36,21,
30,-25,
-30,5,
-58,41,
3,104,
27,31,
43,-4,
42,-17,
33,-40,
74,-22,
22,13,
29,27,
75,18,
45,-43,
42,-12,
-54,-55,
35,-11,
5,-55,
-16,33,
62,-10,
18,-55,
9,46,
16,-21,
35,-20,
13,10,
41,67,
89,64,
39,41,
2,73,
-12,-38,
-37,10,
51,-1,
133,-52,
74,-26,
27,-42,
-8,-44,
32,-86,
35,-25,
21,17,
-29,73,
-38,27,
-50,-6,
22,-3,
20,39,
-7,0,
34,-78,
56,-54,
77,-78,
93,-21,
15,-71,
-78,-31,
-1,-44,
49,-42,
46,78,
60,77,
68,4,
26,-20,
44,54,
42,-3,
68,10,
21,12,
12,-29,
-2,47,
31,18,
32,15,
25,-14,
42,-54,
25,-15,
-19,21,
-13,50,
56,47,
98,-12,
-9,-26,
1,-40,
-13,10,
-23,7,
84,5,
88,2,
9,43,
-55,5,
-46,-7,
-33,-44,
-26,14,
38,33,
-15,21,
-25,23,
14,-29,
13,9,
39,-23,
16,3,
12,-3,
88,-7,
119,-24,
79,17,
47,-11,
39,-16,
-35,-7,
14,14,
7,9,
18,-11,
27,-1,
7,-5,
-19,36,
-1,42,
68,-34,
38,-39,
-4,-14,
11,11,
68,-29,
32,-40,
40,-19,
-9,17,
6,4,
49,-19,
0,-110,
47,-68,
73,64,
8,-24,
25,-36,
10,-47,
-4,14,
-1,26,
-49,-26,
2,29,
36,-12,
38,-34,
-27,7,
53,14,
11,68,
5,45,
2,51,
-22,-13,
-1,-42,
-43,-4,
47,11,
63,3,
41,-28,
-23,-104,
-37,-14,
-24,10,
56,1,
66,-34,
24,3,
-46,-18,
-100,14,
-67,49,
-40,-5,
2,-59,
11,-16,
-23,-17,
-34,15,
-72,3,
13,29,
46,75,
40,72,
-4,52,
33,15,
50,-3,
37,-17,
-100,-1,
-47,48,
-26,66,
-23,1,
0,-50,
32,-43,
94,28,
56,64,
29,21,
-10,30,
-22,-32,
1,-30,
37,-46,
23,11,
32,9,
37,3,
31,12,
15,-30,
-66,-62,
-86,-14,
-65,95,
4,111,
4,25,
67,-6,
37,-17,
-4,-19,
0,59,
-12,-10,
20,15,
-30,30,
39,-11,
65,-58,
20,32,
-32,-34,
-31,-9,
-29,0,
6,8,
72,-6,
82,-42,
32,-77,
26,57,
-61,18,
-67,41,
-7,23,
9,21,
17,83,
7,33,
35,-30,
68,-31,
79,4,
18,88,
32,77,
-43,52,
-53,-42,
58,-47,
14,-88,
-31,22,
-62,23,
-2,55,
-19,-33,
-57,-42,
13,-58,
99,-13,
19,-53,
68,-9,
44,9,
-6,23,
-87,-41,
-31,-20,
-34,0,
27,-6,
-1,29,
-22,-14,
-31,30,
-47,35,
42,-2,
12,19,
13,58,
-50,15,
-137,25,
4,23,
28,2,
7,25,
76,-29,
77,-27,
-2,-27,
0,-3,
13,51,
-86,27,
-74,-44,
2,64,
15,75,
69,-8,
63,-21,
42,-61,
47,9,
-17,-8,
30,-26,
53,-31,
2,-113,
-51,-35,
34,-4,
-3,-23,
-29,-22,
-40,-38,
25,44,
-33,-30,
-85,-75,
-26,-13,
18,-4,
-49,-35,
0,-45,
-10,-71,
86,36,
-12,66,
-48,89,
17,-10,
-19,-33,
3,10,
-69,16,
-14,-59,
-1,6,
-23,3,
8,22,
47,84,
52,28,
-48,36,
-52,60,
-93,46,
-51,28,
-11,-19,
24,-32,
42,16,
8,50,
47,25,
43,58,
-17,24,
-6,2,
31,77,
-2,-33,
-31,-15,
9,-7,
41,-28,
1,34,
-49,30,
-57,-8,
-61,-22,
-54,-7,
44,-7,
7,-42,
-2,-45,
55,59,
39,29,
-74,-41,
-15,50,
-46,43,
-36,-7,
-58,3,
20,25,
40,7,
84,-45,
123,14,
55,113,
-92,57,
-87,13,
17,45,
58,50,
42,12,
-47,135,
-633,1297,
-3241,4397,
-5722,5794,
-6392,4415,
-3241,-29,
421,-2741,
1441,-1990,
1433,-226,
3128,669,
5228,2045,
4560,3939,
1563,3998,
-572,1736,
-543,-106,
-6,-335,
-103,74,
-659,187,
-871,-95,
-282,-198,
54,-128,
218,-27,
-71,136,
-118,128,
95,-53,
272,-148,
334,-196,
152,-10,
-34,266,
-248,483,
-347,434,
-282,193,
-39,-5,
28,-254,
-72,-203,
-144,-5,
-162,-50,
-276,-90,
-158,-174,
19,-45,
11,151,
-28,170,
114,33,
136,-166,
185,-78,
178,131,
162,106,
-27,17,
-47,65,
-93,73,
22,161,
145,118,
78,-1,
20,-108,
-34,-120,
92,-117,
187,-198,
244,-242,
252,-198,
247,-222,
130,-206,
157,-128,
134,-149,
146,-159,
143,-88,
104,-208,
24,-304,
-145,-249,
-126,-204,
34,-206,
149,-114,
56,-129,
-63,-99,
-142,9,
-215,30,
-165,28,
-213,-162,
-215,-432,
-155,-423,
-121,-354,
-49,-217,
27,-104,
-12,-17,
34,-35,
37,-67,
6,-79,
-19,-32,
-41,-66,
23,8,
48,5,
15,63,
-20,-64,
-92,-131,
-28,-232,
-35,-33,
45,-31,
71,-35,
13,-61,
-88,-28,
-87,-61,
42,54,
194,34,
158,27,
28,-47,
4,-111,
-52,-67,
-50,-45,
-34,-55,
23,-66,
93,-52,
134,-141,
95,-99,
128,-13,
90,-34,
129,-80,
1,-70,
37,-77,
27,-106,
-17,-97,
15,-144,
80,-91,
129,-31,
71,-45,
64,-124,
143,-98,
44,-44,
6,-130,
-48,-64,
-26,-56,
-3,-81,
-11,-133,
49,-31,
15,-62,
31,63,
-17,-15,
15,-75,
14,-89,
43,-23,
9,-58,
35,-61,
55,-102,
60,-102,
17,-99,
-36,-52,
-18,-44,
-25,-70,
67,-78,
38,-44,
-13,-58,
-50,21,
-55,-4,
6,-54,
-26,-92,
-83,-85,
-43,-24,
74,-60,
75,-127,
-4,-192,
8,-65,
48,-16,
00>
_________________________________
00>
00>
Printing STS1 CIR
00>
00>
_________________________________
00>
-36,20,
-65,21,
-73,-87,
-62,60,
-59,118,
-32,32,
53,59,
88,-3,
-2,71,
18,97,
57,61,
35,-7,
68,22,
58,49,
59,37,
-6,45,
-15,76,
-68,114,
-70,34,
-39,19,
30,88,
-39,62,
58,109,
16,76,
12,30,
19,-13,
-14,27,
25,-15,
6,-25,
-10,12,
15,-13,
53,36,
60,9,
55,31,
95,-27,
85,32,
109,35,
46,47,
20,19,
-19,-2,
32,-26,
14,-26,
40,66,
36,64,
-4,-16,
7,-5,
25,-13,
-20,38,
5,8,
33,2,
-11,26,
-44,9,
-38,38,
50,45,
48,24,
15,67,
0,18,
21,22,
23,-33,
-29,67,
-67,62,
-32,34,
55,40,
-24,43,
-19,21,
16,13,
19,-54,
23,-2,
31,34,
44,96,
-10,53,
-22,11,
-9,-25,
-6,-32,
-16,-7,
31,47,
-41,92,
-51,58,
-33,-1,
40,-2,
12,-10,
-21,22,
-1,31,
26,-30,
-34,-71,
68,-36,
74,53,
4,24,
11,-67,
-14,-8,
-40,28,
21,28,
65,86,
67,47,
7,45,
20,27,
18,6,
75,-31,
-2,-44,
33,46,
85,56,
43,49,
6,20,
-63,28,
17,-24,
-6,-9,
-20,43,
19,61,
-2,29,
-92,73,
-46,81,
28,53,
29,32,
-51,9,
-52,66,
11,72,
70,55,
-36,24,
-32,7,
-5,20,
11,35,
-45,8,
-12,10,
50,26,
23,45,
22,29,
-8,-10,
16,0,
61,7,
54,2,
69,-43,
60,-9,
13,-38,
-94,42,
-73,3,
16,-22,
-9,16,
-29,48,
-80,5,
-58,-6,
79,25,
28,61,
15,-33,
22,-16,
35,-12,
66,39,
-44,71,
-23,67,
26,-26,
-33,-80,
5,-33,
49,-25,
-34,47,
-43,52,
-7,46,
70,16,
23,-9,
8,29,
-87,33,
-61,32,
-38,1,
3,12,
10,23,
32,13,
67,44,
17,24,
-17,95,
-63,-41,
19,-28,
-29,64,
-54,108,
-51,58,
-21,39,
8,24,
39,37,
51,10,
20,35,
16,65,
-66,49,
-84,28,
-77,46,
-5,-30,
33,-67,
79,8,
58,-16,
-14,-42,
-16,-74,
-6,-13,
21,-73,
-19,-43,
-1,3,
-71,51,
-32,42,
22,28,
12,10,
7,20,
-5,-12,
15,-38,
11,-27,
52,32,
7,8,
-53,16,
-9,-14,
2,22,
-41,19,
-40,21,
-10,11,
-22,-33,
75,12,
13,21,
48,77,
-46,9,
-95,52,
-42,72,
76,55,
108,14,
10,22,
-24,69,
-19,34,
61,27,
32,10,
28,36,
-44,12,
-5,-27,
-15,-47,
-43,12,
30,30,
32,9,
80,3,
62,56,
71,41,
-4,-36,
43,-41,
34,-36,
63,-3,
101,94,
43,123,
69,78,
36,2,
-19,27,
19,76,
-42,56,
-66,-36,
-38,11,
-21,30,
-33,39,
4,-36,
-1,25,
8,58,
-14,50,
-16,51,
19,1,
59,2,
-28,-10,
-22,29,
5,18,
15,-5,
-19,62,
37,38,
36,85,
64,34,
49,35,
24,12,
23,-8,
13,4,
-22,22,
18,-10,
-10,-14,
-46,-12,
-67,-7,
-25,-16,
-12,44,
1,25,
47,67,
69,-2,
-1,12,
-72,46,
-13,21,
-23,-13,
1,-11,
25,-51,
2,-5,
-37,-94,
-64,-99,
-14,-94,
49,-12,
-46,11,
-1,-70,
-34,-70,
31,-54,
3,21,
20,34,
8,35,
-4,0,
-1,-33,
-1,8,
51,51,
96,24,
74,-31,
24,45,
-14,85,
15,15,
9,18,
-23,36,
-14,19,
10,79,
9,88,
58,38,
26,80,
-89,91,
-83,22,
-120,-66,
1,0,
21,78,
-26,44,
-20,23,
-21,11,
32,25,
23,30,
30,-3,
-46,17,
-41,-29,
5,3,
67,45,
48,109,
18,38,
4,77,
-10,35,
-45,65,
-25,101,
-40,-22,
-59,-26,
21,2,
14,4,
47,1,
9,-12,
-21,4,
-27,-25,
29,29,
-32,2,
21,8,
-21,0,
45,29,
15,51,
-1,66,
-30,18,
6,44,
-26,26,
9,-29,
47,17,
-21,-8,
-5,3,
115,245,
407,1935,
430,6272,
-11,7880,
-735,7541,
-949,1564,
-824,-2727,
-655,-1999,
-494,537,
-1065,1736,
-2389,1131,
-3061,-228,
-2116,-936,
-600,-689,
74,-73,
131,239,
359,142,
964,151,
1098,191,
443,21,
-68,-231,
-154,-295,
-205,42,
128,107,
227,-162,
302,-375,
370,-309,
286,-129,
260,-92,
362,-156,
453,-192,
430,-164,
207,-128,
162,-224,
69,-121,
87,0,
48,14,
58,85,
115,-103,
263,-337,
268,-403,
30,-445,
-132,-348,
-172,-195,
104,-138,
225,-118,
142,-164,
86,-187,
35,-155,
119,-60,
295,10,
280,33,
172,25,
-1,-1,
-41,-53,
-9,-42,
-56,-118,
-78,-115,
-68,-111,
-119,-112,
-173,-112,
-90,-155,
42,-139,
150,-166,
204,-147,
229,-168,
250,-150,
105,-18,
38,63,
31,47,
142,25,
234,5,
108,-3,
-12,-10,
-126,-149,
-97,-238,
-170,-302,
-100,-349,
-103,-322,
-8,-192,
39,-103,
48,-92,
-69,-128,
-72,-83,
-7,-22,
3,-50,
31,-62,
-4,1,
-7,-12,
0,24,
-19,46,
-32,-31,
2,-67,
31,-35,
-32,-43,
-37,-20,
-67,-25,
-31,-5,
-151,3,
-76,32,
-67,38,
-28,-27,
10,-32,
-17,-12,
-91,2,
-82,8,
-5,-76,
52,-82,
57,-71,
46,-3,
58,-19,
79,-38,
110,-40,
118,-38,
72,28,
97,35,
41,40,
37,-65,
12,-76,
-18,11,
37,5,
61,10,
96,55,
91,-27,
35,-64,
78,-84,
-21,-63,
-28,-64,
48,-41,
18,-26,
34,52,
84,-8,
99,-15,
88,-2,
65,-48,
63,-58,
45,-21,
14,-8,
15,30,
-24,-95,
30,-16,
27,-54,
-12,-117,
-33,-64,
0,-70,
4,-126,
53,1,
-22,15,
-24,-19,
-12,-48,
2,33,
58,-31,
16,-21,
22,-64,
21,-80,
21,-96,
-52,-127,
-9,-54,
41,-104,
51,-19,
00>
_________________________________
00>
RX Timestamp: 417414167318
00>
Clock Offset: 1554.680 Hz, -0.195 ppm
00>
RX Timestamp: 418484277814
00>
Clock Offset: 2350.616 Hz, -0.294 ppm
00>
_________________________________
Sequence Number: 59
00>
00>
Printing STS0 CIR
00>
00>
_________________________________
00>
-7,-31,
50,-1,
65,48,
-19,5,
-20,-8,
-14,-10,
-23,16,
15,-18,
24,42,
101,21,
83,-16,
14,14,
12,31,
6,44,
35,3,
-35,76,
47,87,
27,18,
-59,-71,
-3,25,
-8,41,
-23,-33,
22,-20,
53,62,
-1,49,
-36,-56,
-39,-7,
-19,-40,
-74,-37,
-40,-61,
25,-32,
30,31,
-20,55,
58,37,
-54,57,
-67,21,
-131,-17,
-92,-65,
-50,-20,
32,-25,
26,50,
16,75,
-46,51,
-58,-7,
-34,17,
-7,-27,
-34,58,
-27,3,
-27,14,
51,8,
39,-2,
-31,-3,
89,50,
58,45,
16,19,
25,42,
-36,12,
11,0,
-43,4,
24,-21,
-23,-56,
-41,31,
37,45,
71,20,
68,-37,
40,8,
22,48,
-3,57,
56,14,
44,12,
46,-3,
21,-24,
87,26,
51,-53,
-45,6,
-64,16,
-41,34,
-46,43,
-9,69,
12,32,
-85,30,
-52,26,
20,9,
-16,-6,
6,10,
-2,35,
52,25,
-8,-59,
-16,12,
4,20,
24,-17,
28,-70,
-20,-70,
46,2,
-31,66,
-29,39,
-24,-39,
-40,-63,
-18,-52,
-23,-73,
26,16,
106,8,
117,38,
2,-32,
-15,43,
10,8,
13,-13,
33,-68,
105,-16,
3,18,
-35,-71,
24,-11,
1,23,
53,30,
-27,37,
-1,60,
34,-2,
33,32,
-3,0,
-20,-46,
49,-55,
43,-16,
12,35,
-70,20,
-46,64,
-48,-39,
3,-35,
63,14,
1,34,
25,15,
0,1,
-40,-15,
35,-9,
90,56,
46,62,
13,54,
-86,89,
26,-35,
61,-3,
61,-58,
49,26,
32,14,
25,5,
85,42,
-3,17,
-49,5,
-117,33,
-41,-11,
-5,-43,
-33,9,
-50,-35,
-95,70,
-34,-30,
15,-36,
-17,-30,
-56,-19,
-81,-29,
-15,-9,
4,45,
23,21,
5,-26,
-16,1,
-37,5,
-60,20,
-37,84,
-43,41,
-84,-25,
-88,-79,
-16,-26,
52,53,
-27,83,
-1,60,
8,19,
-35,4,
-43,-49,
2,33,
-3,36,
8,91,
-16,53,
-13,0,
-2,-14,
93,33,
46,33,
21,35,
3,17,
33,-12,
11,33,
-18,42,
-36,8,
-1,21,
54,30,
14,17,
14,-17,
2,31,
57,11,
29,35,
29,-67,
14,-13,
-22,-43,
45,4,
24,-47,
-9,-67,
-60,20,
-22,28,
94,-14,
43,27,
-23,18,
1,44,
-35,49,
-13,24,
10,4,
-38,26,
-7,28,
-5,7,
-19,-22,
-47,42,
-46,18,
13,32,
0,19,
51,-35,
52,-75,
-7,-33,
-54,-55,
16,-4,
19,48,
56,-10,
0,13,
-33,6,
42,122,
41,108,
58,119,
-54,57,
16,42,
72,-12,
52,12,
83,-25,
93,-101,
7,28,
27,41,
71,-6,
-12,-73,
23,-24,
20,72,
37,61,
90,13,
82,8,
33,-20,
-32,-28,
-23,-53,
13,-42,
-19,-2,
-6,15,
62,62,
63,50,
36,2,
-28,20,
43,46,
30,16,
-18,-5,
-77,1,
15,118,
-32,8,
-22,13,
-37,-18,
72,-15,
23,-46,
10,-9,
15,-32,
-55,-29,
-35,-2,
57,45,
23,75,
32,24,
7,-1,
58,-59,
90,-52,
83,-40,
40,81,
53,92,
21,12,
-48,-4,
-49,24,
38,-7,
19,-27,
-17,20,
7,37,
66,19,
10,43,
-1,-4,
36,18,
-5,-41,
-13,-11,
-82,126,
-37,-11,
-22,13,
24,78,
54,11,
-66,-44,
-61,-38,
83,-8,
110,21,
67,17,
30,121,
3,35,
35,14,
-2,-64,
10,8,
44,8,
68,4,
-54,6,
-55,-5,
-21,17,
-7,-51,
8,-34,
6,23,
8,-11,
31,12,
66,55,
32,-21,
38,18,
-10,17,
-6,68,
-1,-10,
8,30,
53,25,
6,18,
59,13,
78,41,
27,76,
-7,-12,
24,-5,
77,11,
48,1,
23,4,
51,11,
38,35,
-8,13,
-49,24,
48,12,
21,-1,
6,61,
22,44,
44,-14,
63,-57,
48,-55,
66,11,
5,38,
90,10,
64,4,
-10,-31,
25,-63,
23,47,
33,36,
44,58,
-50,228,
-490,1651,
-2253,5597,
-4219,7192,
-5456,6219,
-4841,1641,
-1498,-2027,
339,-1374,
897,845,
842,2636,
-59,3243,
-1181,2414,
-1355,1070,
-613,140,
46,-133,
235,-262,
245,-597,
494,-944,
641,-836,
116,-106,
64,77,
208,253,
493,207,
407,-161,
196,-328,
-37,-441,
-126,-271,
-149,-18,
47,-64,
267,-188,
194,-272,
-19,-234,
-99,-240,
-49,-179,
-2,-41,
40,-15,
4,-94,
39,-202,
22,-318,
-6,-428,
-13,-404,
-22,-266,
13,-63,
65,-21,
58,-147,
77,-274,
21,-324,
-34,-311,
19,-145,
91,-4,
177,92,
97,122,
-13,60,
39,28,
93,61,
112,14,
70,25,
68,68,
-4,103,
-64,15,
-39,-81,
-74,-113,
70,-119,
190,-99,
261,-107,
131,-125,
31,-102,
93,-14,
136,-20,
252,-175,
147,-237,
31,-178,
-7,-21,
32,-55,
173,5,
154,55,
20,95,
-161,28,
-152,-63,
4,-89,
130,-50,
186,-41,
186,-32,
-21,-57,
-29,-33,
152,30,
156,17,
60,-90,
18,-68,
-36,29,
56,125,
165,31,
43,-96,
-35,-58,
-51,39,
10,0,
79,-34,
119,-62,
107,-9,
72,53,
43,46,
131,-15,
-6,-116,
19,-147,
34,-48,
84,-107,
120,-127,
155,-112,
80,-110,
52,-63,
36,-30,
-10,-114,
14,-126,
67,-137,
82,-55,
123,27,
37,-1,
59,-53,
41,-117,
28,-136,
1,-124,
44,-191,
55,-154,
46,-164,
33,-34,
28,-52,
1,20,
-1,-101,
25,-165,
11,-145,
55,-80,
55,-4,
46,-57,
160,-105,
35,-39,
57,-30,
60,-40,
64,-37,
58,-15,
61,-103,
117,-107,
85,-109,
-7,-58,
-35,-15,
-64,24,
-54,-45,
-17,-90,
-6,-74,
10,-27,
108,-14,
55,11,
24,-13,
-13,-33,
44,-64,
72,-32,
108,-39,
74,-50,
43,-16,
00>
_________________________________
00>
00>
Printing STS1 CIR
00>
00>
_________________________________
00>
52,-10,
-8,34,
14,40,
-16,58,
-5,38,
-29,38,
-48,44,
-10,-13,
-21,-26,
-30,-10,
31,66,
31,63,
-29,116,
-2,57,
-14,9,
-2,23,
-13,28,
-29,65,
3,4,
36,-49,
-3,-38,
-40,-1,
-12,-33,
-1,-7,
56,19,
46,60,
-7,11,
21,13,
-16,9,
-12,12,
63,79,
38,42,
24,4,
11,-23,
46,27,
44,25,
48,-77,
36,-46,
23,-12,
68,24,
9,2,
-44,-22,
-49,15,
-40,21,
-57,12,
-83,54,
-85,1,
-66,-11,
-104,62,
-52,35,
-33,22,
41,45,
-36,84,
-27,44,
-18,17,
18,1,
-20,-47,
-60,18,
-42,42,
7,1,
13,-55,
-16,1,
-32,66,
14,56,
7,49,
-14,44,
-54,29,
2,57,
22,105,
-17,75,
-38,31,
6,-19,
20,-46,
3,2,
14,39,
17,-24,
9,-30,
-4,51,
-71,36,
-15,8,
-4,6,
-5,-6,
-21,13,
-1,75,
50,8,
30,-15,
-4,-10,
-4,-62,
41,-3,
19,30,
-14,38,
20,27,
27,-11,
-70,-6,
-65,34,
-15,12,
21,-38,
-30,6,
29,-17,
-33,-22,
-55,7,
-84,28,
-42,8,
-14,9,
-55,-7,
-21,37,
-49,-31,
-36,-12,
-53,44,
7,39,
54,31,
-26,32,
16,21,
-15,19,
33,-31,
22,-36,
-39,59,
-68,73,
-41,54,
-18,71,
-23,24,
17,5,
61,13,
21,17,
-51,106,
-28,60,
1,2,
27,13,
-33,65,
-4,41,
12,28,
69,-1,
96,-10,
10,29,
-25,33,
12,17,
-12,62,
-47,24,
-27,-13,
-65,-9,
-41,-11,
-54,29,
-8,41,
-24,25,
-15,46,
6,33,
6,54,
14,-2,
76,-50,
55,-16,
-12,18,
48,35,
89,67,
0,42,
30,27,
-8,-30,
-51,-54,
-15,20,
-70,39,
-31,-3,
11,35,
-21,6,
-20,30,
-3,31,
-30,32,
21,61,
-6,64,
5,31,
-42,-18,
-28,-26,
-66,15,
-50,29,
-25,72,
-47,-59,
-30,-27,
7,20,
7,19,
-57,22,
-47,41,
-30,-10,
-31,-79,
-31,-33,
-28,-12,
-37,-20,
14,-22,
42,-8,
-4,35,
12,14,
9,-52,
-45,18,
-57,79,
-29,50,
22,-6,
46,53,
4,20,
-36,15,
-13,51,
-39,57,
-69,63,
-41,22,
35,23,
44,27,
-9,24,
-35,33,
-35,34,
33,58,
-3,-42,
-13,-17,
-40,-16,
-44,19,
-7,27,
2,-29,
-25,26,
-5,7,
-27,-14,
-25,17,
-13,86,
-46,29,
-2,-24,
77,10,
52,26,
-68,78,
13,58,
8,-25,
13,-54,
24,-21,
-29,6,
13,-14,
-34,25,
10,-32,
14,0,
-15,31,
32,67,
-17,3,
-29,-16,
9,-31,
1,41,
-7,60,
-51,-7,
-50,34,
-49,29,
-9,23,
12,-9,
0,-30,
-59,44,
-21,64,
-24,15,
-24,24,
14,19,
-35,7,
-1,45,
38,38,
6,6,
45,-27,
23,-23,
-22,21,
59,82,
5,75,
16,8,
-47,-30,
1,-17,
51,33,
54,40,
67,-6,
-5,39,
16,10,
17,22,
8,38,
-52,44,
-54,15,
5,34,
10,32,
39,20,
16,58,
18,101,
9,124,
-8,19,
-21,2,
-57,-29,
-83,2,
-23,52,
24,97,
-9,45,
-9,61,
50,10,
7,5,
-20,-15,
-29,-13,
-43,56,
-1,9,
17,-22,
11,-19,
15,56,
16,9,
36,37,
23,62,
-11,34,
-15,3,
-21,15,
-42,48,
9,34,
45,0,
-1,7,
-43,8,
-71,34,
-30,2,
-14,24,
49,-5,
-9,34,
65,-55,
93,-96,
76,49,
21,59,
-70,54,
-17,15,
-40,8,
-43,29,
-51,15,
-29,-14,
-16,-31,
60,-62,
11,23,
-20,24,
-17,23,
1,-5,
-78,65,
-78,79,
-66,8,
16,1,
-26,19,
-2,-42,
4,0,
-61,53,
-45,74,
-33,41,
26,49,
6,31,
23,-22,
37,28,
-43,33,
-39,44,
-42,25,
-55,16,
-17,28,
14,78,
6,6,
-31,-28,
2,-29,
-4,43,
-30,49,
-16,40,
39,54,
44,76,
31,90,
129,274,
844,1923,
2567,6320,
2927,7710,
2202,7870,
362,3694,
-574,-1012,
-211,-1701,
297,-595,
128,-654,
-501,-1856,
-542,-2490,
17,-1618,
293,-429,
123,163,
-384,337,
-824,371,
-1005,271,
-486,169,
113,26,
405,24,
574,193,
477,132,
307,-187,
89,-402,
-146,-454,
-266,-295,
-190,-10,
-68,136,
25,147,
103,29,
70,-128,
-16,-279,
-156,-316,
-77,-14,
-51,68,
-50,35,
0,-263,
69,-378,
184,-379,
191,-154,
117,-73,
-25,-21,
-164,-71,
-139,-128,
-93,-141,
-23,-66,
-71,68,
-37,182,
55,232,
193,57,
190,-63,
133,-82,
36,-172,
-38,-38,
-53,29,
28,3,
30,38,
-44,22,
-128,35,
-157,-21,
-159,-43,
-87,-142,
23,-135,
59,-42,
39,19,
77,-1,
193,-18,
218,-57,
112,-266,
-75,-289,
-131,-218,
-148,-54,
-157,-11,
-49,31,
-45,15,
-112,-43,
-185,-77,
-228,-38,
-206,-39,
-102,-7,
-32,-78,
-37,-30,
-4,-6,
-2,50,
-9,10,
-34,-18,
-34,-45,
-7,-68,
-44,-71,
-33,-91,
-57,-104,
-35,-55,
-28,-23,
-3,-52,
13,-58,
16,-50,
26,-13,
-28,19,
-23,65,
-40,21,
-29,-90,
33,-68,
-56,-37,
-53,-55,
-50,-94,
-25,-85,
28,-69,
69,-91,
47,-45,
20,-28,
-39,-51,
-71,-34,
-129,-36,
-115,-40,
-91,-4,
-85,-20,
-3,4,
-2,-20,
43,-72,
40,-82,
12,-43,
-26,-3,
30,-2,
-88,-7,
-93,-35,
6,-30,
1,9,
43,-45,
-18,-74,
-24,-26,
-30,31,
-32,26,
-5,21,
-16,-102,
15,-121,
-15,-88,
-2,-75,
39,-66,
-67,-52,
-36,30,
10,70,
-22,-44,
-36,-69,
17,-77,
-32,-44,
-22,-57,
-38,1,
4,-49,
-25,-28,
16,-95,
-6,-106,
-40,-46,
-27,-68,
18,-65,
22,-45,
-39,-79,
1,-48,
00>
_________________________________
00>
_________________________________
Sequence Number: 62
00>
00>
Printing STS0 CIR
00>
00>
_________________________________
00>
75,30,
29,-9,
-39,36,
-10,6,
2,21,
10,43,
7,-18,
-21,22,
-1,17,
-22,50,
8,0,
61,38,
10,-17,
-11,109,
14,44,
57,32,
6,7,
21,-34,
31,39,
16,24,
39,15,
62,-45,
-39,-7,
-12,24,
-31,-15,
37,-20,
-15,-15,
6,-32,
-42,33,
-1,26,
-22,55,
-22,17,
4,-39,
9,69,
63,-21,
-39,13,
-98,-30,
-44,-14,
0,31,
21,66,
-40,51,
-33,18,
-15,12,
21,45,
-3,9,
-74,36,
-81,104,
13,67,
-79,34,
-57,-8,
11,0,
10,-26,
43,-28,
77,-30,
-5,33,
-53,14,
-21,90,
-2,35,
-57,60,
-85,49,
29,74,
30,36,
33,-22,
16,118,
60,89,
61,-23,
15,-28,
12,-21,
-39,-6,
-21,-14,
-67,39,
66,-29,
87,44,
30,46,
33,60,
30,19,
-6,0,
-10,28,
-3,50,
-27,-1,
-70,-24,
-56,-52,
9,14,
-14,36,
-40,8,
-79,86,
-18,55,
-58,8,
1,5,
94,46,
152,32,
64,35,
-71,-11,
-129,-37,
-13,-14,
-24,12,
32,-1,
5,30,
40,26,
32,54,
-67,18,
-126,-22,
4,-62,
-27,-63,
-30,-81,
-48,-77,
-28,-35,
87,-58,
-53,33,
-40,51,
-4,32,
-2,-12,
22,-12,
-43,18,
-42,29,
24,33,
-22,-29,
-45,-18,
-41,-23,
12,46,
-40,51,
-85,15,
-66,31,
-36,1,
-89,61,
-73,51,
7,-8,
54,61,
1,52,
4,61,
-85,-1,
-9,40,
89,29,
41,22,
41,3,
17,-36,
-30,17,
-40,83,
-42,71,
-51,49,
7,-16,
2,-46,
-23,49,
-68,54,
-107,21,
55,14,
37,81,
38,47,
-50,9,
-44,-12,
40,-6,
59,56,
64,6,
-74,28,
-61,37,
-20,94,
4,-17,
-1,-66,
-36,-40,
-19,84,
-38,93,
40,14,
-25,-20,
37,34,
3,67,
-50,-6,
19,-35,
43,0,
33,91,
100,78,
50,-3,
-46,46,
-70,34,
-92,67,
2,81,
56,31,
40,53,
32,-2,
22,-39,
-29,-45,
-83,7,
-39,45,
-64,107,
-19,57,
-7,-41,
-89,-15,
-53,-25,
28,16,
-24,-52,
13,34,
-41,10,
-33,86,
-17,87,
-8,115,
14,82,
-21,2,
-42,40,
-28,24,
-33,-43,
-21,3,
73,-22,
32,8,
12,-80,
52,-87,
37,-28,
57,7,
4,17,
8,31,
38,-52,
1,-46,
41,-2,
-7,3,
35,25,
-42,-17,
-23,23,
-67,-19,
-148,1,
-6,65,
64,30,
-1,111,
-49,131,
27,73,
-18,46,
-46,-36,
-112,-60,
-111,19,
-87,52,
-4,96,
-22,125,
4,79,
-13,-37,
-6,-51,
-9,-27,
1,-78,
12,-116,
-40,-38,
-26,-81,
-66,29,
-3,26,
-22,35,
-27,30,
-57,-7,
25,50,
-15,43,
17,77,
-4,4,
7,19,
52,66,
-30,60,
-28,11,
-15,18,
37,3,
33,10,
27,69,
-39,70,
-103,33,
-57,50,
-36,90,
-27,50,
-36,-12,
-30,5,
-6,-27,
-57,4,
27,-33,
-58,-63,
3,-61,
73,-7,
72,38,
-32,63,
-70,19,
-39,2,
28,17,
-21,24,
-14,66,
36,6,
50,13,
-20,97,
24,57,
88,-33,
44,-46,
-3,31,
-7,70,
-36,35,
-10,-31,
-8,21,
1,88,
33,57,
-3,96,
-14,5,
-47,-31,
-41,39,
48,38,
-47,13,
1,17,
46,14,
52,-8,
7,3,
53,-83,
45,-14,
-12,-103,
13,-66,
35,41,
-23,45,
-40,-35,
-78,13,
-86,19,
6,4,
2,56,
17,-27,
-8,-14,
-54,15,
10,72,
-39,102,
-16,33,
15,34,
11,69,
-36,18,
-24,-34,
-48,-43,
19,-36,
2,41,
-76,58,
-73,72,
-11,77,
7,43,
-19,-25,
-24,-16,
13,-29,
62,-85,
78,-35,
38,-25,
22,-69,
-58,-92,
55,-49,
29,-105,
10,-33,
-46,84,
27,37,
14,15,
-21,21,
9,98,
-64,7,
-44,-52,
17,-26,
61,26,
39,20,
64,14,
88,10,
81,-35,
65,-24,
38,-5,
-39,60,
-87,21,
-31,-117,
-46,-78,
-19,-66,
-43,-7,
8,70,
30,56,
400,594,
1035,2599,
1244,5216,
318,5545,
-1069,2295,
-1454,-984,
-859,-1620,
69,-942,
829,-1349,
2083,-2088,
3296,-1216,
2972,437,
1215,999,
-154,451,
-436,-16,
-178,105,
-3,378,
-204,377,
-306,150,
-149,-31,
13,-77,
119,50,
131,83,
56,16,
-19,-83,
58,-96,
53,-48,
193,73,
202,269,
206,373,
175,307,
24,49,
-113,-101,
-180,4,
-105,48,
-126,37,
-33,71,
-116,23,
-56,-32,
73,27,
121,110,
117,66,
-14,-51,
4,-168,
49,-114,
128,12,
99,-2,
33,-26,
66,9,
33,69,
82,54,
-41,39,
-41,-73,
-64,-114,
71,-115,
47,-143,
6,-147,
55,-186,
89,-124,
58,-57,
47,-93,
11,-63,
-50,-50,
-56,-46,
52,-74,
19,-87,
-53,-57,
-27,-46,
-56,15,
-11,-7,
-11,-11,
-68,-8,
-52,159,
-61,111,
-45,128,
-140,-11,
-228,-33,
-272,-91,
-241,-97,
-88,-55,
-9,-9,
-10,-56,
106,-78,
55,-37,
46,-65,
4,13,
-35,-7,
-39,44,
-83,64,
-25,-24,
-73,-32,
-160,-16,
-177,20,
-49,-90,
16,-58,
13,-27,
9,34,
-42,-32,
30,-21,
58,1,
65,-20,
28,-26,
-28,46,
-124,51,
-123,18,
-155,-25,
-137,-41,
-127,-44,
-113,-16,
-76,-30,
-25,-25,
18,-51,
42,11,
46,-47,
-78,-116,
-138,-92,
-68,-82,
-84,-83,
-35,-60,
22,-73,
7,-2,
48,16,
60,9,
-57,-65,
-15,-4,
1,-30,
-28,-49,
-36,-85,
-60,-43,
17,-88,
129,-121,
105,-40,
7,12,
-68,17,
-72,-1,
-37,-95,
-59,-36,
-58,-10,
-9,39,
-38,-33,
-77,-73,
-65,14,
40,12,
25,40,
25,-24,
-77,-53,
-65,-6,
-10,-42,
-54,0,
-9,-31,
13,-57,
-37,-1,
24,-18,
00>
_________________________________
00>
00>
Printing STS1 CIR
00>
00>
_________________________________
00>
-4,-86,
42,-30,
-1,-14,
-90,16,
-60,-41,
9,3,
16,23,
58,90,
65,87,
12,63,
-38,39,
9,-66,
115,-45,
40,18,
75,25,
-32,-4,
-48,-43,
10,32,
50,74,
11,-14,
35,0,
49,14,
70,-16,
76,-21,
71,16,
37,-8,
-31,-10,
-50,-23,
-87,4,
-38,101,
2,16,
-9,-34,
-5,-105,
12,-56,
-4,32,
-5,62,
28,-23,
26,-62,
-12,-17,
-44,-21,
3,39,
-11,51,
-7,-29,
-24,-25,
5,-15,
34,8,
17,17,
27,48,
13,11,
29,-8,
50,-27,
-16,36,
-12,14,
-57,15,
-35,-27,
2,-60,
5,-27,
29,2,
30,-6,
29,-22,
27,13,
-21,-9,
-20,-12,
28,-55,
89,-54,
66,10,
66,-21,
-33,-40,
-15,-6,
9,-7,
42,-24,
36,-22,
16,-30,
7,-73,
84,-28,
14,-17,
42,-4,
34,19,
-28,30,
-24,-5,
-5,-74,
66,-20,
17,-7,
27,-10,
-2,-51,
-60,-96,
23,-38,
10,-33,
90,-33,
71,-17,
87,10,
74,70,
-26,77,
-56,32,
1,11,
16,39,
55,43,
9,-9,
-7,21,
8,-5,
78,7,
78,21,
38,39,
20,-24,
-28,-11,
-26,-27,
23,-43,
21,-71,
36,-9,
-13,-3,
-29,60,
-76,16,
-81,38,
-20,-24,
-8,-47,
12,-31,
-3,-8,
-41,28,
-49,-2,
-66,-6,
-15,-31,
48,-39,
16,-11,
11,-44,
-29,0,
24,47,
8,-24,
69,-48,
78,-67,
62,-13,
-23,44,
14,-15,
66,-16,
44,28,
25,27,
53,-16,
-50,-37,
-16,-69,
45,-43,
78,-13,
109,29,
54,-3,
-1,-33,
-4,19,
-53,3,
-99,40,
16,48,
119,27,
-15,-29,
-49,-32,
-2,0,
93,-27,
107,-65,
95,-92,
55,-26,
80,-4,
58,1,
21,21,
61,18,
18,21,
-22,32,
-56,34,
-17,36,
-48,-9,
43,-2,
40,-26,
-3,0,
27,-30,
38,-10,
58,-30,
30,-25,
-36,2,
-105,27,
-98,76,
31,52,
11,1,
-41,-7,
-89,11,
-81,20,
4,1,
19,34,
31,27,
18,-85,
1,30,
-14,48,
38,49,
27,-9,
-49,24,
-97,6,
-40,4,
4,-32,
-27,-50,
-60,-6,
-60,39,
-34,34,
62,4,
5,-22,
-30,-7,
-29,-50,
-73,-14,
-43,13,
-2,-19,
84,-53,
28,23,
67,7,
47,2,
29,-30,
-4,-14,
-20,-6,
3,-40,
75,-24,
51,-40,
34,18,
-11,43,
3,42,
53,-64,
43,-70,
39,-38,
43,-34,
5,20,
-58,-20,
-25,48,
-12,35,
-29,28,
-5,28,
25,1,
-26,44,
-6,14,
1,3,
28,14,
76,40,
71,13,
3,-16,
12,-30,
11,-34,
-37,-31,
-39,-2,
44,32,
24,-69,
8,-48,
11,-17,
0,-57,
14,-19,
28,19,
-27,-59,
-55,-48,
-34,-41,
41,-97,
-19,-51,
-96,29,
-27,54,
50,-43,
20,-79,
-3,-40,
10,31,
20,-39,
-23,17,
-14,12,
41,-45,
13,-27,
-27,3,
49,-2,
41,-36,
14,-27,
-8,-49,
-49,19,
-64,34,
-44,-17,
0,84,
7,28,
-68,24,
33,-20,
-9,45,
61,0,
83,-18,
33,-88,
-8,-82,
40,-18,
88,19,
79,0,
-20,4,
22,-62,
-10,-52,
34,-55,
-38,-27,
5,33,
-5,34,
-21,-46,
-49,-74,
-76,23,
-14,17,
-52,-42,
7,51,
-19,97,
39,-27,
55,-77,
-10,-108,
0,-55,
13,10,
-30,6,
-40,16,
-27,37,
29,-3,
98,-23,
42,-45,
-71,-77,
-48,-31,
68,-33,
104,-19,
39,8,
14,44,
-66,9,
-36,-2,
-52,-86,
19,-93,
-19,-4,
-47,91,
-7,41,
44,21,
54,2,
15,7,
-51,-17,
-6,-55,
-32,19,
-53,61,
-57,9,
14,-66,
36,-35,
54,-62,
13,17,
12,45,
28,90,
44,-12,
80,-85,
14,-14,
32,-21,
-42,-1,
21,38,
9,-31,
8,74,
-48,68,
60,25,
-9,54,
24,25,
-16,38,
-34,-78,
7,-60,
15,-40,
-11,0,
-2,-35,
15,41,
61,-13,
28,3,
16,14,
46,-23,
2,-44,
20,-94,
18,17,
71,9,
783,271,
2649,1319,
4550,3072,
4145,3662,
1042,1988,
-1527,-25,
-1652,-630,
-233,-11,
481,766,
-84,1320,
-1045,1421,
-1287,964,
-740,225,
-57,-75,
276,-91,
347,-180,
453,-345,
551,-341,
357,-160,
-95,-26,
-245,32,
-124,41,
59,0,
56,-130,
-19,-240,
12,-289,
61,-200,
171,-153,
166,-192,
130,-247,
97,-247,
-43,-176,
-7,-187,
-7,-169,
21,-108,
-68,0,
-87,-49,
-91,-77,
-122,-219,
-189,-243,
-169,-172,
-200,-93,
-123,-76,
-68,-129,
71,-89,
4,-71,
-65,-8,
-21,-19,
142,-105,
190,-157,
206,-136,
68,-79,
42,-24,
11,-36,
-138,-35,
-189,-47,
-226,-34,
-104,-24,
-18,2,
3,32,
-120,28,
-176,-26,
-58,-118,
64,-219,
44,-215,
42,-221,
62,-135,
1,-36,
-10,-97,
12,-190,
94,-201,
1,2,
-85,21,
-129,-26,
-145,-119,
-85,-111,
-167,-89,
-192,-79,
-129,-28,
-8,-67,
73,-18,
-25,-17,
-126,75,
-90,52,
-11,-71,
-7,-103,
26,-19,
-5,32,
55,61,
-28,54,
-91,62,
-51,24,
24,-34,
-38,-17,
-44,0,
-43,11,
-43,7,
57,-4,
40,-50,
19,-56,
7,-75,
81,-41,
2,5,
3,-60,
-3,-45,
-11,-98,
-20,-91,
-3,-42,
91,-78,
40,-143,
1,-67,
32,3,
89,-47,
184,-6,
116,-6,
-5,-32,
30,-54,
-14,-98,
-9,-56,
32,-32,
143,-31,
130,-65,
66,-29,
48,-15,
27,-92,
-23,-126,
-31,-90,
-41,-62,
37,-79,
88,-114,
65,-32,
1,30,
-65,27,
11,-31,
21,-94,
62,3,
28,41,
-23,46,
-55,62,
-62,3,
0,-10,
-36,-27,
-13,-68,
44,-66,
-3,12,
-11,-1,
22,-84,
81,-54,
71,-47,
40,7,
-24,-14,
-5,-35,
-19,-44,
00>
_________________________________
00>
RX Timestamp: 557732939901
00>
Clock Offset: 1714.611 Hz, -0.215 ppm
00>
RX Timestamp: 558802802082
00>
Clock Offset: 2558.899 Hz, -0.320 ppm
00>
_________________________________
Sequence Number: 196
00>
00>
Printing STS0 CIR
00>
00>
_________________________________
00>
-46,-30,
-20,-76,
-66,-92,
-58,-35,
9,-17,
50,-26,
37,-70,
14,10,
24,22,
-37,36,
12,38,
-46,28,
-41,3,
1,7,
62,-6,
74,-6,
-33,21,
23,24,
78,4,
4,-14,
-1,62,
-29,8,
-43,58,
0,66,
25,-5,
19,-23,
34,38,
134,41,
65,21,
-3,40,
-11,20,
9,-15,
25,71,
-11,49,
110,29,
132,63,
37,46,
-22,-38,
3,57,
38,77,
15,-11,
-44,-34,
26,-14,
-13,60,
71,20,
23,14,
-15,26,
-3,-5,
29,8,
61,82,
10,3,
-28,-29,
-9,-35,
25,-21,
58,6,
48,10,
-1,50,
29,52,
21,-1,
-4,30,
19,18,
1,-70,
34,-37,
42,16,
22,-20,
12,-57,
42,10,
50,25,
-13,53,
-33,34,
-13,39,
-16,24,
22,-42,
-69,-42,
45,-43,
62,-9,
66,-14,
94,2,
22,10,
-3,5,
-2,-61,
80,-7,
10,5,
-2,-5,
94,-21,
134,5,
50,32,
19,-2,
3,-13,
21,22,
22,23,
17,1,
76,34,
20,14,
17,52,
17,106,
30,20,
33,84,
9,38,
-34,72,
-29,49,
-13,28,
-24,-14,
39,29,
39,-10,
59,21,
88,-46,
50,52,
-21,35,
23,41,
52,-42,
25,32,
6,1,
-92,-29,
-79,-101,
-34,-13,
40,9,
60,22,
9,-30,
47,-72,
6,-8,
21,6,
11,24,
93,21,
34,84,
42,16,
3,-7,
27,25,
32,-64,
48,-35,
16,-18,
-60,30,
-97,-23,
51,8,
-4,2,
17,-44,
16,-43,
23,-51,
-21,-86,
-27,-11,
-60,92,
-14,29,
-16,6,
5,28,
-32,38,
-80,108,
-64,27,
7,19,
-14,-10,
82,-21,
32,-6,
42,6,
3,-11,
-53,30,
23,104,
-1,35,
86,-1,
11,12,
29,-60,
-17,-37,
-4,-2,
-60,6,
-30,-16,
-52,-50,
-58,-55,
2,-61,
86,4,
4,-16,
-10,16,
-48,62,
-61,101,
-19,15,
-31,-9,
7,3,
15,41,
-23,54,
-44,-22,
28,15,
53,-2,
20,0,
-14,-38,
26,-36,
46,-14,
9,-21,
-27,47,
-40,7,
-53,13,
-94,34,
-58,37,
27,12,
96,37,
-43,42,
-6,45,
56,-16,
59,18,
112,20,
55,-3,
-10,82,
1,3,
-22,26,
-27,9,
96,16,
87,24,
41,2,
0,-25,
-38,-15,
8,-17,
36,38,
10,22,
-1,62,
31,-19,
50,31,
-26,8,
-30,-35,
-17,16,
90,35,
118,61,
61,-81,
48,-43,
-14,-44,
32,36,
0,7,
42,-3,
28,8,
-15,-21,
-32,-17,
-41,10,
53,16,
84,24,
89,-15,
92,37,
32,40,
8,25,
-5,95,
-17,49,
-23,70,
-34,19,
30,17,
41,-15,
65,6,
0,4,
72,4,
-17,-13,
-3,-25,
-69,12,
18,-14,
-6,-101,
-29,35,
57,26,
21,-6,
-8,-81,
-41,-8,
-21,70,
35,67,
84,-2,
25,-14,
4,-44,
11,-2,
6,-26,
-15,-7,
26,-34,
22,16,
87,-50,
85,-38,
-47,-20,
-30,64,
-23,35,
8,1,
61,-32,
53,-12,
81,-78,
27,0,
-22,21,
-12,69,
-9,-9,
36,15,
80,18,
67,-18,
5,-25,
49,30,
8,53,
44,25,
-4,-27,
26,-75,
-22,-5,
-20,30,
16,50,
27,-12,
39,3,
28,14,
13,9,
79,29,
43,-13,
28,-31,
-7,-12,
18,29,
8,-22,
34,-88,
26,-22,
92,15,
35,-6,
-2,-19,
-27,21,
13,26,
10,54,
24,87,
18,28,
67,29,
21,25,
61,32,
44,-37,
68,-10,
50,-28,
92,-20,
35,-31,
38,-6,
58,41,
-35,-4,
12,64,
44,32,
76,12,
40,10,
78,4,
79,51,
15,32,
-44,19,
-3,-2,
38,7,
40,6,
67,-34,
2,51,
11,58,
72,11,
46,-8,
34,25,
52,2,
-48,-27,
-29,0,
-102,20,
-59,-10,
41,-18,
105,-8,
-2,-23,
49,-44,
13,-2,
36,48,
-17,121,
19,134,
9,-2,
32,-35,
67,-10,
19,32,
-67,546,
-1317,2791,
-4014,6020,
-5337,5905,
-4307,2587,
-873,-1651,
853,-2542,
1055,-1006,
2224,-205,
4736,420,
5576,2082,
3326,3500,
365,2471,
-566,463,
-314,-331,
-41,-123,
-376,40,
-726,87,
-525,-199,
-158,-187,
127,-120,
75,114,
23,198,
147,56,
289,-81,
195,-63,
131,10,
44,231,
-89,449,
-251,428,
-238,345,
-16,149,
77,-94,
-10,-158,
-106,-97,
-129,-59,
-215,31,
-172,-102,
-1,-129,
59,136,
109,231,
123,174,
135,-38,
215,-135,
214,-6,
152,130,
84,110,
-11,-20,
-34,44,
-1,156,
139,79,
140,27,
43,-83,
62,-75,
133,-119,
159,-204,
158,-299,
204,-258,
214,-187,
138,-87,
83,-131,
111,-159,
134,-145,
106,-25,
113,-57,
66,-179,
-61,-205,
-91,-144,
38,-203,
37,-178,
86,-173,
-64,-7,
-142,2,
-296,10,
-252,6,
-332,-131,
-302,-300,
-254,-341,
-168,-394,
-4,-278,
41,-193,
55,-37,
38,-11,
85,50,
118,-11,
43,2,
-39,-38,
8,-55,
20,-127,
25,-91,
-16,-51,
10,-23,
18,-110,
-2,-64,
-32,-77,
28,-46,
78,-70,
7,-82,
-32,-83,
-1,-16,
96,-27,
94,-18,
66,-31,
39,-50,
-57,-77,
-141,-74,
-107,8,
-36,-32,
-46,-66,
41,-46,
93,-22,
109,-29,
35,-48,
30,-64,
11,-51,
-29,-69,
-66,-171,
-1,-140,
-4,-147,
-34,-65,
91,-50,
142,1,
85,-44,
55,-79,
-10,-19,
-4,-20,
-25,-66,
29,-52,
3,-57,
47,-72,
-28,-26,
-49,-8,
11,-48,
-56,-107,
-5,-112,
75,-49,
76,-100,
29,-73,
4,-86,
19,-61,
-30,-97,
7,-92,
-25,-42,
22,-65,
6,-41,
108,-101,
34,36,
25,1,
-5,4,
-14,-6,
7,13,
10,-59,
18,-36,
31,-19,
54,-28,
-12,-115,
31,-53,
6,-42,
-53,-85,
-14,-46,
00>
_________________________________
00>
00>
Printing STS1 CIR
00>
00>
_________________________________
00>
-2,9,
26,25,
16,31,
-24,6,
-37,100,
1,66,
68,-24,
15,-3,
2,53,
-7,12,
-78,25,
-25,-23,
10,54,
45,-49,
11,9,
-40,39,
-23,15,
-49,-97,
7,-49,
-1,-4,
-39,-1,
-32,5,
9,-11,
62,11,
95,-20,
93,-23,
-21,-34,
-62,-21,
-43,12,
18,65,
29,37,
32,81,
34,26,
15,57,
-18,4,
-16,6,
-8,39,
-41,-12,
-41,23,
27,-3,
56,62,
16,78,
-46,107,
-88,70,
-40,64,
49,26,
5,-15,
-75,57,
-60,40,
57,26,
35,13,
98,34,
-9,94,
-2,25,
7,-77,
0,-5,
-60,-45,
48,-30,
62,3,
60,29,
9,5,
-29,21,
15,-25,
-5,-50,
65,-27,
22,53,
55,22,
-50,19,
18,17,
39,5,
60,52,
15,-15,
-1,-18,
-55,-12,
-54,-2,
-35,-12,
-6,35,
-3,-8,
-26,-25,
-27,-37,
7,11,
6,-13,
90,-26,
-17,-23,
4,9,
20,3,
23,52,
-11,61,
2,6,
2,33,
30,20,
65,45,
1,13,
81,37,
27,86,
-22,72,
-22,51,
-41,-17,
11,10,
48,15,
4,43,
26,31,
66,-41,
19,31,
72,72,
-61,36,
-37,-4,
-187,-35,
-11,-51,
34,36,
17,36,
-48,11,
4,-24,
-48,-84,
17,-9,
-4,23,
116,62,
26,5,
-28,17,
-13,36,
2,3,
67,12,
29,-5,
27,15,
43,60,
19,10,
-2,-18,
-16,28,
-16,43,
-10,-19,
90,5,
84,-1,
48,48,
-87,13,
-122,11,
-34,14,
-3,88,
-9,36,
-2,-19,
-64,-40,
-28,-67,
-18,40,
-39,-38,
-27,25,
-11,33,
-16,24,
-51,24,
-45,2,
-3,18,
-66,-1,
-8,-35,
24,12,
-57,12,
7,-5,
-61,-54,
-20,-96,
-9,-93,
25,-23,
-38,28,
-12,59,
-76,52,
-48,47,
-41,57,
-23,7,
28,94,
-16,94,
5,-19,
47,-25,
44,33,
38,36,
19,38,
-36,-32,
6,-131,
4,-62,
16,21,
57,25,
-3,42,
-12,-22,
-4,-21,
-37,-17,
-79,12,
-49,-30,
-9,47,
51,46,
60,14,
148,15,
2,15,
-29,86,
-25,7,
-23,16,
14,-46,
96,-9,
52,-45,
65,-89,
26,5,
-14,27,
-72,42,
3,10,
-21,13,
14,16,
-73,78,
-28,4,
50,-100,
56,-37,
32,58,
0,44,
32,-56,
13,20,
-9,48,
14,86,
-26,36,
5,-19,
24,-11,
17,-14,
7,-20,
27,-83,
20,-94,
18,-61,
36,-24,
106,-37,
44,9,
4,19,
15,59,
37,73,
-5,9,
-2,-30,
-5,24,
16,-7,
84,36,
28,75,
21,-3,
2,-80,
-25,-50,
-65,19,
-36,8,
-26,10,
34,-26,
26,19,
3,-18,
18,-26,
-2,-42,
-8,14,
18,-21,
-27,5,
1,-24,
13,-16,
24,27,
16,56,
64,-32,
0,27,
-7,-38,
-98,-26,
28,-22,
34,27,
14,16,
-15,59,
38,20,
81,-16,
51,-39,
79,-42,
122,19,
-3,18,
-6,-91,
-8,-46,
-16,33,
28,13,
76,-95,
72,-57,
14,-20,
17,-13,
41,68,
6,-30,
-3,-50,
93,-39,
-21,53,
-84,-4,
-27,28,
45,-9,
45,-54,
49,22,
3,68,
-2,17,
48,-19,
9,-2,
-13,-55,
19,-47,
82,-29,
38,19,
6,60,
-25,68,
-66,8,
-15,-1,
5,-8,
55,-39,
83,5,
25,28,
30,87,
-26,9,
4,-25,
29,-26,
-10,-9,
-62,-9,
-51,-30,
-5,-33,
46,-33,
120,-11,
114,-44,
57,19,
105,-19,
55,1,
14,25,
20,26,
25,11,
76,29,
71,32,
25,83,
-6,11,
21,27,
31,-13,
63,22,
8,-45,
-8,-16,
59,39,
24,41,
59,7,
5,5,
7,-16,
-21,85,
32,19,
59,78,
8,13,
14,35,
19,53,
7,44,
-41,59,
14,56,
26,34,
96,2,
-4,-41,
14,-20,
-4,29,
20,11,
-33,-1,
-6,-28,
5,44,
-47,95,
0,85,
60,3,
28,-62,
-26,-50,
-29,-14,
68,87,
444,923,
1262,4578,
1612,7780,
914,7921,
-475,3840,
-1239,-1898,
-1283,-2702,
-463,-131,
-367,1535,
-1456,1528,
-2820,557,
-2635,-429,
-1082,-629,
-38,-139,
219,145,
294,85,
628,-24,
1078,22,
744,-91,
67,-94,
-292,-328,
-161,-63,
114,121,
278,-153,
221,-346,
258,-349,
200,-56,
321,15,
347,-103,
369,-268,
354,-388,
221,-291,
69,-203,
94,-102,
73,-17,
1,26,
-3,-63,
-42,-213,
56,-488,
48,-462,
5,-461,
-131,-309,
-231,-285,
-56,-230,
118,-171,
114,-125,
108,-195,
39,-207,
104,-103,
201,-11,
234,9,
130,22,
-32,83,
-113,17,
-102,-156,
-82,-216,
-43,-230,
-114,-97,
-142,26,
-161,60,
-192,2,
-35,-129,
52,-212,
239,-212,
201,-233,
195,-157,
105,-30,
13,-16,
36,-16,
155,-37,
223,-50,
117,-20,
28,-21,
-106,-85,
-104,-236,
-121,-245,
-157,-252,
-134,-234,
-112,-257,
-54,-146,
29,-66,
27,-5,
3,-3,
-56,-3,
29,-104,
12,-83,
-22,-75,
-47,31,
-31,51,
-94,39,
-5,80,
58,69,
45,34,
-57,-34,
-83,-38,
-27,-41,
-37,-57,
-40,-108,
10,-7,
23,-42,
56,-59,
48,-34,
33,28,
29,27,
-62,28,
-31,-57,
40,-32,
58,-14,
19,-1,
53,-46,
45,-18,
82,-47,
83,-78,
86,-42,
83,33,
92,77,
58,-20,
54,-68,
95,-89,
35,-8,
55,4,
3,5,
0,34,
-30,-3,
28,26,
61,-62,
-21,-110,
15,-83,
-2,-78,
51,-32,
-2,-37,
49,19,
-15,1,
75,63,
40,7,
4,-75,
27,7,
-5,24,
-68,22,
-47,-36,
-32,3,
-28,-60,
-33,13,
-53,-11,
-45,-105,
-68,-128,
77,1,
100,3,
87,28,
44,33,
-34,50,
-10,-77,
8,-27,
25,-51,
-31,-55,
-61,-75,
-49,-55,
14,7,
21,-61,
-24,-89,
00>
_________________________________
00>
_________________________________
Sequence Number: 199
00>
00>
Printing STS0 CIR
00>
00>
_________________________________
00>
-1,40,
-14,44,
-2,36,
6,35,
30,90,
-57,71,
-67,40,
-69,24,
-12,-7,
38,44,
92,126,
55,4,
42,24,
15,-24,
142,40,
22,31,
-1,10,
-62,-2,
-41,52,
23,56,
4,-11,
-61,-3,
-35,40,
33,35,
35,20,
45,36,
-36,50,
-23,-2,
-25,25,
5,13,
-38,-2,
-45,-96,
13,-14,
17,5,
-17,10,
2,-2,
-77,33,
7,73,
-19,-5,
11,-20,
-54,-44,
-50,51,
11,29,
-70,25,
-6,41,
34,1,
-47,-84,
-41,-64,
-37,28,
43,56,
38,-38,
31,-9,
0,-12,
-27,29,
-8,45,
10,-11,
16,-49,
-7,29,
-31,81,
-22,-12,
-8,66,
-64,-48,
-59,13,
25,-34,
2,41,
-21,0,
-65,70,
23,-34,
-3,-13,
-39,3,
-133,39,
-52,16,
-4,67,
-25,25,
-6,-55,
-60,-14,
6,3,
-27,48,
26,7,
40,-43,
55,-25,
16,9,
-46,-32,
-8,41,
68,1,
57,-10,
86,-68,
35,-74,
-38,14,
11,79,
53,50,
7,2,
-44,-57,
-22,-109,
-6,-21,
-14,-8,
-26,38,
-38,17,
26,-52,
50,-51,
-20,-36,
-93,-7,
-47,7,
23,-7,
-3,-2,
-39,-23,
-85,1,
-13,-21,
38,23,
24,52,
-10,-50,
-42,-5,
-51,-32,
-1,-39,
10,-36,
13,-1,
-15,-49,
-38,-10,
-44,8,
-15,51,
66,25,
16,39,
-44,-11,
-79,-13,
-92,-10,
-40,-41,
-5,18,
-3,38,
29,44,
7,76,
61,-23,
41,-63,
11,-135,
-62,-39,
-53,75,
-29,97,
54,18,
12,-5,
12,-34,
57,-23,
48,6,
54,-26,
11,-53,
-13,-32,
9,-51,
54,23,
54,34,
-35,8,
15,25,
69,16,
5,-1,
-106,-69,
-70,-30,
-74,17,
-27,36,
-38,-10,
-2,52,
11,65,
-23,27,
-38,-20,
-40,-39,
3,-16,
35,-2,
76,108,
-45,35,
-13,7,
7,-6,
7,-65,
-13,-49,
-8,67,
40,109,
-27,-7,
64,-20,
12,22,
24,-4,
40,-10,
-8,85,
-92,13,
-33,-15,
-23,-33,
53,6,
31,34,
35,-16,
-5,29,
-4,38,
-6,17,
-12,-2,
-26,18,
30,22,
-26,23,
28,5,
1,17,
2,32,
34,7,
55,31,
-3,33,
-16,42,
43,21,
-21,21,
-4,-32,
51,-19,
27,-73,
89,-21,
-20,37,
-50,24,
0,83,
52,131,
73,24,
70,-21,
13,26,
-39,55,
-74,33,
-117,76,
-53,57,
4,47,
17,45,
80,-27,
32,-20,
-62,91,
-40,26,
-7,-20,
17,-55,
64,-36,
55,-39,
26,39,
-39,62,
-44,156,
-34,106,
51,85,
8,75,
-5,-64,
0,-18,
5,78,
-17,0,
19,40,
33,-11,
-61,-16,
-135,27,
-83,70,
-13,99,
-3,76,
-80,88,
-70,29,
-49,-24,
41,10,
2,14,
-37,-8,
-37,21,
-49,21,
-34,42,
-14,10,
-48,-5,
-17,-15,
-28,27,
-18,4,
-2,51,
-22,73,
-32,64,
-44,23,
15,18,
26,-88,
16,-27,
-37,-18,
12,52,
8,69,
-30,-5,
46,40,
29,25,
39,41,
-48,46,
-70,39,
-59,30,
51,30,
61,20,
-52,54,
-21,67,
7,25,
-12,-15,
-55,-48,
-70,-17,
-37,11,
-55,14,
-35,-19,
22,-16,
96,-4,
80,58,
-17,32,
-117,-42,
-53,11,
-19,26,
-24,58,
-34,38,
8,41,
-37,51,
2,39,
-58,33,
-9,-2,
-33,19,
-38,16,
30,56,
8,59,
79,75,
69,77,
87,45,
-2,32,
4,-39,
-4,33,
46,21,
46,-2,
-24,-18,
-59,-22,
17,-17,
65,-46,
-5,24,
-78,11,
-22,58,
8,51,
8,20,
-55,-2,
31,-17,
-9,-37,
10,-60,
48,-12,
68,-3,
40,-40,
-24,11,
-18,70,
-18,73,
-42,47,
-118,-16,
-30,-56,
-16,9,
3,41,
-43,102,
12,39,
43,48,
-67,13,
-45,9,
-25,-1,
23,5,
19,-8,
2,19,
-26,49,
0,55,
-2,-4,
-59,-26,
17,33,
9,5,
21,-24,
-11,-2,
-13,38,
-72,39,
6,36,
-27,23,
-15,-15,
-17,14,
-227,7,
-1389,98,
-4279,177,
-6676,-168,
-5955,-1161,
-2047,-1779,
860,-1195,
1039,-185,
-168,702,
-1308,1024,
-1861,764,
-1761,64,
-1063,-427,
-264,-320,
211,6,
303,79,
425,27,
759,49,
719,46,
227,50,
-23,121,
-13,215,
127,267,
181,232,
227,86,
228,-52,
115,-111,
-15,-77,
103,47,
190,86,
145,-51,
90,-115,
65,-70,
79,-18,
65,11,
-19,-42,
53,85,
65,-10,
137,-122,
241,-156,
239,-76,
124,-8,
36,100,
53,42,
97,29,
155,53,
100,32,
63,-68,
81,-77,
17,-24,
-25,77,
-16,126,
-35,-10,
-9,9,
-5,72,
75,114,
-67,109,
-20,74,
-17,-42,
-20,-72,
22,-100,
-10,9,
70,-38,
157,10,
168,102,
106,146,
75,63,
112,75,
153,125,
233,54,
161,-41,
57,-45,
-5,-33,
64,-10,
87,112,
-27,138,
-29,41,
-58,-74,
-84,-94,
-17,-30,
14,3,
199,52,
157,13,
37,-97,
44,-43,
-14,56,
43,29,
11,-8,
2,16,
-46,86,
48,28,
62,-37,
34,-38,
10,-39,
-33,-6,
-20,53,
-12,23,
-30,111,
33,25,
-39,-3,
70,76,
82,23,
46,21,
-29,-11,
-50,-70,
-12,10,
15,99,
47,19,
-1,-18,
17,26,
7,40,
30,36,
16,39,
-13,-24,
-41,-9,
77,-17,
94,50,
82,1,
-24,-54,
-8,-25,
31,44,
34,-49,
46,-64,
42,-31,
39,2,
12,2,
32,2,
52,-45,
91,-59,
69,53,
69,-29,
-10,63,
79,41,
81,25,
91,54,
-14,68,
54,85,
73,39,
79,38,
56,57,
24,-22,
99,21,
78,40,
107,30,
60,69,
63,-29,
-17,41,
-10,67,
29,81,
12,-40,
4,-51,
22,2,
6,20,
93,35,
55,-57,
40,15,
00>
_________________________________
00>
00>
Printing STS1 CIR
00>
00>
_________________________________
00>
-20,-36,
45,-37,
59,15,
2,-47,
26,10,
9,20,
25,31,
69,39,
90,72,
77,-4,
72,-4,
61,-13,
13,15,
15,64,
50,64,
54,53,
47,12,
-22,-14,
-24,-33,
-9,-36,
56,19,
7,58,
-13,67,
-38,65,
-7,-5,
11,10,
62,40,
18,51,
10,-45,
50,-10,
52,43,
47,55,
42,-33,
11,28,
33,-4,
-12,5,
-24,-12,
48,31,
79,84,
32,60,
12,0,
3,-21,
-41,-35,
-26,26,
3,-15,
40,-34,
-33,-52,
-25,12,
-47,-74,
-7,-55,
-19,38,
-27,36,
-25,-3,
-46,-66,
-14,-37,
6,14,
-19,-42,
-17,-64,
-25,-57,
46,-38,
83,-73,
35,4,
-19,-29,
-65,-52,
-5,-16,
-47,-37,
-7,-75,
47,-10,
76,-30,
65,-82,
83,-74,
46,5,
1,55,
-53,75,
-19,37,
38,-20,
18,-10,
-31,3,
-95,-32,
-18,-19,
-21,51,
9,41,
-56,-34,
-44,7,
-10,-1,
21,-3,
3,-7,
9,0,
14,16,
39,9,
92,48,
103,-5,
32,3,
-2,11,
-27,15,
60,-26,
76,40,
89,5,
61,-51,
5,-27,
-19,23,
-84,3,
-54,-21,
-22,0,
-23,27,
-25,-11,
48,-12,
28,57,
-11,37,
13,30,
35,61,
91,-15,
38,-51,
-5,-41,
-66,37,
-80,24,
41,72,
-8,14,
-3,61,
1,31,
53,39,
93,28,
109,14,
71,-52,
27,-65,
3,-39,
-21,19,
14,12,
27,41,
-2,69,
-21,60,
35,-56,
33,-53,
-28,14,
-54,39,
-26,31,
26,-25,
-7,-6,
48,45,
60,36,
90,32,
49,-10,
13,-25,
-25,14,
-7,51,
-42,64,
9,87,
24,37,
-17,52,
-15,57,
-3,11,
-22,-31,
35,34,
-52,-21,
-66,-15,
3,-21,
14,8,
65,21,
63,48,
58,-2,
7,-45,
44,-17,
22,41,
29,42,
46,39,
73,7,
34,13,
-4,49,
-16,47,
-10,51,
0,42,
18,38,
-11,47,
-20,14,
50,-29,
60,5,
34,20,
-6,16,
24,19,
7,12,
-1,95,
5,36,
-28,15,
51,46,
56,113,
3,13,
-70,9,
6,60,
49,33,
28,-19,
59,-88,
-37,-63,
41,-15,
8,24,
8,40,
17,21,
20,-13,
-6,-20,
14,6,
-9,-18,
35,-5,
-19,54,
20,0,
-14,-15,
47,-18,
-8,15,
-46,29,
-28,-8,
38,10,
-8,22,
20,-80,
24,-33,
-7,14,
-45,83,
-1,44,
24,-44,
14,-48,
16,52,
30,51,
51,36,
91,34,
68,-26,
26,-3,
57,5,
48,33,
7,16,
-22,78,
-13,74,
36,73,
57,-2,
15,-61,
-38,-51,
-85,-13,
-30,-14,
-24,0,
-14,23,
84,-40,
63,-34,
23,85,
10,53,
33,29,
84,-3,
17,-11,
61,-4,
22,-28,
-18,19,
26,-45,
23,-45,
14,-37,
11,2,
45,50,
22,6,
-23,-7,
-6,9,
34,-33,
3,-31,
-50,50,
-32,-2,
50,-14,
52,-46,
25,-34,
20,-50,
60,25,
34,68,
-51,-4,
-61,-57,
9,-23,
52,-16,
10,47,
-12,27,
-26,21,
69,41,
36,12,
19,-61,
3,-19,
23,-6,
13,9,
-9,22,
10,18,
0,-47,
62,-38,
28,-52,
45,20,
12,35,
-30,53,
42,31,
-6,54,
-83,84,
-39,11,
-16,32,
11,7,
-37,30,
-17,19,
24,69,
1,64,
18,12,
81,-29,
46,11,
140,6,
83,20,
19,19,
20,81,
-17,61,
-9,92,
49,65,
53,74,
30,115,
-32,22,
5,-30,
52,-66,
77,-35,
11,6,
38,-23,
85,-63,
59,3,
45,-27,
-9,-14,
100,-35,
79,-9,
-12,75,
-82,62,
39,-53,
20,-5,
2,-46,
-36,9,
-29,24,
-3,3,
24,8,
-19,18,
13,10,
32,40,
78,11,
-20,-13,
-56,-32,
12,-12,
60,21,
48,-35,
14,-62,
44,-60,
96,-34,
33,10,
19,109,
58,59,
112,36,
40,77,
-32,21,
-34,-3,
-28,0,
5,19,
45,35,
32,89,
0,8,
-11,-16,
44,-51,
37,19,
50,58,
-240,233,
-1418,1167,
-4145,3010,
-6037,3750,
-5423,2752,
-1846,235,
861,-1024,
1045,-410,
337,208,
421,-156,
1245,-837,
1500,-919,
1033,-251,
367,230,
-40,186,
-190,-221,
-198,-496,
-169,-463,
-135,-141,
34,177,
-13,404,
-96,405,
-61,322,
123,191,
354,11,
355,-198,
235,-285,
50,-138,
-62,5,
-147,66,
-39,30,
146,-49,
244,-128,
181,-70,
112,64,
22,52,
63,-17,
130,-71,
205,39,
234,89,
165,98,
51,-29,
-22,-64,
61,-80,
147,-79,
171,-64,
47,-29,
-36,6,
-99,57,
-27,114,
59,161,
84,109,
116,54,
113,29,
50,38,
76,72,
29,55,
39,-8,
-64,36,
36,-99,
9,-101,
89,-123,
114,-76,
108,-15,
62,62,
-25,62,
20,91,
70,81,
118,69,
145,-9,
177,-6,
62,-44,
1,-75,
-9,-45,
53,6,
47,21,
0,-74,
-63,-166,
-49,-165,
68,-139,
114,-80,
53,46,
-18,65,
15,18,
-7,-2,
-12,-14,
54,-20,
48,-8,
71,-25,
67,-30,
49,-15,
93,-33,
56,-16,
74,-24,
76,-1,
43,27,
-22,-9,
69,-29,
93,-34,
87,80,
49,46,
-35,-102,
11,-92,
64,-105,
20,-74,
-20,-24,
28,-36,
31,-18,
54,-56,
58,-67,
-25,-14,
23,-48,
61,-65,
66,-102,
89,-73,
93,-50,
57,-52,
86,-53,
34,-12,
76,-42,
78,-50,
23,-76,
44,-51,
150,-69,
161,-19,
80,27,
5,-42,
1,-35,
10,-46,
76,38,
46,25,
30,-9,
67,19,
99,18,
74,37,
91,11,
43,6,
44,72,
123,37,
74,50,
59,56,
43,27,
104,-16,
102,-14,
51,-35,
56,-96,
83,-19,
81,22,
65,-21,
51,-21,
65,35,
19,-10,
59,-91,
73,-48,
48,4,
83,14,
00>
_________________________________
00>
RX Timestamp: 697751821381
00>
Clock Offset: 1361.275 Hz, -0.170 ppm
00>
RX Timestamp: 698825684324
00>
Clock Offset: 1974.964 Hz, -0.247 ppm
00>
_________________________________
Sequence Number: 76
00>
00>
Printing STS0 CIR
00>
00>
_________________________________
00>
-39,4,
-38,-8,
37,-21,
41,23,
-13,-47,
51,-14,
45,-12,
-19,20,
-8,24,
-11,66,
20,60,
62,-17,
-11,-47,
13,20,
16,-36,
-24,58,
13,75,
52,78,
-1,36,
65,48,
-7,-45,
2,-6,
58,4,
71,54,
-19,13,
50,10,
46,18,
25,28,
-15,-4,
-7,-49,
-57,-62,
-9,-90,
75,-14,
-17,7,
-5,18,
-22,65,
47,48,
83,-6,
23,-16,
-5,-11,
76,6,
103,29,
115,31,
27,67,
43,10,
9,20,
-5,-49,
10,-16,
93,38,
31,26,
19,36,
-7,-55,
96,-43,
57,10,
48,5,
-10,3,
57,-24,
-4,-70,
-50,-32,
-11,44,
49,-20,
-26,-33,
-7,-12,
7,21,
14,37,
31,14,
7,-4,
9,25,
27,-3,
47,18,
87,-7,
23,0,
79,74,
18,9,
-12,6,
-1,62,
-14,20,
-17,1,
-17,37,
-5,20,
26,-13,
5,2,
39,29,
35,-15,
-3,-8,
-7,24,
-28,34,
-22,-5,
8,9,
23,48,
29,9,
85,-45,
55,-32,
-35,-16,
56,27,
3,23,
7,-99,
-77,-57,
-89,-29,
84,12,
161,-17,
136,-54,
41,-57,
12,-56,
20,12,
74,42,
71,42,
-26,45,
-74,-29,
-92,-44,
-19,18,
-22,33,
-14,23,
-24,-58,
21,9,
63,-3,
13,42,
13,-74,
18,-49,
77,44,
9,75,
37,34,
39,11,
64,-24,
72,51,
-4,34,
33,22,
15,-7,
28,63,
34,16,
93,59,
26,51,
80,39,
-15,-8,
16,-15,
-3,4,
-20,8,
-17,42,
45,-3,
-14,62,
12,70,
-33,76,
-22,20,
-25,-13,
42,-15,
27,4,
-31,16,
-26,-16,
-40,-9,
54,48,
66,37,
71,19,
7,49,
27,43,
11,-19,
18,-25,
21,44,
10,27,
-52,-15,
-34,43,
36,40,
-23,7,
-1,-60,
92,7,
55,-15,
-47,-1,
-9,24,
56,40,
54,-35,
24,-20,
85,-16,
13,-40,
46,-9,
91,26,
-1,72,
46,11,
-23,47,
-48,25,
57,30,
77,-30,
-35,-12,
0,44,
-46,6,
16,40,
47,50,
-38,-24,
-43,-74,
1,-62,
-36,0,
22,64,
-29,27,
-48,7,
24,-27,
-93,-23,
-79,2,
-47,39,
-64,-30,
42,-8,
69,-49,
71,-29,
10,40,
-8,52,
6,69,
42,22,
65,35,
119,14,
-3,-23,
20,41,
14,-1,
-50,-61,
-55,2,
-13,-53,
83,-17,
78,-40,
17,21,
-16,54,
-40,-5,
-18,20,
-33,-3,
41,-14,
22,-57,
-6,-25,
45,-2,
43,10,
-15,8,
-38,-1,
-46,-5,
7,-17,
60,60,
-2,66,
-23,-81,
25,-57,
26,4,
64,89,
-13,25,
-35,50,
-35,45,
64,-9,
56,-8,
38,59,
-19,79,
10,10,
24,15,
33,4,
5,-3,
-21,-16,
-39,20,
-44,16,
23,-23,
23,-56,
83,5,
91,72,
80,42,
78,-14,
29,-59,
21,-45,
17,-15,
-7,21,
7,54,
-8,25,
-13,70,
14,96,
18,-4,
15,-55,
0,18,
2,62,
29,53,
-31,51,
6,51,
49,25,
18,54,
-48,7,
-70,28,
8,56,
69,4,
45,44,
1,57,
23,70,
38,4,
35,-8,
-60,13,
-30,59,
-7,46,
-71,-14,
-16,28,
81,82,
-10,72,
53,45,
73,-8,
44,9,
6,3,
15,2,
-55,-50,
62,23,
80,35,
91,0,
69,6,
30,30,
-29,63,
55,-78,
78,-29,
24,35,
-14,65,
27,29,
-3,-25,
29,9,
19,43,
-44,-35,
-36,-56,
35,9,
-57,-8,
2,-2,
-29,-29,
54,-21,
9,-10,
20,62,
-33,-6,
52,34,
61,19,
8,-23,
14,16,
-17,30,
29,-48,
-40,-66,
23,-33,
-26,43,
39,50,
84,2,
75,23,
-24,78,
-64,61,
-17,-19,
-52,-23,
-25,47,
-9,16,
-7,-2,
10,-28,
-17,5,
-61,-1,
-82,-32,
-55,-19,
24,22,
61,9,
87,37,
26,83,
38,44,
-40,22,
-49,48,
-36,32,
21,55,
-34,20,
-116,-412,
17,-2601,
1220,-6789,
2485,-7506,
3355,-5020,
1815,786,
395,2796,
-512,1562,
-1643,883,
-4009,1270,
-5857,306,
-4906,-1845,
-1863,-2309,
271,-815,
542,274,
190,228,
215,-220,
641,-393,
639,-62,
246,124,
-78,159,
-108,-68,
-106,-229,
-125,-37,
-161,173,
-209,325,
-155,76,
-137,-97,
-104,-402,
-33,-415,
56,-382,
65,-168,
75,104,
109,189,
123,94,
142,73,
176,-8,
270,65,
194,76,
-16,-99,
-174,-260,
-193,-183,
-109,59,
-67,247,
-185,163,
-239,-1,
-77,-15,
82,2,
105,-19,
19,-53,
-136,10,
-145,20,
-87,57,
-66,93,
-12,155,
-27,193,
52,312,
-32,387,
-208,207,
-242,121,
-103,71,
6,178,
39,121,
-8,92,
-66,91,
27,188,
218,176,
222,148,
28,243,
-29,235,
27,281,
84,148,
89,-14,
153,-118,
201,-68,
279,8,
411,100,
362,227,
314,334,
206,239,
37,171,
-21,85,
-17,0,
-7,49,
-50,95,
-21,5,
116,-12,
177,20,
29,40,
6,-10,
32,-44,
103,60,
55,131,
130,124,
127,96,
4,72,
-5,65,
18,83,
29,70,
-42,30,
-134,84,
-116,69,
-30,56,
58,64,
65,88,
63,31,
83,-19,
88,45,
109,130,
-2,72,
40,94,
-5,88,
-13,134,
0,128,
24,73,
110,127,
6,170,
32,149,
-6,133,
48,124,
68,85,
38,99,
-56,77,
-105,94,
-43,59,
-45,87,
63,90,
118,77,
58,72,
-2,66,
7,46,
66,68,
-24,71,
-4,43,
24,108,
21,52,
53,53,
72,41,
71,89,
28,58,
-12,61,
29,68,
52,62,
20,77,
65,82,
60,80,
-70,93,
-118,6,
-92,-34,
32,-49,
65,-4,
93,106,
15,62,
7,46,
-29,74,
-22,49,
64,47,
94,58,
146,64,
-3,77,
-37,85,
00>
_________________________________
00>
00>
Printing STS1 CIR
00>
00>
_________________________________
00>
24,103,
-12,45,
-7,5,
88,17,
77,15,
124,1,
-33,20,
-84,-35,
-47,58,
-8,46,
25,-3,
-14,-8,
-49,0,
-45,-1,
-27,-32,
54,12,
106,32,
4,32,
48,47,
16,-27,
-7,1,
-42,16,
-11,-29,
-3,-4,
-12,14,
-42,-16,
-68,-27,
60,-23,
9,12,
35,20,
-34,-2,
37,6,
40,23,
-7,18,
0,13,
-39,-1,
-9,54,
31,-3,
45,27,
1,-31,
43,-37,
-60,-24,
-57,-26,
-47,22,
-34,23,
-46,3,
19,44,
6,-7,
-27,2,
-49,33,
-64,7,
18,-13,
10,-32,
-23,-8,
-16,-31,
-3,27,
-37,36,
-77,62,
-14,13,
27,-86,
-12,-27,
-49,-8,
26,9,
42,19,
24,3,
51,-2,
51,-36,
35,-26,
5,53,
-19,32,
12,34,
10,46,
-37,47,
29,-40,
-18,-37,
49,-31,
44,-9,
2,35,
6,26,
12,3,
-19,-23,
6,-37,
66,-8,
49,76,
10,101,
-68,24,
-15,56,
40,62,
15,43,
29,15,
17,68,
20,74,
13,-21,
-37,-6,
18,-19,
22,39,
54,76,
57,7,
97,-25,
6,-2,
-64,-32,
-6,-39,
-3,-15,
-19,-1,
-5,41,
17,-27,
31,-1,
84,-9,
81,-16,
19,11,
-4,-3,
-5,3,
0,75,
-14,45,
-48,26,
-35,20,
58,10,
-46,31,
-14,80,
6,91,
38,21,
49,45,
-47,-24,
-6,1,
15,28,
9,-31,
52,13,
15,-19,
49,4,
47,-55,
1,-1,
52,4,
10,7,
6,43,
27,28,
34,-79,
45,-77,
-42,29,
-58,28,
54,24,
89,33,
27,-33,
6,-14,
51,-64,
64,-2,
115,-57,
68,-12,
6,3,
-80,61,
-62,119,
-6,21,
36,15,
48,45,
73,17,
20,-14,
67,4,
12,92,
1,79,
-14,43,
23,26,
-52,29,
-62,47,
-64,26,
7,33,
71,52,
69,-7,
6,53,
47,51,
27,-19,
30,8,
39,-36,
-17,38,
-31,51,
18,15,
44,-65,
62,22,
12,50,
-6,79,
-30,-2,
6,-12,
51,-50,
-24,20,
10,80,
-29,66,
-7,21,
-75,-18,
-78,-45,
-25,-70,
25,-15,
56,44,
75,43,
46,16,
12,-44,
-25,8,
25,-14,
53,-51,
34,51,
-1,86,
19,65,
44,26,
44,71,
66,68,
-11,54,
-20,2,
-24,77,
11,57,
57,11,
6,58,
30,63,
36,25,
66,-40,
-28,-33,
-18,-12,
-23,53,
-4,58,
68,-14,
82,-24,
16,-3,
-36,68,
-48,25,
-30,31,
-11,52,
-13,36,
13,84,
-13,46,
33,47,
28,15,
-17,-31,
-37,-59,
-21,-22,
-55,-4,
-31,25,
34,22,
1,-1,
-46,-23,
38,-30,
45,-85,
62,-23,
33,16,
67,10,
107,-12,
-64,-23,
-27,-1,
8,114,
82,13,
24,43,
34,-7,
45,57,
24,8,
84,48,
93,12,
21,-15,
7,47,
7,81,
-5,-13,
56,-13,
40,45,
45,-25,
58,-30,
-9,-24,
65,5,
5,84,
-31,57,
-12,41,
-16,32,
8,53,
48,59,
-1,-18,
3,30,
53,87,
91,44,
28,61,
15,31,
6,4,
52,25,
29,40,
-1,48,
-96,12,
-11,23,
-21,-57,
-10,-38,
6,-15,
40,-13,
-5,45,
28,50,
-18,95,
-9,60,
33,68,
68,-14,
35,9,
-33,47,
50,-35,
47,-33,
87,29,
19,42,
28,7,
87,7,
87,-16,
69,36,
-12,27,
18,-16,
31,59,
27,62,
-4,-16,
-29,-28,
61,3,
3,53,
-27,36,
10,-33,
19,19,
-35,-19,
30,-26,
4,8,
29,-28,
-50,42,
25,4,
53,13,
68,62,
51,59,
-16,93,
-29,47,
-34,11,
6,0,
-19,62,
-10,34,
58,25,
67,40,
17,-4,
15,-41,
-53,-30,
-21,-16,
-46,-44,
-11,14,
-5,42,
5,-13,
-18,12,
-16,56,
-145,67,
-128,79,
-59,29,
78,39,
51,67,
-12,-55,
-50,-1,
0,39,
-47,36,
-73,-13,
-44,35,
-37,-7,
12,-28,
15,-18,
-355,-460,
-1572,-3093,
-2945,-6894,
-2709,-7726,
-1023,-5335,
1046,510,
1860,2583,
753,655,
64,-1261,
870,-1814,
2478,-1536,
2840,-459,
1569,297,
278,318,
-268,2,
-301,-51,
-548,146,
-971,159,
-686,260,
-176,177,
289,365,
234,89,
-54,-114,
-150,49,
-163,361,
-84,386,
-153,239,
-188,84,
-236,96,
-254,359,
-244,442,
-178,318,
-86,260,
-140,189,
-98,87,
-68,23,
32,3,
74,90,
88,361,
21,459,
2,479,
175,317,
242,148,
198,172,
-4,143,
-35,126,
31,192,
23,186,
-40,150,
-129,116,
-59,8,
22,-8,
49,-57,
81,-32,
83,89,
99,214,
185,171,
161,178,
51,53,
72,-14,
133,35,
122,171,
-7,280,
-150,264,
-205,308,
-160,239,
-97,124,
-7,59,
-36,73,
-145,177,
-159,244,
-118,128,
12,43,
75,76,
189,173,
200,221,
229,283,
168,223,
122,216,
96,181,
22,143,
86,40,
75,38,
41,49,
5,148,
15,116,
73,53,
41,-31,
-8,11,
-14,42,
10,-34,
30,16,
67,123,
28,153,
11,89,
8,49,
-1,63,
118,47,
160,53,
81,11,
-50,44,
-112,62,
-29,93,
23,6,
123,-32,
89,-30,
24,135,
-33,165,
-42,-6,
-32,11,
-48,56,
-50,97,
4,96,
-48,91,
-110,71,
-81,72,
-44,61,
2,-25,
7,17,
-5,115,
-42,72,
-14,84,
-80,58,
-59,41,
-34,6,
-14,34,
18,51,
30,93,
91,104,
29,52,
-23,12,
-42,25,
-73,156,
-24,92,
8,47,
-12,24,
-3,62,
43,66,
32,26,
-42,15,
-22,14,
15,31,
-14,34,
14,36,
20,84,
59,139,
-4,110,
-84,64,
-51,90,
-25,59,
35,100,
62,52,
82,61,
-32,120,
-25,166,
32,84,
-16,1,
-19,15,
16,53,
13,28,
-25,41,
00>
_________________________________
00>
_________________________________
Sequence Number: 79
00>
00>
Printing STS0 CIR
00>
00>
_________________________________
00>
-8,3,
18,-46,
23,-57,
23,48,
-16,41,
-23,54,
-13,-24,
-58,-49,
-68,-48,
-40,-7,
22,-4,
17,19,
-1,-11,
-5,5,
28,38,
43,32,
-2,-3,
-14,-9,
15,25,
8,-15,
23,-4,
6,-59,
-14,-33,
-60,-16,
13,74,
98,40,
32,21,
-98,-15,
-31,-4,
-9,-12,
-23,41,
-31,26,
32,-7,
-24,-4,
-19,11,
-38,67,
22,45,
23,79,
-41,-25,
-13,32,
-1,44,
54,34,
3,54,
50,-36,
43,-62,
-72,-20,
-41,-6,
-11,82,
27,7,
29,19,
0,39,
-27,63,
-8,67,
48,28,
15,42,
-6,-27,
-4,-54,
17,-54,
-8,7,
-12,-30,
-66,18,
15,101,
36,99,
25,48,
-61,-26,
-16,46,
15,64,
24,52,
7,-2,
-11,-39,
-10,-39,
-2,-16,
40,18,
57,112,
-49,60,
-21,58,
-45,-24,
-9,-25,
-15,-1,
-3,-33,
-47,58,
-32,26,
41,-38,
31,16,
-1,18,
20,-24,
33,-6,
-18,6,
0,82,
14,10,
43,-41,
-7,-18,
-40,-18,
-4,-14,
35,-11,
50,-23,
-22,-45,
-39,-1,
33,63,
-15,-19,
-5,-1,
-21,57,
-40,51,
3,60,
-81,-23,
-42,-58,
-24,56,
-30,-26,
49,-8,
-28,68,
-64,144,
-6,5,
-20,36,
14,-12,
-50,3,
-17,19,
-67,-1,
25,-40,
14,6,
-10,42,
-79,87,
-7,3,
28,21,
-23,7,
4,26,
21,1,
-34,88,
-38,-17,
46,-16,
103,17,
10,35,
-97,-72,
-18,-54,
67,43,
40,9,
-15,-4,
-4,-11,
-88,58,
-68,17,
-29,18,
45,35,
-26,-3,
-45,-23,
-40,3,
-39,-2,
-51,21,
46,14,
71,-2,
-9,-22,
-25,-16,
-12,48,
21,69,
-19,9,
-12,-5,
-6,-2,
57,32,
45,-11,
-63,22,
-54,5,
49,24,
40,13,
36,5,
20,19,
-24,12,
-1,46,
-71,-51,
-15,-9,
78,11,
37,-23,
-16,-10,
-43,3,
21,-12,
50,-27,
77,-59,
-4,-21,
-36,26,
-28,1,
16,25,
2,-1,
-26,21,
-22,23,
-39,7,
-50,36,
16,27,
-23,6,
-45,0,
-50,-30,
-5,-29,
-9,8,
-98,53,
-106,5,
-41,-55,
18,-1,
48,0,
-9,17,
25,19,
4,26,
3,-44,
-16,-63,
35,13,
48,-39,
84,43,
-7,37,
-55,49,
-87,6,
-69,13,
-20,2,
-38,-23,
15,-60,
-47,34,
-56,32,
-90,-25,
-48,-40,
48,-9,
16,4,
1,13,
-48,-25,
3,2,
22,25,
28,-30,
-28,-35,
-66,14,
-27,78,
-7,51,
-21,72,
-44,20,
-1,-2,
36,20,
53,1,
19,28,
62,83,
16,44,
13,5,
0,-40,
1,33,
57,8,
5,15,
58,0,
59,49,
57,-28,
-4,13,
-58,-39,
16,15,
27,1,
24,-24,
56,87,
43,55,
29,20,
28,-5,
-37,-63,
-24,-14,
-23,0,
5,18,
41,-9,
29,-14,
44,-39,
-3,-25,
39,21,
16,28,
23,44,
-45,-1,
-52,-39,
-71,-107,
-72,-95,
17,-31,
33,22,
11,-20,
11,-25,
-2,-18,
-6,7,
32,-20,
-7,-16,
-28,30,
1,-29,
-14,-14,
-30,-19,
2,-21,
44,1,
-66,-13,
-53,-68,
55,-18,
115,-32,
44,-38,
-23,-28,
-51,6,
31,38,
38,49,
-19,26,
-7,-27,
-2,-22,
19,5,
5,67,
39,58,
-21,1,
-50,-50,
-9,-66,
48,-50,
30,-19,
71,91,
-64,91,
-86,-9,
-52,-89,
-71,-51,
6,20,
14,48,
-16,61,
-20,4,
-62,-31,
41,0,
-40,-13,
-79,-99,
-87,-66,
21,-74,
60,-62,
27,-86,
30,-53,
41,-13,
24,-5,
-38,-36,
-32,-54,
7,-4,
-5,0,
-5,-49,
-63,-86,
-22,-85,
56,-49,
9,-34,
-26,-11,
23,-11,
117,23,
20,-42,
-24,-85,
-75,-12,
-47,79,
-4,-12,
76,-47,
3,-77,
13,-5,
-2,24,
-56,90,
13,18,
50,12,
-2,25,
48,61,
8,-20,
-2,2,
15,-4,
0,-9,
24,-35,
27,-12,
10,80,
48,44,
-40,-5,
0,-12,
-19,12,
156,-83,
911,-1202,
3574,-4264,
5893,-5817,
6733,-4871,
5241,-1161,
966,1947,
-817,1453,
-824,-607,
-140,-2309,
965,-2912,
1957,-2155,
1794,-876,
684,28,
-216,185,
-451,243,
-449,427,
-789,718,
-782,711,
-94,99,
88,84,
-97,-109,
-404,-179,
-465,134,
-290,319,
-85,463,
52,298,
83,99,
-122,73,
-310,159,
-237,204,
-14,250,
21,241,
-30,107,
-120,6,
-42,-25,
46,-22,
-20,238,
-65,348,
-130,449,
-117,325,
-96,301,
-49,124,
-109,42,
-127,18,
-138,101,
-73,217,
-115,238,
-44,147,
-104,111,
-154,-20,
-134,-164,
-78,-113,
-22,-66,
-46,17,
-109,-24,
-80,-58,
-71,-74,
85,-47,
68,-27,
65,20,
23,70,
-70,207,
-182,141,
-222,89,
-106,39,
31,43,
-11,21,
-69,-37,
-201,93,
-97,168,
28,140,
-19,123,
-87,91,
-177,-23,
-200,-80,
20,-79,
80,7,
88,143,
79,155,
-40,80,
-179,70,
-185,39,
-26,-30,
-3,16,
-45,23,
-103,20,
-145,15,
-45,40,
-125,44,
-122,4,
-92,27,
26,16,
28,-20,
8,-4,
-46,-38,
-70,9,
-57,88,
-21,94,
-33,-11,
-31,-13,
-10,51,
-52,64,
-68,59,
-93,40,
-57,132,
-75,152,
-65,102,
-28,55,
-53,101,
-75,67,
-101,59,
-54,35,
-100,91,
-147,113,
-44,29,
-14,37,
-77,42,
-95,51,
-56,48,
-42,55,
-35,-23,
-122,79,
-146,94,
-29,51,
-48,-5,
11,47,
-49,24,
-41,50,
-41,100,
-49,141,
10,55,
-33,8,
-136,32,
-80,105,
-46,95,
-72,86,
-53,30,
-137,-29,
-169,-6,
-163,-9,
-81,79,
-73,45,
-38,62,
-19,-18,
-60,23,
-62,89,
5,89,
-3,65,
-65,5,
-20,1,
24,40,
-57,100,
-67,125,
-112,126,
-123,23,
-120,30,
00>
_________________________________
00>
00>
Printing STS1 CIR
00>
00>
_________________________________
00>
9,-12,
87,13,
60,4,
-8,12,
-48,21,
13,-37,
68,49,
122,48,
28,74,
10,28,
7,39,
32,2,
8,-20,
-37,-13,
-20,-25,
42,-71,
64,-29,
-14,-5,
-7,53,
-34,-4,
9,-47,
-36,8,
-40,-19,
39,43,
29,87,
10,43,
3,-17,
41,-12,
-49,32,
-35,89,
-54,9,
-17,-59,
58,27,
76,20,
40,7,
36,-16,
-8,66,
3,82,
25,19,
63,-9,
46,-33,
48,49,
24,12,
44,-3,
1,38,
13,-4,
47,30,
76,-17,
82,-32,
-5,-29,
0,1,
44,-16,
66,33,
82,10,
109,27,
108,41,
30,62,
39,80,
44,51,
51,36,
71,-13,
-29,-20,
-63,-27,
-43,24,
-14,57,
16,64,
-26,30,
-22,-15,
18,32,
60,-27,
46,17,
-12,21,
-18,70,
-38,23,
-29,-28,
-8,-1,
-4,25,
-7,36,
32,25,
60,51,
41,60,
-29,35,
-20,-17,
10,-45,
3,80,
42,20,
32,16,
17,-13,
4,18,
4,15,
33,4,
-11,-17,
6,-36,
-10,-46,
-35,-30,
15,29,
42,76,
-5,70,
43,18,
19,60,
53,31,
82,67,
8,-15,
-21,6,
23,44,
73,132,
35,54,
-9,2,
33,7,
-19,41,
-19,28,
24,-2,
7,87,
-19,21,
51,30,
46,38,
-27,27,
79,16,
27,-8,
23,-10,
45,-30,
6,16,
-21,109,
-9,101,
19,-24,
13,-46,
24,5,
10,-34,
70,-27,
75,-14,
24,-7,
-63,-14,
-50,-83,
-4,-23,
-54,-26,
-54,-17,
-60,-23,
50,-16,
39,-15,
-17,61,
-14,77,
47,32,
79,28,
54,26,
17,19,
-12,-16,
21,-24,
-40,18,
-2,27,
40,-17,
30,-45,
-14,-46,
-3,-20,
70,3,
38,40,
-15,66,
10,53,
65,40,
13,31,
-42,38,
22,70,
33,-9,
-23,-42,
17,-44,
-11,8,
12,5,
-40,-6,
-74,-27,
-63,38,
42,-10,
41,-35,
-2,-25,
-44,-2,
-19,-8,
36,3,
17,0,
-38,47,
-2,16,
25,-14,
23,-23,
-6,14,
40,0,
62,9,
-32,18,
30,76,
45,39,
37,20,
-12,15,
40,9,
0,17,
-45,101,
40,-20,
53,-4,
21,-44,
27,-29,
50,23,
48,59,
51,35,
22,49,
47,58,
48,65,
57,16,
32,-24,
56,34,
54,3,
61,102,
87,39,
4,-5,
-22,-68,
16,14,
45,14,
29,-22,
-52,-44,
-32,-2,
25,18,
78,49,
41,15,
15,-44,
12,2,
37,-20,
0,-7,
47,6,
-4,34,
16,-10,
9,13,
-47,-39,
19,-23,
68,17,
46,-14,
18,61,
-44,30,
-10,-12,
-76,-62,
16,10,
42,-15,
47,9,
2,70,
71,78,
2,57,
44,57,
71,22,
64,18,
40,-22,
16,19,
16,5,
8,19,
51,4,
49,6,
-15,-40,
40,-38,
45,-28,
-4,-26,
-21,84,
2,89,
6,53,
21,-57,
53,-10,
-32,47,
-30,40,
-16,20,
12,-80,
-26,-16,
-78,-2,
-48,14,
27,34,
-7,69,
-7,-6,
16,49,
31,43,
25,17,
16,1,
14,65,
0,65,
39,-20,
17,-30,
-1,-57,
-3,-92,
3,14,
74,29,
40,17,
21,1,
2,-11,
22,66,
56,34,
120,31,
48,-58,
-25,24,
-33,14,
49,46,
31,54,
-31,31,
-18,-34,
-26,-68,
-1,-57,
53,-23,
45,9,
29,-25,
18,14,
49,36,
47,-11,
4,-12,
-30,0,
25,68,
48,-2,
17,4,
0,-45,
26,-6,
3,-35,
8,-26,
20,-69,
25,-29,
11,-36,
24,52,
6,57,
8,14,
-1,45,
21,41,
40,35,
11,-2,
38,-76,
-5,-84,
4,-12,
34,-46,
42,-34,
72,-49,
-13,5,
-12,-19,
2,13,
11,-21,
37,-12,
37,-6,
69,3,
44,29,
69,-21,
19,11,
-18,58,
19,58,
39,41,
105,-9,
44,-26,
-12,12,
6,19,
-67,-18,
-56,-37,
-39,-15,
-6,1,
6,70,
-1,45,
-24,0,
2,-24,
39,7,
93,-9,
43,4,
31,14,
23,-41,
12,-396,
19,-2299,
387,-6985,
806,-8054,
1509,-7982,
1433,-3453,
254,1752,
-477,1819,
-536,246,
-356,550,
-301,2330,
-434,2959,
-594,1598,
-474,254,
-79,-267,
454,-111,
854,169,
960,216,
539,32,
-58,-61,
-383,-176,
-360,-481,
-286,-447,
-280,-46,
-204,331,
-70,602,
53,522,
121,306,
103,-27,
33,-171,
-22,-113,
-45,75,
-55,327,
-59,410,
-37,84,
29,4,
43,8,
-2,193,
-155,299,
-240,207,
-183,111,
-152,63,
44,22,
149,127,
122,191,
102,207,
45,145,
106,-8,
104,-129,
-33,-188,
-202,-54,
-235,-54,
-124,2,
-115,237,
59,81,
77,-76,
34,-77,
34,-13,
116,110,
165,153,
154,123,
135,107,
53,109,
-17,100,
-89,29,
-97,-9,
-80,3,
-44,25,
-77,-26,
-239,165,
-137,346,
28,341,
82,159,
111,56,
32,-67,
116,40,
168,129,
204,156,
141,148,
189,140,
102,112,
8,153,
-20,104,
-11,24,
50,63,
66,77,
30,93,
32,106,
1,75,
-12,81,
24,91,
-14,184,
14,95,
70,139,
82,95,
12,81,
4,38,
-52,57,
-30,23,
-31,41,
-24,61,
-49,107,
1,65,
11,100,
45,7,
72,40,
23,49,
-22,63,
-25,52,
32,57,
28,69,
35,117,
12,103,
40,133,
44,115,
30,30,
72,50,
51,117,
14,109,
5,139,
0,93,
30,77,
44,77,
23,153,
-5,109,
20,68,
90,-41,
35,67,
17,41,
24,83,
-42,-5,
-63,-23,
-59,-12,
-56,79,
-70,23,
-40,51,
-3,71,
2,95,
2,15,
19,32,
-37,17,
-81,62,
-21,59,
24,81,
-12,79,
79,165,
-20,101,
-20,3,
-56,-11,
30,13,
38,16,
97,10,
12,101,
16,68,
53,25,
3,23,
-31,109,
00>
_________________________________
00>
RX Timestamp: 838022749168
00>
Clock Offset: 185.966 Hz, -0.023 ppm
00>
RX Timestamp: 839096320769
00>
Clock Offset: 1733.208 Hz, -0.217 ppm
00>
_________________________________
Sequence Number: 212
00>
00>
Printing STS0 CIR
00>
00>
_________________________________
00>
-17,-59,
-21,-5,
40,39,
9,84,
39,-4,
57,-7,
63,-11,
-41,1,
48,-61,
56,-51,
48,-23,
58,-25,
51,-25,
-29,-48,
-16,7,
82,64,
44,-31,
37,-65,
-2,4,
-45,-7,
29,-33,
-18,-45,
6,1,
33,-57,
47,8,
-80,74,
-13,50,
-34,-9,
-17,-50,
21,-56,
16,49,
6,43,
-3,-5,
29,-17,
-48,-61,
-124,30,
-33,26,
55,10,
-27,-42,
-53,-124,
25,-66,
7,8,
2,-7,
22,-21,
37,-18,
45,-5,
100,50,
18,93,
53,78,
22,45,
27,-34,
29,30,
-22,89,
-16,56,
29,23,
32,-11,
22,33,
13,122,
13,27,
61,5,
-21,-22,
-50,29,
16,-1,
53,15,
-6,-58,
16,-29,
3,-83,
-43,-1,
7,10,
-31,40,
9,78,
49,33,
54,22,
87,2,
93,-62,
17,-40,
51,-2,
1,34,
23,9,
7,34,
-18,11,
23,31,
68,87,
11,-46,
-5,9,
40,-28,
23,-39,
43,-96,
41,44,
45,-15,
96,16,
52,39,
37,-27,
30,100,
43,11,
21,55,
53,67,
48,62,
40,23,
-7,-18,
-14,31,
48,71,
110,77,
112,66,
58,15,
-39,1,
-2,-25,
16,20,
11,39,
45,-46,
29,-29,
-18,3,
-6,-70,
-29,-35,
-20,-83,
-72,-46,
23,99,
69,129,
20,52,
6,14,
15,-6,
-10,27,
-21,-12,
36,-42,
28,-8,
-33,2,
-26,80,
35,36,
-33,73,
10,82,
24,24,
80,-131,
-18,-121,
-23,-33,
5,38,
47,-15,
-43,24,
-5,6,
65,38,
51,14,
4,40,
-13,56,
-19,29,
41,13,
-23,78,
-50,111,
-105,66,
-57,-19,
-27,-12,
13,30,
28,7,
49,13,
-25,12,
24,41,
-1,2,
-22,63,
-19,91,
-11,22,
-14,-53,
16,-54,
-10,18,
33,-5,
72,-15,
86,-3,
23,2,
53,68,
3,19,
84,81,
53,4,
68,64,
-33,60,
-51,5,
21,-26,
-13,12,
88,-50,
90,-51,
6,14,
-4,20,
3,-22,
-53,54,
72,102,
49,41,
18,27,
74,-70,
49,34,
-81,3,
-74,15,
-21,54,
-10,85,
-56,5,
-34,54,
18,107,
22,91,
0,63,
20,57,
-35,-45,
-9,-44,
10,-63,
13,-5,
47,22,
85,130,
27,65,
-38,45,
-11,66,
27,54,
-22,20,
-1,-20,
68,70,
3,103,
-7,49,
-3,-62,
42,-46,
72,10,
62,31,
10,-12,
-50,-51,
-79,0,
-30,-18,
-59,-12,
-40,26,
-24,92,
4,88,
-106,18,
-63,-24,
-38,-80,
-30,41,
-30,86,
-61,67,
-12,-15,
-1,46,
-25,38,
-40,-7,
29,24,
-20,31,
8,-1,
9,-10,
-54,-3,
-50,-43,
-4,27,
71,42,
17,2,
-13,-94,
16,-39,
-20,-5,
-9,-53,
-7,21,
-9,-12,
-19,-80,
-7,-43,
44,52,
-17,119,
-16,17,
-34,-65,
11,-9,
-16,-15,
-57,15,
-94,31,
31,60,
-45,-11,
-4,44,
9,71,
-14,101,
-23,27,
48,26,
-22,13,
-105,0,
-82,-18,
35,-5,
-7,7,
40,9,
-49,-12,
-39,97,
9,29,
67,6,
116,77,
-20,63,
-24,-6,
-52,-66,
59,-17,
34,1,
13,-4,
-28,-9,
-13,25,
6,-13,
25,31,
57,24,
56,51,
8,22,
24,15,
-3,40,
10,37,
-37,-1,
26,-17,
39,12,
-12,30,
-8,38,
25,-20,
49,-13,
-22,-58,
-26,-57,
-13,-17,
-12,16,
-55,29,
45,13,
25,40,
-36,-8,
-85,-84,
-29,-119,
-27,-61,
15,108,
53,23,
100,9,
10,14,
21,32,
-30,-2,
32,-54,
-45,1,
-35,17,
-40,14,
71,-12,
-10,-3,
16,60,
-4,16,
18,32,
-35,28,
31,-11,
50,43,
-48,-16,
1,-76,
-74,-27,
-61,-7,
-118,34,
-131,16,
-6,9,
-4,-18,
29,-7,
39,16,
50,28,
73,4,
31,-37,
6,-25,
-24,19,
87,34,
55,27,
71,55,
53,-3,
34,69,
6,34,
-67,30,
-22,-9,
-783,-86,
-3102,-700,
-5471,-1727,
-5084,-2453,
-1423,-2019,
1861,-681,
1999,96,
870,557,
899,1599,
880,3145,
-529,3653,
-1900,2387,
-1573,547,
-341,-333,
240,-294,
-51,-134,
-285,-200,
-250,-384,
28,-301,
230,-64,
51,142,
-67,29,
-97,41,
58,82,
161,110,
166,57,
21,39,
-119,14,
-321,27,
-415,-26,
-305,-33,
-103,-4,
142,-34,
147,-140,
43,-181,
40,-169,
32,-90,
17,-14,
77,-23,
-58,92,
-192,137,
-142,66,
37,70,
81,69,
36,90,
-82,95,
-123,62,
-14,9,
79,91,
4,82,
-9,116,
14,133,
-3,24,
-6,17,
53,48,
216,94,
282,110,
272,110,
167,164,
105,88,
128,12,
120,26,
79,32,
65,59,
71,101,
176,70,
93,-43,
100,-43,
89,-12,
85,50,
143,-32,
107,-57,
28,-97,
14,-191,
-62,-165,
-38,-127,
155,-172,
262,-221,
242,-160,
121,-52,
-22,-18,
-18,10,
-13,4,
74,-30,
175,0,
30,75,
-65,-9,
3,-56,
67,-5,
15,15,
5,45,
51,-11,
84,-9,
93,-37,
17,-36,
-7,-26,
99,44,
135,51,
50,51,
-52,98,
-56,92,
45,77,
-6,13,
45,3,
22,-32,
-31,0,
20,-48,
5,-67,
108,-10,
112,84,
84,39,
-2,-4,
38,-22,
37,-52,
-16,-29,
105,42,
140,39,
55,22,
-3,15,
0,-63,
13,9,
58,-49,
27,40,
-17,40,
56,-6,
7,-56,
-41,-21,
-36,17,
21,-10,
99,30,
138,-48,
23,11,
33,27,
79,25,
97,-5,
68,25,
9,-5,
19,15,
33,5,
116,49,
66,25,
34,60,
10,11,
35,14,
38,14,
75,-53,
93,10,
29,18,
9,99,
-30,30,
-61,22,
-10,34,
14,38,
-12,88,
3,31,
49,4,
90,11,
30,-38,
-67,-22,
9,44,
90,-12,
52,-40,
00>
_________________________________
00>
00>
Printing STS1 CIR
00>
00>
_________________________________
00>
32,35,
-25,-46,
20,-6,
25,29,
42,16,
31,-79,
-12,-13,
-65,52,
-25,22,
5,-49,
65,-119,
6,-65,
-35,-78,
26,13,
30,-20,
46,-66,
23,-55,
11,-31,
34,-42,
51,7,
-33,20,
13,86,
-22,0,
64,-23,
41,-116,
-12,-26,
31,27,
18,71,
-72,56,
-52,-10,
-65,85,
-11,89,
-1,148,
-5,53,
6,-14,
0,-61,
8,-38,
-15,19,
-25,-33,
-75,1,
-22,26,
-54,25,
-22,27,
-2,49,
-5,101,
-44,24,
-9,-25,
-34,-5,
29,6,
63,-6,
2,27,
-94,43,
-28,15,
78,-6,
15,-16,
-27,-59,
16,-50,
-18,-4,
-114,-43,
-99,18,
-5,-28,
53,13,
41,-50,
-43,-42,
-28,8,
-29,58,
40,72,
66,40,
46,-6,
-87,31,
-21,38,
-17,32,
-40,27,
-18,14,
72,-3,
38,-28,
5,13,
-29,19,
-26,54,
7,7,
-34,4,
-72,0,
-35,-51,
-42,58,
-25,140,
18,-8,
-18,35,
38,-8,
-1,-56,
-7,-16,
45,40,
-32,79,
-76,32,
-19,-2,
-22,3,
-24,62,
-18,39,
-23,67,
33,42,
-1,-5,
14,9,
18,83,
-19,26,
17,60,
32,46,
23,59,
-35,15,
37,26,
9,19,
22,-101,
30,-42,
-15,-61,
-2,39,
-39,63,
28,69,
64,85,
27,66,
-1,90,
-51,70,
10,76,
4,92,
-18,68,
-55,41,
-70,71,
-31,60,
-14,14,
-19,46,
-26,0,
-38,-28,
75,10,
35,-12,
-7,-33,
2,-34,
0,28,
-27,22,
94,13,
101,20,
17,-37,
-27,21,
-57,-10,
32,60,
55,95,
25,22,
-58,10,
-7,35,
9,31,
25,27,
36,-49,
32,-92,
18,-15,
-46,6,
-10,25,
10,-33,
44,-40,
8,0,
-57,29,
-30,49,
-7,50,
-7,-10,
-1,-49,
111,8,
40,-11,
21,22,
-28,38,
-38,53,
-48,64,
-55,-2,
-25,55,
23,98,
23,65,
45,9,
43,-27,
51,-52,
14,-3,
0,36,
25,141,
10,17,
-34,-50,
7,-15,
31,29,
-62,17,
-94,-36,
-31,-15,
4,-34,
24,-4,
-32,-20,
-55,60,
-37,13,
-53,48,
2,121,
-63,93,
-78,148,
-31,104,
80,9,
56,49,
64,49,
-53,-19,
-81,43,
19,39,
41,63,
8,79,
5,88,
-7,-73,
-61,-65,
-34,-33,
25,-35,
-19,-51,
-135,8,
-36,-4,
-10,-57,
76,-39,
18,-3,
-39,85,
-22,36,
34,9,
82,24,
-2,29,
30,17,
-31,14,
-11,-37,
-25,25,
-25,24,
-83,7,
20,17,
44,-10,
21,-61,
-2,-78,
-5,-40,
52,8,
94,6,
-4,16,
-61,5,
-34,-10,
54,-19,
12,10,
107,81,
61,120,
96,28,
18,-21,
42,-38,
9,-36,
68,4,
-5,-94,
1,35,
-5,46,
-4,1,
-31,-40,
41,65,
-78,38,
-38,74,
-29,1,
-54,-41,
-50,22,
-15,63,
-56,109,
-115,23,
-82,-2,
-56,88,
13,89,
-32,18,
12,9,
1,62,
13,40,
10,27,
-22,-23,
-22,-30,
-16,-52,
-15,44,
-41,134,
12,53,
44,30,
90,63,
46,63,
-30,-8,
-56,-85,
2,-11,
-5,16,
-20,-30,
-7,-20,
24,-47,
9,15,
21,21,
-44,-39,
-37,-27,
-26,-4,
42,-77,
78,-69,
32,-85,
67,-8,
26,-19,
56,67,
25,104,
-65,88,
-51,26,
39,33,
100,35,
41,19,
2,-5,
41,30,
16,52,
14,55,
-12,20,
25,29,
27,39,
-33,28,
-2,38,
0,10,
44,16,
19,39,
-33,7,
-53,29,
-46,29,
-34,43,
-5,23,
28,-39,
-37,37,
-31,10,
-61,61,
17,-20,
53,-10,
-14,-36,
-3,-20,
45,23,
-39,39,
-43,21,
-69,-37,
-102,4,
-22,20,
0,-23,
10,-3,
3,-24,
-60,-23,
57,18,
88,-5,
105,-27,
1,-54,
3,-40,
-24,8,
-14,-63,
65,35,
58,45,
3,4,
70,-35,
101,-60,
33,0,
-39,2,
-53,35,
16,21,
-45,49,
-120,74,
-726,750,
-3106,1967,
-5549,2628,
-5510,1717,
-1900,-363,
1336,-1657,
1476,-1157,
-35,-144,
-954,39,
-1117,-883,
-748,-1737,
-190,-1610,
144,-691,
88,34,
-79,262,
-69,274,
92,552,
108,736,
169,334,
243,-169,
163,-281,
18,-68,
-32,106,
98,187,
270,115,
186,113,
98,110,
2,201,
145,213,
313,246,
250,191,
176,63,
123,89,
149,101,
93,102,
36,85,
115,98,
271,17,
248,-17,
274,-18,
219,-19,
232,-150,
188,-182,
87,-38,
90,7,
15,11,
177,7,
219,6,
170,120,
100,180,
10,92,
-37,-39,
-24,27,
82,-29,
108,-90,
121,-69,
66,-126,
99,-108,
33,-42,
-33,-45,
81,-153,
157,-63,
115,34,
114,173,
190,194,
210,161,
88,60,
56,28,
97,47,
129,65,
45,76,
-23,31,
8,-61,
76,-193,
166,-179,
125,-217,
99,-255,
175,-136,
195,13,
41,104,
42,10,
3,-1,
-2,-51,
53,-27,
60,4,
129,0,
73,19,
-7,0,
-30,60,
-33,66,
51,21,
34,-16,
94,32,
82,-4,
35,-38,
31,-48,
62,-21,
21,-98,
-37,-60,
12,12,
39,6,
32,41,
9,49,
48,-22,
23,8,
27,-26,
52,-42,
-25,-42,
38,26,
81,84,
69,77,
36,26,
14,25,
15,45,
40,11,
34,54,
-11,74,
61,41,
66,87,
75,105,
18,34,
16,14,
18,10,
57,-4,
55,-16,
54,13,
-36,50,
-44,15,
25,-42,
71,-42,
57,15,
23,35,
79,21,
99,7,
0,60,
40,21,
69,56,
183,-2,
103,-45,
51,46,
30,-1,
68,-4,
118,-43,
115,-32,
121,-44,
60,34,
71,-65,
60,-41,
45,39,
40,36,
39,6,
48,6,
62,-48,
27,-10,
89,-93,
77,-52,
32,-29,
-11,-34,
29,23,
54,10,
20,64,
-20,70,
00>
_________________________________
00>
_________________________________
Sequence Number: 215
00>
00>
Printing STS0 CIR
00>
00>
_________________________________
00>
-90,13,
69,9,
40,-51,
-19,-79,
-14,-124,
16,-53,
64,-90,
-11,-22,
48,-2,
15,13,
54,13,
-38,-18,
-5,3,
-39,46,
-11,-21,
-17,-15,
22,-14,
-50,8,
-16,67,
93,73,
10,62,
-5,57,
24,-14,
35,-29,
11,3,
-11,19,
-36,0,
18,28,
16,7,
25,33,
27,49,
3,-22,
-37,42,
-20,26,
10,79,
4,17,
9,18,
25,-8,
-28,14,
50,6,
20,-4,
0,-42,
87,-65,
38,41,
-29,69,
-16,104,
58,66,
33,41,
-11,26,
-3,23,
-14,24,
9,21,
52,-39,
58,-52,
68,-6,
3,13,
39,56,
35,8,
-16,6,
-59,-20,
15,-11,
50,6,
42,38,
34,57,
62,42,
6,51,
29,-21,
121,-79,
38,33,
20,-39,
-65,59,
-21,27,
-31,66,
3,-2,
47,-6,
29,5,
8,38,
-41,18,
-53,64,
-4,65,
47,37,
-2,12,
-29,15,
38,41,
-14,59,
19,22,
8,66,
39,79,
33,11,
21,0,
65,11,
38,1,
-30,29,
28,21,
0,-37,
5,29,
10,13,
6,43,
-11,45,
35,52,
-29,83,
-37,-2,
-47,38,
-11,-4,
35,31,
-23,34,
26,28,
22,7,
-2,46,
11,42,
-12,41,
-26,-28,
-19,-63,
-88,-5,
-36,15,
-12,22,
29,-45,
13,-127,
-10,-78,
13,-46,
85,29,
-4,14,
-7,53,
6,-31,
48,-59,
-50,-91,
-116,-33,
-44,-54,
26,-25,
49,14,
52,6,
-32,12,
23,5,
-33,9,
-5,10,
26,-25,
7,1,
-11,-24,
-53,41,
17,53,
26,-25,
-23,-8,
-19,-3,
-64,73,
-27,-9,
25,9,
13,0,
-46,10,
1,0,
0,36,
-31,8,
-51,-65,
-53,38,
-35,14,
-12,15,
56,5,
-65,0,
-14,53,
-33,54,
11,14,
19,19,
-25,-21,
12,1,
-37,15,
19,17,
39,20,
5,20,
42,-38,
-22,-19,
14,30,
-2,70,
-24,73,
-68,54,
-88,47,
-29,-18,
28,-4,
-12,-31,
-9,-40,
19,-24,
31,-30,
28,31,
29,0,
11,36,
0,10,
-19,13,
14,19,
4,1,
-21,55,
-84,5,
-17,-27,
-26,-38,
22,5,
67,58,
11,105,
-15,41,
-39,18,
-78,80,
-38,60,
34,-1,
-21,-68,
-5,55,
-39,26,
18,40,
19,-28,
-14,90,
60,98,
29,9,
8,9,
20,-49,
89,20,
14,37,
44,-33,
2,-54,
-2,-39,
-12,10,
-10,-38,
-38,42,
50,-40,
28,17,
-22,-53,
-105,-64,
-38,-48,
67,-34,
67,54,
-20,67,
24,67,
-8,46,
17,24,
-28,8,
-32,28,
12,-9,
-13,13,
-40,7,
-3,6,
-21,-9,
6,52,
85,-23,
85,31,
44,48,
-9,36,
-46,69,
9,31,
-27,33,
39,-30,
22,-5,
-1,-29,
10,-76,
-30,25,
22,-37,
-3,49,
-31,86,
39,21,
12,-24,
15,-24,
34,-6,
37,-91,
69,-46,
4,26,
-16,3,
1,57,
-31,89,
-43,110,
8,77,
-5,-52,
-6,-12,
19,12,
41,75,
27,38,
-46,31,
0,26,
16,55,
23,42,
-11,7,
4,9,
1,-17,
37,67,
23,56,
27,10,
-19,-18,
3,-33,
7,13,
50,43,
-22,45,
-7,-9,
-26,-15,
-4,4,
18,-6,
5,-21,
23,-25,
-13,-26,
-16,-6,
-13,-15,
-25,74,
18,99,
-17,53,
-24,-67,
-12,-9,
17,-21,
-30,71,
27,63,
106,16,
55,58,
44,73,
22,46,
-69,10,
-30,24,
2,-2,
5,-28,
53,51,
27,2,
20,-12,
-30,-24,
-65,-11,
-35,8,
0,31,
0,66,
14,21,
12,-3,
-48,23,
-60,-22,
26,8,
35,25,
-17,15,
-39,43,
21,-6,
25,-31,
27,-55,
-32,-3,
-16,-2,
29,6,
21,34,
-28,21,
-63,-25,
-48,-32,
-13,13,
65,28,
35,44,
48,-2,
37,27,
9,52,
6,30,
-15,-2,
-22,-21,
-33,105,
-64,124,
-31,11,
-116,-23,
-48,47,
41,25,
71,58,
52,28,
-82,65,
-36,25,
65,24,
-463,-40,
-3140,-410,
-7303,-1368,
-7763,-2462,
-6455,-3790,
-621,-2858,
2153,-1015,
910,202,
-1047,802,
-2546,973,
-3091,255,
-2452,-763,
-1097,-924,
-13,-305,
328,205,
524,305,
783,278,
1250,316,
372,184,
35,85,
-61,117,
-8,517,
169,598,
285,391,
417,60,
334,-170,
63,-158,
3,-58,
225,121,
365,141,
341,29,
193,-106,
204,-48,
223,-88,
33,-79,
-4,-50,
104,-66,
272,-37,
425,-137,
382,-58,
349,-17,
247,10,
59,0,
71,48,
178,66,
308,60,
357,1,
265,-19,
155,6,
110,85,
23,116,
-4,51,
12,102,
-8,92,
0,64,
23,132,
-58,115,
-29,54,
13,-51,
31,-58,
67,-36,
96,-37,
123,-32,
187,131,
121,178,
8,82,
40,102,
-10,145,
38,143,
111,116,
199,4,
141,-83,
113,16,
-14,101,
-104,193,
-34,100,
-15,-4,
-45,-132,
29,-105,
118,-28,
113,95,
212,94,
92,20,
53,-39,
20,19,
74,65,
25,86,
31,57,
3,-53,
22,38,
44,63,
119,99,
117,121,
41,30,
-26,46,
51,37,
138,61,
192,65,
79,39,
30,77,
58,71,
116,101,
116,51,
17,35,
14,94,
103,131,
154,65,
162,72,
151,39,
86,9,
65,30,
45,10,
116,0,
114,63,
10,-92,
12,-11,
122,-44,
200,-29,
164,-15,
76,-6,
70,45,
116,32,
178,-14,
192,-20,
138,3,
57,82,
58,42,
56,3,
87,44,
157,12,
62,28,
37,60,
33,54,
55,23,
94,-20,
81,10,
129,88,
83,88,
105,90,
47,100,
103,109,
84,45,
42,65,
50,26,
99,8,
104,-50,
57,-25,
33,-31,
10,4,
35,95,
33,18,
36,38,
3,44,
99,23,
112,95,
154,54,
153,28,
110,11,
00>
_________________________________
00>
00>
Printing STS1 CIR
00>
00>
_________________________________
00>
62,-19,
30,-21,
18,2,
-6,43,
6,79,
56,75,
26,51,
30,-7,
23,-61,
-14,-17,
-11,-7,
10,0,
-63,19,
-34,-31,
8,-69,
63,67,
23,73,
-16,-13,
12,4,
6,-14,
37,-20,
30,-25,
1,-43,
62,-32,
-13,-11,
-6,-27,
-2,-65,
-3,-35,
43,21,
16,68,
-33,72,
-17,-11,
3,-19,
-5,25,
28,68,
58,-4,
46,19,
23,54,
44,-49,
45,-50,
54,-15,
-25,24,
38,-12,
10,-15,
-49,-14,
-111,-2,
-51,6,
-22,-1,
-6,13,
12,8,
18,-1,
-32,8,
-18,-36,
19,-13,
54,-15,
5,-20,
22,-34,
-49,-32,
-53,-63,
-15,-60,
-3,-16,
34,-25,
43,-81,
11,-26,
-11,8,
26,-21,
2,-90,
35,-84,
14,12,
21,51,
27,1,
9,33,
38,29,
47,-6,
25,9,
25,-22,
-48,-27,
20,-53,
72,-47,
70,-81,
1,46,
-5,84,
-59,73,
1,-7,
-5,-67,
38,-68,
44,-72,
16,-20,
-51,51,
-84,49,
-32,-4,
17,-27,
28,-18,
13,22,
-46,38,
-16,-4,
-31,22,
-58,23,
-16,-20,
23,4,
7,-28,
9,-40,
30,12,
13,-13,
32,-79,
37,-39,
-26,7,
-25,37,
-7,4,
15,-8,
3,-48,
21,-55,
20,-17,
48,10,
58,-6,
30,-10,
52,-5,
27,12,
6,21,
-66,31,
-70,6,
-8,31,
22,-49,
17,13,
8,52,
-39,38,
-61,-43,
-66,30,
4,25,
4,37,
65,7,
0,-34,
-86,-3,
-118,-63,
-74,-6,
15,33,
41,-54,
-53,14,
-19,-17,
-23,-1,
1,22,
30,30,
-11,31,
25,24,
0,43,
20,46,
31,-16,
-5,-16,
3,2,
24,24,
25,14,
41,2,
31,-28,
45,20,
28,-17,
61,31,
15,-23,
24,0,
-10,-8,
15,27,
-6,-5,
-33,-49,
-4,-9,
19,-81,
-47,-12,
-29,-19,
15,-40,
-6,-60,
80,-2,
-6,43,
-40,52,
15,36,
-25,3,
16,14,
-4,1,
7,-4,
23,25,
30,34,
60,-44,
58,-47,
31,-9,
52,4,
52,5,
82,-23,
22,-87,
13,19,
1,36,
29,16,
6,33,
-46,7,
-32,31,
14,-21,
-31,33,
-20,59,
-16,-49,
4,-36,
12,-4,
6,21,
-41,33,
-32,67,
21,16,
65,63,
15,15,
6,-39,
14,37,
32,4,
-67,25,
1,-14,
14,9,
26,-29,
9,6,
-31,-14,
-1,-25,
-25,8,
-15,-66,
-74,34,
6,42,
41,24,
61,-10,
49,11,
34,7,
5,-23,
24,-62,
7,-16,
41,26,
-6,0,
-27,-8,
-19,34,
15,27,
-13,-38,
-7,-57,
39,-57,
20,-27,
16,7,
30,-5,
34,-14,
64,19,
80,117,
-5,-18,
41,-58,
73,-35,
83,-15,
72,-10,
33,-40,
-2,-26,
-2,-6,
45,-9,
12,19,
-15,-15,
-30,-28,
5,16,
-50,11,
-36,69,
-33,28,
9,14,
73,-18,
54,-9,
25,15,
65,46,
2,28,
9,4,
32,12,
19,33,
26,42,
-7,42,
26,42,
29,14,
50,15,
-60,45,
-83,65,
28,102,
37,-52,
2,-39,
-38,22,
2,116,
-13,8,
-4,-18,
-6,48,
-10,28,
11,28,
59,81,
-32,-19,
-18,-30,
14,23,
33,25,
30,-26,
1,-8,
-39,41,
-6,-8,
35,-39,
-36,-27,
14,25,
31,7,
12,-1,
33,-34,
20,-7,
-25,15,
-6,67,
46,2,
40,-28,
-17,-43,
-25,-28,
-36,24,
2,54,
-7,34,
19,-13,
-20,44,
-4,34,
25,-7,
75,45,
3,64,
-16,46,
39,31,
51,-21,
-21,12,
-26,20,
-41,-64,
-11,42,
24,15,
17,-31,
92,-54,
6,9,
5,48,
40,38,
83,20,
38,51,
21,84,
6,49,
18,-17,
72,-14,
79,-45,
77,-4,
0,-3,
13,-38,
7,-88,
-6,2,
-20,-11,
35,39,
45,30,
84,-61,
15,21,
16,28,
-30,19,
41,14,
118,-46,
31,36,
-12,3,
18,1,
0,48,
13,19,
-11,35,
-29,-28,
3,-39,
-40,33,
-557,516,
-3271,2310,
-7031,3888,
-7742,3564,
-7230,2165,
-1229,-577,
1751,-1221,
1227,-100,
435,318,
1092,-460,
2164,-1108,
2080,-693,
1043,60,
159,341,
-108,30,
-201,-497,
-205,-808,
-228,-712,
-152,-147,
19,237,
-87,497,
-236,463,
-111,460,
232,140,
417,-180,
480,-333,
278,-272,
15,-170,
-77,3,
-63,120,
-14,124,
134,-2,
298,-93,
372,-58,
109,134,
72,130,
73,140,
289,33,
401,-1,
287,205,
129,217,
105,51,
80,-76,
127,-196,
208,-74,
169,-74,
59,47,
-90,41,
-169,97,
-169,221,
55,184,
95,162,
156,28,
104,67,
60,18,
10,-7,
89,15,
67,4,
34,-20,
51,-45,
109,-49,
158,-115,
153,13,
143,79,
83,126,
43,71,
64,73,
85,129,
141,135,
206,43,
319,-128,
170,-205,
44,-153,
-5,-47,
-45,-6,
45,-12,
9,-162,
82,-215,
66,-192,
41,-142,
19,-113,
80,-29,
69,-49,
21,-30,
0,-117,
10,3,
89,-43,
74,-61,
74,32,
150,1,
145,-63,
180,-67,
171,-53,
104,-53,
60,-36,
76,3,
58,30,
82,52,
38,-3,
24,-43,
9,-85,
65,-44,
162,-111,
105,-119,
69,-44,
88,-1,
50,76,
66,91,
26,64,
64,-56,
91,-61,
54,-64,
90,-61,
38,57,
-33,-15,
-22,-17,
32,-43,
74,-60,
111,-39,
81,-18,
73,-12,
84,-51,
76,-16,
92,-48,
85,-53,
22,-38,
76,11,
111,-37,
74,-49,
10,-20,
65,73,
99,161,
85,95,
127,8,
107,-92,
107,-54,
142,15,
150,57,
67,-42,
71,-44,
71,-17,
45,-22,
53,4,
93,18,
66,-32,
102,-49,
79,25,
56,33,
25,52,
-5,-39,
63,-86,
43,-21,
60,-4,
37,5,
82,-10,
118,-94,
82,21,
20,26,
00>
_________________________________
00>
RX Timestamp: 978311392677
00>
Clock Offset: 3005.219 Hz, -0.376 ppm
00>
RX Timestamp: 979382897851
00>
Clock Offset: 2629.566 Hz, -0.329 ppm
00>
_________________________________
Sequence Number: 92
00>
00>
Printing STS0 CIR
00>
00>
_________________________________
00>
29,72,
-54,20,
-71,-21,
-28,28,
2,45,
-23,17,
-4,-2,
71,-3,
67,-28,
-12,87,
-74,23,
-12,56,
77,-14,
125,42,
99,30,
38,46,
19,-21,
17,-6,
22,-36,
21,-9,
7,0,
4,-4,
9,69,
56,41,
62,-59,
32,13,
-28,23,
18,32,
-22,-5,
-39,25,
-30,65,
23,64,
41,-28,
18,-59,
-34,28,
35,61,
28,32,
54,-23,
-45,25,
35,56,
-32,11,
-54,-41,
-25,1,
-30,31,
2,118,
0,92,
17,56,
9,8,
-22,16,
-65,15,
-2,31,
29,-9,
14,-16,
-9,3,
36,-3,
24,34,
48,10,
19,7,
-81,-31,
-66,-29,
9,-94,
21,-39,
51,19,
-15,28,
-15,-5,
44,19,
56,48,
-43,29,
-32,47,
55,51,
-27,152,
30,128,
-42,20,
-16,-2,
-50,6,
-14,21,
-41,-8,
-2,13,
57,6,
39,-76,
-13,-39,
13,0,
36,39,
17,14,
-6,0,
10,37,
-11,20,
18,-35,
-20,-32,
9,-37,
61,5,
-12,59,
7,3,
45,14,
-46,-62,
-34,15,
18,51,
6,85,
35,43,
-18,-22,
11,-28,
-39,3,
16,34,
-29,15,
-6,18,
0,-5,
-46,27,
-88,26,
-51,-24,
-3,15,
-8,45,
-92,-56,
-26,39,
77,54,
126,-11,
47,0,
21,8,
65,13,
64,1,
3,-7,
37,-1,
-10,72,
30,27,
-22,30,
-20,63,
-23,-67,
5,-31,
-24,8,
-8,1,
81,-10,
-36,-47,
-18,-48,
-15,-6,
-73,-61,
-19,16,
32,9,
19,48,
47,57,
3,15,
-35,22,
-41,-18,
-62,13,
47,-3,
92,20,
30,57,
-53,-58,
-64,-23,
-45,14,
24,-27,
-9,13,
-30,-2,
-25,-37,
30,-38,
-7,14,
22,-3,
24,6,
40,33,
53,69,
19,39,
-47,30,
4,30,
50,35,
-7,38,
-55,44,
-23,10,
-1,-35,
92,15,
-19,-45,
16,-36,
-4,48,
30,23,
51,-12,
-20,21,
-59,-10,
-75,51,
-56,-33,
12,-80,
59,-14,
-6,85,
23,57,
-44,22,
-7,-19,
44,54,
12,-12,
-19,-17,
-29,-62,
18,-99,
5,-26,
-39,-37,
-85,0,
-20,13,
60,-10,
2,-1,
2,-8,
-1,-12,
-42,-12,
15,11,
-48,-53,
-52,-34,
0,87,
57,101,
50,60,
-42,-35,
-37,-30,
4,-29,
2,-22,
1,3,
36,74,
68,125,
-22,60,
-24,-1,
-1,-66,
-10,-44,
15,40,
5,25,
-26,-11,
-33,-22,
-5,22,
7,62,
7,56,
-9,5,
-36,53,
-20,53,
-34,74,
-32,9,
-1,32,
-67,-17,
-80,6,
-1,0,
69,-3,
63,-1,
75,-25,
5,-30,
3,41,
-30,-25,
14,-34,
27,5,
12,-3,
-50,-26,
-90,18,
17,98,
10,89,
-22,8,
28,-21,
-12,-12,
25,34,
7,61,
-11,-36,
-43,-15,
-3,49,
37,41,
37,-17,
72,47,
-47,41,
-79,87,
-39,56,
-8,34,
-62,5,
-4,-11,
-25,10,
-13,39,
32,14,
12,44,
5,19,
14,-14,
9,42,
-26,0,
-30,29,
-30,-33,
40,-19,
27,11,
-19,39,
-45,-28,
-71,13,
-68,-25,
-37,21,
54,30,
29,-10,
-6,-25,
-25,-9,
-38,33,
-6,24,
-74,72,
-44,6,
-55,-35,
11,-54,
87,-27,
66,16,
13,31,
6,-9,
10,-31,
-8,22,
61,49,
7,-10,
-141,-65,
-101,-77,
-11,-29,
19,58,
12,21,
64,112,
12,62,
61,98,
-47,4,
9,-11,
-22,46,
-77,76,
-27,-25,
-14,35,
-26,69,
-24,5,
-4,-130,
-19,-156,
5,-127,
-66,-6,
-57,141,
16,72,
-4,84,
-87,78,
-37,89,
-70,52,
-57,-43,
-23,-60,
-10,-26,
37,25,
30,60,
13,19,
9,69,
-33,55,
11,73,
-35,-39,
40,-10,
-40,-5,
-25,10,
-40,32,
13,4,
21,22,
-6,38,
20,-31,
30,-28,
-22,-53,
-16,-43,
16,-3,
1,53,
41,9,
15,31,
12,13,
45,-17,
-11,-72,
44,-18,
37,24,
14,57,
73,77,
100,46,
57,38,
-13,4,
-10,13,
116,-45,
1114,-576,
4786,-2011,
7521,-2343,
7371,-989,
2231,1233,
-1564,1950,
-1886,1055,
-1355,-310,
-2706,-1980,
-3925,-4020,
-2390,-5151,
365,-3814,
1198,-959,
471,419,
-80,328,
138,94,
572,189,
563,440,
136,396,
-157,282,
-207,-24,
70,-103,
88,-77,
-75,-40,
-265,3,
-109,9,
19,-86,
205,-265,
399,-301,
390,-233,
308,-99,
94,56,
-58,144,
-68,305,
42,219,
38,105,
59,127,
-73,237,
0,128,
38,-117,
99,-253,
69,-133,
-182,-3,
-194,-20,
-132,-114,
-44,-159,
-49,-97,
4,4,
12,88,
-79,-124,
-64,-213,
-47,-114,
-32,-45,
-47,39,
-156,87,
-228,135,
-256,223,
-314,203,
-237,-11,
-171,-49,
-106,86,
-49,82,
-37,56,
8,23,
-34,85,
-134,127,
-66,132,
-81,104,
-103,62,
-143,44,
-26,154,
78,179,
199,155,
249,131,
157,174,
9,335,
61,409,
99,365,
26,285,
-32,190,
-98,-11,
-44,0,
17,-33,
-7,1,
-1,0,
45,1,
55,-38,
5,40,
10,87,
72,87,
56,78,
20,102,
-36,104,
-34,113,
-60,51,
-77,39,
-72,43,
-9,67,
-1,13,
-70,-74,
-105,-55,
-81,-37,
-84,113,
-26,77,
19,119,
18,61,
-8,88,
-31,93,
-39,112,
-68,102,
-40,21,
-54,3,
-29,0,
-34,72,
-25,99,
-26,128,
-9,166,
-132,88,
-131,64,
-74,42,
-82,34,
-29,36,
-27,145,
-5,121,
-1,80,
-34,52,
-71,137,
-55,35,
-40,63,
-126,85,
-16,1,
-5,-66,
-24,7,
-30,113,
-18,94,
9,138,
-5,152,
-86,87,
-59,29,
7,60,
-4,104,
-4,59,
30,78,
29,83,
-8,78,
-53,132,
3,34,
-34,-48,
55,-11,
149,48,
104,100,
10,103,
60,46,
-31,46,
-39,104,
00>
_________________________________
00>
00>
Printing STS1 CIR
00>
00>
_________________________________
00>
8,39,
0,44,
39,-12,
19,-28,
-25,52,
-9,52,
29,3,
-13,14,
-21,-13,
-37,6,
-25,-52,
16,-112,
-9,-71,
-33,33,
4,26,
42,-31,
-19,-31,
-13,18,
3,68,
14,17,
54,6,
53,35,
0,54,
19,40,
34,-2,
-9,11,
9,6,
-17,-77,
15,-2,
7,-4,
28,-35,
-83,-21,
27,-36,
58,-33,
-12,-24,
-68,-15,
-10,41,
0,18,
51,-13,
89,21,
25,30,
-10,16,
-5,26,
65,-31,
34,-14,
-40,7,
14,-15,
-21,-3,
-18,-52,
7,-36,
-13,-20,
-17,-3,
6,25,
110,-15,
48,82,
57,60,
20,76,
43,21,
61,-39,
-28,10,
19,-33,
24,18,
12,79,
-12,71,
18,0,
9,1,
34,2,
21,-8,
10,4,
55,-23,
27,-51,
3,-23,
-31,-34,
23,31,
17,-16,
-79,-41,
-18,3,
55,14,
69,52,
65,-37,
44,-20,
44,9,
20,7,
-1,60,
41,37,
10,14,
2,1,
11,21,
97,-4,
66,10,
-37,19,
-24,9,
-9,47,
9,0,
28,-5,
22,-40,
12,-43,
17,-38,
-36,-2,
-52,56,
14,5,
85,-40,
17,-15,
-44,21,
12,11,
-12,37,
-31,-38,
-5,-76,
21,28,
-4,29,
-43,-8,
-63,-40,
-17,-2,
36,-19,
54,-75,
39,-48,
4,-35,
0,19,
39,4,
73,30,
79,39,
6,28,
-18,-43,
-42,-44,
1,47,
57,11,
101,-34,
74,-3,
-47,0,
-26,29,
40,10,
25,36,
27,-11,
96,-60,
38,-54,
-26,-67,
-41,-65,
-38,-35,
13,25,
-16,16,
-25,-37,
-41,2,
40,40,
28,80,
-36,-16,
-15,-45,
6,-75,
-5,-19,
-25,60,
67,-13,
69,-38,
36,-56,
-9,-19,
7,38,
-6,74,
-45,29,
24,-23,
15,9,
39,4,
2,79,
13,36,
21,2,
49,-22,
-33,-53,
-5,7,
26,-23,
97,-9,
32,-42,
-49,-39,
-29,-12,
-4,-14,
56,-74,
80,-60,
93,52,
62,112,
82,114,
29,-11,
35,-46,
18,-36,
9,-4,
24,2,
44,8,
29,-7,
-1,9,
-7,12,
23,15,
20,-45,
99,-52,
44,5,
-32,-14,
-10,16,
40,-33,
42,25,
33,18,
-4,27,
33,-45,
19,-60,
-26,-6,
-9,-54,
48,-20,
29,7,
34,24,
-9,-22,
4,-31,
3,-31,
3,-7,
-49,-5,
-33,-1,
12,9,
13,20,
10,12,
-10,9,
53,45,
4,23,
45,13,
49,28,
24,20,
26,-2,
18,9,
-9,-13,
-15,-27,
7,41,
79,-4,
25,17,
36,-9,
-11,5,
15,32,
2,20,
21,7,
4,7,
-30,29,
-16,43,
-16,6,
-32,21,
6,-33,
-5,-34,
0,-58,
-18,-5,
34,-17,
20,19,
27,19,
19,65,
28,55,
19,-30,
26,20,
-12,-22,
-14,61,
1,12,
-12,24,
87,-26,
51,-29,
-37,10,
-4,13,
10,4,
-29,5,
-34,37,
-23,38,
21,-5,
-1,22,
-27,-3,
56,12,
58,-44,
-18,-28,
-5,16,
-24,97,
-33,0,
-45,-52,
-64,30,
9,7,
17,0,
43,11,
-42,50,
-68,-35,
-11,-11,
-27,-13,
-45,62,
34,24,
62,30,
35,-5,
-14,-58,
-9,-73,
11,9,
-45,32,
-40,-14,
-2,0,
-13,8,
-17,34,
-48,-18,
-61,-72,
24,2,
65,-61,
-21,-9,
-32,58,
-43,-12,
-38,34,
-32,9,
6,22,
13,49,
-42,57,
1,-16,
37,-22,
30,-40,
14,14,
43,19,
83,12,
26,28,
-9,16,
-21,8,
23,-31,
-20,13,
-34,78,
-4,29,
-2,-30,
11,49,
9,20,
-1,-16,
8,54,
-25,25,
1,40,
-47,50,
-40,80,
-4,23,
16,14,
-26,67,
-43,29,
46,54,
20,18,
-11,22,
3,-77,
6,-55,
-18,-32,
-23,-4,
18,52,
-7,-15,
1,-18,
5,3,
-44,9,
-61,37,
-39,14,
-11,3,
0,-33,
-62,-12,
-5,22,
8,-27,
28,-4,
34,36,
15,-50,
1,-29,
-10,15,
109,-2,
-16,-4,
-15,23,
31,16,
16,11,
14,-4,
-33,-26,
-9,-298,
512,-2019,
2182,-6145,
3371,-7434,
3711,-6274,
1242,-248,
-327,3282,
-174,1951,
636,-360,
1426,-967,
2170,144,
2390,1488,
1302,1572,
226,690,
-87,-114,
-75,-296,
-253,-304,
-552,-513,
-736,-478,
-338,-180,
-36,286,
75,314,
38,-18,
-71,-170,
-208,79,
-342,252,
-344,75,
-275,-87,
-153,-142,
-304,13,
-471,158,
-410,193,
-311,204,
-212,88,
-145,-46,
-73,-4,
7,26,
1,118,
-44,223,
-228,240,
-312,243,
-210,300,
20,292,
108,300,
-53,132,
-103,-2,
-107,54,
-125,153,
-120,59,
-161,-19,
-151,-169,
-96,-84,
-33,-109,
40,-7,
37,109,
-47,152,
0,171,
-3,207,
24,246,
91,167,
57,156,
62,128,
-74,91,
-154,79,
-259,102,
-304,96,
-187,3,
-70,-19,
-74,-44,
-133,-51,
-244,13,
-214,15,
-47,-10,
83,56,
64,160,
102,303,
80,341,
19,341,
-66,281,
-64,181,
-51,136,
29,110,
-1,29,
-50,10,
-34,-11,
-7,19,
5,78,
-15,31,
58,-70,
59,-30,
99,-55,
89,-21,
1,29,
-40,86,
41,65,
55,52,
27,87,
3,52,
81,28,
34,61,
-4,34,
-54,-11,
-128,-1,
-38,64,
77,65,
88,98,
8,82,
-127,101,
-126,-32,
-115,-23,
-58,-38,
-113,-20,
-105,-42,
-59,-22,
-64,-19,
-36,0,
-121,-16,
-90,66,
-32,51,
-65,23,
4,-6,
-44,-63,
3,-80,
-12,-97,
-39,-30,
-27,70,
-57,46,
-41,21,
33,71,
30,105,
-40,49,
-44,-16,
-135,-21,
-72,20,
-52,73,
23,30,
-30,24,
-42,59,
15,-26,
-63,-26,
5,-46,
54,4,
11,63,
-44,83,
-45,68,
-33,92,
95,72,
19,32,
74,1,
-57,73,
-32,4,
20,99,
72,104,
136,111,
94,95,
-13,22,
00>
_________________________________
00>
_________________________________
Sequence Number: 95
00>
00>
Printing STS0 CIR
00>
00>
_________________________________
00>
10,-9,
-42,35,
-2,13,
6,41,
18,-42,
66,-81,
60,-61,
21,11,
61,26,
3,45,
38,23,
56,-37,
38,-65,
63,-53,
22,-17,
-31,30,
34,36,
-27,11,
-3,-39,
47,-37,
62,-98,
29,-60,
1,21,
-14,32,
-10,-28,
15,-1,
51,-27,
27,-19,
-7,-35,
29,-42,
33,-7,
44,7,
-37,-33,
-3,-33,
-31,-82,
-3,-34,
28,-28,
-48,-3,
-38,-8,
-25,-55,
58,-9,
46,-4,
19,-2,
-23,-46,
-37,-5,
-32,18,
15,20,
-12,-63,
10,-31,
-26,-4,
-17,14,
-75,29,
5,-35,
-30,-61,
-80,46,
-86,-32,
13,-29,
-21,46,
-61,17,
-42,17,
45,28,
29,-42,
-45,20,
-44,29,
41,7,
28,60,
-37,82,
-11,-20,
0,-31,
-8,-63,
-2,18,
-17,-2,
-71,-10,
-87,22,
18,38,
-8,-9,
-43,-21,
-86,18,
11,12,
86,-9,
-8,-9,
-63,36,
-40,67,
-46,-20,
-12,-7,
11,-21,
44,-13,
17,-23,
-9,-38,
-29,13,
12,80,
53,96,
-30,37,
32,5,
29,57,
42,44,
-32,-4,
-100,-52,
-3,15,
39,-28,
18,-9,
18,-15,
57,-10,
-26,-9,
-44,5,
-53,25,
-66,-31,
-11,56,
39,56,
32,73,
-1,20,
-8,5,
-11,-12,
2,36,
73,48,
30,42,
-11,30,
-41,-25,
-35,103,
-7,5,
8,23,
-24,-4,
4,9,
-2,-36,
-10,25,
15,-21,
27,-19,
38,11,
79,-36,
38,-21,
-35,26,
-5,35,
20,20,
21,-21,
4,-23,
-17,-11,
-8,-3,
-43,5,
0,-62,
-27,-6,
25,18,
-4,-37,
-69,52,
-9,53,
3,3,
47,22,
0,-5,
13,-61,
26,-70,
1,-17,
31,-45,
-10,-67,
-70,-62,
-54,-36,
-36,-30,
-5,-28,
27,37,
39,31,
30,-6,
-2,4,
-12,-1,
5,1,
-5,9,
-3,8,
10,-77,
-90,-77,
-7,-17,
-1,-13,
34,36,
-10,-36,
-23,-16,
48,-4,
-35,-30,
11,21,
-7,-3,
-12,-31,
-9,-46,
40,-30,
25,13,
7,41,
-48,80,
-25,63,
-73,-28,
-83,-61,
-3,24,
31,23,
-12,18,
-12,-29,
-22,-56,
-69,-30,
7,-24,
25,3,
24,18,
74,-6,
-16,-5,
-22,27,
-8,34,
17,-15,
-44,-26,
-15,-1,
-15,46,
8,104,
-10,68,
-28,15,
-15,17,
-39,-3,
22,-30,
11,-41,
-33,-52,
-18,-15,
34,40,
9,6,
8,10,
-23,25,
4,29,
-5,-12,
42,-13,
-14,66,
-1,46,
14,52,
58,68,
32,32,
-33,-16,
-16,-37,
28,-52,
23,-19,
1,38,
12,39,
24,-18,
15,-66,
-1,-65,
69,22,
83,30,
45,17,
-47,38,
-72,73,
1,23,
38,4,
-1,4,
-73,27,
-18,9,
19,15,
39,71,
8,23,
-21,-15,
6,3,
40,45,
32,54,
43,46,
25,15,
4,9,
4,10,
15,4,
41,-24,
-40,-39,
-52,4,
-22,25,
34,-56,
53,-68,
47,-7,
30,52,
79,-3,
52,-44,
-5,5,
31,23,
56,-10,
101,-41,
-10,-60,
-86,11,
-21,2,
0,-9,
30,-4,
35,-11,
74,59,
18,45,
32,-30,
50,-11,
32,-42,
51,-72,
10,71,
-48,43,
-67,28,
-42,6,
-19,-11,
31,27,
7,41,
10,-21,
-5,7,
14,21,
31,32,
-51,19,
-10,-64,
109,-87,
194,-75,
134,-33,
71,-36,
24,45,
-48,36,
42,-19,
-39,-25,
-29,5,
-32,21,
-44,31,
-2,-14,
42,-3,
-33,5,
-51,-23,
61,-63,
39,-59,
27,-65,
29,-188,
27,-34,
10,-8,
60,33,
20,32,
12,-15,
-55,-65,
-57,72,
35,76,
21,66,
-26,11,
-10,19,
-21,34,
-18,80,
-45,56,
-62,22,
5,-20,
-79,-27,
-13,18,
-9,13,
66,40,
-13,63,
59,40,
-23,-51,
11,-66,
-19,19,
13,20,
16,-3,
-34,-4,
-39,16,
-33,64,
-19,-1,
13,-84,
-37,-52,
-57,-34,
-53,-29,
29,-19,
39,19,
25,17,
-16,-9,
-6,-7,
-5,16,
79,-4,
800,183,
3890,1047,
7283,2608,
7297,3857,
4868,4726,
-722,2444,
-2245,371,
-385,-430,
1715,-713,
2963,-456,
3074,428,
2004,1144,
613,876,
-137,94,
-278,-261,
-531,-325,
-931,-379,
-1237,-521,
-290,-162,
-83,27,
30,-53,
-8,-351,
-168,-524,
-319,-328,
-494,-69,
-381,153,
-45,195,
-4,62,
-199,-213,
-328,-185,
-325,-51,
-215,123,
-163,99,
-175,11,
-1,38,
-34,73,
-307,81,
-395,50,
-540,42,
-380,-15,
-374,52,
-229,8,
-29,-41,
7,-90,
-185,-135,
-263,-70,
-259,-58,
-230,-15,
-163,-72,
-29,-160,
59,-135,
28,-47,
7,-90,
-20,-154,
-34,-131,
-8,-146,
23,-89,
-27,4,
-93,33,
-37,53,
-80,57,
-119,61,
-150,-57,
-122,-165,
-93,-147,
4,-66,
35,-95,
36,-190,
-99,-230,
-124,-168,
-155,25,
-53,30,
-41,14,
19,-169,
32,-221,
55,-81,
65,48,
15,149,
-94,121,
-93,82,
-127,-96,
-93,-189,
1,-116,
39,-66,
-19,-21,
-150,-99,
17,-121,
12,-26,
32,17,
-49,-11,
-80,-88,
-59,-94,
-10,-25,
-30,32,
-28,-43,
-153,-63,
-141,1,
-60,-43,
-6,-37,
-48,-23,
-38,-1,
-134,-79,
-155,-67,
-140,-37,
-107,-44,
-74,-9,
-96,-49,
-135,-3,
-142,-58,
-64,-74,
-61,-105,
-29,-107,
-65,-123,
-92,-48,
-37,42,
-59,46,
-116,37,
-139,-50,
-141,-12,
-117,-39,
-89,25,
-106,32,
-181,19,
-164,-2,
-113,-5,
-17,-58,
12,7,
-48,-5,
-103,-20,
-88,44,
-13,-11,
-67,6,
-49,-110,
-70,-133,
-69,-69,
-100,3,
-109,-63,
-51,-99,
-99,-6,
-61,-44,
-89,-11,
-71,-162,
-74,-62,
-65,-37,
-44,-27,
-75,-6,
-51,-51,
22,-115,
-43,-90,
5,-49,
-30,-34,
-68,-26,
-97,-23,
-24,-76,
-79,-82,
-127,-51,
-41,-73,
-64,-69,
-116,-60,
00>
_________________________________
00>
00>
Printing STS1 CIR
00>
00>
_________________________________
00>
25,29,
24,-7,
52,-64,
42,13,
39,-48,
-37,-21,
-10,48,
-16,-42,
49,-18,
28,-54,
76,-24,
35,34,
12,70,
23,3,
0,39,
41,28,
49,36,
21,-31,
13,-12,
19,43,
9,70,
20,95,
-23,-4,
12,-33,
34,-19,
11,-20,
-20,44,
-41,75,
-5,9,
3,-14,
15,-13,
17,-41,
19,22,
-6,20,
17,49,
1,46,
7,108,
-79,47,
22,59,
71,-12,
55,-31,
69,-26,
79,52,
49,93,
-10,59,
-24,-8,
25,-41,
20,39,
25,1,
46,-37,
9,-30,
50,34,
82,9,
54,50,
9,44,
-14,56,
-59,15,
-3,-25,
15,-30,
-67,-31,
21,-1,
51,11,
-2,-58,
-24,-39,
-7,33,
58,-6,
74,0,
36,0,
-13,-18,
23,-51,
-14,-17,
-52,1,
-24,42,
-23,-14,
-37,-19,
-102,-12,
-19,47,
32,24,
3,-2,
15,-12,
41,25,
19,5,
-19,2,
16,3,
1,14,
-15,-5,
44,-19,
20,-25,
9,60,
-1,82,
-9,3,
48,-46,
24,-10,
11,16,
30,33,
2,-10,
-5,-43,
-23,-43,
-10,-52,
23,-16,
67,-4,
17,0,
-20,46,
29,57,
64,-16,
5,-14,
40,-10,
35,-23,
40,-11,
15,-57,
30,-49,
17,8,
38,44,
31,-5,
1,33,
-11,-23,
25,40,
44,47,
12,1,
-14,-45,
-16,28,
-17,51,
48,70,
55,43,
7,4,
-23,27,
14,2,
5,10,
39,15,
24,17,
70,-37,
23,-2,
16,15,
25,34,
34,70,
25,-49,
-16,-38,
47,-34,
81,-33,
31,-25,
-9,8,
31,-7,
-1,8,
-39,15,
1,5,
31,6,
-62,20,
2,16,
-21,40,
-7,2,
1,-8,
69,-3,
107,-38,
29,-34,
-28,-45,
-26,-20,
-14,-6,
-14,-13,
-8,10,
27,50,
35,-2,
1,-27,
50,21,
-15,42,
-22,13,
4,-27,
12,-27,
61,-21,
83,21,
-8,52,
-5,-15,
-11,-17,
3,-20,
-34,3,
-33,38,
-22,16,
5,36,
-29,-16,
-80,-59,
-52,-76,
-51,-57,
-29,-106,
38,-14,
79,18,
11,26,
-18,60,
-8,-14,
34,-12,
-22,58,
-67,-54,
-46,-26,
-13,-14,
2,35,
7,67,
-2,75,
60,95,
-3,128,
-29,42,
-49,-21,
-25,-7,
-8,-18,
86,-38,
12,-29,
26,3,
9,64,
-60,-32,
-34,-56,
28,-23,
17,53,
-5,21,
39,44,
59,-50,
30,-28,
-18,9,
-62,13,
16,-14,
-26,22,
-6,21,
45,21,
0,15,
-49,33,
-76,-11,
-6,-37,
25,-46,
80,2,
29,37,
-52,69,
-21,-15,
-37,-4,
-17,45,
-12,21,
-2,-29,
-32,10,
-47,27,
-33,24,
-35,-37,
-4,85,
-20,29,
21,-8,
3,-32,
16,-18,
-2,-37,
36,-27,
13,73,
1,51,
12,-6,
-14,-32,
25,-33,
42,-10,
93,16,
2,32,
41,-20,
15,13,
-10,49,
-9,94,
4,51,
0,-26,
16,-48,
-12,16,
8,27,
9,21,
60,22,
-25,31,
51,69,
-21,58,
28,71,
57,20,
29,-60,
16,-50,
-49,7,
-20,-6,
15,-2,
-1,-8,
-22,39,
-32,33,
6,-39,
-7,2,
56,33,
-25,-9,
43,11,
-28,-23,
-41,-9,
2,-9,
21,48,
-6,11,
-23,-28,
14,-18,
-4,39,
33,46,
98,65,
80,-21,
54,-2,
15,30,
-71,45,
3,-22,
44,-20,
71,60,
-6,80,
-20,107,
39,-7,
12,-42,
-39,21,
-8,62,
26,30,
32,-69,
-15,-27,
-101,32,
-12,43,
26,89,
11,-57,
39,-35,
-18,-61,
47,27,
46,89,
26,1,
24,7,
7,10,
42,54,
39,42,
21,37,
3,1,
13,-32,
31,-46,
-4,59,
-38,113,
-21,57,
29,13,
17,4,
-13,-10,
-6,-14,
-13,6,
9,-23,
-31,-45,
-19,19,
-3,13,
21,16,
46,24,
57,11,
14,23,
-11,40,
12,26,
44,20,
-33,51,
21,-17,
-33,28,
-38,15,
-75,42,
27,28,
-13,78,
-39,34,
25,111,
-1,-1,
26,-118,
756,-637,
4249,-2501,
7482,-3270,
7854,-2686,
6645,-959,
365,929,
-1883,891,
-912,-183,
-341,-228,
-1302,685,
-2424,1056,
-2020,369,
-817,-298,
-36,-242,
201,240,
175,750,
160,878,
200,675,
61,18,
-49,-353,
214,-536,
243,-344,
103,-273,
-245,-37,
-484,144,
-493,327,
-257,305,
53,81,
184,-3,
150,-117,
-49,-50,
-216,44,
-309,115,
-313,103,
-29,7,
24,-12,
-70,120,
-234,1,
-355,-127,
-180,-249,
-66,-139,
-45,-19,
-95,120,
-111,158,
-115,60,
-107,119,
-14,8,
126,-9,
182,-88,
97,-202,
-68,-101,
-53,-71,
-161,23,
-126,-14,
-1,-23,
-17,-37,
-39,-38,
-13,39,
-56,55,
-86,45,
-89,143,
-54,71,
-155,-58,
-140,-151,
-62,-62,
-4,-42,
4,-50,
-30,-105,
-95,-141,
-162,32,
-265,152,
-67,117,
27,48,
-3,32,
63,-78,
42,9,
25,151,
-22,307,
-29,242,
-87,144,
-60,57,
-40,35,
10,-11,
-2,-10,
-14,-16,
19,67,
-80,73,
-109,44,
-125,10,
-126,32,
-149,52,
-106,36,
-78,26,
-76,23,
-32,28,
-34,18,
-14,33,
-51,9,
5,73,
15,34,
14,86,
-17,53,
-41,29,
-48,42,
-47,53,
6,10,
50,31,
32,17,
0,8,
-14,36,
-48,58,
-8,112,
-11,119,
0,80,
-12,76,
4,46,
-104,78,
-31,9,
-39,8,
-3,60,
31,22,
-18,21,
-79,15,
-87,72,
-40,-22,
34,1,
10,30,
-72,121,
-56,95,
-20,50,
36,64,
65,39,
-5,15,
-9,59,
-57,115,
-68,62,
-81,-6,
-40,2,
-9,54,
12,55,
22,32,
-32,17,
-85,19,
-59,5,
-1,70,
-67,95,
-50,0,
-19,-19,
5,-32,
-12,9,
16,42,
34,93,
-10,7,
-44,49,
-81,95,
-43,78,
-82,57,
-35,82,
-36,68,
00>
_________________________________
00>
RX Timestamp: 18980506484
00>
Clock Offset: 2320.862 Hz, -0.291 ppm
00>
RX Timestamp: 20050569857
00>
Clock Offset: 1573.276 Hz, -0.197 ppm
00>
_________________________________
Sequence Number: 228
00>
00>
Printing STS0 CIR
00>
00>
_________________________________
00>
20,-75,
-6,-69,
-11,-17,
8,51,
-22,31,
-18,28,
57,97,
91,112,
2,52,
-81,-58,
7,-88,
0,-22,
7,-5,
71,-3,
76,-34,
85,-19,
25,-35,
-53,-5,
5,-29,
-13,-26,
-45,6,
-82,-33,
-35,-55,
26,-72,
-22,1,
17,14,
-1,24,
32,26,
45,1,
-39,2,
0,-41,
33,23,
69,59,
51,52,
70,24,
-2,58,
35,23,
60,11,
79,58,
70,65,
41,21,
-18,-29,
25,31,
44,46,
102,19,
84,-36,
39,21,
45,19,
-31,70,
-15,-64,
-23,-81,
57,-86,
42,-19,
-18,24,
16,-41,
13,-38,
-8,4,
-27,42,
-1,-20,
112,-21,
84,20,
29,46,
-49,32,
53,-70,
38,-44,
70,-17,
70,-33,
-8,-32,
-5,-39,
-67,19,
17,11,
82,14,
-2,-63,
-57,-37,
-36,-35,
47,46,
-19,51,
80,68,
35,-5,
94,5,
80,-15,
16,7,
28,-49,
34,-50,
10,0,
18,-41,
-9,-52,
32,-73,
28,11,
40,-11,
53,7,
13,15,
-48,3,
-69,-36,
0,48,
27,-19,
49,-25,
-4,20,
18,-1,
70,-20,
60,-47,
39,-58,
23,-50,
24,-42,
2,-24,
-23,-32,
-33,24,
-22,-53,
17,50,
-23,42,
-8,-18,
-27,40,
-2,7,
22,59,
-26,41,
-20,73,
-57,10,
75,-25,
60,16,
-23,32,
-34,-10,
0,-2,
34,-53,
17,-24,
24,17,
9,-7,
-5,-28,
-1,16,
23,14,
23,9,
-1,-28,
-45,-6,
39,52,
34,88,
-24,4,
2,56,
42,-13,
7,-33,
-1,30,
-9,21,
16,20,
16,-48,
-44,-26,
-25,97,
-30,13,
-62,-63,
-48,-9,
-2,-7,
10,-25,
41,17,
-24,0,
-48,3,
-28,8,
-33,-31,
-11,28,
-21,41,
11,27,
6,24,
20,-40,
-27,39,
-28,10,
10,-4,
-17,-16,
20,15,
40,-16,
5,-46,
-4,-26,
-6,-3,
8,-40,
62,-51,
96,7,
-10,-5,
-52,29,
-55,108,
-69,75,
-77,-14,
26,-36,
10,-43,
-29,-8,
11,49,
-44,26,
-52,-39,
6,-6,
49,29,
28,7,
-23,13,
-2,-32,
46,-53,
30,40,
-19,15,
-19,11,
66,17,
33,22,
23,-23,
-46,-13,
2,5,
48,1,
-22,-49,
-63,-32,
-51,-22,
62,-20,
104,-9,
-45,-31,
2,12,
46,-8,
60,21,
54,54,
-91,-29,
-68,-13,
-78,-26,
-15,17,
10,67,
66,46,
-19,-5,
16,21,
-7,30,
50,42,
-23,23,
-48,46,
-56,-30,
5,-62,
69,-20,
53,51,
23,79,
38,-30,
21,45,
21,32,
-5,25,
-1,-17,
-72,16,
-54,-12,
40,15,
97,14,
53,30,
-22,32,
-23,-14,
29,36,
85,-48,
42,-57,
24,-29,
27,-47,
-53,2,
25,8,
18,-34,
-21,35,
19,35,
92,60,
56,66,
-27,46,
-35,26,
-19,-53,
-16,-43,
29,-27,
5,-78,
40,-55,
32,-53,
-24,23,
33,18,
10,-1,
-50,-31,
-27,62,
37,36,
40,-14,
56,-19,
75,3,
17,21,
6,44,
7,79,
55,-21,
4,-48,
11,-13,
25,91,
-3,-39,
11,-13,
-47,-16,
42,-10,
57,-26,
-35,35,
-13,-11,
30,15,
-10,11,
-49,-2,
-20,-12,
38,-44,
-22,-20,
5,-35,
38,60,
-37,79,
-18,68,
-2,45,
30,-12,
5,26,
-14,-5,
8,22,
82,29,
47,57,
61,51,
-42,44,
-39,-41,
-13,-27,
-12,-31,
71,10,
-1,-28,
29,4,
37,-1,
39,-31,
-6,-5,
-13,-14,
6,-75,
-20,-35,
-24,-9,
7,15,
-5,16,
25,-35,
64,-9,
30,-9,
47,-51,
-46,-33,
-5,2,
11,36,
-3,40,
-1,31,
-3,9,
-16,32,
-18,54,
-83,52,
-7,-4,
65,18,
14,16,
22,-36,
-21,60,
-38,64,
28,25,
-26,-68,
21,-65,
-44,-101,
-21,16,
5,37,
-43,25,
29,-9,
36,60,
-6,70,
-6,22,
-5,-27,
-25,2,
12,-45,
9,-67,
-71,-36,
-30,6,
-24,57,
30,73,
58,55,
39,49,
23,-6,
62,57,
-9,89,
-555,945,
-2947,3612,
-5805,5424,
-6614,4289,
-3706,314,
194,-2648,
1416,-2236,
1248,-514,
2576,590,
4665,2102,
4365,4037,
1621,4270,
-602,1895,
-751,-187,
-287,-522,
-203,-29,
-533,137,
-679,37,
-277,-253,
-49,-165,
160,-31,
20,222,
-72,103,
108,-28,
313,-17,
240,-64,
89,86,
-113,242,
-282,432,
-373,428,
-333,361,
-100,121,
46,-199,
114,-330,
36,-74,
-60,6,
-137,-59,
-46,-110,
-22,30,
-42,177,
-50,233,
12,77,
153,-166,
255,-151,
155,-50,
115,53,
97,96,
26,38,
-48,30,
-18,93,
34,27,
47,29,
-34,8,
62,43,
157,-50,
162,-78,
256,-85,
403,-41,
379,-39,
219,-51,
125,-59,
87,-87,
128,-133,
145,-63,
166,-127,
118,-274,
-46,-133,
-47,-76,
157,-97,
90,-139,
115,-155,
-39,-22,
-108,17,
-213,13,
-208,-39,
-288,-219,
-231,-361,
-153,-418,
-101,-397,
-80,-267,
64,-52,
169,57,
145,108,
80,81,
-6,132,
-63,-13,
-66,-45,
44,-24,
145,-2,
-12,7,
-65,-26,
-98,-54,
-4,-186,
-4,-136,
-2,-73,
11,-25,
8,-32,
47,13,
23,118,
25,29,
22,58,
53,35,
-9,-32,
24,-74,
15,-126,
14,-125,
-11,-128,
-52,-67,
34,-78,
54,-146,
-17,-63,
22,-16,
106,25,
109,-43,
14,-73,
2,-92,
11,-120,
1,-113,
73,-53,
117,-57,
89,-98,
131,-60,
65,-10,
31,-4,
14,-16,
92,-60,
54,-69,
68,-75,
21,-157,
57,-152,
16,-30,
-1,11,
77,-65,
33,-34,
9,-69,
31,-25,
68,-75,
127,-8,
147,33,
40,-18,
-6,-62,
-29,-39,
-44,-68,
25,-78,
35,-89,
64,-87,
55,6,
23,3,
22,30,
9,-53,
-25,-14,
59,-2,
112,-134,
18,-86,
57,-58,
24,11,
00>
_________________________________
00>
00>
Printing STS1 CIR
00>
00>
_________________________________
00>
-9,17,
-16,-22,
0,-29,
8,34,
11,60,
57,22,
29,-11,
29,-8,
18,30,
35,22,
13,-38,
7,-12,
-35,20,
19,-1,
55,-20,
12,53,
-17,64,
52,41,
62,30,
66,21,
-26,-60,
-39,-35,
-22,-6,
-76,11,
-65,42,
0,-19,
29,-12,
2,-51,
12,-55,
9,-68,
20,-15,
55,30,
19,-11,
64,-48,
104,-34,
80,-35,
56,-2,
5,73,
12,34,
24,-21,
24,-56,
29,-12,
73,39,
64,48,
130,37,
82,21,
38,52,
-30,47,
-7,-15,
16,-14,
17,9,
52,42,
21,21,
-4,-55,
4,-11,
-6,-37,
55,-45,
43,-93,
63,-89,
25,44,
47,42,
62,-7,
96,-9,
43,20,
-62,68,
-46,63,
47,16,
13,-17,
-5,-51,
29,43,
33,-2,
66,7,
95,-57,
25,-74,
5,-27,
60,-8,
61,58,
98,57,
72,5,
20,-50,
17,-39,
11,-14,
62,22,
55,19,
67,8,
13,-18,
29,-7,
17,-23,
41,-17,
45,-48,
20,10,
77,-16,
-11,41,
20,34,
50,-7,
49,9,
24,15,
-33,33,
1,-4,
16,-10,
-11,-9,
-18,0,
-54,48,
-35,58,
-3,8,
30,43,
7,75,
60,1,
37,-53,
-27,-7,
-23,46,
-16,-38,
-33,-9,
12,0,
-7,-1,
-38,-22,
21,-9,
-21,11,
-23,22,
-5,1,
-12,-15,
37,-84,
-20,-74,
-29,28,
-46,66,
-19,4,
52,-33,
8,-7,
19,22,
-2,-6,
25,-30,
90,-22,
15,20,
-72,-1,
-39,-25,
-35,-61,
57,26,
-1,42,
13,6,
15,7,
51,31,
-37,33,
-11,-66,
5,-22,
63,-23,
7,-4,
13,-7,
2,-4,
-5,86,
102,-13,
57,-27,
-13,-3,
1,68,
11,-2,
-45,-21,
-29,-36,
-35,-3,
-11,22,
-4,26,
1,44,
-1,49,
20,23,
52,2,
5,17,
24,-7,
26,-18,
41,4,
67,20,
29,7,
2,38,
16,18,
4,7,
4,-26,
-24,-23,
74,8,
18,63,
28,-10,
22,-27,
38,3,
-34,8,
-22,-4,
70,35,
104,92,
45,55,
50,-25,
5,-20,
15,-7,
-20,-9,
48,-37,
8,5,
27,59,
35,60,
-27,55,
68,36,
80,12,
33,-77,
22,-61,
-10,40,
45,46,
51,-20,
-17,17,
7,20,
-6,-53,
15,-66,
-1,-76,
4,-14,
115,51,
92,40,
-1,52,
71,19,
33,-20,
38,-16,
23,11,
43,7,
59,48,
25,49,
-13,56,
51,30,
61,-12,
31,-45,
-46,56,
-60,89,
-91,66,
-45,14,
-33,2,
13,31,
13,22,
26,7,
3,17,
-66,2,
-75,22,
-6,12,
36,0,
63,71,
32,81,
59,8,
70,25,
57,30,
6,21,
3,-29,
-38,-22,
54,39,
48,33,
0,61,
-12,40,
-60,9,
-18,15,
1,-28,
4,-47,
-21,-38,
-14,-50,
66,13,
52,57,
28,70,
59,114,
-54,29,
1,6,
2,-14,
-52,23,
7,39,
17,67,
77,52,
77,8,
102,25,
21,10,
-23,-20,
-13,13,
-14,9,
44,46,
88,85,
76,94,
38,41,
28,23,
31,37,
55,39,
18,21,
42,4,
-9,38,
-8,56,
15,28,
34,-33,
-25,-51,
-10,36,
51,-7,
73,-40,
62,-39,
38,41,
53,63,
77,23,
-3,62,
14,39,
22,71,
12,90,
-22,103,
-39,1,
14,-9,
-10,-5,
11,-1,
76,-43,
43,1,
29,-16,
15,-8,
32,-39,
-13,19,
4,0,
-21,-42,
72,0,
64,-59,
8,43,
14,31,
-6,14,
-9,-23,
42,-2,
17,5,
7,-9,
-30,-38,
-48,-29,
-8,4,
63,9,
-13,37,
25,79,
13,-29,
5,-4,
52,-60,
-4,-10,
-47,51,
-48,17,
31,-47,
1,-4,
19,1,
51,30,
34,-14,
-12,-4,
4,42,
12,33,
-21,63,
26,19,
47,-34,
55,1,
60,-6,
25,19,
72,-26,
82,-1,
77,25,
15,90,
-18,80,
-99,36,
-34,-26,
-10,7,
7,15,
-7,56,
17,19,
43,46,
43,-8,
-24,39,
-9,175,
11,1359,
-622,5380,
-1462,7685,
-2111,7603,
-1431,2316,
-440,-2403,
-262,-2490,
-452,-98,
-1034,1266,
-2188,929,
-2810,-302,
-2014,-1131,
-582,-817,
142,-159,
233,228,
398,269,
832,288,
1079,393,
535,210,
26,-88,
-126,-252,
-103,-22,
42,105,
143,-39,
337,-298,
441,-195,
375,22,
340,71,
504,-52,
529,-196,
427,-164,
317,-93,
150,-25,
108,-79,
46,-33,
21,7,
25,-121,
70,-122,
197,-168,
230,-211,
194,-289,
0,-241,
-59,-246,
64,-180,
196,-136,
199,-177,
133,-156,
70,-174,
67,-111,
185,12,
161,60,
70,41,
-31,-66,
-48,-116,
-47,-129,
-67,-97,
-58,-145,
-73,-62,
-46,25,
-75,-11,
-65,-111,
81,-227,
202,-245,
306,-190,
320,-192,
283,-144,
70,-29,
6,-9,
132,-56,
167,-74,
120,38,
63,72,
-6,51,
-55,-96,
-90,-174,
-84,-270,
-76,-234,
-43,-189,
5,-133,
57,-141,
45,-134,
-32,-103,
-28,-49,
-18,-52,
-10,-46,
39,-7,
95,29,
79,-8,
18,51,
-10,51,
-29,-19,
7,-68,
71,-60,
41,-81,
-34,-64,
-40,-46,
-25,9,
5,-7,
88,4,
129,-12,
98,41,
44,18,
-9,-19,
-53,-27,
-16,12,
-17,3,
-17,-2,
42,-2,
108,17,
159,-39,
168,-6,
132,3,
121,28,
111,-33,
58,-1,
110,66,
67,-37,
20,-22,
9,-10,
11,3,
-3,24,
22,-8,
74,28,
137,27,
27,22,
31,-46,
11,-21,
95,-12,
84,-46,
158,-72,
126,-45,
103,14,
42,0,
34,-12,
58,-2,
42,-31,
89,-80,
68,-92,
-22,5,
73,83,
47,30,
37,-42,
76,-140,
20,-23,
23,-26,
28,-57,
-20,2,
-27,-9,
88,4,
62,-26,
55,5,
29,-44,
-3,-1,
60,-111,
11,-61,
-32,-78,
00>
_________________________________
00>
_________________________________
Sequence Number: 231
00>
00>
Printing STS0 CIR
00>
00>
_________________________________
00>
63,-11,
26,49,
20,17,
75,-9,
30,-48,
10,84,
38,85,
-22,57,
35,71,
-1,33,
-39,0,
42,-12,
26,-9,
-22,29,
22,39,
15,4,
-4,43,
-13,46,
-21,-20,
-8,-26,
13,-6,
10,14,
2,0,
38,44,
44,36,
34,5,
-27,25,
-88,21,
16,100,
35,117,
-48,14,
5,8,
24,4,
-20,11,
63,-9,
-6,21,
-46,39,
20,-13,
31,35,
38,32,
16,31,
47,50,
5,38,
-67,36,
-46,-27,
30,-6,
25,2,
11,-20,
59,9,
45,-24,
24,-6,
40,-18,
18,32,
-21,84,
-28,28,
4,16,
11,-21,
-12,-17,
-1,-22,
31,-59,
-3,-47,
-30,0,
49,29,
79,18,
4,74,
-8,-46,
-33,-33,
9,6,
-14,7,
-48,69,
-29,33,
-10,-43,
22,-41,
38,41,
-46,33,
-14,83,
23,68,
25,53,
36,-8,
19,53,
-12,-26,
-43,6,
-51,33,
20,-8,
60,-10,
95,16,
50,41,
3,-15,
-10,30,
35,64,
10,62,
23,8,
-10,18,
4,-40,
13,11,
9,-30,
4,-48,
17,-31,
16,91,
19,29,
33,54,
51,52,
36,17,
50,25,
20,101,
-33,79,
-69,59,
-7,21,
44,38,
68,6,
67,47,
51,-1,
19,26,
45,13,
7,44,
-49,35,
-7,68,
40,12,
-19,9,
32,26,
60,117,
21,81,
-14,51,
-14,32,
-52,6,
-51,33,
23,-1,
31,4,
-1,65,
-60,50,
-6,54,
-8,54,
-82,42,
60,46,
-41,-13,
-8,30,
-48,8,
97,-32,
15,13,
-27,37,
-45,78,
40,80,
39,48,
-20,-24,
-86,-23,
-14,56,
4,35,
37,32,
40,28,
0,-3,
-2,-6,
9,27,
46,-4,
35,-18,
-18,41,
-12,-41,
57,36,
0,75,
-12,45,
53,-54,
28,-15,
50,88,
19,17,
23,38,
-30,49,
-1,2,
63,-29,
-57,-24,
1,-19,
4,98,
-16,123,
-53,69,
-68,2,
-12,24,
52,17,
-10,-1,
-20,-41,
9,-32,
6,-51,
25,-47,
31,-6,
117,2,
67,-14,
70,-46,
51,-69,
77,31,
75,29,
73,-3,
56,-7,
-33,49,
2,31,
33,17,
22,28,
-10,49,
48,-18,
47,-43,
75,-72,
10,-32,
-21,2,
15,32,
26,-10,
-14,18,
-87,45,
-10,-21,
22,36,
59,-7,
6,-10,
50,-42,
3,3,
-19,-21,
-17,2,
3,-11,
-29,19,
-20,15,
29,-23,
102,-55,
36,12,
-87,13,
-11,-19,
46,30,
18,-31,
17,9,
14,-46,
39,-25,
-19,-20,
44,-25,
20,26,
2,18,
-24,7,
46,8,
44,-18,
-37,-28,
-2,-7,
20,-57,
61,-32,
-54,2,
1,36,
71,-18,
42,-55,
20,-5,
-25,28,
-69,43,
-25,25,
-11,-33,
-1,-17,
73,32,
11,74,
-4,18,
-4,-53,
15,-24,
37,34,
30,5,
25,3,
24,-26,
-5,-69,
23,-38,
7,-3,
30,51,
21,22,
10,11,
51,-33,
57,-37,
-16,-13,
-5,41,
-31,4,
-28,-9,
-13,27,
8,60,
7,36,
10,-18,
-2,-11,
-1,18,
43,26,
-18,72,
14,59,
53,50,
13,47,
-27,-40,
-4,-65,
-22,29,
-73,26,
12,-45,
47,-18,
14,-2,
-53,-23,
-65,45,
-23,37,
2,60,
-5,34,
-14,-142,
-11,-41,
1,-103,
33,-69,
105,-43,
77,30,
-9,43,
17,52,
-19,-53,
77,-75,
79,-18,
2,-27,
25,-13,
-9,1,
-18,20,
13,-29,
-26,9,
26,-47,
61,-108,
26,-81,
80,-65,
-1,-22,
-3,26,
12,8,
-1,-16,
-34,-61,
36,-30,
95,3,
80,-21,
38,-43,
-57,8,
-5,-15,
6,64,
16,82,
-34,91,
-18,63,
11,24,
-3,-7,
-25,-30,
-42,0,
34,-10,
90,27,
-42,55,
-64,37,
-49,-16,
12,-35,
45,50,
33,14,
78,-3,
25,-61,
-2,-15,
-1,37,
50,28,
46,1,
16,28,
-30,30,
-53,11,
-18,-61,
37,-54,
-2,22,
14,0,
-10,18,
2,-25,
-593,-107,
-3265,-575,
-7385,-1636,
-7761,-2635,
-6457,-4011,
-613,-2968,
2263,-968,
1012,329,
-1246,858,
-2964,952,
-3530,5,
-2647,-1051,
-1037,-983,
39,-234,
412,212,
563,287,
833,277,
1160,411,
324,140,
-1,-29,
-110,25,
-257,310,
-127,522,
299,303,
387,30,
381,-182,
67,-229,
90,-103,
194,55,
363,62,
340,-1,
167,-140,
111,-89,
145,0,
46,1,
-27,-12,
65,46,
180,6,
287,-58,
325,-105,
387,-82,
219,-95,
80,-45,
98,63,
259,117,
343,122,
310,32,
223,-30,
113,28,
20,77,
-29,130,
-30,79,
24,54,
105,47,
56,201,
25,148,
3,108,
-56,4,
-47,-73,
-53,-29,
23,-43,
191,50,
280,66,
229,145,
194,176,
72,72,
9,-22,
13,57,
69,115,
231,32,
215,-24,
143,0,
96,14,
20,102,
13,167,
-18,73,
-9,-24,
8,-50,
45,-108,
71,-53,
154,134,
153,180,
29,44,
60,-20,
38,11,
92,36,
111,59,
107,36,
89,51,
63,97,
65,64,
73,39,
42,26,
-9,17,
10,50,
38,79,
172,66,
168,52,
-13,7,
-7,19,
15,66,
132,18,
57,8,
54,14,
51,-29,
41,32,
141,70,
191,72,
166,80,
111,21,
142,32,
147,4,
97,28,
54,56,
42,67,
23,32,
51,-14,
129,65,
103,-47,
39,2,
18,-11,
103,36,
107,34,
108,-7,
66,-32,
55,57,
107,56,
101,65,
150,23,
117,16,
82,-9,
28,7,
-34,19,
152,81,
132,51,
85,-27,
46,-4,
89,18,
99,91,
74,7,
111,73,
56,-3,
19,-3,
24,-14,
33,26,
49,15,
48,48,
-25,23,
3,46,
-38,35,
32,54,
82,-24,
117,64,
174,68,
112,-9,
112,-26,
172,-8,
187,35,
164,56,
128,8,
00>
_________________________________
00>
00>
Printing STS1 CIR
00>
00>
_________________________________
00>
31,60,
32,-54,
-9,-12,
19,-15,
-54,-4,
-15,34,
-17,10,
-4,45,
22,69,
21,35,
72,-2,
68,-33,
-39,-44,
-27,19,
28,2,
19,52,
-19,-34,
-18,-113,
45,13,
25,-5,
67,63,
27,48,
15,4,
91,-43,
85,-43,
56,-35,
-11,3,
26,4,
53,-98,
40,-73,
-2,13,
-11,15,
-25,-11,
74,36,
28,-19,
65,6,
86,57,
59,10,
-8,-15,
-1,-53,
61,-35,
17,19,
-17,5,
-14,-18,
49,23,
20,60,
-5,75,
21,90,
23,0,
85,13,
47,61,
106,71,
113,89,
29,26,
-49,85,
13,7,
54,-2,
-7,-43,
-74,-69,
3,22,
31,-11,
64,-3,
2,-24,
21,-34,
-52,-15,
-50,-5,
4,32,
47,26,
-18,19,
-13,-1,
-15,-12,
42,9,
25,1,
19,33,
14,-3,
29,-2,
53,13,
-26,13,
29,-39,
-25,-11,
33,-35,
3,-17,
-11,76,
-17,91,
10,5,
-1,0,
-62,8,
7,0,
18,33,
21,19,
-21,-111,
-24,-50,
3,58,
29,107,
2,86,
16,-52,
37,-34,
-40,-94,
13,4,
-9,4,
2,-15,
90,-7,
49,62,
10,58,
24,-3,
16,-24,
34,-20,
-59,38,
-81,113,
-71,30,
-49,-54,
-23,-28,
5,5,
-2,110,
58,102,
51,78,
48,97,
31,41,
-9,-19,
0,-31,
10,41,
-27,76,
-63,23,
-14,-38,
30,-70,
56,39,
49,39,
1,20,
3,6,
-29,-29,
-50,-25,
-13,12,
-31,30,
-11,32,
5,44,
-10,-23,
-21,8,
-15,8,
6,5,
23,17,
-4,40,
-3,44,
28,32,
5,32,
18,8,
19,31,
22,93,
24,97,
35,63,
37,4,
37,-48,
-15,0,
5,35,
14,-14,
11,-4,
-2,27,
-29,31,
-25,34,
-7,11,
-10,62,
-8,48,
-9,-17,
-20,-91,
-67,-139,
-10,-74,
23,-18,
19,10,
78,-13,
47,1,
48,3,
58,43,
15,94,
-3,53,
35,13,
-33,-8,
15,-14,
25,39,
37,16,
-53,-8,
-40,2,
-69,-24,
-10,-25,
25,27,
-39,10,
-35,47,
-38,38,
9,26,
16,37,
21,68,
-39,-35,
29,-42,
7,-44,
24,-25,
-25,-24,
-37,-13,
-13,-43,
-23,-39,
66,101,
29,25,
64,5,
-10,-22,
10,-44,
4,-1,
12,-24,
53,-2,
1,42,
9,30,
65,-22,
67,-78,
23,-102,
-27,-67,
-50,-55,
28,-16,
40,47,
-44,67,
19,84,
-15,34,
13,-21,
67,6,
18,40,
37,53,
29,7,
55,1,
34,-31,
50,-9,
27,-4,
-21,-1,
2,19,
31,1,
9,15,
13,3,
-47,-14,
35,0,
11,30,
1,87,
60,33,
24,16,
55,27,
-13,23,
57,44,
37,43,
-8,3,
-33,-49,
-30,-29,
-9,-15,
-19,2,
1,70,
-36,-10,
14,0,
37,-3,
36,-19,
69,19,
-4,47,
12,45,
8,-71,
-26,-78,
-23,-20,
-5,40,
-44,-34,
-53,-60,
-35,-62,
-15,47,
57,69,
-28,77,
10,32,
-28,59,
-33,46,
-55,36,
-24,38,
-24,-19,
-3,-20,
-9,35,
46,15,
51,-59,
5,-13,
-16,-22,
-16,-13,
37,17,
80,47,
36,-9,
7,4,
-40,16,
35,7,
27,1,
-8,10,
-11,64,
-41,86,
-23,37,
11,16,
25,20,
-36,-2,
-34,-50,
-7,0,
74,85,
19,22,
-8,-11,
-57,-11,
-9,80,
-3,25,
79,6,
56,12,
28,-3,
-1,-17,
16,-49,
58,-13,
37,76,
51,61,
52,77,
57,64,
3,39,
27,-63,
48,-52,
44,-15,
36,5,
-19,14,
-19,15,
31,38,
-7,21,
4,25,
43,52,
38,53,
36,-21,
64,-12,
13,-1,
71,-10,
35,20,
62,-40,
9,-7,
-11,7,
-6,13,
-59,12,
-6,-26,
-39,-31,
-8,-14,
-17,-23,
23,-23,
-38,-44,
-13,40,
37,36,
14,1,
78,-7,
14,-63,
46,-38,
15,44,
11,1,
-12,10,
15,-62,
2,-14,
-5,-49,
-6,-91,
-16,-6,
-40,34,
-433,623,
-2674,3036,
-6034,5327,
-7060,5246,
-6750,3729,
-1451,-331,
1512,-1696,
1223,-395,
434,210,
794,-744,
1826,-1753,
1920,-1278,
1063,-140,
210,384,
-141,31,
-362,-534,
-383,-840,
-351,-737,
-166,-161,
39,161,
-3,444,
-59,499,
2,402,
308,114,
406,-252,
399,-425,
266,-307,
-38,-91,
-153,99,
-76,213,
11,175,
143,-37,
217,-253,
281,-204,
77,-2,
65,-15,
146,-22,
346,-54,
392,56,
256,226,
144,172,
51,18,
-6,-178,
91,-216,
128,-184,
99,-137,
62,-123,
-91,-41,
-179,91,
-167,363,
123,192,
180,115,
174,-39,
86,-29,
-26,-15,
-59,13,
-77,76,
-51,70,
55,-64,
65,-122,
19,-205,
10,-152,
45,2,
165,59,
97,43,
10,7,
-27,25,
27,0,
125,51,
197,-10,
249,-127,
118,-144,
10,-107,
-54,10,
22,47,
21,6,
12,-87,
-31,-161,
-6,-183,
5,-270,
83,-180,
113,-138,
53,-51,
11,-37,
-13,-81,
15,-48,
20,16,
72,-26,
121,-18,
55,-79,
60,-76,
97,-88,
45,-46,
79,-63,
18,7,
61,15,
144,9,
118,10,
43,-15,
-14,-9,
32,14,
83,-116,
83,-123,
42,-91,
82,-91,
75,-32,
45,20,
65,-11,
61,-25,
26,-62,
14,-67,
26,-124,
-19,-39,
14,-47,
40,-111,
86,-116,
77,-175,
16,-46,
-18,56,
54,4,
132,-35,
79,-63,
112,-77,
90,-54,
97,-66,
30,-9,
30,-13,
113,6,
136,-31,
94,-103,
20,-21,
10,-4,
56,29,
90,-19,
76,-93,
68,-57,
12,1,
49,65,
65,55,
39,1,
40,-29,
49,-1,
88,-50,
42,-27,
52,-13,
116,-62,
21,-51,
54,18,
28,53,
4,28,
15,-26,
-2,-54,
-12,18,
-5,-2,
51,-72,
40,-67,
31,-60,
-26,-64,
34,-24,
82,5,
00>
_________________________________
00>
RX Timestamp: 159018898267
00>
Clock Offset: 2004.719 Hz, -0.251 ppm
00>
RX Timestamp: 160091200124
00>
Clock Offset: 985.622 Hz, -0.123 ppm
00>
_________________________________
Sequence Number: 108
00>
00>
Printing STS0 CIR
00>
00>
_________________________________
00>
-59,-53,
-37,-81,
-22,24,
-44,14,
15,33,
4,-14,
-6,-20,
41,-7,
17,-6,
39,19,
-47,17,
-42,7,
-76,81,
-49,96,
29,33,
-28,-4,
-55,20,
-11,20,
13,8,
45,-67,
-9,-30,
24,15,
-12,40,
-4,-24,
6,-8,
49,40,
21,-16,
-39,-3,
20,15,
38,53,
26,18,
66,70,
-40,56,
10,-33,
21,15,
16,5,
-74,34,
-10,3,
13,55,
50,60,
61,-9,
35,53,
-7,85,
-18,-25,
-75,-37,
-2,-9,
22,28,
-10,53,
13,45,
43,-5,
-15,-55,
37,8,
0,38,
56,65,
29,34,
51,68,
19,40,
7,32,
-83,24,
-57,-21,
-18,-46,
2,8,
-55,-31,
-85,56,
3,16,
-15,6,
11,-13,
44,145,
17,128,
-44,56,
5,20,
37,31,
9,-32,
-32,-2,
-5,34,
-35,21,
65,44,
28,36,
45,3,
28,0,
49,38,
4,-16,
29,-17,
27,-29,
53,-33,
54,-66,
53,-18,
80,27,
40,26,
32,-52,
27,-16,
61,60,
59,15,
26,40,
-94,67,
-104,-28,
-17,33,
-35,-47,
20,-70,
21,-1,
4,77,
33,89,
84,10,
33,-44,
-42,13,
-73,-20,
-59,5,
-24,26,
80,4,
30,-16,
-33,-39,
-24,55,
-1,4,
-43,37,
-23,-25,
35,-27,
54,4,
9,44,
-26,31,
-23,19,
32,84,
13,38,
84,-23,
89,-19,
-33,34,
-65,29,
40,57,
43,38,
16,47,
-40,-3,
17,9,
31,38,
-19,20,
-24,67,
16,46,
23,-6,
22,4,
-8,7,
-53,81,
-27,51,
-99,43,
-59,5,
-65,2,
10,-45,
84,-10,
-62,6,
10,84,
1,29,
12,16,
-1,4,
19,-7,
41,48,
59,118,
64,47,
-9,-112,
35,42,
59,81,
51,-5,
-1,-19,
-33,-35,
-87,-37,
5,60,
59,100,
-15,10,
30,34,
22,1,
88,-56,
20,-65,
-41,-18,
-93,31,
-11,-31,
6,11,
85,76,
58,12,
-44,-8,
-12,-45,
-16,-1,
-21,39,
16,-7,
-15,-24,
-17,-9,
1,-30,
60,-3,
-36,-30,
-68,29,
-64,39,
-52,26,
37,35,
29,32,
29,6,
56,-21,
61,-51,
52,-33,
10,-39,
19,-11,
36,78,
108,73,
-54,47,
53,52,
36,38,
20,57,
30,49,
20,68,
-7,25,
3,25,
-54,57,
34,41,
26,68,
-10,64,
-71,66,
-104,12,
-28,32,
-8,11,
3,-32,
-57,-24,
-6,-1,
35,35,
7,64,
-9,80,
-16,111,
-5,116,
-40,82,
-2,32,
35,42,
-13,-2,
8,-43,
-56,-10,
19,41,
35,99,
24,8,
-26,-31,
-12,8,
82,6,
1,19,
-33,47,
-13,20,
-22,33,
-55,76,
-25,94,
18,22,
27,37,
3,55,
-43,8,
1,0,
5,22,
5,95,
-20,80,
-6,41,
9,-3,
9,-26,
-58,-96,
39,72,
69,32,
78,56,
-2,6,
-5,23,
-56,16,
2,52,
1,6,
-44,45,
14,93,
-35,25,
-9,-67,
-48,-69,
26,3,
13,10,
2,45,
46,72,
-22,80,
-34,-63,
-35,1,
-18,60,
19,-36,
12,8,
-22,42,
-28,-1,
31,53,
53,18,
-6,-12,
-15,16,
-14,0,
34,39,
10,59,
-13,31,
2,14,
41,13,
45,-26,
-47,-24,
-146,19,
-69,13,
-26,69,
-9,-24,
-2,-45,
-14,8,
-7,44,
-27,12,
-18,-53,
-3,-34,
-30,10,
-48,115,
24,43,
105,5,
-17,60,
-23,27,
37,68,
27,18,
9,75,
15,-20,
-4,-1,
81,-7,
149,22,
29,-13,
-77,14,
-55,49,
-44,10,
-56,-18,
-6,3,
-63,34,
-57,-32,
-141,45,
-53,59,
-8,24,
20,17,
30,78,
11,30,
21,-1,
8,-50,
30,-33,
59,50,
57,63,
11,-34,
-36,-49,
-30,-5,
33,3,
61,61,
64,87,
109,31,
90,28,
-21,-44,
62,0,
-3,-24,
41,48,
-60,95,
-64,67,
-54,19,
-130,3,
-3,-16,
47,70,
-53,29,
-103,38,
-133,56,
-31,16,
35,-14,
-3,28,
-28,34,
-166,46,
-1141,-235,
-3538,-1274,
-5431,-2490,
-4170,-2778,
-367,-1482,
1952,-120,
1560,401,
607,819,
665,2132,
304,3505,
-1067,3449,
-1961,1725,
-1168,83,
34,-274,
363,-145,
-40,-123,
-289,-357,
-263,-333,
69,-73,
203,108,
2,111,
-98,15,
-22,-43,
104,68,
149,180,
105,147,
122,113,
-122,66,
-309,-22,
-343,-59,
-159,-3,
18,33,
135,59,
84,38,
30,-8,
21,-120,
40,-117,
83,-92,
39,35,
-73,150,
-86,199,
15,223,
152,123,
103,47,
-4,96,
-70,90,
-47,119,
-69,11,
-42,-37,
-4,103,
-17,139,
26,45,
66,82,
105,8,
93,20,
128,16,
172,118,
125,163,
165,163,
156,117,
134,47,
52,43,
103,41,
112,76,
144,111,
142,66,
111,-10,
76,-43,
55,3,
99,-6,
71,35,
64,-43,
-17,-31,
-3,-90,
69,-180,
132,-177,
194,-192,
215,-133,
148,-85,
109,-40,
35,5,
10,22,
-47,8,
52,-40,
21,41,
76,2,
65,-46,
28,-31,
6,-14,
-45,25,
12,5,
-31,-11,
-23,-63,
-28,-19,
50,-45,
49,-34,
5,21,
-6,24,
2,63,
53,79,
25,58,
56,118,
139,-7,
102,2,
120,-26,
56,20,
84,-27,
81,-12,
120,-11,
73,15,
5,-7,
-3,17,
130,78,
90,57,
106,6,
96,-43,
145,-38,
136,36,
83,41,
-4,54,
48,84,
54,151,
53,68,
19,20,
28,-2,
34,-21,
45,-36,
54,19,
66,161,
41,143,
15,39,
41,69,
44,65,
71,51,
125,53,
86,66,
18,33,
-41,-1,
-1,8,
27,49,
17,-40,
16,-9,
125,10,
52,11,
25,96,
86,111,
77,96,
-39,67,
-69,18,
-77,-80,
121,-93,
67,5,
124,61,
123,49,
9,91,
-6,93,
00>
_________________________________
00>
00>
Printing STS1 CIR
00>
00>
_________________________________
00>
63,-6,
66,7,
11,38,
-16,28,
-18,10,
10,-65,
-69,-46,
19,-29,
37,-1,
28,5,
-77,-49,
-20,52,
85,72,
59,63,
55,42,
21,79,
-5,61,
-22,50,
-24,104,
1,56,
-13,21,
-42,17,
-16,59,
21,116,
15,35,
8,52,
-56,-58,
-24,-4,
40,36,
68,36,
-3,14,
31,19,
-40,8,
8,-3,
1,33,
-19,13,
-34,28,
7,30,
25,-24,
71,1,
-12,54,
16,-42,
0,37,
-32,86,
-61,47,
-92,100,
-32,50,
-7,71,
40,17,
-13,40,
24,14,
51,-93,
23,-73,
-35,-26,
20,-9,
-1,-21,
28,-10,
-67,25,
-73,27,
-36,1,
-49,39,
-48,70,
-34,25,
-35,-58,
-75,-29,
5,46,
-42,96,
7,37,
26,-2,
112,-47,
35,14,
74,71,
64,114,
33,137,
18,55,
55,25,
48,21,
46,76,
1,62,
-30,19,
-59,7,
-23,30,
45,38,
16,106,
20,95,
17,33,
-14,-35,
-74,-22,
-49,-27,
-23,65,
52,49,
24,13,
-10,5,
-42,57,
-11,95,
-28,55,
39,50,
98,40,
80,61,
-42,59,
-68,87,
-42,19,
-62,16,
8,25,
5,-27,
29,28,
23,17,
-54,77,
-2,115,
-6,35,
-19,50,
81,69,
34,105,
74,22,
52,7,
6,-37,
-13,-31,
-23,-5,
-7,2,
4,19,
35,80,
25,97,
-54,58,
12,63,
50,-48,
28,-8,
48,43,
65,-27,
42,-82,
44,-15,
2,20,
0,0,
-35,22,
-13,74,
-42,48,
-117,22,
-94,72,
-12,46,
59,74,
8,16,
-41,61,
-134,67,
-47,22,
92,-64,
83,-31,
-33,52,
-62,18,
-59,17,
-1,27,
103,7,
50,6,
-21,27,
30,-41,
64,7,
29,82,
-16,65,
-9,46,
-37,30,
-20,49,
72,23,
61,20,
-39,-7,
-2,-13,
-6,56,
-29,75,
-19,20,
0,-57,
-2,-91,
36,21,
24,36,
-19,30,
26,56,
-35,13,
-26,13,
95,-5,
55,3,
34,50,
-39,-22,
-28,-49,
24,-3,
-34,30,
70,-31,
94,-10,
58,-24,
7,-1,
-3,37,
26,-45,
39,-48,
-13,-61,
-5,0,
23,70,
13,16,
-34,-44,
30,-73,
-38,-1,
-58,17,
-21,42,
24,-11,
40,62,
-7,27,
10,47,
-30,24,
47,34,
-22,13,
-45,45,
-86,32,
50,-36,
35,-90,
-4,-37,
26,29,
-11,84,
-79,80,
-38,102,
-33,43,
-33,14,
-17,-8,
54,19,
91,-10,
68,-16,
20,23,
-50,8,
-61,32,
-12,1,
32,38,
10,29,
-17,51,
2,35,
14,86,
10,44,
-32,17,
64,97,
4,93,
-48,6,
-3,-103,
2,-65,
15,81,
8,46,
-60,-13,
16,-3,
-55,69,
-29,82,
19,123,
72,72,
15,30,
-37,45,
9,16,
30,42,
134,41,
89,66,
17,23,
-55,55,
74,76,
47,52,
-29,54,
-54,-1,
-6,-40,
14,45,
-12,-12,
-50,3,
-75,33,
-48,32,
-69,-33,
59,9,
90,56,
110,34,
75,-10,
67,-17,
87,-64,
51,-47,
-1,30,
21,60,
50,-1,
39,-59,
15,-67,
-100,-18,
-61,-2,
28,0,
78,27,
-5,41,
43,58,
16,24,
12,-30,
43,33,
42,53,
-6,45,
24,10,
20,-46,
-12,7,
-13,0,
29,7,
13,16,
25,16,
-39,35,
-16,34,
-9,8,
-79,56,
-26,4,
31,59,
-5,3,
36,-70,
-7,-30,
-104,35,
42,47,
15,-19,
-48,-2,
22,7,
65,32,
107,-11,
9,11,
-23,88,
-20,29,
22,72,
47,-11,
58,-5,
-3,23,
-38,54,
54,12,
25,-36,
41,-56,
17,-25,
57,-43,
43,61,
41,71,
74,-38,
44,1,
19,129,
27,147,
2,37,
18,-103,
10,-78,
-20,-45,
8,-24,
-5,-29,
-95,-57,
-161,9,
-15,-47,
46,-51,
87,-40,
-12,-88,
-10,-56,
35,3,
0,66,
-24,56,
-13,-15,
48,-1,
9,-5,
31,26,
51,73,
-41,65,
-45,37,
-27,70,
-62,49,
-32,34,
36,-16,
32,6,
-165,82,
-1334,698,
-4011,1477,
-6058,1460,
-4967,403,
-897,-950,
1736,-1362,
1204,-666,
-377,-5,
-1131,-272,
-818,-1223,
-241,-1825,
249,-1334,
268,-390,
15,204,
-172,245,
-205,352,
-138,691,
-14,671,
149,281,
205,-88,
79,-131,
-149,37,
-89,71,
145,138,
247,113,
242,243,
96,282,
22,245,
126,183,
218,192,
187,276,
108,216,
106,156,
181,146,
70,129,
-6,123,
-40,-31,
79,40,
227,23,
335,12,
358,-123,
273,-143,
181,-145,
121,-31,
59,93,
83,104,
115,45,
84,10,
99,86,
23,145,
-19,105,
56,-21,
15,-135,
77,-118,
140,-43,
172,-82,
113,-171,
70,-138,
23,47,
63,38,
86,5,
92,-51,
129,132,
120,158,
141,170,
66,148,
106,136,
68,105,
-15,89,
60,115,
-7,138,
-17,95,
75,-51,
88,-29,
175,-33,
185,-62,
213,-166,
198,-115,
162,6,
115,12,
37,17,
4,-28,
43,36,
18,106,
16,19,
-12,-69,
-19,-83,
-32,50,
-49,112,
-18,-2,
52,-33,
-29,21,
-38,7,
35,-2,
-14,-27,
-8,-25,
61,-3,
123,27,
59,29,
78,22,
100,-5,
56,2,
25,10,
-39,-34,
16,24,
6,65,
18,37,
11,1,
-33,3,
2,44,
22,138,
87,108,
-30,67,
-36,84,
6,43,
-2,94,
12,49,
-27,76,
-40,-21,
3,-28,
-20,42,
-74,119,
-80,40,
1,-45,
77,-82,
130,1,
97,33,
47,13,
-14,10,
63,-21,
-54,18,
-28,2,
73,-44,
108,-60,
86,-15,
51,55,
-16,43,
-24,-2,
33,-47,
14,52,
52,31,
61,80,
23,20,
-37,-10,
-37,7,
36,59,
1,43,
-52,11,
-68,83,
-24,106,
63,83,
17,15,
5,-13,
-10,46,
11,51,
80,63,
00>
_________________________________
00>
_________________________________
Sequence Number: 111
00>
00>
Printing STS0 CIR
00>
00>
_________________________________
00>
-54,-10,
-103,33,
18,12,
-19,50,
-61,1,
-57,85,
-22,77,
-29,52,
8,-3,
8,32,
53,-2,
22,32,
-27,-43,
37,-18,
14,50,
29,95,
29,-14,
-10,57,
-13,-9,
48,-12,
43,-73,
8,-40,
-21,22,
-5,21,
2,27,
35,-37,
59,-31,
26,57,
55,90,
17,112,
7,54,
-77,-3,
-39,45,
50,48,
64,68,
129,-1,
93,37,
14,26,
-2,-17,
52,-48,
26,15,
17,21,
17,59,
46,71,
48,40,
11,-1,
-34,71,
0,43,
-31,28,
-38,-13,
-3,34,
-15,5,
68,28,
15,18,
-8,-11,
-19,63,
4,22,
48,-21,
-42,48,
-38,38,
-6,22,
56,57,
0,4,
63,4,
17,50,
-52,49,
-48,-19,
43,-24,
87,19,
48,4,
-12,58,
-15,10,
18,3,
24,-28,
2,0,
-22,-50,
-72,19,
-75,-23,
-35,16,
-7,38,
61,40,
32,-24,
-21,20,
-31,16,
62,12,
2,36,
-8,-5,
62,40,
11,-3,
-9,-16,
15,7,
-17,24,
18,12,
-17,3,
-73,-59,
-21,-25,
21,16,
65,38,
100,17,
7,28,
5,-20,
-49,56,
-29,17,
-15,-43,
-32,-28,
-13,-8,
47,-53,
89,49,
46,39,
65,8,
3,32,
-20,-17,
36,42,
53,-16,
-3,-22,
9,5,
-4,52,
-47,-25,
-97,-80,
21,-4,
76,47,
76,80,
15,97,
45,12,
30,-26,
-15,-26,
10,-40,
-27,-14,
-1,45,
-34,53,
8,46,
-63,-19,
7,-44,
-28,31,
-34,-37,
-2,47,
-31,-6,
24,-2,
-43,-6,
-51,9,
3,-32,
19,0,
-24,-2,
-39,-15,
-35,12,
0,32,
23,-12,
-45,11,
-73,-23,
-39,-7,
-15,20,
-55,67,
-102,48,
-91,34,
-57,-34,
43,-49,
46,-53,
47,-29,
52,51,
5,-13,
-27,-52,
-57,48,
-68,12,
-18,-4,
5,-69,
62,-5,
46,-24,
42,85,
52,32,
-50,36,
-37,5,
-12,49,
46,-71,
20,-15,
16,78,
10,-9,
-3,-81,
-19,-100,
75,-20,
85,-3,
81,7,
-12,30,
-20,-17,
32,-12,
53,41,
30,63,
-21,16,
-82,-50,
-18,-6,
49,11,
-30,32,
-8,-21,
32,-11,
43,-33,
17,32,
-7,72,
16,24,
-4,-39,
-13,44,
9,34,
-20,0,
31,-43,
66,9,
4,-4,
20,38,
-34,46,
4,16,
105,-49,
57,-43,
-37,-85,
-64,-4,
-45,-34,
-26,-40,
5,61,
-6,64,
51,86,
92,128,
-82,68,
-140,-17,
-115,34,
-63,8,
40,-1,
38,0,
-7,-10,
26,17,
-32,61,
-54,26,
24,-4,
-18,-18,
25,22,
27,-45,
-20,-44,
29,26,
-17,33,
16,14,
28,102,
8,37,
7,9,
48,-9,
-41,17,
-15,-32,
70,39,
45,3,
-2,-19,
-17,-46,
30,21,
-4,-12,
-38,-7,
-53,-8,
-71,42,
-58,38,
0,-2,
-27,4,
-29,-8,
0,24,
2,-8,
39,-22,
54,26,
47,11,
17,26,
71,53,
-6,51,
-5,-24,
10,19,
25,-18,
60,-57,
42,-53,
58,4,
40,7,
11,95,
0,75,
58,14,
1,-63,
131,3,
-2,-8,
66,55,
76,53,
15,-18,
-20,72,
-31,18,
-2,9,
-58,-37,
54,-12,
15,-5,
59,45,
19,69,
26,12,
-29,18,
8,49,
46,0,
21,24,
21,26,
-16,-19,
-7,2,
-8,68,
46,18,
-32,6,
-5,45,
10,-6,
16,-28,
87,70,
47,4,
32,-8,
27,-6,
12,-9,
8,-42,
-3,12,
0,-11,
-27,-13,
-5,-81,
2,-24,
69,10,
23,22,
33,91,
15,39,
0,4,
6,28,
-12,17,
-7,-2,
-13,-14,
-13,-31,
-47,-10,
-82,24,
-74,43,
-29,-61,
56,-19,
-12,-12,
44,84,
7,84,
-22,14,
-10,-32,
27,18,
27,62,
-10,-41,
-1,-7,
-4,25,
51,46,
-13,6,
34,27,
74,55,
18,94,
-77,46,
-58,-41,
26,-40,
56,12,
3,85,
-63,91,
-74,36,
-31,25,
3,75,
11,72,
-16,-57,
-137,-850,
-429,-4231,
225,-7908,
1583,-8041,
3542,-6020,
3111,17,
1186,1942,
-574,383,
-1645,-1546,
-1653,-2872,
-612,-3212,
723,-2223,
885,-753,
295,163,
-172,431,
-135,547,
-27,870,
-129,1205,
-195,264,
-90,30,
-231,-107,
-443,-49,
-359,122,
-96,369,
191,493,
227,312,
127,100,
96,103,
-16,297,
-5,357,
103,326,
175,233,
137,177,
-3,122,
-44,30,
12,56,
163,161,
288,300,
174,340,
93,286,
114,351,
25,175,
-53,49,
-53,44,
-38,218,
95,252,
142,296,
72,234,
-1,124,
-113,24,
-148,30,
-110,8,
-35,34,
8,71,
-61,27,
-98,73,
-27,38,
-45,-73,
71,-82,
135,58,
78,73,
28,83,
-158,145,
-195,167,
-103,130,
-25,65,
-25,3,
-74,61,
-158,155,
-75,242,
92,197,
113,127,
-15,111,
-103,135,
-149,86,
-100,52,
-16,-16,
105,29,
63,0,
38,124,
-49,170,
-143,238,
-26,70,
46,40,
-22,80,
-212,84,
-153,98,
-58,94,
4,56,
8,88,
-58,107,
-61,120,
-41,45,
22,35,
6,9,
-12,44,
-79,133,
-4,127,
-36,-12,
8,-10,
-45,45,
-80,76,
-20,128,
7,104,
6,135,
-3,67,
-65,127,
-79,184,
5,136,
-9,75,
-9,45,
-37,82,
-36,122,
1,151,
-73,42,
7,2,
-66,69,
8,125,
-19,76,
-23,101,
-132,91,
-78,102,
-16,114,
-5,49,
-12,87,
-11,70,
-25,55,
11,91,
59,66,
71,138,
-1,32,
1,19,
-11,112,
-95,80,
-41,64,
-41,60,
-5,51,
-79,68,
-113,89,
-110,131,
-19,53,
15,107,
-3,63,
-105,43,
-3,82,
30,166,
-63,83,
-47,14,
-79,70,
-11,32,
-2,45,
-12,63,
28,103,
41,54,
-10,81,
-51,120,
-5,48,
6,24,
7,50,
-68,19,
00>
_________________________________
00>
00>
Printing STS1 CIR
00>
00>
_________________________________
00>
-31,-38,
-11,-108,
87,-70,
64,-62,
30,11,
-21,-35,
15,5,
21,29,
8,29,
36,62,
-11,72,
-18,27,
-4,11,
4,0,
-32,-21,
2,40,
-54,27,
19,35,
-22,20,
-46,65,
-48,34,
84,8,
55,53,
-51,-3,
28,40,
28,-8,
4,-49,
-21,-17,
24,12,
37,-2,
4,-33,
-97,1,
-23,-8,
-19,116,
-51,9,
-44,24,
-83,29,
1,11,
69,-5,
27,-26,
12,1,
-31,34,
-30,-23,
-30,31,
8,38,
94,-3,
31,-86,
-46,56,
-77,55,
-14,47,
11,40,
40,34,
-62,-1,
-2,7,
-33,60,
22,22,
-17,76,
-25,52,
8,27,
99,78,
67,33,
12,28,
-9,-34,
42,-32,
36,-60,
-13,-57,
-6,16,
-9,9,
-3,-23,
3,33,
38,39,
17,1,
54,0,
15,-14,
-57,9,
-47,22,
35,37,
46,-1,
81,-10,
43,20,
-9,49,
29,53,
7,-3,
11,1,
49,41,
45,16,
40,-26,
22,-43,
12,-11,
39,21,
17,6,
-37,28,
18,-1,
16,9,
-7,30,
-30,12,
47,1,
63,43,
69,-44,
70,-42,
-17,-10,
41,-5,
49,-14,
22,-15,
-28,33,
-84,97,
9,37,
56,-7,
-7,-25,
-95,-8,
-50,24,
-34,67,
1,58,
-39,74,
13,-2,
-5,4,
24,7,
22,-12,
-35,-32,
-13,-6,
-3,-3,
70,-15,
23,-52,
20,3,
60,-38,
30,-14,
30,11,
-13,6,
-25,-64,
-52,-32,
-55,22,
-35,64,
50,-14,
38,-14,
49,15,
-4,5,
31,-17,
55,44,
76,21,
61,-2,
23,30,
30,23,
-13,-70,
-63,-66,
-28,-8,
-50,0,
-24,46,
-49,29,
2,110,
-5,-32,
0,-94,
-6,-2,
32,-30,
33,-13,
21,-43,
-49,-39,
9,16,
-56,44,
-21,86,
53,-15,
66,0,
2,-82,
-2,13,
25,-5,
34,-31,
-1,29,
-1,14,
9,6,
-4,-48,
-16,-19,
-5,42,
18,18,
18,56,
23,55,
29,56,
-19,8,
-38,2,
-6,-35,
35,-44,
6,0,
68,60,
30,17,
25,62,
9,1,
15,34,
22,72,
40,47,
-1,-1,
40,-45,
55,-42,
8,-4,
2,-9,
-3,48,
12,33,
69,-57,
36,-45,
13,-73,
-3,8,
-24,37,
-67,23,
-54,-7,
10,-6,
48,51,
-34,30,
-29,48,
0,-4,
-16,-3,
71,14,
7,96,
-35,77,
-7,52,
25,-15,
51,-88,
-15,-42,
-8,-42,
10,-15,
29,8,
0,23,
-15,17,
-60,-64,
14,-14,
-39,35,
-6,17,
-48,-2,
-36,-15,
-35,-26,
-53,20,
-57,32,
-20,17,
17,-27,
50,-34,
-14,-7,
46,26,
25,29,
-23,23,
-67,-4,
-16,39,
47,-38,
10,-64,
-46,-9,
20,71,
18,14,
-6,39,
-17,0,
32,11,
6,60,
30,73,
-20,64,
-11,-17,
-24,26,
36,69,
7,66,
30,40,
2,1,
31,38,
0,46,
15,47,
-13,44,
-12,-7,
6,-56,
-4,-23,
7,31,
-43,30,
-55,17,
-19,54,
80,-8,
93,19,
111,-14,
51,55,
25,32,
-51,-17,
-74,-61,
-20,-24,
18,5,
18,-5,
1,50,
7,39,
28,15,
30,2,
54,-29,
21,10,
29,-43,
34,-3,
33,68,
-36,81,
-2,30,
-8,51,
-25,91,
-2,16,
-75,46,
23,27,
2,51,
-2,-6,
45,-9,
-16,-16,
18,71,
-15,47,
36,20,
48,14,
47,-16,
66,-47,
17,8,
-75,21,
-100,11,
-71,-11,
-18,23,
-16,42,
-30,14,
-54,20,
3,15,
-8,38,
15,-27,
-9,1,
-6,-13,
35,-49,
-17,-52,
-22,-7,
2,-11,
-12,41,
25,55,
44,70,
33,29,
65,-99,
63,-64,
59,-42,
35,-37,
-29,-5,
12,43,
-10,19,
0,-44,
-38,-17,
-27,65,
-22,9,
-45,57,
-23,43,
-4,42,
38,61,
35,-14,
7,-6,
-42,1,
-25,14,
-47,-8,
-7,6,
-33,48,
-9,-6,
13,-3,
79,86,
44,71,
-2,23,
-2,-5,
-6,1,
-30,32,
-815,-519,
-3901,-3020,
-6219,-5587,
-6000,-6300,
-4093,-5396,
439,-568,
1499,1516,
278,926,
-50,417,
921,889,
1729,1766,
1078,1732,
164,959,
-222,158,
112,-383,
558,-610,
697,-571,
520,-370,
-29,-6,
-229,212,
-551,108,
-433,-18,
-343,117,
19,287,
307,308,
463,205,
334,94,
74,-67,
-95,-38,
-178,-42,
-104,46,
99,243,
215,300,
125,165,
35,-54,
46,-47,
98,92,
74,357,
26,470,
-81,372,
-137,205,
-121,169,
15,112,
127,92,
141,91,
90,89,
101,11,
58,-117,
-58,-133,
-256,80,
-250,218,
-180,209,
77,213,
142,77,
80,10,
-17,-41,
20,-63,
79,-32,
85,-4,
101,7,
123,78,
103,78,
-29,217,
-64,97,
51,67,
-19,70,
-76,83,
-121,134,
-92,214,
116,200,
205,165,
168,64,
178,-43,
115,0,
-22,-35,
-33,-89,
152,-110,
239,-79,
216,-43,
126,37,
36,65,
71,155,
5,86,
21,16,
-12,-11,
41,30,
66,62,
15,34,
32,39,
48,93,
126,86,
117,107,
90,90,
79,66,
94,23,
51,27,
-10,87,
27,89,
68,4,
69,13,
97,57,
41,99,
53,104,
7,19,
41,8,
-42,19,
36,105,
-34,77,
-6,14,
58,20,
62,46,
57,62,
84,21,
31,-18,
64,24,
31,33,
140,31,
13,3,
-35,88,
2,111,
36,125,
50,31,
122,-13,
64,59,
-1,103,
16,61,
43,-1,
120,18,
112,51,
143,-10,
-26,43,
-27,79,
2,113,
-32,86,
61,31,
61,72,
29,83,
31,109,
52,123,
-69,119,
6,93,
47,6,
68,21,
4,61,
69,23,
193,77,
-10,32,
-35,61,
-39,26,
-36,2,
15,26,
62,57,
18,40,
50,40,
43,102,
100,104,
38,32,
67,50,
91,29,
23,40,
00>
_________________________________
00>
RX Timestamp: 299114742180
00>
Clock Offset: 2253.914 Hz, -0.282 ppm
00>
RX Timestamp: 300184384196
00>
Clock Offset: 1922.894 Hz, -0.241 ppm
00>
_________________________________
Sequence Number: 244
00>
00>
Printing STS0 CIR
00>
00>
_________________________________
00>
70,-89,
23,43,
15,-7,
-25,82,
-12,64,
3,3,
56,-35,
27,16,
25,43,
-7,37,
-19,90,
10,54,
28,-10,
56,17,
28,-24,
36,-10,
24,34,
-58,82,
35,14,
79,-8,
31,17,
29,1,
48,58,
41,94,
15,61,
-43,4,
9,-1,
-1,-20,
6,-7,
-16,-3,
31,-60,
37,-6,
47,-63,
-9,14,
33,-4,
-15,-52,
57,-1,
29,19,
27,12,
-11,-37,
21,25,
23,35,
13,-30,
-33,13,
65,79,
49,15,
-15,-8,
45,-6,
36,53,
-3,58,
-21,54,
-6,84,
46,2,
21,-41,
-17,-30,
-8,-32,
9,11,
-60,-2,
-35,-77,
18,24,
33,8,
24,65,
28,47,
5,-5,
31,-20,
26,35,
3,65,
8,69,
25,24,
50,1,
19,105,
32,151,
46,161,
-15,59,
-6,-128,
-66,-47,
-11,-5,
83,-34,
126,-78,
79,-3,
40,19,
47,43,
-62,-31,
23,-47,
41,1,
17,22,
40,-14,
-41,14,
-62,-20,
44,5,
39,-13,
40,-19,
24,74,
-9,32,
-35,-13,
-49,48,
-28,49,
-20,37,
-28,-8,
-14,23,
2,15,
-27,-9,
-49,-53,
-55,-28,
-24,-6,
-45,58,
0,80,
1,12,
-23,59,
-38,62,
-38,8,
-53,-36,
-55,-24,
0,-3,
38,21,
-40,47,
18,24,
69,-15,
52,-20,
-4,28,
51,50,
16,49,
11,5,
-29,4,
95,-33,
40,-51,
26,-18,
12,-28,
51,-17,
-10,-28,
-39,-27,
-70,46,
-16,3,
13,52,
-4,32,
58,19,
44,95,
29,69,
-31,-66,
-28,-41,
34,-16,
76,7,
52,-81,
76,46,
72,31,
-13,-18,
-12,33,
-41,-14,
-7,35,
44,-4,
43,4,
-39,-97,
-3,-140,
57,3,
37,83,
55,43,
59,-11,
48,15,
4,17,
8,106,
17,52,
-19,-50,
22,16,
16,35,
-10,33,
-10,56,
-3,-85,
32,-4,
47,-26,
47,-17,
-36,49,
9,19,
59,50,
72,21,
-23,39,
52,5,
36,45,
9,-35,
-1,-8,
-16,-25,
-3,26,
44,14,
15,-61,
-46,-76,
12,-13,
-29,20,
34,14,
71,-43,
76,-54,
21,-95,
27,-56,
113,-2,
53,6,
-24,37,
40,43,
-17,59,
17,48,
44,-71,
31,-24,
41,-10,
11,6,
-5,11,
0,12,
-21,106,
9,50,
-5,-6,
29,24,
-6,46,
26,35,
7,-8,
21,-18,
4,-13,
-17,-23,
67,-46,
27,-20,
7,15,
-1,34,
-21,18,
34,56,
-3,73,
6,-18,
14,-35,
1,26,
21,48,
33,36,
17,36,
2,62,
54,6,
47,-38,
-7,-24,
52,-42,
-21,-30,
48,-97,
-5,11,
-52,-10,
-46,31,
-25,6,
-43,35,
-2,-21,
38,15,
-9,-59,
-20,-19,
-18,16,
-39,64,
15,103,
9,31,
-9,21,
-31,-12,
10,15,
60,10,
60,-23,
38,44,
11,2,
34,79,
4,-6,
-28,47,
-15,-7,
49,-43,
77,-17,
33,-54,
15,-5,
-10,-43,
8,8,
44,6,
3,-25,
-42,-29,
8,6,
21,75,
-9,40,
-21,23,
-6,7,
-43,56,
-54,48,
22,39,
0,36,
-14,8,
29,-19,
47,37,
-5,30,
52,14,
73,29,
8,1,
-2,-35,
-50,-6,
-28,-2,
-19,41,
7,-7,
28,-20,
22,-33,
56,17,
-4,34,
32,0,
37,-38,
28,23,
-30,-47,
-18,-50,
-39,-47,
-79,39,
-30,19,
-24,85,
-27,-1,
-41,39,
-36,-3,
-41,14,
-63,31,
0,47,
64,-30,
21,43,
-8,17,
-37,-14,
68,84,
93,80,
31,49,
-30,6,
-101,-3,
-145,-31,
-22,-23,
-4,-42,
10,-49,
-14,-31,
103,-39,
42,-54,
8,-23,
-32,34,
21,44,
40,27,
10,82,
1,58,
-42,54,
56,97,
33,84,
12,68,
-10,63,
-21,10,
-7,-43,
13,-15,
57,-9,
13,13,
-32,-12,
-32,8,
7,2,
-1,31,
-26,78,
1,30,
-17,36,
-27,23,
-18,-34,
25,83,
42,92,
-46,37,
-33,-55,
-28,8,
15,-11,
-21,-19,
-26,-6,
80,42,
159,-147,
1134,-741,
4860,-2512,
7277,-3087,
7174,-1727,
2290,930,
-1532,2051,
-1849,1180,
-1350,-264,
-2847,-1658,
-4244,-3514,
-2634,-4851,
92,-3895,
983,-1276,
145,238,
-316,279,
104,18,
704,93,
668,314,
50,281,
-136,193,
-104,8,
132,-138,
42,-23,
-189,78,
-268,24,
-240,-61,
-89,-89,
157,-186,
372,-238,
426,-223,
264,-226,
65,-121,
-4,108,
97,252,
140,248,
242,242,
272,362,
31,246,
45,9,
-18,-188,
-100,-243,
-220,-159,
-236,-7,
-123,10,
-117,14,
-129,-37,
-31,-20,
57,27,
128,-15,
46,-99,
-49,-62,
-54,59,
-57,116,
-105,35,
-75,67,
-87,9,
-187,-4,
-290,-11,
-302,-26,
-225,36,
-130,77,
-130,14,
-122,19,
-131,20,
-127,111,
-129,166,
14,119,
-79,71,
-137,99,
-152,128,
-21,93,
57,34,
118,61,
86,102,
70,191,
58,387,
-19,398,
26,385,
-35,365,
-51,206,
-26,112,
9,86,
-3,35,
-31,40,
-19,41,
72,29,
25,113,
8,57,
5,51,
-8,-22,
-37,-86,
-49,56,
-42,101,
-21,60,
-63,100,
-85,10,
-183,16,
-77,-32,
-81,-49,
-94,-39,
-199,-27,
-124,42,
-53,89,
-57,45,
-20,20,
-26,62,
-37,64,
5,81,
-73,87,
-76,72,
-94,38,
-34,-39,
-34,-15,
-49,-5,
-127,33,
-93,65,
-124,121,
-74,183,
-104,107,
-52,45,
-99,11,
-110,107,
-151,-3,
-60,-69,
-64,26,
-10,69,
-52,53,
-67,32,
-5,35,
-44,87,
-15,18,
-30,12,
-94,-21,
-17,12,
-30,71,
-39,70,
-97,39,
-70,74,
-19,102,
15,60,
-63,79,
-89,99,
-90,81,
1,52,
-39,61,
3,66,
-37,60,
-57,25,
-87,-72,
24,-25,
-5,106,
-28,91,
-14,80,
-62,33,
-101,100,
00>
_________________________________
00>
00>
Printing STS1 CIR
00>
00>
_________________________________
00>
-2,35,
14,-25,
-4,-15,
19,-66,
2,11,
-49,44,
37,11,
-17,-3,
-8,14,
36,15,
55,29,
22,-27,
-46,-11,
6,-40,
24,-3,
-49,57,
-40,15,
31,18,
2,39,
10,11,
-12,19,
-1,80,
72,36,
83,8,
78,-21,
-11,-19,
20,-26,
-28,17,
28,-47,
-5,-6,
73,-20,
96,31,
33,100,
0,37,
17,32,
31,30,
42,9,
30,-7,
36,-10,
65,52,
-21,62,
-54,49,
-16,27,
80,-5,
48,78,
7,20,
6,29,
6,22,
-36,46,
-55,36,
12,52,
68,-41,
24,30,
-32,102,
-22,105,
15,57,
66,22,
20,6,
-27,43,
-17,58,
-67,44,
25,-43,
18,-65,
13,-3,
18,28,
27,52,
-26,23,
-41,12,
-36,-3,
22,31,
-13,75,
23,26,
20,14,
-82,-38,
-17,9,
25,54,
-10,-8,
2,16,
-57,16,
-22,-29,
24,-24,
-18,8,
13,70,
58,-17,
4,-36,
-82,-26,
-41,-42,
-58,-9,
-44,-8,
-7,-1,
14,-38,
-22,-67,
18,-29,
19,-13,
52,22,
-10,-61,
31,-2,
8,7,
-21,13,
-23,13,
-31,16,
20,17,
39,46,
44,35,
19,10,
29,12,
-58,17,
-26,40,
0,15,
-64,-8,
-50,9,
-29,-40,
-2,-5,
-41,29,
-7,-32,
54,36,
39,-15,
10,28,
70,15,
136,55,
50,42,
-42,58,
-70,78,
-10,-22,
13,-90,
67,-14,
-38,38,
-75,56,
-20,7,
66,3,
102,48,
80,21,
-7,23,
-43,56,
-42,-33,
-15,-19,
6,21,
-10,42,
44,54,
46,-35,
47,-12,
55,56,
26,38,
39,51,
29,-47,
-21,-24,
5,-10,
9,-1,
19,16,
-22,-5,
-78,42,
-44,-20,
-38,-44,
-19,61,
5,57,
-10,-15,
22,-46,
-11,2,
-30,82,
-71,60,
-21,47,
12,-42,
8,-44,
36,7,
-6,-5,
28,74,
2,63,
83,19,
99,-12,
25,-25,
8,-78,
26,-39,
15,7,
56,18,
31,63,
17,16,
-51,-15,
-79,49,
-60,76,
-46,28,
-39,10,
-34,-12,
-34,-23,
10,62,
-3,37,
18,6,
-28,47,
-18,82,
64,55,
-21,-6,
-53,-63,
-12,-70,
46,-33,
22,-23,
17,-55,
5,-36,
-46,17,
-19,46,
38,22,
40,39,
51,-39,
7,-37,
-20,11,
-15,21,
0,62,
-27,31,
-27,3,
-60,50,
34,48,
18,-11,
-8,12,
0,40,
39,31,
-6,-15,
19,9,
47,21,
57,33,
-73,-33,
-3,-22,
36,8,
15,31,
-35,72,
-57,19,
-54,50,
-14,-26,
8,35,
-4,8,
8,-14,
-9,-35,
0,6,
39,0,
-3,3,
17,-59,
1,-54,
-40,53,
-7,80,
1,22,
-6,4,
-29,33,
21,-7,
30,-8,
-19,37,
-19,2,
-20,17,
-13,-7,
21,-6,
0,-14,
23,-23,
5,-9,
24,-8,
-3,18,
13,47,
29,-31,
25,-40,
99,-8,
34,59,
13,62,
-5,21,
-12,25,
27,20,
34,14,
44,-55,
-40,-62,
5,33,
-22,62,
-7,4,
-29,-4,
4,-8,
41,78,
-24,21,
-52,47,
51,56,
46,6,
52,-69,
45,-22,
36,-5,
35,-11,
-58,-46,
-69,-37,
-32,-10,
-19,-15,
-23,61,
71,27,
92,-10,
32,0,
14,63,
30,-47,
84,15,
94,39,
23,-14,
-68,11,
-65,60,
-42,52,
-51,-34,
-9,-5,
-4,5,
-57,-13,
-5,-4,
-11,-33,
23,-25,
-34,-50,
1,46,
-22,-51,
61,-34,
19,7,
-6,10,
-37,-26,
-19,-42,
24,17,
8,-9,
-52,31,
-44,23,
6,22,
7,10,
-70,-27,
8,-81,
44,27,
5,-14,
6,-91,
69,20,
70,22,
-14,47,
-44,36,
5,12,
-5,-26,
4,58,
37,-26,
39,12,
20,-7,
-4,4,
-34,9,
-25,16,
10,-11,
14,25,
-11,40,
-43,49,
-29,-10,
3,-39,
-8,48,
-25,25,
-62,14,
-13,36,
-43,-40,
-21,-15,
-61,9,
3,-34,
11,-37,
6,-29,
-17,45,
-8,-30,
0,32,
16,45,
25,23,
23,4,
9,16,
-42,-20,
-64,-324,
401,-2100,
1985,-6209,
3303,-7481,
3658,-6373,
1377,-411,
-173,3225,
-162,1873,
540,-557,
1462,-1202,
2397,-13,
2518,1459,
1315,1653,
102,816,
-213,-100,
-129,-399,
-240,-369,
-585,-527,
-830,-473,
-342,-114,
75,251,
157,241,
114,-56,
-106,-137,
-289,90,
-373,208,
-347,102,
-183,-85,
-162,-111,
-300,24,
-394,130,
-368,70,
-275,61,
-170,18,
-181,13,
-17,18,
97,67,
36,7,
-94,148,
-238,411,
-319,474,
-230,528,
-80,576,
-25,409,
-132,132,
-130,-5,
-133,98,
-122,189,
-134,132,
-136,-23,
-179,-100,
-44,-44,
-19,68,
-16,90,
91,122,
29,167,
26,190,
33,233,
29,165,
93,118,
62,204,
-3,165,
-123,226,
-234,98,
-274,10,
-250,41,
-170,75,
-83,-23,
-59,8,
-147,-2,
-231,11,
-165,-31,
-39,-20,
46,-13,
-11,159,
-34,319,
24,444,
27,324,
16,257,
-43,227,
-95,178,
7,97,
39,54,
73,20,
-71,7,
-99,86,
-57,95,
-53,-21,
-46,1,
36,41,
121,2,
133,28,
84,12,
63,44,
-12,60,
51,107,
15,73,
33,24,
8,60,
37,51,
-5,77,
-90,56,
-70,-38,
-54,-20,
22,31,
63,64,
11,90,
-42,78,
-8,47,
-6,44,
18,-33,
-83,17,
-122,26,
-150,-14,
-114,2,
-75,-8,
-6,41,
-30,29,
-53,46,
-35,32,
-25,25,
-42,57,
9,23,
-72,-49,
-53,57,
-117,105,
-76,71,
-62,63,
-22,41,
-7,51,
-19,66,
23,22,
29,11,
-36,-35,
-75,-108,
-44,-5,
20,24,
37,43,
-24,32,
20,43,
47,40,
-52,9,
-12,-16,
3,47,
-21,23,
-61,48,
-56,19,
-17,21,
-12,25,
-5,36,
-38,13,
1,68,
-73,102,
-65,32,
-28,39,
-11,7,
00>
_________________________________
00>
_________________________________
Sequence Number: 247
00>
00>
Printing STS0 CIR
00>
00>
_________________________________
00>
-65,21,
-101,-22,
-25,-40,
14,18,
12,0,
-20,48,
24,-4,
72,-23,
14,-23,
17,12,
26,-5,
-17,-49,
9,-24,
4,2,
-79,-15,
-48,11,
25,39,
61,-25,
25,19,
-40,-4,
48,16,
28,0,
20,29,
-13,0,
27,-26,
12,-42,
16,32,
56,31,
46,47,
20,15,
-46,26,
-18,8,
55,-4,
37,47,
21,15,
78,-59,
73,5,
-28,16,
-23,54,
-24,-10,
56,-34,
23,-15,
32,-84,
36,48,
51,84,
7,79,
-11,25,
-52,9,
-28,-38,
17,-57,
-48,-17,
47,-16,
2,-43,
6,-35,
79,-39,
34,-62,
22,28,
-41,25,
-26,11,
-9,-33,
55,-52,
-16,-12,
22,-1,
-72,-81,
-94,-84,
-49,-23,
-46,76,
9,63,
5,68,
27,73,
-47,-9,
-39,-60,
-6,-7,
-15,73,
38,70,
78,5,
46,-24,
-14,1,
-32,-9,
38,-12,
32,77,
-24,-6,
-34,-82,
-23,4,
-16,45,
13,25,
17,26,
110,-31,
-5,22,
-7,66,
50,3,
18,-5,
-4,-16,
-3,-25,
50,-10,
45,-20,
-46,35,
9,43,
19,-7,
41,4,
16,41,
28,-51,
42,-21,
-17,3,
35,-2,
30,2,
-1,68,
-84,-14,
-41,-28,
40,35,
-57,7,
-34,4,
-49,36,
-20,-27,
13,1,
86,52,
59,32,
-3,60,
12,-25,
-29,16,
-9,7,
7,49,
-3,104,
-10,26,
9,-19,
-8,8,
-45,-77,
17,28,
42,93,
-6,-4,
-4,0,
21,-46,
34,-28,
-13,-34,
-6,-33,
6,-12,
-36,57,
19,17,
5,-4,
-29,61,
-15,16,
19,52,
6,18,
-13,34,
-57,19,
-59,12,
-43,15,
5,32,
-15,-8,
-15,48,
15,89,
10,51,
21,-10,
13,5,
37,48,
16,109,
-11,76,
26,2,
0,1,
14,31,
15,31,
24,26,
5,24,
50,65,
45,60,
55,36,
-53,-23,
60,-55,
12,4,
5,6,
7,-43,
-64,32,
-31,6,
-72,3,
-52,21,
40,6,
34,-40,
-17,-8,
-20,-1,
35,7,
-12,19,
21,-14,
42,38,
7,30,
-2,54,
-27,13,
-29,20,
-16,5,
42,2,
52,6,
-10,13,
-50,38,
-10,77,
-10,23,
-32,11,
11,34,
32,20,
15,67,
48,-38,
41,29,
5,38,
-13,44,
15,3,
31,5,
23,13,
-59,-46,
-49,-48,
6,7,
-8,42,
-8,6,
14,40,
17,-41,
-15,-37,
-42,-95,
-9,1,
-30,36,
-13,73,
-30,35,
19,-5,
22,9,
-6,29,
-21,0,
-6,-9,
64,-2,
38,43,
-25,20,
22,57,
-12,-13,
-44,26,
-57,-13,
-23,-3,
1,11,
20,48,
-28,-44,
-41,42,
-46,27,
-1,4,
8,26,
-37,76,
-37,-19,
27,-8,
56,33,
-3,22,
20,-16,
13,-17,
-33,99,
-92,111,
-4,-2,
12,-48,
-35,-22,
-55,44,
-2,-12,
34,10,
12,-11,
-19,-20,
14,-1,
17,1,
32,9,
-15,-5,
-38,-37,
-51,-54,
45,-71,
42,51,
57,-7,
-7,43,
-21,45,
-14,28,
23,-24,
24,6,
37,10,
27,46,
-15,-12,
-13,-2,
-61,-21,
-49,65,
-67,12,
-15,2,
-21,27,
-39,87,
9,129,
-4,81,
-18,-8,
-37,9,
3,78,
18,36,
-80,52,
15,-1,
30,42,
-2,32,
-43,-18,
6,-19,
39,-19,
-32,-28,
-29,24,
25,75,
-19,92,
-34,-18,
12,-54,
-55,15,
-25,17,
2,23,
4,-50,
52,8,
28,-9,
11,-37,
20,-59,
48,-9,
-6,34,
-11,32,
-7,16,
10,37,
86,-15,
-9,-14,
-51,21,
-54,18,
-15,33,
-81,64,
-63,15,
33,11,
35,75,
-19,16,
0,-12,
33,-69,
27,28,
41,-2,
10,43,
54,15,
33,12,
-27,3,
90,-6,
15,-23,
-33,-45,
-29,14,
48,23,
62,-20,
83,38,
-23,25,
-12,11,
20,-16,
-39,-43,
-41,-39,
-60,26,
-48,-22,
-14,-13,
5,-16,
-18,71,
-6,4,
16,-26,
-31,20,
-2,66,
-29,-20,
40,-25,
-59,24,
-459,556,
-2401,2842,
-5841,5352,
-7062,4770,
-6987,1879,
-2372,-1885,
472,-2127,
809,51,
104,2067,
-871,3141,
-1872,2534,
-2073,1059,
-1189,-17,
-201,-150,
229,-51,
308,-161,
530,-495,
969,-764,
400,-100,
108,1,
43,221,
230,405,
371,127,
347,-107,
200,-404,
36,-411,
-84,-154,
-61,-17,
179,-128,
282,-210,
164,-250,
-15,-247,
25,-155,
71,-135,
38,-29,
-14,-112,
-55,-246,
47,-349,
117,-345,
184,-315,
114,-282,
75,-199,
36,-33,
125,-15,
143,-138,
193,-189,
192,-246,
168,-146,
96,-33,
75,171,
103,154,
63,145,
32,100,
64,54,
100,9,
94,59,
19,95,
-8,45,
-10,-32,
26,-66,
13,-75,
64,-41,
202,1,
255,47,
185,79,
135,-24,
54,43,
124,47,
212,49,
202,-54,
4,-154,
-60,-71,
-2,35,
116,45,
119,115,
30,58,
-80,25,
-82,-43,
-94,-81,
28,-122,
150,-76,
309,16,
142,26,
26,44,
7,41,
86,52,
98,47,
112,7,
76,62,
84,24,
83,30,
29,41,
-45,33,
-68,49,
-23,-11,
88,62,
156,-18,
58,-35,
-72,-38,
-36,-11,
76,-21,
142,-74,
61,-125,
24,-46,
142,-75,
105,-121,
135,-49,
130,-78,
51,-86,
88,-1,
77,41,
49,-34,
10,66,
49,-14,
-27,-75,
-18,-16,
48,-42,
83,-38,
60,-55,
66,-39,
56,6,
63,-22,
49,-110,
-17,-127,
17,31,
94,36,
79,-42,
97,-84,
2,-90,
0,-75,
85,-34,
45,9,
114,-9,
97,-57,
126,-26,
117,7,
129,-53,
123,-69,
115,-33,
110,-39,
81,-23,
75,19,
39,-46,
-17,-73,
2,-53,
36,-76,
4,-5,
4,13,
-7,54,
2,22,
9,-68,
57,-42,
28,2,
38,-8,
98,34,
30,-23,
48,-28,
100,-29,
58,-14,
00>
_________________________________
00>
00>
Printing STS1 CIR
00>
00>
_________________________________
00>
-19,44,
41,0,
7,62,
-8,81,
-31,80,
-47,51,
3,18,
14,24,
-40,25,
-45,-28,
74,-68,
34,-24,
31,30,
-4,35,
-11,-5,
-13,1,
-68,-41,
12,-21,
67,14,
60,34,
-17,17,
-37,1,
-22,25,
18,21,
40,10,
-21,-21,
-23,-45,
-10,-5,
-20,5,
-13,58,
-14,14,
-27,43,
-31,12,
4,-1,
36,87,
38,48,
-29,19,
-22,-12,
71,-22,
30,-45,
-54,25,
-9,17,
-4,43,
100,-9,
52,42,
27,19,
-1,29,
-5,-9,
22,-6,
0,48,
6,6,
-24,19,
35,76,
-1,5,
14,-3,
2,-33,
48,-14,
38,3,
3,12,
-26,37,
28,-14,
60,-38,
54,-14,
11,10,
-9,9,
5,-15,
-96,45,
-131,10,
-111,21,
-30,57,
39,27,
39,55,
32,19,
12,27,
71,16,
48,56,
58,52,
70,44,
-16,-10,
-42,-23,
-35,-55,
-62,-58,
-15,-20,
-58,-23,
-26,1,
-27,25,
15,39,
-23,69,
-48,13,
-4,7,
3,64,
-41,30,
-29,-27,
55,16,
18,80,
51,64,
35,110,
18,31,
-31,-66,
-49,-42,
-85,-32,
-84,-21,
-27,-8,
31,40,
68,5,
38,32,
-32,20,
-21,51,
45,48,
23,27,
10,8,
48,-33,
-39,4,
-7,36,
58,79,
37,-9,
-10,13,
5,7,
-5,-2,
-3,16,
0,27,
-6,41,
4,9,
-24,-34,
39,-42,
-2,-7,
20,78,
-13,66,
-12,52,
36,64,
101,31,
136,20,
97,9,
134,37,
105,36,
30,46,
3,26,
-41,-27,
-25,-4,
-23,28,
34,-18,
18,-9,
42,17,
-2,-16,
-20,-34,
20,-11,
25,-8,
6,-13,
-13,20,
-3,62,
35,36,
34,22,
22,1,
8,-57,
21,-48,
51,-55,
1,21,
-1,9,
21,11,
3,9,
-23,5,
-34,56,
3,41,
-50,0,
-73,6,
-96,-8,
-46,-54,
-7,-7,
-8,46,
-5,47,
-18,-57,
-71,21,
4,43,
6,38,
10,37,
40,48,
36,61,
54,106,
-9,4,
-95,-4,
-49,-2,
23,-7,
5,40,
-33,33,
12,49,
4,6,
24,14,
53,10,
95,-21,
18,1,
-26,16,
-23,15,
3,6,
36,44,
-23,107,
-37,57,
-7,38,
90,11,
77,11,
47,24,
5,41,
-12,45,
-14,12,
-60,26,
-141,-6,
-43,-24,
32,18,
78,90,
37,99,
-12,54,
-20,26,
76,36,
82,14,
41,67,
-55,56,
-61,26,
-6,7,
-30,5,
-34,14,
-34,-13,
-13,-67,
13,-18,
-5,-18,
28,50,
27,9,
26,52,
10,12,
6,50,
13,50,
-11,32,
33,14,
6,-10,
0,21,
15,49,
-9,41,
-20,12,
-40,29,
3,-1,
45,24,
22,1,
11,-43,
12,-13,
36,-36,
54,19,
55,31,
59,29,
13,24,
2,16,
3,-24,
62,31,
36,35,
-25,10,
-33,38,
-21,20,
-26,-53,
-8,13,
4,44,
21,65,
47,7,
54,28,
29,46,
2,9,
47,15,
34,2,
33,-3,
51,0,
29,68,
5,51,
59,8,
24,0,
42,-41,
12,-22,
29,37,
-27,0,
-4,46,
54,43,
88,-6,
20,47,
11,14,
-52,-64,
-20,-28,
-45,-29,
-50,24,
-6,40,
19,67,
-16,9,
-10,-7,
-15,-36,
7,-29,
-34,51,
-81,10,
-39,4,
-20,-12,
-24,0,
-11,27,
46,22,
62,42,
16,46,
-27,37,
19,17,
48,25,
12,59,
15,2,
35,4,
37,32,
41,52,
41,0,
2,20,
-17,28,
0,21,
29,28,
-1,62,
34,-13,
37,-60,
38,-79,
-1,-62,
29,-20,
9,37,
53,-1,
48,9,
6,27,
-30,-3,
36,-25,
5,18,
37,7,
27,19,
9,43,
-42,-33,
-16,19,
-54,57,
-33,16,
-54,55,
-37,38,
-16,17,
-31,-4,
-53,-7,
-27,15,
-18,24,
-19,8,
36,-44,
76,-37,
152,-7,
41,3,
65,54,
23,41,
-29,48,
5,-20,
-18,-102,
-39,-41,
-65,-36,
-17,8,
9,-29,
48,19,
97,768,
365,4226,
187,7645,
-391,8023,
-945,7028,
-648,802,
11,-1851,
418,-892,
294,-161,
37,-1032,
-22,-2249,
331,-2053,
548,-880,
289,-38,
-181,179,
-623,62,
-869,-58,
-626,-156,
1,-19,
292,-13,
405,287,
238,298,
304,87,
242,-256,
72,-439,
-90,-434,
-169,-320,
-90,-42,
36,85,
147,106,
110,6,
58,-116,
34,-219,
78,-285,
140,-43,
90,8,
57,9,
85,-170,
188,-396,
312,-236,
284,-40,
169,-3,
-28,0,
-93,-103,
-17,-135,
25,-117,
15,-44,
-73,105,
-44,204,
230,196,
330,33,
234,-14,
131,-164,
-16,-146,
-77,-43,
-56,42,
-48,-21,
0,-24,
-47,-119,
-41,-42,
-100,-61,
-13,-59,
74,-115,
68,-30,
81,16,
90,91,
120,64,
145,35,
217,54,
127,-120,
-50,-229,
-101,-151,
-137,-113,
-111,-22,
-34,106,
-53,73,
-110,19,
-195,-55,
-198,-67,
-117,-23,
2,-72,
70,-79,
60,-64,
72,-23,
33,59,
-8,17,
2,-26,
47,-16,
48,-53,
7,-79,
6,-114,
-24,-74,
-51,-51,
-24,14,
-4,9,
-15,-62,
-26,-31,
24,-99,
44,-23,
45,-4,
6,-9,
-51,8,
33,-68,
-3,-75,
-44,-46,
-16,-8,
57,-34,
58,-29,
37,-49,
-10,10,
-52,-3,
-81,-17,
43,-33,
25,0,
10,8,
13,2,
-14,-91,
19,-121,
-14,-40,
41,-94,
22,-142,
25,-115,
26,-64,
-34,-68,
-19,-62,
3,-18,
-9,-15,
11,46,
22,-47,
-12,-69,
47,-52,
61,-20,
61,-87,
82,-10,
35,52,
-25,31,
-6,-109,
19,-51,
-18,47,
12,31,
48,-12,
28,11,
50,-18,
-5,-25,
-7,-4,
-38,-61,
79,-41,
46,-17,
42,20,
8,14,
6,-2,
54,-31,
35,-78,
78,-25,
-5,-7,
-6,-43,
-54,-31,
-24,-93,
-9,-109,
00>
_________________________________
00>
RX Timestamp: 439248536105
00>
Clock Offset: 2796.936 Hz, -0.350 ppm
00>
RX Timestamp: 440319119173
00>
Clock Offset: 2149.773 Hz, -0.269 ppm
00>
_________________________________
Sequence Number: 124
00>
00>
Printing STS0 CIR
00>
00>
_________________________________
00>
-2,-59,
17,-36,
21,10,
-61,-9,
-34,-19,
-15,43,
26,-46,
-7,-61,
-62,-46,
-96,-20,
-81,-38,
62,-106,
70,-50,
16,-20,
47,-46,
80,57,
27,174,
-50,107,
-31,46,
54,-19,
-22,-8,
-27,30,
-70,-7,
-9,-11,
41,11,
131,76,
87,97,
10,58,
-39,18,
-61,-73,
-19,-25,
16,-77,
71,-81,
74,-13,
41,-12,
2,8,
30,-25,
32,19,
40,32,
-12,87,
-16,-13,
32,17,
-6,-1,
-11,-36,
4,-44,
66,0,
53,3,
3,-3,
-30,-38,
2,20,
43,53,
108,21,
32,-4,
-14,-4,
-14,17,
-1,57,
25,38,
23,-5,
-37,-18,
-38,39,
-42,16,
-30,25,
-31,18,
-13,21,
27,53,
-80,47,
-59,5,
-51,-15,
32,39,
-10,-26,
-44,-7,
36,-21,
46,18,
74,128,
51,76,
-12,24,
-44,-19,
1,-2,
8,31,
-64,12,
-27,-8,
-16,-13,
-41,53,
-12,23,
-12,0,
13,-17,
29,-34,
-29,-59,
-60,37,
-36,16,
48,-2,
50,109,
6,66,
-7,-12,
12,44,
46,-29,
122,-13,
61,11,
93,9,
55,-38,
0,-9,
-44,50,
-35,-21,
-43,-38,
38,-79,
29,-27,
-1,-36,
-17,14,
4,9,
7,32,
19,-18,
3,5,
-53,-34,
-26,21,
-69,46,
-23,5,
4,25,
29,-12,
18,-5,
-61,43,
-97,61,
-64,-10,
-23,26,
-19,-8,
6,-13,
-62,35,
-18,58,
-30,52,
55,73,
-25,103,
-15,37,
26,13,
45,-32,
-24,-32,
-37,-8,
-49,37,
31,28,
-3,-16,
21,-11,
13,2,
-1,-27,
-9,-15,
-72,11,
-69,-3,
27,-57,
45,-45,
40,13,
-34,0,
-76,24,
-25,-6,
49,29,
37,21,
33,-3,
149,74,
101,113,
-4,17,
-58,-25,
-16,42,
-9,-34,
-16,-45,
-96,-35,
30,-65,
72,-7,
80,3,
41,-25,
21,-62,
20,-36,
59,-20,
42,-28,
-4,-30,
-34,-24,
10,-10,
-24,20,
61,-13,
10,-10,
22,-8,
-44,-22,
7,12,
1,11,
-8,15,
30,13,
30,-2,
33,16,
-13,-16,
-25,9,
14,2,
14,15,
-24,58,
53,20,
30,38,
23,-11,
-35,-22,
-12,23,
62,-11,
38,-49,
-21,-46,
23,-73,
41,-7,
-11,-2,
-52,22,
-91,-13,
-19,-10,
18,16,
-84,-44,
-36,-8,
-3,31,
42,73,
-36,-17,
-10,9,
-27,-46,
-38,-17,
-23,21,
-13,8,
23,9,
3,-23,
19,17,
-28,7,
-60,12,
2,31,
-23,-12,
-22,-39,
5,-98,
42,1,
41,-40,
1,-52,
-63,-13,
-32,-51,
43,5,
-78,-16,
-27,-19,
-41,-18,
10,54,
59,-18,
53,-25,
32,-58,
-2,43,
-67,28,
-37,30,
-18,2,
-24,-103,
63,-48,
34,-51,
-70,-40,
-50,-31,
-25,49,
-9,51,
49,19,
45,-7,
114,90,
79,61,
92,73,
15,21,
-48,-23,
-39,-24,
-87,-50,
-109,-64,
-46,-65,
-17,-86,
22,-44,
35,2,
34,4,
10,-7,
-47,34,
-55,25,
-5,59,
-91,41,
-25,-23,
10,-8,
45,-21,
1,-8,
33,72,
-33,-32,
16,-38,
-6,-28,
-45,45,
-1,-2,
-49,32,
3,-22,
72,31,
47,-3,
5,4,
30,5,
-38,-17,
-79,-13,
-4,12,
71,-24,
44,-52,
-24,24,
17,-6,
3,-2,
41,-22,
-31,-7,
3,-10,
57,20,
63,28,
21,3,
-8,88,
-18,32,
-53,15,
8,-28,
55,-18,
56,28,
-58,-4,
0,-26,
1,24,
29,-19,
-34,41,
-30,45,
-39,16,
-88,32,
-36,8,
-25,31,
29,10,
-27,-20,
-8,10,
-39,-45,
38,-53,
-60,-21,
25,22,
66,-45,
47,34,
-35,9,
-59,-70,
-36,-7,
-16,-22,
4,22,
29,37,
35,-7,
86,-95,
51,-8,
83,88,
48,-33,
-26,-2,
-40,-11,
23,18,
42,-22,
68,-82,
57,-8,
8,-4,
2,25,
-15,16,
4,18,
-5,29,
-4,54,
-21,6,
20,-32,
35,-10,
86,-50,
-2,24,
-20,-16,
-1,13,
26,2,
-13,88,
18,83,
-11,17,
-24,-101,
23,-45,
49,21,
-9,-103,
96,-1092,
1160,-4522,
2965,-7087,
4023,-6364,
2842,-1341,
806,2250,
-342,2289,
-946,823,
-2679,534,
-5169,160,
-5501,-1640,
-3085,-2859,
-352,-1643,
469,-73,
200,339,
124,-26,
396,-354,
758,-330,
415,103,
98,118,
-196,100,
-78,-152,
1,-126,
-59,140,
-254,160,
-165,102,
-183,13,
-201,-193,
-23,-429,
78,-441,
76,-371,
19,-71,
65,72,
117,167,
229,102,
297,110,
324,65,
153,205,
-23,63,
-137,-139,
-201,-227,
-210,-167,
-184,-15,
-169,117,
-146,72,
-95,5,
-68,-45,
22,-35,
0,-82,
-1,-141,
-46,-22,
-41,48,
-35,93,
51,112,
-25,140,
-52,194,
-101,168,
-176,224,
-235,184,
-258,107,
-87,118,
-15,182,
-43,138,
-51,51,
-95,130,
2,230,
138,182,
18,140,
42,162,
-20,163,
76,94,
70,-27,
183,-76,
238,-85,
227,-16,
288,120,
306,262,
308,367,
296,345,
137,202,
58,94,
-9,-16,
-29,-4,
-58,-47,
-88,-1,
94,36,
109,2,
15,25,
20,50,
-5,18,
26,22,
82,81,
49,24,
106,123,
34,52,
-3,45,
11,-19,
1,30,
-15,6,
-30,-17,
-76,19,
-144,111,
-117,160,
44,52,
53,18,
79,11,
60,76,
133,160,
85,70,
55,79,
11,58,
-46,58,
-47,123,
31,182,
130,81,
85,78,
55,116,
6,59,
31,101,
-2,117,
-110,82,
-58,47,
-10,87,
-6,52,
98,38,
53,29,
71,50,
41,66,
-3,67,
105,92,
59,69,
49,22,
20,51,
15,-68,
32,36,
4,96,
-62,122,
-76,125,
-16,88,
93,107,
112,59,
28,102,
28,117,
0,46,
49,41,
61,28,
-21,11,
-116,-3,
-29,-17,
15,13,
119,43,
52,52,
66,59,
00>
_________________________________
00>
00>
Printing STS1 CIR
00>
00>
_________________________________
00>
6,-15,
14,-13,
-8,57,
13,-10,
6,37,
40,74,
-29,-6,
-42,-10,
29,66,
113,8,
125,14,
42,23,
-40,43,
-52,50,
18,41,
11,-25,
-3,-7,
-7,25,
3,39,
-2,54,
-15,23,
-10,48,
-9,71,
23,20,
13,-27,
100,-62,
55,-8,
9,12,
-6,-16,
27,31,
42,24,
-66,74,
-12,112,
-74,94,
-9,76,
4,27,
54,11,
-6,-27,
7,-9,
44,-1,
40,12,
11,-29,
43,-16,
-37,42,
3,41,
56,66,
66,78,
51,97,
35,87,
12,-11,
34,-51,
11,-52,
9,55,
-2,15,
11,8,
12,-41,
-32,-9,
4,-27,
-19,-40,
18,52,
36,1,
20,0,
36,8,
33,36,
33,69,
-30,90,
-16,66,
-3,19,
32,4,
-16,-25,
5,14,
22,86,
-34,39,
-2,21,
52,48,
-1,38,
-4,24,
-35,6,
-2,40,
1,-5,
-5,3,
45,24,
42,37,
-23,94,
-19,105,
31,-7,
58,-44,
12,9,
32,-17,
4,-6,
19,53,
62,35,
29,3,
-36,4,
-4,47,
-8,29,
65,7,
19,29,
21,24,
38,47,
14,6,
-48,20,
-20,-12,
-3,1,
55,43,
-17,35,
-4,4,
14,-50,
-11,44,
-17,59,
-17,58,
2,10,
-6,-26,
54,9,
32,-4,
59,-24,
-3,22,
-12,73,
25,27,
82,40,
59,15,
-29,-4,
17,60,
52,33,
26,14,
-6,-48,
-12,-2,
12,-19,
30,39,
19,-48,
35,-29,
35,3,
-31,27,
-11,29,
14,9,
41,6,
6,18,
-64,13,
-61,3,
-39,-26,
45,-39,
22,-24,
-25,-20,
53,-26,
49,-13,
23,47,
32,28,
1,19,
50,-9,
38,-10,
10,-3,
45,19,
52,50,
22,18,
-4,53,
-25,46,
-69,-17,
-38,-13,
-5,13,
59,51,
36,73,
-11,4,
-62,-1,
-22,48,
23,43,
2,33,
-32,49,
23,52,
31,-10,
19,-18,
-11,-16,
-16,64,
-57,126,
-46,26,
-10,8,
36,2,
44,68,
-32,63,
45,80,
72,71,
25,52,
-45,24,
-16,49,
-14,64,
3,77,
-47,37,
0,18,
4,1,
4,-25,
-38,-12,
-12,36,
15,61,
84,17,
40,-1,
10,22,
28,-18,
10,21,
27,41,
85,40,
47,28,
32,-51,
17,-25,
38,3,
30,31,
-3,60,
2,73,
45,62,
42,33,
15,1,
39,100,
48,31,
-17,-18,
-32,62,
2,86,
-18,40,
35,37,
-41,91,
-5,79,
33,30,
0,-12,
-6,0,
0,57,
12,32,
23,25,
-38,20,
45,-50,
47,9,
53,62,
74,33,
33,-11,
43,48,
-1,76,
23,1,
-19,7,
-18,-29,
36,-20,
38,-20,
49,47,
23,70,
41,74,
15,46,
29,63,
39,4,
16,39,
-6,12,
-36,18,
-2,40,
36,58,
72,63,
-6,47,
-76,-11,
-8,-90,
45,12,
-7,11,
43,19,
29,-28,
22,-14,
62,-26,
24,-28,
41,14,
9,32,
92,34,
37,35,
24,-47,
-36,16,
-32,3,
-25,-14,
-13,29,
-33,54,
53,45,
-4,51,
63,18,
42,-18,
31,21,
-4,-6,
-15,37,
-6,94,
-23,18,
-3,49,
-51,84,
-67,89,
-62,56,
-33,-25,
15,-60,
10,-14,
64,-6,
102,29,
23,11,
-26,38,
-52,67,
62,75,
30,75,
15,78,
10,53,
26,30,
19,53,
22,-35,
62,-19,
37,-35,
-13,-8,
-32,54,
-10,66,
-30,51,
-6,-22,
21,-14,
51,50,
-11,29,
-12,61,
36,30,
14,19,
17,40,
25,34,
30,43,
7,35,
-9,39,
21,76,
49,9,
39,24,
-34,51,
-53,96,
-16,42,
52,-8,
39,14,
-24,52,
-20,16,
-23,30,
11,39,
34,9,
-33,51,
-62,-23,
-78,-1,
-27,11,
-11,37,
-14,56,
33,-3,
41,-11,
33,20,
-2,118,
0,82,
-15,41,
29,41,
11,65,
8,78,
54,31,
42,42,
50,66,
56,22,
10,-51,
12,6,
3,5,
38,32,
15,44,
65,16,
14,3,
-26,-27,
4,40,
-5,57,
-39,57,
-73,-67,
-683,-1274,
-2143,-5329,
-2602,-7593,
-1710,-7496,
364,-1983,
1634,2290,
1285,1885,
470,-364,
546,-1787,
1661,-1813,
2568,-988,
2006,114,
740,507,
-153,245,
-298,-79,
-405,-5,
-723,160,
-880,211,
-374,107,
145,186,
306,271,
111,47,
-77,16,
-132,276,
-220,518,
-252,410,
-216,125,
-253,61,
-280,223,
-322,492,
-241,425,
-134,256,
-93,163,
-74,120,
-86,-4,
-10,5,
109,-24,
75,226,
21,480,
-14,494,
76,544,
210,377,
261,220,
84,106,
-57,118,
-105,189,
16,260,
-66,203,
-68,160,
-161,79,
-103,45,
-52,10,
26,-4,
67,99,
66,202,
75,231,
186,108,
161,59,
120,19,
85,43,
66,54,
11,138,
-29,199,
-126,157,
-137,176,
-91,179,
-20,52,
36,72,
-44,84,
-77,177,
-62,176,
17,132,
96,91,
136,127,
167,206,
241,221,
186,272,
147,283,
92,203,
58,125,
86,41,
48,97,
52,31,
-22,-3,
60,54,
49,120,
29,64,
-4,53,
14,20,
77,-5,
43,-28,
23,78,
57,111,
79,70,
37,59,
59,57,
51,81,
57,84,
34,34,
84,59,
-19,135,
2,89,
4,12,
61,-6,
67,-36,
76,12,
61,44,
-52,141,
-48,93,
21,106,
-2,101,
-45,109,
-25,71,
-88,35,
-46,52,
-51,96,
-10,100,
-28,63,
38,61,
-2,117,
-28,94,
-88,-20,
-129,80,
-54,122,
-12,141,
-5,122,
-26,71,
2,11,
1,64,
12,118,
31,68,
56,46,
35,60,
-8,28,
33,37,
-22,36,
-34,78,
-2,72,
13,68,
-2,39,
-7,29,
-27,72,
-24,130,
-67,147,
34,99,
51,42,
61,9,
33,-13,
2,57,
48,115,
43,130,
5,79,
-20,24,
00>
_________________________________
00>
_________________________________
Sequence Number: 127
00>
00>
Printing STS0 CIR
00>
00>
_________________________________
00>
90,1,
73,-14,
35,20,
58,38,
45,-32,
53,-18,
31,-10,
-15,-18,
-15,63,
16,77,
9,81,
34,-30,
23,-29,
-17,59,
21,-11,
-54,-40,
-41,-53,
30,31,
5,27,
40,-27,
32,-28,
-23,100,
-107,104,
-67,66,
3,57,
82,-15,
16,-59,
15,26,
5,113,
-39,36,
5,8,
6,0,
-10,31,
-19,-38,
35,-69,
-2,-24,
-41,-8,
-74,68,
-39,-5,
18,-65,
72,-98,
108,-22,
34,11,
33,-13,
-15,-73,
-8,-38,
-55,-60,
-93,10,
-83,4,
22,24,
95,-2,
77,37,
53,-29,
-10,-5,
-22,-1,
0,0,
50,8,
41,-41,
-36,-42,
-51,-38,
51,22,
53,-7,
15,-7,
-44,-39,
46,-16,
41,-2,
40,25,
-8,-53,
-23,-8,
51,20,
86,-10,
31,64,
33,43,
-20,53,
-108,-50,
-24,-20,
51,32,
24,39,
6,-87,
19,-38,
55,19,
91,103,
47,78,
-5,52,
3,6,
47,24,
97,5,
44,63,
110,-40,
50,-12,
22,-11,
11,42,
17,4,
-35,-21,
-29,-35,
90,-14,
67,-21,
-13,-17,
3,-34,
-1,42,
34,74,
2,27,
34,1,
84,-50,
68,-42,
24,-19,
36,6,
26,68,
54,-26,
40,-97,
50,-94,
69,-46,
35,-10,
-11,-17,
9,-29,
22,-6,
67,-41,
7,8,
30,64,
13,23,
-49,-20,
-72,-12,
-54,-49,
-57,-65,
20,44,
21,90,
23,8,
70,-16,
29,11,
-47,-14,
-2,-47,
-43,-52,
-17,2,
-2,38,
42,23,
39,10,
16,-78,
-61,-114,
-63,-23,
70,-3,
36,16,
-33,-34,
-43,99,
-77,56,
-62,66,
-14,44,
19,-36,
-6,9,
-5,-7,
-3,-86,
25,-77,
115,-45,
48,43,
-39,41,
-43,23,
10,79,
-1,115,
36,107,
-34,55,
-38,-40,
-22,-54,
-36,66,
-25,24,
47,48,
83,86,
92,7,
90,-19,
54,-34,
10,43,
-25,87,
-3,85,
-62,-81,
-29,-77,
24,-1,
59,-13,
47,-51,
70,-62,
18,-46,
-21,-51,
31,-41,
-4,16,
17,49,
-13,44,
16,-31,
-33,-10,
-29,2,
-18,7,
32,-33,
35,-44,
31,-2,
27,-40,
66,1,
50,-45,
46,-2,
6,8,
-63,-55,
-23,-54,
41,-52,
-59,-26,
-45,-56,
-30,-82,
35,21,
14,1,
10,26,
5,-16,
-16,1,
54,-36,
-33,23,
-15,69,
-30,59,
-76,-43,
-48,-49,
29,-56,
67,-58,
60,-17,
42,14,
93,-5,
22,-19,
-39,-21,
30,22,
45,56,
48,3,
-59,-20,
24,-73,
13,-93,
5,-23,
-39,-31,
20,-2,
53,23,
-56,-10,
31,14,
111,-81,
49,-75,
-50,0,
-6,-35,
-38,-39,
-36,29,
38,29,
18,106,
46,120,
-18,-2,
-24,-105,
31,-200,
112,-76,
20,35,
-42,-56,
-63,-53,
40,-21,
132,44,
9,-17,
-71,11,
-35,-39,
-56,15,
64,-6,
32,2,
25,-6,
17,6,
-65,-47,
-53,-10,
-55,-24,
-9,3,
41,23,
38,0,
13,11,
2,4,
10,-12,
-3,-2,
18,-22,
0,-54,
29,-13,
53,-35,
-22,-22,
-63,25,
-110,14,
-5,-27,
-17,-50,
-14,-21,
-1,-47,
-17,-17,
-29,15,
-31,-25,
-18,18,
-49,37,
-65,17,
-49,47,
-9,69,
-26,24,
-33,59,
15,38,
28,61,
-22,-39,
-44,-102,
-38,23,
-45,78,
26,-4,
25,5,
10,42,
-33,20,
-59,-1,
-8,-27,
-38,-69,
-8,-51,
51,-43,
-19,-48,
-73,-103,
-106,-41,
-2,-18,
33,61,
37,13,
2,8,
-18,-41,
43,-81,
-7,-82,
-86,-63,
6,-49,
-22,-7,
54,0,
4,-12,
-30,-54,
-54,-23,
-13,-45,
3,28,
61,22,
30,12,
-18,-7,
-65,1,
38,-27,
66,-34,
67,17,
-21,36,
-30,33,
41,-20,
49,-26,
70,-2,
16,41,
-97,13,
-111,-49,
-75,-45,
29,-56,
-12,0,
-34,52,
-25,0,
53,42,
70,16,
57,-22,
-36,-64,
-93,-24,
-10,5,
17,80,
33,23,
-32,24,
8,28,
-15,58,
-46,-42,
15,-11,
233,357,
1080,1965,
2294,4976,
1962,6574,
33,5167,
-1670,1307,
-1574,-793,
-119,-575,
1093,409,
1659,1244,
1364,1712,
442,1600,
-242,906,
-251,97,
-15,-243,
9,-339,
-182,-538,
-255,-630,
-129,-449,
-16,-102,
140,30,
309,-79,
267,-183,
40,-265,
-185,-343,
-306,-187,
-204,57,
-48,-31,
-15,-149,
-59,-332,
-214,-242,
-212,-69,
-159,-3,
-85,22,
-13,-27,
-49,-37,
-157,-84,
-262,-96,
-240,-207,
-212,-287,
-112,-216,
-25,-107,
70,-5,
9,-66,
-91,-133,
-140,-236,
-190,-210,
-147,-110,
-41,-78,
35,-63,
124,-165,
161,-134,
108,-135,
50,-33,
-7,-47,
-67,-73,
-23,-12,
86,9,
-1,24,
-22,6,
-85,3,
-57,-23,
25,-153,
10,-89,
25,-83,
23,-19,
106,-82,
123,-168,
89,-201,
-3,-179,
-29,-30,
-33,6,
-14,-13,
96,-71,
68,-28,
42,44,
-8,-15,
-104,5,
-171,33,
-141,-30,
-105,-122,
20,-168,
53,-89,
-27,-56,
33,-56,
32,-88,
92,-31,
20,-72,
34,-81,
-39,-61,
5,17,
31,10,
17,-17,
-18,-93,
-16,-61,
-5,-41,
23,-62,
45,-116,
46,-80,
80,-27,
11,27,
-36,-46,
-22,-71,
-58,-8,
34,26,
41,-3,
73,-49,
11,-174,
-24,-119,
-67,-112,
-4,-66,
18,1,
-38,-21,
-75,-14,
-83,-5,
-79,-7,
-69,-35,
-48,-82,
11,-99,
0,-75,
-3,20,
-14,9,
-17,-25,
-51,-91,
8,-62,
-5,-42,
-39,-22,
-57,-81,
-113,-50,
-71,-51,
-17,-48,
38,-57,
34,-133,
2,-109,
-73,-28,
-58,11,
-24,-18,
31,-93,
-22,-21,
-54,-32,
-7,18,
36,64,
-95,10,
-120,-10,
-48,20,
9,21,
-8,19,
0,-65,
-43,-93,
49,-1,
22,8,
-1,34,
-55,-30,
-37,-25,
-13,-50,
45,-27,
16,-63,
00>
_________________________________
00>
00>
Printing STS1 CIR
00>
00>
_________________________________
00>
-8,7,
11,28,
-24,2,
-63,3,
1,42,
34,-9,
-14,0,
-19,20,
39,17,
59,-25,
48,-26,
48,-7,
37,41,
47,33,
88,5,
40,-24,
34,12,
-17,42,
13,20,
76,6,
98,-16,
44,36,
14,45,
17,60,
52,28,
26,7,
51,-10,
-9,0,
20,30,
-1,20,
45,20,
47,57,
4,91,
8,-58,
18,25,
19,41,
24,-31,
-5,-71,
-1,-56,
-38,12,
79,51,
11,14,
10,32,
5,55,
12,18,
47,26,
56,77,
52,-23,
39,-9,
23,51,
62,16,
83,-19,
58,-40,
25,-37,
-51,-21,
-23,26,
9,58,
40,4,
72,-45,
57,-24,
-21,10,
-32,63,
-79,45,
7,-35,
30,-16,
-29,44,
-35,21,
-51,68,
-22,104,
-17,14,
-6,-38,
79,13,
22,-18,
-34,-11,
-64,9,
13,7,
67,16,
43,68,
-42,80,
-20,40,
-27,28,
64,48,
41,-1,
44,19,
24,-28,
28,-40,
3,0,
-14,12,
-62,-15,
54,13,
79,-46,
26,-48,
-35,-33,
-37,12,
-1,-30,
-10,-12,
-46,57,
-43,23,
5,67,
-39,37,
-73,-34,
-58,-44,
-53,28,
-78,37,
21,-78,
94,-87,
90,-27,
88,30,
-41,-9,
-31,-21,
30,-70,
68,-22,
56,-42,
21,-15,
30,31,
-43,20,
-1,72,
22,54,
-33,19,
-53,3,
-97,-36,
1,-7,
0,-16,
-11,40,
27,5,
36,-12,
35,-3,
45,12,
39,135,
8,109,
40,-24,
41,-73,
60,-80,
72,48,
13,44,
38,81,
48,21,
13,-7,
17,-36,
-54,32,
26,-19,
79,-76,
-3,14,
5,36,
0,21,
-27,-29,
-42,3,
23,28,
63,66,
44,-5,
19,-31,
-26,-65,
-7,-71,
-8,-44,
31,-29,
42,-89,
-43,20,
-119,-29,
-52,-65,
-10,13,
37,-3,
63,-16,
64,-13,
39,37,
55,-5,
33,3,
21,-51,
51,-42,
61,29,
76,71,
67,57,
26,30,
2,34,
-89,-8,
-32,41,
46,53,
6,51,
91,24,
26,35,
-48,9,
-78,-51,
-59,-6,
6,-3,
43,34,
3,65,
-66,13,
15,12,
65,29,
36,-9,
-39,-24,
-34,62,
22,70,
73,42,
11,-29,
-6,-72,
29,-27,
34,21,
-6,15,
74,-29,
61,-60,
50,-9,
-15,-8,
-19,-28,
-35,15,
-23,27,
-18,81,
-42,74,
16,29,
30,24,
-9,-36,
-12,-7,
17,-24,
17,-9,
16,38,
21,103,
53,10,
-25,-63,
-16,17,
23,66,
68,19,
74,-29,
31,19,
21,52,
61,51,
62,-60,
40,1,
15,12,
-8,61,
-66,7,
25,10,
-9,-15,
-19,-53,
-20,15,
-63,19,
15,25,
54,-19,
1,-81,
-77,-31,
-22,-62,
38,-53,
8,13,
-36,34,
-35,36,
1,75,
29,4,
28,-96,
11,-11,
38,49,
40,42,
28,-20,
34,-9,
67,31,
62,-17,
88,-25,
93,-91,
38,-65,
-6,-26,
-36,37,
7,69,
-22,89,
65,68,
63,36,
54,-69,
106,-19,
50,0,
45,62,
-22,35,
20,-22,
29,7,
24,72,
34,17,
-7,-10,
-41,74,
-67,74,
-9,88,
17,44,
27,-20,
62,29,
87,-45,
62,17,
93,71,
71,83,
28,39,
48,-30,
47,-39,
2,-20,
11,6,
34,12,
31,-40,
15,-22,
18,6,
64,-34,
6,3,
25,-15,
32,-12,
38,51,
20,30,
18,-8,
56,3,
83,38,
36,-25,
31,24,
11,9,
-4,-26,
-47,2,
-62,29,
2,71,
47,12,
-41,-81,
-44,-24,
1,-29,
-50,-1,
51,-4,
26,36,
58,-38,
-18,-7,
-17,44,
-1,38,
31,0,
74,15,
22,-31,
19,-4,
30,39,
52,21,
11,-12,
-65,38,
-69,-22,
-79,41,
-14,-58,
69,-97,
31,-26,
81,36,
37,28,
14,15,
17,-44,
47,-36,
10,-41,
36,-26,
24,12,
44,60,
20,47,
-46,10,
17,20,
15,64,
-5,-27,
48,-47,
54,-40,
53,72,
22,29,
25,-45,
21,-71,
101,-51,
102,21,
19,41,
42,51,
485,193,
2234,1073,
4974,3089,
5835,4332,
3940,3718,
171,1097,
-1304,-688,
-520,-825,
89,-344,
-496,-386,
-1331,-764,
-1130,-969,
-402,-668,
96,-236,
127,184,
-157,482,
-407,448,
-308,270,
-41,73,
241,-120,
444,-54,
332,-57,
251,-58,
51,-141,
-238,-87,
-348,-144,
-278,-18,
-142,35,
43,111,
134,15,
102,-44,
-97,-110,
-181,-125,
-173,-93,
-10,127,
-49,157,
-50,150,
-130,-36,
-106,-292,
-20,-331,
53,-152,
96,-28,
39,96,
-86,100,
-124,-21,
-57,-49,
-25,-26,
22,52,
73,45,
135,8,
135,-59,
47,-73,
-59,-55,
-113,-2,
-1,29,
-25,-22,
-66,-44,
-16,-82,
45,-68,
11,-33,
-113,11,
-71,-58,
0,-95,
-3,-106,
-4,-36,
-11,-72,
82,-16,
136,-12,
152,-144,
30,-154,
-119,-115,
-157,7,
-82,60,
5,74,
57,84,
46,33,
-90,22,
-138,80,
-113,53,
-9,46,
-12,1,
-97,-12,
-137,7,
-86,64,
13,81,
16,-84,
-52,-98,
-41,-37,
23,-27,
-4,-69,
-34,-23,
-74,-26,
-106,0,
-80,19,
-4,-37,
4,-40,
-17,28,
-45,-28,
-36,49,
11,-34,
-45,-135,
58,-45,
-5,-6,
-31,29,
-15,58,
7,-3,
10,30,
11,43,
-7,-19,
-13,-26,
-32,9,
-75,-52,
-76,103,
-65,46,
10,-42,
-24,-122,
-16,-102,
-64,-48,
-40,-15,
-38,-52,
-35,45,
-63,79,
-121,-24,
-35,-45,
18,30,
-1,48,
-10,22,
-74,17,
-78,8,
-17,53,
-33,-15,
-37,-50,
-19,9,
-40,-3,
-69,-32,
-45,-15,
-27,-110,
4,-69,
-36,-11,
-14,20,
81,25,
-15,13,
-50,-75,
-81,-77,
29,-107,
103,-189,
-13,-7,
-60,146,
8,96,
35,44,
115,35,
37,-14,
-37,-12,
-33,-42,
-8,-68,
-20,20,
-62,-14,
00>
_________________________________
00>
RX Timestamp: 579591233203
00>
Clock Offset: 1781.559 Hz, -0.223 ppm
00>
RX Timestamp: 580663176647
00>
Clock Offset: 2637.005 Hz, -0.330 ppm
00>
_________________________________
Sequence Number: 5
00>
00>
Printing STS0 CIR
00>
00>
_________________________________
00>
4,-22,
6,-42,
-32,-9,
-47,64,
-9,39,
-22,-16,
10,-39,
-9,-63,
14,21,
-6,37,
-91,-30,
62,-8,
-3,25,
-20,-8,
-58,5,
4,-19,
14,-46,
4,-38,
46,-4,
13,-43,
-14,-19,
21,8,
-3,-37,
-24,87,
21,-4,
24,-77,
69,-24,
3,-29,
68,-20,
9,35,
1,56,
14,51,
-6,15,
-22,58,
-26,22,
-3,78,
-2,64,
0,-24,
-12,-110,
-16,-19,
-31,45,
3,95,
0,18,
-31,-44,
-38,-61,
-63,24,
-61,8,
5,-30,
33,-15,
-17,-43,
-56,-52,
26,-1,
33,12,
127,0,
34,-18,
29,-7,
-41,22,
34,-12,
46,-34,
27,-70,
9,-10,
-14,10,
-3,5,
-1,7,
12,38,
16,15,
-11,4,
-45,27,
-16,49,
-36,26,
-67,-23,
-59,-44,
-16,-41,
-68,21,
45,26,
0,42,
-61,35,
-25,-10,
61,22,
41,-42,
66,-100,
61,-31,
-54,-64,
59,30,
26,-1,
-12,24,
38,-24,
41,-49,
-11,-19,
-47,-36,
0,-47,
19,40,
13,-1,
12,-14,
-9,-25,
0,35,
-19,-21,
-10,-4,
107,-4,
8,-10,
18,32,
68,12,
-14,27,
64,-8,
3,10,
50,-12,
40,45,
11,19,
-55,-14,
-70,4,
-3,-7,
-21,-7,
-27,-58,
61,-10,
-47,48,
22,114,
-59,124,
-80,84,
-53,-9,
12,-9,
-2,-32,
11,-1,
39,91,
-16,21,
-1,4,
42,17,
35,-3,
-39,-38,
30,-31,
46,16,
46,-64,
7,57,
-42,65,
-43,10,
13,-55,
85,30,
47,-39,
-70,-29,
-4,-24,
-38,35,
-37,-2,
1,-66,
-17,-8,
-41,-43,
19,-6,
-28,5,
2,-15,
14,36,
-26,46,
10,37,
31,-80,
-35,-75,
-26,-35,
-35,-68,
-1,-54,
8,-20,
20,35,
31,-41,
-34,-28,
-13,12,
10,39,
30,5,
57,44,
0,27,
-45,61,
-109,46,
-51,-64,
-84,0,
-42,-18,
-86,46,
-29,1,
-27,15,
-51,-12,
-39,-25,
18,-9,
58,-9,
11,-10,
11,2,
25,-54,
15,-64,
60,-51,
41,12,
58,-6,
11,-36,
-16,-22,
-31,-30,
-15,-48,
20,11,
-1,51,
5,-78,
41,-77,
24,-35,
-25,-8,
-32,11,
-48,16,
-15,42,
-19,-33,
-48,-4,
-17,-2,
-17,-108,
18,-7,
-31,58,
-9,27,
-62,-15,
-4,-8,
22,27,
-23,17,
-15,-19,
29,13,
21,-1,
-79,-15,
-30,83,
-32,27,
61,-17,
33,12,
36,-25,
-7,-47,
-5,-12,
-10,65,
-28,5,
-45,35,
-61,33,
-30,-13,
-10,-22,
-38,-7,
24,-48,
6,-26,
15,-11,
39,-9,
39,-17,
46,-33,
-38,-38,
-33,-29,
-21,-1,
-49,2,
12,-44,
75,-37,
29,-8,
17,9,
-64,-5,
-21,-20,
1,-10,
-10,-31,
-6,-54,
-4,-37,
-52,-16,
13,-20,
34,-49,
-26,7,
19,39,
-21,27,
-81,12,
-3,-32,
-7,-18,
-33,4,
-9,-1,
48,-2,
76,48,
26,-34,
-19,-3,
-26,10,
-4,-11,
-17,41,
8,-23,
44,24,
71,38,
16,8,
39,-29,
108,70,
95,84,
-12,67,
-5,24,
30,15,
23,-8,
53,-63,
34,-36,
39,-28,
61,-11,
93,-70,
-4,-109,
-30,-2,
-37,21,
-45,-22,
74,-50,
59,-46,
52,-31,
58,-6,
1,-9,
-8,-9,
26,37,
-33,13,
71,-12,
28,-10,
19,-58,
25,-29,
-32,-8,
-14,5,
-57,-29,
29,-7,
49,-24,
41,3,
76,4,
77,-25,
-19,-37,
-7,-38,
-79,-15,
-66,-41,
-25,34,
3,68,
-47,44,
22,-117,
16,-22,
12,-49,
-9,-33,
7,7,
3,-2,
3,43,
12,16,
-7,35,
-10,56,
6,-25,
31,-23,
40,-20,
-67,97,
-73,101,
61,21,
7,-22,
-49,-16,
13,41,
56,88,
25,31,
-49,-54,
-83,-23,
-43,-15,
14,30,
9,73,
-5,-49,
-19,-54,
-44,-60,
36,-19,
34,74,
22,68,
-18,-57,
-47,-34,
18,-11,
1,-44,
-21,25,
10,2,
-10,58,
21,-11,
23,8,
7,-18,
-119,-119,
-953,-441,
-4105,-2041,
-6822,-4129,
-6450,-5324,
-3656,-5643,
1515,-2183,
2336,98,
155,501,
-2008,275,
-3306,-254,
-3166,-1145,
-1769,-1604,
-404,-1018,
164,-94,
190,313,
377,391,
848,599,
978,740,
165,189,
41,41,
-258,115,
-319,439,
-66,470,
222,356,
466,183,
407,-22,
140,-159,
130,-39,
267,163,
316,271,
252,71,
204,-65,
162,-67,
150,0,
31,27,
16,45,
228,22,
427,-47,
462,15,
353,-19,
285,35,
158,20,
57,111,
86,156,
195,160,
293,109,
369,90,
231,43,
101,22,
-90,75,
-77,167,
-78,113,
-137,99,
39,138,
51,125,
44,43,
-20,58,
67,51,
42,23,
0,-44,
33,-43,
91,-13,
99,47,
17,99,
-18,79,
78,67,
18,15,
-41,83,
43,183,
112,160,
190,41,
119,-9,
105,-34,
17,48,
25,151,
-40,167,
-84,-6,
63,-114,
158,-108,
118,23,
50,174,
5,200,
8,122,
-16,73,
2,77,
17,133,
-20,135,
-1,118,
53,85,
76,135,
60,131,
129,83,
67,11,
-18,-15,
3,-17,
38,9,
129,72,
79,10,
60,12,
57,-11,
90,-8,
41,70,
90,38,
52,41,
106,54,
101,18,
109,107,
109,119,
132,48,
74,44,
63,39,
26,32,
37,31,
120,85,
61,8,
51,-19,
69,3,
89,26,
177,72,
127,60,
92,82,
94,83,
86,59,
108,62,
14,112,
38,70,
58,87,
74,80,
127,-42,
96,17,
-23,13,
9,24,
126,46,
142,105,
101,61,
107,114,
127,50,
135,98,
77,41,
96,35,
106,87,
84,39,
58,27,
22,5,
11,71,
143,76,
24,54,
44,-4,
8,6,
-66,13,
36,-2,
31,-48,
123,8,
110,62,
84,23,
-45,21,
66,45,
119,64,
120,58,
00>
_________________________________
00>
00>
Printing STS1 CIR
00>
00>
_________________________________
00>
41,33,
3,28,
-76,-12,
0,-44,
42,-78,
-47,-22,
-2,9,
5,79,
-3,-4,
-1,-13,
58,1,
82,47,
22,-24,
-13,-34,
23,-59,
23,-23,
7,6,
16,-1,
-32,3,
14,-65,
24,-6,
62,15,
27,-30,
-22,59,
-39,98,
2,107,
25,63,
55,-16,
28,-43,
-14,2,
40,60,
24,8,
-34,16,
-26,-9,
-15,11,
9,53,
5,74,
14,-27,
-10,-33,
35,-9,
-3,-2,
-32,9,
-64,-25,
-66,8,
44,12,
69,54,
50,-21,
-13,8,
-27,25,
-32,65,
41,41,
-25,-23,
-13,-5,
-83,13,
5,37,
70,4,
65,37,
18,64,
-57,-3,
-3,-58,
-9,-70,
-19,-11,
-6,23,
-40,-16,
-11,23,
37,-12,
7,-84,
-13,-28,
-11,-17,
37,9,
72,21,
11,-23,
-27,6,
19,-13,
13,-31,
55,2,
-21,27,
-11,10,
8,-9,
45,6,
-3,81,
17,33,
-14,15,
-51,-42,
-36,-27,
-31,-52,
42,23,
-9,5,
14,25,
27,-38,
14,-22,
-2,1,
25,-18,
37,22,
31,-13,
6,-40,
-1,-18,
-3,-96,
15,-74,
-36,-12,
-7,-22,
-64,-62,
13,9,
41,58,
37,41,
30,-10,
34,-18,
49,28,
38,12,
12,-28,
-33,-8,
-7,-12,
34,9,
-5,26,
-8,43,
-5,10,
6,15,
-10,7,
11,42,
37,-32,
4,-61,
18,-10,
41,-9,
59,-19,
33,-13,
58,-31,
39,-74,
36,-12,
3,1,
-21,6,
-39,26,
17,29,
43,31,
22,50,
16,-13,
89,55,
44,-18,
13,-14,
7,-43,
26,-21,
59,70,
22,87,
-22,77,
-12,53,
-25,11,
9,-35,
-29,16,
-27,0,
-1,-11,
24,12,
53,34,
7,-32,
-24,-8,
-12,-8,
31,0,
90,60,
41,1,
38,18,
27,21,
66,31,
64,86,
-19,68,
-57,-25,
-45,-23,
-54,-13,
-50,-37,
23,-68,
50,-91,
-10,-18,
13,-36,
65,2,
23,36,
32,-1,
13,38,
-9,-52,
-44,-62,
-16,-19,
4,2,
34,113,
-5,81,
-22,10,
-23,-16,
8,39,
39,39,
10,-27,
8,-59,
2,51,
-4,-19,
16,14,
14,-24,
14,7,
-56,2,
-6,84,
54,9,
75,2,
31,42,
24,20,
2,31,
12,-22,
32,-33,
11,-7,
-17,-29,
28,3,
39,-84,
41,-53,
24,-78,
68,-18,
15,-14,
34,-60,
-46,-44,
-10,-17,
-17,-62,
38,-20,
76,-51,
-24,21,
-7,16,
38,21,
10,29,
28,-2,
-11,4,
-59,26,
9,-7,
29,-17,
-13,-28,
44,-13,
9,-33,
-31,-104,
-85,-134,
-22,-80,
10,10,
34,2,
-1,10,
-35,33,
47,13,
61,-6,
13,61,
3,12,
12,-12,
-13,26,
18,6,
-8,-35,
-2,19,
-37,69,
65,116,
1,120,
-55,74,
-30,-28,
-18,1,
-38,-33,
20,33,
61,6,
55,-9,
21,-3,
16,40,
-6,83,
-11,4,
-41,-10,
17,-44,
69,-4,
60,12,
10,-38,
38,34,
21,84,
-29,15,
0,-91,
-6,33,
-1,59,
-16,35,
-38,-20,
4,-25,
25,14,
60,-23,
51,-23,
71,11,
42,71,
66,93,
17,177,
-19,122,
46,37,
42,-18,
18,8,
5,27,
36,6,
27,13,
-19,-32,
25,-31,
-2,-14,
46,30,
2,6,
35,-2,
103,10,
38,-60,
-14,5,
-24,5,
26,7,
2,-95,
9,-60,
21,-6,
-38,-64,
-8,-8,
28,-24,
29,-26,
-9,-24,
36,12,
34,40,
-40,-45,
8,49,
12,29,
44,35,
35,-14,
31,28,
-48,-19,
-36,3,
13,65,
-54,38,
-6,-30,
21,49,
-33,63,
0,26,
0,-13,
-28,-12,
-14,10,
4,39,
47,68,
51,48,
42,65,
8,46,
35,5,
26,23,
3,36,
-9,-40,
44,-42,
-4,-6,
-16,-24,
-25,54,
67,49,
87,11,
63,-6,
30,-39,
34,-11,
49,-12,
50,-22,
40,-16,
81,-7,
1,46,
-26,57,
-87,56,
-6,11,
-38,-14,
-21,1,
-42,-11,
-6,3,
-133,54,
-1073,577,
-4966,1936,
-7897,2024,
-8089,1295,
-6680,-214,
-20,-1128,
2145,-593,
862,333,
322,219,
1540,-501,
2647,-654,
2042,11,
736,489,
-32,338,
-224,-267,
-40,-810,
39,-1040,
-35,-732,
-33,-19,
7,276,
-272,536,
-242,417,
-4,303,
355,191,
483,-86,
514,-224,
297,-228,
-64,-80,
-198,52,
-136,152,
50,113,
275,41,
358,-53,
256,4,
-1,-41,
-49,-167,
107,-211,
257,12,
420,229,
259,326,
45,235,
-54,124,
45,-7,
93,-161,
185,-143,
193,-126,
84,-35,
-84,-88,
-185,28,
-121,161,
47,214,
79,198,
173,98,
98,40,
43,33,
36,-21,
28,11,
53,-21,
57,-87,
93,-144,
104,-137,
170,-129,
195,-77,
146,88,
57,116,
-40,36,
74,41,
99,80,
159,164,
228,8,
255,-70,
86,-152,
39,-122,
-53,-89,
-45,-4,
-13,-93,
2,-169,
94,-245,
46,-229,
107,-140,
113,12,
131,23,
49,1,
16,33,
52,-2,
65,-45,
140,-86,
107,-41,
63,-15,
85,-22,
139,-21,
82,-17,
88,18,
9,49,
14,61,
32,63,
49,4,
18,-13,
14,-44,
11,-25,
22,28,
64,29,
145,-8,
100,-78,
66,-53,
59,54,
24,-1,
68,-18,
101,73,
45,0,
55,-62,
16,-53,
85,1,
55,-1,
35,11,
-8,69,
72,20,
73,-55,
61,-23,
95,-13,
79,-14,
91,-24,
142,-47,
141,-33,
45,-15,
3,-5,
22,-2,
39,-50,
34,-70,
69,-71,
-6,-27,
48,-54,
76,-36,
72,-18,
80,-27,
35,-35,
65,-48,
98,-31,
63,43,
86,17,
67,41,
97,-31,
130,-13,
98,-36,
101,-29,
108,14,
-13,-19,
16,-42,
27,-16,
113,29,
62,-12,
97,-13,
47,-10,
8,-2,
77,-8,
132,-19,
49,-7,
49,-63,
13,-47,
00>
_________________________________
00>
_________________________________
Sequence Number: 8
00>
00>
Printing STS0 CIR
00>
00>
_________________________________
00>
-2,-21,
-43,32,
-56,6,
-36,-35,
33,6,
12,47,
22,21,
-9,33,
-36,0,
-84,-113,
-22,-21,
23,11,
55,51,
57,63,
72,28,
8,3,
0,-36,
13,-2,
-13,-57,
33,-10,
59,30,
36,-48,
2,-78,
1,26,
28,15,
-66,-24,
32,-11,
82,-15,
77,-48,
72,8,
29,29,
37,30,
81,23,
-5,3,
-6,-38,
-41,-48,
-6,-3,
37,39,
48,62,
13,12,
7,-13,
36,-27,
2,-17,
-51,-3,
10,29,
20,29,
10,48,
53,30,
10,27,
-56,14,
-19,-22,
-16,-42,
-48,-30,
-59,-11,
-20,-53,
38,19,
32,-31,
17,-34,
54,-29,
29,18,
-47,6,
-43,31,
-5,7,
1,-42,
-15,19,
23,37,
52,95,
36,-13,
27,-7,
65,20,
78,5,
56,19,
64,17,
105,58,
-10,65,
-16,16,
-12,23,
122,46,
69,-36,
52,-11,
1,-42,
-11,-83,
-9,0,
23,-46,
79,5,
61,24,
93,-40,
33,-50,
19,-62,
14,-14,
16,-3,
16,-46,
-14,-20,
-21,-18,
29,43,
-32,73,
12,-41,
38,0,
95,34,
19,-9,
19,-53,
-5,-26,
20,33,
21,-16,
1,-40,
-51,-46,
-51,45,
-2,41,
18,2,
29,-3,
66,38,
27,-16,
47,-67,
-24,-8,
4,87,
19,109,
23,-36,
31,-64,
-3,-26,
38,12,
-30,54,
-68,-62,
23,-88,
12,21,
29,74,
47,16,
50,-2,
19,-22,
17,20,
-30,4,
-52,2,
-31,-40,
-2,25,
4,-15,
44,34,
-23,56,
-51,21,
21,2,
13,93,
-27,48,
-32,76,
45,48,
104,-20,
95,20,
30,54,
0,25,
-14,12,
28,-2,
7,-2,
-10,-19,
9,50,
4,-48,
-4,13,
39,1,
28,24,
30,19,
49,-17,
88,25,
-9,51,
-7,-6,
-25,-8,
40,-42,
-39,21,
-5,18,
-9,-4,
-45,-41,
-60,-76,
-98,34,
-91,59,
-11,0,
23,16,
30,2,
17,1,
3,2,
1,43,
55,27,
44,55,
11,8,
-40,-37,
2,47,
50,29,
-1,16,
-43,43,
-7,14,
38,-19,
72,-52,
-63,-4,
20,-25,
-3,-15,
28,60,
68,31,
37,38,
-14,22,
40,73,
37,33,
67,37,
46,-6,
8,3,
16,-4,
32,-19,
36,15,
82,2,
0,-30,
-13,4,
15,-20,
7,37,
-9,26,
-67,2,
-65,-62,
-72,-12,
-54,16,
-60,-50,
47,-12,
100,5,
53,-13,
45,60,
13,17,
14,68,
54,41,
27,9,
44,-44,
42,-2,
-20,97,
26,49,
-5,23,
5,29,
-51,-9,
3,-26,
41,-15,
-11,-5,
69,24,
52,-30,
65,10,
4,20,
107,35,
26,8,
32,12,
95,-103,
55,-54,
45,-90,
-1,7,
0,-24,
17,-11,
-39,-32,
-4,-15,
-5,-37,
-36,-38,
-73,-5,
-57,14,
-10,23,
-116,35,
3,2,
24,-48,
13,-45,
23,-20,
3,21,
18,-16,
66,15,
63,-16,
15,-30,
43,-6,
13,11,
49,36,
83,-5,
-54,17,
-78,17,
-7,-35,
76,-12,
79,-10,
12,25,
19,-72,
119,-33,
10,-26,
-26,-4,
13,-1,
46,-48,
-2,-26,
40,-20,
-28,-25,
60,-9,
-30,-51,
-38,-102,
-15,-30,
63,-14,
51,0,
64,27,
-30,74,
27,23,
19,35,
-4,62,
30,-7,
24,5,
11,9,
-30,46,
-39,18,
-11,-19,
-12,-8,
18,3,
13,71,
38,33,
-52,11,
-17,-37,
-35,-45,
2,49,
50,55,
31,14,
-66,-44,
-36,27,
-3,43,
13,65,
15,9,
-27,5,
23,-4,
32,26,
-14,-24,
37,-30,
72,-62,
78,-84,
12,-87,
72,-20,
57,8,
41,59,
-42,-47,
-44,10,
25,-1,
0,14,
12,-27,
-11,-32,
-78,35,
58,31,
5,9,
-17,-9,
36,-61,
74,-34,
41,-2,
95,10,
-4,68,
15,20,
30,-67,
48,-30,
-5,28,
3,27,
44,-26,
10,23,
-47,-12,
-79,-7,
-11,-22,
50,-43,
57,31,
58,-6,
20,-36,
-37,7,
-28,43,
20,-21,
42,-38,
24,6,
-22,-23,
-171,-302,
-1107,-2180,
-1869,-6391,
-922,-7866,
1030,-6267,
2179,-237,
1943,2441,
483,1619,
-615,1202,
-2478,2439,
-4969,2512,
-5521,218,
-3189,-1510,
-526,-876,
404,163,
193,216,
59,-293,
246,-645,
481,-378,
230,-46,
44,172,
-41,44,
-100,-150,
0,68,
13,218,
-77,401,
1,238,
-127,-40,
-289,-303,
-262,-480,
-185,-447,
-100,-257,
47,21,
141,103,
140,-69,
172,-15,
266,4,
228,24,
153,50,
-24,-106,
-176,-67,
-203,6,
-161,97,
-53,237,
-3,208,
-70,157,
-97,100,
-25,49,
3,-51,
-35,-117,
-47,-79,
-52,0,
-33,79,
25,56,
86,101,
117,202,
150,247,
-20,308,
-85,248,
-121,253,
14,204,
89,210,
5,120,
-46,144,
17,88,
102,137,
138,167,
119,66,
121,82,
43,156,
118,153,
104,63,
70,-58,
54,-168,
144,-165,
257,-92,
377,34,
466,134,
448,175,
292,178,
185,192,
91,120,
7,4,
-35,-33,
-152,16,
-34,4,
152,2,
115,-35,
30,37,
22,55,
73,7,
43,15,
103,35,
113,73,
89,100,
115,148,
54,110,
83,55,
76,65,
-26,82,
0,73,
-32,59,
15,26,
118,88,
156,109,
64,80,
89,8,
103,25,
90,13,
16,48,
-32,55,
41,65,
22,105,
-20,83,
46,62,
57,-17,
106,88,
64,155,
128,165,
103,140,
47,116,
-47,43,
-25,59,
19,84,
67,95,
86,44,
54,-47,
61,6,
71,52,
27,110,
-18,93,
-7,14,
31,51,
-10,51,
-6,45,
65,43,
67,80,
117,69,
44,82,
51,76,
56,78,
41,86,
11,66,
-10,35,
31,45,
48,56,
-27,73,
-57,18,
-61,28,
23,-40,
77,-19,
69,66,
72,73,
56,110,
-16,62,
00>
_________________________________
00>
00>
Printing STS1 CIR
00>
00>
_________________________________
00>
33,23,
59,43,
20,51,
-5,16,
-9,-23,
3,-19,
18,-30,
-6,-7,
-20,96,
-23,80,
-27,20,
5,-78,
-41,-16,
-32,45,
-59,22,
-27,-42,
-8,6,
10,80,
3,23,
-11,-10,
87,-18,
49,-79,
71,-23,
70,-31,
63,-22,
2,-67,
-6,-6,
-43,62,
11,17,
61,-62,
62,-26,
4,108,
-11,50,
74,2,
-2,-36,
-1,-15,
-17,-12,
15,22,
1,-35,
13,-55,
1,51,
-33,-8,
-9,62,
-8,55,
32,-25,
36,-31,
14,38,
-24,62,
18,-39,
-26,-31,
-6,13,
-34,36,
6,82,
10,12,
-8,9,
45,56,
77,20,
28,72,
-13,73,
-26,28,
-33,-7,
-1,-23,
-13,54,
34,30,
30,30,
3,56,
13,51,
-10,-10,
17,-17,
21,12,
42,2,
76,-14,
21,43,
24,-9,
-15,6,
17,4,
25,-23,
28,33,
57,-41,
80,-15,
-60,-29,
-39,44,
-6,20,
2,-22,
1,31,
29,8,
-16,-5,
-67,43,
-30,46,
-75,13,
-45,-13,
-17,10,
7,-20,
-17,38,
16,47,
16,-63,
-8,-25,
-47,1,
-14,9,
14,-19,
52,-8,
83,-18,
64,62,
-3,112,
-16,128,
-42,36,
12,15,
85,42,
-23,-14,
32,-41,
18,-26,
-17,-5,
19,-1,
74,-2,
-6,34,
7,20,
43,38,
48,-15,
-10,-25,
77,-2,
31,-39,
-56,-14,
38,-84,
55,6,
101,8,
44,32,
1,65,
29,54,
12,14,
91,12,
108,6,
38,-9,
30,30,
-12,26,
-9,-55,
27,12,
38,-4,
-18,-3,
23,12,
53,-24,
-48,-56,
39,-38,
-28,-12,
14,12,
40,11,
69,-86,
12,-57,
-22,-13,
-39,59,
-27,49,
-73,55,
3,46,
55,-17,
41,-6,
-15,-5,
-7,58,
13,68,
42,60,
73,42,
32,102,
51,55,
45,38,
-1,-11,
11,-13,
57,-40,
-15,6,
24,-36,
38,-12,
-69,38,
-74,115,
-27,73,
7,50,
10,25,
42,7,
26,-11,
-2,17,
-55,7,
-32,-25,
-13,-18,
-52,25,
14,53,
52,28,
32,21,
-18,28,
-4,23,
47,14,
-5,-53,
-37,-2,
10,-10,
89,-19,
50,-34,
13,55,
36,27,
44,79,
-4,27,
-50,24,
23,-33,
-7,-31,
0,16,
12,34,
25,74,
25,9,
-50,27,
-10,39,
45,3,
14,75,
-2,-13,
24,-10,
-7,39,
-28,28,
-4,16,
65,26,
47,48,
18,-11,
-22,79,
-14,163,
-63,154,
-32,55,
38,-59,
26,-10,
38,40,
-8,55,
15,-3,
29,44,
-4,53,
-31,7,
30,1,
22,29,
-13,29,
17,64,
67,11,
53,-29,
67,11,
66,4,
36,0,
15,49,
59,69,
-13,2,
43,-25,
-15,35,
-5,31,
11,43,
-18,-17,
2,-58,
16,-23,
17,-39,
31,-18,
15,-25,
14,2,
-8,9,
-15,42,
53,68,
62,62,
13,-26,
-17,-18,
21,-20,
2,10,
-54,-41,
-35,6,
52,7,
-44,77,
-21,-15,
-25,6,
-14,9,
-10,5,
27,21,
6,24,
-46,4,
-10,-32,
23,-33,
-11,62,
-31,96,
-12,26,
-5,39,
30,14,
-19,1,
8,-5,
27,13,
3,59,
49,-38,
-5,17,
10,52,
-9,64,
12,22,
8,40,
14,-1,
19,42,
3,53,
50,12,
57,36,
12,-2,
3,18,
-8,43,
2,23,
59,-50,
121,-59,
94,-47,
-28,-64,
2,44,
-21,38,
59,6,
71,7,
22,86,
-3,28,
15,25,
1,50,
-10,27,
40,-54,
42,17,
38,27,
32,-23,
26,-24,
-3,-24,
71,-12,
71,-46,
38,11,
-104,19,
-47,41,
26,68,
32,80,
-56,-20,
13,4,
56,19,
30,47,
11,59,
-24,85,
-32,29,
-3,63,
23,18,
53,-84,
41,-55,
32,-1,
15,101,
-2,7,
-61,0,
-2,-52,
17,-75,
-52,-58,
-57,3,
8,-26,
13,-47,
25,-17,
15,-57,
6,16,
72,-58,
24,-43,
46,42,
45,81,
86,51,
33,25,
37,83,
11,32,
-12,-13,
49,-8,
37,-14,
33,-63,
36,-13,
-418,-67,
-2480,-1044,
-6165,-3646,
-6748,-4896,
-4501,-4319,
731,-880,
2918,747,
1338,181,
-252,-915,
-231,-2111,
1051,-2695,
1867,-2117,
1330,-645,
319,247,
-264,294,
-390,185,
-425,374,
-700,694,
-506,638,
-83,149,
443,53,
239,-43,
-61,24,
-97,151,
43,356,
140,465,
19,386,
-68,254,
-83,243,
-32,410,
-7,525,
-15,403,
-35,214,
-58,149,
-47,77,
34,-25,
104,-180,
127,-66,
182,239,
243,401,
215,452,
363,300,
332,150,
280,89,
94,133,
25,210,
43,183,
61,181,
39,158,
-32,176,
-117,110,
-47,41,
66,118,
91,96,
119,115,
161,114,
227,72,
221,-43,
114,-31,
64,-13,
78,34,
73,54,
51,133,
-15,241,
-62,206,
-6,287,
-7,186,
10,8,
-4,87,
-40,95,
-72,137,
26,76,
73,88,
152,25,
197,75,
278,47,
285,27,
263,53,
204,119,
117,125,
111,67,
61,32,
71,-48,
35,-7,
84,80,
43,121,
98,106,
-27,39,
-53,20,
-27,-14,
-26,-22,
-7,-41,
-23,-51,
8,35,
-21,57,
24,42,
39,-19,
100,-17,
54,16,
14,91,
-54,98,
-31,122,
110,97,
109,24,
28,-64,
-1,-138,
-18,-71,
-66,-9,
-20,16,
-2,103,
-14,72,
-23,66,
-25,82,
-56,134,
22,76,
10,49,
49,71,
36,68,
105,155,
-16,129,
-49,76,
-9,96,
-10,126,
-34,103,
30,26,
59,65,
87,39,
8,20,
-14,43,
46,60,
31,24,
-13,26,
-47,32,
-15,-8,
-13,23,
33,27,
20,25,
88,56,
30,60,
15,53,
53,32,
40,5,
85,43,
27,30,
93,36,
58,110,
55,70,
4,103,
-28,63,
-26,51,
9,26,
22,51,
-3,60,
27,28,
86,33,
00>
_________________________________
00>
RX Timestamp: 719939679129
00>
Clock Offset: 2142.334 Hz, -0.268 ppm
00>
RX Timestamp: 721013450933
00>
Clock Offset: 2146.053 Hz, -0.269 ppm
00>
_________________________________
Sequence Number: 142
00>
00>
Printing STS0 CIR
00>
00>
_________________________________
00>
-76,8,
-82,-28,
-16,3,
73,78,
43,-9,
66,-81,
-4,-71,
41,8,
-10,-3,
65,-13,
57,13,
-19,26,
-24,-5,
5,16,
-50,32,
1,-2,
-10,-34,
24,-58,
63,-76,
75,-47,
48,-25,
2,13,
-44,-4,
27,-54,
38,-27,
86,-62,
-1,-47,
-24,-41,
-12,-7,
-24,-32,
-44,-55,
-54,35,
15,25,
-23,35,
-55,-25,
-38,-11,
-8,-57,
-9,7,
19,26,
64,56,
130,66,
7,35,
25,-23,
-36,7,
-2,-3,
26,13,
-14,57,
-43,-45,
-30,-93,
36,-36,
50,16,
45,12,
-15,-34,
-32,23,
-26,-6,
15,-36,
17,-75,
-26,-43,
-30,-10,
-22,-69,
21,-70,
3,-40,
-42,-11,
-63,-34,
-15,-80,
-10,-3,
8,10,
-25,26,
-4,-9,
64,8,
6,13,
24,4,
-53,9,
-51,39,
-1,42,
19,16,
68,-30,
30,-35,
33,-3,
52,9,
-3,-47,
-54,-82,
27,-12,
42,-7,
24,5,
63,-24,
18,25,
7,-41,
7,-47,
20,-32,
5,3,
42,-6,
73,-26,
36,-33,
24,62,
-6,4,
16,-76,
-31,-126,
16,6,
2,-2,
31,-53,
23,-38,
-56,13,
80,14,
31,4,
-58,-9,
-69,-42,
8,22,
127,-24,
82,47,
-38,-18,
-40,-9,
32,-25,
-25,5,
61,-8,
66,12,
-27,-20,
30,36,
23,30,
32,4,
28,17,
55,3,
76,9,
64,-2,
3,-4,
-41,16,
54,17,
58,59,
83,53,
-47,34,
-22,90,
-3,37,
16,19,
-32,-6,
-7,1,
18,-13,
33,45,
-7,41,
-12,29,
39,41,
49,39,
7,-26,
-53,-17,
7,7,
52,11,
-23,-25,
-96,-6,
10,44,
86,107,
93,60,
-1,31,
-117,-35,
-6,-68,
4,24,
-2,15,
37,-13,
55,26,
42,-39,
-18,-76,
8,-81,
44,-30,
29,15,
4,-46,
6,-22,
-7,48,
-11,-10,
29,15,
36,-21,
38,-50,
-37,-81,
-29,33,
-21,33,
39,-27,
44,-66,
-16,12,
-4,-8,
16,21,
41,1,
9,16,
0,-34,
-33,-3,
5,31,
-44,95,
-22,112,
5,73,
25,3,
7,58,
-35,-27,
-24,-43,
126,50,
102,127,
71,101,
26,72,
-37,-17,
-10,5,
-49,44,
-39,27,
66,-19,
-2,-83,
-17,-41,
-4,-30,
-37,80,
-20,28,
26,30,
-64,-8,
1,8,
-23,-35,
-27,-24,
-25,-100,
47,-28,
13,11,
8,7,
43,6,
12,-15,
-16,70,
-70,51,
-44,-21,
-26,9,
29,27,
84,-9,
11,-66,
19,-16,
18,28,
-17,3,
-48,-30,
31,5,
94,29,
4,38,
10,48,
26,-41,
2,-5,
-16,56,
-43,104,
12,-8,
39,-44,
30,-31,
0,15,
29,67,
37,12,
23,-14,
8,-32,
40,-67,
-14,-20,
31,-32,
-73,11,
66,-6,
57,-123,
38,-52,
20,-76,
10,-21,
-51,-33,
-31,-3,
15,8,
8,9,
-5,-30,
-22,-80,
-38,-76,
-9,-23,
-42,-6,
75,28,
42,11,
8,-16,
38,107,
74,73,
76,-23,
22,-86,
-32,-33,
-5,2,
0,-26,
-34,-44,
-80,-7,
35,57,
63,35,
4,60,
-18,-26,
14,39,
61,37,
38,3,
-9,-1,
10,-10,
7,34,
64,-4,
31,16,
42,-105,
19,-48,
6,8,
6,27,
15,22,
32,88,
77,28,
-17,-14,
0,-8,
-25,-60,
-25,-78,
77,-16,
20,-28,
39,-27,
-20,-17,
-49,-33,
1,-53,
27,-23,
64,-17,
69,11,
22,20,
-56,60,
-44,-6,
-66,-9,
26,-15,
56,-31,
25,-97,
17,-117,
15,38,
51,17,
10,-59,
4,-18,
28,30,
-4,21,
-1,75,
91,36,
20,-18,
35,-15,
18,-54,
71,-69,
92,2,
53,-2,
69,-90,
34,-100,
32,-52,
54,-43,
86,31,
57,40,
-52,-25,
38,74,
-48,-24,
-44,22,
-11,-7,
22,61,
5,1,
86,-21,
123,-44,
32,-31,
-12,-45,
0,31,
88,33,
10,22,
-19,-36,
22,9,
52,63,
165,-194,
1299,-1237,
4936,-3753,
7130,-4106,
6985,-2442,
2049,1132,
-1468,2599,
-1675,1409,
-1566,-89,
-3503,-1529,
-4864,-3343,
-3266,-4837,
-201,-3794,
922,-1093,
275,448,
-224,428,
160,-46,
690,-20,
692,171,
232,235,
-44,117,
-104,24,
128,-163,
34,-110,
-166,31,
-267,33,
-120,65,
-95,-65,
127,-293,
366,-406,
419,-366,
218,-236,
-55,-77,
-52,143,
106,264,
151,246,
231,330,
114,262,
-57,142,
-4,-137,
-79,-261,
-157,-358,
-143,-209,
-109,-56,
-84,50,
-92,36,
-103,-74,
-21,-46,
75,11,
101,-11,
12,-82,
-6,-74,
-69,-28,
-33,37,
-61,66,
-139,129,
-241,195,
-334,119,
-374,3,
-271,-67,
-161,34,
-131,149,
-237,62,
-174,10,
-101,19,
-61,75,
-53,265,
55,184,
-30,162,
-64,102,
-150,179,
-46,127,
149,73,
188,-13,
167,-17,
162,112,
194,362,
124,375,
90,515,
3,398,
22,237,
9,105,
-45,-52,
4,-39,
17,-32,
-71,21,
117,82,
99,40,
12,17,
15,56,
64,64,
86,19,
9,60,
23,138,
4,175,
-42,123,
33,39,
-22,11,
-60,-15,
-5,0,
-16,-46,
-28,-31,
-124,-5,
-113,128,
-14,112,
-14,5,
-22,40,
0,104,
16,193,
-71,86,
-98,74,
-53,27,
-8,40,
-48,73,
-69,21,
-16,23,
-44,80,
1,109,
4,156,
14,87,
-44,1,
-58,85,
-51,52,
-93,-6,
-68,53,
-54,46,
-26,70,
-1,38,
-45,-19,
-19,-27,
22,81,
66,44,
36,3,
-13,26,
-15,75,
9,94,
-42,84,
-34,44,
-16,-23,
-65,64,
-69,92,
17,61,
17,120,
-25,57,
-51,45,
-2,43,
-2,106,
-14,57,
-24,-97,
-11,-61,
68,-28,
35,40,
70,105,
32,114,
-26,75,
-26,7,
-56,48,
-24,93,
-51,151,
-59,95,
-58,59,
41,-1,
20,41,
6,-9,
00>
_________________________________
00>
00>
Printing STS1 CIR
00>
00>
_________________________________
00>
0,74,
40,87,
7,-53,
-4,-34,
8,11,
-56,-28,
-45,-29,
-74,-111,
-41,-101,
15,9,
18,54,
10,31,
-14,73,
-9,49,
21,45,
44,12,
-12,70,
-35,-27,
-34,-7,
4,-35,
-8,36,
-67,-26,
-41,-38,
-10,-1,
52,-44,
20,-13,
49,4,
79,16,
28,14,
0,6,
18,34,
-27,49,
-29,37,
-16,5,
-12,25,
-45,9,
-21,36,
-21,57,
-33,37,
3,-13,
-36,-79,
-60,-41,
-140,70,
-54,37,
-16,-10,
25,-31,
44,19,
18,27,
-30,28,
-29,46,
42,142,
57,33,
77,-27,
27,-42,
54,-15,
13,47,
-71,69,
-64,67,
-51,78,
-34,54,
32,-8,
48,-12,
-24,-18,
-67,-57,
-28,-71,
36,-20,
94,-5,
84,-47,
-6,-31,
44,30,
59,-57,
23,-10,
12,22,
-26,64,
4,103,
43,122,
19,-45,
55,-23,
34,-18,
27,51,
3,13,
25,-31,
36,-48,
-15,-1,
-48,65,
35,48,
-46,26,
13,-3,
7,-36,
21,7,
-62,15,
-42,7,
29,16,
2,57,
10,51,
17,23,
-20,32,
4,-25,
-26,-23,
-64,74,
19,118,
69,39,
23,2,
44,-27,
69,14,
37,7,
27,31,
-5,6,
-43,6,
-8,69,
29,46,
12,-13,
30,18,
58,-49,
-31,30,
-50,63,
-18,107,
22,29,
70,-15,
28,-52,
23,-21,
-43,-48,
1,15,
-24,22,
34,-25,
80,-29,
-22,-45,
20,35,
1,4,
-36,47,
-24,-1,
9,-12,
-11,43,
49,-23,
56,10,
-28,11,
7,11,
-18,42,
9,5,
3,6,
-9,-26,
41,-12,
26,-5,
-20,11,
3,-3,
2,-37,
22,-76,
84,-28,
4,17,
-41,-6,
-51,30,
69,68,
24,65,
-17,58,
14,30,
26,-2,
20,-2,
119,-13,
-8,57,
-5,25,
2,-16,
-13,-17,
-30,28,
-6,-1,
22,-10,
8,-90,
0,-79,
33,-18,
2,9,
-46,109,
14,27,
43,17,
33,37,
-37,78,
29,112,
66,92,
157,32,
23,0,
-50,31,
56,-6,
71,-5,
62,36,
-140,-3,
-83,16,
71,44,
67,42,
92,-3,
4,-17,
17,-40,
68,-33,
-9,-50,
-20,-36,
1,-52,
37,8,
84,-25,
107,-51,
45,-28,
6,40,
2,-31,
-8,-94,
1,-45,
-2,39,
30,87,
68,17,
13,-18,
-38,8,
15,63,
29,2,
-4,-37,
37,-49,
-31,-76,
25,-52,
17,-38,
4,27,
111,33,
42,75,
37,49,
21,3,
20,-93,
14,-12,
19,58,
30,-7,
31,-29,
31,-5,
7,-3,
26,-33,
-28,-36,
-34,25,
-61,11,
-3,39,
28,39,
42,34,
39,-19,
27,-11,
73,-12,
85,-39,
39,-94,
20,46,
45,45,
-27,16,
-2,-40,
48,10,
16,22,
75,-4,
21,15,
50,6,
19,102,
35,25,
30,-22,
-9,-40,
-14,15,
25,-8,
46,9,
40,-39,
30,-2,
-33,7,
-77,-29,
10,-19,
54,-37,
43,-56,
-24,-45,
-28,-9,
25,8,
46,-32,
30,-6,
-27,41,
-15,36,
-7,39,
23,-30,
-12,34,
-20,-3,
-5,4,
-21,-30,
1,-22,
41,-25,
-16,15,
-5,-32,
55,26,
60,33,
29,10,
11,20,
13,-50,
6,-40,
11,-59,
69,-22,
52,-20,
-9,15,
5,27,
12,46,
38,2,
21,0,
-39,47,
-4,45,
-2,106,
24,75,
20,70,
-27,-56,
-2,19,
34,11,
16,39,
33,24,
-17,28,
-33,35,
-48,4,
44,9,
41,34,
-22,-36,
-63,-92,
-73,-28,
2,-53,
49,-12,
47,-24,
42,33,
61,1,
16,-49,
15,-24,
-25,52,
70,66,
-22,28,
40,19,
55,23,
-22,28,
-80,57,
1,42,
20,4,
84,67,
30,15,
-72,2,
1,4,
-4,-14,
-11,-14,
1,44,
-46,59,
-53,27,
-3,21,
-23,25,
64,65,
72,14,
125,-49,
45,-3,
-18,7,
-66,-20,
13,-33,
22,-24,
48,-8,
38,46,
32,6,
-6,5,
66,-424,
654,-2712,
2246,-6840,
3202,-7695,
3437,-6152,
1098,380,
-298,3642,
73,1782,
882,-606,
1792,-1119,
2826,63,
2772,1442,
1284,1610,
5,775,
-290,-161,
-170,-395,
-351,-361,
-783,-474,
-830,-405,
-282,-75,
26,329,
77,245,
56,-86,
-151,-147,
-369,121,
-479,256,
-352,47,
-251,-74,
-295,-119,
-444,91,
-480,214,
-399,161,
-216,93,
-95,16,
-63,32,
74,109,
151,68,
100,111,
-147,290,
-336,402,
-378,459,
-283,507,
-31,524,
-14,314,
-111,49,
-173,-55,
-163,78,
-129,157,
-69,120,
-156,-96,
-124,-165,
-60,-78,
19,-73,
90,55,
70,160,
-25,237,
-95,350,
37,321,
104,165,
109,-19,
104,40,
34,169,
-70,152,
-201,76,
-270,12,
-308,36,
-238,58,
-96,26,
-96,-21,
-204,-29,
-258,41,
-215,9,
-61,40,
93,196,
40,271,
-62,255,
-67,298,
-7,309,
18,326,
-79,210,
-118,139,
-19,90,
61,85,
70,48,
-1,28,
-54,117,
-92,166,
-104,38,
2,20,
56,4,
68,-6,
29,26,
25,12,
-52,38,
3,95,
-1,60,
-8,113,
-14,39,
-56,117,
-67,66,
-102,74,
-110,12,
-52,8,
51,27,
41,16,
105,-64,
45,45,
-74,-53,
-78,-11,
-79,-5,
-42,32,
-28,14,
-62,23,
-178,-20,
-103,2,
-10,10,
56,-24,
-45,-9,
-73,-3,
-39,70,
9,-41,
-77,-87,
-70,-57,
-49,-19,
-4,82,
57,47,
55,46,
8,88,
-47,138,
-34,67,
-18,43,
0,43,
-29,-1,
-30,39,
-13,4,
-38,50,
-9,38,
-28,23,
-36,78,
17,110,
43,80,
3,40,
-34,26,
-55,5,
4,37,
-21,117,
-19,123,
26,95,
-53,98,
15,57,
-15,26,
-55,17,
-7,27,
-19,6,
-38,57,
-27,9,
-5,9,
-44,26,
-16,74,
-107,72,
-61,60,
0,59,
-9,-16,
7,10,
00>
_________________________________
00>
_________________________________
Sequence Number: 145
00>
00>
Printing STS0 CIR
00>
00>
_________________________________
00>
-50,0,
56,-3,
28,-29,
-22,-11,
10,19,
17,70,
-12,34,
-45,-2,
4,23,
23,23,
19,3,
69,-125,
62,-83,
86,-12,
40,-24,
13,2,
32,37,
10,-16,
-15,-17,
57,-25,
19,-9,
14,-1,
-8,55,
11,39,
34,-38,
19,-61,
14,-3,
36,22,
48,65,
62,-36,
11,-22,
-52,-99,
-25,-62,
39,-10,
46,71,
-48,-40,
-38,-51,
8,-22,
33,22,
42,48,
-2,-27,
-58,11,
-1,-80,
44,-83,
20,-44,
-53,34,
-17,33,
62,10,
26,5,
-7,-25,
-3,-35,
-87,-16,
-67,-14,
-68,-129,
-96,0,
23,-35,
-17,14,
4,36,
-9,-35,
-10,-17,
-12,4,
51,-66,
11,-48,
-2,16,
39,2,
19,48,
-34,-34,
45,7,
20,-6,
-34,-14,
-30,8,
1,-118,
36,-13,
-39,-9,
-55,-42,
3,-60,
4,31,
26,36,
10,-1,
-13,-4,
16,-12,
-16,-10,
69,-32,
68,61,
54,71,
43,89,
28,24,
11,-48,
-39,15,
11,10,
10,13,
46,-67,
11,-72,
38,-27,
28,-20,
-56,2,
-52,22,
8,42,
5,-4,
9,52,
37,62,
35,22,
-62,-39,
11,27,
43,32,
9,-21,
14,-8,
88,-14,
27,10,
-32,21,
-12,64,
-8,23,
50,-7,
8,35,
17,9,
89,-22,
71,27,
41,77,
-21,22,
13,104,
28,5,
45,-80,
55,-14,
93,-64,
23,-41,
-12,-26,
-22,-17,
5,39,
13,90,
-14,55,
-26,4,
-39,14,
-29,38,
-30,25,
79,6,
15,1,
7,38,
60,128,
75,59,
39,12,
56,6,
-9,16,
2,1,
4,22,
-21,37,
-7,36,
23,36,
31,-7,
67,-15,
21,13,
77,14,
105,77,
75,18,
13,34,
53,13,
19,-2,
38,14,
54,18,
64,-19,
-40,20,
-53,4,
-34,-6,
29,4,
70,30,
70,-8,
68,-41,
43,43,
1,13,
79,-24,
70,-71,
14,18,
1,108,
-66,59,
-13,-22,
3,2,
11,-24,
-26,-35,
-31,-15,
-26,7,
-11,8,
-41,-18,
-32,41,
-31,49,
54,-53,
70,13,
-6,-16,
-28,-14,
-17,-19,
-4,4,
9,65,
-10,22,
1,-17,
65,11,
11,73,
97,45,
48,37,
37,62,
14,11,
-22,35,
50,51,
27,20,
37,7,
16,-79,
101,-98,
84,-7,
-23,63,
12,-13,
69,-2,
24,11,
-21,7,
-6,6,
31,-1,
22,35,
0,53,
-31,56,
-11,-64,
20,-39,
31,-17,
-34,36,
38,76,
-17,-27,
35,-63,
-11,37,
18,37,
10,5,
19,0,
43,61,
-28,25,
-12,23,
-73,-119,
29,-32,
25,-30,
-30,18,
-33,29,
12,30,
7,17,
-59,22,
4,21,
-45,50,
-39,20,
26,54,
9,8,
19,-35,
27,18,
34,-9,
24,69,
38,-25,
-20,-57,
52,10,
19,-12,
-26,19,
-65,57,
-21,30,
11,60,
95,-16,
70,-27,
36,-14,
-46,52,
8,-4,
84,-20,
34,23,
-18,5,
-50,70,
-18,22,
-3,-31,
2,-7,
-2,-46,
22,-48,
18,-11,
77,57,
-58,24,
-30,9,
23,11,
52,-39,
-25,58,
-36,37,
-35,32,
-22,-5,
-17,-57,
-39,-15,
18,-8,
19,29,
6,-34,
12,-40,
-8,-40,
-10,-14,
25,1,
-31,7,
-57,-11,
-16,-23,
8,-44,
22,-4,
41,1,
81,-20,
49,-22,
-23,-19,
-26,47,
23,57,
95,47,
74,-22,
28,28,
-24,42,
-7,12,
49,-29,
-4,22,
30,68,
35,15,
-15,-5,
-20,-36,
-47,2,
29,-19,
-24,-6,
-50,19,
34,-29,
35,-1,
-71,-17,
-43,-56,
-55,-12,
12,-26,
-11,47,
-2,-15,
110,-31,
31,19,
-23,42,
-41,6,
-61,0,
-13,-7,
0,87,
2,31,
-5,-42,
-29,-40,
-18,15,
-33,24,
14,41,
5,24,
28,-59,
-21,38,
-22,31,
48,56,
71,11,
4,32,
-4,-2,
33,9,
-4,56,
-5,-46,
5,34,
26,-49,
19,-70,
-52,-24,
-1,-67,
49,62,
66,24,
28,121,
64,1035,
34,4617,
-1193,7749,
-2614,7718,
-4256,5377,
-3014,-462,
-901,-1997,
709,-264,
1443,1852,
1272,3246,
183,3394,
-910,2158,
-865,645,
-139,-173,
238,-332,
193,-462,
157,-896,
353,-1237,
177,-247,
91,-23,
258,213,
537,224,
415,-34,
140,-381,
-136,-554,
-115,-361,
-83,13,
82,-41,
159,-281,
47,-440,
-152,-396,
-146,-223,
-120,-82,
-82,-63,
-92,8,
-110,-50,
-203,-262,
-208,-394,
-152,-494,
-129,-372,
-121,-320,
-88,-150,
2,-12,
98,-153,
31,-238,
58,-314,
-7,-311,
89,-231,
101,-81,
125,-22,
192,-7,
161,8,
49,-22,
89,-58,
119,-94,
139,-67,
69,-17,
18,25,
-23,56,
-82,109,
2,48,
26,46,
75,-83,
74,-108,
103,-46,
115,18,
58,-5,
182,37,
155,-111,
89,-180,
-74,-132,
-28,-123,
56,-65,
137,-49,
107,-28,
105,15,
6,-19,
-32,-48,
-90,-88,
-9,-85,
77,-115,
148,-105,
81,22,
16,-10,
117,-26,
180,15,
179,-88,
107,-137,
17,-89,
25,-128,
130,-72,
109,-70,
82,3,
1,44,
0,-17,
-10,-56,
69,-84,
84,-49,
6,36,
53,32,
52,-77,
97,-121,
70,-77,
28,-108,
49,-44,
80,-88,
138,-200,
116,-54,
18,-47,
5,-76,
8,-88,
-11,-123,
32,-105,
77,-122,
40,-37,
71,4,
105,-15,
38,-131,
-50,-193,
-22,-148,
62,-112,
107,-139,
127,-95,
7,-121,
46,-53,
108,-85,
49,-33,
-2,-41,
-37,-52,
-23,-57,
60,8,
-22,27,
29,-68,
14,-69,
46,-111,
63,-78,
25,-128,
57,-90,
71,-43,
54,-57,
83,-34,
1,-48,
-12,-98,
11,-46,
-20,-70,
-31,-73,
71,-45,
123,15,
181,22,
66,22,
49,-13,
-6,-20,
60,-40,
92,-67,
154,-90,
88,-86,
57,-89,
19,-128,
12,-143,
00>
_________________________________
00>
00>
Printing STS1 CIR
00>
00>
_________________________________
00>
47,22,
-6,31,
-26,6,
6,-11,
19,-38,
-36,21,
38,-41,
23,25,
-47,20,
-15,19,
-7,-20,
20,42,
24,98,
-31,23,
-13,7,
27,24,
54,45,
-20,40,
2,15,
-72,20,
-9,14,
30,26,
69,-2,
57,4,
46,-1,
23,-3,
7,-39,
58,-13,
74,2,
32,80,
-31,17,
2,-10,
29,-20,
67,53,
-47,131,
-10,43,
-25,31,
-50,28,
30,29,
3,21,
-33,-11,
43,-34,
42,-9,
-14,-66,
25,-36,
36,-1,
88,67,
21,31,
16,-18,
51,-43,
12,-22,
-18,27,
6,3,
-33,-37,
11,-4,
-18,25,
-9,19,
-71,5,
43,25,
20,-66,
90,9,
35,36,
45,26,
3,10,
20,7,
-45,14,
-39,18,
5,38,
-36,16,
66,0,
40,17,
25,29,
-27,21,
0,54,
-22,-23,
2,-40,
-22,34,
6,46,
45,56,
39,12,
-24,-16,
5,-6,
-26,-43,
19,2,
22,-13,
62,-2,
20,72,
22,63,
-12,-24,
38,-44,
42,11,
45,87,
60,114,
30,33,
9,21,
-16,41,
-11,41,
-27,-13,
49,9,
46,8,
56,6,
85,-54,
27,-14,
31,-49,
-3,-24,
43,6,
66,63,
39,80,
-32,49,
-11,9,
36,-26,
62,-25,
-56,79,
-70,90,
-125,78,
-37,9,
-25,37,
-87,76,
-25,88,
-57,4,
13,-2,
42,57,
53,34,
18,-15,
13,-2,
14,-86,
-12,2,
-49,-14,
34,43,
43,26,
-50,-21,
-11,26,
-31,57,
-7,44,
41,34,
32,-75,
25,-41,
-27,-36,
24,39,
21,-12,
-27,-3,
-64,47,
-4,70,
42,79,
42,36,
-7,14,
3,47,
0,37,
12,18,
85,27,
60,58,
-10,-7,
-13,-35,
43,-39,
47,-57,
15,-30,
11,-80,
41,-17,
31,-40,
40,-31,
-8,15,
45,36,
19,56,
-31,40,
9,29,
48,19,
77,6,
80,-27,
-4,-8,
-11,-49,
30,-45,
-14,-44,
7,-42,
-39,-37,
-33,-26,
18,6,
60,23,
22,-23,
14,-54,
-15,21,
8,2,
38,-33,
60,-62,
-9,1,
-18,-2,
41,10,
60,0,
14,30,
39,77,
-11,15,
4,31,
32,37,
-4,20,
16,56,
-15,36,
-62,-1,
-36,-21,
-13,24,
10,12,
63,20,
18,-10,
-13,-29,
-40,-29,
8,17,
18,42,
37,-5,
40,-2,
43,83,
100,25,
43,-54,
-61,-14,
-22,12,
16,6,
11,14,
-18,8,
28,31,
2,36,
-42,-12,
-31,-36,
-22,-94,
20,49,
-14,41,
3,-34,
32,-32,
31,14,
47,-22,
127,-6,
53,-11,
34,-15,
3,-13,
11,64,
13,20,
-16,10,
11,48,
-35,46,
-45,-10,
26,15,
43,39,
51,-24,
25,18,
42,44,
-1,97,
-76,115,
-58,65,
-43,50,
34,85,
48,-8,
23,44,
57,92,
18,6,
15,-38,
-53,-20,
-26,39,
-54,74,
-39,-6,
27,-22,
68,63,
1,9,
-52,29,
-19,61,
-51,73,
-43,30,
14,5,
110,-56,
67,-9,
-54,35,
-4,-32,
3,-10,
2,-3,
9,26,
-22,68,
-23,45,
27,28,
46,84,
53,40,
41,-56,
12,-53,
97,-48,
52,48,
65,44,
24,71,
-10,75,
-12,55,
1,51,
-4,19,
22,56,
32,-43,
95,-67,
71,-20,
38,39,
-6,38,
-39,31,
-14,46,
-66,18,
-71,5,
1,43,
-23,37,
-47,24,
12,15,
119,-11,
34,6,
-24,55,
-3,41,
4,40,
-61,33,
39,-47,
105,-51,
-22,27,
-15,76,
50,-2,
13,-4,
-6,11,
-4,27,
49,0,
-29,51,
-61,29,
-47,48,
-41,-18,
-20,14,
36,7,
52,19,
25,65,
-123,-24,
-32,59,
12,20,
37,-61,
-4,1,
-47,58,
-15,68,
-2,30,
-1,64,
-26,12,
-17,13,
-28,0,
14,48,
-23,-11,
-27,-33,
-67,25,
-17,9,
-4,31,
-34,4,
8,56,
-19,21,
-36,42,
-15,29,
-6,52,
-6,51,
16,83,
37,-2,
56,-22,
17,19,
-30,37,
133,122,
968,810,
4044,3811,
5943,6256,
5715,6791,
3594,5425,
-551,272,
-1424,-1631,
-205,-890,
63,-485,
-830,-1209,
-1604,-2053,
-1055,-1779,
-46,-874,
270,-19,
-81,425,
-574,647,
-798,580,
-572,370,
45,57,
225,-118,
580,50,
425,45,
323,-179,
29,-420,
-291,-424,
-508,-263,
-394,-42,
-111,99,
107,166,
221,63,
106,-95,
-23,-230,
-119,-289,
-72,-233,
2,-30,
-64,58,
-152,-18,
-44,-278,
8,-481,
162,-365,
171,-175,
48,44,
-72,96,
-202,42,
-260,-76,
-167,-91,
-28,18,
74,83,
162,41,
257,-123,
192,-123,
135,-100,
-31,-197,
-88,-57,
-94,7,
5,-32,
64,-14,
39,15,
0,9,
-67,-53,
-115,-64,
-76,-34,
9,-31,
83,-139,
36,-159,
-5,-21,
14,-5,
55,-59,
103,-211,
-42,-227,
-256,-86,
-193,71,
-130,118,
-21,103,
109,81,
-3,36,
-130,99,
-230,60,
-190,-7,
-109,-25,
-45,-92,
-110,-143,
3,-20,
0,-8,
-25,-41,
-49,23,
-81,23,
8,-76,
-27,-51,
-85,-55,
-74,-72,
-19,-88,
-37,-54,
-19,-86,
-39,-90,
18,-42,
3,-11,
-8,-18,
-17,44,
0,33,
-12,-40,
-45,-65,
-1,-89,
10,-60,
5,10,
-8,43,
-69,36,
7,-34,
-21,-67,
-8,-38,
-31,-57,
-16,-58,
-11,-26,
-81,-72,
-22,29,
52,-1,
-50,24,
-27,-47,
-22,-68,
-14,-52,
-70,-60,
-121,-77,
-56,-90,
-40,-65,
-26,14,
-14,38,
-38,-10,
-63,-9,
-56,-47,
-30,-68,
46,-30,
6,-30,
-47,-51,
-16,-92,
17,-84,
21,-30,
27,-25,
23,-52,
-26,32,
-26,25,
-44,-16,
6,-44,
72,-78,
-7,-65,
-61,-105,
-126,-68,
-57,13,
-38,27,
78,-12,
41,-6,
16,24,
14,9,
-19,-15,
27,9,
-58,-2,
-45,-33,
-53,-24,
-76,-1,
-42,34,
00>
_________________________________
00>
RX Timestamp: 860329493710
00>
Clock Offset: 2811.813 Hz, -0.352 ppm
00>
RX Timestamp: 861401761264
00>
Clock Offset: 1286.888 Hz, -0.161 ppm
00>
_________________________________
Sequence Number: 23
00>
00>
Printing STS0 CIR
00>
00>
_________________________________
00>
-36,-11,
-13,42,
-40,86,
47,35,
-2,49,
-17,39,
-12,23,
10,-24,
13,-20,
-44,-10,
42,-52,
-13,-17,
-2,13,
-78,6,
-61,-16,
-68,-30,
-9,0,
-37,2,
-47,43,
-16,32,
3,-4,
17,30,
3,44,
0,84,
-116,88,
-51,0,
3,-18,
-24,-28,
-16,20,
57,38,
77,-14,
-26,10,
-57,2,
0,77,
37,36,
52,76,
-1,125,
0,120,
-46,90,
-67,-7,
-16,-64,
5,8,
34,32,
5,-52,
-29,27,
-22,36,
57,7,
70,-13,
23,-23,
-28,25,
-46,-5,
-23,-21,
11,-34,
16,-2,
-39,25,
-57,-37,
0,-53,
-13,20,
-8,87,
-12,79,
-4,19,
-58,-8,
-1,11,
7,-60,
42,12,
20,33,
-25,46,
30,11,
38,-22,
42,-12,
19,38,
6,-1,
-33,-28,
-27,8,
18,-7,
23,48,
-46,-28,
-57,-2,
13,-16,
36,-34,
1,55,
-57,33,
-49,71,
-22,31,
19,101,
-12,85,
9,60,
-44,-32,
2,-20,
-18,4,
63,64,
41,6,
14,22,
-42,-1,
-54,-27,
0,-34,
44,-44,
4,18,
-46,36,
-87,54,
-58,2,
-25,17,
34,-14,
25,-44,
-54,-62,
-48,-5,
-15,-40,
42,75,
38,77,
7,19,
-42,-5,
-20,27,
41,26,
14,25,
-41,-57,
14,-32,
-19,-8,
-14,28,
-13,18,
13,16,
-31,36,
-21,45,
14,11,
80,-54,
67,-32,
-2,-4,
17,18,
-26,47,
-88,-13,
-19,7,
-33,-10,
-24,-45,
-52,-18,
17,-1,
31,9,
15,-5,
-32,15,
-38,5,
-58,-6,
-62,82,
17,15,
-4,-13,
-38,-50,
-61,-22,
-17,35,
40,9,
54,33,
63,-32,
33,-5,
15,-30,
-57,22,
-74,32,
-13,-11,
85,-2,
91,-11,
23,-25,
-7,-22,
-2,-17,
38,62,
36,-24,
37,-2,
11,5,
13,-2,
37,-62,
28,-5,
26,17,
-74,-9,
-59,5,
-32,45,
-42,7,
-45,-5,
-8,-33,
29,15,
42,45,
16,-18,
37,-24,
42,67,
15,68,
-4,-36,
22,-117,
-2,-84,
32,-60,
68,11,
-5,14,
-21,28,
1,5,
24,6,
-12,-4,
87,21,
-10,-28,
65,-25,
-4,-24,
46,-4,
-18,-11,
-18,62,
-2,-31,
-17,5,
30,-7,
58,-35,
45,-7,
-72,-14,
-134,-17,
-65,10,
-45,-19,
-29,-46,
12,-4,
51,5,
-14,42,
-37,58,
38,-26,
11,12,
88,-31,
10,33,
-31,15,
58,79,
30,19,
-80,-18,
-42,-37,
-28,7,
63,28,
78,18,
27,34,
-26,-4,
12,28,
-3,13,
24,-47,
-68,15,
-20,27,
-20,32,
8,62,
17,-14,
48,-47,
-4,42,
-65,6,
-40,17,
25,33,
67,51,
-12,15,
19,34,
-41,61,
27,44,
-16,-16,
-76,35,
-22,55,
-5,-6,
15,-18,
14,-61,
-12,21,
38,20,
-58,41,
9,23,
-24,27,
6,-2,
31,15,
-5,43,
24,29,
20,-10,
-18,-58,
5,2,
-21,-23,
-3,-39,
-19,-3,
-6,-27,
12,-13,
71,32,
62,-6,
15,28,
3,-26,
-24,60,
3,69,
28,44,
-2,-13,
13,-26,
-10,82,
-102,29,
-34,53,
39,92,
36,46,
93,-4,
69,-4,
13,24,
35,12,
48,-32,
75,-7,
21,-68,
-35,-13,
-71,4,
-34,9,
-62,-28,
-2,-33,
14,-25,
5,-59,
-12,-39,
-9,-13,
-19,39,
71,95,
50,37,
41,29,
-60,-41,
-71,35,
-21,1,
7,-30,
41,-27,
16,9,
-37,-29,
-62,-24,
-109,-5,
-64,8,
-9,6,
35,20,
50,22,
48,-8,
29,0,
18,-76,
-14,-71,
-24,46,
-8,93,
60,-7,
34,-5,
78,17,
47,-31,
6,42,
20,28,
30,33,
12,6,
-43,53,
-87,5,
-50,-73,
-10,-79,
73,30,
57,52,
-35,-3,
0,5,
8,-1,
14,53,
31,27,
-31,31,
-33,22,
80,3,
57,-14,
29,-13,
-8,26,
0,45,
6,55,
13,41,
6,28,
79,57,
16,24,
-11,-28,
-53,-43,
26,9,
-13,0,
-33,21,
271,-4,
2187,-124,
6571,-196,
7880,449,
7704,1874,
3326,3066,
-1593,2030,
-1725,437,
332,-774,
2090,-1502,
3256,-1264,
3077,-89,
1753,681,
287,496,
-326,57,
-455,-154,
-763,-117,
-1212,-127,
-736,-56,
-38,-66,
68,-90,
177,-366,
-54,-557,
-307,-313,
-384,-36,
-421,108,
-163,106,
-93,51,
-169,7,
-482,-98,
-458,-13,
-287,123,
-269,114,
-243,77,
-126,14,
-28,77,
-92,88,
-329,139,
-370,168,
-417,105,
-268,125,
-267,135,
-162,45,
-159,23,
-184,-95,
-239,-56,
-343,-21,
-311,15,
-250,-27,
-100,-67,
-7,-153,
6,-75,
46,-43,
12,-64,
-106,-95,
-117,-106,
-91,-149,
-27,-148,
-37,14,
3,34,
13,61,
7,99,
-36,8,
-61,-64,
-128,-114,
-120,-59,
-70,-35,
-17,-40,
-22,-56,
-215,-134,
-259,74,
-108,190,
-84,28,
-40,-71,
-80,-186,
9,-145,
29,5,
30,110,
-29,84,
-85,70,
-105,-25,
-245,-125,
-192,-78,
-31,11,
-16,40,
-129,-11,
-104,-65,
-94,-60,
-104,24,
-63,14,
-35,-79,
-56,-109,
-87,-27,
22,63,
32,-30,
-24,-59,
-102,-67,
-141,-42,
-24,66,
19,32,
-42,-8,
-76,59,
-133,57,
-143,6,
-39,-10,
-57,-45,
-52,-32,
-129,-30,
-48,44,
6,60,
-33,25,
-102,-17,
-123,-43,
-74,-67,
-76,-42,
12,-28,
-21,-1,
-105,51,
-58,20,
-103,12,
-94,-41,
-111,-5,
-136,23,
-99,2,
-93,19,
9,-14,
-25,8,
-94,-11,
-148,12,
-102,-15,
-23,21,
-61,-29,
-63,-56,
-136,-127,
-117,-37,
-31,-62,
-133,-63,
-144,-36,
-127,-42,
-109,-37,
-124,-50,
-64,16,
-88,-35,
-72,25,
-48,-6,
26,1,
-81,11,
13,-47,
31,-98,
22,-84,
-14,2,
-76,-3,
-85,45,
-74,1,
-37,-1,
-72,-41,
-88,34,
-102,39,
-67,21,
00>
_________________________________
00>
00>
Printing STS1 CIR
00>
00>
_________________________________
00>
35,-104,
29,1,
47,-2,
0,-24,
32,42,
-4,6,
0,-7,
-3,24,
15,16,
-52,3,
-28,-32,
7,42,
77,-10,
54,62,
9,-14,
42,-42,
5,14,
3,74,
-47,135,
29,-20,
22,29,
7,7,
60,-54,
21,-16,
54,27,
-27,29,
-38,57,
22,-37,
60,25,
5,12,
35,29,
13,49,
-9,33,
9,-16,
-34,5,
8,14,
31,-48,
-3,-28,
21,-22,
69,-14,
25,-8,
10,16,
-7,-1,
2,-12,
-26,27,
-32,73,
-57,53,
-26,-24,
-4,-29,
-48,14,
1,-18,
59,-26,
106,1,
49,57,
-25,7,
-31,-23,
-33,-66,
-11,-30,
-16,8,
-27,-19,
34,-53,
-14,-14,
2,-23,
-20,-9,
-14,-54,
37,-17,
-25,7,
47,-8,
-16,-48,
7,-50,
-4,-32,
34,-6,
4,37,
0,37,
24,49,
-17,26,
-5,60,
31,2,
60,-21,
34,-54,
-17,-13,
41,41,
93,10,
15,9,
32,-11,
1,51,
-59,73,
10,-37,
-15,-28,
-3,24,
-9,-14,
-48,-7,
25,-1,
30,-34,
83,-23,
48,-60,
41,19,
-12,0,
-27,-50,
-39,-38,
46,-21,
30,-59,
59,-21,
34,-9,
5,43,
23,2,
31,20,
15,2,
-16,15,
-2,26,
70,36,
8,50,
-3,26,
-31,-40,
14,-20,
29,70,
32,76,
71,46,
29,-9,
34,-37,
-6,-26,
17,-17,
8,4,
-38,18,
66,-10,
2,-51,
10,-25,
1,-10,
-4,-44,
-20,-37,
0,-4,
10,11,
44,-18,
-9,-42,
48,-37,
33,-102,
18,-50,
-22,64,
-8,47,
10,60,
-3,2,
20,27,
-2,10,
8,3,
30,-16,
43,-99,
5,-9,
29,5,
5,-17,
28,-11,
23,24,
6,45,
8,51,
14,-33,
-23,-15,
-7,8,
6,99,
9,55,
-5,11,
-8,-8,
27,14,
-21,47,
-77,-19,
-6,-67,
26,-48,
8,-33,
32,-28,
55,62,
63,-8,
22,-30,
33,-10,
76,-29,
93,-38,
59,-26,
-8,34,
-19,52,
38,16,
16,-8,
-23,23,
-55,52,
37,19,
44,32,
41,16,
-13,-12,
40,22,
68,-69,
72,-43,
14,18,
-57,47,
-74,-2,
-18,-24,
-11,-13,
56,32,
21,72,
-34,3,
-83,-72,
-44,-44,
-10,-5,
10,-39,
-7,5,
-15,-65,
0,-33,
26,-67,
7,12,
30,44,
57,98,
42,73,
25,24,
28,-34,
41,-47,
-14,-34,
-55,-78,
27,-52,
69,-23,
-28,-7,
-16,2,
45,-12,
38,15,
-33,21,
11,-45,
8,-5,
-1,-19,
21,71,
-38,20,
25,-12,
15,-2,
76,6,
-24,15,
-41,-27,
46,-36,
50,37,
-2,13,
-33,3,
50,52,
26,86,
12,18,
58,24,
58,34,
0,7,
18,10,
42,45,
46,42,
3,11,
22,-26,
26,16,
17,-4,
-32,23,
-37,38,
39,26,
-7,11,
-48,-14,
-64,-9,
-50,69,
13,6,
38,21,
26,-11,
-36,3,
10,-8,
14,-14,
0,-17,
22,-26,
20,-5,
-13,34,
4,27,
7,-65,
44,-73,
7,-49,
12,43,
45,30,
3,32,
-3,58,
10,47,
6,17,
-17,-18,
8,-18,
8,-15,
4,11,
42,7,
-24,19,
-47,-24,
-49,3,
22,58,
12,54,
-6,36,
12,32,
39,14,
40,-9,
34,-7,
-37,55,
-11,68,
-55,2,
-48,-53,
-40,-55,
-38,-41,
-58,60,
-5,37,
27,16,
-15,24,
-25,8,
-20,39,
9,-3,
2,4,
-16,-3,
28,-25,
14,-20,
-12,55,
-36,6,
24,20,
13,59,
40,56,
55,23,
13,-19,
-18,25,
-8,12,
-42,33,
37,42,
-34,29,
-5,33,
-35,21,
-6,35,
16,4,
-22,-31,
-26,-38,
-26,34,
52,30,
28,-3,
15,46,
15,51,
26,4,
-5,4,
5,-25,
-10,2,
-20,-5,
13,-6,
2,17,
-53,-36,
-55,14,
8,-34,
28,-37,
-25,-9,
-17,-3,
5,66,
13,8,
3,-18,
6,32,
35,36,
29,29,
-21,28,
-53,48,
-37,31,
-24,50,
19,51,
38,52,
245,-381,
1546,-2399,
5032,-5750,
6552,-6095,
6809,-5145,
3175,-813,
-861,2012,
-1474,1025,
-671,-185,
-693,506,
-1502,1876,
-1942,1886,
-1321,601,
-459,-266,
122,-104,
442,464,
528,905,
486,870,
341,268,
-19,-96,
-54,-275,
118,-530,
-20,-445,
-283,-177,
-314,198,
-371,460,
-277,460,
-54,257,
116,10,
114,-179,
36,-187,
-168,-37,
-241,197,
-223,237,
-107,69,
48,109,
38,105,
-242,295,
-404,189,
-419,-62,
-182,-262,
-25,-186,
129,56,
45,220,
-62,186,
-122,164,
-28,121,
117,22,
188,-62,
103,-237,
-122,-181,
-115,-86,
-107,23,
-169,161,
-77,102,
-61,64,
-52,-5,
-60,-19,
-27,3,
25,15,
-21,41,
36,85,
-48,105,
-119,76,
-94,52,
-42,9,
-49,-58,
-76,-116,
-68,-168,
-251,4,
-194,210,
-99,324,
23,182,
78,41,
67,39,
11,22,
57,77,
-24,251,
35,378,
32,205,
10,71,
-63,12,
-107,44,
-53,9,
55,24,
44,17,
25,107,
-59,50,
-81,77,
-140,123,
-148,171,
-175,124,
-112,40,
-10,66,
-3,62,
-30,97,
-52,22,
-71,-18,
-48,1,
-39,-24,
-28,16,
-59,111,
-9,139,
-64,67,
-73,69,
-38,27,
-38,75,
-70,57,
-55,96,
9,12,
-25,54,
-45,75,
-6,37,
16,-2,
-17,-42,
37,17,
-37,-20,
-34,7,
-9,77,
-40,47,
-42,34,
-26,79,
-53,73,
-119,94,
-13,16,
21,-13,
42,27,
21,141,
-39,81,
-87,102,
28,61,
41,80,
2,69,
-87,91,
-59,61,
-29,85,
-48,15,
-86,5,
-67,0,
-36,61,
-10,46,
40,14,
-35,5,
-33,37,
-46,86,
-94,51,
-132,-56,
-87,-49,
-61,-38,
26,2,
24,-28,
-9,20,
-57,62,
-20,-3,
16,114,
23,105,
-14,73,
-75,47,
-28,107,
00>
_________________________________
00>
_________________________________
Sequence Number: 26
00>
00>
Printing STS0 CIR
00>
00>
_________________________________
00>
-14,-21,
37,-21,
27,47,
56,-3,
51,0,
32,-34,
7,17,
-3,-61,
-34,-27,
-3,-22,
-65,21,
-7,7,
-12,-24,
2,17,
28,7,
51,18,
95,-55,
77,58,
-32,18,
-28,35,
83,19,
1,-18,
14,23,
21,-32,
-28,14,
45,23,
-22,47,
-13,-75,
14,5,
60,74,
32,127,
-38,-6,
-51,3,
-1,50,
-16,-20,
116,-16,
35,-50,
23,-92,
-28,-20,
25,31,
58,28,
9,-33,
24,14,
52,25,
17,-11,
43,18,
2,-11,
68,24,
47,9,
35,-8,
29,17,
-12,-13,
-18,-1,
35,54,
-14,0,
-28,-35,
-68,-39,
-4,-51,
-70,-56,
-3,-71,
-19,23,
41,54,
-37,54,
-24,41,
17,41,
-47,33,
9,-24,
2,3,
17,54,
44,52,
26,0,
-37,24,
-39,-46,
-71,-93,
72,-139,
60,-4,
64,20,
-13,3,
31,-12,
-3,71,
-23,43,
11,19,
-20,-16,
-27,-56,
-15,-17,
48,-6,
103,35,
44,22,
-4,11,
-42,28,
-32,-16,
34,34,
82,-9,
49,5,
47,-57,
66,-48,
105,-1,
83,-14,
92,-6,
50,13,
54,-16,
51,-50,
28,-15,
141,12,
18,62,
54,63,
60,40,
36,-39,
38,-76,
45,-41,
-6,-16,
14,-37,
49,-70,
54,8,
42,41,
29,20,
32,46,
26,24,
9,44,
55,68,
26,35,
9,51,
-46,19,
13,24,
66,1,
-38,5,
-76,-49,
-31,-72,
36,17,
-23,49,
44,35,
-2,-7,
15,-27,
20,-5,
-33,41,
35,-31,
-20,-71,
-32,-13,
5,60,
-6,52,
1,-27,
30,-18,
-36,-73,
34,-40,
53,11,
10,84,
-24,11,
-6,-37,
-7,-26,
38,36,
93,27,
64,-80,
1,-43,
-32,-22,
3,-1,
-40,-42,
22,8,
70,40,
29,18,
68,38,
40,50,
-1,48,
-16,26,
-3,-4,
-22,31,
-21,16,
-24,-11,
25,-60,
51,-20,
65,86,
78,114,
29,30,
-2,-30,
-32,-76,
-50,-43,
-8,-3,
28,20,
25,1,
-35,-11,
-36,17,
-24,31,
44,11,
59,-48,
105,20,
52,92,
64,113,
69,93,
-28,8,
-45,50,
-34,-49,
5,-36,
2,-72,
20,-133,
-6,-48,
-27,27,
10,19,
81,-18,
74,14,
20,42,
-37,58,
-39,22,
-31,-46,
-3,-47,
-18,-41,
-29,22,
88,77,
105,16,
2,-31,
53,11,
38,82,
10,38,
-8,33,
17,10,
-22,1,
-51,32,
46,-2,
45,37,
35,23,
39,-14,
-25,-4,
11,-34,
-9,25,
21,-4,
-14,29,
55,-36,
1,-1,
15,6,
6,15,
20,18,
-63,19,
20,24,
89,-15,
49,62,
38,89,
38,25,
-26,-73,
8,-46,
-32,25,
-68,41,
0,-53,
69,-76,
118,-4,
89,15,
3,-6,
-8,-20,
-10,-6,
9,16,
-19,-44,
-40,-39,
23,44,
57,9,
4,-5,
25,6,
61,-15,
34,-56,
51,7,
5,0,
-1,40,
-10,38,
-44,-16,
-31,-70,
-24,0,
-50,23,
-30,39,
59,38,
41,25,
74,45,
4,38,
47,7,
69,-22,
14,-39,
-24,19,
20,45,
-51,35,
35,17,
-7,31,
-28,34,
-20,7,
43,17,
-6,155,
38,40,
-7,66,
-51,25,
54,17,
-12,75,
-32,44,
9,-4,
26,-4,
-4,-17,
28,40,
16,75,
-26,16,
19,28,
5,0,
47,-5,
-9,37,
4,-27,
20,-8,
116,-50,
74,-24,
22,-9,
3,30,
16,18,
43,3,
32,-47,
32,-15,
-7,98,
-15,48,
-3,-48,
87,27,
75,-18,
10,2,
-51,20,
-48,-14,
65,69,
-1,6,
41,-40,
72,23,
145,23,
119,119,
7,38,
11,-41,
-2,8,
-5,48,
17,23,
-47,-28,
-12,99,
-19,-24,
-21,-25,
-9,-15,
-34,105,
44,122,
119,55,
17,44,
-6,50,
-29,71,
-32,83,
-77,37,
1,104,
22,82,
20,45,
-11,11,
19,-14,
36,88,
89,68,
59,94,
-26,27,
1,28,
33,4,
79,-10,
76,17,
85,56,
95,42,
78,51,
86,-10,
67,-47,
24,5,
-42,227,
-288,944,
-2279,3560,
-5194,5731,
-6231,5048,
-4357,1196,
-400,-2465,
1286,-2558,
1294,-861,
2444,111,
5017,1443,
5164,3517,
2572,4321,
-34,2484,
-547,199,
-87,-416,
-95,-53,
-531,152,
-825,108,
-391,-228,
-56,-123,
210,3,
37,115,
-56,196,
96,99,
245,-53,
269,-175,
199,-24,
118,278,
-136,546,
-288,523,
-237,319,
-25,87,
13,-88,
-117,-175,
-140,-152,
-115,-81,
-96,-48,
39,-94,
122,21,
136,167,
78,250,
104,232,
36,-32,
124,-74,
186,-13,
167,57,
17,130,
-50,93,
-63,108,
4,209,
140,94,
92,24,
117,-61,
117,-104,
121,-149,
151,-176,
185,-190,
324,-186,
288,-114,
247,-15,
126,-94,
108,-100,
86,-56,
72,-58,
102,-110,
199,-167,
8,-96,
-46,-69,
110,-167,
122,-167,
84,-117,
-53,-29,
-170,10,
-131,-29,
-84,-9,
-190,-186,
-168,-430,
-139,-485,
-35,-343,
5,-259,
-7,-163,
50,28,
109,68,
36,88,
-25,16,
-73,-9,
-40,-23,
82,-13,
139,17,
37,41,
-12,8,
-29,-33,
4,-112,
-2,-88,
-8,-112,
28,-81,
2,-97,
-33,-75,
-32,-34,
48,-2,
122,42,
90,3,
83,-59,
31,-22,
32,-29,
-36,-32,
-96,-68,
-57,-113,
-26,-175,
106,-36,
128,8,
87,10,
128,5,
145,-90,
105,-3,
45,3,
49,-131,
-15,-190,
37,-122,
8,-52,
72,-41,
21,2,
128,-37,
165,-51,
123,-53,
-10,54,
-28,-3,
14,-70,
47,-49,
97,-64,
21,-21,
57,-16,
60,18,
53,-83,
68,-93,
56,-161,
82,-153,
108,-50,
34,6,
-12,-103,
-73,-136,
-16,-92,
34,-54,
28,-66,
17,-29,
40,-65,
119,-45,
35,-72,
42,61,
-55,56,
-69,80,
6,9,
-7,-31,
19,-81,
00>
_________________________________
00>
00>
Printing STS1 CIR
00>
00>
_________________________________
00>
-48,11,
24,-26,
40,-36,
-26,-55,
-72,-4,
-1,2,
-68,24,
-46,6,
19,55,
14,42,
-24,120,
47,86,
-10,77,
-21,39,
54,24,
25,-2,
-9,42,
11,10,
-8,-3,
-2,-29,
-23,6,
-19,2,
20,85,
36,80,
57,22,
-52,-12,
-4,53,
-4,37,
12,59,
20,29,
44,22,
77,-52,
81,-22,
44,55,
-94,37,
-48,-12,
24,7,
-3,-2,
-52,-24,
-105,-34,
-53,-37,
-30,-36,
-45,26,
-22,-31,
77,12,
52,13,
14,-18,
21,-65,
72,-43,
31,-4,
20,-14,
-17,3,
-48,52,
-6,61,
-40,39,
-24,86,
1,20,
61,-17,
75,-16,
31,-33,
10,-49,
31,1,
-28,47,
-29,29,
-4,-2,
41,-37,
19,-6,
21,-43,
38,-10,
22,-1,
8,-21,
11,-49,
-38,-35,
-60,16,
-8,10,
-15,-1,
-19,9,
2,2,
-5,-50,
-9,-21,
79,77,
47,1,
22,-7,
-39,34,
-12,47,
46,63,
43,37,
41,72,
9,20,
35,-4,
30,5,
-61,47,
-58,114,
-24,66,
-50,33,
-3,7,
35,26,
35,60,
-18,58,
-11,-17,
-28,89,
7,118,
28,36,
9,-13,
23,-17,
29,-35,
-41,7,
19,15,
37,37,
108,67,
32,0,
-6,1,
-17,-22,
18,-52,
-15,-39,
-37,-25,
39,54,
63,65,
71,37,
40,-26,
31,35,
35,40,
-9,8,
-11,49,
-99,26,
-31,56,
4,49,
73,-1,
97,38,
77,22,
-36,8,
-23,27,
15,4,
26,32,
42,-28,
-20,41,
34,12,
51,-22,
7,12,
-21,21,
-13,49,
59,48,
58,14,
52,7,
-3,-27,
63,-45,
47,-7,
55,46,
40,87,
-20,79,
-29,23,
51,-6,
48,32,
-12,27,
-1,-4,
51,-11,
-1,-5,
-26,-10,
-24,32,
-60,61,
-43,54,
13,110,
78,-12,
17,-2,
42,27,
-29,31,
-51,40,
15,98,
78,57,
68,18,
52,5,
7,-32,
20,-60,
1,-16,
22,30,
-53,-12,
-12,-3,
13,-23,
76,63,
64,19,
44,11,
36,28,
-14,45,
-2,26,
41,24,
26,22,
6,30,
-24,63,
1,4,
-38,-20,
-54,42,
-55,82,
42,140,
18,41,
-14,-81,
-60,25,
-7,44,
-11,78,
25,19,
-73,-30,
-71,-30,
-40,-59,
-22,36,
-19,87,
-24,76,
10,13,
11,-31,
74,-31,
27,103,
28,92,
-16,31,
7,-38,
32,-17,
-17,-12,
-8,49,
5,-24,
-27,-16,
-50,8,
-48,27,
54,7,
78,77,
43,45,
-22,16,
9,-34,
-13,-7,
-45,12,
-13,63,
25,33,
44,33,
-34,-19,
-3,53,
48,-60,
20,29,
-14,18,
-10,59,
-58,76,
-24,27,
-12,77,
10,9,
-39,48,
-34,38,
-56,56,
-40,41,
-33,42,
21,28,
36,-10,
25,-41,
49,-19,
75,21,
67,17,
24,-3,
-3,93,
-14,63,
16,7,
-16,-46,
-61,24,
-45,93,
26,93,
55,4,
74,-55,
31,3,
4,-2,
-1,67,
21,54,
20,24,
-21,-19,
-42,57,
3,56,
29,21,
66,53,
31,21,
-4,46,
-7,1,
-12,-24,
-26,-24,
7,26,
-16,69,
66,-2,
110,-50,
24,-16,
-30,4,
-31,-4,
1,-22,
-15,40,
-47,95,
-43,48,
13,72,
37,37,
11,17,
-39,15,
-19,-1,
-26,6,
29,40,
-22,118,
-43,92,
27,16,
50,-50,
46,21,
58,4,
12,27,
25,-3,
-40,22,
-33,54,
-44,39,
-11,52,
-32,13,
-4,30,
73,9,
89,-59,
-1,-11,
-11,21,
56,25,
22,48,
-19,34,
57,15,
9,2,
33,38,
28,25,
47,-2,
24,96,
43,80,
-7,12,
11,-48,
13,-49,
4,-36,
13,18,
15,42,
-26,75,
-36,34,
-78,24,
-26,17,
53,-19,
124,24,
48,49,
22,-12,
3,-21,
66,-13,
41,12,
67,18,
37,26,
-27,35,
40,-9,
3,-13,
36,-73,
114,-10,
107,50,
-19,56,
-65,66,
-51,40,
40,-45,
6,-85,
22,-10,
-32,17,
-62,34,
-43,23,
13,-40,
8,-2,
72,134,
22,1245,
-621,5164,
-1502,7612,
-2235,7689,
-1753,3101,
-445,-2182,
-102,-2935,
-351,-552,
-1025,1037,
-2179,998,
-2943,-108,
-2132,-1028,
-650,-880,
204,-130,
278,394,
295,372,
676,234,
1062,362,
670,177,
133,-70,
-140,-328,
-230,-76,
-18,181,
201,13,
382,-224,
387,-225,
284,-38,
239,84,
362,-92,
501,-215,
469,-224,
341,-103,
122,-94,
68,-74,
-79,-18,
-135,-37,
-132,-83,
127,-198,
344,-340,
342,-370,
219,-340,
103,-302,
-102,-336,
25,-268,
124,-152,
141,-127,
109,-175,
171,-172,
175,-55,
243,89,
162,109,
39,108,
-31,68,
-51,-67,
21,-148,
37,-162,
41,-195,
-34,-166,
-7,-18,
-2,-88,
-32,-69,
29,-75,
47,-99,
118,-99,
244,-130,
301,-155,
180,-39,
149,5,
108,6,
193,3,
236,-55,
88,-11,
7,-13,
16,-147,
-18,-221,
18,-321,
-50,-298,
-14,-279,
9,-228,
40,-140,
31,-102,
2,-106,
-74,-62,
-50,-60,
111,-59,
160,-58,
80,9,
-3,47,
11,42,
16,25,
-6,-71,
-42,-23,
3,-52,
42,-21,
32,29,
16,-37,
-45,-27,
-65,-69,
13,-73,
-8,-59,
47,-26,
76,-18,
143,-39,
83,-15,
0,85,
7,53,
136,-45,
146,-35,
96,-2,
79,-19,
136,-59,
137,-34,
113,-6,
140,48,
94,21,
41,-34,
32,-17,
38,21,
67,78,
74,79,
87,32,
91,-9,
95,70,
94,47,
38,-20,
22,-74,
30,-26,
59,35,
26,-41,
55,-48,
83,9,
84,17,
75,38,
106,-37,
80,-110,
26,7,
34,-1,
-6,3,
-22,0,
72,10,
97,0,
74,-37,
95,-46,
-2,-56,
38,-33,
94,-58,
26,-70,
-16,-30,
6,2,
33,-25,
44,-30,
2,6,
6,-64,
23,-103,
00>
_________________________________
00>
RX Timestamp: 1000604904511
00>
Clock Offset: 1115.799 Hz, -0.140 ppm
00>
RX Timestamp: 1001675157359
00>
Clock Offset: 2164.650 Hz, -0.271 ppm
00>
_________________________________
Sequence Number: 160
00>
00>
Printing STS0 CIR
00>
00>
_________________________________
00>
33,45,
107,13,
48,23,
32,62,
-37,75,
-71,85,
32,69,
120,-4,
96,-14,
9,-75,
-58,-56,
86,30,
84,37,
36,25,
-15,-47,
-14,4,
14,38,
30,69,
40,41,
79,83,
74,62,
54,68,
-4,58,
-31,21,
-34,68,
-17,41,
-24,-5,
-54,52,
-46,33,
-29,10,
56,-16,
46,1,
16,5,
-26,24,
-20,3,
-74,78,
-10,66,
44,46,
44,2,
15,51,
8,44,
-24,69,
1,-8,
7,0,
48,-11,
25,53,
3,42,
1,-25,
-23,-44,
9,-5,
35,14,
20,60,
-11,15,
47,15,
22,-8,
-24,-46,
56,-30,
73,-15,
34,74,
-40,103,
-30,21,
-21,-23,
-32,65,
86,11,
39,5,
12,27,
23,70,
68,18,
65,38,
-13,-56,
-17,-67,
-59,9,
29,-18,
49,-42,
78,-26,
-15,-9,
-34,8,
-39,55,
-11,13,
-14,-21,
-26,-26,
-92,-6,
47,53,
-51,84,
-9,-10,
-22,-65,
-7,8,
-20,-15,
42,77,
22,99,
2,86,
-3,23,
-15,-28,
53,-10,
29,-8,
1,21,
50,-1,
69,24,
34,35,
-40,41,
-38,49,
14,1,
31,60,
-18,59,
-46,21,
-42,-18,
26,25,
-11,46,
8,62,
18,4,
17,47,
16,40,
28,41,
-6,40,
-17,-35,
55,-28,
68,-7,
26,-72,
-26,9,
-52,15,
25,62,
67,11,
27,-1,
-16,7,
-44,63,
57,34,
56,24,
43,32,
14,14,
-39,14,
-32,-21,
18,25,
101,-1,
77,34,
-8,28,
33,35,
40,122,
8,36,
-38,25,
-147,-6,
-28,-27,
5,40,
41,-7,
37,-24,
-33,49,
13,-5,
5,46,
-2,23,
14,-70,
25,68,
18,29,
-22,-4,
14,-7,
68,15,
-4,89,
21,74,
15,15,
-29,10,
-94,56,
-47,18,
5,-2,
52,30,
59,64,
1,25,
-49,7,
-50,114,
21,47,
27,43,
-27,16,
-44,21,
-36,-38,
54,-8,
-21,-23,
38,24,
49,25,
29,25,
-21,-49,
8,5,
36,42,
12,18,
61,46,
29,72,
-5,65,
-79,13,
-20,-15,
75,-16,
62,-30,
41,4,
46,21,
-12,17,
-3,-50,
-30,-24,
13,15,
94,22,
42,36,
18,44,
13,45,
-16,-3,
-20,21,
0,-36,
86,30,
-8,107,
4,77,
1,7,
30,-39,
32,-19,
7,10,
-10,21,
-61,75,
-6,44,
-58,-41,
55,-79,
29,72,
32,39,
-24,62,
17,39,
-66,-20,
-26,-38,
11,-22,
-6,-13,
43,12,
70,-22,
47,-7,
16,17,
-26,-77,
-37,-14,
-23,-18,
66,25,
-33,-25,
-30,-43,
-25,46,
22,43,
1,96,
-35,62,
-55,11,
-45,5,
14,56,
9,15,
19,75,
6,34,
-4,-29,
44,-28,
63,12,
33,130,
69,88,
3,75,
-32,-31,
31,-29,
-40,3,
-34,-6,
9,32,
18,88,
60,16,
-2,-112,
-44,-9,
-17,-30,
-36,22,
-76,9,
-24,-18,
-33,24,
7,-19,
62,26,
5,-25,
52,72,
45,94,
-30,23,
-76,14,
-26,43,
50,16,
-3,25,
12,10,
108,54,
78,17,
-47,42,
-54,8,
-44,23,
20,-25,
-20,-35,
2,21,
25,71,
16,66,
21,23,
30,48,
-58,63,
17,-24,
33,43,
5,-61,
-11,10,
-31,-9,
-60,20,
2,21,
68,-36,
30,50,
-11,27,
-43,25,
-70,-3,
11,25,
34,19,
-43,-20,
-20,-12,
-26,23,
-30,-3,
-13,18,
57,12,
71,37,
55,-18,
13,-18,
-56,39,
-50,12,
-14,12,
-1,-1,
-62,50,
-90,43,
-64,1,
-1,9,
37,78,
52,55,
-36,73,
7,29,
55,27,
35,-81,
49,-10,
3,10,
27,85,
59,43,
51,18,
-7,14,
-59,-20,
-48,29,
-86,31,
-40,1,
6,-25,
114,-18,
35,12,
14,35,
6,16,
70,52,
-30,22,
-27,19,
-3,2,
15,37,
11,7,
91,67,
-11,47,
-79,52,
-54,-28,
19,52,
104,83,
-16,38,
19,51,
5,-44,
-6,-627,
785,-3050,
2891,-6600,
4329,-6709,
4262,-3702,
1437,1562,
-401,3013,
-922,1592,
-2181,695,
-4849,268,
-6015,-1337,
-4185,-3197,
-999,-2644,
531,-702,
385,413,
71,276,
354,-102,
835,-264,
602,83,
229,164,
-136,137,
-42,-70,
108,-243,
12,-37,
-188,158,
-205,166,
-163,36,
-37,-208,
53,-536,
189,-518,
229,-381,
102,-178,
0,77,
97,224,
181,98,
133,26,
184,-51,
113,65,
-6,54,
-123,-110,
-49,-169,
-25,-128,
-58,55,
-120,121,
-71,141,
-149,81,
-65,-7,
67,2,
112,5,
51,-7,
-90,-4,
-110,12,
23,37,
-13,63,
-101,169,
-83,257,
-161,194,
-263,273,
-253,139,
-298,147,
-95,125,
-22,131,
-45,106,
-109,70,
-100,110,
-54,223,
109,136,
83,142,
0,180,
4,212,
-19,239,
11,171,
69,-18,
116,11,
133,17,
336,129,
388,337,
264,342,
205,339,
163,246,
34,105,
-8,-21,
-80,11,
-3,43,
-7,28,
47,40,
90,49,
92,84,
-9,19,
-28,26,
46,50,
97,22,
133,151,
43,88,
56,142,
15,37,
71,4,
54,-14,
-3,41,
-10,6,
-22,57,
-71,9,
-110,93,
-10,115,
22,64,
72,12,
122,70,
200,111,
110,129,
-32,117,
-41,83,
-47,37,
-69,-21,
-98,67,
-16,122,
26,58,
94,158,
68,117,
53,146,
-69,112,
-29,146,
4,43,
-6,43,
-36,96,
-17,127,
54,53,
63,15,
17,57,
44,83,
-11,133,
16,42,
-23,34,
-28,70,
-12,39,
-70,105,
-38,55,
-37,35,
-80,34,
-4,51,
50,73,
70,88,
12,96,
13,126,
41,59,
25,110,
59,103,
45,68,
-8,18,
-21,1,
57,52,
52,72,
17,21,
-2,21,
93,-9,
84,94,
39,49,
-1,60,
21,48,
-29,86,
13,119,
-5,63,
00>
_________________________________
00>
00>
Printing STS1 CIR
00>
00>
_________________________________
00>
-26,-12,
44,-13,
-7,1,
-42,-6,
3,-22,
9,-46,
-2,31,
0,-11,
6,-41,
37,68,
7,89,
-51,56,
4,-6,
3,-9,
65,-7,
49,15,
59,36,
-12,5,
12,-48,
-33,-42,
-32,9,
-8,18,
3,-10,
20,-35,
45,40,
-34,53,
-66,12,
10,-1,
-21,-38,
76,33,
-14,5,
-26,25,
31,40,
11,86,
45,20,
-18,15,
-43,-16,
3,18,
-13,20,
-7,-17,
-11,-17,
57,4,
54,9,
64,0,
22,21,
48,60,
46,15,
54,11,
38,22,
-55,-33,
-58,-20,
-96,-1,
0,47,
91,17,
56,21,
30,37,
18,33,
-15,17,
-78,-10,
-95,-51,
-9,-24,
9,19,
45,5,
16,-1,
22,-29,
-27,-9,
1,-1,
35,16,
15,10,
45,49,
22,-17,
40,-88,
24,-29,
28,40,
27,80,
44,21,
6,35,
-22,3,
46,1,
25,-22,
51,-63,
10,31,
1,12,
41,-25,
117,20,
109,56,
101,30,
29,-39,
-19,-49,
-55,-8,
-41,45,
-13,37,
2,24,
43,-14,
61,-51,
65,10,
22,37,
20,-6,
44,14,
18,-37,
-18,-2,
17,-10,
7,44,
15,73,
55,-17,
51,-60,
-59,-1,
-66,-57,
10,-23,
3,-3,
-16,6,
-10,16,
43,30,
62,29,
77,25,
28,-15,
-20,3,
29,-44,
8,8,
24,-19,
18,0,
-21,-49,
34,24,
7,3,
-27,-14,
4,-50,
10,34,
-29,21,
-14,-23,
43,25,
11,8,
-10,-35,
-2,-7,
14,15,
-21,46,
15,-14,
82,47,
69,25,
48,1,
23,-25,
1,22,
22,46,
45,-50,
-9,-44,
-67,-44,
-43,2,
3,-13,
2,-23,
66,-4,
44,60,
37,53,
29,19,
23,-48,
50,-46,
53,-13,
21,1,
38,5,
19,28,
29,-45,
37,-4,
-89,-3,
-69,-35,
-14,22,
86,69,
111,28,
43,-39,
4,1,
40,-22,
-5,6,
-63,45,
37,21,
88,20,
54,81,
36,99,
-14,-6,
-33,-38,
-69,-53,
2,-66,
24,11,
0,23,
25,-11,
60,33,
20,16,
40,15,
32,9,
-6,-39,
-62,-73,
-14,-31,
12,83,
2,49,
53,-6,
124,1,
97,35,
88,16,
78,35,
3,12,
-70,-20,
-45,-26,
-94,-35,
-36,28,
6,18,
-8,24,
45,-1,
-35,-13,
-36,14,
6,40,
26,-31,
-25,-58,
31,-99,
58,-47,
36,-2,
44,48,
-58,43,
-33,-16,
24,3,
94,-51,
89,18,
6,23,
-65,48,
14,-14,
25,24,
26,-32,
-24,9,
-17,-42,
-61,19,
-14,47,
31,6,
-2,-36,
57,22,
12,2,
44,-19,
-30,14,
-15,-34,
-42,35,
14,61,
-9,48,
-16,-18,
-6,1,
-31,26,
-8,24,
12,-25,
2,40,
-90,51,
-91,12,
-18,-20,
-21,-67,
-20,-10,
-8,13,
15,-6,
34,-90,
-12,-42,
60,22,
10,30,
-29,25,
-39,11,
-17,-2,
-4,-2,
-33,-14,
-36,-43,
55,-1,
20,16,
-1,82,
2,13,
1,4,
27,51,
92,18,
69,5,
-61,-19,
-42,-43,
-24,14,
10,11,
49,-10,
-43,-29,
-25,-10,
1,29,
-19,-8,
-10,-27,
5,7,
16,-42,
-4,-30,
28,-34,
-27,-5,
-51,35,
6,51,
-3,-63,
56,-14,
18,-54,
-35,-2,
16,1,
-66,10,
21,18,
18,86,
32,38,
39,46,
37,4,
1,75,
25,-6,
20,42,
-31,-45,
19,3,
-1,22,
2,33,
21,-29,
3,58,
-26,26,
17,-36,
-3,8,
5,-55,
18,12,
-36,0,
7,-28,
-12,9,
34,-2,
30,-75,
30,-91,
39,-21,
-58,18,
-6,-11,
45,8,
23,-19,
18,-67,
-24,11,
25,1,
-11,25,
4,-25,
16,-47,
-26,-88,
-22,-90,
3,-68,
29,-8,
63,-59,
19,-54,
-24,13,
-70,45,
4,-1,
42,24,
5,22,
64,8,
13,33,
43,-10,
27,19,
-9,59,
-14,10,
-2,81,
9,65,
16,40,
-31,7,
-42,34,
-2,69,
9,-25,
-33,-40,
-486,-683,
-1823,-3928,
-2863,-7337,
-2469,-7803,
-541,-4440,
1334,1392,
1762,2695,
665,418,
194,-1430,
1098,-1939,
2602,-1479,
2822,-456,
1395,269,
84,189,
-334,-188,
-366,-131,
-570,149,
-1048,291,
-689,169,
-113,88,
295,265,
212,69,
-25,-100,
-201,29,
-154,336,
-175,447,
-270,158,
-300,96,
-259,217,
-274,462,
-281,514,
-222,357,
-110,266,
-32,180,
-51,106,
-55,44,
-56,163,
68,277,
9,446,
-31,526,
-48,477,
62,282,
241,131,
153,149,
-52,214,
-33,198,
57,157,
43,139,
22,108,
-55,26,
-52,-13,
8,-16,
75,5,
123,63,
137,153,
51,136,
87,246,
123,154,
171,87,
120,112,
132,16,
107,3,
12,77,
-63,209,
-72,241,
-73,242,
-93,114,
-12,29,
-24,87,
-133,129,
-197,151,
-142,110,
20,92,
117,147,
168,258,
189,303,
179,263,
139,221,
89,210,
5,202,
5,124,
14,133,
44,59,
29,23,
66,58,
44,59,
42,2,
18,-84,
-6,-93,
10,-108,
-39,-8,
10,8,
-11,21,
13,72,
-28,90,
10,71,
24,60,
109,50,
19,66,
18,39,
3,-29,
-31,39,
-65,92,
71,-10,
98,1,
127,16,
45,37,
-53,44,
-37,8,
-49,39,
-19,75,
-50,83,
-60,148,
-144,102,
-129,32,
-40,82,
71,75,
3,34,
-34,10,
15,43,
9,102,
-30,14,
-62,-69,
-62,48,
22,26,
23,23,
10,43,
21,65,
-27,107,
-47,99,
-63,73,
-60,28,
4,-6,
-17,-12,
101,16,
88,64,
11,45,
-29,79,
-97,51,
-34,-27,
45,-13,
-17,73,
3,84,
-16,91,
85,39,
-8,61,
-5,88,
-14,102,
0,6,
39,14,
18,98,
43,108,
40,120,
23,101,
26,67,
-3,34,
24,19,
70,6,
22,55,
34,48,
14,63,
00>
_________________________________
00>
_________________________________
Sequence Number: 163
00>
00>
Printing STS0 CIR
00>
00>
_________________________________
00>
64,68,
62,8,
19,46,
-53,-19,
-47,28,
-74,-35,
60,-88,
113,-62,
78,-106,
50,-42,
58,1,
40,69,
30,-15,
37,-49,
-18,-48,
-16,-7,
90,14,
-29,55,
-80,68,
-60,62,
-45,39,
32,38,
8,-20,
-33,-60,
-41,-14,
-29,-53,
19,-28,
24,-4,
-6,-12,
91,25,
89,62,
4,21,
-53,3,
-11,31,
-25,-5,
14,32,
-60,75,
-35,82,
26,-4,
47,22,
38,23,
-2,31,
-43,-25,
30,68,
40,53,
97,49,
-37,41,
-55,-12,
-9,55,
14,-15,
44,54,
-25,-37,
-59,24,
6,88,
-6,142,
-70,89,
-1,100,
26,-18,
74,-44,
32,8,
30,-13,
-4,-15,
-40,-9,
22,-9,
33,-28,
-48,-28,
21,-20,
28,-54,
-8,-1,
-39,-12,
7,-15,
55,-13,
34,-3,
-21,57,
15,32,
-25,11,
-67,-31,
-26,-60,
-57,-81,
72,7,
7,-80,
-41,-71,
-9,-44,
66,-18,
108,16,
79,21,
25,7,
-17,-27,
-14,44,
-57,-11,
-89,-3,
-28,8,
-39,15,
23,12,
61,-36,
117,-2,
-12,-14,
43,-13,
43,54,
23,-22,
-14,-70,
-82,-70,
-15,-64,
4,-53,
-30,-118,
-57,-81,
-3,72,
16,42,
50,48,
37,156,
103,118,
26,-5,
13,12,
-27,1,
-28,-19,
-3,-57,
-22,-35,
6,-2,
58,46,
-12,31,
38,-2,
27,-21,
38,32,
15,89,
68,30,
57,-17,
7,12,
12,7,
55,34,
58,71,
11,64,
19,54,
28,-9,
66,-52,
-12,-67,
-15,-60,
25,24,
121,7,
24,55,
2,-15,
83,-21,
132,6,
42,45,
-14,-38,
-42,-60,
-16,-42,
30,10,
97,-41,
83,2,
32,43,
24,67,
-16,77,
-6,-42,
-9,-37,
-35,-44,
-37,-102,
-24,-19,
42,7,
79,48,
34,-16,
45,-6,
25,11,
-66,-9,
7,-10,
57,-10,
111,26,
43,-5,
-19,16,
79,-33,
57,74,
51,1,
52,18,
32,50,
101,37,
57,25,
32,72,
28,17,
18,8,
-28,0,
17,-36,
8,-13,
36,-12,
-2,-41,
-31,-40,
45,7,
-10,14,
34,-61,
34,-64,
104,17,
53,43,
-48,-13,
-17,-36,
13,-34,
36,-25,
31,-106,
-17,-39,
-14,6,
18,-4,
52,16,
60,61,
13,68,
42,8,
0,-30,
2,-39,
47,-66,
-1,-3,
41,-10,
24,24,
32,-2,
16,11,
-56,-57,
-16,-74,
37,-35,
45,57,
-27,69,
-43,7,
-3,36,
-68,13,
-34,-71,
60,-67,
46,-42,
75,32,
82,38,
52,26,
68,61,
26,-17,
64,14,
97,-50,
28,-41,
-39,-81,
39,-56,
123,-57,
131,0,
82,-78,
-3,-38,
5,-44,
66,47,
71,127,
41,75,
-1,-15,
-15,71,
79,31,
46,33,
-11,1,
8,12,
28,11,
-18,-27,
3,20,
-22,-19,
-13,-34,
-57,-9,
78,-16,
63,-24,
18,59,
88,78,
64,3,
-11,-53,
40,-25,
85,31,
60,32,
64,-32,
4,-82,
14,-100,
34,-59,
12,-52,
10,30,
55,41,
8,-23,
55,50,
22,-6,
24,-14,
-2,-50,
14,-48,
73,-59,
15,-41,
10,29,
-84,-3,
-70,-46,
12,40,
14,69,
4,68,
1,-89,
-66,-35,
-63,-22,
-1,19,
-13,-29,
64,-63,
102,-32,
85,21,
31,45,
-32,-54,
-42,-54,
-28,6,
-56,26,
-48,7,
7,-23,
94,-9,
-28,-3,
63,51,
27,5,
101,6,
39,-11,
0,-52,
-84,-8,
-19,-28,
6,44,
11,35,
47,36,
33,22,
22,0,
-1,10,
15,34,
98,19,
37,-50,
21,-47,
-17,45,
24,61,
27,-5,
-14,-6,
-9,-41,
-51,-48,
-45,9,
-30,44,
-11,30,
19,13,
14,-22,
23,-2,
45,-65,
94,-19,
-13,-52,
-56,-87,
2,27,
65,12,
18,8,
-60,-12,
-8,67,
23,-3,
20,-28,
61,-82,
7,-22,
25,42,
9,-15,
10,-14,
45,-7,
61,-23,
-41,-30,
-59,-15,
-53,12,
-55,-25,
-8,3,
-23,14,
6,13,
-16,22,
2,18,
33,-60,
-86,-76,
-1043,32,
-3743,86,
-6407,-319,
-6178,-1319,
-2669,-1984,
645,-1384,
1269,-387,
145,545,
-1077,1086,
-1827,915,
-1965,98,
-1336,-499,
-334,-406,
243,-17,
229,147,
397,139,
706,86,
748,18,
211,-60,
-85,-70,
-120,119,
84,359,
204,317,
226,63,
210,-86,
107,-104,
0,-70,
96,1,
253,33,
246,-116,
161,-167,
81,-204,
104,-106,
38,-62,
8,-17,
95,-133,
184,-114,
274,-51,
291,-56,
206,-61,
187,-91,
136,8,
53,29,
88,-3,
170,-34,
198,-119,
275,-23,
186,-44,
42,20,
67,91,
63,136,
33,90,
19,95,
143,142,
92,157,
18,102,
-24,-20,
24,5,
36,-105,
10,-84,
34,-85,
87,54,
132,79,
107,52,
-3,65,
45,-47,
77,-38,
139,71,
78,83,
10,67,
24,-9,
41,-29,
43,-52,
16,40,
28,143,
58,66,
-11,-19,
42,-57,
113,-73,
107,-18,
134,65,
140,55,
114,-22,
93,-70,
52,-6,
69,41,
38,41,
5,-24,
56,-102,
65,20,
81,76,
88,24,
27,-35,
50,-17,
22,-38,
81,-15,
125,-28,
115,-115,
54,-130,
81,-11,
159,54,
191,75,
48,28,
12,-68,
48,-75,
169,32,
66,43,
34,-16,
25,28,
61,26,
86,6,
-7,5,
60,81,
46,67,
130,20,
100,-44,
139,-4,
83,32,
13,15,
62,42,
129,50,
158,-16,
116,35,
69,-40,
-16,-1,
-16,34,
75,60,
72,45,
51,-63,
140,-65,
95,-65,
115,0,
106,27,
40,-3,
71,-22,
90,-13,
74,-11,
132,-11,
117,55,
118,70,
61,26,
-14,55,
-10,20,
57,-42,
103,-62,
123,19,
90,24,
5,48,
63,-22,
12,-34,
-11,-11,
-31,-22,
60,-47,
136,41,
109,50,
145,45,
00>
_________________________________
00>
00>
Printing STS1 CIR
00>
00>
_________________________________
00>
-5,70,
32,13,
-31,-36,
-16,-37,
-42,-6,
-24,-6,
38,13,
-62,47,
-81,2,
34,-21,
50,6,
17,28,
42,-45,
53,14,
-8,66,
-7,116,
6,26,
24,-41,
10,-24,
12,25,
-48,95,
-86,105,
0,21,
66,31,
65,26,
34,-23,
54,-2,
64,33,
59,-5,
5,35,
-29,22,
-2,84,
-20,93,
-30,71,
37,-16,
88,-44,
66,1,
72,109,
24,78,
-6,103,
-36,39,
32,-7,
50,22,
22,5,
62,-7,
13,25,
43,45,
12,15,
18,16,
22,-11,
-87,-14,
-9,31,
-29,118,
-17,126,
51,63,
-9,14,
-18,-22,
49,45,
99,86,
112,36,
78,-1,
8,-5,
97,42,
50,16,
-25,34,
34,76,
71,77,
-52,95,
-53,54,
27,53,
47,54,
-10,87,
-48,76,
-27,-9,
-58,-23,
-57,11,
-2,89,
42,24,
-18,-2,
-36,3,
-19,46,
24,59,
54,-40,
38,-72,
-36,-104,
-22,39,
38,16,
43,28,
16,14,
-10,-4,
-38,51,
-19,44,
-24,61,
-31,37,
-74,57,
13,40,
71,-10,
74,7,
35,34,
0,51,
-58,4,
10,-16,
-13,-6,
2,8,
61,30,
85,44,
53,13,
0,-2,
8,78,
-12,30,
18,-4,
29,47,
-44,81,
-14,119,
-51,-1,
-20,57,
-9,16,
-6,-29,
-14,-38,
12,-3,
87,43,
37,-11,
-19,-14,
-57,-29,
-106,2,
-66,36,
-37,25,
-7,46,
-1,53,
53,18,
64,21,
59,96,
27,71,
-12,106,
63,92,
20,112,
-4,47,
-50,68,
51,-2,
72,-7,
23,-30,
-9,-4,
-7,-67,
29,-35,
31,1,
77,10,
-16,52,
-16,51,
23,15,
18,43,
31,34,
22,42,
39,-5,
57,54,
49,9,
-10,-26,
-1,-22,
-1,11,
12,86,
28,41,
59,15,
41,59,
23,7,
75,-31,
75,1,
-46,5,
-23,8,
10,52,
5,55,
-8,-17,
32,32,
34,38,
-71,73,
-77,23,
-58,4,
28,-42,
4,-6,
33,10,
8,17,
40,-6,
11,15,
32,33,
93,41,
67,55,
72,10,
9,31,
-13,63,
48,31,
28,13,
44,14,
6,32,
10,37,
-8,-9,
9,2,
43,25,
-11,-26,
-49,45,
-31,58,
-6,53,
-4,21,
-17,-23,
61,-43,
-22,-70,
-27,5,
-13,96,
-97,78,
-91,64,
-13,20,
-16,1,
-39,26,
-15,66,
88,11,
50,10,
40,25,
18,29,
-4,57,
38,57,
28,102,
11,68,
60,41,
111,-49,
111,-76,
32,-58,
-54,39,
5,18,
72,-8,
20,16,
7,12,
-47,17,
11,-24,
27,26,
36,17,
-5,-3,
-51,-29,
-48,-14,
-37,1,
-33,-58,
-3,-41,
10,-29,
73,8,
62,45,
36,26,
6,7,
-41,-6,
-36,66,
5,37,
76,32,
49,36,
4,93,
-56,-8,
1,-46,
20,-36,
-36,-16,
-91,1,
31,7,
58,-2,
43,-20,
-14,70,
47,107,
33,44,
-1,21,
-34,5,
-54,18,
-32,41,
-54,33,
-7,10,
32,81,
21,-19,
-28,65,
-90,62,
-23,35,
7,24,
27,2,
2,-25,
-30,18,
3,43,
-56,64,
-73,34,
-55,-13,
-24,28,
-9,0,
-15,45,
-22,61,
5,30,
-36,54,
35,51,
-5,75,
-68,69,
-26,18,
79,-50,
55,-38,
-12,-10,
51,9,
79,-57,
86,11,
-19,-56,
-26,-150,
-35,-33,
24,75,
33,50,
28,-31,
-38,-32,
-23,-40,
27,6,
52,-1,
36,-7,
-10,36,
-27,51,
-51,-16,
-24,39,
22,98,
58,43,
56,43,
84,62,
23,77,
-4,19,
-10,9,
44,7,
85,34,
33,32,
21,28,
0,29,
36,25,
5,23,
14,0,
-15,29,
-22,57,
49,43,
-12,45,
-42,22,
33,-53,
33,-18,
44,112,
-3,17,
-5,-2,
36,105,
24,54,
25,3,
54,-22,
4,17,
-2,22,
-21,51,
39,88,
93,97,
74,41,
-12,25,
-14,28,
36,64,
13,63,
-66,-14,
-62,12,
30,-1,
57,-54,
1,-10,
-11,49,
-112,212,
-1075,1020,
-3579,2996,
-5625,4157,
-5525,3408,
-2356,797,
606,-1044,
1121,-653,
484,110,
497,-10,
1091,-732,
1357,-918,
1038,-401,
455,151,
-1,190,
-199,-182,
-202,-499,
-211,-436,
-126,-169,
33,131,
8,326,
-73,297,
-75,301,
103,186,
239,-20,
291,-205,
241,-230,
87,-80,
-112,25,
-143,168,
-69,134,
114,44,
252,-107,
297,-209,
128,-42,
1,-37,
74,-78,
270,-176,
369,-81,
290,4,
148,32,
-4,14,
-39,-57,
11,-73,
79,-82,
125,-58,
83,-35,
-74,-22,
-116,69,
-41,174,
92,177,
149,141,
153,67,
84,-17,
84,-30,
60,53,
-1,91,
-8,101,
-18,59,
52,-34,
32,-95,
61,-103,
87,-117,
94,-51,
102,1,
73,26,
26,40,
-2,110,
110,208,
241,63,
177,-122,
139,-159,
46,-93,
5,-50,
18,19,
-72,-21,
-54,-27,
0,-97,
-22,-123,
-83,-123,
34,-87,
126,5,
107,21,
0,-63,
7,-82,
42,-59,
105,-60,
101,-64,
90,-50,
57,-38,
68,-67,
102,-86,
138,-7,
128,18,
32,-21,
-30,-48,
-9,1,
92,-42,
70,-75,
13,-23,
-35,-60,
-12,-44,
-20,34,
64,18,
52,19,
-14,35,
41,-51,
35,-10,
87,39,
77,38,
45,-20,
44,-34,
38,15,
20,-42,
-52,0,
27,50,
132,54,
109,-63,
41,13,
102,-23,
109,-37,
54,-28,
40,-105,
59,-125,
57,-31,
21,28,
-14,31,
24,-42,
71,-72,
66,-32,
-32,-32,
20,-77,
70,-63,
67,-9,
108,-13,
79,-8,
51,-10,
24,-21,
-15,-62,
-63,-10,
39,68,
91,16,
130,-41,
87,-15,
30,54,
52,-6,
60,-46,
63,27,
10,94,
12,3,
39,-55,
137,-156,
92,-57,
32,-12,
22,90,
34,17,
56,16,
00>
_________________________________
00>
RX Timestamp: 41373895148
00>
Clock Offset: 1740.646 Hz, -0.218 ppm
00>
RX Timestamp: 42446160646
00>
Clock Offset: 1643.944 Hz, -0.206 ppm
00>
_________________________________
Sequence Number: 41
00>
00>
Printing STS0 CIR
00>
00>
_________________________________
00>
-34,37,
-26,-4,
32,-37,
-11,-4,
-7,-34,
-1,14,
-18,-2,
-5,34,
-6,52,
-86,22,
26,88,
60,10,
39,23,
-7,-41,
38,-13,
-4,-85,
-8,-94,
-49,-112,
-22,-83,
63,-10,
29,23,
9,-24,
-35,7,
-3,4,
6,3,
-64,-24,
-26,-25,
11,3,
0,27,
22,18,
-21,8,
-12,8,
26,11,
20,21,
-46,9,
10,-2,
29,19,
-7,73,
15,30,
-56,-14,
-86,112,
2,14,
18,-18,
9,-35,
-18,14,
-11,95,
-45,12,
-10,-24,
-46,15,
-21,-32,
-56,-49,
-8,27,
42,102,
54,49,
-21,-30,
-38,-43,
-6,-3,
-19,-48,
-85,-76,
-48,-82,
-24,25,
-6,33,
61,16,
17,-42,
-46,-25,
-19,4,
-24,-19,
38,82,
-45,66,
-60,-16,
23,-17,
11,-44,
25,41,
12,68,
55,17,
-18,12,
11,-8,
6,-3,
-30,-49,
-63,-19,
18,10,
11,40,
11,-57,
-30,51,
0,30,
56,10,
-53,30,
-59,-21,
-6,19,
36,-8,
54,-16,
28,2,
43,-4,
1,-42,
-25,-40,
50,-58,
-33,-94,
-23,-59,
1,-61,
-17,-7,
-1,56,
-45,62,
-28,12,
-49,6,
-57,72,
-36,38,
17,30,
-34,-49,
-34,23,
-40,81,
-11,56,
-29,47,
-19,53,
-22,40,
-46,35,
-16,45,
-22,-14,
8,19,
9,31,
-48,-1,
-11,-8,
-79,-17,
-73,-27,
-76,-3,
46,15,
75,0,
91,-92,
-73,-108,
-53,-87,
-23,-75,
110,-71,
70,23,
1,-28,
12,-23,
-58,-36,
-29,-30,
-10,-45,
1,10,
12,56,
35,-4,
28,-9,
47,52,
-26,-32,
-47,3,
24,-12,
45,11,
12,-73,
6,-47,
26,15,
-28,-9,
25,-42,
52,-93,
38,-12,
-6,-23,
-18,-28,
49,6,
19,-19,
40,2,
5,47,
-38,-37,
22,-127,
70,-126,
44,-137,
-28,-19,
43,61,
47,-26,
-25,13,
-85,-38,
-84,-62,
-59,-9,
33,-53,
-20,-32,
-61,-47,
-12,39,
27,30,
-36,21,
-17,-74,
39,-13,
32,70,
-4,-15,
-21,-26,
-29,-24,
-30,19,
-11,16,
-1,-15,
31,-77,
51,-7,
-23,14,
-124,-13,
-6,-53,
23,-67,
17,1,
-4,39,
22,62,
-19,46,
-61,19,
-23,-20,
20,-19,
35,16,
19,35,
5,44,
-29,64,
-18,74,
-43,24,
101,24,
82,-3,
2,-50,
46,-18,
-37,-61,
3,-80,
-4,-19,
-75,91,
-41,76,
34,-43,
56,-5,
57,-9,
44,-37,
-21,-50,
13,-9,
-1,-25,
0,54,
0,19,
-50,-7,
-89,-34,
-68,35,
-73,55,
-36,-18,
-59,-22,
7,-39,
2,32,
39,23,
34,2,
-4,54,
-48,55,
9,-23,
-32,-14,
-17,22,
28,-23,
45,18,
-12,35,
13,66,
-2,-8,
-86,-10,
48,-22,
21,-20,
97,70,
26,58,
-5,-24,
-32,13,
-4,21,
-57,36,
28,44,
-9,43,
-7,-4,
6,40,
-63,53,
-51,107,
-33,125,
-49,18,
-41,-57,
-24,-29,
-32,-57,
57,29,
51,59,
0,72,
-81,55,
3,16,
23,40,
-25,18,
-1,-3,
2,-18,
59,21,
43,-49,
25,0,
14,15,
-18,14,
-8,-24,
-19,11,
-27,-17,
-26,-74,
-16,3,
-72,11,
14,26,
24,47,
31,53,
39,22,
45,2,
-35,24,
28,-6,
9,7,
18,-15,
-22,28,
18,25,
31,18,
84,-69,
65,-111,
53,51,
9,49,
11,-14,
87,-19,
4,-12,
-2,-8,
4,24,
54,7,
-54,9,
-9,-72,
-11,28,
17,20,
38,38,
-24,36,
-19,57,
-52,31,
-22,1,
92,-22,
21,2,
13,-61,
-4,-61,
-64,-26,
-42,-7,
-26,32,
32,5,
1,58,
-34,-25,
-38,-71,
6,-16,
-5,39,
23,60,
43,17,
-7,6,
-78,47,
-47,-31,
32,-21,
-65,6,
50,51,
79,-43,
70,-56,
13,-24,
18,-37,
39,-47,
68,-18,
60,9,
8,18,
27,-4,
62,-13,
54,-35,
67,-41,
56,-14,
79,-2,
-2,-22,
-162,25,
-1232,149,
-5001,616,
-7916,561,
-7945,-539,
-5684,-2427,
267,-2311,
1900,-1110,
495,362,
-1390,1427,
-2794,1717,
-3293,827,
-2312,-311,
-727,-571,
180,-179,
357,43,
583,78,
967,-17,
1139,-34,
159,-5,
-38,-22,
-214,141,
-56,553,
257,402,
389,106,
412,-166,
242,-294,
-26,-87,
83,-17,
313,71,
419,-31,
269,-75,
149,-184,
137,-123,
145,-119,
12,-31,
-9,-27,
114,-67,
201,-101,
429,-180,
354,-109,
259,-141,
177,-46,
124,0,
215,84,
327,30,
304,-12,
198,-36,
144,-60,
113,20,
124,98,
14,108,
-75,107,
-59,142,
20,137,
63,186,
110,102,
64,50,
-17,-58,
-66,-69,
-124,-66,
-39,-13,
40,-17,
189,58,
172,109,
87,88,
36,34,
17,1,
77,64,
264,86,
186,83,
156,13,
81,-58,
57,31,
65,149,
103,130,
44,51,
1,-22,
-43,-127,
25,-138,
73,-48,
158,128,
230,79,
10,1,
-2,-26,
52,41,
98,94,
51,179,
10,79,
23,78,
152,48,
114,27,
-2,5,
11,-27,
-50,-42,
33,26,
66,21,
125,16,
56,-35,
0,-44,
8,-22,
74,77,
82,32,
54,28,
14,0,
82,20,
84,21,
116,96,
124,31,
118,-35,
48,23,
80,101,
91,81,
98,-6,
110,-67,
38,-14,
63,-39,
89,-1,
80,32,
56,31,
69,84,
141,63,
178,-89,
200,-120,
148,-18,
59,58,
78,65,
102,54,
123,7,
85,-16,
54,21,
15,64,
19,62,
123,124,
139,92,
6,51,
36,11,
81,21,
87,71,
121,96,
133,99,
115,46,
143,77,
23,96,
37,94,
100,-34,
51,-105,
4,-70,
-9,-54,
60,34,
53,105,
31,22,
64,22,
62,-29,
40,21,
44,26,
37,-3,
105,-4,
63,14,
47,73,
56,15,
72,56,
116,-56,
00>
_________________________________
00>
00>
Printing STS1 CIR
00>
00>
_________________________________
00>
-4,22,
43,3,
51,12,
14,19,
-3,71,
-5,63,
38,67,
-6,73,
36,53,
23,11,
-27,-3,
-33,40,
-33,90,
-25,63,
39,-1,
57,12,
47,57,
32,26,
86,-23,
29,21,
-25,33,
-29,88,
-23,51,
-14,28,
-23,-17,
10,6,
-2,36,
-31,-41,
26,-25,
-5,77,
39,43,
-8,-29,
-54,-19,
-4,-35,
51,-38,
-10,17,
-5,53,
-5,22,
29,-8,
-22,21,
-84,57,
2,-10,
-28,36,
-33,10,
-39,53,
-15,83,
4,3,
19,-13,
-33,6,
21,29,
0,24,
18,37,
73,35,
35,18,
-28,84,
14,55,
24,-4,
21,72,
15,3,
-10,-20,
-50,-3,
36,-6,
24,19,
51,31,
65,72,
61,31,
27,56,
-36,-6,
-46,-34,
29,2,
20,18,
0,-11,
48,-21,
23,-20,
6,13,
-6,-86,
-85,-8,
-72,40,
-31,23,
14,18,
-27,0,
-27,6,
-4,79,
18,35,
-7,35,
-21,24,
-13,2,
6,-26,
-33,-30,
7,-44,
30,-52,
-3,-6,
33,-37,
62,7,
66,-22,
-33,-22,
2,-1,
-11,-26,
7,72,
-28,88,
50,34,
-4,12,
-27,52,
-12,142,
11,111,
66,29,
58,-20,
26,-7,
-11,3,
2,-13,
48,-17,
20,-1,
35,46,
23,29,
63,31,
24,-17,
-15,-12,
26,-16,
41,-44,
1,-60,
-22,8,
-56,104,
19,83,
24,-21,
33,-69,
50,-40,
9,63,
-3,21,
-102,-21,
-38,-21,
-30,-62,
35,14,
3,59,
-8,59,
31,57,
74,-17,
13,34,
28,33,
31,61,
-2,-16,
-14,33,
4,16,
37,14,
-31,52,
-22,61,
14,51,
-37,-24,
-28,11,
-9,41,
-43,10,
1,10,
54,0,
7,75,
13,-1,
62,8,
30,0,
-24,43,
22,18,
60,10,
96,-6,
83,26,
68,51,
-48,27,
0,15,
-12,22,
-37,20,
-17,8,
-34,-16,
-25,28,
7,39,
64,-8,
15,4,
-6,46,
23,43,
-21,49,
-29,-78,
-31,-81,
-14,-45,
-6,-55,
6,-37,
7,-27,
15,55,
16,18,
12,27,
34,1,
51,4,
51,37,
37,0,
-25,-72,
-12,-1,
-77,5,
-101,21,
-29,33,
15,37,
42,78,
4,2,
17,2,
1,1,
-2,-4,
11,23,
15,23,
-20,-6,
-8,-25,
8,-6,
45,-17,
0,4,
-60,22,
14,-22,
-42,15,
-13,-11,
-11,6,
-24,34,
18,1,
23,-40,
5,28,
7,-30,
26,-19,
37,-60,
6,-16,
-4,55,
-18,3,
-12,-27,
-18,-15,
-57,4,
35,-16,
20,-3,
28,-15,
-17,-7,
52,28,
27,-10,
-6,15,
-46,16,
-14,11,
27,-15,
-37,-5,
-71,-31,
-6,-44,
38,-38,
46,-46,
-9,-24,
-5,-6,
-13,35,
28,25,
-55,0,
-11,34,
23,-10,
3,-30,
-16,-20,
-19,-34,
11,24,
-11,37,
4,104,
36,2,
-44,50,
-84,49,
-2,36,
-48,-69,
-44,-79,
-7,2,
16,2,
61,-43,
50,-93,
49,-15,
36,-2,
26,19,
40,-6,
-40,5,
-24,38,
23,15,
13,22,
-13,45,
36,1,
20,-19,
36,22,
-3,43,
-24,19,
7,24,
35,-53,
-26,-48,
58,-37,
-14,-59,
-23,-18,
4,26,
0,31,
5,49,
-38,1,
-22,-18,
-60,-76,
-55,2,
-30,-20,
-48,64,
-3,8,
40,88,
12,125,
5,47,
24,-64,
32,-84,
13,-59,
1,-12,
-4,-19,
-55,33,
-24,110,
17,38,
-15,-40,
-19,-3,
15,18,
31,0,
19,-49,
20,18,
-29,46,
-32,-7,
-21,25,
8,26,
37,66,
25,-12,
-39,39,
21,41,
16,-1,
-16,-33,
-13,-19,
-34,10,
-32,19,
-30,33,
-36,18,
21,23,
2,48,
-15,19,
-31,44,
-28,60,
-43,39,
32,55,
24,22,
3,-8,
-2,56,
33,52,
38,30,
68,40,
58,25,
-8,76,
72,34,
50,-73,
24,-90,
33,48,
20,22,
9,-49,
-14,-64,
-8,-49,
12,34,
11,21,
-99,127,
-841,1377,
-3468,5124,
-5288,6649,
-5889,6264,
-4509,3154,
-125,-1243,
1406,-1638,
827,-134,
513,-51,
1180,-1404,
1784,-2075,
1491,-1119,
772,-41,
86,254,
-329,-140,
-562,-586,
-575,-716,
-392,-361,
17,10,
189,223,
46,543,
83,472,
245,257,
375,-151,
393,-495,
248,-507,
35,-237,
-149,-55,
-189,68,
-29,116,
127,64,
267,-140,
346,-211,
178,-41,
4,-2,
-22,-4,
169,-282,
361,-180,
480,3,
298,133,
79,100,
-89,9,
-123,-123,
6,-220,
63,-236,
63,-144,
-77,-42,
-86,103,
-77,246,
107,252,
138,114,
136,64,
196,-71,
82,-64,
50,30,
4,35,
-22,29,
18,17,
13,-64,
-59,-85,
4,-161,
60,-198,
178,-57,
230,-2,
153,-13,
43,-12,
-4,11,
15,13,
204,-28,
261,-155,
253,-220,
22,-214,
-87,-100,
-34,-10,
-1,-44,
-1,-47,
-62,-176,
-75,-182,
-44,-156,
21,-197,
105,-67,
110,-24,
9,13,
-58,-13,
-69,-14,
-10,1,
53,-44,
81,-72,
84,-77,
162,-105,
154,-76,
105,-73,
115,-49,
59,-20,
67,-25,
62,53,
78,-26,
45,12,
43,44,
23,-20,
42,-63,
-34,14,
-24,-54,
16,-63,
-40,-10,
-73,5,
1,-11,
27,46,
9,4,
26,-25,
4,-56,
49,-119,
26,-119,
46,-30,
28,-1,
72,32,
151,-85,
48,-46,
8,-58,
90,-34,
76,-41,
147,-110,
122,-91,
6,-69,
-9,-34,
2,-24,
33,-62,
36,-102,
-18,-73,
-23,-98,
-39,-65,
26,-4,
147,-61,
142,-85,
99,-8,
66,28,
54,-30,
104,-87,
50,-67,
7,18,
-7,12,
64,-98,
42,-73,
77,-111,
116,-118,
92,-95,
15,12,
74,75,
-24,8,
13,-38,
-29,-66,
47,-58,
75,-35,
51,-36,
17,-43,
10,-102,
-35,-155,
-7,-47,
-3,0,
52,-55,
49,-46,
110,-4,
00>
_________________________________
00>
_________________________________
Sequence Number: 44
00>
00>
Printing STS0 CIR
00>
00>
_________________________________
00>
-2,-35,
32,-57,
-10,-39,
14,-21,
6,-13,
39,49,
24,70,
6,-14,
-38,-16,
-34,13,
-29,-21,
-85,17,
-24,67,
-20,29,
-39,-2,
-18,-58,
-13,-12,
53,-6,
-30,53,
1,40,
2,-87,
-30,-48,
-37,-49,
41,15,
10,-11,
-73,-12,
-89,9,
-21,-23,
-53,-28,
-4,-28,
4,6,
28,-37,
5,-89,
31,15,
41,-3,
-13,36,
82,-27,
74,-24,
80,37,
43,34,
-106,-27,
-59,31,
-38,43,
31,-1,
19,21,
2,-29,
41,-43,
63,1,
28,6,
70,57,
40,46,
57,64,
24,95,
43,29,
8,8,
15,-82,
-30,40,
-33,48,
0,47,
6,-70,
48,-29,
-11,-18,
25,22,
36,25,
35,-3,
8,-7,
-54,-9,
-74,-39,
-52,-74,
18,-71,
66,-37,
7,-3,
16,46,
4,25,
-13,-22,
-6,18,
18,52,
30,47,
23,39,
35,9,
67,65,
77,24,
-11,-23,
33,-29,
-27,-10,
3,-28,
-9,-26,
-17,-81,
-58,-49,
-22,58,
-34,96,
-5,-13,
-36,-14,
-41,13,
-60,0,
-25,66,
-17,17,
34,4,
33,-42,
83,-92,
108,-78,
1,-51,
17,-177,
34,-19,
54,38,
30,62,
46,67,
-57,-37,
-112,-46,
-58,-39,
-3,54,
11,-13,
-2,30,
42,25,
-46,1,
-60,43,
-24,4,
27,57,
3,-28,
-34,47,
-41,73,
-47,65,
0,0,
29,-32,
5,40,
9,9,
90,-40,
28,-84,
-45,3,
28,28,
19,2,
31,24,
-27,25,
13,-6,
72,42,
52,-23,
-29,31,
5,93,
10,24,
36,54,
-14,-27,
2,-49,
-26,30,
-17,38,
-32,48,
-17,30,
-7,12,
-51,9,
-52,6,
-11,24,
60,92,
57,67,
13,39,
44,29,
3,66,
15,54,
-5,33,
-71,33,
-61,7,
-11,-16,
-30,-52,
-23,19,
-12,35,
-28,23,
54,28,
25,-91,
14,-9,
-13,4,
-65,20,
-36,-18,
-25,-1,
-33,-98,
-2,4,
-20,18,
8,45,
43,17,
31,59,
9,24,
24,-48,
-37,-26,
33,24,
58,63,
57,78,
-16,59,
14,-11,
-110,19,
-41,16,
-13,-58,
91,44,
54,26,
27,40,
-37,-40,
-64,5,
-26,59,
17,56,
-48,40,
-42,30,
-5,62,
-12,60,
-29,63,
-42,-19,
-11,4,
-38,-2,
13,-43,
24,-2,
41,-51,
52,-55,
-5,-7,
1,-47,
-8,24,
4,29,
-45,27,
-14,-5,
11,-39,
22,-26,
-5,-22,
-33,-37,
-58,-42,
-57,11,
-8,93,
-15,88,
-41,24,
-28,-19,
-24,-60,
-25,0,
36,84,
23,17,
50,-16,
-18,11,
-3,82,
22,-11,
-8,-69,
-31,29,
-1,10,
3,25,
47,46,
32,-55,
12,-44,
-33,41,
-52,16,
-10,-20,
-12,4,
1,2,
118,-61,
3,-28,
11,16,
-22,37,
-36,39,
52,-46,
-18,-59,
-18,-22,
-25,57,
48,7,
14,-71,
-49,-63,
-8,-64,
-14,14,
12,55,
22,9,
-25,4,
33,-42,
62,50,
-12,34,
-19,5,
-65,-39,
-44,-1,
28,3,
83,-14,
26,5,
33,-55,
22,-15,
-9,-25,
-32,-53,
-21,-26,
-13,85,
-6,99,
19,32,
-23,-55,
-17,2,
57,22,
52,11,
13,-56,
-36,3,
-17,-4,
-17,42,
11,8,
75,-10,
82,13,
3,-2,
-41,37,
27,49,
3,134,
42,69,
29,118,
125,24,
50,-81,
-20,-83,
-74,38,
-8,-19,
37,-9,
3,-4,
-34,-3,
-78,-38,
-5,-67,
83,22,
13,42,
27,36,
22,53,
35,70,
51,99,
47,131,
-60,-7,
-23,-13,
37,-35,
-17,-48,
-88,-129,
37,-74,
26,-39,
65,-5,
-6,-22,
-59,9,
-119,35,
-14,45,
22,48,
92,24,
23,30,
-12,46,
-13,1,
3,-18,
23,-3,
-8,8,
-30,28,
-27,26,
79,18,
-17,-9,
-67,-2,
-63,1,
-38,20,
7,-23,
-35,-29,
-44,-20,
-95,-8,
-6,52,
-20,63,
-57,71,
-126,-38,
-102,-19,
-40,41,
-44,16,
-12,-76,
5,-59,
-7,16,
64,67,
3,-4,
236,-429,
2185,-1793,
6205,-3522,
7540,-2933,
6432,-710,
846,2051,
-2092,2372,
-1832,911,
-2075,-518,
-3984,-2394,
-4287,-4630,
-1796,-5403,
667,-3437,
906,-650,
155,414,
-15,204,
384,107,
804,199,
454,401,
24,211,
-232,67,
-27,-54,
172,-193,
21,-108,
-342,-89,
-350,32,
-216,-28,
-5,-147,
256,-304,
445,-304,
410,-259,
209,-180,
-22,-27,
-66,254,
169,222,
123,182,
105,108,
2,123,
-100,17,
23,-138,
109,-221,
112,-208,
2,-65,
-149,36,
-214,-23,
-176,-102,
-81,-171,
-43,-91,
69,-59,
136,-58,
-7,-123,
-38,-74,
-54,16,
-96,85,
-128,59,
-110,114,
-228,203,
-363,120,
-322,22,
-200,-153,
4,20,
-34,103,
-101,91,
-92,-48,
-74,20,
-109,116,
-85,144,
29,166,
-65,201,
-161,133,
-168,172,
-68,86,
80,36,
69,-19,
100,-22,
167,196,
158,475,
53,580,
-14,529,
-79,370,
-41,200,
-43,-34,
-72,-49,
-14,-12,
20,14,
57,23,
70,68,
68,19,
-10,34,
5,42,
0,38,
23,185,
-85,185,
-55,145,
-55,29,
-19,7,
-57,73,
-28,151,
-5,10,
41,-7,
52,12,
-84,-33,
-81,-10,
-70,129,
-55,102,
31,70,
43,97,
41,93,
-36,156,
4,117,
-65,94,
-65,57,
-44,2,
-88,90,
-42,138,
-13,29,
-68,87,
-68,130,
-46,66,
-36,59,
-62,89,
-54,17,
-7,37,
-105,45,
-49,67,
-30,62,
-16,56,
-33,122,
-48,98,
-104,-26,
-19,1,
-37,-48,
-55,-40,
24,59,
8,111,
3,154,
-79,136,
-126,132,
-53,20,
-8,17,
8,68,
7,54,
30,80,
25,61,
20,29,
-15,78,
-28,20,
-19,-17,
-56,16,
-61,17,
-70,51,
-85,101,
25,39,
152,-8,
-24,20,
-35,37,
-52,57,
4,13,
00>
_________________________________
00>
00>
Printing STS1 CIR
00>
00>
_________________________________
00>
0,63,
0,35,
-58,22,
-60,36,
-50,-21,
-51,-2,
0,58,
19,-19,
-5,-39,
11,-9,
52,15,
32,27,
15,-24,
-4,44,
30,-13,
38,-9,
-58,-32,
-47,18,
18,39,
8,13,
12,-28,
21,2,
-6,33,
37,-16,
60,-5,
-21,37,
46,37,
63,-30,
9,-32,
11,-14,
53,15,
39,35,
74,11,
53,18,
8,-5,
38,10,
-11,10,
-30,15,
-8,-58,
-57,-14,
-25,14,
8,12,
23,-7,
12,-32,
23,-25,
56,-33,
46,13,
46,-5,
-6,9,
-22,24,
-6,68,
65,43,
-9,25,
40,18,
48,70,
-17,69,
14,3,
31,-83,
43,-50,
42,8,
-2,57,
7,16,
36,-11,
40,1,
18,20,
55,8,
107,-10,
64,-9,
19,2,
-23,-12,
-77,-34,
-35,-11,
24,-28,
31,32,
69,3,
67,63,
110,56,
76,-6,
-3,-39,
-42,-43,
-28,-6,
43,-23,
-11,-29,
17,-6,
2,-5,
-42,-15,
16,53,
32,9,
80,-41,
82,12,
1,66,
-70,65,
-47,25,
-3,-22,
-24,11,
-49,-13,
3,5,
-40,-6,
24,35,
-27,37,
-27,-6,
-57,-17,
2,17,
36,-16,
26,4,
-9,13,
-38,-8,
-34,27,
-14,36,
22,-73,
10,1,
54,25,
53,-36,
16,-67,
32,-47,
-11,15,
18,41,
29,72,
13,45,
20,27,
-19,-29,
-53,8,
-39,35,
-2,19,
-6,21,
-25,13,
2,48,
16,63,
-28,33,
44,-39,
7,-7,
44,47,
25,-17,
39,-16,
31,-44,
-11,-10,
5,7,
48,-7,
48,-73,
-72,15,
-55,-12,
-19,-30,
-43,-23,
-4,-28,
-19,-31,
-43,-4,
-11,38,
2,31,
25,22,
6,-17,
2,-22,
-35,-17,
3,-17,
14,4,
-38,22,
28,17,
56,21,
20,30,
-63,10,
-20,18,
53,34,
16,88,
-30,-14,
49,-82,
12,-56,
-9,-1,
-15,14,
89,-7,
77,0,
102,2,
31,5,
28,-26,
58,40,
17,35,
32,82,
66,-4,
54,-31,
75,25,
45,-8,
-37,17,
-16,4,
45,22,
52,23,
58,-26,
18,13,
49,37,
46,7,
-23,16,
-15,8,
-56,25,
-53,60,
24,17,
74,-12,
17,-69,
38,-32,
52,12,
27,63,
39,18,
39,20,
25,63,
-25,29,
-2,24,
-29,21,
-95,41,
-36,-27,
6,-53,
9,-44,
-46,37,
-8,-6,
15,-1,
15,-70,
0,-1,
-39,53,
-16,36,
-26,59,
24,-23,
-30,24,
16,66,
74,60,
19,37,
-46,-9,
-91,50,
18,82,
0,24,
39,21,
-5,-12,
4,-10,
1,24,
84,13,
44,28,
8,63,
37,22,
40,22,
21,25,
-21,0,
-78,-58,
-53,-29,
-23,40,
-43,21,
13,16,
25,5,
9,-4,
-12,5,
-28,-48,
-26,38,
-35,-6,
-64,-16,
-24,22,
-17,68,
42,15,
49,20,
27,7,
79,24,
7,55,
-31,75,
-42,-2,
-24,-8,
13,-37,
-28,-2,
-78,-46,
-168,27,
-96,7,
-35,-93,
32,-44,
79,34,
11,21,
-34,-40,
13,-8,
68,-52,
-50,-59,
-12,-7,
-15,-17,
23,-28,
1,14,
4,-2,
5,-14,
21,17,
14,18,
-31,0,
-55,-2,
-94,40,
-19,2,
5,-15,
-32,-20,
37,51,
-33,10,
-86,20,
-73,40,
23,59,
21,45,
30,12,
21,3,
14,11,
-21,-12,
-11,-47,
38,5,
103,-9,
77,-1,
16,-7,
-37,-57,
-60,-55,
-5,-60,
42,-17,
-27,68,
-39,4,
-65,6,
-2,-14,
12,-3,
120,37,
81,88,
58,93,
9,-21,
-15,-15,
-33,21,
-80,0,
5,-59,
-50,72,
2,72,
-47,91,
-19,-23,
-5,-11,
7,-55,
-8,-84,
-17,4,
-48,17,
-60,-22,
-14,-104,
47,-72,
22,-12,
-21,-9,
26,13,
0,10,
-19,-73,
32,-60,
43,-53,
42,-9,
22,-11,
92,-27,
99,70,
-6,42,
9,-42,
-62,-23,
-39,-21,
84,0,
82,6,
-41,25,
-96,7,
-9,-28,
8,12,
62,-30,
-10,-9,
-35,37,
-26,17,
9,-44,
147,-688,
1309,-3411,
3263,-6707,
4226,-7158,
3612,-4475,
545,1167,
-765,3250,
-126,1275,
1001,-641,
2157,-700,
2951,692,
2420,1747,
983,1384,
44,364,
-59,-352,
-186,-376,
-522,-315,
-921,-647,
-703,-462,
-197,-87,
-29,421,
65,220,
37,-142,
-173,-163,
-393,37,
-496,162,
-390,22,
-279,-134,
-318,-98,
-514,11,
-519,76,
-416,99,
-248,95,
-142,69,
-25,38,
-22,46,
8,165,
-64,173,
-277,257,
-434,286,
-399,283,
-227,298,
-113,303,
6,285,
-113,140,
-158,47,
-159,79,
-130,147,
-101,83,
-64,-118,
-42,-105,
34,-48,
54,39,
-39,140,
-25,161,
-92,239,
-58,326,
27,268,
-5,152,
47,94,
59,83,
54,107,
19,57,
-162,65,
-302,37,
-381,148,
-244,52,
-38,60,
-30,-24,
-166,-45,
-233,-7,
-133,48,
2,66,
-42,109,
-95,269,
-60,442,
27,432,
-46,344,
-61,268,
-90,162,
-72,104,
-74,180,
-10,79,
84,55,
-12,48,
-34,55,
-99,114,
-95,80,
-24,-23,
103,-35,
146,0,
87,57,
-11,110,
-45,120,
-16,99,
18,39,
39,-7,
54,3,
23,9,
15,19,
-42,103,
-163,-6,
-88,-5,
59,4,
47,0,
14,44,
-1,57,
-82,19,
-69,-22,
-11,-9,
4,-30,
-59,0,
-106,-48,
-106,-10,
-7,11,
-57,-11,
-20,-9,
-41,-6,
-66,25,
-63,57,
-73,77,
-33,51,
34,10,
-28,-39,
-65,-22,
-90,38,
-145,40,
-37,53,
-61,71,
2,29,
2,-31,
-3,-31,
-44,76,
-37,77,
-59,69,
-27,15,
11,4,
-67,8,
-76,21,
-27,106,
17,137,
62,19,
38,6,
15,25,
3,68,
-44,91,
71,27,
24,26,
-13,84,
-2,57,
-8,66,
-1,16,
-64,38,
-62,42,
2,117,
-2,144,
-58,38,
-33,18,
00>
_________________________________
00>
RX Timestamp: 181685941662
00>
Clock Offset: 1234.818 Hz, -0.155 ppm
00>
RX Timestamp: 182756088531
00>
Clock Offset: 2309.704 Hz, -0.289 ppm
00>
_________________________________
Sequence Number: 178
00>
00>
Printing STS0 CIR
00>
00>
_________________________________
00>
-3,-42,
1,-28,
-33,9,
-67,-6,
-11,8,
23,-16,
50,-28,
-13,-30,
-56,-58,
28,6,
13,61,
70,24,
35,-38,
-26,22,
-8,38,
-16,89,
8,-18,
10,-20,
-24,-21,
-5,1,
-8,22,
19,6,
19,95,
-47,93,
-23,49,
30,-5,
46,9,
11,-29,
15,-47,
-39,-63,
0,-23,
0,26,
53,12,
0,-8,
35,10,
25,21,
33,-21,
2,-5,
-59,-24,
-48,-20,
-49,-16,
21,68,
64,96,
41,113,
-24,12,
-10,-1,
0,-6,
-46,-6,
17,11,
-56,47,
16,21,
46,3,
36,-14,
56,-8,
-19,6,
-55,-36,
-24,-32,
21,-12,
4,-43,
-13,-64,
32,-1,
69,78,
50,29,
-59,-74,
-14,-34,
26,34,
-10,67,
-21,13,
-15,20,
-22,-25,
-67,25,
25,16,
-11,-37,
12,-26,
66,1,
127,30,
33,-10,
87,5,
19,-1,
6,20,
-26,42,
-26,15,
-3,-47,
17,10,
-48,-16,
-3,-14,
-48,-25,
-52,25,
-44,-16,
-4,14,
13,-24,
10,-70,
-5,-7,
28,71,
-1,104,
-47,29,
-63,85,
-25,-8,
7,12,
3,-26,
10,-37,
82,29,
88,28,
85,19,
40,20,
-24,11,
6,38,
88,10,
21,-76,
78,-67,
42,-17,
46,-25,
92,39,
28,65,
-3,22,
-5,-13,
-35,34,
12,19,
46,7,
13,26,
52,69,
13,-18,
-4,13,
-56,55,
-47,-11,
-17,23,
18,19,
-13,-31,
54,0,
89,-43,
14,-23,
-36,1,
4,25,
-7,52,
-60,-19,
-27,36,
-45,8,
-26,26,
73,31,
53,25,
52,56,
27,32,
4,9,
-11,81,
-91,81,
-9,10,
-33,28,
-7,49,
-35,33,
-34,0,
-69,53,
23,-2,
-24,3,
56,7,
37,76,
6,52,
56,10,
51,-21,
-6,2,
8,4,
0,70,
54,62,
-11,19,
-6,11,
23,-7,
41,-20,
70,-12,
-7,-15,
38,20,
47,53,
10,41,
-40,20,
-54,30,
-69,45,
-11,35,
25,-46,
99,-57,
20,-61,
-6,30,
33,32,
0,32,
3,-18,
5,-45,
46,29,
100,30,
36,19,
24,53,
-8,25,
-38,30,
0,-20,
-31,0,
23,-8,
8,2,
25,-66,
33,-37,
0,-13,
-16,-41,
7,-4,
43,12,
59,0,
71,-36,
65,25,
-58,31,
15,-22,
-32,29,
-14,-33,
10,-54,
4,-37,
14,-19,
26,4,
-31,30,
2,-6,
12,7,
25,-27,
85,-24,
82,7,
74,32,
30,-2,
-47,7,
-33,30,
16,-35,
1,9,
30,-46,
10,-27,
40,2,
37,-36,
50,-19,
-13,19,
-5,-6,
3,53,
0,102,
-9,30,
-87,-30,
-49,-54,
21,-26,
76,8,
26,-27,
-19,14,
25,67,
-25,61,
4,64,
-14,-6,
29,-25,
1,-54,
-40,-41,
-14,-24,
7,6,
39,-32,
53,-41,
-19,1,
25,-31,
-15,1,
-27,78,
-106,30,
-24,49,
-9,59,
39,-50,
4,-72,
8,17,
20,-12,
48,13,
40,100,
-25,-7,
4,-30,
30,-12,
-38,29,
-13,50,
7,107,
-2,1,
-60,-48,
-28,17,
-16,55,
19,-3,
-13,-37,
-43,18,
-36,16,
28,53,
11,36,
-17,27,
-2,-11,
43,18,
42,50,
43,53,
36,36,
-40,28,
0,27,
40,27,
30,34,
32,-52,
-2,-54,
6,4,
6,10,
69,6,
36,-16,
1,19,
-28,-2,
-17,-28,
37,29,
-13,6,
-24,23,
-14,32,
11,60,
-15,14,
-8,27,
-46,49,
-17,5,
-18,-1,
-33,31,
-7,4,
16,34,
2,56,
-32,-16,
-67,-30,
-43,-65,
39,-8,
-3,-27,
-37,-77,
2,-12,
18,32,
0,55,
-13,-34,
40,8,
19,1,
-28,13,
-28,11,
-3,-14,
16,45,
-30,4,
-10,2,
4,-24,
-10,-17,
-1,90,
-9,8,
54,13,
43,-28,
34,25,
57,16,
-36,20,
5,-18,
-1,-56,
30,-16,
32,27,
-16,10,
22,16,
5,-4,
57,-3,
-34,4,
-44,-60,
10,-1,
43,8,
38,44,
-4,33,
29,-27,
26,-51,
3,-10,
20,40,
90,119,
356,1346,
326,6959,
-1087,7911,
-2689,7814,
-4209,3570,
-2129,-3163,
-53,-3453,
1067,-1414,
3833,-1994,
7286,-2040,
7801,614,
5687,3494,
1050,2462,
-483,293,
-232,-370,
-35,41,
-347,550,
-1046,538,
-410,-34,
-186,-99,
151,-176,
52,238,
-61,354,
69,-93,
348,-404,
111,-245,
53,-41,
73,285,
144,815,
-31,572,
15,377,
12,53,
-106,-133,
-184,-128,
-162,11,
-129,23,
-241,-19,
-196,-103,
8,33,
93,270,
138,313,
78,111,
57,-150,
147,-237,
261,-155,
254,8,
81,50,
-56,29,
-33,66,
75,96,
114,29,
47,31,
95,-119,
-78,-229,
-22,-363,
51,-335,
132,-554,
73,-479,
103,-373,
229,-311,
86,-164,
70,-56,
61,-90,
31,-28,
11,-118,
-19,-152,
-118,-29,
-134,-39,
-16,-180,
11,-275,
-7,-257,
-126,25,
-250,158,
-146,86,
-95,17,
-371,-73,
-485,-394,
-384,-266,
-315,-251,
-141,-118,
-31,-160,
32,-8,
6,16,
-15,-16,
21,-11,
25,27,
-61,45,
-64,-16,
-1,7,
-11,66,
22,119,
-114,23,
-110,-120,
-42,-108,
-37,-94,
3,-61,
2,-150,
-40,-50,
-27,0,
55,42,
101,13,
85,-32,
-24,-76,
-50,-107,
-71,-151,
-8,-114,
-24,-12,
-182,-84,
-77,-156,
-24,-88,
48,-68,
24,-43,
-39,-128,
-40,-202,
-85,-27,
-72,-46,
-143,-217,
-129,-214,
-41,-194,
50,-97,
69,-24,
43,64,
57,-3,
-12,-28,
-25,-80,
-75,-80,
-94,-73,
-33,-20,
-13,-78,
-53,-73,
-38,-10,
-26,-9,
44,-68,
51,-40,
-77,-108,
-4,-119,
14,-95,
-16,-99,
-14,-86,
-20,-46,
-95,-102,
-46,-56,
-33,-45,
-61,-34,
-32,-105,
-35,-103,
7,-26,
0,-30,
41,-39,
-46,11,
-99,26,
-23,-103,
-10,-71,
-22,-84,
-21,-45,
00>
_________________________________
00>
00>
Printing STS1 CIR
00>
00>
_________________________________
00>
-11,43,
-11,19,
13,52,
31,36,
13,24,
-5,-24,
72,-11,
58,-44,
66,-52,
-2,-5,
-106,50,
-93,72,
-3,44,
-30,53,
-3,63,
-6,22,
45,-19,
-4,-26,
-14,8,
-44,-5,
-28,19,
-40,-2,
48,-63,
26,-66,
15,1,
-70,44,
-41,-23,
-17,-78,
-44,10,
7,72,
-59,8,
0,-1,
-28,36,
-58,63,
-51,33,
-20,14,
3,-24,
32,-5,
-12,62,
2,70,
32,57,
-18,26,
-49,5,
52,23,
32,14,
18,-39,
78,4,
81,9,
52,19,
50,1,
19,-33,
-31,19,
-27,45,
-24,21,
59,58,
23,42,
7,70,
-15,-4,
55,-40,
-16,75,
24,-16,
22,-17,
11,-22,
43,-76,
62,-34,
17,21,
8,-1,
-48,-16,
-51,0,
-7,14,
4,-12,
63,-16,
30,-17,
31,69,
-29,46,
-67,2,
4,-34,
57,-59,
-4,-68,
40,41,
101,-2,
50,-6,
-27,-11,
-31,15,
25,-4,
-3,-8,
-27,-13,
-3,15,
-8,30,
25,23,
38,-4,
6,-22,
-11,-24,
21,77,
-11,15,
-34,-2,
-43,-3,
16,30,
5,38,
25,9,
12,-19,
-2,-32,
10,-7,
7,19,
-3,28,
35,-14,
-65,-49,
-26,-32,
22,12,
19,-4,
18,47,
-1,84,
28,34,
33,21,
-19,-35,
-3,2,
26,1,
6,27,
-37,14,
-49,23,
-34,27,
-14,-40,
-65,-41,
-27,-18,
-17,28,
-6,64,
65,-17,
25,36,
14,-5,
-8,30,
-8,-26,
27,-11,
31,13,
42,82,
-10,-21,
5,-9,
40,-14,
-1,-11,
1,15,
-8,14,
-48,-22,
1,61,
37,13,
-40,32,
-30,34,
-10,-22,
37,0,
9,6,
33,50,
69,13,
25,-32,
9,-21,
44,-9,
10,-26,
6,-16,
45,-24,
0,-26,
-35,59,
22,91,
65,66,
69,-4,
15,-6,
-11,-31,
-41,9,
-27,39,
-7,72,
20,-3,
-8,48,
1,-25,
-21,-29,
-15,28,
18,63,
35,29,
3,-2,
-12,2,
-27,-30,
7,22,
29,1,
-64,-11,
-56,-2,
-27,11,
43,35,
-82,50,
-87,65,
-117,63,
-41,-1,
-7,-34,
-17,-57,
-4,7,
19,-2,
0,-13,
40,40,
-37,65,
-4,-13,
2,-11,
-11,-2,
7,37,
-57,44,
-46,36,
-25,27,
-31,38,
-22,-14,
14,-37,
31,-21,
21,-20,
-47,-52,
40,-66,
-19,23,
-3,68,
-3,29,
19,12,
-4,3,
49,11,
33,-9,
-2,-35,
10,-52,
27,-35,
27,-61,
-120,-24,
-40,48,
16,-43,
73,-26,
9,26,
50,-12,
48,36,
2,14,
-16,-11,
-19,-10,
28,2,
14,4,
22,-7,
40,-23,
49,-6,
31,-64,
53,23,
16,32,
39,-34,
36,13,
93,27,
37,-31,
29,7,
30,1,
5,-12,
-9,33,
-2,15,
-13,29,
-31,-53,
-13,-36,
26,-23,
26,36,
4,59,
-18,-14,
-18,-14,
9,22,
22,40,
73,55,
49,42,
18,24,
-21,-9,
-41,-8,
10,-5,
0,-17,
24,-46,
-6,-17,
-17,-30,
-2,-12,
15,-10,
-43,3,
24,40,
75,-30,
48,-44,
85,27,
25,62,
10,23,
-4,17,
-2,-12,
8,-22,
-33,-34,
-4,-42,
59,-44,
44,2,
35,-20,
47,-20,
-25,0,
20,52,
23,64,
21,80,
-4,40,
43,-19,
8,0,
-19,11,
-3,-18,
3,-16,
6,-34,
-23,-24,
-6,61,
3,45,
-70,-25,
-117,-29,
-73,-36,
-14,-9,
24,25,
-12,67,
54,12,
26,-27,
-6,-41,
-10,6,
-7,4,
-56,40,
-8,42,
-23,15,
27,3,
20,35,
28,-19,
-15,-62,
7,-90,
-12,-34,
-38,34,
19,37,
-30,71,
-33,17,
-14,43,
-6,15,
18,20,
62,14,
34,-44,
14,-32,
15,12,
30,33,
75,110,
17,66,
5,61,
-29,31,
46,53,
30,89,
-37,47,
-4,21,
26,74,
13,17,
-25,28,
57,9,
37,23,
-3,-25,
-53,-9,
-52,-19,
-55,59,
58,84,
6,74,
-12,46,
-36,-15,
-46,47,
36,54,
59,42,
18,32,
13,11,
23,3,
181,32,
1623,1094,
5458,5681,
5802,7073,
4708,7515,
331,2981,
-3267,-2147,
-2471,-2004,
-212,345,
95,2356,
-1673,3439,
-3826,2741,
-3128,874,
-818,-161,
161,-175,
347,58,
361,-126,
1041,-454,
1140,-785,
402,-285,
-94,-7,
-495,-312,
-236,-28,
189,65,
127,-209,
111,-727,
233,-705,
375,-356,
468,-270,
201,-273,
101,-520,
95,-484,
41,-315,
13,-238,
107,-181,
66,-65,
43,-23,
-130,-313,
-319,-543,
-346,-759,
-22,-435,
-125,-496,
-228,-190,
-408,-109,
-213,-199,
0,-201,
-5,-165,
-42,-131,
-14,-174,
74,-132,
199,-88,
65,-40,
-25,14,
-51,77,
-140,-24,
-154,-119,
-134,-147,
-234,-180,
-206,-76,
-167,1,
-192,-39,
-165,-22,
-103,-123,
-48,-241,
30,-278,
-1,-433,
127,-234,
37,-44,
0,3,
113,-50,
208,-247,
220,-192,
15,-53,
-71,41,
-189,-42,
-341,-191,
-453,-223,
-302,-176,
-193,-146,
-130,-166,
-47,-113,
-34,-106,
-23,-15,
-27,52,
-2,63,
-48,-25,
-65,-100,
-17,-73,
45,47,
85,168,
94,157,
7,120,
-47,36,
-59,-35,
-44,-30,
-58,29,
-53,47,
-95,38,
-92,40,
-11,10,
-75,8,
8,-88,
67,-90,
-68,-33,
-47,38,
-76,48,
-90,-6,
-30,-74,
91,-52,
69,-70,
54,-51,
55,-52,
66,-64,
48,-56,
63,-5,
6,-48,
19,-21,
-6,-110,
-70,-119,
-48,-138,
-8,2,
38,20,
73,-56,
152,-57,
54,-46,
-1,18,
8,-20,
8,-35,
6,-41,
50,-45,
-1,-62,
35,-31,
57,-43,
45,-49,
16,-48,
24,-50,
1,-8,
-13,-8,
30,-16,
54,21,
27,21,
-50,7,
-19,-46,
-43,-67,
6,-46,
-11,-92,
42,-57,
80,-49,
116,-15,
25,39,
-72,-15,
-42,-15,
28,-68,
-15,-32,
6,12,
-25,-37,
00>
_________________________________
00>
_________________________________
Sequence Number: 181
00>
00>
Printing STS0 CIR
00>
00>
_________________________________
00>
-26,-34,
15,-45,
-2,1,
33,42,
29,-67,
1,-123,
35,-74,
-29,-66,
-14,-25,
-7,-16,
-78,-52,
-5,-22,
-17,-12,
57,16,
77,67,
39,46,
19,50,
41,1,
10,-48,
-20,4,
52,44,
-35,39,
11,24,
-6,7,
5,-48,
31,19,
-21,-22,
-75,6,
-42,-69,
33,28,
28,8,
49,92,
20,30,
32,-12,
-8,-5,
-15,32,
-52,20,
5,-28,
11,-33,
66,-53,
81,2,
17,55,
-62,27,
-42,-61,
17,-51,
57,41,
61,129,
55,78,
68,-12,
0,-49,
-44,38,
-21,-3,
45,-24,
83,30,
100,-28,
33,5,
-5,54,
-29,-25,
31,31,
10,30,
3,55,
-18,33,
16,2,
13,30,
-11,-7,
-9,67,
4,51,
32,-6,
13,14,
34,49,
-11,-9,
-9,10,
5,22,
-47,32,
-61,-18,
9,-17,
-7,-17,
-61,-5,
-61,1,
35,20,
70,26,
12,30,
29,-26,
13,-40,
-18,-5,
47,3,
25,28,
-36,-73,
-48,-9,
17,37,
58,41,
36,10,
-35,6,
2,55,
21,88,
26,10,
32,-49,
-60,-53,
-6,56,
-27,33,
39,53,
50,6,
83,24,
34,5,
-8,3,
10,49,
20,58,
14,0,
-37,21,
-39,9,
-23,-8,
16,18,
26,83,
34,90,
75,122,
-16,0,
43,-6,
55,85,
50,32,
16,-17,
77,-10,
31,-45,
34,-12,
42,6,
85,58,
11,5,
58,-36,
4,-71,
82,-22,
25,14,
-54,-73,
-36,-158,
-58,-163,
-21,-118,
20,-111,
26,-22,
19,49,
-30,90,
-24,-10,
60,-67,
-11,-18,
-52,-14,
-25,2,
62,0,
68,54,
22,-18,
2,46,
-44,8,
-44,-72,
39,-86,
46,6,
-43,-4,
-55,10,
-3,1,
68,-12,
67,-19,
-26,15,
-96,-9,
-13,40,
55,57,
21,-28,
-7,-24,
59,-24,
81,32,
39,70,
-35,86,
-18,-15,
55,-15,
101,32,
41,1,
32,-92,
11,19,
42,59,
26,20,
-17,-6,
12,-59,
-46,-46,
-22,-2,
-12,-34,
9,-23,
47,-27,
88,62,
75,18,
90,66,
41,-21,
-26,-23,
7,-38,
31,-22,
8,66,
39,72,
27,63,
-83,-20,
-72,-34,
-34,6,
17,11,
14,-16,
25,28,
20,34,
-40,22,
59,37,
134,12,
110,-13,
40,-9,
24,-15,
89,1,
22,68,
1,28,
1,5,
41,-13,
49,56,
-18,43,
-71,-42,
7,-22,
11,-53,
-25,-38,
-16,-72,
31,-55,
-61,33,
-70,22,
-43,36,
-71,4,
-34,4,
17,51,
33,17,
8,13,
3,-19,
33,-23,
-59,0,
-32,-36,
-20,-45,
44,37,
-49,59,
-20,-39,
19,-57,
55,-10,
-20,48,
-23,-92,
-15,-40,
10,-80,
91,40,
1,141,
-48,10,
-10,-3,
1,0,
11,-20,
32,-9,
47,-12,
-26,9,
17,-14,
-2,-3,
-33,-93,
-79,-48,
-14,-40,
6,-50,
-55,-10,
-15,13,
-11,91,
-62,50,
-73,-65,
21,-92,
59,23,
51,32,
31,31,
-25,29,
31,54,
88,67,
62,9,
-1,12,
32,-24,
14,33,
5,33,
-57,9,
-72,27,
-1,26,
3,43,
-7,-40,
5,-20,
-41,-45,
-48,16,
-22,31,
-41,8,
-16,20,
16,35,
-27,36,
54,45,
-1,-11,
11,7,
93,-25,
63,22,
-6,48,
-34,-43,
-45,-71,
13,-145,
-71,-115,
-70,-25,
2,66,
8,76,
36,-8,
35,-28,
5,-60,
17,15,
8,-9,
-33,28,
20,29,
37,61,
31,12,
17,68,
37,16,
71,-62,
47,-33,
3,10,
-37,8,
38,12,
30,28,
17,52,
32,47,
-7,22,
16,-1,
32,-17,
77,11,
51,1,
14,-20,
-15,-55,
41,60,
12,53,
52,-3,
98,67,
14,71,
-49,-6,
-74,-7,
50,18,
103,7,
55,-3,
-19,-55,
29,22,
58,24,
48,-59,
-35,-85,
-100,7,
9,10,
36,-42,
30,-59,
32,-17,
91,52,
86,47,
43,45,
18,54,
-42,25,
-15,18,
-28,-92,
-26,-101,
51,19,
79,62,
326,-168,
1456,-931,
4076,-2320,
6083,-2728,
5474,-1189,
2091,917,
-373,1438,
-781,386,
-100,-903,
744,-1745,
1551,-1665,
1745,-784,
1193,28,
265,160,
-203,33,
-354,40,
-399,258,
-617,318,
-568,206,
-95,70,
90,-78,
-47,-243,
-238,-320,
-308,-60,
-254,149,
-212,181,
-43,173,
46,18,
-137,45,
-206,47,
-132,131,
-41,169,
5,215,
-79,106,
-29,43,
14,41,
53,108,
8,175,
-63,217,
-101,225,
-130,176,
-148,137,
-88,38,
-119,-18,
-88,55,
-118,64,
-95,106,
-76,133,
-17,94,
-91,-46,
-87,-92,
-94,-41,
-60,20,
31,-40,
-47,-97,
-132,-58,
-67,17,
-35,-14,
-9,63,
6,82,
46,97,
-10,89,
-101,83,
-128,86,
-178,-49,
-129,-20,
-103,-73,
-157,-92,
-195,-59,
-84,3,
-34,89,
-22,62,
-140,7,
-183,-64,
-114,-136,
19,-100,
12,-80,
105,-14,
133,78,
43,69,
-102,22,
-110,8,
-66,30,
49,51,
-23,3,
-27,-46,
-22,1,
-48,50,
-74,-23,
-89,27,
-93,-31,
-37,-2,
2,-10,
-8,-9,
-76,-31,
-112,69,
-110,121,
-101,125,
-36,52,
43,30,
16,135,
19,54,
-45,69,
-26,77,
22,19,
-60,12,
-58,15,
-68,50,
2,170,
-67,67,
-65,25,
-26,5,
51,-9,
-60,44,
21,55,
96,35,
99,80,
3,95,
-21,51,
-13,21,
-13,-59,
7,-104,
-18,-28,
-78,30,
-107,59,
-30,39,
65,17,
5,-4,
-31,40,
0,5,
-26,47,
-44,27,
-154,-10,
-127,-39,
-32,-4,
60,43,
1,99,
-75,90,
-90,71,
-1,94,
-37,21,
-74,-26,
-72,12,
2,19,
34,0,
0,10,
-83,47,
8,105,
-90,70,
-19,-10,
-84,-38,
-58,8,
22,30,
-40,65,
-117,56,
-117,41,
-52,81,
32,-3,
-1,45,
00>
_________________________________
00>
00>
Printing STS1 CIR
00>
00>
_________________________________
00>
44,-38,
15,-6,
-66,25,
60,24,
18,9,
24,18,
-42,44,
-26,-20,
-9,-21,
46,-49,
65,-87,
27,-44,
41,-50,
35,-10,
32,1,
-46,47,
54,65,
5,-6,
17,58,
-20,92,
70,101,
28,104,
29,23,
25,53,
57,1,
22,-15,
-40,22,
-36,0,
-28,3,
25,29,
25,46,
61,19,
-25,-12,
14,30,
95,30,
101,9,
64,1,
12,25,
57,3,
-22,-46,
20,12,
-3,20,
26,83,
63,16,
60,-27,
62,21,
-60,58,
-31,64,
-61,91,
0,4,
37,7,
60,-16,
13,9,
2,47,
-39,39,
80,12,
33,43,
60,78,
-39,24,
-33,-46,
-48,20,
47,23,
-29,35,
41,-76,
81,-103,
8,-10,
19,-35,
38,-39,
64,28,
122,47,
25,11,
31,-32,
22,-45,
11,-3,
-6,-13,
70,11,
61,39,
10,66,
14,59,
12,57,
12,31,
7,58,
54,67,
115,-31,
59,-40,
-26,40,
45,53,
21,-55,
-2,-115,
18,-55,
123,48,
81,49,
19,18,
5,-29,
32,19,
3,34,
-32,37,
-29,19,
-4,26,
-73,42,
-41,17,
5,-32,
38,51,
39,35,
49,61,
77,29,
25,3,
-4,-47,
42,34,
66,-40,
-4,-19,
-69,47,
9,33,
52,-1,
35,18,
-43,63,
9,46,
47,49,
59,-38,
25,30,
21,16,
-5,86,
37,55,
21,-13,
-24,-9,
-24,58,
47,31,
24,53,
16,10,
-14,51,
32,-18,
110,29,
63,20,
1,32,
35,-27,
29,6,
6,25,
-58,-64,
-6,32,
34,-24,
-42,10,
41,48,
70,-22,
24,-57,
15,-3,
46,-16,
54,-83,
-47,-109,
-62,10,
34,79,
-25,87,
4,54,
37,16,
-4,5,
-10,93,
15,116,
15,39,
11,-23,
15,-25,
26,77,
14,36,
-52,6,
-59,0,
-3,-13,
7,-48,
30,-51,
89,-47,
70,-2,
24,-61,
48,16,
58,-8,
49,-30,
-23,11,
-90,8,
-34,28,
-9,-8,
-22,23,
6,38,
60,33,
32,21,
-77,0,
33,8,
79,14,
92,43,
0,93,
-7,51,
63,-41,
40,-22,
54,3,
25,82,
34,121,
39,27,
6,-57,
-1,-23,
-38,22,
-43,85,
13,31,
47,0,
-3,60,
3,-9,
47,-63,
69,-66,
57,-34,
55,17,
-13,46,
26,4,
23,26,
31,-64,
3,31,
2,-12,
8,-65,
-25,-89,
-26,-26,
-13,19,
2,10,
22,18,
100,26,
64,21,
30,10,
-15,30,
41,53,
49,14,
17,35,
-36,-28,
15,25,
28,-91,
22,-53,
-34,52,
-22,15,
-29,-36,
3,35,
47,156,
-41,89,
-51,-4,
59,-40,
86,-2,
17,-1,
1,-48,
28,-76,
56,43,
84,12,
66,26,
-11,-26,
-11,29,
-39,59,
43,38,
64,-55,
-24,9,
-94,39,
-99,16,
68,11,
58,-5,
29,15,
-13,13,
-6,28,
4,-21,
14,-15,
-48,-17,
-46,-18,
-31,-15,
-126,20,
-44,41,
67,2,
22,76,
25,57,
27,-40,
120,58,
53,89,
47,77,
8,83,
71,22,
132,32,
37,21,
-27,-53,
-63,-46,
-15,-4,
-48,28,
-14,35,
-80,52,
-18,31,
-14,32,
-18,37,
-22,63,
-22,26,
64,-20,
57,-28,
24,54,
32,36,
33,26,
-2,19,
101,-27,
92,-60,
90,-31,
-6,-52,
-49,11,
3,52,
-37,40,
12,43,
-18,16,
-21,-9,
18,-18,
-25,36,
30,152,
-39,52,
10,-3,
22,-42,
20,14,
-51,61,
-105,22,
18,43,
36,-30,
-10,-44,
-35,9,
-18,34,
22,15,
13,16,
33,6,
77,14,
23,-2,
-10,48,
7,28,
21,19,
58,3,
-11,-117,
-24,-73,
-4,25,
-9,26,
4,26,
-52,-38,
-20,-10,
66,-22,
29,14,
37,49,
-45,35,
6,59,
22,79,
54,68,
43,-11,
81,-13,
17,-7,
22,13,
41,45,
38,100,
33,64,
-25,-18,
-2,-33,
-10,-1,
-24,91,
-15,57,
1,-51,
26,-14,
65,53,
67,20,
81,-509,
338,-2577,
1153,-6023,
1815,-7113,
2053,-5090,
904,-388,
-134,1639,
-523,790,
-441,96,
-293,804,
-362,1622,
-502,1522,
-426,608,
-170,-46,
124,-114,
440,73,
542,144,
566,210,
190,44,
-86,-117,
-170,-279,
-127,-260,
-166,-211,
-187,82,
-145,409,
18,394,
84,218,
168,5,
93,-97,
-50,-184,
-43,-62,
-48,148,
-135,312,
-110,253,
18,14,
-32,-9,
-43,97,
-112,307,
-164,247,
-227,79,
-132,-57,
7,7,
144,50,
160,154,
60,210,
24,234,
27,74,
129,-62,
138,-216,
-34,-150,
-213,-66,
-231,-38,
-144,91,
-78,72,
-4,27,
-19,-54,
-19,-80,
-17,21,
19,95,
54,103,
99,95,
63,82,
26,85,
-74,50,
-87,58,
-4,44,
0,-74,
-114,-149,
-115,27,
-64,128,
37,186,
73,161,
90,71,
46,41,
-16,38,
28,68,
14,75,
52,53,
139,149,
143,161,
82,141,
18,30,
57,25,
132,50,
78,59,
55,18,
1,51,
-73,113,
-20,79,
-10,69,
-23,121,
-33,47,
-46,54,
-5,-8,
45,31,
-1,63,
-53,20,
-15,86,
-6,105,
4,68,
11,95,
26,84,
80,114,
3,123,
-31,47,
-14,111,
5,9,
17,-24,
5,5,
-29,75,
3,-2,
84,46,
30,21,
22,50,
-31,102,
-22,68,
-56,23,
13,-7,
81,5,
-12,19,
-1,113,
-37,94,
-9,11,
58,-11,
56,44,
-40,-1,
9,-59,
19,-7,
2,38,
20,62,
19,-6,
-36,1,
-64,-2,
-54,40,
-62,28,
-86,101,
-4,61,
-4,52,
-49,129,
-85,70,
-25,83,
-12,123,
5,162,
9,121,
-24,56,
27,48,
-28,100,
-81,18,
24,55,
54,40,
51,62,
7,0,
38,6,
70,-12,
60,27,
-14,60,
-17,60,
11,30,
56,-7,
00>
_________________________________
00>
RX Timestamp: 322072271741
00>
Clock Offset: 810.814 Hz, -0.102 ppm
00>
RX Timestamp: 323142624400
00>
Clock Offset: 405.407 Hz, -0.051 ppm
00>
_________________________________
Sequence Number: 59
00>
00>
Printing STS0 CIR
00>
00>
_________________________________
00>
9,63,
-25,53,
-36,45,
3,-9,
-3,-21,
71,-37,
53,-26,
-1,-22,
-4,3,
0,5,
7,-6,
36,-39,
15,-68,
-12,-38,
-46,81,
-47,-8,
51,22,
-33,12,
-34,0,
6,4,
28,-23,
31,-14,
22,-16,
28,-47,
-20,-25,
27,-5,
-25,4,
40,-55,
32,20,
33,1,
43,13,
-40,-26,
-70,-19,
5,59,
-47,-3,
-15,76,
-28,8,
-44,24,
19,-77,
44,-32,
17,24,
31,8,
27,29,
-13,43,
-103,59,
-43,-23,
2,-62,
-6,-32,
-54,-43,
-17,-42,
-40,33,
-46,17,
-16,-5,
15,-13,
12,-48,
-12,-7,
56,-54,
58,24,
23,35,
9,59,
29,-16,
-9,-10,
-8,-71,
32,-70,
8,9,
14,27,
25,-24,
51,-35,
-26,17,
-8,-9,
-17,-100,
-1,-143,
6,-151,
24,-53,
14,-11,
-34,-5,
51,10,
44,13,
-34,-19,
62,-84,
2,-55,
9,-3,
4,43,
-2,80,
-20,68,
-36,-17,
-2,-56,
24,-23,
125,-32,
57,34,
-65,90,
-50,83,
-5,50,
-73,0,
-22,25,
-31,-7,
-15,24,
29,-3,
47,-25,
15,-6,
16,44,
34,20,
-13,-23,
20,-10,
19,20,
1,9,
-22,53,
-14,30,
45,-4,
-2,75,
19,13,
18,4,
13,14,
-7,38,
15,7,
75,-44,
-26,11,
-43,17,
16,24,
-8,22,
-12,-3,
-9,-13,
20,25,
14,-5,
-46,-22,
-14,-16,
69,48,
14,-19,
-29,18,
32,-32,
19,34,
90,109,
17,44,
-79,24,
-63,98,
-45,73,
-19,27,
22,46,
2,41,
-40,-78,
49,4,
-26,-13,
-94,31,
-42,60,
-47,22,
33,62,
-3,1,
34,19,
31,30,
-6,44,
8,50,
0,14,
-30,45,
-9,15,
-36,27,
-62,1,
-51,51,
45,2,
60,-26,
-15,-55,
-99,47,
-79,55,
-10,-25,
73,-36,
24,-29,
60,58,
33,71,
27,119,
41,67,
-26,65,
-1,-64,
55,37,
43,59,
47,56,
37,56,
-67,25,
-60,45,
17,28,
1,-28,
-38,30,
-18,57,
7,26,
52,39,
20,27,
-14,8,
-12,0,
7,-40,
-8,-13,
-17,-39,
16,44,
18,96,
45,83,
15,35,
16,-28,
-2,-24,
43,-21,
-10,-1,
2,8,
-57,-54,
9,-30,
29,-64,
9,-23,
26,11,
55,-3,
0,-29,
-23,-61,
-4,-18,
3,-45,
11,-20,
32,0,
-10,43,
29,39,
3,7,
-54,36,
3,52,
17,-16,
30,18,
44,-29,
-20,24,
-36,12,
0,29,
-15,10,
-45,4,
11,-14,
13,-24,
-9,27,
-2,53,
2,29,
45,9,
31,39,
12,12,
-1,33,
48,54,
1,89,
46,41,
20,-8,
30,-4,
7,40,
-41,48,
-20,-5,
-17,-12,
-24,-62,
83,-16,
71,60,
-14,26,
19,71,
8,112,
42,94,
2,1,
-11,-22,
12,-25,
-22,18,
-21,56,
23,-32,
0,-46,
-55,11,
-69,-29,
38,49,
51,1,
46,3,
-44,-6,
-12,-20,
-17,2,
-3,-38,
23,-13,
11,-14,
24,23,
45,55,
11,-4,
-8,71,
62,-54,
65,-95,
25,-56,
-28,18,
-65,46,
-31,8,
17,-10,
86,-1,
27,6,
19,-34,
1,-60,
39,-79,
-5,-54,
-5,12,
-7,-16,
-23,78,
-12,49,
-28,30,
71,-41,
14,19,
22,15,
59,28,
39,-12,
-27,46,
47,71,
33,63,
-12,101,
18,55,
38,12,
0,-38,
10,2,
61,18,
15,74,
42,45,
47,48,
29,21,
-28,29,
1,23,
-62,-28,
14,53,
10,17,
6,-15,
29,-52,
28,16,
9,-4,
-39,-25,
-24,-34,
44,-27,
46,-3,
1,-18,
-16,-60,
-38,-14,
4,28,
23,45,
24,63,
23,34,
25,-51,
-8,-56,
11,19,
54,58,
4,-14,
6,7,
30,61,
26,27,
3,-33,
7,-81,
21,-12,
-38,12,
-25,25,
3,76,
-19,69,
116,91,
23,-46,
2,-37,
31,-21,
-37,-12,
18,-3,
-40,18,
-16,46,
-39,89,
14,41,
80,-37,
65,-2,
13,-14,
55,-46,
-47,-34,
-733,129,
-3587,666,
-7616,997,
-7947,206,
-7005,-1607,
-989,-2407,
1711,-1500,
895,100,
-726,1262,
-2177,1756,
-2975,1160,
-2445,22,
-1047,-447,
9,-125,
400,179,
522,93,
840,19,
1203,-53,
358,-88,
72,-52,
-21,158,
68,448,
205,423,
367,106,
365,-136,
275,-264,
51,-144,
-12,-28,
224,55,
306,20,
283,-95,
177,-209,
173,-70,
141,-29,
5,-40,
11,-95,
116,-215,
250,-215,
360,-232,
294,-137,
235,-102,
208,-72,
57,17,
136,85,
190,38,
237,-33,
287,-114,
155,-95,
106,-4,
134,177,
77,163,
16,124,
-11,44,
28,56,
97,50,
160,-19,
64,26,
-22,15,
35,-24,
22,-132,
-28,-79,
51,1,
143,42,
237,121,
156,43,
56,39,
82,35,
67,108,
165,188,
174,121,
204,-131,
95,-65,
31,83,
89,164,
100,224,
79,95,
-21,31,
-55,-50,
-7,-107,
68,-18,
96,106,
179,67,
33,-7,
28,-151,
130,-116,
132,38,
76,117,
99,43,
93,-11,
31,-126,
64,-75,
125,14,
74,18,
8,-30,
34,31,
70,44,
122,23,
145,-50,
23,4,
17,-25,
116,-2,
106,-26,
83,-25,
115,64,
115,23,
83,-34,
20,-85,
52,-79,
95,-35,
107,-8,
96,27,
94,6,
106,-28,
159,-75,
100,-26,
50,-48,
122,-79,
119,-77,
76,-32,
78,-16,
102,35,
114,-15,
114,-38,
137,16,
81,-32,
59,-20,
46,-24,
89,-27,
99,-10,
32,-25,
20,-33,
29,11,
64,23,
32,25,
70,89,
93,31,
124,-9,
106,-33,
86,-6,
113,28,
123,-10,
109,1,
110,-21,
79,-15,
27,-58,
74,-27,
46,24,
41,81,
43,19,
38,62,
48,6,
30,-14,
94,23,
94,12,
119,-35,
132,-8,
00>
_________________________________
00>
00>
Printing STS1 CIR
00>
00>
_________________________________
00>
26,58,
8,52,
43,-18,
60,-32,
3,-18,
-55,37,
2,11,
47,20,
14,-1,
32,3,
48,-39,
28,14,
32,-11,
16,31,
11,-15,
12,11,
-1,36,
28,-15,
-2,-16,
-44,11,
-32,8,
-20,-14,
37,16,
39,0,
38,42,
60,27,
44,31,
48,33,
58,-24,
6,40,
0,6,
45,-14,
-12,21,
-23,-19,
-27,28,
-7,20,
43,-3,
4,11,
-43,51,
31,60,
67,73,
48,20,
-49,54,
-47,-24,
-21,14,
-48,-46,
29,-89,
-28,-57,
-3,30,
6,50,
-10,-28,
2,53,
-7,-28,
16,7,
62,50,
81,48,
36,48,
29,-12,
-1,-1,
0,-10,
52,18,
-12,5,
0,-6,
5,46,
2,7,
78,-26,
-22,14,
-6,41,
45,25,
-4,10,
-6,-9,
36,18,
-1,95,
27,57,
75,27,
68,0,
16,24,
23,-33,
-12,-18,
-20,-60,
-44,-14,
-25,1,
8,3,
23,28,
28,70,
-12,50,
5,18,
21,19,
27,-1,
2,45,
42,22,
86,51,
57,-9,
23,8,
26,-9,
-13,-5,
7,6,
37,-8,
20,8,
-3,7,
18,56,
22,117,
56,20,
56,23,
0,41,
19,4,
0,36,
-70,73,
-10,47,
-17,-10,
-25,97,
-16,12,
33,-29,
-1,-14,
-14,27,
-46,15,
33,65,
47,84,
15,34,
78,40,
82,64,
136,-15,
68,33,
37,33,
-8,27,
53,-36,
54,-3,
-5,-15,
-44,37,
-5,4,
10,-9,
14,-25,
68,30,
59,42,
43,14,
36,32,
38,49,
76,1,
68,-12,
27,6,
26,7,
-47,0,
-28,12,
-52,-3,
2,-16,
42,80,
60,49,
-4,-49,
-85,-60,
-77,15,
46,58,
34,19,
-30,65,
17,6,
14,15,
-17,8,
8,24,
26,79,
2,30,
-27,6,
-59,15,
-24,-13,
7,-10,
0,-13,
1,47,
76,124,
89,150,
47,95,
-12,20,
-24,-37,
-8,-58,
23,-18,
4,36,
2,-37,
33,-20,
35,48,
5,20,
1,-6,
-38,8,
-27,53,
-5,32,
-2,59,
-15,33,
32,61,
34,15,
16,57,
-23,-4,
-29,0,
30,-6,
1,-60,
19,-90,
45,-36,
1,-1,
36,83,
4,-45,
-60,-109,
8,-25,
17,20,
20,-24,
-5,-53,
-6,7,
-51,12,
56,-8,
14,-61,
0,-5,
-10,58,
11,78,
43,33,
55,-1,
64,-27,
-29,49,
47,8,
23,13,
-58,-1,
-27,-38,
3,11,
64,-22,
3,9,
-35,35,
-8,-7,
-20,20,
-65,-18,
-1,-56,
53,39,
53,41,
44,51,
-35,6,
16,-45,
72,-32,
-31,-11,
-51,-18,
-51,-18,
22,-4,
82,8,
33,16,
-31,-29,
-27,7,
38,-31,
-25,16,
-42,79,
-20,66,
14,-7,
28,-50,
-19,12,
-48,61,
-42,19,
42,-22,
15,-8,
63,-6,
55,21,
35,-17,
8,38,
39,73,
-12,66,
14,42,
-4,44,
32,19,
30,32,
0,-44,
3,26,
-5,29,
78,33,
41,41,
2,28,
-38,-13,
-64,-9,
-19,10,
28,6,
22,2,
38,21,
23,12,
28,-42,
52,11,
33,-53,
-1,-53,
8,-35,
-20,-30,
-19,28,
-16,-11,
-58,-28,
-13,-64,
-55,10,
-60,57,
8,47,
-29,139,
-35,126,
8,54,
-35,15,
-30,17,
8,8,
48,-24,
58,-53,
7,2,
-39,-18,
-10,-69,
-38,-94,
66,-71,
8,-40,
5,-44,
-38,39,
-25,71,
33,-28,
65,-12,
45,7,
-33,11,
-26,-7,
52,40,
37,53,
-5,7,
-67,18,
-31,-23,
-12,-13,
-35,-29,
15,11,
21,26,
-15,1,
10,30,
-2,-44,
-4,-13,
43,-15,
-25,-39,
-10,-26,
23,-14,
17,-25,
-28,21,
-51,-51,
-3,-10,
-1,-25,
19,-11,
-24,-27,
17,-75,
27,-19,
-65,17,
-61,82,
-6,96,
-3,-26,
25,-72,
53,-56,
78,26,
88,57,
109,-35,
0,22,
37,33,
36,29,
15,-14,
18,-41,
1,-66,
28,-29,
25,2,
8,-41,
12,-95,
49,-107,
31,-36,
24,-14,
35,20,
-17,79,
-638,844,
-3306,3642,
-6061,5548,
-6754,5408,
-5985,3614,
-695,-615,
1627,-1708,
1037,-362,
545,-2,
1134,-1021,
1996,-1830,
1897,-1167,
975,-68,
181,312,
-273,25,
-410,-540,
-437,-827,
-417,-623,
-149,-52,
141,251,
66,565,
19,585,
88,359,
307,37,
408,-320,
374,-442,
211,-384,
29,-178,
-65,53,
-71,145,
18,142,
213,-18,
297,-141,
296,-133,
91,-40,
-73,-101,
3,-266,
234,-211,
485,-1,
393,127,
163,143,
31,36,
27,-103,
26,-166,
109,-187,
133,-106,
42,14,
-29,78,
-144,166,
-75,290,
124,161,
103,112,
197,-130,
134,-68,
49,40,
33,7,
42,-44,
35,-35,
-50,-28,
-103,-74,
18,-191,
90,-138,
126,-77,
126,49,
65,38,
10,41,
41,38,
86,53,
188,108,
230,-73,
192,-217,
26,-192,
26,-103,
-2,-60,
-29,3,
-12,-24,
-63,-126,
-66,-220,
-46,-261,
1,-225,
43,-129,
56,-41,
-16,-42,
-31,-50,
-80,-90,
-14,-58,
78,27,
108,-33,
107,-50,
112,-42,
139,-62,
159,-29,
174,-48,
117,-87,
5,-20,
-8,-17,
98,-53,
69,-95,
41,-30,
18,-46,
51,-67,
-27,-39,
80,-99,
92,-76,
52,-16,
27,27,
57,42,
132,48,
125,-96,
85,-37,
4,0,
15,-30,
60,-20,
55,-72,
64,10,
54,65,
84,-24,
75,-36,
108,-64,
104,-21,
40,-53,
84,-62,
161,-50,
155,7,
102,-18,
56,6,
69,-10,
65,-24,
89,-20,
63,18,
34,36,
-7,48,
48,43,
89,-32,
81,-84,
124,-18,
123,7,
73,16,
135,-55,
109,4,
117,-12,
95,-60,
69,-59,
87,-51,
47,-42,
72,-63,
45,3,
82,24,
122,65,
36,66,
-15,-71,
-41,-84,
56,-59,
78,-37,
98,0,
48,14,
00>
_________________________________
00>
_________________________________
Sequence Number: 62
00>
00>
Printing STS0 CIR
00>
00>
_________________________________
00>
0,0,
-51,-12,
28,-2,
52,38,
94,-1,
-15,-5,
-32,40,
25,56,
18,-67,
-1,-35,
-1,30,
62,55,
89,92,
43,28,
-31,-38,
-13,-51,
-29,-1,
13,-57,
22,54,
15,28,
-75,-67,
-54,-98,
94,24,
96,49,
14,48,
-34,18,
21,13,
-49,-80,
12,31,
80,-4,
139,60,
67,51,
-13,24,
-56,11,
57,-55,
10,-51,
24,-6,
6,22,
47,-7,
78,-12,
39,-24,
-25,-10,
-18,75,
28,64,
34,46,
-1,-9,
-88,-43,
11,35,
121,12,
155,19,
60,-17,
19,55,
10,24,
103,-16,
19,21,
18,-23,
-15,13,
76,13,
33,-45,
33,-82,
-16,-24,
10,-8,
56,-29,
20,-24,
-14,10,
-10,50,
-41,50,
38,121,
46,50,
-6,7,
25,-11,
87,55,
64,29,
27,14,
86,-30,
-6,-19,
79,-31,
107,40,
85,-2,
81,6,
31,-20,
10,37,
-6,47,
-5,34,
-20,-7,
0,-40,
22,-30,
32,-6,
37,-25,
-12,-25,
-17,-32,
72,11,
48,-25,
37,9,
-45,-10,
-8,20,
-11,1,
35,-4,
30,-106,
-55,-36,
5,-3,
118,73,
135,14,
17,12,
35,10,
47,53,
56,-7,
34,49,
15,31,
-10,33,
48,-12,
84,21,
-19,15,
33,15,
34,-31,
-3,-74,
18,-41,
-3,24,
82,39,
51,25,
12,37,
8,31,
-5,46,
0,62,
33,-28,
55,-63,
39,-51,
13,-23,
-11,44,
55,-16,
55,-5,
17,1,
7,28,
-4,76,
50,90,
44,27,
36,33,
-8,55,
-47,-29,
3,-9,
-16,-3,
-3,68,
-12,3,
-50,-28,
-6,-16,
132,73,
25,38,
-41,55,
-16,23,
-1,20,
72,-94,
89,-88,
39,9,
84,21,
79,-16,
118,43,
27,56,
-35,27,
10,42,
-3,0,
11,24,
22,-40,
9,39,
46,4,
32,6,
24,27,
23,-5,
79,-22,
55,83,
15,72,
40,0,
-7,-44,
6,-13,
10,48,
24,-7,
20,-25,
22,-12,
32,-55,
78,-50,
48,60,
24,45,
51,14,
-21,-11,
-20,-31,
38,56,
6,91,
48,56,
61,-10,
64,26,
83,25,
16,23,
31,57,
-30,45,
-24,-65,
11,68,
44,67,
23,35,
15,-62,
59,44,
56,63,
89,44,
8,88,
-43,48,
39,74,
89,-5,
68,-25,
130,12,
59,-18,
55,-31,
-41,-8,
-2,22,
11,-58,
59,-70,
9,-15,
36,111,
47,9,
92,59,
-37,92,
-90,4,
-86,31,
-33,-35,
-33,-22,
0,-10,
-13,-27,
-16,-45,
15,16,
7,56,
65,78,
21,19,
20,-12,
41,-51,
0,-36,
7,-9,
-16,1,
-15,-26,
33,44,
39,-21,
20,1,
-4,16,
31,9,
70,97,
42,32,
24,4,
9,-51,
38,-16,
74,29,
46,21,
66,-14,
-4,13,
17,-3,
-5,-41,
-8,-29,
-76,18,
30,15,
14,28,
-9,-6,
-33,-4,
-91,-60,
-47,-117,
-29,-88,
-19,-56,
0,19,
23,47,
31,17,
0,-11,
-7,105,
-43,87,
-42,20,
-40,-45,
-9,-19,
21,-73,
10,-68,
-8,12,
63,54,
16,-15,
16,-8,
34,16,
47,35,
-15,45,
-10,-33,
-14,21,
2,37,
7,7,
-26,-2,
34,-6,
21,87,
41,38,
14,37,
26,68,
20,106,
54,48,
-8,-22,
-39,15,
-9,28,
-54,-12,
-30,19,
35,12,
32,-16,
39,-12,
40,-34,
20,-6,
24,-18,
-57,9,
17,-34,
15,-7,
16,-56,
20,59,
-20,34,
1,116,
57,20,
-12,-45,
-15,-105,
8,-31,
12,-25,
0,-70,
59,1,
127,54,
98,98,
94,66,
43,-2,
43,-42,
70,-24,
77,85,
83,45,
41,36,
-52,-66,
-2,-54,
65,14,
35,-29,
36,45,
3,-12,
35,42,
28,52,
-18,-6,
31,-20,
-11,47,
-46,4,
-4,-39,
-40,8,
10,-31,
26,-16,
30,66,
25,29,
10,-40,
8,-26,
-13,-10,
37,38,
21,11,
46,-73,
63,-91,
-10,10,
-5,19,
115,-125,
1685,-910,
5933,-2286,
7788,-1938,
7458,-416,
1682,1646,
-2322,2156,
-2213,1102,
-1678,-299,
-3301,-2220,
-4006,-4618,
-1729,-5744,
984,-3857,
1237,-833,
205,559,
-253,367,
288,103,
794,276,
628,448,
88,321,
-105,64,
4,13,
321,-109,
224,-107,
-152,-49,
-363,-41,
-129,-55,
2,-97,
325,-285,
566,-244,
526,-169,
348,-147,
50,-125,
-121,18,
5,167,
114,216,
70,187,
13,176,
-51,147,
68,5,
88,-188,
109,-230,
-79,-81,
-275,-8,
-274,5,
-155,-79,
-120,-132,
16,-78,
121,67,
114,36,
11,-8,
12,-57,
-34,10,
-34,23,
-75,22,
-205,44,
-340,112,
-343,49,
-337,32,
-252,-139,
-71,-72,
-101,64,
-167,32,
-106,-45,
-62,-16,
-110,101,
-44,141,
66,151,
-16,94,
-212,92,
-230,132,
-89,121,
23,59,
126,59,
129,13,
165,149,
70,313,
34,419,
-33,558,
-163,410,
-106,214,
28,24,
23,-6,
-33,-72,
-51,-27,
60,-55,
97,9,
50,89,
-2,70,
-40,30,
1,-24,
62,21,
89,89,
21,168,
-39,114,
-29,41,
-119,48,
-84,-28,
-35,-37,
-104,-118,
-56,-120,
-65,-139,
16,-29,
-27,56,
11,63,
-33,207,
-8,186,
-18,153,
-48,113,
-115,76,
-82,59,
-147,20,
-64,30,
-46,-15,
-74,23,
-87,71,
-70,105,
-12,167,
-66,82,
-80,110,
-48,68,
-92,67,
-45,-6,
-105,62,
-130,-35,
-31,19,
-25,104,
-10,57,
-37,3,
-59,22,
-53,50,
-13,128,
-73,108,
-112,53,
-116,88,
-142,55,
-104,21,
-80,28,
-55,-62,
46,1,
38,142,
-30,93,
-32,67,
-70,15,
-45,110,
-26,125,
-54,49,
10,29,
26,87,
22,4,
72,33,
63,50,
-17,-18,
6,70,
33,25,
-53,43,
-131,88,
-50,121,
-2,82,
-45,131,
00>
_________________________________
00>
00>
Printing STS1 CIR
00>
00>
_________________________________
00>
-6,-22,
-17,-20,
85,31,
136,53,
107,-25,
-26,-29,
-32,-42,
-14,48,
7,86,
-4,-4,
18,-3,
-48,76,
-14,20,
2,-27,
-26,-39,
-13,-16,
8,3,
78,-2,
89,9,
39,69,
-54,34,
-22,33,
-24,17,
-8,24,
-16,15,
-32,63,
-32,21,
67,-51,
-19,-24,
-22,8,
-21,59,
-16,60,
1,46,
5,-26,
2,16,
67,22,
97,36,
39,69,
10,59,
-3,-16,
-8,-40,
15,-15,
-4,6,
-87,-14,
5,-53,
77,-24,
36,-3,
23,-6,
-52,-70,
1,7,
-31,-15,
-1,42,
70,0,
50,36,
-31,96,
46,-12,
51,9,
131,40,
36,87,
-35,73,
-16,52,
-22,52,
-40,-31,
-35,10,
-20,6,
31,7,
-4,1,
-46,-33,
-40,28,
43,48,
16,60,
26,14,
-17,-20,
4,18,
-48,-28,
-39,-1,
-34,46,
-13,46,
-25,59,
27,33,
58,-27,
32,12,
25,34,
-33,23,
-35,52,
-10,78,
21,3,
23,2,
19,28,
-39,-26,
-18,14,
-18,15,
35,22,
36,11,
16,-20,
37,-48,
25,-31,
-88,13,
-24,21,
-6,-11,
55,-15,
31,-2,
79,-32,
-22,41,
-38,94,
-4,65,
67,12,
-41,-46,
-30,-4,
10,12,
-16,59,
12,9,
-22,-10,
44,-32,
-16,43,
8,65,
-3,27,
-4,42,
-6,93,
-70,98,
-59,72,
27,47,
-33,3,
17,28,
32,30,
-25,16,
-71,106,
-59,32,
9,-15,
-21,7,
-10,6,
-48,-1,
-71,-18,
-37,2,
-25,-7,
11,9,
8,40,
-34,-46,
-5,-48,
34,-13,
-26,27,
43,-25,
16,-14,
-7,-6,
15,27,
-2,-50,
-70,6,
-1,-1,
21,22,
82,81,
25,60,
29,-51,
6,-28,
56,-9,
23,7,
24,-43,
96,-26,
-17,-24,
39,53,
23,9,
20,35,
-40,15,
-61,13,
38,21,
24,38,
24,-14,
-50,15,
-3,62,
37,51,
7,11,
41,-24,
71,-21,
43,-25,
15,-8,
-81,64,
-58,36,
-57,14,
25,35,
84,4,
19,9,
-9,20,
0,28,
9,18,
-26,19,
-55,-41,
55,-11,
116,24,
69,53,
16,-19,
-32,0,
16,34,
23,-15,
66,29,
19,30,
-63,43,
-5,-4,
10,-9,
3,29,
57,26,
38,-32,
70,31,
14,48,
15,38,
7,78,
40,67,
69,6,
-16,22,
-15,-9,
35,-9,
14,-10,
23,-8,
-1,-10,
-16,-32,
-29,-36,
0,-30,
78,-13,
-5,-59,
-28,-77,
-32,-64,
25,-12,
38,29,
48,10,
27,29,
21,28,
81,18,
40,-11,
-50,-24,
2,-8,
-25,-37,
-49,-16,
61,8,
60,39,
24,80,
6,-28,
27,17,
-20,-9,
36,-8,
12,61,
-18,15,
71,-27,
38,18,
24,88,
19,26,
17,-11,
-8,-57,
-7,-32,
27,-39,
17,2,
47,-9,
78,50,
8,8,
-42,28,
-30,38,
48,-21,
-17,13,
42,79,
17,28,
43,9,
57,79,
81,77,
132,85,
24,45,
-43,29,
-30,-12,
-66,65,
36,110,
33,54,
-5,-16,
-44,19,
-47,54,
-13,47,
40,-1,
67,-4,
-89,-35,
-130,-42,
-60,1,
16,38,
74,45,
112,29,
50,-3,
48,25,
-20,8,
-55,-45,
46,-12,
107,-9,
88,14,
40,-87,
-26,-47,
-6,-27,
91,45,
49,16,
-74,7,
5,48,
-26,46,
-29,-16,
-12,61,
-24,44,
-76,19,
-92,32,
-29,-5,
58,-46,
53,-25,
-30,19,
-12,31,
81,6,
26,34,
-26,-24,
-73,10,
-42,35,
36,13,
25,21,
-12,93,
-38,10,
-79,-8,
3,-49,
15,-58,
18,-72,
15,18,
7,38,
1,24,
24,-101,
-14,-106,
6,-27,
-28,22,
-12,-30,
-44,-71,
22,-89,
-11,32,
-14,89,
9,109,
67,-4,
65,26,
40,27,
-58,33,
-27,12,
37,-7,
28,36,
8,37,
-16,39,
-34,-9,
15,-5,
22,39,
-12,87,
-6,93,
4,7,
-40,-34,
22,-76,
16,21,
27,68,
46,8,
30,6,
-40,-61,
30,-390,
698,-2779,
2505,-6824,
3543,-7468,
3747,-5910,
1115,547,
-371,3741,
-79,1795,
730,-561,
1847,-987,
2924,362,
2821,1748,
1332,1713,
-33,716,
-391,-82,
-173,-336,
-310,-376,
-729,-572,
-835,-407,
-347,-115,
48,389,
199,344,
110,-4,
-133,-109,
-361,143,
-394,227,
-336,61,
-171,-90,
-257,-93,
-440,7,
-514,73,
-390,49,
-144,45,
-143,29,
-101,-68,
-49,-29,
1,158,
-16,290,
-113,411,
-276,361,
-317,314,
-339,355,
-121,406,
-23,294,
-72,113,
-167,34,
-164,114,
-137,169,
-240,104,
-236,-51,
-300,-160,
-164,-102,
-55,-28,
49,8,
69,169,
-95,212,
-54,286,
-25,223,
30,133,
84,93,
66,55,
22,136,
-85,206,
-230,189,
-345,116,
-348,77,
-219,-4,
-97,-2,
-38,11,
-99,39,
-203,20,
-199,0,
-71,36,
-1,94,
20,174,
-65,367,
-6,370,
-23,387,
-83,317,
-169,239,
-107,167,
-32,165,
40,88,
22,39,
-49,6,
-41,56,
5,128,
50,65,
33,-36,
61,-108,
60,-113,
41,-86,
32,83,
-8,23,
-7,19,
-33,132,
16,106,
-5,82,
21,33,
72,47,
75,124,
-13,78,
-63,65,
24,20,
53,-3,
63,46,
-38,87,
-45,44,
-12,-26,
-27,-2,
-81,33,
-56,17,
4,64,
-43,-30,
-41,-67,
-43,-72,
-5,4,
-65,1,
-50,40,
-111,16,
-86,37,
-63,16,
-22,-60,
-25,-48,
-15,97,
1,34,
-25,81,
-75,67,
-67,66,
3,53,
-4,46,
-69,2,
-111,50,
-49,33,
42,7,
42,14,
0,52,
-68,13,
-25,3,
-30,-10,
-5,55,
-51,54,
-42,33,
-34,98,
-29,26,
-28,105,
-57,31,
-83,-13,
-101,61,
-14,57,
21,23,
-55,38,
-20,73,
-34,52,
-44,46,
-56,73,
17,19,
-5,-11,
-8,48,
5,20,
00>
_________________________________
00>
RX Timestamp: 462458687358
00>
Clock Offset: 1643.944 Hz, -0.206 ppm
00>
RX Timestamp: 463530921622
00>
Clock Offset: 1617.908 Hz, -0.203 ppm
00>
_________________________________
Sequence Number: 196
00>
00>
Printing STS0 CIR
00>
00>
_________________________________
00>
-31,26,
22,56,
99,72,
72,104,
-20,40,
56,-28,
32,-8,
41,11,
35,26,
36,29,
14,21,
10,20,
-39,68,
-9,51,
18,-1,
33,16,
91,-14,
29,-16,
-5,6,
4,23,
-8,37,
-15,33,
-1,9,
43,-44,
-17,-44,
-65,11,
-49,41,
12,6,
-45,-45,
35,54,
85,62,
6,61,
-43,19,
-69,-24,
11,37,
-18,-2,
-13,-5,
68,-81,
58,-57,
-10,-28,
-10,-54,
39,-32,
32,-2,
-21,38,
-33,56,
16,58,
31,151,
0,66,
-77,85,
-93,59,
-46,39,
35,19,
18,-2,
48,4,
14,97,
31,-14,
133,-17,
-6,56,
-75,17,
-30,43,
61,-14,
91,-55,
99,-65,
61,-70,
71,-50,
50,-29,
-13,44,
36,15,
64,36,
56,20,
27,12,
26,27,
40,-9,
4,-43,
11,-24,
12,-1,
-98,-56,
-20,-23,
15,-27,
47,50,
-11,35,
36,-25,
22,31,
31,71,
18,-16,
32,13,
56,-24,
-20,46,
-63,-5,
18,19,
17,-7,
35,-34,
24,-12,
-36,-46,
60,-78,
61,3,
45,6,
36,59,
0,-9,
-68,32,
14,32,
37,-14,
20,62,
8,12,
98,-48,
-1,-23,
-9,-77,
54,-27,
85,-19,
64,17,
25,-12,
-20,-82,
-23,5,
10,-20,
9,20,
-2,18,
-53,31,
-67,21,
-4,-51,
-9,-81,
9,-41,
28,26,
-5,41,
5,13,
7,11,
56,43,
8,59,
95,32,
7,-32,
-30,1,
-14,65,
2,64,
-42,22,
76,6,
45,39,
65,37,
43,-12,
44,-1,
-20,101,
-18,45,
55,-28,
112,-20,
31,20,
14,7,
-7,-26,
-55,9,
31,17,
4,36,
35,-3,
59,-25,
16,8,
9,-36,
14,-71,
-13,-9,
28,24,
20,39,
59,-35,
109,-15,
7,-7,
1,-52,
-47,-45,
74,-47,
87,55,
15,-32,
-11,-12,
-17,-63,
-7,-22,
27,28,
-52,31,
11,49,
50,38,
10,0,
-30,29,
37,-23,
49,9,
22,-8,
1,6,
56,21,
3,8,
5,10,
42,34,
-4,56,
-7,-11,
19,-72,
-48,-6,
44,13,
-35,-6,
-38,-55,
-23,-9,
-14,-36,
94,4,
131,26,
19,34,
-35,11,
-4,-12,
58,-37,
60,-11,
90,-56,
34,-79,
-13,-35,
8,2,
36,78,
73,45,
60,-51,
23,53,
-53,60,
-76,55,
-3,65,
53,117,
-28,-13,
-69,-39,
-16,32,
33,45,
12,-40,
-6,-14,
-6,-32,
-14,96,
18,90,
53,66,
18,1,
67,8,
25,43,
26,31,
-59,87,
3,59,
1,41,
-9,68,
-24,39,
22,27,
33,0,
62,10,
26,20,
32,111,
0,48,
-17,2,
36,-9,
26,35,
63,36,
18,17,
13,23,
5,14,
54,-9,
5,-3,
9,38,
6,7,
20,-52,
-14,-92,
16,-90,
54,-69,
66,16,
42,-1,
-10,11,
18,68,
67,87,
31,93,
-36,78,
-37,9,
69,30,
59,14,
21,-2,
100,64,
116,-73,
88,-95,
20,-49,
-40,51,
-9,26,
-13,-53,
-13,24,
24,24,
19,61,
23,30,
-3,-19,
-53,41,
28,-4,
45,2,
-24,-36,
-23,39,
-37,50,
-23,5,
24,-10,
74,-6,
-32,2,
-39,-50,
0,-21,
-20,-52,
-78,-13,
-40,-14,
-43,52,
7,34,
47,-1,
-28,-21,
-57,-50,
-12,-40,
105,20,
102,-5,
-4,-34,
0,-50,
-15,26,
23,65,
28,5,
-27,50,
27,-1,
56,-103,
36,-42,
54,29,
-20,38,
34,55,
80,-59,
85,-31,
-9,-54,
-13,-54,
9,-26,
-9,-10,
6,1,
1,-7,
29,29,
59,-15,
-15,-43,
-69,15,
-84,14,
-44,-40,
32,-50,
-48,30,
-20,-3,
21,21,
35,-21,
30,16,
23,10,
-45,50,
2,26,
-48,25,
2,11,
34,-33,
119,-12,
60,16,
62,-9,
4,-18,
18,-25,
-10,11,
6,-44,
6,5,
31,-21,
17,-23,
13,9,
-23,-32,
-32,-6,
16,18,
-49,0,
-53,31,
-59,47,
-51,8,
-51,7,
-14,34,
10,-25,
36,-15,
71,-23,
591,-252,
3180,-1203,
7119,-2063,
7764,-1431,
5387,554,
-540,1785,
-2650,1635,
-1627,387,
-1979,-961,
-3628,-3057,
-3085,-5079,
-216,-5227,
1522,-2743,
890,-280,
-103,495,
-135,143,
427,45,
802,151,
262,330,
30,207,
-210,96,
34,18,
207,-103,
-61,-82,
-287,18,
-276,-12,
-128,-62,
80,-153,
369,-323,
471,-242,
409,-206,
232,-123,
-4,44,
-58,214,
20,199,
33,155,
143,127,
64,165,
-51,133,
15,-61,
190,-248,
89,-290,
-65,-143,
-163,-75,
-170,-126,
-127,-151,
43,-202,
67,-68,
109,-17,
35,-169,
-12,-220,
-10,-244,
85,-100,
-59,71,
-201,97,
-239,138,
-343,123,
-418,-40,
-339,-34,
-197,-56,
-137,75,
-73,93,
-114,42,
-98,-18,
-54,-19,
-53,94,
-43,148,
-30,107,
-3,52,
-104,-4,
-163,49,
-65,65,
80,125,
154,64,
119,77,
139,234,
104,396,
21,406,
-84,346,
-151,285,
-130,47,
-57,26,
-9,15,
-4,-21,
19,-37,
101,62,
112,60,
-13,63,
-37,6,
24,-17,
51,5,
-4,72,
-52,132,
-87,132,
-56,121,
-37,31,
-75,53,
41,52,
56,36,
21,32,
-77,55,
-102,-42,
-105,-62,
-122,-2,
-40,40,
80,96,
55,86,
20,69,
-49,102,
-136,109,
-179,27,
-117,-57,
-75,-21,
-25,-46,
-42,-12,
-6,29,
-92,33,
-78,10,
-22,64,
-45,120,
-69,50,
-111,19,
-176,62,
-199,-25,
-76,-62,
4,0,
-7,87,
-52,31,
-61,-30,
-87,-51,
-4,49,
1,66,
-59,38,
17,-65,
23,-83,
-30,23,
-119,24,
-124,85,
-64,52,
-47,83,
-3,26,
-34,65,
5,30,
12,35,
-23,56,
-17,92,
-50,2,
26,13,
87,12,
44,-30,
6,36,
-2,41,
-28,46,
17,29,
30,46,
6,-3,
00>
_________________________________
00>
00>
Printing STS1 CIR
00>
00>
_________________________________
00>
-40,41,
-53,5,
-69,1,
-49,-71,
4,-26,
0,7,
10,-31,
-56,-49,
-17,-20,
9,5,
-9,-80,
-21,4,
-38,-4,
0,12,
-40,-19,
33,-92,
-19,-40,
-6,11,
-35,6,
-10,-39,
-9,-59,
22,31,
2,47,
0,39,
-41,-52,
2,-64,
40,-88,
54,-13,
21,-1,
-39,-29,
-76,25,
-2,40,
-28,46,
10,21,
2,55,
13,-19,
14,-87,
51,-37,
64,-2,
-1,-76,
-2,-52,
-26,54,
-3,19,
28,38,
47,27,
105,-18,
45,-116,
6,-81,
8,21,
24,177,
65,17,
94,25,
36,-71,
11,-29,
-8,11,
-13,15,
-37,54,
-3,96,
-42,46,
10,31,
-1,-42,
40,-8,
17,11,
-1,-19,
-58,-66,
2,-17,
26,20,
-12,-27,
53,6,
-11,-28,
26,8,
45,-2,
-26,-17,
-54,-35,
-9,-29,
-14,-50,
44,-32,
15,69,
-34,69,
-26,-28,
-10,-8,
13,9,
-41,84,
-18,35,
25,17,
8,-60,
-18,-30,
-9,-26,
52,-81,
30,6,
-37,-23,
15,5,
23,-58,
11,29,
-6,-15,
33,-16,
26,-5,
-25,-15,
-23,38,
5,0,
52,20,
-8,-92,
48,-29,
53,-11,
49,37,
0,27,
-21,1,
8,25,
-63,0,
-52,-50,
-8,-38,
34,-45,
74,-49,
48,-100,
3,4,
-10,33,
-33,-9,
-15,38,
13,62,
40,53,
36,44,
-27,-25,
-86,-28,
7,30,
-8,-22,
-3,59,
11,50,
-21,-3,
-26,43,
65,-21,
22,0,
-44,26,
-1,53,
29,35,
-40,10,
-44,1,
-136,-3,
-51,24,
58,-20,
53,-31,
31,-69,
32,15,
82,70,
9,69,
-27,-59,
-33,0,
5,-11,
-27,33,
-13,-17,
19,13,
20,-29,
17,12,
-40,21,
-10,2,
33,-29,
-14,5,
13,-11,
-31,31,
46,0,
-26,-43,
-68,-30,
1,-23,
-35,-54,
-14,-40,
-30,14,
36,122,
77,84,
31,62,
86,-32,
-12,-22,
-27,-67,
-11,10,
4,29,
43,119,
-48,23,
19,-26,
7,-77,
-14,-99,
-17,36,
33,20,
-6,-7,
-24,-49,
33,-39,
57,-32,
-41,-7,
-27,34,
-4,-34,
-20,-48,
-26,-24,
36,73,
18,53,
-53,29,
-42,5,
-47,12,
-24,-33,
2,-32,
29,-50,
-97,-32,
-61,-30,
-100,-29,
33,-67,
30,-1,
32,25,
6,-32,
33,-48,
-46,-30,
15,-21,
-9,-31,
-1,36,
-48,-31,
-41,12,
33,19,
-28,36,
-36,60,
-40,23,
-1,90,
-3,49,
13,43,
-31,-15,
-28,32,
35,33,
58,73,
-17,18,
-67,-60,
-40,-1,
34,34,
60,26,
-2,-14,
-11,-6,
-91,27,
-29,27,
5,-3,
1,-38,
11,46,
-105,-49,
-75,-3,
29,8,
-12,55,
-27,30,
2,-22,
-72,-4,
7,-14,
-22,-4,
-13,-57,
-12,-94,
-9,18,
0,15,
75,26,
34,28,
-28,-50,
30,-48,
-22,40,
24,10,
74,41,
63,15,
18,49,
-41,-3,
5,23,
21,-42,
-10,-43,
-27,-72,
9,8,
38,67,
42,68,
5,41,
-58,-57,
-46,-94,
54,-35,
85,-52,
49,-5,
-29,-54,
-21,32,
11,41,
20,14,
-15,18,
-16,12,
-5,46,
78,96,
68,11,
22,2,
-7,-36,
-21,19,
-8,34,
52,-9,
22,-56,
67,-24,
44,20,
-2,21,
70,43,
32,6,
-31,-29,
-42,-83,
12,-52,
70,-47,
36,-17,
-1,-11,
-73,-11,
32,-19,
76,-61,
16,11,
-11,-18,
-43,-38,
-29,-90,
37,-66,
94,-64,
50,-13,
-14,-25,
-28,72,
-11,13,
-13,63,
13,-33,
-30,-37,
38,-25,
9,-13,
39,-12,
23,65,
-37,129,
-44,46,
42,-29,
81,25,
35,8,
-31,-30,
-44,3,
12,44,
-49,26,
-155,29,
-157,-48,
-91,-40,
-55,-78,
-8,-10,
-30,-51,
-2,-17,
-36,10,
-73,24,
-67,11,
-5,-60,
31,-93,
-1,-77,
-10,-26,
-15,-28,
-15,-23,
39,3,
-23,55,
-9,42,
41,56,
-1,38,
27,-31,
24,6,
28,53,
-2,15,
11,-27,
42,-32,
14,-22,
41,24,
-31,-20,
1,-125,
103,-1006,
1074,-4408,
3020,-7360,
3980,-7328,
3288,-3468,
670,2295,
-384,3236,
79,574,
847,-969,
1906,-395,
2747,1200,
2246,1873,
827,1197,
-3,178,
-140,-262,
-103,-285,
-441,-456,
-878,-676,
-624,-252,
-180,29,
-7,453,
2,97,
-79,-209,
-192,-110,
-403,163,
-475,138,
-297,-96,
-139,-140,
-241,-98,
-375,-11,
-439,59,
-254,114,
-166,87,
-100,81,
-86,-14,
-74,-15,
-76,-15,
-84,107,
-195,181,
-263,274,
-253,304,
-167,413,
-5,418,
3,248,
-130,95,
-160,13,
-99,59,
-62,107,
-79,-24,
-244,-119,
-213,-88,
-168,-123,
42,-134,
72,8,
70,191,
-59,286,
-86,317,
-118,236,
-22,135,
29,82,
78,156,
-2,230,
-168,193,
-209,9,
-284,63,
-364,117,
-177,41,
-82,-40,
-43,-71,
-169,-127,
-198,-57,
-106,1,
28,72,
54,77,
-40,224,
25,326,
25,374,
37,310,
0,308,
-40,122,
-55,-18,
-11,86,
67,112,
77,135,
-32,174,
-57,89,
-60,5,
0,-3,
16,56,
56,3,
64,-38,
73,46,
63,132,
-78,143,
12,48,
115,68,
51,56,
67,84,
54,40,
-22,28,
-121,94,
-132,26,
-94,-50,
23,8,
86,3,
65,28,
-2,3,
-73,92,
-122,4,
-64,16,
-51,20,
-52,-32,
-46,-25,
-38,-35,
-38,-53,
-12,-39,
-14,70,
-52,117,
-76,29,
4,47,
-11,-17,
15,24,
-11,26,
-99,-102,
-82,-31,
-46,-12,
-22,69,
-27,25,
-78,-18,
-6,-70,
25,-30,
4,4,
14,23,
-12,49,
-30,73,
-43,39,
18,50,
-39,-16,
-20,-90,
-48,-92,
-27,22,
-13,26,
-10,108,
-60,92,
-39,-34,
-65,-55,
-60,25,
-11,19,
-65,-58,
-47,-44,
-13,11,
-58,44,
-41,100,
-11,6,
76,17,
16,25,
00>
_________________________________
00>
_________________________________
Sequence Number: 199
00>
00>
Printing STS0 CIR
00>
00>
_________________________________
00>
-43,43,
-81,51,
-26,94,
-77,71,
-36,12,
17,-63,
34,-39,
32,3,
61,29,
78,17,
-20,-53,
-38,-48,
-18,43,
0,67,
48,17,
-10,42,
-6,-31,
-23,-22,
38,-5,
-31,34,
-30,1,
-51,-27,
9,-12,
27,49,
34,-30,
3,-53,
-55,4,
-55,37,
-14,-1,
-65,-2,
-20,33,
33,57,
-8,7,
-26,-12,
-64,-68,
-40,11,
6,-5,
-1,-2,
-23,-46,
-14,-48,
18,-31,
13,55,
33,-28,
33,6,
14,29,
-32,63,
-25,40,
33,-5,
36,-47,
-58,-26,
-7,22,
26,23,
13,46,
3,44,
31,1,
6,15,
-65,37,
-7,-12,
12,-14,
89,50,
42,-2,
-3,19,
-71,-31,
18,-39,
23,0,
4,0,
-64,12,
-35,44,
6,-26,
37,-38,
13,-34,
22,60,
4,10,
39,-9,
-45,5,
18,43,
0,21,
9,-24,
-12,18,
63,20,
11,14,
-35,59,
-87,51,
-68,36,
-47,-31,
-3,-42,
22,-1,
9,13,
40,-62,
30,5,
22,-16,
-34,-13,
-13,23,
3,16,
12,18,
22,-21,
-32,-28,
12,18,
-8,-8,
11,0,
12,16,
100,-4,
-2,-63,
4,-36,
17,-6,
-62,-33,
-69,6,
-30,2,
42,-21,
45,55,
6,43,
28,-77,
-36,-43,
-70,-35,
-27,-11,
-11,-8,
17,30,
-50,-57,
-76,-22,
-55,-17,
-7,65,
26,48,
6,87,
-24,-1,
-1,-7,
30,-2,
-32,-9,
-56,21,
-19,11,
60,57,
-20,52,
-141,60,
-130,25,
-75,-41,
2,2,
32,-4,
3,87,
-3,60,
-56,-12,
-17,69,
18,-18,
-23,-44,
-17,30,
34,-5,
15,4,
19,-41,
29,-17,
50,-10,
8,13,
-32,4,
-15,-57,
-6,-21,
33,16,
16,-35,
-29,-43,
-6,-56,
0,-42,
92,-15,
58,50,
81,14,
61,37,
19,2,
13,52,
-118,83,
-64,44,
41,24,
16,13,
30,-22,
14,29,
24,41,
30,115,
29,53,
66,-4,
18,-20,
16,43,
-57,-11,
-38,-46,
-36,35,
-54,-8,
-34,-21,
5,-12,
4,38,
57,54,
44,49,
40,76,
33,-30,
-26,-26,
-36,-46,
9,3,
-20,-35,
-24,57,
64,51,
87,13,
39,10,
-55,12,
-10,-13,
8,-33,
19,38,
50,71,
0,-7,
-3,16,
-11,30,
-15,-16,
-59,-44,
-13,5,
19,67,
-27,58,
-19,48,
-3,50,
57,36,
-6,27,
-31,66,
-37,20,
72,-97,
-53,13,
-102,27,
-71,-23,
8,-5,
58,-9,
32,-38,
27,-48,
12,25,
56,31,
25,71,
8,9,
-19,-6,
-44,-59,
-62,18,
-33,-32,
-11,63,
-61,65,
-19,13,
0,-15,
-18,38,
-3,33,
-29,63,
-22,32,
-8,0,
-23,7,
21,-7,
-42,39,
29,-21,
-34,14,
-23,26,
45,9,
-54,39,
8,-5,
27,-20,
-4,4,
25,-29,
-12,-35,
-65,40,
-44,49,
-9,-15,
12,19,
61,-10,
7,-3,
54,-19,
-13,-18,
25,-19,
-8,-32,
-54,41,
18,11,
3,-27,
63,10,
19,72,
-8,20,
21,19,
-11,38,
-7,-32,
13,52,
13,1,
10,25,
-16,-23,
-134,6,
-145,63,
-119,-35,
-51,-16,
18,-13,
46,-11,
18,-28,
3,85,
-25,46,
-80,0,
-45,-8,
10,5,
107,34,
98,20,
100,-38,
-62,-52,
-20,-31,
20,19,
19,-6,
-43,5,
5,-24,
-68,-20,
-34,29,
-48,-6,
-14,-76,
13,-126,
-66,5,
8,6,
30,47,
-8,8,
-17,32,
-24,31,
4,69,
-8,39,
-22,-1,
-30,-56,
2,-74,
7,-45,
-18,3,
-9,78,
-1,61,
33,-5,
-33,1,
-5,21,
68,-5,
31,-16,
-6,-25,
15,-15,
69,12,
92,43,
34,17,
6,53,
-33,-7,
-1,-17,
-3,-15,
62,46,
-14,27,
8,87,
-20,55,
1,-8,
49,-4,
-39,-7,
-1,-2,
19,35,
-6,-2,
-39,-12,
8,35,
26,-3,
-1,-46,
44,-19,
61,30,
22,-39,
3,-41,
-25,11,
44,27,
-58,42,
0,27,
43,35,
-85,-235,
-615,-1653,
-1566,-5841,
-856,-8009,
731,-7981,
3006,-4093,
2566,999,
678,1441,
-1067,-180,
-2139,-1800,
-1977,-2899,
-620,-2949,
421,-1864,
556,-473,
147,188,
-62,378,
84,638,
151,1056,
-62,957,
-7,110,
-3,4,
-224,-179,
-373,57,
-185,270,
61,403,
283,436,
211,159,
146,-79,
15,63,
-11,279,
62,379,
182,268,
217,153,
165,145,
43,84,
15,28,
123,67,
253,271,
352,362,
312,412,
276,319,
144,221,
-6,179,
-55,102,
-37,172,
28,207,
134,282,
92,244,
111,145,
-10,52,
-48,-6,
-144,72,
-190,20,
-90,34,
-25,187,
-88,143,
-117,79,
-59,15,
55,16,
74,4,
94,-2,
81,35,
101,136,
-6,184,
-79,158,
-47,106,
-84,23,
-70,14,
-54,66,
-54,255,
37,180,
111,152,
29,138,
-16,172,
-263,126,
-201,27,
-71,-70,
63,-61,
144,-4,
89,105,
-1,166,
-103,231,
-179,194,
-113,88,
-96,-7,
-163,33,
-48,136,
33,104,
-86,34,
-92,27,
-66,86,
-12,87,
-9,79,
-10,35,
-101,-24,
-16,68,
-9,92,
25,154,
59,127,
36,45,
21,24,
-57,31,
48,132,
56,121,
-27,88,
-113,80,
-9,63,
-1,114,
53,126,
16,135,
44,70,
-29,72,
2,91,
-40,115,
-85,125,
23,69,
74,76,
62,168,
127,131,
35,133,
48,125,
9,122,
57,168,
92,120,
66,51,
21,93,
-25,101,
15,78,
25,67,
-44,61,
-41,135,
-84,111,
-92,70,
-39,93,
-31,48,
-18,29,
2,72,
48,143,
-22,139,
-60,113,
-27,134,
-30,116,
-9,73,
16,96,
47,83,
37,35,
-12,61,
7,47,
14,72,
-47,52,
16,43,
47,52,
63,74,
74,31,
55,136,
-34,101,
-17,-1,
38,4,
40,65,
42,134,
00>
_________________________________
00>
00>
Printing STS1 CIR
00>
00>
_________________________________
00>
23,12,
-79,-9,
-50,73,
-28,13,
-26,39,
38,64,
18,43,
-5,-8,
-15,33,
7,46,
2,16,
61,50,
26,-6,
3,-4,
-42,27,
-10,-17,
32,60,
-56,34,
2,52,
12,25,
-55,56,
0,43,
7,-57,
41,-28,
-1,-6,
-28,33,
18,-75,
12,-108,
8,-79,
7,-65,
74,-6,
86,-4,
-4,12,
-58,22,
45,-15,
38,-3,
63,-64,
20,9,
1,3,
-21,-10,
-29,-43,
-78,-15,
-9,41,
90,-6,
57,10,
53,6,
50,30,
4,86,
13,13,
48,-68,
88,-65,
65,-97,
35,-26,
-32,-69,
-33,6,
-67,6,
42,-46,
23,-23,
41,72,
-15,63,
-12,21,
-36,-9,
-10,71,
23,58,
-15,40,
-36,3,
41,38,
-30,15,
8,-49,
4,-27,
3,-9,
19,57,
63,27,
15,-8,
28,-47,
-3,-23,
-35,37,
-11,102,
48,57,
8,20,
-15,15,
-50,89,
-42,113,
-56,120,
-39,75,
-46,107,
-70,-38,
0,-78,
-4,-34,
-42,5,
-43,30,
45,-2,
59,3,
-18,16,
40,19,
46,23,
-22,6,
-20,-29,
8,47,
12,54,
25,35,
-56,47,
-72,-38,
-43,-3,
-4,-34,
-12,-6,
55,-2,
53,36,
-25,8,
-65,-40,
-53,34,
-6,15,
-10,34,
0,9,
-46,31,
-42,40,
-22,17,
6,28,
-1,24,
9,23,
13,42,
21,30,
36,-21,
-5,-68,
-30,-61,
-35,-24,
34,-66,
-22,-11,
-77,-6,
-24,41,
-101,5,
40,-14,
22,-26,
-22,-81,
-59,-32,
-3,-1,
0,28,
-58,40,
-44,25,
4,58,
9,50,
13,32,
32,-14,
14,-1,
13,-9,
11,-1,
-46,39,
-14,35,
-13,8,
18,85,
12,1,
-17,8,
-11,10,
20,-16,
-11,-84,
-7,-31,
-39,28,
3,2,
48,-22,
1,16,
-36,28,
-21,-16,
33,18,
29,46,
8,23,
-33,14,
30,-13,
13,31,
13,-8,
-33,12,
6,-12,
40,-27,
1,16,
-37,2,
-8,-41,
17,27,
26,60,
-29,37,
40,8,
35,30,
20,-5,
-41,-73,
14,-36,
60,-3,
35,32,
-33,49,
-7,21,
70,-25,
56,-3,
8,10,
21,5,
2,21,
3,27,
21,1,
40,3,
39,3,
-38,-27,
-40,-6,
-18,50,
41,58,
-43,49,
-12,-43,
41,70,
33,54,
28,46,
13,-31,
3,34,
32,35,
49,9,
45,-35,
28,-82,
31,-33,
12,-9,
5,-2,
-25,56,
-3,19,
-37,-22,
-36,-2,
-15,-30,
21,-25,
17,-5,
-6,18,
-32,1,
-16,43,
-20,33,
-57,44,
-25,-3,
-58,7,
-22,-6,
-84,-36,
17,-9,
-14,-17,
-40,3,
-43,-62,
35,-19,
-10,2,
-35,43,
-52,11,
19,-62,
40,3,
44,66,
16,-23,
-2,-26,
27,-11,
57,27,
39,90,
41,16,
10,17,
32,11,
14,41,
12,-5,
1,35,
-21,40,
-32,-33,
-36,-26,
-13,52,
-46,75,
7,103,
-3,-7,
-37,-19,
0,-28,
-7,53,
32,-36,
31,28,
-7,68,
3,77,
-28,19,
44,-11,
19,65,
14,8,
-15,3,
20,-42,
-12,-39,
-61,-7,
25,-20,
39,-15,
12,5,
14,-23,
-5,-24,
0,-39,
-34,11,
-46,58,
-7,-1,
-7,-67,
-30,-40,
3,-3,
30,-59,
-1,0,
42,39,
22,27,
31,13,
53,7,
93,-17,
-31,46,
-35,35,
-6,43,
-1,49,
0,22,
-18,-9,
0,12,
37,29,
71,-19,
22,-2,
-6,36,
-8,24,
-35,25,
20,28,
-56,79,
-60,62,
-20,-1,
-16,-11,
6,-26,
40,37,
23,30,
47,47,
79,17,
46,-1,
51,-5,
43,14,
10,-58,
29,-2,
9,-37,
-45,-86,
7,9,
-31,69,
-3,85,
39,17,
-21,24,
18,-34,
15,6,
-72,-57,
-28,11,
44,13,
24,66,
-7,-16,
62,-10,
61,27,
-12,3,
34,-33,
56,1,
28,14,
-41,27,
-43,-59,
15,-12,
22,-1,
-9,9,
-28,-30,
-12,-48,
59,-61,
35,18,
22,5,
-5,21,
-258,-93,
-1668,-969,
-5668,-3773,
-6856,-5226,
-6253,-5746,
-2350,-3241,
1207,377,
1196,1299,
47,750,
237,649,
1364,1185,
1803,1660,
814,1322,
-28,563,
-129,-65,
255,-446,
589,-613,
700,-596,
262,-298,
-59,17,
-214,188,
-559,-34,
-389,119,
-128,234,
189,334,
406,393,
509,257,
216,-20,
10,-201,
-151,-125,
-139,15,
-11,155,
161,262,
292,233,
63,86,
2,59,
-7,15,
157,223,
133,294,
23,423,
-63,259,
-57,129,
10,-35,
125,-34,
174,30,
129,92,
82,21,
-15,-103,
-40,-179,
-180,-145,
-143,127,
-134,164,
-116,171,
46,196,
12,24,
-3,-3,
-49,75,
-39,107,
0,29,
26,-8,
80,-8,
166,17,
132,117,
68,132,
49,193,
-3,81,
-17,-7,
-18,56,
-10,83,
110,216,
199,147,
305,33,
161,-46,
25,-18,
-76,-4,
-36,-36,
120,-93,
231,-105,
225,-98,
199,-116,
124,-42,
118,26,
119,110,
19,-16,
83,-96,
137,-43,
71,95,
47,70,
54,-6,
42,50,
66,57,
56,75,
62,107,
97,73,
68,36,
-10,0,
-16,16,
10,21,
45,30,
9,14,
60,3,
49,33,
15,46,
129,83,
81,12,
-6,2,
5,-22,
97,9,
22,97,
23,76,
80,-7,
106,11,
77,23,
83,85,
46,45,
53,-17,
31,1,
113,-6,
73,37,
90,35,
64,31,
91,55,
143,27,
172,75,
96,16,
41,-1,
10,-34,
29,37,
38,65,
87,34,
27,61,
41,35,
-3,61,
14,131,
67,46,
79,52,
81,33,
73,24,
5,24,
16,4,
8,-20,
24,6,
76,4,
72,52,
129,148,
157,97,
77,-15,
45,-9,
67,24,
40,-46,
27,-99,
24,-81,
17,9,
-8,30,
53,-1,
42,87,
50,39,
112,8,
81,-10,
35,21,
00>
_________________________________
00>
RX Timestamp: 602786593260
00>
Clock Offset: 2380.371 Hz, -0.298 ppm
00>
RX Timestamp: 603862166271
00>
Clock Offset: 1071.167 Hz, -0.134 ppm
00>
_________________________________
Sequence Number: 77
00>
00>
Printing STS0 CIR
00>
00>
_________________________________
00>
-14,39,
-28,-45,
-35,-76,
-3,-25,
12,-4,
-24,32,
-82,37,
-17,21,
-10,27,
-2,20,
72,-103,
15,-43,
72,-33,
-5,22,
-6,-16,
-28,33,
25,50,
3,46,
-17,-28,
42,7,
60,-54,
-18,-55,
57,-21,
39,34,
17,85,
-9,126,
-38,-28,
3,-48,
-15,-102,
-67,-46,
-1,-20,
122,25,
64,57,
59,53,
-34,16,
19,-62,
26,13,
37,89,
5,31,
-97,-16,
5,-46,
46,7,
121,30,
17,19,
23,90,
81,47,
66,65,
98,15,
8,68,
28,-4,
-17,-20,
-26,21,
-28,-15,
-44,-29,
28,-24,
-4,44,
-11,93,
-1,5,
-52,-59,
-104,-44,
-23,8,
-19,-21,
-48,-3,
7,-48,
-34,11,
4,48,
17,28,
-14,13,
10,-33,
9,-3,
21,13,
-18,-32,
-23,-56,
53,0,
68,-35,
127,-57,
47,12,
-32,69,
-100,23,
17,-32,
47,-67,
28,-9,
-26,11,
30,-34,
3,-56,
-21,-25,
13,-18,
26,17,
44,58,
-62,10,
-47,-14,
-3,-4,
72,13,
41,14,
71,49,
19,115,
34,-14,
23,-11,
16,-37,
-43,-8,
-17,-5,
16,81,
38,-47,
26,-82,
35,-97,
15,25,
-11,25,
-31,32,
-34,26,
36,17,
1,37,
-61,28,
-35,-27,
-44,-67,
-35,-48,
-9,-51,
-29,-14,
-8,21,
8,5,
28,2,
-5,81,
-17,131,
-17,72,
-87,67,
4,41,
59,77,
48,42,
45,51,
36,-9,
7,-93,
19,-39,
-62,13,
-55,50,
-55,27,
-24,42,
-49,-46,
-6,-45,
51,-116,
79,-71,
24,4,
-29,64,
32,62,
38,-6,
60,72,
46,36,
1,-39,
-7,-2,
44,-14,
52,10,
1,8,
0,24,
15,-30,
65,25,
74,33,
-53,-38,
-33,-19,
38,-17,
76,-1,
93,-26,
-11,-10,
-27,-63,
-39,-42,
-68,-36,
-40,17,
-14,-8,
-24,-12,
14,-7,
67,72,
69,117,
55,68,
-5,67,
18,4,
-31,17,
-17,-15,
-84,9,
-90,16,
-3,-32,
57,12,
19,5,
39,7,
72,24,
-6,0,
15,-49,
44,-59,
58,58,
0,6,
-29,46,
24,31,
50,64,
-22,0,
-69,-109,
0,-118,
-18,-17,
-9,10,
17,-41,
-45,-28,
-26,-50,
-11,-6,
-3,4,
-40,-57,
-6,-73,
32,-89,
67,-69,
17,-50,
14,-1,
32,-22,
26,-20,
62,-52,
53,-35,
-31,-37,
29,-34,
9,27,
7,57,
-2,-81,
63,-69,
27,-25,
14,-10,
2,-17,
-5,39,
-28,-33,
65,-31,
55,-1,
9,5,
8,-64,
52,-88,
9,23,
52,77,
49,96,
53,13,
-36,-50,
-28,-97,
-35,-12,
35,53,
19,101,
-36,-12,
41,-41,
-35,-35,
-70,44,
-45,31,
-11,8,
-39,-31,
19,-18,
-26,-59,
9,-27,
11,9,
70,82,
10,28,
18,-49,
18,-41,
61,-44,
41,-10,
3,-32,
-57,4,
2,-11,
-18,43,
0,6,
25,-63,
42,-66,
56,7,
34,55,
16,-17,
-26,-13,
3,3,
1,-65,
53,-31,
72,-15,
37,-29,
44,0,
-11,38,
-56,-14,
-92,25,
-8,-20,
25,-22,
-32,10,
33,0,
69,52,
47,90,
14,116,
-5,83,
-53,11,
-32,-31,
60,-35,
87,-84,
-22,-13,
4,-21,
26,-6,
5,-56,
23,-16,
124,13,
22,-6,
37,25,
17,-17,
24,-11,
0,9,
-14,-22,
-26,29,
35,-20,
-18,-2,
-68,-27,
-18,-4,
-11,26,
21,23,
66,48,
52,-19,
9,-31,
-6,35,
14,29,
25,71,
42,-58,
26,-12,
54,-34,
-37,-41,
-61,22,
-48,37,
35,-21,
1,-21,
-15,37,
48,53,
-11,25,
-33,-6,
-42,-6,
5,-6,
-19,-31,
-42,-13,
-33,29,
28,39,
22,41,
-37,12,
-22,4,
28,20,
9,30,
-18,-24,
-80,-36,
-46,-49,
88,-14,
83,122,
-18,49,
-11,11,
38,39,
8,18,
-5,15,
-54,34,
2,0,
-61,-50,
-42,2,
-18,28,
3,2,
-25,-30,
-21,-61,
-5,49,
23,103,
42,54,
24,17,
-31,6,
-51,38,
32,87,
13,99,
107,-16,
999,-261,
3638,-613,
6365,-591,
6344,413,
3136,1557,
-370,1495,
-1159,569,
-208,-564,
934,-1256,
1694,-1271,
1973,-507,
1416,197,
464,256,
-123,14,
-299,-72,
-414,-65,
-629,53,
-691,55,
-225,102,
55,-59,
130,-238,
-8,-369,
-168,-270,
-193,8,
-198,169,
-43,213,
-26,110,
-55,70,
-246,-14,
-298,81,
-95,266,
6,188,
-15,64,
-59,66,
-38,83,
-64,106,
-20,164,
-83,170,
-196,146,
-227,104,
-121,99,
-62,42,
21,-39,
-9,-20,
-126,24,
-184,15,
-177,29,
-172,78,
-95,-45,
-7,-135,
1,-148,
-60,-107,
-110,-87,
-64,-29,
-66,-36,
43,-6,
48,6,
79,42,
-2,77,
-3,64,
-50,59,
-130,41,
-211,-10,
-101,-79,
-18,7,
-146,-11,
-78,-18,
-39,-104,
-117,-9,
-91,53,
-104,54,
-64,-38,
-37,-67,
19,-47,
-48,-100,
-30,-69,
27,49,
95,159,
72,115,
-54,-42,
-161,-96,
-177,-67,
-44,22,
30,-12,
-35,-109,
-121,-121,
-102,-64,
-79,31,
-62,-1,
-134,44,
-91,19,
-52,34,
-15,23,
2,19,
48,-5,
-12,94,
-91,17,
-144,36,
-80,-11,
-63,-7,
-46,-4,
-5,32,
-23,-2,
-63,27,
-4,-45,
-63,-73,
-106,-71,
-134,-48,
-118,5,
-89,55,
-77,73,
-80,32,
-131,-15,
-146,-60,
-59,19,
-44,66,
-59,-5,
-40,-18,
-15,-65,
-103,-19,
-85,3,
-62,52,
-111,111,
-124,36,
-84,-52,
-40,-80,
-67,25,
-139,19,
-46,7,
23,74,
-34,40,
-103,-2,
-95,70,
-71,-25,
-34,-63,
-25,-33,
-57,-14,
-17,2,
-80,32,
-111,76,
-92,80,
-120,26,
-145,25,
-58,69,
-44,60,
-120,25,
-94,3,
-11,44,
19,-39,
20,-12,
8,7,
-65,57,
-38,-9,
-56,-88,
00>
_________________________________
00>
00>
Printing STS1 CIR
00>
00>
_________________________________
00>
7,-77,
-10,-132,
31,-41,
1,13,
65,27,
53,20,
7,32,
-56,123,
64,26,
-3,-25,
6,-17,
-63,-22,
-39,0,
97,-63,
94,-37,
-3,-13,
-26,-2,
41,27,
71,19,
58,-14,
-11,-11,
-15,-42,
43,-70,
77,53,
70,56,
41,-21,
51,-29,
66,42,
-4,28,
-27,-11,
-27,7,
48,-4,
54,-10,
91,34,
27,-31,
-17,26,
87,24,
21,9,
18,-19,
-45,-62,
38,-61,
90,-14,
10,27,
26,7,
8,-55,
43,-17,
-12,10,
57,-30,
24,-92,
-69,12,
-34,28,
-42,-3,
78,19,
69,19,
45,6,
21,56,
28,76,
38,44,
1,64,
-21,76,
-24,62,
-40,-8,
-84,1,
-16,-44,
-37,-35,
-1,-3,
-18,11,
76,-53,
35,-46,
5,-26,
-36,18,
-12,22,
8,-42,
-30,-89,
32,-69,
27,38,
-5,66,
-13,41,
32,-21,
10,-30,
-11,-42,
24,17,
29,6,
54,-9,
43,-21,
-9,-8,
41,-8,
71,-30,
39,-4,
-4,-54,
63,51,
24,23,
66,-25,
-4,2,
33,-64,
75,-18,
35,-14,
13,50,
45,7,
-13,4,
-20,-30,
0,6,
27,68,
61,63,
31,66,
54,-24,
-16,-54,
6,9,
31,49,
42,56,
68,26,
-33,2,
-55,7,
-111,3,
-64,-26,
-11,-35,
17,14,
27,-9,
30,-47,
95,-19,
6,45,
-21,33,
-51,25,
-54,-74,
-62,-1,
-8,26,
-8,4,
-54,56,
-66,-4,
-10,-15,
29,-52,
35,18,
27,-28,
3,-45,
8,30,
-16,54,
-21,65,
10,45,
56,76,
8,43,
0,47,
-37,74,
-58,107,
-25,12,
7,19,
-65,50,
45,49,
65,-3,
-35,43,
-38,-15,
12,25,
61,75,
21,116,
6,81,
-38,83,
39,-67,
-34,-52,
46,-51,
60,-29,
-2,-46,
-77,-49,
-91,-43,
42,-5,
20,-6,
-64,46,
-43,-94,
-26,-37,
11,-36,
38,27,
53,103,
0,40,
41,-13,
60,-16,
2,-10,
62,-11,
54,-52,
-25,-68,
-29,-9,
4,-2,
-22,4,
-20,10,
30,-33,
29,-76,
40,7,
-29,-10,
-8,-26,
-6,-17,
-10,4,
-63,-14,
-49,38,
-9,23,
33,-57,
-30,-59,
-38,13,
-24,-13,
1,13,
-14,45,
6,26,
5,3,
-3,8,
71,58,
18,89,
-20,77,
19,-32,
18,-13,
7,-47,
16,27,
24,15,
3,-61,
-3,-72,
-50,-26,
1,16,
-44,5,
-28,-13,
-37,23,
-14,55,
-56,15,
-18,-38,
-30,-71,
-5,-58,
-10,-39,
38,-57,
-5,-2,
2,57,
-25,27,
-19,-17,
54,113,
12,97,
-28,-24,
10,-56,
-62,-51,
0,14,
4,-1,
-1,-92,
-41,-64,
-53,-34,
9,39,
-9,40,
-54,-6,
-43,8,
30,-20,
77,7,
23,-20,
63,-88,
-27,30,
-30,-23,
-19,-2,
-30,-21,
-91,-92,
-25,-120,
-5,19,
14,5,
-67,13,
13,7,
-10,-32,
39,-59,
32,22,
25,61,
-39,30,
-47,-27,
-18,-20,
35,67,
-4,24,
-19,-19,
-5,-68,
-3,-10,
-2,-6,
-18,51,
-18,77,
-26,22,
13,-33,
76,-91,
97,-79,
68,4,
59,-2,
-7,-18,
-52,41,
-27,50,
18,6,
84,3,
18,-16,
37,-31,
81,20,
64,56,
-8,65,
15,-24,
40,-97,
116,-66,
23,-2,
-53,-9,
-55,-27,
37,-19,
90,-57,
42,-37,
-28,44,
-58,-6,
-51,-35,
-32,-22,
18,-29,
28,37,
30,106,
-9,57,
-12,23,
-41,20,
-34,30,
-44,4,
5,-21,
39,17,
91,-48,
12,-33,
-13,33,
-5,-78,
-18,-49,
15,-58,
-8,5,
-14,67,
-12,64,
-47,17,
18,-45,
1,-60,
-39,-44,
-100,1,
25,50,
28,55,
-14,9,
-40,14,
56,-43,
106,5,
72,-30,
6,-55,
-51,-49,
-3,6,
-14,73,
16,75,
111,7,
109,-18,
28,60,
1,80,
-33,-14,
-50,-40,
-30,-43,
-32,53,
-50,34,
-24,-12,
-24,-50,
8,-12,
21,65,
-68,-31,
-31,10,
-12,35,
8,-49,
19,-90,
70,41,
59,115,
99,37,
-26,-47,
-10,-11,
138,-206,
943,-1211,
3000,-3563,
4859,-5078,
5035,-4360,
2324,-1202,
-465,1133,
-1052,917,
-444,-82,
-324,65,
-866,958,
-1263,1186,
-1022,584,
-396,-47,
41,-121,
175,152,
291,421,
353,453,
253,178,
10,-160,
-121,-360,
-36,-326,
10,-290,
-102,-124,
-261,156,
-278,306,
-161,295,
48,181,
218,-26,
255,-113,
139,-99,
-17,-37,
-138,139,
-199,190,
-30,78,
117,51,
44,82,
-180,100,
-304,114,
-286,2,
-174,-102,
-100,-106,
-76,61,
-89,178,
-73,179,
-49,99,
-65,73,
52,25,
175,-76,
121,-140,
-62,-89,
-118,-80,
-126,-69,
-56,76,
-28,-33,
27,-52,
-15,0,
8,53,
-1,65,
-44,92,
20,27,
45,146,
-27,161,
-62,29,
-116,-25,
-83,-3,
27,-43,
20,19,
-83,-30,
-206,3,
-102,116,
-116,96,
43,39,
98,13,
74,6,
63,41,
5,92,
59,134,
52,170,
58,186,
32,198,
6,66,
-12,89,
-73,93,
-54,-5,
16,-7,
37,92,
-13,141,
-51,153,
-29,119,
7,67,
-122,78,
-107,123,
-66,57,
-35,15,
-73,57,
-105,57,
-10,93,
26,156,
29,82,
6,72,
-35,24,
-34,55,
-3,47,
20,84,
-9,58,
-23,3,
3,-47,
21,-29,
2,97,
-24,132,
-66,128,
-155,62,
-53,98,
18,57,
53,106,
-27,46,
-16,108,
14,105,
-102,101,
-72,59,
-31,36,
4,70,
13,34,
-39,-4,
-24,28,
-3,15,
27,23,
-34,47,
-4,34,
21,69,
29,94,
-31,56,
0,14,
-4,49,
-107,45,
-74,22,
-109,26,
9,78,
1,38,
-43,65,
-54,37,
-118,83,
-56,88,
-44,57,
-52,117,
-90,80,
-108,-46,
-148,-98,
-71,-54,
-26,82,
-13,72,
52,8,
30,-35,
-18,-70,
00>
_________________________________
00>
_________________________________
Sequence Number: 80
00>
00>
Printing STS0 CIR
00>
00>
_________________________________
00>
-48,-3,
-67,40,
31,37,
-24,16,
-41,-50,
16,23,
12,49,
15,-13,
-3,-8,
-38,-6,
70,38,
16,36,
-21,-6,
60,13,
41,55,
3,65,
37,-9,
7,-29,
0,-47,
27,-48,
76,1,
61,3,
48,18,
-60,-10,
4,-31,
57,-5,
10,-14,
-49,23,
46,-21,
-26,0,
-13,-97,
45,3,
16,-23,
50,31,
52,57,
47,29,
12,-26,
-8,-69,
7,12,
-38,-3,
42,55,
52,-6,
-22,-20,
-66,43,
-21,82,
-3,8,
17,41,
-8,11,
45,34,
2,-76,
23,-12,
48,85,
32,52,
61,25,
54,6,
16,24,
-42,34,
-2,38,
30,0,
-10,-8,
-23,22,
-11,-17,
2,-43,
-12,-20,
-4,-20,
60,23,
12,24,
-19,22,
-114,20,
-46,-51,
20,-90,
-52,39,
-30,36,
31,50,
20,63,
-12,55,
-77,32,
-37,7,
21,-9,
-84,-11,
-109,38,
-36,21,
30,33,
61,20,
60,-1,
19,-40,
33,-74,
45,96,
-14,78,
1,14,
2,37,
44,14,
55,4,
13,6,
8,47,
-83,30,
1,-27,
48,-15,
0,-4,
-3,10,
-4,31,
-57,35,
39,-50,
89,-33,
42,24,
-81,48,
1,48,
91,5,
78,-11,
32,25,
-16,66,
-35,73,
58,1,
9,36,
-20,60,
5,-15,
83,60,
33,-24,
89,14,
-42,-15,
-2,19,
-32,-15,
-8,3,
35,-10,
28,-17,
115,42,
44,-2,
11,-2,
13,67,
28,-5,
30,47,
-68,8,
-86,-39,
-75,-22,
-33,-41,
23,6,
18,27,
23,34,
18,-15,
-56,-38,
-52,27,
-1,41,
44,26,
18,59,
13,0,
27,51,
9,47,
-68,41,
-86,-16,
-34,-57,
-67,33,
8,42,
-53,44,
-8,57,
21,2,
18,23,
4,47,
17,20,
-44,3,
-54,37,
-24,19,
-19,18,
-48,45,
-47,41,
-16,54,
-22,21,
-56,9,
18,85,
45,59,
-6,-14,
-64,-123,
5,-11,
32,-20,
-41,0,
15,-4,
-69,40,
-20,2,
-9,22,
-27,-32,
-90,-24,
-13,6,
34,-6,
-52,-6,
-74,74,
6,58,
-3,65,
72,-12,
16,-39,
-69,-55,
-26,-107,
36,-13,
16,79,
-12,27,
-46,-4,
-47,20,
16,-12,
20,36,
21,32,
60,23,
-5,-54,
-29,-4,
-12,40,
13,1,
55,-2,
-9,28,
94,30,
-23,17,
16,14,
-46,31,
21,-3,
22,7,
-28,33,
-1,62,
-24,18,
-31,98,
41,66,
21,4,
11,-18,
3,-2,
4,-80,
72,-19,
100,-12,
2,87,
40,11,
43,12,
8,11,
-5,42,
16,53,
51,-18,
-11,-32,
-44,-11,
40,-32,
30,38,
12,51,
-17,101,
-84,44,
-52,22,
-48,-8,
-37,88,
-16,49,
58,-6,
47,16,
28,2,
-26,5,
-62,-11,
-59,-55,
7,-19,
29,20,
49,32,
46,29,
-30,-9,
9,-40,
16,-17,
-49,-4,
-21,6,
26,12,
31,14,
11,9,
23,1,
55,-34,
-22,-94,
-53,-4,
-26,-38,
-9,6,
-35,17,
-40,63,
8,74,
70,36,
-10,43,
-31,20,
-52,17,
18,0,
-7,-13,
16,-45,
-25,-3,
22,-22,
-13,-7,
69,-32,
27,55,
-14,-14,
13,18,
-38,1,
16,-41,
65,-12,
66,6,
103,-34,
88,-21,
-52,22,
-24,-21,
15,8,
-28,61,
-41,10,
2,-5,
14,11,
5,70,
-8,40,
-62,-33,
20,-39,
68,-28,
36,-6,
-27,2,
10,-28,
33,22,
-44,-8,
4,-23,
24,-2,
-32,18,
-56,-5,
-60,23,
-45,21,
-41,66,
62,9,
1,47,
-47,73,
-11,38,
-12,-5,
-50,-9,
-66,-14,
12,22,
73,2,
19,48,
17,48,
-12,48,
8,94,
63,7,
60,16,
30,0,
-8,3,
34,-55,
-1,-62,
14,-23,
-23,-33,
33,-83,
40,-56,
55,-30,
-13,-50,
-43,-63,
-17,55,
-7,15,
6,27,
21,-83,
-45,-93,
-32,-33,
34,10,
20,71,
-43,-18,
-52,-11,
-86,44,
-108,133,
-53,43,
-40,-11,
-16,25,
-1,37,
-17,71,
-413,414,
-2903,1781,
-6604,3316,
-7444,2727,
-5023,336,
231,-1691,
2113,-1888,
1474,-526,
2206,794,
4225,2571,
3882,4452,
1026,4689,
-1102,2430,
-804,234,
-47,-431,
51,-163,
-533,-64,
-841,-193,
-408,-407,
-34,-265,
216,-108,
17,109,
-148,169,
62,81,
223,39,
178,1,
87,12,
-31,140,
-321,258,
-442,250,
-374,136,
-73,87,
22,-33,
42,-142,
-92,-123,
-62,-86,
-126,-124,
-55,-191,
90,-109,
16,76,
25,259,
102,217,
271,83,
309,6,
236,15,
136,134,
-5,149,
-38,43,
-110,33,
53,133,
134,144,
159,34,
97,-54,
110,-8,
134,-8,
192,-51,
238,-100,
326,-72,
284,-17,
127,15,
149,-70,
151,-59,
155,-13,
80,-15,
73,-26,
108,-120,
50,-121,
-8,-120,
175,-77,
182,-17,
232,-70,
87,-26,
-143,-45,
-131,-66,
-83,-40,
-137,-225,
-5,-367,
5,-420,
5,-417,
-8,-278,
-58,-141,
156,-44,
126,106,
69,24,
11,44,
-56,-33,
-81,17,
-1,5,
87,-12,
64,43,
59,23,
-57,-76,
-3,-143,
-21,-53,
22,-66,
87,-22,
107,-39,
53,-66,
2,-24,
-57,-15,
89,32,
133,49,
91,-37,
42,-41,
-38,-48,
-56,-11,
18,-43,
11,-58,
58,-20,
91,-29,
43,55,
-17,73,
1,24,
72,-12,
111,-9,
49,-74,
7,-123,
8,-93,
34,-62,
5,-67,
25,-35,
115,-39,
83,-41,
97,-41,
51,-49,
4,-50,
30,-11,
54,-28,
-53,33,
0,-84,
3,-60,
1,-82,
79,-20,
45,28,
52,-3,
14,-106,
45,6,
67,49,
-25,31,
12,-124,
25,-130,
73,-48,
9,-17,
6,-2,
46,-30,
90,-120,
50,-23,
-8,35,
41,-23,
13,23,
4,43,
-2,-51,
-32,-85,
14,-38,
25,-55,
23,-80,
35,-60,
63,-54,
00>
_________________________________
00>
00>
Printing STS1 CIR
00>
00>
_________________________________
00>
-56,13,
-1,92,
31,89,
51,8,
-28,24,
-75,-17,
-17,50,
22,4,
64,-23,
45,-6,
32,40,
-67,71,
-25,24,
45,86,
-9,11,
31,-3,
17,-13,
24,-46,
42,44,
-41,14,
-54,-38,
2,-50,
17,47,
-39,17,
-34,-48,
-24,4,
38,51,
10,25,
-96,78,
-22,-1,
42,10,
55,-32,
-29,28,
3,68,
36,19,
-7,-30,
48,12,
44,5,
91,29,
40,87,
-13,-7,
-10,-12,
12,-20,
-40,-16,
-45,-25,
-23,-5,
25,27,
-9,36,
-19,23,
-53,0,
65,13,
42,44,
-16,-9,
52,28,
116,18,
61,-26,
-1,19,
-23,3,
-42,20,
-33,41,
12,-22,
-16,-82,
28,-10,
35,-30,
-2,-24,
-5,48,
-5,76,
-48,21,
-13,-50,
6,-65,
19,-33,
13,32,
28,36,
-13,-13,
-15,-112,
-37,-82,
1,0,
3,68,
23,44,
22,-4,
14,14,
51,9,
34,21,
49,27,
5,-12,
26,-38,
-55,-16,
-30,-18,
-23,9,
-37,34,
6,43,
-36,73,
-18,44,
-9,-2,
40,-34,
61,-61,
-4,-24,
-49,58,
-53,72,
18,34,
13,3,
-33,6,
-12,63,
56,70,
19,-9,
63,-5,
60,-34,
54,4,
-12,26,
-15,66,
-58,-6,
-33,101,
69,-8,
-2,-23,
-33,-58,
53,-17,
24,-4,
-23,-11,
-54,55,
-19,14,
65,3,
-25,-18,
-29,-41,
-50,35,
22,57,
22,-23,
-4,-15,
-11,-35,
10,19,
29,50,
-1,23,
-29,-5,
40,9,
42,-20,
-13,91,
-5,-25,
-21,-43,
-37,-14,
-6,-44,
-76,-84,
-28,-47,
-3,11,
-28,33,
-12,-17,
-23,4,
-10,23,
-14,4,
15,27,
58,56,
41,62,
12,30,
-24,20,
-100,38,
-55,64,
4,48,
12,4,
42,-47,
-19,35,
0,39,
8,-24,
9,-29,
28,38,
12,94,
-50,44,
17,11,
-48,-58,
15,-37,
-25,4,
-24,73,
-66,14,
-47,31,
28,8,
9,-1,
-6,-75,
-38,-41,
-10,29,
59,61,
42,-8,
-23,-31,
38,-58,
-38,-22,
5,38,
-17,35,
-4,-2,
44,-12,
18,-17,
57,-19,
-14,71,
-28,72,
17,64,
-15,18,
-29,23,
61,30,
7,-26,
-19,19,
-16,53,
32,30,
-3,-37,
-23,24,
-12,-49,
16,0,
-38,-12,
-10,7,
2,5,
26,38,
-20,38,
3,-2,
-19,-17,
41,10,
-19,12,
3,13,
53,4,
-13,15,
35,38,
17,-11,
30,-17,
-11,9,
14,9,
37,13,
10,-37,
77,-18,
78,62,
-12,19,
-15,25,
-24,40,
-22,8,
9,19,
66,-58,
99,8,
40,13,
-7,65,
-49,30,
-38,12,
13,65,
12,33,
-53,21,
-31,-32,
-22,29,
5,-41,
-22,15,
-55,-28,
-5,-45,
-3,-7,
11,-24,
-44,9,
26,61,
-7,16,
-58,2,
-58,-56,
12,-36,
22,51,
-33,-44,
-1,-38,
2,7,
-60,-14,
-72,-5,
-20,-3,
21,59,
-26,24,
-10,-79,
-56,-44,
4,-17,
34,27,
12,1,
33,7,
27,35,
-35,52,
-25,49,
-86,25,
-73,-11,
-23,-72,
13,-59,
1,25,
-8,8,
5,21,
33,-106,
71,-14,
-20,-23,
-18,-4,
62,-8,
0,20,
-60,17,
-43,-11,
-85,-42,
-45,-21,
-12,48,
-21,-7,
-25,1,
-41,-41,
-38,-4,
54,-32,
62,-24,
43,-9,
29,5,
2,44,
-7,0,
-18,-44,
44,3,
-39,-24,
-110,29,
-126,6,
40,53,
12,18,
-17,16,
-34,35,
2,38,
63,22,
8,29,
-32,-12,
18,-15,
42,35,
17,-14,
29,-108,
10,-84,
11,-7,
24,-24,
79,39,
-29,1,
11,-4,
-3,38,
11,35,
52,5,
84,10,
27,-21,
-36,15,
-59,-11,
-63,12,
3,34,
-10,-19,
-16,-94,
-58,-80,
49,-25,
70,-5,
-5,41,
3,-71,
43,-102,
51,-15,
16,65,
18,31,
29,-20,
33,46,
76,53,
-34,68,
-12,-36,
30,1,
44,-23,
47,-51,
33,-40,
61,0,
-20,64,
-53,64,
1,73,
-20,34,
-20,78,
79,1090,
-189,4844,
-1279,7766,
-2083,7746,
-2002,3501,
-744,-2341,
-251,-3074,
-240,-351,
-713,1380,
-1900,953,
-2858,-334,
-2323,-1187,
-951,-912,
0,-148,
109,240,
221,269,
603,306,
1013,415,
766,164,
190,-39,
-81,-458,
-130,-136,
-23,149,
130,3,
282,-265,
329,-255,
275,16,
183,60,
282,-9,
330,-105,
373,-194,
183,-174,
175,-187,
193,-185,
90,-45,
-12,-33,
-106,-44,
-23,-77,
27,-295,
144,-382,
174,-401,
-73,-413,
-233,-396,
-41,-334,
96,-201,
112,-160,
60,-180,
133,-124,
150,4,
162,53,
102,78,
74,73,
108,-19,
-52,-88,
-38,-155,
-34,-248,
-39,-213,
22,-122,
35,-40,
-84,-89,
-100,-123,
4,-184,
91,-240,
211,-247,
274,-236,
320,-184,
180,-18,
54,-18,
56,96,
191,30,
249,39,
133,100,
-54,-2,
-87,-134,
-118,-264,
-83,-400,
-87,-397,
-35,-364,
49,-247,
70,-113,
61,-7,
24,-21,
13,5,
-49,18,
-11,-78,
26,-90,
60,-22,
71,117,
-7,93,
-33,2,
-58,-28,
-24,-17,
-26,-90,
23,-114,
27,-53,
38,-82,
29,-87,
-4,-54,
-5,-49,
85,6,
87,-47,
80,-15,
-5,-29,
-113,-53,
-63,4,
1,-12,
-13,23,
-23,87,
41,-44,
65,26,
68,-20,
142,-67,
163,-35,
170,15,
137,45,
63,28,
58,-30,
50,-124,
28,-113,
11,14,
20,19,
56,-18,
122,92,
37,47,
-6,-30,
-13,-84,
16,-116,
20,-5,
3,-40,
-21,-80,
-59,-56,
-35,-14,
49,-27,
39,-6,
-53,-44,
23,-16,
-5,15,
33,-39,
-37,-60,
-82,-29,
-66,-3,
21,-25,
-16,-63,
-31,-96,
31,-23,
49,-34,
31,-9,
-5,-48,
65,18,
22,-24,
14,-73,
34,-68,
57,-20,
5,-28,
-10,-65,
49,-42,
40,-74,
19,-13,
00>
_________________________________
00>
RX Timestamp: 743065996490
00>
Clock Offset: 2198.124 Hz, -0.275 ppm
00>
RX Timestamp: 744136365054
00>
Clock Offset: 1904.297 Hz, -0.238 ppm
00>
_________________________________
Sequence Number: 214
00>
00>
Printing STS0 CIR
00>
00>
_________________________________
00>
3,-28,
2,1,
-43,33,
-5,90,
3,21,
9,11,
45,-2,
30,12,
-1,7,
17,-26,
37,-77,
54,0,
45,5,
60,73,
-17,16,
10,-38,
12,6,
27,45,
-2,20,
2,28,
49,-36,
10,-5,
0,-10,
34,4,
69,-17,
-19,-26,
-39,-25,
23,30,
42,69,
70,58,
-4,50,
2,-8,
-11,0,
35,-9,
-13,-20,
-2,-10,
17,16,
19,28,
-36,11,
14,69,
70,-55,
-11,16,
7,-25,
-5,-16,
-10,1,
6,-39,
49,-38,
-5,5,
7,-5,
-40,-31,
-25,47,
-15,-30,
49,-85,
90,-84,
0,41,
-49,62,
4,114,
46,30,
-53,11,
-38,10,
-26,22,
29,-51,
33,1,
4,48,
-54,-1,
-43,-14,
-5,-23,
46,-68,
42,-38,
8,-20,
67,45,
41,39,
24,-3,
-9,-24,
-74,6,
-31,-53,
-34,-48,
-3,-69,
14,-34,
29,-6,
7,-28,
-40,8,
-82,18,
5,11,
22,-1,
29,19,
20,-49,
28,-74,
-6,32,
36,34,
20,52,
61,31,
37,-19,
39,-18,
25,-30,
-44,0,
-16,44,
1,0,
-9,13,
45,-52,
74,-72,
145,-98,
111,-33,
37,70,
-48,32,
0,24,
-104,29,
-157,-34,
-119,-82,
56,-109,
16,12,
24,47,
-64,-3,
-38,23,
-4,15,
24,22,
6,31,
4,3,
-32,-9,
69,-41,
-7,12,
66,13,
5,98,
0,26,
21,1,
41,4,
-15,26,
-39,-10,
2,-19,
-6,24,
54,29,
36,36,
60,-48,
33,-19,
67,28,
4,49,
1,47,
-44,-1,
-77,-42,
-55,-67,
-39,-47,
32,-62,
41,-35,
65,-12,
47,49,
13,25,
-8,19,
1,13,
-25,66,
-12,54,
5,-2,
6,4,
-24,3,
-3,-4,
-32,20,
51,22,
124,26,
38,72,
6,5,
20,-30,
18,-45,
25,0,
-12,33,
-92,44,
-84,102,
-90,103,
-3,70,
-34,9,
-56,-43,
16,-30,
126,-7,
105,30,
67,38,
-1,-2,
-66,15,
-15,29,
-9,7,
69,36,
-24,-7,
-16,-41,
-25,-18,
15,-23,
62,31,
50,31,
3,36,
50,2,
-8,26,
-55,12,
-77,13,
-51,-25,
8,36,
70,-15,
18,15,
-10,11,
35,44,
-27,47,
-21,18,
-17,42,
-9,-42,
-54,-7,
-48,-12,
18,31,
93,-31,
87,93,
2,9,
-48,-28,
-17,31,
89,14,
56,13,
-6,13,
-22,7,
-8,20,
8,-18,
-27,-20,
15,-115,
-6,-48,
17,7,
17,1,
-51,59,
46,-26,
52,-10,
9,-38,
43,5,
-3,7,
12,-9,
2,18,
15,15,
-8,33,
25,-11,
-1,47,
-9,13,
43,35,
-31,-17,
-31,6,
68,-16,
-14,14,
19,12,
-10,-1,
78,27,
30,18,
39,22,
1,-27,
-3,2,
13,2,
16,0,
59,-37,
49,-103,
-22,25,
9,7,
-37,-52,
-61,18,
-18,25,
-14,3,
55,-53,
20,-35,
21,-17,
5,39,
16,33,
1,15,
-9,-46,
-31,-6,
45,-31,
-3,47,
14,6,
-8,6,
-22,0,
-1,7,
-21,56,
32,40,
8,6,
-71,-52,
2,-6,
-34,-12,
-53,-10,
3,26,
-29,52,
-25,17,
3,-23,
-8,-22,
44,-55,
39,-35,
38,12,
-45,35,
13,-28,
18,-24,
52,33,
15,29,
-1,34,
-39,-10,
13,31,
46,38,
-29,-9,
-6,14,
9,4,
69,24,
115,22,
29,-15,
24,-13,
43,78,
28,18,
18,42,
55,60,
-14,38,
39,9,
32,4,
-4,38,
53,88,
-20,-10,
-47,72,
-15,16,
-14,64,
11,-40,
38,7,
17,-31,
32,10,
-19,-37,
-45,-21,
-30,-3,
29,55,
-16,13,
18,-51,
-34,-19,
-52,-33,
-10,-32,
28,-82,
57,-65,
56,8,
36,-13,
-6,6,
-3,23,
-1,-29,
26,25,
-4,24,
25,28,
0,49,
25,-10,
39,14,
-7,24,
39,43,
-62,62,
-46,42,
-34,57,
-77,18,
-64,-38,
41,-41,
62,-12,
47,-26,
19,29,
69,41,
53,45,
-22,10,
12,19,
21,-15,
183,56,
2038,871,
6841,3670,
6855,5272,
5645,6442,
-312,3789,
-4484,-695,
-2754,-1461,
-859,-1484,
-591,-4676,
1426,-7423,
4785,-6180,
5973,-2476,
2275,475,
-180,411,
-502,83,
125,242,
685,895,
-197,897,
-297,416,
-214,145,
-30,-236,
345,-55,
255,-30,
-68,-194,
-144,-360,
-7,-140,
159,44,
440,160,
842,322,
467,280,
258,135,
1,39,
-230,-27,
-184,112,
-119,152,
-111,148,
-10,512,
-53,196,
-10,-64,
88,-173,
216,-408,
36,-204,
-115,-192,
-55,-306,
-26,-194,
20,-82,
39,-16,
71,79,
52,82,
0,-38,
16,-21,
-37,-39,
-138,-66,
-199,-151,
-287,-201,
-302,-265,
-290,-459,
-274,-287,
-143,-293,
-60,-300,
-194,-126,
-165,-152,
-151,-144,
-95,-136,
-282,-99,
-127,54,
-119,160,
-155,84,
-192,-214,
-307,-247,
-187,-99,
13,48,
82,260,
106,158,
21,132,
-214,281,
-487,236,
-391,145,
-343,62,
-229,56,
-157,-20,
-66,-69,
2,-17,
-10,-16,
-34,76,
-50,111,
-103,-28,
-117,-101,
-124,-173,
-124,-28,
-32,18,
-184,78,
-198,72,
-104,9,
-73,-37,
-56,-16,
-66,-41,
-32,-16,
7,6,
7,-44,
-13,-135,
-23,-72,
-135,-55,
-119,-29,
-134,-11,
-69,59,
-15,68,
-118,85,
-145,-12,
-11,-3,
-23,-51,
2,-95,
-44,-60,
-18,-31,
32,-55,
8,-4,
-127,15,
-234,50,
-231,14,
-131,-30,
-163,-75,
-163,-38,
-110,-141,
-122,-50,
-11,-22,
-68,75,
-47,16,
-11,-21,
-80,-44,
-100,36,
-38,61,
-1,15,
-57,-112,
-66,-51,
-52,-11,
-53,13,
-103,-2,
-114,-16,
-48,-16,
-51,22,
-97,70,
-46,21,
-41,5,
-13,19,
-78,-42,
-35,-115,
63,-85,
65,-85,
95,31,
-61,127,
-206,39,
-121,-33,
-139,29,
-149,26,
-140,-52,
-53,-8,
-108,36,
-57,11,
00>
_________________________________
00>
00>
Printing STS1 CIR
00>
00>
_________________________________
00>
28,-4,
-4,29,
4,19,
-18,94,
31,159,
7,145,
43,-12,
8,-28,
-7,-50,
-4,8,
-15,56,
-57,52,
-76,35,
-27,-10,
-23,20,
18,11,
10,45,
-29,54,
7,44,
41,35,
29,77,
-11,101,
-38,-5,
-45,39,
6,0,
-25,46,
-26,22,
8,24,
46,32,
-3,94,
-16,27,
-6,10,
10,-2,
-24,1,
-70,46,
6,75,
25,63,
1,77,
29,57,
-17,56,
-3,-6,
9,50,
31,55,
-54,-58,
-93,39,
-81,5,
-43,14,
-54,-3,
-38,16,
9,30,
24,78,
56,21,
32,8,
26,-45,
6,15,
-24,44,
9,27,
9,43,
89,8,
42,-55,
37,-35,
-37,1,
14,-18,
19,-17,
-2,8,
26,37,
61,21,
6,-3,
0,-32,
-22,-23,
-8,-27,
-116,52,
-38,50,
-22,23,
-14,20,
-59,77,
27,61,
10,18,
-8,16,
19,46,
-21,-5,
1,-26,
1,21,
6,39,
-64,86,
-77,62,
-37,41,
3,26,
77,40,
-19,82,
-19,82,
-62,52,
-45,92,
-24,83,
-8,48,
27,25,
35,3,
-18,24,
-44,14,
-6,29,
-8,13,
-36,-7,
11,30,
27,11,
60,-21,
-10,42,
-19,12,
-60,-5,
-56,35,
-8,-8,
-1,2,
0,-18,
0,-7,
2,-45,
-34,-20,
4,6,
-2,22,
2,47,
-9,99,
-40,-24,
-13,34,
9,22,
36,5,
-17,-26,
-11,-46,
-15,42,
-12,22,
58,-7,
46,-27,
2,18,
40,-34,
2,30,
-5,44,
21,49,
-70,4,
10,-33,
-9,17,
57,4,
7,9,
2,34,
-27,21,
-35,39,
2,16,
-32,10,
10,0,
-6,10,
-28,-18,
-14,5,
8,7,
36,-27,
37,13,
-2,39,
-44,70,
-44,24,
-35,39,
23,45,
103,37,
55,37,
20,59,
6,2,
-24,50,
3,45,
-35,30,
-7,31,
43,44,
56,56,
-21,6,
-48,7,
46,6,
-5,37,
-8,93,
22,60,
-34,56,
-66,67,
-16,33,
6,-22,
25,2,
20,46,
-13,26,
15,1,
46,-46,
34,-16,
14,19,
31,77,
19,57,
16,29,
33,-27,
37,79,
73,99,
63,18,
18,-23,
-53,-49,
-11,3,
-28,26,
-26,66,
-6,-3,
-1,14,
0,-65,
-26,-59,
11,-9,
-30,7,
-22,-5,
-14,42,
13,0,
7,-11,
73,-26,
21,-20,
-44,-23,
-36,8,
11,25,
58,-57,
17,-38,
37,-64,
31,-83,
-11,-47,
41,34,
16,21,
-13,29,
17,20,
20,-10,
46,49,
46,77,
28,27,
18,-8,
7,-15,
45,3,
54,-26,
-4,16,
31,103,
38,76,
-16,38,
-56,74,
-30,39,
46,33,
54,44,
34,21,
-53,20,
-19,65,
25,35,
10,21,
6,-1,
47,68,
55,39,
18,4,
17,-31,
38,-13,
76,15,
51,70,
11,44,
-9,-14,
87,1,
55,45,
34,21,
37,-16,
-17,47,
10,-9,
-6,-26,
21,35,
-8,-19,
21,-47,
-3,-56,
18,-66,
42,-33,
15,-20,
-59,36,
-45,-26,
-2,-10,
77,13,
33,26,
-9,19,
-5,6,
16,-1,
15,6,
23,31,
-30,86,
60,56,
-3,31,
-42,117,
-39,51,
2,-41,
10,-62,
-13,28,
-67,66,
-35,67,
13,114,
16,2,
7,-15,
-42,2,
-21,59,
-3,17,
101,54,
7,-2,
48,-18,
-1,25,
33,23,
-28,66,
10,23,
-13,-6,
-17,31,
4,-27,
32,-26,
8,61,
-24,42,
-41,-20,
10,-2,
22,6,
1,40,
-5,17,
-15,-1,
-39,53,
5,39,
19,37,
14,28,
-6,5,
-1,65,
-54,62,
-32,11,
-5,-14,
-19,18,
-1,5,
-8,-22,
0,8,
-22,65,
26,92,
11,122,
8,129,
4,36,
58,17,
35,-9,
4,10,
2,10,
-49,100,
-41,71,
-17,-4,
-5,-3,
-20,35,
3,14,
17,-15,
1,-12,
14,14,
-5,22,
0,47,
4,59,
1,66,
-5,26,
-25,-47,
-71,-29,
-16,-56,
-47,34,
-49,-24,
-17,-4,
9,-28,
16,10,
219,-206,
2551,-1317,
7719,-1471,
8049,-361,
8025,1166,
1662,2018,
-3738,1956,
-2339,559,
329,113,
1821,1281,
1339,3946,
-340,4936,
-1045,2774,
-530,551,
36,-187,
200,-220,
115,-428,
368,-1431,
-74,-1270,
-52,-397,
-135,199,
-364,280,
69,-68,
140,-194,
-175,-164,
-652,-396,
-397,-381,
-40,-235,
99,-211,
-59,-225,
-181,-317,
-220,-346,
-229,-230,
-240,-135,
-102,-141,
20,-49,
10,25,
-84,-50,
-243,-247,
-565,-172,
-354,11,
-645,231,
-526,457,
-400,313,
-244,1,
-133,-93,
-103,-39,
-131,1,
-134,-10,
-33,-216,
-11,-238,
-54,-124,
-60,30,
-88,118,
-243,131,
-280,5,
-216,1,
-375,6,
-208,73,
-53,202,
19,226,
-12,121,
-159,78,
-217,-61,
-186,-195,
-362,-342,
-121,-218,
-14,-16,
1,22,
-35,-146,
6,-335,
-60,-285,
12,-64,
-100,40,
-246,90,
-357,19,
-315,187,
-226,128,
-258,90,
-217,24,
-150,20,
-103,75,
0,73,
3,71,
-37,117,
-153,7,
-222,-42,
-83,-88,
49,-72,
107,-64,
20,29,
-3,101,
-78,106,
-48,25,
-9,31,
-12,10,
0,80,
-89,120,
-11,17,
-38,-8,
-25,-23,
-68,-73,
-2,82,
17,59,
-14,82,
39,35,
-10,36,
-63,-103,
-37,-118,
-30,-44,
-45,-85,
-61,-38,
-48,-77,
-71,-81,
-27,-120,
-32,-77,
-13,-73,
-85,-81,
-158,-71,
-112,-113,
-20,-42,
-18,-86,
-28,-38,
-60,-47,
-54,-72,
-35,8,
-40,-6,
-57,2,
-83,-38,
-41,-17,
-20,9,
52,52,
26,-17,
-53,-117,
-18,-103,
-43,15,
-19,55,
-65,10,
-86,-140,
-57,-57,
33,-28,
-47,11,
-51,32,
-50,41,
-35,34,
-96,19,
-2,-23,
30,2,
32,-66,
-58,-18,
-121,30,
-125,34,
-22,-7,
-55,7,
-103,75,
-142,114,
-74,20,
-25,-16,
-39,-11,
00>
_________________________________
00>
_________________________________
Sequence Number: 217
00>
00>
Printing STS0 CIR
00>
00>
_________________________________
00>
10,-72,
9,-46,
16,39,
-32,-19,
-2,-37,
18,-43,
3,26,
10,-21,
-24,25,
-4,17,
-18,-13,
20,15,
37,10,
54,16,
-17,29,
31,-31,
61,5,
4,15,
13,22,
-6,8,
33,-16,
21,-10,
-25,-49,
40,-34,
32,9,
23,16,
39,35,
87,-59,
82,-22,
4,33,
31,30,
-56,-26,
-57,-80,
-50,-65,
-29,-58,
-33,-55,
16,43,
-12,0,
-14,-20,
-46,17,
-13,32,
-32,99,
-52,71,
-40,-27,
-16,-56,
-21,19,
33,-13,
67,20,
35,-21,
-16,61,
-2,20,
28,-39,
25,21,
98,4,
24,17,
-62,22,
-32,14,
-4,15,
22,54,
-15,-34,
28,-5,
75,-19,
-11,-20,
-37,-36,
44,-44,
36,-56,
-10,-13,
7,-1,
42,-46,
52,-6,
36,-3,
30,-6,
25,-39,
37,-19,
-19,-54,
-39,-10,
-42,-3,
-29,42,
39,-2,
17,-33,
-32,-39,
15,5,
-32,49,
-74,33,
-54,-4,
-20,-44,
-21,-86,
-34,-12,
-17,78,
-7,18,
-80,-50,
-86,-95,
-48,-14,
40,22,
-6,27,
61,-7,
-3,-33,
-30,-44,
-40,-17,
-48,2,
-6,22,
75,-53,
86,-18,
16,-85,
30,-40,
78,-52,
79,-94,
19,-41,
47,-37,
20,-11,
30,-42,
39,-23,
-29,0,
-40,-81,
-45,-26,
-31,-16,
15,15,
66,-1,
57,0,
22,-32,
-5,-97,
-27,-38,
-49,-37,
-28,-69,
-8,60,
-47,45,
-53,27,
-4,-4,
-25,14,
-56,-17,
-72,-14,
-34,-20,
30,5,
18,7,
-54,14,
-25,54,
25,-20,
-19,34,
-34,33,
-13,-30,
8,-33,
-2,-64,
-17,10,
-9,-39,
19,4,
77,60,
46,48,
27,51,
-22,34,
-14,22,
33,-18,
-29,-42,
-20,-4,
-1,-21,
-53,11,
24,-30,
-28,6,
-35,-39,
-27,-27,
-36,-43,
-23,-8,
-7,8,
10,53,
6,37,
-5,-16,
82,20,
43,22,
0,21,
23,60,
-14,33,
-39,34,
60,4,
27,-66,
17,-63,
-34,33,
-30,49,
14,-13,
0,12,
-16,-42,
-34,35,
-42,-5,
49,7,
37,-7,
13,34,
9,-10,
-7,16,
26,1,
-44,-10,
-3,63,
-48,5,
-13,7,
-16,4,
-3,-25,
-31,7,
-38,23,
0,20,
-12,-49,
-15,16,
-43,-13,
5,-27,
-3,-54,
8,11,
-13,41,
-11,61,
32,33,
7,-37,
11,-84,
-42,-101,
-4,57,
63,-34,
67,-47,
25,28,
0,42,
-32,27,
-42,-8,
-40,50,
-11,26,
3,2,
16,42,
-2,56,
-24,-27,
0,-39,
26,1,
-10,16,
-19,-33,
-1,-35,
-37,7,
19,-34,
18,-17,
3,26,
-21,32,
-5,56,
-27,94,
5,68,
-61,0,
17,130,
13,88,
20,-37,
-15,-1,
-33,2,
-89,30,
2,15,
32,-71,
2,-44,
35,8,
-6,-34,
-34,-26,
-10,-62,
11,-55,
24,-41,
-15,-43,
59,-44,
-18,11,
2,23,
-3,50,
-18,22,
-18,62,
-22,-19,
-24,-5,
-17,-21,
10,32,
14,10,
29,55,
44,-6,
-30,-11,
-3,35,
-88,0,
-85,50,
30,-9,
32,12,
-4,-4,
-24,-9,
-64,26,
-77,0,
17,14,
57,-16,
7,-9,
-40,28,
-12,16,
2,64,
-1,-21,
-21,49,
-55,55,
-52,66,
-10,-1,
23,-47,
49,-2,
4,45,
-44,17,
7,43,
22,0,
18,27,
30,30,
3,9,
1,-18,
-9,-42,
15,-41,
-32,48,
-58,78,
-11,81,
59,57,
16,38,
8,-4,
-3,-15,
60,51,
41,33,
-38,9,
-16,46,
13,25,
13,27,
-48,-6,
-18,-23,
-27,-49,
8,-43,
25,-42,
127,11,
103,-7,
47,-17,
-27,-2,
-60,-46,
14,-28,
132,9,
20,-20,
-17,-7,
33,-16,
-3,7,
7,-11,
-37,-28,
53,-89,
50,-141,
81,-47,
51,-20,
51,37,
-6,43,
-37,38,
-32,-68,
45,-94,
33,30,
-5,-5,
24,-21,
0,-15,
54,-24,
12,15,
42,34,
-33,-32,
-17,-36,
49,-41,
-8,-100,
33,-97,
47,-10,
6,-15,
-9,7,
28,37,
58,-10,
21,-49,
46,16,
46,-7,
66,12,
690,134,
3482,753,
7346,1905,
7605,2983,
5952,4215,
67,2812,
-2382,817,
-713,-343,
1404,-830,
2874,-809,
3234,55,
2369,957,
823,883,
-117,315,
-255,-101,
-368,-192,
-773,-222,
-1187,-485,
-335,-196,
-50,-55,
100,-156,
124,-418,
20,-457,
-267,-261,
-363,-61,
-419,170,
-112,144,
12,-48,
-182,-146,
-330,-156,
-345,6,
-243,105,
-168,104,
-97,40,
-16,-65,
16,-48,
-59,49,
-155,141,
-436,131,
-411,-1,
-426,-24,
-226,5,
-14,-73,
-132,-55,
-213,-81,
-328,-63,
-306,-13,
-239,30,
-100,17,
-11,2,
42,-4,
30,-50,
-6,-46,
-79,-129,
-70,-134,
-59,-76,
-5,16,
-50,-55,
10,-35,
-8,8,
-46,-28,
-124,-48,
-194,-82,
-171,-108,
24,-150,
38,-78,
-56,-94,
7,-127,
-35,-163,
-193,-161,
-163,-6,
-117,-5,
-93,26,
-10,-101,
76,-187,
-6,-223,
12,-91,
30,40,
-34,74,
-100,47,
-142,-79,
-219,-146,
-62,-52,
-50,77,
-55,7,
-8,-162,
22,-184,
61,-94,
-19,-20,
-125,-4,
-104,-38,
0,-3,
1,16,
3,41,
-73,-30,
-70,-69,
-61,-32,
-45,-40,
29,19,
3,34,
-84,8,
-196,-30,
-96,-64,
18,1,
-19,-30,
-57,-40,
-61,-40,
-67,-72,
-75,-26,
-105,15,
-102,-71,
-28,-95,
-63,-84,
-30,-90,
-32,-11,
-32,17,
-78,11,
-150,34,
-70,23,
-49,30,
-92,-20,
-100,-81,
-148,-51,
-140,36,
-105,-34,
-28,-64,
-14,-48,
-16,-53,
-18,-8,
-37,-73,
34,-92,
-19,-7,
-23,-6,
-70,-64,
-63,-56,
-11,-63,
-32,-40,
-38,-78,
-152,-58,
-107,-76,
-54,-52,
-29,-85,
-72,-135,
-47,-63,
-24,-12,
-61,-23,
-35,-10,
-3,-24,
-117,-32,
-7,-65,
-14,-30,
-43,5,
-62,53,
-128,25,
00>
_________________________________
00>
00>
Printing STS1 CIR
00>
00>
_________________________________
00>
-15,2,
-84,67,
-13,113,
12,59,
13,6,
0,-37,
20,-15,
45,27,
33,81,
0,84,
3,152,
9,57,
8,-10,
5,27,
35,-50,
24,-7,
68,9,
37,-50,
5,-50,
-7,-36,
25,-25,
0,-16,
-14,71,
-22,71,
-27,-35,
1,-26,
-8,-63,
-56,72,
-19,-19,
-8,-26,
59,-14,
-4,-47,
17,-65,
30,-10,
10,-5,
44,-22,
15,-25,
4,-51,
-18,42,
5,62,
-5,-6,
-31,-15,
-51,-105,
-3,16,
-55,66,
-52,91,
30,27,
12,-15,
-11,-5,
6,94,
1,41,
58,-12,
-1,-33,
8,16,
69,-9,
19,-31,
50,-2,
62,32,
84,83,
-18,36,
19,68,
47,53,
64,5,
15,1,
10,-38,
22,-32,
47,-39,
61,-11,
32,8,
-12,45,
-23,-4,
-17,-26,
23,19,
39,45,
43,62,
-15,10,
21,-87,
-1,-59,
-37,-2,
-20,-15,
-25,14,
-11,103,
-37,24,
50,-17,
-9,-34,
-76,-4,
-67,42,
-37,73,
-1,68,
-26,36,
-15,12,
-34,-18,
10,-45,
-32,-29,
-22,49,
5,18,
-12,-11,
22,13,
20,-11,
21,-40,
-1,-40,
12,-1,
10,-9,
-36,48,
36,39,
36,51,
-24,-29,
-56,-6,
-7,65,
-17,104,
79,23,
36,45,
35,11,
-16,20,
15,13,
-24,10,
-7,-16,
20,-36,
-23,9,
-23,39,
9,38,
21,2,
71,-14,
-23,12,
58,4,
37,44,
42,12,
37,3,
28,-57,
-21,-40,
15,27,
4,14,
13,-22,
-8,-6,
4,42,
25,109,
37,24,
16,-11,
-52,-27,
-19,-61,
14,-1,
54,-2,
4,19,
5,-55,
0,-46,
-12,-57,
-11,21,
2,45,
15,18,
-12,-56,
2,-21,
10,45,
38,24,
19,24,
-11,20,
43,-7,
-3,4,
-5,-2,
-15,38,
17,28,
98,-15,
6,-43,
-5,-33,
11,11,
-22,38,
-20,48,
-38,10,
-26,10,
47,47,
19,60,
77,49,
31,29,
24,-3,
27,5,
22,-28,
22,-2,
-53,13,
-25,15,
-6,-3,
62,-27,
107,33,
27,-18,
-33,-34,
75,-6,
45,14,
30,9,
9,51,
43,15,
-4,-2,
5,-4,
33,34,
-15,71,
2,1,
-10,-26,
-18,-26,
-19,-18,
25,13,
77,-14,
45,-8,
-19,27,
33,-11,
38,20,
44,-25,
33,-4,
31,-31,
29,16,
-6,22,
33,-17,
11,26,
1,-8,
3,8,
45,-28,
20,-18,
40,26,
-7,98,
53,14,
-2,-16,
8,-26,
56,-83,
22,-26,
-44,68,
-39,20,
1,-39,
16,-35,
28,16,
0,41,
35,23,
39,14,
6,78,
-37,18,
-1,4,
54,49,
26,57,
53,103,
-13,38,
50,5,
-15,31,
11,51,
-23,46,
9,-24,
16,-12,
42,-17,
33,-46,
6,-46,
23,-48,
-9,-12,
-34,-11,
6,46,
37,26,
36,-23,
44,-28,
47,44,
-72,114,
-45,45,
24,-41,
4,-42,
-5,-12,
-34,-9,
-63,9,
2,-12,
-16,-31,
21,2,
87,19,
-12,-4,
25,86,
36,33,
41,2,
-19,-20,
-33,-62,
30,-3,
27,19,
1,-5,
-22,10,
-32,-35,
-91,-54,
-85,5,
-32,-3,
-37,17,
-11,19,
24,1,
-14,-55,
-35,-10,
-27,-1,
-39,72,
17,55,
11,-3,
21,7,
40,27,
16,-26,
-13,41,
-32,83,
-5,28,
6,-13,
36,10,
35,-24,
0,-19,
25,25,
6,56,
-8,12,
-9,-46,
21,16,
43,12,
91,2,
55,-29,
5,-55,
-64,-34,
-60,-44,
13,-25,
79,-21,
20,20,
26,15,
19,3,
-4,37,
32,67,
27,70,
-25,36,
1,-35,
37,-27,
50,-22,
-1,7,
14,-54,
11,3,
-66,4,
10,40,
-8,21,
4,93,
-4,-27,
-12,-34,
32,-21,
5,-5,
1,48,
18,-43,
16,-4,
26,10,
-37,21,
-20,-17,
-11,-47,
-12,51,
-13,10,
-35,14,
14,-27,
20,-2,
39,38,
-23,27,
-17,11,
21,-13,
-27,-68,
20,-69,
0,74,
2,69,
7,20,
-5,21,
41,22,
78,-3,
18,-7,
27,-6,
40,-29,
87,-43,
698,-470,
3741,-1898,
7450,-2789,
7916,-2194,
7412,-953,
1052,773,
-1937,856,
-1126,-173,
-340,-375,
-1038,370,
-2226,908,
-2114,388,
-968,-300,
-85,-361,
144,149,
157,749,
208,975,
175,767,
113,161,
-5,-148,
104,-414,
243,-381,
114,-395,
-218,-88,
-441,150,
-477,234,
-283,242,
59,128,
217,74,
187,-20,
-8,-1,
-234,32,
-377,140,
-303,6,
-46,-24,
8,-25,
-25,-25,
-198,-16,
-304,-226,
-182,-271,
-78,-170,
-64,-20,
-133,141,
-143,262,
-141,162,
-108,42,
31,20,
114,43,
222,-59,
215,-123,
-22,-212,
-60,-156,
-208,-7,
-124,50,
5,47,
54,52,
-38,-12,
-103,-54,
-133,-6,
-76,63,
-86,105,
-123,140,
-146,28,
-131,-57,
-69,38,
2,-21,
-52,-60,
-31,-135,
-84,-188,
-240,-131,
-255,-19,
-113,34,
-19,45,
53,-10,
119,-12,
70,-6,
-31,66,
-1,157,
-45,203,
-14,202,
-77,77,
-162,33,
-46,38,
-82,22,
-42,59,
-40,20,
-6,48,
-81,39,
-152,17,
-128,31,
-67,83,
-83,16,
-93,44,
-89,51,
-30,36,
-39,-46,
-17,-37,
-118,39,
-17,52,
31,42,
-1,5,
-43,32,
-75,7,
-70,4,
-28,47,
-10,-19,
-65,31,
-46,39,
-17,-16,
-19,4,
-18,32,
-36,56,
-68,48,
-64,19,
-9,-1,
16,1,
-15,54,
-32,39,
-53,52,
-44,30,
-26,7,
-29,-12,
-78,13,
-123,-24,
-4,-2,
16,82,
33,95,
-20,51,
-61,-18,
-20,-37,
-11,14,
-9,-5,
-65,2,
-26,4,
-75,77,
-63,54,
25,40,
37,37,
-40,32,
-106,91,
-77,70,
-62,62,
-59,19,
-42,-60,
-52,1,
-86,-10,
-3,-29,
-37,-119,
-36,-88,
7,-53,
-2,-8,
-22,12,
-40,35,
-20,11,
00>
_________________________________
00>
RX Timestamp: 883333755932
00>
Clock Offset: 1993.561 Hz, -0.250 ppm
00>
RX Timestamp: 884404313920
00>
Clock Offset: 2194.405 Hz, -0.275 ppm
00>
_________________________________
Sequence Number: 95
00>
00>
Printing STS0 CIR
00>
00>
_________________________________
00>
38,21,
-40,23,
-42,50,
-62,-45,
-17,-7,
35,-16,
-30,37,
-22,-11,
-50,-2,
-22,14,
-14,21,
-28,42,
-10,7,
38,37,
49,-19,
-11,30,
-1,12,
-52,37,
7,25,
41,65,
39,52,
21,47,
-1,26,
-52,-19,
-31,21,
-11,-2,
-65,-18,
-49,-28,
17,23,
10,37,
6,-28,
-34,40,
-6,127,
-28,96,
7,50,
29,-6,
-15,35,
-12,32,
24,31,
47,29,
33,-54,
-36,10,
-50,26,
38,-10,
35,-59,
93,-18,
107,16,
24,36,
46,9,
-9,61,
-3,94,
7,52,
19,23,
-35,49,
35,-23,
5,-36,
0,38,
-98,-3,
-78,-10,
-15,-2,
23,59,
-11,-5,
-60,-17,
-10,-3,
9,30,
9,74,
5,66,
-13,66,
18,78,
-20,30,
38,38,
31,-13,
-24,22,
59,-20,
34,46,
28,-16,
25,-22,
36,7,
79,4,
91,11,
42,55,
25,0,
30,17,
-8,85,
-26,50,
8,41,
6,5,
-21,-59,
33,-55,
86,47,
13,81,
-11,66,
-41,-10,
-15,-20,
25,-7,
50,7,
-35,10,
20,51,
-6,24,
-41,-43,
31,-37,
4,20,
16,26,
-26,-20,
-14,67,
-17,36,
-12,15,
51,19,
13,24,
26,78,
-4,43,
7,7,
54,-23,
-1,-3,
-40,-33,
-39,18,
-16,8,
4,-30,
12,-7,
-54,-29,
-97,28,
-22,4,
22,33,
69,-12,
52,0,
47,-13,
-24,12,
-2,15,
-1,51,
10,-35,
6,-68,
46,11,
52,52,
27,-5,
-27,-4,
38,-32,
-2,-39,
16,37,
28,42,
-6,31,
-32,38,
16,-13,
-8,-20,
-12,54,
4,120,
11,66,
10,9,
20,-8,
14,-19,
0,16,
15,24,
-18,48,
8,18,
-30,28,
-70,-61,
-40,-29,
40,-3,
17,4,
1,19,
76,-37,
58,-25,
-11,36,
-21,63,
-38,111,
-22,23,
-32,7,
44,24,
79,49,
-7,79,
-51,-9,
-23,-17,
-24,-1,
13,-23,
37,-20,
-16,17,
22,-78,
14,-68,
-19,-95,
-54,-29,
57,28,
17,31,
-33,-36,
-73,-58,
-27,-19,
-1,3,
51,-70,
18,-16,
-24,1,
33,-16,
67,7,
2,8,
5,-4,
54,-33,
-7,-45,
3,36,
9,71,
-8,64,
0,-3,
23,8,
-21,-10,
-61,24,
-78,42,
-60,23,
6,11,
75,-26,
33,-16,
-11,-31,
50,10,
-7,-41,
-3,-44,
6,-39,
63,-25,
95,-29,
24,-19,
-2,-19,
-77,21,
15,33,
34,46,
-9,100,
-2,39,
-25,18,
-22,11,
37,-9,
-33,-36,
-13,4,
14,27,
33,74,
-4,-17,
-20,10,
28,-55,
-42,-24,
-70,17,
16,53,
37,0,
-37,33,
12,-11,
-49,-21,
-8,-32,
-3,-21,
2,-51,
-52,-122,
-41,-77,
6,-66,
14,-41,
57,26,
10,30,
1,21,
3,81,
-4,14,
8,-31,
-17,20,
-31,24,
-30,62,
24,24,
48,8,
55,-10,
63,-5,
13,-63,
-23,-38,
17,-34,
-1,15,
-32,87,
22,2,
39,-10,
18,-34,
57,-57,
8,-77,
17,7,
-16,-19,
-14,-23,
10,40,
-24,52,
-57,6,
-13,85,
-36,15,
-61,-26,
-37,-19,
-20,1,
21,-12,
45,17,
-10,-21,
19,-48,
20,-19,
38,8,
34,26,
17,56,
8,42,
-5,-9,
-48,-55,
29,-81,
25,-42,
64,-12,
4,48,
44,-31,
-6,-70,
-10,4,
-12,67,
8,47,
-14,-8,
-44,37,
-48,56,
-70,23,
3,2,
-23,60,
-38,40,
0,46,
27,79,
-44,35,
-81,-50,
-6,-44,
65,-22,
-29,-3,
-21,24,
-27,65,
-45,40,
-56,-42,
9,13,
7,-17,
21,29,
35,-10,
8,-8,
-3,-14,
9,-54,
-39,-75,
-14,16,
45,29,
33,16,
26,-55,
12,-38,
48,53,
-41,15,
-30,-38,
7,-39,
2,-2,
-15,0,
13,27,
34,19,
-29,-51,
-30,-95,
34,-19,
17,6,
63,-8,
23,-23,
-71,6,
-85,17,
-51,-34,
-21,17,
11,73,
76,20,
41,5,
206,6,
1553,-413,
5525,-1392,
7689,-1660,
7738,-386,
4546,1817,
-611,2146,
-1483,830,
-107,-632,
1456,-1859,
2566,-1994,
2994,-872,
2113,253,
728,456,
-168,199,
-367,-5,
-579,52,
-979,145,
-824,188,
-109,34,
25,-44,
100,-398,
-9,-510,
-275,-240,
-438,58,
-407,203,
-175,78,
-128,81,
-198,45,
-315,68,
-291,121,
-211,218,
-169,199,
-214,60,
-41,34,
-6,75,
-40,114,
-238,146,
-277,160,
-358,162,
-301,90,
-336,115,
-218,-1,
-95,-59,
-185,-11,
-250,48,
-255,173,
-215,135,
-159,102,
-57,30,
-26,-13,
-40,-30,
12,6,
-61,-33,
-33,-74,
-74,-74,
-56,-63,
-47,-44,
14,-63,
13,5,
-40,114,
-125,107,
-232,20,
-272,-8,
-240,-67,
-97,-72,
-6,-169,
-56,-153,
-46,-187,
-175,-132,
-117,-7,
-73,95,
-56,26,
-200,-25,
-250,-92,
-167,-174,
-105,-143,
-31,9,
46,71,
61,117,
-68,99,
-234,-42,
-138,-28,
-4,5,
-22,75,
-127,6,
-147,-116,
-56,-126,
21,13,
-62,47,
-59,-2,
-81,-74,
-15,36,
-6,26,
-10,23,
-17,12,
-113,-29,
-70,8,
-51,76,
54,31,
-24,26,
-63,55,
-36,74,
-51,53,
-19,68,
13,26,
-44,-31,
-156,20,
-193,31,
-101,17,
-50,9,
69,17,
42,37,
-24,8,
-161,18,
-44,44,
-70,16,
-83,40,
-68,96,
-103,85,
-83,64,
-41,-29,
-119,-19,
-145,34,
-146,37,
-40,50,
-7,12,
-56,31,
-75,60,
-92,-5,
-134,-59,
0,-67,
-14,-94,
-150,15,
-149,13,
-80,42,
-60,26,
-105,43,
-151,20,
-167,-5,
-69,45,
-82,44,
-74,19,
-28,29,
13,28,
-45,61,
-96,2,
-39,11,
-43,-79,
-61,-11,
-38,-62,
14,30,
-11,9,
-43,16,
-147,77,
-76,123,
-82,76,
-126,21,
-139,23,
-44,58,
-38,-9,
-68,-30,
00>
_________________________________
00>
00>
Printing STS1 CIR
00>
00>
_________________________________
00>
12,4,
34,30,
54,29,
-36,24,
-30,22,
-38,-36,
80,33,
78,28,
56,-44,
11,-84,
41,-8,
75,32,
71,57,
42,11,
34,80,
31,39,
43,66,
1,24,
21,57,
50,-5,
28,50,
-3,2,
-50,-17,
-34,-79,
-20,-57,
-31,-27,
-64,-11,
33,60,
7,-9,
23,-2,
27,23,
59,30,
55,-12,
-24,-13,
-57,23,
9,58,
-5,77,
18,3,
-40,22,
8,15,
51,-24,
9,37,
-5,17,
2,29,
-28,-46,
-1,-47,
6,-50,
-6,52,
-16,-12,
7,-1,
53,45,
30,64,
12,65,
-6,7,
-26,3,
20,46,
42,110,
-16,29,
-3,-36,
-17,-13,
7,23,
52,-38,
55,-37,
20,-40,
-45,36,
53,6,
3,-42,
-35,-4,
28,-18,
31,16,
-2,-38,
-16,30,
34,38,
10,78,
2,28,
-76,-2,
34,-45,
43,-53,
29,-38,
-8,-38,
22,12,
31,-18,
65,2,
83,41,
-42,124,
-14,69,
-27,76,
43,35,
-4,-11,
-17,-38,
-12,9,
13,-56,
37,-14,
6,-10,
-43,7,
-48,0,
2,73,
52,38,
26,1,
47,0,
14,74,
-35,78,
42,33,
19,8,
-18,-57,
-30,2,
-32,-14,
-7,13,
23,-19,
-12,52,
10,-21,
37,52,
-14,86,
23,37,
-22,4,
-131,44,
18,-14,
8,-62,
13,0,
-18,33,
14,8,
29,16,
68,27,
57,-55,
77,-64,
10,-44,
-8,-5,
29,54,
-5,-78,
16,-41,
70,5,
54,-24,
15,-42,
-46,20,
-52,13,
-2,57,
4,69,
33,80,
-31,6,
-55,-5,
-11,-20,
34,37,
29,36,
47,19,
-3,2,
3,37,
-1,-2,
-90,2,
15,8,
-17,94,
-3,44,
23,33,
38,-33,
22,5,
22,14,
-21,-15,
-14,-15,
16,-24,
27,0,
56,-5,
-12,-35,
-34,-36,
-23,20,
30,-65,
57,-79,
62,-24,
81,5,
8,-31,
45,-7,
41,6,
9,69,
-37,26,
0,70,
4,58,
31,76,
-63,3,
-14,-19,
38,9,
22,24,
-56,32,
-15,-25,
-10,-23,
14,16,
34,51,
-7,69,
107,-6,
-7,6,
-13,21,
29,11,
2,-5,
34,-10,
51,14,
114,48,
87,30,
-5,-20,
37,21,
-6,-24,
33,-49,
89,35,
43,73,
3,75,
-35,56,
28,23,
-2,-3,
15,28,
-19,42,
21,48,
-34,-8,
-88,-31,
-85,-22,
-65,-40,
5,-60,
37,30,
-43,45,
5,-31,
40,-40,
81,-12,
58,-14,
-12,67,
-49,71,
28,-18,
33,34,
-8,22,
52,46,
72,-11,
-9,41,
-37,59,
-35,-32,
37,2,
0,16,
-28,-9,
-34,-8,
28,-40,
3,-32,
21,-16,
-41,-41,
8,-16,
77,-15,
-44,31,
-8,-46,
3,-14,
-22,-38,
48,35,
9,-4,
4,-3,
43,-4,
64,19,
12,34,
-5,36,
-66,-37,
-1,-41,
-32,-9,
-69,26,
38,9,
21,-56,
0,-50,
53,41,
4,12,
-28,53,
-43,1,
6,14,
21,21,
19,40,
9,-9,
-16,-12,
-55,37,
15,29,
43,-49,
-1,1,
0,86,
21,56,
-36,105,
35,59,
32,25,
31,22,
97,-11,
62,9,
35,-36,
-28,-37,
33,34,
5,72,
-20,67,
-6,-17,
-7,-10,
6,64,
-12,-2,
24,16,
38,-22,
107,-18,
104,49,
114,111,
99,63,
-22,47,
0,12,
57,-100,
17,-43,
-60,0,
-101,16,
-10,-24,
-22,-27,
-17,42,
24,53,
-62,82,
17,44,
6,-38,
-1,23,
-11,-2,
-65,2,
-47,-47,
-52,-62,
-13,-16,
-5,17,
-6,72,
-24,10,
-10,-41,
38,-13,
24,24,
-20,2,
-32,-25,
-23,-60,
-12,-51,
-9,-76,
-39,-50,
-46,44,
38,25,
74,72,
31,7,
-2,-9,
-12,17,
110,23,
56,31,
-9,25,
-9,-67,
-34,-35,
8,30,
-31,-8,
-20,21,
-70,-62,
-47,-39,
-26,-43,
-23,-4,
-16,51,
4,32,
-74,-30,
62,-83,
61,-65,
22,-1,
-19,-4,
-28,16,
17,24,
148,-328,
914,-2175,
3271,-6403,
4890,-7274,
5424,-6706,
3191,-2125,
-293,1960,
-1273,1439,
-659,-54,
-493,303,
-903,1755,
-1335,2166,
-1090,1036,
-494,49,
-23,-172,
337,231,
568,570,
584,644,
416,148,
-68,-114,
-265,-331,
-88,-619,
-91,-490,
-187,-132,
-353,268,
-292,508,
-66,546,
164,175,
265,-78,
171,-188,
58,-147,
-127,119,
-168,303,
-248,432,
-249,63,
-33,-16,
8,41,
-195,310,
-346,214,
-436,-44,
-336,-123,
-167,-63,
-35,105,
25,222,
-25,272,
1,206,
-72,119,
63,49,
104,-54,
114,-175,
-125,-135,
-221,-91,
-102,27,
-32,195,
18,99,
52,-26,
61,-64,
95,-26,
39,67,
16,147,
0,84,
-71,123,
-51,134,
-82,93,
-104,21,
-11,-17,
38,-4,
-19,-22,
-110,-39,
-273,81,
-206,243,
-128,256,
22,117,
99,-20,
49,-107,
-23,-130,
-30,1,
27,43,
83,132,
148,171,
64,181,
-8,201,
-122,170,
-53,35,
-22,27,
37,3,
-29,102,
35,83,
-57,48,
-12,88,
-62,78,
-89,125,
-55,57,
-58,14,
-52,122,
7,86,
7,-8,
-90,40,
-2,21,
6,28,
50,45,
2,29,
-37,83,
47,39,
56,82,
-22,77,
-70,150,
-29,94,
-7,84,
-19,114,
-2,98,
-17,100,
2,152,
23,108,
-4,70,
18,51,
-31,64,
-64,136,
6,61,
-39,41,
25,22,
12,57,
-71,137,
-130,193,
-39,147,
-4,111,
-33,25,
-53,92,
-21,75,
-15,64,
12,-6,
-41,-37,
-35,-10,
-61,69,
-63,103,
-21,152,
-62,127,
-90,62,
-58,44,
-131,90,
6,23,
0,41,
-84,48,
-113,66,
-87,89,
-56,92,
21,21,
4,22,
0,16,
48,-39,
43,13,
4,64,
-60,88,
-21,43,
-15,105,
7,45,
43,90,
-29,84,
-44,32,
44,31,
24,111,
-1,73,
00>
_________________________________
00>
_________________________________
Sequence Number: 98
00>
00>
Printing STS0 CIR
00>
00>
_________________________________
00>
22,-20,
-16,61,
20,-41,
-38,-11,
-53,-54,
-1,-15,
-38,-42,
-30,-26,
65,8,
104,27,
66,-4,
23,36,
37,51,
0,77,
66,13,
65,-42,
37,-43,
36,-8,
20,46,
-17,-10,
-9,-36,
0,1,
-57,40,
39,48,
60,73,
32,9,
-31,-59,
-102,-44,
-61,88,
36,-19,
93,-62,
98,36,
37,71,
-16,8,
52,-31,
57,33,
58,6,
34,-94,
66,-50,
63,-35,
-34,-43,
-33,-44,
26,-38,
33,-1,
-7,37,
-2,34,
29,0,
-22,87,
-41,-7,
12,37,
7,81,
140,28,
129,-42,
137,7,
103,34,
45,4,
42,-80,
62,-3,
42,-2,
43,-16,
57,-15,
53,44,
-18,19,
16,1,
-82,82,
-2,-14,
0,-76,
-32,-95,
-10,-3,
9,63,
34,56,
-52,7,
-36,-13,
11,27,
7,43,
-10,-3,
78,-25,
15,-52,
78,-26,
71,2,
17,54,
-32,23,
-1,-66,
-51,-15,
6,44,
32,8,
83,-40,
7,20,
9,62,
-48,34,
-60,23,
-62,-49,
-38,26,
-96,-22,
9,-29,
-22,-11,
37,-12,
-35,-9,
-42,8,
19,54,
16,67,
56,-57,
12,-14,
-132,18,
-27,-5,
-15,66,
1,-1,
-4,113,
-30,-10,
16,-76,
-30,-9,
-68,-48,
-42,9,
62,63,
97,60,
43,10,
-71,-43,
-54,-17,
-76,-59,
18,-43,
47,-82,
44,-34,
49,-16,
86,17,
42,2,
24,-56,
12,-5,
-43,-31,
12,22,
-11,-76,
-15,38,
19,4,
38,5,
80,10,
60,-18,
63,-44,
41,-36,
-32,53,
13,49,
43,-3,
73,-53,
66,-50,
54,48,
44,79,
31,8,
-25,-63,
4,-56,
9,3,
28,40,
-9,29,
9,-14,
11,-39,
59,38,
40,-13,
101,2,
85,62,
29,64,
40,44,
119,-43,
67,-88,
24,-59,
48,-9,
28,-65,
-11,-32,
-91,-42,
-49,-40,
22,26,
24,11,
-45,-83,
-18,-78,
-6,63,
4,25,
-9,-15,
11,-39,
66,-6,
25,-41,
17,-37,
-1,21,
51,22,
83,46,
78,-16,
37,-27,
10,1,
44,0,
71,-14,
32,-40,
47,-58,
60,-98,
137,-36,
91,8,
37,3,
45,26,
9,2,
110,-16,
48,-27,
-7,-38,
-22,-64,
66,-81,
19,-49,
68,-38,
13,14,
-110,-67,
-44,-7,
-9,2,
71,22,
71,-2,
95,8,
-15,-23,
-46,-32,
-35,-41,
8,-11,
-35,-6,
-17,-28,
-66,24,
-37,-18,
41,-20,
91,-14,
25,-32,
-37,-26,
-19,6,
21,-56,
-21,-8,
50,-23,
-21,32,
-2,28,
-32,20,
30,-19,
-5,-23,
-11,26,
-6,3,
-3,-44,
12,-1,
31,2,
41,-3,
51,-36,
-10,35,
19,-34,
65,-52,
31,-50,
44,-71,
6,-94,
33,-76,
-55,-39,
15,29,
45,-26,
14,-82,
-14,29,
-19,-35,
29,-31,
19,-13,
-45,-72,
33,-17,
26,-37,
-34,-40,
83,-51,
78,-43,
73,1,
-35,-14,
30,-60,
38,-51,
-15,-12,
-18,13,
35,10,
16,13,
12,16,
28,5,
27,6,
29,-14,
39,-53,
15,-16,
104,77,
54,28,
34,-23,
-11,-26,
-12,-83,
28,15,
-4,-47,
33,-32,
-27,14,
-4,33,
11,-39,
67,-58,
84,-18,
96,-49,
-27,-14,
-16,-52,
7,-31,
-55,-36,
-48,5,
-4,17,
86,-29,
-21,-53,
30,8,
51,28,
57,6,
-10,-16,
16,-20,
-63,-70,
-40,-35,
-1,-103,
-55,-17,
-5,45,
56,-23,
-6,-37,
60,-16,
64,-53,
12,-56,
30,-28,
43,7,
31,35,
-18,4,
-20,21,
7,25,
48,18,
21,-27,
58,-25,
6,-92,
64,-58,
101,-37,
127,-27,
-10,45,
-23,5,
-62,-10,
22,-13,
41,40,
-6,34,
2,33,
-6,-25,
27,-23,
77,-41,
-42,29,
-70,-12,
21,-15,
70,-21,
73,97,
53,64,
-48,49,
-69,-16,
-50,-69,
56,-51,
52,-3,
70,22,
63,24,
-10,-23,
-20,28,
-28,-39,
41,13,
19,7,
57,34,
69,29,
44,74,
28,64,
72,-43,
41,-14,
-18,-23,
149,-108,
962,-260,
2376,-455,
3088,-303,
1733,224,
-101,666,
-823,501,
-578,125,
-683,-458,
-1136,-1178,
-1064,-1693,
-170,-1586,
601,-777,
439,-1,
57,180,
-36,52,
113,17,
186,13,
116,91,
43,197,
21,81,
24,-4,
43,-41,
12,-68,
-102,-16,
-157,17,
12,12,
99,-66,
90,-126,
135,-69,
192,-37,
61,-42,
-45,-40,
-7,39,
44,17,
172,61,
95,20,
48,-27,
40,56,
43,27,
30,-82,
53,-83,
72,18,
-121,-20,
-155,-69,
-70,-91,
-15,-68,
-4,-2,
11,62,
36,-32,
-51,-104,
-116,15,
2,26,
35,-53,
48,-19,
-93,0,
-131,15,
-112,43,
-101,37,
-55,9,
-84,22,
-122,-30,
-55,-8,
-34,-20,
-88,2,
-29,74,
-20,74,
8,12,
-66,15,
-59,-28,
-28,32,
-32,-12,
-44,25,
12,-8,
70,22,
30,51,
-47,117,
-40,78,
-30,74,
-71,99,
-57,89,
-27,-19,
8,17,
22,27,
13,-55,
26,-26,
18,19,
-21,88,
19,45,
71,-13,
45,-2,
-10,76,
9,87,
-54,13,
-94,-5,
-9,23,
-12,-19,
96,-59,
-12,-26,
-34,65,
-61,44,
-12,-4,
54,24,
37,54,
-51,29,
-35,69,
-1,47,
48,45,
-39,18,
-44,-4,
-7,-18,
18,36,
29,47,
-44,-38,
-73,-67,
29,-71,
-34,1,
34,55,
-22,8,
-39,14,
-54,-36,
-44,-62,
-5,-16,
-27,57,
-18,39,
-10,46,
-56,-32,
-70,-9,
-41,-2,
39,27,
-75,49,
-65,17,
26,29,
34,-42,
38,49,
2,83,
20,50,
-4,16,
57,9,
-4,-66,
-9,23,
-47,77,
-8,79,
23,7,
-1,-55,
27,-24,
16,40,
-5,75,
-34,42,
-9,35,
-64,35,
-44,45,
13,34,
-14,-35,
-43,-32,
-36,49,
34,-23,
00>
_________________________________
00>
00>
Printing STS1 CIR
00>
00>
_________________________________
00>
-55,-78,
-59,-16,
-11,10,
70,-18,
43,33,
22,21,
5,31,
23,3,
21,-41,
19,-9,
-2,-7,
-22,-11,
38,53,
47,13,
18,45,
36,-15,
83,-6,
39,-37,
31,-78,
4,-22,
17,-21,
72,-39,
-6,-11,
-2,15,
47,-29,
-14,2,
-124,32,
-29,20,
12,-57,
13,-65,
-32,-67,
10,-24,
7,-59,
34,-27,
55,-2,
25,-10,
33,-19,
49,7,
5,-42,
45,-9,
44,-30,
-4,-36,
-68,3,
-52,-47,
18,-37,
59,-65,
-9,31,
25,-1,
63,25,
43,-43,
1,-25,
-2,-79,
66,-2,
-5,-20,
-7,-49,
-52,18,
15,0,
9,26,
49,77,
45,62,
45,-4,
37,9,
10,6,
-18,-31,
36,17,
-1,33,
-64,15,
-37,-45,
17,-53,
18,4,
29,9,
26,44,
-21,93,
34,29,
21,-50,
10,14,
-16,-40,
-9,-35,
-32,-47,
13,43,
45,-3,
-9,4,
-34,-27,
-55,-36,
-64,35,
-151,8,
-2,-8,
51,46,
-12,80,
-49,117,
12,-11,
-27,-42,
-61,-10,
-34,84,
-27,40,
-16,23,
45,-54,
14,-13,
-14,25,
-57,-54,
6,25,
22,11,
64,-57,
65,-103,
21,-100,
1,31,
-56,12,
-54,-49,
-29,-58,
-67,-33,
-84,1,
-29,11,
-1,3,
-45,8,
-9,-17,
9,-49,
-5,-112,
-29,-16,
-51,-15,
17,-34,
1,-25,
-76,82,
-64,7,
-40,21,
-74,30,
-42,27,
25,-6,
-84,-45,
-84,3,
-11,-28,
-34,-52,
-69,12,
-38,-49,
-74,-84,
-71,-88,
-18,-72,
-21,12,
-7,-11,
-22,6,
-22,7,
28,-10,
-28,58,
-35,-5,
-6,1,
55,18,
-3,30,
-8,0,
49,-9,
38,14,
44,-60,
-15,11,
-41,8,
-14,36,
-33,-24,
-22,-25,
-52,-48,
-33,69,
39,70,
-28,60,
-17,-12,
71,-87,
49,-24,
8,6,
-2,5,
9,-30,
71,-18,
54,54,
14,0,
12,58,
-20,31,
-27,4,
0,-27,
-30,25,
-12,31,
6,76,
31,32,
-13,40,
-10,-23,
19,-35,
30,-31,
-33,30,
-22,30,
-5,38,
-10,22,
-36,-13,
7,1,
-18,-34,
-20,-54,
17,-62,
-5,-22,
-120,15,
-29,11,
2,-18,
-17,40,
-7,34,
-13,33,
60,5,
17,9,
-12,81,
-40,20,
-25,-21,
-32,-17,
16,-46,
68,-61,
13,8,
1,33,
-81,108,
0,76,
10,84,
12,-47,
-57,-34,
6,-39,
60,-23,
13,-31,
-47,-29,
-43,-49,
-55,-92,
5,-37,
64,-47,
15,3,
3,-33,
-99,-19,
27,24,
56,0,
42,-2,
17,18,
8,16,
-18,-43,
-18,-28,
41,7,
43,13,
-12,87,
-52,117,
62,31,
35,33,
32,-9,
-76,-17,
16,-55,
-41,-40,
-10,-69,
-31,-52,
-21,-23,
-44,-50,
-2,33,
22,-54,
77,0,
99,-13,
43,-22,
-35,-28,
-47,-1,
-9,-27,
-18,-24,
24,1,
24,-25,
51,-6,
-59,6,
-60,13,
-69,-27,
-34,44,
-46,3,
-31,-28,
-29,-65,
25,-15,
-33,25,
-94,7,
-43,-54,
14,-35,
20,-15,
-34,82,
-23,14,
6,41,
40,-32,
33,-34,
-18,-53,
-96,-48,
-41,28,
10,9,
27,-74,
85,5,
68,4,
-16,-32,
-83,-16,
-71,21,
8,35,
20,43,
13,25,
42,3,
40,31,
-25,-12,
-116,-20,
-19,-18,
75,47,
44,26,
18,-13,
-45,-4,
-78,60,
52,18,
40,51,
71,-68,
44,-53,
78,-9,
32,-62,
-24,-66,
-29,-107,
-48,-7,
-72,11,
-10,27,
-54,-43,
1,-33,
13,-27,
46,-41,
16,-14,
-57,30,
-17,9,
34,-25,
-7,-32,
-52,-48,
-52,-26,
24,-24,
60,-9,
34,-42,
-72,-79,
-60,41,
-72,43,
2,25,
63,-20,
19,27,
30,61,
-36,108,
-23,-15,
80,-32,
63,-58,
-8,-27,
-66,8,
4,12,
70,2,
133,-51,
53,-69,
-7,8,
4,-35,
50,-87,
4,2,
6,-17,
-49,33,
28,38,
54,15,
33,4,
-53,101,
-69,38,
-10,-67,
-24,6,
-68,46,
-39,-1,
-10,-44,
-58,-32,
-15,-325,
572,-1302,
1444,-2593,
1919,-2621,
1136,-973,
54,767,
-298,1041,
11,193,
411,-354,
668,-219,
779,207,
635,523,
281,426,
40,146,
-59,-125,
-33,-192,
-114,-179,
-195,-218,
-181,-182,
-114,42,
-37,149,
34,35,
-21,-55,
-26,-16,
-79,113,
-96,85,
-151,-33,
-135,-53,
-96,-72,
-172,1,
-185,31,
-128,-30,
-3,25,
-7,-23,
4,44,
36,-24,
-40,-28,
-76,93,
-72,83,
-64,101,
-91,55,
-42,35,
35,35,
-23,63,
-13,33,
-63,26,
-53,-28,
3,-42,
-4,-41,
-27,-31,
-12,3,
-18,-84,
-63,25,
-32,128,
-18,116,
30,16,
-10,64,
-16,32,
8,35,
72,1,
43,13,
-45,8,
-41,20,
-78,69,
-92,67,
-87,44,
-59,-2,
-54,-19,
4,-42,
-39,42,
-55,-4,
0,-45,
-14,25,
14,38,
11,47,
-51,-1,
-83,43,
-73,50,
-46,58,
-28,14,
18,-17,
5,77,
73,27,
74,-33,
-30,5,
-31,4,
-3,11,
7,9,
-37,-67,
13,-43,
24,-7,
25,56,
-18,64,
8,-3,
12,-13,
76,33,
16,72,
-5,68,
-50,34,
-45,86,
-62,23,
-56,4,
-3,2,
25,-25,
-18,-13,
62,58,
33,27,
45,-1,
24,-88,
34,-68,
39,-39,
-38,31,
-56,13,
-39,58,
-68,40,
-64,8,
25,82,
-31,12,
-30,-33,
-81,-45,
-106,-12,
-42,106,
44,63,
-6,32,
-21,9,
65,-27,
37,-48,
1,-47,
-27,7,
-26,17,
-82,-23,
-66,-35,
-44,27,
22,44,
43,-20,
17,-28,
28,28,
32,24,
36,50,
24,11,
52,-32,
-19,-31,
-91,46,
-32,-2,
59,-17,
59,-62,
-32,60,
8,-28,
49,-6,
4,2,
-5,4,
-14,-11,
16,-48,
24,-55,
-31,51,
-37,11,
33,15,
00>
_________________________________
00>
RX Timestamp: 1023622786510
00>
Clock Offset: 1205.063 Hz, -0.151 ppm
00>
RX Timestamp: 1024696736002
00>
Clock Offset: 1841.068 Hz, -0.231 ppm
00>
_________________________________
Sequence Number: 232
00>
00>
Printing STS0 CIR
00>
00>
_________________________________
00>
63,-31,
41,-60,
73,-18,
13,37,
18,83,
57,-21,
41,-83,
-65,14,
-16,47,
7,-10,
15,-21,
43,-43,
-30,40,
12,33,
23,6,
-30,-10,
-44,-7,
-42,-49,
40,19,
42,41,
-11,-5,
30,-4,
-17,-10,
0,4,
-23,52,
16,31,
-61,53,
-88,-35,
26,9,
-14,-22,
8,10,
-1,12,
-27,7,
60,-18,
47,-12,
74,-11,
-54,14,
8,35,
43,58,
-11,30,
0,-5,
-31,3,
-25,3,
30,16,
19,35,
26,46,
105,89,
51,76,
46,134,
10,35,
61,19,
-7,3,
24,-36,
-8,1,
7,14,
10,29,
22,-8,
-65,27,
21,80,
-52,34,
11,-27,
92,-1,
34,70,
109,-13,
48,-14,
30,49,
-1,89,
31,30,
24,1,
-44,-39,
-14,-2,
-19,54,
12,25,
-3,4,
20,-42,
-22,18,
-35,58,
63,-23,
36,-63,
40,-34,
-55,93,
-28,66,
-44,-23,
11,-1,
2,-9,
-40,-35,
-4,-39,
-53,-27,
17,4,
12,17,
69,3,
72,-26,
70,-32,
5,23,
0,90,
-10,38,
3,-7,
78,48,
29,38,
-34,58,
10,-11,
-16,-18,
62,-50,
50,-8,
57,25,
39,14,
-12,53,
-49,79,
-94,62,
-32,4,
40,-141,
-7,-110,
76,-22,
41,-46,
42,34,
-27,18,
-55,36,
32,66,
32,-16,
-5,51,
-8,8,
61,35,
62,31,
83,20,
23,-53,
2,-17,
6,64,
-41,-26,
-20,4,
-14,10,
42,15,
6,60,
3,23,
-2,-29,
-96,-43,
-26,91,
-83,26,
-25,30,
-11,-21,
-28,-100,
-8,-56,
16,-7,
118,50,
91,56,
46,84,
24,8,
38,-1,
-3,60,
15,119,
5,20,
-37,-71,
9,-104,
-33,-16,
-16,38,
-33,6,
-3,16,
69,55,
32,27,
-6,-13,
-47,-32,
-20,24,
3,34,
71,124,
65,-54,
27,-70,
27,-30,
36,-13,
52,-35,
61,64,
37,133,
29,90,
-9,92,
21,47,
-17,-5,
-4,-3,
21,41,
126,29,
81,51,
-73,48,
-59,13,
-70,54,
4,91,
32,49,
-29,45,
-76,23,
-84,31,
44,-3,
0,33,
61,6,
40,-28,
30,-10,
16,-24,
16,3,
-9,49,
-32,38,
-53,44,
-64,58,
-5,-10,
39,22,
-14,-29,
-23,13,
-32,-7,
18,55,
15,13,
67,27,
-31,-53,
10,-18,
54,32,
-6,-9,
-28,-44,
-48,-26,
-28,-15,
20,0,
-12,24,
7,14,
37,37,
18,-41,
52,-28,
85,-38,
29,-33,
-23,9,
-14,50,
1,88,
-56,11,
9,8,
1,-30,
-7,32,
-4,24,
18,29,
-28,31,
55,13,
-75,-1,
-123,36,
-66,40,
-6,-13,
32,-33,
-23,-16,
23,57,
61,-1,
2,24,
-15,52,
-10,126,
53,36,
69,-25,
-23,-45,
-55,-53,
4,-48,
7,-2,
30,62,
-9,28,
24,-7,
-32,39,
8,61,
-40,-17,
-39,-47,
-24,-42,
43,31,
64,30,
3,-32,
-31,-17,
-48,-54,
-12,37,
70,54,
8,47,
-43,-15,
11,43,
-18,14,
30,10,
3,47,
-11,-18,
-6,-10,
51,-35,
79,23,
100,31,
90,104,
33,33,
9,36,
-15,56,
-30,22,
73,-3,
-14,15,
-84,-10,
-10,-25,
67,12,
39,-23,
5,12,
-17,11,
84,6,
35,60,
-7,51,
2,13,
50,34,
45,19,
0,28,
-10,4,
33,23,
3,-24,
-5,32,
-93,-35,
-23,-66,
-26,-52,
12,29,
-17,40,
-2,-34,
9,13,
-33,-19,
-30,-2,
-12,35,
-45,24,
-5,-13,
-13,-9,
7,11,
18,18,
-23,32,
42,78,
27,141,
4,96,
46,4,
-16,-63,
59,-55,
-7,-22,
45,33,
14,-55,
-14,-11,
-57,33,
-56,73,
29,113,
8,19,
27,-15,
15,3,
51,-11,
14,14,
-4,7,
1,-15,
-11,-36,
-44,44,
-32,49,
14,-10,
53,-39,
8,-16,
2,71,
-7,-8,
37,-9,
72,-56,
-5,-36,
24,4,
15,-3,
28,-12,
2,-70,
11,-12,
-25,0,
11,-72,
9,-55,
-5,36,
33,64,
35,46,
13,42,
145,187,
879,1811,
1648,5950,
931,7798,
-699,7170,
-2271,1353,
-2042,-2440,
-629,-2167,
726,-1431,
2441,-2498,
4928,-2831,
5890,-571,
3929,1608,
801,1293,
-606,175,
-363,-148,
-11,226,
-189,624,
-455,502,
-225,30,
-9,-151,
73,-104,
124,150,
80,117,
-67,-154,
71,-370,
0,-284,
36,-70,
186,237,
192,535,
139,467,
72,252,
143,-4,
-71,-137,
-172,-107,
-200,42,
-212,78,
-266,160,
-211,-10,
-33,26,
204,51,
309,57,
134,-127,
42,-285,
78,-200,
212,-156,
144,-44,
30,25,
-31,71,
32,85,
183,26,
167,-3,
58,24,
-30,-57,
40,-102,
-63,-261,
-77,-307,
-81,-387,
30,-320,
113,-232,
53,-204,
-26,-143,
3,-141,
53,-56,
61,-4,
10,-135,
-16,-175,
-76,-61,
-76,-64,
19,-268,
-86,-267,
-130,-140,
-103,48,
-122,203,
-94,148,
-131,23,
-377,-124,
-449,-253,
-472,-226,
-313,-104,
-164,-44,
-53,-37,
23,7,
-7,-37,
-30,-3,
-16,25,
-67,-34,
-115,-22,
-86,-48,
37,-85,
15,-45,
-25,17,
-131,37,
-133,36,
-22,-11,
-9,-27,
19,-84,
7,-120,
-19,-23,
-110,48,
-10,9,
93,-61,
100,-99,
28,-115,
-88,-54,
-51,-35,
-31,-43,
-29,5,
-50,25,
-8,-47,
-33,-15,
13,8,
1,-68,
38,-80,
-27,-61,
-33,-76,
-11,-77,
8,-62,
-90,-64,
-130,-6,
-77,-88,
-42,-103,
36,-50,
7,-74,
-74,-102,
-82,-34,
-32,-12,
-50,-47,
-8,-96,
39,-54,
-8,-22,
-102,-65,
-33,-92,
20,-128,
32,-21,
22,-61,
-19,-64,
-110,-63,
-135,-83,
-98,-8,
-62,-39,
-55,-54,
-3,18,
46,7,
24,-34,
-27,-110,
56,-57,
93,-36,
61,-22,
-15,-6,
41,-37,
-79,-16,
-100,-44,
-51,-58,
-20,-51,
00>
_________________________________
00>
00>
Printing STS1 CIR
00>
00>
_________________________________
00>
50,-28,
24,-50,
-29,-22,
-27,4,
16,50,
27,37,
34,31,
-41,26,
2,-12,
-21,31,
42,-29,
45,34,
16,81,
53,27,
21,22,
10,14,
84,33,
37,21,
-3,39,
-51,-37,
-20,30,
-9,61,
-49,33,
11,-16,
-31,-43,
4,9,
0,14,
79,4,
-8,-12,
24,3,
21,28,
11,-2,
-43,54,
-13,8,
134,-26,
42,73,
7,34,
-35,34,
6,-54,
53,-57,
91,-44,
107,-19,
94,1,
26,46,
51,35,
59,96,
5,44,
7,29,
62,33,
43,-50,
-25,28,
-10,55,
-5,54,
-2,44,
52,42,
30,45,
-6,28,
6,-30,
-10,9,
-26,17,
51,-20,
0,-19,
-20,52,
86,-6,
41,43,
29,-39,
15,-26,
4,-13,
-26,24,
-4,-12,
-2,24,
61,-9,
81,-39,
27,-4,
1,-10,
5,8,
21,-41,
72,-47,
-15,45,
11,25,
67,39,
30,61,
7,55,
25,-37,
40,6,
25,54,
-13,24,
14,20,
40,44,
29,-6,
-25,19,
-9,36,
-38,69,
8,43,
56,27,
32,33,
-10,71,
30,-18,
-20,16,
-50,121,
-7,93,
46,36,
32,-41,
-51,-15,
5,14,
54,-2,
37,-4,
45,-17,
-24,-52,
32,-41,
20,-11,
37,-63,
7,-35,
14,4,
-3,-10,
66,-89,
23,-47,
68,19,
25,53,
17,43,
22,15,
-5,-51,
-25,-19,
31,-30,
52,12,
37,-1,
16,-21,
25,9,
121,-33,
54,49,
-50,41,
-65,43,
-46,-9,
31,-49,
20,-9,
13,62,
-17,48,
27,3,
35,-3,
77,35,
-9,31,
12,27,
8,1,
-31,40,
8,19,
5,21,
-3,18,
4,3,
72,22,
37,23,
56,81,
69,71,
3,34,
17,16,
12,-4,
-28,5,
-11,-56,
4,5,
7,-38,
-43,10,
-7,42,
6,8,
-17,16,
10,-19,
0,-44,
-2,-6,
-24,21,
-6,-6,
-24,8,
0,41,
-9,9,
50,-17,
35,-49,
45,16,
-27,24,
8,76,
45,33,
-17,-21,
40,-23,
44,-8,
20,-32,
33,3,
-4,18,
67,-56,
96,-79,
81,-124,
51,-26,
-20,59,
56,64,
17,46,
61,19,
25,84,
17,47,
21,20,
-11,0,
20,1,
19,10,
0,-18,
0,-7,
-7,-79,
-19,-108,
94,-42,
13,-21,
-21,-12,
-13,2,
0,-17,
18,-53,
-3,-65,
12,-15,
46,-16,
6,-20,
100,-14,
57,-72,
24,-53,
-9,23,
-15,59,
-26,50,
-1,-3,
-17,-26,
12,26,
4,7,
-29,12,
-8,-8,
9,39,
27,-2,
2,4,
36,-44,
7,-37,
31,-13,
-15,-15,
-17,-54,
11,-25,
-6,-31,
-13,15,
-43,82,
7,74,
37,4,
36,43,
-2,-3,
-7,42,
13,-16,
-7,41,
-19,92,
-14,63,
46,7,
22,52,
15,-20,
64,-127,
75,-74,
63,45,
92,39,
46,32,
15,19,
-44,42,
23,-31,
15,41,
-30,-11,
-5,8,
65,23,
28,57,
15,32,
-62,-7,
-28,15,
63,-6,
65,2,
-27,-9,
-31,65,
-30,93,
12,30,
57,43,
32,52,
94,81,
79,52,
70,78,
1,88,
30,100,
4,56,
-7,36,
-27,-26,
56,-92,
80,-26,
99,-39,
22,-25,
-48,-27,
-68,30,
-1,-13,
-36,42,
-10,10,
30,-52,
63,-19,
-5,14,
-21,-21,
37,-104,
53,-15,
11,23,
36,-21,
83,-76,
43,-6,
35,28,
82,-20,
35,1,
30,-9,
88,-64,
-15,-22,
75,-21,
58,93,
54,41,
50,-2,
-1,-25,
-35,-42,
-11,-34,
105,-136,
75,-52,
8,-13,
-6,105,
-63,35,
-16,-13,
-21,1,
-32,21,
-4,44,
5,111,
27,94,
51,-17,
46,-29,
-16,6,
5,-2,
59,-6,
21,-30,
71,-12,
60,16,
33,51,
-7,72,
-23,54,
-66,4,
-31,-7,
23,-25,
22,10,
4,3,
70,64,
27,-7,
-18,-26,
-16,16,
29,76,
9,47,
0,19,
15,15,
-28,13,
51,7,
79,22,
42,32,
50,-15,
0,-49,
-16,-20,
-31,74,
-9,85,
95,33,
42,-29,
305,67,
1988,990,
5488,3786,
6347,5418,
4995,5348,
-68,1418,
-2930,-1019,
-1903,-676,
53,645,
269,1943,
-1054,2855,
-2251,2453,
-1881,965,
-616,-131,
170,-157,
315,-32,
445,-302,
787,-688,
729,-654,
177,-201,
-290,14,
-221,-33,
152,-50,
289,-121,
73,-212,
-69,-383,
-20,-321,
109,-281,
195,-232,
130,-461,
94,-555,
-16,-481,
-58,-246,
-63,-136,
-2,-92,
-6,-1,
57,-53,
47,-57,
-1,-124,
-188,-197,
-187,-266,
-308,-206,
-409,-25,
-290,-18,
-83,-152,
42,-183,
3,-237,
-76,-199,
-55,-189,
63,-154,
188,-172,
168,-158,
58,-104,
-11,-66,
-60,-125,
-137,-92,
-199,-142,
-248,-77,
-164,-44,
-62,-44,
-101,7,
-136,0,
-119,-145,
-31,-215,
20,-250,
51,-349,
15,-301,
32,-131,
57,-6,
44,-135,
50,-225,
54,-150,
-88,1,
-122,53,
-93,-3,
-141,-41,
-210,-103,
-239,-104,
-256,-145,
-174,-93,
-110,-45,
-79,-144,
-81,-115,
21,-65,
-30,-54,
-58,-75,
-109,-68,
-28,-88,
57,-28,
88,27,
66,50,
-38,42,
-84,21,
-40,-65,
-27,-82,
-53,-43,
-86,67,
-117,34,
-38,60,
-29,1,
-9,-34,
-77,-94,
12,-18,
5,32,
-44,45,
7,96,
-50,45,
-54,-3,
60,-77,
62,-48,
-11,-75,
-29,-62,
52,-96,
75,-180,
49,-77,
12,-46,
-37,8,
-8,-23,
-3,-32,
45,-16,
12,-32,
27,-145,
31,-146,
67,-8,
6,-8,
-39,-44,
-85,-3,
-113,-53,
-67,-36,
-7,12,
2,-68,
-2,-79,
11,-31,
-14,1,
28,2,
2,12,
48,25,
-49,-13,
5,-106,
42,-47,
8,-36,
-23,-85,
42,-55,
-14,-16,
-54,51,
-109,-78,
-8,-107,
-11,-7,
28,-12,
-47,21,
-69,-39,
-18,-63,
19,-71,
23,-28,
-48,-115,
00>
_________________________________
00>
_________________________________
Sequence Number: 235
00>
00>
Printing STS0 CIR
00>
00>
_________________________________
00>
28,49,
-27,-12,
-64,-62,
-62,5,
5,62,
39,36,
-32,13,
-5,15,
-52,1,
-56,-52,
-48,-57,
20,-64,
26,-29,
25,11,
-72,73,
-15,1,
5,-20,
-5,-25,
-12,-45,
-24,-24,
-58,-61,
-64,-24,
11,56,
78,56,
78,-23,
10,-65,
-20,-2,
-29,98,
27,150,
43,69,
34,36,
-29,64,
-18,0,
-1,0,
-59,-3,
25,-20,
6,39,
9,-16,
-36,-59,
-38,8,
10,-50,
13,-41,
-45,-8,
-39,-17,
39,33,
-22,71,
27,-31,
12,27,
-48,-34,
-40,-15,
-9,-18,
5,9,
90,28,
122,46,
127,58,
-26,8,
-120,-39,
-99,-1,
-62,-19,
-15,-6,
3,-12,
25,-19,
-41,-10,
19,46,
36,35,
-9,-34,
-71,21,
-44,-26,
4,-63,
39,-38,
34,-61,
-8,-41,
-23,9,
-15,47,
-33,2,
60,-8,
76,-10,
0,-10,
16,-17,
21,-9,
-11,-6,
-53,20,
13,-5,
0,-36,
-1,-36,
43,38,
39,31,
-35,25,
-43,2,
-10,43,
3,11,
14,75,
30,43,
33,124,
-35,60,
24,-38,
-8,25,
-47,-2,
-92,20,
-47,39,
-44,10,
1,35,
46,25,
-39,23,
-42,78,
-17,42,
-10,75,
6,-58,
11,-98,
-24,-2,
-15,58,
-32,-2,
17,-35,
-12,-14,
-2,-36,
15,-44,
58,41,
69,47,
-13,24,
-4,-30,
-34,-51,
-14,26,
-9,-1,
13,-12,
-13,-28,
-59,-38,
30,-26,
63,-12,
26,-12,
-25,-14,
8,-56,
14,23,
-10,77,
-26,68,
-32,68,
103,42,
103,62,
74,4,
-21,27,
20,53,
26,103,
7,21,
36,5,
76,47,
57,24,
-49,-34,
-1,41,
-1,67,
23,51,
-15,80,
29,24,
51,30,
36,56,
-24,-1,
27,2,
17,58,
52,41,
-36,37,
-34,7,
69,-42,
11,-43,
-122,19,
-150,-30,
-66,-89,
-26,-45,
12,13,
47,-27,
32,-18,
-46,35,
-3,80,
-61,18,
-85,-29,
-85,-8,
-37,25,
34,50,
-31,37,
-33,-42,
34,-51,
63,-11,
115,-58,
28,-20,
34,16,
-51,59,
-45,65,
-32,12,
38,-9,
7,0,
54,58,
-4,21,
2,39,
-40,-52,
-41,-82,
22,-21,
-29,31,
5,-5,
67,-2,
65,-71,
71,20,
2,-35,
-39,-22,
-33,15,
-11,6,
58,3,
61,3,
51,16,
58,21,
86,23,
40,4,
-63,-33,
-93,-67,
-22,-37,
21,19,
55,58,
-17,10,
-10,-37,
-5,-27,
41,26,
139,-2,
-5,39,
-23,3,
-22,43,
-31,23,
-9,-67,
-36,-87,
12,-18,
-22,-37,
3,74,
-21,-58,
33,-5,
26,20,
-36,48,
-41,7,
-114,-21,
-62,-25,
-10,-20,
73,-35,
46,-41,
-3,-26,
22,-103,
-29,-62,
43,21,
4,48,
-48,71,
-7,13,
42,-31,
72,-47,
-77,18,
-67,13,
-40,73,
-8,15,
123,-27,
58,-13,
66,62,
-48,63,
36,52,
68,65,
58,26,
-27,-17,
-18,-1,
-14,32,
79,40,
56,72,
11,58,
-24,41,
-7,-4,
-15,-54,
33,-13,
44,1,
-11,-28,
-56,-31,
8,28,
29,-32,
39,-54,
-30,-6,
45,-16,
-1,-105,
18,-82,
7,1,
76,90,
78,22,
55,39,
87,-29,
-38,-40,
-60,-30,
-7,34,
-43,81,
-11,30,
-6,-8,
-33,-25,
-45,37,
67,84,
31,-28,
-21,-51,
-7,-65,
35,14,
56,-6,
28,9,
3,-64,
-64,22,
-93,77,
3,83,
33,-39,
4,-46,
-56,-53,
12,-26,
12,5,
-9,61,
-6,55,
70,15,
50,-15,
76,18,
-53,34,
22,37,
-1,-2,
22,-6,
47,16,
-25,26,
-14,5,
43,44,
95,30,
44,26,
-33,36,
-48,68,
14,91,
-48,43,
-65,-16,
-37,-48,
14,-27,
33,7,
-68,2,
-12,22,
26,-22,
40,45,
-21,28,
31,11,
38,12,
-13,-45,
-107,-68,
-120,19,
-61,1,
36,-13,
-1,-7,
-48,11,
65,-8,
42,21,
48,50,
-18,10,
-19,12,
30,-39,
-94,-39,
-51,62,
-50,14,
-37,-24,
26,-45,
129,526,
162,2578,
-342,5662,
-1582,6659,
-2566,4265,
-2042,171,
-758,-1421,
356,-487,
972,929,
1020,1919,
427,2165,
-400,1646,
-611,628,
-278,-94,
71,-193,
99,-179,
23,-438,
12,-732,
118,-482,
52,-118,
101,41,
288,-18,
266,-10,
71,-205,
-21,-281,
-80,-191,
-49,-49,
-62,-122,
50,-176,
15,-238,
-49,-201,
-67,-116,
-95,-71,
-76,-56,
-22,-17,
13,-27,
-59,-122,
-65,-154,
-56,-278,
-64,-325,
-53,-197,
46,-110,
46,-20,
118,-57,
109,-175,
57,-210,
2,-198,
-102,-133,
-70,-51,
87,59,
152,29,
115,-5,
57,-26,
18,-104,
14,-83,
81,-56,
93,18,
156,-28,
0,-17,
-167,-58,
-67,-30,
-40,-69,
-18,-106,
88,-74,
84,5,
26,-18,
-34,-85,
83,-106,
183,-121,
63,-219,
-9,-116,
14,-9,
94,-35,
92,-36,
116,33,
132,2,
11,2,
-100,21,
-103,-3,
-62,6,
29,-29,
106,3,
77,-113,
-16,-71,
17,-26,
125,-39,
61,-29,
-29,-24,
-102,29,
-10,63,
27,-101,
91,-94,
18,-66,
-10,-24,
11,-43,
65,-41,
53,-131,
-15,-183,
-20,-118,
0,11,
-22,-26,
69,-61,
32,-74,
17,-22,
-53,-90,
-78,-192,
-84,-125,
40,-108,
37,-125,
64,-114,
0,-56,
-11,-55,
-37,-133,
10,-52,
-13,12,
-36,-34,
-73,-53,
16,-87,
63,-97,
-19,-29,
30,3,
-50,-32,
-95,-54,
-46,-131,
38,-16,
-25,-105,
3,-66,
-20,-29,
-26,-63,
0,-63,
-13,-148,
-1,-95,
-30,-60,
48,-73,
89,-121,
81,-204,
38,-174,
66,-128,
51,-30,
10,-24,
-30,-63,
-22,-79,
-26,-77,
19,-87,
41,-76,
5,-127,
-6,-61,
77,-52,
12,-74,
-7,-53,
0,-55,
-32,4,
5,-58,
-26,-144,
-9,3,
-105,55,
-14,15,
-48,-87,
00>
_________________________________
00>
00>
Printing STS1 CIR
00>
00>
_________________________________
00>
51,11,
10,-5,
49,-33,
32,15,
73,-13,
46,16,
-24,8,
11,0,
71,-13,
-18,40,
15,51,
15,10,
-22,51,
-71,103,
-52,56,
-6,53,
22,36,
9,-20,
32,42,
75,130,
46,100,
-32,40,
-3,93,
22,-69,
56,-87,
49,-49,
54,5,
-29,48,
24,25,
58,55,
13,-22,
-20,-54,
-10,-10,
-49,73,
-54,64,
-61,34,
-85,100,
-75,45,
10,135,
79,103,
82,25,
33,78,
6,46,
2,-23,
34,-35,
54,-28,
4,18,
26,59,
20,45,
81,-9,
28,-46,
-30,-50,
-92,-30,
-130,-5,
-13,103,
-21,40,
8,7,
44,9,
69,-18,
6,-64,
40,11,
-5,60,
39,54,
16,48,
44,-35,
-14,-2,
31,16,
63,8,
101,-22,
107,-58,
143,-26,
35,2,
-17,14,
1,80,
8,-5,
-7,-21,
-49,39,
-40,87,
-79,23,
-9,-6,
49,19,
60,-23,
64,-13,
86,3,
46,52,
28,-13,
128,9,
143,-27,
26,-45,
53,-15,
28,55,
-18,22,
-3,30,
58,-22,
56,8,
20,12,
67,4,
68,-23,
41,48,
40,155,
42,70,
26,54,
54,23,
19,40,
-19,27,
-35,25,
16,49,
24,53,
0,64,
9,-17,
19,-20,
26,9,
46,-7,
8,-30,
43,-29,
50,29,
52,-2,
51,-19,
-10,9,
9,111,
-9,107,
-14,69,
-32,33,
-6,33,
6,-1,
-33,39,
-21,22,
83,45,
80,-15,
-4,5,
-17,59,
2,95,
3,53,
19,99,
45,84,
35,6,
15,10,
70,-12,
24,-31,
9,25,
5,46,
4,2,
80,-6,
41,23,
27,-10,
-10,-20,
56,-75,
74,-25,
-61,26,
-67,48,
-92,-56,
-25,-18,
31,47,
54,-6,
57,11,
-13,-48,
-30,2,
33,-1,
79,25,
67,3,
17,0,
13,-16,
61,4,
-28,33,
-18,9,
50,-77,
126,-53,
82,-36,
45,5,
1,51,
21,27,
46,-14,
61,-52,
100,-54,
69,14,
24,84,
-38,59,
-27,45,
31,-73,
66,-28,
65,6,
9,38,
44,-24,
-18,-9,
12,-19,
30,94,
18,46,
70,46,
43,6,
2,-11,
27,-13,
62,1,
61,43,
18,62,
72,-18,
100,-50,
50,5,
32,8,
-8,83,
26,31,
-28,-20,
-53,-4,
-59,-9,
-6,77,
-11,-5,
0,-38,
7,-8,
-10,23,
-3,22,
53,-4,
84,40,
42,67,
47,-46,
54,-36,
-14,-25,
48,5,
42,26,
-23,24,
-3,-16,
-22,8,
-45,128,
33,56,
54,-36,
22,-9,
26,-16,
2,7,
37,-45,
-30,-26,
-54,1,
41,3,
51,-5,
72,40,
59,68,
54,76,
50,35,
-17,55,
13,44,
-6,32,
25,5,
20,58,
26,-20,
35,-18,
50,-27,
85,26,
-36,0,
-98,87,
-34,14,
54,17,
31,5,
-46,21,
9,-27,
80,-3,
72,58,
41,105,
-33,32,
-28,44,
51,45,
122,36,
60,29,
141,22,
-5,-25,
58,-28,
51,-21,
-50,-54,
-9,-39,
56,-31,
27,-31,
57,13,
65,64,
58,38,
65,9,
52,-56,
42,-37,
-42,-3,
-43,40,
61,5,
108,36,
89,28,
49,4,
78,58,
57,54,
-15,51,
-51,47,
-43,-10,
19,-12,
-4,23,
-43,37,
-21,12,
42,-61,
26,-24,
62,-23,
11,55,
-27,67,
26,77,
21,33,
-7,10,
18,52,
53,6,
107,51,
9,95,
-57,38,
-4,6,
16,17,
47,-16,
33,-49,
-41,-24,
-48,51,
-71,64,
-84,29,
-68,9,
20,24,
18,-2,
2,40,
38,23,
68,11,
7,-28,
-23,32,
-28,3,
-20,12,
-37,-36,
-8,-47,
-40,44,
-69,65,
-2,47,
-19,-1,
40,-8,
11,-16,
-44,-26,
25,-28,
8,-64,
74,-49,
76,15,
55,17,
-57,-2,
-93,36,
19,104,
56,23,
100,50,
39,7,
13,-11,
48,-34,
78,30,
51,-34,
91,-3,
72,-7,
44,-28,
14,-39,
-33,-6,
8,-24,
34,25,
5,10,
-21,3,
1,-42,
118,52,
525,364,
1992,1869,
4079,4462,
4457,5647,
2575,4135,
-206,755,
-1019,-999,
-271,-814,
124,-336,
-480,-571,
-986,-978,
-742,-1032,
-63,-636,
153,-180,
-56,185,
-366,421,
-576,452,
-377,281,
-21,-5,
239,-105,
389,17,
423,2,
289,-70,
22,-163,
-214,-223,
-281,-195,
-187,-118,
-13,36,
58,129,
96,146,
84,-10,
-50,-173,
-138,-288,
-173,-236,
46,-89,
62,-6,
25,-75,
-33,-158,
55,-213,
48,-183,
108,-63,
0,-22,
-83,-39,
-174,-6,
-160,-56,
-96,-20,
-65,32,
43,92,
163,120,
212,-30,
184,-77,
50,-58,
-113,-82,
-59,25,
-25,12,
76,9,
48,2,
52,-22,
-27,-14,
-103,-14,
-96,-33,
-13,-82,
53,-121,
47,-132,
-17,-67,
-44,-13,
-33,-9,
28,-4,
2,-86,
59,-127,
28,-116,
-51,-41,
-38,34,
25,104,
-19,131,
-44,182,
-57,66,
-120,98,
-163,81,
-104,42,
6,-10,
78,-95,
33,-94,
28,-35,
3,-33,
33,-12,
17,-78,
2,-34,
-12,22,
-7,-28,
8,-44,
-36,-29,
33,-45,
25,10,
1,-62,
17,-62,
21,-13,
-22,-26,
-50,-32,
-67,-10,
9,-36,
44,-69,
5,-43,
-76,-51,
-28,8,
-24,13,
25,12,
-39,-21,
10,-69,
-10,-74,
0,-23,
-35,-46,
-16,-56,
-57,-42,
-66,-33,
19,-72,
-21,-35,
-61,101,
-77,34,
-4,-80,
37,-48,
25,-7,
-27,25,
-78,-4,
-43,-33,
-20,-66,
-5,-57,
0,-9,
-41,36,
-79,1,
-121,47,
-120,-10,
14,-66,
95,-58,
8,-67,
-92,33,
-33,-21,
-8,-23,
20,10,
48,17,
-36,19,
-71,16,
-31,-115,
-12,-95,
-72,-65,
-96,-37,
8,-90,
-8,-61,
116,40,
57,81,
-38,50,
-80,10,
-70,-38,
0,-87,
22,-57,
34,11,
-40,1,
-55,-58,
00>
_________________________________
00>
RX Timestamp: 64509596556
00>
Clock Offset: 1409.626 Hz, -0.176 ppm
00>
RX Timestamp: 65585439889
00>
Clock Offset: 1688.576 Hz, -0.211 ppm
00>
_________________________________
Sequence Number: 113
00>
00>
Printing STS0 CIR
00>
00>
_________________________________
00>
107,53,
73,59,
-13,38,
-1,10,
-59,-18,
24,-39,
34,41,
41,11,
-59,68,
-79,20,
-49,-24,
-15,-47,
5,10,
36,6,
-46,12,
-29,-52,
-37,-78,
-59,-6,
-7,-25,
-28,-67,
-24,-112,
-67,32,
-44,67,
-20,50,
-65,11,
-3,41,
24,-34,
33,-34,
38,101,
-29,85,
-25,-14,
-45,-60,
16,30,
3,61,
108,94,
77,77,
60,27,
-10,5,
50,-42,
-14,20,
78,-46,
-11,47,
-8,36,
42,32,
75,27,
0,-29,
24,-50,
-19,-8,
-59,12,
-3,45,
20,-28,
47,-24,
70,5,
32,11,
67,-15,
16,59,
28,59,
-47,26,
-75,26,
-15,-23,
-27,74,
14,-9,
79,67,
-32,54,
-64,94,
36,2,
19,11,
38,1,
12,30,
-23,-19,
11,-58,
87,-58,
54,21,
38,20,
4,-28,
66,-88,
46,93,
-59,75,
-15,-11,
-5,-79,
51,13,
-19,9,
-99,-8,
12,67,
68,63,
17,35,
-32,33,
-15,54,
-22,62,
-59,40,
38,89,
9,50,
22,43,
36,12,
38,-39,
149,-25,
107,9,
93,0,
30,85,
8,24,
-10,-43,
-66,-48,
25,14,
37,-17,
-77,4,
-7,5,
24,-4,
-11,56,
41,-1,
42,1,
111,13,
73,35,
25,59,
12,-32,
-20,-46,
10,-37,
-73,26,
-5,20,
16,-34,
-1,-43,
9,-42,
18,14,
23,-13,
41,20,
17,-50,
-26,-40,
-15,32,
-65,-29,
-40,65,
27,12,
68,11,
48,4,
20,-26,
26,-5,
43,16,
67,47,
1,31,
-12,79,
6,52,
-88,48,
-43,-5,
35,-90,
60,-33,
47,29,
-25,71,
-59,73,
-48,2,
-33,29,
41,34,
29,0,
-29,-46,
-44,-27,
66,6,
73,2,
2,-75,
15,-71,
-21,14,
72,32,
75,51,
48,2,
50,3,
-48,32,
3,19,
-61,-12,
31,1,
25,18,
-46,-4,
-14,-34,
-40,-30,
-33,35,
-14,-4,
18,-37,
17,-66,
-23,91,
-85,-26,
14,4,
-5,67,
-48,-14,
-81,-1,
-14,-43,
32,-14,
64,76,
65,44,
62,10,
105,17,
-43,76,
-12,-17,
-25,22,
-17,70,
54,43,
40,-68,
-15,-78,
-25,-74,
21,-21,
35,-17,
-11,-38,
-7,21,
-1,43,
46,-7,
18,4,
-38,-28,
-124,38,
-77,-37,
-41,-77,
32,-14,
85,23,
61,37,
-4,-9,
1,37,
-2,90,
-32,66,
-27,53,
28,6,
62,4,
32,72,
17,85,
-34,39,
-66,-17,
-65,-11,
-38,43,
-4,5,
6,-11,
-20,5,
-49,3,
62,-23,
2,9,
-19,-14,
-33,-55,
36,20,
-27,105,
-99,67,
-53,-13,
-78,2,
25,40,
10,-9,
34,-20,
26,-5,
10,44,
31,-38,
-11,16,
-33,-10,
-51,9,
-55,-20,
-23,26,
3,25,
-71,-44,
-55,-105,
-4,-78,
31,-82,
25,11,
20,-27,
16,-15,
30,-62,
37,-59,
23,36,
43,36,
-2,33,
-54,-17,
21,44,
36,3,
-4,5,
2,59,
13,39,
31,35,
37,54,
14,82,
24,35,
-10,-1,
0,55,
50,10,
2,-13,
26,-30,
-72,-34,
-39,20,
-36,63,
-25,41,
-18,-35,
-108,-10,
-73,27,
-21,12,
52,-79,
2,-66,
-30,40,
68,77,
25,10,
37,-52,
66,-15,
-29,-31,
-6,-4,
17,27,
22,51,
-2,12,
-32,59,
-2,7,
-30,12,
-33,-42,
-64,-68,
-31,-7,
29,-59,
36,-40,
-1,34,
-40,56,
8,49,
-3,51,
-14,-34,
-47,-26,
-45,-61,
-18,-45,
-47,-13,
-25,17,
-29,26,
-43,28,
-20,70,
-1,-11,
-37,-93,
-32,-44,
13,-31,
-24,-52,
69,-22,
72,-8,
-1,36,
25,-25,
87,-39,
70,-41,
47,17,
-14,-11,
25,11,
-23,-11,
-90,-35,
-63,-46,
55,-51,
50,-27,
45,13,
-13,20,
14,10,
-66,21,
-39,43,
-16,-33,
-8,-4,
9,48,
24,19,
28,17,
46,-27,
-112,-40,
-137,-12,
-151,-22,
-76,-61,
-51,38,
-4,21,
21,5,
-28,22,
23,58,
16,31,
13,-25,
22,-10,
-28,28,
-114,301,
-646,1527,
-2262,4003,
-3971,5230,
-4327,3597,
-2577,120,
-426,-1494,
516,-699,
564,795,
267,1865,
-499,2099,
-1108,1437,
-1032,487,
-364,-53,
90,-130,
185,-156,
283,-367,
404,-584,
368,-470,
88,-125,
-2,36,
233,199,
318,161,
339,-11,
141,-241,
-19,-276,
-89,-163,
-108,-90,
-6,-102,
127,-151,
144,-240,
59,-239,
51,-105,
51,-50,
10,-36,
-57,-96,
-104,-134,
-25,-209,
13,-188,
71,-321,
119,-221,
61,-150,
12,59,
105,-29,
99,-146,
78,-135,
110,-191,
28,-116,
24,-81,
87,-10,
113,68,
65,28,
-1,67,
73,49,
63,11,
72,-15,
72,57,
82,71,
24,7,
62,-24,
46,-25,
94,-125,
114,-117,
178,-21,
108,17,
39,23,
20,7,
86,12,
131,-30,
88,-32,
59,-62,
8,-46,
1,-84,
79,-12,
72,60,
99,90,
105,70,
3,-9,
-73,-52,
-118,-5,
-12,-36,
112,-106,
124,-126,
33,-109,
-13,-107,
16,-22,
46,-28,
-48,32,
-50,21,
3,-24,
87,-25,
98,-17,
69,13,
24,-4,
-37,31,
51,-18,
38,-79,
39,-106,
-6,-17,
19,-44,
58,-34,
36,-80,
5,-13,
55,-17,
-12,-53,
-20,-27,
34,-102,
-10,-143,
-20,-7,
6,-13,
8,5,
99,-32,
3,-10,
-52,6,
-36,12,
-88,-72,
-34,-125,
-44,-64,
22,-3,
62,11,
33,5,
3,-34,
-10,-123,
46,-99,
77,20,
85,33,
7,-22,
19,-117,
-85,-109,
-26,-74,
21,-96,
30,-86,
50,-74,
-31,-56,
0,-64,
24,-7,
45,-11,
64,-60,
59,-58,
111,-13,
117,-41,
55,-51,
103,14,
117,18,
99,-44,
67,-9,
6,-19,
6,-48,
-64,-49,
-10,-23,
19,-90,
47,-55,
-28,34,
67,47,
73,-4,
25,-26,
00>
_________________________________
00>
00>
Printing STS1 CIR
00>
00>
_________________________________
00>
23,46,
35,86,
37,83,
12,79,
-5,-34,
16,-19,
22,-2,
23,-11,
17,-38,
43,27,
-18,82,
28,64,
26,27,
38,-9,
26,-10,
71,48,
129,4,
96,-26,
60,28,
-22,38,
-30,11,
-15,21,
-37,52,
-37,67,
-1,60,
35,31,
29,-9,
-33,-9,
-71,26,
-11,63,
93,63,
98,-4,
77,5,
20,53,
40,-42,
16,30,
63,101,
27,95,
2,-18,
-21,-48,
0,-6,
-30,45,
-40,90,
16,1,
35,-27,
10,-18,
-29,20,
70,6,
50,2,
19,-22,
-3,-11,
-2,48,
-33,8,
-5,13,
-4,57,
30,-17,
8,-9,
88,17,
17,-48,
79,-21,
11,44,
57,-6,
50,-10,
105,-27,
133,-3,
102,-38,
53,-52,
41,-42,
38,-2,
49,71,
94,76,
73,41,
-36,-2,
6,49,
54,24,
105,-4,
51,2,
49,23,
-18,40,
-37,26,
-72,-51,
-39,0,
-12,49,
-4,12,
47,-15,
12,-14,
-31,16,
-62,-24,
-100,41,
-62,34,
0,21,
-7,12,
-40,4,
-11,45,
-9,-7,
87,-21,
71,29,
47,-23,
-29,3,
-27,18,
22,53,
38,58,
6,-17,
-53,-33,
-87,-52,
-49,22,
-43,-6,
4,-12,
19,22,
27,69,
60,53,
26,30,
-8,-23,
20,-51,
61,17,
18,42,
-18,11,
41,21,
59,-49,
-60,14,
-137,45,
-10,46,
57,10,
56,25,
34,55,
-89,50,
-4,-35,
80,-63,
108,0,
92,31,
16,42,
48,6,
11,-1,
39,3,
127,109,
154,63,
115,10,
-29,-51,
3,10,
-8,33,
91,38,
36,78,
44,38,
46,-61,
36,-35,
26,-50,
-14,16,
-36,5,
14,-4,
-38,-70,
-26,42,
19,80,
29,89,
-2,-6,
53,65,
-20,93,
66,-3,
-29,-17,
37,59,
61,54,
120,24,
73,23,
94,-12,
24,45,
16,17,
26,64,
106,42,
18,12,
-29,6,
-20,25,
4,49,
21,56,
2,11,
71,-52,
108,-29,
55,-65,
63,-28,
-16,40,
-59,87,
2,24,
15,64,
-37,7,
-27,25,
-15,18,
-2,13,
8,61,
70,7,
73,-29,
46,-12,
1,36,
-8,68,
54,13,
118,-37,
29,-90,
28,-37,
50,83,
33,79,
57,70,
46,-42,
27,-30,
-25,-4,
-1,-21,
24,35,
-19,19,
-7,67,
29,-17,
26,-47,
54,-4,
-6,5,
6,36,
35,78,
21,-27,
-9,-68,
-53,-25,
-4,5,
70,4,
56,26,
-47,55,
-67,50,
-2,-33,
-9,-48,
22,-78,
89,-65,
204,-44,
106,9,
-13,-3,
-24,13,
41,25,
7,-38,
-28,-28,
-12,-5,
34,-9,
46,14,
18,51,
38,5,
-11,29,
-10,9,
-48,-9,
-11,8,
76,-20,
56,48,
94,103,
27,35,
74,44,
8,71,
-18,26,
9,41,
64,39,
-9,18,
-68,-20,
-9,-13,
12,-48,
5,11,
-27,28,
-21,33,
27,-23,
-22,8,
-8,29,
13,62,
-22,25,
16,-2,
-38,-10,
-55,-39,
-26,11,
63,26,
41,-29,
2,-26,
17,52,
-14,53,
48,2,
14,-2,
-61,81,
-33,114,
-10,18,
12,-52,
12,5,
18,40,
23,50,
-11,68,
88,54,
81,62,
24,76,
68,27,
58,-73,
-51,13,
-81,27,
-21,22,
-1,48,
44,58,
20,41,
12,10,
60,40,
54,85,
15,107,
-33,52,
88,48,
27,55,
22,82,
-15,4,
-34,11,
37,-20,
10,-50,
20,-46,
14,-21,
54,-5,
24,16,
-5,50,
-7,40,
-84,14,
-5,32,
24,-29,
-20,68,
44,19,
-41,13,
-57,33,
9,52,
20,-8,
66,27,
44,-33,
49,57,
-22,30,
21,18,
-4,23,
5,-6,
30,5,
-2,27,
6,22,
156,31,
130,54,
80,-15,
-18,24,
-26,51,
-4,57,
-29,24,
-37,-7,
-10,-31,
55,-14,
10,-15,
-78,56,
-42,75,
-64,8,
1,-25,
1,-33,
-22,36,
-63,30,
-22,10,
-56,43,
-30,-25,
-31,-1,
-31,0,
-26,-9,
-20,-11,
24,50,
58,-16,
49,-36,
-11,16,
64,411,
286,1999,
534,5356,
356,7179,
-212,5885,
-461,1411,
-189,-1329,
181,-1033,
305,-167,
140,-550,
-78,-1484,
-9,-1652,
239,-867,
240,-116,
-53,104,
-355,86,
-548,1,
-486,22,
-93,83,
186,103,
344,224,
251,306,
203,223,
157,-100,
22,-291,
-56,-334,
-174,-205,
-129,-7,
-4,128,
31,87,
2,17,
22,-153,
-39,-233,
-79,-229,
34,-78,
6,-2,
-25,6,
59,-92,
163,-154,
251,-150,
117,-80,
18,-48,
-99,-53,
-73,-129,
32,-192,
-2,-100,
-31,-57,
-19,66,
6,83,
56,34,
165,-55,
216,-76,
150,-113,
24,-36,
-42,69,
21,107,
45,-17,
6,0,
10,-91,
-13,-70,
-37,-59,
-4,-5,
30,-46,
56,-80,
63,-47,
66,-5,
8,32,
70,39,
88,18,
80,-161,
70,-212,
1,-184,
-19,-17,
-53,97,
30,89,
58,8,
-39,-4,
-66,50,
-138,28,
-55,-33,
18,-107,
-44,-107,
38,-88,
-8,-71,
35,-67,
35,28,
40,-20,
30,-93,
102,14,
92,-5,
62,-19,
10,-33,
-21,-20,
41,-109,
27,-67,
11,-46,
63,-80,
34,-17,
-10,30,
-14,28,
6,-44,
39,-69,
24,-113,
7,-44,
25,2,
82,-78,
6,-43,
12,3,
23,70,
-10,8,
-10,-14,
9,6,
-81,4,
53,-37,
59,-19,
2,11,
-57,-28,
-39,-52,
-73,-35,
13,23,
62,30,
46,-1,
9,-20,
74,-54,
31,-56,
49,-35,
70,-62,
58,-64,
29,-79,
-4,-36,
-24,10,
25,3,
87,9,
16,-44,
-21,-110,
-55,-48,
-4,-44,
10,-38,
-24,-36,
-29,-20,
-35,12,
61,-18,
72,-45,
-4,-39,
31,29,
-15,-39,
-47,-86,
72,-9,
32,50,
47,40,
-56,-45,
-56,-53,
-2,64,
24,10,
12,-5,
-10,-26,
00>
_________________________________
00>
_________________________________
Sequence Number: 116
00>
00>
Printing STS0 CIR
00>
00>
_________________________________
00>
13,6,
4,-23,
22,-54,
25,-31,
72,-18,
39,-9,
-46,66,
-54,19,
52,28,
-28,43,
-27,-16,
-26,-13,
-42,-14,
36,19,
-3,12,
-21,-2,
30,-17,
-35,-18,
21,-16,
-21,-23,
-55,22,
-19,22,
-2,11,
-90,6,
9,47,
-8,2,
-12,41,
-28,-19,
-48,-10,
-60,3,
50,-7,
13,-30,
-44,-20,
-10,-23,
-20,46,
-20,16,
-34,-18,
-101,-33,
-7,36,
-66,-66,
25,-19,
47,36,
-6,39,
-34,38,
-63,-33,
-51,-41,
8,58,
19,54,
4,3,
-37,-37,
9,1,
7,10,
8,-18,
-60,-35,
-55,-41,
-43,-1,
30,0,
22,13,
-30,37,
-23,13,
18,17,
-14,-8,
-23,-20,
7,16,
10,-11,
41,-22,
47,-16,
69,-41,
70,-51,
85,-38,
13,19,
5,-6,
3,-7,
-42,45,
-72,12,
-73,-20,
-12,-96,
-12,-30,
-11,50,
-17,72,
-37,27,
-12,-1,
29,-11,
28,-17,
-10,-9,
0,36,
-37,37,
-13,-9,
-5,5,
-37,53,
29,-12,
-26,-22,
-37,-106,
-24,-62,
43,-11,
-2,-12,
3,-32,
-35,-13,
36,-13,
16,-14,
28,2,
-19,-43,
-72,-35,
58,-22,
58,-16,
-51,18,
-95,62,
-31,-42,
-11,-42,
-47,-10,
-53,35,
-10,-7,
-12,-12,
-3,-8,
17,-6,
18,14,
3,27,
-23,-47,
-4,32,
10,48,
-6,-27,
-63,-18,
-77,-1,
-38,-13,
-23,-35,
5,-19,
61,20,
38,16,
0,-18,
-27,-20,
18,28,
-7,-1,
-44,53,
25,1,
-30,25,
-37,0,
-36,2,
-83,34,
-11,24,
-56,34,
13,-49,
-18,-30,
14,-35,
23,-41,
-1,-53,
9,15,
16,-2,
74,-16,
80,-44,
81,36,
-26,36,
-44,32,
-44,-28,
1,-35,
-92,-13,
-74,-77,
16,-25,
52,29,
2,41,
-19,19,
-39,-10,
-12,-11,
-29,39,
17,46,
-29,66,
-74,-34,
-12,-10,
12,23,
18,-3,
-4,7,
56,21,
-19,-48,
32,-92,
-4,44,
41,31,
-19,-28,
-23,-4,
-24,-36,
30,29,
1,26,
-3,-16,
29,10,
26,-15,
12,14,
-2,1,
53,6,
48,52,
-58,80,
-62,19,
-22,53,
18,-65,
-2,-37,
3,1,
46,8,
8,-5,
8,8,
-84,60,
-53,-3,
1,-38,
24,2,
-11,-28,
-21,-6,
58,26,
36,49,
54,85,
-31,21,
16,74,
-27,-2,
-19,-6,
-9,78,
-18,35,
3,34,
-33,30,
15,56,
27,53,
5,45,
2,23,
2,-3,
30,8,
20,3,
4,-5,
-71,25,
-67,-15,
-23,-47,
-22,1,
-46,34,
22,44,
24,-4,
-68,-25,
-46,-3,
-32,17,
-12,-11,
12,53,
-72,54,
38,30,
44,18,
-34,-40,
7,-38,
12,2,
-7,8,
7,18,
-32,-30,
68,80,
41,-58,
20,19,
72,10,
-19,-3,
-25,-18,
-90,-30,
-44,2,
-20,-35,
0,-43,
-15,-31,
-31,-3,
19,35,
27,-16,
-30,-10,
-8,10,
32,-2,
15,-8,
61,-40,
35,27,
35,14,
34,44,
-10,5,
-25,10,
-68,20,
-80,-10,
21,37,
49,33,
36,3,
-41,-40,
-47,-6,
-14,-4,
21,-13,
-22,25,
-54,40,
-15,-31,
70,-9,
57,-7,
1,27,
59,40,
72,-31,
-2,-19,
8,22,
7,10,
1,-21,
-6,-34,
-32,7,
47,-9,
3,-3,
-12,5,
8,-6,
-4,25,
-4,-5,
-48,-8,
-8,13,
-8,74,
32,17,
92,51,
-8,3,
-15,-35,
-49,-17,
32,8,
-10,-33,
-26,-23,
-12,20,
-39,28,
1,12,
-17,6,
-64,1,
13,9,
5,-62,
-6,-17,
-58,-56,
-64,-33,
-27,-32,
34,6,
38,19,
30,-31,
1,-12,
-76,4,
-32,-40,
1,-14,
52,0,
20,23,
84,34,
26,35,
-34,0,
-15,-57,
-32,-41,
16,39,
3,-33,
47,21,
22,20,
-16,21,
-31,39,
-67,-7,
40,-6,
-18,64,
-5,-2,
16,46,
-15,21,
-3,-10,
-13,-29,
-34,50,
81,-15,
11,-15,
-56,17,
9,-13,
24,-14,
38,-49,
166,10,
1451,569,
6132,3827,
6459,5987,
5200,6979,
-49,5211,
-4171,-265,
-2878,-1803,
-632,-1463,
107,-3957,
2041,-7093,
5019,-6174,
6208,-2586,
2482,600,
-184,601,
-542,156,
-14,144,
326,633,
-168,1020,
-247,355,
-168,68,
-142,-153,
205,95,
114,152,
-228,-165,
-259,-573,
-223,-253,
-31,-156,
362,91,
757,348,
426,344,
272,193,
-26,38,
-273,-49,
-226,48,
-112,117,
-103,99,
-58,301,
-85,141,
39,13,
157,-27,
314,-177,
99,-90,
-178,-201,
-195,-375,
-118,-291,
63,-142,
116,-23,
15,105,
93,125,
28,-64,
60,-134,
96,-116,
-6,-133,
-118,-114,
-259,-208,
-198,-169,
-293,-291,
-258,-300,
-158,-292,
-101,-401,
-158,-269,
-104,-189,
-60,-137,
-56,-108,
-139,-87,
-185,-29,
-82,105,
-83,82,
-114,-131,
-310,-208,
-343,-237,
-70,-43,
81,190,
143,138,
38,132,
-196,202,
-487,130,
-389,117,
-325,80,
-188,56,
-122,62,
-7,86,
-45,0,
-58,4,
15,-37,
34,11,
43,18,
-48,-16,
-79,-16,
-33,-17,
-9,52,
-135,55,
-229,25,
-119,-37,
-75,-12,
-8,-8,
-70,-8,
-51,32,
-4,30,
48,-37,
62,-138,
-50,-182,
-154,-134,
-81,-12,
-131,10,
-31,-23,
13,104,
-87,123,
-152,9,
-87,-52,
-56,-107,
-2,-50,
-78,-42,
-89,-44,
-21,32,
-55,56,
-128,-41,
-311,-85,
-154,-106,
-25,-141,
-43,-180,
-45,-99,
-83,-114,
-50,-123,
-96,-73,
-58,-2,
-99,6,
-96,7,
-134,-32,
-72,43,
-65,98,
-65,52,
-85,-112,
-74,-137,
-144,-129,
-108,-98,
-89,-125,
-12,-60,
-28,-72,
-26,38,
-134,53,
-76,48,
-73,4,
-19,-5,
-62,-38,
-40,-46,
-12,39,
0,-3,
-28,76,
-39,44,
-38,87,
-51,1,
-41,-28,
29,14,
1,62,
-100,54,
-131,-25,
-61,-52,
-41,-21,
00>
_________________________________
00>
00>
Printing STS1 CIR
00>
00>
_________________________________
00>
46,4,
0,-14,
-21,1,
5,-2,
-10,-20,
76,59,
25,98,
-8,33,
-2,-5,
-4,-1,
13,28,
88,34,
46,77,
23,65,
6,-4,
-1,-37,
33,-1,
8,37,
-28,93,
-7,40,
-28,55,
-16,65,
-21,-29,
-16,-10,
-9,25,
-71,32,
-82,2,
-31,1,
46,-56,
0,-15,
1,70,
-14,2,
14,-9,
61,11,
-10,11,
-7,40,
-2,7,
5,10,
-14,15,
71,27,
-32,-8,
-2,36,
-17,-45,
52,-23,
42,44,
25,20,
29,7,
11,38,
26,58,
-36,85,
40,34,
41,21,
24,12,
43,41,
2,-42,
-16,-53,
18,-4,
15,33,
1,-7,
8,-18,
-22,-11,
-2,65,
29,46,
36,-18,
17,-18,
31,-48,
28,-31,
44,-32,
56,-39,
-4,33,
45,90,
30,22,
43,-5,
112,19,
126,37,
86,-16,
63,19,
-9,41,
-4,-4,
14,25,
18,42,
11,18,
12,100,
-14,171,
-13,152,
-7,56,
-44,-82,
-63,-55,
11,7,
-15,20,
-9,-8,
-66,-35,
-22,-58,
-7,-6,
-12,53,
13,78,
-12,51,
46,1,
-10,21,
-8,-4,
5,-28,
51,11,
-110,50,
-60,64,
11,-8,
17,-49,
64,43,
61,1,
-15,36,
-30,4,
10,-7,
11,-9,
4,16,
65,-54,
34,17,
16,-83,
49,-33,
-48,-22,
-26,35,
-68,55,
20,43,
42,-5,
66,-20,
22,-12,
2,43,
23,26,
-20,30,
-35,-1,
37,43,
-4,-2,
-21,12,
-28,34,
-2,8,
99,57,
9,12,
60,-19,
19,12,
83,33,
37,-9,
68,-57,
22,-15,
18,36,
27,39,
29,67,
36,15,
13,10,
31,-37,
28,-45,
59,-7,
6,-35,
67,-56,
102,-12,
23,10,
33,35,
22,48,
60,17,
7,-12,
-17,-56,
-13,-15,
-9,13,
2,50,
-15,-34,
-29,-64,
53,-61,
73,-50,
26,13,
-29,49,
-45,25,
23,41,
4,35,
30,-14,
-5,-5,
-43,-13,
3,8,
-23,33,
4,-1,
10,1,
11,-34,
2,-67,
-7,-14,
30,-11,
80,17,
53,19,
68,10,
36,47,
22,30,
53,40,
83,52,
32,62,
58,26,
-1,11,
19,-25,
-11,-1,
-2,-13,
-10,44,
-7,38,
11,5,
3,67,
-17,0,
-22,8,
-41,-7,
-33,43,
20,44,
7,4,
-12,2,
-13,-8,
-5,19,
20,9,
11,15,
50,-50,
2,-124,
-26,-139,
2,-88,
51,21,
78,74,
23,-3,
18,34,
33,-20,
84,19,
43,-12,
25,6,
12,30,
-12,28,
-2,16,
41,-24,
4,-7,
19,7,
20,7,
21,12,
57,100,
81,18,
39,30,
54,25,
43,37,
-12,-10,
-29,53,
-54,49,
-26,6,
32,-21,
14,-12,
-8,59,
-4,71,
38,10,
3,-70,
9,-37,
99,64,
62,31,
10,17,
19,-4,
-14,-70,
-8,-64,
24,15,
12,52,
1,-17,
-50,-13,
11,8,
-26,19,
-26,28,
-72,24,
-55,24,
-59,29,
16,-71,
77,-65,
90,59,
31,58,
24,-21,
2,-11,
-7,-30,
-18,-7,
43,41,
-21,44,
-1,29,
-5,36,
-64,-62,
-2,-13,
14,1,
33,5,
11,27,
39,6,
14,-18,
-12,5,
25,72,
66,19,
1,31,
12,32,
2,17,
23,-15,
39,-22,
-26,31,
-13,12,
-4,-13,
6,-67,
27,-61,
27,-20,
58,37,
53,28,
7,8,
-27,-41,
-24,-40,
-34,-9,
50,-41,
27,17,
60,45,
46,3,
37,-15,
19,67,
52,86,
-6,87,
5,122,
18,60,
-5,-7,
4,10,
-27,17,
-12,36,
-22,21,
-43,18,
-5,-3,
41,-13,
10,4,
1,-32,
31,-4,
59,-15,
28,28,
33,14,
41,11,
95,9,
61,19,
6,11,
23,42,
6,19,
37,9,
50,9,
13,21,
-41,-4,
10,34,
-11,2,
8,11,
-47,-8,
41,34,
2,54,
-3,45,
-26,32,
47,45,
37,-2,
12,32,
-17,-20,
13,-58,
-5,-5,
3,39,
3,-1,
-38,-7,
4,-32,
166,-138,
1912,-670,
7701,-493,
8022,690,
7951,1968,
2557,2143,
-3543,1276,
-3040,376,
158,315,
1815,1527,
1329,4168,
-545,5150,
-1394,2925,
-711,525,
-102,-217,
154,-156,
97,-389,
432,-1223,
155,-1372,
57,-374,
-78,206,
-529,255,
-16,37,
303,-183,
-62,-219,
-499,-507,
-363,-529,
2,-315,
102,-354,
-59,-355,
-254,-423,
-206,-372,
-171,-201,
-235,-217,
-44,-160,
7,-27,
-2,84,
-53,-23,
-226,-214,
-526,-307,
-360,-262,
-672,-75,
-577,242,
-485,258,
-321,-75,
-115,-172,
-148,-111,
-127,-85,
-85,-85,
-127,-198,
33,-168,
12,-78,
-8,41,
-137,156,
-295,93,
-395,33,
-162,28,
-363,134,
-295,92,
-229,29,
-76,57,
-67,56,
-100,44,
-158,-91,
-94,-190,
-254,-320,
-68,-220,
8,-47,
-4,38,
-1,-124,
1,-354,
-37,-325,
10,-117,
-76,54,
-203,38,
-326,-47,
-279,12,
-183,59,
-179,38,
-154,5,
-130,-56,
-123,48,
-27,43,
10,14,
-7,46,
-94,-27,
-124,-14,
10,-14,
29,-27,
108,-1,
140,1,
155,108,
-4,110,
-54,82,
-71,20,
-22,-10,
-30,33,
-62,106,
-55,83,
-31,115,
0,68,
-19,-73,
-42,-23,
-17,41,
16,55,
55,90,
-5,1,
-65,-76,
-11,-120,
-10,-61,
-5,-38,
3,-42,
-26,-73,
-6,-118,
-22,-111,
31,-67,
29,-57,
-69,-76,
-72,55,
-70,74,
-10,-20,
9,-16,
22,-66,
79,-97,
74,-38,
-55,-21,
-52,-18,
-39,-39,
-25,-34,
-74,-91,
-67,18,
-9,-18,
-17,-11,
-76,-134,
-19,-79,
14,-34,
-31,-37,
-129,-39,
-137,9,
-39,-65,
33,-45,
-13,-22,
-21,1,
17,0,
1,6,
-20,-21,
-44,-56,
-14,-74,
6,-95,
-45,-42,
-100,27,
-49,-12,
-2,-46,
-37,-16,
-37,8,
-27,27,
-87,22,
-96,6,
-39,4,
-55,-15,
00>
_________________________________
00>
RX Timestamp: 204931950423
00>
Clock Offset: 1391.029 Hz, -0.174 ppm
00>
RX Timestamp: 206001965185
00>
Clock Offset: 2410.126 Hz, -0.302 ppm
00>
_________________________________
Sequence Number: 250
00>
00>
Printing STS0 CIR
00>
00>
_________________________________
00>
9,-7,
33,15,
10,34,
22,-12,
51,1,
47,-26,
64,16,
48,37,
-28,-16,
-78,12,
-142,39,
-6,-9,
-46,11,
48,-16,
21,-22,
104,-39,
38,4,
12,-55,
35,-62,
0,-16,
-13,26,
-16,-31,
-34,-51,
-51,-4,
10,14,
63,24,
1,26,
14,67,
31,7,
-25,71,
-68,31,
-21,-31,
-5,-20,
-17,65,
-5,18,
-58,19,
6,18,
23,-27,
48,-11,
53,-32,
63,-43,
53,55,
21,-30,
-34,-13,
20,17,
41,-58,
27,-56,
-34,-50,
12,14,
-30,87,
-3,74,
58,36,
77,-12,
-1,11,
-33,-18,
-58,47,
-40,28,
2,8,
87,6,
5,70,
-66,74,
-96,-15,
-2,-8,
-4,-97,
64,-57,
50,-45,
51,25,
7,8,
-12,-11,
47,-10,
13,10,
62,68,
82,49,
55,15,
34,-24,
59,-76,
-74,23,
-8,26,
5,31,
-17,57,
-19,10,
-17,0,
69,29,
28,-11,
-33,45,
-1,9,
-14,43,
-14,47,
-19,-39,
-84,-34,
-34,38,
7,-23,
5,10,
-26,-21,
58,45,
45,-4,
98,16,
79,-16,
46,24,
-20,53,
1,31,
81,3,
68,56,
16,61,
-12,82,
-34,-29,
-3,-95,
28,-35,
9,-66,
-55,3,
-59,-25,
18,26,
81,77,
-1,19,
-41,84,
40,77,
33,56,
31,7,
30,-24,
34,0,
87,24,
80,33,
69,-13,
61,32,
115,61,
-91,0,
-41,42,
8,1,
-38,-32,
-45,-18,
-9,18,
-5,-36,
-20,-3,
23,-24,
86,54,
114,10,
52,22,
-68,17,
-88,33,
-16,5,
-44,35,
-70,-30,
-55,-46,
64,22,
13,58,
-23,22,
-69,13,
-75,-49,
-43,-61,
-13,12,
72,15,
39,-16,
-8,-57,
-12,-28,
49,13,
-53,16,
-35,14,
54,22,
-43,-18,
-36,-45,
38,-6,
87,-18,
42,-37,
49,-21,
92,28,
11,-20,
52,46,
24,18,
-44,66,
-82,14,
-26,-11,
28,-5,
-18,9,
9,-11,
26,-59,
30,-29,
43,70,
-24,27,
0,0,
-25,3,
47,7,
38,-15,
33,-57,
-35,-98,
-21,67,
3,65,
33,18,
-38,25,
4,-21,
38,46,
58,13,
-18,48,
39,-43,
-32,-9,
42,-52,
34,9,
-10,38,
-20,1,
1,22,
-27,-61,
-31,51,
11,47,
-23,98,
-3,53,
23,71,
21,-1,
13,-27,
-8,-52,
27,-6,
-7,-47,
5,-8,
-15,24,
52,-16,
45,57,
-71,8,
-87,53,
20,38,
62,-65,
58,22,
-15,69,
2,21,
57,40,
-10,32,
5,47,
-42,6,
-2,14,
16,-39,
-31,19,
-29,29,
-62,40,
-81,29,
-67,-20,
51,-20,
-11,-14,
-49,-2,
15,-5,
19,37,
44,78,
67,61,
87,-20,
26,-10,
-35,51,
-12,-13,
57,-70,
11,-20,
-28,50,
3,-20,
6,-32,
32,-40,
-32,-22,
13,28,
-1,13,
-8,55,
25,77,
67,82,
-21,4,
-9,37,
-14,74,
-12,49,
-9,16,
3,14,
35,27,
-6,11,
20,-5,
-12,-3,
33,18,
-15,32,
-4,-23,
-63,-57,
-37,-77,
-34,-51,
13,9,
-48,54,
-48,12,
-61,-26,
5,-46,
58,-42,
73,34,
17,43,
48,60,
-55,10,
-11,-72,
-19,-9,
31,-7,
3,-25,
40,-20,
-58,22,
-63,-37,
21,-7,
-10,8,
-33,2,
-58,16,
20,59,
14,64,
5,27,
-33,-25,
25,22,
-8,24,
-10,9,
-14,-69,
2,-26,
-37,1,
73,85,
26,11,
9,37,
-41,10,
-20,4,
-48,9,
-2,4,
34,-79,
25,-51,
-19,29,
-28,8,
43,103,
41,95,
22,3,
-60,-52,
-60,-6,
-29,21,
-65,26,
-79,8,
-7,-68,
-2,-32,
20,60,
7,3,
-72,-42,
-89,-11,
-12,-18,
5,-42,
-40,-11,
9,37,
21,10,
29,-33,
2,8,
83,0,
-9,48,
-12,-6,
2,40,
-47,39,
-5,65,
5,-3,
-33,-16,
-47,-23,
9,2,
45,-23,
36,-29,
-13,-16,
-49,48,
41,-3,
37,54,
12,43,
-3,79,
18,6,
-14,-35,
-13,-22,
126,262,
339,1715,
24,5667,
-1215,7622,
-2552,6608,
-2244,832,
-1346,-2637,
-77,-2084,
891,-992,
2818,-1337,
5261,-1017,
5608,1061,
3204,2421,
350,1329,
-596,45,
-300,-186,
-61,242,
-326,532,
-612,351,
-343,-68,
-29,-204,
137,-37,
118,295,
9,171,
90,-106,
167,-233,
23,-159,
-1,54,
122,371,
20,513,
19,440,
60,197,
37,-18,
-66,-211,
-196,-212,
-265,-51,
-137,-60,
-118,20,
-29,-10,
125,-2,
235,61,
213,109,
135,-72,
49,-208,
44,-221,
119,-84,
139,-60,
39,-5,
-57,26,
-79,-1,
202,7,
195,-17,
147,-5,
58,-87,
62,-73,
25,-113,
-83,-243,
-3,-435,
186,-461,
256,-316,
97,-171,
10,-156,
-11,-128,
55,-158,
72,-181,
-22,-156,
-41,-108,
-103,-14,
-21,-30,
34,-118,
-19,-197,
-89,-177,
-46,4,
-115,38,
-136,100,
-152,-64,
-212,-135,
-259,-195,
-297,-277,
-262,-243,
-172,-119,
-118,-89,
-1,-81,
55,-75,
86,-65,
100,18,
20,33,
-49,11,
-52,-65,
-21,-51,
24,-17,
-41,-3,
-121,-126,
-110,-160,
-99,-103,
-22,-78,
42,-124,
29,-161,
-55,-48,
-27,12,
88,59,
113,23,
7,-77,
-27,-119,
-24,-63,
-70,-28,
-46,40,
-78,5,
-110,-147,
-76,-134,
-39,-138,
7,-85,
29,-90,
-27,-32,
-56,-91,
8,-43,
-26,-172,
-141,-198,
-101,-112,
-48,-49,
-34,-89,
-34,-120,
22,-89,
-43,2,
-43,-31,
-16,6,
-4,-3,
9,-54,
-27,-37,
-120,-28,
-103,6,
-127,14,
-9,-60,
57,-102,
-33,-56,
-24,-82,
2,-52,
82,-83,
35,-48,
-51,15,
-129,-19,
-141,-71,
23,-93,
40,-72,
-11,-16,
-25,-82,
30,-11,
15,20,
-10,-3,
-26,-50,
-25,-99,
-2,-43,
-55,29,
11,19,
69,0,
21,-29,
-32,6,
00>
_________________________________
00>
00>
Printing STS1 CIR
00>
00>
_________________________________
00>
25,61,
42,28,
-18,19,
-29,-8,
-56,17,
-43,76,
-83,77,
-99,44,
19,-44,
34,-98,
9,-78,
-7,0,
-31,95,
-19,28,
61,-61,
17,-7,
-8,2,
-65,24,
28,41,
41,-26,
79,-38,
44,-30,
38,-28,
56,-39,
29,35,
76,31,
56,18,
87,24,
7,6,
17,19,
-55,47,
73,56,
21,36,
-11,25,
-7,19,
36,-8,
21,-16,
-20,72,
-26,50,
12,55,
59,2,
43,5,
-20,-33,
-33,6,
36,-43,
36,-73,
88,-39,
31,-10,
-22,11,
-39,52,
-25,35,
-2,-21,
19,18,
-75,21,
-30,43,
-25,-15,
13,-45,
36,9,
89,27,
26,-7,
30,33,
44,48,
35,-19,
32,7,
77,23,
47,20,
28,9,
-80,24,
-60,-44,
-14,47,
25,12,
10,7,
20,-41,
44,4,
14,-34,
-33,13,
-82,31,
-64,53,
2,20,
28,-3,
37,-3,
-30,-63,
-15,21,
-17,10,
12,4,
-6,41,
-8,4,
39,5,
-24,18,
-9,18,
-8,49,
53,64,
-34,36,
-26,43,
13,110,
36,92,
15,48,
35,-7,
-33,2,
14,35,
-19,7,
53,33,
20,10,
8,-22,
46,53,
56,66,
41,0,
6,52,
-34,0,
8,13,
13,21,
63,34,
67,24,
-13,-15,
28,-32,
60,-81,
30,-3,
-10,10,
21,-32,
-12,13,
-2,22,
-5,-47,
-74,-45,
-9,23,
32,52,
37,35,
4,23,
0,7,
-14,-4,
-8,-22,
12,-13,
18,-47,
42,-12,
-31,61,
-61,58,
-31,6,
25,-48,
6,-15,
-22,-7,
6,-73,
15,-77,
5,18,
-76,40,
-27,50,
27,10,
37,58,
-19,17,
-41,-18,
-15,13,
-48,-32,
-15,8,
11,50,
-15,19,
-10,-38,
16,-19,
57,25,
15,35,
2,23,
-39,1,
-40,-31,
-20,-42,
-65,7,
-25,23,
-6,14,
26,-72,
27,-79,
0,-15,
43,-63,
-3,22,
-26,-20,
1,-16,
15,-10,
9,4,
-30,13,
9,-33,
-37,10,
-21,-8,
-25,-12,
48,33,
15,3,
-46,71,
-17,65,
-56,24,
18,8,
52,12,
36,-34,
-8,-32,
25,-27,
35,33,
16,54,
-51,53,
13,40,
57,43,
-8,-22,
-82,20,
17,24,
-28,39,
-48,27,
-65,37,
-20,72,
-50,-37,
-48,-102,
22,-47,
5,24,
-9,4,
-32,2,
9,-49,
-3,-59,
18,2,
-8,27,
-41,62,
42,26,
102,10,
-6,11,
-11,34,
92,31,
87,27,
96,21,
53,-33,
35,-24,
38,72,
-36,51,
-36,23,
1,-29,
-14,-5,
-10,29,
30,22,
-3,1,
22,-13,
26,33,
-8,20,
-11,-18,
49,9,
25,63,
18,61,
-24,99,
-32,32,
-79,-5,
-7,21,
71,82,
45,31,
-29,-32,
40,-73,
83,-36,
8,-3,
-16,37,
-73,26,
-63,37,
-5,22,
-21,-39,
-29,17,
20,38,
-12,58,
11,50,
-34,4,
-68,-19,
-27,59,
12,34,
-3,-44,
35,4,
25,14,
-43,25,
-31,4,
-48,-10,
9,62,
-27,-18,
-1,12,
22,-14,
41,-61,
16,-31,
24,-12,
-14,57,
37,36,
-33,76,
-41,48,
17,32,
42,32,
77,38,
60,-20,
80,-5,
23,66,
-2,89,
-90,29,
-50,50,
-18,53,
8,70,
0,105,
3,59,
-29,45,
-31,104,
50,1,
22,27,
24,11,
-6,12,
7,76,
29,-4,
22,6,
-16,3,
-12,15,
15,16,
-74,0,
-69,47,
-17,65,
-18,31,
-10,31,
11,10,
-2,-20,
-7,-32,
-40,53,
17,73,
39,46,
-19,78,
-98,30,
-38,15,
26,-11,
43,-8,
12,68,
-2,99,
-4,68,
39,73,
-5,-27,
-32,-33,
-4,0,
4,-6,
1,-3,
9,-19,
19,1,
25,39,
61,23,
-5,17,
-55,28,
-8,58,
-53,8,
38,-15,
-26,79,
-56,66,
36,-22,
-4,-9,
37,-28,
-14,19,
-7,23,
-2,26,
-10,14,
50,-42,
45,45,
10,30,
-51,-47,
2,-52,
40,57,
14,-11,
64,-34,
-4,-46,
-8,12,
14,24,
-29,-16,
165,248,
1088,1747,
2685,5802,
2969,7560,
1860,6990,
-491,1243,
-1857,-2153,
-1271,-1365,
-311,576,
-617,1751,
-2048,1868,
-2904,1020,
-1842,48,
-435,-294,
159,0,
221,171,
448,-53,
973,-217,
956,-196,
275,-61,
-308,-64,
-298,-38,
28,116,
200,38,
137,-224,
117,-451,
117,-280,
162,-92,
199,-65,
245,-316,
277,-496,
251,-402,
114,-228,
46,-147,
-9,-47,
-68,8,
-142,61,
14,-43,
149,-223,
106,-371,
31,-364,
-137,-324,
-242,-238,
-269,-172,
-68,-154,
49,-149,
78,-119,
29,-145,
122,-103,
151,-67,
238,-35,
154,-11,
30,-2,
-41,14,
-84,-71,
-83,-189,
-75,-151,
-5,-210,
-15,-131,
31,-41,
-61,55,
-49,42,
28,-70,
104,-175,
125,-230,
116,-270,
83,-207,
23,-48,
23,31,
116,-26,
222,-133,
168,-135,
40,-77,
-53,42,
-42,-29,
-58,-160,
-101,-162,
-135,-109,
-143,-105,
-59,-111,
-7,-75,
-36,-41,
-19,-53,
-4,-46,
47,-113,
9,-74,
-112,-24,
-9,9,
12,-2,
14,145,
34,165,
5,89,
-79,26,
-59,-29,
-28,-80,
22,-32,
15,-21,
-88,13,
-122,15,
-20,6,
67,-28,
79,-16,
98,1,
19,-20,
-34,23,
-67,16,
-31,31,
14,32,
-21,-4,
-22,-18,
23,11,
9,-21,
78,-65,
102,-56,
82,48,
18,12,
30,-33,
-37,-39,
14,-51,
19,-57,
54,-23,
54,-9,
80,-32,
73,-1,
59,1,
75,-28,
-19,-44,
-64,-65,
2,-87,
69,-79,
-1,17,
-28,39,
32,5,
110,-15,
170,-4,
38,28,
-60,-24,
-24,17,
25,8,
-15,-1,
35,31,
21,-27,
-23,3,
12,-51,
40,-33,
-7,22,
32,13,
50,2,
78,42,
37,-8,
19,-37,
-31,-39,
4,-1,
7,-21,
55,-11,
15,-5,
-7,-12,
00>
_________________________________
00>
_________________________________
Sequence Number: 253
00>
00>
Printing STS0 CIR
00>
00>
_________________________________
00>
7,9,
-15,6,
-24,-22,
6,-23,
28,-46,
20,28,
64,-22,
16,5,
-26,42,
-65,72,
-39,45,
-31,-66,
-14,-19,
92,-19,
11,19,
57,4,
-35,17,
-31,46,
24,-32,
30,-69,
31,-19,
48,-1,
7,3,
-52,30,
23,48,
31,14,
-2,-70,
41,-57,
-8,15,
19,29,
28,5,
27,-17,
1,17,
-118,45,
-75,-42,
-62,-87,
-2,-50,
-33,-66,
3,46,
79,-29,
17,10,
4,-1,
-31,-23,
-15,-1,
17,-5,
18,12,
-9,0,
11,16,
0,-46,
-34,-36,
-29,-42,
0,-90,
-28,-61,
23,29,
0,23,
-47,40,
-64,11,
-76,-60,
-21,-56,
21,-27,
-17,-26,
43,-25,
50,15,
-10,-28,
5,33,
28,0,
8,11,
-8,20,
14,-60,
-30,-81,
-35,-62,
-28,-37,
-70,-24,
11,-20,
-22,-44,
-13,-26,
-52,-16,
18,22,
-48,15,
43,-14,
36,-25,
31,65,
2,33,
7,60,
50,61,
19,-9,
26,-54,
14,-1,
-8,37,
52,8,
55,48,
19,36,
-16,24,
20,44,
0,40,
51,42,
63,-14,
56,-38,
116,58,
51,78,
14,37,
-38,-6,
5,28,
59,-21,
39,23,
45,9,
-58,46,
-66,4,
25,59,
-10,37,
-17,31,
32,-40,
19,-41,
-33,11,
-8,-30,
-33,23,
-6,7,
40,-3,
113,-46,
49,-5,
-3,-25,
-40,57,
-1,61,
11,-37,
38,-3,
44,-28,
-11,4,
-23,56,
-26,66,
-38,45,
-45,-38,
15,-34,
-2,0,
-3,77,
-58,17,
-80,-49,
-32,-23,
22,14,
-30,13,
-120,1,
-41,-14,
17,-36,
33,-18,
13,-43,
-7,15,
-32,-21,
-19,24,
-30,55,
-17,-13,
44,-26,
3,23,
-9,-11,
-5,13,
53,54,
2,10,
18,40,
-43,52,
-108,54,
-14,71,
-49,-7,
60,-5,
-12,25,
-1,-40,
20,28,
-24,87,
-37,35,
-25,16,
-42,-6,
-42,-17,
27,19,
93,-11,
128,8,
25,-7,
-42,9,
9,-34,
23,5,
44,9,
45,12,
-2,47,
-16,-16,
10,-18,
84,-27,
45,-52,
5,-47,
-7,-71,
82,-44,
-4,29,
-95,20,
-123,-9,
23,-35,
98,-78,
40,-49,
-17,8,
9,6,
-14,-46,
-32,9,
-11,33,
20,-11,
-6,-25,
49,-70,
-23,26,
59,14,
-26,65,
9,-13,
-5,3,
13,15,
68,4,
41,24,
17,27,
38,71,
66,81,
24,-10,
-64,10,
21,70,
53,42,
21,23,
-33,-34,
23,14,
66,0,
-16,18,
-80,13,
2,29,
45,19,
71,12,
21,-39,
35,3,
-6,-33,
11,2,
6,29,
-12,-30,
11,-6,
10,42,
-27,-38,
-63,-46,
35,-22,
42,11,
27,32,
2,-29,
0,-35,
29,-21,
-3,25,
70,44,
46,86,
73,96,
64,81,
42,-9,
-15,-70,
-31,-25,
-59,56,
107,6,
83,-12,
-20,-15,
-113,1,
2,-3,
3,-13,
-33,26,
-2,31,
4,22,
-13,0,
-11,-38,
26,34,
-26,-17,
3,-24,
-35,54,
-37,8,
-4,16,
-20,-18,
49,18,
-29,3,
-41,21,
-96,29,
-12,41,
16,-25,
25,-102,
13,-73,
-15,-7,
-56,45,
35,15,
21,-29,
-19,-59,
-33,-85,
22,-25,
65,-9,
61,37,
-13,-68,
-27,-17,
-56,-16,
56,33,
38,11,
47,-71,
40,-20,
22,6,
20,-4,
62,19,
27,0,
27,43,
-59,-37,
-33,3,
-9,82,
-9,21,
7,12,
61,19,
-7,14,
-37,-10,
6,-13,
53,73,
34,-23,
54,-2,
51,-90,
18,-1,
27,31,
-7,67,
70,-25,
-5,-68,
-4,33,
-8,63,
-27,-3,
-12,29,
-67,28,
-36,-60,
8,9,
18,-10,
32,38,
-7,-36,
-28,-10,
17,-37,
44,-38,
91,31,
13,52,
-8,-38,
-74,-31,
6,-29,
15,13,
-66,-5,
-56,-45,
3,21,
28,-12,
9,-28,
-74,-36,
-43,-66,
-52,-46,
-71,-14,
-28,17,
-8,41,
-72,79,
-97,-8,
-99,27,
-30,-3,
44,-8,
23,-57,
15,-98,
-75,5,
-642,305,
-3085,1619,
-6996,3186,
-7825,2575,
-7258,313,
-1828,-1997,
1136,-1808,
881,-38,
-257,1607,
-1582,2475,
-2684,1954,
-2475,597,
-1223,-215,
-88,-226,
286,-118,
316,-168,
652,-299,
1118,-467,
358,-175,
-9,-82,
-137,125,
129,272,
260,353,
351,69,
306,-347,
96,-421,
-115,-229,
-51,-93,
170,-100,
241,-152,
176,-243,
132,-233,
151,-71,
135,51,
58,-7,
9,-142,
45,-252,
144,-290,
238,-337,
220,-179,
197,-222,
149,-66,
101,84,
157,91,
192,-62,
183,-168,
193,-143,
84,-138,
41,-41,
20,129,
66,214,
62,173,
49,161,
118,70,
129,77,
136,129,
70,84,
83,59,
96,20,
59,54,
100,16,
158,-21,
172,-33,
195,56,
130,42,
16,8,
-4,-17,
62,44,
136,90,
226,-17,
108,-107,
114,-65,
101,14,
76,70,
105,142,
171,145,
107,46,
24,-45,
-37,-69,
48,-56,
193,-37,
264,-56,
80,-20,
-11,14,
47,-59,
114,77,
110,54,
80,-18,
31,-24,
74,38,
135,39,
80,20,
10,15,
26,38,
56,-37,
95,-9,
-9,-115,
-10,-38,
-23,-44,
50,8,
32,-21,
81,-25,
32,-3,
64,17,
74,-3,
104,-13,
51,-53,
101,-21,
109,-27,
165,-40,
123,18,
84,9,
75,14,
149,-20,
33,39,
-3,-9,
45,-1,
43,26,
28,-20,
-11,-35,
72,-14,
172,-55,
190,-86,
80,-54,
59,-1,
43,-20,
70,-21,
30,12,
19,-34,
55,-41,
73,16,
28,-1,
65,16,
136,44,
134,-15,
65,18,
36,-72,
44,-102,
65,-66,
108,29,
107,-4,
113,19,
101,1,
58,-11,
21,-52,
147,-58,
23,-67,
-23,-22,
54,17,
67,44,
149,4,
35,-14,
100,-91,
54,-70,
105,-42,
119,-8,
115,-27,
108,-4,
42,70,
10,19,
00>
_________________________________
00>
00>
Printing STS1 CIR
00>
00>
_________________________________
00>
-31,26,
3,15,
90,26,
66,37,
74,-4,
33,31,
18,80,
14,63,
-21,41,
47,48,
16,10,
-33,6,
-72,7,
20,18,
30,45,
24,-17,
-9,62,
-11,64,
31,45,
65,-4,
32,-2,
-50,5,
-19,58,
10,54,
21,19,
-47,-4,
55,85,
36,40,
22,-36,
13,-2,
-17,7,
35,47,
10,22,
55,36,
77,23,
-1,33,
-12,15,
22,-28,
8,33,
-33,48,
-3,16,
-7,4,
25,-47,
22,17,
-56,96,
-53,72,
45,15,
-2,55,
4,81,
14,58,
52,40,
18,-16,
63,-9,
-26,7,
-74,41,
-46,17,
7,-4,
21,-16,
1,41,
-7,-47,
-48,14,
-28,18,
9,-16,
-19,7,
18,62,
39,92,
104,87,
18,84,
-29,17,
17,35,
-53,124,
-33,-35,
-21,-13,
1,-13,
13,59,
38,-65,
51,2,
-23,31,
-37,-7,
-38,-56,
27,-46,
-35,45,
11,61,
66,57,
40,12,
45,-5,
-28,56,
-7,42,
2,67,
32,-15,
5,10,
-3,1,
31,9,
61,-36,
45,11,
-33,38,
-65,36,
-50,-55,
36,-4,
29,-24,
-8,-84,
24,-36,
38,3,
0,-6,
-4,34,
-66,29,
-73,-40,
-12,12,
24,45,
4,61,
9,23,
5,21,
-54,13,
-30,0,
19,25,
-29,2,
-40,-42,
-15,37,
-49,35,
17,13,
28,35,
71,-4,
23,-19,
32,-13,
13,40,
24,-10,
35,27,
8,-26,
25,-4,
1,-26,
15,9,
29,38,
30,12,
32,11,
25,32,
-35,21,
-28,28,
-25,15,
-8,53,
-33,85,
3,13,
-10,19,
-12,46,
9,13,
33,-39,
35,40,
85,17,
45,2,
75,29,
29,-16,
27,4,
12,7,
-3,20,
-17,-9,
95,-30,
79,-49,
2,0,
7,69,
-13,34,
-10,9,
-16,-18,
37,47,
25,63,
9,-2,
-42,16,
7,-32,
11,8,
-1,24,
1,0,
-29,-24,
-22,-1,
-16,32,
37,7,
32,21,
50,6,
-10,36,
-54,36,
-53,-27,
-49,-24,
-31,-28,
23,1,
13,-18,
-7,46,
42,55,
6,-40,
8,0,
-32,90,
-75,3,
-28,1,
25,26,
-54,1,
2,-2,
20,-39,
73,-52,
17,8,
44,30,
43,35,
27,14,
-40,90,
-67,-10,
-48,-32,
20,11,
8,74,
-2,62,
3,43,
0,19,
-24,29,
-3,-18,
6,23,
-6,48,
-41,4,
3,-28,
4,30,
0,69,
-43,-2,
-36,-11,
-8,26,
-71,40,
-20,43,
-55,-1,
-57,-37,
-19,59,
2,48,
37,38,
50,2,
0,-28,
-12,-21,
-37,-13,
33,64,
49,14,
-41,-52,
-28,-25,
-20,48,
-2,37,
33,-33,
-10,0,
21,34,
57,19,
-1,47,
-11,36,
-3,-5,
-42,-49,
14,-9,
16,31,
-15,69,
6,25,
38,0,
-26,-20,
-36,29,
13,15,
-3,-35,
6,-31,
-47,44,
5,59,
-32,51,
-50,-32,
9,2,
87,25,
82,52,
54,32,
60,22,
54,-29,
-30,-12,
-36,-7,
-42,-5,
-42,10,
-88,5,
-48,-19,
-24,25,
-21,27,
41,18,
-19,94,
11,82,
-2,-18,
-2,18,
-3,30,
-23,97,
-60,27,
-99,57,
-25,-45,
8,35,
-9,40,
-32,-43,
-33,15,
-8,-12,
12,-26,
15,-6,
-27,47,
-40,30,
-11,31,
18,-21,
3,-47,
8,-27,
8,-36,
-6,43,
19,31,
6,14,
42,-16,
-11,10,
-16,27,
18,5,
24,-20,
31,-12,
13,20,
17,39,
29,64,
16,27,
27,3,
-5,-11,
-56,3,
1,5,
-8,-3,
-12,12,
19,-56,
35,-71,
50,-36,
46,1,
63,10,
-33,-75,
-20,-16,
-47,42,
-27,-17,
-4,-13,
36,7,
73,27,
42,-16,
-7,-2,
-39,-10,
2,-3,
4,10,
45,-36,
82,-50,
117,-33,
-21,-17,
-66,49,
0,68,
33,18,
-27,-30,
-97,-37,
-93,-1,
-45,-30,
18,-15,
-9,26,
-20,11,
-15,46,
24,11,
47,-19,
37,5,
35,77,
29,21,
-6,-22,
-24,25,
-406,808,
-2168,4262,
-4087,7028,
-4878,7196,
-4569,5213,
-737,-320,
1182,-2007,
807,-616,
467,-91,
775,-1176,
1383,-2299,
1453,-1681,
923,-433,
276,228,
-228,51,
-505,-326,
-626,-571,
-628,-506,
-237,-102,
123,117,
93,418,
48,357,
152,209,
298,-147,
380,-390,
329,-554,
101,-354,
-112,-97,
-163,144,
-89,170,
70,61,
179,-145,
200,-271,
155,-191,
79,47,
59,53,
97,-144,
220,-191,
403,-111,
348,12,
264,-70,
134,-133,
-33,-199,
-9,-252,
57,-186,
140,-132,
17,-62,
-132,20,
-100,192,
118,314,
271,200,
184,162,
137,-24,
28,-23,
-25,35,
-43,54,
-33,23,
46,12,
118,-77,
89,-84,
71,-115,
56,-164,
130,-135,
133,-77,
63,-51,
24,-35,
24,-3,
104,35,
269,100,
214,-66,
150,-179,
65,-140,
-33,-49,
-132,28,
-103,129,
-58,32,
-42,-47,
-62,-93,
-110,-130,
-43,-168,
4,-57,
59,-95,
-5,-23,
-20,13,
-68,-26,
-47,-17,
32,-11,
56,-45,
68,-78,
51,-101,
89,-148,
64,-22,
-3,-64,
-5,-86,
14,-107,
64,-87,
69,-21,
64,-64,
42,-65,
20,-47,
21,-61,
21,25,
86,-14,
54,-49,
40,-86,
18,-128,
1,33,
2,58,
110,-29,
17,-71,
12,-69,
7,-87,
25,-32,
-53,3,
-31,-22,
33,-7,
60,-102,
41,-118,
29,-82,
67,-95,
2,-45,
23,-38,
87,-83,
81,-113,
55,-62,
24,-53,
-39,-38,
-27,-40,
-28,-35,
36,-73,
-24,-61,
-80,-74,
-9,-23,
87,6,
41,-64,
29,-74,
34,-38,
23,-74,
25,-35,
75,-31,
28,-35,
47,-22,
83,-37,
53,-21,
35,-78,
35,-80,
34,-57,
-27,-76,
36,25,
-42,55,
57,-4,
63,-26,
40,-28,
64,-49,
76,-21,
75,-40,
44,-54,
8,-62,
42,-22,
15,-55,
00>
_________________________________
00>
RX Timestamp: 345068660579
00>
Clock Offset: 2086.544 Hz, -0.261 ppm
00>
RX Timestamp: 346140899974
00>
Clock Offset: 1402.187 Hz, -0.176 ppm
00>
_________________________________
Sequence Number: 130
00>
00>
Printing STS0 CIR
00>
00>
_________________________________
00>
-21,57,
-11,31,
-11,-22,
-28,-75,
-2,-27,
7,51,
21,80,
-31,91,
-77,25,
5,2,
-50,50,
-17,54,
54,36,
97,1,
115,33,
95,9,
-22,52,
0,29,
-13,29,
19,-45,
24,38,
1,38,
22,73,
-2,62,
-53,1,
19,-9,
16,-79,
106,-9,
33,6,
18,-27,
5,-6,
34,17,
41,55,
10,-13,
-48,-7,
14,74,
-19,81,
-42,20,
-28,-41,
33,-72,
57,-25,
-44,32,
-5,27,
-21,-5,
26,-21,
77,-8,
-9,5,
-8,-26,
10,-45,
11,19,
-22,-5,
7,-45,
51,-4,
18,0,
2,40,
-52,109,
-44,-32,
-36,-81,
24,-7,
37,8,
23,8,
52,-6,
57,77,
59,102,
4,10,
23,21,
29,52,
33,38,
-50,51,
19,-6,
72,-56,
62,-45,
52,31,
-66,5,
1,0,
57,30,
-19,-2,
-66,-45,
-12,-56,
-24,-125,
-17,4,
22,-46,
77,-14,
-15,-7,
41,-49,
53,0,
-29,-24,
2,-51,
9,-76,
27,-37,
63,0,
75,36,
83,65,
22,19,
-93,-18,
-21,-27,
-5,-11,
29,6,
17,57,
16,63,
-15,-4,
-29,25,
-90,7,
-55,31,
13,-2,
-36,-36,
14,-10,
70,9,
-3,8,
41,49,
7,87,
18,34,
37,-3,
8,-15,
34,-3,
25,28,
-7,110,
34,154,
-41,103,
-35,67,
-60,33,
27,27,
74,6,
-15,0,
7,16,
-8,-37,
49,-32,
50,-20,
22,15,
-60,21,
37,2,
35,37,
22,32,
90,41,
47,-36,
23,2,
-18,13,
26,67,
78,27,
21,-34,
56,-42,
43,26,
-39,43,
-16,-31,
0,9,
91,-16,
92,17,
13,-11,
-37,-50,
-22,-26,
26,-60,
32,-83,
21,49,
0,49,
67,37,
-36,-11,
-23,47,
-99,-28,
-18,-55,
-62,-105,
10,-12,
19,81,
-10,34,
-9,-17,
37,-1,
60,-58,
49,-79,
62,-2,
34,45,
-44,28,
41,-23,
51,14,
-4,-5,
-4,-45,
7,-47,
-22,-19,
5,-51,
60,-26,
68,-4,
39,-11,
65,29,
17,43,
-9,36,
79,22,
64,-9,
75,-23,
53,-38,
36,26,
51,-26,
37,-44,
22,15,
-11,78,
-4,56,
-6,-27,
-14,-86,
-21,-60,
2,-20,
54,59,
44,36,
-30,57,
-18,34,
18,-21,
69,-148,
47,-30,
-28,7,
-19,19,
-17,30,
-12,-24,
-1,35,
-4,54,
-39,-3,
-4,-32,
6,44,
0,0,
50,1,
41,-43,
7,62,
-2,15,
-15,-21,
40,-17,
23,21,
-27,27,
-1,11,
75,65,
3,70,
28,25,
37,38,
48,-8,
55,47,
25,51,
-34,33,
0,43,
-41,22,
-13,5,
-30,-41,
23,-47,
41,-21,
-2,42,
49,-16,
-27,-21,
-2,56,
-4,98,
-6,3,
-4,-71,
9,18,
-15,-13,
14,43,
-9,27,
-13,-12,
-53,-37,
-44,1,
-39,-13,
-17,-43,
-10,-68,
-23,16,
9,47,
52,23,
-54,21,
-5,-55,
18,0,
54,18,
25,-18,
-1,-87,
-18,-2,
-45,9,
-24,66,
-51,20,
-30,29,
40,86,
65,50,
40,21,
6,11,
13,7,
26,21,
30,0,
-24,10,
8,17,
-9,-30,
-6,-40,
22,-58,
39,-9,
-32,15,
-41,10,
-9,36,
26,41,
-20,79,
24,-40,
75,-41,
32,-60,
-1,-29,
46,0,
60,18,
31,28,
8,31,
-17,-4,
-67,-44,
1,-32,
85,-83,
63,-51,
-27,-47,
-15,-22,
96,-54,
70,-48,
27,-68,
-8,-34,
6,24,
66,-29,
51,-8,
66,37,
50,-20,
-30,23,
5,40,
11,-46,
18,-61,
-13,-34,
9,37,
41,21,
47,-32,
103,26,
50,-21,
-14,19,
17,39,
43,38,
-4,-5,
-25,-43,
-2,10,
23,2,
4,40,
35,-5,
19,23,
-66,-28,
-54,-15,
-20,13,
35,-8,
61,-67,
37,-59,
42,-17,
84,-24,
90,17,
107,-37,
24,-61,
15,-45,
27,-26,
-13,-6,
80,-41,
55,-19,
28,55,
-28,14,
43,1,
72,-28,
-13,-47,
-59,22,
-148,25,
25,-36,
62,49,
177,8,
1386,136,
5213,702,
7654,1773,
7207,2835,
1832,2406,
-2867,932,
-2781,62,
-1242,-788,
-1485,-2684,
-1492,-5199,
820,-5913,
2794,-3708,
2082,-697,
386,480,
-272,421,
162,150,
587,359,
466,471,
-47,330,
-154,80,
-37,-77,
255,-26,
202,71,
-19,-33,
-291,-133,
-255,-149,
-66,-112,
202,-50,
549,76,
557,131,
324,69,
-25,59,
-140,51,
-113,141,
2,133,
-25,115,
-47,181,
-110,198,
-36,8,
77,-116,
115,-236,
-59,-191,
-203,-167,
-254,-195,
-180,-165,
19,-186,
134,-83,
94,23,
72,77,
29,-124,
67,-198,
2,-97,
-93,-71,
-147,-16,
-135,26,
-184,52,
-332,7,
-337,-169,
-302,-203,
-244,-192,
-202,-73,
-186,10,
-252,-18,
-210,-8,
-144,-35,
-197,48,
-40,103,
-80,64,
-189,-25,
-272,-3,
-207,-30,
-28,60,
103,79,
113,129,
3,175,
-103,220,
-180,251,
-191,203,
-216,325,
-224,212,
-70,83,
31,-44,
43,-21,
26,-10,
22,18,
53,43,
41,44,
-95,57,
-63,57,
-67,65,
-59,63,
-88,164,
-62,113,
-109,120,
-44,74,
10,16,
-68,-17,
-52,22,
7,63,
24,37,
47,3,
-58,-38,
-139,29,
-126,32,
-103,107,
50,118,
35,89,
-26,37,
-80,78,
-128,33,
-29,-6,
-34,25,
-8,6,
-208,13,
-86,19,
-114,36,
-77,69,
-81,143,
-120,5,
-1,-5,
-51,-51,
-16,19,
-84,-39,
-108,6,
-36,56,
-10,83,
-44,63,
-54,59,
-101,57,
-73,119,
-66,116,
-83,110,
-76,-8,
-2,-7,
-107,10,
-105,-19,
-145,-8,
-79,82,
-28,82,
-33,59,
34,26,
-31,29,
-61,86,
-39,58,
-7,28,
-87,28,
-9,31,
-30,4,
-61,8,
-19,85,
46,65,
-7,59,
-58,10,
-68,2,
-13,26,
21,88,
00>
_________________________________
00>
00>
Printing STS1 CIR
00>
00>
_________________________________
00>
-42,107,
-18,21,
-2,-27,
-18,14,
33,14,
-1,29,
-82,-14,
-74,-42,
-19,-20,
33,-46,
-38,-22,
-16,-12,
30,28,
90,-5,
60,42,
-11,-25,
-24,-6,
7,24,
-3,-16,
-15,11,
-26,15,
-29,7,
42,47,
-9,11,
23,36,
3,-49,
38,24,
36,25,
-42,30,
-57,-16,
-53,-20,
-61,76,
-49,79,
-21,58,
-22,49,
-14,14,
-10,30,
17,12,
-45,-15,
19,-24,
-70,-32,
-30,-33,
-14,6,
-19,-22,
-4,-73,
-23,-39,
3,-17,
18,-42,
40,22,
11,-22,
26,-67,
20,32,
-42,65,
46,20,
-13,-56,
-11,-44,
-38,41,
-35,44,
-38,-4,
74,-46,
47,-21,
-35,-30,
-73,37,
-30,37,
-13,-8,
-15,51,
-39,36,
-27,31,
-31,-23,
40,-32,
18,30,
-2,20,
31,48,
-53,9,
-42,-55,
-9,29,
16,32,
-4,22,
-43,33,
36,41,
43,-24,
-7,12,
30,48,
36,30,
45,-41,
29,71,
26,131,
33,126,
37,32,
17,-4,
16,-18,
-4,3,
-59,23,
9,-3,
-20,27,
-5,-13,
0,-43,
-10,-20,
5,81,
9,39,
54,-31,
14,80,
-23,141,
-30,129,
-4,38,
-27,-90,
-42,-19,
45,-39,
-22,1,
-56,21,
47,-1,
6,6,
2,7,
14,-35,
46,17,
4,17,
-31,26,
-45,1,
63,31,
36,8,
37,23,
10,-30,
19,4,
4,28,
-15,-5,
63,-26,
-7,-57,
31,-68,
-4,19,
-41,56,
-12,-2,
-11,-52,
-2,31,
47,59,
45,55,
-44,78,
-78,49,
10,81,
15,5,
-46,46,
-35,23,
3,62,
0,59,
6,5,
-11,-40,
50,-36,
57,-56,
0,-55,
25,-52,
-22,-25,
44,7,
-15,-11,
-16,-43,
-13,4,
-8,11,
-6,7,
9,47,
69,1,
125,-15,
86,8,
9,40,
-13,31,
20,-11,
23,1,
11,63,
37,112,
39,49,
30,58,
-45,-17,
-43,-51,
-41,-1,
-69,57,
-50,51,
1,80,
-46,47,
-26,6,
41,-1,
14,-28,
-13,71,
-71,74,
-36,19,
36,33,
49,-7,
8,-27,
9,-34,
60,-79,
25,-81,
-27,-56,
-49,20,
14,5,
-26,42,
-43,-9,
46,-63,
30,-13,
15,12,
13,46,
16,3,
-4,18,
3,47,
-4,10,
-53,38,
36,39,
61,8,
-3,-36,
-51,-61,
49,-39,
-16,37,
11,8,
-17,10,
-53,-19,
49,-13,
49,-18,
-6,-32,
69,70,
15,81,
10,58,
-47,71,
-44,58,
-17,49,
46,23,
48,36,
67,89,
64,118,
-17,12,
-20,-7,
-68,-28,
-38,24,
8,-32,
-19,-46,
-20,-50,
-47,-20,
-30,-90,
43,-12,
33,54,
20,19,
-58,4,
35,-51,
39,57,
51,-3,
-40,21,
25,19,
43,-4,
5,-37,
-22,45,
-22,-1,
-24,58,
-28,33,
14,-1,
22,-69,
8,-25,
-16,62,
2,7,
18,-31,
-7,-17,
55,30,
-47,49,
-16,-21,
28,-117,
47,27,
-1,72,
-21,1,
17,-8,
6,-16,
61,32,
20,26,
-3,39,
-70,38,
-5,45,
-32,-4,
-12,21,
-34,31,
8,26,
17,27,
12,-52,
-54,-19,
30,9,
-45,12,
-37,-3,
-44,-7,
-10,-16,
67,71,
1,46,
-58,8,
-62,65,
-58,-24,
-6,-32,
-52,91,
-34,80,
44,16,
14,-51,
-18,-37,
-23,-49,
6,35,
5,34,
10,42,
14,63,
15,-28,
35,51,
16,70,
-51,25,
-34,13,
31,10,
20,50,
9,11,
6,13,
17,12,
-14,34,
-28,76,
41,-6,
95,-17,
0,-23,
0,31,
24,-19,
90,59,
128,53,
42,18,
11,15,
26,86,
49,84,
21,-4,
50,53,
45,32,
85,-41,
25,-9,
-8,-7,
12,98,
53,41,
62,49,
-25,56,
-17,-5,
-20,-7,
32,-19,
27,24,
-17,-13,
-32,-24,
-24,50,
29,-1,
27,20,
13,-72,
-22,-62,
26,0,
93,26,
16,-2,
9,30,
18,60,
56,60,
109,25,
51,14,
62,22,
10,10,
72,-36,
85,3,
79,-20,
92,-27,
28,-13,
91,-214,
1265,-1296,
4980,-3481,
7285,-3903,
7351,-2812,
2441,534,
-1834,2733,
-1841,1710,
214,28,
1671,-6,
1907,1515,
1322,2927,
312,2511,
-161,998,
-33,-29,
146,-284,
51,-428,
-180,-843,
-375,-963,
-233,-401,
-86,182,
-98,315,
43,30,
79,-213,
-138,-120,
-487,-66,
-399,-136,
-119,-282,
-86,-308,
-216,-265,
-433,-202,
-449,-166,
-303,-93,
-252,-50,
-204,-98,
-43,-45,
64,113,
162,79,
-47,-52,
-294,-104,
-391,86,
-343,303,
-250,473,
-155,485,
-80,140,
-75,-71,
-96,-25,
-186,27,
-178,22,
-140,-79,
-78,-171,
-38,-149,
25,-48,
-2,-26,
-72,111,
-104,4,
-116,147,
-159,179,
-143,148,
-49,34,
7,25,
-49,49,
-118,167,
-253,38,
-271,-88,
-352,-132,
-294,-62,
-73,56,
14,97,
-26,-87,
-103,-259,
-147,-162,
-54,-40,
-2,90,
-79,157,
-228,189,
-233,224,
-120,155,
-147,118,
-139,35,
-123,-41,
-104,8,
-46,-4,
-11,-21,
-43,-9,
-131,34,
-103,60,
36,-13,
68,-75,
63,-128,
85,-85,
137,79,
60,92,
-48,88,
37,97,
-29,15,
30,37,
22,115,
9,170,
79,117,
-17,43,
-23,-10,
-134,22,
-43,51,
26,79,
11,129,
-21,43,
-45,-22,
22,-26,
-48,-54,
20,-119,
-24,-98,
-22,-49,
-63,-114,
-63,-54,
-68,-84,
-19,-81,
-23,1,
-49,-13,
-53,-61,
0,-40,
-5,11,
58,-11,
58,-76,
-14,22,
0,98,
15,99,
35,118,
-2,73,
-29,-29,
-68,-16,
-23,-49,
32,-23,
84,-97,
-36,32,
-64,54,
-60,6,
-79,-63,
19,-90,
1,-70,
-3,-44,
-32,-25,
-77,-56,
-65,-54,
-36,-11,
-38,-35,
-21,-4,
-14,6,
-27,30,
-16,-34,
-53,-41,
-129,26,
-9,77,
-39,-25,
-50,-52,
-119,21,
-43,52,
00>
_________________________________
00>
_________________________________
Sequence Number: 133
00>
00>
Printing STS0 CIR
00>
00>
_________________________________
00>
-21,-38,
18,-30,
24,-16,
37,18,
60,-8,
16,-6,
23,-1,
16,-13,
25,-10,
10,40,
14,11,
-12,-32,
26,-15,
72,21,
20,-33,
28,-33,
63,-30,
-33,-8,
-95,11,
-79,-31,
-84,-30,
-39,-29,
26,-13,
77,86,
-33,38,
-32,-37,
8,-35,
-58,-9,
-37,55,
-53,5,
-30,-49,
0,19,
59,-38,
-17,16,
38,-13,
25,12,
-24,-19,
66,11,
11,41,
-24,19,
-50,-38,
3,-20,
50,19,
36,5,
6,7,
-9,-12,
3,-10,
24,-8,
52,-17,
-39,-30,
-12,-23,
-11,-17,
38,22,
61,-22,
24,-1,
20,16,
-19,-2,
-41,64,
-19,43,
63,-19,
70,-23,
14,-31,
-14,-16,
-3,-18,
-33,-4,
-68,0,
-19,-25,
32,-1,
-13,18,
-21,-31,
-32,70,
-26,27,
41,35,
5,15,
-4,7,
-35,-46,
-11,-22,
-2,34,
27,24,
-4,-12,
50,-13,
50,-45,
-33,-56,
-17,15,
-58,30,
-25,19,
15,46,
32,-14,
-21,-38,
7,-12,
-29,2,
-7,36,
10,-9,
21,-6,
58,-36,
-6,-33,
16,-26,
18,-20,
44,6,
8,27,
17,32,
13,-22,
-12,2,
-7,-3,
-6,40,
-30,-29,
-20,-71,
48,-26,
16,15,
-27,-8,
5,4,
-15,36,
-56,-7,
-20,-20,
-8,-11,
12,27,
53,-2,
109,71,
60,-6,
35,-35,
13,8,
27,-30,
23,-75,
-12,-97,
-13,-65,
5,-23,
77,14,
80,10,
56,-72,
32,-59,
-14,14,
-24,4,
35,-10,
5,27,
28,-7,
44,6,
15,5,
37,1,
-43,-29,
48,-5,
-33,-12,
-9,-20,
32,-4,
-34,-15,
-33,43,
-26,12,
28,12,
82,35,
58,-10,
-48,52,
-44,26,
-48,0,
-66,-30,
-22,-75,
4,-38,
-20,47,
11,44,
25,9,
35,-16,
8,-8,
-18,2,
-30,-21,
-73,-27,
-53,-34,
-72,-39,
-13,13,
55,15,
-18,7,
-32,-9,
-18,52,
9,64,
-53,47,
-53,14,
-67,-5,
-10,-14,
24,-29,
3,-18,
3,-19,
-23,28,
34,17,
3,20,
0,86,
-14,53,
27,-72,
-20,-53,
-62,-71,
58,3,
27,11,
1,-50,
16,-42,
-58,2,
-15,4,
-16,53,
-11,21,
54,22,
30,0,
-34,-38,
-43,-47,
49,-14,
-7,48,
-38,-36,
-24,41,
18,13,
66,57,
27,5,
26,25,
15,-40,
5,-31,
43,-25,
63,40,
91,50,
65,25,
-25,14,
-1,8,
12,-6,
22,0,
28,70,
13,17,
58,75,
-1,-1,
11,-10,
-24,31,
-61,15,
98,4,
91,-47,
10,19,
-28,27,
-39,1,
2,-15,
81,23,
22,11,
-1,-49,
-24,-71,
-7,-88,
45,14,
-43,-61,
-23,-34,
-5,-53,
16,-52,
42,-31,
11,1,
-20,61,
35,29,
-57,14,
-10,11,
57,-23,
70,30,
20,50,
7,-26,
-47,-49,
17,-71,
46,-28,
35,-71,
-49,-35,
-4,29,
65,-6,
104,-1,
73,4,
35,3,
52,16,
32,-14,
58,-1,
-9,48,
-10,-11,
9,-10,
34,-50,
-21,-19,
27,-41,
87,-34,
62,36,
11,77,
-40,-44,
-19,29,
-62,39,
1,-19,
17,5,
-27,2,
-17,32,
47,-21,
41,-37,
33,-31,
20,5,
-25,10,
60,10,
55,-19,
85,17,
15,12,
-50,-39,
-15,-118,
40,-74,
119,22,
67,20,
14,-27,
-35,4,
0,13,
-68,-16,
-47,17,
34,-31,
43,-13,
56,-67,
-8,-13,
27,-80,
-7,-100,
-11,-33,
-40,65,
11,-43,
35,-53,
11,3,
63,-21,
-30,-5,
-2,-1,
-48,10,
9,-41,
30,-65,
40,-68,
-14,6,
-51,0,
-27,-7,
8,-21,
-34,9,
30,52,
51,25,
116,-29,
106,6,
71,47,
44,5,
55,-34,
-90,-68,
13,-28,
51,46,
46,-89,
-37,-50,
-15,-59,
-39,-16,
2,-15,
26,22,
-5,57,
-94,75,
11,-32,
20,4,
-34,-18,
-25,-37,
-61,-57,
17,18,
45,22,
26,30,
-5,-35,
7,-42,
11,30,
-3,-8,
23,-33,
27,21,
202,377,
796,2544,
1094,6904,
53,7880,
-1869,7362,
-3098,1896,
-1971,-1524,
1,-952,
1470,732,
2128,2151,
1499,2915,
187,2571,
-620,1274,
-465,245,
-40,-157,
-38,-275,
-176,-695,
-63,-1219,
169,-601,
-3,-50,
38,14,
371,163,
488,71,
155,-246,
-91,-381,
-311,-299,
-194,-34,
-63,95,
14,-172,
21,-331,
-104,-346,
-160,-248,
-165,-179,
-12,-131,
57,-74,
3,-40,
-109,-100,
-189,-197,
-227,-303,
-183,-370,
-145,-360,
-11,-340,
117,-187,
145,-180,
58,-151,
-66,-197,
-138,-205,
-156,-220,
-57,-147,
-25,-109,
46,-10,
49,25,
77,-17,
92,-47,
171,-55,
124,-15,
61,51,
-28,28,
-28,-12,
-56,-89,
-35,-71,
10,-137,
21,-206,
87,-196,
161,-100,
86,68,
11,-48,
57,-31,
101,-72,
83,-209,
-39,-147,
-83,-84,
-10,-58,
62,-97,
185,-22,
188,29,
96,-3,
11,61,
-108,24,
-106,69,
63,-123,
143,-229,
89,-144,
-109,-65,
-76,10,
142,-55,
181,-68,
33,-100,
-71,-36,
-60,-88,
9,-102,
-7,-57,
-35,20,
-11,15,
30,-45,
18,-67,
-10,-85,
6,-114,
-55,-28,
7,4,
19,-20,
1,-75,
62,-63,
-50,-35,
-57,-45,
-52,-115,
-15,-112,
33,-120,
-78,-108,
-80,-49,
-34,-87,
0,-41,
-31,-38,
-74,-55,
-107,-32,
-92,-24,
-83,-51,
-25,-100,
-14,-73,
-32,-119,
-29,-54,
-99,-79,
-145,-98,
-19,-68,
-22,-36,
41,-27,
-26,-31,
-6,-49,
-51,-42,
-77,-54,
-30,-60,
-32,-27,
-76,-124,
12,-140,
17,-57,
58,10,
-66,-26,
-82,-116,
-54,-89,
-22,-146,
-13,-48,
31,-96,
-29,-10,
-70,-11,
-46,-56,
72,-73,
126,-55,
105,26,
47,30,
-2,12,
-19,-7,
-9,-83,
47,-104,
86,-112,
26,13,
66,18,
38,-95,
-3,-35,
-27,-91,
2,-85,
00>
_________________________________
00>
00>
Printing STS1 CIR
00>
00>
_________________________________
00>
-4,-45,
42,15,
29,4,
31,-24,
35,-16,
13,14,
-17,12,
4,-24,
-17,21,
24,48,
53,85,
31,43,
39,-16,
-14,-6,
-21,25,
2,-11,
23,42,
86,-3,
62,-4,
1,2,
27,-7,
58,102,
26,60,
26,27,
-3,16,
-1,45,
-34,21,
28,2,
-7,0,
-15,47,
18,-1,
13,3,
18,27,
21,62,
51,-16,
30,-22,
45,-28,
28,-8,
28,41,
40,-23,
43,4,
27,17,
33,20,
55,13,
18,36,
-7,46,
-62,27,
26,69,
42,-17,
68,-45,
82,-1,
83,15,
104,19,
44,-15,
43,-40,
-53,-8,
5,11,
-9,-27,
-91,-4,
-53,2,
9,16,
29,-42,
17,-18,
21,-53,
16,-8,
44,-72,
72,-81,
58,-65,
-12,-13,
-5,55,
-3,51,
46,23,
3,40,
15,5,
-54,19,
16,5,
-4,-8,
-13,-16,
5,52,
-1,38,
16,53,
44,4,
-30,8,
-4,22,
12,17,
28,-3,
63,-31,
-79,-40,
-86,-51,
-61,-25,
13,-12,
-6,-2,
-35,-34,
-19,0,
7,-51,
32,-67,
-9,-10,
27,50,
-48,99,
-1,21,
12,-33,
0,-14,
-72,29,
-46,40,
53,16,
17,-20,
-19,-77,
68,-19,
4,-55,
-28,14,
-76,0,
-38,57,
0,14,
-21,-9,
-2,-6,
36,23,
25,20,
-4,-33,
-10,29,
-11,2,
14,-21,
6,31,
33,64,
58,89,
54,25,
9,-39,
27,25,
60,6,
51,7,
14,15,
-2,52,
67,17,
30,-2,
11,-32,
-7,-20,
43,10,
3,0,
-52,-22,
-37,10,
6,-6,
12,-19,
-12,14,
-19,-19,
28,1,
-16,18,
-34,36,
-84,76,
-48,65,
17,62,
57,-38,
81,-68,
53,-38,
40,-11,
-2,5,
-16,25,
27,29,
21,5,
11,58,
17,11,
-43,-13,
-4,7,
45,-27,
-43,48,
-17,37,
-17,42,
-10,30,
11,-19,
15,-79,
25,-74,
-16,13,
19,-20,
44,29,
43,35,
25,38,
28,50,
-29,-12,
55,-38,
54,-16,
22,19,
4,12,
-3,36,
48,-12,
38,21,
-19,16,
20,-7,
25,-12,
17,33,
2,-48,
15,-40,
3,0,
-15,22,
-12,24,
-3,19,
-11,-13,
-24,12,
-21,67,
-34,73,
-5,17,
74,-62,
50,-52,
30,-34,
-65,30,
-47,18,
35,14,
56,-20,
19,-27,
-8,36,
-1,28,
-49,72,
-16,60,
-9,38,
-6,22,
37,5,
36,19,
33,-32,
-40,-1,
35,2,
105,-3,
24,-1,
38,-13,
30,-18,
3,-16,
5,-15,
43,-23,
17,50,
3,20,
21,53,
-48,50,
28,43,
77,48,
58,27,
11,7,
50,-9,
-4,-41,
-4,-59,
67,-68,
45,10,
-21,14,
-43,39,
42,-27,
-2,-7,
56,-25,
42,19,
30,-1,
96,-42,
33,10,
-12,70,
5,21,
9,-12,
-24,9,
-48,-3,
7,68,
-32,-62,
-19,-67,
29,30,
40,14,
-1,2,
-28,-17,
-26,44,
-7,13,
25,23,
45,-47,
42,56,
-28,10,
-51,-19,
-42,-50,
-49,-80,
-8,-39,
8,-36,
16,-51,
22,-39,
-10,-5,
13,18,
46,-81,
35,-64,
87,-43,
99,10,
31,-15,
-84,40,
-88,8,
20,30,
-43,26,
-22,-11,
-31,-10,
13,-22,
55,12,
14,21,
19,15,
16,-16,
10,-8,
-29,17,
-35,3,
-74,20,
-36,35,
25,99,
48,39,
5,-11,
-28,-45,
40,30,
-3,-1,
14,-27,
0,-18,
13,-25,
22,-11,
22,21,
-26,-12,
48,-39,
93,0,
76,-40,
-10,47,
-39,85,
-62,-5,
30,-28,
53,9,
7,-12,
-16,-29,
-7,26,
14,21,
47,-5,
15,11,
-19,8,
-29,-17,
-30,-55,
20,8,
5,27,
-35,18,
-41,-9,
12,-11,
58,-38,
12,22,
52,-9,
34,8,
30,35,
-13,34,
-31,25,
-20,-49,
7,-34,
23,-16,
-14,63,
15,35,
-26,10,
-15,15,
45,22,
-1,2,
9,32,
-8,42,
-23,95,
46,33,
36,31,
2,26,
2,58,
1,96,
321,379,
2023,2319,
4892,5979,
5193,7047,
4140,6928,
420,1835,
-1106,-1387,
-435,-1330,
211,-572,
-205,-826,
-1038,-1737,
-1045,-1948,
-268,-1231,
156,-361,
-29,215,
-483,481,
-754,521,
-798,418,
-180,249,
207,-71,
446,-53,
504,60,
370,-63,
67,-349,
-149,-394,
-269,-365,
-322,-181,
-198,3,
95,144,
145,102,
116,26,
-48,-141,
-132,-233,
-192,-285,
52,-46,
-35,19,
-91,59,
-31,-202,
57,-350,
169,-316,
97,-172,
22,-144,
-131,-136,
-190,-129,
-185,-99,
-153,-43,
-91,27,
-12,109,
89,168,
285,68,
165,-66,
116,-98,
32,-123,
-2,-97,
17,-1,
44,44,
15,23,
-19,-15,
-40,-32,
-59,-66,
-81,-106,
-72,-90,
11,-201,
85,-163,
47,-90,
-36,16,
-4,9,
70,-79,
185,-144,
115,-259,
-77,-253,
-169,-12,
-70,-3,
26,23,
-14,39,
6,66,
-71,82,
-135,95,
-97,65,
-119,6,
-33,-20,
-63,-117,
-26,-50,
29,-20,
-56,18,
-3,50,
19,-2,
-21,-6,
-1,-13,
-36,-54,
-93,-74,
-75,-67,
-71,-33,
-93,-15,
-15,-58,
-52,13,
-16,28,
6,-32,
-75,37,
-70,72,
-37,60,
47,-27,
-31,-42,
-78,-6,
-28,23,
7,12,
22,-88,
93,6,
-49,-24,
-70,-6,
-52,-61,
-59,-32,
-41,65,
-64,-41,
17,-70,
17,-6,
-43,-34,
-81,-18,
10,-69,
43,-88,
11,-18,
13,-52,
-65,-44,
-24,-31,
-33,-17,
26,-60,
-6,-32,
-17,-68,
-24,-29,
-11,-35,
10,-63,
21,-65,
69,-31,
-2,-33,
-36,-44,
-10,-40,
3,-53,
54,-72,
112,-134,
11,-107,
28,20,
15,24,
-51,-35,
-52,-87,
-17,-51,
-76,-29,
-65,-26,
-11,8,
35,-9,
11,-28,
-41,30,
-2,-17,
15,-17,
-10,-11,
42,-44,
21,-71,
1,-81,
36,-54,
3,-48,
-31,59,
00>
_________________________________
00>
RX Timestamp: 485400125373
00>
Clock Offset: 1655.102 Hz, -0.207 ppm
00>
RX Timestamp: 486470146250
00>
Clock Offset: 1759.243 Hz, -0.220 ppm
00>
_________________________________
Sequence Number: 11
00>
00>
Printing STS0 CIR
00>
00>
_________________________________
00>
-10,-21,
-44,-6,
26,-27,
-51,-115,
20,-29,
30,-36,
8,-40,
-66,36,
11,31,
23,-10,
48,37,
-43,74,
-16,56,
36,37,
33,33,
66,18,
-14,35,
-48,9,
-61,-15,
-38,20,
-43,-42,
41,-5,
42,-61,
-57,-20,
-96,-5,
-112,65,
35,33,
61,-20,
-36,-54,
-33,-90,
28,-137,
30,-70,
52,-85,
18,38,
84,31,
67,10,
43,20,
-58,-20,
-5,-64,
70,-34,
102,15,
-39,3,
-20,13,
9,-4,
79,22,
49,-60,
84,-61,
93,-39,
-5,60,
35,86,
-6,43,
-11,-3,
73,1,
25,25,
-92,-24,
-58,-58,
-29,-28,
-17,-4,
-9,-12,
0,-9,
70,-13,
57,112,
19,62,
-2,-31,
32,-92,
55,29,
63,15,
23,57,
-31,-37,
1,-1,
75,-64,
73,-56,
3,-22,
-61,-34,
-7,-75,
34,-18,
58,-15,
-7,-64,
-9,-10,
-63,-44,
33,-19,
0,11,
18,37,
22,46,
38,45,
14,31,
-60,-77,
7,-27,
-31,-80,
-34,7,
33,58,
40,-13,
26,-39,
4,-88,
12,-3,
-27,35,
34,37,
60,24,
39,-5,
71,19,
52,39,
17,39,
-30,-20,
-52,-37,
3,12,
-24,-12,
-24,15,
-7,19,
83,-29,
35,-61,
-8,-5,
-55,19,
21,4,
28,-16,
11,-7,
19,13,
-97,38,
-22,32,
55,34,
106,45,
-43,55,
-47,-4,
-33,-43,
-27,-101,
-82,-104,
22,-3,
7,46,
-26,20,
4,2,
21,7,
14,-45,
57,-20,
86,1,
45,-34,
1,10,
-30,-61,
-55,-86,
21,-56,
51,-43,
46,3,
49,0,
1,37,
7,-2,
18,23,
-7,42,
-44,-31,
-12,-54,
-17,-62,
-54,29,
29,49,
19,50,
34,-20,
7,-16,
14,-13,
-6,39,
-13,61,
-25,41,
-38,23,
10,0,
2,35,
46,23,
49,-7,
19,-20,
-69,-21,
14,47,
63,-16,
45,12,
151,44,
97,47,
20,28,
40,1,
-24,12,
-17,-38,
-8,-22,
4,-24,
5,48,
79,33,
93,22,
-23,-12,
-49,-37,
11,9,
124,12,
43,-48,
-34,-27,
-37,44,
-12,-14,
18,19,
54,-60,
21,20,
13,19,
67,-16,
-71,-53,
11,-21,
22,11,
33,36,
15,-2,
53,30,
21,35,
33,53,
-17,-14,
-73,-26,
-1,-37,
18,71,
31,-19,
75,-2,
37,13,
42,39,
35,-1,
45,77,
-8,9,
-51,19,
12,-43,
30,11,
56,27,
-1,-34,
-70,-84,
-22,-98,
138,-18,
48,85,
54,-9,
56,20,
14,-42,
-10,44,
55,2,
-72,-25,
-13,-65,
-16,-52,
-40,-57,
-4,1,
-65,10,
-76,44,
-5,61,
22,77,
20,-5,
-35,40,
-14,-6,
6,-7,
46,-30,
62,37,
42,-24,
50,-83,
39,-82,
33,31,
57,33,
121,146,
4,8,
6,-109,
0,-15,
34,103,
8,123,
-10,22,
26,-23,
86,73,
0,79,
13,0,
-22,-37,
22,-44,
9,45,
-7,105,
-20,3,
47,-67,
18,-47,
-7,-8,
16,-4,
22,-34,
-102,-61,
-35,-65,
47,-7,
52,33,
-47,18,
-69,-24,
27,-38,
66,11,
3,-51,
-4,-11,
4,41,
14,53,
30,-25,
21,-46,
21,-125,
32,-91,
12,34,
5,42,
33,36,
73,3,
89,4,
59,56,
7,-49,
0,-49,
-11,1,
-48,-8,
4,-60,
8,-66,
-50,20,
2,11,
9,-6,
43,-3,
32,1,
53,-18,
-37,15,
-46,17,
21,17,
36,55,
61,-7,
14,-36,
0,-87,
-86,-98,
-2,44,
43,76,
66,-48,
2,-41,
3,-49,
-25,49,
-20,49,
31,-4,
-24,-15,
-37,11,
54,-4,
40,-49,
36,-40,
21,18,
20,12,
36,-17,
12,-67,
47,-47,
13,4,
8,92,
38,56,
75,67,
76,-80,
26,-47,
-22,-63,
12,-32,
31,-10,
78,-25,
47,-29,
1,12,
16,48,
-50,46,
-60,124,
-37,57,
59,-40,
33,-54,
11,-14,
-9,65,
-4,105,
24,46,
17,-2,
17,-8,
32,26,
65,-11,
48,46,
56,17,
8,15,
-22,-29,
2,-30,
-16,-78,
-86,-696,
-115,-2743,
482,-5618,
1607,-6113,
2399,-3263,
1847,262,
585,1187,
-430,162,
-906,-950,
-856,-1717,
-108,-1857,
516,-1313,
497,-384,
129,108,
-76,185,
-8,326,
-14,540,
-122,669,
-150,305,
-100,3,
-140,-135,
-246,-69,
-194,69,
-71,299,
17,305,
-33,188,
-83,52,
-27,30,
-68,205,
40,248,
70,235,
42,126,
84,19,
88,22,
86,12,
70,12,
49,118,
96,159,
72,297,
93,300,
63,238,
60,154,
-33,91,
-86,21,
-28,152,
61,245,
73,255,
90,160,
35,100,
12,-40,
-140,-42,
-71,6,
-13,28,
20,-3,
-10,80,
65,28,
21,18,
-3,-47,
-5,-38,
-32,-15,
58,68,
20,171,
-16,116,
-67,110,
-64,50,
89,25,
50,-4,
-45,-19,
-150,53,
-19,121,
76,174,
3,128,
-70,96,
-58,97,
-30,21,
1,-13,
27,-32,
16,-31,
55,-14,
21,12,
-72,94,
-91,74,
-42,-24,
-5,27,
-55,128,
-24,20,
-54,2,
-15,71,
-18,83,
-40,61,
-59,25,
-34,-24,
-3,-45,
39,-32,
-26,41,
51,88,
48,25,
22,47,
-49,20,
-66,37,
-20,56,
-8,31,
-13,23,
-35,74,
-79,79,
-37,94,
-44,39,
10,89,
43,107,
88,141,
50,192,
0,134,
17,40,
24,57,
7,92,
47,47,
-22,20,
-13,65,
28,116,
82,50,
68,87,
10,138,
-46,83,
-26,84,
50,103,
27,54,
16,74,
69,100,
60,75,
42,16,
-30,4,
-17,-11,
33,62,
-28,102,
-6,60,
-8,57,
26,109,
60,105,
28,51,
-9,5,
-26,26,
-22,41,
32,63,
53,20,
47,17,
11,50,
-19,62,
-29,31,
-5,55,
40,20,
26,10,
-25,67,
72,100,
58,73,
-43,-7,
00>
_________________________________
00>
00>
Printing STS1 CIR
00>
00>
_________________________________
00>
29,-18,
-45,34,
-26,6,
42,59,
1,-14,
-38,-31,
17,15,
53,16,
26,60,
-10,29,
20,-33,
15,74,
37,31,
57,26,
-15,3,
36,-45,
41,0,
-35,65,
-13,73,
31,64,
22,52,
-59,63,
-20,-4,
71,22,
26,1,
46,17,
56,5,
10,-24,
-18,57,
-67,27,
-19,45,
4,-41,
-63,59,
-28,28,
-45,-30,
4,-8,
37,48,
35,-13,
14,-6,
114,-43,
51,-3,
17,67,
48,106,
15,46,
2,-10,
5,11,
39,30,
14,35,
39,17,
48,-30,
-7,-51,
-12,-79,
-32,-31,
50,39,
39,-9,
-56,-30,
-54,-7,
-82,15,
59,-7,
51,32,
-12,34,
-56,36,
-45,76,
-3,55,
40,-4,
47,-37,
75,-42,
34,13,
80,29,
37,97,
-24,-18,
-13,-16,
27,32,
60,-26,
-33,-38,
-40,3,
-65,-19,
-21,-5,
-11,60,
-1,67,
8,97,
11,-3,
48,-7,
33,28,
48,37,
37,17,
42,0,
20,-50,
33,-49,
-38,1,
-23,48,
-12,97,
16,3,
-21,-5,
20,36,
53,48,
25,85,
13,53,
49,12,
25,10,
19,8,
-56,-15,
-49,-54,
7,-20,
9,7,
21,28,
-12,-45,
11,0,
50,-16,
35,38,
-38,109,
-14,119,
-57,83,
-50,2,
-3,13,
8,-21,
-15,52,
-37,26,
-29,104,
-12,115,
-4,46,
15,23,
-9,53,
-43,58,
-15,14,
-18,44,
-35,-3,
-17,113,
4,46,
61,16,
53,22,
57,50,
41,62,
-5,0,
16,21,
18,-2,
-38,2,
4,12,
-53,22,
-102,-27,
-69,23,
-45,40,
-6,-4,
-5,-58,
81,-29,
-10,-33,
-60,40,
-15,66,
15,5,
-6,-42,
-11,-22,
64,-7,
52,-17,
26,20,
-26,-32,
-86,10,
-16,-14,
17,-7,
75,4,
53,27,
25,71,
14,3,
0,-14,
-24,90,
-1,37,
-7,-27,
1,-56,
-20,-70,
-10,-44,
8,-5,
39,55,
49,16,
49,2,
-3,-1,
-18,-64,
-19,-50,
-55,-10,
15,45,
-33,61,
-7,3,
-18,-58,
63,-76,
81,-34,
41,79,
-30,81,
-39,6,
-21,-17,
-14,76,
41,92,
18,32,
40,-30,
-8,6,
25,-52,
14,-36,
48,-32,
54,56,
27,65,
-18,40,
-37,-55,
-1,8,
40,6,
94,-18,
50,-42,
34,-59,
-48,-38,
-26,6,
1,6,
13,-14,
0,-30,
-1,-27,
-13,7,
-61,46,
-68,12,
20,17,
63,60,
-48,47,
-60,41,
-89,27,
-30,-42,
56,-19,
42,-74,
-6,-7,
-57,32,
-27,-29,
39,34,
23,63,
30,71,
-27,-29,
-38,-37,
6,11,
28,78,
-57,89,
-15,57,
15,46,
31,35,
16,10,
29,-9,
-32,-21,
9,12,
119,3,
38,71,
-1,-4,
-87,17,
-55,15,
-82,-31,
-42,-46,
-7,-12,
24,18,
24,30,
6,39,
52,-1,
67,6,
13,-34,
-3,-12,
1,8,
42,51,
69,47,
43,-31,
65,-54,
36,13,
-27,53,
-23,42,
20,39,
112,35,
83,1,
26,-27,
-26,41,
-55,45,
-6,77,
-95,63,
-26,46,
-7,-11,
-29,-17,
6,-1,
-5,13,
7,-32,
35,-34,
-24,-20,
-54,21,
-36,27,
1,-14,
17,32,
-18,-13,
-67,41,
-56,39,
-19,53,
-24,12,
-1,-37,
-17,29,
-7,31,
-55,81,
-61,69,
-33,-27,
-2,16,
9,-10,
110,-40,
132,-42,
38,53,
-15,38,
-23,-53,
-48,-37,
-65,-40,
-56,-58,
16,17,
14,38,
-25,63,
12,6,
1,29,
9,44,
2,36,
-39,-13,
-89,17,
-63,-8,
46,-9,
100,62,
2,35,
-22,-1,
11,-31,
88,25,
14,24,
-7,-24,
78,-46,
53,31,
7,52,
16,86,
5,47,
8,12,
-30,-3,
-89,39,
-63,47,
-48,-57,
27,-77,
31,-58,
-16,5,
-33,-8,
-10,-11,
-11,-14,
-46,33,
-16,25,
15,46,
5,63,
30,0,
-2,5,
1,30,
-28,65,
-44,19,
-61,7,
15,22,
61,31,
35,44,
57,30,
94,45,
127,-18,
22,-35,
-15,27,
16,14,
-57,-35,
-424,-629,
-1664,-2709,
-3010,-5545,
-2839,-6179,
-1129,-3486,
390,12,
483,1215,
-9,660,
-151,327,
357,833,
726,1323,
419,1171,
-45,601,
-98,100,
126,-121,
442,-184,
522,-205,
333,-128,
-8,-25,
-252,-19,
-329,-166,
-281,-86,
-238,51,
-42,247,
184,366,
268,349,
180,183,
78,-50,
27,-74,
-42,-25,
-7,29,
38,170,
42,167,
37,95,
8,17,
-6,19,
106,138,
158,283,
13,295,
-134,267,
-121,177,
-34,90,
146,-15,
181,-15,
73,47,
31,-6,
-3,21,
-1,-49,
26,-104,
-121,-55,
-115,110,
-143,195,
-13,140,
20,-3,
7,-19,
-28,-10,
-32,-36,
57,3,
77,66,
86,34,
27,12,
103,62,
42,168,
0,173,
-9,89,
48,-49,
10,-47,
-40,47,
-97,152,
-49,163,
47,86,
67,30,
79,-56,
25,-44,
35,-49,
-22,-34,
31,-36,
87,-11,
164,-31,
121,-40,
54,17,
52,145,
55,62,
-34,14,
18,31,
26,38,
8,61,
57,101,
87,98,
55,67,
40,45,
47,93,
25,147,
47,140,
34,94,
-15,50,
-1,102,
46,127,
64,70,
-25,30,
102,69,
20,57,
59,43,
18,54,
69,44,
84,-26,
40,62,
38,67,
84,54,
60,-16,
20,8,
94,49,
78,42,
62,107,
99,72,
96,36,
11,42,
-9,37,
48,64,
44,35,
59,21,
36,74,
95,81,
62,94,
27,49,
42,55,
0,46,
14,55,
65,28,
179,2,
160,33,
100,31,
106,135,
70,117,
61,65,
88,50,
-27,15,
-52,27,
-16,115,
7,58,
77,9,
1,-22,
11,27,
7,54,
-8,69,
33,43,
25,55,
6,24,
-4,7,
39,18,
47,23,
51,89,
-29,94,
-15,-45,
-4,-6,
00>
_________________________________
00>
_________________________________
Sequence Number: 14
00>
00>
Printing STS0 CIR
00>
00>
_________________________________
00>
32,24,
86,26,
61,42,
4,47,
70,16,
-1,63,
-10,16,
27,76,
18,8,
84,22,
38,-22,
32,20,
48,-5,
91,33,
40,50,
-47,13,
-67,29,
2,39,
89,29,
87,106,
61,94,
-7,8,
15,-6,
-52,0,
-15,44,
-21,14,
-34,-13,
24,-71,
34,-34,
11,-24,
-56,29,
-24,41,
0,-25,
2,-25,
78,20,
10,134,
-23,74,
-22,98,
-52,60,
-14,7,
-26,25,
-39,6,
-53,5,
5,-26,
18,55,
107,30,
36,5,
76,31,
54,63,
27,69,
3,27,
10,79,
64,46,
29,39,
85,-45,
9,-71,
-44,-71,
-10,-77,
-30,-22,
37,11,
-36,-11,
10,31,
9,83,
45,82,
3,106,
83,87,
79,24,
-10,5,
17,12,
61,-7,
43,9,
-19,145,
38,102,
8,-7,
-56,-15,
-12,24,
33,52,
10,21,
2,30,
-30,34,
4,16,
-27,-13,
15,-16,
67,-23,
77,3,
75,-19,
53,-63,
-72,-13,
3,31,
-15,34,
18,-8,
42,6,
29,68,
3,15,
46,30,
18,3,
-51,6,
9,-6,
-11,-42,
23,-88,
-13,-45,
23,-68,
-19,8,
-11,-20,
31,-4,
-13,62,
2,102,
17,124,
-64,39,
-30,-1,
22,-3,
42,75,
42,96,
77,40,
-16,34,
24,77,
-20,11,
-10,4,
15,40,
-21,28,
0,46,
32,29,
-6,7,
-21,67,
59,124,
39,68,
20,60,
-54,-55,
3,-5,
9,21,
30,77,
14,-71,
-80,-57,
-40,-26,
-37,21,
6,-52,
2,-58,
10,1,
76,14,
61,19,
39,-14,
-26,8,
-12,-52,
33,13,
18,3,
9,-2,
22,35,
64,-21,
-8,6,
26,1,
10,57,
-49,45,
10,27,
-45,-7,
-34,1,
-14,38,
18,44,
-16,-37,
-6,-2,
20,-18,
-49,-12,
-4,-16,
89,90,
84,65,
45,17,
18,64,
1,7,
-2,23,
-35,1,
23,31,
24,-56,
-3,39,
-22,25,
75,19,
54,8,
11,33,
9,52,
8,-59,
-19,-18,
29,-90,
13,-58,
67,36,
10,57,
-27,40,
53,44,
43,53,
64,29,
47,-1,
5,2,
0,3,
29,27,
34,20,
-29,-26,
9,6,
-18,45,
-8,69,
-45,-15,
-58,-56,
5,-4,
0,89,
-37,19,
-12,16,
-59,9,
11,15,
-9,52,
-61,86,
37,15,
22,28,
37,0,
4,-2,
-56,17,
-30,28,
4,77,
-25,74,
-97,-1,
-45,47,
0,33,
-26,64,
23,-26,
25,-44,
24,-28,
67,-59,
11,-63,
34,10,
-12,91,
-82,30,
-2,13,
-11,-22,
-9,-16,
-34,25,
-32,18,
3,-25,
48,33,
42,79,
41,89,
-115,38,
-70,33,
-17,44,
33,29,
55,29,
13,-9,
-32,15,
-45,9,
-52,50,
14,12,
10,1,
51,21,
20,59,
-32,32,
25,40,
39,6,
2,32,
-44,28,
-5,110,
1,56,
10,-2,
8,-14,
49,6,
13,43,
117,21,
68,48,
31,68,
47,-8,
16,12,
-54,-57,
-1,7,
31,41,
41,64,
23,46,
-8,15,
-14,-14,
19,5,
-22,-23,
31,-24,
-16,-5,
6,24,
15,5,
32,31,
14,39,
2,47,
37,17,
-29,-3,
47,-54,
4,30,
-30,11,
31,63,
67,54,
8,23,
-38,-55,
8,49,
-2,45,
48,59,
82,38,
93,49,
14,68,
-40,-10,
-64,12,
-8,30,
46,-8,
65,-15,
82,32,
36,-1,
25,68,
-35,47,
-31,62,
56,72,
62,73,
41,79,
24,11,
41,0,
-57,28,
-9,97,
-8,32,
-8,42,
28,40,
28,30,
106,85,
69,36,
40,2,
10,-24,
-41,11,
-9,7,
-15,48,
57,19,
-12,5,
-40,58,
-21,35,
14,52,
11,-23,
0,-30,
26,-112,
36,-58,
75,0,
103,-18,
83,-22,
-1,40,
-31,49,
-39,52,
48,71,
97,61,
56,39,
14,32,
27,-25,
-33,35,
-78,17,
-45,21,
-37,8,
79,-77,
79,-4,
61,34,
44,5,
-8,7,
9,42,
30,-257,
864,-1677,
3727,-4926,
5582,-5647,
5379,-3618,
1594,757,
-818,2562,
-1078,1484,
-1640,323,
-3947,-402,
-5346,-1922,
-3698,-3583,
-735,-3006,
654,-818,
460,391,
145,355,
267,-74,
654,-196,
552,105,
220,217,
-16,222,
-74,63,
37,-60,
-59,12,
-269,67,
-286,100,
-145,84,
-30,-20,
142,-189,
308,-264,
345,-282,
184,-201,
53,41,
-22,231,
72,238,
156,166,
234,106,
175,129,
-6,164,
-67,25,
-110,-71,
-170,-150,
-98,-48,
-161,49,
-181,86,
-234,24,
-172,-31,
-72,-38,
87,-62,
79,-62,
-41,-94,
-83,-137,
-12,-53,
50,81,
-19,155,
-115,186,
-66,200,
-197,255,
-234,195,
-235,99,
-108,70,
-111,140,
-133,107,
-124,110,
-78,72,
-55,112,
51,160,
128,57,
70,138,
-61,135,
-88,183,
-58,143,
119,43,
189,40,
207,112,
132,202,
62,289,
103,275,
153,336,
97,264,
41,196,
-14,151,
-80,42,
-31,-17,
-70,-63,
18,-7,
72,27,
111,90,
-60,84,
60,150,
53,65,
26,82,
22,127,
30,163,
0,91,
19,75,
28,45,
16,37,
-48,92,
12,-18,
-100,-63,
-106,-25,
-106,21,
-7,118,
54,154,
11,142,
75,78,
-1,113,
-23,96,
-104,75,
-11,55,
3,10,
-11,5,
-10,77,
-57,137,
-28,59,
-9,167,
68,113,
-21,77,
-43,122,
-38,84,
-94,103,
-100,39,
-72,55,
-9,52,
53,101,
41,64,
-33,84,
-46,64,
18,54,
-27,107,
-68,59,
-95,48,
-28,70,
-16,17,
-66,87,
-32,93,
-12,189,
15,145,
26,126,
41,108,
48,140,
41,107,
22,26,
36,30,
52,94,
18,103,
-2,64,
-24,62,
74,91,
96,52,
44,6,
-19,0,
81,-18,
60,30,
38,8,
43,70,
-5,84,
46,76,
00>
_________________________________
00>
00>
Printing STS1 CIR
00>
00>
_________________________________
00>
-45,37,
-49,46,
-6,-3,
15,-37,
60,-11,
39,-5,
2,12,
1,16,
-9,-4,
-24,-29,
-34,-53,
-8,-3,
-55,-44,
-10,62,
-39,118,
-5,99,
-36,-26,
-11,-26,
29,15,
6,46,
-21,2,
-43,-64,
-50,-22,
-25,-1,
-52,-36,
9,-16,
15,-22,
-58,-53,
-3,-31,
-10,22,
-29,1,
-4,-17,
-9,19,
-14,-5,
-39,44,
-6,31,
6,36,
-25,7,
33,4,
32,-10,
9,11,
-16,19,
-31,63,
-1,13,
46,31,
109,-16,
24,0,
-34,-11,
-31,61,
23,35,
-34,-4,
-78,-86,
-77,4,
-20,-59,
24,5,
52,12,
-5,8,
0,5,
-29,30,
-12,-27,
-16,-21,
-23,51,
-42,37,
-20,-21,
37,-15,
45,-22,
9,-41,
31,-18,
15,-6,
28,13,
59,21,
32,12,
-18,28,
0,45,
51,-35,
-35,-18,
32,64,
-13,-13,
-43,-5,
12,41,
-34,3,
-48,14,
-36,-33,
-34,-32,
-17,-31,
-69,35,
-75,41,
-45,50,
-32,-9,
11,38,
33,14,
30,-84,
28,-92,
6,-52,
-15,46,
-3,14,
17,47,
21,71,
55,74,
92,10,
76,24,
32,-15,
-38,47,
-34,50,
-4,-50,
-33,6,
-50,34,
-9,29,
-2,43,
12,-1,
32,25,
-7,43,
-17,27,
-48,2,
13,8,
-86,-41,
-19,9,
-16,-31,
-24,-5,
1,-11,
4,2,
31,18,
55,-36,
-9,-64,
-54,-34,
-2,-61,
31,-6,
-1,-15,
31,-68,
16,-76,
-55,-31,
-40,-8,
17,29,
42,-13,
32,37,
12,-30,
48,-5,
35,16,
17,3,
0,48,
-8,36,
3,9,
-13,-25,
10,-20,
26,-11,
20,-29,
-26,-22,
-16,50,
36,34,
-14,55,
46,-14,
-14,-14,
-8,55,
16,-32,
33,-53,
14,3,
-37,-15,
-85,1,
15,32,
53,-7,
58,-80,
-28,-55,
-37,-19,
-83,57,
18,22,
4,-38,
6,-59,
-22,-8,
-31,33,
-55,22,
-6,-7,
11,23,
59,-28,
19,10,
4,55,
-13,5,
-21,30,
-45,7,
-21,55,
-32,-2,
-63,28,
44,20,
61,-20,
46,44,
-57,50,
-27,-8,
-49,-43,
-46,-30,
-62,-28,
-89,6,
-3,-79,
23,-48,
18,-14,
22,12,
30,-45,
72,-53,
103,1,
71,-38,
78,52,
28,-35,
48,13,
36,5,
71,38,
18,-12,
26,16,
-9,12,
2,-45,
-66,34,
-16,11,
-3,16,
12,-76,
-38,-5,
79,37,
6,-37,
28,19,
56,-26,
-3,-32,
-45,29,
31,-53,
-34,-19,
-22,13,
-9,47,
-9,16,
13,37,
24,9,
-19,-11,
24,-25,
17,-1,
21,6,
34,16,
58,-37,
-8,-9,
-4,-25,
29,2,
-55,-34,
-8,-2,
4,29,
-8,8,
10,-2,
12,20,
18,-21,
-5,29,
-32,3,
14,-23,
50,-26,
14,-23,
-26,6,
2,20,
28,7,
-21,-4,
-49,-6,
-98,24,
-55,64,
-12,2,
-45,-23,
-3,58,
49,-3,
13,31,
2,14,
46,2,
54,8,
27,86,
-21,27,
21,16,
-8,1,
-15,23,
9,-13,
52,8,
9,33,
-4,-15,
37,-32,
7,-7,
32,-16,
-17,-5,
-19,-14,
-21,55,
-22,22,
-16,14,
5,23,
5,54,
8,19,
21,28,
-15,20,
-60,16,
-64,50,
9,35,
13,-4,
-59,-2,
2,-24,
-7,22,
-5,-13,
-22,17,
-54,-8,
-12,20,
7,-27,
13,-33,
-48,52,
-16,38,
38,57,
15,12,
-77,31,
-31,19,
-31,5,
-49,18,
8,23,
22,-28,
22,-2,
18,7,
31,31,
57,-44,
38,16,
-16,32,
9,58,
7,50,
15,19,
-26,32,
-68,-9,
-43,-22,
14,31,
-17,21,
47,17,
34,-43,
14,-56,
13,13,
52,74,
90,66,
45,17,
3,57,
24,-21,
13,-7,
11,-16,
-35,42,
-5,43,
50,13,
14,26,
8,-6,
-48,8,
-74,23,
-7,-34,
-57,9,
-107,-19,
-78,67,
0,-5,
18,99,
-5,41,
-15,49,
-34,45,
-20,-25,
61,-50,
49,-63,
20,39,
55,-46,
24,3,
-155,-424,
-257,-3036,
59,-7314,
732,-7981,
1456,-5870,
936,629,
604,3266,
367,1264,
435,-879,
1197,-1440,
2460,-547,
2670,581,
1424,879,
253,404,
-108,-144,
-124,-203,
-311,-149,
-844,-275,
-932,-134,
-352,17,
105,406,
189,103,
53,-158,
-103,-74,
-241,260,
-333,318,
-325,135,
-259,-52,
-175,101,
-278,273,
-357,364,
-257,255,
-126,182,
-62,249,
-48,76,
-47,17,
24,78,
10,147,
-129,217,
-161,336,
-159,420,
2,403,
123,351,
41,336,
-126,212,
-162,164,
-146,152,
-100,160,
-108,67,
-94,-54,
-132,-38,
-79,-44,
-7,83,
29,161,
52,208,
59,199,
114,138,
107,99,
81,123,
52,-51,
106,0,
56,181,
-40,256,
-139,232,
-165,175,
-149,170,
-129,115,
-58,0,
-21,43,
-51,65,
-209,73,
-83,49,
22,-8,
71,36,
8,175,
-19,290,
-17,223,
46,188,
20,152,
16,141,
-58,111,
-5,81,
53,57,
144,53,
124,10,
-4,16,
-103,8,
-72,52,
-21,39,
10,-22,
114,-8,
71,15,
37,76,
-31,112,
-20,32,
2,38,
60,-6,
100,14,
91,41,
-32,-18,
7,24,
-32,43,
-4,59,
59,37,
73,-21,
45,-5,
-59,52,
-105,49,
-26,-45,
11,-49,
-9,57,
-48,53,
-113,64,
-156,33,
-110,15,
21,57,
-53,87,
-74,48,
-55,15,
-75,44,
-14,50,
-31,68,
-96,20,
-99,-10,
-83,26,
-48,6,
15,32,
12,29,
-58,28,
-30,62,
-19,0,
-64,-8,
-74,46,
-64,48,
-64,76,
95,-19,
3,22,
-23,52,
-11,86,
-26,60,
58,28,
-7,57,
-30,62,
-38,38,
-34,57,
-27,85,
-1,27,
-87,-8,
-19,31,
-29,66,
-40,69,
5,42,
38,86,
-14,61,
17,54,
51,27,
65,35,
-34,72,
-41,62,
00>
_________________________________
00>
RX Timestamp: 625733921788
00>
Clock Offset: 2116.299 Hz, -0.265 ppm
00>
RX Timestamp: 626803882288
00>
Clock Offset: 2030.754 Hz, -0.254 ppm
00>
_________________________________
Sequence Number: 148
00>
00>
Printing STS0 CIR
00>
00>
_________________________________
00>
-31,-49,
-110,-4,
-20,-55,
-49,-42,
31,-10,
-17,10,
-36,-23,
-34,-63,
-14,-67,
56,-12,
14,56,
74,26,
-61,1,
-11,-8,
22,3,
-9,-27,
54,-22,
-6,15,
41,-11,
101,-23,
12,-51,
1,-10,
43,38,
12,10,
-9,-22,
-2,-23,
23,-30,
69,-11,
45,-35,
35,1,
33,7,
-30,46,
-61,-1,
-30,72,
-6,34,
-16,-11,
0,-18,
2,21,
26,32,
15,-31,
41,-59,
-6,-7,
15,-15,
32,57,
39,61,
-51,17,
-11,31,
-42,42,
-67,9,
63,-45,
66,-71,
-25,-74,
-66,21,
46,92,
116,48,
119,-12,
4,11,
-66,29,
-22,16,
46,8,
92,-24,
-20,-59,
19,-4,
0,-71,
7,-7,
-41,-6,
-83,19,
5,-17,
-15,33,
-6,-2,
-5,34,
16,-15,
18,-10,
16,26,
60,58,
-9,-10,
52,-25,
27,1,
23,17,
-33,76,
-72,-39,
-47,-24,
-66,3,
-31,-38,
-17,-15,
-5,-23,
-36,-54,
44,-17,
22,2,
39,-32,
-23,7,
-44,-80,
60,-18,
32,58,
12,24,
16,59,
-27,-32,
11,-118,
22,-39,
-65,5,
-96,-2,
-6,-1,
62,-39,
56,-31,
41,-48,
14,-7,
18,-71,
42,-72,
-14,29,
-40,30,
-42,-2,
-43,-87,
-66,-74,
-50,-5,
-40,-20,
-13,-1,
78,13,
72,-13,
92,30,
-2,-82,
18,-82,
29,-68,
-18,-1,
26,-17,
34,25,
-17,-31,
-58,3,
-128,-19,
-36,-16,
-33,-31,
-60,-65,
58,80,
4,76,
-24,79,
-12,-36,
-42,-71,
-39,-1,
-16,-1,
-67,30,
21,-82,
2,6,
21,-68,
-16,-84,
1,-86,
17,19,
-11,-18,
-22,18,
-13,12,
14,-2,
55,64,
95,15,
26,-15,
-27,-21,
0,2,
-36,-8,
-32,-25,
-4,-29,
-8,-38,
-8,-21,
3,36,
-15,29,
-23,15,
38,9,
66,-6,
67,21,
4,40,
-22,24,
-46,84,
-9,23,
-17,18,
-97,-25,
-24,-87,
-2,-33,
27,17,
45,-26,
33,10,
58,-23,
-9,-37,
-37,0,
-55,22,
-71,-25,
10,-1,
28,34,
15,73,
-4,-15,
-10,47,
7,-28,
42,13,
-30,30,
-11,70,
54,55,
-4,-3,
-49,-39,
-83,-5,
-61,10,
-33,-1,
33,13,
9,-6,
-32,-41,
-28,-32,
-15,-3,
72,-89,
70,-113,
-23,-4,
-73,-9,
8,-15,
48,15,
-13,-16,
-54,-68,
-23,7,
27,-4,
31,-32,
10,-30,
0,15,
66,53,
49,-18,
-43,5,
-22,36,
-70,60,
-31,34,
-5,57,
22,36,
-27,-41,
-23,-20,
28,-19,
13,-43,
18,31,
-46,6,
-56,-26,
-57,-1,
61,0,
-8,0,
34,-45,
14,1,
-19,-17,
-39,-16,
10,74,
-5,62,
3,19,
-14,-37,
-84,-21,
-93,-75,
-31,-64,
-70,-19,
-45,-21,
27,-33,
21,26,
-50,32,
-26,14,
-13,-26,
32,-27,
40,8,
-16,3,
0,30,
17,10,
-30,-36,
-35,10,
-46,16,
-10,-28,
-32,-50,
-70,-69,
2,-53,
10,1,
30,31,
-8,34,
-36,60,
-32,82,
-22,71,
67,-2,
61,-54,
70,-50,
81,90,
1,91,
-60,109,
-111,9,
3,-20,
40,1,
5,-39,
-26,-82,
-51,23,
24,53,
51,-60,
-56,-50,
-4,-29,
49,66,
-37,43,
-35,37,
-80,58,
-106,-14,
-106,28,
-40,-2,
-24,36,
-23,28,
-41,-30,
33,-2,
47,38,
5,21,
21,-2,
-84,-28,
-32,-57,
-19,-24,
35,-12,
7,53,
-7,5,
18,-10,
-7,37,
-65,89,
48,84,
-2,42,
63,-37,
48,5,
-13,-45,
0,-39,
-22,-19,
-4,-27,
-67,4,
-72,9,
28,40,
25,-35,
16,47,
29,25,
13,57,
89,-2,
-3,-18,
-2,49,
-15,-9,
32,-49,
1,-50,
15,-77,
23,-71,
-2,19,
-62,-32,
-3,56,
-57,42,
-17,-3,
2,-25,
-21,28,
22,27,
-89,-31,
-101,-29,
-33,-75,
62,-44,
33,-41,
10,-11,
31,-9,
83,-73,
47,-33,
-58,-53,
-24,-84,
-57,-45,
-18,-76,
-16,-54,
-26,-70,
-20,-28,
34,11,
-23,64,
-26,-58,
0,-21,
-564,-229,
-3045,-1488,
-6210,-3874,
-6217,-5147,
-3401,-4781,
1895,-1071,
3257,891,
1436,1113,
415,2008,
-124,4480,
-2174,5664,
-4171,3755,
-3338,748,
-781,-506,
442,-317,
144,-213,
-416,-431,
-384,-801,
216,-561,
219,-190,
237,66,
-50,40,
-220,-127,
-85,36,
133,296,
175,292,
78,67,
-160,-70,
-455,-121,
-458,-236,
-368,-261,
-123,-129,
135,45,
319,31,
124,-105,
100,-121,
106,-237,
196,-216,
186,51,
-6,105,
-253,74,
-279,63,
-27,221,
137,273,
80,270,
28,254,
-86,100,
-69,-39,
-45,-84,
-97,-12,
-102,152,
-82,148,
-21,130,
91,14,
128,39,
253,75,
347,174,
350,238,
163,302,
30,358,
64,200,
116,133,
132,118,
102,102,
126,53,
157,-16,
100,-45,
57,19,
37,-16,
169,40,
251,103,
77,-37,
7,-230,
-9,-258,
49,-151,
155,-177,
274,-166,
391,-176,
395,-92,
266,-79,
153,-37,
32,37,
-47,102,
-22,87,
2,37,
-18,-77,
-24,-82,
33,47,
90,-9,
107,19,
60,-37,
83,-52,
127,-13,
198,-78,
69,-15,
54,-10,
87,47,
119,6,
62,15,
39,18,
-3,63,
-10,78,
128,20,
78,-3,
132,-41,
164,-54,
97,-131,
42,-98,
58,19,
75,63,
75,57,
73,57,
136,87,
122,86,
56,25,
41,-14,
88,-32,
171,-28,
133,-86,
74,52,
77,103,
78,71,
86,87,
61,104,
30,48,
-25,-38,
-44,-35,
63,24,
107,42,
137,33,
52,-75,
28,-62,
118,-27,
75,13,
-10,66,
112,15,
102,62,
103,68,
6,49,
55,-88,
107,-97,
210,-53,
86,41,
65,-9,
18,-53,
71,19,
85,36,
36,33,
34,-16,
43,30,
13,-46,
55,-39,
82,-21,
116,25,
00>
_________________________________
00>
00>
Printing STS1 CIR
00>
00>
_________________________________
00>
5,0,
-71,-35,
-78,-44,
-88,3,
-20,-20,
16,-3,
10,-46,
41,5,
-58,39,
-51,36,
-43,-1,
-7,-51,
-10,-62,
60,-34,
17,5,
-12,36,
-65,25,
-18,-17,
5,-51,
43,-50,
21,-2,
18,-7,
44,4,
66,68,
27,-7,
8,-14,
9,6,
47,-15,
79,17,
102,29,
-3,88,
-17,44,
11,-41,
33,-53,
64,-38,
23,-71,
-16,-11,
-27,-6,
7,-10,
-29,-1,
-8,-60,
27,-58,
42,22,
33,60,
9,16,
17,-50,
12,-79,
94,-10,
121,24,
40,19,
8,-54,
-4,13,
-11,-6,
-23,-72,
15,-42,
61,-32,
50,3,
32,-60,
35,-52,
52,4,
73,-37,
-26,-9,
-43,20,
108,13,
66,7,
-9,12,
19,4,
-17,15,
-70,1,
13,22,
94,1,
-51,43,
-30,41,
-30,51,
15,78,
48,-56,
-6,-57,
59,-65,
7,21,
20,31,
-17,26,
-2,-6,
0,5,
-30,33,
-5,26,
35,49,
39,50,
38,49,
40,-77,
45,-64,
10,-87,
17,-26,
17,2,
-71,-32,
-1,-29,
31,-6,
78,17,
61,-21,
-28,-41,
-48,-15,
-5,6,
-15,20,
-4,-7,
-18,-29,
-24,-35,
1,-47,
-16,-118,
30,-32,
75,-13,
82,27,
44,-11,
59,6,
71,50,
36,-57,
56,-20,
80,32,
44,73,
41,24,
3,14,
5,10,
-6,60,
29,33,
-1,1,
-73,-19,
-56,22,
-6,23,
-62,-35,
-11,-74,
49,7,
5,5,
49,-11,
-8,-3,
19,35,
53,-26,
66,-70,
78,19,
40,25,
20,16,
38,17,
15,-29,
-19,99,
3,61,
-3,-20,
40,-75,
37,-72,
42,-3,
19,-49,
15,49,
11,85,
68,26,
56,-33,
57,-23,
50,-50,
66,-58,
100,24,
13,52,
-5,103,
4,28,
23,-5,
48,4,
52,-16,
-34,-54,
-54,6,
19,77,
31,-2,
14,-13,
-33,29,
-20,38,
15,87,
24,64,
49,3,
42,-45,
25,-44,
14,-96,
-16,-68,
-13,8,
-56,4,
18,14,
23,-32,
-16,-42,
-60,19,
-33,25,
17,10,
27,55,
28,63,
1,38,
27,12,
49,-6,
5,26,
-22,-23,
-27,-50,
3,-2,
83,-24,
68,10,
37,-65,
68,-38,
61,4,
36,95,
3,13,
51,-24,
21,-75,
66,-177,
12,-143,
20,-6,
48,65,
-22,43,
-20,18,
19,-17,
65,-9,
91,13,
57,26,
33,13,
17,8,
2,14,
-31,-20,
5,-40,
58,55,
12,64,
-9,38,
39,-42,
-3,-5,
-5,-9,
-36,-6,
16,-9,
-8,-43,
-9,6,
-7,-4,
14,51,
70,34,
-14,-25,
-52,-28,
18,5,
8,16,
-19,55,
29,32,
24,-40,
-34,-30,
-9,2,
34,26,
49,-22,
8,33,
-3,33,
13,-67,
-23,-78,
-49,-60,
-1,-20,
18,-9,
62,-47,
14,-31,
25,-9,
29,16,
40,-6,
24,71,
-22,43,
-14,11,
21,-88,
30,6,
-1,20,
-17,10,
-9,-38,
24,-31,
34,3,
37,19,
-2,22,
-40,67,
-37,12,
-12,-14,
56,-8,
71,-17,
94,-29,
45,-9,
7,-7,
35,-28,
6,7,
-53,-16,
-25,-54,
-2,23,
-11,-21,
15,40,
-23,88,
28,1,
-32,19,
-17,8,
-47,51,
-32,16,
-24,-46,
27,-23,
34,-43,
43,-5,
-43,42,
-47,90,
-24,41,
31,-8,
32,-74,
5,-50,
30,81,
11,-53,
8,-38,
14,-67,
5,-3,
-55,40,
58,77,
77,58,
108,19,
87,-62,
15,-26,
-16,58,
-13,94,
36,30,
-12,34,
-41,26,
-24,29,
-31,22,
-23,70,
12,73,
57,-39,
20,-6,
-8,61,
11,72,
5,46,
-49,21,
34,47,
-37,51,
-45,45,
-38,23,
-40,19,
-27,35,
10,132,
-6,99,
-21,119,
-60,84,
-13,-23,
-8,-33,
-7,-30,
-26,39,
38,82,
46,39,
3,-10,
-79,13,
2,15,
50,11,
11,49,
5,54,
24,40,
56,49,
-5,29,
-61,3,
26,-25,
48,30,
-15,58,
25,62,
56,-14,
9,-36,
-30,-53,
-10,20,
62,75,
10,-8,
2,29,
-648,365,
-3685,736,
-7550,246,
-7993,-582,
-5540,-1719,
931,-1573,
3219,-1051,
1042,-334,
-1042,-402,
-1421,-1825,
-275,-3343,
799,-3089,
967,-1377,
403,-52,
-60,340,
-138,358,
-214,747,
-369,1281,
-130,868,
54,161,
374,-218,
66,-125,
-196,49,
-30,207,
214,270,
325,351,
104,304,
-40,309,
-35,327,
156,419,
258,400,
280,333,
192,170,
136,155,
98,227,
55,101,
-11,-41,
92,-56,
230,78,
300,201,
430,153,
438,-11,
285,-187,
153,-71,
108,131,
69,144,
104,135,
170,81,
141,206,
57,225,
-7,222,
-30,158,
46,107,
67,-37,
223,-44,
246,-27,
301,-65,
259,-91,
140,-44,
10,-25,
16,-70,
172,-70,
271,8,
233,154,
138,253,
182,228,
61,100,
1,20,
25,90,
48,150,
45,188,
105,196,
88,39,
210,0,
221,-38,
253,-34,
252,-47,
242,-79,
196,6,
172,31,
136,31,
130,68,
49,96,
1,107,
4,146,
96,-38,
16,9,
-4,45,
-43,126,
-34,25,
16,-44,
8,-58,
74,-75,
75,27,
88,-10,
125,20,
96,-17,
107,-62,
28,-47,
-1,47,
47,51,
-41,58,
-38,39,
46,-1,
35,-25,
32,-25,
5,8,
57,90,
60,76,
53,98,
28,92,
60,29,
71,80,
64,59,
61,29,
28,-17,
74,33,
117,31,
1,13,
-34,2,
-5,71,
71,60,
48,105,
36,78,
32,53,
57,62,
122,-6,
64,26,
91,37,
81,23,
40,-10,
-2,40,
33,131,
5,82,
21,38,
33,30,
62,24,
63,-46,
13,-56,
-13,39,
35,86,
63,-4,
56,-24,
63,-36,
22,-6,
54,58,
23,66,
-24,26,
66,-21,
43,-43,
75,8,
58,77,
89,56,
90,26,
00>
_________________________________
00>
_________________________________
Sequence Number: 151
00>
00>
Printing STS0 CIR
00>
00>
_________________________________
00>
79,38,
3,29,
7,-18,
5,-2,
-1,-35,
-3,-29,
-26,-110,
43,-66,
22,52,
29,53,
-23,-17,
-33,-61,
-16,-103,
-40,-3,
36,-92,
-34,-17,
-22,-2,
22,-7,
-29,-52,
-125,19,
-31,63,
68,89,
40,100,
-66,45,
-17,-68,
-24,19,
-14,42,
9,4,
42,48,
58,47,
43,-8,
-27,7,
-106,-73,
-5,-9,
20,-50,
-28,42,
-85,-11,
-26,14,
-13,18,
31,-93,
61,-92,
7,8,
54,43,
-64,-1,
-51,0,
30,32,
11,1,
-3,13,
-29,-39,
-1,-38,
27,-26,
19,-19,
76,32,
11,64,
-18,68,
-57,51,
-51,-3,
-4,-58,
11,-76,
117,-27,
15,31,
17,104,
-22,18,
5,-42,
-12,-2,
-11,18,
4,11,
43,-1,
-7,48,
14,28,
-39,-35,
15,32,
10,-31,
38,-68,
-27,16,
-30,0,
38,9,
13,17,
81,-14,
-3,-55,
-28,-9,
13,27,
83,50,
74,-46,
7,8,
17,47,
36,33,
60,-8,
18,-12,
20,-68,
-8,-63,
48,-34,
-34,-1,
-41,33,
-27,49,
-31,-52,
-31,-14,
46,-29,
-67,5,
27,13,
71,43,
53,46,
54,68,
-26,119,
-10,4,
9,-85,
4,-18,
23,41,
43,9,
46,-67,
56,-30,
62,22,
70,16,
-15,39,
-39,19,
50,-9,
31,13,
38,-4,
-9,16,
-5,-30,
-21,-22,
3,-12,
51,-71,
9,-35,
1,34,
-7,63,
-26,37,
-14,-78,
-25,-53,
-26,-39,
21,13,
8,-13,
-5,14,
50,7,
53,52,
83,11,
47,-2,
-76,15,
12,-20,
-3,-7,
-24,8,
34,14,
36,-44,
-53,-18,
-33,-90,
-16,-76,
-30,-40,
-11,7,
-23,-3,
41,11,
47,-2,
-10,-9,
-20,-13,
-26,-75,
-4,-54,
37,-50,
74,-74,
29,-112,
-6,12,
35,58,
0,0,
13,-21,
2,-28,
-1,-7,
-3,31,
-54,-44,
9,-78,
47,-66,
24,62,
-15,47,
-40,-2,
10,-54,
-27,-69,
-30,14,
60,58,
8,33,
-31,-11,
6,-7,
9,55,
-4,-33,
-11,14,
17,19,
26,-7,
0,44,
24,-12,
-27,-15,
-52,14,
-7,-29,
8,-36,
38,-24,
62,-35,
25,15,
-27,18,
-11,10,
1,-17,
-4,-25,
26,-11,
16,83,
15,64,
-22,73,
28,-6,
25,9,
5,26,
-57,3,
-25,34,
26,-43,
-23,27,
-22,-31,
9,-35,
8,-6,
-21,-31,
22,-96,
24,54,
24,152,
31,86,
46,-12,
-52,-10,
56,30,
87,-85,
2,-3,
-12,-46,
5,46,
-14,28,
-37,-3,
-36,-6,
17,-43,
13,-3,
42,-64,
-12,-35,
9,11,
16,36,
60,50,
26,-38,
-1,-23,
-59,32,
-50,-78,
2,-65,
81,-40,
5,42,
-40,5,
-22,11,
16,6,
26,-8,
-11,71,
-75,-38,
-34,-37,
0,-82,
-2,-77,
20,54,
-26,77,
-69,48,
-40,29,
-6,-1,
-34,-30,
8,-71,
23,-43,
-19,-35,
-18,-47,
28,-3,
6,59,
-64,-33,
-56,-85,
-52,-30,
-15,-52,
-63,-56,
-65,-46,
-54,33,
-57,17,
-58,14,
-34,-27,
19,-46,
52,-13,
25,35,
-25,13,
-69,14,
-8,45,
5,-41,
-47,-5,
-49,-18,
-35,37,
27,17,
-11,-28,
7,-16,
43,16,
36,4,
58,67,
11,3,
30,-49,
-10,-19,
0,15,
6,-1,
10,-18,
15,45,
-10,-44,
-34,-64,
7,-28,
61,-4,
26,-8,
0,27,
-90,-21,
-73,-97,
-58,-13,
31,-51,
-90,-12,
-6,-39,
-88,-55,
14,-48,
13,3,
-31,-17,
-16,-70,
-56,-107,
34,-61,
-12,-28,
9,-31,
-54,-30,
-20,-38,
16,-33,
-43,-69,
-28,-7,
27,15,
54,20,
-17,-16,
-53,-23,
78,-36,
72,-68,
32,-38,
22,-46,
-20,-21,
-65,-10,
-18,10,
1,-17,
9,20,
49,-46,
-38,-43,
-31,74,
-9,-9,
12,-43,
24,-6,
76,16,
27,15,
-11,-68,
18,-24,
49,8,
50,19,
5,41,
26,30,
-34,-10,
1,-31,
45,6,
19,-4,
7,23,
-36,1,
30,9,
-8,20,
144,-46,
1008,-636,
4440,-2357,
7420,-3264,
7810,-2135,
5887,592,
497,2154,
-1331,1347,
-538,-529,
707,-2114,
1843,-2705,
2579,-1717,
2075,-249,
867,304,
-9,110,
-283,41,
-396,253,
-774,433,
-1094,477,
-184,11,
7,-31,
94,-298,
-238,-469,
-405,-257,
-298,24,
-328,354,
-230,285,
-49,111,
-113,91,
-337,32,
-320,137,
-174,236,
-18,223,
-67,126,
-63,90,
35,71,
25,62,
-49,247,
-132,219,
-272,300,
-215,216,
-236,271,
-203,24,
-186,-56,
-235,35,
-163,86,
-165,143,
-118,129,
-77,157,
-27,66,
-78,-126,
-104,-144,
4,-160,
15,-79,
-24,-40,
-141,-61,
-125,-70,
-55,-18,
29,-18,
-49,27,
-114,21,
-68,39,
-115,-44,
-177,3,
-215,-28,
-135,-14,
15,17,
-53,-147,
-88,-160,
-303,-88,
-130,59,
-62,156,
-102,72,
-149,-60,
-82,-210,
-119,-178,
-109,-105,
17,-25,
60,30,
3,83,
-46,45,
-201,8,
-232,15,
-44,13,
10,38,
-75,13,
-72,-101,
-57,-103,
-32,35,
-59,50,
-103,1,
-92,-58,
-82,-72,
34,-34,
-3,29,
-39,-56,
-111,17,
-136,36,
-109,39,
-12,37,
-12,48,
-128,8,
-82,-32,
-79,47,
17,11,
-9,51,
-70,37,
-104,101,
-123,41,
-71,10,
-89,44,
-68,34,
-54,15,
-82,24,
-117,-8,
-2,5,
4,46,
-39,114,
-32,65,
-84,16,
-40,-8,
-89,67,
-68,18,
-86,115,
-24,30,
-17,1,
-34,-25,
-104,18,
-54,52,
-11,56,
-67,16,
-30,95,
-23,81,
-91,-29,
-131,-18,
-81,-15,
-32,-13,
-54,4,
-65,121,
-124,88,
-127,41,
-99,14,
-9,48,
-37,51,
-29,32,
-82,29,
-40,92,
-18,-10,
-39,-35,
-137,-36,
-31,10,
45,58,
-23,44,
-106,-1,
-47,88,
-84,36,
-88,-3,
-30,6,
00>
_________________________________
00>
00>
Printing STS1 CIR
00>
00>
_________________________________
00>
-4,6,
25,-22,
54,-19,
47,-44,
-38,-15,
-115,12,
-114,-40,
-72,31,
-17,34,
-4,88,
-7,50,
-14,2,
-23,-4,
52,-37,
18,-34,
28,29,
-59,56,
2,-18,
24,-26,
28,-28,
34,11,
20,23,
69,33,
8,16,
0,-19,
-4,16,
34,78,
7,14,
3,12,
-19,21,
4,82,
10,41,
17,-16,
40,22,
11,105,
43,19,
109,-31,
141,32,
199,103,
90,109,
-54,56,
-47,-14,
14,-34,
1,24,
-13,43,
16,24,
43,-16,
21,-29,
2,-34,
-18,5,
-37,-19,
16,-2,
105,14,
75,19,
70,42,
65,115,
42,2,
-28,-28,
-57,-46,
-46,-12,
-25,-12,
-15,-2,
-1,38,
7,5,
2,-1,
-9,33,
6,30,
0,36,
-19,41,
36,30,
68,49,
-18,56,
3,-4,
-76,6,
-49,-29,
-29,-18,
-17,33,
31,-25,
30,17,
-8,59,
11,24,
14,3,
17,0,
1,33,
41,70,
38,39,
37,53,
-4,6,
-53,15,
-115,68,
-30,-9,
-18,-25,
17,-67,
-12,23,
-60,9,
-7,-14,
-1,35,
-4,-33,
25,-12,
23,-26,
-16,29,
-91,43,
-65,29,
-26,-21,
3,-71,
32,-22,
-5,56,
-18,94,
17,26,
67,-66,
-6,20,
-35,74,
-17,-5,
9,-41,
23,-16,
16,28,
65,25,
7,-10,
-39,-12,
-60,-18,
-23,1,
-14,-32,
-22,-66,
-10,-21,
-1,-16,
19,5,
30,-30,
6,15,
19,67,
-38,2,
-30,37,
-11,17,
-67,-13,
-60,-19,
-60,-15,
1,-80,
-31,-36,
-9,12,
29,54,
-1,45,
11,8,
24,-44,
15,-10,
20,35,
-16,9,
-54,-11,
-13,7,
35,32,
-8,-27,
-65,-49,
-35,-59,
-67,-79,
-38,-68,
10,-40,
-9,77,
-27,77,
-48,27,
0,31,
6,4,
-21,-1,
-33,22,
-26,14,
-23,-29,
35,-12,
-15,19,
0,-2,
-17,21,
-43,-38,
-77,35,
-51,53,
-27,8,
-7,-11,
7,-42,
22,4,
-21,-10,
-22,22,
9,-16,
31,4,
37,73,
30,18,
26,14,
27,5,
46,26,
38,66,
-11,43,
-22,-69,
-8,-69,
-6,-41,
-31,-20,
-3,14,
7,-19,
28,-74,
46,-31,
33,-61,
-11,-5,
-12,0,
-77,7,
-64,17,
-49,19,
-60,-45,
28,54,
28,56,
-14,11,
-6,-49,
23,36,
44,111,
50,84,
30,38,
1,27,
-13,17,
7,19,
20,33,
66,83,
10,48,
54,61,
-13,37,
48,39,
67,86,
-65,36,
-2,21,
29,16,
9,32,
44,45,
35,0,
59,-21,
5,3,
-19,-57,
-8,-72,
-20,18,
-3,-5,
47,10,
-30,6,
-27,-20,
-64,-7,
-77,-5,
0,15,
-23,64,
-2,36,
18,28,
-2,41,
13,41,
18,-52,
-29,-44,
-70,8,
-71,-3,
-31,-17,
-51,-8,
-35,-73,
48,-79,
-10,-58,
-55,19,
-4,-10,
-39,-9,
-9,-19,
35,-21,
-19,-25,
-21,-4,
46,-53,
9,-18,
19,-35,
77,-18,
63,27,
107,53,
43,19,
18,-37,
11,55,
43,55,
45,-19,
29,-18,
-9,2,
-17,-49,
-36,71,
-11,6,
-22,-4,
13,-9,
24,-29,
41,-26,
11,24,
-10,-6,
53,-16,
41,63,
22,11,
13,-4,
-22,-3,
21,8,
33,-3,
26,-42,
34,-62,
32,-54,
-6,-23,
11,-16,
-31,-11,
12,-12,
81,55,
89,-10,
14,69,
-13,2,
5,-45,
29,-2,
46,-17,
43,31,
-24,70,
-26,0,
-29,-25,
7,-37,
-4,3,
37,-50,
2,-45,
-29,10,
-8,39,
-2,-2,
76,-70,
39,-49,
-17,-16,
-33,-22,
-36,-2,
-16,-26,
-17,-26,
14,-44,
26,9,
35,25,
48,6,
51,10,
56,-20,
3,-28,
34,51,
34,7,
4,11,
25,-11,
19,52,
49,18,
21,49,
-28,71,
-6,5,
-16,3,
-10,43,
-40,62,
13,50,
46,17,
40,9,
37,-25,
67,54,
92,62,
61,51,
45,36,
72,-24,
37,-47,
16,-72,
31,-67,
-60,30,
-39,43,
-13,-27,
-34,11,
-49,49,
35,-172,
521,-1752,
2047,-6040,
3068,-7519,
3688,-7374,
2850,-3747,
144,1257,
-931,1847,
-657,256,
-480,229,
-761,1675,
-1052,2451,
-970,1597,
-609,342,
-125,-177,
342,-18,
647,294,
791,439,
565,316,
72,52,
-223,-136,
-200,-487,
-134,-338,
-270,-107,
-277,252,
-239,539,
-132,572,
41,292,
106,-24,
83,-206,
22,-112,
-101,74,
-166,199,
-197,299,
-70,130,
4,41,
98,62,
3,293,
-216,269,
-348,132,
-361,15,
-123,41,
-2,68,
107,179,
7,233,
-35,194,
6,103,
94,-14,
143,-111,
103,-201,
-213,-143,
-218,-89,
-170,-48,
-181,114,
-26,-6,
20,-25,
2,19,
-53,99,
16,159,
88,134,
33,215,
2,169,
-24,92,
-12,58,
-37,39,
-11,24,
15,-62,
-76,-51,
-102,-60,
-150,46,
-174,204,
-44,251,
113,93,
123,-25,
72,-24,
58,49,
115,40,
112,3,
109,18,
94,82,
106,69,
64,105,
30,80,
15,54,
-5,41,
-53,32,
-33,58,
-28,38,
-24,10,
-17,51,
62,125,
37,121,
-32,96,
-46,107,
-3,130,
20,108,
-74,66,
-97,44,
24,37,
109,33,
66,54,
57,75,
20,87,
30,84,
38,103,
3,101,
-62,50,
57,75,
12,80,
30,30,
14,17,
-5,42,
-24,71,
-5,61,
0,99,
53,47,
57,71,
29,160,
3,47,
-14,60,
-39,57,
-95,121,
-2,88,
42,112,
52,99,
52,33,
28,84,
6,57,
36,58,
29,83,
-19,100,
12,52,
28,49,
-61,85,
-61,50,
-42,127,
-8,118,
-14,61,
-23,47,
27,23,
12,71,
17,87,
-30,75,
-58,30,
-25,64,
45,61,
100,113,
116,87,
83,94,
4,12,
0,16,
28,44,
40,58,
-14,29,
-25,1,
-5,-14,
-8,89,
-28,97,
00>
_________________________________
00>
RX Timestamp: 766156191327
00>
Clock Offset: 1662.540 Hz, -0.208 ppm
00>
RX Timestamp: 767226410365
00>
Clock Offset: 2473.354 Hz, -0.310 ppm
00>
_________________________________
Sequence Number: 29
00>
00>
Printing STS0 CIR
00>
00>
_________________________________
00>
3,13,
19,-24,
20,-125,
5,-55,
-86,30,
12,-51,
51,43,
-17,2,
-54,50,
-14,5,
-46,26,
10,28,
4,48,
89,64,
18,20,
-13,21,
16,24,
-8,25,
-14,12,
3,29,
-20,-5,
-8,-3,
6,18,
-17,54,
-15,23,
-99,-72,
-128,-65,
13,31,
-18,29,
-12,69,
6,51,
18,33,
-18,60,
-40,-6,
8,-44,
-34,-37,
-35,-22,
15,23,
-23,4,
0,-24,
89,-30,
-6,-19,
-1,-66,
-32,-31,
55,36,
3,22,
-12,67,
17,49,
45,56,
12,31,
30,-18,
-7,8,
28,52,
50,34,
17,-12,
29,-20,
33,64,
6,56,
71,14,
-19,-8,
-38,58,
-74,-7,
-4,27,
52,51,
40,31,
79,42,
4,11,
9,-44,
4,-11,
17,-24,
-11,-24,
7,-40,
-25,-28,
-59,30,
-41,14,
-14,-3,
72,-3,
14,56,
-12,53,
-34,-18,
-9,-67,
4,26,
0,-7,
19,-9,
23,-86,
44,-24,
85,36,
11,13,
-62,-33,
-13,-40,
43,-25,
25,0,
16,22,
41,4,
-53,-11,
-42,47,
-45,28,
14,44,
47,35,
28,6,
-10,-5,
13,-20,
-46,18,
-18,8,
-40,-26,
10,43,
-28,11,
-47,-2,
3,-22,
-30,-36,
-27,4,
-33,18,
-13,38,
-16,56,
19,-55,
29,-50,
47,-1,
63,58,
22,88,
-5,21,
-68,-81,
-66,-104,
14,-62,
52,-8,
53,46,
-17,76,
-15,-6,
-22,2,
40,60,
12,74,
13,6,
21,-43,
10,20,
9,-69,
62,-33,
29,-8,
-2,56,
51,39,
39,20,
54,-25,
49,27,
22,-45,
-16,-6,
9,62,
12,59,
16,22,
21,-23,
19,14,
9,-3,
40,51,
23,60,
-22,35,
8,36,
4,-22,
-28,-12,
-1,-20,
14,-50,
3,-13,
2,-12,
33,4,
-37,-42,
-45,37,
2,53,
9,26,
0,16,
18,-48,
9,-27,
66,10,
39,85,
20,37,
-17,-29,
-45,11,
-45,-2,
-33,36,
-18,-55,
30,-49,
57,19,
-40,48,
24,-41,
24,-58,
22,-17,
16,27,
60,22,
35,7,
71,-46,
73,22,
32,-5,
50,-24,
30,12,
24,30,
-38,12,
-41,17,
58,32,
11,-44,
4,-12,
-33,-37,
49,-30,
-33,-33,
-34,-25,
-38,-1,
-27,-27,
-9,-14,
27,46,
11,-1,
1,-24,
-35,-24,
16,23,
36,4,
-57,-10,
-88,-4,
32,-28,
9,-56,
23,-59,
125,104,
18,49,
-15,-50,
-14,-20,
-43,20,
-80,11,
10,-8,
-31,-4,
13,34,
-55,36,
-61,-5,
-26,47,
-3,118,
12,15,
12,65,
4,19,
10,-3,
-15,9,
50,-62,
25,-24,
22,2,
-91,52,
-97,56,
14,47,
-5,18,
-26,3,
-31,45,
19,35,
28,-14,
-25,-70,
-4,-34,
7,81,
26,88,
17,-6,
10,27,
95,16,
50,-26,
42,34,
28,11,
11,1,
47,80,
38,-17,
29,18,
-4,32,
34,-11,
17,24,
20,26,
-11,27,
-5,38,
-11,35,
-33,37,
-65,41,
-80,-14,
1,-35,
6,27,
12,47,
50,44,
50,14,
77,-35,
62,-8,
-51,59,
-48,-5,
15,-52,
-2,-60,
-42,7,
-8,106,
16,77,
-29,-9,
-33,-40,
-40,-64,
41,13,
84,13,
-5,-2,
-7,6,
22,49,
-9,-30,
-30,-34,
-6,13,
-12,48,
83,77,
0,24,
-50,-44,
3,-40,
-16,9,
-4,33,
-24,62,
-4,53,
20,85,
2,13,
40,6,
31,-34,
-29,-2,
41,107,
55,61,
32,33,
-43,73,
-49,53,
38,58,
24,1,
28,38,
63,55,
0,72,
12,30,
-2,34,
-29,-24,
-8,5,
8,78,
55,32,
108,49,
55,-12,
23,-17,
-14,8,
35,49,
7,59,
-69,24,
-21,24,
9,36,
81,24,
71,12,
16,25,
19,0,
46,0,
-18,-29,
-68,-45,
-45,101,
1,49,
30,-28,
49,10,
-23,51,
-56,-17,
-45,-21,
-10,109,
-31,11,
-57,-39,
-39,-2,
-67,-20,
10,-29,
25,19,
257,28,
1653,-62,
5998,-170,
7955,277,
7855,1505,
4367,3045,
-1203,2111,
-1894,576,
-89,-814,
1800,-1609,
2975,-1384,
3171,-259,
2030,763,
566,642,
-197,179,
-312,-16,
-550,46,
-1036,-42,
-947,66,
-91,27,
7,6,
172,-236,
1,-567,
-339,-352,
-456,-88,
-428,213,
-165,205,
22,192,
-157,28,
-371,-39,
-378,60,
-234,177,
-130,68,
-158,-34,
-67,-36,
25,-9,
17,57,
-192,123,
-310,217,
-406,232,
-311,143,
-250,46,
-68,26,
-10,-130,
-182,-126,
-208,-36,
-184,78,
-130,49,
-60,85,
-57,9,
-56,-125,
-14,-109,
12,-137,
-96,-97,
-56,-90,
-15,-112,
12,-36,
17,-50,
-13,-56,
-40,8,
-28,7,
-119,-21,
-212,-73,
-247,-70,
-163,-89,
-56,-10,
-85,105,
17,30,
-13,-75,
-192,-94,
-227,-12,
-241,109,
-96,90,
-126,-55,
-59,-145,
-14,-205,
54,-89,
-24,-26,
-17,16,
-52,65,
-96,-16,
-180,-142,
-132,-246,
-50,-73,
-53,35,
-110,-107,
-109,-72,
-21,8,
-8,-14,
-96,22,
-108,-20,
-66,-29,
-95,-2,
-35,-8,
-22,-85,
-60,-126,
-104,-87,
-105,48,
-56,57,
30,-5,
7,-64,
-122,5,
-66,-33,
-3,-58,
-37,15,
-52,57,
-118,48,
-170,-21,
-115,34,
-44,49,
-60,5,
-55,10,
-102,44,
-109,35,
-41,60,
-1,1,
-12,77,
-136,114,
-107,29,
-33,8,
-67,51,
-76,28,
-179,38,
-118,43,
-74,-10,
-22,-27,
-85,-38,
-88,-9,
-70,-9,
-138,-28,
-163,74,
-57,-9,
-34,-20,
-85,-51,
-27,-2,
-70,8,
-55,-6,
-99,-107,
-192,-54,
-184,-44,
-90,-39,
-49,-20,
-33,-31,
-54,-68,
-18,-5,
-11,-16,
-76,-5,
11,-50,
32,-49,
-43,20,
-29,-15,
-110,-15,
-33,-32,
-132,-7,
-114,-69,
-93,-77,
-101,-74,
-37,-14,
-82,-6,
-121,9,
-46,39,
00>
_________________________________
00>
00>
Printing STS1 CIR
00>
00>
_________________________________
00>
-8,-8,
-74,-33,
-43,-46,
-60,5,
8,53,
14,47,
-22,-35,
-58,-32,
-18,-14,
31,26,
17,10,
1,-46,
9,-54,
-25,-25,
32,29,
16,-8,
28,36,
-9,-49,
0,-2,
-18,-53,
-52,-6,
26,15,
87,9,
37,6,
-25,-30,
44,-25,
32,57,
88,71,
34,63,
15,-19,
4,-1,
38,18,
22,25,
32,35,
-2,14,
-31,11,
54,-21,
76,-5,
89,43,
-1,-4,
18,-29,
33,-50,
39,60,
44,39,
-63,-14,
-33,10,
-2,-4,
99,29,
7,-7,
-43,-66,
-83,-25,
-30,-10,
-36,-3,
-30,-37,
9,-58,
47,-32,
84,-1,
46,-23,
35,59,
-8,27,
3,33,
-23,-2,
67,3,
85,3,
31,-34,
6,6,
-52,-20,
-32,-1,
30,-1,
-10,-50,
4,-53,
-24,21,
0,-6,
0,-6,
-2,34,
-39,13,
27,21,
30,81,
9,29,
38,25,
34,2,
75,-2,
115,47,
64,-11,
-58,35,
-12,-22,
-33,48,
16,-8,
4,-25,
18,-36,
18,-25,
73,-36,
-5,-22,
-22,-9,
8,24,
0,-4,
-30,-11,
9,13,
3,91,
24,68,
71,93,
44,32,
55,37,
65,1,
96,-16,
4,-34,
-13,16,
-3,18,
-26,22,
37,15,
-35,7,
-50,-10,
-113,12,
14,-8,
17,33,
-26,-2,
50,-24,
43,-19,
107,-8,
86,48,
74,28,
24,-82,
10,-87,
-34,-50,
-15,-19,
56,42,
68,-13,
-1,-8,
-40,-38,
-2,-43,
55,19,
33,14,
1,56,
4,4,
26,9,
14,34,
16,40,
47,9,
-17,-94,
-34,-38,
-104,27,
-44,23,
46,-24,
65,14,
-14,10,
106,45,
110,35,
84,25,
84,4,
20,-80,
41,-65,
79,18,
34,-4,
-17,-47,
-39,-41,
-25,-23,
103,9,
23,-27,
-17,11,
-15,23,
-68,-65,
-12,-44,
29,8,
16,15,
3,63,
8,-6,
51,18,
42,-18,
-6,-21,
-6,9,
13,13,
33,38,
6,19,
24,-18,
-48,6,
32,-18,
-3,16,
43,-29,
-30,-11,
-60,43,
-43,-34,
26,88,
3,72,
57,73,
27,-33,
38,41,
-18,17,
15,5,
47,-41,
42,-15,
-1,-40,
-13,-17,
-16,-11,
-31,-4,
-25,30,
-6,9,
-20,38,
-36,41,
-43,11,
17,0,
-6,26,
30,11,
-5,-1,
61,-7,
65,1,
55,24,
6,-24,
28,-20,
15,-28,
24,6,
-49,29,
-4,34,
-3,-73,
72,8,
-10,54,
-22,2,
-33,12,
14,61,
6,-6,
-30,-49,
24,-3,
57,-29,
58,30,
-52,17,
11,-25,
-20,-57,
-48,-23,
-4,24,
-3,-33,
19,-44,
79,-80,
51,-45,
7,27,
-16,41,
54,-20,
29,75,
35,9,
65,-32,
28,17,
15,33,
37,-23,
99,-29,
47,-5,
1,27,
69,35,
55,67,
76,14,
3,-11,
-32,25,
7,66,
-20,-31,
-2,-45,
-16,-46,
17,1,
65,-23,
58,-11,
18,-11,
66,-44,
41,2,
22,-1,
-19,-18,
40,35,
82,-31,
17,-9,
-28,-42,
-9,-16,
-38,45,
-11,43,
20,-45,
-18,-3,
-13,89,
41,120,
42,34,
63,-27,
-3,-41,
4,-24,
-17,-59,
56,35,
43,10,
29,13,
39,8,
-5,-29,
20,20,
-8,54,
3,40,
27,-4,
-7,40,
16,-35,
41,-17,
59,18,
18,46,
36,18,
-44,13,
-24,-7,
-26,4,
20,-7,
16,-12,
24,36,
8,-18,
-13,-20,
18,19,
44,37,
53,-9,
24,-20,
28,9,
-33,-12,
4,-12,
19,20,
54,93,
29,27,
27,-3,
30,26,
16,23,
-46,-30,
-2,-10,
-26,39,
52,-5,
69,-61,
-23,34,
-28,-1,
-53,16,
16,-9,
-12,21,
-22,-14,
1,12,
18,25,
5,35,
-30,37,
-54,-19,
39,-29,
53,41,
25,15,
-6,-1,
20,-64,
30,31,
18,-13,
10,-34,
-18,-22,
-91,-54,
-99,-48,
-44,-13,
-12,-43,
52,-22,
30,-10,
31,-7,
44,49,
42,8,
22,14,
23,-4,
27,-53,
12,-31,
198,-291,
1124,-2152,
3655,-6308,
5042,-7200,
5541,-6627,
3324,-2114,
-426,1999,
-1356,1525,
-668,-34,
-534,282,
-1289,1866,
-1700,2287,
-1348,1093,
-616,-37,
-47,-206,
437,219,
726,655,
748,691,
457,234,
-61,-103,
-197,-281,
-82,-526,
-110,-374,
-237,-104,
-358,361,
-286,562,
-167,463,
7,240,
180,-43,
196,-195,
4,-163,
-126,76,
-207,262,
-268,293,
-139,6,
-11,-66,
49,57,
-65,258,
-334,237,
-484,89,
-362,-52,
-171,13,
9,105,
89,182,
15,203,
-99,248,
-101,149,
60,-19,
245,-159,
108,-253,
-164,-205,
-162,-177,
-100,-120,
-189,91,
-33,34,
85,55,
97,9,
35,9,
-26,22,
-57,86,
-18,166,
0,141,
-97,82,
-159,2,
-77,-19,
40,22,
24,-61,
-39,-78,
-123,-174,
-228,-104,
-167,141,
-84,241,
-11,124,
82,-8,
135,-66,
94,-21,
34,1,
53,69,
137,145,
85,153,
13,146,
-38,138,
-84,94,
-15,8,
15,-6,
34,55,
-52,59,
62,65,
1,72,
-16,138,
-111,162,
-79,161,
-44,113,
-24,32,
11,10,
5,36,
-14,46,
-47,39,
-65,-3,
-33,-8,
-34,29,
-24,62,
-19,59,
51,39,
10,29,
-45,68,
-77,51,
-32,-4,
-109,57,
-47,68,
-66,69,
15,93,
34,106,
31,171,
7,120,
-15,-8,
-60,-1,
-46,74,
14,22,
100,104,
-4,62,
-112,59,
-110,-11,
-57,39,
-79,70,
-37,21,
36,20,
35,48,
-76,116,
-11,111,
11,99,
-23,59,
-25,66,
-140,16,
-85,66,
-62,89,
-2,38,
12,-54,
-7,14,
-42,19,
-9,40,
-29,42,
-22,71,
1,50,
-70,46,
-50,102,
-72,13,
-59,-26,
-59,-34,
-31,43,
29,28,
-4,32,
-17,23,
-12,-4,
-53,29,
-83,76,
-40,81,
-23,69,
-37,96,
11,89,
18,37,
00>
_________________________________
00>
_________________________________
Sequence Number: 32
00>
00>
Printing STS0 CIR
00>
00>
_________________________________
00>
19,68,
12,46,
-25,30,
16,59,
-15,58,
4,85,
65,-14,
9,23,
-28,8,
18,-11,
8,31,
-17,-11,
3,33,
-5,37,
-79,-63,
-48,-57,
12,-38,
20,-26,
20,-26,
40,-27,
10,45,
-20,-23,
27,-98,
20,-89,
34,-12,
41,38,
51,42,
-14,-15,
-70,30,
-45,63,
-10,77,
-46,8,
-51,44,
-50,15,
-80,-73,
-20,-33,
17,55,
56,11,
24,39,
19,-6,
42,23,
16,-31,
-42,-93,
-20,-64,
27,-27,
-8,4,
50,-85,
68,-85,
33,-140,
-35,3,
-22,-31,
58,-7,
25,9,
15,28,
-29,8,
-33,1,
-7,-40,
-9,11,
-76,-22,
-101,-32,
-47,31,
30,39,
29,6,
-65,16,
-66,-29,
-39,33,
-6,47,
6,20,
12,26,
60,39,
62,36,
25,-17,
42,-22,
11,-1,
18,-104,
-31,29,
-37,-24,
13,-35,
25,-1,
-13,0,
27,-74,
2,8,
45,15,
-22,41,
-6,-15,
6,-7,
-20,49,
-17,113,
1,105,
2,-28,
56,-71,
-8,3,
27,-13,
85,31,
53,-12,
25,67,
4,12,
-41,-8,
-1,-38,
23,13,
-13,-28,
38,71,
78,-6,
91,-70,
28,-50,
-30,-7,
2,68,
47,76,
-13,38,
-64,-16,
-60,-27,
8,-53,
-18,-18,
9,-13,
6,28,
61,41,
74,22,
8,-23,
-20,-68,
-14,-23,
24,-13,
8,-1,
13,-24,
23,89,
41,42,
61,29,
16,15,
-65,-50,
14,-20,
18,34,
0,-18,
13,48,
27,2,
1,-49,
41,-91,
7,-4,
56,60,
35,30,
17,51,
16,-8,
-39,25,
-45,-7,
-17,3,
17,-15,
19,3,
15,-2,
-61,-6,
-9,24,
33,34,
-22,63,
26,83,
11,95,
-18,19,
-108,-62,
50,26,
70,-23,
4,-44,
-31,-81,
-39,-5,
9,47,
95,78,
53,8,
25,-13,
-27,17,
-47,-27,
-59,38,
-6,63,
6,-6,
-19,-65,
-21,13,
-11,27,
-14,37,
19,42,
29,95,
19,16,
-13,-39,
20,-3,
-5,76,
-5,28,
-16,-55,
-32,-17,
-11,57,
-9,29,
27,2,
28,-92,
-7,-54,
34,-44,
11,16,
-2,-26,
-64,-26,
-31,-41,
29,95,
-15,20,
-18,14,
-38,-12,
9,-72,
-6,-60,
14,31,
4,90,
14,66,
26,55,
36,-24,
-32,-64,
-51,-16,
40,-9,
29,13,
16,-8,
69,-34,
-39,-10,
-43,-3,
-78,-16,
-58,-82,
0,0,
-34,24,
-58,38,
-1,19,
12,-38,
-17,-20,
-24,-22,
-3,-82,
-5,42,
-1,55,
6,-4,
1,-36,
8,-86,
-27,4,
10,7,
-36,50,
21,-60,
2,29,
-2,-18,
-35,-30,
39,13,
23,-8,
23,21,
-6,66,
-22,-3,
-40,-18,
-7,-12,
-31,51,
16,-80,
-32,-59,
-19,2,
15,-20,
40,-47,
28,-3,
-6,32,
-62,-9,
-79,3,
21,-2,
15,-12,
-77,-67,
-25,-50,
-4,-30,
-61,-14,
37,-25,
-38,-86,
-6,-5,
-34,-15,
-59,-69,
15,-77,
11,-61,
17,-23,
39,-17,
49,-45,
10,-48,
26,-7,
22,24,
-42,-4,
-61,1,
-13,21,
-26,27,
11,-8,
14,-41,
-12,-9,
-3,-5,
19,-6,
-51,-6,
-30,-49,
41,-53,
72,-53,
-52,-24,
-19,0,
-8,5,
-8,8,
-21,2,
-47,-12,
-41,43,
-77,24,
-52,-35,
-40,-56,
-91,-38,
-25,14,
1,51,
9,18,
-33,-4,
-66,-10,
-34,20,
-24,17,
20,-14,
-3,-2,
11,101,
-14,26,
-71,11,
20,6,
18,24,
-10,-34,
-49,-54,
24,-42,
81,21,
20,-12,
-10,7,
-19,16,
-30,59,
-24,17,
-5,-9,
-13,-24,
-68,-58,
-29,-94,
18,-45,
16,27,
2,63,
-7,2,
-78,-19,
6,53,
12,-65,
-1,19,
-3,-12,
-20,-10,
7,-42,
13,14,
29,10,
44,-79,
30,-14,
58,1,
-37,58,
52,30,
56,65,
37,44,
13,53,
-14,34,
11,8,
59,-3,
43,-19,
48,6,
-30,-20,
-2,25,
-37,-2,
-24,-45,
-20,14,
46,11,
25,2,
36,-39,
6,36,
-76,-22,
-27,-15,
674,5,
3379,492,
7248,1463,
7480,2480,
4373,2995,
-1554,1362,
-3142,265,
-1627,-410,
-1375,-1765,
-1764,-4367,
-279,-6044,
2327,-4861,
2654,-1688,
871,210,
-274,460,
5,162,
464,246,
579,594,
54,538,
-76,287,
-139,77,
85,-40,
195,9,
-49,-40,
-185,-138,
-189,-141,
-90,-80,
60,-87,
480,-75,
562,36,
474,112,
225,58,
-101,-19,
-213,50,
-95,160,
-36,153,
64,194,
-78,115,
-220,27,
-95,-60,
124,-186,
133,-272,
-42,-179,
-235,-170,
-190,-207,
-66,-173,
70,-84,
46,52,
116,18,
158,-79,
76,-163,
39,-171,
-76,-49,
-31,-85,
-140,-16,
-189,-29,
-292,-133,
-236,-233,
-159,-235,
-140,-260,
-156,-67,
-242,-42,
-250,-104,
-191,-92,
-143,-42,
-174,-73,
-113,93,
-45,81,
-32,20,
-114,-72,
-117,6,
-68,16,
-5,69,
-4,121,
16,178,
-66,193,
-219,258,
-314,254,
-251,190,
-168,193,
-144,83,
-143,8,
-73,-67,
-91,-4,
-51,-109,
23,-58,
3,36,
-52,31,
-38,67,
11,115,
-6,45,
27,-88,
-114,66,
-41,87,
-52,63,
-81,37,
-98,20,
-64,-52,
44,-48,
65,-18,
56,-97,
-45,-77,
-113,-43,
-132,63,
-112,41,
-45,112,
6,63,
-66,79,
-109,76,
-71,18,
-99,9,
-105,-50,
-115,-25,
-92,-20,
-77,11,
-33,-34,
-165,-4,
-141,70,
-50,108,
-113,-43,
-114,-18,
-108,-1,
-75,20,
-78,-98,
-39,-25,
-32,-27,
-47,32,
-37,-22,
-97,37,
-15,112,
-27,74,
-61,2,
-124,-59,
-28,-9,
23,37,
39,19,
-36,-44,
-121,-24,
-97,-41,
-57,-9,
-12,-7,
-70,38,
-70,27,
-55,12,
-41,19,
-15,91,
-38,84,
-16,89,
-36,5,
-27,-10,
-40,51,
-61,5,
-1,43,
-14,8,
14,25,
-4,76,
00>
_________________________________
00>
00>
Printing STS1 CIR
00>
00>
_________________________________
00>
-59,2,
-26,12,
-16,22,
-15,-4,
-16,17,
60,-33,
12,80,
30,67,
38,50,
-11,48,
8,144,
-10,102,
-8,-21,
-23,-60,
-4,5,
21,1,
35,15,
14,6,
-59,-7,
-9,-21,
35,70,
109,41,
67,21,
30,28,
-12,34,
-15,4,
25,5,
14,-38,
-4,8,
-104,7,
-52,7,
12,44,
60,68,
18,-7,
34,-25,
-6,-56,
-16,-71,
26,-12,
-35,-64,
-23,-17,
23,-44,
46,82,
24,120,
-1,42,
-97,28,
-31,27,
89,81,
79,37,
-4,-15,
25,14,
11,-22,
29,46,
43,60,
-35,-56,
-20,-90,
-78,-59,
-15,-29,
-24,8,
-29,90,
21,40,
2,2,
28,-37,
25,-22,
61,51,
11,98,
-17,-9,
26,-54,
-2,-21,
-8,17,
-47,7,
13,40,
-4,9,
-10,19,
-20,-3,
-48,63,
3,66,
9,97,
35,43,
38,19,
-44,-46,
-19,-68,
-1,32,
-48,26,
57,-15,
35,-45,
-58,38,
-48,-61,
-66,-33,
20,-66,
53,-3,
50,32,
53,60,
71,1,
6,-21,
-18,-103,
-14,-132,
-6,-22,
29,20,
-11,13,
29,-15,
22,-53,
31,-4,
45,5,
39,13,
24,-20,
7,15,
51,29,
6,-12,
9,24,
3,-29,
82,-31,
96,17,
9,-10,
-46,-37,
4,68,
52,6,
10,30,
-65,31,
-11,-16,
-3,44,
-2,-12,
56,28,
13,39,
-53,76,
-50,-39,
28,-20,
43,33,
58,62,
2,71,
19,-26,
-17,-39,
-40,22,
-16,20,
12,-29,
30,18,
4,26,
-15,-45,
0,20,
17,-12,
-14,-9,
13,-27,
11,56,
7,80,
-48,63,
-56,-22,
-14,-41,
34,31,
45,74,
2,-10,
-34,-67,
16,-1,
50,17,
-2,-16,
26,-20,
22,-48,
-21,37,
5,102,
-21,73,
58,-24,
-22,17,
-15,49,
33,1,
40,-93,
45,-126,
-22,82,
-68,57,
-26,50,
4,43,
34,28,
13,-35,
-11,-117,
7,8,
4,120,
-3,124,
-37,73,
44,29,
75,38,
39,44,
19,-36,
-25,-87,
5,-31,
38,-29,
22,-26,
0,-68,
34,-32,
40,-22,
28,18,
58,-4,
27,3,
14,51,
17,4,
57,-64,
62,-6,
90,63,
21,-17,
-39,6,
34,11,
27,38,
-19,-40,
-1,9,
-48,-10,
13,-4,
0,-1,
48,-33,
44,-84,
25,-47,
13,74,
-11,7,
34,52,
37,15,
-35,-15,
-48,-4,
37,15,
75,11,
53,-2,
28,-48,
31,-22,
-13,12,
-7,-13,
-31,-34,
5,-30,
51,-38,
71,27,
42,88,
25,86,
12,73,
-15,10,
-18,-24,
-51,-16,
15,9,
107,81,
29,9,
-88,-14,
-8,-45,
-23,-19,
10,7,
68,-44,
20,-31,
2,-9,
-17,50,
-30,12,
-33,-39,
4,-6,
-16,-41,
60,-25,
33,47,
31,88,
-6,58,
0,77,
53,-22,
40,41,
45,73,
-10,11,
-8,61,
45,63,
72,73,
14,-21,
13,-1,
-59,-77,
-37,-13,
12,43,
21,61,
5,31,
-21,0,
-40,-4,
-31,-15,
14,-71,
3,-42,
20,-32,
80,-7,
40,28,
2,-24,
14,17,
10,24,
-3,8,
33,17,
-21,88,
-64,-48,
-63,-46,
-52,-77,
-16,-5,
74,-14,
-6,32,
-10,-2,
39,18,
-29,-51,
-34,-34,
21,21,
74,68,
6,-25,
-45,48,
48,11,
63,-46,
-5,-32,
-81,-42,
-27,-75,
-48,-60,
1,-21,
21,33,
3,-7,
-22,-43,
2,-27,
2,-13,
6,-84,
17,15,
0,-14,
35,-10,
-14,14,
-11,5,
7,-15,
37,55,
31,33,
-23,-46,
36,-28,
-45,-52,
-56,-22,
43,37,
94,49,
16,-12,
23,-20,
0,19,
-13,12,
22,40,
22,37,
-44,42,
-23,-2,
20,-17,
60,3,
59,62,
-35,16,
-59,-34,
-38,-34,
-6,36,
15,63,
80,-34,
37,43,
27,43,
-7,-18,
-9,25,
-39,89,
-19,42,
-70,18,
-17,36,
30,129,
104,79,
34,-7,
29,31,
10,43,
-82,36,
-17,18,
-13,22,
-12,12,
15,44,
26,37,
5,73,
-22,35,
405,-686,
2711,-3095,
6095,-5019,
7023,-4619,
4838,-1499,
-160,2174,
-1837,2646,
-517,660,
1051,-315,
1951,715,
2006,2490,
1161,2876,
193,1538,
-114,98,
17,-369,
-18,-355,
-160,-720,
-371,-1123,
-385,-581,
-145,-29,
-115,479,
46,244,
138,-134,
-125,-97,
-393,-18,
-450,47,
-261,-84,
-124,-149,
-183,-222,
-374,-116,
-462,-98,
-313,-53,
-232,9,
-205,1,
-89,-85,
15,-21,
90,27,
-23,26,
-305,-20,
-375,131,
-458,218,
-296,225,
-204,224,
-246,166,
-230,20,
-172,11,
-168,48,
-152,73,
-136,-57,
-189,-158,
-105,-190,
-21,-102,
-47,26,
2,132,
-74,126,
-80,126,
-128,172,
-60,204,
36,189,
69,68,
48,61,
-65,113,
-184,70,
-230,-2,
-241,-128,
-316,-160,
-170,-70,
-40,8,
-7,6,
-57,-80,
-90,-137,
-61,-118,
-95,46,
-97,120,
-73,203,
-179,161,
-122,223,
-152,146,
-164,198,
-172,138,
-165,80,
-132,95,
-65,36,
-25,-49,
-69,38,
-81,-1,
-125,62,
-27,52,
33,-92,
44,-40,
152,46,
51,74,
-9,19,
-87,89,
-28,34,
-4,74,
-16,101,
-55,139,
-41,46,
11,28,
-103,-20,
-40,13,
-35,77,
53,117,
30,95,
35,76,
-23,1,
-12,2,
-72,-41,
-21,-40,
-10,-25,
-57,-43,
-20,-58,
-65,-118,
-50,-85,
2,-106,
-44,-89,
-18,-9,
-42,2,
-50,32,
-10,15,
32,-3,
46,-87,
37,-57,
35,-2,
-51,91,
-21,57,
-66,9,
-60,-40,
-147,-4,
-147,-17,
-106,-39,
-74,-62,
-34,-130,
29,-58,
25,35,
-89,48,
-47,33,
-7,-71,
10,-44,
0,-35,
-15,38,
-18,-20,
9,-13,
-35,24,
-39,83,
-49,-18,
12,-26,
15,47,
45,76,
-3,52,
-39,-19,
-91,-11,
-59,101,
-27,107,
-19,62,
00>
_________________________________
00>
RX Timestamp: 906320551227
00>
Clock Offset: 1688.576 Hz, -0.211 ppm
00>
RX Timestamp: 907396109388
00>
Clock Offset: 885.201 Hz, -0.111 ppm
00>
_________________________________
Sequence Number: 165
00>
00>
Printing STS0 CIR
00>
00>
_________________________________
00>
5,-9,
41,-1,
36,-38,
9,-8,
108,19,
-18,-34,
-7,-121,
39,47,
-21,3,
-84,10,
-77,-15,
18,34,
0,64,
-7,67,
-101,-65,
-29,-108,
2,-54,
39,-15,
3,-16,
-51,31,
60,163,
58,78,
-11,-32,
36,-14,
36,19,
20,-7,
9,47,
-18,-11,
33,24,
-24,-28,
2,-30,
61,19,
83,21,
-7,-7,
-26,18,
14,47,
-16,3,
-48,-49,
-48,-79,
22,22,
82,45,
59,79,
-66,32,
-116,-14,
3,-27,
26,-30,
32,36,
80,-1,
46,8,
27,-6,
39,37,
57,15,
51,-14,
84,-38,
123,21,
202,-62,
64,-60,
-17,7,
-7,26,
-3,64,
-4,3,
30,28,
-13,24,
78,26,
22,37,
59,-18,
-19,0,
7,15,
21,52,
30,23,
-13,-71,
-43,-82,
29,-11,
61,84,
-18,24,
-93,3,
8,-54,
17,0,
55,-40,
33,24,
72,-34,
8,-34,
-70,-28,
-15,15,
-64,35,
-31,46,
17,-2,
42,17,
47,27,
-4,18,
37,34,
47,37,
49,12,
45,5,
-2,-66,
-56,-104,
12,-72,
53,16,
43,-3,
0,42,
83,36,
44,39,
34,-40,
-13,-44,
53,28,
6,-16,
-33,28,
-100,-38,
-94,18,
-18,63,
-4,20,
10,-31,
-17,-26,
-27,-27,
-22,-38,
-10,30,
8,41,
75,4,
27,-2,
-11,-9,
-49,21,
40,12,
21,8,
-26,-3,
55,-19,
10,-17,
25,61,
61,29,
4,32,
-4,-37,
-20,1,
-11,-30,
-11,-77,
-85,27,
27,44,
42,53,
-4,25,
-26,-34,
37,-7,
-86,14,
-59,5,
77,-84,
96,-60,
8,-21,
-18,4,
-23,-36,
32,-80,
12,-64,
22,-1,
48,21,
12,21,
-29,-56,
-87,37,
-20,-38,
29,-50,
50,33,
33,65,
88,49,
91,54,
92,15,
103,-9,
43,-3,
-35,-30,
-10,-55,
-39,-15,
7,15,
1,-41,
-18,-23,
-35,15,
15,47,
79,-22,
25,-37,
58,37,
7,-21,
36,-20,
54,25,
15,57,
15,11,
79,31,
62,17,
-8,-73,
-36,-50,
18,63,
42,35,
32,-13,
11,-35,
65,21,
49,15,
-6,-46,
-49,-93,
3,45,
-6,81,
-3,68,
23,17,
-83,-8,
-1,-72,
-31,31,
-23,10,
-11,-30,
-20,19,
44,31,
41,68,
78,-5,
129,-62,
119,38,
-2,-9,
6,74,
-15,16,
25,51,
31,-3,
44,-16,
52,-31,
19,-51,
-71,17,
-20,-10,
3,-51,
51,-39,
69,-19,
22,2,
-62,31,
48,43,
80,17,
-17,38,
-8,37,
-4,-46,
18,-17,
21,-29,
-14,-27,
-68,24,
-44,3,
1,32,
44,-8,
27,-1,
32,28,
65,-19,
53,26,
52,80,
63,19,
-16,-46,
-11,-27,
-62,18,
-41,-4,
20,-27,
17,-106,
50,-56,
-20,-19,
7,9,
34,29,
54,58,
7,-8,
-25,-33,
-35,-39,
-2,-41,
9,19,
-10,13,
45,19,
77,-59,
-32,12,
59,-62,
47,-5,
43,-24,
14,10,
48,56,
-15,50,
-29,-9,
-44,17,
86,66,
77,23,
56,-46,
-1,55,
29,70,
-47,-22,
-41,-15,
-27,49,
-6,30,
48,99,
12,51,
-48,59,
-22,13,
45,26,
39,20,
1,50,
-3,57,
-18,40,
-45,24,
-20,-5,
24,-24,
97,-37,
45,-19,
-32,-25,
10,-9,
-7,-9,
11,37,
27,31,
30,72,
48,-64,
4,36,
-4,74,
48,18,
54,-19,
61,-18,
14,-28,
2,32,
-8,-17,
-95,19,
-25,52,
49,48,
96,33,
58,9,
103,34,
57,54,
109,61,
76,27,
36,2,
-8,-7,
37,-25,
24,-48,
52,-32,
6,22,
-64,52,
-21,11,
-15,51,
-66,-25,
-53,22,
33,-36,
24,43,
46,22,
10,39,
26,-23,
-23,-37,
-30,-20,
37,55,
58,60,
72,34,
33,-72,
20,-33,
-16,49,
18,19,
-11,-56,
43,-86,
39,-120,
-1,-22,
-42,40,
29,85,
24,28,
28,81,
12,-2,
2,28,
0,62,
-2,48,
-57,55,
41,-44,
87,-1,
32,10,
-60,145,
-115,768,
-755,2750,
-2300,5333,
-3527,5319,
-3298,2391,
-1482,-804,
-73,-1302,
679,-3,
796,1367,
332,2067,
-442,1946,
-869,1079,
-618,268,
-55,-72,
161,-116,
106,-305,
196,-555,
370,-583,
246,-318,
31,-23,
135,85,
303,195,
254,80,
91,-129,
48,-218,
-8,-137,
-47,-16,
42,1,
158,-122,
123,-230,
-55,-257,
-29,-167,
1,-109,
26,-76,
-30,-59,
-80,-44,
-71,-144,
-114,-195,
-80,-292,
-119,-248,
5,-191,
98,-55,
145,38,
71,-22,
65,-134,
15,-171,
-4,-213,
35,-171,
27,-81,
128,8,
155,35,
40,60,
74,30,
106,33,
115,35,
55,53,
34,111,
1,105,
4,82,
-8,1,
40,-82,
15,-116,
120,-71,
80,-97,
119,-67,
103,-106,
122,18,
135,15,
131,-63,
19,-52,
-60,-45,
-17,22,
19,1,
74,-17,
142,66,
59,4,
-29,13,
-45,32,
-42,9,
-40,-81,
41,-128,
134,-130,
83,-46,
68,10,
99,-29,
96,22,
-35,-26,
2,-33,
6,-21,
34,-14,
136,-27,
104,-26,
92,18,
22,30,
14,34,
-16,22,
18,-66,
35,-75,
68,-41,
138,-4,
126,20,
69,12,
1,-41,
84,-32,
61,30,
96,58,
50,-46,
-8,-122,
10,-69,
48,11,
114,50,
74,-27,
24,-78,
19,25,
92,93,
77,72,
37,-8,
-115,-28,
-12,-65,
33,-70,
66,-34,
14,-106,
71,-59,
19,-11,
7,1,
-8,-30,
61,15,
22,-35,
-23,-10,
-5,-1,
39,-81,
36,-42,
32,80,
78,-7,
55,-60,
86,-64,
53,53,
7,-5,
-46,-56,
77,-40,
93,-76,
108,-66,
75,-39,
27,8,
35,-32,
11,-35,
16,33,
13,69,
0,-73,
5,-102,
41,-13,
57,-77,
44,-58,
30,-26,
5,-70,
44,-66,
29,-26,
00>
_________________________________
00>
00>
Printing STS1 CIR
00>
00>
_________________________________
00>
-24,-12,
-11,-7,
-49,-10,
54,1,
20,111,
-42,6,
37,-58,
49,-8,
-4,60,
3,19,
-8,10,
-71,-8,
-16,-37,
-28,2,
-45,8,
14,2,
-72,12,
30,31,
11,78,
-64,-27,
-39,-94,
-10,-37,
-54,-22,
-7,39,
70,99,
29,32,
46,10,
-9,51,
-38,78,
-24,27,
4,10,
0,40,
-4,-12,
-38,22,
-14,30,
21,76,
-5,56,
-20,74,
11,39,
-7,82,
11,-15,
6,-102,
-17,38,
31,69,
-29,34,
-5,-3,
9,3,
4,-69,
51,17,
0,-3,
37,1,
19,-39,
-83,28,
-2,50,
-9,30,
-23,-49,
-11,-43,
7,-35,
29,44,
-19,47,
-14,29,
-43,73,
55,58,
115,-33,
73,-18,
-28,-3,
-40,59,
-82,48,
-31,29,
14,23,
105,53,
64,20,
-2,27,
-29,-43,
-43,-30,
-17,1,
11,19,
43,50,
20,20,
-28,7,
-81,90,
-41,60,
-7,-23,
25,-21,
17,114,
-37,98,
-35,61,
-4,23,
0,-12,
-24,2,
18,16,
17,21,
40,14,
37,61,
-40,6,
63,-13,
44,-68,
-14,-18,
2,-49,
33,-37,
51,-8,
54,-35,
99,-15,
82,-63,
30,28,
18,-20,
-4,8,
4,20,
-7,-4,
-16,76,
36,32,
23,42,
-36,62,
2,128,
42,83,
-65,58,
-100,36,
-97,56,
-121,67,
-33,-46,
18,-2,
65,-30,
86,-33,
41,1,
-33,31,
-47,41,
4,52,
1,3,
32,45,
5,11,
23,23,
3,-47,
-66,13,
-20,17,
2,22,
24,-21,
-30,-44,
-32,-2,
-5,-4,
12,-37,
21,44,
37,15,
39,-73,
-53,-31,
-51,78,
-75,45,
-19,26,
3,-62,
1,35,
-43,77,
46,-2,
31,19,
-35,-9,
0,-21,
42,-11,
-25,-63,
-30,19,
-23,46,
11,44,
-26,-10,
21,-103,
31,-27,
35,-65,
50,-30,
-14,-41,
42,18,
30,3,
3,-72,
33,-40,
-14,31,
-53,-28,
-22,13,
34,50,
56,28,
-1,8,
75,-10,
104,-24,
39,5,
54,7,
21,-56,
-20,-40,
57,15,
12,11,
-6,20,
-48,1,
-37,-4,
33,-43,
66,-38,
77,-50,
36,18,
-87,30,
7,33,
48,45,
26,10,
-10,-26,
-49,-31,
-30,59,
12,53,
89,21,
32,-31,
-30,-72,
34,-55,
8,64,
3,78,
-21,100,
-12,22,
-26,-31,
-55,-13,
-28,-54,
30,40,
11,-21,
47,21,
25,52,
-1,37,
-3,-43,
-15,16,
-12,18,
-7,39,
40,10,
31,26,
-40,59,
-70,54,
-39,76,
-13,53,
-3,95,
-28,-9,
25,-68,
47,63,
42,84,
-11,62,
31,-20,
34,27,
-28,46,
-8,36,
23,-26,
-13,-14,
10,-60,
-41,-95,
-44,-65,
15,-53,
4,-34,
-54,37,
-49,26,
-3,-47,
97,-55,
57,-3,
24,31,
-13,34,
-10,73,
60,59,
63,35,
21,19,
33,4,
39,15,
-16,20,
-46,-9,
-87,-77,
-29,-55,
-12,-8,
57,-63,
71,-80,
-26,-71,
-39,11,
10,-4,
-10,-38,
-18,35,
101,62,
5,-37,
-61,-55,
-77,-29,
-19,31,
-19,27,
-15,-53,
-3,-96,
-36,-85,
-67,-37,
-102,2,
-75,-29,
-39,-15,
29,25,
-21,32,
-8,36,
-41,23,
-65,-8,
-23,54,
-15,64,
-40,24,
21,-24,
-29,-9,
-63,-6,
-30,-13,
-51,34,
-8,39,
-28,-12,
-22,-60,
14,-77,
20,-44,
-42,-18,
10,-51,
19,-13,
-78,13,
-66,-2,
-56,-1,
14,-14,
48,-35,
10,-50,
-40,36,
-54,62,
-38,0,
27,-44,
32,48,
-26,13,
-31,-1,
-13,-28,
49,66,
79,14,
-18,18,
-97,-45,
-36,-57,
-7,30,
3,36,
-45,31,
-17,32,
-21,-3,
21,8,
79,-16,
72,14,
0,6,
47,-14,
50,21,
25,65,
-26,77,
-33,43,
-61,24,
-30,33,
5,6,
-9,26,
48,-40,
46,-12,
69,6,
-11,-25,
11,-9,
9,-20,
33,-39,
1,-70,
-4,-12,
35,-35,
37,-13,
28,30,
-18,-10,
-5,30,
-47,34,
-29,17,
-30,31,
35,83,
411,868,
1587,3364,
2579,6124,
2304,6505,
714,3369,
-514,-336,
-426,-1345,
116,-563,
151,-253,
-241,-1020,
-571,-1469,
-240,-1175,
198,-479,
226,9,
-108,170,
-440,201,
-585,178,
-338,143,
111,79,
319,49,
346,188,
244,163,
219,-27,
94,-304,
-104,-340,
-182,-254,
-136,-111,
-81,44,
29,148,
66,84,
4,-59,
-25,-170,
-72,-183,
-23,-122,
9,-32,
-55,-13,
-61,-138,
45,-180,
151,-304,
210,-260,
157,-165,
-11,-14,
-104,106,
-134,-10,
-58,-115,
-21,-118,
-75,119,
-44,184,
42,134,
162,-53,
185,-105,
62,-56,
11,-40,
-14,47,
54,14,
65,-1,
-22,12,
-53,-33,
-95,-4,
-39,-66,
-36,-79,
-49,-108,
54,-74,
112,-100,
53,-32,
23,-12,
68,-1,
228,-70,
246,-86,
76,-131,
-60,-98,
-100,-5,
35,71,
1,59,
18,43,
-51,98,
-53,101,
-57,-21,
-104,-25,
-91,-36,
-88,-47,
-53,-66,
24,-71,
-6,-55,
18,0,
-103,-16,
-99,42,
-30,-37,
-18,-62,
-4,-39,
-43,44,
-23,39,
-25,-26,
34,-46,
4,-77,
37,32,
-9,40,
-56,-25,
-63,38,
-46,77,
16,23,
59,2,
9,-40,
-80,-98,
-45,-3,
40,10,
40,-3,
35,-32,
33,-3,
-1,-40,
-48,-92,
-86,-88,
-14,-31,
88,-72,
135,-27,
123,-41,
18,-75,
3,-105,
-13,-52,
5,51,
-3,44,
35,-14,
-4,-85,
-85,-15,
-60,-5,
-15,-32,
-3,25,
-84,19,
-43,28,
-63,-9,
7,-22,
18,-47,
58,-47,
71,-52,
62,-9,
-2,-8,
-7,-50,
0,-15,
20,-12,
92,-78,
108,-139,
0,-73,
34,-88,
-9,-58,
-55,-68,
-120,-89,
11,-77,
29,-39,
152,14,
90,43,
46,-43,
28,-56,
19,49,
67,27,
-30,102,
-3,57,
57,-31,
00>
_________________________________
00>
_________________________________
Sequence Number: 168
00>
00>
Printing STS0 CIR
00>
00>
_________________________________
00>
32,74,
-9,58,
-70,-84,
-60,-72,
28,57,
29,52,
-20,-1,
-28,19,
-18,63,
-44,21,
-21,9,
-5,-31,
-32,-15,
-73,-20,
-21,19,
9,53,
-15,47,
-57,3,
14,9,
48,66,
-2,-44,
-73,77,
-33,48,
41,32,
100,69,
14,80,
-50,35,
28,-14,
21,-81,
14,-65,
-35,64,
-38,83,
51,4,
84,-10,
74,44,
17,82,
17,-36,
9,-84,
15,-40,
0,13,
43,19,
11,-43,
89,-1,
89,49,
57,44,
44,68,
60,0,
40,4,
32,56,
-26,-18,
-13,-17,
-26,49,
-53,-20,
4,46,
-8,-18,
-21,28,
-36,28,
-26,1,
-18,0,
-6,6,
-50,-8,
-27,15,
-44,-7,
-16,21,
0,-70,
-21,1,
1,52,
-37,80,
58,17,
6,9,
28,-3,
39,-2,
38,7,
-6,-31,
3,-39,
42,-18,
26,1,
-30,-14,
0,0,
15,-66,
17,-31,
-31,0,
-4,88,
16,-43,
16,-31,
22,91,
-28,68,
7,2,
5,-15,
46,-26,
-9,51,
66,14,
22,22,
22,-14,
-71,0,
-15,-69,
49,-16,
75,28,
45,63,
0,70,
-82,29,
-54,54,
29,52,
-23,-19,
-33,-129,
66,21,
41,5,
44,32,
29,29,
35,-10,
46,0,
61,40,
30,45,
88,44,
81,60,
13,41,
-76,50,
-37,35,
29,14,
-6,9,
25,-92,
9,-70,
109,20,
175,24,
62,13,
31,2,
62,6,
27,31,
-6,103,
-10,85,
1,31,
-1,39,
-42,-29,
-26,76,
-80,31,
-55,-15,
63,-83,
90,-34,
25,-26,
-86,32,
-48,42,
-23,6,
37,-11,
-2,-13,
5,56,
0,-31,
-22,0,
-5,11,
69,19,
-4,-27,
-15,2,
-11,-21,
16,-88,
-57,-22,
-41,86,
45,60,
9,-9,
-4,39,
40,-51,
58,2,
-14,-39,
-59,81,
27,36,
44,6,
31,-4,
60,54,
57,-6,
12,33,
42,-3,
-11,55,
8,35,
-1,-8,
-37,-31,
23,5,
25,-47,
19,-8,
-38,30,
23,55,
-10,19,
-53,-4,
4,4,
-4,-1,
21,6,
-57,6,
99,-1,
53,41,
-61,47,
-40,6,
23,-46,
39,11,
3,8,
31,1,
26,45,
70,-3,
39,37,
48,-21,
-29,75,
51,-11,
9,-26,
10,-73,
100,58,
36,52,
-14,65,
-6,51,
-23,-18,
2,7,
56,21,
37,-2,
100,-58,
41,12,
56,5,
89,19,
24,-8,
-13,23,
-48,76,
-6,27,
55,-40,
43,-42,
114,-77,
19,-47,
-41,-69,
-24,-41,
18,-18,
80,39,
56,52,
27,-30,
28,28,
13,39,
65,-3,
58,-15,
22,1,
61,71,
55,27,
58,60,
-13,72,
25,27,
-12,26,
49,-43,
34,3,
27,-13,
11,2,
46,49,
-8,61,
23,53,
39,-6,
23,-36,
40,-58,
60,2,
53,14,
109,-40,
35,-76,
44,15,
34,-1,
25,-39,
-11,-47,
-10,-31,
1,-17,
62,37,
87,43,
104,55,
11,26,
-48,53,
3,21,
-8,3,
55,3,
16,-6,
15,11,
41,117,
71,-10,
16,19,
-50,23,
-35,54,
-36,-4,
13,71,
42,10,
-40,68,
-45,35,
-39,57,
1,-27,
-68,-107,
23,1,
38,4,
56,57,
-45,49,
-41,16,
23,27,
29,-27,
-3,-55,
-20,-16,
-10,75,
-23,-17,
-89,-5,
5,-37,
-16,-23,
44,5,
17,106,
30,6,
-9,-5,
10,-8,
-43,-7,
34,-27,
54,26,
59,24,
37,32,
15,12,
-20,54,
-7,34,
20,75,
10,31,
19,41,
-1,-51,
-15,5,
0,-57,
63,-15,
97,10,
63,96,
60,44,
10,-3,
25,-28,
0,-41,
39,52,
13,23,
25,26,
33,32,
-14,2,
-22,0,
19,7,
106,6,
29,-86,
8,-42,
46,42,
83,114,
0,-9,
20,8,
70,-30,
52,24,
-15,77,
-67,12,
-79,-11,
20,-21,
84,-11,
30,-19,
-9,59,
-25,44,
54,36,
71,-18,
59,5,
10,3,
20,-37,
51,-32,
36,48,
-153,313,
-1711,1748,
-5248,4286,
-6888,4345,
-6194,2328,
-1163,-1383,
1714,-2727,
1669,-1270,
2035,306,
4282,1663,
5028,3619,
2793,4851,
-197,3510,
-1055,740,
-362,-512,
33,-399,
-356,49,
-845,102,
-508,-171,
-111,-186,
190,-210,
49,-42,
-122,179,
129,129,
319,58,
336,-161,
128,-109,
-14,123,
-168,394,
-385,388,
-388,267,
-191,64,
-62,-87,
37,-190,
20,-121,
-48,-45,
-114,-76,
-219,-120,
-59,-89,
118,103,
163,263,
102,221,
136,78,
246,-56,
294,25,
261,147,
65,165,
-97,47,
-158,-6,
-82,127,
81,120,
93,64,
49,38,
37,-29,
83,-79,
128,-148,
156,-142,
276,-104,
301,-14,
346,44,
239,-49,
161,-140,
139,-97,
160,-92,
175,18,
146,-82,
-7,-127,
-59,-127,
-7,-143,
114,-41,
157,-55,
1,-81,
-101,-66,
-140,-25,
-127,0,
-155,-85,
-59,-224,
-71,-311,
-67,-397,
-43,-309,
-42,-190,
-83,-49,
70,79,
41,107,
67,73,
-9,81,
-12,53,
9,7,
28,-72,
-2,-115,
35,-68,
40,-3,
14,-87,
83,-119,
28,-79,
70,-19,
63,-1,
68,-34,
84,-27,
58,33,
11,43,
29,75,
31,-58,
33,-160,
19,-151,
-41,-129,
-29,-64,
-2,-69,
67,-65,
110,-61,
51,-57,
78,-60,
27,-50,
10,-143,
15,-61,
42,1,
19,-78,
60,-96,
25,-72,
102,-50,
75,-90,
93,-136,
121,-28,
110,-46,
62,24,
-15,-3,
-5,-78,
-10,-113,
-19,-54,
53,-114,
60,-79,
9,-42,
44,-70,
127,-48,
83,1,
-44,-48,
68,-68,
108,-94,
94,-55,
-8,-11,
-51,-56,
-3,-43,
13,-60,
38,-25,
38,-27,
49,7,
9,-17,
46,27,
55,40,
39,-8,
-9,-56,
-33,-76,
-23,-95,
37,-40,
75,-50,
140,-82,
11,-86,
70,-102,
68,-56,
25,-22,
45,-32,
00>
_________________________________
00>
00>
Printing STS1 CIR
00>
00>
_________________________________
00>
-8,40,
-56,-22,
-38,-31,
32,-69,
74,43,
74,-23,
71,-23,
64,-29,
-8,-81,
-12,-98,
32,-99,
-26,-72,
11,81,
-5,56,
-36,-40,
35,23,
-26,12,
-29,56,
-27,7,
-32,-24,
3,6,
1,61,
-43,31,
-51,-1,
12,-2,
69,-108,
-22,-19,
9,19,
-67,39,
-25,-5,
13,-6,
31,-33,
5,-24,
1,24,
11,28,
49,30,
-2,87,
94,18,
44,-30,
-21,-5,
-27,15,
41,39,
24,-19,
17,21,
1,-58,
15,10,
11,40,
-26,14,
-81,22,
-10,9,
53,-7,
-12,-18,
23,43,
21,56,
49,20,
-27,-33,
9,82,
-29,81,
42,49,
0,-10,
23,66,
17,34,
23,1,
-28,-99,
-11,-23,
-20,7,
-81,-23,
-61,-108,
76,-38,
85,45,
47,48,
25,-33,
15,-66,
-2,-97,
45,-110,
-5,-95,
23,-21,
47,13,
35,-32,
-18,14,
3,20,
10,-1,
9,-33,
-86,-97,
-67,36,
-51,68,
20,19,
60,72,
14,47,
13,-55,
-23,-84,
-53,-106,
-30,-22,
-66,26,
-17,4,
-54,-48,
11,-32,
-46,-54,
3,-16,
31,5,
32,9,
8,-27,
-35,28,
-7,3,
-3,-35,
14,24,
82,-20,
-9,-5,
10,-46,
0,-84,
-8,1,
-20,-2,
26,12,
5,5,
-11,20,
-19,93,
-7,56,
-53,-31,
22,-70,
48,-96,
-9,-33,
39,2,
113,-15,
-20,6,
-50,90,
-77,56,
19,-53,
-4,-58,
-20,14,
22,33,
59,5,
23,-68,
-52,-16,
-29,32,
-10,47,
-7,-49,
-63,-14,
-44,66,
20,68,
84,50,
4,-7,
-36,-79,
52,3,
16,-16,
29,-11,
20,1,
30,-19,
25,-8,
12,33,
24,33,
44,23,
27,76,
-49,11,
-8,-61,
-60,28,
-92,-47,
-44,-61,
68,-47,
55,55,
30,5,
-32,-57,
-2,-38,
11,-25,
-6,-6,
-52,85,
-38,13,
35,4,
74,-74,
47,14,
15,10,
8,-94,
-28,-56,
-9,-67,
-1,26,
24,49,
19,7,
42,-42,
-16,-16,
45,19,
17,-4,
2,-19,
23,-19,
-24,21,
2,4,
51,-12,
53,-58,
69,-39,
-19,-10,
-29,-22,
-33,60,
-29,11,
14,29,
66,-37,
63,41,
93,21,
69,3,
-3,-38,
-23,35,
-53,13,
18,42,
20,9,
43,-19,
36,10,
-28,-28,
-85,-31,
-75,34,
-37,52,
9,-39,
-58,-49,
-45,-25,
-41,-52,
-110,-12,
-79,23,
-4,56,
-4,12,
1,-24,
35,9,
1,48,
0,32,
25,-78,
-32,-109,
-43,-48,
-20,-7,
9,55,
65,-31,
52,-18,
49,67,
22,7,
-61,57,
-29,33,
-46,-20,
28,-85,
43,-31,
10,-13,
39,18,
-34,53,
-27,55,
6,49,
8,-41,
27,-64,
68,-113,
-22,-57,
-78,-33,
-33,24,
-13,-27,
90,-63,
44,-31,
46,33,
-12,-15,
27,-71,
-4,-61,
18,39,
19,28,
12,-11,
-37,-50,
11,-39,
-8,-40,
-35,16,
-9,31,
3,-1,
-7,-3,
4,86,
36,68,
56,21,
37,-3,
35,8,
46,-39,
57,-29,
84,-12,
23,-13,
1,5,
26,73,
25,-38,
44,-61,
28,-44,
7,41,
-31,41,
-15,76,
93,74,
81,-56,
52,-128,
-4,-108,
-19,-21,
9,-21,
23,9,
39,31,
81,-6,
-17,-27,
-68,-60,
-46,-57,
-1,-44,
-8,-75,
-18,-28,
-37,-16,
-34,-28,
26,-45,
16,25,
31,5,
-22,-18,
13,-65,
48,-55,
33,-32,
35,-19,
-28,5,
-78,-15,
-9,-5,
42,27,
55,-12,
-39,-93,
-12,-6,
-73,39,
-10,46,
46,-74,
100,-7,
11,10,
-6,-34,
-6,-61,
43,-78,
117,-68,
22,-5,
-12,46,
-30,-25,
52,-16,
-1,6,
-20,0,
57,-72,
-21,-53,
-12,21,
2,-16,
2,-9,
-24,1,
39,-28,
-22,-57,
10,-14,
26,7,
-24,87,
-71,46,
-33,-51,
-26,-81,
-17,-71,
-16,-22,
73,30,
79,6,
27,-60,
16,-56,
-3,26,
-9,55,
-6,13,
-19,-9,
14,24,
35,22,
-20,649,
-669,3650,
-2203,7380,
-3086,7667,
-3104,5176,
-734,-1456,
289,-3689,
-25,-1181,
-759,1118,
-1902,1091,
-2960,-408,
-2638,-1647,
-1107,-1443,
-38,-448,
156,202,
107,165,
454,280,
894,544,
804,295,
288,28,
-27,-475,
-70,-226,
24,228,
150,136,
290,-222,
417,-353,
279,-173,
203,15,
313,83,
465,-121,
524,-219,
377,-184,
143,-179,
84,-103,
185,8,
70,-32,
-1,11,
-46,-49,
190,-88,
292,-253,
269,-352,
142,-370,
-70,-290,
-53,-201,
70,-87,
123,-23,
91,-26,
72,-85,
171,-110,
251,-46,
147,19,
160,37,
45,58,
-50,-11,
-70,-169,
54,-202,
30,-165,
-39,-151,
-24,-147,
57,-85,
-30,-87,
-23,-131,
48,-177,
210,-59,
258,-139,
322,-171,
206,-5,
12,-21,
17,70,
154,26,
207,-9,
144,4,
41,57,
-14,-54,
-18,-262,
59,-309,
67,-309,
7,-267,
-34,-215,
-12,-171,
43,-73,
35,-96,
40,-43,
77,-9,
23,-76,
9,-100,
30,2,
20,15,
24,82,
-22,66,
-17,-4,
-8,-44,
0,-87,
11,-58,
16,10,
-26,-3,
-87,-32,
-51,-67,
-99,-86,
-86,-49,
14,-67,
35,-50,
89,-71,
32,-47,
-98,4,
1,-40,
88,-30,
76,-17,
71,87,
73,28,
48,-19,
99,-68,
176,-3,
115,-11,
71,11,
91,19,
58,11,
79,-32,
61,-50,
87,-61,
101,-15,
72,48,
126,29,
119,-8,
57,2,
23,44,
47,-12,
31,-41,
48,-95,
11,-78,
47,-13,
39,16,
13,-38,
24,50,
6,-34,
15,-63,
75,-78,
46,15,
-16,7,
5,-43,
64,-20,
56,-3,
23,-91,
32,-48,
-4,-28,
37,-59,
51,-48,
20,-6,
1,-66,
35,-26,
45,13,
48,38,
62,-16,
-12,-134,
52,-108,
10,-96,
43,-40,
8,-31,
41,68,
-38,11,
23,-37,
00>
_________________________________
00>
RX Timestamp: 1046745752627
00>
Clock Offset: 1405.907 Hz, -0.176 ppm
00>
RX Timestamp: 1047815768400
00>
Clock Offset: 1707.172 Hz, -0.214 ppm
00>
_________________________________
Sequence Number: 46
00>
00>
Printing STS0 CIR
00>
00>
_________________________________
00>
22,61,
41,31,
49,21,
-7,-10,
24,-12,
52,18,
60,46,
3,-11,
-53,-65,
-58,-72,
-110,-72,
-74,-90,
14,-82,
14,-27,
18,-40,
55,8,
69,53,
13,93,
-25,42,
-4,67,
15,46,
54,20,
61,25,
21,-38,
-26,16,
-84,-53,
-90,-13,
-9,25,
53,46,
33,9,
75,7,
85,37,
3,-12,
18,0,
-68,37,
10,-18,
-32,-22,
-16,16,
-23,20,
-10,38,
16,44,
-66,13,
-57,-18,
-19,10,
21,-30,
-13,-25,
1,-22,
-6,39,
21,24,
38,21,
34,111,
-12,26,
-35,36,
-4,28,
21,36,
40,-20,
46,48,
28,23,
51,36,
45,-51,
-32,-118,
-51,-49,
24,-65,
68,-29,
90,3,
-17,-10,
-21,-2,
26,-28,
55,-27,
30,45,
-4,-62,
-24,-36,
-28,8,
-36,7,
-8,4,
-79,-15,
-22,-61,
19,58,
-69,2,
-47,5,
-48,42,
-18,-56,
-56,-40,
6,-6,
-28,42,
-64,-20,
5,7,
-5,-72,
-3,-31,
47,8,
38,19,
-8,-4,
32,37,
55,-28,
76,-30,
46,26,
19,20,
-5,-55,
6,-9,
44,7,
25,-10,
-20,-21,
-70,-8,
-20,16,
-10,-15,
-50,-30,
-6,-39,
-27,11,
-24,62,
26,39,
10,-88,
-9,-48,
-5,39,
45,29,
16,56,
-131,-35,
-62,-48,
53,7,
46,-16,
-9,-7,
-15,-9,
-107,-14,
-51,22,
-37,9,
-4,10,
-8,11,
5,-7,
30,25,
1,50,
7,71,
37,90,
-10,95,
98,-26,
32,-57,
-13,-60,
-10,18,
30,3,
100,27,
30,28,
-53,-26,
-7,-18,
-69,-25,
-9,68,
18,23,
-39,-78,
-4,-61,
-6,-41,
3,19,
-44,2,
-40,26,
-59,-16,
-3,18,
52,24,
110,65,
8,28,
-74,-15,
-26,-26,
4,-26,
39,11,
-6,-38,
2,-75,
42,-95,
65,28,
27,47,
33,-8,
7,13,
-68,-19,
20,9,
-12,58,
35,72,
45,6,
-21,-64,
-77,-56,
29,8,
9,14,
-33,-31,
-99,-18,
-50,-30,
-16,-38,
-34,-88,
17,-10,
26,-20,
20,12,
-29,4,
-69,-88,
-27,-17,
-64,23,
-48,-14,
-57,-62,
11,-27,
36,0,
42,0,
73,-21,
43,20,
75,77,
13,17,
-48,-25,
-10,-71,
0,-72,
-1,2,
-37,6,
-12,23,
-9,-14,
108,-59,
67,-40,
47,-57,
28,-21,
27,52,
31,45,
41,-11,
7,80,
53,45,
12,57,
24,22,
23,17,
33,-46,
36,-97,
-2,-17,
-64,-6,
-46,-21,
13,-41,
-13,55,
-53,14,
-54,9,
13,22,
3,32,
58,13,
-32,-14,
40,-32,
57,-43,
2,-29,
31,-56,
-26,-21,
-39,-2,
-138,-66,
-39,-83,
79,-26,
69,2,
-7,58,
-50,23,
-52,-29,
-66,-6,
-101,22,
-64,33,
19,32,
9,14,
14,27,
-12,45,
-10,-14,
10,-5,
27,-47,
13,11,
44,18,
57,33,
25,55,
-26,17,
-11,11,
-6,12,
-13,-5,
-22,17,
-4,-18,
-17,-26,
16,-19,
71,21,
33,13,
33,5,
-28,19,
-75,23,
-106,11,
18,35,
66,48,
5,-52,
-20,-122,
-21,-25,
-72,9,
-77,-12,
-43,-36,
-40,11,
13,61,
-5,3,
-49,25,
-54,-21,
-83,-11,
-19,-40,
99,-5,
78,-22,
30,2,
2,8,
6,103,
-66,68,
-85,57,
-79,-24,
-26,-67,
-34,1,
64,50,
-96,36,
-60,-50,
-64,-35,
-9,23,
-4,42,
88,-27,
36,-34,
12,74,
-7,73,
34,34,
-20,30,
33,-17,
-9,-9,
56,-74,
56,9,
-12,-17,
-8,29,
-72,22,
-45,-30,
-13,-37,
83,15,
57,46,
55,32,
24,35,
7,99,
32,67,
-29,48,
-92,27,
-81,17,
1,-21,
11,-5,
-13,28,
36,-13,
40,-23,
82,16,
13,-22,
-12,-63,
-41,50,
50,69,
-17,-2,
-48,-11,
-19,-86,
33,3,
-6,-31,
-1,6,
50,65,
-8,27,
-75,-3,
7,-21,
43,19,
19,-11,
-17,37,
-24,-15,
-26,12,
25,-18,
37,21,
-15,-58,
-9,13,
36,106,
45,109,
60,51,
3,27,
5,-13,
8,-100,
24,-927,
728,-4223,
2525,-7223,
3826,-6724,
3382,-2215,
1207,2250,
-369,2610,
-1003,1009,
-2501,575,
-5125,209,
-5862,-1670,
-3634,-3094,
-533,-1875,
730,-140,
526,480,
241,92,
360,-302,
668,-352,
302,126,
43,187,
-115,165,
-47,-116,
50,-188,
-170,77,
-212,226,
-129,280,
-26,24,
-92,-233,
19,-466,
89,-474,
103,-336,
4,-109,
32,98,
97,286,
215,189,
210,52,
346,17,
267,127,
29,102,
-114,-112,
-162,-161,
-76,-132,
-76,80,
-167,113,
-183,54,
-176,43,
-45,-18,
40,-5,
118,-36,
-47,-45,
-157,-61,
-66,24,
-81,106,
-4,190,
12,228,
-1,240,
-39,347,
-100,308,
-208,187,
-237,132,
-101,164,
-112,147,
-12,151,
-16,124,
-67,130,
-83,236,
48,85,
83,35,
16,60,
20,130,
-9,172,
12,51,
125,-7,
165,3,
186,84,
229,114,
221,282,
204,309,
190,316,
201,262,
61,79,
-3,82,
-67,-26,
-54,-32,
-21,-54,
81,-50,
44,-14,
45,89,
-25,149,
-15,96,
-13,58,
10,61,
98,118,
79,100,
-22,8,
-56,44,
5,91,
43,106,
51,64,
45,23,
-65,-29,
-132,14,
-57,177,
8,141,
57,92,
-24,25,
125,6,
120,41,
50,84,
-23,78,
-18,82,
-7,97,
22,69,
7,140,
12,58,
68,67,
9,127,
24,27,
47,42,
-40,62,
-30,129,
-56,104,
-42,49,
-36,23,
12,73,
66,17,
13,-36,
16,20,
-9,88,
-16,105,
10,53,
-15,62,
-11,37,
17,35,
19,119,
11,68,
-35,139,
21,162,
51,126,
121,108,
92,58,
69,69,
31,34,
20,48,
39,17,
20,-16,
33,30,
20,40,
109,44,
122,36,
-3,27,
24,50,
75,31,
00>
_________________________________
00>
00>
Printing STS1 CIR
00>
00>
_________________________________
00>
35,26,
3,26,
9,24,
10,58,
-35,-23,
-12,-62,
13,-16,
-9,27,
-41,48,
20,-38,
11,-46,
41,-37,
-13,32,
2,41,
16,-15,
-12,45,
6,-16,
89,8,
-20,-29,
0,-28,
-5,33,
-13,24,
-48,45,
-18,36,
21,-13,
54,-42,
99,-48,
122,-52,
80,2,
5,-9,
-2,-14,
55,-35,
4,45,
-17,53,
-17,21,
49,-15,
20,26,
-78,62,
-44,56,
-23,45,
-12,-71,
-10,-45,
-31,-26,
34,-20,
-13,19,
-7,67,
2,36,
15,-25,
45,-111,
28,-37,
1,33,
-41,-14,
-5,-13,
52,6,
-15,-20,
-27,8,
-46,-10,
-28,4,
4,11,
-29,19,
-4,-8,
33,31,
-7,56,
9,-17,
-38,10,
12,19,
2,0,
-22,-50,
-21,-46,
-10,-5,
18,23,
-41,14,
69,55,
-50,60,
-51,15,
0,-10,
-10,-53,
18,-27,
-5,3,
-29,17,
-22,62,
-37,34,
12,-4,
-5,-6,
-45,-5,
-21,-16,
2,-82,
37,-36,
106,-15,
82,7,
56,-15,
-22,19,
42,50,
44,-1,
46,-27,
-3,30,
-7,10,
-28,-12,
6,-29,
13,-2,
-8,39,
9,-11,
25,-24,
-49,-37,
-12,5,
-52,5,
11,-23,
0,-51,
-65,-2,
-9,-17,
27,28,
44,-14,
78,-80,
33,-65,
-48,-57,
-20,6,
-7,-24,
68,25,
17,47,
-7,97,
-26,56,
-83,32,
-30,2,
-39,-13,
55,33,
65,-48,
19,-13,
-33,54,
-91,31,
-30,-38,
-51,-54,
7,-26,
7,56,
-25,-22,
-8,-15,
29,82,
19,29,
14,10,
41,0,
26,10,
10,-27,
-5,-19,
4,13,
-10,75,
40,39,
28,-31,
-33,28,
-63,20,
-50,23,
11,2,
-50,-35,
-28,-3,
37,-3,
52,-17,
9,-31,
-37,-61,
-13,-3,
-2,14,
14,15,
27,-21,
-4,-53,
1,-31,
-38,-3,
-13,28,
19,-41,
8,-22,
-9,28,
3,-31,
66,-29,
91,-10,
-12,23,
39,-41,
27,-19,
-10,10,
-9,39,
2,-8,
60,7,
23,-17,
5,13,
-30,12,
-8,17,
-40,5,
19,-4,
69,-24,
15,-55,
-1,-31,
-51,7,
30,-13,
23,13,
-17,18,
-5,-5,
57,6,
15,37,
24,-20,
-1,61,
-13,82,
-33,12,
28,-2,
19,38,
46,-19,
32,-53,
54,-42,
82,-21,
2,9,
-3,5,
-23,12,
-28,11,
65,13,
66,12,
74,-6,
-46,14,
59,-33,
12,6,
13,4,
46,3,
66,-46,
6,11,
38,33,
31,37,
-15,40,
22,10,
11,-42,
-18,-16,
-2,33,
-41,30,
-36,2,
-30,-50,
16,-27,
26,-22,
57,-18,
23,-20,
-20,-25,
15,20,
14,16,
20,29,
-17,-4,
-57,-61,
-106,-43,
-11,-24,
41,56,
63,-25,
7,-11,
20,-10,
-35,-9,
-9,39,
-7,1,
19,27,
-40,4,
17,-3,
-68,31,
-66,-10,
-29,11,
-49,-1,
-35,-7,
-24,16,
29,24,
-13,3,
-34,-1,
-19,-18,
1,-23,
-21,-8,
30,2,
50,-9,
32,-41,
2,-53,
-71,-9,
5,-37,
14,1,
29,43,
6,8,
20,11,
14,-13,
22,9,
91,18,
41,33,
-47,-16,
-54,-24,
-22,-3,
-2,-40,
-42,-25,
-5,4,
69,-27,
40,8,
32,-5,
5,-28,
-25,-87,
1,-34,
75,5,
31,-10,
29,-10,
58,-6,
47,-8,
4,11,
-26,-22,
-1,-14,
2,-16,
-84,-54,
-8,-5,
-11,3,
24,-26,
107,42,
-12,-11,
-30,13,
-37,-23,
-26,-35,
59,-39,
96,-43,
-12,-10,
15,61,
17,25,
26,-1,
-34,-31,
9,-17,
24,15,
-13,-24,
-7,5,
18,25,
36,14,
1,-31,
25,35,
-15,29,
12,-19,
-16,-19,
4,-4,
-32,13,
0,-40,
-25,-60,
12,8,
-62,67,
19,-8,
-8,-4,
3,27,
-77,20,
-64,62,
56,38,
46,31,
99,82,
75,63,
0,25,
68,-75,
67,-88,
-1,-8,
-85,-15,
17,-38,
119,-41,
120,-64,
110,-65,
-18,-25,
-59,46,
34,28,
10,-10,
-18,4,
-5,5,
67,32,
84,-32,
40,-42,
6,-18,
17,-5,
-97,-99,
-711,-1078,
-2456,-4874,
-3204,-7482,
-2475,-7576,
-83,-2778,
1645,1860,
1541,2076,
402,-150,
232,-1784,
1401,-2221,
2739,-1543,
2419,-301,
944,393,
-73,248,
-274,-45,
-342,23,
-722,219,
-1020,255,
-408,183,
238,28,
406,136,
31,-71,
-217,-141,
-177,155,
-29,414,
-105,362,
-163,198,
-181,152,
-265,276,
-253,406,
-156,414,
4,232,
-12,163,
-80,128,
-50,29,
40,-34,
5,-84,
-155,67,
-114,261,
33,349,
166,323,
254,210,
318,91,
88,181,
-106,170,
-64,129,
-33,188,
13,202,
-42,167,
-165,98,
-213,97,
-41,45,
29,50,
102,66,
89,143,
107,126,
164,168,
201,114,
119,95,
65,77,
98,31,
121,117,
25,248,
-83,327,
-95,242,
-99,201,
-64,60,
31,-17,
-49,-95,
-104,105,
-147,62,
-104,96,
73,70,
182,88,
234,167,
194,233,
180,161,
91,107,
13,135,
40,38,
81,65,
85,90,
11,39,
-15,59,
72,24,
38,74,
0,28,
-63,-10,
-42,-40,
-5,-127,
66,-82,
-3,-12,
34,61,
76,61,
55,-16,
91,-57,
82,59,
146,44,
137,-2,
131,6,
41,33,
-54,78,
-70,57,
72,-48,
60,20,
32,59,
33,23,
-30,10,
-62,66,
1,135,
-36,86,
-73,-51,
-78,-8,
-165,-40,
-95,2,
-51,0,
-23,19,
-45,95,
-44,75,
-32,51,
-63,72,
-81,84,
-97,109,
-26,70,
-32,59,
-3,22,
68,12,
39,68,
14,109,
0,58,
29,-2,
15,2,
8,52,
-19,25,
8,70,
59,79,
30,91,
21,83,
-6,38,
-24,103,
5,72,
6,65,
16,52,
-8,53,
-29,87,
-89,53,
-51,9,
47,-22,
71,20,
27,37,
-14,50,
-42,84,
-29,113,
00>
_________________________________
00>
_________________________________
Sequence Number: 49
00>
00>
Printing STS0 CIR
00>
00>
_________________________________
00>
-4,-25,
18,15,
10,17,
38,10,
15,12,
11,11,
11,32,
104,78,
33,23,
-55,23,
-46,-4,
32,73,
46,40,
11,19,
66,7,
79,45,
44,4,
70,17,
8,30,
41,-14,
-12,40,
16,-16,
-10,-32,
14,-8,
18,-25,
50,39,
-14,-13,
8,32,
-42,62,
-22,45,
-11,-46,
16,4,
30,7,
32,-15,
-27,-37,
4,22,
-8,42,
8,23,
-29,-36,
-18,-8,
-51,22,
3,60,
2,7,
35,37,
-2,32,
14,30,
-26,17,
-72,-23,
11,-11,
-17,-15,
-34,9,
-26,11,
60,57,
138,-35,
58,23,
80,59,
102,51,
98,74,
32,98,
50,96,
-54,0,
-79,-66,
28,-80,
27,-21,
-18,2,
-17,-4,
56,1,
-38,6,
-83,-5,
65,-17,
140,-2,
105,-18,
87,69,
1,3,
-7,17,
-9,25,
86,45,
99,88,
-16,7,
21,36,
48,-44,
47,-7,
2,5,
-29,61,
-29,30,
2,54,
24,71,
-4,17,
-2,50,
-46,17,
-2,58,
50,-16,
9,22,
-26,-7,
7,24,
45,110,
-4,3,
4,-16,
6,56,
75,-24,
12,6,
-32,7,
47,65,
80,67,
-2,71,
-132,6,
-71,36,
32,44,
86,30,
25,43,
41,-6,
-14,-30,
-33,-16,
-34,-64,
10,-48,
77,29,
-70,46,
2,-26,
-17,7,
-22,1,
3,33,
2,63,
-9,34,
-44,4,
-49,58,
-58,52,
-19,59,
15,25,
-10,53,
-53,-22,
-74,-28,
-96,39,
-38,15,
-54,-9,
-35,12,
15,-34,
-49,-70,
56,12,
12,-24,
-73,-21,
-28,-34,
45,21,
59,44,
17,2,
28,-1,
-5,0,
-4,36,
-11,33,
26,80,
18,27,
23,24,
-22,-23,
28,-26,
18,11,
-24,37,
-45,81,
-53,63,
1,35,
65,29,
-38,-26,
23,18,
15,106,
21,-9,
-44,-81,
-98,1,
-151,-69,
-67,12,
-35,29,
-24,72,
-25,62,
41,39,
33,30,
39,80,
-47,-15,
-6,-11,
2,45,
-14,44,
-66,-15,
-58,-58,
1,22,
31,50,
14,55,
-23,33,
-1,18,
-42,25,
20,84,
47,56,
73,3,
-3,-9,
48,-24,
-13,66,
4,13,
-12,-47,
23,10,
-15,17,
30,-9,
-24,45,
-5,83,
6,39,
-16,-24,
-35,11,
-59,14,
28,54,
54,66,
33,21,
-38,25,
-38,51,
-71,43,
-20,33,
-33,1,
-17,-12,
-17,-25,
-4,0,
-68,-29,
-27,-2,
56,56,
31,-43,
-23,41,
-11,61,
-30,13,
-15,-31,
-45,9,
6,64,
29,41,
16,9,
-18,11,
12,27,
35,28,
-40,-5,
-28,-14,
36,35,
30,46,
-36,31,
-68,45,
-11,23,
22,36,
17,-29,
22,25,
35,82,
9,113,
-4,73,
5,-28,
0,11,
9,-6,
38,14,
53,20,
66,70,
90,28,
62,-42,
-11,62,
1,66,
-31,6,
-16,-51,
22,-57,
-70,-43,
-43,-2,
-33,-18,
33,-16,
19,31,
23,18,
13,49,
38,28,
30,3,
10,0,
-21,4,
-52,8,
1,-48,
-5,55,
-10,40,
28,11,
0,-12,
39,55,
38,27,
47,-26,
-6,21,
-2,81,
52,32,
4,61,
30,31,
9,-36,
-21,44,
-38,24,
-7,-3,
-35,17,
7,-41,
53,-49,
10,-13,
88,21,
74,-27,
21,17,
29,48,
22,27,
14,-81,
49,25,
-16,29,
17,36,
-69,40,
-57,-45,
-9,-42,
29,14,
43,55,
84,47,
26,35,
36,58,
36,37,
-13,49,
-8,-41,
-5,-26,
-13,-23,
-1,16,
30,-3,
-19,16,
-28,43,
-6,37,
-79,30,
-87,8,
-29,34,
-48,17,
3,-13,
29,-10,
10,-24,
-17,-27,
22,71,
127,69,
1,30,
-80,17,
-5,29,
-51,-55,
-11,-28,
36,-11,
34,34,
0,4,
-22,30,
17,49,
1,31,
42,44,
38,5,
37,47,
13,47,
6,34,
-63,28,
9,80,
-12,24,
24,49,
-7,63,
66,56,
12,26,
26,35,
45,38,
56,-23,
17,42,
31,25,
3,5,
-7,-32,
16,-15,
62,317,
159,2173,
-265,6698,
-1543,7893,
-3157,7373,
-3747,2127,
-1830,-1804,
49,-1222,
1216,845,
1722,2504,
1014,3260,
-294,2741,
-983,1325,
-494,206,
81,-267,
136,-420,
26,-696,
86,-1107,
328,-683,
154,-16,
171,88,
375,145,
419,163,
289,-144,
52,-406,
-97,-491,
-120,-163,
-39,81,
71,-97,
49,-269,
-57,-380,
-147,-305,
-147,-146,
-55,-150,
-83,-30,
-112,-38,
-186,-115,
-140,-195,
-122,-259,
-1,-333,
-99,-287,
-104,-271,
3,-151,
15,-127,
56,-107,
63,-214,
-4,-193,
-44,-231,
-114,-144,
48,-39,
117,8,
93,39,
33,17,
77,-6,
121,-21,
85,-71,
11,15,
6,-6,
34,71,
37,105,
-25,-44,
-62,-84,
47,-155,
105,-139,
104,-83,
18,-1,
16,6,
69,2,
126,-42,
129,-213,
-69,-124,
-19,-93,
39,-3,
107,39,
101,12,
233,17,
64,9,
6,51,
-91,-4,
-57,-4,
32,-133,
62,-185,
29,-96,
-30,-43,
-45,-50,
115,-58,
112,-18,
46,-36,
-1,-71,
23,-85,
21,-93,
90,-121,
28,-23,
69,-17,
48,18,
27,-78,
32,-119,
-20,-115,
18,-69,
17,40,
-13,-39,
27,-142,
17,-155,
-44,-72,
-6,-71,
-30,-103,
-13,-114,
41,-102,
-9,-77,
-45,-38,
-16,-97,
83,-55,
59,-99,
85,-76,
15,-73,
10,-25,
25,-40,
-49,-109,
-98,-78,
17,-98,
-3,-76,
-37,-92,
-6,-30,
23,-105,
45,-120,
64,-77,
19,-73,
15,-75,
13,-5,
54,-111,
53,-86,
-7,-87,
-5,-65,
-11,-77,
49,-55,
39,-39,
16,-82,
4,-128,
-33,-128,
-9,-84,
20,-91,
27,-90,
38,-64,
-13,-101,
48,-6,
-74,-40,
-55,-68,
3,-10,
-36,25,
129,-48,
90,-45,
7,-52,
31,-64,
-10,-56,
-75,-90,
-32,-42,
35,-57,
00>
_________________________________
00>
00>
Printing STS1 CIR
00>
00>
_________________________________
00>
15,74,
6,6,
-11,-72,
-29,-85,
19,-39,
18,-1,
19,-33,
-25,21,
2,40,
10,62,
24,29,
53,22,
13,17,
-34,17,
-52,35,
-2,25,
45,-46,
40,-64,
28,-12,
8,27,
-10,59,
9,45,
59,23,
51,-15,
76,15,
-24,-59,
3,17,
-19,22,
-37,66,
-33,130,
26,81,
38,9,
32,-4,
-18,22,
28,-28,
-4,15,
7,24,
-4,62,
-19,53,
-66,59,
-7,-26,
40,-48,
26,-20,
37,-3,
8,7,
-23,57,
-43,69,
59,48,
-6,35,
-14,-31,
-30,30,
34,28,
4,10,
-44,22,
-24,17,
-42,29,
-63,89,
-17,3,
6,-27,
5,-27,
9,15,
45,32,
81,-30,
81,-24,
30,5,
-31,-27,
27,-5,
20,-39,
91,-25,
74,73,
0,62,
-23,30,
-11,-38,
10,33,
48,-30,
75,21,
-21,37,
-69,10,
-43,13,
-48,-76,
-7,41,
-8,33,
0,38,
24,26,
-50,-3,
-98,58,
-81,67,
-91,-12,
-73,47,
-34,48,
58,24,
50,-37,
86,-77,
19,-48,
47,1,
-5,83,
16,62,
15,55,
9,-30,
15,-50,
-19,9,
-27,21,
-42,62,
-64,88,
-12,55,
-1,-20,
67,-45,
20,-1,
-24,-20,
33,16,
1,67,
25,14,
53,-38,
78,-37,
33,-35,
-11,-46,
-51,-32,
24,1,
-35,-84,
-40,-41,
48,-35,
28,-8,
16,14,
13,0,
12,25,
62,21,
32,39,
31,-14,
32,12,
-3,-35,
-36,33,
-49,12,
14,19,
38,1,
12,-10,
8,3,
46,-17,
38,55,
41,-18,
24,-17,
21,-51,
70,26,
36,-100,
11,-96,
8,-30,
-2,0,
24,13,
19,25,
13,-72,
54,-39,
109,-31,
86,21,
88,19,
99,-5,
-1,-6,
-23,39,
-44,-16,
16,61,
1,43,
40,-29,
5,22,
28,24,
29,-14,
41,-21,
23,46,
-26,34,
40,-24,
26,-15,
-9,-48,
-11,15,
6,-9,
4,5,
34,-21,
55,-72,
49,-32,
-11,-50,
-52,-4,
43,26,
21,23,
24,10,
25,-45,
63,-57,
31,-24,
42,-9,
30,-32,
-62,0,
-66,5,
-31,11,
-15,13,
-4,90,
38,54,
-23,-5,
12,-55,
79,-70,
86,-47,
6,53,
-26,28,
77,-33,
90,-81,
47,-57,
26,-43,
-11,43,
-27,80,
-12,29,
7,-6,
-35,-15,
-113,-33,
-32,-5,
11,21,
49,25,
83,34,
27,52,
43,54,
6,60,
36,11,
16,10,
7,49,
4,25,
35,20,
-12,56,
-54,-2,
-5,-36,
9,12,
-14,70,
58,57,
17,5,
1,-15,
2,18,
-8,19,
39,3,
87,22,
56,30,
11,5,
58,-70,
36,-54,
29,-21,
26,64,
31,53,
56,26,
69,51,
52,31,
48,8,
-10,-13,
29,-85,
100,-20,
73,39,
62,28,
117,-36,
-20,-9,
-52,-37,
-27,4,
10,32,
-15,13,
-84,-13,
-51,-12,
9,-6,
28,12,
35,-13,
17,49,
38,86,
135,90,
1,69,
8,45,
9,-13,
77,25,
48,9,
48,-13,
-21,24,
-41,19,
-33,-32,
-25,-23,
4,39,
-11,68,
20,21,
19,62,
31,13,
-7,36,
-26,9,
-37,-1,
2,-12,
13,-71,
12,-115,
15,17,
25,-2,
7,18,
-57,14,
-4,92,
11,-6,
18,25,
41,-11,
15,-36,
1,-36,
36,-33,
35,-9,
35,-25,
63,-43,
54,8,
22,34,
30,2,
-31,-29,
-15,-30,
-20,-8,
18,15,
38,-28,
8,57,
-16,21,
-12,49,
8,44,
-3,40,
9,26,
16,11,
60,-5,
43,51,
29,37,
1,15,
-10,0,
-38,-19,
-51,13,
-30,11,
-15,-38,
45,-21,
21,34,
-5,-9,
-10,34,
36,2,
36,-35,
13,-11,
-31,-19,
-41,59,
51,-20,
53,-31,
38,-30,
-11,-16,
-61,52,
-13,47,
8,4,
6,-31,
8,-17,
-19,11,
28,19,
55,-20,
35,-7,
0,-4,
-65,58,
-36,20,
-69,29,
53,-18,
19,-22,
-12,-9,
-39,-9,
-32,6,
61,46,
-5,30,
28,-18,
-1,-18,
307,270,
1898,1743,
5145,5383,
5620,6707,
4808,6784,
908,2358,
-1195,-1100,
-629,-1344,
227,-517,
-227,-569,
-1212,-1450,
-1335,-1853,
-463,-1291,
164,-468,
109,107,
-309,361,
-686,483,
-765,469,
-260,237,
129,-30,
360,-79,
511,157,
341,73,
122,-182,
-150,-415,
-362,-398,
-432,-267,
-207,-46,
-28,151,
84,133,
66,28,
-48,-143,
-133,-236,
-180,-325,
40,-159,
36,58,
37,42,
-76,-197,
-17,-426,
112,-399,
166,-232,
11,-76,
-168,12,
-179,-2,
-166,-67,
-80,-129,
-15,-30,
35,101,
57,174,
229,124,
214,-131,
145,-118,
85,-96,
-18,-151,
41,-42,
56,-24,
48,11,
1,12,
-63,-50,
-96,-86,
-131,-72,
-78,11,
11,-145,
-19,-168,
-75,-80,
-122,-35,
-17,2,
128,-64,
246,-201,
86,-238,
-130,-192,
-190,-137,
-105,38,
-98,80,
4,126,
-13,114,
-29,121,
-36,63,
-118,63,
-121,22,
-152,-33,
-137,-110,
-82,-37,
-107,45,
-46,-20,
28,-76,
-15,-21,
-100,-53,
-72,1,
-32,-50,
-33,-58,
-65,-63,
-96,-45,
-17,-31,
-6,-10,
54,25,
37,-63,
41,-83,
-42,-79,
-46,31,
-63,55,
-50,-2,
-122,-49,
-143,-38,
-79,-28,
-25,5,
12,-52,
18,-82,
-4,-17,
17,-25,
-22,-63,
-85,-20,
-61,1,
-83,34,
-62,-23,
-4,-19,
-23,-12,
-116,-7,
-91,-20,
-45,-1,
-32,-26,
-35,-48,
-79,-46,
-106,-55,
-12,-33,
-20,-3,
6,-51,
-44,-35,
-92,-83,
-85,-17,
-32,22,
-41,12,
-75,24,
-47,-55,
13,-111,
-63,-94,
-57,-68,
-25,-93,
43,-142,
-2,-164,
-11,29,
-78,60,
-50,12,
-61,-58,
-5,-83,
-65,-14,
-36,-41,
-16,17,
-4,15,
35,11,
-21,-3,
-10,-85,
14,35,
14,-59,
-43,-67,
-47,-72,
-8,-32,
00>
_________________________________
00>
RX Timestamp: 87322432896
00>
Clock Offset: 1640.224 Hz, -0.205 ppm
00>
RX Timestamp: 88394204851
00>
Clock Offset: 1413.345 Hz, -0.177 ppm
00>
_________________________________
Sequence Number: 182
00>
00>
Printing STS0 CIR
00>
00>
_________________________________
00>
33,10,
-42,12,
35,7,
2,-12,
-8,71,
25,47,
54,60,
65,-56,
-25,-26,
22,11,
42,42,
14,59,
87,42,
1,17,
9,8,
84,-7,
-9,-4,
10,22,
40,-19,
1,-37,
-27,-16,
-1,11,
41,20,
33,-15,
26,22,
7,38,
17,18,
-19,-25,
-56,5,
45,44,
-20,46,
-7,33,
-72,-5,
-32,9,
-31,-3,
20,57,
27,21,
-53,-41,
13,-66,
40,3,
-36,70,
24,58,
-8,-33,
51,14,
53,19,
78,19,
-88,-10,
-78,-13,
-11,-10,
47,30,
44,60,
-15,41,
-2,4,
4,20,
41,35,
23,14,
-6,35,
-19,36,
-70,-19,
-39,-40,
-20,28,
-50,28,
8,42,
91,-10,
29,48,
-11,-23,
-15,-12,
2,-19,
67,-23,
17,-64,
46,-45,
99,-16,
144,30,
31,-33,
-56,38,
-4,45,
69,7,
49,-58,
12,-16,
-20,-28,
55,48,
39,27,
15,39,
8,-6,
-15,50,
79,58,
-11,2,
-108,-19,
-54,-21,
-17,18,
26,7,
3,-5,
-62,-2,
-4,-34,
-91,-10,
-62,12,
-27,14,
22,37,
-29,49,
-56,13,
-13,-19,
-1,-51,
-5,-27,
8,-7,
2,64,
-28,-7,
42,16,
72,-2,
-2,47,
1,50,
68,78,
-1,75,
3,36,
-3,-7,
91,34,
48,19,
1,-1,
-67,-4,
-68,1,
-4,-56,
-9,-77,
11,19,
49,38,
-24,53,
-15,11,
-55,-6,
-48,19,
-11,-36,
-6,25,
-62,16,
32,-6,
-12,-18,
-28,-24,
8,-39,
-18,52,
-35,6,
-100,1,
-20,-21,
-12,4,
38,41,
-14,-7,
-72,-7,
17,-63,
-31,-23,
-12,38,
18,66,
-16,40,
-22,-13,
25,1,
45,82,
5,-12,
-54,16,
-14,26,
25,48,
98,41,
47,50,
-4,63,
-2,106,
-6,18,
20,-44,
86,-15,
5,37,
-8,-9,
-36,1,
-28,-27,
26,-17,
-41,49,
-40,44,
-26,-33,
-4,-7,
-63,59,
-41,17,
-38,3,
92,64,
81,98,
-5,60,
-1,78,
-17,16,
17,-28,
5,-32,
42,-30,
36,-29,
-19,-14,
-36,-31,
-24,-23,
-41,12,
26,-3,
13,-63,
-5,-40,
91,-43,
73,45,
57,13,
7,23,
-46,-23,
13,22,
28,-7,
12,-24,
12,25,
32,10,
-12,-16,
-93,-12,
-59,-51,
-25,17,
19,10,
33,-50,
2,-30,
-11,24,
4,5,
16,70,
50,24,
-3,104,
-8,62,
-18,29,
16,39,
-23,-28,
-63,-13,
-66,76,
3,24,
47,-13,
34,-12,
-25,27,
-29,34,
-27,49,
-26,5,
21,-19,
35,4,
-45,-31,
44,-45,
-51,-17,
-35,3,
-16,19,
-26,24,
13,11,
-58,-11,
-14,-7,
-115,-22,
-21,42,
7,-15,
-23,9,
-42,-30,
-22,-68,
-50,-36,
58,23,
5,36,
-46,-46,
-5,-30,
0,-1,
-27,1,
59,-15,
67,-33,
69,-25,
-62,7,
-44,7,
27,-6,
-8,25,
-26,-16,
58,-12,
2,-23,
-39,-1,
63,5,
19,-31,
14,12,
-17,-13,
7,0,
6,15,
28,57,
12,68,
-13,29,
22,-9,
29,15,
14,-1,
83,0,
41,-82,
-40,-83,
-39,-28,
-29,3,
5,10,
-22,-46,
-3,-64,
-2,1,
50,-48,
-27,-91,
6,-41,
-12,20,
-35,10,
-16,-47,
-9,2,
10,14,
22,41,
17,21,
15,-58,
-13,-46,
12,7,
-13,13,
-71,44,
-86,6,
-26,-38,
25,-18,
-32,-18,
15,29,
83,7,
44,-72,
-9,-19,
-8,14,
14,-14,
12,-7,
18,-39,
-29,-20,
-17,23,
-17,7,
-70,7,
-45,-10,
-47,29,
21,-11,
49,-73,
-24,-37,
78,-16,
137,-54,
64,64,
-8,77,
11,52,
9,11,
29,-16,
-30,26,
54,-12,
20,17,
57,-44,
99,12,
69,-5,
10,-19,
36,-23,
28,-2,
-30,-27,
1,-36,
28,-75,
34,-66,
87,45,
-31,43,
-26,-24,
28,-18,
-6,-21,
-26,10,
12,-40,
30,-40,
-24,24,
-26,22,
3,39,
-2,-15,
53,18,
82,-44,
29,-53,
-34,15,
8,12,
10,25,
18,-38,
-3,59,
296,489,
1428,2804,
2002,6839,
1050,7720,
-1126,5430,
-2303,-477,
-1715,-2545,
-159,-1532,
1179,-1467,
3327,-2769,
5498,-2274,
5421,78,
2613,1465,
-42,725,
-773,-61,
-339,-37,
-28,457,
-246,724,
-346,296,
-156,-41,
-3,-286,
94,35,
65,223,
43,-28,
142,-231,
41,-322,
-31,-122,
124,45,
269,305,
228,394,
139,373,
-1,113,
-101,-55,
-170,-145,
-98,-62,
-44,-1,
-138,103,
-215,104,
-74,-3,
119,-73,
321,-44,
303,-70,
79,-162,
15,-208,
163,-151,
204,-156,
139,-35,
1,73,
18,154,
55,115,
118,-35,
80,-11,
-76,-147,
-89,-93,
-64,-133,
-70,-169,
-43,-206,
28,-253,
53,-307,
130,-251,
55,-189,
-22,-157,
-57,-213,
-11,-188,
37,-137,
-59,-147,
-75,-60,
-122,64,
-45,-16,
-20,-208,
-118,-294,
-57,-145,
-70,83,
-14,116,
-40,98,
-190,-41,
-362,-147,
-296,-180,
-315,-207,
-280,-124,
-191,-100,
-92,-126,
-37,-65,
10,-41,
80,-101,
-16,-1,
-72,53,
-67,-19,
-51,-18,
-31,13,
-88,1,
-126,-3,
-216,-24,
-180,-74,
-74,14,
-31,-26,
-41,-63,
-126,-92,
-103,30,
-38,35,
-33,-38,
47,-56,
4,-58,
-68,-22,
-18,10,
7,-78,
-27,-7,
-158,-16,
-155,-46,
0,-70,
5,-45,
30,-90,
-10,-93,
0,-115,
34,-61,
20,-75,
0,-118,
-64,-92,
-154,-66,
-58,-43,
5,-115,
-69,-137,
-51,-140,
44,-170,
1,-68,
-27,-37,
-149,13,
-100,-83,
-27,-48,
27,-8,
-41,72,
61,-8,
-1,-124,
-48,-142,
3,-4,
-51,-22,
-80,-94,
-68,-165,
-89,-152,
-56,-43,
-75,2,
-96,-57,
-18,21,
-85,20,
-41,18,
-8,-63,
37,-111,
-4,5,
-48,19,
-18,12,
-86,15,
-4,-23,
-39,-8,
-30,-40,
-78,2,
-62,-111,
00>
_________________________________
00>
00>
Printing STS1 CIR
00>
00>
_________________________________
00>
68,-10,
19,40,
19,7,
13,38,
4,45,
-35,-23,
-21,-40,
66,-12,
37,34,
-18,75,
15,13,
-18,19,
-21,41,
13,-19,
36,7,
58,29,
-6,50,
14,61,
15,2,
2,-67,
8,-4,
0,67,
-23,13,
3,31,
-35,-3,
17,-46,
-16,-7,
-3,41,
-8,24,
15,51,
77,8,
65,21,
76,-6,
31,55,
-25,36,
-52,38,
19,-29,
48,-41,
30,74,
33,20,
-23,37,
-21,-12,
-28,-31,
-8,4,
-11,-6,
38,45,
24,54,
-14,59,
-15,6,
-25,42,
-34,57,
-31,-13,
-18,-57,
9,-111,
31,-28,
-8,-37,
37,42,
44,32,
46,19,
19,45,
-29,29,
26,1,
-49,21,
-59,46,
3,12,
62,-28,
54,-32,
-35,-28,
-26,-20,
10,54,
-35,9,
-35,37,
-30,26,
12,-3,
67,-3,
39,48,
43,51,
-3,67,
-2,20,
-29,36,
11,-44,
9,-5,
-20,-8,
-86,66,
-48,11,
21,-29,
51,18,
-28,56,
-14,74,
-11,19,
32,26,
44,64,
14,33,
28,87,
35,7,
33,50,
27,7,
28,48,
-16,15,
-10,48,
-28,23,
25,0,
32,-28,
64,-52,
-12,-61,
9,-28,
15,44,
-51,42,
-63,-12,
25,-41,
19,18,
35,2,
3,24,
-41,16,
-38,45,
-38,65,
30,60,
19,93,
-12,-35,
-17,18,
-3,28,
-54,14,
-35,11,
34,60,
30,66,
-42,-7,
-58,-30,
-26,-14,
66,-53,
-4,45,
-45,8,
-35,44,
49,65,
117,83,
4,50,
-6,54,
-3,-37,
-5,-43,
-25,-35,
17,5,
18,-2,
-8,16,
-29,46,
-6,11,
-25,35,
-6,-16,
-33,6,
-27,26,
-2,54,
20,-8,
91,-81,
87,-53,
-12,6,
5,97,
-27,85,
29,60,
99,16,
52,-23,
47,-33,
-8,-9,
-36,13,
-34,100,
-4,48,
35,34,
85,-9,
115,-27,
57,37,
31,86,
-7,-1,
-49,21,
23,-30,
-26,35,
-7,15,
37,49,
23,37,
61,12,
64,-32,
68,-41,
18,11,
-11,91,
-63,1,
-5,36,
14,6,
-12,14,
-20,-40,
-22,-1,
-23,-49,
-69,-14,
-18,7,
-12,14,
-13,45,
-12,69,
21,-17,
8,-31,
14,51,
-31,-13,
-2,-39,
13,-8,
15,32,
-19,39,
-14,-6,
6,-51,
-17,-103,
32,24,
71,22,
43,-4,
-49,-33,
-30,-45,
3,-85,
4,-44,
-45,-7,
-45,-1,
-40,37,
-40,46,
11,69,
-31,87,
-42,2,
-24,57,
69,16,
35,-6,
-6,28,
-9,0,
-37,4,
-13,21,
6,41,
-47,60,
-24,25,
6,45,
-43,13,
39,-17,
-4,-5,
29,9,
-8,-38,
-47,-12,
-22,-59,
-44,-49,
9,6,
32,29,
2,59,
17,20,
30,-63,
-16,25,
-16,25,
-7,42,
-47,-1,
-45,-64,
-76,-12,
-17,32,
-12,-14,
34,-19,
11,22,
-13,64,
20,22,
-25,-23,
18,-30,
103,42,
19,70,
18,-34,
-26,-65,
-12,37,
35,49,
29,-26,
30,-49,
23,32,
-9,113,
-36,4,
3,-24,
-74,-23,
-56,28,
-26,29,
-10,21,
0,-3,
30,39,
6,12,
20,-48,
33,14,
9,62,
-34,30,
42,27,
22,21,
29,56,
32,33,
25,23,
68,13,
70,4,
72,35,
31,22,
-26,145,
-6,91,
11,-5,
31,-44,
-19,0,
0,12,
-9,32,
-28,43,
20,6,
-5,-51,
-6,13,
51,43,
0,-2,
-12,53,
34,11,
9,16,
11,62,
59,31,
41,5,
25,68,
15,-1,
-10,39,
-73,-70,
-37,79,
-22,57,
-33,54,
23,1,
8,-55,
7,-15,
-19,55,
-19,81,
-2,43,
7,-58,
44,34,
1,35,
39,89,
3,23,
-39,-13,
35,71,
46,60,
41,-27,
53,7,
7,20,
-2,53,
-22,27,
-81,17,
-7,34,
42,114,
-12,-5,
-47,-18,
-46,-38,
-29,-35,
-45,23,
-22,19,
17,7,
-12,38,
-26,82,
-23,59,
-30,-4,
-53,-32,
-41,34,
-28,8,
59,7,
28,72,
77,6,
20,13,
-21,-38,
-49,-3,
52,39,
589,317,
2672,2255,
5281,5381,
5352,6424,
2625,4584,
-1302,240,
-2610,-1348,
-952,-309,
247,1158,
-267,2284,
-1770,2651,
-2360,1614,
-1472,269,
-303,-258,
236,-162,
271,-62,
518,-297,
916,-566,
599,-404,
31,-78,
-441,-34,
-217,47,
117,54,
119,-121,
3,-325,
0,-398,
76,-249,
248,-163,
285,-230,
194,-376,
115,-456,
10,-332,
-52,-199,
-58,-190,
70,-97,
23,-8,
53,104,
27,-27,
-11,-302,
-108,-411,
-205,-430,
-300,-225,
-377,-23,
-167,-78,
15,-125,
82,-159,
60,-71,
-51,-159,
-84,-223,
122,-167,
138,-137,
95,-62,
-98,-64,
-90,-43,
-104,-65,
-143,-44,
-196,-27,
-206,-13,
-154,-31,
-64,-37,
-106,26,
-121,44,
-89,-121,
-41,-241,
50,-314,
78,-338,
91,-132,
26,-78,
9,-19,
117,-89,
168,-155,
111,-99,
-15,-27,
-169,-41,
-162,-133,
-132,-200,
-171,-43,
-137,-69,
-164,-129,
-158,-110,
-87,-87,
-75,-101,
-45,-64,
-50,-32,
-51,-52,
-17,-68,
12,-122,
72,-18,
3,53,
-48,125,
9,107,
-46,-22,
-69,-96,
-75,-72,
-104,-13,
-93,39,
-117,51,
-111,57,
-76,12,
-49,22,
-68,-16,
-23,5,
-22,21,
-5,14,
26,42,
26,96,
-16,88,
20,-22,
2,-27,
-18,-75,
-3,-70,
43,-60,
51,-104,
-15,-127,
-20,-49,
24,-61,
48,-38,
-30,-11,
3,-75,
45,-29,
-14,21,
-6,72,
-20,9,
4,-54,
55,-37,
39,-81,
7,-60,
0,-28,
-83,-54,
-89,-118,
20,-82,
81,-82,
-2,-89,
14,6,
-60,-5,
-10,16,
24,10,
-24,-25,
-54,16,
-10,10,
-49,3,
-113,-13,
-85,-34,
8,-2,
-58,-45,
-23,43,
-27,8,
-34,24,
-39,30,
-28,-17,
-72,-52,
-57,-81,
15,-43,
-1,-14,
-37,-32,
-1,-27,
00>
_________________________________
00>
_________________________________
Sequence Number: 185
00>
00>
Printing STS0 CIR
00>
00>
_________________________________
00>
49,59,
23,8,
2,21,
8,20,
7,23,
0,38,
-26,56,
56,140,
37,77,
11,18,
-82,-23,
-8,19,
79,100,
92,77,
43,85,
45,56,
56,55,
110,80,
91,19,
65,76,
-15,44,
-19,65,
-15,111,
3,115,
-80,37,
-79,12,
-58,29,
64,89,
-33,55,
-68,-1,
-45,-7,
48,72,
49,61,
92,56,
65,-31,
2,-88,
-18,-42,
1,41,
-20,-19,
46,27,
9,23,
-4,56,
-41,53,
-28,5,
-37,-7,
-15,32,
-12,8,
-12,14,
-18,-54,
-6,-23,
-32,8,
-19,38,
-37,9,
-6,-15,
-38,47,
40,-13,
57,-21,
72,-35,
6,19,
19,101,
-32,70,
7,60,
19,9,
10,-37,
9,-65,
62,-47,
50,16,
14,59,
-28,47,
-12,34,
-6,23,
-81,6,
-22,113,
60,117,
53,103,
35,-10,
-3,77,
37,95,
37,67,
76,-28,
33,21,
1,88,
-45,69,
-25,63,
36,50,
3,-33,
29,-53,
-32,36,
-26,71,
-3,77,
-8,97,
-22,62,
-17,-18,
-51,37,
14,87,
13,117,
16,-15,
65,-2,
74,-35,
-6,-42,
-10,63,
78,94,
-9,9,
-6,-18,
2,63,
41,68,
10,75,
29,53,
12,82,
56,55,
-30,59,
-23,51,
36,31,
13,49,
1,1,
33,8,
58,59,
49,146,
3,69,
7,48,
72,-10,
45,-1,
11,13,
-27,61,
21,94,
8,97,
-30,44,
-38,4,
45,-6,
85,65,
26,145,
6,26,
33,25,
84,123,
136,155,
55,-1,
-50,-46,
1,16,
7,62,
42,70,
22,53,
36,13,
107,20,
80,-42,
37,-5,
-25,20,
-38,73,
49,83,
4,9,
55,23,
33,71,
89,72,
6,9,
-58,-28,
-61,-16,
-20,15,
39,61,
57,29,
60,66,
46,46,
9,25,
83,68,
-20,38,
-33,47,
42,-23,
74,-28,
-7,-28,
-6,83,
-30,68,
29,-12,
32,-1,
48,2,
40,58,
-36,79,
17,-20,
47,57,
29,94,
-22,45,
15,17,
60,-13,
-12,-1,
-9,40,
8,108,
98,35,
85,-12,
-73,-11,
-77,42,
10,37,
70,0,
93,-33,
85,44,
-12,50,
4,95,
-28,6,
61,-42,
52,-48,
5,45,
115,98,
32,-66,
-5,-77,
-27,47,
27,65,
39,-2,
45,-1,
-33,37,
-9,56,
30,7,
61,12,
67,47,
-9,60,
-14,25,
-12,107,
-22,72,
14,-10,
47,25,
18,51,
34,65,
19,125,
-4,53,
18,-46,
63,-69,
34,6,
28,1,
45,24,
-2,48,
54,7,
59,63,
-4,4,
-2,-2,
-10,104,
18,77,
-39,85,
32,4,
41,-18,
95,6,
88,-6,
-2,114,
-30,65,
-2,47,
16,41,
32,10,
30,41,
56,47,
47,54,
33,86,
-43,12,
-19,-84,
3,-50,
-29,-39,
-45,35,
17,-1,
19,0,
-53,-83,
55,-38,
67,70,
25,17,
-3,43,
41,46,
-35,45,
-8,-38,
17,24,
-38,45,
-52,-2,
-60,26,
-64,30,
-43,51,
45,32,
50,10,
-16,55,
-58,-45,
-79,-3,
-76,8,
-64,-10,
-5,6,
49,6,
18,49,
-48,-11,
-39,-1,
34,14,
62,51,
20,100,
-88,12,
-110,-21,
-52,-82,
25,51,
-45,75,
6,17,
100,-14,
-1,41,
-66,75,
-42,64,
-34,42,
9,30,
-59,50,
-22,-49,
-68,-4,
-64,-28,
62,-7,
55,-1,
32,9,
39,48,
91,75,
54,35,
-14,-31,
66,-24,
56,54,
23,36,
-2,26,
-36,2,
40,13,
124,22,
40,58,
-31,7,
6,98,
39,102,
-17,-2,
0,21,
39,-13,
62,66,
41,30,
39,44,
-16,25,
-27,-26,
30,-7,
-11,65,
-2,16,
-48,43,
60,59,
24,97,
-34,45,
-11,18,
31,76,
89,83,
-25,126,
9,95,
29,54,
64,9,
-28,-11,
-22,3,
-13,31,
58,-30,
-36,12,
-17,21,
-9,35,
-29,-79,
37,-55,
74,-33,
6,-48,
-34,-8,
14,11,
78,66,
-1,69,
69,-87,
226,-908,
963,-3150,
2605,-5583,
3734,-5302,
3471,-2023,
1575,1135,
71,1373,
-638,-111,
-758,-1542,
-389,-2160,
491,-1863,
1033,-889,
726,-109,
110,138,
-206,217,
-192,460,
-236,615,
-329,624,
-213,248,
-29,9,
-79,-127,
-263,-226,
-297,-56,
-152,184,
17,320,
117,256,
131,77,
26,46,
-88,91,
-95,303,
19,305,
49,232,
-17,142,
14,108,
61,40,
60,76,
-32,166,
11,268,
16,238,
-1,283,
-46,184,
-30,80,
23,10,
8,-36,
-35,103,
-13,202,
-45,253,
32,210,
15,40,
-79,-70,
-68,-145,
4,-4,
25,78,
12,83,
-56,67,
-46,-79,
-9,-22,
33,10,
61,45,
80,86,
8,117,
43,127,
-41,133,
-48,128,
12,21,
38,12,
-21,72,
-28,56,
-145,149,
11,145,
58,153,
8,135,
-67,71,
-117,-37,
-117,2,
-24,32,
78,40,
-10,-37,
18,-34,
34,42,
8,182,
-1,89,
32,86,
-34,25,
-40,34,
-24,17,
-14,37,
-29,47,
40,59,
-22,102,
-36,110,
15,-4,
14,61,
-37,3,
-24,97,
-1,88,
-7,100,
-15,9,
21,51,
9,70,
-3,100,
-2,55,
49,72,
48,76,
23,53,
-81,88,
-98,155,
27,214,
26,135,
2,124,
-50,74,
-56,53,
-27,52,
-83,67,
18,90,
-13,80,
10,165,
-8,137,
22,50,
-62,17,
-51,50,
-54,90,
-64,118,
-48,148,
-64,92,
-17,40,
-57,31,
-28,54,
4,133,
96,179,
139,129,
63,123,
-35,115,
-59,90,
-106,79,
-38,134,
14,152,
17,97,
-28,45,
-53,45,
-25,31,
-11,57,
22,56,
-23,84,
20,61,
0,67,
47,43,
64,103,
30,56,
34,-7,
-6,19,
-8,40,
12,87,
-54,48,
6,43,
15,126,
-25,156,
-24,137,
16,125,
00>
_________________________________
00>
00>
Printing STS1 CIR
00>
00>
_________________________________
00>
20,-53,
-28,33,
65,16,
24,-44,
99,-37,
-6,-3,
-70,-7,
-61,-6,
-23,-77,
-78,-151,
-28,-108,
-13,-70,
-4,-57,
-37,17,
-32,92,
-101,97,
14,12,
-19,1,
-53,-6,
-28,-2,
-21,15,
-15,-31,
30,-25,
51,-4,
-8,30,
-10,44,
-63,28,
25,-28,
19,-12,
-22,4,
49,-8,
49,28,
-36,88,
-63,52,
-31,29,
0,37,
34,42,
41,69,
16,-8,
39,-1,
7,-25,
53,-7,
39,26,
46,-9,
61,4,
65,45,
24,18,
33,49,
-26,2,
-84,16,
-125,-35,
-25,38,
-32,29,
28,49,
35,18,
0,10,
-16,6,
-34,-13,
18,-44,
41,-96,
51,1,
4,87,
31,9,
7,35,
-12,38,
-13,21,
-55,70,
-26,58,
-42,71,
-40,31,
-73,-11,
23,-79,
26,2,
34,-23,
74,102,
105,33,
12,31,
9,27,
33,23,
38,42,
-6,57,
74,-40,
26,-13,
-43,7,
-95,33,
14,10,
54,104,
11,47,
-8,-17,
-42,-55,
34,-39,
60,4,
81,21,
56,21,
20,18,
-62,-25,
-16,14,
71,36,
-5,4,
-31,93,
-129,49,
-87,17,
30,-26,
127,-70,
42,-35,
20,-13,
-48,43,
-36,2,
-21,-25,
-11,-15,
5,-30,
12,30,
16,121,
-24,41,
-44,6,
-93,45,
-45,10,
19,79,
-56,98,
-3,67,
16,3,
2,-26,
17,-19,
-31,2,
-56,7,
-64,26,
12,-29,
71,31,
32,29,
-2,39,
28,28,
111,-12,
7,-18,
-53,-27,
11,-47,
84,-52,
87,-92,
-13,-94,
-10,-67,
-6,-61,
-43,21,
-53,30,
-57,-20,
-27,-21,
-30,-20,
-6,-81,
-60,-19,
-24,15,
-75,-30,
-73,50,
-21,71,
33,94,
42,-4,
44,21,
-19,-19,
-13,32,
47,-17,
52,-43,
22,-9,
41,-36,
8,-7,
-19,-52,
-69,23,
-43,36,
59,-15,
62,-65,
50,-52,
-7,-46,
-6,-18,
4,36,
-34,38,
44,-12,
24,-8,
10,-30,
25,-62,
36,-26,
24,85,
-2,49,
90,12,
39,16,
-13,-43,
-5,31,
94,33,
25,-42,
32,-25,
70,-10,
48,-15,
41,-14,
7,13,
43,80,
17,40,
11,49,
6,50,
38,-19,
61,6,
-55,-13,
-56,43,
-25,4,
-55,-24,
-14,-4,
-16,13,
-18,40,
10,55,
31,94,
-33,71,
-25,25,
-11,-25,
46,-36,
39,21,
15,35,
-19,16,
-31,-22,
33,-34,
45,-60,
16,-16,
24,2,
39,14,
28,72,
-22,56,
23,110,
17,60,
-4,85,
-29,70,
-5,39,
19,34,
5,4,
31,-12,
6,4,
90,-14,
47,-13,
-4,-63,
64,-67,
-6,-1,
1,7,
23,15,
70,2,
17,20,
40,46,
-46,106,
15,47,
-7,28,
5,10,
68,1,
43,64,
49,30,
58,0,
-20,47,
-77,36,
-110,23,
-93,54,
-16,72,
-41,-25,
-5,14,
44,-23,
75,11,
-18,89,
-51,126,
28,-5,
61,-123,
146,-66,
84,-73,
-69,-20,
-74,76,
-6,26,
-3,-79,
-8,-42,
-16,-11,
67,-10,
-2,-4,
65,-30,
47,22,
13,-2,
14,-13,
25,67,
-2,27,
-21,3,
-41,36,
-34,-70,
-15,-49,
23,-43,
-23,-26,
9,-51,
56,-7,
26,93,
-59,132,
-95,49,
55,-55,
35,0,
21,44,
13,28,
7,-79,
-62,5,
2,-15,
3,-30,
-67,10,
-43,-42,
-4,-35,
14,-32,
31,40,
31,50,
20,23,
18,-9,
19,12,
-36,-25,
-37,-38,
-42,-24,
-52,-81,
8,-85,
-14,0,
3,29,
36,11,
17,18,
44,35,
26,-22,
-70,-4,
21,-12,
54,26,
28,52,
-13,27,
-5,53,
28,55,
-33,43,
-49,12,
-22,-35,
-51,4,
-72,0,
-66,-48,
-13,-48,
12,83,
-20,94,
18,-35,
51,-38,
-14,3,
-4,26,
22,23,
5,-3,
20,25,
35,55,
72,1,
36,25,
6,63,
15,68,
62,-11,
51,-46,
2,-4,
-44,12,
-6,-5,
-28,-46,
60,57,
15,98,
-34,120,
-8,17,
-81,-128,
-473,-998,
-1536,-3611,
-2328,-6343,
-1919,-6566,
-432,-3337,
531,443,
341,1443,
-188,640,
-114,326,
289,989,
506,1442,
146,1112,
-171,479,
-151,52,
177,-104,
479,-180,
608,-122,
416,14,
-27,28,
-189,-54,
-327,-169,
-335,-120,
-251,23,
12,295,
140,380,
130,263,
1,134,
61,39,
-2,-77,
41,-83,
26,109,
40,223,
70,261,
-27,86,
-6,-74,
57,-9,
112,81,
56,215,
-121,248,
-133,217,
-57,82,
61,18,
89,-4,
99,75,
40,193,
21,169,
33,34,
14,-119,
-22,-83,
-144,90,
-199,137,
-161,212,
-26,177,
-5,83,
-17,-7,
-52,0,
-47,-11,
-3,17,
13,122,
70,93,
82,80,
84,113,
-14,150,
-17,97,
-21,-12,
-13,-57,
-63,-17,
-104,68,
-139,157,
-32,172,
57,125,
46,15,
98,-124,
55,-93,
81,-67,
60,-61,
49,-59,
26,-39,
54,-43,
60,24,
33,122,
-29,128,
-22,69,
-55,87,
15,36,
49,25,
35,45,
27,28,
65,-8,
95,36,
-19,6,
-2,103,
-65,171,
-4,130,
-3,101,
10,43,
15,59,
98,39,
140,26,
88,34,
38,41,
66,108,
109,74,
109,116,
-2,119,
-39,68,
-9,30,
16,13,
29,58,
39,61,
52,110,
83,57,
-10,-12,
-53,-10,
-63,-20,
19,20,
93,58,
107,16,
88,-22,
42,27,
19,37,
10,47,
73,30,
51,93,
15,20,
40,33,
60,68,
41,82,
39,58,
-15,5,
3,46,
9,74,
-19,110,
-50,149,
58,87,
12,29,
25,28,
31,106,
42,92,
-24,95,
74,48,
43,-23,
81,65,
41,16,
0,36,
-4,42,
11,51,
-3,53,
-14,21,
58,76,
90,45,
114,0,
27,9,
-41,38,
-8,90,
-4,135,
23,97,
37,96,
-2,80,
00>
_________________________________
00>
RX Timestamp: 227720176879
00>
Clock Offset: 1212.501 Hz, -0.152 ppm
00>
RX Timestamp: 228793968132
00>
Clock Offset: 967.026 Hz, -0.121 ppm
00>
_________________________________
Sequence Number: 63
00>
00>
Printing STS0 CIR
00>
00>
_________________________________
00>
24,67,
1,-3,
-6,4,
41,-33,
104,41,
79,40,
-28,-83,
-10,-16,
-9,-3,
19,55,
5,47,
3,73,
41,37,
40,-8,
27,-6,
12,-3,
-15,-37,
21,15,
5,5,
-88,-67,
-4,-18,
-42,-15,
-6,-16,
-1,-24,
35,1,
27,0,
-24,22,
-2,50,
-44,14,
3,13,
11,-33,
46,13,
73,34,
54,-46,
97,-75,
121,-34,
71,58,
57,-5,
-15,-10,
-25,-35,
41,-18,
18,-37,
32,-82,
-49,-55,
24,-12,
-20,38,
83,-41,
55,-19,
0,19,
0,34,
-7,-27,
11,10,
69,35,
88,69,
29,50,
52,10,
25,-13,
37,-36,
31,-16,
14,74,
66,3,
80,-20,
72,24,
7,-4,
-89,-31,
-18,-31,
9,24,
10,-21,
-25,-41,
53,28,
95,52,
46,-78,
24,-11,
78,43,
3,17,
8,44,
37,-4,
17,-16,
-7,-27,
-24,56,
-48,27,
-8,17,
9,31,
19,-9,
29,48,
24,48,
1,-34,
51,18,
39,22,
-39,-47,
-48,-25,
-31,-25,
-56,38,
33,68,
-14,27,
3,-30,
-6,-41,
-8,-23,
2,46,
6,93,
57,30,
45,38,
-13,-2,
36,29,
37,-11,
52,36,
-19,-37,
44,-8,
-7,30,
27,92,
93,39,
-14,21,
-67,-30,
-9,-33,
86,-2,
66,41,
24,34,
4,32,
-53,-28,
17,39,
-30,-42,
-49,3,
-14,-33,
66,-13,
43,-42,
74,-53,
2,28,
-31,-33,
-16,-16,
-58,3,
-12,42,
33,8,
-5,9,
14,-14,
-6,18,
38,-34,
41,-60,
19,19,
90,-35,
25,27,
11,71,
-8,25,
-3,-7,
-11,-7,
-1,-9,
39,-8,
-20,11,
-14,1,
-8,-5,
85,87,
56,108,
25,119,
29,23,
5,-6,
-26,-38,
22,2,
25,12,
31,66,
44,72,
17,-22,
31,6,
-26,0,
9,42,
-7,-33,
67,55,
44,23,
39,21,
5,-89,
-32,-71,
-43,-30,
-13,15,
44,54,
86,-33,
-6,32,
-27,36,
23,-49,
5,5,
-7,25,
49,57,
-14,-12,
-19,-26,
-66,-62,
-63,14,
11,28,
25,26,
-10,0,
-90,-20,
-40,-34,
17,3,
-75,18,
14,21,
12,57,
3,43,
63,-8,
60,42,
-16,55,
-27,-7,
12,-21,
35,-28,
18,28,
18,26,
4,1,
-49,10,
-22,12,
-14,10,
80,65,
20,42,
-22,79,
2,20,
-38,43,
62,70,
36,11,
3,36,
-83,-24,
-50,-62,
45,6,
16,62,
16,67,
-28,82,
-19,61,
-36,28,
-7,30,
-7,30,
-37,48,
22,-51,
-10,8,
24,-24,
-18,-45,
-16,-53,
-12,-4,
-8,39,
-24,71,
-33,23,
3,-26,
26,6,
-12,-22,
15,-74,
25,-18,
-29,8,
-6,-24,
-25,-48,
-26,18,
35,0,
34,-21,
42,31,
29,-14,
49,-13,
-44,3,
-39,16,
-2,22,
21,47,
-17,9,
12,9,
-3,27,
-4,-8,
-19,-16,
-24,-27,
-12,-5,
18,13,
-7,47,
22,99,
40,93,
24,102,
-20,13,
-3,-31,
-46,7,
35,44,
37,-1,
6,-15,
40,86,
31,-29,
31,-53,
37,-29,
-24,30,
-46,21,
-13,33,
30,1,
9,2,
-40,44,
32,80,
16,34,
-39,-4,
1,43,
-9,108,
-5,87,
51,26,
84,-56,
23,-57,
18,-6,
-20,14,
-91,-31,
-30,-33,
-59,-3,
-16,-62,
-15,56,
-16,45,
47,-7,
14,37,
28,0,
118,65,
27,57,
46,43,
-5,36,
8,-40,
2,14,
24,56,
13,68,
40,13,
-10,13,
15,9,
7,42,
-24,20,
7,-33,
4,45,
15,8,
44,13,
61,-10,
80,5,
21,-35,
-16,44,
28,-68,
29,-6,
2,8,
4,-13,
-47,-21,
-58,-29,
-12,30,
-27,26,
92,27,
43,-41,
-6,-37,
9,15,
46,16,
-36,28,
-35,-16,
-65,-9,
3,-42,
2,-20,
-13,-70,
-5,-102,
-69,-24,
-11,-5,
31,-35,
-62,-24,
48,-14,
1,-4,
57,-30,
-26,6,
-9,24,
12,47,
7,-23,
58,-7,
19,-3,
-28,86,
-440,890,
-2250,4010,
-4741,6407,
-5932,5731,
-5701,2603,
-1851,-1494,
371,-1725,
825,160,
540,2108,
-153,3130,
-1312,2685,
-1673,1162,
-849,65,
-55,-189,
255,-232,
278,-386,
425,-646,
749,-913,
93,-146,
-18,6,
141,262,
437,368,
363,100,
205,-182,
27,-406,
-64,-381,
-132,-175,
17,-62,
212,-147,
237,-273,
61,-281,
-46,-210,
9,-100,
94,-91,
-62,-8,
-117,-111,
-143,-240,
-60,-300,
28,-245,
5,-232,
21,-283,
75,-187,
111,-34,
180,-29,
119,-146,
18,-219,
91,-253,
-7,-185,
51,-141,
160,62,
150,98,
105,119,
57,56,
171,-42,
113,-17,
117,-29,
60,45,
21,-27,
15,-35,
48,12,
74,-38,
119,-94,
175,-108,
135,-45,
98,2,
56,-57,
73,41,
61,35,
188,-65,
95,-166,
14,-155,
23,-79,
133,3,
213,101,
182,144,
133,87,
31,16,
-39,-17,
-50,-10,
-1,4,
108,-112,
246,-65,
87,19,
101,-26,
83,-83,
106,52,
64,-18,
8,-68,
35,-3,
116,-11,
178,24,
83,-109,
22,-5,
13,16,
39,47,
94,-35,
74,-80,
51,-50,
-12,6,
-3,-57,
139,-117,
92,-37,
62,-55,
43,6,
50,18,
22,-28,
190,-114,
152,-72,
6,-106,
23,-104,
54,-34,
83,-32,
80,2,
105,-14,
-5,1,
15,-6,
18,-34,
28,-69,
-25,-44,
18,-83,
141,-30,
178,-53,
90,-62,
74,11,
37,16,
48,-7,
50,-37,
29,-93,
40,-68,
107,-144,
77,5,
83,47,
185,-2,
100,-115,
28,-109,
94,-97,
44,-3,
141,18,
51,-42,
128,-61,
118,-89,
59,-73,
70,19,
98,4,
6,-121,
37,-121,
9,30,
32,50,
65,33,
126,14,
69,7,
54,15,
51,-28,
40,-80,
94,-77,
73,-123,
65,-42,
150,-11,
00>
_________________________________
00>
00>
Printing STS1 CIR
00>
00>
_________________________________
00>
29,26,
62,82,
-28,114,
23,41,
13,11,
12,-20,
10,-31,
-35,2,
-54,29,
-19,-8,
64,-39,
22,38,
-43,75,
-32,99,
36,81,
-8,23,
-20,-7,
58,25,
85,84,
109,-28,
16,11,
29,2,
59,-39,
45,-45,
38,8,
-37,9,
-39,3,
-6,-47,
-24,-4,
31,118,
-20,81,
-36,27,
5,-28,
79,32,
66,64,
39,131,
-4,23,
0,8,
32,-22,
15,-68,
47,-28,
30,14,
12,3,
4,0,
-8,19,
15,-11,
56,57,
-51,65,
-51,-3,
4,-23,
9,-13,
23,-9,
-4,10,
-28,43,
2,32,
45,40,
37,-3,
3,-30,
-38,-74,
-5,36,
-88,102,
-26,91,
0,-2,
8,-75,
56,-28,
28,52,
-77,53,
-131,83,
-69,36,
3,0,
8,37,
43,13,
-16,21,
-22,-41,
48,-19,
80,-18,
-8,32,
-67,53,
-46,48,
70,-24,
67,-36,
4,-1,
-81,-13,
-5,-9,
-28,0,
42,22,
60,18,
-8,-31,
-20,-79,
-4,-3,
-1,71,
13,46,
-17,35,
-41,26,
-28,34,
-20,28,
-19,-21,
4,-75,
-37,-14,
-34,23,
-20,-1,
-48,9,
-4,-18,
8,-53,
24,-31,
-18,-9,
41,-16,
-19,17,
1,-8,
24,37,
11,59,
54,-6,
0,-15,
-12,22,
-9,12,
-23,36,
-67,25,
-30,0,
28,31,
28,46,
34,15,
25,38,
-55,10,
-30,-1,
3,-37,
28,-64,
32,-45,
56,-22,
33,60,
73,18,
29,-20,
26,-7,
70,27,
66,47,
-20,64,
-41,22,
7,-14,
-11,5,
45,-87,
-55,1,
-20,11,
32,9,
57,-29,
-45,0,
-24,20,
14,58,
19,7,
36,-12,
39,24,
-9,28,
32,15,
86,-4,
16,44,
18,29,
-38,8,
-31,2,
0,-45,
0,-69,
2,-26,
19,12,
-4,30,
-50,-3,
68,26,
37,67,
49,26,
26,29,
87,-17,
-8,-16,
-80,1,
-84,5,
46,-63,
42,-37,
54,-14,
-10,0,
-12,-39,
-18,10,
31,4,
27,0,
-20,39,
10,69,
18,19,
-33,-2,
-27,-11,
29,-11,
-5,23,
6,-9,
6,-29,
-7,-86,
46,-55,
19,32,
6,15,
8,33,
1,62,
10,23,
-6,22,
29,-10,
4,-22,
-46,-4,
-17,54,
-30,18,
39,-10,
16,-62,
-23,-19,
-48,30,
-40,87,
-39,68,
3,-10,
-44,-16,
26,15,
15,-39,
19,-24,
-49,-41,
-66,15,
-22,3,
9,-23,
10,-24,
1,-63,
-34,39,
74,12,
49,33,
26,6,
-19,27,
16,15,
59,8,
26,24,
4,-4,
-46,-63,
5,-44,
2,-6,
25,11,
-62,58,
-90,55,
-6,67,
75,46,
29,7,
-23,40,
-7,3,
61,-13,
90,-12,
44,-9,
-7,44,
25,55,
54,47,
-18,64,
-60,3,
-78,1,
-53,-47,
22,-25,
45,-31,
38,-8,
18,5,
25,39,
53,-80,
66,15,
31,52,
-16,38,
29,23,
29,-10,
28,29,
42,61,
38,56,
19,32,
1,41,
-59,75,
-65,101,
-31,44,
21,-38,
52,-33,
36,-23,
-12,18,
57,-6,
33,7,
13,-3,
-12,13,
26,76,
31,13,
27,-2,
56,-14,
-5,18,
-99,11,
-7,-31,
13,-60,
27,13,
5,47,
15,65,
-14,-14,
35,-70,
7,-57,
35,10,
55,-11,
12,11,
-17,-2,
-80,3,
-88,-4,
-15,-43,
45,-7,
63,-12,
-3,19,
-4,0,
-36,4,
-20,-6,
31,-4,
2,-7,
42,11,
45,-14,
29,-68,
5,0,
-14,-19,
58,36,
2,36,
-68,4,
22,25,
25,59,
30,51,
-19,-8,
-3,38,
-11,-31,
42,-41,
29,22,
-21,8,
-5,-6,
-29,9,
31,-19,
-51,4,
-40,-9,
21,-10,
-46,-74,
-1,-18,
5,-45,
4,4,
-23,29,
-17,-13,
-34,-4,
1,26,
-14,51,
14,49,
15,-24,
7,-45,
21,-21,
42,46,
20,21,
36,1,
17,27,
38,13,
41,3,
-4,40,
3,-17,
53,-8,
56,3,
-12,-17,
-36,-27,
22,-28,
0,24,
-1,195,
67,1480,
240,6021,
152,7910,
-506,8017,
-1028,5071,
-398,-808,
178,-2054,
398,-551,
306,-353,
209,-1586,
285,-2426,
469,-1719,
455,-519,
209,120,
-244,177,
-668,82,
-813,-87,
-616,-132,
13,14,
346,96,
485,500,
320,385,
300,50,
233,-288,
126,-528,
28,-562,
-91,-279,
-74,27,
-76,142,
23,93,
33,-18,
61,-182,
47,-359,
26,-136,
11,32,
-13,30,
13,-217,
183,-294,
401,-284,
372,-203,
191,-79,
-25,-86,
-160,-153,
-126,-176,
-8,-198,
8,-121,
-32,35,
-151,135,
-71,222,
187,101,
224,11,
152,-2,
141,-173,
85,-1,
26,41,
-22,-19,
42,-38,
78,-155,
35,-98,
14,-46,
-5,-8,
10,-130,
97,-147,
119,-98,
41,-61,
18,62,
65,16,
149,-10,
215,-36,
162,-192,
88,-199,
-68,-95,
-61,36,
19,66,
46,113,
27,28,
-29,-11,
-76,1,
-124,-22,
-140,-89,
-37,-192,
7,-128,
-3,-22,
41,-19,
47,-47,
-5,-18,
-50,6,
-35,59,
-19,-23,
24,-133,
25,-120,
34,-95,
33,-77,
0,-90,
50,-45,
46,-27,
33,-26,
44,-91,
67,7,
45,-20,
80,-52,
13,-72,
-29,-71,
-16,-73,
7,-58,
-48,-61,
24,-101,
27,-20,
-9,-59,
29,-73,
27,-51,
-7,-89,
-93,-60,
-42,-10,
18,31,
-26,13,
1,-23,
-29,-49,
9,-61,
51,-41,
80,-65,
49,-81,
-38,-43,
-59,-34,
35,-15,
47,61,
-14,10,
-56,-25,
-74,-49,
-44,-36,
-64,5,
-83,-42,
-2,-30,
19,-86,
7,-70,
22,-31,
84,32,
13,-13,
11,11,
37,-17,
19,13,
67,-30,
-1,-83,
-33,-59,
-35,-115,
-18,-75,
14,9,
12,3,
45,7,
1,84,
-45,-12,
-23,-41,
-17,-29,
32,-36,
37,-34,
-24,-61,
-51,-69,
-22,-44,
00>
_________________________________
00>
_________________________________
Sequence Number: 66
00>
00>
Printing STS0 CIR
00>
00>
_________________________________
00>
55,-50,
119,40,
24,59,
-37,27,
28,19,
5,-6,
-10,-22,
17,-9,
31,-32,
37,19,
22,-7,
-43,-52,
-10,16,
0,42,
-4,-1,
28,-29,
42,-37,
18,0,
47,-63,
35,-76,
27,-15,
-22,13,
30,64,
67,22,
-34,80,
14,-1,
-6,33,
-21,-17,
-53,-9,
-1,23,
14,-31,
-13,4,
22,-16,
1,-45,
9,-24,
52,-3,
42,2,
21,-15,
-1,-52,
-44,-11,
-13,34,
-5,44,
-13,-32,
-15,-16,
-22,-30,
-47,3,
-63,9,
21,13,
12,-24,
-13,68,
-68,11,
-65,21,
24,-29,
59,26,
31,26,
-5,69,
8,-8,
-43,-9,
-22,-31,
42,-13,
27,31,
7,74,
36,55,
-26,-8,
-21,49,
6,-49,
63,40,
-31,15,
-20,55,
17,16,
-25,8,
5,-57,
1,-34,
-22,28,
-70,89,
-3,58,
9,5,
-44,12,
44,-17,
42,79,
45,44,
44,19,
49,7,
53,13,
49,-14,
15,26,
10,31,
52,38,
-44,27,
-31,40,
-47,6,
-49,-10,
11,-30,
6,30,
21,11,
11,21,
-21,3,
-17,-20,
3,-16,
-46,8,
16,7,
0,12,
8,38,
-42,10,
-30,-16,
34,-39,
50,-36,
43,8,
-58,39,
-42,-21,
1,102,
-37,66,
-70,62,
-82,-86,
1,-6,
-28,16,
50,15,
56,45,
15,1,
-3,-15,
-59,84,
-87,83,
-59,22,
-53,-39,
-46,-4,
41,-13,
62,36,
42,6,
2,-45,
-9,-39,
43,23,
75,11,
-30,-36,
18,-12,
26,-11,
14,8,
23,-23,
21,-1,
-58,31,
8,38,
-46,20,
-44,35,
23,46,
-9,16,
-19,-17,
-134,-33,
-84,-4,
-44,-33,
-37,-66,
4,-7,
-33,48,
18,54,
-49,-8,
-20,-20,
-41,5,
0,54,
53,6,
-26,-32,
-22,-30,
21,-37,
3,-15,
0,29,
4,-37,
6,-49,
31,15,
-4,0,
9,-1,
-22,-36,
25,-10,
-5,18,
7,17,
38,5,
-9,-74,
13,-48,
54,-27,
-11,-18,
22,18,
84,-9,
40,27,
6,100,
25,78,
-3,30,
-59,21,
-49,16,
-62,2,
-28,-34,
46,-35,
-29,34,
-16,72,
-2,31,
-15,-32,
27,26,
-12,50,
17,15,
23,28,
24,-41,
23,-62,
20,-36,
-18,38,
-33,22,
19,9,
10,9,
-23,14,
-13,-2,
-25,19,
-12,-16,
15,3,
64,12,
37,-12,
26,41,
12,69,
-21,38,
3,12,
97,60,
94,-1,
101,6,
37,-64,
41,-37,
-40,-15,
13,25,
-7,47,
62,-20,
10,-29,
-13,-29,
-15,11,
-15,-4,
-43,4,
27,-2,
-6,-23,
17,4,
-3,35,
-76,-16,
-29,36,
-7,-14,
20,-12,
8,-13,
40,-11,
-23,19,
11,22,
-9,50,
-62,22,
-24,40,
-29,68,
10,28,
-8,29,
-22,-31,
12,46,
5,63,
-15,-21,
-10,-53,
32,-9,
20,42,
70,6,
11,32,
23,40,
17,55,
-58,52,
-18,-40,
69,73,
2,50,
13,7,
102,6,
17,4,
-23,-26,
-33,48,
11,31,
131,16,
53,4,
26,-10,
17,-14,
9,-9,
20,46,
57,21,
-21,-30,
-6,-19,
53,33,
28,12,
-20,47,
-91,41,
-45,7,
37,4,
78,-35,
42,-37,
-4,-32,
-57,80,
33,60,
-23,3,
-18,-131,
-36,-35,
-23,50,
4,-18,
120,2,
93,-28,
69,21,
49,24,
37,45,
18,52,
-18,32,
14,-27,
-11,-52,
16,22,
86,16,
16,-24,
42,-75,
-1,-34,
-11,-83,
16,-51,
42,-12,
19,29,
-2,44,
-38,13,
35,35,
0,-52,
-78,-12,
-87,41,
15,-26,
72,-43,
47,-83,
33,-19,
13,-17,
20,81,
16,20,
12,-19,
55,5,
-56,-48,
-62,-51,
-66,17,
19,22,
-30,-49,
23,-29,
-16,31,
22,34,
-10,19,
82,7,
-12,-69,
-39,-10,
-41,-17,
-32,7,
12,-25,
-54,8,
18,58,
8,0,
-30,-14,
61,-34,
10,-22,
16,20,
-5,79,
34,76,
-32,-45,
-23,-14,
-22,110,
62,96,
67,16,
21,30,
-6,21,
0,27,
-2,44,
-96,-32,
-424,-6,
-2570,-653,
-6345,-2363,
-7126,-3646,
-4754,-3931,
944,-1443,
3255,184,
1779,662,
897,1536,
1004,3925,
-440,5628,
-2908,4586,
-3140,1625,
-1040,-245,
418,-452,
337,-341,
-286,-361,
-439,-577,
-57,-431,
119,-141,
210,83,
-34,59,
-218,19,
-90,49,
182,210,
210,200,
196,66,
2,29,
-396,-14,
-522,-119,
-429,-81,
-180,-51,
38,-10,
188,-70,
136,-142,
60,-232,
2,-257,
17,-164,
60,-25,
22,61,
-130,208,
-149,281,
21,148,
157,54,
57,126,
-64,184,
41,166,
13,98,
-72,-35,
-125,20,
-48,150,
-80,159,
49,138,
88,37,
181,52,
236,72,
237,39,
281,141,
255,243,
123,358,
105,243,
161,160,
169,74,
141,28,
157,64,
168,100,
177,-16,
105,-16,
118,-17,
190,44,
283,11,
163,11,
40,-94,
-73,-85,
60,-124,
102,-180,
226,-202,
294,-124,
357,-163,
267,-92,
133,-64,
109,-72,
82,-93,
53,-16,
19,16,
-100,-29,
6,-54,
76,-35,
178,22,
172,-17,
134,-67,
54,-92,
82,-147,
87,-120,
73,4,
52,-5,
94,52,
89,74,
25,2,
9,-61,
-33,-13,
12,88,
97,35,
136,23,
81,7,
-22,11,
-42,-61,
6,-111,
112,-84,
104,-53,
91,30,
75,-4,
100,34,
94,100,
66,89,
44,21,
118,22,
118,-44,
174,12,
50,36,
87,13,
154,40,
71,65,
23,38,
-31,73,
21,-5,
-11,4,
33,-40,
37,-7,
135,-5,
53,17,
90,-17,
27,30,
16,63,
46,48,
109,21,
40,82,
93,32,
157,-10,
137,18,
96,-40,
102,25,
38,-5,
40,-27,
99,46,
24,14,
74,-13,
49,26,
43,60,
20,-38,
70,-13,
167,0,
54,-47,
14,-56,
00>
_________________________________
00>
00>
Printing STS1 CIR
00>
00>
_________________________________
00>
-17,-5,
-39,27,
11,20,
58,11,
10,31,
42,18,
0,13,
43,22,
68,26,
37,13,
4,72,
-8,48,
23,53,
21,26,
25,31,
-6,11,
11,-14,
-5,11,
3,61,
-30,52,
37,95,
25,55,
31,55,
9,-15,
-5,47,
-29,11,
-23,-68,
-9,-37,
1,-21,
35,-30,
-2,-4,
3,12,
87,-53,
94,-36,
9,13,
32,23,
-21,22,
21,-11,
31,-25,
66,-13,
15,15,
29,31,
-3,52,
-32,26,
-26,0,
-14,61,
-44,79,
-42,47,
-39,64,
-41,-21,
29,-19,
24,16,
26,-8,
26,70,
-34,75,
-29,-26,
-56,-11,
-62,-56,
-30,17,
5,10,
93,-32,
53,-43,
-47,20,
-11,-61,
-29,-8,
-50,13,
4,29,
40,7,
52,-43,
41,-6,
-38,-8,
-58,24,
-23,-71,
-4,-44,
44,-118,
30,-16,
36,56,
17,26,
-5,12,
12,-32,
42,55,
18,47,
6,-4,
27,-86,
43,-18,
-15,21,
-6,35,
-10,-62,
9,-63,
-28,-69,
-34,-38,
-2,31,
-31,-42,
-16,-2,
-56,2,
-19,16,
15,57,
-27,34,
2,0,
-14,1,
-40,38,
-20,56,
0,-3,
-29,15,
-43,10,
-12,-37,
-52,-16,
49,39,
91,20,
65,33,
56,50,
-3,6,
22,-17,
3,3,
28,33,
-8,8,
46,24,
46,3,
87,-33,
61,-23,
26,-30,
29,-24,
48,0,
-66,39,
-100,69,
-22,31,
16,45,
51,55,
15,58,
19,-11,
0,-21,
-35,-10,
15,-39,
-13,-61,
-10,-63,
-16,-68,
-38,-31,
27,7,
60,35,
-23,8,
-85,-19,
-1,40,
-10,35,
31,-14,
28,-64,
80,-27,
87,20,
29,34,
55,18,
75,45,
22,30,
19,4,
-63,-80,
-39,-16,
-31,71,
-2,0,
-38,-40,
-14,-45,
-71,32,
-28,-51,
45,-32,
54,-81,
46,-43,
3,67,
-87,31,
-60,48,
-39,21,
23,51,
-56,-11,
-7,-25,
23,27,
-53,14,
-23,-22,
-16,-67,
86,-59,
39,10,
-49,2,
47,-30,
12,18,
-19,11,
-2,-27,
-20,61,
-31,93,
-40,8,
-46,33,
6,57,
70,45,
34,-29,
-56,-16,
-83,10,
-24,-2,
-11,21,
-5,-28,
-32,39,
2,16,
8,14,
-5,55,
59,65,
-8,23,
-23,39,
-97,1,
-66,13,
-65,39,
30,23,
-31,29,
-7,32,
10,-23,
-7,15,
-50,39,
-22,-4,
39,39,
8,41,
-17,35,
-39,27,
14,-19,
3,-21,
-34,50,
-5,86,
-31,70,
-4,-38,
-80,-21,
-27,23,
-12,33,
0,-18,
-38,5,
22,46,
-4,20,
4,-1,
-29,-33,
15,8,
-9,29,
39,5,
53,29,
37,23,
2,23,
-21,20,
-18,52,
-12,12,
-32,39,
23,-60,
-14,-78,
-39,-60,
32,-17,
2,4,
34,-43,
-18,-56,
-52,-13,
-31,50,
0,53,
11,32,
12,31,
8,-9,
47,-27,
27,52,
-10,42,
-44,7,
-20,-43,
26,4,
1,63,
17,38,
3,-1,
-12,66,
-9,55,
44,80,
15,8,
8,20,
5,-1,
20,21,
3,-5,
4,-36,
5,-4,
-39,-2,
-29,6,
-16,9,
-46,15,
8,-41,
-70,-27,
-2,-42,
25,1,
78,33,
-1,-32,
-14,25,
4,31,
-46,14,
27,-8,
40,-16,
32,-27,
18,0,
-6,17,
-10,10,
-11,17,
22,8,
9,-11,
11,46,
18,14,
-12,-10,
-2,-49,
4,-38,
-25,-27,
71,24,
12,66,
-40,30,
-87,7,
-106,4,
-69,1,
6,9,
-8,0,
-45,65,
-40,45,
-41,42,
48,-5,
6,33,
-50,-89,
-6,-75,
-53,21,
-35,-21,
-27,-14,
28,-11,
-56,44,
-29,20,
17,9,
27,-27,
65,10,
-15,7,
-32,-4,
-33,-14,
38,-66,
15,14,
15,27,
43,41,
5,-46,
-3,-40,
-4,-23,
5,-4,
16,23,
38,12,
-87,-22,
-100,-16,
-41,57,
16,-6,
14,-21,
-39,32,
17,31,
21,15,
-16,-49,
-41,-38,
34,-44,
-8,17,
50,-48,
-13,56,
-38,17,
-10,-13,
-8,-2,
-61,3,
-2,1,
-25,-41,
-1,7,
9,54,
-467,440,
-2833,1447,
-7076,2016,
-7963,1339,
-6210,-157,
153,-1567,
2882,-1745,
1141,-688,
-916,-83,
-1715,-1105,
-1060,-2771,
3,-3122,
575,-1749,
430,-207,
9,353,
-54,298,
-55,559,
-81,1039,
81,792,
73,216,
262,-261,
127,-212,
-84,104,
8,201,
196,221,
363,250,
206,237,
35,266,
33,332,
166,343,
331,262,
291,201,
183,112,
100,65,
58,190,
20,131,
-125,58,
-40,26,
205,84,
276,93,
432,-49,
374,-156,
237,-232,
233,-132,
145,60,
6,69,
107,93,
144,22,
181,62,
152,213,
30,218,
-32,113,
43,-54,
4,-106,
76,-51,
112,-69,
263,-153,
235,-162,
119,-29,
37,2,
58,-63,
158,-80,
174,7,
206,85,
248,142,
332,133,
206,169,
60,55,
-36,38,
53,108,
10,184,
-9,158,
3,100,
88,-38,
174,-114,
282,-71,
242,-23,
176,-35,
187,-76,
157,-54,
185,17,
154,-4,
64,-58,
42,2,
27,1,
80,-40,
74,3,
-3,-46,
-40,-11,
-50,14,
-52,-7,
-24,-66,
43,-50,
90,-72,
93,-12,
19,-83,
44,-62,
28,-106,
63,-62,
45,-43,
107,6,
27,44,
-7,-22,
52,-112,
51,-110,
57,-73,
51,-25,
41,-1,
16,48,
20,65,
42,167,
56,113,
45,80,
58,84,
54,70,
54,10,
125,14,
94,18,
92,-1,
60,-10,
28,-3,
21,-27,
16,-43,
37,22,
70,97,
64,-21,
47,18,
31,-9,
29,-17,
104,34,
93,8,
44,32,
39,104,
49,72,
88,50,
83,118,
41,93,
28,95,
25,21,
77,25,
8,-6,
34,-1,
89,-25,
57,-6,
46,-20,
60,71,
74,99,
21,77,
35,37,
92,-55,
65,-25,
0,47,
-4,12,
17,-3,
00>
_________________________________
00>
RX Timestamp: 368003367037
00>
Clock Offset: 1279.449 Hz, -0.160 ppm
00>
RX Timestamp: 369073732022
00>
Clock Offset: 2350.616 Hz, -0.294 ppm
00>
_________________________________
Sequence Number: 200
00>
00>
Printing STS0 CIR
00>
00>
_________________________________
00>
113,-27,
73,-24,
-13,49,
-2,140,
-34,58,
61,5,
72,-1,
5,19,
15,64,
-46,20,
6,95,
6,69,
54,21,
36,50,
96,43,
43,0,
123,9,
112,17,
-20,-10,
-49,26,
17,92,
63,100,
82,78,
-26,2,
-26,-77,
-62,-62,
45,25,
38,67,
18,78,
-58,35,
-46,60,
12,44,
-20,55,
-4,32,
42,118,
56,115,
47,30,
-2,6,
-15,74,
54,133,
38,35,
25,-79,
46,29,
116,71,
52,57,
27,-14,
-16,-4,
83,7,
20,23,
80,-2,
65,44,
78,53,
65,42,
-15,19,
-10,-7,
20,38,
62,-61,
-19,-34,
61,-11,
20,-5,
-36,-9,
72,-10,
54,-34,
28,-22,
7,27,
-33,2,
-23,-26,
-20,-1,
64,105,
58,95,
20,113,
-65,53,
-6,25,
-2,17,
82,40,
26,28,
-35,-28,
0,6,
4,67,
20,99,
29,21,
-21,-47,
-22,0,
12,4,
98,-36,
81,6,
-45,-38,
46,38,
60,20,
76,28,
56,33,
11,-8,
-8,-14,
52,54,
-18,88,
-35,-11,
-10,10,
100,-33,
58,-23,
49,51,
38,107,
-44,58,
-9,27,
40,12,
91,6,
25,45,
-41,12,
-128,77,
-62,3,
1,3,
34,41,
-64,-10,
-26,29,
17,94,
-30,54,
-32,-18,
-9,-36,
14,34,
103,7,
66,30,
-52,-16,
8,21,
111,62,
84,56,
25,83,
53,76,
12,67,
-7,-41,
-27,15,
24,109,
-84,173,
39,81,
49,24,
102,-8,
40,-36,
9,17,
52,28,
64,-21,
-33,-61,
-36,43,
8,39,
99,102,
7,46,
-40,-29,
0,47,
-7,22,
18,-2,
34,-40,
29,1,
8,60,
15,50,
18,17,
41,-2,
-6,-9,
-37,-5,
-21,66,
39,41,
34,110,
48,92,
-45,36,
-85,-9,
28,-36,
56,29,
42,33,
-8,-5,
-31,41,
-32,25,
-18,54,
-16,98,
-27,44,
-97,-83,
-40,-57,
14,20,
43,64,
-6,98,
-32,27,
-24,5,
10,20,
9,22,
-2,-57,
36,17,
65,49,
-3,44,
-6,59,
32,5,
39,-27,
19,-3,
-47,48,
-55,23,
9,45,
66,84,
33,89,
11,6,
15,9,
33,71,
-32,18,
-13,45,
48,38,
88,51,
80,57,
73,41,
-3,13,
12,-20,
37,-39,
74,-14,
17,-28,
-39,24,
-12,31,
-30,43,
-3,-3,
-66,-39,
-75,-5,
-1,26,
74,28,
84,34,
74,43,
-22,18,
-11,13,
-48,-34,
-52,-12,
-23,-20,
-6,34,
-5,-26,
-8,-1,
-19,-3,
34,-13,
38,-49,
50,-5,
4,-19,
-32,11,
-67,72,
-1,68,
26,65,
-33,-51,
-61,-46,
-12,19,
-39,13,
-47,-9,
15,66,
13,40,
48,25,
51,57,
22,-18,
71,3,
105,21,
-2,21,
-74,34,
2,58,
-3,27,
24,25,
7,82,
-62,60,
32,20,
22,17,
17,69,
-9,29,
39,8,
67,74,
23,75,
-128,33,
-32,-72,
79,32,
-38,32,
-80,28,
-13,46,
-29,41,
65,-9,
46,-48,
46,-45,
-19,1,
11,-85,
80,12,
48,37,
-5,-36,
-56,-6,
-13,45,
1,57,
20,36,
38,22,
-27,-4,
18,14,
70,-45,
-23,-5,
-7,44,
-57,31,
30,28,
43,54,
-40,47,
-6,53,
21,12,
77,20,
-5,21,
58,-6,
28,-18,
-46,76,
-8,23,
8,-11,
-8,-36,
98,38,
87,16,
64,85,
15,78,
-54,42,
-48,44,
-20,13,
-42,37,
-37,33,
-48,26,
97,82,
31,-29,
-82,-110,
-46,-77,
30,64,
30,102,
-103,65,
-21,14,
-27,-16,
63,-26,
88,60,
37,-11,
4,34,
38,-1,
68,1,
6,75,
43,71,
18,48,
-32,-21,
-6,19,
13,-14,
23,10,
133,-3,
40,21,
-7,13,
-11,28,
-16,-10,
-75,-9,
-21,44,
-8,28,
-19,85,
-41,64,
-27,-4,
89,4,
119,-38,
126,82,
39,76,
-28,91,
41,94,
53,54,
-18,-5,
-60,34,
-46,-37,
34,-19,
300,167,
1096,723,
2361,1638,
2580,2168,
1047,1500,
-720,286,
-1072,-365,
-445,-457,
-118,-733,
-63,-1432,
577,-1667,
1222,-1147,
1080,-233,
266,241,
-255,312,
-149,138,
86,121,
109,271,
-35,240,
-73,40,
-7,29,
89,68,
68,-32,
-49,-72,
-34,-173,
-35,-170,
-90,-81,
12,66,
110,34,
197,109,
144,96,
15,65,
-32,-18,
-58,-24,
-18,31,
-28,168,
-30,135,
48,75,
23,15,
75,-5,
126,-43,
-8,-32,
-62,-49,
-13,-62,
1,-67,
-16,-21,
-10,79,
-19,33,
11,50,
50,99,
29,-1,
5,-74,
48,-52,
13,45,
-68,50,
-5,12,
-1,-81,
-113,-117,
-163,-122,
-21,-91,
25,-48,
-37,-69,
-33,-62,
-8,-75,
38,-68,
-40,37,
-154,-8,
-99,43,
-36,94,
-18,-12,
-95,-7,
13,6,
147,68,
78,111,
-70,84,
-41,152,
-68,93,
-53,68,
-128,26,
-85,-26,
-106,-14,
-91,83,
3,41,
10,-28,
16,-20,
16,55,
-17,21,
25,-27,
12,3,
-32,95,
-50,13,
-64,3,
10,90,
-50,101,
-25,5,
-24,9,
-8,61,
-39,45,
-81,26,
-32,58,
-15,55,
-18,-11,
-2,42,
-40,-26,
-54,16,
13,20,
-13,110,
-82,74,
-89,-9,
-59,-16,
-49,-100,
-56,-2,
-67,44,
-43,38,
-5,-22,
-2,-1,
-35,68,
-148,58,
-89,38,
-36,4,
4,19,
176,-13,
1,0,
-92,51,
-96,17,
14,20,
95,-25,
-21,49,
-13,35,
-60,-25,
-77,30,
-118,31,
-67,34,
5,-16,
-36,-42,
-15,-24,
42,12,
3,35,
17,15,
-23,-33,
-76,2,
-48,38,
26,41,
31,43,
-82,107,
-120,61,
-38,82,
38,29,
22,-21,
10,-7,
17,28,
-36,112,
-45,61,
-12,24,
11,-25,
-10,73,
-58,41,
-22,-29,
-23,-39,
-38,-13,
00>
_________________________________
00>
00>
Printing STS1 CIR
00>
00>
_________________________________
00>
57,8,
-47,-7,
16,-19,
19,-28,
25,-23,
104,41,
118,34,
103,-6,
37,-33,
-23,-27,
-80,2,
-84,74,
0,29,
66,56,
27,-6,
52,-16,
-84,-13,
-51,39,
21,-27,
46,-28,
74,45,
59,-35,
-16,-101,
-30,-101,
2,-59,
17,-33,
-39,-8,
-12,-1,
37,-16,
15,-44,
-25,14,
-50,5,
-7,-5,
-20,47,
3,51,
-38,-56,
-17,-42,
-12,-15,
15,26,
21,106,
15,101,
-8,82,
84,38,
94,-3,
38,12,
-49,5,
-88,-7,
-98,29,
-18,61,
46,-26,
80,-12,
82,65,
69,115,
10,-12,
-2,-4,
-47,66,
-34,5,
-51,-16,
7,14,
13,126,
98,143,
120,-8,
46,-58,
93,-51,
-1,31,
-80,55,
-92,-36,
1,-31,
38,-94,
-35,-5,
-27,-2,
-58,101,
-31,77,
-20,52,
65,45,
102,15,
2,18,
-47,14,
11,-61,
32,-26,
69,69,
-6,-9,
29,7,
19,-19,
4,50,
53,20,
21,44,
-47,7,
48,27,
144,12,
29,22,
-49,-21,
-40,-15,
-19,-14,
-48,5,
-32,27,
31,-6,
85,-63,
70,-5,
-12,-10,
-104,51,
-66,-11,
-64,-24,
9,37,
29,9,
-41,51,
-42,15,
31,-14,
56,0,
-11,61,
-41,-11,
-53,-44,
-51,-35,
19,-32,
-39,2,
-18,-17,
-8,-50,
108,30,
31,71,
3,-23,
-44,-82,
69,-40,
4,-55,
11,15,
57,-6,
189,39,
79,51,
-6,38,
15,-8,
105,19,
38,39,
26,64,
73,82,
61,21,
76,-58,
65,-52,
41,-51,
-6,-23,
-43,-2,
-32,57,
14,55,
35,75,
-41,31,
43,13,
56,107,
3,29,
26,-26,
-4,-50,
-74,1,
-88,71,
-12,85,
41,27,
6,-119,
5,-73,
-13,59,
-14,19,
28,-83,
13,-35,
19,36,
-37,19,
-19,-20,
72,-18,
58,64,
35,92,
-43,59,
28,-31,
27,-45,
35,-26,
53,4,
15,70,
-71,51,
-10,-24,
-8,-20,
18,3,
7,-16,
49,12,
24,65,
43,12,
19,-59,
69,-27,
43,9,
38,-11,
81,-17,
45,-32,
73,-6,
-16,-45,
-73,6,
-50,67,
15,72,
24,-40,
10,-44,
-44,66,
41,47,
14,16,
57,-4,
109,-41,
50,-15,
-6,120,
17,29,
13,-29,
52,-72,
-5,23,
0,57,
-31,-57,
71,-94,
21,-20,
-8,56,
-13,63,
23,7,
70,-2,
11,26,
57,25,
21,35,
-9,77,
-26,53,
-15,19,
-33,-31,
-24,2,
29,-1,
22,38,
-29,-13,
31,3,
27,57,
-4,72,
-13,70,
-4,30,
-18,32,
-56,48,
-4,44,
17,-8,
38,-20,
30,-49,
27,-21,
108,-37,
85,-53,
6,-56,
-55,51,
-69,-39,
-37,-91,
-19,-35,
10,36,
-50,-26,
-41,-59,
55,-44,
-28,-6,
21,66,
75,93,
32,29,
18,-36,
25,-38,
57,-77,
12,-68,
-44,-59,
-13,23,
49,52,
34,79,
1,-56,
-5,-63,
-26,-8,
16,-5,
-27,72,
-112,138,
-110,85,
-35,-13,
-9,83,
26,105,
-75,92,
-78,-15,
-92,-56,
18,-65,
-25,-15,
-68,40,
-12,39,
-13,67,
-28,-7,
-20,61,
-17,-54,
-99,-35,
-5,-48,
24,20,
61,14,
-11,-1,
-34,-54,
-70,-14,
-35,118,
-61,60,
15,-94,
5,-47,
-41,25,
-33,29,
20,1,
-111,25,
-48,32,
-2,-27,
55,30,
-59,64,
-70,15,
13,0,
-12,-4,
21,-19,
30,34,
-24,68,
-28,30,
29,19,
12,25,
-47,-28,
-43,20,
-62,69,
29,36,
12,22,
-10,76,
9,31,
7,-36,
-42,-9,
-16,24,
22,69,
31,117,
-24,72,
-39,106,
19,31,
-22,35,
-26,43,
-33,7,
-19,-66,
27,-7,
-11,15,
-41,68,
-56,-20,
-57,-35,
-20,31,
-45,19,
-18,12,
-80,-5,
-68,-38,
20,-18,
-33,39,
-28,46,
31,5,
-18,13,
0,-41,
-93,-25,
13,-26,
69,48,
52,129,
-2,63,
-38,2,
10,-41,
-47,16,
-22,73,
5,30,
12,-25,
63,-81,
268,-195,
1238,-468,
2822,-559,
3203,-213,
1509,444,
-466,714,
-1041,474,
-312,111,
474,141,
595,658,
265,1106,
-90,1050,
-248,586,
-172,106,
-29,-113,
20,-132,
-7,-258,
46,-369,
25,-211,
-66,2,
-173,111,
-88,35,
53,-40,
0,-155,
-111,-68,
-133,-58,
-59,-67,
5,-9,
-23,-77,
-130,-37,
-186,-76,
-179,-76,
-9,-61,
-20,-28,
13,-1,
9,54,
6,65,
35,12,
-10,-24,
-121,-54,
-151,-20,
-123,-15,
-62,-7,
-71,22,
-37,-5,
-16,33,
-38,-40,
-47,-67,
-67,-36,
-11,-33,
17,-90,
-26,-120,
-33,2,
5,53,
23,35,
-1,-29,
-52,-9,
-126,35,
-12,42,
49,-38,
35,-6,
-12,17,
-135,-32,
-137,-86,
-25,-20,
-66,-68,
-70,-70,
-32,9,
16,5,
50,-31,
-19,-118,
24,-91,
-34,38,
-76,41,
-101,-12,
-17,98,
-43,122,
-60,43,
-54,17,
-77,50,
-34,51,
19,9,
-46,29,
-11,-26,
19,-28,
42,53,
54,4,
40,-72,
32,-82,
-27,-64,
30,-45,
17,46,
16,31,
28,36,
-11,36,
51,143,
17,114,
2,0,
25,-11,
4,28,
-19,-29,
29,-122,
59,-37,
9,-20,
-6,40,
-53,52,
-32,5,
1,-60,
19,11,
-50,47,
10,3,
-28,15,
-75,50,
-99,10,
-51,59,
-6,0,
9,-11,
-91,20,
-66,31,
3,-15,
21,-47,
-1,-27,
-36,-25,
-20,37,
-22,-47,
-44,-87,
23,-125,
-66,-38,
-13,-82,
-78,-15,
33,24,
-14,49,
-25,-71,
-21,-40,
-36,44,
-76,-11,
8,-56,
-11,-27,
-70,45,
-87,-54,
-44,34,
-42,68,
-24,49,
-1,20,
-17,13,
16,-71,
-41,-61,
-4,13,
13,42,
-29,72,
-51,31,
-92,11,
-64,-25,
-45,-2,
33,79,
-62,107,
-88,-25,
-96,40,
9,4,
14,-90,
00>
_________________________________
00>
_________________________________
Sequence Number: 203
00>
00>
Printing STS0 CIR
00>
00>
_________________________________
00>
34,11,
5,-7,
47,6,
-4,-71,
26,-33,
-22,-10,
67,42,
71,-2,
157,-34,
71,-37,
-63,-80,
-11,-30,
-10,25,
-2,44,
55,31,
59,-28,
19,-34,
28,9,
-3,94,
45,101,
-48,60,
-2,-74,
43,-35,
31,36,
58,105,
65,51,
44,65,
79,-15,
3,29,
-16,35,
10,26,
51,43,
116,5,
46,28,
28,-6,
67,-56,
47,-63,
1,74,
-16,70,
-21,49,
-49,31,
-20,46,
37,41,
7,8,
-22,-6,
26,-17,
109,67,
92,19,
27,66,
-8,77,
33,34,
44,23,
25,76,
2,108,
-75,15,
-100,-19,
-136,-60,
-40,42,
52,88,
133,53,
53,-17,
28,-27,
-3,-41,
8,28,
83,85,
29,33,
22,31,
49,12,
39,27,
27,23,
11,2,
101,-73,
44,-34,
55,71,
54,16,
26,-70,
30,-80,
-31,-11,
-41,-25,
22,18,
83,84,
-29,45,
25,51,
2,53,
67,43,
18,-72,
81,41,
-8,46,
-45,68,
-71,29,
-11,48,
-18,-20,
-22,-17,
-24,7,
46,17,
-17,40,
-7,-47,
1,-25,
24,-4,
26,3,
33,-15,
25,-37,
-16,-65,
70,-49,
11,-34,
37,-18,
-28,-46,
-47,-70,
-36,-31,
-32,-65,
15,21,
36,77,
32,2,
57,-87,
8,-78,
-39,0,
-59,-18,
-16,54,
-39,-34,
-70,18,
-14,31,
31,-19,
28,32,
64,100,
52,120,
5,90,
61,47,
57,20,
49,17,
-2,9,
-14,3,
-22,-21,
35,11,
104,-42,
58,13,
11,-65,
38,-56,
120,58,
125,48,
68,27,
75,-2,
72,-80,
-25,-16,
-19,50,
9,86,
12,6,
-17,-38,
6,57,
24,82,
61,27,
98,40,
110,61,
105,70,
114,96,
45,32,
17,39,
-50,40,
-3,72,
47,31,
33,34,
5,59,
57,78,
22,52,
-2,-36,
6,31,
41,31,
2,-29,
44,-17,
44,21,
36,66,
-5,57,
-17,7,
-8,-39,
62,41,
58,45,
53,25,
71,-30,
-24,-29,
4,61,
-28,44,
-52,53,
-12,20,
46,10,
-1,-74,
8,-13,
-30,-46,
6,-24,
62,20,
40,7,
26,-22,
-35,-61,
-3,-18,
30,21,
77,78,
42,69,
21,39,
19,85,
28,46,
17,14,
18,-65,
77,40,
-32,18,
7,5,
18,51,
64,86,
43,33,
5,-11,
-11,-23,
-28,27,
-31,10,
71,25,
22,2,
-1,-4,
0,-35,
22,-75,
41,19,
7,60,
5,47,
36,-46,
-2,-16,
66,3,
36,55,
-16,63,
-24,-35,
-28,-66,
-14,-60,
79,36,
80,26,
-34,24,
-43,-39,
-5,-50,
-30,-43,
-14,-35,
-31,-28,
8,-25,
29,-11,
70,55,
109,1,
11,44,
-9,44,
52,37,
10,7,
-66,8,
-12,-10,
-14,-1,
-2,9,
-11,-4,
11,18,
-71,39,
-24,-9,
5,3,
44,34,
49,88,
-17,84,
88,97,
54,7,
36,-55,
22,-41,
13,-1,
19,15,
-34,41,
-36,7,
70,-51,
-11,-45,
-24,3,
-25,-15,
50,-15,
10,-6,
-75,110,
46,66,
58,119,
-11,122,
-40,137,
-22,46,
-28,9,
79,-50,
68,-28,
78,23,
37,32,
9,-36,
21,-45,
12,-80,
15,-79,
-29,8,
-1,12,
39,38,
9,-44,
-12,-51,
-76,-3,
2,25,
-48,62,
29,57,
49,46,
46,13,
25,65,
54,22,
79,-25,
43,18,
54,16,
-20,21,
19,-26,
67,36,
79,20,
-56,22,
-76,26,
-41,45,
68,13,
54,69,
47,51,
-29,-8,
-36,-60,
-11,-29,
83,18,
13,64,
81,56,
47,59,
9,47,
18,32,
17,55,
15,-22,
65,-30,
66,13,
9,10,
33,65,
44,22,
56,32,
53,36,
109,9,
92,108,
46,76,
-3,9,
32,-4,
18,-2,
-47,42,
47,-26,
102,7,
17,45,
-31,-20,
-17,-75,
36,-28,
68,23,
6,87,
-14,35,
42,95,
7,52,
-97,12,
-38,11,
-20,12,
31,-7,
-34,91,
-23,91,
-49,24,
20,-22,
0,3,
19,-6,
5,-51,
-50,-64,
-370,-788,
-1172,-3020,
-1422,-5964,
-297,-6364,
1326,-3395,
1774,138,
808,992,
-558,133,
-1394,-894,
-1513,-1646,
-868,-1805,
136,-1311,
411,-477,
111,96,
-18,266,
143,424,
219,668,
101,765,
7,433,
-44,76,
-206,-29,
-257,12,
-178,177,
119,245,
266,296,
195,91,
32,-70,
-8,74,
18,176,
107,287,
160,126,
81,50,
38,74,
95,107,
31,86,
82,12,
150,64,
170,56,
176,144,
109,169,
132,180,
61,188,
17,100,
91,100,
70,86,
169,165,
165,130,
95,104,
21,45,
-110,0,
-92,68,
-77,64,
15,47,
-16,62,
6,63,
16,66,
52,39,
41,-65,
7,-6,
-51,17,
54,88,
107,103,
85,164,
-51,135,
47,29,
64,85,
-5,63,
-57,82,
-37,160,
55,138,
88,54,
-38,84,
-87,107,
-129,76,
-86,50,
-117,24,
-14,-35,
35,-28,
79,20,
79,153,
34,196,
2,104,
43,68,
50,59,
-17,93,
45,51,
5,44,
-11,117,
26,136,
68,116,
43,33,
22,20,
-9,53,
-21,44,
-61,-70,
-6,-7,
56,89,
104,135,
43,73,
-10,64,
1,81,
16,55,
77,45,
97,94,
140,69,
45,100,
25,52,
-20,73,
9,132,
-38,73,
8,18,
19,85,
59,73,
43,147,
70,77,
132,54,
105,40,
32,48,
32,99,
11,83,
44,70,
62,81,
69,100,
111,105,
73,94,
15,99,
72,33,
79,38,
71,-8,
90,-1,
57,34,
36,71,
6,-18,
-32,-55,
0,-16,
68,82,
24,32,
26,105,
-31,49,
42,67,
68,73,
74,68,
34,41,
7,115,
-28,77,
43,125,
55,95,
17,135,
-33,92,
79,66,
86,70,
51,64,
58,70,
15,38,
37,10,
00>
_________________________________
00>
00>
Printing STS1 CIR
00>
00>
_________________________________
00>
65,-46,
19,-57,
21,-22,
72,-58,
5,75,
-12,45,
-43,-65,
21,-72,
4,-62,
-43,-17,
9,13,
66,80,
-4,39,
5,29,
-20,36,
5,84,
3,60,
12,42,
3,72,
77,57,
62,42,
45,94,
8,66,
91,33,
103,-6,
-16,-34,
-45,12,
-20,48,
70,25,
117,13,
52,31,
-49,62,
-47,10,
-2,-8,
20,11,
37,22,
29,0,
0,-3,
-29,-48,
16,-38,
111,-64,
60,-26,
-2,34,
-101,56,
-72,55,
-54,58,
-16,96,
2,89,
-6,77,
35,72,
-18,23,
-17,21,
10,43,
21,44,
37,26,
23,-72,
46,-37,
4,-8,
-13,17,
18,42,
-19,-60,
16,-78,
-3,26,
-39,63,
18,72,
-52,52,
10,62,
48,-10,
30,-28,
36,63,
42,53,
82,64,
67,-31,
-26,-58,
1,0,
7,-20,
-62,14,
-18,94,
57,37,
-16,60,
27,3,
-1,15,
45,-26,
-35,-58,
17,-17,
-8,-41,
-28,6,
-19,38,
-58,58,
-18,96,
22,11,
82,19,
43,21,
27,7,
15,37,
-47,-34,
-83,-61,
-58,-40,
17,55,
6,24,
-10,-18,
4,-28,
-31,-2,
78,23,
95,-8,
-13,-16,
-44,-22,
-124,4,
31,57,
-20,45,
-17,105,
-43,30,
-29,-26,
15,-68,
-41,4,
-44,39,
65,-41,
62,-14,
-34,54,
38,90,
65,80,
60,28,
24,-35,
12,-23,
19,-6,
-16,59,
36,100,
48,57,
-20,65,
-47,81,
-20,-9,
37,-30,
33,6,
-35,72,
-16,122,
-28,102,
-32,93,
-18,31,
54,39,
78,51,
48,66,
0,115,
-3,14,
36,71,
5,54,
-11,68,
26,88,
27,12,
29,-75,
2,-26,
41,12,
90,1,
7,30,
-28,46,
-32,40,
67,31,
45,65,
15,18,
0,33,
-4,74,
45,39,
-9,11,
17,14,
-7,0,
-6,33,
14,18,
-34,93,
17,94,
47,43,
85,74,
9,19,
37,49,
-23,29,
0,31,
31,3,
90,-38,
13,0,
-28,47,
5,12,
9,-5,
14,45,
-82,68,
-112,89,
-99,83,
-84,43,
-23,44,
-9,27,
18,-2,
40,28,
-13,4,
-12,20,
-13,-36,
6,17,
42,40,
-22,26,
-96,26,
-24,47,
10,5,
24,-53,
21,-87,
1,-86,
31,23,
16,95,
93,63,
67,0,
-38,-47,
-6,-24,
47,44,
88,5,
77,14,
13,58,
-15,89,
6,117,
39,55,
44,18,
6,-27,
-71,16,
-83,71,
-29,83,
-14,107,
14,25,
39,-64,
-36,0,
-38,-13,
-21,-22,
-64,60,
-22,85,
57,-51,
54,-43,
-11,-1,
-9,9,
51,11,
40,17,
33,23,
-23,45,
-77,29,
-74,26,
-8,-26,
79,67,
53,78,
-40,-1,
-17,-36,
-9,-101,
5,-114,
50,-42,
78,48,
55,29,
44,8,
51,18,
-13,-26,
93,-55,
93,-1,
62,10,
-19,26,
-79,67,
-65,87,
4,27,
20,-105,
31,-30,
27,-15,
18,38,
54,15,
-61,44,
-10,22,
46,-42,
54,1,
49,32,
-12,59,
39,2,
39,16,
-1,41,
43,-4,
5,-26,
17,15,
71,19,
-15,46,
-35,10,
-44,-4,
16,-71,
39,-44,
21,51,
55,80,
9,17,
21,-67,
58,-76,
30,-43,
-88,31,
-26,27,
4,-5,
39,18,
16,36,
16,30,
11,32,
44,-18,
86,-43,
52,-35,
-52,0,
-71,33,
9,30,
34,-18,
23,99,
-9,62,
36,55,
31,-45,
7,24,
-33,73,
81,58,
85,-24,
96,-37,
51,-27,
-23,42,
57,23,
45,-13,
62,-15,
72,16,
67,40,
-5,33,
8,42,
-31,47,
8,105,
30,76,
7,97,
2,4,
14,17,
38,43,
5,-12,
61,-44,
65,20,
35,42,
23,65,
-10,56,
55,66,
-28,23,
-39,65,
-39,24,
-2,-17,
31,66,
23,18,
-11,21,
-50,-35,
16,-3,
45,57,
45,127,
7,94,
32,18,
-14,16,
81,-14,
65,-18,
27,-15,
9,-3,
11,29,
-3,51,
12,29,
57,44,
102,54,
66,13,
-67,-38,
-843,-517,
-2900,-2177,
-4958,-4283,
-4632,-4831,
-1805,-2731,
559,-8,
844,989,
97,609,
-21,353,
667,548,
1056,895,
680,911,
55,486,
-94,33,
83,-265,
373,-403,
454,-380,
279,-244,
30,-6,
-235,90,
-263,47,
-223,67,
-121,203,
69,268,
226,257,
353,100,
266,40,
58,-49,
-54,-117,
-12,-62,
20,-26,
130,29,
182,140,
75,139,
2,9,
26,-40,
87,69,
95,224,
55,301,
-14,240,
-21,117,
147,-33,
143,-81,
157,42,
121,61,
107,97,
40,-54,
-26,-11,
-45,-1,
-117,76,
-36,209,
44,135,
74,23,
8,-1,
-6,-1,
-22,-17,
15,12,
31,12,
43,33,
111,39,
91,39,
83,46,
28,73,
20,80,
3,45,
14,-2,
-48,-24,
-142,101,
-111,156,
-1,148,
135,84,
101,1,
95,-26,
34,-47,
-45,-19,
-6,14,
38,-57,
89,-47,
156,-72,
133,-1,
108,97,
76,109,
49,63,
45,68,
118,37,
27,-33,
5,-33,
-18,0,
-11,18,
88,96,
58,43,
46,34,
47,32,
58,47,
61,66,
45,61,
18,54,
29,104,
-67,108,
-30,120,
75,34,
103,4,
57,19,
52,-26,
31,-26,
35,68,
-12,68,
54,79,
124,91,
82,50,
80,-19,
81,-18,
143,58,
125,38,
121,-45,
106,-26,
107,15,
87,119,
58,93,
71,57,
46,73,
111,81,
72,66,
80,0,
63,25,
63,68,
45,49,
60,-6,
69,-9,
163,-6,
153,45,
37,62,
30,63,
22,37,
78,9,
47,-28,
6,24,
-8,58,
-19,39,
-9,5,
37,37,
24,73,
39,63,
-6,58,
-25,71,
56,34,
27,24,
-16,83,
0,51,
27,33,
37,55,
62,48,
99,55,
-20,44,
-69,54,
00>
_________________________________
00>
RX Timestamp: 508276218975
00>
Clock Offset: 1696.014 Hz, -0.212 ppm
00>
RX Timestamp: 509346789243
00>
Clock Offset: 1655.102 Hz, -0.207 ppm
00>
_________________________________
Sequence Number: 81
00>
00>
Printing STS0 CIR
00>
00>
_________________________________
00>
15,2,
-5,-39,
17,26,
42,10,
28,25,
15,32,
28,4,
-48,-4,
20,19,
44,61,
5,35,
-11,37,
9,-6,
17,-3,
71,23,
-24,-3,
-8,3,
61,53,
64,108,
20,83,
-30,23,
-5,-23,
-58,-8,
20,-52,
33,-17,
-34,-33,
-71,59,
-2,56,
20,8,
-40,9,
-16,39,
-2,20,
-29,23,
-50,-7,
-63,-49,
-20,-45,
98,15,
45,103,
9,37,
-16,-11,
-57,0,
-6,-38,
8,-48,
16,-78,
41,-4,
-45,8,
6,-8,
27,-2,
65,-25,
14,45,
-18,5,
-61,-18,
-51,13,
-59,13,
-19,-7,
1,-10,
59,-2,
-14,-8,
-30,63,
4,23,
-23,-4,
17,4,
6,31,
-19,41,
-29,29,
-82,-8,
-32,-42,
-38,-29,
-35,28,
59,-38,
55,-42,
3,6,
-1,57,
-27,18,
33,79,
20,-5,
-6,-30,
42,1,
0,16,
-25,29,
-49,75,
21,117,
-41,-5,
6,12,
68,26,
-55,11,
-39,47,
-6,22,
40,42,
62,24,
6,40,
-47,105,
-2,30,
32,-12,
38,-33,
12,-42,
-20,3,
16,-47,
-25,1,
-68,29,
-47,6,
-1,13,
8,34,
-30,37,
-49,-39,
-69,-16,
-23,-3,
15,-41,
4,-13,
-21,36,
-10,14,
8,-31,
28,-26,
11,10,
-86,17,
-66,-33,
-7,48,
9,-16,
27,-51,
21,-15,
-4,39,
-57,-39,
-15,6,
13,1,
-32,24,
-39,71,
-21,74,
16,-8,
-6,37,
34,22,
-62,14,
-24,-8,
-4,-21,
17,61,
-74,-10,
-62,-72,
10,-11,
10,129,
10,85,
-35,-5,
-9,0,
1,6,
-38,45,
25,-1,
29,40,
-87,59,
-13,11,
-16,-5,
-25,-36,
-15,-36,
11,53,
-14,29,
-1,-10,
-1,-2,
7,-38,
-55,60,
-44,12,
-12,-28,
13,-57,
-43,8,
52,48,
65,101,
41,39,
15,-1,
2,10,
-2,15,
75,7,
54,51,
28,87,
79,64,
25,-19,
-36,-23,
-71,49,
2,73,
-1,21,
3,32,
-68,63,
-114,-2,
-37,11,
-1,40,
22,-35,
-45,-16,
-59,11,
13,2,
8,-85,
-24,2,
-7,-27,
13,45,
68,83,
15,54,
3,33,
0,33,
-43,38,
-7,74,
55,34,
43,23,
-51,12,
-51,46,
-24,11,
12,39,
38,67,
-42,48,
-91,18,
-46,89,
-50,22,
-25,-65,
2,-34,
-25,15,
-18,144,
17,77,
23,47,
-27,8,
-141,15,
-51,40,
-36,-14,
43,-36,
36,-31,
-19,35,
-12,36,
16,43,
62,15,
24,64,
52,35,
58,-8,
-42,4,
17,17,
66,23,
65,41,
47,14,
-40,72,
-10,14,
30,-19,
36,8,
15,0,
10,41,
64,-2,
-24,-20,
5,-69,
-49,-52,
1,-57,
-14,9,
-27,-14,
-102,-33,
-63,-8,
33,-70,
5,-26,
46,-26,
12,20,
-16,70,
13,42,
8,24,
7,-6,
9,-5,
-27,-18,
-54,-39,
-27,80,
-82,-30,
-61,-68,
-2,-13,
-27,-7,
40,50,
3,30,
23,19,
-27,-10,
-14,34,
-99,35,
-95,71,
13,65,
-6,27,
-25,-5,
-45,39,
36,6,
82,17,
-4,57,
-19,-7,
9,-6,
50,32,
-12,49,
-45,42,
-5,3,
87,64,
32,26,
4,47,
18,87,
1,17,
6,32,
5,-5,
4,4,
46,11,
36,120,
40,54,
-1,45,
9,34,
14,-11,
11,50,
-4,25,
-18,52,
41,4,
84,5,
72,14,
70,40,
82,42,
3,-45,
-31,8,
-18,-19,
-43,7,
-1,3,
-46,-21,
-4,41,
-12,83,
38,3,
-48,13,
-70,-65,
-31,-18,
1,-70,
-10,11,
-23,15,
-1,18,
14,-69,
-16,-51,
147,20,
113,97,
103,75,
33,110,
5,61,
-83,38,
-27,40,
-21,-4,
52,-56,
98,-74,
66,24,
32,53,
60,50,
85,-6,
2,-36,
3,-59,
-42,-92,
-43,-11,
44,38,
24,54,
38,-15,
12,-35,
43,-29,
-7,44,
-5,44,
67,50,
14,13,
-55,-7,
35,13,
9,36,
-39,-3,
-210,245,
-1267,1490,
-4546,4501,
-6607,5064,
-7244,3607,
-4262,-364,
-232,-2195,
944,-1050,
482,899,
-358,2509,
-1438,2932,
-2189,1823,
-1626,373,
-424,-116,
221,-48,
375,-58,
519,-350,
883,-684,
662,-473,
72,-86,
-24,-16,
113,363,
355,387,
438,47,
208,-226,
65,-391,
-129,-177,
-61,4,
156,-65,
243,-149,
182,-230,
85,-328,
28,-214,
93,-23,
106,116,
46,12,
20,-71,
86,-267,
152,-327,
150,-296,
108,-242,
148,-245,
150,-45,
181,-20,
205,-78,
205,-106,
75,-202,
67,-175,
-2,-90,
8,-52,
95,58,
41,66,
-6,7,
91,-35,
180,57,
74,75,
81,48,
-53,-28,
-68,18,
-62,61,
42,-24,
75,-101,
129,-39,
235,-67,
185,-20,
90,-29,
-14,23,
61,48,
136,55,
210,-78,
12,-133,
70,-111,
83,-9,
113,111,
176,152,
142,127,
9,63,
-52,-48,
-125,-57,
-34,-61,
86,-67,
166,-107,
97,-154,
-30,-59,
38,-33,
94,65,
114,103,
70,4,
-6,-57,
46,-42,
53,-75,
25,-46,
60,27,
61,-35,
38,-30,
130,48,
69,21,
18,-7,
-6,-16,
-7,62,
29,36,
131,32,
18,-80,
41,-59,
56,26,
68,27,
116,-27,
160,-111,
90,-54,
49,-20,
33,-25,
111,-79,
62,-61,
30,-60,
-16,-69,
-21,-109,
54,-110,
42,-114,
67,-70,
128,-19,
55,15,
19,-32,
8,-96,
85,-138,
45,-89,
53,-56,
23,-15,
26,11,
43,-68,
77,-53,
57,-41,
82,29,
80,64,
140,-4,
151,25,
34,-81,
-23,-38,
37,-82,
61,-64,
160,-7,
168,31,
33,-9,
55,-36,
63,4,
25,-31,
-5,-73,
-25,-53,
13,3,
30,-33,
158,-83,
66,-9,
-10,-21,
14,-15,
101,-101,
13,-52,
83,-68,
73,-61,
156,-10,
98,-15,
62,-23,
-39,4,
00>
_________________________________
00>
00>
Printing STS1 CIR
00>
00>
_________________________________
00>
-2,-8,
-70,4,
-91,-22,
-105,-57,
-16,-46,
62,9,
50,26,
13,14,
-12,-37,
27,23,
12,52,
-30,55,
-56,9,
37,-22,
34,16,
0,67,
-2,-43,
16,-43,
3,-14,
-11,-9,
5,-49,
42,16,
46,-1,
25,-7,
16,-16,
47,23,
87,24,
19,44,
-13,33,
19,38,
1,16,
26,7,
-32,-27,
-77,38,
-29,6,
26,7,
1,19,
87,-42,
-3,43,
41,-28,
24,-53,
23,-29,
-11,-5,
27,1,
14,9,
29,9,
-24,-15,
-7,14,
72,72,
46,20,
8,-7,
2,3,
-51,31,
-23,23,
46,-43,
8,9,
8,-32,
2,-24,
23,-36,
31,45,
39,44,
-35,65,
-14,28,
20,88,
-27,35,
-17,14,
-88,21,
-38,34,
-37,44,
12,-26,
58,30,
77,14,
87,-38,
78,-100,
-19,7,
25,81,
-58,26,
-25,58,
-35,27,
35,20,
32,-6,
-17,-13,
9,-20,
5,-29,
15,-22,
22,-10,
0,27,
-31,39,
-18,-13,
-6,-21,
16,-4,
4,6,
-32,-16,
35,54,
82,40,
24,-8,
-13,1,
-39,10,
-53,15,
17,16,
-27,38,
-32,31,
-79,18,
-26,-9,
9,7,
41,21,
56,62,
-5,20,
-59,29,
10,34,
31,63,
22,29,
42,-8,
9,-51,
19,-3,
15,-11,
-26,59,
30,-26,
14,-27,
-18,-31,
37,-21,
19,44,
-19,75,
-7,53,
-29,-27,
-10,-15,
37,25,
70,8,
77,-71,
108,47,
72,80,
36,33,
-5,37,
-22,25,
-12,18,
-19,-16,
51,-18,
4,-19,
-53,34,
1,4,
2,-17,
-12,11,
24,20,
4,27,
31,37,
52,41,
34,11,
73,-11,
26,-37,
-13,-50,
-90,20,
-59,1,
-44,-6,
27,9,
8,-32,
-21,-42,
-46,44,
-20,61,
11,34,
4,-17,
70,34,
86,43,
50,23,
38,41,
-31,48,
-80,46,
-47,12,
6,19,
38,12,
17,33,
-17,-6,
-56,5,
-10,28,
15,4,
-1,-25,
19,7,
41,76,
80,34,
101,35,
152,66,
67,8,
25,-20,
-11,50,
8,33,
17,-3,
6,6,
3,28,
4,16,
22,9,
19,45,
25,12,
0,-20,
1,43,
12,78,
5,-2,
60,-47,
8,-63,
9,4,
49,29,
63,24,
20,17,
41,73,
20,34,
88,-24,
32,14,
-22,12,
-33,-56,
9,-56,
16,-23,
6,45,
19,34,
-9,-6,
46,26,
79,28,
67,75,
-20,-8,
-1,10,
96,55,
33,63,
31,63,
10,25,
-15,42,
-17,22,
11,76,
53,55,
2,39,
31,72,
108,38,
38,-27,
-25,-76,
-17,14,
29,-2,
45,0,
95,-83,
44,-41,
-50,-6,
-26,64,
30,12,
14,8,
-22,-19,
-23,37,
-2,38,
41,34,
4,35,
-19,57,
-18,-12,
16,71,
6,13,
11,-1,
-26,-2,
-34,14,
53,-3,
13,-1,
33,-78,
28,-59,
1,8,
-46,148,
-87,41,
-1,19,
-39,6,
19,0,
55,8,
51,28,
61,13,
54,3,
22,-18,
18,86,
13,62,
0,19,
60,25,
58,44,
19,4,
26,52,
63,73,
52,45,
73,12,
19,-15,
46,25,
56,5,
59,22,
31,57,
18,-32,
19,-85,
30,7,
24,15,
9,43,
-6,18,
35,-9,
-14,51,
-9,17,
-8,-5,
25,4,
35,5,
27,-9,
32,28,
10,23,
42,18,
58,10,
-34,-11,
25,47,
82,0,
19,-25,
9,66,
38,68,
77,60,
89,103,
59,87,
-14,54,
-68,60,
19,26,
54,-11,
11,-10,
10,-13,
-4,-19,
-46,5,
-36,56,
-15,82,
-15,59,
24,15,
24,-9,
14,-17,
-30,65,
53,43,
15,16,
-42,-2,
22,1,
21,22,
72,62,
42,17,
19,14,
36,-18,
67,34,
105,-1,
76,49,
-11,0,
-18,-28,
-24,-84,
8,-43,
-54,6,
-68,-29,
-24,-69,
79,38,
29,74,
5,79,
-29,52,
-28,96,
-29,61,
27,26,
31,60,
44,-14,
-17,-25,
-125,458,
-551,2947,
-1655,7271,
-2309,7881,
-2957,7489,
-1441,1743,
232,-2044,
700,-1361,
434,-91,
415,-721,
683,-2150,
860,-2341,
817,-1085,
401,-45,
-50,244,
-469,90,
-728,-154,
-736,-274,
-307,-57,
107,89,
293,298,
122,548,
165,452,
245,19,
257,-366,
159,-564,
26,-487,
-76,-123,
-88,139,
-58,156,
34,28,
141,-175,
131,-381,
119,-394,
80,-25,
5,10,
-19,-28,
90,-239,
317,-269,
427,-140,
329,-63,
152,-5,
-27,-110,
-62,-207,
49,-243,
93,-113,
18,-16,
-153,117,
-169,206,
31,231,
325,189,
298,87,
215,15,
102,-35,
11,-1,
-24,47,
77,-15,
109,-56,
134,-101,
79,-191,
-19,-139,
5,-124,
63,-92,
132,-57,
94,-78,
31,-47,
37,-40,
77,1,
163,51,
239,-63,
190,-162,
27,-136,
-111,-58,
-96,34,
-43,72,
-21,65,
-65,-19,
-63,-4,
-129,-82,
-99,-99,
-84,-144,
61,-144,
61,-41,
-28,-12,
5,-48,
22,-67,
59,-49,
101,-64,
93,-119,
53,-90,
11,-103,
-5,-98,
30,-100,
45,-94,
-21,-46,
31,-39,
86,-58,
63,-59,
1,-12,
-21,-23,
-113,-87,
-9,-71,
27,-73,
68,-66,
-4,-32,
34,7,
10,-18,
86,-87,
48,-97,
54,-14,
13,-43,
23,-95,
3,-82,
9,-95,
33,-15,
80,-14,
59,-4,
47,-88,
0,-134,
-6,-92,
60,-44,
58,-11,
66,-70,
67,-114,
40,-104,
23,-29,
-53,6,
-47,-18,
60,-62,
60,-114,
-20,-9,
-16,33,
34,-18,
128,-125,
138,-113,
76,-61,
61,4,
82,-15,
92,-19,
82,-64,
84,-72,
16,-85,
-16,-97,
46,-3,
25,-62,
-22,-145,
-41,-63,
4,-16,
2,31,
-29,75,
11,-21,
43,-82,
11,-54,
18,-92,
-18,-46,
51,-30,
-21,-8,
47,-22,
14,-37,
17,-60,
12,-83,
00>
_________________________________
00>
_________________________________
Sequence Number: 84
00>
00>
Printing STS0 CIR
00>
00>
_________________________________
00>
-18,33,
5,25,
-1,12,
85,58,
70,14,
1,62,
-23,9,
-5,27,
51,-8,
21,13,
4,46,
-2,60,
33,70,
25,0,
-41,-89,
-60,-65,
2,51,
21,44,
45,39,
-7,-3,
-60,26,
-36,45,
-30,-7,
0,36,
-48,19,
43,38,
41,-15,
16,-69,
44,-3,
65,41,
69,3,
70,63,
14,71,
-56,54,
-39,-16,
24,34,
-23,30,
15,9,
-32,13,
-6,-20,
-4,22,
19,65,
-1,23,
37,44,
74,27,
-5,21,
59,-4,
6,22,
-15,25,
31,10,
1,40,
27,-15,
65,16,
39,9,
59,10,
2,20,
46,-22,
79,68,
69,73,
23,22,
-48,-61,
3,-78,
3,-33,
-29,1,
-42,5,
-63,-5,
-10,-6,
1,-6,
-12,-34,
13,42,
59,38,
-24,21,
-53,9,
21,42,
106,-13,
59,6,
13,20,
6,15,
47,29,
17,2,
49,-46,
19,39,
12,23,
1,44,
13,4,
-76,2,
-27,-52,
-3,23,
43,-1,
9,52,
12,8,
8,-25,
0,0,
-67,27,
-132,28,
0,49,
-20,19,
-20,68,
11,50,
-26,6,
-72,49,
5,70,
38,39,
27,5,
-33,-95,
23,-11,
-27,-11,
-6,-8,
64,-4,
1,-41,
-23,2,
14,54,
9,92,
59,43,
-49,-3,
-39,-33,
-4,23,
-58,-55,
-45,-56,
-8,-23,
27,-11,
-12,42,
2,82,
19,33,
-19,9,
-53,87,
-54,54,
0,65,
54,42,
17,-33,
22,-21,
-9,-43,
-14,5,
48,46,
28,97,
-4,44,
-13,73,
-26,-4,
0,-56,
-88,1,
-71,-13,
-7,70,
1,-4,
-3,-29,
16,-3,
-38,43,
-23,45,
-19,67,
-1,42,
63,47,
37,45,
20,29,
45,0,
38,26,
56,46,
30,27,
5,20,
41,39,
13,-40,
-10,-44,
36,-12,
29,23,
-24,63,
-40,9,
-12,-4,
-70,-38,
-67,-32,
-47,-15,
-31,7,
-18,62,
-56,36,
-48,75,
5,19,
-19,-1,
13,58,
56,48,
-8,-13,
-48,60,
-27,22,
51,26,
40,22,
-30,59,
-74,48,
-31,-3,
-18,-15,
10,61,
-5,11,
-37,35,
-21,53,
-18,-30,
52,33,
110,47,
42,88,
-10,-2,
-24,-11,
-15,34,
10,-17,
17,47,
-9,8,
-65,-100,
-29,-35,
9,61,
13,59,
23,27,
-34,-44,
5,-7,
-5,88,
-54,-36,
-96,-59,
-26,-10,
26,43,
55,6,
58,-79,
58,-11,
91,23,
105,35,
59,-10,
7,-92,
-32,-54,
-28,-35,
-16,9,
4,0,
4,-43,
17,8,
-8,83,
0,30,
-10,60,
-12,21,
-60,-21,
-26,-59,
-89,-55,
-107,-13,
-19,-45,
-7,-23,
10,-9,
-26,19,
41,22,
16,32,
-56,81,
-21,50,
31,31,
29,-44,
-53,-51,
-13,-17,
34,10,
17,-30,
5,-50,
51,1,
4,1,
-8,-13,
-52,7,
11,1,
-4,-36,
-55,-4,
-12,-36,
11,-11,
24,-12,
24,-9,
33,3,
34,51,
69,18,
19,-39,
-57,-41,
-107,-64,
19,-28,
39,-59,
77,-23,
6,60,
-55,-10,
-60,0,
4,-6,
18,33,
-51,21,
-24,58,
-36,117,
0,40,
13,-23,
33,-4,
-10,61,
15,-12,
-52,27,
-73,-34,
-28,-38,
-81,-35,
-6,56,
10,81,
17,-21,
100,-16,
83,12,
-10,48,
-10,-12,
-32,-34,
21,17,
-30,-1,
-41,70,
-22,12,
14,10,
2,-28,
-32,-50,
59,23,
49,67,
-26,30,
-7,15,
0,-1,
-3,34,
-9,-20,
-21,-11,
-44,-32,
-38,-27,
0,42,
-17,-13,
47,-4,
9,-51,
18,16,
47,-43,
-57,2,
11,36,
20,22,
4,-18,
25,81,
35,-19,
5,1,
10,43,
29,-7,
23,23,
0,19,
-9,-46,
2,-14,
-31,-10,
19,5,
4,-25,
-20,-21,
-43,-9,
-23,19,
6,15,
27,-2,
4,-7,
-10,0,
45,49,
39,19,
-17,18,
-37,-23,
30,38,
31,-5,
28,10,
-59,-10,
-12,-17,
-32,-10,
6,13,
-31,35,
-37,14,
34,-22,
-14,25,
9,20,
74,4,
93,13,
270,-583,
1712,-2943,
4377,-5824,
5521,-5601,
4117,-2167,
642,1827,
-1008,2552,
-1168,1052,
-2390,90,
-4701,-799,
-5214,-2634,
-2866,-3731,
-147,-2322,
562,-242,
135,557,
24,234,
471,-61,
899,-284,
474,136,
100,125,
-168,134,
-12,-103,
89,-158,
-55,-6,
-211,59,
-143,101,
-34,81,
48,-79,
190,-389,
240,-460,
194,-389,
70,-97,
25,136,
30,248,
81,93,
132,37,
225,48,
180,127,
24,45,
-118,-122,
-180,-196,
-191,-156,
-155,93,
-109,111,
-156,74,
-194,-4,
-79,-10,
85,3,
94,24,
-28,-110,
-195,-94,
-182,-56,
-99,-1,
-99,78,
-130,187,
-135,243,
-179,290,
-295,230,
-264,127,
-180,36,
-73,92,
-127,90,
-193,82,
-92,87,
-64,116,
-122,233,
-86,137,
15,103,
10,71,
-85,95,
-95,129,
46,81,
117,12,
196,14,
118,71,
17,142,
55,259,
59,343,
26,348,
55,227,
32,155,
-4,128,
-19,9,
-52,-31,
46,-60,
72,9,
45,30,
-7,90,
-45,69,
-15,103,
10,140,
-3,165,
45,84,
-15,116,
-21,30,
-5,-3,
11,-4,
44,99,
44,107,
29,26,
-33,-30,
-30,27,
-91,65,
28,152,
100,112,
94,137,
82,152,
47,130,
10,104,
-32,87,
5,84,
-34,16,
-23,34,
-7,74,
82,117,
34,62,
79,102,
22,93,
0,77,
-13,17,
-32,5,
-99,59,
-59,-30,
-68,-13,
-14,76,
126,42,
26,73,
-10,72,
-14,125,
12,132,
-43,45,
-15,26,
-19,10,
-34,-6,
-98,68,
-81,136,
-52,128,
-24,86,
-8,86,
15,41,
7,125,
-27,83,
23,120,
-4,99,
55,91,
27,41,
-4,-3,
56,82,
6,68,
29,8,
17,97,
-45,40,
-23,129,
39,68,
-5,22,
78,38,
00>
_________________________________
00>
00>
Printing STS1 CIR
00>
00>
_________________________________
00>
-23,24,
-3,-14,
78,69,
36,16,
68,-42,
41,91,
78,55,
51,73,
-23,15,
-27,-52,
0,-54,
-45,-34,
-1,-37,
-16,41,
-64,45,
-58,121,
-43,71,
-66,-2,
-2,-97,
-17,-58,
-15,4,
10,21,
-18,55,
-25,37,
-69,85,
-6,53,
-4,-1,
39,41,
13,-25,
-16,-13,
32,-14,
-7,79,
-17,32,
-43,-58,
-25,8,
-45,-8,
-35,-2,
9,-38,
14,-2,
-20,-41,
-42,-39,
-47,13,
-1,55,
-26,51,
-54,25,
-11,27,
18,4,
-20,12,
22,-33,
20,31,
27,18,
-12,0,
15,-39,
90,-52,
54,-28,
24,-8,
23,7,
24,73,
-38,41,
-3,-14,
-28,49,
-42,28,
-6,50,
-29,111,
21,-44,
-12,-82,
-21,-46,
-24,13,
40,-3,
39,24,
0,11,
3,53,
-20,55,
-9,73,
-28,-14,
-32,-13,
-12,-51,
-25,-26,
-84,-3,
-30,63,
-55,57,
32,22,
88,21,
90,10,
42,84,
11,52,
57,26,
118,19,
117,39,
30,-26,
4,-31,
16,12,
35,33,
-65,24,
-5,68,
45,65,
-56,42,
27,-47,
-25,-19,
40,-14,
-36,-19,
31,-10,
-24,11,
-29,53,
20,1,
32,-34,
-46,30,
-81,31,
-59,-8,
-17,-42,
-19,12,
-77,24,
-82,-33,
45,-46,
36,-26,
11,-12,
-23,-32,
-44,-22,
11,3,
43,8,
42,28,
28,-19,
22,-16,
-39,-22,
-39,44,
23,34,
32,80,
-73,-11,
1,-23,
-8,-40,
17,-37,
-32,-51,
-19,7,
-55,101,
-105,41,
-126,2,
-12,-15,
37,-53,
36,-6,
32,-5,
-51,22,
-20,27,
56,-13,
63,-35,
41,51,
16,0,
41,17,
35,-38,
8,63,
52,1,
46,28,
1,34,
18,39,
-73,2,
-59,61,
11,22,
47,61,
48,83,
80,104,
65,21,
34,67,
-19,-15,
-64,50,
6,52,
21,3,
-4,100,
7,57,
18,16,
3,-50,
42,-56,
23,57,
20,20,
-41,25,
17,-44,
55,-90,
62,-24,
-9,29,
-39,42,
-9,3,
-4,-23,
-67,60,
-78,52,
-45,27,
-28,12,
47,-46,
4,59,
19,80,
23,67,
12,2,
-5,-28,
47,45,
49,14,
-8,-33,
-34,2,
-54,23,
-79,46,
22,24,
114,38,
145,-8,
90,6,
-48,53,
-44,33,
-23,59,
-25,9,
9,-13,
31,-47,
19,-61,
-13,-4,
-54,49,
-12,94,
33,1,
27,5,
-87,28,
-11,8,
52,34,
6,66,
20,38,
36,13,
40,-48,
-51,14,
1,-17,
-23,-54,
-64,-22,
-69,-3,
-33,-26,
4,5,
-11,0,
-38,66,
-13,10,
-39,28,
-52,3,
12,-11,
-10,34,
2,-22,
-5,-20,
-49,-22,
-36,-8,
-13,24,
48,-3,
20,20,
-6,49,
-19,16,
-53,44,
31,-14,
-1,-21,
-1,26,
63,34,
30,2,
47,-58,
33,-16,
-17,42,
-30,70,
8,5,
9,42,
28,46,
26,44,
-35,28,
-24,61,
-15,-53,
-45,-53,
-40,-33,
-66,57,
-101,-6,
9,-34,
-14,9,
-54,-36,
19,12,
3,-9,
36,29,
24,-15,
-39,-33,
-12,-22,
-32,-4,
17,-13,
36,-7,
9,39,
-30,-38,
-39,-54,
-19,10,
-33,-16,
-37,100,
-8,90,
-23,28,
-1,19,
25,36,
24,82,
24,7,
31,-14,
-34,-9,
-46,41,
-53,62,
-52,18,
18,6,
25,-31,
17,-12,
-43,-8,
-78,35,
-41,43,
-44,-3,
-1,-17,
-44,-2,
-25,-23,
22,-69,
73,3,
3,22,
-17,64,
-63,49,
1,19,
-12,3,
-21,4,
-8,28,
43,-27,
11,38,
-1,-29,
-4,-23,
50,-22,
11,33,
-22,-4,
2,56,
-28,94,
-71,-20,
50,75,
48,52,
-14,11,
13,53,
-82,20,
-13,24,
-82,-1,
-21,-27,
-60,-15,
26,30,
-14,28,
-9,35,
-25,31,
-47,91,
44,-52,
14,-10,
63,45,
8,17,
-12,-9,
-6,27,
-10,27,
-64,30,
-76,41,
-79,-78,
18,-49,
81,-27,
26,-32,
-56,-7,
0,-21,
-11,10,
-60,50,
-23,24,
-25,35,
-78,-15,
-126,-96,
-212,-1051,
-279,-4970,
-113,-7892,
556,-7935,
1078,-3120,
916,2365,
708,2756,
413,151,
708,-1445,
1911,-1233,
3021,-183,
2511,792,
799,762,
-170,265,
-309,-134,
-314,-148,
-616,-47,
-974,-140,
-700,-37,
-143,127,
148,366,
215,-7,
-35,-131,
-203,100,
-343,372,
-361,360,
-297,69,
-316,-80,
-301,110,
-429,365,
-393,362,
-280,188,
-74,85,
-74,106,
-49,24,
16,33,
118,-26,
60,78,
-121,198,
-170,298,
-41,436,
77,374,
171,329,
-22,238,
-119,154,
-121,33,
4,109,
-46,147,
-156,147,
-274,20,
-172,-87,
-50,-35,
63,0,
87,102,
55,149,
48,212,
42,199,
-58,222,
-17,119,
-8,90,
46,141,
55,203,
5,185,
-115,155,
-213,185,
-287,233,
-126,30,
-36,-45,
-37,-2,
-194,53,
-182,85,
-101,90,
-42,61,
85,156,
133,261,
44,285,
-15,263,
57,258,
60,166,
59,121,
-2,103,
-56,197,
-30,77,
27,33,
-19,102,
1,134,
7,215,
-43,68,
-42,-2,
12,-87,
26,-83,
88,-1,
33,87,
12,81,
37,49,
25,10,
58,9,
143,112,
126,94,
74,45,
-65,44,
-75,41,
-34,82,
58,36,
95,-5,
42,31,
17,42,
-25,4,
-92,-21,
-68,-1,
-89,34,
-46,19,
18,20,
-35,41,
-2,8,
-29,34,
-58,78,
-57,57,
-105,107,
-88,-8,
-49,3,
-80,22,
-120,-19,
-64,-37,
-16,13,
-62,53,
-87,67,
-92,64,
-10,76,
34,28,
-44,53,
-42,37,
-41,60,
-31,66,
5,23,
30,-38,
-12,89,
-40,8,
-26,45,
7,123,
93,120,
68,49,
-13,22,
18,8,
-25,44,
14,105,
-34,90,
61,107,
-18,54,
-41,16,
-34,17,
-1,69,
47,70,
11,-4,
-5,4,
8,54,
00>
_________________________________
00>
RX Timestamp: 648590008383
00>
Clock Offset: 1617.908 Hz, -0.203 ppm
00>
RX Timestamp: 649660087661
00>
Clock Offset: 2320.862 Hz, -0.291 ppm
00>
_________________________________
Sequence Number: 218
00>
00>
Printing STS0 CIR
00>
00>
_________________________________
00>
32,1,
25,17,
-1,-16,
-34,-9,
-30,10,
-50,-38,
6,-50,
-27,37,
-45,-7,
-54,-29,
-48,-95,
10,-48,
29,4,
22,39,
-51,56,
-62,-41,
-17,-74,
15,-69,
14,19,
-35,60,
33,32,
-5,15,
-33,-7,
-53,0,
-45,5,
-19,50,
8,17,
-53,3,
32,-9,
17,-21,
63,-21,
33,10,
-9,-4,
2,-26,
17,-11,
26,-14,
18,-74,
-17,24,
16,17,
18,18,
105,-27,
-22,-23,
-23,7,
17,9,
6,-8,
6,19,
0,-13,
-48,-31,
-42,-19,
-50,12,
-77,72,
-23,54,
8,-25,
-54,-34,
11,-21,
-66,-75,
-36,-149,
71,-123,
79,-77,
86,35,
31,51,
14,41,
-21,-74,
-1,-49,
-15,10,
-48,109,
-117,41,
17,-34,
80,-4,
86,-20,
11,8,
13,-8,
-30,-27,
51,-62,
60,-29,
41,39,
2,67,
-14,15,
27,38,
-43,28,
-43,20,
-105,53,
-9,89,
-7,36,
-30,-37,
24,5,
29,18,
12,20,
17,69,
-34,29,
-1,-76,
-37,-80,
20,9,
-64,73,
-14,71,
-32,58,
-118,-44,
-122,-94,
-15,-101,
41,-102,
18,-30,
49,45,
-32,66,
-71,38,
-6,14,
19,-34,
40,-22,
-2,-40,
-48,-8,
10,58,
-1,15,
36,-5,
-9,36,
-47,77,
-100,62,
-14,0,
35,-9,
-19,-49,
-43,-2,
-28,23,
-13,61,
-13,33,
-31,23,
-10,52,
33,-25,
51,31,
-24,19,
-33,-7,
-23,60,
43,58,
97,-26,
-15,24,
20,-1,
26,-32,
19,-28,
-73,-37,
2,-42,
54,-17,
28,-42,
-26,-20,
4,-20,
-37,0,
-16,0,
-28,-29,
-23,-59,
58,75,
-8,40,
-48,27,
-28,1,
-29,-35,
-15,3,
-94,3,
-82,-2,
6,-9,
-4,-36,
-35,56,
-72,56,
-78,-8,
-49,-13,
-29,32,
44,-31,
40,40,
1,-25,
20,-21,
39,3,
8,-31,
29,-12,
-25,10,
45,42,
87,-38,
7,-14,
-43,-38,
0,-18,
-13,53,
68,22,
37,44,
-16,55,
-52,27,
-19,-16,
35,2,
74,9,
20,16,
-18,12,
1,-28,
-39,-78,
-15,-69,
-8,-30,
-19,8,
-16,4,
-21,65,
-46,20,
-48,-12,
-55,17,
-73,0,
-18,26,
-19,-70,
-33,-44,
-24,-3,
14,67,
-24,47,
-85,-9,
10,-62,
96,-78,
15,7,
22,10,
-14,33,
-9,20,
29,32,
2,27,
-90,47,
-161,-17,
-68,32,
-64,6,
-55,-19,
13,17,
32,-7,
2,-11,
10,48,
0,16,
35,1,
17,-4,
50,-23,
56,4,
-7,-20,
69,24,
88,28,
55,64,
-29,21,
-5,-31,
10,-53,
-9,13,
-38,12,
39,23,
12,-38,
41,-78,
31,-39,
-33,-37,
-13,49,
-54,53,
-12,-43,
26,-37,
-16,-8,
-59,39,
-68,30,
-15,19,
-19,-9,
-3,16,
-40,48,
-11,-26,
17,-53,
-8,1,
-33,-35,
3,-24,
57,-43,
11,-9,
-61,14,
-31,-1,
39,31,
-35,-41,
-87,-28,
-20,-30,
55,-20,
39,3,
18,-37,
-16,-59,
-58,13,
-24,-3,
-5,82,
12,-20,
-31,-64,
41,-48,
99,-74,
58,19,
69,19,
58,103,
51,25,
55,-1,
-3,-16,
2,34,
17,49,
-16,-41,
-47,-39,
23,-9,
-19,-6,
17,-35,
-32,19,
-17,-18,
-23,-38,
-16,29,
22,21,
-82,2,
9,0,
0,6,
-7,-12,
-39,10,
0,18,
24,70,
35,48,
-55,14,
-61,-9,
-30,-17,
-50,32,
4,42,
23,-21,
-70,41,
-48,65,
5,81,
43,26,
10,-7,
-33,-10,
20,19,
-24,-27,
-62,-30,
34,3,
-25,-4,
49,19,
36,-48,
15,24,
-9,39,
-34,27,
12,-53,
-55,-12,
-88,-33,
-11,26,
16,-1,
11,59,
-4,34,
3,-50,
27,-9,
-2,10,
-39,55,
-12,31,
-14,-3,
-8,-4,
-2,9,
79,27,
111,-30,
60,-5,
20,117,
-32,19,
-13,-1,
-15,-17,
37,9,
-24,70,
-42,59,
-6,-7,
-16,-8,
-30,46,
-49,105,
-5,105,
-44,68,
23,-12,
-68,3,
15,30,
11,33,
-20,31,
-24,4,
-2,23,
77,-22,
573,-31,
3299,357,
7056,1666,
7414,2748,
4089,3159,
-1508,1375,
-3061,146,
-1514,-469,
-1045,-1683,
-1430,-4185,
141,-5721,
2467,-4562,
2461,-1495,
665,228,
-272,465,
-19,294,
512,380,
496,665,
-18,522,
-148,223,
-226,-44,
52,-7,
165,79,
53,-14,
-104,-193,
-149,-171,
-71,-68,
93,11,
417,-48,
498,52,
466,138,
152,74,
-37,14,
-127,85,
-79,161,
-71,169,
2,242,
-108,150,
-162,35,
53,-91,
206,-195,
193,-256,
-81,-189,
-178,-124,
-140,-204,
-42,-193,
34,-131,
52,68,
17,131,
-10,-9,
31,-173,
48,-204,
-32,-112,
-106,-40,
-128,-44,
-197,-25,
-240,0,
-282,-117,
-209,-283,
-121,-241,
-122,-114,
-158,-32,
-162,-6,
-129,-36,
-148,-46,
-241,32,
-142,161,
-34,132,
-59,23,
-163,-33,
-273,-94,
-94,-23,
48,73,
35,143,
20,216,
-66,329,
-219,283,
-235,181,
-277,191,
-187,189,
-151,73,
-129,-21,
-54,-16,
-21,-9,
73,77,
74,51,
32,104,
-76,56,
-118,49,
-93,-4,
-28,18,
-13,88,
-69,99,
-74,50,
-35,66,
-61,-27,
-53,36,
11,54,
21,72,
-44,46,
-19,-34,
-25,-115,
-85,-51,
-102,57,
-48,124,
-7,208,
5,164,
-126,106,
-72,24,
-77,3,
-50,47,
-71,34,
-41,-10,
-95,6,
-17,16,
-59,53,
-90,-31,
-91,39,
-125,-32,
-110,-52,
-43,-35,
-105,-42,
-51,-89,
-20,-71,
-62,-15,
8,26,
-108,88,
-104,36,
-26,37,
-9,91,
-30,39,
-8,18,
25,-12,
-25,-2,
-43,23,
-122,47,
-68,4,
-147,39,
38,41,
32,27,
-15,15,
-67,-15,
-49,29,
-31,54,
-76,-6,
-87,7,
-57,77,
-5,62,
-39,37,
15,-49,
-43,-2,
-10,53,
8,28,
00>
_________________________________
00>
00>
Printing STS1 CIR
00>
00>
_________________________________
00>
79,37,
98,5,
0,50,
-7,41,
-12,-6,
34,13,
-1,8,
20,22,
16,57,
-5,-10,
-29,-23,
-1,-16,
-29,-17,
-8,-29,
15,-2,
19,114,
-10,-12,
-22,-30,
56,-76,
31,27,
-1,-21,
-89,6,
18,-2,
-17,-18,
64,-41,
4,-7,
-2,45,
-26,-5,
21,-47,
20,26,
-40,14,
-35,-13,
-19,4,
-2,-55,
36,-1,
-10,-14,
26,33,
41,53,
-6,0,
20,31,
-27,57,
-66,-9,
-20,-13,
31,-31,
32,-12,
29,-5,
-9,-10,
5,11,
-40,18,
74,38,
111,-15,
84,-12,
10,58,
17,-4,
32,14,
-20,99,
-15,32,
6,-45,
1,-42,
-60,21,
-30,77,
-7,-3,
39,-5,
5,-2,
-8,-35,
14,-110,
-13,8,
27,25,
14,-50,
9,-14,
-36,27,
-20,-7,
24,-74,
32,-91,
7,-66,
-26,14,
36,42,
-25,39,
12,14,
1,76,
29,11,
33,-27,
27,17,
35,45,
43,54,
10,-4,
14,10,
-10,25,
-18,-12,
-1,38,
9,22,
-25,-21,
-51,-19,
-18,42,
67,34,
-45,3,
-49,-43,
28,-22,
54,43,
17,-53,
8,40,
23,54,
46,45,
21,19,
60,16,
19,45,
-4,-11,
-77,71,
6,46,
8,7,
20,35,
41,10,
-25,-2,
-2,49,
29,20,
6,96,
-32,81,
11,46,
30,-10,
90,6,
31,16,
55,58,
36,6,
34,17,
-26,5,
-28,29,
-42,8,
-24,9,
42,50,
10,-22,
22,-18,
33,45,
32,23,
20,-3,
20,-28,
74,-62,
-4,-77,
-15,-113,
-44,-79,
-57,-47,
19,-24,
69,32,
-3,6,
-14,3,
0,41,
29,95,
73,37,
48,16,
32,32,
-17,58,
-64,51,
-20,-24,
-12,-26,
-58,41,
-60,19,
-37,15,
-1,22,
27,77,
39,15,
-7,-27,
36,-16,
100,3,
17,-41,
3,-61,
-1,-32,
24,22,
15,-27,
0,29,
46,15,
-16,8,
7,-55,
-10,-46,
18,4,
15,-24,
14,9,
35,-26,
59,-18,
22,16,
-20,77,
44,70,
64,-8,
37,-32,
-16,-5,
-60,42,
-68,34,
-1,13,
39,89,
-62,64,
-68,1,
1,8,
16,38,
20,-8,
-29,29,
-31,10,
39,-38,
-47,20,
-14,-1,
-22,10,
19,92,
100,94,
96,115,
23,134,
13,78,
-27,18,
-12,49,
52,92,
25,-44,
46,49,
50,38,
55,39,
-25,20,
6,95,
-6,29,
57,-16,
-19,44,
-70,14,
54,2,
37,-5,
-7,34,
26,28,
-38,-45,
35,-21,
23,-34,
27,1,
-13,1,
-50,-36,
-33,-22,
-19,25,
-30,30,
8,-29,
-53,-61,
-71,13,
-78,-49,
-67,-4,
-63,-6,
-73,69,
25,75,
-16,52,
8,30,
14,-7,
81,-44,
94,-92,
-18,-11,
-26,152,
7,79,
-21,46,
-66,6,
-40,-4,
9,27,
-27,18,
-6,54,
-4,47,
43,46,
25,1,
61,-60,
13,-10,
28,40,
103,62,
32,33,
-22,21,
-19,33,
7,23,
53,30,
-3,-13,
35,50,
60,27,
12,30,
89,50,
57,84,
-11,110,
-5,6,
50,22,
-5,68,
-75,53,
18,14,
-4,-10,
15,45,
-8,71,
-9,34,
29,-40,
30,-89,
4,-46,
44,-74,
46,-55,
13,87,
-7,65,
15,50,
32,47,
-32,13,
10,-44,
79,-61,
97,15,
59,26,
-29,45,
-21,26,
25,32,
61,48,
19,44,
1,95,
44,153,
21,-26,
18,-39,
38,-54,
2,44,
-13,19,
10,21,
-2,-11,
-41,-40,
5,-35,
-12,-18,
-22,23,
29,5,
75,-41,
41,17,
10,-14,
-78,-55,
-34,32,
-28,64,
-26,-5,
-15,-66,
25,12,
12,4,
35,-17,
-14,67,
-10,79,
70,7,
15,29,
10,11,
-8,65,
83,2,
75,-4,
86,4,
-5,35,
5,42,
-68,25,
-14,11,
-2,57,
-23,79,
-14,-3,
6,-21,
21,35,
38,72,
18,-8,
-8,-64,
9,-89,
6,-18,
11,-44,
22,-91,
14,-18,
44,31,
54,26,
-12,-58,
-1,-4,
52,16,
22,-12,
30,-22,
37,-27,
-6,20,
28,-61,
529,-611,
3289,-2167,
7074,-3194,
7711,-2579,
4950,-290,
-610,1823,
-2413,1912,
-566,498,
1145,9,
1878,1217,
1391,2863,
377,2920,
-316,1412,
-258,40,
9,-352,
62,-304,
-85,-626,
-202,-1137,
-301,-719,
-150,-78,
-203,308,
91,134,
302,-217,
39,-197,
-263,-173,
-365,-123,
-215,-158,
-103,-268,
-76,-315,
-280,-321,
-373,-224,
-276,-132,
-157,-28,
-162,-61,
-148,-83,
-70,-5,
-107,113,
-63,19,
-228,3,
-304,-2,
-391,2,
-354,151,
-186,215,
-163,57,
-181,-94,
-135,-120,
-125,-44,
-99,-12,
-95,-61,
-77,-168,
17,-148,
31,-87,
48,79,
29,74,
-104,52,
-151,83,
-103,124,
-107,246,
-99,59,
3,74,
-6,71,
-75,121,
-164,83,
-222,-85,
-239,-135,
-244,-110,
-37,21,
-9,16,
9,-23,
3,-187,
-45,-239,
-89,-43,
-24,45,
-32,269,
-121,257,
-190,208,
-231,169,
-189,134,
-99,75,
-161,42,
-98,76,
-135,49,
-27,22,
1,31,
-95,58,
-76,82,
-18,-2,
9,-40,
5,-99,
98,-78,
91,48,
1,141,
-49,112,
11,10,
4,35,
-52,83,
-35,21,
-50,62,
-20,55,
-12,-4,
-53,-87,
-19,-73,
-29,33,
21,55,
-15,16,
-72,-10,
22,3,
-29,75,
-35,-9,
5,-58,
-41,-51,
-83,-74,
-12,-94,
-57,-45,
-41,-109,
-4,-50,
-71,-37,
-68,8,
6,-23,
-47,-2,
-58,-47,
-49,-116,
-22,-122,
-10,-21,
-33,-45,
-27,-22,
-32,-45,
-50,-23,
-79,-61,
-99,26,
-67,-77,
-36,-87,
-36,-75,
43,7,
-28,-37,
-9,-36,
-22,36,
19,13,
-54,-13,
-23,-40,
-51,53,
-98,28,
-81,14,
-28,-9,
-5,41,
-21,48,
-43,-22,
-18,-15,
-50,14,
-85,-4,
-70,54,
-59,68,
-72,58,
00>
_________________________________
00>
_________________________________
Sequence Number: 221
00>
00>
Printing STS0 CIR
00>
00>
_________________________________
00>
-4,-6,
-36,-47,
-12,-38,
37,48,
18,-21,
-41,17,
5,18,
-7,11,
38,45,
29,-9,
78,5,
50,-46,
26,10,
31,17,
33,12,
-16,-16,
27,-1,
33,30,
15,-48,
-5,-27,
-65,-12,
-71,-53,
25,-12,
-17,-36,
3,-69,
-20,-1,
42,54,
59,44,
20,29,
78,33,
121,45,
64,-25,
47,25,
32,13,
15,20,
-33,45,
16,53,
-11,10,
-44,8,
-61,7,
-61,7,
23,1,
26,37,
24,40,
-14,-3,
16,-23,
-39,-43,
38,-116,
22,-5,
5,73,
69,41,
75,-65,
25,-64,
8,-54,
52,17,
10,9,
-69,1,
24,36,
41,25,
16,24,
50,-13,
27,-53,
28,11,
54,21,
-16,13,
-44,-15,
13,1,
28,-42,
-10,-75,
15,-67,
-9,-10,
56,40,
0,-20,
0,28,
-12,-32,
62,5,
1,44,
-47,0,
-41,8,
-28,40,
22,35,
7,9,
-21,11,
-45,15,
10,-50,
46,24,
46,2,
1,-29,
3,-11,
-3,-15,
18,-15,
38,-26,
16,-24,
44,-43,
20,51,
43,16,
48,-3,
37,6,
-9,-44,
10,-19,
-11,32,
-4,-20,
16,29,
40,23,
0,27,
-73,23,
14,10,
9,41,
-51,-18,
-2,-97,
50,-3,
54,7,
39,56,
0,90,
-1,47,
-29,-34,
-28,-30,
-38,18,
-85,-20,
-77,-2,
-87,28,
-7,67,
51,13,
44,15,
-34,-25,
-70,-19,
-33,23,
-16,12,
-14,18,
12,24,
6,8,
12,23,
12,-16,
-15,3,
-45,-27,
-59,-34,
-71,-32,
-3,-13,
31,33,
-58,18,
-75,63,
-66,9,
-27,3,
64,41,
30,67,
-49,-64,
-15,-39,
-15,42,
-34,31,
45,82,
65,-15,
123,37,
51,69,
-41,10,
-14,-54,
-1,-17,
-17,2,
88,57,
19,39,
62,-9,
101,-13,
34,7,
51,28,
21,23,
26,-2,
28,-80,
72,-4,
16,35,
89,4,
26,10,
24,14,
-18,2,
-17,28,
14,22,
119,-57,
48,-6,
9,27,
30,51,
-35,-6,
-21,-19,
18,70,
-9,61,
28,42,
0,15,
53,86,
51,9,
8,53,
4,-36,
-25,-7,
36,27,
14,-2,
-37,-21,
-14,9,
14,51,
58,31,
18,25,
27,73,
60,-5,
31,-31,
4,-4,
31,21,
24,12,
13,-27,
5,14,
85,31,
-7,-29,
11,25,
17,-4,
4,-1,
-35,27,
-30,6,
12,-36,
16,-17,
-13,-74,
65,-20,
28,-24,
-31,-5,
49,2,
29,36,
-6,70,
-52,-2,
-44,32,
32,21,
38,-3,
21,20,
-17,14,
0,34,
-21,46,
66,83,
-20,61,
-53,-7,
-33,-68,
18,-2,
-9,57,
-41,24,
11,25,
15,-19,
-77,-119,
-23,0,
-51,98,
58,49,
2,-35,
13,-37,
-24,-31,
2,1,
-27,31,
-14,-4,
-28,-43,
-40,1,
18,27,
25,40,
36,8,
17,14,
9,29,
17,-16,
-63,19,
-4,-26,
1,19,
-2,5,
43,-14,
24,-41,
-38,31,
-3,-16,
40,-67,
-22,-70,
-14,-66,
60,49,
55,8,
46,19,
-67,-44,
-7,-35,
18,8,
-20,-68,
22,13,
71,-19,
9,-80,
-55,15,
-61,75,
-11,-57,
59,-20,
156,19,
58,51,
43,26,
21,26,
17,4,
-20,-41,
-12,-93,
31,-60,
-24,-66,
-5,-69,
23,-24,
-25,20,
-72,-11,
-96,-62,
32,-32,
19,-7,
-30,-38,
-50,-51,
-37,20,
-5,70,
-63,-18,
-93,-74,
-64,-112,
-12,-50,
-17,-65,
10,-21,
62,63,
38,11,
-34,-40,
-41,-80,
-46,-24,
-19,-7,
-19,45,
65,14,
60,9,
41,-77,
27,-54,
-2,-19,
-4,-31,
56,-85,
48,-14,
45,26,
42,9,
20,28,
-17,31,
-115,20,
-133,-27,
-132,-31,
-91,28,
36,15,
55,47,
50,28,
-28,39,
-67,91,
-89,38,
-19,-71,
31,-6,
25,12,
19,-22,
12,-25,
-10,-18,
9,3,
-50,16,
-110,-20,
-60,-64,
0,-19,
-21,-4,
67,-12,
-63,-28,
5,-38,
-44,-80,
23,-39,
65,-6,
68,21,
11,10,
37,-170,
-103,-1279,
-75,-5203,
1062,-7902,
2555,-7705,
4057,-4327,
2467,1165,
507,1753,
-956,-74,
-1764,-2066,
-1413,-3133,
-163,-2973,
834,-1761,
817,-444,
250,162,
-14,329,
100,599,
99,971,
-243,1108,
-138,228,
-99,3,
-234,-189,
-512,-163,
-333,135,
-86,401,
110,469,
188,226,
34,-21,
34,123,
-36,319,
68,401,
129,201,
153,161,
43,118,
-94,123,
-67,6,
7,16,
117,139,
112,302,
95,416,
117,341,
64,296,
-25,188,
-114,102,
-122,136,
-80,169,
20,234,
96,260,
122,133,
-2,57,
-91,10,
-117,4,
-125,-54,
-104,71,
15,56,
-91,5,
-50,-13,
-35,-12,
19,38,
-24,-36,
-85,-32,
-53,74,
4,175,
-53,175,
-104,113,
-22,102,
13,93,
-52,23,
-126,-5,
-140,115,
-48,157,
105,103,
33,108,
-93,66,
-158,31,
-185,-46,
-147,-32,
-34,-27,
59,9,
57,23,
-7,105,
-91,152,
-95,131,
21,73,
17,13,
-91,107,
-132,141,
-129,112,
-26,42,
-66,49,
-39,57,
-27,111,
-6,78,
29,6,
49,-35,
-21,32,
15,52,
31,22,
-26,36,
-42,-29,
-45,38,
-28,57,
-60,86,
25,123,
73,63,
32,130,
-17,101,
-36,114,
-30,127,
-23,139,
21,81,
0,94,
-13,122,
-22,81,
-63,125,
-109,55,
-106,5,
-77,86,
-52,65,
23,71,
49,65,
-45,99,
-18,117,
-13,167,
19,60,
-25,41,
-84,95,
-78,73,
22,50,
10,15,
3,94,
-41,-32,
19,-10,
26,154,
-8,116,
18,76,
-38,10,
-22,37,
-6,103,
-26,142,
-13,111,
3,100,
4,89,
15,89,
24,89,
61,82,
66,18,
-64,30,
-132,-46,
-74,14,
-46,14,
14,30,
-35,48,
-29,101,
13,136,
10,123,
-56,120,
00>
_________________________________
00>
00>
Printing STS1 CIR
00>
00>
_________________________________
00>
-45,-20,
12,5,
21,-5,
-15,16,
-25,58,
-24,-43,
-1,-36,
-21,-41,
88,41,
21,7,
35,-28,
7,-70,
14,-8,
-1,49,
-8,32,
-27,4,
-54,43,
-23,50,
-6,10,
-25,-1,
-44,-37,
11,37,
27,13,
46,17,
17,-4,
-16,-21,
-21,44,
-18,7,
10,-36,
8,-61,
6,-43,
19,16,
-11,6,
-11,-14,
39,-51,
-68,-23,
48,56,
37,43,
17,6,
13,3,
-19,46,
24,31,
48,42,
13,32,
-11,19,
30,22,
62,29,
15,1,
-40,-19,
-31,-49,
50,-2,
86,-41,
115,-7,
11,-57,
26,1,
59,-7,
24,39,
-55,-15,
-85,16,
-32,-30,
-41,-25,
3,-15,
31,0,
48,-15,
-14,16,
-34,-12,
-16,-37,
-12,-4,
-22,-39,
-41,-42,
-16,34,
-46,42,
-54,-42,
-54,-51,
15,4,
49,15,
68,-1,
64,27,
99,-25,
39,-28,
31,16,
1,-7,
53,19,
2,4,
-35,-31,
13,46,
-4,0,
26,-27,
16,-54,
2,-14,
-11,-26,
1,51,
35,-18,
31,42,
-6,-11,
-25,-41,
-28,15,
41,38,
-2,-2,
21,5,
-61,-18,
8,-60,
75,-58,
19,-70,
-15,41,
51,59,
47,40,
53,2,
12,-12,
1,8,
-16,-47,
-25,-12,
-18,4,
-6,-6,
41,-6,
14,9,
41,35,
47,113,
-40,118,
-73,94,
25,46,
48,-20,
27,-54,
-12,-59,
-36,-24,
56,6,
6,52,
26,2,
2,2,
-30,-27,
-14,-28,
-25,8,
-10,45,
-44,-13,
17,-1,
23,-26,
25,5,
-18,41,
50,67,
20,14,
-25,-9,
-39,-6,
33,15,
19,25,
-32,18,
-19,58,
-11,15,
27,-39,
60,-91,
-14,-36,
14,23,
0,15,
32,27,
-3,-32,
9,-42,
17,-9,
33,-20,
25,13,
-9,-26,
1,17,
75,-6,
3,-8,
-19,-5,
-38,29,
-17,66,
48,35,
27,-25,
-47,33,
-24,-49,
22,4,
3,20,
16,52,
-48,2,
18,-40,
56,2,
-4,1,
12,-20,
-30,-49,
-58,-15,
-15,-9,
14,-38,
47,3,
22,0,
76,-3,
-43,10,
-2,-3,
-81,78,
-8,4,
33,-21,
-41,22,
-63,-23,
-53,1,
-17,12,
-12,18,
13,-23,
27,5,
16,40,
-41,51,
-44,31,
-52,34,
48,35,
0,-38,
-21,-19,
-21,50,
-26,30,
-27,-1,
-44,-38,
-18,47,
59,34,
6,20,
-22,17,
-64,16,
13,17,
41,-9,
56,10,
63,-30,
-9,15,
-73,1,
32,34,
-25,80,
12,9,
0,-50,
-14,-15,
-58,7,
30,24,
17,-7,
26,-22,
-60,-5,
-90,-26,
0,0,
3,20,
14,-6,
-47,-30,
-30,-41,
10,-53,
24,30,
-20,28,
-12,36,
7,5,
-39,47,
-3,-4,
16,12,
-32,32,
-10,6,
4,-12,
-17,6,
-10,26,
-47,36,
-55,69,
61,-70,
53,-54,
16,37,
-61,-34,
23,-29,
5,3,
-42,-25,
-33,-26,
-22,-8,
22,43,
35,25,
-15,-45,
25,-32,
44,-37,
30,-16,
-6,60,
-1,-17,
-11,12,
-12,-16,
-16,23,
-22,52,
-33,-20,
-57,9,
-125,23,
-82,-1,
-29,-8,
-23,4,
42,-46,
-17,19,
-25,32,
-49,23,
-52,22,
4,17,
15,6,
-22,-25,
-2,-21,
-5,70,
25,27,
-15,-30,
-11,-21,
-56,0,
-5,14,
20,43,
11,57,
-40,-6,
27,-37,
21,-63,
-13,-93,
-28,-69,
15,-6,
32,27,
18,11,
5,24,
37,30,
33,17,
86,30,
-13,21,
10,56,
43,37,
-29,-2,
-87,30,
-41,73,
-81,76,
-64,-6,
20,-30,
56,-28,
51,-1,
66,86,
66,78,
13,47,
6,-12,
29,-19,
34,23,
0,-10,
20,-11,
16,23,
-56,4,
18,-7,
22,4,
81,39,
34,43,
3,38,
33,42,
60,46,
-44,29,
-68,-32,
-18,-12,
32,-38,
2,-12,
-5,-13,
9,12,
-6,4,
86,-54,
90,-68,
70,-35,
49,-2,
14,7,
18,20,
-1,36,
-72,14,
-72,-20,
-10,-28,
79,36,
74,6,
20,28,
-25,3,
-146,-136,
-1061,-1114,
-4248,-4416,
-5573,-6412,
-5114,-6850,
-2412,-4279,
774,343,
1031,1570,
18,665,
-23,487,
867,1284,
1412,1963,
777,1589,
41,775,
-135,11,
202,-322,
567,-473,
768,-464,
481,-383,
17,1,
-213,132,
-522,-38,
-404,-7,
-249,160,
40,350,
315,389,
378,345,
245,99,
17,-104,
-94,-97,
-101,-18,
-12,143,
166,272,
221,302,
125,159,
45,28,
74,12,
146,294,
83,338,
-24,468,
-171,359,
-65,158,
47,-51,
232,-131,
186,-35,
150,68,
43,52,
-35,-3,
-81,-125,
-170,-112,
-318,146,
-213,214,
-103,168,
78,159,
65,-15,
40,-60,
2,-71,
62,25,
40,98,
129,64,
122,41,
135,11,
53,80,
-32,131,
17,137,
51,45,
-34,-20,
-27,24,
-39,111,
-95,165,
47,195,
221,186,
146,20,
4,-82,
-60,-58,
-40,-82,
41,-84,
82,-81,
153,-32,
179,-76,
172,-62,
79,63,
130,138,
34,2,
-17,22,
13,74,
-26,60,
77,40,
97,55,
78,95,
39,3,
54,46,
103,172,
88,139,
84,37,
13,65,
-17,68,
46,82,
43,24,
76,-31,
39,-2,
61,65,
35,136,
44,59,
59,-33,
90,-29,
23,9,
59,12,
17,88,
15,75,
79,-11,
99,-32,
132,20,
80,75,
2,116,
-58,69,
-48,37,
70,98,
89,48,
83,-4,
51,47,
20,28,
23,92,
89,83,
111,54,
64,48,
64,-16,
87,-5,
77,49,
83,33,
39,23,
32,-45,
-20,7,
60,49,
36,137,
46,184,
5,73,
-2,51,
-34,85,
-45,60,
40,54,
35,92,
10,74,
12,98,
27,123,
78,79,
81,48,
32,12,
-60,23,
-114,-4,
56,-25,
107,-32,
67,-9,
47,45,
-9,93,
26,83,
49,40,
00>
_________________________________
00>
RX Timestamp: 788886279734
00>
Clock Offset: 717.831 Hz, -0.090 ppm
00>
RX Timestamp: 789956587335
00>
Clock Offset: 1855.946 Hz, -0.232 ppm
00>
_________________________________
Sequence Number: 99
00>
00>
Printing STS0 CIR
00>
00>
_________________________________
00>
-12,-1,
-33,42,
-21,56,
-46,-8,
21,-18,
56,-52,
75,-4,
7,-30,
-126,-21,
-65,-34,
-74,47,
-104,27,
-93,40,
-19,45,
-5,38,
-35,-32,
-65,8,
-71,5,
-24,0,
-52,-9,
-16,12,
55,56,
18,26,
2,15,
-43,20,
-14,5,
-34,21,
-8,-21,
5,29,
29,62,
7,22,
7,56,
34,71,
68,19,
31,-7,
-40,78,
28,77,
30,83,
31,-36,
59,-71,
-77,-29,
-46,-16,
27,21,
-1,76,
15,77,
37,48,
28,27,
-57,79,
-55,61,
-77,96,
-28,5,
44,24,
36,63,
44,-14,
74,-13,
-13,-49,
-9,-16,
26,-4,
62,16,
40,20,
98,60,
58,-13,
-12,-80,
-18,-17,
-14,-14,
45,-15,
27,-9,
8,9,
24,49,
38,86,
42,32,
-7,27,
-63,22,
-104,47,
-81,75,
35,36,
42,-46,
18,47,
-3,24,
29,20,
-17,40,
23,-4,
21,14,
16,44,
-2,61,
-40,-20,
47,-9,
6,-48,
-28,-47,
19,45,
-23,-27,
-42,-24,
-24,34,
19,70,
34,72,
-13,32,
-15,17,
-15,8,
40,12,
93,-52,
46,-41,
79,-25,
32,3,
5,2,
7,40,
28,16,
37,42,
-17,54,
-26,63,
-35,46,
42,35,
-5,11,
-59,48,
-17,50,
-19,5,
15,-42,
31,-28,
-1,-4,
26,69,
32,76,
64,29,
50,1,
-20,-23,
-41,16,
1,33,
3,42,
-21,20,
87,-8,
9,49,
-16,99,
-12,-16,
15,-146,
-40,-54,
-29,36,
10,51,
6,28,
81,-47,
-14,-27,
-30,-8,
19,-27,
60,-22,
-8,5,
45,-22,
-40,-49,
17,-52,
-43,-47,
-14,17,
43,36,
27,15,
-15,57,
18,78,
57,80,
22,16,
46,48,
-28,13,
-64,-102,
-29,-82,
12,39,
28,41,
-2,-37,
-34,-50,
46,-57,
29,-25,
69,78,
61,29,
57,36,
41,11,
-5,49,
25,96,
41,83,
10,27,
-12,35,
-29,7,
-58,45,
9,91,
-79,48,
-2,69,
-23,4,
-52,-1,
-38,-34,
-26,-28,
-25,39,
-6,19,
-46,9,
-27,76,
-16,88,
-56,-33,
-43,-38,
-38,22,
44,95,
41,87,
17,70,
-2,53,
-79,50,
-20,23,
35,58,
0,87,
-39,60,
-32,-11,
-24,15,
-1,25,
79,39,
60,2,
100,6,
50,34,
2,40,
-9,-17,
7,-8,
-17,46,
21,119,
1,28,
33,-40,
24,17,
-12,-13,
-3,7,
24,-42,
95,7,
23,49,
-17,55,
-2,15,
20,32,
-14,31,
-87,-7,
-110,-16,
-39,-35,
49,-7,
39,16,
1,-3,
42,48,
83,18,
28,42,
22,61,
-36,-15,
14,-27,
-24,74,
19,93,
67,109,
109,51,
35,-9,
24,4,
-27,-15,
-17,35,
59,-3,
67,-22,
21,58,
1,22,
45,40,
-25,-29,
71,17,
45,-35,
34,-10,
5,41,
-9,-30,
51,4,
36,-14,
99,13,
-7,-5,
50,-57,
42,-66,
63,14,
10,42,
-57,31,
-40,13,
-12,-11,
-22,-19,
26,60,
5,-12,
-4,7,
-15,28,
-2,67,
-12,64,
-24,6,
-25,5,
19,32,
19,14,
15,25,
1,13,
-28,34,
-2,4,
42,22,
24,-38,
-12,-15,
-76,-14,
-64,-18,
20,1,
28,34,
49,8,
22,37,
-36,-6,
2,12,
-19,32,
-65,-27,
17,37,
20,9,
60,17,
-41,-21,
-23,66,
-14,-14,
19,-43,
-17,-17,
2,38,
27,122,
9,11,
-3,13,
-23,-6,
37,67,
53,28,
77,-40,
92,41,
22,29,
-19,-19,
-17,-17,
-38,53,
-16,44,
-27,44,
-13,41,
-51,56,
47,27,
-8,38,
20,41,
16,32,
-11,46,
-15,8,
42,-59,
52,56,
50,54,
-3,48,
18,87,
-33,-35,
35,-50,
101,-71,
18,80,
-24,134,
-68,54,
26,40,
-9,30,
27,-53,
12,4,
-3,60,
-27,88,
15,35,
-6,41,
17,48,
54,43,
71,37,
29,-13,
76,25,
24,32,
50,-53,
66,-28,
45,79,
42,11,
42,-37,
21,50,
25,45,
-75,-12,
-9,-32,
-31,5,
-53,-113,
-363,-804,
-1167,-2992,
-1436,-5794,
-330,-6234,
1384,-3373,
1754,-31,
851,1049,
-553,244,
-1395,-764,
-1450,-1430,
-713,-1660,
138,-1286,
359,-569,
161,-37,
22,188,
92,343,
234,577,
162,670,
-26,381,
-108,8,
-157,-79,
-247,10,
-185,91,
43,286,
242,324,
207,167,
70,50,
-27,59,
6,208,
54,259,
158,181,
183,139,
92,57,
46,22,
99,25,
131,-9,
175,61,
185,111,
164,209,
156,225,
93,196,
-40,129,
-60,93,
-43,130,
66,173,
117,194,
130,236,
111,68,
72,-23,
-43,6,
-191,76,
-99,94,
-24,69,
-31,53,
-102,26,
-80,28,
-59,36,
-12,59,
-35,96,
14,29,
76,117,
49,88,
27,154,
-43,98,
11,21,
40,63,
-54,18,
-147,57,
-81,138,
100,56,
111,10,
31,26,
-95,-2,
-111,23,
-101,48,
-2,28,
35,-18,
138,15,
69,-6,
14,-6,
-29,58,
24,122,
-44,109,
-57,114,
-128,95,
-48,128,
17,90,
93,21,
155,77,
45,90,
20,139,
67,52,
20,8,
11,74,
17,124,
-8,53,
-13,77,
11,47,
57,40,
49,102,
61,107,
44,54,
22,53,
134,61,
145,84,
18,47,
-22,26,
8,55,
40,92,
-13,149,
-23,61,
39,40,
0,80,
15,111,
2,68,
1,48,
13,36,
93,68,
107,61,
13,17,
-37,49,
18,72,
114,23,
104,50,
62,19,
12,101,
96,114,
68,64,
47,7,
-48,21,
-46,57,
-57,66,
-38,74,
10,81,
37,55,
30,82,
42,112,
7,71,
-9,76,
-12,71,
29,36,
48,114,
70,68,
105,81,
95,21,
44,-26,
107,-9,
121,63,
36,91,
70,20,
59,20,
25,87,
16,27,
00>
_________________________________
00>
00>
Printing STS1 CIR
00>
00>
_________________________________
00>
14,29,
-5,-6,
-2,34,
41,70,
-18,45,
-38,-38,
-21,25,
36,48,
-19,63,
-26,94,
14,-1,
135,-19,
65,32,
66,59,
132,-14,
129,-50,
43,46,
-21,57,
-22,-42,
48,-92,
25,18,
-70,56,
10,19,
-53,-72,
-35,-102,
28,-89,
29,-25,
14,-17,
33,74,
56,90,
-44,43,
-8,-26,
-27,-15,
58,12,
-10,-7,
14,-40,
56,29,
25,15,
-13,33,
-27,61,
29,70,
76,57,
65,-26,
42,40,
-7,-6,
-73,35,
-38,2,
42,37,
24,-17,
2,23,
45,-1,
22,1,
18,-31,
-34,49,
-16,1,
3,5,
-94,-12,
-59,13,
5,16,
3,40,
0,13,
-33,-15,
38,47,
-28,-4,
-78,21,
-58,5,
40,47,
83,-4,
52,-47,
-36,-45,
-8,-39,
13,-7,
3,-37,
-32,18,
-50,66,
-2,62,
-12,22,
56,3,
20,79,
14,23,
-13,41,
-4,20,
8,0,
32,22,
61,19,
-13,-4,
-29,-8,
21,-19,
42,-32,
68,29,
78,-33,
106,-66,
48,-24,
6,87,
-50,110,
-25,73,
23,56,
-36,79,
-64,41,
15,53,
27,55,
14,-1,
19,-71,
25,6,
63,66,
7,36,
-71,2,
8,2,
12,-69,
57,-107,
48,27,
55,59,
36,22,
-1,25,
-3,-5,
52,13,
-8,39,
-31,57,
-8,98,
14,-42,
-35,-79,
-80,-27,
-51,14,
33,-10,
22,21,
-35,58,
-39,78,
14,-31,
57,-61,
5,-39,
11,-33,
-35,44,
12,45,
0,61,
60,68,
59,26,
40,34,
34,-40,
34,28,
7,86,
14,28,
22,-31,
19,-11,
34,-7,
14,24,
-39,-53,
7,-90,
29,-55,
-20,-1,
29,43,
27,-66,
30,18,
4,61,
-17,22,
-15,20,
32,-53,
74,-35,
46,-5,
-56,27,
-87,52,
-85,-43,
39,-46,
-5,-41,
-20,-2,
-52,38,
-20,7,
-32,-51,
16,24,
7,50,
47,-36,
30,22,
-24,-42,
-86,-2,
-90,-32,
-8,64,
2,77,
14,59,
-9,-8,
-41,41,
-21,48,
-4,21,
4,-25,
8,-27,
61,-51,
106,-19,
28,0,
38,7,
23,-7,
-27,-21,
9,-21,
35,-55,
41,52,
-30,87,
1,104,
38,18,
34,-28,
22,4,
-28,-7,
7,38,
-51,-14,
-12,25,
-12,41,
-25,52,
-104,-7,
-11,23,
-20,-7,
2,33,
-2,-46,
-50,28,
8,26,
2,46,
55,-15,
22,36,
-10,7,
16,8,
-5,15,
77,-4,
38,18,
-14,-33,
35,-11,
29,29,
-10,75,
-10,-18,
-4,28,
10,15,
24,31,
-43,-27,
-20,-38,
-21,-4,
-46,-20,
-18,41,
51,12,
68,-101,
47,-62,
-3,-68,
-5,49,
-5,88,
30,87,
86,81,
30,-15,
45,-24,
-25,-8,
-71,15,
-6,-22,
-19,-56,
-8,-3,
39,-59,
48,-3,
-2,33,
-52,-60,
9,-92,
-34,-91,
-63,-100,
-47,-5,
41,24,
83,12,
82,79,
31,28,
-4,-1,
59,-120,
0,-51,
-40,29,
-44,54,
31,74,
-1,69,
-6,15,
-49,36,
-50,-20,
-52,-2,
-34,-10,
-14,-40,
-13,-11,
65,-24,
-16,106,
-54,71,
12,94,
-28,-10,
-61,-7,
-7,27,
-11,2,
24,24,
-59,8,
-28,33,
32,59,
84,57,
-23,-7,
-21,18,
38,44,
68,-23,
19,-7,
43,-13,
-36,-41,
17,-36,
22,-29,
44,12,
27,59,
-1,-8,
-14,35,
10,49,
25,4,
4,-27,
-54,19,
-24,23,
-22,16,
-25,24,
0,48,
63,83,
54,-1,
21,6,
15,14,
-51,-26,
-58,-18,
56,-38,
85,-11,
63,0,
10,49,
1,67,
-10,64,
27,-8,
54,-32,
10,-35,
-13,44,
-20,-4,
33,-17,
63,-42,
20,-29,
-11,-11,
-68,-41,
-3,12,
1,68,
19,-14,
12,-16,
-15,74,
-89,83,
-87,29,
-66,-2,
-69,15,
-34,8,
-80,-3,
-3,-11,
23,12,
-9,28,
-17,4,
7,38,
-14,63,
12,110,
-10,63,
11,-80,
18,-89,
-2,-34,
-25,57,
-30,58,
63,15,
12,-80,
-19,-53,
-48,-36,
-45,-30,
-100,26,
-210,-71,
-891,-577,
-2945,-2251,
-5065,-4387,
-4766,-4879,
-1862,-2598,
753,112,
970,1073,
94,578,
-26,365,
654,619,
1063,971,
698,861,
113,519,
-131,74,
50,-260,
349,-507,
476,-411,
301,-125,
-48,78,
-264,150,
-323,-21,
-289,55,
-152,113,
76,202,
247,222,
320,159,
291,21,
102,-95,
-31,-16,
-35,7,
4,29,
121,161,
162,269,
143,223,
34,41,
34,-54,
185,82,
78,231,
18,322,
-33,260,
0,102,
65,104,
124,-29,
116,20,
118,84,
22,93,
-13,10,
0,-58,
-121,-37,
-129,140,
-134,262,
-62,243,
14,166,
-51,119,
-30,18,
20,-19,
37,-76,
51,-25,
52,36,
81,29,
85,-14,
50,29,
-35,106,
-91,61,
-24,44,
7,-4,
-106,46,
-170,181,
-58,184,
54,113,
98,55,
139,-62,
78,-55,
61,-15,
-9,-33,
-10,-14,
41,-50,
77,-37,
98,-36,
105,-1,
170,-32,
133,-4,
108,-62,
101,-15,
81,40,
28,132,
45,132,
40,78,
59,59,
140,61,
105,58,
93,-16,
56,85,
11,79,
-20,28,
24,44,
0,111,
-1,95,
6,11,
50,-72,
-15,-23,
-9,54,
49,40,
50,2,
32,34,
-17,45,
-18,28,
-16,-33,
-20,40,
3,63,
44,29,
136,9,
108,-14,
83,34,
89,47,
96,-20,
99,56,
77,66,
49,31,
55,16,
86,14,
58,49,
44,15,
-16,-43,
-14,-20,
27,1,
118,-15,
94,13,
12,-47,
81,-10,
103,-21,
105,0,
11,13,
-89,110,
-22,108,
-3,90,
-5,11,
-17,6,
-4,17,
-47,-46,
64,-9,
25,31,
-1,58,
-2,72,
0,10,
28,-33,
-42,81,
-7,70,
-9,49,
14,-58,
-26,-33,
12,2,
28,54,
00>
_________________________________
00>
_________________________________
Sequence Number: 102
00>
00>
Printing STS0 CIR
00>
00>
_________________________________
00>
5,-38,
-16,-6,
27,-80,
-47,-48,
-14,36,
9,44,
12,-15,
-10,11,
83,-27,
25,-29,
-23,8,
-49,-42,
0,-13,
56,16,
77,-13,
22,29,
33,-37,
52,-44,
49,6,
22,-20,
10,-83,
1,-6,
-1,-2,
33,-11,
74,-48,
7,75,
41,102,
76,-10,
53,36,
15,69,
-3,56,
52,23,
60,-4,
18,62,
27,-7,
-27,-14,
68,48,
78,63,
-18,-77,
14,-21,
49,-31,
40,-57,
50,-87,
-22,-103,
-24,-17,
53,-40,
-57,0,
-68,-10,
-22,49,
-11,56,
44,-7,
123,39,
-3,60,
9,74,
-30,87,
-53,82,
-30,66,
-28,73,
-48,-31,
-14,-61,
29,7,
2,-20,
4,-16,
-54,-51,
1,-64,
-21,-63,
45,30,
32,2,
20,-55,
77,3,
-13,-60,
48,25,
-21,44,
61,-25,
47,-68,
-27,-57,
56,-10,
56,22,
62,37,
-38,-49,
-8,48,
-62,-44,
20,-112,
92,0,
28,74,
-53,41,
-41,63,
-42,4,
10,16,
35,28,
13,16,
-31,14,
25,-28,
69,53,
13,76,
5,-48,
24,-40,
-31,-31,
-9,-55,
-68,-24,
-23,-19,
-46,26,
79,20,
39,-52,
-117,-21,
-15,43,
81,40,
21,80,
1,101,
55,76,
-16,10,
-76,47,
-1,21,
42,29,
26,39,
29,33,
38,43,
72,22,
7,-11,
-36,-61,
-22,-32,
44,53,
15,1,
26,-16,
-22,1,
56,17,
29,34,
-50,-25,
-73,28,
-6,42,
43,11,
37,28,
-24,15,
74,29,
76,22,
1,35,
-24,52,
-25,43,
-41,46,
-16,28,
-58,-19,
5,-43,
8,-116,
56,-140,
11,-53,
-63,8,
16,63,
11,38,
12,7,
-11,73,
15,47,
56,106,
21,34,
-45,-19,
-23,31,
-37,-13,
-28,-33,
73,-45,
59,-25,
77,-48,
14,-20,
41,28,
42,6,
24,-30,
-30,30,
43,-3,
54,-15,
48,58,
89,82,
-18,20,
-27,-64,
105,-61,
61,5,
34,55,
-19,-36,
18,-59,
-56,-60,
-57,28,
23,41,
-5,-32,
42,-71,
-6,18,
-36,72,
-4,48,
1,35,
8,-18,
-7,5,
7,5,
54,49,
32,29,
46,49,
-12,21,
-41,-30,
-28,-2,
-34,-60,
-19,-83,
-28,-3,
-47,33,
29,27,
60,96,
0,66,
-11,-24,
-26,-30,
30,-14,
34,-32,
3,-20,
19,19,
14,-12,
-3,25,
-63,28,
19,-20,
81,26,
89,36,
0,-54,
19,-61,
4,-21,
23,-26,
-54,-64,
13,-16,
-7,55,
59,40,
63,50,
-3,1,
27,78,
24,57,
15,28,
39,23,
1,-11,
-46,39,
52,28,
19,56,
27,-56,
18,2,
74,22,
32,-17,
21,-39,
-20,2,
-14,23,
-8,63,
-34,-12,
-17,2,
-40,-22,
-15,-18,
60,37,
2,53,
-32,16,
2,-14,
28,4,
7,57,
-12,-24,
1,-77,
-29,-59,
9,35,
28,-46,
21,-62,
29,-36,
0,-4,
15,-53,
-60,-20,
-30,35,
-32,22,
-22,72,
-12,28,
80,-99,
-33,-18,
22,104,
-50,94,
-26,-2,
0,-59,
-7,-4,
40,29,
16,42,
-13,11,
-42,-13,
10,23,
-60,-40,
-63,24,
-71,31,
31,-8,
9,31,
41,19,
24,49,
61,56,
23,23,
28,-51,
4,15,
55,61,
-23,93,
-7,51,
-17,8,
12,25,
75,37,
-27,-10,
33,-41,
-5,-23,
-20,27,
-37,26,
-23,-47,
-32,2,
46,16,
113,18,
40,17,
24,8,
23,-1,
14,0,
18,-8,
28,18,
-51,25,
-78,-30,
-7,-20,
6,-23,
9,-3,
-16,-30,
12,-16,
16,7,
-23,18,
-46,65,
-9,21,
2,-12,
-11,-90,
-11,-42,
-67,51,
-72,102,
-9,28,
-14,23,
-25,33,
20,32,
54,18,
-14,-12,
-38,-8,
-18,44,
9,56,
11,59,
59,57,
22,66,
-25,-47,
-8,-57,
-41,-50,
4,38,
-11,12,
8,12,
29,-4,
85,65,
-17,89,
-3,66,
-26,43,
26,-22,
53,-7,
57,-8,
55,-22,
4,-7,
88,20,
20,18,
-49,21,
18,14,
143,276,
398,1678,
360,4407,
-437,5846,
-1384,3674,
-1582,-126,
-925,-1807,
-18,-1230,
791,-960,
2021,-1361,
3469,-914,
3454,572,
1786,1280,
147,681,
-373,-66,
-192,31,
-59,358,
-290,411,
-368,237,
-85,-63,
33,-69,
4,99,
-46,106,
-110,7,
11,-131,
28,-201,
30,-137,
12,7,
102,176,
56,351,
1,165,
51,110,
48,-10,
-3,-121,
-117,-50,
-103,24,
-138,31,
-104,-45,
-42,-139,
-9,-18,
138,19,
197,24,
158,-107,
147,-35,
112,-111,
45,-111,
94,-89,
0,17,
-61,62,
-11,93,
173,59,
107,-3,
-58,-150,
-56,-94,
-58,-6,
-4,-65,
-96,-103,
-56,-176,
107,-147,
146,-76,
76,-83,
38,-54,
-17,-111,
-32,-40,
48,4,
46,-46,
-12,-105,
-60,-9,
29,-71,
18,-121,
44,-102,
-63,-1,
-5,84,
6,131,
-86,80,
-89,-40,
-114,-156,
-86,-178,
-168,-117,
-155,-110,
-137,-40,
-3,18,
30,27,
37,-1,
47,6,
21,8,
58,9,
40,29,
18,-30,
-43,-76,
-10,34,
-78,48,
-67,43,
-104,-33,
-65,-46,
17,-64,
-4,-122,
-21,-65,
18,-20,
49,-42,
124,12,
104,-5,
4,-4,
-116,-80,
-22,-67,
-16,-14,
-5,-22,
-44,-96,
-18,-73,
-81,-34,
-35,-75,
84,-101,
124,-18,
11,-77,
35,-49,
-15,-28,
-41,-51,
-47,3,
-34,28,
-70,-35,
-50,-107,
20,-83,
22,-67,
3,-70,
-26,-14,
-44,33,
-66,60,
-64,-49,
-92,-62,
-18,-5,
-10,24,
-27,-38,
3,-81,
1,-5,
88,23,
-15,-33,
-26,-1,
0,-34,
6,-19,
-11,3,
-28,2,
-35,7,
28,-75,
-13,-41,
-63,31,
-28,20,
-44,-100,
11,-131,
-24,-43,
-82,51,
-76,-20,
-61,-94,
-24,-162,
60,-94,
-10,-79,
-1,-23,
1,58,
00>
_________________________________
00>
00>
Printing STS1 CIR
00>
00>
_________________________________
00>
2,-4,
-9,44,
-24,-1,
3,9,
36,33,
31,68,
50,44,
63,115,
55,8,
5,5,
-4,-40,
4,47,
-29,24,
-40,5,
-11,-38,
-6,-55,
39,-54,
39,-14,
17,-4,
12,38,
-42,60,
-84,71,
-30,0,
-101,50,
-38,0,
-2,35,
38,49,
32,8,
-26,-48,
40,-33,
38,-71,
72,35,
17,31,
52,77,
63,30,
88,7,
-13,-18,
-22,-84,
-6,-38,
-17,-52,
-22,-16,
-42,43,
21,-6,
51,-18,
79,-108,
40,-46,
75,25,
102,63,
56,10,
12,-17,
0,26,
15,-11,
8,85,
-63,50,
26,63,
17,8,
-36,-11,
-4,13,
29,62,
-62,54,
-77,62,
-14,76,
50,27,
28,73,
54,52,
84,37,
-1,-7,
-27,35,
36,88,
27,37,
-48,-7,
18,94,
-8,77,
8,15,
0,-13,
25,-11,
-33,-1,
-32,18,
-25,55,
24,30,
60,-27,
38,-26,
-16,0,
-22,18,
-6,-19,
-46,5,
-94,-17,
-72,72,
-26,66,
-41,-23,
9,-51,
-32,13,
-5,-48,
15,-66,
-28,30,
68,-8,
56,-36,
66,-9,
28,2,
47,22,
56,4,
-50,14,
-129,75,
-54,91,
33,21,
107,52,
47,63,
12,61,
-50,-8,
-28,7,
15,30,
59,-43,
63,-31,
75,43,
101,62,
66,22,
25,12,
-31,1,
-71,-15,
-45,-51,
46,-19,
31,18,
69,38,
40,-6,
-39,-18,
41,-18,
24,-11,
41,28,
68,-42,
-14,14,
-36,13,
2,61,
-4,20,
-34,-9,
-32,30,
-5,36,
-65,53,
-41,-28,
-37,-11,
-21,-30,
-59,6,
-65,-67,
-29,-13,
-12,-35,
53,51,
3,45,
17,78,
27,82,
39,15,
-50,52,
-34,-23,
-12,9,
35,20,
38,0,
24,-60,
37,-13,
46,70,
50,37,
46,-7,
-11,-18,
-19,13,
-19,41,
-13,6,
38,3,
62,20,
-78,-7,
-77,48,
-50,37,
-19,21,
-15,-72,
12,-34,
0,-7,
32,-36,
17,66,
13,23,
2,-73,
-17,-92,
-23,-60,
37,-11,
64,-1,
16,-17,
14,23,
13,-2,
-10,-11,
20,-21,
76,-10,
-14,-2,
-15,54,
-57,-20,
5,-64,
90,-26,
38,36,
39,72,
27,47,
-35,1,
-21,27,
-6,-14,
53,-63,
51,-75,
5,10,
19,17,
-3,-8,
22,-6,
20,55,
48,7,
56,37,
99,-1,
82,68,
-48,41,
-71,1,
-16,-95,
14,-4,
-13,60,
-45,105,
9,143,
15,27,
-9,-31,
5,24,
-19,-4,
7,33,
9,63,
-10,64,
-22,33,
-15,32,
6,-12,
23,60,
-15,11,
-67,7,
-53,19,
-44,24,
-55,-5,
-11,62,
7,95,
19,49,
0,-39,
-15,30,
22,34,
-21,92,
21,66,
-3,-29,
13,-41,
-37,7,
-18,22,
8,-31,
44,-28,
-2,-39,
43,25,
9,-43,
65,2,
63,31,
37,5,
-20,19,
-39,19,
-52,-4,
-15,-23,
-2,2,
-16,-62,
18,-75,
-14,8,
-24,48,
-30,63,
40,33,
54,-17,
59,66,
-49,61,
-75,-1,
25,-60,
63,-44,
120,3,
41,52,
33,0,
58,-28,
34,48,
34,77,
25,-16,
57,-25,
21,-23,
75,-51,
13,-118,
65,-81,
-31,-42,
1,53,
-11,51,
56,72,
59,0,
-3,-67,
-23,-5,
-8,-61,
-11,2,
-49,14,
25,95,
27,22,
-10,-32,
11,52,
18,27,
20,82,
-15,-45,
29,-28,
57,26,
31,-30,
-2,-76,
-68,6,
-26,-14,
13,-12,
12,-47,
45,-57,
-47,-30,
57,-61,
95,-75,
55,2,
-6,18,
-49,-5,
-53,0,
-27,-7,
60,14,
-31,-13,
-20,28,
12,49,
-77,37,
-39,28,
6,35,
52,16,
26,-20,
-68,-17,
-29,24,
11,8,
33,-11,
32,20,
-36,0,
-27,28,
24,-8,
33,33,
-31,48,
7,-16,
-24,-2,
24,-2,
14,14,
-13,-10,
6,-51,
-13,-44,
-42,-3,
-17,-8,
8,34,
18,45,
-5,29,
-29,-6,
9,17,
26,9,
23,-1,
60,-20,
29,22,
-21,62,
43,38,
62,-30,
18,0,
269,159,
1193,1355,
2595,3789,
2864,5256,
1345,3636,
-736,394,
-1489,-1185,
-720,-527,
64,591,
-176,1302,
-977,1334,
-1546,880,
-1105,217,
-329,-159,
111,-92,
189,46,
355,-137,
636,-252,
617,-217,
210,-35,
-151,-67,
-75,14,
91,39,
207,-41,
120,-182,
31,-287,
126,-138,
217,-12,
227,-76,
191,-192,
142,-264,
81,-243,
-3,-162,
-21,-145,
63,-83,
46,-30,
-56,-34,
58,-143,
74,-162,
51,-293,
4,-251,
-102,-179,
-134,-90,
-4,-115,
46,-108,
63,-143,
7,-180,
-27,-214,
-9,-145,
111,-85,
207,-78,
190,-47,
58,5,
23,-60,
2,-82,
57,-85,
-82,-70,
-88,-20,
-57,-14,
-59,-15,
-50,7,
8,-34,
15,-61,
-8,-132,
121,-163,
115,-74,
106,-14,
-1,49,
46,1,
114,-37,
102,-130,
41,-15,
-30,50,
-97,-2,
-115,-64,
-116,-143,
-164,-114,
-107,-65,
-64,-104,
-45,-97,
-48,-118,
-76,-23,
-109,24,
-2,0,
-20,14,
-11,-17,
40,-29,
12,-37,
76,-5,
41,21,
-3,-28,
-34,-24,
-24,-12,
-51,-11,
23,-29,
-47,3,
-35,24,
-16,29,
96,-9,
41,-24,
-3,-15,
42,0,
17,-77,
-18,-3,
-9,12,
-21,0,
-38,-39,
21,45,
26,44,
71,-11,
41,-10,
4,-50,
13,-68,
-3,-81,
-5,-5,
41,17,
5,-1,
40,-127,
27,-109,
19,-78,
21,-32,
45,-79,
48,-62,
7,-54,
-7,-60,
16,-76,
84,-50,
52,-52,
18,-32,
-37,23,
-27,-5,
30,-44,
33,-58,
-51,-40,
5,-47,
33,-61,
41,6,
-1,-14,
-32,-27,
-47,-27,
-7,1,
16,18,
2,-23,
-81,-40,
30,-75,
10,-40,
7,-16,
-43,-41,
4,-52,
32,-43,
-21,-44,
-6,-35,
1,-25,
-7,51,
-11,33,
-34,-2,
41,-40,
00>
_________________________________
00>
RX Timestamp: 929208441891
00>
Clock Offset: 1889.420 Hz, -0.237 ppm
00>
RX Timestamp: 930278643532
00>
Clock Offset: 1398.468 Hz, -0.175 ppm
00>
_________________________________
Sequence Number: 236
00>
00>
Printing STS0 CIR
00>
00>
_________________________________
00>
-39,-21,
-60,47,
12,30,
21,121,
24,82,
-43,-24,
-97,-73,
-58,-19,
-2,26,
81,26,
38,22,
-2,-43,
97,25,
33,47,
-19,17,
-12,2,
-14,15,
12,10,
50,-20,
44,-52,
-30,-70,
-93,-124,
13,-55,
81,11,
-50,-2,
-9,4,
4,-17,
-58,-47,
-1,16,
28,69,
27,48,
-100,17,
2,44,
26,22,
-18,-94,
-13,-87,
-24,-26,
80,26,
27,-42,
5,-15,
-2,7,
43,-13,
-13,-29,
39,-44,
7,-45,
-38,-64,
22,12,
-10,18,
-25,-4,
45,25,
-15,51,
-37,82,
-65,-33,
15,-13,
9,-48,
40,-69,
-76,24,
5,-2,
2,51,
58,3,
43,-64,
34,-38,
16,4,
-54,73,
66,41,
49,62,
48,-18,
-24,-14,
-47,7,
-65,29,
-16,-7,
27,-17,
19,32,
-57,47,
-41,-4,
19,47,
-34,50,
-15,-1,
8,-9,
50,-12,
64,5,
-31,1,
-71,43,
-6,46,
47,71,
15,-2,
-35,-51,
20,4,
-4,37,
-20,92,
23,13,
-28,-41,
-84,-22,
-37,-19,
92,7,
83,-23,
13,43,
-112,16,
-32,-4,
-2,-47,
40,12,
31,-6,
57,-27,
-5,37,
-70,70,
-39,9,
50,-18,
-17,-73,
-10,-10,
-61,0,
5,-13,
16,11,
4,-24,
4,-87,
-26,-48,
20,-44,
58,11,
-37,35,
-30,69,
24,110,
95,101,
26,-33,
-30,-7,
-33,-44,
-33,-37,
-116,34,
-13,16,
42,26,
16,-74,
-16,-76,
-39,27,
-5,51,
65,45,
75,51,
22,61,
-32,14,
-41,-86,
-66,35,
-27,63,
-37,50,
-88,29,
-31,-34,
-12,35,
-78,-32,
-4,-24,
-36,41,
32,67,
-17,9,
31,17,
-24,-14,
1,3,
15,-14,
48,-21,
61,-11,
44,69,
16,54,
-1,-28,
-25,17,
1,45,
-19,117,
-17,-20,
-58,-25,
-62,-47,
-74,-20,
31,-35,
17,24,
-2,56,
-16,32,
77,-22,
28,4,
39,82,
-21,45,
9,17,
-54,-7,
-41,-55,
-48,-37,
-39,22,
20,62,
-11,-28,
-22,-54,
-9,-2,
33,35,
-45,48,
-76,9,
-44,-3,
-36,119,
9,69,
-49,23,
-16,1,
30,-13,
31,-18,
-34,-19,
-28,51,
-41,58,
2,66,
34,65,
19,77,
24,61,
54,2,
-14,-111,
-57,-43,
-57,-23,
-22,-77,
23,-60,
-29,-39,
-38,46,
8,47,
-44,-21,
15,-66,
35,27,
-61,88,
-36,37,
-12,14,
40,20,
58,13,
79,64,
-33,-15,
95,-50,
36,-19,
-20,-38,
-95,34,
-69,73,
-17,104,
29,74,
68,9,
-1,43,
43,7,
-6,-19,
5,-46,
17,-34,
-7,-35,
-4,36,
1,76,
-24,61,
-34,15,
-29,16,
22,-26,
-16,13,
22,-60,
-36,-46,
40,28,
-19,26,
1,16,
55,-20,
35,-11,
42,39,
10,19,
33,71,
0,72,
-33,30,
50,40,
-41,65,
-39,39,
-5,2,
60,-36,
55,39,
135,88,
91,-4,
3,-12,
-17,-81,
33,-96,
63,-47,
-61,8,
-58,76,
-42,37,
-15,15,
-36,-18,
-54,48,
-68,-21,
-109,39,
-20,18,
-27,-80,
-23,-97,
8,74,
-7,-2,
38,-22,
75,43,
28,-8,
-32,-65,
39,-58,
53,-23,
8,37,
-16,49,
-48,24,
-10,41,
38,3,
-55,-19,
-52,2,
19,-37,
41,5,
81,27,
16,15,
-1,-37,
43,36,
52,4,
52,-30,
-42,-22,
-27,52,
23,-16,
-55,4,
-56,-33,
21,-33,
-14,37,
-3,-22,
-100,-49,
-8,-26,
49,-36,
48,53,
-8,14,
-56,-11,
-92,-26,
6,-44,
29,-14,
50,-61,
32,-41,
-53,4,
41,53,
21,35,
60,34,
33,23,
62,42,
39,49,
32,40,
4,49,
17,2,
-23,-49,
-61,-14,
49,-3,
35,40,
75,15,
17,-19,
28,-72,
52,-43,
-26,-67,
-12,-74,
22,-18,
16,-17,
-12,63,
4,50,
68,81,
80,29,
51,34,
-42,16,
76,-44,
15,-27,
-12,62,
-42,95,
-47,21,
36,-19,
37,60,
-17,36,
11,10,
-41,46,
-15,60,
59,-1,
37,4,
102,53,
88,83,
147,-67,
1034,29,
3541,765,
5539,2034,
4481,2535,
520,1562,
-1970,420,
-1582,-254,
-732,-739,
-929,-1976,
-640,-3408,
858,-3416,
2015,-1796,
1312,-178,
125,343,
-187,188,
250,125,
472,238,
255,408,
-126,262,
-208,58,
8,7,
158,-1,
131,-17,
-64,-78,
-59,-114,
-72,-86,
-22,-10,
145,5,
326,66,
391,140,
271,68,
-44,-40,
-41,-6,
-39,76,
-74,137,
-36,193,
53,133,
-33,140,
28,-76,
3,-100,
49,-171,
44,-157,
-120,-79,
-39,-87,
-74,-148,
-12,-150,
-21,16,
73,79,
50,91,
74,-40,
60,-85,
28,-86,
-61,8,
-24,26,
-51,-20,
-77,-61,
-187,-73,
-135,-115,
-181,-104,
-82,-204,
-220,-119,
-130,-59,
-108,-42,
-80,-20,
-87,20,
-187,24,
-45,-14,
-44,110,
-34,116,
-95,87,
-50,68,
53,102,
35,172,
1,103,
-52,132,
-148,48,
-167,76,
-188,149,
-147,220,
-103,180,
-65,32,
17,-30,
-32,-62,
14,-95,
23,-46,
63,-11,
51,27,
-84,76,
-41,82,
-79,43,
-77,113,
-99,27,
-7,22,
-39,32,
-7,56,
-18,23,
23,3,
1,0,
-33,24,
52,41,
22,33,
-13,-58,
-4,-86,
-31,-39,
16,119,
69,71,
15,-17,
-19,-15,
31,29,
7,16,
-63,-60,
-24,-28,
-14,29,
-7,11,
-26,-28,
-16,-6,
-94,-20,
-26,91,
-46,47,
-58,30,
-70,-35,
-76,6,
-113,58,
-69,-14,
-56,-70,
0,-2,
0,41,
-72,79,
-117,41,
-16,43,
10,52,
-41,132,
-55,53,
31,-10,
-44,47,
-40,-53,
12,1,
-36,24,
-51,77,
-109,-15,
-51,32,
-26,63,
-26,77,
-47,30,
-3,-4,
-75,-15,
-43,2,
-35,53,
-14,45,
-87,54,
-2,57,
-42,45,
-1,-23,
00>
_________________________________
00>
00>
Printing STS1 CIR
00>
00>
_________________________________
00>
-13,24,
-26,48,
8,5,
-28,30,
21,50,
-11,89,
-59,1,
-45,-89,
-16,-47,
36,30,
14,97,
-19,25,
-28,-49,
-63,-103,
-11,-19,
35,80,
65,97,
41,94,
25,13,
27,-18,
26,-15,
34,19,
101,31,
53,59,
-49,73,
-36,51,
60,-13,
116,59,
58,52,
-39,52,
-19,15,
39,24,
23,43,
70,-27,
-7,62,
12,82,
2,39,
-16,9,
4,21,
1,-52,
-52,-10,
31,-21,
-2,-1,
-40,16,
18,60,
24,33,
25,1,
-10,-13,
28,-24,
19,-60,
69,22,
1,95,
-47,132,
5,18,
71,-34,
-16,-14,
-63,13,
-12,-21,
-64,-17,
-46,7,
7,71,
29,70,
11,11,
-40,5,
-12,-29,
-34,16,
12,-31,
-7,-43,
-67,-44,
-81,-11,
-45,43,
21,29,
-22,-21,
-74,-94,
-112,-83,
4,71,
65,93,
70,33,
11,-18,
-44,25,
22,39,
84,82,
10,43,
-16,-22,
28,-36,
16,-30,
-89,47,
-53,63,
43,38,
16,28,
-50,8,
26,36,
59,-50,
73,-7,
-15,41,
-52,30,
6,-22,
10,44,
-23,-4,
2,-44,
-28,2,
-48,56,
-48,-41,
1,-25,
-15,37,
-19,103,
11,70,
-58,-8,
-61,16,
-73,-3,
-20,0,
-54,28,
59,-5,
-2,-7,
61,65,
-15,4,
-70,33,
-51,-46,
44,-29,
36,-36,
-3,-22,
-31,-112,
-68,-127,
-37,-21,
-45,71,
-11,50,
-2,-1,
53,39,
7,56,
-10,20,
5,39,
12,-36,
13,-58,
-10,35,
-19,72,
37,-21,
19,-54,
-17,-29,
-10,9,
47,61,
22,-49,
-10,-25,
1,4,
-53,-14,
-1,50,
-18,32,
-35,58,
15,-11,
-17,-61,
-45,-45,
-30,23,
8,26,
-11,6,
22,-17,
-78,-23,
-7,-16,
1,25,
17,43,
46,20,
-7,-20,
-6,-73,
-42,-28,
-75,-38,
-33,-46,
23,52,
5,57,
34,111,
-23,70,
-55,56,
34,-113,
28,-68,
0,-26,
-31,-34,
-14,-21,
23,-65,
-6,-4,
1,10,
58,5,
39,27,
66,-6,
38,51,
2,27,
19,17,
-5,2,
49,50,
14,36,
-6,64,
-35,150,
12,72,
40,39,
-23,33,
-44,78,
-9,-16,
-3,-50,
-98,-51,
-58,-42,
24,-4,
55,-24,
56,-29,
67,-31,
26,-44,
30,46,
112,142,
20,92,
19,45,
-46,45,
-40,10,
-82,-5,
-56,3,
7,14,
13,43,
35,66,
-11,53,
-4,33,
9,64,
35,61,
17,29,
-2,-39,
31,-14,
40,28,
-6,49,
-24,78,
27,8,
65,-5,
111,-26,
65,-71,
58,-116,
48,-43,
-8,4,
22,83,
-12,104,
55,-14,
39,-24,
-21,-45,
-26,30,
67,-53,
28,-21,
108,46,
24,-10,
-18,35,
-110,7,
-31,-20,
32,53,
-10,29,
-37,-77,
-34,-2,
10,-10,
25,-61,
33,-37,
30,29,
-12,18,
30,4,
4,-52,
11,-47,
4,-34,
45,1,
27,-46,
-36,-59,
-14,48,
-65,39,
-21,-23,
-78,-9,
-83,27,
-110,6,
4,-13,
21,-73,
-26,-13,
-24,38,
-70,-12,
-61,-48,
-6,28,
-32,60,
21,8,
85,-45,
68,-98,
-23,-26,
5,61,
7,34,
22,-83,
-3,-58,
43,0,
105,5,
69,24,
6,-21,
-5,-11,
-7,10,
31,56,
27,-41,
38,-42,
88,-1,
66,-2,
93,38,
57,-21,
-57,-31,
-10,-43,
-33,-3,
-37,0,
30,-11,
60,16,
48,27,
64,10,
44,-22,
-21,8,
54,42,
94,16,
7,-65,
36,-13,
7,1,
22,-49,
16,-18,
48,4,
-6,-31,
-62,-29,
14,-85,
27,-42,
-4,34,
16,16,
-10,-6,
26,57,
1,27,
31,68,
-16,86,
15,51,
15,56,
55,29,
-34,44,
10,90,
40,106,
6,-47,
29,-41,
-14,-2,
34,49,
-4,37,
74,-10,
0,-5,
15,-27,
-23,-71,
14,-64,
13,-71,
34,-13,
-10,74,
50,81,
31,53,
-39,-18,
-34,88,
-83,35,
-73,-22,
-49,-7,
-12,56,
35,12,
96,-24,
15,47,
19,-3,
41,3,
81,-13,
27,-23,
28,-17,
55,52,
105,-169,
999,-892,
3375,-2168,
5577,-2547,
4900,-1330,
1201,682,
-1358,1620,
-1200,948,
226,11,
1050,28,
1117,1067,
713,1801,
118,1401,
-138,538,
-19,-93,
39,-195,
-70,-228,
-138,-556,
-119,-675,
-100,-298,
-144,109,
-122,93,
28,-42,
118,-95,
-99,-74,
-270,-83,
-199,-158,
-6,-177,
-5,-157,
-173,-161,
-343,-127,
-287,-128,
-207,-57,
-133,-34,
-86,-98,
-124,-32,
-71,1,
-63,35,
-90,-22,
-246,-66,
-272,9,
-281,76,
-225,100,
-132,100,
-96,35,
-96,-25,
-117,-22,
-78,-46,
-41,-2,
-12,17,
14,-81,
-42,-97,
-51,-7,
-56,67,
-47,32,
-69,-23,
-84,121,
-75,194,
-48,139,
-64,44,
-72,7,
-89,59,
-119,103,
-120,-38,
-107,-74,
-155,-149,
-144,-11,
-78,-9,
-4,21,
-23,-50,
28,-80,
27,-107,
36,-81,
4,0,
-60,142,
-132,74,
-178,106,
-132,148,
-131,132,
-84,148,
-27,86,
-39,2,
-4,24,
27,146,
-45,151,
-48,85,
-32,52,
0,-6,
31,-64,
9,-49,
-33,-13,
-8,42,
-11,99,
-19,118,
-32,16,
-11,-22,
48,54,
-10,22,
-25,48,
-56,48,
0,60,
-32,-3,
-54,9,
-62,7,
-69,-15,
-27,-14,
19,37,
-11,25,
-48,-117,
16,-127,
-69,-117,
26,-85,
19,-84,
-55,27,
-140,-72,
-95,-86,
-94,-61,
-90,-29,
-96,32,
-83,11,
-12,-35,
-2,-53,
76,-78,
10,-9,
-6,-64,
4,-23,
6,8,
7,56,
-15,25,
-97,-69,
-44,-53,
-17,-75,
29,-126,
30,-53,
30,-14,
61,-11,
14,-35,
-15,59,
-53,95,
7,25,
-34,-52,
-53,-44,
-50,-24,
-31,55,
-30,58,
-50,-39,
-1,-12,
-5,-43,
-27,-13,
-10,50,
49,77,
55,-30,
17,33,
-29,-2,
00>
_________________________________
00>
_________________________________
Sequence Number: 239
00>
00>
Printing STS0 CIR
00>
00>
_________________________________
00>
-8,-50,
6,-15,
-13,-16,
-24,-8,
-4,-48,
-26,2,
-39,11,
29,23,
-24,71,
-115,-10,
-54,31,
49,8,
-13,24,
-41,26,
4,40,
-23,-32,
19,-1,
6,66,
36,10,
-40,93,
-36,39,
-12,26,
15,20,
-7,58,
-40,22,
-17,10,
41,14,
24,19,
99,40,
28,82,
10,18,
33,-20,
1,-44,
-9,-43,
18,3,
8,9,
-81,-21,
-39,7,
-3,-5,
-7,6,
62,-5,
78,2,
60,-13,
0,32,
-37,90,
-62,76,
7,-2,
-9,1,
-4,74,
-40,8,
-22,-20,
49,-12,
46,55,
19,49,
6,106,
36,87,
-10,24,
-28,-36,
24,-20,
-28,-8,
-2,41,
4,99,
47,87,
-32,97,
-74,6,
4,24,
69,51,
40,27,
-31,-6,
53,78,
35,37,
1,8,
-115,-25,
-78,9,
-59,35,
-39,35,
20,-5,
-52,42,
-15,4,
-24,-3,
21,-51,
51,-1,
12,-54,
-25,-8,
-60,-34,
-18,65,
16,10,
36,13,
61,29,
7,18,
4,-73,
19,-12,
2,-14,
24,-14,
-1,49,
47,35,
8,40,
-11,-47,
-33,-24,
-10,-24,
-37,49,
-29,-4,
-21,-52,
-39,-47,
-47,-24,
-35,12,
-62,36,
30,-18,
-54,58,
5,60,
24,-39,
6,32,
-8,27,
12,-53,
-27,-25,
19,18,
-51,-7,
0,21,
-12,-5,
3,-38,
-34,57,
-25,2,
-65,24,
-20,-17,
34,-11,
-15,-45,
-22,17,
-14,47,
-45,21,
-28,2,
-34,-22,
10,-21,
46,21,
141,8,
89,23,
64,37,
53,47,
54,60,
34,29,
20,29,
-23,-1,
-23,58,
54,35,
28,-13,
60,23,
7,68,
20,18,
-44,-12,
-46,-50,
27,-49,
55,14,
50,16,
22,-1,
14,24,
-67,-77,
-45,-62,
-24,-36,
51,31,
-59,18,
-80,-26,
16,18,
40,50,
24,20,
-4,-9,
-33,-26,
-81,-85,
-7,-87,
-36,-41,
-43,53,
63,79,
-21,71,
-32,21,
-95,-55,
13,-57,
11,-16,
0,-5,
13,-7,
-10,4,
-32,57,
-50,-7,
13,33,
41,53,
34,39,
-21,23,
49,-33,
-40,-4,
11,58,
-10,33,
78,23,
-7,16,
-5,88,
-107,32,
-9,2,
35,-18,
39,31,
2,40,
-65,-8,
-94,9,
10,-18,
23,10,
-23,-26,
-19,-86,
30,-35,
-34,-4,
-46,27,
-16,44,
-28,0,
-50,-23,
9,13,
48,11,
12,17,
-40,6,
-68,50,
25,91,
8,46,
42,67,
-5,31,
7,-38,
-25,-27,
-16,-69,
-21,-13,
7,13,
-32,-5,
-52,-4,
14,2,
51,20,
11,11,
-1,74,
-18,-35,
-41,-25,
11,36,
67,27,
78,54,
55,51,
21,-24,
-27,-26,
-13,-26,
-14,46,
2,5,
-25,12,
60,54,
5,2,
-15,1,
-20,6,
42,74,
8,5,
32,5,
-11,-34,
12,-25,
4,48,
-26,9,
26,-32,
-9,56,
-68,53,
17,52,
-66,-37,
-52,-54,
-51,-25,
-32,34,
-97,-14,
-41,30,
12,10,
31,-16,
13,-18,
-45,-39,
-41,4,
-28,20,
-6,-12,
12,-40,
21,-3,
-6,12,
-12,24,
21,-71,
50,-33,
-5,15,
36,-5,
11,37,
57,50,
22,10,
69,76,
-35,22,
-84,-17,
-41,88,
28,41,
18,-9,
23,-19,
20,-50,
-52,33,
36,-6,
30,-8,
30,22,
-55,10,
-26,-23,
-34,-63,
-8,7,
36,12,
10,2,
-68,-24,
19,-7,
10,-36,
15,-4,
-1,-15,
-18,8,
-63,35,
-22,-68,
51,-68,
-59,-11,
-35,41,
-2,27,
1,14,
-19,-54,
-7,-8,
-58,29,
-20,17,
-32,-6,
49,-47,
46,21,
-43,15,
38,12,
2,34,
-23,25,
2,-18,
5,29,
10,41,
20,19,
26,65,
47,33,
51,75,
-68,25,
14,-35,
61,-26,
-22,52,
33,27,
60,31,
56,46,
-13,24,
-33,-13,
-40,22,
-21,39,
13,-23,
-5,-20,
-3,73,
49,91,
27,26,
-35,47,
-88,-64,
-31,-26,
39,86,
30,46,
-7,26,
3,-64,
33,-110,
12,-23,
-35,45,
23,9,
356,-409,
1919,-2162,
5536,-4931,
7010,-4775,
7396,-2647,
3439,1370,
-256,2437,
-1047,572,
-437,-1624,
531,-2976,
1622,-2797,
2235,-1422,
1547,-176,
404,189,
-148,52,
-213,165,
-426,480,
-915,721,
-449,233,
-15,47,
17,-35,
-181,-379,
-370,-411,
-466,26,
-277,384,
-133,507,
63,228,
23,86,
-144,129,
-284,188,
-161,311,
-7,239,
-38,152,
-82,88,
28,75,
63,56,
114,194,
-59,305,
-158,369,
-195,219,
-184,185,
-150,183,
-110,99,
-134,50,
-188,98,
-181,63,
-121,138,
-66,154,
-47,66,
-46,10,
-81,-121,
-74,-121,
-6,-26,
-22,-17,
-104,-16,
-154,-6,
-87,-97,
31,-78,
19,45,
-2,64,
-74,83,
-48,117,
-93,105,
-193,26,
-234,27,
-119,8,
-40,19,
-67,-34,
-82,49,
-152,76,
-116,166,
-32,122,
-2,52,
-128,-115,
-157,-138,
-191,-161,
-109,-90,
-48,-1,
-18,22,
-32,67,
-135,20,
-206,71,
-118,54,
4,38,
-36,46,
-216,-52,
-104,-149,
-87,-33,
-24,56,
-52,20,
-82,31,
-75,1,
-31,-44,
29,-69,
-5,-44,
-71,13,
-128,13,
-88,-33,
10,-11,
-39,-95,
-98,-129,
-159,-26,
-101,91,
-12,37,
-37,124,
-25,16,
-102,52,
-101,46,
-112,38,
-48,4,
-49,52,
-25,25,
-59,58,
-138,46,
-87,-15,
-11,49,
19,67,
0,78,
-38,77,
-81,-21,
-9,-36,
-31,29,
-29,114,
-36,153,
-54,130,
-58,-18,
-63,19,
-30,88,
-67,76,
-79,61,
-117,-1,
-38,-35,
-37,36,
-91,15,
-164,19,
-68,85,
-14,103,
-47,67,
-114,49,
-143,-13,
-111,22,
-64,-22,
-65,1,
-88,3,
-25,45,
-55,62,
-84,64,
-86,0,
-62,-42,
-61,21,
29,-3,
-29,22,
-66,29,
-80,121,
-100,116,
-29,80,
-20,20,
00>
_________________________________
00>
00>
Printing STS1 CIR
00>
00>
_________________________________
00>
62,14,
50,13,
-11,-33,
-8,21,
-5,8,
-20,40,
-19,22,
7,2,
-3,5,
36,19,
39,-3,
3,21,
-78,61,
-92,32,
-4,7,
31,-59,
9,-47,
-46,79,
14,104,
-17,27,
1,-18,
60,24,
2,15,
-11,56,
-2,-4,
-25,-44,
28,-21,
25,37,
33,-27,
10,-20,
-54,-38,
-8,26,
-24,49,
19,2,
30,-5,
-3,17,
-45,2,
-28,61,
55,31,
72,35,
57,-14,
0,-2,
8,72,
47,14,
20,-9,
-6,-23,
-7,18,
80,28,
22,3,
18,-70,
57,-22,
28,62,
-42,94,
-61,10,
-108,-4,
-37,24,
-15,96,
78,20,
-1,-20,
-1,-18,
21,-21,
18,65,
-23,-3,
-19,-12,
14,3,
-1,8,
-7,-30,
67,17,
91,9,
88,-7,
86,-10,
106,21,
52,38,
35,-34,
22,-12,
-8,36,
32,42,
-36,57,
-2,37,
-2,25,
24,5,
2,25,
-22,-18,
-53,44,
-97,24,
-99,18,
-161,15,
-64,9,
18,-40,
124,-108,
50,-3,
11,71,
8,42,
71,-1,
65,-18,
33,-7,
2,6,
-29,-32,
-8,-39,
-49,-3,
-46,-35,
52,-12,
59,-12,
57,42,
-5,71,
-57,3,
-42,21,
-22,4,
-39,0,
-7,-5,
-14,46,
-18,-4,
-36,-21,
-29,-18,
40,-39,
47,-12,
2,-14,
-71,-1,
-45,0,
22,-36,
-20,-52,
13,-39,
-15,8,
35,-4,
21,16,
-35,-27,
20,-117,
8,-44,
-43,-3,
34,-17,
4,-17,
19,-9,
-24,-13,
-8,9,
3,-37,
23,-51,
-45,8,
30,30,
-1,10,
-43,25,
-86,58,
-6,36,
-15,-41,
-17,-33,
32,-30,
45,-22,
38,-38,
-4,-20,
-7,-1,
-12,42,
-46,26,
-43,7,
-13,3,
-24,-27,
7,-40,
14,-8,
7,37,
-51,2,
13,-8,
90,-6,
60,-8,
28,-15,
12,5,
-7,-20,
56,-2,
42,35,
62,14,
86,1,
23,28,
-17,-22,
14,-33,
44,-19,
68,22,
-7,-2,
-30,33,
3,-19,
-17,-2,
26,-10,
39,21,
-23,33,
34,39,
-18,19,
-66,19,
6,56,
55,-12,
-4,-18,
-16,12,
16,-40,
6,6,
13,27,
52,27,
65,26,
56,45,
108,-23,
63,32,
-7,30,
16,29,
-8,2,
12,28,
-5,21,
-34,30,
-26,-15,
6,-13,
83,-31,
76,11,
-51,12,
-106,16,
-17,5,
43,16,
-34,2,
22,-2,
9,13,
12,12,
89,-14,
52,3,
104,5,
59,67,
20,-43,
-14,-6,
28,11,
11,32,
6,27,
21,-17,
54,-34,
61,23,
19,59,
8,37,
46,-65,
-17,-115,
-47,-11,
-18,24,
-42,32,
-34,-32,
-12,-60,
-9,43,
-35,35,
5,-10,
84,-35,
54,-12,
26,16,
43,-7,
67,-13,
0,29,
-56,64,
-10,-20,
19,-10,
13,5,
27,-10,
60,-13,
4,-8,
1,43,
25,34,
-12,-60,
46,-62,
21,-60,
2,10,
51,25,
1,-16,
8,22,
45,39,
7,57,
-3,70,
4,31,
30,-45,
-7,63,
30,86,
25,42,
54,-10,
-11,-12,
-28,45,
-28,-37,
6,3,
28,-25,
12,-3,
-12,25,
12,25,
28,38,
24,9,
23,7,
-14,24,
-51,-13,
11,-62,
-24,-81,
-34,19,
-12,-3,
74,17,
82,18,
37,23,
30,40,
25,-35,
68,38,
58,55,
5,38,
13,-5,
53,31,
53,44,
-19,52,
-60,-8,
18,7,
41,27,
43,-56,
36,10,
30,15,
-21,34,
-9,-4,
-21,-18,
34,6,
-3,27,
15,30,
22,-15,
-7,28,
20,57,
-5,86,
-13,48,
-2,-53,
3,11,
4,6,
-71,36,
21,30,
26,38,
48,25,
-23,51,
-25,60,
-38,74,
-10,55,
33,-5,
48,-14,
53,-31,
41,25,
-32,96,
-21,72,
65,34,
35,29,
101,-1,
24,-22,
0,-13,
29,-28,
75,-16,
22,8,
-32,-26,
-64,2,
-42,-44,
24,-32,
8,22,
21,-29,
3,-18,
-4,20,
-7,-32,
37,15,
-22,70,
-76,50,
-41,24,
6,18,
13,32,
11,36,
40,-631,
102,-3738,
188,-7674,
569,-8125,
1218,-7688,
670,-1290,
-151,2196,
-493,1343,
-507,326,
-439,1008,
-402,2399,
-557,2295,
-539,1120,
-362,115,
88,-113,
575,-47,
917,90,
880,180,
233,17,
-175,-106,
-351,-260,
-235,-327,
-239,-212,
-205,191,
-111,483,
11,534,
161,422,
215,58,
95,-140,
36,-200,
-53,21,
-65,238,
-29,458,
-41,364,
-58,12,
33,-34,
162,14,
-49,176,
-255,391,
-352,299,
-217,171,
-7,65,
97,82,
198,144,
143,155,
72,152,
12,72,
67,-73,
67,-113,
-131,-179,
-212,-45,
-215,10,
-142,111,
-50,105,
22,62,
-10,61,
7,-45,
24,-12,
-1,94,
44,131,
91,96,
85,78,
20,133,
-51,100,
-37,66,
31,22,
-35,-42,
-99,4,
-157,-7,
-155,148,
-107,180,
94,120,
169,18,
93,12,
35,-9,
-59,4,
80,-5,
164,32,
181,79,
176,60,
112,71,
25,152,
-50,99,
-23,40,
34,25,
14,103,
23,58,
-16,-16,
30,55,
10,95,
-19,160,
30,135,
-9,99,
-9,84,
-16,89,
32,16,
24,25,
-45,89,
-106,141,
-114,60,
-30,81,
90,19,
119,20,
39,42,
22,124,
36,40,
23,-42,
9,1,
-22,32,
6,21,
78,43,
3,49,
-3,14,
1,18,
51,63,
80,39,
18,70,
31,78,
-6,102,
9,64,
0,53,
14,94,
19,167,
-9,134,
55,36,
28,53,
-22,14,
9,47,
45,-6,
47,42,
-20,-11,
-34,-22,
-36,15,
-45,45,
-25,28,
28,49,
-47,40,
-91,20,
-1,60,
28,94,
-2,75,
-40,72,
-99,124,
-41,97,
36,81,
72,110,
61,-12,
-6,-14,
-50,-4,
22,1,
-15,15,
1,47,
-14,96,
-65,38,
-45,57,
-12,45,
35,15,
00>
_________________________________
00>
RX Timestamp: 1069240675438
00>
Clock Offset: 926.113 Hz, -0.116 ppm
00>
RX Timestamp: 1070312367506
00>
Clock Offset: 2324.581 Hz, -0.291 ppm
00>
_________________________________
Sequence Number: 116
00>
00>
Printing STS0 CIR
00>
00>
_________________________________
00>
20,65,
-28,76,
-48,51,
-63,31,
17,0,
45,6,
8,53,
-5,31,
4,-78,
19,2,
-29,-3,
-26,9,
30,-52,
-2,-6,
16,-16,
-13,51,
80,44,
25,-3,
-5,23,
11,33,
-56,61,
60,31,
32,-5,
42,-11,
40,33,
74,-19,
57,-7,
1,40,
31,17,
41,20,
-9,-47,
42,2,
-7,-5,
25,-24,
59,10,
29,34,
19,-1,
14,-41,
28,-40,
-36,6,
-16,45,
-36,-16,
-2,8,
-28,20,
-31,-16,
63,14,
-9,48,
5,-30,
44,28,
36,36,
87,60,
22,9,
6,-67,
21,45,
87,47,
-28,-2,
59,11,
20,39,
64,36,
46,22,
-19,-6,
51,74,
-3,-10,
30,-16,
22,50,
-5,48,
-26,-21,
-17,-40,
33,63,
60,75,
31,9,
-2,43,
26,-8,
-69,-38,
-2,53,
-14,110,
-31,-9,
-33,-47,
18,-47,
82,10,
14,6,
50,-3,
53,24,
56,-34,
48,39,
6,43,
25,95,
-1,-7,
-20,1,
-12,-17,
-54,-36,
-54,-89,
18,13,
12,29,
38,1,
16,-41,
-40,42,
-43,55,
-18,-28,
-53,-71,
-8,-66,
43,4,
51,46,
54,-17,
-16,11,
-2,12,
33,35,
-33,-73,
-19,-29,
16,68,
-17,-29,
-9,-42,
58,28,
0,11,
30,24,
13,-2,
-42,-17,
-46,36,
-10,13,
10,-35,
28,29,
30,98,
-7,32,
3,23,
30,58,
49,85,
36,33,
-48,46,
-62,59,
-50,49,
-12,-2,
79,-45,
80,-23,
17,-41,
-1,-26,
7,16,
-14,63,
-6,-8,
-44,-1,
7,-24,
27,11,
36,10,
29,-41,
-12,-9,
13,5,
-21,26,
-11,24,
18,-26,
29,-1,
38,-5,
47,-27,
3,-17,
1,-9,
69,25,
36,-14,
0,-1,
5,24,
16,42,
28,-21,
-6,23,
7,-49,
69,-25,
50,-1,
27,13,
-22,34,
-24,6,
21,-45,
99,-20,
43,-54,
-5,23,
82,39,
62,-44,
9,7,
54,-30,
16,35,
23,40,
15,18,
11,40,
6,-42,
-30,-24,
-41,-5,
65,4,
71,11,
89,-14,
30,-16,
-50,67,
-25,5,
25,-45,
-1,-6,
-32,-18,
53,11,
88,7,
52,5,
34,96,
21,5,
91,-14,
38,1,
1,40,
20,51,
31,28,
58,56,
3,-28,
-98,-51,
-91,-62,
64,-12,
26,44,
52,60,
0,98,
-45,41,
-37,6,
29,-35,
-4,14,
25,-17,
1,-28,
22,-34,
32,-16,
43,22,
-82,46,
-60,0,
-22,-42,
50,4,
10,40,
40,75,
62,-15,
76,-25,
44,-3,
22,-10,
-5,-36,
-22,-51,
-105,-34,
-8,-14,
74,-16,
38,-28,
-30,-29,
7,18,
34,15,
48,114,
-3,66,
49,23,
27,-2,
-38,31,
22,-63,
66,-6,
-19,41,
-123,-1,
-98,-64,
-35,-82,
38,6,
70,17,
18,66,
12,14,
26,-18,
44,40,
-5,4,
10,-4,
-34,25,
-14,-14,
17,-13,
26,42,
11,85,
-18,19,
-59,57,
-3,-2,
35,-13,
32,51,
-21,4,
-6,-29,
39,-70,
67,5,
1,-32,
16,72,
-47,49,
14,64,
28,31,
-27,14,
-61,75,
14,64,
63,22,
2,-18,
-7,-45,
-26,59,
31,63,
36,36,
-9,62,
-6,24,
-16,33,
103,36,
40,25,
69,13,
-12,72,
-18,-26,
-38,-10,
-5,-76,
61,-55,
99,-21,
-9,1,
-108,-4,
7,-29,
-24,30,
33,56,
57,59,
78,86,
-13,-19,
-76,-72,
-35,-34,
21,17,
14,-40,
-37,-17,
-45,-19,
0,39,
-11,62,
-28,38,
89,68,
65,19,
86,10,
22,-33,
-17,-29,
5,22,
-15,24,
73,25,
36,41,
-36,67,
-35,11,
-37,-2,
-72,13,
-22,18,
23,58,
-2,69,
3,10,
-30,8,
-43,-6,
-35,-35,
6,28,
49,88,
-66,42,
-68,52,
-45,12,
32,-37,
18,-38,
55,40,
82,35,
33,54,
-10,26,
-4,34,
-74,38,
-5,33,
12,39,
33,40,
-27,24,
0,54,
20,-16,
-47,-75,
-677,-941,
-2101,-4329,
-2200,-7536,
-857,-7722,
1660,-3705,
2600,1555,
1478,2450,
-107,1515,
-1691,2181,
-4178,3401,
-5966,2111,
-5068,-540,
-1725,-1434,
567,-526,
736,105,
222,-214,
115,-669,
473,-688,
455,-166,
236,74,
-35,187,
-124,-49,
-93,-100,
-25,159,
-81,340,
-4,278,
-55,99,
-135,-206,
-233,-428,
-257,-497,
-137,-369,
-20,-135,
107,114,
187,175,
155,34,
138,-37,
249,-175,
220,-23,
79,45,
-209,30,
-356,26,
-270,68,
-158,237,
-47,289,
-163,218,
-196,174,
-83,56,
8,-58,
-23,-140,
-255,-14,
-231,96,
-98,112,
53,122,
178,189,
172,176,
152,169,
89,189,
-46,300,
-74,343,
-145,344,
-29,248,
34,261,
44,175,
-6,173,
18,165,
139,181,
159,82,
111,73,
14,131,
40,163,
111,188,
186,153,
66,-90,
109,-160,
137,-126,
232,-76,
349,111,
414,156,
362,190,
285,108,
155,98,
84,3,
29,21,
-5,55,
-28,16,
-47,-63,
84,-66,
83,24,
114,94,
38,62,
-23,53,
138,52,
190,128,
150,109,
101,56,
14,39,
68,22,
130,55,
112,1,
68,13,
43,20,
-3,66,
2,88,
45,27,
147,4,
78,3,
84,23,
108,-12,
144,91,
142,148,
47,140,
-4,141,
-58,133,
6,95,
-12,93,
57,9,
97,54,
90,55,
89,69,
85,114,
25,97,
51,102,
26,165,
57,189,
-52,81,
-21,-18,
-15,-5,
108,57,
124,44,
78,64,
63,37,
84,26,
69,92,
16,24,
-60,33,
-23,74,
39,150,
82,160,
60,76,
63,-18,
56,-10,
102,2,
83,60,
55,79,
37,32,
19,58,
21,57,
16,51,
78,-19,
98,53,
95,111,
100,60,
-21,90,
20,54,
27,-46,
61,-34,
90,17,
96,54,
48,50,
95,31,
00>
_________________________________
00>
00>
Printing STS1 CIR
00>
00>
_________________________________
00>
38,-9,
-26,55,
-20,3,
-36,0,
-3,15,
23,17,
-45,-1,
-37,-1,
16,36,
40,74,
-28,79,
-38,4,
-45,11,
-9,31,
-39,22,
-39,15,
-36,-16,
1,43,
8,27,
-53,77,
-33,16,
-47,21,
-27,51,
16,-19,
1,-37,
-35,-3,
67,100,
44,78,
-21,30,
-35,-29,
-51,-19,
-116,-21,
7,-93,
-14,-52,
51,-34,
33,45,
-74,-62,
-121,-33,
-41,1,
18,-13,
51,26,
-47,-9,
-30,-7,
2,-5,
6,-37,
-42,-3,
-62,-15,
-26,-29,
-10,-42,
-49,-26,
54,-16,
43,-21,
-16,-7,
-23,108,
33,-23,
9,46,
32,-30,
-51,33,
-82,55,
-63,38,
-21,45,
18,68,
43,14,
-24,112,
-90,82,
-60,-10,
-47,78,
-65,66,
-8,92,
-5,-12,
16,-11,
-2,36,
-55,9,
-84,-20,
-61,-57,
-24,-73,
-24,-38,
-34,-14,
-85,18,
-67,-20,
-60,-3,
-10,0,
28,-61,
3,-20,
25,60,
-54,107,
-84,-80,
-8,-25,
-27,-24,
-44,-44,
-47,22,
-10,81,
38,63,
26,29,
-7,68,
-27,30,
28,16,
51,-16,
18,-61,
13,-28,
12,-30,
26,-1,
-81,6,
-90,5,
-23,-49,
0,11,
-39,11,
-81,-1,
-28,14,
14,50,
37,96,
-1,48,
-38,-37,
-61,-65,
9,23,
65,5,
1,-36,
-34,7,
-42,7,
-114,36,
-48,113,
-50,22,
-2,14,
-103,26,
-37,25,
32,-42,
25,-2,
-6,18,
-44,-38,
-12,-23,
-11,42,
-6,5,
-9,16,
-102,13,
-72,-44,
-44,4,
-2,-28,
29,-35,
-10,14,
33,31,
39,23,
33,-11,
-29,-9,
-21,-47,
-7,2,
-60,70,
-104,75,
-9,39,
-19,-50,
-18,-89,
-21,-11,
-2,-14,
60,-19,
3,-4,
-8,60,
66,-11,
-15,-19,
-16,-5,
46,-67,
65,-89,
56,27,
-32,-8,
-31,-3,
-2,75,
14,98,
33,59,
-55,63,
-30,-5,
-11,-14,
7,77,
44,73,
-15,50,
-87,33,
-78,3,
-13,40,
47,20,
94,71,
49,68,
1,144,
-54,179,
-38,32,
40,-65,
91,-5,
-3,33,
-49,26,
-31,69,
-53,6,
-91,-31,
22,6,
-27,-13,
12,65,
47,-1,
30,12,
-1,-26,
-69,62,
-42,-8,
23,7,
-14,-8,
-14,62,
35,21,
-26,-36,
-56,-25,
-36,-13,
-26,1,
-42,12,
-49,88,
-47,32,
-81,30,
5,30,
2,-16,
42,43,
34,5,
-25,-39,
-40,-46,
-21,42,
18,75,
-51,132,
52,24,
-20,36,
-50,7,
-4,0,
38,-10,
3,-13,
16,-55,
-12,-51,
-2,-23,
-2,10,
1,4,
-28,53,
15,1,
11,21,
58,52,
0,18,
-45,-36,
82,7,
20,-32,
15,9,
-32,87,
30,-35,
19,-22,
-33,45,
-41,39,
-44,18,
-53,23,
-2,23,
48,-12,
0,-109,
-45,-59,
9,-8,
-19,-14,
-18,16,
-5,-32,
21,1,
3,27,
29,-30,
0,53,
15,104,
-88,133,
-51,100,
8,-16,
-70,-11,
-56,7,
17,97,
-2,-36,
-15,-2,
-2,1,
-27,80,
-4,74,
10,40,
20,14,
11,-21,
84,-43,
17,31,
4,1,
7,-17,
85,1,
127,64,
-17,24,
-80,-25,
19,25,
12,-14,
6,3,
-12,54,
23,41,
16,-5,
52,-47,
2,21,
-49,-87,
7,-15,
14,34,
35,3,
7,22,
18,-8,
9,-17,
40,45,
81,42,
69,6,
-7,-11,
-63,31,
5,30,
29,68,
-11,67,
-12,54,
-23,46,
-29,-71,
41,50,
53,49,
70,-1,
71,-11,
-31,-16,
42,12,
33,-2,
21,-15,
39,-67,
2,-11,
-38,-33,
0,-23,
25,9,
36,71,
38,2,
45,23,
-64,5,
-65,65,
-63,99,
-103,113,
-37,-12,
0,0,
-18,52,
43,32,
31,-80,
-4,-149,
-9,-9,
24,-16,
-19,3,
-41,34,
-22,55,
-33,3,
-60,87,
-48,83,
-20,23,
-66,79,
-13,41,
-17,67,
4,83,
-18,-10,
50,50,
19,74,
-21,51,
-58,37,
-56,40,
-53,-9,
-129,-7,
-1293,-448,
-4890,-2817,
-6738,-4939,
-6164,-5462,
-1508,-2604,
2619,547,
2643,965,
343,-297,
-655,-1662,
249,-2809,
1809,-2935,
2194,-1640,
1187,-131,
117,308,
-245,88,
-334,208,
-627,689,
-879,847,
-351,455,
19,99,
388,51,
43,-38,
-281,-47,
-146,136,
54,415,
84,449,
-95,271,
-253,258,
-186,418,
-103,653,
35,599,
113,355,
135,204,
-26,196,
-103,110,
-59,50,
35,-8,
100,138,
120,381,
136,391,
255,345,
251,126,
242,40,
147,106,
0,199,
39,179,
68,133,
84,174,
-17,295,
-124,260,
-55,122,
-13,55,
-19,4,
130,51,
195,67,
176,15,
252,-17,
209,-27,
115,24,
32,-17,
192,-26,
155,98,
141,193,
105,335,
21,358,
29,333,
20,63,
-13,-22,
-94,87,
-196,240,
-142,215,
-7,121,
-22,5,
120,50,
260,121,
282,70,
241,93,
195,109,
165,133,
137,60,
142,-26,
57,-34,
52,-131,
151,-68,
181,19,
34,132,
3,109,
13,13,
-65,-68,
-45,-19,
-50,-51,
28,-50,
118,-51,
90,-22,
13,-46,
-11,-38,
3,-48,
41,-25,
-14,16,
-48,37,
34,37,
37,5,
46,-43,
77,-14,
31,-58,
11,-26,
75,5,
32,-2,
-59,35,
-30,52,
24,78,
-9,98,
-13,105,
-96,98,
-42,53,
-30,68,
17,24,
0,30,
-51,98,
-25,73,
-27,-19,
-34,-22,
-78,69,
8,62,
48,67,
13,123,
10,82,
10,17,
29,-1,
45,-38,
69,-26,
39,2,
52,66,
-47,72,
-42,9,
22,-5,
58,35,
63,71,
40,59,
14,-3,
-13,-12,
43,73,
78,87,
69,80,
106,-9,
49,-50,
-17,10,
-34,13,
-22,25,
21,-11,
70,74,
8,134,
13,73,
48,30,
10,55,
57,58,
103,78,
5,5,
-14,11,
24,-13,
00>
_________________________________
00>
_________________________________
Sequence Number: 119
00>
00>
Printing STS0 CIR
00>
00>
_________________________________
00>
6,-1,
30,26,
37,61,
-10,67,
5,-24,
-47,-31,
14,58,
30,24,
55,-37,
1,-13,
43,-5,
-33,33,
-89,-7,
-70,-5,
-26,4,
12,-35,
-75,-39,
-5,-12,
37,-41,
-8,-19,
-2,52,
-27,34,
-19,47,
18,28,
-11,-10,
-33,-30,
-47,2,
-40,-27,
-18,71,
38,71,
93,-22,
69,7,
-11,-21,
3,-9,
-20,9,
25,20,
-41,7,
-20,-35,
-15,-52,
23,-7,
54,-31,
130,-7,
57,-19,
-62,47,
-47,48,
-31,-72,
-66,-60,
-84,-21,
-18,59,
-26,-42,
19,-51,
-12,22,
37,31,
-30,36,
7,-27,
19,-34,
-2,-31,
15,-42,
-33,-9,
-1,38,
-9,36,
-5,5,
7,-22,
3,-69,
18,21,
105,79,
-8,89,
-36,66,
4,-10,
75,-22,
4,-13,
58,-38,
9,8,
42,3,
20,46,
28,14,
-69,-6,
-21,-30,
31,-28,
49,-13,
80,2,
44,29,
11,-8,
5,-14,
-16,46,
-25,69,
76,-47,
15,35,
-33,81,
38,21,
17,11,
50,2,
10,-3,
-42,15,
25,-29,
11,-46,
52,-27,
-56,57,
-41,2,
48,55,
-19,39,
26,7,
65,18,
-8,-63,
-33,8,
-48,32,
-36,3,
18,-36,
46,-2,
54,17,
102,77,
87,73,
-40,-9,
-67,-26,
-35,-58,
28,1,
36,24,
30,4,
5,16,
51,-52,
54,-22,
-31,-71,
-20,21,
57,14,
20,33,
3,46,
69,42,
66,-69,
66,-35,
34,-3,
-11,28,
31,12,
3,-39,
-45,6,
-55,2,
-30,36,
-36,37,
-41,17,
-49,3,
13,-10,
58,-33,
88,60,
29,32,
19,-22,
-29,-13,
38,-16,
11,-23,
-16,-15,
-15,75,
-87,12,
-38,-29,
1,-59,
29,-39,
-3,18,
4,49,
-3,-2,
-21,-8,
28,-25,
7,-53,
-17,-8,
21,2,
49,18,
65,50,
-28,33,
-36,50,
-38,18,
37,43,
18,35,
18,50,
-16,-33,
10,-92,
-13,-32,
57,-24,
-52,-48,
-34,-27,
-43,9,
48,48,
41,94,
56,4,
45,-3,
55,-20,
97,-16,
85,62,
-66,36,
-14,-3,
9,-50,
54,23,
16,-79,
-16,-36,
-28,-41,
74,-60,
87,22,
-14,-43,
-19,33,
-1,-16,
24,5,
16,-18,
34,58,
-16,72,
29,31,
43,33,
9,62,
-15,4,
35,-1,
71,14,
10,-33,
59,-12,
60,-10,
29,-62,
-26,12,
-50,-61,
35,6,
46,7,
72,43,
14,38,
-6,5,
31,68,
-68,8,
-8,-51,
51,-59,
47,36,
34,30,
79,-11,
50,22,
30,-9,
64,22,
-12,-43,
-10,10,
-60,38,
-68,70,
43,20,
37,-46,
26,-64,
2,11,
19,82,
-31,21,
28,37,
-3,89,
16,8,
23,0,
56,-2,
62,40,
20,3,
-28,53,
3,33,
29,40,
65,-18,
57,-28,
36,-40,
-95,-33,
-78,31,
7,13,
7,-17,
32,36,
-47,45,
-9,-15,
-9,25,
-2,6,
39,-2,
-9,-31,
-24,-30,
-50,29,
57,31,
28,-57,
7,-43,
141,29,
24,62,
70,54,
-9,2,
12,0,
-5,-23,
-13,-52,
-4,-17,
-61,-18,
1,14,
31,7,
39,42,
30,-4,
-21,-32,
18,7,
21,-4,
60,25,
63,-61,
49,-73,
-23,-4,
-22,-20,
0,-25,
33,-34,
5,51,
24,45,
32,27,
82,13,
-5,8,
-21,-12,
21,8,
12,29,
26,-39,
-1,-61,
81,46,
-1,-4,
-39,-7,
52,-33,
24,16,
15,-48,
84,-55,
51,-19,
61,23,
0,76,
-43,21,
-46,35,
-15,16,
6,26,
-25,14,
27,1,
-62,-35,
-11,-2,
44,25,
21,-61,
-15,-22,
-8,63,
40,74,
13,-8,
-3,-9,
45,69,
23,28,
35,-56,
27,-102,
10,-104,
45,-70,
31,13,
58,-15,
19,-2,
14,46,
2,10,
13,-59,
-16,-10,
-1,-41,
18,8,
-22,42,
2,38,
-11,24,
108,63,
44,30,
-10,-49,
29,-6,
5,-12,
28,31,
19,19,
16,19,
32,10,
2,16,
-25,-55,
1,-33,
9,37,
-30,-47,
-26,-12,
-354,-43,
-2057,-25,
-6716,-229,
-8095,-938,
-7820,-2319,
-2798,-2953,
1500,-1676,
1497,-122,
-262,919,
-2096,1622,
-3186,1179,
-2872,-157,
-1537,-853,
-243,-469,
378,-42,
450,41,
650,-46,
1146,63,
817,108,
106,-11,
10,-1,
-95,337,
24,494,
240,353,
397,100,
462,-159,
117,-197,
-3,-126,
151,24,
364,127,
364,-38,
183,-95,
127,-149,
169,-33,
75,-47,
64,-103,
77,-152,
225,-189,
353,-242,
437,-132,
326,-79,
201,-115,
124,-6,
154,24,
270,110,
214,45,
222,-27,
161,-39,
142,-8,
85,9,
-33,261,
3,185,
-70,139,
23,93,
15,65,
23,114,
-21,139,
-17,101,
24,56,
70,15,
37,-12,
148,42,
246,56,
162,88,
69,94,
36,49,
121,7,
47,90,
55,117,
180,122,
138,-22,
46,-76,
48,66,
56,124,
39,182,
13,240,
-30,82,
-12,52,
35,-33,
59,-55,
133,23,
187,101,
169,83,
27,-43,
-21,1,
89,130,
111,144,
104,39,
68,12,
103,23,
149,40,
89,56,
53,11,
-15,20,
-17,115,
41,76,
93,-22,
21,12,
19,68,
37,171,
45,81,
112,43,
75,-30,
51,-48,
77,24,
149,50,
87,44,
52,36,
76,67,
87,56,
81,-10,
69,44,
83,19,
93,7,
120,42,
58,17,
95,53,
143,33,
134,29,
66,-42,
90,-41,
65,53,
87,-2,
126,-31,
102,-31,
56,8,
64,65,
32,36,
49,-42,
135,-57,
131,-12,
84,37,
90,30,
126,24,
138,73,
22,11,
95,51,
78,18,
114,52,
122,63,
71,19,
57,-26,
52,-42,
46,-13,
61,-19,
141,46,
121,25,
61,35,
48,49,
25,-50,
8,50,
34,10,
64,18,
146,-28,
55,-5,
49,-14,
00>
_________________________________
00>
00>
Printing STS1 CIR
00>
00>
_________________________________
00>
17,-3,
9,-59,
-19,49,
19,45,
6,62,
-24,107,
0,46,
53,25,
42,23,
-60,-25,
-47,-34,
-3,-12,
50,23,
31,25,
55,28,
51,10,
10,-6,
-1,-11,
39,-3,
36,76,
12,16,
-2,-40,
37,-5,
-11,2,
33,31,
34,12,
34,-67,
29,54,
-10,23,
-41,-2,
-45,-26,
-11,-10,
19,-33,
9,17,
-6,32,
-11,14,
32,44,
29,-1,
-5,78,
-15,63,
50,64,
46,87,
43,73,
59,-6,
15,66,
-25,53,
-75,21,
-54,15,
33,-14,
39,2,
6,-51,
-2,44,
-59,3,
-26,13,
-6,-6,
34,8,
33,38,
78,6,
20,17,
-13,-7,
-29,-2,
-31,6,
-53,-9,
-18,-10,
0,17,
10,0,
53,58,
32,1,
21,-49,
-22,38,
15,6,
33,56,
17,89,
20,86,
9,-24,
-21,-20,
-42,32,
-77,48,
-63,57,
-21,38,
-6,-49,
-33,-7,
11,-52,
21,6,
-21,-50,
-23,-28,
-17,-53,
-45,-44,
8,-9,
8,-16,
4,-11,
35,34,
15,2,
-2,8,
7,-20,
34,-7,
43,41,
-19,45,
13,-11,
54,-10,
45,6,
-3,44,
-27,-24,
1,-10,
33,0,
-40,50,
-11,41,
-25,-11,
22,13,
67,41,
34,-48,
34,-73,
45,1,
21,-16,
12,1,
-9,-41,
-23,6,
62,63,
48,16,
82,87,
48,96,
45,25,
48,-73,
9,41,
-51,16,
-83,27,
-30,10,
-38,0,
33,10,
15,35,
-47,8,
-37,80,
-30,31,
-13,-33,
66,47,
13,54,
7,34,
19,18,
20,-24,
51,46,
4,91,
23,18,
43,-18,
20,-27,
-36,5,
2,18,
0,-9,
45,-42,
-67,-2,
-69,36,
-45,-7,
-18,-44,
28,-25,
37,-6,
72,-55,
44,-11,
58,-33,
41,-24,
-34,26,
-79,97,
-5,25,
4,-22,
-1,21,
3,125,
7,32,
17,3,
11,-4,
-2,15,
25,31,
-13,5,
18,25,
44,76,
35,71,
2,59,
27,7,
28,-1,
12,-55,
-40,-7,
-2,0,
-27,2,
44,-22,
44,-93,
91,23,
48,34,
51,55,
-35,34,
-8,34,
42,4,
31,19,
-23,46,
-4,-14,
32,-22,
76,-23,
11,56,
17,45,
-2,34,
32,67,
-6,66,
64,24,
51,9,
14,11,
-21,-22,
-62,27,
-7,30,
11,56,
-18,43,
-19,39,
-42,-19,
-17,26,
25,18,
28,-12,
32,-42,
-3,-15,
-11,48,
-14,-22,
38,4,
90,-3,
10,9,
25,35,
-1,-1,
-1,-21,
-60,-26,
8,44,
12,46,
69,8,
42,5,
-6,48,
8,-13,
-14,-33,
14,-28,
22,-5,
58,48,
24,70,
-4,-2,
-18,-67,
-29,4,
10,20,
29,12,
45,-38,
36,16,
16,-12,
20,12,
18,34,
16,-40,
-5,-31,
27,-19,
46,43,
45,52,
-38,22,
-23,23,
-69,-39,
-20,-47,
5,11,
30,22,
23,42,
24,-26,
12,-25,
58,-21,
32,-29,
-5,-6,
-40,20,
6,41,
75,29,
21,17,
-19,42,
2,10,
12,-25,
8,8,
-39,25,
-38,-27,
-22,-24,
19,5,
-2,-3,
-19,-8,
-19,-27,
-10,-9,
29,27,
83,-53,
84,14,
79,72,
33,80,
22,63,
21,-2,
36,-30,
-4,-20,
-41,19,
-43,-31,
-24,-31,
1,-43,
28,6,
11,67,
23,36,
42,60,
-48,-2,
-18,-59,
-2,-48,
-4,-27,
-2,-5,
-9,58,
10,49,
80,28,
-7,-22,
72,15,
43,-1,
-13,17,
-82,-11,
-32,64,
4,-9,
38,-16,
44,42,
-1,-79,
-38,-41,
-5,-41,
40,13,
58,-28,
28,-34,
37,-27,
43,-1,
15,27,
25,28,
-3,38,
6,53,
-1,32,
37,31,
61,-20,
50,-55,
-1,13,
57,26,
72,53,
74,-24,
7,-75,
-36,-37,
-16,-18,
-46,-17,
-54,-57,
-1,-25,
9,48,
6,-10,
9,15,
26,14,
-28,0,
-22,49,
-9,-6,
2,0,
-34,10,
-28,-32,
3,11,
24,72,
17,72,
39,-12,
26,-9,
9,31,
-4,70,
18,80,
33,32,
-5,24,
-295,399,
-1892,2230,
-5240,5303,
-6493,5553,
-6653,4679,
-2360,528,
1107,-1726,
1320,-773,
485,268,
705,-238,
1631,-1489,
2004,-1523,
1309,-506,
438,222,
-111,103,
-329,-364,
-389,-712,
-391,-734,
-297,-358,
28,45,
85,272,
-104,421,
-26,437,
253,97,
363,-205,
408,-420,
325,-431,
62,-216,
-182,65,
-122,128,
29,67,
206,-51,
236,-167,
292,-124,
111,116,
40,71,
-54,-48,
174,-156,
388,-29,
395,140,
238,175,
80,-31,
5,-209,
18,-181,
95,-170,
130,-145,
110,-65,
-45,-7,
-154,85,
-150,225,
99,107,
118,105,
167,70,
233,-59,
87,-45,
-42,70,
-14,60,
14,-10,
41,-36,
65,-80,
53,-71,
101,-69,
129,-82,
58,-7,
78,45,
43,37,
-36,25,
117,60,
175,137,
207,14,
191,-86,
49,-120,
-17,-82,
-90,-5,
-40,17,
-31,45,
-27,-45,
-49,-96,
-65,-57,
-25,-100,
28,-142,
130,-138,
51,-66,
13,-62,
-6,-72,
40,-112,
-40,-90,
28,-62,
27,-27,
32,-47,
62,-111,
92,-101,
64,-19,
42,-105,
56,-47,
54,-12,
77,2,
102,10,
62,-5,
20,-15,
-37,-81,
67,-147,
99,-94,
53,-67,
65,-42,
35,-50,
60,-24,
76,20,
112,-30,
103,-62,
80,-81,
89,-82,
47,40,
36,-29,
21,-52,
-2,-51,
6,-62,
56,-84,
142,-83,
77,-18,
53,-80,
79,-55,
28,-43,
96,-84,
83,-42,
17,-4,
-18,-73,
45,-92,
41,-36,
-17,-36,
-70,-17,
-51,-7,
-41,-31,
79,-9,
49,1,
24,-26,
91,8,
91,-5,
106,-21,
96,-25,
60,38,
69,-6,
29,13,
66,-57,
60,-61,
19,-87,
-38,-91,
-5,-82,
25,-42,
76,44,
81,-21,
-5,-13,
-20,-42,
37,-8,
32,15,
-3,-53,
00>
_________________________________
00>
RX Timestamp: 109898783978
00>
Clock Offset: 1863.384 Hz, -0.233 ppm
00>
RX Timestamp: 110974292482
00>
Clock Offset: 2201.843 Hz, -0.276 ppm
00>
_________________________________
Sequence Number: 252
00>
00>
Printing STS0 CIR
00>
00>
_________________________________
00>
4,80,
-4,91,
37,20,
-46,-80,
-85,-98,
-71,-46,
-24,-40,
42,-33,
-16,-15,
-41,53,
-20,28,
-46,71,
-38,35,
-81,-22,
-12,18,
-29,-62,
-32,-95,
-53,-67,
58,-66,
6,-23,
1,-49,
-14,35,
50,11,
49,67,
41,34,
12,1,
-7,-58,
-28,-6,
-41,-53,
-10,16,
-27,-45,
-36,-10,
-21,-29,
-60,-13,
-12,18,
18,46,
27,61,
24,89,
30,102,
-5,-17,
-46,-51,
25,-33,
29,-92,
65,-65,
-43,-20,
-87,29,
-40,6,
-24,-70,
-38,9,
29,-22,
-18,27,
21,23,
-45,-72,
-26,-106,
46,-3,
-36,-1,
-44,-23,
-42,-44,
-77,-37,
-69,36,
-12,37,
-8,22,
27,78,
6,17,
12,15,
23,-6,
39,7,
-11,8,
27,58,
-16,26,
-36,-21,
75,-102,
81,-88,
-19,-1,
-3,3,
-20,-8,
-60,-29,
-21,42,
14,14,
-66,-38,
-82,35,
-59,-28,
-40,-7,
19,25,
57,59,
42,49,
-18,18,
13,45,
-21,-13,
14,55,
0,-22,
45,17,
46,24,
10,-23,
7,45,
-38,33,
-33,-29,
-31,-2,
-29,-24,
25,83,
42,92,
42,98,
-16,85,
-50,-3,
-53,-5,
-66,39,
-3,69,
13,77,
10,1,
-14,-7,
-36,-1,
9,16,
14,2,
0,39,
-1,-21,
55,102,
26,-30,
4,-42,
51,-48,
110,-9,
-4,30,
-60,-3,
-28,72,
49,31,
-11,24,
26,7,
51,30,
-26,61,
37,5,
-10,2,
-4,65,
-11,125,
15,46,
-28,87,
-70,34,
-33,-69,
-105,-19,
15,8,
76,24,
12,-17,
13,-26,
57,-11,
88,-7,
59,-20,
-26,44,
9,-8,
-68,-1,
-86,2,
3,29,
7,40,
16,-12,
-3,-34,
37,1,
-1,25,
12,14,
6,-11,
16,-45,
47,-17,
55,24,
-68,-56,
-37,28,
-5,20,
-5,62,
-26,65,
-11,149,
-48,131,
7,70,
15,4,
-79,-71,
-21,42,
-55,6,
29,11,
33,-7,
-21,1,
-1,52,
-21,7,
-18,-43,
-2,-18,
-12,-19,
64,28,
74,5,
76,60,
2,25,
-9,46,
-44,-2,
-101,-25,
-64,0,
-30,-28,
-16,-18,
29,6,
13,-15,
32,19,
-5,-12,
-11,5,
-22,-4,
4,-49,
-16,20,
-29,77,
-48,95,
-36,25,
-60,10,
-70,-34,
-94,-39,
21,-26,
122,-52,
11,57,
-31,19,
2,37,
6,-4,
-4,-65,
-18,-22,
-25,83,
-23,84,
22,34,
-33,1,
-114,-21,
-103,14,
-50,-45,
44,69,
39,-25,
73,38,
15,40,
-38,56,
-5,16,
-64,11,
5,6,
-25,6,
-6,47,
-10,11,
10,63,
-45,22,
-1,-23,
21,-29,
35,13,
-29,35,
-49,31,
-57,12,
69,-22,
13,20,
3,-20,
-2,15,
-20,1,
1,-15,
-109,48,
-80,20,
-67,68,
-78,-41,
-35,5,
-5,26,
8,-33,
-19,33,
23,26,
-34,51,
-1,22,
-8,12,
-9,6,
-13,44,
-11,26,
2,-31,
8,-18,
46,44,
-24,26,
-60,60,
-50,126,
-18,114,
-13,13,
-74,-14,
-42,-15,
-64,-33,
-77,-43,
-43,4,
-30,65,
-90,-15,
-45,30,
-64,58,
-46,18,
41,32,
-33,-26,
-77,-12,
-39,-37,
4,27,
17,-4,
30,69,
20,98,
-19,3,
-23,-1,
-46,25,
9,23,
-51,-64,
-18,-68,
-13,-21,
-92,4,
-5,-30,
-6,-75,
-58,-36,
-2,11,
-22,-7,
-65,16,
-48,12,
-9,35,
3,0,
-32,-14,
62,-63,
55,-6,
5,-2,
-26,-14,
-57,-15,
-29,111,
28,90,
21,73,
-31,68,
-22,-44,
-30,-7,
28,-55,
25,14,
46,0,
70,38,
22,57,
-18,19,
-4,0,
-26,-10,
2,-27,
-49,-22,
-13,-2,
43,81,
34,6,
31,40,
43,38,
-4,48,
-34,-6,
-44,-47,
-4,49,
6,55,
23,66,
-8,48,
-125,36,
-125,-23,
-60,-64,
7,-46,
-21,12,
65,57,
71,26,
-32,65,
-65,3,
-46,-5,
-51,38,
-15,-45,
13,30,
9,-11,
11,-52,
27,13,
-9,-27,
-7,5,
-101,171,
-989,796,
-4316,2605,
-7249,3158,
-7405,1773,
-2750,-929,
1194,-2125,
1871,-1337,
1484,121,
2985,1688,
4413,3790,
3009,5274,
1,4262,
-1276,1336,
-642,-285,
-93,-413,
-297,-125,
-732,-7,
-686,-169,
-128,-282,
46,-169,
99,-12,
-34,71,
-12,78,
152,36,
246,-1,
205,-90,
9,13,
-227,224,
-414,324,
-386,257,
-211,138,
-74,27,
34,-26,
91,-148,
4,-100,
-122,-85,
-227,-115,
-76,-114,
-18,10,
-35,226,
-4,330,
75,210,
176,104,
266,25,
230,136,
121,153,
0,67,
-80,42,
-108,134,
42,219,
58,160,
62,65,
93,-38,
129,-101,
128,-78,
120,-162,
201,-110,
250,-18,
269,98,
265,112,
166,-36,
200,-44,
151,-29,
104,-19,
87,-76,
67,-67,
-31,-96,
-51,-83,
79,-34,
209,-49,
129,-71,
-62,-36,
-137,-31,
-69,-97,
-62,-161,
-45,-267,
25,-302,
61,-338,
47,-335,
29,-198,
15,-117,
-19,-4,
40,69,
56,1,
34,88,
-50,57,
-44,28,
-14,-1,
47,-22,
99,-23,
-24,-82,
-41,-191,
-10,-159,
-68,-67,
-30,-25,
51,45,
59,-6,
7,-6,
-51,-43,
18,32,
62,25,
96,20,
52,-89,
76,-88,
-16,-143,
-92,-90,
-44,-80,
47,-139,
48,-131,
51,-1,
56,-25,
100,-26,
40,-11,
15,-59,
49,39,
0,-81,
47,-96,
-33,-130,
-2,-121,
76,-57,
38,-27,
50,-31,
81,7,
123,-112,
60,-36,
-76,-79,
-11,-34,
5,-16,
66,-16,
-20,-62,
-57,-43,
68,-80,
88,-47,
-32,50,
5,21,
64,-22,
47,-31,
17,98,
23,43,
-18,-34,
-55,-129,
25,-69,
2,-62,
0,-17,
10,-2,
28,-18,
27,-10,
23,24,
-45,-111,
-29,-83,
31,-117,
47,-51,
20,-18,
54,-74,
-1,-129,
55,-33,
33,-60,
52,-19,
00>
_________________________________
00>
00>
Printing STS1 CIR
00>
00>
_________________________________
00>
-25,24,
-17,11,
-14,0,
7,3,
-44,20,
-26,-19,
-27,20,
21,-17,
1,-30,
33,56,
55,48,
129,5,
96,13,
56,51,
-23,35,
-44,5,
18,-55,
31,-66,
12,22,
-34,-70,
-133,-58,
-140,-31,
-70,48,
34,89,
9,15,
-19,-16,
-31,-13,
48,-2,
57,33,
61,37,
-19,3,
-18,30,
-9,57,
18,32,
-5,5,
34,1,
14,-7,
26,46,
0,-37,
-73,3,
-41,8,
36,43,
-8,60,
13,3,
0,58,
-36,-1,
-51,-13,
-33,23,
10,25,
7,-33,
26,6,
-13,20,
-33,-34,
-74,-29,
22,-9,
49,-19,
20,-25,
-12,-22,
-70,-12,
-26,17,
-15,-69,
-4,-71,
54,-40,
64,33,
-5,13,
-2,-45,
22,-49,
-7,-4,
-4,-18,
36,36,
55,-22,
-26,-29,
-13,30,
15,-72,
20,-70,
23,-15,
38,8,
44,-5,
27,68,
38,58,
-36,44,
46,27,
24,55,
8,51,
-40,-9,
10,12,
-1,40,
-13,53,
31,34,
34,6,
-9,6,
-19,27,
52,25,
16,39,
29,31,
19,52,
55,-35,
-8,-18,
17,11,
21,0,
-6,-28,
14,-17,
34,-38,
32,-7,
-35,57,
-45,-11,
6,37,
14,22,
43,32,
49,-12,
29,29,
0,33,
-26,52,
1,-19,
-34,-7,
-23,-12,
25,26,
25,71,
-12,39,
-4,55,
15,65,
46,36,
75,-2,
73,-4,
70,-14,
-9,58,
-58,-17,
19,5,
52,-40,
15,-73,
-16,-44,
-61,22,
2,51,
-4,45,
33,77,
22,66,
39,22,
22,28,
64,15,
14,-18,
-117,12,
-30,86,
27,36,
75,52,
14,29,
39,43,
-3,39,
9,1,
26,17,
22,20,
0,-4,
-30,65,
-11,-11,
29,11,
78,0,
40,73,
17,38,
-14,29,
14,18,
38,7,
66,-15,
10,-6,
-9,58,
4,109,
51,33,
97,44,
70,-14,
36,54,
-1,42,
2,61,
33,55,
2,39,
12,7,
30,-7,
4,18,
-13,26,
69,27,
-2,-5,
-5,3,
-43,10,
-16,-25,
37,-16,
-11,-9,
27,2,
37,-14,
-25,23,
-34,28,
78,28,
79,1,
-12,45,
31,2,
27,4,
48,9,
43,10,
15,-17,
17,8,
33,60,
52,110,
68,33,
78,-18,
24,-61,
-39,0,
-69,8,
15,49,
49,24,
24,-23,
70,14,
70,47,
-10,48,
13,78,
-5,62,
29,23,
-1,-15,
36,9,
-13,-4,
9,6,
-37,-58,
-29,-1,
82,58,
125,9,
44,4,
-13,-15,
6,19,
-15,48,
45,16,
4,32,
-8,22,
-31,21,
14,-23,
-14,10,
-25,38,
31,60,
-26,74,
-33,37,
23,-14,
30,27,
24,54,
-7,90,
0,51,
26,17,
64,24,
-10,12,
-27,31,
9,74,
66,53,
66,96,
-32,130,
-32,69,
30,40,
21,20,
73,4,
14,90,
-8,75,
-19,21,
-20,20,
66,-34,
68,-32,
21,-29,
72,24,
8,50,
61,19,
18,24,
-41,57,
9,83,
42,51,
10,33,
18,2,
24,9,
68,-10,
75,47,
1,40,
53,32,
6,54,
11,49,
50,28,
85,36,
93,57,
107,102,
44,62,
39,56,
11,56,
15,64,
-10,65,
33,2,
-43,-30,
-30,16,
-25,33,
15,69,
47,18,
64,-13,
96,-8,
53,29,
16,5,
63,59,
33,57,
7,-16,
-34,13,
-24,29,
1,38,
-1,41,
-20,-2,
20,-34,
28,12,
10,26,
-3,76,
-25,81,
22,1,
-1,-25,
-51,-9,
-29,26,
-3,3,
55,50,
54,59,
34,-33,
7,-41,
-6,-13,
37,-102,
9,1,
22,54,
16,61,
39,33,
31,-91,
11,-96,
6,23,
37,44,
41,21,
9,-9,
18,3,
-4,-1,
5,-15,
-52,-13,
27,-4,
31,37,
-14,34,
54,43,
56,-22,
48,-2,
17,-7,
-47,-12,
-23,24,
-66,-2,
-49,-19,
-4,16,
-18,2,
48,-11,
81,-33,
77,-54,
10,-64,
-47,20,
-41,51,
6,40,
22,32,
-10,42,
0,234,
-488,1864,
-2171,5975,
-3432,7388,
-3868,6517,
-1469,677,
315,-3164,
362,-2120,
-446,305,
-1424,1161,
-2365,250,
-2601,-1218,
-1449,-1543,
-229,-844,
164,-85,
91,242,
278,250,
649,507,
890,554,
429,202,
71,-147,
-27,-241,
-47,110,
87,301,
240,12,
435,-202,
371,-88,
216,114,
244,190,
422,79,
519,-91,
392,-219,
230,-163,
125,-67,
175,7,
86,22,
49,47,
25,-4,
145,-52,
266,-104,
399,-259,
353,-365,
187,-290,
5,-199,
79,-63,
150,7,
143,-53,
127,-160,
141,-123,
241,-75,
201,44,
168,73,
98,105,
-17,-15,
0,-68,
99,-126,
55,-157,
19,-151,
-18,-162,
7,-50,
-68,-17,
-65,-66,
-4,-169,
170,-127,
287,-122,
290,-103,
253,-27,
82,-1,
27,14,
73,84,
171,106,
178,66,
128,-57,
83,-98,
88,-147,
147,-201,
128,-258,
46,-220,
60,-180,
52,-180,
116,-114,
157,-45,
66,-75,
21,-3,
50,-33,
112,-75,
50,-9,
43,22,
52,40,
77,81,
-16,82,
-77,97,
-52,-10,
-7,-52,
70,-41,
8,-3,
-51,13,
17,-95,
-13,-78,
-88,-43,
10,-50,
100,-72,
85,-29,
51,-49,
-36,-72,
-19,-80,
20,-89,
36,-36,
18,13,
33,-22,
128,19,
103,6,
56,-44,
82,-7,
147,67,
65,77,
25,82,
23,-35,
98,-38,
33,-49,
-3,47,
38,74,
90,24,
47,43,
33,13,
23,31,
106,21,
83,-52,
84,13,
62,-39,
62,4,
60,-7,
126,-10,
83,5,
97,40,
82,44,
-8,-44,
34,-5,
34,-58,
45,-70,
32,-57,
24,-15,
43,29,
73,21,
54,12,
84,-7,
124,-81,
79,35,
90,33,
82,-27,
30,-12,
80,-20,
107,-16,
16,-19,
11,-29,
74,-13,
120,31,
62,2,
28,-80,
00>
_________________________________
00>
_________________________________
Sequence Number: 255
00>
00>
Printing STS0 CIR
00>
00>
_________________________________
00>
-52,-48,
-16,17,
50,52,
75,-22,
52,-40,
39,1,
36,8,
-15,-12,
-58,-40,
49,-18,
0,0,
-13,54,
-42,-8,
-38,-17,
30,34,
-7,76,
-18,80,
-21,7,
-23,6,
-31,-32,
71,15,
43,-23,
-13,-41,
34,-53,
28,70,
31,61,
-18,-55,
19,-25,
11,-35,
-41,-26,
-47,8,
43,-31,
-11,-36,
-12,-25,
50,-23,
34,10,
33,43,
4,66,
-30,42,
19,-78,
42,-94,
34,-26,
-3,56,
33,75,
6,37,
-39,54,
-17,11,
-40,-52,
-2,-25,
-7,-7,
-12,-4,
-62,0,
32,-62,
9,-15,
72,6,
-27,2,
-26,-69,
33,-33,
34,-25,
7,0,
-3,5,
30,-40,
-11,-24,
-48,11,
-37,38,
-9,35,
-3,4,
-62,-62,
7,-49,
9,-4,
57,-21,
44,28,
14,20,
14,-34,
19,43,
-28,17,
-17,30,
15,18,
22,-15,
-50,-4,
-7,10,
29,63,
14,28,
-9,28,
-23,1,
27,6,
14,-41,
37,-34,
53,71,
31,77,
1,7,
4,-31,
-4,-17,
-5,37,
1,10,
-5,-82,
58,-14,
32,-97,
42,-58,
15,-62,
32,-32,
38,41,
-12,51,
8,-12,
18,-55,
136,-34,
59,44,
28,-14,
-24,20,
49,-18,
49,6,
-15,-67,
8,-46,
55,85,
-8,39,
-44,-29,
-29,-21,
28,-9,
13,-69,
-51,9,
-41,46,
20,40,
53,78,
-8,28,
-40,-6,
-2,-4,
9,-9,
29,29,
45,25,
29,33,
2,39,
-103,26,
-1,38,
18,39,
13,-32,
-22,-16,
17,35,
26,66,
30,62,
17,34,
14,-44,
40,-34,
-16,31,
-97,13,
-21,-88,
15,20,
4,-41,
2,21,
-10,47,
-7,84,
-3,-17,
30,2,
42,0,
61,-67,
-21,28,
18,16,
-109,9,
-34,63,
49,8,
102,1,
44,27,
42,53,
48,16,
9,80,
13,53,
-17,33,
-3,-32,
33,-3,
38,-41,
44,-48,
20,18,
34,5,
0,19,
-9,-24,
-2,-23,
41,37,
20,-14,
31,-14,
-15,-1,
-68,17,
-10,-16,
62,1,
12,-3,
-39,4,
19,39,
25,-42,
42,48,
58,36,
13,-9,
16,-82,
-20,-45,
-65,-30,
-61,-44,
17,-17,
70,-85,
-17,-63,
27,11,
55,-30,
-3,-28,
-97,19,
-140,-5,
-111,-63,
45,-24,
0,-32,
11,-24,
33,13,
12,37,
-14,43,
1,-24,
8,-15,
33,-7,
-21,-5,
-53,6,
-52,49,
38,42,
46,22,
85,87,
17,24,
-9,-35,
-11,23,
52,72,
34,-16,
-35,-52,
-10,-60,
38,12,
20,47,
17,-21,
-2,-83,
-33,-63,
31,11,
64,33,
30,99,
-45,96,
-12,45,
69,-3,
108,29,
10,26,
-16,-20,
90,-6,
118,48,
-24,6,
-15,-35,
-30,-34,
-9,-27,
-17,-9,
29,-35,
13,-33,
-39,-21,
90,-23,
19,33,
-1,-8,
9,-26,
49,27,
29,29,
-22,-19,
-27,-73,
-5,20,
1,4,
38,6,
12,22,
-9,-35,
46,10,
58,39,
17,3,
-22,-88,
-28,-58,
-45,-15,
28,18,
-4,19,
-63,43,
-30,32,
12,-11,
50,40,
3,91,
-41,118,
-16,58,
-22,-2,
22,-19,
39,13,
0,40,
21,27,
25,-29,
0,28,
-59,52,
-35,-7,
-12,-34,
17,22,
15,14,
32,0,
31,-37,
26,-20,
105,29,
33,3,
40,39,
-54,-10,
-33,-46,
17,-32,
-24,-31,
-26,-23,
2,-53,
-24,-1,
-2,22,
58,-43,
64,-50,
-1,-68,
-18,-15,
32,-46,
-13,-60,
62,-27,
55,6,
-6,-12,
34,-2,
-42,77,
48,42,
-23,5,
1,1,
-8,-61,
-12,-36,
-16,76,
-1,51,
-27,65,
-5,31,
9,31,
80,68,
56,67,
7,-27,
13,21,
-60,51,
13,-51,
59,-30,
18,78,
-44,96,
-19,50,
-62,25,
20,-49,
0,6,
39,19,
20,32,
11,54,
-32,-80,
-8,-25,
-39,-14,
-34,4,
-45,26,
-95,-16,
-39,-70,
-13,-44,
5,-34,
46,-53,
46,33,
535,-131,
2970,-744,
7223,-1332,
7896,-640,
7587,1062,
1984,2571,
-1707,1925,
-1134,152,
650,-1258,
2149,-2135,
2989,-1665,
2794,-337,
1486,544,
250,470,
-333,141,
-454,33,
-825,142,
-1229,167,
-469,-39,
-29,-8,
84,-141,
16,-416,
-116,-517,
-304,-228,
-401,25,
-365,298,
-104,252,
18,109,
-227,29,
-368,37,
-333,151,
-219,143,
-152,61,
-159,5,
-7,28,
37,29,
-29,131,
-143,126,
-325,201,
-400,153,
-345,111,
-218,72,
-149,-2,
-162,-80,
-108,-11,
-171,22,
-246,101,
-223,162,
-134,101,
25,8,
36,-162,
27,-127,
14,-58,
-89,35,
-88,53,
-56,-44,
-10,-6,
53,45,
83,30,
-6,61,
-96,23,
-215,-29,
-275,-57,
-197,-74,
-163,8,
-79,-42,
-47,8,
5,-46,
-85,-70,
-161,11,
-123,109,
-105,25,
-68,-79,
-129,-138,
-108,-175,
3,-134,
-3,-98,
2,32,
-36,77,
-5,91,
-35,-8,
-166,-75,
-107,36,
-25,113,
-96,142,
-213,-28,
-142,-92,
-11,-76,
0,-18,
-109,-13,
-47,1,
-43,56,
-74,80,
-61,-4,
-29,11,
-31,-16,
-88,38,
-114,25,
3,36,
21,46,
-12,50,
-166,-35,
-118,-5,
-82,24,
-48,39,
-23,37,
-77,34,
-149,47,
-130,2,
-135,-4,
-120,1,
-142,18,
-132,8,
-100,-5,
-77,19,
-35,-6,
-66,31,
-15,38,
-46,79,
-97,61,
-56,24,
-50,42,
-163,49,
-118,51,
-123,22,
-105,-22,
-110,24,
-51,-6,
-64,53,
-100,-45,
-7,15,
1,-26,
-81,1,
-162,-30,
-46,-24,
-65,1,
-143,7,
-130,10,
-133,28,
-177,-4,
-110,-5,
-80,29,
-9,30,
-53,39,
-49,24,
-64,-5,
-53,33,
-52,53,
-56,36,
-53,-12,
12,29,
-35,-35,
-139,-10,
-77,-44,
-57,7,
-107,-53,
-72,19,
-127,-14,
-88,-12,
-35,-19,
-46,-33,
-103,32,
00>
_________________________________
00>
00>
Printing STS1 CIR
00>
00>
_________________________________
00>
5,84,
0,92,
39,41,
-16,13,
57,83,
3,78,
40,58,
-11,-17,
52,-31,
22,-17,
-39,8,
-15,58,
4,17,
24,24,
-27,-12,
0,-22,
76,46,
45,80,
29,90,
6,52,
47,-29,
15,38,
-20,48,
-22,63,
-45,-36,
71,0,
47,6,
-30,51,
-20,9,
18,46,
-4,66,
-30,-44,
-98,-61,
-53,-17,
8,-20,
-8,12,
6,3,
11,25,
-52,-7,
5,31,
43,-35,
65,28,
32,44,
-71,31,
-39,-11,
41,-24,
44,-19,
2,63,
39,40,
26,-15,
-24,53,
24,70,
14,9,
31,-47,
-5,44,
2,25,
-11,-73,
-26,-55,
-37,-25,
-11,49,
8,33,
-26,20,
-22,46,
-9,58,
43,90,
33,48,
18,10,
-50,43,
35,48,
9,60,
27,35,
3,-23,
-10,-9,
-68,25,
-23,-1,
69,9,
48,-56,
84,46,
24,1,
35,-28,
39,16,
16,13,
8,-38,
17,-43,
-36,76,
8,12,
-79,26,
-18,-10,
44,45,
53,64,
-8,25,
29,-19,
19,37,
3,26,
12,6,
26,41,
49,22,
64,14,
33,71,
3,38,
-34,8,
-68,4,
5,-22,
47,60,
29,84,
28,-17,
80,28,
-1,-14,
13,34,
-15,19,
-48,28,
-40,-40,
21,20,
49,16,
35,24,
12,44,
0,23,
75,-37,
48,-10,
3,10,
38,-19,
24,4,
24,-59,
-60,65,
-25,-8,
9,14,
54,23,
81,4,
14,21,
24,-2,
8,25,
3,-2,
22,-35,
-4,63,
7,-44,
56,-36,
44,-32,
-62,56,
-55,50,
-21,-33,
39,14,
32,82,
12,47,
-73,16,
-3,-5,
-56,-21,
-14,-9,
15,2,
-25,52,
-18,16,
66,18,
22,-12,
-4,0,
-100,29,
-101,59,
7,-14,
23,-13,
33,26,
38,-12,
42,33,
48,46,
101,71,
101,18,
-19,-32,
44,-49,
8,12,
16,37,
-52,-9,
-48,22,
12,-80,
11,18,
56,10,
-2,13,
40,-8,
47,24,
-13,-3,
-59,-22,
-27,-4,
6,16,
35,2,
-3,9,
25,10,
67,0,
70,6,
-29,1,
8,-31,
8,21,
0,40,
37,45,
34,20,
-17,41,
-33,29,
8,20,
43,-2,
57,0,
23,34,
83,-33,
30,-29,
-22,-12,
-47,64,
-39,-26,
63,0,
29,-31,
-1,-23,
29,-9,
32,7,
44,-6,
82,-81,
10,34,
3,83,
10,59,
27,32,
7,-15,
6,-12,
-10,39,
10,-4,
60,-44,
60,5,
26,35,
20,37,
-48,18,
32,-24,
9,0,
-5,68,
7,33,
-11,10,
40,62,
11,79,
60,29,
72,15,
32,3,
-10,-3,
49,8,
17,-6,
47,-13,
21,32,
15,16,
55,55,
11,56,
-22,40,
48,35,
78,-24,
117,-4,
40,-2,
-63,24,
-44,12,
-41,0,
-53,-6,
-51,-65,
-38,-38,
37,-26,
45,-11,
8,-26,
3,14,
-42,37,
-66,31,
4,17,
8,-15,
-17,-62,
41,-41,
51,8,
12,27,
55,-1,
9,3,
-7,40,
20,-16,
43,22,
-1,-12,
17,-31,
55,14,
9,76,
13,48,
9,15,
12,15,
-13,-45,
8,-51,
35,-7,
18,-5,
33,25,
40,-17,
24,-33,
98,8,
10,-13,
-27,-8,
-3,35,
-10,43,
2,47,
30,15,
37,19,
23,30,
40,33,
13,-3,
-10,-19,
-53,-7,
-27,-5,
-9,43,
-14,85,
-20,83,
-104,8,
-4,18,
31,27,
63,-16,
14,42,
-37,-31,
-17,-36,
43,-24,
69,31,
28,53,
-47,6,
-52,36,
-23,29,
-14,53,
5,-36,
0,-15,
-19,1,
-11,13,
2,-40,
-15,24,
-11,-31,
3,-88,
1,-49,
-7,-27,
-26,-19,
-25,-38,
-61,-14,
-40,76,
-38,25,
-58,7,
-13,8,
-11,-37,
12,54,
-47,-12,
5,36,
-50,40,
-14,85,
-7,-11,
-6,-19,
0,-30,
19,-18,
8,58,
62,52,
33,100,
16,10,
35,9,
4,-11,
-30,45,
2,16,
-17,38,
-77,-30,
-28,-18,
275,-582,
1969,-3343,
4844,-6527,
5743,-6569,
5814,-5188,
1686,38,
-1134,2014,
-1159,633,
-589,-260,
-738,713,
-1402,1962,
-1575,1664,
-1064,488,
-379,-133,
195,-3,
431,446,
596,731,
594,616,
218,104,
-115,-152,
-154,-485,
90,-520,
-34,-418,
-233,58,
-300,435,
-265,600,
-230,444,
-37,152,
186,-89,
103,-198,
23,-87,
-141,217,
-246,342,
-196,170,
-49,-15,
9,-10,
-23,111,
-236,156,
-361,102,
-383,-36,
-244,-96,
-67,19,
66,219,
98,274,
-1,260,
-25,151,
-12,45,
135,-14,
164,-64,
72,-206,
-212,-188,
-119,-83,
-150,44,
-167,142,
-59,44,
-37,24,
39,23,
14,20,
-25,134,
-41,150,
15,78,
-21,74,
-101,64,
-141,35,
-153,42,
-28,52,
-19,22,
-59,-23,
-112,-75,
-165,21,
-185,172,
6,159,
54,122,
127,19,
76,-96,
41,-7,
108,39,
73,73,
34,111,
46,155,
43,165,
21,98,
-77,38,
-23,50,
-47,41,
-89,33,
11,32,
-38,23,
-50,49,
-67,33,
-103,96,
-44,98,
-76,47,
-24,80,
24,-27,
-27,-23,
-40,-11,
-83,56,
-5,48,
70,63,
38,58,
-18,60,
-50,20,
-53,67,
2,102,
-27,76,
-22,38,
-46,-18,
-148,42,
-91,35,
7,60,
5,134,
-32,126,
-6,105,
14,63,
23,-9,
30,77,
-56,69,
-6,109,
-17,101,
-11,-8,
8,51,
-79,122,
-78,129,
-60,37,
-16,-5,
-11,-59,
-35,-19,
14,30,
-17,58,
-1,92,
25,71,
-38,70,
-164,61,
-48,56,
-12,138,
-7,118,
-38,29,
-30,-1,
-61,27,
-99,-31,
-48,8,
-19,10,
-63,63,
-84,106,
-74,34,
-43,81,
9,39,
19,-24,
41,37,
-36,-22,
-80,64,
-39,55,
-15,42,
-40,49,
-62,17,
-28,19,
-63,93,
-40,83,
10,48,
-50,54,
-79,8,
00>
_________________________________
00>
RX Timestamp: 249993550204
00>
Clock Offset: 1346.397 Hz, -0.169 ppm
00>
RX Timestamp: 251069466257
00>
Clock Offset: 1037.693 Hz, -0.130 ppm
00>
_________________________________
Sequence Number: 132
00>
00>
Printing STS0 CIR
00>
00>
_________________________________
00>
-49,-35,
-54,-61,
-7,-24,
34,25,
-52,2,
2,-27,
55,-37,
6,28,
85,88,
20,136,
3,-2,
55,6,
-1,17,
3,-1,
18,43,
57,-9,
19,-25,
16,6,
-18,-36,
-19,-36,
42,21,
27,62,
-63,57,
-119,0,
-52,14,
13,-73,
-65,-45,
6,-30,
30,-68,
57,-23,
15,41,
28,3,
36,35,
-33,12,
-62,-27,
39,27,
85,-29,
58,28,
-7,28,
88,5,
76,-8,
2,52,
-47,30,
36,17,
-37,-25,
-14,-23,
-5,81,
-6,55,
-23,26,
-30,18,
43,20,
-63,54,
-127,44,
-33,27,
22,-29,
38,52,
59,24,
-25,85,
-91,-44,
-9,-76,
38,81,
78,58,
37,16,
12,3,
-25,36,
-52,53,
-37,18,
-5,20,
-39,-10,
107,21,
70,29,
5,-2,
-4,50,
-52,66,
-55,29,
20,-18,
49,30,
16,21,
46,10,
-6,16,
-4,-53,
-37,-7,
-18,-7,
32,26,
101,54,
73,28,
-32,-7,
-101,13,
1,-49,
27,-105,
39,-51,
15,25,
2,47,
-69,-5,
28,27,
138,13,
56,-50,
-44,7,
-56,-2,
38,-32,
28,7,
-76,50,
-2,75,
14,-29,
0,-30,
-12,-27,
58,-14,
8,-28,
-46,5,
46,-13,
46,-4,
2,77,
-6,63,
7,-15,
41,4,
91,-52,
10,-23,
38,40,
19,84,
1,78,
22,-12,
-50,-18,
-45,-114,
11,-29,
17,5,
-41,30,
33,45,
44,-3,
14,38,
-15,65,
-69,5,
42,-52,
19,-19,
-17,-3,
-4,67,
-30,-13,
51,-56,
57,-58,
43,49,
21,54,
-58,62,
-21,32,
-29,-76,
80,-45,
82,3,
-20,27,
50,76,
58,40,
-2,76,
-18,-1,
-66,-8,
13,-47,
24,-77,
-35,29,
24,14,
-34,-2,
-37,-3,
-84,-35,
-24,-40,
38,31,
66,12,
-23,-26,
-65,32,
23,73,
51,40,
-2,18,
70,-50,
94,4,
71,8,
43,-68,
-35,-80,
-44,-28,
-55,42,
-73,18,
-74,-78,
-31,-53,
27,16,
16,60,
22,27,
-18,22,
-83,7,
-84,19,
-92,30,
-68,70,
-27,80,
-12,-14,
-2,-40,
-7,-16,
-26,22,
-1,46,
9,57,
51,-13,
12,15,
26,-64,
8,-72,
55,-12,
34,-31,
-7,-43,
-26,-23,
-37,-25,
25,-6,
7,2,
41,-6,
70,-41,
91,-21,
9,39,
-52,40,
18,66,
37,-17,
23,-12,
-51,8,
-37,-12,
-12,-12,
-66,-48,
-16,18,
-25,75,
35,67,
2,48,
1,10,
-7,4,
144,37,
132,73,
34,83,
18,44,
-19,4,
0,-18,
93,1,
99,-55,
52,-32,
-1,14,
48,-5,
15,-12,
-33,14,
-44,-63,
1,15,
43,-36,
59,63,
52,55,
23,-60,
19,-87,
104,-72,
33,-55,
53,18,
81,-5,
24,42,
37,14,
21,60,
1,48,
-3,4,
7,9,
60,50,
-24,26,
-65,58,
-37,64,
5,37,
-17,-54,
-23,-8,
58,45,
-48,54,
8,10,
3,4,
-3,73,
17,27,
40,-26,
63,68,
109,41,
62,-1,
24,-31,
54,-25,
35,29,
59,18,
28,86,
65,9,
60,50,
32,1,
49,27,
35,69,
41,141,
11,83,
66,-4,
77,36,
45,81,
-44,66,
34,16,
49,-21,
71,-43,
47,-6,
63,19,
66,-55,
38,-38,
57,67,
-3,44,
-34,15,
15,57,
-1,53,
16,40,
62,17,
32,30,
26,16,
5,-26,
-39,-3,
-16,-72,
49,-98,
37,-28,
-42,45,
-30,58,
-41,20,
10,-68,
-28,8,
38,-51,
6,27,
49,43,
83,45,
38,8,
-46,-1,
-52,14,
-32,-53,
-28,-40,
2,-79,
24,-11,
4,8,
47,-13,
25,-81,
-27,-47,
-43,-25,
22,-19,
49,-21,
105,13,
24,-15,
3,22,
-35,35,
-25,-40,
50,-79,
127,-24,
41,45,
28,-17,
0,13,
17,-28,
-1,-47,
-1,67,
14,78,
25,43,
84,-26,
11,-19,
12,4,
-46,45,
-58,29,
-9,-34,
-38,-71,
63,-98,
49,-29,
-66,-5,
-77,39,
-26,25,
-19,-76,
-48,-42,
-467,-478,
-1465,-2219,
-2164,-4874,
-1388,-5637,
623,-2959,
1833,519,
1385,1484,
168,1062,
-709,1428,
-1896,2348,
-3254,1925,
-3277,266,
-1530,-720,
30,-521,
419,-117,
171,-201,
41,-458,
148,-475,
265,-172,
149,9,
-39,103,
-134,37,
-80,-32,
32,151,
59,181,
-9,115,
-3,11,
-90,-22,
-189,-267,
-193,-317,
-152,-226,
-39,-95,
103,88,
136,118,
93,-1,
113,-117,
151,-108,
165,-58,
106,62,
-92,-20,
-150,9,
-162,153,
30,215,
27,175,
-52,201,
-83,122,
-48,53,
-16,-59,
68,-102,
9,-98,
-35,-77,
59,67,
21,42,
27,59,
91,154,
103,196,
89,174,
18,172,
-50,239,
-90,261,
-37,132,
-26,73,
85,91,
50,136,
57,117,
136,39,
112,17,
176,-17,
137,176,
42,162,
74,171,
52,3,
14,-85,
31,-110,
93,-76,
207,-49,
248,18,
293,37,
311,54,
163,51,
58,-2,
54,-47,
-32,-31,
16,-1,
-7,16,
24,-38,
60,-83,
52,-17,
67,26,
103,-21,
96,-8,
70,36,
151,69,
59,90,
68,54,
22,32,
96,-17,
117,-7,
125,42,
-11,-3,
-4,-20,
-12,28,
-27,33,
43,71,
58,49,
103,-12,
139,-37,
97,-41,
34,-5,
49,42,
61,70,
50,135,
15,36,
14,93,
38,50,
59,25,
80,19,
6,98,
37,48,
58,56,
58,5,
21,105,
-3,122,
-9,59,
30,-17,
44,13,
56,-25,
-65,-4,
7,56,
-51,82,
54,121,
84,26,
23,67,
31,62,
68,58,
11,56,
-5,73,
35,77,
11,-18,
97,-41,
35,-67,
-57,15,
-9,37,
55,53,
69,9,
-29,-29,
-51,-31,
-39,-39,
7,2,
21,0,
39,9,
108,-71,
39,-41,
-1,-20,
87,48,
94,-7,
00>
_________________________________
00>
00>
Printing STS1 CIR
00>
00>
_________________________________
00>
35,12,
-71,-42,
-19,-39,
30,-61,
23,-22,
36,-10,
-34,-18,
-39,-31,
-18,-24,
-76,-42,
29,-13,
36,60,
12,44,
23,27,
-27,6,
-58,125,
-90,78,
-29,58,
70,38,
5,17,
-63,-50,
-103,-40,
-57,35,
-48,-20,
10,1,
0,125,
-7,113,
-34,39,
-66,35,
1,19,
33,11,
-7,-58,
-28,11,
47,50,
21,30,
10,-2,
7,68,
-62,56,
-31,14,
-14,36,
79,-9,
81,35,
50,41,
-16,-28,
33,-23,
39,-37,
-39,25,
30,-10,
-14,30,
15,40,
-28,9,
57,28,
12,43,
-11,96,
-59,42,
-128,26,
-67,9,
36,70,
27,-87,
20,-12,
-23,43,
-12,48,
-35,-21,
2,-23,
47,-64,
25,-17,
-13,-16,
-36,15,
-47,-8,
22,-46,
65,-80,
123,-37,
67,-47,
69,-15,
57,-50,
26,-131,
-3,-134,
17,-53,
19,30,
-13,56,
-16,58,
-19,-12,
-55,-32,
14,4,
44,100,
33,68,
-6,9,
40,39,
14,28,
13,-14,
-10,-89,
-21,11,
67,4,
23,55,
-12,17,
11,3,
17,59,
-22,60,
13,0,
-21,-26,
46,35,
45,54,
-14,14,
27,29,
19,11,
-16,-8,
-39,-38,
-10,8,
12,73,
25,57,
26,71,
47,58,
-17,36,
20,9,
47,3,
8,-76,
54,60,
25,106,
-24,99,
-11,-50,
5,-19,
77,-79,
40,-35,
13,-28,
-4,-4,
35,31,
-20,49,
-20,19,
-34,18,
-19,2,
-18,-46,
-13,-71,
-10,-65,
16,-16,
-51,-53,
12,28,
-3,12,
39,-4,
-32,38,
45,-13,
22,-3,
20,-47,
44,-20,
68,-57,
99,18,
-16,70,
-68,94,
-22,-1,
24,-57,
-2,40,
-49,60,
-72,53,
-23,17,
-70,-38,
-22,-51,
28,-6,
58,10,
70,-46,
-35,-7,
-57,43,
17,65,
48,16,
68,-1,
125,42,
12,43,
43,0,
34,-66,
14,-33,
-11,47,
-52,62,
20,9,
84,24,
49,9,
36,-72,
-19,-7,
-10,33,
56,23,
4,32,
-8,67,
15,51,
10,23,
25,52,
45,61,
16,17,
25,23,
6,84,
-40,8,
18,-53,
57,50,
62,38,
49,24,
-33,69,
-39,5,
-47,-61,
24,-15,
12,-32,
32,-34,
58,-42,
150,-24,
77,-59,
53,-33,
18,-7,
125,16,
68,21,
12,-10,
1,75,
48,48,
48,26,
39,-9,
-11,2,
-12,3,
21,16,
41,-13,
47,-55,
-12,-32,
-10,3,
3,90,
30,21,
111,25,
13,-14,
59,-16,
34,36,
7,-42,
72,-31,
42,-47,
45,7,
38,-4,
13,-17,
-4,46,
39,61,
5,91,
-61,26,
-39,48,
-31,6,
-1,14,
1,25,
-27,34,
-32,26,
-32,-55,
-85,-11,
-68,13,
-11,24,
35,-30,
-17,12,
4,20,
-60,29,
-12,-17,
-15,-84,
23,-82,
81,-52,
65,-40,
-1,45,
20,12,
5,-5,
-2,-10,
36,-23,
74,16,
32,40,
9,-28,
-23,-67,
25,-4,
29,30,
21,0,
63,-11,
96,20,
11,18,
21,-98,
60,-21,
19,24,
58,47,
0,8,
-11,64,
-18,27,
54,13,
85,-15,
-21,27,
-36,58,
-73,-17,
-62,51,
30,-9,
54,-11,
29,-17,
32,-24,
29,-71,
3,-118,
62,-81,
6,-16,
-40,39,
45,90,
24,42,
27,-33,
-33,-2,
7,3,
78,-65,
69,-48,
-18,-14,
-45,47,
-5,52,
15,58,
84,-40,
114,3,
58,16,
40,-8,
-6,-30,
17,30,
3,74,
71,20,
46,-72,
69,-91,
42,-60,
-28,24,
-10,-9,
-30,-10,
33,-1,
31,92,
103,49,
25,9,
42,27,
-45,-1,
-39,-25,
39,-69,
66,-42,
128,-39,
89,23,
52,17,
20,46,
13,45,
26,2,
55,15,
58,-21,
34,3,
19,43,
-34,-24,
16,-45,
1,-74,
-20,17,
-46,-7,
-28,16,
13,10,
-44,84,
-17,5,
21,2,
38,4,
98,61,
81,67,
-25,-39,
66,-86,
56,0,
55,58,
26,69,
55,-37,
84,-11,
69,6,
25,57,
78,69,
-42,42,
-696,-197,
-2673,-1154,
-4822,-2696,
-4635,-3345,
-1499,-2025,
1435,-166,
1815,517,
412,-19,
-498,-711,
-122,-1455,
797,-1773,
1150,-1185,
742,-359,
94,143,
-106,106,
-136,58,
-267,283,
-360,475,
-162,346,
160,62,
228,-59,
103,2,
-49,58,
9,147,
89,183,
3,265,
-36,202,
-32,193,
-8,173,
-41,322,
54,336,
58,203,
42,141,
8,140,
65,76,
53,-21,
-12,-30,
-4,114,
50,214,
195,290,
194,184,
178,158,
95,154,
47,119,
101,115,
45,51,
102,46,
173,112,
101,133,
-20,123,
-54,76,
-71,84,
82,48,
75,1,
109,-12,
150,8,
145,-69,
90,-40,
65,88,
40,-22,
53,-122,
61,-10,
90,111,
33,244,
61,205,
86,156,
47,71,
-37,68,
-103,45,
-9,110,
34,157,
-68,113,
36,25,
112,-45,
175,58,
252,122,
216,90,
216,56,
209,27,
26,39,
35,77,
124,-24,
153,-15,
113,35,
55,31,
11,79,
57,20,
19,17,
-48,-69,
-40,-127,
-15,-99,
79,-64,
128,-86,
121,-57,
40,29,
37,43,
46,-9,
94,40,
40,33,
-56,38,
72,33,
78,-22,
71,43,
23,5,
-2,-76,
124,-58,
94,1,
21,21,
-3,65,
-52,82,
-58,92,
36,41,
6,17,
-64,-1,
-34,33,
-4,30,
61,88,
88,32,
23,84,
-12,30,
2,58,
70,94,
65,110,
25,100,
32,72,
-6,56,
43,39,
60,0,
1,9,
50,10,
15,48,
70,83,
29,32,
-50,20,
-88,76,
27,15,
66,-35,
60,-67,
0,27,
0,12,
92,11,
87,6,
36,-48,
-17,-44,
-2,-11,
-13,12,
6,67,
46,79,
18,60,
14,11,
56,-69,
110,-33,
38,-4,
10,4,
24,-26,
25,29,
00>
_________________________________
00>
_________________________________
Sequence Number: 135
00>
00>
Printing STS0 CIR
00>
00>
_________________________________
00>
-31,-52,
-33,55,
38,-34,
6,-28,
-26,-7,
42,-37,
24,28,
25,-37,
-1,22,
-17,-28,
-18,30,
45,-29,
6,-12,
29,-68,
45,15,
-40,33,
-77,-11,
-41,-35,
76,21,
50,11,
32,-13,
-39,36,
-31,-35,
43,14,
83,-18,
77,21,
8,40,
-29,-49,
22,55,
-3,95,
-14,45,
-31,-21,
68,18,
25,12,
59,26,
79,16,
58,67,
-60,66,
-25,44,
30,13,
-9,-82,
0,-40,
89,85,
40,67,
33,13,
-20,40,
-69,39,
2,43,
48,14,
-3,-30,
-28,46,
18,41,
32,13,
55,-89,
-20,-4,
13,-44,
-26,2,
-49,-31,
-49,8,
-66,7,
-18,-14,
-29,54,
-61,77,
1,23,
22,-21,
49,18,
30,5,
-1,52,
43,51,
53,-21,
22,12,
-86,-13,
-18,10,
-5,-24,
28,-45,
45,-36,
36,57,
67,-11,
-18,-15,
27,-39,
-34,40,
24,25,
49,-7,
60,8,
38,-28,
91,-23,
27,37,
-14,62,
-3,33,
-7,67,
-2,-28,
-18,9,
1,58,
-32,-51,
10,-51,
-39,11,
-2,73,
-19,36,
-56,-25,
-19,-44,
-7,-45,
-50,-7,
-33,17,
36,70,
26,47,
-51,12,
-45,64,
17,-8,
-9,-32,
7,-42,
26,-6,
2,-39,
37,-66,
-1,-42,
3,40,
33,54,
20,37,
9,5,
-12,-48,
-54,30,
-24,-8,
-24,-18,
19,-72,
44,-14,
7,8,
-36,-17,
-25,-50,
3,-62,
10,12,
-39,75,
26,64,
19,-28,
-1,-52,
3,27,
-56,37,
-57,9,
32,0,
63,-61,
30,-21,
-30,6,
-11,-2,
63,30,
88,60,
105,47,
-55,44,
-14,21,
60,44,
24,88,
19,48,
35,68,
-14,97,
57,74,
-23,-17,
15,-57,
4,-40,
60,-16,
43,42,
25,32,
1,32,
-51,9,
6,60,
-6,66,
1,34,
29,-17,
-37,-16,
49,6,
-11,-30,
-71,-27,
7,24,
16,34,
-17,18,
-115,-1,
-89,44,
-50,25,
-25,91,
80,26,
24,-22,
0,27,
-2,44,
49,49,
47,23,
39,78,
48,47,
23,44,
-15,10,
-19,-13,
14,-9,
54,23,
19,10,
-27,36,
-26,7,
46,-12,
36,37,
-7,13,
-33,-13,
-15,1,
-13,-33,
-17,29,
8,74,
-19,12,
-24,-9,
31,-53,
0,-8,
-35,55,
36,62,
24,-20,
9,-48,
6,64,
-48,76,
5,70,
-34,26,
-28,-41,
-12,-25,
22,-3,
-3,34,
-54,16,
46,54,
12,-22,
40,30,
58,10,
3,-18,
-5,19,
1,-31,
0,-21,
-70,-27,
-19,8,
93,23,
87,80,
93,69,
-22,72,
-41,26,
-56,-6,
37,-50,
49,-34,
11,-74,
-1,74,
38,114,
77,-11,
68,-23,
39,-34,
-13,4,
-12,-58,
-20,63,
44,99,
41,77,
41,27,
37,-77,
55,-17,
-28,-9,
-72,117,
-66,27,
-83,50,
15,46,
38,-38,
0,-59,
-6,-55,
25,-49,
42,-42,
57,35,
44,7,
44,-23,
33,30,
12,-6,
-1,-45,
-24,-43,
-9,-27,
44,-7,
-14,27,
-32,92,
-30,55,
-2,47,
12,34,
36,43,
28,37,
46,-3,
24,15,
-6,-24,
49,29,
30,61,
-62,71,
-19,19,
-3,14,
19,7,
15,8,
57,58,
12,21,
-93,22,
-28,68,
-15,62,
-56,85,
-73,-67,
-59,-64,
-2,-40,
20,-7,
80,27,
71,-23,
39,41,
-50,-34,
-79,-11,
33,46,
47,14,
14,0,
-27,-17,
46,40,
18,89,
-31,43,
-90,1,
-58,-46,
-45,-36,
-69,-16,
-41,-11,
13,-9,
31,54,
16,20,
-2,-35,
-70,63,
-87,-4,
-46,-39,
3,-14,
93,31,
60,104,
-40,89,
-70,28,
-57,39,
-26,-15,
-4,-23,
67,-15,
21,-4,
-50,43,
-48,-77,
-53,-17,
-10,70,
-44,49,
-28,-39,
9,-81,
2,5,
-3,-32,
43,-39,
57,-76,
-9,5,
1,44,
15,10,
18,-36,
54,-19,
17,-1,
-25,58,
-36,37,
-1,-66,
-5,-94,
28,24,
-8,-8,
-11,-7,
-46,223,
-705,1795,
-2866,5687,
-4629,7050,
-5911,5894,
-5223,1591,
-1466,-2330,
637,-1646,
1041,877,
764,2918,
-210,3578,
-1480,2818,
-1753,1169,
-910,66,
5,-196,
284,-339,
312,-605,
551,-985,
562,-721,
51,-72,
80,72,
212,238,
410,310,
429,2,
289,-323,
77,-477,
-102,-306,
-151,-48,
47,-120,
251,-300,
145,-323,
-21,-318,
-100,-197,
9,-107,
111,-45,
-38,-23,
-84,-96,
-166,-290,
-11,-348,
86,-413,
146,-334,
69,-280,
55,-141,
119,-70,
188,-80,
129,-168,
82,-259,
46,-292,
48,-129,
51,-38,
43,43,
10,16,
-1,30,
101,-45,
135,-108,
72,-66,
94,-62,
6,-20,
55,77,
-15,32,
22,-66,
107,-125,
120,-141,
166,-84,
155,-56,
46,-32,
67,-65,
101,29,
147,79,
241,-72,
101,-202,
87,-137,
17,-8,
131,76,
183,142,
201,107,
89,59,
-33,28,
-54,-57,
-12,-43,
71,-26,
185,-42,
154,-51,
-44,-18,
-38,-60,
104,-18,
199,-18,
133,-27,
58,-14,
63,-18,
136,-71,
104,-44,
54,-45,
9,63,
93,66,
64,-9,
35,-64,
23,-133,
46,-80,
-16,6,
46,-8,
111,-26,
42,-45,
12,-67,
27,-119,
92,-97,
61,-58,
97,-143,
116,-99,
72,-90,
23,-50,
80,39,
78,-5,
32,-81,
43,-94,
4,-23,
29,-41,
9,-17,
-5,-90,
-9,-51,
83,-127,
127,-132,
29,-147,
32,-149,
55,-131,
37,-39,
45,48,
83,60,
74,-148,
26,-198,
0,-101,
-39,-61,
-14,-41,
45,-76,
-6,-85,
97,8,
118,1,
86,-38,
132,-1,
83,-60,
31,-97,
92,-71,
70,-61,
124,-4,
73,-30,
90,-92,
-2,-99,
44,-29,
29,-25,
76,-89,
96,18,
93,-15,
42,-39,
55,-40,
74,-89,
115,-84,
90,-46,
20,-79,
57,-53,
66,-25,
00>
_________________________________
00>
00>
Printing STS1 CIR
00>
00>
_________________________________
00>
44,8,
15,-10,
-13,22,
-6,43,
-50,41,
-38,36,
44,-16,
24,-32,
-16,-14,
37,-43,
26,-51,
11,-77,
-17,3,
-39,-20,
-66,31,
-15,-5,
32,31,
44,-11,
-36,-28,
-7,38,
33,60,
49,64,
-35,54,
-29,56,
-47,47,
-30,19,
-25,21,
20,-16,
-1,1,
-47,59,
-72,95,
44,69,
15,-12,
17,-54,
10,41,
33,-10,
21,14,
16,15,
-18,8,
-52,61,
-32,30,
-8,48,
8,19,
-34,-20,
12,-24,
16,-11,
9,38,
-4,15,
-7,40,
-57,32,
-39,24,
-9,69,
-8,41,
78,38,
49,59,
-5,23,
-51,33,
23,-47,
-25,-55,
-40,-75,
-20,59,
5,43,
5,35,
-2,45,
-47,60,
-58,-6,
-12,17,
58,53,
22,41,
-6,90,
23,44,
27,41,
73,-14,
45,42,
-16,10,
2,67,
13,29,
34,-51,
50,-54,
-7,9,
31,81,
26,-28,
43,-106,
-1,-16,
-1,-21,
-32,-6,
-28,50,
-8,-31,
35,49,
18,-21,
44,44,
51,40,
-14,45,
-31,3,
8,-1,
51,2,
49,-4,
32,-11,
56,20,
29,24,
37,10,
31,6,
-17,32,
6,-66,
-14,-44,
10,-35,
-1,5,
44,-29,
-4,12,
-2,4,
32,6,
26,-17,
35,66,
17,48,
5,-30,
19,-19,
74,17,
40,22,
-30,48,
-7,89,
-41,55,
-2,36,
34,42,
12,13,
-7,0,
-22,12,
7,-17,
-31,0,
10,37,
45,15,
99,19,
61,35,
2,17,
-22,13,
-46,-20,
-35,10,
-8,12,
-24,-29,
-14,23,
14,-8,
43,41,
55,-15,
-11,-31,
-27,11,
39,58,
42,52,
21,37,
5,35,
9,9,
46,-15,
48,-21,
-10,5,
-28,39,
10,26,
12,14,
55,-14,
52,57,
28,77,
15,59,
17,19,
3,-23,
-18,33,
18,-4,
23,-28,
-12,47,
-19,-15,
16,-49,
80,-15,
-24,-22,
-75,0,
15,25,
3,-14,
-57,12,
4,-37,
-12,30,
37,9,
29,-32,
25,-26,
-35,18,
-26,-24,
-56,-21,
-13,8,
32,14,
32,-55,
13,-48,
7,-14,
-25,33,
16,-36,
5,7,
-36,9,
-31,-3,
-41,38,
-37,-19,
-31,24,
-20,42,
-1,29,
-55,9,
-89,8,
12,16,
-6,96,
2,47,
-22,15,
18,-53,
15,-18,
21,52,
28,40,
23,55,
-33,21,
-70,-4,
-10,-24,
5,10,
-20,55,
-19,20,
6,59,
7,10,
-36,-52,
-67,-2,
-57,9,
45,-52,
131,-39,
14,-44,
-46,7,
-104,-51,
-54,18,
26,49,
56,57,
11,5,
28,3,
18,21,
-2,29,
-20,38,
24,23,
-2,13,
12,-27,
-8,-77,
22,19,
46,64,
-22,62,
-25,3,
-26,-17,
21,19,
-44,8,
-94,6,
-41,13,
-76,3,
-69,-65,
20,-60,
20,-18,
49,-33,
12,-25,
8,5,
17,-25,
-11,-30,
25,31,
23,36,
-48,-7,
2,-23,
64,-51,
-39,-1,
-25,48,
-27,54,
7,87,
22,23,
40,0,
24,51,
21,41,
20,23,
-20,38,
3,56,
16,25,
111,8,
60,-42,
29,-24,
-43,7,
-38,-1,
72,-41,
52,4,
-37,-3,
-19,3,
-26,47,
26,17,
47,41,
11,16,
-7,-8,
14,-1,
21,1,
48,-42,
18,-10,
33,-49,
21,1,
15,-40,
-15,-23,
-13,-61,
36,5,
30,35,
19,-27,
20,-74,
11,-57,
34,-49,
28,-28,
0,-10,
3,36,
-5,23,
14,25,
-13,23,
8,-67,
74,-11,
128,-20,
86,13,
73,23,
-27,-12,
-49,-17,
-10,-35,
39,-1,
77,34,
-11,0,
-43,38,
-70,60,
26,38,
58,4,
62,-10,
38,50,
47,33,
113,41,
127,61,
76,22,
-16,24,
-37,74,
24,-25,
89,-33,
22,26,
47,12,
17,43,
4,24,
-19,-1,
17,-37,
81,-17,
80,56,
51,28,
35,-2,
45,-7,
-20,48,
-34,-4,
15,10,
0,35,
22,89,
-53,81,
-87,13,
-55,20,
-43,21,
-31,83,
-32,57,
122,354,
630,2455,
1599,6903,
1571,7943,
792,7995,
-316,3796,
-574,-1417,
18,-1948,
461,-631,
362,-780,
-74,-2191,
-144,-2800,
186,-1636,
358,-451,
167,175,
-437,208,
-924,102,
-1042,22,
-455,29,
120,-12,
369,68,
389,484,
332,333,
256,-96,
152,-519,
-78,-665,
-253,-508,
-265,-222,
-137,68,
-23,215,
46,147,
56,-92,
-12,-293,
-4,-386,
41,-68,
35,19,
-11,12,
22,-210,
171,-432,
343,-388,
277,-241,
100,-73,
-143,25,
-214,-7,
-188,-156,
-18,-153,
-41,-84,
-42,55,
-38,191,
97,268,
281,50,
242,-31,
201,-52,
-15,-141,
-99,7,
-15,45,
27,54,
10,-4,
-31,-44,
-92,-98,
-128,-107,
-54,-142,
-8,-101,
107,-115,
121,-118,
36,-42,
-2,48,
54,36,
191,-33,
226,-127,
55,-265,
-54,-154,
-133,-31,
-33,96,
18,101,
24,87,
-41,28,
-110,-3,
-185,6,
-194,-10,
-91,-106,
-75,-225,
18,-192,
-16,-52,
-33,-18,
-82,-47,
-118,-37,
-48,-86,
3,-66,
13,-62,
-45,-112,
-73,-143,
-31,-81,
-46,-43,
-57,-17,
8,-17,
56,-27,
11,-65,
-60,-33,
-69,-48,
-105,12,
-85,-17,
-94,-4,
0,-19,
12,-34,
-6,-39,
-7,-74,
-19,-62,
54,-61,
12,-21,
-28,6,
-81,7,
-64,-29,
-92,-53,
-31,-74,
-37,-32,
5,-19,
-77,-109,
-56,-140,
-26,-117,
-1,-41,
55,-33,
13,-82,
21,-67,
25,-59,
-7,-34,
-45,17,
-14,-51,
30,-70,
-47,-47,
-108,32,
-116,53,
-71,10,
-28,-69,
27,-133,
3,-115,
-35,-77,
31,-124,
65,-87,
91,-47,
59,-25,
48,0,
58,-16,
0,-28,
-8,-34,
-72,-52,
-27,-12,
67,-24,
40,-16,
2,7,
1,6,
16,-21,
-46,3,
-20,-24,
-54,-46,
-11,-25,
-30,-23,
-8,-5,
47,-52,
-19,-120,
00>
_________________________________
00>
RX Timestamp: 390369782245
00>
Clock Offset: 2752.304 Hz, -0.345 ppm
00>
RX Timestamp: 391445618947
00>
Clock Offset: 1089.764 Hz, -0.136 ppm
00>